User Name,Profile Link,Comment
"Batagama Arachchige Danushka Chathuranga","https://www.facebook.com/danushka.chathuranga.311","කවුරුවත් ජාති ආගම බෙද ඇති කරගන්න යන්න එපා...... අපි හැමෝම ආශ්‍රය කරනවනේ යාලුවෝ හිතවත් මිනිස්සු ඉන්නවා දෙමළ මුස්ලිම්.  .. මේක අපේ සිංහල රට කියන ආඩම්බරකම නැති කරගන්ඩ ඕනේ මුලින්ම ....මුස්ලිම් මිනිස්සු direct සිංහල අපිට බනිනවාද 🤔දෙමළ මිනිස්සු  direct සිංහල අපිට බනිනවද🤔.......සිංහල අපිම තමයි ඔය පජාත වැඩේ කරන්නේ  පොඩ්ඩ ඇත්නම්  දේශපාලන ප්‍රශ්න නිසා දෙමල මිනිස්සුන්ට කොටියා කොටියා කියනවා..  ... කියන්ඩ ඕනේ උන් හිටියා දැන් උන් නෑ...... අපේ රටේ හැමෝම එකයි එක තමයි නියම සිංහල කම.... මගේ දෙමල යාලුවෝ හිතවත් මිනිස්සු ඉන්නවා උන්ගේ මුණු කොහොමද අපි බලන්නේ උන්ගේ උන්ට බැනල..... මේ විකාරය නවත්තන්න ඕනේ කවදමහරි....... මට පුළුවන් දේ මම කරනවා..... චන්දේ ඉල්ලන්න නෙමෙයි මේ වැයම හරිද 👍...... රටේ පාලකයෝ හොඳ නැත්තම් මරු කරමු මුළු රටම එකතු වෙලා ඒක වෙනම කතවක්.... අපි කවුරුත් හොඳ මිනිස්සු නෙමෙයි.... අන්න ඒ ඇත්ත තේරුම් ගන්ඩලා.... බනින්. උන බැනපන් එච්චරයි 👍🙏❤️"
"Mohammed Niyas","https://www.facebook.com/mohammed.niyas.529949","Batagama Arachchige Danushka Chathuranga 💪😍💖💖👈"
"Sapna Shnaha","https://www.facebook.com/people/Sapna-Shnaha/pfbid02mnKShREvsaJAHZEJk4RgVwj8eCRemg25bLSS5bAYm2Ei1wEwP9PapFWfWXwwo17Rl","Batagama Arachchige Danushka Chathuranga tespet obata 🙏🙏🙏🙏🇱🇰🇱🇰🇱🇰🇱🇰🌹🌹🌹"
"Dillu Kumara","https://www.facebook.com/people/Dillu-Kumara/pfbid0tzV5VRP3CGZhkrE74Das5k9Xktm2CAh3syP6vdVHYLewwxW99mYHiiKjNi95BNvhl","Batagama Arachchige Danushka Chathuranga පල කුඩ්ඩා😂😂😂🤌"
"Garu Sinha","https://www.facebook.com/garu.sinha.2025","Batagama Arachchige Danushka Chathuranga පලයන් ලොන්ත පොන්න සිංහල බල්ලා යන්න.. රටෙි යටින් යන ප්‍රශින තෙපෙිට පෙන්නෙ නැ..රැල්ලට ජාතිය ආගම පාවල දෙන පෙොන් න සිංහලයො දැන් ඉන්නෙ ."
"Raju Prakash","https://www.facebook.com/raju.prakash.165","Batagama Arachchige Danushka Chathuranga 👍"
"Fazana Fazii","https://www.facebook.com/fazana.fazii","Batagama Arachchige Danushka Chathuranga Respect brother"
"Fazool Mohamed","https://www.facebook.com/fazool.mohamed.773","Batagama Arachchige Danushka Chathuranga ❤️"
"Roshan Sanjeewa","https://www.facebook.com/roshan.sanjeewa.3701779","Batagama Arachchige Danushka Chathuranga"
"Samel Mudalige","https://www.facebook.com/ari.arimudalige","Batagama Arachchige Danushka Chathuranga"
"මානව හිමිකම්","https://www.facebook.com/8u87jli94g","Batagama Arachchige Danushka Chathuranga"
"Arambage Arambage","https://www.facebook.com/arambage.arambage","Batagama Arachchige Danushka Chathuranga මූ කියන්නෙ ඒ උඹෙ බාප්පද ගොන් බිජ්ජෝ... ඔක්කොටම කලින් කතා කරන්න ඉගන ගනින්... මට නම් හිතෙන්නේම තෝ තම්බියෙක් කියලමයි... සිංහල නමකින් ඉන්න තම්බි @කෙක්...  කෝ උඹ දාලා තිබ්බද තිලීපන්ගෙ පිළිමෙ තිබ්බ එකට වීඩියෝවක්...???  කෝ උඹ දාලා තිබ්බද මුස්ලිම් මිනිස්සු 15ක් ජීවිතාන්තය දක්වා හිරේ ගිය එක හොඅයි කියල වීඩියෝවක්.. ?????? උතුරේ පංසල්වලට කර්න හානි ගැන??? උතුරේ සිංහල මිනිස්සුන්ට කරන අඩම්තේට්ටම් ගැන ????  ඒවත් දාපිය පරය..."
"Red Panther","https://www.facebook.com/people/Red-Panther/pfbid0UVZ1FkAU1x2sJCkBhetWjytYoW2kpnjMDZPZ6KnfjYgXaucttMPrC8gqGA4Yy94Sl","Batagama Arachchige Danushka Chathuranga Pala yanna koti wesige putha"
"Ruhul Fathima","https://www.facebook.com/people/Ruhul-Fathima/pfbid02Nxh775rT32NEsKuvHia8p6oD4UHSMrvb7WQs492PToUQyLeaBJkmZyszcJdDk7ZLl","Api Sri lankikayan.  Respect bro"
"අභිනීල දෙනුවන්","https://www.facebook.com/people/%E0%B6%85%E0%B6%B7%E0%B7%92%E0%B6%B1%E0%B7%93%E0%B6%BD-%E0%B6%AF%E0%B7%99%E0%B6%B1%E0%B7%94%E0%B7%80%E0%B6%B1%E0%B7%8A/pfbid0w9e5cuwrwgLZUHXB3FRq4tqjcvpD8rgsA2weGd6rAqqoxZi7bFTKHnZx32nXWowXl","Batagama Arachchige Danushka Chathuranga උන්  කෙලින්  බනින්  නෑ. යටින්  ගේම   දෙන්නේ.  පොඩ්ඩක්  ඉස්ලාම් ගැන  ඉගෙනගනින්  එතකොට  උඹටත්  තේරෙයි  උන්  ගේම  ගහන   අමුතුම  විදිහ."
"Pubudu Vithana","","Batagama Arachchige Danushka Chathuranga ubage muna dakkama penawa muslim ekekta kalawan wechcha ekek kiyala.. ubala wage un nisa thamai jathi bada athi wenne.."
"Malindu Dilshan","https://www.facebook.com/malindu.dilshan.9615","Batagama Arachchige Danushka Chathuranga සිහින සිතියම මේකද"
"Red Panther","https://www.facebook.com/people/Red-Panther/pfbid0UVZ1FkAU1x2sJCkBhetWjytYoW2kpnjMDZPZ6KnfjYgXaucttMPrC8gqGA4Yy94Sl","Pubudu Vithana muu komath kotint kade Yana kawalam ekek"
"G.A. Rohan","https://www.facebook.com/rohanprasanga","Batagama Arachchige Danushka Chathuranga අම්මගෙන් අහපං තොගේ තාත්ත ටම්බියෙක් අනිවාර්යයෙන් ඒකයි ඔයවගේ නිගන්ට අදහස් එන්නෙ"
"Subhadra Mehenin Wahansa","https://www.facebook.com/subhadra.mehenin.wahansa","Batagama Arachchige Danushka Chathuranga"
"Amanda Rashmika","https://www.facebook.com/amanda.rashmika.253619","Batagama Arachchige Danushka Chathuranga ජාති ආගම් බේද නෙවෙයි ගොන්.බූ වෝ..අමු අමුවේ සිංඅහලයට වෙන කෙනෙහෙලිකම් තොපිට පේන්නැද්ද.."
"Jayan TP","https://www.facebook.com/jayan.jayan.754","Batagama Arachchige Danushka Chathuranga pol buruwo kawuda jathibeda athi karanne kiyala balanna palayan uthuru nagenahira ta ethakota thota pennala dei mi harakata . Pansal kadala kovil hadanawa ,purawidya natabun doser karanawa ahe inne sinhala minissunts wagawats wathura tikak denne na, idam hora oppu hadala alla gannawa .anith set ekata wenama kanna bonna ,adinna ,wenama pasal ,wenama nithi one suksamawa sinhala gammana alla gannawa uba pakak kiyanawa jathi beda one ns kiyala ewa kiyapsn unta . Ubage konda pama nathi unats api kiyanawa meka sinhala rata kiyala kohomath wedi kal ahema kiyanna wenne na thopi wage kunu le thiyena apatha gothayo nisa .ubalawage ponnayanta kiuwoth kona kapaganin kiyala tho ekath karai ita passe sri lankika jayhiya kiyala eksk ns bangaladesh ,pakistan .indonesia wala wage inna puluwan toku kaka .. ubala wage unta eth ganak na kona kapa ganivi"
"Dematagolla Gedhara","https://www.facebook.com/dematagolla.gedhara","Batagama Arachchige Danushka Chathuranga eathamath niwerathy dhekma sathutuy"
"Udul Nishantha Perera","https://www.facebook.com/hasantha.perera.58","Batagama Arachchige Danushka Chathuranga උඹල සංහිඳියාව දාගෙන වැලලෙනකොට උන් උන්ගේ වැඩේ කරලා තොපේ දරුවන්ගේ තොංගලේ කපන දවසට ,,තොපේ වලවල් වලටත් හෙන ගහනවා ..ම්අන්න ඒක දන්නේ නැති මෝඩ සිංහල නමින් ඉන්න මෝඩ  උබලා වගේ උන් මේ රටට සාපයක්...උඹලා වගේ කාලකන්නි පෙර රජ දවස හිටියනං අද සිංහල කියල ජාතියකුත්් නෑ. බෞද්ධ දර්ශනය කියලා කියල වඳින්න එකකුත් නෑ නෑ. ඒත් තරම් පජාත කාලකන්නි උඹලා."
"Mohommed Fazrul Gafoor","https://www.facebook.com/mohommed.f.gafoor","Batagama Arachchige Danushka Chathuranga  මෙි වගේ ධනාත්මක අදහස් සිය පාරක් කියවන්න පුළුවන් සහෝදරයා ....Salute ❤️❤️❤️❤️❤️"
"සාලිය බෝපිටිය","https://www.facebook.com/saliya.bopitiya","Batagama Arachchige Danushka Chathuranga තෝ වගේ නවසීලන්ත පට්ටි හරක් 50 හිටියානම් ඇති මේ රටට 🤢"
"Mohan Nadarajah","https://www.facebook.com/mohan.nadarajah.52","Batagama Arachchige Danushka Chathuranga ස්තුතියි සහෝදරයා ❤️ ඔබ‍ට මගේ ප්‍රණාමය  පුද කරමි."
"Sarada Thilaka","https://www.facebook.com/saradathilaka","Batagama Arachchigeඇත්ත උඩින් බනින්නේ නෑ...කාවො කනව වගේ දැනටත් කාල ඉවරයි..අරටුව නැති හිස් සිංහල පොත්ත විතරයි ඉතිරි වෙන්නෙ එතකොට උබල මැරිල. ඉන්නෙ උබලගෙ දරුවො...මතක තියාගනිල්ල ඒ ටික"
"Ajith Jayasinghe","https://www.facebook.com/ajith.jayasinghe.570623","Mohommed Fazrul Gafoor ammo mohomed. 😃😃"
"Balapitiye Rathana","https://www.facebook.com/balapitiye.rathana.12","Batagama Arachchige Danushka Chathuranga ඇයි ඔහේ දැක්කේ නැද්ද බුදුහාමුදුරුවන් මිනිමස් කැවා කියල මුසල් මානුවෙක් නින්දා කරනව ඇයි ඔයා වර්ථමානයෙත් share  වෙනවා 2050 න් පසු මහ ජාතිය අපි තමයි කියල කැ ගහනවා ඒවාට නිතිය නැ . එත කොට පේනවාද මඬකලපුවේ පන්සල් විනාස කරනවා ඒවට ඔයාල නිහඩයි . සිංහලයට සිංහලයා විසින්ම තමයි විනාසෙ කර ගන්නේ"
"Rajith Prasantha","https://www.facebook.com/rajith.prasantha","Batagama Arachchige Danushka Chathuranga මේක සිංහල රට තමා මචං. සිංහල කියන්නේ ජන වර්ගයක් නෙවෙයි. මේ රට සහ මේ රටේ ඉන්න මිනිස්සුන්ව හදුන්වපු නම සහ මේ රටේ සංස්කෘතිය අවුරුදු දහස් ගනනක් තිස්සේ. සුද්දා ceylon කලේ ඒක. පස්සේ කලු සුද්දෝ ඒක ලංකාව කලා. සංස්කෘතිය කියන්නේ මිනිස්සු ඒ පරිසර පද්දතියත් එක්ක මිනිස්සු ජීවත් වෙන විදිය. මේක සිංහල රට කියල පිලි නොගන්නේ ඒක නොදන්න මෝඩයෝ සහ පිටින් ආපු සංස්කෘතික, ආගමික අන්තවාදි බෙදුම්වාදීන් කල්ලි."
"Indrani Dewage","https://www.facebook.com/people/Indrani-Dewage/pfbid0vgSsJT1yn81VxEoRSuHGfvwymTH7uvPqKBcPDtRecG9mPkzmr6iFHCVrZ8XCpJtPl","Batagama Arachchige Danushka Chathuranga මේකානම් මුස්ලිම් එකෙක්.."
"Madhavi Sakunthala","https://www.facebook.com/people/Madhavi-Sakunthala/pfbid05fGdvxcEmR6c2VpP2qjr2kJ9Cte93t5uGsC2mAuey2jXubTKhEw1MPhjoHMAqobml","Batagama Arachchige Danushka Chathuranga අහිංසක මිනිසුන් හැම ජාතියේම ඉන්නවා. මේ විරුද්ධ වෙලා තියෙන්නේ සහරාන් ප්‍රභාකරන් කියන ම්ලේච්ඡයින්ට කඩේ යන අපේම සිංහල පරයින්ට හාමුදුරු නමක් පේන්න බැරි තම්බින්ට දෙමලුන්ට ජාතක වෙච්ච ජෙප්පෝ තමා තිලීපන් සමරන්නයි රණවිරු ස්මාරක ඉවත් කරන්නයි හදන නිවට සිංහල හැත්තක් මුන්. දැන් ඥාණසාර හිරේ දාන්න හදන්නෙ යාපනේට පෙඩරල් දෙන්න රෝගින්‍යා තම්බින්ට පුරවැසි භාවය දෙන්න ලේසි වෙන්න. ඔක්කොම කෑගහන සිංහල උන් හිර කරලා මහ ජෙප්පා හදන්නෙ උතුරු නැගෙනහිර උන්ගෙ මැතිවරණ පොරොන්දුයි මෝදි එක්ක ගහපු හොර ගිවිසුමයි ක්‍රියාත්මක කරන්න. තේරෙයි කල් යයි බ්‍රේන් වොශ් කරපු ඩෝබිලාට"
"Sara Saf","https://www.facebook.com/sara.saf.353","Batagama Arachchige Danushka Chathuranga එල එල සහෝ එල තමා"
"Chaminda Kumara","https://www.facebook.com/people/Chaminda-Kumara/pfbid02AAPeBYvJudcvwMXnQSgBXwzrPm4LkoQJMraXWfdrQCKW58FpgNFDAYXXYikNBngwl","Batagama Arachchige Danushka Chathuranga අනේ යකෝ උබ ගිහින් මුස්ලිම් රටක බලපන් උබට ඕන විදිහට ජීවත් වෙන්න පුලුවන්ද කියල. ගොන් කතා කියන්න එපා"
"Priyantha Pushpakumara","https://www.facebook.com/roxpriya.rox","Batagama Arachchige Danushka Chathuranga මේක සිංහල රට තමයි ...නමුත් අනික් ජාතීන්ට ඉන්න පුලුවන් .ඔව්න්ට සම අයිතිවාසිකම් තියෙනවා .හැබැයි මහ ජාතිය  සිංහල ....කව්රැහරි ඒක නෑ කියනවා නං ඒක ජාතකේ වැරැද්ද ..."
"Yak Gaha Banduperuma Hewage","https://www.facebook.com/yak.gaha.hewage.2025","Batagama Arachchige Danushka Chathuranga ඈ  බන්  උබ  යුද්ධය තියෙන   කාලයෙ  උබ කොහෙද  හිටියෙ ..මුලින් ඉතිහාසය  ඉගෙන්න ගන්න අයෙත් ඉස්කොලෙ පලයන්න ගොතයා  සිංහල රටට සිංහල රට කියන්නෙ නැතුව  අවහල් එක  කියන්නද උබ කියන්නෙ  .උබලනම් මේ රටට   පොලවට මහා  බරක්   උබලගෙන් මේ රටට ජාතියට   අගමට ඇති  වැඩක්  නැ  .අඩුමගනෙ   උබගෙන් උබ ගමටවත් වැඩ  නැතුව ඇති..."
"Fathik Fahir","https://www.facebook.com/profile.php?id=100065080328165","Batagama Arachchige Danushka Chathuranga best api okkokoma srilankan 🙏🙏🇱🇰🇱🇰"
"Batagama Arachchige Danushka Chathuranga","https://www.facebook.com/danushka.chathuranga.311","කව්රුවත් පටලගන්ඩ එපා... සිවුරට බෞද්ධ ආගමට බැනලා නෑ.... බැන්නේ ඒ උතුම් සිවුර දාගෙන ඉන්න උන්ට සහ ඒ උතුම් සිවුර දාගෙන මුන් කරන. කුප්ප කුපාඩි වැඩ ගැන...... මම නියම සිංහල බෞද්ධයෙක් හරිද 👍...... හරි අමාරුයි අපිටත් අපේ මේ ලස්සන දර්ශනයයක් තියෙන උතුම් ආගමක් මේ වගේ උන් සිවුරට මුවා වෙලා කරන වැඩ දැක්කම 🙏...... සිවුරට සහ බෞද්ධ ආගමට පන්සල් වලට බනින්න තරම් මම පහත් නෑ 🙏.... මට මගේ බෞද්ධ ආගම සිවුර පොරවන් ඉන්න උන්ට වැඩිය වටිනවා.... සිවුරට සහ ආගමට තියෙන තැන දවසින් දවස පහලටවැටෙන්නේ 🙏"
"Malani Akka","https://www.facebook.com/people/Malani-Akka/pfbid02EhNLYLgWakVK2ZyRhvC1A2YFqgGk69cVVLVXFK7ueiPEx1x4RYgWGpWPPHyjKD2dl","නියමයි සාහෝදරයා"
"Malani Akka","https://www.facebook.com/people/Malani-Akka/pfbid02EhNLYLgWakVK2ZyRhvC1A2YFqgGk69cVVLVXFK7ueiPEx1x4RYgWGpWPPHyjKD2dl","මුන්ටබනින්න තමයි ඕනැ"
"Sundarraj Tiron","https://www.facebook.com/sundarraj.tiron","Batagama Arachchige Danushka Chathuranga respect Machan"
"Indika Ruwan Kumara Weerasinhage","https://www.facebook.com/indika.ruwan.kumara.weerasinhage","Batagama Arachchige Danushka Chathuranga demala muslin genihin ammage bada udata nagapan keri ponnaya"
"සුපුන් චාමර","https://www.facebook.com/dhanuct.dhanu","Batagama Arachchige Danushka Chathuranga පල හුත්තෝ යන්න මොකෙක්ද තෝ පුකදෙන්නතුව හිටපිය තම්බි පකයා"
"Chandana Susantha","https://www.facebook.com/chandana.susantha.524","Batagama Arachchige Danushka Chathuranga සහතික ඇත්ත කතාව සහේදරය අපි කවදාවත් ආගමට සිවුරට බැනල නෑ ඒ උතුම් සිවුර දාගන ආගමට මුවාවෙලා තුප්පහි වැඩකරන නිගන්ටයින්ට බනිනව උං හාමුදුරැවො නෙමෙයි සත්තු"
"Sameera AK","https://www.facebook.com/people/Sameera-AK/pfbid0yMk4DQcQ5eALwJQbhrA5nBkES6HD7qeXRhMvkvJdQYtF8uqVJwSRCW3vXFMp7DcFl","Batagama Arachchige Danushka Chathuranga uba nayata kahinne nathiwa idapan dooo pakayaaa"
"Red Panther","https://www.facebook.com/people/Red-Panther/pfbid0UVZ1FkAU1x2sJCkBhetWjytYoW2kpnjMDZPZ6KnfjYgXaucttMPrC8gqGA4Yy94Sl","Batagama Arachchige Danushka Chathuranga uba kohed http Sinhala thoo kawalan awajathakayek nee"
"අභිනීල දෙනුවන්","https://www.facebook.com/people/%E0%B6%85%E0%B6%B7%E0%B7%92%E0%B6%B1%E0%B7%93%E0%B6%BD-%E0%B6%AF%E0%B7%99%E0%B6%B1%E0%B7%94%E0%B7%80%E0%B6%B1%E0%B7%8A/pfbid0w9e5cuwrwgLZUHXB3FRq4tqjcvpD8rgsA2weGd6rAqqoxZi7bFTKHnZx32nXWowXl","Batagama Arachchige Danushka Chathuranga පල  තම්බින්ට   පුක   දෙන   වේසිගෙ  පොන්නයො යන්න"
"Dimuthu Dasanayaka","https://www.facebook.com/dimuthu.dasanayaka.9","Batagama Arachchige Danushka Chathuranga Pala thambiya yanna.uba hithuwada API Dan na kiyala"
"Dinusha Soysa","https://www.facebook.com/people/Dinusha-Soysa/61589450279029","Batagama Arachchige Danushka Chathuranga මේ අහපන් .මම අනුරට චන්ඳය දුන්නෙ නෑ ..නමුත් අනුර ජනාධිපති රට හොඳට කරගෙන යනවා ..උඹල වගේ හරක් නිසා තමයි කවද හරි දවසක .රටට ලැබුනු සම්පතක් නැතිවෙන්නෙ .ආන්න ඒක මතක තියාගනින් ."
"Edirisi Ghế Easriyani","https://www.facebook.com/people/Edirisi-Gh%E1%BA%BF-Easriyani/pfbid02qPTPLHvErsY1j4vQ15KWvTypSUBnRLjZwXPWXkrYUrypMhkQuNcYPmLMJN1UHM7Ul","Batagama Arachchige Danushka Chathuranga siuradaganath borumai kiyannne me me ata  gihiyo hondai yamak therenawz meyala wasiyata thamai"
"Somila Rodrigo","https://www.facebook.com/somila.rodrigo.5","Batagama Arachchige Danushka Chathuranga api katholika උනත් සිල්වත් ගුණවත් සංවර ස්වාමින් වහන්සේලාට හැමදාම garu කරනවා.. 🙏🙏🙏🙏"
"Ajith Jayasinghe","https://www.facebook.com/ajith.jayasinghe.570623","Batagama Arachchige Danushka Chathuranga ඕයි. හාමුදුරුවරු කෑ ගහන්නේ අන්තවාදය නිසා කියලා උඹේ උම්බෑ මොළේට තේරෙන්නේ නැද්ද?  🚫උඹ ltte තිලීපන්ගේ පිළිම හදලා ඉස්කෝලේ ළමයින්ට කියලා වන්දනවා දැක්කේ නැද්ද?   🚫වඩුන්නාගල පන්සලට මේ පසුගිය පෝයට සිල් ගන්න මිනිස්සුන්ට කැ# දෙමළ්ලු ඇවිත් තග දානවා දැක්කේ නැද්ද?  තෝ වවුනියාවෙන් එහාට ගිහපු නැති නපුංසකයෙක්,  ගිහින් බලපිය සිංහලයාට තියෙන තැන. සිංහලයා කවද්ද බොල අනිත් ජාතියේ එවුන්ට වල් කැපුවේ එහෙම කලා නම් මේ ලංකාවේ, මුස්ලිම්, දෙමළ කියලා ජාතීන් නෑ බොල නපුංසකයෝ. තෝ සිංහල කියලා page හදාගෙන ltte, ඩයස්පෝරාවට කඩේ යන කැ# දෙමළෙක් කියලා පේනවා."
"Ajith Jayasinghe","https://www.facebook.com/ajith.jayasinghe.570623","Malani Akka සංවාසයේ යෙදෙන්නේ කාත් එක්කද?"
"හශාන් මදුවා","https://www.facebook.com/hashan.madhu.31","Edirisi Ghế Easriyani uba pansil pada paha rakinawada okkotama kali.. ita passe hamuduruwarunta benapan.."
"Yak Gaha Banduperuma Hewage","https://www.facebook.com/yak.gaha.hewage.2025","Batagama Arachchige Danushka Chathuranga ඉතිං  උබට මොවට  විඩියො  දන්න පුලුවන් කට පුක උල් කරගෙන් අර උතුරෙ  පන්සල් වලට වෙන දෙවල්  වලට වඩුනාගල    රජ මහා  විහාරයට වෙන  දෙවල වලට   කතා කරපන්කො   එවට උබගෙ  කටයි  පුකයි වහිලා"
"Caminda Pradeep","https://www.facebook.com/caminda.pradeep.2025","මමත් බනිනව හුත්තො තොපිට ඕනා අර පකා නිදහස් කරන්නද ඒක ලොවෙත් වෙන්නෑ ඕකා හිරෙ යනවමයි  ඒක නවත්වන්න උබල කාටවත් බෑ"
"Ruwan De Silva","https://www.facebook.com/ruwan.desilva2","Caminda Pradeep ඇයි බොගේ පුක පැලුවටද තරහ එච්චර හාමුදුරුවොත් එක්ක"
"අභිනීල දෙනුවන්","https://www.facebook.com/people/%E0%B6%85%E0%B6%B7%E0%B7%92%E0%B6%B1%E0%B7%93%E0%B6%BD-%E0%B6%AF%E0%B7%99%E0%B6%B1%E0%B7%94%E0%B7%80%E0%B6%B1%E0%B7%8A/pfbid0w9e5cuwrwgLZUHXB3FRq4tqjcvpD8rgsA2weGd6rAqqoxZi7bFTKHnZx32nXWowXl","Caminda Pradeep නැගෙනහිර කාත්තන්කුඩියට   ගිහිල්ලා   බලපන්   වේසිගෙ  පොන්නයා   තම්බියො  මොකාටද  එන්න  හදන්නෙ කියල"
"Subhadra Mehenin Wahansa","https://www.facebook.com/subhadra.mehenin.wahansa","Caminda Pradeep"
"Crystalene Perera","https://www.facebook.com/people/Crystalene-Perera/pfbid0ryCAMko689fsM6ZmNGgsQVKfWkhXSXoW54SCEYVznCEYbnKsAYXyW5b47UU3gnNMl","Caminda Pradeep 😂😂😂😂"
"Sampath Dinesh","https://www.facebook.com/sampath.dinesh.5","Caminda Pradeep උඹෙ කටේ ඇතුල්ලුවද තට්ට ගැනි"
"Nili Nili","https://www.facebook.com/people/Nili-Nili/pfbid02AwVfHFdEKbs1BADSThzLxKqErYgwVzra9znkAmiozS9D5vPYRcmuwxipsysvGafql","Caminda Pradeep ammagan ahapan appa hmbayakda damalakda kiyala awjataka waciga putha"
"Dhammika Mgd","https://www.facebook.com/dhammika.mgd","Caminda Pradeep එසේය ගරු විනුසුරුතුමනි🤮"
"Kavidu Lakshan","https://www.facebook.com/kavidu.lakshan.77128","ඔකව හිරේ යවන්න ඕනේ පර බල්ලා..."
"Ajith Jayasinghe","https://www.facebook.com/ajith.jayasinghe.570623","Caminda Pradeep උඹ සිංහලයෙක් වෙන්න බෑ. ඉස්සෙල්ලා අම්මගෙන් අහපන් ltte, කාරයෙක්ද? මට්ටයෙක්ද කෙළියේ කියලා. අර පකා කියන්නේ තොගේ තාත්තද පකෝ.......  තෝ. ජාතිවාදය, අන්තවාදය කියන වචනයක්වත් දන්න පොංසියෙද?  තෝ තම්බියෙක්ට දාව හැදිච්චි එකෙක් නම් තොට මේවා අවුල් නෑ. ඒත් අපි සිංහල නිසා අපිට රිදෙනවා."
"Ajith Jayasinghe","https://www.facebook.com/ajith.jayasinghe.570623","Kavidu Lakshan මට්ටයන්ගේ දරුවෝ."
"Kavidu Lakshan","https://www.facebook.com/kavidu.lakshan.77128","Ajith Jayasinghe කවුද😩"
"Anura Fernando","https://www.facebook.com/anura.fernando.620031","Caminda Pradeep හම්බයො අම්මට ඇරියද බල්ලො නැත්නම් තෝ කතෝලික පගෙක්ද"
"Ajith Jayasinghe","https://www.facebook.com/ajith.jayasinghe.570623","Kavidu Lakshan උඹ"
"Kavidu Lakshan","https://www.facebook.com/kavidu.lakshan.77128","Ajith Jayasinghe 😩අනේ පල යන්න හොරාකන බල්ලා😩කාපන් ගිහින් ගූ...ගෝතයා😂"
"Ajith Jayasinghe","https://www.facebook.com/ajith.jayasinghe.570623","Kavidu Lakshan කියන්න දෙයක් නැතිකමට මොනවද? උඹේ කෑවේ. 😃 track ද?"
"Kavidu Lakshan","https://www.facebook.com/kavidu.lakshan.77128","Ajith Jayasinghe 😂හොරා කාපු උන් ආස හොරා කාපු උන්ට...යකෝ ඔච්චරටම තේරෙන්නැද්ද ඒ ඤානසාර කියන එකා මෝඩයෙක් කියලා"
"Ajith Jayasinghe","https://www.facebook.com/ajith.jayasinghe.570623","Kavidu Lakshan මෝඩ fucko. හාමුදුරුවෝ හොරා කෑවා කියන්නේ. උඹ වගේ කොන්දක් නැති නරි නාවන වහල්ලු බොල.  හාමුදුරුවෝ ජාතිවාදය ඇවිස්සුවා කියලා කියන්නේ උඹ වගේ Goබ්බයෝ විතරයි.  හාමුදුරුවෝ කතා කලේ මුස්ලිම් එවුන්ගේ අන්තවාදය ගැන. ඒවා වෙනුවෙන් කෙළින් කතා කලා. ඒවා නෙවේද ලංකාවේ මුස්ලිම් අන්තවාදියෝ බෝම්බ පිපිරෙව්වේ. කෝ උඹලා උන්ගේ අන්තවාදය වෙනුවෙන් කතා කළාද? සහරාන්ලා තොපේ රෙද්දපල්ලේ ඉන්නේ. දේශපාලන කණ්ණාඩි ගලවලා ඇස් ඇරලා බලපන් මෝdayek නොවී."
"Tuwan Kichil","https://www.facebook.com/people/Tuwan-Kichil/pfbid02xuy9qbEXPnW8Jaf8i226BRYsxqdsRCFA1U3oknTFALW7uCT1cyUMyixjxjEqt5nQl","Caminda Pradeep yes"
"Yak Gaha Banduperuma Hewage","https://www.facebook.com/yak.gaha.hewage.2025","Caminda Pradeep ගිය පරත්   උබලා   හොම තමයි  කිවෙ  දැගලුවො  එත් ජනදිපති   සමාව   ලැබුනා   අයෙත්   උනවහන්සෙ  නිදහස  වෙනවා  .උබලගෙ කොනද නැතිවුනාට  අපි  මොනවා  කරන්නද .උබගෙ ඔය    ඇස් දෙකට වඩුනාගල පන්සල්  වල වෙන දෙවල් පෙන්නෙ නැනෙද   එවට  උබගෙ  ඇස්  පොට්ට වෙලද .."
"Lalitha Fernando","","Caminda Pradeep අපිත්බනිනා😂😂"
"Chandana Kumara","https://www.facebook.com/chandana.kumara.439324","ඔය ගනයට පිස්සු පකේක් ඔයා ගල් කරේයේක් අනිවාරේන්න්ම"
"Raju Prakash","https://www.facebook.com/raju.prakash.165","Chandana Kumara 👍"
"Thilak Sirimanna","https://www.facebook.com/thilak.sirimanna","Chandana Kumara ඇයි  ඔබට කෙපුවද  ගල"
"Sameera AK","https://www.facebook.com/people/Sameera-AK/pfbid0yMk4DQcQ5eALwJQbhrA5nBkES6HD7qeXRhMvkvJdQYtF8uqVJwSRCW3vXFMp7DcFl","Chandana Kumara sure ekata muta wadee dila pow ban uba"
"Subhadra Mehenin Wahansa","https://www.facebook.com/subhadra.mehenin.wahansa","Chandana Kumara කුනු හරුප වලින් තොරව තමන්ගෙ අදහස් ප්‍රකාශ කරන්න බැරි තරම්  සමාජය පහත් වෙලා"
"අභිනීල දෙනුවන්","https://www.facebook.com/people/%E0%B6%85%E0%B6%B7%E0%B7%92%E0%B6%B1%E0%B7%93%E0%B6%BD-%E0%B6%AF%E0%B7%99%E0%B6%B1%E0%B7%94%E0%B7%80%E0%B6%B1%E0%B7%8A/pfbid0w9e5cuwrwgLZUHXB3FRq4tqjcvpD8rgsA2weGd6rAqqoxZi7bFTKHnZx32nXWowXl","Chandana Kumara උඹේ   අම්මට   තම්බියෙක්  හුකල  නේද  උඹව  ජාතක කලේ"
"Samahitha Himi","https://www.facebook.com/people/Samahitha-Himi/pfbid0262tmh6nYzRqqx6xTo2VFM6s4KjTtp9YwoJqvmcKD5cj87hjcTZwVQ25xmbY6gC8Vl","Chandana Kumara තිරයක් පිටුපස ඉඳගෙන තහවුරු නොකරපු දෙයක් ලියන්න හෝ ෂෙයාර් කරන්න යන්නේ තත්පර කිහිපයයි. නමුත් ඒ සත්‍යය විකෘති කරන වචන නිසා තවත් මිනිසෙකුගේ ජීවිතයක් විනාශ වෙද්දී, දහස් ගණනක් මුළා වෙද්දී ඒ පිටුපස නිර්මාණය වන්නේ බරපතළ පාපයක්. බුදුරජාණන් වහන්සේ දේශනා කළේ අකුරකින් හෝ අනුන් නොමඟ යවන මිනිසා තම සසර මඟ මුළුමනින්ම අඳුරු කරගන්නා බවයි. තාවකාලික ලයික්, කමෙන්ට් වෙනුවෙන් හෘද සාක්ෂිය පාවා නොදී, සත්‍යවාදී වෙමු.  ""ඒකං ධම්මං අතීතස්ස – මුසාවාදිස්ස ජන්තුනෝ විතින්න පරලෝකස්ස – නත්ථි පාපං අකාරියං"" (ඉතිවුත්තක පාලිය) ""බොරු කියන, පරලොවක් නැතැයි කියා සිතන (කර්ම ඵල විශ්වාසයක් නැති) මිනිසාට කළ නොහැකි කිසිදු පවක් නැත."""
"Shriyan Shriyan","https://www.facebook.com/people/Shriyan-Shriyan/pfbid0pjtWZ2q2mot4FgRyfpoMok4Ax5GN8yKD88wLiSEk19e5LPfVWZSeSbknqq7DbgGEl","මු මු කියන්න තො ක්ව්ද් පකො,,අම්මෙක් අප්පෙක් නැති අවජාචකයෙක් නෙද මේ විඩියොවෙ බෙරිහන් දෙන්නෙ"
"Hansaka Wickramarathna","https://www.facebook.com/people/Hansaka-Wickramarathna/pfbid02V28WyGbCXa33aJVKsbd5aDbP9T5yoUACXNsDKu6s7ExCosWgCpPdsWuwpaNXeFswl","Shriyan Shriyan ane mal uththo...nikn wesa ganayonta puka den nthuwa idhn...kari ponnya"
"Kalum Roshan","https://www.facebook.com/profile.php?id=100005116955002","Shriyan Shriyan අවජාතක උන්ට එහෙම තමයි කතා කරන්න ඔනේ...මහන වෙන්න කලින් වැරදි කරන්න පුලුවන්..මහන වෙලාත් සිව්‍රරට මුවා වෙලා වැරදි කරනවා නම් උ ඔය කිව්ව ජාතියේ එකෙක් තමයි....."
"Rohini Lakshmi","https://www.facebook.com/people/Rohini-Lakshmi/pfbid0mEYFmfWg9i51WHtJNWWKpvrvzEHkH2fR4LmvTG5PELHZx42A26Xo5CPPu7BEd2Hol","Shriyan Shriyan ඕකට ඔහොම නෙමෙයි කියන්න ඕනා ගෙරි ගණයට."
"Kasun Madusanka","https://www.facebook.com/alex.s.dairy","Shriyan Shriyan අනේ පලයන් කොන්ද පන නැති හුත්තිගෙ පුතො යන්ඩ 😂එනවා තො කවුද මු කවුද අහන්න😂පුක නොදි පලයන් ඇයි උබට නලියනවද 😂"
"SA Du","https://www.facebook.com/sa.du.713499","Shriyan Shriyan උබ පුක නොදි ඉදපන්"
"Dilhan Priyanga","","Shriyan Shriyan එකායී"
"Moris Mamta","https://www.facebook.com/people/Moris-Mamta/pfbid02DmRGsTUwogJYPCDk1XW7ZjZcL2BxRhDpKCwSk7ZWbs8ZEpPNDXC4hk5zebtdnRZul","Shriyan Shriyan me  vedio eka dana pakaya hanbayek penne nadda u  mu kiyala  mu ahamuduruwanta apahasa karanawa"
"Moris Mamta","https://www.facebook.com/people/Moris-Mamta/pfbid02DmRGsTUwogJYPCDk1XW7ZjZcL2BxRhDpKCwSk7ZWbs8ZEpPNDXC4hk5zebtdnRZul","Rohini Lakshmi ai thota puke  amaruwada weshi"
"Ranjith Dewa Dewa","https://www.facebook.com/people/Ranjith-Dewa-Dewa/100009302612402","[Image Attachment]"
"Sanath Dhammika","https://www.facebook.com/sanath.dhammika.319077","Ranjith Dewa Dewa මේ නාමලයගෙ පුකද බං පොහොට්‍ටු කාරයෙක් අතුල්ලන්නෙ."
"Sasi Jayamanne","https://www.facebook.com/profile.php?id=100002112931595","Ranjith Dewa Dewa ඈ උත්තො.. තොපි හාමුලගෙ හෝදන්නෙ කස්තුරිද??"
"Marasginha Manike","https://www.facebook.com/marasginha.manike","Ranjith Dewa Dewa නාමලයගෙපුක යි උඹ හෝදන්නේ ඔය ලස්සනට."
"Rpwa Samanthi","","Ranjith Dewa Dewa මාලිමා ආණ්ඩුවෙන්ද යකූ නානසාරට දඩුවම් දුන්නෙ යහපාලනය රාජපස්සලයි..අන්තිමේ අර ග්‍රාමසේවක ජනාධිපති සමාව දුන්නෙ..අදිකරණයට අපහාස කිරීමයි ජාතිවාදය ඇවිලීමයි ඔය ඝණයට තිබ්බ නඩු ඒ  කාලෙ අනුරද ජනාධිපති ..ඔක්කොටම මාලිමා ආණ්ඩුව පලිද..වැරදි කරුවන්ට දඩුවම් දෙන එක වැරදිද..වහලෝ"
"Nandana Kumara","https://www.facebook.com/nandana.kumara.603122","Ranjith Dewa Dewa හොරාකාපු එවුන් ගේ පස්ස හෝදන කසල සෝදක."
"Wajira Buddika Niyarakatiya","https://www.facebook.com/wajira.buddika.9","Ranjith Dewa Dewa රෙවිලද ඉන්නෙ ගු කොටි බයියො"
"Roshan Sanjeewa","https://www.facebook.com/roshan.sanjeewa.3701779","Ranjith Dewa Dewa"
"Anura Dasanayake","https://www.facebook.com/anura.dasanayake.2025","Sasi Jayamanne  කියල වැඩක් නැ පරබල්ලා කව්ද සක්කිලියා"
"Sampath Thushara De Silva","https://www.facebook.com/sampath.thushara.de.silva.2025","Ranjith Dewa Dewa කොහොමද මූන්ගෙ කෙදිරිල්ල"
"Namila Hewakumara","https://www.facebook.com/namila.hewakumara","Ranjith Dewa Dewa mal gawumage 5000 account"
"Pra Sa","https://www.facebook.com/presannagamage9","Ranjith Dewa Dewa මෙන්න තවත් සිවුරු දාගත්ත බයියෙක් 😂😂"
"Ranjith Suraweera Thissahewage","https://www.facebook.com/ranjithsuraweera.thissahewage","Ranjith Dewa Dewa"
"Ranjith Dewa Dewa","https://www.facebook.com/people/Ranjith-Dewa-Dewa/100009302612402","Rpwa Samanthi මාලිමාවට කඩේ යන වහලෙක් කවදාවත් හොද මගට ගන්න බෑ"
"Ranjith Dewa Dewa","https://www.facebook.com/people/Ranjith-Dewa-Dewa/100009302612402","Marasginha Manike පැලවත්තේ ගූ කන එවුන්ට පුක හොදන එක ලොකු දෙයක් නෙමෙයි 😄😄😄"
"Ranjith Dewa Dewa","https://www.facebook.com/people/Ranjith-Dewa-Dewa/100009302612402","Nandana Kumara හොරා කෑවේ උබේ ඇට දෙකද කාපු දෙයක් කියපන්කෝ එක එකා වේදිකාවල කියන දෙබස් කියන් නැතුව"
"Ranjith Dewa Dewa","https://www.facebook.com/people/Ranjith-Dewa-Dewa/100009302612402","Wajira Buddika Niyarakatiya තවත් පැලවත්තේ ගූ කන බල්‍ලෙක්"
"Wajira Buddika Niyarakatiya","https://www.facebook.com/wajira.buddika.9","Ranjith Dewa Dewa කාපන් වලවුවෙ ගු බල්ලො"
"Ranjith Dewa Dewa","https://www.facebook.com/people/Ranjith-Dewa-Dewa/100009302612402","Kanchana Priyanthi උබේ පුකත් ඒ වගේ ඇති නේද පැලවත්තේ එවුන් හොදට පලනවා ඇති නේ..."
"Ranjith Dewa Dewa","https://www.facebook.com/people/Ranjith-Dewa-Dewa/100009302612402","Pra Sa උබලා හරි පව් බන් ජිවත් වෙයන් දෙමව්පියන්ට හොදක් අහන්න පුලුවන් විදියට නිකන් අනුන්ගේ සීනි කිරන් නැතුව"
"Ranjith Dewa Dewa","https://www.facebook.com/people/Ranjith-Dewa-Dewa/100009302612402","Ranjith Suraweera Thissahewage අනුරටයි උබලටයි රටක් හදලා දුන්නෙත් අපි තමයි දැන් රැගුවට"
"Pra Sa","https://www.facebook.com/presannagamage9","Ranjith Dewa Dewa හොදක් අහන්න තම හුත්තො ජිවත් වෙන්නෙ.උබල වගෙ හොරුන්ට කඩෙ ගිහින් කැත කතා නම් අහගෙන නැ බන් 😂"
"Kuma Geeth","https://www.facebook.com/sandun.kumara.58173000","Ranjith Dewa Dewa රන්ජිත් උබ ගිනි තියන්ගින් ඔබ පට්ට හොරෙක් 😂"
"Samitha Gayan","https://www.facebook.com/profile.php?id=100058800991633","Ranjith Dewa Dewa තොගේ අම්මා තමා තොට හරියට පුකවත් හෝදගන්න උගන්නලා නැත්තේ පොන්නයා 😂😂😂"
"Ranjith Dewa Dewa","https://www.facebook.com/people/Ranjith-Dewa-Dewa/100009302612402","Kuma Geeth අනේ හිවලෝ උබ හිතුවද උබ වගේ ගවයෙක් කියලා ...කාගෙන්වත් රැපියලකවත් හොරකන් කරලත් නැ දේශපාලන එකෙක්ගෙවත් වතුරවත් බීලා නැ පරයෝ තොපි වගේ හිවල්ලුන්ට ජිවත් වෙන්න රටක් හදන්න ලේ හලලා කෑලි නැතුව ඇවිත් ඉන්නේ බල්ලෝ  තොට තමා ගිනි තියාගන්න වෙන්නේ ...නරියා"
"Roshan Rock","https://www.facebook.com/people/Roshan-Rock/pfbid037cJRdWbkc63h4Pjc3ynFuAJm6Jzkp8Xt9Fg5HmM4LMSS1ZZmHa5Kb8BPvdozq4jil","Ranjith Dewa Dewa pissu huttak thonag...."
"Sampath Dinesh","https://www.facebook.com/sampath.dinesh.5","Ranjith Dewa Dewa කොටි ගෑනි ඩෝපින්ට අල්ලල"
"Dematagolla Gedhara","https://www.facebook.com/dematagolla.gedhara","Ranjith Dewa Dewa oba manussayak wenta unanthuwenta"
"Nandana Kumara","https://www.facebook.com/nandana.kumara.603122","Ranjith Dewa Dewa නොදකින් ගොන් බූරුව හොරාකාපු එවුන් ගේ ගූ කන වන්දිභට්ටය."
"Rpwa Samanthi","","Ranjith Dewa Dewa ඔව් ඇයි අව්ල්ද අපි රට වෙනුවෙන් කඩේ යනව මාලිමාවට උබ වගෙ  හොරු වෙනුවෙන් යන්නෙ නෑ.."
"Darshana Abayawardena","https://www.facebook.com/dharshanaabay","Ranjith Dewa Dewa කාපිය රාජපක්ෂලගෙ 💩 💩 කාලකණ්ණි"
"Mahinda Dickwella","https://www.facebook.com/mahinda.dickwella","Ranjith Dewa Dewa මාලිමාව ගූ හෝදනව උඹලසක්කිලි ගූකනවා"
"Dilhan Priyanga","","Ranjith Dewa Dewa දෙකායී"
"Sadaruwan Shiranrantha","https://www.facebook.com/sadaruwan.shiranrantha","Sasi Jayamanne mokakada jathakayak nathi ponnyo kiynne"
"Ushan Perera","","Ranjith Dewa Dewa රටක් හදලා දුන්නෙ රණවිරුවො මිසක් රාජපස්ස ස.kkili ba.ල්ලොවත්, පන්සලෙව් ලමයි දූ..සනය කරන මුන් වගේ තු.ppahi ග.ණ තට්ටයොවත් නෙමේ.😂 plyn htto යන්ඩ..🤣🤣"
"Ushan Perera","","Ranjith Dewa Dewa රාජපස්ස ස.kkili ba.ල්ලන්ගෙ gu කාලා, උන් අතින් දූ..සනය වෙලා අව.Jaතකව ඉපදුන එව්වොත් කවදාවත් යහමගට ගන්න බෑ.😂 මොකද උන් කැමති හාමුට සැප ගන්ඩ ගෑ.ni විකුණලා, හාමුගෙ gu ටික කාලා, කු.du ගහලා සැපේ ඉන්න..🤣🤣"
"Ushan Perera","","Ranjith Dewa Dewa අනුන්ට බණ කියන්ඩ කලින් උba ඉස්සෙල්ලා රාජපස්ස ස.kkili ba.ල්ලන්ගෙ gu කන, සිවුරක් පොරව ගත්ත හො.ර ගණයෙක්ට පු.K දීලා, නි.gaන්ඨ ක.ha.ඩයන්ගෙ සීනි කිරලා අම්මා අප්පාට කුණුහරුප අස්සව ගන්නැතුව ඉඳපං.😂😂"
"Vejerathna Bandara","https://www.facebook.com/vejerathna.bandara","අපි නම්, අත්සන්, කරන්න, නැහැ, සක්කිලි,හැත්තට"
"Amanda Rashmika","https://www.facebook.com/amanda.rashmika.253619","Vejerathna Bandara එහෙනම් උඹත් සක්ක් ලි වෙන්න ති"
"අභිනීල දෙනුවන්","https://www.facebook.com/people/%E0%B6%85%E0%B6%B7%E0%B7%92%E0%B6%B1%E0%B7%93%E0%B6%BD-%E0%B6%AF%E0%B7%99%E0%B6%B1%E0%B7%94%E0%B7%80%E0%B6%B1%E0%B7%8A/pfbid0w9e5cuwrwgLZUHXB3FRq4tqjcvpD8rgsA2weGd6rAqqoxZi7bFTKHnZx32nXWowXl","Vejerathna Bandara තොපිව   තම්බේරුවක් අන්දලා   අරාබියට  පිටුවහල්  කරන්න  ඕනෙ"
"Gallewe Punngasara","https://www.facebook.com/gallewe.punngasara.9","දැන් මූ කීවෙ කාටද තමුන්.ඉස්සරලා පරයා කතාකරන්න ඉගෙනගන්.ඊට පස්සෙ ඉතිහාස පොතක් අරන් කියවපිය.මේ කහ සිවුර අතීතෙ ඉදලම මොනාද කරේ කියලා"
"Kushan Sameera","https://www.facebook.com/people/Kushan-Sameera/pfbid02mZKg9JRkQ5S8nmmV6k2a4bNanvRYEwi4qGFH6zrg2FDjtBidoh8Hy12cqXcZvg7Xl","Gallewe Punngasara සිවුරෙන් අපරාධ ,දූෂණ වැහෙනවද"
"Dilhan Priyanga","","Gallewe Punngasara තුනායී"
"Malani Akka","https://www.facebook.com/people/Malani-Akka/pfbid02EhNLYLgWakVK2ZyRhvC1A2YFqgGk69cVVLVXFK7ueiPEx1x4RYgWGpWPPHyjKD2dl","සිවුරුහොරා"
"අභිනීල දෙනුවන්","https://www.facebook.com/people/%E0%B6%85%E0%B6%B7%E0%B7%92%E0%B6%B1%E0%B7%93%E0%B6%BD-%E0%B6%AF%E0%B7%99%E0%B6%B1%E0%B7%94%E0%B7%80%E0%B6%B1%E0%B7%8A/pfbid0w9e5cuwrwgLZUHXB3FRq4tqjcvpD8rgsA2weGd6rAqqoxZi7bFTKHnZx32nXWowXl","Malani Akka උඹෙ   අම්මගෙන්   අහපන්   එතකොට   උඹ  හම්බෙද්දි  හුකපු  තම්බි හොරා   හම්බෙයි"
"Prabath Indrasiri","https://www.facebook.com/prabath.indrasiri.1","Me lokkka hukana Katha nathuea bota nikan pinata labena deyak Kala wena deyak balagena idapan"
"Subhadra Mehenin Wahansa","https://www.facebook.com/subhadra.mehenin.wahansa","Prabath Indrasiri"
"Gallewe Punngasara","https://www.facebook.com/gallewe.punngasara.9","උබ මහ ලොකු මොලේ තියන එකෙක් නම් ගනින්කො කෝල් එකක් මට.උබට කියලා දෙන්න ඉතිහාසය"
"Chamoud Dilshan","https://www.facebook.com/chamoud.dilshan","Gallewe Punngasara කාගෙද?"
"Parami Sulo","https://www.facebook.com/people/Parami-Sulo/pfbid02apw9YJC9cuMtdZFGeJwTbYiqw6qEeSGy5kHfjdeyrUGMkcKWqKZw4yUBuhXh6F8Kl","Chamoud Dilshan thiththa galle t 😄"
"RS RS","https://www.facebook.com/rs.rs.698275","හොර ගන සක්කිලි බල්ලෝ"
"අභිනීල දෙනුවන්","https://www.facebook.com/people/%E0%B6%85%E0%B6%B7%E0%B7%92%E0%B6%B1%E0%B7%93%E0%B6%BD-%E0%B6%AF%E0%B7%99%E0%B6%B1%E0%B7%94%E0%B7%80%E0%B6%B1%E0%B7%8A/pfbid0w9e5cuwrwgLZUHXB3FRq4tqjcvpD8rgsA2weGd6rAqqoxZi7bFTKHnZx32nXWowXl","RS RS පුකේ   ඇඟිල්ල  ගහගනින්   හම්බ වේසි"
"Nissankage Samaranayake","https://www.facebook.com/people/Nissankage-Samaranayake/pfbid0Sqfb9oWLufsqpm8t4uYQ4w17RVcrSjs9459DYcCDxvME53xTWHwMCkTEWARMSsoEl","අපේ හාමුදුරුවන්ටත් හොරා කාපු සල්ලිහිස් කිරීමේ බාග්ය ලෙබේවා ...🙏🙏🙏🙏🙏"
"Reji Wil","","චීත්තයක් ගන්න.ඔක සුඩුසු නෙහෙ"
"Chameera Sampath Weerasingha","","මු බුද්ධාගමම විකුර්ති කරනවා සක්කිලි හාමුදුරුවෝ"
"අභිනීල දෙනුවන්","https://www.facebook.com/people/%E0%B6%85%E0%B6%B7%E0%B7%92%E0%B6%B1%E0%B7%93%E0%B6%BD-%E0%B6%AF%E0%B7%99%E0%B6%B1%E0%B7%94%E0%B7%80%E0%B6%B1%E0%B7%8A/pfbid0w9e5cuwrwgLZUHXB3FRq4tqjcvpD8rgsA2weGd6rAqqoxZi7bFTKHnZx32nXWowXl","Chameera Sampath Weerasingha අනිත්   එව්න්  ඉස්ලාමය  ව්‍යප්ත   කරන   එක  උඹට  පේන්නෙ  නැද්ද.   නැගෙනහිර පලාතේ ,  උතුරෙ,"
"Nishantha Ratiyala","https://www.facebook.com/people/Nishantha-Ratiyala/pfbid0jprHS4yFjP3zdkQC21TYrCqPmZRZErcdXaz8FK87sQgD8nT2jaqpNVZGjJUYk3GBl","නියමයි , ඇත්තට හඬක් නැගුවට ස්තූතීයි ! ජයවෙිවා !👍💐🌺🌸💐🌺🌸💐🌺🌸"
"Nirmani Aththnagoda","https://www.facebook.com/nirmani.aththnagoda","මෙයාට සමාව නම් දෙන්නම එපා. මේකා චීවරයක් දාගෙන බුදු මගටත්  බුදු සසුණටත් ගිය ගිය තැන අසූචි හෙළනවා. ජාති වාදය අවුස්සමින් නොහික් මුණු වල් කතා නිතරම කියනවා.අරක්කු බොනවා. ගෑණු තියන් ඉන්නවා. චීවරේට නොගැල පෙන  අවළම් බල්ලෙක්මූ.නොදකින්😡😡😡🤮🤮🤮 අත්සන් මුගෙ පුකේ ගහපල්ලා.😡🤮🤮🤮"
"Manoj Sugath","https://www.facebook.com/people/Manoj-Sugath/pfbid0kJv9NvJEUpPZNCW4kqfkL7mZ5a1EmzuRnJrSoNoyooiEaoo28u5Rz4jS9Vzfid5Fl","Podi lamai dusanekarana eka podi weradida...🤣🤣"
"Kelum Dissanayaka","https://www.facebook.com/kelum.dissanayaka.3705","එක්කෙනෙක්  කියපු ඒ වචන ටික ලක්ෂයක් කීව වගේ .වෙන ආයෙ ඕන නෑ..."
"Hiran Perera","https://www.facebook.com/hiran.perera1","Pinata Kala pissu hadila 💩🫏🤮🫏💩🤮"
"Shiranthi Withanage","https://www.facebook.com/shiranthi.withanage.330009","Budunge darmaya vikunana  sura sapa vidinagaman  thawath enawa horu thakkdi  wenuwen  athsan gsnna  muta  gahala pannanna"
"Anthony Si Silva","","Niyamai saho"
"Jayantha Raja","https://www.facebook.com/people/Jayantha-Raja/pfbid0f8opsDvfAJsgfUuWLPgZHhgkMNmGQ5PjFd3dciqt9ZzG65XF2UEujCicUEUcRk9bl","මුටන් දෙමුද ගේමක්"
"Bandara Senarathna Rrg","https://www.facebook.com/bandara.senarathnarrg","මූව ඇට දෙකෙන් එල්ලලා හන්දියක ප්‍රදසනනය කල යුතුයි, මොකද, මුං රටක ප්‍රගමනයට සාපයක්."
"Gunasekaran Jesappa","https://www.facebook.com/gunasekaran.jesappa","[Image Attachment]"
"ඕලු කුමාර","https://www.facebook.com/sjd18tbqbu","උබෙ මුන දැක්කාම උබෙත් මොලෙතෙරුම් ගන්න පුලුවන් උබනිකන් මොඩයෙක් වගෙ"
"Pathum Madhuranga","https://www.facebook.com/MrPathumMadhuranga","කලු දොදොල් ටට්ටෙ අගුරුවෙයි බන් උබේ.. ඔහොම බොරු කියනකොට 😌"
"Gunasekaran Jesappa","https://www.facebook.com/gunasekaran.jesappa","[Image Attachment]"
"Sandun Ekanayaka","https://www.facebook.com/sandun.prasanna.705763","මෙන්න මේ පුද්ගලයො තමයි බුදු දහම නැති කරන්නෙ කඩේ යන ගමන්"
"Shyama Jeevani","https://www.facebook.com/shyama.jeevani","නියමයි සහොදරයා"
"Saman Guruge","https://www.facebook.com/saman.guruge.396116","Tope ratata sapayak"
"Aravinda Roshan","https://www.facebook.com/people/Aravinda-Roshan/pfbid02P4opYS7q2NrFDptYWW2NQAN85hWYAEMWx3eRLQEd5V8cvRBXPDcHoaT9y7ij6159l","wahalu kiyanne munta tamai"
"Shiranga Pathum","https://www.facebook.com/shiranga.pathum","මම කිවුවා මුට පිස්සු කියලා"
"Jayantha Darmapriya","https://www.facebook.com/people/Jayantha-Darmapriya/100068690014124","අර පාර ඇරපන් උට්ටෝ"
"Kosala Abeysinghe","https://www.facebook.com/kosala.abeysinghe.2025","Moka kiwwath welikada thamai"
"Mohammadhu Musadhik","https://www.facebook.com/mohammadhu.musadhik","❤️"
"Saman Weerasekara","https://www.facebook.com/saman.weerasekara.2025","Meka gu kana kari ballek siuradagana pakayala"
"Lichinthaka Udayanga","https://www.facebook.com/lichinthaka.udayanga.2025","API I diyana obata gahala yawanawa"
"Buddhika Prasad","https://www.facebook.com/people/Buddhika-Prasad/pfbid02t1NGFSPr4ftQagq6bDHRMvSS1Afi7wRYzGMjCk9DrsbhURFizmTpJXYUTAatkMAJl","Mole thibila thiyenne un 3n4a denata vitharai"
"Rajeskanna Raju","https://www.facebook.com/rajeskanna.raju","😄😄😄😄"
"Hm Indika","https://www.facebook.com/people/Hm-Indika/pfbid0xXUNT4f7apWZrsiYBZyeTBAbWV99hRKscohexhkwq72KaeHCGE6zoRSuJXDiC1ARl","Warenapegawata"
"Nuwan Ranasinghe","https://www.facebook.com/nuwan.ranasinghe.933866","👍"
"M F Nazeer Gem","https://www.facebook.com/m.f.nazeer.gem","🐐🐄❓"
"Gunasekaran Jesappa","https://www.facebook.com/gunasekaran.jesappa","👍🏻👍🏻👍🏻👍🏻👍🏻👍🏻👍🏻👍🏻🇱🇰"
"Roy Sahaban","https://www.facebook.com/profile.php?id=100014353416754","Very good speech bro"
"Thisara Kalhara Jayasekara","https://www.facebook.com/thisara1991","හා හා අහම්බන්තේ ඔය අත්සන් සටහන අරන් ගලගොඩ බේරගන්ඩ බලන්න ඉතින්"
"Indika Pradeep","https://www.facebook.com/indika.pradeep.305406","ඥානසාරගේ ගෝලයෙක් ඉන්නවා පට්ටපල් හොරෙක් අලුත්ගම දර්ගා නගරයේ ඥානසාර වගේමයි අනුන්ගේ කෙබර ගහනවා අම්මවයි පුතාවයි තියන් ඉන්නවා සිංහල බෞද්ධයාට කොඩිවිල කරනවා"
"Hmrw Rohana Hennayake","https://www.facebook.com/H.M.Hennayaka","සිංහල ජාතිය වෙනුවෙන් එක කොල්ලෙක් ගේම ඉල්ලුවා රෙස්පට් කොල්ලෝ."
"Crusade Knight","","Buddha wachanaye agam jathi beda ne...eka uba danne nathi unata...godak gihiyo dannawa... athsan gaha ganna wenne 🍑 thama..."
"Dammika Prasad","https://www.facebook.com/dammika.prasad.1656","පර ඝනගෙඩි බල්ලෝ උබේ අම්මට කාක්කෙක් මොකක් හරි ............... කලු නේ"
"Sk Sarath Kumara","https://www.facebook.com/sk.sarath.kumara.2025","👍👍👍👍👍👍"
"Abhishek Kohona","https://www.facebook.com/abhishek.kohona.2025","😂😂😂😂😂😂"
"Harish Kosala","https://www.facebook.com/harish.kosala","අනේ හාන්දුරැවනේ ගිහියෝ දෙන පිං දානේ ටික වලදලා උපාසකයින්ට බණ ටිකක් කියලා හිටපං පිංගුත්තරයෝ"
"Sampath Dinesh","https://www.facebook.com/sampath.dinesh.5","Harish Kosala උඹ උඹේ පාඩුවෙ ඉදපන්කෝ පොන්න#"
"අභිනීල දෙනුවන්","https://www.facebook.com/people/%E0%B6%85%E0%B6%B7%E0%B7%92%E0%B6%B1%E0%B7%93%E0%B6%BD-%E0%B6%AF%E0%B7%99%E0%B6%B1%E0%B7%94%E0%B7%80%E0%B6%B1%E0%B7%8A/pfbid0w9e5cuwrwgLZUHXB3FRq4tqjcvpD8rgsA2weGd6rAqqoxZi7bFTKHnZx32nXWowXl","Harish Kosala එහෙම  ඉඳල  කොහොමද  ගොන්  බූරුවො   ආගම  ,  ශාසනය   රකින්නෙ.   ඉස්ලාම්  අන්තවාදීන්    රටේ   හැමතැනම  ක්‍රියාත්මක වෙනව   තොට   පෙන්නෙ  නැද්ද"
"Anura Dissanayake","https://www.facebook.com/anura.dissanayake.758399","එක් අයෙකුට පමණයි කොන්දයි කටයිතිබුනේ...ඒ වහේ අය දෙකක් තුනක් හිටිය නම් තොපිට ගහල එලවනවා............."
"Nili Nili","https://www.facebook.com/people/Nili-Nili/pfbid02AwVfHFdEKbs1BADSThzLxKqErYgwVzra9znkAmiozS9D5vPYRcmuwxipsysvGafql","Anura Dissanayake ammagan ahapan appa hmbayakda damalakda kiyala awjataka waciga putha"
"Anura Dissanayake","https://www.facebook.com/anura.dissanayake.758399","Nili Nili tho ekka haminenna ena ewunge jathake baluwada.demalada,muslimda kiya baluwada"
"Amarakon Disanayaka Ramesh Chandika","https://www.facebook.com/amarakon.disanayaka.ramesh.chandika","Anura Dissanayake me wage hampada ganunta gahanne ban"
"Nili Nili","https://www.facebook.com/people/Nili-Nili/pfbid02AwVfHFdEKbs1BADSThzLxKqErYgwVzra9znkAmiozS9D5vPYRcmuwxipsysvGafql","Anura Dissanayake me inna topa tattada kiyala ammagan ahapan"
"Nili Nili","https://www.facebook.com/people/Nili-Nili/pfbid02AwVfHFdEKbs1BADSThzLxKqErYgwVzra9znkAmiozS9D5vPYRcmuwxipsysvGafql","Amarakon Disanayaka Ramesh Chandika apita ghanna tikak amaru wai ammawa ghin dipan tmbinta damalunta polimak danna awjataka kalla toni waciga putha"
"අභිනීල දෙනුවන්","https://www.facebook.com/people/%E0%B6%85%E0%B6%B7%E0%B7%92%E0%B6%B1%E0%B7%93%E0%B6%BD-%E0%B6%AF%E0%B7%99%E0%B6%B1%E0%B7%94%E0%B7%80%E0%B6%B1%E0%B7%8A/pfbid0w9e5cuwrwgLZUHXB3FRq4tqjcvpD8rgsA2weGd6rAqqoxZi7bFTKHnZx32nXWowXl","Anura Dissanayake උඹේ   අම්මට   තම්බියෙක්  හුකල  නේද  උඹව   ජාතක  කලේ.."
"Kumara Kumara","https://www.facebook.com/people/Kumara-Kumara/pfbid0pjfqndKUvEkZGxMsWohtMVMnT4nnQL8sf9FcKhpry8Ny7YZ6LvcvxgnowX6j4MvDl","අධිකරණ නියෝගයකට අභියෝග කරන මේ පාහර බල්ලා වහාම අත්තඩංගුවට ගනිල්ලා......"
"Sameera AK","https://www.facebook.com/people/Sameera-AK/pfbid0yMk4DQcQ5eALwJQbhrA5nBkES6HD7qeXRhMvkvJdQYtF8uqVJwSRCW3vXFMp7DcFl","Kumara Kumara Ammagen ahapan jathaka unee balkektada kiyala"
"AD Ranjith","https://www.facebook.com/people/AD-Ranjith/pfbid0287niTTH4hK1AkDYcAuUWYNZBZfNJUJyBCyUquPTJBZwtvADKmd7XHhuxgxnFEmvql","Sameera AK ub d"
"Subhadra Mehenin Wahansa","https://www.facebook.com/subhadra.mehenin.wahansa","Kumara Kumara"
"Sampath Dinesh","https://www.facebook.com/sampath.dinesh.5","Kumara Kumara උඹ කියනකම් හිටියෙ පොන්න#"
"Dilhan Priyanga","","Subhadra Mehenin Wahansa ඕක පෙන්නන්නෝන මෙහෙනින් වහන්ස තිත්තගල්ලෙට..."
"Sanjeewa Liyanapathirana","https://www.facebook.com/sanjeewa.liyanapathirana.75","මූ මොකෙන්ද තිත්ත කෑල්ලක් පාරයා"
"Herath Thilakarathna Herath","https://www.facebook.com/herath.thilakarathna.herath","අපේ රටේ වැඩියෙන්ම බොරු කියන්නෙ ඔහේල තමයි, ඒ මදිවට වෛරය පතුරුවනවා මිනිස්සු භේද කරනවා ."
"අභිනීල දෙනුවන්","https://www.facebook.com/people/%E0%B6%85%E0%B6%B7%E0%B7%92%E0%B6%B1%E0%B7%93%E0%B6%BD-%E0%B6%AF%E0%B7%99%E0%B6%B1%E0%B7%94%E0%B7%80%E0%B6%B1%E0%B7%8A/pfbid0w9e5cuwrwgLZUHXB3FRq4tqjcvpD8rgsA2weGd6rAqqoxZi7bFTKHnZx32nXWowXl","Herath Thilakarathna Herath නැගෙනහිර   කාත්තන්කුඩියට  ගිහිල්ලා   බලපන්   වේසිගෙ   පුතා  තම්බියො  මොකාටද   එන්න   හදන්නෙ  කියල"
"Nuwan Chamara","https://www.facebook.com/nuwan.chamara.104955","Herath Thilakarathna Herath ඔයාට  අනිත්  ජාතින් කරන පෙකාෂ පෙන් නැද්ද"
"Nuwan Chamara","https://www.facebook.com/nuwan.chamara.104955","Herath Thilakarathna Herath"
"Iresh Vijesinghe","https://www.facebook.com/people/Iresh-Vijesinghe/pfbid0AdatY17FfPL2frEPZ6YwdUNatmxgWKwgXjzJb9orVAD293RqVTfudZQj4Ch55q9al","Mind Wisdom ube labba"
"Ajith Jayasinghe","https://www.facebook.com/ajith.jayasinghe.570623","Iresh Vijesinghe මට්ටයෙක්."
"Rohan Gallage","https://www.facebook.com/rohan.gallage.9","Niyamai   bro    oya .   Mun   me   ekka  eka   Bayiyange     passe   yanna   Hora    Kahakadayekkne....me    Budda   sasanayath    kanna   Gannayo ..."
"Navarathna Navarathna","https://www.facebook.com/navarathna.navarathna.7","බත් බැල ගනයා"
"Perera Noel","https://www.facebook.com/perera.noel","Man Hari asawen me hamuduruvange bana ahuwa..dannam tika tika tita wenwawa..guu  godak wenne natiwa  bana kiyana  hamuduruwane..ekta bohoma Pin.."
"HG Athula","https://www.facebook.com/atula.kumara.9","අපේ හාමුදුරුවනේ උඹ බොරු නම් කියන්න එපා උඹට ඔය බුදුහාමුදුරුවන්ගේ චීවරය දාගෙන ගෙරිය ඔළුවක් නිවන් දැක්කත් සඟ ඔළුවක් නිවන් දකින්නේ නෑ. බුරු පුරු කියන්න එපා යක්කෝ"
"Prabath Indrasiri","https://www.facebook.com/prabath.indrasiri.1","HG Athula kawuda minta ape hamuduruwao pawu githsyo"
"LJMR Bandara ","https://www.facebook.com/ljmrbandara","කෑ නොගහා හිටියේ උඹලට බයේ නෙවෙයි .උඹලට වඩා ලැජ්ජා ,බය තියෙන නිසා"
"Susanth Abewarna","https://www.facebook.com/susanth.abewarna","LJMR Bandara  හරිනෙ ආමිඑකේ 8පාස් ගොංකැරියෙක් නෙ තෝ ඔයපට්ට හොරුන්ගෙ ගුකකා අනුන්ට ගරහන්න එපා මෝඩ කැරිය"
"LJMR Bandara ","https://www.facebook.com/ljmrbandara","Susanth Abewarna උඹ බල්ලෙක් .අම්මගෙන්ම අහපන්"
"Chaminda Suraweera","https://www.facebook.com/people/Chaminda-Suraweera/pfbid02bT5jp9NT54NWaCrTau8JYaYh1jdDs2ChfnvbyYd3VktNKAVXCaVgNo5so91DJbnkl","Nodakin kahakadaya"
"Chamara Chamara","https://www.facebook.com/dinu.max.33671","Chaminda Suraweera pala ponna kariya"
"අභිනීල දෙනුවන්","https://www.facebook.com/people/%E0%B6%85%E0%B6%B7%E0%B7%92%E0%B6%B1%E0%B7%93%E0%B6%BD-%E0%B6%AF%E0%B7%99%E0%B6%B1%E0%B7%94%E0%B7%80%E0%B6%B1%E0%B7%8A/pfbid0w9e5cuwrwgLZUHXB3FRq4tqjcvpD8rgsA2weGd6rAqqoxZi7bFTKHnZx32nXWowXl","Chaminda Suraweera නොදොකින්   සක්කිලියාගෙ  කටට   පනුවොම   ගහපිය"
"Mohammed Riyas","https://www.facebook.com/mohamed.riyas.3950","👍"
"HG Athula","https://www.facebook.com/atula.kumara.9","මුංගෙ කතා කරලා වැඩක් නෑ මුං ඇවිල්ලා පිනට කාලා පිනට බණ කියලා ඉන්න බූරු හැත්තක්"
"අභිනීල දෙනුවන්","https://www.facebook.com/people/%E0%B6%85%E0%B6%B7%E0%B7%92%E0%B6%B1%E0%B7%93%E0%B6%BD-%E0%B6%AF%E0%B7%99%E0%B6%B1%E0%B7%94%E0%B7%80%E0%B6%B1%E0%B7%8A/pfbid0w9e5cuwrwgLZUHXB3FRq4tqjcvpD8rgsA2weGd6rAqqoxZi7bFTKHnZx32nXWowXl","HG Athula තෝ  එහෙනම්  මහන  වෙලා   ශාසනේ   රැකපන්  ගොන්  බූරුවා"
"Sadali Maleesha","https://www.facebook.com/sadali.maleesha.2025","චීවරේට මුවා වෙලා කරන වැරදි වැඩවලට මෙලව වත් පරලොවවත් සුගතියක් නැතිවෙයි. සසරේ කොයි තාක් කාලක් දුක් විදින්න වෙයිද දන් නැ"
"Shehan Liyanage","https://www.facebook.com/sfgghhhhggg","Sadali Maleesha පල වෙසි යන්න බැල්ලී"
"Nirosh Chandimal","https://www.facebook.com/nirosh.chandimal.75","Shehan Liyanage ඇත්ත නෙ බන් කිව්වේ"
"අභිනීල දෙනුවන්","https://www.facebook.com/people/%E0%B6%85%E0%B6%B7%E0%B7%92%E0%B6%B1%E0%B7%93%E0%B6%BD-%E0%B6%AF%E0%B7%99%E0%B6%B1%E0%B7%94%E0%B7%80%E0%B6%B1%E0%B7%8A/pfbid0w9e5cuwrwgLZUHXB3FRq4tqjcvpD8rgsA2weGd6rAqqoxZi7bFTKHnZx32nXWowXl","Sadali Maleesha තොපිට  බූර්කාවක්  අන්දලා   අරාබියට  පිටුවහල්  කරන්න  ඕනෙ   ගොන්  වේසි"
"Sadali Maleesha","https://www.facebook.com/sadali.maleesha.2025","Shehan Liyanage තෙරුවන් සරණයි!"
"Sasika Priyadarshana","https://www.facebook.com/sasika.priyadarshana.1","Me pagaya saasanayen elawanna ඕන"
"Niroshan U Kumara","https://www.facebook.com/niroshan.ukumara.9","Kalabala venna apa hamuduruwane kipa denaine"
"Sarath Amarasinhe","https://www.facebook.com/people/Sarath-Amarasinhe/pfbid02rqDjNySUmADdeU6fhp5tYKVYsrq1bPJYmPMXcpa5oA3diJdwYp1PrMYsLfMRXPg6l","Ane  hukahan  thiththa  galle  hukanna"
"Roshan Wanninayake","https://www.facebook.com/roshan.wanninayake","[Image Attachment]"
"Chaminda Disanayake","https://www.facebook.com/people/Chaminda-Disanayake/pfbid096UDbrtFxD5znR38xRRVu2dDP52ad6giTnZbYJVJMQoLUVCFP1FSJPoZ4Q7r32uTl","❤️❤️❤️❤️❤️❤️❤️💝💝💝🔥"
"الزهرة البيضاء","https://www.facebook.com/people/%D8%A7%D9%84%D8%B2%D9%87%D8%B1%D8%A9-%D8%A7%D9%84%D8%A8%D9%8A%D8%B6%D8%A7%D8%A1/pfbid02ADEL8pYT3d2V1L8bGb56ybumtaFpg9hgNK95TyhPzg7HHRChSBdHKaVPDEybbBWLl","MEE AHAPAN RAJA FUCK SHA NIKAYEE GOO KANA WAHALLU NODAKIN WITARAK MUUUU TITHTA GALLA ANEKA MAAGAL KAN DA DAN HANGELA ENNA AKAA...UUU GALA GODA ATAKOTA MUN OKKOMA GOO GODAWAL ANIWARYEN JANATAWA MUNWA PRATIKSHEEPA KALA UTUI.  HORA TAKKADI KALAKANNE APATAYO"
"Chaminda Gamagedara","https://www.facebook.com/people/Chaminda-Gamagedara/pfbid02fv8TG7Ey15tGLMr7xmXKT363PeRVbQSaPGeMHjBdRkcwHJRLNeZWv3zukjvFcU8Dl","🔥🔥🔥🔥🔥🔥🔥"
"Saman Dewapriya","https://www.facebook.com/people/Saman-Dewapriya/pfbid02fjY38T2pxAdSbNCUdyA24HM5FaHb7vHURfM1NnxAvyVHX6hwCyiU3d35UZS4htzAl","Ara podi baduwak gehuwak  8mas poro ko ewata sadda ne  pakya ko"
"Namal Deshappriya","https://www.facebook.com/namal.deshappriya.33","අපි කෑගහනවා එතන හිටියේ නෑ"
"Simons Tony","https://www.facebook.com/tom.smith.820136","නානසාලාත්ටෙක් තූවත් තරෙන්ඩෝණේ ඊරගිතර කැරිවේසිげ පුතා ජීවිත කාලෙම ගතකරන්න ඕකෙම පනෝ ගහල මැරිලා කුනුවෙලා යන්න तොපි දෙන්න මූසල බල්ලෝ."
"Nega Friday","https://www.facebook.com/nega.friday","Muu kalakanniyek"
"Sunanda Silva","https://www.facebook.com/sunanda.silva.12","සිවුරට මුවා වෙලා මේ වගේ හැසිරෙන  කාලකණ්ණි අධම රැල බුද්ධ සාසනයෙන් නෙරපා හැරිය යුතුයි"
"Ananda Pathiraja","https://www.facebook.com/ananda.pathiraja","[Sticker]"
"Ajith Priyantha Hewarathnage","https://www.facebook.com/ajith.priyantha.hewarathnage","Pala.pako yanna thoge siuravgalawaganne nathuwa pakaya"
"Priyantha Udaya Kumara","https://www.facebook.com/priyantha.udayakumara.14289","Okaa,Anurata කතිර ගහපු එකෙක් නෙමෙයි ණයට ,Kahina,Gootha කැරී Ponnaya"
"Priyantha Udaya Kumara","https://www.facebook.com/priyantha.udayakumara.14289","ආදරෙයි Bokka, මේක ,ලෝකේ 🇱🇰 Number 1 Marunata,කමක් නැහැ මේක හදන්න  පොර ,Badalaa. කවදාහරි දවසක ළමයින්ට Nudahas, රටක් හදලා  ❤️🙏"
"Adikari Herath","https://www.facebook.com/people/Adikari-Herath/61577420940832","කැරි ඝනයට සියුර ගලවලා පුක පලන්න ඔනි"
"Simon Peter","https://www.facebook.com/simon.peter.416260","නියමයි සහෝදරයා 🔥🔥🔥🔥🔥"
"Shanawa Shanawa","https://www.facebook.com/people/Shanawa-Shanawa/pfbid02ASt5YvFBFVHN2XmGAU3JL1ukKgQfGax52t3THygGZ1G5JdDYgNQpKjgkcXHnaR66l","👍❤️"
"Md Mishard","https://www.facebook.com/people/Md-Mishard/pfbid02WE2NXjyrqyCqpGk4mLPvjyhvjQRouk6xEnSZrV4iyS4dWQ6SvXAxPXwYYyZGzmKYl","නානසාර ධාර්මික පල කලුතඩිය යන්න"
"Diluk Shyaman","https://www.facebook.com/people/Diluk-Shyaman/pfbid02QrtJMaP3m1g3ypdkLMCFZtJXwx8WGbDBnozPTviTwU5hjgFxEz9QNSrv3Sx36vBMl","සිවුරු  ගලවන්න ඹිනෙ මෙයාලගෙ"
"Jagath Weerasekara","https://www.facebook.com/jagath.weerasekara.180","මුං මොන තරම් හරක් ගොත පැටියා ඩොබියා"
"Mohammed Siyam","https://www.facebook.com/people/Mohammed-Siyam/pfbid02Soopju8urYGnShA4SpR5FQTbJ1bTyPQf13cB1dFcYBy2KxzN3H5PjYu9vHAGEeQSl","Yes bro"
"Thilaka Weerasinhe","https://www.facebook.com/people/Thilaka-Weerasinhe/pfbid0emjKz7G9z6MHUQyi9hivWf7TAfL5pWS5hjt3jHM7zjnrhd3FxYjt3RNxjwVvHrytl","දානේ කාලා ඉන්න  බෑ"
"Nuwan Chandrasekara","https://www.facebook.com/people/Nuwan-Chandrasekara/pfbid02TRdTjcL6CZ76kkVXRn3VdLrQUo1jGM6ym9TLRtg5sBXhwrwUS2qVEGtVSuNVb9iMl","Niyama  kollek  macn  jaya  waewa"
"Ranjan Rsk","","පන්සලකට පලයන්"
"Prasanna Kumara Sonnadara","https://www.facebook.com/people/Prasanna-Kumara-Sonnadara/61587156590301","මූ දෙන පැත්තට නැවෙන හරකෙක්..අනුරගෙන් මුකුත් හම්බුනෙ නැති නිසා දැන් බයිලා ගහනවා"
"Padmasiri Bandara","https://www.facebook.com/people/Padmasiri-Bandara/61582061500440","[Image Attachment]"
"Ananda Wedasinghe Wedasinghe","https://www.facebook.com/anandawedasinghe.wedasinghe","නියමයි   ගනයට   දිපු   උත්තරය"
"Nilanthi Chethana","https://www.facebook.com/nilanthiloku","Good job brother 💪💪💪💪💪💪💪💪💯"
"Gemunu Herath","https://www.facebook.com/people/Gemunu-Herath/pfbid02pNbHSHkpJugMARJnwMpuDE2hDQhyRFKG3b5HCFvSVPxi4hJs9GnRXPjENtdhebmLl","Mokada me ponna gothaya"
"Emil Saranga","https://www.facebook.com/emil.saranga","Ane hutho sewra galawanna isalla kata wahgane hitapan"
"Ajantha Gh","https://www.facebook.com/ajantha.gh","අනේ මේ දර්මික අය කියන්න පන්සලේ ඉන්න ඕනා අය දේසපාලනේ කරන්න ඇවිත් බුද්ද සාසනේ විනාස කරනවා"
"Nilanthi Nilanthi","https://www.facebook.com/nilanthi.nilanthi.256270","අම්මෝ හා 😂😂"
"RM Ranathunga","https://www.facebook.com/people/RM-Ranathunga/pfbid02WHxRkGnr714fFngmYsVUm7VvN7wKjkUgSWks7jQUdazJiUcXacM78cxj5PrQjZqml","නානසාරට.තිබිබෙි.තිත්තවැල්ලයගේ.ඇටකඩන්න"
"Rohan Jayadewa","https://www.facebook.com/people/Rohan-Jayadewa/pfbid02cAURLC48m7KhSsRo4oK7eResXy5dyPtjdh1idmfWtYbJAN5hs5NWwRnWYxg32aLMl","Sahodaraya. Umba. Hamudyruwanta amantharnaya  karnahati igena ganin..nathnam  umbatA wenade  umbawath. Dannaaaaaaa."
"Suneth Suneth","https://www.facebook.com/people/Suneth-Suneth/pfbid02yCTceCCVaTAk2XXK5madFJXKZ8KZpJBEqkur3nBVydc6j3wfayFZ1YiFR844H24Zl","ගෝතයො තො දාන එවට කොමෙන්ට්ස් බලපන් තොට පෙනෙයි අත්සන් කරපු උන්ගෙ තරම..කාලකන්නි සිවුරක් දස්ගෙන බුදධාගම කන්න ආපු කාලකන්නි"
"Harsha Chandimal","https://www.facebook.com/harsha.chandimal.820014","Keri ganeya"
"Harsha Chandimal","https://www.facebook.com/harsha.chandimal.820014","Me keriya mokada"
"Krr Bandara","https://www.facebook.com/krr.bandara.96","හරි රජු ධාර්මික නැ. .ඒ හින්දා ජනාධිපති සමාව නැ.අත්සන් එකතුකරන්න යන්න ඔින නැ.දඩුවම ඇදල එන්න කියන්න."
"Dm Sandya","https://www.facebook.com/people/Dm-Sandya/pfbid02L5pUBQcpVBvgXd4D3MSNjCSUrngoUUvB9EfLnLZgtoAcgfeJYp8TvRNyVotSuNXzl","රටෙි නිතියක් තිවෙනවමි ඒක ක්‍රියාත්මක කරානං ඉවරනේ  ..මෙි බයියන්ට රගන්න ඉඩනොතියා..."
"Kamal Rajani","https://www.facebook.com/people/Kamal-Rajani/61591010960911","Dm Sandya 💓💓💓💓💓💓👍"
"Sanath Ashoka Hitihamillage","https://www.facebook.com/sanath.ashokahitihamillage","Ane  palayan  pa...o  kaanogaha.  Kahakadaya."
"Nissanka Nissanka","https://www.facebook.com/nissanka.tilake","Munta kiyanna wachana na"
"Kosala Sandaruwan","https://www.facebook.com/people/Kosala-Sandaruwan/pfbid02cQnB3WHWYK5gMD4xLWUNuzDXFVuMSxWbzBDv4FydLMvG9SScDtZixZfiDGTcveqDl","Anee ganagediyoo😂"
"Nihal Fernando","","[Sticker]"
"Sriwanthi Rumeshika","https://www.facebook.com/nsbandara.bandara.3","මොනදේ වුනත් අපි මතක තියාගන්න ඕන දෙයක් තමයි සිංහල බෞද්ධ අපිට ඉන්න තියෙන්නෙ මේ පුංචි රට විතරයි.අපේ රටේ අපි හැමදෙනා ගැන හිතුවට අනිත් රටවල අපිව පයට පෑගෙන දූවිල්ලක් ගානටවත් ගනන්ගන්නෑ.සියලුම ජාතින් එකසේ සිතනවානම් ප්‍රශ්නයක් නෑ."
"Kelum Nishanth","https://www.facebook.com/people/Kelum-Nishanth/100010099593863","මේ හාමුදුරුවන්ට රාජපක්ෂලාගේ වැඩ පෙනිලම නැහැ. දන්නෙම නෑ, බබා."
"Wickramaratna Wp","https://www.facebook.com/wickramaratna.wp","අස්සලාම් වාලේකුම් ! සිවුරු රඳනේ !!"
"Digi As","https://www.facebook.com/people/Digi-As/61594236953785","Wickramaratna Wp . සිංහල නම් වලින් හැංගිලා ඉන්න කැරි හම්බ ජානය"
"KM Muhandiram","https://www.facebook.com/people/KM-Muhandiram/pfbid029xADJrPYvk2nZbJGKh95zELuBVZ7rfE8yf6UtKS9JD3A5mhvx4aeV6FZ5eewGiUSl","Mokada mu kohen path una thaeath kaha kaha kadayek"
"Janaka Gamage","https://www.facebook.com/janaka.gamage.1048","[Sticker]"
"Shiran Fernando","https://www.facebook.com/shiran.fernando.526","මෙච්චර හරක් තමයි ඒක කරන්න ඇත්තේ වනජරයන්ව රට විනාශ කරන ආගම දහම බුදු දහම කන උන්ම තියාගන්න සුදුසුයි කියලා කියන්නේ උඹල වගේ හරක් උඹලට සිවුර තියෙද්දි උඹලගේ උඹලට උඹල බං බොලං කියලා කියන්නඋනාට"
"Gopalrejh Raviraj","https://www.facebook.com/gopalrejh.raviraj","[Image Attachment]"
"A Ragith Kumara","https://www.facebook.com/people/A-Ragith-Kumara/pfbid0QWuCmiATJR3dCMdne6pEembC2mWyFM5RFAbkpC4BvsoxpWzLzTtG8ksDVzv4fwvSl","Niyamai pehedili kirimak sahodaraya Thanks"
"Gopalrejh Raviraj","https://www.facebook.com/gopalrejh.raviraj","[Image Attachment]"
"Senura Dinu Dinu","https://www.facebook.com/senura.dinu","Mun  siurata agaurawa karan pinbath gilin  un"
"Sampath Amith Jayarathna","https://www.facebook.com/people/Sampath-Amith-Jayarathna/pfbid02DEWhY6tj5WQqYdy4ivk9goq7XFwYoSXXXSBV7wLFBZVXn9cnkFbWpDpvLSgUZAxYl","කාලකන්නි යා බලකෝ මුගේ මූනේ හැටි"
"Sampath Amith Jayarathna","https://www.facebook.com/people/Sampath-Amith-Jayarathna/pfbid02DEWhY6tj5WQqYdy4ivk9goq7XFwYoSXXXSBV7wLFBZVXn9cnkFbWpDpvLSgUZAxYl","හාමුදුරුවන් ට බනින්නේ,,, ගෝතයෝ සුනක දාතුවෝ"
"Sumith Aruna Rodrigo","https://www.facebook.com/bksumitharuna","Sampath Amith Jayarathna එතකොට සුනඛ වැඩ කරන හාමුදුරුවරුන්ට මොනවද කියන්නේ"
"Disanayayka Gamini","https://www.facebook.com/disanayayka.gamini","මෙකගෙ සිවුර ගලවලා චීත්තයක් අන්දන්න ඔනෑ"
"Madura Sada","https://www.facebook.com/madura.sada.3","[Image Attachment]"
"Suminda Priyarathna","https://www.facebook.com/suminda.priyarathna","Niyamai machan obe kathawa ba.thawa dapan machan."
"Jakan Jakan Jakan Jakan","https://www.facebook.com/jakan.jakan.jakan.jakan.2025","[Image Attachment]"
"T M Thennakoon Kumara","https://www.facebook.com/t.m.thennakoon.kumara","සහතික ඇත්ත කතාව ඔයාගේ සහෝ........"
"Seewali Rathnayake","https://www.facebook.com/seewali.rathnayake","එල්ලෙන්න වැලේ වැලක් නැතුව හිටපු සාදු ඥානසාරගේ සිවුරු පොටේ එල්ලුනා"
"Shantha Pallewatta","https://www.facebook.com/shantha.pallewatta","https://www.facebook.com/share/v/1DqxzcsR77/"
"Kenneth Vandort","","[Image Attachment]"
"Aravinda Sooriya","https://www.facebook.com/aravinda.sooriya.2025","Ane wattakkaa hamuduruwane"
"Krishan Srilal","https://www.facebook.com/people/Krishan-Srilal/61588971179374","Rajapakshalage gu kana thopi oya siura palola yamalla ."
"Dilmi Omaya","https://www.facebook.com/people/Dilmi-Omaya/pfbid024iLWM2iYCoD8y3iD1RoKJRbfXimnufKP7xLiKa2Bv1QPdUe1fLmmqZdvhKdztqBDl","Aniwa 💯💯🔥👍"
"Wijerathna Jayasuriya","https://www.facebook.com/wijerathna.jayasuriya","රාජපක්ෂලාගේ ගූ  කන අපතේක්"
"Sampath Thushara","https://www.facebook.com/sampath.thushara.494445","Okma kegehuwanan redda galawala duwanna wenne yako minisu dena bathatika kala inna beri pingutharayo mun"
"Demetrius Keig","https://www.facebook.com/demetrius.keig.5","[Image Attachment]"
"Sanjaya Peiris","https://www.facebook.com/people/Sanjaya-Peiris/pfbid0CBuHYquyGJayjikmPyPjxFubqC7yct82S6t9v9CUb2k4rT7b6WS4aff6u7Tiecp5l","Sakkiliya haththa"
"Mohamad Baseer Kwt","https://www.facebook.com/mohamad.baseer.kwt","[Sticker]"
"Sampath Thushara","https://www.facebook.com/sampath.thushara.494445","Ganaya ugen hodata ahgathane adda"
"Selva Kumar","https://www.facebook.com/selva.kumar.701674","🤣🤣🤣🤣🤣🤣🛕🛕⛪🕋🕉️🇱🇰"
"Ems Akanayka","https://www.facebook.com/people/Ems-Akanayka/pfbid02aAbZpUx5i3mtmqpDmf6RrAQeCkFefkrtUX2828qLwKkcLTVrvCvzKVmSsvpUEftl","තිත්ත ගාල්ල පකය"
"Preethi Liyanage","https://www.facebook.com/people/Preethi-Liyanage/pfbid0n7RzA7DemfKnRz3untoyKdw72cPbFfBnVC8ZMJnykpEHWY9XpG9aR1zCGcdLbjA9l","Gong   atal දෙන්න එප්පා   ඌට   පාළු   ati nea   ubat  .palayan     okat  ekka      බූරු     ගණය"
"හර්ෂන ජයසිංහ","https://www.facebook.com/dbwv6js802","මෙයාටත් යන්න ඔන වෙලාවගෙ 🥴"
"Pradeep Kumara","https://www.facebook.com/people/Pradeep-Kumara/pfbid0vD2zDaaYkxqBBLMHRAn7PQtyVs1WsvTgfGwMWtY2M14Nw2kUawENDPbWZoTSR78al","[Sticker]"
"Eshan Hrsan","https://www.facebook.com/people/Eshan-Hrsan/pfbid02Ksv3TKMPJ5rEPAemrHXxWp6NHPDSHZhAUBU4KKVjCR5XpfT5WYAfUzMe1JnG377ql","Ubala nisa apawat natiwae"
"Anil Kodagoda","https://www.facebook.com/people/Anil-Kodagoda/pfbid02fHDUSNW3Nbi1ZdaSZ45MKbx478i1dQ6Ay7wah1ckdcfWj47SQJrk3KeVbjfUgYuWl","මල්ලි මලනීයමි"
"Gagabada Arachchi","https://www.facebook.com/upali.upali.903205","තොට පිස්සු"
"නිමල් කරුණාතිලක","https://www.facebook.com/1vtmstxijx","Okaneme prsn eka eka nadagam genala saba prsne yatagahanawa jear thathu penala kupn pothata keliya wage oya nilan kara  as hotha ganila"
"Eshan Hrsan","https://www.facebook.com/people/Eshan-Hrsan/pfbid02Ksv3TKMPJ5rEPAemrHXxWp6NHPDSHZhAUBU4KKVjCR5XpfT5WYAfUzMe1JnG377ql","Ohma katakara panko atamastanaye pasnayat"
"Nisala Vila","https://www.facebook.com/people/Nisala-Vila/pfbid035ZGANbwQgVEoVqQRfgGEcN2WNtVQf7dduy1T15CW1q5pqSBjtD6fwAFab8gdzzYjl","Gnasarage thaniyata..meyath yewwanam hari wage...ekama type eke dennama..😜🤣"
"Anil Perera","https://www.facebook.com/anil.ap.754703","👍👍👍👍"
"Suneth Sanjaya","https://www.facebook.com/suneth.sanjaya.169","[Image Attachment]"
"Ushani Chathurika","https://www.facebook.com/ushani.chathurika.453127","[Image Attachment]"
"Mahesh Buddika","https://www.facebook.com/people/Mahesh-Buddika/61593836858640","Ushani Chathurika ඒ මේ රට අන්‍යාගමිකයන්ට විකිණිලා ඉවරයි නමට හරි හිටපු බුද්ධාගම්කාරයොත් උන් නම්මගන ඉවරයි"
"Indika Niroshan","https://www.facebook.com/indika.niroshan.197891","😂🤙😂🤙🤙😂😂😂"
"Monik Darshana","https://www.facebook.com/monik.darshana","Ada Ada  hitapan  tawa awurudu  15witara"
"Malwana Sabhapathy","https://www.facebook.com/people/Malwana-Sabhapathy/pfbid0kNdWPoxa3Xv5sBf4tJ1aXD8E1Hxxwy3k7Npj5vKud8gc92G1hYt8N26FHPGVjjYdl","SRI LANKAWA AVAJAATHAKA RAJAKAM KALA PAL HORA DHEASHAPALAKAYANGE AVAJAATHAKA CHEEWARAYAN"
"Jasintha Wijesekara","https://www.facebook.com/jasintha.wijesekara.2025","ඔබවහන්සේ රටේ ජනතාව රවට්ටලා ජනතාව රටේ ප්‍රධාන පුර wasiya darmika නැත කියනවා ඔබවහන්සේ රහත් වෙලා ඉඳලා දැන් වැඩ සිටින්නේ එන්නම් ඔබවහන්සේ ගලබඩ හාමුදුරුවෝ මුස්ලිම් ජනතාව සිංහල මිනිසුන් සමග ගැටුම් ඇතිකර රටේ ප්‍රධාන පුරවැසියා සමග ගතකළ කාලය amathakda රජුන් පත් කරන්නේ රටේ ජනතාව රජුන් අයින් කරන්නෙත් රටේ ජනතාව ඔබවහන්සේ ලා චීවරය රැක ගෙන පාඩුවේ ජීවත් වෙන්න"
"Sudesh Pushpajeewa","https://www.facebook.com/people/Sudesh-Pushpajeewa/pfbid02CDKa4FpsuFvPvU3iRrfzP5MzBuiHwuwKpaFV5Y3ZG6KGCm2onYcsRUUdkSd6cKYyl","Pala pakayo"
"Cristopher Nishan de Mell","https://www.facebook.com/Nishandemel","Pake thatta wesige putho. Athe parak gahala budiyaganin pakayo."
"Gamage Rathnasiri","https://www.facebook.com/people/Gamage-Rathnasiri/pfbid0SWSmn8g1Wq8gAd6BPeTZV8jbM1ieNGvCq6XSbxfYs7muKSJVKLMH89tRLSRKZTu1l","මේවගේ චිවර්දාරි රටට පිළිලයක්"
"Nirmalee Mendis","https://www.facebook.com/nirmalee.mendis.12","ඔය ඥානසාරයාව හිරේ දාන්නම  ඕනෑ ඔය  බෞද්ධාගමට සහ සිවුරට කරන අගෞරව වැඩ නිසා දැන් බය වෙලා ජාති භේදය අවුස්සන්න ගිහිල්ලා කරගත්තු හරිය 🤣🤣🤣🤣🤣"
"Namal Kumara Kulathunga","https://www.facebook.com/arrowway.arrowway.7","Nirmalee Mendis naanatath okama kiyapanko"
"Mona Metilda","https://www.facebook.com/mona.metilda","මුන්  සිවුරට  මුවා  වෙලා  මිනිස්සුන්ගෙන්  පිනට  කකා  කරනදුශිත  වැඩ  හෙන  මුන්ට"
"Indika Vidanage","https://www.facebook.com/indika.vidanage.425698","කව්ද බන් මේ සක්කිලි කැමරාවක් අරන් කඩේ යන පාන්කඩයෝ මුන් දන්න්වද මුන්ට හෙට ව්ව්න්නේ මොකද කියලවත්..."
"Akalanka Akalanka","https://www.facebook.com/people/Akalanka-Akalanka/pfbid07F7iJdyoN5K17FY1ANN4UCMNuxb4UDXB8dMMY8obcRfSiFvXwXy3vqeaEDcpcwUsl","Indika Vidanage"
"Shifan Lebbe","https://www.facebook.com/shifan.lebbe","Munga siura galawala eliyata Panna daanta oni"
"Max Jaye","https://www.facebook.com/people/Max-Jaye/pfbid02jheAhUFy2L4UM81XejS3a2x7PMVMEEBQWgHh2wwrNggVP1459L9Sn25f2Ew22sevl","Ela ela kollo uba me pakayanta danewath denna hodane pukadena gana  heththa"
"Viraj Koliy","https://www.facebook.com/people/Viraj-Koliy/pfbid0Tb2G8G8sUF2rNfovq3qLqzcrAhhSeXfpj9xuW4JdqamTzvEgEdt2zfEJpsrDamh5l","පොන්න පකයන්ට කොටි සමරනකොට නැට්ට පුකෙ ගහගෙන ඉන්න කල්ලතොනි"
"Alex Fernando","https://www.facebook.com/alex.fernando.585128","පලයන්  කාලකණ්ණියා යන්න"
"Rathnakumara Ariyasena","https://www.facebook.com/people/Rathnakumara-Ariyasena/pfbid02V2TX7srXK8xPsnSNuouvvr9oV5TB6WoRFDEc8puG79RbpF8Zvxi9LPs4zbCW7cnal","Malli oya hari"
"Thushara Kalubowila","https://www.facebook.com/thushara.kalubowila","අඩෝ කැරි ගෝතයා"
"Rathnasiri Subasinha","https://www.facebook.com/rathnasiri.subasinha","Muta pissu"
"Dt Kumara","https://www.facebook.com/people/Dt-Kumara/pfbid08BPoZN5nmRRwKV2bxG822tT63PLJYL6QcEeeEeB6NcQDjVFWQqcw9Dm9XeNLEr1wl","[Sticker]"
"Mangala Mangala","https://www.facebook.com/mangala.mangala.79827","Thanakola kana un athsana thiba  a thiba unth harK aki kalak iyo"
"Chamara Indragith","https://www.facebook.com/chamara.indragith.545","Anee huu...mukiyannee  muta ona widiyata  naduvisadanna..piya..."
"Lalani Chamila","https://www.facebook.com/people/Lalani-Chamila/61581642151193","මොන අත්සන් දැම්මත් හිරේ තමයි දාන්නේ 😁😁"
"Namali Darmasooriya","https://www.facebook.com/people/Namali-Darmasooriya/pfbid02hN17FksszM11KKntkdgzgRUti15swJ7o2XY1Qi2wGhpnHUaZ9yNcG8GuL4uPpfU4l","Ekana danne na"
"Lalantha Perera","https://www.facebook.com/lalantha.perera.355","Okata   kiyapalla  A   kolaya   aran  Muslim  gmanekata  yanna  kiyala  okata  siura   galawala   nelavi   gon   gotayata 😁🤣🤣🤣🤣🤣🤣🤣"
"Vidanagamage Yasapala","https://www.facebook.com/people/Vidanagamage-Yasapala/pfbid038AdLwW13QE1F848T75L6zFscPPGzR6tXPJaGiqXz7UQ4aSaaEYsPx2SfbrC9QtZhl","පස්සෙ න් එන්නෙ puka.ලොවන්නද? අපිට පවි පුරවන්න එපා අපි අදහන්නේ ජාති හැටියට මනූෂ්‍ය ජාතිය විතර යි    ජාති භේදය අවූස්සලා මිනිසුන් මරවන්න දේ ප.ල විනාශ කෙරෙවිව නම් කට ගොන්නක් බීලා ගිහිල්ල සිවුරු ඇද ගෙන රංග නව  උන්ව ඇතුලට දාන්න ඕන  හාමුදුරුවන්ට කාර්ය භාරයක් තියෙනව මහජනයා යහමගට ගන්න  දානෙ කාල ටවුන් එකට ඇවිල්ලා  සිවුර ට නොගැ. පෙන් විදියට රංග නව නමි උන් වත් ඇතුලට දාන්න ඕන  සිල්වත් හාමුදුරුවරු දානෙ වළදන ය මුන් දානෙ කාල රගනව"
"Sahan Chamara","https://www.facebook.com/people/Sahan-Chamara/pfbid02QXZ9bhnwSGwjNtnLR2MdjoTT4LbuoJoY3BQriW7or3c43A251Y5ZPrFQvqJBfBWfl","තෝ ගාල්ලේ කියන්න එපා ගෙරියා"
"Inoka Chamini","https://www.facebook.com/people/Inoka-Chamini/pfbid02PVhzPQZLrLJyzVBzrHCYM2BKqv7WHZ5fcqXi6cB5UEnwDotek4LaYv9S4ZFx13xyl","මේ මනුස්සයා බුද්දාගමේද .සිවුරටවත් ගරුත්වය තියලා කතා කරන්න දන්නෙ නැ .ගෙවල් වල කතා කරන විදිය හිතා ගමුකො"
"Batagama Arachchige Danushka Chathuranga","https://www.facebook.com/danushka.chathuranga.311","Inoka Chamini මම නියම සිංහල බෞද්ධයෙක්... කියලා තේරුම් ගන්ඩ බැ ඔයට මේක බලලත් 👍"
"Niwantha Weerasinghe","https://www.facebook.com/niwantha.weerasinghe.7","Dup Kahakadaya"
"Susil Sooriyaarachchi","https://www.facebook.com/susil.sooriyaarachchi.2025","[Sticker]"
"Ananda Sudasinghe","https://www.facebook.com/people/Ananda-Sudasinghe/pfbid0Ke3dsZm4yuP2WSeojDnswmp4fG7Goc5N1T91Fb6YSsRCYojsFXHWyYUt2JjoJZful","ඕකගෙත් එක Atayai තියෙන්නෙ"
"Priyantha Indu","https://www.facebook.com/priyantha.indu.1","තොත් ඵක පාහර අමන කහ කඩයෙක්"
"Nissanka Wijerathna","https://www.facebook.com/nissanka.wijerathna.311056","පදලංගල හාමුදුරුවෝ දීහාවත් බලල හැදියල්ල බන්"
"Ganesh Priya","https://www.facebook.com/people/Ganesh-Priya/pfbid02P8xX68oGJUKDQaTX1bDvf79ToQaVGy8PkRNCyBJXCPz9gDeLcHJcxwEXi3RX54X8l","සිවුර දාගත්ත ජාතිවාදි කාලකන්නි බල්ලෝ දැන්වත් මේ රටේ මිනිසුන්ට සාමකාමිව ජිවත් වෙන්න ඉඩදියවු."
"Roshan Priyankara","https://www.facebook.com/roshan.priyankara.625095","අනේ ප**🖕🖕"
"M L Gamini Saviya","https://www.facebook.com/people/M-L-Gamini-Saviya/pfbid0ogx1Wi3guUsLrQwQc7xyo1VovjWeacq9qqC1xwjFM7umAuAYPAE1ffskbZihbDPHl","පිං සිද්ධ වෙයි, පන්සලේ ඉන්න"
"Kassim Chunchu","https://www.facebook.com/kassim.chunchu","Munenma penawa hora ralata kadeyana bawa🤣🤣"
"Kumara Senarath","https://www.facebook.com/kumara.senarath.14","ඔහොම බයිට් එකට ගන්න එපා ඕයි 🤣🤣🤣"
"Mohamed Saheel Mohamed Hussain","https://www.facebook.com/mohamedsaheel.mohamedhussain","[Image Attachment]"
"Champika Somaweera","https://www.facebook.com/champika.somaweera.2025","මට අහුනානම් දෙකට නමලා අරිනවා පුකේ පකයට"
"Chandana Kumara","https://www.facebook.com/chandana.kumara.898758","දහස්ගානක්  නෙමේ  ලක්සගානක්  අත්සන්  කෙරුවත්  ඔය  වනචාරීන්ට  සමාව  දෙන්ඩම  එපා"
"Shantha Lal","https://www.facebook.com/people/Shantha-Lal/pfbid0JLUNyKV2YvJzfygnBcAvdZCiHrcBcy97JyFCmerGqSE8HVXriEiAosc3QbULVYLNl","[Image Attachment]"
"Palitha Padmasiri","https://www.facebook.com/palitha.padmasiri.524","තවත් ඵක් නානසාර කෙනෙක්"
"Ranasinghe Sampath","https://www.facebook.com/ranasinghe.sampath.92","[Image Attachment]"
"Saman Saman","https://www.facebook.com/saman.saman.438407","Age dangediyo tho budu dhamah vikurti karala kiyana ekekni. Mata hambunanam suhda shinhalen ahagena  Ape tathagatha budu piyanange siura mage tothata aran. Pukata paindekakdila elawanne"
"Sunil Pushpakumara","https://www.facebook.com/people/Sunil-Pushpakumara/pfbid02pRkyYAeHEQ77wExtj5wFJyWk1yowRVnNsmWY4fk6Lar7NtpXfdQDvLrpbj2GgGRXl","Sudda niyamai sinhala jatiya ehimai"
"සුරේෂ් කොසල","","අත්සන් කරලා රොල් කරලා පුකෙ ගහගනින් තටිටයො"
"Suranga Kumara","https://www.facebook.com/people/Suranga-Kumara/pfbid034YWLzLFZNzy9tDTMosniBa5SYcDEeZrid9wm7vsjcR6g8v1hwyyJeUCRnev6nvShl","දේවදත්තගේ දරුවෝ කාලකන්නි බල්ලෝ"
"Sithum Sithum","https://www.facebook.com/sithum.sithum.132683","Ubata mokatada pennanne uba mokedda"
"Sunil Pushpakumara","https://www.facebook.com/people/Sunil-Pushpakumara/pfbid02pRkyYAeHEQ77wExtj5wFJyWk1yowRVnNsmWY4fk6Lar7NtpXfdQDvLrpbj2GgGRXl","Mi pakayawath aniwarayanma danna"
"Sithum Sithum","https://www.facebook.com/sithum.sithum.132683","Oi gon pako garu karala katha karanna igana ganin issella uba mokedda"
"Batagama Arachchige Danushka Chathuranga","https://www.facebook.com/danushka.chathuranga.311","Sithum Sithum හරි බන් සොරි 🙏 දැන් කියලා ඉවරයි 😂"
"Danushka Danushka","https://www.facebook.com/danuska.danuska.90857","Ube ammata ballo hukala thovage ponnayek vadala thiyenne"
"Upali Prematunga","https://www.facebook.com/upali.prematunga.1","මොලේ නැති මිනිස්සුන්ගෙන් අස්සන් අරගෙන නීතිය නමන්ඩ එනව. වැරදි කළා නම් දඩුවමනියමයි"
"Lalith Prasanna","https://www.facebook.com/lalith.prasanna.370","[Image Attachment]"
"Eshan Hrsan","https://www.facebook.com/people/Eshan-Hrsan/pfbid02Ksv3TKMPJ5rEPAemrHXxWp6NHPDSHZhAUBU4KKVjCR5XpfT5WYAfUzMe1JnG377ql","Lalith Prasanna shtika atta"
"Krishan Srilal","https://www.facebook.com/people/Krishan-Srilal/61588971179374","Lalith Prasanna"
"Thilak Jayalath","https://www.facebook.com/people/Thilak-Jayalath/61560844810288","[Image Attachment]"
"Janaka Balasooriya","https://www.facebook.com/janaka.balasooriya.2025","Excellent"
"Sandun Wijesingha","https://www.facebook.com/sandun.wijesingha.153052","Thoo mona ponnayekda kiypan hamuduruwarunta ohoma ktha krnna awajathka ballek thoo😡"
"Thilak Jayalath","https://www.facebook.com/people/Thilak-Jayalath/61560844810288","[Image Attachment]"
"Dilanka Prasad DG","https://www.facebook.com/dilanka.prasaddg","Huththi Galla pakoo"
"Thilak Jayalath","https://www.facebook.com/people/Thilak-Jayalath/61560844810288","[Image Attachment]"
"Thilak Jayalath","https://www.facebook.com/people/Thilak-Jayalath/61560844810288","[Image Attachment]"
"Dieepika Kumari","https://www.facebook.com/dieepika.kumari.2025","🤔🤔🤔🤔"
"Thilak Jayalath","https://www.facebook.com/people/Thilak-Jayalath/61560844810288","💥 GALLE  HAMUDURUWO ..🙏                            රටම හොරාකාල  බං⁣කොලොත් කල දූෂිතයන්ට තවදුරටත් බලය දීමෙන් රට ගොඩගන්න පුලුවන්ද☝️කල අපරාධ වහගන්න,එයාලා තවත් අපරාධ කරනව☝️නීතියෙන් බැලුවත් ධර්මයෙන්  බැලුවත් ,☝එයාලා ඇත්තටම මේ රට විනාශ කල,  සැබෑ අපරාධ කාරයෝ නිසා නීතියෙන් බේරෙන්න, නඩුවලින් නිදොස්කොට නිදහස් වෙන්න, එයාලට බලය ඕන.එයාලට තියන  නඩු වලට මුහුන දෙන්න බැරි නිසා එයාලට හිරේ යන්න වෙනවාමයි.☝️ආපහු බලය ඉල්ලන්නේ ,දැන් තියෙන චෝදනා,නඩු වලින් නිදහස් වෙන්නයි.☝️හැමදාම බොරුවෙන් රැවටී දුක් විදිනවද☝️බුද්ධියෙන් හිතා සත්‍ය තේරුම් අරන් ,බුද්ධිමත්ව  තීන්දු ගෙන ඉදිරියේදීවත් සැනසිල්ලේ සතුටින් ඉන්න පුලුවන් රටක් හදාගනිමු.නේද☝️තෙරුවන් සරණයි.👌🙏🙏 💖 මාලිමාවට රටට ජය...💪"
"Thusitha Geekiyanage","https://www.facebook.com/thusitha.geekiyanage.3","උබ දාර්මිකද පකෝ"
"Dilanka Prasad DG","https://www.facebook.com/dilanka.prasaddg","Uba pin batha huthooo"
"Sunil Pushpakumara","https://www.facebook.com/people/Sunil-Pushpakumara/pfbid02pRkyYAeHEQ77wExtj5wFJyWk1yowRVnNsmWY4fk6Lar7NtpXfdQDvLrpbj2GgGRXl","Manma sakkiliyawath atulata danna mu para ballik"
"Wk Nimal Santha","https://www.facebook.com/wknimal.santha","[Image Attachment]"
"Gamini Senarath","https://www.facebook.com/gamini.senarath.37","වනචාරි දහම🐂🐂🐂"
"Mayurasika Peris","https://www.facebook.com/mayurasika.peris","මෙ හාමුදුරුවෝ  නමක්ද"
"Denver Peries","https://www.facebook.com/denver.kurukulasuriyaperies","😂👍👍එල බ්‍රෝ"
"Gyanchandra Shakya","https://www.facebook.com/gyanchandra.shakya.833123","[Image Attachment]"
"samanthi samanthi","https://www.facebook.com/people/samanthi-samanthi/61591584900696","සිවුර දාගත්ත වනචාරින් ගෙ ඇසරිම ඔහොම තමයි"
"Kumara Herath","https://www.facebook.com/kumara.herath.894961","අනේ ගනයෝ තොපිට ලැජ්ජ නැද්ද.....නොදකින්....."
"Chamila Kumarii","https://www.facebook.com/chamila.kumarii.5","Me video eka inna gothaya malimawe guu kana ballek....thopita thereii ..hebei kalyai ballooo"
"Batagama Arachchige Danushka Chathuranga","https://www.facebook.com/danushka.chathuranga.311","Chamila Kumarii හරි එල 👍🙏"
"Kapila Sigera","https://www.facebook.com/kapila.sigera.2025","උබලාට..... ගහලා.... එලවන්න.... ඔනේ.... දනේ.... කළා.... පන්සලේ.... හිටපන්.... හොද  ගොයියො"
"Ranasinghe Roshan","https://www.facebook.com/ranasinghe.roshan.5","Podi podi hoda podi 😭"
"Hotzz Madu","https://www.facebook.com/Hotzz.Madu","ජාති වාදය අවුස්සනකොට හදාගන්න බැර් උනැයි"
"Ptn Nanda","https://www.facebook.com/profile.php?id=100079120249129","පිස්සෙක් .................."
"Dpm Ranasinghe Ranasinghe","https://www.facebook.com/dpm.ranasinghe.ranasinghe","Kata wahapiya ganaya...pin bata..."
"Sarath Lokuge","https://www.facebook.com/sarath.lokuge.98","මල්ලි   අපි  පවු   පුරෝ  ගන්න  එපා"
"Chamee Sadhu","https://www.facebook.com/people/Chamee-Sadhu/61594307270033","අඩේ ඔන්න දැන් ඕකට ටිපර් වෙන සෙට් එක වෙනම හූල්ලනව.....😁😁🤣🤣........"
"Kumara Hewage","https://www.facebook.com/kumara.hewage.12327","මමත්  10 පාරක්  අත්සන් kalaa.. haah haah haah haaa.."
"Gyanchandra Shakya","https://www.facebook.com/gyanchandra.shakya.833123","Kumara Hewage"
"Siva Kumar Siva","https://www.facebook.com/siva.kumar.siva.70591","ඇයි හත්තලාමැ . මෙච්චර ්‍රශ්න දිහා බලන්න ඔයාලා මොනවද මේ කතා කරන්නේ වැට් එකට නැති දේවල් වරකයි මේ කය ආගමයි කුහක තමයි ගිහි ගියා මූණ මගුල දුවයි කරන්නේ අර කොමඩ් දාපු ගල් ගෙඩිය වගේ එකතැනමනේ ඉස්සරහට යන්නකෝ යකෝ මේ රට හදන්න ඕන අති න් මේකෙ ඉඳලම කුලල් කා ගණයකුත් මේ ගොඩ ගන්නෙ කවුද කොයි තියාදී කියයි. නැත්නම් ආගමක් කියයි. නැත්නම් ජාතියක් කියයි ඕකනේ කියන්නේ හැමදාම ඕන වචනයක් තියෙනවා කටේ කයිවාරු මුඛයජ්ජාර"
"Tennakoon Mudali","https://www.facebook.com/tennakoon.mudali","මේ ගෝත ගෝරිල්ලා මහණ කරේ මොකාද කියලානේ මම මේ කල්පනාකරන්නේ.මොකද දහමේම තියෙනවා නේ පැවිදිකළයුතු සහ,නොකළයුතු අය ගැන.මුන්ට වත් පිළිවෙත් විනය ශික්ෂණය,බණ දහම් කියා දී,කල් ක්‍රියාව ගැන සෑහීමකට පත්වීමෙන් පසුවනේ ඉස්සර ප්‍රිය මනාප අයවලුන් පැවිදි කරේම.මේකා දැක්කාම පොඩි එකාලා නොවේ,මහ එකාලා එකීලාත් බියට පත්වෙනවා නේ.පේන්නේ නැද්ද මහා සෝනා බහිරවයා සේම ඇදබාන දේවල්.මූත් අමු තක්කඩියෙක්.තක්කඩියෙක් වෙනුවෙන් නේ මේ බුරන්නේ.  මට හිතෙන්නේ මූම මහණ වෙලා තියෙන බවයි.කිසිම පැහදීමක් ප්‍රිය මනාප බවක් මේකාගේ තියෙනවද? මේකා වගේම පාහරම මැරෑටියෙක් වෙනුවෙන් මොකද මේ දගලන්නේ? අනික ලෝගුවක් දාගත්තා කියලා,මුන්ට ගරුසරුව හැසිරෙන්න ජනයාට මොංගල්ද.?"
"Gyanchandra Shakya","https://www.facebook.com/gyanchandra.shakya.833123","Tennakoon Mudali"
"Sujith Basnayaka","https://www.facebook.com/sujith.basnayaka.14","Ube ammata gonkareya to puluwannam kurunagalata waten assan ganna gu gahala pannanne  balla orunta kadeyanawata"
"Gyanchandra Shakya","https://www.facebook.com/gyanchandra.shakya.833123","Sujith Basnayaka"
"Chintha Miranda","https://www.facebook.com/chintha.miranda","සාදුලා නෙමෙයි මුන් අලුගෝසුවෝ වගෙ හෙන මැරයෝ."
"Gyanchandra Shakya","https://www.facebook.com/gyanchandra.shakya.833123","Chintha Miranda"
"Nilantha Sanjeewa","https://www.facebook.com/nilantha.sanjeewa.735","අනිත් හාමුදුරුවන්වත් මිනිස්සුන්ට තිත්ත කරන් නැතිව  පඩුවේ හටපන් තිත්තයෝ"
"Gyanchandra Shakya","https://www.facebook.com/gyanchandra.shakya.833123","Nilantha Sanjeewa"
"Niroshan Malinga","https://www.facebook.com/people/Niroshan-Malinga/100068904300061","[Image Attachment]"
"Gyanchandra Shakya","https://www.facebook.com/gyanchandra.shakya.833123","Niroshan Malinga"
"Vihaga Pradeep","https://www.facebook.com/vihaga.pradeep.851088","නිට්ටබුව වරකපල රුවන්වැල්ල  මේ පලාත් වලට එන්නනම් එපා ගූ ගහන්නෙ හොදේ අස්සන් ගන්න 😂😂😂"
"Gyanchandra Shakya","https://www.facebook.com/gyanchandra.shakya.833123","Vihaga Pradeep"
"Manika Kwt","https://www.facebook.com/people/Manika-Kwt/pfbid02JqrEurFLgwUmbz2uuKF8kEEhNuqCNnT7zryfDZbHXAS4hBvftAsNfGFE4GBwfhnSl",","
"Gyanchandra Shakya","https://www.facebook.com/gyanchandra.shakya.833123","Manika Kwt"
"Prem Lokubalasooriya","https://www.facebook.com/prem.lokubalasooriya","මුන්වගේ  චිවරදාරියෝ   ජාතක    කරපු  දෙමව්පියන්ට   දෙස්තියනව   මිනිස්සු"
"Gyanchandra Shakya","https://www.facebook.com/gyanchandra.shakya.833123","Prem Lokubalasooriya"
"Nandani Perera","https://www.facebook.com/people/Nandani-Perera/pfbid02mknmLag5st9C9rdyqX3audpcX1guhEEq5iPqgNdTgqZjsz3BPs4fM52KuwBErYEhl","Bolata.ona.deawalnam.wenne.neha"
"Gyanchandra Shakya","https://www.facebook.com/gyanchandra.shakya.833123","Nandani Perera"
"Jaya Sooriya","https://www.facebook.com/jaya.sooriya.585","සත්‍යය නිවැරදිව වටහා ගත් නියම දෙමව්පියන්ට ජාතකවුන නියම පුත්තූ උබලා සත්‍යය දැක දැක එයට නිර්බිතව උත්තර දෙන්න ටික දෙනාටයි පුලුවන් උනාට අවජාතක ගු කන් වහාල් පිරිසක් තවම ඉන්නවා"
"Gyanchandra Shakya","https://www.facebook.com/gyanchandra.shakya.833123","Jaya Sooriya"
"Bandu N Sandya Weerarathna","https://www.facebook.com/bandu.n.sandya.weerarathna","කවුද ඕවට අත්සන් කරන්නේ. ජනතාව මෝඩ නැහැ."
"Gyanchandra Shakya","https://www.facebook.com/gyanchandra.shakya.833123","Bandu N Sandya Weerarathna"
"Prasanna Hathurusinghe","https://www.facebook.com/patricia.priyadarshani.7","wal ganaya munta heana ghanawa"
"Susantha Gunawardhana","https://www.facebook.com/susantha.gunawardhana.2025","කාළකන්නි.වදුරු.හුකම්නා"
"Gyanchandra Shakya","https://www.facebook.com/gyanchandra.shakya.833123","Susantha Gunawardhana"
"Gunarathna Bandara","https://www.facebook.com/gunarathna.bandara.799436","Mewage gobbayonta mik allana unta pissu"
"රේනුකා වීරසිංහ","https://www.facebook.com/people/%E0%B6%BB%E0%B7%9A%E0%B6%B1%E0%B7%94%E0%B6%9A%E0%B7%8F-%E0%B7%80%E0%B7%93%E0%B6%BB%E0%B7%83%E0%B7%92%E0%B6%82%E0%B7%84/pfbid02FkrV4SbdFfzzNnEBpvnKkhA44K7AWiEszpTAiZzjZUw4WiXik86jjapcV8qmfBpgl","සේරමත් හරි කොල්ලෝ ඔහේ කියන ඒවා තමයි මරු..😀😀😀😀😀"
"Gyanchandra Shakya","https://www.facebook.com/gyanchandra.shakya.833123","රේනුකා වීරසිංහ"
"රේනුකා වීරසිංහ","https://www.facebook.com/people/%E0%B6%BB%E0%B7%9A%E0%B6%B1%E0%B7%94%E0%B6%9A%E0%B7%8F-%E0%B7%80%E0%B7%93%E0%B6%BB%E0%B7%83%E0%B7%92%E0%B6%82%E0%B7%84/pfbid02FkrV4SbdFfzzNnEBpvnKkhA44K7AWiEszpTAiZzjZUw4WiXik86jjapcV8qmfBpgl","Gyanchandra Shakya 😱😱😱"
"Jayasuriya Jayasuriya","https://www.facebook.com/people/Jayasuriya-Jayasuriya/pfbid0229ozJAdwnFZgFDZxSBmHE7pdy8oCHLomnT2KaEGE952ARYgJ75QznCCp7nib97Y1l","තිත්තයො  නිකන්  හුකොගන්නෙ   නැතිව  පල  ගෙදර   වෙසිගෙ පුතා   පුක  නොදි   උබට  අරියාද   බාත්තියට  හෙත්තු  කරලා  ගු  සරයා  පුකෙ"
"Gyanchandra Shakya","https://www.facebook.com/gyanchandra.shakya.833123","Jayasuriya Jayasuriya"
"Sugath Vikram","https://www.facebook.com/people/Sugath-Vikram/pfbid0yU5TrQ2RmTihBzTzcbsCP6FP4MJ69Nc1dZr6G6HYajBhZjPBmd34VfHaVex25vMRl","මේවාගේ  ගොබ වැඩ නොකරන් ,,,,,,,,,,,,"
"Gyanchandra Shakya","https://www.facebook.com/gyanchandra.shakya.833123","Sugath Vikram"
"M Sudarshana Manju","https://www.facebook.com/msudarshana.manju","මේ ගණයගේ. මූනෙන් පේනවා මූ කොච්චර ධාර්මිකද කියල"
"Gyanchandra Shakya","https://www.facebook.com/gyanchandra.shakya.833123","M Sudarshana Manju"
"Saman Bandara","https://www.facebook.com/people/Saman-Bandara/pfbid02Bru5UMh2J7cgGNEMrToEjsLjMgk6BXehFen4Bnta3DDHcEFzwNE94JkDXYAiQDpWl","කවුද මේ සාදු කෙනෙක් කියලා පෙනවා සිවුර නිසා මෙයා මෙහෙම කෑ ගහන්නේ මොකක හරි උසස් තනතුරක් තියන කෙනෙක්ද"
"Gyanchandra Shakya","https://www.facebook.com/gyanchandra.shakya.833123","Saman Bandara"
"Janaka S Wickramarathna","https://www.facebook.com/janaka.wickramarathna.12","ඉස්සර වෙලා උඹ ධාර්මික වෙයන් පර ගණගෙඩිය."
"Gyanchandra Shakya","https://www.facebook.com/gyanchandra.shakya.833123","Janaka S Wickramarathna"
"Offiyar Thevar","https://www.facebook.com/offiyar.thevar.2025","[Image Attachment]"
"Gyanchandra Shakya","https://www.facebook.com/gyanchandra.shakya.833123","Offiyar Thevar"
"Josap Antani","https://www.facebook.com/josap.antani.35","[Image Attachment]"
"Gyanchandra Shakya","https://www.facebook.com/gyanchandra.shakya.833123","Josap Antani"
"Lhiri Samipatha Padi","https://www.facebook.com/people/Lhiri-Samipatha-Padi/pfbid0EUUzGtANJX6HhVQ2k2JRkRqBZJ75QPUrk4oUWXutnxyKnuDjmipotzzu6GDjRXqEl","බොරු කියන්නෙ තෝ අපි අස්සන් කරෙ නැ"
"Gyanchandra Shakya","https://www.facebook.com/gyanchandra.shakya.833123","Lhiri Samipatha Padi"
"Kansa Pele","https://www.facebook.com/kansa.pele.2025","මේ කෙරියත් ලෝක හොරෙක් දන්නෝ දනිති"
"Gyanchandra Shakya","https://www.facebook.com/gyanchandra.shakya.833123","Kansa Pele"
"Offiyar Thevar","https://www.facebook.com/offiyar.thevar.2025","[Image Attachment]"
"Kavindya Jak","https://www.facebook.com/kavindya.jak","හොරැන්ගේ ගුකන .කහාකඩයා.නොදකින් .හැට්"
"Gyanchandra Shakya","https://www.facebook.com/gyanchandra.shakya.833123","Kavindya Jak"
"Nishantha Ranaweera","https://www.facebook.com/nishantha.ranaweera.890334","ඉක්මන්ට මහන වේයන්😋"
"Gyanchandra Shakya","https://www.facebook.com/gyanchandra.shakya.833123","Nishantha Ranaweera"
"Ranjith Ranjith","https://www.facebook.com/people/Ranjith-Ranjith/pfbid024u2yWDMH82txWcUrpqPFj5giS96LhCmXqJcgWzyaonPCQApSX1osx4r6NoEbtWxl","එකපිරිමයයි..ඔහෙ හිටියේ..කොන්දක්තියන"
"Gyanchandra Shakya","https://www.facebook.com/gyanchandra.shakya.833123","Ranjith Ranjith"
"Ruwan Kodithuwakku","https://www.facebook.com/ruwan.kodithuwakku.7547","තට්ටෙ තිබිලා සිවුරු දා ගත්තට තොපි හාමුදුරුවරු නොවෙයි"
"Gyanchandra Shakya","https://www.facebook.com/gyanchandra.shakya.833123","Ruwan Kodithuwakku"
"Kuruvi Mayna","https://www.facebook.com/kuruvi.mayna","Jayawewa malli"
"Lucky Nanayakkara","https://www.facebook.com/lucky.nanayakkara.1","O.M.G hodatama Seiko pakkaliya. Gon saraa pakkaliya"
"Gyanchandra Shakya","https://www.facebook.com/gyanchandra.shakya.833123","Lucky Nanayakkara"
"Jayathilake Lakshman","https://www.facebook.com/jayathilake.lakshman","[Sticker]"
"Gyanchandra Shakya","https://www.facebook.com/gyanchandra.shakya.833123","Jayathilake Lakshman"
"Chithra Perera","https://www.facebook.com/chithra.perers","[Sticker]"
"Jude Silva","https://www.facebook.com/people/Jude-Silva/pfbid02FALt6Q6qtUCS2UskbYCcaQLxsJqZ1ACrTdQz6HtrQayiJa9gioHvnhqC1dABkdn3l","මෙ තිත්තයාගෙ මූන දැක්කම හිතාගන්න පුළුවන්"
"Athula Dm","https://www.facebook.com/athula.dm.9","පොඩ් උන්ට ගල් කපන එක.කාලකන්නි චීවරදාරි බල්ලො"
"Gyanchandra Shakya","https://www.facebook.com/gyanchandra.shakya.833123","Athula Dm"
"Chandrarathna Lokupitiya","https://www.facebook.com/people/Chandrarathna-Lokupitiya/pfbid0Lbk6YAKEHpAnj1a7w4kQkFqJdN4PtiJFPLjttV9KBFrwNijdB3DTyR42JCrZLgG9l","Sadu sadu  sadu"
"Gyanchandra Shakya","https://www.facebook.com/gyanchandra.shakya.833123","Chandrarathna Lokupitiya"
"Prabhath Samankumara","https://www.facebook.com/prabhath.samankumara","ඇයි පහුගිය කාලෙ කට ඇරල ඔව්ව කිව්වෙ නැත්තෙ. බයට කට වහගෙන හිටිය."
"Gyanchandra Shakya","https://www.facebook.com/gyanchandra.shakya.833123","Prabhath Samankumara"
"Ranasingha Kankanamge","https://www.facebook.com/people/Ranasingha-Kankanamge/pfbid0fWDKtwrV827r5hdqceGYLe7mySXBW6jYoq83Gcecp12woyCTpnWuo6m1uG548dN5l","Cheewaraya daagaththata paathale minissunge weda thiyenne kathawath eahemai API asaranawela wage buduhamuduruwene"
"Gyanchandra Shakya","https://www.facebook.com/gyanchandra.shakya.833123","Ranasingha Kankanamge"
"Amila Suresh","https://www.facebook.com/amila.suresh.760337","මුංට ගහලා එලවන්න ඕනේ. චීවරධාරී හැත්ත..🤮🤮🤮"
"Sampath Gamunupura","https://www.facebook.com/sampath.gamunupura","උසාවිය සේරටම.එකයි.ඒක.අරූට.තේරෙනව"
"Gyanchandra Shakya","https://www.facebook.com/gyanchandra.shakya.833123","Sampath Gamunupura"
"Wimalasiri Dewage Wimalasiri","https://www.facebook.com/people/Wimalasiri-Dewage-Wimalasiri/pfbid022cTXhcnxJk4zhsyDiRLodmy1STynqi8pgSfRZbt2UEV7VUULemJEoKDa6mNXuVTsl","එ ගනයත්  ගනයේක්ම තමයි"
"Gyanchandra Shakya","https://www.facebook.com/gyanchandra.shakya.833123","Wimalasiri Dewage Wimalasiri"
"Lakshman Ranjith","https://www.facebook.com/people/Lakshman-Ranjith/pfbid02zECR343DQ4Z8zm2NoXtFGWdmksgFMYBG7qFESjWnFGyG4fnCkhWN5vsfoJRg8JB9l","ඔයාලට ලැච්චව කියලා දෙයක් ගෑවිලාවත් නැද්ද කව්රු වැරදි කලත් නිතියට මුන දෙන්න ඕනේ  ඒක සිවරද පුජකද ලොකුද පොඩිද දනවත්ද දුප්පත්ද කියලා වංගු ගැහුවේ රාජපක්ස්  පාලන කාලේ අද එහෙම වංගු නැ සැමට නිතිය සමානයි"
"Gyanchandra Shakya","https://www.facebook.com/gyanchandra.shakya.833123","Lakshman Ranjith"
"Chandrarathna Lokupitiya","https://www.facebook.com/people/Chandrarathna-Lokupitiya/pfbid0Lbk6YAKEHpAnj1a7w4kQkFqJdN4PtiJFPLjttV9KBFrwNijdB3DTyR42JCrZLgG9l","Palayan pakyo yanna"
"Gyanchandra Shakya","https://www.facebook.com/gyanchandra.shakya.833123","Chandrarathna Lokupitiya"
"Hunais Naim","https://www.facebook.com/hunais.nail","[Image Attachment]"
"Gyanchandra Shakya","https://www.facebook.com/gyanchandra.shakya.833123","Hunais Naim"
"Mahesh Munasinghe","https://www.facebook.com/mahesh.munasinghe.547","නොදකින් හුංංංං."
"Gyanchandra Shakya","https://www.facebook.com/gyanchandra.shakya.833123","Mahesh Munasinghe"
"Ajardeen Faizar","https://www.facebook.com/ajardeen.faizar","[Image Attachment]"
"Gyanchandra Shakya","https://www.facebook.com/gyanchandra.shakya.833123","Ajardeen Faizar"
"Nishantha Lakmal","https://www.facebook.com/people/Nishantha-Lakmal/pfbid0w2yhGYucK4cxnMpLpEKpCpj7NXmCD6QWx1zTjJnmMqG6o6AHo1o7AwX2GWd57nUBl","[Image Attachment]"
"Gyanchandra Shakya","https://www.facebook.com/gyanchandra.shakya.833123","Nishantha Lakmal"
"Sandhya Weerarathna","https://www.facebook.com/people/Sandhya-Weerarathna/pfbid02gWrizZFJDxu5yEyPhv9DUrf6rjMdCaae7jFsp2hFkbt9S9wHtLcwfNkxcpUDkMRol","Absolutely you are correct brother.👍🙏"
"Gyanchandra Shakya","https://www.facebook.com/gyanchandra.shakya.833123","Sandhya Weerarathna"
"Nipuni Rathnayaka","https://www.facebook.com/nipuni.rathnayaka.171689","Weradi kala nm danduwam windapalla"
"Gyanchandra Shakya","https://www.facebook.com/gyanchandra.shakya.833123","Nipuni Rathnayaka"
"Nipuni Rathnayaka","https://www.facebook.com/nipuni.rathnayaka.171689","Gyanchandra Shakya jathi Agam beda wedak ne"
"Nadaraja Sivasami","https://www.facebook.com/people/Nadaraja-Sivasami/pfbid03E4ZQ9NkE3UEeCV5cYkcCX2cpTtBdAwx16qASWTEHUMboJgjLv6uroboa5AtcaNFl","[Sticker]"
"Gyanchandra Shakya","https://www.facebook.com/gyanchandra.shakya.833123","Nadaraja Sivasami"
"Sathisha Perera","https://www.facebook.com/M.D.chulani","තිත්ත ගල්ලෙට පුකෙ අරින්න ද බිත්තියේ හෙත්තු කරගෙන ගන වෙසිගෙ පුතො  හැමනෙන්නේ නැතිව හිටහන් වෙසිගෙ පුතා"
"Gyanchandra Shakya","https://www.facebook.com/gyanchandra.shakya.833123","Sathisha Perera"
"Nishanthi Iddamalgoda","https://www.facebook.com/people/Nishanthi-Iddamalgoda/pfbid02YdvVLbSFvi5SXt5xkLddxRfikD9tkVjNw6CXJG6apMmpTvX13BeNccsoeqWxyLkjl","[Sticker]"
"Gyanchandra Shakya","https://www.facebook.com/gyanchandra.shakya.833123","Nishanthi Iddamalgoda"
"Asanka Dayas","https://www.facebook.com/asanka.dayas.940","අනෙ.පලහොර.හුත්තිගෙ.ගනගෙඩි.පකයො.තොත්.හොරගනගෙඩියො.ඔයහොරපකයොතමයි.වගක්නැතුව ඉන්නෙ"
"Gyanchandra Shakya","https://www.facebook.com/gyanchandra.shakya.833123","Asanka Dayas"
"Hpa De Costa","https://www.facebook.com/hpa.de.costa","[Sticker]"
"Gyanchandra Shakya","https://www.facebook.com/gyanchandra.shakya.833123","Hpa De Costa"
"Sanjeewa Kumara","https://www.facebook.com/sanjeewa.kumara.939812","[Image Attachment]"
"Gyanchandra Shakya","https://www.facebook.com/gyanchandra.shakya.833123","Sanjeewa Kumara"
"Raju Raj","https://www.facebook.com/people/Raju-Raj/pfbid0RUAJUG4R4ETLer9rkBUgxpbHGYvywcHPEeWHgJ88smTvepHYxd2H9SRPJk9xTmTBl","Ubala dennama palayalla hireta ratata subai"
"Gyanchandra Shakya","https://www.facebook.com/gyanchandra.shakya.833123","Raju Raj"
"Priyanga Kumara","https://www.facebook.com/priyanga.kumara.52","අපිත් බනිනව ඕකට. හිරේම යවන්න ඕන."
"Sunanda Kithsiri","https://www.facebook.com/sunanda.kithsiri","Priyanga Kumara"
"Gyanchandra Shakya","https://www.facebook.com/gyanchandra.shakya.833123","Priyanga Kumara"
"Anadhan Nithya","https://www.facebook.com/anadhan.nithya","👍😂😂😂💙💙"
"Gyanchandra Shakya","https://www.facebook.com/gyanchandra.shakya.833123","Anadhan Nithya"
"Ranasinhe Jayakodi","https://www.facebook.com/people/Ranasinhe-Jayakodi/pfbid02nkEYhBfYCTGkJcAnmaJ53rEGDg9Q9aFrr4ULqCFfGufA3mswMgucApYi3Vu5cptbl","Okageth thatye palapiyaw"
"Gyanchandra Shakya","https://www.facebook.com/gyanchandra.shakya.833123","Ranasinhe Jayakodi"
"Lanka Hmc","https://www.facebook.com/lanka.chaminda.94","බුදුන්ගේ සද්ධර්ම ව්කුනා සැප ගන්න උන්"
"Gyanchandra Shakya","https://www.facebook.com/gyanchandra.shakya.833123","Lanka Hmc"
"Mohamed Rizly Marzook","https://www.facebook.com/mohamedmarzookmohamedrizly","[Image Attachment]"
"Gyanchandra Shakya","https://www.facebook.com/gyanchandra.shakya.833123","Mohamed Rizly Marzook"
"Wanninayaka Wanninayaka","https://www.facebook.com/people/Wanninayaka-Wanninayaka/pfbid05JdUaexqJeQyDFSMJ7wsfd9xvGF24BixX8GW5q4DUzR8aCZrdB7c9idd22X1GDsHl","පලයන් ගොනා යන්න උබ නිරාගමික ජෙප්පෙක්"
"Batagama Arachchige Danushka Chathuranga","https://www.facebook.com/danushka.chathuranga.311","Wanninayaka Wanninayaka හරි ඔබ හරි මගේ මිත්‍රයා 🙏"
"Gyanchandra Shakya","https://www.facebook.com/gyanchandra.shakya.833123","Wanninayaka Wanninayaka"
"Ravindra Jayarathna","https://www.facebook.com/ravindra.jayarathna.790","පිස්සොන්ට සිවුර පොරෝපුවාම සාසනයේ ඉවර යි"
"Gyanchandra Shakya","https://www.facebook.com/gyanchandra.shakya.833123","Ravindra Jayarathna"
"Channa Kulawansa","https://www.facebook.com/channa.kulawansa.77","සාදූ ❤️සාදු ❤️ සාදූ චීවරය පාවා දෙන මූ වගේ පාදඩ දහමක් නොදත් මේ වගේ චීවර දාරින්ට මාර්ක් සකබර්ග් ගේම පිහිටයි 🤣💪"
"Gyanchandra Shakya","https://www.facebook.com/gyanchandra.shakya.833123","Channa Kulawansa"
"Geethka Lakshani","https://www.facebook.com/people/Geethka-Lakshani/pfbid0wmThBPVwSwkfUnBQ9vLzmr35zA3Pk69de5TsTkYGkpY6u1ZFvfZKgkT6CQVJf4Rxl","Ane ban siurata agurawa  karanne netiwa siura galola gedara pala  genii lamainui balagena innawa"
"Gyanchandra Shakya","https://www.facebook.com/gyanchandra.shakya.833123","Geethka Lakshani"
"Aruna Kumarasiri","https://www.facebook.com/aruna.kumarasiri.792","අත්සන් වැඩිවෙනකොට මූන කලුවෙලා නේද...😂"
"Gyanchandra Shakya","https://www.facebook.com/gyanchandra.shakya.833123","Aruna Kumarasiri"
"Chandra Seker","https://www.facebook.com/chandra.seker.3152","👍👍👍"
"Gyanchandra Shakya","https://www.facebook.com/gyanchandra.shakya.833123","Chandra Seker"
"Lakshman Samaraweera","https://www.facebook.com/lakshman.samaraweera.3","සුදර්ශන හාමුදුරුවනෙ මෙ යකාගෙන් ඉතා ඉක්මනින් අයින්වෙන්. මෙ යකාසමග ඔබ සිටිමෙන්( සුදර්ශන හිමි) ඔබත් මහජන උදහසට ලක්වෙනවා."
"Gyanchandra Shakya","https://www.facebook.com/gyanchandra.shakya.833123","Lakshman Samaraweera"
"Wijitha Bandara","https://www.facebook.com/wijitha.bandara.199988","ඔබ වහන්සේ බෞද්ධන්ගෙ ඇස් පාදමින් හොද ගමනක් ආව.රාජපක්ස ගුලි කාල විනාස උනා.කෝ ඔබවහන්සේගේ ඔය අරිහත්බව"
"Gyanchandra Shakya","https://www.facebook.com/gyanchandra.shakya.833123","Wijitha Bandara"
"Noorul Hameed","https://www.facebook.com/profile.php?id=100048412335522","[Image Attachment]"
"Gyanchandra Shakya","https://www.facebook.com/gyanchandra.shakya.833123","Noorul Hameed"
"Sasara Gamana Nawathamu","https://www.facebook.com/people/Sasara-Gamana-Nawathamu/100010236633724","සමාජ මාධ්‍ය තුල භික්ෂුවට මෙහෙම කතා කරන එක හරිද අපේ දහමට අනාගත පරපුරක් නැතිවෙයිද මොනවා උනත් අපි හැමෝටම වැරදිලා හැමෝම උඩ බලාගෙන කෙලගහගන්නවා අපේ විනාසෙ අපිම දෝතට ගන්නවා කලියුග කාලෙ පිරිහීම"
"Batagama Arachchige Danushka Chathuranga","https://www.facebook.com/danushka.chathuranga.311","Sasara Gamana Nawathamu හක්කේ බුදුරැස් බොක්කේ දඩමස් නෑ දැන් ඉන්න පරම්පරාව දන්නවා හොඳ හම්දුරුවරුන්ටත් හොඳට සලකන්න.... එතකොට ඇයි ඔබ හාමුදුරුවනරුන් ගැන සැකයක් නැත්තේ... මේ වෙන දේවල් පෙනී පෙනී රටේ 🤔"
"Sujith Basnayaka","https://www.facebook.com/sujith.basnayaka.14","Sasara Gamana Nawathamu ane gon pako niya hamuduruwanta kauruth garahanne na oya wage eunta tamai ehema amatanne danaganin"
"Gyanchandra Shakya","https://www.facebook.com/gyanchandra.shakya.833123","Sasara Gamana Nawathamu"
"Sasara Gamana Nawathamu","https://www.facebook.com/people/Sasara-Gamana-Nawathamu/100010236633724","Sujith Basnayaka මචං මෙහෙමයි අණුවනයා කොහන් හරි කර්ම දැලේ පැටනෙවා හතුරෙකුන්ගෙන්වත් පලි ගැනීම සාදාරණය කරන්න බෑ බුදු දහම කියන්නෙ වැරදි කරන අයටත් අනුකම්පා කළයුතු දහමක් එදා බෝසතානන් වහන්සේගේ අතපය කපපු මිනිසුන්⁣ට වෛර කරානම් කවදාවත් බුදු වෙන්න බෑ මුගලන් හාමුදුරුවන්ට ගහපු මිනිසුන්ට රජතුමා දඬුවම් කලා කියලා රජතුමා දිව්‍ය ලෝකේ ගියේ නෑ අපි කව්රුත් සසර ගමනෙ අසරණයි"
"Sasara Gamana Nawathamu","https://www.facebook.com/people/Sasara-Gamana-Nawathamu/100010236633724","Gyanchandra Shakya වැරදි කරන මිනිහා කොතන හිටියත් වැරදි කරනවා මොන හොඳයි කියලා කියන්නෙ නරකක් තියන නිසා මොන අංශෙත් හොඳ නරක තියනවා අම්මා කෙනෙක් වරදක් කළාට හැම අම්මා කෙනෙක්ම වැරදි නෑ"
"Asaff Muthasim","https://www.facebook.com/asaff.muthasim","දර්මිකනැත්නම්  ඒ බව දැන දැන 🖋️📋 හිගමනේ ගියේ මොන ලබ්බටද? ඥනසාරයගේන් ☸️ යන්ට ලැබුණු සෙත ? ඥනයාට නම් ලැබුණා ගිය අන්ඩුවෙන් චන්දය වේනුවෙන් ජාතිවාදය වපුරුවාට  v8 🚙🍺🥃🍷💵💰✈️ එකේ🤑දැන් ⚖️👮‍♂️🔗🚎ලැස්තිවේයල්ලා"
"Gyanchandra Shakya","https://www.facebook.com/gyanchandra.shakya.833123","Asaff Muthasim"
"Channa Kulawansa","https://www.facebook.com/channa.kulawansa.77","තිත්ත ගල්ලෙ  🙆🤣 අපි නම් මූව දන්නෙ මේ දැන් සකර් බර්ග් අයි යන්ඩිට පින්සිදුවෙන්න 🤣❤️💪 ඇත්තෙන්ම මුන්වගේ පෙරේත ගනගෙඩියෝ රටට සාපයක් 🤣❤️💪  Anura Kumara Dissanayake Harini Amarasuriya🤔 කෝ මේ දෙන්නා අනේ ව්ඩක් බලන්න මේ ගැත් 🤣 අපටත් මහන්සියි රට ගැන හිතල 🤣🤣 ඒකත් නොමිලේ ඈ 159   කෝ 🤔"
"Gyanchandra Shakya","https://www.facebook.com/gyanchandra.shakya.833123","Channa Kulawansa"
"Salvin Warnesooriya Salvin Warnesooriya","https://www.facebook.com/salvinwarnesooriya.salvinwarnesooriya","Kariya.ganaya.toa.kanapurola..dakk.dnntika.pala.wepakaya.tama.to.kiyawennae.wancarie.hatta"
"Gyanchandra Shakya","https://www.facebook.com/gyanchandra.shakya.833123","Salvin Warnesooriya Salvin Warnesooriya"
"ලංකා ලංකා","https://www.facebook.com/people/%E0%B6%BD%E0%B6%82%E0%B6%9A%E0%B7%8F-%E0%B6%BD%E0%B6%82%E0%B6%9A%E0%B7%8F/100087306940600","සුපිරීවටම අනුරාධපුර කොල්ලේක් කිව්වා  මරු.. .... 👍👍👍👍🙏"
"Gyanchandra Shakya","https://www.facebook.com/gyanchandra.shakya.833123","ලංකා ලංකා"
"Nimal Siri","https://www.facebook.com/nimal.siri.5496","Munta Shane dhena eunta gahala elavannaone"
"Sadaru Silva","https://www.facebook.com/people/Sadaru-Silva/pfbid02BrgPGiYNbnTo4KGBZsMuTbg982j8VK1ewNJ1U6y2HPMqNtrs8T7hu1SFVhtwBuD2l","Buru muna"
"Gyanchandra Shakya","https://www.facebook.com/gyanchandra.shakya.833123","Sadaru Silva"
"Chamil Ishara","https://www.facebook.com/chamil.ishara.31","Sapa"
"Gyanchandra Shakya","https://www.facebook.com/gyanchandra.shakya.833123","Chamil Ishara"
"Chamil Ishara","https://www.facebook.com/chamil.ishara.31","Gyanchandra Shakya obathuma hariyatama hari."
"Chaminda Hathurusinha","https://www.facebook.com/chaminda.hathurusinha.532983","මු ගන පොන්නයෙක් කැත කැරි ගනයා"
"Hbmsh Bandara","https://www.facebook.com/people/Hbmsh-Bandara/pfbid02zSKWXYpCSrVVm5QczrwCgvbEMh1M1sywE4fGbVwTBsv81nwn9spTXVHAwssURHZul","[Image Attachment]"
"Gyanchandra Shakya","https://www.facebook.com/gyanchandra.shakya.833123","Hbmsh Bandara"
"Kumarie Dharmapala","https://www.facebook.com/kumarie.dharmapala","Bana kiyanne  politics nathuwe"
"Gyanchandra Shakya","https://www.facebook.com/gyanchandra.shakya.833123","Kumarie Dharmapala"
"Rathna D Widdiya","https://www.facebook.com/lucasandrew.vidyaratnadon","බෞද්ධ දර්ශනය විනාස කරපු  කරනවා  me හාමුදුරුවෝ"
"Gyanchandra Shakya","https://www.facebook.com/gyanchandra.shakya.833123","Rathna D Widdiya"
"Jeewana Idunil","https://www.facebook.com/jeewana.idunil.33","Ane ubala hthanna epa ape hmuduruwan ammagen baden eliyata ennawa mathakailu"
"Gyanchandra Shakya","https://www.facebook.com/gyanchandra.shakya.833123","Jeewana Idunil"
"Buddika Nanayakkara","https://www.facebook.com/buddikanana","[Image Attachment]"
"Gyanchandra Shakya","https://www.facebook.com/gyanchandra.shakya.833123","Buddika Nanayakkara"
"Gamini Wijeveera","https://www.facebook.com/gamini.wijeveera","Kauda.bam.me.kalawadda."
"Gyanchandra Shakya","https://www.facebook.com/gyanchandra.shakya.833123","Gamini Wijeveera"
"Tharisi Perera","https://www.facebook.com/people/Tharisi-Perera/pfbid029RueGiKymjpT2VLiora2hnJKM1dXCFeDs6UC5eb9vbC1ja9yh3ihPPDdDEy4VBSal","[Image Attachment]"
"Gyanchandra Shakya","https://www.facebook.com/gyanchandra.shakya.833123","Tharisi Perera"
"Samarakoon Banda","https://www.facebook.com/samarakoon.banda.2025","F b aka balapiya ubata banala tiyana vidiya mi gawaya"
"Gyanchandra Shakya","https://www.facebook.com/gyanchandra.shakya.833123","Samarakoon Banda"
"Mohmadh Rasmi","https://www.facebook.com/people/Mohmadh-Rasmi/61559570251876","SAMPOORNA  ME  BORU KIYANNE  .DASADHASNOWA  KO  ATHSAN KOLA  MONAWA  ATHSAN KOLATH   ATHULATA  ..WARADDATA  DANDUWAMA  MAALIM  RAJAYA  ..RATTA TA   KOOTY PRCOTY  PAADU KOLA  ..KADA GEWAL  JIEVITHA  .NATHI  KOLA  ..SELLAN BAA MALIMA RAJAYEN .. NIETHIYA  MOKA  UNATH  EKAIEE .."
"Gyanchandra Shakya","https://www.facebook.com/gyanchandra.shakya.833123","Mohmadh Rasmi"
"Mohamed Akram Mohamed Akram","https://www.facebook.com/mohamed.akram.mohamed.akram.155227","Hemoma kemathi nehe thamai"
"Gyanchandra Shakya","https://www.facebook.com/gyanchandra.shakya.833123","Mohamed Akram Mohamed Akram"
"Saman Kumara Weththasingha","https://www.facebook.com/weththasinghe.priyanyha","පු# දීපිය"
"Gyanchandra Shakya","https://www.facebook.com/gyanchandra.shakya.833123","Saman Kumara Weththasingha"
"Indika Senevirathne","https://www.facebook.com/indika.senevirathne.505084","නානයා ධාර්මිකද   පොඩි පොඩි වැරදිලු  උඹලා පන්සිල් පද 5 ම කඩන එක පොඩි වැරදී නේද චීවරධාරියෝ"
"Gyanchandra Shakya","https://www.facebook.com/gyanchandra.shakya.833123","Indika Senevirathne"
"Sumithra Dom Subasinghe","","Eka hari karapu wade niyamai sadu sadu sadu"
"Damith Priyashantha","https://www.facebook.com/damith.priyashantha.145488","ඔක්කොම අල්ල දීපන් කොල්ලො තව ඉන්නවා හොදටම දන්නවනේ ගම ගැනත්"
"Batagama Arachchige Danushka Chathuranga","https://www.facebook.com/danushka.chathuranga.311","Damith Priyashantha අනිවාර්යෙන් 👍🫂"
"Samarakoon Banda","https://www.facebook.com/samarakoon.banda.2025","Uba banak bodi pujawak  Tibba Tanaka kiyapan  Desapalanayen  Pali ganna baluwa misak  Ponnaya"
"Suranga Saman Kumara","https://www.facebook.com/people/Suranga-Saman-Kumara/pfbid027xPhBM3GmhBEUngTeqR68Na3DdnScJo1bhahhQopu2FnWBj97bmbKGCe7CW3FXYl","[Sticker]"
"Channa Kulawansa","https://www.facebook.com/channa.kulawansa.77","❤️💪❤️ supper  brooo 🙋"
"Imras Mash","https://www.facebook.com/people/Imras-Mash/pfbid02bQu4A6GxW2cYUrJFqeCAVHfBSuay6Xx4BpJtQ6XyPtpD2KVUUDtzRSTQjGVVEzaul","[Image Attachment]"
"Siri Lal Jasenthu Liyanage","https://www.facebook.com/sirilal.jasenthuliyanage","[Image Attachment]"
"Sanjeewa Sanjeewa","https://www.facebook.com/people/Sanjeewa-Sanjeewa/pfbid02zcFvMzVgvir6kSsECxuHnrtzZHi2MtBYTM8aJfzn8q8D1qLncdrnY8QhVj7wWYvkl","Hamuduruwane kalakam pala denawa kiyanne oyalamane itin ewa kiyala mokada me kediri ganne ape janadi peti tuma rata araksha karanawa oya dane tikak kala paduwe inna nettam missu e pinata dena danewath dena ekak ne"
"Rurnedraraja Rajapaksha","https://www.facebook.com/rurnedraraja.rajapaksha","වල් පරයා"
"Channa Kulawansa","https://www.facebook.com/channa.kulawansa.77","❤️❤️❤️❤️❤️❤️❤️💪💪  supper 🙆🙆🙆🙆"
"Samarakoon Banda","https://www.facebook.com/samarakoon.banda.2025","Gal begal awajatathkaya"
"Kuru ChandrIka","https://www.facebook.com/kuru.chandrika","අනේ පලයන් කාලකන්නි  වදුරා ජොබ් කපන් පිනට කන්න හොයන ගොනා"
"Batagama Arachchige Danushka Chathuranga","https://www.facebook.com/danushka.chathuranga.311","Kuru ChandrIka ඇත්ත කියපු නිසා අමරුයි නේ 🤔.... කිසිම තර්කයක් නෑ ඔබ තුමිය හරි... මම වැරදි 🙏"
"Channa Kulawansa","https://www.facebook.com/channa.kulawansa.77","තිත්ත ගලලයා left 🤣 thanks ❤️💪💪💪💪"
"Sunil Silva","https://www.facebook.com/sunil.silva.623493","මුගේ පෙත්ත ඉවරවෙලා කහකඩ පරයෙක් මුන් සාසනෙන් පන්නන්නඕන."
"Sera Aluthwatta Aluthwatta","https://www.facebook.com/sera.aluthwattaaluthwatta","Appeal court eken waradakarayek una kenekta janadipathi samawa denawanam usawiya wahala danna epai...mokatada usawi ?????"
"Josaf Josaf","https://www.facebook.com/josaf.josaf.53919","[Sticker]"
"Wasantha Sisira","https://www.facebook.com/sisira.safari","මුන්ට දානේ දෙන්න එපා"
"Somasundaram Kirubanandaswami","https://www.facebook.com/people/Somasundaram-Kirubanandaswami/pfbid034np9a7m8qPvGjCsrMsAMdxe1gEK2FY1GK6USLQH13mrpAkMsyMGszt6vgJK5ddjcl","අනුර ජනාධිපති තුමනි සමාවනම් දෙන්න එපා"
"Wajura Lolndo","https://www.facebook.com/wajura.lolndo","[Image Attachment]"
"Wajura Lolndo","https://www.facebook.com/wajura.lolndo","[Image Attachment]"
"Khan Khan","https://www.facebook.com/mohamed.athikkan","[Image Attachment]"
"Malshaan Chathuranga Fernando","https://www.facebook.com/malshaan.chathurang","වද කොත්තු කහකඩ ගෙරි නානසාර බ#ල්ලට උපරිම දඩුවම් දෙන්න ඕන"
"Mahadurage Samarasinha","https://www.facebook.com/mahadurage.samarasinha","Kahakada.wasso.mahanaweyan"
"Sameera Srinath","https://www.facebook.com/people/Sameera-Srinath/61568236558880","Okkoma pin bathla"
"Nadeeka Nandana","https://www.facebook.com/people/Nadeeka-Nandana/pfbid0BUBbtBxxnfEscykryotjMTouxnfP6NTnPtVFYcXtj2XYaHW5pahouqKMsf94Kt9Ml","Aniwaryenma nitiya kriyatmaka  wenawa"
"Pushpa Latha","https://www.facebook.com/pushpa.latha.195581","කට වහන් හිටු..ගනේ"
"Sunil Silva","https://www.facebook.com/people/Sunil-Silva/pfbid05BkRTtR2pW5YArdpHeXZvcfhrQR2rqokiwXj2pvyc7VRRnsgJEJq3YVbJoFnzc3al","පිස්සු පකා ගන තට්ටයා"
"Emb Prasanna","https://www.facebook.com/people/Emb-Prasanna/pfbid027XPSscY4GBmXXFqpwDrWu2PPkVv3bYVgMSBTb9tezYhuYbgQj5G8HzJMQL1Jg2zul","[Sticker]"
"Gameni Kumarasinha","https://www.facebook.com/gameni.kumarasinha","Uba.kocra.kaghuwat.tetya.okkotama poduyi"
"Shiromi Fernando","https://www.facebook.com/people/Shiromi-Fernando/pfbid0UwSBYYPxCWV7xWiMMZ68AjB2xrjxvebWsLJWgbX8jAvnoCah7GwWuz2JZT2s42ZJl","Yako phottu in giyuth leda ekko hangenawa kaha siyuru hire danna epalu ethokota podi minihata muth naha gatta damma maru nithi"
"Shiromi Fernando","https://www.facebook.com/people/Shiromi-Fernando/pfbid0UwSBYYPxCWV7xWiMMZ68AjB2xrjxvebWsLJWgbX8jAvnoCah7GwWuz2JZT2s42ZJl","Ekata vitharai kondak thibbe ekai e"
"Seethananda Moramudali","https://www.facebook.com/seethananda.moramudali","එන්නකො  හාමුදුරුවනෙ අපෙගමටත් මොකද වෙන්නෙ බලන්න"
"Ranga Pushpa Kumara","https://www.facebook.com/ranga.pushpakumara.902","තිත්තියා වුබ පලයන් ඉන්දියාවට එහ්න් අත්සන් කෝට් 65 ක් ගේනාවත් හිරේ තමායි"
"Buddhika De Zoysa Demuni","https://www.facebook.com/buddhika.dezoysa.37","[Sticker]"
"Batagama Arachchige Danushka Chathuranga","https://www.facebook.com/danushka.chathuranga.311","Buddhika De Zoysa Demuni 👍🫂❤️"
"Hemamali Hapuhinna","https://www.facebook.com/hemamali.hapuhinna","[Image Attachment]"
"Kirthi Sinha","https://www.facebook.com/people/Kirthi-Sinha/pfbid021jnVWpEdP7XR7pFuAxBVRLXrGqDhjhmmT2sepgtEwVi8PWCycWy3SZ8NZZZLrV6tl","[Image Attachment]"
"ලාල් පතිරණ","https://www.facebook.com/nvavthypiw","මුන් හොඳම බිස්නස් කාරයෝ,අඩියක්පුඩියක් ගහල ,ලේසියෙන්ම බඩුවකුත් ගහගෙන ඉන්න මුන් මැරෙන්නෙ විඳවලා"
"Kusala Karunadasa","https://www.facebook.com/kamal.bandara.18400700","Koti thrasthawadhinta anuwa sinhala me wage kallathoni ta anuwa  ekneligoda koti genita anuwa swamin wahanselay sinhala boudhdhayoy ranawiruwoy hire dhemiya yuthuy"
"Batagama Arachchige Danushka Chathuranga","https://www.facebook.com/danushka.chathuranga.311","Kusala Karunadasa හරි ශෝක් උත්තරය... Very good🙏..... ඒ පාර එක්නැලිගොඩ ගේ බිරිඳ කොටියෙක් උනේ කවදා ඉඳන්ද 🤔....."
"Kusala Karunadasa","https://www.facebook.com/kamal.bandara.18400700","Batagama Arachchige Danushka Chathuranga boru kiyala minissu rawatanna epa thrasthawadhiya thrasthawadhiya may"
"Batagama Arachchige Danushka Chathuranga","https://www.facebook.com/danushka.chathuranga.311","Kusala Karunadasa කිසිම තර්කයක් නෑ... ඔබ තුමිය හරි... අපි කෝටි ඉවරනේ වැඩේ....... 👍🙏...."
"Kusala Karunadasa","https://www.facebook.com/kamal.bandara.18400700","Batagama Arachchige Danushka Chathuranga hari weredhdha hodhata sinhala janathawa therum ganiy"
"Thilak Prashantha Vitharana Pathirange","https://www.facebook.com/people/Thilak-Prashantha-Vitharana-Pathirange/pfbid02YY2RER3KxEp4LisoprxerTgfNdJxMfWazJs2npWWuTRC3h1rNQxbKPKBhzJBBgUVl","උඹ දාර්මිකද?"
"Udara Wickramarathne","https://www.facebook.com/profile.php?id=607893830","හම්බෝ උඹෙ මොළේ.."
"Jayathissa Abeywickrama","https://www.facebook.com/jayathissa.abeywickrama","Onna oya  thawath hora siwuru horek kalaeli behela  me amana dusseela chiwara darien gagaha elawanna ona yana thanak balagena yanna mun budusasunath nasanno wela ekaie prasne"
"Thiwen Kulathilaka","https://www.facebook.com/thiwen.kulathilaka.2025","ඉඩකිං පකය"
"Thiwen Kulathilaka","https://www.facebook.com/thiwen.kulathilaka.2025","ඉඩකිං මේ රාජපක්ෂලාගෙ ගුකන හොර ගනයො"
"Sumira Manjula","https://www.facebook.com/sumira.manjula","[Image Attachment]"
"Udayasiri Suduwella","https://www.facebook.com/people/Udayasiri-Suduwella/pfbid0R1J4sAkkqVV7ngQEwLrX6w74HgpABeoisrzih3MWs65E9cQD5GGFG3zdWbJTaWhYl","ඔඋන්ට නලපන් පුතේ හොදට... හොර ගෙඩියෝ 🤣🤣👍👍"
"Ravindra Danthanarayana","https://www.facebook.com/ravindra.danthanarayana","Aniwa ban  well come"
"Renuka De Silva","https://www.facebook.com/people/Renuka-De-Silva/pfbid02HVSJ4LMA81bQZzZDFrdoEFBMTEosxTR3scBH96XkzaqWSqxPFHcVG6Y6quUm3fMrl","[Image Attachment]"
"Jayathissa Abeywickrama","https://www.facebook.com/jayathissa.abeywickrama","Ane   bola hora mahana  rata wenuwen ekkenek  attha athisetiyen ma kiyala dunnane eka hodatoma athi .apa ethumata itha gawurawayen ohuwa age karanawa . Eka apata loku adambarayak gena denawa ."
"Thushara Weerasingha","https://www.facebook.com/thushara.weerasingha.66047","බයියො ලෙප්ට්  😀එක බයියෙක්වත් නෑ හු හූ"
"Shiva Raj","https://www.facebook.com/shiva.raj.400177","[Sticker]"
"Leslie Appuhamy","https://www.facebook.com/lesliedeepthi","මේ  මොන මෝඩයෙක් ද. සිවුර අායුදයක් කරගෙන නටන්නෙ වැඩිකල් නොගොස් සිවුර පිටින්ම  ගුටිකන්නයි හදන්නෙ. මිනිස්සු නිහඬව ඉන්නෙ බයට නොවේ කියල මේ මෝඩයො දන්නෙ නැ."
"Meth Swararoo","https://www.facebook.com/people/Meth-Swararoo/pfbid0ePzpon51ExnVFFCe7gZ61W9kq12wFVdKwEhMDyioFj3AYeN7cD4W6H88cDYQj54wl","නියමයි මචන්"
"Ajantha Amarakoon","https://www.facebook.com/ajantha.amarakoon.5","ඒක තමා හැ0ගිලා ඉන්නෙ"
"Srikanth Mahalingam","","[Sticker]"
"Samarakoon Banda","https://www.facebook.com/people/Samarakoon-Banda/pfbid09dGS7n5buv29vT6dwyiqvKd74b3Xx8FErREmhrJh2f9R25nr6MCdXg2HVEhgJCDWl","මේ කෙරියගෙ කටේ රෙන්ට ඕනෑ මොකද කියන්නේ"
"Nimal Pieris","https://www.facebook.com/people/Nimal-Pieris/pfbid02VtFugJ1kecdaAHYpzgUCgVfonnCyKPwSkHySUTMCoAeD7QGYGpagt4ZndUi4RWsCl","Ane ganayo"
"Upul Piyashantha","https://www.facebook.com/people/Upul-Piyashantha/pfbid026VsKFACtJCqGxKd7oPMCwsWiXBsAj2kpK8QkhEJHmvR5GLucWGSqGW7YTAtFZvdGl","උඹටත් වෙන්නෙ කලින් කෑගහපු අයට වගේ ගෙදර යන්න"
"Priyantha Rajapaksha","https://www.facebook.com/people/Priyantha-Rajapaksha/pfbid02duVYRfBfWFJF8ksADexMu68LhEZCKuvoBNEffa7PnLEw8NKHmRRxf347MmjNxaoPl","Pissu   dangediya"
"Signi Signi","https://www.facebook.com/signi.signi.1","Ane  mun  mokata  mahana  venavada"
"Rajamanthiri Rajamanthiri","https://www.facebook.com/rajamanthiri.rajamanthiri.2025","මේ මොන puke ක‍් ද"
"Nissanka UA","https://www.facebook.com/people/Nissanka-UA/pfbid0UTUeytpkNsNzDwVNYHehekBU7oVzVaY6MQADNdKe83YZFYUQequbNUAuz39ggzual","[Sticker]"
"Ruwan Disanayaka","https://www.facebook.com/ruwan.disanayaka.972675","[Image Attachment]"
"ඉන්දික පුහාත්","https://www.facebook.com/people/%E0%B6%89%E0%B6%B1%E0%B7%8A%E0%B6%AF%E0%B7%92%E0%B6%9A-%E0%B6%B4%E0%B7%94%E0%B7%84%E0%B7%8F%E0%B6%AD%E0%B7%8A/pfbid0GmB2P8AYGkKyMq9mYeaBhP3EWkTsTTLoWMkPw7VDyesSsb4KTASgs3pHFP3oherml","Ane පාහරයෝ තෝ kawda,,බොල, මෙක අපේ සිංහල බෞද්ධ රට, මෙක යන්න ඕනේ අපේ බෞද්ධ භික්ෂූන් ta ඕනේ vidita,thota,,බැරි නම් දාලා පළ, kalakanni, gon Dobiya"
"Batagama Arachchige Danushka Chathuranga","https://www.facebook.com/danushka.chathuranga.311","ඉන්දික පුහාත් උඹලා තවම ගල් යුගයේ ජිවත් වෙන අමුතු සත්තු කොට්ටාශයක් බන් 🙏....... අපේ සිංහල බෞද්ධ රට එක හරි එකට මමත් එකඟයි කිසිම තර්කයක් නෑ..... එහෙමයි කියලා අනිත් ආගම් වල උන්ව මහා පාරේ එල්ලන්ඩද උඹ කියන්නේ 🤔.... උඹ ආශ්‍රය කරන අනිත් ආගම් වල යාලුවෝ හිතවත් මිනිස්සු නැද්ද 🤔..... ඕයි මේ බොරුවට ජාතිවාදී අව්ස්සන්න එපා බන්... ලැජ්ජයි උඹලා ගැන..... දුටුගැමුණුත් එළාරව පැරද්දුවට පස්සේ දෙමළ මිනිස්සුන්ට තමන්ගේ වෙළඳම් කරගෙන සිංහල මිනිස්සු එක්ක සමගියෙන් ඉන්න ඉඩ සැලැස්සුවා.... ඉතිහාසය මතක නෑ උඹලට... හරියට අනිත් ආගම් වල උන උඹේ අරක කඩන් කෑවා වගේ පුදුම ඔරප්පුවක් නේ තියෙන්නේ.... යුද්දේ වෙලා ඉවරයි බන් මොන විකාරයක්ද බන් මේ..... උඹලා ඇදල ගාන්නේ යුද්දේ රණවිරුවෝ මරපු එක..... ඇයි අපිට දුක නැද්ද එකට අපිට අප්සට් නැද්ද අපිට රිදෙන්නේ නැද්ද 🤔..... එව්වා වෙලා ඉවරයි මගේ මිත්‍රයා යුද්දේ ඇති උනේ උඹෙයි මගෙයි වරදකින් නෙමෙයි එක පිලිගනින්..... ඔච්චර පරිනත වයස මිනිස්සු උඹලා කොහොමද ඔහොම හිතන්නේ.... හරි නම් උඹලා තරුණ අපිටත් හොඳ නරක කියලා දෙන්ඩ ඕනේ 🙏..."
"Sudarshana Bandara","https://www.facebook.com/people/Sudarshana-Bandara/pfbid034G1ucxvh2yr8eoUujasobz9J6XpFsfsyAAYu6j47bsLsFi7i6pgccyRgAV1Rcif7l","Pala pakaya sasane kanne nethuwa"
"Namal Bandara","https://www.facebook.com/people/Namal-Bandara/pfbid0RUGdrTpBywumDTMAeJSbi9W2fU6pBMMNJz7QFHMAYUhYkD7rGhpq5dTw1F6nEcqHl","Gahuwe nathi eka pudumayak"
"Chandana Kapuge","https://www.facebook.com/chandana.kapuge.7","නාමලයාගෙ හොරාකාපුවා කතා කරන්නෙ"
"My daily lifet","https://www.facebook.com/people/My-daily-lifet/61593079993513","[Sticker]"
"Gunarathne Jak","https://www.facebook.com/gunarathne.jak","මේ  මොන මෝඩයෙක් ද. සිවුර අායුදයක් කරගෙන නටන්නෙ වැඩිකල් නොගොස් සිවුර පිටින්ම  ගුටිකන්නයි හදන්නෙ. මිනිස්සු නිහඬව ඉන්නෙ බයට නොවේ කියල මේ මෝඩයො දන්නෙ නැ."
"Buddhika De Zoysa Demuni","https://www.facebook.com/buddhika.dezoysa.37","Gunarathne Jak"
"Pemadhasa Thiththala","https://www.facebook.com/people/Pemadhasa-Thiththala/pfbid02MoXagSh466KhFWEHSJcPvoSXNVq272NBbzQFbpTSrQG1nqrHQkN3EdfY34VXzUoil","එතකොට උඹ ධාර්මිකද?😂😂😂😂😂"
"Ruwan Chaminda","https://www.facebook.com/people/Ruwan-Chaminda/pfbid0aDYvyrZLFza7bmkwU3r78pmZ52hGtxLCRXqq5UXmtYMy7ueek7ZHq3jb77UGpRw8l","මු ගෙරි බල්ලා රාජපක්ෂ ගු කන ගෙරි වෙසිගේ පුතා තඩි බොරැ කියන්නේ ..මුගේ ඩයල් එක යක් පරපුරේ වගේ..කාලකණ්ණි නැත්ත .."
"Chandana Wanniyarachi","https://www.facebook.com/chandana.wanniyarachi","තෝ දැක්කමත් තිත්තයි ගනගෙඩියෝ 😡😡😡😡😡🤮🤮🤮🤮🤮🤮"
"Truck King","https://www.facebook.com/truck.king.800167","හැබයි නානසාරයාටයි හේමරතන සිවිරු කුපාඩියාටයි සමාව දුන්නොත් මම අයේ මගේ පන තියෙනතුරු මාලිමාවට චන්දේ නැ..දඩුවම දඩුවම විය යුතුයි මටද දඩුවම දඩුවම විය යුතුයි"
"Shanthi Kumri Dissanayaka","https://www.facebook.com/shanthikumri.dissanayaka","Truck King 100% එකගයි"
"Kms Jayasooriya","https://www.facebook.com/people/Kms-Jayasooriya/pfbid02BvikSDU2x7NH7Eg9m7YAXptxgb1XXRMyt5xPmprZD8oSznmgpg5ohRjHjKhwWiHxl","Maka.patta.horak"
"Truck King","https://www.facebook.com/truck.king.800167","වරකෝ අපේ ඉස්සරාහට ඔය පකේ අත්සන් කොලේ අරගෙන..කැරි සිවිරු බෝම්බ සිවිරු මුදලාලිලා සිවිරු ජඩයෝ"
"Thilini Luthmila Surendra","https://www.facebook.com/samantha.pathage.9","Me gihiya modayek.olmada baduwak."
"Batagama Arachchige Danushka Chathuranga","https://www.facebook.com/danushka.chathuranga.311","Thilini Luthmila Surendra ඇත්ත කියපු නිසාද 🤔.... එහෙම නම් හරි ඔව් මට ඔල්මදේ.... කියපු දෙට විතරක් උත්තර දුන්නා එච්චරයි 🙏"
"Mahinda Michael","","Kari thatta vasiga putha"
"Mahinda Michael","","Kalakani vasiga putha"
"Anthony Staneis","https://www.facebook.com/people/Anthony-Staneis/pfbid033baGsdG2FQ9Gb9hmczrxyveLhoWYCmwqEtxS6aFBXLuZk5gcCSNa4sdzpseTgwLAl","😂🤣🤣🤣😂🤣🤣🤣😂🤣🤣🤣😂🤣🤣🤣😂🤣🤣🤣😂🤣🤣🤣👞👞👞👞👞👞👞👞👞👞👞👞👞👞👞🖕🏿🖕🏿🖕🏿🖕🏿🖕🏿🖕🏿🖕🏿🖕🏿🖕🏿🖕🏿🖕🏿🖕🏿🖕🏿🖕🏿🖕🏿🖕🏿🖕🏿🖕🏿🖕🏿"
"Natasha De Mel","https://www.facebook.com/amaradasa.kottawa.3","මේ නිගන්ටයට ගූ ගහපල්ලා"
"Anuruddha Brabath","https://www.facebook.com/people/Anuruddha-Brabath/pfbid09CNGGoe65oZY682diha7Q2NgvuyPdKDnE3iLkd8NN4YT2bCJrFsYTb9BpyGrHVdpl","Pissu huktak  ma sadu"
"Nimal Rajapaksha","https://www.facebook.com/nimal.rajapaksha.739","බණක් පාන්සුකූලෙකට නැති උබල මොකටද පයියෝ"
"Lazarus Macklus","https://www.facebook.com/lazarus.macklus","[Image Attachment]"
"Nandana Rajawasam","https://www.facebook.com/nandana.raj.779","අපේ ගමට වරේන් ගහලාඑලවනවා"
"Nirmal Prasanga","https://www.facebook.com/nirmal.prasanga.58","වරෙන්කො අපේ ගමට"
"Siri Lal Jasenthu Liyanage","https://www.facebook.com/sirilal.jasenthuliyanage","[Image Attachment]"
"Batagama Arachchige Danushka Chathuranga","https://www.facebook.com/danushka.chathuranga.311","Siri Lal Jasenthu Liyanage ඇයි උඹ හිතුවද උඹ වගේ කියලා 😂😂"
"Siri Lal Jasenthu Liyanage","https://www.facebook.com/sirilal.jasenthuliyanage","Batagama Arachchige Danushka Chathuranga"
"Buddhika De Zoysa Demuni","https://www.facebook.com/buddhika.dezoysa.37","[Sticker]"
"Sumira Manjula","https://www.facebook.com/sumira.manjula","[Image Attachment]"
"Buddhika De Zoysa Demuni","https://www.facebook.com/buddhika.dezoysa.37","Sumira Manjula"
"Shiromi Fernando","https://www.facebook.com/people/Shiromi-Fernando/pfbid0UwSBYYPxCWV7xWiMMZ68AjB2xrjxvebWsLJWgbX8jAvnoCah7GwWuz2JZT2s42ZJl","Eya ekka meyawath dako ethokota oya lede hoda vei"
"Siri Lal Jasenthu Liyanage","https://www.facebook.com/sirilal.jasenthuliyanage","[Image Attachment]"
"Josap Antani","https://www.facebook.com/josap.antani.35","[Image Attachment]"
"Hpa De Costa","https://www.facebook.com/hpa.de.costa","[Sticker]"
"Buddhika De Zoysa Demuni","https://www.facebook.com/buddhika.dezoysa.37","[Sticker]"
"Sumira Manjula","https://www.facebook.com/sumira.manjula","[Image Attachment]"
"Buddhika De Zoysa Demuni","https://www.facebook.com/buddhika.dezoysa.37","[Image Attachment]"
"Siri Lal Jasenthu Liyanage","https://www.facebook.com/sirilal.jasenthuliyanage","[Image Attachment]"
"Josap Antani","https://www.facebook.com/josap.antani.35","[Image Attachment]"
"Nirmani Aththnagoda","https://www.facebook.com/nirmani.aththnagoda","[Image Attachment]"
"Sudesh Senevirathna","https://www.facebook.com/sudesh.senevirathna.2025","මටත් හම්බ උනා අනුරාධපුරෙන් මං අත්සන් කරන්න බෑ කිව්වා 😁"
"Anura Fernando","https://www.facebook.com/anura.fernando.620031","Sudesh Senevirathna තෝ නිවට පගයෙක් දීපිය අම්බයින්ට😁😁😁"
"Sudesh Senevirathna","https://www.facebook.com/sudesh.senevirathna.2025","Anura Fernando අහා ඔයා ඉන්න පාඩුවේ 😁"
"Manjula Damith","https://www.facebook.com/manjualdamith","සිවුරක් දා ගත්ත පලියට ඔක්කොම භික්ෂූන් නෙමේ."
"Lesly Rupasinghe","https://www.facebook.com/lesly.rupasinghe.3","Niyamaei.malli"
"Sudath Gamage","https://www.facebook.com/sudath.maranagamage","මූ කියන්න උබ කවුද  අහිකුන්ටක කාලකන්නියා"
"Rohan de Silva","","Tilivin silva mona rajatada ban upades denne apita nam raja gollo na. Chanden wasara 5 kata path una janadipati genek inne"
"Indika Jayamini","https://www.facebook.com/indika.jayamini.9","නඩු තින්දුවකට මහජන අදහස් අරගෙන අත්සන් අරගෙන ඒක යැව්ව කියල නඩු තින්දු වෙනස් වෙනවද ඒකවත් නොතේරෙන එකෙක්නෙ උබ"
"Ganga Hettigoda","https://www.facebook.com/people/Ganga-Hettigoda/100004533648309","Tho කව්ද බලු nariyo අපේ ස්වාමින් වහන්සේලාට ඔහොම කතා කරන්න. බලපිය තොගෙ හැටි tho හරියට රැලේ යන කුණු ballek වගේ. අපේ බෞද්ධ ස්වාමීන් වහන්සේලා ට බනින්න මොකද්ද තොගෙ ජාතකය. තෝ මොකටද ජාතක උනේ කියලා තොගෙ මහ ඒකෙන් අහපිය අවජාතක කුණු jeppa"
"Liyanage Sunil","https://www.facebook.com/liyanage.sunil.501","මුගේ මූනේ වයිරය බලපන්. මූන වයිරයෙන් පුපුරන්න හදනවා."
"Pradeep S Fernando","https://www.facebook.com/liyanage.fernando.35","සාසනයේ විනාශයට තව කහකඩයෙක්...😴😰😭"
"Dhammika Sanjeewa Ranatunga","https://www.facebook.com/dhammikasanjeewa.ranatunga","Pala 🫏🫏🫏🫏🫏💩💩💩💩🦧🦧🦧"
"Samantha Welagedara","https://www.facebook.com/samantha.welagedara.939046","වනචාරී කහකඩ පාදඩයො"
"Anura Senavirathne","https://www.facebook.com/people/Anura-Senavirathne/pfbid0DjnKbe4VK9A44MvA6y6Fs2P63EQTs3RWw3o6yKTn3iHAz6U2qbTmW2H47AwfDD8Cl","උබලා වගේ තක්කඩි  උන් හින්දා අන්තිමට  වෙන්නෙ  ගලබොඩ අත්තේට ජනාධිපති සමාව නැති කරගන්න එක විතරයි  කටවහගෙන  හිටපියව් සමාව දෙනකල්වත්"
"Chandima Nilanka","https://www.facebook.com/people/Chandima-Nilanka/pfbid024ZbmipLZwFP7QYB6fAPB1wurhvVR7aNTgFpxQ4SheQrDfZck1rDD8doFBbmXJbVFl","gahala elawapan me hora ganayonta"
"Pathma Mahanama","https://www.facebook.com/profile.php?id=100062384654842","අභි ධර්මය දන්න  ඔබවහන්සේ වැනි.. ඉතාමත් බුද්ධිමත්.. ස්වාමීන් වහන්සේ කෙනෙක්... ලෝභය ද්වේශය මෝහය,, ගලාපාගත, නොහැකි වූවාදෝ... දෙවියනේ 😥"
"Dayananda Rajapakse","https://www.facebook.com/dayananda.rajapakse.9","තවත් රටට වනයක්"
"Karunanayaka Bandara","https://www.facebook.com/karunanayaka.bandara.7","Mekat horek"
"Natasha Crooz","https://www.facebook.com/natasha.crooz.7","Karunanayaka Bandara pinata kala pinata kahena horunta kade yana hutte galla"
"Palitha Jayawickrama","https://www.facebook.com/people/Palitha-Jayawickrama/pfbid02Mf1Wpdpdg4VnyLLdP9XxYDaBjFtJ3qCkRvFoJ3SYbr6FfNtpFNwDeLRybdkW9wbFl","රෙවිලා හි හි හි😂😂😂😂😂😂😂😂😂"
"Buddhika De Zoysa Demuni","https://www.facebook.com/buddhika.dezoysa.37","[Image Attachment]"
"Ajmeer Mohmmed","https://www.facebook.com/ajmeer.mohmmed.1","උඹ මොකෙන්ද බන් අපේ පස්සෙන්ඩ අපි හම්බු කරන අපි කනවා, තෝ මොකෙක්ද"
"Harshana Disanayak","https://www.facebook.com/people/Harshana-Disanayak/61552542830562","මූ ඊට අන්තයි බුවා මූ කරන එවා"
"Shamila Nuwantha Warnakulasooriya","https://www.facebook.com/people/Shamila-Nuwantha-Warnakulasooriya/pfbid02PRtKRYnLCXM5r66hTMjcxAcwcvegG5VmhK1x5mbKg7dyAdoEFzWaqwf8HAwixucTl","ඥානසාර හිරේ යන්න ඔන , කරපු කැත වැඩ වලට"
"Siri Lal Jasenthu Liyanage","https://www.facebook.com/sirilal.jasenthuliyanage","[Image Attachment]"
"Vishva N Rathnayaka","https://www.facebook.com/jone.vishvamaharagama","මේකට අත්සනක් ගහන්න කියලා හිගා කනකොට පව් කියලා තමයි ගොඩක් වුන් අත්සන් කරන්නැත්තේ"
"හසිත දිසානායක","https://www.facebook.com/ur9slucveq","කොලබ අවට වරෙන් අස්සන් ගන්න ගු ගහල සිවුර ගලවල ගහන්නේ"
"Josap Antani","https://www.facebook.com/josap.antani.35","[Image Attachment]"
"Akalanka","https://www.facebook.com/akalanka.seneviratne.1","මුංට පිස්සු බං තක්කඩි වෙනුවෙන් පෙනීසිටින්න"
"Dinusha Aththata Gamage","https://www.facebook.com/dinusha.aththatagamage","එල හැම එකාම මේ විදිහට මේ පජාත හොරු තක්කඩි බෙනුවෙන්කඩේ යන චීවර ධාරින්ව නිරුවත් කලයුතුමයි ❤️"
"Thenuli Sudarma","https://www.facebook.com/people/Thenuli-Sudarma/pfbid01EjfA8NjsCSBxkVm858pH27Mj7z8emzin2sdrYknxB13SeGVbHsjLVW1kgczoQPcl","Bolage amamata hikuwada hiththo"
"Bussiness ","https://www.facebook.com/people/Bussiness/61593916115156","don't talk like this bikshunwahanse namakata mehema katharanna oya kawda"
"Mage රට","https://www.facebook.com/people/Mage-%E0%B6%BB%E0%B6%A7/61589075844047","Aniwaaaa brother Munawa mulinma Hariyata mahana karanna wenawa wanacharayoooo"
"Kumarasiri Roopassara","https://www.facebook.com/people/Kumarasiri-Roopassara/100069274159672","මේ කාලකන්නියා ..... රාජපක්ෂලාගේ කළුසල්ලි සුදුකරන්න චීවරය පාවිච්චි කරන වනචාරියා.."
"Chandana Ranathunga","https://www.facebook.com/chandana.ranathunga.399","මේකා සිවුරක් දාගත්තට අමු මෝඩයෙක්. අත්සන්වලට උසාවි තීන්දු වෙනස්වෙයිද යකෝ?"
"Saminda Wickramaarachchi","https://www.facebook.com/marine.samindaprasad","ඉඩි අමින් වගේ ටිකක් 😂"
"Ajith Santha","https://www.facebook.com/ajith.santha.7549","ඝනයො    මේ  තරම්  අපතයොද"
"Surain De Mel","https://www.facebook.com/surain.demel","නිධන් හොරා, ආමි එකෙන් පැනලා ආපු පට්ට හොරා"
"Nishantha Premarathna","https://www.facebook.com/nishantha.premarathna.946035","Thiththagalle වගේ wsige puthaala දුටු තැන  elawapiyaw"
"Aruna Buddika","https://www.facebook.com/aruna.buddika.9887","පහර බන්"
"Thushara Muthukumarana","https://www.facebook.com/people/Thushara-Muthukumarana/pfbid03KJbmsbvng5KgbBgvxUn8dJQSar4SbsT3xG5rJci9ajVf4PWU8fmQQf3LG28Ys4Vl","තවත් පිස්සෙක්"
"Wimukthi Ashan Ashan","https://www.facebook.com/wimukthiashan.ashan","Munta siuru galawala Gahanna one."
"Jayantha Thilakarathna","https://www.facebook.com/jayantha.thilakarathna.637854","මුංට ඕනෙ නිකන් පිනට කාල නිදැල්ලෙ හු.න්න ඒවා වානා"
"Upul Erathna","https://www.facebook.com/people/Upul-Erathna/pfbid0RS5vmB5baQkHJar5NwmwvX4MMUbJqCAbYAT4xW27RJcjT6GUeB1WNVqmnFy9YTaXl","හොරාකාපු,මිනිමරපු,වංචාකාරයො තමයි මේ සිවුරුකාරයින් පස්සේ යන්නේ"
"Manju Sampath","https://www.facebook.com/manju.sampath.441610","තොට නොගහ හිටපු එක ගැන දුකයි."
"Nalin Wijekoon","https://www.facebook.com/nalin.wijekoon.7","Walaha"
"Dan Perera","https://www.facebook.com/dan.perera.560","Oya bana Shanna welawak nehe"
"Indika Kumari","https://www.facebook.com/indika.kumari.177182","Hire yannama dagaluwa ne"
"Somila Rodrigo","https://www.facebook.com/somila.rodrigo.5","Aneee පුළුවන් නම් මේක දුන්න කියන එක ඡන්දය  අාය දීල දාන්න.. 😅😅😅😅"
"Hasindra Pramuditha","https://www.facebook.com/hasindra.pramuditha.5","සිව්රු දාගත්ත සක්කිලියෝ"
"Dammi Samarakoon","","උබගේ මොලේ මූනෙන් පේනවා ඩෝබියා"
"Dinesh Nanayakkara","https://www.facebook.com/dinesh.nanayakkara.39","සහතික ඇත්ත"
"Nimal Thanthriarachchi","https://www.facebook.com/nimal.thanthriarachchi","අනිත් උන් උබට පුක දුන්නද තිත්ත pakaya."
"Susantha Kapila Fernando","https://www.facebook.com/modara.fernando","දැන් රජවරු නෑ අපේ හාම්මුදලුවනේ.😂😂"
"Kapila Fernando","https://www.facebook.com/kapila.fernando.661229","Palyan pakaya යන්න"
"Antony Srimath","https://www.facebook.com/antonysrimathperera.muthuporuthotage","තිත්තගල්ලේව දැන්නම් තිත්තවෙලා තියෙන්නේ ."
"Sun Lai Yung","https://www.facebook.com/sun.yung.10","Mu dhobiyek."
"Duminda Wengappuli","https://www.facebook.com/people/Duminda-Wengappuli/pfbid0hULXVVusRqULU5yiKKq3Xos7csbqGquNEdtH7jpPVZzP8zE5uvtetACEAAmAiR2Ql","ඇත්ත කියන කොට ඩෝබ්‍ යෝ"
"Rukman Thushara","https://www.facebook.com/rukman.thushara.778728","බණ..පදයක් කියපන්කො ..බං"
"Gayan Arachchi","https://www.facebook.com/profile.php?id=100005863894821","කපිය 💩💩💩"
"Prasanna Herath","https://www.facebook.com/prasanna.herath.355","තක්කඩි ගනයෙක්"
"Anuradha Semasinghe","https://www.facebook.com/anuradha.semasinghe.1","ධාර්මික නැත්තෙ පැවදි වෙලා අදාල නොවන සියල්ල කරන ඔය වගේ අය"
"Sepali Athukorala","","සිවුරු ඇදන් ඉන්න ඔබ වහන්සේලා ධාර්මිකද???"
"Nalaka Lakshan","https://www.facebook.com/people/Nalaka-Lakshan/pfbid022NG7NWKMTWqeMw435vDBHLa2526AwyarCompnGVQi6rtD8KP6NmGf7w3LRwWUJEzl","ඔයාලත් විකෘති නේ ඒකයි 🥲"
"Sunil Warnakulasooriya","https://www.facebook.com/sunil.warnakulasooriya.39","උබනමි අපවත්  වෙන්නෙ නෑ උබ මැරියන්"
"Udayarathna Sumithraarachchi","https://www.facebook.com/udayarathna.sumithraarachchi","පේනව නේද ජනතාවට බුදුදහම ගැන මොනතරම් කලකිරීමක්ද ඇතිවෙලා තියෙන්නෙ කියල. ඒකට ඔය කහකඩ හැතිකරේ තමයි වග කියන්න ඕනෙ. සමාජ මාධ්‍ය නොතිබෙන්න තොපි තවමත් මිනිසුන්ව රවටනවා. පජාත කහකඩයො."
"Kmp Kumara Sinha","https://www.facebook.com/kmp.kumara.sinha.2025","Meka dapu ekage Amma redda ussala thiyenne tambintai demaluntai mu jathaka une ehemai"
"Weerasena Gurusinghe","https://www.facebook.com/weerasena.gurusinghe","එලකිරි"
"NP Kularathna","https://www.facebook.com/np.kularathna","බැරුව තෝ මේ එළුවා ඉඳන්  දොඩන විකාර ඉස්සරවෙලා කතාකරන්න igengaganin"
"Chamara Thushara","https://www.facebook.com/chamara.thushara.543","Mona hukannekda ban mu.thu nodhakin kaalakanniya"
"Sujeewa Perera","https://www.facebook.com/sujeewa.perera.36223","මුන්ගේ පුදුම ධාර්මික බවක්නේ තියෙන්නේ"
"Shashya Bandara","https://www.facebook.com/shashya.bandara","අමු හොරෙක් මු.."
"Suranga Sanjeewa","https://www.facebook.com/people/Suranga-Sanjeewa/pfbid0ohH1fKK1gsfUgdXRUvmLhNGpeaZ1yF2LoMYXPGfsZD8LCuVx8Q3d32KCBgSQ7k63l","Mun  hamuthuruwo nemei thu vitharai"
"Jayathilaka Herath","https://www.facebook.com/jayathilaka.herath.368853","ඕකේ  හොර අත්සන්  දාස්ගානක්  තියෙනවා එකා  දෙතුන්පාර අත්සන් කරල  කරපු එවුන්ම තමා කියන්නෙ"
"Anura Jayasinghe","https://www.facebook.com/anura.jayasinghe.58","Kalakanne para සක්කිලි  තිත galla"
"Sujith Prasantha","https://www.facebook.com/sujith.prasantha.7","හාමුදුරුවෝ රකින්නේ සාසනයද නැත්නම් වෙන කවුරුවත් වද්ද? දැන් බුද්ධ සාසනය වෙනුවෙන් කවුරුත් නැද්ද"
"Asanka Prasad","https://www.facebook.com/asanka.prasad.223410","කොන්ද ඇති කොල්ලෙක් ඒකයි ඌ එහෙම කිව්වෙ තොපිට"
"Chandra Thissa","https://www.facebook.com/chandra.thissa.2025","තිත්තගල්ලේට.පිස්සු.පුතේ.මහන.වෙන්න.කියමු"
"Eshan Nimnaka","https://www.facebook.com/eshan.nimnaka","පල ජාති වාදේ අවුස්සන ගෙරි තට්ටය"
"Gamini Samararatne","","Mu hariyata nadu nethi lowyer wage , public venna full try , now people are advanced 80%"
"Jayasundara Herath Mudiyansalage Ranawaka","https://www.facebook.com/jayasundara.herath.mudiyansalage.ranawaka","Me mokada kiyala api dannawa  Mulim janatha watath kalalak moo"
"Wickrama Geetha de Silva","https://www.facebook.com/wickrama.geetha.de.silva","තිත්තගලයා තිත්තයි උඹ 😀😀😀😀😀"
"Adithya Jayasuriya","","ඇත්තමයි මුන්ට දානේ දෙන උන්ට ඉලපතට චූ කරලා ගහපිය"
"Mohan Nadarajah","https://www.facebook.com/mohan.nadarajah.52","නියමයි මල්ලී ❤️👍"
"Gayan Gunawansha","https://www.facebook.com/gayan.gunawansha","අත්සන් අරන් annako"
"Sajeewani Wijeekon","https://www.facebook.com/sajeewani.wijeekon","තිත්ත ගොල්ලේ හාමුදුරුවෝ ඇයි ඉතින් අච්චර අධාර්මික අච්චර නැහැදිච්ච නාග සාරව බේරගන්න හදන්නේ"
"Rohana Chaminda Gardhihewage","https://www.facebook.com/rohanachaminda.gardhihewage.9","Me hamuduruwanwa issallama mahana karawapalla passe anith ewa  salaka balamu🤣"
"Lp Vinton","https://www.facebook.com/lp.vinton","කාලෙන් කාලෙට මතුවක පිල්ලි"
"Gemunu Perera","https://www.facebook.com/gemunu.perera.3","මු නිකං පුජිත මෙන්ඩිස් වගේ. පොඩිඋන් බය කරන්න හොදයි"
"Sanath Udaya","https://www.facebook.com/sanath.udaya","අප්පෝ ඔයාවනම් තිත්තයි තිත්ත ගල්ලේ"
"Chamil Indika","https://www.facebook.com/chamil.indika.9634","Dunna dimak saduta adannama 🤣🤣👍"
"Indu Fernando","https://www.facebook.com/indu.fernando.524","රජු  ධාර්මික  නෑ කියන්නෙ  උංඹ  වගේ  කාලකන්නි  විතරයි httpu තෝ.."
"Noel Rajarathna","https://www.facebook.com/noel.rajarathnam.3","අන්ධයින්ට පෙනුම ලබා දෙන්න බැහැ."
"Mohamed Musthafa","https://www.facebook.com/mohamed.musthafa.73113528","ඵකෙක් නම් 50 කින් අත්සන් 50 ගහයි වැඩෙ ගොඩ කාවද අන්දන්නෙ"
"Roshan Shalinda","https://www.facebook.com/roshan.salinda.96","මේක දාර්මිකයිද මුන් යවන්න ඕනා මේ සාසනෙන්"
"Gayani Gayani Nisansala","https://www.facebook.com/gayani.gayaninisansala.18","දැන්වත් මහණ වුනොත් හොදයි නේද????"
"Meril Mendis","https://www.facebook.com/meril.mendis.2025","නියමයි සහෝදරයා"
"Christi Perera","https://www.facebook.com/christi.perera.2025","පේන්නැද්ද වෛරයෙන් ඉන්නෙ,  ජනාධිපනිට කියනව වෛර කරන්න එපා කියලා, ⁣දෙපත් නයිමේ"
"Tharanga Saman","https://www.facebook.com/tharanga.sama","Eka atthaaa 😂"
"Chandana Anura","https://www.facebook.com/chandana.anura.54","Munge sakkili weda"
"Amith Prame","https://www.facebook.com/amith.prame","කිසිසේත් සමාව හිමිවිය යුතු නැහැ."
"Thushara Neel","https://www.facebook.com/kumara.aberathna79","harakek  nidahas  karannada  ai  barayak  oppu  karanada"
"Jafir Jafir","https://www.facebook.com/people/Jafir-Jafir/pfbid02hsVLcUf2eeScNW4kwNZw6LKj2RHb2bDrHcwe3MXuieLJAV4KVRioGLUsTkS4TApwl","Atta katava macchan ummba teepu dikka megulluda mehamatamaai pehatilikarandaonea  good very great post thanks"
"Nilanka Perera","https://www.facebook.com/nilanka.perera.3701","මූව දැක්කහම පේනව සිවුර දාන්න ගැලපෙන එකෙක් නෙමෙයි කියල මූ හොදයි පොඩි ලමයි බය කරන්න ගෙනියන්න."
"Lasith Sanathana","https://www.facebook.com/lasith.sanathana.2025","Pissek"
"Nilanthi Kumari","https://www.facebook.com/people/Nilanthi-Kumari/pfbid0woyNz3rkoW4ELcPPFhdRrQ6UhEgtnPNjKZLrhotzdw85wKfHYoT5fgfqBjxL9XNql","සුපිරි"
"Samantha Kelum Amarasena","https://www.facebook.com/samanthakelum.amarasena.9","එ්කටකියන්නේ වෙෙරය නෙවෙයි මෙෙතිුයද?...."
"Danarathna Disanayaka","https://www.facebook.com/danarathna.disanayaka.1","හෙට අනිද්දා තව ලැබෙයි..."
"Yasandi Samarasinghe","https://www.facebook.com/yasandi.samarasinghe.2025","Mun buddasasane kana ewun"
"Mohamed Sarjan","https://www.facebook.com/mohamed.sarjan.96","1 singaya 🇱🇰"
"Evodia Martin","https://www.facebook.com/evodia.martin.71","හාමුදුරුවෝ තමා අසාධාරණ මෙයා තවත් අලුත් රැගිල්ල්ක් මේ රටේ සිවුර දැම්ම නම් එකටත් ගරු කරන්ඩ දන්නේ නැතුව මෙයාගේ යුක්තිය 😂😂😂😂😂😂😂😂 අනිත් අයගේ වැරදි වගේ ආණ්ඩුවේ වැරදිත් එකයි එහෙම නම් ඇය් මේ මනුස්සයා මෙහෙම මේක ධර්මයද දේශපාලනයද ඔහේ පන්සලට වෙලා ධර්මය ඉගනගන්ඩ 😂😂😂😂"
"Jaya Kani","https://www.facebook.com/jaya.kani.127","தம்பி  இவர்கள் காவி உடை அணிந்து  இந்த நாட்டை குளப்புகிறார்கள்"
"Mansur Mansur","https://www.facebook.com/people/Mansur-Mansur/pfbid06mGUFitAns6mznRL4GZrYUQAfvwd7YdBpKNAfkfgngf8iLfTqmHHMdsSMToufXdAl","Niyamai malliyo niyamai"
"Ranjith Hettiarachchi","https://www.facebook.com/ranjith.hettiarachchi.769709","රාජපක්ෂ නිකායේ තවත් සතෙක්"
"Mithrasiri Weerasinghe","https://www.facebook.com/mithrasiri.weerasinha","පිසාච යෝ  සිවුරු දාගෙන"
"Nuwan Pradeep","https://www.facebook.com/nuwan.pradeep.5249","මේ ඝණගෙඩියාට දෙන්න ඕන කණ පූරෝලා 😂😂"
"Lalith Nawamuniarachchi","https://www.facebook.com/lalith.nawamuniarachchi.2025","මෙන්න ආයෙත් බල්ලෙක් ඇවිල්ලා"
"Samaraweera Samaraweera","https://www.facebook.com/people/Samaraweera-Samaraweera/pfbid0WLUB2A3ptUMPpdUnHEdzqpwcvWYQ4rvpekz74kq48xeNPYeXSsY9gteCmXkoAEcCl","යකෝ තෝත් විකුර්ථියක් නේ"
"Revatha de Costa","https://www.facebook.com/revatha.de.costa","කොන්ද පන නැති කාලකණ්නි තමයි අත්සන් කරලා ඇත්තෙ."
"Nandana Kumara","https://www.facebook.com/nandana.kumara.603122","මෙන්න මේ වගේ සිවුරට නිගා දෙන සිවුරු රදවනයන්ට එරෙහිව මහජනයා නැගී සිටිය යුතුමයි ."
"Darshana Mediliya","https://www.facebook.com/darshana.mediliya.3","ADDOOO. WARADI. SAKKILIYAA OOKAA. HIRAA TA. DAANAWAAMAI"
"Hemawathi Edirisinghe","https://www.facebook.com/hemawathi.edirisinghe","අපේ හාමුදුරුවනේ දැන් මිනිස්සු උඹ පලයන් තෝ කියන ගානට වැටුණානේ දේශපාලනයට කඩේ යන්ඩ ගිහින් ඥානසාර කවුද කියලා මිනිස්සු දන්නෑ කියලද ඔබ වහන්සේලා හිතන්නේ බලන්නකෝ ඔබවහන්සේට මිනිස්සු කතා කරන හැටි දැන් බලුවෙන්ඩ එපා අපේ හාමුදුරුවනේ"
"Manjula Sujith Pilawalagedara","https://www.facebook.com/people/Manjula-Sujith-Pilawalagedara/61576278432648","Uba koheda kiyapanko  topita kala tele wedi"
"Gaginda Raju","https://www.facebook.com/people/Gaginda-Raju/100009726071675","Very nice bro"
"Roshan Thilakarathne","https://www.facebook.com/roshan.thilakarathne.50","Awrudu 80ganak maruwen maruwata hora kapu UN minimarapu UN takkadi wedak krapu UN darmikaida hamuduruwane...lejjai vily lejjai.."
"Bala Mala","https://www.facebook.com/people/Bala-Mala/pfbid0CiNXMPV6H8zxHR16vSiMbQfEgT3gs6ykMmekG8skLJGLk3y3Zc5rc2JrcG7TLi5Wl","உம்பக்கே அம்மாட்ட கரி பள்ளோ புத்தாகம"
"Sugath Hadunnethi","https://www.facebook.com/sugath.hadunnettige.1","Pala pareya"
"Sunny Appuhamy","https://www.facebook.com/sunny.appuhamy","Ubala janathawa andapu kalaya hamarai api government eka samagai oya gahana kollek or baduwak gahagena idahalla"
"Chiththrani Asoka","https://www.facebook.com/people/Chiththrani-Asoka/pfbid0wPHrUFHgzKqGJDXBjjznAgQdtXwt5rGVxhCSURG7yc7HmJRsvc1T6YkSyWfACoLil","Podi   daruwekuta   kerapu   deyh    Podi   podi   weradida   🤔🤔🤔👍👍👍👍👍"
"Saman Beragama","https://www.facebook.com/people/Saman-Beragama/100008386537224","පවි මුන්.මහන කරපුඅමිම තාත්තටපවිදෙනව"
"Sarath Kumara","https://www.facebook.com/people/Sarath-Kumara/pfbid0PJ2KLBLinjYRRn6cqQdnFUtZTV5vSMT8xGoA7nUpbpxgK7BnxBNQGYs2NwhdTq2ql","මුන්ට දානය දෙන්න එපා පිංගුත්තර 🐅 ටිකක්"
"Thomas Sovis","","මුන්මේ හොර තක්කඩියෙක් වෙනුවෙන් නානසාර සක්කිලියෙක්"
"Gayan Lakshitha","https://www.facebook.com/gayan.lakshitha.982845","පල්ලේගම hemarathanage  case 1 yata ගහන්න hadana ගේමක් .😜niwandakinna"
"Kapila P. Wijayasinghe","https://www.facebook.com/profile.php?id=1263861484","කවුද මේ සැරින් සැරේ ඔලුව දාන හාමුදුරු නමකට කතා කරන්නවත් දන්නේ නැති ගොබ්බයා....? විරුද්ධව කතා කරපු උන් කතා කරේ කොන්දක් තියාගෙන නෙමෙයි නෙමෙයි. ඒක උන්ගේ අවජාතකකම"
"Ananda Wijesiri","https://www.facebook.com/people/Ananda-Wijesiri/pfbid039urrShJww7gFWVeSS9pugFKvysskn97RhjjE5jNVqZv2Tf3BiW429pefh1h3SJal","සලේගෙ අත්සන් දසලක්ශය කෝ   තිත්තෙ"
"Kasthuri AD","https://www.facebook.com/dayarathne.kasthuri","thittha galle Padaya wiyaja siwru karaya."
"Ashoka Wijerathna","https://www.facebook.com/ashoka.wijerathna.169","Wadipurama boruwa wapuranne oyawage aya"
"Shamila Palliyaguruge","https://www.facebook.com/shamila.palliyaguruge","නියමයි  මල්ලි....මුන්ට තියෙන්නේ බුදු දහම තුලින්  සමජය දරුවන් යහමඟට ගන්න එක ...සිවුරු දාගෙන පිනට කකා උන්ට තියෙන ජොබ් එකද මේ කරන්නනේ....හාමුදුරුවන්ට මේව තහනම් කරන්න ඔන නීතී ගෙනල්ලා පන්සල් ඉස්සරහට වහන්න වෙයී... මිනිස්සු කලකිරිමෙන් ඉන්නේ පන්සල් ගැන  අපිට ආගමත් නැති  කරන්වා මේ වහේ අය ශාසනෙත් ඉවරයි..."
"Thushantha Wijayaweera","https://www.facebook.com/thushantha.wijayaweera.2025","Ela,ela machan"
"Prsanna Kumara","https://www.facebook.com/people/Prsanna-Kumara/pfbid0rvaAc8KbgZ2KaW78FMPJTK7o3zWJuUeKhUVUNZ8YPTZFuvBpam1hJDFzmqJdYnf7l","Pala sakkiliya yanna.topi wage sakkili jatak karapu untat hena ghanawa"
"Gamage Suresh Devinda Perera","https://www.facebook.com/gamage.s.perera.5","කමෙන්ට් ටික බලපන් @thiththagalle ප කෝ"
"Sumith Aruna Rodrigo","https://www.facebook.com/bksumitharuna","ලෙසටම කිව්වා මල්ලි respect ඒකට 🤜"
"Kanta Muthumala","https://www.facebook.com/kanta.muthumala","Pala paraya yanna."
"Nalin Wijekoon","https://www.facebook.com/nalin.wijekoon.752","මේ චීවරධාරියා වහාම අතඩංගුවට ගත යුතුයි.... අධිකරණයේ විභාග වන නඩුවක වරෙන්තු ලද චූදිතයෙකු පිලිබද මේ ආකාරයට අධිකරණයට බලපෑම් කල හැකිද???🤔🤔🤔"
"Ranga Premathilaka","https://www.facebook.com/ranga.premathilaka.2025","Dahama gena hariyatama danna kenek mehema උනේ ai"
"Rosita Perera","https://www.facebook.com/rosita.perera.73","Pissu ganaya"
"Pvg Gunasekara","","උබව තිත්තම වෙනව."
"Sunethra Uswaththa","https://www.facebook.com/people/Sunethra-Uswaththa/pfbid02RYRGvwbTq514pCURoBpBnzcbZWDFgYZ9PnoiMu2hsQnjgtKrpt7eo7M9wMd6yqK8l","Eka aththa"
"Sumedha Hettiarachchi","https://www.facebook.com/sumedha.hettiarachchi.106098","මුන් ලෙකවල් විනශ කරන පාපතරයන්"
"Edirisingha Senadeera","https://www.facebook.com/people/Edirisingha-Senadeera/pfbid02GifFg1GTedLT3JCpHmN3NiGXhmL3cQcZxnsmNP94FFU6RhgEZPseoeNtSNFeWvVEl","Nidan hora thota minissu kamathi naha"
"Pathirange Priyankara","https://www.facebook.com/pathirange.priyankara","පිනට කල ඇතුලට යන්නන දගලන තරමක් බත් බැලය"
"Jayantha Udayakumara","https://www.facebook.com/jayantha.udayakumara.50","සියලු සත්වයෝ සුවපත් වෙත්වා, සැමටම තෙරුවන් සරණයි ❤🙏"
"Saman Liyanage","https://www.facebook.com/salman.liyanage","Upan gobbayek, sadu sadu sadu"
"Sarath Kalansooriya","https://www.facebook.com/sarath.kalansooriya.77161","නියමායි කොල්ලො මරු ඈ...❤️❤️"
"Asanka Sampath","https://www.facebook.com/asanka.sampath.911939","Ane uke paw kara ganaya"
"Anis Ahamod","https://www.facebook.com/anis.ahamod","In Srilanka Monks are given unofficial powers and priorities and free in everything 🤮.Therefore they misuse the law. Difficult to be controlled by legal system of Srilanka.We trust AKD NPP government will restructure and reorganize and rehabilitate the judicial system, police, lawyers,politicians and Monks in Srilanka 🙏."
"Nilanka Rukmal","https://www.facebook.com/nilanka.rukmal.16","Sura galavala dasa palana karannat hoda"
"Darshana Madusanka","","අනුරාධපුරයේ අටමස්ථානාධිපති හිමිට . දුෂනචොදනා . තව නමක් අදිනකඩේ අස්සේ අයිස් දාගෙන විකුණනවා . තම්ක් ගෑනු දෙන්නේක් එක්ක පන්සල් ගෙයි කාබරේ ගමේ මිනිස්සු පන්සල වට කරලා අල්ලනවා .තව නම්ක් උදේ සිවුර ගලෝලා පවුලයි ළමයවයි කාර් එකේ දාගෙන ළමයවා ඉස්කොලේ දාන්න යනවා . තව නම වල් රට ගිහින් මත්ද්‍රව්‍ය අරගෙන ලංකාවට එනවා කස්ටම් එකෙන් අල්ලනවා . එමදිවට අලුත්ම අයිපොන් එකක් අතේ තියාගෙන බෙන්ස් එකෙන් බණ ගෙදරට වැඩලා අපිට කියනවා සියල්ල අත්හරින්නලු . මේ සියල් අතහැරලා නිවන් මග හොයාගෙන ගිය උන්වහන්සේලා ...මේවා දැක්කම අපි කොහොමද සියල්ල අතහරින්නෙ ගිහිගෙයි ඉන්න අපිටවත් ගන්න බැරි දෙවල්නෙ උන්වහන්සේලා ගන්නෙ .. මේවා ඔය නිකායවල්වල ඉන්න මහ නායක හිමි නමවල් වලට පෙන්නෙ නැද්ද . නැත්නම් උන්වහන්සේ ලත් අහක බලන් ඉන්නවද දන්නෙ නෑ . වරප්‍රසාද කැපෙයි කියලා....🤔🤫🫢"
"Anura Priynkara Galkissa Dewage","https://www.facebook.com/anura.priynkara.galkissa.dewage","Niganta pkyo...🤬🤬🤬"
"Kavinda Janith","https://www.facebook.com/kavinda.janith.946","බිත්තියට නෙවේ තොපි හේත්තු කරන්න ඕනේ දානේ ටික කාලා පන්සලට වෙලා ඉන්නෙ නැතුව එනවා අම්මගෙ හුත්## කතාකරන්න"
"Jassim Jiffry","https://www.facebook.com/jassim.jiffry","මේකා අප්‍රිකාවේ එකෙක්ද 😂"
"Saman Chandana Wickramaarachchi","https://www.facebook.com/samanchandana.wickramaarachchi","ඊරි යකාගෙ ආගමනය  අපත චීවර හිගන ඝනගෙඩියා"
"Arosh Malinga","https://www.facebook.com/arosh.malinga.441956","හිරේ දාන්න ඕනා මුන් සේරවන්වම"
"Mahinda Rathnayaka","https://www.facebook.com/mahinda.rathnayaka.402548","සිවුරක් පොරව ගත්තේ හොරෙක්,කාල කනේඅපතයෝ බං,සිවුරත් එක්කම අපායට තමයි."
"Al Senarathna","https://www.facebook.com/people/Al-Senarathna/pfbid0vZZpBgUBJ3u1vAFk3bEDfBwNqcK4GwYaTLE6dJKbUb4qzMNrY1S1XrsU8iqQHNT2l","Pattasupere kollo"
"Supun Dilan Sd","https://www.facebook.com/supun.dilansd","kari ponnaya pukadenne nathuwa hitapan pakay"
"Dilon Aravinda","https://www.facebook.com/dilon.aravinda","Elaaa kiri Machan"
"Vipula Wattegedara","https://www.facebook.com/profile.php?id=100000749943691","මේ නිගන්ටු දන්නේ නෑඈඈඈඈ  අත්සනට උසාවි නියෝග වෙනස් කරන්ඩ බෑ කියල"
"Roshan Perera","https://www.facebook.com/roshan.perera.3958","Waren ape පැත්තට  දෙන්නම්  guu bag."
"Ramesh Ramesh","https://www.facebook.com/people/Ramesh-Ramesh/pfbid0UrxUrETC8yHmzXvsyz3n6jUcgnyUdoMegNQxYSvKzpssxZzPxs7BkzUFscvcvh16l","Assangkarala hireyanna eka navathannaepa nganasara karapu aparadete danduvam vindavannama hona 👽👽👽👽"
"Shantha Ihalaranaweera","https://www.facebook.com/profile.php?id=100014017627959","තිත්තගලේ පිස්සු කෙලිය්"
"Chandrawansha Dassanayake","https://www.facebook.com/chandrawansha.dassanayake.5","Thiththayata Samantha badraya wahilaa"
"Malith Mihiranga","https://www.facebook.com/malith.mihiranga.997241","කළු wsgptge හැටි 😹"
"Jeewan Anurudda","https://www.facebook.com/jeewan.janurudda","Ela kollek"
"Saman Eakanayake","https://www.facebook.com/saman.eakanayake","සිවුරු රඳවනයක් කියල තේරුම් ගන්න සෑහෙන කාලයක් ගියා තිත්තගල්ලේ කියන්නෙත් අමු තරිසනෙක්"
"Hansaka Gunathilaka","https://www.facebook.com/hansaka.gunathilaka","ආයේ අත්සන් ගන්න යද්දී සන් ක්‍රීම් එකක් ගාගෙන ගියොත් මොකද?🫢"
"Chminda Kumara","https://www.facebook.com/chminda.kumara.293479","Tittai yako"
"Pradeep Nishantha","https://www.facebook.com/pradeep.nishantha.694909","Desapalakayanta puka den natuwa. Dagattha siurata nambuwak denna hamu duruwane"
"Neel Edirisinghe","https://www.facebook.com/people/Neel-Edirisinghe/pfbid0zdTf3ShNa2Y1syQDSL3RXqNG1QR7bwrkUQ2HgE3bkfyJUamoCKJqVDiaronbykBKl","එ තමා නියම සිංහල බුද්දිමත්  පිරිමියා  ඔහුට ජයවෙවා    ලංකාවෙම  එ තරුනයා වගෙ තව 10ක් හිටියාන්ම් අපට රට ගොඩ"
"Indu Silva","https://www.facebook.com/indu.silva.16","මූගේ  සිවුර ගලවලා ගහපල්ලා හොම්බ ට"
"Shantha N Lakmali Fernando","https://www.facebook.com/shanthanlakmali.fernando","අපේ ගාවට ආවානම් අපිත් එසේම දෙසනවා  වැරදිකලානම් දඩුවම් විදිය යුතුයි"
"Herathge Karunarathna","https://www.facebook.com/people/Herathge-Karunarathna/100072754763696","Pal.   Ganya.   Yana.   To.  Dana.  Pak"
"Ajith Asoka","https://www.facebook.com/ajith.asoka.14","Hora ganaya"
"රුචිරංග ගයාදිශ","https://www.facebook.com/ruchiranga.gayadeesha","ඝනයෝ උසාවි නියෝග වලට අත්සන් මොකටද.."
"Roshan Chandima","https://www.facebook.com/roshan.chandima.509","Poddak iwasala idapalla hora ganayo kahakadayo tika sanga අධිකරණය newatha ethi karanawa thopilata mahana wenna wei ethakota"
"Nishantha Pradeep","https://www.facebook.com/nishantha.pradeep.387676","මෙි කලකන්නිය කොහෙන් ද අවෙි"
"Thushara Chaminda","https://www.facebook.com/thushara.chaminda.662134","Hamuduruwo mahana wenna..."
"Habeeba Jabir","https://www.facebook.com/habeeba.jabir.2025","Siwurata Gowrawa karala minissu assang kala."
"Mdm Rathnayaka","https://www.facebook.com/mdm.rathnayaka","ධාර්මික විය යුතු අයට ධාර්මිකයි...අධාර්මිකයන්ට අධාර්මික වෙන්න ඔනේ...නැතිනමි කොන්ද පණ නැති පාලකයෙක් වෙනවා...නිතිය කාටත් එකයි...උඹලා කියන කියනඑවට ඔළුව හොලවන්න ගියොත් පාලකයා රැකඩයක් වෙනවා...."
"Thushan Ranasingha","https://www.facebook.com/thushan.ranasigha","මූ කියනවා ස්වාමීන්වහන්සේලා කරපු සුලු සුලු වැරදි අල්ලගෙන ගහනවලු.ඕන් අහගන්න සුලුසුලු වැරදි😂 පොඩි ගෑනුලමයි රවට්ටලා දූශනේ කරනවා තට්ටයන්ට කියලා හැමිනගන්න කැමති ගෑනුන්ට සහ සමහර වෙලාවට ටෝක් කරලා සෙට්කරගන්න ගෑනූන්ට කෙල කෙල උන්ව නඩත්‍තුකරනවා. බිස්නස් කරනවා.පුරාවිද්‍යා පනත් අමු අමුවෙ උල්ලන්ගනය කරමින් රිසිසේ ඒවා විනාසකරනවා.සාමනේරයන්ගෙ පුකවල් පලනවා.බව්ද්ද මුදුන්මල්කඩවන් ප්‍රදාන ස්තාන දලදා රුවන්වැලිසෑ ශ්‍රීමහාබෝදීන් ස්තානවලා විනාසයන් සිදුකරනවා.රජයේ උසස් නිලදාරීන්ට සාමාන්‍ය ජනතාවට ලගාවීමට නොහැකි බව්ද්ද මරමස්තානවලට යෑමට යිඩ සලසා,පුද්දලික සැලකිලි උසාවි වලින් පොලීසිවලින් වද්ද්‍යවරුන්ගෙන් ආදීන්ගෙන් පුද්ගලික වාසි සැලකුන් ලබාගන්නවා එම නිලදාරීන්ද අර දුර්ලබ අවස්තාව ලබාගන්න ඕන නිසා අල්ලස හුවමාරු කරගන්නවා.එවැනි සිවෘ රදවන කරන කුප්පවැඩ දැක දැක නිකායා මගානායකවරු නොදැක්කාවගේ කටපුක වහගෙන යින්නවා.ඒ ඕවුන්ගේත් කිල්ලෝටවල හුනු තියෙනනිසා.මොකද උන් පිකවල් පලපු ඒවා ඔය දූශන කහකඩ ගනගෙඩි දන්නවා උන් ඒවා එලියට දානවා මුන් ලෙඩේ ඇද්දොත්.සිවෘ ඇදන් දේසපාලනේ කරන එකෙකුට අපි ගරුකරන්නෑ😂 ඕන්න තොපිකරන සුලු සුලු වැරදි.තූ යතොපි😂😂😂"
"Vani Arumugam","https://www.facebook.com/people/Vani-Arumugam/pfbid08yNVigpucFB2X9HWArLKNBh6sYS5SSAZGuxLo8jHRQ3f2gXXJ71e2phWcWzJCkvAl","නීතිය කාටත් එකම වෙන්න ඕන"
"Nilani Alawaththa Kamkanamge","https://www.facebook.com/nilanialawaththa.alawaththakamkanamge","තවත් කරදරකාරයෙක් සාසනයම විනාස කරන මොනව වෙලා  මෙ  සංඝදාසලාට රට කනිනමයි ඕන"
"Danushka Wijerathhna","https://www.facebook.com/people/Danushka-Wijerathhna/pfbid02rQ6qu8DDPytdvCLa8HbNZq7feEbcyJJoe9gU9L7yCKb1bz7Y2Kq4SXQ4Yr17Z3B6l","ජෙප්පන්ගෙ ගූ කන මේ වගේ හරක් ඉන්නවා 😁"
"Geethika Chamali","https://www.facebook.com/geethika.chamali.2025","අනේ ඇත්තමයි මේ වගේ හාමුදුරුවෝ පාඩුවේ දෙන දානයක් කාලා පාඩුවේ ඉදහල්ලකෝ"
"Samil Sampatha","https://www.facebook.com/samil.sampatha","ඒ මනුස්සයාගේ කොන්ද පණ තිබ්බා"
"WA Gunarathna","https://www.facebook.com/wa.gunarathna.75","Moowa mahanakarala hitapalla."
"Damith Liyanage","https://www.facebook.com/people/Damith-Liyanage/pfbid0CVA4bdXG77SCZjKXCqwRCzFjFcMbzCWBesX2UXFWjB9MoGnQ1kaixfsNxYSWy6Fbl","තිත්ත ගල්ලේ උබත් පරයෙක් තමයි සිංහල,දෙමළ,මුස්ලින්, එකට ඉන්නවට අකමැති...🤮🤮😡😡 ජාතිභේද ආගම්බේද ඇතිකරල ගලබොඩඅත්තයට වගේම තොටත් දඩුවම් ලැබිය යුතුමයි...🫵🫵🫵🤮🤮😡😡😡"
"Prasanna Jayalath","https://www.facebook.com/prasanna.jayalath.5895","නානසාර හාමුදුරුවන්ගෙන් හිස්වන තනතුරට ඉතාම සුදුසු බව තහවුරු කරමින් ඇත.😆😆😆😆"
"Rohitha Jayasena","https://www.facebook.com/rohitha.jayasena.7","බුර්කාසාර වෙනුවෙන්"
"Asanka Kumara","https://www.facebook.com/people/Asanka-Kumara/pfbid025v1iaLEkW8aywqqLNjKjY8ZkMfYgJJBtbsggZQJz1VSjS2krjWq2hvruxswe5ryfl","Ma ganaya ganu teyaninna hora thakkadiyak"
"Janaka Kumara","https://www.facebook.com/janaka.kumara.603041","Pin dane tikak kala pansalata wela innawada kohomath jathi wadaya athi karapu unta samawak denna hoda naha ghanasara athulata yana eka nawaththanna bahane athsan gaththata"
"Chamila Kariyawasam","https://www.facebook.com/people/Chamila-Kariyawasam/pfbid0QNGoXhYFxWhS2oK2pVPQssB5fHkRNr6aQN7H8NHm5GxmXhEshT3wzFkEx4WvtQEcl","මහානායක  හාමුදුරුවන්ට  පේන්නැද්ද....මේවගේ  හාමුදුරුවන්  සාසනෙන්  අයිකරන්න...."
"Hari Hari","https://www.facebook.com/people/Hari-Hari/pfbid02hNsnKNv5RGeou5XFSo21GkuSdjsRysxdaNNwyBrfDdaJqBcGzForU9ni7ZqqSmVal","Ela ❤️sago"
"Vasantha Herath","https://www.facebook.com/vasantha.herath.35","විටින් විට මතුවන දේශපාලන සිවුරු අවතාර....ඔය කාලය වැය කරපල්ලා බුද්ධ ධර්මය ප්‍රවර්ධනය කරන්න."
"Sumith Vidanage","https://www.facebook.com/sumith.vidanage.3","කවුද මේ සිවුරක් දාගත්ත සක්කිලි ය."
"Prabhath Chandana","https://www.facebook.com/people/Prabhath-Chandana/pfbid07CAgyAbtJRMZkQQRWwP8HqzNcC4Xny4kUKYqiGNm9uvvVzb9MPYTN3KtfakzezFtl","මුන් ඔක්කොම ඩීල් කාරයො තමා"
"Nihal Gunasena","https://www.facebook.com/nihal.gunasena.2025","GOOD..MALLI..OYA..MARU"
"Amila Sudarshana","https://www.facebook.com/amila.sudarshana.2025","තොපි තමා මේ රට කන්නෙ කාලකන්නි"
"Thilakasiri Mendis","https://www.facebook.com/thilakasiri.mendis.3","ඔබවහන්සේලා සිවුර දාගෙන ගමේ දුප්පත් මනුස්සයෙකුට අසාධාරණයක් වුනොත් එහෙම ඔහොම ඉදිරිපත් වෙයිද අනේ නිකන් ශාසනය විකුණන් කන්නේ නැතුව ඉන්න"
"Supun Piriyankara","https://www.facebook.com/supun.piriyankara.1","Skkili gana pakaya"
"Chandana Pradeep","https://www.facebook.com/chandana.pradeep.196055","Aiyoo hamuduruwooo"
"Aruna Hewage","https://www.facebook.com/aruna.hewage.31","Kawda ma Amanaya.Monawa unath Hamaduruwanta Hari yata katha karannawath Danne nathi Ballak. Ara Thilipan Samaranavita Mu kohada hitiya. Oya Namata hari inna hamaduruwan nisa thamai Ma tharamwath Jathiya rakenne. Mu kawda ayalata baninne."
"Dhammika Samarasinghe","https://www.facebook.com/dhammika.samarasinghe.10","දැන්නම් තිත්තයි හොදටම"
"Senarath B Bogamuwa","https://www.facebook.com/senarathb.bogamuwa","ඔයත් කරලියට එන්න උත්සාහා කරනවා.බණ කියල සාසණයට යහපතක් කරන්න උත්සාහ කරන්න.සිවුරක් දරාගෙන පොරක් වෙන්න try කරනවා"
"Anura Dasanayake","https://www.facebook.com/anura.dasanayake.2025","ඔවට නවත්තන්න බැ එයා අත්අඩන්ගවට ගන්න එක එ.. ඉස්සර හොරු හිටපු කාලේ"
"Dananjaya Asiri","https://www.facebook.com/dananjaya.pattinige","තිත්ත ගල්ලේට පොඩි හරි වටිනාකමක් තිබුන නම් ඒකත් නැති කරගත්තා මේ නාන සාරගේ ලැට් වලට බැහැලා🤮🤮🤮"
"Sanjeewa Suresh Jayathilaka","https://www.facebook.com/sanjeewa.suresh.jayathilaka","හත්පොළේනාගන්නැතුව බුදුන් සරණ යන්න"
"Kumari Kumari","https://www.facebook.com/people/Kumari-Kumari/pfbid02bPoiL4jDDfqZpxFjMJDiS7QJMwJJbxY1HNVNvEvn41CWnuyKFePeP9YRRn6DKGAnl","දෙන දානේ තාලා බන කියන්දන්නේ. නැත්නම් හොදට නිදා ගනිමි"
"Sampath Sampath","https://www.facebook.com/sampath.sampath.477436","Munen penawa silawantha kama.agama waladana ganaya"
"Colombo Pigeon Loft","https://www.facebook.com/colombo.pigeon.loft","Umba mona ponnayekada kari ponnayada kariyo umba sinhalayeka"
"Batcha Mihiraj","https://www.facebook.com/batcha.mihiraj","Aneth unta banenna valavak na 🤣😂😂🤣🤣"
"Nishan Madhawa","","Moda hukanna"
"Samanali Fernando","https://www.facebook.com/samanali.fernando.359","Pineta kaka inna eke banak dahamak kiyan idapallako apata pau nodi🤣🤣🤣🤣"
"HK Sumeda","https://www.facebook.com/hk.sumeda","Pala Gon  balla pu nodie kalakaniyea"
"Lalitha Hennayake","https://www.facebook.com/lalitha.hennayake","සිවුරක් දාගෙන ඉන්න අය ධාර්මිකද? ඔය පේන්නේ ධාර්මික බවනම්🤣🤣🤣🤣🤣"
"Mahesh Perera","https://www.facebook.com/mahesh.perera.9809","Ubata paanda"
"Thilak Rajapaksha","https://www.facebook.com/thilak.rajapaksha.328290","නියමයි මචං"
"Wmc Thushara","https://www.facebook.com/profile.php?id=61567157123657","තිරිසන් ගනයා."
"Ajith Appuhamy","https://www.facebook.com/people/Ajith-Appuhamy/pfbid02yiPA6VMe7R1k9h3GXmN4QaA7NK8rVTkgWkpJvZwajyS1YB52vKKi4bhEScHjFnE8l","බල්ලන්ව බැඳිය යුතුමයි"
"Kumar Fernando","https://www.facebook.com/kumar.fernando.39108","Keri ganayo thotathiyenne minissunta banak kiyala unava yahamagata gannaekai"
"Prabath Kumara","https://www.facebook.com/prabath.kumara.752861","කවුද මේ වැද්දා හාමුදුරුවන්ට කතා කරන්නේ උඹ කියලා"
"Anton Fernando","https://www.facebook.com/anton.perera.7359","දැන්වත්  මහනවෙන්න බලන්ඩ 😁"
"Madushan Dishanyaka","https://www.facebook.com/madushan.madushandishanyaka","Siurata garukarala oka siuru arawala okawa ellanna ona gothaya"
"Thakshila Weerakoon","https://www.facebook.com/thakshila.weerakoon.965","එකා වුනත් ඒ මනුස්සයා හරි.මේ මිනිස්සු සිවුරු දාගෙන මොනවද මේ කරන්නේ.කාලකන්නි ශාසනය විනාශ කරන පෙරේත හැත්ත"
"Gamini Kilarathna","https://www.facebook.com/gamini.kilarathna.2025","Thithagallyage puke Arianna oni kariya"
"KM Sajee","https://www.facebook.com/profile.php?id=100034130389426","Ado eknm patta broo🫡🫡"
"Sadew Gamage","https://www.facebook.com/people/Sadew-Gamage/pfbid0RaGzUNghCpkbrdY5WEmHBuR3k1kaoJw5HNrfDdanNkxis3zEeYbXPxU8r8aU1gTcl","සිවුර දාගත්තේ පල් හොරෙක්‌"
"Dhammika Weththasinha","https://www.facebook.com/dhammika.weththasinha","වයිට් මාකර් එකක් අරන් ගහගනින් අත්සන උබේ පුකේ"
"Ravindu Chathumina","https://www.facebook.com/chathumina.wijesinghe","කැත කැරියා"
"Geethanjana Senanayaka","https://www.facebook.com/ranga.tha.773","උතුම් බුද්ධ ශාසනය වනසන සිවුරට මුවාවෙලා මේ වර හෝර ගන ගෙඩි කාල කාලකන්නි මහා පරාක්‍රමබාහු රජතුමා කාලේ වගේ බුද්ධ ශාසනින් පහකට රටෙනුත් පිටුවහල් කළ යුතුයි මේ උතුම් බුදුදහම ඉදිරියට රැක ගැනීමට නම් හොර දේශපාලුවාගේ ඕනෑ එපාකම් ඉටු කරන මේ වගේ කාලකන්නි හොර ගන ගෙඩිය බුද්ධ ශාසනයටසාපයක් මුං උතුම් බුදුරජාණන් වහන්සේගේ ශාසනය නමින් පෙනී ඉන්න දේවදත්ත නිකායේ කාලකන්නි"
"Ashan K Buthpitiya","https://www.facebook.com/ashan.k.buthpitiya","පන්සලට වෙලා දානේ ටික කාලා ඉන්න බැරි හැටියක්"
"Dinesh Suranga","https://www.facebook.com/dinesh.suranga.891872","Me paka mata pennabe..geri ganaya"
"Mahesh Chathu","https://www.facebook.com/mahesh.chathu.5030","Ane bola gon pako tho ගිහින් mahindage pau hodapan thoge munenma peno hora පන්සල් paluwek thopi minissunta තර්ජනය karanawada a 😡😡😡😡"
"Kamal Karunaratne","https://www.facebook.com/profile.php?id=100002443584928","Hora Ganai  Anna Gagahodaya Ayesha Laga allala dipan"
"Weerasekara Bandar","https://www.facebook.com/people/Weerasekara-Bandar/pfbid02Uv1oXvKpYDu74tMwydyKjHTgB732iH3K5YQTnZWkyj9tgi3xswQxkF3tAmR5scsxl","මෙකාගේ ගැනි අපිදන්නවා"
"Gamage Hamage Gamage","https://www.facebook.com/gamagehamage.gamage","Mu mokedda kalakaniyek hamuduwanta khpthakarana widiya topita padisan denna wedi athaka  na 🤑🤑🤑🤑🐃🐃🐃🐃"
"Duresh Prasad","https://www.facebook.com/duresh.prasad","Thoge sura galola gahann one gothaya,"
"Lional Wijesiri","https://www.facebook.com/lional.wijesiri","Menna.panatika.wunat.denna.snawa.mee.wagee.suwaamin.wahanselata.titta.galla.pinwanta.dakkat.atibudun.matak.wenna"
"Kirthe Prasana","https://www.facebook.com/sumithra.conganige","මුංට පොඩිකාලේ ජීවත් කරවන්න විදියක් නැතුව දෙමාපියන් පන්සලට බාර දේනවා මහාන කරනවා මුං ලොකු මහත් වේලා සීයුර එක්ක ආගම ඉදිරියට ගේනී යන්නැ සීයුර ඊස්සරාට දාගේන දේශපාලන කරනවා පක්ෂ බදං ඊන්නවා බනක් පිරිත් කයන්නැ මුන්ට ගහාලා එලවන්න ඔනේ"
"Wasantha Wijerathna","https://www.facebook.com/jayantha.heris","dena danayak .kala .hitapiya .kalakanni  .awajataka.awalama ..."
"Prasanna Gamage","https://www.facebook.com/pershana.gomage","My comment deha balapuhama teyenny topi desapaleneya kerata kamaknha namuth Buddha keyena eka amataka keranta IPA .API apitema ghagannewa keyala hitaganilla echarayi ."
"Mahesh Suranga","","Mu pissek muwa gata gahuwanam hari aparade siura anduwe"
"Ranjith Nihal","https://www.facebook.com/people/Ranjith-Nihal/pfbid0BwGWFgnArxyhPrXUmPQ77F1eJ1uyFvWVzfGZ9ZxgBGsfmoQuZemjUWHtTD2cg17rl","Hukapiya"
"Lspk Perera","https://www.facebook.com/lspk.perera","Kalakanne  ganaya"
"Parakrama Malalasekara","https://www.facebook.com/parakrama.malalasekara","Kari ganaya"
"Pradeep Kumara","https://www.facebook.com/people/Pradeep-Kumara/pfbid0Vt9cL5X3KE67Z57vM8MkeCQR4bZjNRmffHx3XEALWhP7KNwsC4nBBWNh3QSjSqHFl","Meka daapu eka renakota watunu ekek"
"Kumuduni Vidanapathirana","https://www.facebook.com/kumuduni.vidanapathirana","මෙයා තමයි ඊළඟ නානසාර 🙂"
"Nuwan Usgodaarachchi","","⁣හොද වැඩෙ තොට.... අනේ පල තිත්තගලයො යන්න..."
"Lalitha Fernando","","නැැනැැැ ඵහෙම කිසි දෙයක් වෙනස්කරලානැැබල අපි දැක්කා හරිදේ කලා"
"Lkm Danapala Kanakratna","https://www.facebook.com/lkmdanapala.kanakratna","අත්සන් laxagaanak ආවත් නියෝග වෙනස් වෙන්නේ nehe miniho..."
"Neel Ranjan","https://www.facebook.com/neel.ranjan.2025","උදෙන්ම පොඩි පොඩි වැරදි  මුගේ 😂"
"Shehan Lakshan W Heerath","https://www.facebook.com/shehan.lakshan.w.heerath","මේවගේ කැ## තමා සේරම කරන්නේ මිනිස්සුන්ව බෙදලා තරා කරන්නේ"
"Galla Hewage Shamika","https://www.facebook.com/people/Galla-Hewage-Shamika/pfbid027Vrk5YL7RZXeAMYMmyNEpyKv9aDjhgZgrQXQYLnhmAdemUQnpsENgTHYkYVKTAvyl","මෙ  හාමුදුරුවො අපිට. වැඩක් නෑ. ජෙප්පෝ සිංහල බෞද්ධයන් ට මෙච්චර වෛර ඇයි.  අපෙ ගෙවල් වලින් තොපිට ආයෙ ඒක කෑම වෙලක් දෙන්නෙ නෑ."
"Chathura Bandara Jayasekera","https://www.facebook.com/chathura.jayasekera.3","මේකේ රජුලා නෑ ශාදූ..රෙදි ශෝදන ශාදුලා විතරමයි ඉන්නේ..."
"Nandawathi Yasarathne","https://www.facebook.com/nandawathi.yasarathne","බණට වඩින්න අපේ හාමුදුරුවනේ"
"Ruwansiri Warakapola","https://www.facebook.com/ruwansiri.warakapola","වාසියම බලන් සිව්රට මුවාඋන කාලකන්නී ..🤮🤮"
"Chula Perera","https://www.facebook.com/chula.perera.754","කෝටියක් සංවරක් සීලය සමාදන් වන ඔබ වහන්සේලා ඇත්තද ඔය කියන්නේ ?"
"Nishantha Jatawardhana","https://www.facebook.com/people/Nishantha-Jatawardhana/pfbid0jrNxnuY6j26mwg3wuZDkmFPhMkd22TN9KX5ibtDVZ7w6q5FyWCo4636CQbDEZ7hpl","තිත්ත කඩයා"
"Sudath Kumara","https://www.facebook.com/people/Sudath-Kumara/pfbid02vo7CBbA4ygrpDJiikHUQogFcYaB7iCSrrF7GeYhK3uMrvUJ3aWWv4tsNKTNVJ44El","Thawath  kahakadayek hanasara kiyak dunnada"
"Nishantha Priyanath","https://www.facebook.com/people/Nishantha-Priyanath/pfbid0SDdJpvSiYXn467nxn51mreWczjPi2GqwaAKKo1qi2ShWmgKmhciNiaDwK9muwH54l","Apoi ow. Nobana hitiye siwrak kare damagenane idiye.  Samahara misissu danneth ne mokata athsan karada kiyala.    Athsan higamane yanawa. Ara wallaththaya eliyata ganna"
"Nishantha Buddhika","https://www.facebook.com/people/Nishantha-Buddhika/pfbid02LjpmPwGPZK46xqvMjbW6eLMes37hVpe5zzGWCph7Rq8S9oVYdnHYs8tSqFaEmbYLl","Ani saga kalakanniyo sasanyata gaharanni nithuwa සාක්කි wida නොකරන නොදී පාඩුවේ edapan"
"Charith Lashan","https://www.facebook.com/people/Charith-Lashan/pfbid0YgSDBF48sQgSi6AEtmxTjnqYXP3JMMqTVBYXA3TurDpUBTGLfXvynis67sGYW8wil",".usawiyen  Dena   thindu  walata. Kuruth  puka nodi innawanm.  Thma Hodai Kiyala thama   matanam  therenne.🥺"
"Aruna Disanayaka","https://www.facebook.com/aruna.disanayaka.501","Iwasa wadaranna nuduru dineka sahodara premaya dora gala yawi rika pudennama"
"Thalapelage Premadasa","https://www.facebook.com/thalapelage.premadasa","හාරපු   නිදන්  ටික   දිල   හිටපං."
"S Raj Peter","https://www.facebook.com/sriselvaraj.peter","පට්ටයි"
"Nir Wan","https://www.facebook.com/nir.wan.9484","චීවරේ ඇගේ නැත්තං උබ කනවා මචං කෑමක්....😂😂😂😂"
"Sidath Dushantha","https://www.facebook.com/profile.php?id=100006227405522","එකගයි,,"
"Dele Kumaran","https://www.facebook.com/dele.kumaran","Thank you bro"
"Nishshanka Liyanarachchi","https://www.facebook.com/nishshanka.liyanarachchi.2025","නීතිය අකුරටම සිද්ධ වෙනවා වෙනවා. ඒක නවත්තන්න කාටවත්බෑ අත්සන් කරාට කරපු දේවල් වහන්ඩ බෑ අස්සනකින්"
"Iresha Samanthi","https://www.facebook.com/iresha.samanthi.18","බුදුදහමට සාපයක්.ඇත්තටම😡"
"Sumith Rajapaksha","https://www.facebook.com/sumith.rajapaksha.744761","Ala kollak"
"Heshan Dilruksha","https://www.facebook.com/heshan.dilruksha.35","සාසනේ කන චීවරේට කෙලෙහිලිකන් කරන උබල කොහෙ යන්නද 😕"
"Ckk Nawarathna","https://www.facebook.com/ckk.nawarathna","තවත් අතල් එකක් දෙන්න වගෙ හදන්නෙ....😀😀😀😀😀"
"Ami Bandara Bandara","https://www.facebook.com/amibandara.bandara.1","තිත්ත ගල්ලේ පිත්තමට හේත්තු කරද්දි"
"Mar Frnando","https://www.facebook.com/mar.frnando","Topi okoma me ratata sapayai."
"Udaya Priyasantha","https://www.facebook.com/udaya.priyasantha.1","තිත්තගල්ලයා කියන්නේ රාජ්පස්සලාගේ ගූ කන අපතයෙක් 🤣🤣🤣"
"Nuwan Kirigeeganage","https://www.facebook.com/nuwan.kirigeeganage","නිර්මල බුදු සසුන වෙනුවෙන් මුන් මරා දැමිය යුතුයි."
"Weerasena Bibile","","සිය දහස් ගාණක් අත්සන් කලේ , උඹ වපුරපු බොරුවට මිසක්, අධිකරණයේ තීන්දුවට විරුද්ධව නෙමෙයි, අනෙක ගොඩාක් අය චීවරයට ඇති ගෞරවයට එකගවීම ඇතුලේ , අත්සන් කරනවා කියන එකයි, ආගමික කටයුත්තක් ඉවර වෙලා,"" සාදු""  කියලා කියන එකයි , ඒ දෙකම එකයි, යමක් අවබෝධයෙන් කලා කියන අදහසක්,ඒ තුල නෑ කියන එක ජීවිතාබෝදයෙන්ම අපි දන්නවා.මෙයා මාලිමාවට චන්දය දුන්නා කියන එක ඔළුවෙන් හිටගෙන කිව්වත් විස්වාස කරන්නේ බෑ."
"Mas Tharaka","https://www.facebook.com/mastharaka3006","රටේ ජාතිභේදයක් ඇති කරපු ඇතිකරන්න ගියපු කිසිම එකෙක්ට කිසිම සමාවක් නොදිය යුතු ඒ පුද්ගලයා කවුරු වුණත්"
"Joel Perera","https://www.facebook.com/joel.perera.718","අපි හුගක් සද්දාවෙ රුවන්වැලි සැයට යන්නෙ එක නැති කරන්ඩ එපා තොපි ච්වරයක් ඇදගෙන විනාස කරන්නෙ අපෙ සාසනෙ .."
"Rohan Rupasinghe","https://www.facebook.com/rohan.rupasinghe.5","gon huthek mu"
"Jayantha Kumara","https://www.facebook.com/people/Jayantha-Kumara/pfbid0DB8Q93PsjDAC4HvhWRMgfPK3DaKj5rZ8XuZvjBxHZThEhCPao3e675NbyAjHFrCzl","Danwa. Ubat. Puk"
"Roshan Erandika Alahakoon","https://www.facebook.com/roshan.alahakoon.169","Ape Hamuduruwane monawa kiyannada kiyala hitaganna beruwa inne horunta kade yannetuwa pinada dena deyak waladala yana thenaka deyak karaganna"
"Rmj Bandara Rathnayaka","https://www.facebook.com/rmjbandara.rathnayaka","Hemanenne nethiwa hitapiya Keri pakaya"
"Aruna Moragalage","https://www.facebook.com/arunasiri.pilanamoragalage","‍රාජපක්ෂලත් එක්ක රට හූරගෙන කාපු සෙට් එකේ එකෙක්"
"Chaminda Fonseka","https://www.facebook.com/chaminda.fonseka.5249","Ado pakaya tho ganja gahalada inne hora sadu"
"Tharaka Prasad","https://www.facebook.com/tharaka.prasad.272074","Niyamai mcn"
"Lessli Rankothgedara","https://www.facebook.com/lessli.rankothgedara","තිත්තගල්ලේ .. දැන්. තිත්තයි මිනිසුන්ට."
"Suranga Perera","https://www.facebook.com/majsurangaperera","මේ මිනිස්සු සිවුරක් දාගෙන මිනිස්සුන්ගෙ ජිවිත අවුල් කරනවා. නියමයි සහෝ 👍"
"Ranjanee Ranasinghe","https://www.facebook.com/ranjanee.ranasinghe.3","සිවුරට මුවා වෙලා දහමට ගැරහීම"
"Nihal Siriwardana","https://www.facebook.com/nihal.siriwardana.370","Kalakanni sakkili hora ganaya"
"Nimal Abeyrathne","https://www.facebook.com/people/Nimal-Abeyrathne/pfbid02qS5QXA2q9FrPL51eNcEAe1n4D2MAYT8125owGyuKVUEwzcaXBYjY4UFRGgYoeVUJl","Mu kuttiyak kala inna ganayek   ...tatte palana ona ..."
"Sathya Ajith","https://www.facebook.com/sathya.ajith.984","Niyamai bro"
"S Vasuthevan Vasu","https://www.facebook.com/profile.php?id=100007854754106","அருமை அருமை"
"Aaliyh Aaliyh","https://www.facebook.com/aaliyh.aaliyh.7","දුස්ටයෙන්  බෙර ගන්න අත්සම් කරන්නෙ  කිසිම දෙයක් තෙරුම් නොගත් මිනිසුන්  රටට ජතියට  අගමට  අදරෙ මිනිස්සු   කවදවත්  සිඋරට මුව වෙලා  ඉන්න සක්කියෙකු බෙරගන්න   හෙප්ෆ් කරන්නෙ  නැ"
"Gayan Anuradha","https://www.facebook.com/people/Gayan-Anuradha/pfbid08rGmqWmZGLJMzxdvZfDEi3twcFjPDbv9GbYn4yik7KrQm66ekB3cLNhNvcT8DmpCl","Supere koolo"
"Sam Piries","https://www.facebook.com/sam.piries","Pu##nodi itanko utto"
"Kelum Priyadarshana","https://www.facebook.com/people/Kelum-Priyadarshana/pfbid02dkD8tS2pbFD6LRxs6SzaMe9AKm94NTCwrRYa4fzwDxhxsSMLW3peHaq4SWanDRy1l","Thopi siuru galawa gewalwal Palau athokota sasane rakai"
"Yasas De Silva","https://www.facebook.com/yasas.desilva.140","අනුරාදපුරෙ මොලේ තියෙන එකයි ඉදලා තියෙන්නෙ"
"Saman Kumara","https://www.facebook.com/saman.kumara.577773","කසිප්පු ගහන එකයි ගෑනු තියන් ඉන්න එකයි. සිකරන් බොන එකයි පොඩි පොඩි වැරදිද"
"Athula Hewapathirana","","Neyamai sahsdaraya"
"Gayani DH","https://www.facebook.com/people/Gayani-DH/pfbid0Rv3Um4HuEswm7H4F6k7oGzNpdwpjsDahFegBFLUDdtfWRVnp9yxhha9fVxn92aNnl","ඒ කාලෙත් දේවදත්තලා හිටියේ අදත් මේ ඉන්නේ ඥානසාර පහුගිය කාලේ හැසිරෙන විදිහ අපි හොඳටම දැක්කා, ඇයි දැන් සැර බාලවෙලා කෙඳිරි ගාන්නේ"
"Anura Perera","https://www.facebook.com/anura.perera.823712","Oya gana tattayAt gani horak"
"Eranga Asiri","https://www.facebook.com/eranga.asiri.3","එයා ඇතුලට යන එක අවුල්නම්...ඔබ වහන්සෙත් උන්නාසෙත් එක්ක ඇතුලට යන්න..අත්සන්නම් කරන්නෙ නෑ...😂"
"Dinesh Nandimithra","https://www.facebook.com/dinesh.nandimithra.2025","වැරදි කාරයෙකුට හිරේ යන්නම වෙනවා.ඒවා අත්සන් ගැහුවා කියලා නඩු තීන්දු වෙනස් වෙන්නේ නෑ. .."
"Sugath Gerlack","https://www.facebook.com/people/Sugath-Gerlack/pfbid02j2sXoXKyTPmxBhpbCAYm4nPVeuf7FkTnUwuNhxMiajbr9aXkYsjNSpLBsewdZVYml","ඔබතුමාගේ ධාර්මික තත්ත්වය අපි දන් නෑ කියලදහිතන්නේ"
"Warnasooriya Patabendege Thungaprema","https://www.facebook.com/warnasooriyapatabendege.thungaprema","පට්ට තක්කඩි දේශපාලකයින්ගේ අතකොලුවක් සුජාත කරන්න දඟලන අසාර්ථක උත්සාහයක."
"Nafla Nafla","https://www.facebook.com/people/Nafla-Nafla/pfbid02JH5z53pxBMggbsuKtdWZqqXbvmfWKEVTz6URKBqYhJN8syYp9n5vGCpWxBQuLtC9l","Ane paleyag buruwoooo"
"Akila Sandeepa","https://www.facebook.com/akila.sandeepa.98","ගේමද😎"
"Maradane Channa","https://www.facebook.com/maradane.channa","Thiththaya titta venava"
"Thisara Madusanka","https://www.facebook.com/thisara.madusanka.465192","හුගාපන් සාදු🙏"
"Mtk De Silva","https://www.facebook.com/profile.php?id=100051442140870","මේ මුන්ට මොකටද පන්සලක දගෙන් ඉන්නෙ මිනිස්සු ..."
"Dinesh Pathinayaka","https://www.facebook.com/dinesh.pathinayaka.56","මෙ අලුතෙන් බැස්ස පරය"
"Esala Sapumal","https://www.facebook.com/esala.sapumal.2025","සාසනේ ඉවරයි"
"Kalyani Wijesingha","https://www.facebook.com/kalyani.wijesingha.840488","Alabama yakawage muge thiyena nature muna"
"Rohana Perera","https://www.facebook.com/people/Rohana-Perera/pfbid02ZZsaSiGvYDsMcByQ72rbRTZ6ZkdafeYUt2efjHF983o5Mv5F4d3xKUr3EccuMbjdl","උඹ යන්නෙ බඩු පස්සෙන් කියල නං රටේ ජනතාව දන්නව."
"Indika Prasad","https://www.facebook.com/indika.prasad.7121614","හාමුදුරුවරු දේශපාලනයට ආපු දවසේ ඉදලා සාසනේ පිරිහීම වැඩි වෙලා... බුදුදහමට ගිය කලක්"
"Malki Dasanayaka","https://www.facebook.com/malkanthi.dasanayaka.75","ඥානසාරගේ මල්ලි කෙනෙක්ද කොහෙද සිවුර දාගෙන ඇවිල්ලා හොර ගණ ගෙඩි හැත්ත"
"Nandana Balasooriya","https://www.facebook.com/nandana.balasooriya.98","ඒ එක මනුස්සයෙක් නෙවෙයි මහා නියෝජනයකි.."
"Vithanapathiranage Hemasiri","https://www.facebook.com/vithanapathiranage.hemasiri.5","Mu gon kariyek"
"Neil Peiris","https://www.facebook.com/people/Neil-Peiris/pfbid0oNGtVHdKzZT33TjfYwA8dgXu1rAxt5XWTi1pWsVmkfY58JEAc7ffJ4fKMqhX4mTkl","අනේ ඕයි බොරු කියන්න එපා."
"Aroshan Kumara","https://www.facebook.com/aroshan.kumara.90","කවුරු kagahuwat me rata bawdda ratak jatiyak ජන්මයක් nati un apata වැඩක්  naha"
"Itm Sepalika","https://www.facebook.com/people/Itm-Sepalika/100090958621752","ඔහේලා ධාර්මික  ය, බොරු කියන්නෙ නෑමද....  කරන්නෙම පොඩි පොඩි අයට  පොඩි පොඩි වැරදිමය....😂"
"Ajith Kumara","https://www.facebook.com/people/Ajith-Kumara/pfbid0oe7KZSRYmRb5EURToDMA4ZMVDULCxgcNoHeumZ8KKmPXMxMLgK8dCrm7dqwKYkiul","Ganagediya  wanacharaya"
"Ranjith Kumara","https://www.facebook.com/ranjith.kumara.982","පන්සලට වෙලා ජනතාවට දර්මය දේසනා කරගෙන ඉන්න අපිට පව් පුරවන්නේ මොකද?"
"DM Dissanayaka","https://www.facebook.com/dm.dissanayaka.296841","කොටියක්.අත්සන්.කලත්.එකක්.අඩුයි.ඒක.ලැබෙන්නැ.තිත්ත.ගල්ල.තමසෙ.මාලිමාවට.දීපු.ලබ්බකුත්නැ"
"Ruwan Sameera","https://www.facebook.com/ruwan.sameera.351","Siura dagena horu rakina hadana nigantayek"
"Seetharanjani Nanayakkara","https://www.facebook.com/people/Seetharanjani-Nanayakkara/pfbid02Zw4Qi2hCeEfdxXxaZjFnEexK6wqtYuCGfd8am8NAQB5nhpYK3iMwGNWRGN2NuAEul","පිස්සුද මන්ද"
"Sanjeewa Maharamba","https://www.facebook.com/people/Sanjeewa-Maharamba/pfbid02gDVZh6c2mky2GcPHix75VGFMVJCdA3iXkathQqEr54uzKRfR4eZpFTByL2kp6FcKl","Palayan poannaya ganya"
"Mahesh Jayathilaka","https://www.facebook.com/people/Mahesh-Jayathilaka/61554959283723","එකට අරක්කු බීලා බඩු ගහපු එවුන් බේරගන්න දඟලන දැඟලිල්ල 🤣🤣🤣 මුන් තමා ශාසනේ කන එවුන්"
"Shriya Ioannou","https://www.facebook.com/people/Shriya-Ioannou/pfbid04pZcdodrZ9sKrvkoTJ6vCVqYMb3dFWi1LVKDPPWJUDG1DbCRK32VRVHRYDvEeqryl","me.swra.daganainna..kalu.kumarayata..ganu.innawa..mun.seragama..swru..galawala.alawanna..kale.hare..wal.hattha"
"Darmadasa Wanniarachchi","https://www.facebook.com/darmadasa.wanniarachchi.2025","අපෝ මේ වගේ කාලකන්නි මේ ශාසනින් එළවලා දාන්න අනේ බැරිද කාටවත් මේ වගේ ගෝං ක*** වෘත්ති පහේ මකරයා මේ බුදු දහම මේ වැළඳගෙන ඉන්න සිවුරු පෙරුම් ගෙනමේ කාලකන්නියත්ත මකබාව දිනය දිනයේ කවද්ද මුං කවද හරි ශාසනින් එළවළම දාන්න ඕන මුං ලංකාවේවත් තියන්න හොඳ නෑ සිවුරු පෙරෝගෙන කොරන ජඩ වැඩ බලු වැඩ කුපාඩි වැඩ"
"Gamunu WA","https://www.facebook.com/gamunu.wa","huthto siura galopan keriuo"
"Anura Manuwendra Acharige","https://www.facebook.com/anura.m.acharige","මරු මල්ලී"
"Vithanage Chaminda","https://www.facebook.com/vithanage.chaminda1","ටිකක් හරි ගෞරවයක් තිබුණානම් ඒකත් නැති කරගත්තා.."
"Shantha Priyan","https://www.facebook.com/shantha.priyan.902","Muwa kaluwela rajapaksa nikaya"
"Sapugoda Gunarathna","https://www.facebook.com/people/Sapugoda-Gunarathna/pfbid06CqEzmNCuWZgkapMabJP3mTo2Cx61cEBGLZxHzueVPzdh9ccCej5yMRu7N2VrNsAl","Niyamai kollo"
"Nishantha Samaranayaka","https://www.facebook.com/nishantha.samaranayaka","Me hamuduruwo boru kiyanne. Ekai hama welema dakunu paththa balanne ."
"Renuka Jayasinghe","https://www.facebook.com/people/Renuka-Jayasinghe/pfbid0PdTn323WCPYe3JCL4BvJ3jU2zCmkobR3XvQK72Jx7kL384iKp4GgG3sw6ncTzNtVl","මූ අප්‍රිකාවෙ ඉදලද ඇවිත් තියෙන්නෙ"
"Kingsley Senanayake","https://www.facebook.com/kingsley.senanayake.2025","මුන්ට තමයි නිගන්ටයො කියන්නෙ. ඉත්තෑ කන්දෙ, ගලගොඩ අත්තෙ,සමන්ත බඩ්ඩ, මේ වගේ එවුන් ජාතික ශාපයක්. මුං ඡන්දෙ දුන්නෙත් නැහැ. මූ ගල්පැලෙන බොරු කියන දෙවිදත්තර නිකායෙ නිගන්ඨයෙක්."
"Gamini Karunarathna","https://www.facebook.com/people/Gamini-Karunarathna/pfbid0od21AeWuKkcMeciq66ZEtpTee5tva9G52V45Z8KHWyKM1WwjNPQge5eqxXSDKhkal","මේකෙ දාන කමෙන්ට් වලින් පේනව ජනතාව කැමති මොනව කරනවටද කියල,"
"Ajith Dayawansa","https://www.facebook.com/ajith.dayawansa.1","Gon oaka"
"Danajaya Bandara","https://www.facebook.com/danajaya.bandara.2025","Pulun gahapeya puke paraya"
"Ruba Liyanage","https://www.facebook.com/ruba.liyanage","Sahatheka aththa niyamai God bless you"
"Devika Dulmi","https://www.facebook.com/devika.dulmi.2025","Niyamai"
"Malsha Liyanage","https://www.facebook.com/sriyani.mallika.3532","Dayasporawen yapena wesmuna bauddaagamata madagahanawa thoge katata gediwara"
"Vijith Fernando","https://www.facebook.com/nishantha.fernando.9250","හොර සිවුරු කාරයින් වාසි ලැබුණු හොරුන්ගේ නැති ගුන කියාපාන රස්සාවක් නේ මුන් කරන්නේ මුන් සිවුර ඇන්දේ ආගම දහම තුලින් ජිවත් වෙන නේ"
"Wasantha Pradeep","https://www.facebook.com/wasantha.pradeep.7965","පලහුත්ත"
"Chanaka Ranes","https://www.facebook.com/chanaka.ranes","Pala pala w.sige putho yanna,,k.l.k.nni kahaka.dayaa😂😂😂😂😂"
"Priyantha Benthara Danwatthage","https://www.facebook.com/priyantha.benthara.danwatthage","හඩනගපු.එක.පුත්ගලයෙක්.පසුපස.ලක්සගානක.ජනතාවක්.ඉන්නව.තිත්තගල්ල."
"RD Eranga Madusanka","https://www.facebook.com/rd.eranga.madusanka","මුන් තමයි රට විනාස කරන්නේ කාලා ඉන්නේ නැතුව"
"Ruwan Sampth Kalahe Hewage","https://www.facebook.com/profile.php?id=61572728228967","අැයි මූට ගූ ගැහුවේ නැ ත්‍ තේ"
"Äłḿir Äkałńka","https://www.facebook.com/Almir.Akalanka","😂 තව දාපං"
"Subani Rathnayaka","https://www.facebook.com/people/Subani-Rathnayaka/61582581452140","යකෝ ඒ මනුස්සයා කීවේ ඇත්ත මන් උනත් ඒ වෙලාවේ කියන්නේ එයා කිව ටිකම තමයි හාමුදුරුවනේ වරදින් මිදෙන්න මොන කෙනාටත් බෑ ඒක තරග කරන එක නෙවේ ඇත්ත තේරුම් ගන්න වෛරය ක්‍රෝධය පතුරවන්න එපා හාමුදුරු නමක් විදිහට ඉන්න"
"Harshana Pedip","https://www.facebook.com/harshana.pedip.2025","Munta kawuda siura pAlAnduwee"
"Suraa Silva","https://www.facebook.com/zuranjith.silva","නොඩකින් කාලකන්නියා බුදු සසුනට කෙලවනවා මල් වතු අස්ගිරි නිදි"
"Namila Hewakumara","https://www.facebook.com/namila.hewakumara","Mata sil walin wedak neha kiyapu eka passe muu yanawa suwura galola peththakin thiyala gahala elawanna oone besica putha"
"Nalin Thisera","https://www.facebook.com/nalin.thisera.2025","Okkoma Badu gahanawa Puka denawa"
"Ishi Shani","https://www.facebook.com/people/Ishi-Shani/pfbid02mZ6ywfH6haraU6yeSgKN6P8AyzbeqghbhPkjpGr6HJjh3RuNPAY7vUHun6saGGukl","merate minissunta nati dewal dala olu harawanna haduwata dan issara wage nemei ape hamudurueane api koi agamatat garu karanawa.ewagema agam beda jati beda ekatu karanna one oyalama .mewage kiyawana eka hari na.yanna pansalata ."
"Jayantha Fonseka","https://www.facebook.com/jayantha.fonseka.190958","Gu kappan pakko oita wada hoddai gada musallaya medamulana gu kana sakkili ballek"
"Hasiya Hasiya","https://www.facebook.com/hasiya.hasiya.1422","Nanasarayage sataka golayo roththa"
"Rohana Vikramashinha","https://www.facebook.com/people/Rohana-Vikramashinha/pfbid0PiGWKAtgtKdhvJDFq3p956Had8t7WV7EcMEjjQXFHHGGjcYtm9TLqTqQE2JYkaePl","Kariba.gon.pakaya"
"Nimal Gunaratne","https://www.facebook.com/nimal.gunaratne.98","මහන වෙයන්, මහන වෙයන්."
"Sarath Pilapitiya","https://www.facebook.com/sarath.pilapitiya.2025","මෙි විදිහට මුන්ගේ නිර්වත ගැලවුනෙ එත හොදයි හැමදාම තමන්ට කන්න බොන්න දෙන අයින්සක මිනිස්සුන්ට වැදගත් විදිහට කථාකරන්න දන්නැති  මෙිවගේ කහාකඩයෝ කවදාවත් සමාජයට අයාපතක් මිසක යහාපතක් කවදාවත් කෙරන්නෙ නැහ"
"GS Kumara","https://www.facebook.com/people/GS-Kumara/pfbid0h9fQU5VWWzjxXLj3WbQkAqz6Bwew7zEogaf6ohEk7C4prd9g72wGbeJcrPbp5m1pl","හාමුදුරැවන්ට     කේස්   තියෙනවලු   නේද"
"Mahindapala Kg","https://www.facebook.com/mahindapala.kg","Tho.mona.gas.ballekda."
"Sumith Samarasinghe","https://www.facebook.com/people/Sumith-Samarasinghe/pfbid03jSRwRm27jhqbbJAbcgVkSze8z7vm2dhKXYjc5qMQrHUCjTPiUg93XJJxfDkEzcfl","මුන් පට්ට ධාර්මිකයි. රටත් ආගමත් කනවා"
"Mar Lahir","https://www.facebook.com/people/Mar-Lahir/pfbid0LdGmtzt5HZPUiNbHBs5enXiTHFaYCLtGxkYGB2QyuArh5msTcsUsTUCcQX7oDvXxl","Masuran watinawa kathawa sahodaraya"
"Dammika Sanjeewani","https://www.facebook.com/dammika.sanjeewani.560145","පින් බත් වහන්සේ උබලට හෙන වදිනවා අහින්සක මිනිස්සුන්ගේ බත් ගිලින ගමන් චන්ඩි වගේ කතා කරනකොට"
"Chandiran Chandiran","https://www.facebook.com/people/Chandiran-Chandiran/pfbid02HeB2gYj8PYeMUuy8n9BZAUiAzBCoX1sLdGm7qEfxh6Wkbw3wrYaZgLyNfwvjnd2Al","Suppirimallimodayotharunganda"
"Shayan Leraj","https://www.facebook.com/people/Shayan-Leraj/pfbid0mfz7xtNATYw9EAK4pwixa7nkbvU1zAGmx8UyAARC7Eqm6Gt9qKoZWc6ZHLTTQWKpl","Pala Pala ponnayo"
"ගුණරත්න ජයවර්ධන","https://www.facebook.com/hnf132ixoj","නිධන් හෝරා"
"Ashoka Thilakarathna","https://www.facebook.com/ashoka.thilakarathna.393","මොනව නැතත් නමගැලපෙනව.........."
"SK Wijerathna","https://www.facebook.com/sk.wijerathna.5","Menna    Siuru horek"
"Jeewanthi Kumari","https://www.facebook.com/jeewanthi.kumari.7543","අනුරාධපුර උනත් අපි ඕකට අත්සන් කරේ නෑනෙ සාදු"
"Lakshitha Dewappriya","https://www.facebook.com/people/Lakshitha-Dewappriya/pfbid095GYPdajjzFdfvXFPvNEK4Lpyn8zv2v65eNDqXzCs5K1YkjCR6Rwz1jQwFV6g8ukl","හොර චීවර අවජාතක බල්ලා"
"Prince Joseph","https://www.facebook.com/prince.subashini","Pala buruwa boru keyannethuwa"
"Diluka Karunathilaka","https://www.facebook.com/diluka.karunathilaka","මුන් දාර්මික කියන්නෙ පොඩිඋන් දුශනය කරන්න දෙන.හොරකන් කරන්න දෙන.ජාතීන් අතර සමගිය නැතිකර වාසියට ඉඩ දෙන ඕන බලුවැඩක් කරන්න දෙන නායකයින්ට .අනේ තිත්තෙයෝ 🤣😂🤣"
"Harsha Nishan","https://www.facebook.com/harsha.nishan.77","සිවුර ගලොලා දේශපාලනය කරපන් බන්"
"Jagath Kumara","https://www.facebook.com/jagath.kumara.838560","uba waren dikkumbrata dinayak kiyala puluwannam"
"HA Thilakawardhane","https://www.facebook.com/ha.thilakawardhane","අපට දැනගන්න ඩනෙේ මුගෙ අමිමා ධර්මිකද කියලා"
"Isuri Ranasinghe","https://www.facebook.com/isuri.ranasinghe.5076","Meka nai panickiyek ubetath wadi aauese natha ganayo"
"Inoka Priyangi","https://www.facebook.com/inoka.priyangi.12","බොරැ මාත් බැන්නා ඒක විඩියෝ කරලා නැ..🤣🤣"
"Digi As","https://www.facebook.com/people/Digi-As/61594236953785","අන්‍යාගමික කැryo dangalanna දැගලිල්ල"
"Noyel Harshana","https://www.facebook.com/people/Noyel-Harshana/pfbid02cdEJ7qxvDHZmTd8SuZsadUAiJi55t1c4m5pqVcVMfi1A3rWkutmoUDWoarUPRad9l","මුන් කියන බොරු"
"Rasika Ruwini","https://www.facebook.com/rasika.ruwini","ඇයි ඔච්චර බය වෙලා 🤔"
"Thushara Desilva","https://www.facebook.com/thushara.desilva.5437","ඔය තිත්ත ගලාගේ cell phone නොම්මරේ පොඩ්ඩක් හොයලා එවන්න"
"Indunil Kumara","https://www.facebook.com/people/Indunil-Kumara/pfbid02hsALTsPhsA9XrJfjSmu5PKgKvGTe4gQMHanoSDRpeJecepxqDDTAkCeVcV6VfTk5l","podi warade walata ahinsaka minissu bandanagara Wala innawa a minissu wenuwen ai me aya katha karanne natthe..athsan karawagena a minissuth nidahash karanna ai bari..me hamuduruwaru ai mehema karanne..waraddak karanam daduwam vidinnama oni..neethiya karath aka wenna oni.."
"Rajagobal Pragashraj","https://www.facebook.com/rajagobal.pragashraj","Pode waradekare ai"
"Roshan Punchuhewa","https://www.facebook.com/people/Roshan-Punchuhewa/pfbid09kNBSBn46aXCrTrk2Cndv2Vg73Y2EfbwkAtXFSzyJNYVEwoxPXG4pD1AaJzhNpoml","Darmika ganayek .ghanasara wenuwen welapenawa."
"Priyantha Premakumara","https://www.facebook.com/people/Priyantha-Premakumara/pfbid026oznnoVUQZEK2umEfm4mQD5BegfWwx3pFgyftDjygwBSvUmRSUewhNZGFnS3Db2al","Booruwa monawa keewath. Cheewarayata kathakaranna igana ganin higanna gonna ya  kiyanade newei wadagzth gothaya"
"Dammika Wanasingha","https://www.facebook.com/dammika.wanasingha.7","චීවරය දාගත්ත පමණින් හැම එකාම  භික්ෂුවක් නොවන බව වටහාගන්න  😁"
"Ruwan Sameera Sameera","https://www.facebook.com/ruwan.sameera.sameera.2025","ගහනවා අස්සන පුකේ"
"Uditha Dothamunige","https://www.facebook.com/uditha.dothamunige","Gon pakaya"
"Niro","https://www.facebook.com/niro.87927","මොහුවත් දාන්න ඕනෑ ඇතුලට කාලකන්නි හැත්ත"
"Sujith Suranga","https://www.facebook.com/sujith.suranga.7731","Kauda me gorilla"
"Shanthi Wijerathne","https://www.facebook.com/shanthi.wijerathne.2025","Aththane"
"Priyani Zilva","https://www.facebook.com/priyani.zilva","Api langata awa nam apith kagahanawa apinam athsan karanne na namai"
"Anura Cristoper","https://www.facebook.com/anura.cristoper","මූව කන්ඩ  හිතෙන්නේ මට විතර ද"
"Rohini Lakshmi","https://www.facebook.com/people/Rohini-Lakshmi/pfbid0mEYFmfWg9i51WHtJNWWKpvrvzEHkH2fR4LmvTG5PELHZx42A26Xo5CPPu7BEd2Hol","කව්ද බං මේ ගණයා දැක්කොත් බය වෙනවා"
"Saman Silva","https://www.facebook.com/saman.silva.625298","පලයන් අමන බල්ලා උබලාට බැනලා මදි අසුචි වලින් නාවන්න ඕනේ ඕය ඇදගේන ඉන්න හොර චිවරයක් ඒක නිසා පවු නැ   සිල්වත් හොද චිවර දාරින් මේවාගේ පාරවල්වල යාචකයින් වගේ ඇසිරේන්නේ නැ  ඔය වගේ මයික් දාගෙන අවුවේ බණ කියන්න බැ ජාතිවාද මත්ද්‍රව්‍ය අරගෙන මත්ද්‍රව්‍ය ජාවාරම චිවර පාතලේ උන් තමයි ඔය කැහැ ගන්නේ   පාතලේ වර්ග දේකයි  1 ගිහියන් පාතාලේ ඒක CID යට ගෙනල්ලා නිතියේ දඩුවම ක්‍රියාත්මක කරන්න පුඵවන  2 චිවරය ඇදගේන පාතාලේ කරන සිල්වත් පාතාලේ උන්ට රදවාගෙන CID ප්‍රශ්න කරන්නත් බැ උන් පන්සල්වල ඉන්න සිල්වත් නිසාද  මේවැනි දඩුවම වලින් තමයි මුන්ට දේන්න ඕනේ ඒක විතරක්ම මදි උන් ඇදගේන ඉන්න උතුමි චිවරය ගලවන්න ඕනේ නැවත ඇවිත් කරන්නේ ඒවැඩේම කතාවක් තියනවානේ නොටිගේ පුතා තැවත් කරන්නේ ඒවැඩේම තමයි ජන්මයේ ඒන පුරුදු අත හැරින්නේ නැ"
"Sumith Senanayaka","https://www.facebook.com/nilan.jayarathna.3","මෙ තවත් පිස්සෙක් , දැන් පිස්සො හොදටම ඇති මෙ රටට"
"Suranga Perera","https://www.facebook.com/people/Suranga-Perera/pfbid02S2pATdpsCmvq19bLxyrgHQL8QZh3MbVdm6zZWMnMg4VxD67HdeeginjeS1xdypYGl","Me saduge ammawa tikak hoyala depannko poddak hukala denna"
"Nuwan Tharanga","https://www.facebook.com/nuwan.tharanga.98871174","මුං හැමදාමත් හිටියේ රාජපක්ෂ නිකායේ නිසා හැමදාමත් රටේ ජනතාවට වෛරය වපුරපු එකක් ජාති භේද ආගම් බේද ඇවුස්සුවා එකයි මුන් කෙරුවේ අනේ දෙව්දත් නොදුටු මොක්පුර ඒ උදාර තරුණයාට බුද්ධ ශාසනය වෙනුවෙන් පෙනී සිටින සියලු ලෝකවාසීන්ගේ ආශිර්වාදය"
"Shiva Paarvathi","https://www.facebook.com/shiva.paarvathi.2025","භාවනා කරන්න හැකි යුගයක් උදා වේවා.."
"Gamini De Alwis","https://www.facebook.com/gamini.de.alwis.2025","නියමයි මල්ලි..අමුවෙන්ම දීල. ජයවේවා."
"UH Sandhasri","https://www.facebook.com/uh.sandhasri","Me ganayage ammata.......o ne"
"Vranjith","https://www.facebook.com/vranjith.vranjith.796","Niyamai  kollo"
"Upali Sugath","https://www.facebook.com/people/Upali-Sugath/pfbid0nApKb9yZi3MqsyukQDFiaZ75Z6ivyj64jgjgRyvRqtjHzze7RiSnxeGauiDPhYsTl","Athakoda.hamuduruo.ada.balu.katha.kiyanakota.thopi.apa.kiyanda.apaya.atha.kota.raju.darmika.na.raju"
"Prasanna Sanjana","https://www.facebook.com/prasanna.sanjana.184","හොර ගනයො"
"Abdullah Zarook","https://www.facebook.com/abdullah.zarook.1","Batagama Arachchige Danushka Chathuranga  තවත් පොඩි වැරද්දක්"
"Neela Chandani","https://www.facebook.com/neela.chandani.900","නමින්ම තිත්ත යි , තමුන්නැහැව.🤮🤮🤮🤮"
"Ravindra Aluthgedara","https://www.facebook.com/ravindra.aluthgedara.5","අනිත් එවුන්ට පිස් සෝ වෙනුවෙන් කෑ ගහන්න වෙලාවක් නැහැ. චීවරධාරින් වෙනුවෙන් විශේෂයෙන්ම උන් ආගමානුකූල වැඩ නොවෙයි මේ කරන්නේ  දේශපාලනානුකූල වැඩ"
"Chanuka Dushan","https://www.facebook.com/chanuka.dushan.2025","Pansil padam paha rakinna hamburueane issella budu dahama Gena katha karanna kalim 👍"
"Ds Kumara","https://www.facebook.com/people/Ds-Kumara/pfbid0mYEPnVnAYaCQeP16kXEiJrY8ctQnEHEG9AMLPw9sVaMJSSDHFfPeqYUqysFMhASrl","To👍"
"Sithmina Autocare","https://www.facebook.com/sithmina.autocare","ජාතියක් ජම්මයක් නැති එවුන් බුදුහාමුදුරුවන්ගේ සිවුර පෙරවන නිගා කරනවා"
"Lal Susantha","https://www.facebook.com/lal.susantha.50","Muge tina wairaya gihiyo hodai"
"Krishan Maduranga","https://www.facebook.com/krishan.maduranga.794852","Uabatath mole nathi ekedda😁"
"Hru Sadu","https://www.facebook.com/hru.sadu.2025","අනේ හාමුදුරුවනේ දෙන දානේ ටික් කාලා පාඩුවේඉන්නකෝ"
"Riyas Hasan","https://www.facebook.com/riyas.hasan.549","Ane me horunta thakkadin ta kade yanne nethuwa thamange respect eka thiyagena paaduwa inna"
"Udaya Ranchagoda","https://www.facebook.com/people/Udaya-Ranchagoda/pfbid02yZs7fv8KYET3YchgxoBkJYtr3fHzaPNmU2TEs35Xh9YY3MwDW4bsqQS4ezXJZoVDl","හොර ඝනයා"
"Rajitha Perera","https://www.facebook.com/rajitha.perera.520","Keri ganaya"
"Vimukthi Deshantha","https://www.facebook.com/vimukthi.deshantha.3","ඔයා මහණ කෙනෙක්ද නැත්තන් මහන කෙනෙක්ද 😄"
"Nandana Kumara","https://www.facebook.com/nandana.kumara.864542","රජු නෑදැං"
"Raju Kumarasinghe","https://www.facebook.com/raju.kumarasinghe","හොරුන්ට ගොට්ට අල්ලන ඹයාලා ධාර්මිකයි"
"Chaminda Fernando","https://www.facebook.com/people/Chaminda-Fernando/pfbid02Ju8GPvtaYN1oSxFvjAgp7e74jK7bXAbJQP3XMFBc2YEgiVeMc1GxPjDHVRWm1cLPl","සහෝදරයා ඔයා නියමයි. ❤️❤️"
"Jaya Kumar","https://www.facebook.com/people/Jaya-Kumar/pfbid0Kf8yhbJpGPnDhnVBYqCrJ1c2BC3GTw3EtTG9gtt5ifNkXie46TZZFy42JyjNgJ7Dl","போ மலையாளம்"
"Visvam Kala","https://www.facebook.com/people/Visvam-Kala/61586522695585","கஞ்சா சாது"
"Sameera Sampath","https://www.facebook.com/sameera.sampath.1485","Fb aeky arwa dannawanam oka hireta balen yanne"
"Amila Prabath Kalum Sudusinghe","https://www.facebook.com/amilaprabathkalum.sudusinghe.5","Pakyo siura glawala katakarapan kariiya"
"Chintha Kasthuriarachchi","https://www.facebook.com/hayma.wati","ඉදකි ගනයා"
"Thushara Thushara","https://www.facebook.com/people/Thushara-Thushara/pfbid025ywivPmY64jJEpf1dZhbLAX8GA3d3KtR8st44nA76jX1FhoYi3enVcX4fCB7YuUBl","Munta pissu ganagediyo"
"Thanuja Rasika","","Munta pissu nodakin  Kala pansalata wela innathuwa"
"Saminda Nilanka Kaviraja","https://www.facebook.com/saminsa.kaviraja","කාපු තරමට කෑ ගහනවා....එච්චරයි. කොහෙන්හරි දූශනයක් ගෑවිලා ඇති"
"Chaminda Uduwela","https://www.facebook.com/chaminda.uduwela.71","Itself mahanadi wela waren ko"
"Asantha Pradeep","https://www.facebook.com/asantha.pradeep.157919","Ubala Patta horu"
"Sadaya Srilanka","https://www.facebook.com/saduwsrilanka","මු මොකෙද්ද😄😄😄🤣🤣"
"Nihal Kumara","https://www.facebook.com/nihal.kumara.693725","We athsan karanawa ekenma"
"Chani Samarakoon","https://www.facebook.com/profile.php?id=61585011301908","උතුම් චීවරයට මුවා වෙලා තක්කඩි කම් කරන්න  එපා..තිත්තගල්ල ඔයා තිත්තයි"
"Ajantha Manjula","https://www.facebook.com/people/Ajantha-Manjula/pfbid02YBPHKM32LHnCfUdgWdYSjiksKGpANmdkr2XMZNzaFSbM9pwuGU94yd67u4cQFnnxl","Mu sangaya whanseta katakarana hati mu desapalanaya nisa apaye regester wela"
"Prabath Karunarathna","https://www.facebook.com/prabath.karunarathna.144952","සාසනේ තවත් කරුමයක්"
"Baralihela Kothukade Abesekara","https://www.facebook.com/people/Baralihela-Kothukade-Abesekara/61592037983180","Uba waran...waran...athakota apith ubata uthara දෙන්නම්"
"Sg Weeraratna","https://www.facebook.com/sg.weeraratna","Thowath athulata danna one nana Sara wage ballek tho"
"Mahendra Damian","https://www.facebook.com/mahendra.damian","ඌවේ ශ්‍රී ලාංකිකයෙක් එක්කෙනට තමයි මොළේ තිබිලා තියෙන්නේ අනිත් කාටත් මොලේ නැතිවෙලා තියෙන්නේ ඒකයි පාඩුවේ ඉඳලා තියෙන්නේ"
"Vithana Gamage S Kumara","https://www.facebook.com/people/Vithana-Gamage-S-Kumara/pfbid027uEHS9UywBhVKVtneZaM7ZUcKcamuiqXVQTVNwwgrtYWciqZY9mzZSaqETCXaCaGl","මුන් ශාසනෙන් එලවූයෙ නැත්නම්  ...ශාසනය ඉවරයි"
"Jagath Nanayakkara","https://www.facebook.com/jagath.nanayakkara.35","Ubanam ape rate akek newi kiyala penawa😂"
"Palitha Lahandapura","https://www.facebook.com/palitha.lahandapura.1","ගෑණු දූෂණය කරන එක දරුවෝ දූෂණය කරන එක පොඩි ඒවාට බං"
"Dinesh Gunawardena","","Pu@&&ka ahama dunnay nathida?"
"Senarath Yapa","https://www.facebook.com/senarath.yapa.7758","හාමුදුරුවනේ  ඔබවහන්සෙලා  ධාර්මින   වෙින්නකො....අඩුමගානේ  සුරාවෙින්  ඇත්වෙින්නකො!!!!"
"Chemz Thennakoon","","අතල් අප්පා"
"Rayan Alwish","https://www.facebook.com/rayan.alwish","Megana  ponnqyath  hiragathakara  yuthuwe  gukapu  gukanna dagalana  sakkiki  ballo mun"
"Heshan Anuruddha","https://www.facebook.com/heshan.anuruddha","Keri ගෙඩියක් mu"
"Kelum Kumara","https://www.facebook.com/kelum.kumara.52035","Uba hena pakaya.ammata hukannne nathuwa Pala ballo"
"Asanka Sumith","https://www.facebook.com/sumith.asanka.7543","කාලකණ්ණි ගනයො"
"Supun Uddama","https://www.facebook.com/supun.uddama","Danath nethikaraganna wedak"
"Samantha Kulatunga","https://www.facebook.com/samantha.kulatunga","මූ ධාර්මිකද😂😂😂😂😂😂😂 කහ පාට ලයිටර්🔥🔥🔥🔥😂😂"
"Palitha Perera","https://www.facebook.com/palitha.perera.7616","ගත්තු අත්සන් ටික පෙන්නහල්ලකො"
"Indika Mahesh Amarasena","https://www.facebook.com/indikamahesh.amarasena","අත්සන් කෝටියක් ගත්තත් වැඩක් නෑ. නීතිය ඔය වගේ දේවල් වලට නවන්න දෙන්න එපා ජනාධිපති තුමනී. නානසාර අනිවාර්යයෙන්ම ඇතුලට දාන්නම ඔනි...😁😁😁"
"Nadee Dilrukshi","https://www.facebook.com/nadee.dilrukshi.525082","මුලින් පියුමි ගේ ක්‍රීම් ටිකක් ගාලා සුදු උනානම් හරි.. ගෝරිල්ලෙක් වගේ.. හාමුදුරුවෝ නමක් කියන්න බෑ දැක්කම... පාතාලේ වගේ හැසිරෙන්නේ"
"Gamini Silva Jayathilaka","","කසිප්පු කාරයින්ගේ දරුවෝ පන්සල්වලට ගෙනල්ල දානව බලු පැටව් වගේ උන් උස්මහත් උනහම මේ තමයි හැසිරීම. තිත්ත ගාල්ලේ තෝ හැමිනයන් පකය."
"Chaniya Shani","https://www.facebook.com/Chaniya.Abeydeera","රජවරු රටවල් පාලනය කරපු කාලෙ ඉවරයි කියල මතක නෑ. තාම ජීවත් වෙන්නෙ රජ කාලේ. රජ කාලෙ ජීවත් වෙන නිසා දෙන්න ඕන සිර දඬුවම් නෙවෙයි.රජකාලෙ දඬුවම් දෙන්න ඕනි"
"DK Sri","https://www.facebook.com/dilip.chandrasekara.1","තට්ටයෝ තෝ සාසනේට වැඩක් කරපන්."
"Saliya Roshan","https://www.facebook.com/profile.php?id=100038777447015","තිත්තගල්ලේ පමිකයා හොදටම කඩේ යනවා"
"Chandra Heenkenda","https://www.facebook.com/chandra.heenkenda","Ketiyen kiyannam......thoge thaththa marakkalayek"
"Ruchira Lakshañ","https://www.facebook.com/lakshan.manuthunga","Kari ganagediyo 😂"
"Prasanna Idunil","https://www.facebook.com/prasanna.idunil.940","Muta pansilwath ne"
"Ranjith Wimalarathne","https://www.facebook.com/ranjith.wimalarathne.259316","MOO PEE CHAN THTTAYEK BRO . .MUGE. CHEEWRAYA GALWANNA ONA"
"Pathmasiri Edirisingha","https://www.facebook.com/pathmasiri.edirisingha","Mu dakkama menawane horganayek kiyala gana mudalaliyek"
"Dino DeFonseka","","Nadu 14k thibba neda??"
"Wijitha Madawala","https://www.facebook.com/people/Wijitha-Madawala/pfbid02wHwPormUECqU27kPhSgEMoCBPG8k1Rgwp2nuaYFLDVPSJNUEhjJEm3aTRAfFZhy4l","දැන් කරන්න දෙයක් නෑනේ බං"
"Lakshman Jayalath","https://www.facebook.com/lakshman.jayalath.760883","කලබල වෙන්න එපා කොසොල් රජතුමා දැකපු සිහින එලිවෙනවා"
"Ramar Ramar","https://www.facebook.com/ramar.ramar.765804","சூப்பர் மச்சான்"
"Sisil N Pathma RajapaKse","https://www.facebook.com/sisil.rajapakse","ඉතිරි 98% සිවුරට ගරැ කලෙ නැත්නම් කල වැඩේ ට නෙවෙයි කාල ගෝල"
"Devika Rajapaksha","https://www.facebook.com/people/Devika-Rajapaksha/pfbid02G6HzdkacLusRQyXkJiVLtucbTjr2cs3DwUmkQNzVAv5ds4kjTLJVEGWxjFfWUpHol","උබනම් මරු මලලී"
"Nirosh Alwis","https://www.facebook.com/nirosh.alwis.738168","මු කව්ද බං 🤣🤣🤣🤣හොර ගන පිං බතා 🤣🤣"
"Piyasiri Jayaweera","https://www.facebook.com/people/Piyasiri-Jayaweera/pfbid02HrQTZFFtNNfAfXiMSjmtpEWrLKYWfRKWfN2zkmrstgWBnojxAYXBjowVPRdJc5pMl","Excellent genuine young person keep it up and don't give up 💞💪"
"Upali Gunasekara","https://www.facebook.com/people/Upali-Gunasekara/pfbid0FrRcVEdPsPDBi1w2UAQKiNKiKQuAX6oKG1Jnin3R6x1c2q35sbb4x5Q37s2wcNrFl","Mokada huttho thoge ammata hikuwe?"
"Menike Rathnayaka Menike","https://www.facebook.com/menike.rathnayaka.menike.2025","ඥානසාර එක්ක උඹත් පලයන් සුපිරි සැපක් ගන්න ඇතුලට"
"Vimukthi Vimukhtn","https://www.facebook.com/people/Vimukthi-Vimukhtn/pfbid02gCwtn5qA8bDUW4dmEZaob8zLPLtXawNqZammtSomHUuCgv3YQqTzJA9qZDkektirl","Hukanawa okun ta kala tela. Hamuduruwo pansalata wela iñna oni. Kauruwath beraganna oni na. Oya. Oya hoda horak passa yanna epa."
"Piyadamma Patiraja","https://www.facebook.com/people/Piyadamma-Patiraja/pfbid02QWa99szy5gHwg2pYpTnWbuvL6BmjrPhBKvXT5DMyFiqaUmqgfGxEPPVzqgodDxNal","Budda cheewarayak daragena gon wada karanna epa .rate neethiyata awanatha weyaw."
"Dhanushka Ehelepola","https://www.facebook.com/people/Dhanushka-Ehelepola/100076394419834","මචන් ඔය වගෙ තවත් ගොන් හරක් සිව්රු පොරවගෙනෙ ඉන්නවා..අපි සාමාදි පත්තියෙ හිදිමු...හොදට  කාපන් බිපන්....👍👍👍👍"
"Rohana Hewawasam","https://www.facebook.com/rohana.hewawasamalisandrge","ඔය යුක්තිය අධිකරණ යෙන් දෙන්න තමයි හොයන්නෙ  ඇයි හැංගිමුත්තන් කරන්නෙ"
"Dhammika Kumara","https://www.facebook.com/dhammika.kumara.39589","ATHSAN WALATA USAWI THERENA WENAS KARANNA BA HAMUDURUWANE OYA KUDDO PASSE YANNE NATHUWA BANAK BAWANAWAK KIYAGENA INNA 🙏🙏🙏👍"
"Chami Kumara","https://www.facebook.com/people/Chami-Kumara/pfbid0xHpbbjKHXzrBTbvqL6SF4LiMHTEsf6Ac1J9CV1SpKFXTUacNSjdG17dVaJDZNprVl","Maka Siwuru  horek"
"Janaka Joseph","https://www.facebook.com/janaka.joseph.2025","උ තමයි තට්ටයො නියම පිරිමියා"
"Madushan Feranando","https://www.facebook.com/madushan.feranando.1","Kari tambiya"
"Padma Kumara","https://www.facebook.com/people/Padma-Kumara/pfbid02NMRATd5FAyPwfj3GJzWHSEgZWQE1tGN4Q9dz2LgtQp2a1B4sT4c6T43ZjixXUqz9l","Meakata mona welada mouth rajapaksha gou hodana ballek"
"Tharindu Dissanayake","https://www.facebook.com/tharindu.dissanayake.9275","Pissu ganaya"
"Mahindapriya Mahipalamudali","https://www.facebook.com/mahindapriya.mahipalamudali","Jayawewa bro"
"Janaka Galgamuwa","https://www.facebook.com/janaka.galiya","මු ලංකාවේ එකෙක් නෙවේ,උගන්ඩවේ වගේ"
"Madusanka Vpr","https://www.facebook.com/madusanka.vpr","Tho palayAn club ekalata athal ganna"
"Abey Wickrama","https://www.facebook.com/abey.wickrama.7","හෙනහොරැ"
"Priyantha Rohana","https://www.facebook.com/priyantha.rohana.3158","එක්කෝ සිවුර ගලෝපං"
"MohamedNazeer MohamedNazeer","https://www.facebook.com/people/MohamedNazeer-MohamedNazeer/pfbid0nD11FD54Gx9Cgs7g2eHyXoeuPsseajN7Bn8ac3Ht5RZNbv68CjRkqQwojCRPQbdGl","Ponna hamduru  seurata lajjaiy ponnaya"
"Mohamed Riswan","https://www.facebook.com/mohamed.riswan.315008","Ado ekkai kegehuve anith kattiya gahannai hitiye oyala berichcha eka loku deyak manal mahinda yanasatata kade yana pakaya"
"Vijitha Bandara","https://www.facebook.com/vijitha.bandara.465123","චිවරය  දාගත්තනමි  පාඩුවෙි  ඉන්නැතිව  අනුන්ගේ  ඇයි  පුක  සොදයන්න  යන්නේ"
"Tissa Samarasinghe","https://www.facebook.com/tissasamarasinghe.tissa","අනේ පළ කෙරි තට්ටයන්න."
"Ranjith Haduneththi","https://www.facebook.com/people/Ranjith-Haduneththi/pfbid02KxikJEZU9AWTuw1gUETXSiMNWwtJ3HQNKFCUSKGswA4KJPT4GyBGfFE9njp2yPwQl","Gannathiyena chans nethi karanna ganaya"
"Janaka Liyanage","https://www.facebook.com/janaka.liyanage.654944","පිනක් දහමක් කරන් පන්සලට වෙලා හිටපන් වැරදි කරපු ඈයෝ හොදන්නේ නැතුව."
"Rohana Sri","https://www.facebook.com/rohana.sri.2025","සිවුර අව බාවිතා කරන මෙවනි හිරිගල් තට්ටයින් සාසනෙන් ඉවත්කල යුතු නොවේද"
"Indika KM","https://www.facebook.com/people/Indika-KM/pfbid04Fh2QoTh7YuU92Dxk9nXcZr2eUKrw2b87Fvutap6q9DwK4KCjC47CiVXeL3jj39rl","අනෙ පලයකොයන්න අස්සන් ගන්න ගියා ගත්තාද කහාගොනා😭😭😭😭"
"Hetti Arachchige Ravi","https://www.facebook.com/people/Hetti-Arachchige-Ravi/pfbid02Cm6o1zpCDcY4tTWYPhbsJSaeVUt2Rjj5afMqipwTrFgwCf4HH8bMrRzmUsXWsYhtl","ගන් ගෙඩිය දානේ කලා පාඩුවේ හිටපන් හුකා ගන්නේ නැතුව ආණ්ඩුව  රට හදයි තොපි කෙදිරි ගන් නැතුව හිටපල්ලා වැරදි කරනම් ඒවාට වන්දි ගෙවන්න ඕනේ තර තිරම් වැඩක් නැහැ"
"Asok Jayatillaka","https://www.facebook.com/asok.jayatillaka","බිලා වාහන එලෙව්ව නේද"
"Ashoka Karunathilaka","https://www.facebook.com/people/Ashoka-Karunathilaka/pfbid0iKvGikCekQCQEGut5V3yNF97DxTgNRR2W2FNnNADLisnKxGD5VT4ndcwGahtX4jXl","කොන්දපන තියන එකෙක් හිටියා උඹලට විරුද්ධව ඒ ඇති රෙස්පට්."
"Aruna Shantha","https://www.facebook.com/people/Aruna-Shantha/pfbid07qdKGgUajEGujgDTkgAhhk4CRDn6nrW1e5hWTff1MAmNtA4zt8HqMRWt2KPcQvfjl","සග මොකෝ"
"Ariyarathna Kalansooriya","https://www.facebook.com/people/Ariyarathna-Kalansooriya/pfbid02bWuSDEnZZYBK4VZspFSvWEQpA7ZpjRnS3ySvvaJC3kNgmxEXPzqtAQwpL5PwcmBUl","උබත්ඵ්වගේගෝතයෙක් සැපනැහැ  නේ"
"Malintha Dilhan","https://www.facebook.com/malintha.dilhan.2025","Tho utama kiyala aro ganin"
"Dinesh Samarasinghe Arachchilage","https://www.facebook.com/dinesh.samarasinghe.arachchilage","Supiri talk dear"
"Tharindu Dana Senanayaka","https://www.facebook.com/tharidu.dananjaya.9022","Ekenek nemei mulu ratakma baninawa gonwada kara kara thawa gon katha kiyanawa mun wage un nisa thamai me sasaneta mehema wela thiyenne sapayak me ratata mun wage un agamak jathiyak danne nathi mun"
"Sadun Srinath","https://www.facebook.com/people/Sadun-Srinath/pfbid02ZyTm8VJF51QypQv1eiBUcEfVts97jURqZnTr6iLvY1Y55qcffaKFDGitervNG9Zsl","දෙන දෙ කාලා  වෙනදෙ  බලාගෙන ඉන්න තිත්තෙ  ඉල්ලන්  කන්නෙ  නතු ව"
"Surantha Munasinghe","https://www.facebook.com/surantha.munasinghe","Mun niwana nathuwa anith okoma karanawa parayo"
"Devi Devi","https://www.facebook.com/mvkdevi.devi","ජාති වාදය පතුරලා බණ කියනවා මිනිස්සුන්ට පවුනොදී වැඩක් බලා ගත්තනම් හොදයි වැරදි කලානම් දඩුවම් විදිය යුතුයි"
"Hsm Kaldera","https://www.facebook.com/people/Hsm-Kaldera/pfbid0P85t4W28TxSLA9zgGdjPm2tFRx8BRJoTd1D4vMCTugJKEWhmQxfpTc2tpk5nnDnrl","චීවරය පොරවගෙන ඉන්න මෙයාල ධාර්මික ද? බොරු කිය කිය බොරු සමාජ මත ගොඩ නග නග වැරදි කාරයෝ බේරන්න දඟලන."
"Mahinda Kumara","https://www.facebook.com/mahinda.kumara.761857","හොර චවරදාරිය"
"Gamini Dissanayaka","https://www.facebook.com/gamini.dissanayaka.490056","PALA,PALA POL KAWIYA THOPI POTTANI KARA SURUPORAWANA UN GANA API DANNAWA...PARAYA..."
"Sanjeewa Wijesekara","https://www.facebook.com/sanjeewa.wijesekara.2025","මේකගේ සිවුර ගලවලා ගහන ඕන"
"Hettiarachchige Luxman","https://www.facebook.com/people/Hettiarachchige-Luxman/pfbid02zs7NRZ93BekXDWJfFQUhvEpyiEmsEUt5P3zisYoFrs6kXfwx5sCTjT1iW2uxCnHjl","මුන්ට අසූචි ප්‍රාහාරයක්"
"Thisanka Indunil","https://www.facebook.com/thisanka.indunil.50","Amage reda pinata Dana deyaka kala hitapana pa..."
"Indika Ananda","https://www.facebook.com/AAX3124","Thwa gothayek avilla munta danewath denna hoda na"
"Chandrika Diunugala","https://www.facebook.com/chandrika.diunugala","රාජපක්ෂ  නිකායේ  කාලකන්නින්ට  ගහලා  එලවන්න   තියෙන්නේ  පිං  බත්  ගිල්ලා  බුදුදහමත්  විනාස  කරන  පර  හැත්ත 😡😡😡😡"
"Senaka Bandara","https://www.facebook.com/people/Senaka-Bandara/pfbid02o1rJzvxD7oahZNfzA4HCNpXWDLbEg3NcWn8pi4rNNvtgHQgC6JPu1CWvu4FsG4ivl","Ane gono"
"Nishantha Jayasinghe","https://www.facebook.com/people/Nishantha-Jayasinghe/pfbid02c5T3isLW4Eqc5MhP2M5UtD17aihC6jdupznnHVd7XALWZwsRwqxYtB1RZcUuMp4dl","Maru"
"Darshana Darshana","https://www.facebook.com/people/Darshana-Darshana/pfbid0228W18yDkUw6CtiKc42zggiqTwo7gXCvkWfCeaVYUWCsV1Nt8Vi3pqiTR3RFCeeu9l","Ane ponnayo palayan mulinama mondisoori . Aken aka waren athakota thopota yathrthaya therei ."
"Bloom Flowers","https://www.facebook.com/bloom.flowers.21187","Uba darmikai."
"Chaminda Wijayanath","https://www.facebook.com/profile.php?id=61573894948212","සුපිරි පැහැදිලි කිරීමක් සහෝදරයා"
"Ruwan Weerasinghe","https://www.facebook.com/ruwan.weerasinghe.220004","සිවුර දාගත්තේ මොකටද කියලා අමතකවෙලා අයාලේ ගිය පොරක්"
"Dana Thusitha","https://www.facebook.com/dana.thusitha.9","Munta pissu.budunge darmaya vikunan kanawaa pakai."
"Ilma Ilmas","https://www.facebook.com/ilmas.ulhaq","Uba watalappa wagea bg jaathi vaadhi booruva"
"Soma Kumara","https://www.facebook.com/soma.kumara.718","බුද්ධාගමම කන්නෙ හාමුදුරැ වෝ"
"Justin Wasu G","","මොහු පට්ට හොරෙක් නෙමෙයි 😂😂"
"Upul Madusanka","https://www.facebook.com/upul.madusanka.5095","මොකේද බං මෙ නරියා"
"Dlshan Rathnayaka","https://www.facebook.com/dlshan.rathnayaka.2025","මෙ වගේ එවු  රැට රැට  වෙඩි තියලා  දාන්න ඔන"
"Nimal Perera","https://www.facebook.com/people/Nimal-Perera/pfbid0MsTfvxm6wZ6yg52Q6W8psD8yA1kfsZMW9VAXzxGEaX1zi66mW1yP5BD3uZzU5M1Dl","P deepan"
"Asanka Kumara","https://www.facebook.com/asanka.kumara.697235","මෙින්න පිංවන්ත මුහුණ  බලන්න"
"Chandrika Liyanage","https://www.facebook.com/people/Chandrika-Liyanage/pfbid02DHnj2BXxvoVrciz3m7GpExjWzopVUV2A3nDGvMpEGc7pnyDhtHWX1jSSyX2at7MBl","Ohela thamai wedipura boru begal kiyanne????"
"Chainda Munashinha","https://www.facebook.com/people/Chainda-Munashinha/pfbid02rCJmzULeyMMh63pdn4uQtuxAA3zEm6RLtiHMJCSPBN3ZPMFMy4sy9AhvYBLpQsFUl","Ma.ponnaya.galabadage...tatage.hora..akakda. elagata.uba.pakaya.dagalanna.apa....hareda."
"Suresh Kumar","https://www.facebook.com/suresh.kumar.381688","Maka.mokakda.hamudurvanta.kathakaranta.danath"
"Rangana Wishwajith","https://www.facebook.com/people/Rangana-Wishwajith/pfbid0EVuLFWySNcJ8moLvqnjgU7jeiGvsxnvrAFVN8vHkop7MqC2Mad42RB3ukQXXNTFRl","මේක කතාව කියන්නේ කැ$% තම්%#&යෙක් කියලා උබලට තේරුම් ගන්න බැරිද උබලට.....කෝමද මුන්ගේ ගේම"
"Wasantha Wasantha","https://www.facebook.com/wasantha.wasantha.9275439","Oun hoda badu karayo"
"Pathum Krishan","https://www.facebook.com/pathum.krishan.79","අම්මෝ අයියේ ඌ මේක බලද්දි රෙව්‍ය්😅"
"Sarath Basnayaka","https://www.facebook.com/sarath.basnayaka.800293","තිත්ත ගල්ලේ මොන හිමි නමක්ද බං ඔකගේන් බන අහපු මිනිස්සු ටිකක් හොයා ගනිල්ලා පුලුවන්නම්"
"Sudeera Supun","https://www.facebook.com/sudeera.supun.2025","මුන්නම් අනේ මන්දා කාලකන්නි 😌"
"Olee Villa","https://www.facebook.com/prabath.olee.2025","උන් කරපු දේවල් වලට හිරේ තමයි ඉන්න ඕනේ"
"HM Mahesh","https://www.facebook.com/people/HM-Mahesh/pfbid0jDFLdzvj5atZc4gNCj1ZosWz22geRW9PVVF5TTBY7YtNL2fNrCriVWP27h9Bfye7l","මෙක මරන්න"
"Sachintha Dilshan","https://www.facebook.com/sachinta.dilshan","Uba darmikad"
"Roshan Manjula","https://www.facebook.com/people/Roshan-Manjula/pfbid02HeihbZW12r1gT7JppP5bJAuRMWqXW7rUCAMYwEoCeYzMyfYPcyMSUBuYZh2SFZ8pl","Elakiri broo"
"Sujeewa Abagahage","https://www.facebook.com/sujeewa.abagahage","Mea hora ganayoo thama rata kannea"
"Sisira Kumara Rajapaksha","https://www.facebook.com/profile.php?id=100041837191107","ප්‍රස්නය මොකක් වුනත් මචං කත කරන විදිය වෙනස් කරන්න ඒක  පට්ට"
"Chatura Max","https://www.facebook.com/chatura.max.70725","Kawadawat apita jati badayak aka hamoma aka waga inna oni"
"Ayesha Weerakkodi","https://www.facebook.com/ayesha.weerakkodi.54","අනේ ඔය නානසාරයා නම් මෙලෝ රහක් නැති එකෙක් කිසි හිතක් පපුවක් නැති එකෙක් පේන්නේ නැද්ද සිවුර කරේ දාගෙන කෑගහන හැටි. සිවුරට කිසි ගෞරව ගරුත්වයක් නෑ. ඒකටත් නිග වක් කරන එකෙක්"
"Yohan Jayawardana","https://www.facebook.com/yohan.jayawardana.752","Uba ayeth mahanawela hitspan dan aru athule"
"Virginia Dasapreya","https://www.facebook.com/virginia.dasapreya","ඔයා හරිපුතේ ඔවුන් ගැනමෙිපමනකලක් කවුරැත් හෙවිවෙි නැති නිසා තමයි ලෝකයා දැනගත්තේ ඔවුන් රටටම මුවාවි කරන අජාසත්ත වැඩිය  දැන් පන්සල් පාසා හොයන්න ඔනේ මෙි කරන අෂික්කිත වැඩගැන  එ් මදිවට උන් ජනතාවගේන්ම කරලා බිලා මදිවට උංගේ කටවල්  පුතේ ඔයා හරි කෙලින් කතාකරන්න  හරියටම හරි සැලෙන්න එපා"
"Sarath Dissanayake","https://www.facebook.com/sarath.dissanayake.1460","Ooka boru kiyanne."
"Kumudu Wanigarathna","https://www.facebook.com/people/Kumudu-Wanigarathna/pfbid02dcTQi3SpgG5UDyYaaJL7eiam5KEu6irgxmqcXsdWQgZMo2P2YnWm1PacuUGE5cx6l","නානසාරගෙ ධාර්මික බව මේ දවස්වල හැම තැනකින්ම පෙන්වනවා"
"Seeman Liyanage","https://www.facebook.com/people/Seeman-Liyanage/pfbid02TZAX9bQYFsrDcuuGrvZ4BT47st2e3rbBXxaPhrAXNgqnn6STg3xufXyMwYKMSp3dl","Oka army aken panna akek."
"Maneshka Randil Perera","https://www.facebook.com/people/Maneshka-Randil-Perera/pfbid0MFXizHTFWGy6eSzPkx4wmCLAPV28darDrgxNZws1TDScKm6BPiRpguLjprNHcGV8l","අපිත් බනිනවා ඔයි"
"Susil Weddikkarage","https://www.facebook.com/people/Susil-Weddikkarage/pfbid02ZqVNBhChJD9pHk9dWuckheTESASfqQcNuULY3ut8zim2Qt3xuLvFd4mFXuTHgacZl","Oya niyamai malli"
"Caminda Rathanayaka","https://www.facebook.com/people/Caminda-Rathanayaka/pfbid0J7oe13aGhcydBCks6JbxBUfV1w6Rqxz56RgkW5o9VHzQETWBRXTHLPPLDviJrqkYl","තිත්තගල්ලයා දැන්ගෙමට බැහැලා එකෙක් නැති කොට තව එකෙක් කැගහනවා මුන් මෙ කියවන්නෙ හොරා කන්න නැ එකයි මෙයා නටන්නෙ"
"Aruna Shantha Gangodawila","https://www.facebook.com/aruna.shantha.gangodawila.2025","ඔවි ඔවි රජු තමා මෙ හැමදේම කලේ උබලා බබාලා. අධිකරණ නියෝග අභියෝග කරන, කාලකණ්නි"
"Ahangama Sudhamma Himi","https://www.facebook.com/people/Ahangama-Sudhamma-Himi/pfbid0WJqAH7jCxr9CNopPoQ17qiU59HSKNmS6FLiq4zV6eKCewBLQa9LKQX2WUDoChZHMl","තමන් කරනදේ තමන් ගෙනියාවි💯😊"
"වසන්ත වසන්ත","https://www.facebook.com/people/%E0%B7%80%E0%B7%83%E0%B6%B1%E0%B7%8A%E0%B6%AD-%E0%B7%80%E0%B7%83%E0%B6%B1%E0%B7%8A%E0%B6%AD/pfbid02MeMWXRHz6u3PEhTpTv8LVaZTpWdgYCcPP3g4cF7AqqnNowTUbf8nYRBPae6f9Vk8l","Ane pako"
"Hemantha Dissanayake","https://www.facebook.com/hemantha.dissanayake.114215","Yakoo FB eke thotath ekka hamoma baninawa dakke nathaa"
"Saravan Sara","https://www.facebook.com/saravan.sara.749314","Pal pakayooo 😂😂😂😂 darmika nathi miniyagan ai utho samawa ellanna samawa na meta /AKD😂😂😂😂🇱🇰🤔🤔🇱🇰"
"Priyantha Gunasekara","https://www.facebook.com/priyantha.gunasekara.550603","Supiri kollo.."
"Chaminda Darmapriya","https://www.facebook.com/chaminda.darmapriya.2025","මොකාද බන් සිවුරට මුවාවෙලා කියවන පිස්සා.කාලෙන් කාලෙට එනවනෙ.අපරාදෙ අපි පසගපිහිටවා වදිව උතුම් චීවරේ."
"Nishantha Sanjeewa","https://www.facebook.com/people/Nishantha-Sanjeewa/pfbid031THyEzNVmRcUfM5aK8QBqW5SoKESbepbuy4T5eTVoqAUQrvMMiDGLCNNieX1Ajuel","Pessu yakek."
"Medarleas Fernando","https://www.facebook.com/mfernando.percey","Kauda ban mu kahakadaya puka nodi pinata kaala patthakata weyla hitu pakaya"
"Paari Maheshwari","https://www.facebook.com/people/Paari-Maheshwari/pfbid0kVBaoCt9azAj4wmEM2RKxBVXEeQybqj4T2HAXv2nnXKsypAiRitY7JGYCMazvnZKl","ගෙවල්  වල කන්න නැතුව  මහන වෙච්චි  එව්න් සහෝ🔥❤️"
"Saman Lalantha","https://www.facebook.com/people/Saman-Lalantha/pfbid02zH9SNXR8TkQM2MVgnFyk7YwfmQt9SxL5D3cijbHz4ZwXwZoDWr2yczxLMH9gy1e2l","Sasanaya kanna apa siyra thala yanna"
"H M Vijaya Kumara","https://www.facebook.com/h.m.vijaya.kumara.2025","උඹ කියපු දේ ඇත්ත බං. අනුරාධපුරේ එච්චර කට්ටියක් ඉඳලා එක එක්ක විතරයි මුලේ තිබිලා තියෙන්නේ. අනිත් ඔක්කොම මෝඩයෝ. ඒක ඇත්ත මුලේ තියෙන උන් නම් මේ මාලිමාවට ඡන්දෙ දීලා මාලිමාව ආණ්ඩුවක් පත් කරගනීය විතරක් නෙමේ ගොඩක් ඉන්නේ මෝඩයෝ ඒ මෝඩ මිනිස්සු තමා රැවටිලා මේ මාලිමාවට ඡන්දෙ දුන්නේ මාලිමාවේ ඉන්නවුන් කියපු බුරු වලට රැවටුනා. රැවටිලා ඡන්දය දීලා මාලි මාවට දැන් කෙලෝගෙන ඉන්නේ"
"Rlk Pradeep","https://www.facebook.com/rlk.pradeep","Aka walla tawa innẁa siura radawana awa"
"Dematagolla Gedhara","https://www.facebook.com/dematagolla.gedhara","Oba darmikathe thithagalla?"
"Manjula Kumara","https://www.facebook.com/people/Manjula-Kumara/pfbid02tADLFrXbG22ASTM75gPDPGM3AYyFZy3TSc6h43zhnC1mUVFUdrbPFKNgK3AgsoQil","Kari ganya"
"අමිල රාජපක්ෂ","https://www.facebook.com/people/%E0%B6%85%E0%B6%B8%E0%B7%92%E0%B6%BD-%E0%B6%BB%E0%B7%8F%E0%B6%A2%E0%B6%B4%E0%B6%9A%E0%B7%8A%E0%B7%82/pfbid02GcysmU2BNnR5wkb8pizMukVjDH6JeU2mnuU6YndSnnuskurcJCgMRMTdyxTuEGqRl","වරෙන් පොලොන්නරුවේ දෙන්නම් පගයාට අත්සන්"
"Suranga Fernando","https://www.facebook.com/suranga.fernando.79274","Mewage badu karynta  danewath denna hoda na"
"මනෝජ් කුමාර","https://www.facebook.com/7tpapl6647","සුපිරි කොල්ලෝ"
"Ajith Lasantha","https://www.facebook.com/ajith.lasantha.215308","ඉතිං හූත්තෝ අත්සන් ගත්තනම් බෙරියන් දීලා මැරෙන්නේ නැතුව ගනයව නිදහස් කරගනින්."
"Jayantha Arachchige","https://www.facebook.com/jayantha.arachchige.9","තෝ සිව්ර ගලවල දාල දේශපාළනය කරපිය   බොව්ද්ධාගම විනාශ නොකර"
"Anu Wickramasingha","https://www.facebook.com/anu.wickramasingha.10717","මේකෙන් පස්සේ මට නම් පේන්නන්න බැ හිරේ අනිවාර්යෙන් දාන්න ඕනි මෙවුන් ඒක සාසනේට කරන හොද දෙයක්"
"Jayalath Santa","https://www.facebook.com/jayalath.santa","මුන .කලු..වෙලා ඇයි.😮"
"M Rupasinhe N Rupasinhe","https://www.facebook.com/mrupasinhe.nrupasinhe","Ma. Ballla. Mokada.  Avajathaka. Ya. Tho sinhalada. Pakaya    hamuduruvantà.  Kathakaranna. Hatti"
"Athula Kumara","https://www.facebook.com/athula.kumara.695032","හරක් රකින්න එපා"
"Vinie Guna","https://www.facebook.com/people/Vinie-Guna/pfbid02kNJUDDSBfdM7auF9MsiZMA4bNwXQbR7WQTgzm1LyRRC3e3KRMFi8i3VRk24MNmE7l","Tota gahanne teyenne pakaya"
"Hewa Khp Hewa","https://www.facebook.com/hewapatabendige.hewa","ඕයි සංගෙ තමුසෙ ධාර්මිකද මහන වෙල හිටහං"
"Priyangani Sureka","https://www.facebook.com/sureka.priyangani.2025","පාස්කු ඉරිදා මැරුනු දරුවන්ට ඒ දේමාපියන්ට .දේමාපියන් දරුවන් මැරුවා.තාමත් ආබාදිතව ඉන්න ජනතාවට .අවුරුදු ගානක් යනකම් නිතිය ඉටුවුනේ නැහැ.ඔය හොයන සාදු තමයි පාස්කුවට ප්‍රදානියා.ආගම් බේද කරලා ජනතාව මුලා කලේ.සාදුටත් දඩුවම් ලැබෙන්න ඔන"
"Mohamed Shamry","https://www.facebook.com/people/Mohamed-Shamry/pfbid02EfJ1hiytnJofXjDqZYuRQtQHie3TvALdvpSzjqvMb8UWQNkqr8z6KEhn6gkpT9rjl","නියම සිංහලයෙක් බං උඹ."
"Saman Kumara Alahakoon","https://www.facebook.com/saman.kumara.alahakoon.2025","අපොයි තිත්තගල්ලෙ වැටුනු තැනක්"
"Jeewani Suraweera","https://www.facebook.com/jeewani.suraweera.2025","සිවුරක් දමන් මිනිස්සු කොටවන්න එපා.රට දෙකඩ කරන්න වුවමනාවක් තියෙන්නෙ මේ වගෙ හොර භික්ෂූන්ට විතරයි.මිනිස්සු ඉස්සර වගෙ මෝඩ නැ.ඒකයි ඕවට විරුද්ධව කතා කරන්නෙ."
"Mohamed Jiffry","https://www.facebook.com/mohamed.jiffry.798278","කනගාටුයි සිවුර පොරවාගෙන මෙ හාමුදුරුවන් කෙරෙන වැටවල්.... බෞද්ධ සාසනයටම අපහාස කරනවා..... සාසනයට ගරුකරන්න බැරි අය කවදාවත් ජාතිය , ආගම,  රකින්නේ......"
"Ajith Ravindra","https://www.facebook.com/ajith.ravindra.171230","Uttho hamowama beraganna puluwanne athsankarala nithiyata hisanawapan kariyo mahinalage nithiyanemei dan"
"MAYU Nanayakkara ","https://www.facebook.com/mayunanayakkara","පාරවල් ගානේ අත්සන් ගන්න යනවට හොඳ වැඩේ.  මිනිසුන්ට අදහස්  ප්‍රකාශ කිරීමේ අයිතිය තියෙනවා.  හාමුදුරුවන් කලෙ මේ incident එක phone එකේ video කරපු එක."
"Nuwan Chathuranga","https://www.facebook.com/people/Nuwan-Chathuranga/pfbid0tdbZDdSAnw6Lsj9bGukEXqhqSC2cp785q1LMaA7QWyYxUB83BK1NbpzyRN8AMh3l","Dan wela tiyenne sihalayoo kotasak malimawata kotasak pohotuwata thawa kotasak teliponayata..yakune apita wena rataka na me loke.desapalana mathaya kumak unath...sinhala kama budu dahamata amathaka karala wada karanna epa. Balapan eka demalek Muslim ekek unge jatiyata gagamata garahanawada..API ape sasane eunwa here Dan a dagalana tharamaj."
"Vipula Kumara","https://www.facebook.com/vopula.kumara","එල එල කොල්ලෝ"
"Shiranie Diepoltz","https://www.facebook.com/profile.php?id=100005209477408","Muge Siure galewela pukete wedi tiyanneme one 🐕"
"Vinoj Rajaguru","https://www.facebook.com/vinoj.rajaguru","Pin bath kala tele wedi welada.  Siwra galawala reddath ada ganin. Budu hamuduruwantath awanammbu.."
"Sudath Shantha","https://www.facebook.com/sudath.shantha.578868","Pala Pala ganaya .tho ghin chamasarta kiyala puk gassa ganin😂"
"Pasan De Silva","https://www.facebook.com/pasan.desilva.796","කැරී ponnaya"
"Sriyalatha Sudusinghe","https://www.facebook.com/sriyalatha.sudusinghe.2025","සිවුරු පොරවා ගත්තපලියට සිල්වත් භික්ෂුවක් වෙන්නෙ නෑ බොලව්. විනයක් නැති,හික්මීමක් නැති,ප්‍රචන්ඩ හදවතක් ඇති නිගන්ට ගනයේ උන්.."
"Sasi Jayamanne","https://www.facebook.com/profile.php?id=100002112931595","මෙයා මොකද මේ වෙව්ලන්නෙ. පට්ට වැඩ්ඩ කීවට හොදම එකෙන් stress වෙලා ඉන්නෙ."
"Ranjith Pilapitiya","https://www.facebook.com/ranjith.pilapitiya.2025","Ana.ponnaya"
"Ravi Perera Perera","https://www.facebook.com/raviperera.perera.9","තව හග්ගෙඩියක්"
"Chamil Munasingha Arachchige","https://www.facebook.com/people/Chamil-Munasingha-Arachchige/pfbid02yKSinVAtvBnmXFqS6mfbhniwJRFSzjbzER2hAmYZdvBZVAsPHJ1DuZn3TXoUNrVl","Pala ponna wesige putha tho කවුද ape aya balagani tho ponna pakaya thoge agamey thiyana adu padu hoyapiya"
"Amila Sohan","https://www.facebook.com/amila.sohan.79","එක්කෙනාටයි කොන්ද පන තියෙන්නෙ...."
"Suresh Punchihewa","https://www.facebook.com/suresh.krishnaband","මුගේ හැටි කහ කඩයගේ 😂"
"Nilan Prasandika Sa","https://www.facebook.com/nilan.sandagirigoda","Sakkili ballaa"
"Rupi Liyanage","https://www.facebook.com/rupi.liyanage.5","අනෙ මෙයා බිත්තියට හේත්තු නොකරට මෙයාගෙ තාත්ත ලයිට් කනුවට හේත්තුකරල වෙඩි ති යල තිබුනෙ"
"Ranjan Priyadarshana","https://www.facebook.com/ranjan.priyadarshana.587","සිව්රක් දාගන පච වපුරනවා පම්කයා"
"Bp Rathnayake","https://www.facebook.com/bp.rathnayake","වරප්‍රසාද නැත සියලුම දෙනාටම නීතිය එකයි කොයි ආගම අදහන අයෙක් වරදක් කළා නම් ඹහු නීතියට යටත් විය යුතුයි"
"Athula Kulathunga","https://www.facebook.com/athula.kulathunga.50","අවුරැදු   109 මදිද"
"Gayan Gaiya","https://www.facebook.com/people/Gayan-Gaiya/pfbid02DdfYh4twtetQXJNPBqbbEdR5WfvF6TZ5mZUjdcaNhh5A8ewY1buJMGfbJDskbxG8l","තොව බිත්තියට හෙත්තූ කරලා මොනවා කරන්නද අප්පිරියයි"
"Hello Kitti","https://www.facebook.com/people/Hello-Kitti/pfbid05FgTFBavEobW3bSweHHYSbuQcHr1KJt8vpSpudvjsdusGu4JQ93CeJRSiuWtsAHDl","Anith ghanasara in action"
"Aron Aron","https://www.facebook.com/aron.aron.314258","Jamparita. Jayaveva."
"නන්දසිරි නන්දසිරි නන්දසිරි","","අපරාදෙ අත්සන්ටික  ගත්තු කොලකෑල්ල අරගෙන ඥානක්කගෙන් වෙලාවක් හදාගෙන දකුණු කකුල පෙරට තියලා ගියානම් බේරගන්න තිබුනා....."
"Charith Priyamayura","https://www.facebook.com/people/Charith-Priyamayura/pfbid0ZG595fWiouoFEEY9PS9rFqDSDe89BE4KgfNPRKzEMHdc8BDk9qiJp457CLuRVzvGl","Ma vidio dana.ponya"
"Sudesh Asanka","https://www.facebook.com/people/Sudesh-Asanka/pfbid02ZMkUxDVwVUigfFHtc5Y6SqzaLoGou5vtfbqzeK9ACsN1jt3KFd6zYE4mtxqnFeqTl","Pakayo nanasaraya kiuwe keruwe podi podi waradida pala wesige ballo yanna topi buddagama kanna apu wesige putala"
"Nimal Sarathsena","https://www.facebook.com/nimal.sarathsena","ඔහෙ දාර්මිකද?"
"Chamil Abeysingha","https://www.facebook.com/chamil.abeysingha","සිවුර dagena kede yanawa P......y.."
"Nuwan Priyashantha","https://www.facebook.com/people/Nuwan-Priyashantha/61586756866732","Ane ubath ukapan hamuduruwo..nkm puka nodi banak bawanawak karagena idapan.passen awilla lopan puka mahindalage."
"Sumith Nilanga Hikkaduwa","https://www.facebook.com/people/Sumith-Nilanga-Hikkaduwa/pfbid02j54DTaRU2JnWt7PofrrBn5niUz6ETChaxCiYioSfbuXrGEzR7Ygr7Bn3UoaDPhKvl","Ane pala wesige putha yanna ohoma idapan thiththagallayo"
"Promod Ishan","https://www.facebook.com/profile.php?id=100018680169024","onna oya saduta kiyahan anura newei nadu demme kiyala"
"Jeewanthi Somarathna","https://www.facebook.com/jeewanthi.somarathna","gon pareyo agilla nawagani !!!"
"Nalaka Asitha Prabath","https://www.facebook.com/nalaka.asithaprabath","Galagoda athe hamuduruwo ta athsan onee nam hamuduruwanta denna puluwan .. eka pilibada Katha karanna puluwan . Janpathi samawa denawanam dei Nathanm nodei uthikama ekaki .. Ubala avichiyata yanna EPA dopi , dopi nowena unui"
"Jayatissaen Endiriyanwaladewahge","https://www.facebook.com/jayatissaen.endiriyanwaladewahge","හරියට,හරි,කොල්ලා!!!!නියමයි!!!!"
"Asanka Fernando","https://www.facebook.com/asanka.fernando.7393264","රජ්ජුරුවෝ හිටියෙ පොහොට්ටුවෙ හමුදුරුවනේ දැන් ඉන්නේ ජනාධිපති කෙනෙක් ..."
"Prasanna Rupasinghe","https://www.facebook.com/prasanna.rupasinghe","මුන් කන්ජිපානිටත් වඩා එහා ගිය විනාශයක් රටට කරන්නේ සිවුරෙන් බංකර් ගහන්!"
"Hafeel Rima","https://www.facebook.com/people/Hafeel-Rima/pfbid0FQKjzoFFzKepCintGMGHVCXj7BNApedWTerGaCracHtWPhh4yE7AKnQPXhkYv1qgl","Munta mewatha weda. pansale weda nedda😁 ne dannethi hinda ehuwe😁😁"
"Illangha Singh'e Brahmana Thilakarathne","https://www.facebook.com/illanghasinghebrahmana.thilakarathne","Owa gon athal pisso dana athal 😁🤮"
"අනුරුද්ධිකා ධනංජලී","https://www.facebook.com/anuruddika.dhananjalee.14","ඉස්සෙල්ලාම කරන්න ඕනේ මුංව උඩ දාගෙන බණ අහන්ඩ යන එවුන්ට. මෙයා කොහොමත් වෙනම නිකායක් හදලා හාමුදුරුවන්ට ඕන දෙයක් කරන්න පුලුවන් විදිහේ පන්සලකුත් හදනවා කියනවනේ. ලව් කරන්න පුලුවන්ලු එතන. එහෙම හැදුවොත් හැම පන්සලකම ඉන්න පොඩි හාමුදුරුවරු එයා ලඟට එනවලු. මොන පිස්සෙක්ද මේ."
"Nethmi Liyanage","https://www.facebook.com/people/Nethmi-Liyanage/pfbid0j8YyBHURAMQs79JTBq9ZJhBf47cdHD1n9cM5QVeFw5KHJuGV21jnTJHkadnBgZb5l","කවුද මෙ කලු යකා"
"Ajitha Priyadarshani","https://www.facebook.com/ajitha.priyadarshani.2025","බුද්ධ සාසනය වෙනුවෙන් දෙයක් කරන්න වැරදි කාරයන්ට සුදු හූනු ගාන්නේ නැතිව"
"Mallika Solangarachchi","https://www.facebook.com/mallika.solangarachchi","Oya athsankalata wadak na buuruwa ththayo .hanasara hire Yana aeka nawaththapan BA buuruwo.oba wagemai kalakanniyek thama hanasara ."
"Hashan Pathirage","https://www.facebook.com/hashan.pathirage.5","කහකඩයාගේ කෙදිරිල්ල.....🤣🤣🤣"
"Chandana Kumara","https://www.facebook.com/chandana.kumara.7340","ඕක කියන ඔයාල පලමුවෙන්ම ධාර්මික වෙන්න සිත,කය,වචනය කියන ත්‍රිවිධ රත්නය සංවර කරගන්න කිසිම සංවරයක්නැති ඔයාල මිනිසුන් පිලිකුල් කරනව මේ අරහත් දජය කිලුටු නොකර සිව්රු ඇරල දේශපාලනය කරන්න"
"Sudesh Shahama","https://www.facebook.com/tstshahama","එන්ඩ කියපංකො මගේ අත්සන ගන්ඩ."
"Sameera Weerasingha","https://www.facebook.com/people/Sameera-Weerasingha/pfbid0XcWkZZm2KoLxT36XUezeBaoKphms621UWiG6qxJoPhYVkDXEpiXnMShZWZG567wml","Budu bana kiyanna"
"Upul Santha Hewapathirana Hewapathirana","https://www.facebook.com/upulsanthahewapathirana.hewapathirana","අනෙ පල උත්තො යන්න"
"Dananjaya Jeewantha","https://www.facebook.com/dananjaya.jeewantha","අපි මේ රටේ ජීවත් වෙන්න ඕන. අපිට ජාති ආගම් භේද එපා.. මුන් වගේ සිවුරු ඇදන් ඉන්න පොඩි පිරිසක් තමා ඔහොම කරන්නේ.. ඒ වගේම හාමුදුරුගොල්ලෝ විතරක්ම නෙමේ, කතෝලික, මුස්ලිම් , ආගමික සමහරක් නායකයොත් ඔය වගේම කොට්ටාසයක් ඉන්නවා ජාතිවාදී ආගම්වාදී විදියට හැසිරෙන"
"Salinda Shan","https://www.facebook.com/salinda.shan.54","රාජපක්ෂගෙ ගූකන පරට්ට ගනයො මුන්"
"Has Hettiarachchi","https://www.facebook.com/has.hettiarachchi.3","මේ හාමුදුරුවරු මේ හාමුදුරුවරු සිවුර දාගෙන අනේ මන්ද මොනවද කරන්නේ කියලා? අපිටත් නිකන් මඤ්ඤං මේ මේම දකිනකොට පිස්සු ඇත්තමයි මේ මේ හාමුදුරුවරුන්ට දෙන දානෙකාලා බණක කියලා මේ අර එයාට සිරිධම්ම හාමුදුරුවෝ වගේ ඇයි යන මේ කාගම සිල් නන්ද හාමුදුරුවෝ වගේ මේ පාඩුවේ ඉන්න බැරි දේශපාලනේ මොකටද ඈ මේ මහින්ද රාජපක්ෂ වලට පස්සෙන් ගිහිල්ලා පස්සෙන් ගිහිල්ලා මේ හාමුදුරුවරු නිසා අද සමිඳ මේ මේ සාම් හොඳ හාමුදුරුවොන්ටවත් තැනක් නෑ මේ වැඩක් නෑ කියලා මේ හාමුදුරුවරු නම් ඇත්තමයි මේ විදියට යන්න ඉන්න හාමුදුරුවරු බේරගන්න දඟලන හැටි මේගොල්ලෝ වැඩක් නෑ මේ හාමුදුරුවන්ගේ ඔක්කොම"
"Dushmantha Prasad","https://www.facebook.com/dushmantha.prasad.460848","උබ කෞද උබ බන් කියන්න ප කෝ"
"Wijerathna Wijewickrama","https://www.facebook.com/wijerathna.wijewickrama","Meka  rajapasa   V 8  vasi  gattha  hingannek. Budu  dahama  vinassi"
"Ruklanthi Sanjeevani","https://www.facebook.com/people/Ruklanthi-Sanjeevani/pfbid02RJ7UMA5tNbvCYPemRjpoXvDmGz29RPk4KVUnrodowUNHm1dHJfeuxxa26DkeT7oTl","Mun mokkuda appa me chik😡😡😡😡😡😡"
"Palika Abeyewardhana","https://www.facebook.com/palika.abeyewardhana","Kahakadaya"
"Roshan Perera","https://www.facebook.com/people/Roshan-Perera/pfbid0YZ7qxu8LWZDRsZsWiGr7Bwvq6te8VJ8GXTGeX8XTU3afjuhNvVYeqvD6Qk8TM142l","Oya musala balla aka akata kade Yana pissu ganeyek oya"
"Wijaya Bandara Gunathilaka","https://www.facebook.com/wijaya.bandara.gunathilaka.2025","අනේ පින්සිද්ද වෙයි හාමුදුරුවනේ  මිනිස්සු  දෙන දානෙ ටික කාලා ඒ මිනිස්සුන්ටම පව් පුරවන්නේ නැතිව  පන්සලට වෙලා ඉන්න ගරු අදිකරනය දුන්න නියෝගයට ගරු කරන්න"
"Thusith Manmitha","https://www.facebook.com/thusitha.udhayakumara.9","සක්කිලි තට්ටයා"
"Edirisi Ghế Easriyani","https://www.facebook.com/people/Edirisi-Gh%E1%BA%BF-Easriyani/pfbid02qPTPLHvErsY1j4vQ15KWvTypSUBnRLjZwXPWXkrYUrypMhkQuNcYPmLMJN1UHM7Ul","Vikurthi kale zya inna ona hire nisa"
"Rathnayake Sunil","https://www.facebook.com/rathnayake.sunil.2025","dussela.himi.namak"
"Waruna Priyadharshana Wickramaarachchi","https://www.facebook.com/warunapriyadharshana.wickramaarachchi","Ela kariyonta denna one supiri vidiya oka thamai ban good luck ubata"
"Laneero Narangoda","https://www.facebook.com/laneero.narangoda","Mona kabarayekda ban me Siwuru Hukanna......"
"Vajira Lalantha Siriwardana","https://www.facebook.com/vajiralalantha.siriwardana","මම හිතුවේ මෙයා හාමුදුරුවෝ කෙනක් කියලා. සිව්රු රඳවා ගත්ත සාදු කෙනෙක් නේ. 😡"
"Dinesh Nirmal","https://www.facebook.com/dinesh.nirmal.9843","Aiya superi"
"Ruwan Sisira","https://www.facebook.com/ruwan.sisira.433887","Me  thataya  horunge  gu  kana  parayek  munta  warade  nokaranam  mokatada  baya  athsan  mokatada  me  rata  geniteyapu  kahakadin  mun  okkoma"
"Shaminda Sadaruwan","https://www.facebook.com/shaminda.sadaruwan.2025","Tota benala wedak ne towa wesa kame ghin to wage hatara kendare Pali awajataka ballek weduwa toge ammata hema Ganna oni ballo bhi kalata"
"Mohamed Yaseenmohamed","https://www.facebook.com/mohamed.yaseenmohamed.2025","Yalouwa thanks 🙏  Mou okkouma Akkai"
"Walgampaya Whpu","https://www.facebook.com/people/Walgampaya-Whpu/pfbid02duvsxUCmDaQmeUExpEjD3YjqPYixZQJZ4Di4yCPEF2EiHmz3jqT2j6eRJUwvVenFl","තොපිතමයි ධර්මික නැත්තේ"
"Pradeep Shashikala","https://www.facebook.com/pradeep.shashikala.2025","Magana. Wayan. Pakaya"
"Kirthi Basnayaka","https://www.facebook.com/people/Kirthi-Basnayaka/pfbid02cEJ7jHUFFgXmqSufECxvNCu3zWbDKFmvQCwoAnaMcZpbMRm2SgZzabhjhHLBifF1l","Ane pako"
"Ranjith Ranjith Ranjith","https://www.facebook.com/ranjith.ranjithranjith.716","මුං තමයි මේ රට මේ තැනට දැම්මෙ"
"Kahandawa Karunarathna","https://www.facebook.com/people/Kahandawa-Karunarathna/61576356939205","සක්කිලි බල්ලා සාසනෙත් කනවා"
"Udeni Rupika","https://www.facebook.com/udeni.rupika.601226","Ubata. Puka😡😡😡😡😡"
"Daminda Samaratunga","https://www.facebook.com/daminda.samaratunga.7","නිවැරදිව දැනුවත් කළාට ස්තූතියි"
"Ananda Karunathilaka","https://www.facebook.com/ananda.lakshan.35","Ali madiwata harak kiwwalu thawath charithayak karaliyata avilla"
"Ranjan Samantha","https://www.facebook.com/people/Ranjan-Samantha/pfbid032fBrEhQFvUyFrAnSSNQY5yzvs1upKanpVCkwo1zDR4KBPAKXPRQYFmwbGyhcmDdrl","ඕකත් හිරේ යවන්න ඕන කාලකන්නිය"
"ධමිමික විජේසිංහ","https://www.facebook.com/1v3sjoc90z","Ana apita pau node bana tikak keyagana dana tika waladala. Pansala inna huduruwana."
"Kaligu Malaka","https://www.facebook.com/kalingumalaka.malaka","මේක ආතල් උට්ටො..."
"Hasitha Prabath","https://www.facebook.com/people/Hasitha-Prabath/100011420524531","Sinhala baudda jathiyata apahasa Karana sawoma sobadshama wisin winasa Kara Damana dawasa Ada ho heta wiya haka, Haji thaak pin daham karamin budu guna menehi karamin jeewitha ya gana sitha na"
"Sampath Patabendige","https://www.facebook.com/sampath.patabendige.2025","Pala hutto යන්න"
"Ranil Shammika Malagoda","https://www.facebook.com/shammika.shammika.522","කවුද මේ හාමුදුරුවන්ට මේ විදිහට කතා කරන පරයා. හාමුදුරුවන්ගේ හරි වැරැද්ද පිළිබඳ කතා කරන්න පුළුවන් ඒක වෙනම කතා කරමු අන්තවාදී පිරිස් ේ විදිහට හාමුදුරුවරුන්ට අපහාස කරන තත්වෙට පත් කරන සමාජයක මේ වීඩියෝස් ප්‍රතික්ෂේප කරන්න දැනගන්න ඕන හැමෝම. හාමුදුරුවන් අපි නිවැරදි මාවතට ගන්නම් හැබැයි හාමුදුරුවන්ට මේ විදියට කතා කරන්න අන්තවාදීන්ට අයිතියක් නෑ"
"Pib Mathers","https://www.facebook.com/pib.mathers","Ranil Shammika Malagoda අපි හැමෝම..ඇයි උබ මොනා කරන්නද?"
"Ranil Shammika Malagoda","https://www.facebook.com/shammika.shammika.522","Pib Mathers සරල දෙයයි කරන්න තියෙන්නේ අර්ථවාදීන් අන්තවාදීන් විදියට මතු කරලා දක්වන්න මේක හොඳ අවස්ථාවක්."
"Pib Mathers","https://www.facebook.com/pib.mathers","Ranil Shammika Malagoda අවස්ථාව තියාගෙන ඉදගනින් උබ... කරන්න පුලුවන් ලබ්බක් නෑ වෙන"
"Ranil Shammika Malagoda","https://www.facebook.com/shammika.shammika.522","Pib Mathers අන්තවාදයට මේ දහම යට කරන්න කොහොමත් ඉඩ තියන්නේ නෑ. බොහොම ලොකු උදව්වක් මේ කරන්නේ මේ විදියට දේවල් හොඳට තව කරන්නකෝ. මේවට පිළිතුරු ලෑස්ති වෙන ගමන් තියෙන්නේ. මිනිස්සු අවශ්‍ය තැනදී අවශ්‍ය විදිහට මේවට පිළිතුරු දෙයි. කලබලයක් නෑ."
"Ranil Shammika Malagoda","https://www.facebook.com/shammika.shammika.522","Pib Mathers උඹලා අන්තවාදීන්"
"Pib Mathers","https://www.facebook.com/pib.mathers","Ranil Shammika Malagoda නාකියෝ කරයි lbbk.. අවුරුදු 2500+ පැවතිච්ච ධර්මයක් අවුරුදු 60ක් ජීවත් වෙන එකෙක් ආරක්ශා කරන්න හදනවා..😆😆😆 ට්‍රැක්ද උබට විහිලු කරන්නේ? පාඩුවෙ වැඩක් බලන් ඉදපන් වයසට ගියානම්..."
"Ranil Shammika Malagoda","https://www.facebook.com/shammika.shammika.522","Pib Mathers ඔයා එහෙමද ආස උඹලා මොන හාල්පරුවුද බං"
"Ranil Shammika Malagoda","https://www.facebook.com/shammika.shammika.522","Pib Mathers අන්තවාදී අදහස් ධර්මයෙන් උඹලා මේ කරන්නේ ආගම් වාදයක් ජාතිවාදයක් මතු කරන්න හදන එක"
"Ranil Shammika Malagoda","https://www.facebook.com/shammika.shammika.522","Pib Mathers මේ ධර්මය ආරක්ෂා කරන්න ඕන විදිහ උඹට වඩා හොඳට දැනගෙන තමයි කතා කරන්නේ. උඹලට බෑ ස්වාමීන් වහන්සේ කෙනෙකුට මේ විදිහට අපහාසාත්මක ලෙස සමාජයේ කටයුතු කරන්න. මේක දැන් නතර කරන්න ඕන කාලය ඇවිල්ලා ඉවරයි. උඹල තව මේ දේවල් කරපල්ලා, මේක හරි හොඳ දෙයක් එතකොට පෙන්නන්න පුළුවන් මේ අන්තවාදීන්ගේ නියම ස්වරූපය"
"Ranil Shammika Malagoda","https://www.facebook.com/shammika.shammika.522","Pib Mathers අන්තවාදී ට තවදුරටත් සමාජයේ හැංගිලා සමාජයට පහර දෙන එක සිද්ධ කරන්නට නැවත ඉඩකඩ සලස්වන්නැති මතවාදයක් සමාජය තුළ නිර්මාණය කරන්නට මේ අන්තවාදී අදහස් දරන ුයි ඔබ වැනි අය විසින් කරන දේ බොහෝ අගෙයි. සමාජය තුළ අන්තවාදී භික්ෂුවත් නිවැරදිව මේ දහම තුළ ඉන්න භික්ෂුවත් වෙන්කරලා සමාජය තුළ නැවත භික්ෂූන්ට ඇති ගරුත්වය ස්ථාපිත කරන එක අපි වගකීමක් විදියට බාර අරන් ඉවරයි. එනිසා මේ දේ ඔය විදිහට දිගටම කරන්න සමාජයට මෙය අන්තවාදී මත මතුකරන අන්තවාදීන් ඉදිරියේදී නිරුවත් කිරීමේ වැඩපිළිවෙළ සිද්ධ කරනවා. මේ කවුද කින්ද මන්ද කියන එක සමාජයේ බොහෝම ඉක්මනට අඳුනගන්නවා. ඒක අනිවාර්යයෙන්ම සිද්ධ වෙනවා."
"Ranil Shammika Malagoda","https://www.facebook.com/shammika.shammika.522","Pib Mathers තනියෙන්ද නැද්ද කියලා දිගටම ඔය විදිහට කරගෙන යන්නකෝ මතු කරලා පෙන්නන්නම් ඒක. ඔහොම ඉක්මනට"
"Pib Mathers","https://www.facebook.com/pib.mathers","Ranil Shammika Malagoda උබ විතරයිනෙ මෙතන තනියම වැලලෙන්නේ 😅"
"Asela Padmasiri","https://www.facebook.com/asela.padmasiri","සහතික ඇත්ත"
"AP Perera SD AD","https://www.facebook.com/people/AP-Perera-SD-AD/pfbid0z7s6JXASyst4kb3rjrw8mM7rLppYohuBEbKrb6qe3yK5oGfzDMojEXFnbQUteVnQl","මෙක අමුඅමුවේ දර්මය දර්මය විකුර්‍ති කරන්වා"
"Rohan Samantha","https://www.facebook.com/rohan.samantha.12","Pale thatteya kalekanniya"
"Sumith Dikkumbura","https://www.facebook.com/sumith.dikkumbura","උබල වගේ කාලකන්නි හොරතක්කඩි ඝනයො නිසා තමයි බුද්ධගම දිනෙන් දින පිරිහෙන්නෙ ඇත්තටම උබ නින්දිතයි කුජීතයි.තුච්චයි."
"Pilendran Antony Thavarajah","https://www.facebook.com/pilendran.antonythavarajah","Minisu okkama therunkatha palayanko."
"Ravindu Prabath","https://www.facebook.com/ravindu.prabath.39","Bududahama raka ganna mun one naa Budu hamuduruvoo eka karala pirinivan pala thiyenne 🙏"
"V.G. Hasun Umayanga","https://www.facebook.com/umayanga.hasun","Mala perethaya  mariyan pakadaya tho"
"Kelum Jayaseekara","https://www.facebook.com/kelum.jayaseekara.7","Samawa nm denna be.. 😂"
"Sandun Jayasooriya","https://www.facebook.com/profile.php?id=622403895","Gon thadiya"
"Lashan Rangana","https://www.facebook.com/lashan.rangana","Vikurthi kare nane.a kolla banapu ekane danme 😂😂😂😂😂😂😂😂"
"Sujeewa Subasinghe","https://www.facebook.com/sujeewa.subasinghe.2025","හරක් පැටියෙක් අපරාදෙ සිවුරක් ඇන්දුවෙ..."
"Gkgjparadep Gkgj","https://www.facebook.com/gkgjparadep.gkgj","උතුම් සියුරදාගෙන සියුරට නිගා කරන එවුන් රටෙන්ම එලවන්න ඕනැ"
"Dishan Sanjaya Perera","https://www.facebook.com/dishansanjaya.perera","මුව මහන කරන්න"
"Thushara Thalerathna","https://www.facebook.com/thushara.thalerathna.2025","නමක් තියාගෙන හිටපු  සංඝයා වහන්සේ නමක් , දැන් බලු ,වෙලා ගියා ."
"Rohan Ranasinghe Arachchige","https://www.facebook.com/people/Rohan-Ranasinghe-Arachchige/pfbid0s5ra9MUSbNzN85wavSFBJqBiBh1mP2hSxrPAyEF9fp9HQd647fAXqNcmaccbjg6Dl","Niyamai🔥🔥🔥❤️❤️❤️"
"Kalum Sanjeewa Kalum","https://www.facebook.com/kalumsanjeewa.kalum.3","Thopi thamai meka kewe"
"Chinthaka Lansakara","","Mun siwru horu.siwru dapu thakkadi"
"Saliya Bandara","https://www.facebook.com/people/Saliya-Bandara/pfbid02Qwufxu6gTvFBhNJpaZQ3KCZrp2tv6o7v3wQTU57S48pJv56pZPJeKjZdR5gytENKl","Elka Malli Atha"
"Kumara Singhe","https://www.facebook.com/people/Kumara-Singhe/pfbid0VJqgaGKnAEQanTv3BchJz2x21uJQtQQo8jxyw32GS9oRnxA8gLckn6c4h667Cgdhl","අනේ හාමුදුරුවනේ බයිලා ගහන්න එපා. දැන් මෙච්චර කාලයක් ඉතින් බයිලා ගැහුවා ඇතිනේ බෞද්ධයන් මේ ගානට පත් කරන්ඩ පි ඕවා දන්නවනේ මාධ්‍යවලින් ගියානෙ එව්වා හාමුදුරු කෙනෙක් වෙච්ච හම තියෙන්නේ බුදුහාමුදුරුවෝ දේශනා කරපු පරිදි ශාසනික කටයුතු කරගෙන ඉන්න එකයි රටේ නායකයෝ වැරදි කරනවා නම් සංඝයා වහන්සේ කරන්න ඕනෑ ඒවට කඩේ යන එක නෙමෙයි කරන්න ඕන දේ තමයි යහපත් මග හරින එක ගිහියන්ට වඩා අන්ත ජීවිතයක් හාමුදුරුවරු ගත කරනවා නම් සාසනය කොහෙද තියෙන්නේ කියලා හිතන්න තරම් පුංචි හෝ දැනුමක් නැත්නම් සසර ගමන ඔයාලගේ කොහොමද කියන එක හිතාගන්න පුළුවන්නේ ඔයාලත් ඉවර වෙලා ගිහියන්ගේ ජීවිතේ කාලකන්නි කරන ශාසනයක් නම් මේ ලංකාවෙ තියෙන්නේ වැඩක් නෑනේ වැරැද්දක් හරි භික්ෂුවක් කළොත් ඒක ඇවතක්නේ ඇවත් දෙසා ගන්න කටයුතු කරන්නැතුව ෙන වෙන දේවල් කරන්න අවශ්‍ය වෙන්නෙ නෑ . ගිය දේ ගැන පසුතැවිලා දුක් වෙනවට වඩා තියෙන දේවල් රැක ගන්න එක තමයි මම නම් හිතන්නේ ශාසනික වශයෙන් හොඳම දේ ල් මාධ්‍යවල හැමෝටම බොරු දාන්න බෑ නේ ද බොරු දැම්මත් ඒවා යථාර්ථයක් වෙන දවස ක් ඉතාම ළඟයිනේ ඒක එනකල් පොඩ්ඩක් බලාගෙන ඉන්න වා බොරුවට වාද විවාද කරලා වයිරල් වෙන්න ඕන නෑ, ගම්බද ඉන්න වා හැමෝටම තේරෙනවා කොතැනටද එන්න හදන්නේ කියලා අපට තේරෙනවා නම් ඔය දැනුම් සම්භාර ඉගෙන ගත්තු අපේ රටේ ඉන්න ළමයිට ් කොච්චර තේරෙනව ඇත්ද ඒක නිසා ශාසනික වැඩකටයුතු කරගෙන ඉන්නෙ නැතුව නිකම් බොරු වැඩ කරන්න එපා හාමුදුරුවනේ, වැදු අම්මටත් කන්න දුන්නු පියාටත් පව් නොදී පුළුවන් නම් මින් ඉදිරියට වත් හැදිලා බුදු පුතෙක් වෙන්න කියලා අවසාන වශයෙන් ඉල්ලනවා බොරු කරන්න එපා රටේ කවුරුවක්වත් ඒවා පසු පස්සෙන්ම පන්නාගෙන තමන් වටේ එන බව එක පාරක් නෙවෙයි දෙපාරක් හිතන්න වෙයි ද නැති කරදර කරේ දාගන්නේ නැතුව අපි හැමෝම තමන්ගේ පාඩුවේ මොකද වෙන්නේ කියලා බලන් ඉන්න එක තමයි හොඳම වැඩේ"
"Niutan Gajanayaka","https://www.facebook.com/people/Niutan-Gajanayaka/pfbid028JvoW8G5PijUA11eoFFuzqA4DH3ANQEa8yZ5qUSkvmXSyQiSRfUSxjPLasYXKsKNl","Mama hetiyanam ube amma  hik nawa kare ponmaya wesa ganaya tho pin batha"
"Dilhani Renuka","https://www.facebook.com/people/Dilhani-Renuka/pfbid02y3it1ypXJsUQ8cbe6c4hHAiy7q8XMh6kGfyWviyWmqUQDxooKa4vAc2hgvammsoKl","Thoth siwora fagaththa wanachariyekda koheda thopi wage ewon thamai sasane winasa karanne ."
"Asanga Sumendra","https://www.facebook.com/asanga.sumendra.2025","Topi vage bath balayo ennakan මෙරට හදන්න  බැහැ"
"Bede Anjelo","https://www.facebook.com/people/Bede-Anjelo/pfbid024bEm2d262BpUjtveb5nrk9cQVxgM6Z8PekAxuwuf31WTN4zzpGLF4H8yo7EoYHdCl","Ubala darmikai kiyala  ratama dannawa"
"Nalin Samarawickarama","https://www.facebook.com/nalin.samarawickarama","ඔබගේ ඔය හැසිරීම ධාර්මිකද?"
"Dm Chaminda Bandara","https://www.facebook.com/dm.chaminda.bandara.2025","Thomokada hamuduruwonta ahema katha karanna sakkiliya"
"Ramesh Ramesh","https://www.facebook.com/people/Ramesh-Ramesh/pfbid0hqxhHdMFFBSFXQ7b5Q5CnC7uFWUab7MpscJiVDVmuAC3kqp9Pjwoi2dMioQ1W48Fl","Ado IRC sadu"
"Chaminda Dissanayaka","https://www.facebook.com/chaminda.dissanayaka.194767","Anuradapuretama hitiye ekai mole thiyana"
"Kasun Jayasekara","https://www.facebook.com/people/Kasun-Jayasekara/pfbid02gyiwAQurbtx7PHPQzS1aGSLXLhZBsyn9qFMan15yfz9Ce4rTzV2h33ar1bHbHZhyl","Ara Katha karapu kena Muslim nam dhenata thawa jathiwadha satanak ethi karala ethi😂"
"Harshani Wan","https://www.facebook.com/harshaniwanigusuriya","Adikaranata apahasa karanna epa yako"
"Brian Lawrence","https://www.facebook.com/brianlawrence1975","Well said  brother"
"Gunathilaka Bandara","https://www.facebook.com/people/Gunathilaka-Bandara/pfbid0J88e9eqbV7qTDe5B2rQpBw3xwQNZp6NtgLwcadcWCbJ2G9RDp4gnGEvm7mfxXA2Vl","නියමයි මල්ලි"
"Prabhath Jinendra","https://www.facebook.com/people/Prabhath-Jinendra/pfbid0ExLBTKyoCX1F7WSjvUZaaw8W47PcXgyDaNigf2XziCkiFsEo9jcqxAiuxETNvyqUl","සුපිරි  මල්ලි"
"Buddi Sumanarathna","https://www.facebook.com/buddi.sumanarathna","Oya mahana wennako"
"Sureash Sangeewa","https://www.facebook.com/sureash.sangeewa","Ai ban mun mhama"
"Thilak Pushpakumara","https://www.facebook.com/thilak.pushpakumara.5437","Me siwrata niga karanawa"
"Rathnasiri Gp","https://www.facebook.com/people/Rathnasiri-Gp/pfbid026BXAw7QkLGAR6bkB8jGxFtkiWy1AeqPxHfotsqPr5yrKwTR9rUgvzrogusQvn6Sgl",". හොඳටම පැහැදිලි කරා ම මල්ලි උඹ ජය වේවා"
"Luk Luk Luk Luk","https://www.facebook.com/people/Luk-Luk-Luk-Luk/pfbid04oMuzLhEVzpZgAbVdbkF3nmqufWPL4fc42u7uYRqKBYnHMGEpZ4HX9FpoebGC1Zql","Ala kollekh"
"Gayathri Ekanayake","https://www.facebook.com/people/Gayathri-Ekanayake/pfbid02uXVxAzTyG1Q1p4Tkugd8m8UZGRQcuPtq9goHdCZSbeALSDrWmrcxDVnxSy2toGMnl","මහින්ද රාජපක්‍ෂ  ධාර්මික හන්දද  රටේ ම දේවල් හොරාකෑවේ"
"Jayarathna Wedathanthri","https://www.facebook.com/people/Jayarathna-Wedathanthri/pfbid031L5uycZNVULCN5ag9pn6abZtjPke41u6gfpHmw7NYEDe9AxM9NnQ7JxiSSu5H6J1l","ධාර්මික.ද.හුත්තෝ  හොරකම  කරන  එක"
"Trevin Benjamin","https://www.facebook.com/trevin.benjamin.2025","Meka deparak hire edala thiyenawa kiyala aranchiyak thiyenawa"
"Thiruwana Kankanamge","https://www.facebook.com/thiruwana.kankanamge","M.ugeth,,,,,,,,,puke,,arina,,9ona,,mole,,,pedena"
"Harischandra Sudasingha","https://www.facebook.com/people/Harischandra-Sudasingha/pfbid0yTRTZBVnCTk88h6KSYEetLqJ1rvg1PsPJ6z2VSza2CJPKLgX6TTABEF3LMCzMtEol","පටන් ගත්තා විතරයි සෙට් එකටම කන්ඩ වෙන්නේ කල්පනාවෙන් පච්ච කෙළ කල හිටපල්ලා. බුද්ධ ශාසනය කන්ඩ ඒ ඇතුළට රිංගපු කුහක දුෂ්ට තිරිසන් සතුන් බලා"
"Sujith Mahendre de Silva","https://www.facebook.com/sujithmahendre.desilva","Oya Tika gnanasatata kiyala deela thibbanan ada ohoma wenne naha"
"Madu Wanthi","https://www.facebook.com/madu.wanthi.881580","ඇත්ත කතාව ඇත්ත මල්ලි"
"Chaminda Bogahalanda","https://www.facebook.com/chaminda.bogahalanda.7","පිනට  දෙන  බත් එක කාලා  පාඩුවේ ඉන්න"
"Matheen Makeen","https://www.facebook.com/matheen.makeen","Hoththo.pansalea.vedac.karagana.hito.pakayo"
"Kumara Lasantha","https://www.facebook.com/kumara.lasantha.359","සිවුරු  රඳවන  goneak"
"Chinthaka Perera","https://www.facebook.com/people/Chinthaka-Perera/61556891549701","යකෝ  අපිත්  බනිනව මුන්ට"
"Isuru Rathnayake","https://www.facebook.com/people/Isuru-Rathnayake/pfbid02uU7bJi4xUmfz7F6WitRfPDWnyD4hntet2x4n3qX2N28wdsLPjdA7WmRJtGgbUtfal","Mokada ma tawath gon harakak u alla waga gon miee harak sinhala budda kama nati tirsan u  hamdruwanta budu saranai"
"Kumaru Kumaru","https://www.facebook.com/people/Kumaru-Kumaru/61589650740821","Pissu me kaha"
"Senavirathna Smr","https://www.facebook.com/people/Senavirathna-Smr/pfbid0eBz4hV3o7x7pxpr1R6i4aHdreTUdHaWdv8DkbdF2uCijJMKiHnAc2XUtYRgcr9u6l","බත් බැලයෝ😭"
"Ajifath Roserose","https://www.facebook.com/ajifath.roserose","Takkadi horu"
"Athula Kumarasiri Edirisinha","https://www.facebook.com/people/Athula-Kumarasiri-Edirisinha/pfbid02qEW1NufpaHcRRk5bUFLPvWNhnF6M68viDDep2vky5hwcm2uK9EwhpdhtBzZKjFdKl","Anapala Pala yanda siragalola hukanna"
"Senadeera Priyantha","https://www.facebook.com/senadeera.priyantha.7","මේ දවස් ටිකේ කමෙන්ට් බැලුවනම් තත්ත්වය දැනගන්න තිබුනා ....මුන් දෙන්නම යන්න ඕන....රජු ධාර්මික වෙන්න කලින් හාමුදුරුවෝ කියාගන්න එවුන්ටත් ධාර්මික කමක් නැහැ නෙ"
"Abdul Gaffoor","https://www.facebook.com/abdul.gaffoor.347635","Oya eththada kiyanne musawada pancil pade kadanawa"
"Nilusha Weerakoon","https://www.facebook.com/people/Nilusha-Weerakoon/pfbid037peATBFBfqs4LsiWC4vsFWfZN64ZrkzQ1kM4cKjm18R15i7f1npYjBYxJsyQi1wUl","Banak bawamawak karan hitiya nam ochchra naliyanna deyak nane"
"Pradeep Roshan","","Mun wage un nisa tamai buddagamata kelawenne"
"Lashini Amarasinghe","https://www.facebook.com/lashinin.nuwandika","ඇත්තම කියලා.. සිවුරු හොරා"
"Rajakaruna Prasad Karunaratne","https://www.facebook.com/rajakaruna.prasadkarunaratne","උබලට පාරේ බහින්න දෙන එක තමයි වැරද්ද. තොපිට ඉස්සර කිසිදෙයක් පෙනුනේ නෑ.මුන් රට ව්නාස කරන නරුමයෝ."
"Sachith Balasooriya","https://www.facebook.com/sachith.balasuriya.9","කවුද බන් මේ කාබේරි ටොපා🤣"
"Niesa Niesa","https://www.facebook.com/people/Niesa-Niesa/pfbid0hvDkemRZHuKV9WvNF16pQymYibvdLuRTYGQ9JsskjxcE7PMK9FeojgLKJKQ8h154l","Aiyaa oya good 👍👍👍👍👍👍👍"
"Premasiri Fernando","","මේ වගෙ සක්කිලියන්ගෙ චීවරය ගැලවිය යුතුයි"
"Sunil Wikramasingha","https://www.facebook.com/sunil.wikramasingha.497617","මේවා පොඩි පොඩි වැරදි තමා බං"
"Farhana Badurudeen","https://www.facebook.com/farhana.badurudeen","Niyamai"
"Muditha Saranga","https://www.facebook.com/sara.rox.7330","මුගේ මූනෙ හැටි යකෙක් වගේ.කිසිම පිංවන්ත පාටක් නෑ ගෙරි ගනයා"
"Asanga Mekhala","","ඔබවහන්සේ ධාර්මිකද අනේ මේ..."
"Amith Kumara","https://www.facebook.com/amithkumara.amith.9","කැරි ගනෙයෙක් ආඑ ඇවිත් කොහෙන්ද යකො මුන් එන්නේ ඇ"
"Madusanka C Chana","https://www.facebook.com/channaasela.madusanka.7","තිත්තගොල්ල 😂😂😂"
"Ananda Rupasingha","https://www.facebook.com/anandarupasighha.rupasigha","අනේ අපේ හාමුදුරුවනේ පිස්සු කෙලින්නේ නැතිව ඉන්නවද ඔබ වහන්සේට පුදුම ගෞරවයක් මහජනතාව අතර තියෙන්නෙ ඒක නැති කරගන්න එපා"
"Upul Mahinda","https://www.facebook.com/people/Upul-Mahinda/pfbid02JdWTDiKhwpWPbhPJFZXECWZJzCGfPpBGfu5Tsa8gcw9BMKPFrRQXPRRya9ya8kCel","මෙයා මැරයෙක් වගෙයි හමුදුරුවෝ කෙනෙක් වගේ නෙවෙයි"
"Bhanthe Wineetha","","පාරවල් වල අත්සන් හිඟාකන එකටනම් මාත් විරුද්ධයි. ඒත් ඊට වඩා පෝස්ට් එක දාපු මේ සක්කිලි ජෙප්පා අජූතයි."
"Gerad Peiris","","ටැක් පොරට"
"Supun Kulathunga","https://www.facebook.com/profile.php?id=100007433914695","උගෙන් සීලේ හොයන්න එපා කියපු ඤානසාරයද එතකොට ධාර්මික 😅"
"Manju Bmask","https://www.facebook.com/manju.bmask.3","තවත් බල්ලෙක් කහ චීත්තෙ පොරවාගත්"
"Fernando Gayan","","අනුරාදපුරෙ කොහෙද බං මොලෙ තියන උන් එකෙක් ඉදපු එකත් ලෙකු දෙයක්"
"Wanigasinha Guruge","https://www.facebook.com/wanigasinha.guruge","😂 දෙන්න එපා සමාව"
"Sadharuwan Sadharuwan","","Thol kalui policeyen Aran yai balagena😂😂😂😂"
"Kumar Kumar","https://www.facebook.com/kumar.kumar.749426","Palayan miyarak"
"Janaka Upul Kumara","https://www.facebook.com/people/Janaka-Upul-Kumara/pfbid0z3w4XDzZZXDr4N7cCAjj2JBR4pDW7SmXzmGJfGsP8kG4WfFbKYQmaDjAPvhBGCTBl","මුං බං සිවුරු හොරුනෙ"
"Sampath Sampath","https://www.facebook.com/sampath.sampath.71013","Siurak dagena inna thopi darmikada wal sakkiki ganayoo"
"Jeewantha Nagodage","https://www.facebook.com/people/Jeewantha-Nagodage/pfbid02NEeSj4HDcVJ52UBKzctH5f6zXprJ151xD8yykAeEH4TpuoUsQvcjW3SbZuUzM7S4l","Ea.ekakiyapude.harigiyaneda.pakayo"
"Sandya Sandya","https://www.facebook.com/people/Sandya-Sandya/pfbid0ZDtTRcREF1yCdDmdudosfV4PadtDLEiqcVDmBe7mzojitjhybNiaKLrYcdip7xool","මෙකා පිස්සෙක් සිව්ර ගලවපන්"
"Janaka Perera","https://www.facebook.com/people/Janaka-Perera/pfbid0k4PiuCZJr84TShw9QPYrBi2y2jvt819GtWsqj8MhE2HNGugDdyvU6CDpsXNJYa2Jl","DANE KALA BANAK KIYALA BUDIYAGANIN"
"Indika Pta","https://www.facebook.com/people/Indika-Pta/61584937756483","Ane pako"
"Niroshani Yapa","https://www.facebook.com/niroshani.yapa.2025","පිස්සෙක්"
"Pradeep Dissanayaka","https://www.facebook.com/people/Pradeep-Dissanayaka/pfbid02F8vZYzvsfBx14z9Ge4HiBZc3vcsqQuS5T8g5praBJyZ1pAa9dcSX6Gh1bhrn9XTRl","මුගේ මූණෙන්ම පේනවා කාලගෝලයා වගේ කාලකන්නියෙක් කියලා"
"Tuwer Gamage","https://www.facebook.com/people/Tuwer-Gamage/pfbid0ERyH2zAT7XxrBueHEx7CVahquYQq5YEWgHa6Fh7N8oMYdBAzHHVbLwoWGk4L1PM9l","තිත්ත ගල්ලේ ඔයා දගලන්නේ ඔයත් වංචනිකයේක් නිසා ඔයා සල්ලි තියන එත් මානසිකව පිඩා විදින මිනිස්සුන්ගේ දේපල කොල්ාකන පුද්ගලයේක් මිනිස්සු යාන වාහන ඉඩකඩම් ඔයාට ලියලා දිලා ඔයාගාව මහන වේනවා ඔයා කරන්නේ එ දේපල විකුනලා සුපොපබොගි ජිවිතයක් ගතකරන එක අන්තිමට අර මිනිස්සුන්ට උන්හිටි නැතිවේනවා මේයාගාව දර්මයක් නැ කියලා දැනගත්තම තමයි තේරේන්නේ අපි අහුවුනා කියලා මේයා මේ ලගදි ගත්ත වාහනේ BYD කොටි දේකකට වැඩි වාහනයක් අනුන්ගේන් නිකන් ලැබේන දේපල විකුනලා තමයි මේ හැම දේම කරන්නේ මේයාගේ ගැලවිමට මේයා කරන්නේ ලමයි ටිකකට උගන්වන මුවාවේන් ආදාර එකතු කිරිම"
"Sarath Weerasinghe","https://www.facebook.com/people/Sarath-Weerasinghe/pfbid034Y51TXETfZSEWP7NQGBeYpEfntzbJiDbWXgNGESxj9v7z6YsQQfAuyS58kLDALzNl","තිත්තයට ඇඩෙනව ."
"Ajith Prasantha Wahalathantrie","https://www.facebook.com/ajithprasantha.wahalathantrie","Kalakani balla"
"Sankalane Perera","https://www.facebook.com/sankalane.perera","මේ වගේ කාලකන්නි ඉන්නකම් ලංකාවටත් පවක්"
"Momo Aa","https://www.facebook.com/momo.aa.2025","A ati yako horunta. Kadayana balla"
"Hamine Hamine","https://www.facebook.com/people/Hamine-Hamine/pfbid0vtZwMi9rzLo1WF57yhEQymwYvC14XFfFfCQFfuQw9M7QfyyRFpV5SaAYx4wSYJwDl","Atsan.dunne.uroda miharakda.kiyapanko ban.oya ganaya rajapaksa.nikaye.ekek tanikara wasiyata andai tanikara.batbalaya"
"Duminda Tharanga","https://www.facebook.com/duminda.tharanga.925","Niyamai machan"
"Ajith Fernando","https://www.facebook.com/ajith.fernando.501598","යකෝ තින්දුව දුන්නේ අනුර්ස්‍යි, ටිල්විනුයි නෙමේ, අධිකරනයෙන්,  අධිකරනයට අපහාස කරන්න්න එපා"
"Rajapakshaga Nimaljayathunga","https://www.facebook.com/rajapakshaga.nimaljayathunga","ඕකා පිස්සෙක් දන්නෙම නැද්ද මෝඩයා කොල්ලා නියමයි නියමයි බුදුසරණයි ඔබට"
"Prabath Manjula","https://www.facebook.com/prabath.manjula.750675","ඔබ වහන්සෙලත් ධාර්මීක නැහැ නෙද"
"Nuwandi Lakmali","https://www.facebook.com/nuwandi.lakmali.1","ඇයි ඹයාලා  සිවුරැ  දාගන  මේතරම් වැරදි දැකක  බෙරැ  වපුරන්න  එපා  ඔය සිවුර  දාගන  ⁣අපිට  පේන   දේ  සඟවන්නේ  භවනා  කරද්දි  හිතන්න  අනුර  ජනපති  නවනම්  අද  ලක්කාවක්  නැ  ඇයි  අප්පා  ඹක  ⁣දැන්  ඉන්න  පොඩි  ලමයිටත්  තේරේනවා  ඔයාලට  තෙරේනැ  කියන්නේ  අන්න  එතන  තියෙනවා  අපිට  ඹයාල  ගැනහිතන්න  යමක්  කාටවත්  කඩේ  යන්න  එපා  කසේරැව  කෙළින්  තියන්  වැඩ කරන්න  අපි කාලයක්  මහින්ද ගෝඨා ගෙනාවා  ලංකාව  හැදුවද  නැ  ඉතින්  අපි  ගෙනාවා   අපිම  වෙන  කෙනෙක්  ගෙනාවා  ඒතමා  අනුර  ජනපති   ඉතින්  මේ  පාරතමා  අපේ  කතිරේ  හරිම කෙනාට  දුන්න  නිසා  අපි  ඉන්නේ කියාගන්න  බැරි සතුටකින්  සවුරැදාගන  කාටවත්  කාඩ්  යන්න එපා  ඔයාලා  ගණන්  ගන්නැ හෙද  හමුදුරැවරැ කොච්චර   ඉන්නවද  ඔයාලා  ලක්මාතාවගේ  හතුරෝ"
"Aswath Shakeeb","https://www.facebook.com/people/Aswath-Shakeeb/pfbid0TV8C25jwVtFthDophqW8AjdN82TxBta3FjjsWJTBvD7zEk2tiKA3VTY3bEnPDndHl","Super bro"
"Shanuad Savinidu Dehan","","මුගෙ හැටි..යකා    වගේ"
"Subhadra Mehenin Wahansa","https://www.facebook.com/subhadra.mehenin.wahansa","භික්ෂුන් වහන්සේ නමකට කතා කරන්න ඉගෙන ගන්න ඉස්සෙල්ලා"
"Mhd Siddeen","https://www.facebook.com/people/Mhd-Siddeen/pfbid02s8asFCSeNR78KghVCfxbTWFH4CcDiupFydjdzH9Tc1SQhVRCavGz3NuDr6CC24jHl","Saakki puke gahaganin huththo"
"Tharidu Mirisage","https://www.facebook.com/people/Tharidu-Mirisage/pfbid0dzdHTAv8jKsTG19nShR2mHAjQpVqEJmWS725oPQu2tTmHke4gdotg6ZAynyeRZdpl","Galagodavatte gu gihin neda"
"Dammika Malkanthi","https://www.facebook.com/people/Dammika-Malkanthi/pfbid02LdAP3aE8vpyy3GGvSqygGQ986F2FdZGNQaBzyyZ3u7dqEgEcokNuwNZ7mw9KDZxWl","තවත් මෝඩ හාන්දුරුවෙක්"
"Indika Manoj","https://www.facebook.com/indika.manoj.368859","කාගේද යකෝ වැරදි නැත්තේ . බුකියේ වැලලෙන උන් හොද උන්ද. උඩ බලාගෙන වැලලෙන කාලකන්නි සිංහලයා. මුස්ලිම් මිනිස්සු දිහා බලලා හැදියන්"
"Dilini Sandamali","https://www.facebook.com/people/Dilini-Sandamali/61591381952413","Me ganayath rajapaksha ge ganayek ne"
"W.R. Lakshman Fdo","https://www.facebook.com/w.r.lakshman.fdo","හොරෙක් ආරක්ෂා කරන තවත් හොර gan අයෙක්"
"Monaj Wikramasinga","https://www.facebook.com/people/Monaj-Wikramasinga/pfbid02BxMncVRkiQNbj8Fu3NkKFrik1kvit9vSW8TtbGegr7UCBUbetrPWo1YF4vNsCVRjl","Ubala wasigaputa"
"Yoonchae Sunghoon","https://www.facebook.com/people/Yoonchae-Sunghoon/pfbid02DsXzJokKo33ukJX3cbpLUNEWpsTmGen8bTrWDa73L6ibSAQMcSDyK5ULVEqR6pepl","Mewa dakkama ange malu gange natanawa yako"
"Karunarathna Bandara","https://www.facebook.com/people/Karunarathna-Bandara/pfbid0CnJZ8geyhY1sVao95sB8gUPohjKzTMzQVQEJM2qGJSAPJETMSoLQiHD1nxzy4rjQl","Nodakin gota sakkiliya"
"Liyanage Niroshan","","Okat bon akak"
"Anura Rathnayake","https://www.facebook.com/people/Anura-Rathnayake/pfbid023uA8yUfu9aXMi7BVRzZcZRt1bvP8rCGABTFrx3Hd2j9MuybQvpt3vntSsmrBxZ7pl","හාමුදුරුවන්  සමගයි අපි,"
"Kapila Silva","https://www.facebook.com/kapila.silva.334065","මූ සිව්රක් දා ගෙන පිස්සු කෙලිනවා බුදු දහමට නිගරු කරනවා සක්කිලි ගණයා"
"Pradeep Rdc Pradeep Gunasekara","https://www.facebook.com/people/Pradeep-Rdc-Pradeep-Gunasekara/100004883235183","Eka sinhayek hari a tawon eke hitya eka gana satutui atthatama"
"Wasantha Pothupitiya","https://www.facebook.com/wasantha.pothupitiya.2025","Ane  paleyan  harakek   sasane kanawa"
"Fariz Friz","https://www.facebook.com/fariz.friz.39","Wwradikarayo welawa enakota dewito daduwam dey"
"Ajantha Gamage","","මෙ කාලකන්නිය සිවුර දාගෙන මොන අපායෙ යන්නද මෙ"
"Dammika Botheju","https://www.facebook.com/people/Dammika-Botheju/pfbid0P9BDtXZskNtLCpsLADinVYCtQRPLHmdCNcn9TGskZJn2Nv7bitqRSCfW26L4Sy68l","Pala.horaganaya.yanda.dana.dana.kala.apa.budu.sasuna.rakapalla.oya.hif Ana.ganaya.passa.yanda.apa.ubala.monawa.kalath.oka.yana.aka.nawastandard.ba.ghin.waren't.ahandmade.sara"
"George Augustine","https://www.facebook.com/george.augustine.875185","Anee palayan yanna kaalakanni yo."
"Ayesha Rajawardana","https://www.facebook.com/ayesha.rajawardana","Apita paw purawanna apaaaa hodin kiyanne"
"PushpaKumara Lalith","https://www.facebook.com/lalith.pushpakumara.752","උබත් නානසාරවගේ එකෙක් වෙන්න එපා ඒවගෙ උන්ට අපේ රටේ දැන් ඉඩක් නෑ ඉස්සරවගේ  සියුර දාගත්තට මිනිස්සු ගරුකරන්නෑ මොකද දැන් ඉන්න මිනිස්සු උබලට වඩා බුද්දිමත් උබල ගහන ගේම් දැන් මිනිස්සු  දන්නව"
"Rafeek Mohamed","https://www.facebook.com/rafeek.mohamed.304259","Neethiya Neethiya thamay hemotama methana saadu la the lebbay la the Hindu christian kawuru unath neethiya ekay"
"Suresh Deshapriya","https://www.facebook.com/suresh.deshapriya.77","අනේ තට්‍ටයෝ සිවුර අයින් කරපන්  තෝ අවිස්සාවේල්ල  පැත්තට වරෙන්කෝ"
"Danuska Weerasekara","https://www.facebook.com/danuska.weerasekara.1","Weradi karatho yannama wenawa ape hamuduru wane"
"Pramil Madushan","https://www.facebook.com/pramil.madushan.2025","අඩෝ මු මතුගම ජගත්ගේ මල්ලිද ? පෙනුම, කතාව එමමයි 😅"
"Imalka Wanniarachchi","","අනෙ උබගෙ සිවුර ගලවලා ගෙදර යමන් පව් නොදි"
"Sadun Wickrama","https://www.facebook.com/people/Sadun-Wickrama/pfbid02Jhsqy49nvFJ6YSjuog9aLHP4rjjA5Fo4nbdVcMk5EDZiZnnAM5dp55k4MKTJG8yil","Aathal denna epa adee 😁"
"AN Bandara","https://www.facebook.com/niluka.bandara.98","සබ්බේ නිස්සාරනා අනිච්චාතී කියලා මුන් සිවුරයි තට්ටෙයි මාකට් කරන එකානේ කරන්නේ"
"Tdanapalan T Dana Dana","https://www.facebook.com/people/Tdanapalan-T-Dana-Dana/pfbid02Y5GZszmeLsBChXvWg6wTftsfAFpSdSiHQKEhCVnVpjTFQWRsaxoDg7mvj5ypKXkkl","Malli  Superior post aka budu saranai."
"Duminda Jayalath","https://www.facebook.com/duminda.jayalath.980967","උඹ ධාර්මිකයි 😡පල ගෝතයා"
"Shyamal Shyamal","https://www.facebook.com/people/Shyamal-Shyamal/pfbid05oa4TbcDAVKW1vhVmL99h42NwVHjM9k7E3qVSz3omMu13b23p2D5KpgtZpAZnABPl","පුත්තවල්ලේ තමයි ඇඹිලිපිටියේ නොන්ඩි කමලක්කවයි.දුවයිනියන් සුව යැව්වේ"
"Sanjeewa Sandanatha","","ඉස්සෙල්ල තොපි ධාර්මික වෙයන් 🤮"
"Dinesh Nishanka Perera","https://www.facebook.com/dinesh.nishanka.1983.05.07","Muuu saadu kenekda??????? Galee bawsar paraadainey Muuge katata  //////"
"Shasha Dino","https://www.facebook.com/shasha.dino.2025","කහාකඩ එකෙකුට කන්න දෙන්න එපා ආයේ"
"Ruvan Senewirathna","https://www.facebook.com/ruvan.senewirathna","Mokatada oyataram kakkumak maya ganat balanna ona"
"Ajith Priyantha","https://www.facebook.com/people/Ajith-Priyantha/61578832282853","කරුමෙි කියන්නෙ බන් මුත් සිවුරක් අැදන් ඉන්නෙ නැත්තමි අප්පාගේ ඉදලා මුටත් කියේනවා සිවුර නැත්තමි"
"Rakshapanage Indika","https://www.facebook.com/rakshapanage.indika","උබලා පැවිදි වෙලා කරන වැඩ හරිද . සිවුර දාගත්ත පලියට පැවිද්දෙක් වෙන්නේ නෑ . කඩේ නොගිහින්  සිවුරුට අදාල දේ කරානම් ඉවරයි . සිවුර දාගෙන පජාති වැඩ කරකර එනවා කියවන්න අඩුම තරමේ මුන්ට දායකයන් විසින් වසර ගනනාවක් දානේ දුන්නත් මුන් ඒ දායකයින්ගේ මලගමට එන්නත්  පිංකමකටත් මුදල් ඉල්ලන ජාතියක් වෙලා අපි පිනට මුන්ට කන්න දුන්නට මුන් පිනට අපි වෙනුවෙන් කිසිම සිරිකිතයක් නැතිව මිල ගනන් කියන අමන පිරිසක් තමයි මේ සිවුරු කාරයෝ . හැමෝම නෙමෙයි ඉතාම සුලු පිරිසක් සීලය රැකගෙන ඇත් උන්නාන්සේලා හැර . මේකේ ඔය දග දාන උන්ට කීවේ මුන් තනිකර මැරයෝ"
"Gauthama Kaththirige","https://www.facebook.com/people/Gauthama-Kaththirige/pfbid02WFzQrdCuPoHe6rTt56R7CikRSohSJFQhpbDtxkWtGeYLnt3nNti5faKS2DEXBNyVl","මුට පිස්සු"
"Gamini Jayarathna","https://www.facebook.com/people/Gamini-Jayarathna/pfbid02CNiJygjVjtYLejb6x37R91kD3JkP1BJksHtDo1oPnT2HFbeFjJe7znisQawvhKCdl","සිවුරලුවො ගහලා පන්නන්න ඔන"
"Madu Maduu","https://www.facebook.com/people/Madu-Maduu/pfbid0jM13P9sdA26jpTg13SpGMDERjE3ZxbcFBx6RP48iBLSUdcHQpq1PJqsi9EiRX8Rgl","අෑත අතීතයේ හිටපු හාමුදුරැවරැ කෑලෑ වල පන්සල් හදාගෙන පුලුවන් විදියට උයා ගෙනත් කාලා..පිණ්ඩපාතේ වැඩලා ගමට  රටට දෙයක් කරන්න අනාගතේ ගැන හිතලා පන්සල් දියණු කලා....අපි අදටත් එ් පැරණි පන්සල් වලට ගිහින් එ්  වා බලනවා..සමහර දේවල් කරාද කියලා එිතා ගන්න බැරි තරමි පුදුමාකාරයි...එ් තැන් වලට ගිහින් වැද පුදා ගන්න කොට හිතට පුදුමාකාර සැනසීමක් දැනෙනවා..දැන් එ් වගේ චීවරයට ගරැ කරන උතුමි බුදු දමහ රකින හාමුදුරැවරැ හරි අඩුයි...හැම දේටම එයාලත් දේශපාලනය ගැන කතා කරනවා..බණකට වැඩියත් කතා කරන්නේ දේශපාලනය..වංචා..දූෂණ ...හරියට කතා කරන්න වත් දන්නේ නැති අය ඉන්නවා..දේශපාලනය කරන අය පන්සලට අැවිත් බණ කියලා දෙන්නේ නෑ හාමුදුරැවන්ට ..එ් උනාට හාමුදුරැවෝ ස්ටෙිජ් නැගලා දේශපාලනය වෙනුවෙන් කතා කරනවා..හරිම කැතයි...."
"Jagath Wickramarathna Perera","https://www.facebook.com/jagathwickramarathna.perera","රට ජාතිය ආගම විනාස කරන අවජාතකයෙක් මූ.උඹ සිංහල බෞද්ධ වෙන්න බෑ."
"Wimalasurendra Madurasingha Mudiyanselage","https://www.facebook.com/wimalasurendra.madurasinghamudiyanselage","Ane sadu mahansi wenna oya Budda chiwaraya galawala dapan."
"අභිනීල දෙනුවන්","https://www.facebook.com/people/%E0%B6%85%E0%B6%B7%E0%B7%92%E0%B6%B1%E0%B7%93%E0%B6%BD-%E0%B6%AF%E0%B7%99%E0%B6%B1%E0%B7%94%E0%B7%80%E0%B6%B1%E0%B7%8A/pfbid0w9e5cuwrwgLZUHXB3FRq4tqjcvpD8rgsA2weGd6rAqqoxZi7bFTKHnZx32nXWowXl","අර   බුදු  දහමට   අපහාස  කරල   එකෙක්  හිරේ  ,  ඒවා   පේන්නෙ   නෑ  නේද"
"Ravindra Dias","https://www.facebook.com/people/Ravindra-Dias/pfbid0hxJ6vcmGvxA2VcZCnR7KM78ikwKjVGqPKiJkZH3AgtEc6dX4RA6hmydzQRQNYvr6l","සිවුර පොරවන නිගණ්ඨයන්"
"Nandana Ekanayake","","දෙන දෙයක් වලදල වෙන දෙයක් බලාගෙන ඉන්න හොදේ 😄"
"Nuwan Nalidu","https://www.facebook.com/people/Nuwan-Nalidu/61577771316024","කහකඩය"
"Lasitha Manoj","https://www.facebook.com/lasitha.manoj.873447","Labba tamai"
"Anwardeen Idrees","","ඥානසාරගේ ගෝලයෝ තමා මෙවුන් ඔක්කොටම වලින් මෙවුන් ටික අල්ලලා හිරේ දාන්න ඕනේ"
"Ananda Amarasinghe Kankanamge","https://www.facebook.com/people/Ananda-Amarasinghe-Kankanamge/pfbid02jT173dnzQRgZH34HkCQvBVQcLv1MAcuFAPSTpraw5iBbPCDWoFPGHxqh2AoiSs3l","මෙන්න මුංටික කොහේ හාරි තැනක ගාල් කරන්න තියනවා නම් රට හදන්න ලේහේසියි"
"Chandrika Kariyawasam","https://www.facebook.com/people/Chandrika-Kariyawasam/pfbid0BXMHz4rRi2Z3tTc6t2L6XxgoDufpSitXcQBtHCXwe1R3rer9XnwrdWiCZnrpPP6Vl","ගූඩ් ගූඩ්"
"Irfan Irfan","https://www.facebook.com/people/Irfan-Irfan/61587538391120","Palayang thattaya"
"කැප්පෙටිපොළ වගේ","https://www.facebook.com/malk.otuwa","කව්ද මේ අමනයා"
"Damith Wickramaarachchi","https://www.facebook.com/damith.wickramarachchi","Ane uba hamsniysn ganagefiya hukshsn paksys"
"Asà Messina","https://www.facebook.com/asanka.balasuriya","තිත්තගල්ලේගේ පුකේ ඉත්තෑවෝ 👉🤮😂"
"Dinesh Gayan","https://www.facebook.com/dinesh.gayan.94","ආගමික නායකයො දේසපාලනය කතා කරනවා දේසපාලකයො ආගම මුලට දාලා චන්ද හදාගන්න හදනවා.දෙපැත්තටක්ට වෙලා පාඩුවේ ඉන්න කියන්නත් බැ ඉතින්.මොකද ඉංග්‍රීසි  කාලෙ ඉදන් ගොඩක් මේ රට බේර ගන්න මිනිස්සු එකතු කරේ මුලික තැන ගත්තේ හාමුදුරුවරු."
"Chamara Chathuska","https://www.facebook.com/ccpathirana","අනුරාධපුරයේ  මොල යක් නැති වුන් චන්දෙවුන්"
"Sameera Sampath","https://www.facebook.com/people/Sameera-Sampath/100017526040048","පිනටදෙනනදෙ කාලා ධාර්මිකව ජීවත් වෙයන්.."
"Us Gunathilaka","https://www.facebook.com/people/Us-Gunathilaka/61589086927762","අවබෝදය සදහා මග පෙන්වන අයට ගහන්න එපා ඒක තමාගේ මනසේ හැදෙන ලොකුම පාපයක්.අනික ඒ අයගෙන් ගැලවුනු අය ඉන්නව.ඒ අයට ඒ කුලකය ඇතුලෙ පනිවිඩය ඇහිල ගමන තීනව. ඔබට ඔතැන නොවෙන්න පුලුවන් වෙන තැනක් තාම හමුවෙලා නොතිබෙන්නත් පූලුවන් .එක තමා මේකෙ හැටි.අනික ලෝකය මනසේ ගොඩ නැගෙන්නක්.හැමදාම සාමාජ් මාද්‍ය බලන අයට තමාගේ මනස ඇලීම් ගැටීම් ඒ එක්ක තමයි හැදෙන්නෙ. ඕකවත් ගොඩක් අය දන්නෙ නැ. ඉතින් නිකන් ඉන්නකොට කේන්තියක් අර මනසෙ ඇති දෑ එක්ක මතුවෙනව.එතකොට සමහර අයට හිතෙන්නෙ අරක වැරදී මේක වැරදී කියල. ඒකයි බුදු හාමුදුරු වො කිව්වෙ මට බයින කොට ඔබට දුක එන්නත් බැ.මගේ හොද කියන කොට ඔබට සතුට එන්නත් බැ කියල.  දර්මය යනු මනසේ ක්‍රියාවලියමයි. ඒකටමයි ඔයාල අහුවෙන්නෙ.මනස කර්මය නිශ්පාදනය කරන්නෙ. විඤ්ඤාණ ය කියන්නෙ මනසම තමා. එතකොට විඤ්ඤාණ ය තමයි නාමරූපය හදල ලෝකයක් ඔයාට ඇතුලින් පෙන්වන්නෙ. ඒ ලෝකය එලියෙ නැ.  එලියෙ තීන්නෙ සතර මහා දාතු රූපය.එක මනසට දකින්න බැ. මනස දකින්නෙ අවිද්‍යා ව හරහා එන රූපයක්. ඒකයි අවිද්‍යා පච්චයා සංකාර කියන්නෙ. ඒ චක්‍රය යනවනම් ඒ අය පෘතග්ජන අය. දර්මය අවබෝද කරනවා කියන්නෙ තමාගේ මේ සිතේ සැකැස්ම අවබෝද යෙන්ම දකින එකට.  ඔයල උඩ දාගෙන බැන්නට ඔය කාට කාටත් අවබෝද අය මෙව්ව බලන කොට ඔයාලට හිනා වෙනව.අන්න අරූ තාම මෝඩය කියල අනික් අයටත් කියනව. මේ ලෝකෙ අනාවබෝද අය වැඩී. ඒ අය මෙව්ව අස්සෙ ලෙඩ වලට පැටලෙනව. අන්තිමට එව්ව තම මනස හරහා වදයක් වෙනව.ඊට පස්සෙ ලෝකය එක්ක ගේම ඉල්ලන්න ගිහින් සතර අපායට වැටෙනව.  ඔය හාමුදුරු වරුත් ඕක දන්නව.ඒ හාමුදුරු වරු ආයි අමුතුවෙන් ඔයාලගෙන් ලබාගන්න දෙයක් නැ. අනික පැවිදි බිමම කාම ගිහි ගෙයට වඩා ශාන්තයි. නමුත් පැවිදි උනා කියල කාමය නැති වෙන්නැ. නමුත් කාමයත් සිතේ පුරුද්දක් කෙලේසයක්. එකයි ඉවසන් ඔය සිවුරෙ ඉන්නෙ...අන්තිමට බැලුවාම මුලු ජීවිත අත් දැකීමම උපාදානයක්මයි. ඒ කියන්නෙ කෙලෙස් මතින් ජීවත් වීමක්. පෘතග්ජන අය කරන්නෙ අලුතින් කෙලෙස් එකතු කිරීමක්.  දදය කහන්න එක එක උපක්‍රම තමා හොයන්නෙ. දදය හොද අයට උපක්‍රම ඕනි නැ.  කාමය කාම ගින්න එක්ක ගන්දය හා බැක්ටීරියා හා අසූචි වගේ පහලම දාතු එක්ක තමා සම්බන්දය. රුපාවචර ඊට් වඩා පිරිසිදුයි. අරූපාවචර ඊට වඩා පිරිසිඳු යි..නිවන ඔක්කොටම වඩා පිරිසිදුයි. නිවන මේ දැන් ලබල ඔයාල එක්ක ඔයාල සමග ඉන්නව එයත්.නමුත් එයාගෙ මනසේ අර එලිය මෙහෙම යි කියල දකින මානසික මුලාව නැ.  සබ්බං රූපං අනාරම්මනං.  ඒ කිව්වෙ රූපය අරමුනු කල නොහැකි. එතකොට ඔයාල ඇරමුනු කරන්නෙ රූපය බලල හිතේ රූපයක්. ඔය එලියෙ බඩු බාන්ඩ වලින් අහල බලන්නකො ඔයා පුටුවද ඔයා මේසයද කියල.එතකොට ඇත්ත කියයි. ඒ වගේම මේ හාමුදුරු වොත් හාමුදුරු කෙනෙක් කියල අහුවෙන්නෙ මනසේ මායාවට. නැත්නම් ඔතන හාමුදුරු කෙනෙක් ඉන්නවා නෙවී.  ඒකයි රුපයෙන් දර්මය දකින්න බැ කියන්නෙ.  කෝම නමුත් හාමුදුරු වො මොල කාරය. ඔයාලව අවුස්සන්නත්  එයාල එහෙම කරනව. එහෙම කරාම කතා බහට ලක් වෙනව.ඊට පස්සෙත් දහම මතු වෙනව.  ඔතැන පුද්ගලික තරහ හා බද්ද වයිරයක් තියා ගත්තොත් ඒක අන්තිමට තමාට මාරකයක් වෙනව. ඕක දැලි පිහියෙන් කිරි කනව වගේ වැඩක්. මම ඕකෙ A to Z දන්නව. අවබෝදය පිනිස අවංක අය වෙත් නම් inbox විමසන්න. මම කියල දෙන්නම් හරි පාර"
"Amal Dilruk","https://www.facebook.com/people/Amal-Dilruk/pfbid0nwp2jtZp3BVQ9Z9vDyduXNuVPXwHU98mZx9RVkpLsmwHcmzx4sftwUGGTZgZPBaGl","ළමා  අපචාර  podi podi වැරදි  ද"
"Lahiru Thilina","https://www.facebook.com/lahiru.thilina.18","Mugs muna balako karaththeta ahuunu gima Betta wage"
"Sasindu Ramasinghe","https://www.facebook.com/people/Sasindu-Ramasinghe/100091922704724","මුන්ද හාමුදුරුවෝ .. උබලට ඕවද කරන්න තියෙන්නේ? හොරු බේරගන්න යන මුනුත් හොරු වෙන්න ඕන.. ඒකනේඑ මූට මෙච්චර කැහිල්ල"
"KH Gunasena","https://www.facebook.com/people/KH-Gunasena/pfbid02a8Jq8uRzGMPvMXBQWVQbnXT2o41kYijXeTgFUHFUenSbrHPjSyn5FxzLujjcBMJbl","Mahindalage rata kana kale oya koheda hitiye"
"Mufain Mufain","https://www.facebook.com/mufain.mufain.5","Hora muhna tiyanne"
"Shehan F'do","https://www.facebook.com/shehan.f.do.219265","බණ අහන්න පන්සල් යන්න ඕනේ නැහැ news වලත් බණ යනවා නේ දැන් 😂"
"Nuwan Rathnayake","https://www.facebook.com/profile.php?id=100006063933843","ඇත්ත කියන කහ කුරුල්ලෙක් බලන්න වරෙල්ලා..දෙන දෙයක් කාල වෙන දෙයක් බලන් හිටියනම් හොදයි.....රටට විහිලුවක් උනා ඇති නේහ්😂😂😂"
"Amila Amila","https://www.facebook.com/people/Amila-Amila/pfbid02mHhtQKVye6hVcykL8N9XWvtNcScvX963FtWbqd3dVCeftXDQ47qDR19zpEqMmparl","Eye nethi ekada"
"Pradeep Nishantha","https://www.facebook.com/pradeep.nishantha.180843","gana pakoo wasiga puha 🐕🐕🐕🐂🐂🐂🐒🐒🐒🐀🐀🐀"
"Dilan Franando","https://www.facebook.com/dilan.franando.286263","වැරදි මාර්ගයේ යන අය නිවැරදි මාර්ගයට ගමු සිවුරු රඳවගෙන මේ අය කරන්නේ හොර තක්කඩියන්ට උදව් කරන එක වැරදි නිවැරදි කරන්න පැකිලෙන්න එපා"
"Priyanthi Minon","https://www.facebook.com/people/Priyanthi-Minon/pfbid0PpvtfXvwWzavNzFTj2kTL7L9feny57VQM8KeExnyvJDKa6Mv3T2ir3DhCiTQkvPvl","Niyama kollek"
"Charith Edirisinghe","https://www.facebook.com/people/Charith-Edirisinghe/pfbid02QLdhtCgNm94r6ukPvmQymK5gdKdPKx8XsK475xAr6ieKLG5BhThCDgrDpq86ccp8l","Ape gana gedinta tharan amaruwak lankawe කිසිම ආගමික nayakayekta ne harak"
"Rukshan Kumara","https://www.facebook.com/rukshan.kumara.638855","මුන් තමා රට කන්නෙ සක්කිලි"
"Chamathka Sithumini","https://www.facebook.com/chamathka.sithumini.5","Hati nari ganaya"
"Kamal Priyashantha","https://www.facebook.com/kamal.priyashantha.1","මං හිතන්නෙ නෑ මෙ රජය ගව ගාතනය කරන තැනට වැටෙයි කියල 😂😂"
"Venura Nishantha","https://www.facebook.com/venura.nishantha.5","මොන්ගල්    මුට"
"Sanjaya Aluthwaththa","https://www.facebook.com/people/Sanjaya-Aluthwaththa/pfbid0d4MCCSp9LAs1zNBuF7HLk1Yn7Kf39nuFT1uiNMTZoEnN9WAUk723Q8DA4TATtadZl","Dane   kala hitapan  huttha  kalkanni  hathi  kare"
"Hasitha Nuwan","https://www.facebook.com/people/Hasitha-Nuwan/pfbid02Cj2UBP7aRCs1yaytHbp1GBaS34q2W1CVF93qGV65NRSSMgKcqzDxhGii5SMS7w5tl","අඩෙ දැන් කීයක් බැනලද කියලා මූ දකින්නෙ නැද්ද"
"Sumanasiri Rathnayak","https://www.facebook.com/people/Sumanasiri-Rathnayak/pfbid02Lh6QpsQ2M87KKTwMRwb552urSLUz2xJ2ARvvfTDJ7oRMfmpTCrzR5V6KCrf3WCSil","මහණ වෙනින් උත්තෝ ඉස්සෙල්ලා."
"Sunil Premadasa Sunil","https://www.facebook.com/sunilpremadasa.sunil.5","තිත්ත  ගල්ලයත්   කෙළවා   ගත්තා  එහෙනමි...."
"Chandra Waduge","https://www.facebook.com/chandra.waduge.2025","Ane hamuduruwane watichcha raya godayana me welawe eka kadakappal karanna epa"
"Lameer Ali","https://www.facebook.com/lameer.ali.104","MUVATAH ALLALA PANIS MAN KARANA MUTH JATHI VADIYA MUNTA AWRUDU 220 MAHDHI"
"Isuru Lakmal","https://www.facebook.com/isuru.lakmal.988373","මේ හාමුදුරුවෝ න්ටත් පිස්සු"
"Bandula Bandara","https://www.facebook.com/people/Bandula-Bandara/pfbid0sbn92tGgy8xFvrNkSY6P2fngCTNzJSyHeniSstcp1iHqbp2bEWz3QVqcgaAQsAdul","Meekage monawada wekurthe kare hora ganaya pala hukanna"
"Kamal Perera","https://www.facebook.com/people/Kamal-Perera/pfbid02r2b2vSAiM66Mbe8tDjzpLQSREvzEdpziNa27uFnHXDDpN1BUac4k8JPdzozMAiGLl","ඔහොම ගියාම ඉස්සරහදි අත්සන් එක්කම කෑමත් හමිබ වෙයි"
"Mihindu Sampath","https://www.facebook.com/mihindu.sampath.2025","Tattayaa"
"Alg Bandara","https://www.facebook.com/people/Alg-Bandara/pfbid027Cby2kipagA23dJKFK1Vdeo8Aw78NaxofQA89htXp4nVoqwTMbYXxsophfEypZMBl","සිවුරු දාගෙන ඉන්න තමුන්නාන්සේලා ඉස්සෙල්ලම ධාර්මික වෙනවා කෝ, උඹලා කරන්නේ මොකක්ද ජනතාවට අනුශාසනා කරනවා නෙවෙයි මොකෙක් හරි පස්සෙන් ගිහින් උන්ගෙ දංකොඩ කාලාම උගෙන් ලාභ සත්කාර බලාපොරොත්තුවෙන් සිවුරු දාගෙන පින් බත් කෙරෙන එක විතරයි"
"Smd Jud Kistiyan Jud","https://www.facebook.com/smd.jud.kistiyan.jud","Kari ganaya"
"Ikram Remi","https://www.facebook.com/ikram.remi.1","Respect 🫡 🫶🏻❤️😍"
"රනිදු ගමගේ","https://www.facebook.com/ranidu.gamage.1","අම්මෝ 😂😂"
"Shyamalea Sumanasekara","https://www.facebook.com/shyamalea.sumanasekara","අරමුණක්,ගැටලුවක් එන්නම ඕන කෙනා හරියටම හදුන ගන්න.කව්රුත් කාටවත් රැවටෙන්න එපා.හරි දෙය වෙනුවෙන් නැගී සිටින්නෙ එක්කෙනෙක් උනත්,හරි දෙය හරියි."
"Anuhas Iron Works","https://www.facebook.com/people/Anuhas-Iron-Works/pfbid0k2yNvZkEn9ntJzETo4hkUSnn2KURNwMmbER7J9ycNEgA3J4AqLLYNXYFebAYUgWEl","Mekath siwru horata made Yana ekek"
"Samantha Ekanayake","https://www.facebook.com/people/Samantha-Ekanayake/pfbid0MaKBPudPM2f569qJXu8xwTnaDS44Gfre1cqkTwe9qax8DQyHJXLMR11j7uCuS7YUl","ගොනපකය"
"Wp Romaes","https://www.facebook.com/wp.romaes","හාමුදුරුවෝ කවදද දබරැඟිල්ල ඔසවා කතා කලේ මූ චන්ද්‍ර යූ."
"Prabath Shanaka","https://www.facebook.com/people/Prabath-Shanaka/100009905206172","Me පිට දූවේ සිරිදම්මගේ ගොලයෝනේ"
"Dulanjani Chanika","","Mu sanga horekne hamuduruo desapalaneta Kade yanawada"
"Kavindu Nethmina","https://www.facebook.com/michelletorres12zxc","ඌම වීඩියො එක දාලා ඌම කියෝනවා 😅"
"Lenin Armstrong","","මෙන්න මේ සක්කිලි ඉස්සරල ගල් බැඳල මුහුදට දාපල්ලා 🤣🤣🫵🫵"
"Nuwan Sameera","https://www.facebook.com/people/Nuwan-Sameera/pfbid038EtMSAo9mg7PqkkwYFmW2jvM5dTcWEtmWEfQGBqwTjLZh46jHqPKC2xFNe1UnfB2l","අපේ රටේ ජාතිවාදය සම්පූර්ණයෙන් ඇති කරේ නානසාරය කියන පරය......ඕකව හිරේ යවන්නම ඕනෙ.......මේ තිත්තගල්ලෙ කියන සක්කිලියා මොකෙක්ද ......... රාජපක්ෂලගෙ 💩💩💩 කන පර සක්කිලියො මුන් දානෙවත් දෙන්න හොද නෑ ඔය වගේ සක්කිලි බල්ලොන්ට"
"Sanuka Hashan","https://www.facebook.com/sanuka.hashan.39","Ane doni gobbayo"
"Rajapaksha Darmasiri","https://www.facebook.com/rajapaksha.darmasiri.2025","මේ මේ කළුකුම්බරයා මොකද බං මේ ආණ්ඩුවට බනින්නේ යකෝ තොට සමාජයෙන්  එන විරෝධය, සමාජයත් එක්ක බේරගනින් ඒක ආණ්ඩුවට හේත්තු කරන්න.හදන්නේ ."
"Gorge Perera","https://www.facebook.com/gorge.perera.56","Raju Daarmika Nethnam Mokatada Bola Samaawa Illanne Eeta Wadaa Bola Samaawa Illanne I R C Kaarayek Venuwenne Thopita A Jaathiye Wenuwenne"
"Adikariarachchige Werarathne","https://www.facebook.com/adikariarachchige.werarathne","Keri ponnaya"
"Dilum Chandara","https://www.facebook.com/dilum.chandara","Tho mahanaweyan ban"
"Samith Rathnayaka","https://www.facebook.com/people/Samith-Rathnayaka/pfbid0aViPdrFyf5j2ToAtibCajYd1PPJ3vqjbbesyK5t6SiD2QHyFBqchAvmYUEv36FCol","උසාවියෙන් වැරදිකාරයෙක් වෙච්ච එකෙකුට අත්සන් ලක්ෂ ගානක් ගහල නිදහස ගන්න පුළුවන්නම් නැතෑ වැඩක්😅"
"Manik Amarasiri","https://www.facebook.com/manik.amarasiri.9","Vikurthikale ai kiyala prashna ahanna ba.aka thamange kamaththa.sasane inna serama suwaminwahansela awadha oyawadeta.obawahanse witharane awe .awage thamai hamudhuruwane. Kauru monawa kiuwath  garu Adhikaranaya dhipu Thindhuwa wenas karanna  katawath aithiyakna."
"Thissa Malli","https://www.facebook.com/people/Thissa-Malli/pfbid04nvbtmKEdSannxYGELP1gqz5S8QxLkDTaHQJQrjCMrarg3yrC5KSjyDmNHG4XYSBl","ඥානසාරගේ මල්ලි වගේ 😂මුත් උගේ තනියට යන හැඩක් තියෙන්නේ"
"Raween Gallage","https://www.facebook.com/raween.gallage","බිත්තියට හේත්තු කරල පුකේ අරින්නෙ කලුවට කලුවෙ වලහෙක් වගේ නොහිටින්න දැන් නම් අප්පිරියයි දැක්කම"
"R.K. Nishma Ravishan Vimukthi","","පිස්සු ගනයෝ😂😂"
"Sudarshana Pushpakumara","https://www.facebook.com/sudarshana.puspakumara","මුන් වගේ උන් දුටු තැන ගලකින් ගහලා දුවන්න මම මේ ගාල්ල අවට සැරි සරනකන්  බලන් ඉන්නේ බඩු දෙන්න"
"Ajith Priyantha","https://www.facebook.com/ajith.priyantha.71868","Rata kana chiiwara dariyoo"
"Janaka de Silva","","Pala hora ganaya yanna"
"Indika Samarakoon","https://www.facebook.com/indika.samarakoon.2025","Ana pako  ma rata niteya  hareyata wanakota topita enda ba"
"Nalinda Ruwanpathirana","","මේ ඉන්නේ හොඳ ධාර්මික හාමුදුරු කෙනෙක් ,පේනවනේ උඩ පැන පැන ආතල් එකේ ඉන්න විදිය."
"Sugath Premathilaka","https://www.facebook.com/sugath.premathilaka.39","තිත්ත ගල්ලේ අභිධර්මය අතින් සුපිරි වැඩ්ඩෙක් 👍මෝළේ තියෙන උන්ට,, හොදයි 😂මෝළේ නැති උන්ට නම් වහ කදුරු වගෙයි👍"
"Sumith Ajantha","https://www.facebook.com/people/Sumith-Ajantha/pfbid02BJgU7LQQaxr5SV6RsN6ywZYKSEcGof7VN11c77zg8zYhqEDrCrqbjmXr6h9LRaCZl","ඥනසර හිමි   සියුර  තියන් ඉන්නෙ   තම සුකවිහරනය උදෙසා❤️     ඔබ වහන්සෙ   පටසෝත ගාමි මර්ගය  හදුනා ථත් උතුම්  මනසක්   තිබු  භික්සුවක්     ❤️    නැවත   හැරෙන්න   හරිමග යන්න"
"Priyantha Munasingha","https://www.facebook.com/priyatha.munasingha.1","To..mona..awajataiakda..to..toga..amma..wadala.teiana..vedeia..hoda.na..gon..kalla..kanne..ponnaia"
"Sunitha Wimalasena","https://www.facebook.com/sunitha.wimalasena","මම නම් අත්සන් කරන්න ආසාවෙන් බාගෙන ඉන්න කොලබට එන්නේ නැද්ද තිත්තගල්ලේ පාතාලේ හාමුදුරුවෝ සෙට් ඒක එල්ලා මරන්න"
"කසුන් මදුසංක","https://www.facebook.com/people/%E0%B6%9A%E0%B7%83%E0%B7%94%E0%B6%B1%E0%B7%8A-%E0%B6%B8%E0%B6%AF%E0%B7%94%E0%B7%83%E0%B6%82%E0%B6%9A/pfbid0MCoNRDatJH4vo4ajEEAC1SKK4CWCwBwUtdtfQ5p8Lft1ToaAEY2ykWvwrU6an21Vl","පෞ අපේ බෞද්ධ ආගම.සිවුරු පොරවන් මේ හැත්ත එකත් නැති කරලා දානවා.සැනසීමකට කියලා අපිට තියෙන්නේ ඔච්චරයි.මුන්ට වඩා ආගම දහම ගැන අපි දන්නවා.මුන්ගෙන් බණ අහන වුනුත් මුන් වගේම ඔට්ටපාලුවෝ තමා.කාලකන්නි.දේශපාලනයක් ගැන නෙවේ මම කියන්නේ සිවුර පොරවන් මේ කරන වැඩ ගැන කතා කරන්නේ.ඕය සිවුර ගලවලා මුන් ඔහොම නෙවේ මොනවා කලත් මුකුත් කියන්නේ නෑ.දේහපාලනේ කරන්න ඕන්නම්.හොරු බේරන්න ඕන්නම් සිවුර ගලවලා වරෙන්😒😒😒"
"Joshep Leenus","https://www.facebook.com/joshep.leenus","Palaganayo"
"Piyadasa Ariyapala","https://www.facebook.com/people/Piyadasa-Ariyapala/pfbid02kygTtCdzEoQrGoS5Q16EeDRE7TsKqKfUP32Yefup6duBbmUi7sUWanUpZqAjeh5l","සාසනයේ ඉඳගෙන තමයි ශාසනය වනසන්නේ"
"Kuruvitage Mangalika","https://www.facebook.com/kuruvitage.mangalika","අනේ හාමුදුරුවනේ බණක් බවනාවක් කරන් දානේ කලා නිදහසේ ඉන්නකෝ"
"Rks Max Rks Max","https://www.facebook.com/people/Rks-Max-Rks-Max/pfbid02Y6aaURpwV26UVpN2ownb8V88hc1b2Dnjg1UdB49qjJ7LTsrT8F6kJ6Yngqre2UMSl","Gothaya ara aiya withai baya nethuwa thota banne kama raamayo tika"
"Upul Milan","https://www.facebook.com/upul.milan.2025","ගොන්නු ඉන්නේ අනුරාධපුරයේ..වරෙන්කෝ පකයො නුවර , කොලබ"
"Sugath Msw","https://www.facebook.com/people/Sugath-Msw/pfbid0S2htYeyFi6xtkvz5jmsn2geAjGHutdHVE3RtHtBD2yeWmhAqd8x7TZ7qCpJRQKjnl","හොරුන්ට  හොරු  එකටුඉ ටොපි ඔක්කොම  එකටුඉ"
"අසේල සදරුවන්","https://www.facebook.com/people/%E0%B6%85%E0%B7%83%E0%B7%9A%E0%B6%BD-%E0%B7%83%E0%B6%AF%E0%B6%BB%E0%B7%94%E0%B7%80%E0%B6%B1%E0%B7%8A/100044528284118","Batagama ponnaya"
"Mohomed Inaam","https://www.facebook.com/mohomed.inaam.5","Mun amuduruwada sakkili wesikaputha"
"Tharanga Sampath","https://www.facebook.com/people/Tharanga-Sampath/61565778486393","E miniha witharai konda pana thiyena ekekta idala thiyenne."
"Salahudeen Hilmy","https://www.facebook.com/salahudeen.hilmy","Boru keyanne epa yaku uba sakiliyek"
"Umesh Chamara","https://www.facebook.com/umesh.chamara.3","ඇත්ත බන් රටේ පාලකයා ධාර්ම්ක වෙලා හරියන්නේ නැ එතකොට උබල වගේ උන් මේ වගේ කැ ගහන්නවත් එන්නේ නැ"
"Sam Dharmapala","https://www.facebook.com/sam.dharmapala.5","තිත්තගල්ලයා නානසාර අනාථම කරලා දැම්මා. ගුඩ් ජොබ් තිත්තගල්ලෙ. 🤡"
"Pasinda Gamage","https://www.facebook.com/pasinda","සමාව දෙන්නෙ නෑලු ඕයි 😂"
"Shashiya Sh","https://www.facebook.com/shashiya.shashi.120977","මුන් තමය් මෙ ආගම විනාස කරන නිගන්ටයො රටට වින කරන නිගන්ටයෝ🤮🤮🤮🐃"
"Thssa Jayathissa","https://www.facebook.com/thssa.jayathissa","Niyamai.yaluwa.api.oba.samagi"
"Sadisha Dimanka","https://www.facebook.com/sadisha.dimanka.7","මේ සිව්රක්  ඇදන් කෑ ගහන එකාවත් ගිහින් එක්කො මහන කරමු නැත්තම් නානසාරගෙ කූඩුවටම දාමුකො 🤧🤧😂"
"Padmy Liyanage","https://www.facebook.com/padmy.liyanage","Siuru horu"
"Chamod Thilakarathna","https://www.facebook.com/people/Chamod-Thilakarathna/100014969737900","අනේ අනේ තට්ටයෝ"
"Lalith Palihakkara","https://www.facebook.com/lalith.palihakkara.1","Thopi vikurthiyak"
"Channa RuwanLee","https://www.facebook.com/ruwani2000","Monawa wunath. Vedeo madin. Gihiyekuta wage hamuduruwanta banina eka hoda neha. Mey muslim anthawadiyek da? Dobi anthawadiyek da?‼️‼️"
"Ashik Zamaan","https://www.facebook.com/AshikZamaan6693","Channa RuwanLee මෝ මුස්ලිම් අන්තවාදියෙක් නෙමෙයි හැම ආගමිකම ඉන්නවා අන්තවාදියෙක් ඒ වගේ අන්තවාදියෙක් තමයි මේකා බුද්ධාගම අන්තවාද ජාතිවාදයෙක් මේකා මහින්දගේ රාජපක්ෂලාගේ පුක හෝදන හිඟන්නෙක්"
"Nimantha Welagedara","https://www.facebook.com/nimantha.welagedara","Siura galola palayan wesa ballo yanna me sakkili iwarayak karapallako palalen hari appiriyai"
"Prasanna Thilakasiri","https://www.facebook.com/people/Prasanna-Thilakasiri/pfbid02mHVDduzRnYcrjLQGjKnfazPcRVLi2sD56Lawyg1CTe1EEyvsLQSvHFCrMkd6TLeTl","Me pakaya herata danna one"
"Nandana Munasingha","https://www.facebook.com/people/Nandana-Munasingha/61569005128125","Yakoo thopi inne ratha palane karanna newei buddasaasane rakinna mukkuda ban mun ratha palane karana aya ewa karagani un sasanethath garahanawa mewa nathara karawanna oni pisso"
"Asoka Liyanage","https://www.facebook.com/asoka.liyanage.14","Uba bauddayek nam oita wada buddimathwa  hasiriyan"
"Alm Hasrim","https://www.facebook.com/hasrim.hasrm","නියමයි කොල්ලෝ"
"Hasahan Amit","https://www.facebook.com/people/Hasahan-Amit/pfbid0Y7fymgGrCVvPXrrjsbL97D1eTV7AnqzKvKmTT7zqt5iWYGT85tjG3i1evzFvP9Hxl","Ane mun dana dane tika  kala idiypyaw"
"Jayantha Ranaweera","https://www.facebook.com/people/Jayantha-Ranaweera/pfbid0u2znjKNxPMiMjbMwFHdWXDDcrYYFferU532qLMpUaPFPRwK89nPJcQyYRoCmnVGSl","කතා කරන්න හරි ඉගෙනගනින්   තෝ   තෝ කියන්නේ කාටද  පරයා"
"Lakmal BK","https://www.facebook.com/lakmal.bk.3","මුට දාර ගුලියක් කවෘරු හරි දිලා.  මු හෙව්වේ බැලුවෙ නැ ගිල්ලා දැන් හිරවෙලා දගලනවා. උබ මොකෙද්ද බං තිත්තේ ."
"Lakshman Jayarathne","https://www.facebook.com/lakshman.jayarathne.92","මෙිකවත් ඇතුලටම  දාන්න මූ අධිකරණයට  බලපෑමි කරණව කියල.වැරදි කරපු එකා තරා තිරම නොබලා දඩුවමි කලයුතුයි"
"Nisansala Kumari","https://www.facebook.com/people/Nisansala-Kumari/pfbid0eTpXCsV7jQAVAW7TkAJXpNbuiE72UTjJotZEXmvQfiprfsCcYqLD63F51Z2hepS8l","Assan karata nithiyen. Galavillak na. Ai adanne"
"දිනේෂ් කුමාර","https://www.facebook.com/i41mf56jgq","Me ganayo lamaya dushanayakarapu ekata mokada une. Parawalwala bus holt Wala bela ahuwechchaunta Moko kare. Me ahapan ganayo paupurawanna epa Apita. Pinata bathekala hitapan"
"Itt Thrimavithana","https://www.facebook.com/people/Itt-Thrimavithana/pfbid0LMSKPcSkg2yDJeCY6wFGJzqwiJBJdsoyWxcmbyHmobDJ1CxAJDNx3XmBuFZVrJFUl","පල්ලේගමයාටත් ඵක්ක සාමාව ගනිල්ලා"
"Nihal Matharage Don","https://www.facebook.com/nihal.matharagedon","Wal paraya kanna yanne"
"Mehroan Nissa Mohamed Buhariy","https://www.facebook.com/people/Mehroan-Nissa-Mohamed-Buhariy/pfbid02V8aD7zUoTqrTsUFmz4TwTsb9NJ8KEsUDdjB7LUv2Gi3Mgvs39rkZLBk7s9HSCxevl","Yes true"
"Gamini Anura Wijesiriwardana","https://www.facebook.com/gamini.anura.wijesiriwardana","Munta ගහල alawan na o ne..."
"Vindika R Dissanayake","https://www.facebook.com/profile.php?id=100028036924378","මෙයාවත් එයා එක්ක එකටම යැව්වනම් ඉවරයි"
"Sanjeewa Pradeep","https://www.facebook.com/sanjeewa.sanjeewa.274154","අල්ලලා  හිරේ  දාන්න"
"ඉච්චා මල්ලී","https://www.facebook.com/mohomed.irshan.79","Anith nana Sara🤣😂😂"
"Plant Nursery","https://www.facebook.com/plant.nursery.666164","Yaluaw oya great porkk I love u"
"Mohamed Ansar","","Oyana superi"
"Suresh Mathan","https://www.facebook.com/people/Suresh-Mathan/pfbid0NUWwp22kwvYdJnx6KPfPMRABLJA7TbJQjPPRE5hwaxTrfCdzvfgEHqhLqGW62uiHl","Palayang parayo geeng sasane  Vadatika balapang  Uba ma sakkiliyek"
"Sanjeewa Madu","https://www.facebook.com/sanjeewa.madu.376","නානසාරගෙ ගොට්ටනෙ මූ. සන්නා දුන්නා නියම උත්තරේ මූට"
"Sisira Kodithuwakku","https://www.facebook.com/sisira.kodithuwakku.2025","උඹලා තනිකරම හොරු කාලකණ්ණි සිවුර ගලෝල කරන වැඩක් කරපන්"
"Manjula Senevirathna","https://www.facebook.com/manjula.senevirayhna","මේ ගණයා අනුරාධපුරයේ ටවුන් එකේ දේශනයක් තියෙනවා. එකෙක්වත් නෑ"
"Padmini Senavirathna","https://www.facebook.com/people/Padmini-Senavirathna/pfbid02doV8wH2xc1r8b27xqqm2F6hiZRTsCriJV6SZArvTJeWiCgKCXrEj3DvhjkFBMezpl","Mu mokata. Siura dagaththada  kala kanni. Hraluwa"
"Roke Roke","https://www.facebook.com/people/Roke-Roke/pfbid02TCQzyrNG2SbFN9UoZqxdzeB9r3xsQsZzARQg42fZNz6rvTEEd7QMz82Y1hf1M686l","Ammoo"
"Darshana Lokuge","https://www.facebook.com/darshana.lokuge.2025","සිවුර දා ගෙන දේශපාලනය සහ මුදල් මත හොරුන්ට කඩේ නොගිහින් බුදුන් වැඩි මග ගියා නම් ඔය කිසිම කෙනෙකුට හිරේ යන්න වෙන්නෙත් නෑ තිත්තගල්ලේ අත්සන් හිගමනේ යන්න ඕනත් නෑ හොරුන්ගේ මුදලට යට වෙලා ජාති වාදය ආගම් වාදය පතු ර වලා මොනවද ලැබුනේ"
"Indika Kapila Abeyrathna","https://www.facebook.com/indika.abeyrathna.5","Makadapu gobayo katha karanna iganaganin thoge jathakaya gena hitha ganna puluwan"
"Ruwan Marabage","https://www.facebook.com/ruwan.marabage.2025","පරයා තො  හමුදුරු නමකට කතා කරන්න ඉගෙනගනින්  තෝ ඉලග අත්මේ මොකෙක් වෙයිද දන්නෑ දැන්නම් වදුරෙක් වගේ."
"MA Upali","https://www.facebook.com/people/MA-Upali/pfbid0Xw5Ze24i9Scnr2epsd6Bm1yG7yMHZsfXaP2P1AHaaxjdg32j9A8HnzVnHYwgvvyAl","Oya kisema deyak na thamai thamange raja kareya hariyata karanam eka ekage pukaval hodannathiva"
"Gamaga Gamaga","https://www.facebook.com/people/Gamaga-Gamaga/61579081559597","කලින් හිටපු එවුන් රට කෑවා පස්සෙන් ඇවිත් ගූ කාපන්"
"Ran Ran","https://www.facebook.com/people/Ran-Ran/pfbid02LWwJnnZtArFAPWy1m3RMX3ou9E1xZ95hvMpGjVDMhTgz2o3pbjhKaeMUR4hZyUyGl","හාමුදුරුවනේ අත්සන් කීයක් ගත්තත් වැඩක් නැ නෙ ඒක අධඅධිකරණයට වලංගුත් නැ ඇයි මේ ටික තේරුම් ගන්නට බැරි . මේ චෝදනාව අධිකරණයට අපහාස කිරීම .  දැන් ඔබවහන්සේ කතාකරන්නේ තනිකරම වෛරයෙන් දේශපලනය පැත්තකින් තියලා ගිහියන්ට දර්මය අවබෝධ කරලා දෙන්න  මේ කරන විකාර නිසා  බවුද්දයන්  කොටස් වසයෙන් බෙදිලා ඇන කොටා ගන්නවා අනිත් පැත්තෙන් බෙරිහන් දෙනවා අන්‍යාගමිකයන් බවුද්දයන් විනාස කරලා ලන්කාව අල්ලාගන්න හදනවා කියලා දර්මය විනාශ කරන්නේ ඔබවහන්සේලා . බලයට මුදලට තිබෙන කැදරකම නිසා කල්ලිවලට බෙදිලා දේශපාලකයන්ට කඩේ යනවා මුලින්ම ඒක නවත්වන්න හාමුදුරුවනේ . @"
"Asanka Dadallage","https://www.facebook.com/people/Asanka-Dadallage/pfbid02tRincdhb69Rf6ocF3oKu4r47RQT4ibjDtinw23zHCLvyJZYwWtfF5BwQJe5JpoBNl","යකෝ එකෙක් කෑගැහුවට ඒකට ලැබුන කමෙන්ට් ලක්ෂ ගාණ දැක්කනේ ඔය සියගාණ අත්සන් බයියන්ගේ . උන් ඔහොම නෙවෙයි ඔලුවෙන් හිටගෙන කිව්වත් රාජපස්සල හොරු කියලා පිලිගන්නෙනෑ .ගිහින් ජන්දෙ දෙනවා ."
"Punchibandalage Rupasinghe","https://www.facebook.com/punchibandalage.rupasinghe","Ponna.huththek.munta..pissu"
"Curley Eueline","https://www.facebook.com/people/Curley-Eueline/pfbid02P76qagy6X4f8pWfxrzqgz3bdXagPx3bMca7npTwQajqTEhq5beUXPDaj8mk9EhsBl","ඔබ වහන්සේ දේශපාලනය නේද ප්‍රසිද්දියේ කරන්නේ මහින්ද ලොක්කා පස්සේ ගිය කිසිම කෙනෙක් හොදින් නෑ ජාතිය වෙනුවෙන් දරුවන් වෙනුවෙන් වැඩ කරන ඔබ වහන්සේ ඇයි මේ මිනිස්සු ඉදිරියේ නින්දා අපහස විදින්නේ මහින්ද ලොක්කට සුදුහුණු ගෑවට වැඩක් වෙන්නේ නෑ මොකද මුළු පව්ලම දුෂණ නඩු අයෙත් කවදාවත් කව්රු ආවත් මහින්ද පව්ලේ කිසිම කෙනෙක් පාලන බලයට මේ රටේ එන්නේ නෑ 👍"
"Samantha Samantha Kumara","https://www.facebook.com/samantha.samanthakumara.102","Ponna gannaya"
"Nihal Darma","https://www.facebook.com/nihal.darma","Tho ඤානාගෙන් ණයට මොනවා හරි  ඉල්ලා gattada ...කඩේ යන්නේ මෙච්චර"
"Lahiru Sampath","https://www.facebook.com/people/Lahiru-Sampath/pfbid02UVmcYvmrSYtY3vq17S4cSf1Qmv19cnHD9FEpSF3q755tsSuhCjEf8xsiUF4dKtKkl","මමනම් කිසිම ආගමක අනුගාමියෙකුට බනින්නේ නෑ. ඔවුන් වැරදිනම් නීතිය ක්‍රියාත්මක කරන්න. උතුම් බුදු දහම ආරක්ෂා කිරීමට පුලුවන් වන්නේ බුද්ධ දර්ශනය අවබෝධ කර ගැනීමෙන් පමණයි."
"Madushanka Hewage","https://www.facebook.com/people/Madushanka-Hewage/pfbid02xDT9PAb38Q93TAqXD8kMaU3sLw4ywxu8WYqBzmufAFRhsBWKFV1WTjHdekH2a6zfl","Munta mukuth kiuvoth uthum budda chivare daragena inna nisa apita pau pirenava..."
"W M Nawarathna Bandara","https://www.facebook.com/wmnawarathna.bandara","උඹ  ධාර්මිකද ,කියපන්කො උඹයි  අපියි  දන්න  ධාර්මිකකම  උතුම් බුදු  සසුන  විකුනාගෙන ,කන්න  එපා බන්"
"Anusha Jayakodi Jayakodi","https://www.facebook.com/anushajayakodi.jayakodi.1","Roll karala gahaganin puke horunta kade yana kalakanni pakaya"
"Rpwa Samanthi","","ඒ මනුස්සයට හොද කොන්දක් තිබ්බා..හොර ඝණයන්ට විරුද්ධව ඉදිරිපත් වෙන්න...සිවුරෙ ඉදන් වෛරය වපුරන නිඝණ්ටු"
"Madu Dewagi","https://www.facebook.com/madu.dewagi.2025","Mokkuda me... kaha redi age othagaththa  kiyala mewunta hamuduruwo kiyanna puluwanda... aparadakarainta udaw karana muntath nithiya kriyathmaka karanna.."
"Cwt Bandara","https://www.facebook.com/chndrasekara.thbmi","සහතික ඇත්ත සහතික ඇත්ත සහතික ඇත්ත කතාව"
"Aruna Kelum","https://www.facebook.com/aruna.kelum.664600","Mihin thalayath horek ne ganayo mun 3 ma horune"
"Mihiran Lakshitha","https://www.facebook.com/people/Mihiran-Lakshitha/61578966957877","ඇයි ගල් සීන් කැරි ගනයන්ගෙ"
"Wikee Wikee","https://www.facebook.com/people/Wikee-Wikee/pfbid0cXScs6DvbqECJHDxqtxsAUvtpQHEN2rB9BLUFfeduKw4bndvFw2b8FTWGwi6Qngel","Ganayooo... Molea. Thibuna... Eaka. Thama. Thogea.. Siura. Galawa na. Kiyala dunnea👉🐂🐂🐂"
"Haisam Mohideen","https://www.facebook.com/haisam.mohideen.1","නියමයි මල්ලී"
"Madu Madu","https://www.facebook.com/people/Madu-Madu/pfbid0U5R9exNGr87KynV1VBwCtmckG8uWoqUK9Ut3ZSoBcnzFwkvwta4E7U6ZnBbb7Huxl","මෙිකා යකෙක් වගේ අඩෙි. දකිද්දිත් බය හිතෙනවා."
"Kapila Rathnayake","https://www.facebook.com/kapila.rathnayake.846887","Very good brother jayawhawa"
"Jayarathna Jj Jj Jayarathna","https://www.facebook.com/jayarathnajj.jjjayarathna","මේ  සක්කිලි   බල්ලො   සාසනේට   සාපයක්"
"Rahmanfarook A R AbdulRahman","https://www.facebook.com/rahmanfarook.arabdulrahman","Hema assang kara kiayala adikaranaya theeenduwa lihil karanne baha"
"Susantha Susantha","https://www.facebook.com/susantha.susantha.734901","Jarawadakarannanewai rate agamikyan wanna?ahema ayata bahutharayak akamathi ubala a. Ayaawa rakinawanam a,rakina hamoma rate deshak droheeyo hariyata thamai salakenne."
"Nethu Candhi","","සිවුර ගලවලා පැත්තකින් තියලාමුන් රොත්තටම හොඳටම නෙලන්නඕනේ එතකොටවත් මුන්ට බුදු බණ මතක් වෙයිද කියලා කියල බලන්න වැරදි කරන එකා මොකා උනත් වැඩක් නැහැ අනිවාර්යෙන් දඬුවම් විඳින්න ඕනේ තොපි බොරුවට සිවුරක් පොරෝගෙන ආගම ගාව ගන්න එපා 😡"
"Jaya Jaye","https://www.facebook.com/jaya.jaye.2025","Mu කවුද  බොරු  wapurana සිවුරු  horu"
"රුහාරා රුහාරා","https://www.facebook.com/roshan.kumara.18392","Pala pakaya yanna"
"KS Hirun","https://www.facebook.com/ks.hirun","😘😘😘😘😘😘 එල එල සහෝ💗💗💗💗💗"
"Thilakasiri K Withange","https://www.facebook.com/thilak.siri.315","Palayan kahakadayo...Rajpakshalage gukana ballo...🤔🤔🤔🐕‍🦺🐕‍🦺🐕‍🦺"
"Dns Sri Lanka","https://www.facebook.com/jdn.sri.lanka","තට්ටයගේ ලබ්බ.....පකෝ...ඉස්සෙල්ලා ඔය උතුම් බුද්ධ චීවරයේ වටිනාකම රැකපන්......එක එක සක්කිළින්ගේ කොන්ත්‍රාත් වලට ඔය උතුම් චීවරය අවබාවිතා නොකර.....තොපිට හෙන ගහනවා.....අපිටත් සංසාරෙට පව් පුරවනවා....කාළකණ්ණි"
"Mga Jayawardana","https://www.facebook.com/people/Mga-Jayawardana/pfbid0n9BLHMJ3dCftEcasMzcGG143L5aWMPCjqNM3y7DxSL7a29J6QJue4Lwp2C9Now3yl","අවජාතකයෙක්..මුගේ අම්මා ..ගණිකා වක්"
"රාවණා අප්පච්චි","https://www.facebook.com/people/%E0%B6%BB%E0%B7%8F%E0%B7%80%E0%B6%AB%E0%B7%8F-%E0%B6%85%E0%B6%B4%E0%B7%8A%E0%B6%B4%E0%B6%A0%E0%B7%8A%E0%B6%A0%E0%B7%92/61590886105888","Mokada ban me kaha reddak davatagena inna gorilla rajapaksalage guu valada ballek"
"Nishanthaa Perera","https://www.facebook.com/nishanthaa.perera.1","තට්ට හොරා"
"Lalitha Indrani","https://www.facebook.com/lalitha.indrani.18","225 ma horu patta horu. Kola neil okkoma horu"
"Ananda Kiriella","https://www.facebook.com/people/Ananda-Kiriella/pfbid02M7ZGaGTYJdALNNiK9kHeNom7szMQ3yKzTEYvFcSyPewy84MXDMDrNkkGgSKtNQ97l","Meka darmikayekda kadeyana kahakadayek"
"Dilesh Ishana Chanuka WL","https://www.facebook.com/people/Dilesh-Ishana-Chanuka-WL/pfbid02LyasdUMzXveQXetoquVYk3gsQT8m6oB7NB4azuFJHmjqvnBVgt6RUEPKg61BSEeAl","Munta Dane denne kauda bao"
"Lesly Wikrama Senewirathna","https://www.facebook.com/lesly.wikramasenewirathna","තිත්ත ගල්ලේගේ උමන්දාවේ ලැගලා හිටපු කාලේ  ජිකි ජිකි වගයක් 🤪 ගල්බොරැල්ලේ එලි කරනවාලුනේ.එකනේ ආත්මේ පාවා දුන්නේ.....ගුරුවරයාට කරපු එකම ගොලයාටත් උනා එනම්....🤭🤭🤭"
"Aruna Kumara","","Dan tho dharmikada. Pala yanna ganaya boru nokiya"
"Chaminda Wijesinha","https://www.facebook.com/chaminda.wijesinha.152591","අනිවාර්යෙන්"
"Kelum Kumara","https://www.facebook.com/kelum.kumara.351104","gon pakayek sasane kana"
"Sujith Siriwardana","https://www.facebook.com/sujithsiriwardan","වැරැදි keruwanam කවුරුත් දඬුවම් විඳින්න one"
"Anura Nishantha","https://www.facebook.com/2klk4rf12m","හාමුදුරුවන්ට ඔබ ඔබ කියන්න උඹ වැඩේ කවුද උඹේ ජනාධිපති ජනාධිපතිට එකේ ලංකාවේ එක්කහු කරපු අයට අපේ පැත්ත"
"Rajitha Pathum","https://www.facebook.com/rajitha.pathum.73","ජාතිවාදය අවුස්සන්න එපා"
"Jayan Wewelwala","https://www.facebook.com/Jayanww","Hati balapan muge…. Dewadaththaya"
"Mohamed Faiz","https://www.facebook.com/people/Mohamed-Faiz/pfbid02aJuFGZe8KQganriJfjUnUmrPcqQw3uaUSupUpoEnKqVuhei9ce2f7AJAXZTyHx5Xl","Lunu kewuth wathura bondama oni"
"KM Sajith","","මුන්ට මේ විදිහට ඕන එකෙක්ව බේරගන්න පුලුව්න්නෙ. ගොන් හැත්තක් ඉන්නෙ සිවුරු පොරවන් 😂😂"
"Ajith Prasanna","https://www.facebook.com/ajith.susantha.478407","අම්මපා එනවා ගෝඩාක් දේවල් කියන්න."
"Nethuja Nethuja","","සිවුර පොරවගෙන ශාසනේ කන නිගන්ටයෝ තොපි හිනිදා අනිත් ස්වාමීන් වහන්සේලත් බැණුම් අහනවා"
"Kasun Kothalawala","https://www.facebook.com/kasun.kothalawala.9","මූවත් ඇතුලට දාන්න ඕනි. අධිකරණ නියෝගයක් අභියෝග කරනවට.."
"Dinesh Dilen de Silva","","AKD💜AKD💚AKD💙AKD❤️AKD💛AKD🤎AKD🧡AKD🤍AKD💜AKD💜AKD💚AKD💙AKD❤️AKD💛AKD🤎AKD🧡AKD🤍AKD💜"
"Asoka Jayawardana","https://www.facebook.com/profile.php?id=100002296968282","Nadu pita nadu තිත්ත  galleta"
"තුශාර එරන්ද","https://www.facebook.com/people/%E0%B6%AD%E0%B7%94%E0%B7%81%E0%B7%8F%E0%B6%BB-%E0%B6%91%E0%B6%BB%E0%B6%B1%E0%B7%8A%E0%B6%AF/pfbid02r7N2B2wnKdBKZ1REuGmJQbXGgKNZvXx3ervPxABs6exZPyhdHMAj7sZixgfs6LTl","මු  රාජපක්ෂලා අසුචි එකෙක් රාජපක්ෂලා සල්ලි කුට්ටි දෙලා අනිවාර්යයෙන්ම"
"Wasantha Disanayaka","https://www.facebook.com/prabath.wasantha.ralalage","Kauda kathakarana balla"
"Rashmika Madushanka","https://www.facebook.com/people/Rashmika-Madushanka/pfbid04imuM4doMEYWP7DsSFKwbYqgCLh392aK9TuZqQb7Ukq4mW1YDvCpqCmMSGs2AsRKl","Oka pissu huththek"
"Jaya Pathirana","https://www.facebook.com/jaya.pathirana.291099","Mu mahana karamu ko"
"Chandrathilaka Chandrathilaka","https://www.facebook.com/people/Chandrathilaka-Chandrathilaka/pfbid0NenLMqLUNhFJzrXsm3n9rqcVEFGPAn48uTvz4EwUAoGPjrvednayWLnvuAe7sEvcl","mekata gahannai tibbe"
"Priyantha Sidhath Kumara","https://www.facebook.com/people/Priyantha-Sidhath-Kumara/pfbid023kkQVsZFfURJjr78RAKXvFtnBGtJbUE9iT6wp4FyExPFk4SxhVDgQNPfvk7BfFEEl","Huththoo eka balanna depan parayaa"
"Prabodha Lakshan","https://www.facebook.com/people/Prabodha-Lakshan/61583774942162","Ube ammage hukapn gana vesige putha"
"Kamani Thennakon","https://www.facebook.com/akamani.btennakoon","Meyavge muhuna dakkama kiyanna puluwan,koi taram silwathda kiyala mme wage aya kawadawath mahana uneth naha mahana karannath bha,munta dane denna hoda nha eka kanna bonna nathi duppath minihekuta denna"
"Wasantha Jayathilaka","https://www.facebook.com/wasantha.jayathilaka.129","නානතාර ගෙන් පස්සෙ මැදමුලන වලවුවෙ අසූචි වල ගොඩදාන කහකඩ පගයාා 😡😡"
"Darshan Pranandu","https://www.facebook.com/people/Darshan-Pranandu/pfbid0zHUUZ7wWqjzKsGwkpVhaq9S53kq3RYXPdPVyi5QiL2jEnDn1uybhzMVytnKTL5GJl","හොර ගනයො"
"Ramzy Arif","https://www.facebook.com/people/Ramzy-Arif/pfbid0RfQiu8oCgGZMtudDKa1PzWdVCdraX5VazPufHQSGfTScHe1URw7zJUWbfedsoW4fl","Oya Kiyapu eken kisime waradak nehe kiyela hodin hariyete kelin hithanne one kenek piligannewa. Oya wage sebe Bauddhe daruwan meratate Bagyak."
"Janith Mx","https://www.facebook.com/janith.mx.100837","uba hukapm kri ponnya. mita vdiya dyk kiynna nh ane mava fb block unath kmk nh.ubla hithanavta muta rata gena kekkumak tyanava kiyla"
"Dinesh Dhanasinghe","https://www.facebook.com/profile.php?id=1822810857","නිධන් හාරලා නඩු ටිකක් තිබ්බ නේද මොකද උනේ ඒවාට 😂😂😂"
"Shama Marabage","https://www.facebook.com/people/Shama-Marabage/pfbid0UdJjS8kTvr1AZ3WisSSGbN3WHNYfPf8KfG3G7fg2WTqrK6fRQEcn57yRWoMYm3XGl","රටේ විෂ බීජ..😂"
"Arun Akash","https://www.facebook.com/arun.akash.272494","ප්‍රියයන්ගෙන් වෙන් වීම දුකක්"
"රිතින් සෙනෙවිරත්න","","මේ කේ කොමෙන්ට් දැක්කම තේරෙනවා මෙයා කියන ඒවා ඇත්තද බොරුද කියලා🥲"
"Kasun Eranga","https://www.facebook.com/ven.dhammasena.1","වාසියක් ගන්නනේ කහකඩයා දගලන්නේ...😁😁😁"
"Maduranga Kodagoda","","තිත්තගල්ලයට රෙවිල ඉන්නෙ කියල මූණ දැක්කම තේ⁣රෙනවා. ඉස්සර කාපු කෑම දැං නැති උනාම අමාරැයි ව⁣ගේ..."
"Amila Kishtattoo","https://www.facebook.com/amila.kumara.3990","Supiri"
"Laksitha Walpola","https://www.facebook.com/profile.php?id=100025031900815","මුගො විඩීයෝ වලට ලයික් දාන උනුත් ඔය වගේ තමයි හමුදුවන්ට කතා කරන්න ඉගනගනින්"
"Rich Gem Jewellery X","https://www.facebook.com/people/Rich-Gem-Jewellery-X/pfbid02F6jstwqP6C2pcDW36vH4ebWztdBuy7f7PA7e4Tzgr2AhsDaj2aNn4omQ27YGccvNl","මෝකද මේ ගිහි කාළකණ්නියා"
"Dev Douglas","https://www.facebook.com/people/Dev-Douglas/pfbid02sSAfspxMqYSzo38hRjNEchQ3t7Y4WSQXFaFEVRjgXHJAJQfD4cbpJKif8NuHsRE5l","So wherea's Gnasara Hora 😂 🇱🇰"
"Jagath Lanka","https://www.facebook.com/people/Jagath-Lanka/pfbid02GgUbTBp4vMcNptEabWfJf3tHY2VQTwxYPTT9D26iEbwG7Zco8aCR5CZ3ZHzMCXtMl","Muta Kanna denna epa kalaknniya"
"Agasriyani Sriyani","https://www.facebook.com/people/Agasriyani-Sriyani/pfbid02uNyrswxT1L9hGAkFpQBYG3VuDYC8ZNyoCDRaAKffWiLors6G3QYcC526dk9MLQrBl","ඔයාල තමයි රට විනාශ  කරේ හාමුදුරුවෝ    මෙි හාමුදුරුවෝ නෙවෙියි අමු සක්කිලියෝ"
"Wijemuni Deepal De Silva","","Pala huththo yanna gon pakaya"
"Prasanna Kumara","https://www.facebook.com/prasanna.kumara.595272","මූ දැන් අර ඉත්තෑවා 2වෙල 😂😂😂මුන්ගෙ සිවුරු ගලවලා සාසනෙන් නෙරපන්නෝනී අනිවාර්යයෙන්ම ...මුනට වෙලා තියෙන්න දෙයක් තකිර පිස්සු හැදිල ඉන්නෙ 😂😂"
"Sriya Manawi","","Tho thama adarmika apita pena widiyata"
"Gayan Suranga","https://www.facebook.com/gayan.suranga.139754","Nil.  Kirilli anawa. Badu lasti wayan"
"Thissa Thissa","https://www.facebook.com/people/Thissa-Thissa/pfbid0KHWqLhWYHd5BgcngTUzNV5pmYMT2YL5A8rgREHP9CRBfUwjrQD6Qgv3ovMFCBUxMl","පඩ ෂොදාන්න එපා"
"Amal Madusanka Perera","https://www.facebook.com/people/Amal-Madusanka-Perera/61578273747930","Kari ballek muu, hamunot, denawa, pujawak. Asa hitennama."
"Asoka Senadeera","https://www.facebook.com/people/Asoka-Senadeera/pfbid02majzghbidMggKPT2FDjX5u2w5VaoFwNhcjwn6xw2sMkTpiY7TJdPmifXVkfJSCyjl","2029 ජනාධිපතිවරනය  සඳහා නෑමල් වෙනුවට තිත්තගල්ලේ  ගේ සූදානම් 🤣"
"Anura Athapaththu","","Koheda yako podi waradi oya passen awilla ......... Kanna"
"Shantha Amarasinge","https://www.facebook.com/shantha.amarasinge","Oya niyami love ❤️ 😍 💖 ❣️"
"Susil Jayalaths","https://www.facebook.com/susil.jayalaths","බොරුවට ජනතා අදහස් අවශ්‍ය නැත ්‍රී ලංකාවේ අධිකරණය තුළින් නඩුව විපාකර දඬුවම් ලබා දී ඇත එම තීන්දුව අවභාවිතා කිරීම දඬුවම් ලැබිය යුතු වරදකයේ ඔය හාමුදුරුවෝ කියන එක කියන විදිහට අධිකරණය වැඩක් නැහැ. ජනතාවගේ අදහස් අරගෙන තීන්දුව දැන් දානෙ වළඳලා කියාගෙන පාඩුවේ හිටියත් හොඳ නැද්ද"
"රස රහට","https://www.facebook.com/g80wiuucab","මේවගේ කාලකණ්ණි මැරිල යන්න ඕන"
"Samahitha Himi","https://www.facebook.com/people/Samahitha-Himi/pfbid0262tmh6nYzRqqx6xTo2VFM6s4KjTtp9YwoJqvmcKD5cj87hjcTZwVQ25xmbY6gC8Vl","තිරයක් පිටුපස ඉඳගෙන තහවුරු නොකරපු දෙයක් ලියන්න හෝ ෂෙයාර් කරන්න යන්නේ තත්පර කිහිපයයි. නමුත් ඒ සත්‍යය විකෘති කරන වචන නිසා තවත් මිනිසෙකුගේ ජීවිතයක් විනාශ වෙද්දී, දහස් ගණනක් මුළා වෙද්දී ඒ පිටුපස නිර්මාණය වන්නේ බරපතළ පාපයක්. බුදුරජාණන් වහන්සේ දේශනා කළේ අකුරකින් හෝ අනුන් නොමඟ යවන මිනිසා තම සසර මඟ මුළුමනින්ම අඳුරු කරගන්නා බවයි. තාවකාලික ලයික්, කමෙන්ට් වෙනුවෙන් හෘද සාක්ෂිය පාවා නොදී, සත්‍යවාදී වෙමු. 🙏 ""ඒකං ධම්මං අතීතස්ස – මුසාවාදිස්ස ජන්තුනෝ විතින්න පරලෝකස්ස – නත්ථි පාපං අකාරියං"" (ඉතිවුත්තක පාලිය) ""බොරු කියන, පරලොවක් නැතැයි කියා සිතන (කර්ම ඵල විශ්වාසයක් නැති) මිනිසාට කළ නොහැකි කිසිදු පවක් නැත."""
"Sudu Mahattya Nilu","","Eka atta"
"Hameed Fawru","","අත්සන් දැන්නේ නොදන්නෙ ඒගොල්ලන්ගේ කැමති නෑ බං"
"Rmasha Rathnaayaka","https://www.facebook.com/people/Rmasha-Rathnaayaka/pfbid036TMYY3Jog7pgwHvd7HxEhEE1F5vU1mrNxzTpoNKu8zXJVmLPTXYfcrWurVhX6YfQl","Mokatada..cheeware.hora..jatiwadiya..kunuharupa.chandiya.bebadda..sakkiliya..apa.yakune.moda.wenna"
"Sarth Kumara","https://www.facebook.com/people/Sarth-Kumara/pfbid02whdusqYZgdAUPohyqfWr6RZm7mhKj2rA3n2xge6FtHjjcJYWJXkAaWJPF9vmJMSRl","Pode pode verade ammahukana pode.yako L T T ekata eha muslem janathava demala janathava senhala janathava kotavana eka podeda.ube ammata hukanna kereya ubata pode athe."
"Madhara Dilshan","https://www.facebook.com/people/Madhara-Dilshan/61585223284350","Muu hodata sapa ganna siwruu horek"
"Mahesh D Ranasinghe","https://www.facebook.com/rangsnowden","මෙයා කලින් අර භෞතික විදයා සර් අන්නදන් සූරන් කෑවා.දැන් කන්න වෙන අතක් හොයනවා.මෙයාලා වගේ සාදුලා අමුම අමු පෘතක්ජන .මොකද මහණවෙනකොට දුන්න ප්‍රතිඥාව අමතක වෙලා පිස්සු භල්ලෝ වගේ දුවනවා සිවුරක් දාගෙන හතර වටේ"
"Altra Pro Max","https://www.facebook.com/people/Altra-Pro-Max/100085031382829","වැරැද්ද වැරැද්දමයි"
"Nirosh Balasooriya","https://www.facebook.com/people/Nirosh-Balasooriya/pfbid0nECgTSNaVNkwceE3VKPjqeFJGvidwQmbuMhj6Qm1eeC31zQQM75k4NAvjrFdJUYKl","එල"
"Indu Hewage","https://www.facebook.com/people/Indu-Hewage/pfbid02Y62uZR44qp8PXXUBz1tBihVJ8KcnXMNEWsMhb6SrKqr2cQ2TXufqNTyDPmXT27Xml","Aka vitharai bat kapu akekutha idala thiyenne"
"Sanath Sanjeewa","https://www.facebook.com/SanathSanjeewaOfficial","Mama nama mulin danagena hitiya buwath business Men kenek kiyala 🥱"
"Jagath Saman Kumara","https://www.facebook.com/jagath.saman.kumara.44374","Muth habayak da kohada"
"Salinda Sampath","https://www.facebook.com/salinda.sampath.462115","Tithta galla kauda ban ma mun horu"
"Dilrukshi Dissanayaka","https://www.facebook.com/profile.php?id=100006576765973","Sirawatama"
"Aki Suszy","https://www.facebook.com/akila.roxx","ඥානසාර හාමුදුරුවෝ හිරේට යන්න ඕනේ ඒක එයා කරපු වැරැද්දට කළ වැරැද්දට තමයි . ඒක එයාගේ වැරැද්ද. අත්සන් ලක්ෂයක් නෙමේ කෝටියක් ගැහුවොත් එයා ඇතුළට යන්න ඕන"
"Ash YoutubeChannel","https://www.facebook.com/7ashYT","පරයා තෝ ස්වාමීන් වහන්සේ කෙනෙකුට ගෞරව කරලා කතා කරන්න පුරුදු වෙයන්. තෝ මොනවද දන්නේ තිත්තගල්ලේ හාමුදුරුවෝ ගැන. උන්වහන්සේ කරන මෙහෙවර ගැන. තොගේ අම්මා, තොගේ ගෑණි, තොගේ දරුවෙක් අසාධාරණව හිරගත වෙච්චි දවසක උඹට තේරේවි මනුස්සයෙක් නිකරුණේ සිරගත කිරීම කොච්චර දරුණු වේදනාවක්ද කියලා"
"සශිකා සංජීවනී","","Munta hamuduruwo kiyana unta gahanna one elawa elawa"
"Biutiful Srilanka","https://www.facebook.com/serasigha.pathirana","Thawath umanda nigantaya"
"Emine Rule","https://www.facebook.com/EmineRule","ධාර්මික කියන්නේ ජාතිවාදය අවුස්සලා දේශපාලනය කරන එකද"
"Isuru A Chandradasa","https://www.facebook.com/isuru.anjana.581","දානේ කාල තෙල වැඩි වෙලා තියෙන්නේ මුන්ගේ කාලකන්නි"
"Sanjeewa Chathurani","https://www.facebook.com/chathuri.chathu.2025","තිත්තයෝ අත්සන් ⁣කොලේ දෙකට නවලා ගහගනින්"
"Gihan Ferera","","ගලවපිය කැරියෝ අපේ බුදුනේගේ ඔය සිඋර"
"Kalani Basnayake","https://www.facebook.com/kalani.basnayake.2025","ඤාණසාර 2"
"Hirantha Jayawardana","https://www.facebook.com/hirandana25","Gon pakayek"
"Rathna Kumara","https://www.facebook.com/ananda.rathnakumara.3","Kala kanni ponnayo to wadalada natinam rilada haduwe to Himi namakata kata karanna danne nati gotaya wesige putek"
"Saman Bandara","https://www.facebook.com/saman.bandara.211190","මේ බුද්ද චීවරයට අවමානවන wada කරන සියලුම පුග්ගලයින්ව නිතිය වෙතට ගෙනයන්න මේ රටට මෙහෙම වෙන්නේ ඒ නිසා බුදුන් වහස්නේට මේ කරන දේ මේ රටේ මහා නය්යක හාමුදුරුවන් ට පේන්නේ nathuda මේ වගේ wada කරන අය මේ රටට ජාතියට ආගමට කරන අපහාසයක් හාමුදුරුවන් වහන්සේලාට මේ දේශපාලන මොකටද සල්ලි තන්හාවට කරන දේවල් මේ"
"පොඩි සාදු","https://www.facebook.com/people/%E0%B6%B4%E0%B7%9C%E0%B6%A9%E0%B7%92-%E0%B7%83%E0%B7%8F%E0%B6%AF%E0%B7%94/pfbid0JgZtqqzfDGq3H6gjkjg4jwprFhH44oxkDKQy1q2aRJEi6L8eVjzqQdhrkXuTwRAUl","මොනපිස්සෙක් ද තිත්තගල්ලෙ  මූ එක එක කාලෙට"
"Chamath Perera","https://www.facebook.com/chamath.kavishka.1","චීවරෙ දාගෙන ලව් කරන්න පුලුවන් කියපු බුවා ධාර්මික බව ගැන කියනව"
"Shanuja Perera","https://www.facebook.com/shanuja.perera.2025","Uta wetharai mole thibune ape peththa awanm gahala alawanawa..thopita pukata pain gahala alawanne p k yaa"
"Senadheera Wickramasinghe","https://www.facebook.com/senadheera.wickramasinghe.1","සසුන විනාශයට බිහි වුනු... "" කාල අවතාර "" තිත්තගල්ලේ සමන්තබඩ්ඩ"
"Wmsanu Ani","https://www.facebook.com/wmsanu.ani","මේකා සමන්ත භද්‍රයාගේ සොර සොට් එකක්ද කොහෙද බලපල්ලා කොහේ කටහඬ නයි තියෙන්නේ මූණමයි තියෙන්නේ. ඒ පාඨමයි තියෙන්නේ. ඒත් ගතිගුණමයි තියෙන්නේ"
"Mahinda Karunarahne","https://www.facebook.com/people/Mahinda-Karunarahne/pfbid0M26cuMcyKKYb2Zj8DFm1DYHWPBnwudhFVvJBTHkWnthxSRhMncBqWbT8b2xpPCm1l","Oya.darmika.hamuduruwo"
"Denash Chande Mal","https://www.facebook.com/people/Denash-Chande-Mal/pfbid0FHSgt2hTWGhv8LgMpNLUhn1quypPye3Rg3aWWRZ54MgP42puXDh8PfpJCXwHz52Nl","Ganaya 🖕🖕🖕🖕🖕🖕🖕🤮🤮🤮"
"Nuwan Kaluarachchi","https://www.facebook.com/nuwan.kaluarachchi.167","Siwrata hangila Inna padada ballo mun.ratata sethak karanna Inna ewn newei mun.siwratath nigawak mun nisa"
"Piyaratne Gajanayake","https://www.facebook.com/piyaratne.gajanayake.2025","කාදිනල් කතෝලිකය ආගම ගැන කතාකරනව හරි.... මවුලවිල මුස්ලිම් ආගම ගැන කතාකරනව හරි... ඉතිං හාමුදුරුවනෙ ඔබවහන්සේ ලත් බුදුපියාණන් දෙසුව දහම ගැන කතාකලානම් හරිනෙ...🙏🏻 ඔබවහන්සේලනෙ මේ ගොබ්බ දේසපාලනෙයි(මොන පක්ශවල උනත්) වෙන වෙන කයිකතන්දරයි කුණුහරප හිනස්සන අඩවන කාන්තාවන්ගැන ආරලු බූරලු කියවන්න ගිහින් තමන් වහන්සේලගෙ තත්වෙ නැතිකර ගන්නෙ...  අඩුම සුද්ද පරයින් එක්ක එකතුවෙලා බුදුවරු නූපදින පරදේශයක් වූ ඉංදියාවට පිටමං කල අපේ බුදුපියාණන් නැවත මේ පිංබිමට වඩම්මන්න වචනයක් කතාකරනවද??? රටේ හූනියම නිවැරදි දහම ඉතිහාසෙ නොදන්න එවුන්ම තමයි... බොරුවට කියවනව විතරයි..."
"Hm Weerasekara","https://www.facebook.com/gayan.weerasekara.733","Topit darmika ne tama"
"Chamara Madusanka","https://www.facebook.com/MaDuWaStreaMinG","අධිකරණය ස්වාධීනයි සැමට"
"Lakshan Muthukuda","https://www.facebook.com/tharindu.lakshan.7967","ගිහියෙක් නෙමෙයි මේකා දැන් රිරි යකා. වගේ 😅😅"
"Spp Upasena","https://www.facebook.com/spp.upasena.1","Pala pakayo"
"H M Senarathna Buddagama","https://www.facebook.com/hmsenarathna.buddagama","අඹු දරැවන් ඇස් ඉස් මස් ලේ දන්දි කල්ප ගානක් පෙරැම් පුරා බුදුබව ලැබුවේ ලෝකයක් සුවපත් කරන්ඩ මිසක් එක එකාට ඔින විදිහට සෙල්ලං කරන්ඩ නෙවෙයි තිත්ත ගල්ලෙට වැරදුන තැන"
"Sachithranim Fernando","https://www.facebook.com/people/Sachithranim-Fernando/pfbid0hNSUpZA3JCevizU5mfnEythLaTP492U5ZSPjHKCrutM3U1cPpSPMkZKJaw8QB1AEl","Apith kagahanawa Hora ganayooo"
"Rohana Wickramasingha","https://www.facebook.com/rohana.wickramasingha.2025","PALA KARIYA"
"Nalin Ngm","https://www.facebook.com/profile.php?id=100050097968377","සාදු, සාදු 😂 ඇයි මේ ආවේගය? මට නම් පේන්නේ,  චීවරය මඇතුලේ දරුණු මදාවියෙක් ඉන්නවා වගේ,,,"
"Jayampathi Kannangara","https://www.facebook.com/people/Jayampathi-Kannangara/100078668750356","නාන ගෙ සක්කිලියෙක්"
"Chamara Dunusinghe","https://www.facebook.com/profile.php?id=100052429086817","මේ වගේ ගණයොන්ව ගල් ගහලා මරන්න ඕන 😤"
"Nalin Darshana","https://www.facebook.com/nalin.darshana.794","කව්ද හු#තෝ උබ උබ කතා කරන්න වත් දන්න එකෙක්ද තෝ මොකෙක්ද"
"Sam Raj","https://www.facebook.com/sam.raj.524129","අවජාතක කොන්ත්‍රාත් කාලකන්නියෙක් 😡මේ"
"Supun Disanayaka","https://www.facebook.com/supun.disanayaka.739","Ubala darmikada budda cheewaraya awabavitha karala ahinsaka minissunta rawattana kalakanni"
"Krishantha Anthony Weerasinghe","https://www.facebook.com/profile.php?id=100006486067490","ඔය පකෙක් උ හුත්තිගෙපුතා සිවුර දාගෙන වෙසිගෙපුතා පුක දෙනවා"
"Save Ranathunga","https://www.facebook.com/people/Save-Ranathunga/pfbid02y7saZgVxaztkeqxmW3U415apAnBFaBUSyKMuxxxcViL3oQY86omqtXneEgTJrJoLl","Meka mokada me. uba kohomada hamuduru kenektabmehema katha karanne. ayeth jathiwade aussanne thanbima thamai."
"Gayan Krishantha Wijesinghe","","යාපනේ කල්මුනේ ගිහින් සිංහල රට කියන්ඩ බෑ සංහිදියාව ගලාගෙන යනවා දකුනේ විතරයි සංහිදියාව"
"Gayan Rox","","Rajapaksa Asuchi"
"Dharmasiri Adikaram","https://www.facebook.com/dharmasiri.adikaram.7","බනක් කියාගෙන හිටපං බං පිස්සු කෙලින්නැතුව"
"Huttata Sapa","https://www.facebook.com/people/Huttata-Sapa/pfbid02RHMA6ySZiN9MZPZZ83Ds5ZBAB4tWDGSRUt2zfDEwFja5R88xfsuJEcn6Gh4VThQjl","Mu mushlim eakek...aniwa balapan munge fesh..1"
"Sampath Prasad","","Okunta siuru galola gahanna one"
"Sandun Hemantha","https://www.facebook.com/hemanth.sandun","සම්පූර්ණ ඇත්ත කොල්ලා .. මූ තමා නැගීගෙන නැගීඑන අලුත්ම පීචමා.."
"Dharmapriya Senarathne","https://www.facebook.com/profile.php?id=100001052824276","කොහොමත් හාමුදුරුවන් ට  බැනල ශාසනයට කෙලවල සුලු ජාතීන්ට රට අයිති කරල දෙන්නෙ සිංහල ප..කු ම තමයි. උන් සුද්දගෙ කාලෙත් හිටිය අදත් එක එක වෙීශයෙන්  ඉන්නව. උතුරු නැගෙනහිර සිංහලයන් කීදෙනෙක් ඉන්නවද, සිංහලයො පදිංචි කරන්න පුළුවන් එක බල්ලෙක් නෑ, රට පුරාම ගම්මාන හද හද සුලු ජාතිකයන් පදිංචි කරනව."
"Suvera Aslam","https://www.facebook.com/suvera.aslam","තවත් හොර කහකඩ යෙක්"
"Ravindra Rupasinghe","https://www.facebook.com/ravindra.rupasinghe.907027","නියම කොල්ලෙක් මල්ලි ඔහොම තමා ඔය හොරුන්ට කඩේ යන උන්ට කතා කරන්න ඕන"
"Pravin Max","https://www.facebook.com/pravin.r.babu","Ishel Yehara menna film 🫣🫣🫣"
"Tharindu Udayanga","https://www.facebook.com/people/Tharindu-Udayanga/pfbid027at7gs3k8NSuET2Hf5XviArYq7U6jkagNPFRHCB3YPcN12hRcnzHFD9qJbvBamSol","මූ පිස්සෙක්"
"Nilanthi Kúmari Dasanayaka","https://www.facebook.com/nilanthi.kumari.dasanayaka","වැරැද්දක් කරලා තියෙනවානම් ඇඹරෙන්න ඕන නෑ උසාවියෙනුත් තියනවානම් ආයෙ මොකටද අත්සන් නීතියට ගරුකරනවා මිස කවුරුත් යටයි නීතියට"
"Hewawasam Nhgs","https://www.facebook.com/hewawasam.nhgs","කථා 2ක් නැහැ මු පාතාලේ කරියෙක් ඇතුලෙම තියන්න ඕන"
"සනිල් පියන්ත","https://www.facebook.com/sanil.priyantha","Hamuduruwane ballek uda biruwata bayawenna epa"
"Nishen Perera","https://www.facebook.com/nishen.perera.92","Pissu ganayekk thoooo"
"Lalitha Senadeera","https://www.facebook.com/people/Lalitha-Senadeera/61566714595979","බවුද්ධ අය හාමුදුරුවන් ට බණින තරම්. (කතා කරන්න දන්නේ නැහැ)අන් ආගම්  දේකේම අය බණිනවාද.fb ඒකේන් comment ඒකක් දැම්මාට මරණ දඩුවම.."
"Chandana VY","https://www.facebook.com/profile.php?id=100002831383150","සමාව දුන්නොත් ඒක නීති විරෝදියි...නීතියට ගරුකරන්න ඕන කවුරු උනත්. මේ ජනපති නීති ගරුකයි. ඔයාල උසීගන්නන්න එපා ..එහෙම උනොත් එයාටත් විරුද්දව අපි නැගී සිටිනවා."
"Krishantha Dandeniya","https://www.facebook.com/people/Krishantha-Dandeniya/pfbid02L638wp8NLnBbXSRpHP8MPvvkwv6eeyX2W4RR3wyDvSxi5gn8ToXyAhNg5R3GME3Al","චීවරයට මුං මුවා වෙලා මොනවද මේ කියන්නේ. ඹයාලත් ධර්මය නොදන්නා මෙයාල පසු පස ධර්මය සොයා ගෙන යනවා ද?  තීරණය ඹබෙ බුද්ධිය මත රදා පවතී."
"Kuruwita Arachchi","https://www.facebook.com/kuruwitaarachchi.suhadachiranthana","අනේ තිත්තෙ නෙමෙයි හු...... තේ, ටිල්වින් කොහෙද ප....යො, ධාර්මික. ටිල්වින් කියන්නෙ නො.1 JVP කාරයෙක්. අද කිව්වා කියලා ලියලා තියාගනින් ලංකාවෙ ඊළග ජනාධිපති ටිල්වින්."
"Ishara LC","https://www.facebook.com/479hkpk57l","ඉතුරුටික කියපන්කො...😆"
"Pra Sa","https://www.facebook.com/presannagamage9","Respect එකෙන්ම මුන්ට කියන්න ඔන දේ මුනටම කිය්නවට 👌💪"
"Ajithkumara Senadeeragepeiris","https://www.facebook.com/people/Ajithkumara-Senadeeragepeiris/pfbid0Qyf488S8uh8pbbYnYe94M1TZAFJxjeyKnR3R7MWJd4LJY7gK8wAL9JNn1WDPexbel","අනෙ ඉතිං පිස්සූ හුකනවා"
"Harshana Madushanka","","Carry wada epa hamuduruwane ok"
"Tiran Dayarathna","https://www.facebook.com/tiran.dayarathna","Muge ketha....paw sathage.🤣🤣🤣"
"Helika Ridik","https://www.facebook.com/helika.ridik","Thiththagalla apita pau පුරවන්න apa bn😂"
"RM Sunil","https://www.facebook.com/jr.sunil.648258","නියමයි.තව.බැනපිය.කොල්ලො.සුපිරි"
"Nandana Yonal","https://www.facebook.com/nandana.yonal.7","ඔය අත්සන් කරපු කොළ ටික fb දාපන් අපට බලන්න"
"Sepalika Subasinha","https://www.facebook.com/sepalika.subasinha","කතාකරන්න ඉගේනින් කල්ලතොනියෝ ස්වාමින් වහන්සේලාට..තො තොගේ අප්පට කා කරපන් මු කියලා අවලන් සුනකයා..."
"Patirana Sunilsanta","https://www.facebook.com/patirana.sunilsanta.5","Mun sakkili jvp kuhakayo"
"Capital Capital","https://www.facebook.com/capital.capital.734811","තට්ට පකයා"
"වසන්ත වයබ සිංහයා","https://www.facebook.com/people/%E0%B7%80%E0%B7%83%E0%B6%B1%E0%B7%8A%E0%B6%AD-%E0%B7%80%E0%B6%BA%E0%B6%B6-%E0%B7%83%E0%B7%92%E0%B6%82%E0%B7%84%E0%B6%BA%E0%B7%8F/pfbid02qzwzkACzapx4tHEpb76vZ7dUDoHEBdBFah1GQL1gwyTgHdykcgSP23e2TMXaDFLQl","එල බන් මල්ලි❤️❤️❤️❤️❤️❤️"
"Googleguru Rashmi","https://www.facebook.com/googleguru.ameer","කතාව සීයට සීයක් ඇත්ත.. මෙන්න මිනිස්සු.."
"Perera Perera","https://www.facebook.com/people/Perera-Perera/pfbid037LuHDhYRsBqBGaFU5CpVYJ6fjGANydzZY16MnN23fgVed4z9eQxRMzHD9MUT7ySel","තොපි කොහෙද යකෝ පොඩි පොඩි වැරදි කරන්නේ සේරම කරන්නේ ලොකු ලොකු වැරදි"
"Sumudu Wasantha II","https://www.facebook.com/people/Sumudu-Wasantha-II/pfbid09eaSiD8u4Br4X7Zs3jWVinU5oPUKRQGdNgUtfwqFoCFCziF6rvsgxLZFMovuarH5l","බෞද්ධකම නිසා සමහරක් අත්සන් කලාට සාසනය වෙනුවෙන් වැඩක් නොකරන කුහක දේශපාලුවන්ට ගොට්ට අල්ලන එකාට කැමති නෑ.. අනෙක සිවුරක් දාගත්තට ගෝඨයින්බරයෙක් වෙන්ඩ බෑ. අනෙක පාතලයේ එකෙක් වගේ හැසිරෙන්නත් බෑ.. සිවුර ගලවලා  වීරයෙක් වෙන්න පුලුවන්නම් හොදයි ... ඕකට කියන්නේ සිවුර පොරවාගෙන රගනවා කියලා .. මහජනයා ඔය වගේ අය පිලිගන්නවා නම් ඒ සමාජයක් නැති අය තමා ...😥😥😥😥😥😂😂😂"
"Alexander Prabaharan Indrarajan","https://www.facebook.com/alexander.prabaharan","Topeth tade ora tamaii dandada videos podak"
"Dewaka Chth Mudiyanse Bandara","https://www.facebook.com/profile.php?id=100022141069074","Pala tattayaa"
"Roshan Dandeniya","https://www.facebook.com/profile.php?id=1277377140","ගන්දස්සාරයා ඇතුලට ගියාට පස්සේ උගේ තැන ගන්ඩ වගේ තටමන්නේ"
"Nilanka Chamara Wijekoon","https://www.facebook.com/nilanka.chamara.5","අඩන්න ඔට්ටු නැ🤔🤣"
"Bianca Wijewardena","https://www.facebook.com/harini.amali.96","Ithin umba ehema rajungen samawa ganda epa 😂. Umba hamuduro  kenek newei ."
"As Rastha","https://www.facebook.com/people/As-Rastha/pfbid0Dhbdwaxzk4W2gEhxb9wWK1euL7SxgMhuDtqoDSmL3j3XGLfzcqJ432iDPWtTbsR6l","මුත් මුගෙ ඇගේ අමාරුවට අරක්කු බොනවලු"
"Dissanayaka C Kumara","https://www.facebook.com/chamindakumara.dissanayake","ගණයට  ahagatta aetida"
"Iresh Vijesinghe","https://www.facebook.com/people/Iresh-Vijesinghe/pfbid0AdatY17FfPL2frEPZ6YwdUNatmxgWKwgXjzJb9orVAD293RqVTfudZQj4Ch55q9al","Sahathika aththa machan"
"Chanaka Prasad","https://www.facebook.com/chanaka.prasad.520","ගලගොඩ ඥානා හිරේ ගියාම,,, ඊලඟට ජාතිවාදේ ආගම්වාදේ අවුස්සන්න මැදමුලනෙන් replace කරපු තක්කඩියා තමයි තිත්තගල්ලේ...👈👈   මෙයා ආගම්වාදේ අවුස්සන හැටි අනාගතේදි හොඳට බලාගන්න පුලුවන්...🤮"
"ලහිරු ලහිරු","https://www.facebook.com/people/%E0%B6%BD%E0%B7%84%E0%B7%92%E0%B6%BB%E0%B7%94-%E0%B6%BD%E0%B7%84%E0%B7%92%E0%B6%BB%E0%B7%94/pfbid02Gti2KtLpu2dseAXPBqqXYfE2mHsin48QrBj6V7eDkAvB2jHEyBBnqo6HDnCXU17Rl","තිත්තගල්ලේ හු....කට හේත්තු වෙලා කියලා එලිවෙච්ච් දවසට තමයි සිවුර දාලා දුවන්නේ 🤭🤭🤭🤭😁😁😁😁"
"Chaminda Liyanage","https://www.facebook.com/chaminda.liyanage.372661","Ane dena dane kala niwana awaboda karaganin anunge kunu hodannathuwa ganaya"
"Nishantha Kumara","https://www.facebook.com/nishantha.kumara.902481","මේ මොන මුසලයා ද  😁😁😁😁"
"Natasha Crooz","https://www.facebook.com/natasha.crooz.7","Ane palayan hutta galle yanna pinata kana pissu huttala"
"Sithmi Anuttara","https://www.facebook.com/arosh.sandakalum","ජාතිවාදෙ අවුස්සන්න එපා ගනයො මේ කමෙන්ට් බලපන් උබට බනින උන් කීයක් ඉන්නවද"
"Lakmal Lakmal","https://www.facebook.com/people/Lakmal-Lakmal/100071680982598","මෙි වහින හින්දා කාවයියො එ මෙි අත දුවනවා කොහොමත් මෙකාගේ මුන බලාපියවි තනි හොර මුනක් නෙදකින් සාසනේ කන්න ආපු අවලමි බල්ලා"
"Silwa Shanaka","https://www.facebook.com/people/Silwa-Shanaka/pfbid0kMsC9dKFPV6coNX41vadWz6EFBXg4WK8TvMspn2GHaszD9PKS3HHkhMRcuyfCp51l","මහනායකල මැරිලද මේ රටේ   ඕකුන්ට  බැරිද  මේවගේ උංට  සංඝයා කියන නාමයෙන්ම නෙරපා දාන්න පුළුවන්  උං කරන්නෙත් මේව බල බල ආතල් ගන්න එක ඕකුන්ට ඕනෙ ඉස්සර වෙලාම  නීති ගේන්න"
"Akalanka Millehena","https://www.facebook.com/umillehena",""" සාදු බං සාදු "" 😆😂"
"Madhu Madhushanka","https://www.facebook.com/indumadush","Shriyan Shriyan මූ නොකිව්වත් ගනයෙක් ඇයි.. හොරුන්ට කඩේ යන්නෙ සිවරක් දාන්..... අහින්සක මිනිස්සුන්ට පව් නොදි හිටියනන් බනක් බාවනාවක් කරන් ඕව අහගන්නෙ නෑනේ... අනික ෆේක් ලබ්බොන්ට බයේ ඉන්නද කියන්නේ..."
"Mahesh Sooriyabandara","https://www.facebook.com/sapumal.bandara.5074","ඇත්ත ❤️"
"Nilu Rajapaksa","https://www.facebook.com/nilanthi.sinhamuni.9","Pinata dena danaya kala munta thele wadi wela inne  pansawal walin gahala elawanna onai"
"Gamini Gamage","https://www.facebook.com/people/Gamini-Gamage/pfbid02k8yg5FiaZom6KsFvYDmDALHCeDeRhPN88u7TqcFJtfSyk6ANEQ6isDbjsvuKdxEel","තවත් වන chariyak"
"Kate Arinawa","https://www.facebook.com/kate.arinawa","Kala beela nidaganin huththo"
"Ranjan K Mudalige","https://www.facebook.com/people/Ranjan-K-Mudalige/pfbid0qfcvtkA9XjHoJQBg5gzugLxbDAvPJbVV3cE3zY7K7EWiotuVJJagzVtt7kLgrrNRl","ප්‍රීතිරාජ්  සංසර්ගය කරද්දි ප්‍රීති කොපුව ඉරිල ප්‍රීති ඉරාජ් කියල නම දැම්ම කියල ආරංචියි"
"Rohan Sanjeewa Rohan Sanjeewa","https://www.facebook.com/rohansanjeewa.rohansanjeewa.90","අනේ බොල බල්ලො මේ හාමුදුරු කෙනෙක්,,තෝ ආපායෙ පැහෙන්න නියමිත හිකනලෙක්,,තෝ කන්නඩියක් ලගට ගිහින් මූන බලපන්,,එතකොටම සසර කල කිරිලා,,නිවන් දකීවි,,මොඩයා"
"Rashika Pradeep","https://www.facebook.com/rashika.pradeep","මුව ඇවිල්ල සිවුරක් දාගත්තට කාල කන්නෙහොරෙක්"
"Samanthamax Max","https://www.facebook.com/people/Samanthamax-Max/pfbid023CCpRUeR1URNDf9ZG3xyZsHRN9N1fGnfbqotrxVAPKH1meYdppnFqALvNHqy6no5l","දාපිය ඔකාව කූඩුවට්ට හොර ගනගෙඩීයෝ ගන්ජා අරක්කූ බිගේන සිවුරට මුවා වෙලා හාමුදුරූ රස්සාවත් මරූ නේ ලුනූ ඇබූල් නොබලා අනේ අපේ උනුත් වැද වැද කන්න දෙනවනේ මුන්ට ජාතී බේද ආගම් බේද ඇතිකරන මුන්ට සිවුර ගලවලා පැත්තකින් තියලා සිවුරට වැදලා ගහන්න ඔනේ මේ පකයිලට රේවේන්න"
"සදු වා","https://www.facebook.com/saduwa67","බුදු හාමුදුරුවෝ දේසනා කරේ දර්මේ හැසිරෙන්ඩ කියල මුන් කරන්නේ වෙන එකක් ..😐"
"Buddhika Vithanage","https://www.facebook.com/buddhika.vithanage.997772","පවු පුරවන්න එපා හුත්තෝ ☹"
"Ashraf Mulafer","https://www.facebook.com/ashra.mulafer","Roll karala gaha ganin puke.  Oya tika"
"Jaga Sara","https://www.facebook.com/people/Jaga-Sara/pfbid023mWkBHqgAUpP1G9SnZocytxxxyU3czCC62Xc2pRbdBUDCo3gtobsAW9uA1snsf8Dl","Mun thama jathiwada hada hada me rata kawe mun oma thama sinhalaya shinhalaya kiwata pajath shinhalain thama oya unwage un innakan ratak hadanna be kotawana ekamai karanne sakkiliyo praba karan hodai yako munta wada u hitiyanam me rata hadila thiyenne me awa jathakayanta wada mathaka thiya ganin bedun wade aussa aussa e gathimai unge hama ekagema thiyenne"
"Hemantha Samarajeewa","https://www.facebook.com/hemantha.samarajeewa.2025","ආමි එකේ ඉන්ඩ බැරිව පැනල ගිහින් මහන වෙච්ච මු කියනව උන්ඩෙට බිලිවෙනවලු 🤣🤣🤣🤣🤣🤣"
"Sha Sha Bandara","https://www.facebook.com/profile.php?id=61560995210978","Mu yakek wage ban mahana unata"
"Kushan Chathuranga","https://www.facebook.com/rdk.chathu","සංඝ කල්ලි සාමාජික තිත්ත ගල්ලේ.......😂"
"Dinesh Mdr","https://www.facebook.com/profile.php?id=61560051453940","අලුත් ගෝරිල්ලෙක්"
"Lasitha Ak","https://www.facebook.com/profile.php?id=61563004718236","Sakkili  jepp tho"
"Weerakoon Bandara","https://www.facebook.com/people/Weerakoon-Bandara/pfbid031wTuebmB6qphxahbshYN291yXkmiZKmfpB8ptr8nyg8MtSen4u9CiWkjbocUZ7el","Dekkarana agella puke gahagena Kate thiyaganin"
"Anura Santha","https://www.facebook.com/anura.santha.9","මූ පාරදිගේ හොරුන් වෙනුවෙන් හිඟා කන්න ගිහින් බැනුම් අහගෙන. ජනාධිපති අනුරටයි, ලේකම් ටිල්වින් සහොදරයටයිනෙ බනින්නෙ. මොකෙක්ද බං මේකා"
"Ravindra Dissanayake","https://www.facebook.com/ravindra.dissanayake.129","මේ වේසිගෙපුතා රාජපක්ශලාට කඩේ යන පරයෙක්"
"Manju Sri Mudhannagoda Sri","https://www.facebook.com/manjusri.sri.16","ලේන්සුවාගේ. පයිය සූප්පු කරන. තිත්තගල්ලේ පකයා..."
"Anuradhapura Master Painter","https://www.facebook.com/anuradhapura.painter.bass","අය්ය සුපිරි කතාව 🌹🌹🌹🌹🌹"
"Ramsan Mohamed","https://www.facebook.com/ramsan.mohamed.972155","මුන් දෙන්නේ ගොන් ඇත්තල්"
"Jagath Aravinda","https://www.facebook.com/people/Jagath-Aravinda/pfbid02ukiPVWnhbC6j5PiNLFhPswC4ftbpu91keGvAf1nHCcfpaASJSqj1rsxM4eSUZs6il","තිත්තයි නෙමෙයි උබ අප්පිරියයි"
"Lakmal Udaya","https://www.facebook.com/lakmal.udaya.298852","අනේ පකෝ ඒ හාමුදුරුවෝ හිරේ යන්නෙ වෙන ප්කකට නෙවෙයි අදිකරනයට අපහසකලයි කියන වරදකට මෝඩ හැතිකරේ තියාගෙන රාජපක්ශල පිටින් දාල කෙලෝනව. බලන් ඉදපන් ඉස්සරහට මොකද වෙන්නෙ කියල. ජාතියක් ජම්මයක් නැති සෙවල පකා."
"Channa Akshala Biyagama","","Comment   බලපිය  ගෝත හැත්ත"
"Chals Dimbul","https://www.facebook.com/chals.dimbul","යකෝ කහරෙද්දක් පොරකින්ට තෝත් හොරෙක්නෙ දහන් ගොඩදාලා කරන්න පුළුවන් ඔක්කොම ජඩ වැඩ කරන නෙවෙයි ඉන්නේ දැන් හොරුන්ට හොරු එකතුයි"
"Lahiru Chathuranga","https://www.facebook.com/people/Lahiru-Chathuranga/pfbid02n7RvgtKVLfjfN3oqbo1njDvXPtKM417N42chZKMjogbKBYTNkNHTiXgwX1xdw7FZl","Pissek neka"
"Maliya Nanayakkara","https://www.facebook.com/people/Maliya-Nanayakkara/100040668544701","🥴 යැයි යැයි 😂"
"Sujani Lalani","https://www.facebook.com/sujani.lalani","ජාති. ආගමි. ෙබිද. ඇතිකරන්නඑපා."
"Tilak Til Tilakarathna","https://www.facebook.com/jacks.sparro","මොන පොඩි වැරදිද බන් , උබලාගෙ සිව්රුගලවලා ගහලා පන්නන්න ඔනෙ"
"Mohammed Ismathulla","https://www.facebook.com/people/Mohammed-Ismathulla/61581867991953","Meh Amudhuruwo wayree prekasa kiyanawa Meh Karanne Rate jathin Athara wayrewe ethi kara Rate nethi pressnayak adhannay.nithiya hidhiriyata genna oneh Singapore wela nam  ewelema nithiya kiyathmaka karawanawa 🙏🙏🇱🇰🇱🇰🇱🇰"
"Hemantha Weerasinghe","https://www.facebook.com/hemantha.weerasinghe.94","උඹලා අස්සන් කෝටියක් එක්කහු කලත් වැඩක් නෑ සමාව දෙන්නෑ 😀😀😀"
"Herath Herath","https://www.facebook.com/people/Herath-Herath/pfbid02jwqcTpNfiLhg52qvAnvbfffeAVVaYkd8LSyUAJaq8W8tZgMHVnYgXAtHjFz1g714l","පර සක්කිලි රාජපක්ෂ හැත්තගේ ගු කන සක්කිලි ච්වරධාරෙක් තොබොල අපට සාපයක්"
"Gamini Vidanage","https://www.facebook.com/gamini.vidanage.9","උබලා කම්බ හොරු සියුරුදාගෙන"
"Kamal Wijesiri","https://www.facebook.com/kamal.wijesiri.2025","නොදකින් කාලකන්නි පරයා තෝව ජාතක වෙලා තියෙන්නේ බල්ලෙකුට කියලා ජාතියක් ආගමක් නැති අහිකුන්ටික වෙසිගේ පුතා"
"Red Panther","https://www.facebook.com/people/Red-Panther/pfbid0UVZ1FkAU1x2sJCkBhetWjytYoW2kpnjMDZPZ6KnfjYgXaucttMPrC8gqGA4Yy94Sl","Mee wage kotinta kade Yana Boru Sinhala nam dan inna kawalan awajathaka Jana Walt kade Yana un innw nam UN lankawe wenna nam bee 🤣"
"Mallawaarachchi Dulan","https://www.facebook.com/mallawaarachchi.dulan","දෙශපාලනය කරන්න මේවාගේ හමුදුරු වරු සිවුර තියලා වැඩක් තියෙද එන්නෙ බුදු දහම මිනිස්සුන්ට පහදවන්න එත් මහන වෙලා කරන්නෙ දෙශපාලනය 😁"
"Pathmasiri Muhandiram","https://www.facebook.com/pathmasiri.muhandiram.2025","අත්සන් කරලා පුගේ ගහ ගනින් ඕක"
"Priyankara Piyarathna","https://www.facebook.com/people/Priyankara-Piyarathna/pfbid02XaDecrNVZMyAX6YPjr87ZikzMWAP815FoEPe6P4Wq4sYC8MSph8gErDxT2p9bMg5l","උබට පෙන්නන්න උබ මොකෙක්ද ගන් කබරය."
"Woranjan Kanchana","https://www.facebook.com/people/Woranjan-Kanchana/pfbid02BXMFx5bN7sLGrLhVczfPdpyjPZzxr3HVPFsjDE9CaVLaVNv4EAArdkdFHdQ3CtLKl","Malli. Mona unath,oyaa Pau puroganna EPA. Nikan"
"Мадунаяна Гунасекхара","https://www.facebook.com/madunaana.gunasekhara","Respect අයියේ"
"Asanka Weerasinghe","https://www.facebook.com/asanka.bandara.524934","කව්ද යකො මේ කහ රෙඩ්ඩක් ඇඩන් ඇගිල්ලකුත් උස්සන් කෑ ගහන..ටට්ටයා..ඇමට් කේනෙක්ඩ නැට්ටම් හොරෙක්ඩ මංකොල්ල කාරයෙක්ඩ....😅 ගැහුවයින් ගැහුවෙ නෑ මෙහෙම කටිරයක්...🥲 අයේ මොනාඩ සකේ බොතල් දේකක් ගැහුවා වගේ ටමයි...ටන කොල ගලොගෙන යන්නේ...අම්මො අම්මො..."
"Ajith Somawickrama","https://www.facebook.com/somawickrama.ajith","තිත්තගාල්ලෙ ධාර්මිකද ?"
"Duminda Alahakoon","https://www.facebook.com/duminda.alahakoon","මේකාව අල්ලලා මහණ කරපල්ලා සල්ගාදු ..."
"Tharaka Jayawardana","https://www.facebook.com/people/Tharaka-Jayawardana/100003983186294","Mugeth danawa gaththa seen thiyenaea, sorakam walata. Mainalage gaththa samawan hora mattu unama. Death edenawa ethi ekayi me sadde. Muta neethiya Genna."
"Vipula Jagath","https://www.facebook.com/vipula.jagath.10","මු ගංජා ගහලා"
"Janaka Godagampala","https://www.facebook.com/janaka.godagampala.7","ගලබොඩ අත්තේ හැන්ගෙන්ඩ කලින්  ලොක්‌කව හපල වගේ පිස්සු හැදිල  තියෙන්නෙ"
"Bandula Jayamanna","https://www.facebook.com/bandula.jayamanna","එළු තම්බියා තොට ළඟදිම වැඩ වරදිනවා"
"Aruna Nishantha","https://www.facebook.com/aruna.nishantha.3956","Bandula Jayamanna ආගමට ගරහන සක්කිලි කාලකණ්ණි බල්ලෝ උබ වැඩි රගන්නැ"
"Mdis Rajasingha","https://www.facebook.com/mdisr.mdisr.7","Bandula Jayamanna ඔයාටත් ලගදිම ලැබෙනවා"
"Inzaak Rameez","https://www.facebook.com/people/Inzaak-Rameez/pfbid02cPoC2v8e2CLPMcgXSEFHhv8nVARACt5owKNi6KazFtzrY1FYyD5vRFXGfWfVeKgRl","Bandula Jayamanna බුරැ මුණා 🤣"
"Kaveesha Kave","https://www.facebook.com/people/Kaveesha-Kave/61583530571276","Bandula Jayamanna gon bandu uba eda golpes  ghpu eka harida gono"
"Kaveesha Kave","https://www.facebook.com/people/Kaveesha-Kave/61583530571276","Bandula Jayamanna thono  thambiya ganne..ube ammata ballo hukanne"
"Lanka Anurasiri","","උබට කොහාට හේත්තු කරලද නෑමොලයා තොගේ පුකේ ඇරියේ..."
"Kalpa Prasanna","https://www.facebook.com/people/Kalpa-Prasanna/pfbid02f5K59Wsi2Eu6eEVCVLtnSg4Jwj2dE4qtww539zkfpYVULjQPRfzhZjnsKfKsB6Tvl","මුන් තමා බුද්ධ ශාසනය විනාශ කරල දාන අවජාතක බල්ලො"
"RB Herath","https://www.facebook.com/people/RB-Herath/pfbid0QCLPhFrmUX4hX4MXBqkkWTfeRVXRqowYmbeAtCtEpQ4tpQKc9gDmBrAgxbv9QLaBl","මේකත් අරූගේ ගණ ඒකෙන් තමා ගන ගෙඩියක්"
"Mohan Dulath","https://www.facebook.com/madhawa.walakuluge","Meka සිංහල baudha rata. Thopi danne na demalage ම්ලේච්ඡ බව. උබලා දන්නේ නැ thambiyage ම්ලේච්ඡ බව. තොපි යුද්දේ කාලේ කොහෙද හිටියේ."
"Sajeewa Nirosha Kumara","https://www.facebook.com/sajeewa.rajapksha","Darmika rajek inna nisai hama magulama.. mama janadipathi wela hitiyanem oba wahanse rahath wela adama..."
"Amarapala Ratnyaka","https://www.facebook.com/amarapala.ratnyaka","මේ  තිත්තයා  දැන්  අත්සන්  කිරීම  අසාර්ථක   වීගෙන  යන  නිසා  ආපහු  ආණ්ඩුවේ  අයටයි  තවතව   අයටයි  දොස්  කියනවා .. බැරි  වෙලාවත්   අරූට   සමාව   දුන්නනම්  ( ලැබෙන්නේ  නෑ  දෙන්නත්  එපා ) වැඩෙ කෙරුනයින්  පස්සේ  මුන්  හැසිරෙන්නේත්  මේ   විදිහටම  තමයි. මුන්ට  කෙලෙහි  ගුණ  නැහැ.  අමතක  වන   ඩිමෙන්සියා  ලෙඩ්ඩු. නිදහස්  කරන්න  කියල  "" අපේ   ජනාධිපති  ""  කියන  මුන්  අර මනුස්සයෙක්  කෑකෝ  ගැහැවට  කියන   වචන  කොහොමද . කවද   හරි  ජනාධිපති ටත්  කරන්නේ  ඹය  ටිකම   තමයි. සමාව  දුන්නත්  නැතත්  මේ  ගණයො  කවද  හරි  මොකක්   හො  දෙයක්  ඇදගෙන  ජනාධිපති ටත්  බනිනවා  බනිනවා  තමයි. එනිසා  මේ  ගණයො  විශ්වාස  කරන්න එපා . සර්පයෝ."
"Sa Abeykoon","https://www.facebook.com/profile.php?id=100040011703208","තෝ  අරාබින්ට  ජාතක උනාද  දෙමලුන්ට  ජාතකඋනාද පිංපියා"
"Chadeezha Shiwantha","https://www.facebook.com/chadeesha.shiwantha.50","පලයන් කැරි ගනයා 😂"
"Idusha Teeshan","https://www.facebook.com/profile.php?id=100012853362270","මෙ ස්වාමීන්වහන්සෙ කරන්නෙ අපෙ නිර්මල බුදුදහම හැල්ලු කරලා විනාස කරන එක"
"Samantha Priyadarshana","https://www.facebook.com/samantha.priyadarshana.7169","මී හරකෝ මේ රටේ රජෙක් නෑ ලබ්බො"
"P.D. Suranimala Nimal","https://www.facebook.com/p.d.suranimala.nimal.9","මේ කථාව කරන පොල් බූරුවා හිතාගෙන ඉන්නෙ ඌ සාධු චරිතයක් කියලා.ඔය කථා කරන හාමුදුරුවන් ගෙයි මුගෙයි වැඩි වෙනසක් නෑ.තොපි දෙන්නම කරන්නෙ රට,ජාතිය,ආගම කන එකයි.පර හැත්ත...."
"Nalaka Sampath","https://www.facebook.com/nalaka.nalakash","මුං සිවුරු රඳවන"
"Nihal Wellappuli","https://www.facebook.com/nihal.wellappuli.2025","අනිත් උන්ට කොන්ද නෑ හොර ගනයෝ තමයි රට කෑවේ"
"Tharanga Sanjeewa","https://www.facebook.com/people/Tharanga-Sanjeewa/pfbid0zympF95TFEzazxuUUcUnY1k4x9NWyZWctebPDnc3PLW3Y4tFytUXCudmEdqjnfsal","ගොන් ගනයො අම්මාට හුකපන්"
"Kasun Madusanka","https://www.facebook.com/alex.s.dairy","යසයි මේ වගේ සිවුරු දාගෙන බොරු මවා පාන .එලොවටත් නැති මෙලොවටත් නැති සක්කිලි වගේ එවුන්ට කතා කරන්න ඕනි මෙහෙම තමයි පවු පිං බල බල හිටියම එනවා හුත්තිගෙ පුතාලා කරේ නගින්න.මුගෙ මුන බලපන්කො කන මුනක් තියෙන්නෙ .පේන් නැද්ද කුපාඩි සක්කිලි මූන මේකගෙ 🤬 එනවා අත්සන් ගන්න.අත්සන් නෙමෙයි දෙන්න ඕනි මුන්ට.සාසනේ කන්න මහන වෙච්ච උන් 🤬🤬"
"Kapila Priyantha","https://www.facebook.com/kapila.priyantha.706502","මල්ලි උබ කියලා දෙනවා නියමෙටම...බැනපු එකයි ආගියුමන්ට් කරපු වුනුයි පටිට.. ඒ හොදටම ඇති..පෙත්සම ලේප්ට් වෙන්න...🤔🦍🦧"
"Jayantha Pathmasiri Appuneththi","https://www.facebook.com/jayantha.appuneththi","මූ හරක් හොරෙක්,🤣🤣🤣"
"Nilantha Amaratunga","https://www.facebook.com/nilantha.amaratunga.5","කහ සිවුර කනව මුං"
"Imtiaz Raju","https://www.facebook.com/imaiyas.raju","Ane palyun ban yanna 🐕🖕🤣😂"
"RK Udǟʏǟ","https://www.facebook.com/rkudaya1234","මුගේ සිවුරත් ගලවන්න ඕන..🤣🤣"
"Dishmi Yehara","https://www.facebook.com/people/Dishmi-Yehara/pfbid0JhLD62dysNaEQkJcVVi2v5bce5MJZ59YaXt5ZwwcGR4tt2WU1DKcURCTWDa5phg3l","මේ පාහරයා උබ කියන්නේ........බුද්දාඟමට සිංහලයට  දැන්  හොද කලක්  උදාවෙමින්  තියෙනව...."
"Palliyaralalage Don Dinesh","https://www.facebook.com/palliyaralalagedon.dinesh","බැනලාමදි මුන්ට ගහලා එලවන්න තිබුනේ රාජපක්ෂලාගේ ගුකන හැත්ත"
"Kumara Sumith","https://www.facebook.com/people/Kumara-Sumith/pfbid0EtcqsfxZUXuSu6ftb7gLQ892D6WKYsvVL9ZcQ3VXgKqKiufpAd9ZE4jESKuBRGQsl","මූ සිවුර පොරවගත් සක්කිලියෙක් පොන්නයා"
"Dilini Nawagamuwa","https://www.facebook.com/dilini.nawagamuwa.3","සිවුරෙ ඉන්න බැරිනම් මොන එහෙකටද මහන උනේ....චි..ලැජ්ජයි ...අප්පිරියයි"
"කදුලු කතාවක්","https://www.facebook.com/people/%E0%B6%9A%E0%B6%AF%E0%B7%94%E0%B6%BD%E0%B7%94-%E0%B6%9A%E0%B6%AD%E0%B7%8F%E0%B7%80%E0%B6%9A%E0%B7%8A/pfbid01U4RrrTF8L4742FJ7a4dLPk9i4WBhE4e4uxHz5iLk6sV2a7jp8FXHNt2u1vMwPgPl","උඹ උඹ කියලා කතා කරන්න අකැප නෑ මොකද උඹ  සක්කිලියෙක් හින්ද හාමුදුරුවරු වැරදි කරනවා ඇති හැබැයි චීවරේට ගරු කරපන්  උඹ කියපන්කො කියපන්කො කිය කියා කියුවානේ තව ටික කාලෙකින් සිංහල බෞද්ධයන්ට වෙන දේ දැකලාත් උඹ ඔහොමම ලයිව් එකක් කරපන්  කාලකණියෝ"
"Waruna Sanju","https://www.facebook.com/waruna.sanju.2025","කහකඩයා උබත් ධාර්මික නෑ උබ කියන්නෙත් පට්ටපල් බොරු. කළු,කැත,කොට කහකඩ බයියා."
"Anuradha Hettiarachchi","https://www.facebook.com/chinthaka.hettiarachchi.104","මුගේ මූන සමතලා කරන්න එකෙක් නැනේ කසිප්පු තිත්තයා නෙදකින්"
"Nawagashinne Ananda Himi","https://www.facebook.com/people/Nawagashinne-Ananda-Himi/61580823307258","ලොන්ත ඩෝබියෙක්."
"Chanda Nath","https://www.facebook.com/people/Chanda-Nath/pfbid0HKPcJup49DwBuqrAdp8GQSNCB9nu5xkaQd7P2zmrdsGz2eE4NoehoeGk1wFa8ASzl","මේවගේ එව්න්ගේ සිව්රු ගලවන්න පුලුවන් අය ඉන්නවා ඒඅය බුදුදහමට කරන විශාල මෙහෙයක්"
"Samith Dilshan","https://www.facebook.com/dila.dila.916568","මුලින් තෝ කතා කරන්න ඉගන ගනින් කාලකන්නියා"
"Abaya Abaya","https://www.facebook.com/abaya.abaya.7528","කවුද උබ ජෙප්පන්ට කඩේ යන අපතයෙක්..."
"Kumara Siri","https://www.facebook.com/people/Kumara-Siri/pfbid03LWGz6uSzo3RT6kb7YutzdXL5y35SWpY7kNYKCh6FzsYywGcAiJ8cbCT212Y84dCl","මුලු  රජරටම  කියන්නේ  ඔය  සංගයා  සිරගෙදර  යවන්න  ඕනිමයි.  ඔය  කාගහුවේ  එකයි  හොදේ.  ඔය  වගේ  පර ගනයෝ  නිසා  අපිත්  පව්  පුරවා ගන්නවා."
"Ama Dharshani","https://www.facebook.com/ama.dharshani","අපේ මේ සුන්දර රට කෑවෙ තොපි වගේ කාලකන්නියෝ හොද හාමුදුරුවරු ඉන්නවා ඒ හාමුදුරුවරුන්ට ගරු කරනව වදින්වා තොපි වගේ බොරු කාරයන්ට වන්චාවෙන් ජීවත් වෙන උන්ට ගරු කරන්නෙත් නැහැ වදින්නෙත් නැහැ"
"AK Kumara Amith","https://www.facebook.com/ak.kumara.amith","යකො මුං කවද්ද මහාන වුනෙ බලපල්ලා අනෙක් රට වල හාමුදුරුවෝ කොච්චර ආගමට දහමට ලැදිද කියලා තොපි මොනවද කරන්නෙ පව් පිරුනත් කමක් නැ මුං මෙ සිවුරු දාගෙන කරන සක්කිලි වැඩෙ නිසා අනෙක් ආගම්වල වුන් තව තවත් මෙවගෙ උන්ගෙ ආගම් දියුණු කර ගන්නවා නොදකින් මෙ වගෙ පව් කාරයො මොනවද මුං බෞද්ධයො කියලා කරන්නෙ බණක් හරියට කියනවද එකත් තව එකෙග්ගෙ ඔපයක් නැත්නම් කාට හරි බනිනවා ඔවද යකො තොපෙ බණ තු මටනම් මුං අප්පිරියයි. තොපෙ බණෙන් නම් මට වැඩක් නැ මගෙ ආගම මම අදහන්නෙ හදවතින් එ ඇති උබලා වගෙ පව් කාරයන්ගෙන් බණ අහලා අපි තවත් අපායෙ"
"Harenda Gomis","https://www.facebook.com/people/Harenda-Gomis/pfbid06139esrYe5ALZQaZiZou6VVKqBNLYcZYYTWS6gi5A1U5koL6r36FCyLhr3gKrqQkl","තවත් රෙදි හෝදන සිව්‍ රු    වහලෙක්"
"Siril Athapttu","https://www.facebook.com/jananirma","හිස් තැනට සුදුසු වාක්‍ය කුමක්ද?"
"Dasun Shanaka","https://www.facebook.com/people/Dasun-Shanaka/pfbid09C3EgxjfTk9MQBVfZbdjT2uRkvrnuc1ogwiRQiyjuhte9RuAxgsqa9SbW4BV8L1wl","වෛරය පතුරන  ඔබ වගෙ චීවර ධාරීන්  බුදු දහමටත් නිගාවක් 😂😂😂😂"
"Jpkumara Gamaga","https://www.facebook.com/jpkumara.gamaga","අපි හිටියනං ගහලා පන්නන්නේ කාලකණ්ණිය ඉදකිං"
"Suresh Asela","https://www.facebook.com/profile.php?id=100000984249478","තොට ඔක්කොම ඇවිල්ල කෙලියනං තමා හොද? අධිකරණ තීන්දුවලට බුදු දහම පටලනවට. වනචාරීයා"
"Lalith Senevirathne","https://www.facebook.com/lalith.senevirathne.39","මුගේ අම්මා පට්ට ගණිකාව.වේශ ගෑනුන්ගේ ළමයි මහණ කරපු එකේ විපාක.තිත්ත ගාල්ලේ කියන්නේ වේසිගෙ පුතෙක්."
"Roshan Hettiarrachche","https://www.facebook.com/roshan.hettiarrachche","තවත් ගොං ගන ගෙඩියෙක් එලි බහී"
"Manjula Perara","https://www.facebook.com/manjula.perara.77","පොන්න ගනය"
"Tissa Jayasinghe","https://www.facebook.com/tissa.jayasinghe.14","රාජපක්ෂලාගෙ අසූචි බුදින තවත් එක් පාහරයෙක්"
"P.J. Hendawitharana","https://www.facebook.com/people/PJ-Hendawitharana/pfbid07Z2X5skqcixVQkCH7KEaNHybG8ZY6dauUKdRv7BHbxBdL49z54kvoxV6ebpoyj5Sl","ඉස්සරවලා උබ ධාර්මික වෙල හිටපන්"
"Waruni Kongalawickrama","https://www.facebook.com/people/Waruni-Kongalawickrama/pfbid02tLUiofqJgxYPkkVCQ75kxWnxHF3NoiUquyv57UBpwQrCM11NtADHyTQdStHwBWxPl","සිංහල දෙමල මුස්ලිම් ඔක්කොම මේකෙ ඉන්න ඕනා.. එලවන්න ඕන හැම ආගමකම ඉන්න අන්තවාදියො ටික. උන් කරන්නෙ අනිත් මිනිස්සුන්ගෙ ඔලුවල විශ පුරවන එක."
"Rohan Manchanayaka","https://www.facebook.com/rohan.manchanayaka","කැරිහමුදුරුෙවා"
"Janaka de Silva","https://www.facebook.com/Janakadesilva123","ඔහොම ගිහින් හම්බ වෙයි සමාව..."
"Maza Fredrick","","තක්කඩියා"
"Shana Tawa","https://www.facebook.com/dharshana.kumara.148","මූ කහකඩයා ගෝරිල්ලෙක් වාගේ"
"Roshan Kavinda","https://www.facebook.com/roshan.liyanage.520","තිත්තගල්ලෙ හු#*@ත තලා ගන්න හදන්නෙ"
"Warnasuriya W M Wimal","https://www.facebook.com/warnasuriyawm.wimal","එක අත්සන් කරල ඉවරවෙලා රෝල්කරල පුකේ ගහගන්න අවසරයි අපේහාන්දුරුවනේ./."
"යෝ ගා","https://www.facebook.com/dula.madurasinghe","හොර පාහර කහකඩ හැතිකරේ වඳවෙලායන්න ඕනි..⛔⚰️🏳️"
"Sandaru Bandara","https://www.facebook.com/people/Sandaru-Bandara/pfbid02GaoDYeZneXx8j5gmWuX9dNwE3qpjrykDqgSo22PfAPR9ypZqGRw5Lcc4Dcyyuvj7l","මූ මූ කියන්න උබ මොකෙක්ද පකෝ බල්ලොන්ට ජාතක උන පින්නිය"
"Ngp Namal","https://www.facebook.com/ngp.namal","🤣"
"Upul Indrajith","https://www.facebook.com/people/Upul-Indrajith/pfbid036tamQ6Hqy9ww9ThT9cT2gRV5VzDFkhyYD7Ueo7kkdKShqptZU1jAx7F3juJrXVS2l","තොපිතමයි වෛයරය ආගම්බෙද ජාතිබෙද ඇතිකරන්නෙ තොපිට තියෙන්නෙ උතුම් ⁣බුදු රජානන්වහන්සේගේ ධර්මය දෙසනාකරන්න මිසක් එක එකාට පක්කලි වැඩකරන්නනෙමෙයි තොපිඔය චිවරෙ දාගත්තෙ අන්න එකට"
"Peduru Arachchi","https://www.facebook.com/people/Peduru-Arachchi/pfbid02VEoHNn94Dd297LtKHwcB6FtHSv9xoFP55vQbifV2ps4J961EmGDTvtXzMfbz2tapl","අනේ උඹේ අම්මට හුගාක්"
"Raja Gunasekera","https://www.facebook.com/raja.gunasekera","කාලකණ්ණි වල් අවලම් ජඩ සුනක ශුක්‍රානුවෙක්..මුන් තවත් මේ රටේ රගනවානේ කාලකණ්ණි අවලම් කහකඩ ශුක්‍රානු සුනකයා.."
"Sarath Dias","https://www.facebook.com/sarath.dias.440135","මුව මරලම අයින් කරන්න ඕන"
"Ranendra Amila","https://www.facebook.com/amila.flooring","උබ සිංහලයෙක්ද"
"ෂෙල්ටන් සේනාධීර","https://www.facebook.com/people/%E0%B7%82%E0%B7%99%E0%B6%BD%E0%B7%8A%E0%B6%A7%E0%B6%B1%E0%B7%8A-%E0%B7%83%E0%B7%9A%E0%B6%B1%E0%B7%8F%E0%B6%B0%E0%B7%93%E0%B6%BB/61585304865266","මේ කතා කරන එකා මොකාද මේ වීඩියෝ දමලා කතා කරන්නේ ඉස්සෙල්ලම හාමුදුරුවෝ කෙනෙකුට ගෞරවය ඇතුව කතා කරන්න ඉගෙන ගැනීම් ප** තෝ අවජාතක උනාට බල්ලෙකුට ජාතක උනාට සංඝයා වහන්සේලාට ගරු කරන්න  ගරුත්වේ දීලා කතා කරන්න ඉගෙන ගනින් තොපි ඕවාගේ කෑගහන්නේ නෑ නේද උතුරේ අර පන්සල් කඩන කොට ගිහිල්ලා බුදුරජාණන් වහන්සේට අපහාස කර කර පින්තුර දාපු උන්ට විරුද්ධව තෝහොම කතා කරේ නෑ නේද පර බල්ලෝ මේ රටේ හින්දා හොඳයි වෙනරටක උනා නම් තොපේ මළ කඳංොයන්නත් නෑ මොනා වුනත් හාමුදුරුවෝ කෙනෙකුට ගරු සරුව ඇතුව කතා කරන්න ඉගෙන ගැන සාක්කිලි අවජාතකයා උඹලගේ අම්මල වේස්කං කරලා දරුවෝ හදපුවම මේවාගේ උන් තමයි සමාජයට බිහිවෙන්නේ හරි ජාතකයක් නැති එකා අනුන්ට අපහාස කරන්න හරි කැමතියි ඒ ජාතකයේ තියෙන හැටි හැටි අවජාතකයේ තියෙන හැටි උන් නිතරම හොඳ මිනිස්සුන්ට අපහාස කරලා නින්දා කරලා බොරු කියලා කියලා කේලම් කියලා සමාජයේ වූ ප්‍රසිද්ධ වෙන්න දඟලන නමුත් ඌ දන්නෙ නෑ ඌ සමාජයේ පිරිහෙනවා කියලා උඹ ඔය විදිහට කතා කරපන්කෝ වෙනත් ආගන් නායකයන්ට මොකද වෙන්නේ කියලා බලන්න අවජාතක වීසිගේ පුතා"
"Siri Lal Jasenthu Liyanage","https://www.facebook.com/sirilal.jasenthuliyanage","[Image Attachment]"
"Uditha Prabahath Gunasingha","https://www.facebook.com/udithaptabahath.gunasingha","තොගෙ අමට ....."
"Priyantha Benedetti","https://www.facebook.com/priyantha.benedetti","පිං බත් කෙලින්න අපරාධ කරන්න තොපිට කවුද අවසර දුන්නේ??? වනචාරියා.."
"Josap Antani","https://www.facebook.com/josap.antani.35","[Image Attachment]"
"Duminda Herath","https://www.facebook.com/people/Duminda-Herath/61582571069986","මුංට ගහල එලවන්න ඔනේ. මුං සිවුරට ගැලපෙන්නෑ. මැරයෙක් වගේ"
"Chandrawathi Kodikarage","https://www.facebook.com/chandrawathi.kodikarage","උබට උබවත් පාලනය කර ගන්න බැරැව කොහොමෙයි ධාර්මිකයි කියන්නෙ ඉස්සර වෙලා ධාර්මික වෙයන් උබ"
"Kapuge Lakshman","https://www.facebook.com/kapuge.lakshman","[Image Attachment]"
"Ruwawalisaye Mal Hamuduruwoo","https://www.facebook.com/people/Ruwawalisaye-Mal-Hamuduruwoo/pfbid0zoHjVgd68Dyrv8JVPzF5i6eoZHEh1vLChGQ5e5b5wV9XvXhBEK3udd6STJczHdWel","මුන් සින්හල වෙන්න බෑ.මේ හාමුදුරුවෝ කියන්නේ ඇත්ත.කෙලෙහිගුන නොද්ත් මෝඩ සින්හලයෝ .හාමුදුරුවෝ හාමුදුරුවෝ වෙනුවෙන් ඉන්න ඕනි.බුදුපුතුන් ලෙස.මුන්ට හාමුදුරුවෝ ඇලජික්.කාලකන්නි සින්හලයෝ.අතීතයේ කහ සිවුර නැත්නම් සින්හල ර්ටක්නෑ"
"Welsami Ilankowan","https://www.facebook.com/people/Welsami-Ilankowan/pfbid02gDAayiyoq3BsgU8iJJ8hWUjiyVxCRdCKqTa7KhcEdpTo12Vt35U2jgwvQzdLeyhMl","👍🌹🌹🌹🌹"
"DK Mahinda","https://www.facebook.com/dk.mahinda.3","[Sticker]"
"Shane Silva","https://www.facebook.com/shane.silva.5492","❤️"
"Dilshan De Silva","https://www.facebook.com/dilshan.desilva.7587","😂😂😂😂"
"Krishnamal Sanka","https://www.facebook.com/krishnamal.sanka","😂😂😂😢😢😂😂😂"
"Roshan Fernando","https://www.facebook.com/roshan.fernando.9849","😂😂😂😂🤦🤮"
"Sameera Madusanka","https://www.facebook.com/sameera.madusanka.706958","[Sticker]"
"Nimash Fernando","https://www.facebook.com/nimash.fernando.2025","[Image Attachment]"
"Shafrinaz Jazooly","","👏👏👏👏"
"Sandaya Pushapkumari","https://www.facebook.com/sandaya.pushapkumari","[Sticker]"
"Nilanka Ekanayake","https://www.facebook.com/nilanka.ekanayake.3","'"
"Keerthi Wijesinhe","https://www.facebook.com/keerthi.wijesinhe","[Sticker]"
"Lucky Coonghe","","[Image Attachment]"
"Jawfer Jawfer","https://www.facebook.com/mohamed.zafardeen.94","[Image Attachment]"
"Chandrasena Gamage","https://www.facebook.com/chandrasena.hamanduwagamage.5","[Sticker]"
"Sandaru Fernando","https://www.facebook.com/sandaru.fernando.855820","Ishan Miyuru"
"Dhanushka Sanjaya","","[Sticker]"
"Damith Madushan","https://www.facebook.com/damith.madushan.9","😂😂😂"
"Indrajith Silva","https://www.facebook.com/indrajith.silva.300894","[Image Attachment]"
"Mahesh Susantha","https://www.facebook.com/mahesh.susantha.79","[Image Attachment]"
"Dinesh Jeewana","https://www.facebook.com/dinesh.jeewana","🐕🐕🐕🐄🐄🐃🐃🐃🐃"
"DiLsHaN KaNcHaNa","https://www.facebook.com/dilshan.kanchana.5","🐃🐃🐃🐃🐃🐃"
"Keyboard Chandana Nuwan","https://www.facebook.com/people/Keyboard-Chandana-Nuwan/pfbid0nZRXGLr1itkNvNEBoPb1VPV5UxWjXdUWWV3UEkJuzukaLRQaUXg8Fngbvm3L3uuQl","👍"
"Deshan Premarathna","https://www.facebook.com/deshan.premarathna.5","😂😂😂"
"Achala Peiris","https://www.facebook.com/achala.peiris.683788","https://www.facebook.com/kumara.pitigala.2025/videos/2961012570899739/?mibextid=Nif5oz  💩🌷✖️📞🤣🐍🐦🐅"
"Upul Feranando","https://www.facebook.com/upul.feranando.3","[Image Attachment]"
"Latha Mangeshwaram","https://www.facebook.com/people/Latha-Mangeshwaram/pfbid02Jf9VPzHRiDzbNSS6dehxHthqLntTrGycsJDhp2A1wVo53MYDmRvg3oxodMkMPB6Ql","අනුරාධපුරේටම එක මිනිහායි  කොන්ද පන තිබුනේ සිවුර පොරවගන මොකා අවත් වදිනවානේ අනුරප්‍රරේ මනුෂයෝ එහින්දාා තමයි සිවුරැ දගත් හොරැ මන්කොල්ල කරයෝ ලමාඅප්රද කරයෝ සේරම අනුරධපුරේට එන්නේ හිගන්ඩ"
"Sathees Sathi","https://www.facebook.com/sathissathi.sathi.5","🤣🤣🤣🤣"
"Ravi Krishna","https://www.facebook.com/madush.samare","[Sticker]"
"Shamini Nayana","https://www.facebook.com/shamini.nayana","[Sticker]"
"Na Kumara","https://www.facebook.com/na.kumara.806611","[Sticker]"
"Chanaka Chaturanga","https://www.facebook.com/chanaka.chaturanga.94","😂😂😂😂😂😂"
"Anthony Saamy","https://www.facebook.com/people/Anthony-Saamy/pfbid0PMJLpFyxdx6RcYwa8Spo6bfd6GgwyJEJ8uD7mAhQY3kxQ1WY9viBp22ofhbX793Gl","2"
"Wilfred Rathnasingham","https://www.facebook.com/wilfred.rathnasingham","[Image Attachment]"
"Nishantha Rathnaweera","https://www.facebook.com/nishantha.rathnaweera.2025","👏👏👏👏👏👏"
"Nüwän Jäyäködie","https://www.facebook.com/nuwan.jayakodie","[Sticker]"
"Mahendren Mahendren","https://www.facebook.com/mahendren.mahendren.969","[Image Attachment]"
"Niluk Nishantha","https://www.facebook.com/people/Niluk-Nishantha/pfbid02vdpneN1E4sRqoiDPDCFQNEEwvSowExGvcd2xzyPd5LvfDLfs3pfb9HzJ1YZU5ssml","👍👍👍👍👍👍👍👍👍👍👍👍👍👍"
"Ravi Raja","https://www.facebook.com/ravi.raja.760524","👍👍"
"Anura Kodituwakku","https://www.facebook.com/anura.kodituwakku.52","🤣🤣🤣🤣"
"Rudhran Mahadhev","https://www.facebook.com/people/Rudhran-Mahadhev/pfbid05nG2RvupBZkQRBMqHNr2TZ4TeBfGUA4NTWHf69TKRZyjazhu8q2VPWxootePF9i9l","🤣🤣🤣"
"Esala Piumal","https://www.facebook.com/esala.piumal.2025","[Image Attachment]"
"Jmjegan Dmcc","https://www.facebook.com/jmjegan.dmcc","😄😄😄😄"
"Mudith Dharmapriya","https://www.facebook.com/mudith.dharmapriya","[Image Attachment]"
"H.M. Gunarathna","https://www.facebook.com/lakshan.yoghurt","[Sticker]"
"Priyantha Ranathunga","https://www.facebook.com/ranathunga.priyantha","🤑🤑"
"Tonic Ishan","https://www.facebook.com/asuha.ishan","[Sticker]"
"Janaka Wanadura","https://www.facebook.com/janaka.wanadura","💯💯💯🔥🔥"
"Pradeep Rukman Athukorala","https://www.facebook.com/pradeeprukman.athukorala","[Sticker]"
"Dilhan Chamara","https://www.facebook.com/dilhan.chamara","👍👍"
"Nadun Jayawardhana","https://www.facebook.com/nadun.jayawardhana.9","😂"
"Gamage Susantha","https://www.facebook.com/gamage.susantha.313","😂😂😂"
"Asmy Gmc","https://www.facebook.com/asmy.gmc","[Image Attachment]"
"Asanka Kumara","https://www.facebook.com/asanka.kumara.979071","[Image Attachment]"
"Aj Styles","https://www.facebook.com/people/Aj-Styles/pfbid0z2WiYbBVVevb2JwCxXWYVL5dq4emRLie8RH8ZfBY3XCodq7pMT1HMRfetAzrYwhFl","🤣🤣🤣🤣🤣"
"Sajika Perera","https://www.facebook.com/people/Sajika-Perera/pfbid024gopzC9hD6ArGHCoBMC3o8Z2xyVmpzaeBVysN2PVJzAP8gEMyj6B7p7WFiRGcwk9l","[Sticker]"
"Anurudda Pathiraja","https://www.facebook.com/anurudda.pathiraja.3","[Sticker]"
"Kggopal Kgetr","https://www.facebook.com/kggopal.kgetr","[Sticker]"
"Ravi Ravi","https://www.facebook.com/ravi.ravi.713714","🙀🙀🙏🇱🇰🙏😁"
"Mohamed Asmi","https://www.facebook.com/mohamed.asmi.862029","😭"
"Yogaraj Joe","","[Image Attachment]"
"Rasika Lakshani","https://www.facebook.com/rasika.lakshani.96","👍🤝"
"Suresh Sk","https://www.facebook.com/people/Suresh-Sk/pfbid02npiFPVcJGBPVPdtqS7xKJQfc8yygb2ZT5cvLo9vaRjuBULXLfaFi9wBnZA525FGDl","❤️🔥"
"Jeevan Kumar King","https://www.facebook.com/jeevan.kumarking.5","[Sticker]"
"Muhamad Risme Risme","https://www.facebook.com/muhamadrisme.risme","💯💯💪💪💪👍"
"Irfan Amru","https://www.facebook.com/irfan.amru.10","🔥🔥🔥❤️❤️❤️"
"Anastasia Paul","https://www.facebook.com/mishel.dilu","👍👍"
"Si Madushanka","https://www.facebook.com/si.madushanka.2025","[Image Attachment]"
"Sarah S. Muthu","https://www.facebook.com/sarah.s.muthu","👍🏻"
"Ahm Iqbal","https://www.facebook.com/ahm.iqbal.96","🤣"
"Sasi K Sk","https://www.facebook.com/people/Sasi-K-Sk/pfbid02bzCyuuUDetKhpoLMHs8Aqq6Ka8T2jyu6eru69zQK9WWssjoFsUAfgYTpMQL4P8W3l","[Sticker]"
"Kokila Kavinda","https://www.facebook.com/kokila.kavinda.75","👍❤️👍❤️"
"Rg Raninda","https://www.facebook.com/rg.raninda","[Sticker]"
"Prasad Wijethunge","https://www.facebook.com/prasad.wijethunge","👋👌👍"
"Must","https://www.facebook.com/must.932136","💪🏻"
"Mhmd Jasmin","https://www.facebook.com/mhmd.jasmin.2025","😂"
"Prabath Chandana","https://www.facebook.com/profile.php?id=100000475485592","🤪🤣🤣🤣"
"Priyankara Perera","https://www.facebook.com/priyankara.perera.971598","😂"
"Shivanthi Sharmila","https://www.facebook.com/shivanthi.sharmila","🐕‍🦺😂😂😂😂😂"
"Jude Saman","https://www.facebook.com/jude.saman.73","[Image Attachment]"
"Neelthi Ranasinghe","https://www.facebook.com/people/Neelthi-Ranasinghe/pfbid02CJnHCPZcKRUfNm77p8tn2hcseUzu7W4WrWmMNes8JoB2cUoWv7E7zZ1XBPMQJre7l","[Sticker]"
"සුරංග විතානගේ","https://www.facebook.com/szg4a8l44g","[Image Attachment]"
"Sudesh Silva","https://www.facebook.com/sudesh.silva.102","🔥😂"
"Rohan Pushpakelum","https://www.facebook.com/rohan.pushpakelum","😂😂😂🔥🔥🔥👍"
"Shahul Hameed","https://www.facebook.com/shahul.hameed.168259","😂"
"Munnasami Ameer","https://www.facebook.com/people/Munnasami-Ameer/pfbid02ondMPG2ub5J6mddyMb4ZvrXrDEe78L7RdRdDKgXtr74rCrozJzHdyBiHeN6L4TUNl","[Sticker]"
"Imtiyas Rahman","https://www.facebook.com/imtiyas.rahman.1","[Sticker]"
"Mohamednazeer Mohamed","https://www.facebook.com/mohamednazeer.mohamed.35","❤️"
"Mohamed Mafas","https://www.facebook.com/mohamed.mafas.7146557","[Sticker]"
"Kumara Kumara","https://www.facebook.com/kumara.kumara.273647","[Image Attachment]"
"Prema Kumara","https://www.facebook.com/prema.kumara.7","තිත්ත ගල්ලේ බල්ලා ටොංපචකෙළින්න එපා අවජාතක පජාතියා... සිව්රු ඔතපු ගූ බල්ලා"
"Aruna Chandana","https://www.facebook.com/aruna.chandana.180","අවජාතක කහකඩ අවලං කවලන් කාලකන්නි වේසිගෙ පුතා පල හුත්තිගෙ පුතා ඔය චීවරේ තියලා ගවුමක් ඇදගන් පරයෝ ඔය පකයා හිරේ දාන්නම ඕන වේසිගෙ පුතෙක්"
"Vinodika Fernando","https://www.facebook.com/people/Vinodika-Fernando/pfbid0nbVsYCBjMyhCVfCZjmiGoPJeVth3ZKChSnHPAY323f4nxnkSZBJ2QHxpPDT5xFrul","[Sticker]"
"Suresh Mendis","https://www.facebook.com/suresh.mendis.735","😆"
"Chaminda Kumara","https://www.facebook.com/people/Chaminda-Kumara/pfbid02TnpGZh7GTmf93CjDeStbQiXaUBKMw57LLjjtbGZcgnHagmxhwsJEyVGtLtTUTVTcl","[Sticker]"
"Nandana Liyanage","https://www.facebook.com/nandana.liyanage.530689","😂😂😂😂😂😂😂😂😂😂😂😂😂😂😂😂😂😂😂😂😂😂😂😂"
"Vijitha Wijesinghe","","[Image Attachment]"
"Ranjani Wijewicrama","https://www.facebook.com/ranjani.wijewicrama","[Image Attachment]"
"Mohamed Afan","https://www.facebook.com/askar.arshaq","[Image Attachment]"
"Nishantha Kumara Punchi Hettige","https://www.facebook.com/nishanthakumara.punchihattege","[Sticker]"
"Rifas Rifas","https://www.facebook.com/rifas.rifas.585","[Sticker]"
"Ayomi Dilrukshi Dissanayake","https://www.facebook.com/wasanadilrukshi.dissanayake.5","[Image Attachment]"
"Kamal Hemantha Kumara","https://www.facebook.com/kamal.hemanthakumara","[Sticker]"
"Mohamed Azar","https://www.facebook.com/people/Mohamed-Azar/pfbid04DwgHZPJG1msuze25PzaL6C2vcmZkJnN5KN2hjxvUbo37Tk8zencZ9uhwqMLye8pl","👍"
"Nilaxsha Nipun","https://www.facebook.com/people/Nilaxsha-Nipun/pfbid02msT9gwiLWP7rhqHxknJndPEJP2Jqe6yxuAyTZvCmM4jKWRyVuZfsfpVCjsbQSPpyl","[Image Attachment]"
"Shamil Shamil","https://www.facebook.com/people/Shamil-Shamil/pfbid0VLb48k3GrQivdDoWkJwb9htE5bhGKntH14jbithNBzUyah3itUnHmgwPjXq9Astel","[Sticker]"
"Akib Anas","https://www.facebook.com/people/Akib-Anas/pfbid0KBcnfkkiA5aQ1fxoRYVSVMMMRPyuCujqc9yVdbJkg5WsxgeRgt5gfardzFnqZ4RMl","[Image Attachment]"
"Seevali Anuradha","https://www.facebook.com/seevali.anuradha","😅"
"Mahesh Sampath","https://www.facebook.com/mahesh.sampath.18","[Image Attachment]"
"Rahamth Raleey Bashir","https://www.facebook.com/people/Rahamth-Raleey-Bashir/100092639702184","[Image Attachment]"
"Sampath Kumara","https://www.facebook.com/people/Sampath-Kumara/pfbid02ishTeVvuULg49XLW5mRaW1dxtegy3GTr3cvbXamhe97VCaJS6fXLMJ3j4TKQsN1Ul","❤️"
"Mohamed Asmi","https://www.facebook.com/people/Mohamed-Asmi/pfbid0f1bmbr7XtQcgNj76DHjeKft6Sap14C4dmpLpNHt15Mh56NVF1AFxyhQTpdqC9XKAl","🔥🔥🔥"
"Indrani Kookkinou","https://www.facebook.com/indrani.kokinou","[Image Attachment]"
"Rasiah Jayakanthan Jayakanthan","https://www.facebook.com/rasiah.jayakanthan.jayakanthan","[Image Attachment]"
"Ganthi Nathan Ganthi","https://www.facebook.com/ganthinathan.ganthi.3","[Image Attachment]"
"Upul Warnakula","https://www.facebook.com/upul.warnakula","🤣🤣🤣🤣🤣"
"Rayis Hafsa","https://www.facebook.com/rayis.hafsa","[Sticker]"
"Antony Joseph","https://www.facebook.com/people/Antony-Joseph/pfbid02gscDj4eUcWDxctoHndqpZnxG9rAjbyuXaFX931seUCN8VKnBvRpNoDGaFrnFez6Hl","😂😂😂😂😂😂😂😂😂😂😂"
"Mohamed Razeen","https://www.facebook.com/mohamed.razeen.10","💯"
"Ashok Siranjala","https://www.facebook.com/ashokshalomfamily","[Sticker]"
"Malani Silva","https://www.facebook.com/malani.silva.721387","[Image Attachment]"
"Ishara Lakshitha","https://www.facebook.com/ishara.lakshitha.643326","😂😂😂😂😂😂😂"
"Pg Kristy Kristy","https://www.facebook.com/people/Pg-Kristy-Kristy/pfbid02z5MKbQGNMmoVHMyjesvixFUW4nWv4rEzNKB7ZKQYSBZqcVMyBcpnhHA77JbeYMVUl","👍👍👍❤❤❤"
"Vasee Haranv","https://www.facebook.com/vasee.haranv.2025","😂"
"Arujina Dissanayake","https://www.facebook.com/arujina.dissanayake.2025","👍👍👍👍"
"Sujith Kumara","https://www.facebook.com/people/Sujith-Kumara/pfbid0SGnzvoLBUE3jg1mRV9ukUvCG9b8Dvj9u9PAgCmFk5XhEbUSwADrUn2SDHpCWoM3Hl","[Image Attachment]"
"Jayathilaka Jayathilaka","https://www.facebook.com/jayathilaka.jayathilaka.7549185","😁"
"Kalil Rahman","https://www.facebook.com/kalil.rahman.129357","👍😆👍"
"Fhatima Sameera","https://www.facebook.com/fhatima.sameera.1","🫡🫡🫶🙏"
"Puspa Kumara","https://www.facebook.com/puspa.kumara.58323","[Image Attachment]"
"Sujeewa Senarathne","https://www.facebook.com/su.raj.1422","💐💐💐👍"
"Rajitha Tharanga","https://www.facebook.com/rajitha.tharanga.500842","🫵👌🫶"
"Sasi Yehen","https://www.facebook.com/people/Sasi-Yehen/pfbid024jDBQekjdeUbx39hFFNGxARHa3QQGbJgvfDnQfLYYm56cdHz6Ar4yJodQxbcGXSMl","[Sticker]"
"Gamini Suriya","https://www.facebook.com/gamini.suriya.2025","[Sticker]"
"Ranga Kumara Jayasirige","https://www.facebook.com/ranga.jayasirige","මුලින්ම ඔය සිඋර දාගත්ත් උං ටික මහාන කරානම් හොදා නැතං ඕකුං තවත් කාලකන්නි වගේ මේ රට විනාසකරන්න හදනව අධිකරණ නියෝගයක් දුන්නනන් ඒක වැරදිනම් වෙනම නීතියානු කූලව පියවර ගනිල්ල"
"Rohan Kumarage","https://www.facebook.com/rohan.kumarage.77","[Sticker]"
"Vikum Punchihewa","https://www.facebook.com/profile.php?id=100021979995071","😂😂😂"
"Ananda Bandara","https://www.facebook.com/people/Ananda-Bandara/pfbid02wYnsJf3vKsP6L14VhgsTKWqUhNDR7wiVYBQBavQboroj35rwFpC6nzt26jHV1yApl","[Sticker]"
"Mohan Raje","https://www.facebook.com/people/Mohan-Raje/pfbid0brTLdyRV1c48kRMiU1HGzckT25TPmsG9kQTdzFNN5RjGehMdbedbhxRS7tmoeHQYl","[Sticker]"
"Sunil Shantha","https://www.facebook.com/sunil.shantha.10","[Sticker]"
"Chinthaka Ruwan","https://www.facebook.com/chinthaka.ruwan.3781","[Image Attachment]"
"Eral Gunawardhana","https://www.facebook.com/eral.gunawardhana.1","[Image Attachment]"
"Prabath Manjula","https://www.facebook.com/prabath.manjula.5602","🔥"
"Nuwan Gajanayaka","https://www.facebook.com/nuwan.gajanayaka.982","තොපි  කාලකන්නි  චිවරයට  මුවා  වෙලා  ...ඒ  බුද්ධ චිවරය  අවබාවිතා  කරනවා  ...මෙිරට  විනාශය ට  ඇදලා  දාපු  එක  බල්ලෙක්ට  විරැද්දව  නිතිය  කියාත්මක  වෙින  කොට  මුං  චිවරයට  මුවා  වෙලා  එකා  රකින්න  හදනවා"
"Hewa Gajanayaka","https://www.facebook.com/ajith.hewa.1","[Image Attachment]"
"Laxcika Laxcika","https://www.facebook.com/mary.luxica","😂"
"Susanthajayasinghe Susantha","https://www.facebook.com/susanthajayasinghe.susantha","[Sticker]"
"Chanaka Pathum","https://www.facebook.com/chanaka.pathum.2025","😂😂"
"Faizal Ali","https://www.facebook.com/muhammath.faizal","#follower"
"S Ruban Champa Ruban","https://www.facebook.com/srubanchampa.ruban","💪💪💪💪"
"Suranga Komadu","https://www.facebook.com/people/Suranga-Komadu/pfbid0BhqQAkwtfzT7995E1qbyak3htnA2DQMWQ7Sfioxt9dRXDBgsQbPFhEK7RLLJE8CFl","[Sticker]"
"Tuan Nasoor Kitchilan Sana","https://www.facebook.com/tuan.sana","🔥"
"Arul Cool","https://www.facebook.com/arul.cool.308930","[Sticker]"
"Mohamed Faizal","https://www.facebook.com/people/Mohamed-Faizal/pfbid0s2gt3Uayfs5XTGJG86nkrmPv87VpQTTKofCCm6ocNobe9m1rTypCbVhnKdaS5v2Ul","[Sticker]"
"Sagara M Arachchi","https://www.facebook.com/Sagara.marachchi","[Sticker]"
"Rathna Rathna","https://www.facebook.com/rathna.rathna.273119","[Sticker]"
"Disa Bandara","https://www.facebook.com/people/Disa-Bandara/pfbid02HrBnnqkLWbXPXrkBuAc9wSe8AQ2ffXk9u8sXZYbRZwjfebtw2yuw2qhQ2NcDhkwcl","[Image Attachment]"
"Achala Sampath","https://www.facebook.com/people/Achala-Sampath/pfbid022wgNWXGPY81UCDYsN7MqiM1qBnPgSkHWuHnJGHVUPA421DHZzaPxxMzxk3XZdp4Al","[Image Attachment]"
"Rumesh Rumesh","https://www.facebook.com/people/Rumesh-Rumesh/pfbid02nbPUgmXo16ePRdPraTtKThE85KKHTXYcxmdWV6NNMPfNJDYjHREcP7JNAQRrAKxql","[Sticker]"
"Buddika Chathuranga","https://www.facebook.com/profile.php?id=61586288762815","👍"
"Sasun Madhuranga","https://www.facebook.com/sasun.indulamadhuranga","[Sticker]"
"Ifaad Khan","https://www.facebook.com/people/Ifaad-Khan/pfbid0qR6Uynn84H5By6WAy283zvMqP2ZKtC8TUUNeizWDSspcLzErTT89fBgLCL3uGSf6l","❤️"
"Amila Rasanga Amila","https://www.facebook.com/people/Amila-Rasanga-Amila/pfbid02bFqLpWGmHbcfQQEALUnTGjB4p9TBFBU31nz65oBYLgT9TAeUQPLe1Cb2DgkZdDzRl","[Sticker]"
"Vishmika Denuwan","https://www.facebook.com/vishmika.denuwan.165","🤣🤣🤣"
"ரவி ரவி","https://www.facebook.com/people/%E0%AE%B0%E0%AE%B5%E0%AE%BF-%E0%AE%B0%E0%AE%B5%E0%AE%BF/pfbid02JGYKA345Y8j6oJy1G1wAdYDKDiNRsuMtGqrHBufWfNvSqeKhGs1GrnFhSAqb8kAml","👍👌🤙🇱🇰🤙👌👍"
"Priyani JP","https://www.facebook.com/priyani.jp","[Sticker]"
"Naslim Abdullah","https://www.facebook.com/people/Naslim-Abdullah/pfbid035KHPNfLFrJ3ZSAU3b27a3txbf9YkcpjMBJ46w9qFqSTTbJfBEzkwNkxD7xRuqmcAl","👏👍👏"
"Udayanga Fonseka","https://www.facebook.com/people/Udayanga-Fonseka/pfbid02Fk69P2KCki6EVvobKmKcXqZERDFHyAozMMeaHh2xrP2dfEWqUQdRvnPqWbGhR9sNl","[Image Attachment]"
"Ajith Priyantha","https://www.facebook.com/people/Ajith-Priyantha/pfbid02GN8AnTgkkpfzuhjWToxyPmdKQk1tp61jwQbaDZK2iRdfx4mp7sJdhdVotZtW9kSl","👍"
"Hassan Mohammed","https://www.facebook.com/people/Hassan-Mohammed/61585683267072","[Image Attachment]"
"Amila Fernando","https://www.facebook.com/people/Amila-Fernando/pfbid0RvvBFuyCWLG9Tvf5sNYxH7uUL9F678euFY452aQodyy2fzMDDWRjzPHR9g5hYCwDl","[Image Attachment]"
"Hassan Fahiq","https://www.facebook.com/hassan.fahiq","😂😂😂😂"
"Pradeep Liyanage","https://www.facebook.com/fbt.fby","https://www.facebook.com/share/r/1EF1AzrMoz/"
"Wasantha Manju","https://www.facebook.com/manjuwas35","🤣"
"Nayo Sithumi Nathasha","https://www.facebook.com/people/Nayo-Sithumi-Nathasha/pfbid0VoTEsN4jPgj8PiTsMnKdtuZAFZkLdUrquezMF9gNzmxSUFCVrAPAg7aULNrGoSbgl","🥰🫡"
"Jayantha Bandara","https://www.facebook.com/hmjayanthabandara","දැන් තෝ කැරියා ධාර්මිකද වටේ පුක දෙන කැරියෝ ගලවපියව් ඔය චිවරය"
"Eranda Mudalege","https://www.facebook.com/eranda.mudalege","පටු වාසි වරදාන වලට මහන වෙච්ච උන් මේ.... මුන් එලවන්න සංගායනාවක් කරන්න ඕනේ ඔක්කොටම කලින්"
"Prasad Hettiarachi","https://www.facebook.com/prasad.hettiarachi.2025","😭😭😭"
"Muhamodh Remzy","https://www.facebook.com/mrm.rimzi","Nalinda Weeramuni"
"Nishantha Anthony","https://www.facebook.com/people/Nishantha-Anthony/pfbid0faahD43UFq9z3v6YokkDzv4HRV48bQ9AewLaGyKoEtTaT5fPcvetxqoGDBAoyWGul","[Sticker]"
"Nilmini Perera","https://www.facebook.com/people/Nilmini-Perera/100089692369654","[Sticker]"
"Rimas Rimas","https://www.facebook.com/rimas.rimas.402153","[Sticker]"
"Jana Sp","https://www.facebook.com/jana.sp.9275","[Image Attachment]"
"Mohamed Faizal","https://www.facebook.com/mohamed.faizal.155248","[Image Attachment]"
"Na Mohammad Ni","https://www.facebook.com/people/Na-Mohammad-Ni/pfbid02H2nketC9bh2UP9u2BQ6TtXgwRZSsAwJoXDiYAsa6JoLZzMmqzUrmxtzo6yLwwf6Xl","[Image Attachment]"
"Jayasiri Hettiarachchige","https://www.facebook.com/jayasiri.hettiarachchige.521844","[Image Attachment]"
"Wahid M Zaan","https://www.facebook.com/stat.green.12","😂😂😂😂"
"Jayalath Darmasire","https://www.facebook.com/people/Jayalath-Darmasire/pfbid02UVmcYvmrSb4K7Gz4F4Q3nbNyPfYD8EU2rzzAjkMCRTCZJR6pHPBDqza4MkVT4nKWl","[Sticker]"
"Nuwan Nnbc","","😂😂😂😂😂😂😂😂"
"Samsudeen Muhagireen","","[Sticker]"
"Sureka Ransinghe","https://www.facebook.com/people/Sureka-Ransinghe/pfbid0jgDtC4M4PWqHMdoZmquQFbyjbgMQiwe27rZwuUu2MpRZfs2m9yBN4AsczcPvaPEMl","[Sticker]"
"Harshani Disanayaka","","[Image Attachment]"
"Mohamed Safras","https://www.facebook.com/mohamed.safras.427574","👍👍👍👍👌👌👌👌👌😂😂😂😂"
"Thilak S Kumara ","https://www.facebook.com/thilakskumara","[Image Attachment]"
"Prasanna Yahampath","https://www.facebook.com/prasanna.yahampath","[Image Attachment]"
"අයේෂා මාලි ආශු","https://www.facebook.com/embkqonmg4","@highlight 👍👍👍👍👍"
"Sujith S Pelawaththa","https://www.facebook.com/people/Sujith-S-Pelawaththa/61583680274475","[Image Attachment]"
"Ruwan Kumara","https://www.facebook.com/profile.php?id=100004856595711","👍👍"
"Faroz Faroz","https://www.facebook.com/faroz.faroz.5439","[Sticker]"
"Nalinda Saranga Rathnayake","","[Image Attachment]"
"Luxman Warnakulasuriya","","🐂🐂"
"Saman Mahakumara","https://www.facebook.com/people/Saman-Mahakumara/pfbid0FhaYUpVeg1Pc9UvHkjcWsQvCWAbUqZCzJsV3o8hNVT3PpbqN44QSbtJko4aGVUm1l","[Sticker]"
"Nimal Perera","https://www.facebook.com/nimal.perera.597092","😂😂"
"Sumith Roshan","https://www.facebook.com/sumith.roshan.39","රජය   දාර්මික  නෑ  කවුද  දාර්මික  ගලගොඩ  අත්තේද.  අනේ  බොල"
"Nalin Kodithuwakku","","[Image Attachment]"
"Pami Wijesekara","https://www.facebook.com/pamitha.wijesekara.5","[Image Attachment]"
"Mohammed Musadhik","https://www.facebook.com/people/Mohammed-Musadhik/pfbid0weUJgRCN2vEVSnfm93jq5dH5oFzMaQCBaxMYn7zKndt4rpYF5TCC1wyqq7S1rEkMl","[Image Attachment]"
"Ijas Ijas","https://www.facebook.com/people/Ijas-Ijas/pfbid02x68nApfEmZ4ubmdMwtKNTQsX5YZZEswC5MiefNRtt4F5HjLyZf5NKC6UnTLFShw9l","[Image Attachment]"
"Ranjith Paragoda","https://www.facebook.com/ranjith.paragoda","[Image Attachment]"
"Ayaan Traders","https://www.facebook.com/ayaan.traders.215733","😀😀"
"Thilak Rathnayaka","https://www.facebook.com/thilak.rathnayaka.581","[Sticker]"
"Nihal Vitharanage","https://www.facebook.com/people/Nihal-Vitharanage/pfbid0owE6WB8FSoWMBDPkyQNZdAHiCTXQ7RpvAHSZg5JMQ1qTbpQEfkmqH5rHUkKnwogl","[Image Attachment]"
"Sarath Chandra","https://www.facebook.com/people/Sarath-Chandra/pfbid024qmENp3DLJVpos5afJAdLU8yi8PhJVVpbEhMFEgwXa93kvAKWa44FAJFtAhAgFdnl","[Image Attachment]"
"KP Nishshanka","https://www.facebook.com/nira.njala.75","[Image Attachment]"
"Ananda Welington","https://www.facebook.com/people/Ananda-Welington/pfbid02nd2TzaDK66NtbYmc7sogrAyTsYGuqijxpJucDRXc7FdY1fzjpTGbuhtSjuFEtiXGl","[Image Attachment]"
"Ajith Mahawasala","","මූ රාජපක්ෂ නිකායේ අසූචි කන බත් බැලයෙක්   මුන් තමයි බුදු දහමට නිගා කරන හොර සංගයෝ"
"Mohamed Hussain Saddam","https://www.facebook.com/mohamed.sakeer.583234","[Image Attachment]"
"Tarupathi Perera","https://www.facebook.com/tarupathi.perera","[Sticker]"
"Devinda Hamuduruwo","https://www.facebook.com/devinda.hamuduruwo","තෝ මොන අවජාතකයෙක්ද බොල."
"Mohd Naser","","[Sticker]"
"Sandya Sandya Dinu","https://www.facebook.com/people/Sandya-Sandya-Dinu/61582683917456","[Image Attachment]"
"Muhammdfahumy Fahumy","https://www.facebook.com/muhammdfahumy.fahumy","[Image Attachment]"
"Kelum Weerasinghe","https://www.facebook.com/kasun.dg.56","😂"
"Priyantha Yapa","https://www.facebook.com/kamal.yapa.18","[Image Attachment]"
"Prasad Denuka","https://www.facebook.com/people/Prasad-Denuka/pfbid02nYDm9f1EEtKuwFzXAU8MtxGpYT1XKgLcRBdXHtzyWgn5W3n3HiipFVSEqMw5omiKl","[Image Attachment]"
"Sarath Chandra","https://www.facebook.com/people/Sarath-Chandra/pfbid02fDq91Kk8SDZC6aRaVz68Wdr8Vu9Fi5U4J3ovuHNbwYHLXNm47fS53SxEbVfFficpl","[Image Attachment]"
"Raju Bhai","https://www.facebook.com/raju.bhai.797180","[Image Attachment]"
"Soshan Wijesingha","https://www.facebook.com/people/Soshan-Wijesingha/pfbid02u6vm3PegNkQ6uJjTGHUp9sTCb3WiZE9sY57kEV5Hd9ofvAGncTHo8CDuidQwdFpRl","[Image Attachment]"
"Darashana Kumara","https://www.facebook.com/people/Darashana-Kumara/pfbid02C4uqaeiERBt7NwcMZcGf1dPRwroXgYoiYRqT1mMptg1LtzpVK6qQBgjY3tvBQ1atl","🐪🇮🇷🇮🇷🇮🇷💊🩼🩼🧷📿🐊👣🐒🐒🐸🏴‍☠️🏴‍☠️🐄🐄💀👠🪡🌺🌺🦮🦮🔱☸️🍼🍼😭😭🧠🧠☸️☸️☸️☸️💪🏻💪🏻💪🏻🌹❤️❤️"
"Dilani Perera","https://www.facebook.com/dilani.perera.79230305","ඇයි ළමයි දූෂකයෝ ඉන්නේ. පොඩ්ඩක් ඔය වගේ අත්සන් ගාලා ඕව හිරේ දාන්න  සංඝ සාසනයේ ඉවර කරනවා කියලා. උඹල බෞද්ධ නොවේ උඹල ආගමක් ධර්මයක් නැති නිගන්ටයෝ.. බොරු සිවුරු පෙරවගන බුද්ධාගම ඉස්සරහට දාලා ඒ ආගමත් විනාස කරන   හැත්තක් තෝ  හම්බුනා නම් අම්මපා මමත් බනිනවා.."
"Wasantha Ekanayake","https://www.facebook.com/wasantha.ekanayake.269660","තොගේ ධාර්මික පාලක රාජපක්ෂයාගේ සනුහරේම අද මහ ගෙදරට යන්න සූදානම්.ධාර්මික නැති පාලකයන්ගෙන් මොනවද පගෝ ඉල්ලන්නේ කට කෙලයා."
"Kalideem Rijivi","https://www.facebook.com/k.rijivi","[Image Attachment]"
"Disna Kumari","https://www.facebook.com/people/Disna-Kumari/pfbid02Vga9icFsKFuX8fnSSmLQWjpLMzmbnkWzasvYiShncaczVnaz2DLnA49gBdxmHXBWl","[Image Attachment]"
"Kumare Kd K Kumare","https://www.facebook.com/kumare.kdkkumare","උබලා වනචාරි ධාර්මික බලපල්ලා රාජපක්ෂ හොර මිනිමරැවන්ගෙ වනචාරියා අපිට පවිපුරවන්නෙ නැතිව ඉදපල්ලා"
"Nethuli Kavindya","https://www.facebook.com/people/Nethuli-Kavindya/pfbid02xX9JqEVdN6JMbMiKQaYWUYu7UKYVfqensCokwGsTT8eAZjFkn9Zs8i4fA2eeUVUBl","[Sticker]"
"Jnath Prasanna","https://www.facebook.com/people/Jnath-Prasanna/pfbid02YaKSGftbT9ukhwKZTZfrLCWJYkRWGFSdPtMTwrmSPc1fxcckehzPnGneQ7BNghkPl","අනිවාර්යයෙන් ,,,,,,,,  පර ගනයි මුන්ට චීවරය නුසුදුසුයි    ,,,සාසනෙන් එලවන්න ඕන"
"Priyantha Rdg","https://www.facebook.com/priyantha.rdg.2025","[Sticker]"
"Faizal Mohammed","https://www.facebook.com/people/Faizal-Mohammed/pfbid032VaR7dLzPLHQLpiPwp7GKh2yv91X97naTXiHZsH2gTqEUFS3HeaxXupoCKdegc9Gl","[Image Attachment]"
"Sashitha Denuwan","https://www.facebook.com/people/Sashitha-Denuwan/pfbid0wSnXHVoNrmHntzMBAvF6aVBJuHqUtuxCR6xh5L1QQTr5kmpvJDLfe9g2YNJhNiJNl","[Image Attachment]"
"Nanthan Nanthau","https://www.facebook.com/selvan.karan","[Image Attachment]"
"Amanda Rashmika","https://www.facebook.com/amanda.rashmika.253619","ඌ මූ කියල හාමුදුරුවන්ට අමතන්න තො මොන හිවල් බූරු...වෙක්ද"
"Mohamed Mohamed Mohamed","https://www.facebook.com/mohamedmohamed.mohamed.90410834","[Sticker]"
"Ruwan Kumara","https://www.facebook.com/people/Ruwan-Kumara/pfbid02f5kQgKtojfjoyWRYaxF5FffhRaG5zxp6iq3ueycvsfzNnRB43saJ4MErrXZbmvLHl","[Image Attachment]"
"Hubert Karunaratne","https://www.facebook.com/hubert.karunaratne.9","සිවුරු ගලවපන් .."
"Kaumadi Dananjana","https://www.facebook.com/people/Kaumadi-Dananjana/pfbid036JqDknkJzcUgKhAZcvJ275w9XebR1KJhDScbSHd7YV4TNhGeY1QTn4G1zBVs9uEl","🖕🖕🖕🖕🖕🖕🖕"
"Pem Silva","","https://www.facebook.com/share/p/19fMHx9w97/"
"Nihal Rangith","https://www.facebook.com/nihal.rangith.142","කොහෙන්හරි කහකඩයෙක් ෆොම් වෙනාවනේ හබටම කාලකන්නි හත්ත මේ හුත්තිගේ පුතාලා  කනවා අපේ ආගම"
"Niroshan Kotigala","https://www.facebook.com/niroshan.kotigala.1","පල පොන්නයා යන්න"
"K Chandana Pathirage","https://www.facebook.com/chandana.pathirage.96","[Image Attachment]"
"Dilshan Wijebandara","https://www.facebook.com/dilshan.wijebandara.2025","මු හරි ධාර්මිකයා කැරි පොන්නයා"
"Dmj Prasad","https://www.facebook.com/people/Dmj-Prasad/pfbid035x61NxgJiDLADpvsRjzmioQVDq63HMZ2PS4hfYnx6sWNgp4a7xHo6FzC6QmSnQBpl","පල මෝඩ ඝණගෙඩිය"
"Uks Uks","https://www.facebook.com/people/Uks-Uks/pfbid029JovPYGdRf7kwQuf7kFTefzPRiYoXdPr3hP6zzdSHmJfAMJ8MVK8DatizXifWw4tl","හුත්තගල්ලේ පකයා"
"Indika Gunawardhana","https://www.facebook.com/indika.gunawardhana.940","මැදින් ඔලුවදාල උම්බෑ ගාන හරක මොකාද...🤮🤣🤣🤣"
"Aruna Aruna","https://www.facebook.com/aruna.aruna.147886","තොපි දර්මිකනම් අපෙ රටට මෙහෙම වෙන්නෙ නෑ සක්කීලි ගනයො"
"Susanth Thalahagama","https://www.facebook.com/susanth.thalahagama","[Image Attachment]"
"Ajan Dharmendra","https://www.facebook.com/ajan.dharmendra","Muslim.singhela.demala.kiyala.kawrut.na.okkoma.me.rate.puravasiyo.topinions.tamai.jatiwadaya.gena.pagain.tika"
"Malinga V HW","https://www.facebook.com/malinga.v.hw","💩💩💩🐂🐂🐂"
"Manawasinghe Bandara","https://www.facebook.com/manawasinghe.bandara.2025","තිත්තගල්ලේ  බල්ලා  තෝ පච නොවී හිටු"
"Aruna Nishantha","https://www.facebook.com/aruna.nishantha.3956","Manawasinghe Bandara මෙි අනිත් එකා උබෙි අමිමට හාමුදුරැනමක් වත් ඇරියද බල්ලො ආගමට ගරහන්නේ"
"නිෂාරා පහන්දෙණිය","","හාමුදුරුවන්ට අපහාස කරන විදි බැල්ලිගේ පුතෙක්... උඹට ස්භාව ධර්මයා වැඩි දවසක් ජිවත් වෙන්න ඉඩදෙන එකක් නැ.."
"Rathnayaka Wijanayaka","https://www.facebook.com/rathnayaka.wijanayaka.10","සිඋරු   හොරු"
"Ranjith Suraweera Thissahewage","https://www.facebook.com/ranjithsuraweera.thissahewage","යකෝ තොපි හදල  dipu රටේ  thel polin වල  ගැස් polinwala baala beheth gahala minissu  mareddi උඹ  හිටියේ  කෝම  වෙලාද  thopi wage කාලය kanni මේ  රටට  sapayak  ඒ  සාපෙ  උබේ  daruwontath වදිනවා  පරිස්සමෙන් හොරුන්ට කඩේ  palayan"
"K A Dougles Kuruvita","https://www.facebook.com/kadougles.kuruveta","පල කාලකණ්නි,, පරගැති,, වෙසිගේ පුතා යන්න.. මොන හිවලෙක්ද තෝ..😥😥"
"Upali Dayawansa","https://www.facebook.com/upali.dayawansa.5","ගොබ්බයො මෝඩමූසල කුහකයා ඊර්ෂ්‍යාකාර කාලකණ්නි සුණක අපතයෙක් නිගන්ඨයෝ පහරයෝ හොර ඝනයෝ"
"Nuwan Priyankara","https://www.facebook.com/nuwan.priyankara.923","පල තම්බියා හු## 😂"
"Josap Antani","https://www.facebook.com/josap.antani.35","[Image Attachment]"
"Siri Lal Jasenthu Liyanage","https://www.facebook.com/sirilal.jasenthuliyanage","[Image Attachment]"
"Dominic wijesiri","https://www.facebook.com/people/Dominic-wijesiri/61591706523993","ඈ හුත්තෝ අහල නැද්ද එක පුන්සදින් එලිවෙයි ලොව අදුරෑ.  උබ දුන්න පකේ චන්දේ. මුන්ට දෙන්නෝනා ගිනිවතුර. අපිත් කැමති නෑ බන් උබලට."
"Asanka Aberthna","https://www.facebook.com/people/Asanka-Aberthna/pfbid0qYXBaLThM5zWujfdHbgRsg3KGtKvmtmy6LJ7WEC3jnBB6SQoY897DGcToaXQyZQPl","සක්කිලි බල්ලෝ සුවාමින් වහන්සේ නමකට කතාකරන්න දන්නෙ නැති හරි ජාතකයක් නැති බුදු දහම විනාෂ කරන හදන්නේ තෝගෙ අන්තිම මනුෂ්‍ය ආත්මය තමා මේක අහිගුණ්ඨිකයා"
"Thissa Udaya Kumara","https://www.facebook.com/thissa.udaya.kumara.918467","පල හොර සගය තොපිත් දර්මික නෑ"
"Boralugodage Perera","https://www.facebook.com/boralugodage.perera","සක්කිලියෝ එතකොට ධාර්මික තොගේ හොර මහින්දයාද රනිලාද පුතානෝද හිටන් උටන්ද ගෝත ගෝඨාභයද නැත්නම් නෑමොලයද"
"Deshappriya Deshappriya","https://www.facebook.com/deshappriya.deshappriya.7927","අපිට පව් පුරවන්නැතුව සිවුර ගලවලා ගෙදර පලයන් හුත්තෝ"
"Ebert Senadeera","https://www.facebook.com/people/Ebert-Senadeera/pfbid0ffw4xz2RkGZvmFfTe67wQUyLgBoyYqkUynNBkD4193e2hw2VXUC46UpkgivQFKYFl","මෙ තම්බි පොන්න පකයා කටද මෙව්දිහට කතාකරන්නෙ මෙ මූන්මෙ අපෙ ආගමට අපහාස කරනවා නෙවෙයිද මෙ මෙපකයත් ජිවිත කාලෙටම ඇතුලෙ දාන්න එපැයැ බන් 🐕"
"Anil Wijerathne","https://www.facebook.com/anil.wijerathne.75","මේ.ගනයා ගිය.ආත්මයේ ලොකු.තක්කඩි.හොරෙක් රැපය බලන්න.බයයි යක්ෂසේනාධිපතියෙක්.වගෙ මේආත්මෙත්.හොද හොරෙක්"
"රාවණා අප්පච්චි","https://www.facebook.com/people/%E0%B6%BB%E0%B7%8F%E0%B7%80%E0%B6%AB%E0%B7%8F-%E0%B6%85%E0%B6%B4%E0%B7%8A%E0%B6%B4%E0%B6%A0%E0%B7%8A%E0%B6%A0%E0%B7%92/61590886105888","Atsan guli karala gahaganin puke anna badu atule"
"Saliya Bandara","https://www.facebook.com/people/Saliya-Bandara/pfbid02Qwufxu6gTvFBhNJpaZQ3KCZrp2tv6o7v3wQTU57S48pJv56pZPJeKjZdR5gytENKl","Supiri Boss"
"Abdulha Abdulha","https://www.facebook.com/people/Abdulha-Abdulha/pfbid02PNcGWEVzWTP8GZWoo94GprsoHWR25WbLLKibHGUgwA3PLVZz4n4bHJF7HV3KjkQwl","අපිටත්දැන් එලියට බහින්න වෙයිවගෙ ඇයිපකොසව්රුදාගත්තෙ තොපි ශාසනෙකනවනෙ"
"H M Vijitha Bandara","https://www.facebook.com/h.m.vijitha.bandara","පල පරයා."
"Sarath Basnayaka","https://www.facebook.com/sarath.basnayaka.800293","කියන්න කනගටුයි නමුත් නොකියා  බැ අපගෙ අගමේ සියලුම නයක හිමියන් මෙම අයට කුමක් ද කල යුත්තේ කියා තිරනයක් ගත යුතුයි  අස්ගිරි පාර්ශ්වය මල්වතු පාර්ශවය අමරපුර නිකාය සියම් නිකාය ඇතුලු සියළුම නායක මාහිමියන්  වාහන්සේලා"
"Chathura Rangika Peris","https://www.facebook.com/chathura.rangika.peris","අටමස්ථානාධිපති අවුරුදු දහතුනක ළමයෙක් දූෂණය කරනකොට තොපි කොහෙද හිටියේ හුත්තො"
"Nalin Hemantha","","පල පකෝ මහන වෙයන් මුලින් අපි වැන්දේ තොපිට නෙවෙයි සිව්රට ගලපිය ඹක බුද්ධ දර්ශනය අපිට ඔනෙ එ සරන යනව කියලද අවලන් බල්ලො දුටුගැමුණු හිට්ය හෙමරතන කාපු අනුරාධපුර රාජධානියට අගව්රය කරපු පර බල්ලා කාපිය ගූ බුදුසරණයි බෞද්ධ පිරිසට"
"Nalaka Samantha","https://www.facebook.com/nalaka.samantha.927377","කහකඩ බල්ල පල පල"
"NI Samaranayake","https://www.facebook.com/ni.samaranayake","අනේ පල කාලකන්නිය.තෝ මොකෙක් ද ජනාධිපති කෙනෙකුට"
"Mahinda Kulugammana","https://www.facebook.com/mahinda.kulugammana.3","හාමුදුරුවන්ට  අපහාස  කරන  ගොන්   අපතයෝ ගෙදර ගිහින් අම්මගෙන් අහපන්  ඇත්තටම තාත්තා කවුද කියලා ෂුවර් තෝ අවජාතකයි"
"Sadew Gamage","https://www.facebook.com/people/Sadew-Gamage/pfbid0RaGzUNghCpkbrdY5WEmHBuR3k1kaoJw5HNrfDdanNkxis3zEeYbXPxU8r8aU1gTcl","මුල් බුද්ධාගමට නින්දා කරනවා ඇයි මේ ගැන කවුරුත් හොයන්නේ නැත්තේ"
"Nadeera Wickramasinghe","https://www.facebook.com/nadeera.wickramasinghe.9","ඉස්සල්ලා නානසාර ධාර්මිකද කියපන් කෝ...ඔය ධාර්මිකද අහන කහකඩ ටිකට නඩු කීයක් තියනව ද...බලහන් කෝ සිවුර දාගත්ත එකා ධාර්මික නෑ..ඌ අනිත් උන්ට කියනව ධාර්මික වෙන්න...පු# තර්ක මේවා"
"Vijay Wijesingha","https://www.facebook.com/vijay.wijesingha","තොගේ අමිමාට  පකයා කිවා කියලා  හිතා ගනින්"
"Lalitha Indrani","https://www.facebook.com/lalitha.indrani.18","Niyama katawa"
"Sugath Dissanayaka","https://www.facebook.com/sugath.dissanayaka.2025","වරෙන් උබේ ගාල්ලට..."
"Wimal Samarathunga","https://www.facebook.com/people/Wimal-Samarathunga/pfbid02oDKRdSqeSFouWBay7xtJisvwfFv87phvAdhGcV9Wvjts8VsHeu1eGbEuA4LRLUg9l","රාජපක්ෂ රෙජීමය ට කඩෙ යන ඔබ වැනි  චීවර  දාරියො බූද්ද සාසනයටත් පිලලක්"
"Nishantha Sherly","https://www.facebook.com/nishantha.sherly","උඹ දාර්මිකද හුත්කො"
"Chamal Eranga","https://www.facebook.com/chamal.eranga.2025","මොකද බන් මෙ ගොතයා මු උරෙක්ට ජතක පකෙක්ද කොහෙද අනුරදපුරෙ සද්ද දන ගොතයා මුස්ලිම් කැරිවලින් බොවෙලා දෙමලෙක්ට ජතක පකෙක්"
"Dinushka Gunathilaka","https://www.facebook.com/dinushka.gunathilaka","දාර්මික රජ්ජුරුවෝ අපිට උකලම ඇරියා හාමුදුරුවනේ."
"Ananda Jayaratne","https://www.facebook.com/ananda.jayaratne.2025","එක යකෝ හාමුදුරුවෙක් හාමුදුරුවො වගේ හිටපන්උඹට බනින්න පුළුවන් නම් අපිට බහින්නත් පුළුවන්. මූමූසලය"
"Wasanthi Samanlatha","https://www.facebook.com/mangalika.mangalika.726841","සිංහල නමි වලින් පෙනි සිටින කල්ලතෝනි හමිබයො කොන්ද පන නැතිව නියම නමින් පෙනි නොසිටියත් උගෙ පෙනුමෙන් ද සොයා ගත හැකිය."
"Samanthamax Max","https://www.facebook.com/people/Samanthamax-Max/pfbid023CCpRUeR1URNDf9ZG3xyZsHRN9N1fGnfbqotrxVAPKH1meYdppnFqALvNHqy6no5l","මුන්ගේ ෆෝන් නම්බරයක්වත් දාපල්ලකෝ අප්පා"
"Jude Nanayakkara","https://www.facebook.com/jude.nanayakkara.3","කව්ද මේ කලූ කබරයා තොගෙ අප්පට ... පර බල්ලෝ  අධිකරණ නීතියට පිටින් යන්න තෝ කව්ද කාහකඩ ප #යා  පිනට දෙන දානේ ටික කාල මුංට විසේ"
"Kamal Kodithuwakku","https://www.facebook.com/people/Kamal-Kodithuwakku/pfbid02CjgT3N189TZRVTSK7ZbyWcntt8yWez9yZoxuwvgQ1WBeRcDBDHfxRA6R1xCktmnil","ඔය අත්සන් ටික රෝල් කරල ගහගනින් පුපේ අන්න නානසාර අතඩන්ගුවට ගත්ත"
"Chaminda Walallawita","https://www.facebook.com/chaminda.walallawita.2025","රාජපක්ෂ ගූ කන හිවල් බල්ලෝ"
"Jagath Perera","https://www.facebook.com/jagath.perera.357","පල ගණය යන්න"
"Crishantha Molagoda","https://www.facebook.com/crishantha.molagoda","නියමයි සහෝදරයා"
"Saman Weerasekara","https://www.facebook.com/saman.weerasekara.2025","Pala gahala balla yanda"
"Ruwawalisaye Mal Hamuduruwoo","https://www.facebook.com/people/Ruwawalisaye-Mal-Hamuduruwoo/pfbid0zoHjVgd68Dyrv8JVPzF5i6eoZHEh1vLChGQ5e5b5wV9XvXhBEK3udd6STJczHdWel","ගොඩක්ම ඉන්නේ චීවරේ ඇලජික් කල්ලතෝනි"
"Perlin Dawn Kennedy","https://www.facebook.com/perlindawn.kennedy.7","දෙවි දත්තර කුලේ එකෙක්"
"Perlin Dawn Kennedy","https://www.facebook.com/perlindawn.kennedy.7","සිවුරක් දරාගෙන ඉන්න එක ලේසි දෙයක් නෙවෙයි හරි හමන් දෙමාපියන්ගේ දරුවෙක්ද උබ උබේ දෙමාපියන් තමයි උබ හරියට හදලා නෑ ගොන් පෙරේත ළමයෙක් 😡😡😡"
"Roshan Ethanawatta","","තිත්තයත් ඥානසාර ත් ඕකුන් දෙන්නම් දාන්න ඕනේ ඇතුලට 🤣🤣"
"Royal Nickson","https://www.facebook.com/royal.nickson.3","ජනාධිපති සමාව හම්බෙයි බලගෙන හිටපං ගෝතයා..තොටත් අරුත් එක්කම ඇතුලේ තමා ඉන්න වෙන්නේ මේ යන විදියට"
"Danuj Isanga","https://www.facebook.com/sarangi.upeksha.73","පල පල යන්න නිදන් හොරෝ.... නාමල්ගෙ ගූ කාපු හුත්##තා"
"Samantha Samantha Kumara","https://www.facebook.com/samantha.samanthakumara.102","Gu kana ganaya"
"Rojar Aththanayaka","https://www.facebook.com/rojar.aththanayaka","මෙ පොස්ට් එක දාන එකා හම්බයෙක් ගෙරි තම්බියෙක් 🤣🤣🤣"
"Tharindu Madusanka","https://www.facebook.com/people/Tharindu-Madusanka/pfbid0EQfGSZ79yQ4dcpLtjromGas1aVkxuX3uygHPhU1kewsKrNacp5mFnTrcmApvpzril","තිත්තගල්ලෙ නඩු 14 ක් තියනවා ගඳ බල්ලෙක් මුංගේ සිවුර ගලවලා පැත්තකින් තියලා කැරකෙන්නට ගහාන්න ඔින රාජපක්ෂ අසුචි කන ගෙරි  පුතා .."
"Kamal Bandara","https://www.facebook.com/people/Kamal-Bandara/pfbid02CKsbbBUFmESgmVUStr4kMyfxvTCyy1CMWLsboK87YgNfdMwCtYBfNxS6k5r8nxFYl","වේසිගෙ පුතෝ තොට වෙන වැඩක් නැද්ද තොපි වගේ අවජාතකයෝ ඉපදුනානෙ අපේ ඇස් වලින් දකින්න මේ සාසනේ"
"Ramesh Indarasiri","https://www.facebook.com/people/Ramesh-Indarasiri/pfbid0ZD1ooE28eqJZPcqNPcoS66PhH4Le1cTwx6kAAGB8QVmA2hgRtyCuhLYGkzC855KVl","තො දාර්මිද හොර ගනයො"
"Janaka Jayawarna","https://www.facebook.com/janaka.jayawarna.35","සිංහල හම්බයෝ ටික එලියට බැහැලා, හාමුදුරුවන්ට කටක් අරින්න නෑ, උන් ඩෝබි ඇරියස්ට් කවර් කරනවා. 💩💩💩💩🐕🐕🐕🐷🐷🐷"
"Padmi Nim","https://www.facebook.com/people/Padmi-Nim/pfbid0gD4K4k8CLBgQGyZ7GFm6D1PyBat9mYXgjptw9qywyJLkFhjyyffrE2as6bVHvVkRl","තෝ ඉරිසියාවෙන් පුපුරනවා ෛත්‍රි භාවනාව වඩපන් සක්කිලියා හැටි තාරපීප්පෙ"
"Sanjiwa Nishantha Nisha","https://www.facebook.com/sanjiwanishantha.nisha","මේ ගණ ගෙඩියෝ දහමදන්නේ නෑ  ඒකයි අපි කියන්නේ මුන්ට බමුණෝ කියලා"
"Priyantha Wanasekara","https://www.facebook.com/priyanthasamankumara.wanasekarage","යකො තො දාර්මිකද පකය"
"Liyanage Chandrasena","https://www.facebook.com/liyanage.chandrasena.2025","අනේ හුත්තෝ තොට සාස්නේ රැකගෙන ධර්මය දේසනාකරගෙන ඉන්න බැරිනම් නිකන් හුකාගන්නෙ නැතුව සිව්‍රර පරිස්සමට පන්සලෙන් තියලා මකබෑවිය අපේ උතුම් දරමය වෙනත් ආගම් ඉදිරියේ බාල්දු නොකර"
"Shantha Kaviraja","https://www.facebook.com/shantha.kaviraja","නාමලයට පුක දෙනවනං පුක දීපං වෙන හුත්තවල් කියවන්නැතුව තෝ හදන්නෙ අබ සරනයව හිරම කරන්න ඔහොම පුලුවන්ද පකෝ ජනාදිපති ගෙන් සමා ගන්න දෙයි උඹලට පක"
"Mahesh Tennakoon","https://www.facebook.com/mahesh.tennakoon.946918","අඩෝ තිත්තගල්ල ෙන් උඹ වගේ ගල් මූසලයෙක් සිවුරු දාගෙන උඹලා ඥානසාරලා කරපු දේවල් අපි දන්නවා අපි සිවුරු දාගෙන සිවුරට මුවා වෙලා කරපු තුප්පහි වැඩ ක් මේ මුල් රටම දන්නව තෝ කඩේ යන්නේ ඥානසාර කියන වේ සබ් බල්ලටනේ. ඌ මොකෙක්ද කාලයේ හිටපු නායකයන්ට යටිවෙලා ගර වල තියලා පියසකම් කරපු ගස් බල්ලෙක් බං අන්න ඒක තේරුම් ගනින් ගස් ක**** හරිද"
"Jeewan Anurudda","https://www.facebook.com/jeewan.janurudda","Gon .............. K neddakin"
"Joel Perera","https://www.facebook.com/joel.perera.718","මුන් සිවුරක් දාගෙන මිනිසුන්ට පන්සල පවා එපා කරොනව...සිවුර ගලොපන් අපට බුද්ද සාසනෙ ඔනෙ"
"Abewickrama Liyanage Gamini","https://www.facebook.com/abewickramaliyanage.gamini","තිත්තගල්ලේ  තට්ට හුත්ත  ජ් ව් පෙ නායකයටද තෝ ඔහොම කතාකරන්නෙ ගහනෝ හුත්තගෙ ඔළුව ගෙඩිගැහෙන්න"
"Kanta Muthumala","https://www.facebook.com/kanta.muthumala","Niyamai malli. Arianna epa"
"Sarath Perera","https://www.facebook.com/sarath.perera.397024","සිව්රු දාගත්ත පලියට බුද්ද පුත්තරයෙක් වෙන්නෑ"
"Ajith Krisantha","https://www.facebook.com/ajith.krisantha.7","ගොනෙක් මේ ගෝතයා... අස්සන් ටික රෝල් කරලා ගහගනින් පුපේ"
"Dam Aiya","https://www.facebook.com/people/Dam-Aiya/pfbid02vNkfpPrKxArpMTTqYsCPfhB8aVuk7Jcez3QpEsFUfwSR4u2RMsQ34xbqjoTZjY7ul","ඵලයන් හුත්තො උබෙ අම්මටට හුකවගන්නැතුව අපි හරි විඩියට"
"Nudeeshan Daglas","https://www.facebook.com/people/Nudeeshan-Daglas/61564304711782","පුකට පයින් ගහලා එලවන්නේ ගෙරි ගනයට"
"Anidu Minul","https://www.facebook.com/people/Anidu-Minul/61577069994617","මේ  වගේ උන් නිසා සාසනෙත් විනාස වෙනවා අපිටත් පවු පිරෙනවා පංසලට වෙලා ඉන්න ගමන් ඔය පෝන් එකෙන් පොඩ්ඩක් බලන්න අපේ වීර හමුදුරුවරු රට බේරගන්න මොනවද කරලා තියෙන්නෙ කියලා උබලා ඔය කරන්නෙ රට ගිනිතියන එකනෙ"
"Premarathna Bandaranayaka","https://www.facebook.com/premarathna.bandaranayaka.3","යකෝ සිවුරට අගවුරව කරන්න එපා.මහින්දල ධාර්මිකද දන්න මගුලක් කතාකරපන්.නැත්නම් බනක් භාවනාවක් කරගන සිවුරට සාධාරණයක් කරපන්"
"Sarath Chandra","https://www.facebook.com/sarath.taranga","පලපොන්නයා"
"Inoka Priyangi","https://www.facebook.com/inoka.priyangi.12","මේ රටේ ඉන්නේ වැඩි හරියක් ජරා වැඩ කරන කොටසක් ඉතින් දාර්මික පාලනයක් ගෙනියන්න බැ..අපිටනම් කිසිම ප්‍රස්නයක් නැ.."
"Has Hettiarachchi","https://www.facebook.com/has.hettiarachchi.3","පලවා හරි ඉන්නනේ"
"Wijerathna Wijewickrama","https://www.facebook.com/wijerathna.wijewickrama","Horunge  bath. Belsyo.  Panassle  nevei  inne . Horunge  ofkkuwe"
"Rajagobal Pragashraj","https://www.facebook.com/rajagobal.pragashraj","Sivragalawala parlimaththuwata pala"
"Kelum Kumara","https://www.facebook.com/kelum.kumara.351104","mekath ewage ekak"
"රණසිංහගේ බෝධිරක්ෂිත සූර්යඝන","https://www.facebook.com/people/%E0%B6%BB%E0%B6%AB%E0%B7%83%E0%B7%92%E0%B6%82%E0%B7%84%E0%B6%9C%E0%B7%9A-%E0%B6%B6%E0%B7%9D%E0%B6%B0%E0%B7%92%E0%B6%BB%E0%B6%9A%E0%B7%8A%E0%B7%82%E0%B7%92%E0%B6%AD-%E0%B7%83%E0%B7%96%E0%B6%BB%E0%B7%8A%E0%B6%BA%E0%B6%9D%E0%B6%B1/pfbid02V2ErMULyTQRkmjXK4hwcvjMymd42zv4LJiNsHmDcRpHo1koTBRH1efP6XFzjKuwHl","මු තම්බියෙක්. මූන් කවදාවත් සහරාන්ලට බනිනවද නෑ. පන්සල්වල මිනී වලදාලා තයෙනවා කිව්වා මුන් කට අරිනවද නෑ. මුන් අපේ ජාතියත් ආගමත් විනාශ කරන්න හැම දේම කරන ගමන් සේප් වෙන්නත් හදනවා. හාමුදුරුවෝ හරි උනත් වැරදි උනත් හාමුදුරුවන්ට විරුද්ධව කථා කරන්න තොපි කවුද. කන්න දුන්න පිගානෙ රෙන උන්"
"Pick N Drop","https://www.facebook.com/pickndrop.drop","ඕක ගලබොඩාත්තේගෙ ගූ කන සිවුරු හොරෙක්."
"Dammika Kasthuri Arachchi","https://www.facebook.com/dammika.kasthuri.arachchi.2025","මේ හුත්තිගේ පුතාලා බුද්ධ ශාසනය විනාශ කරනවා අපට බුදු දහම එපා කරවනවා දම්බට් ටිකක් ගිලලා හිටපියකො පන්සලේ පුක දෙන්නැතුව"
"Janaka de Silva","","Waren passen .. arinawa thoge.. p.. ke"
"Palitha Lahandapura","https://www.facebook.com/palitha.lahandapura.1","කවුරුහරි බිත්තියට හේත්තු කරගන්න"
"Chinthaka Niroshan","https://www.facebook.com/people/Chinthaka-Niroshan/pfbid0oXfdQiXwqCz2qNdwNCgVyqtZBEQVMvqRybxw5d2CtDhnqws3vywcCRNDcG5mu2YUl","ගෝරිලෙක් වගේ මැරිලා පල"
"Kumara Edirisinghe","https://www.facebook.com/people/Kumara-Edirisinghe/61583290920395","මේවගේ ගෝත පරයොන්ගෙ සියුරු ගලවන්න තිබුනෙ ටවුන් එකේම පෙරේත පරබල්ලො ජාතක උනව්දිහ කොහොමද කියල අම්මගෙනුයි තාත්තගෙනුයි අහගනින් හොර ගනයො"
"Darshana Nadathchariga","https://www.facebook.com/people/Darshana-Nadathchariga/pfbid0hpsMTboVxqK4YfNjBEU9BQiDZcE9bpeowSaJaSge43AmCJevjVfQsNaZkW8wqXoZl","මෙගනයා මොකෙක්ද පකයා"
"Premasiri Premasiri","https://www.facebook.com/premasiri.premasiri.184284","බෞද්ධ විරෝධී අවජාතක හැත්ත මොනවද ප** තොපි වහකාපියක්"
"Hasahan Amit","https://www.facebook.com/people/Hasahan-Amit/pfbid0Y7fymgGrCVvPXrrjsbL97D1eTV7AnqzKvKmTT7zqt5iWYGT85tjG3i1evzFvP9Hxl","Monawada hutto kari wada karala gu wala sasne kawa"
"Sunimal Max","https://www.facebook.com/sunimal.max.2025","තිත්ත ගල්ලට කියල ඇරගනින් පුකෙ පකය"
"Sampath Dinesh","https://www.facebook.com/sampath.dinesh.5","පල පොන්න#,කතා කරන්න ඉගෙන ගනින්.උඹ මොකෙක්ද .රිලවෙක් වගේ.කොන කපා ගත්තනම් පැත්තකට වෙල හිටපන් කොටින්ට පු# නොදී.ඔච්චර කටේ සැර මොකද කොටි ගැනි ඇල්ලුවද බොට."
"Priyani Zilva","https://www.facebook.com/priyani.zilva","Issarinma mahana venna 😂"
"Edirisi Ghế Easriyani","https://www.facebook.com/people/Edirisi-Gh%E1%BA%BF-Easriyani/pfbid02qPTPLHvErsY1j4vQ15KWvTypSUBnRLjZwXPWXkrYUrypMhkQuNcYPmLMJN1UHM7Ul","Anee hamuduruwane bsnsk bawanawak jaragana inna minissuntath paw purawanna apa kade gihilla horuntai minmaruwantai"
"Iluka Dananjaya","https://www.facebook.com/profile.php?id=100000013557778","අනේ පලයන් ඩෝබියෝ ඇත්ත කිව්වාම අහගන්.... ගොං හිල් ජංගි බලකාය"
"Anower Hosin","https://www.facebook.com/anower.hosin.393","පලයං යන්න ගොං ගණයෝ පුක දීපන් අවජතක ගණයි"
"Subhadra Mehenin Wahansa","https://www.facebook.com/subhadra.mehenin.wahansa","ඔබතුමා කියන විදියට මොලේ තියෙන්නෙ ලංකාවෙන් අතලොස්සකටද එතකොට?"
"Shehan Liyanage","https://www.facebook.com/sfgghhhhggg","පල ජෙප්පො ..මුන්ට පුදුම අමාරුවක් වෙසිගේ පුතාට ..ඇවිත් මහන වෙයන් ..පර බල්ලා"
"Pathma Siri","https://www.facebook.com/people/Pathma-Siri/pfbid02RCDT7SyA5hJcYzZ4fFZBFaM5kyPcpcqWqLgAQaxyQLaWVnCqanrCbj5Niie6Yi1Ll","PALAYAN GOTA GANAYO PACHYO ARPAYATA"
"Nishantha Kumara","https://www.facebook.com/nishantha.kumara.107067","පලං හු#තො යන්න"
"Nalaka Sanjeewa Kulasingha","https://www.facebook.com/nalakasanjeewa.kulasingha","ඔව් ඔව් ධාර්මිකයො ත් මීට කලින් අපි  හොඳට දැක්කා ඒකාලෙ  කොහෙද හිටියේ බොරුවට පඩ සෝ දාලා මිනිස්සුන්ගෙන් වචන අහගන්නේ නැතුව අංසලකට වෙලා බණක් භාවනාවක් කරගෙන ඉන්නම බැරිද අප්පා ඔච්චරටම දඟලන්න ඕනෙනම් සිවුර ුදු ගලවලා පැත්තකින් තියලා දඟල ගන්න"
"Asiri Chaminda","https://www.facebook.com/people/Asiri-Chaminda/pfbid089Y6cgcX9Dv6kh1ptS2h8a6Ze2rs9NqQpHT4tS6D6oiMj34ti4RyCG33MABChBK8l","තිත්ත ගල් හාමුදුරුවෝ ලැට් එකට හේත්තු කරලා සිවුරැ වුස්සලා ප*** අරින්න  ඕනේ🐃🐃🐃🐃🐃"
"Navindu Janitha","https://www.facebook.com/people/Navindu-Janitha/61581113825920","උබත් කොන කපාගෙනද ඉන්නෙ නමට විතරද සින්හල"
"Shenul Akash","https://www.facebook.com/shenul.akash.476849","පල උත්තිගෙ පුතා යන්න තෝනෙ සම්බුද්ධ ශාසනේ විකෘති කරන්නේ. තෝ වෙනුවෙන් අස්සන් කොරන්න එකෙක් නැති වෙයි.. වලව්ව පිලිකන්නේ ගූ කන සක්කිලි භල්ලො"
"Sampath Kumara","https://www.facebook.com/people/Sampath-Kumara/pfbid02vK3HNGYtYkdCAfuKJcP5kw7Ho3H2zZEN6xFFPRq2kH5cTLndTesX7x4JpkYbiAp1l","පල  පල"
"Mhd Siddeen","https://www.facebook.com/people/Mhd-Siddeen/pfbid02s8asFCSeNR78KghVCfxbTWFH4CcDiupFydjdzH9Tc1SQhVRCavGz3NuDr6CC24jHl","Sakkiliya"
"Chandana Dharmasena","https://www.facebook.com/people/Chandana-Dharmasena/pfbid0r6r6tKrz9KLrkn3yFGQo3sye9HNzuzK72XqbYXVHX4oijufYhSvZEbdr1nKgrYPhl","මීට කලින් උන් සුදු ඇඳගෙන මල් වට්ටි අරගෙන , ඔය තොපි කඩේ ගිය දාර්මික කියලා කියන උන් කරපු කෙලිය මාරයි නේද , රුවන්වැලිසෑයෙ චූඩමාණික්‍ය එහි වටේ මැණික් කෝටි පහලවකට විකුනුවෙත් ඔය දාර්මික උන්නෙ නේද , ශ්‍රීපාදයේ ගන්ටාරෙට ෂොට් එකදුන්නෙත් ඔය දාර්මික කියලා කියන උන් නේද , නිකං අපිට පව් නොදී  පන්සලට වෙලා පිං බත් ටිකක් වළඳල ජනතාව ට ඹනක් දේශනා කර හිටියා නම් නරකද ."
"Wasantha Alwis","https://www.facebook.com/wasantha.alwis.356466","මූ. සිවුර. දාගත්තට අවජාතක. වේසබල්ලෙක්. නේද. පුතා."
"Shanaka De Silva","https://www.facebook.com/shanaka.de.silva.71570","රාජපක්ෂ ලාගේ කොන්ත්‍රාත් කරාට කෙලවෙනකොට ගලබොඩයව මතකත් නැ උන්ට............. දැන් අස්සන් හිගාකනවා... ලැජ්ජයි බං...🤣🤣😂😂😂😫😫😫😁😁😁😁😫😫😫😫😱😱😆😆😆🤣🤣😂😂"
"Dharmasiri Dharmasiri","https://www.facebook.com/dharmasiri.dharmasiri.736730","පොන්න   හුත්තිගො   පුතා    තො   බවුද්ද   එකොද්ද    හුත්තිගො   පුතා    ස්‍රවාමිින්   වහානසේ   කොනකුටවත්    කාථකරන්න   දන්නැති     කාලකන්නි    LTTE   මාලිමා    හැත්ත   කැරිබල්ලා"
"Chaminda Kumara","https://www.facebook.com/people/Chaminda-Kumara/pfbid02AAPeBYvJudcvwMXnQSgBXwzrPm4LkoQJMraXWfdrQCKW58FpgNFDAYXXYikNBngwl","පොන්න පකෝ තොපෙ අම්මටයි හාමුදුරුවන්ට බැනපු එකාගෙ අම්මටයි තම්බි හිකුවට තොපෙ මහ එකා පොන්නයෙක් උනාට. මේ රටේ බුද්ධ මිනිස්සු ස්වාමින් වහන්සේලා පැත්තෙ ඉන්නෙ. අපිට දේශපාලනය වැඩක් නැහැ.අපි රටේ නීතියට හා පවතින රජයට පක්ෂපාතී ජීවත් වෙනව.එත් එහෙමයි කියල අනිත් ආගම් ඉස්සරහා මගේ ආගම බුදු දාහම විනාශ කරන්න වැඩ කරන අන්තවාදී හැතිකරේට අපි විරුද්ධයි. පකෝ කාදිනල්.තුමා ක්‍රිස්තියානි මිනිස්සු වෙනුන් හා මුස්ලිම් මිනිස්සු වෙනුවෙන් පල්ලිව මුස්ලිම් පූජකවරු ලොකු වැඩපිලිවලක් තොපට හොරෙන් කරනව සීග්‍රයෙන් මුස්ලිම් ජනහහනය වැඩි කරනව එහෙවු ව්කේ උතුරේ පන්සල් කඩනව මුස්ලිම් උන් බුදු දාහමට විරුද්ධව වැඩ කරනව පොන්නයා තොපිට ඒව පේන්නෙ නැද්ද හාමුදුරුවෝ බුදු දාහම රැකගන්න එකද වැරැද්ද අනාගතෙත් තොගෙ දුවලගෙ බඩින් වන්න වැන්නෙත් තෝ වගේ මැටි මෝල් පොන්නයෙක්."
"Nadeesha K Kulathunga","https://www.facebook.com/people/Nadeesha-K-Kulathunga/61564879868270","Chaminda Kumara කටින්නම් ඕන කෙනෙක්ට පාට් දාන්න පුලුවං... ඒත් කොච්චර දුරට සාර්ථකද කියල හැරිලවත් බලන්න කාලයක් නෑ...."
"Udeni Tennakoon","https://www.facebook.com/udeni.tennakoon","තෝ මොන ප##ද බන්"
"Lahiru sandanuwan ","https://www.facebook.com/profile.php?id=61582094874773","ඇතුලේ ඉන්න එකයි උබයි උබවටේ ඉන්න උන්ටිකයි ධාර්මික නිසාද ඇතුලේ ඉන්න එකා බේරගන්න වටේ හිගාකකා ඇවිදින්නේ...🤣🤣🤣"
"Prasanna Wijenayake","https://www.facebook.com/prasanna.wijenayake.37","වැදගත් දෙයක් කරපන් කහකඩයෝ. තෝ මොකෙක්ද හුත්තිගේ පුතා."
"Anura Sena","https://www.facebook.com/people/Anura-Sena/pfbid02kEskBS7WYDCi3Tac75joD9tvyVRemnwGLPqZmqKEZB1Y6w7YJQjBfkpJedh2Ra2dl","සං බල්ලෝ හාමුදුරුවන්ට කතා කරන්නේ ඉගෙන ගනින් අපේ බුද්ධාගම කන්න එපා. සිවුරට කතා කරද්ද බොහෝ දැන ගනින් බල්ලෝ තෝ මිනිහෙක් අර හාමුදුරුවන්ට උඹ බං උඹලං කියලා කතා කරන්න සිරසෙන එක උඹ මොකෙක්ද බල්ලා බලලා ඉවර කර කර කරන්නඅපේ හාමුදුරුවෝ වරුන්ට කතා කරන්න දන්නෑ මිනිස්සු පව් සම්බල්ල"
"Manoj Jayasinghe","https://www.facebook.com/people/Manoj-Jayasinghe/pfbid02FBKtYDtpF6t6UUsupJbJogG1yVjrhHLuT9WQ3UbHptjBcEmimhKJ1j62ZghdL4sql","මේ මොන වේ.. බල්ලෙක් ද?. හාමුදුරුවෝ හොදයි .මුගෙ අම්මට අහවල් එක කරා නම්.බල්ලො කරාම මේ වගේ කොටලුවෝ ඉපදෙනවා"
"Jagath Kumara","https://www.facebook.com/people/Jagath-Kumara/pfbid038Ji5GVrN6qMoctncrSfXo9yqkv1MCrDq7EKwtKVte6LVagyNvqmvrPKBc9ZavAzDl","Manoj Jayasinghe 🤦‍♂️🤦‍♂️🤦‍♂️"
"Divan Ravinga","https://www.facebook.com/pawanadvertising.7","කැම්‍රිරි පොන්නයා සිවුරු දා ගත්තේ අත්සන් එකතු කරන්න්නද බම්ලෝ..🤬🤬🤬"
"Km Bandara","https://www.facebook.com/people/Km-Bandara/61589758486671","රාජපක්ෂ අසුචි නිකායෙ පගෙක් මුත්"
"Saman Diyawinna","https://www.facebook.com/saman.diyawinna","තවත් රාජපක්ෂ හොරිකඩයෙක්….! එකෙක් යනකොට තව එකෙක් එනවා සාසනේ විනාශ කරන්න…!"
"Jeremiah Daniel","https://www.facebook.com/jeremiah.daniel.963314","පල ගෙරි ඝණ බල්ලා... තොපි එක පොකුරට, එක මිටට චුත කරන්න ඕනේ සදහටම 😂😂😂😂"
"මානව හිමිකම්","https://www.facebook.com/8u87jli94g","මේ කියන හාමුදුරුවන්ට සමාව දුන්නොත් අරූගෙ නම මතක නෙහෙ අර සහරාන්ගෙ මව්ලවි ඌටත් දෙන්න එපය් මොකද ඒ මිනිමරුවත් මව්ලවියෙක්නෙ"
"Surantha Munasinghe","https://www.facebook.com/surantha.munasinghe","Pare yanna Apa sing ganna oya siurata thama poddak salakanna hinda banne naththam gahanawa rajapashala palana kale rajapashalage okokuwe hitiye thama hadanne hamula Genna"
"Lameer Ali","https://www.facebook.com/lameer.ali.104","UMBALA HORU NAH PIN PATIRAH HARANG GAWLGANAH YANA SADULLA TAMAI NIYAMAI SADULLA"
"Tharindu Dissanayaka","https://www.facebook.com/tharindu.dissanayaka.273716","පල හුත්තා"
"Yoonchae Sunghoon","https://www.facebook.com/people/Yoonchae-Sunghoon/pfbid02DsXzJokKo33ukJX3cbpLUNEWpsTmGen8bTrWDa73L6ibSAQMcSDyK5ULVEqR6pepl","Thope hora haththa beraganna  eka eka  pilli ewwata wadak Naha  kawada Hari Sathya jayagannawamai"
"Suranga Kumara","https://www.facebook.com/suranga.kumara.arachchige","මේවගේ පජාත පඩත්තලයෝ තමයි ශාසනය වනසන්නේ.. තිත්තගල්ලයාව බිත්තියට හේත්තු කරන්න බැහැ ඒකා බිත්තියට හේත්තු කරලා අනික් එවුන්ව එකියන්ව දාතු පිටකරන මැෂින් කරගන්න එක ගැන හිතාපන්"
"Wijetunga Sarath","https://www.facebook.com/people/Wijetunga-Sarath/pfbid02aVbyMBxwTbKyZ27xHA3M6R425wZYJfRxVZQVrp7d451B5cpQQJEfTuiJgGBDFWgql","නොකවුද ප ක යො හාමුදුරුවන්ට බණින්න"
"Nadeeka Jayawaradana","https://www.facebook.com/people/Nadeeka-Jayawaradana/pfbid0DrfNiQcHoL4Kr4oH3gtftC5eKXPVwpYKepykY736qkkuAP67kZriqmqTtKfkcfBal","මු හදන්නේ අනුර සිවුරට අත තියුවා කියලා  මිනිස්සු අවුස්සන්න"
"Tharanga de Silva","https://www.facebook.com/tharanga.de.silva","ගොතයෝ සිවුරට මුවාවෙලා ලොරිටොක් දීලා .....කනදවස වැඩි ඇතක නෑ....... ශාසනේ රැකපන් .......තොපිට දෙශපාලුවෝ පස්සේ යන්න ඔනෙනම් සිවුරු ගලවලා ගිහියො වෙලා පල ........කලක්න්නී ගෝතයෝ"
"Susantha Disanayaka","https://www.facebook.com/people/Susantha-Disanayaka/61590495178961","පොන්නයෙක් වෙන්ට හදන්න එපා මීහරකා උබ අයිස් ගහලා ඉන්නේ මරක්කලයා"
"Damma Wimala","https://www.facebook.com/profile.php?id=100085334285175","උබේ අම්මට හුකපු එකා බල්ලෙක් ද පොන්නයා මාලිමාවේ නපුංසකයෝ අම්මට හුකව ගන්න එපා"
"Nuwan Nnbc","","100% katawa atta brooo"
"Ck Ck","https://www.facebook.com/profile.php?id=61554757695888","පල හුකන්නා පාඩුවේ දානේ ටිකක් කාලා ඉන්නෙ නැතිව පුක දෙන්න හදනවා  පකේ ගනයා"
"Chamar Indika","https://www.facebook.com/chamar.indika","මෙ ක දාපු එක ආගමක් නැති අවජාතක සක්කිලියා   මෙක අපේ බොවුද්ද  සාසනේ හම්දුරැවන්ට ගරහන්න එපා"
"Rohana Chaminda","https://www.facebook.com/rohana.chaminda.980213","යාකො   පකො  හාමුදුරුවෝ න්ට   කාතා කරන්න  ඉගෙන   ගනින්  ගොත  පාකා"
"Mohamed Irshad","https://www.facebook.com/people/Mohamed-Irshad/pfbid02zaqYx83X1z3vSJuXpp45T8dhAcRtF1RC8CLPTEG2TRf43qC4MZXzNPCMoqi4uscJl","අනේ පලයන් බං යන්න"
"Lakmal Jayathilaka","https://www.facebook.com/lakmal.jayathilaka.58","මෙවගෙ කාලකන්නි පින් බත් කෙල කෙල අදින සිවුරටත් ගරහනව මෙ කාල කන්නිය පල ගෙදර අපෙ ආගම කන්නෙ නැතිව තොපි වගෙ වුන් වැඩක් නැ සාසනෙට කාල කන්නි"
"Rangan Predeep","https://www.facebook.com/rangan.predeep","නොදකින් තො හාමුදුරුවෝ ද කියපි⁣යකො තො ගිහිල්ල ගලගොඩ අත්තය රෙන ගු කාපිය සක්කිලි බල්ලා මැරිලා පල කාළකණ්ණි අසික්කිත අසමත් ජාති පාහර අවජාතකය"
"Sd Priyanthi","https://www.facebook.com/sd.priyanthi.7","සිවුරු දාගත්ත උබල ධාර්මික නම් හිරෙ ලගින්න  ඔන්නෑ නෙ රජුගෙ දාර්මික බව හොයන්න කලින් උබල ධාර්මික වෙයල්ල"
"Nuwan Chathuranga","https://www.facebook.com/people/Nuwan-Chathuranga/pfbid0tdbZDdSAnw6Lsj9bGukEXqhqSC2cp785q1LMaA7QWyYxUB83BK1NbpzyRN8AMh3l","Meka  jatiyata jathka wechi ekek."
"Kumarasingha Herath","https://www.facebook.com/people/Kumarasingha-Herath/pfbid033Rds3BaXmRP6Y3cAudwY9UX1MFor19jjDSVjEnZ3nDKPr9dNqquhhdqnFJpLaQS1l","පොන්න වෙසීගෙ කනවෑන්දුම් බෙගල් පොන්න වෙසීගෙ අවලන් කෑරීයා"
"Kamal Perera","https://www.facebook.com/people/Kamal-Perera/pfbid02r2b2vSAiM66Mbe8tDjzpLQSREvzEdpziNa27uFnHXDDpN1BUac4k8JPdzozMAiGLl","සිවුරක් දාගෙන බඩු ගහ ගහ අල්ලස් අරගෙන දේශදෙුා්හින්ට කඩෙි යමින් දියුනුවෙමින් පවතින රට වලපල්ලට දාන්න දගලන මලමිනි උඩින් ගෝස්තරය බුරව ගන්න දගලන පාපතර අසික්කිත සිවුරැ හොරැ...."
"Ranjani Wijewicrama","https://www.facebook.com/ranjani.wijewicrama","නාන sara එක්කම යන්න one d ......."
"Lalith Lalith Perera","https://www.facebook.com/people/Lalith-Lalith-Perera/100084335930680","උබ දාර්මික.හින්දාද.....හොර.තක්කඩි..බේරා.ගන් ගන්ඩ..දගලන්නෙ..හොරු...හිරේ...යන්ඩම..ඕනෙ...රටෙ.මිනිසුනෙ..අත්සන්.කිරිමෙන්.වලකින්ඩ.."
"Ajmeer Mohmmed","https://www.facebook.com/ajmeer.mohmmed.1","අපේ පැතිවලත් ඉන්නෙ හොඳ සාසනය රකින හාමුදුරුවල මුං වගේ නම් නෑ"
"Corala","https://www.facebook.com/corala.60716","ආගමවාදී අමනයෙක්මමූ     මංහිටියේ හොද බූවෙක් කියලා. සමාජයට බරක් උණ කහකඩ බල්ලෙක්. සාසණය විනාශකරන්න ආපූ වනචාරියෙක්  පරයෙක්. බුද්ධාගමේ විනාශය දැන්වෙන්නේ.... ලෝකයේ තියන මෝඩ ආගමක් කහකඩබලු නිකාකාරයෝ"
"Sampath Nilu","https://www.facebook.com/sampath.nilu.5","පිස්සෙක් ,සිවුරෙ රෙනවා මුු"
"Nimal Wijesinghe","https://www.facebook.com/nimal.wijesinghe.5817","කාලෙන් කාලෙට මොකෙක් හරි අපතයෙක් බිහි වෙනවා ඒ වගේ සිවුරට මුවාවෙලා ඉන්න හොර සක්කිලියෙක් මූත් මේකා නීතියට අභියෝගකරන්න ද හදන්නේ ගලබොඩ ගේ තනියට මේකාවත් යවන්න ඕනා"
"Priyankarage Lesly Samaranayaka","https://www.facebook.com/pleslys.samaranayaka","අනේ හුත්ත ගල්ල උඹේ දාර්මිකකම, රෙද්දේ පල්ලෙම් බේරේ, උඹේ කෙරුවාව එළිවෙන ජාමෙට."
"Indika Fernando","https://www.facebook.com/people/Indika-Fernando/pfbid02FSwhiSTgqbvarHPm9qnjqWQuexko7ZzkN2vpYuVJCq4HSsvbjFeDqwC9FFHqVW2bl","මේ හුත්තෝ එක එක පකාට කඩේ යන්නේ නැතුව ගිහින් බන ටිකක් කියාපිය"
"Eranda Sadaruwan","https://www.facebook.com/eranda.sadaruwan.863668","ඈ බොල පර ගනයෝ චෝදන දෙයක් කාලා වෙන දෙයක් බලන් ඉඳපන් අනුන්ගේ සීනි කර නැතුව ප*** ක*** ගණයා"
"Supramaniyam Supramaniyam","https://www.facebook.com/people/Supramaniyam-Supramaniyam/pfbid0Ebh3YFyVaRj7vjKbLVdY6ZvTDiqkuNozd1N1RzoQTTRWuZYTdhdnqfFd6zQqk7q9l","තෝත්තුත්තිගේ පුතා ඥානසාර වගේ තමයි තොගේ මූනෙන්ම පේනවා කොයිතරම් බලු හුත්තික පුතෙක් කියලා පේනවා තොගේ මූනෙන්ම ඥානසාර බල්ලයි තෝත් එකයි"
"Ramyalatha Lanka","https://www.facebook.com/ramyalatha.lanka","අවජාතකයා  කතාකරන්න ඉගනගනින්"
"Duminda Iroshan","https://www.facebook.com/duminda.iroshan.965","පල කැරියා"
"Anu Sendanayake","https://www.facebook.com/anu.sendanayake","කලූ මූසලයා ගනයා"
"Thushantha Wijayaweera","https://www.facebook.com/thushantha.wijayaweera.2025","Me thitthagallayata amathakada danne na hchanasaraya janapathita kiu ewa,Dan mun setwela duwa beranna hadanawa.mun okkoma rajapaksalage pohosath una ganayo"
"Kahandawa Karunarathna","https://www.facebook.com/people/Kahandawa-Karunarathna/61576356939205","චීවරයක් දරාගෙන තෝධාර්මික ද ආපත්තර ගඩ ගලබොඩයා ගලබොඩවත්තයා ධාර්මිකද පලයව් යකෝ යන්න තොපි චීවරයට මුවාවෙලා රට කනවා රටේ ඉන්න මිනිස්සු හොඳ හින්දත් අපි ජීවත් වෙනවා නැත්තං ඇත්තටම තොපි ගහලා මහ මග ඇදගෙන යන්න ඕන ජාතියක්"
"Kooku Hennadige","https://www.facebook.com/people/Kooku-Hennadige/pfbid02JQ5Na28XbUgWRpGbZavgnRS8ZZcyt8gDemrTKYbh1zDd8J18WSScHCgmdQsXzWxnl","මේ හොර තක්කඩියක් ඇවිල්ලා ඥානසාරගේ මල්ලි කෙනෙක්. ඒ ජාතියේම එකෙක් ඒ ජාතියේම පොල් වැල්ලේ පොල් ගෙඩියක් මේකත් උඹලා අස්සන් පන්දා පනත් දහනේවන් අත්සන් ලක්ෂයක් ගැහුවත් ජනතාවගේ කැමැත්ත තමයි ජනාධිපතිතුමා කරන්නේ ජනතාව අකමැති නම් කොහොමත් ඥානසාරෙට සමාවක් නෑමයි ඥානසාර කියපු කතාව දන්නව නේද ජනාධිපතිතුමාට බලු කතා බලු කටින් ප*** කියපු කතාව ක් උඹලට සාදු කියන්නෑ උඹලට සාදු කියපු කාලේ ඉවරයි. දැන් උඹලට කියන්නේ වේසිගෙ පුතාලා බල්ලෝ ප*** බූරුව ට ඔය වගේ වචන තමයි දැන් උඹලට පාවිච්චි කරන්නේ උඹලගෙන් අපට ඇති කිසිම වැඩක් නෑ මිනිස්සු මැරුණට උඹල ගෙන්නුවා නෑ මුස්ලිම් අය වගේ අපි ඔහේ නිකන් වලලනවා උඹල ඔය බොරුවට සිවුර දාගෙන ගෑනුත් එක්ක කෙලලා ළමයි හදලා අර පේන්නැද්ද එක එක සිවුරු දාගෙන නොතිවුරු රඳවන්න උමන්දාව එකෙක් ඉන්නවා. ඔය ඥානයයි එකෙක් මිහින්තලේ තව එකෙක් දන්නෝ නොදන්නෝ ලා සිවුරු දාගත්තට ම බෝලාට සලකන්නේ දැන් ජනතාව බොලා සේරම හොර තක්කඩි මහින්දලාගේ ටොයිලට් ලේව කන මහින්දලගේ පාසලේව ගන්න කටු ලෙවකන කාලකන්නි බල්ලො ටිකක් ගස් බල්ලෝ"
"Sudath Udagedara","https://www.facebook.com/sudath.udagedara.2025","Aniwa"
"Owala Rathnasiri","https://www.facebook.com/owala.rathnasiri","පල් කැරි කහකඩයො"
"Ranjith DE Silva","https://www.facebook.com/ranjith.de.silva.978537","ඇයි බං ඈස් කුස් කිලෝ ගණන් ලංකාවට ගේන ඒවා උබල බුදු හිමියන්ටත් අපහාස කරන කාලකණ්නි, සිව්ර දාගත්තා නම් දහම පතුරවපං අනූන්ට කූලියට කහින්නේ නැතුව"
"Ravindra Vitharana","https://www.facebook.com/ravindra.vitharana.2025","සිංහල ජාතියයි ආගමයි දෙකෙන් පටන් අරන් සිවුරට මුවා වෙලා හැමදාම රටට කෙලවන්න බෑ, ම්නිස්සුන්ටම එපා වෙලා තියෙන්නේ ගහල පන්න බැරිකමට ඉන්නව"
"Indika Bandara","https://www.facebook.com/indika.bandara.927758","මේ මොන අපතේත්ද කෑ ගහන්නේ හොරෙක් බේරන්න ජාතිවාදය ඖෂධු හාල්පාරුවෙක් බේරන්න අස්සන් අරගෙන ලංකාව වටේ කැරකෙන මොන ගණයෙන්ද ප** තෝ"
"Tlini Champika","https://www.facebook.com/tlini.champika","මූස්ලීමීදෙමලදෙකම,සීංහලයගේඔලුඅතගාලටොක්අනීන්නේගොන්සීංහලයෝ"
"Mohanlal Pragnaratne","https://www.facebook.com/mohanlal.pragnaratne.2025","කවුද මේ දෙවුදත් ආයි ඇවිල්ලාද"
"Thanuka Thanuka","https://www.facebook.com/thanuka.thanuka.925","එක් අයෙකුට පමණයි කොන්දයි කටයිතිබුනේ...ඒ වහේ අය දෙකක් තුනක් හිටිය නම් තොපිට ගහල එලවනවා............."
"Rasika Yapa","https://www.facebook.com/profile.php?id=1049674978","මුන් හිත්ං ඉන්නේ සිප්පි කෑලි වලට අනුර react කරනවා කියල... fuck වෙලා ඉන්නේ...මූණ බලන්නකෝ.."
"Samith Dilshan","https://www.facebook.com/dila.dila.916568","තෝ ඉදල හිටල හරි බත් කාපන් නොදකින් ගූම කකා ඉන්නෙ"
"Sanjay Kulatunga","https://www.facebook.com/people/Sanjay-Kulatunga/61563020250131","ජෙප්පෝ යනු අවජාතක බල්ලන්ට දාව උපන් මිනිස්සු වගේ"
"Keerthi Rathna","https://www.facebook.com/keerthi.rathna.349546","ත්‍රස්තවාදීන්ට උදව්කරන තිත්ත ගල්ලේ  ඔහේ නිකං කැහැලා ජාතිවාදී ලේබල ගසාගන්නවද  නැද්ද යන්න ඔබම තීරණය කරන්න."
"Madushan Dishanyaka","https://www.facebook.com/madushan.madushandishanyaka","Alakiri macan supiri okunta uba kiuwata pauna"
"Shihan Warnakula","https://www.facebook.com/shihan.warnakula","පල යන්න කහකඩයා"
"Nethra Vikramasinhe","https://www.facebook.com/nethra.vikramasinhe","ඔබේ අම්මාට හුකා"
"Gunatilaka HM Guna","https://www.facebook.com/gunatilakahm.guna","අනේ පල පර  සක්කිලි  බල්ලෝ, තෝ හාමුදුරුවන්ට  වත් කතා කරන්න  දන්නේ නැති අවජාතක, කාලකන්ණියෙක්,තොට  නෙවෙයි  බනින්න  ඕන තෝ වගේ සක්කිලි පරයෙක්  මේ ලෝකයට  බිහිකල  උන්ට, කාලකණ්නි  වසලය,"
"KR Weerawardhana","https://www.facebook.com/kr.weerawardhana","හුත්තගල්ල පොන්නයො අනුර තොගෙ අමිමට හුකන්න එන්නමි කියා ආවෙනැති එකටද තෝ කියත්නෙ අනුර බොරැ කියනව කියල."
"Saman Nanayakkara","https://www.facebook.com/saman.nanayakkara.586565","තොපි හාමුදුරුවන් නොවෙයි පාහරයෝ."
"Upali Dias","https://www.facebook.com/upali.dias.587","තේ.. සිවුර. ආරක්ෂා. කරපිය. නැත්නම්. ගලවල. ගෙදර පල... ඔය. ගූකනසාර.. කරපු. ව්ඩියෝ. බලපිය.. තොට එතකොට. දානෙ. දෙන. කෙනෙක්. නැති වෙයි. සාසනය. විනාස.. කරන්න. එන. පාදඩ. බල්ලෝ."
"Sanjeewa Liyanapathirana","https://www.facebook.com/sanjeewa.liyanapathirana.75","මූලාජ් අක්ෂ නිකායේ බැලමේවරයෙක් මූට එල්ලෙන්න වැල නැතුව පිදුරු ගය හරි එල්ලිලා ගොඩ යන්න දඟලනවා කාකඩේක්සිවුර දා ගත්තත්පමණින්බුද්ධ පුත්‍රයෙක් නොවන බවයි අප රටේ මිනිස්සුන් හොඳ හැටි තේරුම් ගෙන සිටින්නේ මුන් හිතාගෙන ඉන්නේ දාගත්ත පමණින් මුළු මහත්මිය බෞද්ධ සමාජයමු කියන කරන හැමදේම අහගෙන එහිඑහෙයි එහෙයින් කිය කියා හැමදේම පිළිගනියි කියලඋඹල කෝ රාජපක්ෂ සාටකේරීම් ඉල්ලිලාපුංචිලි පදින්නහදන්නේඒක අපි තේරුම් අරන් ඉන්නේදැන්වත් පන්සලට වෙලා ගිහියන් දිනා දානයක් මානයක් වළඳලා බණක් භාවනා කරගෙන පාඩුවේ හිඳපන් බුදු සසුන නාමයෙන්"
"Asanka Kumara","https://www.facebook.com/asanka.kumara.156998","තොපිවගේ සිවුරට මුවාවෙලා රට ජාතිය විනාස කරන උන්ට ගහල පන්න ඔන අනිවාර්යෙන් මේ හැම දේකට කලින් උබ මහන වෙයන්"
"Save Ranathunga","https://www.facebook.com/people/Save-Ranathunga/pfbid02y7saZgVxaztkeqxmW3U415apAnBFaBUSyKMuxxxcViL3oQY86omqtXneEgTJrJoLl","Methanaka sinhalayawa aussanawa uba."
"John Lbs Wick","https://www.facebook.com/people/John-Lbs-Wick/pfbid02XveAdz9T15ZtFCh4ZDePNSx1TRREWj8Z2h8XzYgLhgAQktNYjBoJJTfybwyusauBl","අහිංසක මිනිස්සුන්ගේ පින් බත් කන හිඟන ගෙවලයා තොගෙ වැඩක් බලාගෙන ඉදපන්"
"Sam Sos","https://www.facebook.com/people/Sam-Sos/pfbid02dMGw4du3o1S8VkXW4iVoumLCin2Bvu649izKFor31M75HQUHErLYuFEEaWNKL6dkl","Super  bro"
"Chamara Lakshitha","https://www.facebook.com/chamara.lakshitha.410521","මුං මෙි කැරි කහකඩයෝ පුක දෙනවා අර පකේ ගලගොඩයට. රට කන්න දගලන බල්ලෝ මුං. සිවුරක විටිනකම දහමක වටිනකම දන්නේ නැති අවලමි බල්ලෝ මුං."
"Rukman Rajapaksha","https://www.facebook.com/rukman.rajapaksha.2025","තිට්ජ්තගල්ල උම්බ නිකන් හුකන්න එම්න එපා හලෝ"
"Sachithranim Fernando","https://www.facebook.com/people/Sachithranim-Fernando/pfbid0hNSUpZA3JCevizU5mfnEythLaTP492U5ZSPjHKCrutM3U1cPpSPMkZKJaw8QB1AEl","Aluth bodu balayek enna yanne"
"Withanage Withanage","https://www.facebook.com/withanage14","අනේ හුත්තො පල ගෙදර තෝට පංසල් හරියන්නේ නැහැ"
"Emine Rule","https://www.facebook.com/EmineRule","තිත්තගාල්ලේ නාමල් ව අරහත් කරන්නේ කවද්ද"
"Madhsi Disanayaka","https://www.facebook.com/people/Madhsi-Disanayaka/61578132537414","මේ කහ කඩයො තමයි පාතාලේ ගොල්ඩ් පාදලා සාසනේ විනාස කරනවා මුන්ට නිතියක් නැද්ද අප්පා මටනම් මේ ගන කැලී පෙන්න බෑ හැමොම නෙවෙයි  සදු කිය කිය හොරා කන හැද්ද  කාක්කා වගේ වට පිටබලන කැත"
"Prabodha Lakshan","https://www.facebook.com/people/Prabodha-Lakshan/61583774942162","Kalu vesige putha ube ammata hukapn sakkili vesige putha"
"Perera Perera","https://www.facebook.com/people/Perera-Perera/pfbid037LuHDhYRsBqBGaFU5CpVYJ6fjGANydzZY16MnN23fgVed4z9eQxRMzHD9MUT7ySel","තිත්ත ගල්ල නොවේ පැණිගල්ල හරි කමක් නෑ දේශපාලුවන්ට කඩේ යන්නැතුව පන්සලට අයිති දේ විතරක් අරගෙන පිනට දෙන දානේ කාලා ඉඳපන්"
"Dammika Kumara","https://www.facebook.com/dammika.kumara.35557","යකො තොට උතුරෙ සිංහල පන්සල් පෙන්නෙ නැද්ද පොන්නයා නිරාගමිකයා"
"Rathna Kumara","https://www.facebook.com/ananda.rathnakumara.3","Toge hati balapiya eluwek wage topi kawada hati marenne watura nati tanaka"
"Madusanka Rathnayaka","https://www.facebook.com/kumara.rathnayaka.124466","පොන්න ගණයගේ අම්මා ධාර්මික වුනේ නැති වුනාම උබ වගේ බිත්ති ගණයෝ බිහි වෙනව 😂"
"Ranjith Gunathilaka","https://www.facebook.com/ranjith.gunathilaka.75","මුගෙ මූනේ තියෙන ක්‍රෝධය ඊර්ෂ්‍යාව තන්හාව වේස දාරියා මුන්ට පංචසීල ය බිදින්න තමා මේහැටි වෙහෙසෙන්නේ සාටක රැහේ අන්ග්‍රහයෙන් පාදඩය කුපාඩිය පදුරු වේ### බල්ලා."
"Somasiri Manawalga","https://www.facebook.com/people/Somasiri-Manawalga/61550957563456","පතාල බජාර දේකටම නැති එවුන්ට හොරනෑ වයනව අඇයි ඒ මොකද සැගවුනු චරිත පන දේන්නද"
"Sarath Gunapala","https://www.facebook.com/sarath.gunapala.66","සමිබුද්ධ ශාසනයේ විනාශය පටන්ගත්තේ ගු මයිනගෙ කාලේ හාමුදුරුවරුන්ව එක එක වරදාන. දිල නොමග ඇරිය"
"Kumarakumara Kumarakumara","https://www.facebook.com/people/Kumarakumara-Kumarakumara/pfbid02YcPoyksQvnKmDokBcuNgnfsqHpNRYRvuuvgKf8yBgoB5xq8sjFUCFHtxLhzbRN7Al","අනේ ගොන් හුත්තෝ කුනු තිත්ත ගල්ල"
"තුෂාර සම්පත්","https://www.facebook.com/people/%E0%B6%AD%E0%B7%94%E0%B7%82%E0%B7%8F%E0%B6%BB-%E0%B7%83%E0%B6%B8%E0%B7%8A%E0%B6%B4%E0%B6%AD%E0%B7%8A/pfbid031qa9LLLX9m23r7XsYYaga2tufDky1pNcMN6G1h2e8nmLfHumNYUqF6d9fqWyTugFl","පලගොරිල්ලා වේමිගේපුතා සිවුරපොරවගේන .පජාතිබල්ලව්ට කඩේයනවා."
"Upali Atthanayaka","https://www.facebook.com/upali.atthanayaka.58","පල ගන ගේඩියා"
"Chandana VY","https://www.facebook.com/profile.php?id=100002831383150","මේ හොරුන්ව සන්ඟ චීවරයෙන් වහගන්න හදන්නේ. මේ නම් බුද්ධ චීවරය නොවේ.."
"Nisala Sitha","https://www.facebook.com/people/Nisala-Sitha/pfbid026yPFMZ4v8stH9FfZidYNVoASDX59PSCmvMsWwMXaR8Y1WYiVtoxCMyS6ZmVopnKl","උබ ධර්මිකද උබ. අධාර්කව හිදගන අනිත් අයගේ ධර්මික කම හොයන්න කලින් උබ හැදියන් උබ තැනුත් එක්ක  මගුල්නටන මිනිහගේ සිවුර දාගන"
"Nalin Jayawardana","https://www.facebook.com/people/Nalin-Jayawardana/61587592250007","පල හුත්තිගේ ගනයා දැන් එනවා යුක්තිය අයුක්තිය හොයන්න මුන්ට දන්දෙන එවුන්ට හෙන ගහන්න ඔනේ"
"Dillu Kumara","https://www.facebook.com/people/Dillu-Kumara/pfbid0tzV5VRP3CGZhkrE74Das5k9Xktm2CAh3syP6vdVHYLewwxW99mYHiiKjNi95BNvhl","උබ කුඩ්ඩෙක්නෙ හුට්ටෝ😂😂😂 ගූ කන හරකෙක්. ඌට මොලේ නෑ. උබට ඌට තරම්වත් මොලයක් නෑ කුඩ්ඩා😂😂😂🤌🤌"
"Rac Docker","https://www.facebook.com/people/Rac-Docker/pfbid0MPcTKHJaCqgNpFJetp5XMuEFt2ELtfftZJc2mzyj3Tvx2nYHbegtyUMGyyZ2Pf1Ml","පල ගනයො යන්න සක්කිලියා"
"Rojeshan Max","https://www.facebook.com/rojeshan.max","[Image Attachment]"
"Vp Nilantha Vp","https://www.facebook.com/vpnilantha.vp","තිත්ත බල්ලා සෙට් වෙන්න එපා පාරක අනිවා දෙනවා ගුටියක්.. හාමුදාවෙන් කෑවට වඩා..."
"Garu Sinha","https://www.facebook.com/garu.sinha.2025","පලයන් ලොන්ත පොන්න සිංහල බල්ලා යන්න.. රටෙි යටින් යන ප්‍රශින තෙපෙිට පෙන්නෙ නැ..රැල්ලට ජාතිය ආගම පාවල දෙන පෙොන් න සිංහලයො දැන් ඉන්නෙ ."
"H M Vijitha Bandara","https://www.facebook.com/h.m.vijitha.bandara","හම්බයාට බොම්බ ගහපු එවුන් පෙන්නැ"
"Kad Nishantha","https://www.facebook.com/kad.nishantha","මල්ලි       මෙසගයා    ඉන්නතැන.    මට.  කියන්න.      මුඑලවටත්    මෙලොවටත්නැති     පොන්න.    පකේක්"
"Dayananda Rajapakse","https://www.facebook.com/dayananda.rajapakse.9","මේ වගේ කහකඩ සමාජයෙන් කොන් කල යුතුය"
"Ometh Sayagi","https://www.facebook.com/OmethSayagi","අනෙ පල ගූ ඩොබියා 😂😂"
"Lahiru Lakshan","","https://www.facebook.com/share/v/1Lr5brMyQn/"
"Sunil Warnakulasooriya","https://www.facebook.com/sunil.warnakulasooriya.39","❤️"
"Wasantha Kodikara Arachchi","https://www.facebook.com/wasantha.kodikaraarachchi.5","මු ආමී එකෙන් පැනල හැංගිලා ඉදලා මහනවෙලා නිදන්අරගෙන කිපසැරයක් හිරේ ගියපුඑකෙක් මු මහානායක හිමිවරැන්ටත් අපහසකරණ එකෙක් මු  මිනිස්සුන්ට යන්න තිබුනපාරක් වහලා තමයි නිදන් අරගෙන හිරේ ගිහින් රාජපක්ෂලා තමයි නිදහස් කරගත්තෙ මු රටට පිලලයක්"
"Ishara LC","https://www.facebook.com/479hkpk57l","තිත්තගල්ලෙ පකාට බිත්තියට හේත්තුකරන් අරින්න ඕන..."
"නිෂාරා පහන්දෙණිය","","[Image Attachment]"
"Vijay Pathman","https://www.facebook.com/vijay.pathman","සිවුරු වලට නීති වෙනස් කරන්ඩ බෑ"
"Tuder Jayakody","https://www.facebook.com/tuder.jayakody","අන්න ලොකු දාර්මිකයා අද ගියා 😂"
"Sudeshe Su","https://www.facebook.com/sudeshe.su","Sri"
"Yohan Amantha","https://www.facebook.com/ajith.wijesundara.96","10k අස්සන් දෙන්න එයා Cristiano Ronaldo ද.? 😅"
"Asanka Kumara","https://www.facebook.com/asanka.kumara.464919","අනේ ගොන් ඩොබ්යො උබගෙ මොලේ තොයන තැන හිතාගන්ඩ පුලුවන්"
"Nissanka Silva","https://www.facebook.com/nissanka.silva",",ඊලග සැප බලාපොරොත්තු වෙන තිත්ත ගල . සැප කනේ"
"ජයලත් බටගොඩ","https://www.facebook.com/people/%E0%B6%A2%E0%B6%BA%E0%B6%BD%E0%B6%AD%E0%B7%8A-%E0%B6%B6%E0%B6%A7%E0%B6%9C%E0%B7%9C%E0%B6%A9/pfbid02XhD37pg4yUWMeokszRo2YhmDuXaZSBbrN4jjfFjCVNHGMqBUFV1s9N9D99xJL6bEl","නානසාර සංඝ පාතාලේ ගෝඩ් ෆාදර් මලකාලකන්නී තප්පුලනවා ... මුන්ට නීතිය තදින්ම ක්‍රියාත්මක විය යුතුයි .."
"Ajantha Shelton","https://www.facebook.com/ajantha.shelton.1","[Image Attachment]"
"Npp Alawathugoda","https://www.facebook.com/dgpk.rathnasiri","මූට නඩු තියනවා ලු"
"Abdullah Abdul Azeez","https://www.facebook.com/people/Abdullah-Abdul-Azeez/61550103992441","Super super bro"
"Pushpa Kanthi","https://www.facebook.com/pushpa.kanthi.39794","[Image Attachment]"
"Dilri Jayatunga","https://www.facebook.com/dilri.jayatunga","සිවුරට මුවාවෙලා ඉන්න පිංගුත්තරයෝ...ගිහියන්ටත් පව් පුරෝනවා..🤮🤮"
"Indika Sanjeewa","https://www.facebook.com/indika.sanjeewa.16547","බුදු හාමුදුරුවනේ මෙ හාමුදුරුවන් ට දර්මය අවබොද කර ද න සක්වා 🙏🙏🙏🙏"
"Lalani Sudawadawge","https://www.facebook.com/people/Lalani-Sudawadawge/61554451260217","සිව්ර දාගෙන රට‍කන බල්ලෝ 😂😂"
"Shantha Shantha","https://www.facebook.com/shantha.shantha.471106","Mee chiwarayata gahanna ona"
"Wanasinha Peiris","https://www.facebook.com/people/Wanasinha-Peiris/pfbid026X4y29sJfs19MmKdVT5Y1yJpMSBPMVzZ99oSDQ1jPxPHAR4s5tgHsswFWo4tYUCAl","Morris udumbey"
"Priyantha Samith","https://www.facebook.com/priyantha.samith1","Sakkili gana gedi haththa me rata kawe me sakkili tika thamai"
"Duminda Gamage","https://www.facebook.com/duminda.gamage.96","😂😂😂😂"
"Chanaka Dahanayake","https://www.facebook.com/chanaka.dahanayake.927","[Image Attachment]"
"Chaminda De Silva","https://www.facebook.com/chaminda.desilva.5477","[Image Attachment]"
"Ishara Anuranga","https://www.facebook.com/ishara.anuranga.2025","එකා අත්සන් 500ගානෙ ගැහුවත් ඕකා ඇතුලට යන්නම ඕන එකෙක්.සාසනේ කන හිඟන කහකඩයා..😡😡😡"
"Bandara Menike","https://www.facebook.com/bandara.menike.127","තඩි ගොන් හරකෙක් තිත්ත ගල්ලෙ තොට පිස්සුද කාලකන්නියා ගනයා"
"Pm Piyal Jayaratna","https://www.facebook.com/people/Pm-Piyal-Jayaratna/pfbid04tGyehJC7iS5oGUuVDNJov2mrb2YoM4sQaPRUHXFp9mseJDpk3ae8BToYJPYUVe1l","නියමයි, කොල්ලෝ උඹ නම්, අදහන්න වටිනවා"
"Janaka Pradeep Janaka","https://www.facebook.com/people/Janaka-Pradeep-Janaka/100090667809613","මොකෙක්ද මු 😂"
"Ravindra Karunarathne","https://www.facebook.com/ravindra.karunarathne","මේ පිස්සා report කරමු, ඇයි උඹලා comments ලිය ලිය share කරකර මූව promote කරන්නේ,"
"Nimal Nimal","https://www.facebook.com/nimal.nimal.371791","මේකා ඉඩ්යමින් වගෙ  නියම බඩුකාරයෙක් වාගේ"
"Thaha Thalha","https://www.facebook.com/thaha.thalha.9","[Image Attachment]"
"Thaha Thalha","https://www.facebook.com/thaha.thalha.9","[Image Attachment]"
"Thaha Thalha","https://www.facebook.com/thaha.thalha.9","[Image Attachment]"
"Thaha Thalha","https://www.facebook.com/thaha.thalha.9","[Image Attachment]"
"Thevaraja Thavaraja","https://www.facebook.com/people/Thevaraja-Thavaraja/pfbid0g4sFMYX6hrXWR338oEcSyMMMnXZgJTZWCkBFZeoePbTQHemhFGcHutLTXXK7k7ZSl","👍👍👍👍👍👍"
"Wimal Badigama","","මේමූන බැලුවම පොරගෙ පැටිකිරිය කියන්න පුලුවන්. දාර්මික කෙනා..."
"Nilufer Shareef","https://www.facebook.com/nilufer.shareef.9","Kasipu karayata Kadey yannathuwa etahang modayo. Pansalata weala enna nikang buranathuwa"
"Roshith Mendjs","https://www.facebook.com/people/Roshith-Mendjs/pfbid02gi79RRz5r3AKTtNwACz4ZH6DgBu1e9xRF1dGEHc1X1FVznJMSu8wWYadarEYs3drl","Huthtygally,kyreganya,togukapan"
"Mallawaarachchi Mpk","https://www.facebook.com/people/Mallawaarachchi-Mpk/pfbid02i6A71zCtLoWFL81T31RvCNfRKGYg2Dz95nTujTi3vNra1NkiUgMDqyidiACjCqmWl","මුට දෙන්න ඔනි එලව එලව?"
"Sugath Chaminda","https://www.facebook.com/sugath.chaminda.1656","Vipaksata.   Kadayana.   Bathbalyo"
"Sisira Kumara Vithanage","https://www.facebook.com/people/Sisira-Kumara-Vithanage/61590084422452","කවුදෝයි  මූ මහණ ⁣කරන්න බැරිද ඕකා"
"Janaka Cooray","https://www.facebook.com/jnkcooray","කලකන්නි කහාකඩයො"
"Maza Fredrick","","[Image Attachment]"
"Waruna Herath","https://www.facebook.com/waruna.harath.7","නිඝණ්ඨයෝ"
"මාලිමාවට ජයවේවා","https://www.facebook.com/profile.php?id=61593554060661","මුං හාමුදුරුවෝ නෙමේ බං මත්ද්‍රව්‍ය පාවිච්චි කරල හොරකන් කරල කස්සිප්පු ගහලා ගෙවල් වලින් එළවපු එවුන් පන්සල් වලට ගිහිල්ලා සිවුර දාගෙන"
"Ranjith Saman","https://www.facebook.com/ranjith.saman.12","හොරැන්ට  කඩෙි යන පගයා"
"Chamila Nuwan","https://www.facebook.com/chamila.nuwan.9400","මුගෙ සිවුර ගලවල ඔළුවෙ ඔතල ගහන්න ඔිනි."
"Zeus Mahendran","https://www.facebook.com/geeth.geeth.133439","මේ වේසිගෙ පුතෝ, තෝත් අමු කල්ලතෝනියෙක් කියල පේනවා එහෙමත් නැත්ත බෞද්ධ විරෝදී, කොහොන උනත් කමක් නෑකට තිබ්බ පලියට අවජාතක වාචාලයෙක් වගේ කියවන්න එපා කොහොම කොහොම හරි තොට බුද්ධාගමට කෙලින්න පොටක් හොය හොයා ඉන්නෙ කියලා අපිට තේරෙනවා  ඔය හාමුදුරුවරු කරනවා කියන ඒව හැම කෙනාම කරනව උඹ දැක්කද අවජාතකයා🤌"
"Asela Asela","https://www.facebook.com/asela.asela.296982","ඔහොම කියලා මදි මචං ඕකුන්ට"
"Kahanda Gamage","https://www.facebook.com/kahanda.gamage.7","පක්ෂ දේශපාලනයක් ඕනි නෑ අපිට බලපන් මේ ආගම කියන එකේ තියෙන කැත මේකා කතා කරන හැටි තිරිසනෙක්වත් ඔහොම පිස්සු හැදුනට බුරන්නේ නෑ"
"Ac Ekanayake","https://www.facebook.com/ac.ekanayake.2025","මෙවගේසිඋරැ දමාගත්ත හොරැන්ට බනිනකොට අර හොරැන්ට කඩෙ යන මෝඩ වල්ලුන්ට කෙන්ති යි මෙවගෙ මෝ වහල්ලු ඉන්නකන් මෙරට ගොඩයැමක්නැ"
"Ajaya Ravindu Umanga","https://www.facebook.com/rj.lion.127","මෙන්න මේ ප#@යවත් අල්ලල හිරේ දාපල්ලකො පුදුම කරුමයක් මේ කහකඩ පරයො🤧🤧"
"Janani Fernando","https://www.facebook.com/janani.fernando.566","අපිනම් ඔය නරින්ට අත්සන් කරන් නෑ"
"Dinu Dinu","https://www.facebook.com/people/Dinu-Dinu/pfbid0218QDV9hebD3BSFuBZ7rXKyMQgUoD9BMiZ4SPP8mhVbX7hVXBsjtfGiH63tQC9s1gl","අඩේ ඝන ගෙඩියො අ.වු 16 ගෑනු ළමයෙක් දූෂනය කරන එක පොඩි වැරැද්දක්ද එතන ඔයිට වඩා කොන්දක් තියන එකෙක්  හිටියනම් සිව්ර ගලවලා පැත්තකින් තියල දුවනකල් ගහනව"
"Niro Senanayake","https://www.facebook.com/niro.senanayake.376","අතිත මහ යතිවරු දිවිහිමියෙන් රැක්ක මෙ සාසනය ඔබල වගේ දුස් සිලවත් බිස්නස් කාරයන්ගෙ පෞද්ගලික බුදලයක් නොවේ.ඔබගේ තියෙන මජර ගති නිසා තමයි සමාජය ඔබ ප්‍රතික්ෂේප කරන්නේ . හොර තක්කඩි මේ රට විනාශ කරපු රාජපක්ෂලට සහ සල්ලි ගන්න පුලුවන් හැම ඵකාටම කඩේ යන්නෙ. උන්ගෙ ගැන වයන්නෙ ? ඔබ කියල තිබුන අනුර කුමාර ජනාධිපති අධර්මිෂ්ඨ පාලකයෙක් කියල.  ජනාධිපති අනුර කුමාර තමා මේ රටේ ඵදා මෙදාතුර බිහිවුන අති විශිෂ්ඨ ජනාධිපතිවරය. මේ රටේ මිනිසුන් අනුර ජනාධිපතිව දිවි හිමියෙන් රකිනව. තව අවුරැදු 20 මේ රටේ ජනාධිපති අනුර කුමාර තමා.ඔබ දුෂ්ශිල බවෙන් සහ තක්කඩි බිස්නස් වලින් මිදෙන්න. හරි දෙයක් කරන්න  බුදුරජාණන් වහන්සේ වදාළ මග යන්න  නැත්නම් හැකි ඉක්මනින්ම වෛද්‍යවරයකු හමුවන්න.."
"Bhaggya Samaranayake","https://www.facebook.com/samaranayake.sab","නඩු 14 තිබිලා නාමල්ට කියලා සුද්ද් කරගෙන කියන්නේ මේ හිමිනම."
"Mahendra Tennakoon","","ස්තුතිය"
"Sanjeewa Ruwan","https://www.facebook.com/sanjeewa.ruwan.1420","තිත්තගල්ලේගෙ පැටිකිරිය 👇👇👇  https://www.facebook.com/share/v/1HoFUqbntj/?mibextid=wwXIfr"
"Antan Silva","https://www.facebook.com/antan.antan.9","නියමි මචං ❤️🙏"
"හෙල දීපය","https://www.facebook.com/people/%E0%B7%84%E0%B7%99%E0%B6%BD-%E0%B6%AF%E0%B7%93%E0%B6%B4%E0%B6%BA/100008433345988","[Image Attachment]"
"Perlin Dawn Kennedy","https://www.facebook.com/perlindawn.kennedy.7","අපිත් ලොකු පුතාල ඉන්න දෙමව්පියෝ"
"Yoshan Karunaratne","https://www.facebook.com/yoshan.d.karunaratne","සිවූරු හොරෙක් 🤬"
"Rachel Alawathure","https://www.facebook.com/rachel.alawathure","තිත්තගල්ල සිවුර දාගෙන මහන වෙලා ධාර්මික වෙන්න 🤮🤮🤮"
"Dushadusha Nadeeshan Pradeep","https://www.facebook.com/dushanthanadeeshan.pradeep","තිත්තගල්ලේ රීගෙන රෙද්දපල්ලේ 😂😂😂😂"
"සුරංග විතානගේ","https://www.facebook.com/szg4a8l44g","[Image Attachment]"
"Herath Kumara","https://www.facebook.com/herath.kumara.1447","රුවන්වැලි සෑයේ චූඩා මාණික්‍යය  රැක ගන්නද ☺️☺️☺️☺️ අත්සන් ගත්තේ,.... දැන් ගලවලා මැණික් ටිකත් අරන් ගිහින්.,,. 🤔🤔🤔"
"Pasidhu Nirmal Silva","https://www.facebook.com/pasidhunirmal.silva","මූව හැමෝටම තිත්තයි"
"Al Senarathna","https://www.facebook.com/people/Al-Senarathna/pfbid0vZZpBgUBJ3u1vAFk3bEDfBwNqcK4GwYaTLE6dJKbUb4qzMNrY1S1XrsU8iqQHNT2l","🎭"
"Prabath Hulangamuwa","https://www.facebook.com/prabath.hulangamuwa","නානසාර සඅරගත කලයුතුයි...එමෙන්ම මේ වගේ  ජාතිබේද ඇතිකරන පරපෝෂිතයින් හටත් නෛතික රාමුව තුල දඬුවම් ලබාදිය යුතුයි"
"Manel Manel","https://www.facebook.com/people/Manel-Manel/pfbid0uxWWsPZRSxtr4ZQcus7ktegaZ1LQypqpFJPVAJQJxJqVavkUGyGhfhDjE45VozpMl","මෙ,,,කලකන්නි ,,,මාලිමා ,,,රොඩියා ,,,,,,,"
"Nimodha Anjana","https://www.facebook.com/nomodha.anjana","Eka athsan 2,3 gahLa vage😂😂😂😂"
"Manoj Feranado Feranado","https://www.facebook.com/manojferanado.feranado","[Image Attachment]"
"Manoj Feranado Feranado","https://www.facebook.com/manojferanado.feranado","සාසනික කටයුත්තක් කරගෙන දුප්පත් පන්සල් වලට උදව් පදව් කරගෙන ඉන්න බැරි මෙවන් හාමුදුරුවරු ඇත්තටම සාසනයට අවශ්‍ය මහා නායක හාමුදුරුවරු ඇයි නිහඬ"
"Kgw Wijesiri","https://www.facebook.com/wijesirikwg","තොපා දාර්මික වෙයල්ලාකො ඉස්සේල්ලම"
"Kgw Wijesiri","https://www.facebook.com/wijesirikwg","ජනමතයක් නැ බොල තොපිට"
"Nishshanka Jayaweera","https://www.facebook.com/nishshanka.jayaweera.166188","හොර ගන සක්කිලි බල්ලෝ"
"Nishshanka Jayaweera","https://www.facebook.com/nishshanka.jayaweera.166188","බුදුන්ගේ සද්ධර්ම ව්කුනා සැප කාලකන්නියා"
"Geethanjana Senanayaka","https://www.facebook.com/ranga.tha.773","හොර ගණකිඩියෝ තෝ දළදා මාලිගාව ඉස්සරහ අඩ නිරුවත් ගණිකාව දාලා රේස් පදිනකොට තෝ කොහෙද හිටියේ හොර ගනගිරියා"
"ඇනෝනි විසල්","https://www.facebook.com/naleen.madusanka.146","අනෙ තෝ මොකාද පko  එයා කරන්නෙ හරි දෙ තමා අන්,තවාදය නැතිකරන්න තමා උන්වහන්සේ පෙරට ආවෙ තො,පිට ඒවද ඕනෙ 😡😡😡"
"අභිනීල දෙනුවන්","https://www.facebook.com/people/%E0%B6%85%E0%B6%B7%E0%B7%92%E0%B6%B1%E0%B7%93%E0%B6%BD-%E0%B6%AF%E0%B7%99%E0%B6%B1%E0%B7%94%E0%B7%80%E0%B6%B1%E0%B7%8A/pfbid0w9e5cuwrwgLZUHXB3FRq4tqjcvpD8rgsA2weGd6rAqqoxZi7bFTKHnZx32nXWowXl","එදා   බෞද්ධ රටවල්  අද  ඉස්ලාම්  කරණය  වෙලා   තියෙන්නෙ.  එදා   ඒ  රටවල  මිනිස්සු    ඒ  රටේ   හිටපු  ස්වාමීන්  වහන්සේලාට  අපහාස  කල  නිසයි.   අද   ලංකාවෙ   ඉන්න  සමහරක්   සිංහල  බෞද්ධයන්  ස්වාමීන් වහන්සේලාට බැණ  වදිමින්  විශාල  පාපයක්  රැස්කරගනිමින්   සිටී.   ඒකෙන්  ප්‍රයෝජනය   ගන්නෙ   මුස්ලිම්  ආගම  ලංකාව   තුල   ව්‍යාප්ත   කිරීමට   කටයුතු  කරන  හම්බයින්මයි."
"අභිනීල දෙනුවන්","https://www.facebook.com/people/%E0%B6%85%E0%B6%B7%E0%B7%92%E0%B6%B1%E0%B7%93%E0%B6%BD-%E0%B6%AF%E0%B7%99%E0%B6%B1%E0%B7%94%E0%B7%80%E0%B6%B1%E0%B7%8A/pfbid0w9e5cuwrwgLZUHXB3FRq4tqjcvpD8rgsA2weGd6rAqqoxZi7bFTKHnZx32nXWowXl","[Image Attachment]"
"අභිනීල දෙනුවන්","https://www.facebook.com/people/%E0%B6%85%E0%B6%B7%E0%B7%92%E0%B6%B1%E0%B7%93%E0%B6%BD-%E0%B6%AF%E0%B7%99%E0%B6%B1%E0%B7%94%E0%B7%80%E0%B6%B1%E0%B7%8A/pfbid0w9e5cuwrwgLZUHXB3FRq4tqjcvpD8rgsA2weGd6rAqqoxZi7bFTKHnZx32nXWowXl","[Image Attachment]"
"අභිනීල දෙනුවන්","https://www.facebook.com/people/%E0%B6%85%E0%B6%B7%E0%B7%92%E0%B6%B1%E0%B7%93%E0%B6%BD-%E0%B6%AF%E0%B7%99%E0%B6%B1%E0%B7%94%E0%B7%80%E0%B6%B1%E0%B7%8A/pfbid0w9e5cuwrwgLZUHXB3FRq4tqjcvpD8rgsA2weGd6rAqqoxZi7bFTKHnZx32nXWowXl","[Image Attachment]"
"අභිනීල දෙනුවන්","https://www.facebook.com/people/%E0%B6%85%E0%B6%B7%E0%B7%92%E0%B6%B1%E0%B7%93%E0%B6%BD-%E0%B6%AF%E0%B7%99%E0%B6%B1%E0%B7%94%E0%B7%80%E0%B6%B1%E0%B7%8A/pfbid0w9e5cuwrwgLZUHXB3FRq4tqjcvpD8rgsA2weGd6rAqqoxZi7bFTKHnZx32nXWowXl","[Image Attachment]"
"Arithas Thangarajah","https://www.facebook.com/arithas.thangarajah.1","Super 👌"
"Sujeewalal Kumara","https://www.facebook.com/sujeewalal.kumara.71","Tota ratama baninawa hora kaha kadayo mu salli walata kade horek chiwaraya dagena hora."
"Rashika Pradeep","https://www.facebook.com/rashika.pradeep","පොන්නයා තෝ තිත්ත ගල්ලෙ තිත්ත ගල්ලේ කියන්න එපා ප******, තෝ ලෝක කාලකන්නි ඕරා එකේ කියලා මුළු ගමමදන්නවා"
"Sasun Madhuranga","https://www.facebook.com/sasun.indulamadhuranga","[Sticker]"
"Sasun Madhuranga","https://www.facebook.com/sasun.indulamadhuranga","[Sticker]"
"Gn Rani","https://www.facebook.com/gn.rani.885682","[Image Attachment]"
"Lesly Dias","https://www.facebook.com/lesly.dias.852104","👍👍👍"
"Chandi Chandi","https://www.facebook.com/people/Chandi-Chandi/pfbid0fPzFeACEN8dbZAkD1DBrtFc3eM6YERPT5VETnVfFruLLCvZBVdtGGTuz4fXSJjFAl","Lapaya ge💩💩💩💩💩 gilina🐖👈 🖕🖕🖕🖕🖕🖕🖕🖕🤣🤣🤣🤣🤣🤣🤣"
"Upeksha Priyashantha","https://www.facebook.com/upeksha.priyashantha","මුන් හාමදුරැවොද මුන්තමයි මෙිරට විනාස කරන්නේ වල බල්ලෝ"
"Madhu Goonarathna","https://www.facebook.com/madhu.goonarathna","Mu hamuduruwan kenekda dakkama pathale wage"
"Subash Prasanna","https://www.facebook.com/subash.prasanna.10","පිං ගුත්තරයොන්ට කඩේ යන පිංගුත්තරයෝ"
"Karu Karu","https://www.facebook.com/people/Karu-Karu/pfbid02gbfRqUTP5DuMW8eYkBvEeiDaxS4Naj2TWFZkKfkDfheZnywcUyY6NUC8HjYRdBYbl","අනේ සිවුරු හොරා තක්කඩි වේසා බල්ලා අවජාතක සක්කිලියා"
"Keerthe Singhe","https://www.facebook.com/keerthe.singhe.2025","සිවුරක් දරපු ස්වාමින්වහන්සේ නමකට පෙන්නපං බලපං කියපං වගෙ අගවුරව වචන කියන්න  උබ ඊට වැඩිය ශේස්ඨද  දේශපාලන කරහං හැදියාව ඇතිව ගොං කම ප්‍රදර්ශනය නොකර"
"Upali Ilangantilake","","Me hamuduwo අහිංසක මිනිස්සුන්ට paw dennawa"
"Upali Ilangantilake","","You are correct bro,keep going"
"නාමලි ගාල්ලගේ","https://www.facebook.com/namali.gallage","මෙයා කරන්නේ නානා සාර එලියට ගන්න බැරි වැඩක්.. ජනාධිපති තුමාට බැනල ආණ්ඩුවට බැනල කොහොමද කොහොමද ජනාධිපති සමාව ඉල්ලන්නේ. මේ සාදු බැනල ද ගිහින් සමාව දෙන්න කියන්නේ"
"Alowsiyas Alo","https://www.facebook.com/alowsiyas.alo","ඔවුන් තව එකෙක් කෙඳි ගණන් ගනින් පුදුම කෙනෙක් ඇවිල්ලා ද මන්දා කාකඩයෝ"
"Ranjith Abekoon","https://www.facebook.com/people/Ranjith-Abekoon/pfbid036SvESTvooMGJSA2bKxxkUFiAd3RjU3qu91uYUGUntMBrMTwva3hmRkyvYHhuMvRul","අනේ ....කෙ සාදු."
"Rizvi Rauf","https://www.facebook.com/rizvi.rauf","🤣🤣🤣"
"Thushara Dilruksh Ilangasinghe","https://www.facebook.com/thusharadilruksh.ilangasinghe","🔥🔥👍👍👍👍👍"
"එසේ.එම්.පී. අමරේ","https://www.facebook.com/priyanka.amarasena.904","ඔච්චර කේස් ගන්න එපා බං මොකෙන් නමම බාලපං මු තිත්ත ගල්ලේ අප්‍රසන්න ගතියක් නැද්ද අපිරියාවක් නැද්ද"
"Sumudu Kaluarachee","https://www.facebook.com/sumudu.kaluarachee","උබ කියලා නොවෙයි මූට කියන්න ඕන  අවජාතක හොරිකඩ බල්ලා  කැරි වෙසිගේ පුතා කියලා  රාජපක්ෂලා ගේ පුක හෝදන කැරියෝ කහකඩයෝ"
"Namal Janaka","https://www.facebook.com/namal.janaka.3","Wisala karadarayak una mu"
"Anee Peiris Seetas","https://www.facebook.com/people/Anee-Peiris-Seetas/100010656639349","ඉල්ලං කන්න යන්නෙ"
"Mavindu Chamod Hewage","https://www.facebook.com/profile.php?id=100083212447908","කව්ද මේ පකේ සංඝයා... 😂"
"Sawa Sawa","https://www.facebook.com/sawa.sawa.225117","කැරි ගනයා තට්ට පකයා"
"Adithya Barath","https://www.facebook.com/adithya.barath","Super bro"
"Nilantha Weerakoon","https://www.facebook.com/nilantha.weerakoon.98","තෝ  තම්බියෙක් ද පකෝ"
"Sanjana Wijesooriya","https://www.facebook.com/sanjana.wijesooriya.390392","බුදුහාමුදුරුවෝ දේශනා කරා බුදු බණ මේ සංසාරය මේ ඉපදිම මැරිම පව පින එක නොදත් කහකඩකාරයෝ සහ බෞද්ධයෝ ඇයි උබලා මේ දර්ශනය තමන්ගේ කැතකම් වහගන්න ඉස්සරහාට දාන්නේ සිංහලයෝ සුකිත මුදිත කරලා කුපිත කරගන්නද යකෝ ධම්මපදය අතකින් අල්ලලා නැති කාලකන්නි තට්ටය පව්කාරයන්ට අනේ සාධු ඔන දුෂණයක් ඔන ගැනියක් තියාගෙන සිවුරු පොරවන් ඉන්න අපි දැක්කෙත් නෑ දන්නෙත් නෑ කියන්ද බෞද්ධ ගිහි ජනතාව ඉන්නේ … මතක තියාගනිල්ලා මේ බුදුන් වැඩිය රටේ බුදු බණ සත්තයි ! බුදුන් සත්තයි ඥානසාර ඇතුලු දුෂිත කහකඩයෝ පව්පිට පව් ගෙවනවා ගෙවනවාමයි…. මුසාවාදාව කියද්දි බලපන් ඔය පොරවන් ඉන්න ලොව්තුරා කෙලෙස් නැති රහසින්වත් පව් නොකරපු තථාගත බුදුන්ගේ සිවුරු නේදෝ ඒ අසිමිත ගෞරවයට නෙද මේ මිනිස්සු කකුල් දෙක අල්ලා වදින්නේ කියලා … නැතුව උබලට වදින්නෙත් නෑ උබල ගැන මටනම් ගෞරවයකුත් නෑ  > න අන්තලිකෙඛ න සමුද්දමජෙඣ > න පබ්බතානං විවරං පවිස්ස > න විජ්ජතී සො ජගතිප්පදෙසො > යත්ථට්ඨිතො මුච්චෙය්‍ය පාපකම්මා  අහසේ සැඟවුනත්, මුහුද මැද සැඟවුනත්, පර්වතයක ගුහාවකට රිංගුවත්, ලෝකයේ කිසිම තැනක් නැත - එහි සිටියොත් පව් කර්මයෙන් මිදිය හැකි යැයි කියන්නට තැනක් නැත පව් කරොත් පව කොතනක හෝ පල දෙනවාමයි ඥානසාර ….. ✔️"
"Nalin Wijekoon","https://www.facebook.com/nalin.wijekoon.7","❤️❤️❤️"
"Suranga Komadu","https://www.facebook.com/people/Suranga-Komadu/pfbid0BhqQAkwtfzT7995E1qbyak3htnA2DQMWQ7Sfioxt9dRXDBgsQbPFhEK7RLLJE8CFl","[Sticker]"
"Suranga Komadu","https://www.facebook.com/people/Suranga-Komadu/pfbid0BhqQAkwtfzT7995E1qbyak3htnA2DQMWQ7Sfioxt9dRXDBgsQbPFhEK7RLLJE8CFl","[Sticker]"
"Suranga Komadu","https://www.facebook.com/people/Suranga-Komadu/pfbid0BhqQAkwtfzT7995E1qbyak3htnA2DQMWQ7Sfioxt9dRXDBgsQbPFhEK7RLLJE8CFl","[Sticker]"
"Sandya Wijesekara","https://www.facebook.com/people/Sandya-Wijesekara/pfbid029ftRGew8bou6RQNLQfqC44eS29JHjaC7WubkB2XYNtkr12BoyVX8RnceoTJeu6SNl","හොර ගනගෙඩියෝ🤮🤮🤮🤮😂😂😂"
"Amila Rasanga Amila","https://www.facebook.com/people/Amila-Rasanga-Amila/pfbid02bFqLpWGmHbcfQQEALUnTGjB4p9TBFBU31nz65oBYLgT9TAeUQPLe1Cb2DgkZdDzRl","[Sticker]"
"Amila Rasanga Amila","https://www.facebook.com/people/Amila-Rasanga-Amila/pfbid02bFqLpWGmHbcfQQEALUnTGjB4p9TBFBU31nz65oBYLgT9TAeUQPLe1Cb2DgkZdDzRl","[Sticker]"
"Dasanayaka Disa Dasanayaka Disa","https://www.facebook.com/dasanayaka.disa.dasanayaka.disa","කහකඩ බමුනෙක් ගුහොරුන්ඟේ සැට්ටැම්බියෙක් 👍🤮🤮🤮🤮👍👺👺👺👺👍👹️👹️👹️👹️👹️👍🐃🐃🐂🐂🦬🦬🐖🐖🐷🐷🐕🐕🦮🦮👍🤮🤮🤮👍"
"Prabath Priyanka","https://www.facebook.com/prabath.priyanka.2025","අනේ  මුඩු  මහනෝ  හෙට  අනිද්දා  3456789  වේවි"
"Amarasiri Bandara","https://www.facebook.com/people/Amarasiri-Bandara/pfbid02jBwF97LAfpcvhDQotn9HugVUAkrnT9yRAQM2oLEsjach8f27qgSxtqimzoaSuUvzl","මනුස්සයෝ දෙනදාන වේලක් වළඳලා බණක් කියලා රටේ මිනිස්සුන්ට බෞද්ධ දර්ශනය ප්‍රචාරණය කරන්න.ඔය මොන දේශපාලන කඩේ යන වැඩන්නේ කරන්නේ? පව් සිද්ධ වෙනවා අපිටත්"
"Madura Priyanga","https://www.facebook.com/madura.priyanga.160120","මූ කියන්නෙ  කවුද  හුත්තො..හාමුදුරුවරුන්ට ..කැරියා"
"Ragawn Ravindran","https://www.facebook.com/ragawn.ravindran","මේකා අනෙක් ජාති වාදයා"
"Samith Srimal","https://www.facebook.com/people/Samith-Srimal/61583313763172","Super bro"
"Thissa Pream","https://www.facebook.com/thissa.pream","[Sticker]"
"Nuwan Chamara","https://www.facebook.com/nuwan.chamara.104955","කැරි  තාම්බි  බල්ලො.....තො  මෙ  හාමුදුරුවන්ට ..උබ කියන්න එපා....සිංහලයාගෙ  ..එකමුතු කම නැති  එකායි  මෙ  ප්‍රාරාස්නෙ .."
"Tharanga Wimalarathna","","සාසනේට අපහාස කරන බල්ලො , දුප් නිඝන්ඨ බල්ලො"
"Greshan Greshan","https://www.facebook.com/greshan.greshan.852737","සිවුර දාගත්ත පලියට හාමුදුරුවො වෙන්න බෑ."
"Bayvilla Balapitiya","https://www.facebook.com/people/Bayvilla-Balapitiya/pfbid0dctoi5N5peFsRxL7tvpz258W4qEqDXoRibaWV4Zv2V93NJPGYL3ZMfEGjmgqj5Mrl","අධිකරණ නියෝගයකට අභියෝග කරන මේ පාහර බල්ලා වහාම අත්තඩංගුවට ගනිල්ලා...... this have to do immediately"
"ගමිත් මධූමාල්","https://www.facebook.com/Romania2022Boys","අනුරාධපුරේ ඒ වෙලාවේ  කොන්ද පණ තියෙන එකෙක් හරි දැකලා තියනවා මුන්ට දෙසන්න  Respect එකෙන්ම 🙂"
"Anjula Prathapasinghe","https://www.facebook.com/people/Anjula-Prathapasinghe/61553324585975","පල කැ# ගනය.....ආපහු මුල ඉදල පුක දීල අත්සන් හිගාකාපිය"
"Asitha Ranjan","https://www.facebook.com/people/Asitha-Ranjan/100077340254986","පලපල පකතමයි තෝදන්ණ"
"Jinasena Thushara","https://www.facebook.com/thushara.jinasena","ඌට විතරලු මෝළේ තිබ්බෙ.කියන්නෙ කුඩ්ඩෙක් වගේ එකෙක්,මොලේ තියන එකෙක් කිව්වත් කමක් නෑ"
"Channa Nawarathne","https://www.facebook.com/channa.nawarathna.2025","කහකඩයා .නෙද්දකින් #ලකන්නි හැත්ත"
"JT Gamage","https://www.facebook.com/people/JT-Gamage/pfbid02GmVy4WXhdLSLUV2zSDuEWGcCCS4CGjw1tW8Zx7YyqagWvYrBHoetb11Dp5xDTBsvl","[Image Attachment]"
"Ranjan Habaragamuwa","","රාජපක්ෂලාගේ ගූ කන තිත්තගල්ලේ පගයා......"
"Ajith Sd","https://www.facebook.com/ajith.sd.2025","මුන්ට දානේ දෙන උන්ට ගහන්න ඕනී"
"Heshan Samaraweera Mudali","https://www.facebook.com/people/Heshan-Samaraweera-Mudali/61588903492071","මූ අර කුණුහරපෙන් බනින එක නැද්ද බන්.තිත්තගල්ලෙව ඤානසාර නම් බිත්‍තියට හේත්තු කරලා වගේ මට පේන්නෙ😂"
"Salinda Sampath","https://www.facebook.com/salinda.sampath.462115","Mokkuda ban mun"
"Rathi Ka","https://www.facebook.com/people/Rathi-Ka/pfbid032qTGDkM5BrcHD8vQ6bcFqv8XW8HmZSMgbNPz7dMpCGzoGUi2d4ykqUmg8CcNhLrPl","Good 🔥❤️"
"Subashini Gamage","https://www.facebook.com/subashini.gamage.90","එදා ජාතික වීරයෝ  වූ අභීත සංඝ පීතෘන්වහන්සේලා ජීව්ත පරිත්‍යාගයෙන් රැක දුන් මේ පින්බර,රට අදත් සංඝරත්නයට ගැරහමින් වනසනවා..🥹"
"Sandaruwan Suwanda Arachchi","https://www.facebook.com/buddhika.sandaruwan.12","අනේ ප@# මහන වෙයන් ඔක්කොටම කලින් පිස්සු හු# @"
"Sudath Jayathilake","https://www.facebook.com/sudath.jayathilake.39","අනේ පල හු..."
"Chaminda Ranbandara","","මොලෙ  න¿ති  මෝඩ  කතා කියන්න එපා   හ¿ම මගුලකටම  ජනාදිපති   පලිද   ද¿න්  තමුන්  කියන්නෙ  ජනාදිපති   මාද්‍යට  අ¿විල්ලා  කියන්න  ඔනිද  අත්සන්  කරන්න  කියලා"
"Sameera Pushapakumara","https://www.facebook.com/sameera.pushapakumara.3","🤮🤮🤮🤮🤮"
"රොෂාන් සංජීව","https://www.facebook.com/people/%E0%B6%BB%E0%B7%9C%E0%B7%82%E0%B7%8F%E0%B6%B1%E0%B7%8A-%E0%B7%83%E0%B6%82%E0%B6%A2%E0%B7%93%E0%B7%80/61556291722649","දාර්මිකයි කියලා....වැරදි කරපු කෙනෙක් දඩුවම් දෙන්න එපා කියන්න හැකිද....හාමුදුරුවරු දැන ගන්න ඔනේ තමන්ට අයිති දේ විතරක් කරන්න"
"Milan Rasika Kumara","https://www.facebook.com/milanrasika.kumara","සිවුරු දාගත්තු අමු හොරු මුන්,  තනි නිගන්ටයෝ තමයි ,"
"Lakshan Lakshan Pm","https://www.facebook.com/rusiru.lakshan.1848","Chiwaradariyek 😂"
"Dinesh Lanka Alagiyawanna","https://www.facebook.com/dinesh.alagiyawanna","[Image Attachment]"
"Dinesh Lanka Alagiyawanna","https://www.facebook.com/dinesh.alagiyawanna","[Image Attachment]"
"Hettiarachchi Renuka","https://www.facebook.com/hettiarachchi.renuka.7","මේකට  ගහල   එලවන්න  යකෝ එක කොල්ලෙක්  වෙනුවෙන  ලක්ෂ  50   ක්  හරි ඉන්නව  අමු තිත්තයො මූ නම් අමු අමු  තිත්තයෙක්   මඬ කනය මුන්ට  ගහන්න  ඕන  අසූචි තොට  ඔච්චර   කැක්කුම   නම්  තෝත් පල  හිරේ  කාලකන්නි   රටේ අවාසනාවකට"
"විකල්ප පතිරන පතිරණ පතිරණ","https://www.facebook.com/people/%E0%B7%80%E0%B7%92%E0%B6%9A%E0%B6%BD%E0%B7%8A%E0%B6%B4-%E0%B6%B4%E0%B6%AD%E0%B7%92%E0%B6%BB%E0%B6%B1-%E0%B6%B4%E0%B6%AD%E0%B7%92%E0%B6%BB%E0%B6%AB-%E0%B6%B4%E0%B6%AD%E0%B7%92%E0%B6%BB%E0%B6%AB/pfbid0KDFmyZSEEwQFQdAxrM5NyriDJJCpFbtbVN9TasH4p4cY66vhdLGLFofqPm2vQaLil","මේ කහකඩයී පකයා රටේ ජනතාව ගැන කියන්නේ නෑනේ තොට උන්ඩයක් ඕනේ නෑ චීවරේ උස්සපන් අකේපුරින මැරෙන තුරු"
"Roshan Antony","https://www.facebook.com/roshan.anthony.161","😂😂😂"
"Thilak Arachige","https://www.facebook.com/thilak.arachige","Waren me gamata aha ganna buruwa"
"Sampat Sampath","https://www.facebook.com/sampat.sampath.129","උඔ ධාර්මිකද බන් . උඔල බීල ..කල නටල ඉන්න එක අපි බලන් ඉන්න ඔනද"
"Msd Masu","https://www.facebook.com/mf.masu","Janasarage gal kollek  siwura dapu"
"Janaka Chaminda Wijesinghe","https://www.facebook.com/sampath.kanishka.bandara","Sooo true ban"
"Sugath Gerlack","https://www.facebook.com/people/Sugath-Gerlack/pfbid02j2sXoXKyTPmxBhpbCAYm4nPVeuf7FkTnUwuNhxMiajbr9aXkYsjNSpLBsewdZVYml","කෙනෙක් කෑ ගැහුවට ඔබතුමා ඇයි ඔච්චර කලමන වෙලා"
"Mohamed Shrafan","https://www.facebook.com/people/Mohamed-Shrafan/pfbid02dTB1ApHymNamGQvxcZCobBBEzjmUVTY4nHToxGQy2TjoykcAuaYLSNLcPKSwEeMRl","[Image Attachment]"
"Mohamed Shrafan","https://www.facebook.com/people/Mohamed-Shrafan/pfbid02dTB1ApHymNamGQvxcZCobBBEzjmUVTY4nHToxGQy2TjoykcAuaYLSNLcPKSwEeMRl","[Image Attachment]"
"Mohamed Shrafan","https://www.facebook.com/people/Mohamed-Shrafan/pfbid02dTB1ApHymNamGQvxcZCobBBEzjmUVTY4nHToxGQy2TjoykcAuaYLSNLcPKSwEeMRl","[Image Attachment]"
"Mohamed Shrafan","https://www.facebook.com/people/Mohamed-Shrafan/pfbid02dTB1ApHymNamGQvxcZCobBBEzjmUVTY4nHToxGQy2TjoykcAuaYLSNLcPKSwEeMRl","[Image Attachment]"
"Chathumi M Wijethunga","https://www.facebook.com/people/Chathumi-M-Wijethunga/pfbid0289D4S668mJ7M4Zh42P72fSZS7DnjWqqpxHm2mUbkk6tqLphiGSzXMajkUwTAktMZl","Bana vitarai kiyanne ntte. Kalakanni"
"Sugath Gerlack","https://www.facebook.com/people/Sugath-Gerlack/pfbid02j2sXoXKyTPmxBhpbCAYm4nPVeuf7FkTnUwuNhxMiajbr9aXkYsjNSpLBsewdZVYml","[Sticker]"
"Amila Sandaruwan","https://www.facebook.com/people/Amila-Sandaruwan/pfbid0242hCPTkMD37qSvnochARtXr2MKX31PxakuAikDJ1xNJFXui3b6WYpwXhjLjAxLaml","[Image Attachment]"
"Amila Sandaruwan","https://www.facebook.com/people/Amila-Sandaruwan/pfbid0242hCPTkMD37qSvnochARtXr2MKX31PxakuAikDJ1xNJFXui3b6WYpwXhjLjAxLaml","[Image Attachment]"
"Kumara Wijerathna","https://www.facebook.com/people/Kumara-Wijerathna/pfbid02q7wxQkPLsWJFSxN7ZTfpAD6cnakCTBRwX8XYChjLoTBJeioEETPqTSC74svffEf5l","මොන පකයා කොහොම කිවත් රටේ නිතිය සැමටම එකයි"
"Yohan Karunadasa","https://www.facebook.com/yohan.karunadasa.2025","Kohomada comments k....i saduta"
"Mohamed Mohamed Mohamed","https://www.facebook.com/mohamedmohamed.mohamed.90410834","[Sticker]"
"Navindu Janitha","https://www.facebook.com/people/Navindu-Janitha/61581113825920","උබලා වගෙ උන් නිසා ඔනවට වැඩිය සන්හිදියාව ඔලුවට දාගෙන ඉන්න උබලානිසා මෙක තවත් බන්ගලාදෙශෙයක් වෙන්වා බන් ඔය හාමුදුරුවරු කැගහන්නෙ නිකන් නෙවෙ තොගෙ මොලෙ ගුද තියෙන්නෙ බලපන් මුස්ලිම් උන්ගෙ අන්තාවදය දිහා 💔 තො ගොන් බල්ලා උඩු රැවුල කපාගෙන කොත්.තු බුරියානි චුට්ටක්ට උන් හොදායි ගියන ගොන්. පො.න්නයෙක් තොපිව වගෙ උන්ට ෆුල් කොත්තු හතක් දිලා තොපෙ ගෙදර ඉඩමත් එක්ක ලියාගනි මරක්ක.ලයො 😂💔"
"Nuwan Chaturanga","https://www.facebook.com/nuwan.chaturanga.974196","Kalakanni"
"Mohamed Rilwan","https://www.facebook.com/people/Mohamed-Rilwan/pfbid0256BKUL2N3J4jKcT9HTfEJN6gKtqgVkjd6teNLJCatNwgaZhYR2pNCY7zaMtNEQQ2l","Very good. Speak"
"Manel Damayanthi Manel","https://www.facebook.com/profile.php?id=100042186788892","Niyamai සහෝදරයා ජයවේවා ඔබට  💪💪💪❤️❤️❤️"
"Thushantha Pathirana","https://www.facebook.com/thushantha.pathirana","ආයි මහණ වෙලා බුදුහාමුදුරුවෝ උඹේ නායකයා කර ගනින් පරයා උඹ ගලගොඩත්තේ ඥානසාර කියන සක්කිලියා පස්සේ යන්න එපා"
"Manel Damayanthi Manel","https://www.facebook.com/profile.php?id=100042186788892","Munta පන්සල් දෙන්න එපා දානයක් දෙන්න එපා  🥵"
"IC Disha","https://www.facebook.com/people/IC-Disha/pfbid02NTKBhLByTwyE4KBJtYPtc8U5P1i4tUCjpjcECFGp6jhDRHroPWh3tetCqPN49Ewwl","නියමයි බ්‍රෝි"
"Noorul Hafsa Hussain","https://www.facebook.com/noorulhafsa.hussain","සිවුරු දාගෙන බෞද්ධ දර්ශනය විනාශ කරන එක පවක් නෙමෙයිද, චීවරයට  මිස ඕක ඇතුලේ හැංගිලා ඉන්න සම හරක් ට අපි  ගෞරවයක්  දක්වන්නේ නෑ, හාමුදුරුවන්  කීපනමක්තමයීන්නේ ධර්මය උදෙසා බුදුන්ගේ  ගමනේ යන,අනිත් හැමෝම  අප්‍රියයි කියන්න බෞද්ධ දර්ශනය විනාශ කරන්න ආපු අය,"
"Kasun Buddhika","https://www.facebook.com/kasun.buddhika.716","මුගෙන් බණ අහන්නත් යනව සමහරු 😂"
"Rasiah Jayakanthan Jayakanthan","https://www.facebook.com/rasiah.jayakanthan.jayakanthan","[Image Attachment]"
"Upul Kumara","https://www.facebook.com/upul.kumara.528368","Gon  hutlaaaa  mali"
"Ashoka Wijerathna","https://www.facebook.com/ashoka.wijerathna.169","[Image Attachment]"
"Mhd Siddeen","https://www.facebook.com/people/Mhd-Siddeen/pfbid02s8asFCSeNR78KghVCfxbTWFH4CcDiupFydjdzH9Tc1SQhVRCavGz3NuDr6CC24jHl","Oyala puk kaarayo"
"Usman Amn","https://www.facebook.com/usman.amn","Palayang Pako"
"Rasiah Jayakanthan Jayakanthan","https://www.facebook.com/rasiah.jayakanthan.jayakanthan","[Image Attachment]"
"Dinura Rukshan","","මහනවෙයන් බන් 🙈"
"Sam Pel","https://www.facebook.com/sam.pel.18","හුත්තෙ ගල්ලෙ...කැ$ ගනයා"
"අහිංසකාවි අහිංසකාවි","https://www.facebook.com/4trk7hoohf","👍👍👍👍👍👍👍👍👍🌹🌹🌹🌹🌹"
"Lahiru Rukshan","https://www.facebook.com/lahiru.rukshan.58","අනේ මී හරකෝ😂😂😂😂😂"
"Selvanayagam Shiva","https://www.facebook.com/people/Selvanayagam-Shiva/61556466231465","මුගෙ බිස්නස් කැඩුන එකට"
"Shewon Shewon","https://www.facebook.com/profile.php?id=100005476452840","වැඩේ වරද්ද ගත්තා.."
"Titus Perera","https://www.facebook.com/titus.palakuttige","මුන්ව ගහල එලවන්න ඕන."
"Ikram Mohamed","https://www.facebook.com/coolmohamed.ikram","Thawa godak balapuruthuwenawa 😂😂😂😂🤮🤮🤮🤮"
"Lalith Senevirathne","https://www.facebook.com/lalith.senevirathne.39","නියමයි මල්ලි."
"Nilma Kumarasingha Nilma","https://www.facebook.com/people/Nilma-Kumarasingha-Nilma/61582816194892","නියමයි සුපිරිකතාව සහෝදරයා"
"Lalith Senevirathne","https://www.facebook.com/lalith.senevirathne.39","සාටක නිකායේ කැරියෙක්."
"Lion Dilan Samarasekara","https://www.facebook.com/dilan.samarasekara.9","උසිවි නියොගයල් ඔය අබියොග කරන්නෙ අත්සන් ගගහා, කොහොමත් හිරෙනම් යන්නම ඕන කෙනෙක්, කවමදාවක් සේවයක් කරලා නැ, අවස්ථාවාදියා"
"Mohammad Isthikar","https://www.facebook.com/people/Mohammad-Isthikar/pfbid02BojPNUoZNVjDp7eJTcArqDPeLv52QjURzfZKkzdiFmwNQvWwgFSK7z6MjRk1c8Qbl","Salute"
"Kalum Roshan","https://www.facebook.com/profile.php?id=100005116955002","ඔය පිටි පස්සේ බොඩ් එකේ ගහන්න තිබ්බේ දිට්ඨධම්ම වේදනිය කර්මය පලිසම් දිම කියලා........  😁😁🙃😁😁😁😁😁"
"Stanly Perera","https://www.facebook.com/stanly.perera.2025","Sudu f off"
"Sumith Pubudu","https://www.facebook.com/Sumith.Pubudu","[Image Attachment]"
"Nimal Wijesooriya","https://www.facebook.com/nimal.wijesooriya.9","මමත් ඔය තිත්තයගෙ බණ අහන්න ගියා නුගේගොඩ සසිප් එකට; දැන් තමයි තේරෙන්නෙ ඒව බණ නෙමෙයි බහ; තිත්තම ගල්ලෙ තිත්තයි!"
"Ahamed Ramiz","https://www.facebook.com/people/Ahamed-Ramiz/pfbid02xyuBctQQpKXa4SqGaT1HL6Rs8cduAi6ZKXv8gNn87N7JZeRY7BYq79Xd1YPLq4aLl","Great"
"Chandima Chandima","https://www.facebook.com/chandima.chandima.201640","[Sticker]"
"Sunil Abeysinghe Jayawardana Yapa","","[Sticker]"
"Roshini Dimel","https://www.facebook.com/people/Roshini-Dimel/pfbid06MMJraEdKNvRFdgR1rBDPyYNbGwUdtaUxiStRiMtnPhMMyujPxUjNuW3YVHAuzTql","Thiththagalle lajja nowee hitapan"
"Thanura Madura Bashitha","https://www.facebook.com/thanuramadurabashitha","හාමුදුරුවරු වෙනයි ,! ඒත් කහකඩ ගනයෝන්ව බිත්තිවලට හේත්තු කරන්න බෑ එයලා ඊට කලින් පොඩි ලමයිව ගෑනුන්ව බිත්තිවලට හේත්තු කරනවනේ 😂🤮"
"Rasaia Pathmanadan","https://www.facebook.com/rashiya.pathmanadan","කාලකන්නි පිස්සු චීවර වාදියා"
"Janaka Wathugedara","https://www.facebook.com/people/Janaka-Wathugedara/pfbid02wcPtwLxUxsq577GBCL38RJjca2VtpCF2vrvc1m92fAaBkVm67CULJwxn478YVYj5l","අනිත් අාගම්වල අයත් ඔහොම අත්සන් කරන්න හැදුවොත් තිත්තෙ මොකද කරන්නෙ.. රටේ නීතිය  එක්ක සෙල්ලම් කරන මේ සිවුරු රදවන රටට සාපයක්."
"Roshan Jayntha","https://www.facebook.com/profile.php?id=61591662134708","මහණ වෙයන් හුත්තෝ 🤮🤮🤮🤮"
"Sajeewani Panagoda","https://www.facebook.com/sajeewani.panagoda","Ammo. Muga mun dakamat. Panawa  horunt. Karanna. Kiyala.   Yaco pin bat kala banak kiyapiya.    Kahkadayoo"
"Rathne De Silva","https://www.facebook.com/rathne.desilva","අත්සන් කල හැම කෙනෙක්ම දැනුවත්ව හරි නොදැනුවත්ව බුදු දහම වැනසිමට කැමතියි කියන එකට තමා අත්සන් කලේ"
"Tharidu Darshana","https://www.facebook.com/people/Tharidu-Darshana/61552496392064","[Image Attachment]"
"Sumithra Kanthi Gamage","https://www.facebook.com/sumithra.kanthi.gamage","😂🤣"
"Sumithra Kanthi Gamage","https://www.facebook.com/sumithra.kanthi.gamage","මූ ගෙවල් වල කන්න බොන්න නැතිව මහන වෙච්ච එකෙක්"
"Asanka","https://www.facebook.com/asanka.133636","[Image Attachment]"
"Waga Arachchi Tangalla","https://www.facebook.com/waga.arachchi.tangalla","මූ ඇවිල්ල අමු ගවයා 🐃"
"Rasika PD","https://www.facebook.com/rasika.pd.2025","[Sticker]"
"Prasanna Dasanayaka","https://www.facebook.com/prasanna.dasanayaka.530877","තිත්තගල්ලේ වල්ල තලා ගන්න තමයි හදන්නේ"
"Wishmith Perera","https://www.facebook.com/people/Wishmith-Perera/pfbid02DCYgeTJnNCkuxx2GpVT7qCC9U9qi87PjjpYQLT5v6xM5tXbPK8LMSiPXU6Hsvyf6l","Mu essella mahana kranna oni sakjiliyek"
"Wishmith Perera","https://www.facebook.com/people/Wishmith-Perera/pfbid02DCYgeTJnNCkuxx2GpVT7qCC9U9qi87PjjpYQLT5v6xM5tXbPK8LMSiPXU6Hsvyf6l","Pala p.k yaaa yanna .thopi heththa karaganne biththiyta thamai kalakanni heththa..muta danayak denna apa walam balla"
"Wimala Wimala","https://www.facebook.com/wimala.wimala.931529","ANAA  SADU.   ADDA. UBATA. AHA. GATTA. SIWURA. GALOLA  KASIPPU. IKUNAPAN  GIHIN"
"Hewage Sumith Sisira Kumara","https://www.facebook.com/hewage.sumithsisirakumara","මෙන්න  මුන්  රටට  සාපයක්   මුන්ගේ   විස්තර   දාපල්ලා   දන්න  අැයෝ"
"Tharanga Rupasinghe","","නිගන්ඨයා"
"Sarath Kumara","https://www.facebook.com/people/Sarath-Kumara/pfbid02CDRuSTaepxzYo7U2bK8JBCYXjoaaHqD91phk1eLGWefXbErxNKJDL7t2LdLnAbfkl","සක්කිලි ගොරිල්ලා"
"Bandula Dharmasena","https://www.facebook.com/people/Bandula-Dharmasena/pfbid02m7z9LHL31uigTHHhcZQbbBFXxYuDKcYPYKhQ2UmfbD9Mm2wgtrg4aYqvVwrdhYufl","තිත්තේ  නියගලා  කාලා"
"Nishan Wickramasinghe","https://www.facebook.com/nishanmadushanka.w","තිත්ත ගල්ලෙ බිත්තියට හේත්තු කරල අරින්න ඕන #කේ....."
"Sampath Bandara","https://www.facebook.com/sampath.bandara.667253","අත්සන් කොරා කියන්නි වැරැද්දක් කොරා නමි හිරෙ නොයවා ඉන්නකියනඑකම නොවෙයි බන්..මාත් අත්සන්කොරා..එ්ත් හිරෙ යවන්න ඉන්න වුන් හිරේ යවන්න ඔිනි.."
"Krishantha Krishantha","https://www.facebook.com/krishantha.krishantha.378615","🤮🤮🤮🤮🤮"
"Malani Silva","https://www.facebook.com/malani.silva.721387","[Sticker]"
"Malani Silva","https://www.facebook.com/malani.silva.721387","[Sticker]"
"Malani Silva","https://www.facebook.com/malani.silva.721387","[Image Attachment]"
"Malani Silva","https://www.facebook.com/malani.silva.721387","[Image Attachment]"
"Lameer Ali","https://www.facebook.com/lameer.ali.104","JAYAWEWA SAGODARYA"
"Ranjith Mery","https://www.facebook.com/ranjith.mery.2025","👍🏿👍🏿👍🏿"
"අයේෂ්මන්ත නිරැදක","https://www.facebook.com/dsultfkhyu","කව්රැ කොහොම මොනවා කිව්වත්, රටේ නීතිය අනිවාර්යයෙන්ම ක්‍රීයාත්මක කල යූතූයි,  එහෙම නොවෙනවා නම්, ඔය කියන ජනාධිපති සමාවට දැනට සිරගතව ඉන්න සාමාන්‍ය වෑරදි කල සියළුම දෙනාද නිදහස් කල යූතූයි,  හැබැයි දෙශපාලන බලපූළුවන් කාරකම් කරමින්, රටේ යම් යම් ජාතිවාද ආගම්වාද බේදිම් ඇතිකල අයට නම් නිදහසක් නොදිය යුතුයි, මොකද උන් තමයි මූලිකවම හනූමා වගේ රටතූල විවිධ ප්‍රරශ්න ඈති කරන්නේ, එවායින් විපක්ෂය තමයි, දෙපෑත්තෙන්ම බලවත් වන්නේ,👍"
"Perera Thanuja'l Sahant","https://www.facebook.com/sahan.t.pererap","මිනිමරපු, හොරා කාපු එවුන් මුට හොදයී. අපිට නම් අනුර කුමාර ධාර්මිකයී. අපිට අපේ සිල් අමතක වෙනවා මේ කතා ඇහුවම. 😠 😡"
"Indu Indu","https://www.facebook.com/indu.indu.855486","[Sticker]"
"Silva Electonics","https://www.facebook.com/silva.electonics","හමුදුරුවො  දගලන්න එපා  ඩොබිලයි  වහප්වාදියො  ඉලාම වාදියො එකට එකතුවෙලා දුවන්න  දෙවි  පරයො ටික"
"Kalpa Hewage","https://www.facebook.com/kalpa.hewage.75","Kiyanna ona tika u hariyata ma kiwwa ubata"
"Krista Rajapaksha","https://www.facebook.com/krista.rajapaksha","Oka warako mhe athsan ganda"
"Krista Rajapaksha","https://www.facebook.com/krista.rajapaksha","Dennepa mufath ghanna ona"
"Dhananjaya Prabash","https://www.facebook.com/prabash.dananjaya","නියමයි  බන් කාතා කරපන් 👍🔥"
"Ranga Rox","https://www.facebook.com/ranga.rox.988","බුදුරජාණන් වහන්සේ දේශනා කරලා තියෙනවානේ මේ බුද්ධ ශාසනයේ තියෙන අවුරුදු 5000යි කියලා පන්දහැයින් 2500ක් ඉවරයි . මේ යන්නේ මේ බුද්ධ ශාසනය නැතිවීගෙන යන කාලය"
"Thilak S Kumara ","https://www.facebook.com/thilakskumara","[Image Attachment]"
"Berty Lalan","https://www.facebook.com/berty.lalan.9","😆😆😆😆"
"Aluthgama Nihal","https://www.facebook.com/aluthgama.nihal","අනිවාරෙන්  මල්ලියා  සාසනෙ කනවා මුන්"
"Chaminda Rathnapala","https://www.facebook.com/chaminda.rathnapala.2025","උබලගේ මොන ධාර්මික බවක්ද කාලකන්නි අපතයෝ"
"Kapila Chandrasekara","https://www.facebook.com/kapila.chandrasekara.2025","Okaa hiree yannama oane kaalakanniyaa karapu aparaafawalata"
"Chathu Pradeep","https://www.facebook.com/chathu.pradeep.365715","පල හු යන්න...සිවුර නිසා ඉවසන්නෙ ..."
"Nirmani Aththnagoda","https://www.facebook.com/nirmani.aththnagoda","[Image Attachment]"
"Nirmani Aththnagoda","https://www.facebook.com/nirmani.aththnagoda","[Image Attachment]"
"Mohammed Musadhik","https://www.facebook.com/people/Mohammed-Musadhik/pfbid0weUJgRCN2vEVSnfm93jq5dH5oFzMaQCBaxMYn7zKndt4rpYF5TCC1wyqq7S1rEkMl","[Image Attachment]"
"Anura Nawalahewa","","Pattahoru Neethiya kiriyathmaka karamu 😭😭"
"Nilanka Ekanayake","https://www.facebook.com/nilanka.ekanayake.3","'"
"Kamal Perera","https://www.facebook.com/people/Kamal-Perera/pfbid02r2b2vSAiM66Mbe8tDjzpLQSREvzEdpziNa27uFnHXDDpN1BUac4k8JPdzozMAiGLl","රටකන බඩගෝතර හාමුදුරැවෝ"
"Mesha Sanuli","https://www.facebook.com/people/Mesha-Sanuli/pfbid0nApKb9yZi7wwBLgKnVyx1T93xzeoaG1joVoRQsoriN66JWGvGynG7r5tQT5rjWozl","නානසාර කියන්නෙ නොහැකියාවෙ කුහකයෙක්..ඕකා මොන ආණ්ඩුව බලයට ආවත් ඕකා කරන්නෙ ජාතිවාදය වපුරන එක....නානසාර මෙරටට මොනවාද කරලා තියෙන්නෙ.....රට සංවර්ධනය කරාද.... රටෙහි ගොවියාට යහපතක් කරාද... රටෙහි සෞඛ්‍ය තත්වය වෙනස් කරාද.....රට ණය බරින් බෙරගත්තද..... රටෙ පන්සල් කියක් තියෙනවාද කිසිදු පහසුකමක් නොමැති ඒවා සංවර්ධන කරාද.....ඕකා බෞද්ධ කියන ලෙබලෙ ගහගෙන රටෙහි ජනතාවටත් රටටත් ජාතියටත් ඕකා කැළලක් හැතිකරලා තියෙන්නෙ......ඔකාගෙනමවත් විදෙස් රටක කිව්වොත් එළවා එළවා ගාන්නෙ......"
"Roshan Ranjan","https://www.facebook.com/roshan.ranjan.71","Danne natuwa idapan bn siura galawala pala pajada kalakani"
"Kingsly Mallawaarachchi","https://www.facebook.com/kingsly.mallawaarachchi","Meka mokekda sasanayata sapayak"
"Rasika Kodithuwakku","https://www.facebook.com/rashika.sameera.9","Hora pagayala mun machan thopita samawa nemei denna ona"
"Rinosa Abdullah","https://www.facebook.com/rinosa.abdullah","Thanks you  malli"
"Mercy Perera","https://www.facebook.com/mercy.perera.7","අනෙපලල තටිටය ා පල්හොරා  වකචරයා"
"Ronney Boyzee","https://www.facebook.com/profile.php?id=100000222343455","පිස්සු සාදු ගූ කාපන් ගොන් සාදු"
"Hak Lal","https://www.facebook.com/people/Hak-Lal/pfbid02UuFTrW3Q3KtHexdjhhNF4DxZdV3YCDD5xxnVpuu6n77N97muN7hrLcT7PE42d3G9l","එක්කෝ පන්සලක හාමුදුරුනමක් අල්ල ගනිල්ලා තෙක්ව තමන්ගේම ජාතියේ සිංහලයෙක් අල්ල ගනිල්ලා කතා ටික දවසයි නටන්න බලපල්ලා තොපිට කොටින්ට යට වෙලා වැඩ කරන්න වෙන්නේ නැද්ද කියලා අන්න එතකොටත් අපිට මතක් වේවි. නැත්නම් ඕක තොපි හොයලා බලපියව්. කෑගහන්නේ නිසා තොපිට කොටින්ගේ පස්සේ පැත්ත හෝදන්න වෙනව ළඟදිම බලාපොරියෝ. තොපිටාව මෙහේ කුඩා කා ගනියව් එහේ වැඩ කරේ රෝක් එකට"
"Tecnika Asha Kumari","https://www.facebook.com/tecnika.asha.kumari","[Image Attachment]"
"Dominic wijesiri","https://www.facebook.com/people/Dominic-wijesiri/61591706523993","[Image Attachment]"
"Sanjeewa Aponsu","https://www.facebook.com/d862424","Mu mona thirisanekda tho issela hmuduruwanta katakaran igana ganin"
"Kapila Chamendran","https://www.facebook.com/people/Kapila-Chamendran/pfbid025ENQcmGZWM4ihuGcNUydsgXiTZa3ibBMZ4so9vMJ2NCS9pavULgncvNhUL3PXFo5l","නියමයිසහෝ"
"Kapila Chamendran","https://www.facebook.com/people/Kapila-Chamendran/pfbid025ENQcmGZWM4ihuGcNUydsgXiTZa3ibBMZ4so9vMJ2NCS9pavULgncvNhUL3PXFo5l","දෙනදෙයක්කාලහිටපියහිපාටුවා"
"Padmini Senavirathna","https://www.facebook.com/people/Padmini-Senavirathna/pfbid02doV8wH2xc1r8b27xqqm2F6hiZRTsCriJV6SZArvTJeWiCgKCXrEj3DvhjkFBMezpl","[Sticker]"
"Sugath Nandanatha","https://www.facebook.com/sugath.nandanatha","තිත්තගල්ලේ  තිත්ත ඇත්ත පිලිගනින් 🤣🤭"
"Saman Kumara Saman","https://www.facebook.com/moha.ampara","ලැජ්ජයි සිවුරක් පළඳගෙන පාරට බැහැලා හිඟමන එකට යන එක"
"Indika Fernando","https://www.facebook.com/people/Indika-Fernando/pfbid02FSwhiSTgqbvarHPm9qnjqWQuexko7ZzkN2vpYuVJCq4HSsvbjFeDqwC9FFHqVW2bl","හුත්තගල්ලේ ගෝන් බුරුවා"
"Sujeewa Deepani","https://www.facebook.com/sujeewa.deepani.2025","😁😬😬😁🙊🥵😱🤬😡"
"Salinda Sampath","https://www.facebook.com/salinda.sampath.462115","Gamma"
"Munasingha Premarathna","https://www.facebook.com/profile.php?id=100076422972134","එකෙන්ම ලොක්කා ජයවේවා මාලිමාවට"
"Shanaz Fernando","https://www.facebook.com/shanaz.fernando","Ajani Diona 🤌🤌🤌😜"
"Shanaz Fernando","https://www.facebook.com/shanaz.fernando","Ramesh Perera 🤌😜"
"Branudeen Tuan","","Mug ge muna balapanko 🤣🤣🤣"
"Mohamed Sadeek","https://www.facebook.com/mohamed.sadeek.963","[Image Attachment]"
"Mohamed Sadeek","https://www.facebook.com/mohamed.sadeek.963","[Image Attachment]"
"Lasantha Kumara","https://www.facebook.com/lasantha.kumara.564633","Supiri hode ekenma bro"
"Upendra Bandara","https://www.facebook.com/upendra.jothirathnage.9","ඥානසාරගේ අඩුව පුරවන්න තව එකෙක් ලෑස්ති වෙනවා"
"Shantha Empg","https://www.facebook.com/shantha.empg","Siura dagana higana wada karanna apa ma rata bahutarak inna aka hodai kiyala"
"Jayanthi Munasinghe","","[Sticker]"
"Jayanthi Munasinghe","","[Sticker]"
"Jayanthi Munasinghe","","[Sticker]"
"Jayanthi Munasinghe","","[Sticker]"
"Sandya Jayasooriya","https://www.facebook.com/sandya.jayasooriya.174883","👍👍👍👍"
"Nimal De Silva","","[Sticker]"
"Sahabdeen Ahamed","https://www.facebook.com/sahabdeen.ahamed.1","🤣🤣🤣🤣🤣🤣🤣🤣"
"Priyantha Yapa","https://www.facebook.com/kamal.yapa.18","[Image Attachment]"
"Puspa Kumara","https://www.facebook.com/puspa.kumara.58323","[Image Attachment]"
"Chandana Amarasinghe","https://www.facebook.com/chandana.amarasinghe.58","අනේ ඕක දාගෙන ලයිසන් එකක් හැටියට ඔය කහ කඩේ දාගෙන කඩේ යන්න එපා බං ගොන්හරකෙක් වගේ"
"Mohamed Riyas","https://www.facebook.com/mohamed.riyas.826530","Yes 💯"
"Ajith Susantha","https://www.facebook.com/people/Ajith-Susantha/pfbid02e2GGADyh4hdPJ6JQcVJwBXnfEYEaQ3dM5D2RKyNWCSfcMQGc3DFGhUNwvFb6hZ9kl","මූටත් කල්දේරම්  බත් කන්න  ආස හිතිල"
"Tharaka Indunil","https://www.facebook.com/tharaka.indunil.16","ඔය වගේ උන්ට උඹ නෙවෙයි කියන්න ඕනේ http කියලා"
"S W Tamil New","https://www.facebook.com/people/S-W-Tamil-New/61593702392936","Super brother"
"Mahendren Mahendren","https://www.facebook.com/mahendren.mahendren.969","[Sticker]"
"Rasika Mayakaduwa","https://www.facebook.com/rasika.mayakaduwa.3","[Image Attachment]"
"Mahendren Mahendren","https://www.facebook.com/mahendren.mahendren.969","[Sticker]"
"Mahendren Mahendren","https://www.facebook.com/mahendren.mahendren.969","[Image Attachment]"
"Nadeeka Sandamali","https://www.facebook.com/nadeeka.sandamali.7315","ඒ එක මනුස්සයා ඇති ඔක්කොටම හරියන්න"
"Lucky Teena","https://www.facebook.com/people/Lucky-Teena/pfbid0cawK7aNiJxcTwLzvKXXQjhdBMuHzrRMwWsUzoqtdgspy53kAAiyN8n8EjhXspyAHl","සංඝ පාතාලේ"
"Juda Sanjeewan","https://www.facebook.com/people/Juda-Sanjeewan/pfbid02wkobyiS2cF3T9qUPfUdas4LdeUK7eyWxNrJCA9od17AF7b8wc4cPLr3Dpx9uCkWvl","Me hamuduruwo rajapaksha nikaye.oya karanne .namal ganna wedak.mathakada namalta kiyapu kathawa"
"Malani Warnasurya","","තිත්ත ගාල්ලේ උබ පුක නොදී හිටපන්කෝ 😡"
"KP Nishshanka","https://www.facebook.com/nira.njala.75","[Image Attachment]"
"KP Nishshanka","https://www.facebook.com/nira.njala.75","[Image Attachment]"
"KP Nishshanka","https://www.facebook.com/nira.njala.75","[Image Attachment]"
"KP Nishshanka","https://www.facebook.com/nira.njala.75","[Image Attachment]"
"KP Nishshanka","https://www.facebook.com/nira.njala.75","[Image Attachment]"
"Malani Warnasurya","","කියන්න තියෙන්නේ තිත්ත ගාල්ලේ උබේ අම්මට හැමනියන් පකයා 😡 තෝ වගේ ගොනෙක් 😡"
"Dilshan Pramod","https://www.facebook.com/people/Dilshan-Pramod/61582675367921","Me hamuduruwo wadapu ammage arekata hena gahanwa me wage wesige puththu weduwata.balapan siwrak Dan mune lee kadulak na ponna balla"
"Rupa Gangoda Gangodagamachchige","https://www.facebook.com/rupa.gangoda.gangodagamachchige","Ane ballo siurata garu karapan"
"Lalitha Adhi","","අනිත් ටික සද්ද නැතිව හිටියෙ උවමනා කරපු වචන ටික කියවුනානෙ"
"Subhash Serasingh","https://www.facebook.com/people/Subhash-Serasingh/pfbid02R7xRBYXwsauPBSHbjEtquASUnuVoPivr5TAL4GpmEo6TAQZfL6qLc8QbJgJgmDP6l","Ela Ela Ela  brother 👍👍👍"
"Indika Ruwan Kumara Weerasinhage","https://www.facebook.com/indika.ruwan.kumara.weerasinhage","Ube ammata hukanna awe na kiyalada pakaya sakkiliya uba katha karana vidiya ponna pakayala..pinata bath path pathak nodena pakayala.."
"Basty Franklin","https://www.facebook.com/basty.franklin","Superb Putha. Good reply.  We'll done."
"Romesh Antany","https://www.facebook.com/romesh.antany","👍"
"Shihan Warnakula","https://www.facebook.com/shihan.warnakula","https://www.facebook.com/share/r/1JtZo1XnZe/"
"Fahim Mohammed","https://www.facebook.com/people/Fahim-Mohammed/pfbid0SxSHT8fGdKXScLZR8DsCh5JfU63jziJ1BnX1SY3dvaZMtjozodCbBpiBoydmjKUNl","Respect machsn"
"Ranjith Mallawarachchi","https://www.facebook.com/ranjith.mallawarachchi.52","Pako minussu dena dane kala pansalata wela hitapan pakaya"
"Daniru Rodriguez","https://www.facebook.com/daniru.rodriguez","සම්බුද්ධ ශාසනය කෙළසන්නේ නැතුව ස්වාමීන් වහන්සේ කෙනෙක් හැටියට හැසිරෙන්න. ඇගිලි උලුක් කරගෙන ඔබ වහන්සේ දේවදත්ත පරපුරේද"
"Priyangika Chamani","https://www.facebook.com/people/Priyangika-Chamani/61577246234610","[Image Attachment]"
"Nishantha Palagama","https://www.facebook.com/nishantha.palagama","[Sticker]"
"KR Weerawardhana","https://www.facebook.com/kr.weerawardhana","මූ හුත්තෙං එලියට ආපුඑකෙක් නෙවෙයි රෙනකොට ගුදමාර්ගයෙන් වැටිචිච එකෙක්"
"Princy John","","Akd❤️"
"Upali Dias","https://www.facebook.com/upali.dias.587","හුත්තෝ. ටිල්වින්.. නෙවෙයි. මහනායක. හාමුදුරුවන්. මේරටේ. වැඩ සිටින ව. තොට. තියන. අමාරු ව. නෑ.. තොට. ගහල. පන්නපු. එක. නැති. එකගැන. සතුටු. වෙයන්"
"Nishan Fernando","https://www.facebook.com/nishan.fernando.7472","🔥🔥🔥"
"Shamal Sameera","https://www.facebook.com/shamal.sameera.14","උඹ කඩේ යන අය එහෙම thamai ගෙරි ganaya"
"Sampath Amith Jayarathna","https://www.facebook.com/people/Sampath-Amith-Jayarathna/pfbid02DEWhY6tj5WQqYdy4ivk9goq7XFwYoSXXXSBV7wLFBZVXn9cnkFbWpDpvLSgUZAxYl","හාමුදුරුවන් ට බනින මේ බල්ලා මොකෙක්ද"
"Siri Lal Jasenthu Liyanage","https://www.facebook.com/sirilal.jasenthuliyanage","පන්සලට හාමුදුරුවන්ට බුරන අවජාතක සක්කිලි පර  කල්ලතෝනි ගොත කැriයෝ පල්ලි වලට Puක දෙනවා 🐕 Weසීගේ පුත්තු නොදකින් පKaයා... 🔔🧭🤌🏽🌈🌳🐕🖕🏽🤬🐅💩🐄"
"Josap Antani","https://www.facebook.com/josap.antani.35","[Image Attachment]"
"Josap Antani","https://www.facebook.com/josap.antani.35","[Image Attachment]"
"Josap Antani","https://www.facebook.com/josap.antani.35","[Image Attachment]"
"Josap Antani","https://www.facebook.com/josap.antani.35","[Image Attachment]"
"Josap Antani","https://www.facebook.com/josap.antani.35","[Image Attachment]"
"Josap Antani","https://www.facebook.com/josap.antani.35","[Image Attachment]"
"Josap Antani","https://www.facebook.com/josap.antani.35","[Image Attachment]"
"Josap Antani","https://www.facebook.com/josap.antani.35","[Image Attachment]"
"Josap Antani","https://www.facebook.com/josap.antani.35","[Image Attachment]"
"Josap Antani","https://www.facebook.com/josap.antani.35","[Image Attachment]"
"Josap Antani","https://www.facebook.com/josap.antani.35","[Image Attachment]"
"Siri Lal Jasenthu Liyanage","https://www.facebook.com/sirilal.jasenthuliyanage","[Image Attachment]"
"Janith Jayashan Hettiarachchi","https://www.facebook.com/janith.jayashan.hettiarachchi","මුගෙ තටිටෙ පලන්න ඔින කාලකණ්ණියා."
"Mohamed Shrafan","https://www.facebook.com/people/Mohamed-Shrafan/pfbid02dTB1ApHymNamGQvxcZCobBBEzjmUVTY4nHToxGQy2TjoykcAuaYLSNLcPKSwEeMRl","[Image Attachment]"
"Praveen D Vithanage","https://www.facebook.com/peaveen.dilhan","යකෝ ඔවාකියද්දිවත් ලැජ්ජ හිතෙන්නැද්ද 🤣😅රජුට බැන බැන රජුට වැදවැටෙනවා සමාව දෙන්න කියලා 🤣🤣"
"Harsha Prasanga","https://www.facebook.com/people/Harsha-Prasanga/pfbid02rCR7Ng6RuB9VWeD6d2HC3WWPPZfHEurzz6ATMergVxpkderAfSejp2r2ap2PaaL3l","බුදු දහම වනසන්නාපු මේ සඟසාසනය වෙනුවෙන් ගත යුතු ක්‍රියාමාර්ගය"
"Mala Vithana","https://www.facebook.com/mala.vithana.2025","Hod"
"Gunawardhana Cbw Hirru","https://www.facebook.com/people/Gunawardhana-Cbw-Hirru/61579146944914","Atal jeppK"
"Mahee Prasanna Madushan","https://www.facebook.com/people/Mahee-Prasanna-Madushan/pfbid02qBfKRe3gSHYzDNFTZ2chvH72VqzThXvnZbnvBfHBCaW6tMwMWnNcLreWo7nJc32Bl","Huuuuuuuuuuuuuuuuuuuu"
"Mohideen Naleem","https://www.facebook.com/mohideen.naleem.3","Good"
"Wilson Silva","https://www.facebook.com/wilson.silva.62835","Gon.haraka"
"Saman Liyanage","https://www.facebook.com/salman.liyanage","Now showing  Gnanasara 2"
"Nirmal Seneth","https://www.facebook.com/nirmal.seneth","Sakkilya"
"Prasanna Ramanayaka","https://www.facebook.com/bandu.jayathilaka","🔥🔥🔥🔥🔥🔥🔥🔥🔥🔥🔥🔥🔥🔥🔥 s 🔥🔥"
"Buddika Suneth","https://www.facebook.com/buddika.suneth.1650","Vanachariyak"
"Anis Ahamod","https://www.facebook.com/anis.ahamod","There are enough MONKS in Srilanka involving in illegal activities and breaching the laws. This is bcz they are given more priorities and privileges."
"Nishantha Aruna","https://www.facebook.com/nishantha.aruna.395","Good saho"
"Nishantha Jayalath","https://www.facebook.com/people/Nishantha-Jayalath/pfbid0b6SfNJGJt2nE5E5uDSL7fYLXzSHRTEJMRoaSHuG9QFLSDqsZGW9Gssq74QNs2HBvl","PAKAATAII"
"Vigneswaran Vicky Rajaratnam","https://www.facebook.com/vigneswaran.rajaratnam.3","He has to afreka"
"Omer Sayerd","https://www.facebook.com/people/Omer-Sayerd/pfbid02NLmAAQYbbkoDY3RBauC8tfKKbReZ7tf37BDaviR5TqjzJypXjGXzYP2ERd7DoxEEl","Ur mack all problems"
"Mohamed Lamhan","https://www.facebook.com/mohamed.lamhan.234505","Is riyali man"
"Ayodya Jayakodi","https://www.facebook.com/akalanka.ayodya.3","Ama Shakaya menn 🤦‍♂"
"Ama Shakaya","https://www.facebook.com/ama.shakaya","Ayodya Jayakodi රජු ධාර්මික නෑ...ඇත්ත 🥲"
"Ayodya Jayakodi","https://www.facebook.com/akalanka.ayodya.3","Ama onnethi mgul ne"
"Kumara Buddika","https://www.facebook.com/kumara.buddika.94","￼ Fuck off"
"Alison Redaz","https://www.facebook.com/profile.php?id=100095551955166","Wells aid bro"
"Jeevan Jeevan","https://www.facebook.com/people/Jeevan-Jeevan/pfbid032DXKH53DkpAN23tb3Yc5mVycascauirn5uT12VvPzQbN5u6qCcc6DXNKqKczSQgGl","Palyan gothaya 😡😡"
"Gamini Jonikuhewage","https://www.facebook.com/gamini.jonikuhewage","Mother fucker tambeya Pakaya fuck you mother"
"Piyal Nishendra Edirisinghe","","This monk talks about justice. But he breaks the law and drive an Audi car in Colombo roads wearing a yellow T shirt."
"புதிய பயணம்","https://www.facebook.com/people/%E0%AE%AA%E0%AF%81%E0%AE%A4%E0%AE%BF%E0%AE%AF-%E0%AE%AA%E0%AE%AF%E0%AE%A3%E0%AE%AE%E0%AF%8D/100044265259656","He gentile man"
"Mohamed Niyas Mohamed Haniffa","https://www.facebook.com/mohamedhanifamohamedniyas","Heeeeee heeeeee heeeee...."
"Theva Theva","https://www.facebook.com/people/Theva-Theva/pfbid02J4xs9KQsHvvSiN5QoZM7mbpa3Vf6ZzTPQZfmhT3iWoeuMaoyeQKeSh18DiE6CbVDl","Supper brother"
"Kumara Kumara","https://www.facebook.com/people/Kumara-Kumara/pfbid02DFPMAVHpfTTEnbzuNTj914yKwk1fgEtfRthoccRPrsWZzDGsXa25qypJFDxRk4Zxl","Gooth.  Pakek"
"Nalen Dawappiya","https://www.facebook.com/people/Nalen-Dawappiya/61581193544915","1ma bro"
"Dilshan Sameera","https://www.facebook.com/people/Dilshan-Sameera/61590030983492","Ela kolloo 👍"
"Pathma Siri","https://www.facebook.com/people/Pathma-Siri/pfbid02RCDT7SyA5hJcYzZ4fFZBFaM5kyPcpcqWqLgAQaxyQLaWVnCqanrCbj5Niie6Yi1Ll","PALAN"
"Mhd Siddeen","https://www.facebook.com/people/Mhd-Siddeen/pfbid02s8asFCSeNR78KghVCfxbTWFH4CcDiupFydjdzH9Tc1SQhVRCavGz3NuDr6CC24jHl","Hukaapan keriya"
"Sabik Sabik","https://www.facebook.com/people/Sabik-Sabik/pfbid0fRQd42eQGmVbVj5pueCfKWMUUAeXPJxv8joGpJy3p8uSE6AyvV3MjajG7Yo5LorSl","Supper bro"
"Shashi Rhg","https://www.facebook.com/selvam.shashi.3","Niyamay"
"Shankar Luxmi","https://www.facebook.com/sanker.laxmi.39","Medal people"
"Suraiya Rizwi","https://www.facebook.com/suraiya.rizwi.9","AKD you have a great challenge. Please act wisely"
"Ganesh Ganesh","https://www.facebook.com/people/Ganesh-Ganesh/pfbid02uPCXeMTzrs66YtwbWYYpyW2LxgfoD3DzeVbiBHQH3YsRPrap8ctZhCBfxDdogk7Ll","Waw mcg"
"Salaudeen Salavudeen","https://www.facebook.com/people/Salaudeen-Salavudeen/pfbid02wj4HHhzjbHTQo4tJpubjFNE1CtNaiDC1m3pSs2eqz2dWyGmrxzng2bB23avwmyCKl","Umpage   Toak   Supiry."
"Mohamedriyaz Riyaz","","💯 Foolish people's"
"Krithika Marcus","","Maru bro"
"Damith Nawarathna","https://www.facebook.com/damith.nawarathna.545","Hora kahakadayo"
"Senaka Kotigala","https://www.facebook.com/senaka.kotigala","Fuc.You Hora Ganaya 🖕🖕🖕"
"Siri Perera","https://www.facebook.com/rathnsiri.perera","You mother bottom"
"Kamal Deen","https://www.facebook.com/safwanmomad.safwan","Good"
"Mohamed Irsath","https://www.facebook.com/mohamed.irsath.18062","Hlnl"
"D.W. Piyathissa","","Werigut"
"Mohamed Mujah","https://www.facebook.com/people/Mohamed-Mujah/pfbid025pt1aomLsb4Z2SXfvxVyF3d5uTNVXDw7eURpsMFFi3JpAhZHa9rWrWQ9wMW3b2Lhl","Niyamay"
"Dushantha Lakmal","https://www.facebook.com/dushantha.lakmal.9","Hahahahha"
"Husain Jotun","https://www.facebook.com/husain.jotun","No comns  I am sorry"
"Osman Mohamed","https://www.facebook.com/people/Osman-Mohamed/100009827357090","Good jop"
"Rasika Herath","https://www.facebook.com/rasika.herath.607803","Muta mongal .😡😡😡😆😆😆"
"Mohamed Mawzook","https://www.facebook.com/people/Mohamed-Mawzook/pfbid02DFH1nHY3jbHkQqWmg6xxSDGgkVBDXyDzhHmpTww6hwvroeZU2qhKkNHbqiDx8G1Yl","Supper  bro"
"Chamith Fernando","https://www.facebook.com/chamith.fernando.2025","Sasana. Mun. Kanawa"
"Laki Mahesh","https://www.facebook.com/laki.mahesh.9","Palapakoyanta."
"Ashan Sampath","https://www.facebook.com/people/Ashan-Sampath/pfbid0mo5qr4RWogebnKCKPfKtfgJKc9C5kdwxbyMjcvefqrrxCrW2CjjvYHkSpsJLvyxNl","Pau ane🤣🤣🤣🤣"
"Samudra Thejani","https://www.facebook.com/thejani.thejani","Neyama kollik"
"Maheswaran Ashvika","https://www.facebook.com/maheswaran.ashvika","👌👌👌👌 Pro"
"Shantha W. A Shantha","https://www.facebook.com/shantha.w.ashantha","Gu ballo"
"Indika Niroshan","https://www.facebook.com/indika.niroshan.197891","Mali mugya ? Mutat pisu"
"Nisanta Samira Samira","https://www.facebook.com/nisanta.samira.samira","Mun agama kanawa ganayo"
"Viraj Roshan","https://www.facebook.com/viraj.roshan.967","Pal pal"
"Nilantha Kumara","https://www.facebook.com/nilantha.kumara.818792","Gon ciwuru horu"
"Baththaramulla Dhammarathan","https://www.facebook.com/baththaramulla.dhammarathan","Gonk"
"Nishantha Kithulwaththa","https://www.facebook.com/nishantha.kithulwaththa.2025","To.awajataka.dobeyak.bola"
"Dinidu Oshan","https://www.facebook.com/dinidu.oshan.2025","Ala macho"
