User Name,Profile Link,Comment
"Wimalasena Samarakkodi","https://www.facebook.com/wimalasena.samarakkodi","මේ වගේ පහරයින් රටේ කරුමෙට මහණ වෙච්ච අපතයෝ ටිකක්.මුන් චීවරයක් ඇඟලා ගෙන ඉන්නේ,ආගම දහම,රකින්න නොවෙයි දූෂිත දේශපාලකයින්ට කඩේ ගිහින් බඩ වියත රැක ගන්නයි.නොදකින් පහර බල්ලා."
"Disanayake Bandara","https://www.facebook.com/disanayake.bandara.2025","තිත්තගල්ලේ කියන චීවරයක් දරාගෙන මනුස්ස විසින් ආපු තිරිසන් හරකෙක් වගේ උම්බෑ කියනවා ඒක අහන මිනිස්සු අපිට අප්පිරියාවේ බෑ කියලා තමා කියන්නේ මුන්ගේ මොලයක් ඇත්තටම නෑ කියන එක තමයි තේරෙන්නේ"
"Welimada Karuna Meheni","https://www.facebook.com/welimada.karuna.meheni","Disanayake Bandara තෙරුවන්සරනයි පුතේ ඔයාල හැමදෙනාටම මමහොදින් කරුනාවෙන් කියන්නේ තිත්තගල්ලේ ස්වාම්න්වහන්සේ ගැන ඔබලා දන්නේ මොනවාද උන්වහන්සේ ඕනෑම වෙලාවක අසරන උන කෙනෙකුට කොන්දේසි විරහිතව උදව්කරන්න කැමති  කෙනෙක් .මේව්දිහටද්වේස සහගතව කතා කරන්න එපා පුතේ ඔයාගෙ ආදරනීය අම්මා කියල දීල තියෙන්නේ ඔයාලවගෙ මින්සුන්ගේ චරිතයට මඩගැසීමටද ඔබතුමාගේ දරුවන්ටත්  දෙන ආදර්ශය මේකද කිසිම  කෙනෙකුට එහෙම  කරන්න  හොදනැහැඕනෑම  කෙනෙකු කලහොද ගැන හිතලා සතුටුවෙන්න කවදා හෝ තමාට කැමති  දේ ලැබේව් එයයි මේ මහා විස්වයේ නීතිය  සුවපත් වේවා"
"Sunil Jayasingha","https://www.facebook.com/sunil.jayasingha.967","Disanayake Bandara මෙහෙමයි මල්ලි දැන් අර ඉස්සර වගේ වැදගත් කුල දරුවන් පැවදි කරන්න බෑ. ඉතින් මේ කෂඩ පවුල් වල අශික්ෂිත එවුන් මහණකරාම මේ වගේ ප්‍රශ්න එනව.මුන් කහින්නෙ මුදලට."
"Ushan Perera","","Welimada Karuna Meheni  අපිට බණ කියන්ඩ කලින් තො.පි සිවුරු ඇඳන් දේශපාලුවන්ට පු.K දෙන නි.ga.න්ඨයො ටික එලවලා දාපං.😑 ඇත්ත කියද්දි දැන් කියපං., අපි ""නිරාගමික Jeppoය, පල්ලි කාක්කොය""..කියලා.🖕ඔව්වා කියලානම් ජාමෙ බේරගෙන හරියන්නෑ. ▪️මේ පේනවනෙ නි.gaන්ඨයන්ට සිවුරු ඇන්දුවම ඒකෙ ප්‍රතිඵල..👇"
"Niel Nowak","https://www.facebook.com/Igiveback","මම අද වෙනකම් හිතුවේ මේ චීවරධාරියාට, පැහැදිලි මනසක් ඇති කෙනෙක් කියල! වරදක් උනාම බන් ඒකට දඬුවම් විඳින්න ඕනේ! ඒවා අධිකරණයෙන් බේර ගනින් මල්ලි! හැමෝටම එකම නීතියක් ඇත!"
"Lakshman Rathnayake","https://www.facebook.com/lakshman.rathnayake.92","Niel Nowak ඇත්තටම..මමත් හිතුවෙ එහෙමයි.."
"RISE UP Sri Lanka","https://www.facebook.com/riseupsrilanka2020","Niel Nowak"
"Ushan Perera","","RISE UP Sri Lanka Jeppo දකිනකොට රාජපස්ස ස.kkili ba.ල්ලන්ගෙ gu කන උන්වනම් JVP ගින්නෙන් පි.ච්චෙයි..😂😂"
"Sanju Sanju","https://www.facebook.com/sanju.sanju.369425","තොපි ඔය බේරගන්න පස්සන් යන මහ ගන පකයා කොච්චර පච කිවුවද,කොච්චර ජාතිවාදය අවිස්සුවාද"
"Shantha Pathirana","https://www.facebook.com/shantha.pathirana.907551","Sanju Sanju නියම කාලකන්න්යෙක්"
"Laggala S Wedage","https://www.facebook.com/laggalas.wedage","තිත්තගල්ලෙට නාමලයා ""අරහත්""වුණාට මහජනතාවට නම් ඌ""අරහන්"""
"Chammi Marakandage","https://www.facebook.com/chammi.marakandage","Laggala S Wedage 😂"
"RISE UP Sri Lanka","https://www.facebook.com/riseupsrilanka2020","Laggala S Wedage"
"Ravindra Liyanage","https://www.facebook.com/renuka.liyanage.180","මේ අපේ රටේ චීවර ධාරියෙක්ද, ලැජ්ජයි නේද, හරිම කැතයි, අහිංසක මිනිසුන් දුක් මහන්සියෙන් හම්බ කරගත් දෙයින් දාන දීලා, ඒවා වලදලා හොරුන්ට කත් අදින මෙවන් පහත් චීවරදාරීන් රටට හෙනයක්, ශාපයක්, පිලිලයක්. රටවැසියන් සියලු දෙනාගේ ඇස් ඇරේවා.  මෙම පිලිල වහා සාසනයෙන්  අතුගා දැමිය යුතුයි මගේ හැගීම"
"R M Gunarathna Rathnayaka","https://www.facebook.com/people/R-M-Gunarathna-Rathnayaka/pfbid02YKghqz2zjBNsUhKAVEeVCfUGJh63hKaUYgTrpc8vSgmzbVgtokGjaqC2XYDbCo21l","අනේ පකෝ සිවුර දාලා පල ගෙදර තෝදන්න බනක් නෑ"
"Dhammananda Himi","https://www.facebook.com/people/Dhammananda-Himi/pfbid0jbxrG9urBY7CqVe7tcTZ8MuCiFMt3NtFEkYEU78QUBRSM2Ke2eZVcombL7xWpLr9l","R M Gunarathna Rathnayaka සහතික ඇත්ත අපේ මහත්තයෝ"
"Welimada Wimala","https://www.facebook.com/priyankara.rathnayaka.7509","R M Gunarathna Rathnayaka වෛරය වපුරන්න එපා මහත්මයෝ ඔයාලගේ ආදරණීය දෙමව්පියෝ කියා දීලා තියෙන්නේ ඔහොමද කෙනෙක්ට කතා කරන්න ඔයා ඔය ඔහොම දාන එකෙන් ඉදිරියේදී ඔයාලගේ දරුවොත් ඔය වගේම වේවි නේද මහත්මයෝ සුවපත් වේවා තෙරුවන් සරණයි! ඔය මහත්මයාට යහපතක්ම වේවා !කිසිම කරදරයක් නොවේවා !"
"Ushan Perera","","Welimada Wimala අපිට බණ කියන්ඩ කලින් තො.පි සිවුරු ඇඳන් දේශපාලුවන්ට පු.K දෙන නි.ga.න්ඨයො ටික එලවලා දාපං.😑 ඇත්ත කියද්දි දැන් කියපං., අපි ""නිරාගමික Jeppoය, පල්ලි කාක්කොය""..කියලා.🖕ඔව්වා කියලානම් ජාමෙ බේරගෙන හරියන්නෑ. ▪️මේ පේනවනෙ නි.gaන්ඨයන්ට සිවුරු ඇන්දුවම ඒකෙ ප්‍රතිඵල..👇"
"Prabath Galhena","https://www.facebook.com/prabath.galhena.1","පුළුවන් නම් අරුවක් දාලා මූවත් දාන්න ඇතුලට"
"Theja Weerasooriya","https://www.facebook.com/theja.weerasooriya.5","තෛයි නිකායක ,මහානායක හිමිවරුනේ, මෙවැනි චීවරධාරීන් ගැන පියවරක් නොගන්නේ ඇයි. මෙය සියලු බෞද්ධයන්ට අපහාසයක් නොවේද"
"Dizz Mizz","https://www.facebook.com/profile.php?id=61574196660164","Theja Weerasooriya ඔයාලා වැද වැද යන මහනායක පකාලත් ලෝකෝත්තර හොරු තමා"
"Roshini Dimel","https://www.facebook.com/people/Roshini-Dimel/pfbid02ACo23FATArNxGxKsEtWucAnwU56G6KEjUHDCcYWg2XthZCMJuGT6pxvq7tE3r4Xcl","Theja Weerasooriya mole awlakda"
"Nirmalee Mendis","https://www.facebook.com/nirmalee.mendis.12","මූව දැක්කම නිකන් ගෝරිල්ලෙක් වගේනෙ අනේ මන්දා මෙහෙමත් හාමුදුරුගොල්ලෝ හාමුදුරුවනේ දෙන දෙයක් කාලා වෙන දෙයක් බලාගෙන හිටපන් පන්සලකට වෙලා"
"Thilaka Gunasekara","https://www.facebook.com/thilaka.gunasekara.5","නාමල්ට අරහත් වෙන්න පුළුවන් නම් මෙයාට බැරි ද මෙයා අපායෙ යන්නේ මේ කියන දේවල්වලට"
"Rohan Samarasinghe","https://www.facebook.com/rohan.samarasinghe.885093","හාමිිදුරැවරැ වැරදිකරනකොට  මෙිි තිත්තගල්ල කතාකරේනෑ මෙියා  ඇගහදාගන්නවාලු අනිත්‍යගැනකියන කෙනෙක් හිනායනගොංකතා"
"Sisira Chandra","https://www.facebook.com/sisira.chandra.552710","එහෙම අධර්මිෂ්ඨ පාලකයෙක් ළඟ සමාවක් නැති බව මේ ධර්මිෂ්ඨ යා දැනගත යුතුයි"
"Shanthi Kumari","https://www.facebook.com/shanthi.kumari.147595","චීවරයෙ මුවාවෙන් ආපු පාතාල චන්ඩියෙක්ද? යක්ශයෙක්ද? රටේ ජනාධිපතිටත් ත්‍රෛනිකායික මහනායක හිමි වරුන්ටත් අබීයෝග කරන්න තරම් බලයක් කොහෙන්ද?? මේව දන්නෙ නැතිද ඔය නායක හාමුදුරුවරු... මේ වගේ දුස්ශීල අධාර්මික චීවරදාරින් මේ රට සාපයක්..."
"Bamunuge Wimalarathna","https://www.facebook.com/bamunuge.wimalarathna.2025","තොපි පච කෙල කෙලා කනවා නේද තිත්තයි නේද"
"Palitha Hewage","https://www.facebook.com/people/Palitha-Hewage/pfbid0Tc1J1KZwfVvwMxK6iGtTPKT7kFUtiYcbiR4EJbgrC3BaYAuGf8adY6zsaZxvwiWKl","Kari ganaya"
"Pushpamal Indrajith","https://www.facebook.com/people/Pushpamal-Indrajith/pfbid0yNckiGHhMFxjFJNQGFUTB375cKPnuPAAx3iRM1SW3EPBHZYeHpqB5e8prdQACriWl","මුව සාසනෙන් අයින් කරලා දාන්නම ඕනේ"
"Priyantha Samaradiwakara","https://www.facebook.com/priyantha.samaradiwakara.908","තිත්තගල්ලය දැන් මහණ වෙන්න ඕනේ කාලෙ"
"BLACK ROSE ","https://www.facebook.com/people/BLACK-ROSE/61579772795240","ඥානසාරයි තිත්ත ගල්ලලයි ඔකුන්ට ගැවිච්ච එවුනුත් එකයි."
"Dayarathna Pelawaththa","https://www.facebook.com/people/Dayarathna-Pelawaththa/pfbid02xXoK8T2GwFDKEP9d4GhgSivbqnJxWteXAb51yvQP5YMiawnxszohDT6Ysmybv4BWl","ඔහු කකී දෙනෙක් කෙල්ලො අමාරුවේ දැම්මද නාමල් කියන්නේ පට්ට හොරෙක්නෙ හොරෙක්නේ ඔබතුමාට බොහොම ස්තූතියි"
"Mku Upul","https://www.facebook.com/people/Mku-Upul/pfbid02t2ndfJr1yJwytPQMasT1FPqtXAGg8wB65muDvHp39FajUoAUjR1wbmi2ZL6jh9Xul","තිත්තගල්ලේ මි හරකා සක්කියා"
"Thomas Sovis","","හොර සිවුරු විලි ලැජ්ජයි😂"
"Gnanathilake Jayakody Arachilage","https://www.facebook.com/people/Gnanathilake-Jayakody-Arachilage/pfbid0HpDqNR4ZEPBYm8cqZkLui1Fb33syFTJaPndNanPD94Nq56NAq7cR2HUCrHMdDQk3l","තිත්තගල්ලේ ගොනා කබේ කඩාගෙන😭😭😭"
"Wilsan Ranasingha","https://www.facebook.com/wilsan.ranasingha","පටිිටහොරැ රහත්නෙවාලු දර්මයත් වෙනස්කරලාවගෙයි"
"Sarath Pilapitiya","https://www.facebook.com/sarath.pilapitiya.2025","මුන් තමා සාසණෙත් සාමාජයත් කැවෙි මුන් වගේ කහාකඩයන්ට කිසිම සමාවක් දෙන්න හොද නැහ මුන් තව හිටියත් සමාජයට පිලිලයක් මිසක හොදක් නමි නැහැ"
"Swarnathilaka Wijekoon","","Sarath Pilapitiya බුදු. සසුන.  වැනසීම සදහා ම සංවිධාන වු කල් ලියක්"
"De Ranjithlal","https://www.facebook.com/de.ranjithlal","එතකොට හොරකම් කරපුව අයිති වෙන්නේ මොන බන පදේටද. ☠️☠️☠️"
"Yasapala Dias","https://www.facebook.com/people/Yasapala-Dias/pfbid029kanjNPSXDjTMCk3NqdtiYqnhkGQmjeLWG41ruc8ZJo56pNNvecAuFSfu7MUR9k7l","මෙි තිත්ත ගල්ලේ වගේ මන්ද බුද්දික චිවරදාරින් වහා සසුනෙන් පලවා හැරිය යුතුයි,නැතිනමි මුං නිසා මෙිනිර්මල දහම පිලිබදව මිනිසුන් විතකර් නොවෙයි ජාතියන්ත්‍රයද කලකිරෙනවා මෙික භායානක තත්වයක් ථෙරවාදිබුදුදහම පිලිබද අංක එකේ රටක් වශයෙන්  මුළු ලෝකයම පිලිගත්තලංකාවට වෙන අවමානය අති විශාලයි මෙපිළිබදව බුද්ද ශාසණ ආමාත්‍යශයට යමි වැඩපිලි වෙලක් තිබිය යුතුයි,ඒවාගේම නිකායික මහානායකවරැන් ටත් එසේමයි එකඑකාට ඹින ඹින විදියට රගන්න දිලා ඹහේබලාසිටිම නොවෙයි කලයුත්තේ බැරිනමි උයතනතුරැැ කරන්න පුළුවන් අයටභාරදෙන්න එය රටට හා බුදු දහමට කරන සේවයක්"
"Sarath Weerawansha","https://www.facebook.com/sarath.weerawansha.708636","නියමයි සුපිරි පැහැදිලි කිරීම  තිත්තගල්ලයට නියම බන ටික"
"Sugath Vikram","https://www.facebook.com/people/Sugath-Vikram/pfbid0yU5TrQ2RmTihBzTzcbsCP6FP4MJ69Nc1dZr6G6HYajBhZjPBmd34VfHaVex25vMRl","මේවාගේ හිරලුවෝ    පිස්සෝ"
"Sp Franando","https://www.facebook.com/people/Sp-Franando/pfbid03aGQese9p9MHxv9nFtdSzSuDGxEpF2HMQCLegqNURGquYgCLEjkFKu4zj9SRATnDl","ඔයවගේ. සක්කිලි කතා. කියා. කියා. තව. සමාව. ඉල්ලන්න. ලැජ්ජා. නැත්ද. යකෝ. A. K. D.. නයින්ට. කිරි. පොවන්නේ නෑ. 😭😭😭"
"Pradeep Kumaranayake","https://www.facebook.com/pradeep.kumaranayake","තිත්තයෝ , ඤානපාල ගාවට උබ ."
"Ananda Jayarathna","https://www.facebook.com/people/Ananda-Jayarathna/pfbid02C76XEhoiz45qnRH5X8wDEm1GfRuuhnVXNrQg2dUV1EUoXyygJrUBLVWqGuazUqDyl","තිත්තගල්ලේගේ පරි ඇටේ තමයි"
"Rajapakshaga Nimaljayathunga","https://www.facebook.com/rajapakshaga.nimaljayathunga","නියමයි නියමයි ලන්කාවෙ කොල්ලො බුදුසරණයි ඔබට"
"Leslie Jayasinghe","https://www.facebook.com/profile.php?id=100001602719074","මු බඩු කිං"
"Welimada Wimala","https://www.facebook.com/priyankara.rathnayaka.7509","Leslie Jayasinghe"
"Dilip Rodrigo","https://www.facebook.com/diliprodrigo1974","ලංකාවේ නීති විබාගෙන් වැඩිම ලකුණු ගත්තු ලෝයර් රහත් බවත් ලැබුවොත් හිරේ හිටියත් ගෙදර එන්න පුලුවන් සයිස් එකක් තියෙන්නේ 🤣😂"
"Neel Edirisinghe","https://www.facebook.com/people/Neel-Edirisinghe/pfbid0zdTf3ShNa2Y1syQDSL3RXqNG1QR7bwrkUQ2HgE3bkfyJUamoCKJqVDiaronbykBKl","තිත්තයාට අමු කැවිලා ඌට පිස්සු"
"Chinthaka Roshan Wijenarayana","https://www.facebook.com/chinthakaroshan.wijenarayana","😁😁😁😁කටු කන චීවර දාරින්...උබල සාපයක් මේ..රටට"
"Shiranthi Withanage","https://www.facebook.com/shiranthi.withanage.330009","Thiththagalle thitha una"
"Lalith Fonseka","https://www.facebook.com/lalith.fonseka.71","Essellama thoa Arahath weyanko😂"
"Yapa Kumari","https://www.facebook.com/yapa.kumari.2025","ඔවුන් ගැණු හොරු"
"Wasantha Nanayakara","https://www.facebook.com/people/Wasantha-Nanayakara/pfbid02GyqjKQpEXmKS2Um1XWk5cjsFA9tE5idbZnpSQEEnyRwbDnEE1Dae4L7yvjTnTiGpl","Muta pissu thada wela"
"Sajeewanee Wathsala","https://www.facebook.com/sajeewanee.wathsala","දහමට නිග දෙන උන්මත්තක චීවර දාරින්"
"Mahindapriya Mahipalamudali","https://www.facebook.com/mahindapriya.mahipalamudali","Jayawewa bro 💯🎯✔️"
"Sanath Ashoka Hitihamillage","https://www.facebook.com/sanath.ashokahitihamillage","Oya  sakkiliyata  ohoma  wela  madi."
"Meththananda Amadoru","https://www.facebook.com/meththananda.amadoru","Okagorillek.horaweshigaputhek.gasballek.okatadanewathdennahodana"
"Wasula N Samarathunga","https://www.facebook.com/shanaka.samarathunga.583","නියමයි නියමයි නියමයි සහෝදරයා ."
"Sarath Rsc","https://www.facebook.com/sarath.rsc.2025","Thitha gallea kiyannea gala bodayagea puk man."
"Sunil Dayananda","https://www.facebook.com/sunil.dayananda.2025","Tithagalle wesa balla. Awajathakaya"
"Rude Bwoy","https://www.facebook.com/profile.php?id=100005042438617","නා මොලේ සාදු ගේ මොලේත් කලා😂😂😂😂"
"Bandara Thilaka","https://www.facebook.com/bandara.thilaka.708163","mun.sasana.kanna.ma.aya.siuran.porawahana"
"HK Sumeda","https://www.facebook.com/hk.sumeda","Gon hutha  pu dipan"
"Pathma Sili","https://www.facebook.com/pathma.sili.2025","Ane pala tattaya😂😂😂😂"
"Madushani Eknaligoda","https://www.facebook.com/madushika.madu.501151","සොමාලියෙක්  මේ ලංකාවේ  කෙනෙක් ද 😂😂😂😂😂 මුන්ට පිස්සු  දැන්"
"Subhadra Mehenin Wahansa","https://www.facebook.com/subhadra.mehenin.wahansa","මේ දහම හරියටම අවබෝධ කරගත්ත උතුමන්ලට මොන අකරතැබ්බයක් වුනත් උන් වහන්සේලාගේ හිත් වට්ටන්න බැහැ මහත්මා. බලන්න මෙච්චර දේවල් මිනිස්සු කරත් කිව්වත් මානසිකව වැටිලද ඉන්නෙ? බයේ හැංගිලද? වැඩේ අත්හැරලද? නැහැ. ඒ තමයි මුනිවරු. සුවපත් වේවා !!"
"Dhanapala Fonseka","https://www.facebook.com/people/Dhanapala-Fonseka/pfbid0vzMhWvS7sZigTaPN9zcnfg5aAAdQmc2dApGCTq7qmcGcYhKZhHX2etw3io27d3YHl","පිංබතා තෝ පිඹත් ගිලගිල දේශද්‍රෝහී කාලකන්නින්ට පුකනොදී චීවරයක්දරා ගත්තනම් බණක් කියාගෙන බාවනාවක් කරගෙන පන්සලේ හිටපන් එහෙම බැරිද ඇම් ඔය  සිව්ර තියලා චීත්තයක් ඈදගෙන ගිහින් පුක දීපන් පකයා"
"Chaminda Gamage","https://www.facebook.com/chamindagamage.pallevelagamage","මුන්ට දානෙවත් දෙන්න එපා"
"Dr. Rewatha","https://www.facebook.com/people/Dr-Rewatha/61593835719289","යකෝ තිත්ත ගලේ ව සිරු පිරෙව්ගෙන මොනවද මේ"
"Priyantha Ranjan Ramanayake","","මුට දාල තියන  නම නියමයි මු රටටම තිත්තයි කැ බල්ලේක් හෙනම ගහපිය පර බල්ල ට"
"Saminda Wickramaarachchi","https://www.facebook.com/marine.samindaprasad","සඟ පාතාලය"
"Fawmy Sheriffdeen","https://www.facebook.com/fawmy.sheriffdeen","Saasane winasee"
"Dunston Zylwa","https://www.facebook.com/dunston.zylwa","මේ චීවරයා ගෙ නමින්ම මේක තිත්තයි අපිට ."
"Rusiru Chamen","https://www.facebook.com/rusiru.chamen.3","කැරි තට්ටයා 🖕🤬"
"Kumar Ranawake","","ඔබ හරියටම හරි"
"Wmp Lakshman Senevirathne","https://www.facebook.com/wmplakshman.senevirathne","තිත්තගල්ලේ විසින්ම උගේ රෙද්ද කඩාගත්තා😂😂😂"
"Disal Wicky","https://www.facebook.com/disal.wicky","[Image Attachment]"
"Mdis Rajasingha","https://www.facebook.com/mdisr.mdisr.7","ඇත්ත උවමනාව තමයි නාමල් ජනාධිපති තරන්න නාමල් රහත් වෙනවානම් මු සිවුර දාගෙන රහත් වෙන්නේ නැති එක තමයි ප්‍රශ්න"
"Piyal Jayasinghe","https://www.facebook.com/piyal.jayasinghe.56","තිත්තගල්ලයා ගේ උපාද්‍යහිමියන් කවුදැයි  අසනු"
"Dayarathne Yapa","","Oya ganayage siwra galawala pu....... gahapi"
"Pradeep Rohan","https://www.facebook.com/pradeep.rohan.9404","සිඋර ගලොල පල සිඋර කන්න එපා"
"යුද සටන නිමා කර,   දැන්  මගේ ජිවිත සටන","https://www.facebook.com/people/%E0%B6%BA%E0%B7%94%E0%B6%AF-%E0%B7%83%E0%B6%A7%E0%B6%B1-%E0%B6%B1%E0%B7%92%E0%B6%B8%E0%B7%8F-%E0%B6%9A%E0%B6%BB-%E0%B6%AF%E0%B7%90%E0%B6%B1%E0%B7%8A-%E0%B6%B8%E0%B6%9C%E0%B7%9A-%E0%B6%A2%E0%B7%92%E0%B7%80%E0%B7%92%E0%B6%AD-%E0%B7%83%E0%B6%A7%E0%B6%B1/61587959470750","අයියෝ😂😂😂"
"Healthy life in Diabetes","https://www.facebook.com/people/Healthy-life-in-Diabetes/61570337303018","Meka sakkili Saadu kenek"
"Nimal Thanthriarachchi","https://www.facebook.com/nimal.thanthriarachchi","https://www.facebook.com/share/p/1SUZgbQ5iU/ මෙන්න තිත්තාගල්ල ඌරාගේ පැටිගිරිය"
"Ruwan Sampth Kalahe Hewage","https://www.facebook.com/profile.php?id=61572728228967","ගහලා මරන්න පිස්සු බල්ලාව.."
"Damayanthi Rodrigo","https://www.facebook.com/damayanthi.rodrigo.79","Mahanayaka hamuduwarunge awadanaya yomu wewa.... Sasanaya vinasha karanne sasanaya athule inna mewani aya thamai."
"Thilak Dharmarathna","https://www.facebook.com/thilak.dharmarathna.753777","Niel Nowak කමක් නෑ එයාට තනියෙම ඉන්න වෙන එකේ මෙයත් යයි. අනිත් ගිය අයට ටත් රොතු පිටින් ඉන්න වනේ"
"Sumithkithsiri Boteju","https://www.facebook.com/sumithkithsiri.boteju.2025","මහණ වුනා නමි ඊට අදාල දේ කරගෙන ඉන්නෙ නැතිව...අනුන්ගේ රේදි සේදිමට යෑම ධර්මයට අනුකුලද........"
"John Hunter","","TETTAGALLE.   NAMOLYAGEN.    MYDAL.  ARAN.   KARANA.  WADASATHANK.     MEYANNE.  ,"
"Sunil Ik","https://www.facebook.com/people/Sunil-Ik/100008908536396","පතනරියෙක්,"
"Dinsaja Sasmidu","https://www.facebook.com/dinsaja.sasmidu","මුට දානයවත් දෙන්න හොදනැ ගොතයා කාලකන්නි යා"
"Saman Premasinghe","https://www.facebook.com/people/Saman-Premasinghe/pfbid024yJHno7fPcbBgciZ46Nm7x4EJ1Xbsf7qzrAP1FnBGtXUBjCFDR3C3cV4DRk2Svr2l","මෙ තිත්ත ගල්ලෙ ලග හොරදෙවල් ටිකක් තියනවා වාගෙ මොකද ලොකු ලොකු හාමුදුරුවන් එක්ක ඉන්න දෙවලුත් එතනදි එලියට ආවා සිඅයිඩි මහත්තුරු දාලා මෙයාගෙන් ප්‍රස්න කරන්න තියෙන්නෙ හැම කෙනා ගැනම තොරතුරු ගන්න පුලුවන් වාගෙ දැනෙන්නෙ"
"Nandalal Gamage","https://www.facebook.com/nandalal.gamage.1","කොච්චර  කයිය ගැහුවත්  ගිනි තියා  ගන්න එකෙක්  නැතුව  ගියානෙ,"
"Gamini Hikkaduwa","https://www.facebook.com/gamini.hikkaduwa.7","Pinbath kana hora ganya tithagalle walikada dakkamu"
"Welimada Karuna Meheni","https://www.facebook.com/welimada.karuna.meheni","තෙරුවන්සරනයි පුතේ ඔයාල මේ කතා කරන්නේ අසත්තිය කවදාහරි ජයගන්නෙ ව්ස්වයේ සක්තිය"
"Piyal Kumarasinghe","https://www.facebook.com/piyal.kumarasinghe.980","කහ රෙදි කැබලි එල්ලගෙන තමුන්ගේම වාසිය සදහා සිටින මිනිස්සුන්."
"Suranga Jayathunga","","කලබල වෙන එපා අවසාන වෙනකොට ඔහොම තමා .🤣 මතකඩ නාමල් අන්තිම කාලයේ කොච්චර ලොකු talk ඩුන්නඩ .....🤣🤣🤣🤣🤣"
"Upali Tissera","","Aye Namal ta arahath wenna bari  Eya ge amma arahath uneeeye pereda"
"Wijamuni Siriwardhana","https://www.facebook.com/wijamuni.siriwardhana","කතාකරන්න ඉගනගන්න නැත්නම් සිව්රෙන් ඉවත්වෙලා වසලගතිය පෙන්නුවට කමක් නැහැ"
"Vipull Ariyawansa","https://www.facebook.com/vipull.ariyawansa","Pu denawa kiyala mehemath denawada rajapassalata"
"Chandana Kodikara","https://www.facebook.com/chandana.kodikara.73","එයාගෙ බිස්නස් මේ දවස්වල බලන්නේ කරන්නේ කවුද දන්නේ නැහැ"
"Rajapaksha Rajapakshabandara","https://www.facebook.com/rajapaksha.rajapakshabandara","සාදු ගෙ තේ එකට කවුද ගංජා දාලා ඇ 😃😃😃"
"Nilantha Thisera","https://www.facebook.com/nilantha.thisera.7","ඕකගෙ ඇට දෙකෙන් එල්ලල ගහන්න ඕන කාලකන්නියට"
"Thushara Basnayake","https://www.facebook.com/thushara.basnayake.2025","saasane vinaasa karana saadula 🤮🤮"
"Senevirathna Bandara","","Muge ammata ballek #kala pakaya"
"Kasthuri AD","https://www.facebook.com/dayarathne.kasthuri","Sampurna athhe👏Oya cheewara hdhariyage bijje abaranna thibune🤪 gon pakek 😂"
"Maithrie Fonseka","https://www.facebook.com/people/Maithrie-Fonseka/pfbid02JdWUewxonYyB8ZvuQtCkPMkexutrLcMzNhcpCCQcaRf3ochwcnpa3dSoosqfTPBUl","පිස්සෙක් ගහලා එලවලා දාන්න හොර ගනයා"
"WA Gunarathna","https://www.facebook.com/wa.gunarathna.75","Mmo Thitthagalle newei Hutthagalle."
"Manjula Samaratunga","https://www.facebook.com/manjula.samaratunga.2025","රටේ සාසනේ පිලිල"
"Henry Moses","https://www.facebook.com/henry.moses.52","Huttige putha langa hitiyanam thatte palanawa"
"Lakshan Chathuranga","https://www.facebook.com/lakshan.chathuranga.1004","Thiththa galla moda musalayek 😁😁"
"Anton Fernando","https://www.facebook.com/anton.perera.7359","දඩමස්  කලා සාදුලා  වෙන්න බැහැ"
"Nisha Athugala","https://www.facebook.com/nisha.athugala","නෑමොල්ගෙ  මෑනියො  දැනටම  රහත් වෙලා😌😌"
"Sriya Pilimathalawa","https://www.facebook.com/sriya.pilimathalawa","උපදින්න නරක උන් ඉපදුන, මේ වගේ සිවුරු රඳවන  තමයි දකින්න වෙන්නෙ"
"Samantha Daluwaththa","https://www.facebook.com/samantha.daluwaththa.56","Aho dewdath nodutu mokpura"
"Nihal Fernando","https://www.facebook.com/nihal.fernando.92505","Thiththagalla kiyana namama athine oya බල්ලට"
"Ajith Pushpasiri Kiththangodage","https://www.facebook.com/people/Ajith-Pushpasiri-Kiththangodage/pfbid02qsddXpHCDnkHfTGk2Wk2wC2GxcATDgsKcWxsjwYLaNaC14ujBdTHLyxU9vTJqzNHl","Mge muna wadutek wage"
"Susil Thamel","https://www.facebook.com/susil.thamel","Me wage ballo😂 badagena boga daanna denna ona"
"Ju Wans","https://www.facebook.com/mohamed.amhar.37819","💯% Correct bro"
"Yamuna Wimalajeewa","https://www.facebook.com/yamuna.wimalajeewa","අනිවාර්යෙන්ම පොහොටිටුවට කඩේ‍ යන කෙනෙක් කියලා හොදට තේරෙනවා . මාලිමාවට සහ අනුර ජනාදිපතිට  වෛරයෙන් බනිනවා හැබැයි නාමල් හොරාකාපුවා  මතක නැති වෙලා."
"Prasath Chandimal","https://www.facebook.com/prasath.chandimal.2025","Supiri oyaga  kathaw athth"
"Asoka Dhanapala","https://www.facebook.com/asoka.dhanapala.2025","මාලිමාවට ඡන්දය දුන්න හැමෝටම ගොඩක් පිං. තිත්තයා කියන විදියට හිරේදි රහත් වෙන්න මග සැළසුවාට."
"Jasintha Wijesekara","https://www.facebook.com/jasintha.wijesekara.2025","මේ විඩියෝව කරපු ඔබට ❤️ දෙනාව නමුත් ඔබ තුමනි කියනවා දොරේ සද්දය බේරේ සද්දය දන්නවාද කියලා අපි ගහපු කතිරය tamai රට හොඳ තැනක තියෙන්නේ"
"Saliya Weeranayake","https://www.facebook.com/saliya.weeranayake","දේවදත්ත වගෙමයි."
"Dammika Kasthuri Arachchi","https://www.facebook.com/dammika.kasthuri.arachchi.2025","පින් බත් කෙළලා හිටපිය පන්සලේ"
"Priyantha Vejesekara","https://www.facebook.com/piyantha.vejesekara","ගෝතයා ඔකා"
"Raweendra Saparamadu","https://www.facebook.com/raweendra.saparamadu","තිත්ත ගල්ලේ තිත්තයි ඔයාවනම්😡😡😡😡"
"HK Sunil","https://www.facebook.com/people/HK-Sunil/pfbid0hatdL8UYoo6XbeYUKjnc4yDHxNH8fDXraqyVQJVsGUEZR171nfRg5692qVKnhWa9l","නැමොලය ලගතියන් ඉන්නෙ ගිහි පැවදි දෙගොල්ලොම හොරුනේ"
"Md Abeywickrama","https://www.facebook.com/md.abeywickrama","මචං. තිත්තය. ඇත්තටම  බං. නෑමොලය  රහත්කරේ  උඔද බොක්ක"
"Dilu Priyanka","https://www.facebook.com/dilu.priyanka.1","Thanikarama pissek"
"Isuru Malshan","https://www.facebook.com/isuru.malshan.779","Me wage gothyo siwru Adan inne ape rate awasanawat"
"Devinda Hamuduruwo","https://www.facebook.com/devinda.hamuduruwo","තිත්ත ගල්ගෙ අම්මගෙ මිනිහද......"
"Kumara Kumara","https://www.facebook.com/kumara.kumara.270890","ඔව්න් ඔකොම හිරේ යවන්න ඔන"
"Ajith Rajapaksha","https://www.facebook.com/AjithRajapaksha.raj","තොත් පච තමයි ගනයො කියන්නෙ"
"Shamali Wijendrika","https://www.facebook.com/shamali.wijendrika","දකින කොටත් තිත්තයි මේ රදවන කරන කැත වැඩ වලට සසූන සමූල ඝාතනය කරන හොර හැති කරේ 😢"
"Kumari Premadasa","https://www.facebook.com/kumari.premadasa.1","තිත්තගල්ලේ පන්සලට වෙලා පිනක් දහමක් කරගෙන හිටියොත් නේද හොඳ ?කැපීපෙනෙන්න දඟලන් නැතිව."
"Priyantha Perera","https://www.facebook.com/profile.php?id=100000607336583","මූ කරන එක හින්දා අනිත්  චීවර පාතාල සංවිධානඋන්ටත් රෙදි නැතුව දුවන්න වෙන්නේ , මූ කොහොම වෙතත්..! තග දාල මදිවට තව චැලෙන්ජුත් කෙරුවනේ ..? හරි හරි ..🤣"
"Pushpa Weerasinghe","https://www.facebook.com/pushpa.weerasinghe.5","අපේ ආගම කන්නේ නැතුව, සිවුර ගලවලා තියලා යන තැනක යන්න, රට කන කාලකන්නි."
"Gamini Kilarathna","https://www.facebook.com/gamini.kilarathna.2025","Kaalen kaaleta aka aka pakayo anawa siyuru dagena"
"Susantha Ilangasinghe","https://www.facebook.com/ilangasinghemsj","ගව සම්පත"
"Anushka Dayarathna","https://www.facebook.com/anushka.dayarathna","තිත්තගල්ලේ කියන්නේ තක්කඩියෙක්..."
"Nihal Benthara","https://www.facebook.com/nihal.benthara.5","Aepe budu dahama winasa karana oya kalakanniya hireta ya yuthu."
"Nuwan Chandrakumara","https://www.facebook.com/nuwan.chandrakumara.2025","ඒ බැනපු එකත් තිත්තගල්ලෙ හාමුදුරුවෝ බනින්න කියලා බන්නව ගත්ත එකෙක්...."
"Dilon Aravinda","https://www.facebook.com/dilon.aravinda","Okage Ammmmmataaa"
"Thushara Chaminda","https://www.facebook.com/thushara.chaminda.662134","Mekawa mahana karapalla.."
"Chaminda Pathirage","https://www.facebook.com/chaminda.pathirage.589","Dan rahath wela inne pala kahakadayo"
"Nihal Mahalekam","https://www.facebook.com/nihal.mahalekam","මුන්ගේ සිවුරගලවලා ගහලා පන්නන්න ඔනේ"
"Rushan Rasika","https://www.facebook.com/rushan.rasika.37","තිත්තගල්ලේ කියන්නේ නිදන් හොරෙක්ලු."
"Shirani Mendis","https://www.facebook.com/people/Shirani-Mendis/100010733614974","අනේ පර බල්ලෝ ගණයා තොගේ ඒවා අපේ ජනාධිපතිතුමා හැවුම්කන් දෙන්න වෙලාවක් නෑ පර බල්ලෝ තොපි සිවුර දාගෙන කරන්නෙම අසික්කිද වැඩ තොපිට ස්වාමීන් වහන්සේ කියන එවුන්ට ගහන්න ඕන මුලින්ම අපේ ස්වාමීන් වහන්සේලාට අගෞරවයත් සෝ වගේ කාලකන්නි පර බල්ලො ඉන්නවට සක්කිලි පර බල්ලා තොටත් ඥානසාර වගේ නිසි දඬුවම් බොහොම ඉක්මනට ලැබෙනවා දැනගනින් අපේ රට විනාශ කරන්න ආපු කාලකන්නි අවජාතක පර බල්ලා මම බය නෑ යකෝ ඔය වගේ කතා කරන්න තොපි අපේ රටට සාපයක්"
"Kaluperumage Arnolis Don Arjuna","https://www.facebook.com/profile.php?id=1665492555","Huththo banak kiyagena idapan me rata kapu sanga ponnayo"
"Madu Madu","https://www.facebook.com/madu.madu.81556","මේ වගෙ දූෂිත ශ්‍රමනයන් බුදුන් වහන්සේගේ කාලෙත් හිටියා අද අහන්න දෙයක් නෙවෙයි ධර්ම සංගායනාවක් කරලා ඉස්සරවෙලා මේවගේ ශ්‍රමනයන් සාසනෙන් නෙරපා හරින්න කටයුතු කරන්න ජනාධිපති තුමනි,නැත්තම් තව ඉස්සරහට බෞද්ධයන්ට මොනවා වෙයිද"
"Ranil Kulatunga","https://www.facebook.com/ranil.kulatunga.9","මුන්ව මාකට් කරන්නේ ඇයි හෝර ගනයෝ"
"Ylms Yakandawala","https://www.facebook.com/saduni1274","මුට බන මතක් වෙලා තියෙන්නේ දැන් පට් පාදඩයාට."
"Jmjegan Dmcc","https://www.facebook.com/jmjegan.dmcc","Aya komat tittai"
"Chammi Priyantha","https://www.facebook.com/people/Chammi-Priyantha/pfbid0G7AkbqA53R889uFZ4cE5UUVhGUEiR4qT72JPCQHsZHZDH3nAsZ8TJgvtxc3aaoKZl","Ammaga radda"
"Ananda Wijekoon","https://www.facebook.com/ananda.wijekoon.5243","අනේ ගොංගාලේ අපි නම් ඇහුවමයි ආධ්‍යාත්මික හොරු ඉන්නවා කියලා . ඕක බුදු හිමියන් දේශනා කළ දෙයක්ද තිත්ත ගාලේ උන්නැහේ ගේ දේශනාවක්ද. රාජපක්ෂ අසූචි වලදන බැලයෝ. හීරළුවෙක් වෙලා රාජපක්ෂලාට සට්ටබි කන් කළානම් විලිලැජ්ජාවක් නෑ. එක එක දේශපාලන කිනිතුල්ලාන්ගේ පස්ස හෝදන්නේ නැතුව මහන වෙච්චි වැඩේ කරගෙන හිටියා නම් හොඳයි."
"Mohamed Jazil","https://www.facebook.com/mohamed.jazil.5","මේ‍ වගෙ අය තමා බෞද්දාගමට අපහාස කරන්නෙ, මහනායක හිමිවරැ මේ‍ ගැන පියවරක් ගතහොත් හොදයි කියලා මම හිතනවා, මම ඉස්ලාම්‍ ජාතිකයෙක් මම බෞද්දාගමත් ඉගනගත්ත කෙනෙක්"
"Kamal Vitharana","https://www.facebook.com/people/Kamal-Vitharana/pfbid022RyUPPyh269ZbG7MPFQqqiUAzZT8fjBLrTduaBfnL12gUiS9oJDi5ytyAMcxUC91l","Ana hutto  😂😂😂😂"
"Upali Harispattuwa","https://www.facebook.com/people/Upali-Harispattuwa/pfbid02DWgBdLEUKMmRnUqMh4Wh4pMLt5zrfuMkFmdia3h2ajBGa9t2zmd6MPHLJtHFpJ6Hl","එකෙක් යනකොට එකෙක් මතුවෙනව මාර මැරකමක් පිළිබිබුවෙනව,බික්ශු ගතියක්නොපෙනේ."
"Pathum Namal","https://www.facebook.com/pathum.namal.77","Mu mona ponnayada"
"A123","https://www.facebook.com/a123.504241","ශසනය  අනුභව කිරිිමට  ආාපු  තවත්  සිවුරැ  රදවනයක්."
"Ramanyake Karu","https://www.facebook.com/karu.ramanayaka.9","මූ කනව ලොවෙත් නැතිවෙන්න"
"W Shantha Wellage","https://www.facebook.com/w.shantha.wellage","තිත්තයගේ සිව්රගලවලා ⁣පුපටපයින්ගහලා එලවන්නඕන"
"Udeni Kumara","https://www.facebook.com/udeni.kumara.391","අනේ තිත්ත  ගල්ලෙ   උඹල   මේ රටේ වැරදිලා ඉපදුනු උන් බං උඹල හරියන්නෙ අපායට."
"Asanka Dissanayaka Disa","https://www.facebook.com/pirasanthan.rasha","ඔකා අමු ගොනා සිව්ර දාගෙන ඉන්න හොර තක්කඩ්යෙක්"
"Jayasena Gunawardana","https://www.facebook.com/people/Jayasena-Gunawardana/pfbid0VyW2xUnCUvJTuSTMotet9Udq775t19GPbhg4t4JU3QdR1U78RUv27diqhhLkHyAKl","THITHAGALLE PAKADAYEK.MUTH GALSARAYATH EKKA GAL BOTHALE EKATA GAHANA EKEK ."
"Wanigabandara Rajapaksha","https://www.facebook.com/u7zddy2zjb","ඒ කොමෙන්ට්ස්😂"
"Jh Manik","https://www.facebook.com/jh.manik.90674","සිඋර ගලවල කිව්වා නම් කනවා මාර කැමක්..."
"Thissa G Wadumulla","https://www.facebook.com/people/Thissa-G-Wadumulla/pfbid02qjsvnfLJ9PxdFao4eqQvRN8UeLUDtNSiC6FQg6ESa3sBoYqXWs9j8wmGdDKZWS4yl","රාජපක්ශ නිකායෙ වනචාරියෙක්"
"DB Tennakoon","https://www.facebook.com/db.tennakoon.3","අනුරාධපුරයේ  ඉන්නේ සුපිරි කොල්ලෝ❤️❤️❤️කොල්ලෝ"
"Gamini Pmg","https://www.facebook.com/gamini.pmg","මුන්ට දානෙ හැන්දක්වත් දෙන්න වටින් නැ"
"Sandun Kahingala","https://www.facebook.com/sandun.kahingala","හාමුදුරුවො නාමල්ගෙ follower කෙනෙක් වගෙ"
"Ranjani Ranatunga","https://www.facebook.com/ranjani.ranatunga","U gorilla wage pissa"
"Chamini Anuruddhika","https://www.facebook.com/people/Chamini-Anuruddhika/pfbid07cCDBkeJYF5cEy6MDExf3TJHqYUmTn1Pjo1DniAMBAsbGqwUqWWF98XGvCaSUZDXl","Oka mahana karamu"
"Chandana Nakandala","https://www.facebook.com/chandana.nakandala.7","මේ චිවර පෙරවගෙන හොරැ වෙනුවෙන් පෙනිසිටින පුද්ගලයා ගැන දන්න අය තොරතුරැ දාන්න. අපේ ගුනවත් හාමුදුරැවරැ අපි දිවිහිමියෙන් රකිමු.ඉදිරිපත් කිරීම කල ඔඛට තුති.😁😁👍"
"Sumith Gamage","https://www.facebook.com/people/Sumith-Gamage/pfbid029znEViW9DDjRmgTi4qMRJ8wUvQ4p6KpHdhyoQvVpmtrsdKDF2Tsffox6y8azgNNNl","නාමල්ලා මූට හොදට සලකවා වගේ."
"Priyantha Kumara","https://www.facebook.com/priyantha.kumara.3367174","තිත්තගල්ලේ හිතන් ඉන්නේ වූ මහා ලොකු පොරක් කියලා පොරක් වෙන්න ගිය තිත්ත ගල්ලට වෙච්ච දේ"
"Lkm Danapala Kanakratna","https://www.facebook.com/lkmdanapala.kanakratna","Nodaku mewage paaharayek....hire yanta niyamithaun yeviya uthui...meganayath hire yawanna one ...devidaththaraya...buruwek...kaapiya gu...."
"Krishantha Busnayaka","https://www.facebook.com/krishantha.busnayaka","නාමල් ලොකු පස්ස ගේ"
"Sanjewa Alwalage","https://www.facebook.com/sanjewa.alwalage","Pissogena.kathakaranna.apa.athakota.un.nikamma.uda.yanawa"
"Shirantha Jayasekara","https://www.facebook.com/shirantha.jayasekara.54","මේකට කියන්නේ නකදී පුසී😂"
"Wasantha Dinesh","https://www.facebook.com/people/Wasantha-Dinesh/61566804912506","Gon ponnaya ghnanasara"
"Palitha Palitha","https://www.facebook.com/palitha.palitha.513146","මෙයත් දගලන්නෙ මෙයාගෙත් මොනවහරි තියෙන්වද දන්නෙ නැහැ"
"Karunaratne Karunaratha","https://www.facebook.com/people/Karunaratne-Karunaratha/pfbid02jrVG982p4WScfcr4YLXp1NWVpj3hYc71XJ3Tu4NcnciVpHK7CjaH8y7v5M3DgQh1l","Seurata  Garahan nathuwa kola Athuwalen  veli  wah  Ganen  Ganayo"
"Mariam Saif","https://www.facebook.com/people/Mariam-Saif/pfbid024nvYRYR5CQbjHGsBzAqkpvkr8k1jXEfPts4HuWZQNzAkifohU4AYEax3Yf3NcntVl","Mun okkoma sakkili"
"Darmasiri Alankarage","https://www.facebook.com/people/Darmasiri-Alankarage/pfbid024oFYa9gPyunW8JqCY3qdargcjGmi371J4akzEtgJR13iCS7gQDpbJKFBcZSNu5ygl","ගුටි  කාලා නිල් වෙච්චි  එකෙක් 😂😂😂😂"
"Weerasingha Weere","https://www.facebook.com/weerasingha.weere.52","Thitgaele p yA aruta  p d wa"
"Wimalawathi Wimala","https://www.facebook.com/wimalawathi.wimala.365702","Thitthagalle GOBBA CHEEVARADAARIYA rajapaksha goo valandina KAHAKADA pakek GOATHA v PUTHEK"
"Cyril Pathiranage","https://www.facebook.com/cyril.pathiranage","තක්කඩි කහකඩයෙක්."
"Jayathilaka Herath","https://www.facebook.com/jayathilaka.herath.876818","ඔය චීවරධාරියා බොරුවට චීවරයක් පටළවාගෙන ඉන්නෙ ඇතුළ ද්වේශය, ඊෂ්‍යාව   වෛරය , ක්‍රෝධධය, පළිගැනීම,  ආදී නොමිනිස් ගති ගුණ වලින් පිරිලා භික්ෂු ශාසනයෙන් එළවා දැමිය යුතුම අයෙක්."
"Kumarasinghe Frenando HO","https://www.facebook.com/kumarasinghefrenando.ho","මොඩයො තො වගේ එක ජෙප්පෙක් විතරයින් කූහක සක්කිලිය එකයි හෑල්ලුවට ලකාකලේ"
"Jayasiri Hettiarachchige","https://www.facebook.com/jayasiri.hettiarachchige.521844","කර නම්"
"Dilani Peris","https://www.facebook.com/dilani.peris.2025","Ane. Ubala. Hamuduruwoda  kalakanni"
"Rohan Kumara","https://www.facebook.com/rohan.kumara.58","මේන් තිත්තගල්ලේ හිපාටුවාගේ වැඩ.  https://www.facebook.com/share/r/1EdNauz6ah/"
"M Pagara Mangala","https://www.facebook.com/profile.php?id=61586102052481","Ma muta keyapan"
"Shanaka Fonseka","https://www.facebook.com/shanaka.fonseka.2025","Thiththaya Rajapakshalage gedaramai"
"Suranji Perera","https://www.facebook.com/people/Suranji-Perera/pfbid02sWkjPaHzfpGpipNKXBSTUd2AHfNGr2fyy3BKd4niMnaYJUPiM3nkkJcLLjezzEdil","බුදුන් දෙසූ දහමේ ඔබ මොනවද දන්නේ?"
"Geethani Namal Gamage","https://www.facebook.com/geethani.namal.gamage","මේ හාමුදුරුවෝ කියන බොරු"
"Jude Silva","https://www.facebook.com/jude.silva.524596","චිත්තකළේ හාමුදුරුවනේ ඔබ වහන්සේ මාර ලොකු දෙයක් කරන්නේ ඔබයි මේ වගේ වචන කියන්නේ ඔය කොච්චර මේක කෙනෙක්ද මේ වගේ බලු වෙන්න එපා"
"Kumudu Pandipperuma","https://www.facebook.com/people/Kumudu-Pandipperuma/pfbid02o9iRRzaBdxzz6HMKCuueL1EBneeJS1Yqtv4absJ5sFHFcxDDd1pAmgJhTk2XNhiXl","Thiththa galle siwuru horage petikiriya Idiriyata janathawata dakaganna puluwan iwasanna"
"Mantri Mantri","https://www.facebook.com/mantri.mantri.193934","අනේ හිත්ත ගල්ල චීවරය වනසන්න එපා අප්පිරියයි"
"Meril Fernndo","https://www.facebook.com/meril.fernndo","Tho siwra galawala thiyala wara namalva rahath karanna  gonharako"
"ගුණරත්න ජයවර්ධන","https://www.facebook.com/hnf132ixoj","ති නේමෙ හුයන්නද"
"Lalith Crishan Vaas","https://www.facebook.com/wvaas","තිත්තගල්ලේ උබ පුළුවන් නම් මාරවිල ට ඇවිත් එක අත්සනක් අරන් පෙන්නපන්"
"Mohamed Shafeek Mohamed Raseen","https://www.facebook.com/mohamedshafeek.mohamedraseen","Kala Kala de pala pala de 🙏"
"Patricia Fernando","https://www.facebook.com/patricia.fernando.754","හිරෙ  ඉදන් අරහත් බලෙන් ගෑනු හොයාන යන්නද දන්නෙත්නෘ."
"Nishantha Kumara","https://www.facebook.com/nishanthakumara.kumara.148","Pichan thithagalle"
"Lalith Chandra","https://www.facebook.com/people/Lalith-Chandra/61585360010782","කොහොමත් නාමල් රහත් වෙයි.මොකද උගේ අම්මා දැන් රහත් වෙලානේ"
"Sunil Nandasiri","https://www.facebook.com/sunil.nandasiri.66448","Thetha gallaadarmeka kids tharanawa."
"Aruna Chaminda","https://www.facebook.com/people/Aruna-Chaminda/pfbid02RXYdJZCNF2cLp1KQWqPhDc7V2cE9dFt3YQPJqJRufUgSfzg2ijYHG1LYxiEVXug3l","Oya..ganaya.amaga..huttan..nowa..guut..samaga.pukan.watila."
"Karuna Nanayakkara","https://www.facebook.com/mg.karunawathi.5","Me chiwaradariya wyayama karanawa  .eyata ona thamange sariraya prustimath karagena  pathala weshayen innatai thawa Tika dawasakin aaranchiwei viwahayakuth thiyena bawa ."
"Susantha Jayalath","https://www.facebook.com/susantha.jayalath.98284","මේ චීවරධාරියා මාසයක් කුලී වැඩ කරලා හොයාගෙන කන්ඩ කිව්වානම් ජීවිතය කියන්නේ මොකක්ද කියලා දශමයක් හරි තේරෙයි... පිනට කාලා ඉන්න කල්  ඔය ටිකම තමයි මහත්තයෝ.. කියන්නේ වචනයක් එලියට එන්නේ නෑ"
"Padma Irani","https://www.facebook.com/people/Padma-Irani/pfbid0QbhucdNY9asGDb2MD3USPNCEbzbz53eBDSMAET6ryCXkccoF4khpPRVNzbh5rssel","මම හිතනවා අපේ ස්වාමින් වහන්සේට  මොකක්හරි මානසික අවුලක් වෙලාවගේ කියලා"
"Anura Ashoka","https://www.facebook.com/people/Anura-Ashoka/pfbid0DLdUSg4GVqm8P1abS1CE5tAc977nwpt814sqVbULDqnvPnQuSFKyJFU2FfHkMAmJl","මේවගේ ගනයෝ තමයි රට සහ ආගම කන්නේ කාලකන්නි"
"Pushpa Pemarathna","https://www.facebook.com/pushpa.pemarathna","කෙනෙක් අරහත් ඵලයට පත්වන්නේ නම් අනේ සාදු හිරේ ම තියන්න."
"Nandana Lal","https://www.facebook.com/people/Nandana-Lal/pfbid02JM21rLzqbnfcoPqBKkbskj3P7uU2fjpoweBRRQMWynsC8pgtMzxEgnrjwXhxestQl","උබ.පොරක්ද"
"Asees Marikkar","https://www.facebook.com/asees.marikkar.3","Anenayawebereganne.topiwagehette"
"Somasiri Singaneththi","https://www.facebook.com/somasiri.singaneththi.2025","මූ අල්ලල හිරේ දාමු."
"Abdul Raheem","https://www.facebook.com/ARAC1206","සැප නැති වුණාම, වෙන දේවල් 😂"
"Tharindu Sampath","https://www.facebook.com/tharindu.sampath.615491","Pala gana uththika putha yanna😂"
"Sameera Sampath","https://www.facebook.com/sameera.sampath.1485","Horakala puluwanda."
"Kavindya Jak","https://www.facebook.com/kavindya.jak","අම්මපා .සහතික ඇත්ත..හොරැ..පවුලේ ගුකන .කහාකඩයා"
"Pubudu Lakshaan","https://www.facebook.com/pubudu.lakshaan.7",".2029.අලුත් ව්දිය.හොරැ.බුදු වොනව.🙏"
"Do Do","https://www.facebook.com/do.do.252016","සිවුරේ ඉඳ ගෙන.. කඩේ යනවා නිවන් අවබෝධ වේවා.... තුන් නිකායට බැනලා, රාජපක්ෂ නිකායට බැඳිලා 😩😩😩😩"
"Priyantha Rathnasiri","https://www.facebook.com/people/Priyantha-Rathnasiri/61576633352126","මේකගෙ මූණෙන්ම හොරෙක් බව පේනවා."
"Shantha Kaviraja","https://www.facebook.com/shantha.kaviraja","මුං ජනාදිපති  සමා ඉල්ලන්නෙ ජනාදිපතිට බැනලා"
"Sanu Sanu","https://www.facebook.com/sanu.sanu.543945","😆😄 ane ammo mun dena athal 😆 නාමල් රහත් වෙනවලු"
"Mallika Perera","https://www.facebook.com/mallika.perera.145249","මෙ වගෙ හොර තක්කඩියෙක් නිසා තමයි නානසාර  බෙර ගන්න දගලන්නෙ"
"Siril Dayananda","https://www.facebook.com/siril.dayananda.2025","තිත්තය..ඔය..සල්ලි.වලට.කඩේ.🐕"
"Priyantha Ananda","https://www.facebook.com/priyantha.ananda.58","Mu bawana karanawa nawai Bawa Nawanawa"
"Indunil Kumara","https://www.facebook.com/people/Indunil-Kumara/pfbid0eKX9YhmM1t3FtGHkzdPVJ8ndhDMmkUJwMMpJghRz1zq5YTktgzrqLigL9JcVANiAl","me hamuduruwaru ai namal matthema nahenna hadanne.."
"Rizvi Saly","https://www.facebook.com/people/Rizvi-Saly/pfbid02PhHTqMqewLuBqAbJe9YNUzDUj6xExz8JfXVA7UFof1FALQokihs3sDk9vCxSBNiTl","I like to sri lankan government test. Arrowing this fellow or drugs test reports"
"දිනිති රාජපක්ෂ","https://www.facebook.com/people/%E0%B6%AF%E0%B7%92%E0%B6%B1%E0%B7%92%E0%B6%AD%E0%B7%92-%E0%B6%BB%E0%B7%8F%E0%B6%A2%E0%B6%B4%E0%B6%9A%E0%B7%8A%E0%B7%82/100028045725078","හොර චීවරධාරියා..🤮🤮🤮"
"Chandi Perera","https://www.facebook.com/chandi.perera.3939","තිත්තම තිත්තයි තිත්තගල්ලේ ච්වර සාටකය…ච්වරය ගලවල විසිකරන්න..🙏🙏🙏"
"Ems Ems","https://www.facebook.com/ems.ems.567930","හු..ත ගල්ලේ .. කාලකන්නියා සක්කිලියෙක්.. ගෝනියක් පෙරවගන් ..."
"Prabath Seneviratne","https://www.facebook.com/profile.php?id=1069760604","Thithagalkgalks pakaya nidhan harala  Mattatu.wels apa pita kalakannie apatheyek"
"Anura Patabadige","https://www.facebook.com/anura.patabadige.7","මම හැමදාම කියනවා වගේ ඔකත් හුත්ත ගල්ලේ"
"මහින්ද රත්නකුමාර","https://www.facebook.com/people/%E0%B6%B8%E0%B7%84%E0%B7%92%E0%B6%B1%E0%B7%8A%E0%B6%AF-%E0%B6%BB%E0%B6%AD%E0%B7%8A%E0%B6%B1%E0%B6%9A%E0%B7%94%E0%B6%B8%E0%B7%8F%E0%B6%BB/pfbid0NQawTxVyNEV3CK3wvYRTnyB7y21aWvJrAdLMCwEFgLh1xJELpcLaJUMdwUAaU8tyl","අනෙ පව්😂😂😂😂😂😂😂"
"Amila Anjelo Dharmaratne","","Good job 👏"
"Jayasundara Walpola","https://www.facebook.com/samanthe.kumara.79","දෙන්න එකතුවෙල තව ගොරකන් කරපල්ල ඉක්මන්ට රහත් වෙන්න පුලුවම්"
"Nisthar Mohideen","https://www.facebook.com/profile.php?id=100026774269574","නිදන් දෙකක් හාරලා දෙපාරක් පොලිසියෙන් කුදලා ගෙන ගිහින් චෝදනා 14කට දෙපාරක් හිරේ ගිය පොරක් කියලයි ආරංචිය."
"Herath Herath","https://www.facebook.com/people/Herath-Herath/pfbid02jwqcTpNfiLhg52qvAnvbfffeAVVaYkd8LSyUAJaq8W8tZgMHVnYgXAtHjFz1g714l","පර සක්කිලි ච්වරධාරියා ගේ බුද්ධ ච්වරධාරියාගේ සිවුර ගලවලා දමලා ගහලා එලවන්නම ඕනැ පරයා"
"Namal Silva","https://www.facebook.com/namal.silva.560","Boru kiyanda apa"
"Sampath Ruwan","https://www.facebook.com/sampath.ruwan.9237","Noddakin  kala kanniya"
"Thilak Adhikari","https://www.facebook.com/adikari.thilakpathmakumara","Kahakadaya pin batha"
"Chami Gala","https://www.facebook.com/chami.gala.9","මේ හාමුදුරුවන්ට තිත්තනගල්ලේ හාමුදුරුවන්ට බැරිද රහත් වෙන්න නාමල් රහත් වෙන වෙලාවේ නාමල් රාත් කරන්න මහන්සි නො වී ඉස්සරලා තමන් රහත් වුණා නම් හොඳයි නේද   අමු ගෝතයෙක් පක්කලි සේ විස් එකක් කරන එකෙක් කොදු නාරටි යක් නැති එකෙක්  මේ වගේ උන්ම තමා හිටපු ගමන් රට ගිහිල්ලා මත්ද්‍රව්‍ය අරගෙන එන්නෙත්"
"Liyanage Piyanth","https://www.facebook.com/liyanage.piyanth","සිවුර දමාගෙන බල්ලෝ වගෙ හැසිරෙන්නෙ බලපිය වෙන ආගමික නායකයො ගමන් කරන හැටි හැසිෛන හැටි මුන්ගෙ සිවුරට ගරැ කරන්න එපා සිවුර ගලවල මුන්ට  දැඩි දඩුවම් දෙන්න ආගම විනාස කරනවට"
"Shantha Pinto","https://www.facebook.com/people/Shantha-Pinto/pfbid0MztPxk5n55VvrZffFcnP9nDcickoUArcJ1m6mmxGwckYovhL8LYxFPrhEZx1e6Kpl","Mugea namath thiththai muth thiththai  incam neathi hindai keagahannea"
"Anura Sampath","https://www.facebook.com/people/Anura-Sampath/pfbid02ups63DU8sGg58dw8qraJk37efS57SmfJEdhqLXXqpN7BcUSDqJbFvXDBBfkUZS2Al","Mugy ammata hukapu ganayek"
"Shelton Shelton Shelton","https://www.facebook.com/shelton.shelton.shelton.2025","Ganaya darmika wenna ona neda"
"Jayantha Rathnayake","https://www.facebook.com/people/Jayantha-Rathnayake/pfbid0jZTBtjC8fov2CnMVhF5FJsvuEagsH74d3QUThWR81sKR9yi1AjNPXqVnhinJfSyLl","මෙ  සිව්‍රරක්  ඇදගෙන ඉන්න අයගෙන් පුදුම  කරදරයක්  තියෙන්නේ .එකෙන් වෙන්නෙ අපෙ හාමුදුරුවන්ටත් අගෞරවයක් ."
"Nimal Senarathna","https://www.facebook.com/nimal.senarathna.378","සහතික ඇත්ත"
"Sanath Kumara","https://www.facebook.com/people/Sanath-Kumara/pfbid036qJjv1ec7fPuB1x1BSxYkv3RG8wNEfueRijiZinQ77pMkeUnoXHBkY3af8tfAzrql","නාමල් හින්දා රහත් වෙචි නංගිලා හරහට වඩාගෙන නලවනව කියන්නෙ"
"Rajeewa Aluthwatta","https://www.facebook.com/rajeewa.aluthwatta.2025","Muge oluwata gahamu Honda parala enayak paraya"
"Upali Namadawewa","https://www.facebook.com/upali.namadawewa.2025","ගත්ත හුල්ලෙ,"
"Ialith Nihal","https://www.facebook.com/people/Ialith-Nihal/pfbid0w9kSSMLjiJogXRVZrPUtPyuWE2X2VchBGqQYf9kKVe5BURBQnJFGMoEH1fV7fgXvl","නම වගේම වැඩයි කතාවයි දෙකම තිත්තයි"
"ලක්ෂිත බණ්ඩාර","https://www.facebook.com/profile.php?id=100015551763229","ඥානසාර කියන්නේ මූද දන්නෑ සිවුරු දාපු මහෝපාධ්‍ය 🤮🤮🤮🤮මුන්ට අර උතුරෙ පුරාවිද්‍යා විනාශෙට වචනයක් කියන්න බෑ ඕවා තමා..කාලකණ්ණි"
"Ud Darmadasa","https://www.facebook.com/ud.darmadasa","තොපිනං කියන්නෙ ඇත්තම ඇත්ත රටෙි  අපි දන්නව ඇත්ත කියන්නෙ කවුද බොරැ කියන්නෙ කවුද කියල රටෙි අපි හොදටම දන්නවා"
"Rathnakumara Ariyasena","https://www.facebook.com/people/Rathnakumara-Ariyasena/pfbid02V2TX7srXK8xPsnSNuouvvr9oV5TB6WoRFDEc8puG79RbpF8Zvxi9LPs4zbCW7cnal","Me hamuduruwo manasika  pissek bududhama winasa karanawa......munt danewath denna hodana....."
"Gnana Dasanayake","https://www.facebook.com/people/Gnana-Dasanayake/pfbid0tcKHekSzQxpzYicDVWZp7EYGSGdSSSX82YcTVihkthaB3nxNZNLoN2MKo6TWLFG7l","මෙම හාමුදුරුවරු වසවර්ති මාරයාගෙ අය"
"Nihab Mi","https://www.facebook.com/people/Nihab-Mi/61557112530541","එහෙනම් ගෙටය හිරවෙයි"
"Kalahegamage Chandra","https://www.facebook.com/chandra.kalahegamage","මෙයා කියන බොරුව  නාමල්ට රහත් වෙන්න පුළුවන්ලු   ඌ අමූම අමූම හොරෙකුට රහත් වෙන්න පුලුළුන් කියන්නෙ පව් කාරයා."
"Ajith Ranasighe","https://www.facebook.com/ajith.ranasighe.2025","ballanta jathakawechcha huththo"
"Aj Fernando","https://www.facebook.com/people/Aj-Fernando/pfbid0KX4JF4jhFA9AoaWnEcQoRyp9PYWjeQbK5tNFC3Ug5PwcRyLWeKrBSLn83ox1t3Frl","Thiththa pissu kelinawa ayyyyoo😂😂😂😂"
"Ashik Farook Farook","https://www.facebook.com/ashikfarook.farook","Demmanama galapemne eakama kooduwatai"
"Indika Senarathna","https://www.facebook.com/people/Indika-Senarathna/pfbid07qxKRHjuWpthy1Fb24yq4ybNnoVSRb3xy3teHhUFdmhPpfjBRtKK5qibZxggxfP3l","Oka. Apathayek"
"Akila Rajapaksha","https://www.facebook.com/people/Akila-Rajapaksha/pfbid02cMiqm4nvPKs9Z9K26TbdKmSL3BnzQpqkTkx3cApDocYwc1WwPBaQYJEWhWMm9FQNl","Aehenam apita dudu wenna puluwan"
"Jayasekara Heenwella","https://www.facebook.com/people/Jayasekara-Heenwella/pfbid02aBoXPPamyMgq6pAmAcRAg99L61UH3tKd4WrVheNrWQWRdKUDEwV5dQdjHj9G333Nl","Titta galle kamet aka diga Pahalata yanna. Dekkaneda. Ballage wede buruwa kalahama, Tamange wedak balagena Paduwe einna Aliyata sudu hunu gewata aka Wessai wahinna ona. Okat tama ara mokaddo Akakata gihin warige nahagannawa Kiyanne."
"Bandara Rathnayeka","https://www.facebook.com/people/Bandara-Rathnayeka/pfbid02UrjoV5KgXXeeQdQssaNV72hZVfcaput12adNxM3DzhM6Ljss7UV1aRcisuYR8Gajl","Apa siyat baduvak ghala matu atula apit ansan lasa phak akatu karanava"
"Susantha Susantha","https://www.facebook.com/susantha.susantha.121437","Me ganaya gona okage thatte palannaona"
"Baralihela Kothukade Abesekara","https://www.facebook.com/people/Baralihela-Kothukade-Abesekara/61592037983180","Oka ...athatama biksuwakda"
"Mahinda Siriwardana","https://www.facebook.com/people/Mahinda-Siriwardana/pfbid02SzWd8EP2Wd81Kfj8PceYFoSUobgvK8aVhBBmTbgA5BgdfcP22EVkjFN6Be1d5Xmql","Oya parayata thittagalle kiyana namama penawa neda janathwata oka thitta vitarak neweiy gugodak nette idala goma"
"Nayana Indy Hewage","","Gon atha l"
"Bhikku Kathiyana","https://www.facebook.com/kathiyana","අභූතවාදී නිරයං උපේති – යෝ චාපි කත්වා න කරෝමි'ති චාහ, උභෝපි තේ පෙච්ච සමා භවන්ති – නිහීන කම්මා මනුජා පරත්ථ"" යනු බුදුරජාණන් වහන්සේ විසින් ධම්මපදයේ නිරය වර්ගයේ වදාළ ගැඹුරු අර්ථය ඇති ගාථාවකි. ගාථාවේ තේරුම • අභූතවාදී නිරයං උපේති: බොරු කියන, අනුන්ට නැති නැති බොරු චෝදනා නගන පුද්ගලයා නිරයට යයි. • යෝ චාපි කත්වා න කරෝමි'ති චාහ: යම්කිසි පවක් කොට ""මම එය නොකළෙමි"" යි බොරු කියන පුද්ගලයා ද, • උභෝපි තේ පෙච්ච සමා භවන්ති – නිහීන කම්මා මනුජා පරත්ථ: පහත් ක්‍රියා ඇති ඒ මිනිසුන් දෙදෙනාම මියගිය පසු පරලොව දී (නිරය දුක් විඳීම අතින්) සමාන වෙති. මුලාශ්‍රය • මෙය ඛුද්දක නිකායට අයත් ධම්මපදයේ - නිරය වර්ගයේ සඳහන් වන ප්‍රධාන ගාථාවකි. (සමහර සූත්‍ර මූලාශ්‍රවල ""ආපායික සූත්‍රය"")"
"KL Shantha","https://www.facebook.com/kl.shantha.2025","මුං කට ඇරියොත් ගදයි..කවිරැවර්‍ත් ගනන්. ගන්නෙ නෑ . මුං නාන සාරගෙ ගාණටම වැටිල"
"Dilshan Madushanka","https://www.facebook.com/Dilshan428maduuu","තිත්ත ගල්ලේ කියන්නේ පිස්සෙක්"
"Nilani Nilani","https://www.facebook.com/people/Nilani-Nilani/pfbid0j1ZagKAqkJyoSMzmQPAQZGhMvxBQejpxupjHL8so6igKfmTexv6gz5TH4tBp678Ul","අනිවාර්යයෙන්ම"
"Kumara Kumara","https://www.facebook.com/people/Kumara-Kumara/pfbid02PhW8bmMCo5ywb9J3PRcHG82KFNipnMrLwhMgY1ysq5h9Fy2w4CzbN3NMbDuz84eel","අනේ පුණ්‍යා උඹේ තමාට හැම දෙන්නෙ නැතුව හිටපන්"
"Samanta Samanta","https://www.facebook.com/samanta.samanta.713546","Mona siuru horekda bn mee.. hauduruwane kelasanna epa sasane ,, thopiwage haththak thama dan lankawe baudda ssane  arak gena inne.  Kamba horu thopi.  Thwa innawa  kudu karayo tikk mihinthale ,, අනුරාධපුර udamaluwe  ,, sasane winasa karana  kupadi  haththa ."
"Sriya Thrimawithana","https://www.facebook.com/sriya.thrimawithana","Sangaya me widiyata karanakota rate buddhagamata wenne mokakda"
"Waruna Illangasingha","https://www.facebook.com/people/Waruna-Illangasingha/pfbid0KXpcVFP1uWgUfKc9MuTmxQEdrnm7gaXnEBxbHEME4rQYrWVLhHi5GB3FwMk8Gzanl","Muuge etadekathalanna oone cheeveraya galawala ."
"Priyantha Dissanayake","https://www.facebook.com/priyantha.dissanayake.18659","මූන දැක්කහම පේනවා අමු හොරෙක් කියලා. මේ පිස්සො ශාශනෙන් නෙරපලා දැමිය යුතුයි."
"Shirley Kudahetti","https://www.facebook.com/profile.php?id=1231744897","සිවුරුක් දාගෙන රාජපක්ෂලාගේ 💩 කන මුදලට විකිණෙන චීවරධාරීයෙක්,මූ කියන ඒවාට සැලෙන්නේ අවශ්‍ය නැහැ"
"Ravi Kumarasingha","https://www.facebook.com/ravi.kumarasingha","තිත්ත ගාල්ලේ කියන්නේම රාජපක්ෂලාගේ රූකඩයක් මේ කහකඩයා අමු පිස්සෙක්"
"Sarath Karunarathna","https://www.facebook.com/sarath.karunarathna.31392","පචකෙලින්නෙ චිවරදාරින් ..හැමෝමනෙමෙි"
"Sugath Dissanayaka","https://www.facebook.com/sugath.dissanayaka.2025","තිත්ගල්ගේ මල්ලි...!"
"Theemi Madugala","https://www.facebook.com/people/Theemi-Madugala/pfbid02jiBqcV2qfeJuLo5ofTqHrkG9M8RtwNEZgtJLJmzmpxMKoPV91m9TVgg1qczNXsFQl","දැන්නම්  තිත්තගල්ල උඹ ඇත්තටම තිත්තයි... පිස්සු හු.,... ක්.😂:😂😂😂😂"
"Dematagolla Gedhara","https://www.facebook.com/dematagolla.gedhara","Pissata dhodawanta modayanta welapenta thahanam netha"
"Athula De Silva","https://www.facebook.com/athula.desilva.756","රජා නියම රජා තිත්ත ගල්ල කියන්නේම තිත්ත බොරු.😎"
"Nash David","https://www.facebook.com/people/Nash-David/pfbid02kAciFXgJLLrrXbCw8YjtUmD9he29GzDvpt6uaZCMR2vvBXLiDV8ndT5fozZdTkQNl","Nuts gahala elawanna one"
"Sampath Kumara","https://www.facebook.com/sampath.kumara.968532","මේ හාමුදුරුවෝ  කෙනෙක්ද්?"
"Ranjan Samantha","https://www.facebook.com/people/Ranjan-Samantha/pfbid0y7YfKXmu5DmuesistrC9oBP25MtTkRt7E9jnc2vkuakFkiwbxURDGGKdxiYii59yl","තිත්තගල්ලෙටත් කල්දේරම් දානේ වලදන්න යන්න ලැබේවා🙏🙏🙏🙏"
"Stella Fernando","https://www.facebook.com/stella.fernando.568","මූන් හාමුදුරුවරු නෙමෙයි මැරයො"
"Veera Singe","https://www.facebook.com/people/Veera-Singe/pfbid02WX4XgbMoWURWo8ecRTz7Z9dLAbhunR4QXBHbSLnUdCDUQVgYED33PdJTAHCzf791l","තිත්ත ගල්ලයා නිදන් හාරපු කමිබා හොරෙක් බව රටම දන්නවා"
"Nishantha Kumarasiri","https://www.facebook.com/people/Nishantha-Kumarasiri/pfbid03XkirDHLTbZ3ZFqFsEzPn3TVzmTvJirK9ocQQmNgMqXhN2qRoEZeBh68KXrPQNN3l","Kari ballo tope waradi had a gaming wesa balla hamanenne natuwa Pako Sasane kana wesa balla adahana agamata hukana wesa balla"
"Amarasiri Wanasinghe","https://www.facebook.com/amarasiri.wanasinghe","තෝ හමුදාවේ ඉදලා ඇප්සන් එකෙක් බව පේස් බුක් එකේ යනවා ඒක ඇත්තද"
"Pradeep Kumara","https://www.facebook.com/sagara.kumara.9","නාමල් රහතන්  ,කරලා  ලිමිනි තිත්තය ට ගන්න කියමු"
"Sumith Sanjeewa","https://www.facebook.com/people/Sumith-Sanjeewa/pfbid025xCQEPLF5ERwW7NqnyaYmm4mR7FjuBSGRbwPg8HfBWX4Cpp4oakvbhW5kBJgb2Bwl","කියන්ඩ දේවල් ගොඩක් තියෙනව මේකෙ ඔවුව කෙටුවට  වැඩක් නැහැ ඇගනලියනව ඔයචීවරධාරියා ලග හිටියනං කියන්නෑ කරලපෙන්නනව පවුකාර කාලකන්නි"
"Anusha Kulasuriya","https://www.facebook.com/people/Anusha-Kulasuriya/pfbid0KV6FvBWehKLnwNVd2ReVM13nV2DfTYNcY2jA62PeEH2d321Sapk8BHv2VECLW4Efl","Ane yako topi madamulane Gu kana ballo Dane Kala pansalata wela hitu aparada karapu hora kapu sakkili namalayata kade yanna apa ban"
"Hm Sarath Kumarasingha","https://www.facebook.com/hmsarath.kumarasingha.7","නායක හාමුදුරැවරැ සංග සබාවෙ නිති ගෙනත් මෙ වගෙ අයගෙ චිවරය ගලවන්න ඔනෙ"
"Amarapala Ratnyaka","https://www.facebook.com/amarapala.ratnyaka","මේ  තිත්තයාව මාඨය  සාකච්චා  වලට   ගන්න  එපා. මාඨ්‍ය  කරුවන්ටත්  වෙන   අය  නැද්ද."
"Sampath Kumara","https://www.facebook.com/people/Sampath-Kumara/pfbid02ishTeVvuULg49XLW5mRaW1dxtegy3GTr3cvbXamhe97VCaJS6fXLMJ3j4TKQsN1Ul","Okaga puka arinna ona machan"
"Duminda Dinesh","https://www.facebook.com/people/Duminda-Dinesh/pfbid028vCk9b3HFo78rso5PXwRuRo3ZzumdfsevosrjLXzyw5LZ9CprGUiAhFuL9LjSgasl","Ape rate karumeta mahana wecha gon ponnya"
"Sunil Rathnayaka","https://www.facebook.com/people/Sunil-Rathnayaka/pfbid0veGD5dZb3xksCrA6i9PVLojU7Y2Mmf6ciJ5r5hj3R6Ep2S3ccLNpXusCdhN7LH1wl","Hora  hata"
"Jayaweera Wijesinghe","https://www.facebook.com/people/Jayaweera-Wijesinghe/pfbid0QeyxXwesqcovLY8zGbEhYZ7NLb4UeMqmZ4uR8vkAKfv5SGBVkLhrCSGPvvLeGt58l","Horu  Tika  okkoma  rahath  wenawa  langadeema mahaulugedarata"
"Asiri Jayathissa","https://www.facebook.com/asiri.jayathissa.2025","Tetthagalle Uba mahana weyan"
"Ilangakoon Wijedasa","https://www.facebook.com/ilangakoon.wijedasa","Thiththagallayage thiyenawa puxxke amaruwak"
"Roshan Bandara","https://www.facebook.com/roshan.bandara.162571","මුන් පිස්සො.."
"Supun Sameera","https://www.facebook.com/supun.sameera.161","අවලමේ ගිහිල්ලා වදපු කාලකන්නී සක්කිලි අවලමේ යන මූසල පොන්න සක්කිලි බල්ලෙක් සාප වේවා....."
"Shiroma Gajasingha","https://www.facebook.com/shiroma.gajasingha.2025","තිත්තගල්ලට ලගදිම  නිල්පාට  බස් එකේ යන්න පුලුවන්  වගේ ට්කට නැතුව.🤣🤣🤣🤣🤣"
"Upul Shantha","","ඊට කලින් තිත්තගල්ලේ කලු යකා ධාර්මික වෙන්න ඕන."
"Don Wick","https://www.facebook.com/ddwbiz","තිත්ත ගල්ලේ මෙච්චර දගලන්න හේතුවක් තිබිය යුතුයි.. CID එක සෙවිය යුතුයි"
"Nalaka Saman","https://www.facebook.com/nalaka.saman.37201","Ane pako"
"Max Suranga","https://www.facebook.com/max.suranga.587","V 8 එකක් නාමල් දෙනවාකිවුවා නෙද 😁😁"
"Db Items","https://www.facebook.com/db.items","Thitha gallery hotel hamudawen penala horaksnkarapu ekek Nadu godak thiyenawa den ewath aussalaganna mooth yawamu"
"Lasantha Adikari","https://www.facebook.com/people/Lasantha-Adikari/pfbid02x1L5KuT9vHkBPJWtiyan1FSYZzqeVBfJvZEsGGAaPF3Txddsp6m5ngJebDD3P9T7l","නාමල්ට කියලා පුක ඇරගන්න ඔය දඟලන්නේ"
"Sunil Pushpakumara","https://www.facebook.com/people/Sunil-Pushpakumara/pfbid02pRkyYAeHEQ77wExtj5wFJyWk1yowRVnNsmWY4fk6Lar7NtpXfdQDvLrpbj2GgGRXl","Togi ammata ha"
"Anura Dunawardana","https://www.facebook.com/people/Anura-Dunawardana/pfbid02uj5NkUU5fcpKMcn5wYmDSFC5WFf2EASmKmpLN5nMLY4bW8PKmbJ4tYPNFydm38SHl","හාමුදුරුවනේ  ඔය  නාමලයා   බඩු ගැහුවෙි නැද්ද...ඔකට  රැකියාවක් නැතුව ඔක ලග  ඔය තරමි ධනය  කොහෙන්ද"
"Nihal Liyanaarachchi","https://www.facebook.com/nihal.liyanaarachchi.2025","Okunge siura galawala guu gahanda one ."
"Aravinda Leema","https://www.facebook.com/people/Aravinda-Leema/pfbid0J3YdWNnALBXPLaxTEqf6ANfgemxsybvv3ni2Tcu5JF6dv79YYJXSRspeSiqw16dbl","Oya kari wesika puthala okkoma assta arinna ona"
"Menik Kadawala","https://www.facebook.com/people/Menik-Kadawala/pfbid02AKtiVBahg3SHHd1713g5Tg8a8We5EDWmm3fD79jKPimnBTTcQea7ADn4unUR6p4ul","Thithta.keriyta.puke.areinta.ona.atakota.oya.puke.amaruwa.hoda.wenwa"
"Pathmasiri De Silva","https://www.facebook.com/pathmasiri.desilva.75",",Ane. Machan Okta  Pissu"
"Buddhika Meththananda","https://www.facebook.com/buddhika.meththananda.2025","මෙයාව ඉක්මනින් මහණ කරන්න"
"Ranga Lakmal Appuhamee","https://www.facebook.com/people/Ranga-Lakmal-Appuhamee/pfbid02SLPy6GLafvGsucgo1AguZcWym3xnNpYJb7Jyfn9zEks2KLWpQCrpqz7aCfaybY18l","Wesigee thattaya"
"Mallika Solangarachchi","https://www.facebook.com/mallika.solangarachchi","😂😂namandeltata. Rahathunoth lesciyen bankuwalin horakan karanna Puluwan nopenigihin ."
"Wmm Weerakoon","https://www.facebook.com/people/Wmm-Weerakoon/pfbid06DVFHytrUUQ8GUm4FaFYhpT6FBSwuKB5ERy17M875GjZdbUuSCwj5gtXh8BWjGjul","Orkage siura galawamuda 💀💀💀🏳🏳🏳"
"Kirthi Basnayaka","https://www.facebook.com/people/Kirthi-Basnayaka/pfbid02cEJ7jHUFFgXmqSufECxvNCu3zWbDKFmvQCwoAnaMcZpbMRm2SgZzabhjhHLBifF1l","Keri ponnya"
"Samarakoon Gamini","https://www.facebook.com/cam.cam.167884","ඔකුන් තමයි දේවදත්ත නිකායේ උන්"
"Sasi Sasi Sasi Sasi","https://www.facebook.com/saidsasi.saidsasi.9","Muga muna balana ko kisema seriva na😭"
"Sanjaya Nammuni Wijesiriwardana","https://www.facebook.com/sanjayanammuni.wijesiriwardana","Mewage inna Mewage hora ganayo pattakata kale nathnam rate minissu bududahama epa wena eka nawatwanna baha"
"T A Wimal Thenuwara","https://www.facebook.com/people/T-A-Wimal-Thenuwara/pfbid02KFf6N2nD5GZznyfoUD7d6DsgJkfPA7UndHBDqgFV5uEWGYNK14oeDY2BdQaRJDcRl","Okata.   Pissu"
"Ranjith Dharmakeerthi","https://www.facebook.com/dharmakeerthiranjith","ඉත්තයත් එකයි තිත්තයත් එකයි"
"Presanna Senevirathna","https://www.facebook.com/people/Presanna-Senevirathna/pfbid0hLoVWkUXD484NSbWTDmqzxQFSzRGY3ynfCwEaWkG9gWbX23vTKP4rzX5chxWLy4pl","Siyanda  kiyanna  ganayo"
"Darmasiri Gamage","https://www.facebook.com/people/Darmasiri-Gamage/pfbid0d4gDnHiZxHKYXPLW26UD8WaKG39fPeQrZNryEeJovk7GUyATCWuDVYTGZdykQp7ql","තිත්ත.ගල්ලෙ...😂😂"
"Aruna Bandara","https://www.facebook.com/people/Aruna-Bandara/100091459789982","Oya kahakadaya namolayage gu kana ekek"
"PathmaLal Silva","https://www.facebook.com/pathmalal.silva.9","නාමල්,රාජපක්ෂ ,අර,ගුවන් ,සේවිකාවක්  අරලිය  ගහ මන්දිරේ තියාගෙන  බාව නෑවෙව්වා ඔබ හරි"
"Gamini Wijeveera","https://www.facebook.com/gamini.wijeveera","Towards.tettayi.hutto"
"Nuwan Hetti","","සංඝයා කියන්නේ වෘත්තිය සමිතියක් නොව තැබිලිපාට රෙද්දක් සහ බුද්ධ චීවරේ වෙනස මිනිස්සු තේරුම් ගන්න වැඩි කාලයක් නෑ. එදාට ඔය රෙදිවල පාට අදාල නෑ... ඔයාලට වන්දි ගෙවන්න වෙනවා. වැරැදි කලානම් යුනිෆෝම් අදාල නෑ. අටමස්ථානයේ ද, තිත්තගල්ලෙ ද, සංඝ නායකද අදාල නෑ. ඕව එකක්වත් බුදුන් දුන් තනතුරු නොවේ. ඔයාල හදාගත්‍ත දේවල්."
"Dhammananda Himi","https://www.facebook.com/people/Dhammananda-Himi/pfbid0jbxrG9urBY7CqVe7tcTZ8MuCiFMt3NtFEkYEU78QUBRSM2Ke2eZVcombL7xWpLr9l","ඔය තිත්ත ගල්ලෙත් ඤාණසාර වගේ"
"Sepalika Mal","https://www.facebook.com/sepalika.mal.16","Ubane boru kiyanne gothaya"
"Rathnayake Sunil","https://www.facebook.com/rathnayake.sunil.2025","nanusarata.kade.yanawanam.uba.gena.monawada.ban.thiththe.gollo"
"Jaye Jaye","https://www.facebook.com/jaye.jaye.564655","හමුලාගේ දන්කොඩ කන ගොං පකයා ඔවා හොදයි බයියෝ චුන් කරන්න 🤮🤮"
"Sunil Jayasingha","https://www.facebook.com/sunil.jayasingha.967","මල්ලි මේ බල්ලටComments දාපු අපි ආණ්ඩුවේ සමාජමාධ්ය නෙමෙයි. ඒක වැරදියි. අපි ස්වේච්ඡාවෙන් මේව කරන්නෙ. හරිනම් මේ පට්ටපල් ජනතා ද්‍රෝහියෝ  සිවුර ගලවලා පන්නන්න ඕන.නැත්නම් නිර්මල බුද්ධ ශාසනය අනතුරේ."
"AP Perera SD AD","https://www.facebook.com/people/AP-Perera-SD-AD/pfbid0z7s6JXASyst4kb3rjrw8mM7rLppYohuBEbKrb6qe3yK5oGfzDMojEXFnbQUteVnQl","නිවන් දකින්න කලින් කරපු පව් විපාක  විදින්නවෙනවා බුදුදහම කියන්නේ පව්සමාකරන ධර්මයක් නෙමේ.....තිත්ත ඇත්ත කතාව තමයි.....තිත්තගල්ලේ හොරනඩේගන්  ලාභ ප්‍රයෝජන අරගෙන දැන් වමාරගන්න බැරුව ඉන්නවා...ඒකයි ඔය දගලන්නේ  මෙයා කට නිසා නැසුනේ..."
"Ajith Nilanka","https://www.facebook.com/ajith.nilanka.98","ආමි ඇප්සන් නිදන් හොරෙක් හිරගෙදර බේරිමට නාමල්ගෙ පුක සේදීම මොහුට නායක හාමුදුරු නමක් සිටීද සිවුර දාගත්තු අමු හොරෙක්"
"Asoka Tissa Kumara","https://www.facebook.com/asoka.kumara2","බුදුදහම විනාශ කරන්න සිවුර පාවිච්චි කරන තිත්තයා,,,,😥😥😥😥"
"H M Senarathna Buddagama","https://www.facebook.com/hmsenarathna.buddagama","තිත්ත ගල්ලට බුදුන්ටත් නොහැකි කර්මය වලක් වන්ඩ පුලුවන්ද"
"Kumar Ranasinghe","https://www.facebook.com/kumar.ranasinghe","Siyura galawala gedara pala"
"Manisha Amunugama","https://www.facebook.com/manisha.amunugama","Thiththagalle hodai bahirawayata thiyanna.munwa dakina ekath apoiriyaii"
"Sunil Chandrasiri","https://www.facebook.com/sunil.chandrasiri.845134","බණ පොත අතේ තියා ගෙන බණ තලන චීවර ගලවා ගෙන ආවෝත් හොදයි නාමල්ට රහත් වෙන්න පුලුවන් එයාගෙන් සල්ලං උන ගැනු ටික ආශීර්වාද කරොත් හරි"
"Sunil Premasiri","https://www.facebook.com/sunil.premasiri.391","සාසනය කන චීවරධාරියෝ"
"Malkanthi Malkanthi","https://www.facebook.com/people/Malkanthi-Malkanthi/61572959055299","ඉතිං නාමල් මොකටද ඔච්චර දුක් විදින්නෙ අරහත්වයට පත් වෙලා කාටත් නොපෙනෙන්න ඔතනින් එලියට එන්න පුළුවන්නෙ ඕක රහත් කලා තමයි මහජන මුදල් හොයන්න බැරි වෙන්න"
"Rangana Wanniarachchi","https://www.facebook.com/achidu.kolla","ඕකගෙ කටට රෙන්ඩ බැරිද"
"Ramani Rupika","https://www.facebook.com/people/Ramani-Rupika/61584235322707","අරිහත්වය ලබන්න  ආධ්‍යාත්මය  දියුනු  එවුන්  බල  තණ්හාවෙන්  පොරකන්නෙ  නෑ  බොලව්"
"Tgd Bandara","https://www.facebook.com/people/Tgd-Bandara/pfbid02pxzZ28VpkEkfEtAhYNsJQ14EuB2beB7Y8j3CLFRdTRTpZ1bPvGtM91xg9muMpFgol","Npodakin.paraganaya.siwradagena.borukiyanne.walparaganaua"
"Kaushalya Hettiarachchi","https://www.facebook.com/people/Kaushalya-Hettiarachchi/pfbid02UanzAFVV9PgFHB2PYzLaNS5NFEJoVR4niQgUW3xSuwspSg1g5ziGQNdUvFDEJuEZl","Thiththagalle moda hamuduruwane adagenama nawa neda.athsan ganna gihin kelawagaththane.paduwe inna wade waradunama boru baila gahanne nathuwa.naththan katawaraddagena ganasara hamuduruwanta wechcha deyama karaganna.horu padadain rakinna gihin horek kiyala ahaganne nathuwa.ara hamuduruwoth loku katha kiyala nithiye idiriyata yanna eenakota balu wenne nathuwa.modakama ratata pradarshanaya karanne nathuwa."
"Dilip Wanninayake","https://www.facebook.com/people/Dilip-Wanninayake/pfbid0tfGHYzBoe4P6ik6ckQNYxfZsLSp8kVMG8NDnJvS1738t2f4jD52AjajLnJT9Gv4pl","මුණ.දැකපු.ගමන්.පේනවා.හොරෙක්.කියලැ"
"Mahawilage Iduwara","https://www.facebook.com/people/Mahawilage-Iduwara/pfbid0rPzbRNzhjnMZVr3uu3hvoESBfBCWz4cdXerR4JB13pC6pxRVos1N6RmLy5SotEGZl","ඇයි මේ රටේ බුද්ධශාසන ඇමති කෙනෙක් මහා නායක හිමි නමක් නැද්ද මේවැනි චීවර දාරින්ට දඩුවම් නැද්ද සාසනය විනාසම කරන්න දිල පස්සේ මාධ්‍ය සාකච්ඡාව  ආරම්භ කරන  ලැජ්ජවේන්න ඖන බලධාරින්.කියා ගන්නා අය"
"Keerthi Jayasingha","https://www.facebook.com/people/Keerthi-Jayasingha/pfbid02E4tk7tEtLx16Ga7A1dS2QMG7Dmoa95EzaCw9d1pn5Ze6sxGUmUAQxL6jeADWVyE1l","අනේ දෙවියනේ මේ වගේ එවුන්ගේ තමයි කටේ පිළිකා එන්න ඕනි"
"Rahul Ace Sale","https://www.facebook.com/people/Rahul-Ace-Sale/61564212467148","Sarhek vage ganya"
"Anil Abeyweera","https://www.facebook.com/anil.abeyweera.9","Pala Pala pako yanna"
"Lichinthaka Udayanga","https://www.facebook.com/lichinthaka.udayanga.2025","One Ammata kauda hikuwe"
"Anura Saman","https://www.facebook.com/anura.saman.741126","අනේ මෙිකා සිමිවුරදාගෙන කියනකතා මෙිකට බැරිද රහත්වෙන්න  මෙිකා හරකෙක්"
"Lowrence Gnaniah","https://www.facebook.com/lowrence.gnaniah","Thiththagalla namalge asuvi kana ekek 🤮🤮🤮"
"Sunil Munasinghe","https://www.facebook.com/people/Sunil-Munasinghe/pfbid02iUeyJyKZRXeQ5pa5SvAHQcjE1rfyyoU6esXzzFknLyosSRH8RDK2MFWh8E4C17V9l","තොට දානේ දෙන එවුන්ට යන්න අපායක් හදන්න වෙනවා බං"
"Saman Thilak","https://www.facebook.com/people/Saman-Thilak/pfbid02URjGpfVHvvHV9Se6VKat8iEegQctXAnLwj2CXMzktn98XSpFxiAaVpVceEDPdTeVl","me ganaya Gabbana hora"
"Upali Jayasinghe","https://www.facebook.com/people/Upali-Jayasinghe/pfbid0aUjPC2U1JZhJ39qSA8FJQB7G5AZ2eyT5RW2MtPucXaR3AsjQRvbJTzeHcMTpZqqpl","Toge. Piya. Rahath wai"
"A Sis Kumaragama","https://www.facebook.com/people/A-Sis-Kumaragama/pfbid025D4RTZrNCqjW91yy1skFNFkTBRQjMK81EDSBmTqjcjdrZGDWopaRKaNZquaxjoijl","යකෝතට්ට ගස් මුට්ටියෝ  තොපි මහන උනේ නිවන් දකින්න නේද  අනුන්ගෙ අට මිරිකඉරික මුදලට මුට්ටි අල්ලනෙ"
"Upali Kariyawasam","https://www.facebook.com/people/Upali-Kariyawasam/pfbid0zdnfC3xhMhnMdcUEC2wB7XE69ZkDbnnVP1Ex9B5qqwJGaXqMV4J1QUAAvwwCaCBXl","Rajangane hamiduruwo mechchara kulla kugeetha naha."
"Wma Wanni","https://www.facebook.com/ananda.wanninayake.7","Abola thithe pako thago mawa innawda ekita amaruwak nadda namalta kiyala obbawa gannmada ona ponna gangedoyo the"
"Rashmika Prabhath Ranasinghe","https://www.facebook.com/rashmikaprabhath.prabhath","තීත්තගල්ලේ ගෝරිල්ලාගෙ අවසානය එසේ නිම විය 🤣🤣🤣"
"Wasantha Saparamadu","https://www.facebook.com/wasantha.saparamadu.2025","බාව නාවගන්නවා ඇති සිවරදාරියා ලාම්පුකනවා ඇති අනේ මේවගේ පව්කාරයෝ සිව්රක් දාගේන කරන පාදඩ වැඩ මේකුන් කාගේ දරුවොද .....😭😭😭😭😭"
"Vajira Udurawana","https://www.facebook.com/AkasaKusum","නානසාරයගෙයි මුගෙයි වෙනසක් නෑ කියලයි පේන්නේ 🥴🙄🤪👎🏿😡"
"Upul Kumara","https://www.facebook.com/upul.kumara.638035","Pansal walin elawanna oni siura galawala"
"Dasman Gamini","https://www.facebook.com/people/Dasman-Gamini/pfbid0FitZ5FYwpEYfwKohrem4a1pNS2qkfak12WehUb2ZcVyPwohFDTR77bqWDGNN4hPXl","Gana thattaya   ta  kiyanna wacha ne reddevrevila enna mun den horunta kade yanne"
"Gunapala Ranaweerage","https://www.facebook.com/gunapalaranaweerage","මහා වසංගතයක්, හොරුන්ගේ තිප්පලක්, පගා ලෝකයක් වූ, මගේ මව්බිම ගැන,  අද මට, ලෝකයට හඬගා, උදම් ඇණිය හැක.  මගේ මව්බිමට අළුත් සංකෘතියක් ගොඩ නැගෙමින් තිබේ.  ඉතින් මාලිමාවට වඩා යහපත් වූ දේශපාලන ව්‍යාපාරයකට පමණක්   අප මව්බිම හෙට දවසේ භාර ගත හැකිය.  🇱🇰 About My Motherland…  Once it was a land entangled in the webs of thieves —  a world built on deceit and betrayal.  But today, I can raise my voice proudly before the world and say:  A new culture is emerging within my motherland. 🌅  And remember — only a political movement better, cleaner, and wiser than the present NPP government can truly take charge of the nation’s tomorrow. Me rata mage rata   #MyMotherland #NewSriLanka #VoiceOfChange #HopeForTomorrow"
"Dharmalal Gunawardena","https://www.facebook.com/dharmalal.gunawardena","Sisira Chandra හරියටම හරි,ජනාධිපති අනුර අධර්මිෂ්ඨ පාලකයෙක් නම් ජනාධිපති සමාව යටතේ ඥාණසාරව බේරගන්න අත්සන් ලක්ෂ 50 ක් එකතු කරන්නේ ඇයි ?  එවන් පාලකයෙකු ලඟ සමාවක් නැති බව තේරෙන්නේ නැතිද ?"
"Chamara Roshantha","https://www.facebook.com/chamara.roshantha.5","Me wagee unwa jataka karapu demawpuyantate hena gahanawa."
"Anura Nallaperuma","https://www.facebook.com/anura.nallaperuma","මේ මොන #ත්තෙගල්ල ද බේසිකයා"
"Lowrance Godwin","https://www.facebook.com/people/Lowrance-Godwin/pfbid0BFjZ7ZCrdeswnw36JRb1TfBkFGh5JrfgHrhE4nfVat5qABjtt3iCWS9up8cGvEnbl","Uba mokada karanne adarmistayo passen yanawa unge puka hodanna"
"Indika Samanpiya Samanpiya","https://www.facebook.com/people/Indika-Samanpiya-Samanpiya/pfbid02dubsorwSS2Gn76dh4LRa5tYS8VHL8rNESMxqoESrWZmbkix5fN4pKo7ydZmD5MUtl","ඔය චීවරධාරිය ගැනත් හොයලාා බලන්නකෝ ඕක ජඩ වැඩ ස්ත්‍රී දූෂණ මංකොල්ල මොනවට හරි සම්බන්ධයි ඕකත් ඒකයි ඕකා අරූව බේරන්න දඟලන්නේ"
"Irenius Mendis","https://www.facebook.com/people/Irenius-Mendis/pfbid02sDcErXAH5Kg1qty6srNYicjes3vi3YEjMzmpWr6gQzLojuEcCD51wbkSXcFNRLsrl","Palayan Balla, Pissa, Modaya, tho pal horek"
"Nishanthi Mallika","https://www.facebook.com/people/Nishanthi-Mallika/pfbid0CS6jKC2fx6hqWz9iieysJUYQq51NYVqY7noPyWQoxoEXfwFiuiAqBZq3wFG4ABaul","Topi wag ayta tami apya tiynne"
"Rohini Terese Emmanuel","https://www.facebook.com/terese.nazrin","අනිවාර්යයෙන් කලු බෙට්ටා පොහොට්ටු ගොට්ටෙක්"
"Sandaya Karunarathnage","https://www.facebook.com/sandaya.karunarathnage","අනේ පල යන්න චිවරධාරියා"
"Upul Karunathilaka","https://www.facebook.com/people/Upul-Karunathilaka/pfbid02JRAjqHKNihrGo9KFaZGFwRKqBCLRWDaSzczTqv8AkbRcsYtLvKPSzG8a7fTRwxWel","රාජපක්ෂ .දංකුඩයා"
"Dinesh Suranga","https://www.facebook.com/dinesh.suranga.397","නානසාරගෙයි මේකගෙයි ලොකු වෙනසක් නෑ මේකත් ඇදගෙන නාන එකතමයි කරන්නේ තව ජම්පරයක් මේයාටත් දෙන්න වෙයිවගේ."
"Sampath Fonseka","https://www.facebook.com/sampat.ponseka.1","Hirakam karalada hamuduruwane arahatwenna  puluwanne"
"Siva Sharu","https://www.facebook.com/people/Siva-Sharu/pfbid02Gt43TuTHApEAY2VtwJCiJRviCbKxidEDgR3ckoXHWaG3eWJ9YnLr1nxeSscfcY1Zl","Our friend  akd ukathe nayakaya basil raajapaksa vage smmpa motatake ne ok umaplake galla evaratams evarai ok"
"Sunil Dikwella","https://www.facebook.com/sunil.dikwella","මලකෙලියයි නැමලය රහත් උනොත් උගෙ ගැනියි ලමයින්වයි තිත්තයට භාරගන්නයි වෙන්නෙ!"
"Duminda Tharanga","https://www.facebook.com/duminda.tharanga.925","Ane oya kahakadayage katata renna ona"
"Susantha Karunarathna","https://www.facebook.com/people/Susantha-Karunarathna/pfbid024oUEmnq3gFuxzsnHdiGnjWeGFibinqnHavsVLD8sqstZQ9bLLWTfPK2xQ4JGWHQhl","Toga amat paharaya to oay namalta kiyala araga puka uta arahat namai toga amata  hukagani"
"Gnt Perera Perera","https://www.facebook.com/gntperera.perera","Huththa gallata thiyenne gutikana munak."
"Kumarasinghe Rathnasiri","https://www.facebook.com/kumarasinghe.rathnasiri","Thoge. Siwra. Galawala. Dumriyan. Gedi. Dekak. Puke. Arinna ona. Kediri. Ganaka. Keri balla."
"Hamine Hamine","https://www.facebook.com/people/Hamine-Hamine/pfbid02zG47yjWV25hiKRe2CCdY9GjBkRMMgJs9QiMSdDqQStf5AU9nTumgDpziJNcWiHKWl","Oya ciwaradariya  rajapaksa nikaya.ganYek"
"Sayani Sayani","https://www.facebook.com/sayani.sayani.726999","Mu dagalanawa  muta  pissu"
"Dyl Ffh","https://www.facebook.com/people/Dyl-Ffh/pfbid0YG5iFHPVgY6sTZtQXT5cMnSLBdVMGwNe1XSnv42mfGDXHwwXtwY57DfBqWvY1WZpl","Siwura galola puke arinne kari ganayata"
"Sri Lanka Sri Lanka","https://www.facebook.com/Meythtre.srilanka.39566","Mokekda  Mu  Kalakanni  Hora,      Chewayak  Radawa  Gaththa  Hora Detuwa,  Budu Dahamata  Niga  Karana cNiganta  Gana Gediya,"
"Anura Rathnayaka","https://www.facebook.com/anura.rathnayaka.14","Mun tpansalwala idan karan kupadi wada issara wage karanna Bari hinda dan .munta pissu  hadila..thithagalee hora ganayawa sasanayen panniya yuthui"
"Pradeep Dolamulla","https://www.facebook.com/pradeep.dolamulla","මහනකම රකින හැටි නොතේරෙන තිත්ත ගල්ලේ බූරුවා අරහත් වෙන හැටි දන්නවද 😂"
"Liyanapathirana Pushpa","https://www.facebook.com/people/Liyanapathirana-Pushpa/61577994343388","රජා හොරාකාපු නිසා තමයි අගට යනකම්ම හොරාකාල දැන් හිරේ ලගින්නෙ🤬🤬🤬🤬🤬🤬"
"Jayanta Pospa","https://www.facebook.com/jayanta.pospa","මාලිමාවෙ වැඩ Victory 20, 21 බලන්න"
"Manawasinghe Bandara","https://www.facebook.com/manawasinghe.bandara.2025","ඇත්ත කියපු පගයි"
"Rathnayaka Arachchi","https://www.facebook.com/people/Rathnayaka-Arachchi/pfbid0K3Y4LkuPTXfzx3GRbBQ5AEwafmCqjgrieHuZJZYwTpRtiA3Y8qjCNWiYU4ZoNSsWl","To horunta kadeyanna lajja ndda  siura galawala tiyapiya"
"Mohamed Hazari","https://www.facebook.com/mohamed.hazari.463196","Hello Mee.  Haraks so. Sham. Blad.  Old. Bach. O.  O.  O.  😂😂😂😂😂😂"
"Shyamal Shyamal","https://www.facebook.com/people/Shyamal-Shyamal/pfbid05oa4TbcDAVKW1vhVmL99h42NwVHjM9k7E3qVSz3omMu13b23p2D5KpgtZpAZnABPl","තිත්ත ගල් එකේ ඔක්කොම දැන් බේරෙනවා හ**** පල්ලේනායකයාට අභියෝග කරන්නාවොත් මීට වඩා කන්න වෙනවාඋඹට බල්ලේ"
"Nihal Wijekoon","https://www.facebook.com/people/Nihal-Wijekoon/pfbid02ob3von2oBQANSjxvwWzkHM2DKBaV3gjyNG5NAxyV1FpX4cY6zXV5Y5vT8Ck7dTfLl","සිවුර ගලවලා තියල හෙලුවෙන් හිටපිය, එක ඔයිට වැඩිය හොදයි,"
"Susantha Bandara","https://www.facebook.com/susantha.bandara.554896","අලුත මහානාකරපු හාමුදුරුවරුයි මෙහෙණින් වහන්සේලායි යොදාගෙන කොළබ පාරවල්වලහිගකනවා"
"Weerakoon Bandara","https://www.facebook.com/people/Weerakoon-Bandara/pfbid031wTuebmB6qphxahbshYN291yXkmiZKmfpB8ptr8nyg8MtSen4u9CiWkjbocUZ7el","Munta parakata bahinna denna Hoda Naha dutu thana nelanna ona"
"Kavi Muna","https://www.facebook.com/kavi.muna","Thithagalle heluwen idan apita adum adindalu 😂😂😂😂"
"Pradeep Keerthisighe","https://www.facebook.com/people/Pradeep-Keerthisighe/pfbid033BDmwfbP4dC428rShGE9HtVJGtpbwXTV5Z1jv2bwWcFzCzB3DAX9rr7XTbsRQ58cl","තිත්තගාල්ලේ කතාකරනකොට කට යකෙකේගේ වගේ පෙන්නේ මට විතරද"
"Duminda Senaka","https://www.facebook.com/duminda.senaka.58","Meyawa mahana kamin pannanna ona"
"Dgh Dgh","https://www.facebook.com/people/Dgh-Dgh/pfbid0oW8x3sy6qLxVNGFQcijwhu8NMYQy5acS5Pb3Qb4nKeqKuz3dH4UtyDXg42UMsdqwl","Muta.kannadenne.monagame.unda"
"Ruvan Senewirathna","https://www.facebook.com/ruvan.senewirathna","Danda matak una horunta dabuwam danakota"
"Athula Asanka","https://www.facebook.com/athula.asanka.7","ඔකාහෙ අම්මාගේ හු..............."
"Wijayalathpedige Priyantha","https://www.facebook.com/wijayalathpedige.priyantha","මෙකට.හොදටම.පිස්සු.දානෙකාල.ඉන්නබෙරුව.පවඉටින්..සාදු.සාදු"
"Nishantha Amarasinha","https://www.facebook.com/nishantha.amarasinha.141741","තිත්තගල්ලේ චීවරධාලි පර බල්ලා තොපි වගේ සාසනයට වින කරන උන් සිවිර ගලවලා ඕන යන කඩේක පල ගමටත් ලෝකෙටත් පිළිලයක් තොපි"
"Vipul Priyantha","https://www.facebook.com/people/Vipul-Priyantha/pfbid0q2VJjqYmtP7wBYy6WyRJPPJxGKyJUSYFEjGxgWy2dJc9CgiDiHcxRLgiCibP9hL2l","සිව්රු ගලවලා ගහනන ඕනේ ගොන් පක්කු තවත් ඇති පොහොට්ටුවේ"
"Yapa Mudiyanselage Jayasinghe","https://www.facebook.com/people/Yapa-Mudiyanselage-Jayasinghe/pfbid0o1CR3Qbvf81RFDWkh6vmgTsNk4TYm65E9cL925nRYht3pxMvdntULdbHHuhSfYNil","ඇත්තටම මේ හාමුදුරුවන්ගෙන් රටට ලොකු වැඩක් ගන්න පුළුවන් ඒක නිසා බොක්සින් ක්‍රීඩාව බොඩි බිල්ඩින්ක්‍රීඩාව රෙස්ලින් ක්‍රීඩාව වැනි ක්‍රීඩාවකට යොමු කළොත් මං හිතන්නේ රටට පදක්කමක් ගන්න පුලුවන් වෙයි මේ ගැන අවධානය යොමු කර ක්‍රීඩාවට වඩින්න කියන්න"
"Bandula Sk","https://www.facebook.com/people/Bandula-Sk/pfbid0r9Mp8DruLWYQFcSApMdR6p6Ss39dxff1ocmUrQkwjodbKuh2ME7ZPN3299W7NLyYl","Oya pakayata sevura galavanna budu sauna rakaganna amateta barenam vahama Ella asvala vanakanakta baradanna."
"Gamini Weerakoon","https://www.facebook.com/people/Gamini-Weerakoon/pfbid02RnHiYgSqjT8hGr7DiUeaonDEGgQvWFMEAQxjQjUetevTsa6H6zEQiGRS5shPNr3ul","කාලකන්නි සිවුරු රදවනයක්"
"Shean Gunawardhane","https://www.facebook.com/shean.gunawardhane","😄😄😄අනේ තිත්තය😂😂"
"Smd Jud Kistiyan Jud","https://www.facebook.com/smd.jud.kistiyan.jud","Titta galle kiyanne horek"
"Chandra Galapaththi","https://www.facebook.com/chandra.galapaththi.9","Oya. Thethatha. Ganaya Kaha. Charayagee. Sewra Galawanna. Ona"
"Chithra Pannipitiya Arachchige","https://www.facebook.com/dana.pannipitiya.1","Manasika rogi siuru randawamayak..."
"Abeykon Bandurathna","https://www.facebook.com/people/Abeykon-Bandurathna/pfbid0nbiYJbhHDf3aqhV85NHqtYECztfvZH6dE8AwnmjYRjhMJDHcRgnmnkWFt76z1EVpl","පිනට කාල වෙනදේ බලාගෙන ඉන්න්‍රේ නැතුව  අනුන්ට කහින්න ගිහින් වේන්නේ කූරු ගනින්න තමයි"
"Ranjan De Silva","https://www.facebook.com/people/Ranjan-De-Silva/pfbid035Sbn2EuA3xfTaExyA566oSWNWZ6zpNAWrEsCUsK3SxP7fo87BCZTqzwAhLPFB4qil","අනෙ පල්‍ යන්න   උබ්ලා වගෙ  උන්  මෙරට කාපු   ච්වරධාරිය   හොරුන්ට කඩෙ  යන උන්"
"Dikson Zoysa","https://www.facebook.com/people/Dikson-Zoysa/pfbid02zLXoEop9EuAnwpxp7NJMMwFkhouagzPJ2G6SASL3Uz3z3iAzFVhqMoFo3oavQ13pl","හාමුදුරු කෙනෙක් සිල්වත් වියයුතුයි  කතාවෙන්මපෙනවා කොහොමද කියලා ඒ ගොල්ලන්ගෙ බණ අහන අපතයො දැන් රටෙන් විනාශ වෙමින් යන බව නොපෙනෙනා නෙවෙයි  රටෙ ජනතාව දන් ගොඩක් බුද්ධිමත් ඔය තිත්තගල්ලෙලාගෙ  වැදිඛණ වලින් වැඩක් නැහැ ඔය අමන කථා අහන්න මිනිස්සුන්ට වෙලාවක් නැහැ රජය සමග ජනතාව හදවතින්ම බැදිලා ඉවරයි."
"Mahesh Brasswear","https://www.facebook.com/mahesh.brasswear","තිත්ත ගල්ලෙ පොරට අනුරාධපුරය  කොල්ලෙක් හොදට කියලා දුන්නනෙ  ඔකාට ඉතුරුවෙලා තියෙන්නේ  පරෙදි ගු ගහන්න"
"Wikkramatunga Wikkramatunga","https://www.facebook.com/people/Wikkramatunga-Wikkramatunga/pfbid02sSVg2SDgd9rpjNUoVHj2gNezCiCnVW6XUx4gzj2r95Q1it9cGYS82xyiWsxeBqUVl","Very good your video post"
"KB Wimalasiri","https://www.facebook.com/people/KB-Wimalasiri/pfbid02WS9Wti33aFULKYbUHKDSuMvN8tEh4gohxjuTCFYgPZXpALP5taGtnFqW6if3Zd8zl","පිස්සා"
"Nissanka UA","https://www.facebook.com/people/Nissanka-UA/pfbid0UTUeytpkNsNzDwVNYHehekBU7oVzVaY6MQADNdKe83YZFYUQequbNUAuz39ggzual","Me huththa rajapaksalage gu kana pakek"
"Damith N .wijesuriya","https://www.facebook.com/d.wijesuriya","mu pathalayek ne..."
"Rangith Arachchge","https://www.facebook.com/rangith.arachchge","Mun mahana karanna ona issella"
"Priya Vincely Soysa","https://www.facebook.com/priya.warusha","eihin kaha kadayo?🌷budu hamuduruwanta 🌷mulu lokema minissu garu karanakota?me wagey kaha kadayo kohomada un wahamsegey drmaya walada ganney patta horuney ubala?ganu dushanaya karanawa 🚬 bonawa kasippu bonawa ubala harida?mahinda mahatthayata raju kiwa ✅kiyamuko rajagey puthala srilankan eakey kello genath tiya gattha rajugey maligawey rtey salla horakam kara eaka hodada 🐕🐕🐕"
"Manel Pushpalatha","https://www.facebook.com/manel.pushpalatha.485963","නියමයි පැහදිලි කිරීම"
"Suranga Suranga","https://www.facebook.com/people/Suranga-Suranga/pfbid02yvPy5Ff3uurdFZCmDNuXdJ9ZeEjcarwSLa3yDCZh5iiaKeaFm2A66GGL5Mb1wLg3l","Meka.enna.pansala.laga.menessu.netda. Muwa.gahla.elawanna.."
"Upali Thilakaratne","https://www.facebook.com/people/Upali-Thilakaratne/pfbid02kPwUxFkobTnPpfjryhZaPhwzNgQPZiTjRS8etW7ctRJn3ZUL8uXRUhXEthcgAbjdl","සාසනය බාල්දු කරන මේ අමනයන්ට වුනේ කියලවත් කරගන්න බැරි දේශනාවක්."
"Kasun Kasun","https://www.facebook.com/kasun.kasun.323729","ඔකත්.ඇතුලේ .දාන්න.ඔනි.දානේකාලා.ඉන්න.බැරි.පකයා"
"Ranjith Karunarathna","https://www.facebook.com/ranjith.karunarathna.967","තොගේ වරදක් නෙවෙයි වදාපු අම්මයි ජාතකකරපු තාත්තගෙයි තමයි වරද"
"Chanradasiri Weerasooriya","https://www.facebook.com/people/Chanradasiri-Weerasooriya/61591186737590","මේ ඉන්නෙ සංසාර ගනනක් අපායෙයන බුද්ධ ශාසනය කන දෙව්දත්තයෙක් මුදලට විකිනෙන නිඝණ්ඨයෙක්"
"Lasantha Maheerathna","https://www.facebook.com/lasantha.maheerathna","Meyage heluwa elikaranna ona"
"Padma Perera","https://www.facebook.com/people/Padma-Perera/pfbid0tGsn5SU1KfKusy6rB4aw45enrZk35n2tuvWr9A4DhkNp1z4SR1TMiznic3vxrxBSl","Mu hamuduruwekkada.neathnm chadiyekada"
"Coorary Coorary","https://www.facebook.com/coorary.coorary","Ane manda me thiththa gallery modada me tharam"
"Dammika Ruwan","https://www.facebook.com/people/Dammika-Ruwan/pfbid0hmp2BAJuofrZ2n7r3MQhnxL1CM4YvejtywmNnBvWLu5YmU26w9aPYok51mKcxVPYl","Ponna.hutfek.oka"
"Aus Hemantha","https://www.facebook.com/aus.hemantha","මේං මේකා පිස්සෙක් අර අවලෝකිතේශ්වර වගේ එකෙක්"
"Dimuthu N. A. P","https://www.facebook.com/dimuthu.predeep.18","බලනකොට චීවර දාරින් ⁣බාගෙට බාගයක්ම මැදමුලනේ දංකොඩ කන එවුන්නෙ ඉන්නෙ"
"Ariyapala Disanayaka","https://www.facebook.com/ariyapala.dissanayakkamudiyanselage","දැනට වසර 650 කට පමණ පෙර වීදාගම මයිත්තිරී හිමියන් විසින් රචිත බුදුගුණාලංකාරය කාව්‍ය නිර්මාණයේ මෙහෙම සදහන්වේ "".  (රජුන් අද මිටුවත්  වෙති මැතිදෝද එපුවත්  දැක උන්ගේ පුවත්  බමුණු ගුහපතියෝද එගනිත්   කයනම් අසාරය  භයනම් භයම් කාරය  කියණුම දිවාරැය  කෙරෙන් බුදුගුණාලංකාරය .   )"
"Prema Kumara","https://www.facebook.com/prema.kumara.7","තිත්ත ගල්ලයා බයවෙලා....ගූසාර හිරේ ගියොත්...ගූසාරගෙ අසූචි වළඳන්නට බැරි උනාම මූ බඩගින්නෙ 🤣🤣🤣🤣🤣🤣🤣"
"Saminda Chamara","https://www.facebook.com/saminda.chamara.3","තිත්ත ගල්ලේ ගල් කරනවා මට තද වුණොත්"
"Anura Lnos","https://www.facebook.com/people/Anura-Lnos/61558534916451","ඒක ආයෙදිකන් නෑ මාලිමාව ඕකට මාලිමාවට චන්දෙ දුන්නේ තමා ඕවා කරන්නේ. නැත්නම් මේ සිංහල බෞද්ධකම නැති කරන්න ඕන නෑ. ඤාණසාර හාමුදුරුවෝ මේ හොරකම් කරලා මුකුත් එහෙම නෙමෙයි මේ ජාතිය වෙලා තියෙන්නේ දන්නවද තමන්ගේ ජාතිය වෙනුවෙන් මේ රටේ කතා කරන්න බෑ ඕක මේ ඉස්සෙල්ලා නඩුව දැම්මේත් අනුර කුමාරලා එකතුවෙලා තමා ඒක මතක තියාගනින් වෙන රටක මේ දේ වුනා නම් තොටුවත් කතා කරන්න බෑ ෙතන විග්‍රහ කරන්න කමක් නෑ උඹ කතා කරපන් උඹට තියෙන්නේ අයිතිය මේ රට පින් දීලා තියෙනවා පිනෝ පින්දීල කතා කරපන් ඔය විදිහට"
"Sumudu Wasantha II","https://www.facebook.com/people/Sumudu-Wasantha-II/pfbid02D24dLEVX5kRhLhjoJhQaSLgHCbdbUdAyBURpB3G3FerfBrbfFqdVSHVVpUQoZUfgl","නියමයි .. 👍👍👍👍❤️❤️❤️.. තිත්තගල්ල අමු මි හරකෙක්... රාජපක්ෂ නිකායේ පොරක් දන්බත වෙනුවට අසුචි බුදින චිවරධාරියෙක්.. 😥😥😥😂😂😂"
"Sunil Senavirathne","https://www.facebook.com/people/Sunil-Senavirathne/pfbid0QfCdJMARhBRFV4bdpMteP8o1eiVaSPDGkzo92HVcXki3YzoYBarcdbhceZLbX3ZQl","Bakusu  muna"
"Nuwan Nadheesha","https://www.facebook.com/nuwan.nadheesha","ඒ මූනෙ තියන්නෙ මනුස්ස රූපයක් නෙවෙයි යක්ශ රූපයක් මනුස්ස අදහස් නෙවෙයි තියන්නෙ යක්ශ අදහස් මාරයාගෙ නියොජිතයෙක්  බුදුදහම වනසන්න ආපු යක්ශ වෙසයක්"
"Anil Edirisinha","https://www.facebook.com/people/Anil-Edirisinha/pfbid033jL141r2AQ1U6jD2AVYVvEFKRs8SXeCjHsNsbojHnSgtAypWPEyBGnMGHz8C2MXHl","කරලා බලපන් බාං හමුදුරුවනෙ  😭😭😭"
"Kami Kawai","https://www.facebook.com/people/Kami-Kawai/pfbid0aiAVGxJHVVizJ4kfeNPeTHkkkeyWPbMrQ8pMZmepBU56nq3ML7cRoVRtgQSC6atZl","Thiththagalle Anandasiri uncle polidol tikak bonna Ethakota hariyai"
"Anura Anura","https://www.facebook.com/abcdefghijklmnnopqrstuvwxyyzzz","Genu hora oka danna one okat atulata"
"Douglas Sriyananda","https://www.facebook.com/people/Douglas-Sriyananda/pfbid02UycrbqsV1itkdRkJsM8SD6skDYuMgT3LeixxnFjmiZjSvmWXuid4Cgi5aLXJPWHSl","Meeka mokada"
"Pathima Perera","https://www.facebook.com/people/Pathima-Perera/pfbid0G5K56PKuFvtTreKPtJrEFKXYnDiHGrFr6VzMp6mVfx5XFLNpYWjwEuUTrUGp6gxxl","නියමයි සුපිරි කතාව ජයවේවා ඔබට ❤️❤️තිත්තයටදැන් කෙලින් වෙලා ඒකයි ගැනියෙක් හොයලා  කසාද බැන්දුවනම් හ‍රි"
"Trilisha Makawita","https://www.facebook.com/shameesha.thuwan","ඔච්චර අමාරු  නම් තනියට යන්න.එහෙදි නාමල් නානසාර  තිත්ත ගල්ල තුන්දෙනාට ම රහත් වෙන්න  පුළුවන්"
"Thushara Sampath","https://www.facebook.com/thushara.sampath.880718","okage pohottuwae netta gahanne puke😂"
"WS Bopitiya","","බුද්ධ චීවරය කරේ දාගෙන සංඝ ශාසනය අවභාවිතා කරන  නන්නත්තාර අයගේ හැසිරීම තමයි මේ .මෙහෙව්අය අනුගමනය කරන අපේ මිනිස්සු පව්."
"Bandara Dabadeniya","https://www.facebook.com/people/Bandara-Dabadeniya/pfbid036eAgJaJhG8LedK2ei2pmd2hqz65JpDPEpeAJw5jFNuPU34DEzaHGnzvJ8emhJeoLl","අපතයේක්වෙනුවෙන්අපතයේක්වෙන්නඵපා"
"Piyal Fonseka","https://www.facebook.com/piyal.fonseka.2025","තිත්තගල්ලෙ  කියන්නෙ     අම්මා  පුකෙන්   වදාපු   එකෙක්."
"Anisha Anisha Kumari","https://www.facebook.com/anisha.anishakumari.10","Horu.rzkinna.hadana.chiwradari"
"Dynamics Motor","https://www.facebook.com/people/Dynamics-Motor/pfbid0JatWwJkNwBEU8f98jWFCQJXBheEvaoNda5mbvS4PxGwZGr5aChpaMpjmCssSXRJkl","ubala  avjathaka amanyo nemaida"
"Wimlasara Theo","https://www.facebook.com/people/Wimlasara-Theo/pfbid02gQk2zSd25H3XQSHi4xeYM3YaYzNeyX3G9frhU2VwKevicJyihJhGJnt3ajCoLPVgl","Unba mokekda ban"
"Bandara Agpt","https://www.facebook.com/people/Bandara-Agpt/pfbid025mVeiXNL6DuNg5GvUVjiRZQsjK6hYi5tscyRisCYCxKLvv5vuVLa66ePfN4gYW8Kl","මු පිස්සෙක්නේ, කැකිරාවේ සුදස්සානගේ යාලුවලු මේ හාදයා,"
"Wp Piyasena","https://www.facebook.com/people/Wp-Piyasena/pfbid0JJ53z6X5y2oQcsq3cgrwH2QUQNAsNMBC5sD1qMMTDEY332EnJx947JcaGvjwW18Hl","මුන්ගේ  චීවරය  ගලවල  ගහල පන්නන්න ඕන"
"Mohammed Ramsi","https://www.facebook.com/people/Mohammed-Ramsi/pfbid02D9AKnAumb3o8LcG97fMKy2zqunVNNNioQu86Ds9zbAdfSjUWi5Vn64v396KiM8wTl","Obea ammata hukaapang huththa"
"Wikee Wikee","https://www.facebook.com/people/Wikee-Wikee/pfbid02ftvoV7aYdQjuDo3xSUX5jpXNAa5KczvaaWUnEXGdA1oYzjLPgZcWYcgqh6mrVB11l","Geawall wala. Kanna deanna. Bariwa.. Siura. Dala. Pansalata. Dakkala"
"Chandrapala Perera","https://www.facebook.com/chandrapala.perera.39","නාමල්ගෙ   අම්ම   ලගකදි   රහත්   උනා"
"Chandulal Maddumaarachchi","https://www.facebook.com/chandulal.maddumaarachchi","Oya tharada kahakadaya rajapakalage asuchi kana awajathaka sakiliyak."
"Janaka Tours","https://www.facebook.com/janaka.gunawardhana.58","තක්කඩි හොරෙක් මේ   තිත්‍ත  ගල්ල 😭😭😭😭"
"Shiroth Agalakada","https://www.facebook.com/AAshirodagalakada","❤️🔥.good news 👏"
"KS Hirun","https://www.facebook.com/ks.hirun","තිත්තගල්ලේ පුකේ හිමි.😅😅😅😅😅"
"Raees Raees","https://www.facebook.com/raees.raees.863982","NAMALTA RAHAT WENNAT PULUWAN KIYANNE  NAMALGE AMMA RAHAT UNU VIDIYATADA DANNE"
"Mahesh Priyankara","https://www.facebook.com/people/Mahesh-Priyankara/61579034766987","තිත්ත ගල්ලෙට ඕන උනේ ඥානසාරව එළියට ගන්න නෙවෙයි  මාධ්‍යය ඉස්සරහ රඟපාලා රගපාලා  ප්‍රසිද්ධ වෙන්න..😁😁"
"Gayan S Gunathilaa Gunathilaka","https://www.facebook.com/people/Gayan-S-Gunathilaa-Gunathilaka/pfbid02cn5N8G6fQrKwFqNp4un4xr7ZHcUAgRcuHGkzupfWMTUJrG1BJ6a1CeMERZE5L7pTl","මෙ රට කගෙන් බෙරගත්තත්.දෙසපලනෙ පසුපස යන ච්වර දාරින්ට මොනයම් හො කියාමර්ගයක් නොගත්තොත් මෙ රට යහමගට ගන්නව බොරු සහොදරය"
"Whn Rohana Fernando","https://www.facebook.com/whnrohana.fernando","යකෝ තොපි තනකොලද කන්නෙ"
"Asantha Puspakumara","https://www.facebook.com/asantha.puspakumara","Me modaya panuwo gahala meranne"
"Sarath Kulasinghe","https://www.facebook.com/people/Sarath-Kulasinghe/pfbid0bty3ssRQCuiQyAepFjYBNAsYZ35d7z85FG8iwgfjEZrs1pYChfcU42mH5B5NoDfJl","Okun.denna Ekata.bonne Ekata B ..gahanne Okata.den Paaluy Ekay.heethuwa"
"Priyangka Dilrukshi","https://www.facebook.com/priyangka.dilrukshi","පන්සලට   වෙලා  ඉන්න"
"Dileep Sadun","https://www.facebook.com/sadun.dileep.1","මහා නයාක හමුධුරුවෝ දානේ ගොඩක් වලදාලා සැතපිලා තම නිදී අවුරුදු ගනක නිදී"
"Kumara Samarakoon","https://www.facebook.com/kumara.samarakoon","තක්කඩි යෙක් වෙනුවෙන්  ආගම පාවාදුන්නු සක්කිලිය"
"Jnath Prasanna","https://www.facebook.com/people/Jnath-Prasanna/pfbid0UYiinrh2n9b3kPhDtzshfspcP1ysio4cXJZjzGbeJVoB89J2qt6GLdVqmrqp4rqtl","තිත්තම ගනයන්ගෙන් එකෙක් මෙ 😂😂😂😂තිතය😂😂😂😂😂😂😂😂😂"
"Hasarath HA Sarath","https://www.facebook.com/hasarath.hasarath.14","Oun KALA Waradi WALATA DADUWAM Labadeema KALA Yhthuya."
"Nandana Liyanage","https://www.facebook.com/nandana.liyanage.530689","Patta Horu  kare Tiyag  yana  kahakada Sakkili  ballo  Budntat niga karana Pig bat budina   Desa palana  vahallu Nodakig"
"Agasriyani Sriyani","https://www.facebook.com/people/Agasriyani-Sriyani/pfbid0qMP9Q8ktLHsDSDYsB2mJ8izUdDgkfb8htTT59WAAjXtgX2TXPY7ozmM5GJXAQVq9l","මොනවා  හරි බොන්න වා ඇති  මහානායක ල  බුදිද"
"Ravindra Jayamanna","https://www.facebook.com/people/Ravindra-Jayamanna/pfbid02wNxpHemJcYan6P4RbBEYMFG8XkmA93Mxq9usJ92n65d272Wcx5PUNUFQyERtffN1l","Ka...ganayo munta gahanna one"
"Sanjeewa Sanjeewa","https://www.facebook.com/people/Sanjeewa-Sanjeewa/pfbid0oZXJvAN7cdL6gkmyUcoa89VWSepeAx2ody4231VJki4YVxbzUXF635KyhZm9hiubl","Ana p....ko.   Topi waga chiwara darinta kiyanda wachana nha.  Ty opita oyata karanda tiyanna budu sasuna"
"Samantha LM","https://www.facebook.com/samantha.lm.996994","තිත්තගල්ලෙ  කානුකටා"
"Nishantha Weerasinghe","https://www.facebook.com/nishantha.weerasinghe.445436","මුන් නිවන් යනවද බන්.."
"Sirigampala Lionel","https://www.facebook.com/people/Sirigampala-Lionel/pfbid0fgb6hSCB9vVqvWLJi3WMqqDb25e2C9SaHkpnhdfPpDvTNjj5xUzF5KqYMLmyNR3Al","එයා.මිනිස්සුන්ව.නිවනට. දක්කනව.යි...කියන්නෙ. අනේ...තිත්තයෝ....පළමුව..උඹ.නිවන..මොකක්ද. කියල.දැන.ගනින්....."
"Nethmika Kumara","https://www.facebook.com/people/Nethmika-Kumara/pfbid0BVVdurfMmZVN1uAQ2HdVqyofskm3Yn9JCd42281jPyfLBY2MTn9N84DvdDQ1AQdPl","ඒක...ඇත...කභකඩය..පූකෙ...අරීන්න ඩන...."
"Nilan Joes","https://www.facebook.com/nilan.wettasinghe","අනුර කුමාර කිව්වා වගේ මතකයි, ""අල්ලන කොට කෙඳිරි ගාන්න එපා"" කියලා. දැන් අත්සන් ලක්ෂ 50 ගන්නවා.  අපේ රටේ එවුන්ට කොලේකට අත්සන් කරන්න කිව්වොත්....... ""මගේ බෙල්ල කපන්න""........ කියලා තියෙන ලියවිල්ලකට හරි අත්සන් කරයි. එහෙව් එවුන් ඉන්න රටක් මේක.  අත්සන් කරපු එවුන් ගෙන් ඇහුවොත්, අත්සන් කලේ මොකකටද කියලා, උන් දන්නේ නැහැ.... 😂😂😂😂😂😂😂😂😂😂😂 හොඳ වෙලාවට ප්‍රභාකරනුයි, සහරානුයි නැත්තේ.  නැත්නම්, අනුර කුමාර ගෙන් සමාව ඉල්ලුවා වගේ උන් දෙන්නා ගෙනුත් සමාව ඉල්ලනවා අපහාස කලාට සමාවෙන්න කියලා. 😂😂😂😂😂😂😂 හදිසියේම මහ නායක හිමිවරුන් වඩම්මවා පොතක් එළි දැක්වුයේ, මහා නායක හිමිවරුන් තමුන්ගේ පැත්තේ කියලා ලෝකෙට පෙන්වන්න.  ඔයිට හපන් වැඩක් මෙයා කලා ටික කලකට කලින්. භික්ෂු ගිලන් මධ්‍යස්ථානයක් විවෘත කලා නායක හිමිවරුන් වඩම්මවා.  භික්ෂු ගිලන් මධ්‍යස්ථානයක් පවත්වාගෙන ගෙන යනවා කියන්නේ සල්ලි උල්පතක්. මෙයාගේ මැර හයිරම්කාරකම් වලට තියෙන බය නිසා රටේ ප්‍රසිද්ධ ව්‍යාපාරිකයන් අත දිග ඇරලා ආධාර උපකාර කරනවා.   මෙයා මැර ත්‍රාඩකම කරන්නේ චීවරය සහ යෝධයෙක් වගේ මස් ඇඟක් තියෙන නිසා. මෙයා කිරුළපනේ ධම්මවිජය හිමියන්ට කුණු හරුපෙන් බැනලා තර්ජනය කලා උඹව හම්බ වෙන්න එනවා කියලා. හැබැයි මෙයා දන්නේ නැහැ මෙයා තරම් උස මහත නොවුනාට ධම්මවිජය හිමියන් ආත්මාරක්ෂක සටන් පුහුණු කරපු හමුදාවේ හිටපු සෙබළෙක් කියලා. මෙයා ධම්මවිජය හිමියන් බලන්න ගියා නම් සිවුර නැතුව මහ පාරේ දුවනවා."
"Raji Diyana Abeywardana","https://www.facebook.com/raji.abeywardana","Ane gon pako gon athtal nodi idapan pal hora namalaya rahath wela uba budu. Welada kassipuwa tho wairaya wapuranawa sakkiliya thoge majara Kama mo rate minissu dannawa"
"Namal Bandara","https://www.facebook.com/people/Namal-Bandara/pfbid0RUGdrTpBywumDTMAeJSbi9W2fU6pBMMNJz7QFHMAYUhYkD7rGhpq5dTw1F6nEcqHl","Muura pissu"
"Pk Saman","https://www.facebook.com/pk.saman.2025","බබුවතමෛයි  උ  අඩනවා මුට පස්ස පැත්තේදල පිස්සු"
"Sherinda Weerasiri","https://www.facebook.com/shrinda","Pissu #akek oka para ganaya pissan kotuwata ona oka dakkanne"
"Udaya Kumara Abeywickrama","https://www.facebook.com/udaya.kumara.31542","Ane pal ballo"
"Dileepa Prasanna Edirisooriya","https://www.facebook.com/prasanna.edirisooriya.3","තිත්ත කලු 😬 💀"
"Indika Epalawattaga","https://www.facebook.com/people/Indika-Epalawattaga/pfbid02hFZPfoMBDb2mKi95pXdRSoCwAzBk1HFtbvpM5UESS1hULFPyhMKqszSmaSo3vFk2l","UBA AMMATA HUkana.PakayO.UBA.Para Raganawa Na.Bala.gamu"
"Indika Mahawela","","Ththagalle pakaya kanne minage gu gu😂😂😂"
"Ajith Milan","https://www.facebook.com/ajith.milan.2025","muna dakkama hora kukul chewadariyek kalakanni munwa ratinpannadsmannaone meniyama chewadariyo mukapadiyek 🤑🤑🤑🤑😜😜😜😜😜😜🤪🤪🤪🤪🤪"
"Anura WM","https://www.facebook.com/people/Anura-WM/pfbid02kYLw5BYGyfgQGXMiznyqr9Acv3kp1zGFPzhd9FrXgv8avmERSL8Ky9QMgsUt7Qal","Thawath riyal pissek"
"Vijaya Rathna","https://www.facebook.com/people/Vijaya-Rathna/pfbid02MBNxyMseo7TGd71B9iAcUcdVYJM6FxpkELqaod6cBTBQHGgPrxbgteDAwGLhFeYkl","Ane muge ammata"
"Wajira Kumara","https://www.facebook.com/wajira.kumara.58433","Amu harakek meka"
"Mohammed Ismathulla","https://www.facebook.com/people/Mohammed-Ismathulla/61581867991953","Parawal gane gihin adhikaranayath nithiyath elluwata lak karanawa wahama mohun nithiya hidhiriyata genna.meka camping Ekak? janapathiwath Rajayath Apakirthiyata path Karana kumanthenayak kiyathmaka wenawa.. edha car Race padhinakota Rata bankoloth karana kota  loku Kiyan  Aya kohedha hitiye 🙏🙏🇱🇰🇱🇰"
"Upul Thushara Rathnayake","https://www.facebook.com/upulthushara.rathnayake.1","දකින්ඩත් අප්පිරියයි මේ තට්ට වේ....ගෙ පුතාගෙ මූන 🤮"
"Asela Kusumsiri","https://www.facebook.com/asela.kusumsiri.10","Wadi kal yanna kalin minissungen guti kanawa"
"Piyathilaka Mallika","https://www.facebook.com/profile.php?id=100009773974071","මෙයාලට සිවුර අන්දපු අයට  ගහන්න ඔනේ"
"Wedage Wimalasri","https://www.facebook.com/people/Wedage-Wimalasri/pfbid0bp3zDWpSb1NMee2KmB8bRVLY1kMxvE9iAkQMfsrmJqwhG1biGmYT8uf733N7mCBbl","Me pakayo uba siwra galawapan apita paw nodi"
"Ranjith Thanthrige","https://www.facebook.com/ranjith.thanthrige","Ehenam Namal weni pudgalayek rahath weida?"
"Jagathsiri Karunarathna","https://www.facebook.com/jagathsiri.karunarathna.2025","Mawga awajatka  khkdyo"
"Sudarshana Bandara","https://www.facebook.com/people/Sudarshana-Bandara/pfbid034G1ucxvh2yr8eoUujasobz9J6XpFsfsyAAYu6j47bsLsFi7i6pgccyRgAV1Rcif7l","Pala wesawa ape janadi pathi anura wenuwen api merenna unath sudanam"
"Tharaka Jayawardana","https://www.facebook.com/people/Tharaka-Jayawardana/100003983186294","Demaupiyange adu padu, asarana Kam, awajathaka Kam Nisa ethi una siuru randawanayak, ko Maha nayakala? Aneka budu dahamata mema wenna denna be, Maha nayakala ge prayojanaya? Munta daduwam denna. Anek agam adarshayata ganna, mahana dam rakinna, deshaoalanayen ayin karanna me hora ganayo."
"Rv Vithana","https://www.facebook.com/ranjith.vithana.36761","Thithagallay.ganayo.ubay.ammata.hamaniyan"
"SN Wijesinha Rsp","https://www.facebook.com/sujith.nishantha.359604","මේ වගේ චීවරධාරීන්  තමයි ගෙවල්වලට එපාවෙලා පන්සල්වලට භාර දීලා තියෙන්නේඋන් දැන්  ශාසනෙක් කනවා"
"Jagath Silva","https://www.facebook.com/silva.jagath.2025","Thiththa walla newei mue mue huththa walla wal paraya.."
"Kanthi Kanthi","https://www.facebook.com/people/Kanthi-Kanthi/pfbid07QwpC7Ycksgg7F87nA3HeyV36Wf23u5wfiVWE8G2PVveHKvNPoNXmNizpZqf3e3el","තොත්තගල්ලේ"
"Shan Munasinghe","","දුටු තැන පොලු පාර දෙන්න ඕනි"
"Sameera Senarath","https://www.facebook.com/people/Sameera-Senarath/pfbid0ejSLP63zLARhd5YswTnr7XHtLdg6Hw8wWL8xTPHZBR1ymnKWYrduALnXzh27PDVjl","සියලු දෙනාම සුවපත් වේවා . තිත්තගල්ලෙ හිමිට බනින හැමෝටම මග හැරෙ නමෙ වීඩියෝ එකත් බලන ,https://www.facebook.com/share/v/1Hx1dmv1Yi/."
"Sarath Sarath","https://www.facebook.com/people/Sarath-Sarath/pfbid02Hu2WBM1aVHtAHpyVUjiWpHmSsdiyKZqiGzD8UBeJCdbt9FfHLJUdqKXCbWW9AP2al","මේ ච්වර ධාරියට මහන කරන්න ගුරු හාමුදුරුනමක් නැ මු හමුදාවේන් පැනල ගිය සොල්දාදුවේක් මු මොනව හරි අපරාධයක් කරපු එකෙක් වේන්න බැරිද මහන උන පන්සලක් මුට නැ තැන් තැන්වල නානසාරවගෙ යම්න් ක7්න් බොමින් සාසනය විනාස කරන බේබද්දෙක් සල්ලාලයෙක් මු කඩේන් සිවුරක් ගෙන පොරව ගත්ත එකෙක් උපසම්පදාවක් ගැන අහල නැති මේ පොහොට්ටු බත් බැලයට දුටු තැන ගහපියව්"
"Ranjani Edirisinghe","https://www.facebook.com/people/Ranjani-Edirisinghe/pfbid08eNM7RW858Nxpb9M1LgDEFn6eRzkaskwNne28LkpMaFkmnThgzU52AzzAz48wspEl","මේ ගනයො කාලා හිටුකො  පාඩුවේ."
"Priyantha Sumith Kumara","https://www.facebook.com/priyantha.kumara.655474","කවිද  මුන් ගනන් ගන්නෙ.."
"Nimal Rathnasiri","https://www.facebook.com/people/Nimal-Rathnasiri/pfbid037QCV1ybS9JkvmitaeaqudAeW9nWtK2eynqzuHMi28uXDn8G1JxC88hpH6fHmMgql","උෟතිත්තගල්  නෙවෙයි   හුත්තගල්ල"
"Noti Bandara","https://www.facebook.com/people/Noti-Bandara/pfbid0fHyvTUxpz5P2dNzHaxLDQjZjfCeVJcYdsCG8YZb3zc6zBXpa3UfiNfKNeeHfLa9Fl","Mokedda meka kohe idan apu akekda horunta kade yana awajayhaka ballek meka sasane kana  harakek"
"Dilsh Fernand","https://www.facebook.com/dilsh.fernand","Nomal Budu wei yana vidiyata... Buddha left 🫡"
"Upul Kumara","https://www.facebook.com/people/Upul-Kumara/61564940780050","ආණ්ඩුවේ සමාජය මාධ්‍යයේ පාවිච්චි කරන කට්ටිය මිනිස්සුන්ගේ චැනල් බ්ලොග් වල ඕකයි කතාව 🕉️✝️☪️🐅🧕🐶🔔🧭👊👊🤑🤑🤑🤑❌❌❌❌🫵🫵🫵🫵❓❓❓❓❓✌️✌️✌️✌️✌️✌️✌️"
"Nilu Rajapaksa","https://www.facebook.com/nilanthi.sinhamuni.9","Mewage  සිවුරු  දාගෙන ඉන්න මුන්ට  galaha ewalawanna onai"
"Kamal Predi","https://www.facebook.com/kamalpriyashantha76","Metaka ula Thiyapiya Mu Budhudahama kewa"
"Dizz Mizz","https://www.facebook.com/profile.php?id=61574196660164","උගේ page එක down, පව් පටිසන් දීලා. 🤣"
"Thirakarathna Pathirana","https://www.facebook.com/people/Thirakarathna-Pathirana/pfbid06KVenN3ZNq4CUB5CVyZSwMQf12GHGUMZihQNnX4iiiwUTpZFB8wBYo1XHmpuQUKHl","තිත්ත   ගල්ලෙ   කියන  පකය    මොනවද   මේ  කියන්නෙ"
"Tharindu Tharindu","https://www.facebook.com/tharindu.tharindu.238517","තිත්තගල්ලෙ කියන්නෙ අමු සක්කිලි බල්ලෙක්. අවජාතක බේසිගෙ පකෙක්"
"Weerakoon Si","https://www.facebook.com/weerakoon.si","අවජාතක  මුන් දිළිදුකම නිසාම මහනකලාම බුදුන් වහන්සේට  අගෞරව කරමින් පිස්සු  කෙලිනව"
"Chanadana Egodawaththa","https://www.facebook.com/people/Chanadana-Egodawaththa/pfbid02HR4vkEAAzD5D8nhofsGX9AFWPMrJt9bwo8xDrRrYjH1xYjJdrjtyZBwXiub38c9rl","ගොන් හරක් සන්ගයා"
"Ajith Madu Ajith Madu","https://www.facebook.com/ajithchathu.ajithchathu","Me rajaapaksalaga passa lewakana ekekne me siuru hora."
"Anura Wijesinghe","https://www.facebook.com/people/Anura-Wijesinghe/pfbid0ZareMky4KyfNwAQpetzpmR6oeGu6Gyi4cZ2PQ4TRFV352HYHM7a55UwMvSaHg2axl","Pissu Huthak"
"Udaya Kumara","https://www.facebook.com/udaya.kumara.873310","ඔය තිත්තයට පුකට දෙකක් ගහපියකෝ"
"Rajakaruna Prasad Karunaratne","https://www.facebook.com/rajakaruna.prasadkarunaratne","තිත්තගල්ලට යම් ගරුත්වයක් තිබුනනම් ඒකත් කෑවා පරයෝ.තොපිට රාජපක්ෂලා සාධාරණ ද"
"Sisil Perera","https://www.facebook.com/sisil.perera.5249","තාජුඩීන්...."
"Viraj Asantha","https://www.facebook.com/viraj.jsoyz","හොර ගණයෙක් තෙල් බෙහෙත් හොරා"
"Ari Perera","https://www.facebook.com/ari.perera.94523","තෝ    නාමල්ගෙ එක කටේ දාගෙන  හොදට උරපන් පකය"
"Aselawellpalle Welpalle","https://www.facebook.com/aselawellpalle.welpalle","මූ ඇවිල්ලා රාජපක්ශලාගේ සැට්ටබිරාලෙක් ..කහකඩයෙක්...ගහන්ඩ ඕනි දැක්ක තැන."
"Abey Luxman","https://www.facebook.com/abey.luxman.9","තිස්ස ගල්ල උබ කවුද කියල රටම දන්නවා නාමල්ට සුදූහුනු ගාන උබ නාමල්ලගෙ පුක ලෙවකන බුද්ධ ච්වරයට මුවා වෙලා හැම බලුකමක්ම කරන අවජාතක පකයෙක්. හිරේගියේ රටට වැඩ කරල වෙන්න ඇති යකෝ මුලු ලෝකෙම හොරා කියන නාමල් උබට හොඳ මිනිහෙක් ලෝකෙම අවන්ක නායකයෙක් කියල පිලිගන්න අනුර කුමාර අධර්මිෂ්ඨ පාලකයෙක් අනේ ගෙරි බොරු චීවර දාරියෝ තොගේ තරම ඒ තෝරා ගැනීම අනුව අපට තේරුම් ගන්න පුළුවන්"
"Saman Chaminda Silva","https://www.facebook.com/saman.chaminda.5","මෙ සිව්රැ රඳවන තමයි සාසනය විනාශ කරන්නෙ"
"තුශාර එරන්ද","https://www.facebook.com/people/%E0%B6%AD%E0%B7%94%E0%B7%81%E0%B7%8F%E0%B6%BB-%E0%B6%91%E0%B6%BB%E0%B6%B1%E0%B7%8A%E0%B6%AF/pfbid026DbYeCPZp8gfzDagdTPNxwfNEjPoK6qh1bCurEcqHTNhY2PLEEEEiNH6SC4bF6VGl","උ රාජපක්ෂලා අසුචි එකෙක්"
"Jayarathna Devapathiraja","https://www.facebook.com/jayarathna.devapathiraja","තිත්ත ගල්ලෙ හුත්තිගේ පුතා.."
"Nishantha Lal","https://www.facebook.com/nishantha.lal.2025","ගොන් ගනයා"
"Supun Shen","https://www.facebook.com/supun.shen","සිව්රට නිගා කරන තිත්ත ගල්ලෙ ගෝතයා සිව්රු වෙලා බුද්ධ සාසනේම විනාස කරනවා අපතයා ,මුන් රට විනාශ කරපු හොර හැත්තගෙ අසූචි කනවා සිව්රු වෙලා ,තිත්ත ගල්ලෙ ගෝතයා සිව්රට නිගා කරනවා ,මුන්ගෙ සිව්රු ගලවලා පන්සල් වලින් ගහලා පන්නපියව් කාලකන්නී අපතයෝ"
"Arachchige Bulukandura","https://www.facebook.com/people/Arachchige-Bulukandura/pfbid0NWGHwG79oSpPTEtUQXWc88ttV2jcmDuMfucrddUMkfguCyNKbg6mufoFEoVMYrCEl","මේ.රටේ ඉන්න ජනප්‍රිය මුදල් හම්බකරන්න බුදු දහම බාවිතා.කරන.චිවර දාරින් සියලුම දෙනාටම.බාර්යාවො ඉන්නවා ඒ.චිවර දාරින් එකිනෙකා උන්ගේ සෙල්ලම් දන්නවා.ඒකයි මහ එඋන් කතා නොකරන්නෙ.නිකන් හිතලා බලන්න පල්ලෙගම හෙමරතන චිවරදාරිය .අත්සන්.    නෙවියි   මුන්ට ගල් ගහලා මරන්න.ඕන.බුදු දහම.විනාශ කරනවට.වල් වනචර කහ කඩයෝ."
"Amal Udaya","https://www.facebook.com/amal.ydaya","මුන්ට ගහන්න ඕන සිවුර පන්නල වේසිගෙ පුතා 😡😡😡😡"
"Prasath Keerthisinha","https://www.facebook.com/prasad.keerthi.357","ගාතාව කියපන් කහකඩයෝ"
"Kumudu Karannagoda","https://www.facebook.com/kumudu.karannagoda","තිත්තගල්ලෙගෙ ති.යන්න කපල හු.යන්න දැම්මනම් හරි🤭🤣🤣"
"Lakshman Rathnayake","https://www.facebook.com/lakshman.rathnayake.92","පල යන්න..කහකඩයා.....🤣🤣"
"Palitha Gamage","https://www.facebook.com/palitha.gamage.583","ඔන්නඔය පකයගේ සිව්ර ගලෝපිය.."
"Ananda Liyanarachchi","https://www.facebook.com/ananda.liyanarachchi.2025","හුත්තගල්ලයා"
"Gunasiri Rathnasekara","https://www.facebook.com/people/Gunasiri-Rathnasekara/pfbid0bJM7XdAqumK7bsADXR2UaCjosqbzGjdsVvA9dSLfa8CvyehktVrEJ3bNTbNjVxxdl","නුවර මල්වතු අස්ගිරි හොවිගම හන්දුරුවන්ගෙ සියම් ගොවි කුලේ ඒකාංස උබයන්ස මුන් ඔක්කොම වාගෙ ත්‍රයි නිකායික සංඝයො සමග මෙලොවදීම උපරිම කාම සැබෑ සම්පත් ලබමින් අපට ඒවා මරණින් පසුව ලැබෙන බව උන් කියති මුන්ට AC rooms Laxry vehicles Wisky brandy drinks fresh foods bank Accounts gorgeous tempting stunning උපාසිකාවෝ වේස ගෑනු ජාතක ළමුන් ඕනිතරම් ඉන්නවා By the way මුන්ට හොර බිස්නස් පවා තිබෙනවා මං දඹදිව වදින්න 3 වරක් ගියා එහිත් මෙහිත් සංඝයො ඉතාමත් වංචනික දූෂිත කපටි හොර වලත්තයො බොහොමයක් ඉන්නෙ ගුණසිරි රත්නසේකර fbook මුලු දිවයිනටම් සාම විනිසුරු ගිමාරා මුද්‍රණාලය මහවැව"
"Ramesh Dhilshan","https://www.facebook.com/ramesh.dhilshan","තිත්තගල්ලෙ කියන්නෙ ආමි එකේ ඉන්න ගමන් නිදන්. මක්කොල්ල කාපු පරයෙක්.....ණඩු පිට ණඩු වැටුන අපතයෙක් ...පස්සෙ සිවුර පොරවල බැරියර් එක හදා ගත්ත උගේ ආරක්ශාවට ...."
"Sumith Gunathilaka","https://www.facebook.com/sumith.gunathilaka.90","තිත්තගල්ලත් ඉවරයි රාජපක්ෂ ජුන්ටාවො"
"KR Vijerathna","https://www.facebook.com/people/KR-Vijerathna/pfbid02e6Qz9AJEBRUwQtDsiNiA2pDg968HREjHP6BPGjZcA1zedDGK7Zf1XqAkAixHReg3l","මෙන්න අන්නාසි ගැටකාලා අම්මාගේ කරැමෙට හැදිච්ච එකෙක් තමා මු"
"Jonti Jonti","https://www.facebook.com/jonti.jonti.18007","ධාර්මික තිත්ත ගොල්ල කහකඩ රස්තියාදුකාරයා"
"Ajith Krisantha","https://www.facebook.com/ajith.krisantha.7","තිත්තයා පොන්නයෙක්"
"Wacnirakshe Wacnirakshe","https://www.facebook.com/wacnirakshe.wacnirakshe","ඇයි බල්ලො තොගේ කටේ හොරි දාලද ස්වාමින් වහන්සේ කියලා කියන්න බැරිද තෝ අන්‍යාගමිකයෙක්ද පරයා"
"Chandi Siriwardana","https://www.facebook.com/chandi.siriwardana.1","ගංජා කෙලලා මොලේ විකල් වෙලා පකයගේ"
"Sarath Mallwarachchi","https://www.facebook.com/people/Sarath-Mallwarachchi/pfbid0jYaWq79wEz6K3MYNqJkrJ3PuACJg8v4T1Tr97qS9EUNGDaGqhzoeQMVCmFmGiwVKl","බුරු තිත්ත ගල් ලෙ උබ පලක් නැති මිනිහෙක්"
"SAKWAN SALAHUDEEN JP","https://www.facebook.com/sakwan.salahudeen.jp","ඥානදාස අංක.2 මුගේ මූණ විතරක්..මතක තියාගන්න දැන් බෞද්ධයෝ ගොඩාක් බුද්ධිමත්"
"Galleliyanage Piyasena","https://www.facebook.com/galleliyanage.piyasena","ඤානසාර උන්නාන්සෙත් ඔහොමනැටුව"
"Menaka Nilantha","https://www.facebook.com/menaka.nilantha","[Image Attachment]"
"Ranjith Wickramasinghe","https://www.facebook.com/ranjith.wickramasinghe.125","Menaka Nilantha පන්සල්..පාලුවෝ."
"Janaka Abeywickrama","https://www.facebook.com/janaka.deshapriya.7505","බුදුදහම විකෘතිකරන අජූත බයියෙක් තිත්තගල්ල .... ජනතාවටම තිත්ත වෙච්ච පජාතයෙක් ..... 🤮🤮🤮"
"Irfan Amru","https://www.facebook.com/irfan.amru.10","🔥🔥🔥❤️❤️❤️"
"Hewa Gajanayaka","https://www.facebook.com/ajith.hewa.1","[Image Attachment]"
"Kamal Shantha","https://www.facebook.com/profile.php?id=61583710462222","මුට අරින්න  ඔන පු   කේ"
"Huzair Saleem","https://www.facebook.com/osman.saleem.94","මුගෙ මනස පැහැදිලි ඔළුව හොද නැති චීවරධාරියෙක්. රාජපක්ෂ ගුබ්බායමෙ හොරා කාපු ටික ලෙවකාපු එකෙක්. රටෙ නිතිය හරිහැටි යනකොට මෙයාලා වගෙ තක්කඩින්ට ඇග කහනවා."
"Nimala Gemunu Soysa","https://www.facebook.com/rashikamaddhumage.rashikamaddhumage","තිත්තන්ගල්ලෙ පාදඩයෙක් බව ඌ විසින්ම ඔප්පුකරමින් ඉන්නවා"
"RISE UP Sri Lanka","https://www.facebook.com/riseupsrilanka2020","[Image Attachment]"
"Udayarathna Sumithraarachchi","https://www.facebook.com/udayarathna.sumithraarachchi","මේ තිත්ත කියන එකා ගලගොඩ අත්තයගෙ තැන අරගෙන අලුත් පාතාලයෙක් වෙන්නය යන්නෙ. මූ දන්න ධර්මයක් නැහැ. මූ දන්න භාවනාවකුත් නැහැ . මහා නායකයනුත් ඉන්නව කියන්නෙ , මූං කහකඩයො මිසක් භික්ෂූන් නොවේ. මුංට මයික් දිගු කරන එවුන් ඔකෝටම හපං. මුංව නලල හංවඩු ගහල ශාසනයෙන් පන්නන කාලය බොහොම ලගයි."
"Nuwan Aravinda Bandara","https://www.facebook.com/nuwan.aravinda.bandara","යුද්ධෙට භයේ යුධ හමුදාවෙන් පැනලා ගිහින් තන්තිරිමලේ පැත්තෙ පංසලක හැංගිලා සිවුර දාගත්තු කාලකණ්ණියෙක් ඔය තිත්තගල්ලෙයා...අනික ඕකගෙ වටේට ඉන්න සිවුරු දාගත්තු උන් මදාවියෝ පච්ච කොටපු උන් ඉන්නේ ...."
"Thusitha Kiriwendala","https://www.facebook.com/tuistha.kiriwendala","❤️❤️❤️❤️❤️❤️❤️❤️❤️"
"Vijitha Kumara","https://www.facebook.com/people/Vijitha-Kumara/pfbid0y5UHcSo5bNFU9sgT5aBTL4ef24DPbFVxJmrpextSnY6P9X16w8yq49E1yAAMQg6al","😭"
"Samsudeen Razeek","https://www.facebook.com/samsudeen.razeek","[Image Attachment]"
"Chandrasena Gamage","https://www.facebook.com/chandrasena.hamanduwagamage.5","[Sticker]"
"Dulan Buddhika","https://www.facebook.com/dulan.buddhika.98","😄😄✌️"
"Hwk Bandusena","https://www.facebook.com/people/Hwk-Bandusena/pfbid0cMHZhUfz6ocAfrZdvrjHsccMrwMwsMQd5tPge7mjix31MfCprZ7CWp53iM8N8L7Pl","😂😂"
"Indika Nilanjan","https://www.facebook.com/indika.nilanjan.77","😭"
"Udaya Asanka Withana","https://www.facebook.com/udayaasanka.withana","[Image Attachment]"
"Duminda Kanishka Tudawe","https://www.facebook.com/dumindakanishka.tudawe","[Sticker]"
"Nishantha Rathnaweera","https://www.facebook.com/nishantha.rathnaweera.2025","😃😃😃😃😃👍👍👍👍👍👍👍"
"Nüwän Jäyäködie","https://www.facebook.com/nuwan.jayakodie","[Sticker]"
"Sharon Lappen","","🤣🤣🤣🤣🤣"
"Sunil Ankumburage","https://www.facebook.com/sunil.ankumburage","❤️❤️❤️❤️❤️❤️❤️"
"Tony Nissanka Nanayakkara","","[Image Attachment]"
"Wijethunga Wijethunga","https://www.facebook.com/wijethunga.wijethunga.316435","🔥🔥🔥🔥🔥🔥🔥🔥🔥"
"Ama Priyani","https://www.facebook.com/ama.priyani.1","😂😂😂"
"Amith Senapathi","https://www.facebook.com/people/Amith-Senapathi/pfbid0CXtSbw2j9tfZSBgzmw29KrHYhzcgVBVFqAmDbZvUrtMzNdcHRyZBUJENo77dertQl","😂"
"Janaka Puspa Kumara","https://www.facebook.com/janaka.puspa.kumara.700290","😮"
"Peramatilaka Dg","https://www.facebook.com/people/Peramatilaka-Dg/pfbid02qKk3kdu18qLCcNBMHqux6MUH65NzVd8neiPRPfUXsyaPiuM4w1NdHmEx9dwHmARUl","😂😂😂😂😂"
"Wimal Samaraweera","https://www.facebook.com/people/Wimal-Samaraweera/pfbid02BFjUD6fbMrrTjCXT3KbxTPzpxXRYEvTDaREDTjusFPzxoAaadsYfBDxQ8d1q57B4l","[Sticker]"
"Percy Siriwardana","https://www.facebook.com/percy.siriwardana.1","[Sticker]"
"VP Abewardana","https://www.facebook.com/vp.abewardana","[Sticker]"
"Gayan Nalaka","https://www.facebook.com/people/Gayan-Nalaka/pfbid02fZAHmCLEkr5XzYQxPwAqUif6teWPcBuDkf2BaxwAwkzPNms3MUopDAzqXqbXVXzDl","💯💯💯💯💯"
"Prasad Wijethunge","https://www.facebook.com/prasad.wijethunge","👋👍👌"
"Laurence Gunaratne","https://www.facebook.com/laurence.gunaratne","[Sticker]"
"Michael Fdo","https://www.facebook.com/michael.fdo.79","[Image Attachment]"
"Ruwan Shanka","https://www.facebook.com/ruwan.shanka.2025","🦴🦴🦴🦴🦴🍆🍆🍆🍆🍁🍁"
"Ashan Sameera","https://www.facebook.com/ashan.sameer","Charitha Udayapura Bogasthannage 😛🥴😅"
"Mervin Nanayakkara","https://www.facebook.com/mervin.nanayakkara.5","[Sticker]"
"Upul Senadeera","https://www.facebook.com/upul.senadeera.56679","[Sticker]"
"Ranjani Wijewicrama","https://www.facebook.com/ranjani.wijewicrama","[Image Attachment]"
"Prasad Samanjeewa","https://www.facebook.com/prasad.samanjeewa.9","[Image Attachment]"
"Bawantha Basura","https://www.facebook.com/people/Bawantha-Basura/pfbid0W6i4ncxDuwojBiiKFmHVco2rMoCEaYN6gc38oRzNHQpeEk4Sw6daLgcww64dMCDjl","@😉😭"
"Jayantha Bandara","https://www.facebook.com/people/Jayantha-Bandara/pfbid0TpthjzzFNdgj83oT9eBhpuuqoSeHGDYxT8r7ghJqXjLaU2ZpZ1eQcqUv3p1A1DUsl","👍👍👍👍👍👍👍👍👍👍👍👍👍👍❤️"
"Ajith Kothalawala","","[Sticker]"
"සම්පත් අබේගුණවර්ධන","https://www.facebook.com/vs7e1u27k5","[Sticker]"
"Jayathilaka MA","https://www.facebook.com/people/Jayathilaka-MA/pfbid02gpfCPbGZYkVwRnqmtyQZXqQGtJXUD8G7LRvwYp3jb2EXUB8fqF21pZCCiMFpEV2Al","[Sticker]"
"Aruna Priyantha","https://www.facebook.com/aruna.priyantha.228012","[Image Attachment]"
"Senrath Rathnayake","","👍👍👍👍"
"Arham Nawshad","https://www.facebook.com/arham.nawshad","[Sticker]"
"Dilhan Saman Kumara","https://www.facebook.com/people/Dilhan-Saman-Kumara/pfbid0G5e3okx8CoLkZDjGGV7Lzcu2V7ToTfU8V92xYWBMesxsoohA9QXC5WrtjinwZVYil","@"
"Selva Kumar","https://www.facebook.com/selva.kumar.701674","🤣🤣🤣🤣"
"Welimada Wimala","https://www.facebook.com/priyankara.rathnayaka.7509","[Image Attachment]"
"Saheed Saheed","https://www.facebook.com/people/Saheed-Saheed/pfbid014UGcK52STtsHuyu3Gwhf915uQGKTfBjcw5qi2jBE2akDLzrNwCF5EX62mZJPJCrl","👍🇱🇰⚖️🧭♥️"
"Kalil Rahman","https://www.facebook.com/kalil.rahman.129357","👍"
"Rak Perera","https://www.facebook.com/people/Rak-Perera/pfbid02sDwF18Rbrrhw2htbnfSL1ZXkD1X2HB1t33mSxSkrzksD56i6n9FWaw5BfpWSSDt2l","👍👍🙏"
"Mohamed Kaan","https://www.facebook.com/mohamed.kaan.2025","😝😝😝😝😝😝"
"Priyantha Perera","https://www.facebook.com/priyantha.perera.90475","[Image Attachment]"
"Oliver Thilak","https://www.facebook.com/oliver.thilak","[Image Attachment]"
"ටොබී බෝයී","https://www.facebook.com/people/%E0%B6%A7%E0%B7%9C%E0%B6%B6%E0%B7%93-%E0%B6%B6%E0%B7%9D%E0%B6%BA%E0%B7%93/pfbid0pKCz3EFxxsJULVMqbxmh78UCKWrc6odPeYcwLhyqYmsQGr5SAkqXUsdvT8HQvFtdl","❤️❤️❤️❤️❤️❤️🔥🔥🔥🔥🔥🔥🔥"
"Thusitha Kumara","https://www.facebook.com/people/Thusitha-Kumara/pfbid02dTB1ApHymUEgpEnV2oB8TABfEhnLNQBLZuYKDnVApxqgg6a5Z4fhveVLSGkwBNx6l","😂"
"Thilak Jayasiri","https://www.facebook.com/thilak.jayasiri.136784","[Sticker]"
"Ajith Puspakumara","https://www.facebook.com/ajith.puspakumara.758459","[Sticker]"
"Renuka De Silva","https://www.facebook.com/people/Renuka-De-Silva/pfbid02HVSJ4LMA81bQZzZDFrdoEFBMTEosxTR3scBH96XkzaqWSqxPFHcVG6Y6quUm3fMrl","[Sticker]"
"Gihan Sisira","https://www.facebook.com/gihan.sisira.2025","😂"
"Sujith Kumara","https://www.facebook.com/people/Sujith-Kumara/pfbid0gtGHVW5HchNEnYzUAtsUEt1vEaBGgVdJ66ewJTnNbXw8Xq8cqPFJUH6Db6J8zFaql","[Sticker]"
"Kumara Singha","https://www.facebook.com/people/Kumara-Singha/pfbid02iik4Ft3PLxkg5M8UFLFAWcEfMLG4Ng6SNGCz66G2eFfXmd3bHngRas7X8jyjXg8kl","[Sticker]"
"Mohammed Rizwan","https://www.facebook.com/people/Mohammed-Rizwan/pfbid02rbgHuqrReHDiAujByhGVxDozrRP81DtYQGN3CUXkDQc9kPEKUyBB19ueTbL3Y6pfl","[Image Attachment]"
"Bandula Gamage","https://www.facebook.com/people/Bandula-Gamage/pfbid027VRRyxx7YoTyDQai3N9QhkXQHpRWbJ72nydXXqGczCUrxwpWf4gF3MJL6ra9HYT9l","👍"
"Nelum Yatalamatta Gamaghe","https://www.facebook.com/people/Nelum-Yatalamatta-Gamaghe/pfbid0YFKNZs75BfrkLHaszBZsb4mkxF7L7HLhjt1hYzqDKY5ZRYpWC2chthJJioctd5LAl","🦾🦾🦾🦾"
"Fawas Wahabdeen","https://www.facebook.com/fawas.wahabdeen","👍"
"Anura Anura","https://www.facebook.com/people/Anura-Anura/61591933668195","[Sticker]"
"Ranjan Bandara","https://www.facebook.com/people/Ranjan-Bandara/pfbid02MyuL3hPeHKY2xJYxsiQjugWMmNbUuNUy3XyVBmbNVANe62QC83akv8JYbrKn3sYKl","[Sticker]"
"Ahdhul Malik","https://www.facebook.com/people/Ahdhul-Malik/pfbid0sKQ1cV4ViLgvB1sF7D9u9xXthVHAedcwq1XTKLvMMuEz9MFV34zyyyG74xXJaWnbl","[Sticker]"
"Tuan Reza Mutaliph","https://www.facebook.com/tuanreza.mutaliph.7","[Sticker]"
"Prasanga Jaya","https://www.facebook.com/people/Prasanga-Jaya/pfbid02mE6tCsEWqxs8HMJ2yiXxvnykHLw6ioLtwj7AEgN63V4WXaDcsqtRVDdUMnk9bDWrl","🔥🔥🔥🔥🔥🔥🔥🔥🔥"
"Nuwan Indika","https://www.facebook.com/people/Nuwan-Indika/pfbid02Kxq5gSKF55TFeZVyYbGVSG92dV7oiX2wzeGQqqVsUtCU37Y9HVNujJqX9g37kt5Dl","😭"
"Chaminda Thilanka","https://www.facebook.com/chaminda.thilanka.194439","❤️❤️"
"Suranga Komadu","https://www.facebook.com/people/Suranga-Komadu/pfbid0BhqQAkwtfzT7995E1qbyak3htnA2DQMWQ7Sfioxt9dRXDBgsQbPFhEK7RLLJE8CFl","[Sticker]"
"Sunitha Wimalasena","https://www.facebook.com/sunitha.wimalasena","😂"
"Nandana Balasuriya","https://www.facebook.com/people/Nandana-Balasuriya/pfbid02w35zcmQKecg2TVjxUGj4yoQmBWUoK5XN77DUTmT1E5Yx6mX9LE4jPmU5oCTRyGZxl","❤️🔥"
"Dinesh Kumar","https://www.facebook.com/dinesh.kumar.703657","🤣🤣🤣🤣🤣🤣🤣🤣"
"Rumesh Dhanushka","https://www.facebook.com/rumesh.dhanushka.33","😂😂😂😂😂😂😂"
"Gunasena Jamburagodage","https://www.facebook.com/gunasena.jamburagodage.7","❤️❤️❤️❤️❤️❤️❤️❤️❤️❤️❤️❤️❤️❤️"
"Kumarasinghe Jayasinghe","https://www.facebook.com/kumarasinghe.jayasinghe","සිව්රක් දාගත්තත් කමක් නැ මූ පාහරයෙක් පව්කරයෙක් කාලකන්නියෙක් මුගෙ අනිත් ටික කුයන්න හොද නැ"
"Vijitha Akuratiya Gamage","https://www.facebook.com/vijitha.akuratiyagamage.9","#ත්තෝ තෝ අපායෙ යනවද නෑමොලය වෙනුවෙන් ..."
"Db Jayasundara","https://www.facebook.com/db.jayasundara","[Sticker]"
"Kumudini Renuka","https://www.facebook.com/people/Kumudini-Renuka/pfbid02jQw38TnSz9tUds2aDYbcPEB7rra6bYds87bi95qZo93fD4ZgHWAcdjt1phX7yW8cl","👍👍👍👍👍👍👍👍👍👍👍👍👍👍👍👍👍👍👍👍👍👍👍👍👍👍👍👍👍👍👍👍👍👍👍👍"
"Subasinhage Jayantha","https://www.facebook.com/subasinhage.jayantha.1","🤣🤣🤣🤣🤣😂😂😂"
"සංජය සංජය","https://www.facebook.com/people/%E0%B7%83%E0%B6%82%E0%B6%A2%E0%B6%BA-%E0%B7%83%E0%B6%82%E0%B6%A2%E0%B6%BA/61584107647960","[Image Attachment]"
"Gamini Perera","https://www.facebook.com/gamini.perera.7","[Image Attachment]"
"Jayalath Darmasire","https://www.facebook.com/people/Jayalath-Darmasire/pfbid02UVmcYvmrSb4K7Gz4F4Q3nbNyPfYD8EU2rzzAjkMCRTCZJR6pHPBDqza4MkVT4nKWl","[Sticker]"
"Shiranthi Fernando","https://www.facebook.com/people/Shiranthi-Fernando/pfbid06CiucZcRybvnk91b46uwdgGt7s4UaUSD2W4TKgCDPu8LEPwWf5jdVreqFZ5H4GdLl","[Sticker]"
"Chintha Priyadarshani","https://www.facebook.com/chintha.priyadarshani.32632","[Sticker]"
"Kalum Cathuranga","https://www.facebook.com/people/Kalum-Cathuranga/pfbid0eniMsAhEBShAFYQQkLTHHXHgbau9aEqQTVimJCr4e6aY6c82ENEySLKWfWEKNCBfl","🤣"
"Sureka Ransinghe","https://www.facebook.com/people/Sureka-Ransinghe/pfbid0jgDtC4M4PWqHMdoZmquQFbyjbgMQiwe27rZwuUu2MpRZfs2m9yBN4AsczcPvaPEMl","[Sticker]"
"Sembukutti Arachchige Yasawardhana","https://www.facebook.com/people/Sembukutti-Arachchige-Yasawardhana/pfbid02fdCgMvtzwpMXyCriQF2RjPypJg2zrCMX3N34MnC1BFAGwrMYkRDhNkmzvkrcvXBPl","[Image Attachment]"
"Bandu Aramudalige Aramudalige","https://www.facebook.com/profile.php?id=61578834309859","[Image Attachment]"
"Is Thushan Senanayake","https://www.facebook.com/lahiru.nimesh.7549","👍👍❤️❤️"
"Mohamed Fayis","https://www.facebook.com/roshan.mofayis","[Sticker]"
"Athula Athula","https://www.facebook.com/athula.athula.789445","තිත්ත ගාල්ලේ බලපං දෙකට නැවිලා. ඇටදෙක. තියෙනවද කියලා."
"Kumara Pathiranage","https://www.facebook.com/kumara.pathiranage.79","[Image Attachment]"
"Jagath Kumara","https://www.facebook.com/jagath.kumara.102013","[Image Attachment]"
"Ranjith De Saram","https://www.facebook.com/ranjith.desaram.9","ධර්මිෂ්ඨ නායකයෙක් යටතේ රටම සූවපත්වන අතර මේ තිත්තයෝ. කනයි මඩකරින්ටත් ඕනෑ විදිහට නිදහසේ විඳින්න විඳවන්න ඉඩදීල තියෙනවා!"
"Zen Budha","","[Image Attachment]"
"Rasika Sampath","https://www.facebook.com/people/Rasika-Sampath/pfbid02a1D7FjNdvX2X3JRrB4knE1LZhcaU9YvjKXEDMjqziiTtqVUPWWW1ZnkagwxPY874l","පල බලු ගන ගෙඩියා"
"Dmd Galappaththi","https://www.facebook.com/dharmasiri.galappththi","👍👍👍"
"Mohammed Musadhik","https://www.facebook.com/people/Mohammed-Musadhik/pfbid0weUJgRCN2vEVSnfm93jq5dH5oFzMaQCBaxMYn7zKndt4rpYF5TCC1wyqq7S1rEkMl","[Image Attachment]"
"Manjula Priydarshani","https://www.facebook.com/people/Manjula-Priydarshani/pfbid02RSQvK2ixcLe2uK4uEzV92KNg4SbsEQ5mQDYkx6mq9bXisL4vwAe6QmjTUTUwaQQdl","[Image Attachment]"
"Ekanayaka Nandasena","https://www.facebook.com/people/Ekanayaka-Nandasena/pfbid0puib1GkkKrBVMiT2QmXKiGZCPLxFJ1vzRoWSPw7qSfppT5NGbEp5wHGHET9jqcCcl","🇱🇰☸️👈💘💘💘💘💰👈👑️👈💯💯💯👈💘💘💘👈???????👈........👈💪💪💪💪🇱🇰👭👫👈🎯💪💪💪💪💪"
"සඳ මාලී සඳ සා","https://www.facebook.com/x57827txl0","[Sticker]"
"Gamlath Rajapaksha","https://www.facebook.com/people/Gamlath-Rajapaksha/61594588603611","[Image Attachment]"
"Sabri Deen","https://www.facebook.com/sabri.deen","[Image Attachment]"
"Falil Khan","https://www.facebook.com/falil.khan.2025","😂😂😂"
"Priyantha Kumara","https://www.facebook.com/people/Priyantha-Kumara/pfbid0Sahq9GkKZUo2aLD8qZtFqGTC1zhv2une8wUDeQgcKyWPNK9vkcuHXS3eT2jQV1Kwl","[Image Attachment]"
"Chandana Kasthuri Arachchige Don","https://www.facebook.com/chandana.kasthuriarachchigedon","[Image Attachment]"
"Randobage Nandasena","https://www.facebook.com/randobage.nandasena","තිත්ත ගල්ලෙ කියන්නෙ අමුම අමු මෝඩ තකතීරු දස කැරියෙක්"
"Nilantha Bandaranayake","https://www.facebook.com/nilantha.nil.37","[Image Attachment]"
"Abdul Nazeer","https://www.facebook.com/nazeermca","❤️"
"Shakeer Rasheed","","[Image Attachment]"
"Pradeep Dissanayaka","https://www.facebook.com/people/Pradeep-Dissanayaka/pfbid02F8vZYzvsfBx14z9Ge4HiBZc3vcsqQuS5T8g5praBJyZ1pAa9dcSX6Gh1bhrn9XTRl","යකෝ රජා වුණත්  පෘථග්ජනෙක්නේ  .ජනාධිපති අධාර්මිකයි කියමුකෝ.  බුද්ධ චීවරය දරාගෙන ඉන්න තෝ ධාර්මිකද? හොර ගනයෙක්නේ. තොගේ මොකක්ද ගන්න තියෙන්නෙ.සසර කෙලවර කරගන්න කියලා චීවරය දරාගෙන තියෙන තරම් කම් සැප ටික ඔක්කොම විඳ විඳ මිනිස්සු මුලා කර කර."
"Romesh Max","","[Image Attachment]"
"Rohan Sanjeewa Rohan Sanjeewa","https://www.facebook.com/rohansanjeewa.rohansanjeewa.90","[Image Attachment]"
"Maha Gamage Dharmadasa","https://www.facebook.com/people/Maha-Gamage-Dharmadasa/pfbid02iRAFdFXfsuEDM9FhSJnDzZiGAc7AcVVvhMCiMXD4RmHk2Vj4yfJKVvMMceXibLAal","මේ කහකඩයා අනුරගෙ පයට පෑගෙන දූවිල්ලක් තරම්වත් වටින්නෙ නෑ."
"Sandaruwan Premalal","https://www.facebook.com/sandaruwan.premalal","ඔකා ගූකන පකයෙක්"
"Chandika Ruwanpura","https://www.facebook.com/chandika.ruwanpura.3","මුට  නියමට  හැකර්  ඇරපු   අහිංසක  ජනතා  මුදල්  ගිලලා  මෙි  බෞද්ධයකු  නොවෙි  ⁣දෙමල  ඩයස්පෝරාවෙන්  ඩොලර්   ගිලින  බාල  ගල් අගුරැ   ගිල්ල  කන්ටෙිනර්   323  පන්නපු  සක්කිලියා   2029  දි  දෙයි  බෞද්ධයන්  එතකං   නයට  පැලවත්තෙන්   කකා  හිටපිය"
"Rohana Rathnayake","https://www.facebook.com/people/Rohana-Rathnayake/61595116974339","බුදු බන යොදා ගනිමින් හාමුලගේ #ගූ හෝදන තිත්තගල්ලෙ සක්කිලි පරයා"
"Thsitha Karunarathna","https://www.facebook.com/thsitha.karunarathna","තිත්තගල්ලයගෙ අම්මට හුකපන් ගොන් හුත්තිගෙ පකය"
"Gayan De Silva","https://www.facebook.com/gayan.desilva.3701","[Image Attachment]"
"Sunil Sunil","https://www.facebook.com/sunil.sunil.315369","අනේගනගෙඩියො  උබත්ගිහිල්ලා  මහින්දලාගෙ ගු කාපන් ඔයිට වඩාහොදයි"
"Priyantha Samaradiwakara","https://www.facebook.com/priyantha.samaradiwakara.908","හොරෙක්වමූ මෙච්චර උඩ දානවා නම් මූ ගැන හිතා ගන්න පුළුවන්නේ"
"Chamara Roshantha","https://www.facebook.com/chamara.roshantha.5","Mun jatakayak nati sakkili ballo"
"Ronnie De Mel","https://www.facebook.com/ronnie.demel.9","මුගෙ උපාන් දිනෙ කෙක් කාප්ලා නාටන එක දැක්කාද සිවුර ගලවලා දන්න ඕනි  තානිකර සිවුර පෙරව ගත්ත ජරා එකෙක් වාසළයෙක් කරුමයක් කාල්කාදුරු තිත්ත එකෙක්"
"Sumith Lalindra Perera","https://www.facebook.com/sumith.lalindra.perera","Muta pissu.,.........🖕🏼🖕🏼🖕🏼🖕🏼🖕🏼🖕🏼🖕🏼🖕🏼🖕🏼🖕🏼🖕🏼"
"Ananda K Mahahithana","https://www.facebook.com/profile.php?id=100068121481882","අනේ තොගෙ අමිිමට තිත්ත ගල්ලයා උබෙ අමිිමට හැමනෙන්නෙ නතුව ඉදින් පකෝ තෝ කවුද රටෙි ජනාධිපතිවරයාගේ නමකියල  මෙහෙම  කියන්නෙ මෙහෙම මෙිකකමා උබට කරන්න පුලුවන් පකයා"
"Ruchiranga Dias","https://www.facebook.com/ruchiranga.dias","මුමොන  කැන්න  පොරියෙක්ද...බල්ලො  හු##පු...සුක්‍රානු..ඉහිල  හැදුන...කැන් ගොරි..ප ගයෙක්......"
"Charitha Rathwtte","","Http thoge views ganna nikan NGO INGo salli gahana http. Une amma gani dipan"
"Ushan Tharanga","https://www.facebook.com/people/Ushan-Tharanga/pfbid02vkhqm8Z2ZF8uZpcATSd95WN3UJRbBt47q8sYj5g5C5usHbCvCEnjAY6zUiz3Q6ahl","පළ ponna kariya යන්න, kariballo siuradaninnakal කාට උනත් හාමුදුරුවෝ කියන්න ඕන නම කියන්න අයිතියක් නැ සාමාන්‍ය මිනිහෙකුට තෝ kariballa තොගෙ අම්මාට බල්ලො hukala හදපු kariyek puka deepan කොන kapapu untai තොපේ pacha kotatai"
"Samantha Ekanayake","https://www.facebook.com/samantha.ekanayake.52156","අනේ පලයන් වෙසිගේ පුතෝ සිවුර තියලා ගෙදර"
"Suranji Perera","https://www.facebook.com/people/Suranji-Perera/pfbid02sWkjPaHzfpGpipNKXBSTUd2AHfNGr2fyy3BKd4niMnaYJUPiM3nkkJcLLjezzEdil","මිනීමරැ,හොර,ස්ත්‍රි දුෂකයන්,පගා කාරයන්,රට අගාධයට දැමූ බව ජාත්‍යන්තරයත්, ශ්‍රේෂ්ඨාධිකරණයත් පිළි අරගෙන තියෙද්දී,උන්ට අරහත් වෙන්නට පුලුවන් නම්......ඔබ දන්න බුදු දහමට ගැන කුමට  කතාද? කාලයක්, පිටිදුවෙ ශ්‍රමණයන් රහත් කීවේ ඔය කටින්ම   නෙවෙද? සුවපත් වේවා!"
"Mdis Rajasingha","https://www.facebook.com/mdisr.mdisr.7","මම ආගමට අපහාස කරන්නේ නැ කවදාවත් එත් මම කැමති නැ මේවාගේ සිවුර දාගෙන ඉන්න එවුන්ට මේවාගේ මිනිසුන්ට අපහාස කරලා කුනුහර්ප කියලා බනින සිවුර දාගෙන ඉන්න එවුන්ට මේවුන් හින්දා තමයි ආගම විනාශ වෙන්නේ අපි  අද අසරන උනේත් මේවාගේ සිවුරක් නිසා සිවුර දාගෙන නාමල්ට රහත් වෙන්න පුළුවන් කියද්දි  මේ සිවුර දාගෙන ඉන්න එකාට බැරිවීම තමයි ප්‍රශ්න මේච්චර කාලයක් සිවුර දාගෙන රහත්වෙන්න බැ නාමල්ට පුළුවන් කියලා කියන්නේ මු හොර  සිවුරේක් නාමල් රහත් වෙනයානම් ඇයි රට වටේ ඇවිද ඇවිද විඩියෝමන්ලා දාගෙන ඇක්ෂන් දාගෙන තැන තැන යන්නේ රහත් වෙන්න එපැයි ජනාධිපති වෙන්න දගලන්නේ"
"Geethani Namal Gamage","https://www.facebook.com/geethani.namal.gamage","මේ චීවරදාරියා     මොන තරම් බොරු කාරයෙක්ද 😂😂😂😂"
"Srimal Perera","https://www.facebook.com/people/Srimal-Perera/pfbid0ZMruEsnyh1hWoEJU4r12CJWQxUfo1ML3oxrwh3PoHKw7B7Pur3yyFrT6asR8gb1ml","ඔබතුමා කව්රු උනත් මෙම පැහැදිලි කිරිම හරිම අගෙයි ඔය පාහර බල්ල ට කියන්න වචන නැ චන්දෙ දීපු අපි තමයි කමෙන්ටට්ස් දාන්නෙ"
"Bernard Silva","","ඥානසාරයාගේ කපාපු පලුව. එකම පවුලේ ගෝරිල්ලෝ දෙන්නෙක් රාජපක්ෂලාගේ අසුචි කන 😂🤣 ඕකවත් ඇතුලට දාන්න ඕන ඥානසාරයාගේ තනියට ..."
"Ajith Pushpasiri Kiththangodage","https://www.facebook.com/people/Ajith-Pushpasiri-Kiththangodage/pfbid02qsddXpHCDnkHfTGk2Wk2wC2GxcATDgsKcWxsjwYLaNaC14ujBdTHLyxU9vTJqzNHl","Mut medamulane gukanaekek tu witarak waduru muna"
"Gunasekara Ranepura","https://www.facebook.com/gunasekara.ranepura.2025","තිත්තගල්ලේ පිස්සෙක් අපතයෙක් තිරිසනෙක් මෝඩයෙක්"
"Wikum Dharmasiri","https://www.facebook.com/people/Wikum-Dharmasiri/61573587727856","මතකද රාජපක්ෂලා බුදුන්ගේ නෑදෑයො කිව්ව එකාට වෙච්ච දේ තමයි මූටත් වෙන්නේ. මූ කියනවා නාමල් අරහත් වෙන්න සුදුසු මට්ටමක ඉන්නවා කියලා🤣🤣 මේ"
"Wikum Dharmasiri","https://www.facebook.com/people/Wikum-Dharmasiri/61573587727856","පච කෙළිනවා නෙවෙයි ළඟදිම උඹෙ අම්මට කෙළිනවා ළඟදීම!!"
"Karu Uhanovitage","https://www.facebook.com/karu.uhanovitage","Tho darmikada huththo,selayak ragena hitapan ammath ekka bidiyanawanam siura galawa gedara palayan  Bijja naginawada"
"Prasangi Wimalarathne","https://www.facebook.com/prasangi.mudannayaka","https://www.facebook.com/share/v/1CHns4W1Z3/  ඔන්න උත්තර හම්බවෙයි මහත්තයො හොදට අහගන්න😁... තෙරුවන්සරණයි! ගල් වෙනුවට මල්💐"
"Subasinhage Jayantha","https://www.facebook.com/subasinhage.jayantha.1","Oya tita galla pissat ekai can saryt gon pakyo okunga ew ballanna pisso🤣🤣🤣🤣🤣"
"Zen Budha","","සුවපත් වේවා 🙏"
"Lakshman Silva","https://www.facebook.com/lakshman.silva.894667","වෙස බල්ල තොගෙ අමිම පදුරැ අස්සෙ ඉදින් තො වැදුවට අනෙ සිවුරැ පකෝ තො පකය හරිහැටි බුද්දහම ඉගන ගෙනවත් තියනවද පල් හොඑෙක්ට පුළුවන් ද පකො රහතිපල ලබන්න"
"Malkanthi Malkanthi","https://www.facebook.com/people/Malkanthi-Malkanthi/61572959055299","මහජන මුදල් රහත් කරපු නාමල්ට කඩේයන තිත්තමගල්ල"
"Indika Senevirathna","https://www.facebook.com/indika.senevirathna.911302","තිත්තගල්ලේ පකයාත් ඇතුලට දැමිමානමි හරි"
"Pradeep Lansakara","https://www.facebook.com/pradeep.lansakara.9","මේ හොර සක්කිලි කහකඩයට ගහල පන්නත්න ගමේ එවුන්ට පන නෑ මුහොරු මුනෙ හැටි අසුචි බේරෙනව"
"Rangana Wanniarachchi","https://www.facebook.com/achidu.kolla","බෙරේ නෙමෙයි පඩේ සද්දෙයි දොරේ සද්දෙයි"
"Upali Thilakaratne","https://www.facebook.com/people/Upali-Thilakaratne/pfbid02kPwUxFkobTnPpfjryhZaPhwzNgQPZiTjRS8etW7ctRJn3ZUL8uXRUhXEthcgAbjdl","මේ මහසෝනා රෑට නම් වඩම්වනන එපා. ලමයි, කාන්තාවන්, මහලු අය, නූල් බැදලවත් හොද කර ගන්න බැරිවෙයි අපොයි/ / මහසෝනා කට ඇරියෝ."
"Velegedara Nevil Jayarathne","https://www.facebook.com/profile.php?id=100030273372420","බලු වෙසිගෙ පුතෝ..අපි දන්නවා ජෙවිපි  කාලකන්නි සහරාන්ට වඩා ඥනසාර හාමුදුරුවන්ට තරහ බව ඒ තොපි එදා ඉඳන් බෞද්ධයට කෙලින කාලකන්නි නිසා , 88,89 ත් තොපි හාමුදුරුවන් 16ක් මැරුවා. මෙ පාරත් ඒකට තමයි ලෑස්ති වෙන්නෙ"
"Tissa Udumullage","https://www.facebook.com/profile.php?id=100023997976809","උබෙනෙ පච කියන්න පටිට හොර ගනයා"
"Ruwan Champika","https://www.facebook.com/ruwan.champika.680073","කැරි තට්ටයා සියුර ගලවා ගාහාලා පන්නා දමන්න"
"Sunimal Perera","https://www.facebook.com/people/Sunimal-Perera/pfbid0MtSgNnZ5J92X95D2xThferWxqYfWzzH8Bb4tAmxWhNp3SLds4H2mq2e9D5XYVomrl","රටේ පවට උපන් ගන පකයො"
"Vipula Jagath","https://www.facebook.com/vipula.jagath.10","අනෙ පල කාලකන්නියා අපෙ ආගම කන පිනට කන නැමොලයාගෙ කටුකන බල්ලා"
"Kumara Singha","https://www.facebook.com/people/Kumara-Singha/pfbid02iik4Ft3PLxkg5M8UFLFAWcEfMLG4Ng6SNGCz66G2eFfXmd3bHngRas7X8jyjXg8kl","ඔික.තිත්ත.ගල්ල.නෙවෙයි.හුත්තේ..ගල්ග"
"Jayantha Jayathilaka","https://www.facebook.com/jayantha.jayathilaka.18","තිත්ත ගල්ලයා මුළු බුද්ධාගමම විනාශ කරනවා"
"Rohini Terese Emmanuel","https://www.facebook.com/terese.nazrin","මූ අමු අපතයෙක්"
"Tgd Bandara","https://www.facebook.com/people/Tgd-Bandara/pfbid02pxzZ28VpkEkfEtAhYNsJQ14EuB2beB7Y8j3CLFRdTRTpZ1bPvGtM91xg9muMpFgol","Walparaganaya"
"Thilak Ranasingha","https://www.facebook.com/thilak.ranasingha.2025","හොර ගනයෙක්.සංඝයා ධාර්මික  නැති⁣ එකෙ රට කොහොමද හැදෙන්නෙ. නැමෙලය හරාහත් නෙවෙයි හරකෙක් වෙයි.පට්ට හොරක්.."
"Wattegedara Sunil","https://www.facebook.com/wattegedara.sunil.2025","මෝඩම මෝඩ බමුණා. බමුණන්ටත් ලැජ්ජයි උබලා වගේ සිවුරුබමුණෝ උඹල සිවුරක් දාගන්න හිතාගෙන ඉන්නේ මේ ලංකාවේ ඉන්නේ මිනිස්සු මෝඩයෝ කියලා නේ? උඹලා බමුණුකාරයෝ ඔබලා සතා පහකට ගණන් ගන්නෑ එක බමුණෙක්වත් දැම්මේ ලංකාවේ ඉන්න ජනතාව හොඳට තෙම්පරාද වෙලා ඉන්නේ උඹලගේ ඔය බොරු ධර්මය හින්දා උඹලට වැඩිය දැන් ඉන්න ගිහි ගිහියෝ අපේ බුදුන්ගේ ලෝකෝත්තර ධර්මය දන්නවා හොඳට ඒක හේතුඵල දහමක් උඹල ඒ දහම දන්නවා නම් ජනාධිපතිතුමා ඔය වගේ කතා කියන්නේ නෑ ජනනාධිපතිතුමා ඔව්වා සත පහකටත් ගණන් ගන්නෑ . ඒ නිසා ඒ  කියපුවා ආපසු ඔබලටම එනවා. එතකොට ඔබලා මේවා ආපහු භාර ගන්න ඕනෑ තමන් කරන කියන දේ අනුවයි සියලු දේ සිදුවන්නේ ඒ  තමයි හේතු පල දහම කියන්නේ දැන් ඔබලා කියපු කරපු දේ අනුව හේතු වලට පලය ලැබීගෙන යනවා හැම කෙනාටම උඹලට ආයි මේ සසරේ ගැලවීමක් නෑ ඒක විතරක් හොඳට මතක තියාගන්න"
"Jayasena Gunawardana","https://www.facebook.com/people/Jayasena-Gunawardana/pfbid0VyW2xUnCUvJTuSTMotet9Udq775t19GPbhg4t4JU3QdR1U78RUv27diqhhLkHyAKl","THITHTHA GALLE UBA YATATA ADALADA INNE.HORUN EKKA BIDIYANA PARAYEK.BALLEK KIYALA A SATHATA AWAMAN KARANNA HODA NE."
"Stella Fernando","https://www.facebook.com/stella.fernando.568","හිරගෙදර හොරකම් කරන්න දෙයක් නැයි නිසා බාවනා කරන නව ඇති  නැමොලය හොරකම් කරපුව මුටත් දිල ඇති"
"Sunil Nandasiri","https://www.facebook.com/sunil.nandasiri.66448","Pal horakuta rather wanta.puluwan kema pachayak"
"Siyani Mallawaarachchi","https://www.facebook.com/people/Siyani-Mallawaarachchi/pfbid0XJpcYjVXvk7NVLrgAew8W7vesMPPiU6QVRUW9Bn5DzyezSrRVSn42ezwDZh3DULSl","සිවුරු  හොරා😂😂😂"
"Thilak Preme","https://www.facebook.com/profile.php?id=61580107471738","Me.ganayage.penumenma.keyanna.puluwan.adarmista.ganayek"
"Ranga Lakmal Appuhamee","https://www.facebook.com/people/Ranga-Lakmal-Appuhamee/pfbid02SLPy6GLafvGsucgo1AguZcWym3xnNpYJb7Jyfn9zEks2KLWpQCrpqz7aCfaybY18l","Ammata hukavanava thattaya"
"Ruwan Milroi","https://www.facebook.com/ruwan.milroi.2025","තොඑක්කගිහින්  බඩුගහලවගෙනෙද"
"Ruwan Milroi","https://www.facebook.com/ruwan.milroi.2025","මෙයකටටගන්නවද  නමල්මෙයට  පුක්ගහනවද"
"Senavirathna Keerthi","https://www.facebook.com/senavirathna.keerthi","මුන්ට මයික් අල්ලන ගෝතයොත් ඉන්නවනෙ"
"Senavirathna Keerthi","https://www.facebook.com/senavirathna.keerthi","මේ ගනගෙඩිය උගෙ අම්මයි අප්පයි ජොලියට කෙලල කරුමෙට හැදිච්ච එකෙක්"
"Raweendra Saparamadu","https://www.facebook.com/raweendra.saparamadu","තිත්තගල්ලෙගෙ සැබෑ තොරතුරු දැන් තමා අපිට ලැබෙන්නෙ, හමුදාවෙ ඉඳල පස්සෙ නිධන් කඩල, මහන වෙලා නඩු 14 ක් තිබිල, නාමල්ලට කියල ඒ ඔක්කොම ගොඩ දාගෙන, පංසලක් අටෝගෙන මිනිස්සු ආගිය පාරත් වහල දාපු කෙනෙක්ලු., හොරුන්ට කඩේ යන්නෙක් ..."
"Lionel Weerasinghe","https://www.facebook.com/lionel.weerasinghe.516968","මේවගේ  කහපාට  රෙද්දකින් සැරසී මේ මොකක්ද නටන නාඩගම මේයකා  සඝසසුන කන්න හදනව මේ හරකට රැවටෙන බැතිමතුන්නුත්  සැබෑම බෞද්ධකම  රැකගන්න මේ බයිසිකලේ ඉන්නේ නියම බෞද්ධ දර්ශනය  රැකගන්න වෙහෙසෙන නියම බෞද්ධයෙක්  එකතුවන්න  ඔහුසමග සිද්ධාර්ථ චරිතය බුද්ධ චරිතය මෙනෙහිකර  මූකවුද හිතන්න"
"Ravidu Heshan","https://www.facebook.com/people/Ravidu-Heshan/100024858437130","අනේ පල පන්සලකට"
"Aruna Chaminda","https://www.facebook.com/people/Aruna-Chaminda/pfbid02RXYdJZCNF2cLp1KQWqPhDc7V2cE9dFt3YQPJqJRufUgSfzg2ijYHG1LYxiEVXug3l","Karie.ganaya..amata..hukapan."
"Priyantha Ranjan Ramanayake","","නියමයි පුතා ජනතව දැනවත් කිරිම අනර්ගයි ඉදිරායටම යමු මලිමාවට ජයවෙිවා"
"Kmy Siriyalatha","https://www.facebook.com/kmy.siriyalatha","ඉදකින් මේ සිංහල කල්ලතෝනි මූසලයෝ.හාමුදුරුවන් ටමයි අපහාස කරන්නේ."
"Chandra Thissa","https://www.facebook.com/chandra.thissa.2025","මේ...උන්.. වහයලාගෙන්.. බෞද්ධ ආගම.බේරා.ගනිමූ.ජහළුවනේ.තෙරුවසරණයි.හැමෝටම"
"උදාර සම්පත්","https://www.facebook.com/hmu.sampath","තිත්තගල්ලෙ මනෝ විකෘති දර්ම විකෘති සක්කිලියව අමුඩ අන්දවල පුකේ පච්චකොටල රටින් පන්නන්න ඕනෙ"
"Ashoka Wejathunga","https://www.facebook.com/ashoka.wejathunga","කාලකණ්නි තිත්ත ගල්ල පකයා.තොටත්  ඇතුලටතමයි යන්න වෙන්නේ."
"Priyantha Perera","https://www.facebook.com/profile.php?id=100000607336583","ඔය පඩ ගෙනල්ලා මාධ්‍යය ටොක් දීල උන්ව පොරවල් කරන්ඩ එපා. උන් වාෂ්ප වෙච්ච පඩ..!"
"Daisy Priyanthika","https://www.facebook.com/daisy.priyanthika.2025","මේ සිවුර අස්සෙ හැංගිලා ඉන්න සමහරක් මුග්ධ ගනින්නාන්සේලා මේ රටටවත් ජාතියටවත් ආගමටවත් කරන සෙතක් නෑ.රට ජාතිය ආගම විනාශ කරනව.අලුත්ම නාටකය පටන් ගත්ත තිත්තගල්ලය.මූත් සංඝ පාතාලයෙ එකෙක් මූත් අවධානය ඉල්ලන්නෙ.අමු පිස්ස ඕක"
"Nimal Jayashantha","https://www.facebook.com/nimal.jayashantha.5","අනේ පො...පක...යෝ තෝ කඩේ යන්නේ එතකොට දර්මිස්ට මිනිහෙකුටද ප..ක...යා"
"Susanth Thalahagama","https://www.facebook.com/susanth.thalahagama","මං වගේ අමනයන් තමයි රට විනාශ කලේ ඇත්තමයි මුළු සංඝරත්නයටම අප හාසයක් මේ දේපාලකයන්ගෙ වහල්නම් කරන චීවර දාරීලන් කරන්නෙ හාමුදුරැවොන්ට වදින්නත් එපා වෙලා තියෙන්නෙ මේ කබරැ නිසා"
"Jayanthi Mala","https://www.facebook.com/jayanthi.mala.823033","මීහරකෙක්"
"Jayantha Bandara","https://www.facebook.com/hmjayanthabandara","ඇතුළට නෙවෙයි මුන්ව ගල් ගහලා මරන්න ඕන ගොන් පකයි"
"Jayantha Bandara","https://www.facebook.com/hmjayanthabandara","තොපි දන්න බණ පකයෝ ඔයිට වඩා හොදට බණ දන්නවා වෙනත් ආගමිකින් නාමල් තොපිට අධ්‍යාත්මිකනම් දන්නෙනැ ශාරිරිකවනම් තොපිට පුකේ ඇරලා ඇති"
"Pasinda Gamage","https://www.facebook.com/pasinda","Ven Thiththagalle Anandasiri Himi  😂 ඇවිදින සිවුරු රඳවනේ 😂"
"Indika Senarathna","https://www.facebook.com/people/Indika-Senarathna/pfbid07qxKRHjuWpthy1Fb24yq4ybNnoVSRb3xy3teHhUFdmhPpfjBRtKK5qibZxggxfP3l","Mamath. Meyaka. Gana. Pahadili. Wa hitiye. .mekath. ..jalakanniyek"
"Prasath Rasanga Rathnayaka","https://www.facebook.com/prasath.rasanga.9","තිත්තගල්ලේයෝ කාලකන්නි යා මහින්දලාට කඩේ යන්න එපා කැරියෝ"
"Ravindu Ganegoda","https://www.facebook.com/ravindu.ganegoda.56","මුලින්ම තිත්තගල්ල උඹ හරියට  මහණ වෙලා අර්හත්  බවලබාගනින්.අසූචි කන  ඌරෙක් වෙන්නෙ  නැතිව..."
"Shantha Fonseka","https://www.facebook.com/shantha.fonseka.2025","හුත්තේ ගල්ලේගේ අම්මට හුකන්න ඕනි කැරපොත්තය"
"Priyantha Weerakkody","https://www.facebook.com/priyantha.weerakkody.29661","එතකොට රටට බන්කොලොත් ඌනෙ ඒ සියලු රජ වරු අඩර්මික නීශා කියල යකො මූට තෙරෙන්නෙ නෑනෙ"
"MG Samaranayake","https://www.facebook.com/people/MG-Samaranayake/pfbid0712dMjFySjKqYat27XfnauPuiwgWSx9ipBJrJTfVubLCjj4wK8LmX1KSF9ePAVBEl","රජා ධාර්මික වෙන්න ඕන උඹ කාරෙද්දක් දාගෙන බුදුන් වහන්සේගේ පිහිටෙන් බුදුන් වහන්සේගේ ඉදිරියට ගෙනියන්න ඒවා රකිමින් ඥාවෙනි එකා උඹ පාර බලලා රාජපක්ෂලාගේ අරුන්ගේ ඉඳපන් ඒකද කියන්නේ"
"MG Samaranayake","https://www.facebook.com/people/MG-Samaranayake/pfbid0712dMjFySjKqYat27XfnauPuiwgWSx9ipBJrJTfVubLCjj4wK8LmX1KSF9ePAVBEl","අනේ තිත්ත ගල්ලේ සිවුරු රඳවනයෝ උඹ බුදු සසුන රැකගෙන බුදුන් වහන්සේගේ ධර්මය ඉදිරියේ ඒ අනුගමනය කරමින් රැක ගනින් උඹ මේ අර හොර තක්කඩි ජාතිවාදයය ආගම්වාදය අවසන නරින්ට පාහරණයට පාදයන්ට කඩේ යන්න එපා උඹ වගේ උං ආයි කියලා කියන්න වචන නෑ මට පාහර බල්ලෝ"
"Ananda Liyanarachchi","https://www.facebook.com/ananda.liyanarachchi.2025","මේ චිවර  ධාරියගේ ජාතකයේ වරදක් තියේන්නේ"
"Sarath Weerasinghe","https://www.facebook.com/people/Sarath-Weerasinghe/pfbid0zWUHyi2tzdfStwf6YrQjyHXvejmybZ2xVEVitBzsmGqNEZP5XHjegFFgjboBpT7pl","තිත්තෙ උඹත් හෙණ හොර ගනයෙක් කියලා දැන්නම් පැහැදිලිව පේනව මොකද කම්ම්බ හොරෙක් වෙනුවෙන් පිනීඉන්න පුලුවන් ඒවගෙම හොරෙකුට විතරයි .😂"
"Sampath Kumara","https://www.facebook.com/people/Sampath-Kumara/pfbid02ishTeVvuULg49XLW5mRaW1dxtegy3GTr3cvbXamhe97VCaJS6fXLMJ3j4TKQsN1Ul","Gon pakala tama innawa"
"Dinesh Kumar","https://www.facebook.com/dinesh.kumar.703657","Muta.  Netya.      Wana.  Onae.  .. usalalya"
"Nimal Weerasekara","https://www.facebook.com/nimal.weerasekara.98","මේ වගේ පාහර බල්ලෙක් කටින්ද මේවා කියනේබල්ලෝ නිර්මල බුදුදුහම  ව්කෘර්ති කරන්න එපා. මුගෙ සිවුර ගලවලා ආගම බේරාගත්තොත් හොදයි"
"Yasapala Dias","https://www.facebook.com/people/Yasapala-Dias/pfbid029kanjNPSXDjTMCk3NqdtiYqnhkGQmjeLWG41ruc8ZJo56pNNvecAuFSfu7MUR9k7l","මෙි ආන්ඩුව ජනතාව පත්කර ගත්තේ වෙනසක් බලාපොරොත්තුවෙන් එය සැම අන්ශයෙන්ම වියයුතු බවයි ජනතාව බලාපොරොත්තු වන්නේ එතකොට තමයි ලබන දියුනුව යථාර්ථ වන්නේ ආණ්ඩුව ඒක තාම තේරැන්අර⁣ගෙන නැහැ වගේ"
"Mohamed Fayis","https://www.facebook.com/roshan.mofayis","Kawda pacha keliiney kiyala janathawata Hodama Dannawa"
"Ruvan Senewirathna","https://www.facebook.com/ruvan.senewirathna","Ma hamuduruwot horak  daduwama akai"
"Nimal Hettiarachchi","https://www.facebook.com/nimal.hettiarachchi.16","තිත්තගල්ලෙ මම කතළුවෙ උබගමට වරෙං බලාගමු"
"Sena Samarakoon","https://www.facebook.com/sena.samarakoon","අසූචිවලටවැටුනතවත්,එක,ඌරෙක්,ඔය."
"Ranjith Darmakirthi","https://www.facebook.com/people/Ranjith-Darmakirthi/pfbid0LA5ZaXxC89UJh7ALrbruCc9QhfT8EUg1LWUFEiCZK7vFvaHUbACDrvh48d6N1quLl","මෙහෙම උන්ට හාමුදුරුවො උනත් අම්මටම හුකප කිවට පවු නෑ"
"Gamini Matara","https://www.facebook.com/people/Gamini-Matara/pfbid03qZAp1fVwhbtv5SCBWw8gpCX2dQJBW2HzZ9fN6BCTV3Yw7Pd8ACpnxsgNnyUxGSKl","මුගේ අම්මට හු#ලාත් මදි"
"Sunil Shantha","https://www.facebook.com/people/Sunil-Shantha/pfbid09qptaKWnWvmj9uKoXLoSyATqmZs6UR31efSP1DujzmxPvuEZBprCAqg5XWCrz5Xvl","හුත්තගල්ලෙ   චීවරදාරිය  හොර දූසිතයො සමග බාල්කන පකයෙක්"
"Dhammananda Himi","https://www.facebook.com/people/Dhammananda-Himi/pfbid0jbxrG9urBY7CqVe7tcTZ8MuCiFMt3NtFEkYEU78QUBRSM2Ke2eZVcombL7xWpLr9l","පිස්සෙක් තිත්තගල්ලෙය"
"TA Chandrasena","https://www.facebook.com/people/TA-Chandrasena/pfbid0SjDu15cjyPEmVinjZEQgmUDeUnnJ5kFU3EEjqAFDUaaJ5BeJMHnAboU5dAGo8fuNl","තිත්තගල්ලෙයි ඉත්තෑවයි කහපාට රෙද්ද පොරවා ගෙන ඉන්න හින්දා මිනිස්සුන්ගෙන් බේරිලා ඉන්නවා නැත්නම් අම්බානක ගුටි කනවා කපටිකමට තමයි කහ පාට රෙදි පොරව ගෙන ඉන්නේ"
"Layanal Layanal","https://www.facebook.com/people/Layanal-Layanal/pfbid0278ZdJVSG58yYYM9vFL8beDUVSBXKLm8DwYKCmrTPbu7HZBitTep5zzLHnQFDVik1l","Tittagalla huttiga puta"
"Anil Darmarathna","https://www.facebook.com/people/Anil-Darmarathna/61590041566079","නාමල්ලා හොරා කාපු ජාතික ධනය.. පරිශීලනය කරන මිනිහෙක්,, අනුරගේ හොඳ කියයිද.. මෙයා පැහැදිලිවම රාජපක්ෂලා ගේ ගොට්ටෙක්... මමත් මෙයාගේ දේශනා අහ අහ හිටියේ.. දැන්නං ඊයියියා.."
"Premarathna Bandaranayaka","https://www.facebook.com/premarathna.bandaranayaka.3","අනේ මේ තිත්තගල්   ලෙ ප..යා බනක් දහමක් කරගෙන පන්සලේ හිටපන්.කවුරුවත් රහත් කරන්න යන්න එපා.හොරුන්ට ඒ දේ කරන්න බෑ.උඹ  ඉස්සරලාම රහත්වෙයන්"
"Sirimal Deegodage","https://www.facebook.com/people/Sirimal-Deegodage/pfbid032Cm12tPu6b8hqSHv9u8TtaGEbcMLR33VLdFHebfYfBkMKYiXFFxzrDT8NnKvaHg5l","හාමුදුරුවො වශයෙන් මම කැමති හිමිනමක්/ ඒත් ගූ කාපු බල්ලන්ගෙ කටවල් පිහ දාන්න ගිහින් සිවි රෙ ගූ ගා ගන්න එපා"
"De Ranjithlal","https://www.facebook.com/de.ranjithlal","එතකොට හොරකම් කරන හැමොම නිවන් දකින වද. 😡😡😡😡"
"Priyatha Rathnayaka","https://www.facebook.com/priyatha.rathnayaka.2025","පල හුත්තිගෙ පකයා  යන්ට අපෙ රජා අපිට  හොදා👍👍👍"
"Jayasundara Senarath","https://www.facebook.com/people/Jayasundara-Senarath/pfbid02pdt52fRGHGK6bMEc34UBzxeRbRPB156mVEwruyENwsWAyXEqNBmFgPQzACTvuTVil","ඕකා ගොනා නොවේද පුතා"
"Sanju Sanju","https://www.facebook.com/sanju.sanju.369425","තිත්ත ගල්ලේ ඔයනම් ඇත්තටම තිත්තයි ඔයි"
"Tennakoon Mudali","https://www.facebook.com/tennakoon.mudali","මේ අවලම් පාහර පාදඩයා ගැන මම නම් දැනගත්තේම කල් ඇතිවම.මේකා සමන්තභද්‍ර ලග ඉදලා,එතනින් ආයේම ඇවිල්ලා එයාටත් විරුද්ධව නැගී සිටියා.මේකා ඒකා කියන්නේම,මූ බණ කියා අමුම බේගල් ඇදබාන සක්කිළිම වේශිගේ පුතෙක්.මේ වගේ පාහරයන් රටේ බහුලව බිහිවන්නේ කොහෙන්ද කියලා,හොදට හොයලා බලාපල්ලා.අවලම් සක්කිළියා,තෝ උතුම් ජනපති තුමාට,අවලාද නගන්න ආවොත්,තොගෙ කන පලනවා.මට නම් සක්කිළි වේශිගෙ පුතා මුන ගැහෙන්න එපා.අවලම් සක්කිළියා තෝ හිතාගෙන ඉන්නේ භික්ෂුවක් කියලාද? නරුම බල්ලා ගෝරිල්ලා වගේ ඉදගෙන තෝ මැරයෙක් ලෙසමනේ වැඩ කරන්නෙත්.තෝ වගේම අවලම්ම වේශිගෙ බල්ලෙක් වෙනුවෙන් නේ තෝ ඔය කුප්පකම් කරන්නේ.තෝ දැනගන්,මම ඇදුමට ගරුකරන එකෙක් නොවන බව."
"Dasman Gamini","https://www.facebook.com/people/Dasman-Gamini/pfbid0FitZ5FYwpEYfwKohrem4a1pNS2qkfak12WehUb2ZcVyPwohFDTR77bqWDGNN4hPXl","Supiri viwechanayak yhanks saho"
"Ajith Kothalawala","","Rajapaksalage sanga pathale set eka oya. Rajapaksalage nikaye set eka"
"සම්පත් අබේගුණවර්ධන","https://www.facebook.com/vs7e1u27k5","Bala  pakayo  ganaya  mahanawayan"
"Sepalika Mal","https://www.facebook.com/sepalika.mal.16","Oai namalege puka lewakapan"
"Manoj Sugath","https://www.facebook.com/people/Manoj-Sugath/pfbid02ogQKzwerWTVKi6iQz6oxx4Pz1abCGVPTyEzCqP57Cp23porf5GCysjTYxMey7x8ml","Munge nayakayo horu kiyala Dana danama thawath pukadewane.,munwa pansal walin gahala Panna one......."
"Upali Jayathissa","https://www.facebook.com/people/Upali-Jayathissa/pfbid033KxV8eLFVUixxpb9ppvxCWa3qnYbUGKrhyt8ZPhWrdLuzuaZ9CPmxQj4HjbnvduYl","රාජපක්ෂලා.ගහල.පැන්නුවෙදාර්මික. නිසාද."
"Kmd Dewaka","https://www.facebook.com/people/Kmd-Dewaka/pfbid05VsvSmLimM43qWzJLbt5XsGKoPqvfKGsFC6YzjtGNjxUz9rJwpTVDwNVSWGcf49Dl","තට්ට පකයෝ   තොට    මෙි  අාන්ඩවෙන්  වරදාන  වරප්  පසාද  නැති  නිසා  මෙි අාන්ඩුව  හොද  නැ  කුඩ්ඩා  තොට  හොචයි   තෝ  මට  හම්බ  උනෙත්  තටාගේ රෙද්ද  ගලවපා   අන්දනවා බල්ලෙක්ට  හරිද  මෝඩ   මුසලයා   ගංජ  කාරයා"
"Jagathsiri Karunarathna","https://www.facebook.com/jagathsiri.karunarathna.2025","Topila  apa  buda sasnyta  apuwanhar bllaka"
"Madhsi Disanayaka","https://www.facebook.com/people/Madhsi-Disanayaka/61578132537414","මේ තිත්ත ගනයා නිදන් හොරා  මූට නඩු 8ක් තියනවා මට හිතෙන්නේ  මූ ගනයා  සමන්ත බඩ්ඩගේ මල්ලියෙක් වගේ මුන් තමයි පාතලේ ගොල්ඩ්  පාදලා"
"Roshan Chandana","https://www.facebook.com/people/Roshan-Chandana/pfbid02SFUvs9Nitwwm243wDs2pfRYT1TZsktgjaRc7XFHdSNXMQi7wUw4NmyfH7GnarmTrl","ඔය ගොන් ගනගෙඩිය .ඕකගෙ සිවුරගලවලා ජන්ගියපිටින් ගහලඑලවන්න මේ රටේ මිනිස්සුනැද්ද"
"Senaka Wagulla","https://www.facebook.com/people/Senaka-Wagulla/pfbid0y4AH21jnTNFB72ZSfMBFboFgm971Dh2fHhHhjgT59DsL4m7LZQ84ht3x3WUAF55tl","තොගේ අම්මට හැ,,,,,,තොපිහොද ධාර්මිකයො"
"Preshath Disanayaka","https://www.facebook.com/people/Preshath-Disanayaka/pfbid0bLXmkSdEe7H5rzwMmN7k635yPCJMauQfuTkTd8hQXd4DMz4wH4dCmWZcCCx6zZGAl","මු නේද අඵත් ආගමක් හදනවා කීවූව පකයා"
"Srilankan Tour","https://www.facebook.com/srilankan.tour.2025","මූ කොහොමත් තිත්තයි පොන්න පකය"
"Sdd Dharshana Darshana","https://www.facebook.com/sdd.dharshana.darshana","😂😂😂 මචං ඔවූන් හාමූදූරැවරෑ නෙවෙයි ගංජා කාරයො.ඔවූන්ගෙ ගාල් ඇතූලෙ හැට වෙන දෙවල් බලන්න ඕන 😂😂😂😂ඔවූන්ට නීකං කන්න දෙන උන්ට ගූ කවන්න ඕන 😂😂😂😂😂"
"Nandhana Liyanage","https://www.facebook.com/nandhana.liyanage.2025","ඉතින් ගොනෝ....විරෝධය පාන්නේ නිරාගාමික ගෝත ජෙප්පෝනේ! 🤮🤮🤮💩💩💩"
"Kanthi Rajani","https://www.facebook.com/kanthi.rajani","මේ තිත්ත ගල්ලට  පිස්සු මුනුත්  යැපෙන්නේ රාජපක්ශලාගෙන් නාමල්  කියන්නේ ප්ට්ට හොරෙක්නේ  මූ නායක හාමුදුවන්ටත් බනින කාලකණ්නියෙන්"
"Nethmika Kumara","https://www.facebook.com/people/Nethmika-Kumara/pfbid0BVVdurfMmZVN1uAQ2HdVqyofskm3Yn9JCd42281jPyfLBY2MTn9N84DvdDQ1AQdPl","සල්ලී..වලට...පූකදෙන...කභකඩය"
"සුද්දයි සුද්දියි","https://www.facebook.com/people/%E0%B7%83%E0%B7%94%E0%B6%AF%E0%B7%8A%E0%B6%AF%E0%B6%BA%E0%B7%92-%E0%B7%83%E0%B7%94%E0%B6%AF%E0%B7%8A%E0%B6%AF%E0%B7%92%E0%B6%BA%E0%B7%92/pfbid02HrBnnqkLWYbPcT3so5L6zk25w3qri6vYqrecxva7e88cypZ3xcvemqFTCWq2hBz4l","ඕවාගේ ඒවුන් ව සිවුරු අරෝලා ගහලාම පන්නන්න ඕනේ"
"Upuli Nanayakkara","https://www.facebook.com/people/Upuli-Nanayakkara/pfbid02nNW4x67VHy5x5VEeH8e6SZFSTrp62LCK1rGKfBLyePxegBGwetAADZpipQuquMq5l","Meehako tho dennda komawen midune.raja passala rata vinasa karaddi tho koheda hitiye.sakkiliyo nemolayata rahath wennapuluwannam thotath berida.api oya ahuwamai mineemaru hora thakkadinta rahabawa laba ganna puluwan kiyala.😂😂😂😂😂😂😂😂😂"
"Charles Anura de Silva","https://www.facebook.com/people/Charles-Anura-de-Silva/61572144404658","තිත්තගල්ල කියන්නේ බල්ලෙක්ට ජාතක වෙච්ච ගස් බල්ලේක්,මූ රාජපක්ෂලාගේ අසුච් කන වේසීගේ පුතෙක්,"
"Gamlath Rajapaksha","https://www.facebook.com/people/Gamlath-Rajapaksha/61594588603611","[Image Attachment]"
"Deshabandu Sahitha Gammampila","","එතකොට මුන් සිවුර දාගෙන ලමා දූෂණ....ජාතිවාදය පැතිරීම...වරෙන්තුවෙලා හැංගිල ඉඳීම හරිද වනචරයො ...."
"Janak Dias","https://www.facebook.com/janak.dias","මේ වගෙ විකෘති මානසිකත්වයක් තියෙන කාලකන්නි චීවරධාරීන් දකිද්දි හිතට එන කේන්තිය....🤮🤮🤮කුනුහරප ලියන්ඩ බැරි නිසා මීට එහා ලියන්නෙ නෑ"
"Chamindu Jayalath","https://www.facebook.com/profile.php?id=100007132458569","මහ එකා වගේමයි පච හානවා හානවා ඉවරයක් නෑ. .මොනවා කරන්නද. .අරහෙ ජනාධිපති වෙලත් පච කියන එක නවත්තන්න බැරි එකේ ඔහේ ලා ගැන කවර කතාද"
"Annie Silva","https://www.facebook.com/annie.silva.94009841","😂😂"
"Charitha Rathwtte","","Patta machine"
"Thilina Wijerathna","https://www.facebook.com/tilina.wijerathna","[Image Attachment]"
"Wasantha Priyajanaka","https://www.facebook.com/wasantha.priyajanaka.56","දේවදත්ත නිකායෙ තිත්තගල්ලය. 🤮"
"Percy Wijeyasinghe","https://www.facebook.com/percy.wijeyasinghe","සිවුරක් පොරවාගෙන නිකං සිවුරට නිගා කරන්නේ නැතුව ඔබ ඔය සිවුරු ගලවා දමනවා නං හොඳයි නේද 😂"
"Shanthi Liyanage","https://www.facebook.com/people/Shanthi-Liyanage/pfbid0tf9xAnS2iG5zVyYNmefF8sSGWRGccWSH8ZUt2ZFLs6WhAyLtKVqgfchxuN13GZaxl","තිත්ත ගාල්ලේ ඕකට කියන්නේ පල කාලකන්නි කහකඩය තොපි සිවුරට මුවා වෙලා කරන හැමදේම  බලාගෙන ඉන්නද ඉස්සෙල්ල මහානායක hamuduruwo එකතු වෙලා මුන්ගේ සිවුරු ගලවන්න ඕනි මින්ට වදින්න එපා ගහල් පන්නපියව් සක්කිලි කහකහදය"
"Siva Sharma","https://www.facebook.com/siva.sharma.359778","Super"
"Shah Abdul Azeez","https://www.facebook.com/people/Shah-Abdul-Azeez/pfbid03142nhpcW2C3RoNBTw7QsEff75HDGP2XEwikG1pFDYkmtmvNQ4sSMm3BaGY16CXfTl","👍👍👍😛😛😛"
"Harischandra Haris","https://www.facebook.com/harischandra.haris","නම හොදට ගැලපෙනව මූට , තිත්තම තමයි , ඕක . සිවුර ගලවන්ඩ ඕනෙ එකෙක් තමයි ඕකත්."
"Herath Herath","https://www.facebook.com/people/Herath-Herath/pfbid02jwqcTpNfiLhg52qvAnvbfffeAVVaYkd8LSyUAJaq8W8tZgMHVnYgXAtHjFz1g714l","😂"
"Hak Perera","https://www.facebook.com/hak.perera.2025","හරක්මස්දෙයියා"
"Hak Perera","https://www.facebook.com/hak.perera.2025","අධ්‍යත්මික ජීවිත කොහෙද බංමිනීමරුවෙකුට"
"Zawahir Moujood","https://www.facebook.com/zawahir.moujood","[Image Attachment]"
"Radees Chaminda","https://www.facebook.com/radees.chaminda","[Image Attachment]"
"Chandhana Jayasekara Art","","තිත්තයා , ආමි එකේ ඇබ්සන්ට් වෙලා  සිව්‍රක් පොරෝ ගත්තු එකෙක්  , පස්සෙ තිත්ත ගල්ලෙ මිනිස්සු  එලෙව්වා පාරක් අල්ලා ගන්න  ගිහිල්ලා . ඉන් පස්සෙ මැදමුලනෙ  වලං හේදුව දැන්  කඩේ යන්නේ  නෑ මොලේ ට.😮😮😮😮"
"Wimal Rathnayake","https://www.facebook.com/wimal.rathnayake","තිත්තගල්ලේ සක්කිලියා."
"Somachandra Wasantha","https://www.facebook.com/people/Somachandra-Wasantha/pfbid0V3ScUABkwZZgvmw31545Hn6MabPRdM83APGTBQHCUShWq8yw51GdzYUWbe7yuiFPl","Anea gana thithayo ubala harida karana wdea dana danea kala enna barinam siwura galawala pala gadara"
"Senaka Ariyadasa","https://www.facebook.com/senaka.ariyadasa.312493","මේ යකාට පිසසු..."
"Subhadra Mehenin Wahansa","https://www.facebook.com/subhadra.mehenin.wahansa","[Image Attachment]"
"Suresh Wijerathna","https://www.facebook.com/people/Suresh-Wijerathna/61556212634672","සිවුරු  දරාගෙන රහත් භාවය ගැන  කියනව මොඩ කමනම් . වචන තියන පලියට කියවල පව් පුරවගන්න විදිහ"
"Rajive Badi","https://www.facebook.com/rajive.badi","සුත්‍රය අනුව බැලුවොත් තොපි පන්සලට වේලා හිටපන් පකෝ"
"Hathiyalwela Chandananada","https://www.facebook.com/people/Hathiyalwela-Chandananada/pfbid0LpxZHvH4Tr1HrkKKXiBBNqoyKE4r4xEwKrNCAXsD1bUc6RLNcyV8r2UTgozCGT8nl","චිවරදාරියෙක් නොවෙි   හාමුදුරු  නමක්"
"Kamal Kumarasinghe","https://www.facebook.com/kamalkumara.kumara.165","[Image Attachment]"
"Kamal Kumarasinghe","https://www.facebook.com/kamalkumara.kumara.165","[Image Attachment]"
"Sanjeewa Udayakumara","https://www.facebook.com/sanjeewa.udayakumara.146","Ape rata vnasa karannayi mun sape innayi siru dan inne hora haththa"
"Rex De Silva","https://www.facebook.com/rex.desilva.5","රාජපක්ෂ කල්ලියේ ගු කන.නිඝන්ඨයා.තිත්තගල්ලේ ආනන්ද"
"Mallawaarachchi Mpk","https://www.facebook.com/people/Mallawaarachchi-Mpk/pfbid02i6A71zCtLoWFL81T31RvCNfRKGYg2Dz95nTujTi3vNra1NkiUgMDqyidiACjCqmWl","මුව චිවරෙන් එලවන්න ඔනි මෙ කාලකන්නියා?"
"Sabri Deen","https://www.facebook.com/sabri.deen","[Image Attachment]"
"Hema Rajapaksha","https://www.facebook.com/hema.rajapaksha.16","Okaga pansala watalala adala ganda ona එළියට pakayawa..oya ragar gahana ballak..😡😡😡"
"Bhikku Kathiyana","https://www.facebook.com/kathiyana","[Image Attachment]"
"Bhikku Kathiyana","https://www.facebook.com/kathiyana","[Image Attachment]"
"Waga Arachchi Tangalla","https://www.facebook.com/waga.arachchi.tangalla","තිත්තගල්ල වනචාරියා"
"Mam Agrajith","https://www.facebook.com/people/Mam-Agrajith/pfbid0278nJ4twoviWfYoAH9vYceDzuxtqf7XiGjGCjwBdFqHCzs995unUj62nQ1vw3yiMGl","තිත්තගල්ලෙ උන්නැහෙ, සිවුර දාගෙන ඔහොම හැසිරෙන්න ගත්තොත් අනාගතයෙ සසුන්ගත වෙන්ඩ ඉන්ඩ පිංවත් ස්වාමීන් වහන්සේලාටත් නරක නාමයක් එනවා.."
"Hettiarachchi Renuka","https://www.facebook.com/hettiarachchi.renuka.7","මේකට  නඩු 7,8  ක් ත්‍යෙනවලු මූට  ඒ  නඩු නැවත  අවුස්සන්න ඕන  මූට   නීතිය  ක්‍රියාත්මක   කරන්න  ඕනා"
"Indrani Indra","https://www.facebook.com/indrani.indra.5602","හොරෙකුට කොහොමද රහත්භාවය එන්නේ? හොරා හොරාමයි හාමුදුරුවනේ සිවුරටත් පව් පුරවන්න එපා"
"Lasantha Rajapakse","https://www.facebook.com/lasantha.rajapakse.96","නාමල් පරිනත නෙවෙයි. මූත් එක්කකම පත නරියෙක් වෙලා."
"Kumara Pathiranage","https://www.facebook.com/kumara.pathiranage.79","[Image Attachment]"
"Lasantha Rajapakse","https://www.facebook.com/lasantha.rajapakse.96","මූව ඉස්සෙල්ලා මහන කරවල ඉන්න ඕනෙ."
"Rajitha Delshan Rajitha","https://www.facebook.com/profile.php?id=100012125022501","🤣🤣🤣"
"Sampath Asanka","https://www.facebook.com/sampa.asanka.37051","මේ කාලකන්නි තට්ටයන්ට බුද්ද මාර්ගයට වැඩිය ලොකුයි වලව් මාර්ගය නොදකින් මුන්ට නැමිලා වදින ගොබ්බ හැත්තත් ඉන්නවනේ"
"Amarasiri Bandara","https://www.facebook.com/people/Amarasiri-Bandara/pfbid0fALXfJ8bzoBwd2tw2y8My7CBesUE5fdiCEKqfV2fNevi8XBPcqHWsuW73SYo6uXql","පන්සලට දෙනවා දානෙ වළඳලා බණක් භාවනා කරගෙන ඉන්නැතුව.බුද්ධ දර්ශනයටත් නිගා කරන්න හදනවා"
"Asanka PA","https://www.facebook.com/asanka.pa.1","Sakkiliyak nidan horak oka"
"Ruchira Kumari","https://www.facebook.com/ruchira.kumari.5","මේවගේ උන් රටේ කරුමෙට ඉපදුනේ.මුන් දූශිතයන්ට කඩේ  යනවා . තොගේ බාසව බකපන්කෝ හාමුදුරුවෝ කෙනෙක්ද. කියලා"
"Kanda Udage Karunarathna","https://www.facebook.com/kandaudaga.karunarathna.2025","පකෝ තෝ හාමුදුරුවෝ නමක් නෙමේ  කහ  රෙද්ද ක් පොරව ගත්ත අසුච් කන වල් බල්ලෙක්  තොගේ කතාවෙන් තේරෙනව තොපේ අම්මයි තාත්ත යි ආතල් එකක් ගද්දි කරුමෙටහිටිය කන්න දෙන්නබැරි නිසාපන්සලට ගෙනත් දාපු හුකන්නෙක්"
"Janaka Wathugedara","https://www.facebook.com/people/Janaka-Wathugedara/pfbid02wcPtwLxUxsq577GBCL38RJjca2VtpCF2vrvc1m92fAaBkVm67CULJwxn478YVYj5l","තිත්තයාට යම් තැනක් තිබුනනම් එ්කත් ඉවරයි.. බත්තරමුල්ලෙ සීලරතනටත් වඩා චාටර් වුනා.. ඔිිකා නිධන් හොරෙක්.. සිවුරක් දාගත්තම පොරවල් කියලා හිතාගෙන ඉන්න දෙකයි පනහෙ සිවුරු රදවන."
"Nandana Chandimal Edirisinghe","https://www.facebook.com/Nandana.c.Edirisinghe","මුත් බලන් යද්දි හැන්ගිලා හිටපු තක්කඩියෙක්"
"Sanjeewa Ruwan","https://www.facebook.com/sanjeewa.ruwan.1420","[Image Attachment]"
"Sanjeewa Ruwan","https://www.facebook.com/sanjeewa.ruwan.1420","තිත්තගල්ලේ පැටිකිරිය 👇👇👇  https://www.facebook.com/share/v/1HoFUqbntj/?mibextid=wwXIfr"
"Km Nisha","https://www.facebook.com/nishantha.sandesha","ගංජ ඇටපිටින් ගහලද තිත්ත ගල්ලෙ"
"Mohamed Sadeek","https://www.facebook.com/mohamed.sadeek.963","[Image Attachment]"
"හෙල දීපය","https://www.facebook.com/people/%E0%B7%84%E0%B7%99%E0%B6%BD-%E0%B6%AF%E0%B7%93%E0%B6%B4%E0%B6%BA/100008433345988","[Image Attachment]"
"Sidath Dissanayaka","https://www.facebook.com/sidath.dissanayaka.96","Kare ganayo mun  Bissnas karayo"
"Chaminda Ranawaka","https://www.facebook.com/chaminda.ranawaka.318196","[Image Attachment]"
"Chaminda Ranawaka","https://www.facebook.com/chaminda.ranawaka.318196","[Image Attachment]"
"Chaminda Ranawaka","https://www.facebook.com/chaminda.ranawaka.318196","[Image Attachment]"
"Chaminda Ranawaka","https://www.facebook.com/chaminda.ranawaka.318196","[Image Attachment]"
"Chaminda Ranawaka","https://www.facebook.com/chaminda.ranawaka.318196","[Image Attachment]"
"Chaminda Ranawaka","https://www.facebook.com/chaminda.ranawaka.318196","[Image Attachment]"
"Chaminda Ranawaka","https://www.facebook.com/chaminda.ranawaka.318196","[Image Attachment]"
"Chaminda Ranawaka","https://www.facebook.com/chaminda.ranawaka.318196","[Image Attachment]"
"Chaminda Ranawaka","https://www.facebook.com/chaminda.ranawaka.318196","[Image Attachment]"
"Chaminda Ranawaka","https://www.facebook.com/chaminda.ranawaka.318196","[Image Attachment]"
"Chaminda Ranawaka","https://www.facebook.com/chaminda.ranawaka.318196","[Image Attachment]"
"Chaminda Ranawaka","https://www.facebook.com/chaminda.ranawaka.318196","[Image Attachment]"
"Chaminda Ranawaka","https://www.facebook.com/chaminda.ranawaka.318196","[Image Attachment]"
"Chaminda Ranawaka","https://www.facebook.com/chaminda.ranawaka.318196","[Image Attachment]"
"Chaminda Ranawaka","https://www.facebook.com/chaminda.ranawaka.318196","[Image Attachment]"
"Chaminda Ranawaka","https://www.facebook.com/chaminda.ranawaka.318196","[Image Attachment]"
"Chaminda Ranawaka","https://www.facebook.com/chaminda.ranawaka.318196","[Image Attachment]"
"Chaminda Ranawaka","https://www.facebook.com/chaminda.ranawaka.318196","[Image Attachment]"
"Chaminda Ranawaka","https://www.facebook.com/chaminda.ranawaka.318196","[Image Attachment]"
"Chaminda Ranawaka","https://www.facebook.com/chaminda.ranawaka.318196","[Image Attachment]"
"Chaminda Ranawaka","https://www.facebook.com/chaminda.ranawaka.318196","[Image Attachment]"
"Chaminda Ranawaka","https://www.facebook.com/chaminda.ranawaka.318196","[Image Attachment]"
"Chaminda Ranawaka","https://www.facebook.com/chaminda.ranawaka.318196","[Image Attachment]"
"Chaminda Ranawaka","https://www.facebook.com/chaminda.ranawaka.318196","[Image Attachment]"
"Chaminda Ranawaka","https://www.facebook.com/chaminda.ranawaka.318196","[Image Attachment]"
"Chaminda Ranawaka","https://www.facebook.com/chaminda.ranawaka.318196","[Image Attachment]"
"Pathama Nagoda","https://www.facebook.com/pathama.nagoda","[Sticker]"
"Jayasena Gunawardana","https://www.facebook.com/people/Jayasena-Gunawardana/pfbid0VyW2xUnCUvJTuSTMotet9Udq775t19GPbhg4t4JU3QdR1U78RUv27diqhhLkHyAKl","ME PARAYO THAMAI BUDDAGAMA KANNE.ME WAGE AMANAYANTA DAYAKAYOTH INNAWADA."
"Suranjith Rathnayaka","https://www.facebook.com/suranjith.rathnayaka.313","නිදාන් හොරෙක්"
"Shantha Pathirana","https://www.facebook.com/shantha.pathirana.907551","නැමොලයට ගොට්ට අල්ලන සිවරැ රදවන😂😂"
"Ruwan Milroi","https://www.facebook.com/ruwan.milroi.2025","තොටපුකෙඅරිනවද  නාමල් පොන්නයො"
"Bandara Menike","https://www.facebook.com/bandara.menike.127","කලු ගනයො තොට කෙලවෙනකොට තො අනිත් අයට  කතා කරන්න ඉගෙන ගනින් වෙස ගනයා ජනතාවට කලු තිත්තයා"
"Kapila Ranaweera","https://www.facebook.com/kapila.ranaweera.798","නෙදකින් හොර ගනයා"
"Manthi Kurera","https://www.facebook.com/manthi.kurera","අපට තේරෙන හැටියට සාමාන්‍ය දැනීමවත් නැති පුද්ගලයෙක් වගෙයි.   මොහුගෙත් චරිතය එතරම් හොඳ නැති බව දැන් හෙලිවෙමින් පවතී.."
"Roshith Mendjs","https://www.facebook.com/people/Roshith-Mendjs/pfbid02gi79RRz5r3AKTtNwACz4ZH6DgBu1e9xRF1dGEHc1X1FVznJMSu8wWYadarEYs3drl","Namlarhthwy,ubyammgy,pet,,,,,,maassy"
"Roshith Mendjs","https://www.facebook.com/people/Roshith-Mendjs/pfbid02gi79RRz5r3AKTtNwACz4ZH6DgBu1e9xRF1dGEHc1X1FVznJMSu8wWYadarEYs3drl","[Image Attachment]"
"Wellasse Podi Nama","https://www.facebook.com/people/Wellasse-Podi-Nama/61555690066807","Sannasgala sar thama kiuwe moonatma"
"Gallage Sumith","https://www.facebook.com/gallage.sumith.1","[Image Attachment]"
"Gallage Sumith","https://www.facebook.com/gallage.sumith.1","[Image Attachment]"
"Gallage Sumith","https://www.facebook.com/gallage.sumith.1","[Image Attachment]"
"Rathnapala Subasinghe","","මේක මොකෙද්ද පට්ට හොරෙක් නැතිනම් ජනදිපති තුමාට මෙහෙම කතා කරයිද"
"Vijitha Kumara","https://www.facebook.com/people/Vijitha-Kumara/pfbid0y5UHcSo5bNFU9sgT5aBTL4ef24DPbFVxJmrpextSnY6P9X16w8yq49E1yAAMQg6al","[Sticker]"
"Vijitha Kumara","https://www.facebook.com/people/Vijitha-Kumara/pfbid0y5UHcSo5bNFU9sgT5aBTL4ef24DPbFVxJmrpextSnY6P9X16w8yq49E1yAAMQg6al","[Sticker]"
"Vijitha Kumara","https://www.facebook.com/people/Vijitha-Kumara/pfbid0y5UHcSo5bNFU9sgT5aBTL4ef24DPbFVxJmrpextSnY6P9X16w8yq49E1yAAMQg6al","[Sticker]"
"Vijitha Kumara","https://www.facebook.com/people/Vijitha-Kumara/pfbid0y5UHcSo5bNFU9sgT5aBTL4ef24DPbFVxJmrpextSnY6P9X16w8yq49E1yAAMQg6al","[Sticker]"
"Vijitha Kumara","https://www.facebook.com/people/Vijitha-Kumara/pfbid0y5UHcSo5bNFU9sgT5aBTL4ef24DPbFVxJmrpextSnY6P9X16w8yq49E1yAAMQg6al","[Sticker]"
"Vijitha Kumara","https://www.facebook.com/people/Vijitha-Kumara/pfbid0y5UHcSo5bNFU9sgT5aBTL4ef24DPbFVxJmrpextSnY6P9X16w8yq49E1yAAMQg6al","[Sticker]"
"Vijitha Kumara","https://www.facebook.com/people/Vijitha-Kumara/pfbid0y5UHcSo5bNFU9sgT5aBTL4ef24DPbFVxJmrpextSnY6P9X16w8yq49E1yAAMQg6al","[Sticker]"
"Vijitha Kumara","https://www.facebook.com/people/Vijitha-Kumara/pfbid0y5UHcSo5bNFU9sgT5aBTL4ef24DPbFVxJmrpextSnY6P9X16w8yq49E1yAAMQg6al","[Sticker]"
"Vijitha Kumara","https://www.facebook.com/people/Vijitha-Kumara/pfbid0y5UHcSo5bNFU9sgT5aBTL4ef24DPbFVxJmrpextSnY6P9X16w8yq49E1yAAMQg6al","[Sticker]"
"Vijitha Kumara","https://www.facebook.com/people/Vijitha-Kumara/pfbid0y5UHcSo5bNFU9sgT5aBTL4ef24DPbFVxJmrpextSnY6P9X16w8yq49E1yAAMQg6al","[Sticker]"
"Vijitha Kumara","https://www.facebook.com/people/Vijitha-Kumara/pfbid0y5UHcSo5bNFU9sgT5aBTL4ef24DPbFVxJmrpextSnY6P9X16w8yq49E1yAAMQg6al","[Sticker]"
"Prasad Chandana","https://www.facebook.com/prasad.chandana.7583","උබලා අනිත් උන් රහත් කර කර ඉදපල්ලා"
"Habarakada Dinartha Himi","https://www.facebook.com/dinartha.himi","ඥානසාරගෙන් පස්සේ බැටන් එක ගන්න දඟලන තවත් චීවරදාරියෙක් විතරයි....මේ වගේ අයව මිනිස්සු වර්ජනය කරන්න ඕන.එරෙහිව කතා කරන්න ඕන.රටටත් සාසනයටත් දෙකටම වින කරන දුස්සීල මහණුන් මේ."
"T Rose Rose","","සූත්‍ර හුත්තක් වැඩක් ැනැහැ පකයෝ රාජ්‍ය පාලනයට ආගම වැඩක් නැහැ හුත්තෝ පොන්න පකය තොට පිස්සෙක් පුකේ ඇරල තියෙනව වගෙයි."
"W CK Fdo","https://www.facebook.com/w.ck.fdo.2025","මුන් මොක්කුද බන් 🤣🤣🤣🤣🤣"
"Sanjaya Nishanka Mayadunna","https://www.facebook.com/nishanka.sanjaya","👍👍👍"
"Nishani Madushika","https://www.facebook.com/people/Nishani-Madushika/pfbid0d2VY8Ed5PU2rPVVQxA2McGJ4BwwP6Rej1cNqQLYoi1GvK2aQNcyBTZcNcmkX1upWl","ඩොබි හරකෙක්"
"Keerthi Jayasingha","https://www.facebook.com/people/Keerthi-Jayasingha/pfbid02E4tk7tEtLx16Ga7A1dS2QMG7Dmoa95EzaCw9d1pn5Ze6sxGUmUAQxL6jeADWVyE1l","මුං හාමුදුරුවරු නෙමෙයි රට කන්න ඉපදිච්ච කරන්න කාලකන්නි වල්ලු ම්ගෙ කටවල් වල ින් පිළිකාම තමයි එන්න ඕනේ"
"Roshan Gamage","https://www.facebook.com/roshan.gamage1","අශුචි බන්ඩාරගේ මග යන අසුචි තිත්තේ..😂😂"
"Shamika Sathsara","https://www.facebook.com/people/Shamika-Sathsara/pfbid02joDEf3PaD9j8btBNs2qds7iMFhCkKn2fcjD71Zjsq1MGZ4jKGMWV4kJ82ZZvxBLyl","මාලිමාවටත් කඩේ යනවා මාලිමාවේ මේන්න මේ පලවත්තට කඩේ යන එවුන් තමයි ඔය ගෙන්න ගන්න ඔය වගේ වැඩ කරන්නේ වෙන මොකුත් නෙමෙයි මාවට කඩේ යන්න නිසා තමයි එවුන් තමයි ඔය ගෙන්නලා මාලිමාවට උවමනාව විදියක් රට ගෙනියන්න එක එකා දම්මලා එක එක කුමන්තර කරන්න"
"Chaminda Ranbandara","","අවසානෙ තිත්ත ගල්ල  ගු  උනා😂"
"Isuru Ungarathnage","https://www.facebook.com/isuru.ungarathnage","තිත්තගල්ලෙයට පිස්සු"
"Samith Wellala","https://www.facebook.com/samith.wellala.2025","මෙ තිත්තගකයො රාජපක්ෂ ලාගෙ ගූත් සුවදයි කියන බල්ල"
"Hak Perera","https://www.facebook.com/hak.perera.2025","තිත්ගල්ලේ වනචර බල්ල"
"Duminda Gamage","https://www.facebook.com/duminda.gamage.96","පාපකාරී වැඩ කරාම දඩුවමි විදින්න වෙනවා ඒක නතර කරන්න කාටත් බෑ ඔය අය ඇතුලේම තමා තියන්න ඔාන රටට කරපු අපරාද වලට"
"Chanaka Dahanayake","https://www.facebook.com/chanaka.dahanayake.927","[Image Attachment]"
"Manjula Prasanna","https://www.facebook.com/manjula.prasanna.18","මූ, මුගේ පන්සලේ පව්ල් කනවා..පොඩි වයස්වල මෙහෙණින් වහන්සේලා තියාගෙන්ස්..බොරුනම් ගමේ අයගෙන් දැනගන්න ."
"WM Eknayake","https://www.facebook.com/people/WM-Eknayake/pfbid0TFamzBnzDhP9iQgwLpmqisxdqiaa2M5q8inr6zQssqk1FbPNYi9P2pYetmJwdXwLl","කන්ට නැතිව දෙමව්පියන්ට දරුවො බලාගන්න නොහැකියාවට පන්සල්වලට භාර දුන්න මේඅවලං එවුන් නිසා තමයි උතුම් බුදුදහමට කෙලෙසන පාහර හැත්ත"
"Shantha Fonseka","https://www.facebook.com/shantha.fonseka.2025","නා මල් ගෙනිහින් තොගේ අම්මගේ කකුල් දෙක ඇත් කරල අලල් හිටපන් අරුට අරහත් වෙන්න"
"Sumith Gunasekara","https://www.facebook.com/people/Sumith-Gunasekara/pfbid02Hqrp5U87ZiXxhWampZ8KcYnLnxT4vUQgM8eM3cMGYcj9qVkmgHMhnoc9ymM3KUtbl","Trecka Penala Inne.  Thittayaa"
"Thilakarathna Thilaka","https://www.facebook.com/thilakarathna.thilaka.765722","[Image Attachment]"
"Nandasiri Perara","https://www.facebook.com/people/Nandasiri-Perara/pfbid0KNyZv4tNYmPSUTHaDXRy6jJsRhRNFKT66PWoWfz2KPG8JY2QP5PWbdW2FxK7AdAyl","අනේ රත්තරං මහත්තයෝ අපේ සාසනයට උන විනාශයක් අනිත් අාගම්වලඋදවිය අපිට හිනාවෙනව නාමල් උදේට එක්ස්සයිස් කරල ඉටපස්සෙ භාවනා කරනව කියනකොට මේ පිස්සගැන දැන් මුලු ලංකාවම දන්නව"
"Fawsan Fawsan","https://www.facebook.com/people/Fawsan-Fawsan/pfbid07y44jhSMhSyJ2Q2iRcki2fhY2bj9ttRwmSgVfjckuNYFNGRtWbBf8eJSm4N4VJ5Al","ගනයටපිසු"
"ML Miltan","https://www.facebook.com/ml.miltan","Thavath.aka Vanachariyek.thamayi Oya"
"Sandya Chandrasekara","https://www.facebook.com/people/Sandya-Chandrasekara/pfbid02rx6nVjzHFGi3sF53oDksYDkwCeg1ovUqwuaSyctocQgUcshNwwMWgtA6wsh8tNVkl","තිත්ත ගල්ලේ කියන්නේ තනිකර දූෂිත කහකඩයෙක් ඔය කහකඩය ගලවලා චිත්තයක් .අන්දවන්න ඕනේ."
"Denzil Fernando Pulle","https://www.facebook.com/denzil.pulle","නම තිත්‍ත ගල්ලේ රටටම තිත්ත වෙලා"
"Sampath Kumara","https://www.facebook.com/people/Sampath-Kumara/pfbid02ishTeVvuULg49XLW5mRaW1dxtegy3GTr3cvbXamhe97VCaJS6fXLMJ3j4TKQsN1Ul","Raja nami pako daiyak"
"Sampath Kumara","https://www.facebook.com/people/Sampath-Kumara/pfbid02ishTeVvuULg49XLW5mRaW1dxtegy3GTr3cvbXamhe97VCaJS6fXLMJ3j4TKQsN1Ul","Ponna pako pala yanna"
"Sampath Kumara","https://www.facebook.com/people/Sampath-Kumara/pfbid02ishTeVvuULg49XLW5mRaW1dxtegy3GTr3cvbXamhe97VCaJS6fXLMJ3j4TKQsN1Ul","Hukno ahu unth"
"Dharsana Perera","https://www.facebook.com/dharsana.perera.2025","MUGETH GALA TITTAI..EKAI"
"Savin Lakshman","https://www.facebook.com/savin.lakshman","Keriiii ganaya"
"Mohamed Ifham","https://www.facebook.com/mohamed.ifham.5891","Lajjay oyy ko neththeya lajjay oyy n sarayata lajjay oyy malimawata jayeaweawa"
"Nimal Mayadunna","https://www.facebook.com/people/Nimal-Mayadunna/pfbid0Ri95UCfZtKMoQuQFhoA61G8c3bFYqwg4FxTxTQVhesrJC9JjwUqv4WsDJ2DXCvFUl","මුන් ඔක්කෝම සත්‍ය සාකච්ඡා කරල තර්ක විතර්ක කරල  තර්ක විතර්කවලින් නිවැරදි ප්‍රජාතන්තර සමාජවාදී ක්‍රමය අපේ රටට  දායාද ක‍ර ඇති එයට ගරු කොට නිවැරදි  ආණුඩු පරිපාලනයකට එකතුවීමට බැරි ම්ලේච්ඡ  වල් මී හරක්ගෙ මී හරක්  මොකටද මේ ශ්‍රී ලංකාවේ මනුෂ්‍ය යෝ කියන  නමටත් නින්දා කරන ආර්ත් මාර්ත කාමී වල් පරයො වෙලා ඉපදුනේ අපේ ජී විත කාලය අවුරුදු හැත්තෑවයි ඉතින්  ඇයි මේ   මූලිකත්වය දරපු මෙතෙක්  නායක කම් දරපු  වල් බූරුවන්ට මේ ලස්සන රට අපවිත්‍ර නොකොට ලස්සන රටක් කරන්න බැරිවුණේ   ආශාව ආර්ත්මාර්ත කාමීකම අනුන්ට හෙණ ගැහුවත්  තමුන්ගේ තාවකාලික සැපත සියල්ලෝම එකමුතුව ගෙදර හදමු ගෙදර හදා රටම හදමු ජය ශ්‍රී ශ්‍රී ලංකාවටම"
"Sanath Nandana","https://www.facebook.com/sanath.nandana.665284","[Image Attachment]"
"Jagath Muthumala","https://www.facebook.com/jagath.muthumala.1","[Image Attachment]"
"Gn Rani","https://www.facebook.com/gn.rani.885682","[Image Attachment]"
"Gn Rani","https://www.facebook.com/gn.rani.885682","[Image Attachment]"
"Nimal Mayadunna","https://www.facebook.com/people/Nimal-Mayadunna/pfbid0Ri95UCfZtKMoQuQFhoA61G8c3bFYqwg4FxTxTQVhesrJC9JjwUqv4WsDJ2DXCvFUl","මේ ඝනයා මොන මී හරක් නමක්ද  ?"
"ජයලත් බටගොඩ","https://www.facebook.com/people/%E0%B6%A2%E0%B6%BA%E0%B6%BD%E0%B6%AD%E0%B7%8A-%E0%B6%B6%E0%B6%A7%E0%B6%9C%E0%B7%9C%E0%B6%A9/pfbid0TfcKe1UWJNLEzjP84mhoFb9vP7pK29B8MsHcEDxTXKTbmof2TxKuREsFjvFpbd9Sl","තිත්ත ගල්ලේ පිංපියා..."
"Thushara Dilruksh Ilangasinghe","https://www.facebook.com/thusharadilruksh.ilangasinghe","💯"
"Nüwän Jäyäködie","https://www.facebook.com/nuwan.jayakodie","[Sticker]"
"Luwi Maxwel Donkarage","https://www.facebook.com/luwimaxwelfernando.donkarage","[Image Attachment]"
"Luwi Maxwel Donkarage","https://www.facebook.com/luwimaxwelfernando.donkarage","[Image Attachment]"
"Luwi Maxwel Donkarage","https://www.facebook.com/luwimaxwelfernando.donkarage","[Image Attachment]"
"Luwi Maxwel Donkarage","https://www.facebook.com/luwimaxwelfernando.donkarage","[Image Attachment]"
"Mesha Sanuli","https://www.facebook.com/people/Mesha-Sanuli/pfbid02qYJWDBLBjnMYLJMeKzoT8CrGJWESnS8uzQukytFkGXLTSgEc1QXYFAksQRK14o9Yl","[Image Attachment]"
"Mesha Sanuli","https://www.facebook.com/people/Mesha-Sanuli/pfbid02qYJWDBLBjnMYLJMeKzoT8CrGJWESnS8uzQukytFkGXLTSgEc1QXYFAksQRK14o9Yl","[Image Attachment]"
"Suranga Komadu","https://www.facebook.com/people/Suranga-Komadu/pfbid0BhqQAkwtfzT7995E1qbyak3htnA2DQMWQ7Sfioxt9dRXDBgsQbPFhEK7RLLJE8CFl","[Sticker]"
"Nandasena Abeywickrama","https://www.facebook.com/nandasena.abeywickrama","පච කෙලිනව නෙවි තිත්ත ගල්ලගෙ අමිම ට කෙලිනව...."
"Kulasiri Karunarathne","https://www.facebook.com/kulasiri.karunarathne","Hemarathnaya beragannayh athsa gahapAn"
"Rumesh Dhanushka","https://www.facebook.com/rumesh.dhanushka.33","[Sticker]"
"Shiran Fernando","https://www.facebook.com/shiran.fernando.526","මේ සිවුරක් ඇඳ ගත්තු මූ කාලකන්නින් තට්ට නිගන්ඨයක්. මූසලයක් කතා කරන්න දන්නේ නැති පල්හොරේ හොරාටම තැන දීලා වන චරි අසහනකාර මූසලයෝ. කාලකන්නි මමත් හිටියා කාලයක් පන්සල් ගැන තොපි ගැන දන්නවා හොඳට කාලකන්නෙ හොර හැත්ත"
"Maduka Dhananjaya","https://www.facebook.com/people/Maduka-Dhananjaya/pfbid0LumEhbr3UQBWBGDpPcyVqQKLdsXqEYCak63dVYJW26ZrMEUE8kTK8bYGH9KUZqM2l","උබ මොකද්ද බන්."
"Maduka Dhananjaya","https://www.facebook.com/people/Maduka-Dhananjaya/pfbid0LumEhbr3UQBWBGDpPcyVqQKLdsXqEYCak63dVYJW26ZrMEUE8kTK8bYGH9KUZqM2l","මුවත්.ඇතුලට දාන්නම ඔනෙ.බෙරවා.බල්ලා"
"Maduka Dhananjaya","https://www.facebook.com/people/Maduka-Dhananjaya/pfbid0LumEhbr3UQBWBGDpPcyVqQKLdsXqEYCak63dVYJW26ZrMEUE8kTK8bYGH9KUZqM2l","ඔකා.බෙරවා නෙ"
"Saman Kumara","https://www.facebook.com/saman.kumara.761354","[Image Attachment]"
"Saman Kumara","https://www.facebook.com/saman.kumara.761354","👌👈👌👈👍👍"
"Saman Kumara","https://www.facebook.com/saman.kumara.761354","[Image Attachment]"
"Saman Kumara","https://www.facebook.com/saman.kumara.761354","[Image Attachment]"
"Saman Kumara","https://www.facebook.com/saman.kumara.761354","[Image Attachment]"
"Saman Kumara","https://www.facebook.com/saman.kumara.761354","[Image Attachment]"
"Saman Kumara","https://www.facebook.com/saman.kumara.761354","👌👈👍👍"
"Dulshan Shamika","https://www.facebook.com/people/Dulshan-Shamika/pfbid0HN7xsygRMHCGsh53HBQsRp9KGSL7pxYFCiFHBazKdwjB5vYktFyewd43SArbda4Cl","බුදුසරණයි"
"Ruvan Senewirathna","https://www.facebook.com/ruvan.senewirathna","Dana danawala kala .hariyata gamaka minissu harida karanam  ada rata hoda tanaka .kauru unat wadak na waradata dabuwama dannama ona"
"Malline Malline","https://www.facebook.com/malline.malline.2025","[Image Attachment]"
"Malline Malline","https://www.facebook.com/malline.malline.2025","[Image Attachment]"
"Malline Malline","https://www.facebook.com/malline.malline.2025","[Image Attachment]"
"Malline Malline","https://www.facebook.com/malline.malline.2025","[Image Attachment]"
"Malline Malline","https://www.facebook.com/malline.malline.2025","[Image Attachment]"
"Ruvan Senewirathna","https://www.facebook.com/ruvan.senewirathna","Hamuduruwaru tama tata kanna udau kara"
"Anura Nallaperuma","https://www.facebook.com/anura.nallaperuma","මූත් සංඝ පාතාලයෙක්"
"Gayani Liyanage","https://www.facebook.com/gayani.dilrukshi.39904","https://www.facebook.com/share/v/19hzwhoF2N/?mibextid=wwXIfr"
"Uparathna Abeywickrama","https://www.facebook.com/uparathna.abeywickrama.3","සාසනේ කන පිස්සු බල්ලො බැඳ තබනු"
"Aruna Priyantha","https://www.facebook.com/aruna.priyantha.3994","[Sticker]"
"Upul Illangasingha","https://www.facebook.com/people/Upul-Illangasingha/pfbid02WjwzHk4Ju4yeaYZXBWb5XpfQL2UMyKyisQg7mjEzLMBCt6j14wpKzqKYyAS83zXVl","[Image Attachment]"
"Upul Illangasingha","https://www.facebook.com/people/Upul-Illangasingha/pfbid02WjwzHk4Ju4yeaYZXBWb5XpfQL2UMyKyisQg7mjEzLMBCt6j14wpKzqKYyAS83zXVl","[Image Attachment]"
"Sarath K. Handugala","https://www.facebook.com/sarath.k.handugala","නාමල්ට රහත්විය හැක. මෙන්න තිත්තගල්ලේ නොකියන රහස. නාමල්ට ලැබේයයි තිත්තගල්ලේ සිතන කාලය වසර සියය පනිනවා ඇත. රතිකෙලියක වත් නොයෙදී අවමය වසර සියයක් කෙනෙකු භාවනානුයෝගීව වැඩ වාසය කරයිද හේ අරිහත්පල ලබනවා ඇත.  තිත්තගල්ලේගේ දේසනාව ධර්මානුකූලව විචාරය කර ගැනීම තම තමන්ගේ නුවන අනුවය."
"Upul Illangasingha","https://www.facebook.com/people/Upul-Illangasingha/pfbid02WjwzHk4Ju4yeaYZXBWb5XpfQL2UMyKyisQg7mjEzLMBCt6j14wpKzqKYyAS83zXVl","[Image Attachment]"
"Siril Jayaratne","https://www.facebook.com/people/Siril-Jayaratne/pfbid07s3ggYvke3XgqXrnToqobK3mUrwEqwzitrmt5qRZTMH4KULLvUBh66jXvu4vtcHml","[Sticker]"
"Ranjith Darmakirthi","https://www.facebook.com/people/Ranjith-Darmakirthi/pfbid0LA5ZaXxC89UJh7ALrbruCc9QhfT8EUg1LWUFEiCZK7vFvaHUbACDrvh48d6N1quLl","මෙ හුතිග පුතාට තිත ගල්ලෙ කියපු එකනම් හොදයි"
"Kulatunga Kulatunga","https://www.facebook.com/kulatunga.kulatunga.581","නොදකින් සක්කිලි නිඝණ්ඨයෝ."
"R Sudu Sudu","https://www.facebook.com/gnan.asn.2025","බුදු සසුන බබලවන්න නෙමෙ සිවුරු පෙරවන් ඉන්නේ කුමන්ත්‍රණ කාරි වැඩ පිලිවල් ඇති කරන්න කියලා තාමා පෙනි යන්නෙ ගැටුන් ඇති කරලා හරි කියන නෑන සිවුරෙ ඉන්න කිසිම සුවාමින් වහන්සේ නමක්ට අවස්ථාව ක් නැ දෙසපාලනෙ කර්න්න සම්බුදු සාසනෙ රකින්න  රකිනවා නෙමෙ ව්නාස කරලා ඔය සෙරම දැන් හොරා කන්න බැ ගැනු ගෙන්න බැ මුලු රටක් දකිනවා එවට ඉඩ නැ එක තාමා දගලන්නෙ"
"සුජාතා සුජාතා","https://www.facebook.com/foysal.khan.79025","හොද වැඩේ හොර සිව්රු කාරයෝ"
"Thiwen Kulathilaka","https://www.facebook.com/thiwen.kulathilaka.2025","පට්ට හොරු ගනයො එකතු වෙලා හමනෙන්න හදනවා"
"Thiwen Kulathilaka","https://www.facebook.com/thiwen.kulathilaka.2025","තිත්තගල්ලෙ පකය ගහල එලවන්න ඕනෙ හුකන්න"
"Upali Ilangantilake","","Rata හොරකම් karana කොට කොහෙද hitiye"
"Michael Fdo","https://www.facebook.com/michael.fdo.79","[Image Attachment]"
"Sarath Rupasinghe","https://www.facebook.com/sarath.rupasinghe.16","[Image Attachment]"
"Dipini Dipini","https://www.facebook.com/dipini.dipini.2025","Munta kanna Dena api paw"
"Manju Rajarata","https://www.facebook.com/manju.rajarata","ඔය කහ කඩයා රටට සාපයක් පකයා"
"Gamini Gamini","","[Image Attachment]"
"Gunapala WL","https://www.facebook.com/liyanage.gunapala","ගලබඩ යට දෙවැනි නොවන චිත්ත ගල්ලේ."
"Gunapala WL","https://www.facebook.com/liyanage.gunapala","තිත්ත ගල්ලේ කියන මහින්ද නිකාය තවත් එකෙක්"
"KP Gamini","https://www.facebook.com/kp.gamini.318288","රජා දළදා මාලිගාව ළග රේස් පදින කොට තෝ කොහොද හිටියෙ කහ කඩයා"
"Sisira Dmsk","https://www.facebook.com/sisira.dmsk.628537","Oya pakayata puka arinna nana sara akai oya ponnaya kagahanna"
"නිශ්ශබ්දව වැඩෙන්න. පුද්ගලිකව සිටින්න","https://www.facebook.com/people/%E0%B6%B1%E0%B7%92%E0%B7%81%E0%B7%8A%E0%B7%81%E0%B6%B6%E0%B7%8A%E0%B6%AF%E0%B7%80-%E0%B7%80%E0%B7%90%E0%B6%A9%E0%B7%99%E0%B6%B1%E0%B7%8A%E0%B6%B1-%E0%B6%B4%E0%B7%94%E0%B6%AF%E0%B7%8A%E0%B6%9C%E0%B6%BD%E0%B7%92%E0%B6%9A%E0%B7%80-%E0%B7%83%E0%B7%92%E0%B6%A7%E0%B7%92%E0%B6%B1%E0%B7%8A%E0%B6%B1/100088925950752","[Image Attachment]"
"Hema Rajapaksha","https://www.facebook.com/hema.rajapaksha.16","නිශ්ශබ්දව වැඩෙන්න. පුද්ගලිකව සිටින්න  Maa ganayaga muna hati wamana yanawa dakiddi..🤮🤮"
"Bandula Thennakon","https://www.facebook.com/bandula.thennakon.18","මූට ගහලම එලවන්න ඕන.ගෙරි ගනය.අපේ පංසලේ ඉන්නෙ. මූ අමු කැරියෙක්."
"Nishantha Palagama","https://www.facebook.com/nishantha.palagama","ඹකාට. අබුඩයක් අන්දන්න"
"Ajith Kothalawala","","Great update machang excellent"
"Ajith Kothalawala","","Amu gawayek pissek"
"Ajith Kothalawala","","Thitha galle thiththa wela kohamada bashawa pathale wage toks denne  pissek"
"Nimal Nimal","https://www.facebook.com/nimal.nimal.371791","පච නැවෙයි පකෝ පක පක"
"Nimal Nimal","https://www.facebook.com/nimal.nimal.371791","ගහල පන්නන්ඩ තිබිබා පරහැත්ත"
"Ashoka Thilakarathne","https://www.facebook.com/ashoka.thilakarathne.334","එක වල්ලෙ පොල් තිත්ත වල්ලෙ මූ"
"Prasad Welgama","https://www.facebook.com/prasad.walgama","සිවුරු හොරු"
"NC S Herath","https://www.facebook.com/people/NC-S-Herath/pfbid033H1ToAxLRpZvArEbL3jHBwFxqZYq9BbB6kz2uSHRmHDXsKhh92FcE8ZhbHU2bLmwl","Kalakanni kahakadaya 🤮"
"Nimal Karunathilaka","https://www.facebook.com/nimal.karunathilaka.90445","කැරි ගනයට හැමතැනකම  ගෑනු අපේ ගමෙත් ඉන්නවා  හොර ගෑනියෙක්"
"Nimal Weerasekara","https://www.facebook.com/nimal.weerasekara.98","Nimal Karunathilaka මේකා කොහෙද?මොන ගමේද පන්සල තියෙන්නේ මූට දානේ දෙන අය දැනුවත් කරන්න"
"Welimada Wimala","https://www.facebook.com/priyankara.rathnayaka.7509","Nimal Karunathilaka"
"Ranjith Wijesinghe","https://www.facebook.com/ranjith.wijesinghe.583003","[Image Attachment]"
"Ranjith Wijesinghe","https://www.facebook.com/ranjith.wijesinghe.583003","[Image Attachment]"
"Jayathilaka MA","https://www.facebook.com/people/Jayathilaka-MA/pfbid02gpfCPbGZYkVwRnqmtyQZXqQGtJXUD8G7LRvwYp3jb2EXUB8fqF21pZCCiMFpEV2Al","[Sticker]"
"Sunil Rathnayaka","https://www.facebook.com/sunil.rathnayaka.54300","මු   ගංජ   අැට   පිටින්  ගහල   කහකඩය    කැරිබල්ල"
"Sunil Rathnayaka","https://www.facebook.com/sunil.rathnayaka.54300","ඔකා  පල්හොරෙක්  ගනගෙඩිය  වෙසිගේ  පුතා"
"Hamine Hamine","https://www.facebook.com/people/Hamine-Hamine/pfbid02zG47yjWV25hiKRe2CCdY9GjBkRMMgJs9QiMSdDqQStf5AU9nTumgDpziJNcWiHKWl","Oka tanikara.rajapaksa..nikaye.batgotta.onna.ohomai.kiyanne"
"Prabath Priyanka","https://www.facebook.com/prabath.priyanka.2025","අවජාතක සිවුරු හොරු"
"Disanayake Disanayake Mudiyanselage","https://www.facebook.com/disanayake.disanayake.mudiyanselage.2025","👍"
"Manoj Sugath","https://www.facebook.com/people/Manoj-Sugath/pfbid02ogQKzwerWTVKi6iQz6oxx4Pz1abCGVPTyEzCqP57Cp23porf5GCysjTYxMey7x8ml","Mewage siuru da gaththa gotha.vesige puthawa nisa thamai ape rata mehema une..munwa..hamaganna.one..."
"Sunitha Ranawaka","https://www.facebook.com/sunitha.ranawaka","😮"
"Sujeewa Nishantha","https://www.facebook.com/sujeewa.nishantha.869412","මේ  katha  කරන  අප්පුහාමි  කවුද"
"Ashen Madushanka Perera","https://www.facebook.com/ashen.madushanka.perera","මුන්ව ශාසනෙන් එලෝනකන් පන්සලකට වත් යන්නෙ නැතුව ඉන්න ඕනෙ.එතකොට සීල්වත් හාමුදුරුවෝ හරි එකතු වෙලා,මේ දුශ්ශීල චීවරධාරීන් ශාසනෙන් එළවන්න වැඩ කරයිනෙ"
"Rash Rash","https://www.facebook.com/people/Rash-Rash/61589525169540","ඕකා ගූ කන කහඩයෙක්"
"Hamine Hamine","https://www.facebook.com/people/Hamine-Hamine/pfbid02zG47yjWV25hiKRe2CCdY9GjBkRMMgJs9QiMSdDqQStf5AU9nTumgDpziJNcWiHKWl","Ane pala ganaya yanna"
"Janaka Fernando","https://www.facebook.com/people/Janaka-Fernando/pfbid02qJ731baPD7QyjzayYJfV2fGWgq9rSAfczuqLC3x5ryUSQYkiHU48BqzuXiRzSe9Al","Gon p."
"Rohan Divakara","https://www.facebook.com/rohan.divakara","Just because this man looks like a monk he now. He is a political contractor...."
"Rishini Fernando","https://www.facebook.com/people/Rishini-Fernando/pfbid0QG3ki9X73ShXtpeC7fB9YeVN7yfw1CmfnMDbJEmSLKoKNmRtMSLGr17w91tj38Rol","MutA pssu"
"Karu Uhanovitage","https://www.facebook.com/karu.uhanovitage","Awajatha hukannek"
"Sunil Chandradasa","https://www.facebook.com/people/Sunil-Chandradasa/pfbid02DzXNon3uD9zg5XndMrSvtKa3xfqgyJdi93tFzXArfyuGkaf38XLfyh7sP13KKoCnl","Hamudru keriya"
"Sujeewa Hetti","https://www.facebook.com/sujeewa.hetti","Mun palhoru😂😂"
"Chandrakumara Pathirage","https://www.facebook.com/chandrakumara.pathirage.5","Mona pakeyekdha muu nodhakin gorilla"
"Chandima Indrajith Silva","https://www.facebook.com/chindimaindrajith.silva","තිත්තගල්ල හිතන් ඉන්නේ මීට කලින් කඩේ ගිය අමනයෝ ධාර්මිකයෝ කියලා... ඉදිකින් කාලකණ්ණියා .."
"Sampath Kumarathunga","https://www.facebook.com/sampath.kumarathunga","Anyway bro.mun ganayoo."
"Kevin Hem","https://www.facebook.com/kevin.hem.2025","Both must be in the same jail. This fatttttttt pighhhhg  Must be charged and sentenced to 30 years. What thjs fat pig smoke weed or cocaine"
"Prasanna Wewa","https://www.facebook.com/prasanna.wewa","Mun"
"佐藤D","https://www.facebook.com/chinthana.sato","wesiputa kari ganaya 🤮🤮🤮🤮"
"Mohd Mohamed","https://www.facebook.com/mohamedkamil1973","They are ruining the budhisam."
"Thilak Samarasekara","https://www.facebook.com/people/Thilak-Samarasekara/pfbid03b2kLHvaJxYWKLvTy416wTMtQMTWRtwf32oYqjujWbKQR5DqfG2W4jf9CTWavi2dl","TJITHA GALLAYZ AMU.GONA😂😂😂😂😂😂😂😂😂"
"Vijaya Rathna","https://www.facebook.com/people/Vijaya-Rathna/pfbid02MBNxyMseo7TGd71B9iAcUcdVYJM6FxpkELqaod6cBTBQHGgPrxbgteDAwGLhFeYkl","Mune thatha ne ama ballo"
