User Name,Profile Link,Comment
"Shi Eah","https://www.facebook.com/people/Shi-Eah/pfbid036s463FizyKYbNfesMgnEKxyfmtKr3UoVJSkVB4STARSa12GKhNmf5b3q5W7WDVcil","Respect brother respect good luck"
"Dushani Pabasara","https://www.facebook.com/people/Dushani-Pabasara/pfbid0C3iCQQfmo5TFoV3otvQnW7Qpibp2Q1sr7oBRJpQXxMkMfQFYk9birvttu9ZZEHzrl","Shi Eah සිංහලයො වෙනුවෙන් කෑගහලා වැඩක් තියේද.. ඌගෙත් කවදහරි කට වැරදිලා හිරේ ගියොත් එකෙක් නෑ"
"Bawantha Nish","https://www.facebook.com/bawantha.Nish","ඇතියන්තන් කොන්ද පණ තියෙන එකෙක් හරි හිටියා අනුරාධපුර"
"Chrize G Gamage","https://www.facebook.com/people/Chrize-G-Gamage/100071591315909","Bawantha Nish කටේ සද්දෙන් කිව්වහැකි මොලේපුකට බැහැපු නාකියෙක් කියලා 😂😂 ඥානසාර හාමුදුරුවෝ හිරේ යන්න හරි හේතුව කියාගන්න බෑ. ටොං පච කෙලින්නෙ.  ඉස්ලාම් අන්තවාදය නැගීගෙන එනකොට ඒවා හෙලි කරාම, ඒවට එරෙහිව සටන් කරාම ඉස්ලාම් අන්තවාදීන්ට කේන්ති ගියානම් ඒකට ඥානසාර හාමුදුරුවෝ වැරදි නෑ බූරුවො 😂😂 වැරැද්ද උං අදහන ඉස්ලාම් අන්තවාදය කියල තේරුම්ගන්න මොලයක් නැති උනාම ඔහොම තමා 😂"
"Nalaka Disanayaka","https://www.facebook.com/nalaka.disanayaka.710","Chrize G Gamage තෝත්  රාජපක්ෂලාගෙ  ගූ කන එකෙක්නේ ඌ හිරේ යන්නෙ වැරදි කරපු නිසානෙ එහෙම  වැරද්දක්  කරල නැත්තම්  ඌ ඒක උසාවියට කියල නිදහස් වෙයි කාලකන්නියෙක් වෙන්න එපා බල්ලො"
"Bawantha Nish","https://www.facebook.com/bawantha.Nish","Chrize G Gamage අපරාදේ අර වද කොත්තුවක් උබේ අප්පට කවන්න තිබ්බෙ. එහෙම උනානම් උබ වගේ මෝඩ හරකෙක් ඉපදෙන්නෙ නෑනේ..🤣"
"Dushani Pabasara","https://www.facebook.com/people/Dushani-Pabasara/pfbid0C3iCQQfmo5TFoV3otvQnW7Qpibp2Q1sr7oBRJpQXxMkMfQFYk9birvttu9ZZEHzrl","Bawantha Nish සිංහලයො වෙනුවෙන් කෑගහලා වැඩක් තියේද.. ඌගෙත් කවදහරි කට වැරදිලා හිරේ ගියොත් එකෙක් නෑ"
"Upali Abeysinghe","https://www.facebook.com/upali.abeysinghe.5494","සිවුරැ හොරැ මේ රටෙන් තුරන් කළ යුතුයි."
"Ananda Ananda","https://www.facebook.com/ananda.ananda.143514","Upali Abeysinghe කාළකන්නි  jeppange  asoochi  kana  wahal  dhobi  h.tththa ඉතින් තොට paanda"
"Thisun Himasha","https://www.facebook.com/thisun.himasha","Upali Abeysinghe බිස්නස් කාරයෝ මේ"
"Sachini Madumali","https://www.facebook.com/people/Sachini-Madumali/pfbid02mFQsN4ei9Hd1rvDJHgmFF5wHA1tUuNspqFaWzA6GwCbRNAXZeBFHr1MuwFQzT3wjl","Upali Abeysinghe ඔව් නේ බුද්ධාගමයි සිංහලයොයි ඉන්නකම් උබලට අවුල් තමා අපිට තේරෙනවා දුක"
"Chrize G Gamage","https://www.facebook.com/people/Chrize-G-Gamage/100071591315909","Upali Abeysinghe කටේ සද්දෙන් කිව්වහැකි මොලේපුකට බැහැපු නාකියෙක් කියලා 😂😂 ඥානසාර හාමුදුරුවෝ හිරේ යන්න හරි හේතුව කියාගන්න බෑ. ටොං පච කෙලින්නෙ.  ඉස්ලාම් අන්තවාදය නැගීගෙන එනකොට ඒවා හෙලි කරාම, ඒවට එරෙහිව සටන් කරාම ඉස්ලාම් අන්තවාදීන්ට කේන්ති ගියානම් ඒකට ඥානසාර හාමුදුරුවෝ වැරදි නෑ බූරුවො 😂😂 වැරැද්ද උං අදහන ඉස්ලාම් අන්තවාදය කියල තේරුම්ගන්න මොලයක් නැති උනාම ඔහොම තමා 😂"
"Harischandra Madarasinha","https://www.facebook.com/harischandra.madarasinha","Upali Abeysinghe ඒ එක්කම තෝ ජාතක කරපු උන් දෙන්නත්  .තුරන් කරපන් මේ රටේන්..."
"Nimal Kariyawasam","https://www.facebook.com/nimal.kariyawasam.52","Sachini Madumali 👇😂https://www.facebook.com/share/r/1BsWwhVqWc/"
"Priyantha Pushpakumara","https://www.facebook.com/roxpriya.rox","Upali Abeysinghe කොහෙද බල්ලො සිවුරු හොරැ ඉන්නෙ"
"Asanka Manoj Weerasinghe","","Priyantha Pushpakumara උඹ හිතන්නේ සිවුරක් දාගත්ත පළියට භික්ෂුවක් වෙනවා කොයලද?"
"Priyantha Pushpakumara","https://www.facebook.com/roxpriya.rox","Asanka Manoj Weerasinghe අපේ බුද්දාගමේ වේස බල්ලො හොයන්නෙම සිවුරෙ වැරදි...උන් කරන්නෙම බලු වැඩ...අනික් ආගම් වල උන් උන්ගෙ ආගම් වලට ගරහන්නේ නෑ...එහෙම කලොත් උන් ඉදලා ඉවරයි ...අපේ ආගමේ නිදහස වැඩියි..."
"Wajira Pani","https://www.facebook.com/people/Wajira-Pani/61584999322671","Upali Abeysinghe  ඇයි උබලා හාමුදුරුවරු ගිනි තියලා මරන්නද ?"
"Ediri Laky","https://www.facebook.com/ebnishan.lakmal","Upali Abeysinghe පැලවත්ත සට්ටම්බි ඩොබියා"
"Tabby Cat","","Sachini Madumali awful yanne ithin eyala karana wada walataneda. Ehema nowunanan prashnayak naa ne"
"Pubudu Priyalal","https://www.facebook.com/pubudu.priyalal.2025","Upali Abeysinghe අංකල් උබට තාම තේරුම් ගන්න අමාරුයි. මොකද ඔය වයසත් එක්ක."
"Pubudu Priyalal","https://www.facebook.com/pubudu.priyalal.2025","Upali Abeysinghe උබ කල්ලතෝනි නිගන්ඨ පවුලකින් ඉපදුන එකට අපි මොනා කරන්නද අංකල්"
"Danushka Sampath","https://www.facebook.com/people/Danushka-Sampath/100079899608844","Upali Abeysinghe උබේ මහ එකීගෙ හොර මිනිහද..🤣🤣🤣🤣"
"Dulani Dulani","https://www.facebook.com/people/Dulani-Dulani/61591267175902","Upali Abeysinghe පැලවත්තේ බල්ලෙක්"
"Kaveesha Rithiyanjana","https://www.facebook.com/kavisha.rithiyanjana","Priyantha Pushpakumara ඇත්ත"
"Kalyani Rathnayaka","https://www.facebook.com/people/Kalyani-Rathnayaka/pfbid0moxWugTiENqBqw1ibsEHigCnY4an9t9tbFrqsqQS6RyWRBhmVGV7gJd3bbdkXz8dl","මේ පර බල්ලො බුද්ධාගමේ එවුන් නෙමෙයි රට ජාතිය ආගම විනාශ කරන්න උපන් පරජාතීන්ට සම්බන්ධ ලේ ඇති එවුන්  බුදු දහමට නිගා කරන එවුන් ගැන වහාම දැනුවත් විය යුතුයි අරාබිකරයේ ඉදන් මෙහෙ.කමෙන්ට් දමපු ඒකට මරණ දඩුවම නම් බුදු දහමට හාමුදුරුවන්ට අපහාස කරන එවුන්ට මොන දඩුවම්ද දිය යුත්තේ"
"Amalka J Warnakulasooriya","https://www.facebook.com/people/Amalka-J-Warnakulasooriya/pfbid0UKHbGhDekSp7PCoJRxZuQd8WEnM6uyQd9hA54oa7kV8kQP6H9oHg7uYyLiaN95del","Super bro"
"Chrize G Gamage","https://www.facebook.com/people/Chrize-G-Gamage/100071591315909","Amalka J Warnakulasooriya කටේ සද්දෙන් කිව්වහැකි මොලේපුකට බැහැපු නාකියෙක් කියලා 😂😂 ඥානසාර හාමුදුරුවෝ හිරේ යන්න හරි හේතුව කියාගන්න බෑ. ටොං පච කෙලින්නෙ.  ඉස්ලාම් අන්තවාදය නැගීගෙන එනකොට ඒවා හෙලි කරාම, ඒවට එරෙහිව සටන් කරාම ඉස්ලාම් අන්තවාදීන්ට කේන්ති ගියානම් ඒකට ඥානසාර හාමුදුරුවෝ වැරදි නෑ බූරුවො 😂😂 වැරැද්ද උං අදහන ඉස්ලාම් අන්තවාදය කියල තේරුම්ගන්න මොලයක් නැති උනාම ඔහොම තමා 😂"
"Manjula Wijeratne","https://www.facebook.com/manjula.wijeratne","One of the greatest person in the country.  ඇත්ත කතා කරමු. 👍🇱🇰"
"Zainul Hussain Deen","https://www.facebook.com/people/Zainul-Hussain-Deen/pfbid02Vh1VFRGy2actTwDDLP1afAqMcAvhEPQTMxVuNTFoa944iLB6pVxtBsy1NJm9MGJyl","Respect brother very good speech"
"Sugath Jayakodi","https://www.facebook.com/people/Sugath-Jayakodi/pfbid06Xj4DpwDWpcfDeVME6Z97QfDDvECabNJPQ8u7SqUmX52TXmzgDx3fcS61tPZjDrGl","Zainul Hussain Deen වාචලයෙක් කෑගැහුවම ඌ තමයි පොර🤣"
"Prasanna Kumara","https://www.facebook.com/people/Prasanna-Kumara/pfbid0LNRKqSEj2iqAsgBb54Zha35u4xrQRJLUJ1SQiqzer1SdxwRhYiEb8G1qNnxQz1mKl","නියමයි. කොන්ද පන තියන මිනිහෙක්"
"Sugath Jayakodi","https://www.facebook.com/people/Sugath-Jayakodi/pfbid06Xj4DpwDWpcfDeVME6Z97QfDDvECabNJPQ8u7SqUmX52TXmzgDx3fcS61tPZjDrGl","Prasanna Kumara මනුස්සයෙක්ට සමාව හම්බෙන්න තියෙන අවස්ථාවට වල කපන එකටද කොන්දක් කියන්නෙ.."
"Dushani Pabasara","https://www.facebook.com/people/Dushani-Pabasara/pfbid0C3iCQQfmo5TFoV3otvQnW7Qpibp2Q1sr7oBRJpQXxMkMfQFYk9birvttu9ZZEHzrl","Prasanna Kumara සිංහලයො වෙනුවෙන් කෑගහලා වැඩක් තියේද.. ඌගෙත් කවදහරි කට වැරදිලා හිරේ ගියොත් එකෙක් නෑ"
"Harshani Kularathna","https://www.facebook.com/people/Harshani-Kularathna/100092635597381","එල කොල්ලෙක්❤️"
"Chrize G Gamage","https://www.facebook.com/people/Chrize-G-Gamage/100071591315909","Harshani Kularathna කටේ සද්දෙන් කිව්වහැකි මොලේපුකට බැහැපු නාකියෙක් කියලා 😂😂 ඥානසාර හාමුදුරුවෝ හිරේ යන්න හරි හේතුව කියාගන්න බෑ. ටොං පච කෙලින්නෙ.  ඉස්ලාම් අන්තවාදය නැගීගෙන එනකොට ඒවා හෙලි කරාම, ඒවට එරෙහිව සටන් කරාම ඉස්ලාම් අන්තවාදීන්ට කේන්ති ගියානම් ඒකට ඥානසාර හාමුදුරුවෝ වැරදි නෑ බූරුවො 😂😂 වැරැද්ද උං අදහන ඉස්ලාම් අන්තවාදය කියල තේරුම්ගන්න මොලයක් නැති උනාම ඔහොම තමා 😂"
"Prageeth Oshan","https://www.facebook.com/people/Prageeth-Oshan/100007184718803","නියම කොල්ලෙක්… වැරදි එකුන්ව ප්‍රරෙසිද්දියෙ ප්‍රතික්ශෙප කල යුතුයි මෙන්න මෙ වගෙ"
"Chrize G Gamage","https://www.facebook.com/people/Chrize-G-Gamage/100071591315909","Prageeth Oshan කටේ සද්දෙන් කිව්වහැකි මොලේපුකට බැහැපු නාකියෙක් කියලා 😂😂 ඥානසාර හාමුදුරුවෝ හිරේ යන්න හරි හේතුව කියාගන්න බෑ. ටොං පච කෙලින්නෙ.  ඉස්ලාම් අන්තවාදය නැගීගෙන එනකොට ඒවා හෙලි කරාම, ඒවට එරෙහිව සටන් කරාම ඉස්ලාම් අන්තවාදීන්ට කේන්ති ගියානම් ඒකට ඥානසාර හාමුදුරුවෝ වැරදි නෑ බූරුවො 😂😂 වැරැද්ද උං අදහන ඉස්ලාම් අන්තවාදය කියල තේරුම්ගන්න මොලයක් නැති උනාම ඔහොම තමා 😂"
"Karunasena Walpola","https://www.facebook.com/karunasena.walpola.5","හරිම ආඩම්බරයි කොල්ලො. මේ සිවුරැ කාරයන්ට සමාජය විනාශ කරන්න තවත් ඉඩ නොදිය යුතුයි"
"Dushani Pabasara","https://www.facebook.com/people/Dushani-Pabasara/pfbid0C3iCQQfmo5TFoV3otvQnW7Qpibp2Q1sr7oBRJpQXxMkMfQFYk9birvttu9ZZEHzrl","Prageeth Oshan සිංහලයො වෙනුවෙන් කෑගහලා වැඩක් තියේද.. ඌගෙත් කවදහරි කට වැරදිලා හිරේ ගියොත් එකෙක් නෑ"
"Renuka Tissa","https://www.facebook.com/renuka.tissa.5","අන්න කොදුනම් කොදු"
"Shelton Peiris","https://www.facebook.com/people/Shelton-Peiris/pfbid04oUGon67Gj8TsSo1KFjAZFY17uPWhwwXgiouiLdY4DWS4xgGDYZTiSHFTp6xJW5Jl","Renuka Tissa කොඳු තියෙන මිනිස්සු තවම ඉන්නවා."
"Dushani Pabasara","https://www.facebook.com/people/Dushani-Pabasara/pfbid0C3iCQQfmo5TFoV3otvQnW7Qpibp2Q1sr7oBRJpQXxMkMfQFYk9birvttu9ZZEHzrl","Renuka Tissa සිංහලයො වෙනුවෙන් කෑගහලා වැඩක් තියේද.. ඌගෙත් කවදහරි කට වැරදිලා හිරේ ගියොත් එකෙක් නෑ"
"Rohana Jayathilake","https://www.facebook.com/rohana.jayathilake.56","හිරේ යවන්න ඕන කියලා අත්සන් එකතු කලොත් ඕන තැනකට ඇවිත් අත්සන් කරනවා"
"Chrize G Gamage","https://www.facebook.com/people/Chrize-G-Gamage/100071591315909","Rohana Jayathilake කටේ සද්දෙන් කිව්වහැකි මොලේපුකට බැහැපු නාකියෙක් කියලා 😂😂 ඥානසාර හාමුදුරුවෝ හිරේ යන්න හරි හේතුව කියාගන්න බෑ. ටොං පච කෙලින්නෙ.  ඉස්ලාම් අන්තවාදය නැගීගෙන එනකොට ඒවා හෙලි කරාම, ඒවට එරෙහිව සටන් කරාම ඉස්ලාම් අන්තවාදීන්ට කේන්ති ගියානම් ඒකට ඥානසාර හාමුදුරුවෝ වැරදි නෑ බූරුවො 😂😂 වැරැද්ද උං අදහන ඉස්ලාම් අන්තවාදය කියල තේරුම්ගන්න මොලයක් නැති උනාම ඔහොම තමා 😂"
"Rohana Jayathilake","https://www.facebook.com/rohana.jayathilake.56","Chrize G Gamage හරි තරැනයා උබේ තරැන කම ගැන මට ලැජ්ජාඉ"
"Sugath Jayakodi","https://www.facebook.com/people/Sugath-Jayakodi/pfbid06Xj4DpwDWpcfDeVME6Z97QfDDvECabNJPQ8u7SqUmX52TXmzgDx3fcS61tPZjDrGl","Rohana Jayathilake ethakotawath sinhala jaaathiya beereida"
"Rohana Jayathilake","https://www.facebook.com/rohana.jayathilake.56","Sugath Jayakodi ඔයා සින්හල ජාතිය බේරා ගන්න හදන්නෙ ඔය වගේ හාමුදුරුවෝ ඉස්සරහට දාලද .ඕක වෙනම කොන්ත්‍රාත් එකක් කියලා හිතාගන්න පුළුවන්  තරමට බුද්දිමත් වෙන්න"
"Sadiq Sajahan","https://www.facebook.com/saaf.saaf.77128261","මේ රටේ සාධාරනයක් තිබෙනවානම් ඔය හාමුදුරුවරු පාරට බහින්නෙ නැහැ වැරදි කරුවෙකු බේරගන්න."
"රණසිංහගේ බෝධිරක්ෂිත සූර්යඝන","https://www.facebook.com/people/%E0%B6%BB%E0%B6%AB%E0%B7%83%E0%B7%92%E0%B6%82%E0%B7%84%E0%B6%9C%E0%B7%9A-%E0%B6%B6%E0%B7%9D%E0%B6%B0%E0%B7%92%E0%B6%BB%E0%B6%9A%E0%B7%8A%E0%B7%82%E0%B7%92%E0%B6%AD-%E0%B7%83%E0%B7%96%E0%B6%BB%E0%B7%8A%E0%B6%BA%E0%B6%9D%E0%B6%B1/pfbid02V2ErMULyTQRkmjXK4hwcvjMymd42zv4LJiNsHmDcRpHo1koTBRH1efP6XFzjKuwHl","Sadiq Sajahanපන්සල්වල මිනි වලදාලා තියෙනවා කිව්වා ඒක අව්ලක්නෑ හාමුදුරුවෝ සහරාන්ලා බොම්බ ගහන්න කලින් කිව්වා ඒකට පලිය ගන්න ඕනේ."
"Sugath Jayakodi","https://www.facebook.com/people/Sugath-Jayakodi/pfbid06Xj4DpwDWpcfDeVME6Z97QfDDvECabNJPQ8u7SqUmX52TXmzgDx3fcS61tPZjDrGl","Sadiq Sajahan වැරදි කරුවෙක් උනේ උසාවියට අපහාස කරලා. මේ රටේ තව අය ඔය වැරැද්දට ජනාධිපති සමාව ලැබුනා"
"Chithrananda Weerasekara","https://www.facebook.com/chithrananda.weerasekara.2025","නියම පිරිම්යෙක්"
"Chrize G Gamage","https://www.facebook.com/people/Chrize-G-Gamage/100071591315909","Chithrananda Weerasekara කටේ සද්දෙන් කිව්වහැකි මොලේපුකට බැහැපු නාකියෙක් කියලා 😂😂 ඥානසාර හාමුදුරුවෝ හිරේ යන්න හරි හේතුව කියාගන්න බෑ. ටොං පච කෙලින්නෙ.  ඉස්ලාම් අන්තවාදය නැගීගෙන එනකොට ඒවා හෙලි කරාම, ඒවට එරෙහිව සටන් කරාම ඉස්ලාම් අන්තවාදීන්ට කේන්ති ගියානම් ඒකට ඥානසාර හාමුදුරුවෝ වැරදි නෑ බූරුවො 😂😂 වැරැද්ද උං අදහන ඉස්ලාම් අන්තවාදය කියල තේරුම්ගන්න මොලයක් නැති උනාම ඔහොම තමා 😂"
"Sameera Sampath","https://www.facebook.com/sameera.sampath.828124","නීතියක් තියෙන්නේ ඒකතමයි රටකට"
"Janaka Suren","https://www.facebook.com/janaka.suren.9","Sameera Sampath ඒ මනුස්සයා කියන්නේ ද ඒකම තමයි  උසාවියේ තීන්දුවට ගරු කල යුතුය  එයට අවනත විය යුතුය  හෙට අනිද්දට වැරදිකරු හැම කෙනෙක්ම ජනාධිපතිවරයාට පෙත්සම් ලියන්න ගත්තොත් ඒක විහිළුවක් වෙනවාමයි"
"Chamindu Jayalath","https://www.facebook.com/profile.php?id=100007132458569","Sameera Sampath ජනාධිපති සමාව ඉල්ලන්නෙ. නීතියෙන් වැරදි උනත් ජනාධිපති සමාව යටතේ නිදහස් කරන්න පුලුවන්. ඒක ඕන නැත්නම් ව්‍යවස්ථාව සංශෝධනය කරන්න කියන්න."
"Roshan Karunarathna","https://www.facebook.com/roshan.karunarathna.334","මුන් හොර ගනයො"
"Sugath Priyantha","https://www.facebook.com/sugath.priyantha.52493","සුපිරි කතාව"
"Yohan Jayawardana","https://www.facebook.com/yohan.jayawardana.752","Adambarai niyama sinhalayek"
"Sugath Jayakodi","https://www.facebook.com/people/Sugath-Jayakodi/pfbid06Xj4DpwDWpcfDeVME6Z97QfDDvECabNJPQ8u7SqUmX52TXmzgDx3fcS61tPZjDrGl","Yohan Jayawardana සිංහල උන් නම් මොකාට උනත් රැවටෙනවා. කාදිනල් ආවත් පොර වෙනවා.. තමන් වෙනුවෙන් හඩක් නගපු එකාව බලු කරලා දානවා."
"Rathna Perera","https://www.facebook.com/profile.php?id=100087677862422","කට වහගෙන හිටිය ඇති උතුම් බුද්ධ චිවරයට මුවා වෙලා බුදුදහම විනාශ කරන මෙවැනි චිවර වේසධාරින් හංවඩු ගහල ශාසනෙන් නෙරපිය යුතුමයි,එදා ධර්මාශෝක රජතුමා කරපු ආකාරයටම මේ දුෂ්ශිල භික්ෂූන් වහන්සේලා රටට ජාතියට ආගමට කරන විනාශෙට"
"Chrize G Gamage","https://www.facebook.com/people/Chrize-G-Gamage/100071591315909","Rathna Perera කටේ සද්දෙන් කිව්වහැකි මොලේපුකට බැහැපු නාකියෙක් කියලා 😂😂 ඥානසාර හාමුදුරුවෝ හිරේ යන්න හරි හේතුව කියාගන්න බෑ. ටොං පච කෙලින්නෙ.  ඉස්ලාම් අන්තවාදය නැගීගෙන එනකොට ඒවා හෙලි කරාම, ඒවට එරෙහිව සටන් කරාම ඉස්ලාම් අන්තවාදීන්ට කේන්ති ගියානම් ඒකට ඥානසාර හාමුදුරුවෝ වැරදි නෑ බූරුවො 😂😂 වැරැද්ද උං අදහන ඉස්ලාම් අන්තවාදය කියල තේරුම්ගන්න මොලයක් නැති උනාම ඔහොම තමා 😂"
"Ajith Vithanarachchi","https://www.facebook.com/people/Ajith-Vithanarachchi/pfbid02U7ASJyYWGTJTnwhvgiz7Kbtt3fczWz7pdWGAt6MRGvqEb6jkN4aALsAiiNTfUhHKl","Respect  යාලුවා"
"Kumara Saman","https://www.facebook.com/people/Kumara-Saman/pfbid02sDpucvfpw7oEW4BuT7Yvfk6zuCYGHqPPmCWbcApu3A5W3QWKRPFMt5YY5cR5eyFcl","Ajith Vithanarachchi හරකෙක් කැ ගැහුවට වැඩක් නැනෙ තව හරක් 10  15ක්වත් හිටියනම් හරි"
"Asanka Manoj Weerasinghe","","Kumara Saman උඹ ගෑණියෙක් වගේ වලින් ආවට මේ රටේ පිරිමිත් ඉන්නවා."
"Ajith Vithanarachchi","https://www.facebook.com/people/Ajith-Vithanarachchi/pfbid02U7ASJyYWGTJTnwhvgiz7Kbtt3fczWz7pdWGAt6MRGvqEb6jkN4aALsAiiNTfUhHKl","Kumara Saman උබල වගේහරක් ඉන්නකම් රටක් හදන්න  අමාරුයි"
"Indika Alahakoon","https://www.facebook.com/indika.alahakoon.1656","ලංකාවේ කාපු එක් කන්ඩායමක් තමා දුශිත කහකඩයෝ"
"Sampath Sa Path","https://www.facebook.com/sampath.sapath.52","Ela kollek"
"Keith Gunasekara","https://www.facebook.com/keith.gunasekara.2025","Pala Pala huttho gihin galabodaya Puka dipan. Ubala monawa karath okay samawak denna ne balan hitapankade Yana ubalatath mokada wenne kiyala"
"Chrize G Gamage","https://www.facebook.com/people/Chrize-G-Gamage/100071591315909","Keith Gunasekara කටේ සද්දෙන් කිව්වහැකි මොලේපුකට බැහැපු නාකියෙක් කියලා 😂😂 ඥානසාර හාමුදුරුවෝ හිරේ යන්න හරි හේතුව කියාගන්න බෑ. ටොං පච කෙලින්නෙ.  ඉස්ලාම් අන්තවාදය නැගීගෙන එනකොට ඒවා හෙලි කරාම, ඒවට එරෙහිව සටන් කරාම ඉස්ලාම් අන්තවාදීන්ට කේන්ති ගියානම් ඒකට ඥානසාර හාමුදුරුවෝ වැරදි නෑ බූරුවො 😂😂 වැරැද්ද උං අදහන ඉස්ලාම් අන්තවාදය කියල තේරුම්ගන්න මොලයක් නැති උනාම ඔහොම තමා 😂"
"Ajanta Alankara","https://www.facebook.com/ajanta.alankara","නියමය.මචන්.නියමයි"
"Sugath Jayakodi","https://www.facebook.com/people/Sugath-Jayakodi/pfbid06Xj4DpwDWpcfDeVME6Z97QfDDvECabNJPQ8u7SqUmX52TXmzgDx3fcS61tPZjDrGl","Ajanta Alankara ඕන වාචාලයෙක්ට රැවටෙනවා😁"
"Pathum Lakruwan","https://www.facebook.com/pathum.lakruwan.2025","සාසනේ කනවා මුන් සිවුරු ඇදගෙන 😡"
"Chrize G Gamage","https://www.facebook.com/people/Chrize-G-Gamage/100071591315909","Pathum Lakruwan කටේ සද්දෙන් කිව්වහැකි මොලේපුකට බැහැපු නාකියෙක් කියලා 😂😂 ඥානසාර හාමුදුරුවෝ හිරේ යන්න හරි හේතුව කියාගන්න බෑ. ටොං පච කෙලින්නෙ.  ඉස්ලාම් අන්තවාදය නැගීගෙන එනකොට ඒවා හෙලි කරාම, ඒවට එරෙහිව සටන් කරාම ඉස්ලාම් අන්තවාදීන්ට කේන්ති ගියානම් ඒකට ඥානසාර හාමුදුරුවෝ වැරදි නෑ බූරුවො 😂😂 වැරැද්ද උං අදහන ඉස්ලාම් අන්තවාදය කියල තේරුම්ගන්න මොලයක් නැති උනාම ඔහොම තමා 😂"
"Sugath Jayakodi","https://www.facebook.com/people/Sugath-Jayakodi/pfbid06Xj4DpwDWpcfDeVME6Z97QfDDvECabNJPQ8u7SqUmX52TXmzgDx3fcS61tPZjDrGl","Pathum Lakruwan"
"Shantha Liyanapathiranage","https://www.facebook.com/Slpathirana","නියමයි මචං නිටමයි කතාවනම් එල ගොන් ගනයොන්ට රෙවෙන්න 👍👍👍👍"
"Nuwan Peiris","https://www.facebook.com/nuwan.peeris","කහකඩයො  කල්ලි.ගැහිලා"
"Wajira Pani","https://www.facebook.com/people/Wajira-Pani/61584999322671","Nuwan Peiris  උබලගේ පාදිළියෝද රට පාලනේ කරන්නෙ"
"Naman Yapa","https://www.facebook.com/naman.yapa","උසාවි නියෝගයක් සමච්චලයට ලක් කිරීමක් කරන්නේ හාමුදුරුවෝ එකතු වෙලා. මෙයාලටත් ඇතුලට යන්න වෙයි ප්‍රසිද්ධියේ ඔය වගේ වැඩ කරාම"
"Chrize G Gamage","https://www.facebook.com/people/Chrize-G-Gamage/100071591315909","Naman Yapa කටේ සද්දෙන් කිව්වහැකි මොලේපුකට බැහැපු නාකියෙක් කියලා 😂😂 ඥානසාර හාමුදුරුවෝ හිරේ යන්න හරි හේතුව කියාගන්න බෑ. ටොං පච කෙලින්නෙ.  ඉස්ලාම් අන්තවාදය නැගීගෙන එනකොට ඒවා හෙලි කරාම, ඒවට එරෙහිව සටන් කරාම ඉස්ලාම් අන්තවාදීන්ට කේන්ති ගියානම් ඒකට ඥානසාර හාමුදුරුවෝ වැරදි නෑ බූරුවො 😂😂 වැරැද්ද උං අදහන ඉස්ලාම් අන්තවාදය කියල තේරුම්ගන්න මොලයක් නැති උනාම ඔහොම තමා 😂"
"Naman Yapa","https://www.facebook.com/naman.yapa","Chrize G Gamage උඹලා වගේ මෝඩ මිනිස්සු නිසා තමයි මේ රටවල් නොදියුණු. තමන්ට ඕන විදියට ජීවත් වෙන්න පුළුවන් නම් මොකටද නීති"
"Samantha Wlu","","Naman Yapa එතකොට ජනාධිපති සමාව සමච්චලයට ලක් වුනා නෙවෙයි ද, නැවත සිරගත කිරීම"
"Naman Yapa","https://www.facebook.com/naman.yapa","Samantha Wlu එහෙම නම් අත්සන් මොකටද. හාමුදුරුවන්ට පුළුවන් උසාවි නියෝගයක අභියෝගයට ලක් කරන්න. හැංගිලා ඉන්නේ නැතුව."
"Savinda Rasika","https://www.facebook.com/people/Savinda-Rasika/pfbid0HuuDGxJqWMedgAzGMvXZnCv4Phg9TrqKdfTp1ZRkNzPc1qaPiTbULR3o2wpVWoM2l","Respect  වරදක් කරලා තියෙනවානේ හිරේරේ යන්නම ඕන"
"Chrize G Gamage","https://www.facebook.com/people/Chrize-G-Gamage/100071591315909","Savinda Rasika කටේ සද්දෙන් කිව්වහැකි මොලේපුකට බැහැපු නාකියෙක් කියලා 😂😂 ඥානසාර හාමුදුරුවෝ හිරේ යන්න හරි හේතුව කියාගන්න බෑ. ටොං පච කෙලින්නෙ.  ඉස්ලාම් අන්තවාදය නැගීගෙන එනකොට ඒවා හෙලි කරාම, ඒවට එරෙහිව සටන් කරාම ඉස්ලාම් අන්තවාදීන්ට කේන්ති ගියානම් ඒකට ඥානසාර හාමුදුරුවෝ වැරදි නෑ බූරුවො 😂😂 වැරැද්ද උං අදහන ඉස්ලාම් අන්තවාදය කියල තේරුම්ගන්න මොලයක් නැති උනාම ඔහොම තමා 😂"
"Sathyajeewa Vijendra","https://www.facebook.com/sathyajeewa.vijendra","සුපිරි බ්‍රදර්🌸🌸🌸🌸🌸🌸🌸💖"
"Priyantha Indu","https://www.facebook.com/priyantha.indu.1","සපිරීම සුරිම කොන්ද තියෙන මහත්මයාට දීර්ඝායුෂ!"
"Pethum Priyadarshana","https://www.facebook.com/pethum.priyadarshana.94","නීතියට පිටින් වැඩ කරන්න කියලා සිවුරක් ඇදන් ලැජ්ජා නැති වැඩ කරන්නේ මුන් ඇති යන්තම් කොන්දක් තියන එකෙක් හරි අනුරාධපුර හිටිය එක 👍👍"
"Chrize G Gamage","https://www.facebook.com/people/Chrize-G-Gamage/100071591315909","Pethum Priyadarshana කටේ සද්දෙන් කිව්වහැකි මොලේපුකට බැහැපු නාකියෙක් කියලා 😂😂 ඥානසාර හාමුදුරුවෝ හිරේ යන්න හරි හේතුව කියාගන්න බෑ. ටොං පච කෙලින්නෙ.  ඉස්ලාම් අන්තවාදය නැගීගෙන එනකොට ඒවා හෙලි කරාම, ඒවට එරෙහිව සටන් කරාම ඉස්ලාම් අන්තවාදීන්ට කේන්ති ගියානම් ඒකට ඥානසාර හාමුදුරුවෝ වැරදි නෑ බූරුවො 😂😂 වැරැද්ද උං අදහන ඉස්ලාම් අන්තවාදය කියල තේරුම්ගන්න මොලයක් නැති උනාම ඔහොම තමා 😂"
"Samantha Geekiyanage","https://www.facebook.com/samantha.geekiyanage.2025","අනිවාර්යයෙන් එයා හිරේ යායුතුයි"
"Wijesinha Bandara","https://www.facebook.com/wijesinha.bandara.948","නියමයි මල්ලි නියමයි."
"Selvakadirgamar Selvadurai","https://www.facebook.com/selvakadirgamar.selvadurai","Repeatedly we pray for oneness no division of any aspects,nation has one voice this gentleman is enough for the revolution of solidarity"
"Dhanapala Basnayaka","https://www.facebook.com/dhanapala.basnayaka.2025","නියමයි මල්ලී ඔයා සුපිරි ලුනු ඇබුල් ඇතිව දුන්නට."
"Ashoka Kumari","https://www.facebook.com/ashoka.kumari.118187","අන්න  කොන්ද  තියන  පිරිම්    අනේ      අර  උතුරටත්  ගිහින්   අපේ  සිංහල   මිනිසු   එලවනවා  දෙමළා   සක්කිලි     කොටියාගේ  පින්තුරයක්   ගහලා  යපනේ  වටෙම මල්තියලා  වදිනවා    🙏🙏🙏  ජති වදි  අවුස්සන වා  කොන්ද  පන  තියන  එකෙක් ඔයා  ගිහින්  එහෙට    ජිතිවාදි  අවුසන්න  එපා  කිපන්  ඒක පංරක්"
"Kamal Rathnayake","https://www.facebook.com/kamal.rathnayake.391","චිවරටට වෙනත් නිති බැ"
"Channa Fernando","https://www.facebook.com/channa.fernando.936994","දුන්නා දෙන එක සැරටම ඈ😂😂😂"
"JTV Global Network","https://www.facebook.com/people/JTV-Global-Network/61563873989863","සුපිරි පොරක්"
"Jagath Wickramasinghe","https://www.facebook.com/jagath.wickramasinghe.694043","හොරැන් බොරැ කාරයින් බේරි ගැනිමෙ කාලය ඉවරයි දැං දඩුවං විදිමේ කාලයයි"
"Hasantha Silva","https://www.facebook.com/hasantha.silva.7","Niyamai brother. Thithergalle pissa ahagatha niyameta.api kiwwa owata yanna epa kiyala. Eyageth monawa hari wahaganna athi. Siwuru horu."
"Chrize G Gamage","https://www.facebook.com/people/Chrize-G-Gamage/100071591315909","Hasantha Silva කටේ සද්දෙන් කිව්වහැකි මොලේපුකට බැහැපු නාකියෙක් කියලා 😂😂 ඥානසාර හාමුදුරුවෝ හිරේ යන්න හරි හේතුව කියාගන්න බෑ. ටොං පච කෙලින්නෙ.  ඉස්ලාම් අන්තවාදය නැගීගෙන එනකොට ඒවා හෙලි කරාම, ඒවට එරෙහිව සටන් කරාම ඉස්ලාම් අන්තවාදීන්ට කේන්ති ගියානම් ඒකට ඥානසාර හාමුදුරුවෝ වැරදි නෑ බූරුවො 😂😂 වැරැද්ද උං අදහන ඉස්ලාම් අන්තවාදය කියල තේරුම්ගන්න මොලයක් නැති උනාම ඔහොම තමා 😂"
"Nimal Kariyawasam","https://www.facebook.com/nimal.kariyawasam.52","Chrize G Gamage https://www.facebook.com/share/r/1BsWwhVqWc/"
"Mohomed Kamil","https://www.facebook.com/mohomed.kamil.338","නියම අය්යේ, උඹ නියම පිරිමියෙක්"
"Mohammed Nisfar","https://www.facebook.com/mohammed.nisfar.79","අප රටේ සමගිය තවත් ශක්තිමත් වේවා respected bro"
"Kasun Kumara","https://www.facebook.com/people/Kasun-Kumara/pfbid0349FBtQ8fUeAzG3zaos7ASfx952vZPvJsqBkgfAtxsDdx7VzCsFQs73RUDkzAYK2Kl","එකෙන්ම මරු"
"Suranga Fernando","https://www.facebook.com/suranga.fernando.668794","Hoda wade ganaya"
"Shiranta Silva","https://www.facebook.com/shiranta.silva.3","නියම ............."
"Hirantha Kathriarachichige Don","https://www.facebook.com/hirantha.kathriarachichigedon","Niyami sahodaraya"
"Manjula Warnapala","https://www.facebook.com/manjula.warnapala","එළකොල්ලෙක්"
"Mangalika Sriyani","","නියමයි සහෝදරයා"
"A.S. Wimalaweera","https://www.facebook.com/as.wimalaweera.1","ශ්‍රේෂ්ඨයි..."
"Laxman Sinhala","https://www.facebook.com/laxman.sinhala.7","Kondak ethi ekek 👍🥰"
"Upul Indraka Pahala Gmge","https://www.facebook.com/people/Upul-Indraka-Pahala-Gmge/pfbid0dSr4VRvpR25fyyRKNeoiaEC1w6m8tsLAyGWqi7mjecFcHVshKbVxboagLpGg4pdWl","සහොදර මිනිස්සුනේ මෙිවැනි නිර්භීත රට⁣වෙනුවෙන් කථා කරන සොහොයුරා වෙනුවෙන්   එකතු වන්න එවිට ඔය පාදඩ චීවරධාරීන්ට වැරැදි කරැවන්⁣ වෙනුවෙන් පෙනීසිටින්නට හැකියාවක් නැතිවෙිවි      සහොදරයා ඔබට මාගේ ⁣ගෙෘරවනීය  ආචාර්ය ."
"Bandara Dilanka","https://www.facebook.com/pathumb22gmailcom","නියම මනුස්සයෙක්.........respect"
"Rohan DE Mel","https://www.facebook.com/rohan.demel.1654","Good job brother. පුලුවන්නම් කන ####"
"Thusitha Priyadarshana Pragnarathna","https://www.facebook.com/thusithapriyadarshana.pragnarathna","සිවුරු නතිං   කියන දේ කෙලින්ම කිව්ව ,,,"
"Jayatissa Dasanayake","https://www.facebook.com/jayatissa.dasanayake","නියමයි මල්ලි, අනිවාර්යෙන් හිරේ යන්නම ඕනෑ ඕකා රගපු රැගිල්ල ජාති වාදය, අාගම් වාදය අවුස්ස අවුස්ස"
"Chrize G Gamage","https://www.facebook.com/people/Chrize-G-Gamage/100071591315909","Jayatissa Dasanayake කටේ සද්දෙන් කිව්වහැකි මොලේපුකට බැහැපු නාකියෙක් කියලා 😂😂 ඥානසාර හාමුදුරුවෝ හිරේ යන්න හරි හේතුව කියාගන්න බෑ. ටොං පච කෙලින්නෙ.  ඉස්ලාම් අන්තවාදය නැගීගෙන එනකොට ඒවා හෙලි කරාම, ඒවට එරෙහිව සටන් කරාම ඉස්ලාම් අන්තවාදීන්ට කේන්ති ගියානම් ඒකට ඥානසාර හාමුදුරුවෝ වැරදි නෑ බූරුවො 😂😂 වැරැද්ද උං අදහන ඉස්ලාම් අන්තවාදය කියල තේරුම්ගන්න මොලයක් නැති උනාම ඔහොම තමා 😂"
"Warnakulasuriya Milroy Fernando","https://www.facebook.com/people/Warnakulasuriya-Milroy-Fernando/pfbid0JNL5uzxJB3waFh1TJteNNXtjpffrJb1DnJfKpnddKrCJxU6gmXM8UbC1PvzPGi8El","සහතික ඇත්ත කතාව මහත්මය"
"Yoshitha Hettiarachchi","https://www.facebook.com/yoshitha.hettiarachchi","Patamaaaa kathawa"
"Ajantha Hidalla Arachchi","https://www.facebook.com/ajantha.hidallaarachchi","Niyamai"
"Pradeep Asanka","https://www.facebook.com/pradeep.asanka.236674","නියමයි නියමයි කොන්ද පණ තියෙන කොල්ලෙක්"
"Ranjith Pushpakumara","https://www.facebook.com/ranjith.pushpakumara.507","Respect!❤️කොල්ලො,! නීතිය අත්සන් සහ පිස්සන් දෙකටම උඩින් තියෙන්නෙ!😡😡"
"Jananayaka Adasooriya","https://www.facebook.com/jananayaka.adasooriya","Ella Ella"
"Wikramapala Wikramapala","https://www.facebook.com/wikramapala.wikramapala.2025","හිරෙම  යවන්නම   ඔනි  ජයවේවා  මල්ලි   ඔයාට"
"Kusumsiri Herath","https://www.facebook.com/kusumsiri.herath","නියමයි."
"Rashil Dayanga","","Supiri ❤💚👍👍"
"Suranga Nadishan","https://www.facebook.com/suranga.nadishan.7","uthum Budu dahama haluwata lak wena wada siura daragana nokara inata wagabalagatha uthui"
"Chandana Roshan","https://www.facebook.com/chandana.roshan.274689","සුපිරි කතාවක් කොන්දක් තියෙන සුපිරි බුලට් එකක්"
"Jayasooriya Jayasooriya","https://www.facebook.com/jayasooriya.jayasooriya.33046","සිවුරු රඳවන"
"Chrize G Gamage","https://www.facebook.com/people/Chrize-G-Gamage/100071591315909","Jayasooriya Jayasooriya කටේ සද්දෙන් කිව්වහැකි මොලේපුකට බැහැපු නාකියෙක් කියලා 😂😂 ඥානසාර හාමුදුරුවෝ හිරේ යන්න හරි හේතුව කියාගන්න බෑ. ටොං පච කෙලින්නෙ.  ඉස්ලාම් අන්තවාදය නැගීගෙන එනකොට ඒවා හෙලි කරාම, ඒවට එරෙහිව සටන් කරාම ඉස්ලාම් අන්තවාදීන්ට කේන්ති ගියානම් ඒකට ඥානසාර හාමුදුරුවෝ වැරදි නෑ බූරුවො 😂😂 වැරැද්ද උං අදහන ඉස්ලාම් අන්තවාදය කියල තේරුම්ගන්න මොලයක් නැති උනාම ඔහොම තමා 😂"
"Sharon Perera","https://www.facebook.com/sharon.perera.5876","NIYAMAI"
"Ranga Vishal","https://www.facebook.com/rangal.vishan","මුනට වෙන වැඩ නෑ හොරුන්ට කඩේ යනවා ඇරෙන්න . ඔය සිවුර ගලවලා පලයල්ලා යන තැනක .... නැත්නම් ඔය අහිංසක මිනිස්සුන්ට පව් පිරෙනවා නිරපරාදේ  🥹🥹🤮🤮🤮 අයියේ උබ එල කිරි කොල්ලේක්  ❤️❤️💪💪👍"
"Asanka Sanjeewa","https://www.facebook.com/people/Asanka-Sanjeewa/pfbid0YkFuaLUFN6bL5nDuMxzjWEDoTZAiRH96dUv3YhFRYGR3gQc5JhBCGvAjh3LMT3H6l","Jayawawaa yahaluwa"
"A.K. Balasooriya","https://www.facebook.com/a.k.balasooriya.2025","සුපිරි     කොල්ලෙක්"
"Thilina Prasad","https://www.facebook.com/people/Thilina-Prasad/pfbid0PhqCDbWh1gnHxkjh662KVK51fuePuYCDznXR9nawrH782MsdheecVyruEiSofHK4l","Niyamayi 👍"
"Vijitha Marasinghe","","Adambarai puthe eththa kiuwwata lajja nethi ganayo elawanna oni"
"Nuwan Kuruwitaarachchi","https://www.facebook.com/nuwan.kuruwitaarachchi","හිරේ දාලත් මදි"
"Duminda Wijesingha","","අන්න මිනිසෙක් හමුවුනා"
"Harshana Pedip","https://www.facebook.com/harshana.pedip.2025","නියමයී"
"Nirmal Weerasinghe","https://www.facebook.com/nirmal.weerasinghe.73","අනුරාධපුර ❤️"
"Ishan Wellington","https://www.facebook.com/people/Ishan-Wellington/pfbid02naWnBurVjc4eQsy7M3xRgYBf69rPY885fUV9geuUH8RrhRMP4V6t4Gcwpqk736tul","balannako me kaha kada tika, othanath vairee prakaasha"
"Ananda Ananda","https://www.facebook.com/ananda.ananda.143514","කාළකන්නි  jeppange  ambaruwek"
"Naduni Dissanayake","https://www.facebook.com/people/Naduni-Dissanayake/pfbid0AEm4xt1TUJvAkyrDsChmzu7hyggpMmV3gDGamJBi3w3LKieEUPFyvznBKu9AzB4kl","Ananda Ananda එතකොට ජාතිවාදය අවුස්සල හිරේ ලඟින්න ඉන්න සිවුර දාගෙන ඉන්න එකා උඹලගේ විරයෙක් ගූ කාපම් බැ<>ල්ලිගෙ එකො ගිහින් ලැජ්ජයි තොපි"
"Athula Wickramaarachchi","https://www.facebook.com/gemidula.lc","එල කිරි බඩී."
"Ranjith Wijesooriya","https://www.facebook.com/ranjith.wijesooriya.3","මේටකෙ වැලලෙන්න හදන එවුන් ඉතිහාසය කියවපල්ලා...."
"Mohemed Faizer","https://www.facebook.com/mohemed.faizer.9","පන්සල් නිකන් ඉන්න වෙලාවේ kammalitey te අත්සන් ගන්නවා mahaththayo, janapathi සමාව කියන්නෙ විහිළුව te පත් කරන්න aepa"
"Marlon Oorloff","https://www.facebook.com/profile.php?id=100002895728427","Sakkili hora ganaya"
"Rms Kumar","https://www.facebook.com/rms.kumar.901071","Good luck"
"Mawsook Mauroof","https://www.facebook.com/mawsook.mauroof","ඥානසාර හාමුදුරුවෝ කරේ වැරද්දක් තමයි ඒත් මම නම් කියන්නේ උන්වහන්සෙව හිරේ යවන්න ඕන නෑ අත්හිටවපු සිරදඩුවමක් ( ඇග  බැදලා ) ලොකූ ශරීර ඇප දෙකක් විතර තියාගෙන උන්වහන්සෙට එලියේ ඉන්න දුන්නා නම් හරි"
"Dinal Samaranayake","https://www.facebook.com/dinal.samaranayake1","Mawsook Mauroof ඇය ඔබේ අම්මට ඕනේ කිව්වද"
"Mawsook Mauroof","https://www.facebook.com/mawsook.mauroof","Dinal Samaranayake හිතුවාද මේ රටේ ඉන්න ඔක්කොම අම්මලා උ බේ අම්මා වගේ කියලා 😁"
"Sithu Fernando","https://www.facebook.com/sithu.fernando.665429","Mawsook Mauroof අම්මගෙ හොර මිනිහ"
"Mawsook Mauroof","https://www.facebook.com/mawsook.mauroof","Sithu Fernando කාගෙද උ බේ ද ?? ශිකේ බලහන් උ බලගේ අම්මා කොච්චර වැරදීද සිවුරක් දරන කෙනෙක්ව හොර මිනිහා විදිහට තියාගත්තු එක ඇයි එහෙම අම්මට වෙන එකෙක් හම්බුනේම නැද්ද ?? 😄😄😄"
"Thusitha Madagammana","https://www.facebook.com/thusitha.madagammana","එළ මචං එළ ...කොන්ද පන තියන එකෙක් ..👍👍👍❤"
"Harsha Ekanayake","","Supiri"
"Wagira Ishantha","https://www.facebook.com/people/Wagira-Ishantha/pfbid0mrFXwwJyj4fzXLVLCqrYonw4aZc7L9EhFf3G4sNA6jtHx5Vjdw54GMfNuYt8NzMal","Supiry kollek"
"Chandimal Lasitha","https://www.facebook.com/chandimal.lasitha","Bike eke inne kala kanni pissek"
"Sures Kumar Paramasivam","https://www.facebook.com/people/Sures-Kumar-Paramasivam/pfbid0YjPFwx59mxp1QM8nt183CHjc8WGEFGdqphnKaEyu9EqSgMyCrCEqARJxy2433pb8l","Niyamai yaluva"
"Wajira Nuwan","","Respect bro,siwru dagena sakkili wada karana okkoma hire danna ona"
"Mohamed Nazeem Shakaf","","කලාතුරකින් නියම පුරවැසියකු දැක්කමයි"
"Nandana Samarakoon","https://www.facebook.com/nandana.samarakoon.618520","තිත්ත ගල්ලේ ආණ්ඩුවට විරෝධියෙක්. ඌ නිදහස් නිකායන් හදනවලු  .හාදුරැවන්ට ගෑනු තියාගන්න පුලුවන් විදියට. චීවර රදවන එවුන්ට ගහලා පන්නන්න ඕනෑ."
"Tharindu Rangana","https://www.facebook.com/people/Tharindu-Rangana/pfbid02esdHkbUir6oTSUPn2X727XtHefM8oGGPAHkRAEPWLxoeoWDceApeo5nA4wZr8Ehql","Kari ponnaya..mage munta hambuna nam man image dath tika athata denawa"
"Gamini Rajapaksha","https://www.facebook.com/gamingrajapaksha.rajapakshadawaga","සිවුරු  හොරු  mun alawa danna oni....ජාතිවාදී ..apa...."
"Priyani Karunaratne","https://www.facebook.com/priyani.karunaratne.1","නියමයි සහෝදරයා...එඩිතර සිංහලයෙක්"
"Bandula Ranasinghe","https://www.facebook.com/people/Bandula-Ranasinghe/pfbid02Ve4Tuwu3xjk41RhZnDawQKQCeLQi3qeNPZZYCwQkGnwRWsGZ6MPKBAkWYCMtXbFnl","ඔය හොර රජපක්ශලා නිකයෙ හොරු වෙනුවෙන් කඩෙ යන්නේ"
"Anusha Anusha","https://www.facebook.com/people/Anusha-Anusha/pfbid02HA77sE7wxgg6jeij2uZEs8A6evNAikbVSzcBJ1VcfoYMS4LVygL6LRPr1wz6wGx4l","Niyamai unta homa thama kiyanda one hora ganyo pinata dana kala unta tele"
"Chandana Chandrasena","https://www.facebook.com/chandana.chandrasena.9","බලන්න අර මහත්තයා තනියෙම දෙන ගේම.එයාට උදව්වට කවුරුත් නෑ."
"Priyantha De Silva","https://www.facebook.com/priyantha.desilva.5492","Chandana Chandrasena උදව් මක්කෙටයි ඔය තනියම නෙලන්නේ ලෙසට  ආයි දෙනවා දීමක් ලොවෙත් නැති වෙන්න  මම හිතන්නේ සුලුදිය පිට වෙන්න ඇති තිත්ත ගල්ල උන්නැහැට"
"Janaka Wijesooriya","https://www.facebook.com/people/Janaka-Wijesooriya/pfbid02Leh4QQnyvYoPLdLXs6ZANTrhMx3NamMCiyLYdWiBnBHcpgCKWZFMtmx8TfKuk6qKl","පට්ට කොල්ලෝ!❤️අන්තවාදී හොරුට  නිශ්ශබ්ද උන් යුග අවසන්ම කර: කතා කරන්න ඕනේමයි!🇱🇰☝"
"Swarna Liyanage","https://www.facebook.com/swarna.liyanage.104","අනුරාධපුරයේ  කොන්ද පන තියන කොල්ලෙක් නියම සීන්හලයෙක්"
"Anis Ahamod","https://www.facebook.com/anis.ahamod","In Srilanka Monks are given unofficial powers and priorities and free in everything 🤮.Therefore they misuse the law. Difficult to be controlled by legal system of Srilanka.We trust AKD NPP government will restructure and reorganize and rehabilitate the judicial system, police, lawyers,politicians and Monks in Srilanka 🙏."
"Sarath Kumara","https://www.facebook.com/sarath.kumara.181742","Aththatama adambarai sahodaraya"
"Pradeep Sanjeewa","https://www.facebook.com/pradeep.sanjeewa.5496683","සිපිරි අන්න නියම සිංහලයා.ඔයාට අපෙන් ඩබල් වැලිවිටි."
"Susantha Ranasinghe","https://www.facebook.com/susantha.ranasinghe.336","Niyama kathawa kollaga👍👍"
"Chandra Vije Kuruppu Arachchige","https://www.facebook.com/people/Chandra-Vije-Kuruppu-Arachchige/61587721184189","නියමයි බ්‍රෝ"
"Sarath Wimalasooriya","https://www.facebook.com/sarath.wimalasooriya.28059","Niyama jvp karayek"
"Harshani Chamari","https://www.facebook.com/harshani.chamari.2025","මු නම් මහා අමූ තිරිසනෙක් මේ වගේ  උන් ඉන්නෙම මාලිමාවේ ,  මේ ගෝත්‍රිකයෙක් හෙනම gahapan"
"Duminda Ranaweera","https://www.facebook.com/people/Duminda-Ranaweera/pfbid029bJPC9EbcR8VwQsFX7X2DzDm5qUzaiCEnMvu8PwDzX5hE7eaJQZfESEZn7EH9srrl","සුපිරියි සහෝ!"
"Hasanka Priyamantha","https://www.facebook.com/hasanka.priyamantha","සිවුරක් පොරො ගත් තට්ටයෙක් 😆😆සන්නා තමා හරියටම කිව්වේ😆 කට උත්තර නෑනේ"
"Visaka Samarawikrama","","ගැම්මක් තමයි ඉතිං"
"Priyanka Kumara","https://www.facebook.com/priyanka.kumara.5817","නියම රියල් කොල්ලෙක්. නියමයි නියමයි සුපිරි."
"Kapila Willara","https://www.facebook.com/kapila.willara","සුපිරි සිඋර හොරුන්ට දෙනවා නියමෙට ❤️"
"Tgk Gamlath","https://www.facebook.com/tgk.gamlath","නියමයි....."
"Thusitha Nandaka Kumara","https://www.facebook.com/thushara.hmtnk","හාමුදුරුවෝ හිරේ යවමු උබ ඕකෙන් බැහැලා කතා කරපන් නැහැදිච්ච කම් පෙන්නන්නෙ නැතිව"
"Mohamed Rushdi","https://www.facebook.com/mohamed.rushdi.462257","ජනාධිපති තුමා උසාවිය දඩුවම් දුන්නා නම් දුන්නා, දැන් ඉතින් මොකටද් නටිටන්නෙ 😁 අපෙ සාදුලා පාර දිගෙන් දිගටම ආජුතයි 😁ඉරිකිතයි 😁 ඉස්සර කහපාට සිවුර කියන්නෙ පට්ටම් පට්ටයි 👍 දැන් ඉතින් ලංකාව සහ මුලු ලොකෙම් දන්න කරුණකි තමයි අප්‍රසාදය නානසාර සමග සිටින්න පාතාලයේ කල්ලිය සහ ළමයි අපචාර 😁"
"Thusitha Prasanna","https://www.facebook.com/thusitha.prasanna.5811","කාලකන්නි මුසල බල්ලෙක්"
"Kamal Perera","https://www.facebook.com/people/Kamal-Perera/pfbid02mHADVJj6zwjVghhydJYkunWZSMfNBLembhNkK71RSMWc4DbhhA6Lhcx4GfsA2EL9l","Thusitha Prasanna උඔ වගෙ"
"Thusitha Prasanna","https://www.facebook.com/thusitha.prasanna.5811","Kamal Perera තොගේ මහා එකවගේ"
"Kamal Perera","https://www.facebook.com/people/Kamal-Perera/pfbid02mHADVJj6zwjVghhydJYkunWZSMfNBLembhNkK71RSMWc4DbhhA6Lhcx4GfsA2EL9l","Thusitha Prasanna උබේ මහඑකා මංනෙ බං අම්මගෙන් අහපං කොබොරුනම්"
"Thusitha Prasanna","https://www.facebook.com/thusitha.prasanna.5811","Kamal Perera තෝව රිව්වා කිව්ව තොගේ අම්මා"
"Kamal Perera","https://www.facebook.com/people/Kamal-Perera/pfbid02mHADVJj6zwjVghhydJYkunWZSMfNBLembhNkK71RSMWc4DbhhA6Lhcx4GfsA2EL9l","Thusitha Prasanna කොහෙන්ද බං"
"Thusitha Prasanna","https://www.facebook.com/thusitha.prasanna.5811","Kamal Perera අම්මගෙන් අහපන් කක්කා පුතා"
"Gayan Sameera Perera","https://www.facebook.com/wahappulega.perera","එළ කොල්ලෝ 👍"
"Chrize G Gamage","https://www.facebook.com/people/Chrize-G-Gamage/100071591315909","Gayan Sameera Perera කටේ සද්දෙන් කිව්වහැකි මොලේපුකට බැහැපු නාකියෙක් කියලා 😂😂 ඥානසාර හාමුදුරුවෝ හිරේ යන්න හරි හේතුව කියාගන්න බෑ. ටොං පච කෙලින්නෙ.  ඉස්ලාම් අන්තවාදය නැගීගෙන එනකොට ඒවා හෙලි කරාම, ඒවට එරෙහිව සටන් කරාම ඉස්ලාම් අන්තවාදීන්ට කේන්ති ගියානම් ඒකට ඥානසාර හාමුදුරුවෝ වැරදි නෑ බූරුවො 😂😂 වැරැද්ද උං අදහන ඉස්ලාම් අන්තවාදය කියල තේරුම්ගන්න මොලයක් නැති උනාම ඔහොම තමා 😂"
"Chami Perera","https://www.facebook.com/chami.perera.528","ඔව් මරැ සහෝදරයා  හොම ඉන්න ඔනේ හොරැ හොරැමයි මුන් ඔක්ලොම හිරෙ යන්න ඔනේ කරපු දෙයක් නැරටට"
"Jagath Jayawardana","https://www.facebook.com/jagath.jayawardana.504017","Aniwa .. Hora Kaha kadayo"
"Nisha Nisha","https://www.facebook.com/nisha.nisha.410755","niyamai"
"Nishantha Athuraliya","https://www.facebook.com/nishantha.athuraliya.1","ඇත්ත කතාව."
"Sumith Fernando","https://www.facebook.com/sumith.fernando.9277","Dunna Kanata"
"Sunethra Priyani","https://www.facebook.com/people/Sunethra-Priyani/pfbid0WwJoa3T2sswqAu2MnAb8XhXSGuJGmZoqG33ybTzkLELYr9vENrD2xJ8XwVriSM8rl","ඇත්තටම මේ සහෝදරයා කතාව වටිනවා   හැබැයි ඉතින් තනිවී වල හරි හරිගෙ දේ කතා කරා"
"Nilan De Silva","https://www.facebook.com/nilan.desilva.188","කහකඩයෝ , සුපිරි කොල්ලා !!"
"Gunadasa Gunasena","https://www.facebook.com/gunadasa.gunasena","කොන්ද පණතිය එක සිංහල යේක් හරි අනුරාධපුර හිටපු එක ලොකු දෙයක්.  ඹය. වලත්ත  ගෝත්‍රකයන්ට. අහුවේන්ට. එපා. ඹය. හමුදුරුවෝ.  වගේ. රගපැවාට අහුවේන්ට. එපා. අත්සන්. කරන්ට. එපා"
"Somawathi Panthirige","https://www.facebook.com/somawathi.panthirige","නියම හෙළයෙක් අසාධාරණ යට එරෙහිව කකියන ලේ!"
"Harshani Palinda","https://www.facebook.com/people/Harshani-Palinda/pfbid063fAqjy8vMMR6h1ZBf3Fc4gWLAHZ1pRNadht4ceAvM2TSJjrqPkxYnZSiYbJowe7l","නියමයි ඔහොම තමයි කතා කරන්න ඔනි"
"Saman Kumara","https://www.facebook.com/people/Saman-Kumara/61587163587753","අනිවාර්යයෙන්"
"Rifan Cazeem","https://www.facebook.com/rifan.cazeem","Niyeme pirimiyek"
"Sriyani Ehalapitiya","https://www.facebook.com/sriyani.ehalapitiya","නියමයි සහො"
"Rasika Liyanage","https://www.facebook.com/rasika.liyanage.42927","හාමුදුරු නමක් නම් කමක් නෑ අපිත් අත්සන් කරනවා... මේයා....."
"Panthiya Dewage Thilakasiri","https://www.facebook.com/people/Panthiya-Dewage-Thilakasiri/pfbid08Ar8eMJv84RBtazF5ARk8WHr4Rc7ZEfSve3YoR4q4HBNCADQACC3TGoZTUqyuU12l","Munata අත්සන් කරන්න ape සිරි ලංකාවේ ජනතාවට කියන්නේ"
"Sudesh Robisan","https://www.facebook.com/sudesh.robisan.2025","සාදු සාදු 🙏"
"Mohomed Rizwan","https://www.facebook.com/people/Mohomed-Rizwan/pfbid0Qesd9ju6uqssui1jh5sYRSMenxuqPV1BBVrdEnXGYFy9L5aCmaErm7f2zpNw89u3l","Me rate eka ekata ekeka neethi  me rate minissu thanikara kelinne pissi"
"Prashanthi Marahenpita","https://www.facebook.com/prashanthi.marahenpita","පිස්සු  යක්කේ උට ස්වාමීන් වහන්සේ  කතා කරන්න දන්නේ නෑ"
"Nihal Vijerama","https://www.facebook.com/profile.php?id=61573508302868","Niyama kollek"
"Purnnima Weerarathna","https://www.facebook.com/purnnima.weerarathna.7","නියමයි"
"Harindra Solomon Jayatunga","https://www.facebook.com/Harinjaya49","Very good 💯😊 මුන් තමයි ශාසනය විනාශ කරන්නේ ⁉️ ජාති වාදය අවුස්සන්නෙ නැතුව බණක් කියල දානේ වළඳා පාඩුවේ ඉන්න ‼️‼️😊😊"
"ඉනෝකා කොඩිතුවක්කු","https://www.facebook.com/indika.prasanna.somasiri","නියමයි"
"Fazil Fazil","https://www.facebook.com/people/Fazil-Fazil/pfbid02pYK2WKvkwBqJjHgMxJVzFQnERdhCCVX5swKDstP2DLYSWZvEBbAFLTcxDZaVjzbPl","Weerayek"
"Sandun Bandara","","Hondama wede kah kda horunta Kade yana"
"Dharmadasa Siriwardhana","https://www.facebook.com/dharmadasa.siriwardhana.2025","ඤාණසාර කුණුහරුපයෙන් හාමුදුරුවරුන්ට බනින වීඩීඕ එක පෙන්වන්න. එයා නිදහස් කලොත් මාලිමාව බත් සොකරි තමයි. එහෙනම් අරගලයෙන් හිරගේ ගිය මිනිස්සු."
"Jayawardhana Jaye","https://www.facebook.com/jayawardhana.jaye","ජයවෙවා සහොදරයා"
"Ruhul Fathima","https://www.facebook.com/people/Ruhul-Fathima/pfbid02Nxh775rT32NEsKuvHia8p6oD4UHSMrvb7WQs492PToUQyLeaBJkmZyszcJdDk7ZLl","Kawru unath jathibeda ethi karana wanam aniwaryayenma danduwam wiya yuthuy. Nirbeetha Lakika sqhodarayek."
"Sriyani Kapuge","https://www.facebook.com/sriyani.kapuge.3","මෙයාල අත්සන්ගන්න යන්නෙ වැරදිකරන කෙනෙක් වෙනුවෙන්. එතකොට හාමුදුරුවෝ  කරන වැරදිවලට ගිහියො කතාකරාම ඒක අපාය යන වැඩලු. වැරදි කරන අය කවුරු උනත් නීතිය සම වෙන්න ඕන."
"Thalagalage Saman Priyantha","https://www.facebook.com/thalagalage.priyantha","ගනය පීචං උනා......."
"Inoka Edirisingha","https://www.facebook.com/inoka.edirisingha.3","නියමයි අය්යා.සුපිරි  .දැන් උඩින්ම තියෙන්නේ නීතියයි.අනුරාධපුරයේන් කට ඇති කොල්ලෙක් සුපිරියි!.👍👍👍"
"Padmi Muthumala","https://www.facebook.com/padmini.muthumala","Ela Ela jayawewa 1 thattayek vedio karanawa Hamatanama ohoma karanna ona"
"Rohana Perera","https://www.facebook.com/people/Rohana-Perera/pfbid02ZZsaSiGvYDsMcByQ72rbRTZ6ZkdafeYUt2efjHF983o5Mv5F4d3xKUr3EccuMbjdl","මුකුත් කියන්න එපා මචං ඔය කහ කැ.....යො රහත් වෙලා ඉන්නෙ.   නිවන අවබෝධ කරන්න කියල ආපු කපටි රැලක්  වනචර මස් වැද්දෙක්  බේරගන්න මහමග අත්සන් හිගනව. තුක්. ලංකාවේ භික්ෂුවට ගිය කලක්.  පල කහකඩය ඉස්සෙල්ලාම අත්සන ගන්න ඕක   ""හිගන්නෙක්""  කියපු අපේ ආදරණීය  කාගම  හාමුදුරුවෝ ලගට."
"Samanthi Wadikandage","https://www.facebook.com/samanthi.wadikandage","Supiri kathava"
"Jagath Jayalal","https://www.facebook.com/jagath.jayalal.16","කෙලින් මිනිසෙක්  RESPECT  👍"
"Shean Betto","https://www.facebook.com/shean.betto","Lajwa nathi hatha warko man gawta hukla gna"
"Samantha Akmeemana","https://www.facebook.com/samantha.akmeemana.2025","නියමයි"
"Aruna Siribaddana","https://www.facebook.com/aruna.siribaddana","නියම කොල්ලෙක්"
"Neomal Joseph","https://www.facebook.com/people/Neomal-Joseph/pfbid0qKrSc4YwVhhLgc3jGBSwrUGuKpyKvDTnv7YbDbTydmwzsUS8AN8es4Ltx3nqd683l","නියම පොර"
"Neshantha Demel","https://www.facebook.com/people/Neshantha-Demel/pfbid0prSZXC7WUYSPzCr1RH1LPZCjEnFuS6gRCWiqamWed42inboGTPVLApQbE6Z5eAbBl","Supere supere anurapure ekama eremeya b s machan ohoma yan"
"Hasindu Chamin","https://www.facebook.com/hasindu.chamin.9","Wada koththuwa hire yannama ona"
"Nandani Karangoda","https://www.facebook.com/nandani.karangoda","මේ රටේ කොන්ද පණ තියෙන පිරිමියෙක් දැක්කමයි. මේ පුශ්න  ගැන කතා කරන්න නියමයි පුතා නියමයි. මේකට අත්සන් කරන එවුන්ටයි ගහන්න ඕනේ . කාලකන්නියා  කරපු තරමක් කරලා තියෙන්නේ  පාදඩ වැඩ ගෑණු තියාගෙන මහණකමින් ⁣ පුයෝජන ගන්නවා ශාප වේවා මේ හැතිකරේටම  මුන් ඔක්කොම අපායට තමයි යන්න ඕනේ කාලකන්නියා"
"Lahiru Aroshana","https://www.facebook.com/lahiru.aroshana.96","අනිවාර්යෙන් නීතිය ක්‍රියාත්මක කරන්න ඕනා."
"Gayan Sanjeewa","https://www.facebook.com/gayansanjeewajayaweera","සුපිරි කොල්ලෙක්"
"Vishaka Priyadarshani","https://www.facebook.com/vishaka.priyadarshani.397995","නියමයි"
"Sarath Wijesingha","https://www.facebook.com/sarath.wijesingha.98","නියමයි    නියමයි"
"Sabri Mhd","https://www.facebook.com/sabri.mhd.14","Supiri Aiya"
"Jayantha Jayawardana","https://www.facebook.com/jayantha.jayawardana","එල"
"Ive Perera","https://www.facebook.com/profile.php?id=100004981900678","නියම පිරිමියෙක්...හොද  ලාංකීකයෙක් 💪🇱🇰 💪 🇱🇰 ආඩම්බරඉ ඔබ ගැන  💪👍...පේනවද සිඋර දාගෙන කතා කරන් කැත.නානසාර බරපතල වැඩ සහිතව සිරගත විය යුතුමඉ 👏👏👏👏👏👏👏👏👏👏👏"
"Kelum S Ananda","https://www.facebook.com/kelums.ananda","නානසාර පච්ච පී"
"Priya Salgadu","https://www.facebook.com/people/Priya-Salgadu/61573053914518","එල කිරි 👍👍👍💖"
"Anujajeewani Jeewani","https://www.facebook.com/anujajeewani.jeewani","ඔය කහකඩ හොරැ හොදවැඩේ"
"Tharanga Pradeep Kumara","https://www.facebook.com/R.T.P.Kumara","Supiri kathawa thanks"
"Hiran Maduranga Hapugoda","https://www.facebook.com/profile.php?id=100000363184530","Patta"
"Sampath Nalin","https://www.facebook.com/sampath.nalin.10","Maru kollak"
"Chithrani Ranaweera","https://www.facebook.com/Hakemytheoswhith.79","නියම කොල්ලේක් තනියම ගේම"
"Chaminda Ranathunga","https://www.facebook.com/chaminda.ranathunga.98249","Kanapelenna දෙන්න  okata"
"Pathma Malkanthi","https://www.facebook.com/people/Pathma-Malkanthi/pfbid0xRTxxgWQge4nYLpPxMKhnavfNDJuDgd99MBWCKF193sgvvnHzekXDkx2vtvi2Pjdl","නියමයි හරියම හරි එහෙමතමයි අපේරටෙ ඉන්න ඔනේනියම ලන්කියෙක් පුතා බයවෙන්න ඔනේ අපිවැරදිනමි ඔයාට මම එකසිතින් සෙත්පතනවා බුදුසරණයි පුතේ මෙින්න අපේකොල්ලො"
"Sandaru Prageeth Dilhara","https://www.facebook.com/sandaru.dilhara.14","Respect ekenm.."
"Nalaka Disanayaka","https://www.facebook.com/nalaka.disanayaka.710","සිවුරු  පොරවන් ඉන්න කාලකන්නි  මුන්"
"Ahm Sanjeewa","https://www.facebook.com/people/Ahm-Sanjeewa/pfbid0xaK4QLHFio9nrAmrtzNDW6QN5jVE4gaSkA4uLzNXwn4PHoKGzAF2ZkM7wRkYPTbYl","කතාව ඇත්ත"
"Asanka Senarathna","https://www.facebook.com/asanka.senarathna.936812","Niyamai"
"Thushara Mendis","https://www.facebook.com/thushara.mendis.507","ජයවේවා,සුපිරි 👍"
"Deepal Lunugama","https://www.facebook.com/deepal.lunugama.2025","සුපිරි brother anuradhapure කියලා kiyannath සංතෝසයක්"
"Indika Dunuthilake","https://www.facebook.com/indika.kumara.3597789","Me manussaya kiyana eka hari"
"Sidath Sanjaya Disanayaka","https://www.facebook.com/sidathsanjaya.disanayaka","අනුරාධපුර නම්බුව බේරපු නියම කොල්ලෙක්"
"Chrize G Gamage","https://www.facebook.com/people/Chrize-G-Gamage/100071591315909","Sidath Sanjaya Disanayaka කටේ සද්දෙන් කිව්වහැකි මොලේපුකට බැහැපු නාකියෙක් කියලා 😂😂 ඥානසාර හාමුදුරුවෝ හිරේ යන්න හරි හේතුව කියාගන්න බෑ. ටොං පච කෙලින්නෙ.  ඉස්ලාම් අන්තවාදය නැගීගෙන එනකොට ඒවා හෙලි කරාම, ඒවට එරෙහිව සටන් කරාම ඉස්ලාම් අන්තවාදීන්ට කේන්ති ගියානම් ඒකට ඥානසාර හාමුදුරුවෝ වැරදි නෑ බූරුවො 😂😂 වැරැද්ද උං අදහන ඉස්ලාම් අන්තවාදය කියල තේරුම්ගන්න මොලයක් නැති උනාම ඔහොම තමා 😂"
"Don Gayan Mahaliyana","https://www.facebook.com/dongayan.mahaliyana","Niyamai maththayo anna amai enna ona..budda sasane nethikarana horu me"
"Chandra Nihal","https://www.facebook.com/chandra.nihal.50","Niyamai malli, 🙏🙏👍"
"Edirisinghe Edirisinghe","https://www.facebook.com/edirisinghe.edirisinghe.505","ඔය සද්දෙ දාපන් උතුරු නැගෙනහිර අර තිස්ස විහාරයට කෙස් කරන උන්ට පරයො"
"Chandana Jayanath","https://www.facebook.com/people/Chandana-Jayanath/pfbid02fZpJ4QrtKtfRkjLAFcKE4bg1ZmEhuwTJN1mzjDXujFX7uMRh9hNTLyRxAFUeGWANl","ඇත්ත මචං"
"Amws Aththanayake","https://www.facebook.com/amws.aththanayake","Waradikarala athsanwalin waradi wahanna ba"
"Rohini Nethara","","සංග අයියලට පුදුම අමාරුවන්නේ තියෙන්නේ."
"Arh Munathunga","","Niyamai  ..."
"Manjula Edirisinghe","https://www.facebook.com/manjula.edirisinghe.12","Siwora kiyane minta baluwesa wada karanna thiyena atha koluwak nanaya hire yauthumai"
"Sanjaya Gunawardena","https://www.facebook.com/sanjaya.gunawardena.37","ජාතිවාදය තමයි ආදායම් මාර්ගය"
"Sarath Gamini Subasingha","https://www.facebook.com/sarathgamini.subasingha","ජාති. වාදය. අදිනිනා"
"Deen Rashik Rafai","https://www.facebook.com/deen.rashik.rafai.2025","Yanna ona"
"Gamini Jayarathna","https://www.facebook.com/people/Gamini-Jayarathna/pfbid0F3Mbw7ydanP8S1rRCTQ4WeCyo6xY2i9auE93EtwaLeKfy9UUAMjVBWUV1UCax9u8l","නානසාර හිරෙයායුතුයි"
"Shm Ilyas","https://www.facebook.com/shm.ilyas.2025","Niyamai  bro me parayanwa  gahala pannanna one 🤣"
"Duminda Jayarathna","https://www.facebook.com/duminda.jayarathna.9","ඌ හරි"
"Milton Fernando","https://www.facebook.com/milton.fernando.56481","නියමයි සහෝ ජයවේවා."
"Muzney Thaha","https://www.facebook.com/people/Muzney-Thaha/100084074081395","We salute you brother! Real warrior!"
"Somalatha Makelwala","https://www.facebook.com/somalatha.makelwala.3","ඔය  ඉතිරි   සියුරැ   හොරැ    ටික   නියමයි"
"Hafeel Rima","https://www.facebook.com/people/Hafeel-Rima/pfbid0FQKjzoFFzKepCintGMGHVCXj7BNApedWTerGaCracHtWPhh4yE7AKnQPXhkYv1qgl","Me inne bn original shinhale original buddist original lankan i proud of u broo ape sahodarayek ❤️❤️❤️❤️ekenma"
"Jayaranjana Chandrasekara","https://www.facebook.com/jayaranjana.chandrasekara.1","Niyamai"
"Mohan Rajapaksha","https://www.facebook.com/mohan.rajapaksha.984","වැරැද්දක් නම් දඩුවම්"
"අජිත් සුරංග","https://www.facebook.com/188scy1sqt","කහ රෙද්දක් පොරෝගත්තු මිනිස්සුන්ගෙන් නිකං කකා අඩිය ගගහා බඩු ගහ ගහ ඉන්න මේ නිඝංඨයෝ නිසා සිල්වත් ස්වාමීන් වහන්සේලාටත් අපහාසයක්.නියමයි සහෝ ටෝක්ස් එකට."
"Samanthi Perera","https://www.facebook.com/samanthi.perera.351","ඔය wage eunya niyamay කියන්නෙ මොඩයො  pawkarayo විතරයි ."
"Rohitha Gunarathne","https://www.facebook.com/people/Rohitha-Gunarathne/pfbid02Z6ng5DTiTvWHakqSNzCEBRQNyU8BJgN1PcMG3rSHWfcxg93XHne4dg819SD8Ffbfl","Ela ela"
"Dulith Sameera","https://www.facebook.com/dulith.sameera.77","රියල් පොරක්..👌👌"
"Aruna Shantha","https://www.facebook.com/people/Aruna-Shantha/pfbid0uWxLjCbG3fv5LMDfQ2HxSxN4Kz9hfL8FEsDEkWJyE4yv9tYhXnk1diSMV56D9PASl","Niyami mahatthyo"
"Thirimadura Silva","https://www.facebook.com/profile.php?id=100054621680831","Lakunu ganna"
"Dinal Samaranayake","https://www.facebook.com/dinal.samaranayake1","Great guy 💯"
"Ahm Anees","https://www.facebook.com/people/Ahm-Anees/pfbid0Qyf5ZN5EkPQRShLsy28sdB82SgwqVtMHDwMCxBMYZUATBVBrbewuKg2TAg7M3Nodl","අන්න සුපිරි  කොන්ද තියන කොල්ලා"
"Dammi Ekanayake","https://www.facebook.com/dammika.jayasooriya.95008","Niyamayi bro  👍👍👍"
"Mdushantha Manabarana","https://www.facebook.com/mdushantha.manabarana","කෝ ඔය"
"Thilak Ariyadasa","https://www.facebook.com/thilak.ariyadasa.5","අනිවාර්යේන්"
"Sujith Fdo","https://www.facebook.com/sujith.fdo.355","Well done. Bro. Respect"
"Sudath Bamunuarachchi","https://www.facebook.com/sudath.bamunuarachchi.2025","නියම කොල්ලෙක්"
"Muhamed Usman","https://www.facebook.com/kizar.usman","Well said bro...🫡"
"Anura Gunasekara","https://www.facebook.com/anura.gunasekara.98","Niyamai Malli, aeththa Oka thamai..."
"Micro Priyadarshana","https://www.facebook.com/micro.priyadarshana","Niyamai machooo"
"Zaayan Hamade Zaayan Hamade","https://www.facebook.com/nura.salee","අනිවරෙන්"
"Nowty Jivaa","https://www.facebook.com/ranjithsusantha.bandara","ගනයා පව් බං දුන්න දොබෙන් යන්න ගනයට  🙏"
"Nishantha Nish","https://www.facebook.com/nishantha.nish.426591","නියමයි ගනයට එඩ්‍රස් නෑ........"
"SD Bandaranayake","https://www.facebook.com/shela.dias.5","ඔය ගනයගෙ තට්ටෙ පලන්න ඕනි"
"Rasantha Somatilake","https://www.facebook.com/rjs1232007","Niyamai bro"
"Jayantha Kkj","https://www.facebook.com/people/Jayantha-Kkj/61576463699822","Konda thiyen pirimiyek..🙏🙏♥️"
"Shan Madhuwantha","https://www.facebook.com/shan.madhuwantha.9279","Me kahakada ballo tikath hire danna oni"
"Nishatha Kumumara","https://www.facebook.com/people/Nishatha-Kumumara/pfbid02JiyDEKLe3MgaBuynFEvhSj5pqHaTr7De2zgqqY2P7yM7BAw8tieFP5uqn6y6veGLl","නියමයි  ඔකුන්  හිරේ යන්න  ඕව්"
"Mazhar Jauhar","https://www.facebook.com/mazhar.jauhar","Respect bro the way you spoke ♥️"
"Anura Jayasooriya","https://www.facebook.com/people/Anura-Jayasooriya/pfbid0fn3nQLHojYNciZsmfod5z5XHnVkSEfb6hQaWsLJvuHvyKYG7tnX93KKh9AtfS2ggl","මල්ලි ඔයානියම මනුස්සයෙක් එකෙන්මරෙස්පට් තෙරුවන් සරණයී"
"Ashan Nanayakkara","https://www.facebook.com/ashan.nanayakkara.988","Top badu🥰❤️"
"Chaminda Perera","https://www.facebook.com/chaminda.perera.329399","Good one bro very well said it"
"Abeysinghe DL","https://www.facebook.com/abeysinghe.dl","සිරුරට නිගරු නොකර ඉන්න හාමුදුරුවනේ."
"Chamara Chaturanga","https://www.facebook.com/people/Chamara-Chaturanga/pfbid0QEjk7iTouEe3MS2aBw6QdTPEazL93ixPA7uP4ttJ8ixeyEijrR9neYhkoYi79YzTl","Supiri  kolek"
"Pradeep Gamage","https://www.facebook.com/people/Pradeep-Gamage/pfbid02xbjLukCAMbNB68vEPeCRfdpVec2hFQPmxcE13nWpHrheGV4uErCbQqErr1gcEuGMl","Aruta siura galawala duwanna hithenna athi."
"Seiyammadu Ahamed","https://www.facebook.com/seiyammadu.ahamed","Respect malli"
"Udaya Hewage","https://www.facebook.com/udaya.hewage.276380","Niyamai machaaaaan"
"පූජණී කල්දේරා","https://www.facebook.com/zr9l3b7ro6","ජයවේවා"
"Warnakulasooriya Samantha","https://www.facebook.com/samantha.thisera.5","Niyamai brother well done...🤩🤩"
"Asuntha Roshini","https://www.facebook.com/people/Asuntha-Roshini/pfbid0266PSWMJEroEsRixYTbUAvamtLPWmGkXg7WNFgY13ajpuC3Waa8RFE5WU2NvSbr4Hl","Oya okam horu email prata bahala thiynina"
"Sanath  Shiroman","https://www.facebook.com/sanathhds","නියමයි❣️ තපොවනයෙ හිමිට තර්ජනය කරපු විදිහෙ ඟඳානසාර හිමිගෙ හඬපටය පහලින් තියෙනවා.👇  https://www.facebook.com/share/v/1GujCstvbh/?mibextid=wwXIfr"
"Dhanu Wickramasinghe","https://www.facebook.com/dhanu.wickramasinghe.313493","මුං මේ වගෙ සහරාන්ලට විරුද්ධ වුනානම්.. අද මේ රටේ අහිංසක මිනිස්සු දහස්ගානක් අද සතුටින් ජීවත් වෙනවා.... ලංකාවේ ගවයො කොහොමත් යථාර්ථයට වඩා රැලි පස්සෙ දුවන්ඩ කැමතියි"
"Thanuja Nilangani Wa","https://www.facebook.com/people/Thanuja-Nilangani-Wa/100090945961507","කවදා හරි සත්‍ය ජන ජය ගනියි බල්ලෙක් උඩ බිරුවට කන්දක් කඩා වැටෙන්නේ නෑ"
"Roshan Chakrawarthi","https://www.facebook.com/euro.visnio","පට්ට කොන්ද තියෙන මනුස්සයෙක් වෙන පිරිමි ඔතන හිටියේ නැද්ද කතා කරන්න"
"Jayantha Heenatigala","https://www.facebook.com/jayantha.heenatigala.5","ඔයි හාමුදුරැවො ඉතින් නාමල්ටත් සුදුහුනු ගානවනේ උමිබලකඩ කන්නෙ වත් නෑ කියල කෝටි ගනන් හොරකමි කරපුව නාන සාරල ජාති බෙිද අවුස්සල ගමිපිටින් ග්ව් තියපුව මෙයාට පේන්නෙ නෑ පොඩි මිනිහෙක් කෙහෙල් කැනක් කැපුවම පොල් ගෙඩියක් කැඩුවම ඒව හොරකමි විදියට තමයි මෙි අය දකින්නෙ දේෂපාලකයොත් එක්ක එකතුවෙලා මෙචිචර කල් මුං වගේ හැත්ත තමයි රට විනාස කරන්න උඩගෙඩි දුන්නෙ මිනිස්සු නොමග යවල,"
"Ravi Weerasinghe","https://www.facebook.com/ravi.weerasinghe","අහගත්තා ෙහාදටම"
"Akira Dinugha","https://www.facebook.com/akira.dinugha.9","Ela කොල්ලෙක් 💪"
"Ananda Kumara","https://www.facebook.com/ananda.kumara.906304","කහකඩයෙ ගහල පන්නල දන්න  උන්ට කරන්න  තියෙන  දෙ කරපිය  සිවුර දාගෙන  නියමයි මිත්‍රත්ය"
"Madawa De Almeida","https://www.facebook.com/madawa.dealmeida.1","මේ පුද්ගලයා ගැන කවෘහරි විස්තර දාන්න ..."
"Amara Senanayaka","https://www.facebook.com/people/Amara-Senanayaka/pfbid02qYX9YMCdkrLfp1P46yZSbimJHiH5RnWKMjqdYRsexDgvFKf87pN5Lm6mU69dhwMEl","Neyama....kollak"
"Hashim Hamza","https://www.facebook.com/people/Hashim-Hamza/pfbid0cg54ya8Kd7TyVXKUhBvD6rqBKHPGLkCv6ooFuNsEx8rQ9jCAR6gQdKSb96viqEFSl","Real Sri Lanka Real gentleman  Well said my Sri Lanka blood"
"Madawa Sandaruwan","","දැන් ඕකා වැරැද්ද කරනකම් බලන් ඉඳලා.,, උගේ අම්මගේ උතුරු සළුව හෝදන්න එනවා..ජාතිවාදේ ආගම්වාදේ ඇති කරනකම් තොපි වනගත වෙලාද හිටියේ?? තොපිට වඩා අපි බලන් යද්දී සිල් රකිනවා... පව් පුරවනවා ඉඳන්.. නියම කොන්ද පණ තියෙන පිරිමියෙක්ට අහු උනේ... සිව්ර නැත්තම් ගුටි කනවා.."
"Has Hettiarachchi","https://www.facebook.com/has.hettiarachchi.3","නියමයි නියමයි. අන්න එහෙම කතා කරන්න ඕන කිසිම බයක් නැතුව හරිම සතුටුයි. කෙලින්ම රෙස්පෙට හාමුදුරුවරු සිවුර දාගෙන ඔක්කොට. නියමයි නියමයි. අන්න එහෙම කතා කරන්න ඕන කිසිම බයක් නැතුව හරිම සතුටුයි. කෙලින්ම රෙස්පෙට හාමුදුරුවරු සිවුර දාගෙන ඔක්කොට.  යස අන්න එහෙම කතා කරන්න ඕන මහා පාරේ කිසිම බයස්ස ගන්න බය වෙන්න එපා අපි"
"Devika Withanachchi","https://www.facebook.com/devika.withanachchi","Niyama mahathmayek 👍"
"Kingsley Peiris","https://www.facebook.com/kingsley.peiris.3","1/4 කණ්නි සිවුරැ හොරැ මේ රටෙන් තුරන් කළ යුතුයි.ළග ඉන්න අය ඔවුන්ට සිවුරු ගලවලා ගහපියව්."
"Jayasinha MK","https://www.facebook.com/jayasinha.mk","අනිවාර්‍යෙන්"
"Priyanga Kumara","https://www.facebook.com/priyanga.kumara.66338","නියමෙට කියලා දුන්නා නේ මෙඅයියා."
"Wasanthi Indrani","https://www.facebook.com/wasanthi.indrani.224049","කොන්දක් තියෙන කෙනෙක් දැක්කමයි"
"Chamith Prasath","https://www.facebook.com/chamith.prasad.2025","අපි ඔතන හිටියනම් තට්ට පලනවා ඔතන ඉන්න ගනයො ටිකගෙම"
"Kgs Jayalal","https://www.facebook.com/kgs.jayalal","ඕකා කල්ල තෝනියෙක්.. 🤔"
"Chamara N Mihiranga","https://www.facebook.com/chamara.n.mihiranga","ඌ ලොවෙත් ලංකාවේ ඉන්න එකෙක් නෙවෙයි පොඩි නිවාඩුවකට ආව එකෙක්. 🤣🤣🤣🤣වැඩිය හිතන්න එපා."
"Samantha Sujeewa","https://www.facebook.com/samanthasudu10","Niyamai"
"Jayaruwan Siri Weerawardhanage","https://www.facebook.com/jayaruwan.siriweerawardhanage","කොහොමද අනුරාධපුර ගැම්ම"
"Wa Karunarathna","https://www.facebook.com/wa.karunarathna.50","කොන්ඳපනතියනම්නිහෙක්"
"Risal Wovaratu","https://www.facebook.com/people/Risal-Wovaratu/pfbid07YhWwGVWqFP4GfLSNAg5jG5vNey9yepryLQDCMegHCQFYr6L12GN8o8kWS3iQhq2l","Onga sauru galawanna ona"
"Thilaka Rathna","https://www.facebook.com/kodithuwakkuarachchi.thilakarathna","මේ මනුස්සයා විතරද බන් අනුරාධපුරේ හිටියේ.කහ කඩයන්ට විරුද්ධව කතා කරන්න..ලංකාවේ ඉන්න.පජාති කහකඩ චණ්ඩියා.හිරේ යවලා මදි"
"S B Palle Kubura","https://www.facebook.com/people/S-B-Palle-Kubura/pfbid025QxpkRUhZJRjJAjvSWPMXFafB8PbYCndT1gWeDzQj52RDUDWEZZhtavXZCZ8uKYbl","නියමයි බොක්ක උබනම් සුපිරි පිරිමියෙක්"
"Malkanthi Jajasekara","https://www.facebook.com/malkanthi.jsyasekara","සිංහල ජාතිය වෙනුවෙන්නේ කථා කලේ.."
"Sanjaya Bandara","https://www.facebook.com/sanjaya.bandara.966566","Ballek buranawa"
"Patrick Patrick","https://www.facebook.com/patrick.patrick.641449","ගනයන්ට දැන් සැපද අහගත්තනේ"
"Gayanth Kumara","https://www.facebook.com/gayanth.kumara","Good 👍 bro"
"Priyanka Batawalage","https://www.facebook.com/sethmisahashra.batawalage","චීවරයට මුවාවෙන් වෛරය පතුරුවනවා.තිත්ත ගල්ලේ හාමුදුරුවෝ දහම දැන ගත්තට වැඩක් නැහැ .ක්‍රියාත්මක කරන්නේ වෙනම විදියක්"
"Chaminda Peiris","https://www.facebook.com/people/Chaminda-Peiris/pfbid02V88u2R6ob5P88kV3dQhKXRTbYCTc6H2T3dM5AQobSAXBc9qxPZ4zuPRg7egeufvXl","පිස්සෙක්"
"Dammika Kumara WP","https://www.facebook.com/people/Dammika-Kumara-WP/pfbid02fPmXQXnX5PA1hhXMgyBKv5TfSwXMu5xcGfrYmRAxtnjsB3zue5sJ4qdniZ2vwdhal","Thiththagallata siuru mudalaliyata Honda wedee"
"Rex Rohan Fernando","https://www.facebook.com/rex.rohan.fernando","ඇත්තම කතාව ඒක තමයි රට වැනසපු රට අවුලපු ගිනි තියපු ඥානසාර අනිවාර්යයෙන්ම හිරේ යන්නම ඕනා. කතාවට කියනවනේ අර මොකාද නහින්නේ කට හින්දයි කියල ඔය කට හින්දා තමයි ඕක  නැහුනෙ  ඔය වගේ හාමුදුරුවරු බුදු දහමටත් කරන අවනින්දාවක්"
"Priyantha Pushpakumara","https://www.facebook.com/roxpriya.rox","බයිසිකලේ ඉන්නෙ කුලියට බුරන බල්ලෙක් ...කුඩ්ඩෙක් ...🐃🐃🐃🐃"
"Chethiya Hewawasam","https://www.facebook.com/profile.php?id=100005955788672","Niyamai malli oya higana ganaya"
"Sampath Wirasooriya","https://www.facebook.com/sampath.wirasooriya","මොන දේ තිබුනත් මූට බයිසිකලෙන් බැහැලා කතා කරන්න තිබුනා. නිර්නාගමික කාලකන්නියෙක්"
"Anura Prasanna","https://www.facebook.com/anura.prasanna.7374","ඔහොම තමා කතා කරන්න ඕනේ  හරියට හරි ඔය අයට සිවුර දාගෙන ර්ම ප්‍රචාර කටයුතු කරන්න කියන්නේ රටේ ආර්ථිකය කඩාකප්පල් කරන්ඩ මිනිස්සු කුලප්පු කරන්ඩ උන්ට සිවුරු දාගෙන කරන්ඩ දෙන්ඩ බෑ උඹල පුලුවන්නම් සිවුරු ගලෝලා වරිල්ල දේශපාලනය කරන්න"
"Rosy Hettiarachchi","","මේ විරෝධයට ජය වේවා. හැම නගරයේම මෙහෙම විරෝධය පන්න ඕනා 🙏ජයවේවා 🙏"
"Bandula Gamage","https://www.facebook.com/people/Bandula-Gamage/pfbid027VRRyxx7YoTyDQai3N9QhkXQHpRWbJ72nydXXqGczCUrxwpWf4gF3MJL6ra9HYT9l","👍👍niyamai"
"Lahiru Dasanayake","https://www.facebook.com/lahiru.dasanayake.2025","මන් හිරේ ගියොත් මාව එලියට ගන්න බැරිද ඕවගේ එකක් කරලා"
"Deepika Nishanthi Kumari","https://www.facebook.com/deepika.nishanthi.kumari","අනිවාර්යයෙන් ම"
"Rim Rajaviwak","https://www.facebook.com/people/Rim-Rajaviwak/pfbid02CppBU87dd47d5qi82e7Fw5rSUrEkqv1neeiTgVPwe4NXSFdrePkDVuwmekeDDxQpl","සුපිරි .කොන්ද  tiyanna ape මිනිසුන්  adarai"
"Kumudu Sanjeewa","https://www.facebook.com/people/Kumudu-Sanjeewa/pfbid02HSNwLfDU8KgB4gXDyAvEeyk5y2Ek7siCqofTpoenBqVNgbSxiNRnFw4m8EVHHi5ml","සුපිරි"
"Sarath Kumara","https://www.facebook.com/sarath.kumara.1829405","Supiri kollek"
"Tharidu Mirisage","https://www.facebook.com/people/Tharidu-Mirisage/pfbid02hN7U5CGkkxifMPAvBg2aR11a9ZUYy6VVvaGyL7XGP6EWU13bANDfP4ohsXac75DAl","සුපරි පොරක්...👍👍👍 අත්සන් කොච්චර කරත් ඇතුලේ තමයි"
"Spm Karunathilaka","https://www.facebook.com/people/Spm-Karunathilaka/pfbid02gTh2tgMqJYJLqjihnB7Xqvx9XQt4MvjGGyAzLm6nHNQGckCaAEz4upHi1erNaKdjl","1 සිවුරු 2 සුදු අදින් උන් කිංග්ස් හිමියන්"
"Madawala Maddumage Chandana","https://www.facebook.com/people/Madawala-Maddumage-Chandana/pfbid0UswWjHtGL6nYRwfcEHAcoY7i7zys41hiBboVUgxH85aAyvD31tAjdYwVSVf8GzWol","Puluwannam uthurata gihin sadde danna kiyanna jathiyak janmayak nathi pirimi"
"Kanzul Mubarak","https://www.facebook.com/people/Kanzul-Mubarak/pfbid02PXEhBUmHgoYuas3ogw3WGVf8w4Ny2AXURJkc69dY3HtxaZfmL5ZmeUV1meY2rzLVl","Very good super brother 👍"
"Kiribandage Rathnapala","https://www.facebook.com/people/Kiribandage-Rathnapala/pfbid0n7kzJiUyZBb2TkMYuacr9djZP5B339BpBeHbyrBxHMLzUY5wajAYHu2LimV8Vgsml","මේ අනෙක් සිවුරු හොර කල්ලිය"
"Chaminda Pushpa Kumara","https://www.facebook.com/chcminda.kumara","නියම පිරිමියෙක් උබනම් මචන් එල"
"Ravi Perera","https://www.facebook.com/ravisumith72","නියමයි.කෙළින් මිනිහෙක්!!"
"Jayantha Bandara","https://www.facebook.com/people/Jayantha-Bandara/pfbid0x8KEwRKifJkZ9pyeZ6pwpsyNXDaGNQRBSr15TSbRgraHa1zgBmexDDxh32zrGofl","ඔය ප#යා හිරගේ  යවන්නම ඕන...."
"Kamar Mohd","https://www.facebook.com/people/Kamar-Mohd/pfbid023i8MsmoZYdwp6twfeY9hbkDxGJ9EYXxVKHSb74F18zp5FtK2MSxPQcxwY9yomSCjl","Superp real good speech true"
"Sunil Jayasena","https://www.facebook.com/people/Sunil-Jayasena/pfbid02AarVvwyprygEsKuz8EmVUPJN6SacCUNNfbgRA91iTu6knAwkmFFJ3assRSFecrTzl","නියමයි නියමයි"
"Pradeep Roy","https://www.facebook.com/people/Pradeep-Roy/pfbid0iuZBBw28r7GfWC8Vbkz9heonHXGMwFb8HSgTL5y8SWS6LDFoE9iZREVsG8HKK2LZl","නියමයි ඕකුන් නම් අප්පිරියයි"
"Kasun Tharu","https://www.facebook.com/people/Kasun-Tharu/pfbid02Sv2tzgoAcTDFjBaKss1Euwpwe97ACYk5q3DopZofVgcVFUpZbfUHeyXXyuBUMaMNl","Supiri kollek oya හාමුදුරුවෝ dane kanne kiyana eka amathaka karala inne"
"Sithu Maduranga","https://www.facebook.com/sithu.maduranga.2025","සියල්ල හැර දාලයි මහන වෙන්න්😂.මුන් ඔක්කොම බදාගන්නයි මහන වෙන්නෙ😂"
"සම්පත් සම්පත","https://www.facebook.com/ezg829gkpn","නියමයි"
"Rafeek Mohamed","https://www.facebook.com/rafeek.mohamed.304259","Rata winasa Kara dinga towmata ginithiya abasaranai kiyala elanga dawase kadawal ginithibba munta sama Rate Arthika bassala"
"Ramik J Sakuntha","https://www.facebook.com/ramik.sakuntha","පොහොට්ටුවේ විශාල ආසනේ"
"Nuwan Chathuranga Opatha","https://www.facebook.com/profile.php?id=100014441956716","අත්සන් ගහල හිරේ ගිය අය බේරන්න දගලනවා. එහෙම පුලුවන්ද?"
"Asoka Wickramasinghe","https://www.facebook.com/profile.php?id=100035926786025","නියමයි 👍🙏"
"Kavindu Gayashan","https://www.facebook.com/kavindu.gayashan.9849","උතුම් බුද්ධ චීවරය දරාගෙන, එය හෑල්ලු වන පරිදි, ජාතින් අතර අසමඟිය ඇති කරන්න, ජාතිවාදය අවුස්සන්න. දේශපාල කුණු ඔළුවේ තියෙන අයට දඬුවම් ලැබිය යුතුමය. එවන් අයවලුන් බේරා ගැනීමට උතුම් වූ බුද්ධ චීවරයට සැඟවී සහය වන්නන් ද උතුම් වූ බුද්ධ චීවරයටත් නිගාවකි."
"Sampath Ekanayaka","https://www.facebook.com/sampath.ekanayaka.59951","Good job machan"
"Chathuranga Silva","https://www.facebook.com/people/Chathuranga-Silva/pfbid02b5gHetipnj3aPoJjsSGy7wTak87hZg5FzJ1xWcpnXr4Gu4PVVEJtweabg1jCFiBFl","ජාතිභේද  කාරය  නිදහස්  කරන්න  කියන  ඔය  සිවරැ  හෙරැන්ට  ගහපියව්  අසුචි"
"Thinulaka Patowathawithanage","https://www.facebook.com/people/Thinulaka-Patowathawithanage/pfbid0vP5jSE1pAsBxxi8tCYpR6Q26tdZ1LYUdX8TjdkLVGCoqRBU56BCgknViVjAxU5d8l","සුපිරි"
"Chandana Fdo","https://www.facebook.com/people/Chandana-Fdo/pfbid0nW3AQ4Szwg32mnm1qJbduEGE4FgCMi5Pvhr9er4eunNfQrtbib5yidwCSi4MaJc8l","Obathuma. Kiwuva. Kathawa. Sahatika Aththa. Ane.  Bududahama. Rakaganna Me. Manusszya. Thaniwama. Katha kirimagzna Ageyi Rate.  Nitiya. Kritathmakakarznna. Oney Suwaminwahanselata. Ona oba. Widihata Kriyathmaka. Karanna. Denna. Ba Rate. Janadipatithumek. Ennawa Suwaminwahaselawa. Panszlatz. Oamznak Sima. Kaka uthuyi Euthadi. Awadak. Siduwunoth Sewayen. Paha kala uthuyi Samanaya. Purawasiyaku. Lesa  Mahaparz mada.  Thanuwama. Kathakalata Respect   karanawa"
"Samanthi Rasadhari","https://www.facebook.com/madu.perera.3701","නියමයි මල්ලියේ නියම කතාව උවමනා තැනදි කතා කරන්න බයවෙන්න එපා එල කිරි .👍👍👍👍👍👍👍👍"
"Neil Kumarage","https://www.facebook.com/neil.kumarage","Supiri kathawa adarei sahodaraya❤️❤️🙏"
"Jenat Kanthe Jenst","https://www.facebook.com/jenat.kanthe.jenst","Neyamae saho respect jayaweva"
"Jayantha Galle","https://www.facebook.com/people/Jayantha-Galle/pfbid0BVVdurfMmW5x1gMiieP1QoUJrDNVfGB2ap2TWTjwwJxdPHUPk7gCnfP9ULLWqwbal","එක රටක් එක නීතියක්, ඒකට තමයි Npp එක ගෙනාවේ .👍"
"Shyamal Shyamal","https://www.facebook.com/people/Shyamal-Shyamal/pfbid05oa4TbcDAVKW1vhVmL99h42NwVHjM9k7E3qVSz3omMu13b23p2D5KpgtZpAZnABPl","ඒ උමන්දයා අර කිරිවත් උඩුවේ ගෑනි ළමයි ගෙදර ඉන්නවා කන්ඩ නැතුව ගිහිල්ල බලපන් යකෝ ඒ මිනිස්සුන්ට කන්න ගිහිල්ලා දීපන්. කෙලිය නම්"
"Amila Wanninayaka","https://www.facebook.com/amila.wanninayaka.2025","නියම කොල්ලෙක්"
"Ruwan Weerasinghe","https://www.facebook.com/ruwan.weerasinghe.716","කහකඩ  හොරු."
"Kasun P. Maduranga","https://www.facebook.com/people/Kasun-P-Maduranga/pfbid027s3bn6PVNKtQNUbdyvKgKKvpUvH3Z7oiGLqfdqnNAveAsTkcm4Ufs6tQgw9EW2TAl","Supiri porak"
"Nimal Jayasooriya Kiriwana Ketiye","https://www.facebook.com/people/Nimal-Jayasooriya-Kiriwana-Ketiye/pfbid0KHQVxVkmMq1ik3XQabYZ2iHpp2BXw6cjpq6WyQebGn3dpReZWR3WgWm3LLJuCvwrl","නියම  කොන්ද"
"Anshumath Darshana","https://www.facebook.com/anshumathd","මම හිටියනම්  එකෙන්ම මේ සහෝදරයට පූර්ණ සහයෝගය දෙනවා. ඕකගේ සිවුරු ගලවන්න ඕන පරහැත්ත"
"Sugath Malalgoda","https://www.facebook.com/people/Sugath-Malalgoda/pfbid0wWiaW2cN7tjt89rH3yyNQugxxCuwBqeXQsNGpseb9YdK9JoaHYzdiqcHQSzaRsRrl","නියමයි........නියමයි........ඔීකුන්ට ගහල එලවන්න ඔීන......."
"Widanapathiranage Amarasiri Widanapathiranage","https://www.facebook.com/widanapathiranage.amarasiri.widanapathiranage","අනිවාරයෙන්ම හිරේට දාන්නම ඕන"
"Sameera Sameera","https://www.facebook.com/people/Sameera-Sameera/61578632341010","Konnda pana thiyana මිනිහෙක්"
"Aruni Althaus","","නිකම් කාකා රටට ,වැඩකරන්නේ නැහැ,"
"Sudesh Chandika Fernando","https://www.facebook.com/sudeshchandika.fernando","සුපිරි මිනිහෙක්.  ඇත්ත කතාව කැ*** වැඩ කෙරුවත් පරිප්පු කන්න ඕනේ."
"Shammi Perera","https://www.facebook.com/shammi.perera.370","නියමයි කොල්ලො ඔයා"
"Sarath Samaranayake","https://www.facebook.com/people/Sarath-Samaranayake/61584274263939","නියමයි"
"Rajamanthiri Rajamanthiri","https://www.facebook.com/rajamanthiri.rajamanthiri.2025","මේ වගේ හිවලුන් සාසනයේ වහාම එලව දාන්න ඕනේ"
"Jayantha Bohingamuwa","https://www.facebook.com/people/Jayantha-Bohingamuwa/pfbid02Fp8XyksxwdzgggntCgchz5TRA4bgTgo2okdgB4VxQerTzyv8QCJniwscqL7ptgiBl","අන්න නියමයි සහො"
"Wajira Ranatunga","https://www.facebook.com/wajira.ranatunga","සුපිරි machoo"
"Sarath Bandara","https://www.facebook.com/sarath.bandara.35","හොඳයි , කොන්ද පණ තියෙනවනම් ගිහිල්ලා අර යන පෙළපාලි පිළිරුව අරන් ඒකටත් බැහැලා කතා කරන්ට පුළුවන් නම් නියම කොන්ද තියෙන කියලා අපි හිතනවා"
"Lasantha PW","https://www.facebook.com/people/Lasantha-PW/pfbid0w2yihnYi9rSoXVGZMdDaoZazESQ3oDgCAtNo5k4r6vJN8VyEHj9isVRSDzNYk5fLl","niyamayi"
"Sisirapriyantha Waduge","https://www.facebook.com/sisirapriyantha.waduge.3","නියමයි ඔය එකත් නිගාන්ටයෙක් තමයි ඕකත් හැරුණු හැරුණු පැත්තට කතා කරන එකෙක් තමයි"
"Aaqil Mohamed","","පට්ට ශ්‍රීලංකියක්......🙏🙏🇱🇰🇱🇰🙏"
"Sanjeewa Wilamuna","https://www.facebook.com/people/Sanjeewa-Wilamuna/pfbid02A44HR2nUu7GqYpAbpEgR6jfQD26tF7aDKr7DnpiUDYCr46SmsaqNWHtsEMVpCb6Xl","නියම කොල්ලෙක්"
"Priyanka Fernando","https://www.facebook.com/people/Priyanka-Fernando/pfbid02ByfpeA89h9nWze4Uud6iWk8HKpNshvY8m28VDdn9mbHH2adxvckT8GK3HaEz58PMl","Hoda kondak thiyana kollek  niyami sagoo"
"Nuwan Suranimala","","සුපිරි කොල්ලෙක් මුන්ට ගූ ගහලා එලවන්න ඕනි"
"සිතික ජයතිලක","https://www.facebook.com/sithika.jayathilake.1","අඳනෙ ගැලවෙන්න අහගත්තා නේද අපේ හාමුදුරුවනේ. දැන් සනීපද😂😂😂"
"නදි නදි","","නියමයි   කොල්ලෝ නියමයි"
"භාවනා භාවනා","https://www.facebook.com/people/%E0%B6%B7%E0%B7%8F%E0%B7%80%E0%B6%B1%E0%B7%8F-%E0%B6%B7%E0%B7%8F%E0%B7%80%E0%B6%B1%E0%B7%8F/100059775463020","ඔකා කියන එවා අහන්න එපා ඔකා මොකෙක්ද රට ජාතිය වෙනුව්‍ර්න් ඒ හාමුදුරුවො රටට දෙයක් කලා මු දගලන්නෙ වෙන මොකකෙක් හරි චුන් කරලා. උන්වහන්සෙ බුදුධහම ආරක්ශා කරන්න සැහෙන මෙහෙය්ස්ක් කලා ඔකා අවලම් ලේ ඒකයි මහාපාරේ ඔහොම කෑ ගහන්නෙ අවලමා රටට දෙයක් කරලා කෑ ගහනවනම් කමක් නැ බුදු පිලිම කඩන කොට ඔකුන් කොහෙද දන්නෙ නැ හිටියෙ"
"Dilshan Madushanka","https://www.facebook.com/dilshan.madushanka.9066","Riyal porak❤️"
"Sujith Perera","https://www.facebook.com/sujith.perera.5243","තිත්ත ගල්ලට ලුණු ඇබුලුත් එක්ක දුන්නා..😂😂😂😂😂😂😂😂😂😂😂"
"Sachith Tharuka","https://www.facebook.com/sachith.tharuka.923","නියමයි තව එකෙක් දෙන්නෙක් එකතු වෙලා තව ටිකක් කියලා දුන්නානම් මේ දානේ වලදලා මහන වෙයන් කියලා මරු එල එලම."
"N Ajantha Adikari Ajantha","https://www.facebook.com/people/N-Ajantha-Adikari-Ajantha/pfbid025BCiWtP6au399kkpsKPYcSJwh8wHgFMWqHKrcXJPpSeM9UMKGQ1VGwBQFyS6NZVil","OKA.KALAKANNIYEK.NGO.BALLEK.OUN.THAMAI.KALAKANNIYA"
"Sadun Malgoda","https://www.facebook.com/people/Sadun-Malgoda/pfbid02ZLSUMnSeMHyv57Jeg6mpn1yWZ8swVBZBCGqLgkVWrLEr7BMdkZ3juAUFPxXffMDZl","Oya siuru dagena Inna gonawath yawanna ona hire"
"Wijerathna Jayasuriya","https://www.facebook.com/wijerathna.jayasuriya","ශ්‍රේෂ්ඨයි ඔහොම විරෝධය පළ කරමු"
"Himinethi Adaraya","https://www.facebook.com/himinethi.adaraya.2025","Niyamai sudda"
"Sarath KA","https://www.facebook.com/people/Sarath-KA/pfbid0316DUMshzbCuSrPEvgX31gdUnAYEGJN7J2g3QY1YLvPVSgx8yLV6CfdTTAmBc2t4Vl","නියමයි නියමයි"
"Ananda Silva","https://www.facebook.com/ananda.silva.52978","දන් කෙදිරි ගාන්න එපා කිවුවෙ එකතමයි"
"Manjula Abeynayaka Abeynayaka","","Ballekuta  jathaka  wecha  para  balla"
"Chili Green","https://www.facebook.com/chili.green.5076","ගැනු තියන් කොල්ලෝ ගහනවා මුන් ගනයෝ"
"Nishantha Gajanayaka","https://www.facebook.com/nishantha.gajanayaka.983601","සුපිරි bro"
"Palitha Bandara","https://www.facebook.com/people/Palitha-Bandara/pfbid029TKxp7VwzutNxXRhMKjikW7LVpG8ru9w8p1mKDF54saDH8MKBoeq8sowWPs9KwCXl","පටිට"
"Pra Thanamalwil","https://www.facebook.com/pra.thanamalwil","ඇත්ත කතා ව"
"Chaminda Km","https://www.facebook.com/people/Chaminda-Km/pfbid0T2v31utENTxwqAeAAsWXgfHGeJc7zXDGZmtnbMGF39WS1X76hEqtqPrv3przQV9bl","Munut nanshr Emma yawan one"
"Premachandra Rathnayaka","https://www.facebook.com/premachandra.rathnayaka.2025","Neyamai supar"
"Athula Dhammika Ruwandeniya","https://www.facebook.com/profile.php?id=100001204636762","Munta pissu siuru dagena padhadayanta kaday yanawa"
"Amila Sampath","https://www.facebook.com/amila.sampath.90226","බලපල්ලකො පිං බතාල පාවිච්චි කරන පෝන්.නිවන් යන්න වෙන්නැති වීඩියෝ කරන්නෙ පෝන් අරං.මුංට කන්න දෙන අබිට ගහන්න ඕනෙ ඉලපතට රීල 😅😅🙆"
"Vimal Weerawardana","https://www.facebook.com/vimal.weerawardana.5","හරි කතාව"
"KS Sanka","https://www.facebook.com/ks.sanka","ස්තුතියි මචන් අපි වෙනුවෙන් හඩ අවදි කලාට ❤️❤️❤️  විය යුතූ දේ වෙමින් තියෙනවා දැන් හරි අනිත් මිනිස්සු ටිකත් සත්‍ය වෙනුවෙන් හඩ අවදි කරානම් හරි  ජාති වාදය  ඇගම් වාදය ඇති කරල මිනිස්සු අතර ආසමගිය ඇති කරල දොස්තර ශාෆි වගේ මනුස්සයෙක් ගේ මුලු ජිවිතේ ම ඒ මුළු පව්ලටම නින්ද අපහස කරල  මේ රටේ නැති ප්‍රශ්න ඇති කරල  බුද්දාගම පිලිබඳ මිනිස්සු තුල ඇති විස්වාස නැති කරල බස් එකක හාමුදුරු කෙනෙක් දැක්කත් ඇසුනක් නොදී ඉන්න තරමට මිනිස් සිතේ හාමුදුරුවරු එපා කලේ ඔය හාමුදුරුවො තමයි අනිවාර්යෙන් කරපු දේවල් වලට අනිවාර්යෙන් නිතිය ක්‍රියාත්මක වෙන්න ඕන"
"Karuna Semba","https://www.facebook.com/profile.php?id=100072387833123","ඒ මහත්තයා සම්පූර්ණ ඇත්ත කතාකරන්නෙ අගෙ කරනව එතුමාගෙ කතාව"
"Jay Jay","","හැම තැනම සිවුරු හොරු 🥲"
"Sihina Anurudda","https://www.facebook.com/people/Sihina-Anurudda/61572003058731","Niyamiy patata 👍👍👍😂😂😂😂"
"Sanjeewa Samankumara","https://www.facebook.com/sanjeewa.samankumara.984692","මුලු රටක් අවුස්සපු පාපතරයෙක් නානසාර ඌ හිරේ යන්නම ඕනී"
"Upeka Upeka","https://www.facebook.com/upeka.upeka.2025","Oya ballo ban pal horu owwo pawiddo neme gaha piyawu thopi athsan kalata wadak na"
"Susantha Susantha","https://www.facebook.com/people/Susantha-Susantha/pfbid037QPzuRLKQsNL5DcFsaVds4fFCK7hVbeDVDwLi4haHhKaZp8doNXFzHkPc7Dvpu1vl","Ohoma katha karala madi ban ඔවුන්ට හාමුදුරුවෝ unat"
"Sarath Perera","https://www.facebook.com/people/Sarath-Perera/pfbid0gXJ7zbAZNN1Cpkjar7PF27BBUZR5mqkf4cjht55PDxDMCJusVqBxRqSBCJwCVomvl","සුපිරි  චරි⁣තයක්"
"Roshan Indika Kithulgoda","https://www.facebook.com/roshan.indika.3939503","ඌ හිරේ යනවා"
"Binuki Rathnayaka","https://www.facebook.com/binuki.rathnayaka","හාමුදුරුවෝ හිරේ ගියේ ඉස්ලාම් දහමට අපහාස කිරීමට. හාමුදුරුවෝ හිරේ යන්නම ඕන.. එතකොට සවුදි අරාබියේ මරණ දඩුවම හිමිවෙච්ච කෙනාට මරන දඩුවම දෙන්නම ඕන"
"කොඩිතුවක්කු සි","https://www.facebook.com/chandi.kodithuwakku.102","Niyamay ඔහොම  කතා කරන්න  ශක්තිමත් කොල්ලෙක්  ඉන්න ඔනි හැමොම එකතු  වෙලා   එලවන්න ඔනි මුන්ව"
"UD Krishan","https://www.facebook.com/people/UD-Krishan/pfbid0souEXP3g1vhBVkyEmdbH4dWofW9sghEocmJkLbTfjt4HdJQkeKeVj8quBK4cmixvl","Ea hukan#no  thoge ganita hi#wad qanasara hamuduruwo Ubata demala gahana eka pean nea yapanea natana natili pean nada. Oya pakaya mage isaraha oka kiuwanam ,ghala elawane"
"Dilshan N Nima","https://www.facebook.com/dilshanmahesh.perera.31","Gahala ewanna one hora. Ganayo"
"Soundar Rajan","https://www.facebook.com/karuppiah.soundararajh","Very good expelling bro"
"Suresh Kumara","https://www.facebook.com/priyanthika.pushpakumara.35","ජාතිවාදය අවුස්සපු උන් හිරේ තමයි දාන්න ඕනේ"
"Singappuli Arachchilage","https://www.facebook.com/singappuli.arachchilage.2025","සුපිරි චරිතයක් ඇත්ත ඤාණසාරට දඬුවම් ලැබිය යුතුයි. වරදකරුවෙක් බේර ගන්න මහජනතාවගේ අත්සන ගන්න හදන නිගන්ට යෝ."
"Niroshan Ilanghathilake","https://www.facebook.com/niroshan.ilanghathilake","නාන සාර😂"
"Amila Chathuranga","https://www.facebook.com/amila.chathuranga.10048","Hoda wede ganauyta"
"Naduni Dissanayake","https://www.facebook.com/people/Naduni-Dissanayake/pfbid0AEm4xt1TUJvAkyrDsChmzu7hyggpMmV3gDGamJBi3w3LKieEUPFyvznBKu9AzB4kl","ජය😍♥️"
"Iranga Fernando","","ඕකාව හිරේ දාන්න.   අපි ජාතිවාදයට විරුද්ධයි. මම සිංහල.  අපිට දෙමල මිනිස්සු ඕනා. වටින ජාතියක් , උසස් ජාතියක්. මුස්ලිම් මිනිස්සුත් අපිට ඕන දෙවියනේ ඕනා.  අනේ දෙමල මුස්ලිම් ජනතාව සිංහල බෞද්ධ අපිට සමාවෙන්න."
"Sama Sanju","https://www.facebook.com/sama.sanju.52","ඥානසාර හිමියන්ගේ වැරදි තියෙනවා.. මුස්ලිම් එවුන් හොදයි කියලා කියන්න මූ කවුද"
"Gunarathna Kurupanawela","https://www.facebook.com/gunarathna.kurupanawela","Supiri kathawa.mahathmayokelin kiyanna konda thibunu ekata respect.  Me salli walata kade yaha ganyo set ekak. .weraddhata dhaduwam vidinnama.ona. gihidha? Pavididha? Adalama neha. .dhaduwam nothunnoth anith ganayo  siuru unsanitary jada weda karavi."
"Virajith Thewarapperuma","https://www.facebook.com/virajith.thewarapperuma.2025","නියමයි සහෝදරයා ඔය සක්කිලි සිවුරු කාරයින්ට ඔහෝමතමයි කතා කරන්න ඔිනෙ."
"Prasad Bandara","","කොන්දපන තියෙන කොල්ලෙක්"
"Saman Bandara","https://www.facebook.com/glsaman","නියමයි  ඔය පරයොන්ට සිවුර ගලවලා ගහන්න ඕන"
"Samantha Hettige","https://www.facebook.com/samantha.hettige.1","අනිවාර්යයෙන් වරදක් කරානම් දඩුවම් විදින්න ඕනෙ."
"Mayura Prabath","https://www.facebook.com/mayura.vihanga.9","රියල් පිරිමියෙක්. කහ රෙදි ගැලවෙන්න දෙසු වගයි."
"Lal Indrajith Kumara","https://www.facebook.com/people/Lal-Indrajith-Kumara/pfbid036jxNA5fedJgFuRi6ryxg2JLXvq6a5pjf8r8TNVZmSJNP2Hi8d593wGD3BtdXiakNl","කොන්ද පනතියෙන නියම මිනිහෙක් එකෙමි රෙක්ස්පෙටි මචං..."
"පුලතිසි මාරක ලිදෙ විප්ලවය","https://www.facebook.com/73dfkrymrc","නියමයි නියමයි අනිවාරෙන් හිරේ යන්නම ඔනි මෙත් මුදලට වැඩ කරන සුවාමින් වහන්සේලා මේ"
"Chanaka Dharmasena","https://www.facebook.com/profile.php?id=1316343836","ඔය කියන එකා හිරේ යන්න ඕනෙ. ඥාණසාර හාමුදුරුවො මුගෙ අම්මට නිදි වැද්දද සක්කිලි බල්ල."
"Ruwan Thissa","https://www.facebook.com/ruwan.thissa.549","මං ළඟ හිටියනම් කන පැලෙන්න දෙකක් ගහනවා"
"Salem Saad","https://www.facebook.com/abu.jassim.526386","Aagama issarahata daala bukthivindinna sheevaaraya paavichchikara rata hingamanayata geniyana setteka"
"Duminda Madage","https://www.facebook.com/duminda.romesh.7","නියම කොන්දක් තියන පොරක් ❤️👍"
"Wicrama S Herath","https://www.facebook.com/wicrama.herath","පෙත්සම් කොච්චර අත්සන් කොරත් පලක් නෑ අධිකරණය ස්වාධීන නිසා"
"තක්ෂිලා ලක්මාලි","https://www.facebook.com/0vznewcaon","අන්න මිනිස්සු,,❤"
"Mohammed Ramzan","https://www.facebook.com/mohammed.ramzan.725544","නියමයි"
"Chamila Dushantha","https://www.facebook.com/chamila.dusantha.9","තිත්තයෝ අපේ පැත්තකටනම් එන්න එපා ගු ගහලා  පන්නාන්නේ..නොදකින් තොපි වගේ චිවර දාරියෝ... ඥානසාරයා හිරේ යනවමයි"
"කවිරංග ශාන්","https://www.facebook.com/dmkaviranga","නියමයි..👍"
"Anur Het","https://www.facebook.com/anurudda.hettiarachchi.477127","පරයෙක්ට ජාතක වෙච්ච සුනඛ ජෙපි අපතයෙක්. 🐕🐕😡"
"Madushani Eknaligoda","https://www.facebook.com/madushika.madu.501151","මුස්ලිම්  සිංහල  දෙමල  ජාති බෙද අවුස්සන්න  නම් නොම්බර්  එක මේ සිවුරු  හොරු ටික කොන්ද තියෙන  කොල්ලො රෙස්පට්  සහොදරයා  රෙස්පට්  සැලියුට්  නුබට එඩිතර  කම අපෙ කොල්ලන්ගෙ"
"Saman Waa","https://www.facebook.com/anuruddasaman41","සුපිරි සහොදරයා"
"Anuruddha Priyadarshana","https://www.facebook.com/anu.priyadrenshanz","සිද්ධිය  චෝදනාව/නඩුව  තත්ත්වය  2016  සන්ධ්‍යා එක්නැලිගොඩට තර්ජනය  වරදකරු  2016  අධිකරණයට අපහාස කිරීම – චෝදනා 4  වරදකරු  2016  ඉස්ලාම් ආගමට අපහාස/ආගමික සහජීවනයට හානිවන ප්‍රකාශ  වරදකරු; 2026දී අභියාචනය ප්‍රතික්ෂේප  2014  අලුත්ගම ප්‍රචණ්ඩත්වය සම්බන්ධ චෝදනා/විමර්ශන  විවිධ චෝදනා/නිර්දේශ; ඉහත වගේ අවසන් වරදකරු කිරීමක් ලෙස නොදක්වන්න  2019  ජනාධිපති සමාව  2026දී ශ්‍රේෂ්ඨාධිකරණයෙන් බල රහිත බව තීන්දු කළ බව වාර්තා  2026 සැප්. 29  2018 දඬුවම ක්‍රියාත්මක කිරීම  අත්අඩංගුවට ගැනීමේ වරෙන්තුවක්"
"Dharsana Vinod","https://www.facebook.com/dharsana.hv","කාලකන්නි නිගන්ටකයො.බුද්දාගම කනවා .කාලකන්නි.ගලවපං පකො උතුම් බුද්ධ සිව්ර"
"Pahan Jayasiri","https://www.facebook.com/pahan.jayasiri.9","නියමයි... කොන්දක් තියෙන මනුස්සයෙක්"
"Ni Shu","https://www.facebook.com/people/Ni-Shu/pfbid0By1rNvrZiYX4WZ2aXSvq1u7wqRKVexsmLMGxVPEJG8AF6V84xMnogGpSjf1YXnjal","අන්න ගැම්ම.. නිදන් ඉන්න මිනිස්සු අරගල කාලේ වගේ awssa ganna එපා. වහල් bayyo"
"Prashanna Paints","https://www.facebook.com/prasnna.welapalagama","Muslim.aya.seinhalayat.hodatam.ayrala.tiyannay.ubagaya.baisekalan.waran.pannanta"
"Chinthaka Udawatthage","https://www.facebook.com/beatback.mahiyamganaya","ජනතා හඩ ❤️"
"Chanaka Prasad","https://www.facebook.com/chanaka.prasad.520","ඉස්සර හිතන් හිටියේ තිත්තගල්ලේ කියන්නේ දාර්ශණික භික්ශූන් වහන්සේ කෙනෙක් කියලා...දැං නානසාරයා වෙනුවෙන් කරන මේවාගෙන් නම් පේන්නේ බොක වලක් කියලා..🤣🤣🤣"
"Malisha Gamage","https://www.facebook.com/people/Malisha-Gamage/pfbid033iZfNbZbfVN71s8EGsgciBx5JMNJ3FPLEDJbNWZFqxUe7f4t8n6EUo22cR5MiE1Nl","නියමයි සහෝදරයා තනියම කතා කරන්නේ පේනවානි...අනිත් උන් පොන්එක අල්ලගෙන විඩියෝ කරනවා ඒ කොන්දක් නැති වුං මෙිවගේ පිරිමි ඉදියානමි රට හැදෙනවා.....සිවුරක් දා ගත්තකෙනෙක්ට මෙිවගේ දේවල් නිතියෙන් නවත්තන්න ඔනි පිංදහමි කරන්න සාසනයට යන්නේ.මෙික මොකුත් නැ පිං බත් කෙල කෙල විරෝදතාවයියි අතන මෙක සංවරකමක් නැතිව දෝඩවන එකයි මොකද්ද මෙි චිවරදාරියන් කරන්නේ මෙික නෙවෙයි බුදු දහම...... හංතානේ හාමුදුරැවන් වගේ පිංවත් වැඩක්වත් කරානමි ඉවරයි"
"Prasath Pran","https://www.facebook.com/prasath.pran","හරියට  hari ,Oka hire yayuthuilmai ?"
"DK DK","https://www.facebook.com/dk.dk.872968","කහ කඩ ගිහි බණක් අහලා ..."
"Amali Sheriff","https://www.facebook.com/amali.desilva.7712","භික්ෂූන් ගිහියන්ට වඩා උසස් නම්.....නඩුවෙන් බේරෙන්න ගිහියන්ගෙන් අත්සන ගන්නේ මක්කටෙයි.... කුමටද උසාවි....."
"Mahesh Gamage","https://www.facebook.com/wasant11","එළ කොල්ලෙක්."
"Kumara Gamage","https://www.facebook.com/chaminda.kumara.775","ගූ දියකරල ගහපියව් වේස ඝනයන්ට"
"සංදීප හර්ෂණ අතපත්තු","https://www.facebook.com/profile.php?id=100003002423087","ජාතිබේද වර්ගබේද  ගේන කිසිදු ජාතියක ආගමක රට අව්ලන එකෙක්ට සමාව දෙන්න එපා 😬"
"Wasantha Kumara","https://www.facebook.com/wasantha.kumara.378","හැබැයි මේ කොදු ඔක්කොම කෙලින් වෙන්නෙ සිංහල බෞද්ධයින්ගෙ කෙරුවාවට විතරයි"
"Indika Niluka","https://www.facebook.com/rohan.indika.59331","පට්ට මෝඩයෙක්"
"Rasika Wij","https://www.facebook.com/people/Rasika-Wij/pfbid02pXKzdGVgjqvFsyNvvMKoVDw4VBcnZKwf6Ztk2jr4HHou7psPNCkFCsGzgUnixqpTl","කහකඩයෝ නොදකින් .."
"දෙවිඳු හසරැල්","https://www.facebook.com/loard.ganapathy","කලලය විනාසකරන්න හැදුවත් වැරදි ගැබ් බැනීමකින් බිහිඋන ගෝත සාරයා වෙනුවෙන් පුකේ කෙලත් ගාගෙන එන ගෝත සාටක බයියන්ට ජවේවා..."
"Nilmini Lekamge","","හොඳ වැඩක් උනේ කහකඩයින්ට"
"Wasana Kumuduni","https://www.facebook.com/sudu.manike.5015","ඔය වැඩකට නැති ක්‍රීඩකයෝ ටික පන්නන්න ඕන."
"Palitha Weerasinghe","https://www.facebook.com/people/Palitha-Weerasinghe/pfbid02CssWkZcDn2SFtFZmjauudcfgw9SXgNVsS6iL2gnSWDxNKHVR9v23hth5xXzotjqJl","මහත්තයො. ඔයා. හරි.  ඔය. කට්ටිය. සාමය  හිගාකනවා. ආගම දහමට. කරන.අපහාසයේ.පාපය."
"Anura Samantha","https://www.facebook.com/anura.samantha.73","මු වගෙ පොන්නයෙක් අනුරාධපුර  ඉන්නවද තව"
"Lion Kegalla","https://www.facebook.com/profile.php?id=61578529274970","Keri balu ganayo"
"Sumudu Sampath","https://www.facebook.com/people/Sumudu-Sampath/61583900732731","Ekemmma kelinmma kiwa..."
"Nilendra Prabath","https://www.facebook.com/prabath.wijeweera","ලංකාවේ තාමත් නියම කොන්ද කෙලින් තියෙන මිනිස්සු ඉන්නේ 👍👍"
"Mihan Shavinda","https://www.facebook.com/noty.sudda.75054689","සුපිරි ඩයල් එකක් එකෙන්ම රෙස්පෙක්ට් ❤️.. ගෙරි ගනයො තමා මේ ආගම කන්නෙ බල්ලෙක් රකින්න විදින දුකක් 😅"
"Malinie Nissanka","","වීර පුතෙක්"
"Lkn Boss Lkn Boss","https://www.facebook.com/lukman.842518","Nanasara kiyanne srathawadiyek tamil kattiyage kotiya wage muslim kattiyage sahran wage"
"Nimmi Nimmi","https://www.facebook.com/people/Nimmi-Nimmi/pfbid02vQPgZSAwswW9NmrpumgPHVXzLiH9UDtpmehqFVonkJsQuAoSC9zDkfoMtcLs2iEal","සිවිරැ හොරැන්ට ගහල එලවන්න"
"Maduranga Hino Madu","","ඔකා අනිවර්යෙන්ම ජෙප්පෙක්  මුන් කොහොමත් බුද්දාගමට විරුද්දයි"
"Vinitha Jayarathne","https://www.facebook.com/nadun.jayaratna.5","දේශපාලන යන්ගේ ගූ කන සිවුරු හොරු"
"Samantha Wlu","","මොකෙක් ද මු, ජාතියක් නැති, අමනයෙක්. සල්ලි වලට නෑ ගහනවා"
"අනුර පුෂ්ප","https://www.facebook.com/people/%E0%B6%85%E0%B6%B1%E0%B7%94%E0%B6%BB-%E0%B6%B4%E0%B7%94%E0%B7%82%E0%B7%8A%E0%B6%B4/61584946942361","නනියමයි  ඔය පරයොන්ට සිවුර ගලවලා ගහන්න ඕන"
"Thushara Shampath","https://www.facebook.com/people/Thushara-Shampath/pfbid0dsrb9qmD1UUXCHvMJMeDCMubitf7uACM1B44yLvAE33KjUBg1rdCUYopTMSeoDXil","මේ සිවුරු හොරු පන්නලා දාන්න"
"Mahinda Amunugama","https://www.facebook.com/mahinda.amunugama.16016","මු ඩොබියෙක්"
"Sadev Lakpriya","","අනිවා කල්ලතෝනියෙක්..."
"Priyantha Kalansooriya","https://www.facebook.com/people/Priyantha-Kalansooriya/pfbid0ikP8U9GAhghWjVLphxq3YbSer8AbZoU2k3n6hAJavMg8zffrqEVyjkCJCqtQLqril","නියමයි මහාත්තයො ඔය අතීසාරය බේරගන්න මොකටද ඒක ජාතිවාදියෙක්"
"Bandula Wickramasinghe","https://www.facebook.com/profile.php?id=100008988785608","[Image Attachment]"
"Ajith Keerthinayaka","https://www.facebook.com/ajith.keerthinayaka","👍👍👍"
"Saliya Sudarshana Saliya","https://www.facebook.com/saliya.sudarshanasaliya.7","මෙතන හොදම වැඩේ මොකද්ද මෙ බලනවා මුස්ලිම් අය ගහන ගැහිල්ල කොහොමද එක මෙ හමුදුරුවව ත්‍රස්තවාදී   පනතේ දාන්න ඇතුලට ශාක්සි ඇතිනේ"
"Wasantha Samaranayaka","https://www.facebook.com/people/Wasantha-Samaranayaka/pfbid02dMbxeUoURRHjYGjAjuikupMvwAAqukDtAXm4nryig1THHGBP9VoeV4ybRjYccPhXl","නෙලපියවු තවත් මුන් පස්සේ යන ගනයන්ටයි ගිහියන්ටයි ඔක්කොටම"
"Niroshan Sanjeewa","https://www.facebook.com/niroshan.sanjeewa.5036","👍"
"Sanjaya Ariyasena","https://www.facebook.com/sanjaya.ariyasena.2025","[Sticker]"
"Jayanetthi Jayanetti","https://www.facebook.com/jayanetthi.jayanetti","ඔකා jvp කාරයෙක් හාමුදුරුවන්ට කතාකරන්න දන්න නැති පිස්සු මොඩ හු...ත්තෙ"
"Madu Maduranga","https://www.facebook.com/people/Madu-Maduranga/pfbid0hyAmzEoUMc2cS3uAoLk6Ts2RZ8d1tQmNWfkmns1hoScqde7RQv9LRK6SJyXzwyK7l","ඔන්න ඔය පොන්නයට ගහපන් පකයට"
"Kasun Dananjaya","https://www.facebook.com/kasun.dananjaya.420660","සිවුරු හොරු pannala kiyana 1ka mahanaviyan"
"Lahiru Harshana Samarasinghe","https://www.facebook.com/lahiru.harshana.samarasinghe.2025","හොද වැඩේ ඕකුන්ට ඔහොම වෙන්න ඕනේ බ වෙන්න ඕනේ."
"Luxman Warnakulasuriya","","Ela brother 👏👏👏👏"
"Sampath Mahabage","https://www.facebook.com/sampath.mahabage","[Sticker]"
"Jaya Jayatissa","https://www.facebook.com/jaya.jayatissa","[Image Attachment]"
"Renuka Mendis","https://www.facebook.com/renuka.mendis.50","👍"
"Dhananka Sahabanduge","https://www.facebook.com/dhananka.sahabanduge","👍"
"Lucky Perera","https://www.facebook.com/priyantha.perera.585","👌👍"
"Hasara Fernando","","💪🏽"
"Sanjeewa Silva","https://www.facebook.com/sanjeewa.silva.16","👍"
"Shantha Wickramaarachchi","https://www.facebook.com/shantha.wickramaarachchi.1","❤️"
"Thayabaran Thaya","https://www.facebook.com/thayabaran.thaya.7737","👍👍👍👍"
"Tudor Gunawardena","https://www.facebook.com/people/Tudor-Gunawardena/pfbid0PTCPVCjnmfEswc3H3s2VUj8He68ZQJ5tXAMzXqFKV23b7yabtWRVskyc4ngL1Hzxl","අවජාතක බල්ලෙක් .කාලකන්නි ගංකබරයෙක්ද කොහේද .🦬🦬🦬"
"Nalin Fernando","https://www.facebook.com/nalin.fernando.355138","🔥"
"Hasitha Nuwan","https://www.facebook.com/hasitha.nuwan.7712","[Sticker]"
"Priyanthi Alwis","https://www.facebook.com/priyanthi.alwis.31","[Image Attachment]"
"Muneem Haniffa","https://www.facebook.com/muneem.haniffa.2025","[Image Attachment]"
"Cecil K Perera","","👍👍🫡🫡🫡🇦🇺"
"Sithara Sanjeewa","https://www.facebook.com/sithara.sanjeewa.35","💪"
"Mangali Wijekoon","https://www.facebook.com/mangali.wijekoon","[Sticker]"
"Shanfar Mohamed","https://www.facebook.com/shanfar.mohamed","👍"
"Nishanthi Udeshikaa","https://www.facebook.com/nishanthi.udeshikaa","[Sticker]"
"Mohamed Kurshid","https://www.facebook.com/ohmkurshid","[Sticker]"
"Anton Gomarage","https://www.facebook.com/anton.gomarage","[Sticker]"
"Palitha Weerasinghe","https://www.facebook.com/palitha.weerasinghe.914628","[Sticker]"
"Ruwan Darmawardana","https://www.facebook.com/ruwan.darmawardana.9","[Sticker]"
"Samithra Amarasekara","https://www.facebook.com/samithra.amarasekara","[Sticker]"
"Sigithi Apsara","https://www.facebook.com/people/Sigithi-Apsara/pfbid02gGDwhQ7VpjLm3czfFKjUUj6iFaMmPkMtw53XXMFtyhYz5dZG7jQm3X7RZrXFjjSvl","[Image Attachment]"
"Sudesh Suvinetha","https://www.facebook.com/sudesh.suvinetha","💐💐💐💐👍"
"Jagath Gamlath","https://www.facebook.com/jagath.gamlath.5","[Image Attachment]"
"Upali Cooray","https://www.facebook.com/people/Upali-Cooray/pfbid02HWXdtMtuQXPAP9zkTJrTPdNRg1uh3K1A2DvPfUhKAbaPuD967XvE26Zqsz45Xz5Cl","💪🙏👍💕👌"
"Nilanthi Rathnayaka","https://www.facebook.com/nilanthi.rathnayaka.125","👍👍👍"
"Imsha Nazeer","https://www.facebook.com/imsha.nazeer",", 👏"
"Kumudu Sk Pahala Kr","https://www.facebook.com/kumudusk.pahalakr","[Sticker]"
"Roshan Warnakulasuriya","https://www.facebook.com/roshan.warnakulasuriya.1","[Sticker]"
"KM Muhandiram","https://www.facebook.com/people/KM-Muhandiram/pfbid029xADJrPYvk2nZbJGKh95zELuBVZ7rfE8yf6UtKS9JD3A5mhvx4aeV6FZ5eewGiUSl","[Image Attachment]"
"Mala Jayakodi","https://www.facebook.com/mala.jayakodi.5","👍"
"Jnr Horana","https://www.facebook.com/people/Jnr-Horana/pfbid02xFkARRSJdDfaeo8C7BfLBPTcmqPafAL7xZm7E9Ate9Kby98U2P1mvbiqfA8t9EBAl","👌👌👌👌"
"Dinusha Marasingha","https://www.facebook.com/dinusha.marasingha.14","💪"
"Viraj Madushanka","https://www.facebook.com/viraj.madushanka.702190","💪"
"Buddhika Prasad","https://www.facebook.com/buddhika.prasad.904","Sudaththa Thilaksiri"
"Nilanka Sumedha","https://www.facebook.com/nilanka.sumedha","[Sticker]"
"Manjula Ramachandra","https://www.facebook.com/manjula.ramachandra.2025","[Sticker]"
"Priyanka Sajeewani","https://www.facebook.com/priyanka.sajeewani.1253","👍👍👍👍🙏🙏🙏"
"Hasni Nizamdeen","https://www.facebook.com/hasni.nizamdeen.7","[Image Attachment]"
"Kalani Hemaly","https://www.facebook.com/kalani.hemaly","[Sticker]"
"Lakshan D. Dias","https://www.facebook.com/dilruksha.dias.1","[Sticker]"
"Rekha Wataliyadda","https://www.facebook.com/people/Rekha-Wataliyadda/pfbid0Cxndt97LpmHskp2ERmTWQfPt5YFtjuqTfMbpJYLANwTiwxNkvjL4RNpZ3msir9hAl","[Sticker]"
"Anura Rajapaksa","https://www.facebook.com/people/Anura-Rajapaksa/pfbid02VGKwJP4oNkKMiFEEdqZVzEC5Bfd6BwgUpwgYPYsSYTzshBzW9P9SYnJtEERBU7D2l","[Image Attachment]"
"Buddhika S Manathunga","https://www.facebook.com/buddhika.manathunga.9","👊👊"
"Susantha Silva","https://www.facebook.com/people/Susantha-Silva/pfbid0sg3CQ2M11p6zchYsYSp3z3b2VNSf7dZ3mUVQMBENTDGpoh7apcqFXXiTT25yt2VWl","[Image Attachment]"
"Haritha Indunil","https://www.facebook.com/haritha.indunil.1","[Sticker]"
"A.I. Ishani","https://www.facebook.com/iresha.ishani.3","👍👍"
"Rohan Fernando","","👍"
"Lb Koralage","https://www.facebook.com/lb.koralage","[Image Attachment]"
"Nuwan Weerasekara","https://www.facebook.com/nuwan.weerasekara.217321","[Sticker]"
"Shiran Majeed","https://www.facebook.com/shiran.majeed","[Sticker]"
"Udaya Hettige","https://www.facebook.com/udaya.hettige","👍👍💐❤️"
"Wajra Bandara","https://www.facebook.com/wajra.bandara","♥️♥️♥️♥️💥💥💥💥🤗🤗🤗🤗"
"Shanthi Mg","https://www.facebook.com/profile.php?id=61563395799513","[Sticker]"
"Sandamali Preamawardane","https://www.facebook.com/sandamali.preamawardane","[Image Attachment]"
"Inba L Inbaraja","https://www.facebook.com/people/Inba-L-Inbaraja/pfbid031ysYRjhPi8XV7rLewJCLivDSNmSmEqJDRnpcZq1SGzEEPieRNA6AJotN3A72SG6Ll","[Sticker]"
"Dewaka Prasanna","https://www.facebook.com/dewaka.prasanna","👍👍👍👍"
"Indrani Kookkinou","https://www.facebook.com/indrani.kokinou","[Image Attachment]"
"Chulani Srimathi","https://www.facebook.com/chulani.srimathi","👍"
"Rohan Pupulewatte","https://www.facebook.com/rohan.pupulewatte.2025","නියමයි නියමයි බ්‍රෝ ජාතිවදෙි කහකඩයො මුන්ට දෙන්න ඕනෙ එහෙම තමයි"
"Chaminda Kumara","https://www.facebook.com/chaminda.kumara.538892","[Sticker]"
"Ajith Pires","https://www.facebook.com/ajith.pires.2025","[Image Attachment]"
"Mhd Naseer","https://www.facebook.com/naseer.asnaf","[Sticker]"
"Dinesh Buddika","https://www.facebook.com/people/Dinesh-Buddika/pfbid0tqXhY38cuYkAQ6xJrAGkBmaEu4iAH5pksEEbr3KspSjHRcLRCHL3wabRL4KhqkqCl","🌹❤️"
"Wasantha Yasapala Yasapala","https://www.facebook.com/people/Wasantha-Yasapala-Yasapala/pfbid024M3LhWYVB1yKumnH93CiAmqtD15Udyk8b697Moqi1B2MoYG69o9ftpdWPKpDtw9bl","[Image Attachment]"
"Mohamed Asmi","https://www.facebook.com/people/Mohamed-Asmi/pfbid0f1bmbr7XtQcgNj76DHjeKft6Sap14C4dmpLpNHt15Mh56NVF1AFxyhQTpdqC9XKAl","[Image Attachment]"
"Srimali Abegunawardhana","https://www.facebook.com/sriya.srimali.5","👍👍👍👍"
"Sanat Kumara","https://www.facebook.com/sanat.kumara.969","[Sticker]"
"Irshad Huzair","https://www.facebook.com/irshad.huzair","[Image Attachment]"
"හිමදි ලෙහාන්සා","https://www.facebook.com/people/%E0%B7%84%E0%B7%92%E0%B6%B8%E0%B6%AF%E0%B7%92-%E0%B6%BD%E0%B7%99%E0%B7%84%E0%B7%8F%E0%B6%B1%E0%B7%8A%E0%B7%83%E0%B7%8F/pfbid02Yf8AYpjn8qv4MSqTeRKkFxoBWPvYXupyyDQ7whcZRnbzeKVnghwv7ovsZ2cNwXfbl","❤️"
"Ajith Dissanayake","https://www.facebook.com/people/Ajith-Dissanayake/pfbid09Aqauy5F5wQzVoz13otptJwTv1sKp1b1ezhVK4ZqdU1QwS92iZjk5Ymvym2zFsxGl","👍👍👍👍👍👍"
"Nalin Sampat Madushan","https://www.facebook.com/nalinsampat.madushan","[Sticker]"
"Nuwan P. Kumara","https://www.facebook.com/nuwan.p.kumara.244431","🫡"
"Chinthaka De Silva","https://www.facebook.com/people/Chinthaka-De-Silva/pfbid0G6x4QC1RM1CNnnGXMbyx4rEYyNAcv1TB852N1FRcE1ME45HxyEnL8N8cxrJjVkt2l","👍👍👍👍👍👍👍👍👍👍❤️❤️❤️❤️❤️❤️❤️❤️"
"Indika Gunarathna Indika","https://www.facebook.com/indika.gunarathna.indika.2025","[Image Attachment]"
"Kusum Chandrika","https://www.facebook.com/people/Kusum-Chandrika/pfbid0wyUTHgX9ZzKW9YE1nFPzTMX2YhMBgrxgNQaZij68yW73njj99vGq1KYkmogpuUgol","[Image Attachment]"
"Sumudu Jeerasinghe","https://www.facebook.com/lal.jeerasinghe.9","[Sticker]"
"Janaki Daluwatta","https://www.facebook.com/janaki.rajapaksha","[Image Attachment]"
"Jagath Buddika","https://www.facebook.com/jagath.buddika","💕🙏💕"
"Danushka Pathum","https://www.facebook.com/people/Danushka-Pathum/61587894270586","https://www.facebook.com/share/v/1JBmLjTkYz/"
"Danushka Pathum","https://www.facebook.com/people/Danushka-Pathum/61587894270586","මේම සීන් එකකුත් කියනව මෙයා.."
"Rohana Godagampala","https://www.facebook.com/inetforu.gampaha","❤️❤️❤️"
"Singanayagam Kathiravelu","https://www.facebook.com/people/Singanayagam-Kathiravelu/pfbid023bgfj3uxcHLqcAd5LiLCsRBAcickGhYLbnKrYdM4uNB6rEi7GKHKU7kQQZ7Sf19nl","[Sticker]"
"Sumith Sumith","https://www.facebook.com/sumith.sumith.818733","👋👋👋👋👋👋🌹"
"Ranjan SK","https://www.facebook.com/ranjan.suresh.37","[Sticker]"
"JD Azaad","https://www.facebook.com/people/JD-Azaad/pfbid033eXKeLH39y6cnewnicixRy2PAakEkBazo7GjNu1Lu1228UZTxLA5E2YKHyANm2dol","[Image Attachment]"
"Upali Yapa","https://www.facebook.com/upaliyapa.mdiyanselage","[Image Attachment]"
"Sriyani Kusumlatha","https://www.facebook.com/people/Sriyani-Kusumlatha/pfbid02hkcG4UU8Kfq3QdH3QgGjmGm7tkgug7uuFzcKXBAKi4tLcsd7161vA4MDU5urGDNXl","[Sticker]"
"Imali Hadigalle","https://www.facebook.com/imali.hadigalle","👍"
"Shantha Jayawickrama","https://www.facebook.com/sarath.shantha.5","[Image Attachment]"
"Sarath Pinnawalage","https://www.facebook.com/sarath.pinnawalage","[Image Attachment]"
"Saman Priyantha Sudusinghe","https://www.facebook.com/saman.priyantha.sudusinghe","[Sticker]"
"Kantha Kumar","https://www.facebook.com/kantha.katha.jayanthi","🫡🫡"
"Sandamali Aluthgedar","https://www.facebook.com/sandamali.aluthgedar","👍👍👍👍"
"Kamalnath Angika","https://www.facebook.com/people/Kamalnath-Angika/pfbid02EjSiFRfL4QaqXiPhV46RJt4bcYBm37JVeGNAZzmuXYVPjtTn92zsnhD6uNYucMgXl","💪💪💪💪💪"
"දමිත කාවින්ද","https://www.facebook.com/Damithakavinda1","💪👍"
"Hassan Fahiq","https://www.facebook.com/hassan.fahiq","💯"
"Yohan Lahiru","https://www.facebook.com/yohan.lahiru.75","අන්තවාදය නොදන්නා මෝඩ හුත්තෙක්"
"Mhk Fashionn","https://www.facebook.com/people/Mhk-Fashionn/pfbid0263Dmqi3sn3dVxUn3xkSdrivnr8ch7qD7fFhabhNfLnx9PcBiPLDwjxXKRRQ2Uqrml","[Sticker]"
"Pasindu Kulasinha","https://www.facebook.com/pasindu.isanka.9","👍"
"Sisira Kumara","https://www.facebook.com/sisira.kumara.416032","[Image Attachment]"
"Priyantha Dissanayaka","https://www.facebook.com/people/Priyantha-Dissanayaka/pfbid02FUuic63dYntcaJHBH8ztYg4zyT2ncTaKFsLceavqdDY6BmPr64Nc6KZBZWMx3njdl","👍"
"Abosali Abosali","","👍👍👍👍👍👍👍👍👍👍👍👍👍👍👍👍👍👍👍👍👍👍👍👍👍👍👍👍👍👍🖐️🌺"
"Dilruk Nishantha Malavige","https://www.facebook.com/dilruk.nishantha","[Image Attachment]"
"Akram Ylm","https://www.facebook.com/katukeliyawa.kadandugama","✅♥️"
"Thushara Indika","https://www.facebook.com/thushara.indika.3762","👍"
"Yogarani Yorani","https://www.facebook.com/yogarani.yorani.90","👍👍👍😍😍👍👍👍👍👍👍😍😍👍👍👍"
"Luxman Warnakulasuriya","","[Sticker]"
"Asanka Sanjeewa","https://www.facebook.com/people/Asanka-Sanjeewa/pfbid0iu7s6Me8yKa3ZucfAYxZXRpWEYHThXnVFY3XBJYsRutbZbA2jCHYSBKmW5ok3nXGl","[Image Attachment]"
"Sampath Saki Tours","https://www.facebook.com/people/Sampath-Saki-Tours/pfbid023hoMjAYEm4eGcwStw3Jz9NuaevcjMTpvi3cUVLYRuJuNvEjzPmDJEu2LdY5kKUADl","[Sticker]"
"Ananda Athapaththu","https://www.facebook.com/ananda.samarakoon.9","[Sticker]"
"A K Shenal Perera","https://www.facebook.com/akshenal.jeewantha","💙"
"Susantha Kumara","https://www.facebook.com/people/Susantha-Kumara/pfbid09fET1RfYdF4a4q587CMi77SjmuSDafYpSYkHc222xuWUZbihqtruapdXdjDT1Eu6l","[Image Attachment]"
"Randika Hettige","https://www.facebook.com/randika.hettige.69","🙏"
"Thilakarathna Bandara Km","https://www.facebook.com/people/Thilakarathna-Bandara-Km/61572280195054","ගහපියවි ඔය කහඩ බල්ලන්ට නියමයි මචං..."
"Pasan Thilakanayaka","https://www.facebook.com/pasan.thilakanayaka","❤️❤️❤️❤️"
"Prasanga Niroshan","https://www.facebook.com/people/Prasanga-Niroshan/pfbid0gqyGTFE27uzUegnDDsZ5TMqdiGB7KSw5k8NFB7pcYQbvVrtkeGHT6Syd7R9vaFanl","[Image Attachment]"
"Panduka Jayanath","https://www.facebook.com/panduka.jayanath.1","[Image Attachment]"
"Chamila Kumari","https://www.facebook.com/chamila.kumari.189515","ඔය කොන්ද පන තියෙන සින්හලයට පුලුවන් වෙන්න ඕනි අපේ ජාතිය වෙනුවෙන් කත කරන ඔය කහකඩයට   ව්රුද්ද උනා වගෙ උතුරේ ඉන්න අහින්සක සින්හල  මිනිස්සුන්ට  දෙමලු කරන  අකටයුතුකම්  වෙනුවෙනුත් නැගී  සිටින්න  ඔය කහකඩයට  විතරක් එරෙහිවෙල බැහැ ජාතිවාදී  අදහස් තියෙන  හම එකාටම විරුද්ධ වෙන්න කොන්ද පන තියෙන්න ඕනි  පක්ෂ  පාට නොබලා අපේ ජාතිය වෙනුවෙන්   පෙනී හිටින හම සින්හලයාටම  ව්රුදද වෙන්න  පන තියෙන්න ඕනි"
"HN Wimalasiri","https://www.facebook.com/hn.wimalasiri","[Image Attachment]"
"Kevin Prasad","https://www.facebook.com/kevin.prasad.54","[Sticker]"
"Wenasa Pinthaaru","https://www.facebook.com/wenasa.pinthaaru","[Image Attachment]"
"Sugath Wànasinha","https://www.facebook.com/sugath.wanasinha.1","අස්සන් කෝටිගණනාවක් ගෙනාවත් අධිකරණතීන්දුවලට ඊට බලපෑම්කිරීමට අවස්ථාව නොදියයුතුය."
"Kevin Daniel Nicholas","https://www.facebook.com/sujeewa.bandara.58","[Image Attachment]"
"Sudu Malli","https://www.facebook.com/sudu.malli.762160","ඕකා    කැරි  සින්හලයෙක්"
"Kalyani Rathnayaka","https://www.facebook.com/people/Kalyani-Rathnayaka/pfbid0moxWugTiENqBqw1ibsEHigCnY4an9t9tbFrqsqQS6RyWRBhmVGV7gJd3bbdkXz8dl","මේකා කම්බි යෙක් හෝ දෙමළ එකතුවෙන් පැවත එන එකෙක් සිංහල බෞද්ධයන් ඔහොම කතා කරන්නේ නැහැ මූට කම්බි ගැන"
"Rathna Sri Ekanayake","https://www.facebook.com/people/Rathna-Sri-Ekanayake/pfbid0hofhgc95bDfVyqt5maJ9iya1KRmCm4wHukzCxe4v8irgK1QUAfnHZ1VYJxThdktRl","මු  හම්බ  හුත්තිගෙ   පුතතෙක්"
"Padmalal de Silva","https://www.facebook.com/padmalal.desilva","කාලකන්නි සින්හල අවජාතකයෙක්. තො පල යාපනයට"
"Asanka Priyalal","https://www.facebook.com/asanka.roxz.7","මුන් වගේ ගෝතයො ඉන්නකන් කල්ලතෝනි අපිට පු###ත් අරිනව බං...🤣🤣🤣🤣🤣 ජෙප්පන්ගෙ ගූ කාපන් තව... ඔය ගතිය ඇරිල යයි.... තොට පුලුවන්ද ප###ඕ මේව නතර කරන්න.... තව ටික දවසක් හිටපන්කො..... තොපි වගේ ගෝතයො කලිසම ගලවල යවන්නෙ....🦬🦬🦬🦬"
"Risal Wovaratu","https://www.facebook.com/people/Risal-Wovaratu/pfbid07YhWwGVWqFP4GfLSNAg5jG5vNey9yepryLQDCMegHCQFYr6L12GN8o8kWS3iQhq2l","Oba niyamai ban"
"Udaya Jayasinghe","https://www.facebook.com/udaya.jayasinghe.143506","සේන .ගුත්තික පරම්පරාවේ එකෙක් ශුවර් එකටම්...කාලකන්නියා"
"Ranjith Colambage","https://www.facebook.com/people/Ranjith-Colambage/pfbid025E387Ug4c3yR78n5gJ3sHJ7xgwWn4egoz2UTAeLY1Rr5KWsnfvCQ9Z1izS51piFl","නියමයි කොන්ද පන තියෙන එකෙක් හරි හිටියා."
"Amara Senanayaka","https://www.facebook.com/people/Amara-Senanayaka/pfbid02qYX9YMCdkrLfp1P46yZSbimJHiH5RnWKMjqdYRsexDgvFKf87pN5Lm6mU69dhwMEl","Jayawawa."
"Ba Anil","https://www.facebook.com/people/Ba-Anil/pfbid0j5bwqp6W6XRxe5VEDPEQxjU1Sc3dTFfskRgUHCyBThwFgkMPLyXB21eqGZmek66sl","නියමය් සහෝදරයා ඕකුන්ට ගහල පන්නන්න ඕන සක්කිලි ගනයෝ ❤️"
"Harindra Solomon Jayatunga","https://www.facebook.com/Harinjaya49","නියම දේශප්‍රේමී සහෝදරයෙක් ‼️🇱🇰👍👍"
"Thirimadura Silva","https://www.facebook.com/profile.php?id=100054621680831","Siura galavana sasanaya Vinayak 1"
"Tharanga Pradeep Kumara","https://www.facebook.com/R.T.P.Kumara","Ohomanawai  kathakaranna oni   paduwa  pansalata wala  inna  nathuwa  dasapalana  karana  hamuduruwo"
"Tharindu Rangana","https://www.facebook.com/people/Tharindu-Rangana/pfbid02esdHkbUir6oTSUPn2X727XtHefM8oGGPAHkRAEPWLxoeoWDceApeo5nA4wZr8Ehql","Ponnayoda Anuradhapura inne"
"Marlon Oorloff","https://www.facebook.com/profile.php?id=100002895728427","Niyamai Niyamai putha"
"Ediri Laky","https://www.facebook.com/ebnishan.lakmal","පැලවත්තේ අසූචි කන අවජාතක ඩොබියො ටික ටිපර් වෙලා ඒක දැකලා"
"සිතික ජයතිලක","https://www.facebook.com/sithika.jayathilake.1","ඒ අස්සෙ බණත් කියනවා.. සාදු සාදු...😂😂😂"
"Ediri Laky","https://www.facebook.com/ebnishan.lakmal","තඩි ජෙප්පෙක් අවජාතකයෙක් , අනිවාර්යයෙන්ම පැලවත්තේ අසූචි කන ඩොබියෙක් මූ"
"පූජණී කල්දේරා","https://www.facebook.com/zr9l3b7ro6","ඕන් ඔය ව්දිහට හිට්යොට්ත් රට දියුනු වෙයි"
"Janaka Kumara","https://www.facebook.com/people/Janaka-Kumara/pfbid02uYbJ121iYQFDwAhcbZQozcRzwirs1n5kdGBwFysvtcNH7nM456rTP3X4GxNi21qDl","නියමයි සහොදරයා..👌👌👌👌"
"Mohamed Isfahan","https://www.facebook.com/mohamed.isfahan.428441","Respect 🙏 🫡  bro"
"Athula Dhammika Ruwandeniya","https://www.facebook.com/profile.php?id=100001204636762","Ela ela"
"Weerasekara Bandar","https://www.facebook.com/people/Weerasekara-Bandar/pfbid02Uv1oXvKpYDu74tMwydyKjHTgB732iH3K5YQTnZWkyj9tgi3xswQxkF3tAmR5scsxl","එල කොල්ලේක්"
"Vinitha Jayarathne","https://www.facebook.com/nadun.jayaratna.5","නියමයි"
"Prabash Tharanga","https://www.facebook.com/djprabashtharanga","Respect  වරදක් කරලා තියෙනවානේ හිරේරේ යන්නම ඕන"
"Lakmal Dissanayaka","https://www.facebook.com/people/Lakmal-Dissanayaka/pfbid0CkzYYFbgZSsjk1L4tJvnjr2zejgvvFHsBZJZPFbQvRqroGR2XX3RBz6BcSnNHJ78l","මෙම බූරුවාට කොන්ද පණ තියනවා කියන උන්ට පෙන්  නැද්ද  දෙමලූන් ගෙන් කොටසක්  සිංහල ජාතියටම කරන වින තොපි වගෙ කොන්ද පණ නැති උන් තමා එදත් මෙම රට පායලා දීලා  කාලෙන් කාලෙට ආක්‍රමණ වලට හෙතුව ඒ ජාන තවත් තියනවා  උබලට ජාතීන් නෙවෙයි කියලා බයනම්  බෞද්ධ විහාර වලට ගහන එයයි   තිලීපන් සමරපුවාම සහජීවනය නැතිවෙනවා  කියලා ඒවා යාපනයට ගිහිල්ලා නවත්තපල්ලකො තොපි සිංහල වෙලා අවජාතක බව පෙන්නන්නෙ නැතුව"
"Sanjeewa Ajith","https://www.facebook.com/sanjeewa.ajith.33","සුපිරි පොරක් 👍👍👍"
"රණසිංහගේ බෝධිරක්ෂිත සූර්යඝන","https://www.facebook.com/people/%E0%B6%BB%E0%B6%AB%E0%B7%83%E0%B7%92%E0%B6%82%E0%B7%84%E0%B6%9C%E0%B7%9A-%E0%B6%B6%E0%B7%9D%E0%B6%B0%E0%B7%92%E0%B6%BB%E0%B6%9A%E0%B7%8A%E0%B7%82%E0%B7%92%E0%B6%AD-%E0%B7%83%E0%B7%96%E0%B6%BB%E0%B7%8A%E0%B6%BA%E0%B6%9D%E0%B6%B1/pfbid02V2ErMULyTQRkmjXK4hwcvjMymd42zv4LJiNsHmDcRpHo1koTBRH1efP6XFzjKuwHl","පන්සල්වල මිනි මරලා වලදාලා තියෙනවා කියපු උන්ට නීති ක්‍රියාත්මක කරන්න එකෙක්වත් ඉල්ලන්නෙ නෑ. සහරාන්ලා ගැන හෙලිදරවු නිසා හාමුදුරුවන්ට තරහයි. මුනුත් ත්‍රස්‌තවාදියෝ"
"Vijitha Jayawardana","https://www.facebook.com/vijitha.jayawardana.2025","නියම සිහලයෙක්"
"Vithanage Waruna","https://www.facebook.com/jdfifgugi321111","නියමයි මචං කතාවනම් එල ගොන් ගනයොන්ට 👍"
"Sarath Wikramasinghe","https://www.facebook.com/sarath.wikramasinghe","නියමයි මචං නිටමයි කතාවනම් එල ගොන් ගනයොන්ට රෙවෙන්න 👍👍👍👍"
"Roshan Chakrawarthi","https://www.facebook.com/euro.visnio","තනි එකෙක් ගේම ඉල්ලද්දි වටේ ඉන්න වුනොත් පොඩ්ඩක් සපෝට් එක දීපල්ලා වගේ ඉන්නේ නැතුව ඇත්ත කතා කරන්ඩ බයවෙන්න ඕනෙ නෑ"
"Udeni Padmakanthi","","Niyamai👍"
"Kaman Abeysekara","https://www.facebook.com/kaman.prasanna","නියමයි සහෝදරයා"
"Gamini Wijesinghe","https://www.facebook.com/people/Gamini-Wijesinghe/pfbid0scS7tsAEhPNtW6dg6JiGgcD1f8BVsbw1AvrSCVCNvfCZH5KS1Sf2JjcYyi86oZsgl","Super bro"
"Sampath Dissanayaka Sampath","https://www.facebook.com/sampath.dissanayaka.sampath.2025","නියමයි සහොදරය ♥️♥️♥️♥️♥️♥️♥️♥️♥️👍👍👍👍👍👍👍👍"
"Sadaruwan SB","https://www.facebook.com/people/Sadaruwan-SB/pfbid02fTGGXVDWTnm5V5YjZFShpc7mZt2ioLp6Zk3LoNvpzHSsDexb9rP6eYrmJdqNgcerl","මදි බන් කැරි ගනයට ඇමතුවා 🤡"
"Fazil Riz","https://www.facebook.com/rizmy.fazil.2025","Ela kollek"
"Sandun Fernando","https://www.facebook.com/sandunruki","Respect brother respect good luck"
"Jammi NW","https://www.facebook.com/people/Jammi-NW/pfbid02vUeiVLcA5w2EEuoDaUSDcXGqhRwXYmPJP7UL5xDiE7jvb12x6G8tfTzx93mXfsQvl","Ela kollek"
"Anusha Anusha","https://www.facebook.com/people/Anusha-Anusha/pfbid02HA77sE7wxgg6jeij2uZEs8A6evNAikbVSzcBJ1VcfoYMS4LVygL6LRPr1wz6wGx4l","Rajpaksala gu katu dekama kana kalakannie ganyo budu dama winsa karana kalakannie"
"Shalika Dhananjaya","https://www.facebook.com/shalika.thisaruwan","සුපිරි පොරක්💜️💜️"
"Premasiri Fernando","","හොර සමන්ත බඩ්ඩ නේද මේ"
"J Saman Kumara","https://www.facebook.com/jsaman.kumara.3","නියම පිරිමියෙක්"
"Ranga Ranga","https://www.facebook.com/people/Ranga-Ranga/pfbid06Yi4fejBsNwHbeXajqtrC8cJ8BLKZ2yvmZGDUrSzkLYx1u5F4ywAtEXBs4ppZzgjl","නියමයි සිවුරු හොරුන්ටික ගහලා පන්නන්න ඕනි"
"Saman Waa","https://www.facebook.com/anuruddasaman41","සිව්රක්දගෙන මෙකාලකන්නි කරන වැඩෙට  කෙලින් කථාකරන  සුපිරි පොරක් 💪💪💪💪"
"Roshan Indika Kithulgoda","https://www.facebook.com/roshan.indika.3939503","අනුරාධපුරයෙන් හාමුදුරුවෝ එලවන්න මිනිසුන් නැද්ද"
"Amila Chathuranga","https://www.facebook.com/amila.chathuranga.10048","Ounta ghala panna ona gagedi hora heththa"
"Prasath Pran","https://www.facebook.com/prasath.pran","Ela   porak Excellent"
"Perera Rashi","https://www.facebook.com/maleesha.oshada","තෝ කව්ද ප. කට වහන්න කියන්න . වල් පරය . මේ තියෙන්නෙ ජනතාව ගේ ආන්ඩු . නාන සාර හිරේ යන්නම ඕනෙ ."
"Thennakoon Mudiyanselage Wimalathunga","https://www.facebook.com/thennakoon.wwimalathunga.lathunga","නියම කොල්ලෙක් . ඔය කාලකණ්ණි  කහකඩ බල්ලොන්ට ගහපිය මල්ලි පාරක්. වේස බලු කහ කඩ වනචාරියො."
"Kirthie Boteju","","මේ ගනයන්ට ගු ගහලා පන්වන්න කව්රැත් නැද්ද"
"Kasun Dananjaya","https://www.facebook.com/kasun.dananjaya.420660","බුදු දහමට කෙළවන්නේ අපේ උන්ම තමයි"
"තුන්සිය හැට","https://www.facebook.com/madushan.shashika.90","Respect"
"Ruwan Thissa","https://www.facebook.com/ruwan.thissa.549","නිරාගමික සිංහල ජාතියට තේරෙන තව ටිකක් කල් යයි"
"Chandana Sumith","https://www.facebook.com/chandana.sumith.805991","Good"
"Shiroma Abeysinghe","https://www.facebook.com/profile.php?id=100061175654848","respect 👍👍👍"
"Sajeewani Panagoda","https://www.facebook.com/sajeewani.panagoda","[Image Attachment]"
"Roshan Abeyalath","https://www.facebook.com/roshan.abeyalath","Deshapalanayata katha karana siwuru karayo okkoma hire danna one nirwanaya soyana aya owa badagena dangalanne nahe"
"Roshan Abeyalath","https://www.facebook.com/roshan.abeyalath","Munta hamuduruwo kiyanna epa kalkanni hatta"
"Indika Chamin Kumarasinghe","https://www.facebook.com/bevan.kumarasinghe","Respect brother 👍"
"Priyantha Weerakoon","https://www.facebook.com/priyantha.weerakoon.397","සක්කි අතරේ සුපිරි වැඩිඩා පුතා"
"Janaka Janaka","https://www.facebook.com/people/Janaka-Janaka/pfbid0PAAFmazwwfgv3pZdP3XHHmcTFgjpLDDGjhndwtAcKjAsTgNd5rnZ6ry7jwEunJ6jl","කහකඩයො න්ට  රෙද්ද උස්සලා  ජාතක  උනු උන් අත්සන් කරන්නෙ.ජාතකෙ වැරද්ද"
"Hawp Hetti Arachchi","https://www.facebook.com/people/Hawp-Hetti-Arachchi/100004945726119","නියමයි..."
"Sugath Sugath","https://www.facebook.com/people/Sugath-Sugath/61583772066943","[Image Attachment]"
"Sugath Sugath","https://www.facebook.com/people/Sugath-Sugath/61583772066943","[Image Attachment]"
"Sugath Sugath","https://www.facebook.com/people/Sugath-Sugath/61583772066943","[Image Attachment]"
"Fazlin Mohamed","https://www.facebook.com/fazlin.mohamed.18","Very good 👍"
"Amara Senanayaka","https://www.facebook.com/people/Amara-Senanayaka/pfbid02qYX9YMCdkrLfp1P46yZSbimJHiH5RnWKMjqdYRsexDgvFKf87pN5Lm6mU69dhwMEl","Hamuduruwa....keyanna...apa...okunta"
"Kiribandage Rathnapala","https://www.facebook.com/people/Kiribandage-Rathnapala/pfbid0n7kzJiUyZBb2TkMYuacr9djZP5B339BpBeHbyrBxHMLzUY5wajAYHu2LimV8Vgsml","ඔන්න නියම බොදු පුතෙක්. ඔය විදිහට මුළු රටම එකතු වෙන්න ඕනේ  මේ සම්බුද්ධ සාසනේ රැකගන්න. ඔය සිවුරු දාගෙන ඉන්න සාසන පාළුවන් ගෙන්."
"Nalin Nalin","https://www.facebook.com/nalin.nalin.318315","Good"
"Wasantha Kumara","https://www.facebook.com/wasantha.rathnayaka.35","[Image Attachment]"
"Wasantha Kumara","https://www.facebook.com/wasantha.rathnayaka.35","[Image Attachment]"
"Wasantha Kumara","https://www.facebook.com/wasantha.rathnayaka.35","[Image Attachment]"
"Wasantha Kumara","https://www.facebook.com/wasantha.rathnayaka.35","[Image Attachment]"
"Wasantha Kumara","https://www.facebook.com/wasantha.rathnayaka.35","නියමයි සහෝදරයා 👊💪"
"Ruwan Sri Kapila Bandara","https://www.facebook.com/bandara.kapila.1","Superb broo ගැම්මට බැනපිය 💪💪💪💪💪💪💪💪💪💪💪💪💓💓💓💓💓💓💓💓💓💓💓💓💓 වඳ කොත්තු  වඳ පෑන්ටි  වඳ බ්‍රා තව මොනවද ඕකුන් රටම වැනසුවා මුස්ලිම් අන්තවාදය කියලා puka පොල්වේ ගැහුව pkayaalaa  දැන් හැම්වනෙන්න හදනවා පාරවල් ගානේ අස්සං කොර කොරා....hඋky අස්සනෙන්....🤣🤣🤣🤣🤣🤣🤣🤣🤣🤣🤣🤣🤣🤣🤣🤣"
"Chaminda Ranawaka","https://www.facebook.com/chaminda.ranawaka.318196","[Image Attachment]"
"Chaminda Ranawaka","https://www.facebook.com/chaminda.ranawaka.318196","[Image Attachment]"
"Chaminda Ranawaka","https://www.facebook.com/chaminda.ranawaka.318196","[Image Attachment]"
"Chaminda Ranawaka","https://www.facebook.com/chaminda.ranawaka.318196","[Image Attachment]"
"Chaminda Ranawaka","https://www.facebook.com/chaminda.ranawaka.318196","[Image Attachment]"
"Chaminda Ranawaka","https://www.facebook.com/chaminda.ranawaka.318196","[Image Attachment]"
"Chaminda Ranawaka","https://www.facebook.com/chaminda.ranawaka.318196","[Image Attachment]"
"Chaminda Ranawaka","https://www.facebook.com/chaminda.ranawaka.318196","[Image Attachment]"
"Chaminda Ranawaka","https://www.facebook.com/chaminda.ranawaka.318196","[Image Attachment]"
"Chaminda Ranawaka","https://www.facebook.com/chaminda.ranawaka.318196","[Image Attachment]"
"Chaminda Ranawaka","https://www.facebook.com/chaminda.ranawaka.318196","[Image Attachment]"
"Chaminda Ranawaka","https://www.facebook.com/chaminda.ranawaka.318196","[Image Attachment]"
"Chaminda Ranawaka","https://www.facebook.com/chaminda.ranawaka.318196","[Image Attachment]"
"Rohana Priyadarshana","https://www.facebook.com/rohana.priyadarshana","Super respect brother 👍👍"
"Chaminda Ranawaka","https://www.facebook.com/chaminda.ranawaka.318196","[Image Attachment]"
"Chaminda Ranawaka","https://www.facebook.com/chaminda.ranawaka.318196","[Image Attachment]"
"Chaminda Ranawaka","https://www.facebook.com/chaminda.ranawaka.318196","[Image Attachment]"
"Chaminda Ranawaka","https://www.facebook.com/chaminda.ranawaka.318196","[Image Attachment]"
"Chaminda Ranawaka","https://www.facebook.com/chaminda.ranawaka.318196","[Image Attachment]"
"Chaminda Ranawaka","https://www.facebook.com/chaminda.ranawaka.318196","[Image Attachment]"
"Chaminda Ranawaka","https://www.facebook.com/chaminda.ranawaka.318196","[Image Attachment]"
"Chaminda Ranawaka","https://www.facebook.com/chaminda.ranawaka.318196","[Image Attachment]"
"Chaminda Ranawaka","https://www.facebook.com/chaminda.ranawaka.318196","[Image Attachment]"
"Chaminda Ranawaka","https://www.facebook.com/chaminda.ranawaka.318196","[Image Attachment]"
"Chaminda Ranawaka","https://www.facebook.com/chaminda.ranawaka.318196","[Image Attachment]"
"Chaminda Ranawaka","https://www.facebook.com/chaminda.ranawaka.318196","[Image Attachment]"
"Chaminda Ranawaka","https://www.facebook.com/chaminda.ranawaka.318196","[Image Attachment]"
"Chaminda Ranawaka","https://www.facebook.com/chaminda.ranawaka.318196","[Image Attachment]"
"Chaminda Ranawaka","https://www.facebook.com/chaminda.ranawaka.318196","[Image Attachment]"
"Chaminda Ranawaka","https://www.facebook.com/chaminda.ranawaka.318196","[Image Attachment]"
"Bg Senavirathna","https://www.facebook.com/bg.senavirathna.2025","නියමයි මල්ලී"
"Chaminda Ranawaka","https://www.facebook.com/chaminda.ranawaka.318196","[Image Attachment]"
"Chaminda Ranawaka","https://www.facebook.com/chaminda.ranawaka.318196","[Image Attachment]"
"Chaminda Ranawaka","https://www.facebook.com/chaminda.ranawaka.318196","[Image Attachment]"
"Chaminda Ranawaka","https://www.facebook.com/chaminda.ranawaka.318196","[Image Attachment]"
"Chaminda Ranawaka","https://www.facebook.com/chaminda.ranawaka.318196","[Image Attachment]"
"Chaminda Ranawaka","https://www.facebook.com/chaminda.ranawaka.318196","[Image Attachment]"
"Chaminda Ranawaka","https://www.facebook.com/chaminda.ranawaka.318196","[Image Attachment]"
"Ranjith Jayampathi","","කාලකන්නි කහකඩයො නෙ මේ"
"Roshan Premarathna","https://www.facebook.com/Roshan1967","නියමයි සහෝදරය දෙන්න ඔීනේ ඔකුන්ට රෙදි ගලවලා"
"Zaayan Hamade Zaayan Hamade","https://www.facebook.com/nura.salee","[Sticker]"
"Ruwan Bawthis","https://www.facebook.com/ruwan.bawthis.3","ඔහොම කතා කරන්න එපා..හාමුදුරුවෝ නැත්නම් අපිට මේ රටත් නෑ බොලව්...කවදා හරි තේරෙයි අපේ මහ ලොකු සිංහලයාට ...තේරෙන කොට කෝච්චිය ගිහිල්ලා ..."
"Mahil Abdul Raheem","https://www.facebook.com/mahil.a.raheem","Sup❤️"
"Arif Mohamed","https://www.facebook.com/arif.mohamed.71653318","Respect 🤝🙏💪"
"Riyaz Snooky","https://www.facebook.com/riya.snooky","Superbly ❤️👍🏻"
"Samitha Jayasinghe","https://www.facebook.com/people/Samitha-Jayasinghe/pfbid02vMzL8yZuTGWFQDrppj5L8DYGvsaNaH8TkMV7ccQzQPkXkLXVao8SemCxtrh39WUGl","ඔව්, ඉතිහාස මූලාශ්‍රවල (විශේෂයෙන් පෘතුගීසි ලේඛකයෙකු වන ක්වේරෝස් (Queiroz) ගේ වාර්තාවල) අසවේදු කුඩා බිළිඳුන්ට සහ දරුවන්ට පවා සිදුකළ අතිශය අමානුෂික, කුරිරු වධහිංසා ගැන පැහැදිලිව සඳහන් වෙනවා.  ඔහු දේශීය ජනතාව දැඩි ලෙස බියගැන්වීම සඳහා භාවිතා කළ සමහර ක්‍රමවේදයන් මෙන්න:  * **දරුවන් වංගෙඩිවල දමා කෙටීම:** අසවේදුගේ අණ පරිදි පෘතුගීසි සේනාවන් සිංහල මව්වරුන් ඉදිරියේම ඔවුන්ගේ කුඩා දරුවන්ව වංගෙඩිවල දමා මෝල්ගස්වලින් කොටා මරා දැමූ බව ඉතිහාසයේ සඳහන් වෙනවා. ඉන්පසු එම මව්වරුන්වද කඩුවලින් කපා කොටා ඝාතනය කර තිබෙනවා. * **ළදරුවන්ව හෙල්ලවල ඇමිණීම:** කුඩා බිළිඳුන්ව අහසට දමා, ඔවුන් බිමට වැටෙද්දී පෘතුගීසි සෙබළුන්ගේ තියුණු හෙල්ලවල අගට අල්ලා අමුණා මැරීම තවත් එක් දරුණු විනෝදාංශයක් කරගෙන තිබුණා. * **ගඟට දැමීම:** රක්ෂපාන කන්දෙන් කැලණි ගඟේ සිටි කිඹුලන්ට බිලිදීම සඳහා වැඩිහිටියන් පමණක් නොව කුඩා දරුවන්ද යොදාගත් බව පැවසෙනවා.  ඔහු මෙවැනි දරුණු දේවල් කළේ හුදෙක් ආවේගයට වඩා, ලාංකිකයන් තුළ තමන් කෙරෙහි සහ පෘතුගීසි බලය කෙරෙහි පාලනය කරගත නොහැකි දැඩි භීතියක් (Terror) ඇති කරලා, ඔවුන්ව පහසුවෙන්ම යටත් කර තබාගැනීමේ යුධ උපක්‍රමයක් විදිහටයි.  ලංකා ඉතිහාසයේ විදේශීය ආක්‍රමණිකයෙකුගෙන් සිදුවූ දරුණුම සහ ලේ වැගිරුණුම මර්දනයක් විදිහටයි අසවේදුගේ මේ ක්‍රියාකලාපය සැලකෙන්නේ."
"Anee Peiris Seetas","https://www.facebook.com/people/Anee-Peiris-Seetas/100010656639349","අනිවාර්යයෙන් සහෝදරයා 💗"
"Madu Maduranga","https://www.facebook.com/people/Madu-Maduranga/pfbid0hyAmzEoUMc2cS3uAoLk6Ts2RZ8d1tQmNWfkmns1hoScqde7RQv9LRK6SJyXzwyK7l","උබෙ අම්මව හිරෙ යවපන් පොන්නයා.සිංහලයා වෙනුවෙන් කත කරපු හමුදුරුවො හිරෙ .තො පොන්නයා හැප්පිලා මැරියන්"
"Sathyajeewa Vijendra","https://www.facebook.com/sathyajeewa.vijendra","😮😮😮😮තිහ්තගල්ලය කියනො කටවහගෙන හිටපං කියල    ...අනේ හු."
"Nishantha Welagedara","https://www.facebook.com/nishantha.welagedara.979004","ජාතිවාදය අවුස්සන්නෙපා.ඒ ස්වාමීන් වහන්සේ නිදහස් වෙන්න නම් කාගෙවත් අත්සන්  මොකටද කෙලින්ම ජනාධිපති හමු උනා නම් ඉවරනේ...මේ මොන විකාරද?තිත්තගල්ලේ හිමියන් දහම විකුර්ති කරන කෙනෙක්..එයාගෙ මාර්කටින් එකක් මේ.."
"Has Hettiarachchi","https://www.facebook.com/has.hettiarachchi.3","[Sticker]"
"Melan Nishan","https://www.facebook.com/melan.nishan","Niyama sinhalayek adarei bokka.duwanna dunne duwanna.niyamai supire charethayak."
"Sameera Rathanayaka","https://www.facebook.com/people/Sameera-Rathanayaka/pfbid0357A1XVE6gPA5T7P7DGgfpsBRBMHNScskysVAp4CQXjD6NiwppRjknstViXxvuVwl","Onna piriyo 👍"
"Anura Thissa","https://www.facebook.com/anura.thissa.985766","සංඝ පාතාලය ේ මෙරටින් තුරන් කළ යුතුයි"
"Tharanga Pradeep Kumara","https://www.facebook.com/R.T.P.Kumara","👍👍👍👍"
"Tharanga Pradeep Kumara","https://www.facebook.com/R.T.P.Kumara","මිනිස්සුන්ට බෙිද ඇති කරන හාමුදුරු නමක්"
"Suranga Peiris","https://www.facebook.com/suranga.peiris.129","Ela kolek 👍😀😁👍"
"Twjagath Karunarathna","https://www.facebook.com/twjagath.karunarathna.2025","එල කොල්ලෙක්"
"Dushan Jayawardana","https://www.facebook.com/dushan.jayawardana.39","නියම කොන්ද තියන කොල්ලෙක්"
"Dilruk Nishantha Malavige","https://www.facebook.com/dilruk.nishantha","[Image Attachment]"
"Tharaka Malshan","https://www.facebook.com/tharaka.malshan.265637","ගැම්මක්  තමයී එකෙන්ම නියමයී සහෝදරයා"
"HN Wimalasiri","https://www.facebook.com/hn.wimalasiri","[Image Attachment]"
"Marina Dona","https://www.facebook.com/marina.dona.353","ඔව් ආගම් බේරේ ඇති කරන ඔය සක්කිලියාවට නිදහස් කරන්න එපා"
"Seiyammadu Ahamed","https://www.facebook.com/seiyammadu.ahamed","[Image Attachment]"
"Marina Dona","https://www.facebook.com/marina.dona.353","ඔය සිවුරු කාරයන්ට පුළුවන් නම් ඔය සිරු ගලවලා අයින් කරහං ඔය සක්කිලිටිකට ් ගූගල් එළවන්න ඕන"
"Rasika Mayakaduwa","https://www.facebook.com/rasika.mayakaduwa.3","[Sticker]"
"Rasika Mayakaduwa","https://www.facebook.com/rasika.mayakaduwa.3","[Sticker]"
"Luxman Wasantha","https://www.facebook.com/luxman.wasantha.71","[Sticker]"
"Milan Chaminda","https://www.facebook.com/milan.chaminda.5099","ඇත්තකියනකොට  සමහර අය හට රිදෙනවා හරියට එහෙඋනත් මොකො මට කටවට කරවැටබැන්දත් මේකයි  ඇත්ත"
"Nishantha Weelgamaga","https://www.facebook.com/people/Nishantha-Weelgamaga/61576375242648","[Image Attachment]"
"Nishantha Weelgamaga","https://www.facebook.com/people/Nishantha-Weelgamaga/61576375242648","[Image Attachment]"
"Subramaniam Thavakumar","https://www.facebook.com/subramaiam.thavakumar","Respect brother"
"Nishantha Weelgamaga","https://www.facebook.com/people/Nishantha-Weelgamaga/61576375242648","[Image Attachment]"
"Jihan Mahesh","https://www.facebook.com/jihan.mahesh","Respect brother 👍"
"Nishantha Weelgamaga","https://www.facebook.com/people/Nishantha-Weelgamaga/61576375242648","[Image Attachment]"
"Lasantha Silva","https://www.facebook.com/lasanthe.lasanthe.1","ඔවුන්ට නිකන් ඉදන් කාලා තෙලේ වරදක් කරලා නැත්තං එලියට එයි  🤦‍♂️🤦‍♂️🤦‍♂️"
"Nishantha Weelgamaga","https://www.facebook.com/people/Nishantha-Weelgamaga/61576375242648","අහින්සක මිනිස්සුන්ගෙ රැපියලේ ඉදල සුරගන කාල...කොල්ලො දුෂනය කරල...පංසට එන දරුවො දුෂනය කරල..අරක්කු ගහල..කුඩු .විකුනල...රටට..කුඩු කිලෝ දාස් ගනන් ..ගේන...මෙිි වගේ කුපාඩි ගන ගෙඩියන්ට...ගු ගහල එලවන්න ඔිිනෙ ..."
"Roshel De Fernandez","https://www.facebook.com/rosh.desilva.1","වීරයෙක් 😍😍😍"
"Dilru Dilru","https://www.facebook.com/people/Dilru-Dilru/61591353154376","Gunkan  ponnayek"
"Nishantha Weelgamaga","https://www.facebook.com/people/Nishantha-Weelgamaga/61576375242648","වනචාරි  .සෙටිි එක....මුන්ට වෙන වැඩක් නැනෙ..මිනිස්සු දෙන දානෙ කාල ...අහින්සක මිනිස්සුන්ටම..කෙලින වනචාරියො..එකෙන්ම...රෙස්පටිි ..කොන්ද පන ඇතිව..කාලකනි හිගන්නන්ට.කතා කරාට..."
"Bellamgamage Chandrani","https://www.facebook.com/people/Bellamgamage-Chandrani/pfbid02wBH2tjNKSSJ3BAZaTxrRcMw9YxoytyWzLKMjDrrhM194ctrU4YsubREhHZmtu7mRl","දෙමලු අවුස්ස ගන්න එපා පරකහකඩයො"
"Bellamgamage Chandrani","https://www.facebook.com/people/Bellamgamage-Chandrani/pfbid02wBH2tjNKSSJ3BAZaTxrRcMw9YxoytyWzLKMjDrrhM194ctrU4YsubREhHZmtu7mRl","පලපර බල්ල"
"Nimesh Rathnayake","https://www.facebook.com/nimesh.rathnayake.90","නියමයි..උං විතරයි හරි උං කරන ඒවට මිනිස්සු කට වහන් ඉන්න ඕනෙ..😡"
"Bellamgamage Chandrani","https://www.facebook.com/people/Bellamgamage-Chandrani/pfbid02wBH2tjNKSSJ3BAZaTxrRcMw9YxoytyWzLKMjDrrhM194ctrU4YsubREhHZmtu7mRl","කහකඩයො උබලට කවදතහරි අනුරටව  දින්න වෙනව"
"Bellamgamage Chandrani","https://www.facebook.com/people/Bellamgamage-Chandrani/pfbid02wBH2tjNKSSJ3BAZaTxrRcMw9YxoytyWzLKMjDrrhM194ctrU4YsubREhHZmtu7mRl","ගබලපල්ල තියෙන පෝන මේවයින් තමය් මුන් කර්න්තරමක් අපරාද කර්න්නෙ"
"Nayanajith Kolonne","https://www.facebook.com/people/Nayanajith-Kolonne/pfbid0BWUeMgTL8B5t1tc4DsGXRyZDuYb9BCjPAqFV5J1L9f6xeSGKS1XYquVRjtHvieVZl","Respect brother"
"Nimesh Rathnayake","https://www.facebook.com/nimesh.rathnayake.90","නියමයි..උං විතරයි හරි උං කරන ඒවට මිනිස්සු කට වහන් ඉන්න ඕනෙ..😡"
"Bellamgamage Chandrani","https://www.facebook.com/people/Bellamgamage-Chandrani/pfbid02wBH2tjNKSSJ3BAZaTxrRcMw9YxoytyWzLKMjDrrhM194ctrU4YsubREhHZmtu7mRl","මුන්ට පාත්තරෙ ව්‍ය්හරක් අතටදීල  අනිත් සැප ඔක්කොම නැති කරන්න ඕනි පරය්න්ගෙ"
"Madushan Harsha","https://www.facebook.com/madu.madu.547","සුපිරි ඈ ❤️❤️❤️"
"Bellamgamage Chandrani","https://www.facebook.com/people/Bellamgamage-Chandrani/pfbid02wBH2tjNKSSJ3BAZaTxrRcMw9YxoytyWzLKMjDrrhM194ctrU4YsubREhHZmtu7mRl","ගුටිකාල  මැරෙන්න වෙන්නෙ කහකඩයන්ට"
"Shan Gamage","https://www.facebook.com/shan.gamage.7","[Sticker]"
"Bellamgamage Chandrani","https://www.facebook.com/people/Bellamgamage-Chandrani/pfbid02wBH2tjNKSSJ3BAZaTxrRcMw9YxoytyWzLKMjDrrhM194ctrU4YsubREhHZmtu7mRl","මුන් එලවල දාමු"
"Bellamgamage Chandrani","https://www.facebook.com/people/Bellamgamage-Chandrani/pfbid02wBH2tjNKSSJ3BAZaTxrRcMw9YxoytyWzLKMjDrrhM194ctrU4YsubREhHZmtu7mRl","නියමය් මල්ලි ගහප්න් කහඩයට"
"Chandu Sadesh","https://www.facebook.com/profile.php?id=100027723032027","කොන්ද කෙලින් මනුස්සයෙක් 👍"
"Dinesh Jay-z Fdo","https://www.facebook.com/Gangztamally","මුන් ඔක්කොම රාජපක්ෂ නිකායෙන් සිවුරු දාපු උන්"
"Lakmal Ruwan","https://www.facebook.com/lakmal.ruwan.9929","සුපිරි පිරිමියෙක්"
"Sujith Sanjeewa","https://www.facebook.com/people/Sujith-Sanjeewa/pfbid02z5F1eS9hGde9R15oUye7ZBBvQ61pE8eCG7jBeUVSSk8VMkqG1Lj7CdoTkND5oS3ol","[Image Attachment]"
"Najeema Samoon","https://www.facebook.com/najeema.samoon","Hats off 👍👍👍👍👍👍"
"Luwi Maxwel Donkarage","https://www.facebook.com/luwimaxwelfernando.donkarage","[Sticker]"
"Luwi Maxwel Donkarage","https://www.facebook.com/luwimaxwelfernando.donkarage","[Sticker]"
"Luwi Maxwel Donkarage","https://www.facebook.com/luwimaxwelfernando.donkarage","[Image Attachment]"
"Luwi Maxwel Donkarage","https://www.facebook.com/luwimaxwelfernando.donkarage","[Image Attachment]"
"Luwi Maxwel Donkarage","https://www.facebook.com/luwimaxwelfernando.donkarage","[Image Attachment]"
"Nirosh Kasthurige","https://www.facebook.com/kasthuri.kasthuri.1272","Respect brother"
"Indu Madu","https://www.facebook.com/people/Indu-Madu/pfbid03646QsLq1cUF6UgH4HjkzpjyieRgfoJ9pWY2b9tVLkoiJSLTKD2sqH4HEPZUowVLdl","පොරක් 🔥🔥🔥🔥"
"Dilshani Dewmini","https://www.facebook.com/dilshani.dewmini.637775","ඔය කසාවත දාගත්ත කාලකණ්ණියා....රාජපක්ෂලාගේ ඇටෙ ඉදන් ලෙවකාපු පොන්නයේක්....දැන් කොයි ඔකගේ ගෙවතු...අර්මී එකේ කොල්ලෝ දාගෙන මැඩෙවුවා ඔය පොන්නයා...ඔය කාලකණ්ණි චීවරේක වටිකම දන්නේත් නැහැ...යුනිෆෝමි එහෙක වටිනාකමක් දන්නේත් නැති අමන හිවල්ලු ඔකුන්"
"Tharushan Chamath","https://www.facebook.com/dhammika.ruwan.967","Respect  brodher"
"Nvk Vithanage","https://www.facebook.com/nvk.vithanage.9","සුපිරි සහොදරයා"
"Dinujaya Yohan","https://www.facebook.com/dinujaya.yohan.37","Respect ❤️"
"Nuwan Charitha","https://www.facebook.com/nuwancharitha2244","respect 🩵"
"Damayanthi Kumarasingha","https://www.facebook.com/damayanthi.kumarasingha.2025","අතිව්ෂිස්ටයි  සර්"
"Ranga Alawaththegama","https://www.facebook.com/ranga.alawaththegama.1","[Sticker]"
"Onadi Madushika","https://www.facebook.com/onadi.madushika","Respect"
"De Silva De Silva","https://www.facebook.com/desilva.desilva.16568548","Respect brother  🙏"
"Senarath Pushpakumara","https://www.facebook.com/people/Senarath-Pushpakumara/pfbid02oBF6nq92dh6khu7SLATxcXLiN56hscA6vD3ZTMYL7dwg1q7Ws3k6oBFpozFVME7pl","Best."
"Dinith Prasanga","https://www.facebook.com/dinith.prasanga.107231","ඔහු හාමුදුරුවෝ නමක් නෙමෙයි , ඔහු හිරෙ යන්නම ඕන"
"Traditional Helaayuweda","https://www.facebook.com/traditional.helaayuweda","යස කතාව..සිවුරු රදවන යන්ට.."
"Manike Wikcramasighe","https://www.facebook.com/menikewickramasinha.kandy","[Sticker]"
"MA Pradeep Wijewardhana","https://www.facebook.com/people/MA-Pradeep-Wijewardhana/pfbid02SoorB8n1hFARrKqPY4XcfzuEq2o7s9WqzxzYeBM94MCyEGpCBfQH3ehDBywjPAx8l","Respect brother"
"Dinith Prasanga","https://www.facebook.com/dinith.prasanga.107231","ඔහු හිරෙ යන්නම ඕන"
"සුසිල් කුමාර","","[Image Attachment]"
"Irantha Senavirathna","https://www.facebook.com/iranthab","Superb"
"Maneesha Mudali","https://www.facebook.com/people/Maneesha-Mudali/100082598381713","ඥානසාර අච්චු ගහලා හිරේ තියන්න ඕනේ, විෂබීජ සමාජයත් එක්ක මුසු වෙන්න දෙන්න හොද නෑ @followers @highlight"
"Chrize G Gamage","https://www.facebook.com/people/Chrize-G-Gamage/100071591315909","කටේ සද්දෙන් කිව්වහැකි මොලේපුකට බැහැපු නාකියෙක් කියලා 😂😂 ඥානසාර හාමුදුරුවෝ හිරේ යන්න හරි හේතුව කියාගන්න බෑ. ටොං පච කෙලින්නෙ.  ඉස්ලාම් අන්තවාදය නැගීගෙන එනකොට ඒවා හෙලි කරාම, ඒවට එරෙහිව සටන් කරාම ඉස්ලාම් අන්තවාදීන්ට කේන්ති ගියානම් ඒකට ඥානසාර හාමුදුරුවෝ වැරදි නෑ බූරුවො 😂😂 වැරැද්ද උං අදහන ඉස්ලාම් අන්තවාදය කියල තේරුම්ගන්න මොලයක් නැති උනාම ඔහොම තමා 😂"
"Sithara Wanninayaka","https://www.facebook.com/vd.wanninayaka","Respect ❤️💪"
"Chaminda Pushpakumara","https://www.facebook.com/profile.php?id=100003100914425","නියමයි... ශ්‍රමණ වේශධාරියාට ආමන්ත්‍රණය කරපු විදිය"
"Dinesh Madhusanka","","Niyama porak♥️♥️🫡"
"Hasni Nizamdeen","https://www.facebook.com/hasni.nizamdeen.7","[Image Attachment]"
"Bandula Ranasinghe","https://www.facebook.com/people/Bandula-Ranasinghe/pfbid0xkuUXzVPmjxsPooHMxG11z8eyZ7k3h1TgBxKSd7uzw1jBmEwmqffkHkCZk62uSpul","ජනාධිපතිතුමාට චන්දෙ දුන්නේ ගරු අධ්කරණය මගින් වැරදිකරුවන්ට ලබාදෙන දඩුවම් නිදහස් කිරීමට නොවේ"
"Chaminda Pemarathna","https://www.facebook.com/people/Chaminda-Pemarathna/pfbid0368TkkDNtuXcDmgR8JLr3aAPJ3o4Abnne5SWH5dJLuYYeQ9C2Efm8dHuhkC79T8cQl","Great."
"Arawinda Senanayaka","https://www.facebook.com/pubudukrishantha.arawinda","නියමයි කොල්ලෝ"
"Kavindu Dilshan","https://www.facebook.com/people/Kavindu-Dilshan/pfbid02kk9JmkP7LqEqXxTypfPq5yFpRQ2sSSVKsW1om2ZL9sUG1n5V4JaV1uDxR7aiA8e8l","නියම සිංහලයෙක් ❤️"
"Mhk Fashionn","https://www.facebook.com/people/Mhk-Fashionn/pfbid0263Dmqi3sn3dVxUn3xkSdrivnr8ch7qD7fFhabhNfLnx9PcBiPLDwjxXKRRQ2Uqrml","[Image Attachment]"
"Marita Holdenbottle","https://www.facebook.com/marita.holdenbottle.7","Respect him 👍💪🔥🇱🇰❤️"
"Mhk Fashionn","https://www.facebook.com/people/Mhk-Fashionn/pfbid0263Dmqi3sn3dVxUn3xkSdrivnr8ch7qD7fFhabhNfLnx9PcBiPLDwjxXKRRQ2Uqrml","[Sticker]"
"Madushanka C Sampath","https://www.facebook.com/people/Madushanka-C-Sampath/pfbid08XAHr3gzoTmQHXcku2byjECXMYv88bAkyDV4kzpERJ5hnCRzyizYzuXL4ZEKVC1sl","නියමයි 👍👍👍👍👍👍👍👍"
"Chandima Jayamanna","https://www.facebook.com/people/Chandima-Jayamanna/pfbid02uSawP79DKbHQXAi4bDyY7PPN5KUCY3tc678wiPtWNMafqDNDR6JMLkvsbdgmKMeMl","රස්කපක්ෂ පුක දාන්න එක්ක නිල් කට්ටරොඩු"
"Neshantha Demel","https://www.facebook.com/people/Neshantha-Demel/pfbid0prSZXC7WUYSPzCr1RH1LPZCjEnFuS6gRCWiqamWed42inboGTPVLApQbE6Z5eAbBl","[Sticker]"
"Neshantha Demel","https://www.facebook.com/people/Neshantha-Demel/pfbid0prSZXC7WUYSPzCr1RH1LPZCjEnFuS6gRCWiqamWed42inboGTPVLApQbE6Z5eAbBl","[Sticker]"
"Yúví Yúrâj Kaiz","https://www.facebook.com/yuraj.kaiz","Respect 🫡 brother"
"Dineshi Sajeewani","https://www.facebook.com/people/Dineshi-Sajeewani/pfbid05HeVa4oxnkgL9tmSrnmA6D3Uk1ejtMktDe8Er9L6A7yiarB2gM6NgWLdtyVFmpXgl","Respect brother"
"Sivaguru Suppiah","https://www.facebook.com/sivaguru.suppiah.2025","Niyamai brother goad blease you"
"Mohamed Kiyas","https://www.facebook.com/kiyashaneefa.kiyas","Respect bro 🙏 💯"
"Samarathunga Kalupahana","https://www.facebook.com/samarathunga.samarathunga.292214","අනිවාර්යයෙන්ම සහෝදරයා කතාව ඇත්ත. ඥණසාර හිරේ යන්නම ඕන."
"හිමදි ලෙහාන්සා","https://www.facebook.com/people/%E0%B7%84%E0%B7%92%E0%B6%B8%E0%B6%AF%E0%B7%92-%E0%B6%BD%E0%B7%99%E0%B7%84%E0%B7%8F%E0%B6%B1%E0%B7%8A%E0%B7%83%E0%B7%8F/pfbid02Yf8AYpjn8qv4MSqTeRKkFxoBWPvYXupyyDQ7whcZRnbzeKVnghwv7ovsZ2cNwXfbl","මුන් හෝර ගනයෝ"
"Chandima Jayamanna","https://www.facebook.com/people/Chandima-Jayamanna/pfbid02uSawP79DKbHQXAi4bDyY7PPN5KUCY3tc678wiPtWNMafqDNDR6JMLkvsbdgmKMeMl","❤️❤️❤️❤️"
"Gayan Chathuranga","https://www.facebook.com/gayan.chathuranga.354021","Respect"
"Veshan SahanjiTh DunUwila","https://www.facebook.com/veshan.sahanjith.5","තිත්තගල්ලේ pnny ට ඥානසාරගේ  කට්ට ගන්න අවස්ථාවට ඉඩ හරිමු"
"Sandamali Gallage","https://www.facebook.com/sandamali.gallage.7","නියම ජාතික වීරයෙක් ..👈💐💐"
"Jude Samantha Soza","https://www.facebook.com/people/Jude-Samantha-Soza/pfbid0ZpBSVigfRtBLcbs7mzhG18S9jXznkfHfdTt3LSRz3LLW2zCBE9Tx6drb6A5rWkZXl","Good"
"Udaya Jayasinghe","https://www.facebook.com/people/Udaya-Jayasinghe/pfbid02ckYgmRXpQukAga9fkHV2f317YPqaWqj4yMkK472B2HiupaeP5BsianLagJ53xU1Zl","Respect"
"Aar Rahman","https://www.facebook.com/aar.rahman.2025","Super hero"
"Kp Sooriya","https://www.facebook.com/people/Kp-Sooriya/61566165041976","[Image Attachment]"
"Nafees Mohemed","https://www.facebook.com/nafees.mohemed.5","Respect ✅"
"Nuwan T Gamlath","https://www.facebook.com/tharindu.g.nuwanjana","ගහලා පන්නන්නෙ මං එහෙම හිටියනම් චීවර වැඩක් නෑ කාලකන්නි"
"Roshan T. H. Samath ","https://www.facebook.com/roshanthsamath","කොන්ද පන තියන සුපිරි සහෝදරයෙක් 🙏👍❤️🌹💯%ඇත්ත"
"Chrize G Gamage","https://www.facebook.com/people/Chrize-G-Gamage/100071591315909","Roshan T. H. Samath කටේ සද්දෙන් කිව්වහැකි මොලේපුකට බැහැපු නාකියෙක් කියලා 😂😂 ඥානසාර හාමුදුරුවෝ හිරේ යන්න හරි හේතුව කියාගන්න බෑ. ටොං පච කෙලින්නෙ.  ඉස්ලාම් අන්තවාදය නැගීගෙන එනකොට ඒවා හෙලි කරාම, ඒවට එරෙහිව සටන් කරාම ඉස්ලාම් අන්තවාදීන්ට කේන්ති ගියානම් ඒකට ඥානසාර හාමුදුරුවෝ වැරදි නෑ බූරුවො 😂😂 වැරැද්ද උං අදහන ඉස්ලාම් අන්තවාදය කියල තේරුම්ගන්න මොලයක් නැති උනාම ඔහොම තමා 😂"
"Chaminda Ranbandara","","සුපිරි   අයියා   මාගෙ  බුදු  හමුදුරුවන්ටත්  නිගා  කරන ඔකුන්   ගහලා  පන්නන්න  ඔනි"
"Premal Silva","https://www.facebook.com/premalsilva.silva","👍"
"Dinusha Sampath","","niyama porak💚🫡"
"Manoj Kumara Jayalath Jayalath","https://www.facebook.com/manoj.kumara.jayalath.jayalath","ෆට්ට කොල්ලො❣️❣️❣️❣️"
"Saman Bandara","https://www.facebook.com/people/Saman-Bandara/pfbid031mrnKSgBb8m3VDqVeEabRshbRdj1H8Pd7t7pZaWEASgTkotmHhMUT7NtwVkVX4JWl","Ok"
"Dilshan Edirirathna","https://www.facebook.com/dilshan.edirirathna.2025","එලවන්න ඔන ඔක්කොම"
"Salhan Nasry","https://www.facebook.com/salhan.nasry.5","Respect brother"
"Anusha Anusha","https://www.facebook.com/people/Anusha-Anusha/pfbid02HA77sE7wxgg6jeij2uZEs8A6evNAikbVSzcBJ1VcfoYMS4LVygL6LRPr1wz6wGx4l","[Sticker]"
"Jagath Gamini","https://www.facebook.com/jagath.gamini.96","ඔට්ටුයි අනුරයාගෙ ගොලයෝ ඔය එන්නෙ 🤣🤣"
"Aruna Rathnayake","https://www.facebook.com/aruna.rathnayake.301145","නියම කොල්ලෙක් හොර චිවරදාරි බල්ලෝ නියම බික්සුව විනාස කරන පිංපියෝ"
"Gold Sky","https://www.facebook.com/people/Gold-Sky/61574706038667","Aruna Rathnayake ai ube ammata marakkalek ariyada thota therei marakkalayo meke raja unu dawasata thige agita ari denatamath ariwa thi"
"Dimuthu Lakmal","https://www.facebook.com/dimuthu.lakmal.98031","Respect brother 💗💗"
"M Akram Akram","https://www.facebook.com/m.akram.akram.380021","Nice 👍"
"Lasantha Wijerathna","https://www.facebook.com/lasantha.wijerathna.313337","බලාගෙන බයිසිකලයෙන් පලයන්."
"Harshani Kularathna","https://www.facebook.com/people/Harshani-Kularathna/100092635597381","අනුරාධපුර 💪"
"Harshani Kularathna","https://www.facebook.com/people/Harshani-Kularathna/100092635597381","Respect brother 🫡"
"Anuradha Liyanage","https://www.facebook.com/anuradha.liyanage.468398","ජයවේවා"
"Nishantha Herath","https://www.facebook.com/nishantha.herath.902373","Respect brother"
"Chinthaka Madushan","https://www.facebook.com/chinthaka.madhushan.7","නියමයි සහොදරයා ❤️"
"Miamix Street food","https://www.facebook.com/people/Miamix-Street-food/61580060702269","මේ අවුරුදු 5 කියනේ 76 වසරක සාපය වගේ නෙවි බුදු හාමුදුරුවෝ වැඩ උන්නනාම උන්නාන්සෙත් හිරේ දානවා 🤣 හොරි කහනකොට සනීපයි පස්සේ තම දැවිල්ල"
"Lkn Boss Lkn Boss","https://www.facebook.com/lukman.842518","Miamix Street food Nanasara kiyanne srathawadiyek tamil kattiyage kotiya wage muslim kattiyage sahran wage"
"Samantha Kumara","https://www.facebook.com/samanthekumara","සිවුරු පොරක්"
"Hak Perera","https://www.facebook.com/hak.perera.2025","නයමයි"
"Yuraj Ranasinghe","https://www.facebook.com/yuraj.ranasinghe.2025","[Sticker]"
"Kpi Darsha","https://www.facebook.com/people/Kpi-Darsha/pfbid0BAPBMdDu9JR7qHBm1UDhNViX99zujvxez4H6hm2ZYirxC4Hm9VP7PQ5D3qzMS29al","අඩෝ කැරියෝ තොපේ මහා එකා අනුරයා තමා ජතිවාදියා පකෝ තේරූම් ගනින් පකයෝ ⁣තොපිවාගේ කැරියෝ නිසා අපේ ආගම විනාසවට පත්වෙනවා ඒක ගෝතයෝ දේශපාලන කෝණේන් බලන්න එපා වෙිසීගේ පු⁣තෝ තෝ ඉන්නෙත් පූජා භූමියක තෝ කැරියාගේ මේ කල්ලතෝනි ක්‍රියාවට කමේන්ට් දාලාතිබේන්නෙත් දේශපාලන කෝණයෙන් තම ආගම දෙසබලන කල්ල තෝණි වෙිසිගේ පුතාලා තෝපිවගේ කැරි සිංහල දෙමළ කවලමට ජාතක වෙිච්ච කැරි සක්කිලි හැත්ත තොපිලා කාගේන් බේරුණාත් සොබාධර්මයෙන් බෙිරිය නොහැක"
"Anula Surasinghe","","Oya horata  siwura  dhagena  RATATH,  JATHIYA AGAMA  wikunagana  kanna  okunta  DHAKA DHKAKA THANA LABUNU AWASTHAWA  PRAYOJANAYATA ARAGENA GAHALA PANNANNA OONA. NIYAMAI. 👍👍👍👍👍👍👍❤❤❤❤❤❤"
"Mhd Razzaq","https://www.facebook.com/mhd.razzaq.2025","One man with a back bone."
"Nishantha Kumara","https://www.facebook.com/nishantha.kumara.96434","Raspt"
"Ssr Kelum","https://www.facebook.com/ssr.kelum","Great"
"Nishantha Kapila","https://www.facebook.com/lal.priyantha.5","Ela ela bro"
"Senaka Bandara","https://www.facebook.com/senaka.bandara.331193","MU. KAREI. SHNHALAYEAK"
"Dinidu Oshan","https://www.facebook.com/dinidu.oshan.2025","Ala"
"Rasika Liyanage","https://www.facebook.com/rasika.liyanage.319","Supir mcho"
"Ali Alithamby","","Well said. Presidential pardon is not for sale in Pitakotuwa pavement"
"Mahesh P Mullavithana","https://www.facebook.com/profile.php?id=100007236161318","Great Man"
"Tabby Cat","","There is never a peaceful time in this country sadly. Always some issue. Either the govt is creating stressful issues to the people or the people are doing mad things. These kind of monks are the  worst unfortunately.  They don't act what they preach. You have to be very careful who you follow!  Every town every city some issue.  This land is cursed!"
"Mohammed Shameer","https://www.facebook.com/mohammed.shameer.5011","Respect for the your guts"
"Kumari Herath","https://www.facebook.com/kumari.herath.583755","Supire bro"
"Mohammad Irshad","https://www.facebook.com/people/Mohammad-Irshad/pfbid0H64qcBjYt1U2VEv8mEE8YJgPSsAbJTyuZEpesYgF8gtwYgTKjWH5m1nfwVH9RmqPl","Super bro be  careful"
"Junior Cr","https://www.facebook.com/cr.faslan","Good person 🫰🏻🩵🤲🏻"
"Prasad Fernando","https://www.facebook.com/people/Prasad-Fernando/pfbid031EJCgsZKHqZ1DPXTNNpN4c4qg5hrX1Mzq7RdwqBtE2FizKpFwyauLKe3ty9QaK3Pl","Super"
"Thilani Rathnasekara","","Great"
"Pushpa Kumara Priyadarshana","https://www.facebook.com/pushpakumara.priyadarshana","Ela mach....."
