User Name,Profile Link,Comment
"MAKO - මැකෝ","https://www.facebook.com/people/MAKO-%E0%B6%B8%E0%B7%90%E0%B6%9A%E0%B7%9D/100035028411710","@top fans"
"Kumara Buddika","https://www.facebook.com/people/Kumara-Buddika/pfbid0TZbzTLF6vGKe6vCEdVDA28NtJBVbEKtmSx1wHryx17t6cqYRFz34r9bmALdJUpxAl","MAKO - මැකෝ කවුද  යකොාාාාාාා් ...බණ.කියන්නේ....🤣🤣🤣🤣🤣🤣🤣🤣🤣🤣🤣🤣🤣🤣🤣🤣🤣"
"Anu Gamage","https://www.facebook.com/people/Anu-Gamage/pfbid0XYFnwNF7duFey1qqkzPfDxc3VfA3BacYfziY5d8riSn7Gdnr9SfBcmB7Vb1mgbzxl","එක එක අවස්ථාව හැටියට වාසි ලැබෙන කතා කතාකරන්න අවජාතකයෙක්් වගේ"
"MAKO - මැකෝ","https://www.facebook.com/people/MAKO-%E0%B6%B8%E0%B7%90%E0%B6%9A%E0%B7%9D/100035028411710","Anu Gamage 😌😌"
"GR Sanjaya","https://www.facebook.com/sanjaya.rohana.5","Anu Gamage 🔥🔥 වචනේ"
"Rahal Ravindu","https://www.facebook.com/people/Rahal-Ravindu/pfbid02kSTF4d2vTrYvSVVZ6DeTr4JzEZqBxpEdbd8CqvPeBPbjDwfDYiLDdUo9nGstmtZcl","Anu Gamage mu e walawe oy kathawa kiyanne kauru issarahada blanna nokiya kiyanne mahindalage wada walata agili gahanna epa kiyala u hithuwe na balaya nathi wei kiyala"
"Upul Nisanka","","මූ ඇත්ත කියපු කාලෙකුත් තිබිල තියෙනව.මේ ඔය කතාව උබට දැන් හරියටම හරි.උබම කියපු කතාව උබටම ආදර්ශයට ගන්න වෙනව."
"Dimuthu Dhanushka","","Upul Nisanka sirawtama eka thma une"
"Pūñsàrá Dhåñûshkã Såmpâth","https://www.facebook.com/punsara.dhanushka","මූට හෙන ගහන්න එපැයි දිව දෙකේ කතා වලට🤣😂🤣"
"MAKO - මැකෝ","https://www.facebook.com/people/MAKO-%E0%B6%B8%E0%B7%90%E0%B6%9A%E0%B7%9D/100035028411710","Pūñsàrá Dhåñûshkã Såmpâth 😁"
"Viraj Ihalagamage","https://www.facebook.com/people/Viraj-Ihalagamage/pfbid02kS1uXp1pkbxrirfPcwji7Td5xnWzV1ZwH8L18rBjJCby9aLciEkMHueggZb3agxQl","Pūñsàrá Dhåñûshkã Såmpâth මුගේ දිව කපල පුකේ ගහන්න වටින්නෙ පකයා"
"Gayan Gaiya","https://www.facebook.com/people/Gayan-Gaiya/pfbid02DTWYPvdD5D8cEoj8Un9w8hpNwjjKPPcB5T6opKaLWp1RYMFu8zGd4aRdGJ6kyPKol","මු ඇත්ත කියනවා නෙ බොල"
"Dilan Rathnayake","https://www.facebook.com/people/Dilan-Rathnayake/100008414023220","M Nandarama Himi 😪"
"Mks Mihiran","https://www.facebook.com/mks.mihiran","මුගේ මූණ දැක්කම පේනවා තක්කඩියෙක් කියලා."
"Lakmal Bandara","https://www.facebook.com/lakmal.bandara.965","තට්ටෙ ගාගෙන ගොට්ට ඇල්ලිම  🤮"
"Saheed Husseini","","01  රට ගිහින් එනකොට අර කුඩු ගෙනාපු හිමිවරුන් 22 දෙදෙනාගේම සිව්ර ඉවත් කල යුතු යන මතය දැරූ අය ඤානාසාර හාමුදුරුවනට ඵ් මතය නොදැරිම  කාරනය කුමක්ද  02 ලෝකයේ අනෙක් රටවලත් මේවගේ ප්රහාරය  සිදුවෙලා තියනවා .පාස්කු ප්‍රහාරය  ඉතා සුලු දෙයක් යයි පාස්කු ප්‍රහාරය  හෑල්ලුවට  ලක් කල ඤානාසාර හිමි  උසාවියට අපහස කල වරදට දඩුවම  ලබා උසාවියෙන්  පිටට පැමිණ මුස්ලිම් අන්තවාදින් ස්ථාන 100 කට ගහන්න  හිටියේ කියලා කිව්ව එකට කව්රුත් මොනවත් කථා කලේ නැහැ නේද  03 අලුත්ගම  එකෙක් කුඩා දරුවෙකුගේ ජුන්ටා  මිරිකුවා  කියලා විශාල කලබල කල ඤානාසාර හිමි  මාගල් කන්දේ හිමි ජපානයේදී ජුන්ඩාව  කටට ගන්න කොට කථා කලේ නැහැ නේද  මුස්ලිම්වරුන්ගේ ලමා විවාහය ගැන කථාකල අය අටමස්ථාන  හිමිගේ ලමා දුෂණය  ගැන කථා කලේ නැහැ නේද  04 අච්චු ලබා සිරදඩුවම් විදින අනෙක් හිමිවරුන් 63 ගැන කථා කලේ නැහැ නේද  මේවට තමයි කියන්නේ දේශපාලන  ඇජන්ඩා  පරාජිතයාගේ  අවසාන තුරුම්පුව  ජාතිය හා ආගම"
"Muditha Kodippili","https://www.facebook.com/MudithaKodippili","Saheed Husseini එහෙමයි හාන්දුරුවනේ"
"Pradeep Hirusha","https://www.facebook.com/profile.php?id=100003849890703","Saheed Husseini ඔබේ ප්‍රශ්නවලට පිළිතුරු: 1 කුඩු ගෙන ඒම අපරාධමය ගණයේ වරදක්. ඤානාසාර උසාවියේදි හා පිටතදි බැණ වැදීම එවන් වරදක් නොවේ. එය නීතිමය වරදක්, මිස අපරාධයක් නොවේ. 2. මුස්ලිම් අන්තවාදීන් තමා පාස්කු ප්‍රහාරය කළේ. ඤානාසාර මෙවන් දෙයක් විය හැකිව තිබූ බව කියුවා. නැත්තන්, ඤානාසාර ඕනකමට උන් මරාගෙන මැරෙයිද? 3. කුඩා දරුවාගේ ජුන්ඩා මිරිකීම අපරාධමය ගණයේ වරදක් සහ ළමා අතවරයක්. කොල්ලෙක්ගේ ජුන්ඩා කටට ගැනීම නීතිමය වරදක් නෙවෙයි.  අටමස්ථානාධිපති කුඩා දරුවෙක් අපහරණය කළා කියා ඔප්පු වුවහොත්, දැඩි දඬුවම් දිය යුතුයි වගේම භික්ෂුත්වයෙන් නෙරපිය යුතුයි. නීතිමය කටයුතු ඉක්මන් කළ යුතුයි. 4. අච්චු ලබා ඉන්න හැම එකා ගැනම කතා කරන්න ගියොත් වෙන වැඩක් නෑ. ඤානාසාර ප්‍රසිද්ධ සහ යම් කණ්ඩායමකට නායකත්වක් දෙන ( මම ඒ කණ්ඩායමේ නැහැ ) පුද්ගලයෙක් නිසා තමයි ඒ ගැන විශේෂ කතිකාවතක් ගොඩ නැගුනේ."
"Sunil Wickrama","https://www.facebook.com/banka.wickrama","Saheed Husseini kudu genapuwage waradakda me hamuduruwo kale koti ganita kotigani kiyapu eka boruwakda"
"Warnakulasuriya Alex","https://www.facebook.com/warnakulasuriya.alex","හුටා තිත්තගල්ලේ   කන්න ඔන උනාම කබරගොයා තලගොයා කර ගැනීම"
"Lali Sri","https://www.facebook.com/people/Lali-Sri/pfbid02sVZ73pGg8v3FHHXJjmYeYcJ2YyuFjAhHCcyH3S9qiPfYgph5DsgiiD29fyvzpmW7l","Opportunity hunter..."
"Sudarshana Samaranayake","https://www.facebook.com/profile.php?id=100006886635503","ඇත්තෙයි තිත්තේ"
"MAKO - මැකෝ","https://www.facebook.com/people/MAKO-%E0%B6%B8%E0%B7%90%E0%B6%9A%E0%B7%9D/100035028411710","Sudarshana Samaranayake 😁"
"Punsiri Silva","https://www.facebook.com/punsiri.silva.9","එක බයියෙක් නැහැ හොයාගන්න😁😁"
"Sihina Prince","https://www.facebook.com/sihina.prince.398966","Punsiri Silva un hangila bn 🤣"
"Thakshina Dineth","https://www.facebook.com/thakshina.dineth.9","මේකට මූවම mention කරන්න බැයිද?"
"Pasindu Samaraweera","https://www.facebook.com/pasindu.manahara.1","මුගේ කට කන්න එපැයි 😂😂😂😂😂😂"
"Piyal Kithsiri Gunarathna","https://www.facebook.com/piyal.gunarathna","කිසිම ප්‍රතිපත්තික් නැති එදා වෙල ඩැල් එක 😁😁😁😁"
"Krishantha Ruhunage","https://www.facebook.com/krishantha.ruhunage.2025","තිත්තේ.... උඹ කවදද මහණ දම් පුරන්න වැලිකඩ යන්නෙ 🥸🥸🥸"
"Ashan Bike Sale","https://www.facebook.com/ashanbikes","Tattaya 😂"
"MAKO - මැකෝ","https://www.facebook.com/people/MAKO-%E0%B6%B8%E0%B7%90%E0%B6%9A%E0%B7%9D/100035028411710","Ashan Bike Sale 😁"
"Naveen Duminda Bandara","https://www.facebook.com/NaveenDuminda","මේ ගොඩක් උන් ඇත්තටම ජාතිවාදී නෙවේ මුන් අවස්ථාවාදි බඩගොස්තරයො😂"
"Kalan Kalansooriya","https://www.facebook.com/kalan.kalansooriya","ඒකාලෙ නම් කටින් බන කියලා තියෙන්නෙ"
"Migara Kaluarachchi","","සාදූ සාදූ"
"නිශ්ශංකමල්ල ගල්කාස්ටක II","https://www.facebook.com/people/%E0%B6%B1%E0%B7%92%E0%B7%81%E0%B7%8A%E0%B7%81%E0%B6%82%E0%B6%9A%E0%B6%B8%E0%B6%BD%E0%B7%8A%E0%B6%BD-%E0%B6%9C%E0%B6%BD%E0%B7%8A%E0%B6%9A%E0%B7%8F%E0%B7%83%E0%B7%8A%E0%B6%A7%E0%B6%9A-II/61591342625866","ගෞතම බුදුරජාණන් වහන්සේ එහෙම කිව්වේ සිල්වත් භික්ෂුන් ගැන. සිවුරට මුවාවුන වල් මිනිසුන් ගැන නෙමේ"
"Asanka Viraj","https://www.facebook.com/asanka.viraj.56","එහෙම කියපු උන්නාන්සේට මොකද උනේ"
"Nuwan Chamara","https://www.facebook.com/nuwan.chamara.587745","Asanka Viraj aka aththa"
"Rathanathissa Heraliyawala","https://www.facebook.com/rathanathissa.heraliyawala","යකො මෙහෙම දිව දෙකෙ මිනිහෙක් 😕"
"Bamunuge Wimalarathna","https://www.facebook.com/bamunuge.wimalarathna.2025","මුගේ කටට රෙන්න ඔින"
"Miyuru Udesh Chandrarathna","https://www.facebook.com/miyuru.udesh.chandrarathna","තිත්ත උනත් ඇත්ත නේද 😂"
"Nimal Premachandra","https://www.facebook.com/people/Nimal-Premachandra/pfbid08rPBXRSdiK6d4aETxzfHLdxEwRA4e3NRYcjZ83HHz4cxHoZQAtkFtzp3hvnjnfaCl","දැනට  තෙරැ"
"Akila Lakmal","https://www.facebook.com/akila.lakmal.750983","වැදි බණ කියන්නෙ මේවට.😂😂"
"Tharindu Viduranga","https://www.facebook.com/viduranga.vidmaxvidhu","Chamindu Jayalath බණ වෙනස් වෙනවද ?"
"Dinuk Nisha","https://www.facebook.com/dinuknisha","ඒ කාලේ කෙලින් ගිහිල්ලා දැන් හරහට යන සීන් එකක් තියෙන්නේ"
"Saman Rodrigo","https://www.facebook.com/people/Saman-Rodrigo/pfbid037f9BtV9CG5Tr3yVidfEhaGjoMZvoszkBv5DuKxNYw2UL3abaS2Sv3Jj3JqYUKRrul","පස්සේ පුද්ගලික වාසිවලට වලට හෝ සල්ලි වලට වෙනස් වෙලා."
"Chinthaka Kularathna","https://www.facebook.com/tlchinthaka","🌷🌷  රාජපක්ෂ නිකායෙ බන"
"සින්දු බිංදු","https://www.facebook.com/sindubindu0","වාසියට කථාව . මුන් හාමුදුරුවෝ ද? බුදු බන වාසි ගන්න පාවිච්චි කරනවා 🤮🤮🤮🤮"
"Buddika Arunapriya","https://www.facebook.com/buddika.arunapriya.3","දිව දෙකේ හිකනල් ඝනයා😂"
"Wenura Dhananjaya","https://www.facebook.com/wenura.dhananjaya","ඊට පස්සෙ මෙයා project manager කෙනෙක් උනා..සරලයි 😂"
"Kamal Chami","https://www.facebook.com/kamal.chami.18496","දැන් බන වෙනස් වෙලාද මෙයාගෙ"
"Kasun Malinda","https://www.facebook.com/people/Kasun-Malinda/pfbid02K2mjVpe73i3QoSr53igU7nK8gcEHEFeGz9E1yvCWbRNGsL8yqg9arjR2uQ14JpR2l","Ktt renda one තට්ටයගෙ😂💩"
"Chaminda Kodithuwakku","https://www.facebook.com/chaminda.kodithuwakku.1000","Toth maranna ona buruvek tama"
"MAKO - මැකෝ","https://www.facebook.com/people/MAKO-%E0%B6%B8%E0%B7%90%E0%B6%9A%E0%B7%9D/100035028411710","Chaminda Kodithuwakku 😄"
"Sahan Akash","https://www.facebook.com/people/Sahan-Akash/pfbid02Kdifzg9z8D3nyvGjWf9GZrZVfEt1pmEqXYeyUaSr8sEi8yW6BVe9RF9xfGB8bKKwl","😂ඉතින් ඇයි දැන් නටන්නේ"
"Ruwani Bandara","https://www.facebook.com/ruwani.bandara.566","දැන්වත් මේ රටේ මිනිස්සු තේරැම් ගන්න ඕනේ."
"Praneeth Priyanka","https://www.facebook.com/people/Praneeth-Priyanka/pfbid02p1xCPh2iN9hruVaDvcpri3cd1itkdddjkDZSFjPwhVmuty8woGKVRt9R3NaoqnAXl","මු මොනවද මෙි කියන්නෙ"
"Sujith Rathnayake","https://www.facebook.com/sujith.rathnayake.923","යකෝ ඕවා බුදු බන නෙමෙයි ඕවා රාජපක්ෂලාගෙ නිකායේ බොරු වැදි බන"
"Gamini Dissanayaka","https://www.facebook.com/gamini.dissanayaka.849953","තිත්තෙ ඇත්තටම දැන් ඉන්නෙ උඹද නැත්නම් A I තිත්තෙද"
"Ranjith Kodituwakku","https://www.facebook.com/ranjith.kodituwakku.5","මාවෝ   හරියටම  හරි."
"Kanchana Kuruppu","https://www.facebook.com/kanchana.kuruppu.2025","Sunil Wickrama එයාලමයි කියන්නෙ හොඳේ😮"
"Kasun Chathuranga","https://www.facebook.com/kasun.chathuranga.90260403","අයියෝ Suspend කරේ😂😂😂"
"Devi Nadee","https://www.facebook.com/people/Devi-Nadee/61590453550313","ඒ නිසා පැත්තකට වෙලා ඉන්න😂"
"Thushara Gamaarachchi","https://www.facebook.com/thushara.gamaarachchi","අම්බෝ 🤣"
"Udeka De Silva","https://www.facebook.com/udeka.de.silva","ට්‍රැක්ද 😂"
"Sanjeevi Gayani Ekanayake","https://www.facebook.com/sanjeevi.gayani.ekanayake","හම්මේ අකුරටම තිත්තයා කියන දේ අහලා නේ 🤭😂🤣"
"MAKO - මැකෝ","https://www.facebook.com/people/MAKO-%E0%B6%B8%E0%B7%90%E0%B6%9A%E0%B7%9D/100035028411710","Sanjeevi Gayani Ekanayake 😌😌🙏"
"Lahiru Gãmbheera","https://www.facebook.com/lahiru.gambheera","ඔබවහන්සේ කියන තරම් දරුණු දේවල් කරන්න ඕන නෑ. හරියට නීතිය ක්‍රියාත්මක කරා නම් හරි අපි හාමුදුරුවනේ. දැන් ඔය කරලා තියෙනවා වගේ 😅"
"MAKO - මැකෝ","https://www.facebook.com/people/MAKO-%E0%B6%B8%E0%B7%90%E0%B6%9A%E0%B7%9D/100035028411710","Lahiru Gãmbheera 😄"
"Sameesha Umayanga","https://www.facebook.com/sameeshaumayanga","එකක් කියන්නකෝ 😵‍💫"
"Gamage Sunil Shantha","https://www.facebook.com/gamagesunil.shantha.1","මේ වගේ එවුන් කියන දේවල් අහලා අපේ කන් දෙක බීරි වෙලා තියෙන්නේ එදා කියන්නේ කිව්වේ කොහොමද අද කියන්නේ කොහොමද"
"Priyanka Pathirana","https://www.facebook.com/priyanka.pathirana.7","Sadu sadu"
"Rohith Ravichandra","https://www.facebook.com/rohith.ravichandra","Saadu Saadu Saadu"
"Janith Madhushan","https://www.facebook.com/janith.madushan.3762","දැන් පොරට බනත් අමතක වෙලා😂😂😂"
"Chathura Dinishka Silva","https://www.facebook.com/Dinishkaec","තට්ටෙ වැලිකඩදාසියකින් අල්ලන ඕන මේකගෙ 🙏"
"Amila Deshappriya Samarakoon","https://www.facebook.com/dinushagihan.rathnayaka","Thithagalle Anandasiri ඒ දවස්වල මොකෙන්ද සාදු කතාකලේ 😁"
"Adeesha Perera","https://www.facebook.com/adeesha.perera.668489","අන්න ටොප් බන..වර්තමානයේ කලු කොඩි සිද්දියට ගැලපෙනවා..😁"
"Tharidu Weerasinghe","https://www.facebook.com/people/Tharidu-Weerasinghe/pfbid02kbjdAcYfY6o5aL8iavwJrJ51836YQjK53SRPybMDxtLLahiK6PT9tqFDmyefV3Uml","මුගෙ කටට හෙන ගහන්න එපැයි.මුන්ගෙ වාසියට වචන කිය කිය මිනිස්සු අන්දනව."
"Pbjk Jayakodi","https://www.facebook.com/pbjk.jayakodi","අදට මේක අදාල නැද්ද හාමුදුරුවනේ"
"Eliza","https://www.facebook.com/Elizabandara","හර්කෝ මාවෝ සේතුන් කරපු මගුලක් නිසා තමයි අදටත් කටුස්සෙක් ගෙම්බෙක් වත් සර්පයෙක් වත් ඉතුරු කරන්නෙ නැත්තේ..චීන්නු..🤣🤣🤣🤣🤣🤣"
"Prashan Flash","https://www.facebook.com/prashan.flash","Ishara WickramaarachchiJeewa PereraThusantha Sanjeewa KarunarathnaChandana Ranasingheසුරංග පුෂ්ප කුමාරRussell Reed OorloffHerath BandaraRanjith Chandrasiriකැලුම් ප්‍රියංකරNimantha Madushanka රාජපස්සලා බලේ ඉන්නකොට බණ තලන්නෙ මෙහෙමයි 😀😀😀"
"Chandana Ranasinghe","https://www.facebook.com/chandana.prasad.712","Prashan Flash අපිව ටැග් කරන්න එපා බන් මෝඩයෝ එක්ක දැන් තර්ක කිරීම නතර කලා"
"Nimantha Madushanka","https://www.facebook.com/nimantha.madushanka","Chandana Ranasinghe සිරා කතාව අයියේ අමු ගවයෙක්  😆😆😆"
"Prashan Flash","https://www.facebook.com/prashan.flash","Chandana Ranasinghe අනේ චොරි බං"
"Prashan Flash","https://www.facebook.com/prashan.flash","Nimantha Madushanka තිත්තගල්ලෙ හාමුදුරුවොද මමද??"
"Oliver Pathmaperuma","https://www.facebook.com/oliver.pathmaperuma","Maosethung mahathayawa genna gamu"
"Roshan Percy","","බණ වර්ග 2යි. ඉස්සර බණ සහ දැන් බණ"
"Salitha Lakruwan","","Madushantha Jayathilaka  මේ මොකෝ කියන්නෙ බන්..😂"
"Manoj Kumara","https://www.facebook.com/profile.php?id=100006516480482","දැන් කියන්නේ වෙන කතාවක්"
"Lahiru Dahanayaka","https://www.facebook.com/lahiru.dahanayaka.3","Saranga Madhura Senarath සෝක් බන පොඩ්ඩ😅😅😅😅😅"
"Sanath Ujitha De Silva","https://www.facebook.com/sanathujitha.desilva","අපි පිලිගන්න ඔින මෙයා එදා කියපු කථාවද අද  කියන කතාද මෙි වගේ දෙපිට කාටිටු  පුද්ගලයෙක්"
"Lakshman Percy","https://www.facebook.com/lakshman.percy.5","දිව දෙකේ කබරයෙක්."
"Thusitha Dissanayake","https://www.facebook.com/thusitha.dissanayake.580511","Thiththagallata tag karapiyaw"
"Rasika Rajapakshe","","Thithagalle Anandasiri මේක AI නේද අපේ හාන්දුරුවනේ? 🤔"
"Sakthiramanan Thangavel","https://www.facebook.com/sakthiramanan.thangavel","Niyamai ban"
"Sudesh Fonseka","https://www.facebook.com/sudesh.fonseka","දැන් පුකෙන් කතා කරන්නේ 😂😂😂"
"Shanaka Amarasinghe","https://www.facebook.com/shanatgl","Addeee thithe malli...."
"Batagall Chaminda","https://www.facebook.com/people/Batagall-Chaminda/pfbid02qXKXCbBKDwQoviZc7eqxDxF5E3aXq1fuVDCrSboTiAExPHvRNbtH9Mex78uA4jyGl","ඕක  මන් කියපු දෙයක්  නොවෙයි   ජෙප්පෝන්ගෙ  කැ# වැඩැක්   හෙට  අනිද්දට    කියයි"
"Prasanna Bandara Rathnayake","https://www.facebook.com/prasannabandara.rathnayake.1","මූට ටිකක් අමතක වෙලා තිබිලයි අත්සන් ලක්ෂ 50 ක් හොයාගන්න ලෑස්ති වෙලා තියෙන්නේ.පව්.මුන් එක එකාට එක එක නීති.අන්න ජනාධිපති තුමා නිවැරදිව කටයුතුවල යෙදීම පැහැදිලි කලා."
"Uran Samantha","https://www.facebook.com/uran.samantha.7","මු ලග හිටිය වගෙ කියන්න නෙ , 2000 න් පස්සෙ එළියට වැටිල ඔලුව බිම වැදිච්ච එකෙක්.."
"Dhammika Thennakoon","https://www.facebook.com/dhammika.thennakoon.33","දෙපත් නයි"
"Sumith Sanjaya","https://www.facebook.com/sumith.sanjaya.923","Lalinda Lakmal onna bana 😁😁😁😁"
"Upali S Premachandra","https://www.facebook.com/upalisarath.premachandra","දිව දෙකේ වැදි බන නොදකින් බුද්ධ චීවරයක් දාගෙන.අපායට ගිහිල්ලත්මදි. කනකොට කබරයත් තලගොයා කරගන්න එකෙක්"
"Ishuu Rulzz","https://www.facebook.com/ishuu.rulzz","මේ යකාව mention කරන්න විදිහක් නැද්ද..😬😁😂"
"Saman Rathnayaka","https://www.facebook.com/people/Saman-Rathnayaka/pfbid0vVJq8FKAmL8fBYDJZomsDcDY32J6C8C3GyihVnevHaxH21cHdZ4BQj5PQrEhLb22l","මෙහෙම උන් වෙරලකුණ තියලා රටින් නෙරපන්න ඕනි"
"Thushara Wijesinghe","https://www.facebook.com/thushara.wijesinghe.450715","Passe, Raajapakshalata ahu una. 😂"
"Jayathilaka Herath","https://www.facebook.com/jayathilaka.herath.368853","ඒකනම්  වෙයි  වගේ"
"Sunanda Namal","https://www.facebook.com/sunanda.namal.71","muu ada ehema kiyala ada kohomada hasirenne"
"Dileepa Sadaruwan","https://www.facebook.com/dileepa.sadaruwan.159936","මෙයාව මේකට mention කරොත් පව් සිද්ද වෙයිද"
"Prasanna Premarathna","https://www.facebook.com/prasanna.premarathna.9","තිත්ත බයිලා"
"Amarasri Bandara","https://www.facebook.com/amarasri.bandara","වාසි අතට හෝයියා 😮"
"Duminda Prabath","https://www.facebook.com/duminda8","සක්කිලි බල්ලො"
"Indika Kumararathne","https://www.facebook.com/indika.kumararathne.7","තිත්තගල්ලගෙ පරන බණ"
"Ranga Hemantha","https://www.facebook.com/ranga.hemantha.5","තිත්තගල්ලේ මේ කියන්නේ ජෛන ආගමේ කෑල්ලක් වෙන්න බැරිද... නරි නාටක රඟ දක්වන රාජපක්ෂලට තිත්ත ගල්ලේ ඒ තැනදී ඒ ආකාරයට කියයි.... පසුව ආයි නාමල් අවසන්සන්නට අත්සන් ලක්ෂ පනහක් එකතු කරන්න උත්සාහ කරයි... තවත් වෙලාවක හෝටලයක කාගෙන බීගෙන උපන්දින සමරයි . මොවුන් ගැන මහා සංඝරත්නය මහා නායක හිමිවරුන් තීරණය ගත යුතුමය..."
"Lahiru Baba","","මූ දිව දෙකේ කබරා කියල දන්නෙ අද ඊයෙ නෙවෙයිනෙ"
"Gayan Madhusanka","","ඒ කාලේ පැණි ගල්ලෙ......😂😂😂😂"
"Nimal Premarathna","https://www.facebook.com/nimal.premarathna.9440","ඒකේන්ම  කොතනින්න්ද පටන් ගන්නේ"
"Umesh Priyanga","https://www.facebook.com/umesh.priyanga.2025","ගස් balla තො ඔහොම කියලා ද මේ දැන් දඟලන්නේ"
"Kasun Thushara","https://www.facebook.com/kasun.thushara.904","පර බල්ලා 😡😡😡"
"Ranga Sandaruwan","","Sameera Sanjeewa dan p#ken wenna athi katha karnne 😂😂"
"Chandrasiri Manimendra","https://www.facebook.com/chandrasiri.manimendra.7","මරු කියවනව.. පිස්සු හොදටම.."
"Ruwan Pradeep","https://www.facebook.com/ruwan.pradeep.52831666","ඒකනේ මෙච්චර කලබල වෙලා තියෙන්නේ....🤣"
"Sudeera Mahesh","https://www.facebook.com/people/Sudeera-Mahesh/61576049624005","Den Katha karanne pu#@nda"
"Thilak Jayasooriya","https://www.facebook.com/niks.vieo","ඇත්ත තේරිල තියෙන්නෙ"
"Indika Dinesh","https://www.facebook.com/indika.dinesh.566","Mehema hitiya Kanata passe maina set wenna athi"
"Chathu Don","https://www.facebook.com/chathu.don.2025","මේ යකා නේද අර මෙහෙනීන් වහන්සේල පාර දිගේ ප්‍රොමෝශන් කරවල සල්ලි එක්කහු කලේ"
"Rasika Rasika","https://www.facebook.com/rasika.rasika.644839","9 වෙනිදට මේ බණ දාල මුට පෙන්නන්න ඕනි.."
"Roshan Chinthana","https://www.facebook.com/roshan.chinthana","Eranda Panduka Dias Chanaka Prasad Rajapaksha guys monada me kiyanne ane"
"Viru Hewasinha","https://www.facebook.com/viru.hewasinha","අනේ පවි"
"Lahiru Suranga","https://www.facebook.com/lahiru.suranga.37","Mulu banama nadde😂"
"Danushka Lakmal","https://www.facebook.com/danushka.lakmal.392844","Lakmal Perera මල්ලී බයියෝ කියන්නේ මෙහෙව් එවුන්ට....🤣🤣🤣"
"Mangala Chathuranga","https://www.facebook.com/mangala.chathuranga.501","මුගෙ අම්මගෙ කැරියෙක්නෙ මූ 😮"
"Ananda Galaboda","https://www.facebook.com/people/Ananda-Galaboda/pfbid02ZEsW99sSXEXLA7GoMDvQkN5W1XzBPY99wJRjEt7rR5rNqati5n4FCfTR3WnRLDqhl","සාදු"
"Janaka Welegama","https://www.facebook.com/janaka.welegama","එහෙමයි අපේ හාමුදරැවනේ"
"Prabodha Randeny","https://www.facebook.com/prabodha.randeny.5","Mekage baila edawaswala 😅😅😅"
"Deepal Weraniyagoda","https://www.facebook.com/deepal.weraniyagoda.5","තිත්තයා තිත්ත වෙනවනෙ මේව දකිද්දි...😂😂😂😂"
"Mahesh Suranga","https://www.facebook.com/mahesh.suranga.1426","තමන් කියපුවා තමතන්ටම අමතක වෙලානේ අපේ හාමුදුරුවනේ."
"Sithmal Matheesha","https://www.facebook.com/sithmal.matheesha","ඇත්ත කියනව මෙන්න 😂"
"Lasantha Ranganath De Silva","https://www.facebook.com/lasantha.r.silva.7","මෙන්න මේක මූටම  දාලා පෙන්නපල්ලකෝ කවුරැ හරි"
"Sajith Danushka Akmeemana","https://www.facebook.com/sajith.akmeemana","උඹලා ඉන්නකම් අමාරු වෙයි... ඒකයි හිරේට දාන්නේ....😂"
"Chandana Wickramasinghe","","Attakuth kiyala yako,"
"Snt Sampath","https://www.facebook.com/snt.sampath","Ven Thiththagalle Anandasiri Himi තිත්තේ ඔයා තමයි කියන්නේ, සිවුරු දාපු තට්ට මේවා🥴"
"Ranepaura Chandrapala","https://www.facebook.com/ranepaura.chandrapala","Me kiyannea thittagalla"
"Nimal Senanayaka","https://www.facebook.com/nimal.senanayaka.7505","අනෙ ගොනො දිව කපන්න ඕනෙ මුන්ගෙ"
"Rasikaerandi Piyasingha","https://www.facebook.com/rasikaerandi.piyasingha","එයාම කියනව මරන්න ඕනලු"
"Amal Sanjeewa","","පොරගේ ෆෙස්බුක් එක නැද්ද මේකට ලින්ක් කරන්න..😆😆"
"Nishani Chandika","https://www.facebook.com/nishani.chandika","බනත් කියනල්නෙ යකූ😂"
"Arie Terlouw","https://www.facebook.com/profile.php?id=100000813741963","කූටිටිය අතට ආවට පස්සේ දේශනාව වෙනස් කරනවා ඌන්ගේ පදේට. කැකිරාවේ අන්න ඇත්ත පෙන්නුවා ඊයා හලෝ"
"Udaya Prabath","https://www.facebook.com/udaya.prabath.71","Sadu sadu sa"
"Nilantha Sanjeewa","https://www.facebook.com/nilantha.sanjeewa.735","මූ කනට ගහලා මේක පෙන්නන්ඩ  ඕනේ දැන්"
"Yasith Vimukthi","https://www.facebook.com/yasith.vimukthi.1","හෙණ ගහන්ඩ එපැයි...."
"Nalin C Perera","https://www.facebook.com/people/Nalin-C-Perera/pfbid0oihRwf3PH4GbVxWyQvPuXhMBvNVZyETVz7ZHsozF8MamAoByFrevzossMhBYE3c8l","තිත්තගල්ලේ  මැරිලා ඉපදිලා ද දැන් ඉන්නේ"
"Madushan Hettiarachchi","https://www.facebook.com/shalitha.madushan.14","බයියෝ දකිත්වා"
"Pathum Perera","https://www.facebook.com/pathum.perera.507","Gayashan Jayasinghe මෙන්න මුන් මෙහෙමයි කිවවෙ. දැන් බයිලා ගහනවා"
"Gamini Bandara","https://www.facebook.com/gamini.bandara.7165331","දිව ගෙවිලාද, කට කථා කරන්න භාවිතා කරන්න . ආගම වාසියට ගන්න එපා."
"Kelum Manjula","https://www.facebook.com/kelum.manjula.191393","Ane pakoo...!!"
"Lakmal Jayasinghe","https://www.facebook.com/lakmal.jayasinghe.332","මේකගෙ කට කන්ට එකෙක් නෑනේ....🤭😅😅😅😅"
"Saranga Fonseka","https://www.facebook.com/saranga.fonseka.14","Harakgen bana ahapu nisa tamai hire lagainna wela tiyanne"
"Sanjeewa Rathnapala","https://www.facebook.com/sanjeewa.rathnapala","උඔලටත් ලගදීම ඒක කරන්න වෙනවා.වෙන විකල්පයක් නැත මෙි නටන හැටියට"
"Chaminda Udaya Kumara","https://www.facebook.com/dineth.rashmika.9235","කාලකණ්නි සක්කිලි බල්ලෝ"
"Susantha Idunil","https://www.facebook.com/susantha.idunil.52","තුහු දිව දෙකේ කබරයා"
"Ananda Desilva","https://www.facebook.com/ananda.desilva.94695","ඔවා   බනද  සාදු  ඔය  දෙකම  කියන්නේ"
"Kulathunga Pathirana Arachchige","https://www.facebook.com/kulathunga.pathiranaarachchige","දෙබිඩ්ඩා නොදකින්"
"Senarath B Bogamuwa","https://www.facebook.com/senarathb.bogamuwa","මචං...බුදු හාමුරැවෝ දේශනා කල ආකාරයට කරමු.ඡනාධිපති තුමාට face to face attack කලේ චීවර ධාරීන් විසින් රටේ පාලකයා පාලනය කල යුතුයි.පැටලුනා මචං..."
"Rajitha Madusanka","https://www.facebook.com/rajitha1987facebook","ewa wenas...mewa wenas"
"Bandula Mendis","https://www.facebook.com/bandula.mendis.757459","දැන් සිවුර ගැලෙව්ව කියල වැලලෙන්න හදනව අපතයො......."
"Ajantha Gunathilaka","https://www.facebook.com/ajantha.gunathilaka","Me yakaa Dan mokada kiyanne"
"Sanath Palihakkara","https://www.facebook.com/sanath.palihakkara","ඇයි දැන් වෙනස් වෙලා තියෙන්නේ"
"Sisira Kumarasinghe","","මෙයාගෙ ඔලුව කොහේ හරි හැප්පිලා....අනේ පව්...🧌🧌🧌🧌🧌🦹🏿🦹🏿🥱🥱🥱🐃🐃🐃🐃🐃"
"Ranjan Piyadasa","","අඩෝ අඩෝ...මූ යකෝ..😂😂😂"
"Dhanushka Warnasooriya","https://www.facebook.com/profile.php?id=100006512285387","මූ මහන වෙලා හිටපු කාලේ...🥴"
"Colin Iddamalgoda","https://www.facebook.com/people/Colin-Iddamalgoda/pfbid02vdcCBfQyjAGtC1bsKu9Ak7zafuvPSGU5vcynW98TejDvnoVtF3SdQShPyKVxVsrYl","මෙන්න me වගේ එඋන්ව හරියට හදුනා ගන්න ඕනේ. මූත් මහා කාලකන්නි අවජාතක පරයෙක්. දැන් හැසිරෙන විදිය තේරෙනවනේ පරයා"
"Macximas Tisera","https://www.facebook.com/macximas.tisera","මු කතාකරන්නේ කට්න්ද  පු :*:*:ද තේරේන්නේ නැත්තේ මටවීතරද..."
"Roshan Sanjeewa","","Mdp Madushanka  ඒයි ඒයි මෙන්න 😂 ෆා...ක් සතියක් ගියෙ නැහැ මේවා උඩ ට එනවා"
"Pradeep Sampath Premakumara","","Chamindu Jayalath me balapanko mu issara kiyapuwa🤭"
"Amila Sudarshana","https://www.facebook.com/amila.sudarshana.2025","තෝ එදා කතා කරේ කටින්ද දැන් කතා කරන්නෙ පුකෙන්ද"
"Thilina Sajith Karunathilaka","https://www.facebook.com/thilina.sajith.56","Ranjan Nalinda තිත්තගල්ලයා මහණ වෙලා හිටපු කාලේ 😁"
"Jasintha Wijesekara","https://www.facebook.com/jasintha.wijesekara.2025","හාමුදුරුවනේ කට බොරු කිව්වත් දිව බොරු කියන්නේ නැතැයි"
"Sandeepa Sithumina","https://www.facebook.com/people/Sandeepa-Sithumina/pfbid02g2MaPNBRSQNoc28W9uUALsh7426q8z5hSrtnfRKAmS3gmH1nALSGLTC5FsrSLJhnl","Huththe galle  sadu saadu😂"
"Gi Han","","ඔය සමාන්තර විශ්වයක කියපු එකක් නේද 🥴"
"Padhma Kumari","https://www.facebook.com/people/Padhma-Kumari/pfbid024FUNUsyHM2XE83ZBi62txBvmFxPTHeymEEnxEPkQhmVfhgqZUFy58LgW68L91D5Ql","Dan aluth niti hadanava😂"
"Amanulla Ibrahim","https://www.facebook.com/amanulla.ibrahim.33","කාලෙන් කලෙට තාලෙන් තාලෙට පාට වෙනස් .අහො..."
"Rohan Kaldera","https://www.facebook.com/rohan.kaldera.50","😂 ethakota munda dan kiyanne kanapita ne"
"Prabath Palagasinghe","https://www.facebook.com/prabath.palagasinghe","අනෙ හාමුදුරුවෝ නෙ මිනිසුන් මොඩ නෑ"
"Malaka Weerasinghe","https://www.facebook.com/malaka77shana","මේ චීවරදාරියා ගැන මුකුත් නොකියා ඉමු."
"Anura Priyashantha","https://www.facebook.com/anura.priyashantha.716","Kauda ban mu"
"Amith Keerthi","https://www.facebook.com/amith.keerthi","Ponnaya ube ammata"
"Thilakarathna Bandara","https://www.facebook.com/thilakarathna.bandara.330","හරිනේ එහෙමත් කියලා දැන් අඩනවා"
"Chandana De Silva","https://www.facebook.com/chandana.de.silva.66745","උඹ එදා ගන්ජා ගහලාද නැත්නම් දැන් අයිස් ගහලාද ඉන්නේ ..."
"Amith Udagama","https://www.facebook.com/amith.udagama.94","Mee bana meyatama hariyanawa😂😂😂"
"Hasitha Mangala","https://www.facebook.com/hasitha.mangala.12","කාලකණ්ණියා😡"
"Vimukthi Kasun","https://www.facebook.com/vimukthi.kasun.10","Api kiyanna one owa"
"Kodekara Arachchige Indrani","https://www.facebook.com/kodekaraarachchige.indrani","Un kiyapuwa unta mayhaka ne.a rajapaksha anduwakalene kiyala thiyenne.ayalata vruddawa katha karapu ayata.den mokada neethiya wenasda."
"Rajith Dileepa","https://www.facebook.com/rajith.dileepa.2025","අනේ සාදු.😅🙏"
"Ashan K Buthpitiya","https://www.facebook.com/ashan.k.buthpitiya","අනිවාර්යයෙන් මැරිලා ඉපදිලා ඉන්නේ"
"Akash De Croos","https://www.facebook.com/akash.de.croos.2025","Ehenam yanasara maruwata kamak na ubama kiwwane 😂😂😂"
"Prabhath Welathanthri","","දිව දෙකේ කබරයෙක්. 😂😂"
"Loku Malli","https://www.facebook.com/loku.malli.7334","ඉරේෂා ගංගානි  බන අහන්න  අක්කේ"
"Tharindu Lokukat","https://www.facebook.com/profile.php?id=798410286","කිලියේ කිලියේ මනි මනී මේ උනා නේද සාදූ😁"
"Saliya Kumara","https://www.facebook.com/saliya.ajithkumara","Sombi wela mage hithe den."
"Malinda Liyanage","https://www.facebook.com/malinada.liyanage","ගෙරි තට්ටයා."
"Nadeesha Suma","","ආන්න ඇත්ත😁😁"
"M.B. Delwita","https://www.facebook.com/m.b.delwita","ඔය තිත්තගල්ලෙ කියන කතාව ඇත්ත නම් මෙයාට මාඕස්තුං  කරපු දේ....."
"Priyantha Gunawardena","https://www.facebook.com/priyantha64","Muu ekaale eththa kiyala thiyenawane Budda puththrayek wage.dan bamlige puthek une raajapaksalage pumka lewakaapu hindada"
"Sasindu Janith","https://www.facebook.com/sasindu.janith.79","අමෝ අමෝ 🤣"
"Gr Nalaka Gr Nalaka","https://www.facebook.com/people/Gr-Nalaka-Gr-Nalaka/pfbid02iWd356Bhp89dzw17dnbL8r8zuT3FYqHx8eLfV2a3tdxJyyKsMRMpk3r8saQdRtzwl","ඒක තමයි ප..... අපිත් කියන්නෙ"
"Nuwan S Adhikari","https://www.facebook.com/nuwan.s.adhikari.2025","Aravinda Diwakara මේ බලපන්"
"Pradeep Suranga","https://www.facebook.com/people/Pradeep-Suranga/61583639103064","මේක මුටම යවන්න ක්‍රමයක් නැද්ද 😂"
"Vijitha Bandara","https://www.facebook.com/vijitha.bandara.7","Munwa ganna one janathawa lagata"
"Sampath Nalak","https://www.facebook.com/sampath.nalak","Thithaya yaka bola 🤣🤣🤣🤣🤣"
"Gamini Pmg","https://www.facebook.com/gamini.pmg","අහන්නකො මෙ කතාව ❤️❤️"
"Thusan Karunarathne","https://www.facebook.com/thusan.karunarathne","Thiththagalle"
"Dumindu Sandeepa","https://www.facebook.com/dumindu.sandeepa.14","පනාවකින් ගහන්න ඕනි ථට්ටෙ පැලෙන්න පගයා"
"Saseeka Weerasinghe","https://www.facebook.com/sasee.sw","ජනාධිපති උනාම මහනායක කරයි කියලා හිතාගෙන ඇති 😂😂 පෞ"
"Somawathi Panthirige","https://www.facebook.com/somawathi.panthirige","මේකාට දැන් ඩිමෙන්ෂියාව! මූ අමු තක්කඩියා! කාලයක් ගමිපහ සමාධියටත් ආවා! මං නං ඒකාලේ ම දැන් ගත්තා"
"Darshana Deshapriya","https://www.facebook.com/profile.php?id=100005069926936","මේ ඒ වගේ වෙන කෙනෙක් 😮"
"Sehan Dulanjana","https://www.facebook.com/sehan.dulanjana","Nilantha Samarasinghe mokk kala yuthuida"
"Nilantha Samarasinghe","https://www.facebook.com/nilantha.samarasinghe.86744","Sehan Dulanjana අම්මෝ 🫣🫣😀"
"Sujith Alankara","https://www.facebook.com/sujith.alankara","මුට හෙනගහන්න එපැ ඔබලා ඉන්නකම් බැ"
"Prabhath Prasanna","https://www.facebook.com/prabhath.prasanna.773","Ubala innakal me rata hadannath ba..siwrata wahila ubala karanneth para wada"
"Indika Peries","https://www.facebook.com/people/Indika-Peries/pfbid08amPnSWrxMkC4GkSaBwHfTYh1VTh5eWhVLGD7odw3zbsHZeDymh6kz7ojPcRVduZl","Mu dan monawada gahala  tiyanna"
"Sajith Kumara","https://www.facebook.com/sajith.kumara.408738","Kauda muwa mahana karapu paw karaya🤔"
"මුතු ලංකා","https://www.facebook.com/people/%E0%B6%B8%E0%B7%94%E0%B6%AD%E0%B7%94-%E0%B6%BD%E0%B6%82%E0%B6%9A%E0%B7%8F/pfbid0NWp39yoKxerKuRqnEqPDjzZZcahEnFeoG1ERUfCURqXJYBFrZbWrNPknadesNTxEl","දැන් ඇයි වෙන කතාවක් 🤣"
"Isuru Sampath Nandasiri","https://www.facebook.com/isuru.sampath.nandasiri","වැදි බණ 😂"
"Sajith Jayasanka","https://www.facebook.com/sajith.jayasanka.568","Wasiyata eka eka thena eka eka katha   Siuru radawana"
"Vibodha Nambukara Gamage","https://www.facebook.com/donnambukara","Sandun Malaka Dushan Pathirana S P Amila Udara Tharindu Hewagamage පුලුවන්නම් ගෙවල් වලටත් මේවා අහන්න යවන්න😅😅😂😂😂😂😂😂"
"Tharindu Hewagamage","https://www.facebook.com/tharindu.hewagamage","Vibodha Nambukara Gamage  ඔහෙත් ඒ කාලේ  මේ පිරිත් කිව්වේ"
"Damith Ishan","https://www.facebook.com/damith.ishan.524","gu kapan ballo"
"Palitha Palitha","https://www.facebook.com/palitha.palitha.513146","මූ ගස් බල්ලෙක් වාසිය හැරුන් හැරුන් අතට"
"Premadasa Mohottige","https://www.facebook.com/premadasa.mohottige","“දිවදෙකේ සංඝ”"
"Soban Kellapatha II","https://www.facebook.com/soban.kellapatha.ii","මේ වැල්ලතිත්ත නේද ..ඔන්න දේශපාලනය චීවරධාරීන් .."
"Nishantha Nishantha","https://www.facebook.com/nishantha.nishantha.8834","මූ දිව දෙකේ කතානේ"
"Shaan Padmakumar","https://www.facebook.com/people/Shaan-Padmakumar/pfbid035VDr5aHx1ikcYTq2BfSS8YDGJsDvoscpuEt8WqVGkxKZLTxVpFs5Cc6yTgBrVHdRl","Gnanasara gon pakaya"
"Bandula Kumarasiri","https://www.facebook.com/bandula.kumarasiri.2025","ඔය දෙශනා තිබෙන්නේ රාජපක්ෂනිකායේ පමනයි සාදූ සාදූ සාදූ"
"Kushan Harsha","https://www.facebook.com/kushan.harsha.90","😂 kwru hri mekawa mekt mention krnn"
"Dhammika Gunawardhana","https://www.facebook.com/people/Dhammika-Gunawardhana/pfbid02opSirk5eRV5zfeSVLSAwn3qJKxCGiUiJJvBinPAdBzXjWPvExCEkSqw3kvzTbTJl","හාමුදුරුවෝ කෙසේ විශ්වාස කරන්නද?මහා භයානකයි."
"Leelananda Rathnayaka","https://www.facebook.com/profile.php?id=100008631452543","ඉස්සර එ ...🔥 දැන් වෙනස් වෙලා ...😂😂😮😮"
"Danarathna Disanayaka","https://www.facebook.com/danarathna.disanayaka.1","අපවත් වෙලා උපන් එකෙක්...😂😂😂"
"Giorgio Fernando","https://www.facebook.com/people/Giorgio-Fernando/pfbid01A3N17qjU2KriJ5LLNx2STdnTmULnqe54xJ3vcbmfgk3MWR4J439zopFzmaNwNcal","Meka me bane mutama dammanam hoda nadda"
"Keerthi Senevirathne","https://www.facebook.com/keerthi.senevirathne.92","හුටා"
"Suraj Kavinda","https://www.facebook.com/suraj.kavinda.383876","බණ තලනවා වගේ 🤣😂😂😂😂"
"Sanju Samu Bandaranayake","https://www.facebook.com/sanjaya.bandaranayake.3","Ma pakayonge serama siwuru gala wanna one"
"Tuduwage Don Wijayananda","https://www.facebook.com/twijayananda","Me pissu huththa kauda ban"
"Nilakshitha Deshan Fdz","https://www.facebook.com/nilakshitha.deshan.9","Adee banath kiyl neda"
"Chandana Lihinikaduwa","https://www.facebook.com/people/Chandana-Lihinikaduwa/pfbid02BcbNdWjrCRoAZ2s3AF8H5raFMXwnZtFGj7tJ819EyMKesQoTfwnhz8jqYevAGnygl","මේ තංගල්ලෙද තිත්තගල්ලෙ වෙන්න බෑ"
"Sanjeewa Kuruluwansha","https://www.facebook.com/sanjeewa.kuruluwansha","තැනින් තැනින් අල්ලගෙන කියවන හාමුදුරුවෝ කෙනෙක්.."
"Nirosha Dissanayake","https://www.facebook.com/nirosha.dissanayake.5245","Before 🙏🏻🙏🏻🙏🏻🙏🏻"
"Sahan Thisaranath Silva","https://www.facebook.com/sahan.thisaranath.silva","ෂෝක් බණ ටික 🤣🤣🤣"
"Nelson Rajaratna","https://www.facebook.com/nelson.rajaratna","කොහොමද අද මෙයාගෙ අවජාතක කතාව"
"Tharanga Lakmal","https://www.facebook.com/tharanga.lakmal.3576","තිත්තෙ දැන් උබලා මොකද කරන්නෙ"
"Danu Marz","https://www.facebook.com/profile.php?id=100005911179429","බයියො කම්පියුස්😂"
"Chanaka Hettiarachchi","https://www.facebook.com/chanaka.hettiarachchi.534472","Senura S Jayarathne කාව හරි mention කරලා බැනුම් අහගන්න ඕනිද???"
"Senura S Jayarathne","https://www.facebook.com/people/Senura-S-Jayarathne/61550776352295","Chanaka Hettiarachchi සර් කීයටවත් Chinthaka සර්වනම් mention කරන්නෙපා. මේ සැරේනම් කුණුහරපෙන් මට අහගන්න වෙන්නෙ. 😂💔."
"Nuwan Chamara","https://www.facebook.com/nuwan.070517052","Me gon pakku"
"Sanath D Silva","https://www.facebook.com/sanath.dsilva.5","දානේ කන කටින් ගු කන ඒකෙක් මුන්ට තමයි බයියේ කියන්නෙ😂"
"Ariyarathna Weerasinghe","https://www.facebook.com/people/Ariyarathna-Weerasinghe/pfbid06HRKwkLwaRbihRMUihuHRQHRxhvLTD3MhNaP9DAFQy6iDeAianqjXhBuyLwmj8fRl","මේව අහන්න මෝඩයොත් ඉන්නව"
"Devika Padukka","https://www.facebook.com/people/Devika-Padukka/61576856850544","🦍🦍🦍🦍🦍ඔන්න එදා කියපු සත්‍ය ඇත්ත තේරුම් ගන්න ජනතාවනි එදා එහෙමයි අද මේ යකාගේ ඔළුව බිම නිදාගෙන ඉන්න වෙලාවක ඇද විට්ටමේ වැදිලා ඔළුව මොංගල් වෙලා තියෙන්නේ ඒකයි මේකා කාලෙන් කාලෙට බුද්ධ ධර්මය වෙනස් කරනවා මේ තමයි ශ්‍රමණ ප්‍රතිරූපකයන් මේ අය බුද්ධ චීවරය දරාගෙන ඉන්නෙ පිනට කන්න බොන්න අදින්න පලදින්න විතරමයි නැතුව මේ අයගෙන් මේ රටට වෙච්ච හොදක් නැහැ ඒක තමයි සත්‍ය ඇත්ත"
"Michael Hewage","https://www.facebook.com/michael.hewage.7","මේකාත්...දිව දෙකේ..දිය බරියෙක්...😈 සිවුරු දාගන්න පෙර ..පිස්සු කෙලල...බඩු ගහල , ගංජා ගහල...( ඹහුමයි කීවේ ) දැන්  මොලේ මංඣං වෙලා...වගෙයි .. (අලුතින්  චීන නිකායක්  හදනවලු නෙ....අර  කැකිරාවේ  සුදස්සන  එක්ක...😂😂😂"
"Sahampathi Kumarasinghe","https://www.facebook.com/sahampathi.kumarasinghe.2025","දැන්   මෙයා    මොකෙක්ද   කරන්නේ.....දැන්  කටෙන්ද.....පු 🤣🤣ද  කතාකරන්නේ....."
"Sarath Jayantha","https://www.facebook.com/people/Sarath-Jayantha/pfbid0MKuAc6ZYAJnueeS6qvZiPA6xptSrfhY4deeb8Mex1UrPyJcnAXy7Amf4jLHeAdwgl","වහිනකොට එළියට යන්න එපා"
"Nalinda Saman","https://www.facebook.com/samanpriya.jayarathna","ඉතින් මොකක්ද බන් අර දැන් කියවන්නෙ..ලැජ්ජයි බන් බයි ගණවො"
"Nisal Thiwanka","https://www.facebook.com/profile.php?id=100000691749931","සාදු..🙏"
"Charith Rajitha","https://www.facebook.com/charith.rajitha.2025","මේ වෙන හාමුදුරු නමක් වෙන්න බැරිද    🫵😁"
"Lakshitha Thilakarathna","https://www.facebook.com/people/Lakshitha-Thilakarathna/pfbid023EAucq9fEugPoLJKFCsPqAb2XdRDiijwCDkNSDPm3wyxydZDKiR5cFv1FiVV8hD4l","යකෝ දැන් උඹමනේ පාලකයන්ට පාලනය කරන්න දෙන්නේ නැත්තේ එක එක රිලවුන්ට කඩේ යන්නේ"
"Shiva Paarvathi","https://www.facebook.com/shiva.paarvathi.2025","සබ්බේ පුතජ්ජනා උම්මත්තකා......"
"Ajith Pushpasiri Kiththangodage","https://www.facebook.com/people/Ajith-Pushpasiri-Kiththangodage/pfbid02qhUdEg1TQ9du2DFD1UmC2gwCawof4g3M5faVCWij7Fw3rMGq9GksHTNyWjD66Q67l","Ubalama Owa Kiyana eka hodai munge katinma Etta kiyawenawa wahallu ahapalla"
"Udaya Kumara","https://www.facebook.com/people/Udaya-Kumara/pfbid02Ka1HYYrYio7B9BGFgGRFqjDWmZo2mcj1e4xhU4sGwgomLxd9vqQxRWcKcCSUGALnl","කොහොමද  හොමුදුරු  හොරු  ඇන්දපු හැට් ..මෙයා වැරදිලා  ඇප දුන්නා  නේද .උසාවිය ඇතුලේ ගනේ  මුල්ලේ  සන්ජිව මරපු  ගැණි රට  යනවා  වාගේ  අරන්  ගියේ හිනාවෙව් ගියේ."
"Ruwan Roy","https://www.facebook.com/people/Ruwan-Roy/pfbid0nfsHimevBC4YrXMfiPAFQZggSPV48rd6tUTjZHvzqtqfXdAu2goyPWx4yjo56DJol","නිදන්  හොරා"
"Deshappriya Deshappriya","https://www.facebook.com/deshappriya.deshappriya.7927","මට පේනවා උඹත් මැරුම් කන්න තමයි දඟලන්නේ😂😂"
"Sanjeewa Jayasuriya","https://www.facebook.com/sanjeewa.jayasuriya.9277","මු දැන් ව්‍යුරැ  වෙලාවක්"
"Krishantha D Jayasooriya","https://www.facebook.com/krishantha.d.jayasooriya","මේ  🐕 දන්නා බන.. 😡"
"Mahinda Perera","https://www.facebook.com/people/Mahinda-Perera/pfbid0w2m6orKMyXd9V5SUkZ4MGHRPzrESTT9DWjvjQ2Bb7gERGwpWQJgEoiJBh3BG7v7jl","Dan a wade karanda deela,paduwe idapalla,"
"Prabath Withanage","https://www.facebook.com/thanuri.madhushani.50","උබලා  වගෙ   එවුන්"
"Dishan Mallawaarachchi","https://www.facebook.com/dishan.mallawaarachchi.1","Sanka Rajapaksha  එදා 😁"
"Chamara Priyadarshana","https://www.facebook.com/chamara.priyadarshana.294823","අනේ ..පකෝ..."
"Saumi Siththara","https://www.facebook.com/people/Saumi-Siththara/pfbid0jAr4XFEzBCTemvGUfguUfaVVkm8ZV8F3apDNuA4oTNBzQoZAuacPqX2upAhKeFakl","ඉස්සර කතා කතා කරන්න බයඊ නේද"
"NP Kumara NP Kumara","https://www.facebook.com/people/NP-Kumara-NP-Kumara/pfbid02RmCT2MpPy7DY8o7LudKkRZktfjWZtdbF1TXTJeq1vBSgFQPFfvHtbvSGMaQRbEuXl","තට්ටය😂"
"Muthu Sneha","https://www.facebook.com/muthu.sneha.90","කොහෙන්ද මේව හොයාගන්නේ.😁😁😂"
"Abdul Raheem","https://www.facebook.com/ARAC1206","එදා 😮 @followers"
"Rohana Kumarasiri","https://www.facebook.com/rohana.kumarasiri.1293","කවෘවත තවම් භික්ෂව කියන්නේ කව්ද කියලා පැහැදිලි කරලා නෑ. පුලුවන්නම් කවෘ හරි භික්ෂුව කියන්නේ කව්ද පැහැදිලි කරන්න. මහනායක හාමුදුරුවෘයි හැම උන්නාන්සේ නමක්ම කරන්නේ ගිහියන්ට පැහැදිලි නොකිරීමයි. උපසම්පදාව ගන්නේ කොහොමද ඒක කැඩෙන්නේ කොහොමද. දැන්  අර කාන්තාවන් දෙදෙනෙක් සමග කාන්තාවගේ රෙදිත් නැතුව ආවාස කාමරය ඇතුලේ පිරිසකට හ්මු උනා. එතකොට ඒ හාමුදුරුවන්ගේ සීලය මොකක්ද. තවම හාමුදුරුවෝද. සාමනේරද උපසම්පදා භික්ෂුන් නමක්මද. පුලුවන්නම් කියන්න. එතකොට හාමුදුරුවරුන්ට ගිහි ජනතාව බැනල පව් පුරවාගන්න එකක් නෑ. Tv එකේ ප්‍රදාන යූටියුබ් නාලිකාවක බනකීවනම් එහෙම බන කියනවනම් එයා තමයි හාමුදුරුවෝ කියලා හිතන් ඉන්නවා. දැන් පන්ති කරන ගුරුවරු බන කියනවා. පොලීසියෙ මහත්තයා කෙනෙකුත් පහුගියකාලෙ බන කීව. ඒ අය එතකොට කව්ද මේක් බලන හාමුදුරුවෝ කෙනෙක් හෝ වෙනයම් අයෙක් පැහැදිලි කරන්න"
"Wijith Lakmal","https://www.facebook.com/people/Wijith-Lakmal/61577659886716","ඇත්තත් කියල තිනවනේ මේ යකා"
"Sumudu Rangana","https://www.facebook.com/sumudu.rangana.90","Dan trak panalada inne.me dakinne obawahansemada?"
"Wkm Priyadarshana","https://www.facebook.com/wkm.priyadarshana","Up"
"Udayanga Mahesh","https://www.facebook.com/udayanga.mahesh.2025","හරි.... මේකෙන් ඝණ්ඨාරෙ වදියි 😂"
"Arun Pradeep","https://www.facebook.com/arun.pradeep.798415","හාමුදුරැවරැ නොමරා මැරුවා.."
"Manori Samantha","https://www.facebook.com/people/Manori-Samantha/pfbid02jAxLSE6bg1UNMWik9N2x3d39vZYGxqBRf6pyXYexKsr49W6AgS9hxWrrHLJjxtmwl","ඒ කාලේ තිත්තගල්ලේ නෙවෙයි, ඇත්තගල්ලේ 😂😂"
"Devinda Perera","https://www.facebook.com/chathura.d.perera.2025","අප්පටසිරි @$ත්ත ගල්ලේ 😂"
"Dhanushka Bandara","https://www.facebook.com/dhanushkavdm1","මේක යකෝ....🤣🤣🤣🤣🤣"
"Pasindu Sathsara","https://www.facebook.com/pasindu.sathsara","Amith Nuwan Kohomada deshanawa 😃😃😃"
"Amith Nuwan","https://www.facebook.com/nuwanamith","Pasindu Sathsara ammata uduuu 😂😂"
"Kdc Sandadew","https://www.facebook.com/kdc.sandadew","මේක පෙන්නන්න එකෙක් හිටියෙ නෑනෙ"
"Shiranthi Withanage","https://www.facebook.com/shiranthi.withanage.330009","Muth kudu ice  vikunana ekek ekai dan namoleta kade yanne"
"Sanjaya Chathuraka Kumarasinghe","https://www.facebook.com/sanjaya.c.kumarasinghe","තිත්ත ගෙ වැදි බණ"
"Dennis Felthman","https://www.facebook.com/people/Dennis-Felthman/61579027935471","දැන් එක වෙනස් වෙලාද"
"Parakrama Weerakoon","https://www.facebook.com/people/Parakrama-Weerakoon/pfbid0P94xp2jQLhjaxYBJUPXCVNu6BP8NEnHhJwSYuQ1TcFcuX6VZmQbjuupWx8kSr2xtl","මේ ganagediya ඇතුලට දාන්න, බොරු කියන්නේ, රාජපක්ෂලා ඇතුලට දාන තත්වයට පත් කලේ මෙවැනි බොරු බණ නිසා.   භික්ෂුවක් මිනිසුන්ට ධර්ම මාර්ගයේ ගමන් කරන්න උපදෙස් ලබා දිය යුතුයි.  ධර්ම කරුණු කාරණා පිලිබදව දැනුවත් කල යුතුයි.  පාලකයා වැරදි මාර්ගයක ගමන් කරනවානම් උපදෙස් ලබා දිය යුතුයි."
"Ranpatige Nayana","https://www.facebook.com/ranpatige.nayana","එදා තිත්තගාලේ හා අද තිත්තගල්ලේ  අතර වෙනස"
"Thejana Lakshan","https://www.facebook.com/thejana.lakshan","Sanjula Kothalawala මේදවස් වල ඔයාගේ අනුනායක නේ මේ 😂"
"Sameera Sameera","https://www.facebook.com/sameera.sameera.250956","Kabara goyath thalagoyekya kanna hithuna data.. meya himi namak newe ane katussek wath mechchara pata wenas karanne nathuwa athi"
"Nishan Lathhewage","","Saliya Rangana aiye meh ara hamudurowo needa? 🫣"
"Saliya Rangana","https://www.facebook.com/saliya.rangana","Nishan Lathhewage මල්ලී බණ අහනවා නම් මෙයත් අහලා බලන්න"
"Nipuni Kaushalya","","තිත්තගල්ලෙ ගෙ fb account එකක් නැද්ද අඩේ මේකට ටැග් කරන්න 😂 රහත් වෙලා හින්දද මන්ද කලින් කියපු ඒවා මතක හිටින් නැත්තෙ."
"Madushanka Perera","https://www.facebook.com/people/Madushanka-Perera/pfbid02stAFrXrvUCvXkSBL2g1KqVEYcN83g6dgCMJXuBZMAoCfTFmwq2NT5CnqEGJPNwSFl","Thithagalle Anandasiri අඩො පුකෙන් කතා කරකවා කියලා අදයි දැක්කෙ"
"Kanchana Edirisinghe","https://www.facebook.com/people/Kanchana-Edirisinghe/100076632466212","හනේ හනේ වැදි බණ 😄"
"Chinthaka Prabhath","https://www.facebook.com/chinthaka.prebarth","අර මෝඩයා ඉදිරියෙම කියල දැන් මු😂😂"
"Nishshanka Weerawardhana","https://www.facebook.com/profile.php?id=1575634192","ඇත්ත... ඇත්ත..."
"Danushka Wijesooriya","https://www.facebook.com/danushka.wijesooriya.496562","මූට දිව කීයක් තියනවද"
"Kasun Madhawa","https://www.facebook.com/kasun.madhawa.5245","Den mona reddakatada kediri ganne enam 😂😂😂"
"Mubeen Mrm","https://www.facebook.com/mohomed.mubeen","V2 vs V1"
"Thi Nu Ra","https://www.facebook.com/thinura.udamjith","තිත්තේ ඇත්තෙ කියලා ඉස්සර පස්සෙ jvp එකත් එක්ක යාලුවෙලාද් කොහෙද දැන් බොරුමනෙ කියන්නේ 😹"
"Nayanajith Kumaraawadu","https://www.facebook.com/nayanajith.kumaraawadu","මු දැන දැනම දැන් කරන වැරදි නිසා මාවෝ සේතුං කරපුදේ මෙයාටත් කරන්න ඔිනේ"
"Naleen Abegunawardhana","https://www.facebook.com/naleen.abegunawardhana","Eananm tapi hariwanna orna😭"
"Yeshmi Ishara","https://www.facebook.com/pryishara.peramune","Meka balala ada thiththagalle hamudurwo upload karapu video eka balanna ona 😕😅"
"Rathna Thilaka","https://www.facebook.com/rathna.thilaka.3950","ඇත්තටම සමහර මානසික රෝග හදුනාගැනීම අමාරුයි එයා කියන දේ කරන දේ හරියටම හරි වගේ පේනවා නමුත් ඇත්තටම එයාලාට මානසික රෝගයක් තියෙනවා මෙයත් එයින් කෙනෙක් පව්"
"Ranjani Wijewicrama","https://www.facebook.com/ranjani.wijewicrama","Thopi t desapalanaya මොකද කරන්නේ ...."
"Lalith Gunarathna","","Hamuduruvot.  Etta kiyanava"
"Ranjith Fa Fernando","https://www.facebook.com/people/Ranjith-Fa-Fernando/pfbid0ELQLFbEM85QKKLGFJ8Yhs97uLVdo1EYaEhNq2o4izwMjjpm3sXBoAmXWgZxqTwoml","එකලෙ හොදයි දැන් මොකද.අනෙ යකො මෙවා තෙරුම් ගනිල්ලා"
"Sunil Wickrama","https://www.facebook.com/banka.wickrama","Nithiyata garu karana eka wena siura galawenna bari eka wenama deyak ekata kramayak thiyanawa eka hoyala balapan waradi kalanam daduwam denna ona thamange kamaththen hari ganu sambandatha thila hari thama sasanayata sambandakala hamuduruwantai puluwan siura ain karanna nathuwa kotiyata Kade Yana ekekuta aithiyak na yako"
"Gayani Dilrukshi","https://www.facebook.com/gayani.dilrukshi.7334504","මුලින්ම සිවුර ගලවන්න ඕනී මෙන්න මේවගේ උන්ගෙ.මේ බුද්ද පුත්තු නෝවේ"
"Hasitha Herath","","කන තරමක් මේක කෑවේ, හාමුදුරුවොයි කපුවොයි 🥴😜"
"Ruwan Sudarshana","https://www.facebook.com/ruwan.sudarshana.9","උඩුවේ බණ"
"Buddhi Champika Senevirathne","https://www.facebook.com/people/Buddhi-Champika-Senevirathne/pfbid02t5UemBHrH9tUeW6xo8muArDWHASsRSqcWvFcUn1Z44j8UCzDkUHb6kbjsbu5UQUl","අනේ සාදූ.. තිත්ත ගල්ලේ මේදවස්වල වැරවි බේතක්වත් බීලද"
"Mahesh Dissanayaka","https://www.facebook.com/mahesh.dissanayaka.587","😂😂😂 un pethsan gahanawa"
"Rohitha Wijesingha","https://www.facebook.com/rohitha.wijesingha.2025","මූකතාකරන්නෙ.පුකෙන්.නේද"
"Aruni Ranasinghe","https://www.facebook.com/aruni.ranasinghe.92","ඒ තව මේ‍ වගේ video හොයලා දාමුකෝ..නියමයි❤️"
"Herath Subasingha","https://www.facebook.com/herath.subasingha","උන් හිතුවෙ නෑ ආන්ඩුව පෙරලෙයි කියල"
"Neel Chinthaka","https://www.facebook.com/people/Neel-Chinthaka/pfbid022kDMcwwMaT7vaMZHHFPora9xxJwr3rFWVeTu49gsR9FmDPcqb13243SiWNtvNa6Ql","මූට පිස්සුද බං"
"Roshan Indika","https://www.facebook.com/roshan.indika.303935","උඹල ඔක්කොම මැරෙන ලේසියක්"
"Duminda Rathnayake","","මුං ඉස්සර ඇත්ත කතා කරල නේ යකෝ"
"Ajith Samantha","https://www.facebook.com/profile.php?id=100035062730178","මෙයත් අද 1.00ට ජනපතිගෙ රැස්වීමට යනවද දන්නෑ"
"Kavintha Bandara","https://www.facebook.com/sumudu.manaskantha.737","Dinuja Dulsara Herath Ane mcng meeeeee"
"Dinuja Dulsara Herath","https://www.facebook.com/dinuja.herath","Kavintha Bandara 😂🙏🙏"
"Pradeep N Perera","https://www.facebook.com/people/Pradeep-N-Perera/pfbid0Bbq4z5iVHth53jZbpNCQYEE2Jt9U2nDwLmC9EhACSZ34Y1DMXUmLu6k8jpgdyCYHl","දැන් එහෙනම් දගලන්නේ මොකද බන්"
"Dha Nu","https://www.facebook.com/danuka.hiran.1","Munge wadi bana wasiyata witarai"
"Chandana Kumara Wijekoon","https://www.facebook.com/chandana.kumara.wijekoon.205816","උබලා ඉන්නකන් මේ රට හදන්නත් බෑ"
"Lakshan Devinda","https://www.facebook.com/laxshan.devinda.9","මූ ඉස්සර සුපිරි කතා කිවුවා.දැන් නම් කා එක්ක හරි ඩීල් එකක් දාලා😂"
"Isuru Maduranga","https://www.facebook.com/isurumaduranga.maduranga.75","maa ratha gana mara dukay maa waga gon minissu innawa dakkama"
"Padmal Kshemendra","https://www.facebook.com/padmal.kshemendra","Wijaya Ratnayake  Manoj Deshan  බලන්නකෝ මුං ඒකාලෙ කියපු බණ. 🤣🤣🤣🤣🤣"
"Nipun Prabudda","https://www.facebook.com/nipun.prabudda","අපි හෙන චරිත කියලා හිතපු ගොඩක් එවුන් කෙලවගත්තේ හොරු සුද්දකරන්න ගිහිල්ලා"
"Sameer Perera","https://www.facebook.com/profile.php?id=1716986538","ඩැල් එක එදා වේල tours"
"Indika Bandula","https://www.facebook.com/people/Indika-Bandula/pfbid0fV82wPawWw85YgaWkTn9UZVgUCxRVaHM32LXAuuRp7JAFWsQrJsJgTVKEMAyQDvbl","Kalakanni musalaya."
"Sanjaya Hemajith","https://www.facebook.com/sanjaya.hemajith.9","මුන් වගේ සක්කිලි බල්ලන්ට නෙ වදින්නෙ මිනුස්සු"
"Wikrama Wijesinnghe","https://www.facebook.com/wikrama.wijesinnghe","ඒක මේ රටෙත් කලයුතු වෙයි.මේරට විනාශ කලේ ඔය හාමුදුරුවො කියන එවුන්."
"Harsha Udara","https://www.facebook.com/harsha.udara33","Behan Ranjana නයිටියෝ. හෝදපන්.. 😁😁😆😄😄"
"Ahinsaka Sadasawi","https://www.facebook.com/people/Ahinsaka-Sadasawi/pfbid0auxevYjFGqfDarowoGVRtPNvpBgq3zwamubRCek5EHqpXm6KAuVf7RyeN3WgDXGol","ඔව් ඔව් දැන් ඉන්න බික්ශූන්ලා ගෑනු පාලනය කරන්නේ"
"Nisha De Silva","https://www.facebook.com/slmr.desilva.3","මු නම් ඩොරි කෑටා ඈ😂😂😂"
"Santha Pema","https://www.facebook.com/people/Santha-Pema/pfbid02HhZTrY3Sh13TxPC5KDKHsQDV1HNVqyDUQ6pEEkaYiZBjGJrv1pxJWivWHBbY9Loil","mekage ammata hokanna den mokadda me pakaya kiyanne me wage pakayala meruwath kamak nehe"
"Roshan Gamage","https://www.facebook.com/Roshanchathuranga8685","මූ මේ රාජපක්ෂලාට කඩේ යන එකෙන්"
"Kalum Silva","https://www.facebook.com/kalum.silva.311","විනයක් තියෙන.. ශ්‍රද්ධාවන්ත බික්ශුන් වහන්සේලා  පාලනය කිරීමට අවශ්‍ය නෑ"
"Dilan Bandara","https://www.facebook.com/people/Dilan-Bandara/pfbid03sxbYBBqtVjQFEF1G1LFz8zcfsrNKuAdVpmugErgg4bm7hg7rAPG33aVdgPnagjSl","හාමුදුරුවන්ගේ එවා    සිවුරට   මතක  නැ"
"Ranjith Jayawickrama","https://www.facebook.com/ranjith.jayawickrama.3","අයියෝ ඇයි මෙයා මෙහෙම වුණේ"
"Sachith Rukshan Dananjaya","https://www.facebook.com/people/Sachith-Rukshan-Dananjaya/100082896536574","Amboooo thittagallayata puka pala. Yann hithei🤣🤣🤣"
"Akash Priyashan","https://www.facebook.com/people/Akash-Priyashan/pfbid0EPnfgdzG4h8r5VtTLWm13nD6BizAqKthoSn7NFakTWXpvVrbSdLHSagEBtmSCQrzl","Onama pajathi vadak karathaki, ehemada....."
"Bavitha Ranga","https://www.facebook.com/bavitha.ranga","Kohenda katha karanne"
"Sudath Shantha","https://www.facebook.com/sudath.shantha.578868","Munta pupe arinna ona police tiyala .😂"
"Priya Vithanage","https://www.facebook.com/people/Priya-Vithanage/pfbid02ywpMvMkKfErvnQHr12e2qctE4F7pH97Y52f6sbv3G95N7FxbugDnd7Nu2Yro5z2ol","තිත්ත බන"
"Milhan Mohamed","https://www.facebook.com/milhan.mohamed.7315","Ow thopila merenna oney"
"Rasika Chamara","","මේ මහණ වෙලා ඉද්දී...."
"Chaminda Niroshana","https://www.facebook.com/chminda.niroshana","Thope bana ounta thamai hariyanne"
"Sunil Kularathne","https://www.facebook.com/sunil.kularathne.2025","තිත්තෙ එතකොට දැන් කියන #ත්තෙ කතාව මොකක්ද."
"Uditha Chintake Nammuniarchchi","https://www.facebook.com/uditha.chintake.nammuniarchchi","ඔය කියල තියෙන්නෙ... 🤣🤣"
"Ranjith Kulathilaka","https://www.facebook.com/ranjith.kulathilaka.2025","Birthday 🎂 🥳🎉 party එක මතක් නේ ......😂😂😂😂😂😂😂😂😂 කොහෙද තිබ්බෙ"
"B Amith Rangana Perera","https://www.facebook.com/bar.perera.71","සිවුරක් පෙරවගෙන හොරකම් කරනවා කියන්නේ බුදු දහමට කරන මොනතරම් අගෞරවයක්ද  උං කොහෙද සිවුර ගලවන්නේ උන් හොරුනේ ඒකටනේ සිවුර පෙරවාගෙන ඉන්නේ⁉️"
"Sara Malitha","https://www.facebook.com/sara.malitha","බයියෝ බන අහනවා..😂😂 ඇත්ත කියනවා...මූ දන්නවා ඌත් කරන්නේ රට හදන්න දෙන්නේ නෑ..🤭🤭🤭"
"Kelum Wickramasinghe","https://www.facebook.com/kelum.chaminda.31","පිස්සෝ එන තැනත් දන් නෑ යන තැනත් දන් නෑ.෴ ඒකට තමයි පැරන්ණෝ කිව්වේ  “පිස්සට හැතම්ම නෑ” කියලා"
"Amila Kumarage","","ඇයි දැන් එහෙම වෙනකොට කෙදිරිගාන්නෙ?"
"Harshana Bandara","https://www.facebook.com/harshana.bandara.908347","යකෝ මුන්ට වැහි නැති හෙන ගහන්න එපැයි 😁"
"Kaveesha Nethsadi","https://www.facebook.com/people/Kaveesha-Nethsadi/pfbid02fm4nnzWyTveA4A17UQDKbCbDToST64RcZRXZ452D6bP48bvM2nZvrhPprVKiMvGHl","Mun okkoma horu😂😂😂"
"Nisham Mohomed","https://www.facebook.com/people/Nisham-Mohomed/pfbid0Vn2zdfp4gYVhn9YU6tjzc6yyuV8NHfJvPx42Qt51nwHLaFWKgDQhWAj5HSMiwBpAl","Ganasara wage kattiya innakam ape rata hadanna beha , eaka piligannawada"
"හසිත පෙරේරා","https://www.facebook.com/i4x6d239uh","හැබැයි අනුර පොඩි මිනිහා පොරට එහෙම කරන්න දෙන්න බෑ පිස්සුද එහෙම කරන්නෙ කොහොමද 🙄 එහෙම කරොතින් තොපි සේරම ඇතුලෙනේ 😂😂😂"
"Dhammika Sujith","https://www.facebook.com/dhammika.sujith.92","මූ දෙපත් නයෙක් වහලෙක් බයියෙක් කාලකන්නියෙක් සක්කිලියෙක් රාජපක්ෂලගෙ  පුක ලෙවකනෙ කාලෙ රාජපක්ෂල මුගේ පු..අ කාලෙ හාමූදුරුවරු පාලකයොන්ට යටත් ඕන  පලකයොන්ට අවනත වෙන්න ඕන.දැන් පාලයකො මුංට යටත් වෙන්න ඕන මුංට අවනත වෙන්න ඕන මුගෙ අම්මගෙ නිතියක්නෙ ඒක.හොර තක්කඩි දේශපාලුවොයි තොපි වගේ කාලකන්නි සක්කිලි බයියො පුක විකාගෙන මර ලතෝනි දුන්නට සතේක වැඩක් නැහැ.දැන් නීතිය කාටත් එකයි කාටත් පොදුයි ජනාධිපතතිත් එකයි සාමාන්‍ය පුරවැසන්ටත් ඒකමයි.vip දැන් නැහැ එහෙම හිතාගෙන් උඩ පැනපු එවුන් ආගිය අතක් නැහැ හොයන්නවත් නැහැ සිල්වත් සැදැහැවත් ගුණවත් පිංවත් ආගමානුකූලව ජීවත්වත් වෙන හාමුදුරුවොන්ට අපි දොත් මුදුන් තබා වැද නම්ස්කාර කරනවා එවන් හාමුදුරුවන් වහන්සේලාට නිදුක් නීරෝගී සම්පත් ලැබෙන්න ඕන දීර්ඝායුෂ ලැබෙන්න ඕන කාලකන්නි සක්කිලි හොර තක්කඩි දේශපාලුවන් පස්සෙ යන මූ නාන්සාරය වනචාරියා කස්සපුකා ඇතුලු රටට කෙල උනත් ආගම හැදිගෑවිල ගියත් අපට කන්න දෙනවන්ම් බොන්න දෙනව නම් සල්ලි වාහන  දෙනව නම් මොකා රට කෑවත් විනාශ කරත් අපෙ මොකෝ කියන කහකඩයොන්ගෙ සිවුර ගැලෙවුවට කිසි ප්‍රශ්නයක් නැහැ ගල්වන්න මේ තරම්වත් පරක්කු උණ උන එකයි ප්‍රහ්නය.තවත් එකක් ජනතාව මේ ආණ්ඩුවෙ පොරොන්දු මත තමයි ජනතාව පත්කර ගත්තෙ.අනිත් එක මේක අධිකරණ තීරණයක් ඒක වෙනස් කර ගන්න අධිකරණයට පලයල්ලා කාලකන්නි හැත්ත"
"Buddhika Sandaruwan","https://www.facebook.com/buddhika.sandaruwan.752","සාදු.."
"Chaminda Niroshan","https://www.facebook.com/people/Chaminda-Niroshan/pfbid02Eey5rpdsWuREPuEVSAfRZ8jYoXSqcBS3ha33ykgDKbWp1fPovLySbu4rxEeExDG6l","මු  ගුකන උන්  බන්  මුන්ගේ මහා එකාගේ ඉදලා  වැදි බන  තමයි  කිව්වෙ  ඇත්තයම  මුන් ඉන්නකම් රට හදන්න බෑ"
"Susil Kulathunga","https://www.facebook.com/susil.kulathunga.92","දිව දෙකේ කතා පුකෙන් කතා කරයි එ එදා අද කොහොමද තමන් කැමති පාලකය  නෙවෙයි දැන් රට පාලනය කරන්නෙ"
"Malinga Eranda","https://www.facebook.com/malinga.eranda.2025","Lankawa haanna ubala denne na😂 Moko kiyanne 😈"
"බ්ලොක් ගල් සපයන්නෝ","https://www.facebook.com/6b8u7pfesi","ane pala yanna gon pakaya"
"Madawa Sandaruwan","","මිනිහා බොරු විතරක්ම කියලත් නෑ.. ඇත්තත් ටිකක් කියලා තියේ.. මේකා දේශපාලනයටම තමා හරියන්නේ... ඌ කියපුව ඌටම මතක නෑනේ.."
"Sirimewan Rathnayake","https://www.facebook.com/people/Sirimewan-Rathnayake/pfbid0kaeNF3YBXKk3tauVTF7EuMyhTEJiyQbFFbg22XGLKJSp6oNBoAaCWuQEJv7DQ7pAl","ඇත්ත.තිත්තෛ"
"Bibilegama Rahula","https://www.facebook.com/bibilegama.rahula.2025","Meya sarsnaggiya ayath en nnwane"
"Chaminda Kumara","https://www.facebook.com/people/Chaminda-Kumara/pfbid0LHchJDwwhXnzQtinMUT9efVEsYUnTnDrNnAkHkWSgppDwori8uCq2EYCD28J6SLzl","V  8 එකට කතාව මාරු කලා සරලයි"
"Nishantha Fernando","https://www.facebook.com/nishanthafernando.fernando.3","මේ ඇත්ත කියන කාලේ කරපු කතාවක්"
"Saranga Kiridena","https://www.facebook.com/saranga.kiridena.5","මෙන්න නියම අපේ පූජනීය බුදුන්ගේ සංස්කෘත / පාලී බාෂාවෙන්ම දේශනාකරන සාටක නිකායේ අමනසාර මචංගේ වරු පිරිතක්. බල්ලා ඌ ඉස්සරවෙලාම බික්ෂුවක්ට කතාකරන්න නොදන්න අමනයා. මේවා නියපොත්තෙන් කඩන්න තිබුනු ඒවා දැං පොරෝපාරවල් ගහන්න වෙලා තියෙන්නේ.  මහා සංඝ අධිකරණය කියලා නාට්‍යයක් තිබුනා ටික කාලෙකට කලින්, ඒයාලා කොන්ද කෙලින් තියන් ඕකුන් 1-2ක කරද්දී සිවුරු ගලවලා, මහානායක වහන්සේලා කරාන්න ඕනාදෙයක්. එහෙම උනානං ඔය අමනසාරගේ, කාලකණ්ණි හේමරතනයා, මගල්කන්දේ ගල්සාදු, ඉත්තෑකන්දේ දේශපාලුවා, අර ලගදී ගෑනු 2කක් එක්ක ගමේඋන් හෙලුවෙන් අල්ලාගත්තු එකා, ඔය ඔක්කොම බල්ලො අපේ පූජනීය / ගෞරවනීය සාසනේ කන්න ආගමේ පවට, ජාතියේ අවාසනාවකට උපන් සාටක නිකායේ බල්ලො"
"Chamindu Ekanayaka","https://www.facebook.com/people/Chamindu-Ekanayaka/pfbid0vsNLTBmeJCbMU6XhUFLn5pmnQPB5ZPkuo7QFjdArxF2WfR3Q9k5Xe4hcK6i1nevAl","අකාලික බණ නෙවෙ කාලික බණ😄"
"Sarath Athukorala","https://www.facebook.com/people/Sarath-Athukorala/pfbid02h55PE3p7cMwRkRiyFU1BvtvJA8JL7Mez35z8Qc98L1htezh18fnrc126xdKJL6qYl","Maru thoge baila"
"Dilan Dhanushka","https://www.facebook.com/dilan.dhanushka.2025","ඒ කියන්නෙ දැන් මුන්ව මරන්න ඕනද"
"Ashan Chinthaka","https://www.facebook.com/ashan.chinthaka.885576","කොහෙන්ද හාමුදුරුවනේ බන කියන්ට ඉගන ගත්තෙ"
"Suranjan Priyanga","https://www.facebook.com/suranjan.priyanga.2025","ඒක මේ ඉන්නේ ගොන් කරාට තේරෙන්නෑ"
"Shashi Manisha","https://www.facebook.com/people/Shashi-Manisha/pfbid02z4hPbtf2Jpw1XyuEByhzF6RqKC7SiJYnUTrFZtWkBE5SGkHWH2EUhC3vRu57x16Vl","ඔබවහන්සේ එදා මේ විදියට කිව්වා ඒත් දැන් ඔබ වහන්සේ ඒ කියපු දේවල් වෙනස් කරලා ඇයි එහෙම එදාට එහෙම මෙදාට මෙහෙම කතා දෙකක් කියන්නේඑතකොට ඔබවහන්සේලාගේ වචන කොහොමද ගිහියන් වශයෙන් අපි පිළිගන්නේ"
"Aselawellpalle Welpalle","https://www.facebook.com/aselawellpalle.welpalle","Night Club ගියේ නෑ...මේවා කුඩුනොගහපු බණ..."
"Sudesh Madusanka","https://www.facebook.com/people/Sudesh-Madusanka/pfbid0xdvALj77sfiFG2TsgRxjYNfUF64FyQMy8rXmTVfZTA2wGpp3qPWuBwM2j9ShpV2wl","මන් ජනාදිපති වුනානම් මුන් ඔක්කොම එකා එකා අතුරුදහන් කරනව"
"Ajith Perera","https://www.facebook.com/people/Ajith-Perera/pfbid0NgrkwPbVXtc6zSdWTbDLqR44RT4s9BE67Y2rFpfheyVeq96y6Z4cJe3V99G7AsoHl","ඔව්.  තොපි වගේ හැත්ත ඉන්න කම් මේ රට හදන්න බෑ."
"Chamila Rathnayaka","https://www.facebook.com/people/Chamila-Rathnayaka/pfbid02J5QGyqMGXJXBTgZ9uSbYivhp7dGPqD5FejEdaD93FJqg1AgeL3dunUxy35N2Adzkl","Mugan bana ahanaun balaallako onna"
"Amila Ruwan","https://www.facebook.com/amila.ruwan.35380","මු අමු ඩයල් එකක්නේ"
"Kavinga Prasad","https://www.facebook.com/prasad.kavinga","මුන් කටන්ද පුකෙන්ද කතා කරන්නේ බං😂"
"Pathum Colombage","","අම්මට තිත්තගල්ලේ, සාදු සාදු සාදු....   !!!"
"Nimalka Madhushan","https://www.facebook.com/nimalka.madhushan.9","අර අත්සන් ගන්න එද්දි මෙන්න මේක පෙන්නගන්න විදියක් තිබ්බෙ නෑනෙ අම්මපා 😆"
"SD Bandara","https://www.facebook.com/senarath.dayasiri","මු ඇත්ත කියන්නේ රාජපක්ෂලට විතරයි. මුන් මරු බඩු අප්පා."
"Nuwan Aravinda Bandara","https://www.facebook.com/nuwan.aravinda.bandara","මැදමුලනෙ අසූචි හොඳටම වලඳන කාලෙ ....මාවො සේතුං හිටියනම් උඹලා නෑ බං තිත්තගල්ලෙ"
"Saliya Priyadarshana","https://www.facebook.com/saliyap1","මූ කෝමා වෙලා ඇවිත් තියෙන්නෙ😂😂"
"Kushan Lakshitha","https://www.facebook.com/kushan.lakshitha.87123","ඇත්තම කියලා තියනවා හැබැයි 🙈🙈🙈"
"Manju Rajapaksha","https://www.facebook.com/manju.rajapaksha.5","මේ වගේ අපතයො 😄😄😄😄"
"Sampath Hettiarachchi","https://www.facebook.com/Mr.Hetti","Dhammika Munasinghe බනක් අහන්න 😂😂"
"Hemantha Kasun Sri Wadimuna","https://www.facebook.com/hemanthakasun.sriwadimuna","Anna ekai"
"S B Palle Kubura","https://www.facebook.com/people/S-B-Palle-Kubura/pfbid025EopTHCxjousEYwb7bg1YZxM6KUXUbqGf5rqQd7T5LBczP9jGh1PK4czkqgMALS2l","මෙකගෙ දිව කපන්න ඔනෙ"
"Sujeewa K Jayasinghe","https://www.facebook.com/people/Sujeewa-K-Jayasinghe/pfbid02yyXKhw7yxLAz4tMQQQZaEXtqpVpLhkqtQttPdMocnkVNiwXX1ALUtUyr8HCQhHpl","Ape හාමුදුරුවනේ  dan moko une"
"Mihipal Perera","https://www.facebook.com/mihipal.perera","තිත්තයා එදා කියපු බන අහල අද මාවොසේතු හිටියනම් මුලින්ම මරන්නෙ මේ කහකඩයව"
"Asanka Jayathilaka","https://www.facebook.com/asanka.jayathilaka.5","මූ දැන් කටින්ද කතාකරන්නෙ."
"Gamini Ariyarathne","https://www.facebook.com/gamini.ariyarathne.12","අංශක 180 ක් ආපසු හැරෙනවා කියන්නෙඕකට තමයි මෙයාගෙ ඇ...දෙක තියෙනවද දන්නෙ නෑ"
"Anusha Herathe Anusha","https://www.facebook.com/anushaherathe.anusha","Attatamada"
"Pradeep Sudasinhe","https://www.facebook.com/people/Pradeep-Sudasinhe/61583042883216","හෙහෙම කියපු තෝ දැන් පුංංං දෙනව කාලකන්නි පින් බතා"
"Lasantha Ananda","https://www.facebook.com/lasantha.ananda.2025","Wesige puthage eta thalanna ona"
"Nishantha Aberathna","https://www.facebook.com/nishantha.aberathna.777756","Aththatama mahanawela hit apu kale"
"Vkw Karunarathna","https://www.facebook.com/vkw.karunarathna.2025","ඒ පලාතෙ  ඒ කාලෙ  සෞඛ්‍ය  නිලධාරිනියක්  ඉන්න නැතුව  ඇති..අහල  පහල  උන්ගෙ  අමතක වීමක්......."
"Ravindra Kumar","https://www.facebook.com/profile.php?id=1406036245","තෝව මරන්න ඕන ඉස්සෙල්ලම ❤️😂"
"Dilini Nimesaa","https://www.facebook.com/dilini.nimesaa","මූ බික්ෂුවක් නෙමෙයි.. පිස්සුවක්"
"Janaka Thennakoon","https://www.facebook.com/people/Janaka-Thennakoon/pfbid02dyyKRg3j5z3Sm5ZP6KPDFeNr8bdCFFeCkxtQkpP4o61w8CZoNXoSEJXEGcuG6PU1l","හාමුදුරු කෙනෙක් උනහම මධ්‍යස්ථ මතයක් දරන්න ඕනෑ."
"Duminda Priyankara","https://www.facebook.com/duminda.priyankara.471565","ඇයි දැන් ඒක වෙනස් උනේ අපේ හාමුදුරුවනේ"
"Isuru Sampath","https://www.facebook.com/isuru.sampath.608015","තෝ දැන් කරන්නෙත් ඔය ටිකම නෙමේද 😂💔"
"Nandasena Abeywickrama","https://www.facebook.com/nandasena.abeywickrama","මුගේ කට කක්කුස්සි කටක්......"
"Prasad Suranga","https://www.facebook.com/sura.prasa.9","මෙන්න මේවගේ ගොබ්බයො තමා කටෙනුයි පුකෙනුයි දෙකෙන්ම කතා කරන්නෙ"
"Milindu Manodhya","https://www.facebook.com/profile.php?id=100002681911778","Buddhika Jalitha Olaboduwa මේ කොයි කාලේද බන්..😂"
"Gayan Weligama Weligamage","","මෙක නම් මෙ හාමුදුරුවෝන්ට පෙනකන්ම ශෙයර් කරපන්. මචන්. තිත්ත ගල්ලට .තිත්ත වෙන්නම."
"Aruna Bandara","https://www.facebook.com/people/Aruna-Bandara/100091459789982","Onnn okiii prasne 😂😂😂😂😂😂"
"Nishshanka Wijerathne Bandara","https://www.facebook.com/nishshanka.wijerathne.73","දැන් මොනවද ඔබ වහන්සේ දේශණා කරන්නේ. වැදි බණද හරි බණද?.  ඔබවහන්සේත් දේශපාලණය පස්සේ යනවා නේ."
"Herath Mudiyanselage Nayana Srimanjuka","https://www.facebook.com/people/Herath-Mudiyanselage-Nayana-Srimanjuka/61563558434426","Mouoo ganjaagahalada inne"
"Samith Hemasiri","https://www.facebook.com/samith.hemasiri.1","මුත් අමු බයිල ගහන්නෙ"
"Indika Roshan","https://www.facebook.com/profile.php?id=100064106310984","අන්න බන"
"Rukman Bandara","https://www.facebook.com/rukman.bandara","නැමොලයට ඔයටික නැවත පාරක් කිවනම් හොදයි"
"Methsiri Galathara","https://www.facebook.com/methsiri.galathara","එහෙම කියපු මේ චීවර ධාරිය ... දැන් මොකද කරන්නේ .... රාජ්‍යය පාලනයට විරුද්ධව කතා කරනව දැන්  ... නීතිය ක්‍රියාත්මක වෙනකොට ඒක විවේචනය කරනව"
"Maleesha Kithruwan Jayawardena","","Chuti Chuti මුන්ට දිවවල් දෙකගානේ තියෙනවා මං හිතන්නෙ.. 😁😁😁"
"Prabath Senadipathi","https://www.facebook.com/prabath.senadipathi.12","හරක් මරන්ඩ හොද නෑනේ එකයී කුඩූ කරේ දැං එහෙනං අව්ලක් නෑනේ"
"Hàrshánà Aj","https://www.facebook.com/harshanaaj","Ravi Kahingala api neme kiyanne"
"Ravi Kahingala","https://www.facebook.com/ravi.kahingala","Hàrshánà Aj Den Oya kawada maranna kiyanne malli Hamuduruwonda Kadinla thumawada??,,,"
"Hàrshánà Aj","https://www.facebook.com/harshanaaj","Ravi Kahingala  kawawath maranna neme 😂 palakayange neethi walata bikshun wahansela atha gasiya yuthu na.  Kathawe haraya aiyata therennathi prashnayak thiyenawa aiye 😂"
"Ravi Kahingala","https://www.facebook.com/ravi.kahingala","Hàrshánà Aj Ethakota palakaya Ketha Jara weda karanawanam Balaya thiya ganna Hamuduruwo kata wahan inna oneda Ape rate ithihasya bedila thiyenne Biksuwa samaga"
"Hàrshánà Aj","https://www.facebook.com/harshanaaj","Ravi Kahingala ehema mokadda dan anura kare ?"
"Danushka Godakanda","https://www.facebook.com/danushka.godakanda.2025","අනේ පැංචෝ 😁😁😁😁 කියලා කියන්න බෑනේ හාමුදුරුවෝ කෙනෙක් නේ 😁😁😁"
"Manoj Kumara","https://www.facebook.com/people/Manoj-Kumara/pfbid0292DCWSUBqKJJu3177jJyAEbQmfQyA54LcQvcAMz2SU5Z1Fyf8sqCdstjaSp3HxGol","Katen puken kata Karanawa kiyanne mekata"
"Supun Dilip","https://www.facebook.com/supun.dilip.5268","කටේ දිව දෙකක්ද බලහන් 😂"
"Asela Damith","https://www.facebook.com/people/Asela-Damith/pfbid02jEzhbj2G2Dfu56vdm8vJcPnzzHQCp72jyFUFriRiA8myk3cJZ1mNUzdQE2HgjoSal","Aniwatenm thopi maranna oni"
"AS Ranasinghe","https://www.facebook.com/asranasinghe","හොරු ලගට වැටෙන්න කලින්..😂"
"Buddika Mahesh","https://www.facebook.com/vxyebeb3qk","මූට යකෝ වාරික වසයෙන් හෙන ගහන්න එපැයි 😅"
"Keerthi Jayanath","https://www.facebook.com/nikamatawage.12345","මු එදා දැන් මෙිදා..😂😂😂"
"Lasantha Sampath Vidyarathna","https://www.facebook.com/sampath.vidyarathna.7","😂😂😂 ඔහොම කිය කියා ඉන්න කොට කණ්නාඩියක් ඉස්සරහින් ඇල්ලුවා නම් මරණ බය දැනිලා දුවයි 😂😂😂"
"Milusha G Kodithuwakku","https://www.facebook.com/chooti.malli.18","Madusanka Kodithuwakku  Chaminda Jayashan Kodithuwakku Chaminda  Kithsiri Lakmal  අහපල්ලා බන ටිකක්..😂😂😂"
"Lakmal Dhanushka Rajapaksha","","Tittagalle Thero කෝ දැන් මේ ටෝක්ස් ?"
"Viraj Udayanga","https://www.facebook.com/viraj.udayanga.988","බනත් කියලා දැන් කරන්නෙත් ඒ දෙවල් මයි"
"Sunilchandra Chandra","https://www.facebook.com/sunilchandra.chandra.77","Atha thamai thopi siuren thopi elawauwe nathnam lankaweth wene hamadama higakana thamai wene"
"Chami Galahitiyawa","","හැමි€₹₹නෙනෙවා ඉදලා හිටලා 😅😅"
"Jayathilaka Bandara","https://www.facebook.com/jayathilaka.bandara.12498","Aehtha.bana"
"Samantha Kumara","https://www.facebook.com/samantha.kumara.121796","මෙයා මොනාද ඒ කාලෙ කීවෙ දැන් ඇයි මෙහෙම  අවුලක් තියෙනවනෙ"
"Roy Fernando","https://www.facebook.com/roy.fernando.852935","Mu gnja gahana eka nathra krla den"
"Gk Pushpakumara","https://www.facebook.com/gk.pushpakumara","මේ වගේ තක්කඩින් ඉන්නකං අපේ රට හදන්නත් බෑ තමයි"
"Ishan Aruna","","Mona සිපයියෙක්ද මේ...."
"Manoj Priyankara","https://www.facebook.com/manojpriyankara.95","Ado mewa danna epa bn. Arunta puca hapan merenna hitenwane😂"
"MH Hewawidana","https://www.facebook.com/madhusha.hewawidana","ඒ කාලෙ වාසි ගන්න කිව්ව කතා"
"Ravindu Madhushan","https://www.facebook.com/ravindu.madhushan.210659","😂😂😂Ado"
"Nethu Palihawadhana","https://www.facebook.com/nethu.palihawadhana","Oya kiyanne"
"Ravindra Sampath","https://www.facebook.com/ravindra.sampath.90038","Den bana wenad  wela  neda  ape  hamuduruwane ..හැබැයි   anura mahattaya   ananthareeya  papa karma  nokarav"
"Kopul Champika","https://www.facebook.com/people/Kopul-Champika/pfbid0gRqTivi2dQJWtTvJfv1yAzbrXdG8Xpmekok5zJ8Hyw6chPZwwvPvaWD9XPAXuT3gl","මේක දැන් ගන්ටාර ගහ.ගහා.යනව.ඇයි 🤮🤮🤮🤮🤮🤮"
"Navod Keliya","","ටහිකෙන බණ මෙව්ව... 😂😂"
"Sampath Bandara","https://www.facebook.com/people/Sampath-Bandara/pfbid02bNw91PFR9m1jS6F1Gh3tdNpvusdFWcQgwS5geM2r4avGpE2rAf5WMV9563gDszcal","Mu para sakkili nugath wesa ballek..."
"Palitha Pathirana","https://www.facebook.com/people/Palitha-Pathirana/pfbid0K36o7eobGBBpeAEu7LTNgdVXYdypsXoTCi4zYNrcji8jLLZyQHqUm2tQkimZ8okPl","Loka kupadiyek oka."
"Ayom Appuhamy","https://www.facebook.com/ayom.prebashana.5","Awasarai ape hamuduruwaneh 😂😂🤣"
"Ravindu Malinga","https://www.facebook.com/ravindu.malinga.161","දෙකම කියනවා 🤪"
"Viraj Nilantha","https://www.facebook.com/people/Viraj-Nilantha/100005527576179","දැන් මෙයාට මොකක්ද වෙන්න ඕන"
"Pradeep Dolamulla","https://www.facebook.com/pradeep.dolamulla","මූ මේවා කිවුවෙ මහනදම් පුරන කාලෙද, දැන් මූ කරන්නෙ ⁣සිවුරට මුවා වෙලා සැප විඳින එක දැන් මූට ඕන බුදු දහම විකුණගෙන කන්න"
"Charith Milinda","https://www.facebook.com/charith.milinda.10","එහෙමයි😂"
"Sujith Liyana","https://www.facebook.com/sujith.liyana.5","Kathawa wenai den wenai ,,🤣🤣🤣🤣🤣🤣🤣ewa rajapassa kale den wenai"
"Anushka Jayaweera","https://www.facebook.com/anushka119","Ashini Pushmika මොනවද මේ කියන පව් කතා"
"Ajith Priyantha Senasige","https://www.facebook.com/ajithpriyantha.senasige","දැන් කතාව වෙනස්.කියනකොට එහෙමයි. කරනකොට මෙහෙමයි🙏🙏🙏"
"Rohitha Rohitha Wickramasinghe","","Pissek"
"කෝ සා මදුශාන්","https://www.facebook.com/kosala.madushan.79","විහිලුවක් වෙනවා ,අපෙ හාංදුරුවනේ 😂"
"Wanigasingha Arachchige Saman Priyantha","","Ithin maramuda....."
"Malindu Nisal","https://www.facebook.com/Urban.iMN","අහම්බන්තේ 🙏"
"Srinath Mahesh","https://www.facebook.com/people/Srinath-Mahesh/pfbid0SYQqYFY9uLgbiVPeN1kp1tqa4ExQnM4f7vszuJ8bt5YUSqqKqcs4SwZBfsTYbaGxl","ලමයි.දූෂනය.කරන..හාමුදුරු.කරනවනමි.ජනතාව.අවවාද.කරන්න.වෙයි."
"Maduka Chamara","https://www.facebook.com/people/Maduka-Chamara/pfbid0hDNqng59bdx2m7aUf1tExApQrt8cTBoq78TkVhQrathbS5A189AFtfcacCFRczhql","ගුලි කාපු එකෙක්"
"Fit Kasunjith","https://www.facebook.com/fit.kasunjith","ශෝක් බන ටික 🙏🙏🙏🙏🙏🙏🙏.. ටිකක් තිත්තගල්ල වගේ 😂😂😂😂😂😂"
"ඉන්දු ඉන්දු","https://www.facebook.com/indunil.dinesh.5","වැදි බන"
"Sandeepa Dananjaya","https://www.facebook.com/sandeepa.dananjaya.7","Ekane mun mee dan kegahnneee"
"Niku Mendis","https://www.facebook.com/profile.php?id=1418892481","කොහෙන්ද අනේ මේවා හොයා ගන්නෙ😮"
"Damith Lakmal","https://www.facebook.com/damith.lakmal.458005","කවුද බං මේ 😂"
"Sanka Perera","https://www.facebook.com/sankaperera.perera","මුට මුගෙ බනම අහන්න දෙන්න ඕනි... ඊට පස්සෙ අර ගිරව් දෙන්නට උන දේ මුටත් උනා..පව් මු..."
"Bandula Priya Perera","https://www.facebook.com/bandulapriya.perera","Anna eadavasvala kiyapu katha,"
"Channa Prasad Jaye","https://www.facebook.com/chamath.chandrasinghe.18","Mu danna bana"
"Sunil Senevirathne","https://www.facebook.com/people/Sunil-Senevirathne/61590549737755","Thanikara Athyha.ethakota dan😮"
"Niel Hettiarachchi","https://www.facebook.com/people/Niel-Hettiarachchi/pfbid0sqRzBvXpXpXGU4xC24itTJ2Xupe61uRTXUVg4B5KxZq75Hs2VXCFTnqqrGscPT6Al","Meka Dan marila ipadilada"
"Thineth Wijesinghe","https://www.facebook.com/thineth.wijesinghe.2025","#බයියෝ මෙහෙම hashtag එකක් ගහලා සියලුම බයියෝ මේ වගේ පෝස්ට් වලට mention කරන්න බැරිද බන්?"
"Madhuranga Vijesiri","https://www.facebook.com/profile.php?id=100035109397150","Thineth Wijesinghe පුලුවන් #බයියො"
"Nishan Lakshitha De Silva","https://www.facebook.com/nishan.lakshitha.de.silva","මූ බණත් කියලා ඒ කාලේ😂"
"Yoshith Dilantha","https://www.facebook.com/YoshithDilantha","ඝනයගෙ බණ වගේම තමයි වැඩත්"
"Palitha Sirilal","https://www.facebook.com/people/Palitha-Sirilal/pfbid0QnC4fnkCnpTzD81CQ14o7BrcZURCPobun3oynYwrYPKaEQebLuRuJY6nrgu79ySkl","Ane palayan yanna"
"Sanjaya Sadaruwan","","මූ කටෙන්ද කතා කරන්නේ නැත්නම් පු ##න්ද කතා කරන්නේ"
"Ruwan Hettiarachchi","https://www.facebook.com/ruwan.hettiarachchi.43490","Meka ekatama penuwanm hodyi"
"Mohamed Nuzair","","😂😂😂 ඔස්තාර්ලා😂😂😂 අනාගත හොරුන්ට බණ 😂😂😂"
"Mahesh Jayasundara","https://www.facebook.com/mahesh.jayasundara.180","Tharindu Sathsara meka balapanko"
"Harald Laxman","https://www.facebook.com/harald.laxnan","බරි කැන"
"Kelum Harshana","https://www.facebook.com/kelum.harshana.50","අඩෝ තිත්තේ"
"Lahiru Chathuranga","https://www.facebook.com/people/Lahiru-Chathuranga/pfbid02mwGvPk3kX1gUZ4k9rVWoCncmyA4Dy62axb25J6Zh1nQTGT2E9rSMghkM8dESBG7Ql","Sirama"
"Nalin Gunarathna","https://www.facebook.com/people/Nalin-Gunarathna/61583704094080","ඔබට මතක නැති උනාට  අද වාගේ  මතකයි  මට"
"Saman Kumara","https://www.facebook.com/saman.kumara.463158","Pakayoo horaganayoo too daenkiyannae monavada tattayaa Kari hora ganayaaa👍👍👍🇱🇰🇱🇰🇱🇰🇱🇰"
"Tashila AmarathunArachchi","https://www.facebook.com/tashilaLIVE","සාදූ 🙏"
"Mayura Nilanka Muthumala","https://www.facebook.com/nilan.nilan.125332","තක්කඩි ඝනයෝ"
"Rishan Pitumpe","https://www.facebook.com/Rishan.pitumpe","Mun mahana karanna oni affa"
"Damith Sadaru","https://www.facebook.com/damith.sadaru","Munta katha hadala API nikqn paw purawaganna eka vitharai API karanne"
"Dinesh Lakmal Dinesh Lakmal","https://www.facebook.com/dinesh.lakmal.927758","Dan pakada kiyanne oya"
"Yohan Madusanka","https://www.facebook.com/hashhotrebz","තිත්තයට ට්‍රැක් පනින්න කලින් 😂"
"Buddhika Sandaruwan Senanayake","https://www.facebook.com/buddhika.sandaruwansenanayake.7","වාසියට බන"
"Konara Mnp","https://www.facebook.com/konara.mnp","ඔවු ඕනි මගුලක් කරන්න ඇරපල්ල."
"Best Look WM","https://www.facebook.com/jagathchandana.chanadana","මේ wesige පුතා එතකොට දැන් මොනවද කරන්නේ මේ"
"Lalith Lalith","https://www.facebook.com/lalith.lalith.731398","මුන්ගෙන් තමයි බං රට බෙරගන්න ඔනි"
"Tharanga Mendis","https://www.facebook.com/profile.php?id=100054242807563","යකෝ මු දැන් කරන්නෙත් මේ කරන්න එපා කියන දේ නේද😂😂😂"
"Mahanuwara Kassapa Himi","","Dabane Podi Hamuduruwo awasthawadi minissu"
"Harshana Lakmal GP","","ඇත්ත කතාව😛"
"Nuwan Damith","https://www.facebook.com/nuwan.damith.3","Nishyamalee De Silva නිදාගෙන හිටපු දවස්වල"
"Sandamalaka Ilukpitiya","","මුගෙ ඔළුව හැප්පිලා තියෙන්නේ 2024AKD ආවම"
"Arun Mike","https://www.facebook.com/aruna.manjula.5","දැන් ලබ්බක් කියන්නෙ 😂😂😂😂"
"Janak Chathuranga","https://www.facebook.com/janak.chathuranga.9","Maru baduvak thamai😂😂"
"Suneth Lakruwan","https://www.facebook.com/suneth.lakruwan.387387","Muge diwa kapanna epay eda ekay ada ekay munta doduda"
"Pawan Moment","https://www.facebook.com/people/Pawan-Moment/pfbid02SATdZXaPi3VkQjGANFsmgPMciNaYq3MsGw9oVkkK1rBpdRR2TcushR1LNAVt8YuBl","Mee Keri ponnaya den kohomada katha karanne"
"Seek Razal","","හැරෙන හැරෙන..පැත්තට කතා කරන..ගෙරි පරය...කාසවඛණ්ඩ ..ගෝතය.."
"Nimal Gallage","https://www.facebook.com/nimal.gallage.56","මූට ඒ දවස්වල කියපුව මූම කඩනව"
"Dhanushka Prabhath Dissanayake","https://www.facebook.com/amila.kumaara.33","එක එක එලියට එනව. දැන් මුන්ම අත ගහනව ඒවට"
"Kanishka Lahiru","https://www.facebook.com/people/Kanishka-Lahiru/61590872255846","බුදු බණ කියල දෙන්නම් වඩින්න ආර්‍ය ආශ්ටාංගික මාර්ගයේ ඉදන් හිත හදාගන්න තැන දක්වාම වීනයට නොව ගොතම බුදුන් දේසු බණ පමනක් අපිට දේශණා කරනු මැනව. බලං ගියාම අපිට වඩා තොපි පට්ටම පෘථග්ජනයි තොපිට සංඝ කිය හැකියද ? අපට උපාසක සංඝ කිව හැකිය"
"Amal Sandaruwan","https://www.facebook.com/amal.sandaruwan.351","යකෝ මූ බලපන්කෝ.කනට ගහල පෙන්නන ඕන මේක 😂😂"
"Warna Maduranga","https://www.facebook.com/aroshan.hettiarachchi","Gayan Jay Liyara මේවත් බලන්න පොඩ්ඩක්.."
"Kumudu VitanGe","https://www.facebook.com/people/Kumudu-VitanGe/pfbid02t19fnjobixnNPuvbswTVr4eyuArWWkJd3DD9HYdxXK9ngaKAAfYwmaEDaq9jHoxxl","Ape rate ehemada? Eda saha  ada ??? Monawada katha kale mathak kara ganima watinawa neda ?  Hamuduruwane? 🙏🙏🙏"
"Lakshan Dinusha Silva","https://www.facebook.com/lakshan.dinusha.silva","යකෝ මේන්න😂"
"Nalaka Ilangasinha","https://www.facebook.com/nalaka.ilangasinha","Topi innAkam hadnna ba"
"Dhanika Heshan","https://www.facebook.com/dhanika.heshan","Menna muge muna kuduwenna gahanna ekek nene"
"Dilan Rashminda","https://www.facebook.com/dilan.rasminda","Udeshika Mandawala මෙක ඇත්තද"
"Thuwan Rimzan","https://www.facebook.com/thuwan.rimzan.2025","සුපුන් ළහිරු මධුවන්තSuranga Rukmal මොනාද මේ කියන්නේ"
"Sisira Marabahewage","https://www.facebook.com/people/Sisira-Marabahewage/pfbid02TgNeig8y3fYFT4o7LMWeonYzZWyb5XRPMjUuyfifE3C9nfX8bj4GZLQCTjd45jtPl","Mu mokakda ban"
"Nirmal perera","https://www.facebook.com/nirmal.perera.421929","සබ්බේ සත්තා භවන්තු සුඛිතත්තා,තෙරුවන් සරණයි🙏☸️🤍!!.."
"Nalin Edirisinhga","https://www.facebook.com/people/Nalin-Edirisinhga/pfbid02QtCMpUiYaZeSP7w3rUj1YPFUUX97jpVuvHGPvBGsikdp8NbuKzrSCJ5TtiaLwn5Wl","Issaralama oba wahanseta tamai eka karanna wenne"
"Andrew Garfield","https://www.facebook.com/andrewgarfield2026","Ethakota dhunuara enna kuwe mamada"
"Sugath Hewage","https://www.facebook.com/sugath.hewage.766858","""කට බොරු කිව්වට දිව බොරු නොකියයි"" පැරණි සිංහල කියමනයිිි."
"Vijita Gunasena","https://www.facebook.com/people/Vijita-Gunasena/pfbid02wNJrruWrikEAPFztvkSVtDSUKT8rL61zqajhCabbumnYLhhEouxFvxHULArS4H5al","මෙම කියන්නෙ බමුණු බහ"
"Bandara Rathnayaka","https://www.facebook.com/people/Bandara-Rathnayaka/pfbid0h5J7TgDpuDY48cZvJvDTXXUNxXp63buNB7u5aENatioryz7nn8gNaAA4HL9mCBZWl","Topi karana budun kiyapu dada kad yana kivada"
"Samantha Bandara","https://www.facebook.com/people/Samantha-Bandara/pfbid02wpdQ7kQYTea3Zg7rQESJL4H8uguHBNpPxAUnSXnMdqU2ZrzoqJnRHkJtGfpjKi9ql","වහසි බන"
"Ishara Madhuranga","https://www.facebook.com/ishara.madhuranga.698712","mu buruwa kipu kathwa athma kinwa awsaneta mun innakan meka karnna ba kiala"
"Ruwan Kulathunga","https://www.facebook.com/bossynet","ඇත්ත"
"Ruwanthila Chamara Prasanna","https://www.facebook.com/ruwanthila.prasanna","Sampath Piumika RajapakshaKeshan S. Jayanathරොහාන් රාජපක්ෂ"
"Shwethaka Nirman","https://www.facebook.com/shwethakanirman","Isuru Eranga ඉස්සර බණ😅"
"Udaya Adikari","https://www.facebook.com/udaya.adikari.601746","Thithagalle මේං වැඩක් 😝"
"සමීර සම්පත්","https://www.facebook.com/zh2ec70pi3","මේ වගේ පිස්සු හුත්තලා තමයි ඤාණසාරට සාධාරණය ඉල්ලන්නේ.. ඇත්තත් කියනවා මුන් ඉන්නකම් මේ රට හදන්න බෑ මේ රට හදන්න නම් මුන් ටික එක්කො මැරෙන්න ඕනී නැත්තම් මරන්න ඕනී..."
"Sumeda Dissanayake","","මූ මහණවෙලා ඉද්දි 😂"
"Raveen Ushara","https://www.facebook.com/raveen.ux","බයියොන්ට එපා වෙන video මේවා😂"
"Malinda Max","https://www.facebook.com/malinda.max.7","වට්ටක්ක කාලා රෙන්න ඕනෙ කටවල්"
"Ranga ランガ Madushan","https://www.facebook.com/ranga.madushan.135159","ඇත්තනේ රට හදන්න බෑ මුන් එක්ක 😂😂"
"Udara Lakshan","https://www.facebook.com/udara.lakshan.984","Ven Parapamulle Sumanasiri අහගන්නකෝ අපේ හාමුදුරුවනේ"
"Sampath Udayakumara Balage","https://www.facebook.com/sampathudayakumarabalage.udayakumara","A kale katen Dan puken kathakaranne"
"Isuru Sudarshana Abeyrathne","https://www.facebook.com/sudarshanaisuru","Hasitha Rathnayaka මෙන්න භයියන්ගෙ හාමුදුරුවො කියන්නෙ.. 🙄 අපි නම් විරුද්ධයි මේ කතා වලට"
"Praneeth M","https://www.facebook.com/profile.php?id=100000566422982","අම්මපා.."
"Muditha Kumara","https://www.facebook.com/muditha.kumara.167","Dawel da😂😂😂 aniwa mun innaka ratak hadanna baha 😂😂"
"Neel","https://www.facebook.com/neelsusantha","Rasanga Jayawardhana me kalin kiyapuwa😁"
"Indika Thushara","https://www.facebook.com/profile.php?id=100000042168944","Shakya Sinhayo Ado ahapan meka siuru hora"
"Indrajith Wijesinghe","https://www.facebook.com/profile.php?id=100003129321700","Niroshan Ilangakoon උබලගෙ කාලේ බන. උබලගෙ අර සංවිධාන වල බන අහපල්ලා"
"Dhave L Tholkamudali","https://www.facebook.com/Dhave.L.Tholkamudali","ඔලුව කහ කහ කියන්නේ 😄"
"Pubudu Rukshan","https://www.facebook.com/ghp.hewage","Ehamada bro 😀"
"Lakkhana Hettiarachchi","https://www.facebook.com/lakkana.hettiarachchi.5","Upul Ediriweera Shalika Indrajith Bandula Jayamanna සාදු කියපල්ල බලන් ඉන්නෙ නැතුව 😅"
"Janith Kumarasinghe","https://www.facebook.com/janith.kumarasinghe.84745",""" මේ මේව පරන කිව්ව දේවල් දැන් ඒව අදාල නෑ"" මීට බයි ජනතාව😂😂"
"Pradeep Rajapaksha","https://www.facebook.com/people/Pradeep-Rajapaksha/pfbid0uZU6qZsNvEvjtvFpkpqX3ZKJKL4wcKGaRSo8wA4EvQxe4VsQVXmGiJjqWmciMGYql","Haminenawa"
"Suresh Hettiarachchi","https://www.facebook.com/suresh.hettiarachchi.52","බයි බණ"
"Preshath Disanayaka","https://www.facebook.com/people/Preshath-Disanayaka/pfbid0beLJ1wvheBmx6tkCvTPsS2Adbe4rcUXSrEr2uUGGN91Uvob6F4yxH9Ya8hVCz7Jel","😂😂 අද මෝකද මූ කීයන්නේ"
"Lahiru Sanjeewa","https://www.facebook.com/lahirusanjeewa.lahiru","Gobbaya"
"Priyankara Mendis","https://www.facebook.com/profile.php?id=61565963669658","Moo yako  Aththath Kiyala thiyenney? dan  dan moko umba karanney ethokota?"
"MA LI DU","","වැදි බණ මේ අහපු උනුත් හිටියා😁"
"Suranga Bandarigodage","https://www.facebook.com/suranga.bandarigodage","බුද්ධ දර්ශන අනුව යන කාලේ... මේ දේශනයෙන් පස්සේ වෙනස් ගනක් යන්න වෙලා වගේ.."
"Udaya K Rathnayaka","https://www.facebook.com/udaya.sampath.9003","ඒ පාලකයෝ රාජපක්ෂලාම විය යුතුයි..නැත්තම් භික්ෂු අභික්ෂු වෙනවා....😂😂😂"
"Rukshan Samarawickrama","https://www.facebook.com/info.samarawickrama","Aththa aththa"
"Yasith Dilanjan Perera","https://www.facebook.com/yasith.dilanjan","අඩෝ අඩෝ 🤣"
"Samitha Hewawasam","https://www.facebook.com/profile.php?id=100002555546347","තමන්ට කෙලවෙනකන් කතාව දාර්ශනිකයි"
"Suranga Priyanath","https://www.facebook.com/suranga.priyanath.92","Nuwan Deshappriya 😂😂😂 අසික්කිතම පොලිටිකල් කල්චර් එක දැන් යූ. එන්. පී එවුන් ගාවට වඩා දැන් තියෙන්නෙ බයියො ගාව"
"Sudheera Tharaka","https://www.facebook.com/profile.php?id=100094044948182","Mohan Chathuranga බණක් අහමු"
"Danush GamaGe","https://www.facebook.com/darsh.danush.9","ඇත්ත 🔥"
"Asanka Nawarathna","https://www.facebook.com/nmsa.nawarathna","Jeevan Chathuranga 😂😂😂 බහි ස්වාමින් වහන්සේ නමක් නේද මචං. පුත් කුමාරයා ඉන්නවා දැක්කද.."
"Jeevan Chathuranga","","Asanka Nawarathna මෙ හාමුදුරුවො පචයට චන්දෙ දුන්නා කිව්වා මන් දැක්කා"
"Tharindu Kalhara","https://www.facebook.com/Tharindu.Kalhara.Ahangama","සමහරුන්ගේ බණත් හරියට තණ වගේ.  පහු වෙන්න පහු වෙන්න හැකිලෙනවා. 😌"
"Sk Ginigaddara","https://www.facebook.com/people/Sk-Ginigaddara/pfbid02ZGcrGPwqNkhYydGVuacDbkDWwp7wwGnr1ha1yQu4ksfqKdQVcqDM8kFQ61CYsr1dl","බලු තක්කාඩියා"
"Dilshan Madu","https://www.facebook.com/madushanka2","ලගදිනෙ කොන්ත්‍රාත් එක ආවෙ එතකන් සෝයි එකට ඉදියා😅😂😂."
"Niroshan Samarawickrama","https://www.facebook.com/niroshanniroshan.niroshan.3","තිත්තගල්ලගේ ඉස්සර   බණ වෙනයි දැන් බණ වෙනයි අප්ඩේට් වෙලා"
"Indika House Plan","https://www.facebook.com/prasad.indika.144181","යකෝ මෙයා වෙනස් වෙලාද බණ වෙනස් වෙලාද 🤣"
"Thaaru Malith","https://www.facebook.com/thaaru.malith","රාජපක්සලා පාලනේ කරද්දින් මෙහෙම , අනිත් උන් නිසානෙ පස්නේ"
"Ranjith Wickrama","https://www.facebook.com/ranjith.wickrama.33","එදා පොහොට්ටු බණ"
"Hansika Chathurangani","https://www.facebook.com/udaya.block.56","සදරුවන් වන්නිආරච්චි අහන්න පින්වතුනි"
"Gayan Dissanayake","https://www.facebook.com/gayan.dissanayake.33","සා දු සාදු මාර බණ"
"දුමින්ද අනුහස්","","Shan Dinu ඒ බයිසන්"
"Hashan Romesh","","සාදු කියපං උම්තො"
"Virajith Thewarapperuma","https://www.facebook.com/virajith.thewarapperuma.2025","මුන්ගෙ වැදිබණ අහන්න යන්නෙ මුන්ටත් අන්ත මැට්ටයෝ."
"Udakara Ariyarathna","https://www.facebook.com/udakara.ariyarathna","Ranindu Liyanage hri hti httwal thmai kiyla thiyenne"
"Niroshan Rasnayaka","https://www.facebook.com/people/Niroshan-Rasnayaka/61583586745131","ඒ කාලේ මෙහෙම කියපු එකා දැන් පාරක් පාරක් ගානේ අත්සන් හිගා කනව.කට කන්න එපැයි මේකගේ දිව දෙකේ කතා කියනවට"
"Fahi Ahmed","https://www.facebook.com/fahman.ahmed1","Anna hre . A kale satake ne hitiye athakota wena neethiya.. den wena anduwak  a hinda kmk nahe 😂😂"
"Sameera Perera","https://www.facebook.com/sameera.perera.739127","ඒ දවස්වල මූවත් ම රයි කියලා රෙවිලා ඉන්න වෙලාවේ බයට කියපු බණ ඔය 😁😁😁😁"
"Vidusha Hasaranga","https://www.facebook.com/vidusha.hasaranga.2025","ඔය එන්නෙ නටන හේතුව 😂"
"කේ ටී ජයසිංහ","https://www.facebook.com/people/%E0%B6%9A%E0%B7%9A-%E0%B6%A7%E0%B7%93-%E0%B6%A2%E0%B6%BA%E0%B7%83%E0%B7%92%E0%B6%82%E0%B7%84/pfbid035KB8JAVnSVWTgcmUXqqExPoTkGGH1ddFX6vzcBZtmg14Ynv1LtiXmtmvg2UR6Rzzl","අඩේ ඉමදුවෙ තිත්තයා..😅😅"
"Sampath Dinesh Kumara","https://www.facebook.com/sampath.dinesh.kumara.2025","ඈ බොලාරියෝ දැන් තොගේ ඔලු මට්ටලේ නැති වෙලාද තියෙන්නේ කොහොම කෙරුවත් උඹ හදන්නේ චීවරධාරියෙක් උනාට උඹට ලෙඩ්ඩ ගැලවෙයි තව ටික දවසකින්. චීවරය චීවරයෙක්. උඹලා චීවරයේ ඉන්න තමයි අපි නූලා නැති වලට කණයා පණ්ඩිතය වෙන්න තමයි උඹ හදන්න ඔය පේනවද දැන් තොගේ පරණ මේ කෙරුවිලි නාමල්ලව තියාගෙන අරිමේ තියාගෙන කියපු දේවල් දේවල්. දැන් එතකොට ඒ කතාව කතාවක් පොර චීවරධාරියා"
"Nuwan Liyanage","","කබරයා"
"Max L-shan","https://www.facebook.com/LeshanRanganaWalisinghe","කුණු එකතුවෙන්නේ කුණුගොඩවල් වලට විතරයි."
"Dinuka Lakshan","","Ven Thiththagalle Anandasiri Thero - English hariyata bana kiyapu kalekut tibuna neda hamudurwane"
"Weeratunga Udaya","https://www.facebook.com/ranga.udayashan.weerathunga","මු ඇත්ත කියලත් තියෙනවා 🤌🤌🤌🤌🤌"
"Manjula Chaminda","https://www.facebook.com/profile.php?id=100009069056423","කාලේ හැටියට දේශනා ඉදිරිපත් කරන ආකාරය. මේ වගේ දෙබිඩි ජීවිත ඊයා"
"Sunilsiri Fernando","","ගොං පො.....යෙක්"
"Sh Madumal","https://www.facebook.com/sh.madumal.7","මූ ඇත්තත් කියලා නේද"
"Keneth Warnarathne","https://www.facebook.com/people/Keneth-Warnarathne/pfbid0kNQwNM1RYnPZ85XPKW3dTQEHqVrdfdTdBgrBswM8d17NyhqRK4Vj6ALvBcvB5v6Rl","කාටද  ඉතින් මේ ව කියන්නෙ  අම්ම  පා  😂🤣🤣😂🤣🤣"
"Tharindu Dilshan","https://www.facebook.com/tharindu.dilshan.50596","බන තලනව  😁"
"Skyine Marks","https://www.facebook.com/people/Skyine-Marks/61590445294245","යකෝ ex වත් මෙහෙම බොරු කියලා නෑ 😂"
"Guruge Nsk","https://www.facebook.com/people/Guruge-Nsk/61551031505474","මූ තිත්ත පැටියා.. අභිදර්මය අවබෝධ කරගනන් ගිහින් පිස්සු හැදුනා මූට.. තිත්තයා එනව අනුරට අවවාද දෙන්න😁"
"Hasintha Bandara","https://www.facebook.com/hasintha.jayarathna.5","Ven Thiththagalle Anandasiri Himi 😂"
"Kumara Priyadarshana","https://www.facebook.com/kumarapriyadarshana.priyadarshana","උගේ කතාව ඌටම ගැලපුණා.😁😁😁😁😁😁😁😁😁😁😁😁😁😁😁😁😁😁😁"
"Prabath Munasinghe","https://www.facebook.com/people/Prabath-Munasinghe/pfbid0qA8mqjJJPXUc99zjQjAmU8U2XKZqtA2h8nmVA3S7kq9Y1jyYQ1yEuxrs5kUsn4Gwl","Muta Salli dila wahana aran dila wadagana hitiya unta dan monawa hithenawa adda sasara kala kirunanan athi unta 😂"
"තරිදු ශානක","","දැන් මැරුවට කමක් නැද්ද..උබ මුලින් වරෙන් බෙල්ල තියන්න..🤣🤣"
"Sanjeewa Lakmal","","Kanata ekak gahala meka pennanna ona"
"Hkp Hareschanra","https://www.facebook.com/hkp.hareschanra","මුගෙන්ම් ප්ටන්ගමු කොනකෛදන්"
"Priya Liyanage","https://www.facebook.com/priya.liyanage.2025","Mokada Dan meka wenasune"
"Supun Iresha","https://www.facebook.com/profile.php?id=100002766621463","ඇට නැති දිව"
"Lakmal Wijerathna","https://www.facebook.com/people/Lakmal-Wijerathna/100091891030149","රාජපක්ෂ නිකායේ භික්ෂු ගණිකාවන් 😂"
"Rohan Indika Srilanka","https://www.facebook.com/people/Rohan-Indika-Srilanka/100087282207039","සිවුරුදාගෙන වාසියට බණ කියන වනචාරියෙක්"
"නිර් මාල්","https://www.facebook.com/9kef4ojh3i","Mudu හාමුදුරුවෝ kiyala naaa. huththo tho danne huththa.  Desana karala තියෙන්නේ."
"Rukmal Senadheera","https://www.facebook.com/rukmal.senadheera.7","Dhanuka Chathuranga    වරෙන්  බණක් අහන්න"
"Dhanuka Chathuranga","https://www.facebook.com/jvl7jvo2wz","Rukmal Senadheera huk"
"Sugath Pathbariya","https://www.facebook.com/pawan.damsara","මූ දැන් කරන්නේ ඒකද එතකොට"
"Sanjaya Herath","https://www.facebook.com/people/Sanjaya-Herath/pfbid0iXpmkYPPTbeoXeEbgDJQxQgYV9FHHAAaWh3zNiN4GZvovButuGMF47gedKynyV7wl","හොර වහල් බයියන් අහපියව් !"
"Oshada Viduranga","","Ko me thiththaya"
"Lahiru Prabashan Jayaweera","","මූට ඕන අවදානේ"
"Kavinda Rabel","https://www.facebook.com/profile.php?id=100005505434031","කැරිම වෙසාවෙක්  හැරෙන හැරෙන අතට බන කියනව 😂"
"අසංක හුරීකඩුව","https://www.facebook.com/asanka.hureekaduwa","මේ රට හදන්නත් සමහරක් මඑන්න වෙනවා 🤗"
"Uditha Jaburegoda","https://www.facebook.com/uditha.uthpala","තමන් දන්න බය්යො මෙන්සස් කරන් පලයල්ලා. 🙏"
"Angel Celluler","https://www.facebook.com/angel.celluler.7","අපිට එහෙම සෙට් උනොත් මුව....."
"Sanjeewa Sumith","https://www.facebook.com/sumith.sanjeewa.982292","කට කාපිය ඕකගේ 😁😁😁"
"Prasanna Gunawardana","","බුදුදහම විනාශ කිරීමට පිටතින් සතුරන් අවශ්‍ය නැහැ; ධර්මයේ නාමයෙන් ධර්මයටම පටහැනිව හැසිරෙන සිවුර දරාගෙන ඉන්න මේ වගේ පුද්ගලයො හිටියහම හොදටම ඇති"
"Sathruwan Weerasekara","https://www.facebook.com/sathruwan.sampath","ඉතිං මේ කතාව අනුව ඔබ වහන්සේ අපවත් විය යුතු නොවේද? වරදක් කීවා නම් ගැත්තාට සමාවන සේක්වා...!!!"
"Gamlath Milan","","Apppppo යකෝ... 😭😭😮😭😮😢😂😂😂🔥 මූන් ට මෙව පෙන්නන්න එකෙක් naddoooo....😭😮😢😂"
"Kumudu Sanjay","https://www.facebook.com/kumudu.sanjaya.7","සා දුසා දුසා දුසා........"
"Asantha Maddumabandara","https://www.facebook.com/asantha.maddumabadara","මුගෙ අම්මට යකො මූ"
"Nalaka Sanjeewa Kulasingha","https://www.facebook.com/nalakasanjeewa.kulasingha","හොඳට හිටපු මිනිස්සු තමයි රාජපක්ෂ භූකාලා වැනසිලාම ගියේ"
"Shashitha Diln Evo","","මෙයත් ඉන්නව..😂😂"
"Pasinda Gamage","https://www.facebook.com/pasinda","Ven Thiththagalle Anandasiri Himi"
"කවීශ නුවන්.","https://www.facebook.com/capgxkhzva","Rata hadannanam munwa maranna oni ehenam"
"Mangala Wijesuriya","https://www.facebook.com/mangala.wije","අම්මට සිරි....😂😂😂  ඒ බණ දැන් වෙනස් වෙලා ....."
"Kasun Udayanga","https://www.facebook.com/people/Kasun-Udayanga/pfbid02tsAhgKqH5UVLk49mYx9i9NopzrXnF18M2u94bR5xQ1b61x9AzABoa49QZXHRyGAvl","එතකොට දැන් ඔයා මැරිලද ඉපදුනේ පවු ඔයා"
"Mahinda Kodithuwakku","https://www.facebook.com/people/Mahinda-Kodithuwakku/pfbid0knYmXuAWssawm3VbHeLV95C1dh6wWNys3abrgi6NvzVe7bGye11tC7T1skhmfw3Ql","මුගෙන්  බණ  අහලද   29  ජනාධිපති   වෙන්ට   යන්නේ"
"Suranga Kumara","https://www.facebook.com/suranga.kumara.213501","😂😂😂😂 මූ වගේ අමනයෙක්"
"Sampath Ferdinand","https://www.facebook.com/people/Sampath-Ferdinand/pfbid02Zi4iTcoKgteZnZwnwLLckrvDZfSZr1xKarL29PtddMcrbEDt9wLdXAdSMqV8uUECl","තොපි දැන් අරූගේ සිවුර ගැලෙවුවා කිය කියා පාරක් පාරක් ගානේ හඩන්නේ යකො,,රටේ යහපත් උදෙසා කියා ඇයි දන් තොපිට හිතන්න බැරි කාලකන්නි කල වැද්දෝ,,,තොපේ වැදි බණ හොදයි තොපිවගේම පවුකරයන්ට,,,,,😂😂😂😂😂😂😂😂"
"Nandana Lal","https://www.facebook.com/people/Nandana-Lal/pfbid02JepY7rJJbyjkyTGjx9kXsWnmwkL8MCsj7AhCWpeUdGKFkmfiuhSfuew9mo59Mguvl","තොත්ත මරන්න වෙනවා වෙසිගෙ පුතා"
"Denash Chande Mal","https://www.facebook.com/people/Denash-Chande-Mal/pfbid0F7HgatRigX8dWcyWX9FATNyu3EfdMTGBLfpyPYf7Md5Tr1teyVYH9vi1hgRv6CnYl","Mga ammat🖕🖕🖕🖕🖕🖕🖕🖕🖕🖕🖕🖕🖕"
"Janith Madhushan","https://www.facebook.com/janith.madurasinghe","EraNga LiyaNageAnusha Deepajith වදින්න කලින් දෙපාරක් හිතන්න!"
"EraNga LiyaNage","https://www.facebook.com/EraNga.RazTha","Janith Madhushan aniwaryen"
"M S Perera Parera","https://www.facebook.com/suragapererasuranga.suranga","[Image Attachment]"
"Thilak Danasekara","https://www.facebook.com/thilak.danasekara.1","මිනීස්සුත් යන පාරවල් වැසිය යුතුයි. Army ඵකෙන් පැනල යා යුතුයි. නිදන් කැඩිය යුතුයි"
"Sunil Shantha Hewawasam","https://www.facebook.com/sunilshantha.Hewawasam","රාජපක්ෂ නියායෙ අය .ඒදවස්වල අරලියග මන්දිරයට ගියාම එහෙමයි...මහින්දගෙ ගූකාපු බයියන්ට ඕව අමතකයි...නිකායෙ අයතත් අමතකයි.."
"Rumesh Rangana","https://www.facebook.com/rumesh.rangana.966432","තිත්තකන්දෙ කි@#$&අ🤮🤮"
"Chathura Rangika Peris","https://www.facebook.com/chathura.rangika.peris","කහ කඩයො විනාශ කරලා හරි අපි මේ රට හදනවා"
"Dileem Udayanga","https://www.facebook.com/dileem.udayanga.5","Gaya Jayasinha  උඹට මේවට උත්තර තියෙනවද නානසාරට කඩේ යන මෙයාම මෙයාගේ කටින්ම රාජපක්ෂලා ඉස්සරහින් තියාගෙන මෙයාම කියන බණ ටිකම ඒ දවස්වල  අහපන්කෝ skip නොකර"
"Gaya Jayasinha","https://www.facebook.com/gaya.jayasinha.3","Dileem Udayanga campus ගියපු විද්‍යාපීට ගියපු ඔක්කොම උන් උගත්තු කියලා උබ හිතුවද? උබ අමු හරකෙක් බන් මාව mention කරලා උබ මොනාද බලාපොරොත්තු වෙන්නේ බන්? උඹ හෙන පොරක් කියලද?මන් තෝ වගේ අමු හර*ක් අදුරන්නෙත් නෑ උබ මාව දන්නෙත් නැතුව ඇති මන් උබේ post වලට comment කරලත් නෑ මොන අපත ගෝත*ක්ද බන් උබ😂 උබ කව්ද කියලා බැලුවෙත් comment කරලා තියෙන නිසා,උබ දේශපාලන ගොට්ටෙක් වෙන්න ඇති මට echchara පු* අමාරුවක් නෑ කාටවත් කඩේ යන්න,මට අනුර හම්බ උනත් ඒ මනුස්සයා එක්ක කතා කරලා මට හිතුනොත් photo එකකුත් ගහයි ඒ මගේ කැමත්ත මහින්ද රාජපක්ෂ දැක්කත් මම කැමතිනම් photo ගහනවා කතා කරනවා,උඹලට ඇරියස් ඇති මිනිස්සු එක්ක අපිට එහෙම ඇරියස් එකක්වත් කාවවත් මරලාවත් හිතට සතුටක්වත් දැනෙන්නේ නෑ,උබලා වගේ අබ්බගාතයෝ plzzz ජීවිතේට මට මුන ගැහෙන්න එපා👎 අපිටත් NPP යාලුවො ඉන්නවා ඕනී තරම්,උබ වගේ අමු ගොනෙක් මානසික ලෙඩෙක් මට මේ හම්බ උනාමයි මගේ ජිවිතේට,මට උබට අවසානේට කියන්න තියෙන්නෙ මෙච්චරයි! ආයේ උබ මට මොන comment එක දැම්මත් reply කරන්නේ නෑ ඕනී දෙයක් කියලා බැනපන් machan උඹට සතුටු හිතෙන්නේ මිනිස්සුව අසරණ කරලා අවමන් කරලනේ උබ ඒක කරපන්, මට උබේ තත්වයට වැටෙන්න ඕනී නෑ මන් අනුන්ගේ post එකකට මෙහෙම අවුල් විදියට comment කරලා පලවෙනි වතාව මට ඒකට පට්ට අවුල්❤️‍🩹 උඹ කල්ලතෝනී නිරාගමිකයෙක් වෙන්න පුළුවන්, උඹ සිංහල නමක් දාගත්තා කියලා සිංහලයෙක්වත් බෞද්ධයෙක්වත් වෙන්නේ නෑ මම බෞද්ධයෙක් එච්චරයි!එහෙම කියලා අපේ හැමෝම හරි කියලවත් වෙන ආගම් වැරදි කියලවත් කියන්නේ නෑ,මට මගේ ආගම ජාතිය වැදගත් උබට වැදගත් නැතුව ඇති,මිනිස්සුන්ට වැරදි වෙනවා කවුරුවත් අංග සම්පුර්න නෑ, රටේ අදිකරණයක් තියෙනවා අදිකරණය බලාගනීවී වැරද්දක් කරලා තියෙනවනම් එච්චරයි🤫"
"Dileem Udayanga","https://www.facebook.com/dileem.udayanga.5","Gaya Jayasinha උඹේ තියෙන්නෙම යන්නේ කොහෙද මල්ලේ පොල් උත්තර 🤣 Fb Reach හදා ගන්න උඹ ඕන ගොම්බෙට්ටක් දාන බව දන්නවා 🤣 උඹ තමයි Real  බෞද්ධයා  බේරේනවා බෞද්ධකම .......  බත් කන නිසා උඹ දාන මෝඩ post උඹම කියවපන්  🤣🤣 නිකන් ගොන් කතා නොකියා, ඔය video එකත් බලපන් මොකද උඹ post එකක් දාලා තිබ්බනේ  , ඔය නානසාරගේ seen එක virul කරපු චරිතයමයි එදා ඔය බණ කිව්වේ, බලහන් ටිකක් කුලප්පු නොවී ,"
"Gaya Jayasinha","https://www.facebook.com/gaya.jayasinha.3","Dileem Udayanga අපිනම් කාටවත් පුලුවන් කිව්වෙත් නෑ බෑ කිව්වෙත් නෑ උඹලා වගේ සිල්ලර ලාබ වෙනුවෙන් බොරු කියලා මිනිස්සුන්ව රැවැට්ටුවෙත් නෑ,උබලා වගේ කාගෙවත් රෙදී හෝදලා පුරුදුත් නෑ,රට ජාතිය වෙනුවෙන් අවශ්‍ය වේලාවේ අපි තීන්දු තීරණ ගන්නවා එච්චරයි🤫  https://www.facebook.com/share/v/1DnkrY3d76/?mibextid=wwXIfr"
"Jnath Prasanna","https://www.facebook.com/people/Jnath-Prasanna/pfbid0UrXF4MzVnM2cFxAVjTGPga3qcsPoxGsJRZDWpVNZQZRKXQHUmEppX99J1AFzzUDTl","තිත්තය 😂😂😂 කබරය නේද😂😂😂😂"
"Sen Osh","https://www.facebook.com/people/Sen-Osh/pfbid0dLqkjzLWsce3DDbFqphKAxVjcSVBiB4LsTKptu9G8S8ERxxkUvQKwUeB4unys99Fl","[Image Attachment]"
"Kasun Dhananjaya Bandara","https://www.facebook.com/kasun.dhananjaya.bandara.2025","අංක එකේතක් කඩිහුත් තිගෙපුතෙක්"
"SI Janith","https://www.facebook.com/si.janith","කන්න ඕනි වෙලාවට කබරයත් තලගොයා  වෙනවා"
"Upali Vinston","https://www.facebook.com/upali.vinston.9","තෝවනම් මරලත් මදි.බුදු හාමුදුරුවො කියපු ඒව හරියටම පිලිපදිනව වගෙ මූ කියන්නෙ."
"Thilakasiri Premachandra","https://www.facebook.com/thilakasiri.premachandra","පොන්න බයියන්ට මේව ඇහෙනවද පේනවද"
"Siri Sooriyaarachchi","https://www.facebook.com/people/Siri-Sooriyaarachchi/pfbid0HyPyq9Nvjd4v6Dc9wdbX9XtgypRH8rHUUP5Nx4hCqHPAvyAKPjGRtk5y5wP86wpsl","බික්ශූන් පමණක් නොව සෑම ආගමකම අන්තවාදීන් මර්දනය කල යුතුය."
"Emine Rule","https://www.facebook.com/EmineRule","දෙබිඩි බණ කියන හොර භික්ෂුව"
"Eranda Opm","https://www.facebook.com/profile.php?id=100004182182373","[Image Attachment]"
"Sanjeewa Pradeep","https://www.facebook.com/sanjeewa.pradeep.161","තොපිත් මරන්න ඔනි හැරෙන හැරෙන පැත්තට දිව නමන අමනයෝ"
"Chintha Silva","https://www.facebook.com/chintha.silva.792","[Image Attachment]"
"Chathum Rathnayaka","","තිත්තගල්ලයගෙ බණ තමා බණ 🤣"
"Rasitha Abeygunawardana","https://www.facebook.com/rasitha.abeygunawardana.3","Kosala Neranjan"
"Udaya Jayathunga","https://www.facebook.com/profile.php?id=100001893276272","Chanaka Prageeth....😁"
"Shan Kaluarachchi","https://www.facebook.com/shan.kaluarachchi","SL VLOG"
"Sameera Panagoda","https://www.facebook.com/sameera.panagoda.2025","අනේ හු  කහn huත්තො.."
"Sajeewa Sawantha","https://www.facebook.com/sajeewa.sawantha","ඔය පුප දෙන්නෙ පකය"
"Chamika Gunarathna","https://www.facebook.com/chamika.ahg.75","එහෙනම් උබ පුක දෙන්නේ මැතිව හිටපම් පකයා"
"ඇස","https://www.facebook.com/people/%E0%B6%87%E0%B7%83/61591285300029","😂😂😂😂😂😂😂"
"Animal world Sri Lanka","https://www.facebook.com/people/Animal-world-Sri-Lanka/61594397004621","Barida mun tikawa maranna"
"Danushka D Udayashree","https://www.facebook.com/danushka.d.udayashree","තිත්තගල්ලෙ තොගෙ අ###### #####😏"
"Damith Kumarasiri","https://www.facebook.com/people/Damith-Kumarasiri/100080698587669","#thithagallatero"
"Dimuthu Nawarathna","https://www.facebook.com/dimuthu.akalanka","Danushka Prabashwara"
"Dinusha Withanage","https://www.facebook.com/dinusha.withanage1","😁"
"Madagama Stephen","https://www.facebook.com/madagama.stephen","https://www.facebook.com/share/p/1FmYCMofcy/"
"Mahinda Singha","https://www.facebook.com/mahinda.singha.718","[Image Attachment]"
"Chandi Swiss","","🤣🤣🤣🤣"
"Yohan Madusanka","https://www.facebook.com/people/Yohan-Madusanka/pfbid0SRCnGsj2dijopveh6ThS7gm2JLya6w2cC73pwrYWPRjAHHT3cBDoX9vejTeJntsNl","😭😂"
"Lakshan Fernando","","Rayan Saman"
"Ravindu Sandaruwan","https://www.facebook.com/ravindu.sandaruwan.3386","😂😂😂😂👍💯👌"
"Rohana Bamunusinghe","https://www.facebook.com/rohana.bamunusinghe","😂😂😂😂"
"Suchitha Deera","https://www.facebook.com/suchitha.deera","🤭"
"Shamali Wijendrika","https://www.facebook.com/shamali.wijendrika","[Sticker]"
"Azrar Mohommad","https://www.facebook.com/azrar.mohommad","Sudarshana Jayalath"
"Sanjeewa Janaka","https://www.facebook.com/sanjeewa.janaka.752","😮"
"Naveen Kathriarachchi","https://www.facebook.com/naveen.kathriarachchi","😂😂😂"
"Sudath Gunasekara","https://www.facebook.com/sudath.gunasekara.98","😂😂😭😭😭😭"
"Achintha Eshan","https://www.facebook.com/achintha.eshan.2025","🤭"
"Haritha Prabhath","https://www.facebook.com/haritha.prabhath.2025","සාධු සාධු"
"Ushan Gunawardena","","Viraj Wijerathna Nuwan Vithanagedara Buddhika Dhananjaya Hemapala Lowrance Gayanga 😂"
"Buddhika Dhananjaya Hemapala","","Ushan Gunawardena දැන් මූට මොකද වෙලා තියෙන්නෙ? 😁🤣"
"G M Kapila Gajanayaka","https://www.facebook.com/g.m.kapila.gajanayaka","😂😂😂😂"
"Nalin Divoshan","https://www.facebook.com/nalin.diroshan","[Image Attachment]"
"Wasantha Wijewardana","https://www.facebook.com/wasantha.wijewardana.769944","[Image Attachment]"
"Lahiru Lakmal","https://www.facebook.com/people/Lahiru-Lakmal/61583566089725","😂"
"Prasanga Ranganath","https://www.facebook.com/prasanga.ranganath","Samith Iranga මනුර සදරුවන් 😂😂🤣🤣"
"Sanchitha Senaratne","https://www.facebook.com/sanchitha.senaratne","Pradeep Dgn"
"Chamila Masthe","https://www.facebook.com/chamil.pathirana","Sumanaratne Bandara Abeykoon 😂"
"Wrlg Bandara","https://www.facebook.com/wrlg.bandara","[Image Attachment]"
"Sakuna Jayathilaka","https://www.facebook.com/lakmal.maxx.54","Thisara Nilnuwan"
"Amila Jayasanka","","😂😂😂😂😂😂"
"Samantha Kulasooriya","https://www.facebook.com/samantha.kolasooriya","@highlight 😂😂😂😂"
"Tilak Mendis","https://www.facebook.com/tilak.mendis.10","👙"
"Amith Rasika","https://www.facebook.com/amith.rasika.31","😂😂"
"Gayan Ishara","https://www.facebook.com/gayan.ishara.790","🤣"
"Anuruddha Rathnayake","https://www.facebook.com/anuruddha.rathnayake.10","උඹලව මරන්නෙ නැතුව හිරේට දාන්න යන්නේ ඒකයි..😂😂"
"Jagath Perera","https://www.facebook.com/jagath.perera.357","දිව දෙකේ බල්ලෙක්"
"Asanka Kalum Priyadarshana","https://www.facebook.com/Asa8763","Prabathiya Weerasinghe 🤣🤣🤣"
"Vihan Lahiru","https://www.facebook.com/vihan.lahiru.2025","Ravidu Hashan 😂"
"Ravidu Hashan","https://www.facebook.com/ravidu.hashan.77","Vihan Lahiru දැන් බණ ඇහුව්වේ නැද්ද"
"Supun Rukmal Samara","https://www.facebook.com/supunrukmal.samaraweera","Chethana Edirisinghe"
"Pradeep Galagodage","https://www.facebook.com/pradeep.galagodage.5","🤣🤣🤣🤣"
"Chathura De Silva","https://www.facebook.com/chathura.desilva.16","Chaminda Prashad Bandara"
"Dammika Dikkumbura","https://www.facebook.com/profile.php?id=100032443360308","🤣🤣🤣🤣🤣"
"Limeshan Fernando","https://www.facebook.com/limeshan.fernando.7","[Image Attachment]"
"Upali Jayalath","https://www.facebook.com/upali.jayalath.9","Asiri Priyashantha  😂😂😂😂"
"Manula Jeewantha","https://www.facebook.com/manula.jeewantha.712169","Yasantha Kumara 😂😂"
"Thushara Thanuja","https://www.facebook.com/thushara.thanuja","😮"
"Mahinda Abeyrathne","https://www.facebook.com/mahinda.abeyrathne.2025","[Image Attachment]"
"Krishan Mahendra","https://www.facebook.com/krishan.mahendra","🥲"
"Kithsiri Ranasingha","https://www.facebook.com/people/Kithsiri-Ranasingha/pfbid0LkhaEV83w9WJgg278ixyXeJyHmjCPhUz6oRwTRtACxhsiuPYbAL5SS1UA4aA68mEl","😢"
"Thushara De Silva","https://www.facebook.com/thushara.desilva.779","😂"
"Asantha Bandara","https://www.facebook.com/asantha.bandara.79","😀"
"Dhanushka Udumulla","https://www.facebook.com/dhanushka.udu","Darshana Weerakonda Arachchi 😁😁"
"Darshana Weerakonda Arachchi","","Dhanushka Udumulla 🐃 wenna epa pls"
"Rajitha Rathnayaka","https://www.facebook.com/profile.php?id=100000422464703","🙏🙏🙏"
"Nirmal Chamika","https://www.facebook.com/people/Nirmal-Chamika/pfbid02mgK8wyedLBiNqSv2M6TESa85LjKtKFAH3jBFCsQjukt6HcdNvcmNKLLXpjYQ4dQ7l","🙏🙏🙏🙏🙏🙏🙏🙏🙏"
"Sandun Bandara","https://www.facebook.com/sandun.madhushika","🫣"
"Gamage Kumara","https://www.facebook.com/gamage.kumara.376","🙏🙏🙏🙏🙏🙏🙏🙏🙏🙏"
"Isuru Madhusan","https://www.facebook.com/isuru.madhusan","Roshan Peiris"
"Chandana Hadapangoda","https://www.facebook.com/chandana.hadapangoda","😂"
"Kanishka Nuwaneth","https://www.facebook.com/kanishka.nuwaneth","😅"
"Namal Madusanka","https://www.facebook.com/dhanushka.dkumari","🤣🤣🤣🤣"
"Sanjeewa Edirisinghe","https://www.facebook.com/sanjeewa.edirisinge","😂😂😂😂"
"Asanga Keeragala","https://www.facebook.com/asanga.keeragala","😂😂"
"Gayan Wickramasingha","https://www.facebook.com/people/Gayan-Wickramasingha/pfbid022aGwnWFs6YSbEJ87D4oMdsSSkjZQdkn22qJL2YYdg66XvvJq4yfJysRT67byoM9Tl","🙏🙏🙏🙏"
"Uvindu Ishara Jayaweera","https://www.facebook.com/profile.php?id=100003082826536","😢😢😢😢"
"Nimal Jayantha","https://www.facebook.com/nimal.jayantha.988","[Image Attachment]"
"Indika Onara","https://www.facebook.com/people/Indika-Onara/pfbid023Tc1hkywRy8etqhfdxwFmMpbhzkg42jdy1VCe8UTPiTeZNice527xctpreT67UrYl","😂😂😂"
"Sadheera Sumanasingha","https://www.facebook.com/sadheera.sumanasingha","😂"
"Yasitha Yasanga","https://www.facebook.com/people/Yasitha-Yasanga/100004234845183","Shan Dinu"
"Manoj Prasaanna Wejesuriya Arachige","https://www.facebook.com/wana.mano.9","[Sticker]"
"Nirosh Nalinda","https://www.facebook.com/nirosh.nalinda.5","😂😂😂😂"
"Sadeepa Sadeepa","https://www.facebook.com/people/Sadeepa-Sadeepa/pfbid02vL8iwEf3Bv6cC6ZZ1UXbVhqtMCW6Tja8qorL8BavZNdoLH7sjcZozG4NZgWJu7VMl","😂😂😂"
"Ushanth Jayamal","https://www.facebook.com/ushanth.jayamal","Ruwan Kumara 😂😂"
"Ruwan Wijerathne","https://www.facebook.com/ruwan.wijerathne.33","🤣😂🤣"
"Kalum Thushara","https://www.facebook.com/harshana.k.thushara","Thithagalle Anandasiri 😜"
"Buddika Sampath","https://www.facebook.com/buddika.sampath.171264","🤣🤣🤣🤣"
"Jayan Godakanda","https://www.facebook.com/profile.php?id=100003314638369","😂🙈"
"Lahiru Chamara","https://www.facebook.com/lahiru.chamara.244988","Asanka Rajapakshe Chamil Ishanka 🥹"
"Asanka Rajapakshe","https://www.facebook.com/asankarajapakshaemb","Lahiru Chamara ඒකාලෙ එහෙමයි මේකාලෙ මෙහෙමයි 🙂"
"Sampath B Dissanayake","https://www.facebook.com/extuv","Varuni Silva Yohan Manula Sampath"
"Akalanka Senanayake","https://www.facebook.com/akalanka.senanayake.2025","😂😂"
"Prema Damayanthi","https://www.facebook.com/people/Prema-Damayanthi/pfbid0ShFvyuJzwf24PwVogzhREeQS1fEweiztM4CjnouBaFHfvwASWio5ATyYMxPpte1cl","[Sticker]"
"Dilan Jayawickrama","https://www.facebook.com/dilan.jayawickrama.9","කාට ජාතක උන බල්ලෙක්ද මේ"
"Amal Jayasumana","https://www.facebook.com/amal.jayasumana.1","😂😂😂😂"
"Oshii Senanayaka","https://www.facebook.com/people/Oshii-Senanayaka/61572742881137","🤣🤣"
"Vimukthi Sulakshana Sri Abeyrathna","https://www.facebook.com/vimukthi.sulakshana.sri.abeyrathna","😂"
"Prasad Sumathipala","","Bhikku Mirisse Sīvali 😢"
"Hashan Lakshitha","","Thithagalle Anandasiri  👍"
"Dumidu Sanjeewa Weerakkody","https://www.facebook.com/dumidusanjeewa.weerakkody","😂😂"
"Deepika Kalyani","https://www.facebook.com/deepika.kalyani.520","🤣🤣🤣"
"Thilak Nandana","https://www.facebook.com/thilak.nandana","😂"
"Dinush Chameen Udage","","Kelum Manorathne 🙏🙏🙏❤️❤️❤️"
"Rumesh Thushara","https://www.facebook.com/people/Rumesh-Thushara/100086726891726","@followers @highlight 😂😂😂"
"Bandara Sunanda","https://www.facebook.com/bandara.sunanda.2025","Thumula Bandara Tharan"
"Thumula Bandara Tharan","https://www.facebook.com/people/Thumula-Bandara-Tharan/100077165460718","Bandara Sunanda meya neda athsan ekathu kale"
"Dasun Priyasad","https://www.facebook.com/dasun.priyasad","Chamindu Jayalath"
"Lakshan Sulochana Rathnayaka","","Saliya Nadeeshan"
"Dinuka Weragoda","https://www.facebook.com/dinuka.weeragoda","😂"
"Prasanga Mihiran","https://www.facebook.com/prasanga.mihiran.2025","Minu AK"
"Upali Wasanta","https://www.facebook.com/upali.wasanta","🤪"
"Eranga Fernendo","https://www.facebook.com/erangafernendo","😮😮😮😂😂😂"
"Sandaruwan Igp","https://www.facebook.com/sandaruwan.igp","@highlight"
"Asanka Viraj","https://www.facebook.com/asanka.viraj.589","🤣🤣🤣🤣"
"Chrishantha Niroshan","https://www.facebook.com/christo.nish.3","😂😂😂"
"Rathnayake Sri Rmt","","😂😂😂😂"
"Prabhath Perera","https://www.facebook.com/chaminda.perera.777158","😂😂😂😂"
"Chanaka Amarathunga","https://www.facebook.com/chanaka.amarathunga.3","😃😃"
"Sagara Sampath","https://www.facebook.com/sagara.sampath.319452","Shakya Sinhayo 😢 ඇත්තනම් ඇත්ත හැම මොහොතකම ඇත්ත වෙන්න ඔනි නෙද අපේ හාමුදුරුවනේ"
"Ayesha Dilshani","https://www.facebook.com/ayesha.dilshani.585","😂😂😂"
"Nilan Manoj","https://www.facebook.com/nilan.manoj.1","Sachintha Maduranga 😂"
"Keshara Galagama","https://www.facebook.com/keshara.galagama","Saman Pradeep 😁😁🤣"
"Sohan Saminda","https://www.facebook.com/sohan.saminda.12","🙏🙏🙏"
"Janith Samaraweera","https://www.facebook.com/janith.samaraweera.35","👏👏"
"Laksiri Kumara","https://www.facebook.com/kpulk.laksiri","[Sticker]"
"Pathberiya Temple","https://www.facebook.com/pathberiya.temple","Bimsara Jayamanna මහේෂ් නිරෝෂණ"
"Jp boy","https://www.facebook.com/jpboy97","🫣"
"Chaminda Lal","https://www.facebook.com/chaminda.lal.3975","Chiran Jinendra😂😂"
"Janith Withanage","https://www.facebook.com/janith.withanage.2025","😂😂😂🤣"
"Dumith Gunasekara","https://www.facebook.com/dumith.gunasekara","Channa Bandara onna kiynawaa aththa kathawaa 😂😂"
"Sameera Liyanage","https://www.facebook.com/sameeraliyanage.620","Pathma Kumara Bandarigoda Prabash Gamage  😁😁"
"Pathma Kumara Bandarigoda","https://www.facebook.com/profile.php?id=100004979827286","Sameera Liyanage 😂"
"Mahima Dharmasiri","","🙏🙏🙏🙏🙏"
"Malith Priyank","https://www.facebook.com/people/Malith-Priyank/pfbid0oC1XNhxiQT32maU2pVe2WdaXSwekDwHHRK1u4axVmWufjGeN5LYkzkTitertdE8xl","😂😂😂😂"
"Gihan Soysa","https://www.facebook.com/gihan.soysa","Bharatha Mahendra Ronald Stork Ronald Sameera Chathuranga Gayan Gomis Chameera De Silva"
"Praveen Max","https://www.facebook.com/praveen.max.583","😂"
"Chamika Dilshan","https://www.facebook.com/dilshan.warnakulasuriya.9","Thithagalle Anandasiri  😂"
"Madhusanka Chamikara","https://www.facebook.com/Madhusanka.Chamikara","Bruno Diwakara"
"Hasitha Weliketiya","","Aruna Prabath 🤔"
"Manoj Sugath","https://www.facebook.com/people/Manoj-Sugath/pfbid02ozCrGSxKWm81kpSQxGDnaLH3GT5heypw3khhkwyx19Ub97NEJ5x29GnCfK91W7UJl","[Sticker]"
"SA HA NA","https://www.facebook.com/Sahansathsarajayasinghe","Tharindu Chanaka"
"Indika Dayarathna","https://www.facebook.com/indika.dayarathna.96","Cha Samaraweera 🤭🤭🤭"
"Thushan Vimukthi","https://www.facebook.com/thushan.vimukthi.9","Dinesh Madushan 😪"
"RK Weerasinghe Sooriyabandara","https://www.facebook.com/rkweerasinghe.sooriyabandara","වාසියට ගූත් වලදන බල්ලෙක්.. 🤣🤣"
"Darshana Rathnayaka","https://www.facebook.com/darshana.rathnayaka.9","Aparna Nilupul"
"Abdulla Abdulla","https://www.facebook.com/people/Abdulla-Abdulla/100083946252529","[Image Attachment]"
"Keyt Noel","https://www.facebook.com/keyt.noel","[Image Attachment]"
"Asanga Ranathunga","https://www.facebook.com/asanga.ranathunga.7","[Image Attachment]"
"Anupa Dananjaya","https://www.facebook.com/brendan.taylor.7161","Udara Sampath"
"Lk Asela","https://www.facebook.com/aselaprasad.chathuranga","😂😂"
"Chameera Samaranayaka","https://www.facebook.com/chameera.samaranayaka","Lesli Plorinda Sandamali"
"Suranga Dissanayake","https://www.facebook.com/people/Suranga-Dissanayake/pfbid0314FXmw3MQ3jULk8XGp7Jqg6FP1F1dUDdBELd9H65xSkLecJaJwL3G9PaBT88G7G8l","😂😂😂😂"
"Dilshan Dilshan","https://www.facebook.com/dilshan.dilshan.893128","😂😂😂"
"Suresh Kumara","https://www.facebook.com/sureshcalifo","😁"
"Rakitha Dilshan Liyanage","https://www.facebook.com/tharuka.gamage.96199","🤣🤣"
"Hasitha Gunarathna","https://www.facebook.com/asitha.gunarathna.940","😂😂"
"Shehan Shod","https://www.facebook.com/people/Shehan-Shod/pfbid04izeRB4eiyYEjpFQ6dDVQKrkpUpp7M4aryTkp4aiYcsPEgpN9dR69Y3U3uDCraj4l","Uditha Indunil"
"Eranga Prasad","https://www.facebook.com/eranga.prasad.372","[Image Attachment]"
"Krishantha Pinnawala","https://www.facebook.com/krishantha.pinnawala","🤣🤣🤣🫣🫣🤒"
"Deshappriya Hettiarachchi","https://www.facebook.com/deshappr","[Image Attachment]"
"Lakshman Kurey","https://www.facebook.com/lakshman.kurey.2025","😂😂😂😂😂"
"Chathura Kodikarage","https://www.facebook.com/chathura.wijerathna.9","Hashan Madhumal  😌"
"Lasith Kshithija","https://www.facebook.com/people/Lasith-Kshithija/61558678784040","😂"
"Patrick Fernando","https://www.facebook.com/patrick.fernando.33886","🤮🤮🤮🤮🤮🤮🤮"
"Çhämiñdû Krishäñ","https://www.facebook.com/chamindu.krishan.1","Thithagalle Anandasiri"
"Subhash Vimukthi","https://www.facebook.com/subash.vimukthi","😂😂"
"Nishantha Boteju","https://www.facebook.com/nishantha.boteju.33","🤣🤣🤣🤣🤣🤣🤣"
"Anura Wijesiri","https://www.facebook.com/people/Anura-Wijesiri/61581753480641","[Image Attachment]"
"Gayan Kolitha","https://www.facebook.com/people/Gayan-Kolitha/pfbid02xEYZWu45w3mNzdFjw1AtEecBte3yARfg7JRqNVM7tfix1QMiwWPamkGmiQMaQw9ml","Aththa boru sivuru porawana una Inna kam ratak hadanna baa"
"Ishan Madusanka","https://www.facebook.com/madusanka.ishan","තාපසාරාමෙට වැටුන තිත්තෙ 😂🙏"
"Kushan Kaumal","https://www.facebook.com/kushan.karawita","Mahinsa Munasinghe"
"Samuditha Dilshan Pathirana","https://www.facebook.com/SomeoneBornIn1990","Thithagalle Anandasiri"
"ඉරෝෂන් අතුරුගිරිය","https://www.facebook.com/athurugiriya","Nihal Kumara"
"Shashi Shash","https://www.facebook.com/shashi.shash.318240","😭😭😭🤣🤣🤣🤣"
"Thiyunu Jayawickrama","https://www.facebook.com/thiyunujayawickrama","😂"
"Gamini Hewavitharana","https://www.facebook.com/gamini.hewavitharana.3","😀"
"ඕෂධ අප්සර","https://www.facebook.com/oshada.apsara","Oshadhi Buddhima Hewamadduma"
"උපේක්ෂ හසරැල් පුංචිහේවා","https://www.facebook.com/wipassi.thero.9","😂😂"
"Suranga Balasooriya","https://www.facebook.com/profile.php?id=100004268433530","[Sticker]"
"Kevin Vithanage","https://www.facebook.com/asela.nilanka","🤭🤭🤭"
"Dimuth Dimuthu","https://www.facebook.com/people/Dimuth-Dimuthu/61569863872567","[Image Attachment]"
"Suresh Jayasingha","https://www.facebook.com/suresh.jayasingha.9","[Image Attachment]"
"Suraweera Sure","https://www.facebook.com/people/Suraweera-Sure/pfbid022Agm6jEYZnjKuigBmdR8naPDm6z4T7eDzNevWiMqEMRwegUn39eMsfDK7PSFiTZyl","කැරි හුත්තා"
"Hashan Chathuranga","https://www.facebook.com/people/Hashan-Chathuranga/61560159600256","😂"
"Sujith Wijerathna Pw","https://www.facebook.com/wijerathna.pws","SL VLOG"
"Subhanu Jayasuriya","https://www.facebook.com/subhanupamuditha.jayasuriya","කැම්‍රි බණ. 😁😁🖕"
"Rathnayake Ugrms","https://www.facebook.com/rathnayake.ugrms","[Image Attachment]"
"Supun Sampath","https://www.facebook.com/people/Supun-Sampath/pfbid08L2H75dHdGALoEbxs7PMc6tsgdp7PPqpZcvdJssBSCQBqwPLH568AXwxJBmFBA5ol","හාමිනේ - Haamine"
"Saman Chaminda Silva","https://www.facebook.com/saman.chaminda.5","[Image Attachment]"
"Madura Gunasekara","https://www.facebook.com/gmmadura","නාමල්ට කෙලවනෙ මෙ වගෙ තක්කිඩින්ගෙන් බණ අහපු නිසා."
"Sanjeewa Ransingha","https://www.facebook.com/sanjeewa.ransingha.2025","[Image Attachment]"
"Jayasanka Chandrasekera","","Bruno Diwakara"
"Gnanesh Jayantha","","කඹරු බුදුදහමට ඇවිත්"
"Nilendra Prabath","https://www.facebook.com/prabath.wijeweera","😄😄😄"
"Rihan Lk","https://www.facebook.com/mrihan.lk","[Image Attachment]"
"Krishan Wickramaarachchi","https://www.facebook.com/krishan.wickramaarachchi","වාසියට එහෙට මෙහෙට වැනෙන තක්කඩි සිවුරු රඳවන"
"Schools Rugby Banter Page","https://www.facebook.com/SchoolsRugbyBanterPage","මුගේ කට කන්න එපැයි"
"Dileem Udayanga","https://www.facebook.com/dileem.udayanga.5","සිද්ධිය virul කරපු කෙනා ඒ දවස්වල බණ කියපු විදිය,"
"Chamara Prasanna Jayawikkrama","https://www.facebook.com/chamaraprasanna.jayawikkrama","දැන් පොරට බනත් අමතක වෙලා😂දැන්වත් මේ රටේ මිනිස්සු තේරැම් ගන්න ඕන😭"
"Jpkumara Gamaga","https://www.facebook.com/jpkumara.gamaga","මේ කැරියා දැන් කියන්නේ මොකක්ද සක්කිලියා නොදකිං රාජපක්ෂලාගේ ගූ කන වල් බල්ලා.."
"Wasantha Wijewardana","https://www.facebook.com/wasantha.wijewardana.769944","තිත්ත ගල්ලේ  තිත්ත ඇත්ත 😂"
"Thilina Sampath","https://www.facebook.com/thilina.sampath.902","කැරි ගොතයා ඉයාඅ"
"Bandara Krrg","https://www.facebook.com/janidu.bandara.2025","මේ පකයාට කහ රෙද්දක් පොරවලා ගෙනත් ඉන්දවලද බං"
"Tharanga Dissanayake","https://www.facebook.com/tharanga.dissanayake.142","සාදු සාදු සාදු🙏🙏🙏🙏🙏"
"Krishantha Pushpakumara","https://www.facebook.com/krishantha.pushpakumara.739","මුගේ කටට රෙන්න ඕන"
"Madagama Stephen","https://www.facebook.com/madagama.stephen","රට හදන්ඩ භික්ෂුව බාදාවක් නම්? https://www.facebook.com/share/p/1FmYCMofcy/"
"Ravindu Sandunlal","https://www.facebook.com/ravindu.sandunlal","උඹ කියන දේ හරි නරි බලලා අපේ විශ්ව විද්‍යාලයේ ඔරවල බන්දුසර් ලියල තියෙන ටිබෙට් භික්ෂු සංහාරයකින් පොත මා ඉතා හොඳින් පරිශීලනය කළා එහිදී මාව හෝ සේතුන් භික්‍ෂූන් මරන්නේ රජය ගොඩනැගීමට සහයෝගය නොදීම නිසාත් උන්ගේ මිත්‍යාවන් රට තුළ පතුරුවාම හරහා චීනය දුප්පත් වීම නිසාය .. නමුත් ලංකාවේ උඹලා වගේ කාලකන්නි බලු හැට්ට රාජපක්ෂලාගේ ගූ කකා හුජ්ජබිබී උඹලා උඹලාගේ කම් සැප ගැන හිතුවා මිස රටේ ජනතාව ගැන හිතුවේ නැත මාව සේතුං සියල්ල සාධා නීතියට උඩින් කිසිවක් තිබීමට නොහැකි බව තීරණය කළ අතර ඒ නීති ගත කර රට දියුණුවට පත් කළේය උඹලා වගේ කැනහිල් බල්ලො රාජපක්ෂලාගේ ගූ කකා මේ රට පොඩි එකෙකුට මිදි ගෙඩියක් එකෙකුටියක් දොඩම් ගෙඩියක් දෙන්න බැරි කලේ උඹල වගේ පාහර බල්ඔය තොට නඩු දාහතුනක් තිබිලා තෝ ඒවයින් බේරගත්තේ ඔය ළඟ ඉන්න නෑ මොළයා නැමැති පින් පියාය"
"Jinasiri Athukorala","https://www.facebook.com/jinasiri.athukorala","මූ ඒ කාලෙ ඇත්ත කියල තියෙනව. දැන් ගූ කාල අවජාතක කහකඩ බල්ල."
"Ranjith Thebuwana","https://www.facebook.com/people/Ranjith-Thebuwana/pfbid0hMMDJEXbXo4mebCEzfyKe4gHiQJhd3X6TkeDv7Uvkbjpn2JxrxNoruT1XgWqBiaxl","ආජි තපර  ලා හිලා පීජි තපර ලාහිලා!"
"Loku Malli","https://www.facebook.com/loku.malli.7334","Anusha Ranagalage  බන අහනවද  අක්කේ"
"Rasanga Munasingha","https://www.facebook.com/rasanga.munasingha","ගොන් හුත්තා තොපි බොරුබනකියකිය කෑව බුදුසසුන."
"Chandima Buddhika","https://www.facebook.com/gnanasiri.peiris.37","Deiyo saadu saadu saadu"
"Tilak Tilak","https://www.facebook.com/tilak.tilak.969300","සදු  සදු  🙏🙏"
"Tharanga Lakmal","https://www.facebook.com/tharanga.lakmal.3576","මැරියන්"
"Chamila Masthe","https://www.facebook.com/chamil.pathirana","Thusitha Chandrathilake Nandana Sisira  monada me kiyanne. 😂"
"Thusha Leeban","https://www.facebook.com/thusha.leeban.2025","රාජපක්ෂලා දුන්නත් ගූ උනත් කන එකෙක් තට්ටේ ගෑවා කියලා ඌට හාමුදුරුවෝ කියන්න බෑ 😂😂😂😂"
"Thilanka Sanjeewa","https://www.facebook.com/people/Thilanka-Sanjeewa/pfbid0d48bjkDtzWWfo5j5Qef2Z3EdXyWmoZXhLp7Ec18yQ9emL9SiUi9kRsT34SpHGu4Hl","දැන් එහෙම නෑ නේද..උබලා තොරගත්තු නිකාය හොඳ නෑ. රාජ්පාක්ෂ නිකායන් තොපි...."
"Sisira Kumara Wedage","https://www.facebook.com/sisirakumara.wedage","සාදූ සාදූ සාදූ  🙏🙏🙏"
"Nandasena Abeywickrama","https://www.facebook.com/nandasena.abeywickrama","තිත්ත යගෙ නැට්ටෙත් එක්ක  ගොම.."
"Ranjith Samarasinghe","","කබරයා  තලගොය  කරන  පර  බල්ලා"
"සුරකිමු මව්බිම","https://www.facebook.com/qybqbiszzh","මේ  වගේ   බඩගෝස්තරවාදි   කහකඩයෝ    නැතිකරන්න  ඕන   මේ  සංඝ ශාසනය  රැකගන්න"
"Roshan Herath","https://www.facebook.com/people/Roshan-Herath/pfbid0qYJb7dsT1VuTYPSMKp5VyWHgWwDUjXgTxkSGMACT9X3JetwH7eV8QgSAwytV8PjFl","අනේ පල පකා කඩේ යනවා රෙදි නැතිව 🤣🤣😜😜"
"Prabath Palagasinghe","https://www.facebook.com/prabath.palagasinghe","හාමුදුරුවෝ මෙම සමාජයට සාපයක්"
"Spthusantha Kumara Kumara","https://www.facebook.com/spthusanthakumara.kumara","මෙකට   එදවස් වල   මොලෙ  තිබ්‍ලා   දැන්  මොලෙ  තියෙන්නෙ  පුකෙ"
"Arun Pradeep","https://www.facebook.com/arun.pradeep.798415","දැන් මැරිලා ඉපදිලාද?😂😂😭😭"
"Wmma Muhandiram","https://www.facebook.com/wmma.muhanbiram","ඉස්සර කටින් කතා කරලා දැන් පු⁣ෙ#න් කතා කරනවා කියන්නේ නේමෙිකටයි"
"Chithrananda Weerasekara","https://www.facebook.com/chithrananda.weerasekara.2025","කෝ හුත්තො දැන් උඹගෙ ඔය බන..."
"Thisara Madhusanka","https://www.facebook.com/thisara.madhusanka.2025","දැන් එතකොට මොනාද මේ කියන්නෙ කබරගොයෙක් දිව දෙකේ කතා....😂😂😂"
"Narada Rathnayaka","https://www.facebook.com/narada.rathnayake.5","පොන්නයෙක්"
"Yasitha Yasanga","https://www.facebook.com/people/Yasitha-Yasanga/100004234845183","තිත්තයා මාර පොරක්නෙ🤣"
"prhb","https://www.facebook.com/prhb.730053","සාදු සාදු 😂"
"Chameera Madushan","https://www.facebook.com/chameera.madushan1","සාදු සාදු 😁"
"Cwt Bandara","https://www.facebook.com/chndrasekara.thbmi","උබෙ අම්මට  හුකන්න පකයා"
"Shiranthi Withanage","https://www.facebook.com/shiranthi.withanage.330009","Thithagalle ubeth awsanaya"
"Prasad H Senevirathna","","දැන් ඉතින් උඹගෙන් තමයි පටන් ගන්න වෙන්නෙ.. කල්ලතෝනි දේසපාලුවො"
"Rahasya Rahasya","https://www.facebook.com/athula.maheesha","සාදු සාදු 🙏 🙏"
"Thiwanka Jazz","https://www.facebook.com/profile.php?id=100007730477880","උඹේ අම්මට හිකිය යුතුයි, කැරි වේසිගෙ පුතා"
"Kumudu Sanjay","https://www.facebook.com/kumudu.sanjaya.7","මුංගෙ බණ අහල නෑමොළයා නොමග ගියා වෙන්න බැරිද😂"
"Amal Eshan Ranasinghe","","Danushka Athukorala අහපන් උබලගෙම බණ 😁"
"ලෝක අවසානය","https://www.facebook.com/people/%E0%B6%BD%E0%B7%9D%E0%B6%9A-%E0%B6%85%E0%B7%80%E0%B7%83%E0%B7%8F%E0%B6%B1%E0%B6%BA/pfbid02pF4JL1bfmdJ8amjqamMevEcoPvuYzPf8CGdqrAL3F5bog3uH5q61N68ozJJQ1Effl","Thisara Udayanga උබලගේ වීරයාම කියන්නේ භික්ෂුවක් මරලා හරි කමක් නැහැ කියලා."
"Viraj Rupasinghe","","https://www.facebook.com/share/v/1Ce3Cb6RyK/මුද"
"Rajantha Lakmal","https://www.facebook.com/rajantha.lakmal.3","ආගමෙන් උගන්වනවනම් කරපල්ලා කියලා 😂"
"Uparathna Abeywickrama","https://www.facebook.com/uparathna.abeywickrama.3","ඒ එදාය මේ මෙදාය"" උජු පටි පන්නෝ.."""
"Upali Jayalath","https://www.facebook.com/upali.jayalath.9","Thusitha Ruwan 😪😪🤣🤣"
"Manula Jeewantha","https://www.facebook.com/manula.jeewantha.712169","Gayan Obadaarachchige 😂😂😂😂"
"Shihan Chandrathilaka","https://www.facebook.com/shihan.janith","මූට හෙන ගහන්න එපැයි දිව දෙකේ කතා වලට පම්කය 🤣😂🤣"
"Amila Mendis","https://www.facebook.com/profile.php?id=100006766388470","Muta track panala Dan 😂"
"Harischandra Haris","https://www.facebook.com/harischandra.haris","දැන් මොකද ,,,ගනරාල"
"Lavendra mendis","https://www.facebook.com/sachith.mendis.2024","අති වටින බික්ශුවක් හොද ධර්මය ගැන සිත ගැන දේශනා තිනවා කරපු මයින් රීසඩ් කියලා youthub චැනල් එක බලන්න......නික රුනේ දේශපාලනයන් පස්සෙන් යෑමෙන් සාසනයටත් දර්මයටත් වටිනා කමක් නැති වෙනවා"
"Ajantha Shelton","https://www.facebook.com/ajantha.shelton.1","[Image Attachment]"
"Anu Weerasingha","https://www.facebook.com/profile.php?id=61566142391880","Ehenam Dan me rata hadann a ubalawat maranna one😂 aniwanyen ubala wage wasiyata ragana un marala damma nam prasna iwarai😂"
"Thushi Bopege","https://www.facebook.com/thushi.bopege","අම්මෝ මේ බණ"
"Nisal Siddha Rupa","https://www.facebook.com/nisal.siddharupa","ඔය එජාපයට සහායොගය දිපු හාමුදුරුවෝ මරණ්න කියලා නොකියා කියපු එක කලේ"
"Upul S Aththanayake","https://www.facebook.com/upul.s.aththanayake.2025","සහතික ඇත්ත😂😂"
"Warna Maduranga","https://www.facebook.com/aroshan.hettiarachchi","Waruna Jayasinghe Pradeep Kumara"
"Susil Ananda","https://www.facebook.com/susil.ananda.649787","[Sticker]"
"Ishan Halambage","https://www.facebook.com/ishan.halambage","මේ රට හදන්නනම් මේ ගවයා කියනවා වගේ මූ වගේ හොර ගනයෝ මරන්න වෙනවා 💀"
"Mahinda Abeyrathne","https://www.facebook.com/mahinda.abeyrathne.2025","[Image Attachment]"
"හෙල දීපය","https://www.facebook.com/people/%E0%B7%84%E0%B7%99%E0%B6%BD-%E0%B6%AF%E0%B7%93%E0%B6%B4%E0%B6%BA/100008433345988","https://www.facebook.com/share/v/1JQV15NmxP/"
"Jagath Chandana","https://www.facebook.com/jagathc","Thithagalle Anandasiri හරියට කියන්ඩප්පා. එදා බණ ද අද බණ ද හරි එක..?"
"Milinda Rajapaksha","https://www.facebook.com/people/Milinda-Rajapaksha/pfbid02GPmYBtFrQDki8jPbAsRHnnPSzAJuormwMD3VqnYMtarCpoGEyLNFz1MhVnmkAF6tl","අවස්ථාවාදී බණ."
"Chinthaka Wickramasinghe","https://www.facebook.com/chinthaka.wickramasinghe.146","තිත්තයාගෙ බන...... තෝත් පල භාවනා කරන්න වැලිකඩට"
"යුක්ති ගරුක දේශයක්","https://www.facebook.com/n63buzuuqa","[Image Attachment]"
"යුක්ති ගරුක දේශයක්","https://www.facebook.com/n63buzuuqa","[Image Attachment]"
"SH EN","https://www.facebook.com/people/SH-EN/100090301940974","තෝ පකයවත් එලවන්න ඕනෙ කැරි තට්ටයා"
"Nuwan Silva","https://www.facebook.com/nuwan.silva.106","Ballo meka ahapan rajya nithiyata pahalin thamai oya hema nithiyakma thiyenne"
"Nuwan Silva","https://www.facebook.com/nuwan.silva.106","[Image Attachment]"
"Mahinda Singha","https://www.facebook.com/mahinda.singha.718","[Image Attachment]"
"Dinesh Nandika","https://www.facebook.com/dinesh.nandika.2025","ට්‍රැක පන්න ගන්න කලින් ඇත්තටම බන කියලා නේද?"
"Hiri Pitiya","https://www.facebook.com/hiri.pitiya.5","එකනෙ මු එකත් දන්නවා😂😂😂"
"Samudaya Dahampath","https://www.facebook.com/samudaya.dahampath.142","""බුදු හාමුදුරුවොත් කිව්ව එකක් ලු"" එකක් නෙවෙයි බං කියන්න තියෙන හැමදේම කියලා ඉවරයි බුදු හාමුදුරුවෝ තොපි වගේ එවුන් බිහිවෙනවා කියලත් කිව්වනේ.මුං වගේ එවුන්ගෙ කටින් බුදු හාමුදුරුවො කියන්නවත් සුදුසු නෑ.දහමක් දන්න එවුන් නෙවෙයි මේ මුං චීවරේට තියෙන ගරුත්වය බලයක් වගේ පාවිච්චි කරන්නේ 😡"
"ලක්ෂාන් මාධව ගුණවර්ධන","https://www.facebook.com/lakshan.madawa.1","සාදු සාදු 😂😅😅😅"
"Chandana Wipulakumara","https://www.facebook.com/chandana.wipulakumara","O"
"Eshan Hettiarachchi","https://www.facebook.com/eshan.hettiarachchi","Iluka Dananjaya ඔන්න අයියෙ 🤣🖐️"
"Iluka Dananjaya","https://www.facebook.com/profile.php?id=100000013557778","Eshan Hettiarachchi   එහෙම කරන්න පුලුවන් මල්ලි සුපිරිසිදු පට්ට අවන්ක නීතිගරුක නායකයෙක්ට... නැතුව තමන්ට ඕන විදිහට නීතිය නවන... ස්ටේජ් ගානේ නැගලා පච හලන උන්ට එහෙම කරන්න බෑ මොකෝ එහෙම උනොත් ස්බාදහම කියන උසාවිය දඩුවම් දෙන්නේ. තරාතිරම් නොබලා..."
"Eshan Hettiarachchi","https://www.facebook.com/eshan.hettiarachchi","Iluka Dananjaya මයිනා නීතිය අකුරටම කරලනෙ නේහ් ඉලුක අයියෙ 😉😁"
"Iluka Dananjaya","https://www.facebook.com/profile.php?id=100000013557778","Eshan Hettiarachchi  මයිනා නොකල නිසා තමා බන් අපි මූව ගෙනාවේ... අනික අපි මයිනට උබලට තරම් කඩේ ගියෙත් නෑ... ඒවා උබට අමතකද..🤭🤭"
"Eshan Hettiarachchi","https://www.facebook.com/eshan.hettiarachchi","Iluka Dananjaya මයිනට නං කඩේ ගියෙ නෑ මං 🤣🤣 ඔයා නං මෛත්‍රීපාලටයි මයිනටයි ගියා සහ තාමත් යනවා 🤣🤣"
"Nuwan Silva","https://www.facebook.com/nuwan.silva.129357","😂"
"Lakshan Senarathna","https://www.facebook.com/lakshan.senarathna.634922","එහෙම කතා  කල තිත්තගල්ල අද  වැදි බණ දොඩනවා  😂😂😂😂  මිනි මරුවන්  ඉදිරියෙදි දෙන උපදෙස්  ඔිකට කියනවා  තිත්තගල්ල කටෙනුයි පුකෙනුයි කතා කරනවා මුන් ඔක්කම  ජිවත් වෙන්න මහන වෙචිචි එවුන් ."
"සම්මා දිට්ඨි බොදුමග","https://www.facebook.com/ranjith.vimala.5","කැත දේශපාලන යෙ ගොදුරු වූ භික්ෂු ව"
"Deshan Vimukthi","https://www.facebook.com/vimukthi.deshan.1029","Meka pennala thatte pelenna ghnn ona muta"
"ගාමිනි කුමාර","https://www.facebook.com/riy13vertu","[Image Attachment]"
"ගාමිනි කුමාර","https://www.facebook.com/riy13vertu","[Image Attachment]"
"ගාමිනි කුමාර","https://www.facebook.com/riy13vertu","[Image Attachment]"
"ගාමිනි කුමාර","https://www.facebook.com/riy13vertu","[Image Attachment]"
"Shan Jayarathne","https://www.facebook.com/hansaka.hansaka.7140","තලගොයෙක් උට්ටෝ😂😂😂"
"Amila Henry Henderson","https://www.facebook.com/hederson.ami","Sageeth Bandarigoda  Malith Buddika Amarasinghe  Dinuka Perera  Pandulathilaka Ranawaka Arachchi ඒකාලෙ 🤣🤣"
"Wajira Ajith","https://www.facebook.com/wajira.ajith.2025","මුන් වගේ සාදුලා"
"H.M. Sudarshani","https://www.facebook.com/people/HM-Sudarshani/61589250180516","[Image Attachment]"
"Banura Jayath","https://www.facebook.com/banura.jayath.7","Asanka Wanigabadu මේ...බන ඩිංග 😃"
"Gayan Madushanka Fernando","https://www.facebook.com/people/Gayan-Madushanka-Fernando/pfbid031Mj12MoHwJkmRn8GMs2jiYTqMAPPppZ4wK6GxKdzk6Y3wuSvwsMVzrKg8vwCZv7Wl","කොහොමද බන් මේව උඩ එන්නෙ 😂"
"Himash Rashmika","https://www.facebook.com/himash.rashmika.47056","මූනෙන් පේනවා තක්කඩියෙක් කියල...🤮🤮🤮"
"Nishad Udayanga","https://www.facebook.com/nishad.udayanga.7","දැං හොරා කන්න බෑනෙ ඒකයි කෑ ගහන්නේ ඉස්සර ජරාව කන කාලෙ බණ කියනවා 😂😂"
"Niroshan de Silva","","අත්සන් ලක්ෂ 60ක් ගෙනවා. තිත්ගල්ලෙ මෙහෙම කිව්වෙ නෑ දිව දෙකෙ පොරක් නෙමේ මේක AI..😆😆😆😆😆"
"Indrani Kookkinou","https://www.facebook.com/indrani.kokinou","[Image Attachment]"
"Chamila Masthe","https://www.facebook.com/chamil.pathirana","Manjula Hemarathna sadu sadu"
"Kosala Karunarathne","https://www.facebook.com/people/Kosala-Karunarathne/pfbid02fsHqcYY8PDzyEzT26q9sx6dhvVqPmH6R7nBGwxpJr3Zq2PKi6urvP8HsPoKrb1Stl","මැද මුලනේ පනික්කියා මු"
"Chandra Seker","https://www.facebook.com/chandra.seker.3152","🙏🙏🙏🙏🙏🙏🙏🙏🙏🙏🙏🙏🙏🙏"
"Tharanga S. Gunasena","https://www.facebook.com/profile.php?id=100007735035505","Dilru Herath penchoo"
"Dinesh S Perera","https://www.facebook.com/dinezperera","Oooo oo yee☝️😁"
"Property Wattala","https://www.facebook.com/jude.krishantha.16","ඇත්ත... ඇත්ත..."
"Kasun Buddhika","https://www.facebook.com/kasun.buddhika.716","තිත්තයා 😂"
"Ajith Kankanamge","https://www.facebook.com/ajith.kankanamge.98","Ramila Gunawardhane Charith de Silva Sumudu Nuwan Duminda Kapila Sampath 😂😂තිත්ත ගල්ලේ😂"
"Sri Sri","https://www.facebook.com/sri.sri.340262","කතාව නම් ඇත්ත හැබැයි නේ😂"
"Danstan Kariyawasam","https://www.facebook.com/danstan.kari.7","හයියෝ හැමිනෙනව තිත්තයා"
"Nega Friday","https://www.facebook.com/nega.friday","Adoooo muu nemolayata banath kiyapu akekne sadu karayak dipanla"
"නිරංජලා කුමාරි","https://www.facebook.com/anojakumari.kumari","තිත්තගල්ලෙ..😁😁"
"SRILANKAN","https://www.facebook.com/srilankan.952839","මේ දවස්වල හොඳම ජොබ් එක තමයි මහණවෙනඑක.පිංබත්කාල දෙකතුනකට ඇනල ජොලියෙ ඉන්න ඇහැකි."
"Dulip Sanjaya","https://www.facebook.com/dulip.sanjaya.5","මේවානේ බණ"
"Dulip Sanjaya","https://www.facebook.com/dulip.sanjaya.5","[Image Attachment]"
"Pujitha Gunasekara","","මූ එන තැනක මේ ලොකු තිරේක දාල පෙන්නන්න ඕන"
"පොඩි සෝනා","https://www.facebook.com/people/%E0%B6%B4%E0%B7%9C%E0%B6%A9%E0%B7%92-%E0%B7%83%E0%B7%9D%E0%B6%B1%E0%B7%8F/pfbid0Jug55sUv8pWisqmv2BorPp4Kkjofft1UgAw6KB7nPHLBigQ3CUHPMkaRxeRSwyN5l","ඤානසාරලා වහේ උන්ට අවවාද කරන්න පුලුවන්ද .පිලිගන්නවාද.."
"Shan Jayaweera","https://www.facebook.com/shan.jayaweera.165","දැන් මොනවද එතකොට කියන්නෙ 😂"
"Semina Nirmal","https://www.facebook.com/semina.nirmal","ඒ එයලගෙ අය ඉද්දි නේ"
"Seetha Priyangani Wallawaththe Arachchige","https://www.facebook.com/seethapriyangani.wallawaththearachchige","ආණ්ඩුවට කඩේ යනකොට කවුරුත් එහේම තමයි තේරුම් ගත්තට පස්සේ පස්සෙ අයින් වෙනවා අනුර කුමාර දිසානායක මොන තරම් පට්ට පල් බොරු කිව්වද? බලයට එන්න."
"Lanka Hmc","https://www.facebook.com/lanka.chaminda.94","බුදුන්ගේ සද්ධර්ම ව්කුනා සැප ගන්න උන් මුන්  මුන් මේ රටට සාපයක්"
"Bmsd Basnayaka Basnayake","https://www.facebook.com/people/Bmsd-Basnayaka-Basnayake/pfbid0jXGZ79NqnBMD9m17zKbVkj87EqvXUh5Ks4rGn4HB7mZxfk6dTCWAvB873KvGWyDrl","Lakmal Owitiyaw  අහපිය බුරු හරකා. Brian Gajasinha  😂"
"Jeevendra Gamlath","https://www.facebook.com/jeevendra.gamlath","එහෙම කියලා චීනෙ ලෝකෙ ලොකුම බලවතා උනාද?????😂😂😂😂😂"
"Jeevendra Gamlath","https://www.facebook.com/jeevendra.gamlath","අනේ ප්ද්ගෝ...."
"Janith Samaraweera","https://www.facebook.com/janith.samaraweera.35","🔥"
"Priyantha Sampath","https://www.facebook.com/fdfssa45asd","අද මේ මොකද්ද හැදිලා තියෙන කුලප්පුව 🤣🤣"
"Ruwan S Gunathilake","https://www.facebook.com/ruwan.s.gunathilake","තිත්තයට පෙන්නහන්කෝ මේක 😂😂"
"Idunil Hapuarachchi","https://www.facebook.com/indunil.hapuarachchi.5","අපි අහේනම් ජානාදිපති තුමාට කියමු මරලාම දාන්න කියලා 😂😂"
"Chandana Hadapangoda","https://www.facebook.com/chandana.hadapangoda","👍"
"Sarath Sarath Kosman","https://www.facebook.com/people/Sarath-Sarath-Kosman/pfbid0yF5mbz8YoyYD3vyRvT5dDwqBm5w51Dz2SNX9A6koaXbfJK9gissyBZoQWx1LejHLl","හොද බඩුවක් ගහලා එන්නට ඇති පරයා"
"Akila Dilshan Siriwardhana","https://www.facebook.com/akila.dilshan.3745496","මේ වගෙ"
"Ashen Ashen","https://www.facebook.com/sd.amarasiri","@highlight 😂😂සාදූ සාදූ චීනය වගේ හදමු මෙහෙත් 😂😂"
"Supun Rukmal Samara","https://www.facebook.com/supunrukmal.samaraweera","Rasika Munasingha 😁"
"Suresh Pussella Pussella","https://www.facebook.com/spussella","වාසියට මහන වෙච්ච අපත"
"Lahiru Madushanka","https://www.facebook.com/people/Lahiru-Madushanka/pfbid0ZFJu9Bnhfe2wqKkyh5vLgwK8ZkRDLa1ASfrUYoDKuKwJrWyYUWr1uN6RtWPriVj1l","[Image Attachment]"
"Lahiru Madushanka","https://www.facebook.com/people/Lahiru-Madushanka/pfbid0ZFJu9Bnhfe2wqKkyh5vLgwK8ZkRDLa1ASfrUYoDKuKwJrWyYUWr1uN6RtWPriVj1l","[Image Attachment]"
"Ranjith Wijesinghe","https://www.facebook.com/ranjith.wijesinghe.583003","[Image Attachment]"
"Ranjith Wijesinghe","https://www.facebook.com/ranjith.wijesinghe.583003","[Image Attachment]"
"Chaminda Rathnapala","https://www.facebook.com/chaminda.rathnapala.2025","බත් බැලයෝ"
"Mohamed Zakir","https://www.facebook.com/mohamed.zakir.514770","😄😄😄😄😄"
"Tharidu Darshana","https://www.facebook.com/people/Tharidu-Darshana/61552496392064","[Image Attachment]"
"Tharidu Darshana","https://www.facebook.com/people/Tharidu-Darshana/61552496392064","[Image Attachment]"
"තනි තරුව","https://www.facebook.com/piswz4q3kq","මූට වැහි නැති හෙණ ගහන්න ඕනි 😂😂"
"Shalom Kavindu","https://www.facebook.com/shalom.kavindu","Carry thatty 😂"
"Saman Mannauthum","https://www.facebook.com/profile.php?id=100016986432480","දැන මට පු... හිනා යනවා මෙයා දකිද්දි"
"Sapumal Bandara","https://www.facebook.com/sapumal.bandara.3139","අපිටත් එහෙම කරන්න වෙයිද😅"
"Darshana Rathnayaka","https://www.facebook.com/darshana.rathnayaka.9","😂"
"Thennakoon Gamini","https://www.facebook.com/thennakoon.gamini.1","මුන්ට  ඕන විදියට   බණ  දේසනාකරන  විදිය..මුන්  හාමුදුරුවෝ ද.  රාජපක්ෂ   ගූකන  හැත්ත."
"Sudarshana Ranaweera","https://www.facebook.com/sudarshana.ranaweera","වාසි ටාර්ගට් කරල කීව බණ"
"Sudda Shen","https://www.facebook.com/people/Sudda-Shen/pfbid029vUtXrHW5SaxoNHwFcdnX9ykBHqhJULJB5ALX4aHazpPKp89Lef3FmzRj2F3eVil","Atta 👌"
"Nishantha Kumara","https://www.facebook.com/people/Nishantha-Kumara/pfbid0kcq3u6dg6Bu2huz5aNGiWuV3AbfvxASejzw9MWkR8pqaiyQnaejP9bBMaZqVmvZwl","[Image Attachment]"
"Dumith Yatawara","https://www.facebook.com/people/Dumith-Yatawara/pfbid02yGB3xnn8fR6UJfShQ3MhoDdQ7HEYd8xUZCkgEdSMX8jKJa1zYeQXf9r3QS7m5GYXl","මේකා නීල හොරෙක් නිදන් හාරපු"
"විමුක්ති හේෂාන්","https://www.facebook.com/xhewxar6ip","ගොටු පප්පලා 😂💔"
"Waruna Herath","https://www.facebook.com/waruna.harath.7","මේ යකා මේක දැක්කද දල්ලෑ😂😂😂😂"
"Gayan Lakmal","https://www.facebook.com/gayan.lakmal.94617","මූ මරල ඉන්න වෙනවා ඉස්සරලම කාලකන්නියා"
"Ruchira Senarathna","https://www.facebook.com/ruchira.senarathna.1","ඕකව මෙන්ශන් කරහල්ලකෝ පුලුවන් බම්.😂"
"Darshana Darshana Chathuranga","https://www.facebook.com/darshana.darshana.chathuranga.2025","Kalen kaleta wasiya anuwa wachana wenas wana parayek 🤑"
"Sameera Madusanka Welivita Welivita","https://www.facebook.com/sameera.madusanka.39589","ඒක ඒ විදිහටම වෙනවා නේ හ් අපේ හාමුදුරුවනේ😂😂😂😂"
"Vishva Ariyarathna","https://www.facebook.com/vishva.ariyarathna.9","තිත්තයා හෙන ආතල් පොරක්නේ බලං යනකොට.  එදා කියපුවා මිනිහටම අද මතක නෑ ! 😁"
"Gayan Athulathmudali","https://www.facebook.com/gayan300online","ඉතිං මේ පගයවත් මරන්න වෙනව ද? 😂"
"Josap Antani","https://www.facebook.com/josap.antani.35","[Image Attachment]"
"Josap Antani","https://www.facebook.com/josap.antani.35","[Image Attachment]"
"Millan Geethaka","https://www.facebook.com/profile.php?id=100000970605774","Amila Bandara Adikari පේනව නේද?? දේශපාලන වාසි පැත්තට බණ පවා වෙනස් වෙනව. මේ හාමුදුරුවන්ට ඔයා කියන නම මොකක්ද??"
"Josap Antani","https://www.facebook.com/josap.antani.35","[Image Attachment]"
"Josap Antani","https://www.facebook.com/josap.antani.35","[Image Attachment]"
"Josap Antani","https://www.facebook.com/josap.antani.35","[Image Attachment]"
"Neel","https://www.facebook.com/neelsusantha","Pathum S Jayasinghe 😆"
"Josap Antani","https://www.facebook.com/josap.antani.35","[Image Attachment]"
"Suraj Danasanka","https://www.facebook.com/danasanka.ssuraj","නිදන් හොරාට ඔය ටික මතක නෑනෙ 😁 බේබිගෙන් කන්න හම්බ්නාම ඔහොම වෙනව 😁 අර ලොකු නාකි හැත්තට මේව පෙන්නන්න ඕන 😁"
"Josap Antani","https://www.facebook.com/josap.antani.35","[Image Attachment]"
"Josap Antani","https://www.facebook.com/josap.antani.35","[Image Attachment]"
"Josap Antani","https://www.facebook.com/josap.antani.35","[Image Attachment]"
"Josap Antani","https://www.facebook.com/josap.antani.35","[Image Attachment]"
"Josap Antani","https://www.facebook.com/josap.antani.35","[Image Attachment]"
"Josap Antani","https://www.facebook.com/josap.antani.35","[Image Attachment]"
"Josap Antani","https://www.facebook.com/josap.antani.35","[Image Attachment]"
"Josap Antani","https://www.facebook.com/josap.antani.35","[Image Attachment]"
"Josap Antani","https://www.facebook.com/josap.antani.35","[Image Attachment]"
"Josap Antani","https://www.facebook.com/josap.antani.35","[Image Attachment]"
"Josap Antani","https://www.facebook.com/josap.antani.35","[Image Attachment]"
"Josap Antani","https://www.facebook.com/josap.antani.35","[Image Attachment]"
"Josap Antani","https://www.facebook.com/josap.antani.35","[Image Attachment]"
"Josap Antani","https://www.facebook.com/josap.antani.35","[Image Attachment]"
"Josap Antani","https://www.facebook.com/josap.antani.35","[Image Attachment]"
"Josap Antani","https://www.facebook.com/josap.antani.35","[Image Attachment]"
"Josap Antani","https://www.facebook.com/josap.antani.35","[Image Attachment]"
"Berni De Silva","https://www.facebook.com/berni.desilva","යකෝ මරු බඩු ටිකකට මූ බණ කියල තියෙන්නෙ"
"Deshan Bandara","https://www.facebook.com/deshan.bandara.542424","😂💯"
"Sanka Thilina","https://www.facebook.com/sanka.thilina.75","උබ වාගේ නිදන් හොරුන්ගෙන් අව වාද ගත්තොත් මරු තමයි 😄😄😄"
"Sanka Thilina","https://www.facebook.com/sanka.thilina.75","තොපි වාගේ උන් මල වදයක් බං"
"Sanka Thilina","https://www.facebook.com/sanka.thilina.75","අනේ පලයන් හුත්තෝ"
"Sanka Thilina","https://www.facebook.com/sanka.thilina.75","මගෙන් සිලය බලාපොරොත්තු වෙන්ඩ එපා.. මීට හුත්තිගේ බල්ලා නාන සාර."
"Sanka Thilina","https://www.facebook.com/sanka.thilina.75","[Image Attachment]"
"Sanka Thilina","https://www.facebook.com/sanka.thilina.75","[Image Attachment]"
"Surendra Kumara","https://www.facebook.com/kumara.surendra.3","Chaminda Pushpakumara 😂"
"Jayalath Perera","https://www.facebook.com/Jayalath.perera.113537","වැදි බණ 😂"
"Ravindra Vitharana","https://www.facebook.com/ravindra.vitharana.2025","රාජපක්ශ නිකාය අනුව බණ දේශනාවක්"
"Aturuwelle Samitha","https://www.facebook.com/people/Aturuwelle-Samitha/pfbid0gFF52W8zRBsgyMZ8TmxK4NyCfGSeVVQdpXkiCQEVmsyrUSUC5V2NP4roEXFSrfTWl","AKD❤️"
"Jayantha Jayantha","https://www.facebook.com/jayantha.jayantha.457126","ඉස්සරවෙලා නීතිය ක්‍රියාත්මක කරලා බලමු... බැරිම උනොත් මාඹ්සේතුං ගෙන් උපදෙස් ගමු..."
"Eranga Sandaruwan","https://www.facebook.com/eranga.sandaruwan.39","Isuru Madusanka Chandima Harshani"
"සිතුම් විජෙරත්න","https://www.facebook.com/people/%E0%B7%83%E0%B7%92%E0%B6%AD%E0%B7%94%E0%B6%B8%E0%B7%8A-%E0%B7%80%E0%B7%92%E0%B6%A2%E0%B7%99%E0%B6%BB%E0%B6%AD%E0%B7%8A%E0%B6%B1/100090882703296","මුන්ට මතක නැ බන් ඔහෙ කියන්නම් වලෙ කියවනවා 😂😂😂😂"
"Dasun Janaka Wickramanayaka","","මුන්ගේ බණ අහන එවුන්..."
"Induwara Isuru","https://www.facebook.com/induwara.isuru.52","දැන් මාවො සේතු කරා වගේ කරන්න ඕනෙද? 😀"
"Himal Krishantha","https://www.facebook.com/jin.woo.92317121","කොහෙද මේ හාමුදුරුවෝ ඉන්නේ..... අනේ හොයල දෙන්නකෝ.."
"GK Vithanage","https://www.facebook.com/gk.vithanage.3","අවස්ථාවේ හැටියට බුදු බණත් වෙනස් කරන උන්නාන්සේලා 😔🤔"
"Jinuka Bethmal","https://www.facebook.com/jinuka.bethmal","හපොයි.😂"
"Sagarika Hettiarachchi","https://www.facebook.com/profile.php?id=61555424266130","Athitha warthamana Anagatha"
"Yasith Aththanayake","https://www.facebook.com/yasithaththanayake","මාලිමාව ට කඩේ ගියාලු"
"Teshan Silva","","Ven Thiththagalle Anandasiri Thero - English මේ කවුද?"
"Jayasinghe S Amila","https://www.facebook.com/amila.amilasjayasingha","@followers  @highlight  ඒ අහපන් පොඩ්ඩක් 🤣🤣🤣"
"Suranga Shewan Perera","https://www.facebook.com/suranga.shewanperera.1","Dilz Perera"
"Nilantha Gallaba","https://www.facebook.com/nilantha.gallaba","මූනං සක්කිළිම ගණ ගෙඩියේ මේකාගේ ඒ කාලේ කතාවයි මේ කාලේ කතාවයි කොහොමද   ශාසනයත් විනාශ කරනවා"
"Manohara Ranasingha","https://www.facebook.com/indika.ranasingha.562114","Mahesh AnuMalith Sadaruwan ශෙයා කරන්න ශෙයා කරන්න 😂"
"Chathura Buddima Amarasinha","https://www.facebook.com/profile.php?id=100008191666888","ශ්‍රී ලාංකික ජාතියත්, බුදු දහමත් ලෝකය ඉදිරියේ අපකීර්තියට පත් කරන ක්‍රියා අනුමත කළ නොහැක.  සංඝ අධිකරණ ක්‍රමය නිසි ලෙස ක්‍රියාත්මක වූයේ නම්, අද මෙවැනි හැසිරීම් නිසා බෞද්ධ භික්ෂූන් වහන්සේලාට මෙන්ම සමස්ත බෞද්ධ ශ්‍රී ලාංකික සමාජයටම ඇතිවන අපහසුතාව බොහෝ දුරට වළක්වාගත හැකිව තිබුණි.  තක්කඩියාගේ අවසාන නවාතැන්පොළ ආගම වූ පමණින්, නීතිය ආගම අනුව වෙනස් විය යුතු නැත. නීතිය සැමට එකසේ ක්‍රියාත්මක විය යුතුය."
"Sepalika Kumuduni","","[Image Attachment]"
"Eranda Siriwardhana","https://www.facebook.com/eranda.siriwardhana","😂 Hirantha Ashoka ඒ කාලෙ බණ"
"Hirantha Ashoka","https://www.facebook.com/hirantha.ashoka","Eranda Siriwardhana නිර්ආගමික සත්තුන්ට පාලනය ලැබිල තියෙන්නෙ...මරැ නීතිය මුන්ගෙ තියෙන්නෙ මුන්ව දෙපාරක් රෝස් කරපු    තරහට මුන් සිංහලුන්ගෙන් පලි ගන්නව..."
"Eranda Siriwardhana","https://www.facebook.com/eranda.siriwardhana","Hirantha Ashoka දිගක් පළලක් දන්නෑ ඕහේ කියෝනවා අයියේ ඔයා 😂 දැන් ඔය බණේ කියන තිත්තගල්ලෙ හාමුදුරුවො කොහෙද කියල බැලුවනම් හරි"
"Ama Gunasekara","","ඇට පිටිං ද මන්දා 🤣"
"Kulasiri Karunarathne","https://www.facebook.com/kulasiri.karunarathne","[Sticker]"
"Fernando SN","https://www.facebook.com/people/Fernando-SN/pfbid031AhDvevxLEiMvXYTNDckc4u71eKADPiWLrzyAoz5sBvdJoudwNa7d3wXjqUzbuqAl","තිත්තෙ ඇත්තම කියනවා 😂"
"Janaka Wathugedara","https://www.facebook.com/people/Janaka-Wathugedara/pfbid02wSEteCgk9JZpdwCR3s1zVeN5BgobpqFuQoffEkaZXHmZdwyu7bpDjXv95ePXUFnHl","🤣🤣🤣"
"Viraj Rathnaweera","https://www.facebook.com/viraj.rathnaweera.5","ඇට නැති දිව...🤣🤣🤣"
"Niroshan Kiriella","https://www.facebook.com/niroshan.kiriella.96","ඇත්ත තිත්තයි🤣🤣🤣🤣"
"Sagara Sampath","https://www.facebook.com/sagara.sampath.319452","Indika Wickramaarachchi"
"Chathura Prasad","https://www.facebook.com/chathura.prasad.374","Talk with Lal"
"Ranjana Lakshan","https://www.facebook.com/ranjana.lakshan.492564","Vishmika Rumesh Deshapriya  බණ ටිකක් අහනවද 😂"
"Isuru Udayanga","https://www.facebook.com/skisuru.udayanga","මුන් දන්න බණ බුද්ධ දර්ශනය විනාස කරන්නෙම මුන් තමයි හිතට එන හැම මගුලම කියල දානව 🤮"
"Malitha Sadaruwan","https://www.facebook.com/malitha.sadaruwan.2025","එහෙනම් මරමු 👍😂"
"Sampath Bandara","https://www.facebook.com/sampath.bandara.667253","කලු පුතා ඔීවා කියලා සෙටිඑක පෝලිමටම හිරෙට යැවිවා නේද"
"Lahiru Madushan","https://www.facebook.com/lahiru.madushan.746046","Gayan Madhusanka ඔහෙව මෙන්සන් කරනවට මට රතු වරෙන්තු දිලා තියෙන්නෙ.. but මේවා දකිද්දි කොහොමද ඉන්නෙ..🥹🥹"
"Gayan Madhusanka","https://www.facebook.com/gayan.madhusanka.100","Lahiru Madushan ඒ කව්ද"
"Lahiru Madushan","https://www.facebook.com/lahiru.madushan.746046","Gayan Madhusanka it is family goals🥹"
"Gayan Madhusanka","https://www.facebook.com/gayan.madhusanka.100","Lahiru Madushan කොහොමත් ජපන් ගිය  හින්දනේ පිරිමියෙක් උනේ .නැත්නම් ගමේදි කෙල්ල වගේ ගෙටවෙලානේ"
"Lahiru Madushan","https://www.facebook.com/lahiru.madushan.746046","Gayan Madhusanka එ ඔහෙලා දැකපු විදිහ නෙ"
"Gayan Madhusanka","https://www.facebook.com/gayan.madhusanka.100","Lahiru Madushan හ්ම්ම් හ්ම්ම් අපි දන්නෝ 😂😂😂😂"
"Lahiru Madushan","https://www.facebook.com/lahiru.madushan.746046","Gayan Madhusanka 👍"
"Nuwan Rangana","https://www.facebook.com/nuwan.rangana.1048","බයියන්ටනෙ ඒ බණ"
"Subash Janaka","https://www.facebook.com/subash.janaka.92","😁"
"Sameera Alutharachchi","https://www.facebook.com/sameera.alutharachchi","ඇත්ත තිත්තයි තිත්තෙ....🤣🤣🤣"
"Janaka Acharige","https://www.facebook.com/profile.php?id=100027964510944","පෙනේද මේ වල් පරයෝ තමන්ගේ පුද්ගලික වාසියට දිව හැරෙන හැරෙන පැත්තට හෝයියා. මුන්ට දානෙ තහනම් කරන්න ඕනි"
"කපිල රුවන් ජයතිලක","https://www.facebook.com/kapila.ruwanjayathilake","Madawa Chandrasena මේ බණ අහපන් ගොන් හරකා 😂"
"Madawa Chandrasena","https://www.facebook.com/madawa.chandrasena.1","කපිල රුවන් ජයතිලක"
"Chamara S Perera","https://www.facebook.com/chamara.sunanda","සාදු සාදු සාදු"
"Lahiru Milinda","https://www.facebook.com/profile.php?id=100016895941449","මේ අතරින් මුන්වහන්සේගේ ඔබ කැමතිම දේශනාව/ගුණකථනය කුමක් ද?  1. පාස්කු වින්දිතයන් වෙනුවෙන් දෙසූ බණ - www.facebook.com/reel/976809538075688  2. පොලිස් නිලධාරීන් ඉදිරියේ පැවැත්වූ සර්වරාත්‍රික ධර්ම දේශනය - www.facebook.com/reel/4524590307687830  3. අටමස්ථාන හිමි සම්බන්ධ ධර්ම කාරණා ගැන දෙසූ බණ - www.facebook.com/reel/1485338259360775  4. මත් ගිලන්පස වර්ග පානය කර රිය පැදවීමේ ආනිශංස ගැන දෙසූ බණ - www.facebook.com/reel/1411000313859280  5. ස්වාමීන් වහන්සේලා දෙනමකට දෙසන ලද සුමධුර බණ - www.facebook.com/reel/2267902343989535  6. තවත් ස්වාමීන් වහන්සේ නමකට දෙසන ලද සුමධුර බණ - www.facebook.com/LankaPolitics.LK/posts/2160642437420691/  7. තවත් ස්වාමීන් වහන්සේ නමක් ඉදිරියේ කඩු ශිල්ප ප්‍රගුණ කළ ආකාරය - www.facebook.com/shanika.dissanayaka.75/posts/258878289316550/  8. ""හිරු-ගෝඨාභිවන්දනා"" දම් දෙසුම - www.facebook.com/salakuna/posts/2084796008511068  9. රාජපක්ෂ නිකායේ චිරස්ථිතිය උදෙසා දෙසූ බණ - www.facebook.com/reel/1765006804154692  10. මෙත් වැඩීමේ ආනිශංස ගැන අලුත්ගමදී සිදුකළ දේශනාව - www.facebook.com/nadeera.jayathilake.5/posts/650268442632169/  11. මුන් වහන්සේ තුන් වන සිල්පදය රැකගත් ආකාරය සම්බන්ධ ගුණකථනය - www.facebook.com/100057428530869/posts/503797707886139/  12. සීඝ්‍රගාමීව නිවන් යාම සඳහා ලැබුණු V8 රථය ගැන සිදුකළ ගුණකථනය - www.facebook.com/sandaruwansdl/posts/202829195247793/  13. රාජපක්ෂ නිකායෙන් කෙටිකාලීනව ඉවත් වූ සමයේ දෙසූ බණ 1 - www.facebook.com/reel/2087754658794221  14. රාජපක්ෂ නිකායෙන් කෙටිකාලීනව ඉවත් වූ සමයේ දෙසූ බණ 2 - www.facebook.com/shanika.dissanayaka.75/posts/782901415851346/  15. අනිත්‍යය මෙනෙහි කරවන එදා සහ අද වෙනස 1 - www.facebook.com/reel/2594991627669734  16. අනිත්‍යය මෙනෙහි කරවන එදා සහ අද වෙනස 2 - www.facebook.com/reel/1678696153818733  17. අනිත්‍යය මෙනෙහි කරවන එදා සහ අද වෙනස 3 - www.facebook.com/reel/944518512046119  18. අනිත්‍යය මෙනෙහි කරවන එදා සහ අද වෙනස 4 - www.facebook.com/reel/1443335187720455  පිං ඇත්තෝ මේ දේශනා සියල්ල දැක බලා සැදැහැ සිතින් අනුමෛා්දන් වෙත්වා! සාදු සාදු!🙏  ධර්ම දානය පිණිසයි.❤"
"Sriya Chuti","https://www.facebook.com/sriya.chuti","[Sticker]"
"Rasika Mayakaduwa","https://www.facebook.com/rasika.mayakaduwa.3","[Sticker]"
"Rukshala Nimasha Rathnasekara","https://www.facebook.com/rushi.nimasha","එතකොට හිටියේ චිත්ත තිත්තෙ ආසා අයනේ"
"Chandika Thenuwara","https://www.facebook.com/chandika.thenuwara.1","ඥානසාර කොහොමද කිව්වෙ.😁"
"Chulaka Abeysinghe","https://www.facebook.com/chulaka.abeysinghe.90","එකනෙ හොරැ ඇතුලට දාන්නෙ?? 🤣😂"
"Pūñsàrá Dhåñûshkã Såmpâth","https://www.facebook.com/punsara.dhanushka","Hiru News TV Derana 🤣😂🤣"
"Nihal Perera","https://www.facebook.com/nihalperera.nihalperera.12","🤣🤣🤣"
"Ranil Wanigarathna","https://www.facebook.com/people/Ranil-Wanigarathna/pfbid0URx3vmBCu1CAKqkUPcRhjFtcdFBtPqa47A27kLURQGiVmRm2VfVt7vG9nsSsQLqDl","කියන විදියට බයි සන්ගයෝ ඉන්නකන් මේ රට හදන්න බේ කියල පිළිගන්නව නේද දැනටත් රට ගොඩ දාන්න දෙන්නේ නෙත්තේ හාමුදුරුවෝ තමයි"
"Rukshan Darshana","https://www.facebook.com/people/Rukshan-Darshana/pfbid0vR3pdaX4Q4frRixt7T2Ks7HPfKYniD5FBKZ6BQ33LYuVEJEiMVRjqGocVSvSRnHol","ඇඳුම්වලට වඩා ශරීරය වටින්නේ නැද්ද (බරපතල වැඩ සහිත සිර දඬුවම්(එහෙනම් සිවුරක් අල්ලගෙන දඟලන්නේ මොකද,"
"Jorge Michell","https://www.facebook.com/mike.perera.96","සෝක් බන ටික"
"Jorge Michell","https://www.facebook.com/mike.perera.96","🙏🙏"
"Gamage Harini","https://www.facebook.com/harini.nimesha.75","[Sticker]"
"Priyantha Perera","https://www.facebook.com/priyantha.perera.98837399","ඔව් ඉතින්මේ විදිහට ගියොත් හොරුන් මංකොල්ලකාරයෝ ්මත්ද්‍රව්‍ය කාරයෝබොහෝ වැරදි වැඩ කරන අය චීවරයට මුවාවෙලාබොහෝම වැරදි වැඩක් කරන්න පුළුවන්එනිසා මේ සෑම දෙයක් ගැනම සිතා කටයුතුකරන්න අවශ්‍ය අවස්ථාවක්"
"Asira Ramuditha","https://www.facebook.com/ramuditha","Milinda Rajapaksha"
"Suranga Suranga","https://www.facebook.com/people/Suranga-Suranga/61556016094708","Thiththagallata den owa mathaka ne😂😂😂😂😂"
"Ravindra Asanka Gunatilaka","","මහණවෙලත් ඉදලා තියෙනවා ඒ කියන්නෙ"
"Munasinghe C Ramani","","If you ar n't monk"
"Himath Perera","https://www.facebook.com/himath.perera.31","Tissa Jananayake huu huu"
"Suranimala Nimal","https://www.facebook.com/ajith.suranimala.1","තෝත් එවගෙ එකෙක්.. දිව දෙකේ කතා කියන කහාකඩ කාලකන්නියෙක්.."
"Ram Jeewan","https://www.facebook.com/ram.jeewan.165724","Yako muu...😂"
"Shamidu Abhilash Liyanage","https://www.facebook.com/shamidu.abhilash.liyanage","Ai ai ai 😆🤣"
"Shanaka R Rajanayaka","https://www.facebook.com/lasa.lasa.3557","Chanaka Dissanayaka ooi men"
"Sarath JB Rajaguru","https://www.facebook.com/sjbraja","Tell directly to politically ambitious monks not to do politics."
"Nadeesha Terance","https://www.facebook.com/nadeesha.teranse","Gammak bro"
"Ashan Madhusha Neththikumara","https://www.facebook.com/ashan.madhusha.3","E mention krnvko😹😹"
"Yasindu Buddhika","https://www.facebook.com/yasindu.buddhika.2025","Thittaya 😂😂😂😂😂"
"Shashi Shash","https://www.facebook.com/shashi.shash.318240","Can someone tag this monk 🤣"
"Dilantha Shamil","https://www.facebook.com/dilantha.shamil","Meka gorillek😂"
"Sujeewa Wickramasingha","https://www.facebook.com/sujeewa.wickramasingha.161","Like to fuf your mom 😂😂"
