User Name,Profile Link,Comment
"Sisira Kumara","https://www.facebook.com/sisira.kumara.9235","තිත්තගල්ලේ කියන්නෙ බොරදියේ මාලුබාන අමුතිරිසනෙක්....."
"Pushpakumara Hettiarachchi","","Sisira Kumara මු හමුදාවෙින්  පැනපු 1 ලු....කලකන්නියා තිත්තවැල්ලයා..."
"SA NI SA","https://www.facebook.com/ammapaaththa","Sisira Kumara  ඇයි කැ සුදස්සන හොඳයි ද පොංංනයා?"
"Rajarathna Jayawardena Arachchilage","https://www.facebook.com/rajarathna.jayawardenaarachchilage","අමු තිත්ත කුනුහරුප කියන තිත්තයා ,කිසිම විනයක් ශික්ෂාකාමී භවක් නැති නානසාර කුලේ සංගපාතාලයේ රාජපක්ෂ නිකායේ අමු තිරිසනෙක්.."
"Niel Nowak","https://www.facebook.com/Igiveback","Rajarathna Jayawardena Arachchilage දහමට විනයක් සාදාගැනීම අනිවාර්යයි!"
"Rajarathna Jayawardena Arachchilage","https://www.facebook.com/rajarathna.jayawardenaarachchilage","Niel Nowak එකගයි..👍"
"Malkanthi Malkanthi","https://www.facebook.com/people/Malkanthi-Malkanthi/61572959055299","Rajarathna Jayawardena Arachchilage ඇත්තටම විග්‍රහය හරියට හරි"
"Lankapura Chandralatha","https://www.facebook.com/people/Lankapura-Chandralatha/pfbid0r1iX4yb5i6Kc1L2oqbZvJAVDXLxhBEyxuCJ5UAZhU9Vd8X9QGdSA4bKsgt1aQHvfl","Rajarathna Jayawardena Arachchilage මංගල සමරවීර මහත්තය කවිව සංඟ පාතාලයක් ඉන්නව කිවිව එතුමගෙ කටෙ මසුරන් දාන්න වටිනව මෙ සංඟ පාතාලය බිහිකලේ දේසපාලුවොමයි කියල අපිට ඇහෙනව එතකොට කුඩු පාතාලෙත් එහෙමයි අපි සබුද්දිකව අවුරැදු ගානක් කතිරය නොගහපු විපාකය නේද මෙ නීතිය වල්වැදීමෙ ප්‍රතිඵල නේද අද අපි බුක්ති විදින්නෙ සිවුර දාගෙන මාධ්‍යය ඉස්සරහත් කුනුහරුප කියමින් හැසිරෙන කොට අපේ දරැ පරපුර මේවගේ ගොයියල නිසා අනාගතේ කෙබදු වෙයිද ජනපති. තුමනි"
"Rajarathna Jayawardena Arachchilage","https://www.facebook.com/rajarathna.jayawardenaarachchilage","Lankapura Chandralatha රටේ දූෂිතයෝ,අපරාධකාරයෝ ,පාතාලය සුද්දකලා වගේම ,සාසනයත් සුද්ධකිරීමේ කාලය එලඹ ඇත."
"Anil Disanayaka","https://www.facebook.com/people/Anil-Disanayaka/pfbid06xji4Qy7JnesA4JFNDbabwtKcwt6vzvTsXszvXDxZzAt7DEatJAegfqzVHTtPoM3l","Rajarathna Jayawardena Arachchilage රාජපක්ෂ කුලේ හැම ඝණයෙක් ම මෙයාකාරයි."
"Rajarathna Jayawardena Arachchilage","https://www.facebook.com/rajarathna.jayawardenaarachchilage","Anil Disanayaka දැන් නම් සාසනයත් සුද්දවෙයි.."
"Kelum C. Kariyawasam","https://www.facebook.com/kelumchandra.kariyawasam","මුන් ඔක්කොම එකයි..බහුතරයක් හාමුදුරුවෝ සාසනය කනවා."
"Kumari Athapaththu","https://www.facebook.com/kumari.athapaththu.961","Kelum C. Kariyawasam yes"
"Viranga Vimesh","https://www.facebook.com/viranga.vimesh.7","තිත්ත ගල්ලෙ කියන්නෙ හාමුදුරු කෙනෙක් නෙවෙයි ගනින්නාන්සෙ කෙනෙක්"
"Namal Sirichandana","https://www.facebook.com/namal.sirichandana","තිත්තගල්ල  උබ නම් සියුරට ඔබින සියුරේ ඉන්න ආපු එකෙක් වෙන්න බෑ..   ගෙදරින්  බල්ලො බලල්ලු ගෙනත් දාන ගානට ගෙනත් අත ඇරපු නපුන්සකයෙක්..   උබල වගේ එවුන් සාසනයේ ඉන්නත් ඕන.. මොකද නායක  කියාගත් කුපාඩීන්ට මෝල් අමාරුව සුව කරන්න උබේ පුක පූජා කිරීමත් සාසනයේ මෝල් අමාරුව සුව කිරීමත් අතරේ උබෙන් සාසනයට යමක් වෙනවා..   හොදයී ඔහොමම උත්සල අල්ලගෙන හිදින්.  පා..කය"
"Lakmini De Silva","https://www.facebook.com/lakmini.desilva.9699","ඊලග සංඝ පාතාල නායක තිත්තයි , අප්පිරියයි .😡 සාසනේ වළඳන හොර තක්කඩි තිත්තෙ .🤮"
"Sumedha Thirimadura","https://www.facebook.com/schandrasekara1","ආණ්ඩුවට විරුද්ධව මේ දවස්වල බුරන හැම සිවුරු හොරාම රාජපක්ෂලාගේ රාජපක්ෂ නිකායේ හොරු ටිකක්  කියලා හැමෝටම තේරෙනවා තේරෙනව"
"Priyantha Jayarathna","https://www.facebook.com/priyantha.jayarathna.39","බය්යන්ට ඕන සිවුර පලිහ කරගෙන තව දුරටත් දේශපාලනය කරන්න. අනෙක් සියළු අවි මොට වී, සිවුර පමණක් ඉතිරි වී ඇති සමයක, අන් කුමක් කරන්නේද"
"Wasantha GR","https://www.facebook.com/wasantha.virasinhe","තිත්තගල්ලේ කියන්නේ  සිවුරේ හැංගුන  අමු තිරිසනෙක්...."
"Galla Hewage Shamika","https://www.facebook.com/people/Galla-Hewage-Shamika/pfbid0279YjVFndnSDYLJLvM6p3EhosdUregFFxTPM3tEJe5YxXbosXjpoojwCYnoGvZR7Nl","ජෙප්පෝන්ට ඕන හාමුදුරුවෝ අතර ප්‍රශ්න හදන්න. සුදාට ඕන ඒක කරන ගමන් මෙකෙන් සල්ලි ටිකක්  හොයාගන්න"
"Phc Gunawardana","https://www.facebook.com/phc.gunawardana","Galla Hewage Shamika වෙන  කවුරුත්.නොවේ  හාමුදුරුවො අතරට  දොල පිදේනි  දීලා සංඝ බේද  ඇති.කරේම රාජපක්ශලා....  පේමදාස චන්ද්‍රිකා  පාලන කාලයේ මෙහෙම සංඝබේද  වෙලා නෑ."
"Charith Seneviratne","https://www.facebook.com/nimalkarunaratne.karu","Galla Hewage Shamika"
"Viki Dim","","Galla Hewage Shamika ඉතින් බං ඔය ඇත්ත ස්වරූපයනෙ පෙන්නන්නේ. මොකද සුදා කිව්වද දෙන්නට රණ්ඩුකරගන්න කියලා වීව්ස් ගන්න 😂😂😂😂"
"Shan Herath","https://www.facebook.com/shan.herath.908","Galla Hewage Shamika අනේ  ගොබ්බය  දැන් මෙතන ප්‍රස්නෙ හදල තියෙන්නෙ ජෙප්පොද . ඔක්කොටම කලින් ස්වාමින්වහන්සෙ කෙනෙක් කියන්නෙ කවුද කියල දැනගන්න සිත කය වව්හනය සන්වර වෙන්න ඕන . හැබැයි ඔය දේශපාලුවොන්ට කඩේ යන එක ගනයෙක්ටවත්  ඒක තියෙනවද  කාගෙද් වැරැද්ද  ජෙප්පොද වැරදි . පිනට දෙන බත් එක ගිලල තෙල වැඩිවෙලා තමයි ඕකුන් නටන්නෙ"
"Galla Hewage Shamika","https://www.facebook.com/people/Galla-Hewage-Shamika/pfbid0279YjVFndnSDYLJLvM6p3EhosdUregFFxTPM3tEJe5YxXbosXjpoojwCYnoGvZR7Nl","Shan Herath අනෙ ජෙප්පෝ උබලත් අපෙ ගෙවල් වලින් වලින් පිංබත් කෙලිනවා."
"Tsp Senaratne","","Galla Hewage Shamika Sasene Inna thakkidi gen issarawela Sasene beraganin. Thopita one thakkadiyek siwurak Dan innawanam uta wadagena yanne. Rajapakshala wage sakkilith , me wage siwurak dagatta thakkidinwa Thamai pachchi karanne balaya allagannath, balaya innate.. munuth danagena use wenawa Salli walata."
"Galla Hewage Shamika","https://www.facebook.com/people/Galla-Hewage-Shamika/pfbid0279YjVFndnSDYLJLvM6p3EhosdUregFFxTPM3tEJe5YxXbosXjpoojwCYnoGvZR7Nl","Viki Dim  ඒක  තමයි  .   ගොනො ප්ලෑන් එක"
"Galla Hewage Shamika","https://www.facebook.com/people/Galla-Hewage-Shamika/pfbid0279YjVFndnSDYLJLvM6p3EhosdUregFFxTPM3tEJe5YxXbosXjpoojwCYnoGvZR7Nl","Charith Seneviratne උසි. උසි ජෙප්පා උසි උසි."
"Viki Dim","","Galla Hewage Shamika ඉතින් මොකද්ද අවුල ගොන් මීමෝ මේකෙ"
"Galla Hewage Shamika","https://www.facebook.com/people/Galla-Hewage-Shamika/pfbid0279YjVFndnSDYLJLvM6p3EhosdUregFFxTPM3tEJe5YxXbosXjpoojwCYnoGvZR7Nl","Tsp Senaratne අනෙ බං මුකුත්.  තෙ රෙන්නෑ."
"Asantha Chamika Weerasinghe","https://www.facebook.com/profile.php?id=1247158362","Galla Hewage Shamika jeppo newei thopi wage 💩💩💩💩💩🐖🐖🐖🐖🐖wesige putthu"
"Galla Hewage Shamika","https://www.facebook.com/people/Galla-Hewage-Shamika/pfbid0279YjVFndnSDYLJLvM6p3EhosdUregFFxTPM3tEJe5YxXbosXjpoojwCYnoGvZR7Nl","Viki Dim වාමාංශික කොක්ක පුකෙ වැදුනම හිරිවැටෙනවා මුකුත් තෙරෙන්නෑ. එකම. දෙයයි. ගිරවා වගේ එකම කියවනවා"
"Sameera Eknhayaka","https://www.facebook.com/sameera.eknhayaka","Galla Hewage Shamika matmaya ,jeppoda,baiyoda kiyana eka atarinna ,meka waradda giyan wana api amogema wardda apita tama dama terum ganna ba ekai me wage wenne api ari margaye yanna ona"
"Bhagya Charith","https://www.facebook.com/bhaggya.charith","Galla Hewage Shamika friends 16 I fake baiyata Lory talk 100i. Palayan gal ibbo yanna"
"Viki Dim","","Galla Hewage Shamika  උඹගෙ 🍑 කොක්ක පැටලිලා තියන්නේ කියකා පේනවා. මී වස්සා 😂😂😂"
"Nimal Hettiarachchi","https://www.facebook.com/nimal.hettiarachchi.16","Galla Hewage Shamika"
"Galla Hewage Shamika","https://www.facebook.com/people/Galla-Hewage-Shamika/pfbid0279YjVFndnSDYLJLvM6p3EhosdUregFFxTPM3tEJe5YxXbosXjpoojwCYnoGvZR7Nl","Bhagya Charith අඩො ජෙප්පා උසි උසි උසි උසි"
"Galla Hewage Shamika","https://www.facebook.com/people/Galla-Hewage-Shamika/pfbid0279YjVFndnSDYLJLvM6p3EhosdUregFFxTPM3tEJe5YxXbosXjpoojwCYnoGvZR7Nl","Phc Gunawardana එකත් ඇත්ත. හැබැයි ජෙවිපි  සිංහල බෞද්ධයන් ට වෛර කරනවා"
"Yasantha Geekiyanage","","Galla Hewage Shamika බල්ලෝ කුනු කන කහකඩයෝ ඔක්කොම එකයි. ..කාලකන්නි  බල්ලො."
"Madawa Sandaruwan","","Galla Hewage Shamika තිත්තගල්ල ජෙප්පෙක්ද බල්ලෝ... තොපේ උන්ට විනය හදලා දීපල්ලා... සිව්ර පොරවන් ඉන්න සක්කිලි..."
"Promod Ishan","https://www.facebook.com/profile.php?id=100018680169024","Galla Hewage Shamika godak bath kanna epa"
"Sanika Sharmila Wanigasekara","https://www.facebook.com/profile.php?id=100024608149095","Galla Hewage Shamika onna ubata theruna vidiya pohottuwata tha oniwela tiyenne😂😂😂😂"
"Galla Hewage Shamika","https://www.facebook.com/people/Galla-Hewage-Shamika/pfbid0279YjVFndnSDYLJLvM6p3EhosdUregFFxTPM3tEJe5YxXbosXjpoojwCYnoGvZR7Nl","Promod Ishan ගොඩක් කන්නෙ කොහෙද බං කන වෙලාවටම ජෙප්පෙක් ගෙදර ට එනවානෙ."
"Galla Hewage Shamika","https://www.facebook.com/people/Galla-Hewage-Shamika/pfbid0279YjVFndnSDYLJLvM6p3EhosdUregFFxTPM3tEJe5YxXbosXjpoojwCYnoGvZR7Nl","Yasantha Geekiyanage වසන්ත සමරසිංහ ද කිව්වෙ."
"Dileepa Rajaguru","https://www.facebook.com/dileepa.rajaguru.2025","Galla Hewage Shamika වේස මෝඩ බයියොන්ට ඔහොම තමා තේරෙන්නෙ"
"Galla Hewage Shamika","https://www.facebook.com/people/Galla-Hewage-Shamika/pfbid0279YjVFndnSDYLJLvM6p3EhosdUregFFxTPM3tEJe5YxXbosXjpoojwCYnoGvZR7Nl","Dileepa Rajaguru ඔයා ට අමූ කැවිලා වැරදි පෙන්නූවහම රාජපක්ෂලාගෙ ගොඩට දානවා. ඔක උබලා ගෙ. ගොං කම රාජපක්ෂලා අපිට පෙනෙන්නේ අසූචි ගොඩවල් වගේ. ආපිට ජෙවිපි  එක්ක ලොකු ප්‍රස්න නෑ. හැබැයි  අනිත් ජාතින් හමූවෙ ජෙප්පෝ නපුංසකයි.. කල්පනා කරලා බලන්න. අපි කාගෙවත් ගැත්තො නෙවෙයි."
"Angage Sanjee","https://www.facebook.com/people/Angage-Sanjee/pfbid029snwjgky9qDtiEgoTVfm7DLuarGhe439djDfeWRnhCFNV4WrZSo9rG4UwNoaY6aXl","Galla Hewage Shamika ජේප්පන්ට බනින එකෙකුටවත් මුන පේන්න ගන්න කොන්ද පන නැහැ 😂 ඔක්කොටම ඉස්සර profile  එකට මුන දාගන්නවා ."
"Rumesh Kumara","https://www.facebook.com/rumesh.kumara.7773","Galla Hewage Shamika බලපන් පුකේ අං ඇවිත කියලා ෆේක් පිමිපියගෙ 🤌"
"Kumari Samarasekara","https://www.facebook.com/profile.php?id=100003361845963","Galla Hewage Shamika එතකොට ඔයාවත් හැසිරෙන්නෙ නැති විදිහට මේ ගණයෝ හැසිරෙන එක අනුමත කරනවාද? පුංචි දරුවෝ දූෂණය කරන එක අනුමත කරනවද? චන්ඩි වගේ සිවුරු කරේ තියං මිනිස්සුන්ට චණ්ඩි පාට් දාන එක අනුමත කරනවද? බණ වෙනුවටම කුණුහරුපම දෙස දෙස ඉන්න එක අනුමත කරනවද?"
"Sahan Madhawa","https://www.facebook.com/sahanmadhawag","Galla Hewage Shamika හොයාගත්තුදෙන් ඉතිං 🤣"
"Sarath Hettiearachchi","https://www.facebook.com/profile.php?id=100001379288233","Galla Hewage Shamika Buddha Village  බුද්ධා <> ගම. දින දින කණ වැකෙනා සිද්ධින් සමග ඊට විසඳුමක් යෝජනා කරන්නට සිත්විය. අගමැති ප්‍රේමදාසයන් යාපහුවේ එකතැනක නිවාස එක්තැන්කර ගම්මානයක් සාදා එගමට උදාගම කියා නම්තබා පසුව උදාගම් සංකල්පයක් හැටියට විවිද නම්වලින් ගම්සාදා තම මව සිහිවීමට මවුගමද,  පියා සිහිවීමට පියගමද, රටපුරා විසිරිසිටි දේශීය වෛද්‍යවරුන් එක්තැන්කර වෙදගමද කලා. කුමණ හෝ හේතුවකින් අපේ අවාසනාවට සැදියයුතුම ගම එතුමා අතින් මගහැරීගොස් තිබූනා.  යකඩ වැලි සිමෙන්තී ගල්කොරියක් සමග ගමක් සාදා  රටපුරා විසිරී සිටින හාමුදුරුවන් එකතුකර ඒ ගමටදමා එගමට (බුද්ධා+ගම) කියා නම් තැබුවේනම් අපට මේ අලකලංචී වලින් බේරි කනක් ඇහි පාඩුවේ ඉන්නට ඉඩතිබුනි.."
"Sarath Hettiearachchi","https://www.facebook.com/profile.php?id=100001379288233","Galla Hewage Shamika ලෝකයේ දියුණුවූ රාජ්‍යයන් ජනසමාජයන්  සිය දියුණුව අත්පත්කරගත්  ගමන්මග දිශාව විමසා බැලුවොත්  ඒ ඒ කාලයට සාපේක්ෂව  ආකල්ප සංවර්ධනය, විද්‍යාව හා තාක්ෂණය උරාගන්නට සමත්වන රාජ්‍යයන් ඉතා ඉක්මනින් දියුනූව කරා ගමන්කරඇත. ජාතියක් යාවත්කාලීන නොවී විද්වතුන් පසකලා පූජ්‍යකයන්ගේ යල්පැණගිය දේශනාමත ඔවුන්වත් නොගිය,නොදුටු ඔව්න්ද අසාර්ථක කිසිවකු නොදන්නා එලොවක්ගැන දේශනා අසා ඔවුන් පෙන්වන දිශානතිය උනූනගේ  සැපපිනිස අපට මවාපෙන්වන මරණින් පසුසැප ලැබීමේ අපේක්ෂාවෙන් හැකිතාක් පූජ්‍යකයන් පුදමින් සන්තර්පනය කරමින් අහස සිඹින ගඩොල් ස්ථම්බ පිළිම ගෝලාපිරමීඩ  ඉදි කරමින් ඒවාට ආහාර පලතුරු කැවිලි කරිබත් වස්ත්‍ර ඇඳන් පාවහන් පුදමින් පරිභෝජනයට ඇති අබතෙල් පොල්තෙල් තලතෙල් දවාවිනාශ කරමින්  යන ගෝත්‍රකගමන් රටක් තව තවත් ආගාධයකට විනා ගොඩ ඒමක් නැත්තේමය එසේ ගොඩආ රටක් නැතේමය. පූජ්‍යකයන් මේකාලය තුල කිසිදු දාර්ශනික ආකල්ප සංවර්ධනය කලේනැත, හිරුඑළිය පසකලා කලුමැදිරිය එලිපසුපස යමින් ජන සමාජය අඳුරෙන් අඳරට ගෙනයමින් ගෝත්‍රික බමුණූ චාරිත්‍රවලට පණපොවමින්, පාරිසරික වසයෙන්ද වැදගත් සතාසිව්පාව්න්ගේ පැවැත්මට ජනශූන්යව පවත්වාගතයුතු  වැදගත්ම වනාන්තර කඳුමුදුන් පවා විනාශ කරමින් රටේ නිතීපද්දතියට පවා අභියෝග කරමින් ජනතාව මුලාකරමින් ගඩොල් විකුණගෙන ව්‍යාපාරිකයන් සව,  අන් ජනයාටද කියන්නේ සියල්ල අනිත්‍යබවත්  තමන්ගත් මග ඉතාම නිවැරදි දුෂ්කර මගක් බවත් අපටද එමග එනලෙස අභියෝග කරමිනි.. පූජ්‍යකයන් නොදන්නේ අප පවතින්නේ ඔවුනගෙන් නොව ඔවුනගේ පැවැත්ම පවතින්නේ  (ගිහියන් සරණං ගච්චාමී) මතබව, පොදුමහත් ජනසමාජයතුල ස්වඋත්සහයෙන් සහජීවනයෙන් අන්නෝන්‍ය සහයෙන් පැවැත්මට අපොහොසත් තක්කඩින් පොදු සමාජයෙන් ඉවත්ව පූජ්‍යකවෙස්ගෙන නැවතත් අපටත් වඩා අපගේ දෛනික උවමනාවන් වෙනූවෙන් පෙනීසිටිම කෙතරම් හාස්‍යජනකද,  ලෝකයේ කිසිදුතැනක පූජ්‍යකයන් විසිස් මිනිසූනගේ ආහාර සෞඛ්‍ය අධ්‍යාපන නිවාස රැකීරක්ෂා (ප්‍රවාහන ගමනාගමන) වීසඳාපු තැනක් තිබේද... සසර කලකිරුනා කියනා පූජ්‍යකස්තථානවල ලගින ඔය  පූජ්‍ය ලෝගුතුල සිටින්නේ අපටත් වඩා අදිපරිභෝජන වාදයේ ගිලුන මස්පර්වත විනා අන් යමක්ද.. මොවුන් ආර්ථිකමය ‍මිත්‍යාමය වශයෙන් පොදූ ජනසමාජයට කරනා හාකිකර බලපෑම (ශාපය) ප්‍රශ්නකල යුතුය. රාජ්‍යයටද වඩා ඉහලින් ඔවුන්ගේ පැවැත්ම මැදිහත්වීම ඇවැසියැයි යන මිත්‍යාව සමාජයේන් තුරන්කල යුතුය.  පූජ්‍යකයන් අපටවඩා අල්පේච්ඡ මගක යනවායැයි අපට පෙන්වන ඔවූන් පෙන්වන ලෝකයට පලවාහරිනතාක් රටකට ගැලවීමක් නැත. ඔවුන් කරවටක් පරිභෝජනවාදයේ ගිලී අපට අත්හැරීම උගන්වයි.  ඔවුන් ඔවුනගේම වාර්ගීකරනයේ පලමු ජයග්‍රහණය වන සෝවහන්වත් නොවී අපට  ඔවුන්වත් කිසිදා නොදුටු නිවනකට යනහැටි බෙරිහන්දෙයි.. අප මේ ඉපිද සිටින්නේ මින්පෙර ඉපිද සිටියදී කලකීදේක පලයකට (කර්මපල) අනුවයැයි කියනා මොවුන්  ඒ අනුව අපගේ පලමු උපත කවදා කෙසේ කාගේ තීරනයකට කුමන පලයකට අනුව සිදුකලේදැයි පිලිතුරු දීමෙන් පලායයි.. ඔනෑම පැට්ටෙක් නුගත් පඟරනැට්ටෙක් පූජ්‍යකවස්ත්‍ර ඇඟලූ සැනින් මහා උගතෙක් බුද්ධිමතෙක් හික්මුණු සර්වඥ සමාජයට නායකත්වය සැපයිය හැකියැයි යන මිත්‍යාවෙන් මිදෙනතාක් රටකට අනාගතයක් නැත.. 40දහසක් පූජ්‍යකයන් 35දහසකට අධික ආයතන. ජනතා මුදලින් නඩත්තුකරනා ඔවුනගේ අද්ධ්‍යපනා [  ] යතන නඩත්තුවට වාර්සිකව වැයකරන ධනය කොපමණද  ඒ වෙනූවෙන් මේ දූපත් වාසීන් ලැබූ ප්‍රතිලාභය කුමක්ද.. ඔවුනගේ ගමනේ ඔවුන්ද fail,  ඔවුනගේ ක්‍රමයද fail,  [  ] ඔවුන් අපට පෙන්වන ක්‍රමයද fail,"
"Sarath Hettiearachchi","https://www.facebook.com/profile.php?id=100001379288233","Galla Hewage Shamika   (තිත්ත ඇත්ත) කහත්‍රස්තයෝ   අප මෙච්චර ලියන්න හිටියේ නැහැ'  උඹලා අපේ ඒ සීමාව පැන්නෙව්වා..  දන්නෙ නැත්නම් ඉතිහාසය අපෙන් අහගනින්. තො#පත් ත්‍රස්තවාදීන්. බෝම්බ ගහලා අහිංසක  මිනිස්සු මරණ.  වෙඩිතියලා මරණ මිලේච්ජ වර්ගවාදය වපුරන කඩවීදි ගිණිබත්කරන (බේරැවල මාවනැල්ල) වඳකොත්තු වඳ බ්රෙසියර් වඳජංගි  පැලොපීය නාල මිත්‍යා මුසා වපුරන  කුඩු අදින'  දැරියන් දුෂනය කරන. වනසතුන්ගේ  අටමස්ම බුදිණ' හොරාට පවුල්කන සල්ලි පොලියටදෙන  බුදු සිරස පලා හොයන. හොර සල්ලි ජාවාරන් කරන එක ඇඳට ගනිකාවන් දෙක ගේන සමලිංගික සේවනය කරන අවජාතක  ලමයි ඉන්න  උන්ට පංසල් නින්දගම්  දේපල ලියාදෙන' ⁣රාත්‍රියපුරා ස්කයිප් එකෙන් ගෑණුනුට සර්ව රාත්‍රික ලිංග ප්‍රදර්ශනය කරන  හොර ඔප්පු හදන රජයේ ඉඩම් හොරාට පොල්වතු  ලියාගන්න. කම්බිහොරැනට නූල් බඳින.අණවින කොඩිවිණ වස්කවි හදිහූනියම් කරන. නොකරන පාදඩකමක් තියෙනවද    ගංගොඩවිල සොම මැරිච්ච දවසක  ඉන්දිය කලාකරු ෂාරැක්ඛාන්  සහබාගිවුනු ප්‍රසංගයට හාමුදුරු උරුමෙන් තර්ජනයකර බෝම්බ ගසා මිනිස්සු මැරුවා . (එතන බහුතරය සිංහල බෙෘද්ධ) සොලමන් බංඩට වෙඩිතියලා ම#රාපු තල්දූවේ සෝමාරාම  රතුගමරාලලාගෙ වේරිස්සිං⁣ඤෝ  කරලා එල්ලූවේ ඇයි.. රෙද්ද ලෙහුවම හෙලුව වැහෙනවද  පංසියවසකට එහා තේරපුත්තාබයගෙ නබ්බුව බෙදාගන්න පොරකනවා  නිලමැස්සො වගේ. සොමාරාමලගෙ  බුද්ධරක්ඛිතලගෙ  ලොලිපොප් මාගල්කන්ද පල්ලේගම සිරිනිවාසලගෙ' හේමරතනලගෙ  පහලගම සෝමරතනලගෙ  නාඔටුන්නලාගේ  උඩුවෙලගෙ  එකි මෙකි නොකී  පැටිකිරියත් උඔලම බෙදාගනිල්ලා අපට එපා තො#පිවගේ අයටත් අපි කියන්නෙ ත්‍ර#ස්තවාදී කියලා තමයි බන්.. මේ දුපතේ සර්වතොභද්‍ර සුද්දවන්තයො නැහැබන්  ඒ අවිහිංසාවාදි පතිවෘතාව කෙලසගෙන බොහොකල්"
"Phc Gunawardana","https://www.facebook.com/phc.gunawardana","Galla Hewage Shamika සාටක නිකායෙ  අය."
"Malkanthi Malkanthi","https://www.facebook.com/people/Malkanthi-Malkanthi/61572959055299","Galla Hewage Shamika මේ ජෙප්පන් ගෙ ප්‍රශ්න යක් නෙවෙයි සංගයා කියාගන්න ජන්ඩින්ගෙ ප්‍රශ්නයක්"
"Dml Kithsiri","https://www.facebook.com/dml.kithsiri.2025","Galla Hewage Shamika මැදමුලනේ වනචාරියානේ බං තිත්තගලේ කියන ගනයා 🤣🤣"
"Galla Hewage Shamika","https://www.facebook.com/people/Galla-Hewage-Shamika/pfbid0279YjVFndnSDYLJLvM6p3EhosdUregFFxTPM3tEJe5YxXbosXjpoojwCYnoGvZR7Nl","Dileepa Rajaguru කවුද බයියා අපි ඔය එහෙකුටවත් ගැති කම් කරන්නේ නැහැ."
"Iresh Kariyakarawana","https://www.facebook.com/iresh.roxy.2025","Galla Hewage Shamika තවත් තමන් ගේ අම්මව කසාද බැදලා හුක හුක ඉන්න බයි වෙසිගේ පොන්න පකයෙක්"
"Lalith Rodrigo","https://www.facebook.com/lalith.rodrigo.94","Galla Hewage Shamika Jeppo vinaya garukae bank Siuru dagena enna IRC Karaenta wada"
"Galla Hewage Shamika","https://www.facebook.com/people/Galla-Hewage-Shamika/pfbid0279YjVFndnSDYLJLvM6p3EhosdUregFFxTPM3tEJe5YxXbosXjpoojwCYnoGvZR7Nl","Rumesh Kumara පුකෙ අං ආපු එකෙක් වෙන්න ඕන එහෙම සින් එකක් අපි අහලා නෑ.  එක එකාට කඩෙ යන්න කලින් දැනූවත් වෙලා හිටු වැදගත් විදිහට හැසිරෙන ජෙවිපි අය මෙකෙ ඉන්නවා ඒයාලගෙන් ඉගෙන ගනින් මතවාද මතවාද හැප්පෙන විදිය."
"Dhammika Gunawardhana","https://www.facebook.com/people/Dhammika-Gunawardhana/pfbid026BJdLt6hg1KTfakePyM6KDApmU1k1Y9ZCE2jksnjsTLFJkV7bGeinJiqeTuRv2PXl","Galla Hewage Shamika ජෙප්පන් තේරුම් ගනිමු ඔක්කොටම කලින්.හාමුදුරුවරු බුද්ධ චීවරයට නිගා කරමින් හැසිරෙන ආකාරය ලැජ්ජයි.හිරිකිතයි.ඒකට ජෙප්පන් පළිද?"
"Galla Hewage Shamika","https://www.facebook.com/people/Galla-Hewage-Shamika/pfbid0279YjVFndnSDYLJLvM6p3EhosdUregFFxTPM3tEJe5YxXbosXjpoojwCYnoGvZR7Nl","Kumari Samarasekara වැරදි හැමොම ගාව අඩු වැඩි වශයෙන් තියෙනවා."
"Galla Hewage Shamika","https://www.facebook.com/people/Galla-Hewage-Shamika/pfbid0279YjVFndnSDYLJLvM6p3EhosdUregFFxTPM3tEJe5YxXbosXjpoojwCYnoGvZR7Nl","Dhammika Gunawardhana  ඒක ඇත්තක් තියෙනවා. එත් හොද හාමුදුරුවෝ ගොඩක් ඉන්නවා. මෙහෙම කිපදෙනෙක් ඉන්නවා. මෙයාලා තමයි කෑපි පෙන්නෙ. සුදා ල හොදම අය ගෙනවද නැනෙ. එහෙම උනොත් සුදාට වැඩක් නෑ. ඉස්සර ජෙවිපි එකෙ හිටියද  සුදා වගේ කුණුහරුප කියන අය කවදා හරි සුදා පක්ෂෙ අයටත් මෙහෙම කතා කරනවා. අපි පක්ෂෙ හිටියනම් සුදා වගේ උන් එලවනවා"
"Asanga Asanga","https://www.facebook.com/people/Asanga-Asanga/pfbid0ncoysZoRroWDuZtpgRxn9cFDPPtjUyupjjei9EoAxissaoTkBHvbAFovyXcRYfy3l","Galla Hewage Shamika අපි සිංහල බවුද්දනේ.උන්ගේ වයිරය අපිට පාන්ද😂😂"
"Rumesh Kumara","https://www.facebook.com/rumesh.kumara.7773","Galla Hewage Shamika ඉස්සල්ලා රියල් එකවුන්ට් එකක් හදාගෙන ෆ්‍රොෆයිල් එකට පොටෝ එකක් දාගෙන නියම මනුස්සයෙක් වගේ වරෙන්.ඊට පස්සෙ මතවාද එක්ක හැප්පෙමු.ජාතියක් ජන්මයක් නැති තොපි තමා එක එකාගෙ අසූචි ගිල ගිල මේ වගේ හැංගි හැංගි එක එකාට කඩේ යන්නෙ 🤌"
"Promod Ishan","https://www.facebook.com/profile.php?id=100018680169024","Galla Hewage Shamika obathumage gedra inne namal da?"
"Galla Hewage Shamika","https://www.facebook.com/people/Galla-Hewage-Shamika/pfbid0279YjVFndnSDYLJLvM6p3EhosdUregFFxTPM3tEJe5YxXbosXjpoojwCYnoGvZR7Nl","Rumesh Kumara තොට වගෙ මට පක්ෂයක් නැත. එක එකා වෙනුවෙන් අපි ඉපදිලා නැත.  උබලා වගේ අසූචි ගොඩවල් එක්ක අපට කතාවක් නැත.  අපි ජාතියට ආගමට ගරහන නපූංසකයි නොවෙ.  ජෙප්පෝ අපේ ගෙවල් වලින් කෑම ටික කාල අපටම ගරහන උන්."
"Galla Hewage Shamika","https://www.facebook.com/people/Galla-Hewage-Shamika/pfbid0279YjVFndnSDYLJLvM6p3EhosdUregFFxTPM3tEJe5YxXbosXjpoojwCYnoGvZR7Nl","Sarath Hettiearachchi වෛරි බවෙ උච්චතම අවස්ථාව."
"Galla Hewage Shamika","https://www.facebook.com/people/Galla-Hewage-Shamika/pfbid0279YjVFndnSDYLJLvM6p3EhosdUregFFxTPM3tEJe5YxXbosXjpoojwCYnoGvZR7Nl","Sarath Hettiearachchi පරිසමාප්ත ණුවනක් අපට නැත. සරල තේරුම ගැනීම වනාහි ජෙප්පෝ අනිත් ආගම් වලට ප්‍රසිද්ධියේ කිසිවක් නොකියයි එවිට අපට හැගි යන්නේ ජෙප්පෝ නපුංසක බවයි."
"Galla Hewage Shamika","https://www.facebook.com/people/Galla-Hewage-Shamika/pfbid0279YjVFndnSDYLJLvM6p3EhosdUregFFxTPM3tEJe5YxXbosXjpoojwCYnoGvZR7Nl","Sarath Hettiearachchi මුස්ලිම් අන්තවාදය අහිමූව නිවට බියගුළු ජෙප්පෝ."
"Galla Hewage Shamika","https://www.facebook.com/people/Galla-Hewage-Shamika/pfbid0279YjVFndnSDYLJLvM6p3EhosdUregFFxTPM3tEJe5YxXbosXjpoojwCYnoGvZR7Nl","Shan Herath ජෙප්පෝ අපේ ගෙවල් වලින් පිනට තමයි කන්නෙ"
"Galla Hewage Shamika","https://www.facebook.com/people/Galla-Hewage-Shamika/pfbid0279YjVFndnSDYLJLvM6p3EhosdUregFFxTPM3tEJe5YxXbosXjpoojwCYnoGvZR7Nl","Promod Ishan රාජපක්ෂලා යනු. අසූචි ගොඩවල් උන්ගෙන් අපට වැඩක් නෑ. මෙ ආණ්ඩුව උන්ට අච්චු කලොත් එහි ගෞවුරවය  ජෙවීපි එකට තමයි."
"Rumesh Kumara","https://www.facebook.com/rumesh.kumara.7773","Galla Hewage Shamika තෝ කොහොමද ෆේක් පිමිපියො කියන්නෙ මට පක්ශයක් තියනව කියලා.තෝ හිතුවද තොපි වගේ කියලා හැමෝම.හරි  හමන් ජාතකයක් නැතිව  ෆේක් එන්න වෙලා තියෙන තොට කොහෙද පිමිපියො ජාතියක් ආගමක්.තොපිට තමයි කල්ලතෝනි කියන්නෙ 🤌.ජෙප්පො තොපේ ගෙවල් වලින් කෑම විතරක් නෙමේ වෙන වෙන ඒවත් කාල තියනවා කියලා පේනවා 😂😂👍"
"Galla Hewage Shamika","https://www.facebook.com/people/Galla-Hewage-Shamika/pfbid0279YjVFndnSDYLJLvM6p3EhosdUregFFxTPM3tEJe5YxXbosXjpoojwCYnoGvZR7Nl","Rumesh Kumara පෙන්වා උබෙ  භාවිතාව ඇතුලෙ උගත් කම එකම කුණු හරුප ටික ලියනවා. උඔ ජෙප්පෙක්  නෙවෙයි නම් මොකක්ද  මම ලියපු එකෙ උබට  තියෙන ගැටළුව. පිස්සො තමයි තමන් කියනදෙ  මොකක්ද කියලා නොදන කියවන්නෙ. පාරෙ යන සුනඛයන් අප සපා කැවම අපි සපාකන්නෙ නැත පුළුවන් තරම් බුරපිය"
"Rumesh Kumara","https://www.facebook.com/rumesh.kumara.7773","Galla Hewage Shamika උබ මට වචන භාවිතය ගැන කියල දෙන්න ඕනේ නෑ ෆේක් පිමිපියො.මන් මනුස්සයන්ට කතා කරන්නත් දන්නවා.තෝ වගේ අවජාතක ෆේක් පිමිපියන්ට කතා කරන්න ඕනෙ විදිහත් දන්නවා.ජෙප්පෙක් වෙන්න ඕනෙද ෆේක් පිමිපියො තමන්ගෙ අදහස ප්‍රකාශ කරන්න🤌.තොගෙ අම්මගෙන් අහලා බලපන් තොට ජෙප්පො එක්ක ඔච්චර තරහ එන්නෙ ඇයි කියලා.එත්කොට තොට තේරෙයි කෑම විතරක් නෙමේ වෙන මොනව හරිත් දීලා කියල 🤌"
"Sarath Hettiearachchi","https://www.facebook.com/profile.php?id=100001379288233","Galla Hewage Shamika  (සතුන්ගෙයි මිනිස්සුන්ගෙයි වෙනස)  සතුන් කවදාවත්ම තම රැලෙ කෛරාටික තක්කඩියන්ව තට්ටෙගාලා කන්නබොන්න අඳින්නදීලා ඉඩකඩම්ටික  අක්කර ලක්ෂ 10 විතර ලියාදීලා (නින්දගම්)  ඉන්න අසපු මන්දිර මංඩප හදලා ඒවටා ද්වාර මකරතොරං වලාකුළු බැමි බැඳලා' පිරිවැන් භික්කු විශ්වවිද්‍යාල හදාදීලා අතට වියදමත්දීලා' නොනවතින පිළිම පිරමීඩ  හදන්න  යකඩ වැලි කලුගල් සිමෙන්ති ශ්‍රමයත්දීලා' අලිඇතුන් V8 BMW Bens Pajaro දීලා බස්එකේදි නැගිටලා සීට්එකත් දීලා'  දුවත් යවලා ##### පාදොවලා දනගහලා වඳින්නේ නැහැ... හෝඩිය ෆේල් එකාගෙන් AL ටියුෂන් ගන්නේ නැහැ.. සෝවහන් සකෘදා නැති ගෝතයන්ගෙන් කට අයාගෙන නිවාගන්න හැටි අහගන ඉන්නෙ නැහැ... සත්තූ..."
"Sarath Hettiearachchi","https://www.facebook.com/profile.php?id=100001379288233","Galla Hewage Shamika https://www.facebook.com/share/p/1HTwP95EdK/ සාසනය සාසනය. සාසනය නැතිවනවායි මරලතොනියකි"
"Shan Herath","https://www.facebook.com/shan.herath.908","Galla Hewage Shamika අනුන්ට දෙන්නෙ කොහොමද බන් උබ කන්නෙත් රාජපක්ෂලගෙ අසූචි නෙ .උබත් බත් කන්න පුරුදු වෙයන් එතකොට ඔය  මෝල තද උන ගන ගෙසියන්හෙ වැරදි පෙනෙයි"
"Shan Herath","https://www.facebook.com/shan.herath.908","Galla Hewage Shamika අනේ උබලගෙ සින්හල බවුද්දකම .උබ රට ජාතිය වෙනුවෙන් මොනවද කරල තියෙන්නෙ  නාන සාර වගේ කහකඩයන්ගෙ ගුන වයන එකද  කලේ"
"Galla Hewage Shamika","https://www.facebook.com/people/Galla-Hewage-Shamika/pfbid0279YjVFndnSDYLJLvM6p3EhosdUregFFxTPM3tEJe5YxXbosXjpoojwCYnoGvZR7Nl","Shan Herath උබලා රටට මොනවාද කලෙ රාජ්‍ය දෙපල විනාශ කරපු ඒක තමයි. සිංහල බෞද්ධ රජවරුන් තමයි යකොඔ වැව් අමුණු බැඳ ට්කෙ ඉදලා හදලා තියෙන්නේ."
"Ramani Mangalika Perera Gunasinghe","","Galla Hewage Shamika"
"Ramani Mangalika Perera Gunasinghe","","Shan Herath"
"Wasantha GR","https://www.facebook.com/wasantha.virasinhe","මල්වතු, අස්ගිරි,  නායක ස්වාමීන් වහන්සේලා තීරණයකට එන්න ඕනි මේ වගේ කුනුහරප කියන මිනිස්සුන්ට තදින් දෙමාපියන් මතක්කර අපහාස කරන හාමුදුරුවන් ගෙන්වලා දෙපාරක් අවවාද කරලා,  තුන්වන පාර සිවුර  වහාම ඉවත් කරන්න.... බුදු දහම මේ තරම් ජනතාව ඉදිරියේ අපහාසයට ලක් කරන්නේම මේ ප්‍රචන්ඩ හාමුදුරුවරු....මුන් සිවුර දාගෙන  මේ තරං දගලන්නේ BMW,  ඩිෆෙන්ඩර් , සිහිනයක් සිටින නිසා....මේ අයගෙන් දහමට දෙයක් බලාපොරොත්තු වෙන්න බැහැ.  ජනාධිපතිතුමා දැනුවත් කර වහාම ඒ නීතිය ක්‍රියාත්මක කරන්න.... සමන්ත භද්‍ර, තිත්තගල්ලේ, ඤාණසාර, මේ අය ගැනත් තීරණයක් ගන්න. වහාම."
"Himanga Mettananda","","Wasantha GR කිසිම සංඝ පාලනයක් නැහැ. ලොකු පන්සල් වලට වෙලා ලොකු පට්ටන් තියාගෙන සැප විඳින සෙට් එකකට සසුන බාර වෙලා තියෙන්නේ. ඕකයි ඇත්ත තත්ත්වය. නැත්තං මෙහෙම තැනකට ඇද වැටෙන්නේ නැහැ ශාසනේ."
"Mangala Priyadarshana","https://www.facebook.com/mangala.priyadarshana.185848","මුලින්ම කිව්ව ඕක ලගට යන්න එපා කියල.සතෙක්"
"Indika Dishan","https://www.facebook.com/indika.dishan","ඔකගෙ නමිිබරෙ දාන්න කැ%රිය බල්ලා."
"Ip Karunarathne","https://www.facebook.com/ip.karunarathne.375092","සංඝ පාතාලයෙන් බෞද්ධාගම බේරාගන්න මේ ආණ්ඩුව විතරයි සමත්"
"Heshan Dananja","https://www.facebook.com/heshan.dananja","මුන්ගෙ කිසිම විනයක් නෑ"
"Ruwan Karunarathne","https://www.facebook.com/ruwan.karunarathne.9440","තිත්තගල්ල ප#යෝ තෝ හදනවා වැඩි කල් යන්න ඉස්සර..අහිංසක මිනිසුන්ගේ දාඩිය මහන්සියෙන් හම්බකරන මුදලින් පිං බත් කෙලින ගොබ්බයා...."
"Priyanka Weliwatta","https://www.facebook.com/priyanka.weliwatta.5","තිත්තගල්ලේ නියෝජනය කරන පාහර හාමුදුරුවෝ සෙට් එකක්ම ඉන්නවා...."
"Chandimal Sanjeewa Athukorala","","තිත්තගල්ලෙ ගොනා"
"Anura Santha","https://www.facebook.com/anura.santha.9","තිත්ත ගල්ලෙ පකයා තොට තොට පුකේ අමාරුව තවම හොඳ නැහැ නේද."
"Chamod Sanjaya","https://www.facebook.com/shan.sanjaya.75","කැකිරාවේ සුදශ්ශන හාමුදුරුවෝ කියන්නෙ විනයක් හික්මීමක් සහ  හොඳ දැනුමක් වගේම බෞද්ධ දර්ශනය පිළිබඳ මනා අවබෝධයක් තියෙන උගත් සිල්වත් භික්ෂුන් වහන්සේ නමක්, තිත්තගල්ලේ හාමුදුරුවන් සහ උන්වහන්සේ අතර අපිට භික්ෂුව කවුද කියලා තර්කයක් නැතිව වටහා ගන්න පුළුවන්,, සුදා අයියා තමා දවසකට වත් චරිතේ, ලෝකෙටම පෙන්නුවා මනුස්සයා කවුද කියලා"
"Tharanga Kollure","https://www.facebook.com/profile.php?id=764479748","ටෞකණ්ඩ තිත්තයා"
"Karu Meegaswatta","https://www.facebook.com/karu.meegaswatta","තිත්තයා ගෙ සිවුර ගැලෙව්වට පවූ නෑ."
"Raihan Riyas","https://www.facebook.com/raihan.riyas","ඔය රාජපක්ෂ  හයිය නැතුව මෛතිුගේ හයිය නෙවෙි.😀😀😀"
"Mahinda Kahawandala","https://www.facebook.com/people/Mahinda-Kahawandala/pfbid0dkYKgSPp1QWotvkJxDfBo6cgd3iRXUUbNhv95Ncis5PGdXCqhBfFEeURGqsS3mCyl","රටේ බෞද්ධ ශාසනය විනාශ කරන්නේ නැතුව කරගන්න දෙයක් කර ගන්න රටේ අවාසනාවට මේ ලෝකෙට බිහි වූ  අපත සුනඛයෙක්"
"Pelanage Nandipala","https://www.facebook.com/nandipala.pelanage","තිත්තගල්ලේගේ පන්සලේ (පන්සලක් නොව කඩයක්) බිස්නස් බැහැලා. ගානක් හොයාගන්න රාජපක්ෂලාගේ කොන්ත්‍රාත් එකක් කරන්නේ."
"Morawaka Dhammarakkhitha","https://www.facebook.com/venerable.morawakadhammarakkhitha","කැකිරාවේ සුදස්සන මිථ්‍යා දෘෂ්ටික භික්ෂුවක්නේ.. පුනර්භවය නෑ කියනවා නම්, අපාය නෑ දිව්‍ය ලෝක නෑ කියනවනම්, ඔහු ලෞකික සම්මා දෘෂ්ටිය තුළ ඉන්න කෙනෙක් නෙමෙයි... එතකොට මිත්‍යාදෘෂ්ටික භික්ෂුවක්..."
"Ananda Mahinkanda","https://www.facebook.com/profile.php?id=100000485470089","Morawaka Dhammarakkhitha පැහැදිලිවම, මේ උන් දෙදෙනාම විනාශකාරී සතුන්."
"Irosh Sandaruwan","https://www.facebook.com/profile.php?id=100008276884675","Morawaka Dhammarakkhitha එක නිසා අම්මා මතක් කරලා බැන්නම හරිද 😂😂"
"Morawaka Dhammarakkhitha","https://www.facebook.com/venerable.morawakadhammarakkhitha","Irosh Sandaruwan අම්මා මතක් කරලා බැනපු එක දුබ්භාසිත කියන විනය පිටකයේ දේශනාගාමිණී ඇවතක්... ඒක අවවාද කොට අවවාද පිළිගැනීම වශයෙන් පාරිශුද්ධ විය හැකි වරදක්...  හැබැයි නියත මිත්‍යාදෘෂ්ටියට පැමිණීම භික්‍ෂුවක විසින් බුදුරජාණන් වහන්සේව ප්‍රතික්ෂේප කළා වැනියි ... ඒක වරදක බරපතලභාවය මැනිය හැකි මිනුම් දඬු ඕනතරම් තියෙනවා.. ඒ නිසා ධර්මය පැත්තෙන් නම් ධර්මය පැත්තෙන් කතා කළ යුතු අතර. සියල්ල දේශපාලනික කෝණයෙන් බලන කල වෙන වෙන දේවල් පෙනෙනු ඇත..."
"Irosh Sandaruwan","https://www.facebook.com/profile.php?id=100008276884675","Morawaka Dhammarakkhitha ha oya kiyana deyak thami ohoma yamu"
"Sandaruwan Wijesingha","https://www.facebook.com/people/Sandaruwan-Wijesingha/pfbid022FAVEGpQU9ZGttg6xPKiLccTeq1mxGdP8D3Sk2TZLmxRjjuJzKCmjNrsJUBXxruul","Irosh Sandaruwan හරි😂😂😂😂"
"Mathugama Dhammarakkitha","https://www.facebook.com/mathugama.dhammarakkitha.7","Irosh Sandaruwan අනික ඒ වචනය නිවැරදි සිංහල දන්න අය දන්නවා. ඒකේ ඇති කුණුහරුපයක් නැ. මෙවුන් මේ කරන වැඩනම් කුණුහරුප වැඩ"
"SA V IR","https://www.facebook.com/anuradha.liyanage.376","අපිට නම් දැන්  ඔය සිවුරුකාරයො දැක්කමත් හිරිකිතයි.මුං මහ සාපයක් .මුං මුං මරාගෙන ඕක ඉවරයක් කරනවා ළඟදීම .එහෙම හරි කමක් නැහැ අපිට නිදහසේ ඉන්න දීලා තොපි මකබෑවිලම පලයව් කාළකණ්ණි පිංබත් තට්ට කහකඩ හැතිකරය ."
"Priyanke S Kahandasumithre","https://www.facebook.com/priyankesanthalal.kahandasumithre","නොදකින් තිත්තගල්ලය තිත්තයි. සාසනෙ ඉතිරි ටිකත් කන්න ඉන්න යක්ෂයෙක්. කිසිදා භික්ෂුවක් ලෙස නොපිලිගනිමි. නොවඳිමි. ගරු නොකරමි"
"Nandana Jayaweera","","තිත්ත ගල්ලේ ##%@%@&@ පුතා"
"Chamara Ruwan","https://www.facebook.com/chamara.ruwan.752","Gon besige ballek..muth katukana nallek"
"Viranga Vimesh","https://www.facebook.com/viranga.vimesh.7","Kandy Asitha ,මේවත් පොඩ්ඩක් බැලුවනම් ඔය gnanasara la වෙනුවෙන් කඩේ යන්නෙ නෑ"
"Rm Siril Bandar","https://www.facebook.com/rm.siril.bandar3","තිත්තයා බොර දියේ මාළු බාන එකෙක්."
"Rathnamalala Disanayaka","https://www.facebook.com/rathnamalala.disanayaka","තිත්තගල්ලේ තෝ මුලින්ම සභ්‍ය විදියට කතා කරන්න පුරුදු වෙයන්. තොගේ භාෂාව නානසාරගේ තක්කඩි භාෂාවම තමයි. මොනව උනත් කැකිරාවේ සුදස්සන හාමුදුරුවෝ එක්ක තොට හැරෙන්න වත් බැහැ. තොගෙ කතාව සංඝ පාතාලයේ කතාවක්. තෝ වගේ නරුමයන්ට ගැලපෙන්නේ නානසාර වගේ පාතාලයන් ඉන්න සිර මැඳිරියම තමයි."
"Visaka Samarawikrama","","ඔය තිත්තයා අවජාතකයන්"
"Nelum Kumari Nelum","https://www.facebook.com/nelumkumari.nelum.50","Oka tithta galle nemei pushsu galle ballek"
"Lalith Hemantha","","අස්ගිරි ,මල්වතු, කන් ඇහෙන්නෙ නෑ ඇස් පේන්නෙ නෑ......."
"Roshan Dias","https://www.facebook.com/roshan.dias.1650","මූ ගෝරිල්ලෙක් වගේ වෙලා තියෙන්නේ කරපු පව් වලට තිත්ත පකයා."
"Dominic wijesiri","https://www.facebook.com/people/Dominic-wijesiri/61591706523993","පැමිනිල්ලක් දාන්න."
"Saruwa Bandarage Nirosha Kumuduni","https://www.facebook.com/people/Saruwa-Bandarage-Nirosha-Kumuduni/100075736375952","ගිහියන් ලග තියන හික්මීමක්වත් නෑනේ"
"Asoka Ganegama","https://www.facebook.com/asoka.ganegama","නමල්ගේ බැලයෝ"
"Rohan Christopher Kelaart","https://www.facebook.com/rohan.kelaart","තිත්තගල්ලෙ කියන්නෙ සයිකෝ උපරිමය පරයෙක්."
"Jagath Bandara","","තිත්තගල්ලේ කියන චීවරධාරීන් නිසා තමයි ශාසනය විනාශ වෙන්නේ"
"Ajith Nilantha","https://www.facebook.com/ajith.ariyawansa.5","තිත්ත ගල්ලේ කියන්නේ හමුදාවෙන් පැනලා නිදන් හාරහා ඉඳලා ගුරු හාමුදුරුවරු ළඟ මහණ වෙලා දෙපාරක් සිවුරු ඇරලා ගුරුවරයෙක් නැතුව තනියම සිවුර දාගෙන දැන් ඔය ඉන්නවා.. නඩු 14 තිබිලා දෙකක් නිදන් හාරපු ඒවා ඇඳයට නිදන් හාරපු ඒවත් තිබිලා අහුවෙලා රාජපක්ෂලාට කඩේ යන ගමන් නඩු ටික අයින් කරගෙන ඒක නෙමේ මෑතක නාමල් වෙනුවෙන් ඔයාකා කඩේ ගියේ.. එහෙම ඉන්න ගමන් මැද මුලට ගිහින් හොර හැත්තට කඩේ යන ගමන් එක එක ජාවාරම් වැඩ වලට සිවුර ඉස්සරහට දාගෙන ගිහිල්ලා කරන ගමන් ඔය කාලෙ ගෙවනවා... මොකද අර නඩු අයින් කරගත්තෙ වහල් භාවයට පොරොන්දු වෙලානේ දැන් වහල්කම චීවරයක් දාගෙන කරගෙන යනවා ඥානසාර එකනම් මූ අංක දෙක.  ඒ තරම් උතුම් බුද්ධ චීවරයට අගෞරව වෙන විදිහට වැඩ කටයුතු කරන්නේ අනිත් එකා සමන්ත බද්ධ.. උන් ඔක්කොම චීවරේ දාගෙන වයාපාරයි දූෂිත වැඩයි කරන්නේ"
"Chandana Weedagama","https://www.facebook.com/chandana.weedagama.9","හක්කේ බුදුරැස් ..බොක්කේ දඩමස්"
"Sadiranga Dumindu","https://www.facebook.com/people/Sadiranga-Dumindu/pfbid0Umpu2tBHhjMxodwYiFo4xXsJcftgyjmqQRSDo9f25fUt8yWKvyTBARQJwE6qvz49l","desha palanaya krana huttika putha maithtriyen kiuwe hoda adarsheta arn🤭🤭"
"Senarath Bandara Senarath","https://www.facebook.com/baththanamudiyanselage.senarathbandara","තිත්තගල්ලෙ කියන්නෙ රාජපක්ෂ නිකායෙ අමු පාදඩයෙක්"
"Gama Gamini","https://www.facebook.com/gama.gamini.566","තිත්තගල්ලේ කියන්නේ දෙපාරක් හිරේ ඉඳපු නිදන් වස්තු හාරලා මාට්ටුඋණු සක්කිලි වේශිගේ පුතෙක් . මුගේ අම්මා මූ භූරුව ඇඳේ තියාගෙන මූ ජාතක කරලා තියෙන්නේ . මට විශ්වාස කරන්න බැරුව දෙපාරක් බැලුවා වීඩියෝ එක ......"
"Ranga Pradeep Kahanda","https://www.facebook.com/ranga.pradeep.kahanda","Gama Gamini මොකද්ද ඒක?"
"Rukmal Udayantha Wickramarathna","https://www.facebook.com/rukmal.udayantha.wickramarathna","තිත්තය හොදයි කුණුහරුප දේශනා වලට"
"Gama Gamini","https://www.facebook.com/gama.gamini.566","මෛත්‍රී භාවනාවයි , මහින්ද භාවනාවයි දෙකම කියනවා වගේ අපේ හාමුදුරුවනේ ......."
"Nishantha Edirirathne","","Keri tittaya mahana weyan huttige putha"
"Hasindra Pramuditha","https://www.facebook.com/hasindra.pramuditha.5","තිත්ත සක්කිලියා"
"චන්දි හෙට්ටිආරච්චි","https://www.facebook.com/dtt1lgt0tq","සුදස්සන හාමුදුරුවෝ කොච්චර කෙලෙහි ගුණ නොදන්න කෙනෙක්ද.."
"Romisha Jayasinghe","https://www.facebook.com/romisha.jayasinghe.7","සෑම ගමකම පන්සල් ආශ්‍රිතව හතරමායිම සමීපව  වාසය කරන, බුද්ධ වචනයට අනුව සාධාරණව නිවැරදිව ජීවත් වන ගුණයහපත් නියම බෞද්ධ  සාමාන්‍ය ජනයා  ""ගමේ පංසලේ කෙරුවාව පිලිබදව"" අවංකව සත්‍ය එළි කලොත් එක පන්සලකවත් සිල්වත් භික්ෂුන් නැති බව මුලුමහත් සමාජයම දැනගනීවි..ඔවුන් තිත්ත කසාය බීපු උගුඩුවෝ වගේ කරකියාගන්න දෙයක් නැතාසේ  තම මුනිවත රකින්නේ අමාමෑනී බුදුපියානන් වහන්සේට සහ අරහත් ධජයට තියන අනුපමේය ගෞරවාදරණීය භක්තිය නිසාම පමනයි..බයි තක්කඩින් පිරිවරාගෙන බන්ධනාගාර තුළ ඉතිරි කාලය ගත කිරීමට නියමිත තක්කඩි දූෂිත මැර මි නීමරු අපරාධකාර පරාජිත දේශපාලුවෝ ප්‍රමුඛ වනචාරි සිවුරුරදවන මේ නටන්න යන ප්‍රදර්ශනාත්මක තුප්පහි  සාටක නාටකය හැකි ඉක්මනින් හකුළා නොගත්තොත්,  බුද්ධ ශාසනය  අනතුරේ බව ව්‍යාජව බිල්ලො මවන්නට පිඹුරුපත් සකසමින් සමාජය භේදභින්න කරමින්  යන  හුදු පුහු ප්‍රයත්නය සැබෑ නිවහල් බෞද්ධ සමස්ත ජනතාව විසින්ම  (නාමමාත්‍රික කසඩ ගනයන්ගෙ නිරුවත  සහ සැබෑමවූ ප්‍රෝඩාව) මුලු මහත් සමාජයටම හඬගා කියමින් ලග ළඟම  හෙළි කරනවා නොඅනුමානයි..."
"Danarathna Disanayaka","https://www.facebook.com/danarathna.disanayaka.1","තිත්තගල්ලේ අලුත් ම ශාසනික ශාපය..."
"Chanaka Sanjeewa","https://www.facebook.com/chanaka.sanjeewa.5492","පිස්සුද යකෝ මේ රටේ උන්ට?"
"Prasanna Herath","https://www.facebook.com/prasanna.herath.355","තක්කඩි ගනයෙක්;"
"Harinda Senadheera","https://www.facebook.com/harinda.senadheera","තිත්තගල්ලේ කියන්නේ කක්කා ගොඩක්, රාජපක්ෂ අසූචි වලේ වැටිලා දඟලන පණුවෙක්..."
"නුවන් පන්සිළු","https://www.facebook.com/06zxelg23y","ඔක්කොම අනාතයෝ.... අපිට වඩා....."
"Anura Ashoka","https://www.facebook.com/people/Anura-Ashoka/pfbid02H1vBLCiMXhyakraspaStVDfk2VBoqXcQqb2Z7bJhkKktymrkMtvy9ejjKk3mgKonl","Galla Hewage Shamika ජෙප්පන්ට  අමාරුවක් නෑ කව්රුත් බෙදබින්න කරන්න ඕකුන්ට ඕන කෙලවෙච්ච හොරුන් ආයි බලේට ගෙන්න මාර සටනක් දෙන්නේ ඕක ඕන ගොනෙක් ට තේරෙනවා"
"Ajith Bandara","https://www.facebook.com/ajith.bandara.10","තිත්ත galle තිරිසන් balla"
"අනුර සමග අපි","https://www.facebook.com/people/%E0%B6%85%E0%B6%B1%E0%B7%94%E0%B6%BB-%E0%B7%83%E0%B6%B8%E0%B6%9C-%E0%B6%85%E0%B6%B4%E0%B7%92/61584754423929","Uba punnaku kaapan baiya"
"Priyantha Samaradiwakara","https://www.facebook.com/priyantha.samaradiwakara.908","හුත්තිගේ පුතා කියන්නේ කවුද යකෝ තිත්ත ගල්ලේ සිංහල ව්‍යා කරන හොඳටබලපන්"
"Pemananda Himi Mallahawe","https://www.facebook.com/pemananda.himi.mallahawe","මේ වගේ ගොන් වහන්සේලා මාධ්‍යයට ගෙන්නන්ඩ එපා"
"Deen NM","https://www.facebook.com/deen.nm.9","තමුන්ට හරියන එකෙක් වෙනුවෙන් තමයි දැන් අත්සන් එකතු කරනවා ඇත්තේ"
"Wasantha Kulasingha","https://www.facebook.com/wasantha.kulasingha","තිත්ත ගල්යාට හොඳටම පිස්සු යකෝ ඌ කියන්නෙ මොනවද කියලා ඌ දන්නෙත් නෑ උන් හිතන් ඉන්නේ මේ රටේ ඉන්නේ ඔක්කොම තිත්ත ගල්යා වගේ වගේ හරක් කියලා"
"Ravi De Silva","","කන්න බොන්න නැතුව ඉන්න කුඩා දරුවන් මහණ කරාම කාලයකට පස්සේ ලැබෙන සමාජ විකෘති තමයි මේ. බොහොමයක් කුඩා කල මහණ කරාම ඒ අය ඉන්නෙ සමාජයටම වෛර කර කර. සාසනයට අවශ්‍ය විශාල ප්‍රමාණයකට භික්ෂූන් වහන්සේලාට වඩා කුඩා ප්‍රමාණයක් උනත් සිල්පද රකින සාසනය ස්වාමීන් වහන්සේලාය. රජයට ධර්ම සංගායනාවක් කරලා දුස්සීල චීවරධාරීන් සාසනයෙන් නෙරපන්න හැකියාවක් නැති නම් අනාගතය ගැන සිතලා මහණ කිරීමට අවම වයසක් ක්‍රියාත්මක කල යුතුය.  මේවා දැකලා බලන අයට ලැබෙන පව් ගැන සිතලා චීවරධාරීන්ට මයික් අල්ලන එක දැන්වත් නවත්තන්න මාධ්‍ය ආයතන වග බලාගත යුතුය"
"Shantha Perera","https://www.facebook.com/shantha.perera","තිත්තගල්ලෙ මොකෙද්ද මූ🤮🤮"
"Rohitha Withanage","https://www.facebook.com/rohitha.withanage.9","හාමුදුරැවරැ කෙලගන්නකොට අපි වදින්නෙ කාටද න් එතකොට"
"Roshan Samarakoon","https://www.facebook.com/roshan.samarakoon.7","ඕකා පාරෙදි දැක්කොත් අනිවාර්යයෙන් සිවුර ගලවන් දුවපන්.මුන් ඕක ඔතාගෙන අපේ දර්මය විනාශ කරන්නෙ"
"Danushka Bandara Wijayarathne","https://www.facebook.com/danushka.wijayarathne","Amila Wijenayake ලාගෙන් ආගම බේරා ගමු මොකෝ කියන්නෙ Ananda Samare Amitha Wijerathne"
"Madhu Medagoda","","මෛත්‍රියෙන් අවවාද දෙන්නේ ඔහොම ද ගොනෝ.. බුදුහාමුදුරුවෝන්ගේ ධර්මය හිරිකිතක් නැතුව විනාශ කරන කාලකන්නි.."
"Rsskj Bandara","https://www.facebook.com/rsskj.bandara","තිත්තගල්ලෙ තමුසෙට වැඩිය කඩෙගියපු අය හිටියා  පු##ක නොදි හිටපන්"
"Tharindu Lakmal","https://www.facebook.com/tharindu.lakmal.203186","චික් මූනම්..චීවරේ දරාගෙන කරන වැඩ..ඇත්තටම දෙමල.මුස්ලිම් ආගම් වල නම් මේව දකින්න නෑ..."
"Thamara Serasinghe","https://www.facebook.com/thamara.serasinghe.7","බුදුන් දවස දේවදත්ත පිලේ හිටිය අය තමයි දැන් සාසනය විනාශ කරන්නේ සසර පුරුද්ද ට මහණ වෙලා .ඉස්සර ට ස්වාමීන්වහසේලා ට දානෙත් නැතිවෙනවා මෙහෙම  ගියොත් ,"
"Kanishk Ru","https://www.facebook.com/kanishk.ru","රාජපක්ෂලාට **ක දෙන කවුරු උනත් මූ වගේ සිවුරක් පොරෝගත්තු එකෙක් උනත් ඌ අමුම අමු තිරිසන් කාලකණ්ණියෝ 🤬🤬🤬🤬🤬🤬🤬"
"Lakmini Pullaperuma","https://www.facebook.com/lakmini.pullaperuma.2025","මහානායක හාමුදුරුවරු  සුජීවත්ව සිටිනවද දන්නේ නෑ .  නමට හොඳයි මහානායක තනතුර  . එක ප්‍රසිද්ධ ප්‍රකාශයක් කරල නැතුව ඇති දන්න විදිහට  මේ බුද්ධ ශාසනය විනාශ කරන  චීවරධාරීන් සම්බන්ධව .  මොකටද ඔය මහානායක තනතුරු . වරප්‍රසාද භුක්ති විඳිමින්  රටේ දේශපාලනඥයින් මුන ගැහෙන්න එනකොට වාඩිවෙලා පිරිකර පිලිගෙන  ඒගොල්ලන්ගෙ බොරු අහන එක විතරනෙ කරන්නේ   මේ වගේ අයට විනය ක්‍රියාමාර්ග අරගෙන භික්ෂු භාවය අහෝසි කරල ශාසනය රැකගත යුතු නේද ."
"Menikgoda Chandrasiri Thero","https://www.facebook.com/menikgoda.chandrasirithero","මේ දෙන්නම නිකං දිලිසෙන්න ගිහින් භික්ෂු පරපුරට නින්දා කරනවා"
"Batapola Arachchi","https://www.facebook.com/people/Batapola-Arachchi/pfbid033edjLEx7bwR7cRwA1X8BQZQF7t9Sb19EWWRCRqQtQV7MpFTsM2vd8tb43HkE5Pg7l","මේ වාට නායක හිමිවරු ඉක්මන් පියවර ගන්නා මෙන් ඉල්ලමි. මහ ලැජ්ජා නැති වැඩක් වෙනවා නේද!"
"Aruna Wanigasooriya","https://www.facebook.com/arunaw","තිත්තගල් ලේ අමු වනචාරී යෙක්"
"Rushan Rasika","https://www.facebook.com/rushan.rasika.37","තිත්තගල්ලේ කියන්නේ නිධන් හොරාකෑව එකෙක්"
"Athula Silva","https://www.facebook.com/athula.silva.5209","බුදුන් වහන්සේගේ ධර්මය හරිහැටි අවබෝධ නොකරගෙන තමාගේ වාසිය යෙනුවෙන් මොවුන් පෙනී සිටින බව අපිට පැහැදිලිව පේනවා...."
"Ajith Perera","https://www.facebook.com/people/Ajith-Perera/pfbid0RSxizyKJCZh1JfFqcjUA8QZZxFmBWt2bBEXQWazYD1HavRABU9ejcPPNHy9xJVnzl","මෙතිත්ත ගල්ලෙ  හදන්නෙ  නිකං ගොං චන්ඩ්යෙක්  වෙන්න  නෙද  ඔය චන්ඩ්පාට් දානවුන්ට වෙලාතියෙන දෙ දන්නවා නෙද මුටත් වෙන්නඔනෙ  එ දෙම තමයි නෙද"
"Nuwan Chathuranga","https://www.facebook.com/nuwan.chathuranga.119879","තිත්ත ගල්ලේ තිරිසන් බල්ලා"
"Thushara Thus","https://www.facebook.com/thushara.thus","දැන් මේ ඩබල හොදට හිටියා නෙද..නානසාරයෙක් නිසා වුන දෙයක්.😃😃😃😃 යකෝ ගිහියෝ හොදයි මෙම බැලුවම"
"Akalanka Jayawardana","","සමාජය තේරුම් ගන්න පුලුවන් කාලයක් සිල්වත් යැයී අපේ උපාසක උපාසිකා වන් සිතා සිටි හාමුදුරුවන් වහන්සේ ලා ගේ සැබෑ ස්වරූපය දේශපාලන නිසා බෙදෙන සමාජය  ඒ අතරම සැබැවින්ම ධර්ම ය සොයා යන මිනිසුන් දැකගතහැකි කාලයකි මේ"
"Udaya Karunarathna","https://www.facebook.com/people/Udaya-Karunarathna/pfbid0S7J3oLsHu75T1YdTYi1mTdc4ruvRGfDG2MvsDoWENwbYuwxVLQCDeXuK8WFcH9ABl","මෙ සිවුරු දාගන ඉන්නෙ රට කාලා සාසනෙ විනාශ කරන අය .සහ.සිවිල් ජිවිතය තුල ගන්න බැරි සැප ගන්න සමහරක් අය සියුරට මුවා වෙලා ජිවිකාව ගෙනියන්න පුරුදු වෙලා ඉන්නවා එම නිසා ඔහු විසින් යම් වරදක් කර ඇත්නම් නිතියට යොමු කරන්න ප්‍රතම සාසනෙ නායකත්වය වෙත කැදවා විමර්ශනයක් කර ඇත්නම් වරදක් වෙලා තිබෙනම්.සිවුරු මුදා හැර .නිතිය ක්‍රියාත්මක කිරිම සදහා .අදාල ආයතනය වෙත බාරදිය යුතුයි ."
"Jayathissa Kumarage","https://www.facebook.com/people/Jayathissa-Kumarage/61563538769480","ලංකාවේ බුද්ධාගම වැටී ඇතිතැන මෙම තරුණ භික්ෂූන් දෙපලගේ ගැටීම තුලින් පෙන්වන පලවෙනි හරයයි. දෙවනුව ඔවුන් දෙදෙනාගේ චරිත මට්ටම් පෙන්වයි. කැකිරාවේ භික්ෂුව අනික් භික්ෂුවට වඩා අධ්‍යාපනය සහ හික්මීම පෙන්වයි. එය හසුරවන ගිහි අය ඒ දෙදෙනාටම වඩා දියුණුය."
"Hemantha Samarajeewa","https://www.facebook.com/hemantha.samarajeewa.2025","Jayathissa Kumarage ඔය තිත්තය ආමි එකේ ඉන්ඩ බැරුව පැනල ගිය එකෙක්"
"Renuka Gunarathna","https://www.facebook.com/profile.php?id=61568374460777","අහෝ මෙවන් බුද්ධ පුත්‍ර යා"
"Dhanushka Rangana","https://www.facebook.com/profile.php?id=100004617511166","උතුරු ගෞතම බුද්ධ ශාසනයට නිග්‍රහ කරන්න සිවුර යොදාගත් අපාගතවෙණ නිරි සත්තු...."
"Sanjeewa Ranasinghe","https://www.facebook.com/people/Sanjeewa-Ranasinghe/pfbid03w218KbjZSb41T4TvBA5m6vMKtTgJtYxnfp3rsrevdJ33MtKuXF7aJCB6eUhcRTTl","Mahindaga hewana weduna kiyanna aye ithim baduma thamai 😂"
"Ananda Mahinkanda","https://www.facebook.com/profile.php?id=100000485470089","භාග්‍යවතුන් වහන්සේගේ උතුම් වූ චරිතය ඝාතනය කරන ගම පුරාම හැම ගමකම මස්කඩ දැමිය යුතුයි කියන මිථ්‍යා දෘෂ්ටික කැකිරාවේ සුදස්සනත් තිත්ත ගල්ලේත් යන ශ්‍රමණ වේශ ධාරී උන්මත්තකින් දෙදෙනාම සහ ඊට සමාන අනිත් සතුන් සමූහයත් බැඳ දැමීමට වගකිවයුතු නායක ස්වාමීන් වහන්සේලා ක්ෂණිකව දැන්වත් පියවර ගත යුතුයි."
"Dhammika Vera","https://www.facebook.com/profile.php?id=1048527923","බුදුරජාණන් වහන්සේගේ පරිනිර්වාණ මංචකයේ දී අත් බුදුදහමට නායකයෙක් පත්කලේ නැහැ නේ. ඒ නිසා බුද්ධසාසනයේ මහනායක් පදවි නැහැ. ඔය පස්සේ හදාගත්ත නායකකම් බෞද්ධයන් වශයෙන් පිළිගත යුතු නොවේ."
"Waduge Thusitha Chandana","https://www.facebook.com/wadugethusitha.chandana","අනිවාර්යයෙන්"
"Asanga Asanga","https://www.facebook.com/people/Asanga-Asanga/pfbid0ncoysZoRroWDuZtpgRxn9cFDPPtjUyupjjei9EoAxissaoTkBHvbAFovyXcRYfy3l","මම දන්නේ නැහැ කැකිරාවේ හාමුදුරුවන් ගේ දර්මය ගැන.මම ඉඳ හිට අහලා තියෙනවා.කවදාවත් කුණු හරුප හා ද්වේශයෙන් හා වයිරයෙන් ආවේගශීලී ව හැසිරෙනවා දැකලානම් නැහැ මේ සිවුරු හොරා වගේ"
"Prema Kumara","https://www.facebook.com/prema.kumara.7","තිත්තයාගෙ අම්මා හතරවටේ බල්ලන්ට රෙද්ද උස්සලා තමයි ඕක හදල තියෙන්නෙ.... ඉතින් ඕකා වල් සතෙක් වගෙ තමයි හැසිරෙන්නෙ... ගනං ගන්නම එපා 🤣🤣🤣🤣🤣🤣"
"Anil Jayaweera","https://www.facebook.com/anil.jayaweera.79","ඊයා තිත්ත ගල්"
"ධර්මරත්න ධර්මරත්න","https://www.facebook.com/q6mmumhla9","මුන් ලෝකෙ මිනිසුන්ගෙ අඇස් රවටිටන ඝණබයියො ගහලා එලවනින ඔන සිවුර ගලවලා අනුන්ගෙ බත් කාක මිනිසු රවටිටන"
"Sri Lanka Whales","https://www.facebook.com/thikula.mahanama","තිත්තගල්ලයාත් එක්ක අවට පන්සල් ඔක්කොම තරහයි ගංටාර ගැහුවෙ නෑ,මූ ව්‍යාපාරිකයෙක්"
"ජන හඩ","https://www.facebook.com/people/%E0%B6%A2%E0%B6%B1-%E0%B7%84%E0%B6%A9/61586766293966","මලිමා අයගේ බුදු හාමුදුරුවො තමා මේ"
"සැලොන් Che නදී Unisex","https://www.facebook.com/profile.php?id=61550274490846","සාසනය බේරගන්න ඕන හාමුදුරුවරුන්ගෙන්..."
"BLACK ROSE ","https://www.facebook.com/people/BLACK-ROSE/61579772795240","මේ හාමුදුරු වරුද යකෝව් මුන් අපේ බෞද්ධ ආගම කන්න ආපූ නිගන්ඨයෝ.අන්‍යාගමිකයෝ. වහාම ජනාධිපති  තුනනි මේ ගැන පියවරක් ගන්න යැයි අස්ගිරි මල්වතු නායකයානන් වහන්සේලා දැනුවත් කල යුතුයි  මෙවුන්ගේ සිවුරු සදහටම ගැලවිය යුතුයි. අපේ බුද්ධ සාසනය පිරිහනවා මේ නිගන්ඨ හැත්ත සිවුරට මුවා වෙලා මුදලට බලයට. 😡😡"
"Sansala Rashmi","https://www.facebook.com/sansala.rashmi","සිවුර  අරන්  රාජපක්ශලාට කඩෙ යන එකානෙ"
"Kulasiri Jayawardena","https://www.facebook.com/kulasiri.jayawardena.3","Mu sasane kana thiththaya"
"Madushanka Sanjaya","https://www.facebook.com/madushanka.sanjaya.266871","තිත්ත ගල්ල නෙවෙයි හු@#තේ ගල්ල"
"Udaya Jinadasa","https://www.facebook.com/udaya.jinadasa.2025","තිත්තගල්ල කියන්නේ අමු තිරිසෙනෙක්. මුගේ සිවුර අයින් කරන්න ඕන. මු හොද පාතාලයට."
"Susantha Gunawardana","https://www.facebook.com/susantha.gunawardana.562","Attatama me rate buddhagama beraganna ona mungen balanna lajjai munwa rajapaksalage majara tupphi hirikita jada desapalane vihin munwa andawala tiyenne mun karumeta siwru dagatta parayo"
"Nuwan Gamage","https://www.facebook.com/people/Nuwan-Gamage/pfbid0fa9UrRDsk1UhYvK4JUAPS7J8hZrGtrdytWfa9NRrmjiJyijPW4jZVJLdX3ESgcXXl","තිත්ත ගල්ලේ නම් තිත්තයින් සිවුර නැත්තං කිව්වා කියලා හිතාගන්නකෝ"
"Ruwani Bandara","https://www.facebook.com/ruwani.bandara.566","තිත්තගල්ලේ කියන්නේ නාමල්ගේ සාටකේ එල්ලුන අධම චීවරධාරියෙක්."
"Kithsiri Jayasundara","https://www.facebook.com/kithsiri.jayasundara.1","siura dagena inna amunussayo me"
"Saman Kumara","https://www.facebook.com/saman.kumara.777509","tittagalle tame oka.hutta galle pakke...."
"Kevin Peace","https://www.facebook.com/kevin.peace.98","Thiththe chora una... Kisima winayak na"
"Asoka Samaranayake","","අබ සරණයි"
"Sumith Ekanayake","https://www.facebook.com/sumith.ekanayake.31945","තිත්තයා කියන්නෙ අමු තිරිසන් බල්ලෙක්"
"Prasantha Wattawe","https://www.facebook.com/prasantha.wattawe.3","තිත්තගල්ලේ නෑ මොලයට කඩේ යන එකෙක්"
"Rajakumara Wijerathne","","තිත්තගල්ලේ කියන්නෙ අමු තිරිසනෙක් කියල අපි  කියල ගොඩක් කල්"
"Herath Jayawardena","","උඩ බලල කෙල ගහ ගන්න මේ පෝරිසාදයෝ සාසනේ තියා ගන්න ඕනද"
"Manage Chami","https://www.facebook.com/manage.chami","Me pakala innakan me rata hadanne be🖕"
"Dissanayaka Rasika","https://www.facebook.com/dissanayaka.rasika.9",",මට සෙට් වුනොත්නම් කන පැලෙන්න ගහානවා"
"Ruwan Champika","https://www.facebook.com/ruwan.champika.680073","සුදා අපි නම දාල තියන්නේ හැලි වඳුරා කියලා තිත්ත ගල්ගේ නම"
"Senaka Perera","","මෛත්‍රිය යන වචනයේ තේරුම කවුරුත් දන්නේ නැහැ.  ධර්මය අවබෝධ කර මාර්ග ඵලය ලබාගන්න."
"Prasad Nanayakkara","https://www.facebook.com/prasad.nanayakkara.330112","මුංගෙ සිවුරු කරවලා හිරේ දාන්නම  වෙනව"
"Lakmal Uswatta Liyanage","https://www.facebook.com/lakmal.uswatta.liyanage","ගිහියන්ගෙන් යැපිලා ඉන්න කාලකන්නියො..මුන්ගේ  සද්දේ.. ...උඹලා පිරිහෙනවා යකො"
"Sudith Priyan","https://www.facebook.com/profile.php?id=100007631567103","Jayalath Ellalagoda ඊය"
"Chaminda Priyadarshana","","මුන් දෙන්නම එකයි"
"Amila Sadaruwan","https://www.facebook.com/amila.sadaruwan.12327","සත්තු ඔකුන්"
"Bandulachandra Tgd","https://www.facebook.com/bandulachandra.tgd","මේ දෙන්නම සුදු වෑන් එක්ක යවන්න ඕනෙ."
"Erandi Nadeema","https://www.facebook.com/erandi.nadeema.9","තිත්තගල්ලේව නම් එපාම උනා"
"Indika Heshan Rideemaliyadda","https://www.facebook.com/people/Indika-Heshan-Rideemaliyadda/pfbid02FW1AB49nC2DjgLDeLwAY3HmkMCWS6kCowNegdzyDocr2xAgm3jMFz1ttziFMbDokl","තිත්තගල්ලෙ කියන්නෙ රෙනකොට වැටිච්ච එකෙක්ද? 🤔"
"Laksiri Kumar Kodithuwakku","https://www.facebook.com/laksirikumar.kodithuwakku","Amu thirisannu"
"Lional Wijesiri","https://www.facebook.com/lional.wijesiri","Okanam.balek.titama.tittai.titta.gallayo.toonam"
"Aruna Ranwella","https://www.facebook.com/aruna.ranwella","තිත්තගල්ලෙ සහ නානසාර එක වලේ බල්ලෝ😂"
"Kumari Perera","https://www.facebook.com/kumari.perera.1447","මරැ මෛත්‍රී ය"
"Ranga Sandaruwan","","Sameera Sanjeewa sapada 😂😂😂  hodamuda 😂"
"Swarna Suwi","https://www.facebook.com/swarna.suwi","Chanasara  part 2"
"Sidath Sanjaya","https://www.facebook.com/sidath.sanjaya.96","Muwath dannmanm hari athulata aruth ekkama inna"
"Prabodha Randeny","https://www.facebook.com/prabodha.randeny.5","Sakkili thiththagallaya, Thatte palanna Ona ballage 😡😡😡"
"Prasad Pathirana","https://www.facebook.com/prasad.pathirana.92","adoo thitha galle aiya 😁😁😁"
"Nilantha Fernando","https://www.facebook.com/nilantha.fernando.3760","මොකා වුණත් අම්මා මතක් කරලා බැන්නොත් කපන්නෙ උගේ කට"
"Ravi Serasingha","https://www.facebook.com/ravi.serasingha.3","හිදකින්"
"Leelasena Jayaweera","https://www.facebook.com/leelasena.jayaweera.5","තිත්තගල්ලේ බල්ල හාමූරැවරැන්ට බනින ව්දිහ මුගේ දත්ගලවන ඔනි සුනකයා"
"Prageeth Positha Wanninayaka","https://www.facebook.com/prageeth.positha.wanninayaka","ශෝක් බණ ඩිංග 😂😂 LR Liyana Jayaweera මෙන්න 😂"
"LR Liyana Jayaweera","https://www.facebook.com/profile.php?id=100004913200058","Prageeth Positha Wanninayaka ආ කල්ලතෝනියා බන වෙනයි ඔව්ව වෙනයි 😂🤐.."
"දිනේෂ් කුමාර","https://www.facebook.com/l66f4x343m","LR Liyana Jayaweera"
"Ruminda Dassenaieke","https://www.facebook.com/ruminda.dassenaieke","මොකටද  මේ තිත්තගලය වගෙ කුපාඩියො ගේන්නෙ ? මුංව කොන් කරන්න ඕනෙ. බෞද්ධ ධර්ශනයෙ කියනවා වගෙ ""බ්‍රහක්ම දණ්ඩනය"" දෙන්න ඕනෙ."
"Dinesh Liyanage","https://www.facebook.com/dinehsliyanage.dinehsliyanage","Thitha kadaya gothayek"
"Thushantha Wijayaweera","https://www.facebook.com/thushantha.wijayaweera.2025","Me thitthagallayawath nanasarayagema kuduwata dammanam hari"
"Maithrie Fonseka","https://www.facebook.com/people/Maithrie-Fonseka/pfbid0EuiHSe4i7czvy2tyo2Yi4w8ggjoAgsZqxu6QSM6TY2JGi1hRFLLu8TSsWQBq7qAHl","මොකෙද්ද මේ වනචරයා , ඇයි මුන්ට වැදගෙන පන්සල් වල තියාගෙන ඉන්නේ මුන් ඇවිල්ලා හාමුදුරැවෝද පාතාලෙ බල්ලෝ"
"Lahiru Fernando","https://www.facebook.com/lahiru.fernando.1088","Ballek mu😡"
"Saman Kumara","https://www.facebook.com/people/Saman-Kumara/pfbid02nCg4oZ75Fxjyxow8iHCeoKx8GN9UgGfpDw5KFApaumy3tsqX8rznx5Bj9qB2chBul","Thithagalle eta deken ellanna oni kemriya😂😂😂"
"Lasantha Neranjana","https://www.facebook.com/lasantha.neranjana","තිත්තගල්ලේ කියන එකා අමු පිස්සු යකෙක් , ලැජ්ජයි හිතාගෙන හිටියේ හොද හාමුදුරු නමක් කියලා"
"Yasasiri Dayananda","https://www.facebook.com/rama.kool.338","SUDASSANA  HAMUDURUWANE   OYA  PISSU  BALLAWA  ATHA  HARINNA  .... ATHAKOTA   PRASNAYA  IWARAI  ,,,,,,,,, WENDA  WAGAY  HODA  PROGRM  APATA  DENNA  ,,,,,,,,,,,,,,,,,,,"
"Han Hettiarachchi","https://www.facebook.com/people/Han-Hettiarachchi/pfbid02iafRfpkU1B6XHtzWaWEVXTeBn5ais34r4ZZPc5U6i9jKbYf2V9qNjCQQiJM2jeJwl","තිත්තගල්ලෙගෙ දේහ ලක්ෂණ,වචන විලාශය අමු කපඨියෙක්ගෙ ලක්ෂණ ඔක්කොම පිහිටලා තියෙන්නෙ. සoග පාතාලයට රටේ නීතියට ඉහලින් ඉන්න ඕන කියලයි මුගේ මේ සටන."
"Wasantha Wejesingha","https://www.facebook.com/people/Wasantha-Wejesingha/pfbid02s4SGSSKcTCg9Cd5CiE3sZEACmjYA9UuHiN6HtdSfSwiDBiKDuDJNBk1F7D1MfnSol","සංගපාතාලේ ගෙරි ගණයා."
"Chandra Vije Kuruppu Arachchige","https://www.facebook.com/people/Chandra-Vije-Kuruppu-Arachchige/61587721184189","මුන්දෑ මහන උනේ මොකටද"
"Asanka Kodithuwakku","https://www.facebook.com/asanka.kodithuwakku.311","ලැජ්ජයි යකෝ සිවුර දාගෙන කරන කතාව.."
"Kalana Upulwan","https://www.facebook.com/kalana.upulwan","තිත්තගල්ලෙගෙ නම්බර් එක පුලුවන්නම් දාපල්ල."
"Chamara Jayawardena","","හාමුදුරුවෝ හොරවැඩ කරන්නෙ නැත් නං බය වෙන්න ඹනෙ නැහැ 😭 😂😂😂"
"Gnanwathi Kumarihami","https://www.facebook.com/gnanwathi.kumarihami","Oya kiyanne titgalle bana oya kiya ewa hodaine neda tittai  wadibana"
"Asela Janapriya","https://www.facebook.com/people/Asela-Janapriya/pfbid0nbie3YFgaHwuHBvuiCHEimdYcKYA8tTR5CSCGsnNovpGt3xYF4bJYP1riQ5w8AEAl","Nanasaraya wage okath yawanne ona ethulata budda sasanaya vinasa kaeana thithanagalla wasalaya"
"Kumara","https://www.facebook.com/kumara.293064","බුදුහාමුදුරුවන්ගේ සාසනය සිව්වනක් පිරිසක් නිර්මාණය වුණාi බුදුන් ප්‍රමුඛ මාා සංඝරත්නය සාසනය තුළින් පිල් නොබෙදෙවා පිටතින් බලන කල දුකක් දැනුනද බුද්ධ දේශනාව ශ්‍රවණය කරන විට මෙවැනි දේවල් සිදුවෙන බව බුදු හිමි දෙසා වදාරන සේක අකුසලය බරපතලයි(නිරතුරු කුසල්ම රැස් කරමු)"
"Prabath Palagasinghe","https://www.facebook.com/prabath.palagasinghe","හරියටම හරි කතාව"
"Janaka Pragith","https://www.facebook.com/people/Janaka-Pragith/pfbid029nLEbZ2EjVHZrUPV6dBgFkg9RvFdR7ms8HVMLBpLffg3isgU3gsKpsZJ1vL7gKc6l","Prabath Palagasinghe ube oya lamai denna kageda ubeda Mata hitenne demala hari Muslim hari akek thoge ganita hu...hadalada kheda tho pon...akai sasaneta ghanne adukule paraya"
"Shan Perera","https://www.facebook.com/shan.perera.423140","Thiththagalle ammu gaweya tho"
"Mangala de Silva","https://www.facebook.com/mangala.desilva.923","තිත්තගල්ලේ යනු  දුශ්ශීලයෙකි .පහත් වචන කතා කරන්නෙකි  .වාචාලයෙකි . ගුණ දහම් නැත්තෙකි සසුන විනාශ කරන්නෙකි . හැබැයි බොහෝ දෙනෙක් සිතා සිටියේ   රහත්  වී ඇති  බවකි . දැන්......."
"Deepika Dissanayaka","https://www.facebook.com/deepika.dissanayaka.737","කෝ අර මහනායක හාමුදුරුවරු"
"Sudath Samantha Nagahawatta","https://www.facebook.com/ssn.ssn.98837399","මූ කනව කෑමක් ළගදිම."
"Ajith Priyantha","https://www.facebook.com/people/Ajith-Priyantha/pfbid02qnPgu2cR1ujJaYuwBaEQ27gH8MnT9GdTHcRbY3zveNsZHDC4Mr9A4PcR7xKNJxotl","Apita banakiyanna essella..darmaya avaboda karaganeema vadagat kiyala kiyana Ake varadak tiyanavada..  Hamauduvanta budun saranai yanna kiyanna vela tiyenne gihi apita.. Vairaya.gana avabodayak denava..chandi ..😀😀😀😀😀😀😀😀😀😀"
"Menaka Lakmal","https://www.facebook.com/menaka.lakmal.773","තිත්ත ගල කියන්නේ සිවුර අස්සෙ ඉන්න තිරිසනෙක් ගෑනු ගිහිල්ල තියාගෙන හෙළුවෙන් නටනට ඉන්න තිත්ත ගල යට දාන ටිකක් වත් දෙන්න එපා. දානෙ දෙන එකක් පවක්"
"Rohana Naranapitiya","https://www.facebook.com/rohana.naranapitiya","තිත්තය හමුදුරු කෙනෙක් නෙමේ"
"Chaminda Suresh","https://www.facebook.com/chaminda.suresh.501","Api pòdikale dakka buddagama Dan koheda  Thawath winasa wena issella mahanayake warun thiranayak ganna one please"
"Suwendra Hettiarachchi","https://www.facebook.com/people/Suwendra-Hettiarachchi/pfbid0HLGP7UQevrk5AnCEuujHZvQYb39Hf9rRwVkv9MDvgHCdDfZTXjnhy2J9gmqsC7f9l","තිරිසන්.තිත්තෙ"
"Indika Wijenayaka","https://www.facebook.com/people/Indika-Wijenayaka/pfbid02yMdoyPo4kyEhGysFiPB5Z8pT535eSuX5sbecnEmVADYh27tcHQaydnGGpHYYJj1Gl","තිම්‍රිසන් තිත්තයා...🤮🤮🤮"
"Danu Kumara","https://www.facebook.com/danu.kumara.328056","Monawada me program balapalla thopi wena agam wala aya ohoma karanawada kiyala nodakin siwru da gaththata wada hodaiy toilet pirisidu karanam thopi sasane kanawa"
"Jerald Fernando","https://www.facebook.com/jerald.fernando.961","Thitthaya.....Damarikaya.... Oka Dangalanney Nana gey Position Ekata.....Gana Gothayekk Oka....."
"Senaka Peiris","https://www.facebook.com/senaka.peiris.96","Monwada  uthum agamakata may chiwaradari karannay   ape minissu hadaganna puluwanda"
"Priyantha Benthara Danwatthage","https://www.facebook.com/priyantha.benthara.danwatthage","චිවර.දහම.අථැරිමට.කාලය.හරි"
"Siriyawathie Athukorala","https://www.facebook.com/people/Siriyawathie-Athukorala/pfbid037Y3WsnN3bbK5zuHLybrEh3XkzDsCVxfvhu9o2f2fnR7mTo8KyXh7XVBrb2udPkb3l","Tihhagalle..kiynne..apu..pissek."
"Prabhath Welathanthri","","සංග පාතාලේ ආයෙත් එලියට දාලා . රාජපක්ෂලා තවත් බල්ලෙකුට සිවුර පොරවලා හපාකන්න දාලා නානසාර ඇතුලෙ නිසා.මූත් දැන් ඉල්ලන් කන්න යන්නෙ. 😂😂"
"Withanage Janaka","https://www.facebook.com/janaka.silva.94","කුණුහරුප කියන්නෙ මුන් ධර්මය දන්නැද්ද.. නෙදකිං මෛතී කුණුහරුප..😂😂😂"
"Shan Abeyweera","https://www.facebook.com/Shan.abeyweera.2025","යකෝ කුණු හරුපෙන් බැණපු එකට කියනවා මෛත්‍රී යෙන් ලු බැන්නේ... බුදු දහමට නිගා කරන්නෙ කවුද කියලා තේරුම් ගන්න බැරි උන් බලපිය මේක.. තිත්ත ගල්ලෙ හරි කියලා ඒ පස්සෙ ගිහින් අත්සන් කරන උන් පව්.. යකෝ මේක බලලවත් තේරුම් ගන්න බැරි උන් පුනුරුත්තාපන කඳවුරකට දාන්න ඕන"
"Gvcp Kumara","https://www.facebook.com/people/Gvcp-Kumara/pfbid0jRotqUvK3KnF2HSog55szz8LzqLCZW35WwL8psQQCGiM7Xb7wP8sBD2Dcpk1zRpKl","තිත්ත ගල්ලේ කියන්නේ  ඤානසාර පාට් 2 හොර ගණයෙක්."
"Thushantha Kumara","https://www.facebook.com/thushantha.kumara.9849","Mu awajathaka ballek mu galaboda aththege thena ganna gadana sakkiliya ballek"
"Sumudu Prasad","https://www.facebook.com/sumudu.priyankara.96","තිත්තගල්ලෙ.....වගේ උන් ශාසනයේ සිටිනවා කියන්නෙම...ඉතින්...."
"Upali Gunasekara","https://www.facebook.com/people/Upali-Gunasekara/pfbid02KXiKNmHUuLuQdHjFJq9uqymNG2L4J3GrVR3xc7rRDkvVLXvcVx4mGoTNpLr4kH1il","Keriya hutthegalla,Arinawa thoge puke!"
"Ruwan Perera","https://www.facebook.com/ruwan.perera.12576","Please don't call any press, mun darmaya kanawa"
"Dulaj Nethsara","https://www.facebook.com/dulaj.nethsara.7","නීතියෙන් හරි මුන්ගෙ සිවුරු ගලවනවනම් එක උතුම් සාසනයට කරන ගෞරවයක්"
"Upul Illangasingha","https://www.facebook.com/people/Upul-Illangasingha/pfbid0TW7Ke5jR3uE7K6Nu8EcRZH7xKrgZDuQVy6xZ54soV2GhHjB3DFYSGh1K9eTqEkS9l","Thiththa  galle kiyana  pakaya rajapaksalage  gu kapu pakek   oka sanga pathalayek oka"
"Wimalanatha Kaluarachchi","https://www.facebook.com/people/Wimalanatha-Kaluarachchi/pfbid02UmwAws2uCPuqSikpecQHndbu2G6164Xpcqo7KXLmwxRxqzabdmdPzon9rzAJmn57l","Thiththagallage ammata ballo"
"Nadeera Wickramasinghe","https://www.facebook.com/nadeera.wickramasinghe.9","මේ වගේ කහකඩයන්ටත් අපිත් හොද භාශාවෙන් කතා කලානම් හරි..."
"Dilip Lakshan","https://www.facebook.com/people/Dilip-Lakshan/pfbid02VxX3M91NDH1Pp4p9qb9ToYX9gRD3RGatvbhMzMHHpjLNnyDB9fpYvkMBSs1wkDwBl","තිත්තගල්ලේ උබට පුලුවන්නම් අපිට කෝල් එකක් අරගෙන ඔහොම කියපන්කෝ . එතකොට උබට අම්මගෙ පදෙන්ම කියා දෙන්නම් පරයට"
"Soban Kellapatha II","https://www.facebook.com/soban.kellapatha.ii","මේ චණ්ඩි  ශාසනෙන් නෙරපා දැමිය යුතු නැද්ද .. මේ දේශපාලනය චණ්ඩින්ට කෝ  සංඝ සභාව.. නීතිය කාටත් පොදුවිය යුතුය."
"Pasindu Dilshan","https://www.facebook.com/pasindu.dilshan.926031","සිවුර පොරවන් ඉන්න තිරසන් සත්තු හැමෝගෙම සිවුරු ගලවන්න ඔනී"
"Jagath Amarasiri","https://www.facebook.com/kapurupandithalage.jagathamarasiri","ඔය විනයනැති හාමුදුරුවන් ට සාසනයෙන් දඩුවන්දීම සිදුවිය යුතුය"
"Nihal Chandrasiri","https://www.facebook.com/nihal.chandrasiri.35","තිත්තගල්ලේ කියන්නේ, අමු ති...සනෙක්.........."
"Priyantha Kumara","https://www.facebook.com/priyantha.kumara.3367174","මේ අර ඉඩම් කෑල්ලක් දෙන්ඩ ආපු ඩයල් එක නේද"
"Vinod Lakmal Weligama","","පගයට දෙන්න ඕන කන පැලෙන්න"
"Marie Fernando","https://www.facebook.com/marie.fernando.16503","Me wage siuru hora nisa budda darmayata kara aguruwayak"
"Sunil Dharmaratne","https://www.facebook.com/sunil.dharmaratne.98","සුදා මේ වගේ තිත්ත කුණුහරුප කියන මේ වගේ හාමුදුරු ගොන්නු ඔය වැඩසටහන් වලට ගෙන්නන්න එපා"
"Aravinda Rathnayake","https://www.facebook.com/aravinda.rathnayake.16","Titagle sakiliya siura galwala bainikayta Kade palyan pharayo 😡😡😡"
"Iduwara Mihidum","https://www.facebook.com/iduwara.mihidum","මූ වගෙ තිත්ත පැටියෙක්..මූ අමු ගවයෙක් 🤣🤣"
"Sunil Hewage","https://www.facebook.com/people/Sunil-Hewage/pfbid02jEzj2xfMrpyyy4LYQ5kGpuV5FKHGaptiYDMTGWmPM4stGmmyPRMfq6uU3erEgj32l","තිත්ත ගල්ලෙයාගේ සන්සුන් ඉඳුරන්  දෝරේ ගලා යයි.මෙවැනියන්ට ඇගිලි  බැද නමස්කාර නොකරනු ."
"Dhammika Gunawardhana","https://www.facebook.com/people/Dhammika-Gunawardhana/pfbid026BJdLt6hg1KTfakePyM6KDApmU1k1Y9ZCE2jksnjsTLFJkV7bGeinJiqeTuRv2PXl","ගිහියන් මීට වඩා සදාචාරාත්මකයි ශිෂ්ඨසම්පන්නයි."
"Lahiru Chathuranga","https://www.facebook.com/cbslahiru","යකෝ සන්න කියල කට ගත්තා විතරයි..."
"Fathik Fahir","https://www.facebook.com/profile.php?id=100065080328165","මෛතියෙන්ළු අවවාද කරේ එහෙනම් බැණ වදිනකොට කියන එ්වා කොහොම අැතිද ඔය ටික කියන්නේ මෛතියෙන් නම්"
"Srima Dharmakirthi","https://www.facebook.com/srima.dharmakirthi","නායන කියන හාමුදුරැවරැ ඇයි මේවට විනය ක්රියාමාර්ග නොගන්නේ."
"Lakmal Madushanka","https://www.facebook.com/lakmalmadushanka.abaghawatta","Hu ගල්ලේ"
"Hk Inoka Damayanthi","https://www.facebook.com/hk.inoka.damayanthi","මේවා නෙරපන්න ඕනේ සසනෙන්"
"Amaradasa Herath","https://www.facebook.com/amaradasa.herath.37","වනචරයට වෙන දේ බලමු. තිත්ත ගල්ලෙ තිත්ත වෙනව හෙට අනිද්දම. වනචරය හිරිකිතයි."
"Upul Kulawansa","https://www.facebook.com/upul.kulawansa.5","Uba hamuduruwo kenekda kyala  Hithenawa thithagalla"
"Lalani Chamila","https://www.facebook.com/people/Lalani-Chamila/61581642151193","ඌගේ අම්මා ට ගිහිල්ල කියන්න ඕනේ මොකට මුව ගෙදර තියාගන්න බැරුව පන්සලට මේ අපතයාව දුන්නා ද කියලා"
"Asith Sasanka","https://www.facebook.com/asith.sasanka.2025","හොද වෙලාවට ඔය ලව් එක කැඩුනේ..නැත්නං කැකිරාවේ හමුදුරිවේත් චාටර් වෙනවා..තිත්තේ..නිසා..👍"
"Aluth Gedara Priyantha Rathnayaka","https://www.facebook.com/aluth.gedara.priyantha.rathnayaka","😂😂😂තිත්තේ...."
"Upul Priyankara","https://www.facebook.com/upul.priyankara.31105","තිත්තගල්ලේ පරයාට නඩු 14 ක් තියනවා...... බඩු ගහපුවාගේ වීඩියෝ  තියනවා..  හෝටල්වල බීලා නටපු වීඩියෝ තියනවා කාලකණ්නි  අමන පරයාගේ සිවුර ගලවන්න ඕනේ මහා නායක හිමිවරු එකතුවෙලා.... බුද්ධසාසනේ විනාශකරන කාලකණ්නි  දේවදත්ථයෙක් මූ"
"Kalyani Wijesingha","https://www.facebook.com/kalyani.wijesingha.840488","Thiththa galle hora ganaya u  mu monawa karannada mae hamuduruwanta"
"Priyanthi Perera","https://www.facebook.com/priyanthi.perera.79656","මෙ වගේ අයට පක්ෂපාති වන සමහර භික්ෂූන් වහන්සේලා වගේම ගිහියොත් ඉන්නවා නෙ. ලැජ්ජායි කලකිරීමක් ඇති වෙන්නේ. මෙවැනි දෙවල් නිසා ජනතාව පන්සලෙන් මෙන්ම බුදු දහමත් අත් හරින කාලය වැඩි ඇතක් නැහැ."
"Yugantha Suriya","https://www.facebook.com/yugantha.suriya","මැක්කොත් එක්කම නැගිටින්න වෙයි කියල කලින්ම හිතුන සුදස්සන... ඇයි ඔච්චරටම දාර්ශනික චින්තනයක් තියාගෙන සතා අදුරගන්න බැරිවුනේ?"
"Samanthi Botheju","https://www.facebook.com/samanthi.botheju.5","අනේ  මේහෙ  සකිලි  එයි   සිවුරු  දැම්මෙ"
"Iresh Geethanjana","https://www.facebook.com/people/Iresh-Geethanjana/61581393372736","ඇයි බන් දැන් දෙන්නා එකටනේ හිටියේ"
"Shiranga Piyawansa","","Munge siuru galawaanna bari asgiri maha nayaka hamuduruwo mona labbak karanawada"
"Mahesh Sandaruwan","https://www.facebook.com/profile.php?id=100008330048248","මේවා සම්පූර්ණ වැරදියි.ගිහියන්ගේ අඩුපාඩු හොයන්න කලින් මහානායක හාමුදුරුවරු මැදිහත්විය යුතුයි මේවාට.අපිට ධර්මය කියලා දෙන්න ඉන්න අය හැසිරෙන විදිය.ආණ්ඩුව නොවේ මේ ශාසනය විනාස කරන්නේ ඇතැම් හාමුදුරු වරුමයි."
"Durage Somasiri","https://www.facebook.com/durage.somasiri","Tiththayo.ohoma.thamai.kathwath.thithai"
"Ralph Errol De Jonk","https://www.facebook.com/ralph.errol.de.jonk.2025","Buddhist kiyanne kunuharapa da"
"Jagath Chethiya","","Nodakin mun....bauddayo theeranayak gatha uthui mun gena....."
"Mahendra Kumar","","Mungeth siuru galawanna one"
"Ranil Vithanage","","දෙන්නා විරසක වෙලා 😂"
"Gayan Prasanna","https://www.facebook.com/gayan.prasanna.188","Ranil Vithanage නෑ නෑ ,විරසක වෙලා නෑ, සුවපත් වෙලා😁😁😁"
"Kumara Kumara","https://www.facebook.com/kumara.kumara.848016","Apitath pau puronawa me wage unata thamai ciwara darin kiyanne"
"Anula Kuruppu","https://www.facebook.com/anula.kuruppu.2025","E ilagata hira bath kawanna one   mu amu thirisanek  Hàmuduruwanta  nindakarana gothayek  😂😂"
"Ishanga Wanasundera","https://www.facebook.com/ishangaw","තිත්තයා ඉස්සර පාතාලයේ පොරක්, නඩු  14.   ඒකාලේ නාමල්ගේ පස්සෙන් ගිහිල්ලා ඛේරගත්තා"
"Charitha Gamage","","Muwa ekawanna maha ganayonta penne nadda"
"Lanka Patuna Viharaya","https://www.facebook.com/lankapatuna.viharaya.3","ඇයි බං උඹල දෙන්නට පන්සලට ගිහිල්ලාා හරි, මග තොටේදි හම්බවෙලා හරි උඹලා දෙන්නගෙ ප්‍රශ්න විසඳගන්න බැරි. උඹල දෙන්නම අංගොඩ නතර කරන්න ඕන ගූකණ සුදත්තයත්් එක්කම"
"සුදේශ් චතුරංග","https://www.facebook.com/78o5e2scq2","මගේ අම්මට බැන්නනම් මුගේ බෙල්ල කඩන් කනවා තෝ සිවුරටවත් ගරැ කරන්නේ නැ සක්කිලියා"
"Nandun Srisankha","","දෙන්නම එකයි 🤮🤮🤮"
"Devika Wijesekara","https://www.facebook.com/devika.schlichting1","සංඝසභාව  නායක හාමුදුරැවරැ මොනාද කියන්නේ ! මෙවැනි චීවරදාරීන් ශාසනයේ තියා ගැනීම පිලිබදව ! චීවරයෙන් වහා නෙරපා දැමිය යුතුයි නේද ??? ජනාදිපතිට ශාසනය ගැන කතාකරන්න ප්‍රථම  මෙවැනි සක්කිලි බොරදියේ මාලුබාන චීවරය ට මුවාවෙලා 😡"
"Mahinda Weerasinghe","https://www.facebook.com/mahinda.weerasinghe.784789","Karima bawddayo😂😂😂"
"Nirosh Chandana","https://www.facebook.com/nirosh.chandana.3","මුගෙන් නේද නාමල් භාවනාව ඉගෙන ගත්ත කිව්වෙ.....😂😂"
"Sajith Nilanka","https://www.facebook.com/sajith.nilanka.9","ඔයාගේ මතය මගේ මතය වෙන්න ඕනෙම නැහැනේ. මගේ මතයත් ඔයාගේ මතය විය යුතු නැහැ. ඒකනිසා ධම්ම පදය කියවා ත්‍රිපිටකය කියවා ධර්මය අවබෝද කරගන්න. සිව්රක් දරාගත් පමණින්ම හැම කෙනෙක්ම බෞද්ධ භික්ෂුවක් නොවන බවද වටහා ගැනනමට ශක්තියක් ඔයාට ඇතැයි විශ්වාස කරමි. මන්ද බුද්ධ කාලින සමාජය තුලත් දෙවදත් සරණ ගිය අයත් සිටි බවැනි. බෞද්ධාගම තුළ උගන්වන්නේ රැක ගැනීම ගැන නොවේ අත්හැරීම ගැනයි. වෛර කිරීම  නොව මෛත්‍රි කිරීමයි. බෞද්ධාගම විනාශ කිරීමේ කොත්ත්‍රාත් ගත්ත බොහෝදෙනෙක් සිව්රු දරාගෙන සංඝ වේශයෙන් අද බෞද්ධ සාසනයේ ප්‍රතිරූපය විනාශ කරමින් සිටියි... බෞද්ධ දර්ශනය විනාශ කරමින් පවතී.. ඒකනිසා සිව්රු දරාගෙන සංඝ වේශයෙන් සිටින සාසනය විනාශ කරන අයගෙන් බෞද්ධ ශාසනය ගලවා ගත යුතු නොවේද??? ඇස මානස විවරව ලොව දකින්න මිත්‍යාවෙන් අන්ධ නොවන්න🙏🌹🌹"
"Nilantha Perera","https://www.facebook.com/nilantha.perera.9847","අපි කිව්වා බල්ලොත් එක්ක ලඟිනකොට මැක්කොත් එක්ක නැගිටින්න වෙයි කියලා ඔයඇවිල්ලා ඥානසාර දෙවෙනි කොටස (තිත්තග්ලේ)"
"Milinda Dalpathadu","https://www.facebook.com/milindadalpathadu","Thithayata  siyuru oluwen galawala loku batayak pukata basanda Ona. Ethakota thama oya amaruwa hoda wenne"
"Manoj Punchihewage","https://www.facebook.com/manoj.punchihewage","මේ තිත්ත ගල්ල පරයගේ පන්සල කොහෙද තියෙන්නේ? දන්න එකෙක් දාපල්ලකෝ..."
"රජිත තරංග","https://www.facebook.com/people/%E0%B6%BB%E0%B6%A2%E0%B7%92%E0%B6%AD-%E0%B6%AD%E0%B6%BB%E0%B6%82%E0%B6%9C/61587652831389","දානේ කාලා ඉන්න බෑ මුං එනවා දේශපාලනය  කරන්න ඒකයි මේ"
"Umesh Kuruppu","https://www.facebook.com/profile.php?id=100071275397693","Thitha ගල කියනේ මොකෙද බං"
"Buddhi Prabhath","","තිත්ත කුණුහරුප"
"Ajit Rambukkana","","Sannga bedhaya..... 😂"
"Akalanka Abegunawardana","https://www.facebook.com/profile.php?id=61578161236173","කෝ බන් Big නායකල?"
"Wanniarchchi Champika","https://www.facebook.com/wanniarchchi.champika","මුන්ව   එලවන්න    ඔනෙ   සිවුර ගලවලා   සසනය කන  තීත්තයා"
"Piyal Piyal","https://www.facebook.com/people/Piyal-Piyal/pfbid02iMn1w9LAJ7aLSJ7snfXAi8T3PPXHtPq8fSka3EdLPSK6yqEFiZxrxbauUSbYBdqKl","Oka. Tetagala. To. Sakkiliya  to sasana  kanabala"
"Bandula Kumara","https://www.facebook.com/bandula.kumara.644954","Ane apehamuduruwane tittagalle kiyanne obawansege denumata samanakaranna puluwanda oka gon harakek"
"Asitha Dasanayaka","https://www.facebook.com/asitha.dasanayaka.9","Widanagamage Rashi Bandara ado mru භාවනා w ned"
"Chamin Malinga","https://www.facebook.com/people/Chamin-Malinga/pfbid0totnXwNQLgWx9ZyjbbyYNVRAChZLX5p7HYj3yn3PrwFTAW8z8PUm2LPzJqjbyK8Pl","Nodakin waduru muna  muge netta kapapiyau"
"Krishantha Perera","https://www.facebook.com/people/Krishantha-Perera/100087875737258","Thiththa galle kahakadaya pathalayek."
"Milinda Madhushan","https://www.facebook.com/milinda.madhushan.2025","Kamal Madusanka රාජපක්ශ නිකාය නෙද මෙ"
"Sisira Wimalarathna","https://www.facebook.com/sisira.wimalarathna","Kari pakaya thalanawa thoge atathalanawa"
"Sugath Dissanayake","https://www.facebook.com/people/Sugath-Dissanayake/pfbid02HJJLBqZedG7eTsdQmkLoQYtTjHFGzP6hrFU5ythfVdUhZcG2bA2rtbVryQrmxkk8l","මේ වැඩ  වෙන්න  හොද  නෑ. සංඝ  සමාජ   ගැන  ගිහියන්ගෙ තියෙන   ගෞරවය  නැතිවෙනවා .............."
"KH Piyasena","https://www.facebook.com/people/KH-Piyasena/pfbid098YfcenNx51YPwaBuLpo5G3wmgQbYN582Y72qjSK7jANWaPFSKzEkL1z6xNTaTQRl","සිවුර දමාගෙන පකය වෙන්න ගිහම වෙනදේ දෙවියොත් නොදනි"
"Rajapaksha Rajapakshabandara","https://www.facebook.com/rajapaksha.rajapakshabandara","සාදු ලා ගෙ ප්‍රස්න ඇතුලෙම විසදා ගනිමු"
"Nihal Fernando","","චිත්තගල්ල හොරු සමග හෙළුවෙන්"
"Kulathilaka Ruwangala","https://www.facebook.com/people/Kulathilaka-Ruwangala/pfbid0p4nyFRC7n49NV4A9ARDyEDowy8wGEBUDaRw68GEft418v5MF96uVF9FwrUUbvewQl","පෙනුමෙන් ම පේනවා තිත්ත ගල්ලෙ වානරයෙක් කියලා. සක්කිලියෙක් පාදඩයෙක්"
"Chathurika Senanayake","https://www.facebook.com/chathurika.sampath","Mun neda sasane araksha karanna enne🤣"
"Damayanthi Fernando","https://www.facebook.com/damayanthi.fernando.756111","තිත්තගල්ලේ කියන්නේ අමු සක්කිලියෙක්"
"Shan Madusanka","https://www.facebook.com/shan.madusanka.731","Panawa nada budu dahamata mun akathuwala karana vinasa tharama.ai minissunta notharanna mun siuru assa ringagana karana vinasa tharama.minissu akathuwanna ona mawata viruddawa"
"Shavon NE","https://www.facebook.com/shavon.ne.900","මට වගේ බැන්නනම් ඕකගෙ සිවුර ගලවල පැත්තකි තියල වලදන්නෙ"
"Sanath Bandara","https://www.facebook.com/sanathb1","සංඝ පාතාලය මර්ධනය කරමු..."
"Amal Jayasumana","https://www.facebook.com/amal.jayasumana.1","Gsnasarage golayda muu tithagalle ganaya😭😭😭😭😭😭"
"Dilki Kavi","https://www.facebook.com/dilki.kavi.5","අනෙ මන්දා මේ සසනයට මොනවා වෙලාද කියලා හාමුදුරුවෝ  දෙසපාලනයට ආවයින් තමයි මේ විනසය"
"Rathna Sena","https://www.facebook.com/rathna.sena.92","තිත්තගල්ලේ කහකඩයෙක් විතරයි"
"DM Samantha","https://www.facebook.com/people/DM-Samantha/pfbid026RqWWyhUKj4Prp8T6cAyfBridtvFpU1X4XZQ6Kj1FZDFGwGaXXrnwgx6j3Y1X3Yl","තිත්ත galla wal balla"
"Dasith Bankz","https://www.facebook.com/dasith.madhawa","තිත්තගල්ලයා  වගෙ හොර ගණයොන්ව පන්නන්න ඕනා සාසනෙන්ම.. මුන්ගෙ පස්සෙන්යන බයියො තමා හරිම නිරාගමික කාලකන්නි. උන් දන්නෙ නෑ බුද්දාගම කියන්නෙ මොකද්ද කියලවත්.."
"Sudesh Sandaruwan","https://www.facebook.com/people/Sudesh-Sandaruwan/100079093042484","මුන්ට රස්සාවක් කරගෙන හම්බ කරගෙන කාල ජීවත් වෙන්න පුරුදු කරන්න ඕන ේ එතකොටවත් ඔය නැටිල් අඩුවෙයි"
"Lakshitha Hashan","https://www.facebook.com/lakshitha.hashan.759648","Idakin utta"
"Pri Shan","https://www.facebook.com/priyantha.lakshan.526","Munta puka deegena daane dena ewunta henama gahapan"
"Sunethra Jayasekara","https://www.facebook.com/samadara.herath.1","ඇත්තටම මුන්ට මොනව වෙලාද අමු කැවිලද ඉන්නෙ,සිවුරෙ හැංගිලා ඉන්න,අසත් පුරුශ සිවුරු හොරු"
"Caminda Rathanayaka","https://www.facebook.com/people/Caminda-Rathanayaka/pfbid02Mo6LtaEMjTtCsdRrYAvwWJQ3HgfNMze3bK2JBMXVjM5ibyoUr4z1iXhJ9Djdp9jzl","තිත්ත ගල්ල කියන්නෙ රුකඩයක් නාමල්ගෙ අතකොලුවක්"
"Sujith Kamal","https://www.facebook.com/people/Sujith-Kamal/pfbid02DNNrqdnuH4ErwhbXMW7akcHS4Ez7Bb7hHvYCVirWdRaP7Jukd2FsJN7PbRpXQVBGl","Munwa gahala ela wanna ona pinata Kana Un"
"Pallage Chandani Silva","https://www.facebook.com/pallage.chandani.silva.2025","Me  samahara  shramanayo saha gihiyo nisa  sanga bedayakuth enawa"
"Weerasinghe Manodara","https://www.facebook.com/people/Weerasinghe-Manodara/pfbid0GVzhM8TNRp8PZhKv2u5nf1fL6kb3LmJyTpsvZMfbLsSHB1igL7K2Vf3FBdJnR86el","තිත්තගල්ලේ හාමුදුරැවෝ වහාම මානසික වෛද්යවරයෙකු වෙත යොමුකල යුතුයී."
"Eranga Silva","https://www.facebook.com/eranga.silva.75470","Oka hamuduruwo kenek nemai"
"Jenith Eranda","https://www.facebook.com/jenith.eranda.2025","Nodakin sakkili.."
"Raju Raj","https://www.facebook.com/people/Raju-Raj/pfbid02V9T1MniW61riu3ZhBn4CVToqwpxC1DWQu3yuPKcfX5DHaCMs1saBhVbYW2A4uCevl","Thiththagalle kiyana balla aththatama thitha una vitharak neme appiriyath una mu ballek"
"Mayurasika Peris","https://www.facebook.com/mayurasika.peris","එ තිත්ත දගලන්නෙ නැතිවෙන   සැප සමිපත් ලබා ගන්න"
"Naveen Kula","https://www.facebook.com/people/Naveen-Kula/pfbid0WpRpkypXuhuCJKVxnPvSb1Z1mQqEPa8Z74um7ngbfpwHW7b9F318iiaDU3sJqt3vl","එකෙක් යනකොට තව එකෙක්. මේ රට පුදුම පවක් කරලා තියෙන්නේ"
"Weerasinghe Priyanjith","https://www.facebook.com/weerasinghe.priyanjith","මෙයාගෙ බණ ඇහෙනවද ආයෙත් ප්ලේ කරපං කියනවා"
"Darshana Gunasingha","https://www.facebook.com/darshana.gunasingha","මුන් දෙන්නාම akayi"
"B Dharmarathne Liyanage","https://www.facebook.com/people/B-Dharmarathne-Liyanage/pfbid0YJ3pssXqkiZ3HmCW4S4qVCJBpdtVGczTDednjX638fAPkPNmLivFKYwJUtDt8q6el","තිත්ත   ගල්ලෙ    ඔතනම   බස විල්සය    හොද   මදිනෙ"
"Kapila Kumar Anton","https://www.facebook.com/antonkapilakumar.dunuweerage","තවත් මූ කතා කරනවනේ ලැජ්ජ නැතුව.මුං ඔක්කොම එළියට එකක් ඇතුලේ තව එකක් තියෙන කාලකන්නි"
"Ruwan Weerasinghe","https://www.facebook.com/ruwan.weerasinghe.220004","මුන් දැන් කුණුහරප කියන එක, බඩු ගහන එක , ගංජා ගහලා අරක්කු බොන එක මේ ⁣ඔක්කොම හාමුදුරුවන්ට කැපයි කියලා කියන්න හදන්නේ, අපෝ දානෙවත් දෙන්න එපා තිත්තගල්ල වගේ හිවල්ලුන්ට"
"Bumindu Yasith","","Amu thirisanek wu nm"
"Sameer Perera","https://www.facebook.com/profile.php?id=1716986538","හපොයි තිත්තය"
"Nisha Nisha","https://www.facebook.com/nishanthi.anoma.14","Me.වගේ කුහක හරක් නිසා තමා රටට හෙනහුරා ගහල තියෙන්නේ"
"සමීර එල් පේමරත්න","https://www.facebook.com/6flf49b2zs","තිත්ත නෙවේ..ලැජ්ජයි..මේ ඉන්න පන්සල් වල ගම්වල මිනිස්සු නැද්ද මුන්ව පන්නන්න"
"Indrajith Bandara","https://www.facebook.com/ibmindrajithbandara","තිත්තේ තිත්තයි"
"Lahiru Jayathilaka","https://www.facebook.com/lahiru.jayathilaka.79","මෙිකට නඩු දාන්ඩ ඔනෙ මෙිචිචර කුනුහරප කියන මෙි හාමුදුරැනමක්ද"
"Perera Bandula","https://www.facebook.com/people/Perera-Bandula/pfbid0zjgobwGvqy3CNyb1SWsgTvyHfVpHA81mBNst1J5yZFGWggSsWCS6ZPwbz15aiENhl","Ammata wada SUDARANAYO  BUDURAJANANWANSE.TA GARU KARAPAN"
"Rohana Ediri","https://www.facebook.com/rohana.ediri.1","තර්ජනය කිරීමට නඩු දාන්න බැරිද."
"Soma Nanda","https://www.facebook.com/soma.nanda.946111","මිනිසුන්ගේ හිත් සුවපත් කරන්න ලැබුණා  අරහත් ධජය චීවරය දේශපාලනයට භාවිතා කරා කියන්නේ නින්දාවට ලක්වෙනවා..  නින්දිත වෙනවා...  භික්ෂුවක් විදියට අපේ ජීවන ප්‍රතිපදාව ගැන නිහතමානීව  ආඩම්බරයි.    භික්ෂුව දේශපාලනයෙන් ඉවත් විය යුතුයි.  මගේ අදහස."
"Malinda Padmashanka","https://www.facebook.com/malinda.padmashanka.2025","මිහින්තලේ වණවාරියා😭❤️❤️යා තිත්තගල්ලේ වසලයා"
"Nimal Jayakodi","https://www.facebook.com/nimal.jayakodi.9678","Laisan. Marayo"
"Chamini Delpachitra","","කුනුහරුපයෙන් බනින්න පුලුවන්ද මෙඉත්ත්‍රියෙන්, මාර හකියාවක් එක"
"Wimalasiri Weerasinghe","https://www.facebook.com/wimalasiri.weerasinghe.98245","Oya meda inne ...gon thadiyek....metimolek....kuhakayek....nodaki."
"CK CK","https://www.facebook.com/people/CK-CK/pfbid0bLeCsawQvdm6jscDzgmh85dz4EAFxx3kK31CjSBDkA9EdZjAZerZaZ2nqTEhtEA2l","තිත්තයාට කවුරු හරි කෑම ටික දෙන්න වෙයි වගේ"
"Sunil Rajapakse","https://www.facebook.com/sunil.rajapakse.9083","මුන්ට දෙන දඩුවම් මොනවද...."
"Jayaranga De Silva","https://www.facebook.com/jayaranga.silva","මුන් හාමුදුරුවෝ ද? සක්කිලි"
"Napewitharanage Dasun Madushanka","","මූත් සක්කිලියෙක් එකයි ඇත්ත , චීවරෙ ර අත තිබ්බා අත තිබ්බා කියලා නටන්නේ නැතුව මේ වගෙ සත්තු සාසනෙන් නෙරපුවානම් වටිනවා නේද"
"Durage Chaminda","https://www.facebook.com/durage.chaminda.2025","තිත්තන්ගල්ලට කෑමක් ලගයි වගේ.පකයට"
"Mahesh Bandara","https://www.facebook.com/mahesh.bandara.317916","මේ ප්‍රශ්නෙට කරන්න තියෙන හොඳම දේ තමයි තායිලන්තෙ වගේ එක සඟ නායක කෙනෙක් පත් කරගෙන බුදු දහමට සහ සඟ සසුනට නොගැලපෙන අය එම තැනින් ඉවත් කර  ගිහියන් බවට පත් කිරීම, මගේ මතකය හැටියට බලන්ගොඩ ආනන්ද මෛත්‍රී මහනායක හිමියන් වරක් හිමියන්ගේ මහනායක ධුරය ඉවතලා උන්වහන්සේ එක මහා නායකවරයෙක් පත් කරගන්නා ලෙස ඉල්ලීමක්ද කළා, එම නිසා කරන්න තියෙන සුදුසුම දේ අතන මෙතන සිටින අර නායක මේ නායක නැතුව එක සංඝනායක කෙනෙක් පත් කර න්න ඒ වගේම භික්ෂුත්වයට නොගැලපෙන සිවුරෙන් ඉවත්කරලීමයි"
"Kumudu Lakmal","https://www.facebook.com/kumudu.lakmal.581","තිත්තයා තිත්තම උනා   මුන්ට රැවටිලා මිනිස්සු කෝටි ගනන් මුදල් දේපොල දෙනවා මේ ගැනත් රජයේ අවධානය  යොමු  කරයුතුයි"
"Koliya Bandara","https://www.facebook.com/koliya.bandara.14","උඹල දෙන්නා දැන් දවස් දෙක තුනකට ඉස්සෙල්ලා නිකන් කිරී පැනී වාගේ නේද හිටියේ.සුදත්ත මල්ලි මුං බුද්ධ චීවරය පොරවාගෙන ගිහි ජීවිතයෙයි පැවිදි ජීවිතයි ගත කරමින් සිවුරෙන් හම්බු කරගෙන කාලා සාසනනෙත් විනාශ කරමින් ඉන්න මහ අපතයෝ දෙන්නෙක්.මුන්ට ගුරුවරුත් නෑ නිකායොත් නෑ ප්‍රතිපත්තියකුත් නෑබුදුහාමුදුරුවන්ගේ ශාසනයේ ඉඳගන බුදු හාමුදුරුන්ට පහර ගසමින්මුළු ආත්මෙම විනාශ කරගමින් ඉන්න මුළු ආත්මෙම විනාශ කරගෙන ඉන්න තිරිසන්නු.මුං පාරාජිකාවෙලා ඉන්නේතමුන්ගේ පාඩුවේ මහණ දම් පුරන් නැතුව එක එක්කෙනා විවේචනය කරමින් ඔය ඇවිස්සිලා ඉන්නේ කාය වාචික සංවරය නැතුව ඉන්නේ අන්න ඒකයි."
"Udaya Shantha","https://www.facebook.com/udaya.shantha.161","Me higannonta actions ganna beri nayaka un wahansela mokatada"
"Yasalal Liyanarathna","https://www.facebook.com/yasalal.liyanarathna","යකෝ මහ හාමුදුරුවරු  නිදිවදිනවද"
"Chamika Lasantha","https://www.facebook.com/chamika.lasantha.10","😭😭😭😭😭😭 ahooo dukaki iraki thithaki.saasane 🥹🥹🥹"
"Nandasiri Himi","https://www.facebook.com/nandasiri.himi.2025","පිස්සන්ට පාඩුවෙ  ඉන්න  දුන්නනන් හරි"
"Dilshan Samarasinghe","https://www.facebook.com/dilshan.samarasinghe.52","Kari thitthaya."
"Kds Dilhani Dilhani","https://www.facebook.com/dilhani.sagarika.1","කන්න බොන නැති නිසා පංසල් වලට ගෙනත් දීපු අඩුකුලේ අයගේ මීට වඩා මොනවා බලාපොරොත්තු වෙන්නද"
"Pradeep Sadaruwan","https://www.facebook.com/pradeep.sadaruwan.817410","පො...යෙක් තිත්තගල්ල කියන්නෙ"
"Rish Mash","https://www.facebook.com/people/Rish-Mash/pfbid031zRK5h2fi1bdMfd4gTiRmVtNXgXBHXAF1vPSf78bpqaP6KsGv18UjS1tFQ6wfSeLl","Oya wage kalakanni thama pohottuwata kade yanne"
"Shiranga Kelum","https://www.facebook.com/people/Shiranga-Kelum/pfbid02ixixRzr3NiBaqmkCmXBAHHv3W1kRs1GQw122v8s6D9BTZm7Tox7DbmYDAXMdGAE4l","Thiththa galle kiyanne lollekne ponnaya"
"Yamuna Gunasekara","https://www.facebook.com/yamuna.gunasekara.2025","ANE. MEHEMA. HAMUDURUWOQ"
"Wasantha Kumara","https://www.facebook.com/people/Wasantha-Kumara/pfbid0p5feK3EKCpGYMoS4KgYKhXYzCyU7YM8tKErC6fcrDsk6bZ6u3dK9bFtWiUVTdv3dl","තිත්තගල්ලේ වගේ එවුන් ගන්ඩ එපා ඔය වගේ තැන්වලට සුදත්ත ඔබගේ තියෙන තත්වය නැති වෙනවා ඔහු අච්චර කියලත් අම්මා මතක් කරලා නෑ කියනවනේ එහෙම එවුන් තමයි ගියපාර දේශපාලනේ එවුන් එක්ක ා හැංගිලා හිටියි. සිවුර පොරෝගෙන අප්පිරියයි දකින්නෝ සිද්ධ වෙන්න එපා. ලඟදීම වේදනීය කර්මය පල දෙනවා අපි ඉන්නවා"
"Nihal Gunasekara","https://www.facebook.com/people/Nihal-Gunasekara/pfbid022d1KnomL9NfZZCiwJ1yNNZdBLyxSkvBgcatTs1kAjrGJkkTvU3xXg9JHDq1XqMa4l","සාසනෙ  බෙරගන්න  ලෙබි තියෙන  අවසන් අවස්තා මෙයයි  මෙ රජයෙ අනිවාර්ය න් මෙ  සංග   පාතලෙ මර්දනය  කල යුතුය   තරා තිරම  නොබලා මෙවෙනි දුශිත සිවර රදවන  මෙ  පුන්‍ය බුමියෙන්  නෙරපිමට  අවශ්‍ය නිති  සම්පදනකල  යුතුය"
"Samantha Rsp Usp","https://www.facebook.com/samantha.kumara.253070","තිත්තයා.බොරදියේ මාළු බාන එකෙක්...අරුගේ පස්සෙන්ම යන"
"Kdm Keerthi","https://www.facebook.com/kdm.keerthi.2025","Me thithagalla kiyannae patta gonak siuru galawela nelanna oni"
"Vimanga Roshan","https://www.facebook.com/vimanga.roshan.3","වුත්තිගේ පුතා"
"Janthu Malli","https://www.facebook.com/janthu.malli.2025","Thiththaya anakm inne..."
"Nihal Kumara","https://www.facebook.com/people/Nihal-Kumara/pfbid0BGwJdVRgN5PRVQsJEz6UJkQQF5FB8qykvcinwb2pCRD69A86ukv6LRfkjsEBQYDxl","Tiththagalle kiyanne amu tirisanek"
"Thushara Sampath","https://www.facebook.com/thushara.sampath.723161","Munwa kauda mahana karanne"
"Buddhika Sanjeewa Kannangara","https://www.facebook.com/buddhika.sanjeewa.kannangara","Karia  thththa Ponna"
"Sarath Kariyawasam","https://www.facebook.com/sarath.kariyawasam.2025","ගිහියන් දහස් වර හොඳ බව පෙනේ.."
"Niroshan Jayawardena","https://www.facebook.com/niroshan.jayawardena","මේවගේ වලත්තයො තමයි නානසාර වගේ වලත්තයෝ බේරන්න පාගමන් යන්නෙ.මයිත්‍රියෙංලු කිවුවේ.මුංගෙ සිවුරු ගලෝලා කස පහර දිය යුතුයි😬😬😬😬😬😬😬😬😬😬😬😬😬😬😬"
"Chandrakumara Hettiarachchi","https://www.facebook.com/chandrakumara.hettiarachchi.2025","කැකිරාවේ හාමුදුරුවෝ .....තමයි හාමුදුරුවෝ  තිත්ත ගල්ලෙ කියන්නෙ ආගමික සාමාජීය වක්කඩේ ඉන්න තිත්තයෙක්........."
"Anita Perera","https://www.facebook.com/anita.perera.3344","සුදගේ වෙනම අධිකරණ යක් 😂😂😂😂නීතී හදනවද සුදා"
"Kapila Vithanage","https://www.facebook.com/kapila.vithanage.90","Paraballa..tho..kalakanni. ballek"
"Nalin Sujeewa","https://www.facebook.com/nalin.sujeewa.844467","මේ දෙන්නගෙම දේවල් ඇහුවහම බුද්දාගම වනසන්න apu😎 පිල්ලි කියලා hitenne"
"Prasanna Pramuthitha Pramuthith","https://www.facebook.com/prasannapramuthitha.pramuthith","Sampurana video eka dannako suda aiye"
"Danushka Rathnayeka","https://www.facebook.com/danushka.rathnayeka.1","මේ වගේ එවුන්ගේ පරම්පරා හතකට හෙන ගහන්න ඕන කුණුවෙලා අකුලවල යන්න ඕන මේ වගේ කාලකන්නි ජාතක කරලා වටිනා කියන සිවුරක් කරට දාලා සාසනයේ විනාශ කරනවද"
"Nishantha Thotawaththage","https://www.facebook.com/piyal.photawaththage","තිත්තගල්ල පම්කයො තෝ නම් ශාපයක්...."
"Chaminda Rathnayaka","https://www.facebook.com/chaminda.rathnayaka.545294","Jeppanta ona lajja koranna.....buddhagamata"
"Lashan Rangana","https://www.facebook.com/lashan.rangana","Ko me hamuduro  mukuth kiyala nane 😂😂😂😂😂"
"Nilmini Ranathunga Nilmini","https://www.facebook.com/nilminiranathunga.nilmini.35","ඥනසාරයි  තිත්ත ගල්ලෙ කියන්නෙ එකම සන්ග පාතාලයේ"
"Ranga Sandaruwan","https://www.facebook.com/profile.php?id=100014494748639","කුඩුවට දුප් පකයා,"
"Sameera Sampath","https://www.facebook.com/sameera.sampath.1485","Muwa keriyawa siwra galola heluwen thiyanna ona"
"Rupi Liyanage","https://www.facebook.com/rupi.liyanage.5","මුගෙ ජාතකේ වරදක් තියෙන්නෙ.කුණුහරැප කියන සක්කිලියෙක්"
"Wickrama Batagoda","https://www.facebook.com/wickrama.batagoda.2025","තිත්තගල්ලෙ  කියන්නෙ  සක්කිලි   වනචාරී   කාලකන්නියෙක්"
"Ṩḥàŝḥìƞťĥắ Ṅįṁếșḥ","https://www.facebook.com/shashi.tha.nimesh.2025","සාදූ..සාදූ..සාදූ..  මෙයා නේද අත්සන් ලක්ෂ 5ක් හෙව්වේ.."
"Prasanna Hmp","https://www.facebook.com/people/Prasanna-Hmp/100083796490950","තිත්ත ගල්ලයාගෙත් කාලේ අකාලේ"
"Sithija Dananjaya","https://www.facebook.com/sithija.dananjaya.583536","Thiththagalle kiyanne sapa vidinna siwurak da gatta kalakanniyek....."
"Mahendra Mahendra","https://www.facebook.com/mahendra.mahendra.547876","දැක්කා  නේද තිත්ත ගල්ලගේ හෙළුව  සිවුර දාගත්තු ගොංපාට් දාන  චීවරධාරීන්"
"Malkanthi Malkanthi","https://www.facebook.com/people/Malkanthi-Malkanthi/61572959055299","මේ වගේ උන් කොහොමද හාමුදුරුවෝ වෙනිනෙ අනේ අපේ ශාසනයට අනන්ත ගුණ සමුදායක් ඇති බුදුන් වහන්සේ දැරූ චීවරයට නිගා නොකර උපැවිදි වෙලා ඔය දේවල් කලා නම් හොඳයි"
"Janaka Pushpakumara","https://www.facebook.com/janaka.pushpakumara.399826","Thiththa wadiwage tikak sini dala ganna wei panirasa wenna 😊"
"Sk Aluthgedara","https://www.facebook.com/sk.aluthgedara.2025","තිත්තගල්ල කියන්නෙ චීවරය දරන්න සුදුසු නැති පුත්ගලයෙක් සිවුරෙන් නෙරපලා ගුටි දෙන්ඩ ඕනි මිනිස්සු එකතු වෙලා"
"Sanjeewa Tharanga","https://www.facebook.com/sanjeewa.tharanga.773","බුද්ධ සාසනයට ලොකු කේදවාචකයක් වෙලා තියෙන්නෙ කියල හිතෙන් නැද්ද. කාලෙන් කාලෙට මෙ දේශපාලකයට කඩේ ගිය එකේ විපාකයි. උන් උන්ගෙ මජර දේශපාලනය කරන්න සිවුර පාවිච්චි කරපු එකේ විපාක නේද මේ වෙන්නෙ ඇත්තටම .මේ හැත්ත නිසා අර ඇත්තම සීලය රකින අර සිල්වත් හාමුදුරුවන්ටත් මහ අසාදාරනයක් සහ අවනම්බුවක් වෙන්නෙ"
"Sampath Ferdinand","https://www.facebook.com/people/Sampath-Ferdinand/pfbid0WARXYTAxqXEYAFpSGEkYmUr985uk62cD1cvq7ReVdhxPhTaBNZmF2M5autdY64bQl","තිත්තයා තිත්ත වෙලා තියෙන්නේ,,ඌ කලවැද්දෙක් සක්කිලි චීවර ධාරියා,,,ඕකට වෙන්නෙත් ගලයට වෙච්ච දේම තමා ස්වාමීන් වහන්සේ,,,,සක්කිලි බල්ලා,,කතා කරන්න දන්නේ නෑ ,,,මූ සිවුරට මුවා වෙලා තිරිසන් වැඩ කරන බල්ලෙක්"
"Silva Amb","","මේ දෙන්නගෙ කතා විලාශයෙනුයි සවරෑපයෙනුයි කව්ද හාමුදුරුකෙනෙක් කියන්නෙ ජනතාව තේරුම් ගනීවි. මූ තිත්තයි.😡"
"Shantha Amarasingha","https://www.facebook.com/shantha.silva.547727","තිත්ත ගල්ලේ කියන්නේ තිරිසන් බව චීවරයෙන් වසා සිටින පුද්ගලයෙක්."
"Nayanananda Debatadeniya","https://www.facebook.com/people/Nayanananda-Debatadeniya/pfbid02ku6ouJq2pvgQaLtriuG4XGttCvXiR53VFQwQAU5EZKBYcV1XzSrMpNq4JmbmUi5Tl","Oya hehha gallaya wallah allala maranna ona.munda ma  budda pushup keyanna.mu hodama sallalayak."
"Ruwan C. Wijesooriya","","තිත්තය කියන්නේ වලව්වේ ගූ රහට කැමති එකෙක්..🤣"
"Herath Mudiyanselage Nayana Srimanjuka","https://www.facebook.com/people/Herath-Mudiyanselage-Nayana-Srimanjuka/61563558434426","Mouoo amu thirisanaa munwa rating gahalaa pannanna ekathuwenna one"
"Ashoka Gunawardhane","https://www.facebook.com/ashokalalit.gunawardhane","මේ    උට්ටගෙ(තිත්තගල්ල) මගුල් බැලුවම අපේ ලේ කෝපවෙනව.."
"Manju Kekulandara","https://www.facebook.com/manju.kekulandara.2025","තිත්තයට උවමනා ඊලඟ ඤානසාර වෙන්ඩ 🤣🤣 සිව්ර ගලවපුවම කියන්නෙ හීරළුවෝ කියල එහෙම උනාම බල්ලෙක් ගනංගන්නෑ ඒකනිසා Uniform එකේ අගය විතරයි ඔතන තියෙන්නෙ 😁"
"Kumara Weerasingha","https://www.facebook.com/people/Kumara-Weerasingha/pfbid0ubYVytVJEfWhjPT8JW7LXFGZGcKs4RBzM7nrBFoCXcoaFaJvspz9cREZcTF6ebZel","මෙ රටට ගිය කලක්"
"Upali Gp","https://www.facebook.com/upali.gp","තිත්තයා"
"Tharindu Madushan","https://www.facebook.com/tharindu.madushan.142892","හැබැයි එවැඩේනම් අනුමත කරන්න බෑ.අනන්තරිය පවකට මුලක්"
"Dhanushka Perera","https://www.facebook.com/dhanushka.perera.522","හයියෝ, මුන් හාමුදුරැවොද බන්?"
"Nishantha Kumara","https://www.facebook.com/people/Nishantha-Kumara/pfbid02pUGm5mZVweeJuerLBKGrdu7iFZeYg6uREFvz3AZA1oPDm5YyWQWUWyY3kCD1x9aDl","Thithagalle thoo siwrata gelapenne nee"
"Danushka Heenkenda","https://www.facebook.com/profile.php?id=100000081063965","Kamriyata kana palenna denna one"
"Kodikara Sanjeewa","https://www.facebook.com/kodikara.sanjeewa.33","ඒයිය😢"
"Sandaruwan Wijesingha","https://www.facebook.com/people/Sandaruwan-Wijesingha/pfbid022FAVEGpQU9ZGttg6xPKiLccTeq1mxGdP8D3Sk2TZLmxRjjuJzKCmjNrsJUBXxruul","මොනා උනත් ..කුනුහර්පෙන් බනින්ටම ඕන ..කියන කතා වලට..."
"Kamal Halamba Don","","Surats mirage bisnss krana bawa phadily"
"Chaandani Vijeekon","https://www.facebook.com/chaandanivijeekon","මූත් අරූගෙම කොපියක්"
"Ranjith Rajapaksha","https://www.facebook.com/ranjith.rajapaksha.391371","Ammata thama pako kiyanne"
"Pamudi Nihansa","https://www.facebook.com/champrox.chaminda","එකට ඉදලා උබ බලුවැද කරනවට උබට වෙනවිදියට සලකන්න ඔන"
"Sumanasiri Thero Chilaw","https://www.facebook.com/auboowan","මේ සියල්ලෝම මාර්කටින්......කරන්නෙ කියලා හිතෙන්නේ මට විතරද?? ""උන් ඔක්කොම යාලුවෝ මල්ලි """
"PushpaKumara Lalith","https://www.facebook.com/lalith.pushpakumara.752","සංග කුපාඩියෝ 🤣🤣"
"Shan De Silva","","Me wage kalakanni sasanen elawanna Bari ai? Anura Kumara Dissanayake"
"Ranil Shammika Malagoda","https://www.facebook.com/shammika.shammika.522","මේ දෙන්නත් එක්කම කතා කරන්න මම එන්න කැමතියි පුළුවන් නම් සුදා මේක සූදානම් කරන්නකෝ"
"Udeni Alagiyawanna","https://www.facebook.com/himashi.kumarasinghe.12","මූට නිතියක් ඇත්තෙම නැද්ද"
"Rehan Mayantha","https://www.facebook.com/rehan.mayantha.2025","තිත්තගලේ දෙවුදත්තර සරන ගිය කෙනෙක් වගේ....වියරුව නිරුපනය වෙනවා..සිත කය වචනය සංවර නෑ"
"සත්සරණි අමන්දා","https://www.facebook.com/people/%E0%B7%83%E0%B6%AD%E0%B7%8A%E0%B7%83%E0%B6%BB%E0%B6%AB%E0%B7%92-%E0%B6%85%E0%B6%B8%E0%B6%B1%E0%B7%8A%E0%B6%AF%E0%B7%8F/100038896030534","😂😂😂😂 හිනා යන්නෙ ඇයි මට...."
"අරුණ උදයශාන්","https://www.facebook.com/3mexuka345","සුදස්සන හිමි කියන්නේ බුදු හාමුදුරුවෝ නිසා ලැබෙන දානෙ වලදලා බුදුහාමුදුරුවන්ටම බනින ජාතියේ චරිතයක්..."
"Sudath Senevirathne","https://www.facebook.com/sudath.senevirathne.9","මුන්ට මිනිස්සු ගහල එලවන්් නැත්තේ ඇයි."
"Chandrashantha Hikkaduwa Liyanage","https://www.facebook.com/chandrashantha.hikkaduwaliyanage.3","Sudath Senevirathne sangaadikaranaya නිදි වගේ."
"Prabad Sadakelum","https://www.facebook.com/prabad.sadakelum.7","Ayi,titha,huththo,,huththige,putha,kiyanne,pako,huththi,kiyanne,ammata,neweda,thiththa,huththoaye,please,karanna,kiyanna,inhalation,danne,nathnam,nagitala,palahuththa"
"Onara Cuttingstation","https://www.facebook.com/shantha.thilakarathna.186","තිත්ත ගල්ලෙ කියන්නෙ පිස්සෙක්"
"Danushka Nuwan","https://www.facebook.com/dnu.maxx","Game minissunta panana gamen panala danda"
"Harindu Jayarathna","https://www.facebook.com/harindu.jayarathna.3","Huththiga putha kiyanna"
"SG Gamarathne","https://www.facebook.com/sg.gamarathna","ලොකු කක්කුස්සිය මැද පොඩි කක්කුස්සි දෙක දෙපැත්තේ"
"Lahiru Lakmal","","මේ දෙන්නම එකයි ,සංඝයාගේ වැරදියේ ප්‍රසිද්ධියේ කතා කරනවා ප්‍රසිද්ධියේ රණ්ඩු වෙනවා.මේවා බුද්ධ පුත්‍රයන්ට උචිත දේවල් නෙවෙයි.😥"
"Sandeepa Dananjaya","https://www.facebook.com/sandeepa.dananjaya.7","Horu wenuwen  horu.thiththe"
"Bagpipe Band Vijitha Bandara","https://www.facebook.com/jhmrv.bandara.1","අමු තිරිසනුන්"
"Udaya Parakrama","https://www.facebook.com/people/Udaya-Parakrama/pfbid0336rWNVxoHbD7WUPw3f9vZ8UzoyfmwhWa64rifnJ3EvTzDBidiM5DafqFiWrqvxYDl","THTHHA GALLE UBE AMMATA HIKUWE API UBA PODI KALE UBE AMMA GON BADUWA😂😂"
"Sumith Manju","https://www.facebook.com/sumith.manju","Attane kiwwe ubala kakkussi chanal ekaka inne guu godak 😂"
"Kamal Chandrasiri","https://www.facebook.com/kamal.chandrasiri.3","මහ නායකල පස්සෙ කෙදිරිගාන්න එපා චීවරෙ ගැලෙව්වයි , ජොකා ගැලෙව්වයි කියල දැන්ම මුන් අල්ලල ගස් බැදගනිල්ල"
"Saynum Saynum","https://www.facebook.com/saynum.saynum.1","තිත්තගල්ල..ඤානසාරඅනුකරනය.කරනව.ෙමි කාලකන්නි.පාදඩය.බැදියයු෴ැයි"
"Neel Rajarathne","https://www.facebook.com/people/Neel-Rajarathne/pfbid02jYMruBfXUHY51RRSfo68xkeszsUCbXYUrBmvs1ncCckm9rCHWFyBJyodUMqspiG3l","කැකිරාවෙ හාමුදුරුවෝ  කර්මය, පුනර්බවය , සසර  පව් පින්,අපාය ආදී  සියලු බුදු බණ බොරුයි කියල කන පතේ පහරනකොට  බුදු හාමුදුරුවො  දෙකේ කොලේට දානකට ඒව බලපු බහුතරයක් සුදස්සන හාමුදුරුවන්ගෙ අම්ම සිහිකරා ඒබව ඔය හාමුදුරූවොම ගැමුනු කියන යූ ටියුබ් කාරය  සමග ප්‍රසිද්ධියේ  කීව. එතකොටනම් අම්මෙක් ඉන්න බවවත් පේන්න තිබ්බෙ  නෑ. අම්මටයි ගුරු හාමුදුරුවන්ටයි  මිනිස්සු බනිනව  කියල ඔය අසත්පුරුෂ යූ ටියුබ් කෙරුවාව නවත්තනව කියල සතියයි හිටියෙ.ආය පටන්ගත්ත. ඒකෙන්ම පේනව එයාගෙ අම්මට ඇති ආදරේ. දැන්  මේ ව.. සුදා එක්ක එකතුවෙලා දෙන්නම සාසනේ කනව."
"Athapathu Apu","https://www.facebook.com/athapathu.apu","මිනිසු  නෙ ඔකයි කියන්නෙ ආගමයි සහ දහම වෙනස්  ඔය ගනගෙඩියො න් ට දාන මාන දිලා නිවන් පතන මිනිසු  නෙමෙද  හරක්"
"Niku Mendis","https://www.facebook.com/profile.php?id=1418892481","පව් මේ හාමුදුරුවොන්ට ඇයි මෙහෙම උනේ😞"
"Nalin Gunawardana","https://www.facebook.com/profile.php?id=100000485567229","මේ මොකෑ උනේ මුන් වහන්සේල දෙන්න යාලුවෝනේද ?"
"Thushari Thushari","https://www.facebook.com/people/Thushari-Thushari/61584344460979","මහානායක හාමුදුරුවරුන්ට ඇයි මේ වගේ දේවල් වලට කතා කරන්න බැරි මේ වගේ හාමුදුරු වරු මොකටද සාසනේට අම්මට කියලා නැත්තේ මොකද ඔය අම්මා ගැන කියන්නේ මෙලයව සාසනෙන් නෙරපන්න ඕනේ මෝ භික්ෂූන් ද"
"Somaratna Mudalige","https://www.facebook.com/somaratna.mudalige","බුද්ධ ්ශාසනයෙ අවසාන කාලෙද මන්ද"
"Sarath Hulugalla","https://www.facebook.com/sadun.kottayawaththa","Pissek"
"Denuka Perera","","Thiththagalle kiyanne hamuduru kenekda"
"Hodaa Kumara","https://www.facebook.com/jagath.kumara.75457081","Thithagalla ivarai"
"Anushika Gamagedara","https://www.facebook.com/anushika.gamagedara.67624","සක්කිලි බල්ලෙක්"
"Dilshan Vijerathne","https://www.facebook.com/profile.php?id=100023170129017","බණකට වඩින්න බැයිද හාමුදුරුවෝ 🤔"
"Jayaranga Chathumal","https://www.facebook.com/jayaranga.chathumal","Dilshan Vijerathne කුනුහරප අහන්න තමා වෙන්නේ😮‍💨"
"Ranga Ranga","https://www.facebook.com/ranga.ranga.884425","Muge siurath galawamu pakayage"
"Yasantha Geekiyanage","","නොදකින් තිත්තගල්ලේ  උබව මිනිස්සුන්ට තිත්තයි"
"Rathna D Widdiya","https://www.facebook.com/lucasandrew.vidyaratnadon","තිත්ත galla කියන්නේ  nanassra 2.me රටේම  බෞද්ධ ධර්මය විනාස karana kalakanni"
"Wasantha Disanayaka","https://www.facebook.com/prabath.wasantha.ralalage","Kekirawe balla"
"Kusum Ruppage","https://www.facebook.com/people/Kusum-Ruppage/pfbid02fimoByJoozDwP95mNywHdi63s2vjuVC5k2UCrP37VbgZUQsnXdo4tECQfi57Kf33l","මෙ  අර  අබිඩර්මයඩෙසන  තිත්තගල්ලෙ  සඩුඩ මරුනෙ"
"Nimalka Priyadarshani","https://www.facebook.com/nimalka.priyadarshani.1","මෛත්‍රී   bawnawa😀"
"Nuwan Dhammika","https://www.facebook.com/people/Nuwan-Dhammika/61578546317415","අඩෝ තිත්තයා රහත් වෙලා ඉන්න ගමන් දෙ මේහෙම ඒවා කියන්නේ..එපා වෙනවා..😭😭"
"Anushka Geethika","https://www.facebook.com/anushka.geethika","Muta kiyanaa wachana na"
"Saroja Frenando","","ඔය තිත්ත ගල්ලේ කියන එකාගෙ සිවුර ගලවන්න ඔනේ..මාහානායකලා මෙව්වාට බුදි.එක එකා උන්ගේ කෙලන් අහගන රාජ්‍ය පලනයට ඇගිලි ගහනවා තමන්ගෙ සාසනේ ඉන්න මෙවගේ උන්ව හදාගන්න බැ.. රාජපක්ෂලා පරංගි වැඩ කරන්නේ මෙ තිත්ත ගල්ලේ කහාකඩයා..සාසනේ විනයක් නැ.. රට හදන්න එනවා."
"Ajith Batagoda","https://www.facebook.com/ajith.batagoda.3","තිතගල්ලේ කියන්නේ අම්මා බල්ලෝ එක්ක සංවාසයේ යෙදිලා හැදුන සුනඛ පෝතකයෙක්"
"Isuru Sandaruwan","https://www.facebook.com/isuru.sandaruwan.3950178","චීවරේ පොරෝගෙන ඉන්න කාලකන්නියෙක්..ගහල එලවන්න ඕනෙ සක්කිලියා...ගල් ගහන්නොනෙ 🤬🤬🤬🤬"
"Dinesh Kosgaha Mula Gedara","https://www.facebook.com/dinesh.samarapala","රෙද්ද කඩාගෙන"
"Samantha Smp","https://www.facebook.com/samantha.smp.2025","සිරාවටම  ai  මේ"
"Chaminda Pushpakumara","https://www.facebook.com/chaminda.pushpakumara.94","පොහොට්ටුවේ එකෙක් නැද්ද වැදගත් 😂😂😂"
"Wasantha Ramasundara","https://www.facebook.com/wasantha.ramasundara.2025","Uba baba ganaya"
"Richard Ratnatunga","","Ane me titto sangaruwanak katakarana heti"
"Sudath Bandara","https://www.facebook.com/sudath.bandara.253789","Thithagalla kiyanne sakkiliyek mahanayaka himiwaru mokadakiyanne"
"Ranjith Sisira","https://www.facebook.com/ranjith.sisira.7359","Muge kata hada Sanath nishantha wage mara chevara dariyek mun gihiyeku Laga thiyana karunawa maithiriya naha"
"Kapila Samantha","https://www.facebook.com/kapila.samantha","Hodawade thitha ganayata"
"Amila Mirissage","https://www.facebook.com/amilagayan.liyanagunawardana","තිත්තගල්ලය එක්ක වෙන හාමුදුරුවෝ කෙනෙක් දාල ඔතන වලියන් දාගෙන ගහගන්න සලස්සමු ආතල් එකක් ගන්න පුලුවන්..😂"
"Kelum Kumara","https://www.facebook.com/kelum.kumara.351104","Me ammata hukana huththikaga putha gahanna ona me ballata"
"Sumeda Senu","https://www.facebook.com/people/Sumeda-Senu/pfbid0igZXozQTZmbpeoXGRyTvrdkUG5we6oCiQJkX22jP8FgDVqtCvs3Mg3LkdVJoyggPl","Ow සිවුරේ හැංගුන කාලකන්නියෙක්"
"Indika Priyankara","https://www.facebook.com/people/Indika-Priyankara/pfbid02gHKPGNDeTsmgCYqmUQjsh2W6q1SztdUptDaczLEHokvd9gW8uEFzXQYGg6zbQktDl","Tithtagalla kiyanne Amu sakhkili Tirisan vesige putekh"
"Wp Piyasena","https://www.facebook.com/people/Wp-Piyasena/pfbid02MyMksdBAzu8Cie4D4TKMvo713UsCbt3Rj3K9574WnBa4aeyQvwsF34fwLz3bvKaMl","මුන්ගේ  වාසියට  උන්ගෙ  අම්ම  උනත් විකුනන්න බැරිනෑ"
"Lal Gunarathna","https://www.facebook.com/people/Lal-Gunarathna/pfbid02hRPbJDUPy3hUKfRAy2rNxbNBurwpdYQ63of6GQ6kLs7beb9A4ZnnmPMLg6oN3XLwl","කැකිරාවේ හාමුදුරුවන් හරිම බුද්ධිමත් අසාධාරණයක් දකින්න බැරි ස්වාමින් වහන්සේ කෙනෙක්."
"Janaka Mallawa Arachchi","https://www.facebook.com/people/Janaka-Mallawa-Arachchi/61593752160994","ඔය රෙකෝඩින් එක දැම්ම්මට පස්සෙ තිත්තගල්ලයා පිස්සු බල්ලෙක් වගේ වැඩසටහනෙ හැසිරුනේ 🤣"
"Arfath First","https://www.facebook.com/profile.php?id=100017306677782","Oka amu baiyek unta jathiyak agamak na"
"Sampath Kumara Hewa Nambuge","https://www.facebook.com/people/Sampath-Kumara-Hewa-Nambuge/61592520720258","අමු තිරිසන් තිත්ත ය"
"Chamika Karunarathna","https://www.facebook.com/chamika.karunarathna","Owata hamuduruwane katha karala wedak ne"
"Nirmal Seneth","https://www.facebook.com/nirmal.seneth","Thitthaya sakkilyek"
"Saman Thilakawansha","https://www.facebook.com/saman.thilakawansha.9","Suda thama hodama buduguna pathuranawa mevwelave interview karanna tharam huthak pahalavela ane suda oka visadanna oni sanga adikaranaye samajagathakaranne wena hethuwak nisa"
"Mahesh Priyankara","https://www.facebook.com/people/Mahesh-Priyankara/61579034766987","පුදුම සංවරකමක් තිත්ත ගල්ලෙගෙ තියෙන්නේ..😁"
"Ishan Em","https://www.facebook.com/profile.php?id=1376831978","බල්ලොත් එක්ක ලැග්ගහම නැගිටින්න වෙන්නේ මැක්කොත් එක්ක... පහුගිය ටිකේ ලැග්ගනේ... දැන් මැක්කෝ කකා ඉඳපන්...😂😂😂😂"
"Jayantha Jayantha","https://www.facebook.com/jayantha.jayantha.503404","මුන්ගේ සිවුරු ගලවන්න නීතියක් ගේන්න. මහානායකලට කොන්ද පන නැත්නම් පුලුවන් කෙනෙකුට දීලා පාඩුවේ ඉන්න."
"Gnanam Kumaravel","https://www.facebook.com/profile.php?id=61553764563274","Thithagal mathtayada aweith ragana hadi mokak wenuweintha? Mulinma mewagi abalayo shasanein nerapiya uthui. 🤔🤫"
"Ranjit Wimalaratne","","තිත්තගල්ලේ හාමුදුරුවෙක් නෙවෙයි!"
"Shakir Hussain","https://www.facebook.com/saleem.shakir.98","Yes  Budu Dahama Ananthure"
"Udaya Shantha","https://www.facebook.com/USA.7758","මේ තිත්තගල්ලයා මුවහක් පොරවගත් වෘර්කයෙක් මූ නානසාරට වාඩා ජාතිවාදී ලේපිපාසිතයෙක් රාජපක්ෂලාගේ හොද අසූ#කුක්කෙක්"
"Shanitha Wasalaperamuna","","Yamitha Niran kiwwane meka paaharayek kiyala?"
"Binol Yashash Sri","https://www.facebook.com/binol.yasassri","සනත්. කාරියවසම්.  සනත් සුමින්ද  සන්නස්ගල එක්ක කොත්මලේ ස්වාමීන් වහන්සේ ට කතා කියපු උං දෙන්නා 😂"
"Ravidu Iduranga","https://www.facebook.com/people/Ravidu-Iduranga/pfbid0W5QBNN6RyLqrGRD91v5gJ2hKsvPQXTPbrX85vaMZTuq8xVs5geWavEvtRyVd1uzJl","තිත්තගල්ලෙනම් පිස්සෙක් තමයි, හැබැයි නානසාර හාමුදුරුවෝ නිවැරදියි"
"Chathu Perera","","ඇත්තටම ඔය කැකිරාවෙට සෑහෙන උදව් කලා දැන් පොර අනිත් පැත්තට ගියා සුදා ඒකෙන් ප්‍රයෝජනේ ගන්නවා"
"Thissa Malli","https://www.facebook.com/people/Thissa-Malli/pfbid028UDJnHyKfD9z3sqchBpV2wfP57iWEmiqRJhRskb88fDHSRSyqz965r8YTraYh3Fal","හාමුදුරුවෝ මගෙන් දුව 08 පන්තියේ වගේ ඉන්නකොට මගෙන් ඇහුවා දුව එක්ක ඉන්න දෙනවද කියලා  සිරි ලංකාවේ හිටපු අටමස්ථානාධිපති, පල්ලේගමයා, මෙහෙම අහලා ඒ දරුවාව වාර ගනනක් දූශණයට ලක් කරලා අහු උනාම   කටවහන් හිටපු බුද්ධ පුත්‍රයන්  උසාවියෙන් වැරදි කාරයෙක් වෙච්ච එකෙක් වෙනුවෙන් ගාථා සජ්ජාන්‍ය කරනවා 🤮🤮🤮"
"Supun Iresha","https://www.facebook.com/profile.php?id=100002766621463","තිත්තගල්ලේ අමු සක්කිලියා"
"පුන්චි ගොවියා ගොවිතැන","https://www.facebook.com/people/%E0%B6%B4%E0%B7%94%E0%B6%B1%E0%B7%8A%E0%B6%A0%E0%B7%92-%E0%B6%9C%E0%B7%9C%E0%B7%80%E0%B7%92%E0%B6%BA%E0%B7%8F-%E0%B6%9C%E0%B7%9C%E0%B7%80%E0%B7%92%E0%B6%AD%E0%B7%90%E0%B6%B1/61592364309230","ව්‍යාකරන දන්නවනම් ඔයවගෙ පින්බත් ගිල ගිල පොහොට්ටුවට කඩේ යයිද යකෝ 😂😂 හාමුදුරුවො මගුලක් කතා කරනව"
"Dilshan Dilshan","https://www.facebook.com/dilshan.dilshan.893128","Ado thiththe thoge amata daganin musalaya tho"
"Sunil Karunaratne","https://www.facebook.com/sunil.karunaratne.14","පුතාට කියන්නෙ පුතා කියලා…අම්මට කියන්නෙ …සි කියලා නේද?"
"Gehan Perera","https://www.facebook.com/profile.php?id=576541287","බුදු සසුන බැබලේවා රටේ නීතිය බලු වේවා සඟ පාතාලයට ජයවේවා  හිර ගෙවල් සිවුරේන් පිරි ඉතිරේවා..."
"Ajith Aluthmuhandiramge","https://www.facebook.com/ajithnishantha","තිත්තගල්ලේ වනචාරී පම්කයා"
"Sandun Weerakoon","https://www.facebook.com/people/Sandun-Weerakoon/100095034444627","ධර්සභසංගායනවාවකි ඉකිමණට අවශ්‍යි"
"Ananda Ekanayake","https://www.facebook.com/avantha.ekanayaka","Okage kana palako sudat aiya"
"Anu Rathnayaka","https://www.facebook.com/anumi.rathnayaka.1","අය්යෝ මේ අයට කොහොමද අපි හාමුදුරුවෝ කියන්නේ.කොහොමද අපි මේ අයට දණ නමා වන්දනා කරන්නේ.මේ වගේ දුස්සීලයින් සාසනයෙන් නෙරපා නොහරින්නේ ඇයි.මහානාහිමියන් මේ අය ගැන ඇයි අවධානය යොමු නොකරන්නේ.වෙනත් අගම්වල මේ වගේ දේවල් සිද්ධ වෙනනෙ නැහැනේ.බෞද්ධයින් වශයෙන් මොනතරම් ලැජ්ජාවක්ද වගේම සාසනය විනාශ කරන මෙවුන් ගැන මොනවද ගන්නා තීරන මේ රටේ නීතිය"
"Roshan Kariyawasam","","ගලාට වාරයනම්... තිත්තයට දෙවාරයයි..."
"Hire Koi","https://www.facebook.com/hiru.llll","Thithagalle awajathakayek oka"
"Chaminda Kumara Gamage","https://www.facebook.com/chaminda.kumara.gamage.672271","තිත්තගල්ලයාගේ නම්බර් එක නැද්ද ආතල් කක් ගන්න"
"Shehan Waduge","https://www.facebook.com/jeewantha.waduge","Amu sakkiliya🤮🤮🤮🤮🤮🤮🤮🤮🤮🤮🤮🤮🤮🤮🤮🤮🤮"
"Anurudda Wijerathna Ship","https://www.facebook.com/people/Anurudda-Wijerathna-Ship/pfbid02peeXtFuByhQcST1WaAsuG1UzvxKR2xbYzM15L7PJmaABnEfgi6qPd3peXUHDzVERl","සක්කිලි ගණයෙක් මූ"
"Wageesha Hennayake","https://www.facebook.com/wageesha.hennayake","මේ ගණගෙඩියො ත්‍රස්තවාදියො වගේ දැන්"
"අඳුරු සෙවනැල්ල","https://www.facebook.com/xhlqsr1gza","ඊලගට තිත්තේ"
"Mahesh Rangana","https://www.facebook.com/mahesh.rangana.142860","තිත්තන ගල්ලෙට දෙන්න ඕනේ බීපු කිරි මතක් වෙන්න රාජපක්ෂලාගේ අසූචි කන කාලකන්නි අපතයා 😂 ."
"දර්ශන කෝරාළ","","දැන් කාලෙ..හාමුදුරුවෝ තමා phone එකට වැඩියම ඇබ්බැහි වෙලා තියෙන්න්‍ර්...මුදල් පිරිකර දෙන එක නවතා..ඔවුන් මුදවා ගනිමු"
"Samuditha Dilshan Pathirana","https://www.facebook.com/SomeoneBornIn1990","ආතල් එකට හැමිනිල ලමයි වදල කන්ඩ දෙන්න බැරි උනාම පන්සල් වලට ගෙනත් දාන එකට හොද උදාහරණයක් තමා තිත්තගල්ලේ"
"Niel Nowak","https://www.facebook.com/Igiveback","දහමට විනයක් සාදාගැනීම අනිවාර්යයි!"
"Chamod Madusara","https://www.facebook.com/asahn.madusara","ගල් ගහලා මරලා දාන්න ඔනි සක්කිලියෙක් මූ  ඕක තමා අනිත් උනුත් උසිගන්නුවෙ ලොන්තයා"
"Chamara Gem Sri Lanka","https://www.facebook.com/profile.php?id=100056127307610","තිත්තයා තිත්තම තමයි"
"Skyine Marks","https://www.facebook.com/people/Skyine-Marks/61590445294245","තමා යන්වනේ පස්සේන් කට්ටිය"
"Sc Dissanayka","https://www.facebook.com/sumudu.chandimal.9","Thitha galleyat pinbath kawapu auta gahnna one"
"Chami Rathnawedhaarachchi","https://www.facebook.com/profile.php?id=1721155369","කෝ බං මේ මහළුගොඩ කියාගන්න සංඝ සභාව..."
"Hasintha Bandara","https://www.facebook.com/hasintha.jayarathna.5","Ven Thiththagalle Anandasiri Himi hutto meka blpn pakoo 😂😂😂"
"Suranga Wijesooriya","https://www.facebook.com/suranga.wijesooriya.96","Oka titha galle nemei hute galle kari ponnaya oka balliyekgen jataka weccaha ponna ballek"
"විසදුම ජේසුස්","https://www.facebook.com/abvithanage","මොකක්ද දැන්  දැන් මේ අයට මේ වෙමින් යන්නේ?"
"Piya Ven","https://www.facebook.com/profile.php?id=100001323182674","කැකිරාවේ සුදස්සන කියන්නේ ජරා මිනිහෙක්"
"Lahiru Madhusanka Samarakoon","https://www.facebook.com/lahiru.madhusanka.5","සංඝ පතාලය  තිත්තා පව්  බන්"
"Nayana Yatawara","https://www.facebook.com/nayana.yatawara","තිත්තගල්ලෙ කියන්නෙ නඩු 14ක් තිබ්බ නිධන් හොරෙක්."
"Prasanna Akila","https://www.facebook.com/people/Prasanna-Akila/pfbid0xmfuxMLDdUBghbSs7oy1X1be8WaFNYTpsw1B5CyXe9ALjxHKqKRhnSXoEUFtFJcql","Thiththe vinasai"
"Sarath Kumara","https://www.facebook.com/sarath.kumara.789238","Mun okkoma ekai"
"Lasantha Wijelath","https://www.facebook.com/lasantha.wijelath.2025","මුන්ගේ රේද්ද ගලවලා පුකට ගහලා ඒලවන්න ඔනේ"
"Preethi Jayasinghe","","තිත්ත ගල්ලේ ඔයා පට්ට චාටර් හලෝ"
"Ashini Aryatara","https://www.facebook.com/people/Ashini-Aryatara/pfbid032p31z46QUbsGyGbW9Ajn7smHXBQoPv4fFmvsLNis2ik5MCi4FyBF52ix2WJ3W7hRl","Uba thamai thirisana"
"Kelum Weerasinghe","https://www.facebook.com/kasun.dg.56","කැකිරාවේ හාමුදුරුවො වෙනුවෙන් අපි ඉන්නවා"
"Bandara Shantha","https://www.facebook.com/athulasanthabandara.bandara","කැකිරාවේ සුදස්සන ගණින්නාන්සේ බබා"
"Hemantha Samarajeewa","https://www.facebook.com/hemantha.samarajeewa.2025","ඕක ආමි එකේ ඉඳල පැනල ගියපු එකෙක් පරය"
"Buddhika Ranasinghe","https://www.facebook.com/buddhika.ranasinghe.79","රාජපක්ෂ නිකායේ ඉන්නේ ඔක්කොම සිවුර පොරවා ගත් තක්කඩි"
"Ranezh Rna","https://www.facebook.com/ranezhnadee","තිත්ත galla.. neddakin. 😡😡😡😡😡😡"
"Subodha Dhananjaya","https://www.facebook.com/don.gababrooswayn","පාලියෙන් බැනල තියෙන්නෙ බන් 😂😂😂"
"Mohamed Irshad","https://www.facebook.com/people/Mohamed-Irshad/pfbid02zEXYMqW3NzPvYLPQGPLafx5tSEHhWjvtvgpCecGWkk6p4bKBWyRRL2V35C91oQ9Yl","මාගෙන් පසු මාගේ ශාසනය විනාශ කරන්නෙත් මාව අනුගමනය කරන්නා සේ අගවන චීවරධාරින් විසින් බව තේරුම් ගන්න?  _ ගෞතම බුදුන් වහන්සේ _"
"Dmst Dasanayaka","https://www.facebook.com/people/Dmst-Dasanayaka/pfbid02rZAhr841efjyym95WY8yG3jLB3qp9SPzfvfcW91SdmuqDXJV8i8uNmKCkYnQaEwQl","තිත්ත ගල්ලෙ පකයා ඔකා දන්න බණක් නෑ ගොබ්බයා"
"Priyantha Jayaratna","https://www.facebook.com/priyantha.jayaratna.1","මේ  මුංටනෙ  තොපි  පසඟපිහිටුවල  වඳින්නෙ ,මෙකාට  පුදුම  අමාරැවක් තියෙවා  නානසාරයා  ගැන,  මු   ආමි  එකේ  හිටියලු  ,  යකෝ  ආමිකාරයෝ  කියන්නේ   පුහුනුවකින්   හික්මිම  හදපු  මිනිස්සු ,නානසාරයා  වගේ   නොහික්මුනු   වසයන්ට නෙවෙයි ,උබ  ටිකක්   කට පරිස්සං  කරගනිං  පරයා  !"
"Geeth Rajabharana","https://www.facebook.com/purna.gagul","ඔය බල්ලව මහ සාපයක් මේ"
"HR La","https://www.facebook.com/hameed.riyad.7","Mun hamuduruwoda ban…Thanikara rasthiyadu karayo ney,,,"
"Jagath Kosala","https://www.facebook.com/PANDUKABHAYE","මෛත්‍රියෙන් කුණුහබ්බ 🤣🤣"
"Priyantha Liyanarachchi","https://www.facebook.com/priyantha.liyanarachchi.467627","දැන් ඔය දලදා මාලිගාවට යන හාමුදුරුවරුන්ට මූ කුණුහරුප කියනවා ඇහෙන්නේ නැද්ද?"
"Shiran Balasooriya","https://www.facebook.com/shiran.asanka.9","අඩෝ මේ මම සිරාවටම අහන්නේ මේ සිවුරු දාගෙන මේ වහේ ඉන්න %ත්තිගේ පුතාලට ඇත්තටම කරන්න දෙයක් නැද්ද බං.ගෝත හැතිකරේ"
"Amila Manamperi","https://www.facebook.com/amila.manamperi.fb","මුන්ට කන්න දෙන්න හොද නෑ,  හොද හාමුදුරුවෝ නමක් ඉන්නේ ඉතාම අඩුවෙන්"
"Angel Celluler","https://www.facebook.com/angel.celluler.7","හාමුදුරුවන් මේ කරන ජරා වැඩ වලින් ආගම නැත්තටම නැතිවෙලා  නැතුව යනවා.. එකට මේකෙ ගොං වගේ ගිරිය පුප්පගෙන කෑ ගැහුවට වැඩැක් නෑ.. ඔය කෑගහන්නෙ වෙනම අජෙන්ඩා එකකට.. ඉස්සර වෙලා බුද්ධ දර්ශනය කියන්නේ මොකක්ද කියලා තේරුම් ගනිල්ලා.. සාසනය බාරදිලා තියෙන්නෙ හාමුදුරුවන් ට. ඔවුන් කරන්නේ බෞද්ධයන්ට තග දාන එකයි. ගිහියන් ටිකක් අල්ලාගෙන සැප ගන්න එකයි දානෙ දිලා කකුල් දෙක ලග වදින ගොං බෞද්ධ මී හරක් ගෙ ලමයි හෝ ගෑනි එකක් බුදියන එකයි... මේවාට අහුවෙච්ච ඔවුන්ට ගැලවීමක් නෑ.. හමදාම හාමුදුරුවන් සුද්ද කර කර තමා ඉන්න වෙන්නේ.. අදටත් සමාජය තුල ඕන තරම් ඉන්නවා මේ වගේ උන්.. උන් බුද්ධ දර්ශනය මොකක්ද දන්නෙ නෑ. අර හාමුදුරුවන් කියන දේ තමා ඇත්ත කියල ලිං වල ඉන්න මැඩියො වගේ.. තමුංගෙ අම්මා එකක් හෝ සහෝදරයා සහෝදරිය එක්ක බුදියෑවත් බලුවැඩ කරත් ඒ අපේ හාමුදුරුවො කියන  දෝත්මුදුන් දිලා කඩේ යන අමනයො ටිකක් ඉන්නවා..   බෞද්ධයෙක් නම් කෝ මෛත්‍රීය පතුරනවා.. මුං කරන්නේ වෛරය පතුරවන එක විතරයි..   උඹලා නියම බෞද්ධ නම් ආගමක් තියෙනවා නම් ආගමට ආදරේ නම් මේවාට සම්බන්ධ වෙන්න නැතුව තමුංගෙ පන්සල් ටික හරියට හදාන  හාමුදුරුවන් ටිකත් හරියට හදාන ලස්සනට ආගම ගෙනියන්න වෙරදරන මනුස්සයො වෙයල්ලා.."
"Sudeera Prasad","https://www.facebook.com/sudeera.prasade","ඔන්න මුංගෙ වැඩ"
"Nanda Parera Ranasingha","https://www.facebook.com/nandaparera.ranasingha","මු  එලවන්න ඔනෙ"
"සින්දු බිංදු","https://www.facebook.com/sindubindu0","මෙහම රණ්ඩු වෙනකොට කුනුහර්ප කියනකොට අනිත් ආගම් වල මිනිස්සුට බුදුදහම ගැන මොනවා හිතෙනවා ඇතිද? 🤮🤮🤮🤮🤮"
"Sarath Perera","https://www.facebook.com/people/Sarath-Perera/pfbid02kCapt7peQFAVNifGJZwQwZPEfGjscV6AjiReXz6KbqhtDZs7CkQtWekUqqQYTMN5l","Mu wage.  Euntada pansal Wala thiyagena Kanna denne"
"Nalin Sumeda","https://www.facebook.com/nalin.sumeda.12","තිත්තගල්ලෙ කියන්නෙ තනිකරම කුහක බික්ශු විනයක් නැති අමු තිරිසනෙක්.සංග සභාවෙන් බැරිද මුන් වගේ ගෝත්‍රිකයෝ දමනය කරන්න. කිසිම නිවුනු ගතියක් නෑ මූන් තමයි දහමට වින කරන්නෙ."
"Thusitha Dahanayaka","https://www.facebook.com/people/Thusitha-Dahanayaka/pfbid02mZKmtEz9kuVbDqfNj1d79EVPtdDh8bgtJkBqqyVHQ2zpjiXcRuH1VKCP9D4hMSMml","ඔය.. හාමුදුරුවන් දෙපළට.. කරන්නෙ.. ආගම.. විනාස කරන. එක.. ඔබ ඔය.. සාකච්ඡා කරන්නේ kallathoni.. Lat.. Suda.. Ekkaneda.. U.. ආගම.. විනාස කරන Kalakanniyek.. Oba.. Whansala.. Depalatath.. Sura.. Gala පේනවද.. කියන.. එක ප්‍රශ්නයක්"
"Gayan Prasanna","https://www.facebook.com/gayan.prasanna.188","තිත්තයා කියන්නේ අමු ගෙරි සක්කිලියා කියලා මෙහේ කවුරුත් දන්නවනේ😁😁😁😁,ගමේ මිනිස්සු නම් කියන්නේ කුනුහරප ප*** කියලා😁😁😁"
"Sangeetha Gamage","https://www.facebook.com/sangeetha.gamage.3","ඔයතිත්ත ගල්ලෙ පාහරය ට ගල් ගජල මරා දැම්ම නම් හරි  බොර දියේ මාලු බලන ගස් බල්ලෙක්. .. පාහරයෙක්...තිරිසනෙක්.."
"Rohan Thalgaswatta","https://www.facebook.com/rohan.thalgaswatta","තිත්ත galle hamuduru hari ,කැකිරාවේ kiyanne sakkili sasanaya vinasa keranna apu ,,එකෙක්  🐅🐕🐕🐕"
"Darshana J Attanayake","https://www.facebook.com/sanka.janakabasnayaka","කැකිරාවේ සක්කිලි බල්ලට ඔහොම බැනල මචි"
"Sampath Krishantha","https://www.facebook.com/ssampath.krishantha","හු#$$තිගේ පුතා කිවාම යකෝ අම්මට තමා හු#$$තී කියලා බැනලා තියෙන්නෙ"
"Gimhan Fernandiz","https://www.facebook.com/dil.dil.56863221","මොකක්ද බන් මුගෙ නිකාය.තිත්තයා"
"Nuwan Herath","https://www.facebook.com/people/Nuwan-Herath/pfbid02PppbZ3qQWrgTTCJ7osZUTAzYtfMKFTiBAt4s72rW5SUkQ73AoJBiMFdTsc42Fghdl","පන්සල් ළඟට බල්ලොත් ගෙනාන් දනවානේ තිත්තගල්ල කියන්නෙත් ගෙනන් දාපු කැරි බල්ලේක්"
"Nimal Premarathna","https://www.facebook.com/nimal.premarathna.9440","ඔය තිත්ත අල්ලේ කියන කැරියට දේන්න ඔනේ  ඔලු කුඩු වේන්න වේසිගේ පුතා"
"Sarath Ln","https://www.facebook.com/sarath.ln.5","තිත්ත ගල්ලේ යනු අමුම අමු තිරිසනෙකි යළියලිත් එය ඔප්පුකරා"
"Savindu Dissanayaka","https://www.facebook.com/people/Savindu-Dissanayaka/pfbid0eap1SnM6WNGNLyrmfmKZJqG9KnjW5nnLSc6Jv8MHJ8SkL3dUXKsPMbdcAH5VxLEzl","ජෙප්පන්ගෙ වීරයා කැකිරාවේ සුදස්සන 😂"
"කුසුම් කුසුම්","https://www.facebook.com/hemanthakusum","ගොබ්බ මෝඩ ස්‍රාවක සාදුකාර හඬ මැද දර්ම විකෘතිකයෝ දර්ම ප්‍රකෘතිකයෝ එකම සෙවනක. ගලබොඩයගෙන් හිස්වූ පාතාල කහකඩ පුටුවට චීවරධාරීයෝ මරා ගනිති. තිත්තබල්ලා සමන්තබඩ්ඩා කස්සපකයා දැනට පෙරමුණේ !"
"Kasun Deshan","https://www.facebook.com/people/Kasun-Deshan/61575687860500","තිත්ත ගල්ලෙ කියන්නෙ මහ අමනයෙක්...ඕකා හිනාවෙනකොට මූනෙ අමු කුපාඩි පෙනුමක් තියෙන්නෙ...ගෙරි ගනයා"
"Prasantha Sanchka Athuraliya","https://www.facebook.com/people/Prasantha-Sanchka-Athuraliya/pfbid0i3DEtgHY4pYQGXQEPtDpptcD5WbrkmBzsgPdiAimMA4RDL2u58v8BwkKA2RsNM1El","තිත්තගල්ලෙ කියන්නෙ තනි සක්කිලියෙක් උකගෙ සිවූර ගලවපන් අපිට පවූ දෙන්නෙ නැතිව.පොන්නයා"
"Asantha Chamika Weerasinghe","https://www.facebook.com/profile.php?id=1247158362","Thitthagalle kiyanne salli walata 💩💩💩💩💩🐖🐖🐖🐖🐖🐖🐖wesige puthek..munge siwuru Galawala puka 16ta palanna one...sakkili hattha"
"Kalyanapriya Jayawardane","https://www.facebook.com/kalyanapriya.jayawardane","මේබුදුදහමේ අපි නැත"
"රුචිරංග ගයාදිශ","https://www.facebook.com/ruchiranga.gayadeesha","තිත්තයාගේ සිවුර ගලවන්න ඕන pkyek. බුද්ධාගම කන wsige පුතෙක් මූ."
"Sk Shine","https://www.facebook.com/people/Sk-Shine/pfbid02QwFmQd8SFVMvc8u3bZFsvQnNTEBFLeDvcVwe9jF2ycMomHBNH1ZEhvEiYFtQRzsel","කැරි පොන්නයා"
"Janaka Susantha","https://www.facebook.com/janaka.susantha.71","තිත්තගල්ලෙ පාහරයා🤢🤢🤢 සිවුර ගලෝලා ගහන්න ඕනී  පාරකදි දැක්කොත්"
"Threema D Anjelow","https://www.facebook.com/threema.anjelow","අපි නම මාරු කරමු... ති යන්න වෙනුවට හු යන්න"
"Chanaka Prasad","https://www.facebook.com/people/Chanaka-Prasad/pfbid02qfcyATpPTc5ZTmdYJWTH3JUMEBojo9RLMvjjNknKnrnk76ABFspJRB1mUqZTAeHxl","මම හිතන්නේ අපි කවුරුත් මුන්ට දෙකට නැමිල වදින්න සුදුසු  නෑ"
"Nipuna Nayanapriya","https://www.facebook.com/nipuna.nayanapriya","තිත්තගල්ලෙ තිරිසනා"
"Bhanuka Weligamage","https://www.facebook.com/bhanuka.weligamage.2025","[Image Attachment]"
"Sanath  Shiroman","https://www.facebook.com/sanathhds","[Image Attachment]"
"Dms Dissanayake","https://www.facebook.com/dissanayake.dissanayake.7140","😔 😔"
"Asiri Premathilke","https://www.facebook.com/asiripremathilake","Roshan Abeygunasekara , Jeewan Prasanga Narandaniya 😂"
"Roshan Abeygunasekara","https://www.facebook.com/roshan.abeygunasekara.2025","Asiri Premathilke 📢"
"Meheni Nanda","https://www.facebook.com/meheni.nanda","[Image Attachment]"
"Dinusha Senavirathna","https://www.facebook.com/dinusha.senevirathna.90","Rajapaksha Bandula 😮"
"SP Tharanga","https://www.facebook.com/sp.tharanga","කැරිකාවේ හුකස්සන"
"Jeewani Niranjila","https://www.facebook.com/jeewani.niranjila","https://www.facebook.com/share/v/1BrZNaaxXz/"
"Anjula Madusanka","https://www.facebook.com/anjulamax","Aruna Indika...😁😁😁"
"Ishara Samanmalee","https://www.facebook.com/ishara.samanmalee.14","😂"
"Lakshman Rathnayake","https://www.facebook.com/lakshman.rathnayake.92","[Sticker]"
"Uchitha Sampath","https://www.facebook.com/people/Uchitha-Sampath/pfbid023v8GcynHJyKCBA2tAVs9bi9fDEteAyx5PtuweLnFVtmSvQ55mvYRsqBYhcqpsCQl","[Image Attachment]"
"Thilina Sandamal","https://www.facebook.com/thilina.sandamal.75","[Image Attachment]"
"Sriyani Ramanayake","","😂😂😂"
"Ruwan Kumara","https://www.facebook.com/profile.php?id=100000633881893","https://www.facebook.com/share/r/1FhaY18Lro/?mibextid=wwXIfr"
"Viraj Sankalpa","https://www.facebook.com/viraj.sankalpa","[Image Attachment]"
"Rathnayaka Rmi Rathnayaka","https://www.facebook.com/indrasana.indrasana.520","[Image Attachment]"
"Sirishantha Sirisena","https://www.facebook.com/people/Sirishantha-Sirisena/pfbid0RSxizyKJCY1oxHYsZ2376coRe8xtPSSQ3zpJHFbS58TKy8F6p6y7k55oryVVjiQul","[Sticker]"
"Ruvini Mudhitha","https://www.facebook.com/ruvini.mudhitha","😮😮"
"Darmawansha Kumarasena Hettige","","[Sticker]"
"Dasun Wijesingha","https://www.facebook.com/dasun.wijesingha.58","😕😕😕😕"
"Ruchira S. Lorensuhewa","https://www.facebook.com/ruchira.s.lorensuhewa.2025","Nihal Thenuka Wijesekara"
"Prabath Panapitiya","https://www.facebook.com/prabath.panapitiya","https://www.facebook.com/share/v/19k9FmyMzf/"
"Aalp Aalp","https://www.facebook.com/people/Aalp-Aalp/pfbid0chAWYYEUGK7YoM27sBzdDAxYTbKVBQjAA81iFtLxAB5DrPmbcb5dFBUxUPLszH4ol","තිත්තගල්ල වගෙ කහකඩයො සංග සමාජයෙ ඉන්න දීලි මහනායක හිමිවරු මොනවද බලාපොරොත්තු වෙන්න්‍ර,මෙ කාලකන්නියා කරන්නෙ අනෙක් බුද්ධ පුත්‍ර යින්ගෙ කමිටුවක් එක්කමයි,මුන් ඇවිත් තියෙන්නෙ සසර කලකිරිලද මෙ,මැදමුලනෙ ඉදුල් කාලා රෙදිත් හොයලා පු,,,ක් දෙන අමනයෙක් මූ,හිතාගෙන ඉන්නෙ සිවුර දාගෙන හිටියට හැමදෙම කරන්න පුළුවන් කියලා, බුද්ධ ශාසනය කන්න්‍ර නැතිව මකබෑවියන් කියලයි කියන්න තියෙන්නෙ ඕකට"
"Mid Nite","https://www.facebook.com/saga.kuma","තිත්තයා කියන්නේ රාජපක්ෂ ගේ පුකවල් ලෙවකන එකෙක් කෙටියෙන්ම, 🤣🤣"
"Milan Sandeepa","https://www.facebook.com/people/Milan-Sandeepa/pfbid02WRbwidpaHox6BCFuLaiYHVycjDV3ghosa4QuK7a53hNs91pSGD1zQE6oEmyHmU2Ul","ඔය පකයට මැරෙන්න ගහන්න ඔනි..තිත්තගල"
"Jana Sp","https://www.facebook.com/jana.sp.9275","[Image Attachment]"
"Sarath Nihal","https://www.facebook.com/people/Sarath-Nihal/pfbid0hdd4CuGDY831VdciyP99wzFKvbgLRFX8Fs9H9VueMEC2uKAbaT2uPFQ2HsVdBUbvl","[Sticker]"
"P D Dhanushka Chamara","https://www.facebook.com/p.d.dhanushka.chamara","😂"
"Udaya Mahesh","https://www.facebook.com/udaya.mahesh.92","@highlight"
"Damith Darshana","","💥අපි රට හදන්න ජන්දය පාවිච්චි කලා. 💥ඒ ප්‍රශ්න පැත්තක. 💥ශික්ෂාකාමී ""යතිවරුණි"" වහාම පෙරට එන්න."
"Thanuja Harshana","https://www.facebook.com/people/Thanuja-Harshana/pfbid02CFqMbrk6cS3NKuCvL1Y8QEiRMkkKUEYRBX6RbYb3vs9a3aSxSKxwTHcjkQBCzZ9cl","[Image Attachment]"
"Nadeesha Tharanga Jayarathna","https://www.facebook.com/nadeesha.tharanga.jayarathna","[Image Attachment]"
"Dilshn Chathuranga","https://www.facebook.com/people/Dilshn-Chathuranga/pfbid02aB3Jt9Vrg2itPnMyuEsHt9zpKFJLihgRPapK5DFL4PTkypvz5h7Xhb5pL1SUQxCEl","[Image Attachment]"
"Kumara Lasantha","https://www.facebook.com/people/Kumara-Lasantha/100086816535418","[Image Attachment]"
"Wijerathna Bandara","https://www.facebook.com/people/Wijerathna-Bandara/pfbid036fUndwvPm7qnLDCN4KPGs2Yxb8foFuURCYwkGtZixnWvwpcXFJtDHvmk4BZx5aiQl","ගස්යට බෝක්කුයට පදුරැයට රොඩියන්ට නාටාබින්ට හිගන්නුන්ට කියල ජාතක කරල  අවජාතකව වදලා කරකියා ගන්න නැතිවුනාම  මුන් කරන්නේ පිං බත් කෙල කෙල ඉදලා මහනකරපුවාම සාසණයට මෙහෙම වෙනවා අද වෙලා තියෙන්නේ ඒකයි.පැහැදිලිවම තේරෙනවා නේද සාසනය කන්නේ ගිහියොද හාමුදුරැවරැද කියල"
"Manjula Priyantha Adikari","https://www.facebook.com/manjulapriyantha.adikari.9","[Image Attachment]"
"Kumari Rathnayaka","https://www.facebook.com/kumari.rathnayaka.12139","සිවුරෙන් ආණ්ඩුව  පෙරලන්න දගලන තිත්ත ගල්ලේ  හොර ගනයා"
"Jerome Peiris","https://www.facebook.com/profile.php?id=61565207253561","[Image Attachment]"
"Peace Prosperity","https://www.facebook.com/peace.prosperity.465046","[Image Attachment]"
"Charith Seneviratne","https://www.facebook.com/nimalkarunaratne.karu","Rajapassa guu kana hora thattaya 🖕"
"Ana Anas","https://www.facebook.com/people/Ana-Anas/pfbid0TgbRpmpt1j5HXGJv3gy7taMFKDkaa67s2AbuaRo9aSrjjt5mYY8V2fBhBmnoHAdal","[Image Attachment]"
"Sribandara Weerakoon","","ඔන්න අළුත්ම රටගොනා මේ පකයන්ට බුදුදහම බේරගන්න"
"Thilak De Silva","https://www.facebook.com/thilak.de.silva.577522","[Image Attachment]"
"Kevin Prasad","https://www.facebook.com/kevin.prasad.54","[Image Attachment]"
"Pradeep K Niroshan","https://www.facebook.com/niroshankp","නානසාර එලියට එන්න කලින් තිත්ත පැටියා ඇතුලට යයි වගේ"
"Sanjeeva Kumara","https://www.facebook.com/sanjeeva.kumara.921677","[Image Attachment]"
"Mohamed Shifan","","[Image Attachment]"
"Prasanna Disanayaka","https://www.facebook.com/people/Prasanna-Disanayaka/pfbid0G89qMMsLv6i99tdDLojWe7KfZKtE53EAe8SPn5H1DQfoKCfXLMQrsPXebrBKk7ztl","තිත්ත පකයා පකයෙක්ද"
"Darvis Carrim","https://www.facebook.com/darvis.carrim","ඥානසාරට නොදෙවෙනි වසලයෙක්/අවජාතකයෙක් 🤮🤮"
"Hettiaratchige Wasantha Bandula Perera","https://www.facebook.com/hettiaratchige.perera","තිත්තගල්ලෙ කියන්නෙ ධාතු බල්ලෙක්. ඕක රෙනකොට හැලුන අවජාතක සක්කිලියෙක්."
"Rathnasiri Sammu","https://www.facebook.com/rathnasiri.sammu","Tittayaa  sangha Rajavei."
"Manjula Senevirathna","https://www.facebook.com/manjula.senevirayhna","තිත්තවල්ලේ ජාතකවල තියෙන්නේ සක්කිලි ගර්භාෂයක ඒකයි ඔයය. අවුල."
"Pemananda Himi Mallahawe","https://www.facebook.com/pemananda.himi.mallahawe","මුන් දෙන්නම සාසනය කණ්ඩාපු හරක් දෙන්නෙක් මේ වගේ ගොන් ගෙන්නන්ඩ එපා"
"Sumith Sumith","https://www.facebook.com/people/Sumith-Sumith/pfbid02in8Ws6zoUtNGkkTNUzaGeR8qYkmhY3WG1ma6Azgy3gV73CBFryB9UgS6Qfk7Me5Dl","වෛරය වපුරන රාජපක්ෂ නිකායේ සිවුරු හොරු ප්‍රතික්ෂේප කරමු"
"Wasantha Kumara","https://www.facebook.com/wasantha.kumara.52831","තිත්තගල්ලේ දෙබිඩ්ඩෙක් එයා මේ කරන්නේ පොහොට්ටුවේ කුමණත්‍රනයක්"
"Duminda Lakruwan","https://www.facebook.com/duminda.lakruwan.33","[Image Attachment]"
"SG Jayasena","https://www.facebook.com/sg.jayasena.185771","මහනායකල කරන්න ඕනෙ ධර්ම සංගායනාවක් තියල මේ වගේ ප්‍රශ්න නොවෙන්න නීති හදන එක.එහෙම නැතිව හිරගේ යන අසික්කිත චීවර ධාරීන්ට සහන package ඉල්ලන එක නෙමෙයි.චීවරයක් දාගෙන බන්ධනාගාර බස් එකට නගින කොටම මුලු මහත් සමාජයටම, බුදු දහමට, වෙන්න තියෙන ලැජ්ජාව, පීඩාව, පිලිකුල අපහාසය වෙලා ඉවරයි.දැනට ඔය ඇදුමෙන් ගියාම මාංචු දාන එක විතරයි වැඩි වෙන්නෙ. පිනට බත් කන හරි මෝඩ චීවරධාරීන්ට ඕක නොතේරේනව නෙවෙයි.මෙතන තියෙන්නෙ පරාජිත තක්කඩි දේශපාලකයන්ගේ රාජ්‍ය බලය අතට ගැනීමේ කුමන්ත්‍රණයක්. නිකමට හොයල බලන්න කතෝලික පියතුමකු වෙන්න වසර 16 ක් විතර ඉගෙන ගන්න ඕනෙ.ඒකෙන් ලොකු පරිණත බවක් විනයක් හැදෙනව.එයාලගෙ ප්‍රශ්න ඇති.හැබැයි අහු උනේ ගමන් ලෝගුව ගලවනව.මේ වගේ මාධ්‍ය සාකච්ඡා දෙපිලකට බෙදිලා තියන්නේ නෑ.සිල්වත් භික්ෂූන් වහන්සේලා 10% ක් ගෙන් විතර තවම මේ සාසනය රැකිල තියෙන්නෙව.රජය මැදිහත් වෙලා විනය සහ පැවත්ම සදහා වහාම නීති රීති සැකසිය යුතුයි."
"Sangeeth Perera","https://www.facebook.com/sangeeth.perera.397","අනේ තිත්ත ගල්ලෙ උබ සින්හලද බං"
"Nuwan Indika","https://www.facebook.com/nuwan.indika.200069","ඇස් පානා පිටම මෙ වගෙ බොරු කියන් තිරිසන් බාල්ලන්වා සාසනයෙන්ම එලවලාම දන්න ඹනෙ සාක්කි ලියා කන්න නැතුව මාහන කරපු තිත්තගල්ලෙ බාල්ලා"
"Lalith Manjula","https://www.facebook.com/lalith.manjula.98","තිත්තගල්ලෙයගෙ අම්ම බල්ලෙකුට කකුල්දෙක පලල්කරපු එකයි අවුල"
"Anura Herath","https://www.facebook.com/anura.herath.56","කනපලන්න ඕන වේසිගෙ පුතාගෙ, හතරහන්දි කඩන්න ඕන පකයගෙ තිත්ත ගල්ල ගොන් කැරියා, මුන්ගෙ සිවුරු ගලවල ඇටදෙකෙන් එල්ලන්න ඕන"
"Lasantha Wijelath","https://www.facebook.com/lasantha.wijelath.2025","මහනායකලා මුන්ගේන් සාසනය බේරගන්න"
"Tasan Ranasinghe","https://www.facebook.com/people/Tasan-Ranasinghe/pfbid0VxxTnQZjCcCyESyNr2EdWFtLmDVkiaLPKdVw78t5uf2CHSogHvStuTEQ8JEFHmcJl","තොගෙ වස්කවිය රෝල් කරල  ගහපිය තොගෙ"
"Asanka Batagalla","https://www.facebook.com/asanka.batagalla.2025","දකින තැන කෙලෙ ගහලා එලවන්ඩ ඕන ඔය තිත්ත පකයව"
"Indrajith Wijesekara","","තිත්තගල්ලේ තොගේ අම්මට"
"Sahan Sahan","https://www.facebook.com/sahan.sahan.358377","තිත්ත ගාල්ල කියන්නේ බල්ලෙක් උ පොන්න වෙසිගේ පුතෙක්"
"Nirmal Seneth","https://www.facebook.com/nirmal.seneth","Thirison thithaya"
"Dinesh Madu Dinesh","https://www.facebook.com/dinesh.madu.dinesh.2025","තෝපී සාසනය රැකගෙන ඉන්න විදියට සීල් රැකන් ඉදපියව් නැත්තම් දාලා පලයව් කාලකණ්ණි 😀😀"
"Suraj Kumarasiri","https://www.facebook.com/Suraj.Kumarasiriii","තිත්තගල්ලෙ එකා දන්නෙ නෑ හුත්තිගෙ පුතා කිව්වම ඒක අම්මටත් එක්ක කියන එකක් කියල. මොකද මේකයි හරිතැනින් හරි විදිහට එපදුනු කෙනෙක් ඒක දන්නව තිත්තගල්ලෙ වගේ සොමියට ගහල කරුමෙට හිටල රෙනකොට වැටුනු එකෙක් ඒක දන්නෙ නෑ. ලගදිම මේ සිවුරු දාගත්ත කාලකන්නි හොර රාජපක්ෂ නිකායෙ බත් බැලයන්ටනම් එලව එලවා ගහන්නත් වෙනව."
"Nihal Chandrasiri","https://www.facebook.com/nihal.chandrasiri.35","සංඟ පාතාලය..... මීළඟ පාතාල නායක....."
"Sumith Rupasinghe","https://www.facebook.com/sumith.rupasinghe.71","තිත්ත ගල්ලෙ මුට මුගෙ අම්ම නියම නම දාලතියෙනව  කාලකන්නි ගන හැත්ත මුට සාටකෙකැත් දාගත්තනම් අංග සම්පුරනයි🤣🤣🤣🤣🤣🤣🤣🤣🤣🤣🤣"
"Lahiru Madhusanka Samarakoon","https://www.facebook.com/lahiru.madhusanka.5","සංඝ  සම්ලේනයක් තියලා  හරි නම් කර  යුත්තේ මේ ශාසනය සිවුර පොරවන් දේශපාලනය  කරන තක්කඩි සහා සංඝ පතාලයෙන් මේ  රට  ආරක්ෂා  කිරිමට  පෙරමුන  ගැනිම නොවේද"
"Udika Srimal Malavige","https://www.facebook.com/udika.malavige","ඊලග සංඟ පාතාල නායක තිත්ත ගල්ලේ"
"Prasanga Deepasika","https://www.facebook.com/prasanga.deepasika","මේ වගෙ අසත්පුරුෂ ****** මේ පූජනීය සිවුරෙ  ගෞරවය කෙලසනවා... අපි කොහොමද බෞද්ධයො හැටියට මුන්ට වදින්නෙ, ගරු කරන්නෙ."
"Ho Pe","https://www.facebook.com/people/Ho-Pe/pfbid0cco7oCQPHdLNoDkbhV6y8xW9gJvdPWwHxMTfmQ5Jb51wqSZoK4N2uD2kVQT7tkN8l","බෞතිස්ම උන සුද්ත්ත සිවුරක් ඇදන් මොකද්ද මේ කරන්නෙ 🤣 තිත්තගල්ලෙ එක්ක සුදත්ත කියනව වගේ අමුඩෙයි 🍑 වගේ නේද හිටියෙ. සුදත්ත අම්මට කොච්චර ආදරේ උනත් අම්මව තිත්තගල්ලෙට විකුණන් කන්න දුන්නනෙ 🤣 ලබුනෝරුවෙ හාමුදුරුවන්ට මඩ ගහන්න අම්මව යොදාගන්න දීලා අම්මව චාටර් කරපු මරු සුදත්ත පුතා"
"Sarath Edirimuni","https://www.facebook.com/sarath.edirimuni","තිත්තය උබේ අම්මට හරියට  ජාතක වෙච්ච එකෙක් නොවෙයි  තොගේ අම්ම ගහක් යට රෙනකොට වැටිච්ච සක්කිලියෙක් බල්ල ☝☝☝☝☝☝☝☝"
"Ruwan Weerasinghe","https://www.facebook.com/ruwan.weerasinghe.220004","ඇත්තටම චැනල් වලට මේ වගේ නිඝන්ටයෝ ගෙනහල්ලා උන්ව තවත් ෆෝම් කරන්න එපා, මුන්ගෙ සිවුරු ගලවලා ගෙදර යවන ක්‍රමවේදයක් හදපියව්"
"Samith Hemasiri","https://www.facebook.com/samith.hemasiri.1","තිත්ත හුත්තෝ තෝ අපෙ ගමේ උනානම් ගහල එලවන්නෙ"
"Sagarika Wickramanayaka","https://www.facebook.com/sagarika.wickramanayaka.2025","මූට ජනතාව එකතුවෙල  ගල් ගහන්න..ඕනෙ..තිත්තගල්ලෙල  මේ ශාසනයට වැඩක් නැහැ. මොකද මේ වගේ කහකඩයි පන්නල. දාන්න ජනතාව ආඅන්ඩුව කටයුතු කරන කාලෙ එලබිලා.මුන් සිවිර විනාස කරනව.මුන් කතාකරන හැටි දන්නෙ නැහැ නේද?"
"Shashi Madusanka","https://www.facebook.com/shashi.madusanka.99","කැම්රියාගේ කන පලන්න ඕන"
"Damith Gamage","https://www.facebook.com/damith.gamage.399519","තිත්තගල්ලෙ කියන්නෙ කැරිම වේසිගෙ පුතෙක් මුන්ගෙ සිවුර ගලවල එල්ලන්න ඕන"
"Saynum Saynum","https://www.facebook.com/saynum.saynum.1","එෙහමනැතිවු.ෙනාත්ඤානසාරට.වුන ෙද්ෙමියාට ෙවිවි.ජගිය.පිටින් තමයි.ඉන්න ෙව.ෙවින්ෙන"
"Rukshan Muhandiram","https://www.facebook.com/shan.xz.3","අම්මට හුකෝල ගන්නේ මට එහෙම කිවන්න්.පරිස්සම්නින් හිතපන් තිට්තගල්ල පකය"
"Lalith Senevirathne","https://www.facebook.com/lalith.senevirathne.39","තිත්ත ගාල්ලේ කැරියා අම්මා ගණිකාවක්.මාළු කාරයො පූලිමේ හුකනවා."
"Karunarathna Karu","https://www.facebook.com/karunarathna.karu.26727","තිත්තගල්ලෙ පකයා තො ගෙඅමිමාට"
"Suranga Sampath","https://www.facebook.com/suranga.sampath.29475","අහෝ තිත්ත ගල්ල නොදුටු  මොක් පුර."
"Chamila Jayarathna","https://www.facebook.com/people/Chamila-Jayarathna/pfbid035CBmERqJsDLD3TGLXjF5feiT2ekJKk5Bf5SLkXmTtDmX6DoP1RiDeRjm6neuARH8l","තිත්ත ගල්ල තිත්තම වෙලා. අප්පිරියයි අප්පිරියයි. කාලකන්නි මිනිහෙක් බලපුවහම"
"Chamila Jayarathna","https://www.facebook.com/people/Chamila-Jayarathna/pfbid035CBmERqJsDLD3TGLXjF5feiT2ekJKk5Bf5SLkXmTtDmX6DoP1RiDeRjm6neuARH8l","තිත්ත ගල්ල තිත්ත වෙලා ඉවරයි ඉවරයි. ආයේ සෝදන්න දෙයක් නෑ නෑ. උඹ මොන තැනක ගිහින් මොනවා කිව්වත් මිනිස්සුන්ට උඹ එපා වෙලා වෙලා. උඹේ ශ්‍රාවකයෝ තමයි අපි. උඹල මහා සකට ජාතියක්"
"CK CK","https://www.facebook.com/people/CK-CK/pfbid0bLeCsawQvdm6jscDzgmh85dz4EAFxx3kK31CjSBDkA9EdZjAZerZaZ2nqTEhtEA2l","සක්කිලි තිත්තයා"
"Anura Polwattage","https://www.facebook.com/anura.polwattage.7","අම්මට බැන්නනං අරූගෙ දත්ටික බඩට අරිනවා මම නං තිත්තගල්ලෙ කියන්නෙ රාජපක්ශ පිල්ලියක්.ගලගොඩයගෙ දෙක.."
"Kapila Abeywickrama","https://www.facebook.com/kapila.abeywickrama.2025","කැරි වෙමින් පුතා තිත්තගල්ලයා.මහින්දගෙ අසුචි කාපු කැරියා."
"Upul Kumara","https://www.facebook.com/upul.kumara.649464","දරුවෙක් අවජාතක වූ පමනින් මහණ නොකරන්න.ප්‍රතිඵලය මෙසේ විය හැක.තිත්තගල්ලයත් තනිකරම අවජාතක කාලකන්නි බල්ලෙක් ."
"Palitha Kapuruge","https://www.facebook.com/people/Palitha-Kapuruge/pfbid0zNifYG1JSLpYisbo4qvTvvUVYmMAvX69p8NaN4rjJMEsbioK2AqYKHT3CBQTvEnml","මේ සාසනය කන්නේ මේ සිවුර දාගත්තු ගොන් හරක් අමුම අමු සෙවලයෝ මුන්ට අහින්සක මිනිස්සු සමිබෝලයි  බතුයි කාල මුන්ට හොද දනෙ වෙලක් දෙනව ධර්මය ප්‍රචාරය කරන්න මේ අපතයො කරන්නේ එක කාල  බඩු ගැහිල්ලයි පරුස වචන කිමයි දුසනකරපු පඩත්තරයො රැකිමයි තොපි එන්න එපා ගිහියන්ට බන කියන්න හිපාටුව"
"Anura Dissanayaka","https://www.facebook.com/anura.dissanayaka.660755","කැකිරාවේ හාමුදුරුවනේ මං ඕකත් එක්ක ඉන්නවා දැක්ක පලමු දවසෙම කීවා ඔය බල්ලගෙන් පරිස්සම් වෙන්න කියලා ඕකා දස කැරි බල්ලෙක්"
"Rathna D Widdiya","https://www.facebook.com/lucasandrew.vidyaratnadon","රාජපක්ෂ නිකායේ"
"Rangiri Rangiri","https://www.facebook.com/weerasekare.bandara","ඕකා තිත්තගල්ල නෙවෙයි.. හුත්තේගල්ල ප.... යා"
"Sadun Priyantha","https://www.facebook.com/sadun.priyantha.372842","උන්ගේ අම්මට හුකන්න මුන් හාමුදුරුවොද  අවජාතක බල්ලො හුකල ජාතක වෙච්ච කාලකන්නි"
"Ananda Siriseana","https://www.facebook.com/ananda.siriseana","තිත්තයගෙ අවාරෙ ඇවිත්........උගෙ සකලමනා සියල්ල අරන් තවලමේ යන්න ලෑස්ති වෙලා .......අහෝ දෙව්දත් නොදුටු මොක්පුර ......."
"Pamudi Nihansa","https://www.facebook.com/champrox.chaminda","කැකිරවේ උදව් අරගෙන තිත්තගල්ලේ හමුදුරුවොන්ගේ උදව් කරපු හමුදුරුවොන්ටම කෙලිනවා නේ කැකිරවෙ කපටි පරයෙක්"
"Nimal Hettiarachchi","https://www.facebook.com/nimal.hettiarachchi.16","තිත්ගල්ලෙ නෙවෙයි  මොන ප..වෙක් උනත්  අම්මට  බැන්නන් ඌ එදාවිතරයි කටෙන්  බත්කන්නෙ  පාහර  බල්ලො"
"Laxman Dasanayaka","https://www.facebook.com/laxman.dasanayaka.54","බුදුදහමට මොකද වන්නේ කියල මටදුකයි"
"Jayantha Jayantha","https://www.facebook.com/people/Jayantha-Jayantha/pfbid02rZPNcXZZWGmkwuY24Zxfroe7nFDaPHnASVNfG4Rpf1EDksF38z4MHxkPr4AicrR7l","මේ තිත්තගල්ලෙ ආගමත් බෙදල වෙන්කරල විනාසකරනවා"
"SG Jayasena","https://www.facebook.com/sg.jayasena.185771","නොදකින් අවජාතක තිත්ත ගල්ලෙ බල්ල.මුන්ව සාසනෙන් නෙරපන්න නීති රීති වහාම ගේන්න ඕනෙ."
"Sunnda Muthunyaka","https://www.facebook.com/sunnda.muthunyaka","තිත්ත ගල්ල උබගෙ අම්මට රාජපක්ෂලා කෙලින එක හරිද"
"P Arachchige Nihal","https://www.facebook.com/parachchige.nihal","තිත්තගල්ලෙය කියන්නෙ  මහ පගයෙක්නෙ බලාගෙන යනකොට."
"Roshan Madhu","https://www.facebook.com/people/Roshan-Madhu/pfbid0uggBYBKc2fzpydAejAdAkrgyheoV53jiDt9Garcds8Hjy1PFH8hfcqfC41r1K7cYl","ඔය කිත්ත ගල්ලේ නිසා තමා ඥානසාර හාමුදුරුවන්ට සමාව හම්බවෙන්නේ නැත්තේ ජනාධිපතිතුමාගෙන්..."
"Senavirathna Keerthi","https://www.facebook.com/senavirathna.keerthi","ඇයි තිත්තගල්ලෙ බල්ලො  තෝ හුත්තිගෙ පුතාකියන්නෙ අම්මටයි පුතාටයි දෙන්නට හුත්ති කියන්නෙ තොගෙඅම්මටද තිත්තගල්ලෙ බල්ලො"
"Galla Hewage Shamika","https://www.facebook.com/people/Galla-Hewage-Shamika/pfbid0279YjVFndnSDYLJLvM6p3EhosdUregFFxTPM3tEJe5YxXbosXjpoojwCYnoGvZR7Nl","ජෙප්පෝන්ට ඔන මෙක කරවන්න තමයි හාමුදුරුවෝ එපා කරවන්න හදන්නේ."
"Jagath Kulasire","https://www.facebook.com/people/Jagath-Kulasire/pfbid0jtnQxJhYWaq5nnyxPLU2WPPPn41WsGThbBdy5JxCeZqhqXj4Kcz6btBJaFyYhBv9l","අනේ කැරිතින්නගල්ලයේ නො ගේ අම්මව මතක් කරවගන්නේ නැතුව හිට පිය නිගන්ඨ මේ සිගේ පුතා"
"Sudarshana B Mudiyanse","https://www.facebook.com/su.basnayaka","ලගක ඉදියා නම් කන පලනවා පකයගේ.. අම්මට බනින එකට"
"Ananda Yatapana","https://www.facebook.com/ananda.yatapana","පංසල් වල ඉන්න සිවුරු හොරුන්ගේ  වත ගොත  ප්‍රදාන මාද්‍ය වල  දමාපල්ලා  රටටම දැනාන්න  පර හැත්ත"
"Sudath Edirisinha","https://www.facebook.com/people/Sudath-Edirisinha/pfbid02wBAoFUAwsGiPxhonf7e7SwJoXzjv6bwsB5rYgjxkGQRNNQzdEMfkcdRPEeyiaa7jl","මේ වේසිගෙපුතාලාව ගහල පන්වන්න ඕනෙ රටෙනුත්"
"Nilanga Lakmal","https://www.facebook.com/people/Nilanga-Lakmal/pfbid02vXvs9bSu8fD5uNB4cJbC4ci5i4erPnxJTRgJXAjh9bVTd34K9aZowdskDdspQUgzl","අම්මට හුකවන්න ඕන තිත්ත ගල්ලේ පකයො උඹට"
"Nelson Weerasinghe","https://www.facebook.com/people/Nelson-Weerasinghe/61590176564781","තිත්තගල්ලෙ පකයට සිංහල තේරෙන්නෙ නෑ"
"Chami Rathnawedhaarachchi","https://www.facebook.com/profile.php?id=1721155369","මේ වගේ පාකයෝ හිටියොත් එහෙම සාසනයක් නෙමෙයි අපිට බලාගන්න වෙන්නේ ඉස්සරහට"
"Wmwbanadara Wmw","https://www.facebook.com/wmwbanadara.wmw","පකයෝ හුත්තිගේපුතා කියන්නේ  අම්මට බනින එකනෙවෙයිද"
"Sanjiwa Guruge","https://www.facebook.com/gayan.gamge.2025","ඕක ගෝතයා තිත්ත හුත්තේ පකය ඕක සාසනෙන් පන්නන්න ඕනි ගෝතයා"
"රුවල් සිත්තම්","https://www.facebook.com/rasangabuddhika","මේ තිත්තගල්ලෙ ගොන් කැරිය එක්ක වාද කරන්න යන්න එපා ඔබ වහන්සෙට ගැලපෙන්නෙ නෑ. මූ මොකෙක්ද"
"Thilanka Bandara","https://www.facebook.com/hthilanka54","වත්මන් ආණ්ඩුව නිසා..... කාගෙ කාගෙත් පැටිකිරිය එලියට එනවා......"
"Nelum Madhu Shan","https://www.facebook.com/madhu.shan.141175","මුන් අනේ මන්ද හාමුදුරුවෝන්ද කියල හිතෙනෝ. මුන් මේ මොකුන්ද සිවුරු දාන් ඉන්නෙ. අනුරකුමාර ජනාධිපති කරන කියන වැඩේ හරි බලන් ගියාම මුන් මේ සිවුර පොරවන් කරන්න තියන හැම කැරි වැඩේම කරනවනේ. මුන්ට වෙනම නීති හදන්න ඕන් නෑ. මුන් සාසනෙන් පන්නන්න ඕන. නැත්නම් බුද්දාගම කියල මුන් කරන කියන ඒව හරිද?"
"Thushi Bopege","https://www.facebook.com/thushi.bopege","භික්ෂු, භික්ෂුණි, උපාසක උපාසිකා සිව්වනක් පිරිස එකතු වෙලා නම් බුද්ධ ශාසනය ගොඩනැගෙන්නේ, බුද්ධ ශාසනය විනාශ කරන චීවරධාරීන්ට විරුද්ධ වීමට උපාසක උපාසිකාවන්ට නොහැකි වෙන්නේ කෙසේද? උපාසක උපාසිකාවන් නැතුව සංඝ සාසනය ආරක්ෂා වෙන්නේ නෑ."
"Chiranjaya Prasad Obeyesekere","https://www.facebook.com/profile.php?id=100008935243196","මොකද්ද මේ චැනල් එක?? ඇයි මේ වගේ දේවල් සමාජගත කරන්නෙ??මේ දෙන්නම මම හඳුනන්නෙ නැහැ. නමුත් දෙන්නම සිව්රු දරාගෙන ඉන්නෙ. වෙනත් ආගමිකයන් දකිණ විට අපිටමනේ හරි නැත්තෙ. මෙය  බෞද්ධයන් හට නිගරු කරන්න කවුරුහරි උවමනාවෙන්ම කරන දෙයක් වගේ."
"Sumedha Manike","https://www.facebook.com/sumedha.manike","තිත්තගල්ලයාට පිස්සු තදවෙලා."
"Hiruna Sadaru","https://www.facebook.com/profile.php?id=100077389274675","මුං ගහමුද බං.😂😂😂"
"Prasad Priyadarshana","https://www.facebook.com/prasad.priyadarshana.5","Lokkage golayek ne Hari nr"
"Bmsd Basnayaka Basnayake","https://www.facebook.com/people/Bmsd-Basnayaka-Basnayake/pfbid02oNiGHpJfddLNrwMzJGxsdTQSfjr5nyNerywFFZJ32UcXTVFCW3DSthamsmMpjyejl","තිත්තගල්ලේ  කියන්නේ අමු සතා"
"Anu Weerasingha","https://www.facebook.com/profile.php?id=61566142391880","[Image Attachment]"
"Anu Weerasingha","https://www.facebook.com/profile.php?id=61566142391880","[Image Attachment]"
"Nirmal Seneth","https://www.facebook.com/nirmal.seneth","Ponna thithaya"
"Janaka Nandasiri","","තිත්තගල්ලයගෙ අම්මට කියලා අපිටත් බනින්න වෙනවා"
"Rasika Karalliyadda","https://www.facebook.com/rasika.karalliyadda","කැ...රි තිත්තගලේ ගොන් ප්...කයා"
"Kumaara Siri","https://www.facebook.com/kumaara.siri.2025","රාජපස්සලගෙ දඩ බල්ලා තිත්තයා"
"Lalith Perea","https://www.facebook.com/lalith.perea","Ow thitisanek thiththaya"
"Nsb Herath","https://www.facebook.com/people/Nsb-Herath/pfbid036vDst5AsFaxYb57xMCDBK7fxd8D7cwtm2BK2mm5cdCemqGMG9uNiXyNuWZQrarZVl","මේ වීඩියෝව හැකිතාක් share කරන්න"
"Sakuni Saku","https://www.facebook.com/sakuni.saku.908","තිතගල්ලෙ සක්කිලි 🐕‍🦺🤮🤮🤮🤮"
"Pasan B. Gamage","https://www.facebook.com/pasan.buddhika.79","තිත්තය මෝඩයෙක්..."
"Ushan Indika Hettiarachchi","https://www.facebook.com/loku2325","තොගේ අම්මට අපිනේ බනින්නෙ කාලකණ්ණි 😢"
"Ushan Indika Hettiarachchi","https://www.facebook.com/loku2325","දේශපාලනයට එන මුන් නම් මහා වදයක් කාලකණ්ණි 😢"
"Nayana Vithanage","https://www.facebook.com/nayana.vithanage.35","තිත්ත ගල්ල ෙහාර තක්කඩිය ෙතාපි මහන ෙවල හිටපිය"
"Prasanna Dasanayaka","https://www.facebook.com/prasanna.dasanayaka.530877","කාලකණ්ණි හැත්ත"
"Jerome Peiris","https://www.facebook.com/profile.php?id=61565207253561","[Image Attachment]"
"Jerome Peiris","https://www.facebook.com/profile.php?id=61565207253561","[Image Attachment]"
"Risitha Ransara Liyanage","https://www.facebook.com/risitharansara","මුන් නේ මේ සාසනේ රකින්න ඉන්නේ ගහන්න ඕන දඩු කදේ පර ඝණ ගෙඩියෝ ටික 🤮"
"Dammika Hettiarachchi","https://www.facebook.com/dammika.hettiarachchi.196688","කැකිරාවේ සුදස්සන කියන්නේ ත් තිරිසන් සතෙක් තමයී"
"Gayan Athulathmudali","https://www.facebook.com/gayan300online","මේ උද්දික පුතාගේ සිවුර ගලවලා නිගන්ටයෙක් වගේ යවන්න ඕනේ නුගේගොඩ පැත්තට ගෙන්නලා."
"Nilmini Kaluarachchige","https://www.facebook.com/nilmini.kaluarachchige","කැකිරාවේ හාමුදුරුවන්ට මං එදත් කිව්ව අදත් කියනවා මනුස්සයෙකුට වුනත් බල්ලොත් එක්ක නිදාගත්තොත් නැගිටින්න වෙන්නේ මැක්කොත් එක්ක.  දැන් ඔබ වහන්සේට වෙලා තියෙන්නේ ඒක. දැන්වත් කරුණාකරලා බල්ලොන්ගෙන් ඈත් වෙලා ඉන්න. හාමුදුරුවනේ තිත්තගල්ලේ වගේ එවුන් දන්න දහමකුත් නෑ. දන්න ටිකත් අවභාවිතා කරන එක තමයි කරන්නේ.  තමන්ගේ පහසුව තමන්ගේ මල්ල තර කර ගැනීම වෙනුවෙන් දහම අවභාවිතා කරන ප්‍රධානම එවුන් දෙන්නගෙන් එකෙක් තිත්තගල්ලේ . අනිත් එකා සමන්ත බඩ්ඩ ඒක නිසා කැකිරාවේ හාමුදුරුවෝ වගේ ගවේෂණශීලී සත්‍ය කතා කරන ස්වාමීන් වහන්සේලාට ඕවගේ එවුන් ගැලපෙන්නෙ නෑ"
"Sa Weerasingha","https://www.facebook.com/sa.weerasingha.199053","කාලකණ්නි පාහර බල්ලා රටට පුදුම හෙණයක් මේකා...."
"Sujeeva Ranasinghe","https://www.facebook.com/sujeeva.ranasinghe","[Image Attachment]"
"Priyantha Sampath","https://www.facebook.com/fdfssa45asd","තිත්තගල්ලෙ කියන එකා පස්සේ යන හරකුත් ඉන්නවා නෙ. පෙනවා නෙ මුගෙ හැදියාව 😏"
"ゲハン カウシカ プリヤシャンカ","https://www.facebook.com/people/%E3%82%B2%E3%83%8F%E3%83%B3-%E3%82%AB%E3%82%A6%E3%82%B7%E3%82%AB-%E3%83%97%E3%83%AA%E3%83%A4%E3%82%B7%E3%83%A3%E3%83%B3%E3%82%AB/pfbid0vdiduZM7mYYENdNp4YD7ztyoknhoAp7e6yxZVK7hoDBJdSrsbEaKB5bPws8ogWt4l","https://www.facebook.com/share/v/18FjZq7XMf/ රට බේරගන්න උන් මේක බලපල්ලා😂"
"Ruwani Wijekoon","","කාලකන්නියෙක්... කෝ මෙි මහානායක හාමුදුරුවරු"
"Akalanka Akalanka","https://www.facebook.com/people/Akalanka-Akalanka/pfbid02AvQRCAdtQ81JJ5swv2D46kZnGXeac8bSSbeyKoJGjvEVhMjQkCBk5imA1JLrXeLul","තිත්තගල්ලයා  කියන්නෙ  අමු සක්කිලියෙක්  මුන්ට දානෙ දෙන මිනිසුන්ට  ඇත්තටම පිස්සු     මුන් පන්සල් වෙල තියාගන්න එපා  ගහගහා එලවපියව්  මුන්ට ගැහුවට පවු නෑ. තිරිසන්ම තිරිසන් සක්කිලියා   මූ සාසනෙ විනාස කරපු ගස් බල්ලෙක්"
"Sri Rk","https://www.facebook.com/sri.rk.513002","[Image Attachment]"
"Sri Rk","https://www.facebook.com/sri.rk.513002","[Image Attachment]"
"Sri Rk","https://www.facebook.com/sri.rk.513002","[Image Attachment]"
"Sri Rk","https://www.facebook.com/sri.rk.513002","[Image Attachment]"
"Sri Rk","https://www.facebook.com/sri.rk.513002","[Image Attachment]"
"Sanjeeva Kumara","https://www.facebook.com/sanjeeva.kumara.921677","[Image Attachment]"
"Sanjeeva Kumara","https://www.facebook.com/sanjeeva.kumara.921677","[Image Attachment]"
"Buddhika T. B. Etampawala","https://www.facebook.com/Etampawala","තිත්තගල්ලයා අපේ මූනට හම්බනොත්නම්....."
"Sumanasiri Jayanath Kumara","https://www.facebook.com/sumanasiri.jayanathkumara","කල්ල තොනි ඇත්ත"
"Sumanasiri Jayanath Kumara","https://www.facebook.com/sumanasiri.jayanathkumara","කැකිරාවෙ කියන්නෙ පල්ලි යන පොරක් හරිද මූ මහාණ වෙලා තියෙන්නෙ අන්ආගමිකයාන් ගෙ සල්ලි වලට කඩෙ යන එකෙක් මූ සිව්ර පෙරවගෙන ඉන්නෙ උතුම් බූද්ධ දර්ශනය විනාශ මූන් ඇවිල්ලා කල්ල තොනි මිනිස්සු මෙවා හොද බූද්ධියෙන් හිතන්න ඕන අපෙ සිංහල බෞද්ධ යාලූවෝ මෙක සිංහල බෞද්ධ රටක් එක රැක ගැනීම අප සතු යුතුකමකි නැත්නම් වෙන්නෙ ඔයාලාගෙ ළමයින්ට රටක් නැති වෙයි මෙවා හොදට බූද්ධියෙන් හිතන්න ඕන"
"Suresh Pussella Pussella","https://www.facebook.com/spussella","සාසන භක්ෂක සිවුරු රදවන නොදකිං"
"Duminda Ashan","https://www.facebook.com/ashan.bandara.505","🤮"
"Susan Kahangamage","https://www.facebook.com/susan.kahangamage","Thiththa galle thiresana"
"Wimal Rathnayake","https://www.facebook.com/wimal.rathnayake","මූගේ තට්ටේ පලන්නට ඕන.සක්කිලි බල්ලා"
"Patrick Rodrigo","https://www.facebook.com/profile.php?id=100008354499434","බැලුවහම තිත්තගල්ලය ජරා සතෙක්.සුඛෝපභෝගී ජිවිතයට හුරු උනාම අධ්‍යාත්මය පිරිහෙනව.අන්න ඒකයි ඇත්ත."
"CK CK","https://www.facebook.com/people/CK-CK/pfbid0bLeCsawQvdm6jscDzgmh85dz4EAFxx3kK31CjSBDkA9EdZjAZerZaZ2nqTEhtEA2l","මුන්ගෙ සිවුර ගලවන්න ගනයොන්ගේ නීතියක් නැද්ද"
"Danstan Kariyawasam","https://www.facebook.com/danstan.kari.7","මුන් මේ පිස්සු වැටිල ඉන්නෙ  අඩියක් ගහල බඩුවක් ගහන් ඉන්න නැති වෙච්ච එකේ අමාරුව ...ඇට තලන්න ඕන සක්කිලි තිත්තයගෙ"
"Leel Mangalagama","https://www.facebook.com/people/Leel-Mangalagama/pfbid09LT7myguz1n3njM2YPu3uUfecmi3zmWsPJisdrjuW2bDR5HgQrDmz2uzSVcX9gxJl","Thihgla wall 🐕 la"
"Lakshan Senarathna","https://www.facebook.com/lakshan.senarathna.634922","සුදා       මැද     ඉදන්      දෙපැත්ත  කොටෝනවා  . තිත්තගල්ලයා  මහන කලා නමිි  හොදයි නේද                 සුදා අයියා 😂😂"
"Roshan Samarathunga","https://www.facebook.com/people/Roshan-Samarathunga/pfbid06y4gmnbLFeApBE1Vha2zqKZnd8RfLUKac1wJ6KtLvfd2CvtsJEKrFHr8nSe6p2NNl","මුං හාමුදුරුවෝ නෙමයි කහ රෙද්දක් පොරවා ගත්ත වසලයෝ මුන්ට වදින උන්ට ගහන්න ඕනේ😭😭😭😭"
"Ishan Gressy","https://www.facebook.com/ishan.gressy.585","Mu gnanasara ge kukku ballek 😩"
"Pamudi Nihansa","https://www.facebook.com/champrox.chaminda","කැකිරවේ තඩි කපටියා උබ උදව් අරගෙන සල්ලි වලට පවදෙනවා"
"Pamudi Nihansa","https://www.facebook.com/champrox.chaminda","Kakirawee ammath vikunan kavi"
"Sugath Nandanatha","https://www.facebook.com/sugath.nandanatha","තිත්තයට ආයෙ කිසිම වාරයක් එන්නෙ නෑ 🤣🤭 ඇත්තටම තිරිසනෙක් මූ ..නානසාරගේ අනුප්‍රාප්තිකයා හැටියට ගැලපෙනවා 🤣"
"Sumith Priyashantha","https://www.facebook.com/sumith.priyashantha.94","මහනායකල බුදි හින්ද හොදයි."
"Upul Priyankara","https://www.facebook.com/upul.priyankara.31105","[Image Attachment]"
"Chandana Weerasooriya","","මු හෙන චන්ඩියක් නේ"
"Mayura Nuwan","https://www.facebook.com/mayura.nuwan","ලංකාවෙ ක්‍රිකට් එකට උනදේමයි ශාසනේටත් වෙන්නෙ 😔"
"Kevin Foster","","Tittagalle Kariya"
"Kulasiri Karunarathne","https://www.facebook.com/kulasiri.karunarathne","Thithaya nidan horek."
"Pmd Prasanna","https://www.facebook.com/pmd.prasanna.5","පිස්සො දෙන්නෙක් ඇයි මේ මිනිස්සු ගැන විනය තීරන ගන්නෙ නැත්තෙ මහානායක හාමුදුරුවරු"
"Divan Rathnayaka","https://www.facebook.com/divan.amila","Shalika Madusanka"
"Tharindu Lakmal","https://www.facebook.com/tharindu.lakmal.1044","පිසෙක්නෙ තිත්තෙ."
"Tharanga Gunarathna Ranga","https://www.facebook.com/profile.php?id=100002934064797","මේකා හාමුදුරු කෙනෙක්ද නැත්තං පාතාල මැරයෙක්ද.... ඤානසාර හාමුදුරුවො හොදයිනේ යකෝ..."
"Chaminda Ranbandara","","තීත්ත ගල්ල  කියන්නෙ සමජ විරොදි   ම¿දමුලනෙ   දෙසපාලනයක්  සමග ද¿න් වියරු  ව¿ටිලා ඉන්නෙ අමුම අමු පිස්සෙක්"
"Leon Fernando","https://www.facebook.com/liyon.fernando.73","Thiththath httpek thama 😂😂😂😂 Wesa katak thiyenne"
"Chandika Thenuwara","https://www.facebook.com/chandika.thenuwara.1","🤮🤮"
"Dumith Yatawara","https://www.facebook.com/people/Dumith-Yatawara/pfbid0uiXs3d9mp9api5ThHdciezTq38V54PEccyddWEsJU3YdDejEHeivq7GDqVWL8nCLl","[Image Attachment]"
"Prabath Ranaweera","https://www.facebook.com/namal.prabath.9","ඔය හු පුතාලට රඟන්න දෙන්න හොඳ නෑ 😡"
"දිලීප් හන්සන","https://www.facebook.com/people/%E0%B6%AF%E0%B7%92%E0%B6%BD%E0%B7%93%E0%B6%B4%E0%B7%8A-%E0%B7%84%E0%B6%B1%E0%B7%8A%E0%B7%83%E0%B6%B1/100075151801114","තිත්තගල්ලය මූ හොර ඝනයෙක් මූ හොරාට. සිවිර දාගත්ත බල්ලෙක් මූගේ සිවුර ගලවලා ගහන්න ඕන"
"Pamudi Nihansa","https://www.facebook.com/champrox.chaminda","බනින උන් තිත්තගල්ලේ පන්සලට ඇවිත් බලපල්ලා කරන වැඩ.තොපි වැඩක් කරන්නෙත්  නෑ කරන මිනිස්සුන්ට මඩ ගහා ගහා ඉන්නෝ.."
"Nimmi Angala","https://www.facebook.com/people/Nimmi-Angala/pfbid0YPjEDeRDsFWuZ2WFGGFjevoAYoGAKjhDsxiMfrLjZEjCXML7SnM4fDif45pLXBgTl","හොර සිවුරු ගනයෝ ටික එකතු වෙලා තමයි  රට වැසියා  ගොනාට අන්දගෙන  ගේම  ගහන්නේ"
"Pamudi Nihansa","https://www.facebook.com/champrox.chaminda","කැකිරාවේ උබලා  මොනවද රටට කරේ කරපු එක දෙයක් කියපල්ලා.තිත්තගල්ලේ හමුදුරුවො කරපු.දැනට කරන වැඩ වලින් දසමයක් කරලා තියෙනවද."
"Sanka Manju","https://www.facebook.com/sanka.manju.94","තිත්තගල්ලේ තිරිසනෙක් සාසනේ කනව පකය"
"Madushanka Ekanayake","https://www.facebook.com/madushanka.ekanayake.1","Sumedha Sampath ඔන්න හාමුදුරුවන්ගේ කතා විලාසේ"
"Mesha Sanuli","https://www.facebook.com/people/Mesha-Sanuli/pfbid0nJTqZX1HtsWQ3HoKUh4wqHgBcaJRscBFryqjqEndUc7fss3AZ3gmBLxZ5EkA7NXvl","අවසන් තුරුම්පුව... ආණ්ඩුව පෙරළන්න නැවත බලයට එන්න ජාතිවාදය ආගම් වාදයයි වපුරලා පරණ හැතිකරය බලයට ගෙන ඒමට සැරසෙයි....."
"Aruna Kumarasiri","https://www.facebook.com/aruna.kumarasiri.792","වරෙල්ල ඉක්මනට ඝන්ටාරෙ ගහන්න ඉක්මනට....😂"
"Chanaka Dahanayake","https://www.facebook.com/chanaka.dahanayake.927","කාලකන්නි තිත්තයා"
"Edirivira Priyadarshana","https://www.facebook.com/edirivirapriyadarshana.darshana","අපි දැන් දගලන්න ඔනි මෙන්න මෙ අයගෙන් සාසනය බෙර ගන්න නෙමෙයිද.."
"Sarath K. Handugala","https://www.facebook.com/sarath.k.handugala","තික්තගල්ල කියන්නෙ #කෙක්"
"Dmanurapriyantha Dm","https://www.facebook.com/dmanurapriyantha.dm","තිත්ත බල්ලෙක්.. රටම කියන වස්කවිය ළගදීම කැරකිලා එනවා බල්ලෝ උබට.. උබලා තමයි බන් රට වනසන්නෙ"
"Amila Henry Henderson","https://www.facebook.com/hederson.ami","Malith Buddika Amarasinghe"
"Kasun Sanjaya","https://www.facebook.com/kasun.sanjaya.334","Mata wage ammata mokuth kiwwa nam oya kari gana pakayage dath tika na ada"
"Ranjala Fernando","https://www.facebook.com/ranjala.fernando.3","දැන්නම් තිත්තයි 🤮🤮🤮"
"Prasanna Madawala","https://www.facebook.com/prasanna.madawala.56","[Image Attachment]"
"Janaka Wathugedara","https://www.facebook.com/people/Janaka-Wathugedara/pfbid0stbhj34PJ7bY43KZDR4b53tRGQNNCAmatT38MPEh3rE6Q5btoqF2y2BbR89Twaupl","තිත්තයාගෙ පරන සතා එලියට අැවිත්.. සුදස්සන හාමුදුරුවනෙ ඔය කහකඩයන්ගෙ චීවරය ගැලවිය යුතුමයි."
"Nuwan Silva","https://www.facebook.com/nuwan.silva.106","Thanikare thirisanek hamuduruwek nemei . Kalakanni lolla"
"C.P. Weerasinghe","https://www.facebook.com/people/CP-Weerasinghe/pfbid02hxjUj9Sca8XUNyLjTCKeNRgMrSbLhv2sEpPSbP4oxZrtaGFM42wHaVoyfsr7vLGBl","තිත්ත්‍යාට guuu ගහල එලවන්ඩ ඕන."
"Abesinghe Mudiyanselage Sanath Madusanka","https://www.facebook.com/sandunprasad.rajapakshamudiyanselage","මේ වගේ සක්කිලි තමා ගෙරි දඩෝරියා වෙනුවෙන් පෙනී ඉන්නෙ 😂😂😂"
"Sudath Gunaratne","https://www.facebook.com/profile.php?id=100002976587363","[Image Attachment]"
"Savithri Kumari","https://www.facebook.com/savithri.kumari.739","තිත්තගල්ලේ  කියන්නෙ  ස්වාම්න් වහන්න්සේ නමක් ද   බුදු දහම  කනවා..."
"Sithara Akash","https://www.facebook.com/people/Sithara-Akash/pfbid0XY39cCNfcyzrXGeES7BtAwTX2K5QoxdQ4UfzyGcpcQuF626o5u5uFwrygZjknaeMl","නානසාර නිකායෙ තිරිසනෙක් .."
"Mahinda Senarath","https://www.facebook.com/mahinda.mahindasenarath","බයියෝ ගෙ නිකායික අමතන  භාෂාව"
"Asanka PA","https://www.facebook.com/asanka.pa.1","Sakkiliyak kiyala panumamma kiyanda puluwan..amu tiita..porak"
"Sampath Bandara","https://www.facebook.com/sampath.bandara.667253","තිත්තගල්ල වගේ  වුන් සාසනයෙන් එලවන්නඔීනි"
"Bandula Dharmasena","https://www.facebook.com/people/Bandula-Dharmasena/pfbid0hQBx7yRwM7ccpbcoZHmqTSCCkaut1us8rGkKTieAHggY7g7Q4FBVZpf1g37yzETtl","ඔය  තිත්ත ගල්ලේ    අවලමා මොකෙක්ද .තිරිසනෙක් නි"
"Somapala Gallage","https://www.facebook.com/somapala.gallage.50","තිත්තය කීයන්නෙ වසලයෙක්"
"Chathu Don","https://www.facebook.com/chathu.don.999465","Mun dynamic hora thaldi"
"Samira Liyanage","","Thugs!!"
"Hannah Hunter","https://www.facebook.com/people/Hannah-Hunter/pfbid0d5szjTaVXTGHGp9ekpWCwd1A1jV6Y95ZvSWgKJx2fu6hhRhGzR4BceSKUwtciSdPl","Do not donation money for this monk"
"Amka Bandara","https://www.facebook.com/amka.bandara","Pake mairhiya"
"Nilan Herath","https://www.facebook.com/nilan.herath.9","Malwatha & others chiefs must take get serious steps to fake Cheeveradayakayo, must remove Thithagallae’s Buddhist robe 👘                I am strong Buddism  believer, Bcos of dirty fake Cheeveradayako  we never go to any Srilankan temples.         We do lot of Charity work, when we come to Srilanka,  but bcos of disgusting 🤮 Cheeveradayo, really disappointed, .                    Respect genuine Maha Sanga 🙏"
"Shandra Mathew","https://www.facebook.com/shandra.mathew","It's shame to see the way they are talking with filthy words. How do they build people. Better to give up that position.😱"
"Kevin Hem","https://www.facebook.com/kevin.hem.2025","Who’s this Thittagalle? What he thinks he is? Take his religious privilege now immediately and send him home. Whatever he earn while being in the temples must be taken back. This guy snore coke"
"Hashan Wijayawardana","https://www.facebook.com/hashan.wijayawardana","Akurala Arachchi baiyange weerayo"
