User Name,Profile Link,Comment
"මහා සිංහ නාදය ","https://www.facebook.com/people/%E0%B6%B8%E0%B7%84%E0%B7%8F-%E0%B7%83%E0%B7%92%E0%B6%82%E0%B7%84-%E0%B6%B1%E0%B7%8F%E0%B6%AF%E0%B6%BA/61594574834983","[Image Attachment]"
"Chandana Rathnathilaka","https://www.facebook.com/chandana.rathnathilaka.5","මහා සිංහ නාදය  සිවුර දාගෙන ළමයි දූසනය  කරනකොට හොර වැඩ කරනකොට බීමතින් රිය පදවන කොට තව තවත් හොර වැඩ කරනකොට ඔය කෑගහන හාමුදුරුවෝ කොහෙද බුදිද"
"Chandana Rathnathilaka","https://www.facebook.com/chandana.rathnathilaka.5","මහා සිංහ නාදය"
"Chandana Rathnathilaka","https://www.facebook.com/chandana.rathnathilaka.5","මහා සිංහ නාදය  දැන් ලංකාවේ තණකොළ කන හරක් නෑ තොපි සිවුරට මුවා වෙලා කරන ජඩ වැඩ  අපේ ඇස්වලට පේනවා ගාන්ටාරෙ වෙනුවට ඇට දෙකෙන් එල්ලන්නේ සිවුරට මුවා වෙලා හොර වැඩ කරන තක්කඩි ගනයොන්ට ඇයට දෙකෙන් එල්ලලා එළියට දාන්නේ"
"Chavihara Deshan","https://www.facebook.com/chavihara.deshan","මහා සිංහ නාදය  ඇබිලිපිටියට නම් එන්නෙපා උකෝලා යවන්නේ තිත්තගල්ලේ ගොන් මෝඩයෝ ඉන්න නගර වලට පලයන් 😹😹"
"فيمال نائب الرئيس","https://www.facebook.com/vimal.vithanapathirana","මහා සිංහ නාදය සිවුර ගලවලා ජම්පරේ අන්දද්දී රිදෙන උන්ට, පන්සල ඇතුළේ අහිංසක කෙල්ලන්ගේ ඇඳුම් ගැලවෙද්දී රිදුණේ නැත!"
"فيمال نائب الرئيس","https://www.facebook.com/vimal.vithanapathirana","ගාල්ල මාතර නම් එන්න එපා අම්මගේ කකුල් දෙක මැද්දෙන් තියලා ගහන්නෙ ආපු තැනින් ඇතුළට යන්න ගෝතයා"
"Danushka Priyadarshana","https://www.facebook.com/danushka.priyadarshana.930628","මහා සිංහ නාදය 😂"
"Lake infinity Luxury condos - Nuwara Eliya","https://www.facebook.com/people/Lake-infinity-Luxury-condos-Nuwara-Eliya/100086602673526","සිවුර ගැලෙව්වේ නීතිය ට අනුව දඩුවම් කරන්න පුද්ගලයකු වරදක් කලාම වරදක් නොකල චීවරයට දඩුවම් දෙන්න බෑ.. මේඅයට අර වයසක උන්නාන්සේ නම් පොඩි කෙල්ලෙක් ගෙ ජන්ගිය ගලවපු එකට කතා කලේ නෑනේ..ඇයි..මොකද ආරන්චි නොවුනාට නෝන්ඩි නොවුනාට මෙයාලා කරන්නේත් ඒකාම තමා...මෛත්‍රී රනිල් කාලෙත් නානසාර හිරේ හිටියේ ජම්පරේ ගහගෙන තමා..හැබැයි කවුරුත් මෙහෙම නැටුවේ නෑ.මොකද දැන් හරියට වැඩේ වෙනවා..හොරුන්ට ගැලවිල්ලක් නෑ..දැන් මොකක් හරි අල්ලාගෙන නටලා රජය අපකීර්තියට පත් කරන්නයි ඕන"
"Dilhan Samarasighe","https://www.facebook.com/people/Dilhan-Samarasighe/pfbid0SLwoDSa27272iFtZXkDVHxh6uHwodSzCzm2JUWr2FLEQr7RLtwziqRZKfqmMhNjtl","මහා සිංහ නාදය  ඕවට යන්නෙ රාජපක්ෂලගෙ කුනු කාපු එවුන් තමයි 😅🖕"
"Dilhan Samarasighe","https://www.facebook.com/people/Dilhan-Samarasighe/pfbid0SLwoDSa27272iFtZXkDVHxh6uHwodSzCzm2JUWr2FLEQr7RLtwziqRZKfqmMhNjtl","Chavihara Deshan එලම බන් 👍"
"Ramesh De Silva","https://www.facebook.com/rameshmenaka.silva","මහා සිංහ නාදය  වරෙන් මාතර...අත්සන ගහනෝ උබේ පුකේ😂😂😂👍👍"
"Umesh Madushanka","https://www.facebook.com/umesh.maudshanks","මහා සිංහ නාදය  mata bya thiyenne me athsan gahagnn gihin me hamuduruwange aiwru galaweida kiyl 😂😂😂😂😂😂"
"Ruby Carter","","මහා සිංහ නාදය 👍"
"තනිකඩ හිත","https://www.facebook.com/people/%E0%B6%AD%E0%B6%B1%E0%B7%92%E0%B6%9A%E0%B6%A9-%E0%B7%84%E0%B7%92%E0%B6%AD/pfbid02LB4cJ5QQQYHnqADFZj1tMQhFG5DTN6fJXMrqSuWhckSURU2UVwsTfoF6ptWzeeDnl","ගාල්ල මාතර නම් එන්න එපා අම්මගේ කිරි කටින් එළියට එන්න දෙන්නෙ වරෙං"
"Kishani Perera","https://www.facebook.com/kishani.perera.2025","මහා සිංහ නාදය 💪💪💪💪"
"Tony Nissanka Nanayakkara","","මහා සිංහ නාදය"
"Palitha Nissanka","https://www.facebook.com/palithanissanka62","Umesh Madushanka 88/89 මිනීමැරුම් කරල නීතියෙන් වහන් වෙන්න බොරුවට සිවුරු පොරවගෙන පන්සල් වල හැංගිලා හිටපු මිනීමරු තක්කඩින්ගේ උවමනාවට මේ රටේ සිදුකරන අමන  ක්‍රියාවන්ට එරෙහි වීමක්.."
"Samantha Karunarathna","https://www.facebook.com/samantha.karunarathna.1291","මහා සිංහ නාදය"
"Dhammika Ileperuma","https://www.facebook.com/dhammika.ileperuma","මහා සිංහ නාදය  ජයවේවා"
"Era Yethmin","","මහා සිංහ නාදය"
"Chamu Fernando","https://www.facebook.com/chamu.fernando.247656","මහා සිංහ නාදය  gallata nm enna epa puthoooo"
"Gihani Asansa","https://www.facebook.com/people/Gihani-Asansa/pfbid0bte82y5NwR49CMndCAgK3ec2fkXsSdPbDgsRNGacWCHUeaAYQCVqW37qaRhE2Kpxl","මහා සිංහ නාදය 🙏🙏🙏"
"Sathima Hemamali","https://www.facebook.com/people/Sathima-Hemamali/pfbid02bcNHxnMu2AC32CMq273TtwMFYomG4ujaNPmJZWLTFGYSNYY2KXNg3eoNrbgrMcfKl","මහා සිංහ නාදය 🙏🙏🙏"
"Sathima Hemamali","https://www.facebook.com/people/Sathima-Hemamali/pfbid02bcNHxnMu2AC32CMq273TtwMFYomG4ujaNPmJZWLTFGYSNYY2KXNg3eoNrbgrMcfKl","මහා සිංහ නාදය 🙏🙏🙏"
"Anjana Jayakody","https://www.facebook.com/anjana.jayakody.37","මහා සිංහ නාදය  b"
"Kavindu Gayasiri","https://www.facebook.com/kavindu.gayasiri","මහා සිංහ නාදය  https://www.facebook.com/share/r/1LtAV6zT9a/?mibextid=wwXIfr"
"Themiya Jayawardhana","https://www.facebook.com/themiya.jayawardhana.56","මහා සිංහ නාදය 🤣🤣🤣🤣🤣"
"Indika S Kumara","https://www.facebook.com/indika.s.kumara.348161","මහා සිංහ නාදය  භික්‍ෂූන්ට නීතිය නමන්න පුළුවන් කියල හිතාගෙන ඉන්නවා.එහෙම හිතාගෙන ගොඩක් උන් පිස්සු කෙලින්නත් ගත්ත සමහර උන් අධිමාන්නෙන් හිතන්න ගත්තා,අපහාස කරා කොරයි මට ඇටේ කිව්ව,වැරදි කලලයකින් ඉපදුනේ කිව්වා.සේරම කරල ඒ අස්සෙ ජනාධිපති සමාවත් ඉල්ලනවා.භික්‍ෂුන් පෙරමුන ගන්න ඕන නීතිය නමන්න නෙමෙයි නීතිය හදන්න ඒකට support කරන්න ඕනෙ.කරන්න ඕනෙ අධිමාන්නෙන් ඔලුව උදුම්මගත්ත එකෙක් වෙනුවෙන් පෙනී ඉන්න එක නෙමෙයි.ලේවල ඝණත්වෙ කොච්චර උනත් නීතියට ඒක අදාල නෑ.සමහරු උඩ බලං කල ගහගන්න එපාලු.උඩ බලන් කෙල ගහ ගන්නෙ ඔයාලමයි නිවැරදිකාරයෙක් වෙනුවෙන් පෙනී ඉන්න එකයි වැරදි කාරයෙක් වෙනුවෙන් පෙනී ඉන්න එකයි දෙකක්.වැරදි හරි නිවැරදි හරි වරද පිළිගත්තනෙ දඬුවම ඕක තමයි...  වැරදි කරන එක සාමාන්‍යෙ දෙයක් තමයි,මනුස්සයෙක්ට වැරදි වෙන්න පුළුවන් හැබැයි හැසිරෙන විදියක් තියනවා.කොහොමද එහෙම නීතිය නමන්නෙ කොහොමද එහෙම නීතියට පිටින් යන්නෙ බුදු හාමුදුරුවෝවත් කියල නෑ එහෙම.හාමුදුරුවරු කීයක් ඒ වෙනුවෙන් පෙනී ඉදියත් කමක් නෑ හැබැයි මතක තියා ගන්න පෙනී ඉන්නවනම් පෙනී ඉන්න ඕනෙ කලින් ඉඳන්.සංඝාධිකරණයක අවශ්‍යතාව පේනව නේද ?   කොන්දෙ පන පෙන්නන්න ඕනෙ මේ වෙලාවෙ නෙමෙයි එකෙක් දෙන්නෙක් වැරදි කරල පිස්සු කෙලින්න පටන් ගනිද්දි.63 හිරේ ජම්පරේ අන්දනකම් එකෙක්ට සංඝාධිකරණයක් මතක් උන්නැද්ද ? මීට කලින් වතාවෙ ජම්පරේ අන්දද්දි උබල එකෙක්වත් මීක් කිව්වෙ නෑ එතකොට තිබ්බෙ නැද්ද කැක්කුම.මේ ප්‍රශ්නෙ අස්සෙවත් එකෙක්ටවත් ඉල්ලීමක් කරන්න උවමනාවක් නෑ.සංඝාධිකරණය අවශ්‍යතාව එක මහානායකයෙක්ටවත් මතක් වෙන්නෙවත් නෑ . අර කුෂ් නඩුවෙ තොපි මොනවද කිව්වෙ අර පොඩි පොඩි හාමුදුරුවොන්ට සිවුරු ගලවල අධිකරණෙට ඉදිරිපත් කරන්න කියල...  නීතිය පිළිගන්නවලු සිවුරු ගලවපු එක පිළිගන්න බෑලු.ඒක තමයි නීතිය කියන්නෙ බරපතල වැඩ සහිතනවනම් ජම්පරේ තමයි.ඥානසාරටත් එකයි ඒක කාදිනල්ටත් එකයි.තමන්ට ඕනෙ තීරණ ගන්නනම් ව්‍යවස්ථාපිත සංඝාධිකරණයක් හදාගනිල්ලා.මෝඩයො වගේ කෑ ගහන එක නෙමෙයි කරන්න ඕනෙ උගත්තු උනාට වැඩක් නෑ සංඝාධිකරනයක අවශ්‍යතාව තේරෙන්නැත්තම්.   සංඝාධිකරණයක් ඉල්ලීම් කරපල්ලා නැත්තම් ඉදිරියටත් නෛතික වරදක් කරන ඕනම භික්‍ෂුවකගෙ දඬුවම අනුව බරපතල වැඩ සහිතවනම් ජම්පරේ අන්දනවා.සංඝාධිකරණයක් පිහිටුවා ගන්න බැරිනම් ජනමත විචරණයක් ඉල්ලීම් කරල නීතිය වෙනස් කරල භික්‍ෂුවකට අවශ්‍ය නීතිය හදපල්ලා.මල්ලෙ කට ඇරල තියෙද්දි බළල්ලු වගේ එළියට පනින්නෙ නැතුව  සිවුරට අත තිබ්බ කියන්නෙ ඥානසාරට අත තිබ්බ කියන එක නෙමෙයි.බුද්ධ සාසනය කියන්නෙ ඤාණසාර නෙමෙයිනෙ.තොපිට කොන්දක් තියනවනෙ ප්‍රශ්නයක් වෙන තැනක ඒ වෙනුවෙන් පෙනී හිටින්න ?   සංඝාධිකරණයක් නැත්තම් රටේ නීතිය ගරු කරන්න පුරුදු වෙයල්ලා මොකා මොන තරා තිරමෙ උනත්.එක එකාට ඕනෙ විදියට ඔලුව උදුම්මගෙන දඟලන එක අනුමත කරන්න මටනම් බෑ.  එච්චරයි 🫡❤️"
"Padmasiri Jayalath","https://www.facebook.com/people/Padmasiri-Jayalath/pfbid021hbubhhYAzr9tq7fGJi4DSi4wH5XJKPB7d7UsPLfSnaobwQpGVvSTG8NJPKGS4TPl","Indika S Kumara"
"Padmasiri Jayalath","https://www.facebook.com/people/Padmasiri-Jayalath/pfbid021hbubhhYAzr9tq7fGJi4DSi4wH5XJKPB7d7UsPLfSnaobwQpGVvSTG8NJPKGS4TPl","Ramesh De Silva 😂"
"Padmasiri Jayalath","https://www.facebook.com/people/Padmasiri-Jayalath/pfbid021hbubhhYAzr9tq7fGJi4DSi4wH5XJKPB7d7UsPLfSnaobwQpGVvSTG8NJPKGS4TPl","මහා සිංහ නාදය"
"Padmasiri Jayalath","https://www.facebook.com/people/Padmasiri-Jayalath/pfbid021hbubhhYAzr9tq7fGJi4DSi4wH5XJKPB7d7UsPLfSnaobwQpGVvSTG8NJPKGS4TPl","මහා සිංහ නාදය  වැලිගම අපිත් බලන් ඉන්නව එනකන්"
"මහා සිංහ නාදය ","https://www.facebook.com/people/%E0%B6%B8%E0%B7%84%E0%B7%8F-%E0%B7%83%E0%B7%92%E0%B6%82%E0%B7%84-%E0%B6%B1%E0%B7%8F%E0%B6%AF%E0%B6%BA/61594574834983","[Image Attachment]"
"Rasika Sameera","https://www.facebook.com/people/Rasika-Sameera/pfbid0xoXbToAPQsRVGZbPxjSDSq2yFtKXUGhqd2zwLdSuXj5BkZY8qtcfgFTAaQc59UJ6l","මහා සිංහ නාදය  හරියටම ගංටාරේ ගහනකොට දර්මිශ්ට සාදුලා."
"Kishani Perera","https://www.facebook.com/kishani.perera.2025","මහා සිංහ නාදය 🙏🙏🙏🙏"
"Era Yethmin","","මහා සිංහ නාදය"
"Nuwan Silva","https://www.facebook.com/nuwan.silva.106","මහා සිංහ නාදය  kalutarin nam naha ban 😂😂😂😂"
"Nilan Prasad","https://www.facebook.com/nilan.prasad.989753","Nuwan Silva කළුතර ඉන්නෙ තෝ විතරද ක*** පකයෝ. අම්මට හුකාපන් කෙරියා.."
"දිනුක සම්පත්","https://www.facebook.com/5r3i984vma","මහා සිංහ නාදය  වරෙන් වරෙන් අම්බලන්ගොඩට. එනකන් බලන් ඉන්නෙ පගයල ටික."
"මහා සිංහ නාදය ","https://www.facebook.com/people/%E0%B6%B8%E0%B7%84%E0%B7%8F-%E0%B7%83%E0%B7%92%E0%B6%82%E0%B7%84-%E0%B6%B1%E0%B7%8F%E0%B6%AF%E0%B6%BA/61594574834983","[Image Attachment]"
"Jaecika Sudarma","https://www.facebook.com/jaecika.sudarma","මහා සිංහ නාදය  එකොළහ කොළඹළඹ නේද.  අනිවාර්යෙන් එනවා"
"Era Yethmin","","මහා සිංහ නාදය"
"Suranga Kumara","https://www.facebook.com/suranga.kumara.arachchige","මහා සිංහ නාදය  පට්ට හොර කහකඩ එකතුවක් එක්ක ඇවිත් ගිහියන් බේදකරන්න එපා.. බෞද්ධයා කියන්නේ සක්කිලියෙක් නොවෙන ඇත්ත ඇති සැටියෙන් දකින විද්‍යාත්මක මාවතක යන කෙනෙක්... මුන් හොඳයි අකුණු සන්නායකයන්ට ගැටගහලා මිදුලට විසිකරන්න"
"Ran Waidya","https://www.facebook.com/ran.waidya","මහා සිංහ නාදය  කොළඹ කොහේද"
"Nipu Nishshanka","https://www.facebook.com/nipu.nishshanka.5","Suranga Kumara විද්‍යාත්මක මාවත යනු ගිහිහියන් විසින් භික්ෂුවකගේ සිවුර ගැලවීමද? ඊට ගිහියාට ඇති අයිතිය කුමක්ද?  ඔබතුමාගේ ඔය වචන ටික පුලුවන්නම් අනුර කුමාර මුනගැසී කියන්න. කොටි තිලිපන්ගේ පිලිම හදලා උතුරේ සමරනකොට මීක් නැති නුබලා මුස්ලිම් අන්තවාදීන් විසින් පාස්කු ප්‍රහාරය කල බවට ඇමරිකාව ඇතුලු රටවල් 5ක බුද්ධි අංශ සනාත කර තිබියදී එයම  Gnanasara හාමුදුරුවෝ සනාත කරද්දී මුස්ලිම් ජාතීන්ට අපහාස කලා යැයි තප්පුලයි.  කොටියාට උන්ඩෙන්  ගන්න බැරි උන ඊලම කොටි ඩයස්පෝරාවේ රූකඩ අනුර කුමාර පෑනෙන් ලියා දෙන්න යන විද්‍යාත්මක සත්‍ය දකින බහුතරයක් සිංහල බෞද්ධයෝ මීට එක් වෙයි.  කල්ලතෝනින් නාවාට කම් නෑ."
"Suranga Kumara","https://www.facebook.com/suranga.kumara.arachchige","Nipu Nishshanka නිශ්ෂංක පාස්කු නඩුවයි විමර්ශණ වාර්තායි කියන්නේ දෙකක්. පාස්කු නඩුව කියා පසුගිය කාලයේ විසඳුනේ මූලික යහපාලන කාලයේ B වාර්තාව දුර්වල කරමින් ගොනුකල නඩුවක් සැබෑ විමර්ශණ මේ වනවිට සිදුවෙමින් පවතිනවා සමස්ත වාර්තාව නැතත් සංක්ෂිප්තයක් කියන්නම්. උතුරේ ත්‍රස්තවාදීන්ට අවි සහ මුදල් දීපු එවුන්ම තමයි උතුරේ සිංහල- දෙමළ බේදයයි දකුණේ සහරාන් සමග වෙනම ඩීල් එකක් දාලා සිංහල (කතෝලිකයන් බහුතරය සිංහල පුරවැසියන්) ඉස්ලාම් අන්තවාදයක් පටන් ගන්න හැදුවේ.. ඥාණසාර, සමන්ත බඩ්ඩ, කස්සප, අක්මීමණ දයා වගේ අය තමයි මහසෝන් බලකාය සහ බොදුබල සේනා අන්තවාදීත්වය ගෙනාවේ.. ඔය දෙකම කලේ පාලක දේශපාලකයන්ගෙ නොහැකියාව ජනතාවට නොපෙනෙන්නත්, ජාතීන් අතර අසමගියත් ඇතිකර පාලනය කිරීමට පාලකයන්ට කඩේ යෑමකට බව දැනගෙන තියෙන්නේ බුද්ධි අංශ.."
"Wasantha Kumara","https://www.facebook.com/wasantha.kumara.807566","Nipu Nishshanka සිවුරු  නිසා   ආගමත්   දහමත්   දෙකම  රැකෙනවා  නමුත්  ඒ  තුල   අවබාවිතා   සිදුවෙනව   සිව්‍ රේ  මුවාවෙන්   එත්  අපි වගේ  මිනිස්සු   මිස  අමුතු  ජීවීන්   කොටසක්  නෙවෙයිනේ  නීතිය   කාටත්   එකසමානයි         දේශපාලන  වාසි  ගන්න  මිස  හාමුදුරුවෝ   වෙනුවෙන්  නෙවෙයි   කරලියේ  පිනුම්  ගහන්නෙ   පෙර  සිදුවීම්   එකිනෙක  සසදා  බලනවිට  අපිට  තේරුම්   යනවා"
"Rameez Dasthakeer","https://www.facebook.com/rameez.dasthakeer.9","Jaecika Sudarma"
"මහා සිංහ නාදය ","https://www.facebook.com/people/%E0%B6%B8%E0%B7%84%E0%B7%8F-%E0%B7%83%E0%B7%92%E0%B6%82%E0%B7%84-%E0%B6%B1%E0%B7%8F%E0%B6%AF%E0%B6%BA/61594574834983","[Image Attachment]"
"Rasika Sameera","https://www.facebook.com/people/Rasika-Sameera/pfbid0xoXbToAPQsRVGZbPxjSDSq2yFtKXUGhqd2zwLdSuXj5BkZY8qtcfgFTAaQc59UJ6l","මහා සිංහ නාදය  රාජා වතු ධම්මිකෝ.. පල පkaයා යන්න."
"Ajith Lokuge","https://www.facebook.com/ajith.lokuge.75","මහා සිංහ නාදය ❤️"
"Era Yethmin","","මහා සිංහ නාදය"
"Rameez Dasthakeer","https://www.facebook.com/rameez.dasthakeer.9","මහා සිංහ නාදය"
"මහා සිංහ නාදය ","https://www.facebook.com/people/%E0%B6%B8%E0%B7%84%E0%B7%8F-%E0%B7%83%E0%B7%92%E0%B6%82%E0%B7%84-%E0%B6%B1%E0%B7%8F%E0%B6%AF%E0%B6%BA/61594574834983","[Image Attachment]"
"Rohitha Neranjan","https://www.facebook.com/ruwan.rohitha.7","මහා සිංහ නාදය"
"Sandaruwan Kodikara","https://www.facebook.com/tharindu.sandaruwan.754918","මහා සිංහ නාදය  කැපුවද ඔයාට ගම්පොල. සිවුර දාගෙන හරි දේවල් කරානම් ඔහොම වෙන් නෑ. මහන උනානම් පාඩුවේ ඉන්න. මිනිස්සුන්ට පව් පුරවන්න එපා"
"Samantha Karunarathna","https://www.facebook.com/samantha.karunarathna.1291","මහා සිංහ නාදය"
"Rameez Dasthakeer","https://www.facebook.com/rameez.dasthakeer.9","මහා සිංහ නාදය"
"මහා සිංහ නාදය ","https://www.facebook.com/people/%E0%B6%B8%E0%B7%84%E0%B7%8F-%E0%B7%83%E0%B7%92%E0%B6%82%E0%B7%84-%E0%B6%B1%E0%B7%8F%E0%B6%AF%E0%B6%BA/61594574834983","[Image Attachment]"
"Chandana Rathnathilaka","https://www.facebook.com/chandana.rathnathilaka.5","මහා සිංහ නාදය  අපේ පන්සල්වල ඝණ්ඨාරෙ ගැහුවොත් එහෙම කනට දෙකක් දීලා එළියට දාන්නේ අපි නම් කිරිබත් කනවා සිවුරට මුවා වෙලා ක*** වැඩ කරන ගනයන්න දානෙ නෙමෙයි දෙන්නේ එළියට දාන්නේ"
"Rdc Smal","https://www.facebook.com/people/Rdc-Smal/pfbid0282SSSTrWZgr9KXP3bNLCFSaySDqmHLnG4fxeDWRSMgtPHQ3s6UEwELgVG6MPaWSZl","මහා සිංහ නාදය"
"Rameez Dasthakeer","https://www.facebook.com/rameez.dasthakeer.9","මහා සිංහ නාදය"
"Lake infinity Luxury condos - Nuwara Eliya","https://www.facebook.com/people/Lake-infinity-Luxury-condos-Nuwara-Eliya/100086602673526","අපේ පන්සල් වල එහෙම වෙන්නේ නෑ...දේශපාලනය කරන පන්සල් නෙමේ අපේ.පන්සල්"
"Roping Joy","https://www.facebook.com/painting.joyjoy","Lake infinity Luxury condos - Nuwara Eliya ❤️"
"Samanali Mali","https://www.facebook.com/samanali1234","Lake infinity Luxury condos - Nuwara Eliya Ane ban Uba bauddayek da. Paduwe hitapan. Paliyata gihill"
"Chaminda Kumara","https://www.facebook.com/people/Chaminda-Kumara/pfbid0J4kQTYe5uSSAhs9vRgs3uXqmkiwQL1RUgTsQeAZJTggYTwEdYhwquGKMMFuKVfM5l","Jvp pansalada"
"Gayan Ranasingha","https://www.facebook.com/gayan.ranasingha.589","Lake infinity Luxury condos - Nuwara Eliya"
"GR Nithiyananthan","https://www.facebook.com/nathan.nandhu.3","Lake infinity Luxury condos - Nuwara Eliya super"
"Apsara Sewwandi","https://www.facebook.com/apsara.sewwandi.762394","Lake infinity Luxury condos - Nuwara Eliya tho wage awajathakayo kohomath  nodakin"
"Lake infinity Luxury condos - Nuwara Eliya","https://www.facebook.com/people/Lake-infinity-Luxury-condos-Nuwara-Eliya/100086602673526","Apsara Sewwandi කැ#  හුති#යේ...අපි ගිහින් යුද්ධය කරනකොට ඔය ජාතික ආලේ තියන නානසාර හා තෝපි හිටියේ කොහෙද..බලු වේ#@  අනවශ්‍ය විදියට කතා කරහෙන එන්න එපා අම්මට හු# @ ගන්න"
"Lakshmi Abayarathne","","Lake infinity Luxury condos - Nuwara Eliya  මම පිළියන්දල. අනේ අපේ පැත්තෙ පන්සල් වලත් ඔය ප්‍රශ්න නැහැ. බොහොම හොඳ ස්වාමීන් වහන්සේලා ඉන්නෙ."
"Biyagama Karunarathne","https://www.facebook.com/karunarathne.wattegedara","Lake infinity Luxury condos - Nuwara Eliya දේශපාලනයක් නෙවෙයි බොලව්."
"Chan Mel","https://www.facebook.com/melb.chana","Lake infinity Luxury condos - Nuwara Eliya උබේ පංසල මොකක්ද???"
"Duni Nanayakkara","","Lake infinity Luxury condosLake infinity Luxury condos - Nuwara Eliya මෙන්න මේ රෙස්ටුරන්ට් එකත් වර්ජනය කරන්න ඕනෙ රටේ මිනිස්සු මේ වගේ කාලකන්නි කරන ව්‍යාපාරයකටවත් සහයෝගය දෙන්න හොද නෑ"
"Indika S Kumara","https://www.facebook.com/indika.s.kumara.348161","Biyagama Karunarathne"
"Indika S Kumara","https://www.facebook.com/indika.s.kumara.348161","Chaminda Kumara"
"Duminda Manohara","https://www.facebook.com/people/Duminda-Manohara/61585148902051","Lake infinity Luxury condos - Nuwara Eliya උඹගෙ පන්සල පැලවත්තෙ එකද පාහරය ආගම මාලිමාවනෙ තොපිලගෙ"
"Biyagama Karunarathne","https://www.facebook.com/karunarathne.wattegedara","Indika S Kumara තාක්ෂණානුකූලව ඔය්ට වඩා වෙනස්කම් කළ හැකි."
"Nilan Prasad","https://www.facebook.com/nilan.prasad.989753","Lake infinity Luxury condos - Nuwara Eliya තොගේ පන්සල් කොහෙද පකෝ තියෙන්නේ .."
"Jayantha Bandara","","උක් වගාකරුවත් ඇවිල්ලා. කාගේ න්‍යාය පත්‍රයක් කියලා තෙරෙනවා 🤭😂😁"
"Anushka Purankumburegedere","https://www.facebook.com/people/Anushka-Purankumburegedere/pfbid033u3qrzaN9SDqrZ33FWPyr7smzK63nKBm33e2pomwTJWmUS6HVGnT9uroeCXCYEP4l","Jayantha Bandara 🔥"
"Samanali Mali","https://www.facebook.com/samanali1234","Jayantha Bandara ane pala pakaya. Bauddaya okkoma eka mitata"
"Akila Prabath","https://www.facebook.com/akila.prabath.838453","Samanali Mali එක මිටට උබෙ අම්මට හුකන්න එයි 😹😹😹"
"Samanali Mali","https://www.facebook.com/samanali1234","Akila Prabath ube Ammata suddo hukala jaathaka una Nisa thamai ubalage aes aerenneththe"
"Gayan Ranasingha","https://www.facebook.com/gayan.ranasingha.589","Jayantha Bandara"
"Nilka Shiromani","https://www.facebook.com/nilka.shiromani","Samanali Mali aa bn කුලී bayyo උබලා ayema සිංහල බෞද්ධ කියල naa molewa ගෙන්න ද උගේ paulama කලවම් බන්😂කුණුහරප නොලිය ලියපන්😁😁😁🤮"
"Samanali Mali","https://www.facebook.com/samanali1234","Nilka Shiromani ubala aei ban namalta baya. Apita namal onne. Innawa supiri bulat ekak. Welawata danm"
"Nilka Shiromani","https://www.facebook.com/nilka.shiromani","Samanali Mali දැන් kauda ඔතන බෞද්ධ අර raulada, තිත්ත galle ද😂😂"
"Samanali Mali","https://www.facebook.com/samanali1234","Nilka Shiromani mekata mahinda wath namawath adala karagannepa"
"හෙල දීපය","https://www.facebook.com/people/%E0%B7%84%E0%B7%99%E0%B6%BD-%E0%B6%AF%E0%B7%93%E0%B6%B4%E0%B6%BA/100008433345988","Jayantha Bandara 😂😂😂😂"
"Kanishka Ranasinghe","https://www.facebook.com/kanishka.ranasinghe.50","Jayantha Bandara හුක් ගොවියා කූලි හෙවායො😂"
"Harshanath Karunanayaka","https://www.facebook.com/jeewan.harshanath.9","Samanali Mali එක මිටට තියල ගෙදර යැව්වෙ"
"Sumith Priyantha","","Samanali Mali එක මිටට නැමියං😂😂"
"Samanali Mali","https://www.facebook.com/samanali1234","Sumith Priyantha aniwaryen. Eya paranikawata ahuwela. Eya minimaralane. Eyata siura adinna be thamai. Ubala modaibn"
"Samanali Mali","https://www.facebook.com/samanali1234","Sumith Priyantha ubalage aachchi Suddata nawal ussapu Nisa thamai Ubala wGe kallathoni aww"
"Sumith Priyantha","","Samanali Mali උබල අම්ම රාජපක්ෂට නැමිලද? 😂😂"
"Sumith Priyantha","","Samanali Mali"
"Samanali Mali","https://www.facebook.com/samanali1234","Sumith Priyantha oka boru"
"Ramesh De Silva","https://www.facebook.com/rameshmenaka.silva","Samanali Mali ෆේක් පොnnyo ගනන් ගන්නෑ 😂😂😂"
"Samanali Mali","https://www.facebook.com/samanali1234","Ramesh De Silva kallathoni ganan ganne"
"Rameez Dasthakeer","https://www.facebook.com/rameez.dasthakeer.9","Samanali Mali"
"Rameez Dasthakeer","https://www.facebook.com/rameez.dasthakeer.9","Samanali Mali"
"Samanali Mali","https://www.facebook.com/samanali1234","Rameez Dasthakeer ubalata natta paagila"
"Samanali Mali","https://www.facebook.com/samanali1234","Rameez Dasthakeer oppu karanne kohomada eya koyka"
"Rameez Dasthakeer","https://www.facebook.com/rameez.dasthakeer.9","Samanali Mali අපිට නැවැයි උබලට නැත්නම් ඔකා බණ වෙනූවට  කූණූහරුප කියන එක රසකර කර උබල  අහගෙන ඉඳියිද ලජ්ජයි"
"Samanali Mali","https://www.facebook.com/samanali1234","Rameez Dasthakeer ane ban paduwe palayalla. Ubala baudda neweinem"
"Akila Prabath","https://www.facebook.com/akila.prabath.838453","Samanali Mali ෆේක් වලින් ටෝක් කරන්න එපා වේසියේ 😹😹😹"
"Shama Damayanthi","https://www.facebook.com/hirusha.hirusha.9693","අපේ පන්සලේ එහෙම දෙයක් වෙන්නෑ"
"Amila Shamali","https://www.facebook.com/people/Amila-Shamali/pfbid02FNFTRuCt7ist13PqqAd8jypMS3KqGabCoNSNZbt65sTq8CRKtqf2MbEd3C4rFyuQl","Shama Damayanthi තො ගහාපිය ඇගිල්ල"
"Kumari Weerarathna","https://www.facebook.com/people/Kumari-Weerarathna/pfbid0g98P2PWiGX3Tuw57K9zE9S66v78UTKxae5kGqGqUNs3XYX4kbU3XcZYF7fnDuA5ul","Shama Damayanthi පන්සලද හාමුදුරුවෝ  ද තමන්ගෙ"
"Sampath Dulmin","https://www.facebook.com/people/Sampath-Dulmin/pfbid034WYTGrs7sNHjREK7C47PMAo7NtJ1PiG72Bzs4VCiMwe6LNCba3ZmURegfJNUDL2Ul","Shama Damayanthi ඇයි පන්සලෙ ඉන්නෙ උඹෙි මිනිහද.. නැත්නමි පන්සලේ තොගෙ බූදලයක්ද.."
"Rangana Nishantha","https://www.facebook.com/rangana.nishantha.953956","Shama Damayanthi ei ubata kiyala pansalak thihanawada patta belli"
"Lasitha Pathirana","","Shama Damayanthi පන්සල ගෙදරද තියෙන්නේ 😁"
"Dilhan Samarasighe","https://www.facebook.com/people/Dilhan-Samarasighe/pfbid0SLwoDSa27272iFtZXkDVHxh6uHwodSzCzm2JUWr2FLEQr7RLtwziqRZKfqmMhNjtl","Shama Damayanthi අනිව අපේ පන්සලෙත් ගාන්ටාරෙ ගලවල බිම තියන්නෙ ඕක ගැහුවොත් 😅"
"Dhananjaya Tharaka","https://www.facebook.com/dhananjaya.tharaka.3","Sampath Dulmin කාගෙ උනත් උබට වැඩක්ද පකයෝ..කතා කරන්න ඉගෙන ගනිං මුලින්ම..🤣🤣"
"Gayan Nandika","https://www.facebook.com/people/Gayan-Nandika/pfbid025KcYjS49RgXpNvQkDiQ9B8Uaz8p2KfWpcwuycFg4UJhXjYNXSsNMTmoohV16UB2Xl","Badu gahala, kollo gahala video leak wechchunta siwru radawana un okkoma ubala ekka. Lejja nadda????"
"Manoja Kellapatha","https://www.facebook.com/manojakallapatha","Shama Damayanthi බොගේ පන්සලේ ගන්ටාර කොයින්ද බං සක්කිලි ගෑණියෙක්"
"Shami Bandara","https://www.facebook.com/shami.bandara.3","Shama Damayanthi ai oyada nayaka hamuduruwo"
"Sumith Nishanth","","Shama Damayanthi tho hamba gonekne .thopita koheda pansal ."
"KS Kys","https://www.facebook.com/kasun.senavirathna.520","Shama Damayanthi ai oyage paule ayada e pansale inne."
"Don Jagath","https://www.facebook.com/profile.php?id=61574850495667","Shama Damayanthi තම්බි බැල්ලි තෝ කොහෙද පංසල් යන්නේ කොට් දෙන සබටු කරන බැල්ලී"
"Gayan Ranasingha","https://www.facebook.com/gayan.ranasingha.589","Shama Damayanthi"
"Vissundara S Nethra","https://www.facebook.com/people/Vissundara-S-Nethra/pfbid02sdkDdV9ySkhHmmNVbP6koRM49bdDM8JSeS2g6PoGJXfbHpysJum7is7UxhdxB1HKl","Shama Damayanthi ඇයි ඔයාගේ තීරණය යක්ද ?"
"Asanka Manodara","https://www.facebook.com/asanka.manodara","Shama Damayanthi lokuma daikawada"
"Nili Nili","https://www.facebook.com/people/Nili-Nili/pfbid07DhU4wj8euHSapnNtSuMrjPp5vKABFwzwyXh2RJ5GD52C578KTm9Y9PPqyM4AVjxl","Shama Damayanthi hmba hutti tota kohenna huttiya pnsall tiyanne"
"Sathima Hemamali","https://www.facebook.com/people/Sathima-Hemamali/pfbid02bcNHxnMu2AC32CMq273TtwMFYomG4ujaNPmJZWLTFGYSNYY2KXNg3eoNrbgrMcfKl","Shama Damayanthi අපේ පන්සලේ එහෙම වෙනවා"
"Raje Madu","https://www.facebook.com/people/Raje-Madu/pfbid02Kpy9J2AyRh42jTq4R6wdqYnxvynFghvRVezXWCPhpS1mnTSUGEALPjRCi6qQz1YJl","Shama Damayanthi ඇත්තද උබද හාමුදුරුවෝ"
"Lalith Abeyrathna","https://www.facebook.com/lalith.abeyrathna.963","Shama Damayanthi නිකවැරටිය පංසලේද?"
"Neeta Hetteariche","https://www.facebook.com/neeta.hetteariche","Shama Damayanthi ඔයා කතොලික නෙද😭"
"Lakshmi Abayarathne","","Shama Damayanthi  අනේ අපිත් එහෙම නැහැ. අපේ පංසලේ හාමුදුරුවෝ හරිම සිල්වත්. අපිත් ඒ වගේ.."
"Duni Nanayakkara","","Shama Damayanthi යකෝ  දැන් පන්සල් තියෙනවද උන්ගෙ කියලා"
"Duminda Manohara","https://www.facebook.com/people/Duminda-Manohara/61585148902051","Shama Damayanthi ඇයි පැලවත්තෙද.පන්සල 😂 තොපිලගෙ fake හිගන අපත බලකාය"
"Sushanthi Perera","https://www.facebook.com/sushanthi.perera","Rangana Nishantha මුස්ලිම් එකියක්..ෆේක් එකවුන්ට් 🤣"
"Shama Damayanthi","https://www.facebook.com/hirusha.hirusha.9693","Don Jagath අනේ බන් උබ ගැන මට දුකයි මට තමිබි ගෑනි කිවුව⁣ නේද ම⁣ගේ නම කියවලා බලපන් මම කවුද කියල .පන්සල් වල ගන්ටාරේ ගහන්නේ ඇයි අධිකරණ නියෝගයක් ඒකට ජනපති මොකද කරන්නේ වැරදි කරා නමි දඩුවන් විදින්නම වෙනවා උබට මට අද නිදහසේ ඉන්න පුලවන් අපි වැරදි කරල නැති නිසයි මම බෞද්ධ කෙනෙක් හැබැයි අනිත් ආගමි වලටද ගරැ කරනවා"
"Shama Damayanthi","https://www.facebook.com/hirusha.hirusha.9693","Duminda Manohara වැරදි කලා නමි දඩුවන් විදින්න වෙනවා."
"Don Jagath","https://www.facebook.com/profile.php?id=61574850495667","Shama Damayanthi Even if you are not a Muslim woman, prostitutes like you have Muslim ideas and dirty ideas that destroy the motherland. the prostitute way whore, You are a disaster for the country, the unpleasant prostitute who also auctions prostitutes"
"Polgolle Rahula","https://www.facebook.com/polgolle.rahula.2025","Shama Damayanthi NGO"
"Rameez Dasthakeer","https://www.facebook.com/rameez.dasthakeer.9","Rangana Nishantha"
"Rameez Dasthakeer","https://www.facebook.com/rameez.dasthakeer.9","Sumith Nishanth"
"Sumudu Thisara Godakubura","https://www.facebook.com/people/Sumudu-Thisara-Godakubura/pfbid0F4zgysDZ2cML5bb63uGTkh4JL3WME6F4Q5Wk9JmiikKDWw5NNq56KFma2Lbktqfml","Rangana Nishantha ඉස්සල්ල කියපන්කො වැස්සකටවත් පන්සල් යනවද කියලා 🤣🤣"
"Akalanka Thennakoon","","Rangana Nishantha පල ජාතිවාදී බල්ලා යන්න"
"Wasantha Herath","https://www.facebook.com/wasantha.herath.104203","දැන්වත් මහණ වෙයව්."
"Gihani Asansa","https://www.facebook.com/people/Gihani-Asansa/pfbid0bte82y5NwR49CMndCAgK3ec2fkXsSdPbDgsRNGacWCHUeaAYQCVqW37qaRhE2Kpxl","Wasantha Herath මහණකම කියන දේ ලේසි කියල හිතන්න එපාමහත්තයෝ.. එච්චර නම්බුකාර වැඩක් කරන්න ඔබතුමාට පුලුවන් ද කියල ඔබතුමාගෙ හදවතින්ම අහල බලන්න"
"Raje Madu","https://www.facebook.com/people/Raje-Madu/pfbid02Kpy9J2AyRh42jTq4R6wdqYnxvynFghvRVezXWCPhpS1mnTSUGEALPjRCi6qQz1YJl","Wasantha Herath උබ වරෙන්"
"Sumith Priyantha","","Gihani Asansa මහණ කම කියන දේ අමාරුයි තමයි හැබැයි කොන්ඩෙ බූ ගාල සිවුරක් දාගත්ත කියල විතරක් මහනෙක් වෙන්නෙ නෑ."
"Karunapala Rajapakshe","https://www.facebook.com/karunapala.rajapakshe","අපිට පුකේ  අමාරැනෑ"
"Samanali Mali","https://www.facebook.com/samanali1234","Karunapala Rajapakshe Uba kallathoni ekai amaruwa nsthtgs"
"Nimal Kariyawasam","https://www.facebook.com/nimal.kariyawasam.52","Samanali Mali  ඊලඟට පල්ලේගම  හේමරතනට  ලමාදූශන  නඩුවෙන්  සිරඳඬූවම්  නියම උනොත් සිව්රපිටින්ද  හිරේ  යන්න ඕන...😂😂"
"Samanali Mali","https://www.facebook.com/samanali1234","Nimal Kariyawasam buddagama Gena danneththan kiyawannepa. Suddath baya une budunge neethiyata"
"Nimal Kariyawasam","https://www.facebook.com/nimal.kariyawasam.52","Samanali Mali බුද්ධාගම ගැන මට වැඩිය ඔබට  දැනුම ඇතිනේ.. පල්ලේගම හේමරතන ලමාදූශන නඩුවෙ : 15 හැවිරිදි බාලවයස්කාර දැරියක බරපතළ ලිංගික අපයෝජනයකට හා දූෂණයකට ලක් කිරීම සම්බන්ධයෙන්  DNA වාර්තා (ප්‍රධාන සාක්ෂි) • ශුක්‍රාණු සාම්පල ගැළපීම: වින්දිත දැරිය විසින් පෙන්වා දෙන ලද, විහාරස්ථානයේ ආවාස ගෙයි තිබූ පාපිස්සක තැවරී තිබූ ශුක්‍රාණු සාම්පල පල්ලේගම හේමරතන හිමිගේ DNA සමඟ 100% ක් ගැළපෙන බව රජයේ රස පරීක්ෂකවරයා 2026 අගෝස්තු මාසයේදී අධිකරණයට තහවුරු කළේය. අවසානෙට මෙම  නඩුවේ  තීන්දුවෙන්  හේමරතනට හිරේ  යන්න උනොත්  සිව්ර  පිටින්ද  යායුත්තේ..😂 අනෙත් සිරකරුවන් වැඳ  නමස්කාර කල යුතුද..😂"
"Samanali Mali","https://www.facebook.com/samanali1234","Nimal Kariyawasam kohethma netha. Ohuge siura mahaanayaka hamuduruwaru wisin upawidi Kara shasanayen nerpanwa aniwaryen a sahodaraya. Eyayi neethiya. Ohu weradi Karapu nam sthree dshakayanta sure redenna baha"
"Nimal Kariyawasam","https://www.facebook.com/nimal.kariyawasam.52","Samanali Mali හාමුදුරුවරුවො  කව්රු සිරගත උවත්  සිව්ර නැතුව සිරගත විය යුතුය"
"Samanali Mali","https://www.facebook.com/samanali1234","Nimal Kariyawasam ehema bane. Hema weraddak a eka samanat ne daduwama eka samanat ne"
"Bhagya gunasekara","https://www.facebook.com/impressholidayhome","යහපාලන ආණ්ඩුව දාපු නඩුවක් ගරු අධිකරණයෙන් දුන්නු තීන්දුවක් බන්ධනාගාර නීතිය අනුව ජම්පරය මේ හාමුදුරුවෝ පිස්සෙක් වගේ කෑගහන්නේ ගරු ජනාධිපතිතුමා මොන වරදක් කලාට"
"Samanali Mali","https://www.facebook.com/samanali1234","Bhagya gunasekara ubalage aes Arina Kota siyalla sidiwee hamari"
"Janaka Jayavilal","https://www.facebook.com/janaka.jayavilal","Bhagya gunasekara එක්නැලි හොඩගෙ ගෑමි එක්ක ආප්ප ගහපන් ගොනෝ"
"Malee Ekanayake","https://www.facebook.com/profile.php?id=100012469324158","Bhagya gunasekara අධිකරණය  මේකට දඩුවම් දිය යුතුයි"
"Damian Perera","https://www.facebook.com/people/Damian-Perera/pfbid0zpbqq4End1RioWY59cYsTJSLRMnUiNXouyndwpvdDEakPowaFr8x5dpNqKWgm3oSl","Bhagya gunasekara 100"
"Damian Perera","https://www.facebook.com/people/Damian-Perera/pfbid0zpbqq4End1RioWY59cYsTJSLRMnUiNXouyndwpvdDEakPowaFr8x5dpNqKWgm3oSl","Bhagya gunasekara 💯"
"Sathima Hemamali","https://www.facebook.com/people/Sathima-Hemamali/pfbid02bcNHxnMu2AC32CMq273TtwMFYomG4ujaNPmJZWLTFGYSNYY2KXNg3eoNrbgrMcfKl","Bhagya gunasekara"
"Thusith Saminda","https://www.facebook.com/thusith.saminda","Janaka Jayavilal 🤮🤮🤮"
"Withanage Kusum","https://www.facebook.com/people/Withanage-Kusum/pfbid0BmSXYPQrfdcbFFQDcrau8CFBsjtfKPBq9sPP5N597JA9RE9SQUGn1DCQCtV6i3ZDl","Bhagya gunasekara පර බ්ලූ  බ්ලොක්"
"Jaya Jayawickrama","https://www.facebook.com/jaya.jayawickrama.1","Bhagya gunasekara දූෂණ චෝදනා තියෙන අය පිළිබඳව හොයා බලන්නේ නැතුව. හාමුදුරුවරුන්ට........ https://www.facebook.com/share/v/1C1VaxHnNf/"
"Sanath Ranasingha","https://www.facebook.com/sanath.ranasingha.92","ඇට දෙකේ ලනුවක් බැදගෙන පන්සලේ හිටගෙන නැමිලා ඉඳපන් ජනතාව ඇවිල්ල ගහල යයි..."
"Samanali Mali","https://www.facebook.com/samanali1234","Sanath Ranasingha Pala anygamikaya"
"Sathima Hemamali","https://www.facebook.com/people/Sathima-Hemamali/pfbid02bcNHxnMu2AC32CMq273TtwMFYomG4ujaNPmJZWLTFGYSNYY2KXNg3eoNrbgrMcfKl","Sanath Ranasingha"
"Thusitha Rangana","https://www.facebook.com/thusitha.rangana","Sanath Ranasingha ammo eka"
"Nipu Nishshanka","https://www.facebook.com/nipu.nishshanka.5","තවත් කල්ලතෝනියෙක්"
"Nimal Nandasiri","https://www.facebook.com/nimal.nandasiri.5688","සිවුර ගලවලා සිවුරට අගෞරවයක් කරල නෑ කියල මේ ගොන් උන්නාන්සෙට තේරෙන්නෙ නෑ.සිවුර ගැලෙව්වෙ සිවුරට තියෙන ගෞරවය හින්ද නෙවෙයිද.නැතිව සිවුර පිටින් බරපතල වැඩ වලට දැම්මම සිවුරෙ ගෞරවය රැකෙනවද කියල ඔය සද්දෙන්ම තේරුම් කලානම් හොඳා නේද..."
"Raja Sinha","https://www.facebook.com/raja.sinha.390295","Nimal Nandasiri තෝ දන්න ලබ්බ!"
"Batagall Chaminda","https://www.facebook.com/people/Batagall-Chaminda/pfbid0mVioimykYs4Gsx9oqM2KsSWq39oKEqW4rjAEiMu69kjo44jJseZ8ySPLTgSfab9Rl","Raja Sinha එයා දන්නවා   උබ   දන්න   ලබ්බක්   නැ   පන්සලට   ගිහින්     හාමුදුරුවෝන්  ගෙන්  අහපන්"
"Nimal Kariyawasam","https://www.facebook.com/nimal.kariyawasam.52","Raja Sinha ඊලඟට පල්ලේගම  හේමරතන  ලමාදූශන  නඩුවෙන්  වරදකරු වෙලා  සිව්රපිටින්  හිරේ ගියොත්  ඇතුලෙ  ඉන්න සිරකරුවන්  වඳින්න  ඕනද 😂😂"
"Damian Perera","https://www.facebook.com/people/Damian-Perera/pfbid0zpbqq4End1RioWY59cYsTJSLRMnUiNXouyndwpvdDEakPowaFr8x5dpNqKWgm3oSl","Nimal Nandasiri 💯"
"Sathima Hemamali","https://www.facebook.com/people/Sathima-Hemamali/pfbid02bcNHxnMu2AC32CMq273TtwMFYomG4ujaNPmJZWLTFGYSNYY2KXNg3eoNrbgrMcfKl","Nimal Nandasiri උසාවියට ඥානසාර ස්වාමීන් වහන්සේව එක්කන් ආවේ  සිවුර ගලවලානේ. ඒක කිසිම ආණ්ඩුවක කරලා නෑ. ඒකටයි මේ විරෝධතාවය"
"Dilan Sampath","https://www.facebook.com/sampath.mudalige.31","Nimal Nandasiri ❤️"
"PN Kumara","https://www.facebook.com/pn.kumara.35","Nimal Nandasiri woooow Anna kiyala eththa kathawa oka therum ganna molayak nene Me mi Harambe relata"
"Gihani Asansa","https://www.facebook.com/people/Gihani-Asansa/pfbid0bte82y5NwR49CMndCAgK3ec2fkXsSdPbDgsRNGacWCHUeaAYQCVqW37qaRhE2Kpxl","Nimal Nandasiri ඔච්චර සිවුරට ගරුත්වයක් තියේ නම් මහත්තයෝ පූජා භාණ්ඩ කඩෙයක් දාගෙන උදේ හවා වැඳ වැඳ ඉන්න.. මිත්‍යාදෘෂ්ටික මිනිස්සු 😪"
"Nipu Nishshanka","https://www.facebook.com/nipu.nishshanka.5","Gihani Asansa නමට පමනක් සිංහල වූ තවත් කල්ලතෝනියෙක්...."
"Gihani Asansa","https://www.facebook.com/people/Gihani-Asansa/pfbid0bte82y5NwR49CMndCAgK3ec2fkXsSdPbDgsRNGacWCHUeaAYQCVqW37qaRhE2Kpxl","Nipu Nishshanka Eranga Weerasena බලන්න.. මොන තරම් පිච්චි පිච්චිද ඔයා ඉන්නෙ කියල. එක එක්කෙනාට එකිනෙකට වෙනස් අදහස් මත තියෙනවා. ඒවා එකිනෙකාට ප්‍රකාශ කරන්න ඒ ඒ අයට අයිතියක් තියෙනවා. ඒ වගේම ඒවා ගොඩක් දෙනෙක් දකිනවා අහනවා. අපිත් ඒ වගේ අය. අපිටත් තියෙනවා විවිධ මත, අදහස්. ඒත් ඒ දෙකක් එකට ගැලපෙන්නෙ නැති උනාම අපි ඒවත් එක්ක තරහ ගන්නවා. කේන්ති ගන්නවා. තමන්ව අවුල ගන්නවා වගේම තමන්ගේ වටේ ඉන්න අයවත් ඒකට එකතු කරගන්නවා. මේක අපාය සහායක කියන මිත්‍රයාගේ ස්වරූපයක්.."
"Sumith Priyantha","","Sathima Hemamali"
"Jaya Jayawickrama","https://www.facebook.com/jaya.jayawickrama.1","Nimal Nandasiri Bhagya gunasekara දූෂණ චෝදනා තියෙන අය පිළිබඳව හොයා බලන්නේ නැතුව. හාමුදුරුවරුන්ට........ https://www.facebook.com/share/v/1C1VaxHnNf/"
"Wasantha Vithana","https://www.facebook.com/wasantha.vithana.92","මූ කියන්නෙ දඩුවම මදි මරණ දන්ඩනය දෙන්න කියල"
"Malee Ekanayake","https://www.facebook.com/profile.php?id=100012469324158","අධිකරණ ය ස්වාධීන යි...මේ අධිකරණ යට විරුද්ධව  ණැගීහිටින හැමෝටම දඩයක් ගන්න එකෙකුට ලක්ෂ 2ක්.....  ..මේ රටේ  අධිකටණය ඇස් ඇරේවා"
"Samanali Mali","https://www.facebook.com/samanali1234","Malee Ekanayake ube kimmbata gahaganin"
"Nilka Shiromani","https://www.facebook.com/nilka.shiromani","Malee Ekanayake ඇත්ත"
"Nilka Shiromani","https://www.facebook.com/nilka.shiromani","Samanali Mali මේ උඹ comment කරනවනම් සංවර ව ලියපන්... එයත් ganiyek නේද ube නම ganiyek උනාට උඹ pirimiyekda කුලී bayyo😂"
"Samanali Mali","https://www.facebook.com/samanali1234","Nilka Shiromani ubalata Mahinda  Heenenuth Penawada.  Hema ekatama mahinda yek gawaganne. Mekavwenavparshnayak. Dade gahanaanam lankawe Inna okkoma bauddayata gahapiya dade"
"Malee Ekanayake","https://www.facebook.com/profile.php?id=100012469324158","[Image Attachment]"
"Rameez Dasthakeer","https://www.facebook.com/rameez.dasthakeer.9","Malee Ekanayake ඇත්ත"
"Amila Premodya","https://www.facebook.com/people/Amila-Premodya/pfbid02uz9bKPBP95REzoBYbPYnabHKSSrCt95qmbeZDTE5o6SyPVHA7hikipaZaMwyAgSwl","බුදුදහම කෑවට ඔයාලට හොඳ වැඩේ"
"Gihani Asansa","https://www.facebook.com/people/Gihani-Asansa/pfbid0bte82y5NwR49CMndCAgK3ec2fkXsSdPbDgsRNGacWCHUeaAYQCVqW37qaRhE2Kpxl","Amila Premodya බුදුදහම කන්නෙ පිටින් පේන මනුස්ස රුවක් නෙමෙයි.. හිතක ඇති කෲර වෛරී අදහස් ගොඩක් 🫡"
"Gihani Asansa","https://www.facebook.com/people/Gihani-Asansa/pfbid0bte82y5NwR49CMndCAgK3ec2fkXsSdPbDgsRNGacWCHUeaAYQCVqW37qaRhE2Kpxl","Amila Premodya පුලුවන් නම් එක පවුලක එක ගෙදරක තනි මනුස්සෙක් විදියට ඔයාම ඔයාගෙ හිතෙන් සතුරෙකුට පවා කරුණාව මෛත්‍රිය පතුරන්න පුලුවන් ස්වාභාවයක් හදාගන්න.. නොදැනීම ලෝකෙයක් වෙනස් වෙයි 🫡"
"Eranga Weerasena","https://www.facebook.com/eranga.weerasena.2025","දේශපාලනයට සම්බන්ද පිස්සු බල්ලෝ ටිකක් ඇවිස්සිලා....මේ රටේ හාමුදුරුවන් ...භික්ෂූන් වහන්සේලා හොදින් පන්සල් වල වැඩකටයුතු කරගෙන ඉන්නවා පාඩුවේ...මේ වරප්‍රසාද මිල මුදල් අහිමි උන අහිකුන්ටකයෝ සෙට් එකකට රිදිලා.......කිසිම කෙනෙක් මේ තිරිසන්නුන්ට සහයෝගයක් දෙන්න එපා....ගම් වල හිටිය සාමාන්‍ය හාමුදුරුවන් මචං ලෙවල් එකට ගෙනාව බලු සේනාවක් දැන් මේ ඇවිස්සිලා ඉන්නෙ මේවට අහුවෙන්න එපා 🙏🙏🙏"
"Gihani Asansa","https://www.facebook.com/people/Gihani-Asansa/pfbid0bte82y5NwR49CMndCAgK3ec2fkXsSdPbDgsRNGacWCHUeaAYQCVqW37qaRhE2Kpxl","Eranga Weerasena බලන්න.. මොන තරම් පිච්චි පිච්චිද මහත්තයා ඉන්නෙ කියල. එක එක්කෙනාට එකිනෙකට වෙනස් අදහස් මත තියෙනවා. ඒවා එකිනෙකාට ප්‍රකාශ කරන්න ඒ ඒ අයට අයිතියක් තියෙනවා. ඒ වගේම ඒවා ගොඩක් දෙනෙක් දකිනවා අහනවා. අපිත් ඒ වගේ අය. අපිටත් තියෙනවා විවිධ මත, අදහස්. ඒත් ඒ දෙකක් එකට ගැලපෙන්නෙ නැති උනාම අපි ඒවත් එක්ක තරහ ගන්නවා. කේන්ති ගන්නවා. තමන්ව අවුල ගන්නවා වගේම තමන්ගේ වටේ ඉන්න අයවත් ඒකට එකතු කරගන්නවා. මේක අපාය සහායක කියන මිත්‍රයාගේ ස්වරූපයක්.."
"Sathima Hemamali","https://www.facebook.com/people/Sathima-Hemamali/pfbid02bcNHxnMu2AC32CMq273TtwMFYomG4ujaNPmJZWLTFGYSNYY2KXNg3eoNrbgrMcfKl","Eranga Weerasena"
"Eranga Weerasena","https://www.facebook.com/eranga.weerasena.2025","Gihani Asansa 😁😁😂😂😂"
"Eranga Weerasena","https://www.facebook.com/eranga.weerasena.2025","Sathima Hemamali 😁😁😁😂😂😂"
"Sanath Priyankara","https://www.facebook.com/sanath.priyankara.1690","සිවුර ගලවලා බඩු ගහන්න පුලුවන්😂😂"
"Chandima Ranasingha","https://www.facebook.com/chandima.ranasingha.94","Sanath Priyankara උබත්  එහෙම කෙනෙක්  වෙන්න  ඇති"
"Milinda Madhushan","https://www.facebook.com/milinda.madhushan.2025","Chandima Ranasingha උබ නම් අනිවා එහෙම එකියක්ගෙ පුතෙක් අම්ම කන්නවත් තියන්නෙ ණැතුව ඇති එකයි පන්සල් අස්සෙ රින්ගලා තියෙන්නෙ"
"Samanali Mali","https://www.facebook.com/samanali1234","Sanath Priyankara tho karana de anith unta kiyNnepA. Balahan gaani pitayI"
"Polgolle Rahula","https://www.facebook.com/polgolle.rahula.2025","Sanath Priyankara ammatada"
"Rameez Dasthakeer","https://www.facebook.com/rameez.dasthakeer.9","Polgolle Rahula"
"Ravindra Lakmal","https://www.facebook.com/ravindra.lakmal.399","එතකොට ගෑනුත්එක්ක හිටියොත් සිව්ර ගලවන්නෙත් නෑනේ. මං නිකමට ඇහුවේ හාන්දුඑුවනේ.."
"Lalith Gunasekara","https://www.facebook.com/lalith.gunasekara.760567","Ravindra Lakmal තෝ බලන් හිටියද පර වේසිගෙ පුතෝ?"
"Milinda Madhushan","https://www.facebook.com/milinda.madhushan.2025","Lalith Gunasekara උබේ අම්මා එක්ක ඉද්දි මම දැක්කා සින් එක"
"Priyantha Kumara","https://www.facebook.com/priyanthamonnomet","Ravindra Lakmal  පාරාජිකා උනොත් සිව්ර ගැලවෙනවා සිව්ර දාගෙන හිටියත් භික්ෂුවක් කියලා පිලි ගන්නේ නෑ"
"Anura Wijewickrama","https://www.facebook.com/anura.wijewickrama.94","Ravindra Lakmal තොගේ ගෑනිත් ගියාද?"
"Samanali Mali","https://www.facebook.com/samanali1234","Ravindra Lakmal ube gaani ekkada hitiye"
"Pathmalatha Dilani","https://www.facebook.com/pathmalatha.dilani","Ravindra Lakmal oyage gaaneda heteya aparada keeyak dunnada nomelada"
"Chaminda Kumara","https://www.facebook.com/people/Chaminda-Kumara/pfbid0J4kQTYe5uSSAhs9vRgs3uXqmkiwQL1RUgTsQeAZJTggYTwEdYhwquGKMMFuKVfM5l","Ravindra Lakmal Hamuduruwan oka karanneth thopi wage ponnayo inna nisane. Ponnayange ganu horen yanawa wede karaganna. Thoge gani ganath hodata hoyapan"
"Lalith Gunasekara","https://www.facebook.com/lalith.gunasekara.760567","Milinda Madhushan 🤣 තෝ හරිම පාදඩ වැඩක් නේ කරලා තියෙන්නේ, තොගේ මහ එකී ගෙං අහපංකො එහෙම හිටියාම අපෙ නෑ කමට මොකද වෙන්නෙ කියලා, පර බොන්ඩිගෙ පුතෝ  තොගෙ මහ එකී අවලමේ යන ගමන් නේ මටත් හම්බ උනේ, එ්කිගෙන් අහපංකො මූසල බල්ලෝ තොට අප්පලා කී දෙනෙක්ද කියලා, අන්තිමට පදුරක් පල්ලෙ තෝ වැදුවේ, මුලු ගමම එ්ක දන්නවනේ, මෝ ගෙං අහපිය යටිබඩට දෙකක් ඇනලා තොගේ හරිම අප්පා මොකාද කියලා, එතකොට එලිවෙයි අපේ නෑකම🤣🤣🤣🤣"
"Milinda Madhushan","https://www.facebook.com/milinda.madhushan.2025","Lalith Gunasekara උබෙ ගැම් දැන් ඉන්නෙ මගෙත් එක්ක බම් පොටො එකක් දාන්නාඅ"
"Lalith Gunasekara","https://www.facebook.com/lalith.gunasekara.760567","Milinda Madhushan ගොං හරක් වේසිගෙ පුතා, තෝ නං නියම ගොං මූසල ජෙප්පෙක්, විලිලජ්ජයි"
"Nimal Kariyawasam","https://www.facebook.com/nimal.kariyawasam.52","Anura Wijewickrama ඊලඟට  පල්ලේගම හේමරතන ලමාදූශන නඩුවෙ : 15 හැවිරිදි බාලවයස්කාර දැරියක බරපතළ ලිංගික අපයෝජනයකට හා දූෂණයකට ලක් කිරීම සම්බන්ධයෙන්  DNA වාර්තා (ප්‍රධාන සාක්ෂි) • ශුක්‍රාණු සාම්පල ගැළපීම: වින්දිත දැරිය විසින් පෙන්වා දෙන ලද, විහාරස්ථානයේ ආවාස ගෙයි තිබූ පාපිස්සක තැවරී තිබූ ශුක්‍රාණු සාම්පල පල්ලේගම හේමරතන හිමිගේ DNA සමඟ 100% ක් ගැළපෙන බව රජයේ රස පරීක්ෂකවරයා 2026 අගෝස්තු මාසයේදී අධිකරණයට තහවුරු කළේය. අවසානෙට මෙම  නඩුවේ  තීන්දුවෙන්  හේමරතනට හිරේ  යන්න උනොත්  සිව්ර  පිටින්ද  යායුත්තේ..😂 අනෙත් සිරකරුවන් වැඳ  නමස්කාර කල යුතුද..😂"
"Sathima Hemamali","https://www.facebook.com/people/Sathima-Hemamali/pfbid02bcNHxnMu2AC32CMq273TtwMFYomG4ujaNPmJZWLTFGYSNYY2KXNg3eoNrbgrMcfKl","Ravindra Lakmal"
"Farzan Hassan","","Ravi . .. pahala comment eka daapu ekek ... ooge profile name eka Gaaniyek ge .. eth ooge profile eka kiyanawa Ooo pirimiyek kiyala ....Nathnam Ooo dekatama nathi ekek  da  . ..  thawa ekiyak ahanawa keeyak gaththada kiyala ....  sure ekatama  Gnanapala ge dolapideniyo dennek wenna athi ... mun wage unwa cyber crime ekata report keranna onaa  .."
"Piya S. Fernando","https://www.facebook.com/piya.s.fernando","දේශපාලන හාමුදුරුවෝ මුන්.ගනින්නාසේලාරනිල්..දාපුනඩුවක්.මේක.අනුරමොකදකරන්නෙ"
"Samanali Mali","https://www.facebook.com/samanali1234","Piya S. Fernando ane pernandu cadinalgewedK balagNin"
"Sunil Premasiri","https://www.facebook.com/people/Sunil-Premasiri/pfbid02AM6VSMSdF6ZEiqzmQ6eHL72mZD2U9rA2rMWmZqXCktikX9kpuSSmw9UAgmZhB1JQl","සියුරට දාගෙන   පිස්සු කෙලිකොට කොහේද ඉදියෙ"
"Hashani Fonseka","https://www.facebook.com/hashani.fonseka.2025","දැන්  ඔය  හිරේ  ගිහින් තියෙන්නේ  එක්නෑළි ගොඩ  කියන  කොටි ඔත්තුකරුවගේ  බිරිඳ  කියන  NGO සල්ලි වලට  රට පාවා දුන්න කාන්තාවට  උසාවිය  තුළ  බැන වැදුනු නිසා  කියලා  දන්නවා ද ? බැනපු  එකේ නම්  වරදක් නෑ බැනපු  තැන තමයි  වැරදි.  එහෙමයි  කියලා  උන්වහන්සේ  බුදු දහමට  වරදක් කරලා නෑ. අතීතයේ  සිටම  නිවන උදෙසා  මිදීම උදෙසා  වැඩ කල  හමුදුරුන් වගේම  නිවන කල්  දාලා  ශාසනය  , රට  ජාතිය වෙනුවෙන් වැඩ කරපු  කොටසක්  මේ  රටේ  වැඩ සිටියා."
"Nilka Shiromani","https://www.facebook.com/nilka.shiromani","Samanali Mali හරි උතුරෙ වෙන ඒවා video දාපන් සම්පූර්ණ විස්තරය නැතුව ඕවා පිළිගන්නෙ අපි punnakku කන්නෙ නැ... Habai ubalage archuna මොනව හරි පටන් aranda දන්නෙ නැ😂😂"
"Samanali Mali","https://www.facebook.com/samanali1234","Nilka Shiromani nodakin ubala am koti tath anathai"
"Nilka Shiromani","https://www.facebook.com/nilka.shiromani","Hashani Fonseka eknali godage නෝනා රට පාවා දුන්න කිව්වේ kauda බන් උඹ ට... උබලා ගොතන katha එක්නැළිගොඩ ව අතුරුදහන් කරලා😂bambuwak බුදු දහම ට කරා ගෝඨාභය ට රට අරන් දෙන්න කුමන්ත්‍රණ කරා😂😂mee harak කුලී bayyo හැම තැනම😁😁"
"Nipu Nishshanka","https://www.facebook.com/nipu.nishshanka.5","Nilka Shiromani පිරිබාකරන්ට සර් කියලා උත්තමාචාර තියලා පිලිගන්න රනවිරුවන්ව නිකන්ම නිකන් සෙබලුන් ගානට දාපු කොටි ඩයස්පෝරාවේ රූකඩයක් වූ නිවට නියාලු ජනාධිපතිවරයෙක් හා අනුගාමිකයන් ඉන්න රටක මෙවැනි වදන් අරුමයක් නොවේ."
"අසිරි සිත","https://www.facebook.com/kh5gcsby9h","Samanali Mali ඉතින් බං ඤාණසාරගෙ බඩබොකුද එලියට පැන්නෙ යුද්දෙදි.ඌට තියෙන්නම මුස්ලිම්  විරෝදය .රාජපක්ෂවරුන්ගෙ නිකායෙ ඉන්න ගන ගෙඩියො ඔක්කොම චීවරධාරී පාතාලයො.ඕකුන් බුද්ධපුත්රයානන්ලා නෙවෙයි නිඝණ්ටනාඪගෙ පුත්තු.හරියට ධර්මය අධ්‍යයනය කරපන් ,එකඑකාගෙ අවශ්‍යතාවයන්ට කොටුනොවී😂"
"Samanali Mali","https://www.facebook.com/samanali1234","අසිරි සිත ubalage thinne despalana aeriyas"
"Samanali Mali","https://www.facebook.com/samanali1234","Nilka Shiromani aei baba dekke nedda koti dena kiyanne ape kollo rasayanika awi bawithakare samula gathanaya karanna kiyala. Paravkotiwesi"
"Tharanga Roshan","https://www.facebook.com/tharanga.roshan.622735","එතකොට හාමුදුරුවන්ට වෙනම නීතියක් ඕනෙද ...? අපේ පන්සලේ 9 වෙනිද ඔය වැඩේ කරොත් ආයෙ අපේ ගෙදරින් පන්සලට දානෙ නෑ ස්තිරයි."
"Harin Wijesekara","","Tharanga Roshan තො වගේ ජෙප්පො න්ගෙ ඒව් ඕනිම නැහැ"
"Janaka Gunasekara","https://www.facebook.com/janaka.gunasekara.92","Tharanga Roshan පන්සලේ නම මොකද්ද"
"Nimal Kariyawasam","https://www.facebook.com/nimal.kariyawasam.52","Harin Wijesekara පල්ලේගම හේමරතන ලමාදූශන නඩුවෙ : 15 හැවිරිදි බාලවයස්කාර දැරියක බරපතළ ලිංගික අපයෝජනයකට හා දූෂණයකට ලක් කිරීම සම්බන්ධයෙන්  DNA වාර්තා (ප්‍රධාන සාක්ෂි) • ශුක්‍රාණු සාම්පල ගැළපීම: වින්දිත දැරිය විසින් පෙන්වා දෙන ලද, විහාරස්ථානයේ ආවාස ගෙයි තිබූ පාපිස්සක තැවරී තිබූ ශුක්‍රාණු සාම්පල පල්ලේගම හේමරතන හිමිගේ DNA සමඟ 100% ක් ගැළපෙන බව රජයේ රස පරීක්ෂකවරයා 2026 අගෝස්තු මාසයේදී අධිකරණයට තහවුරු කළේය. අවසානෙට මෙම  නඩුවේ  තීන්දුවෙන්  හේමරතනට හිරේ  යන්න උනොත්  සිව්ර  පිටින්ද  යායුත්තේ..😂 අනෙත් සිරකරුවන් වැඳ  නමස්කාර කල යුතුද..😂"
"Dilan Sampath","https://www.facebook.com/sampath.mudalige.31","Tharanga Roshan ❤️"
"Sathima Hemamali","https://www.facebook.com/people/Sathima-Hemamali/pfbid02bcNHxnMu2AC32CMq273TtwMFYomG4ujaNPmJZWLTFGYSNYY2KXNg3eoNrbgrMcfKl","Tharanga Roshan"
"Sathima Hemamali","https://www.facebook.com/people/Sathima-Hemamali/pfbid02bcNHxnMu2AC32CMq273TtwMFYomG4ujaNPmJZWLTFGYSNYY2KXNg3eoNrbgrMcfKl","Tharanga Roshan තමන් කරගත්තොතින් තමන්ටම තමයි ඉතින්"
"Gihani Asansa","https://www.facebook.com/people/Gihani-Asansa/pfbid0bte82y5NwR49CMndCAgK3ec2fkXsSdPbDgsRNGacWCHUeaAYQCVqW37qaRhE2Kpxl","Tharanga Roshan මෙච්චර දවසක් පන්සලේ ඉන්න අයට කෑම ටිකක් දුන්නා මිසක් කිසි ධර්මයක් නම් ඉගෙන ගෙනම නෑ"
"Gihani Asansa","https://www.facebook.com/people/Gihani-Asansa/pfbid0bte82y5NwR49CMndCAgK3ec2fkXsSdPbDgsRNGacWCHUeaAYQCVqW37qaRhE2Kpxl","Tharanga Roshan තමන්ගේ හිතේ ඇති මතයන්ට අනිත් අය විරුද්ධ මත ඉදිරිපත් කලාම ඒකත් එක්ක ගැටිලා ආයෙ කන්න දෙන්නෙත් නෑ කිව්වෙ පන්සලේ හාමුදුරුවන්ට.. ඉතින් කොහෙද එතන ධර්මයක්.. කන්න නැති හිඟන්නෙක්ට කන්න දුන්න වගේ තමයි.. ආර්‍යන් වහන්සේ කෙනෙක්ට දන් දීල උන්වහන්සේලාගෙන් ධර්මයකුත් ඉගෙන ගෙන නිවනට යන්න මහත්තයෝ.. තමන් කරන කර්මයෙනුයි වසලයෙක් හරි බ්‍රහ්මණයෙක් හරි වෙන්නෙ 👍"
"Sumith Thilakasiri","https://www.facebook.com/pansilukaushalya","Tharanga Roshan උඹල වගේ කලවන් ලේ තියෙන උන්ගෙ දානෙ නැතිඋනාට පන්සල් වලට දානෙදෙන්න සිංහලයන් ඉන්නවා."
"Nfah Nfah","https://www.facebook.com/rehan.nafees.503","පන්සලේ ඇතුලේ සිවුරු දාගෙන ගංජා ගහනකොට නම්බුයි.. මත්පැන් පානය කරන කොට නම්බුයි.. සිවුරු පිටින් කොල්ලො ගහන කොට නම්බුයි.. ගේනු තියං ඉන්නකොට නම්බුයි... ජාතිවාදය වපුරන කොට නම්බුයි... වරදක් කරලා හිරෙ ගිහිල්ලා ජම්පර් අඳිනකොට අවනම්බුයි... හරි නම් වරදක් ඔප්පු කළ සෙනින්ම සිවුරු ගැලවිය යුතු බව තේරුම් ගන්න බැරි ජාතියක් වෙලා...."
"Dammika Dammi","https://www.facebook.com/people/Dammika-Dammi/pfbid0AiHQc8QAcoycLQqzKonGkv8iE5b1AzifUY9PNWnhCaxVHWWL6RXWdQzsNWew5Uonl","මුන් දන්න බණ"
"Chandra Jayalal","https://www.facebook.com/chandrajayalal","Dammika Dammi ombage agama niragamika da gono"
"Gl Palitha","https://www.facebook.com/gl.palitha.716","පිස්සුවක් තිනවායැ ඝන්ටාර ගහන්න පිස්සා"
"Gihani Asansa","https://www.facebook.com/people/Gihani-Asansa/pfbid0bte82y5NwR49CMndCAgK3ec2fkXsSdPbDgsRNGacWCHUeaAYQCVqW37qaRhE2Kpxl","Gl Palitha Eranga Weerasena බලන්න.. මොන තරම් පිච්චි පිච්චිද මහත්තයා ඉන්නෙ කියල. එක එක්කෙනාට එකිනෙකට වෙනස් අදහස් මත තියෙනවා. ඒවා එකිනෙකාට ප්‍රකාශ කරන්න ඒ ඒ අයට අයිතියක් තියෙනවා. ඒ වගේම ඒවා ගොඩක් දෙනෙක් දකිනවා අහනවා. අපිත් ඒ වගේ අය. අපිටත් තියෙනවා විවිධ මත, අදහස්. ඒත් ඒ දෙකක් එකට ගැලපෙන්නෙ නැති උනාම අපි ඒවත් එක්ක තරහ ගන්නවා. කේන්ති ගන්නවා. තමන්ව අවුල ගන්නවා වගේම තමන්ගේ වටේ ඉන්න අයවත් ඒකට එකතු කරගන්නවා. මේක අපාය සහායක කියන මිත්‍රයාගේ ස්වරූපයක්.."
"Sisira Kantha DE Silva","https://www.facebook.com/people/Sisira-Kantha-DE-Silva/pfbid0PGAkzui4CqRaepEwQUsgUCbBcaHkVAEPCeWHTySF9h7baxHp6DL3mTcwvvgMTwQAl","හොර ඝන යට නඩුදාන්න  මූ නීතිය දන්නැහැ, මූට සීලය හා උපසම්පදාව නැහැ, ඝණ්ඨාර ගහන හොරැන්ට  ජඩයන්ට සහය දෙන අයටත්. ජනතාව. දානය දෙන්නේ නැහැ,  අපෙන්උන්ට උත්තර දෙනව. අපි පිත් අාගම දහම දන්නවා, හොර. දුසිල්වත්. සිවිරැ රදවන එලවාදමන්න ජනතාවනි එකතුවෙන්න  බුදු දහම බෙිරාගන්න,"
"Sathima Hemamali","https://www.facebook.com/people/Sathima-Hemamali/pfbid02bcNHxnMu2AC32CMq273TtwMFYomG4ujaNPmJZWLTFGYSNYY2KXNg3eoNrbgrMcfKl","Sisira Kantha DE Silva"
"Akuressa Hewage","https://www.facebook.com/akuressa.hewage","ඌබේ පහල එක හොල්ලපන්"
"Amila Eranda Jayarathne","https://www.facebook.com/amilaeranda.jayarathne","අපේ පන්සල්වල ඔයවගේ දුස්සීල භික්ෂුන් නෑ.. ඝණ්ඨාරේ ගහල දානෙත් නැතිකරගන්න උන්නාන්සේලා සූදානම් නෑ.."
"Gihani Asansa","https://www.facebook.com/people/Gihani-Asansa/pfbid0bte82y5NwR49CMndCAgK3ec2fkXsSdPbDgsRNGacWCHUeaAYQCVqW37qaRhE2Kpxl","Amila Eranda Jayarathne බලන්න.. මොන තරම් පිච්චි පිච්චිද මහත්තයා ඉන්නෙ කියල. එක එක්කෙනාට එකිනෙකට වෙනස් අදහස් මත තියෙනවා. ඒවා එකිනෙකාට ප්‍රකාශ කරන්න ඒ ඒ අයට අයිතියක් තියෙනවා. ඒ වගේම ඒවා ගොඩක් දෙනෙක් දකිනවා අහනවා. අපිත් ඒ වගේ අය. අපිටත් තියෙනවා විවිධ මත, අදහස්. ඒත් ඒ දෙකක් එකට ගැලපෙන්නෙ නැති උනාම අපි ඒවත් එක්ක තරහ ගන්නවා. කේන්ති ගන්නවා. තමන්ව අවුල ගන්නවා වගේම තමන්ගේ වටේ ඉන්න අයවත් ඒකට එකතු කරගන්නවා. මේක අපාය සහායක කියන මිත්‍රයාගේ ස්වරූපයක්.."
"Gihani Asansa","https://www.facebook.com/people/Gihani-Asansa/pfbid0bte82y5NwR49CMndCAgK3ec2fkXsSdPbDgsRNGacWCHUeaAYQCVqW37qaRhE2Kpxl","Amila Eranda Jayarathne ඔයාලා භික්ෂූන් වහන්සේලාව 'හිටු:' කියල පාලනය කරනව ඇති එහෙනම්.. නැත්තන් කොයි භික්ෂූන් වහන්සේ උනත් දන්නවා චීවරයක වටිනාකම 👍"
"Chandrasiri Halahakoon","https://www.facebook.com/chandrasiri.halahakoon.2025","පැය කාලක් උඩ පැනපන් එතකොට ගණ්ඨාරේ වදි"
"Malaka Madushan","https://www.facebook.com/people/Malaka-Madushan/pfbid02UxCavuyiTxeWXFAMp4AhCN9wLMscyjTw3NmpaBfbi63jf2qRGmneq1AJknRCkmAcl","Chandrasiri Halahakoon Fack jvp kadar  😁"
"Polgolle Rahula","https://www.facebook.com/polgolle.rahula.2025","Chandrasiri Halahakoon gaani yawapan tawat lesi"
"Tharish Madhujith","https://www.facebook.com/tharindu.madhujith","ගන්ටාරේ කැඩිලනේ මහත්තය🥲🥲කජු ගහේ ටකේ ගැහුවොත් අවුල්ද🥲"
"Fathik Fahir","https://www.facebook.com/profile.php?id=100065080328165","Tharish Madhujith එ්ත් කමක් නෑ විපතක් නේ වෙලා තියන්නේ😅"
"Rifazmfm Rifazmfm","https://www.facebook.com/rifazmfm.rifazmfm","Tharish Madhujith 😂😂😂"
"Dulanka Wakista","https://www.facebook.com/dulanka.madusanka.92","සිවුර දාගත්ත රාජපක්ෂලාගේ දංකුඩ කන දඩ බල්ලො"
"Janaka Aththaragama","https://www.facebook.com/nipuni.fernando.566","Dulanka Wakista පල පල පල ගොන් බුරැවෙක් බල්ලා"
"Sahan Mendis","https://www.facebook.com/sahan.mendis.567885","Dulanka Wakista ohoma kiyagena yanna"
"Sathima Hemamali","https://www.facebook.com/people/Sathima-Hemamali/pfbid02bcNHxnMu2AC32CMq273TtwMFYomG4ujaNPmJZWLTFGYSNYY2KXNg3eoNrbgrMcfKl","Dulanka Wakista"
"Kanishka Senarath Yapa","https://www.facebook.com/kanishka.senarathyapa","ඒයි ඒයි ගහන්න ඕන ඔය යට තියෙන ඝන්ඨාරේ තමයි🤣🤣🤣🤣"
"Ruwan Tusitha","https://www.facebook.com/people/Ruwan-Tusitha/61576759710029","පැය භාගයක් .කැරි තිත්තය."
"Chandana Rajapaksha","","සිවුර ගලවල ගෑනු එක්ක බුදියනකොට කොහෙද හිටියෙ"
"Malaka Madushan","https://www.facebook.com/people/Malaka-Madushan/pfbid02UxCavuyiTxeWXFAMp4AhCN9wLMscyjTw3NmpaBfbi63jf2qRGmneq1AJknRCkmAcl","Chandana Rajapaksha topi rata idan ragana pimpiyo🤣"
"Rukman Ravindra Dissanayake","https://www.facebook.com/rukman.dissanayake.3","මු ෆිස්සු උට්ටෙක්..."
"Nanda Mehenin Wahanse","","🪷මනුෂ්‍යත්වයේ අත්සන තබන්න ඔබට කරන ශාසනික ආරාධනයයි! ⚖️ උතුම් බුද්ධ ශාසනයේ චිරස්ථිතිය උදෙසාත්, චීවරයේ අභිමානය සහ මනුෂ්‍යත්වයේ උත්තරීතර ගුණධර්මයන් සුරැකීම උදෙසාත් දීපව්‍යාප්තව ක්‍රියාත්මක වන ""මනුෂ්‍යත්වයේ අත්සන"" ලබාගැනීමේ ධාර්මික චාරිකා කාලසටහන මෙසේ ශ්‍රද්ධාවෙන් යුතුව නිවේදනය කර සිටිමු. 🛡️                                                                                                                                                               🧭 සියලුම වැඩසටහන් ආරම්භ වන වේලාව: සෑම දිනකම උදෑසන 8:00 ට (උදේ 8.00 ට)  ""මනුෂ්‍යත්වයේ අත්සන"" - නිල කාලසටහන 📍 • 🗓️ ඔක්තෝබර් 09 (සිකුරාදා): දකුණු පළාත් මෙහෙවර • ගමන් මාර්ගය: දෙවුන්දර ➡️ මාතර ➡️ වැලිගම ➡️ හබරාදූව ➡️ ගාල්ල කොටුව • 🗓️ ඔක්තෝබර් 10 (සෙනසුරාදා): දකුණු වෙරළබඩ / බස්නාහිර මෙහෙවර • ගමන් මාර්ගය: හික්කඩුව ➡️ අම්බලන්ගොඩ ➡️ ඇල්පිටිය ➡️ බෙන්තොට ➡️ අලුත්ගම ➡️ කළුතර • 🗓️ ඔක්තෝබර් 11 (ඉරිදා): බස්නාහිර පළාත් (කොළඹ දිස්ත්‍රික්) මෙහෙවර • ගමන් මාර්ගය: පාණදුර ➡️ මොරටුව ➡️ රත්මලාන ➡️ දෙහිවල ➡️ කොළඹ • 🗓️ ඔක්තෝබර් 12 (සඳුදා): බස්නාහිර පළාත් (ගම්පහ දිස්ත්‍රික්) මෙහෙවර • ගමන් මාර්ගය: පෑලියගොඩ ➡️ කැලණිය ➡️ කඩවත ➡️ ගම්පහ • 🗓️ ඔක්තෝබර් 13 (අඟහරුවාදා): සබරගමුව පළාත් මෙහෙවර • ගමන් මාර්ගය: නිට්ටඹුව ➡️ වරකපොල ➡️ අඹේපුස්ස ➡️ කෑගල්ල • 🗓️ ඔක්තෝබර් 14 (බදාදා): මධ්‍යම පළාත් මෙහෙවර (උඩරට චාරිකාව) • ගමන් මාර්ගය: මාවනැල්ල ➡️ කඩුගන්නාව ➡️ පිළිමතලාව ➡️ මහනුවර • 🗓️ ඔක්තෝබර් 15 (බ්‍රහස්පතින්දා): මධ්‍යම / මාතලේ දිස්ත්‍රික් මෙහෙවර • ගමන් මාර්ගය: මහනුවර ➡️ කටුගස්තොට ➡️ මාතලේ ➡️ නාවුල ➡️ ගලේවෙල ➡️ දඹුල්ල • 🗓️ ඔක්තෝබර් 16 (සිකුරාදා): උතුරු මැද පළාත් (අනුරාධපුර) මෙහෙවර • ගමන් මාර්ගය: හබරණ ➡️ මරදන්කඩවල ➡️ තඹුත්තේගම ➡️ අනුරාධපුර • 🗓️ ඔක්තෝබර් 17 (සෙනසුරාදා): උතුරු මැද / පොළොන්නරුව මෙහෙවර • ගමන් මාර්ගය: මින්නේරිය ➡️ හිඟුරක්ගොඩ ➡️ පොළොන්නරුව ➡️ කදුරුවෙල • 🗓️ ඔක්තෝබර් 18 (ඉරිදා): පුණ්‍ය භූමි මහා සමාප්තිය • ස්ථානය: මිහින්තලාව පුදබිම 🪷 (සියලු සැදැහැවතුන් මිහින්තලාවට ඒකරාශී වන උතුම් දවස)"
"Ro Bey","https://www.facebook.com/Robey007","පල්ලේ ගම හේමරතනට දඩුවම් නියම කරන්න කියලා ඝංඨාරේ ගහන්න බැරිද"
"Tharindu Lakshan","https://www.facebook.com/thridu.lakshn","Ro Bey 😁"
"Achini S Premasiri","https://www.facebook.com/achi.ni.170208","Ro Bey කාගෙද 🤭"
"Aschaminda Atapattu","https://www.facebook.com/aschaminda.atapattu","උක් ගොවියා ඇවිල්ලා ...😂😂"
"Rohitha Nelson","https://www.facebook.com/rohitha.nelson","හිනා යනවා"
"Vipul Pulwansha","https://www.facebook.com/vipul.pulwansha","අනිවාර්යෙන්ම වෙන්නෙ නෑ"
"Gihani Asansa","https://www.facebook.com/people/Gihani-Asansa/pfbid0bte82y5NwR49CMndCAgK3ec2fkXsSdPbDgsRNGacWCHUeaAYQCVqW37qaRhE2Kpxl","Vipul Pulwansha Eranga Weerasena බලන්න.. මොන තරම් පිච්චි පිච්චිද මහත්තයා ඉන්නෙ කියල. එක එක්කෙනාට එකිනෙකට වෙනස් අදහස් මත තියෙනවා. ඒවා එකිනෙකාට ප්‍රකාශ කරන්න ඒ ඒ අයට අයිතියක් තියෙනවා. ඒ වගේම ඒවා ගොඩක් දෙනෙක් දකිනවා අහනවා. අපිත් ඒ වගේ අය. අපිටත් තියෙනවා විවිධ මත, අදහස්. ඒත් ඒ දෙකක් එකට ගැලපෙන්නෙ නැති උනාම අපි ඒවත් එක්ක තරහ ගන්නවා. කේන්ති ගන්නවා. තමන්ව අවුල ගන්නවා වගේම තමන්ගේ වටේ ඉන්න අයවත් ඒකට එකතු කරගන්නවා. මේක අපාය සහායක කියන මිත්‍රයාගේ ස්වරූපයක්.."
"Sanju Sanjeewa","https://www.facebook.com/sanju.sanjeewa.77398","ඔය කිසිම පන්සලක ඔහොම වෙන්නේ නෑ.එහෙම වෙනවනම් වෙන්නෙ කිසිම මොලයක් නැති දේශපාලනඥයෝ පස්සේ ගිහින් උන්ට කඩේ යන මෝඩ මිනිස්සු විතරයි."
"Shirly Samarasinghe","https://www.facebook.com/sherly.samarasinghe.1","පොඩි කෙල්ලක් දුශනය කරපු කෙනාටත් ගංටාරේ ගහමුද"
"Upul Karunatilaka","https://www.facebook.com/upul.karunatilaka.1","පව් බන් මුන් 😭😭😭😭😭😭"
"Biyagama Karunarathne","https://www.facebook.com/karunarathne.wattegedara","Upul Karunatilaka තොපි පව්කාරයෝ බන්."
"Kusuma Kulathunga","https://www.facebook.com/kusuma.kulathunga.475740","2018  බුදියගෙන හිටියද..."
"Lalith Prasanna","https://www.facebook.com/lalith.prasanna.948","Siura galawala badu tika gahaddi nambukaaraida"
"Nuwan Chathuranga","https://www.facebook.com/people/Nuwan-Chathuranga/pfbid0sgFwU8mrPSnSF3ffUt1ZV2mZKRXNZUnQPjhh264NiUguttWtejof3finSUMCTU9Gl","Pissu"
"Gihani Asansa","https://www.facebook.com/people/Gihani-Asansa/pfbid0bte82y5NwR49CMndCAgK3ec2fkXsSdPbDgsRNGacWCHUeaAYQCVqW37qaRhE2Kpxl","Nuwan Chathuranga ""සබ්බේ පෘථග්ජනා උම්මත්තකා"" 👉 බුදුරජාණන් වහන්සේ"
"Dimuthu Thushara","https://www.facebook.com/dimuthu.thushara.1","අරක්කු බීලා වාහන පැදලා, කුණුහර්ප කියකිය බැන්නම උපසම්පදාව තියෙයිද...😂😂"
"B Gayan Wijesekara","https://www.facebook.com/bgayan.wijesekara","Sanga pathalaya"
"Bandula Pattiyage","https://www.facebook.com/bandula.pattiyage","ඇ බොල අර කුඩු ගෙනාපු හාමුදුරුවරැන්ට සිවුරැ ගලවල උසාවි දාන්න කියල මහානායකල කියපු වෙලාවේ උබ කොහෙද උන්නෙ"
"පරිසර මිතුරෝ","https://www.facebook.com/people/%E0%B6%B4%E0%B6%BB%E0%B7%92%E0%B7%83%E0%B6%BB-%E0%B6%B8%E0%B7%92%E0%B6%AD%E0%B7%94%E0%B6%BB%E0%B7%9D/pfbid0nAbmzvfX41NRPey3FFAfeogPEawLoJHF1u4A1PnMGK9uqhxeVQLzS2RSsHBkG8DKl","පිස්සු"
"ෆලෝ එකයි රුපියලයි","https://www.facebook.com/people/%E0%B7%86%E0%B6%BD%E0%B7%9D-%E0%B6%91%E0%B6%9A%E0%B6%BA%E0%B7%92-%E0%B6%BB%E0%B7%94%E0%B6%B4%E0%B7%92%E0%B6%BA%E0%B6%BD%E0%B6%BA%E0%B7%92/61590655858845","මුන්නාන්සෙ විශ්වාස කරලා. ව්‍යාපාර අතහැරලා දේපළ අතහැරලා මහණ වෙච්ච උන්ට දැන් මොනවා හිතනවා ඇද්ද. සත්‍ය බොහොම කටුකයි."
"Ravindu Prabath","https://www.facebook.com/ravindu.prabath.39","Ranilata pumka dunna kale"
"Duminda Lakmal","https://www.facebook.com/duminda.lakmal.781551","අනේ නිකන් පලයන් බං යන්න"
"සාතන්","https://www.facebook.com/people/%E0%B7%83%E0%B7%8F%E0%B6%AD%E0%B6%B1%E0%B7%8A/61582638100218","හාමුදුරුවනේ අපිට ඔබ වහන්සේලාගන් අවශ්‍ය ධර්මය විතරයි. දේශපාලනය අපිට එපා. රට බේරගන්න අවශ්‍ය නම් අන්න ඒකට විහාර මහා දේවිය නිල් පාට බස් එකක දාලා හිරගෙදෙට්ට පා කරලා යැව්වා. දැන් බය වෙන්න දෙයක් නෑ ඔක්කොම හරි."
"Gayan Sandakelum Sahasramukha Ravana","https://www.facebook.com/gayan.sandakelum.sahasramukha.ravana","වර්තමාන සිංහලයින්ගේ කමෙන්ට් දෙස විශ්මයෙන් බලාසිටිමි 😐"
"Ajith Kumara","https://www.facebook.com/ajith.kumara.228871","රතනයාට ආදරය කට්ටිය ලඟ තියෙන ඝණ්ඨාරෙ ගහන්න දෙකට නැමිලා"
"Chamara Pradeep","https://www.facebook.com/people/Chamara-Pradeep/61576225595897","ඇයී  සිඋර ගලවලම නැද්ද ඊට කලින් අනේ පව් නේ 😂😂,"
"Jeewan Nishantha","https://www.facebook.com/jeewan.nishantha.90","පිස්සුද යකෝ"
"Jayantha Vidanage","https://www.facebook.com/people/Jayantha-Vidanage/pfbid0fAEGaoJ8b1sjRt74WTWpWuhFppo1JrBnxsvghFdPWjgsnJWJ3gGFUbRgkmporabNl","බුද්ධ ධර්මය ගාවගන්න එපානෙ,උබල සාසනෙ රැකගන්න ඇත්තටම ඕනෙනම් සතියට තුන්සැරයක් අර කෙල්ලගෙන් බෙහෙත් ගන්න කතා කරපු පල්ලෙගමගෙ සිවුර අයින් කරහල්ල.සිවුර ගලවන්නෙම සාසනෙ රැකගන්නම කියල හිතහල්ල.උබල ඔක්කොම දන්නව බන් ඇත්තටම ගොඩක් පන්සල් වල විනය ධර්මය නැ කියල,යකො ගිහියො ඉන්නව තොපිට වඩා ධර්මානුකුලව විනයක් තියන් ජිවත් වෙන.ඒ මනුස්සයන්ට සිවුර විතරයි අඩු."
"Dash Mal","","Mun okkoma siwru dagatha thukkadi"
"Anura Guruge","https://www.facebook.com/anura.guruge.71","මෙි බුද්ධආගමට නිගා දෙන චන්ඩි  පන්සීල් පද පහවත් නොරකින චිවරධාරියෙක් . නීතිය කාටත් පොදුයි පැවදි අය තමයි  බාල අපරාධ කරනනේ සොබාදහම විනිශ්චය දෙයි ."
"Sarath Weerawansha","https://www.facebook.com/sarath.weerawansha.708636","නානසාරය කරල තියෙන කියල තියෙන දේවල් වල හැටියට   ඔය යකා හෙලුවෙන් ගෙනියන්න තිබුනෙ"
"Pathmasiri Pathmasiri","https://www.facebook.com/pathmasiri.pathmasiri.79827","බුදු දහම දේශපාලනයට ඈද ගන්න එපා මේ වගේ හාමුදුරැවන් නිසා බුදු දහම පිරිහීමට  පත්වෙනවා රාජපක්ෂ නිකායේ අය තමයි මේ ."
"Pasindu Fernando","https://www.facebook.com/pasindu.fernando.92","චීවරය වරදක් කර නැත. වරද කර ඇත්තේ එය ඇදන් සිටි පුද්ගලයාය.  චීවරයට කරන ලොකුම අගෞරවයක් වන්නේ වරදකරු සමග චීවරයත් සිරගත කිරීමයි. චීවරය පොරවා සිටින්නා කරන වැරදිවලට චීවරයවත් බුදුදහමවත් පලි නැත. වරදකරු සිරගත කරන්න. චීවරය ගෞරවාන්විතව පංසලට යවන්න. බුදුදහමට ආදරය කරන අපේ ප්‍රාර්ථනය එයයි.❤️🙏"
"Thusitha Niroshan","https://www.facebook.com/thusitha.niroshan.79","උක් බයියා ඉන්නවා"
"Kapila Wijesinghe","https://www.facebook.com/kapila.wijesinghe.169","ආම් එකෙන් පැනල ඇව්ත් වැරදි වහ ගන්න මහන වෙච්ච ඝනයෙක්,"
"Malaka Madushan","https://www.facebook.com/people/Malaka-Madushan/pfbid02UxCavuyiTxeWXFAMp4AhCN9wLMscyjTw3NmpaBfbi63jf2qRGmneq1AJknRCkmAcl","Kapila Wijesinghe pala pontiya yanda boru nokiya"
"Sathima Hemamali","https://www.facebook.com/people/Sathima-Hemamali/pfbid02bcNHxnMu2AC32CMq273TtwMFYomG4ujaNPmJZWLTFGYSNYY2KXNg3eoNrbgrMcfKl","Kapila Wijesinghe නොදන්න ඒවා කියවන්න එපා"
"Indrajith Mendis","https://www.facebook.com/indrajith.mendis.1","Theruwan saranaie haamuduruwanee..uthum uuu bauddha cheewarayata athatha thiyapu siyaluma deenata vipaaka vidinna sidu weevi...swabaawa dharmayen ma paule eee pitinma hendi geevila yaavi narakaadiyatama...kaalakanni uddachcha Jvp.maalima thrasthawaadi yoooo ekkama....."
"Jayantha Bandara","https://www.facebook.com/jayantha.bandara.7","Indrajith Mendis යකෝ අපේ ඉස්කෝලෙටත් අවනම්බුවක් උබ වගේ උන්.මේක කලින් ආන්ඩුවකින් දාපු නඩුවක්.මේ නඩුව අහන්නෙ,දඩුවම් දෙන්නෙ උසාවියෙන්.ජෙප්පො නෙවෙය් .උබ ආයෙ දෙකේ පන්තියේ ඉදල ඉගෙනගනින්.උබල වගේ ලොන්තයෝ නිසා අපේ ස්කොලෙත් බැනුම් අහනවා.."
"Gamini Jayasinha","https://www.facebook.com/gamini.jayasinha.378","සිර දඩුවම් විදින්න නියම වුනේ පුද්ගලයාට පමණි. එම නිසා දඩුවම් විදින අයගෙන්  චීවරය ඉවත් කිරීම චීවරයට හා බුදු දහමට ගෞරව  කිරීමක් නොවේද හාමුදුරුවනේ..."
"Pradeep Samaranayake","https://www.facebook.com/pradeep.samaranayake.94","Palayan pako yanna"
"Palin Nimantha Priyalath","","මොකෝ කලබලේ... 😂😂😂😂"
"Amil Dodampage","https://www.facebook.com/people/Amil-Dodampage/pfbid02FJkmBR46Qn1Rw8Yg4gvCAbLS5CXvumrEPBSSEkwQiuMB4a2JBfzh7vDmTRKDYHVol","Kade yanawa rajapakshalata"
"Kalpika Chandrakumar","https://www.facebook.com/kalpikachandrakumar","මූට පිස්සු"
"Samantha Kumara","https://www.facebook.com/samantha.kumara.609079","පාස්කුව සම්බන්ධව කතා කරන්න මූ හැංගිලා හිටියේ ඊළඟට ෆොන්සේක ඇතුලට දාද්දී මූට නින්ද ගිහිල්ලාා හිටියේ ්‍රියානි බැල්ලියක් වගේ එලවලා දාද්දි දාද්දී මූ ගංජා ගහලා හිටියේඅටමස්ථානාධිපති දැරියක් දූෂණය කරද්දී මූට කෝම හැදිලා හිටියේ මූට රිදුනේ මොකක්ද ඥානසාරිය ගත්තනම් හරි ඌත් එක්ක ගිහිල්ලා මොකද ඌට තව ගෑනු  ඉන්නවනේ"
"Tharanga Pradeep Salwathura","https://www.facebook.com/ryen.mash","Mona gantareda bro kakul deka mada thiyena akada ?🤪"
"Sunil Shantha","https://www.facebook.com/sunil.shantha.283219","හා හා පොල් ගහන්න එපා හිරේට යන්න වෙනවා හාමුදුරැවනේ ඒතු කුඩාපො හාමුදුරැවන්ගෙ නම විකුනන් කන්න එපා"
"Upali Rathnasekera","https://www.facebook.com/rta.rathnasekera","Rajya palanayede bicsoon ඇගිලි nogaciya යුතුයි කියලා කිව්වේ oyada"
"Somawathi Panthirige","https://www.facebook.com/somawathi.panthirige","මේ රට කුලප්පු කරන කහවස්ත්‍රය ගැන තීරණයක් ගත යුතු නැද්ද"
"Wanniarachchi Sunil","https://www.facebook.com/sunil.wanniarachchi.12","Angoda genichchanam"
"Sabee Gems","https://www.facebook.com/people/Sabee-Gems/pfbid0LGrP43Jd3FZiFG87wgXzcopvf4Fk4BBhCLFCeyKPveYzkjRMCm6A3kRgVTsH2zMel","දුහ්...බල්ල ..."
"Isuru Dinesh Nou","https://www.facebook.com/isuru.dinesh.16","Muge gantare gahanne kauda. Kalakanniya"
"Janaka Jayavilal","https://www.facebook.com/janaka.jayavilal","සක්කිලිය එලවන්න පෙල ගැහෙමු"
"Gayan Gaiya","https://www.facebook.com/people/Gayan-Gaiya/pfbid09usMUkzrDtTirtj2NVaTG7hey27KoRsSPDjqqPBfZnAUTk4yMKXDu491mJg3HYHCl","එතකොට සිවූර ගලවලා ගෑණූ එක්ක බුදියනකොට හොද්ද .නමිබුද තටිටයො"
"Nuwan Kumara","https://www.facebook.com/nuwan.kumara.813477","තායි එහෙම ගිහින් ගලවන් ඉදල ආවට අව්ලක් නෑ"
"Wilsan Ranasingha","https://www.facebook.com/wilsan.ranasingha","ගන්ටාර ගහන්නපිස්සු නැ"
"Arusha Michael","https://www.facebook.com/arushamichael","හාමුදුරුවනේ මේක දැක්කද?  https://www.facebook.com/share/v/1CGCjB4XDC/?mibextid=wwXIfr"
"Priyantha Kumara","https://www.facebook.com/priyantha.kumara.12576","Arusha Michael මේවා බයියන්ට නොපේනේ"
"Chandana Rathnayake","https://www.facebook.com/chandana.rathnayake1","මෙන්න වෙඩි තියල දාන්නලු, නම්බුයි ලු."
"Priyantha Wijesinghe","https://www.facebook.com/priyantha.wijesinghe.501","අනේ මේ ස්වාමීන්වහන්සේව හැකි ඉක්මණින් මානසික වෛද්‍යවරයකු වෙත යොමුකරවන්න."
"Lanumodara Bandula Kumara","https://www.facebook.com/lanumodara.kumara","අපේ පන්සලේ ඝන්ටාරය ගැහුවොත් හාමුදුරුවන් ට දානය දෙන්නෙත් ණැහැ ,ගමේ එකෙක්වත් පන්සල් යන්නෙත් නැහැ හරිද....."
"Suranga Binduhewa","https://www.facebook.com/suranga.binduhewa.1","Lanumodara Bandula Kumara මීට කලින් ගමේ පන්සලට දං වේල් කීයක් දීලා තියෙනවාද?🤣"
"Renuka Kehelella","https://www.facebook.com/people/Renuka-Kehelella/pfbid0YTYuBWCEX7KYRUFWzF9Pq1m5oEf223L3N8uRydJJH3ELvLGA5MNMJv6YFTKYwoddl","අපිනම් ශෝකයට පත් වෙලා නෑ, අපි ආණ්ඩුව එක්ක"
"Sampath Ruwan","https://www.facebook.com/sampath.ruwan.9237","රාජපක්ෂ  lage guuuuuuuu kana eun"
"යුක්තිය වෙනුවෙන් අපි","https://www.facebook.com/ym5yvj8gah","තොපිට ඕවවෙන්න කළින් හිරේගිය එකාට දහම උගන්නන්න තිබුනනෙ තිරිසන්නු සිවුරු දාගන"
"D.M. Ramya","https://www.facebook.com/people/DM-Ramya/pfbid074k4gKqcXeqkXfo48gG13JDyFuK81P1BXywDJDdhcqJfp1L7ZkxrCZk8qs8tRegol","Waradi wada Karana AYATA SIWURU  HODA NAAAA"
"Eranda Sadaruwan","https://www.facebook.com/eranda.sadaruwan.863668","පලයන් පලයන් බොරුවට කෑගහන්නේ නැතුව පරයා"
"Gihani Asansa","https://www.facebook.com/people/Gihani-Asansa/pfbid0bte82y5NwR49CMndCAgK3ec2fkXsSdPbDgsRNGacWCHUeaAYQCVqW37qaRhE2Kpxl","Eranda Sadaruwan Eranga Weerasena බලන්න.. මොන තරම් පිච්චි පිච්චිද මහත්තයා ඉන්නෙ කියල. එක එක්කෙනාට එකිනෙකට වෙනස් අදහස් මත තියෙනවා. ඒවා එකිනෙකාට ප්‍රකාශ කරන්න ඒ ඒ අයට අයිතියක් තියෙනවා. ඒ වගේම ඒවා ගොඩක් දෙනෙක් දකිනවා අහනවා. අපිත් ඒ වගේ අය. අපිටත් තියෙනවා විවිධ මත, අදහස්. ඒත් ඒ දෙකක් එකට ගැලපෙන්නෙ නැති උනාම අපි ඒවත් එක්ක තරහ ගන්නවා. කේන්ති ගන්නවා. තමන්ව අවුල ගන්නවා වගේම තමන්ගේ වටේ ඉන්න අයවත් ඒකට එකතු කරගන්නවා. මේක අපාය සහායක කියන මිත්‍රයාගේ ස්වරූපයක්.."
"Dushan Anupriya","https://www.facebook.com/dushan.anupriya","Mun hamuduruwo nemei  kalaniyo"
"Saman Kumara","https://www.facebook.com/saman.kumara.512731","උඹලා හැමදාම බුදු දහම විකුණන් කනවා"
"Douglas Weerasinghe","https://www.facebook.com/mdweerasinghe","සාසනේ රැකගන්න නම් මුන් ඔක්කොගෙම සිවුරු ගලවන්න ඕනෑ"
"Ravi Ravindra","https://www.facebook.com/people/Ravi-Ravindra/pfbid02FMA7bsf8qRxAXFgWyPYwyyAjgc8XS2pnxNrQVUDhdhzWKTK8ouwKG47WS9pkz8dzl","ඉතින් අටමස්ථානාධිපති ගැනත් කියන්න පුලුවන්ද"
"Supun Chamara","https://www.facebook.com/supun.chamara.cooray","මං කියන්නෙ මෙයාලව චෙක් කරලා බලන්න මොනවට හරි එඩිට් වෙලාද"
"Aberathne Banda","https://www.facebook.com/people/Aberathne-Banda/pfbid0rhgrcPThLM2vwC1TH4ACc1FmNXJBBYLKhKFdKXpK8EMuwmmpCF4FhdspL6FXuDdnl","ඉස්සර වෙලා උඹේ ගන්ටාරෙ ගහගනින් ,හු.පු."
"Wmdd Sanjeewa","https://www.facebook.com/people/Wmdd-Sanjeewa/pfbid027CVjPVXT1ZWxkSQRaBGg5sRnVoibPHS9mujnDXWSmQXsZTzb2Bg1vn6HYvj4exhvl","පල පින් බතො තොට දානෙ දෙන එක තමයි නවතින්නෙ  හොර ච්වරයො"
"Mahesh Silva","https://www.facebook.com/people/Mahesh-Silva/pfbid037GY35mYwvpMcZCjeDGycwEnQ7bX8Rpwo1PTMari7sdHSy63VM9F5qSkGF1ALtcuTl","උබවදපුතත්තගෙවල්ල හොල්ලපන්පොන්නකැරියානමල්ටපුකදෙනපොන්නයාවදපුආම්මාහෙනහතවදින්නඹන"
"Rathu Malli","https://www.facebook.com/rathu.malli.9","පළහුත් හොයන්න ගන්ට හරි ගන්ඨාර ගහන තොගේ අට දෙකේ"
"පිවිතුරු පොහොට්ටුව","https://www.facebook.com/people/%E0%B6%B4%E0%B7%92%E0%B7%80%E0%B7%92%E0%B6%AD%E0%B7%94%E0%B6%BB%E0%B7%94-%E0%B6%B4%E0%B7%9C%E0%B7%84%E0%B7%9C%E0%B6%A7%E0%B7%8A%E0%B6%A7%E0%B7%94%E0%B7%80/100071991004264","සිවුර උස්සලා කකුල් ​දෙක මුල තියන ඝන්ටා​රේ ගහපල්ලා😂"
"Ruwan Milroi","https://www.facebook.com/ruwan.milroi.2025","තොගෙවල්ලගහපිය  පොන්න  ගානයා"
"Krishnasamy Krishna","https://www.facebook.com/krishnasamy.krishna.568","Gobba vasika putto mu"
"Sudath Priyankara","https://www.facebook.com/sudath.priyankara.750","මගේ ඝන්ටා⁣ෙ  ඇහුනද .....හරියටම 9.00 හු කියමුද  හැම ගමකම...එකගද ලමාාායි"
"Tharaka Sandaruwan Puswella","https://www.facebook.com/tharaka.sandaruwan.351756","ඝණ්ටාරයක් නෑ මෙයා කජු ගහේ ටකේ එල්ලලා තියෙනවා ඒක ගැහුවට කමක් නැද්ද?"
"Asanka Sampath Samaranayaka","https://www.facebook.com/asankasampathwk","ඕවා උබලටම වදියි"
"Sham Lan","","හාමුදුරැවෝ voice cut දිලා දේශපාලනය කරන්නේ නැතුව පන්සලට වෙලා බණ කිව්වනන් මේවගේ අශිෂ්ට සමාජයක් බිහිවෙන්නේ නැහැ."
"Mahesh D Ranasinghe","https://www.facebook.com/rangsnowden","මුන්ව උදේට දැක්කම දවසම මුස්පේන්තුයි"
"Sura LK","https://www.facebook.com/stdissanayake","ඝාණ්ඨාරය ගලවල ගහන්න ඕනි ඕකගෙ ඔලුවේ"
"Sumedha Meheni","https://www.facebook.com/people/Sumedha-Meheni/pfbid02xc4SoJ1tW5kikh3g11Rfqo8dE2VPPvu2vDpskMMWHwxDVm7yW5LGWF2HhcS4Bgi4l","උන්වහන්සේ මේ ඉල්ලන්නේ ඥානසාර ස්වාමීන් වහන්සේ නිදහස් කරන්න කියලා වෛර කිරීම පළිගැනීම වෙනුවට උන්වහන්සේට සමාව දීලා මෛත්‍රී කිරීමෙන් තමාගේ සිතටත් අනෙකාගේ සිතටත් සැබෑ සාමය සහ සතුට උදාකරගත හැකි යි"
"Pathum Madusanka Udagedara","https://www.facebook.com/pathumx.madusunkaz","මුගෙ සිවුර ගලවන්න ඕන 😂"
"පිලාන pilana","https://www.facebook.com/pvcwasantha","අ⁣ඩෝ අඩෝ මේ.... 🫢😄"
"නිශ්ශංකමල්ල ගල්කාස්ටක II","https://www.facebook.com/people/%E0%B6%B1%E0%B7%92%E0%B7%81%E0%B7%8A%E0%B7%81%E0%B6%82%E0%B6%9A%E0%B6%B8%E0%B6%BD%E0%B7%8A%E0%B6%BD-%E0%B6%9C%E0%B6%BD%E0%B7%8A%E0%B6%9A%E0%B7%8F%E0%B7%83%E0%B7%8A%E0%B6%A7%E0%B6%9A-II/61591342625866","බල්ලෝ බුරති ගෞතම බුදුරජාණන් වහන්සේ කියාදුන් බුදුදහම පිළිපදින අයවළුන් සහ දූෂණයට විරුද්ධ රට පෙරට යාවි. එපමණයි"
"ඩිස්කේ - Diske","https://www.facebook.com/diskecom","මයික් එක අල්ලන් ඉන්න ඩයල් එක නෙ අරගලය කාලේ නාමල්ගෙ සමාජ මාධ්‍ය බැලුවෙ"
"BLACK ROSE ","https://www.facebook.com/people/BLACK-ROSE/61579772795240","සිව්රු දාගෙනකොච්චර  හාමුදුරුවෝ වරු  කියලා කොච්චරනම් දේවල් කරනවද.කරන්නෙම අමු  කුපාඩි වැඩ ඒවාට එකෙක් කතා කරන්නෙ නෑ. ලමයි දූශනය කරනවා ,හැම  මත්ද්‍රව්‍යයක්ම පාවිච්චි කරනවා , මිනිස්සුනෙ හිත් වල ඔය දේවල් පැල ලරෙත් බහුතරයක් සිවුර දා ගත්තු හාමුදුරු වරු.එහෙනම් පාර්ලිමේන්තු වේ සිවුර දාගෙන ගිහින් මොනවද කරේ ඔය කරපු කිසිම දෙයක් නතර කරන්න දැං මේ කෑ ගහන එකෙක්වත් කතා කරාද . උන් හැදෙන්නෙත් නෑ .ආණ්ඩුවට හදන්න දෙන්නෙත් නෑ.බේර ගන්න දගලන්නෙ බලේ පෙන්නලා.සිවුර ගැලෙව්වේ හොද නැති නිසා.බෞද්ධ සාසනය කෑවේ ,බෞද්ධ ආගමට නිග්‍රහ කරේ, මිනිස්සුන්ට එපා කෙරෙව්වේ  ඔය ඔක්කොම කරේ මිනිස්සු නෙමෙයි හාමුදුරුවෝ  කියලා හිතන් සිවුරු දා ගත්තමිනිස්සු කොට්ටසයක්.සිවුරක් ඇද ගත්ත පලියට හාමුදුරුවෝ කෙනෙක් වෙන්නෙ නෑ. සිංහලයගේ හැමදේම බුද්ධ චීවරය තමයි. කතා කරන්න ඕන අනිවාර්යයෙන් ම.මේක සිංහලයගෙ රට.බෞද්ධ අපේ රට .සිංහලයව හෑල්ලුවට පත් කරන්නෙ කවුද සිවුරු දා ගත්ත අය.ඒ අය අනුබල දෙන්නෙ  කරන්නෙ හොද දේවල්ද. ඔවුන් ප්‍රඥ්ඥාවෙන්නේ වැඩ කරන්න ඕන. එහෙම කරේ නෑනේ.පොඩි පොඩි වැරදිලු.ඒවට සමාව දෙන්න ඕනෙලු ඥානසාර හිමිමනේ කිවුවේ.මේ රට ගොඩ දාන්න බෑ හොරු,වංචාවෙන්,දූෂණයෙන්. ඇයි මේ රටේ වැරදි කරපු අයට දවම් දීලා ඔවුනුත් දවසක යහමගට එන්න පුලුවන්. ඇයි මේ ආණ්ඩුවට ඒක කරන්න දෙන්නෙ නැත්තේ.ජනතාව මේ ආණ්ඩුව පත් කලේ ඒකට නේ."
"Korean Dream Life","https://www.facebook.com/korean1DreamLife3","පුලුවන් නම් අපේ පන්සලේ ඝණ්ඨාරේ ගහලා පෙන්නපන්"
"Tharun","https://www.facebook.com/people/Tharun/61568057623372","මේ 1956 ලු😂😂😂😂😂😂"
"De silva","https://www.facebook.com/people/De-silva/61590961250045","කමක් නැද්ද"
"Sameera Rashmika","https://www.facebook.com/sameera.rashmika","බොන බෙහෙත් මාරු කරල බලන්න. දැන් නම් හොදටම අව්ල්."
"Sathya Palamuwa","https://www.facebook.com/people/Sathya-Palamuwa/pfbid02SEq2JsQUgcVkduMsD7BZPykHy8nAYsm4zkHRz9vdsJkLLYQTK8iV8Cx7eLYr5VMhl","%බුද්ධාගම විනාශ කරන පවුලක් වෙනුවෙන් ජඩ දේශපාලනයේ යෙදෙන මේ රාජපක්ෂ නිකායේ සිවුරු නළුවන්ට සමස්ත %බෞද්ධ ජනතාව විරුද්ධ විය යුතු කාලයයි. අපි අපේ බුදුදහම මේ බොරුවට සිවුරු දාගෙන ඉන්න දේශපාලන %කැනහිළුන්ගෙන් බේරා ගැනීමට පෙරට එමු! 🙏 ​#ProtectBuddhism #LankaPolitics #SriLanka #BuddhistMonks #AwakeCitizens #DhammaProtection"
"KH Sunil","https://www.facebook.com/kh.sunil.523345","මූන්ට සිවුර පිටින් ගැනුත් එක්ක රති කෙලියෙ කෙලින් පුලුවන්"
"Udaya Kumara Perera","https://www.facebook.com/udayakumara.perera.56","ගාන්ටාරය ගැහැව්වාම නයා සාර එලියට එන්නේ නැහැ.පුලුවන්නම් නයා නටවන නලාව ගහැව්වොත් නම් නයාසාර නට නටම එලියට එයි."
"Anil Perera","https://www.facebook.com/anil.perera.9216","සිවුර  උස්සල  එහාට , මෙහාට  වනපිය..🔔🔕🔔ඝන්ඨාරෙ  ගහනව  වගේ නම්  සද්දෙ ඇහෙන  එකක් නෑ.🤣💩🤣 දූෂිත  දේශපාළුවන්ට  මුට්ටි  අල්ලන  ස0ඝ  අවතාර...💀💀💀"
"Pradeep Atapattu","","තිත්තයද මේ"
"Dinidu Muthunayaka","https://www.facebook.com/dinidu.nishan.1","මේ හාමුදුරුවො හරිම මෝඩ පාටයි .මූණ පුරාවටම ඒක පේනවා සිවුර දාගෙන ඒක වහගන්ඩ උත්සාහ කරාට වැඩක් නෑ මේ වගේ කෙනෙකුට බුදුන්ගේ ධර්මය කවදාවත් තේරුම් ගන්ඩ බෑ බණ පාඩම් කරාට අවබෝධයට යන්ඩ බෑ ඒකට ඉතා තියුණු බුද්ධියක් අවශ්‍යයි. ඒක නිසා ඔය වගේ ජඩ දේශපාලනයක් තමයි කරන්ඩ පුලුවන් .මම මේ කියන දේ තේරුම් ගන්ඩ බැරි අය මට බනීවි. ඒක ගැටලුවක් නැ හැබැයි මගේ අදහස මම ඉදිරිපත් කරේ. වෙන අදහස් තියෙන්ඩ පුලුවන් අනිත් අයට නමුත් ගම්වල අහිංසක මිනිස්සු රවට්ටන්නෙ සිවුරත් එක්ක මේ අධාර්මිෂ්ඨ සංඝයා ඒක වෙනුවෙන් කතා කරාට පවක් වෙන්නෙ නැ මම දන්න විදිහට.බුද්ධ දර්ශනය කියන්නෙ බුද්ධි අරගලයක් ඒක ග්‍රහණය කරගන්ඩ සිවුරදාගත්තට බැ ඒකනෙ දේශපාලනයට එන්නේ මේ අයගෙ තියෙන්නෙ ගිහියෙකුටත් එහා ගිය හිර වුන සන්තෘප්ත කරගන්ඩ ඕනෙ විශාල ආශාවන් පොදියක් රැවටෙන්ඩ එපා කරුණාකරලා තාර්කිකව හිතන්ඩ."
"Saman Kumara","https://www.facebook.com/saman.kumara.777509","Mun tama rata ගිනි tiyanne...ape පන්සලේ ghuwoth   sorry tama...😂.."
"Nimal Dissanayake","","ගොනෝ කම්බ හොර තක්කඩි සිවුරු දරාගෙන ඉන්න උන්ට හිරේ නොයන වැඩ කරන්න කියපිය"
"Dayarathna Bandara","https://www.facebook.com/dayarathna.bandara.7","අනේ ගනගෙඩියෝ අපිනමි ඔි වට  යඉ"
"Sumith Dhammika","https://www.facebook.com/sumith.dhammika.58","Ethkot api 9 ude pansalta ynna oneda 😁 poddk kalin kiynna niwaduwak dagnna one"
"K.G. Ruwan Kumara","https://www.facebook.com/k.g.ruwan.kumara.2025","මෙලව රහක් නෑ මයික් පලන්න හදනව"
"Sasith Priyankara","https://www.facebook.com/sasith.priyankara","Mokatada"
"Asantha Weerakkody","https://www.facebook.com/asantha.weerakkody.5","අනේ පළ නිකන් මිනිසුන් අවුසන්නැතුව"
"Isuru Janindra","https://www.facebook.com/isuru.janindra","අපේ පන්සලෙ ගෙහුවොත් ආයේ දනෙත් න$$$."
"Sujith Nishantha","https://www.facebook.com/sujith.nishantha.696337","Koi gantareda ape hamuduruwane 🤣🤣🤣"
"Vijitha Edirisinghe","https://www.facebook.com/vijitha.edirisinghe.921","Ane Pala ganaya thopi ape budu dahama Nathi karanawa"
"Nimal Hitibandara","https://www.facebook.com/nimal.hitibandara","අධිකරණ තීන්දුවට ගරු කළ යුතුයි මේ හොර ඝන ගෙඩියක් දන්න ලබ්බක් නැහැ . හොර ගනයො ඉන්න පන්සල් වල ගණ්ඨාර වැයේ . ඕකයි විස්තරේ"
"Dinesh Gihantha","https://www.facebook.com/dinesh.gihantha","මේ පන්සල් වලින් අපේ පන්සල් දේශපාලනය කරන් නෑ අපේ පන්සල්වල සීනු ගහන්නේනේ නෑ. අනිත් එක මේක නෙමෙයි මේක තවත් ඇතුළෙ ඉන්නවා සිවුරු ඇඳගත්තු කට්ටියක් බොරුවට කෑගහන්නෙ නැතුව සත්‍යයට මුහුණ දෙන්නරටේ ඉන්නද හොරතක්කඩි ඔක්කොම සිවුරු දාගනින් ඉන්නේ. ඇතුලට යන්න ඕනේ නෑනේ ඒකට තමයි නීතියක් තියෙන්නෙ රටේ"
"Nira Jayawickrama","https://www.facebook.com/nira.jayawickrama","දිගටම ගැහුවම කැඩෙයිද"
"Kulesh Gunasekara","https://www.facebook.com/kulesh.gunasekara.7","ගහගනින් තොගෙ යට එක්😂😂"
"Batagall Chaminda","https://www.facebook.com/people/Batagall-Chaminda/pfbid0mVioimykYs4Gsx9oqM2KsSWq39oKEqW4rjAEiMu69kjo44jJseZ8ySPLTgSfab9Rl","ගහාපල්ලකෝ   ගාන්ටාරේ     ගලවල  එල්ලනවා    බේල්ලේ    මිනිස්සුන්ගෙන්    රුපියල   රුපියල    එකතු  කරලා  ඕවා  හැදුවේ   ඔවා   නිගන්ටයෝ  කියනකොට    ගහන්ට   නෙවෙයි  😡"
"Rachitha Wimalarathna","https://www.facebook.com/rachitha.wimalarathna","උබ කනුවක් උඩට නැගල ව$ල්ල හො$ලෝප&න් ප#ගය 😄😄😄😄"
"Asela Kumara Jayawicrama","https://www.facebook.com/asela.kumarajayawicrama.3","කොහොමද දේශපාලනය පකඩයෙක් රකින්න  උඩ පයින හැටි.අටමස්ථානාධිපති අර පොඩි කෙල්ලවදූෂණය කරා සාක්ෂිත් තිබුණා එතකොට මේ පකට හාමුදුරුවෝ පන්සලේ සොකඩ ගැහැව්වද බුදුහාමුදුරුවෝ කියලා තියෙනවා ඔය වගේ පකඩයෝ එකතු වෙලා සාසනය විනාශ කරනවා . එහෙමත් නැත්නම් පිරිහෙනවා කියලා ඒ කාලය උදා වේගන එන්නේ."
"Rajapaksha Suranjith","https://www.facebook.com/rajapaksha.suranjith","බුද්ධ චීවරේ දාගෙන ජඩ වැඩ කරද්දී, ස්වාමින් වහන්සේලට තර්ජනය කරලා කුනුහරප කියලා බනින්දි , බීලා වාහන පදිද්දි..බුදු දහමට නිගා වෙන හැසිරෙන කොට 🤣🤣"
"Pradeep Kumara","https://www.facebook.com/pradeep.kumara.812427","Bath balaya"
"Sarath Kumarasinghe","https://www.facebook.com/sarath.kumarasinghe.528920","රජුන් අදමිටු වෙත් සිටු මැතිඳෝද එගනිත් දැක උන්ගෙ පවත් බමුණු ගහපතියෝද එගනිත්  දැන් වෙන්නෙ මේක.😢😢😢😢 දුක මේ අධර්මිෂ්ඨ පාලකයා පත්කිරීමට දායකවීම ගැන."
"Jayantha Bandara","https://www.facebook.com/jayantha.bandara.7","Sarath Kumarasinghe උබත් හැම 🦬 කුටම රැවටෙන පොරක්.."
"Sarath Kumarasinghe","https://www.facebook.com/sarath.kumarasinghe.528920","Jayantha Bandara ඔව් සමහර විට එහෙමත් අරුත් දක්වන්න හැකි ම⁣ම විස්වාස කරන්නේ ඥාණවන්තයා වරින්වර අදහස වෙනස් කරනව මෝඩයා කවදාවත් නෑ. කියල Wise man change his mind some time but fool never"
"Ananda Wijesinghe","https://www.facebook.com/people/Ananda-Wijesinghe/pfbid02uL2xien3928dY2wxV2nF2ZWXh3ocmGs5QaBPife6LZLtWqs3yaCzBoY8oWWPxNXQl","කුඩාපොල හාමුදුරුවෝ  අරක්කු බීලා දඩුවම් වින්දේ නැත.ඤාණසාර  එහෙමද"
"Lal Hettiarachchi","https://www.facebook.com/lal.hettiarachchi.5203","Palayan  huththo."
"Sahan Narampanawa","https://www.facebook.com/sahan.narampanawa","2018 ත් මු හිටියනම්"
"Sarath Darmasinha","https://www.facebook.com/sarath.darmasinha","නියමයි නියමයි සංග පාතාලයේ වැඩ අරබමු."
"Tharuka Alahakoon","https://www.facebook.com/tharuka.alahakoon","අරේ හුකේ 😄"
"Indika Dias","https://www.facebook.com/indikadiasliyanage","මයික් අල්ලන උන් මුගෙන් ආතල් ගන්නවද මන්දා 😂"
"Harindu Lakshitha","https://www.facebook.com/harindu.lakshitha.340084","තෙල් පෝලිම් වල මිනිස්සු මැරෙද්දි මෙ එක තට්ටයෙක් කතාකරෙ නෑ😑"
"Dilmi Dilhani Bullumulla","https://www.facebook.com/dilmidilhani.bulumulla","Hako hako"
"Ran Waidya","https://www.facebook.com/ran.waidya","තෙරුවන් සරණ යි ඔබවහන්සේට"
"Ajith Ajith","https://www.facebook.com/people/Ajith-Ajith/pfbid024RjouAZCTDpGuu3zsqaen7PXGG7xDHgkzYEFvezB4GWrTk4X98T4iCNGeSsaXVCTl","Mage gama thalawa thalawa awata eka pansalaka gantare gehuwoth aye jivitheta danayak denne nehe.mage mathaya oka."
"Pathum Madushan","https://www.facebook.com/pathum.madushan.393318","Ape pansalee gantaarayak naa. 😂 ekak thino. Eka thinne. Oya boru vada valt nemeii. 😄😄"
"Aruna Wijerathne","https://www.facebook.com/aruna.wijerathne.1","Sarath Kumarasingha  🤣🤣🤣දාන්නෙ මොකද ලැජ්ජයි"
"John Hunter","","NAMOLYAGE.  MUDALTA.  AWADANA.  TETTAYA.   KEDERE.  GANAWA.  ,"
"Fernando PS","https://www.facebook.com/people/Fernando-PS/pfbid0oP3MLt7Fh3A8kgu3gCToQexVy2ZX81NvTUJMxsUrLin39j412xDTKxB43SL28DCpl","Ganyo topta sap kalakanni"
"Wasantha Vithanage","https://www.facebook.com/people/Wasantha-Vithanage/pfbid0eZcLEZ3aHxGysw1FSne7KXqsU663w1AsKhnH5j9wkKYwz6yMB1tDZRyv22PqNUPql","Ammo Lankawa niragamika wela."
"Rasika Nanayakkara","https://www.facebook.com/profile.php?id=100007627907187","Muu kiyana widihata wereddak kalath hire siwra adinna onida??uako wereddak kalanan siwra galawala tiyanna oni aniwaryenma. Ane ubalage baudda kama😁😁"
"Malith Induranga","https://www.facebook.com/malith.induranga.910050","රහත් වෙලා වෙන්නැති හිරේ ගියේ 😂😂"
"Shantha Weerasiri","https://www.facebook.com/shantha.weerasiri.18","Weradikaruwan wi achchu windina police ho hamuda niladharin wenath naduwakata adhikaranayata idiripath karanne nila endumenda? Siwra yanu supekshala,sikshakami bikshuwage nila endumàyi.Gommanpila meya therum gatha uthuyi."
"Kapila Weerasena","https://www.facebook.com/kapila.weerasena.2025","අර්ය සිවුර දාගෙන කරන්න පුලුවන් හැම ජරාවැඩක්ම කරන්න පුලුවන්. මුලින්ම ඒවට විරුද්ධව ගාන්ටාර ගහන්න ඕන. රජවරු ලංකාවේ නෑ, මහජන චන්දයෙන් පත්වන ජනාධිපතිවරයෙක් ඉන්නේ. බාර කාරයෙක් මිස අයිතිකාරයෙක් නොවෙයි. බලෙන්ම අයිතිකාරයො වෙන්න ගිහිහන් තමයි දැන් පවුල් පිටින් හැමදාම උසාවි යන්නේ.  හාමුදුරුවෝ මොලෙන් කරන්න ඕන දේ ඇඟෙන් කරන්න ගිහින් තමයි අල කර ගත්තේ."
"Dushantha Lakmal","https://www.facebook.com/dushantha.lakmal.920009","ගමෙ පන්සලේ ගන්ටාරෙ නෑ...ටකයක් බැදල ගැහුවොත් අවුල් වෙයිද ??"
"Manjula Prasad","https://www.facebook.com/manjula.prasad.7923030","පිස්සු පකයි.."
"Suhasha Xss","https://www.facebook.com/suhasha.sellayah","රටේ නිතිය තමයි ඉහලින්ම තියෙන්න ඔනේ"
"Kanthi Samanmala","https://www.facebook.com/people/Kanthi-Samanmala/pfbid02kHPZAGfq673xvMBxaNAPoeCARVaQU82shq7JVTNuyjS814grDMypNF4M14pvPR74l",",🙏🙏🙏🙏🙏🙏🙏🙏 අනිවාර්යයෙන්ම විය යුතුයි අපි හරිම වෙදනාවෙන් ඉන්නෙ"
"Prabodha Randeny","https://www.facebook.com/prabodha.randeny.5","Pissu yakek mu , Gon thattaya"
"Nayomi Jayawardana","https://www.facebook.com/nayomi.jayawardana.33","බණක් දන්නෙ නැ ,පිනට දානේ කලා බුද්ද චිවරයට ගරහන අපතයෝ."
"Anoma Warnakula Suriya","https://www.facebook.com/anoma.warnakulasuriya.7","ජරාඩොබියාපල"
"Susil Nawagamuwa","https://www.facebook.com/susil.nawagamuwa1961","ඔය සිවුර පොඩි එකෙකුට දීපන් කහකඩයා."
"Hemantha Mahalekam","https://www.facebook.com/hemantha.mahalekam.7","Bududahamata kelina  kallathoni jeppo"
"Milinda Milinda","https://www.facebook.com/milinda.milinda.906","ඒ මොකටද😂"
"Janaka de Silva","https://www.facebook.com/janaka.de.silva.424274","දේශපාළන පිංපියෙක් ...."
"Malinda Bandara","","මුලදි මහන වෙන්න"
"Chandima Fernando","https://www.facebook.com/chandima.fernando.337246","දැන් රජවරු නැ.😂 පැලවත්තේ අන.ව්තරයි.🤣"
"Lal Gamage","https://www.facebook.com/lal.gamage.773","Horu rajavi etha"
"Janaka Tharanga Perera","https://www.facebook.com/janaka.tharanga.353","මයිනා ගේ උක් ගොවි නලුවත් පස්සෙ ඉන්නේ.."
"Suranga Manohara","https://www.facebook.com/suranga.manohara.2025","Pala ganaya yanna wesa balilo"
"Jagath Mawilmada","https://www.facebook.com/jagath.mawilmada.1","අනුර paraya"
"Prageeth Laknath","https://www.facebook.com/prageeth.laknath","හොලවන්න වෙන්නේ උඹේ ඝන්ටාරේ තමා"
"Tharindu Rumesh Perera","https://www.facebook.com/tharindup007","නානසාර ගෙ ඇටේ පොඩ්ඩක් තදටම අල්ලලා වගේ"
"Pradeep Dangamuwa","https://www.facebook.com/pradeep.dangamuwa.2025","බූරුවෙක් කතා කරේ"
"Chamika Nayanajith","https://www.facebook.com/chamika.nayanajith.1","wathura tikak bila inna...."
"Jeewani Priyangika","https://www.facebook.com/people/Jeewani-Priyangika/pfbid033G2aXXMsGeA7TbZbXbLnmZWT8FRSQ2K9gJVMA2um8cKY3p3MczrdWf3bGxjCwMFWl","පරංගින්ට ජාතක වුන එවුන් එදත් හිටියා අදත් ඉන්නවා"
"Lucky Bolonghe","https://www.facebook.com/lucky.bolonghe","සිවුරට දෙන ලොකුම ගෞරවය තමා නුසුදුස්සන්ගෙන් සිවුර ගලවන එක."
"Damian Perera","https://www.facebook.com/people/Damian-Perera/pfbid0zpbqq4End1RioWY59cYsTJSLRMnUiNXouyndwpvdDEakPowaFr8x5dpNqKWgm3oSl","Lucky Bolonghe 💯"
"Meanu Krishanthi","https://www.facebook.com/meanu.krishanthi","මූට පිස්සු ඕක ගෙනියපාන්ගොඩට."
"Sumudu Ranasinghe","https://www.facebook.com/sumudu.ranasinghe.716027","👍 ela karamu ehema 😎"
"Jagath Chanaka","https://www.facebook.com/jagath.chanaka.10","Maru,😂"
"Thilini Herath","https://www.facebook.com/thilini.herath83","රෙද්ද.."
"Dilip Fernando","https://www.facebook.com/dilip.fernando.79","ඔයාගෙ ඩාන්ස් එක ලස්සනයි ඈ"
"Sarath Hemachandra","https://www.facebook.com/sarath.hemachandra.3557","ඒවා.  කරන්නේනැ.   බලුකතා.  කියන.  අයට.  හොදටම.  නිකායේවැඩ"
"Prasad Senavirthna","https://www.facebook.com/prasad.senavirthna","Me oyala siwura galawala desha palanaya karanna mokada budu amuduruwo kiyala.na desha palanaya karanna kiyala me wage Aya buddagamata sapayak🤬🤬🤬"
"Priya Bopage","https://www.facebook.com/priya.bopage","ලංකාවේ සිටියත් mun snws"
"Jayantha Wijayawardana","https://www.facebook.com/jayantha.wijayawardana","⁣වැරදිකරුවන් රකින්න අපට මොකේවත් අමාරුවක් නෑ."
"Sidath Sanjaya","https://www.facebook.com/sidath.sanjaya.96","Ate thamai Gahanna wenne"
"Manju Jayaratne","","මේ හාමුදුරුවෝ කියන ටික j V p ඩෝබින්ට අදාල නෑ."
"D S Priyankara Darmadasa","https://www.facebook.com/people/D-S-Priyankara-Darmadasa/pfbid0YXUxQ31DnLQqN4jr6hNSAuTqZTys1jT1rhSiAVfcymPYrBBtjHS1AvpvkCS68YCrl","Manju Jayaratne බයියන්ට විතරද ? හා හා"
"Nimal Kariyawasam","https://www.facebook.com/nimal.kariyawasam.52","Manju Jayaratne පල්ලේගම හේමරතන ලමාදූශන නඩුවෙ : 15 හැවිරිදි බාලවයස්කාර දැරියක බරපතළ ලිංගික අපයෝජනයකට හා දූෂණයකට ලක් කිරීම සම්බන්ධයෙන්  DNA වාර්තා (ප්‍රධාන සාක්ෂි) • ශුක්‍රාණු සාම්පල ගැළපීම: වින්දිත දැරිය විසින් පෙන්වා දෙන ලද, විහාරස්ථානයේ ආවාස ගෙයි තිබූ පාපිස්සක තැවරී තිබූ ශුක්‍රාණු සාම්පල පල්ලේගම හේමරතන හිමිගේ DNA සමඟ 100% ක් ගැළපෙන බව රජයේ රස පරීක්ෂකවරයා 2026 අගෝස්තු මාසයේදී අධිකරණයට තහවුරු කළේය. අවසානෙට මෙම  නඩුවේ  තීන්දුවෙන්  හේමරතනට හිරේ  යන්න උනොත්  සිව්ර  පිටින්ද  යායුත්තේ..😂 අනෙත් සිරකරුවන් වැඳ  නමස්කාර කල යුතුද..😂"
"Ishan Shiwantha","https://www.facebook.com/ishan.shiwantha.7","Pala ganaya"
"Chandani S Kumari","https://www.facebook.com/people/Chandani-S-Kumari/pfbid03483cR7PYd7jY68kdRdPuMpswXHz2XaQ2hJ1Hk3sfrUYaQvd7x32sDtNcmfgrWTx8l","මරුවිකලෙන් කියවනවා"
"Junais Jamaldeen","https://www.facebook.com/junais.jamaldeen.2025","karana kuppadi jathiwathi wedawalta aniwarima kalawendaona"
"Pradeep Randeniya","https://www.facebook.com/pradeep.randeniya.90","විනාඩි 15ක් ද ...?🤣🤣 පැය භාගයක් ද..?🤣🤣"
"Viru Hewasinha","https://www.facebook.com/viru.hewasinha","අනේ පලයන් බන්"
"Gayan Gayan Hemantha","https://www.facebook.com/gayan.gayanhemantha.3","Thalatha he kaaleth gelewwa neda"
"Priyantha Dahanayaka","https://www.facebook.com/priyantha.dahanayaka.2025","අපේ පන්සලේ වල හොරුන්ට කඩේ යන්නේ නෑ..."
"Dilushan Kiriellage","https://www.facebook.com/people/Dilushan-Kiriellage/pfbid025UgHWFhSUxTC7XG8hzmJqYjii8nNwW2voYSsXxDecb3sQx1KWkczCWoRDdERzGHol","පිස්සෙක්😂😂😂"
"Ushan Mallikarachchi","https://www.facebook.com/ushan.mallikarachchi","දැන්වත් මහන උනා නම් හරි."
"Mariam Saif","https://www.facebook.com/people/Mariam-Saif/pfbid0158MDEWyXfj4yciWpPczk7tifUhWQEWVmf4LydgeyYJV52mZ5xx1T3GQgrDQgs5jl","Pallegama papissena pihagannakota moyala koheda hitiye..2018 siura galeuwa ne"
"Ridma Disanayaka","https://www.facebook.com/ridma.disanayaka.94","MEYA KIYAA HATIYATA HAMOOMA WADA KARZNNA........ KAWADA RAKINNE KIYALA WACHAA  WALIN THEERENAWA NEEE"
"Lalith Gunasekara","https://www.facebook.com/lalith.gunasekara.760567","Ridma Disanayaka 🤣🤣🤣🤣🤣🤣🤣🤣🤣🤮🤮🤮🤮🤮🤮🤮"
"Samantha Samarakoon","https://www.facebook.com/samantha.samarakoon.3154","Adane assata athadala hollapan kahakada ballo"
"Dep Thushara","https://www.facebook.com/dep.thushara","කමෙන්ට් බැලුවම පැඃඇදිලී ඈ..."
"Nimal Gunaratne","https://www.facebook.com/nimal.gunaratne.756","අපි සතුටින්"
"Lahiru Gunawardena","https://www.facebook.com/lahiru.gunawardena.92","Kudapola හාමුදුරුවෝ kanna guugodawal hoya hoya giye naa..."
"Rumesh Malinga","https://www.facebook.com/rumesh.malinga.39","ඝණ්ඨාර gahanna පන්සල් වල ඝණ්ඨාර ne awa හොරකම් කරලා"
"Prasan Buddika","https://www.facebook.com/prasanbuddika.devapura","Gsmtate  gahuwama  ethida. Ame  hamidiruwane  game  daylyanta  thiyana  prshna  balala  pihita  unoth  hodaineda."
"Titus Pussewala","https://www.facebook.com/titus.pussewala","Manna mu siwra galawala pisan kotuwata gihin dapalla"
"Priyantha Kumara","https://www.facebook.com/priyantha.kumara.12576","අපි එනවා මෙත්බෝසෙවනට උදේ 9.00 වෙනකොට. ගහමු ගහන එක දැනෙන්නම . අපි 60 ක් 70 වක් විතර එනවා එක් කෙනා විනාඩි 15 වෙන්න අපි ඔක්කොම ගහමු .  පංසලේ ඝංඨාරේ තියනවනේ ."
"Ruminika Dilanti","https://www.facebook.com/ruminika.dilanti.2025","තව සෙල්ලමක්,,😃😃 2018 යහ පාලන   කාලෙදි මේ විදියට කවුරුක් රැගුවෙ නෑනෙ නානසාර හිරේ ගිය වෙලාවෙ,ජම්පරේ ඇන්දවුව වෙලාවෙ,, 2.50% ක කොටසකට මිස අපිටනම් කිසිම සෝකයක් නෑ,, අපේ ජීවිත පවා අපට නැති කොට,කොයි මොහොතෙ හෝ අපි මැරෙනව කියල දන්න අපිට ,මේ දුස්සීල නානසාරල කියන්නෙ කවුද,,"
"Janaka Niroshana","https://www.facebook.com/janaka.niroshana","Palayan ban yanta"
"Sanjeeva Mudiyanse","https://www.facebook.com/profile.php?id=61554086127738","Nodakin pakinthuwa"
"Lasantha Gunathilake","https://www.facebook.com/profile.php?id=100000591971264","ඝණ්ඨාර ගැහුවොතින් ගහපු එක පන්සලකටවත් මමනම් දානේ දෙන්නේ නැත."
"Isuru Saumya","https://www.facebook.com/isuru.saumya","අටමස්ථානාධිපති අර කෙල්ලගෙ ඇදුන් ගලවද්දි උඹලා කොහෙද හිටියෙ හොර හැත්ත"
"Prabath Kodithuwakku","https://www.facebook.com/prabath.kodithuwakku.7","දැන් දේව්දාස පව්"
"Hirantha Kulathunga","https://www.facebook.com/hirantha.kulathunga","කුඩාපොල හාමුදුරුවෝ ජීවත් වෙලා හිටියනම් මුන්ගෙ කණ පැලෙන්න ගහල"
"AW Faizal","https://www.facebook.com/aw.faizal","Yaanasarata kalin 62 namak gay siwuru galawala hiray innawalu atakota may saadu kohed dannay hitiye"
"Nuwan Dhammika Rukmal","https://www.facebook.com/nuwan.dhammika.rukmal","තල වැපුරුෙවා‍ත් තල ලැෙබ් 😊"
"Dinuka Rukmal","https://www.facebook.com/dinuka.rukmal.621058","Munta birthday 🎂  kapanna. kanna bonna yaluva nha .. eka hinda වියරු vatila inne ape හාමුදුරුවනේ .. yakoo හොරකම් karapu ekak kiyapan ..gothaya ..yakooo ubalata පහුගිය ආණ්ඩු vala daapu sellam මේකේ ehema karanna bha."
"Rajith Liyanarachchi","https://www.facebook.com/rajith.liyanarachchi.9","කාලකන්නි කල්ලිය"
"Kanta Muthumala","https://www.facebook.com/kanta.muthumala","GoGothayek"
"Pradeep Maduranga","","සිවුරු පොරවගෙන ඉන්න පිස්සු යකෙක්"
"Abeyrathne Rathnayake","https://www.facebook.com/rm.abeyrathna","අපි ශෝක වෙලා නෑ..නියම ස්වාමීන් වහන්සේලා කුණුහරැප කියාගෙන පිස්සො වගේ හැසිරෙන්නෙ නැ. දුෂ්ෂීල චීවරධාරීන් ශාසනයෙන් නෙරපා හැරිය යුතුයි.."
"Ymwgpk Udurawana","https://www.facebook.com/ymwgpk.udurawana","මේ අය පෙනි හිට්න්නේ වැරදි.හරි කරන්න විතරමනෙ, මේ අයට මෙච්චර නටන්න දෙන්නෙ ඇයි. සිවුර ගැලවුනේ නෑ, සිවුරෙන් වරදි කල අයෙක් ගැලවෙන්නෙ නීතියට අනුව."
"Sandu Ahinsa","https://www.facebook.com/sandu.ahinsa.14","ගැහුවා..ගැහුවා...ගාන්ටාරේ"
"Gallage Sunil","https://www.facebook.com/gallage.sunil.7","Gahuwada gantare"
"Ranathunga Manike","https://www.facebook.com/people/Ranathunga-Manike/61553402720499","ඝණ්ඨාර ගැහුවට දෙවියො කලබලවෙන්නෙ නෑ.හොරැවෙනුවෙන් තක්කඩිවෙනුවෙන් තිත්තය පැනල.දවසෙම ගහපල්ල. නිකන් තියෙන ගන්ටාරෙ ගහපන් .අපිට පාන්ද"
"Amila Pethum","https://www.facebook.com/amila.pethum.9275","Udema pin Bata kala. 9yata aye Kanna one kiyalai kiyanna."
"Prabath Malluwa Wadu","https://www.facebook.com/pmwadu","සිල්වත් ගුණවත් නැණවත් උපදෙස්"
"Denuwan Chamath","https://www.facebook.com/denuwan.chamath.2025","ක්දාණසර උපසම්පදා 😹"
"Manjula Kumara","https://www.facebook.com/manjula.kumara.620560","මේන් වැඩනම් වැඩ හෙයලා බලන්න විඩියොව"
"Thamara Serasinghe","https://www.facebook.com/thamara.serasinghe.7","මොකද ඔය කෑ ගහන්නේ ?ඔය වෙලාවෙ අපවත් වුනොත් අභිධර්මයට අනුව කොහේ ඉපදේද?හේතුඵල දහම අනුව ගලපා බලන්න හාමුදුරුවනේ .ලෝකයා වෙනස් කරන්න ඔහොම කෑ ගහන එක  හොඳද? සාසනය කඩා වැටෙන්නේ නැහැ මහණ වුනේ යම් අරමුණක් අනුව බුද්ධ පුත්‍රයෙක් ලෙස පැවිදි වෙලා.ලෝභ,ද්වේශ,මෝහ අකුසල් සිත් දුරු කර අලෝභ ,අද්වේෂ අමෝහ කුසල් සිත් පුරවා ගෙන මේ  භවයේම චතුරාර්‍ය සත්‍ය අවබෝධ කර ගන්න වීර්‍ය කරන්න.අනුන් ගැන නොසොයා තමන් ගැන සොයන්න මේ ධර්මය පවතින කාලයේ.ාධිකරණය සිවුර ගැලවූ අරමුණ සිවුරට තියෙන ගෞරවය නිසා බව වැටහුණේ නැද්ද ?තෙරුවන් සරණයි ඔබ වහන්සේ ට ."
"Sriyani Samanthilaka","https://www.facebook.com/people/Sriyani-Samanthilaka/pfbid09Z7rkFbfqFLiY82SB5dDAUY5eATXxSsvxQw5km1edxUgLx5L9gLSzQbUHeb9W5DTl","Bhagya gunasekara අනේද කියන්නෙ. මේ හාමුදුරුවෝ පිස්සුවෙන් වගේ කෑගහන්නෙ .උන්නාන්සෙටත් නඩුවක් මගද දන්නෑ"
"Dinesh Kumara","https://www.facebook.com/people/Dinesh-Kumara/pfbid02rgbTK91ncoWfqmeNk6T37rFPoJHZRxjuRYNcJ3Zf282pG7NErCLhJZ8E8aaXYsWMl","අද exercise කරන්නෙ නැද්ද 🤓"
"Deshabandu Dharmawansa","https://www.facebook.com/profile.php?id=1201648449","Gon pakaya. Moda musala wesige balla"
"Pradeep Subasingha","https://www.facebook.com/pradeep.subasingha.10","මූ නම් රටට සාපයක්"
"Indike Gunawardane","https://www.facebook.com/indike1973","තෝ හොර තක්කඩි යක්"
"Kumari Araula","https://www.facebook.com/kumari.araula.1","නැහැ එහෙම වෙින්නෙ නැහැ"
"Rasika Jeewani","https://www.facebook.com/people/Rasika-Jeewani/pfbid02c8WXcifhFRwLN3iPtrAdetATGT7mPfVh8eA7AMBrEVDuawGFbA8tH2FL4QntHeKol","වාස් කව් කියන්න අපේ හාමුදුරුවනේ දර්මයේ බලය පෙන්න සිංහල බෞද්ධ  අපේ රට  අපි පාරට බහිමු"
"Nilanga Rasaj","https://www.facebook.com/nilanga.rasaj.5","Api nam shoken ne... Horu shoken."
"Ruwan Perera","https://www.facebook.com/ruwan.perera.308345","ඔන්න බල්ලෙක් කියනඑක අහමු..."
"Kelum Bandara","https://www.facebook.com/kelum.bandara.2061","පාරාජීකා වෙච්ච හරක් වෙනුන් තප්පුලනවා.."
"Indika Wijenayaka","https://www.facebook.com/people/Indika-Wijenayaka/pfbid02yMdoyPo4kyEhGysFiPB5Z8pT535eSuX5sbecnEmVADYh27tcHQaydnGGpHYYJj1Gl","මින් පසු බම්ඩු ගහන කිසිදු හිමි නමක් සිවුරු ගැලවීම තහනම්.... සිවුපොට පිටින්ම එහි ජුම්ම්ම්ම්ඩ ඔතා බම්ඩු ගැසීම කළයුතුයි....🤮🤮🤮"
"Asela Deeptha Kumara","https://www.facebook.com/asela.dpkuma","Muu bana kiyana ekekda🤣🤣🤣 ethakota hemarathana podi lamai dushane karaddi tho rahath welalda idiye kalakanniyoo🤮🤮🤮🤮"
"Asanga Udara","https://www.facebook.com/asanga.udara.96","Muga surath galawanna oona"
"Chinthaka Wedage","","ඝන්ටාරෙ ගහගනින්😂"
"Nalinda Sampath Wickramasinghe","https://www.facebook.com/sampath.nalinda","පාටි දාලා නටන එක හොඳයි ද දන්නෑ නේ ..🤣🤣🤣"
"Matsumoto Tours","https://www.facebook.com/matsumototours.tours","හැම පන්සලේම ඇට දෙක හෙළෙව්වනං හරි😂😂😂"
"Weerasekara Bathiya","https://www.facebook.com/sha.kaludodol.5","Kauda me"
"Suneth Prasanna","https://www.facebook.com/suneth.prasanna.39","යකෝ ,තොපි ඔය widihata අපහාසාත්මක ප්‍රකාශ කරලා, by force  ,Eken රටේ ජනාධිපති තුමා ta ,ආමන්ත්‍රණය කරලා, සමාව ගන්න පුළුවන් ද,  ,palamuwenma umbala darmika වෙලා හිටපalla...????"
"Sudarshana Bandara","https://www.facebook.com/people/Sudarshana-Bandara/61583748997294","මෙයාල මේ සිවුරු දාගෙන ඉන්නෙ ධර්මය දේශනා කරන්නවත් බුදු දහම ආරක්ෂා කරන්නවත් නෙමෙයි. සිවුරට මුවාවෙලා තම තමන්ගේ පෞද්ගලික දේවල් කරගන්න. නැත්තන් මොකටද එක එකාට කඩේ යන්නේ බණක් කියාගෙන දෙන දානේ වලඳගෙන පන්සලට වෙලා ඉන්න පුළුවන්නේ... මුන් හින්ද ධර්මය රකින ස්වාමීන් වහන්සේලා බැනුම් අහනව හොර හැත්ත...."
"Malith Pathirana","https://www.facebook.com/malith.pathirana.632147","ඝණ්ඨාර ගැහුවට නිදහස් වෙන්නේ නෑ හොරු"
"Viraj Chathuranga","https://www.facebook.com/viraj.chathuranga.1000","අපිට ඔය කියන ශෝකයක් නම් නෑ අපේ හාමුදුරුවනේ 🤔"
"Somalatha Somalatha","https://www.facebook.com/people/Somalatha-Somalatha/pfbid0gVfCzVQLoRM24oeRWLhMBdLGVZdxP3Q8bdnM8pjyD3YuPXpZaXTx3z6dDMLePvShl","Arakallata saadaranaya  Ellapeiya balla"
"Chanaka Weerarathne","https://www.facebook.com/chanaka.weerarathne.31","යකෝ අපිට පව් පුරවන හැටි😮"
"Nishan Madhawa","","Walla hollahan ude 8ta😭"
"Suranga Konara","https://www.facebook.com/suranga.konara.35","එදා අරගලේ.....🤣🤣🤣🤣"
"Biyantha Saminda","https://www.facebook.com/biyantha.saminda","මේ යකා ගෙත් ගැලවෙයි වගේ."
"Tharaka Akalanka","https://www.facebook.com/people/Tharaka-Akalanka/pfbid0jbJy97ahouVjr5X17UonT6utRNLo3gZwh9bpcWgrGLK3vZGSHxGSb2oPCerNwTH1l","මුගෙ සිවුර ගලවලා ඔලුවෙි දාන්න ඔින"
"Visaka Samarawikrama","","පිළල මුන් මේ ර විනාස කරන අපිට කිසිම් ශෝකයක් නෑ"
"Chandrasiri Vithanage Chandrasiri","https://www.facebook.com/chandrasirivithanage.chandrasiri","Ape rata demalatai hambayatai dila iwarai ape hamudruwane"
"Dayarathna Mahindasinghe","https://www.facebook.com/Dayarathna.Mahindasinghe","බුදුරජාණන් වහන්සේ නමකට ගලපන්න එපා අධාර්මික ස්වාමින් වහන්සේලා දේශපාලනයට කඩේ යන හාමුදුරුවන් කියන දෙවල් විස්වාස කරන්න එපා ඕකට උසාවියට ගිහිලා කියන්න....."
"Pradeep Jayasinghe","https://www.facebook.com/pradeep.jayasinghe.125","Ubage gantare gahapan p kya"
"Ruckmal Edirimuni","https://www.facebook.com/ruckmal.edirimuni.3","රජපකෂ. නිකය"
"Kethmi Kulathunga","https://www.facebook.com/people/Kethmi-Kulathunga/pfbid0sfAd5LsCwmutExzu9GPy3d8gnPcbVtpSsomVS8UhnMkUoBd8kC2G2XdEX8u2kW6Vl","""මනුෂ්‍යත්වයේ අත්සන"" තබන්න ඔබත් එක්වන්න! 🤝✍️ ඔක්තෝබර් 9 සිට 18 දක්වා දෙවුන්දර සිට මිහින්තලය දක්වා මුළු රටම යා කරන උදාර ගමන. ඔබගේ මනුෂ්‍යත්වයේ අත්සන එක් කිරීමට පහත දිනවලදී අප සමඟ එකතු වන්න! 🙏✨🇱🇰 📍 ගමන් කාලසටහන:  * ඔක් 09 (උදේ 8.00): දෙවුන්දර ➔ මාතර ➔ වැලිගම ➔ හබරාදුව ➔ ගාල්ල  * ඔක් 10: හික්කඩුව ➔ ඇල්පිටිය ➔ අම්බලන්ගොඩ ➔ කළුතර ➔ වාද්දුව  * ඔක් 11: පානදුර ➔ මොරටුව ➔ රත්මලාන ➔ දෙහිවල ➔ කොළඹ  * ඔක් 12: ගම්පහ ➔ මීරිගම ➔ කඩවත ➔ කිරිබත්ගොඩ  * ඔක් 13: නිට්ටඹුව ➔ අඹේපුස්ස ➔ වරකපොල ➔ කෑගල්ල  * ඔක් 14: මාවනැල්ල ➔ කඩුගන්නාව ➔ පිළිමතලාව ➔ නුවර ➔ දිගන  * ඔක් 15: කටුගස්තොට ➔ මාතලේ ➔ නාඋල ➔ ගලේවල ➔ දඹුල්ල  * ඔක් 16: තඹුත්තේගම ➔ මරදන්කඩවල ➔ හබරණ ➔ අනුරාධපුරය  * ඔක් 17: මින්නේරිය ➔ හිඟුරක්ගොඩ ➔ පොළොන්නරුව ➔ කදුරුවෙල  * ඔක් 18: මිහින්තලය හැමෝටම ගෞරවයෙන් ආරාධනා කරනවා! 🤝✨"
"Kamal Wenura","","මේ හාමුදුරුවෝ බීල දගලනකොට ඔබ වහන්සේ කොහෙද හිටියෙ...දැන් බොරුවට දගලන්න එපා..."
"Saman Perera","https://www.facebook.com/people/Saman-Perera/pfbid02115x1kLFaxcy2Qg9eCs8z8dz3Y8iGFKzxx4ryY3QmZT3De75RJYAEdrtk5eg37zel","අපේ පන්සල්වල කීයටවත් ඔය වගේ ගොන් වැඩ කරන් නෑ, බැරිවෙලාවත් කරොත් කිසිම මනුස්සයෙක් ආයේ දාන දෙන්නෙත් නෑ පන්සලට"
"Thusitha Rangana","https://www.facebook.com/thusitha.rangana","Atharima phone ekenma penawa..."
"Shehan Dilshanka","https://www.facebook.com/shehan.dilshanka.2025","අර ගැනූදරුවා දූශනය කලා අටමස්තානාදිපති හොර ඝනයා තෝපි ඒකෙක්වත් කතාකලාද ඒ ගැන දැන් බයිලා කෙලිනවා හොර ඝනගේඩියෝ ටික තොපිට ඝහලා ඒලවන්න ඕනේ"
"Palliya Guruge","https://www.facebook.com/palliya.guruge.52","Yakune meka maha hena gahana kathawak....NE ara Ahinsaka daruwek GE redie galawapu Kaha kadayata kawruth virodaya Pawel NAA....me Kaha kadayata Dane newei denna one...thankola mitiyak...punnakku baldiyak denna one...."
"Ajith Rajapaksha","https://www.facebook.com/AjithRajapaksha.raj","හොර නඩය"
"Deepthi Jayasundara","https://www.facebook.com/deepthi.jayasundara.73","හිරේ ඉන්න එකාගේ සිවුරෙ එල්ලෙන මුන්ගෙත් සිවුරු ගැලවිය යුතුයි"
"Kalyani Ganga Withanage","https://www.facebook.com/kalyani.ganga.7587","මරු ආගමවාදය අවුස්සන එක.. සද්ධර්මය දේශනා කරන ස්වාමින් වහන්සේ ල නිහඩව ඉන්න ව.. නමුත් දැන් හොඳ ට බලාගන්න පුළුවන් දුසිල් වත් අය"
"Supun Amila","https://www.facebook.com/supun.amila.12","සිඋර ගලවල උඩ පැනපන් එතකොට ගාන්ටාරෙ වදිනව"
"රුචිරංග ගයාදිශ","https://www.facebook.com/ruchiranga.gayadeesha","මහණ වෙයන් pkyo. නඩු 14තියන් එකෙක්.."
"D.G. Jayathunga","https://www.facebook.com/people/DG-Jayathunga/pfbid02BgdmEFJcPXRwPBD242j7XcPUxSj5SEZF2W6Tsvz7iG8KDudXq9T2L8dTjzBTZNtnl","Me kiyana kicima deyak karanna epa mewa horu bera ganna karana wadak eka"
"Vihanga Udara","https://www.facebook.com/vihanga.udara.90","Siura galavala ganuth ekka budiyanna hodada ganayo"
"Thilak Kapila","https://www.facebook.com/thilak.kapila.1","තුනයි"
"Sampath Fernando","https://www.facebook.com/sampath.fernando.505523","පන්සල්වල කොහෙද හාමුදුරුවරුනේ බුදු දහම තියෙන්නේ, මම නම් ගොඩාක් කල් පන්සලෙන් ඈත් වෙලා වෙලා හැබැයි බෞද්ධ දර්ශනයෙන් නම් ඈත් වෙලා නෑ"
"Suneth Madhushanka","https://www.facebook.com/suneth.madhushanka.2025","Gantare gahana hema pansalakatama dane denna epa..munta nikan kala thela wediwela😁😁😁😁"
"Manjula Suranga","https://www.facebook.com/manjula.suranga.9","Anna UK goviyath innawa.. Siyalu pansal kiyanne thope unge."
"Vissundara S Nethra","https://www.facebook.com/people/Vissundara-S-Nethra/pfbid02sdkDdV9ySkhHmmNVbP6koRM49bdDM8JSeS2g6PoGJXfbHpysJum7is7UxhdxB1HKl","ඇත්ත වශයෙන් ම"
"Ishan Mallawarachchi","https://www.facebook.com/ishan.mallawarachchi","කෙලපම් කහකඩ හොර හැත්ත"
"Upali Senerath","https://www.facebook.com/upali.senerath.2025","ඔය රාජපක්ෂගේ නිකාය"
"Sisira Kumara","https://www.facebook.com/people/Sisira-Kumara/pfbid02vYNBFApu1Kipd93mpCvpFgJckzZE9Vj2HnxfNZUi4jGzJx36Ajnfg4yNGn9B3vhbl","Ata hollala"
"Chamilka Heshan","https://www.facebook.com/chamilka.heshan","ඉතින් ඔහොම ඉදන් හෙල්ලුවනම් ගාන්ටාරේ ගහන්න තිබ්බා🙄"
"Nadeeshan Lakmal","https://www.facebook.com/nadeeshan.lakmal.129","මුගෙ ඝන්ටාරේ ගැහුවොත් මොකද..."
"Ajith Samarasingha","https://www.facebook.com/ajith.samarasingha.219876","මේ උඹල උඔලගේ  ගංටාරේ  ගහගනිල්ලා  හැබැයි  සද්දේ නැතිවෙයි 😭😭😭😭"
"Puspq Rani","https://www.facebook.com/puspq.rani","සත්තකින්"
"Saliya Mirihagalla","https://www.facebook.com/people/Saliya-Mirihagalla/100086736034011","🙄🙄 රාජපක්ශල අවසාන තුරුම්පුව රාජපක්ශ නිකායට බාරදීල තියෙන්නේ 🤔🤔 මේ ශ්‍රමනවේශධාරියා උසාවිනියෝගයට අබියෝග කරන්නේ 😥😥 මහජනසාමයට බාදා කරන්නේ පොලිස්පතිතුමනි පොලිසඇමතිතුමනි වහාම නීතිය ක්‍රියාත්මක කරන්න 🙏🙏🙏"
"Gnanasiri Kumarasinghe","","Rajy adarmikae"
"Sudath Samantha Nagahawatta","https://www.facebook.com/ssn.ssn.98837399","පිස්සෙක්.😭"
"Santha Alagiyawanna","https://www.facebook.com/rpsanthak","හපොයි......"
"Sameera Lakshitha","https://www.facebook.com/sameera.lakshitha.10","කුඩාපොල හාමුදුරුවෝ කියන්නෙ හාමුදුරුකෙනෙක්... තොපිව කුඩාපොල හාමුදුරුවන්ට සමාන කරන්න බෑ බොලං"
"Danushka Lakaml","https://www.facebook.com/danushka.lakaml.3","අනේ නිකම් හිටහන්. කෑ ගහන්නෙ නැතුව."
"Jayawardana Ui","https://www.facebook.com/jayawardana.ui","රෙද්ද oyita kalin giya unge siworu galawapu ewon වෙනුවෙන් thopi katha karada"
"Saman Nandana","https://www.facebook.com/people/Saman-Nandana/pfbid02Vt9g32pP5WDe4U1QV5d8GxLAfsLsDjchBLwdsbvPEWoynSX8JbXefCynNM1Z2Eqjl","සිවුරු පොරෝගන ගිහියන්ගෙන් සිව්පසින් උවටැන් ලබා...කාලකන්නි වගේ අසරණ ගිහියන් මුලා කරන එක නම්ම්බුද යකෝ....කුඩාපොල හමුදුරුවෝ ගැන තොපේ කටින් කියන්නවත් එපා"
"Nilka Shiromani","https://www.facebook.com/nilka.shiromani","අන්න අර raul horath ඉන්නවා.. තිත්ත galletath හොඳ කුට්ටිය ක් දීලා අර හොරාට වගෙම😂.. මෙයත් ay අර baby වගෙම ගල් අඟුරු, containor ganai, dollar ganai කියවන්නෙ එ කියන්නෙම baby wa ගෙන්න දගලන ව😂😂ඒකයි තැනේ හැටියට ane ගහන්න හදන්නෙ😂ගල්බොඩ ව අල්ලගෙන😂"
"Ananda Banagoda","https://www.facebook.com/ananda.banagoda.2025","කුඩාපොල හමුදුරුවනංටත් අපහසු කරන දියර දාරින්😂😂😂😂"
"Thushara Indika","https://www.facebook.com/thushara.indika.507027","මුන්ට ඔඩ්ඩි"
"Nandawathi Wijerathna","https://www.facebook.com/nandawathi.wijerathna","සිවුර ගලවන එක අවනම්බුයි සිවුර දාගෙන කරන කෙළි හොඳයි නේද"
"Thanuja Wickramaarachchi","https://www.facebook.com/thanuja.gamage.9256","Nandawathi Wijerathna 👍"
"Indika Sumudu","https://www.facebook.com/people/Indika-Sumudu/pfbid0kzZbwu72WuyJwiUPDA42xiLap1epcQ7jcPkjmSXKotfv9cNPWYtMcHqnKQjsk6RRl","Palayan Yako yanna topi ne adarmeeka kalakanni"
"Chanaka Vimukthi","https://www.facebook.com/people/Chanaka-Vimukthi/pfbid02vUsWRvKD96GQRL4VMTWdDqSwTm9RgYxsZhDwrndKAHHwATqSz7wbV6mpQGySKfh6l","තිත්තගල්ලේ පුක සුදුද"
"Dasith Chamoth","https://www.facebook.com/dasith.chamoth.3","නෑ නෑ ඒම දුකක් නෑ😂"
"Darshana Rathnayaka","https://www.facebook.com/darshana.supun.355","කව්ද බ්න් මේ...🤣🤣🤣🤣"
"Md Abeywickrama","https://www.facebook.com/md.abeywickrama","කකුල්. දෙක. මුල. තියෙන ඝංටාරයද. ගහන්නෙ මචං"
"Wimal S Kodithuwakku","https://www.facebook.com/wimals.kodithuwakku","Md Abeywickrama ආන්නේක තමයි හොල්ලන්න ඕන"
"Pathirange Priyankara","https://www.facebook.com/pathirange.priyankara","කතිරයක තරමක් ජනතව මරගේන පිනට කන වුන්"
"Manoj Priyantha","https://www.facebook.com/people/Manoj-Priyantha/pfbid0218qekuH9fQ1quLxnsauzMhzjyajUCxi1qSSSQP1oQ77irGCt3zG44vmmZppBixMxl","Ape pansale gantare meda gediya iye kaudo pannagena gihi ... 😂😂😂😂😂😂😂"
"Upul Samarasekara","https://www.facebook.com/upul.samarasekara","හාමුදුරුවෝ කෙනෙකුට තියෙනවා ඉස්සෙල්ලා විනය විනයක් නැත්නම් හාමුදුරු කෙනෙක් ගාව  එය හාමුදුරුවන්ගෙන් ඵලයක් තියෙනවාද රටේ ජනතාවට වැදගත් විදිහට කතා කරන්න  ඔක්කොටම ඉස්සෙල්ලා ඒක පුරුදු කලා  ස්වාමීන් වහන්සේ කෙනෙකුට අවශ්‍ය විදිහටද කතා කරන්න  තවත් හාමුදුරු නමකට  ඔක්කොටම ඉස්සෙල්ලා  ඔය කෑගහන හාමුදුරුවෝ අරගෙන පුරනුත් කල්පනය කරන්න"
"Lakshan Balasooriya","https://www.facebook.com/lakshan.balasooriya.94","Pala hukanna yanna"
"Chamara Sadaruwan","https://www.facebook.com/people/Chamara-Sadaruwan/pfbid04vgTFL6jjqoK3QxVNCttuJ2iWk6deNtu4qikEkxBN7WSLXj7sYS3CnEFFVNaptk4l","Playan  pkoo badukaryo thopi thamai apee buddashasnee kala vinasa karee"
"Balasuriya Ravi","https://www.facebook.com/balasuriya.ravi","රජු අදර්මික රටේ විනසයි"
"Dinusha Ananda","https://www.facebook.com/people/Dinusha-Ananda/pfbid02X9sFRqGFjK2tHBi8Q7KsvuCknRLZ7WgyL2NDVymK9wnFsdfxDuNUHLJ5sgxig6Eil","2018 oka dekke nedda ballo"
"Chamara Jayawardena","","Pissu gu kavada yako 😭😭😭"
"Sampath Pradeep","https://www.facebook.com/sampath.pradeep.12764","කුඩා පොල් හාමුදුරුවෝ ට අගව්රවකරන් එපා"
"Lalantha Sahabandu","https://www.facebook.com/lalantha.sahabandu.5","සිවුර  වෙනුවෙන්  ආවනම්  ඒක ගැන කතා කරපන්..කෙලවගත්තේ  කට  හින්දා"
"Thikarathna Danapalage","https://www.facebook.com/people/Thikarathna-Danapalage/pfbid0vQBB1C7xoy4tJCdkTZKpcXpKJ215Ab4ekiU3M1gQ51gnWhVByS3J9wEFiw4ZeMBil","Ay thoga ammaþzhukznnzdz"
"Eradala Samanrenu","https://www.facebook.com/eradala.samanrenu","Rata kalabala karanawa.thamange wasiyata..minissunge le halennath bari na.meka baudda ratak.mage rate minissu araksha wewa...me minissungen."
"Saraht Nandasiriwg","https://www.facebook.com/saraht.nandasiriwg","ඇට දෙකත් එක්කම ඨාන්ටාරය හොලවන්නද"
"Udaya Kumara Karunarathna","https://www.facebook.com/udayakumara.karunarathna.3","Kakul deka asse thiyena gantarr gahapan…Kalakanni kahakadaya"
"Rohan Anuruddha","https://www.facebook.com/rohan.anuruddha.2025","කව්ද බන් මුන්.. 🐄🐄🤭🤭"
"Bambaragamage Sunil","https://www.facebook.com/bambaragamage.sunil","මේ රජයට රටේ දැවෙන ප්‍රස්නවලට විසඳුම් නෑ ඊළඟ වතාවටත් මේ රට විනාශ කරන්න හදන්නේ විශාල ලේ වැගිරීමක පෙරනිමිති පහළ වෙනවා"
"Liyanage Anura","https://www.facebook.com/liyanage.anura.969","උඩ  පැන පැන  හිටපන්   ගන්ටාරය  නිකම්ම  වදී"
"Sapumal Kumara","https://www.facebook.com/people/Sapumal-Kumara/pfbid0fPt3S8dxdobVxZuTrNVMstzkfucEaTyDwVuhHho8xbShh2FuRZa2t54jPoJ61nH7l","Uba  me  magulak  kiyanawa  ape  pansale  poyatawath  gantare   gahanne   nha   ban"
"Chandima Ranasingha","https://www.facebook.com/chandima.ranasingha.94","තම තමන්ගේ  පන්සල්වල  දායකයන්  දැනුවත් කරලා  සියලුම  ජනතාව    කසවත වෙනුවෙන්  එකතු  කරන්න   ඕන  අපේ  හාමුදුරුවනේ 🙏🙏🙏"
"Nimal Kariyawasam","https://www.facebook.com/nimal.kariyawasam.52","Chandima Ranasingha පල්ලේගම හේමරතන ලමාදූශන නඩුවෙ : 15 හැවිරිදි බාලවයස්කාර දැරියක බරපතළ ලිංගික අපයෝජනයකට හා දූෂණයකට ලක් කිරීම සම්බන්ධයෙන්  DNA වාර්තා (ප්‍රධාන සාක්ෂි) • ශුක්‍රාණු සාම්පල ගැළපීම: වින්දිත දැරිය විසින් පෙන්වා දෙන ලද, විහාරස්ථානයේ ආවාස ගෙයි තිබූ පාපිස්සක තැවරී තිබූ ශුක්‍රාණු සාම්පල පල්ලේගම හේමරතන හිමිගේ DNA සමඟ 100% ක් ගැළපෙන බව රජයේ රස පරීක්ෂකවරයා 2026 අගෝස්තු මාසයේදී අධිකරණයට තහවුරු කළේය. අවසානෙට මෙම  නඩුවේ  තීන්දුවෙන්  හේමරතනට හිරේ  යන්න උනොත්  සිව්ර  පිටින්ද  යායුත්තේ..😂 අනෙත් සිරකරුවන් වැඳ  නමස්කාර කල යුතුද..😂"
"Gunathunga Amarasiri","https://www.facebook.com/gunathungaamarasiri.amarasirihavaga","අපි ශොකයට පත් වෙලා නැහැ"
"Hithaisha Anupama","https://www.facebook.com/hithaisha.anupama.3","මුන් කොහොමද බන් මෙහෙම කියන්නේ"
"Bandara Herath","https://www.facebook.com/bandara.herath.193187","කොසොල් රජ්ජුරුවෝ හීනෙන් දැක්ක සාසනය කන උන් සාසනයෙන්ම බිහිවෙන බව  පහුගිය කාලේ  සිවුරු දාගත්තු රාජපක්ෂ නිකායේ සෙට් එක ඔය  පවුල් පංසල් දෙකම අරන් සිවුරට මුවාවෙලා සක්කිලි වැඩ කරන්නේ  ගිහියන්ට වඩා අපත වැඩ කරන චිවරයට මුවා උනා පාතාල කල්ලියක් ඉන්නවා රට විනාස උනා බන්කොලොත් උනු ජනතා මහපාරේ පොලින්වල මැරුනා කන්න නොමෙතිව  මැරුනා  චිවර දාරින් එදා නින්ද ගියා වගේ රාජ්පක්ෂ පාලකොයෝ රකින්නට නිහඩව හිටියා  රාජපක්ෂ ලග මහන උනු සෙට් ඉන්නවා බල්ලො වගේ රජපක්ස ට හීලෑ උනු"
"Jaecika Sudarma","https://www.facebook.com/jaecika.sudarma","හැම පන්සලක්ම වහලා..හාමුදුරුවරු එළියට බහින්න ඕනේ කිසිම දෙයක් කරන්න නරකයි පන්සල්වල. ින් හාමුදුරුවනේ ඔයාලා හැමෝම පන්සල් වහලා එළියට බහින්න"
"Manori Cabral","https://www.facebook.com/ManoriCabral","මාලිමාව දිනවන්න ස්ටේජ් වලට නැගල කෑ ගහපු හාමුදුරුවන්ගේ  පන්සල් වලත්  ගන්ටාරේ ගස්සන්න"
"Nihal Perera","https://www.facebook.com/nihal.perera.1612147","ගාන්ටාරෙ ගහන්න තමුන්නාන්සෙ ගෙ එකද"
"Ishara Munasinghe","https://www.facebook.com/ishara.munasinghe.319923","Kauda me hamuduruwo namakda chandiyekda"
"Sagara Sebasthiyan","https://www.facebook.com/sagara.sebasthiyan.2025","Oi oi oi සිවුර ඇදගනෙ බීල රිය පැදෙව්වම සිවුර ගැලවෙන්නෙ නැද්ද හරක්"
"Malan Sameera","https://www.facebook.com/malan.sameera.2025","thuk noddakin sakkili ballo mun seramath ice kudu gshana arakku bila badu gahana siurai sasanei budu dahamai ratai serama vikunan kana ponna wesa ballo"
"Haris Marikkar","https://www.facebook.com/haris.marikkar","සිවුරු දාගෙන ගෑනු ලමයින්ගෙ ඇඳුම් ගලෝන එක හොඳයි වගේ"
"Amila Suranjith","https://www.facebook.com/amila.suranjith.984","Pala kari ganya yanna"
"Rasika Wueschner","https://www.facebook.com/rasika.wueschner","අඩබෙර. ගහන්න."
"Kirthe Prasana","https://www.facebook.com/sumithra.conganige","මු මහින්ද රාජපක්ෂ ලාගේ ගුකන හාමුදුරුවො"
"Sudda Wasa","https://www.facebook.com/sudda.wasa","හු...හු...හු...😂"
"Don Lal","","තව සතියකින් ඔය ඔක්කොම දේවල් මුන්ට අමතක වෙනවා..නානසාරට තනියම තමයි පරිප්පුව කන්න වෙන්නේ"
"Migara Nanda","https://www.facebook.com/migara.kdhcabs","Pala hu### yanna.."
"Dineshan Neshan","https://www.facebook.com/dineshan.neshan","Rajapaksalage goo kana ganaya"
"Gamini Kokawalage","https://www.facebook.com/gamini.kokawalage","Bonna denawada😂"
"Vajirani Kapparage","https://www.facebook.com/vagirani.kapparage","අනේ නොදකින්"
"Samantha Hettiarachchi","https://www.facebook.com/samantha.hettiarachchi.417564","පුක දියං"
"Salinda Pillawa","https://www.facebook.com/people/Salinda-Pillawa/pfbid0paVsNYUpJ267LgFrgoLs8tsvun8vvWe9ANjZ9CgjBUVaCodTzELQz88BPH88BXX4l","මුන් සිවුර ඇදගෙන ඉන්න එක ඊට එහා..😀😀😀😀"
"Priyantha Rathnayake","https://www.facebook.com/priyantha.rathnayake.142","තිත්තයට කියන්න තියෙන්නේ යන දේවාලෙක ගිහින් ඕනෑ කන්නලව්වක් කරපං සිවුර ගලවලා..."
"Sithum Soyza","https://www.facebook.com/sithum.soyza.825138","රජපක්ශ නිකය😂😂😂😂"
"Madhawa Waidyarathne","","ඝංඨාරෙ කිව්වේ.... සිවුර අස්සෙ තියෙන එකද ?.....😂😂😂😂😂"
"Weerasekara Bandar","https://www.facebook.com/people/Weerasekara-Bandar/pfbid0RCDcKcRisVQZMMkdjL2Dwy4xrHriRxTvXBewjT4yEUbuYCyNpJhfQZMW91YPr7uAl","හැම දාම රැට සිවුර ගලවනනේ බන්"
"ලංකා ලංකා","https://www.facebook.com/people/%E0%B6%BD%E0%B6%82%E0%B6%9A%E0%B7%8F-%E0%B6%BD%E0%B6%82%E0%B6%9A%E0%B7%8F/100087306940600","අපි ගහනේ නැ"
"Ishkaan Fakhir","","Siwura daagena Inna kota oya koheda hitiye. Siwura daagena karapu okkoma nung lajjai. E welawe thamai oba thumata kaagahana thibbe.   I still remember how he scolded other Buddhist monks in filth."
"Kodippili Ranasinhe Jayasena","https://www.facebook.com/kodippili.ranasinhe.jayasena","Nidiwadapan haiyen"
"Sunil Bandara","https://www.facebook.com/sunil.bandara.299777","තව සැරයක් මහණ වෙලාව නම් හරි"
"Sanju Samu Bandaranayake","https://www.facebook.com/sanjaya.bandaranayake.3","Ane ganayo pae🔥"
"Vw Gunawansa","https://www.facebook.com/vw.gunawansa.9","Patisodagamiewanna Gawesakayekwanna Suwapatmawewa"
"Ashok Stephen","","Gemma gemma Thiththaya"
"Mali Ya","https://www.facebook.com/profile.php?id=100024380500908","කරවිල ගල්ල 😂"
"Chamari Waidyarathna","https://www.facebook.com/nimal.chamari","අනේ මන්දා මෙයා වැරදි"
"Priyantha Habaragamuwa","https://www.facebook.com/priyantha.habaragamuwa.10","යකෝ චීවරය දාගන්නේ කිසිම දෙයක් නෑ සියලුම දේ අතහැරලා නේද එහෙනම් වැරදි කලාවුන්ට දඬුවම් දෙනකොට කතා නොකර ඉඳපන් අපිට හිතා ගන්න තියෙන්නේ කියලා. ගරුත්වයක් නැති වෙන්නේ ඔය වැඩ කරන හින්දා තමයි දෙන දානේ කාලා මිනිසුන්ට ධර්ම දේශනා කරලා මිනිසුන් හදාගෙන ජීවත් වෙයල්ලා"
"Nelum Pe","","නිවනට මග! සාදු! සාදු! සාදු!😳😎 රාජා භවතු ධම්මිකෝ!🤯"
"Palliyaralalage Don Dinesh","https://www.facebook.com/palliyaralalagedon.dinesh","පිස්සුමුට බේරෙන් නාවලා ගන්න ඕනා"
"Yasitha Yasanga","https://www.facebook.com/people/Yasitha-Yasanga/100004234845183","මේ එයාම නේද🤣"
"T Liya T Liya","https://www.facebook.com/t.liya.t.liya.2025","Mekath horek wage.😄"
"Sarath Kumara","https://www.facebook.com/sarath.kumara.202387","Yata gantrethmai"
"Ashoka Rupashingha","https://www.facebook.com/people/Ashoka-Rupashingha/pfbid02idwT9uPhrabr3z1hswzuFSoL5NnYHPLMYRn7qKCGeFu9V6cJYQUBHsA8uk8eamJul","ගණථරේ  ගහපත්  පුකේ"
"Supun Sameera","https://www.facebook.com/supun.sameera.9081","මොකක්ද ටැග් ලයින් එකක් කියන්නේ...😂😂"
"Thusitha Asanka","https://www.facebook.com/people/Thusitha-Asanka/pfbid02rgGTAXkTqCnAq78x4gDewim1MJ2DABDixWKf6r6J81mZe9rcqPVuWvozqgoAv55ml","මූ අභිධර්ම ගැන දන්නවා.රටේ නිතිය ගැන දන්නේ නැහැ. මූ රටට සාපයක් වෙලා දැන්නම්"
"Terans Ubeywickrama","https://www.facebook.com/terans.ubeywickrama","නමෝ බුද්ධාය"
"Krishajani Krishajani","https://www.facebook.com/krishajani.krishajani","Aniwarryennma ape bududahama"
"Chandana Lihinikaduwa","https://www.facebook.com/people/Chandana-Lihinikaduwa/pfbid084xBiM7VMLL42NyXPvFEkV9M4AmBj5oo9iqRzkeheBd4rAZm215Ry7rSNqRpaT9nl","සිවුර දාගෙන පිස්සු කෙලින්න එපා විනාඩි 15 ට කවුද යකො පැය භාගයක් කියන්නෙ"
"Nawod Wanninayaka Hemachndara Wanninayaka","https://www.facebook.com/people/Nawod-Wanninayaka-Hemachndara-Wanninayaka/61578074556308","සිවුර ගලවලා ඇටහොලවපං"
"Maximas Fernando","https://www.facebook.com/maximas.fernando.315","මේ සිවුර ැ රදවනයන්ට විරැද්දව නීතිය කරන්න බැරිද"
"Wasantha Kumara","https://www.facebook.com/people/Wasantha-Kumara/pfbid02vzMjne6MoNaHPRmVnk4Mx3LmpdPY7Zh2Rf2SMeFUWzeHDzFUmRcdTo7hEbpNCB2Ml","රාජපක්ෂ  නිකායේ ලයිටර්"
"Dn Silva","https://www.facebook.com/dn.silva.9083","Ane   palayan  gobbya😂😂😂😂😂😂"
"Wanasinghe Bowattha","https://www.facebook.com/bowattha.bowattha","අනේ තිත්තෙ,,,,,"
"Aruna Weerasinghe","https://www.facebook.com/aruna.weerasinghe.102","Sagasamuluwa wage wei😂😂"
"Jayawera Marasinghe","https://www.facebook.com/jayawera.marasinghe","සිව්රගලවලා   හොල්ලපන් වැටෙනකන්"
"Shashi Anuradha","https://www.facebook.com/shashika.anuradha.898898","ඒ සිවුර පිටිපස්සෙ හිටියේ නෑ මොලයා. ඔහොම වෙලාමදි..දේශපාලනේ ඉල්ලන්න ඕනේ සිවුරදාගෙනන නෙවෙයි.සාසනයට අගෞරව කරන්න එපා අපේ හාමුදුරුවනේ..😂..සිවුර දාගෙන චණ්ඩි පාට් දැම්මා නේද දැන් කෝ ඒවා..😁.නෑ මොළයා බේරගනියි කියල හිතුවද...සිංහයා බලු වෙලා දැන්...😁😁 ඝණ්ඨාරෙ නිමි ගහන්න ඕනි...ඇට දෙක එල්ලලා ගහන්න ඕන එකේ...😂😂😂😂😂 පන්සල් කන්න එපා....😁😁...ඔයාලා ලෝකෙට විහිළුවක් වෙලා ඉවරයි..."
"Manjula Priyani","https://www.facebook.com/people/Manjula-Priyani/pfbid0nQ2t5rVoEsGPizBcwBNnL1udgLRAWuFnSLv8miMKPSb3JrngvB47Cx1YKtNvb5W7l","කුඩහ පොල හාමුදුරුවන්ගේ ලගින් වත් තියන්න පුළුවන්ද me ගොල්ලො"
"Thomas Sovis","","හොර සෙට් එක😂😂😂"
"Jayawickrama Mahingoda","https://www.facebook.com/jayawickrama.mahingoda","සිවුර ගලවන වැඩ කරන එක මොන වගේද බං....නිදන් එහෙම නැද්ද බං.....ගොඩදාපු පිළිම කො බං"
"Lion Sujeewa","https://www.facebook.com/lion.sujeewa","දානෙත් නැති වෙන වැඩක්"
"Lkm Danapala Kanakratna","https://www.facebook.com/lkmdanapala.kanakratna","Kamak nethida parayo... Palapala gon ganaya yanna..toge gantaare parissan karaganin pol buruwa..."
"Thusith Kumara","https://www.facebook.com/thusith.kumara.767545","Army eke enna kaale gahuwe nedda gantare"
"Prageeth Bodaragama","","ජනාධිපති keruma😂😂"
"HK Sumeda","https://www.facebook.com/hk.sumeda","Mey goballa kiyannea mu rajapassalage gu Lana ekek"
"Rohana Wicramasingha","https://www.facebook.com/rohana.wicramasingha","හාමුදුරුවනේ  අටමස්ථානාධිපති පොඩ් දරැවෙකුට අපරාධයක් වෙනකොට කොහෙද හිට්යේ"
"Dishmi Dishmi","https://www.facebook.com/dishmi.dishmi.2025","අනිවාර්යයෙන් .අපේ .හාමුදුරුවනේ.."
"Abeyrathna Bandara","https://www.facebook.com/nisansala.abeyrathna.1","උසාවි තීරණයක් කරන්නේ ! ඝංඨාර ගනන පන්සල් වලට 9දා උදේ දානය නැත!"
"Vidumina Karunathilaka","https://www.facebook.com/vidumina.karunathilaka.5","අපේ පන්සලේ හාමුදුරුවන්හොඳට මොළේ තියෙන නියම හාමුදුරුනමක්"
"Damayanthi Ranasignhe","https://www.facebook.com/damayanthi.ranasignhe","සිවුරු  මෙයාලට  ගැලපෙන්නේ  නැහැ හිරගෙදර ඉන්න කෙනාට  කොහෙත්ම  ගැලපෙන්නේ නෑ 🤣🤣🤣🤣🤣🤣"
"Upul Jayaweera","https://www.facebook.com/upul.jayaweera.315","Bana kiyanna welawak  nethuwa ethi ne  redi hooda hooda inne pisso kala bala unata dostharala kala bala wenne ne  danna banak kiyagena paduwe inna 🤮🤮🤮🤮"
"Amila Suvimal","https://www.facebook.com/amila.suvimal","Nanasara kunuharapen ke gahanakota tho koheda hitiye ballo"
"Ishara Kawishka","https://www.facebook.com/ishara.kawishka.5",""" ආනන්ද .. අනාගතයේදී ආහාර සහ අනෙකුත් සුඛ විහරණ භුක්ති විදීමට පමණක් සිවුරු දරන පුද්ගලයන් මගේ ශාසනය තුළ බිහිවේවී.. ඔවුන් 'ශ්‍රමණ ප්‍රතිරූපකයන්' යනුවෙන් හඳුන්වෙමි ..."" -භාග්‍යවත් ලොවුතුරා ගෞතම බුදුරජාණන් වහන්සේ..🙏"
"Wijesinghe Sarath","https://www.facebook.com/wijesinghe.sarath.94","යකෝ මේක ඔයගේ රටක්ද..."
"Dharmasena Widanapathirana","https://www.facebook.com/daemasena.widanapathirana","මොලේ කොලොප්පං වෙලා මේ චීවරධාරගෙ"
"Amila Dinesh","https://www.facebook.com/amila.dinesh.35912","Pala pala yaman pinbatoo"
"Shantha Priyan","https://www.facebook.com/shantha.priyan.902","Siwra galawala lanuwak badala pahala gantare gahapan kadeyana nikaya"
"Nalin Kumara Narasingha","https://www.facebook.com/nalinkumara.narasingha.3","සිවුරු දරාගෙන නිවන් අවබෝධ කරගන්න සිල් රකින්න ඕන භික්ෂූන් වහන්සේලා සාසනය පිරිහීමට හේතු වන කටයුතු කරණකොට මිහිපිට දඬුවම් ලැබෙනවා. බුද්ධ සාසනය ආරක්ෂා කරන සියලු දෙනාම"
"Lasantha Kumara","https://www.facebook.com/lasantha.kumara.834725","ගණ්ඨාරේ ලොකුද....😂😂😂"
"Sagara Mendis","https://www.facebook.com/people/Sagara-Mendis/pfbid0RZx7VwcscogeaBouMfVDFSPJuN7FJhxLyBV4tW6YysJp8DgCNoPFzDFom1yJBUjkl","kilin inna hamuduruwane"
"Sumana Bandara","https://www.facebook.com/sumana.bandara.710","Pala hora ganaya me harakek vage"
"Pawan Ranil","https://www.facebook.com/people/Pawan-Ranil/61582434490501","බලං හිටහං බයි ඝනයා පාලකයා එලවන්න තවටිකක් බූ ගාලා වරෙන්"
"Thilina Pradeep","https://www.facebook.com/people/Thilina-Pradeep/pfbid0NYLjx41GoEEQstSEGHmCZ9wJuN31wYB4CV3NGxRaVhW8pZS6XcirKx4F8YmfcVtsl","🤣🤣🤣🤣🤣 වද කොත්තු කාලා අපි වද උනා හාමුදුරුවනේ 🤣🤣🤣🤣🤣🤣🤣"
"Dilruk Hettiwatta","https://www.facebook.com/people/Dilruk-Hettiwatta/pfbid0T4zV2hnMNGT1RSQXXba2YLrj28pEo2e58nxxBWhhU7wewAwZyn7BV4g4MJxDFhqJl","ඇයි තිත්තගල්ලේ බල්ලෝ ඌට අමුඩයක් අන්දන්න ඕන  ගලබොඩයා බඩුකාරයා නේ"
"Suresh Kumara","https://www.facebook.com/suresh.kumara.52090008","ගන්ටාරේ නැති අය ජොකා නැතුව හිටියට කමක් නැද්ද"
"Hemali Gunasekara","https://www.facebook.com/people/Hemali-Gunasekara/pfbid0Q7y886EBhUbTjVytV9VoVBiVbPqytamgXVq4aS4jMkVEtDCn9rz4ASkp3vhbwmtTl","Gara senhalaya"
"Samantha Gunathilaka","https://www.facebook.com/people/Samantha-Gunathilaka/pfbid02HK4eS2CyHShY5c5ZJiq3gN3VMgi31ADVCrJGJdmnRZQuhQr2xT4CWrARfYv5CGNxl","Ane Pako Tota Puke Amaruda Eka Tama Netiya"
"Nilantha Neththasinha","https://www.facebook.com/people/Nilantha-Neththasinha/pfbid0BodDCSWMEVAU3Py2UZbbC9iVdUtpVUgDJKLNLgCFeGuz79h4NDJuX3gxYr5b57wXl","Ane uba hukapan"
"Yamunark Udani","https://www.facebook.com/yamunark.udani","වැරදි කරන්න ඉස්සර වෙලා අවවාද දීලා හදාගන්න තිබ්බ"
"Darshana Pradeep","https://www.facebook.com/darshana.pradeep.378","කහනවටද"
"Chamara Kandamby","https://www.facebook.com/people/Chamara-Kandamby/pfbid02VUtVVs4PLS7b8qgkYZynr9zG5975gHAAeAMT53drC6JFbnK1tepRTLkMUbhfsbCTl","Gahaganin ubage at##2"
"Thushan Thashila","https://www.facebook.com/people/Thushan-Thashila/pfbid022Xex2snNewe3oW2B3EkkNi1rocikWapagAYvZW44t3kmknv5co1rSbcaybTAozGtl","හයියෙන් ගහන්න ඕනෙයි.🤭🤭🤭🤭🤭"
"Dananjaya Rathnayaka","https://www.facebook.com/dananjaya.rathnayaka.2025","ඔබ වහන්සේලා සමඟ api ඉන්නවා"
"Nilantha Kumara","https://www.facebook.com/people/Nilantha-Kumara/pfbid035YHH6xLwXWC1jTuUoZbV6uvtcWPwTrB4esqhe3v3WSqNEW5tEDWWa37x2TE3DD2Tl","Pala pakaya"
"Sumith Gunawardane","https://www.facebook.com/sumith.pujhtagunawardena","උෙබි ගන්ටාරෙ ලොකු ඇති නෙ."
"Hasitha Sandaruwan","https://www.facebook.com/hasitha.sandaruwan.5895","සිවුරු galawala බඩු gehewwata කමක් නැද්ද 😂🫠"
"Riya Ranjith","https://www.facebook.com/riya.ranjith.2025","අනුරගේ ආණ්ඩුවේ තීන්දුවක් නෙමෙයි යකෝ ක්‍රියාත්මක වෙලා තියෙන්නේ ගිය ආණ්ඩුවේ අධිකරණ තීන්දුවක් ඇයි අනුරට බනින්නේ ගොන් සිවුරු උන්වහන්සේලා"
"Dulani Karunarathne","https://www.facebook.com/dulani.karunarathne.28003","Polonnaruwe kawadada"
"Upul Janaka","https://www.facebook.com/upul.janaka.108","මේකට විරොදය නොපෑවොත් එලාරගේ පිස්සොටික බුද්දහාගම නැති කරනවා"
"Kirisantha Jaykodi","https://www.facebook.com/kirisantha.jaykodi","යකෝ  තවත් අපීට පවූ. පුරවන්න  එපා  වෑරදී. කරා නම්. දඩුවම් වීදීන්න  ඔනී  එකයී. බුද්ධත්වය  සීවුරැ  ගලවලා. බඩුව  ගහන්න පුළුවන් නෙද. එවා  මෝන  නීකායෙද. තියෙන්න  තෝපී  සෙරම දාන්න ඔනී  හීරෙ අනුර  සර්. ගුඩ්. ගුඩ්.  ජයවේවා අපී. හැමදාම යීන්නවා"
"Prageeth Dharmasiri","https://www.facebook.com/prageeth.dharmasiri","හරකෙක් කුලප්පුවෙලා😂😂😂😂😂"
"Dhanuka Madhushan","https://www.facebook.com/dhanuka.madhushan.37","🤣 මේ දේශපාලන කරන භික්ෂුන් මුන්ට කඩේ යන උන් තමා ජාතිවාදී කම අවුස්සනවා"
"Nimash Fernando","https://www.facebook.com/nimash.fernando.79","අනේ යකෝ 🤌🏼"
"Darshana Gunathilaka","https://www.facebook.com/people/Darshana-Gunathilaka/pfbid02HzpHmnvwD9CG3vjtPf6CVYyXgUhTBta3uLi27c2oesev4HH8dfuzw8fbyRBbZHBYl","අර දරැවගේ රෙදි ගලවල දුෂනය කරනකොට තොපි ශබිද නෑ.......තොගෙ ඇටදෙක හොලවපිය උදේ නවයට"
"Thanuja Amarasinghe","https://www.facebook.com/thanuja.amarasinghe.79","අපේ පන්සල් වල දායකයින් ට කිසිම ශෝකයක් නෑ බොරු නොකියා හිටියොත් හොදා සිවුරු ගලවද්දි අමාරුයි හැබැයි ඔය සිවුරු දාගෙන ඉද්දි කරන ස්ත්‍රී දූෂණ හොරකම් මැරක් කරද්දී හොදයි ද එතකොට ,,භික්ෂුන් වාහන්සේලා හරියට ධර්ම පමණක් දේශනා කරගෙන උන්නා නම් ඔහොම වෙන්නේ නෑ"
"Omalin Prinzo","https://www.facebook.com/omalin.prinzo","ඔය කබරයට යන්න කාලෙ ඇවිත්"
"Kaush Nishu","https://www.facebook.com/people/Kaush-Nishu/pfbid0rCrdYtDCFBwyho3gBJ9e2YV5WrcE6c3j7Yd43LHqxmVT3rxxPUcib91zVdT1iiTnl","ඇත්තටම ice අල්ලපු centenar seen එකට මොකද උනේ"
"Wimalathunga Wimalathunga","https://www.facebook.com/people/Wimalathunga-Wimalathunga/pfbid02SXJWaD8TDTYqRo7GTRACo6y2Yz9PJpSYEkhWvFkTa5FSNfGBnfiTWqHoSktsHwBl","onna okai prasne"
"Aslam Mohomed","https://www.facebook.com/aslam.mohomed.1","කාගෙත් හිත රිද්දන්න දාන්නේ නෑ එම හිත රිදුවුණා නම් සමාවෙන්න🙏දෙරුවන් සරණයි අපේ හාමුදුරුවනේ සිවුර ඇඳගෙන කුණුහරප කියන්නන හොඳයිද .සිවුර ඇඳගෙන තව හාමුදුරු නමකට කුණුවරපෙන් බනින්න හොඳයිද .සිවුර ගලවපු එක නම් වැරදි නමුත් සිවුරට ගරුත්වයක් දෙන්න ඕනි ස්වාමීන් වහන්සේ එයා සිවුර ඇඳගෙන කරේ තනිකර කුණුවරපයි ඒක සිවුරට ගරුත්වයක් නෑනේ අපේ හාමුදුරුවනේ ගැන මුස්ලිම් ආගමකට tamil ආගමකට බනිනවා ඒක එයාගේ දෙයක් නමුත් සිවුරට ගරුත්වයක් දෙන්න ඕනි මම නම් එම ආගමකටම ගරු කරන කෙනෙක් බොරු නම් මගේ ෆේස්බුක් බලන්න මට පක්සපාට ජාති භේද අදාල නෑ මම නම් බුද්ධාගමට ගරු සිවුරට ගරු කරනවා වැඩියෙන්ම ඒ සිවුර කියන්නේ උතුම් සම්පතක් ඕනිම මනුස්සයෙක් ඔය සිවුරට ගරුත්වයක් දෙනවා ඒ සිවුර අඳින කෙනා යහපත් වෙන්න ඕනි ඒ සිවුර සිවුරට ගරුත්වයක් දෙන්න ඕනි එහෙම කෙනෙක්ට තමයි ඔය සිවුර වටින්නේ මම මේ කියන දේ වැරදි නම් සමාවෙන්න 🙏"
"වජිර සෙනෙසි","https://www.facebook.com/people/%E0%B7%80%E0%B6%A2%E0%B7%92%E0%B6%BB-%E0%B7%83%E0%B7%99%E0%B6%B1%E0%B7%99%E0%B7%83%E0%B7%92/pfbid02FLwRQEWV8xS4StCUR6SE7jkbfocCbxhyB72yKDwBRB1U78QYMEMycLQn8QSNvx7vl","තොගෙ ඇට දෙක හොල්ලපන් රටෙ නිතිය ට අභියෝග මෙ කරන්නේ මුවත් හිරෙ දන්න ඕන"
"Wasantha Bandara","https://www.facebook.com/people/Wasantha-Bandara/pfbid02RsXrfMEReikpnb2nsmXqKXnNwTQq8xM8YvPfmrNR5ZgQ9DvYHse8RRT2X18XE1ypl","siyuru dagath horunta daduwam diyayutui naitiya matath poduviya yutui"
"Uditha Sandharuwan","https://www.facebook.com/uditha.sandharuwan","දෙව්ලොව දෙවියනේ..මගෙ බුදු ස්වාමිනේ  යක්කුන් හට මොකද මේ උනේ.."
"Viraj Pradeepa Lokukaravita","https://www.facebook.com/virajpradeepa.lokukaravita","සංඝ පාතාලයේ තවත් එකක්"
"Acha Magni","https://www.facebook.com/acha.magni.5","මේ මොකෝ මේ"
"Shanthi Liyanage","https://www.facebook.com/rl.shanthi","Kauda maruna gatara gafhnnàŕ talavi"
"Sarath Malage","https://www.facebook.com/sarath.malage","Okage swura galawaniselama budu dahma nathikarana kalaknniya"
"Aw Amasu","https://www.facebook.com/aw.amasu","ඔබවහන්සේ කුඩාපොළ හාමුදුරුවන් වහන්සේ වගේ"
"Rosa Rosa","https://www.facebook.com/rosa.rosa.458883","Gantare. Nula. Kedila. Hamuduruwane"
"Mohamed Azeem","https://www.facebook.com/mohamed.azeem.598026","Ara awrudu 12 lamaya apayojane karapu swaminwahanse ta monawada wenne, ewa ganna kathakoranne nada"
"Onil Nilosha","https://www.facebook.com/onil.nilosha","අපෝ මහණ වෙයන්"
"Mendis Liyanage","https://www.facebook.com/mendis.liyanage","ADIKARANA THINDU PRATHIKSEPA KARANAWA KIYANNE ADIKARANAYA TA AGAURAWA KIRIME WATADATA THITHTHAGALLA HAMUDURUWONTZ KETATHIYALA KIYANNA ILANGATA SIURA GALAWAGANNAWA MOKADA  ADIKARANA THINDUWATA WIRUDDAWA MAHAJANA KELAMBEEM KIRIMA HA KERALIGESEEMA"
"Milinda Madhushan","https://www.facebook.com/milinda.madhushan.2025","මෙ හාමුදුරුවො 2018 කොමා එකකක්ද ඉදියෙ"
"Neelangani Wijetunge Gunasena","https://www.facebook.com/neelangani.wijetunge","සිවුර ගලවපු එක වැරදි නම් සිවුර ඇදගෙන කරන සවුත්තු වැඩ කමක් නැද්ද."
"Ekanayake Ej","https://www.facebook.com/ekanayake.ej","Hora nade wechcha deyak"
"Monti Wijerathna","https://www.facebook.com/people/Monti-Wijerathna/pfbid09k3H2X58fqQYwFwwKhcY8Rm9nGhsawnroEYJE9LP7kiFTbocoyEbo1j7mLdirHU6l","paya bagayak arinawa puke  kariyata"
"Samantha Jayakody","https://www.facebook.com/samantha.jayakody.816301","මෙතන කවුරුත් සිශ්ඨසම්පන්න භික්ෂුන් නෑ ඔක්කොම චීවරධාරීන් ගන්න පුලුවන් ආතල්ටික නැතිවෙනවා ඒකයි ඔය කෑ ගහන්නේ"
"Preethi Gurullawala","https://www.facebook.com/preethi.gurullawala","Siyura galawapu ekata hena gahapiya!"
"Niranjala Kumari","https://www.facebook.com/niranjala.kumari.7737","සිවුරු දාගෙන ඕනෙ බලු වැඩක් කරන්න හොඳ යි ද ..?"
"Nilusha Don","https://www.facebook.com/nilusha.don","හාමුදුරුවන්ට ඔහොම  katha කරන තොපිට  gahapalla හෙන hathama"
"Saman Priyangika","https://www.facebook.com/people/Saman-Priyangika/pfbid036ywGLCUJf3ZyQjwNUy8N2YhRGRg2n4LE7FCHcwP8euDGoPfi31ma92rcWYGZDXjWl","රජු adarmistal"
"Bandula Fernando","https://www.facebook.com/bandula.fernando.571592","Api enawa nuwarata"
"Ayesha Dilhani","https://www.facebook.com/ayesha.dilhani.1671","ADOoooooooooo Huoooooootoooooo"
"Namal Madushanka","https://www.facebook.com/profile.php?id=100035386476089","යකො වැරැද්දක් කරනමි වඩුවමි විදින්න දියන් 😠"
"Kirthi Basnayaka","https://www.facebook.com/people/Kirthi-Basnayaka/pfbid0YWVvWya9b1TLrc2pC7dAkjMMykZCzxuNswcdvaqTGgHyBMHsAyvxY2WPaawQyBXsl","Ane pako ne gantara mokatda"
"Lakmal Suresh","https://www.facebook.com/lakmal.suresh.75","අපි බෞද්ධ නෙමේද බං අපේ පන්සල්වල ඕවා නෑ නේ."
"Ashok Kanagasabapathi","https://www.facebook.com/ashok.kanagasabapathi","Gon katha Nokia endaaaa hamuduluwaneeee"
"Mithra Punchihewa","https://www.facebook.com/mithra.punchihewa.7","සිවුර. ඇදගෙන  බුද්ද  සාසනයයි  විනාස  කරන්නේ."
"Malani Subasingha","https://www.facebook.com/malani.subasingha.1","Me ratata vina karana siyalu denama deviyanta penewa hamuduruwaru dewale gane yanne naha waradi nokara enna mhasaye kotha galawanakota koheda giye budu sasuna rakkada  thaeama danne nadda e karapu aparade rata unebdeviyo kowela dutugamu nu raju hadapu kotha sinhalayek galewwe  siwrath eta wada lokuda"
"Bandula Pathirana","https://www.facebook.com/bandula.pathirana.489333","Mekuhaka.sinhala.bawodayo.meka.karaida......hamuduruwane"
"Chamara Disanayaka","https://www.facebook.com/chamara.disanayaka.921","😂😂😂😂 කොච්චර වෙලා ගහන්න ඕනෙද අපේ හාංදුරුනේ පැය බාගයක් එහෙයි අපේ හාංදුරුනේ ගහන්නම් සරමක් ඇදගත්තනම් ලේසියි නේ"
"Sarath Bandara","https://www.facebook.com/people/Sarath-Bandara/pfbid03vafbWadr2nz4nTSHH8fRUbc6zff2JobPuzMoUxxCTDB1p9k3kgZV3YUJHHQWb9hl","ඔවට බල්ලො අල්ලගන්න."
"Danasiri Silva","https://www.facebook.com/people/Danasiri-Silva/pfbid0H5CHijtrerKedhPbqwooFVJPh19j1rszV4CGR2qJ5KzprvGGxXf3W89Ydv3pkfAZl","සිවුර ඔලුවෙ ඕතන්න ඕනා😂"
"Ananda Jayarathna","https://www.facebook.com/people/Ananda-Jayarathna/pfbid08PJL2PudKMTivS2pGejP1CMdLjxtiFensNsLSGZp8Yr87Q1FqLNRrF94yDczG269l","අපේ ගම්වලනම් හාමුදුරැවන් පංසල්වල ගංටාර ගහන්නේ නැහැ හාමුරැවෝ ගංටාර ගැහුවොත් හාමුදුරැවන්ට දානෙත් දායකයොත් දෙකම නැතිවෙනවා"
"Amesha Awantha","https://www.facebook.com/people/Amesha-Awantha/100061934394344","Manojai lamyai gennann"
"Ragu Ragu","https://www.facebook.com/ragu.ragu.187118","Sadu sadu sadu"
"Deepthi Gallege","https://www.facebook.com/deepthi.gallege","tope. Hamudurwoda apeta. Dan. Budagama Epawela ternne Mekahakadayonisa"
"Thilak Samarasiri","https://www.facebook.com/thilak.samarasinghe.90","අපි නම් නෑ"
"Daminda Lakshantha","https://www.facebook.com/daminda.lakshantha.5","පිස්සු පකයෙක්"
"Saneera Fernando","https://www.facebook.com/profile.php?id=100002607174172","සියුර ගලවලන්න ඔනා මුගේ."
"Rajakaruna Prasad Karunaratne","https://www.facebook.com/rajakaruna.prasadkarunaratne","ගෑනු ලග ගැලෙව්වට කමක් නැද්ද අපේ අලුත් පාතාල හාමුදුරුවනේ"
"Rohana Wickramasingha","https://www.facebook.com/rohana.wickramasingha.2025","THO ATH KARAN HITAPIYA DAYAKOYO GANTARE GAHAY"
"Sandun Chamikara","https://www.facebook.com/sandun.chamikara.3","මූටත් ලොකු කේස් තියෙනව ඒකයි මේතරං කහින්නෙ මයෙ හිතේ."
"Kamal Karunaratne","https://www.facebook.com/profile.php?id=100002443584928","Horaganaya thoge Walla hollapiya 🤮"
"Amila Rajapaksha","https://www.facebook.com/amila.rajapaksha.127","අනේ රටට වෙච්චි දෙයක් උඩ බලාන්න කෙළ ගහනවා ඇඟ පුරහම තැවරෙනවා පිස්සො ටිකක් එකතු වෙලා සාසනයට කෙළ කෙළවනව"
"Asanka Suresh Asnka","https://www.facebook.com/people/Asanka-Suresh-Asnka/pfbid02dWZVDGtVk6wwVqezm43WUztaeoihWroQzLobyK4uB4f1T6Se5LWmD8HW88Z5USpfl","Pala pala pansalata"
"Janith Dinusha","https://www.facebook.com/janith.dinusha.968726","නීතියනම් නීතිය . වැරදි කරල තියෙනවනම් දඩුවම් විදින්න ඕනි ."
"Wasantha Gunadasa","https://www.facebook.com/wasantha.gunadasa","කුඩපොල හාමුදුරුවන්ට අවනම්බු කරන්න එපා. ඔය වගේ වනචර වැඩ කලේ නැහැ. බුදුන්ගේ සිව්රටයි අපි ගරු කරන්නේ. දැන් අපිට වේලා තියෙන්නේ හාමුදුරුවන්ට බණ කියන්න"
"Saman Bandara","https://www.facebook.com/saman.bandara.7524","ආගම රට පාලනය කරන්න දුන්නොත් වෙන දේ ඔන්න ඔක අහිසක මිනිසුන්ගෙන් නිකන් කකා ඉන්න උන්ට වෙන වැඩක් නෑ නේ මිනිස්සුන්ට හොදක් වෙනවට උන් කැමති නෑ මූ කව්ද අනුරට බනින්න මූට කියන්න හාමුදුරැවරැ වැරදි කරොත් පන්සලෙන්ම දඩුවම් කරන විදිහක් හදන්න ඔනේ"
"Chamudi Ameesha","https://www.facebook.com/people/Chamudi-Ameesha/pfbid027uLiZHoADmwcNmoSwLxtSxjXgvLPacb7Rr3xDyGnRsrcyL5JLh6RByPibz1ifTDql","Siura galawala genu ekka ahawal wede karana eka hodaida ape hamuduruwane"
"Sripali Tennakoon","https://www.facebook.com/sripali.tennakoon","Mama hithuwe ne meya mechchara modayek kiyala"
"Sanjeewani Basnayaka","https://www.facebook.com/sanjeewani.basnayaka.7","ආගමික භක්තිය වැඩි වෙනවා මේවා දැක්කම"
"Ruwan Buddhika","https://www.facebook.com/people/Ruwan-Buddhika/pfbid02G3ZjodGeVZPFBJesjRPSbPkwyVs2i2JNiwu7yz1NaEY92bx7ZW9Byvasba4fcLRgl","Gahapan.ubi..laga.thiyana.gantharaya"
"Wasantha Kumara","https://www.facebook.com/wasantha.kumara.807566","නීතිය   කාටත්   පොදුයි    ..."
"Chrishmila N Pasindu","https://www.facebook.com/chrishmila.n.pasindu","කොයි වගේද ගහන්න ඕන ස්වාමින් වහන්ස.. හයියෙන්ද...හෙමින්ද..."
"Inoka Harshajith","https://www.facebook.com/inoka.harshajith","ගහමු ගහමු අපිට ඉතින් ගාන්ඨාර ගහන්න තියෙන්නේ ඇට දෙක හොල්ලලා තමයි 🤣🤣🤣🤣"
"Roshan Rajapakshe","https://www.facebook.com/roshan.rajapakshe.2025","මහානායක හාමුදුරුවරුන්ට මේකට අදාල නියම උත්තරයා ජනාධිපතිතුමා විසින් අද දිනය දෙනු ලැබුවා ඔයා බුරන්නැතුව ඉන්නවා"
"Maduranga Wijerathna","https://www.facebook.com/maduranga.wijerathna.2025","අපි න්ම් ගන්ඨාර ගහන් නෑ"
"Yasitha Sudusinghe","https://www.facebook.com/yasitha.sudusinghe","අපි එකගයි ජයවේවා"
"Malaka Mahadurage","https://www.facebook.com/malaka.nammuni","අපේ හාමුදුරුවන් නිදහස් වේවා"
"Sarath Bn","https://www.facebook.com/sarath.bn.1","ගැනුත් එක්ක හැමිනෙන්න සියුර ගලවල යන්න පුලුවන් ඩෙනිම ගහගෙන"
"Pavithra Asanka Madurawala","https://www.facebook.com/people/Pavithra-Asanka-Madurawala/pfbid02eQYXzWW7op3uXeh5czKDXp4GeZNCQmUhHAbcWCuzxTrJrdA2dwAfyg2aQWUcYWj1l","රාජපක්ෂ නිකාය උන් 😂😂😂😂"
"Madusanka Wijerathna","https://www.facebook.com/madusanka.wijerathna.386801","පිස්සු හු##ක්."
"Sachith Mx Neranjan","https://www.facebook.com/sachithmx.neranjan","Gantare horu ussala ape hamuduruwane 🤣🤣"
"Dilip Senanayake","https://www.facebook.com/dilip.senanayake.18171","Ane humagan ubalage kerywawa syddage peg eke balapan"
"Pradeep Kumara","https://www.facebook.com/pradeep.kumara.825351","සෑම නිවසකම 9 වෙනිදා උදේ 8  ට  මෙත් මල් පිබිදේවා  ගීතය වාදනය කරන්න"
"Waruna Lakmal","https://www.facebook.com/waruna.lakmal.7","මේගොල්ලො යන්නේ සසරෙන් එතෙර වෙන්න ඒ උනාට හොඳ වාහනයක් නැති පන්සලක් මට කියපන්  මේ වගේ ගෝත්‍රික රටකට ඉතින් අවුරුදු ගානක් අපි ජීවත් වුණේ බලපන් රටක් පස්සට ගන්න කොච්චර උන් ඉන්නවද කියල"
"Manju Karunasekara","https://www.facebook.com/manju.karunasekara.2025","Ponna....balla...gu....kapan"
"Janaka Kumara","https://www.facebook.com/janaka.kumara.917402","හෙට අවුරුදු ලබනවා වගේ තියෙයිනේ 😂😂😂😂😂😂😂😂"
"Suseema Vithana","https://www.facebook.com/suseema.vithana.7","යහපාලන රජයේ නඩුව, අධිකරණ තීන්දුව! රටේ මිනිස්සු බුද්ධිමත්!"
"Seeduwe Subodhi Rathana Theo","https://www.facebook.com/people/Seeduwe-Subodhi-Rathana-Theo/pfbid02v1ExaeNEG5TuZ1WSPpDksPfSnNCbQPQ1jixgTB3cYU9VTF2sa9M89WCJw6T7HEC7l","පන්සල් වල සමහර ලොකු හාමුදුරුවො කරයි ඕවට අකමැති හාමුදුරුවො නිහඩව ඉන්නවා මේරජා ධර්මිස්ට වැඩියි.මම මහනවුනේ රට හදන්නවත් ජාතිය ණවන්නවත් දේශපාලනයටවත් නොව බුදුන් වැඩි මග යන්න. සියලුදෙනාටම තෙරුවන් සරණයි"
"Sumedha Mayadunna","https://www.facebook.com/sumedher","ඔය බල්ලෝ කියන ඒවා කරන හරක් අද නෑ"
"Chandra Jayalal","https://www.facebook.com/chandrajayalal","Sumedha Mayadunna ballo kiyanne buddagama kana ballanta booruwo"
"Rodrigo Oriyan","https://www.facebook.com/people/Rodrigo-Oriyan/pfbid02ywpPMbPRVytuC7FDAevCnpYcMCaC71RBv4AyMWdxQLmnmuDgSMDfv6rLKQGmdtgZl","Makata pesu😭😭😭😭"
"Renuka Kariyawassm","https://www.facebook.com/renuka.kariyawassm","අපේ හාමුදුරුවනේ ආරක්ෂක ඇමතියයි සංස්කෘති කැමතිලයි ඔක්කොම මාරු කරන්න කියලා උද්ඝෝෂණ කරන්න නැත්නම් අරගලේ දිගටම පටන් ගන්න"
"Gayan Sampath Dissanayaka","https://www.facebook.com/gayansampath.dissanayaka.18","Ayi apey gamey pansala ubey depalakda"
"Nalin Uyangoda","https://www.facebook.com/profile.php?id=100005397318895","Sudda kale hari wade"
"Vineeth Nilanga","https://www.facebook.com/vineeth.nilanga.5","උක් ගොවියත් ඉන්නවා"
"Nimal Dayarathna","https://www.facebook.com/nimal.dayarathna.859957","නීතිය අකුරට කලාම ගාය එනවා."
"Awishka Madubhashana","https://www.facebook.com/awishka.madubhashana","සාදුලාට මොකෝ වෙලා තීන්නේ.. වහ වළදලද ?"
"Samanthi Uhrt","https://www.facebook.com/samanthi.uhrt","අපි කැමතියි ඇත්ත ඇති සැට්‍ යෙන් දකින්න"
"Pradeep Lakmal","https://www.facebook.com/people/Pradeep-Lakmal/pfbid0LY2qGDDJ5xPz5Q75AVTDXNxBBNczFSx8f7tZKXY8zRZUAZQtgGNP5N71A9Tjp6Hal","Ane palayan ban yanna"
"Pathum Dissanayaka Dm","https://www.facebook.com/pathum.dissanayakadm","හොරැන්ට දුන්න උන්ට විතරයි එහෙම නිතිය කිරියාත්මක වෙන්නේ ..වැරදි කරා නමි සියලුම දෙනා නිතියෙන් දඩුවම් විදිය යුතුය"
"Samantha Rajapaksha","https://www.facebook.com/samantha.rajapaksha.734597","දෙශපාලක,හොර ඝනගෙඩියෝ"
"Dineth Jayawickrama","","සාසනේ විනාස කරන මේ වගේ පුද්ගලයන් සාටකේ බේරගන්න කෙල වතුර වෙනකන් කහින හැටි දැක්කම සිල්වත් මහන පිරිසටත් අවනම්බුවක්"
"Ajith Pushpasiri Kiththangodage","https://www.facebook.com/people/Ajith-Pushpasiri-Kiththangodage/pfbid0n9qSKWP6Z3W46fNzDg529rnCVW2GVDGteYowLycw6JGKiVw8A47TwvxcvmPWipqGl","Topi Okkoma sadaranada ballo"
"Jdipjayasuriya Jayasuriya","https://www.facebook.com/jdipjayasuriya.jayasuriya","Munwthe danna oni ethulta"
"Wijerathna Liyanagama","https://www.facebook.com/wijerathna.liyanagama","අපේ පන්සලේ නම් ඝණ්ඨාරේ හරියකට සද්දෙ ඇහෙන්නේ නෑ උදැල්ලකට මිටියෙන් ගැහුවොත් අවුල්ද"
"Piyadarshana Sampath","https://www.facebook.com/piyadarshana.sampath.3","Vipathak"
"Sumith Kithsiri Boteju","https://www.facebook.com/sumith.kithsiri.boteju","පාතාලේ  රජුගේ තවත් බත් බැලයෙක් සිවුර ගලවලා ඩෙනිම අදින්න හොදා.ගුන් එක්ක ඉන්න සිවුර  ගලවන එක හොදා .එකට නිතියක් නැහැ දැන් නිතිය හොයනවා"
"Jagath Kumara","https://www.facebook.com/jagath.kumara.282795","සිවුර  අයින් කරල  හොල්ලපල්ල  ගංටාරෙ  වදියි."
"Dasun Sathiranga","https://www.facebook.com/dasun.sathiranga.1","සිවුර දාගෙන බලු වැඩ ටික ඔක්කොම කරන්න හොඳයි එහෙම කරල හිරේ ගිය එකාගෙ ගැලෙව්වම තමයි අව්ල.නිකන් ගිරිය කඩා ගන්නෙ නැතුව ගිහින් වැඩක් බලාගනින් තට්ට pcya 😅."
"Asanka Hearath","https://www.facebook.com/asanka.hearath.1","තොපි චීවරය දාගෙන කරන වැඩ අපි නොදන්න අය"
"Nishshanka Bandara","","දානේ ගේන ගෑණු එක්ක බුදියනකොට සිවුර ඇදගෙනද වැඩේ කරන්නේ? හොර හැත්ත"
"සිරියලතා අධිකාරි","https://www.facebook.com/5sw1s8jlv4","ඔවා  අල්ලාගෙන    ඉන්නේ   කවුද"
"Thangalle Sanga Gothami","https://www.facebook.com/people/Thangalle-Sanga-Gothami/pfbid02KAJpM3Mewhjd2MuWEZPpQt1Pke1XTiLoFESF7nTPeE7Un4Cuz8HunQ1vEdsAQRvWl","සෑම පන්සලකම (මහා!!!!!!! කාරූණික  වූ )  යන දේසනාව විකාශනය වීමට  සැලැස්වීම  වටීනවා නේද"
"Sanjeewa Yatiyana Arachchige","https://www.facebook.com/sanjeewa.yatiyanaarachchige","Puka deepan"
"Imtiaz Rauff","https://www.facebook.com/imtiaz.rauff","Titha gala hamuduruwanta neethiya kriyathma karanna Ghanata pasu Titha gala"
"Weththasinghe Liyanage","https://www.facebook.com/weththasinghe.liyanage.9","09  වෙනිදාඋදේ  08.00 ට ජංගිය ගලවලා උඩ පැනපං   මිනිත්තු 15  ක්  තිත්තගල්ලෙ ඝණ්ඨාරය වදීවි"
"Sunil Korale","https://www.facebook.com/people/Sunil-Korale/pfbid02bbVbTvgbkgS1sVYXcCzuspbgaKVFz2yrev54Y9bXcmCFDo34etzHMXzgKK1neKjKl","ඔවා  දැන  ගාන්ඩ තිබුනේ  වැරදි  කරනකෝට  දැන්  බුරලා  වැඩාක්නැ"
"KH Piyasena","https://www.facebook.com/people/KH-Piyasena/pfbid098YfcenNx51YPwaBuLpo5G3wmgQbYN582Y72qjSK7jANWaPFSKzEkL1z6xNTaTQRl","මෙන්න නියම කහකඩය ගාන්ටාරේ නොව තගේ වල්ල හොලවපිය කාලකන්නියා"
"Sayani Sayani","https://www.facebook.com/sayani.sayani.726999","Uba  keagahanna   kaling   ara    France   enna  gani  lamayai  geanna  pan  sakkiliyo"
"Danushka Chathuranga","https://www.facebook.com/danushka.chathuranga.701229","Nikan Dena de kala pansalata wela idapallako"
"සුදේශ් චතුරංග","https://www.facebook.com/78o5e2scq2","සුද්දා හිටියා තොපි තට්ටයෝ සාසනයට කරන මේ බලුවැඩ වලට පුකෙන් උල බස්සන්නේ කමක් නැ අපි වෙනුවෙන් මුන් මේ කැ ගහන්නේ😂"
"Kanthasamy Rajandran","https://www.facebook.com/kanthasamy.rajandran","Arakku,beela licence nethuwa car alawanna puluwanda."
"Chandran Kumar","https://www.facebook.com/people/Chandran-Kumar/pfbid0K1gW1VGisXZrWcpjwLDNr6rk2HJTNV1bjdskcEi7j3hKL5pLbUYjbevcT31EbexPl","Nikan dena bath tika kala buthiyaganin"
"Wimala Ranjani","https://www.facebook.com/wimala.ranjani.14","Budusaranay  ape hamudurùwane"
"Chandana Liyanage","","umba thamai eeta passe welikada... kahakadaya"
"Dammi Yendunu","","සම්පුර්ණ ඇත්ත හාමුදුරුවනේ.......🙏🙏🙏🙏🙏🙏🙏"
"Chamal Rasika","https://www.facebook.com/chamal.rasika.2025","Duuu huththa"
"Asela Etipola","https://www.facebook.com/profile.php?id=100000078811020","මේ අතරින් මුන්වහන්සේගේ ඔබ කැමතිම දේශනාව/ගුණකථනය කුමක් ද?  Video link එකට අදාල අංකය comment කරන්න.   1. පාස්කු වින්දිතයන් වෙනුවෙන් දෙසූ බණ  - www.facebook.com/reel/976809538075688  2. පොලිස් නිලධාරීන් ඉදිරියේ පැවැත්වූ සර්වරාත්‍රික ධර්ම දේශනය - www.facebook.com/reel/4524590307687830  3. අටමස්ථාන හිමි සම්බන්ධ ධර්ම කාරණා ගැන දෙසූ බණ - www.facebook.com/reel/1485338259360775  4. මත් ගිලන්පස වර්ග පානය කර රිය පැදවීමේ ආනිශංස ගැන දෙසූ බණ  - www.facebook.com/reel/1411000313859280   5. ස්වාමීන් වහන්සේලා දෙනමකට දෙසන ලද සුමධුර බණ - www.facebook.com/reel/2267902343989535   6. තවත් ස්වාමීන් වහන්සේ නමකට දෙසන ලද සුමධුර බණ - www.facebook.com/LankaPolitics.LK/posts/2160642437420691/  7. තවත් ස්වාමීන් වහන්සේ නමක් ඉදිරියේ කඩු ශිල්ප ප්‍රගුණ කළ ආකාරය - www.facebook.com/shanika.dissanayaka.75/posts/258878289316550/  8. ""හිරු-ගෝඨාභිවන්දනා"" දම් දෙසුම - www.facebook.com/salakuna/posts/2084796008511068  9. රාජපක්ෂ නිකායේ චිරස්ථිතිය උදෙසා දෙසූ බණ - www.facebook.com/reel/1765006804154692  10. මෙත් වැඩීමේ ආනිශංස ගැන අලුත්ගමදී සිදුකළ දේශනාව - www.facebook.com/nadeera.jayathilake.5/posts/650268442632169/  11. මුන් වහන්සේ තුන් වන සිල්පදය රැකගත් ආකාරය සම්බන්ධ ගුණකථනය - www.facebook.com/100057428530869/posts/503797707886139/  12. ඉක්මනින්ම නිවන් යාම සඳහා ලැබුණු V8 රථය ගැන සිදුකළ ගුණකථනය - www.facebook.com/sandaruwansdl/posts/202829195247793/  13. රාජපක්ෂ නිකායෙන් කෙටිකාලීනව ඉවත් වූ සමයේ දෙසූ බණ 1 - www.facebook.com/reel/2087754658794221  14. රාජපක්ෂ නිකායෙන් කෙටිකාලීනව ඉවත් වූ සමයේ දෙසූ බණ 2 - www.facebook.com/shanika.dissanayaka.75/posts/782901415851346/  15. අනිත්‍යය මෙනෙහි කරවන එදා සහ අද වෙනස 1 - www.facebook.com/reel/2594991627669734   16. අනිත්‍යය මෙනෙහි කරවන එදා සහ අද වෙනස 2 - www.facebook.com/reel/1678696153818733  17. අනිත්‍යය මෙනෙහි කරවන එදා සහ අද වෙනස 3 - www.facebook.com/reel/944518512046119  18. අනිත්‍යය මෙනෙහි කරවන එදා සහ අද වෙනස 4 - www.facebook.com/reel/1443335187720455   පිං ඇත්තෝ  මේ දේශනා සියල්ල දැක බලා සැදැහැ සිතින් අනුමෛා්දන් වෙත්වා!  සාදු සාදු!🙏  ධර්ම දානය පිණිසයි.❤  #NirmanaD"
"Chamishka Chx","https://www.facebook.com/chamishka.chx","අර හැමවගාවක්ම කරන හැමඑකෙම ප්‍රශ්න තියෙන උක්ගොවියත් ඇවිත්😂😂"
"Ajith Kumara Guneththige","https://www.facebook.com/ajith.kumara.guneththige","එතකොට ඔයත් සිවුරු ගලවල පහුගිය දවස්වල විකාරයක් කලා නේද."
"佐藤D","https://www.facebook.com/chinthana.sato","pala hutto🤮😡😂😂"
"Nilantha Jayakodi","https://www.facebook.com/people/Nilantha-Jayakodi/100015144332312","එකතොට යකෝ තව හාමුදුරුවො 63 ක් හිරේ ඉන්නව එයාලගෙ සිවුරු ගලවල ජම්පරය අන්දනකොට උඹල කොහ්‍රද හිටියෙ 🤣🤣🤣🤣"
"Chandana Pradeep","https://www.facebook.com/chandana.pradeep.196055","Marnna oni mayalawa"
"මදුසංක චාමර","https://www.facebook.com/govoo3juv1","තොපි නිසා තමයි ආගම විනාස වෙන්නේ කලකාන්නී"
"Ajith Priyalal","https://www.facebook.com/ajith.priyalal.96","අන්න උක්ගොවියත් ඉන්නෝ................."
"Thilak Lasantha De Silva","https://www.facebook.com/thilaklasantha.desilva","Horunta ohoma thamai karanna ona rata kaput ewun😂"
"Darshana Sampath","https://www.facebook.com/darshana.sampath.778226","වෙලාවට මුං මහන වෙලා හිටියේ නැත්තේ 😀"
"Ajith Pushpakumar","https://www.facebook.com/ajith.pushpakumar.2025","පහත්වෙලා ගහපං ගන්ටාරේ"
"Anura Priyantha","https://www.facebook.com/anura.priyantha.1004837","අපේ ගම්වල පන්සල්වල තෝපිවගේ කාලකන්ණි නෑ ඒක මතකතියා ගනිල්ලා."
"Lahiru Aroshana","https://www.facebook.com/lahiru.aroshana.96","පන්සල් වලට ගල් ගහන විදියට සලස්වන්න එපා දැනගනින් කාලකන්නියා..උඹලා ඉස්සෙල්ලා මහන වෙයං වනචරයා..බුද්ධාගම රැකගන්න ගුණ යහපත් හොඳ ස්වාමීන් වහන්සේලා ඕන තරම්ඉන්නවා"
"Chamin Malinga","https://www.facebook.com/people/Chamin-Malinga/pfbid0totnXwNQLgWx9ZyjbbyYNVRAChZLX5p7HYj3yn3PrwFTAW8z8PUm2LPzJqjbyK8Pl","Siura ussala depaththata wenunam gantare wadi😂😂"
"NP Kumara NP Kumara","https://www.facebook.com/people/NP-Kumara-NP-Kumara/pfbid0MjbjYYcqJ6ET2Cbnx5iTnn6YWJuwLAwP9GBTp8fm255G5x8tsBjjeNTT6kZbstxtl","මිනිසුන්ට පිස්සු නැ බොල.😂😂😂😂😂😂😂"
"Janaka Chaminda","https://www.facebook.com/janaka.chaminda.37051","Muntath pissu"
"Gayan Nandika","https://www.facebook.com/people/Gayan-Nandika/pfbid025KcYjS49RgXpNvQkDiQ9B8Uaz8p2KfWpcwuycFg4UJhXjYNXSsNMTmoohV16UB2Xl","Oya wedeh hodai. Thopi denaganivi minissu kochchara buddimathda kiyala."
"Gangoda Karunarathna","https://www.facebook.com/people/Gangoda-Karunarathna/pfbid02STPTLBCZSvZk74BJmpJ9iF8E3bC8WaUMzV11sk8vTn9avvVx6p6CyUnxx89rCebGl","ඔබ වහන්සේ නේද කාල්ටන් නිවසේ බණ කිවිිවෙ. අපේ හමුදුරැවනේ...එි බණ ටික අායේ අහලා බලන්නකො..."
"Thushara Amaraweera","https://www.facebook.com/thushara.amaraweera.39","Mugalan gutikala mere😂"
"Chameera Amarathunga","https://www.facebook.com/chameera.amarathunga","පව් තක්කඩි හොර ගණය."
"Devika Padukka","https://www.facebook.com/people/Devika-Padukka/61576856850544","ඕවාට රැවටෙයි මේ රටේ හරක් ඉන්නවානම් මමනම් හිතන්නෙ නෑ ඔතනට එක දෙතුන් දාහක් එකතු කර ගන්න බැහැ ඕවා කවදාවත්ම සාර්ථක වෙන්නෙ නැහැ ජනතාවණි මෙයාට තනියෙන් තමයි ගංඨාරේ ගහ ගන්න වෙන්නෙ ඕකට තමයි කියන්නේ නූගත්කම කියලා මන්ද බුද්ධික වැඩ"
"Kavindu Rukshan","https://www.facebook.com/kavindu.rukshan.7","Siwura adagena dasa balu weda krnakota awanambuwa koheda thibbe"
"Sanka Weerakoon","https://www.facebook.com/people/Sanka-Weerakoon/pfbid02KJ4ZxfakhPTva8wa7jHzM5oqQc9gedfqvWUA98HYia63tftTnV2kLThvi2pBTX3Jl","මේකා මොකා."
"Sabri Mhd","https://www.facebook.com/sabri.mhd.14","Arudu 13 lamayi dushana karana puluwan da"
"Nuwan Rajapaksha","https://www.facebook.com/chanuka.jayathilaka.3","හොරු"
"Antony Nishan Roy Perera","https://www.facebook.com/jetnroy.jetnroy","Gantare laga inn kiyak gahadada"
"Dineth Dissanayaka","https://www.facebook.com/people/Dineth-Dissanayaka/100075974966760","Pala thattaya"
"Janith Harshana","https://www.facebook.com/people/Janith-Harshana/pfbid02vEnNcYKBYCVeuzotAUssehXCLMM9sQy5pVRbA6FdkTgTfdY6E2N1UBN4DfMEC4mXl","Ape amuduruwanta shakthiya lebewa 🧡💪👌👍"
"Asoka Bandara","https://www.facebook.com/asoka.bandara.566148","අපේ පංසලේ ඝන්ටාරයේ ඇටෙ අනුරාධපුර පෝහොට්ටුවෙ රැලිය දවසේ හොරකම් කරලා ,,,"
"Noyel YD","https://www.facebook.com/noyel.yd","උබල ඔයා සියුර හින්ද බෙරිලා ඉන්නෙ"
"Suraj Madushanka","https://www.facebook.com/suraj.madushanka.182","බත් බැලයා😂"
"Sampath Kumara","https://www.facebook.com/people/Sampath-Kumara/pfbid0f9uGSC2ooU1CnjbANjogz9xKhSfewo22KJTDgPDBV8jWxEukh5nLMefmiNkXFQW2l","Pala pako yanna"
"SA Nuwan","https://www.facebook.com/people/SA-Nuwan/pfbid0kyoGGUpc23rtVhJrzi3pX1ivewHFx7qmiJ1EFfc8pddEzfyeuaZ2SjWhVnMPqfdNl","Elara kumara bangawewa. Elara kumarage awasane denuy patan gaththe"
"Priyantha Kumara","https://www.facebook.com/people/Priyantha-Kumara/pfbid02MvJQ9x3V1GBr1ECEHTr3kNdpKYup4jh9YgaAynzWoYHMmj8Cx2ZwiSgSHb66HtJol","අපෙහාමුදුරැවනේ මෙරැලත්එක්ක එකතු වෙන්න එපා එ හාමුදුරුවන් ගෙ හැසිරිම බලන්න සිවුරටකරන අවනමිබුව අපරාදය මෙකටිටියම සල්ලි පස්සෙ දුවන කට්ටිය මෙහාමුදුරැවන්ගෙ වැරදි තියෙන නිසානෙ කුඩුවට දැමිමෙ කල්පනා කරන්න"
"Gamage Kumara","https://www.facebook.com/gamage.kumara.376","උබ ගැනත් බලන්න වෙයි වගේ"
"Jeewantha Muthukuda","https://www.facebook.com/jeewantha.muthukuda.5","Nithiya katath ekai. Kata wahan idapan"
"Chandima Nilanka","https://www.facebook.com/people/Chandima-Nilanka/pfbid038EtUcLzey8x9Akvvr9VvSrL5zEykGqVGwkziPT7eGAfTcTVi1FfEECQwvvU5oeshl","ane topi hadigavilama pala.hora gana haththa."
"H MDingiri Manika Manika","https://www.facebook.com/people/H-MDingiri-Manika-Manika/pfbid0iE8fAwkzuEjMk8eybLnaQub5wrcsMixD9aHR6xqXoTo8YLkr9pVm3XWdtg9gNneHl","සිරතියාන..කෙපමන.වැරදි..කරනවා..සිවුර..ලපාරවාගෙන...සිවුර..ගපවලා..දාන්න..ඔන..සිරගෙට.. සිවුර..දාන්න..ඔනනැ.."
"Vishaka Priyadarshani","https://www.facebook.com/vishaka.priyadarshani.397995","සිවුර ගැලවෙන්ඩ නියමිත ඝනයෝ😂"
"Asiri Prasanna Niroshana","https://www.facebook.com/asiriprasanna.niroshana","අනේ පව් අප්පා.😂😂😂"
"Saman Mal","https://www.facebook.com/saman.mal.3","දින හයක් සුදු ඇන්දම මහන උපසම්පදාව ඉබේ අහෝසි වේ."
"Ajith Sameera","https://www.facebook.com/people/Ajith-Sameera/pfbid02Ht9uRRtgaVM39X7xbJgFmwRjFNxFN6X6C4nH8p2n89XKdhVciyq9QjwSG9vAQ1pWl","siuren innakota gihiyokarapu veda karaddi oya siurata tenak tibbanam ada merata godak lassanai bebadu hetta"
"Asoka Samarakoon","https://www.facebook.com/asoka.samarakoon.92","Weldan akd daneth neti wit pansalwalata"
"Duminda Dananjaya","https://www.facebook.com/duminda.dananjaya.754","ඕක ගහල උඹලට තමයි පංසලට දානෙ දෙන්න වෙන්නෙ"
"Kumara Purple Ranje Kumara","https://www.facebook.com/kumarapurpleranje.kumara","තප්පුලන් නැතිව හිටහන්"
"Theenu Tours","https://www.facebook.com/people/Theenu-Tours/61574532417572","Ape janadipati supiri oka thamai wenna oni"
"Sanjeewa Perera","https://www.facebook.com/sanjeewa.perera.952990","Kudahapola bila car alawala na… Ganu akka nidiyala na…. Gantara ghala wadak na"
"Indika Bandaranayake","https://www.facebook.com/indika.bandaranayake.114422","එල එල උක් ගොවිය ඉන්නවා කියන්නෙ ටොප් බඩු😂"
"Tharindu Viduranga","https://www.facebook.com/viduranga.vidmaxvidhu","කුඩා මොළ හාමුදුරුවෝ"
"Priyantha Chandimal","https://www.facebook.com/priyantha.chandimal.54","Pala pakaya gahapiya thoge paka nidan hora"
"Rupasinghe Dissanayake","https://www.facebook.com/rupasinghe.dissanayake.5","මුන් භික්ෂූන් ද ☹️☹️☹️☹️ ඕං ඝන්ථාර ගහන පන්සල් තියෙනවා නම් ඒ බුදුමග යන උන් ඉන්න පන්සල් නෙමෙයි ☹️☹️☹️මෙහේ ගහනවා ඇහුණොත් අනිවාර්යයෙන්ම, දානෙත් නතර කරනවා 🤔"
"Jayalath Santa","https://www.facebook.com/jayalath.santa","අපේ පන්සලේ ඒක වදින්නැ..හාමුදුරැවනේ...දැන්..........!!!... මැද එක...නැ..!!!!.පුතයා ඒ තරමට.ගහනවා ගහනවා...!!.......පඩික්කමට ගල්කැටයක්..දාලා..හොලවන්න ...........හාද.......😪😪😪😪😪........."
"Pubudu Udayanga","https://www.facebook.com/pubudu.udayanga.923","අපේ  පන්සලේ  එකා ගහ ගෙනමයි ඉන්නේ😂"
"Wickramage Ranjith","https://www.facebook.com/wickramage.ranjith.2025","අනික් පංසල්වලටත් දානේ නැති කරන්න හදන්නේ අපිනම් සතුටින් ඉන්නේ"
"Hemantha Warnakulasuriya","https://www.facebook.com/hemantha.warnakulasuriya.90","Gon pakaya"
"Kasun Danushka Kasun Danushka","https://www.facebook.com/kasundanushka.kasundanushka.9","අනේ නන්නානේ"
"Sameera Don Widanaarachchi","https://www.facebook.com/sameera.dhonwidanaarachchi","වැඩිය හෙල්ලෙන්න එපා අදම වදීවි ඝන්ටඨාරය....😂😂😂"
"Malan Amarasinghe","https://www.facebook.com/malandeva","එතකොට නිදන් හාරලා නිදන් ගැනීම 🥲🥲"
"Sandunchinthaka Uduhawara","","කන්ටේනර් මේකට සම්බන්ධ වෙන්නේ කෝමද 🥺"
"Deshapriya Bandara Senavirathna","https://www.facebook.com/deshapriya.bandara.senavirathna","ඝන්ටාරේ නෙමේ සිවුර උස්සලා ඇට දෙක හොල්ලපන් පැය කාලක්"
"Asankas Dissanayake","https://www.facebook.com/asankas.dissanayake.5","Me mona uttekda"
"Jagath Prasantha Ranasingha","https://www.facebook.com/jagath.prasantharanasingaha","අපේ පංසලෙත් නෑ... එහෙම උනොත් අපි පංසලටටත් නෑ..."
"Sujee Sujee Sujee","https://www.facebook.com/sujeewa.suraweera.5","අටමස්ථානාධිපති අඩගහගෙන ආවේ නැද්ද 😂😂"
"Aravinda Aravinda","https://www.facebook.com/people/Aravinda-Aravinda/pfbid0pf5uT4BMHQXPWfFYxw8Q935Tc3w62eM3twYTQwPn3aXgkM1b2WFUandUPkXJ2mj9l","Iy mona paka tada yako uba neda   kkiwwe palaka yata palanaya karanna diya uthui kiya thopi wage inna kam thama pako ratak hadanna bari"
"Chamila Sampath Chami","https://www.facebook.com/chamila.sampath.jayakody","මූ බය වෙලා මුගෙ පරණ නඩු ටික වැටෙයි කියලා.."
"Kalupahana Wasantha Kumara","","සක්කිලිය නොදකින් 🤮🤮🤮"
"Keerthi Rathna","https://www.facebook.com/keerthi.rathna.470070","Jepponge pansal me rate ne. Thiyenne bswudda pansal. A nisa jeppo kiyana dewal newei wenne bawudda biksunn wahansela kiyana dei"
"Y.S. Stanley Silva","https://www.facebook.com/y.s.stanley.silva","අපේ පන්සලේ ඒ දේ වුනොත් .එදා සිට දානේ නැත."
"Sumudu Thisara Godakubura","https://www.facebook.com/people/Sumudu-Thisara-Godakubura/pfbid0F4zgysDZ2cML5bb63uGTkh4JL3WME6F4Q5Wk9JmiikKDWw5NNq56KFma2Lbktqfml","සිවුර දාගෙන හොර වැඩ. සේරම කරන්න හොඳයි උඹලට 🤣🤣"
"Thilak Rupasinghe","https://www.facebook.com/thilak.rupasinghe.2025","meka kanna dei ita passe pansal walat"
"Mahesh Dananjaya","https://www.facebook.com/people/Mahesh-Dananjaya/61557238569400","උඹගේ ඇට දෙක හොල්ලාහං ඒ වෙලාවට"
"Melani Galle","https://www.facebook.com/melani.galle","කොළබ කොහෙද"
"U K Aluminiuam Aluminiuam","https://www.facebook.com/u.k.aluminiuam.aluminiuam","ගමේ පන්සලේ උන් මූට ගමට එන්න ඩෙන්න එපා"
"Sanjeewa Chinthaka","https://www.facebook.com/sanjeewa.chinthaka.1","Pissu na yako"
"Darmadasa Hotel","https://www.facebook.com/darmadasa.hotel.2025","Munta mak allanka unta gahanna ona"
"Lal Premathilaka","https://www.facebook.com/lal.premathilaka.961","ගන්ටාරේ නෙවෙයි ගහගන් වල්ල පොලොවෙ නිගන්ටයො"
"Hithaishi Gimhana Jayasooriya","https://www.facebook.com/roman.raiegn","උක් ගොවියා යනවා පිටිපස්සෙන්😂😂😂"
"Asoka Dheerasekara","https://www.facebook.com/asoka.dheerasekara","Anapalayan kupadinta kohada gahanna gantara ubalaga tiyana gantara gahaganin okun ganuaran ratayanakota siwura kohada tiyanna janatawanam kisima wirodayak namnaha muntamai horu."
"Naveen Kula","https://www.facebook.com/people/Naveen-Kula/pfbid0WpRpkypXuhuCJKVxnPvSb1Z1mQqEPa8Z74um7ngbfpwHW7b9F318iiaDU3sJqt3vl","අපිනම් සෝකයට පත්වෙලා ඉන්නේ තමුන්ල්ලා වගේ හාමුදුරුවන් නිසා"
"Nuwan Sri","https://www.facebook.com/people/Nuwan-Sri/pfbid0aPi7KeJmxSox73wd9cc4PHahozou8cLv3mGehaLs9dGGe8bTsLWbPuQ3reH7qRRcl","Siure idan Kari wada karanna hidaida"
"Pemawansaha Dinesh","https://www.facebook.com/pemawansaha.dinesh","Pala pakaya ube ata dekata lanuwak daala nemila hitu gahay avith keriya"
"Vgs Kaviranga","","පුකදෙන්නැනුව"
"Deepthi Manamperi","https://www.facebook.com/deepthi.manamperi.12","දැන් තමයි බුදුන්ව මතක් වෙන්නේ නැතම් පුලුවන් තරම් කැකිරාවේ සුදස්සනත් එක්ක එකතු වෙලා බුදු දහම විකුර්ති කරනවා මේ කතා කරන කැත විතරක් බුද්ද චීවරේ දාගත්ත අයට තමා මේ ඔක්කොම විගඩන් 🤮"
"Ruwan Munasinghe","https://www.facebook.com/people/Ruwan-Munasinghe/pfbid0gFgRzYoByCjAv8eJKWQgLgnqgz79j2DeHUbVzNBqAx9baVoLN3aCdsmZaUJpzFWMl","අපේ  පංසලේ  ගහන්නේ  නා  යකෝ"
"Upul Pathirana","https://www.facebook.com/upul.pathirana.9615","Muu කුඩු ගහල inne"
"Harsha Janapriya","https://www.facebook.com/harsha.janapriya.7","Ado UK goviyath innawa"
"Baralihela Kothukade Abesekara","https://www.facebook.com/people/Baralihela-Kothukade-Abesekara/61592037983180","Na api kampawela na....gantare gahu woth thopita dane dene na"
"Saman Diyawinna","https://www.facebook.com/saman.diyawinna","බැරිවෙලා හරි ඔය හොරිකඩයාව සිවුර පිටින් බන්ධනාගාර ගත කලානම් මුන් ඕක ජාත්්‍යන්තරයටම ගෙනිහින් පෙන්නන්නේ මේ පින්බතාගෙ බුරැ මොලේට තෙරෙන්නේ නැද්ද දන්නෑ සිවුර  ගලෙව්වේ ඒකෙ ගරැත්වය රැක ගන්න ඕනි නිසා කියලා…!"
"Upul Indika","https://www.facebook.com/upul.ranathunga.7","Ha ennam kohomahari.."
"Suranga Kumara","https://www.facebook.com/suranga.kumara.arachchige","මේ පකයා කලින් හමුදාවේ අධිකාරිලත් නිලයක ඉඳලා නිවැරදි ක්‍රමවේදයක් නැතිව මහණ වෙච්ච නඩු ගානක සැකකාර පඩත්තලයෙක්.. මුට කඩේ යන්න කල්න් මූ හමුදාවෙන් පැන්නේ ඇයි කියලා හොයලා බලන්න"
"Ananda Lal","https://www.facebook.com/ananda.lal.12327","Too belleyekutada jaataka unee kalakanneyoo   gahai pukee kantaare karai ubakeyana deewalreheiyaa wagee keegahala  eleyanna   horungee seurugalawanna onaa ubala lohomada ban kudaapola hamuduruwoo  oyawedeyata lataa karee kaalakanneyek uba"
"Danuu Herath","https://www.facebook.com/people/Danuu-Herath/pfbid0pB224yDGh84EqBCYS2CZUffokjL8ojKTBpToHV9pCYSakQ9EfrMajJoEMSythCs8l","Apo ne hamuduruwan ehema pissu ne ara anuradapure hamuduruwo lamayege eduma galawadi mokuta kiuwa ne need"
"Darshana Dalukgolla","https://www.facebook.com/darshana.dalukgolla","මූත් සිවුරු රදවනයක් තමයි.2018 ජම්පරේ අදිද්දි කොහෙද හිටියේ"
"Damith Thennakoon","https://www.facebook.com/people/Damith-Thennakoon/pfbid0pnBdLEEhdMMFYj39UpAVzMXaGvT3EqiGSd6ZjkVA6DWaPmjFEv1EPuyvAFgrkgd1l","Ane hukahan sadu"
"Anurudda Boralasgamuwa","https://www.facebook.com/people/Anurudda-Boralasgamuwa/pfbid02qbUGcm8xBVsFMWfg1J681DpfnJTQzsx9YmNsCgpD4Y4YyBumvsVMRMuKc5jW8JbUl","ජය වේවා ජය වේවා තෙරුවන් සරණින් අපෙ හාමුදුරුවණේ,,🙏🌺🌹"
"Nipuna Tharuka","https://www.facebook.com/nipuna.tharuka.763988","Issallama igannuwoth narakada biksuwak wage jiwath wenna biksun wahanselata...ehenam oya wage prasna enna neda"
"Lakshitha Thilakarathna","https://www.facebook.com/people/Lakshitha-Thilakarathna/pfbid036bf6ErWHGcUaPTqvcwCBhKxKwJ7iyuWbgdtgs41WX61HiZAqtVopU57ZUMwhvMbCl","හොරු ඉන්න පන්සල් මොනාද කියලා මිනිස්සුන්ට හොයාගන්න පුලුවන්..."
"Rasika Aruna","https://www.facebook.com/people/Rasika-Aruna/pfbid02MPwVjcE8v9R7sJkf7FSzqeiGFXosZdnKBLMjZp1adhZ1Zg69vKeRWuKRLKhWy36Jl","රට කෑවෙ තොපි වගේ හාමුදුරුවො තමයි"
"Ranjan Wijerathna","https://www.facebook.com/people/Ranjan-Wijerathna/pfbid02dFvgUt7bW879mkKnkXxNvnCYRYaiPAX28aYQ5y3BuRXN2U6gVj5YuXHqKc83a9Qdl","Api e wade kranva.thama malimavata gath adina. Post dana unta kalinma.වැහි .nathi හෙනහුරා .path wei."
"Pradeep Manchanayake","https://www.facebook.com/pradeep.manchanayake","මේ නඩුව මොකක්ද කියලවත් දන්නෑ පවු සාදු  ....මේ ආන්ඩුවේ කීසීම සම්බන්දයක්..නෑ මේ නඩුවට..ගීය ආන්ඩුවතීද්දීදුන්නනඩුතීන්දුවමේ"
"Indula Uditha","https://www.facebook.com/indula.uditha.2025","😂palayanna.apepansalwal ouwawenne.drmakatayutuwitari.😭😭😭😢"
"Kavidu Prabath","https://www.facebook.com/people/Kavidu-Prabath/pfbid0DNVFh4SqdxQyKLMUZgRoiKG4JTYfnQjEpzaQh7qhRTb6TFxgXgHZpUdg26rMY6Tyl","Pala pakaya"
"Manoj Marasighe","https://www.facebook.com/manoj.marasighe","Ape pansale ama weni ne"
"Wije Welgama","https://www.facebook.com/wije.welgama.7","A GREAT HAPPY EXPLANATION ❤️❤️❤️❤️❤️"
"Janitha Kanthi","https://www.facebook.com/people/Janitha-Kanthi/pfbid02gthgjGPj6QeJHNSrmpjjfFh75AcJi6zPpXyYK38saQxGG76MVDoSJAvzi9jVx9mQl","යකෝ සිවුරට අගවුරවයක් නේද හිරේ ගියොත් සිවුර එක්ක සාසනයට අගවුරවයක් කුඩා පොල හාමුදුරුවෝ රටවෙනුවෙ කැප උනේ ඒ සිවුර ගලවන්න බැ"
"Indika Udayanjani","https://www.facebook.com/indika.udayanjani.5","Kudapola hamuru namak  arakku bona pathale hamuru namak nevei  😂😂😂dayskaya bada noka thopita kanna genath denbe balagena nahatayak pupurai 😂😂😂"
"Pumudu Surendra","","බයියො කලබල වෙලා😂"
"Saman Kumara","https://www.facebook.com/saman.kumara.875977","රජු ධාර්මිකව රට ගිනියනවා කර්මය ගැන ඔයාලා අපිට උගන්වනවා හිතා ගන්න කර්මය පලිසන් දෙනවා කියලා"
"Shanaka Niroshan","https://www.facebook.com/shanaka.niroshan.184","හිරේ ඉන්න උන් ගැනද කියන්නෙ....."
"Kevin Williams","","අහිංසක හාමුදුරුවන්ට තග දාලා දැන් ඇතුලට ගියාම සිංහයෝ බල්ලෝ වෙනවා. https://www.facebook.com/share/v/1Ei6Zd8qXc/"
"Sampath Harshakumara","https://www.facebook.com/sampath.harshakumara.5","අමිමත් එක්ක කතා කරන්න පුළුවන් ද"
"Ajith Weerakoon","https://www.facebook.com/ajith.weerakoon.509","ගාන්ඨාරේ ගහන්න කවුරුහරි එවනවද"
"Gayan Pathirana","https://www.facebook.com/gayan.pathirana8","ධර්ම සංගායනාවක්  කරන්න කාලය ඇවිල්ලා… 🙏"
"Geetha Wanigaratne","","අධිකරණ නියෝග..  ."
"Wasantha Pradeep","","එහෙම ගහන ඒක පන්සලකට දානේ ගෙනියන්න එපා"
"Vipul Jayadewa","","රජු ධාර්මිකයි හොරුන්ට විය යුතු දේ වෙනවා දඩුවම ලැබෙනවා පන්සල් වල දායකයෝ හරිම සතුටින් කිසිම දුකක් නෑ  හොරු වෙනුවෙන් කඩෙි යන්න එපා ඔචිචරටම"
"Sandupa Silvia","https://www.facebook.com/sandupa.silvia","Yako huge tiyana seele kiyapan sidra dagattama one jadawadak karanna puluwanda"
"Asees Marikkar","https://www.facebook.com/asees.marikkar.3","Awrudu10denneona"
"Thisal Bandara","https://www.facebook.com/thisal.kenula.bandara","රටක් තටමද්දි ඇරුනෙ නෑ තොපේ එක ස්වරාලයක්."
"Kasun Kasun","https://www.facebook.com/people/Kasun-Kasun/pfbid0239nbChMnQ59dU9QxgZJkfJYNgVYs22eN5osDZfMFyTFvXB4v65yAbSzZCmajuXGl","Apa gama pansla yantara ghanna na ganayoo"
"Dammika Bandara","https://www.facebook.com/people/Dammika-Bandara/pfbid0bgX2YUJPtf1LBSiryUBZrLHiSEKgtnnivsKmdCCPFneq2Tnjjh9H7godHEFoNvCfl","Mamanam kiyanne  abude  gassanna tiyenna"
"Kanthi Kanthi","https://www.facebook.com/people/Kanthi-Kanthi/pfbid0TFFsaX64ntwSPBHvjDdGeb8kwDQtydVfkXG3sj5kMyxt5dBzsp7wtJZHtfSwyUsVl","හාමුදුරුවනේ ඔබ වහන්සේත් දන්නවනේ මේ බුද්ධ දහම බුදු දහමට අනුව ඔය මිනිස්සුන්ට සොබා දරු මෙම දඬුවම් ලැබෙනවා ලැබෙනවා ඔය මිනිස්සුන්ට"
"Upali Perera","https://www.facebook.com/upali.perera.9277","Ane palayan. Yako. Yanna"
"Seelawansa Theo","https://www.facebook.com/seelawansa.theo","Apita.pissu.nehe.ban.uba.danna.winaya."
"Ranil Hemantha","https://www.facebook.com/ranil.hemantha.16","Ubath leshthi weyan😂🤣"
"Induwara Flora","https://www.facebook.com/induwara.flora.58","ගහනවා තොge thtteta"
"Roshan Perera","https://www.facebook.com/roshan.perera.94651774","හාමුදුරුවෝ දේවාලේ යනවා.කාලකන්නී මුන් තමයි අපේ ආගම දහම කන්නේ"
"Seetha Perera","https://www.facebook.com/seetha.perera.526","Jara wada Karan unwa beraganna ekek yanna eapa Siura dagena raganawa"
"Jayantha Bandara","https://www.facebook.com/jayantha.bandara.438787","Waradine siyalu pansal kiyala ai boru kiyanne.apinam soken nemei inne.adaarmika ubala yakune .budun wahansege dahama igena gena e nwan mage palayallaa.thopi dan ratata wihilueak welaa iwarai. Oya natana oyaalage widiyo mulu ratama balaala thiyenne.rate neethiua kaatath podui.neethiyata garu karala jerwath weyallaa."
"Nalaka Gayanath","https://www.facebook.com/people/Nalaka-Gayanath/61557652745536","ගන්ඨාර  නෑ තෝ එදාට ඇටදෙක වනවපන්"
"Chamal Nilshan","https://www.facebook.com/chamal.nilshan.2025","හරියටම පුke  ඇරලා තියෙන්නෙ දැන් හොර ගනයන්ට😂"
"Ranjith Premalal","https://www.facebook.com/ranjith.premalal.9843","Chamal Nilshan පල යන්න වානරයා...........තොපිට ඉතිං සිවුරඇලජික්නේ........"
"Chamal Nilshan","https://www.facebook.com/chamal.nilshan.2025","Ranjith Premalal අනේ නිකන් පලඩෝ යන්න. පල්ලෙගමයට ගිහින් දීපන් උඹේ ගෑණිවත්. සක්කිලි නාකියා😂"
"Tharaka Dilshan","https://www.facebook.com/tharaka.dilshan.7564","Ranjith Premalal thopi wage namat baudda gon hattha innakn me rata hadanwa boru 😂"
"Dilan Jayawickrama","https://www.facebook.com/dilan.jayawickrama.9","අන්න ඉන්නවා රාජපක්ෂ කුක්කෝ"
"Neel Udaya","","ඝණ්ටාරය නැතිව වෙන එකක් නැද්ද ගහන්න."
"PB Balasuriya","","මිනිස්සු දැන් බුද්ධිමත් ඉස්සර වගේ මේවට රැවටෙන බොහොම අඩුපිරිසයි ඉන්නේ... කාලේ වෙනස්  bro..."
"Nishantha Lal","https://www.facebook.com/nishantha.lal.2025","තොපිට දොන් බත් ටිකවත් නෙලැබෙන වැඩක් මෙක"
"Asanka Sanjeewa","https://www.facebook.com/people/Asanka-Sanjeewa/pfbid0L9eKnfVVmbpFreRq3hKGwKDLr2xgGpEw6LEyLy3KcJiFrDofvQuEqi8K2fNKr6aDl","අපේ පන්සලේ ඔය වෙලාවට ගන්ටාරේ ගැහුවොත් දානේ දෙන්නෙත් නෑ සිවුරු දාගෙන වැරද්දක් කරොත් දඩුවම් ලැබිය යුතුයි"
"Chandima Ranasingha","https://www.facebook.com/chandima.ranasingha.94","Asanka Sanjeewa  ඔයා විතරද  දම්පේරුවෙ ඉන්නෙ"
"Vidhanage Anil","https://www.facebook.com/vidhanage.anil.5","අපේ පන්සලේ වෙන්නෙ නෑ."
"Janaka Galgamuwa","https://www.facebook.com/janaka.galiya","යට ගන්ටරේ  ගහගනින්"
"Lalith Amarasooriya","https://www.facebook.com/lalith.amarasooriya.73","අටමස්ථානාධිපති දරැවෙක්ගේ ඇදුමි ගලවනකොට තෝ කොහෙද හිටියේ හොර ඝණයෝ..?"
"Uvindu Dissanayake","https://www.facebook.com/uvindu.dissanayake.148","Mun wath hire danna one.. Mahana wenne hire yana wada karannada ?"
"Suranjith Disanayaka","https://www.facebook.com/profile.php?id=100014357235343","එකම නලුවො ටික"
"Dinesh Gamage","https://www.facebook.com/people/Dinesh-Gamage/pfbid02dovbeGFZWvpVVheSRnHV5MxtxE3BoeQhRsTrWt1qZ1sGAwyaHaoBU7fSxMf8aozNl","Yatha thiyana ganthare thamai ubatha Gahanna wenne😂"
"Rohana Ediri","https://www.facebook.com/rohana.ediri.1","ගහනව ප,,,,"
"Disanayaka Darma Dasa","https://www.facebook.com/people/Disanayaka-Darma-Dasa/61581595876668","පොඩ්ඩක් ධාතුසේන රජතුමාගේ කාලේ කරපුවා හොයලා බලන්න ඔයවාගේ හොර චීවර දාරියෝ අල්ලාගන ඇවදින් චීවරේ ගලවලා වැවක් හැදුවා උන්ටකියලා ඒකට කේවේ  හීරලුවැව කියලා අද හොරුලු වැව කියන්නේ එකටයි ඔය තිත්ත ගල්ලේ උන්නැහේටත් යන්න හිතිලා වාගේ හිරගේ පැත්තේ අදිකරනයට අපහාෂකරන වැඩනිසා"
"Kumudu Lakmal","https://www.facebook.com/kumudu.lakmal.581","රජු හරි නෑ තමයි කට ඇරියොත් බොරුම තමා නානාසාරත් ඒ වගේම තමා ඔහු උතුම් චීවරයට ගැලපෙන කෙනෙක් නවෙයි අරක්කූ බීගෙන කුනුහරුප කියාගෙන චන්ඩි කම් කරන්නද සිවුරු දාගත්තේ  තිත්තෙත් තිත්ත නොවී පැත්තකට වෙලා ඉන්නවද"
"Dewage Nandika","https://www.facebook.com/dewage.nandika","දුස්සීල ගණයෝ , සාසනයෙන් නෙරපනු"
"Sarat Kumara","","Hollapan ata....."
"Sangeeth Madu","https://www.facebook.com/sangeeth.rajapakshe","අටමස්තානේ වලත්තයාගේ දේවල් දැක්කේ නැත් අය ⁣මෙිවා දකින්නේ...මහින්දලගේ ගූකන සෙටි එකට රිදිලා.."
"Prasanna Niro","https://www.facebook.com/people/Prasanna-Niro/61580841729441","Kari ponna gotayooo tika"
"Thilak Thennakoon","https://www.facebook.com/thilak.thennakoon.54","කුඩාපොල ලා ජාතික වීරයෝ මුන් කව්ද"
"Dmb Pathman","https://www.facebook.com/people/Dmb-Pathman/pfbid0UeQB16rca8Kh2KErLuve4zHjKUxtpZeMAySAobet2rpzVny9yN3hA6cALs1mJXUnl","කොහෙද යකෝ හොරා"
"Laxman Jayarathna","https://www.facebook.com/laxman.jayarathna","Thadigahala elawanna mun thakkadi. Neethiya kriyathmaka karanna munta. Mun lasthi rata winasa karanna apu haththa. Jana warama pawichchi karanna"
"Indrani Herath","https://www.facebook.com/indrani.herath.381935","ලංකාවෙ  ධර්මිෂ්ඨ  පාලනය තිබුනෙ ඒකාලෙ.  පසුගිය ආණ්ඩුව වෙල අතුරුදහන් වුනේ කොහොමද  ධර්මිෂ්ඨ  හින්ද ද.මං මාවත් ව? කොල්ලො මරල දැම්මෙ ධර්මිෂ්ඨ  හින්දද. සිවුර ගලවපු එකට අපිත් විරුද්ධ යී .නමුත් බුදු දහමට අනුව ඔහොම  ආවේගශීලි වීම හරිද?? යමක් විසඳාගන්න ක්‍රියාමාර්ග  බුදු දහම තුල බුදුරජානන් වහන්සේ දේශනාකර තිබෙනව අනේ මන්ද කල දුටු කල වල ඉහීනව.😢😢😢😢😢 බෞද්ධ දර්ශනය  තුල ජීවත් වෙමු."
"KP Sandun","https://www.facebook.com/sandun.piyasiri.1","අපේ පන්සලවලට පිස්සු නැතෝ"
"Namila Hewakumara","https://www.facebook.com/namila.hewakumara","14 paarak hire giya pissek thiththaya"
"Charith Duminda","https://www.facebook.com/charith.duminda1","Hawasata shot ekak damuda.siuwru walata muwa wela inna mee adarmishtayange oluwen siuwra galawanna onee"
"Amila Nanayakkara","https://www.facebook.com/AMILA19857","හාමුදුරුවනේ ඇතුලට යන්ඩ ආසද"
"Tishan C Perera","https://www.facebook.com/tishan.c.perera.2025","රජෙක් නෙමෙයි හිගන්නො මුං"
"Mallika Hettiarachchi","https://www.facebook.com/mallika.hettiarachchi.3979","සිංහලයනි දැන් බලා හිටියා ඇති ආගම ජාතිය රැක ගන්න එක්වෙයවු!"
"Jayantha Perera","https://www.facebook.com/jayantha.perera.666078","මු තනිකර පිස්සෙක් බලමු ගන්ටාර ගහන පංසල්"
"Ananda Dabarera","https://www.facebook.com/ananda.dabarera.2025","Asikkitha ,amana,,kalakanni ballek 🐕🐕🐕🐕🐕"
"Pradeep Madusanka","https://www.facebook.com/predipmadusanka.predip","ලංකාවේ සියලූම ස්වාමින් වහන්සේලාට දෙෂපලනය තහනම් කර යූතුයි. දෙෂපලනය අවක්ෂනම් චීවරය ගලවල යන්න ඕනෙ."
"Sumana Rathnayake","https://www.facebook.com/people/Sumana-Rathnayake/pfbid02nV4CDxKGWgm9M2QVHpSzGJVKPmL4NXwWPmZGAqApLBpwZwrqybWnoxdHKgfM2gjAl","පිස්සු ...nattham....sok"
"Shamali Fernando","https://www.facebook.com/people/Shamali-Fernando/pfbid0SpuMDKnKmR6yJWCA3qg2s8Bt7f3Z5Xf7NaSEZPcKM5PxPSnUqEKK49jsBLEbt6J1l","අනේ සාදු ඒක නිතිය වැරදි කරුවෙක්ට අවරුදු 3.වගේ අච්චු කරොත් සිව්ර ගලවන්න තහනම් ඒත් අවරුදු තුනට වැඩිය අච්චු කලොත් සිව්ර ගලවන්න පුළුවන් මෙයාට අවරුදු හයක් ඉතින් මොන කතාද"
"Sandu Jayasinghe","https://www.facebook.com/sandu.nisansal","බුදු සසුනේ ආරක්ෂාව වෙනුවෙන් නොබියව හඬ නගන, සත්‍යය වෙනුවෙන් අභීතව පෙනී සිටින ස්වාමින්වහන්සේ නමක් සසුනට ලැබීමම මහත් වාසනාවකි.   අඳුරේ මඟ නොපෙනෙන මිනිසුන්ට දැල්වෙන පහනක් වැනිය. 🙏☸️   එවන් උතුම් භික්ෂූන් වහන්සේලාගේ වටිනාකම තේරුම් ගත හැක්කේ, ධර්මය කෙරෙහි සැබෑ කැක්කුමක් ඇති හදවතකට පමණි.  ගලගොඩඅත්තේ ඥානසාර , සත්‍යය වෙනුවෙන් ස්වාමින්වහන්සේට තෙරුවන් සරණයි! 🙏🌸"
"Dilla Madurajeewa","https://www.facebook.com/dilla.madurajeewa","Siura dagena karanna puluwan balu weda kara kara kunuharpa kiya kiya manussanta bena innakota ewa penne.siura dagena karana jada weda penne ammeeee ithin loku hora nethuwa podi horunta anagathayak ne kiyala.denena nisane mecchra me"
"Pradeep Prasanga Rathnayaka","https://www.facebook.com/profile.php?id=100006656109744","ගලවනව යකෝ ගන්ටාරෙ."
"Buddhika Pushpakumara","https://www.facebook.com/buddhika.pushpakumara.716","සිර දඬුවමට අවුරුදු 3 ට වඩා වැඩිද අඩුද ඔබ වහන්සේලාගේ දේශපාලනයද"
"Sarath Kumarathunga","https://www.facebook.com/profile.php?id=100052885277117","Ane ganagediyo ubata gang ekka budiyaganna pukuwan"
"Saman Kumara","https://www.facebook.com/people/Saman-Kumara/pfbid031Qg3o4pJqmKxWWBfndjsXQPWiDdWxW9XjecbuPQnJBx9U7MPYHM53UhMQg9vy6Rvl","පක තමයි"
"Tharak Thilakarathna","https://www.facebook.com/tharak.thilakarathna","ඇට දෙක හොල්ලන්නම්"
"Ridma Ransara","https://www.facebook.com/ridma.ransara.96","Mekage siura galawaganna hadanne"
"Sameera Madushanka","https://www.facebook.com/sameera.madushanka.576794","මුගෙ  i phone eka 😂"
"Sriyani Dharmalatha","https://www.facebook.com/people/Sriyani-Dharmalatha/pfbid02E7xCaVvyhNZtLYBp6mFSyihQea3gdEyGQiDHNGgbTY4M9xvdN7rHy1nxugeKS4bYl","අනිවාර්යයෙන්"
"Nishsanaka Kumaragamage","https://www.facebook.com/people/Nishsanaka-Kumaragamage/pfbid0brM6ziE7SZGjWjkNKpwa9HDASboV9z8Ec5p3935sxiffVCnjbx6GJjWdYmPtqp9xl","ට්‍රැක් පැනල"
"Nipun Lakshan","https://www.facebook.com/nipun.nipunlakshan.5","පන්සලේ ගන්ටාරෙත් නැතිවෙන පෝස්ට්🤣🤣"
"Sarath Wickramasingha","https://www.facebook.com/people/Sarath-Wickramasingha/pfbid02qohhVTfiA18goJB6J5S7qzdVYgfwPYi17nZ7qYMYqcV3cm5pUdiFPLXEiv41Kp2jl","Siwuru galawala hemneddi hodayi nodayi kudapola hamuduruwanta samakaranna puluwanda me siwuru radawanaya"
"マヘシュ・プリヤンカラ マヘシュ","https://www.facebook.com/people/%E3%83%9E%E3%83%98%E3%82%B7%E3%83%A5%E3%83%97%E3%83%AA%E3%83%A4%E3%83%B3%E3%82%AB%E3%83%A9-%E3%83%9E%E3%83%98%E3%82%B7%E3%83%A5/pfbid04xs7U9Z8U4a668cLyhP673yF2EBzut5G9PxSqZscL13X3beWhZfWrcbRePNPkbEfl","Pişsek 🥴"
"Niroshan Fernando","https://www.facebook.com/niroshan.fernando.79656","Kata vahapiya paraya 😭"
"Sumith Prasanna Fernanndo","https://www.facebook.com/sumithprasanna.fernanndo","මෙන්න මේකව ඉස්සරවෙලාම අල්ලලා දාපන්ලා"
"Wagira Senarathne","https://www.facebook.com/wagira.senarathne","මට තේරෙන විදිහට තමන්ට අදාල දේ කරගෙන පාඩුවේ හිටියනම් හිටියනම් කිසිම ප්‍රශ්නයක් නැනී එක එක දේශපාලන අවජාතක පකාලට කඩේ යන්නද  සිව්ර දාගන්නේ හාමුදුරුවනේ අපි මැරිලා ඉපදුන් නෑ තාම ඔය කෑ ගහන හැම එකාම නටන නාඩගම් මේ ලංකාවේ හැම එකාටම දැකලාම එපා වෙලා තියෙන්නේ තමන්ට  වාසියට එන එවුන් ඇරෙන්න ඔය නාඩගම් වලට දගලන්න මිනිස්සුන්ට ඕන නෑ හලෝ දිට්ඨ ධම්ම වේදය කර්මය කියලා හාමුදුරුවනේ ඔබ වහන්සේලාම තමා අපිට කියා දුන්නේ වරදක් කරලා නැත්නම් නිදහස් වෙයි අධිකරණයට විරුද්ධ වීමක්නේ ඔය කරන්නේ මොකා කලත් වරද වරදම තමා,,,,,,"
"Sriyani Swarnalatha","https://www.facebook.com/sriyani.swarnalatha.2025","Ube 3 na gahapan"
"Ayesh Senarathna","https://www.facebook.com/people/Ayesh-Senarathna/pfbid0YwWUcd3e2HpDdtRCZ7CSZ9vyy3oniZWEj9KqFZf2SxvheTSpcnWHgiSXoNYEJweRl","Yako siwura dagaththanam paduwe idapallako ewarane kathawe"
"Danusha Sampath","https://www.facebook.com/danusha.sampath.770985","කොහොමද මුඩු මහනොගේ සද්දේ  😂"
"Rasika Max","https://www.facebook.com/rasika.danushka.14","මූට පිස්සුද"
"Dulan Wijerathne","https://www.facebook.com/dul.an.7921","තිත්තගල්ල පුක සුදුද😂"
"Anushka Purankumburegedere","https://www.facebook.com/people/Anushka-Purankumburegedere/pfbid033u3qrzaN9SDqrZ33FWPyr7smzK63nKBm33e2pomwTJWmUS6HVGnT9uroeCXCYEP4l","Ba,,,apea පන්සලේ ඝණ්ඨාර rajalakshala horekam kera😂😂😂😂"
"Wanni Wanniarachchi","https://www.facebook.com/people/Wanni-Wanniarachchi/pfbid02GT9wvdw4rf5yNGXMYLy7BhaAaCUrTdhKWcXJtCVX7Mgh2kLY9DsVC6muNbB4kApkl","මොකක්ද මේ කරන්න හදන්නේ?        අධිකරණයේ විනිශ්චයකරුවන් බය කරලා තමන්ට අවශ්‍ය තීන්දු ගන්න බලපෑම් කරනවා.  මේ විදිහට රටක් ඉදිරියට ගෙනියන්න පුළුවන්ද  ලඟදීම....             අපේ නඩු අහන්න සිවිල් අයට බෑ කියාවි...         අන්‍ය ආගමිකයින්ට ආරක්ෂක අංශව ඉහළ තනතුරු දරන්න දෙන්න එපා කියයි..          කවුද මේ රට විනාශ කරන්න හදන්නේ..?  ආණ්ඩු මාරු උනත් මිනිස්සුන්ගේ හිත් වල සංඝයා වහන්සේලාට තියෙන ගෞරව නැති වුනොත් ආයි ඒක හදන්න බෑ.... දැනටමත් ඒක නැති කරලා ඉවරයි.!!"
"Madushanka Athapaththu Athapaththu","https://www.facebook.com/prabath.madushanka.773981","Ane palayan thithth galla"
"Sampath Jayamanna","https://www.facebook.com/sampath.jayamanna.176783","එතකොට බං අසික්කිත වැඩ කරනකොට හොඳයිද...."
"Thushara Senarathna","https://www.facebook.com/thushara.senarathna.33","අපේ ගන්ටරෙ ඇටේ ගලවනවා..ගන්ටරෙ ගැහුවොත්.."
"Jagath Mhjps","https://www.facebook.com/jagath.mhjps","බුද්ධ සාසනය සූරකිමූ"
"Rumeh Kumara","https://www.facebook.com/people/Rumeh-Kumara/pfbid0DoiT7snn6HMwQEksko6TiShuMrHQQ33yChpdDtHsnCQcS7Pw4iAB2xmoR9jtTy9Bl","Muwat banna ona mun siura kanawa"
"Mudali Banuka","https://www.facebook.com/mudali.banuka","ස්වාමීන්වහන්ස  ඔබ  වහන්සේගේ  වෘෂණ  දාතුව      ඇදලා  ගැටගහගන්න"
"GL Darmadasa","https://www.facebook.com/gl.darmadasa","රජයට විරුද්ධව කතා කරන්න මාතෘකාවක් නැතුව ඉන්න අයට අලුතෙන් සිරිලිය සහ නානසාර නමින් සටන්පාට දෙකක් නිකුත් වී ඇත."
"Kumara Kumara","https://www.facebook.com/kumara.kumara.391086","Nana kauruth horunta gantara gahanna"
"Nilanthei Perera","https://www.facebook.com/people/Nilanthei-Perera/pfbid0cJmydksa7LhwdB5n8xgNrNKQp7LBTQQA59xngaZewuMqbE4veaaANzgYLFi93ejZl","Ani pala balu wada karanakota hodai"
"Hemantha Dissanayake","https://www.facebook.com/hemantha.dissanayake.114215","Palayan yanna oya gonwada karanne naa"
"Gayan Jayasinghe","https://www.facebook.com/gayanj","සාදුගෙද"
"Rajith Fernando","https://www.facebook.com/people/Rajith-Fernando/pfbid03wLyqhDxWK4z8Co6iZXwX7ue8BVCepAGKyTZ1oop1g4iVJEgMyReTF9xf9g8RjCLl","Akama kattiya enne hama thanama"
"Mal Kanthi","https://www.facebook.com/mal.kanthi.693735","ඒ හාමුදුරුවෝ පන්සලේ හිටිය නමි ඔය මොනවත් නැනේ ඇයි මහන උනා නමි දේශපාලනය කරන්නෙ නීකන් දෙන දාලේ කාල ඉන්න බැරුව"
"Rashmika Thilangana","https://www.facebook.com/rashmikathilangana.herath","අදිකරනයට අපහාස කිරීමක් නෙමෙයිද මෙයා කරන්නෙ"
"Ilangakoon Wijedasa","https://www.facebook.com/ilangakoon.wijedasa","Munta pinatakala thelawadiwela thawadeepiyau kanda"
"Chamila Priyantha","https://www.facebook.com/chamila.priyantha.740069","බවුද්දය රවටපු සිවුරු හොරු"
"Suranga Lakmal","https://www.facebook.com/people/Suranga-Lakmal/100048068766917","ජොකා ගලවල උඩ පැනපන් 😂😂😂"
"Dilan Tharindu","https://www.facebook.com/ilangasinghe.dhilan","කාලකණ්ණි 🤮"
"Hiner Hainer","https://www.facebook.com/lebbeul","💩💩💩💩💩💩💩මෙයා  ගැන  තිබ්බ  පැහැදීම අදින්  පස්සෙ  ඉවරයි තිත්ත්ගල්ල"
"Lakshith Ruchi","https://www.facebook.com/ruchira.lakshitha.1","සිවුර පිටින් පාර්ටි දාලා නටපු උන්ගේ උපදෙස්😂😂😂😂😂"
"Rish Mash","https://www.facebook.com/people/Rish-Mash/pfbid031zRK5h2fi1bdMfd4gTiRmVtNXgXBHXAF1vPSf78bpqaP6KsGv18UjS1tFQ6wfSeLl","Ukgoviyath innawa...kage wedak da kiyala therenawa neda?"
"Sumudu Loreto Dilani Wickramasinghe","https://www.facebook.com/sumudu.l.wickramasinghe","ඕක ඇදගෙන බලු වැඩ කරනකොට බුදු හාමුදුරුවෝ මතක් වෙන්නේ නැහැ නේද."
"Indika S Dodangolla","https://www.facebook.com/people/Indika-S-Dodangolla/100070359746046","Apaei pansalaei gahannaei na ..mokada topi wagaei horu hama pansalaeima na"
"Lasantha Wickramasinghe","https://www.facebook.com/people/Lasantha-Wickramasinghe/pfbid02HEUcMWWSHuWa4HwH7svxCkFkpiT1c3Cv4bDKkavJYzL9QaouuKHiTAJ1BHeNNcFDl","Hiwiru horu puke athsana gahaganin"
"Susil Kulathunga","https://www.facebook.com/susil.kulathunga.92","2018  සිවුර ගලවල ජමිපරේ අන්දනකොට  කොහෙද හිටියෙ අපේ පන්සලෙ එහෙම නැ"
"Mahesh Walallawita","https://www.facebook.com/mahesh.walallawita.2025","අපේ පන්සල් වල නායක හාමුදුරුවෝ සිල්වත් දේශපාලන ගනගෙඩින්ට කඩේ යන්නේ නැහැ උන්වහන්සේ බණ දහමේ යෙදෙන හිමිනමක් ගන්ටාර ගහලා පිස්සු කෙලින්න තරම් අපේ පන්සල්වල දේශපාලනේ නැහැ 🙏 🙏"
"Buddika Sandaruwan","https://www.facebook.com/people/Buddika-Sandaruwan/pfbid02h315pfkbejZZdxwkEjJSt1KiE6wHa3AUU7dDYQLf2N3rbAdi7Dctaomu1rK7r3wil","අනේ අපි නම් සෝකෙට පත්වෙලා නෑ...උඹලට මේ දානෙ දෙන මිනිස්සු. ඒ කාලේ තෙල් පෝලිම්වල ගෑස් පෝලිං වල මැරෙද්දි, මේ රට බංකොලොත් වෙද්දි තොපි එකෙක් ආව ආවද යකෝ ඒ මිනිස්සු වෙනුවෙන් කතා කරන්න..උඹල තනිකරම බිස්නස්් කාරයෝ..හොඳ සිල්වත් ස්වාමීන් වහන්සේලා ඉන්නවා.."
"Mohammed Alaa","https://www.facebook.com/people/Mohammed-Alaa/pfbid0ZaCjoUzp7bVD2a6csUHLEQW9vZ25x2ntxtxFLLVnKJvL96Xya2c8buDNxC2Ecb4pl","MEYAGE DEPOLA OYANDA"
"Wimalasiri Fernando","https://www.facebook.com/people/Wimalasiri-Fernando/pfbid021TxABbzoxsnTnhj9mTteo6tvZ8qRS3jH3Jar6GWqG4q3969bt6jBnx93QrxX2wQMl","Namayata.toga.atadaka.holavapiya.kari.ponnaya"
"Rangana Bandara","https://www.facebook.com/ranganab1","මෙන්න මේකවත් ඇතුලට දාල දෙන්න , මල කරදරේ"
"Kdm Keerthi","https://www.facebook.com/kdm.keerthi.2025","Mu mona nariyak de"
"Yamuna Fernando","https://www.facebook.com/people/Yamuna-Fernando/pfbid0yLyqiAXUnELKtSbhBKgpSYaf2iKtNfVqi6TNXjfZa3tCdGfXEdn2o3jZ9uiESZiTl","රජු අදාර්මිකයි"
"Chandrani Gamage","https://www.facebook.com/people/Chandrani-Gamage/pfbid035bLdpdUdXBTwqvVo1s2hsbXL4YHnQvcEDiw9CqkbMYa775kQQwXXEpW3yQKr77uPl","අපේ පන්සල්වල ගන්ඨාරය ඇහුනේ නෑ..අද ඇහුනේ නෑ..😂😂😂හාමුදුරුවන්ට වැරදි වැඩ කරන්න හොදයිද..සිවුර ගලවන වැඩ කරන්නෙ ඈයි..ඔය හැමෝම වැරදි වහන්න හරිම දක්ෂයි..😂😂"
"ගොළු හදවත","https://www.facebook.com/w4vv2999np","උතුම් තෙරුවන්සරණයි මහසංඝරත්නයට ඥානසාර හිමිට නිදුක් නීරෝගි දීර්ඝායුෂ ලබත්වා 🙏☸️🌸"
"Gamaralalage Wickramasinghe","https://www.facebook.com/people/Gamaralalage-Wickramasinghe/pfbid0j87kpeepeW9Jg9x82vGLMgaLmYehpK4aysLqnFWNwKkgev31g1FHSab9CLFRhoFol","තිත්තගල්ල..නානසාරමුන්ට.මුන්සංග.ගනයටගන්නබැ.මඅනදේසපාලුවන්ට.කඩෙයනකහකඩයින්පමනයිමෙිවා⁣ගෙඋන්.සාසනයවනසනවාා"
"Surendra Hemal","https://www.facebook.com/people/Surendra-Hemal/pfbid0Wck4oJ4eaR66k7N11WhF9pBQVYTbSZZS9QFh49JTxYDxtXL4xnKAftwkpwpETijTl","Track poddk awul gihin thiyenne"
"Manori Cooray","https://www.facebook.com/manori.cooray","කුඩා පොල හාමුදුරුවෝ කරපු දේවල්ද මෙයා කරේ.."
"Weerasingha Chaminda","https://www.facebook.com/people/Weerasingha-Chaminda/pfbid0bGvqrhH5MrU8UDwEzQzcAhtmyWqfAaBK5AQcYkTeDdkEybx3zAFZXngsMde52zTul","ඝාන්ටාරෙ මැද කෑල්ල නේද හොලන්න ඕන  විනාඩි 15.. ආ සුද්දා"
"Pradeep Kumara","https://www.facebook.com/pradeep.kumara.54821","Marayonta  gantara gahanne na ape pansal wala"
"Shantha Shantha","https://www.facebook.com/shantha.shantha.50552","Made ochcharai asawen banak ahanda giye dan ithin redi adan thithagalle yanne kohomada"
"Samantha Jayasena","https://www.facebook.com/samantha.jayasena.712","ඝාන්ඨාර ගහලා වැඩක් නෑ ඥානයා එළියට එනකම් නොකා නොබී හිටපල්ලා පුලුවන්නම් 😂😂😂"
"Achila Manawadu","https://www.facebook.com/achilamanawadu","මෙකත් මතක තියා ගන්න මිට පෙර දැඩුවම් වින්දේ ඔය විදිහටම තමයි.ඇයි අද පාරට බැස්සේ ඒදා බැස්සේ නැත්‍තේ ඇයි.මේ හාමුදුරුවෝ කතා කරන්නේ මහින්ද වාදිව එකයි වෙනස."
"Gunasekara Kr","https://www.facebook.com/gunasekara.gunasekara.1612","Ubage gantare galavai hode."
"Wasala Siriwardana","https://www.facebook.com/people/Wasala-Siriwardana/pfbid02buJ4rxhs5LvRUg5d17T5W47sG3QjjHK26W6ypod9u1xoRmRzdvYVTyEWtbiyDhpfl","රටේ ජනතාවට පිස්සු නැ."
"Sajith Saranga","https://www.facebook.com/people/Sajith-Saranga/pfbid02NZYP8J3jR6Zx5CNCK8cTcjCp9mU78dCfsczEnrm3U2befbfwchd6dR2NkpnKex6Xl","අපි සතුටින්😂"
"Bandula K. Jagoda","https://www.facebook.com/bjagoda1","කුඩාපොළ හාමුදුරුවෝ කියන්නේ ජාතික වීරවරයෙක් මේ කවුද මේ. අර ඔක්කොම එකයි මෙයාලා කරන්නේ ජාති භේද ඇතිකරලා රට අබෞද්ධ කරන එක. ගල්ගෝඩ අත්ත  හිමියන්ට දඬුවම් කළේ නීතිය."
"Prasanna Pramuthitha Pramuthith","https://www.facebook.com/prasannapramuthitha.pramuthith","Hari ane adannda epa appa ai duka wedida game thiyana pansalwalata daneth nathiwei wage amma"
"Podi Hamuduruwo","","තිත්තගල්ලේ වයසට ගිහිල්ලා මහණ වුනු මුග්ධ මහල්ලෙක්. පොඩි කාලේ ඉදලා ශාශනේ මහණ වෙලා ඉදපු අයගෙ තියන කොලිටිය මේ වගේ දේශපාලනික භික්ෂූන්ගෙන් බලාපොරොත්තු වෙන්න බෑ"
"Roshan Silva","https://www.facebook.com/people/Roshan-Silva/61574325074386","Danuth muge gantare hellenawane amuthuwen Gahanna one na"
"SF Kondaya","https://www.facebook.com/people/SF-Kondaya/61581933086561","අපිට හරි සතුටුයි බොල ගංටාරේ ලොකුයි ද😂😂😂😂😂 අපි සෝක වෙන්නේ මු හිරේ නොගියානමි😂😂😂😂"
"Juliyan Peter","https://www.facebook.com/juliyan.peter","හමුඩුරුවන්ට බොන්න හොදයි බඩු ගහන්ඩ හොදයිද මම දන්නෙ නැතිනිස අහන්නෙ"
"Niroshan Jayawardena","https://www.facebook.com/niroshan.jayawardena","බේරේ වැවේ නාන ටයිම් එකත් කියහංකො තට්ටයො.සබං එහෙම ලෑස්ති කොරන්නත් ඕනෙනෙ.🤣🤣🤣🤣🤣🤣🤣🤣🤣🤣🤣🤣🤣🤣🤣🤣🤣🤣🤣🤣🤣🤣🤣"
"Hrj Herath","https://www.facebook.com/people/Hrj-Herath/pfbid0Hanq2RngQ9ryoeb5BgHARDqmeMCkUm6YVZ3pAcqYfvSkj8oQcfN3VXFMDVhuR8LUl","මිනිසුන්  මෝඩ  නැත බුද්දිමතුන් අවැසි  කාලයයි..සිතන්න .."
"Anu Gamage","https://www.facebook.com/people/Anu-Gamage/pfbid02bPhW83AwVCiVRuMTnwFnKUQ4Sno1NzcVWoSbyFTJpC3GjT4AbdmJNX1kQAh19Sx4l","චීවරය දාගත්තත් ආරේගුණණ නෑරේ යාන වලින් මෙනෙහි දේවල් තමයි ඔය විදියට හැසිරේ"
"Hello Kitti","https://www.facebook.com/people/Hello-Kitti/pfbid04uNSeu3SbfVxk2xPToX7PYTvdGbwNA97eCLXSXuA8H33aEtPsQpbGcXabcTx1LdMl","Hari hari , hariyatama enawoo pissu nang witharak hodee 😂😂😂"
"Tutu Wanigasekara","https://www.facebook.com/people/Tutu-Wanigasekara/pfbid0xc4WGWv3vzhbjZsoQP1DCJ9YxysrxMKvjcm86a75TNCriXFek642iD4ZB4DNnTKCl","Mu pissek"
"Firoze Hameed","https://www.facebook.com/firoze.hameed","Sir john kothalawela's saying. Mea ballonwa gata gahanne onea."
"Kapila Kanchana","https://www.facebook.com/people/Kapila-Kanchana/pfbid0h73WTPaRS4YzpnaXAALBdVPGF5ULcuuQDqhnCb8guNki8mgSPvvvLC8hBg79EjDul","Pala kareya yanna"
"Sandya Liyanage","https://www.facebook.com/sandya.liyanage.358292","පිස්සුනෙ"
"Prasantha Sisil Pemasiri Mallawaarachige","https://www.facebook.com/prasanthasisilpemasiri.mallawaarachige","Mu dop eka dala pissu kelinakota sura koheda ban tibune"
"Susantha Buwanekabahu","https://www.facebook.com/susantha.buwanekabahu","හොර හැත්ත බය වෙලා"
"Ru Fernand","https://www.facebook.com/people/Ru-Fernand/pfbid0u3SE14xTTRU3pkmEyF9tN8SzJHgwfSSxTeiCtFQNp6qLC4VGUT9LVb7Ef1cRjtzTl","Ane palayan bn yanna. Rata kanne natiwa"
"Chanidu Pilapitiya","https://www.facebook.com/chanidu.tharinda.33","සිවුර ඉස්සරහට දාගෙන හැම ජරා වැඩක්ම කරන්න පුලුවන් හැබැයි කරපු වැරදි අහුවෙලා ඇතුලට දැම්මාම තමා හැමෝටම ගොඩක් රිදෙන්නේ. වරදක් කලා නම් දඩුවම් විදිය යුතුයි."
"T A Wimal Thenuwara","https://www.facebook.com/people/T-A-Wimal-Thenuwara/pfbid0FXru9it7QaABLjghEB6KdENqxKYqEWVGJVMQB2XGuZ4vs1XeusVb1DaG3QS2odJzl","Apeta.   Panda"
"Indika Rathnayaka Rathnayaka","https://www.facebook.com/indika.rathnayaka.rathnayaka.2025","තාත්තා මැරයෙක් කුපාඩියෙක් වුනාම පුතා මහන වුනාම මෙි තමයි ප්‍රතිපල"
"Sriyani Chandani","https://www.facebook.com/people/Sriyani-Chandani/pfbid02JkwKruUz7KPtpR8VHbccf4B99yCtfRBiVts99icLapqzrnhRob7BnJaUUhHYP2S2l","පාතල සේප.එතකොට අරා කෝටි ගනන්  හොරොකම් කරනකොට ..මොකද්ද කියන්නෙ."
"Chaminda Ediriweera","https://www.facebook.com/people/Chaminda-Ediriweera/pfbid028bK46hfmqv82sZBKYNe9d97pR3JtEUPnZxRzZntRtFpguwQ5LxW8Nk91bTqXCQzgl","Anuradhapura siwrai gawmai galawanakota kawda katha kale"
"Malahan Jayasooriya","https://www.facebook.com/malahan.jayasooriya","මමනම් අත්සන් කරන්නෑ නෑ නෑ නෑ නෑමයි සිවුර නෙමෙ ජම්පරේ ඇන්දුව එකත් අවනම්බුවක්😂"
"Muditha Serasingha","https://www.facebook.com/muditha.serasingha.9","බුද්ධ ශාසනයට අත තියල ආන්ඩුව සාපයක් කරගත්ත"
"ආදරෙයි මං තාම","https://www.facebook.com/twlgnvpw4r","මළ විකාර නිකන් සිවුර ගලවනවද අපේ පන්සල් ඕවට නැ ඊලග සැරේ නුබේ සිවුර පරිස්සම් කර ගනින්"
"Bibilegama Rahula","https://www.facebook.com/bibilegama.rahula.2025","Borukiyannepa thawath pichan wenna aps"
"Kalum Sadaruwan","https://www.facebook.com/kalum.sadaruwan.2025","එච්චර පිස්සු නෑ යකෝ"
"ධම්ම ගවේෂී","","තෙරුවන් සරණයි ඔබ වහන්සේගේ ආගමනය සිදුවිය යුතුම අවස්ථාවක් මේ."
"Buddhika Sanjeewa Kannangara","https://www.facebook.com/buddhika.sanjeewa.kannangara","Mongal ganaya puka deepan"
"Tharindu Wijedasa","https://www.facebook.com/tharindu.wijedasa","Pissu huttla apita pw puronwa 😂😂"
"Kumar Rock","https://www.facebook.com/kumar.rock.234799","ඉස්සෙල්ලා ඔයාගේ ගණ්ඨ අරගන්න"
"Buddika Tennakoon","https://www.facebook.com/buddika.tennakoon.9","තමාන් වාපුරනදේ නේලාගන්නේ.  පන්සල් දේශපාලනය කරනවානම්. දාහම් පාසල් යවාන්ඩ එපා. ළමායින්ට බුදුසරනයි"
"Dgh Dgh","https://www.facebook.com/people/Dgh-Dgh/pfbid02sBRewQdBsDxG41H9ZZfSXxTw4DLJkUGKPVB5xh2RvWxuTbd4aA8Vr1yd7FCWQ5iFl","Mesakkiliyata.marana.daduwama.laba.diyayuthui"
"Dhanushka Perera","https://www.facebook.com/profile.php?id=100000954924487","අපේ පන්සල්වල දේශපාලනය කරන්නෙ නෑනෙ 😂"
"Dhanuka Ekanayake","https://www.facebook.com/dhanuka.ekanayake.2025","අපෙයි ඔබ වහාන්සෙලාගෙයි තියෙන වෙනස මොකක්ද? සිවුර විතරද මන්දා.අපිටත් තරහා ගියාම කැ ගහානවා ඔබලත් එහෙමයි .අපෙත් සිත කය වචනය සංවර නැ ඔබලාගෙත් එහෙමයි. 🙄"
"Shashika Sandaruwan","https://www.facebook.com/shashika.shadaruwan","විනාඩි ‌15 කියන්නෙ පැය බාගයක් නෙමෙයි අනෙ 🫣😂"
"Dinuka Fernando","https://www.facebook.com/people/Dinuka-Fernando/pfbid0VGL7wnAU1HyHk7cpjMS3YvCSaF8Bwne4FcQp4PCxo2Yp1zp4nEWSZM9m4EUyLNM2l","Take thama gahanna wenne"
"Chrishan Milroy","","ඊයා..."
"Lasitha Viraj","https://www.facebook.com/lasitha.viraj.96","සිව්‍රරට මුවාවෙලා කරපු දේවල් පහුගිය කාලෙ අපි දැක්ක.ගන්ටාරෙ ගැහුවද අර පොඩි දරුවා වෙනුවෙන්.🤷‍♂"
"Sanju Avishka","https://www.facebook.com/hiran.avishka.1","මෙහ් මාර කැක්කුමක්නේ"
"Chamara F'do","https://www.facebook.com/chamara71","හරි හරි මචන්. මෙ ගාහාන ගමන් ඉන්නෙ"
"Pasindu Maheshan Samarasinghe","https://www.facebook.com/pasindu.maheshan.samarasinghe","ලස්සන Dance එක https://www.facebook.com/share/v/1K8kiXhcfk/"
"Priyan Anutthara Dissanayake","https://www.facebook.com/priyantha.dissanayaka.9212","සිවුර ලේෆ්ට් ....."
"Noyel Kulathungaarachchige","https://www.facebook.com/profile.php?id=100009223396242","Jeppo hera"
"Supun Nimantha","https://www.facebook.com/people/Supun-Nimantha/pfbid021XSpzrWVqGxKPrFhqDXyjCVNdE5fy8GaKTVfftU1G5YxR6zc5ia58SzUwzpsN2fXl","සාසනෙන් නෙරපන්න ඕන  ..."
"Sanjaya Wedikkara","https://www.facebook.com/sanjaya.weddikra","කහා ලයිටර්"
"Piyal Mega Sounds","https://www.facebook.com/piyalmega.sounds","ඉස්සරත් ජම්පරේ ඇන්දා. ඔය කව්රුවත් එදා කතා කලේ නෑ. දැන් තමයි මේ හොර හැත්තට මතක් වෙලා තියෙන්නෙ"
"Kasun Sandaruwan","https://www.facebook.com/kasun.sandaruwan.1481","Ubalata dana dunna minissunata pau"
"Dilan Sampath","https://www.facebook.com/sampath.mudalige.31","මේන්න මූට මයික් අල්ලන එ උන් කවුද ගොන් හරකෙක්..."
"Gayantha Nagodavithana","https://www.facebook.com/jaleel.fasna.1","Dilan Sampath මල්ලි උබ බුද්දාගමද හුත්෴. පකෝ තෝ දන්න දෙයක් කියපන්. තොට අම්ම කෙනෙක් ඉන්නවද."
"Dilan Sampath","https://www.facebook.com/sampath.mudalige.31","Gayantha Nagodavithana තොපිල වගෙ ඉන්න උන් නිසයි මේ රටට මෙහෙම වෙලා තියෙන්නේ.. අනික ඔය තිත්ත ගල්ල කියන්නෙ තනි නිදන් හොරෙක් උබලට කොච්චර කිවත් මේ රටේ ජාතිවාදය අවුස්සන එ උන් හොදයි.."
"Madura Weeraratna","https://www.facebook.com/maduraweeraratna","දායකයෝ sick gahala ඉන්නේ බලාගෙන"
"Palliyaguru Dharmasri","https://www.facebook.com/palliyaguru.dharmasri","ලොකු කුළුණක් උඩට නැගලා උඹේ ඝාන්ටාරේ හොල්ලපන්"
"Sanjaya Sanjaya","https://www.facebook.com/sanjaya.sanjayawiki.5","හාමුදුරුවෝනෙ උබවහන්සෙ ධාර්මික වෙලා ඉන්න ඔනි ඔක්කොටම කලින් උබ වහන්සෙ නාඩගම් නට නටා ඔය මගුල් කරාට වැඩක් නෑ හාමුදුරුවෝ කියන එක මිනිස්සු කරනව සියලුම  හාමුදුරුවෝ දෙශපාලනෙ කියන මඩ ගොහොරුවෙන් එලියට ඇවිත් නිකායවල් කියන කෙහෙල් මලවල් අත් ඇරල එකම අරහත් ධජයක් යටතෙ එකතුවෙලා ආගමට වැඩක් කරන්න නැත්නම් හාමුදුරුවෝ රට බෙරගන්න යන වෙලාවෙ නිර්මල ධර්මය නැති වෙයි  අනුසාසනා වෙන් විතරක් රජයට බලපෑම් කරන්න හාමුදුරුවෝ   නිල් කොල රතු කිය කියා එක එක පාට වලට බෙදිල ඔහොම හැසිරුනාට රටට වත් ආගමටවත් ජාතියටවත් හාමුදුරුවෝට වත් වැඩක් වෙන්නෙ නෑ ඔය කරන වැඩ මිනිස්සුනට පෙන්නෙ සිවුර ඇදන් විකාර කරනව වගෙ කියල"
"Lunuganga Tours Bentota","https://www.facebook.com/bolgoda.tours","Pala yanna"
"KaniXka MaduShanka","https://www.facebook.com/kanishka.madusanka.79230","Śhãń Łâkšhîthā gantare ghpn 👊"
"Sumith Kumara","https://www.facebook.com/people/Sumith-Kumara/pfbid0gbSvHEQQ1MjR3XQXp7wh4phY43ccfxF5KByLPjaQBi77LkWSwjq8s6zVpG9qjw74l","කුඩාපොල හාමුදුරුවො වැනි හිමිවරුන්ගෙ නියපොත්තක් තරම්වත් දැන් අය වටිනවද..."
"Analytical Wise","https://www.facebook.com/people/Analytical-Wise/61575565726719","නරි හඩයි"
"Comitige Sudath Perera","","රජු අධාර්මික වෙන්න පුළුවන් .ඒත් මේ පන්සල්හලක් මහණ වෙලා නිවන් දකින්නේ අර හාමුදුරුවෝ අධාර්මික වෙන එකනේස් එක"
"Sehan Dissanayake","https://www.facebook.com/sehan91","Muth me army 1ke edala Awilla siwuru dagena pansal hadala parawal wahala naduth thibba Buwekneee"
"Anura P. R. Arachchilage","https://www.facebook.com/anura.p.arachchilage","මුත් බඩුකාරයෙක්"
"Thilak Witharanage","https://www.facebook.com/thilak.witharanage","උට සිඋර මතක් වෙන්නෙ රෙද්දෙ ගු ගියාම විතරයි."
"Amith Indika","https://www.facebook.com/amith.indika.5074","Ane palayan kari  ganayao siura  dagattha   horu  rela"
"Priyanthi Rammaya","https://www.facebook.com/priyanthi.rammaya","Ana  hamuduruwana hamuduruwanga  wadak  bala  ganna  oba  wahansa vikara  kiyawanawa"
"U.K.Liyanage","https://www.facebook.com/upali.liyanage.2024","අනිවාර්යයෙන්ම මෙ කරපු බලු වැඩෙට මහා සංඝරත්නය පාට පක්ෂ භෙදයකින් තොරව මහ පාරට බැසිය යුතු වගේ ම බෞද්ධ ජනතාව ත් පක්ෂ පාට භෙදයකින් තොරව මහ පාරට බැසිය යුතුයයි අදහස"
"Pathiranage Gp","https://www.facebook.com/pathiranage.gp","Oka hotelvala ganu ekka inna siwra galavana prasnauak nadda"
"Sshiran Katunarathna","https://www.facebook.com/people/Sshiran-Katunarathna/pfbid02mN5MTNFN8n8T2oWAxyg38Fn5aGrpY1PY5xZAZ9HRzf2Z3hUG7Y8iHTjFqnTzXkxul","Oya gihin gahanna  apita wada tiyenawa uk goyyawa aran yanna"
"Anu Rada","https://www.facebook.com/anu.rada.274256","Munta හෙන ගහන්න ඕනෑ"
"Wasan Arachchige","","Moda pak.ya gedara පළ"
"Priyantha Priyantha","https://www.facebook.com/people/Priyantha-Priyantha/pfbid043F3wsctUkSSXBQE86CFF4kQPVJgQFwxHAoUGWqLG842fPAcBA8S1ZuDTJRQVLadl","ඔය ප්‍රශ්ණ නෑ  චිවරය දාගන  ඊට අදාලව කටයුතු කලානම්"
"Mallika Mallika","https://www.facebook.com/people/Mallika-Mallika/pfbid024XxriiaMNGwYyNC3KzSnfq3eNfQH6gpnv4AbQmmHmYbgZz4LDoqGsEw8z1bZV44xl","සිව්‍රදාගෙන අපරාද කරනකොට. කව්ද කතා කලේ.  ඔබවහන්සේට සුලුවෙන් හෝ ගව්‍රවයක් තිබුනා අදින්පසු එයත් නැති ව්නා අපේ හාමුදුරුවනේ. පන්සලේ ඉගෙනගන්න දරුවො පව් කියල හිතුනා."
"Hemamalini Mali","https://www.facebook.com/hemamalini.mali.12","Obawahanse ta pin"
"Waseem Ahmad","https://www.facebook.com/waseem.ahmad.548360","🤣 🤣 🤣 🤣 🤣 Pala Pala"
"Lahiru Lahiru","https://www.facebook.com/anura.kumara.3950","ගහාපන් යට එක 😂😂"
"Dharmasena Dissanayake","https://www.facebook.com/people/Dharmasena-Dissanayake/pfbid0UA1HUQdDCLkyjGdFxYXi7xThcQPLFFPxyzA2uKJofmQjjijqCh8SXAC6cUbiugxfl","Anna  neyamai. Hamuduruvane"
"Walgampaya Whpu","https://www.facebook.com/people/Walgampaya-Whpu/pfbid0aC8gkAJfYnLrqnLBNJ6ETgtKofcWUPLcmcyeToUicTKQ1CT896meobHG1Y8LbJEUl","අමිකාරයේක් දන්නවද ඔව"
"Calistus Ranasinghe","https://www.facebook.com/ajith.ranasinghe.355","අපිට නම් ලොකු අමාරුවක් නැහැ"
"Dissanayaka Dissa","https://www.facebook.com/dissanayaka.dissa.98031","Gu kapeya awajatyakq balla"
"Namila Chandimal","https://www.facebook.com/people/Namila-Chandimal/pfbid0rreEZmi7ctnMr8XRcU4tA68VYA7bKLkSRVVgzB2eNctG5FXgfMWQX3X5P4sWyZovl","Ottu retiyala sudarmaramaye gahanne, jvp pansalak"
"Pg Subhasinghe","https://www.facebook.com/people/Pg-Subhasinghe/pfbid0v4dNv9fQUR4adGVxtcPTftdxWsCC1PuiFwW8kzNzQKYcgkc2oRJQDAoZdHzaeWEzl","Pansall  wala  nikan  ient Epaa.gahapiyauw  Gaantaaraya .me karumen Rata  beeraaganta."
"Ranitha Piriyashani","https://www.facebook.com/people/Ranitha-Piriyashani/pfbid0tmi6stGumeR83d7LSrsQP2UNyYqNPk8UyeKWPFDqFYx6xnRZLCofEVFy5mdr78d2l","කාලකන්නි සමහර සිංහල යෝ කියා ගන්න කොටසක් අපේ රටට අපේ බෞද්ධ දේශයාට වින කරනවා.😢😢😢"
"Dilan Chanaka","https://www.facebook.com/people/Dilan-Chanaka/61577957740158","අපෙ පැත්තේ එහෙම දෙවල් වෙන්නෙ නැ"
"Duminda Bandara Herath","","Ohoma adala walapila kagahala palayan apahu...paw ban uda..🤣🤣🦬🦬"
"Kankanamge Dhammika","https://www.facebook.com/kankanamge.dhammika.1","කිසිකෙනෙක් මේ මෝඩ වැඩ කරන්ඩ එපා. හොරෙක් රජකරන්ඩ දගලන දැගලිල්ලක්"
"Dasun Fernando","https://www.facebook.com/dasun.fernando.181131","කරුණාකරලා ඒ මහත්තුරු ඇත්ත ස්වාමීන් වහන්සේලාට ධර්මය දේශනා කරන්න ඉඩ දීලා සිවුරු ගලවලා යන්න"
"රාම්නාත් රාම්නාත්","https://www.facebook.com/he24ud0mhu","පිසිසුද මන්දා"
"Noshika Samarasuriya","https://www.facebook.com/people/Noshika-Samarasuriya/61589210414305","පිස්සුද බං උබලට මෝඩය😂"
"Samantha Amarasinghe","https://www.facebook.com/people/Samantha-Amarasinghe/pfbid0q2VQUn7BF99JjqS9FprvHFJ6yvAX2LZXG9NW4dN48sNjXbq56hYEDPVc7SS6mfGsl","😂😂😂😂😂😭😭😭😭😭😭. Puka"
"Mahawilage Iduwara","https://www.facebook.com/people/Mahawilage-Iduwara/pfbid02v5HJJuenmmkpGfNL6kUzZwY3LKeYFrtNtwyQxZSd4Y4H9itZxkPcCVE5cWrJ81kal","නිකන් කාල රටට කේලවේනක් ඉන්න උන්ට.බාරයී මුන් කරන්නේ මේගා"
"Danushka Sadaruvan","https://www.facebook.com/people/Danushka-Sadaruvan/pfbid02Yos2MDKFbzkFZiLzzfwk19D3g1c7qNXZStMKbou7oWbmWmH14qAEbU3zLKA8QwGAl","ඥාන සාර හාමුදුරුවෝ සිවුරුස්සලා අරිද්දි උඹ කොහෙත් දන්නෑ හිටියේ උඹට මතකද බීලා වාහන එලවලා හප්පගෙන ඔය කාලකන්නෙ නටපු නාඩගම යැයි බඩුකාරයොන්ට හාමුදුරුවෝ කියන එකම රට අපේ රට"
"Roshan Wijesuriya","https://www.facebook.com/roshan.wijesuriya.667002","Kahakadayo thopi horu"
"Buddika Kusumsith Wickramasuriya","https://www.facebook.com/bwickramasuriya","Gana gavaya"
"Pradeep Saranga","https://www.facebook.com/pradeep.saranga.92317","Ata deka hollapan"
"Karunarathna Bandara","https://www.facebook.com/people/Karunarathna-Bandara/pfbid02GTbG2DK4jPce4XhyWMVX1f8VvosSE2jawbG3enrydpQnMBKrwYNUX4dBm3bHryv1l","Desapalanayata nogiyanam ohoma wenne na api nam mokut karanne obe hetit dannawa ganaya"
"Upamali Upamali","https://www.facebook.com/upamali.upamali.779","සිවුර ඇද ගෙන කාන්තා වන් ඇසුරු කරන කෙට පවු නැද්ද ඔකට මුවා වෙලා කරනපර වැඩ කියලා වැඩක් නැ සාදුලා ලමයි දුසනය කරනවා කුඩු බිස්නස් පිරිවෙන් පොඩි සදු,ආට කරන අමන දුවන වැඩ ඵවට ඔය පවු කෙහෙද දන්නැ තියෙන්නෙ බුද්ධ  චීවරය කිලිටි කරන්නෙ නැතිව ඔක ගෙවපු ඵක යසයි කැමතිනම් නැවත ඇද ගත්තාවූ හිරෙ ඉදලා ඔවා සියල්ල හදාගෙන ඇවිත්"
"Manoj Madushan Dissanayake","","ThiththaGalle kahakadaya😂😂"
"Danushka Kumara","https://www.facebook.com/danuska.kumara.351","ඔව් ,,උඹල දැන්වත් මහණ වෙලා බුදුන් වහන්සේ දේශිත මාර්ගයේ පලයන්, එතකොට කවුරුවත් ඔය සිව්රට අත තියන්නේ නෑ....  ඒත් සමගම නිතර  බණ අහන, හිත හදාගත්ත  ධර්ම මාර්ගයේ යමින් සිටින පින්වත් පිරිසක් සාසනය රකින අදහසින් මට බනින විදියත් බලන්න..."
"Duminda Tharanga","https://www.facebook.com/duminda.tharanga.925","Kakul deka palle thiyana gantare gahapan pakaya"
"Danushka Kodithuwakku","https://www.facebook.com/danushka.kodithuwakku.9","අනේ අපිට නම් කිසිම ශෝකයක් නෑ..හරි සීල්වත් නම් කමක් නෑ.."
"Namali Gunawardana","","Aneee pala"
"Amila Deshappriya Samarakoon","https://www.facebook.com/dinushagihan.rathnayaka","මේ යකා බයි pro max 😂😂😂"
"Yuresh Dilshan","https://www.facebook.com/yuresh.dilshan.2025","Mn inna welwk galle awotnm kiuw kunuhrp tika loudspeaker dala oya httpltm ahnna denw 😪❤️"
"Dinu Dinu","https://www.facebook.com/people/Dinu-Dinu/100020642111731","ළමායින් දුෂණය කරද්දී මෙම කටවල් කොහෙද හිටියේ"
"Sri Sri","https://www.facebook.com/people/Sri-Sri/100006805954672","Pala Pala yanna 😂😂😂😂"
"Rukman Medaga","https://www.facebook.com/rukman.medaga","ඝණ්ඨාරෙ ගහනකොට ගැලවෙල වැටෙයි,,,,😜"
"Ruwan Jayashantha Embilipitiya Saga","https://www.facebook.com/gx5zdbxuhs","පිස්සු නෑ බං අපිට..."
"Suranga Chathu","https://www.facebook.com/suranga.chathu.54","Ape pansal wala desha palane karanne na ban"
"Velegedara Nevil Jayarathne","https://www.facebook.com/profile.php?id=100030273372420","අනිවාර්‍යයෙන් අපි ඔබ වහන්සේලා සමඟ ඉන්නවා හාමුදුරුවනෙ"
"Mala Abeyrathna","https://www.facebook.com/mala.abeyrathna.5","Velegedara Nevil Jayarathne ගෙදර වත් ගන්ටාරෙයක් ගහමු😄"
"Ajith Kumara","https://www.facebook.com/people/Ajith-Kumara/pfbid02hWXGrWJhm89H4r4E9bjbnBSwobBHJT61St7N91cC78Ky9pV83GVKDXZotVGYKiDLl","අර ඉන්න මහානායක කියන උන්  ආන්ඩුවට බයවෙලාද"
"Saman Athula","https://www.facebook.com/people/Saman-Athula/61584613831945","ඕවට යන්නෝ බයියෝ හොර හැත්ත..."
"Deepthi Jayasuriya","https://www.facebook.com/shiro.jaya.54","එතකොට සිවුර අන්දලා වැඩ ගන්නද කියන්නේ"
"Sampath Nakandala","https://www.facebook.com/sampath.nakandala.923","උබ ආස එහෙමද අපිනම් සොක පත්වෙලා නැ ටැග් ගහන්න හොරුන්ට වෙන දෙ පන්සලට වෙලා බලන් ඉදපන්"
"MA Shirantha","https://www.facebook.com/people/MA-Shirantha/pfbid035VzEdTraBubdWsS24ekZQgn6gNtf1GujunvQqPEvE4B7odurUHqH6imvi6v6oi8El","ජනාධිපති  අධාර්මිකයි"
"Amila Samaraweera","","මේවගේ අවජාතක කාලකණ්ණි මේ සිවුරදාගෙන අපහාස කරන්නෙ ලංකාවෙ බුද්ධාගම අදහන මිනිස්සුන්ට විතරක් නෙවෙයි ලෝකේම බෞද්ධ ධර්මය අදහන මිනිස්සුන්ට සහ බුදුරජාණන්වහන්සේ මග යන සංඝයා වහන්සේලාට. මහානායක කියල තනතුරු හදන් ඉන්න උන් මේවට මීක් නෑ."
"Sachintha Wijayawardana","","දායකයෝ ආතල් එකේ ඉන්නේ බයියන්ට අවුල් 😂"
"Geethika Okadhapola","https://www.facebook.com/people/Geethika-Okadhapola/100070080318924","අපිනම් නීතියට යටත්."
"Rohan Janaka","https://www.facebook.com/rohan.janaka.7","බුද්ධ චීවරය දාගන දේශපාලනය කරන්න ගියහම ඔහොම  වෙනවා.  මහණනි ඒ නිසා තමන්ට අයිති දේ තමන් කරන්න."
"Kosala Pthum","https://www.facebook.com/people/Kosala-Pthum/pfbid025EvChxEwM8qsNiKsF2W2L3pfnrTX9mFYoRz2zViG57PMcNm73uVXcXvKBimqV8H3l","Hari ne boruwata titha🔥"
"Ruwan Darshana","https://www.facebook.com/people/Ruwan-Darshana/61577185756888","Pala nigantaya yanna ape pansalwala gantara Gahanna na"
"සදුන් මතීශ සදුන්","","ගන්ටාර ගහන්නකො ගහලා බලන්නකො ආස හිතෙයි 😂"
"Anjana Jayakody","https://www.facebook.com/anjana.jayakody.37","මුගෙ මූන දැක්කම සිල් බේරෙනවා ...නරි නාටක😂😂😂😂😂😂😂😂😂😂😂😂😂😂"
"Lakmal Dhanushka Rajapaksha","","මූ පිස්සු වැටිලා 😁🤣"
"Udaya Gunawardana","https://www.facebook.com/udaya.gunawardana.10","සිවුරේ ගෞරවය ආරක්ෂා කරන්නම තමයි ඔය කටයුතු කරල තියෙන්නේ අධිකරණය"
"Amitha Wijesingha","https://www.facebook.com/amitha.wijesingha.7","නුඹගේ පල්ලෙහා තියෙන කණ්ඨාරේ ගහපන් නමවෙන්ද දවසට මේ වගේ සිවුරු දාගෙන ඉන්න හොරකඩයෝ අනිවාර්යෙන්ම සිවුරු ගලවන්න ඕනේ මුන්ගේ නැත්නම් බුද්ධාගමට මාව විනාශයක්"
"Nadun Hettiarachchi","https://www.facebook.com/nadun.hettiarachchi.39","Pala huththige puto yanna"
"Madushan Madushan","https://www.facebook.com/people/Madushan-Madushan/pfbid0SMVU8TLtkMFHPBEsjtzFfTaAiMcmDh1WkrHJH9mQNhZBj1YisWBaDzh7tcPmK64ml","සිවුරට සුදුසු නැතිනම් සිවුර ගැලවිය යුතුමයි.බුරන සැමගේම"
"AS Ranasinghe","https://www.facebook.com/asranasinghe","රජු නෙමෙයි උබලා නම් අධාර්මිකයි කියල පේනවා..අපි නම් සතුටට පත් වෙලා ඉන්නෙ.."
"Asoka Abearathna Asoka","https://www.facebook.com/people/Asoka-Abearathna-Asoka/pfbid038BB7bTLKQQEKWqabNG2KbcD8rHQSczjgQK5muYHq8NaEHwnqkW2t1U8hogNvy4stl","Pukadipiya"
"නදීෂා කුමාරි","https://www.facebook.com/o3qg5bmi5g","එතකොට පන්සල් වල ගැණු  තියාගෙන ගංජා අරක්කු බොන  ළමයි දුෂණය කරන අයගේ සිව්රු ගලවන්නේ නැද්ද"
"Minuwangoda Kumudu","https://www.facebook.com/profile.php?id=61586453800238","Ehemai ape hamuduruwane"
"Sugath Kumara","https://www.facebook.com/people/Sugath-Kumara/pfbid07hz2DSCm6vGcSm2zzN4Nc3tmAQeDAf8dryoLSXpMs5iLaxkxMoDtB1fyqvG4mJsZl","J v p එකට චන්දේ දිපු උන්ගෙ ගෙවල් ගිණි තියලා දපල්ලා පර සක්කිළියන්න ඉන්න දෙන්න එපා"
"Sriyani Jayakodi","https://www.facebook.com/sriyani.jayakodi.961831","Me ඝණය watt atulata yauwanm taniyata හොඳයි"
"Alex Madurapperuma","https://www.facebook.com/people/Alex-Madurapperuma/pfbid02gxdiWZZcWxZ4v89HPiPWTPzDRWVZ6Mf3YYQj1GpToSFueip2vJtoyqKLDLDYucNZl","Horu samaga heluwen"
"Indika Rathnayaka","https://www.facebook.com/indika.rathnayaka.50309","Anabsvffcevveyev. Fbdnhd. Ebbs bd"
"Nishan Jayashantha","https://www.facebook.com/nishan.jayashantha.31","මෙන්න මේක හොයලා හයියෙන් ගමට ඇහෙන්න දාපල්ලා පන්සල් වල 🤣🤣🤣"
"Chamith Maduwantha","https://www.facebook.com/chamith.maduwantha.207173","E mokatada 😂"
"Sadiranga Dumindu","https://www.facebook.com/people/Sadiranga-Dumindu/pfbid0Umpu2tBHhjMxodwYiFo4xXsJcftgyjmqQRSDo9f25fUt8yWKvyTBARQJwE6qvz49l","mole yakek"
"Nandasena Hewage","https://www.facebook.com/nandasena.hewage.1","යකෝ මේහේ පන්සලේ එහෙම කරන්නේ නැ බං.."
"Noyel Thinu","https://www.facebook.com/noyel.thinu","දායකයො කියන්නෙ අපිනෙ හාමුදුරුවනේ... අපේනම් අකමැත්තක් නැහැ සිවුර ගැලෙව්වට. උදේ පාන්දර අබ වැඩියෙන් දාපු ව්‍යන්ජනයක් වත් වැලදුවද."
"Samantha Desappriya","https://www.facebook.com/samantha.desappriya.18","Umbage pansale gaha gani fonin p"
"Koney Madhawa","https://www.facebook.com/koney.madhawa","ගණ්ටාරෙත් ගැලේවුවා මහින්ද මහත්තයා ...සෝක කාටද"
"Sherlock Homes","https://www.facebook.com/people/Sherlock-Homes/pfbid02daiAKjvqBTwLRLnJ1xuAfJuJgNt4gHpF79FFLr9h3je8tCJU9ZNdDtJ1esX15umCl","හෙට වරෙන් දෙවුන්දරට එනකන්මයි හිටියේ තොපි😂"
"Jeewan Liyanage","https://www.facebook.com/jeewan.liyanage.568","Sasana Kano mun"
"Anura Mahesh","https://www.facebook.com/people/Anura-Mahesh/pfbid036MZxRUWFfjuUBjiToJYHcYgMruSThyWFTtSBoDvZ4DSqZkxK9yKGugfS1fD459w1l","Api nam nitarama gahanwa,api hana satutin inna"
"Padmakala Subashingha","https://www.facebook.com/padmakala.subashingha","දෙන දෙයක්දෙන දෙයක් කාලා වෙන දෙයක් බලාගෙනමේ අපේ පන්ස  සක්කිලියා  සක්කිලියා අපේ පන්සල්වල ගන්ටරෙ  අපි ඕන වෙලාවටගහගන්ම් උඹලට මේ අපේ පන්සල ජරා කරන්න දෙන්නෙ නැ"
"Nuwan Buddika","https://www.facebook.com/nuwan.buddhika.9235","Raju adarmikai"
"Vijitha Herath","https://www.facebook.com/people/Vijitha-Herath/pfbid0XjBEesMgKCDhAwiipMzZHkCdSE49FUhcSAFjt72ziMwpuu5xN4ZExvNwPkwcgFyEl","Supri katawa hamuduruwana"
"Jagath Wmwg","https://www.facebook.com/jagath.wmwg","😂 ගාංටාරේ වැඩද 😂😂😂"
"Nilantha Kumara","https://www.facebook.com/nilantha.kumara.486512","අනේ ඔයත් එයාලගෙද.හොරු කියන්නෙ පකෝ තොපිට නීර්හිය හරියට කෙරෙනකොට අමාරුයි නේද."
"Dayarthna Koholdaniya","https://www.facebook.com/dayarthna.koholdaniya","නිතියට යටින් අපි"
"Chathu Sampath","https://www.facebook.com/people/Chathu-Sampath/pfbid0G4f96siZD4a6ptT3XLPEs2Lb6j1LJbVVHziLNxecSxeWXbYTaDT9RJiAp1SrPrZol","Thatte palanna one"
"Harsha Kumarasinghe","https://www.facebook.com/harsha.kumarasinghe.5","හුක් ගොයියා බලන බලන තැනනේ🤭😂"
"N N De Silva","https://www.facebook.com/people/N-N-De-Silva/pfbid02BK7vpKd1VpKaoCg4TDSYXpuMjrmzWZSsdK4MG2LRWy3GLc2expxoXCk41t4srawxl","මුන්ගෙ සිවුර ගෑනුගලවනකොට  හොඳයි එතකොට  කව්ද කෑගහන්නෙ මෙන්න අපේ සිවුරගලවනවෝකියල ඒවෙලාවට චූන් එකෙ ඉන්නව  නීතියට අනුව කරාම කෑගහනව"
"Sangeeth Gunarathna","https://www.facebook.com/sangeeth.gunarathna.1","ගන්ටාරෙ ගැහුවොත් ධානේ නෑ 😂😂"
"Jayantha Jayathilaka","https://www.facebook.com/jayantha.jayathilaka.18","බුදුන් වහන්සේ කිවුවෙ බුද්ධ ධර්මය විනාශ කරනු ලබන්නේ චීවරධාරීන් විසින් බවයි"
"Manjula Ekanayaka","https://www.facebook.com/manjula.ekanayaka.127","Kalakanni apatayo nta ridilawage tawa tiyenawa balagana inda"
"Ape Lanka","https://www.facebook.com/people/Ape-Lanka/61588454907550","Kalakanni ballo"
"Nishan Maduranga","https://www.facebook.com/nishan.maduranga.1088","Ane ube eta deka hollapan"
"Chamila Pradeep","https://www.facebook.com/chamila.pradeep.5283","Galawanda mahana wela hitiya ekak ai hamuduruwo keneklu🤣🤣🤣"
"Udara Sachin","https://www.facebook.com/udara.sachin.2025","රාජපක්ෂ නිකායේ හිමි නමක්"
"Ruwan Wijitha","https://www.facebook.com/ruwan.rathnayaka.589","නීතිය කාටත් පොදුයි එක තමයි ටැග් ලයින් එක හොරු පන්සිය කෙසේ වෙතත් තමන් දන්නවා හර්ද සාක්ෂිය දන්නවා කරපු වැරදි වලට සිඋර තිබුනත් පරාජිකයි කියල"
"Darmadasa Ranasinghe","https://www.facebook.com/people/Darmadasa-Ranasinghe/pfbid0GyBufbPFbMxgze3Txh5kCjQU1JAAvbWqf1KVWEVzme8X6FNxzvMRQ9wY3MWSwPPSl","හාමුදුරුවනේ පාලකයා අධර්මිෂ්ඨ නම් ඒ රජුගෙන් සමාව හිගමනේ යන අලුත්ම සිවුරු රදවනයක්"
"Nihal Kotagama","https://www.facebook.com/people/Nihal-Kotagama/61565358954370","ගන්ටාරෙ ගහපන් උඹගෙ"
"Anura Jayantha","https://www.facebook.com/people/Anura-Jayantha/pfbid0t4yT6HkyVGabN2n9zfrpxNyDFZtnnQzTcgyZXq9V374Gemt785UxVLikuqE1QpPYl","සිවුරේ ඉදගෙන කරන හොර වැඩ හොදද හාමුදුරුවෝ නෙ"
"Nuwan Rambadagalla","","සිවුර දාගෙන දැරිඅක් දූශනය කරනකොට උබට ඝණ්ටාරේ ගහන්න බැරි උනාද"
"Meththananda Amadoru","https://www.facebook.com/meththananda.amadoru","Thopiokkomahoŕùyako,sakkiliyathiyak"
"Monaj Wikramasinga","https://www.facebook.com/people/Monaj-Wikramasinga/pfbid02C61JarTUu99KwpWNwCfqqknVD64csjbVn9TYbWpWcwuUmx243fLiU4RixUSfxWkCl","Pala hukana  dagala natuwa"
"Tharaka Pushpataranga","https://www.facebook.com/profile.php?id=61554014755912","උබලා උඩපනින්න එපා වැඩිය ඉවසීම නැති තැනකට ආවොත් මිනිසුන් උ ලාගැන බලා ගනීවි"
"Gihan Induwara","https://www.facebook.com/gihan.induwara.181015","පලයන් කලු තට්ටයා මහන වෙයන් ගිහින් 😹"
"Priyantha Rathnayaka","https://www.facebook.com/priyantha.rathnayaka.9480111","තෝ ⁣ගහගනින් රෙද්ද අස්සෙ තියෙන ගාන්ටාරය ජඩයා"
"San Thi Zu","https://www.facebook.com/santhizu","Awdana ganaya❤️"
"Manjula Chathuranga","https://www.facebook.com/manjula.chathuranga.4893","😂 ඕව ලණු දාල හොල්ලන්න ඕනි නෑ"
"Tharuka Hiran","","මොන හොරුද මේ..බල්ලෙක්වත් ගනන් ගන්නේ නෑ…කියන එකා සල්ලි අරන් කෙලින පිස්සු...🤮💩😅"
"Wasantha Wasantha","https://www.facebook.com/wasantha.wasantha.817971","මේ හොර ඝනයන්ට රැවටෙන්න එපා.ඝණ්ඨාරෙ ගහපන් නානසාරගේ කකුල් දෙක අස්සේ තියෙනඑක"
"Chinthana Fernando","https://www.facebook.com/people/Chinthana-Fernando/pfbid02skVwPZ4uZu4u1U24rRpwYYKrpySfLCPLK3gTZsUzKDFdqAS48JRmbkbntUYu5pGl","Uba atadaka gahapan"
"Thusithasln Premakumara","https://www.facebook.com/thusithaslnp","Math ghanawa gandareee"
"Danuska Weerasekara","https://www.facebook.com/danuska.weerasekara.1","Wearadak karoth daduwan vidinna wenawa apo akatha kemathi"
"IL Rahees Il Rahees","","World best scientists 😂😂😂 In sri lanka only"
"Wasantha GR","https://www.facebook.com/wasantha.virasinhe","ඕක මහින්දට කිව්වෙ නැත්තේඇයි"
"Ravidu Lak","https://www.facebook.com/profile.php?id=100001568673690","v8 ekak denawanam gantare gahannam"
"Udaya Kumara Abeywickrama","https://www.facebook.com/udaya.kumara.31542","Hamuduruwane me ELARA KUMARA"
"Avt Viranga","https://www.facebook.com/avtviranga.viranga","Ai me minisssu rata gini tiyannne  Maha pawkara wadak ne mee karanne  Ai hamuduruwaneee mehema karanneee"
"Nishshanka Gamage","https://www.facebook.com/nishshanka.gamage.779","Kata vahannai kiuve"
"Asanka Pushpakumara","https://www.facebook.com/asanka.pushpakumara.233699","Ane pona poko"
"Roshan Perera","https://www.facebook.com/roshan.perera.305139","Paw ane meya."
"Chandra Kanthi","https://www.facebook.com/people/Chandra-Kanthi/pfbid02t4D3weaPZME4GECvTaezh4xxzWNTKHUWWa32jLcte2MiDG57vo45UvCZT525Arjol","මුන්වහසේකියන විදිහිහට  ආපරද කර්යෙක් හිරෙගියාම ගම්ටරෙ ගහනඔනි"
"Sameera Mendis","https://www.facebook.com/people/Sameera-Mendis/pfbid02a4VEUkaH8eyAEyX8H92PfEhftnRMqQADytpSWDxFd2hUHgHH2etwvJiGDHcLT2ojl","Mun set eka thamai rata winasa kale siwrata muwawen karana tharamak Jada wada karanne"
"Nishantha Nishantha","https://www.facebook.com/people/Nishantha-Nishantha/pfbid09Ad1tW86b7iqs6Dn8SsTGrHsYC56887UvtWibRXhYWupWuHzHJ9RKqAxXSfJevDVl","AYALA KARAPU BALU WADAALIYATA DANNA HODA WALAWA"
"Tharindu Lakmal","https://www.facebook.com/tharindu.lakmal.54379236","මට හිතෙන්නෙම මූත් මොනාටම හරි හවුල් වෙල තියෙනවා කියලා 😂"
"Dilanka Dilanka Wickrmasingha","https://www.facebook.com/people/Dilanka-Dilanka-Wickrmasingha/pfbid02BK1bS7sEa3qqt71UFGg6We8exUdqGLSbxyAaiHq8n3xuZjCBfWQAXBrX9GhwWw1pl","ආණ්ඩුව අවසානය"
"Gunapala Ranaweerage","https://www.facebook.com/gunapalaranaweerage","When Power Ends, Accountability Begins The recent investigations and legal action involving former ministers, senior officials and other politically connected individuals, has once again brought an important question to the centre of Sri Lanka’s national conversation: Is anyone truly above the law? But beyond any individual case, there is a much bigger principle at stake. For decades, political power in Sri Lanka has sometimes appeared to create a world where certain people were treated as though they were beyond ordinary accountability. Political office, wealth, influence, connections and access to powerful networks could create the impression that some individuals would never have to answer difficult questions. But political power is temporary. The law must not be. A former President, former First Lady, minister, Member of Parliament, businessman, senior public servant or an ordinary citizen should ultimately stand on the same side of the law. If there are credible allegations of corruption, abuse of public resources or misuse of authority, those allegations must be investigated independently, fairly and transparently. If wrongdoing is established through due process, the consequences should follow—regardless of the person's name, position or political connections. At the same time, justice must never become revenge. An arrest is not a conviction, and an allegation is not proof. Every person accused of wrongdoing deserves due process, the opportunity to defend themselves and a fair determination by the courts. That principle is just as important when the accused is powerful as when the accused is powerless. Yet, if corruption is ultimately proven, accountability cannot stop halfway. The people of Sri Lanka have carried enormous burdens. Ordinary families have watched their savings lose value, struggled with rising costs, worried about their children's futures and endured years of economic uncertainty. When public resources are allegedly stolen, misused or diverted, the damage is not merely financial. Every rupee lost represents an opportunity lost—a hospital service, a school facility, a job, a road, a scholarship, or some small hope that could have improved someone's life. That is why allegations involving public money must be taken seriously. If anyone has unlawfully taken public funds, abused public office or used political influence for personal benefit, then the law should pursue the evidence wherever it leads. There should be no selective justice—neither protection for the powerful nor persecution of political opponents. What goes around comes around is more than a saying. It is a reminder that power does not last forever. The people who once commanded institutions may one day have to stand before those same institutions and answer questions. The people who once had the ability to influence others may one day depend entirely on the fairness and independence of the system. Money can buy houses, cars and comfort. It can buy influence for a time. But it cannot permanently buy peace of mind. Political connections can delay accountability, but they cannot guarantee escape from it forever. Sri Lanka does not need revenge against yesterday's powerful people. Sri Lanka needs justice, transparency and the restoration of public trust. If wrongdoing is proven, those responsible should be held accountable according to law. If allegations cannot be proven, they should be cleared according to law. That is what a mature democracy requires. No position is permanent. No political dynasty lasts forever. No amount of wealth is worth the destruction of a nation. And no individual—however powerful—should be able to claim a permanent exemption from accountability. In the end, titles disappear, power changes hands, wealth passes from one generation to another—and what remains is the truth of what we did with the power entrusted to us. What goes around comes around. Justice may take time, but accountability must never disappear."
"Manjula Wejesiri","https://www.facebook.com/manjula.wejesiri","අනෙ උබ හුකහන්"
"Erg Kumarasignhe","https://www.facebook.com/people/Erg-Kumarasignhe/pfbid0dCDNwDMRNMKcLGSxPtK8EFNR1UNY5mkS39U69sA3q7q1FNwxZE9erARoPnG4KBqJl","Satakayange asuchi Wala Dana chiwara daruwek rate winaseta mun waga kiyanna ona padadayo"
"Prabath Indrasiri","https://www.facebook.com/prabath.indrasiri.1","Ane thoge gantare ghaganin boge puke"
"Anthon George","https://www.facebook.com/anthon.george.7","මහන වෙයන් කො"
"Sanjeewa Botheju","https://www.facebook.com/sanjeewa.botheju.2025","ඇටේ 😭"
"Mahesh Lindamulla","https://www.facebook.com/mlindamulla","Horek Horek Horek"
"Wasnta Kumra","https://www.facebook.com/wasnta.kumra.52","පුක සුදුද"
"Ganhewage Wickramathilaka","https://www.facebook.com/ganhewage.wickramathilaka.5","මුං අදිකරණයට අපහාස කරනවා"
"Fathima Kisma Khaira","https://www.facebook.com/people/Fathima-Kisma-Khaira/pfbid02NsEVhtg7yPudyikqUCDj2iVQHXbjtdrnuiqEDH7yYdpfEtTUzGSiRBnV3FG57QZJl","Balu kediriya 💩⚰️"
"Lisawet Luvi","https://www.facebook.com/people/Lisawet-Luvi/pfbid0qLQDG1tDViFeykRdasfj1yhvU8u4aYHsLSSr6qkvUGKE5YyipTXJvYfpRjTXvvRNl","රජා භවතු ධම්මිකෝ.....මූලික නීතිය ඇතුලත් ව්‍යවස්ථාව තුළ එසේ සදහන් කර ඇති බව අමතක වී ඇති පාලනයක් තුළ... ජනතාව වේදනාවෙන්..."
"Amila Subash","https://www.facebook.com/amila.subash.2025","Siwura galawapu kattiyata kiyanne hiraluwa kiyala,hurulu wewa heduwe"
"Smd Jud Kistiyan Jud","https://www.facebook.com/smd.jud.kistiyan.jud","Ura menna"
"Patty Kumudu Chandra","https://www.facebook.com/pattykumudu.ahtidiya","ශෝකය උඹලට පොර ශෝක තිබ්බට අපිට ශෝකේ නෑකොන්ටාර ගහගනිංන් පල්ලෙහාකට දාලා"
"Ajith Werakkodi","https://www.facebook.com/people/Ajith-Werakkodi/pfbid02FgNuYJrNPMSjZswUGqRpfywK1AwWPk4333Lhyv57yH2oCt2Vzrir5Myc8m68UtcQl","Paya bahayak nama alewan kam gaha paeya apita mokada"
"Wijayamuni de Silva","https://www.facebook.com/wijayamuni.desilva.9","Gahapalla gantaare 🤣🤣"
"Ali Hassen","https://www.facebook.com/ali.hassen.12532","රාජපක්ෂ නිකායේ දායක සභාවේ කටයුතු"
"Sashitha Madhushan","https://www.facebook.com/saitha.madusan","සිවුර ගලවපු එක වැරදී🙏 ඒත් මේ කහකඩයන්ගෙත් සිවුර ගලවන්න නීතියක්  හදන්න ඕනේ. වචාලයෝ වගේ ඔහේ කියවන. ගෑනූ ඉන්න පිටරටවල බීලා වාහන හප්ප ගන්න පන්සල් ඉස්සරහට දාගෙන රජ සැප විදින්න දගලන චීවරදාරියෝ මේ රටේ බුදු දහම වීනශ කරලා මුන් හින්දා තමා මිනිස්සු වැරදී කරන්න පෙලෙබෙන්නේ මුන්ගේ කටවල ඇරපු ගමන් සීලේ ඉවරයී මුන්ට ඉස්සරලා මහන උනේ මොකටද කියලා මතක් කරන්න ඕනේ අවුලකට තියෙන්නෙ සිවුර ගැලෙව්වේ කොහේවත් යන කොටි ගෑනීයෙක් නිසයී. නැත් නම් ඔයි දගලන කහකඩයෝ අප්පිරියයි😂මේ රටේ නිර්මල බුදු දහම අරක්ශා කරන්න සිල් පිරුනු යතිවරයාණෝ ඕන තරම් ඉන්නවා.මේ දේශපාලන කහාකඩ නැතී උනාට😂"
"Nalin Wickramanayake","https://www.facebook.com/nalin.wickramanayake.16","Mage gantare sadde na dan bol handak enne"
"Dilshan Thiwanka","https://www.facebook.com/dilshan.thiwanka.9","Nice try.. ඕවා පරණතැටි සාදු..  😂😂😂"
"Sadun Dimanka","https://www.facebook.com/pathum.nimsara.503","සල්ලි ඕඩර් එක දෙන්නෙ කොහෙන්ද 🤣🤣"
"Waruna Weerasekara","","අපිනම් සතුටින්🤣"
"Amila Ranasinghe","https://www.facebook.com/amila.nalinkumara","ගු ගොඩක්...😂"
"Chamin Fernando","https://www.facebook.com/chamindu.lakshan.10420","අපේ ගමේ පන්සලට ගාන්ටාරයක් නෑ"
"Sudesh Kavishan","https://www.facebook.com/sudesh.kavishan.2025","ඝ්ංටාරෙ ගගග්නින් පු#"
"Supun Shen","https://www.facebook.com/supun.shen","නීතිය ක්‍රියාත්මක විය යුතුය ,නීතියෙන් වැරදි කාරයෙක් උන හැම ගෝතයගෙම සිව්ර ගලවලා සිව්ර ආරක්ෂා කල යුතුයි,ගෝත සාරයා  ජාති වාදය අව්ස්සන සිව්රු වෙලා සිව්රට නිගා කරන කාලකන්නී ගෝතයන්ට කොහොමත් ආයේ හොරු එක්ක නැගිටින්න බැහැ,තොපි අපතයෝ සිව්රු පාවිච්චි කරලා හොරුන්ගේ අසූචි  කාලා වාසි ගන්න බලන් ඉන්න සක්කිලි අපතයෝ තොපි ,අපේ බුද්ධ සාසනය ආරක්ෂා කරගන්න තොපි වගේ කාලකන්නී සක්කිලි අපතයන්ගේ සිව්රු ගලවලා පන්සල් වලින් ගහලා පන්නන්න ඔනේ"
"Jayantha Bohingamuwa","https://www.facebook.com/people/Jayantha-Bohingamuwa/pfbid02Fwn3x7uh8QhoLgxxmWirRtoWEBya7utxsSDZ2H4FKeg5Y42ujsQyXMewK1oi1YVRl","අම්මෝ අඩන ඇඩිල්ලක් හාමුදුරුවො හාමුදුරුවන් හැටියට ආගමික කටයුතු කරගන හිට්යනම් හරිනෙ ඔය ප්‍රස්න එතකොට නෑනෙ අප්පා 😄😄😄දැන් සැප ලැබෙයි කාට කාටත්"
"Sarath Colombage","https://www.facebook.com/sarath.colombage.5","හාමුදුරුවනේ රටක නීතියක් තියනවා , n"
"Ariyasena Hanthanabandaralage","https://www.facebook.com/people/Ariyasena-Hanthanabandaralage/pfbid02zr8V9uYa2UjezsBBGHX9sZA9KG2s4yuuar29g3efmNbzFE5BsesacKpogB12j8RKl","එන්නේ mokatada."
"Mapa Jayathissa","https://www.facebook.com/people/Mapa-Jayathissa/pfbid02N4vpqCJnBerFtWypDcNukwidRvVQCAoyYx9seWPw1sszrH7t7jhnykmjNL4x4Wmql","අපේ පන්සලේ ගණ්ඨාරයක් නෑනේ."
"Karuna Nanayakkara","https://www.facebook.com/people/Karuna-Nanayakkara/pfbid021P37xV2xBwmnjz4kCvGbP44CZ9G4qS6g2vuDPER19YWTiBYDzbWtuW2heST7jMqnl","අනිවාර්යෙන්ම"
"Michael Peiris","https://www.facebook.com/michael.peiris.37","Kaalakanne. Ballo. Thope. Dannawadha. Kudaa.pola.hamuduruwo.rata.wyenuwyen.kathaa.kalyee.rajapaksha.nekaye.ballo.buranawa.sasanyee.kannye.mun.seurak.daagyena.kaudha.malyee.sooka.wyenna"
"Priyankara Wimalarathna","https://www.facebook.com/priyankara.wimalarathna","Balu kedirili..."
"Fixonemobile Madusha","https://www.facebook.com/people/Fixonemobile-Madusha/pfbid0rGZzZmsXos3XUmFf5DN87aBBwDUcjKQpPtDpniqevM7xaXs3NG1s8Xpu9iW2UgSCl","Siura galawala hire inna eka nambu hamuduruwanhe siuragalawala genunge bada uda naginawada wada😂"
"Chandra Jayalal","https://www.facebook.com/chandrajayalal","Rata niragamika karanaya"
"Anjana Udayanga","https://www.facebook.com/anjana.udayanga.18","දන්න තරමින් අපේ පන්සල් වල නම් දේශපාලනය කරන්නේ නෑ. අපිට නං රටේ රජු අධාර්මික නෑෑ."
"Rohan Namal","https://www.facebook.com/people/Rohan-Namal/61576944742761","Siura adagena baluwada kidenek karanawada..ai oya aya kagahanne naththe ewata..."
"Chris Kevin","https://www.facebook.com/people/Chris-Kevin/100072459404954","විහිළු විදිනවා 😂😂😂"
"Mack Perera Mack Perera","https://www.facebook.com/mackperera.mackperera","මුන් පුදුම තරහකින් ඉන්නෙ"
"Chanul Damhiru","https://www.facebook.com/people/Chanul-Damhiru/pfbid04mch3GpLr68xz7TMTumCfyDsMo2mp8L4BMzS7DGyMzZFHkRhkQJ2MQtq2GTep1VHl","මේ දවස්වල system change එකක් ඒකයි 🥹"
"Didula Wikramanayaka","https://www.facebook.com/people/Didula-Wikramanayaka/pfbid0qnB5br12bNPHbrFNQNBmZf4QrGxCi3WkmRn1AiD5i5hDPwFh2KAj4Saf2RLrEAMkl","Chanul Damhiru 😂😂"
"Nalitha Wijewickrama","","මේ තියේනේ  ච්වරයදගේන  පන්සල්වලරැට කරනවැඩ"
"Ruwan Bandara","https://www.facebook.com/ruwan.bandara.424481","Pala paraya"
"Asanka Manodara","https://www.facebook.com/asanka.manodara","Respect hamuduruwane"
"Rahul Marma","https://www.facebook.com/rahulmarma.jai","සිවුරු ගලවපු එක වැරදි.... එත් මෙයා කරන කියන හැසිරෙන ඒවා ගනන් ගන්න බෑ මොකද මෙයත් හිරේ හිතපු කෙනෙක්... පින්වත් සිල්වත් ගුණවත් ස්වාමින් වහන්සේලා මෙහෙම හැසිරෙන්නේ නෑ..."
"Suwarna Kasthuri","https://www.facebook.com/suwarna.kasthuri","අනෙ අපෙ හමුදුරුවරු පරිස්සන් වෙන්න"
"Upul Dayananda","https://www.facebook.com/dayananada.upul","Eta deka gahaganin.topi hamuduruwoda"
"Jayasoma Jagoda","https://www.facebook.com/people/Jayasoma-Jagoda/pfbid04xkoXBSTNsNNjVsiXrqtuMqzqNtZEb9q11JyT8DkZmTmFm7VPxWusZer3ZB43qYxl","වර බලුරැල තටිටෙ පලනව"
"Niel Hettiarachchi","https://www.facebook.com/people/Niel-Hettiarachchi/pfbid02wgshNbTeP9QeuL5ismrdCx8SmAqPc12K9scqZrJAzWR2V3sbXoSzHtBxGU3vvhMRl","Dayakayo ponnayonam ganitara gahai"
"Anjana Kalum","https://www.facebook.com/anjana.kalum.9","No no no too late right now"
"Channa Prasad Jaye","https://www.facebook.com/chamath.chandrasinghe.18","Ata deka hollannda"
"Sanjeewa Susantha Wijesinghe","https://www.facebook.com/SanjeewaSusantha69","Hamanaiya"
"Rasika Sameera","https://www.facebook.com/people/Rasika-Sameera/pfbid0xoXbToAPQsRVGZbPxjSDSq2yFtKXUGhqd2zwLdSuXj5BkZY8qtcfgFTAaQc59UJ6l","ඝංටාරෙ ගගහා ඉන්නකොට දායක සබාවෙන් දානෙ ගෙනාවම."
"Sumeda Wijerathna","https://www.facebook.com/people/Sumeda-Wijerathna/pfbid02marTF5YzkedzNUMgmQmf3cviVCQN2YRw8S5VcKmb2bnyso4P2bMnhUR7qREjZtgbl","බලය තියෙනවනම් මොකටඩ බන් ඩේවාල වලට යන්නෙ පෞ"
"Sadush Thishara","https://www.facebook.com/sadush.thishara","පල තට්ටය"
"Sachith Sameera","https://www.facebook.com/people/Sachith-Sameera/pfbid031bbU5LHmgRF4sxMYzNg8Zqd1A7TU93kGsCpvDpJ4m9tdYCd8eDY6ASrEUtaRTNitl","අනිවාරෙන්ම හාමිදුරුවනේ සේරම එකතුවෙන්න"
"Ajith Kumara Kumara","https://www.facebook.com/people/Ajith-Kumara-Kumara/pfbid02sbTCbEJhx4o7ubPSXKNG4obMSuGk2bCLEW6mWEcDgkVoY9KTfugXh8ukXuxFVuJtl","Mu nisa tamai hamuduruwoo hire giye"
"Roshan Roshan","https://www.facebook.com/people/Roshan-Roshan/pfbid0pqngQ9nN74Ue29sxQDUsdMxbCg9XRMRwZMbCrLxavH2uMxMvUiNThSqEo7Lg99q7l","Ane hukapan huththooooo"
"Pubudu Sathsara","https://www.facebook.com/pubudu.sathsara.127","😂😂😂😂😂අපේ එකෙත් ගහයී..එහෙනම්.😂"
"Hewage Chaminda","https://www.facebook.com/hewage.chaminda.2025","toogee tattete gaha ganinko"
"Gunasakra Gunasakara","https://www.facebook.com/people/Gunasakra-Gunasakara/pfbid02yhqcMenGfpTZp3TEP1i8jWTtEqL2uo45ucWMJBShPuYbAH5Bb9m9S5RJL6cqaRW1l","Pansal  tikat  kapalla hi hi"
"Nanda Sera","https://www.facebook.com/nanda.sera.75","සිවුර ගහන් උඩ පැනපන් මේ පංසල් වල ඔය කියන ඝන්ටාර වදින්නෑ."
"Priyanthi Ramanayake","https://www.facebook.com/priyanthi.ramanayake.2025","නිතිය. කාටත් එකයි. සිවිර ගලවන එක අවනමිබුනමි.  පන්සල් වල. හාමුදුරැෙවා ගැනු ලමයිෙග. ඇදුමි ගලවන එක නමිබුද නිතිෙයන්. දඩුවමි දුන්ෙන්. ජනාදි පති තුමා ෙනාෙවි.  ෙදන ෙදයක් කාලා.  පන්සල්වලට ෙවලා හිටපං. පිං බතා."
"Aruna Kumara","https://www.facebook.com/aruna.kumara.7355","Walganagediyo"
"Hodaa Kumara","https://www.facebook.com/jagath.kumara.75457081","Muga gantara galavana ona"
"Palitha Sirilal","https://www.facebook.com/people/Palitha-Sirilal/pfbid02UddmrTg2eDrUA4j335XmPwBNGkRpSPQksaD24FgDv3rEWGJGwiDqBFyoNtEsUhkTl","Ane palayan yanna  Gaha ganin"
"Sagara Kumara","https://www.facebook.com/nimal.wicramasinghe.52","ළඟ tiyana gantaare thama holaganna wenne"
"Janith Piyumal","https://www.facebook.com/hiru.sankalpa.9","Mehe awoth gahanawa pakayalata unu wathura"
"Chandika Rohana","https://www.facebook.com/chandika.rohana.50","Kawruwath sokayate pathwela ne.tho gahapiya eta2ka gari kenaya😂😂"
"Kumara Priyantha","https://www.facebook.com/kumara.priyantha.5623","Gantare gahana hama pansalakatama  labena Dane Tikatath kelawana wadak Maya karanna hadanne... Gahala.. Palaganna...."
"Vijesiri Kodagoda","https://www.facebook.com/vijesiri.kodagoda","මුන්ට මයික් අල්ලන කාළකණ්නි .සක්කිලි බලුවැඩ කරන්න හොඳයි මුන්ට"
"Nisansala Disanayaka","","Mamath lankawe hitiyanam aniwa enawa eth man dam godak athane 😢😢"
"Sanjeewani Sanjeewani Sanjeewani","https://www.facebook.com/people/Sanjeewani-Sanjeewani-Sanjeewani/pfbid029bJUw5nzyDMqxKbTvZ9MaiZLJvaPQQDe2o8d6padpsRmbuodjJHygiGNjZccZxTPl","Ponna pako thoge siuwa galawapan thopita sasane Kanna epa"
"Prabath Nirmal","https://www.facebook.com/prabath.nirmal.902","Ane palayan ponnaya"
"Chathura Sudesh","https://www.facebook.com/chatura.sudesh","උබල හාමුදුරුවොද බන්."
"අහිමි උඹ    ","https://www.facebook.com/hhmfdoaacp","මුං ඇත්තටම හාමුදුරුවරුන්ද මුන්ට දානෙ දෙන එවුන් පවු යකෝ"
"Janitha Madushanka","https://www.facebook.com/janitha.madushanka.9","Rate siyluma pnsal vla hari de mokda kiyla threrun..arn..thiynne..rajapksha nikye un..vithri..othna ine"
"Chaminda Gunarathna","https://www.facebook.com/people/Chaminda-Gunarathna/pfbid02j5bz7Xkk2Er8S4iWdv9Gwq3qhhVYqfMNx7ae6zcz79sfeskGqfEwofBMqsFqoJaMl","Rata. Anurata. D  ,p. Rawata"
"Lasantha Shanaka Lasantha","https://www.facebook.com/profile.php?id=100010144543096","Pal horu thopi"
"Vinoth Karunathilaka","https://www.facebook.com/people/Vinoth-Karunathilaka/61585789106016","උබලා ඔක්කොම යටට  අදින් නැතුව  හරියට නාමයට උඩ  පැනපල්ලා ගන්ටරේ වාදී ගානට"
"Ireshika Lakmini","https://www.facebook.com/people/Ireshika-Lakmini/pfbid0b1rj2j8BFFDS5zAQ8KsXYHRZPtsoYHEzDHpmr9pYMs4fkxkbU1mL3Y4BtEijn5eil","Aniwaryenma api elamuthu wennama ona welawak me"
"Sri Gune","https://www.facebook.com/people/Sri-Gune/pfbid0d2Gy6mfvtY2xU1qa5GSq4r6zNmNn53EPAWZgP3TKeYPDQMWfnbJYV7kBx3q3NirJl","ඉයා 🤮🤮🤮🤮"
"Sugath Samansiri","https://www.facebook.com/people/Sugath-Samansiri/pfbid0cY6kLUx5NKw4iNPLjUCSTqbukLL7PfBqNF1zRKhn1Mts92KLoHkHiZDZA9Hz224Wl","Mee budungee desayai anunta kala de thamanta paladenawamai me bududahama wanasanna hadana ballange kaalaya ewarai."
"Malkumare Malkumare","https://www.facebook.com/people/Malkumare-Malkumare/pfbid02x53Y5jftqrFQKSYZj8JcBruB8jCdEUrfuCVWnBJvpZenRgA1CajvVSxRDikqNbq9l","ඇෆ්ෆ"
"Lal Manathunga Lal","https://www.facebook.com/people/Lal-Manathunga-Lal/pfbid0LiJFFGA7MMBL9erDKDqBWputmvdfzQmyPxnKGtxphqWThLkBf3WJagx8Dj7nrd7nl","Siura galeuwe rajayenda bandanagara nithiya ekai.hamuduruwanta budun wahanse desapalane karanna kiuwada"
"Chaminda Lal","https://www.facebook.com/chaminda.lal.566","හාමුදුරුවනේ බොරුවට ජනතාව අවුස්සා නේ එපා.. අපි මොඩ නැ..."
"Deepal Jayalath Dissanayaka","","අට මස්තානේ එකා ලමයි දුශනය කර්ද්දි  ඇට දෙකද පන්සල්වල හෙලෙව්වේ. සිවුරේ ඉඩන් ගෙරි වැඩ කරද්දි නම්බුද"
"Rohana Priyashantha","https://www.facebook.com/people/Rohana-Priyashantha/pfbid02FJY4ymuSiLXxJLT1LqnzXHaeXSdGLdp5i2cTyXKSYTnM8ZQb6iooDfLhpcNZSmzfl","Yata gantare wanapan"
"Nishshanka Vidanage","https://www.facebook.com/nishshanka.vidanage.2025","ඝාන්ඨාරය  ගහන්න   අපේ පන්සල්   පොහොට්ටු පන්සල් නෙවෙයි.......  අපේ දායකයෝ   නම්  ශෝක වෙන්නේ නෑ   සතුටු වෙනවා මිසක්.....  අර   අනුරාධපුරේ  බාල  වයස්කාර   දැරියගේ   ගවුම  ගලවන කොට  කොහෙද  හිටියේ...නින්දෙද....  දැන් කුලප්පු වෙලා  බෙරිහන් දෙන්නේ   මොකද... නීතිය කාටත්   සමානයි... නීතියට  ඉහන් නානසාර  නෑ....."
"Chandra Chandra","https://www.facebook.com/people/Chandra-Chandra/pfbid0bXnHvFvRcrLwoHRA9ReTkacTQK1dz5CJsT5yTPR5PzV92rK4vbqbjnkU4hg8YjTrl","Anura kariya me para  yanna lahasthiweyn"
"Bandara Dissanayake","https://www.facebook.com/bandara.dissanayake.814467","ගොන්..හුත්තෙක්..මු"
"Nuwan Dhammika","https://www.facebook.com/people/Nuwan-Dhammika/61578546317415","Gantare newe gala gahanna oni ubala wagee hora gana parayanta"
"Kanthi Madarasinghe","https://www.facebook.com/kanthi.madura","කට ඇරියම සංවරය කැලේ. බණ එපා වෙනව මෙයාලගෙ. ඤාණසාරත් කට ඇරියම බණ තිත්ත වෙනව. ප්‍රාදේශීය සභා මන්ත්‍රීතුමා එයාගෙ පැටිකිරිය දිගහැරිය. ඒව බලන්නෙ නැතුවද මේ ගිරිය කඩා ගන්නෙ. සීලෙ නැතුව සිවුර විතරක් ඇත්ද ? හොරකම් කරල ඒවයින්  පන්සල්වල තරගවලට වැය කලානම් හරිද ?  දැන් පන්සල් ගෙවල් වගේ. අර ගෙදරට වැඩිය උසට මේ ගෙදර හදන්න ඕන. තරගෙට තමයි හැම ආගමික උත්සවයක්ම.  දහම කැලේ. ඔය කියන විධියට දූෂිතයො රකින  හොරු ටිකමද ඕන. අපිට පක්ෂ පාට ඕන නෑ. රටට මිනිසුන්ට යහපතක් විතරයි වෙන්න ඕන.  බණ්ඩාරනායක ව මරපු සෝමාරාමට ජම්පරේ ඇන්දුවා. බන්ධනාගාර නීතිය කාටත් එකයි. කූඩුවෙ සිවුරු දවටගෙන සිවුරටත් අගෞරවයක්. අදින කෙනාටත් අපහසුවක්. අපිට තමයි දැන් බණ කියන්න වෙලා තියෙන්නෙ. ඉවසන්න. නීතියට අවනත වෙන්න. කටවල් ඇරගෙන අසංවරව ගිරියෙන් කියවනකොට ඔයාලගෙ බණ තිත්ත වෙනව.   සංගයාට වදින්නත් දානෙ දෙන්නත් එපා වෙනව. බණ ප්‍රායෝගිකව  කරන්නෙ නැතුව කියවල  විතරක් වැඩක් නෑ."
"Susantha Jayasingha","https://www.facebook.com/susantha.jayasingha.3110","Ude 8 ta thoge ammata kiyapiya heluwen inda kiyala api hamoma gahannam"
"Eranthi Priyanka Kumarage","https://www.facebook.com/people/Eranthi-Priyanka-Kumarage/pfbid0HJdNNS6318fGzd5fbTsMijxXQcGmSewnW4CxtozdxKpFkTyzxbqe6u5cpN2BZGkel","Etta. Ape Hamuduruwane  dan nagitinna kale awith. 🙏🏽🙏🏽🙏🏽"
"Shalini Fernando","https://www.facebook.com/people/Shalini-Fernando/pfbid0m3cxfaEiWZXksaAiu6HJfdR5gM6yD62yFERL99yxPomUft1JX5nDrJpEmAFJZu4Wl","Siyaluma pansal wala Inna hamuduruwo v 15 puka udeta tiyala dangahgana innna rajapkslage kattiya ei puke arinna"
"Hasitha Madushan","https://www.facebook.com/hasitha.madushan.33886305","මොකෙද්ද මූ සිවුර පොරොවගත්ත ගෝතයා .."
"Namal Udayanga","https://www.facebook.com/namal.udayanga.54","අපේ පන්සලේ ගැහුවොත් ආයේ අපේ ගෙදරින් දානේ නැ පන්සලට"
"Saleem Saleem","https://www.facebook.com/saleem.saleem.989696","Ganu thiyagana hu plu nea"
"Chandana Neththasinghe","https://www.facebook.com/people/Chandana-Neththasinghe/pfbid0Qkt6wpy7L8i2rTTTXuTXwCcutB4bXDpU194eob28AhFU1LHBwzGQDmqDJCzHs5k1l","aniwarenma ape hamuduruwane oba wahanselawath peramuna ganna awashara mahanayaka hamuduruwan wedak na vipakshayak thibbata wedak na dukai sinhala bauddayanta"
"Indika Bandara","https://www.facebook.com/people/Indika-Bandara/pfbid02vZtrc1Pk1Ja4FQHHGRCn372avbMxxwwARFnzcEGKwW1dSdb3m59ZnQUzXMQD4D7Nl","Ude ammata themaniyan"
"Yohan Midigaspage","https://www.facebook.com/yohan.midigaspage","අර අනුරාධපුරේ දැරියන් දූෂණය කරන වෙලාවේ උඹල කොහෙද ඉදියේ? එදා උඹලා පාරට බැහැලා ඕවට කතා කරාද සක්කිලි බල්ලෝ"
"අපි නෙළුවෙ","https://www.facebook.com/8h5ayh13a1","අපේ පන්සලේ ගන්ටාරය ගැහුවොත් හාමිදුරුවන්ට දානෙත් නෑ"
"Buddika Senarathna","https://www.facebook.com/buddika.senarathna.165","සිවුර දාගෙන පොඩි උන් දූෂණය කරන්න හොදයි සිවුර දාගෙන"
"Wijayasena ED","https://www.facebook.com/sunshine.srilanka.7","චීවටය දරාගෙන වෛරය වැපිරීම  බුදු දහමද."
"Raj Kumar","https://www.facebook.com/raja.raj.520","Ane palayan"
"Sam Dharmapala","https://www.facebook.com/sam.dharmapala.5","අපේ පන්සලේ ඝණ්ඨාරය උඹලට ඕන හැටියට ගහන්නේ නැහැ.🤡"
"Lahiru Eranda Ranasinghe","https://www.facebook.com/lahirueranda.ranasingha","Oya itin pansala tikata dane tikat nethi karagana wedk 🥴"
"Pradeep Kalidasa Uyangoda","https://www.facebook.com/pradeep.magam","මේ කහ කඩයකෙත් අමාරුව ළඟදිම සනීප වෙයි. මිනිහ පුදුම දැඟලිල්ලත් දැඟලන්නේ.  අර පහන නිවෙන්න කෙට්ටු නාම දැල්ල වැඩියෙන් පත්තු වෙනවා වගේ මොකක්ද කතාවක් තියෙනවනේ ඒ වගේ දෙයක් තමයි"
"Sajan Weerasingha","https://www.facebook.com/sajan.weerasingha","තොගේ ඇට දෙකට ලණුවක් දාලා ගහපන් ඝන්ටාරේ😂😂😂"
"Ishan Janaka","https://www.facebook.com/ishan.janaka.790537","උඩමලුවෙ හමුඩුරොවො ලමයෙක් දුශන කෙස් එක ට ඔයලා කොහෙඩ උන්නෙ 😂"
"Mahanuwara Kassapa Himi","","Salli hinda mechchara puluwanda ? 🤣🤣"
"Kasun Osada","https://www.facebook.com/people/Kasun-Osada/pfbid0UhMCLaEXe57b6txjtHAPa83xEejHkiJC5ukxjEeWCqfmNnz1vhhBeUh3GdfBsyKdl","Ou ou kalisama galawala holanna enne gantare  oyat enna ape enawa 🐂🐂🤣🤣🤣🤣🤣"
"Rislov Asper King","https://www.facebook.com/thuwanj","Set eka dakkama paenawa mahindage katu kana sakkiliyo tikak inne kiyala"
"Ratnayake Ratnayake","https://www.facebook.com/ratnayake.ratnayake.33726","ඝංඨාරයකින් මුගේ ඔළුවට නෙලපල්ලා පොඩිපට්ටම් වෙන්න."
"Jayan Prashan","https://www.facebook.com/jayantha.prasanna.3","Munta dane dena eka neweththuwanam hariyata hari"
"Tharaka Karunarathne","","සියලු දායකයො ශෝකයට පත් වෙලා?? අපි එතකොට දායකයො නෙවෙයි ද? අපි නම් සතුටින්. ඔය සිවුර 2018 ගලවද්දි එකෙක්ට ගානක් නෑ. මිනිස්සු තෙල් පෝලිම් වල ගෑස් පෝලිම් වල මැරිල වැටෙද්දි ඉස්සරහට ආවෙ නැති හොර සිවුරු රඳවන ටිකක් අන්තිමේදී ජනතාවාදී ආණ්ඩුවක් පත් උනාම ඒකට අකුල් හෙලන්න අරන්. පුදුමයක් නෑ. මුන්ට බවුද්ධයින් ගෙන් යැපෙන ගමන් රාජපක්ශ නිකායට කඩේ යන්න තිබුන පොහොට්ටු ආණ්ඩුවක් තිබුන නම්. දෙගොල්ලොම සැපේ. ඒක නැති උනාට නෙ මේ. අනික නිදන් නඩුත් තියෙන හොරෙක් AKD ට විරුද්ද වෙන්නෙ නැත්නම් කවුරු එහෙම වෙන්න ද?"
"Pradeep Perera","https://www.facebook.com/prdeep.perera","නිතිය ට උඩිං යන්න හදන තිත්තගල්ලෙ වහා අත් අඩංගුවට ගනු"
"Kamanie Dissanayakage","https://www.facebook.com/people/Kamanie-Dissanayakage/pfbid0KyAGUSgEV1js7H7idzbWDKnAcFbUSfzAJsqNEBvvrnptSxrKJvveoRmbcGVCUMcMl","තෝපිට දන්.දෙන එකත් පවිිි බං දනයක් දිපං චනාසාරට"
"Chaminda Srilanka","https://www.facebook.com/people/Chaminda-Srilanka/pfbid02TaoddaHZYNXynouM7MpsWkM5rFVEHpzkD98G8NsG8iCxNsvXe2QRNssb6bkkz4dKl","සිවුරට එච්චර ආදරයක් තියෙනවා නම් ක*** හාමුදුරුවෝ ඔය වැඩ නොකර ඉන්න ඕනා"
"Zak Gelfe","","නොදියුනු අසරන දෙමව්පියන්ගේ අගහිග කම් නාසා තමන්ගේ දරැවන් අඩු වයසින් මහනකර ධර්මය කියාදුන් පමනින් ඹවුන් සිල්වත් බික්ෂුන් වෙන්නෙ නැ…එතකොට මේ විකාර තමා අපිට බලං ඉන්න වෙන්නේ…. අසරන දරැවන්ට සමාජසේවා දියුනු කරලා මහනකම අවු 18 න් වැඩි අයට සිමා කලයුතය් !"
"Hanthana Sihinaya Franando","https://www.facebook.com/nevil.franando.71","තිත්තය යට ඇදුම නැතිව ගන්ථය ගහනවා දැනුත්"
"Ajith Jayaweera","https://www.facebook.com/people/Ajith-Jayaweera/100066916080624","ඇත්ත"
"Srikantha Ravisara","https://www.facebook.com/srikantha.ravisara.58","ගන්ටාරේ බෙල්ලෙ එල්ලන්න ඕන"
"Lalith Silva","https://www.facebook.com/people/Lalith-Silva/pfbid02E2GpfxghRVVntSc3U8vV7ZVv4anbavJksfZDvmyC8c9shZt1aBFuydGw2Bvejtsvl","Siwurak galawala gahanawa ponnayata"
"Aruna P Ranaweera","https://www.facebook.com/aruna.ranaweera.1","පන්සල් වල නඩු අහන්න ගත්තා නම් නරක නැද්ද?"
"Priyantha Muthukuda Bandara","https://www.facebook.com/priyantha.muthukuda",".😄..ඊට පස්සෙ දානේ දෙන්නෙ කවුද"
"Damith Damitt","https://www.facebook.com/damith.damitt","කුපාඩ්  හැත්ත"
"Wijaya Nanda","https://www.facebook.com/people/Wijaya-Nanda/pfbid0f2hDApDgXmewvg9uL4n5bPNMtktWYMKbCjGYX6k2gwSxQiD56o1seu84FQbxZBCkl","තෙරුවන්  සරනයි පින්වත් ස්වාමින් වහන්ස 🙏 🙏🙏🙏"
"Jayantha Silva","https://www.facebook.com/jayantha.silva.665668","අනිවාර්යයෙන් හාමුදුරුවනේ❤️❤️❤️❤️❤️❤️"
"Rohona Kumara","https://www.facebook.com/rohona.kumara","Okata Nadu teyanawo😂"
"Sanath Algampitige","https://www.facebook.com/people/Sanath-Algampitige/pfbid0ZSn3CwKEpxxWbyeYDjCqoLQrMCHpQtVaQ3hXhMt5qxPnzkuWnnYmbno4kXPCihFZl","Ammata hukonawa..ape pansalwala. Nadagam natanna awoth"
"Wije Kumar","https://www.facebook.com/wije.kumar.7921","Siwra hadagena jadawada karanna hodada"
"Kami Kawai","https://www.facebook.com/people/Kami-Kawai/pfbid02ePTCAUxNXVAbQKEd2r5DMvcASu8QBvg6WBafT5G9DMNSGbhv5xEaPNbZL6zety6ql","Thiththagalle Anandasiri Keri sakkili pakaya ta pissu harila"
"Gamini Kumara","https://www.facebook.com/profile.php?id=100014051610217","Kudapola hamuduruwo rata wenuwen kata kare me aya rata wenuwenda na v8 natuwa 🤭😁🤣"
"Sampath Siyabala Sampath Siyabala","https://www.facebook.com/sampathsiyabala.sampathsiyabala.77","Puka thama"
"Joseph Henry","https://www.facebook.com/joseph.henry.345856","Pala pin batho pansalata medamulane guu kana uura"
"Chaminda Mahinda","https://www.facebook.com/people/Chaminda-Mahinda/pfbid02W7USjkttLf3recuv4gYkJCyAuhBPMsjMwZdobs4rQxtMgiZqWx6fgZSeZJum1Qbdl","අන්න උකා ඇවිල්ලා..."
"Dinesh Nanayakkara","https://www.facebook.com/dinesh.nanayakkara.39","කිසීම පන්සලක් ඔය පවට කරගහන්න එපා ඝණ්ඨාරෙ ගලවගෙන ඔලුවට වැටෙයි"
"Sarath Senanayaka","https://www.facebook.com/sarath.senanayaka.207241","පාටි.උත්සව වලට.යන්නත්.නැහැ.අනිතික වැඩ.මොකවත්.කරන්නැතැතුව ඉන්නත් බැහැ"
"Bandara Tannakon","https://www.facebook.com/bandara.tannakon.1","අපේ ගන් වලනමි ඕවා ගහන්නේ නෑ  හේදේ"
"Sathima Hemamali","https://www.facebook.com/people/Sathima-Hemamali/pfbid02bcNHxnMu2AC32CMq273TtwMFYomG4ujaNPmJZWLTFGYSNYY2KXNg3eoNrbgrMcfKl","අපි ඔබ වහන්සේ සමගයි ස්වාමීන් වහන්ස."
"Chaminda Prasad","https://www.facebook.com/chaminda.prasad.185728","Ubatath badu"
"Eranga Munasinghe","https://www.facebook.com/eranga.munasinghe.75","අනේ පල"
"R G Upul Senarathna","https://www.facebook.com/r.g.upul.senarathna","මුන්.මහනකරන.දවස.කවද්ද"
"Chaminda Janaka","https://www.facebook.com/chaminda.janaka.940098","පෙට්‍රල් කොච්චර ඕනද"
"Sewanagala Chandima Rathana Theo","https://www.facebook.com/UwonShushi","ඇග කිලිපොළා යන අනාවරණයක් කලේ..😓"
"Mg Kumara","https://www.facebook.com/mg.kumara.434542","අහපල්ලා දැන් මේ ජනාධිපතිතුමා කියනකතාව."
"Pushpa Rnaweera","https://www.facebook.com/people/Pushpa-Rnaweera/pfbid02EKXd9yw672tyDS77iLA7SLL6nEZ7u8vLZWCE95uva9wksvnSTA9ifr3KNLuokQnFl","Gaantarath wikunala Rajapakshala ithn mokada karanne😂😂😂😂"
"Bro Maduwa","https://www.facebook.com/maduwa.bro.106","මහණ වෙච්ච හාමුදුරුවෝ දැනගන්න ඕනා උන්වහන්සේගේ සීලය ආරක්ෂා ගැන කටයුතු කරන්න. ඔය ඔතන උඩු බුරන එවුනුත් සීලය ආරක්ෂා කරන කෑගහන එවුන් නෙමෙයි."
"Ekanayake Bandara","https://www.facebook.com/people/Ekanayake-Bandara/pfbid0fBRyEGEkeAeCFXxfQYzkXrUnXiWfmoLtPQSNDR23NTFhXACbiDFTTSVKL8Embwnvl","2018. Koheda heteya. Dannaoy. Okkoma. Neteyatafa. Oy .abeyagakaranna"
"Kelum Kumara","https://www.facebook.com/kelum.kumara.351104","Thopitama thama gahoganna wenne"
"Sp Kumara","https://www.facebook.com/sp.kumara.740844","Ane hamuduruwane oya nikan nayata kahinne nathuwa inna.ape pansalale deshapalane na"
"Saman Liyanage","https://www.facebook.com/saman.liyanage.71","සාසනේ කැවා යකෝ ඔය චිවරය ගලවන්න හමුදුරුවනේ. ඔගොල්ලන්ට චිවරය ගැල පෙන්නේ නැ"
"Pradeep Dinendra Ajas","https://www.facebook.com/ajas.dinendra","පිස්සු හුත්තෝ පින් බතල"
"Prasan Namal Thilakarathna","https://www.facebook.com/prasan.namal.thilakarathna","මිනිස්සුන්ට තව එපා කරනවා"
"K.A. Sameera Madushanka","https://www.facebook.com/k.a.sameera.madushanka","Hollapan ube walla 🤣🤣 Pakaya"
"Alfred Joseph","https://www.facebook.com/people/Alfred-Joseph/pfbid02ULbfa5aHf3gSnJA9XBsNYhnb1f6fYyJYannh6MFofTqg1s6VTJ6H6KiUDxTojVmEl","Npp great work government"
"Prajithdisanayaka Galigamuwa Widanalage","https://www.facebook.com/people/Prajithdisanayaka-Galigamuwa-Widanalage/pfbid0x3jcPm9ryTvuRmPVBxazYUeU97DdTJeo7AAXtJpkctLtghAAijFML3A8HAToCkrBl","සංඝ ආක්චාවක් ද???"
"Alutharachci Nisantha Imesha","https://www.facebook.com/people/Alutharachci-Nisantha-Imesha/pfbid0wkUnUWGNT9VKg2MK3SMukZ8dLCbbMQzGF2qZjYC3YQWuidaVnnwgDvBAHj81Q2i7l","අපි හරිම සතුටින්😂😂"
"Karawitage Shanu Dilsha","https://www.facebook.com/karawitage.shanudilsha","මේවට බැනල කමෙන්ට් දාලා තියෙන එවුන් සුද්දට කවලන් වෙච්ච ඔවුන් මුන්ට ජාතියක් ජම්මයක් ආගමක් නෑ බොල..........."
"Prasanna Samarathunga","","අහෝ"
"Anushka Anushka","https://www.facebook.com/people/Anushka-Anushka/pfbid0Gz4ajDRT21XNqDgQJi68zxZqbcSECbSPDWcojMqpdGGF2dveJ1MW1D5AKKEQeingl","Cheewarayata garukarala dana comment dapalla bowddayonm"
"W Romesh Franando","","Ane me sadu ..minissunta pau sidda nokara paduwe.. inna. Dehena bidei balagana."
"Ruwan Kankanamge","https://www.facebook.com/ruwan.kankanamge.50","T ෂර්ට් ඇදන් එක්ස්සයිස් කරන්න කියලා දෙන, ඩාන්ස් කරන එක  සියළුම පන්සල් වලට කියලා දෙන්න එපා හැබැයි..."
"Aruna Liyanarachi","","හොරුන්ට අධාර්මිකයි,"
"Sahan Singapore","https://www.facebook.com/people/Sahan-Singapore/61586771908282","රජු බලුවෙලා කාලකණ්ණි ලපයා"
"Samoddaya Samoddaya","https://www.facebook.com/samoddaya.samoddaya.2025","2000hen passe eadichcha Patta wesiyo monada danne"
"Hashan Arunasantha","https://www.facebook.com/hashan.arunasantha","සිංහලයගෙ  චන්දෙනේ ඇවිත්  ජාතියට ආගමට  කෙලින සක්කිලියො ඔකුන්ට සාපවේවා"
"Pathum Nadeeshan","https://www.facebook.com/people/Pathum-Nadeeshan/pfbid0XhyZSe4A6mkndio9s8SwWgC9SQe121f5jg9GigUsxhrnbMFvK3Z2EAgK4GFyvY7pl","Palayan ganayo"
"Dakshina De Zoysa","https://www.facebook.com/dakshina.dezoysa","කාල කන්නි බල්ලො තොපි"
"SHan M SHan","https://www.facebook.com/shan.m.shan.501115","2016 මත්‍රිපාල ආණ්ඩුවෙන් මෙ හාමුදුරුවො හිරේ දානකොට ජම්පරේ අන්දනකොට මේ හාමුදුරුවන් කෝමාවෙලාද ඉදියේ😡😡"
"Amith Perera","https://www.facebook.com/amith.perera.14418","Me kariya horaki"
"Wijesifi Bandara","https://www.facebook.com/wijesifi.bandara","Apa nitarama wada awa"
"Anil Wikcrama","https://www.facebook.com/people/Anil-Wikcrama/61585302527721","දෙකට නැමුන නම් ගන්ටාරෙ ගහන්ඩ පුලුවන්"
"Adikari Dinesh","https://www.facebook.com/adikari.dinesh.2025","පර බල්ලො යන්ඩ"
"Sanath Silwa","https://www.facebook.com/people/Sanath-Silwa/pfbid02EsRENPxP2fVXHkPWHbVJZ9KSAn4xMgJS9wMv1Lpf6Qjne75JByYyEB7UgJ5vsG5pl","සිවුර ඉතින් ගලොලා සිවිල් ඇදගෙන මාහාජනතාව  කුලප්පු කරන්න බැහැ  එ සො වලට දැන් මාහාජනතාව රැවටිලා ඉවරයි බං 🤣🤣"
"Sathuta Suranga","https://www.facebook.com/people/Sathuta-Suranga/pfbid0V8aRCdDZvymLyajKaNJwu6pfE7T7UXdTJwPjbZECeGEjRKy5TACQe9nuLDTkQiTCl","Ponna.hutha"
"Hituwakara Sadu","https://www.facebook.com/napiithama.napuil","පලි  ගැනිම්"
"Suresh Kumudu","https://www.facebook.com/suresh.kumudu.9","Baswala koheda oi gantara .udakata nagala hollnawa 😂"
"Ruwan Priyashantha","https://www.facebook.com/people/Ruwan-Priyashantha/pfbid02SpFHStMWmQpgtpkBFvYQVAXbHdCSt6gZa8kS8Bq9RL7uhzL7PKhuTdyjZ7nXYQ7Kl","සිවුර දාගෙන අහින්සක දරුවා අනාත කරනකොට  තොපි කොහෙද හිටියෙ උ කියනවානෙ එ ඇදුම සැහල්ලුයි හොදයි කියලා"
"Mhd Sakeen","https://www.facebook.com/mhd.sakeen.2025","Eelaga chandeta denma wede patangaththa"
"Vidya Jothi","https://www.facebook.com/vidya.jothi.90","සිංහල ජාතිය බෝවෙන්නේ පිරමීඩයක හැඩයට  අනිත් ජාතීන් යටිකුරු කළ පිරමීඩයක හැඩයට  මේක තේරුම් නොගත්තොත්?"
"Jaya Jaye","https://www.facebook.com/jaya.jaye.2025","Mu guli kalada. Kalakanni hetta"
"Bandula Gunawardana","https://www.facebook.com/bandula.gunawardana.90","මචං ඝන ගෙඩිය thiththe,  උඹ හිටගෙන ukala තියෙනවා ද?"
"Darshana Batuwantudawe","https://www.facebook.com/denham.buddika","Ubegantreta tami ghannawene"
"Nileni Udeshika Jayawardena","https://www.facebook.com/nileni.jayawardena","ඉතින් කෑගහන්නෙ නැතුව ඕන එකක් කරගන්නකෝ  අපිනම් යන්නෙනැහැ පම්සලට"
"Tharanga N Ariyapperuma","https://www.facebook.com/tharanga.nuwan.165","සුදාගෙ චැනල් එකට ඇවිල්ල ලඟම හිටිය එකා කීව විස්තරේම.බොහොම ශෝක්"
"Paboda Maduwanthi","https://www.facebook.com/paboda.maduwanthi.2025","මහනවෙන්නෙ හැමදේම අතඇරලා  සිවුරක දරන්නෙ  සිවුර දාගෙන මැරයෙක් වගෙ හිටියේ  දැන් කෙදිරිල්ල"
"SV SV","","අත් හැරීමලු උගන්නන්නෙ...🤣🤣🤣"
"Meththananda YK","https://www.facebook.com/meththananda.yk","පංසල් වල දේශපාලනය නොකල යුතුයි.එදිනට එම පංසල් වලට දානය දෙන්න හොද නැහ."
"Shan Bandara","https://www.facebook.com/people/Shan-Bandara/pfbid02EsXYKN547j3xbcN2qjTY2Fe2z4GRwq3ArTFHbJxyQPZBHQCQAU6Pwp9kybPaBLxTl","Thopi.siru.galavala.kalisan.gahagana.badu.gahanta.yanna.hodai"
"Shan Mc","https://www.facebook.com/krish.shankar.148","ලංකාවෙ හැම හාමුදුරුවෝම හිතන්නේ ඒගොල්ලන්ට තමයි බලය කියන්නේ කියලා. ඒක හරි වැඩක් නෙවෙයි පොලිසිය කියන්නේ ඒගොල්ලන්ට රාජකාරියක් තියෙනවා ඒගොල්ලන් ඇවිල්ලා ලංකාවේ තියෙන  නීතිය අනුකූලට වැඩ කරන්න ඕනැයි හාමුදුරුවෝ කියන විදියට වැඩ කරන්න බැහැ. මේ ලංකාවේ හාමුදුරුවෝ මහණ වෙන්නේ සැප විඳින්නයි. ඒක හැමෝටම දන්නවා ඒ අපේ සිංහල මිනිස්සු සමහරක් අයත් ඕක හොඳට දැනුම් ගන්න ඕන"
"අරලිය මල","https://www.facebook.com/dayanigauder.dayanigauder","Desapaluwange adanakada"
"Ravindra Dissanayake","https://www.facebook.com/ravindra.dissanayake.129","ඇටේ ලනුවක් ගැටගං පකට සැමන් ටින් එකක් එල්ලල නාමල්ට දීපං හොල්ලන්න"
"Nipun Madhushan","https://www.facebook.com/nipun.madushan.77985","Siura adan karanna thiyana kari wada okkoma karana eka hoda athi 😁"
"Chaminda Roshan","https://www.facebook.com/chaminda.roshan.223491","එතකොට සිඋර දාගෙන බලු වනවර හොකැම හොදද"
"Sadaruvan Sadaruvan","https://www.facebook.com/sadaruvan.sadaruvan.239251","හුදෙක් භික්ෂුවක් මිස කිසිවෙක් විනයගරුක වචන භාවිතා නොකරන්නේ එතන වරදක් නොවේද ඇත්තේ භික්ෂුවක් නම් කාරුණිකත්වය ප්‍රධාන කොට සැලකිය යුතුයි රටට ආදරය කරුණාව දැක්වීම වියරු ලෙස පැවසීමකින් අත්පත් කර ගැනීමක් නොවේ කරුණාවෙන් පැවසිය යුතු කරුණක් ආවේගශීලී කොට භික්ෂූන්ට පැවසීමත් පරුෂ වචන කීමත් ධර්මය විනයට පටහැනි රටේ භික්ෂුන් ලෙස ඔබ ඇතුළු සියලු භික්ෂූන්ලා විනයගරුකව කතා කරනවා නම් උචිතයි"
"Ku Ja","https://www.facebook.com/people/Ku-Ja/pfbid05rdYMSwQMXywJJuNJ3ZA5PC6WJPnxCGrcmxRSnhVSvjy1sbWbuXupHhj5fLPRhJZl","ආ හරි"
"Dulani Dulani","https://www.facebook.com/people/Dulani-Dulani/61591267175902","ඕකුන්ට හෙන ගහනවා"
"Rohana Athapatthu","https://www.facebook.com/rohana.athapatthu","Very good"
"රාවණා අප්පච්චි","https://www.facebook.com/people/%E0%B6%BB%E0%B7%8F%E0%B7%80%E0%B6%AB%E0%B7%8F-%E0%B6%85%E0%B6%B4%E0%B7%8A%E0%B6%B4%E0%B6%A0%E0%B7%8A%E0%B6%A0%E0%B7%92/61590886105888","Ate gahapiya paraya"
"Gamini Liyanage","https://www.facebook.com/gamini.liyanage.52","Angoda palayan"
"Sanath Edema","https://www.facebook.com/sanath.edema.2025","Palayan pako umbata kanna bonna nethiwei.umbata gedara ksnna denna widiyak nehene.kata wahapan"
"Kumara Kumara","https://www.facebook.com/people/Kumara-Kumara/pfbid0fF2yRiWDSGw4D9VqrDmenGo6i3HTHtfj6Kf5iSGqUDECpLTgjTerEMfrwwCZSwtbl","Badu ganne oyala sewra galawalada"
"ඉන්දික පුෂ්ප කුමාර","https://www.facebook.com/people/%E0%B6%89%E0%B6%B1%E0%B7%8A%E0%B6%AF%E0%B7%92%E0%B6%9A-%E0%B6%B4%E0%B7%94%E0%B7%82%E0%B7%8A%E0%B6%B4-%E0%B6%9A%E0%B7%94%E0%B6%B8%E0%B7%8F%E0%B6%BB/61553479346949","ඔහෙගෙ ඇට දෙක වනපන් 9 වෙනිදා"
"Upali Maddage","https://www.facebook.com/poojani.maddage","ඔය කෑගහන තිත්තගල්ලෙගේ අපචාර නඩු කොච්චර තියෙනවද අප්පා ඒවට බයේ වියරු වැටිලා"
"Sandaruwan Kodikara","https://www.facebook.com/tharindu.sandaruwan.754918","කැපුවද කුඩා පොල ඔයාට"
"Lamith Max","https://www.facebook.com/lamith.max","Raja adarmikai"
"Mas Tharaka","https://www.facebook.com/mastharaka3006","මේවට කොහෙන්ද හිනා වෙන්න ඕන 😂😂😂"
"De Ranjithlal","https://www.facebook.com/de.ranjithlal","ගංටාරෙ තනියම ගහගන්න බැරිද. 😄😄😄"
"Kelum Tharaka","https://www.facebook.com/people/Kelum-Tharaka/pfbid05xCasnRuhf3EyWJSUhHB247eJ2Kj5Tnig5aeJgcFWCzNJJqWfxs2N43FBmMnZM2ol","ගන්ටරේ ඔබ වහන්සේගේ කරේ එල්ල ගන්න"
"Lalith Wickramasingha","https://www.facebook.com/0764005836Lalith","Mu hora ganatak para ballek"
"Wasala Senevirathna","https://www.facebook.com/senevirathna.senevirathna.52","ඉස්සරවෙලා උඹල මහනවෙලා බුදුන්වහන්සේ කියා දුන් මග පලයල්ලා මුලින්. ආදාර්මික ඔය දුෂිත හොර චීවර දාරීන් කිසිම, ජනතාව දුකට පත්වෙලා නෑ සියලු දෙනා සතුටට පත්වෙලා ඉන්නවා."
"Nihal Gunatillake","","තොපේ.ඇටෙි.තමයි.ගහන්නෙ"
"Pradeep Chathuranga","https://www.facebook.com/people/Pradeep-Chathuranga/pfbid026LNN7hjzjLkeBZM82GvxAdwnJ6t5RDxDBdf9qAPsHJda1rQovVSTaaeQRehmvGzEl","අපේ පන්සලේ නම් එහෙම ගන්ටරේ ගහන්නේ නැහැ"
"Chaminda Premasinghe","https://www.facebook.com/chaminda.preamasinghe.5","මූ පන්සලේ ගන්ධාරෙ ලණුව කප්පවා ගන්න දඟලනවා."
"Nirosha Anne","https://www.facebook.com/nirosha.anne.644131","A kale sewura dagena gamene gamata bana kiyanawa keya kudu aishe adede na"
"Kumara Senewirathna","https://www.facebook.com/people/Kumara-Senewirathna/pfbid02Kof7GMUaSkbCXNRJ23WpXCebECHkTVhV6b8vk3egKFeTtEtzH79xW8NcXx59wfKcl","😂😂😂😂😂😂කඩේ.යෑම ."
"Ka Gunarattna","https://www.facebook.com/people/Ka-Gunarattna/pfbid02mkTrvuyASzywvTkhxV5Z4fTioeXTBhNTbFFbFSBjKjcgMjrhsNnXiZr9ZtpJ4uU1l","ජය  වේවා...❤️❤️❤️❤️❤️"
"Indika Paranavithana","https://www.facebook.com/indika.paranavithana.216567","අනේ හාමුදුරුවනේ..ඉස්සෙල්ලා ඔය හිරේ ගියේ කවුද කියල හොයලා බලන්න.එයා ශාසනේට කල මෙහෙය කියන්න මොනවද කියලා.ඔයාලා මේ පල් හොරෙක් පොරක් කරලා බොරුවට ආගම ගාව ගනන් එපා.එයා රාජපක්ශ නිකායේ මහන උනු කෙනෙක්.ආගම රැකෙන්න නම් එක එකාගේ ඕන එපා කම් වලට සිවුර යොදාගෙන මිනිස්සු අතර වයිරය පතුරවන මේ වගේ හොරුන්ගේ සිවුරු ගලවන්න ඕන තමයි.ඔයාලට මේ හොරාව පොරක් උනාට සැබෑ බෞද්ධයන්ට මේකගේ කෙරුවාව ගැන තියෙන්නෙ කල කිරීමක්.ඔයත් ඔය ගිරිය පුප්පන් කෑ ගහන්නේ V8 එකකින් නිවන් දකින්න තියෙන කෑදර කමටනේ.."
"Chandana Chandana","","දානිත් නැතිකර ගන්න යන්නේ"
"Shanaka Pathum Kumara Jayawardena","","රජු නෙවේ adharmika තමුන්නාන්සේ තමයි adharmika.  නිකන් කෑගහන්න එපා"
"Sunitha Chrishanthi","https://www.facebook.com/sunitha.chrishanthi","Munta pissu"
"Pradeep Rajapaksha","https://www.facebook.com/people/Pradeep-Rajapaksha/pfbid02yQup2EoCmaBkMYAuTuMcNL3oPg9UTsEiyxoBMmFpvYgwM87DZGLMzmDhcskaTCVMl","Apith siurak dagane panne imuda kollo"
"Sart Sary","https://www.facebook.com/sart.sary.303094","තොගෙ.අම්මගෙ.redda.asse.walata.dala.take.gahzpan Apeta.soke.na.apata.sathutuyi"
"Thissa Malli","https://www.facebook.com/people/Thissa-Malli/pfbid028UDJnHyKfD9z3sqchBpV2wfP57iWEmiqRJhRskb88fDHSRSyqz965r8YTraYh3Fal","කහ පාට ඇදුම ඇදගෙන ඉන්න ගැනී පෝලිම් ගැහිලා ඉන්නේ කතාව ඉවර උන ගමන් කටට ගන්න වගේ 🤣"
"Lifeepichub Jayasundara","https://www.facebook.com/people/Lifeepichub-Jayasundara/100009366377853","Mu sirigatha kala uthui"
"Chamara Perera","https://www.facebook.com/chamara.perera.96995","Kauda bna me"
"Chaminda Thissa","https://www.facebook.com/chaminda.thissa","yako ranilage anduwen okage siura galawala jampare anduwe"
"Aruna Rajapaksha","https://www.facebook.com/aruna.rajapaksha.53907","තෝ පිස්සෙක්ද බන්. ගොනෝ"
"Dushmanth Wijerathne","https://www.facebook.com/dushmantha.chamara","New සඝ රජ Has Born 😂"
"Rukmal Thushara","https://www.facebook.com/gr.rukmal","Thithagalle Anandasiri අධාර්මිකයි"
"Chinthaka Thusitha Kumara","https://www.facebook.com/thusitha000","හාමුදුරුවනේ 2018ත් සිවුර අයින් කරල ජම්පරේ ඇන්දෙවුවලු නේද? එතකොට ඔබ වහන්සේ කොහෙද හිටියෙ සිංගප්පූරු ශොපින් ගිහිල්ලද?"
"Ajith Senarath","https://www.facebook.com/profile.php?id=100030601673332","මුට කනට එකක් දී ගන්න විදිහක් තිබ්බ නම්"
"Shanaka Randeni Yasas","https://www.facebook.com/shanaka.randeni.yasas","ජනාධිපති thumani kudalsn ghin ethult danna adikrnyt apahasa kirimak thopi"
"Sunith Bandara","https://www.facebook.com/people/Sunith-Bandara/pfbid027ZgZeowj7dQMK7mxCQVRhaYtXq2vwWN15bHenLGCpaMsgkrUXoz8AoAhAUJ2iJYLl","කවදා සිත නිවෙන බණ ට්කක් අහන්න වෙයිද මන්දා !"
"Dis Nis","https://www.facebook.com/people/Dis-Nis/pfbid0SRyApmHep1CA1i79UCkveEbYHLX5nnvvdpe5u8g24n96cjsn2pzD6mqMh7gwCiHAl","Mekamonawada. Me. Berihandenne"
"Pathum Sadaru","https://www.facebook.com/pathum.sadaru.484130","අපිනම් සතුටූ වේනවා"
"Dilshan Dilshan","https://www.facebook.com/dilshan.dilshan.893128","Ado ube gantare ellan inne😂"
"Sujeewa Herath","https://www.facebook.com/sujeewa34","මුට නාමල් පිස්සුව..... ඇට 2 වද්ද ගනින්.... 9 උදේ 8....😂😂"
"සුද්දි සුද්දි","https://www.facebook.com/people/%E0%B7%83%E0%B7%94%E0%B6%AF%E0%B7%8A%E0%B6%AF%E0%B7%92-%E0%B7%83%E0%B7%94%E0%B6%AF%E0%B7%8A%E0%B6%AF%E0%B7%92/pfbid0jzMTUeC3repMiK7w4A4ZUzZPhXXXuTVRUVpEPjMmotvt5ZeJqpZrcvUgi6tPuiW7l","මුන්ව රාජපක්ෂලා අවුස්සනවා පිනට දෙන දෙ කාලා ඉන්න බැනි....."
"Bandara Jayasekara","https://www.facebook.com/bandara.jayasekara.37","මේක කැපී පෙනෙන්ට දගළන ඇමනයක්. සිවුරට අවමංකරන මේ වගේ චීවරදාරියගේද සිවුර ගලවා භව්තීක්ෂ කලයුතුයි මු කියන දේවල් මුටම තේරෙන් නැති ගෘනයි."
"Sumana Tissa","https://www.facebook.com/sumana.tissa.3766","Pissu huthala  rata hriyatma  yanawa"
"Yasapala Dias","https://www.facebook.com/people/Yasapala-Dias/pfbid062nbX4VLraGBRyP3pU1Xaqc8kALcw7JfdMDSJDmSKZDG89aV3WSCZjELiff7eDikl","තො උඩ පැනලා ගන්ටාරේ ගහගනිය කුඩාපොල උන්නාන් සේටනින්දා නොකර හිටපිය  න"
"Lakshan Muthukuda","https://www.facebook.com/tharindu.lakshan.7967","ගහ ගන්න ගාන්ටරේ අස්සේ තියන 😂"
"Chamma Retoucher","https://www.facebook.com/PhotoOnlineEdit","හරියට කියපන් යකෝ විනාඩි 15ද පැය බාගේද"
"B Nissan Dutsun","","ඒ........කයි..........."
"Inok Priyankara","https://www.facebook.com/inok.priyankara.2025","කහකඩයන්ට විපතක් වෙලා 🤣🤣🤣"
"Thushara Mallawa Official","https://www.facebook.com/people/Thushara-Mallawa-Official/61587304540970","ගහපල්ලකෝ අපේ පන්සල්වල හාමුදුරුවො එහෙම දන් බිඳක් නෑ අපේ ගම්වලනම් එහෙම උනොත්"
"Asitha Madushan Bandara","https://www.facebook.com/asitha.wilwara","ඝණ්ඨාර ගැහුවොත් දානේ නැත"
"Tharindu Madushan Kodithuwakku","https://www.facebook.com/tharinduthkm","2029 ඔක්කොම හිරේ."
"Janith Desilva","","හොර ඝන ගෙඩි එක රොත්තට 😂"
"Dananjana Rathna","https://www.facebook.com/people/Dananjana-Rathna/pfbid02Ytn396e1YNExEVrpTDex6TnsTZxLXa4hBS3yymA4pghguzYpM98ap8sq3DAVUijXl","Muth horek"
"Lilantha S Mangala","https://www.facebook.com/lilantha.s.mangala","Thopi sewuru dageana  inneka  seewurata  karana  agawurwayak  bola....pinbath  kelina  horu."
"Pradeep Saman","https://www.facebook.com/pradeep.saman.52493","පන්සල් වල විරෝදය පාන්ඩ බෑ.පන්සල පොදු ස්ථානයක්.ඔය කතාකරන හාමුදුරුවන්ගෙ කැහිල්ල තිබුනට හැමකෙනෙකුගෙම කහන්නෙ නෑ."
"Sampath Sa Path","https://www.facebook.com/sampath.sapath.52","Pallegama hamuduruwo badu gahala maatu una ara podi kella pau thopi monawada kare kari ganayo"
"Bandula Wijesooriya","https://www.facebook.com/people/Bandula-Wijesooriya/61561254990703","කවුද මෙ🔥"
"KS Kys","https://www.facebook.com/kasun.senavirathna.520","Me inna minissu budurajanan wahanse me kale wada sitiyanam eth me wage thamai hasirima ekamuthukama."
"Roshan Kumara Hapuwita Ralalage","","සිංහල බලය පේන්නමු මමත් පවුකරයේ බිහිකරන්න කතිරේ හුවා එලවමු😡😡😡😡😡"
"Iskole Hamuduruwo Heenatiyana","https://www.facebook.com/heenatiyana.gnanawimala.5","නියමයි හාමුදුරුවනේ, මේ හඬ සිංහල ජාතියේ හඬ දැන් අවදි කළ යුතුයි අධර්මිෂ්ඨ පාලනයට එරෙහිව"
"Lucky Samarasingha","https://www.facebook.com/lucky.samarasingha.2025","ඝංඨාර ගහාන පන්සල්වලට දානෙ නැ😁"
"Ruwan Wijerathna","https://www.facebook.com/ruwan.wijerathna.750","Lucky Samarasingha topi Dana dena ewun da hutttoo"
"Tharindu Tharindu Tharindu","https://www.facebook.com/tharindu.tharindu.tharindu.288686","එන්න ඔනේ ඈ 😂😂😂😂😂😂😂😂හැමොම උඩමලුවේ හමුදුරුවොත් හිරෙ දැම්මම එන්න ඔනේ ලමයි😁😁😁😁😁😁"
"Suvinda Rajapaksha","https://www.facebook.com/suvinda.rajapaksha.2025","හොර ගනයො ටික සෙට් වෙලා"
"Hirusha Gamage","https://www.facebook.com/hirusha.gamage.603449","Ane yako"
"Janindu Dayan","https://www.facebook.com/janidudayan","#රජුධාර්මිකයි අපේ පන්සලේ ඝණ්ඨාරය ගහන්නෙ නෑ පුලුවන් දෙයක් කරපන්"
"Siriman Kulasooriya","https://www.facebook.com/siriman.kulasooriya","තිත්තයට දෙවාරයයි"
"Ajith Wasantha","","Ana palayan ban yanna rasthiya adu karayak Oka ubath a waga nada"
"Nuwan Chamara","https://www.facebook.com/nuwan.chamara.988741","ඇටදෙක.ගහන්නේ"
"Prabhash Senanayake","https://www.facebook.com/people/Prabhash-Senanayake/pfbid027sbNS3imNLsyQaLCLmuejr2L3NKXrHJ4p8m1Hn2yjiaxNNBcAPHsC8R4tfEUsNjcl","මයික් එක අල්ලං ඉන්නෙ අර නාමල් ගෙ සෝශල් මීඩියා ප්‍රොග්‍රාම් කරන පිංවතා නේ??"
"Ivy Egg Farm","https://www.facebook.com/ivy.egg.farm","ගූ කාපම්"
"Manoj Thennakoon","https://www.facebook.com/manoj.thennakoon.96","ආගමට නිගාවක් මේ වගේ උන්"
"Ravindu Chamya","","අම්මපා ඔය ලඟ පාතක නැද්ද බං පන තියෙන එකෙක් මුගෙ තට්ටෙ පැනි බේරන්න"
"ජයසිංහ රංජිත්","https://www.facebook.com/people/%E0%B6%A2%E0%B6%BA%E0%B7%83%E0%B7%92%E0%B6%82%E0%B7%84-%E0%B6%BB%E0%B6%82%E0%B6%A2%E0%B7%92%E0%B6%AD%E0%B7%8A/pfbid025pE72Xo6fF8vNP92S9A1gjSHHu5B1pNCpJKLtCrC7FcdkUWvNNeYSsZS5ysFPXNXl","දේදහස් දාඅටේත් සිවුර ගැලේඋවානේද බයියනේ දැන් බයියෝ බාඉ බබා"
"Raveen Bandara","https://www.facebook.com/ravin.menuka","අනේ තොපි ඔක්කොන හොරු කුපාඩියෝ තොපෙ කොහෙද සීලයක්"
"Nuwan Kumara","https://www.facebook.com/people/Nuwan-Kumara/100022758435158","පිස්සුද"
"Prasad Prasad","https://www.facebook.com/people/Prasad-Prasad/pfbid0GBKXTEkoqW688i2KtXC3hm8XNy7U8pNCqhEQM1hVqkLfGEr4pWCSeZ1zoxWUZ3FQl","Pala pakooo"
"Upali Gunawardhna","https://www.facebook.com/people/Upali-Gunawardhna/pfbid0xYtqbsfgr78EtikNnrkFrubQdmQTR9WiekGMBvQCjewa6HHC1jAgcTzzHcrXzJHGl","උදේ,නමයට,මුගේ,ඇට,දේක,හොලවන්න"
"Sumudu Priyanath Wijesinghe","https://www.facebook.com/priyawijesinghe1990","ඥානසාර හිමියන්ගේ ප්‍රශ්නෙදි අවසානයේ වෙන්නේ පොදුවේ සියළු හාමුදුරුවරුන්ට සිවුරු අන්දලා තමා උසාවි ගේන්න වෙන්නේ. අන්න එතකොට හාමුදුරුවරු කී දෙනෙක් සිවුර දරාගෙන වැරදි කරලා බන්ධනාගාර ගත වෙලා තියනවද කියන එක පොදු මහජනතාවට පේන්න පටන් ගන්නවා. අන්න එදාට ඔය නටපු උන්දැලා සේරටම ගල උඩ පහරපු බළලට උන දේ වෙනවා. 😊"
"Sampath Balasooriya","","Thithagalle Anandasiri ගහන්න ගහන්න....😂"
"Nayomi Hettiarachchi","https://www.facebook.com/profile.php?id=100025547851856","අපි නම් ශෝකයට පත් වෙලා නෑ අපේ හාමුදුරුවනේ  🤣 ඝංටාරේ ගහනවා දානේ පුජා කරලා වෙන නම් නෑ බොරුවට කහින්නේ නැතුව ගිහින් හම්බෙන දානයක් කාලා ඉන්න අපේ හාමුදුරුවනේ  🤣"
"Nalaka Sanjeewa Kulasingha","https://www.facebook.com/nalakasanjeewa.kulasingha","දැන් ඔය කියන විදිහට ගන්ඩාර ගැහුවම ඥානසාර යා නිදහස් වෙනවද... එහෙනම් සල්ලි මල්ලක් හොල්ලපල්ලා එතකොට සිරන්ති එළියට එයි මැණික් මල්ලක් හොල්ලපල්ලා නාමල් එළියට එයි 🤣🤣"
"Tharanga Sanjeewa","https://www.facebook.com/profile.php?id=100022344214280","තිත්තගල්ලෙත් සිවුර ගලවගත්තා😂"
"Imesh Rashmika","https://www.facebook.com/imesh.rashmika.355409","ගෑනු එක්ක නිදියද්දිත් කොහොමත් සිවුරු පිටින් ඉන්නේ නෑනේ කොහොමත් උපසම්පදාව තියනවානේ 😂"
"Rohan Ekanayake","https://www.facebook.com/rohan.ekanayake.712","𝘢𝘱𝘪𝘵𝘢 𝘬𝘰𝘩𝘦𝘸𝘢𝘵𝘩 𝘢𝘮𝘢𝘳𝘶𝘸𝘢𝘬 𝘯𝘢"
"Mmp Nishantha","https://www.facebook.com/mmp.nishantha.94","There ammata kukapiya"
"තිත්ත ඇත්ත","https://www.facebook.com/people/%E0%B6%AD%E0%B7%92%E0%B6%AD%E0%B7%8A%E0%B6%AD-%E0%B6%87%E0%B6%AD%E0%B7%8A%E0%B6%AD/pfbid0EDJdoep6cnN1dGzm1mAXUaG9uSH2b4AKFfoHnUkZdehyh6a6i67Sb3LboBS4C3B7l","මූ අර මුගේ උපන්දිනය දවසේ dance කරපු එකා නේද සුද්දො එක්ක😅😅😅😅 මෙවැන් එහුන්ටත් මයික් අල්ලන රට හරක් තවම ඉන්නවා නේද😅😅😅"
"Johon Nikolah","https://www.facebook.com/people/Johon-Nikolah/pfbid0d1wxxAQc6uvqgs9dBXWC9xfFirQKbRS6hYxYqQjKzhy4son4LZP2DFqumz2TPV81l","කොච්චර කිව්වොත් මේ රටේ සමහරු මේ වගේ හාමිදුරු කට්ටිය හින්දා තමයි මිනිස්සු අතරෙ වෙනස්කම් ඇති කරන්නේ. මේ රටේ ලක්ෂ ගණන් හාමුදුරු ඉන්නවා හරියට බුද්ධාගම ඒ ඉගෙනගෙන හොඳ දේවල් මිනිසුන්ට කියල දෙන කට්ටිය මේ ලංකාවේ රටේ නීතියක් තියෙනවා දෙමළ මුස්ලිම් ජාතිකයෙක්ට අගමැති හෝ ජනාධිපතිකමක් වෙන්ඩ බෑ කියලා. ඒක මුලින් දැනගන්ඩ අනිත් එක මේ රටේ තෙමල මුස්ලිම් සිංහල කතෝලික මිනිස්සු සාමකාමීන් සතුටින් ජීවත් වෙලා ඉන්නවා. කවදාවත් මේ රටේ මුස්ලිම් මිනිහෙක් මුස්ලිම් මිනිස්සු තමන්ටම ඕනේ කියලා තම රටක් වෙන රටක් ඉල්ලුව නැහැ. ලංකාවේ සෑහෙන ප්‍රදේශවල් වල මුස්ලිම් ව්‍යාපාර ඉදිරිපත් වෙලා තියෙන්නේ ඉස්සරහට වෙලා තියෙන්නේ ඒග මුස්ලිම් මිනිස්සුන්ගේ කඩේකට ගියා නං ඒගොල්ලෝ ඒ මිනිස්සුන්ට සලකන විදියත් ව්‍යාපාර කරන විදියත් වෙනස් ඒක හින්දා මුස්ලිම් මිනිස්සු ව්‍යාපාරවල්වල පොඩ්ඩක් ඉදිරියට ගමන් වෙලා ඉන්නවා. ඒකත් සමහරු සිංහල කඩවල් වෙලා ඒ වගේ දේවල් වෙනවා. අනිත් එකත් දැනට මේ වෙනකන් රටේ පොඩි පොඩි ප්‍රශ්නවල තිබ්බනම් ඒක රජය විසින් බලාගන්නවා පොලිසියේ ඉන්නවා ලංකාවේ හමුදාව ඉන්නවා. අවුරුදු තිස්පහකින් පස්සේ මේ රටේ දැනට මේවා ගැන නිදහස් වෙලා තියෙනකොට ආයි කවදාවත් මේ වගේ දේවල් පන්සලක් ඉඳගෙන මිනිසුන්ට කියලා මිනිස්සු අතරේ වෙනස්කම් ඇති කරන්ඩ එපා. මිනිස්සු පන්සල් වලට එන්නේ හොඳ දේවල් අහන්ඩ බුද්ධ ධර්මයත් කියලා තියෙන්නේ මිනිසුන්ට හොඳ දේවල් කියලා දෙන්න තවත් ආගම ගැන වැරදි කියන්න නෙමෙයි. ඒක හ ඇත්තටම මේ ලංකාවේ කියන්නේ ලස්සන රටක් හැම කට්ටියම හැම මිනිස්සු ආගම ජාතීන් නැතුව සතුටින් ජීවත් වෙනවා. ඒ එකමුතුකම අපිට දකින්න පුළුවන් මොකක් හරි ගංවතුරක් නැත්නම් මොකක් හරි විනාශයක් ආවොත් තමයි එකඟ වතුර ආපු වෙලාවේදී දහස් ගණන් සිංහල මිනිස්සු මුස්ලිම් පල්ලි වලට ගිහිල්ලා හිටියා නම් ඒ වගේම තමයි සිංහල මිනිස්සුත් මුස්ලිම් මිනිස්සුන්ට හුදව් කළා ආගම බේගයක් නැතුව ගංවතුරු කුණාටුව සුනාමි ඒ වගේ දේවල් වලින් අපිට බලාගන්ඩ ලැබුණා. කවදාවත් ආයි මේ රටේ පල්ලමට දාන්න එපා. තමන් තමන් තමන් තබගේ පාඩුවට වෙලා හැම ආගම මිනිස්සුත් එක්කම ජීවත් වෙනවා පිටරට වෙලා ජීවත් වෙන මිනිස්සුත් දෙමළ මුස්ලිම් කතෝලික සිංහල වෙන්න පුළුවන් එක පිඟන් එකේ කාලා සතුටින් ජීවත් වෙලා ඉන්නවා. කවදාවත් පන්සල් එකේදී ඉඳලා මේ වගේ දේවල් කියලා මිනිස්සු අතරේ වෙනස්කම් ඇති කරන්ඩ එපා. මේ ලංකාවේ කියන්නේ ලස්සන රටක් අපි ඒක රැක බලා ගන්න ඕනේ. කිසි ආගම ජාතියක් නැතුව මේක ඉදිරියට ගෙනියමු"
"Malidu Hu","https://www.facebook.com/people/Malidu-Hu/pfbid0M1fP7VAGxipz2f79EZfvf2XyqmUMHpY2Bku6UNkJ3QgksBTmQspDjrUThWA8caagl","GAHAPAN PAKO ATHE HUTHTHIGE PUTHA"
"Priyanthi Ududumbara Gadumaliyadde Gedara","https://www.facebook.com/people/Priyanthi-Ududumbara-Gadumaliyadde-Gedara/61582520943905","දිව්‍යලෝක. Ne.අපාය.Ne.newata.epdimkne.kiwe"
"Kp Kumara","https://www.facebook.com/kp.kumara.900109","යකො කුඩාපොල හාමුදුරැවො අරක්කු බිල වාහන එලවල පිස්සු කෙලියෙ නැ. ගන්ටාරෙ ගහපන්   උඹෙ කකුල් දෙක අස්සෙ තියන එක.හොදට දෙපැත්තට වදින්න හොල්ලපන්."
"Ghksuranga Ghds Damsara","https://www.facebook.com/people/Ghksuranga-Ghds-Damsara/pfbid0LqPy8SDThPjSduky7bdDXZVKXm4D5AAYnMVCvt1dhrMr2jPT1WamAMh8JmXUGbpzl","Mungen BUDU SASUNA BERA GAMU,"
"Shan Peiris","https://www.facebook.com/shan.peiris.2025","බුදු දහම කනව මේ ගොල්ලො සිවුර නැතිව එන උන්ට දෙන්න ඕන"
"Rifan Mohamed","https://www.facebook.com/rifan.mohamed.771","හයියෙන් ගහන්න අපිට නැගිට්න්න 😄🤣🤣"
"Buddika Buddika","https://www.facebook.com/buddika.buddika.578634","ගණින්නාන්සේ කෙනෙකුගේ මොන උපසම්පදාවක්ද?"
"Nadiranga Lakruwan Baranasuriya","https://www.facebook.com/nadiranga.lakruwan","බයි සාදුලා ගොඩ..🤤"
"Asanka Samarakkody","https://www.facebook.com/asanka.samarakkody.1","Ela ban ela🔥😂😂"
"Nimsarapriyantha Priyantha","https://www.facebook.com/nimsarapriyantha.priyantha","ඇයි සක්කිලියෝ තො ගලබොඩ හිරේ ගියාට කැගහන්නේ උභ දැක්කේ නැද්ද උඩමලුවේ සදු පොටි ලමයේක් දුසනය කරන කොට තෝ හිටියේ කොහෙද පකෝ"
"Vidusha Hasaranga","https://www.facebook.com/vidusha.hasaranga.2025","🤣අම්බෝ අම්බෝ මුංගෙ සාසන රැකිල්ල"
"Siril Athapttu","https://www.facebook.com/jananirma","සසනේ බලු බෙට්ට"
"Layla Peiris","https://www.facebook.com/LaylaPeiris","මුන්ට දුකක් නෑ අරයා හිරේ ගියාට මුන්ට ඔනේ මිනිස්සු කුලප්පු කරලා ආණ්ඩුව පෙරලන්න ..😂😂😂මූවත් අල්ලල හිරේ දාන්න ඔනේ අධිකරණ තීන්දුවකට විරුද්ධව මිනිස්සු කුලප්පු කරනවට"
"Upamantha Upamantha","https://www.facebook.com/upamantha.rox","පුක දිපාන් පොන්නයා"
"Karunasena Heethagale","https://www.facebook.com/karunasena.heethagale","ගහපිය. තොගෙ. ඔය. එල්ලෙන. ගංඨාරෙ. නාකි. ගැහැණියෙකුටවත්.. පිං. බතා."
"Siraj Asrana","","රෙවිලා ඉන්නේ...😁"
"ෂාන් නුවන්ත බංඩාර","https://www.facebook.com/shen.bandara.2025","වරෙන්කෝ ඇට දෙක එකට හප්පල සද්දයක් දෙන්නම් බොලාලගේ"
"Kumara Kumara","https://www.facebook.com/kumara.kumara.615813","ඝණ්ඨාරෙ වදින්නෑ දැං"
"Weeratunga Udaya","https://www.facebook.com/ranga.udayashan.weerathunga","😂😂😂😂😂😂😂 මැදමුලනේ දන්කුඩා"
"Induruwage Don","","නිධන් හොරා"
"Tilak Arachige","https://www.facebook.com/profile.php?id=100048392620331","Pala gona thota ona nam gaha ganin"
"Sadun Sankalpa Sk","https://www.facebook.com/people/Sadun-Sankalpa-Sk/pfbid0AWNxSoVdazbGih4xjqw6ACajSy6tdhcn7ikif3xMSFHjNssNZi6w96e8kXxmUhYHl","ඉස්සෙල්ල තිත්ත ගල් යානන්ද සිරිය මහණ කරන්නන"
"නෙලුම් කුමාර","https://www.facebook.com/2y6ot111aj","අපි බලන් ඉමු ගන්ටාර ගහාන හැටි ලංකාවෙම මිනිස්සු අවදියෙන් ඉන්න කොයි පන්සලේද ගන්ටාරෙ ගහාන්නෙ කියල"
"Ruwa Ruwa","https://www.facebook.com/ruwa.ruwa.148","සිවුර දාගෙනම ද දන්නේ නෑ ගෑනුත් එක්ක බුදිය ගන්නේ  ඉස්සෙල්ලාම මූට මහණ වෙලා ඉන්න කියන්න ඕනේ 2018 මූ කොහෙද දන්නෑ හිටියේ එතකොටත් ජම්පරේ ගාගෙන තමයි ඇතුලේ හිටියේ එතකොට මුං එකෙක්වත් කටඇරියේ නෑ"
"Chathura Prabashwara","https://www.facebook.com/chathuraprabashwara123","මරණ දඩුවම දෙන්න කියලා  නේද මේ කියන්නේ... පුදුම ඩයල් 🙊😂"
"Aruna Kumara","https://www.facebook.com/people/Aruna-Kumara/pfbid0K9sYHTEifGtuxkicr75it3GpeLAQJ168fn1dF1h7vuC4qahqT5VtCS31x3qVHiZpl","අපිට  සොක නැ"
"Shan Munasinghe","","ආටක නාටක 😂"
"පොඩි サミー","https://www.facebook.com/people/%E0%B6%B4%E0%B7%9C%E0%B6%A9%E0%B7%92-%E3%82%B5%E3%83%9F%E3%83%BC/pfbid02tyPpoamjWkJex4HSb2L4a8evUXsmGKViFztDYhq9NCdGR73KzQf3aiJHf7HgzCm6l","අර හාමුදුරුවන්ට call කරල බනිනකොට උගේ සිවුර අමතක වුනාද.. අනේ පලයන්."
"Jeewan Sugandika Hettiarchchi","https://www.facebook.com/sathvi.sugandika","අපේ පන්සල් වල ඉන්නේ ජේවීපයකට කඩ යන හාමුදුරුවෝ"
"Jagath Kumara","https://www.facebook.com/jagath.kumara.815237","ගන්ටාරේ ඔතනම ගැහුවානම් එහෙ නම්.😂😂"
"Rizvi Thalip","https://www.facebook.com/rizvi.thalip.1","ගිනි තියා ගන්න කව් රුත් නැද්ද"
"smith kumara","https://www.facebook.com/people/smith-kumara/61589431847452","පල පින්බතා යන්ඩ ගහපිය තොගෙ පක පොලවෙ කාලකණ්ණි පො"
"දම්පති ජයවර්ධන","https://www.facebook.com/t1flzyp7ym","තව හයියෙන් විලාප තියපන් 😂 ඔය විලාපය අහන්න තමයි අපි මීට අවුරුදු දෙකකට කලින් කතිරේ ගැහුවේ 💪👈"
"Maureen Noor","","අනිවාර්යයෙන්ම"
"Sandun Pushpakumara","https://www.facebook.com/sandun.pushpakumara.1671","Ehema wela nh shokayak apita 😂"
"Chamuksha Januth","https://www.facebook.com/chamukshajanuth","කාලකණ්ණි 🫠"
"ජයතිලක ජයතිලක","https://www.facebook.com/profile.php?id=61576631387401","බෙරැවට කැගන්න එපා චිවරය දගන කරන හරියක් කරන්නෙ හෙර වැඩයි"
"Jayarathna Vidanagamage","https://www.facebook.com/people/Jayarathna-Vidanagamage/pfbid025BrqzH7FMMWRpDYmEoWGjaHqyhoUDFmE29xyyBc3tbKLobN5gXXkEm15Z11mKeFyl","මේ පාවිද්දෝද නෑ පාවිටු පැවිද්ද"
"Kavidu Max","https://www.facebook.com/people/Kavidu-Max/pfbid02utMuTspRmneHTBiFEKWzx1DHNzg41y5cVVXata4XBvkLgXSrFbGKTjjJEoRusFkzl","මොනා කරත් රජා ගොනා වගේ ඉන්න ඕනද"
"Kevin Fernando","https://www.facebook.com/people/Kevin-Fernando/61580507818746","අර උක් ගොවියා පිටි පස්සේ. 😆😆😆 මුං ඔක්කොම එකම බැජ් එකේ😆😆😆"
"Priya Liyanage","https://www.facebook.com/priya.liyanage.2025","Ay ape hamuduruwane rate neethiya kriyathmaka karanna dennathhhe"
"Kalutarapiyaratana Taro","https://www.facebook.com/people/Kalutarapiyaratana-Taro/pfbid0257VTEwHANpsX6RLsp6n1FSx66Qi8WiqWzjkjpShcj1dmr4bDXRKyGg1hEi6VZ2ypl","සබ්බදුක්ඛනිස්සරණ🔥"
"Anushka Sathsara","https://www.facebook.com/anushka.sathsara.58","අපි ඉන්නවා හාමුදුරුවෝ,,, ආයෙත් අරගලයක් පටන් ගන්න වෙයි වගේ"
"Amal Prasad Samaraweera","https://www.facebook.com/amal.p.samaraweera","මේ අර තන්තිරිමලේ නිදන් මංකොල්ල කාල එක පාරක් හිරේගිහින් නාමල් බේරගෙන ඇවිත් ඉන්නකොට පංසල ඉස්සරහ ප්‍රධාන පාරක් වහල ආයෙ හිරේ ගිය මෑන් නේද??? 😂"
"Ruwan Abeyrathne","https://www.facebook.com/ruwan.ruwan.13448","උබල මොනව ගැහුවත් උබලටමයි වදින්නේ."
"Iresha Sadamali","https://www.facebook.com/iresha.sadamali.803525","ඥානසාර හාමුදුරුවන්ගේ  සිවුර බන්ධනාගාරයෙන් ඉවත් කරපු එක වැරදි නම් මේ වගේ ගෑණු ඉස්සරහ ගලවලා ඉන්න එක හරිද ...ඔය කියන නිකායන් වල මේවට නීතියක් නැද්ද... ."
"Dihan Nadeesha","https://www.facebook.com/profile.php?id=100021594198215","විනාඩි 15 ඝණ්ටාරේ ගහපු පන්සල් වලට ඊට පස්සෙ හම්බකරං කන්න වෙන්නෙ. දායකයින්ගෙන් නං දානෙ ලැබෙන එකක් නෑ."
"Sujith Jeewantha","https://www.facebook.com/sujith.jeewantha.33","සිවුරට දෙන ලොකුම ගෞරවය තමයි නුසුදුසු අයගෙන් ඒක ගලවන එක."
"Srimal Kariyawasam","https://www.facebook.com/profile.php?id=100012411783369","ඝන්ටාරේ ලොකුද ...😆😆😆😆😆😆"
"Mohamed Irshad","https://www.facebook.com/people/Mohamed-Irshad/pfbid02zEXYMqW3NzPvYLPQGPLafx5tSEHhWjvtvgpCecGWkk6p4bKBWyRRL2V35C91oQ9Yl","අමු කැවිල ද බූරුවෝ 😂"
"Duminda Fernando","https://www.facebook.com/duminda.fernando.1804","නටන්න පුරුදු වෙලා එන්න."
"Dayananda Perera","https://www.facebook.com/people/Dayananda-Perera/pfbid028EfsKAPGYXVJrkT1JezcZYPtALz4VhwkrqU2DDuegwfgYpuAAFzXV4GRh4v6GvjPl","Munthamai.rate.winadeta.mula"
"Supun Priyankara","https://www.facebook.com/sulan.peshaka.33","මෙන්න කාලකන්නියාගෙ කෙරුවාව"
"Chamal Prasanna Deegoda","https://www.facebook.com/deegoda.chamalprasanna","මොනවද යකෝ බොරු ඇක්ටින් තිත්තෙ.. නිකන් ගානට ඉදපන් .. 🤣🤣🤣"
"Ruwan Asiri","https://www.facebook.com/asiri.asiri.319","හයියෙන් ගහන්න ඔනිද"
"De Wa","https://www.facebook.com/people/De-Wa/pfbid02shgDyYgm2WZfJ5s8Ntb6T84zhXLTvd5m7foVVurKGp5cKryC7Hy7N3cRr3Q8hLn8l","Meka ponna pakayata pissu"
"Aman ザキー","https://www.facebook.com/aman.zayan.9","Aneee please epa. Ppl not fool"
"Nilan Anjana","https://www.facebook.com/nilan.anjana.452125","𝐀𝐧𝐚 𝐩𝐚𝐥𝐲𝐚 𝐩𝐤𝐨𝐨 𝐲𝐚𝐧𝐧𝐚"
"Sanath Fernando","https://www.facebook.com/profile.php?id=100018844087849","කුඩාපොල හාමුදුරුවන්ට අපහාස කරන්න එපා මදාවියෙක් දාල"
"Hasitha Maduranga","https://www.facebook.com/hasitha.maduranga.1291","අනේ සාදූ... මහින්දගේ ගෝලයෙක් පස්සෙන් තියාගෙන නේද බයිලා ගහන්නේ.. 😂😂"
"Harry Rodriguez","https://www.facebook.com/4146s","Adikaranaya suwadeena na. Eka palawatte shakawak. Kalakanni jeppo ratinma athugala Danna ona. Sakkillima jathiyak jeppo. Bbq Tama Danna ona."
"Sampath Rathnayaka","https://www.facebook.com/sampath.rathnayak.7","Gon wasso"
"Thilak Waduge","https://www.facebook.com/profile.php?id=100074391525340","අනේ පගයෝ උඹ පාටි දාන වෙලාවට සිවුර ගලෝපු එකානේ. මගුලක් කතා කරනව. ටැග් එක ගහගනින් පුකේ."
"Chanu Malli","https://www.facebook.com/chanu.malli.75340","සතියයි සේරටම අමතකයි පවු ඉතං😷😷😷"
"Nirosha Weediyage","https://www.facebook.com/profile.php?id=100003305343435","මේ අනිත් හෝරා"
"Madusanka Rathnayaka","https://www.facebook.com/kumara.rathnayaka.124466","සාධු 😂"
"Ramesh Dhilshan","https://www.facebook.com/ramesh.dhilshan","අමෝ....අම්මෝඕඕඕ.....කලබලේ 😂😂😂😂😂"
"Jothi Pala","https://www.facebook.com/antan.rosiro","හාමුදුරුවෝ  දරුවෝ  අරන්  අද udata එනකොට  thopi kohoda hitiye parayo"
"Sesco","https://www.facebook.com/ssq.sesco","අඩෝ හූ..."
"HR La","https://www.facebook.com/hameed.riyad.7","Pala thattayo yanna,,Holawapan ubey 3"
"Priyantha Ekanayaka","https://www.facebook.com/priyantha.ekanayaka.9889","මෙහෙ පන්න්සල්වලනන් ඔහොම දේවල් වෙන්නැ.😂"
"Udara Umc","https://www.facebook.com/people/Udara-Umc/61558253259983","කටේ හැටි.මුන් හොද සාසනේට නෙවෙයි ."
"Sunith Hemapala","https://www.facebook.com/sunith.hemapala","සරම ඇදගෙන  ඇවිත් ගන්ඨාරෙ  ගහන්නම්"
"Randunu Bamunu","https://www.facebook.com/bamunuaratsuchiragerandunu","පස්සලට ගිහින් බුදිය ගනින් 🤣🤌"
"Raji Diyana Abeywardana","https://www.facebook.com/raji.abeywardana","Buranne natuwa palayan yanna thoge baila minissu ahanna siwurata sudusu nati nam galawanna ona pala yanna thittaya"
"Kumara Kumara","https://www.facebook.com/people/Kumara-Kumara/pfbid02jvy4aNXyUxJhg2R8KM5Ut4ynM6xrYYdBRi9pxVPazixRXAvTzt6c6ft8n3Un6JWal","අනේ පල නිදන් හොරා"
"Dilshan Dissanayaka","https://www.facebook.com/rasika.rasikadilshan.9","උක් ගොවියත් ඇවිල්ලා 😂"
"Dinesh Mdr","https://www.facebook.com/profile.php?id=61560051453940","සිවුර ගලවල බඩුටිකයි අරක්කුටිකයි ගැහුවහම ගන්ටාරෙ ගහන්න ඕනිද"
"Sumedha Sumedha","https://www.facebook.com/sumedha.sumedha.212561","කට වහපිය කැරි ගනයා"
"Vajira Kelum","https://www.facebook.com/vajira.kelum1","අපේ පන්සල්වල හාමුදුරුවරු මිසක් පොල් බූරුවෝ නෑ තෝ වගේ"
"Sampath Udasri","","මූ ප්‍රැක්ටිස් කරනකොට පු₹ට බොක්සිං පාරක් වැදිලා 🤦🏻‍♂️"
"Sudath De Silva","","වැරදි වැඩ කරන සංඝයාට ජම්පරේ මිසක් වෙනස් දෙයක්  නැහැ"
"Rmt Senanayaka","https://www.facebook.com/rmt.pushpa","මේ කනවැන්දුම් බල්ලා කව්ද බං ජංගියක් දෙන්න ඔනේ මුට"
"Geethanjana Perera","https://www.facebook.com/geethanjana.perera.1","උග් 😂😂😂ගොවියා ඉන්නවා😂😂😂"
"Jayasundara Senarath","https://www.facebook.com/people/Jayasundara-Senarath/pfbid0kv5spMXAccoRrKjHny6EwvzooaehDd3jck1um9uZwiztwEmoneoToASESQ7zw9AYl","මුගෙ නඩු 14ක් නැවත කැඳවීමක් කරන්න එතකොට මුගේ සිවුර ගලවන්න පුළුවන්"
"Shaluka Kasun","","සිවුර බලු වි නැත බල්ලෝ සිවුරට ඇවිත් ඇත😂"
"Asantha Chamika Weerasinghe","https://www.facebook.com/profile.php?id=1247158362","Hora wesige putthu mun haamuduruwo newei ..hitapu unge 💩💩💩💩💩kaaapu 🐖 pakayo🤣🤣🤣"
"Wasantha Jayathilaka","https://www.facebook.com/wasantha.jayathilaka.129","Puka deepnko httge පුතා 😁😁💩"
"Lasantha Nissanka","https://www.facebook.com/lasanthanissanka","ඝණ්ටාරෙ ගහගනින් පුකේ කාලකන්නි"
"ඩුබායි ජිවිතේ","https://www.facebook.com/w4j3ws1vms","Pala wesige puto yanna ponna hukanna"
"Kasun Chandima","https://www.facebook.com/kasun.chandima.48803","මෙදත් මුන්නාන්සේ විරෝධය පෑවද ???"
"Menaka Apsara","https://www.facebook.com/menaka.apsara.5","ඉතිං භික්ෂූන් වහන්සේලාත් දැනගන්ඩ එපැයි සිවුරේ ගෞරවය තියාගෙන ජීවත් වෙන්ඩමෙයාලම බොරුවට මිනිස්සුන්ව කුලප්පු කරනවා මෙයාල කෑ ගහන්නෙ සිවුර ගැන හිතල නෙවෙයි මෙයාල දැන් දන්නවා යන රටාව මෙයාලට අවුල් කියල"
"W Ranga Kumara Perera","https://www.facebook.com/wrangakumara.perera","රටෙහි ප්‍රශ්ණ විකුණගෙන කන උන්"
"Sudeera Jayawardena","https://www.facebook.com/profile.php?id=100086293085569","උබේ කකුල් දෙක අස්සේ තියෙන එක තමයි ගහන්න වෙන්නේ😂"
"Shantha Premalal","https://www.facebook.com/shantha.premalal.2025","ඉතිහාසය පටන්ම සිංහල ජාතිය විනාශ කලේ මේ පූජකයන්ය උන් කැමති එකාට රජකම දෙන්න නොකල කුමන්ත්‍රණයක් නැත දුර්වලයො රජ විය ජාතිය විනාශ විය හොදම උදාහරණය ගෝතාභය නම් ගෝතයෙකු උන්ගේ කැමත්තට රජ කරවා රටම බංකොලොත් කලේය"
"Chaminda Wijenayake","https://www.facebook.com/people/Chaminda-Wijenayake/pfbid0CAA4bn35cDEU2V2Jo9Xh22chFxg3Vkz5DdydTnHKW4hj3TJo4N4siwHmxSp3gU1xl","නැමොලයාගේ ගෝලයෝ 🤣🤣🤣"
"Maduranga Eai","https://www.facebook.com/ishal.maduranga.9","උබේ ගාඨාරය තමයි ගහන්න ඕනේ 😁"
"Sanjeewa Pathiranage","https://www.facebook.com/people/Sanjeewa-Pathiranage/61576914910748","Ane palayan ponnaya"
"Dinesh Pathinayaka","https://www.facebook.com/dinesh.pathinayaka.56","ගහගනින් ටැග් ලයින් එක පුකෙ"
"Ranjith Bandara","https://www.facebook.com/ranjith.bandara.47819","පලයන් පර ඒසිගේ පුතා."
"Sarath JM","https://www.facebook.com/people/Sarath-JM/pfbid02pq8bCUiTG8yy2H1vVX44kfCqGSJSMV8VHB99PxpMHXncL5m72Lx3m69PE8NEB2Byl","මේ ගනයා වහාම අත්අඩංගුවට ගන්න."
"Sanjeewa Pushpakumara","https://www.facebook.com/sanjeewa.pushpakumara.984978","uba mokedda ගණය"
"Kumara Sri","https://www.facebook.com/people/Kumara-Sri/pfbid02o9HBe87VHTqVvPearCu6TtX1ruR83hJxgWnSUYU648WRBQ1MHbHcYkaYauh56UnEl","එකෙක් යනකොට තව  ගු  කන බල්ලෙක්  ඉස්සරහට පනිනව මුන්ට  නිකන්  ඉදලා කන්න දෙන්න  හොදනැ"
"Mahesh Chathuranga","https://www.facebook.com/mahesh.chathuranga.54379236","💁""අපගේ මහාමොග්ගල්ලානයන් වහන්සේට නම් වුණේ සිදු නොවිය යුතු දෙයක්... මෙතරම් මහත් සෘද්ධි බලයකින් හිටපු මහෝත්තමයන් වහන්සේගේ අවසාන මොහොත මේ විදිහට, මෙතරම් අසාධාරණ ලෙස (හිංසා පීඩා විඳලා) සිදුවුණේ ඇයි?"" ලෙස උන්වහන්සේලා අසල්වැසි සතුරන්ගේ ක්‍රියාව ගැන දැඩි කණගාටුවෙන් හා ප්‍රශ්නකාරී ලෙස කතා කර ගත්හ.    ​2. බුදුරජාණන් වහන්සේ දුන් පිළිතුර: ​බුදුරජාණන් වහන්සේ භික්ෂූන් වහන්සේලාට වදාළේ ""මොග්ගල්ලානයන්ට කිසිදු අසාධාරණයක් වී නැත"" යන අදහසයි.   ​බුදුරජාණන් වහන්සේ පැහැදිලි කළේ:   ​""මහණෙනි, මොග්ගල්ලාන වැනි උතුම් රහතන් වහන්සේ නමකට මෙဲ့ම මරණයක් සිදුවීම කිසිසේත්ම අනුමත කළ නොහැක්කක්, බැලූ බැල්මට එය නුසුදුසු දෙයක් තමයි.""   ​එහෙත්, මෙහිදී කිසිදු අසාධාරණයක් හෝ අನ್ಯයන්ගේ අයුක්තියක් සිදුවී නැත; එය උන්වහන්සේ විසින් අතීත සංසාරයේ (කෙළවරක් නැති අਤੀත ආත්මයක) කරන ලද අකුසල කර්මයක විපාකයක් පමණක් බව බුදුරදුන් වදාළ සේක.   ​(එම අතීත ජාතියකදී මුගලන් මහ රහතන් වහන්සේ, අඹුසැමියන්ගේ කේලම් අසා තමා හැදූවැඩු අන්ධ මව්පියන් දෙදෙනා වනාන්තරයකට ගෙන ගොස් සොරුන් මෙන් පහd ක කොට මරා දැමූ පව නිසා, ආත්ම බොහෝ ගණනක් නිරය දුක් විඳ ඉතිරි වී තිබූ කර්ම විපාකය මේ ආකාරයෙන් අවසන් වූ බව බුදුරජාණන් වහන්සේ පෙන්වා දුන් සේක).   ​කෙටියෙන් කිවහොත්, බුදුරදුන් දේශනා කළේ බාහිරින් පෙනෙන ලෙස එය අසාධාරණ මරණයක් ලෙස පෙනުනද, කර්මානුරූප්ව බැලූ කල කිසිවකුට තම පෙර අකුසල කර්මයෙන් බේරීමට සෘද්ධි බලයකින් හෝ නොහැකි බවයි.  🙏"
"Ishara Madushan WG","https://www.facebook.com/ishara.madushan.9256","Siura galawala Badu Gahanna hodai 🤣😂"
"Wasalla Wasalla","https://www.facebook.com/people/Wasalla-Wasalla/pfbid022es1JFbVvjrB5RDtGoSCHauTJumfSxNG48uBRMLm4wRfvE5DKH15q9BQWka9iniel","තොපිහාමුදුරුවො නෙවෙයි තොපි  දෙවදත්තල"
"Nimna Ekanayaka","https://www.facebook.com/people/Nimna-Ekanayaka/pfbid0dcna4pAiFcx1WEBBmaquRr4o8P3z5akeTZjTKxWevb8dVfG6zSHZRQwPF52fVFw9l","අන්න උක් ගොයියත් ඉන්නව 😂"
"Sunil Sunil","https://www.facebook.com/people/Sunil-Sunil/pfbid0w9KCeUt3Mh4i3PezAjnTjKkWMpjrNJG13MHgembLwmeHQjz5pxRJ6iRWat2VUzj7l","හාමුදුරු. ගොල්ලෝ මේවනතුරු. රට‍ට. කරපු එක. වැඩක්. කියන්න පුළුවන්ද"
"Sampath Basnayaka Sampath","https://www.facebook.com/sampathbasnayaka.sampath","සිරිපාදේ ගන්ටාරේ හොරකම් කරලා ...දැන් තියෙන්නේ උබේ වල්ල එල්ලලා ගහන්න ..."
"Kavinda Wannisekara","https://www.facebook.com/kavinda.wannisekara","Pissu hu…..k"
"Playguy Play","https://www.facebook.com/playguy.play.2025","Nuwara Race padiddi koheda hitiye"
"Danushka Nuwan","https://www.facebook.com/people/Danushka-Nuwan/61571879924289","යට තියෙන  ගන්ටාරෙ හොල්ල ගනින් හොර හැත්ත"
"Ranga Thiwanka Yattogoda","https://www.facebook.com/ranga.yattogoda","ජාතිවාදය ඇවිස්සීම"
"Liyanage Ajith Priyantha","https://www.facebook.com/liyanage.priyantha.54","අනේ පල ….."
"Amw Adikari","https://www.facebook.com/amw.adikari.2025","තොට පිස්සු උනාට අපට පිස්සු නැ  සිවුරෙ ඉදන් බලුවැඩ කරන එක හොදද"
"Mihindu Paul","https://www.facebook.com/mihindu","රෙද්දෙ ආගමිකයෝ"
"Ariyabandu Theo","https://www.facebook.com/ABTHERO","අනේ මේකා කියන විදියට සිවුරු ඇරලා දරු පවුල් ඉන්න එවුන්ටත් මහණකම නැතිවෙලා නෑ වගේ..."
"Methula Athsara","https://www.facebook.com/ThaDi100K","ඇත්තම කතාව කියනවා නම් අපි හාමුදුරුවොන්ට වදින්නෙ එකෙ ඇතුලෙ මනුස්සයාට නෙමෙයි සිවුරට,සිවුර දාගෙන කරන්න පුලුවන් වැරදි කරලා ඒවා ඔප්පු උනාට පස්සෙ දැන් කෑ ගහන්න එපා 😂"
"තනිකඩ හිත","https://www.facebook.com/people/%E0%B6%AD%E0%B6%B1%E0%B7%92%E0%B6%9A%E0%B6%A9-%E0%B7%84%E0%B7%92%E0%B6%AD/pfbid02LB4cJ5QQQYHnqADFZj1tMQhFG5DTN6fJXMrqSuWhckSURU2UVwsTfoF6ptWzeeDnl","බඩු ගහල කුඩු ගහල බුද්ධාගම විනාශ කරා බල්ලො තොපි සිවුරු දාගෙන"
"Nishantha Karunarathna","https://www.facebook.com/nishantha.karunarathna.127","අපේ ගමේ ගන්ටාරෙ රාජපක්ෂල ගලෝගෙන ගිහිං"
"Nimal Premarathna","https://www.facebook.com/nimal.premarathna.9440","කුඩාඔල කවුද තොපි කවුද මුට පාඩමක් ඉගැන්නුවේ නැතිනම් පුතෝ සාස්සනේ සොරි  පන්සල්වල ගන්ටාර ගහන්න එන උන්ට පඩමක් උගන්වමු"
"Aveen Perera","https://www.facebook.com/people/Aveen-Perera/pfbid0mwc2t3VSR42CbVDKAfZeVTzSYCSjLL8oMuVPX2edLeUKMmqbz4GwqbHyfw5axJLql","චීවරේ දාගෙන අරක්කු ගහන එක බඩු ගහන එක හරිද රෑට රෑට අනේ පල ගොතයා"
"Lakshman Gamage","https://www.facebook.com/lakshman.gamage.7564","උබෝකාපන්"
"Pubudu Maduranga","https://www.facebook.com/pubudu.maduranga.22029","ආවාස ගෙ ඇතුලට ළමයෙක් ගනිද්දී මෙච්චර සද්දේ තිබ්බේ නෑ නේද හාමුදුරුවනේ"
"Nirmal Prasanga","https://www.facebook.com/nirmal.prasanga.58","හොල්ල ගනින් තොගේ වල්ල"
"Buddika Prasad","https://www.facebook.com/buddika.prasad.188736","අනේ හුකයි 🍌"
"Sohan Madushan","https://www.facebook.com/profile.php?id=100006243092279","අපි නම් සතුටින් මුන්ට බල්ලන්ට වගෙ ගහල පන්නන්න ඕනෙ"
"Yomesh Sadaruwan","https://www.facebook.com/people/Yomesh-Sadaruwan/pfbid0aFr3m3y17aUhmxbWwimr1qUQ4uJwmbpYCKoo5nsbfU2UzYScJHraXYBxKj8JA2xgl","අනුරට ජන්දෙ දිලා කෙල වුණම ඔහොම තමයි කවුද බන් අනුරට ජන්දෙ දෙන්නෙ දුන්න ගොන්නු නිසා තමයි හැම දෙම කොහොමත් අනුරයා රට කලා යන්නෙ බලපන්කො රටට වෙන දේ"
"Chinthaka Pathirana","https://www.facebook.com/chinthaka.pathirana.915379","මූසලයා"
"Ranjith Kumarasinhe","https://www.facebook.com/people/Ranjith-Kumarasinhe/pfbid0281TRze4YD5ZntdMFqDHYmYkinhUCLMvXeo6z7pPGumRqjmG56Yzk3zEMksNuRhrGl","කුඩා පොළ හාමුදුරුවන්ට අපහාස කරන කහකඩයෝ"
"Wimal Jayasooriya","https://www.facebook.com/wimal.jayasooriya.1","රාජපක්ෂලාගෙ හොර කල්ලියටසම්බන්ධ සියලූම පන්සල්වල ඝණ්ටාරේ ගහන්ටලා😀😀😀😀"
"Mahesh Chathu","https://www.facebook.com/mahesh.chathu.5030","අනෙ බොල පකො තොගෙ මුනෙත් තියෙන්නෙ හොර කම ඇතුලට ගියපු එකට පාඩුවේ ඉන්න දිපං ගොං පිං පියා"
"Sampath Adikari","https://www.facebook.com/sampath.adikari.1426","අම්මගේ හුත්තක්"
"Thivanka Anandagoda","","තිත්තේ පෝං වේලා 🤣 ඒ පඩයක් ඇරල විරෝධය පාන්න බැරිද 🤣🤣"
"Shashika Shashika","https://www.facebook.com/people/Shashika-Shashika/pfbid02rnAUQEsC8HxjGegPbHxgPEYqFF4AJk6XqMQ97YKngyqW1HnDu7ZM5nuxnDHZmHeGl","මිනිස්සුම්ගෙ කාලා මිනිස්සුන්ට,කෙලවන තට්ටයො. සිවුර කියන්නෙ ඕන,ජඩ වැඩකට ලයිසන් එක නෙව්ව්ව්"
"Sarath Kumara","https://www.facebook.com/people/Sarath-Kumara/pfbid02nnkLEnakuhcaaBmZfnQGy1QDASv6TpXR5GAJWeRxTuoFcbvsDkLnKq48pKkXKvoYl","රාජපක්ලා ට පුක දීපිය  වේසා ගනගෙඩියා තෝත් හොරා කපු එකෙක් තමයි දායකයොන්ට කිසිම කලකිරිමක් නැ තෝ ගන්ටරේ ගහගන් පල්ලෙහා එක වේසා බල්ලා"
"Upul Nisanka","","මෙන්න මේ පාහර යගෙ අනිවාරෙන් සිවෘර ගලවන්න ඕනි."
"Sadaru Sadaru","https://www.facebook.com/people/Sadaru-Sadaru/pfbid0sguwmMJVxcL1zxQj6bUZKET1N8xwrPJT8mpNjviUZcpAgy1gUeGyqgNV3aewATn9l","අනිවාර්යෙන් අනුරයාගේ පච වලට අපි රැවටූනා"
"Susantha Zenith","https://www.facebook.com/susantha.zenith","තොපි සිවුර දාගන සක්කිලි වැඩ කලාට හැම පංසලකම හාමුදුරුවො සක්කිලි නෙවෙයි"
"Isuri Apeksha Dickson","https://www.facebook.com/isurie.dickson","පුලාන් දෙයක් කරපං...🤡"
"Kirthi Sinha","https://www.facebook.com/people/Kirthi-Sinha/pfbid035R5CQLtiQwS57spm627YHGbKnrxZPF7RF3Tid3ZiuGEYXy7W5mgxMDZHpujEYGMzl","අනෙ පල හොර ගනයා"
"Anura Cristoper","https://www.facebook.com/anura.cristoper","රෙවිලා නේද  හෝදා ගනිං"
"Rasika Lakmal Bandara","https://www.facebook.com/rasikalakmal.bandara.3","අනේ හුකේ 🖕🖕🖕"
"Lahiru Hettiarachchi","https://www.facebook.com/hiru12345","ඉතින් caරි ගනයො ඌට මරණීය දණ්ඩනය දෙමුකො 😂"
"Fæńķýý Ýáśhõđ","https://www.facebook.com/fnkyyyasho","තොපි තමයි මේ රට කැවේ ජති බේද ඇති කරලා ගංටරේ එල්ල ගනින් ඇට දේකේ🤭😄😁"
"Ghamni Vijeshri","https://www.facebook.com/ghamni.vijeshri","ගන්ටාරෙ බලපන් සිවුර වුස්සලා පකයා"
"Kapila Gayan Gayan","https://www.facebook.com/kapilagayan.gayan.35","මෝඩ ගනයො බලපන් මේ මිනිස්සුන්ගේ අදහස් ගියා"
"Jeewana Godahewa","https://www.facebook.com/jeewana.godahewa","පංසල් වල මජර දේශපාලය කරනවනම් රටේ නීතියට අධිකරන තීන්දු වලට අභියෝග කරනවනම් දානය දෙන්ඩ එපා"
"Kumara Gamage","https://www.facebook.com/chaminda.kumara.775","තොගෙ පුකේ ගහන්න ඕන ඝන්ඨාරෙ"
"Sampath Sampath","https://www.facebook.com/people/Sampath-Sampath/61554548490472","Kumara Gamage umbe ammage redda ussala gahapiya pakaya huthte gaantaarayak Aaye thoo  wage awalam ballo bihiwenna eapaa kiyala ponnayo"
"W Shantha Wellage","https://www.facebook.com/w.shantha.wellage","ඤානසාර එලියටදාලා  මේ තිත්තයා ඇතුලටදාලා සිව්රැගලවන්නඕන /මු පට්ට විසබීජයක් අපේ නිර්මල බුදුදහමට"
"Akila Prasanna","https://www.facebook.com/akila.prasanna.925","ගෙරි ඝණයෝ"
"Lakxman Bandara","https://www.facebook.com/lakxman.bandara.2025","අනේ බොරුවට කහින්නේ නැතිව හිටපන් පකේ හාමුදුරුවෝ"
"Fathima Rizana","https://www.facebook.com/people/Fathima-Rizana/pfbid0zyfc37XBX59koLkJWwxnZLmQBSeK9cDWLxTDScdNhFu7hbEhKvSL2vk35rt4KA6fl","අනේ හුත්තේ හොද කදක් ගෙනත් තිබ්බනාන් සිවුර ඹටො ගැලවේන්නේ"
"Sumith Sanjeewa","https://www.facebook.com/people/Sumith-Sanjeewa/pfbid02EQD25S9QSvFXbrYh6zduRiRqaD8A863Wo7GLtpXNVw2gj8ieoi6RjhWNbz5rXD5l","ඉස්සරල උඹල දාර්මිස්ට වෙයල්ල"
"Suneth Kosgahagedara","https://www.facebook.com/suneth.kosgahagedara","මුන්ට පිස්සු තොපි ඔක්කොම දැන් මහානවෙයව් පව්කාර හැත්ත ඉදකින්"
"Hmdj","https://www.facebook.com/hmdj.hmdj.16","අපේ පංසල්වල ඔයවගෙ හොරු මහණ වෙලා නෑ.හොරුන්ගෙ සිවුරු ගලවන්න ඕන සිවුරට ගරු කරන නිසා"
"Chulaka Gunathilaka","https://www.facebook.com/chulaka.gunathilaka.2025","පල් හොරා"
"Dhanushka Dissanayake","https://www.facebook.com/dbdissanayake","2018 හිටියෙත් ජම්පරෙන්"
"Sunil Latha","https://www.facebook.com/people/Sunil-Latha/pfbid02XhyXQeo6WTZaUQchqJRGD53tFyrCebdzzGNZsJjxLbYEf3WdbAYD136zc38UY6ZLl","තො. ගිහිල්ලබල්ලා. මයිනගෙ. ඇට. දෙ. හොල්ලපන්"
"Kumari Perera","https://www.facebook.com/kumari.perera.1447","මේ වෙලාවේ ගන්ඨාරේ ගහන්න එකෙක් හිටියෙනැ නෙ"
"Upul Dissanayake","https://www.facebook.com/upul.dissanayake.58816","Munta pissuda"
"Medha Jayarathne","https://www.facebook.com/medhajarathneofficial","😂😂😂"
"Sithuka Rathnayake","https://www.facebook.com/people/Sithuka-Rathnayake/61551744972006","මහන වෙන්න අදහසක් නැද්ද"
"Thilina Dissanayaka","https://www.facebook.com/thilina.dissanayaka.5070","ගෝතයෙක්නි උබ"
"Shan Samantha","https://www.facebook.com/shan.samantha.2025","පංසල් වල වේසාවෝ හිටියොත් එහෙම වෙයි,..නමුත් මන් හිතන්නේ නෑ ඔය ඝංටාර ගහයි කියලා ...උබගේ 3 තමයි ගහන්න වෙන්නේ...අත්සන් කරන්න ආවොත් ගුටි කාලා යන්න බලාගෙන වරෙල්ලා...කෙටියෙන් ,සරලව කිව්වෙ.."
"Manthreelage Karunarathna","https://www.facebook.com/manthreelage.karunarathna","අනේ,පකෝ,කහින්්නැතුුව,හිටපන්,බොරැවට"
"Kalum Wijekoon","https://www.facebook.com/kalum.wijekoon.2025","මුං පස්සේ යන්න එපා මුං මහින්දගේ පුක ලේවකන එවුන්"
"Pasindu Mewan Kodithuwakku","https://www.facebook.com/pasindu.kodithuwakku.35","උබේ ගන්ටාරේ ගහපන් හොර ගනයා"
"Madu Karunarsthe","https://www.facebook.com/people/Madu-Karunarsthe/pfbid031hpYL7x2SKhAahmWackqGdiBz6VTPp2GuXvfCNFiDpM4L4jVhDu1zQLzyXKZcR1fl","සිවුරු ගලොලා ගෙවල් වලට පල සිවුරු දාන් කරන පව් වලට වඩා"
"Suriya Mudiyanse","https://www.facebook.com/profile.php?id=100025697744419","බෙදුන්වාදියොයි පරංගි ජාන තියන පල්ලියයිනෙ රට කරන්නෙ"
"Chaminda Weliwita","https://www.facebook.com/chaminda.weliwita","ඝණ්ඨාරෙ ගහන්න ඕන මේ Aස තිත්තයගෙ කකුල් දෙක පොල් ගස් දෙබලක එල්ලලා😭"
"Suneth Jayantha","https://www.facebook.com/people/Suneth-Jayantha/pfbid033C6XJzYt1SgMXM8JpCeY4UpB3Spwi8R14RJFrg4khFapPowEA4ThbCedQNSA71gkl","පෙර නොවූවිරූ ලෙස නායකයන් අධාර්මිකයි...."
"Kumaranayaka Goonapura","https://www.facebook.com/people/Kumaranayaka-Goonapura/pfbid02JqR17yneLT9friVKyCgJ3RW7TzcHHa9Mgaey2JF6TbEMyBoX6AqsZxR4GJdcqmffl","ඈ යකෝ සිරීපාදෙ ගනඨාරෙ රුවන්වැලි සෑයෙ චුඩාමානික්‍ය  ඒව ගලෝනකොට තොපේ ඔයකියන ගන්ඨාර වැදුන්නැත්තෙඇයි."
"Kumari Wasana","https://www.facebook.com/kumari.wasana.76760","අපිට නම් කිසිම දුකක් නැහැ ගෑනු පන්සලට ගෙනල්ලා හුකනකොට තොපේ සිලේ අම්මාගේ රෙද්ද අස්සෙද තිබ්බේ පකො"
"Thameera Roshan","https://www.facebook.com/iresha.beddage.5","උබට පු..කේ අමාරුනම් ඝණ්ඨාර ගහපන්..අපේ ගමේ පන්සලේ ගහන්න ආවොත් බලාගන්නම්.."
"Asanka Sampath Chandrasiri","https://www.facebook.com/aschandrasiri","ඇට දෙක හොල්ලපන් ගෝත කහකඩයා."
"Hewemanage Indi","","Menna me kriyat danna ona hire🥶🤮💩"
"Wijesinha Wijesinha","https://www.facebook.com/wijesinha.wijesinha.900","එදා ධර්මාශෝක රජතුමා මේ වගේ  උන් 60000 , ක් ගෙ තමයී සිවුරු ගලෝලා ගිනියම් මෝල් පිලි ඔබලා ශාසනයෙන් හා රටෙන් එලවා දැම්මේ."
"Christie Dayarathna","https://www.facebook.com/christie.dayarathna","ටැග් එක ගහගනින් පුපෙ😂"
"Nidahas Nawathana","https://www.facebook.com/people/Nidahas-Nawathana/pfbid0h9fWD23usajr3tAkavuZJxu7pRgiEhuzTYnnuUUQxdazCbAAHZjTHjXKSDy4gXtNl","ගණ්ඨානය නෙවෙයි ගහන්න වෙන්නේ ඒ යට තියන ගන්ට අර තමයි අහන්න වෙන්න උබට"
"Sumihira Sume","https://www.facebook.com/sumihira.sume.5","V 8 වලගිය  හොරු සෙට්එක කල පව් මෙලොවම පඩිසන්දීලා !!!!"
"Ranil De Silva","https://www.facebook.com/ranil.de.silva.866219","මුත් අල්ලලා දාපන් ඇතුලට මුගෙත් චිවරෙ ගලවන්න ඕන"
"Ruwana Kalpa Kalpa","https://www.facebook.com/people/Ruwana-Kalpa-Kalpa/61585491785109","බලාගෙන ඉඳපන්  අපිටත් පව් පුරවන ගෝතය"
"Sudath Kumara","https://www.facebook.com/amaya.epa","කාලකන්නි පාහරයා තොගෙ සිවුර උස්සලා ගහපිය ගංටරෙ"
"Criss Iddamalgoda","https://www.facebook.com/people/Criss-Iddamalgoda/pfbid028AxWJGivymKfPD1FM7Yd4AiWFhDmehnLGehVY1wsNMkCw3bioBsq4e5rPKowh6nNl","උඹේ ඝණ්ඨාරෙ කළුද ීම නඩු විස්සක් විතර තියෙන එකෙක් ගන්තාර හොලවන්නලු හොලවපං ගිහිල්ලා කොහේ හරි අයිනක සිවුර ඇඳන් රට කන කාලකන්නි"
"Sujith Rathnaweera","https://www.facebook.com/sujith.rathnaweera.75","ගෑනුයි ලමයි ඉන්න හාමුදුරුවො පංසල් වලට හරියන්නෙ නැහැ තොපිත් ඒ ගනයට අයත් වෙන ගනයෝ තප්පුලන ගනය"
"Kansa Pele","https://www.facebook.com/kansa.pele.2025","පල ඩො යන්න"
"Sahan Subasingha","https://www.facebook.com/people/Sahan-Subasingha/pfbid0R9VFkYZMfMo4iD9iUd2gthnAg4N6CDDKiWLwaRkrP8QCi1P6XuZtbxQfZi5zvTV7l","රාජපක්ෂ නිකායේ දූෂිත කහකඩයන්ට දැන් ඉස්සර වගේ කම් සැප නෑ. ඒ නිසා උන් දැන් හැසිරෙන්නේ භූමිතෙල් ගහපු ගැරඬි වගේ."
"Agit Balasuriya","https://www.facebook.com/agit.balasuriya","🐂🤮🤮🤮🤮🤮🤮🤮"
"පියුමා පියුමා","https://www.facebook.com/mla7hvvv4l","සහතික ඇත්ත"
"Suranga Franando","https://www.facebook.com/people/Suranga-Franando/pfbid0S4Zfo3MprCa9DEZBchsmFirYUfxvgmxeDYXcVSNwNKTQtB8fnDyzoTMrZvi3EQh1l","[Image Attachment]"
"Thushara De Silva","https://www.facebook.com/thushara.desilva.779","😂"
"Janaka Chami","https://www.facebook.com/janaka.chami.167414","[Image Attachment]"
"piyankara","https://www.facebook.com/people/piyankara/61584152285284","මේ අනිත් පකා..හොරගෙඩිය"
"Hasitha Deshan","https://www.facebook.com/hasitha.deshan.31","මහන උනානම් මහන උනේ මොකටද කියල දැනගෙන ඒ වැඩේට කටුයුතු කරහන්.  බැරිනම් දර්මෙයි රටයි දෙකම කන්නැතුව.  සිවුර ඇරල පලයල්ලා"
"Samitha Rangana Fernando","","[Image Attachment]"
"Pulasthi Rajapakse","https://www.facebook.com/george.rajapakse","😂🤣😅"
"Nadun Pramod Bopitiya","https://www.facebook.com/nadun.pramod.bopitiya","තිත්තෙ ඔය සිවුරු ගලෝලා දේශපාලනය කරන්න තිත්තේ. ඇත්නම් තව තවත් ඔයාලගෙ හෙලුව පෙනුනම මිනිස්සුම ගහලා එලවයි."
"Thushara Sampath","https://www.facebook.com/thushara.sampath.1048","සිංහයෙකුයි හොරිකඩ සුනකයෙකුයි සමාන කරන්න පුලුවන්ද? කුඩාපොළ හාමුදුරුවො ගැන කියවගෙන එන්න මචං.2018  මේ ගනින්නාන්සේල කොහෙද දන්නෙ නෑ හිටියේ.."
"Rex Perera","https://www.facebook.com/rex.perera.630797","ගෙම්බෙක්"
"Dayan Chamikara","https://www.facebook.com/dayan.chamikara","කරයි මට ලබ්බක් කියනකොට කොහෙද සාදු හිටියේ... 😂"
"Lintan Selheva","https://www.facebook.com/lintan.selheva","[Image Attachment]"
"Daminda Puspa Kumara","https://www.facebook.com/daminda.puspakumara.5","අනේ පලයන් යන්න"
"Thushara Dissanayaka","https://www.facebook.com/thushara.dissanayaka.1238","[Image Attachment]"
"Waruna Herath","https://www.facebook.com/waruna.herath.37","ගණ්ඨාර ගහපු පන්සල් ටික හෙට උදේට 😂"
"SG Auto","https://www.facebook.com/people/SG-Auto/61559155887374","[Image Attachment]"
"Gihani Asansa","https://www.facebook.com/people/Gihani-Asansa/pfbid0bte82y5NwR49CMndCAgK3ec2fkXsSdPbDgsRNGacWCHUeaAYQCVqW37qaRhE2Kpxl","[Image Attachment]"
"Sathima Hemamali","https://www.facebook.com/people/Sathima-Hemamali/pfbid02bcNHxnMu2AC32CMq273TtwMFYomG4ujaNPmJZWLTFGYSNYY2KXNg3eoNrbgrMcfKl","Gihani Asansa 🙏🙏🙏"
"Susantha Udapola","https://www.facebook.com/susagee.minad","සීනිගම  ට කවදාටද එන්නේ😂"
"Saman Kumara","https://www.facebook.com/people/Saman-Kumara/pfbid0G47Vd6anQKRQyG8SF8rCFQf7duZQmGPX9irbCDkuUDsLCWk7uC8PS7CiRXkW5KPgl","❤️"
"Sisil Perera","https://www.facebook.com/profile.php?id=100000086000163","👍👍👍👍"
"නිපුනි තාරුකා","https://www.facebook.com/people/%E0%B6%B1%E0%B7%92%E0%B6%B4%E0%B7%94%E0%B6%B1%E0%B7%92-%E0%B6%AD%E0%B7%8F%E0%B6%BB%E0%B7%94%E0%B6%9A%E0%B7%8F/61575886360905","[Image Attachment]"
"Padmini Satharasinghe","https://www.facebook.com/padmini.satharasinghe","🙏🙏🙏👍👍👍❤️🇱🇰"
"Channa Kalansooriya","https://www.facebook.com/channa.kalansooriya.5","😂😂😂😂😂😂"
"Uchith Peiris","https://www.facebook.com/uchith.peiris","https://www.facebook.com/share/p/1C47JsXLmg/"
"Srini Wijesuriya","https://www.facebook.com/srini.wijesuriya.2025","👍👍👍"
"Lal Wilegoda","https://www.facebook.com/lal.wilegoda.2025","[Image Attachment]"
"Anusha Raban","https://www.facebook.com/anusha.raban","🙏🙏🙏"
"Madhura Sanjeewa","https://www.facebook.com/madhura.sanjeewa.2025","🙏🙏🙏🙏"
"Pradeep Wickramasinghe","https://www.facebook.com/pradeep.wickramasinghe.39","😂"
"Sarath Rupasinghe","https://www.facebook.com/sarath.rupasinghe.16","[Image Attachment]"
"Anura Don Manamperi","https://www.facebook.com/anura.manamperi.923","[Image Attachment]"
"Nishantha Gunasekara","https://www.facebook.com/nishantha.gunasekara.39545","😂😂😂"
"Suji Sanjeewa","https://www.facebook.com/suji.sanjeewa.3","😂"
"Dilukshan Fernando","https://www.facebook.com/fernando.warnakulasuriya.505","🤣🤣🤣"
"Ajith Pasqual","https://www.facebook.com/ajith.pasqual.1","[Sticker]"
"Mansoor Deen","https://www.facebook.com/people/Mansoor-Deen/pfbid02aaJTz5ckaLvWLhayRmZzsA543xfD2EKgqX2BJNhLEhRS3G7sUeYZFwRH3gYP4PTGl","[Sticker]"
"Bandula Jayatunge","https://www.facebook.com/bandula.jayatunge","[Sticker]"
"Chaminda Asiri","https://www.facebook.com/people/Chaminda-Asiri/pfbid02b58iUpWMWB1rgMUVksq88xhyvrT2AaVtsKRPKGGpAwdvRq7h36u7PVLw9j1yDVrtl","😂"
"Nuwan Chandrakumara","https://www.facebook.com/nuwan.chandrakumara.2025","[Image Attachment]"
"Shehan Sameera","https://www.facebook.com/shehan.sameera.946","[Image Attachment]"
"තනූජා රණවක","https://www.facebook.com/07jnuxlerb","🤣🤣🤣🤣🤮🤮🤮"
"Thushara Gayan","https://www.facebook.com/thushara.gayan.9081","😂😂😂😂😂😂😂😂😂"
"Shirani Attanayaka","https://www.facebook.com/shirani.attanayaka","❤️❤️❤️🔥🔥🔥"
"W M Janaka Nagahawaththa","https://www.facebook.com/w.m.janaka.nagahawaththa","[Sticker]"
"Kavinu Peiris","https://www.facebook.com/kavinu.peiris","🤣🤣🤣🤣"
"Lahiru Dilshan","https://www.facebook.com/lahiru.dilshan.613434","🐂🐂🐂🐂🐂"
"Jude Fernando","https://www.facebook.com/jude.fernando.5688","[Image Attachment]"
"Vidura Gayan","https://www.facebook.com/vidura.gayan.9","😂🤣🤣🤣🤣"
"Bala Mala","https://www.facebook.com/people/Bala-Mala/pfbid02GPfEEv9BJz6EfJFh6uCxbMrhPsaUthCXFEedrPiNHhWh5dmfzRVWxVM2wNV1qbZil","[Image Attachment]"
"Muditha Priyankara Perera","https://www.facebook.com/mudithapriyankaraperera","😂😂"
"Buddika Nanayakkara","https://www.facebook.com/buddikanana","[Image Attachment]"
"Gayan Udayanga","https://www.facebook.com/gayan.udayanga.50999","🤪🤪🤪🤪🤪🤪😂😂😂😂😂"
"Yh Ranasinghe","https://www.facebook.com/yh.ranasinghe","උඹ රාජපක්ෂලාට කඩේ යනවනේ  උඹ දීශපාලන කැම්පේන් එකක්නේ කරන්නේ"
"Ganitha Karuna","https://www.facebook.com/ganitha.karuna","[Sticker]"
"Wasantha Gunarathna","https://www.facebook.com/wasantha.gunarathna.1044","👍👍👍👍👍👍👍"
"Chaminda Perera","https://www.facebook.com/chaminda.perera.16906","😂"
"Binasha Dilmi","https://www.facebook.com/people/Binasha-Dilmi/61562022202973","😅😅😅"
"Suwarn Kanthi","https://www.facebook.com/people/Suwarn-Kanthi/pfbid05jy8ZrG3tJwBKuN4xsYhe8rj7s9nrfTfC6a8HJwnwEH9cC2oHs8nu7DDLdDFp95Wl","[Sticker]"
"Lakshman Makandana","https://www.facebook.com/lakshman.makandana","[Image Attachment]"
"Sajith Sanjeewa","https://www.facebook.com/sajith.sanjeewa.3781995","😂"
"Neranjala Thushani","https://www.facebook.com/neranjala.thushani","[Image Attachment]"
"Dilan Manju","https://www.facebook.com/dilan.manju","[Image Attachment]"
"Chamara Rajakaruna","https://www.facebook.com/chamara.kumara.988711","😂😂😂😂😂😂😂😂"
"SP Nimal","https://www.facebook.com/sp.nimal.2025","😂"
"Amila Sudarshana","https://www.facebook.com/amila.sudarshana.2025","😂😂😂😂😂😂😂"
"Madusanka Gamage","https://www.facebook.com/people/Madusanka-Gamage/pfbid0ciuqEYfmGyxpad7ayFENh14ex5HrsLRGiJpVuhARyEnPXDFiq2cpRcJW1SiEASbPl","😂😂😂"
"Ruwan Darshana Mathangaweera","https://www.facebook.com/ruwan.mathangaweera","#රජු_ධාර්මිකයි"
"Nuwanthiperis Banti","https://www.facebook.com/nuwanthiperis.banti","🤣"
"Sasika Lanka","https://www.facebook.com/people/Sasika-Lanka/pfbid035PKrH6pKZHXM4Pr6NwmbGnYdSzbkCT3Vks6kFy43CGZMz6NWLz6NDUyEY3a4Dssrl","[Sticker]"
"Darshana Ahangamagei","https://www.facebook.com/darshana.ahangamagei","😃"
"Priyangani Pathiraja","https://www.facebook.com/priyangani.pathiraja.2025","🙏🙏🙏🙏🙏🙏🙏"
"Chanaka Niro","https://www.facebook.com/chanka.niro","😁😁😁😂😂😂😂😂"
"Natasha Selladurai","https://www.facebook.com/raveendran.selladurai","🐂🦴😂😂😂😂😂"
"Dassana Wijewickrama","https://www.facebook.com/dassana.wijewickrama.71","❤️❤️"
"Upul Rodrigo","https://www.facebook.com/upul.rodrigo.202939","[Image Attachment]"
"Nilanthi Khadawa","https://www.facebook.com/nilanthi.khadawa.2025","🙏🙏"
"Ramesh Wasana Janakantha","https://www.facebook.com/ramesh.wasana.janakantha","[Image Attachment]"
"Ranil MB","https://www.facebook.com/profile.php?id=1450115491","😂"
"Khs Diupathy","https://www.facebook.com/khs.diupathy","[Image Attachment]"
"Yamuna Crishanthi","https://www.facebook.com/yamuna.crishanthi.2025","👍👍👍"
"Tilak Mendis","https://www.facebook.com/tilak.mendis.10","😜"
"Gavili Karunathilaka","https://www.facebook.com/gavili.karunathilaka","😂"
"Kedeesvaran Kedees","https://www.facebook.com/kedeesvaran.kedees.5","😂😂😂😂"
"Indrajith Karunarathna","https://www.facebook.com/indrajith.karunarathna.14","😄😄😄😄"
"Chathuranga Chathu","https://www.facebook.com/people/Chathuranga-Chathu/100046162093335","🤣🤣"
"Suminda Prasad","https://www.facebook.com/suminda.prasad.7","🤣🤣🤣🤣🤣"
"Shenal Charuka","https://www.facebook.com/senal.charuka","[Image Attachment]"
"Divan Hettiarachchi","https://www.facebook.com/divan.hettiarachchi","[Sticker]"
"Ajantha Gh","https://www.facebook.com/ajantha.gh","😂😂😂😂"
"Gl Mayura","https://www.facebook.com/gl.mayura.2025","ගංටාරය ගැවිවාම බලු වැඩ නවතියි ද"
"Nalin Indika","https://www.facebook.com/nalin.indika.75146","[Image Attachment]"
"Chinthaka Sandharuwan","https://www.facebook.com/chinthaka.sandharuwan.588169","[Image Attachment]"
"Chandra Kanthi Munaweera","https://www.facebook.com/candi.munaweera","ජනපති තුමා හමුවන්න හැමෝම ගිහින් ඔබ වහන්සේ වැඩියේ නැත්ද? සාකචාවට සම්බන්ධ වූවාට   නායක සමිදුන්ලාට ස්තූතියි...ගොඩාක් පිං"
"Udumalagala Ajith","https://www.facebook.com/udumalagala.ajith","😂😂😂"
"Suranga Pradeep Suranga","https://www.facebook.com/suranga.pradeep.suranga.2025","[Sticker]"
"Manoj Rajapaksha","https://www.facebook.com/manoj.rajapaksha.79230","[Image Attachment]"
"Chandra Kumara","https://www.facebook.com/people/Chandra-Kumara/pfbid0KsNXkU35Sf3SHwC9naS4LujLy8uLgHc5kKD1in1nsXNMnE2RskWb9pk53qa2avsLl","😭😭😭😭😭😭😭😭"
"Gamini Nimal","https://www.facebook.com/gamini.nimal.98","[Sticker]"
"Chameera Madusanka","https://www.facebook.com/people/Chameera-Madusanka/pfbid02KLMazvS2C6H8dcNS54Qhtt1PMES9rntS7zad9FiQ7yyL9ZbZS6rM2eTrEEtXek5Zl","👌👌👌🙏"
"Sunil Shantha","https://www.facebook.com/sunil.shantha.86854","[Sticker]"
"Sunil Sampath","https://www.facebook.com/people/Sunil-Sampath/pfbid0pRmABZjws4kwZ2Re9Fxs8MxyBr9x8CvNMdywBq7NDkiHGYwadMU4Hp7EhLPzdiqtl","@"
"محمد الهام محمد الهام","https://www.facebook.com/mhmd.alham.mhmd.alham.351454","[Image Attachment]"
"Jayantha Kumara","https://www.facebook.com/people/Jayantha-Kumara/pfbid02GrR72a3xmCfkeMb9XsUt7XDkCH215UV5M4XGchJvzYDLZ6i8oLBawb9gq4KFSBB2l","[Image Attachment]"
"Samantha Rajapaksha","https://www.facebook.com/samantha.rajapaksha.7359","💐💐💐"
"Bawantha Sandaruwan","https://www.facebook.com/bawantha.sandaruwan.92","[Image Attachment]"
"Sisila Kumara","https://www.facebook.com/sisila.kumara.971534","😢😭😢😭😭😭😂😂"
"Lilani Kumari","https://www.facebook.com/lilani.kumari.2025","[Sticker]"
"Anuhas Lakmal","https://www.facebook.com/anuhas.lakmal.351","[Image Attachment]"
"Nandana Yapa","https://www.facebook.com/nandana.yapa.2025","😂"
"Ariyadsa Vetanaga","https://www.facebook.com/ariyadsa.vetanaga","[Sticker]"
"Manoj Wijeasekara","https://www.facebook.com/manoj.wijeasekara","[Image Attachment]"
"Dinesh Wijesekara","https://www.facebook.com/dinesh.wijesekara.12","[Sticker]"
"Morris Kulasinghage","","🤣😋😂😋🤣😋😂"
"Lankadiranga Jayasinghe","https://www.facebook.com/profile.php?id=100003005306494","[Image Attachment]"
"Salinda Perera","https://www.facebook.com/salinda.perera.693453","😁😁😁"
"Marasingha Karunarathna","https://www.facebook.com/people/Marasingha-Karunarathna/pfbid02PdnqtacAkWPrgB3bZHEPyd2cmw8DS4QhCbs3oLF3UvDwaB4ahPHhFafYhrnijyiUl","💩💩💩💩💩💩💩💩💩😂😂😂😢😢😢😢"
"Nalin Indika","https://www.facebook.com/nalin.indika.1690","[Image Attachment]"
"Thilina Nishamal","https://www.facebook.com/profile.php?id=100007926888534","[Image Attachment]"
"Ruwan Dhammika","https://www.facebook.com/ruwan.dhammika.10","😂😂😂😭😭😭😭😂😂😂😭😭😭"
"Ashaa Nisansala","https://www.facebook.com/people/Ashaa-Nisansala/pfbid0zuxDazDk7dJ6RjJc8LRPUQvXi7P5eM92BNxAuL96rCa3NpTGegABqR9MKkYWsLEJl","❤️❤️❤️❤️❤️❤️"
"Rislan Rislan","https://www.facebook.com/rislan.rislan.965928","[Image Attachment]"
"Uthpala Asanka","https://www.facebook.com/uthpala.asanka.2025","🤣🤣🤣🤣🤣"
"Sahampathi Kumarasinghe","https://www.facebook.com/sahampathi.kumarasinghe.2025","[Image Attachment]"
"Subash Kavidu Vawegama","https://www.facebook.com/VaweGama","🤣🤣🤣"
"Prabath Ranasingha","https://www.facebook.com/people/Prabath-Ranasingha/pfbid02PApKmkpwHDgQxDqLx9z43XdnpmFCgQQ9CE4GxZk1MYjUqEyxk6jA4SAXtW7QSUhFl","[Sticker]"
"Prashan Weerakoon","https://www.facebook.com/prashan.weerakoon.2025","🥴"
"Disna Shenu","https://www.facebook.com/disna.shenu.2025","[Image Attachment]"
"Mahesh WH","https://www.facebook.com/mahesh.wh","😂😂"
"Tharindu Liyanage","https://www.facebook.com/tharindu.ashan.94","Mahesh WH 😅😅"
"Nimal Jayantha","https://www.facebook.com/nimal.jayantha.988","[Image Attachment]"
"Ajith Prasanna","https://www.facebook.com/people/Ajith-Prasanna/pfbid02xLmge9zYNGYuv96xihuvLfhwHBfnFh3AdQt6hJj6zqCqAUTZctX9yYGBFLwTsLZ9l","[Image Attachment]"
"Chandana Priyantha Jayakodi","https://www.facebook.com/indikajayakodi.indikajayajodi","[Image Attachment]"
"Dhanatachan Tachan","https://www.facebook.com/dhanatachan.tachan","🤣🤣🤣🤣🤣🤣🤣🤣"
"Amila Bandara","https://www.facebook.com/amila.bandara.498286","[Sticker]"
"Kms Kumarasinghe","https://www.facebook.com/people/Kms-Kumarasinghe/pfbid0oQThKWvKktchfjbVxfYRbpfCAUMTP8fmCEPKBvYNvdwBAacsXDiTAfvn2rEafoCXl","🙏🙏🙏🙏🙏🌹🌹"
"Vijitha Ranathunga","https://www.facebook.com/vijitha.ranathunga.105355","🙏🙏🙏"
"Dananjaya Harsha","https://www.facebook.com/dananjaya.harsha.96","😂😂😂😂"
"Vishwa Darshana","https://www.facebook.com/vishwa.darshana.332","😂😂😂😂🖕"
"Thuppahige Kapila","https://www.facebook.com/people/Thuppahige-Kapila/pfbid029EzKjPQvHo7yWDYtR2mEiT8GgWrujeJDVaP1AfM4ahcVRQ8MGkMkm1hc57noC7gpl","[Image Attachment]"
"Sameera Max","https://www.facebook.com/sameera.max.985709","Ape.pansaleth.na..🤣🤣🤣🤣"
"Jmjegan Dmcc","https://www.facebook.com/jmjegan.dmcc","[Image Attachment]"
"Mangalagama Premasiri","https://www.facebook.com/mangalagama.premasiri","😂"
"Mathupala Mathupala","https://www.facebook.com/people/Mathupala-Mathupala/pfbid037Kp4ZrCBn7cxt5G1ixDaPPM81yBYoEDVeCbCyPGPSYGtw8MXTVYqJqkwSDArNnryl","😂😂😂😂😂😂😂😂😂😂😂😂😂😂😂😂😂😂😂😂😂😂😂😂😂😂😂😂😂😂😂😂😂😂😂😂😂😂😂😂😢😢😢😂😂"
"Sumna Lekamlage","https://www.facebook.com/sumna.lekamlage.7","🙏🙏🙏🙏🙏"
"Lal Panabokke","https://www.facebook.com/lal.panabokke.2025","[Image Attachment]"
"Wicky Pra Wickramasinghe","https://www.facebook.com/pra.wickramasinghe","😮"
"Arachchige Suneth Prasanna Perera","https://www.facebook.com/people/Arachchige-Suneth-Prasanna-Perera/pfbid0fF9LF9u6CtNbbNuvFSP9VyY1uQsBubTpBfyrhEbPqaV3i52PPtZhaRvHQWY5PrQ1l","🙏🙏🙏🙏🙏🙏🙏🙏🙏🙏🙏🙏🙏🙏🙏🙏🙏🙏🙏🙏"
"Anura Fernando","https://www.facebook.com/people/Anura-Fernando/pfbid02sRQRwMELhWA5CifWziyaiXAevSMrLcboyHJ2eqyeX7eog4yh6EnhgfuMcoGhiAa4l","[Image Attachment]"
"Roshan Gunarathna","https://www.facebook.com/roshan.gunarathna.446533","https://www.facebook.com/share/v/14r9isJVLgz/"
"Bandula P Ariyarathna","https://www.facebook.com/bandula.padmasiri.35","🤣🤣🤣🤣"
"Nishad Ranasingh","https://www.facebook.com/nishad.ranasingh","[Sticker]"
"Mohan Perera","https://www.facebook.com/mohan.perera.31","https://youtu.be/lPIEZVK-TQ0?si=II1MozCI-h-qAE2K"
"සදැල්ල සානි සදැල්ල සානි","https://www.facebook.com/sane.sane.75685962","[Image Attachment]"
"Ranasinha Arachchi","https://www.facebook.com/people/Ranasinha-Arachchi/pfbid0PFJ4W42kwKLz2ETkYHs8yrEKjp72Kmrgg9YYrVb61XgLAbUVDHqcn3LdPgbVASKgl","😭"
"Sanjeewa Arunasiri","https://www.facebook.com/sanjeewaarunasri","[Image Attachment]"
"Nuwan Nadeeka","https://www.facebook.com/nuwan.nadeeka.96","[Image Attachment]"
"Asanka Rathnayaka","https://www.facebook.com/people/Asanka-Rathnayaka/pfbid08KNJF6jjtqNmDfMhr3i7D92uF3Wc92uTPVGL9rbP7xugz4KPG4Vomg4oexH5sdYrl","😂😂😂😂😂"
"Nilanthi Nilanthi","https://www.facebook.com/nilanthi.nilanthi.739800","[Image Attachment]"
"Anil Weerasekara","https://www.facebook.com/people/Anil-Weerasekara/100095421552604","😂😂"
"Kumara Chaminda","https://www.facebook.com/kumara.chaminda.214848","[Image Attachment]"
"Dimuthu Athauda","https://www.facebook.com/dimuthu.athauda.2025","😂"
"MD Jayasekara","https://www.facebook.com/profile.php?id=100003526973895","🙏🙏"
"Muditha Nilupul","https://www.facebook.com/mudithanilupul.nilupul","😂😂"
"Sarath Gamini","https://www.facebook.com/sarath.gamini.205043","😂😂😂😂😂😂😂😂"
"Nanda Parera Ranasingha","https://www.facebook.com/nandaparera.ranasingha","😂😂😂😂😂😂😂"
"M S Perera Parera","https://www.facebook.com/suragapererasuranga.suranga","[Image Attachment]"
"Suneth Nalin","https://www.facebook.com/suneth.nalin","[Image Attachment]"
"Dilshan Sadun","https://www.facebook.com/dilshan.sadun.98","🤭😂"
"Roshan Perera","https://www.facebook.com/roshan.perera.597180","😂😂😂😂😂😂"
"Nirodha Punarji Senanayake","https://www.facebook.com/Nirodhapunarji","😂😂😂😂"
"Ayodya Chamikara","https://www.facebook.com/ayodya.29","😂"
"Ruvina Chamini","https://www.facebook.com/people/Ruvina-Chamini/pfbid02d2bwDPgC5b9m5iKKRfsGNgr4nwVpmwdczqWq29GyR88N7A2htkYm8AueRUY11UThl","[Image Attachment]"
"Mohamed Sufiyan","https://www.facebook.com/mohamed.sufiyan.925","[Image Attachment]"
"Oshii Senanayaka","https://www.facebook.com/people/Oshii-Senanayaka/61572742881137","🤣🤣🤣🤣"
"Hasula Wijethunga","https://www.facebook.com/hasulaudara94wijethunga","[Image Attachment]"
"Gayan Bandara","https://www.facebook.com/gayan.bandara.175183","😂😂😂"
"Surash Rasika","https://www.facebook.com/people/Surash-Rasika/pfbid0Y8mRLeNzqkFuyH2r7BWBKDMg71AvhnEtYwrt2Sr166GGrf3jvh9YLAq97zwp4C5ml","🤣🤣🤣🤣🤣🤣"
"Mahenthiran Arulampalam","","[Image Attachment]"
"Sriya Bg","https://www.facebook.com/sriya.bg","[Image Attachment]"
"Piyaranga Pushpakumara","https://www.facebook.com/piyaranga.pushpakumara","[Sticker]"
"Asiri Costha","https://www.facebook.com/supun.kizer","🧠💩"
"Keshari Swarnawanshi","https://www.facebook.com/keshari.swarnawanshi","[Sticker]"
"Dileep Chand","https://www.facebook.com/Dileepchand123","😁 😁 😁"
"Ravindu Rashmika","https://www.facebook.com/ravindu.rashmika.9237","[Image Attachment]"
"Sandi Sandi","https://www.facebook.com/sandi.sandi.635843","🤣🤣🤣🤣🤣🤣"
"Kumara Kusum","https://www.facebook.com/kumara.kusum.146","🙏🙏🙏"
"Thushan Karunarathna","https://www.facebook.com/thushan.karunarathna.90","[Image Attachment]"
"Kiramasumana Thero Kiramasumans Thero","https://www.facebook.com/kiramasumana.thero.kiramasumans.thero","😂😂😂😂😂"
"Sritheran Prabu","https://www.facebook.com/sritheran.prabu","😂😂😂"
"Renuka Jàyawicrama","https://www.facebook.com/people/Renuka-J%C3%A0yawicrama/pfbid032y6kksjhXqF7jGd22uN3UkDDoxLpPCErt6g8ZAKKZjQT7LNFuEPy6ccxTGyqnVQnl","🙏🏽🙏🏽🙏🏽"
"Hemantha De Silva","https://www.facebook.com/hemantha.desilva.9843","[Image Attachment]"
"Yasantha Kumara Kada Hettige","https://www.facebook.com/people/Yasantha-Kumara-Kada-Hettige/pfbid0z6tBbdvsz8x9gvmsSrrBZLaq2sG7x5uHa94BBipFoUMhXHMKbCPqoJ9KH3YTKwhcl","[Sticker]"
"Tharindu Rangana","https://www.facebook.com/profile.php?id=100017338148201","😂😂😂😂"
"Pushpa Kumari","https://www.facebook.com/pushpa.kumari.64485","🙏"
"Kavinda Fernando","","https://www.facebook.com/share/r/1CZqkQMy5z/?mibextid=wwXIfr"
"Isuruthilanka Yapa Mudiyanselage","https://www.facebook.com/isuruthilanka.yapamudiyanselage","😂😂😂😂😂😂😂😂😂😂😂😂😂😂"
"Kavindu Ashan","https://www.facebook.com/kavindu.ashan.725417","😂😂😂"
"Gihan Kalum","https://www.facebook.com/gihan.kalum.5","🐄🐄🐄🐄🐄🐄"
"Mandakini Jayawardana","https://www.facebook.com/mandakini.jayawardana.77","🤣🤣"
"Nandana Nawarathna","https://www.facebook.com/people/Nandana-Nawarathna/pfbid02Nqp9jFs3uSpY3K9cBBaYxNdKGGXpkXW5vujqGePh62VaQTkg1ik2XJC1mDuNoHnWl","[Image Attachment]"
"Rohan Fernando","https://www.facebook.com/rohan.fernando.52090","පලයන් බුරුවො යන්ඩ කඩපු නිදන් කෝ කැරියෝ"
"Ashen Pubudu","https://www.facebook.com/ashen.pubudu.193714","❤️❤️❤️❤️❤️🔥🔥"
"Kd Viranga","https://www.facebook.com/kd.viranga","🐂"
"Indika Dissanayaka","https://www.facebook.com/indika.dissanayaka.58152","[Image Attachment]"
"Manoj Kodikara","https://www.facebook.com/people/Manoj-Kodikara/pfbid02LhyBdRzd8prM3ygEKV85c7F8tZJoNeSquVva8QcG7XLyLXj5BuoNSJqKucoXdzMTl","පල බල්ලා"
"Aruna Shantha","https://www.facebook.com/aruna.shantha.14811692","🔥🔥🔥🔥🔥🔥🔥🔥🔥🔥🔥"
"Tony Nissanka Nanayakkara","","[Image Attachment]"
"Mayora Chathuranga","https://www.facebook.com/people/Mayora-Chathuranga/pfbid031myDSazMsnuyZho1EgKADDqAU7aFGAJFcYhJLypjrP6p8TiNKAuYK3GZK18gHjN6l","🙏🙏🙏🙏🙏🙏🙏🙏🙏🙏🙏🙏🙏🙏🙏👍"
"Janitha Kumara","https://www.facebook.com/janitha.kumara.930877","[Image Attachment]"
"Viraj Vindana","https://www.facebook.com/viraj.vindana.1","🙏🙏🙏🙏🙏🙏🙏🙏🙏🙏🙏🙏🙏🙏🙏🙏🙏🙏🙏🙏🙏🙏🙏🙏🙏🙏🙏🙏🙏🙏🙏"
"Dammika Vajira","https://www.facebook.com/dammika.vajira.1","[Image Attachment]"
"Samanthi Warakadeniya","https://www.facebook.com/people/Samanthi-Warakadeniya/pfbid02SL54gbdfF7dXXFFm2upUfoQdHK1cdRJdSBKi2HYC7JPQNdBNAaz3VAsnjFf3J83zl","👍👍👍👍👍👍🙏❤️❤️👍👍👍👍"
"Kavishka Kumanayaka","https://www.facebook.com/people/Kavishka-Kumanayaka/100078909765198","[Image Attachment]"
"Nirosha Kauminl","https://www.facebook.com/nirosha.kauminl","[Sticker]"
"Samantha Jayasooriya","https://www.facebook.com/people/Samantha-Jayasooriya/pfbid0qXsJTJ8YyZ53ntj1MFL9usPUUFPHWrsZEGbyZRiHNwESPXsffELgQSkYFepNWak8l","😂"
"Nandasiri Naotunna","https://www.facebook.com/nandasiri.naotunna","🐂🐂🐂🐂🐂🐂🐂🐂🐂"
"Sanka Pradeep","https://www.facebook.com/sankaprdeep.sanka","😂"
"Upul Nishantha","https://www.facebook.com/people/Upul-Nishantha/61590475805581","😅"
"Doumma Dersna","https://www.facebook.com/doumma.dersna","🙏🙏🙏🙏🙏🙏"
"Niroshana Karunarathne","https://www.facebook.com/niroshana.karunarathne","[Image Attachment]"
"Ravi Perera Perera","https://www.facebook.com/raviperera.perera.9","[Sticker]"
"Indika Dhurusinha","https://www.facebook.com/people/Indika-Dhurusinha/61564611455909","🙏🙏🙏🙏🙏🥵"
"Anura Bandara","","👍👍👍"
"Ajith Kumara","","😂"
"Vipula Disanayaka","https://www.facebook.com/vipula.disanayaka.104","😢😂😭"
"Damith Wijeybandara","https://www.facebook.com/damith.wijeybandara","https://www.facebook.com/share/v/1ESAzTPYgm/"
"Samantha De Silva","https://www.facebook.com/samantha.desilva3","[Image Attachment]"
"Asela Sandaruwan Asp Lanka V","https://www.facebook.com/asela.sandaruwan.asp.lanka.v","😂😂😂😂😂"
"Kumari Swarna","https://www.facebook.com/kumari.swarna.712","[Sticker]"
"Nimod Induwara","https://www.facebook.com/nimod.induwara","😂"
"Asanka Viraj","https://www.facebook.com/asanka.viraj.589","😂😂😂🤣🤣🤣🤣"
"Kasun Buddika","https://www.facebook.com/kasun.buddika.3382","😂😂😂"
"Ravindra Mendis","https://www.facebook.com/ravindra.mendis.7","[Image Attachment]"
"Madara Methmal","https://www.facebook.com/methmal.madara","[Image Attachment]"
"Lahiru Sadaruwan","https://www.facebook.com/lahiru.sadaruwan.239671","[Image Attachment]"
"M F Nazeer Gem","https://www.facebook.com/m.f.nazeer.gem","👊👊👊🏛️"
"Janitha Kumara Mawella","https://www.facebook.com/janithakumara.mawella","Sanjeewa Botheju"
"Rathna Kantha","https://www.facebook.com/rathna.kantha.2025","[Sticker]"
"Ruwan Candima Herath Ruwan","https://www.facebook.com/ruwancandimaherath.ruwan","👹️👹️👹️👹️"
"Thilakarathna Rathnayaka","https://www.facebook.com/people/Thilakarathna-Rathnayaka/pfbid02XDUJVkovCt97GDgeXosnyJfKVS1ABfRcspL9j3tdcqdwCu4WQ5qen2WNtpVpbyxyl","[Image Attachment]"
"Nishantha Wijethunge","https://www.facebook.com/people/Nishantha-Wijethunge/pfbid0KUmMWWojGbzDBXK5vHQTyfbGiRaRsgCW21zhARC6tKKH3kGJ7oycndAP1JmqwKiYl","[Sticker]"
"L D Lakmali Lakmali","https://www.facebook.com/l.d.lakmali.lakmali","🙏🙏🙏"
"Tharaka Jayathilaka","https://www.facebook.com/people/Tharaka-Jayathilaka/100029566911694","[Image Attachment]"
"Rathnayake Sri Rmt","","😁😁😁😁😁"
"Hemal De Alwis","https://www.facebook.com/hemal.dealwis","https://www.facebook.com/share/r/19dUm1f4ya/"
"Wimal S Kodithuwakku","https://www.facebook.com/wimals.kodithuwakku","[Image Attachment]"
"Thushara Samantha","https://www.facebook.com/people/Thushara-Samantha/pfbid025KwaKGxa41F3m8eq5xXphPiek5cvQA3iPpTmDocUsK31NHyzhyQx6insnourUFZsl","[Sticker]"
"Sandea Kamarri","https://www.facebook.com/sandea.kamarri","[Image Attachment]"
"Mahesh Madhushan","https://www.facebook.com/Mahesh.Madhushan123","🤣🤣🤣🤣"
"Dool Dool","https://www.facebook.com/people/Dool-Dool/pfbid02vTzqNJH1iHKfX9gpcsxkSTWqg6JKjTMt8HsBwiGqhoQHRph6kviPyhekbqKJp8Jrl","[Image Attachment]"
"Pathum Sandeepa","https://www.facebook.com/pathum.sandeepa.5","🤣😂"
"Nadeena Koralegedara","https://www.facebook.com/KoralegedaraNadeena","😁🥴"
"පුබුදු තරංග","https://www.facebook.com/ndqypj63jx","😂"
"Thilina Sampath","https://www.facebook.com/people/Thilina-Sampath/pfbid0i5Pwyy28URJNGu7hWyoToWNZ5F9uQy7EzyWqvHxfmo2dsavCyMpTNnq7AN6fQb5Nl","😂"
"Chathu Chathu","https://www.facebook.com/chathu.chathu.733531","🙏🙏🙏🙏🙏🙏🙏🙏🙏🙏🙏"
"Danushka Sampath","https://www.facebook.com/califa.rasta.5","😂😂😂"
"Janaka Rathnayaka","https://www.facebook.com/janaka.rathnayaka.426567","https://www.facebook.com/share/p/19NPwNWdSo/"
"Lalana Lalana","https://www.facebook.com/lalana.lalana.129142","[Image Attachment]"
"Krishna Radha","https://www.facebook.com/people/Krishna-Radha/pfbid0fBKcQpqssYHDm9Kgo2xgdHpcGpyUdPrypi4WRsiNeVWc5SswY5Rm9DNKF53dctuGl","[Image Attachment]"
"Thisal Dilmith","https://www.facebook.com/people/Thisal-Dilmith/pfbid02euGRfozqy756ecsuPX3TfSrYo8sbVGQsDbMTKkLpXiRNPMfE6C5o6ETACj93X28ml","🙏🏻🙏🏻🙏🏻🙏🏻"
"Krishantha Krishantha","https://www.facebook.com/krishantha.krishantha.378615","[Image Attachment]"
"Rasika Kumara","https://www.facebook.com/rasika.kumara.852679","😃😃😃😃"
"Janith Withanage","https://www.facebook.com/janith.withanage.2025","😂😂😂🤣🖕"
"අායු රු සද රාජපක්ෂ","https://www.facebook.com/sadadilhani.rajapakshage","[Image Attachment]"
"Dumi Jayasekara","https://www.facebook.com/duminda.jayasekara.9","😂😂"
"Shehan Kavinda","https://www.facebook.com/shehan.kavinda.31945","[Image Attachment]"
"Gayani Gayani","https://www.facebook.com/people/Gayani-Gayani/pfbid02d8idDWJUERRxC8kV5vYen74sVRCNktdPP8MysZTKFmWW61o6ot6chvdxAEXx7Uwdl","🙏🙏🙏👍❤️"
"Vishwa Pinibidu","https://www.facebook.com/vishwa.pinibidu","[Image Attachment]"
"Thilak Dissanayake","https://www.facebook.com/people/Thilak-Dissanayake/61578180246785","🙏🇱🇰🇹🇩"
"Pathinayake Sunil","https://www.facebook.com/people/Pathinayake-Sunil/pfbid0VHe8YDDm9Q2zmTS73NidPFPNeZi12GnVti5zHgbxLdsKAnh5yeYkGQopp82779WPl","🙏🙏🙏🙏🙏🙏🙏🙏🙏❤️❤️❤️❤️"
"Swirakkodi Sirisena","https://www.facebook.com/people/Swirakkodi-Sirisena/pfbid033ctPCzsikNhR7zEdTGNxv6fJs1xQzxxKqp2HcserytTU4V3j27hBZLrMAdgbTfial","කුඩාපොළ හාමුදුරුවන්ට නිගා දෙන්ට එපාපාහර බල්ලෝ."
"Gayantha Nagodavithana","https://www.facebook.com/jaleel.fasna.1","Swirakkodi Sirisena .යකෝ තෝ බුද්දාගමද? තොගේ මුන දාපන්කො."
"Sc Kumara","https://www.facebook.com/sc.kumara.175236","🙏🙏🙏🙏🙏🙏🙏🙏"
"Inguruwatta Asanka","https://www.facebook.com/inguruwatta.asanka","😂😂😂😂"
"Thimal Madawaththa","https://www.facebook.com/profile.php?id=100073908121508","[Image Attachment]"
"Nihal Perera","https://www.facebook.com/nihal.perera.1428","😄😄😄"
"Ishan Madushka","https://www.facebook.com/ishan.madushka.77","😂"
"Hewa Pannilage Mahinda","https://www.facebook.com/hewa.pannilage.mahinda","[Image Attachment]"
"Pathirana Kumari","https://www.facebook.com/sriya.kumari.9678","🙏🙏🙏🙏👍👍👍👍👍"
"Julee Julee","https://www.facebook.com/julee.julee.336717","[Image Attachment]"
"Manoj Chathu","","😂😂"
"Hm D Chandimal Hm","https://www.facebook.com/hm.d.chandimal.hm","[Image Attachment]"
"Sisira Lakmal","https://www.facebook.com/sisira.lakmal.805762","😂😂"
"Asanka Udaya Kumara","https://www.facebook.com/people/Asanka-Udaya-Kumara/pfbid029pJFVCcBSqf9Jpo4MaK37bCskNPto7FBU8PsCCwVtcgfbMroqm5im9Ep5424sRQ8l","🙏🙏🙏🙏🙏"
"Seewali Thera","https://www.facebook.com/seewali.thera","[Image Attachment]"
"Tharindu Dilshan","https://www.facebook.com/nishelka.liyanage","[Image Attachment]"
"Kumesh Sandaruwan","https://www.facebook.com/people/Kumesh-Sandaruwan/100008856970164","🤣🤣🤣"
"Kumuditha Rajapaksha","https://www.facebook.com/kumuditha.rajapaksha.7","😂😂"
"Dasun Kanchana","https://www.facebook.com/people/Dasun-Kanchana/pfbid02iPJhHyu1J2KCogAtLmnjuNE3ePpiqJehG1QSdkEqxdyXyeGVnoEGMGKjjb44QpbYl","[Image Attachment]"
"Daya Tillakaratne","https://www.facebook.com/people/Daya-Tillakaratne/pfbid02zBoAMXzaL4dwRsoCYTndf99uq7EdNZeeD9e6urhas9u7N9RPkVYfLzBpdVJzNhhnl","🙏🙏🙏"
"Sampath Koswatta","https://www.facebook.com/sampath.koswatta.2025","[Image Attachment]"
"Achinthaya Nipun Maduranga","https://www.facebook.com/achinthya.maduranga","[Image Attachment]"
"දිල්කි දිල්රුක්ෂි","https://www.facebook.com/aa68ebq1gu","👍👍👍"
"Sarath Perera","https://www.facebook.com/people/Sarath-Perera/pfbid02kCapt7peQFAVNifGJZwQwZPEfGjscV6AjiReXz6KbqhtDZs7CkQtWekUqqQYTMN5l","😂😂😂"
"Kodikara Sanjeewa","https://www.facebook.com/kodikara.sanjeewa.33","😂"
"Sugath Sugath","https://www.facebook.com/people/Sugath-Sugath/pfbid02Qze9i9AYsUePhqobjGhmYBJo9wqkmssM2abY5XP35SE2x7WJshhNGouKMW8GFdCsl","🙏🙏🙏🙏🙏💯💯💯🥰❤️"
"Priyantha Kumara","https://www.facebook.com/priyantha.kumara.192101","😂😂"
"KM Madusanaka Pathmakumara","https://www.facebook.com/km.sanka.1","[Image Attachment]"
"Moon Summer Best","https://www.facebook.com/profile.php?id=100054827445156","https://www.facebook.com/share/v/1F27NYbyZE/"
"Dilan Dilan","https://www.facebook.com/people/Dilan-Dilan/pfbid02a25t4HyEhtAn4nKTSqUekrHrrUthyvh7sqiufiyMLsxhydaS3HCLXoL5ryKJRK3Fl","😂😂😂😂😂😂"
"Rumesh Pathum","https://www.facebook.com/people/Rumesh-Pathum/pfbid0idiqrinKRo2QpUJcN8Wcpxcdnd7E23eDJvwpEjmSrZ2cfphSWioKVXdifrM5hJT3l","Thot 1 pakayek"
"Prasangi Wimalarathne","https://www.facebook.com/prasangi.mudannayaka","[Image Attachment]"
"Ajantha Uyanage","https://www.facebook.com/people/Ajantha-Uyanage/pfbid02PcvCGCD5AGtNzJVP2jkqPzAgWrjZgd66xxUWMEyCkDen5KjLumLn6Jpg4xojy2NAl","🤌😂🤌😂🤌😂"
"Chaminda Priyankara","https://www.facebook.com/people/Chaminda-Priyankara/pfbid0aPGoE4vn5gVMd2rZiahKQ9NcRgB2x6hhDKNDwkR2mLzFMUvJ1AJTAT3KPDppgvNNl","@"
"Roshan Ro","https://www.facebook.com/people/Roshan-Ro/pfbid02SKrPvC87PVZ31HszbU2maDhK69iaRGUowSgFNL1xWa1G4nRcPgPQsTo2JWr538pFl","@wihsvayandobilatasiyaludshodatavave❤️"
"Gandhi Gamini Ferdinando","https://www.facebook.com/gandigamini","😜🤣🐈🐈"
"Rashmika De Silva","","[Image Attachment]"
"Rathnasiri Amunugama","https://www.facebook.com/rathnasiri.amunugama.5","[Image Attachment]"
"Maali Adikari","https://www.facebook.com/maali.adikari.2025","🙏🙏🙏🙏🙏"
"Buddhika Eranda Mallawaarachchi","https://www.facebook.com/profile.php?id=100007369685607","[Image Attachment]"
"Samanthi Chandhra","https://www.facebook.com/samanthi.chandhra","[Sticker]"
"Sanjeewa Pradeep","https://www.facebook.com/kumara.padeep.18","😢"
"Nethma Dharma Kreerthi","https://www.facebook.com/people/Nethma-Dharma-Kreerthi/pfbid05vfuWws4htmcW22GvDdm1edDWqKzqBjh5z6Uy3Kwk2fE2xM13mzcQd1SEDdLZ7fVl","😂😂😂😂😂😂😂😂😂😂😂😂"
"Udaya Mahesh","https://www.facebook.com/udaya.mahesh.92","[Image Attachment]"
"Kgkgamini Gamini","https://www.facebook.com/kgkgamini.gamini","❤️"
"Ariya Dasa","https://www.facebook.com/people/Ariya-Dasa/61583115427230","🪷🙏🪷"
"Sunil Bandara","https://www.facebook.com/people/Sunil-Bandara/pfbid021rmykj6cA3nTZQptzLAt37iUg4RqmVTPatbEYfkmX61Vse5mHuFWmbB3UH3thhTdl","😂"
"Devinda Jayawikrama","https://www.facebook.com/devinda.jayawikrama.3","🤣🤣🤣🤣🤣"
"Susantha Jayasooriya","https://www.facebook.com/people/Susantha-Jayasooriya/pfbid0cJfeFZ7oBQp18GemxUkoNydoBX6bVvdFXWSkNUWvQp7HTxwKzESeUNJExmo6nxwZl","😁😁😁😁"
"Dammika Nilantha","https://www.facebook.com/dammika.nilantha.718311","😂😂😂😂😂😂😂😂😂😂😂😂"
"Kalana Thennakoon","https://www.facebook.com/kalana1993","🙏🏻🙏🏻🙏🏻"
"Shanaka Prabath","https://www.facebook.com/shanka.prabath","😂😂😂😂😂"
"Dimuthu Niro","https://www.facebook.com/dimuthu.niroshan.501","😅"
"Chathura Ranaweera","https://www.facebook.com/chathura.ranaweera.5","😂😂😂😂😂"
"Wasantha K Wanasinghe","https://www.facebook.com/people/Wasantha-K-Wanasinghe/pfbid02B1RpEizcweTMAy6p6o69kGo4APoW4h9orecxwbupiSDNKETUTzX1mAv1esdKCqnnl","https://www.facebook.com/share/r/1E48BhoQwY/"
"Mahasen Sri Chackrawarthi","","🙏🙏🙏"
"Doni Doni","https://www.facebook.com/doni.doni.388227","[Image Attachment]"
"Janeesha Stories","https://www.facebook.com/janeesha.stories","❤️"
"Ajith Kumara","https://www.facebook.com/ajith.kumara.752783","❤️❤️❤️❤️"
"Ajith Premakumara","https://www.facebook.com/ajith.pramakumara.56","මෙයාට කිසිම පන්සලකින් සහොගයක් නරත මෙයා දැන් මෙයා ස⁣හයෝගය ඉල්ලනවා ඉන්න ගමෙ සියලු පන්සල් එක්ක ඇයි හොඳයියක් නැත කිසිම පනිසලකට වැද්ද ගනිනෙ නැත"
"Ruwan Senavirathna","https://www.facebook.com/ruwan.senavirathna.9469","😪😪😪😪😪😪😪😪😪😪"
"Nilmini Perera","https://www.facebook.com/people/Nilmini-Perera/100089692369654","[Sticker]"
"Ravindu Nethsara","https://www.facebook.com/ravindu.nethsara.98","😹"
"Mohamed Faizal","https://www.facebook.com/mohamed.faizal.155248","[Image Attachment]"
"Sudarshan Colin","https://www.facebook.com/sudarshan.colin.3","[Image Attachment]"
"Jagath Weerakoon","https://www.facebook.com/jagath.weerakoon.7","[Image Attachment]"
"Ajith Anushka","https://www.facebook.com/piyumi.madushika.3910","[Image Attachment]"
"Asiri Nuwan Rajapaksha","https://www.facebook.com/haddokaragedara.rajapaksha","https://www.facebook.com/share/v/1La136dE6M/    😂"
"Shammi Selveratnam","https://www.facebook.com/chami.fernando.79","[Image Attachment]"
"Priyantha Pushpakumara","https://www.facebook.com/priyanthap743","[Image Attachment]"
"Danushka Perera","https://www.facebook.com/danushka.dilshan.986","😁😁😁😁"
"Pushan Perera","https://www.facebook.com/pushan.perera.1","[Image Attachment]"
"Madusha Lakshan Jayasekara","https://www.facebook.com/madushalakshanjayasekaralakshan.jayasekara.9","🖕🖕"
"ආර්.ඒ ආලෝක","https://www.facebook.com/people/%E0%B6%86%E0%B6%BB%E0%B7%8A%E0%B6%92-%E0%B6%86%E0%B6%BD%E0%B7%9D%E0%B6%9A/pfbid04Ck6pGeBQeVhMFfnHRCCAxQ94Mz7pemBtq9zU32uWFNE8RnAygq5bm75cxfwx6hwl","🙏"
"Ranga Manoj","https://www.facebook.com/people/Ranga-Manoj/pfbid0ZNjecCkUdwusiBv93fcEczsBYHXLXe7VGZiuetX5HVEL69Su6yHmQph4NaeJLsUTl","[Image Attachment]"
"Kappetipola Kappetipola","https://www.facebook.com/kappetipola.kappetipola.2025","[Image Attachment]"
"Samantha Bandara","https://www.facebook.com/people/Samantha-Bandara/pfbid0tGzDCanBcMw64Hk9RgNmS5DRN4oRGiisUhjaxwkcLoFDqWQMLH6ztBtSzP9EzH23l","😂😂😂😂😂😂😂😂"
"Achintha Madubashana","https://www.facebook.com/achintha.madubashana.272877","Medha Jayarathne"
"Chathuranga Jayalath","https://www.facebook.com/profile.php?id=100001448162240","🤣"
"Chandana Mallikarachchi","https://www.facebook.com/chandana.mallikarachchi.3","[Image Attachment]"
"Pradeep Perera","https://www.facebook.com/pradeep.perera.585559","[Image Attachment]"
"Sujeewa Ranasinghe","https://www.facebook.com/sujeewa.ranasinghe.507605","😂😂😂😂😂"
"Saranga Kiridena","https://www.facebook.com/saranga.kiridena.5","[Image Attachment]"
"Viraj Seth","https://www.facebook.com/viraj.perera.12914","😂😂😂"
"Sampath Bandara","https://www.facebook.com/sampath.bandara.15078","🖕😂"
"Gunasena Perera","https://www.facebook.com/gunasena.perera.626381","[Image Attachment]"
"Naleem Muzammil","https://www.facebook.com/naleem.musamil","[Image Attachment]"
"Shanthi Nanayakkara","https://www.facebook.com/profile.php?id=100002828667470","😂😂😂😂"
"Raja Sinha","https://www.facebook.com/raja.sinha.390295","❤️🔥❤️🔥❤️🔥❤️🔥❤️🔥❤️🔥❤️🔥❤️🔥❤️🔥❤️🔥❤️🔥❤️🔥❤️🔥"
"Shehan Jayawickrama","https://www.facebook.com/shehan.jayawickrama.384582","😂"
"Anurapawan Wijesingha","https://www.facebook.com/anurapaean.wijesingha.7","අනේ හුත්තෝ"
"Padmasiri Jayalath","https://www.facebook.com/people/Padmasiri-Jayalath/pfbid021hbubhhYAzr9tq7fGJi4DSi4wH5XJKPB7d7UsPLfSnaobwQpGVvSTG8NJPKGS4TPl","😂"
"Milindu Sulakkana De Zoysa","https://www.facebook.com/milindu.sulakkana","😂😂😂😂😂😂😂"
"Pathum Sanjeewa","https://www.facebook.com/sanjeewapathum211","😂😂😂"
"Neel Kumara","https://www.facebook.com/neel.kumara.220819","නියමයි ❤️‍🔥"
"Mohana Devi","https://www.facebook.com/mohana.devi.7393","[Sticker]"
"SmGayan U Kumara","https://www.facebook.com/smgayan.u.kumara","[Image Attachment]"
"Chandragupta Gamini Kannangara","","[Image Attachment]"
"Iresh Samanpriya","https://www.facebook.com/iresh.samanpriya.7","[Image Attachment]"
"Sadun Jayamaha","https://www.facebook.com/people/Sadun-Jayamaha/pfbid02VNSmuuXgZaH4sCxMtrrFSKTzkvqTsCPvpF3dqtRCNh9y4BmqEPPWN2vtQ3BcF6Sal","[Image Attachment]"
"Mali Atnaheyaka","https://www.facebook.com/mali.atnaheyaka","😢😢😢😢😢😢😢😢😢😭😭😭😭😭😭"
"Kalum Perera","https://www.facebook.com/kalum.perera.7568","[Image Attachment]"
"Mohammed Musadhik","https://www.facebook.com/people/Mohammed-Musadhik/pfbid031Km1ZwrT4kgeALtetqwKhZT8EJLfjFFRX9ummj99ANcwRhkTHXDjzTp5sYRpCir3l","[Image Attachment]"
"Wenura Getamanna","https://www.facebook.com/wenura.getamanna.2025","[Image Attachment]"
"Nishan Madhuranga","https://www.facebook.com/nishan.madhuranga.859656","😵‍💫✋"
"Westergaard Holle","https://www.facebook.com/ib.holle","[Image Attachment]"
"Dhanushka Sanjeewa","https://www.facebook.com/dhanushkaaluthgedara.lk","😂"
"Radeesh Kandy","https://www.facebook.com/radeesh.kandy.58","[Image Attachment]"
"Tha Rin Du","https://www.facebook.com/profile.php?id=100087750672265","[Image Attachment]"
"Ñeraňjañ Ånürå","https://www.facebook.com/neranjan.anura","🖕"
"Anura Wijesiri","https://www.facebook.com/people/Anura-Wijesiri/61581753480641","[Image Attachment]"
"Mohamed Naushad","https://www.facebook.com/people/Mohamed-Naushad/pfbid02SCRftQoSG64yGmPp4KJ1WRs5k87LZgLozFiTRDKF43cuyE6E5TzSFxTLmhoi43SUl","[Image Attachment]"
"Prabath Perera","https://www.facebook.com/people/Prabath-Perera/pfbid02s6VeB2RLP3ErqV9G9zDsRHNZTqbfWJdn5FFX5Bam7sUBrLMkEU99YGjaCvao18Dl","🤣"
"Uha Palith","https://www.facebook.com/people/Uha-Palith/61560377173125","[Image Attachment]"
"Chandra Kuma","https://www.facebook.com/chandra.kuma.273703","[Image Attachment]"
"Chuti Putha","https://www.facebook.com/chutichathu.chutichathu.5","[Image Attachment]"
"කුරුණෑගල ගෝඨාභයබලඇණි","https://www.facebook.com/people/%E0%B6%9A%E0%B7%94%E0%B6%BB%E0%B7%94%E0%B6%AB%E0%B7%91%E0%B6%9C%E0%B6%BD-%E0%B6%9C%E0%B7%9D%E0%B6%A8%E0%B7%8F%E0%B6%B7%E0%B6%BA%E0%B6%B6%E0%B6%BD%E0%B6%87%E0%B6%AB%E0%B7%92/pfbid02TRQv9P23YBoediw4Jw3zg4CiWkz4zjNZLtvzxTQxGq4JNq2iHKt4tZZg1vncA1FSl","[Image Attachment]"
"Himanshu Gunarathna","https://www.facebook.com/himanshu.gunarathna","🤮🤮🤮🤮🤮🤣🤣"
"Nihal Premathilaka","https://www.facebook.com/people/Nihal-Premathilaka/pfbid028JpZrs4hpWTt9ohTbHbfRSRPA99dWjnd9PsvtsjEnsYYt9xUrzLvuhCnS2oJmYzGl","[Image Attachment]"
"Wasantha Kumara","https://www.facebook.com/people/Wasantha-Kumara/pfbid0nSsa387wNozE7RKq6t4Ub1UirAri5Q2VsT1cR6sKT1HEP4jDkyXSv3dQ5JNVf5S9l","[Image Attachment]"
"Nawarathna Amunumulla","https://www.facebook.com/nawarathna.amunumulla","😂😂😂😂😂😂😂😂😂😂😂😂😂"
"Lakmal Thusara Thusara","https://www.facebook.com/people/Lakmal-Thusara-Thusara/pfbid02AJoUQ6bMkVLiHPRzBrXkHbgH9zJxu68ygfNxa4FJSANYMtH1xjcVUFgsSVrcR4Jzl","[Image Attachment]"
"Piuantha Piyatha","https://www.facebook.com/people/Piuantha-Piyatha/pfbid02zCExaisXCRB8PcjzGYNKYnWyKj33jkfsa7z347kx4wPV5uAbFkduApQXxpS7WQvl","[Image Attachment]"
"Don Prabath Madushanka","https://www.facebook.com/prabath.madusanka.372019","😂😂😂😂"
"محمد سعود","https://www.facebook.com/mudsahud","🤣🤣🤣"
"Shantha Shantha","https://www.facebook.com/shantha.shantha.474631","[Image Attachment]"
"Rasika Sampath","https://www.facebook.com/rasikasampath719","[Image Attachment]"
"Rohitha Neranjan","https://www.facebook.com/ruwan.rohitha.7","[Image Attachment]"
"Asusantha Susanthas","https://www.facebook.com/asusantha.susanthas","🤮🤮🤮🤮🤮🤮🤮🤮🤮🤮🤮🤮🤮🤮🤮🤮🤮🤮🤮🤮🤮🤮🤮🤮🤮🤮🤮🤮🤮🤮"
"Malisha Liyanaga","https://www.facebook.com/people/Malisha-Liyanaga/100094214587705","🔥"
"Anusha Daminda Lionel","https://www.facebook.com/anushadaminda.lionel","තොපි කොහෙද යකො සිල්වත් භික්ෂූන් වහන්සේලා වෙන්නේ ...කරන්න පුළුවන් හැම කුපාඩි වැඩක්ම කරලා දැත් මෙතන වැලලෙන්නේ තොපි හරි බබාලා .."
"SG Seelan","https://www.facebook.com/gajan.kumar2","😭😭😭"
"Jayasri Jayasri","https://www.facebook.com/sasindu.sandaru","[Image Attachment]"
"Nimal Padmasiri Sinhabahu","https://www.facebook.com/nimalpadmasiri.sinhabahu","[Image Attachment]"
"Panduka Jayanath","https://www.facebook.com/panduka.jayanath.1","[Image Attachment]"
"Janaka Janaka","https://www.facebook.com/janaka.janaka.96545","[Image Attachment]"
"සුන්බුන් විපස්සේ","https://www.facebook.com/SunbunVipasse","[Image Attachment]"
"Nuwan Damith","https://www.facebook.com/nuwan.damith.3","[Image Attachment]"
"Ranjith Wijesuriya","https://www.facebook.com/people/Ranjith-Wijesuriya/pfbid031dfpMBdVKLBe7hvVCVfjP2GEJUcMJqkxwiZE5vvMQK8moDsUtjVNQZ4CokuvbAjLl","[Image Attachment]"
"Shanaka Perera","https://www.facebook.com/shanaka.perera.940","￼💩💩💩🐄"
"Lakshan Madushanka","https://www.facebook.com/Lakyshan","[Image Attachment]"
"Bihan Sudara","https://www.facebook.com/bihan.sudara.3","💩💩💩"
"Kotahena Pickerings Rd","https://www.facebook.com/kotahena.pickerings.rd","[Image Attachment]"
"හේමාල් විතානගේ","https://www.facebook.com/profile.php?id=100005551757907","https://www.facebook.com/share/r/18K8wDCcTy/   😂😂😂"
"Avinda Ranganath","https://www.facebook.com/avindaranganath","[Image Attachment]"
"Sumith Priyantha","","https://www.facebook.com/share/v/19Q7cnkqLE/?mibextid=wwXIfr"
"Mahesh Pushpakumara","https://www.facebook.com/mahesh.pushpakumara.927","[Image Attachment]"
"Tony Haniffa","https://www.facebook.com/tony.haniffa","😂😂😂😂😂😂😂🍾🥂"
"Asanka Tusith","https://www.facebook.com/asanka.tusith.3","[Image Attachment]"
"Disna Kumari","https://www.facebook.com/people/Disna-Kumari/pfbid0RxmxWJMmeS42a7U2RZnwfvvhtiYXjtcPTMd5T5e1H6iQpZzMLcQdRg4sGQRAwFKml","[Image Attachment]"
"Ruwan Kumara","https://www.facebook.com/people/Ruwan-Kumara/pfbid0bMxDU1zi4qCBKbsf2Lc6JvHMLReWoddkDdDxS4Tb1D7XRDExgkgr6DiyrQbtbbYql","[Image Attachment]"
"Thikshana Thikshana","https://www.facebook.com/people/Thikshana-Thikshana/pfbid02FYjWk829QEXSzzV2H6u5CCFNmNZpWc5Gjcvx7gLQsuCSF8BtxVmZxhpDsgHvdZbfl","[Image Attachment]"
"Amila Prageeth","https://www.facebook.com/amila.prageeth.186761","[Image Attachment]"
"DM Abeykoon","https://www.facebook.com/people/DM-Abeykoon/pfbid029snwjgky9qsgd1UCf5iKrC6pScDbpmiwPTjsaKbA88xjb3rar6UUuCmKA18T9SXRl","[Image Attachment]"
"Faizal Mohammed","https://www.facebook.com/people/Faizal-Mohammed/pfbid0329GQXLoWk9va5LrjXLuurMPMDPNRzKNY9zKd4PzLwwzECDBDS6sZsPpooi3AcJ8bl","[Image Attachment]"
"Sachin Abeydeera","","[Image Attachment]"
"Nuwan Danushka","https://www.facebook.com/nuwan.danushka.185217","[Image Attachment]"
"Sudeera Prasad","https://www.facebook.com/sudeera.prasade","[Image Attachment]"
"Rohith Ariywns","https://www.facebook.com/people/Rohith-Ariywns/pfbid02fB6tBCSAagwDCtAiAZYuzjteLRpq5W1Cw8EJzhVeUi2p38fmeGj3qMxfkBQCEuWRl","කහ පක්කු"
"Ishara DW","https://www.facebook.com/profile.php?id=100008867673475","😅😅"
"Rasika Sampath","https://www.facebook.com/people/Rasika-Sampath/pfbid0cLQzNoCC2qqJ5ppEoskuAbRjY2GqsCagixnHDTdLihDvUJekeYfYii6yxBb8gHPRl","[Image Attachment]"
"Priyanka Stainless","https://www.facebook.com/people/Priyanka-Stainless/pfbid02JGYQtycUtufdk9XDgqE4mZyDBPdbWweDL8t5DjMhGjrMJdJk2jCrzDWvz9DNKmWLl","[Image Attachment]"
"Indunil Ashan De Silva","https://www.facebook.com/ashan.desilva.338","[Image Attachment]"
"Sarath Chandra","https://www.facebook.com/people/Sarath-Chandra/pfbid017y3AW97fV25GeqcPtXkx9tTNCA5eE2wyBCqzgNbMEi9tp4PySY1NcvZYrzsCb4cl","[Image Attachment]"
"Lasanta Pranando","https://www.facebook.com/profile.php?id=100035996238617","🙏🙏🙏🙏🙏🙏🙏🙏🙏🙏🙏🙏🙏🙏🙏🙏🙏🙏🙏"
"Pmeththananda Theropinnagolla","https://www.facebook.com/pmeththananda.theropinnagolla","එලකිරි.සියලු පර ජාන ඩෝබි ජේවීපී එව්න්ට ගම් වලින් ගහල පන්නමු."
"Chami Lesthuruge Gles","","🤮🤮"
"Mayura Buddhika","https://www.facebook.com/mayura.buddhika.18","🤣🤣🤣🤣🤣🤣🐂🐂🐂🐂🐖🐖🐖🐖🤣🤣🤣🤣"
"Saman Pathmaperuma","https://www.facebook.com/saman.pathmaperuma.2025","[Image Attachment]"
"Mohamednisar Nisar","https://www.facebook.com/mohamednisarn","[Image Attachment]"
"Indunil Manawadu","https://www.facebook.com/indunil.manawadu.2025","[Image Attachment]"
"Shimal Wickramaratne","https://www.facebook.com/profile.php?id=100000587078622","[Image Attachment]"
"Rashmika Bandara","https://www.facebook.com/rashmika.bandara.34302","🖕🖕🖕🖕"
"Ruchika Hettiarachchi","https://www.facebook.com/ro.hettiarachchi","[Image Attachment]"
"Chaminda Senadeera","https://www.facebook.com/chaminda.senadeera.1460","[Image Attachment]"
"Anura Gallage","https://www.facebook.com/anura.gallage.2025","[Image Attachment]"
"Nuwan Jay Rane","","[Image Attachment]"
"Ameshal Rashq","https://www.facebook.com/nasenaram","අටලෝ දහමින් කම්පා නොවෙන්න කිවුව කෙනාම අම්මටසිරි වෙන්න කම්පා වෙලා ඉන්නවා දැක්කාම 🙄"
"Mohamed Murseed","https://www.facebook.com/mohamed.murseed1","🖕"
"Sajith Darshana","https://www.facebook.com/sajith.darshana.900","🖕"
"Dilini Wanigasekera","https://www.facebook.com/people/Dilini-Wanigasekera/pfbid0PwNhzS23ecd1Az1s6LhbJWoJFUVMoG5Dc9UjUhyWJgV1QTPdN8mLwsivgVJcvNRol","පල"
"Lahiru Wikramasinha","https://www.facebook.com/people/Lahiru-Wikramasinha/pfbid06sAfY5UbxjQeuKZiJwh9Xz7UtwXigTmm2wrhuK79dRTRf8ruerfx4XsJEneVWmXKl","😂මුන් ඔක්කොම හොරු. කාලකන්නි රටට සාපයක්. මුන් සිවුර ඇදන් ඉන්නේ දේශපාලුවෝන් ගෙන් ගු කන්න මිසක් මිනිස්සු සසර ගමනෙන් එතර කරන්න නෙවේ"
"Asanka Lanka","","💩"
"Themika Sasmitha","https://www.facebook.com/people/Themika-Sasmitha/pfbid02odg5ApLtf8aX9m7mVvUGQH6vJbFMiR4BPpL1pFyjvUhvsR8jYpSKYsPEyoQQv3DKl","උබේ ගන්ටාරෙට ගහනවා ඇති රෑට 😂😂"
"Shaan Kulasuriya","https://www.facebook.com/shaan.kulasuriya","[Image Attachment]"
"Duminda Alwis","https://www.facebook.com/duminda.alwis","[Image Attachment]"
"zikzak","https://www.facebook.com/people/zikzak/61590977600751","[Image Attachment]"
"Aps Yapa","https://www.facebook.com/people/Aps-Yapa/pfbid02B9crWgxcjRBdbsYTCymGw28r3r1JpJkuKQjjv4vqgLuxKptr7Y6nHmLQWbZWfbQZl","පිංබත් සට්ටම්බි සෝම්බි කහකඩය .... මූ හොරු සමග හෙලුවෙන් ...."
"Wasantha Kumara","https://www.facebook.com/wasantha.kumara.470501","පලයන් පොන්නයෝ පින් බතා"
"Lalith Prasanna","https://www.facebook.com/lalith.prasanna.370","[Image Attachment]"
"Thilak Pathmasiri","https://www.facebook.com/people/Thilak-Pathmasiri/100080681169512","[Image Attachment]"
"Neil Anosh","","[Image Attachment]"
"Sudath Abayawickrama","https://www.facebook.com/sudath.abayawickrama","🤢🤮👎"
"Kasun Dananjana","https://www.facebook.com/people/Kasun-Dananjana/100093462818158","🖕"
"Par Kumara","https://www.facebook.com/p.a.r.kumara","[Image Attachment]"
"Prasanna Buddika Kudaliyanage Don","https://www.facebook.com/people/Prasanna-Buddika-Kudaliyanage-Don/pfbid0jTmuj8WFkZdC7mpE19tDkBE5whhf6dSXKM65qeHuFdwZvTKqrEGC9GKwT77CoV1Xl","කොහොමද කැම්පේන් එකරාජපක්ෂල බේරගන්න කරන"
"Anil Fonsek","https://www.facebook.com/anil.fonsek.2025","[Image Attachment]"
"Rojeshan Max","https://www.facebook.com/rojeshan.max","[Image Attachment]"
"Sahnju Nuwan","https://www.facebook.com/sahnju.nuwan","[Image Attachment]"
"Kevin Daniel Nicholas","https://www.facebook.com/sujeewa.bandara.58","[Image Attachment]"
"Bpsk Dariju Santha Kumar","https://www.facebook.com/bpskdariju.santhakumar","[Image Attachment]"
"Mikal Jooj","https://www.facebook.com/npp.npr.2025","[Image Attachment]"
"Bhagya Perera","https://www.facebook.com/bhagya.perera.575901","[Image Attachment]"
"විෂ කටු","https://www.facebook.com/iwonpntfh4","https://www.facebook.com/share/v/1KHdiebMEx/"
"Janaka Koralage","","[Image Attachment]"
"Parakramabahu","https://www.facebook.com/parakramabahu.parakramabahu","ගහගන් තොගෙ ඇටදෙකට.කැරිගනයා"
"Dilshan Fernando","https://www.facebook.com/dilshan.fernando.100605","පංසලට වෙලා තියන දෙයක් කාලා හිටපල්ලා..තෝපේ එවුන් සිවුර පිටින් හැමිනෙනකොට හොදයි..සිවුර පිටින් අරක්කු,සිගරට්,ගංජා ගහනකොට හොදයි..අනේ යකෝ...😡😡"
"Lionel Jinawansa Perera","https://www.facebook.com/lionel.jinawansa.perera.2025","[Image Attachment]"
"Prabath Shanaka","https://www.facebook.com/people/Prabath-Shanaka/100009905206172","ගංටාර  ගහන්න ප්‍රංශය අක්ක එන්නෙ නැද්ද  දුව එක්ක😂😂😂😂"
"Urumahia Thilak","","[Image Attachment]"
"Thilaka Rathna","https://www.facebook.com/people/Thilaka-Rathna/pfbid02ZcPMzKC9FQwDNw7HFEAxZR48VZG6tpTfvxhiYGQLnAzFU9Ad5KifE5fMw2oY5LAzl","උඹේ ඝණ්ටාරේ  ගහ ගනින් ප.............යා"
"Aruna Jayarathna","https://www.facebook.com/aruna.jayarathna.545","පල    පරයා    යන්න"
"Dinesh Karunarathna","https://www.facebook.com/dinesh.karunarathna.940","අනේ පල http යන්න සක්කිලියා."
"Thusitha Wickrama","https://www.facebook.com/thusitha.wickrama.2025","[Image Attachment]"
"Vajira Desilva","https://www.facebook.com/vajira.desilva.143521","පල වෙසිගේ පුතා.. තොපිට හරි අමාරුයි.. තොත් බල්ලෙක්"
"Thanuja Amarasinghe","https://www.facebook.com/thanuja.amarasinghe.79","නීතියට සිවුරු දාගෙන උන්නා කියලා නෑ වැරදි කරුනම් අනිවාර්යයෙන් දඩුවම් ,,,මේ ආන්ඩුවට කලින් සිවුරු ගලෝපු භික්ෂුන් ඉන්නවා ."
"Amila Suranjith","https://www.facebook.com/amila.suranjith.984","Enna epa thopi ape gamtan"
"Gunasekara Ranepura","https://www.facebook.com/gunasekara.ranepura.2025","විනයක් නැති සංවරකමක්් නැති තෝ හාමුදුරු කෙනෙක්ද නිර්මල බුද්ධ ශාසනයට අවමන් නොකර සිවුරු හැර ගෙදර පල තොගේ බණ අපිට වැඩක් නෑ"
"Rohan Dabare","https://www.facebook.com/rohan.dabare.3","පල හුත්ෙතා් යන්න"
"Gimhan Fernandiz","https://www.facebook.com/dil.dil.56863221","[Image Attachment]"
"Mendis Mendis","https://www.facebook.com/people/Mendis-Mendis/pfbid071U3CFCNgB2pN9UR4osBi3Jdzy2AdJaqcv7M4jCwRT794fZ16TXyWECvESXy6eg7l","උබේ ගන්ටාරේ ගහගනින් හහුත්තිගෙ පුතා"
"Kumari Wanasinghe","https://www.facebook.com/kumari.wanasinghe.146","Mendis Mendis තොගෙ අප්පගෙ එකද කාළකණ්ණිය. 🤮🤌"
"Sathima Hemamali","https://www.facebook.com/people/Sathima-Hemamali/pfbid02bcNHxnMu2AC32CMq273TtwMFYomG4ujaNPmJZWLTFGYSNYY2KXNg3eoNrbgrMcfKl","🙏🙏🙏🙏 ඔබ වහන්සේගේ මේ උතුම් ව්‍යායාමය සර්වප්‍රකාරයෙන්ම සාර්ථක වෙන්න ප්‍රාර්ථනා කරනවා 🙏🙏🙏"
"Suriyawansa Degamboda","https://www.facebook.com/suriyawansa.degamboda","පල.  පල.  තිත්තයො.   උබලගෙ.   කාලෙ.   ඉවරයි"
"Kasun Chandima","https://www.facebook.com/kasun.chandima.48803","නෑමොලයගෙ බහු කාර්ය විරෝධතාකරු උක් ගොයියත් ඉන්නවා 😂😂😂"
"Ramesha Chathurangi","https://www.facebook.com/ramesha.chathurangi.2025","තොපි සිවුරු දාන් ගහන් ගේම් මිනිස්සු දැන ගත්ත දවසට පංසලේ ඝංටාරෙ කෙසේ වෙතත් තොපේ කකුල් දෙක අස්සෙ තියෙන  ඝන්ටාරෙ ගලවනවා මිනිස්සු 😂😂"
"Renuka Kehelella","https://www.facebook.com/people/Renuka-Kehelella/pfbid0YTYuBWCEX7KYRUFWzF9Pq1m5oEf223L3N8uRydJJH3ELvLGA5MNMJv6YFTKYwoddl","සිවුරට කරන ගෞරවයක් හැටියට  මේකගෙ සිවුර ඉවත් කරන්න"
"Hangili Gedara Amarasekara","https://www.facebook.com/profile.php?id=100002171943251","හූ..හූ..හූ. අපතයා"
"Kelum Nishanth","https://www.facebook.com/people/Kelum-Nishanth/100010099593863","ඝන්ඨාරේ ගැහුවම හරියනවද, එතකොට උඹට සනීපයි. උඹ ඔය කඩේ යන්නේ රාජපක්ෂලාට රාජපක්ෂලාට බං. රාජපක්ෂලා පාලනය කරද්දී උඹලා කොහේද හිටියේ."
"Rasika Fernando","https://www.facebook.com/people/Rasika-Fernando/pfbid0kSM227TWeYEQ6sg6uZaZFBQntkbKDHadFZAGjPJoJRCbGVeKAunNUn3bEHdWKF7Jl","තොගෙ ඇටදෙකට හීනි කෝටුවකින් ගහගනිං"
"Gihani Asansa","https://www.facebook.com/people/Gihani-Asansa/pfbid0bte82y5NwR49CMndCAgK3ec2fkXsSdPbDgsRNGacWCHUeaAYQCVqW37qaRhE2Kpxl","🪷මනුෂ්‍යත්වයේ අත්සන තබන්න ඔබට කරන ශාසනික ආරාධනයයි! ⚖️ උතුම් බුද්ධ ශාසනයේ චිරස්ථිතිය උදෙසාත්, චීවරයේ අභිමානය සහ මනුෂ්‍යත්වයේ උත්තරීතර ගුණධර්මයන් සුරැකීම උදෙසාත් දීපව්‍යාප්තව ක්‍රියාත්මක වන ""මනුෂ්‍යත්වයේ අත්සන"" ලබාගැනීමේ ධාර්මික චාරිකා කාලසටහන මෙසේ ශ්‍රද්ධාවෙන් යුතුව නිවේදනය කර සිටිමු. 🛡️                                                                                                                                                               🧭 සියලුම වැඩසටහන් ආරම්භ වන වේලාව: සෑම දිනකම උදෑසන 8:00 ට (උදේ 8.00 ට)  ""මනුෂ්‍යත්වයේ අත්සන"" - නිල කාලසටහන 📍 • 🗓️ ඔක්තෝබර් 09 (සිකුරාදා): දකුණු පළාත් මෙහෙවර • ගමන් මාර්ගය: දෙවුන්දර ➡️ මාතර ➡️ වැලිගම ➡️ හබරාදූව ➡️ ගාල්ල කොටුව • 🗓️ ඔක්තෝබර් 10 (සෙනසුරාදා): දකුණු වෙරළබඩ / බස්නාහිර මෙහෙවර • ගමන් මාර්ගය: හික්කඩුව ➡️ අම්බලන්ගොඩ ➡️ ඇල්පිටිය ➡️ බෙන්තොට ➡️ අලුත්ගම ➡️ කළුතර • 🗓️ ඔක්තෝබර් 11 (ඉරිදා): බස්නාහිර පළාත් (කොළඹ දිස්ත්‍රික්) මෙහෙවර • ගමන් මාර්ගය: පාණදුර ➡️ මොරටුව ➡️ රත්මලාන ➡️ දෙහිවල ➡️ කොළඹ • 🗓️ ඔක්තෝබර් 12 (සඳුදා): බස්නාහිර පළාත් (ගම්පහ දිස්ත්‍රික්) මෙහෙවර • ගමන් මාර්ගය: පෑලියගොඩ ➡️ කැලණිය ➡️ කඩවත ➡️ ගම්පහ • 🗓️ ඔක්තෝබර් 13 (අඟහරුවාදා): සබරගමුව පළාත් මෙහෙවර • ගමන් මාර්ගය: නිට්ටඹුව ➡️ වරකපොල ➡️ අඹේපුස්ස ➡️ කෑගල්ල • 🗓️ ඔක්තෝබර් 14 (බදාදා): මධ්‍යම පළාත් මෙහෙවර (උඩරට චාරිකාව) • ගමන් මාර්ගය: මාවනැල්ල ➡️ කඩුගන්නාව ➡️ පිළිමතලාව ➡️ මහනුවර • 🗓️ ඔක්තෝබර් 15 (බ්‍රහස්පතින්දා): මධ්‍යම / මාතලේ දිස්ත්‍රික් මෙහෙවර • ගමන් මාර්ගය: මහනුවර ➡️ කටුගස්තොට ➡️ මාතලේ ➡️ නාවුල ➡️ ගලේවෙල ➡️ දඹුල්ල • 🗓️ ඔක්තෝබර් 16 (සිකුරාදා): උතුරු මැද පළාත් (අනුරාධපුර) මෙහෙවර • ගමන් මාර්ගය: හබරණ ➡️ මරදන්කඩවල ➡️ තඹුත්තේගම ➡️ අනුරාධපුර • 🗓️ ඔක්තෝබර් 17 (සෙනසුරාදා): උතුරු මැද / පොළොන්නරුව මෙහෙවර • ගමන් මාර්ගය: මින්නේරිය ➡️ හිඟුරක්ගොඩ ➡️ පොළොන්නරුව ➡️ කදුරුවෙල • 🗓️ ඔක්තෝබර් 18 (ඉරිදා): පුණ්‍ය භූමි මහා සමාප්තිය • ස්ථානය: මිහින්තලාව පුදබිම 🪷 (සියලු සැදැහැවතුන් මිහින්තලාවට ඒකරාශී වන උතුම් දවස)"
"නිපුනි තාරුකා","https://www.facebook.com/people/%E0%B6%B1%E0%B7%92%E0%B6%B4%E0%B7%94%E0%B6%B1%E0%B7%92-%E0%B6%AD%E0%B7%8F%E0%B6%BB%E0%B7%94%E0%B6%9A%E0%B7%8F/61575886360905","ගහපන් ඇට දෙක"
"Nandani Narangoda","https://www.facebook.com/nandani.narangoda.1","රජුන් අධාර්මිකයි රජු හොරා තක්කඩිය කේවට්ටයා කෙබරයක්"
"නලින්ද නිරංජය","https://www.facebook.com/people/%E0%B6%B1%E0%B6%BD%E0%B7%92%E0%B6%B1%E0%B7%8A%E0%B6%AF-%E0%B6%B1%E0%B7%92%E0%B6%BB%E0%B6%82%E0%B6%A2%E0%B6%BA/100002141869807","ඇට දෙකේ ලනුවක් බැදගෙන පන්සලේ හිටගෙන නැමිලා ඉඳපන් ජනතාව ඇවිල්ල ගහයි... වල්ලට ඈ…….."
"Anushka Sanjeewa","https://www.facebook.com/anushka.sanjeewa.336","නලින්ද නිරංජය oii oii 😂"
"නලින්ද නිරංජය","https://www.facebook.com/people/%E0%B6%B1%E0%B6%BD%E0%B7%92%E0%B6%B1%E0%B7%8A%E0%B6%AF-%E0%B6%B1%E0%B7%92%E0%B6%BB%E0%B6%82%E0%B6%A2%E0%B6%BA/100002141869807","Anushka Sanjeewa මුන්ගේ නොම්බර නැනේ බන් කොල් කරලා කියන්න"
"Anushka Sanjeewa","https://www.facebook.com/anushka.sanjeewa.336","නලින්ද නිරංජය පිස්සෝ... ටිකක්"
"කවියා පරිච්ඡේදය - The Chapter","https://www.facebook.com/people/%E0%B6%9A%E0%B7%80%E0%B7%92%E0%B6%BA%E0%B7%8F-%E0%B6%B4%E0%B6%BB%E0%B7%92%E0%B6%A0%E0%B7%8A%E0%B6%A1%E0%B7%9A%E0%B6%AF%E0%B6%BA-The-Chapter/61593375905073","ඉතිහාසය පෙළපොත් වලිනුත් අයින් කරලා උගන්වන ඒකත් නතර කරපු රටක දැනට ඉන්න නිරාගමිකයෝ තියා ඉදිරි පරම්පරාවක් වත් එහෙම වෙයි කියල හිතන්න වත් පුලුවන්ද 🙆‍♂️  එ උනාට දෙමල මිනිස්සු නම් ඔව්න්ගේ ඉතිහාසය අලුතින් ලියලා පොත් වලට දාල උගන්නනවා තිපන් වැනි LTT කාරයෝ ඉස්කෝල වල ප්‍රසිද්දියේ සමරනවා අපි දෙමල බාෂාව විෂයක් විදිහට ඉගෙනගත්තට එ ගොල්ලෝ දෙමළ මුස්ලිම් දේකම සිංහල බාෂාව විෂයක් විදිහට ඉගෙනගන්නේ නැ... ඉස්සර  පිහිය මුවත් කතුරු මුවත් වඩේ වඩේ ගාගෙන ආපු තම්බියා ටයි වතුවල වැඩට ආපු නයි නටවන්න රිලව් නටවන්න සාස්තර කියන්න ආපු දෙමල ටයි රෙද්ද උස්සපු ගැනුන්ගෙ ළමයි දැන් මේ coment එකට එයි රෙද්ද උස්සගෙන එ උනාට තොපි දැනගනියව් ලෝකේ ඉන්න කුහකම ජාතිය තොපි හෙට අනිද්දට තොපි යන්න රටක් හොයාගනිල්ලා ඉස්සරහට ප්‍රබාකරන් වීරයෙක් කියල තොපි තොපේ දරුවන්ටත් උගන්නපල්ලා එ කරලා දෙමළෙක් හරි කොන් කපාගෙන තම්බියෙක් හරි වෙයල්ලා.. මම කතෝලික කොච්චර රෙදි උස්සගෙන ආවත් මට ගානක් වත් නැ කුහක පාවාදෙන හැත්ත 🖕🖕🖕රටේ නමට ඉන්න මහනායකලා කියල බුදියගෙන ඉන්න අන්දයෝ තමයි මෙව්වට වගකියන්න ඕන ඉස්සර වෙලා උන්ව අදිසුකොපා්බෝගි සදලු තලෙන් බිමට බස්සල මිනිස්සුන්ට රටට ජාතියට ආදරෙ කරන හැටි කියල දෙන්න කියන්න මහනායකලා ඔහොම වෙද්දී අනුනායකලා ගැන කවර කතාද තනිකර බිස්නස් කාරයෝ වෙලා දරු පව්ල් නඩත්තු කරනවා වගේ නිකක් රටක් ජාතියක් ගැන කිසිම ගානක් නැ උන්ව මිනිස්සු දකින්නෙත් මොකෙක්හරි පර ඇමතියෙක් ලොකු පිරිකරක් අරගෙන මීඩියා එක්කන් පන්සලට ගියාම විතරයි 🤮🫵"
"රාබූ කෑ පදක්කම් විරුවා","https://www.facebook.com/people/%E0%B6%BB%E0%B7%8F%E0%B6%B6%E0%B7%96-%E0%B6%9A%E0%B7%91-%E0%B6%B4%E0%B6%AF%E0%B6%9A%E0%B7%8A%E0%B6%9A%E0%B6%B8%E0%B7%8A-%E0%B7%80%E0%B7%92%E0%B6%BB%E0%B7%94%E0%B7%80%E0%B7%8F/61591590669792","මොන පගෙක්ද වුත්තො මේ"
"Upul Priyatha","https://www.facebook.com/upul.priyatha.923","බුද්ධාගම  අවභාවිතා  කරන  එකට  ............මුන්ට  නීතියෙන්  මොනවහරි  කරන්න  ඕන..............ගන්ටාරෙ  උබෙ  ගහපන්.............ඕක  ගහල  හරියන්නෑ  ඒකට  නඩුවක්  දාපන්"
"Janaka Mallawa Arachchi","https://www.facebook.com/people/Janaka-Mallawa-Arachchi/61593752160994","ගණ්ටාරෙ ගහගනිං උඹෙ පුකේ htthpth"
"Nelson Jayaweera","https://www.facebook.com/people/Nelson-Jayaweera/pfbid0Yz28z3mMXvsBd5AEyDTVwsezN1S9dgssucyFRKoW9pZAMYGBFP2w27m65A4YvG6fl","තිත්තගල්ලයවත්   ඇතුලට   දාපියවු"
"Kodippili Ranasinhe Jayasena","https://www.facebook.com/kodippili.ranasinhe.jayasena","Ayage siura galeuwe na wedi tiyala maruwa"
"ගොළු හදවත","https://www.facebook.com/w4vv2999np","ඇයි අපේ සිංහල බෞධයා සංඝරත්නය වෙනුවෙන් නැගිටින්නේ නැත්තේ නැගිටපල්ලා සංඝරත්නයට ඇයි කතා කරන්නේ නැත්තේ 🥺🥺"
"Jayantha Kudabanda - Jay","https://www.facebook.com/jayantha.kudabanda","ශාසනය විනාශ වන්නේ මෙවැනි කාලකන්නී කහකඩ බත්බැලයන් නිසාම බව සමාජය තේරුම්ගෙන අවසන්. Comments කියවපං වසලයා.. උඹලට කිසිම පිලිගැනීමක් නෑ.. උඹලා අවලංගු කාසි, සමාජය පිළිකුල් කරනබව තේරුම්ගෙන පැත්තකට වෙන්න. අසූචි තැවරුණු දෙකොන ගිනිගත් ගිනිසිලුව අතැතිව රට පුරා ගිනි තියමින් යන තවත් හනුමෙක් මේ... මේ ශාසනය විනාශ කිරීමට උපන් පාදඩයෙක්."
"Hussain Mohammed","https://www.facebook.com/hussain.mohammed.104063","දැන්වත් මහණ වෙයව්."
"Dayani Sagarika","https://www.facebook.com/people/Dayani-Sagarika/pfbid02YxGjPanoFTi6VjxroZEBag4EEAzZrqTS6xQpyWktC38rQtvZ4HMq3FPvNLFniB1ql","🙏🙏🙏🙏🙏🙏🙏මු   රජෙක්   නෙමෙයි   හමුදුරුවොනෙ   මු   කොටි   ත්‍රස්තවාදියෙක්    මුගෙ   පාලනය    කොටි   ඩයස්   පොරාවෙ   ඔන   හැටියට   පාලනය    වෙන්නේ"
"MA Shirantha","https://www.facebook.com/people/MA-Shirantha/pfbid035VzEdTraBubdWsS24ekZQgn6gNtf1GujunvQqPEvE4B7odurUHqH6imvi6v6oi8El","මේ  රටේ  රජු  අධාර්මිකයි"
"Hutch Hutch","https://www.facebook.com/hutch.hutch.2025","ලංකාවේ හාමුදුරුවෝ කැරි බොනවා"
"Gamaralalage Wickramasinghe","https://www.facebook.com/people/Gamaralalage-Wickramasinghe/pfbid0j87kpeepeW9Jg9x82vGLMgaLmYehpK4aysLqnFWNwKkgev31g1FHSab9CLFRhoFol","නියම.බුද්දපුත්තරයින්දේසපාලනය.කරන්නෙිනැත⁣.දේසපාලුවන්ටකඩෙයන්නේනැත..නානසාර.තිත්තගල්ල.මුන්චිවරදාරින්පමනය.හරනම්.මුන්ගෙචිවරගලවල"
"Mangala Jayawardana","https://www.facebook.com/people/Mangala-Jayawardana/pfbid0atsMxzThfkfcEgn4RDLbx8pv4R6kWFjojVeE9K65uPKZhF4Y55mpM94zTTiWsCj4l","උබේ ඇට දෙක හොල්ලපන් කැ#  ජාතිවාදියා"
"Senavi Rathna","https://www.facebook.com/people/Senavi-Rathna/pfbid0g3LfjeWf4mw13YBeYA3yLS6NGPaBz4dayHzDwGTBizBpks3TDWgy4QQukoZvsAU6l","සිංහය නිහ ඩ ක ල නො හැ කි යි.,"
"Manjula Perara","https://www.facebook.com/manjula.perara.77","තොපෙ අම්මට ගහපිය පොන්න හුත්තිගෙ පුතා"
"Sam Vader","","බුරපං තවටිකක්’ උබේ මෛත්රය රෙද්ද පල්ලෙන් බේරෙනවා"
"Ahsan Khan","https://www.facebook.com/people/Ahsan-Khan/100016810531619","වැරැදි කෝටියක් කරපු මිනිහෙක්ට තවත් සිව්රු අන්දවන්න හැමනෙන කුපාඩියණ් බලකෝ  හරි එහෙම නම් පන්සල් අස්සට රිංගන බඩුන් පන්සල තූළම හාමුදුරුවන්ගේ සිව්ර ගලවලා නිදිවදින එකට තොපි හොර හැත්තට පු.. අමාරුවක් නැද්ද"
"Pathima Perera","https://www.facebook.com/people/Pathima-Perera/pfbid02KkbmyuyzHoWMiT2muLgVf2LjZHvwUtAu9K8gfre4Q9E4qdejfKjLUr5tfiz3AEaRl","නියමයි මල්ලි කතාව තොපේ පයියවල්. වනපිය නෑමොළයට පුකදීපන් කැරියා හුකා"
"Manjula Kumara","https://www.facebook.com/manjula.kumara.620560","හමුදුරැවො බොරැවට කැහැගාන්නේ නැතුව මේ මොකද වෙන්නෙ කියලා බලන්න මිනිසුන් නොමග යවන වැඩකරන්නට  එපා"
"Dimuthu Lasantha","https://www.facebook.com/profile.php?id=100006442530020","ගණ්ඨාර ගහන පන්සල් උයාගෙන කාපල්ලා"
"Hasitha Shiroman","https://www.facebook.com/hasitha.shiroman","දැන්වත් මහණ වෙයව්."
"Mal Kanthi","https://www.facebook.com/mal.kanthi.693735","මහන උනා කියල කරන බලු වැඩක් කරන්න දෙන්න බැ ලමයි දුෂනය කරනව ඵව හොදයිද"
"Roshan Rajapakshe","https://www.facebook.com/roshan.rajapakshe.2025","මෙයා හදන්නේ කොහොම හරි කාගෙන් එල්ලිලා ගොඩයන්න ඊළඟ සඟ රජු කියලා බෝඩ් එකක් ගහගන්න"
"Ashraf Ali","","උක්ගොවියා behind the scene eke 😂"
"Dinesh Roky","https://www.facebook.com/dinesh.roky.7","පිස්සු"
"Chaminda Jayanath","https://www.facebook.com/chaminda.jayanath.273068","උබල පන්සල් වල කොල්ලෝ ගහානව"
"Manoj Rajapaksha","https://www.facebook.com/manoj.rajapaksha.79230","බණ කියපු කාලයකුත් තිබිලා 😁😁😁😁"
"Thushan Karunarathna","https://www.facebook.com/thushan.karunarathna.90","දරැවා දූෂණය කළ එකාට තොපි මොකද කලෙ,සිවුර දාගත්ත ගස්බල්ලො උඔල එතකොට නිවන් දැකලද?"
"Sudda Wasa","https://www.facebook.com/sudda.wasa","මහින්දට ද...කියන්නේ"
"Roshan Gunarathna","https://www.facebook.com/roshan.gunarathna.446533","මේ හාමුදුරුවොන්ගේත් සහය 🙏🙏"
"Vishwa Pinibidu","https://www.facebook.com/vishwa.pinibidu","Pala h k yanna"
"Dmb Pathman","https://www.facebook.com/people/Dmb-Pathman/pfbid0UeQB16rca8Kh2KErLuve4zHjKUxtpZeMAySAobet2rpzVny9yN3hA6cALs1mJXUnl","එකෙක්  පන්සල්වලට යන්න එපා එපා."
"Dulanjan Pasindu Jayaweera","https://www.facebook.com/dulanjan.pasindujayaweera","ගණ්ටාරෙ හෙලෙව්ව කියල ඉතින් හම්බුවෙයි 😂  Anura Kumara Dissanayake බැරිද Sajith Premadasa මූ එක්ක එකගතාවයකට ඇවිත් වෙනම ගම්මානයක් හදල දෙන්න මේ සිවුරු ඇදන් ඉන්න හොර cari තට්ටයොන්ව කොටු කරන්න 🤣"
"Surej Whs","https://www.facebook.com/people/Surej-Whs/pfbid02TaFxiZWgu3pFxa6Wee1QEUw2wMgh5s5pgCzRisghQHsRBdioGT2praMJp3KLbx1el","තෝ මහන වෙච්ච  පන්සල කියපන් කාලකන්නි තට්ටය තෝ නිදන් කඩපු හොරෙක්නෙ යකෝ පන්සලේ ගන්ටාරෙ නෙවෙයි තො ලග තියන ගාන්ටාරෙ ගහගනින් ආගමක් ජාතියක් ජම්මයක් නැති තුප්පහිය..."
"Tharanga Amaya","https://www.facebook.com/people/Tharanga-Amaya/61576118896025","අපිට පාන්ද හුකන්නො ගන්ටාරෙ බැයිනමිි තොගෙ අට දෙකට ලණුවක් දාන් කාටහරි අදින්න කියාපිය😁😁"
"Damith Pathmendra","","උක්ගොයිය නේද අර ඉන්නෙ?"
"Saman Danangala","https://www.facebook.com/saman.danangala.16","ගහපන් තොගෙ ගාන්ටාරෙ... බලාගෙන හිටපන්"
"Indu Indu Perera","https://www.facebook.com/indu.indu.perera","කහගනි සිවුර ගැලෙවිවෙිහොරේක්ගේනේ අනේ කහකඩයෝ"
"Ginnaliye Pannarama","https://www.facebook.com/profile.php?id=100016265381341","💩🤮😡දු:ප්, කසළ වසල අපත අපරාධකාර කහකඩ පර බැල්ලිගෙ පුත්තු😡🤮💩!!!"
"Buddika Kusumsith Wickramasuriya","https://www.facebook.com/bwickramasuriya","Gana pakayonta ona de karanna api harakda?"
"Priyashantha Anura","https://www.facebook.com/priyashantha.anura.2025","අපි නම් මාර සතුටින් ඉන්නේ පලයන් තිත්තයෝ උබ"
"Sanju Sanjeewa","https://www.facebook.com/sanju.sanjeewa.77398","මෙහෙම එළියට බැහැල පාරේ කෑගහලා මිනිස්සු අවුස්සන කුලප්පු කරන මෙ මිනිස්සු අත්අඩංගුවට ගන්න ඕනේ. මේ මිනිස්සු මේ දඟලන්නේ උසාවි නීතියකට උසාවියෙන් දීපු තීන්දුවකට විරුද්ධව. එතකොට මෙයාල මේ කෑ ගහලා මිනිස්සු අවුස්සලා අභියෝග කරන්නේ නීතියටද."
"Madhura Sanjeewa","https://www.facebook.com/madhura.sanjeewa.2025","ඔබ වහන්සේලා වෙනුවෙන් බෞද්ධයන් ඉන්නවා. මුග්ධ පාලනය එලවලම දාන්න ඕන"
"Sathsarani Rathnayaka","https://www.facebook.com/people/Sathsarani-Rathnayaka/pfbid02F7cehWRysmvyVDTwFeTCknP2ovyyMDaopYC9TTBfkRapmeoc8G2AA1mjnGEzq67Gl","යක්සයෙක්නෙ  මේ කෑ ගහන්නෙ මේ යක්සයාගේ  සිවුර ගලවන්න ඕනේ අපේ රජු  දාර්මිකයි"
"Nishantha Lal","https://www.facebook.com/nishantha.lal.2025","පල කැරි කහකඩයා තො කියන දෙ කවූද කරන්නෙ"
"Indika S Dodangolla","https://www.facebook.com/people/Indika-S-Dodangolla/100070359746046","Uba mahana wadiuan ...sasanaeeii kannaei natiwa .."
"Sameera Mendis","https://www.facebook.com/sameera.mendis.179467","Makabavila pala jvp කාරයෝ"
"Sumedha Mayadunna","https://www.facebook.com/sumedher","මුන්ට ඕනා රට අන්තවාදයට ඇඳලා දාලා උන්ගේ වැඩේ කරගන්න, මුන්ගේ සිවුරු පාතාලය මැඩ පැවැත්වීමට මාසයක් දානය දීමෙන් වර්ජනය කරන්න කියලා මම ඉල්ලනවා"
"Chandra Jayalal","https://www.facebook.com/chandrajayalal","Kakanni jeppo rata kanawa"
"Ubcm Munasingha","https://www.facebook.com/ubcm.munasingha","සම හරක් බෞද්ධයොත් ෆාදර්ල වෙනුවෙන් විතරක් පෙනීඉන්නව කම්පාවෙනව."
"Nilan De Silva","https://www.facebook.com/nilan.desilva.188","තොපි තමයි සිවුරට මුවා වෙලා , නයි නැටෙව්වෙත් ."
"Nuwan Sri","https://www.facebook.com/people/Nuwan-Sri/pfbid0aPi7KeJmxSox73wd9cc4PHahozou8cLv3mGehaLs9dGGe8bTsLWbPuQ3reH7qRRcl","Balapan gantare wadinawada kiyal"
"Rohana Wicramasingha","https://www.facebook.com/rohana.wicramasingha","හාමුදුරුවනේ දැන් වත් ශාසනික සේවාවක් කරන්න ,කන්තෝරුවේ හාමුදුරුවෝ ,සදගිරිසෑයේ හාමුදුරුවෝ ,කුඩාපානේ ආනන්ද හාමුදුරුවෝ වගේ ශාසනික සේවාවක් කරන්න .."
"Indrani Herath","https://www.facebook.com/indrani.herath.381935","Rohana Wicramasingha ඔහු නැතේ බැරි ලමයින්ට  කොච්චර  පිහිට වෙනවද 😢😢"
"Shantha Liyanage","https://www.facebook.com/shantha.liyanage.986","තිත්තගන්න හුත්තිගේ පුතා තොගය අට දෙකෙන් එල්ලන්න ඕනෙ පථයා"
"Roshan Duminda","https://www.facebook.com/roshan.duminda.526","අනේ පල පම්කයා යන්න...කැම් රියා..."
"Sanjeeva Mudiyanse","https://www.facebook.com/profile.php?id=61554086127738","Thoge gantare thamaie hollanna wenne...mas wadda"
"Inguruwatta Asanka","https://www.facebook.com/inguruwatta.asanka","ඇයි මෙච්චර කෑගහන්නේ කෑගහන්නේ? මීට කලින් හිරේට ගියපු වෙලාවෙත් ඔය විදිහටම සිවුර ගලවලා හිටියා නේද ඇයි මෙච්චර දඟලන්නේ?"
"Nirosha Anne","https://www.facebook.com/nirosha.anne.644131","Sell wathe sadula sewure Hetiyama atiy"
"Chaminda Srilanka","https://www.facebook.com/people/Chaminda-Srilanka/pfbid02TaoddaHZYNXynouM7MpsWkM5rFVEHpzkD98G8NsG8iCxNsvXe2QRNssb6bkkz4dKl","තොපි සිවුර දාගෙන කොච්චර බලු වැඩ කරනවද ඒවා නතර කරපිය"
"Amw Adikari","https://www.facebook.com/amw.adikari.2025","එහෙමනන්  සියලුම හාමුදුරැවරැ හිරේ යන්නඔිිනනෙ  සියලුදෙනාම එහෙම කලේනැ මෙයත් යන්න ලගයි"
"Kumara Kumara","https://www.facebook.com/people/Kumara-Kumara/pfbid02jvy4aNXyUxJhg2R8KM5Ut4ynM6xrYYdBRi9pxVPazixRXAvTzt6c6ft8n3Un6JWal","තොපි කොහෙද හිටියේ අටමස්ථානාධිපති අර පොඩි දරුවා ඇදට ගද්දි තොපි ඔය ගරු අදිකරණයට අබියෝග කරන්නේ"
"Thimal Madawaththa","https://www.facebook.com/profile.php?id=100073908121508","Supiriyak ape haamuduruwane🔥🔥🔥🔥Katha dekak na mun ekenma iwarai Kala yuthui,,,,balan hitiya hodatama athi,,,,,Sinhala ratak loke kohewath na,,,,,"
"Mahinda Thennakoon","https://www.facebook.com/mahinda.thennakoon.9","පල පල ගෙරියා"
"Prasana Kumara","https://www.facebook.com/prasana.kumara.278492","ගමේ පන්සලේ ඝණ්ටාරේ ගැහුවොත් පන්ලේ අවසානේ"
"Prasana Kumara","https://www.facebook.com/prasana.kumara.278492","තොගේ ගණ්ටරේ ගහගනින්"
"Mihiran Lakshitha","https://www.facebook.com/people/Mihiran-Lakshitha/61578966957877","කැරි ගනගෙඩියො විනඩි පහලවක් කකුල්දෙක ඈත් කරන් වනවනා යිදපන් .කැරි කොලුකාරයො"
"Lasantha Wickramasinghe","https://www.facebook.com/people/Lasantha-Wickramasinghe/pfbid02HEUcMWWSHuWa4HwH7svxCkFkpiT1c3Cv4bDKkavJYzL9QaouuKHiTAJ1BHeNNcFDl","Anura supiri munta rewila"
"Bandula Pattiyage","https://www.facebook.com/bandula.pattiyage","හොරෙක් වෙනුවෙන් ගන්ටාර ගහන සියලුම පන්සල් වලට දානය දිමෙන් වලකින්න"
"Achila Manawadu","https://www.facebook.com/achilamanawadu","ඇයි බං මේ හමුදුරුවෝ හොදට හිටියා මහන වෙලා හිටියද."
"Lakmal Thusara Thusara","https://www.facebook.com/people/Lakmal-Thusara-Thusara/pfbid02AJoUQ6bMkVLiHPRzBrXkHbgH9zJxu68ygfNxa4FJSANYMtH1xjcVUFgsSVrcR4Jzl","Palahutto pansalata"
"Sanjeewa Madushanka","https://www.facebook.com/sanjeewa.madushanka.545","අනේ පලයං සිව්ර ඇදගත්තා කියලා තෝවගේ පොන්න කැරියොන්ට මිනිස්සු නැමෙන්නේ නෑ පකෝ.. 🤣🤣🤣"
"Nuwan Devinda","https://www.facebook.com/people/Nuwan-Devinda/100005578965844","අපේ පන්සල් වල එහෙම වෙන්නේ නෑ...දේශපාලනය කරන පන්සල් නෙමේ අපේ.පන්සල්"
"Chandana Thilaka","https://www.facebook.com/chandana.thilaka.771","පර ගනයෝ තෝගේ තෝගේ කකුල්දෙක අස්සෙ ගන්ටාරෙ ගහගං පකය"
"Sunil Amadoru","https://www.facebook.com/sunil.amadorugalappaththige","අනේ පලයන් හුත්තෝ යන්න. දෙකට නැමිල ගහගනින් උඛේ  ඇටදෙකට."
"Chathura Rangika Peris","https://www.facebook.com/chathura.rangika.peris","අටමස්ථානාධිපති පොඩි දරුවෙකුව දූෂණය කරනකොට තොපි කොහෙද හිටියෙ හුත්තෝ අධිකරණය දුන් තීන්දුවකට අත තියන්න තොපිට කොහෙත්ම බෑ කහකඩයෝ හොරුන්ට කඩේ යනවනම් සිවුර ගලවලා පල කාලකන්නියා"
"Wajira Buddika Niyarakatiya","https://www.facebook.com/wajira.buddika.9","එ අස්සෙ බංකොලොත් දෙශපාලුවොත් ගොඩ යන්න දගලනවා. අහුන්ගල්ලෙ නිදන් හාරද්දී ගන්ටාරෙ ගහන්න එකෙක් හිටියෙ නැ"
"Chaminda Kumara","https://www.facebook.com/chaminda.kumara.855258","ගන්ටාරෙ ගහන්න පල කාලකන්නි තිත්තය තෝ අහුවුනොත් තොගේ සිවුරත් ගලලනව ගලවල මහනායකයින්ට බාරදීල උන්දලටත් හොදවයින්අමතල එන්නෙ මෙහෙම මහානායකයින් වැඩක්නෑ"
"Sahan Sahan","https://www.facebook.com/sahan.sahan.926939","සිව්රටත් අවනම්බු කරන ගන හැත්ත"
"Prasangi Wimalarathne","https://www.facebook.com/prasangi.mudannayaka","Wasantha Vithana ඔයා එදාට එන්නකෝ....😊"
"Indrasiri Gunarathna","https://www.facebook.com/people/Indrasiri-Gunarathna/pfbid037oYwoKtwautk6crmsRR9auReb5TKjWrMUKKjHnZ8svezzDWh88QXifX81tBtCs29l","පල  සිවුර දන පට්ට හොර ජනයෝ"
"Situm Situm","https://www.facebook.com/people/Situm-Situm/pfbid0Asg86KfgctTfSdrrMw7ryZHDsrcJNQjy1cXxkzHoxwiYBGNqQhpT7F6HNK3eYXiYl","අපේ පන්සල් වල එහෙම වෙන්නේ නෑ...දේශපාලනය කරන පන්සල් නෙමේ අපේ.පන්සල්"
"Nisantha Nisantha","https://www.facebook.com/nisantha.nisantha.749385","පර ගනයා තොගෙ සිවුර උස්සලා ගහපිය ගනටරේ ගහපිය රට කන්න ආපු කාලකන්නි"
"Chandima Ranasingha","https://www.facebook.com/chandima.ranasingha.94","Nimal Kariyawasam   හැබැයි  ඉතින්    ඔප්පු වෙලා තියෙනවනම්  තාම හිරේ  ගියෙ  නෑනෙ   අනික  අවුරුදු  ගානක්  ගිහින්   ගනිකා මඩමකදි  පොලිස්සියට   අහුවෙලා  කියපු  කතාවක්නෙ   ඕක  එහෙම  කරානම්  ඒ  දවස්වල  නීතිමය  පියවර  ගන්න  තිබුනනෙ"
"Nimal Kariyawasam","https://www.facebook.com/nimal.kariyawasam.52","Chandima Ranasingha පල්ලේගම හේමරතන හිමියන් රැඳී සිටි විහාරස්ථානයේ ආවාස ගෙය තුළ මෙම සිදුවීම සිදුව ඇති බවට අධිකරණයේදී කරුණු හෙළි වී තිබේ. මම අහන්නෙ  නඩු  තීන්දුවෙන්  සිරගත  වෙන්න තීන්දුව ලැබුනොත්  සිව්ර පිටින්ද යා යුත්තේ.."
"Madhura Jayarathne","https://www.facebook.com/people/Madhura-Jayarathne/pfbid029ffsgRd5wjsxCyrLB6iPbx7G8DAvMTGJ9n77KGMVCdwsy1f9opLCCJkK3YgEW3P3l","අනේ පල පොන්නය යන්න 😂😂😂😂😂"
"Yamunark Udani","https://www.facebook.com/yamunark.udani","මිනිස්සු මීට වැඩිය බුද්දිමත් ව හිතන්න සිවුර ට ගරු කරපු ස්වාමින් වහන්සේ කෙනෙක් වැරදි කරයි ද කෑ ගහන මේ හමුදුවෝ ඇතුළු අනිත් හාමුදුරු අයත් සිවුර ට ගරුකරල සත්‍යයට ගරු කරන්න ඕන මගේ මතේ"
"Lasith Eranda","https://www.facebook.com/people/Lasith-Eranda/pfbid02rwfYhsXatiVRH5AARYcQRh6QyL9AoT2VsWedgLYxVMkRguDWT7NNoUahWga1sfiql","තොගේ සිවුරත් ගලවන්න ඕනෙ තමයි පර බල්ලා"
"Kingsley Senanayake","https://www.facebook.com/kingsley.senanayake.2025","අනේ පල හුත්තෝ තොපි බුද්ධාගමට ගරහන නිගන්ඨයො. තොපිට සිවුරු දාගෙන සක්කිලි , දහදුරා වැඩ කරන එක හොඳයිද."
"Ana Anas","https://www.facebook.com/people/Ana-Anas/pfbid0TgbRpmpt1j5HXGJv3gy7taMFKDkaa67s2AbuaRo9aSrjjt5mYY8V2fBhBmnoHAdal","Pransa akka manoja ekka kamare kiparak gelewwada"
"Jayalath Gamage","https://www.facebook.com/jayalath.gamage.104","උඹගෙ ගංටාරෙ බේරගනින් කරකවල කඩන්න කලින්"
"Samitha Rangana Fernando","","Adiyak gahamua 🤣🤣"
"Jayarathna Kuruppu","https://www.facebook.com/jayarathna.kuruppu.10","ගමපන් ඇටේ"
"Jayarathna Kuruppu","https://www.facebook.com/jayarathna.kuruppu.10","තිත්ත තිත්ත  උබෙත් ගලවන්න වෙනවා"
"Kpd Athula","https://www.facebook.com/people/Kpd-Athula/pfbid0coiZWhWwxsVNkjiEjiqhJBKjozUexqwMkS9SrdUcSpzkqV1RBhX4e7nL16VpBEhil","ගො පකො ගනයා"
"Thusitha Yapa","https://www.facebook.com/thusitha.yapa.427893","කාලකන්නි බල්ලො උබලගෙ ජඩකං ඉවසන සීමාව පන්නගෙන ගුටිකන දවස ලං වෙනව...මැදමූලන ගූකන බල්ලො ඔක්කොගෙම සිවුර ගලවන්නම වෙයි වගේ...කලබල නොවී හෙමිහිට කරමු...නැත්තං මුන් අපිට බුදු දහමත් නැති කරනව."
"Darshana Pradeep","https://www.facebook.com/darshana.pradeep.378","දරු පවුල"
"Ilyas Saleem","https://www.facebook.com/ilyas.saleem.75","ප්‍රංශ අක්කා ආවෙ නැද්ද නානා බලන්ඩ?"
"Prasanga Ranaweera","https://www.facebook.com/prasanga.ranaweera.5","මේ තිත්තගල්ලේ තනිකරම කරන්නේ political agenda එකක්. මෝඩ බෞද්ධයන් මුලාවෙයි. බහුතරයක් නම් නෑ"
"Kumarathilaka Bandara","https://www.facebook.com/rthnkbandara","උබ තමයි අධාර්මික 😜 උබලට මොකටද සිවුරු. වෙරළ අයිනෙ සිවුරු නැතුව කොට කලිසම් ඇදගෙන නායක ස්වාමීන් වහන්සේලාට බැන්නෙ මූ නේද. උබට ගණ්ඨාරයක් තියෙනවානම් එක හයියෙන් ගහපන්. අපේ පංසල්වල ගණ්ඨාරෙ ගහන්නෙ ආගමික වතාවත්වලට ප්‍රයෝජනයට ගන්න. රට කන්නැතුව සිවුර ගලවලා පලයව් යන්න. සිල්වත් ස්වාමීන් වහන්සේලාටත් තොපි වගේ හරක් නිසා තැනක් නැ. ශාසනය ඉවරයි තොපි වගේ එවුන් නිසා."
"අශෝක හේරත්","https://www.facebook.com/people/%E0%B6%85%E0%B7%81%E0%B7%9D%E0%B6%9A-%E0%B7%84%E0%B7%9A%E0%B6%BB%E0%B6%AD%E0%B7%8A/pfbid029sgcMV1CDwXWcEgDAuNkLFch345pgCHXhtDfViksqnP6AsoiHqdy8AJB9pS95Ybzl","මුංව ගූ ගහලා එලවන්න කාලය ඇවිත් නේද?තනිකරම ප්‍රභාකරන්ගෙ සුක්‍රානු.ngo පාපතරයන් සනසන්න මුංට උවමනාව.අමු අමුවෙ බුදු දහම විනාශ කරන්න මුං සැරසෙන්නෙ.දහමක් ජාතියක් නැති පාපතර පච රැලට හෙන පතමු."
"Nayana Kuma","https://www.facebook.com/people/Nayana-Kuma/pfbid0KomXZ1mceS4xEBBXkHt19CeBpZPRsu49ycwczonbdVRn1AQzsVA2eqPtfer7rVLjl","අනිවාර්යෙන්.මොන වහලා මොන වසලයා විරුද්ධ වුනත් එකාමෙන් සමඟීව බුද්ධ සාසනය රැකගැනීමට පෙරට නොයා මේ පර ගැති නිවට ආණ්ඩුව පන්නා නොදැම්මොත් ජාතියේ මළගම නතර කල නොහැකි හොඳින් මතක තබා ගතයුතුයි ."
"Anangaya Anangaya","https://www.facebook.com/anangaya.anangaya.709956","දිගටම  ගගහා  ඉදපියවු   පකයොන්ට  මතක  නැහැ  සිදුහත්  කුමාරයා  ගිහිගෙය  අතහැරියෙ  ඇයි  කියලා  කලකිරිලා  මහන  වෙච්චවුන්  නෙමෙ  සිවුරට  මුවා  වෙලා  පාටි  දාන්න   හම්බකරන්න  අපු  කලකන්නි  මුදලාලිලා"
"Lasantha Gamage","https://www.facebook.com/people/Lasantha-Gamage/pfbid0kJGGFsy67EE3P1xdXGKnZz2JBcG1fFmZhwNJDP542FNwHHoBkmTKs8fLvyuVP6cUl","පලයන් බන් යන්න උබත් උඩ පනිනව වැඩියි වගේ බලමු උබගෙ කටින් පිටවන ධර්මය කුමක් විය හැකිද කියල"
"Rashmika De Silva","","මේ http පිස්සු හැදිලා වගේ"
"Asanka Lanka","","අපි දලදාව වටේ රේස් පදිමු . ඔහෙ එනවයි.  නැත්නම් දෙවුන්දර කක්කැ පුකෑ බඩ එලියෑ  මාලු ඩාන්ස් දාමු."
"Asanga Asanga","https://www.facebook.com/people/Asanga-Asanga/61588757810723","උබේ අම්මාට හුකපන්"
"Hubert Karunaratne","https://www.facebook.com/hubert.karunaratne.9","මල්ලී සිවුරු ගලවලා නෑ..උන් ගලවගෙන .උබ හිතුවද ලන්කාවෙ ඉන්නෙ හරක් කියලා..පල පල."
"Piyasiri Kodithuwakku","https://www.facebook.com/piyasiri.kodithuwakku.2025","පල පල හු"
"Amila Rathnayake","https://www.facebook.com/amila.rathnayake.988896","එතකොට යකෝ උ කලින් රට ගිය වෙලේ සිව්ර ගලෝලා ඩෙනිමක් ගහගෙන හිටියේ 😂😂 පල පල"
"Janitha Kumara","https://www.facebook.com/janitha.kumara.930877","Mee nigantayavath allala athulatha dammanam Budda sasane winasha wena eka nawathi"
"Darshana Rathnayaka","https://www.facebook.com/darshana.rathnayaka.9","රාජපක්ෂ නිකායෙ සල්ගාදුලා 😂😂😂😂😂😂😂😂😂😂😂😂😂😂😂😂"
"Danushka Twa","https://www.facebook.com/danushka.twa","පලයන් හොර ගනයා උඹේ අම්මා ට ගහපන් පන්සලට ගෙන්නල්ල"
"Thusitha Dasanayaka","https://www.facebook.com/thusitha.dasanayaka.2025","සිවුර අස්සට අතදාල ගංඨාරෙ ගහපන්😂"
"Maduranga Danushka","https://www.facebook.com/maduranga.danushka.96","තොපේ සංග පාතාලයත් අවසන්. ගුටි නොකා ඉදපියවු.ගෑනු ගන්න අඩි පුඩි ගහන්න තොපිට හොදයි. අපේ පන්සල් වල ගන්ටාරෙ ගැහුවොත් දානෙ නැතෝ"
"Eranga Munasinghe","https://www.facebook.com/eranga.munasinghe.75","ගහගනින් තොගෙ ලග තියන දෙක"
"Sayani Sayani","https://www.facebook.com/sayani.sayani.726999","Nanasara  karapuwa  tho  dannadda  ai  hora  kanna  barida   ko  umandawa ganaya  oma yaddi  maraniya  dandayath  wai"
"Nipuna Tharuka","https://www.facebook.com/nipuna.tharuka.763988","Nathi wenna giya Budda sasane mehema hari gadewa....ekai mg prarthanawa"
"Suji Sanjeewa","https://www.facebook.com/suji.sanjeewa.3","පල පල යන්න   වර හොලන්න අල්ලන්"
"Uha Palith","https://www.facebook.com/people/Uha-Palith/61560377173125","> *""සිවුරේ ගෞරවය රැකෙන්නේ ඒය කැමරාව ඉදිරියේ පෙන්වීමෙන් නොවෙයි. සිවුර දරන ජීවිතය තුලින් ඒහි ගෞරවය රැකීමෙනි.""*  ඒක තමයි ඇත්තම කාරණාව.  1.  *සිවුර කියන්නේ නිල ඇඳුමක් නෙවෙයි, ජීවන විලාසයක්:* සිවුර දරන කෙනාගෙන් සමාජය ලොකු විනයක්, සංවරයක් බලාපොරොත්තු වෙනවා. ඒ ගෞරවය කැමරාව ඉස්සරහ පේන්න කරන දේවල් වලින් නෙවෙයි, කැමරාව නැති තැන කරන දේවල් වලින් තමයි මැනෙන්නේ.  2.  *එක පුද්ගලයෙක් නිසා මුළු ශාසනයම විනිශ්චය කරන්න එපා:* මේ වගේ සිදුවීමක් දැක්කම අපිට තරහ යන එක සාමාන්‍යයි. ඒත් ලක්ෂ සංඛ්‍යාත භික්ෂූන් වහන්සේලා නිවැරදිව විනය රකිමින් වැඩ ඉන්නවා. එක වැරදි පුද්ගලයෙක්ගේ ක්‍රියාවක් නිසා මුළු බුද්ධ ධර්මයම, මුළු මහ සඟරුවනම ""ව්‍යාපාරික ධර්මයක්"" කියලා හංවඩු ගහන එක සාධාරණ නෑ.  3.  *මේ වගේ ෆොටෝ / වීඩියෝ ශෙයා කරන එක ගැන:* මේක ඇත්ත සිදුවීමක්ද, AI එකෙන් හදපු එකක්ද කියලා අපි දන්නේ නෑ. ඒ වගේ පෞද්ගලික, සංවේදී දේවල් තව තවත් ශෙයා කරන එකෙන් වෙන්නේ අපේම සිතුවිලි කිළුටු වෙන එක සහ බුදුදහමට තවත් නිගාවක් එකතු වෙන එක විතරයි.  ඒ නිසා හොඳම දේ තමයි, වැරදි කරන පුද්ගලයන්ට නීතියෙන් සහ විනයෙන් දඬුවම් ලැබිය යුතුයි කියලා ඉල්ලන එක. ඒත් ඒක අලලා මුළු ආගමටම අපහාස නොකර ඉන්න"
"Greshan Jayasinghe","https://www.facebook.com/greshan.jayasinghe.2025","අනේ බං ඕක තිබ්බා කියලා බුදුදහම ට මුකුත් වෙන්නෙත් නෑ..ඒක නිසා කට වහං පලයං ගෙදර"
"Nuwan Jayasingha","https://www.facebook.com/nuwan.jayasingha.984","බෞකාපන් ගොන් වේසෝ නෙදකින් චී"
"Mahindha Randeniya","https://www.facebook.com/mahindha.randeniya","එකසිල්පදයක් නොරැක්තොත් උපසමිපදාව නැතිවෙනව"
"Dissanayaka Dissa","https://www.facebook.com/dissanayaka.dissa.98031","Awajatyakq unn mahana karama"
"Rangan Predeep","https://www.facebook.com/rangan.predeep","පුක දිපිය පාහර අසික්කිත අසමත් ජාති කාළකණ්ණි සක්කිලි අවජාතක වනචාරිය"
"Sujith Kumara","https://www.facebook.com/sujith.kumara.71404","උබේ ගන්ටාරෙ උබම ගහපං  වෙන ගහන්න කෙනෙක් නැ"
"Janitha Kanthi","https://www.facebook.com/people/Janitha-Kanthi/pfbid02gthgjGPj6QeJHNSrmpjjfFh75AcJi6zPpXyYK38saQxGG76MVDoSJAvzi9jVx9mQl","ගොඩක් ගරු කරා මේ හාමුදුරුවන් ට දැන් නම් විහිලුවක් පන්සලේ වැඩක් බලාගන්නේ නැතුව"
"Athula Athula","https://www.facebook.com/people/Athula-Athula/61591214530800","ඇහොරගනයො,ලමයේක්දුසනයකරේ සීඋරදාගේනනේද හු#තො.තොපීඒවටත්බැපීයකොපරට,"
"Priyantha Singhaba","https://www.facebook.com/priyantha.kumara.58152","පලයන් හුත්තිගෙ පුතා 9 පුප පලාගනින් 😂"
"Sanju Avishka","https://www.facebook.com/hiran.avishka.1","වැරැද්ද වැරැද්දම තමයි කවුරු කරත් 👍"
"Shanthi Pathi","https://www.facebook.com/shanthi.pathi.2025","ඒ උඹේ අදහස ගන්ඨාරේ ගහපං ගෙදර ගිහිල්ල සිවුර ගලවල පිනට කියල කන එවූන් සත පහක් වියදම් නොකර බුද්ධාගමේ තමයි කහකඩ යෝ  පාරට බහින්නෙ කෝ අනික් ආගම්වල ඕව උඹලගෙ ඔය නීතියට ආණ්ඩුව යටවෙන්නෙ  නෑ ඒක මතක තියාගන්න පලයං ගෙදර නිකං කන එවූන්🤣"
"Dase Dase","https://www.facebook.com/people/Dase-Dase/pfbid02H8UEJMzqEWcK3H16ZsxdBmaCLR77KECVnkwFZgnmmwPJ8XNr87ncv5GAiehbHirpl","ගහපන් සිවුර උස්සලා අහවල් එක ගොන් රැල😡😡"
"Prabath Kodithuwakku","https://www.facebook.com/prabath.kodithuwakku.7","රජු ධාර්මිකව මිනීමරද්දී ඔටුන්න හිමි කුමාරයා එක්ක බෑවනාකරා කිව්වේ"
"Susantha Kumara","https://www.facebook.com/people/Susantha-Kumara/pfbid02TZActXxwcbRUhD9Hq7FMcmwG8HgYwfKH43KWXiahJRABCpjnx9cFh9Z45hbppWtjl","සාසනෙ රැකෙන්නෙ පාරටබැහැල,උසාවි ඉස්සරහ,සිවුරු ගලෝගන කැමරා ඉස්සරහ පක්ෂයකට කඩෙගියාට නෙමෙ."
"Dilan Chanaka","https://www.facebook.com/people/Dilan-Chanaka/61577957740158","තොපි අවොත් ගුටි දෙන්නේ"
"Roshan Madhu","https://www.facebook.com/people/Roshan-Madhu/pfbid0uggBYBKc2fzpydAejAdAkrgyheoV53jiDt9Garcds8Hjy1PFH8hfcqfC41r1K7cYl","මූ හින්දා තමා ජනාධිපති සමාව හම්බ වෙන්නේ නැත්තේ අර හාමුදුරුවෝට ...... අවසානෙට මූ කියයි මූට බය වෙලා ජනාධිපති තුමා සමාව දුන්න් කියලා...."
"Mahendra Kumara","https://www.facebook.com/mahendra.kumara.179433","උඹේ ගන්ටාරෙ ගහගනින් තිත්තයො"
"Diyan Karunamuni","https://www.facebook.com/diyan.karunamuni.9","මොකටද හුත්තො ගන්ටාරය ගහන්නෙ"
"Lalith Prasad","https://www.facebook.com/lalith.prasad.67347","මුන්ට හොදටම පිස්සු හැදිලා ඉන්නේ ...පට්ටම හොරු ...රාජපක්ෂලා පාගාව දිලා තියෙන්නේ මුට..රට අස්තාවර කරන්ඩ..ඔව්වාට රටේ මිනිස්සු අහුවුණා ඉස්සර"
"Dinesh Hemantha","https://www.facebook.com/dinesh.hemantha.773517","උඹේ යට ගණ්ඨාරෙ ගහ ගනින්."
"Ranjith Abeysekara","","අපි එන්නේ නෑ තොපි පලයව් 😂😂😂"
"Kankanamge Dhammika","https://www.facebook.com/kankanamge.dhammika.1","අනිවාර්යන් අරූට දීපු අවුරුදු  3 දඩුවම අවුරුදු 10 ක් කරන්ඩ . මුන් නිසා ඉල්ලන් කෑව කියල"
"Velegedara Nevil Jayarathne","https://www.facebook.com/profile.php?id=100030273372420","🙏🙏🙏♥️♥️♥️♥️🙏🙏🙏🙏🙏♥️♥️♥️♥️♥️🙏🙏🙏🙏♥️♥️♥️♥️♥️🙏🙏🙏🙏🙏🙏🙏♥️♥️"
"Chamila Pradeep","https://www.facebook.com/chamila.pradeep.5283","අධිකරණයට pin siure ගෞරවය rakkata"
"Sriyani Chandani","https://www.facebook.com/people/Sriyani-Chandani/pfbid02JkwKruUz7KPtpR8VHbccf4B99yCtfRBiVts99icLapqzrnhRob7BnJaUUhHYP2S2l","ඒක බලා ගන්න පුලුවන් හාමුදුරුවෝ පන්සල්  ඇතුලට වෙලා නටන නාඩගම් වලත් ඔය විදිහට මොර දෙන්න ඕනේ මම දන්නෙ නෑ මේ හාමුදුරුවෝ බනක් කියන්න දන්නවද දේශපාලනයට කඩේ යනවා ගොඩක්ම මේ රාජපක්ෂලගේ අතකොළුව අනික මේ අනුර දාපු නඩුවක් නෙමෙයිනේ වෙන උන් දාපුවා අධිකරණය දෙන තීන්දුවවට මොන මගුලද රජයට කියවන්නෙ නීතිය කාටත් පොදුයි..ඔයාල මහන වෙලා දුප්පත් මිනුසුන්ගේ දානේ කාල ලොකු වෙලා දේශපාලන අතකොළුව වෙලා උන් එක්ක එකතු කරන්න ඕන ඔක්කොම ජරා වැඩ කර කර බොරුට මොර දෙන්නෙ එපා හාමුදුරුවනේ ඔයාලට ගොඩක්ම පව් ගිහියන්ට පව් පුර්වන එක මේව දැක්කම කට වහගෙ ඉන්න බෑ.😔😔"
"Suresh Kumara","https://www.facebook.com/rita.adriana.31924","පොඩි හාමිදුරුකෙනෙක් මහනකරන්න බැහැ  මුන්ගෙන් අතවර කරනවා මුන් කලකන්නි ගනයෝ"
"Suresh Kumara","https://www.facebook.com/rita.adriana.31924","අනේ පලයන්බන් යන්න තොපිට ගම්වල ගැහැනු මදි කුපාඩි කාලකන්නි ගනයෝ"
"Ratnayake Ratnayake","https://www.facebook.com/ratnayake.ratnayake.33726","රාජපක්ෂලාගේ අධෝනාව ඔබවෙත ගෙනඑන හොරනෑව තිත්තමතිත්තගලා."
"Mohammed Alaa","https://www.facebook.com/people/Mohammed-Alaa/pfbid0ZaCjoUzp7bVD2a6csUHLEQW9vZ25x2ntxtxFLLVnKJvL96Xya2c8buDNxC2Ecb4pl","LAMA DOOSANA KERUVE OVATA KATTA KORADA"
"Sanka Weerakoon","https://www.facebook.com/people/Sanka-Weerakoon/pfbid02KJ4ZxfakhPTva8wa7jHzM5oqQc9gedfqvWUA98HYia63tftTnV2kLThvi2pBTX3Jl","ගාන්ටාරේ වදිනවා කෑ ගහන විදියට"
"Ruth Aruni","https://www.facebook.com/people/Ruth-Aruni/pfbid02QTJDQjv8bECf8GTRxFYemKE5Dx636rvjo9XmTT7uhy6oo5WeHcs2CyYe67gc2KH7l","Pissu 😂"
"Saluka Kalpa Denuwara","https://www.facebook.com/saluka.kalpa.denuwara","සිංහලයනි, පෙරට එන්න.මෙව් සිංහලයන්ට විනකටින බලවේග පරදන්න"
"Dilshan Ruwankumara","https://www.facebook.com/profile.php?id=100003841627033","Saluka Kalpa Denuwara මොකටද 🤣"
"Saluka Kalpa Denuwara","https://www.facebook.com/saluka.kalpa.denuwara","Dilshan Ruwankumara උබ සිංහලය වෙනුවෙන් කළ දෙයක් කියපන්"
"Wickrama Batagoda","https://www.facebook.com/wickrama.batagoda.2025","අපේ  පංසලේ   එහෙම  වෙන්නෙ  නෑ    මූත්  සමන්ත  බඩ්ඩවගේ    ආගම  කන  සක්කිලි  කහකඩයෙක්    ලගදිම  මුගේ  නඩු  ටිකත්  ආයි  ඇදෙනව  ඒවයින්  බේරෙන්න  තමයි   මූ   මේ   දගලන්නෙ"
"Wejesundara Lekamalage","https://www.facebook.com/people/Wejesundara-Lekamalage/61593059595912","ගෑණු පන්සල්වලට ගෙන්න ගන්න වෙලාවට  සිවුර ගැකෙව්වෙ නැද්ද"
"Sampath Pradeep","https://www.facebook.com/sampath.pradeep.12764","තිත්තගල්ලේ පොර වෙන්න දගලනවා ලග ලග බඩු හම්බවෙයි"
"Antony Liyanage","https://www.facebook.com/people/Antony-Liyanage/pfbid02KJcDSSiXVr7nN6RgE66u1mYJsLtSTU5ypPVya8Y537ahW8XZTPjcJRPDS91XpBS2l","තොපෙ  කටවල් වහගනු පරගනයො"
"Madushika Harshani","https://www.facebook.com/madushika.harshani.364930","පල පල"
"Sampath Adikari","https://www.facebook.com/sampath.adikari.1426","වැරදි නොකර හිටපියව්කෝ  ගනයෝ ටික.."
"Sanjeewa Samarathunga","https://www.facebook.com/people/Sanjeewa-Samarathunga/pfbid0MGWrcHSj4PCChkZYrfbu29cLc3sLkkKncwRuVW8nXzvhfSzaVYgfjaeQUHYgjeTzl","පල පකයා"
"Kalum Sadaruwan","https://www.facebook.com/kalum.sadaruwan.2025","ලොක්කා කකුල් දෙක පල්ලෙ තියෙන ගාන්ඨාරය අනිවාර්යෙන් ගහන්න😂😂😂😂"
"Upul Kumara","https://www.facebook.com/upul.kumara.118935","පකයෝ තොපි ගූ කන්න මිනීමරුවෝ හොරු  එක්ක ලැග්ගට  පන්සල්වල  ගාන්ටාරේ  ගහන්න තොගේ අම්මට හැමනුනේ  හොරු මන්කල්ල කාරයෝද මේ පකයා ඉන්න පන්සල්වටට  දානේ ගිහින් දෙන්න එපා මේකාට  හොරුන්ගේ මිනීමරුවන්ගේ ගූ කන්න කියපල්ලා  ඔය සිවුර ගලවාගත්තේ  ඒ බල්ලා එකවෙකාට කඩේ ගියාට පකෝ සීලය රැකගෙන හිටියානම් ඉවරයිනේ"
"Tharanga de Silva","https://www.facebook.com/tharanga.de.silva","පල වසුදේව තොගේ ගාටාරේ ගහපන්"
"Sarath Perera","https://www.facebook.com/people/Sarath-Perera/pfbid02kCapt7peQFAVNifGJZwQwZPEfGjscV6AjiReXz6KbqhtDZs7CkQtWekUqqQYTMN5l","API nam kisima sokayak na thiththiyo ape pansal Wala minissu buddimath palayan yanna horaganayo"
"Supun Perera","https://www.facebook.com/supun.perera.94","තොගෙ පයිය හොල්ලපන් හොර  කහක්ඩය"
"Prasad Neelawala","https://www.facebook.com/prasad.madushanka.984","කරුණාකර වර්තමානයට අනුගත වන්න, දැන් 2026 මිස 2020 නොවේ. කඩදාසි මත ඇත්තේ වසර 6ක වෙනසක් පමණක් වුවත්, එය පරම්පරා ගණනාවක පරතරයක් වසර 60ක පමණ වෙනසක්🙏✊️✊️✊️✊️✊️✊️✊️✊️✊️✊️✊️✊️✊️✊️✊️✊️✊️✊️✊️✊️✊️do not waste time🙂"
"Janith Dinusha","https://www.facebook.com/janith.dinusha.968726","අර පොඩි කෙල්ල දූශනේ කරපු එකට මුං මේ වගේ කෑගැහුවද . නිකන් Pu#a නොදී ඉන්න හාමුදුරුවනේ"
"WK Chandra","https://www.facebook.com/wk.chandra.646498","මේරටම අදාර්මීකයි මේබල්ලො  තොපිට හෙනගහපියවූ පාහරජෙබිබො"
"Lahiru Piumal","https://www.facebook.com/lp.lahiru.54","අඩෝ එහා පැත්තෙ උක් ගොවියත් ඉන්නවා (පල කහකඩ pnnaya යන්න)"
"Kodikara Sanjeewa","https://www.facebook.com/kodikara.sanjeewa.33","Thithagalle Anandasiri මැදමුලනෙ ධංකුඩ ගිලින කාලෙ කිව්වෙ වෙන එකක් නේ ද😂 දිව දෙකේ කැම්‍රිය ලැජ්ජයි"
"Shantha Kumara","https://www.facebook.com/people/Shantha-Kumara/pfbid0v6A4GzEFUGHdPrYounVZaCtbdwdNJXrgppJsqDNs2hRY2p5uKmC3zQBYVzeAUQhKl","එතකොට රාජපක්ෂලා ධාර්මිකව රට පාලනය කරාද කියලා උබලා කියපියව්"
"Neel Samarasinghe","https://www.facebook.com/people/Neel-Samarasinghe/pfbid02uzUbTzShvW4i7PnYimoRAidVGqw5MDFdgPdRyDnyy1muTnC6kYZM6mxkubRsUZEEl","හුත්තෝ හොරුන්ගෙ සියවුර  ගලවන්න ඕන කැරියෝ කුඩාපොල හාමුදුරු නමක්  ඤාන සාරය කියන්නෙ කුපාඩියෙක් හොරෙක්  බ්ස්ත් බැලයෙක්"
"Priyan Anutthara Dissanayake","https://www.facebook.com/priyantha.dissanayaka.9212","එන්න අපි නටමු.....🤣🤣🤣"
"Nilan Kavindu","https://www.facebook.com/nilan.tikka","පාහරයෙක් සිව්ර දාගෙන හිටියේ ඒ පාහරයා ආගම කෑවා තව ඉන්නවා ඔය වගේ බල්ලෝ ඒ  බල්ලන්ටත් ඉක්මනට ඔය ටික වේවා ..."
"Anura Sena","https://www.facebook.com/people/Anura-Sena/pfbid02kNXG9o9EixkTopK7RSjGF5FRxjobZ69KREKLtL5BF6CctcmMTtQ3r46UNAJyydpcl","මේ පාලනය හරියන්නෑ හරියන්නෑ. මුන්ට ගහලා එලවන්න ඕනේ අපේහාමුදුරුවනේ, මුං එලොවමු අපි කැමති මෙය ආණ්ඩුව තිරිසන් ආණ්ඩුවක් ආණ්ඩුවක් මං ජරා, බල්ලො පක්කඩ බල්ලෝ මුං මුං එලවල දාන්න ඕනේ. කුමාරයා කියන්නේ විනාශ කරන, මුං එලොවමු අපි කැමති මෙය ආණ්ඩුව තිරිසන් ආණ්ඩුවක් මං ජරා, බල්ලො පක්කඩ බල්ලෝ මුං මුං එලවල දාන්න ඕනේ. කුමාරයා කියන්නේ විනාශ කරන"
"Harsha Eranga Vithanage","https://www.facebook.com/harsha.eranga.vithanage","උබේ ගන්ටාරෙ ගහගනින්...🖕"
"Bandula Pathirana","https://www.facebook.com/bandula.pathirana.489333","Harsha Eranga Vithanage koheda.gahaganna.kiyanne.ube.ammage.redda.asseda..pakaya"
"Susantha Bandara","https://www.facebook.com/susantha.bandara.988373","අනේ    පලයං   රාජපක්ෂලගෙ   ගූ   කන   බත්බැලය"
"Saman Athula","https://www.facebook.com/people/Saman-Athula/61584613831945","රාජාංගනේගේ මල්ලිද මේ 😂👀"
"Sajeewa Sawantha","https://www.facebook.com/sajeewa.sawantha","පල හුත්තො යන්න"
"Chamara S Kumara","https://www.facebook.com/chamara.s.kumara.236539","හතර කෙන්දරෙම පාලුවුන කහ කඩ පරයා මුටත් ජම්පරෙ අන්දමු තක්කඩියා"
"Vipul Pulwansha","https://www.facebook.com/vipul.pulwansha","යකෝ මාර වැඩේ. දැන් හාමුදුරුවෝ හැට එක් නමක් ඉන්නවා සිවුරු ගලවලා උන් හාමුදුරුවරු නොවෙයිද මූ මහින්ද රාජපක්ෂ නිකාය නිසා මේ"
"Krishantha Jd","https://www.facebook.com/krishantha.jd.79","ප්‍රංශ අක්කත් එනවද ඝණ්ටාරේ ගහන්න"
"Seetha Perera","https://www.facebook.com/seetha.perera.526","Siura galola nemeda Kalisan eande"
"Mangalagama Premasiri","https://www.facebook.com/mangalagama.premasiri","Lagatiyana kantaraya gahapan....."
"Raja Raja","https://www.facebook.com/people/Raja-Raja/pfbid0bFcrhVrt4Xfoo1qPNAGxBYnm3vtR52hskP5zx9ogArv7Jyecdv6xaVm3AF51phz5l","Puka"
"චූටි පුතා","https://www.facebook.com/7e5jwwdi5j","සිවුර ගලවලා පැත්තකින් තියල ගෑනුත් එක්ක බුදියන තොපිට දැන්ද මතක් උනේ හුත්තිගෙ පුතෝ සිවුර 😂😂"
"Mmp Nishantha","https://www.facebook.com/mmp.nishantha.94","චූටි පුතා muheduwata muge ammata kukanna ona"
"Mmp Nishantha","https://www.facebook.com/mmp.nishantha.94","Hora ganaya"
"Aruna Jayaweera","https://www.facebook.com/Aruna.jayaweera.73","රජු අදාර්මිකයි……"
"Muditha Priyankara Perera","https://www.facebook.com/mudithapriyankaraperera","https://www.facebook.com/share/v/1K7b7HRhcf/?mibextid=wwXIfr   meka ahala inna thamangema bana 👆"
"Ruwan Ruwan","https://www.facebook.com/ruwan.ruwan.744327","පල හුත්තා යන්න"
"Vidu Shan","https://www.facebook.com/vidu.shan.778540","ගෝතයා උබ සියුර ගලවලා උබේ ගන්ටාරේ ගහගනින්"
"Kumara Kumara","https://www.facebook.com/kumara.kumara.391086","Siuru dagana dasapalana karana tathkadi"
"Sunil Premasiri","https://www.facebook.com/people/Sunil-Premasiri/pfbid02AM6VSMSdF6ZEiqzmQ6eHL72mZD2U9rA2rMWmZqXCktikX9kpuSSmw9UAgmZhB1JQl","අනෙ අපට කිසි සෝකයක්නෑහැ"
"Hemantha Ekanayake","https://www.facebook.com/hemantha.ekanayake.3914","දෙකට නැමිල හෙල්ලියන් එතකොට උබටම ගණ්ඨාරෙ ගහගන්න පුලුවන්."
"Chaminda Priyanka Gamachchige","https://www.facebook.com/chaminda.priyanka.gamachchige","පලයං හු...තො යන්න"
"Nalinda Sanjeewa","https://www.facebook.com/nalinda.sanjeewa.965","තෝ ගහපන් ගාන්ටාරේ ගෙරි බල්ලා තිත්තගල්ලෙයා ගංජා ගහලාවැඩි වෙලා.."
"Thissa Malli","https://www.facebook.com/people/Thissa-Malli/pfbid028UDJnHyKfD9z3sqchBpV2wfP57iWEmiqRJhRskb88fDHSRSyqz965r8YTraYh3Fal","ගන්ටරේ ගහන පන්සල් වලට කන්න දෙන්න එපා"
"Sushantha Max","https://www.facebook.com/sushantha.max.2025","අපේ ගමේ පන්සලේ එහෙම දෙයක් වෙන්නේ නෑ"
"Padmasiri Jayalath","https://www.facebook.com/people/Padmasiri-Jayalath/pfbid021hbubhhYAzr9tq7fGJi4DSi4wH5XJKPB7d7UsPLfSnaobwQpGVvSTG8NJPKGS4TPl","නැති ප්‍රශ්න ඇති නොකර පාඩුවෙ හිටියොත් හොදයි"
"Nadun Pramod Bopitiya","https://www.facebook.com/nadun.pramod.bopitiya","බුද්ධ ශාසනේ දර්ශනය විනාසකරන්නෙ තොපි.ඔක්කොම දේශපාලන සිවුරුහොරු රටින් පන්නන්න ඕන.නියම භික්ෂුන් මේ කිසිම දේශපාලන ගේම් එකකට එන්නෙ නෑ.මේ හොදට ජරාවකාලා ශාසනෙත් කන උන්."
"Nuwan Chamara","https://www.facebook.com/nuwan.chamara.988741","මමනමි.බියර්.එකක්.බොනවා"
"Nawarathna Amunumulla","https://www.facebook.com/nawarathna.amunumulla","උඩ පැනපං වදිනකම් මජරයා"
"Lahiru Hettiarachchi","https://www.facebook.com/hiru12345","සංඝායනාවක් පවත්වන්න කාලෙ හරි, දේශපාලන හොර සවුරු කාරයො හැමතැනම"
"Sampath Sa Path","https://www.facebook.com/sampath.sapath.52","Ape pansale gantare gahuwoth a hamuduruwantath aba saranai aya kanna denneth na"
"Tharindu Tharindu Tharindu","https://www.facebook.com/tharindu.tharindu.tharindu.288686","කුඩාපොල හමුදුරුවො තොපි වගේ අවජතක වැඩ කරේ නැ සක්කිලි හැත්ත"
"Tilak Arachige","https://www.facebook.com/profile.php?id=100048392620331","Nodakin"
"Sumith Rathnayake","https://www.facebook.com/sumith.rathnayake.7543","පල නරියා අතේ ගහපිය බල්ලා"
"උදාරි නිශිකා","https://www.facebook.com/people/%E0%B6%8B%E0%B6%AF%E0%B7%8F%E0%B6%BB%E0%B7%92-%E0%B6%B1%E0%B7%92%E0%B7%81%E0%B7%92%E0%B6%9A%E0%B7%8F/pfbid027u1iQgXqSKiPQ24WyrKtGK4jZSvhmsVZMF5UekNPYTaroqWN2iLWjbYtuFgMSwLEl","පල,පක සක්කිලියා. තොපි රටකන් හැත්ත"
"Layla Peiris","https://www.facebook.com/LaylaPeiris","මේකට මොන පාට කොඩිද?"
"පිණි නෙතු","https://www.facebook.com/people/%E0%B6%B4%E0%B7%92%E0%B6%AB%E0%B7%92-%E0%B6%B1%E0%B7%99%E0%B6%AD%E0%B7%94/pfbid02P6mwB2GB6DoHQgT5qpKiE4nFNSxhUosYbZCDFKa52E5gc3cgZvGZg65KeSTfX9nql","ගන්ටාරේ ගහන්න කලින් පන්සල් ඇතුලේ ඉන්න ගැණු ටික එලියට දාපල්ලා"
"Manju Sri Mudhannagoda Sri","https://www.facebook.com/manjusri.sri.16","පල පකයා යන්න. තෝ. තිත්ත ගල්ලෙම තමයි. තෝ අපිටත්. තිත්තයි...මුලින් තොගේ බණ හොඳට තිබුණා දැන් තෝත් කහකඩ. සම්පුදායට වැටුණා...තෝ කියාපියකෝ ඥාණ සාර පකයාගේ තිබුණු සිල්වත් කම මොකක්ද කියලා.."
"සාගර සාගර","https://www.facebook.com/qfa7e8685q","තොගෙ අම්මගෙ හුම්තෙ ගහපන් සක්කිළි වනචාරි පම්කයා  😂😂"
"Chandika Rohana","https://www.facebook.com/chandika.rohana.50","Ethakote me mokadda"
"Chinthaka Thusitha Kumara","https://www.facebook.com/thusitha000","සිවුර ගලෝන එකද අශිශ්ට හාමුදුරුවරු කෙල්ලන්ගෙ ගවුම් ගලෝන එකද අශිශ්ට..තීරණය ඔබේ අතේ..හැමෝම තම තමන් වෙනුවෙන් පාරට බහින්නෙ..මුන් සේරම එකයි මල්ලි..."
"Anusha Priyanthi","https://www.facebook.com/people/Anusha-Priyanthi/pfbid02E3NAVzEShoq3maqsyPnrE4VyD8yav3bnHqm3TFonSkWzs8yPs2cacSJYayMZ4XM8l","ඉදකින්    සිවොරෝ   බල්ලෝ"
"Sanka Dhananjaya","https://www.facebook.com/sanka.dhananjaya.12","මේකා එන්නේ  අරුගේ කොටේ මූ අදින්න.ටැග් ගහගනින් උබේ......."
"Chanaka Rajith","https://www.facebook.com/chanaka.rajith.828218",", පල පල යන්න"
"කරවලවාඩියේ වල්ල ලොකු පූසා","https://www.facebook.com/people/%E0%B6%9A%E0%B6%BB%E0%B7%80%E0%B6%BD%E0%B7%80%E0%B7%8F%E0%B6%A9%E0%B7%92%E0%B6%BA%E0%B7%9A-%E0%B7%80%E0%B6%BD%E0%B7%8A%E0%B6%BD-%E0%B6%BD%E0%B7%9C%E0%B6%9A%E0%B7%94-%E0%B6%B4%E0%B7%96%E0%B7%83%E0%B7%8F/61589628595024","තොගෙ සිව්ර යට තියෙන ඝන්ටාරෙ ගහගං වල් පකයා😂"
"ආනන්ද කුලතුංග","https://www.facebook.com/v9kvjejcuq","සිවුර ගලවලා ඇට දෙක හොල්ලපන් මුන් හින්දා අපිටත් පව් පිරෙනවා ."
"ආනන්ද කුලතුංග","https://www.facebook.com/v9kvjejcuq","අනේ පකෝ 2018ත් ඕකගෙ සිවුර ගලවලා හිරේ දැම්මේ කාලකණ්ණි හැත්ත ඔවුන් සාසනෙනුත් එලවන්න ඕන ."
"මිතිල දේශාන්","https://www.facebook.com/6yxo2wm8cp","මං හිතන්නෙ නෑ උබලා වගේ පුකේ අමාරුව තියන වේ#සිගෙ පුතාලා ලංකාවෙ පන්සල් වල ඉන්නවා කියලා තොපි වගේ පකයලා හින්දා තමා ලංකාවෙ සාසනේ විනාස වෙන්න්නෙ"
"Chamal Prasanna Deegoda","https://www.facebook.com/deegoda.chamalprasanna","දික්කුඹුර පන්සල් ටිකේවත් ඝණ්ඩාර ගහන්නෙ නෑ ඔන්න බලපන්"
"فيمال نائب الرئيس","https://www.facebook.com/vimal.vithanapathirana","අපිට පිස්සු නෑ හුත්තො"
"Mmp Nishantha","https://www.facebook.com/mmp.nishantha.94","Ado dagaya there ammata   Kukapiya oita hodai"
"Udayasiri Jayatunga","https://www.facebook.com/udayasiri.jayatunga","තොපි ගෑනු එක්ක නිදාගන්නෙත් සිවුර පිටින්ද, එතකොටත් බික්ෂුකත්වය රැකෙනවද 😂😂😂"
"Mzan Cruz","https://www.facebook.com/imzzherlin","අනේ පල හුත්#% යන්ඩ. කැරි පක$#"
"Sudeera Prasad","https://www.facebook.com/sudeera.prasade","තොපි ඔක්කොමලගේ සිවුර ගලවන්න ඕනේ කොහොමත්"
"Amila Chiranjeewa","","🤮🤮🤮"
"Thushara Mallawa Official","https://www.facebook.com/people/Thushara-Mallawa-Official/61587304540970","උබ කියන ඒවා කරන්නෙ මොකටද බන් අපි උඹ රට ගිහිනඩිය ගහ ගහ පාටි දාපන් අර ඉස්සර  වගේ"
"Lasantha Gunathilake","https://www.facebook.com/profile.php?id=100000591971264","හැම හාමුදුරුවන්ටම ඔය තියෙන පඋපෙ අමාරුව නෑ යකෝ."
"Vijith Fernando","https://www.facebook.com/nishantha.fernando.9250","මූ නම් රාජපක්ෂ කියන කාලකණ්ණින් ගෙන් යැපිලා තියනවා හොදටෝම සිවුර ඇදලා කසිප්පු බීලා ගෑනු තියාගෙන ඉන්න එක වැදගත් දෙයක් ද කාලකණ්ණින් මුන්ට සාපම වෙන්න ඔනේ කාලකණ්ණි රාජපක්ෂ කියන කාලකණ්ණින්ගෙන් මුන්ට වාසි නැති නිසානේ ඔය කියවන්නේ නැතුව ගම රටට ආදරේට ද කාලකණ්ණින්"
"Wasantha Weerasingha","https://www.facebook.com/people/Wasantha-Weerasingha/pfbid0T7wUvwXAbJodQZNunQaqvZghGvB7KehTuKPsXAM3yLdFS2xhaMfFK4gwr573K6xUl","[Image Attachment]"
"Janaka Mallawa Arachchi","https://www.facebook.com/people/Janaka-Mallawa-Arachchi/61593752160994","ඕයි ඕයි බලපං මයික් එක අල්ලගෙන ඉන්න එකා.. 🤣🤣. ඉරාජ්ගෙයි මිලින්දගෙයි බඩු ලෙවකන එකෙක්. වොයිස් එක දෙන පො&නයා නාමල්ගෙ ඇටේ ලෙවකන එකෙක්. තොපෙ ඔය httwl දෙකට නමල ගහගනිං පුk. කාලකණ්ණ්නි htthgpthla"
"Shan Jayasinghe","https://www.facebook.com/dilshan.jayasinghe.1293","වහල්ලු මේක බ්ලපියව් 😀🤣🤣🤣🤣🤣🤣"
"Shan Jayasinghe","https://www.facebook.com/dilshan.jayasinghe.1293","ගැහුවද😂😂😂😂"
"Titus Pussewala","https://www.facebook.com/titus.pussewala","Gahai gahai yata gantara"
"Titus Pussewala","https://www.facebook.com/titus.pussewala","[Image Attachment]"
"Athula Kodikara","https://www.facebook.com/athula.kodikara.9","- ""සිවුරට වැටුණු මාංචු""  දහසක් රජවරු වැඳ වැටුණු - කහ සිවුර ළඟ දහසක් කඩු තුඩු නැවතුණු - ඒ ගෞරවය ළඟ ඉතිහාසය පුරා රැකගත්ත - පින්බිමේ නාමය ඇයි අද පයට පෑගෙන්නේ - ඒ බුදු පුතු නාමය  සිවුර ගලවලා මාංචු දැම්මා - දෑතට බුදු පුතුගේ නෙමෙයි ඒ මාංචු එක නමකට - මුළු ජාතියටම දැම්මේ රට වෙනුවෙන් කතා කළාට - හිරගෙට දාම්මා ඒකද සාධාරණය මේ රටේ - ඇස් ඇර බලපල්ලා  ගමට පියෙක්, දහමට සේවයක් - උන්නේ අපේ හාමුදුරුවෝ කඩු පලිසට බය නැතුව - ඉස්සරහට ආවේ උන්වහන්සේමයි හොරු නිදැල්ලේ සැරිසරද්දී - සිල්ක් ඇඳුම් ඇඳන් බුදු පුතුන් දඟගෙට යනවා - ඇයි මේ වෙනස දැන්  සිවුර ගලවලා මාංචු දැම්මා - දෑතට බුදු පුතුගේ නෙමෙයි ඒ මාංචු එක නමකට - මුළු ජාතියටම දැම්මේ රට වෙනුවෙන් කතා කළාට - හිරගෙට දාම්මා ඒකද සාධාරණය මේ රටේ - ඇස් ඇර බලපල්ලා  තව කොච්චර කල් නිහඬද - සිංහලයෝ අපි සිවුරට නිගා කරන විට - නිහඬ නම් අපි හෙට අපිට අඬන්නටවත් - රටක් ඉතිරි නැතී නැගිටපන් සිංහලය - දැන්වත් අවදි වෙයං  සිවුරට කළ නිගාවට - සමාවක් නැතේ ජාතිය රැකි පුතුට වුණ - අසාධාරණයට එක හඬින් එක පෙළට - හඬ නගමු අපි මේකයි අවසාන සටන - ශාසනේ වෙනුවෙන්..."
"Sarath Aththanayake","https://www.facebook.com/sarath.aththanayake.50","❤️❤️❤️🙏🙏🙏🇱🇰🇱🇰🇱🇰"
"May Mohamed","","Ayubowa Sir, Suba dawasak.   Mama Qualified Ayurvedik Therapist kenek.   Sir kamathida Ange mahansiyatath + Stress eka nethikaraganna Relaxation Proffesional Ayurvedik massage treatment ekak magen karaganna. Sport + Deep Tissue + Head + Foot massage therapith karanawa.  Wayasa 18th - 20th ayata free. 21st - 23rd athara ayata 50% discount denawa 15th Oct 2026 wenakang witharai.  Call karanna 0714302899. Obage rahasyabawaya araksa karanawa."
"Jaya Jayawickrama","https://www.facebook.com/jaya.jayawickrama.1","දූෂණ චෝදනා තියෙන අය පිළිබඳව හොයා බලන්නේ නැතුව. හාමුදුරුවරුන්ට........ https://www.facebook.com/share/v/1C1VaxHnNf/"
"Divan Hettiarachchi","https://www.facebook.com/divan.hettiarachchi","🐷🐷🐷🤮🤮🤮"
"Chamara C Fernando","https://www.facebook.com/pubudu.fernando.12","උක් ගොවියා පිටිපස්සේ.... කාගේ වැඩක්ද කියලා හිතාගන්න පුළුවන් 😂💔"
"Arafa Arafa","https://www.facebook.com/arafa.arafa.948","Oba walla nulak allapan gotaya aka addama hari"
"Dilana Madushanka","https://www.facebook.com/dilana.madushanka.3","අනේ මෝඩ ගනයෝ 😂...මොකෙක්ද බං උබ. දර්මයබ්නෙවේ දන්නෙ තෝ 😂"
"Mahesh Marasinghe","https://www.facebook.com/mahesh.marasinghe.2025","සිව්ර ගලවන් ජොගින් කරද්දි හොදයිද අපෙ හාමුදුරුවනේ 😅"
"Shiran J Kumarasinghe","https://www.facebook.com/shiran.j.kumarasinghe","[Image Attachment]"
"Shiran J Kumarasinghe","https://www.facebook.com/shiran.j.kumarasinghe","[Image Attachment]"
"Shiran J Kumarasinghe","https://www.facebook.com/shiran.j.kumarasinghe","[Image Attachment]"
"Shiran J Kumarasinghe","https://www.facebook.com/shiran.j.kumarasinghe","[Image Attachment]"
"Shiran J Kumarasinghe","https://www.facebook.com/shiran.j.kumarasinghe","[Image Attachment]"
"Shiran J Kumarasinghe","https://www.facebook.com/shiran.j.kumarasinghe","[Image Attachment]"
"Iresh Samanpriya","https://www.facebook.com/iresh.samanpriya.7","[Image Attachment]"
"Udayanga Jayaruwan","https://www.facebook.com/udayanga.jayaruwan.7","උපන්දිනේට පාටියක් දාමුත🫣🫣😂"
"දිනුක සම්පත්","https://www.facebook.com/5r3i984vma","මේ Paකය බේරගන්නද අත්සන් ගන්නෙ?"
"Gamage Nadeeka","https://www.facebook.com/people/Gamage-Nadeeka/pfbid02chpTNXrxQFMKfK3pAmf5Y4UiRZMVJpDTsyogdx48xBU7VEK7if7gAh1K2GQAB1jHl","[Image Attachment]"
"Gamage Nadeeka","https://www.facebook.com/people/Gamage-Nadeeka/pfbid02chpTNXrxQFMKfK3pAmf5Y4UiRZMVJpDTsyogdx48xBU7VEK7if7gAh1K2GQAB1jHl","[Image Attachment]"
"Gamage Nadeeka","https://www.facebook.com/people/Gamage-Nadeeka/pfbid02chpTNXrxQFMKfK3pAmf5Y4UiRZMVJpDTsyogdx48xBU7VEK7if7gAh1K2GQAB1jHl","[Image Attachment]"
"Ahsan Khan","https://www.facebook.com/people/Ahsan-Khan/100016810531619","වැරැදි කෝටියක් කරපු මිනිහෙක්ට තවත් සිව්රු අන්දවන්න හැමනෙන කුපාඩියණ් බලකෝ  හරි එහෙම නම් පන්සල් අස්සට රිංගන බඩුන් පන්සල තූළම හාමුදුරුවන්ගේ සිව්ර ගලවලා නිදිවදින එකට තොපි හොර හැත්තට පු.. අමාරුවක් නැද්ද"
"Harsha Bandaranayake","https://www.facebook.com/people/Harsha-Bandaranayake/100084074255078","Apinam sokayata atwela na..."
"Lasitha Ruwan","https://www.facebook.com/lasitharuwan.ruwan","පිස්සුද ...යකෝ ...රෙද්ද රෙවුනම මිනිස්සු මතක් උනේ..උබට ට්‍රැක්ද අපි සතුටූ වේනවා 😄"
"Kashyapa Nimal","https://www.facebook.com/kashyapa.nimal","[Image Attachment]"
"Nita Dona Gurusinghe","","Pala pakaya"
"Kashyapa Nimal","https://www.facebook.com/kashyapa.nimal","[Image Attachment]"
"Kashyapa Nimal","https://www.facebook.com/kashyapa.nimal","[Image Attachment]"
"Kashyapa Nimal","https://www.facebook.com/kashyapa.nimal","[Image Attachment]"
"Eranga Sandaruwan","https://www.facebook.com/eranga.sandaruwan.39","😂😂"
"Kashyapa Nimal","https://www.facebook.com/kashyapa.nimal","[Image Attachment]"
"Vijaya B Konara","https://www.facebook.com/vijaya.b.konara","මහා සිංහනාදය නෙවෙයි බලු කෙදිරිලි කියලා දාගනින් නම😁"
"Pathima Perera","https://www.facebook.com/people/Pathima-Perera/pfbid02KkbmyuyzHoWMiT2muLgVf2LjZHvwUtAu9K8gfre4Q9E4qdejfKjLUr5tfiz3AEaRl","තොපේ වනචර වැඩ නවත්තපිය තෝපී ගන්ටාර ගැහැවුවා කියලා මොනවද කරන්න පුළුවන් තිත්තහුත්තෝ අර අටමස්තාන වනචර ගනය අහිංසක පොඩි. දරුවෙක් දුසනයකරා ඇයි තොපි ඔයාවගේ එලියට ඇවිත් ඔයවගේ කෑමොර දුන්නේ නැත්තේ පොන්න තිත්ත හුත්ත ගනයෝ පක පක පක"
"Kashyapa Nimal","https://www.facebook.com/kashyapa.nimal","[Image Attachment]"
"Kashyapa Nimal","https://www.facebook.com/kashyapa.nimal","[Image Attachment]"
"Kashyapa Nimal","https://www.facebook.com/kashyapa.nimal","[Image Attachment]"
"Kashyapa Nimal","https://www.facebook.com/kashyapa.nimal","[Image Attachment]"
"Romesh Molligoda","https://www.facebook.com/romesh.molligoda","[Image Attachment]"
"Romesh Molligoda","https://www.facebook.com/romesh.molligoda","එතකොට පල්ලේගම හේමරතන 🤫🤫🙈🤣"
"Kashyapa Nimal","https://www.facebook.com/kashyapa.nimal","[Image Attachment]"
"Romesh Molligoda","https://www.facebook.com/romesh.molligoda","🤣"
"Kashyapa Nimal","https://www.facebook.com/kashyapa.nimal","[Image Attachment]"
"Romesh Molligoda","https://www.facebook.com/romesh.molligoda","පොඩ්ඩක් හොයලා බලන්න එහෙත් ගලවලාද  දන්නේ නෑ එකක් විතරක් හොයලා වැඩක් නෑනේ හොයනවනම් ඔක්කොම හොයන්න 🤣🤣"
"Kashyapa Nimal","https://www.facebook.com/kashyapa.nimal","[Image Attachment]"
"Kashyapa Nimal","https://www.facebook.com/kashyapa.nimal","[Image Attachment]"
"Romesh Molligoda","https://www.facebook.com/romesh.molligoda","මොනවා හරි එකක් කියන්නකෝ confused වෙනවා මොකක්ද කරන්නේ කියලා 🤣🤣"
"Kashyapa Nimal","https://www.facebook.com/kashyapa.nimal","[Image Attachment]"
"Kashyapa Nimal","https://www.facebook.com/kashyapa.nimal","[Image Attachment]"
"Kashyapa Nimal","https://www.facebook.com/kashyapa.nimal","[Image Attachment]"
"Kashyapa Nimal","https://www.facebook.com/kashyapa.nimal","[Image Attachment]"
"Kashyapa Nimal","https://www.facebook.com/kashyapa.nimal","[Image Attachment]"
"Asitha Perera","https://www.facebook.com/profile.php?id=1388557995","[Image Attachment]"
"Kashyapa Nimal","https://www.facebook.com/kashyapa.nimal","මේ රටේ සිංහල බෞද්ධයන් පක්ෂ පාට විදිහට බෙදලා බෞද්ධ විරෝධී මූලධර්මවාදී අන්‍යාගමික රැල මේ කරගෙන යන  කුමන්ත්‍රණයට තවත් රැවටෙනවද...  සිංහල බෞද්ධ අනන්‍යතාවට මේ ගහන්නේ....කාදිනල් ,සිරිල් ගාමිණී,ජීවන්ත පීරිස්ලා වගේ පරයන්ට ඕන මේක සර්වාගමික රටක් කරන්න...  මේ නිරාගමික ආණ්ඩුව උන් එක්ක සහ ඩයස්‌පෝරාවේ න්‍යාය පත්‍රයට වැඩ  කරන සක්කිලි අවජාතකයන්ගේ ආණ්ඩුවක්...  උන් ස්වාමීන් වහන්සේලාට සහ බෞද්ධ නායකයන්ට හොරා සහ දුස්සීල කියන ලේබල් ගහලා සිංහලයන් ලවාම සංඝරත්නයට පහර ගහනවා...උබලා තවත් මුන්ට  රැවටෙනවද...."
"Manjula Kumara","https://www.facebook.com/manjula.kumara.620560","Indika S Kumara"
"Nishu Nishu","https://www.facebook.com/people/Nishu-Nishu/pfbid0xjAE9gyQGsVs2D3TLUSiFaR6HrVxeEQ78L4YC8AWAFmydH7B5fvvjKeQurvH3eFnl","අහෝ දෙව්දත් නොදුටු මොක් පුර.."
"HM Senu Plant Hm","https://www.facebook.com/people/HM-Senu-Plant-Hm/pfbid0jzTpJ5avd65iwK74T91utPhBXmygNMCWYqMXWtFxr3TtVVUz6SgLauMSB4AvWLSAl","https://www.facebook.com/share/v/1MsZKNK126/"
"බලංගොඩ විසුද්ධි බලංගොඩ විසුද්ධි","https://www.facebook.com/bv99qetdqz","අපිට ඝණ්ඨාරෙ ගහන්න විදියක් නැ ලොකු හාමුදුරුවෝ අසනීපයෙන් හොස්පිට්ල් එකේ ගමේ මිනිසු හිතයි අපවත් උනා කියල 🙂🙂"
"Lionel Jinawansa Perera","https://www.facebook.com/lionel.jinawansa.perera.2025","[Image Attachment]"
"Dharshana Kumara","https://www.facebook.com/dharshana.kumara.384164","අඨමස්ථානාධිපති දැරිවි දුෂනය කරනකොට මේ අය කොහෙද හිටියෙ"
"Ranomin De Silva","https://www.facebook.com/people/Ranomin-De-Silva/pfbid02CLrjDBTjKGQe1BsZV7kbpxHT22v97pHCECYiUffebppw6avog36R5zomwRWNmigKl","ගාන්ඨාරෙ කොහොමද ගහන්න ඕන හාමුදුරුවනේ"
"Nalin Indika","https://www.facebook.com/nalin.indika.75146","මේ කරන්නේ අදිකරනයට අපහසයක් මුට විරඋද්දව නඩු පැවරිය යුතුයි"
"Gamini Rajapaksha","https://www.facebook.com/gamini.rajapaksha.77","Gantare gahapalla Inna😂😂😂"
"Nalin Indika","https://www.facebook.com/nalin.indika.75146","[Image Attachment]"
"Nalin Indika","https://www.facebook.com/nalin.indika.75146","[Image Attachment]"
"Sanjeewa Ranasinha","https://www.facebook.com/people/Sanjeewa-Ranasinha/pfbid02dcMB4nFT79xPPr8EeNKWhknvX8AzQdjC4UuiWjvH4XYT2nMhu6uHcZeob8jspmBil","Haha pan take"
"Prasanna Silva","https://www.facebook.com/sqmidusewmi","Meka horek.sataka namolayage golayek.muu salli walata kahina ekek.tho darmishtane.minissunta paw purawanne nathiwa hitapuarmy ekata pala"
"නිසල් චාමීක හේරත්","https://www.facebook.com/hekgjdgbue","තොපිට ඔන එකක් ගහාගනින් අපට මොකො ඇයි කැගහන්නෙ නඩු තියෙනවාද"
"Nipuni Rathnayaka","https://www.facebook.com/nipuni.rathnayaka.171689","😂"
"Rameez Dasthakeer","https://www.facebook.com/rameez.dasthakeer.9","[Image Attachment]"
"Nuwan Damith","https://www.facebook.com/nuwan.damith.3","[Image Attachment]"
"GK Vithanage","https://www.facebook.com/gk.vithanage.3","ඇත්ත තිත්තයි.අපේ පන්සල් වලට ඔයිට වඩා වැඩ තියෙනවා 🤔"
"Ajitjh Sirilal","https://www.facebook.com/ajitjh.sirilal","ස්වාමින් වහන්සේ නමක් වේලා මේ කියන කතාව කුඩා පොළ ස්වාමින් වහන්සේ අපේ රට වෙනුවෙන් ජාතිය වෙනුවෙන් වැඩ ජනතාව වෙනුවෙන් දිවි හිමියෙන් වැඩ කල ස්වාමින් වහන්සේ නමකි නමූත් මේ ස්වාමින් වහන්සේලා කලේ අපේ රටේ ජනතාව ඇඳපු වැඩ දෙපාලන පක්ෂ වලට කඩේ යාම නොවේ රටේ ජනතාව වෙනුවෙන් හඩක්‌ නැගීය යුතුයි ඔබ‍ලට මතකද පාස්තු ප්‍රහාරය මොන ආගමේ උනත් මනුස ගාතනය හරිද කව්ද හැඩක්‌ අවදි කලේ මේ අය කරේ ආගම නොවේ ජනතාව අතරේ වයිර්ය නිර්මාණය කිරීම   මේ ස්වාමින් වහන්සේලා වැරදි කරාට ප්‍රශ්නක්‌ නෑ කියලා බොරු බේගල් අ ත  අරින්නේ මේ ඉහල පැලන් තියේ අය තමයි මේ රට පාලන කරේ මෙපමණ කලක් ඒ අයට නීතිය ක්‍රියාත්මක උනේ නෑ දැන් මේ අයට නීතිය ක්‍රියා කිරීම වරදක් විදිහට ජනතාව තේරුම් කර නැවත රට අගාදයට ඇද දමන්න හදන්නේ මේ ඔයිස් කට් දෙන්නේ ජනතාවට ආද රයට නොවේ මුදල කෑ දර කමට මේ අයට දැන් ඒ කලේ කිසිම අඩුවක් නැතිව සියලු සැප සම්පත් ලෑ බූනා  මේ රටේ දුෂණය මාත් ද්‍රව්‍ය පාතාලේ කුඩු මිනීමැරවන් ස්ත්‍රී දුෂකයන් රටේ ජනතාවගේ මුදල් සොරා කෑම ආයතන වල දුෂි ක්‍රියා වලක් වීම නීතිය සැමට සමාන කිරීම වරක්ද මේ සියළුම දෙනා මේ රට විනාස කලා කොටි ප්‍රකොට් ගිල දැම්මේ මේ රටේ අහිංසක මිනිස්සු හට දර්මය අවබෝ කරන්න මේ අයට වේලක් නෑ සැම පන්සලක ගන්ටාරේ ගහන්න වෙන්නේ ඔබලගේ වැරදි වලට අපි බලන් ඉන්නවා මොන පන්සල් වලද ගන්ටාරේ නාද කරන්නේ කියා අපේ ජාතිය වෙනුවෙන් අපි කොපමණ කැප කරත් පලක් නොමැත මේ ස්වාමින් වහන්සේලා පිල්මාසල් තුමා අගවිනිසුරු තුමිය ඒක එල්ලේ එලිට දමිම  කොටි ප්‍රකොට් හොරා කෑ උන් බේරා ගන්න යන්නේ රට හැදීමට නොවේ සුරසැප සොයන්නේ ජනතාව තේරුම් ගත යුතුයි"
"Rameez Dasthakeer","https://www.facebook.com/rameez.dasthakeer.9","[Image Attachment]"
"Rameez Dasthakeer","https://www.facebook.com/rameez.dasthakeer.9","[Image Attachment]"
"Rameez Dasthakeer","https://www.facebook.com/rameez.dasthakeer.9","[Image Attachment]"
"Sachith Ferdinanz","https://www.facebook.com/sachith.ferdinanz","කාලකන්නි නිධන් හොරා"
"Rameez Dasthakeer","https://www.facebook.com/rameez.dasthakeer.9","[Image Attachment]"
"Rameez Dasthakeer","https://www.facebook.com/rameez.dasthakeer.9","[Image Attachment]"
"Rameez Dasthakeer","https://www.facebook.com/rameez.dasthakeer.9","[Image Attachment]"
"Sachith Ferdinanz","https://www.facebook.com/sachith.ferdinanz","🐂🐂"
"Sachith Ferdinanz","https://www.facebook.com/sachith.ferdinanz","💩💩"
"Sachith Ferdinanz","https://www.facebook.com/sachith.ferdinanz","😂😂😂"
"Nisanka De Silva","https://www.facebook.com/nisanka.desilva","❤️❤️❤️❤️"
"Sagarika Ekanayake","https://www.facebook.com/sagarika.ekanayake.121","😂😂😂😂"
"Withanage Thilakarathna","https://www.facebook.com/withanage.thilakarathna","Jaya"
"Dilani Jayathilaka","https://www.facebook.com/dilani.dilu.573284","Ane ape gamela pissu ballo passe Yana un na"
"Manjula Priyankara","https://www.facebook.com/profile.php?id=100036188345895","හිතට එකඟව කියන්න.. එදා මෙදා තුර ශ්‍රී ලංකාවේ  බිහිවුන විශිෂ්ටතම රාජ්‍ය නායකයා කවුද  🇱🇰😇"
"Bihan Weerakoon","https://www.facebook.com/people/Bihan-Weerakoon/pfbid034QRjqWbjt1TSU7u5fahXq1juVgafA48ieR1BaBGPG1KVNAiKs9n15xqKgj9Fg6ELl","[Image Attachment]"
"Gayan Konara","https://www.facebook.com/profile.php?id=726557929","හතර පාරක් සිවුර ගලවපු එකෙක්"
"Nandana Pushpakumara","https://www.facebook.com/gigurawagamagenandana.pushpakumara","🙏🙏🙏"
"Kumari Dassanayaka","https://www.facebook.com/people/Kumari-Dassanayaka/pfbid02LDuKgafePD64JWwoyD2jjGLj4agHpJVu33jWP9LhnPD4mneds57TNpvcuaCrosFzl","🙏🙏🙏🙏🙏🙏"
"U K Aluminiuam Aluminiuam","https://www.facebook.com/u.k.aluminiuam.aluminiuam","[Image Attachment]"
"U K Aluminiuam Aluminiuam","https://www.facebook.com/u.k.aluminiuam.aluminiuam","[Image Attachment]"
"U K Aluminiuam Aluminiuam","https://www.facebook.com/u.k.aluminiuam.aluminiuam","[Image Attachment]"
"Maddu Max","https://www.facebook.com/maddu.max.58","සිවුර කැප නැති අය තමයි මෙ කෑ ගහන්නෙ"
"Sanka Sanka","https://www.facebook.com/sanka.sanka.982118","අනේ හුකාපන් සාදු"
"Neil Anosh","","[Image Attachment]"
"Shanti Shanti","https://www.facebook.com/shanti.shanti.67148","Aniwaryen afe hamuduruwane rju adarmikai"
"Pradeep Perera","https://www.facebook.com/prdeep.perera","ටැග්ලය්නඑක ගහගනිං පුකේ"
"Sahnju Nuwan","https://www.facebook.com/sahnju.nuwan","[Image Attachment]"
"Priyantha Pushpakumara","https://www.facebook.com/priyanthap743","[Image Attachment]"
"Jagath Kumara","https://www.facebook.com/jagath.lee.9","රුවන් වැලීසෑයේ චුඩා මාණික්‍යට වැඩේ දුන්න ශ්‍රී පාදස්ථානේ ඝංටාරේට කෙලිය මුන් එතකොට බුදි නෙදකිං"
"Chandana Chandana","https://www.facebook.com/daham.nethsara.39","mu karanne desan falanaua akek yanna afa kohewat gantara gahannat afa  mewa noterenawa nam in me rata karanna winayak"
"Chathura Kumara","https://www.facebook.com/chathura.kumara.91331","Ube siura Ussala Gahapan Take pakaya."
"Mahesh Pitigala","https://www.facebook.com/people/Mahesh-Pitigala/pfbid0iazWitZ44SGmf6KkM5na7yFXjFi7NxdajEJe9A6y5hoZa3qqg3ncSzubSVA6cxUAl","ගමේ පන්සල් වල හාමුදුරුවන් දේශ පාලුවො න්ට කත් අඳින්නෙ නැ. පහුගිය ආණ්ඩු කෙරුවෙ හොඳම වැඩද... එතකොට කොහෙද හිටියෙ. චීවරේ දාගෙන කරන්න තියෙන හැම ජරා වැඩක්ම කරද්දි හොඳද... එතකොට  උපසම්පදාව මොකුත් වෙන්නෙ නෑ. කුඩ්ඩො පාතාලයො දූෂිතයො හොරු රජ කරවන්නමයි දැඟලිල්ල."
"Karunarathna Karunarathna","https://www.facebook.com/karunarathna.karunarathna.9022662","🤣🤣🤣🤣🤣🤣🤣🤣🤣🤣"
"Karunarathna Karunarathna","https://www.facebook.com/karunarathna.karunarathna.9022662","[Image Attachment]"
"Karunarathna Karunarathna","https://www.facebook.com/karunarathna.karunarathna.9022662","[Image Attachment]"
"Karunarathna Karunarathna","https://www.facebook.com/karunarathna.karunarathna.9022662","[Image Attachment]"
"Yasintha Ramesh","https://www.facebook.com/yasintha.ramesh","අපිට නම් කිසි අමාරුවක් නැහැ උඹ සෝකයට පත්වුනාට"
"Kanthi Witharana","https://www.facebook.com/kanthi.witharana.5","[Image Attachment]"
"Gamini Nimal","https://www.facebook.com/gamini.nimal.98","[Sticker]"
"Sachith Anjana","https://www.facebook.com/sachith.anjana.54","ගොං තට්ටයා 😂 රාජපස්ස බල්ලො නම් ගංටාර ගහයි"
"Kanthi Witharana","https://www.facebook.com/kanthi.witharana.5","[Image Attachment]"
"Kanthi Witharana","https://www.facebook.com/kanthi.witharana.5","[Image Attachment]"
"සුන්බුන් විපස්සේ","https://www.facebook.com/SunbunVipasse","[Image Attachment]"
"සුන්බුන් විපස්සේ","https://www.facebook.com/SunbunVipasse","[Image Attachment]"
"සුන්බුන් විපස්සේ","https://www.facebook.com/SunbunVipasse","[Image Attachment]"
"Kanthi Witharana","https://www.facebook.com/kanthi.witharana.5","මුවත් ඇතුලට දැම්ම නම් හරි. මූටත් නඩු ගොඩක් තියෙනවා. මූ නිදන් හොරෙක් 💩💩💩"
"සුන්බුන් විපස්සේ","https://www.facebook.com/SunbunVipasse","[Image Attachment]"
"සුන්බුන් විපස්සේ","https://www.facebook.com/SunbunVipasse","[Image Attachment]"
"සුන්බුන් විපස්සේ","https://www.facebook.com/SunbunVipasse","[Image Attachment]"
"සුන්බුන් විපස්සේ","https://www.facebook.com/SunbunVipasse","[Image Attachment]"
"සුන්බුන් විපස්සේ","https://www.facebook.com/SunbunVipasse","[Image Attachment]"
"සුන්බුන් විපස්සේ","https://www.facebook.com/SunbunVipasse","[Image Attachment]"
"සුන්බුන් විපස්සේ","https://www.facebook.com/SunbunVipasse","[Image Attachment]"
"සුන්බුන් විපස්සේ","https://www.facebook.com/SunbunVipasse","[Image Attachment]"
"සුන්බුන් විපස්සේ","https://www.facebook.com/SunbunVipasse","[Image Attachment]"
"සුන්බුන් විපස්සේ","https://www.facebook.com/SunbunVipasse","[Image Attachment]"
"සුන්බුන් විපස්සේ","https://www.facebook.com/SunbunVipasse","[Image Attachment]"
"සුන්බුන් විපස්සේ","https://www.facebook.com/SunbunVipasse","[Image Attachment]"
"සුන්බුන් විපස්සේ","https://www.facebook.com/SunbunVipasse","[Image Attachment]"
"Raaj Naaga","https://www.facebook.com/raaj.naaga","හෙමින් හෙමින්..... මුලු ජාතියම අවුස්සනවා... නුවණ පාවිච්චී කරන්න.... මුලින්ම ඔබ වහන3මහණ දම්පුරන්න සිල් රකින්න.. මේ මොනවද පාරට වෙලා කරන්නේ... මේකට ද මහණවුනේ..."
"Don Lal","","[Image Attachment]"
"Ddu Priyantha","https://www.facebook.com/upul.priyantha.395891","🙏🙏🙏🙏❤️"
"Dileepa Dolawaththa","https://www.facebook.com/dileepa.dolawaththa","කාලකන්ණි කහකඩයෝ"
"Nishantha Lal","https://www.facebook.com/nishantha.lal.2025","උඹලගෙ හොර ගෑණූ සිවූර ගන්නකොට.කැපද?"
"Wasantha Jayathilaka","https://www.facebook.com/wasantha.jayathilaka.129","[Image Attachment]"
"Wasantha Jayathilaka","https://www.facebook.com/wasantha.jayathilaka.129","[Image Attachment]"
"Lakshan Senarathna","https://www.facebook.com/lakshan.senarathna.634922","සියුර ගලවල බීලා බඩුගහලා  කාර්පැදලා  තිත්තයි ගල්ලෙ උඹෙි ධාර්මික"
"යුක්ති ගරුක දේශයක්","https://www.facebook.com/n63buzuuqa","[Image Attachment]"
"යුක්ති ගරුක දේශයක්","https://www.facebook.com/n63buzuuqa","[Image Attachment]"
"Kanthi Samanmala","https://www.facebook.com/people/Kanthi-Samanmala/pfbid02kHPZAGfq673xvMBxaNAPoeCARVaQU82shq7JVTNuyjS814grDMypNF4M14pvPR74l","යුක්ති ගරුක දේශයක් හිර ගෙ ඇතුලට කමක් නෑ උසාවි යට ස්විර නැති ව ඇවිත් නෑ"
"යුක්ති ගරුක දේශයක්","https://www.facebook.com/n63buzuuqa","[Image Attachment]"
"Lakshmi Abayarathne","","අපි නං ශෝකයට පත් වෙලා නැහැ. එයා වරදක් කරලා නැත්නං නිදහස් වෙයි. අටලෝ දහමට අනුව තමයි හැමදේම සිද්ධ වෙන්නේ."
"Ransi Mahagamage","https://www.facebook.com/ransi.mahagamage.2025","🙏🙏🙏🙏🙏🙏🙏🙏🙏"
"Nuwan Damith","https://www.facebook.com/nuwan.damith.3","[Image Attachment]"
"Saman Priyantha","https://www.facebook.com/people/Saman-Priyantha/pfbid0DNvbDsTwMMzp2PYDxJUgwxgahre1hnnU23RYqx1a7XQt95M5NR85BauWHac2xLNNl","[Sticker]"
"Rohan Karunaratne","https://www.facebook.com/rohan.karunaratne.52","[Image Attachment]"
"Rohan Karunaratne","https://www.facebook.com/rohan.karunaratne.52","[Image Attachment]"
"Rohan Karunaratne","https://www.facebook.com/rohan.karunaratne.52","[Image Attachment]"
"Indika S Dodangolla","https://www.facebook.com/people/Indika-S-Dodangolla/100070359746046","[Sticker]"
"Rohan Karunaratne","https://www.facebook.com/rohan.karunaratne.52","[Image Attachment]"
"Indika S Dodangolla","https://www.facebook.com/people/Indika-S-Dodangolla/100070359746046","[Sticker]"
"Rohan Karunaratne","https://www.facebook.com/rohan.karunaratne.52","[Image Attachment]"
"Indika S Dodangolla","https://www.facebook.com/people/Indika-S-Dodangolla/100070359746046","Gu godak"
"Rohan Molagoda","https://www.facebook.com/rohan.molagoda.37","🙏🙏🙏"
"Rohan Karunaratne","https://www.facebook.com/rohan.karunaratne.52","[Image Attachment]"
"Pathiranage Wikasitha","https://www.facebook.com/vikasitha.rankalum","රෑට රෑට සිවුර ගලවගේන ගැණු එක්ක බුදියන්න හෝදයි හිරේ යද්දි ගැලේවුම තාම අවුල"
"Geeth Wickramanayaka","https://www.facebook.com/geeth.wickramanayaka.5","අනේ මෙහෙනම් එහෙම නෑ.ගහපුදෙන්කෝ දානෙත් නැති කරගන්න තමා"
"Premasiri Waththage","https://www.facebook.com/people/Premasiri-Waththage/61593911334213","😂😂😂😂😂😂😂😂"
"Samith Wellala","https://www.facebook.com/samith.wellala.2025","පල තිත්තගල්ලා බල්ලා තොපි කාලකන්නි රාජපක්ෂ ලාගෙ වහ්ල්ලු බල්ලො ටික"
"Hemantha De Silva","https://www.facebook.com/hemantha.desilva.9843","[Image Attachment]"
"Hemantha De Silva","https://www.facebook.com/hemantha.desilva.9843","[Image Attachment]"
"Hemantha De Silva","https://www.facebook.com/hemantha.desilva.9843","[Image Attachment]"
"සදැල්ල සානි සදැල්ල සානි","https://www.facebook.com/sane.sane.75685962","[Image Attachment]"
"සදැල්ල සානි සදැල්ල සානි","https://www.facebook.com/sane.sane.75685962","[Image Attachment]"
"محمد الهام محمد الهام","https://www.facebook.com/mhmd.alham.mhmd.alham.351454","[Image Attachment]"
"Saman Ranasingha","https://www.facebook.com/saman.ranasingha.92372","[Image Attachment]"
"Janaka Chami","https://www.facebook.com/janaka.chami.167414","[Image Attachment]"
"Janaka Chami","https://www.facebook.com/janaka.chami.167414","[Image Attachment]"
"Shabri Mohammed","https://www.facebook.com/people/Shabri-Mohammed/pfbid034VESgRopjDimvGRwNZiYuCuM7BFjd76d64ysXaYNQh4mf55t3VdCkWJefrwcN6Kul","😂😂"
"Pushpa Kumara NW","https://www.facebook.com/pushpa.kumaranw","පන්සලට දානෙත් නැති කොර ගන්න හදන්නෙ"
"Nuwan Silva","https://www.facebook.com/nuwan.silva.106","Umbala shokayata path wunata api nam naha 😂😂😂😂budda chiwaraya dagena hitiya pathalayek"
"Nissanka Nissanka","https://www.facebook.com/people/Nissanka-Nissanka/pfbid037MT5JtWohqgkUwkGCJauDovUJmDVoEWpfGVXYFUziPadNFduF2iniFQvKY3qcvJKl","වැරදි කලානම් දඩුවම් ලැබෙන්න ඔන"
"Saman Kumara","https://www.facebook.com/saman.kumara.7374480","[Image Attachment]"
"Saman Kumara","https://www.facebook.com/saman.kumara.7374480","[Image Attachment]"
"Mahindaraththna Alawaththa","https://www.facebook.com/mahindaraththna.alawaththa","ඥාණසාරගෙ වයිෆ් ඇවිත් නෑනෙ .දරුවත් ඇවිත් නෑ 😪"
"Didula Wikramanayaka","https://www.facebook.com/people/Didula-Wikramanayaka/pfbid0qnB5br12bNPHbrFNQNBmZf4QrGxCi3WkmRn1AiD5i5hDPwFh2KAj4Saf2RLrEAMkl","පිස්සු තට්ටයෝ ටිකක් වට කරන් කෑ ගහනවා 😂"
"Namila Hewakumara","https://www.facebook.com/namila.hewakumara","Ubalath kohomath hitiye horunge sarama assene"
"Nisansala Sala","https://www.facebook.com/nisansala.sala.9","සිවුර සිවුර කන් දල්වන්න බෑනේ හාමුදුරුවනේ. නිකං මේ තමන් ඇත්තට පුහුණ දුන්න නං ඉවරයිනේ. ගන්ටාරි ගස්සවගන්න කාට හරි කියලා"
"Namila Hewakumara","https://www.facebook.com/namila.hewakumara","Thopi edawasa hitiyanam budu hamuduru damanaya karanne ubalawa"
"Damith Kumara","https://www.facebook.com/damith.kumara.571341","සිවුර දරාගෙන දේශපාලනය කරන එක ස්ත්‍රී දුශනය කරන එක හොරකම් කරන එක ඇකැපයි සිවුර නොදා ඒ වැඩ කරන්න පුලුවන් සිවුරක් දාරගෙන කරන වැඩ කරානම් ඉවරයි"
"Namila Hewakumara","https://www.facebook.com/namila.hewakumara","Warenko gampahata"
"Namila Hewakumara","https://www.facebook.com/namila.hewakumara","Chande illapan paraya"
"Namila Hewakumara","https://www.facebook.com/namila.hewakumara","Uba hire giya wela nehmol beragatta kiyala api monawa karannada ban"
"Namila Hewakumara","https://www.facebook.com/namila.hewakumara","Dewadatta nikaya"
"Thusitha Kumara","https://www.facebook.com/thusitha.kumara.3990","අර පල්ලෙ ගමේ පොඩි ළමයෙක් ඇඳ උඩට ගන්නකොට මුන් කොහෙද දන්නේ නෑ හිටයේ"
"Jaya Jayawickrama","https://www.facebook.com/jaya.jayawickrama.1","Thusitha Kumara මේ වගේ එවුන්ට කියලා දෙන්න ගම්වල එකෙක් නැද්ද"
"Namila Hewakumara","https://www.facebook.com/namila.hewakumara","Hire yanna oona un mahana unama oaka thama awula"
"Nirosha Anne","https://www.facebook.com/nirosha.anne.644131","Kudu walata wediya bhayanakaiy sewure Inna Horu pachayo"
"Namila Hewakumara","https://www.facebook.com/namila.hewakumara","Thota pissu unata apata pissu neha"
"Nirosha Anne","https://www.facebook.com/nirosha.anne.644131","Meyalathe horu"
"Namila Hewakumara","https://www.facebook.com/namila.hewakumara","Gantare gagaha idapan"
"Namila Hewakumara","https://www.facebook.com/namila.hewakumara","Akd great"
"Manchanayaka Manchanayaka","https://www.facebook.com/manchanayaka.manchanayaka.336999","🙏🙏🙏🙏"
"Kumari Wanasinghe","https://www.facebook.com/kumari.wanasinghe.146","🙏🙏🙏🙏❤️🌺"
"Rupasinghe Dissanayake","https://www.facebook.com/rupasinghe.dissanayake.5","[Image Attachment]"
"Menaka Krishantha Gamage","","[Image Attachment]"
"Menaka Krishantha Gamage","","විනය පිටකය කියවලා නැද්ද තාම ?  අනෙකුත් සිල්වත් භික්ෂූන් වහන්සේලා වගේ සිවුරක ගරුත්වය රැකගෙන හිටියා නම් , සංඝනායක හිමිවරු සංඝාධිකරණයෙන් නිසි විනයානුකූල පියවර ගත්තා නම් මෙහෙම සාමාන්‍ය රටේ නීතියට අනුව සිවුර ගලවන්න තැනට වැටෙන්න වෙන්නේ නෑ."
"Ranasinha Arachchi","https://www.facebook.com/people/Ranasinha-Arachchi/pfbid0PFJ4W42kwKLz2ETkYHs8yrEKjp72Kmrgg9YYrVb61XgLAbUVDHqcn3LdPgbVASKgl","Palakariya"
"Ranasinha Arachchi","https://www.facebook.com/people/Ranasinha-Arachchi/pfbid0PFJ4W42kwKLz2ETkYHs8yrEKjp72Kmrgg9YYrVb61XgLAbUVDHqcn3LdPgbVASKgl","[Sticker]"
"John Dishantha","https://www.facebook.com/john.dishantha","[Image Attachment]"
"Devika Abeywikrama","https://www.facebook.com/people/Devika-Abeywikrama/pfbid0BZkmaheyL8KNKLaQofXVBbCwW8M636tzoqd5caHbVmHM8MMsJZSCwsGzP3tzwkQhl","Nee  biriyani kapuwage wipaka"
"John Dishantha","https://www.facebook.com/john.dishantha","[Image Attachment]"
"John Dishantha","https://www.facebook.com/john.dishantha","[Image Attachment]"
"Hettiarachchi Renuka","https://www.facebook.com/hettiarachchi.renuka.7","තොගෙ  ගංඨාරේ  ගහගන් ඊට වැඩිය   හොඳයි"
"Rohini Mabarana Arachchige","https://www.facebook.com/people/Rohini-Mabarana-Arachchige/pfbid035tvR22MF9S75QwjnFy5jVDKAq2s7faiTh5sB54EVyTznggW1VUqTWRmKp2bL9w2tl","තෙරුවන් සරණයි 🙏"
"Lakshitha Chathuranga","https://www.facebook.com/lakshitha.chathuranga.186","😂 බුද්ධ දර්ශනය කන වසලයෝ🤮"
"Kapila Fernando","https://www.facebook.com/people/Kapila-Fernando/pfbid0Xut1bxxh8a6fAMNqoe3xNFDhKLGNgG9zBh8MTCZJ32UVc5poJHpgEBYUjwAspgZhl","🙏🙏🙏💓"
"Rameesha Mohomed","https://www.facebook.com/weero.ekanayake.7","අනිවාරයෙන්ම අපේ හාමුදුරුවනේ"
"Nandana Chandimal Edirisinghe","https://www.facebook.com/Nandana.c.Edirisinghe","පලයං බං යන්න . සුංබුන් විපක්ෂයේ අනිතිම තුරැම්පුව , ආගම සහ සිවුර 🤣🤣🤣"
"Suneetha Jaysinha","https://www.facebook.com/suneetha.jaysinha","[Image Attachment]"
"Nihal Kumara","https://www.facebook.com/nihal.kumara.5811877","[Image Attachment]"
"Nihal Kumara","https://www.facebook.com/nihal.kumara.5811877","[Image Attachment]"
"Suneetha Jaysinha","https://www.facebook.com/suneetha.jaysinha","[Image Attachment]"
"Nihal Kumara","https://www.facebook.com/nihal.kumara.5811877","[Image Attachment]"
"Nihal Kumara","https://www.facebook.com/nihal.kumara.5811877","[Image Attachment]"
"Nihal Kumara","https://www.facebook.com/nihal.kumara.5811877","[Image Attachment]"
"Nihal Kumara","https://www.facebook.com/nihal.kumara.5811877","[Image Attachment]"
"Suneetha Jaysinha","https://www.facebook.com/suneetha.jaysinha","[Image Attachment]"
"Suneetha Jaysinha","https://www.facebook.com/suneetha.jaysinha","[Image Attachment]"
"Suneetha Jaysinha","https://www.facebook.com/suneetha.jaysinha","[Image Attachment]"
"Dsl Kumara Delthota","https://www.facebook.com/people/Dsl-Kumara-Delthota/100092475799103","සියලු පන්සල් නෑ උඹේ පන්සල විතරක් එහෙම කරගනින්"
"Priyantha Herath","https://www.facebook.com/priyantha.herath.54943","[Image Attachment]"
"Priyantha Herath","https://www.facebook.com/priyantha.herath.54943","[Image Attachment]"
"Osaka Silva","https://www.facebook.com/upali.desilva.543","[Image Attachment]"
"Priyantha Herath","https://www.facebook.com/priyantha.herath.54943","[Image Attachment]"
"Priyantha Herath","https://www.facebook.com/priyantha.herath.54943","[Image Attachment]"
"Priyantha Herath","https://www.facebook.com/priyantha.herath.54943","😄"
"Kavinda Fernando","","https://www.facebook.com/share/r/1CZqkQMy5z/?mibextid=wwXIfr"
"Sudesh Saliya","https://www.facebook.com/sudesh.saliya","පල පොන්නයො යන්න"
"Dayarathna Mahindasinghe","https://www.facebook.com/Dayarathna.Mahindasinghe","[Image Attachment]"
"Wasantha Kumara","https://www.facebook.com/wasantha.kumara.900203","[Image Attachment]"
"Harishan Dissanayake","https://www.facebook.com/harishan.dissanayake.2025","Habuduruwange phone aka balahalako"
"Lina Kiranandakorala","https://www.facebook.com/lina.kiranandakorala","ඔය දෙවල කල කියල කිසිම දෙයක්  වෙන්නෙ නැ ....නිවන් දැක  බුදුන්  දකින්න නොහැකිය ...."
"Channa Nawarathne","https://www.facebook.com/channa.nawarathna.2025","තොපි සිවුරු දා ගෙන බඩු ගහන එක හොදයි ද😂"
"Lakmal Thusara Thusara","https://www.facebook.com/people/Lakmal-Thusara-Thusara/pfbid02AJoUQ6bMkVLiHPRzBrXkHbgH9zJxu68ygfNxa4FJSANYMtH1xjcVUFgsSVrcR4Jzl","Gantare gapan toge ammata towage ekek waduwata"
"Thusith Saminda","https://www.facebook.com/thusith.saminda","😭😭😭"
"Lahiru Milinda","https://www.facebook.com/profile.php?id=100016895941449","මේ අතරින් මුන්වහන්සේගේ ඔබ කැමතිම දේශනාව/ගුණකථනය කුමක් ද?  Video link එකට අදාල අංකය comment කරන්න.   1. පාස්කු වින්දිතයන් වෙනුවෙන් දෙසූ බණ  - www.facebook.com/reel/976809538075688  2. පොලිස් නිලධාරීන් ඉදිරියේ පැවැත්වූ සර්වරාත්‍රික ධර්ම දේශනය - www.facebook.com/reel/4524590307687830  3. අටමස්ථාන හිමි සම්බන්ධ ධර්ම කාරණා ගැන දෙසූ බණ - www.facebook.com/reel/1485338259360775  4. මත් ගිලන්පස වර්ග පානය කර රිය පැදවීමේ ආනිශංස ගැන දෙසූ බණ  - www.facebook.com/reel/1411000313859280   5. ස්වාමීන් වහන්සේලා දෙනමකට දෙසන ලද සුමධුර බණ - www.facebook.com/reel/2267902343989535   6. තවත් ස්වාමීන් වහන්සේ නමකට දෙසන ලද සුමධුර බණ - www.facebook.com/LankaPolitics.LK/posts/2160642437420691/  7. තවත් ස්වාමීන් වහන්සේ නමක් ඉදිරියේ කඩු ශිල්ප ප්‍රගුණ කළ ආකාරය - www.facebook.com/shanika.dissanayaka.75/posts/258878289316550/  8. ""හිරු-ගෝඨාභිවන්දනා"" දම් දෙසුම - www.facebook.com/salakuna/posts/2084796008511068  9. රාජපක්ෂ නිකායේ චිරස්ථිතිය උදෙසා දෙසූ බණ - www.facebook.com/reel/1765006804154692  10. මෙත් වැඩීමේ ආනිශංස ගැන අලුත්ගමදී සිදුකළ දේශනාව - www.facebook.com/nadeera.jayathilake.5/posts/650268442632169/  11. මුන් වහන්සේ තුන් වන සිල්පදය රැකගත් ආකාරය සම්බන්ධ ගුණකථනය - www.facebook.com/100057428530869/posts/503797707886139/  12. සීඝ්‍රගාමීව නිවන් යාම සඳහා ලැබුණු V8 රථය ගැන සිදුකළ ගුණකථනය - www.facebook.com/sandaruwansdl/posts/202829195247793/  13. රාජපක්ෂ නිකායෙන් කෙටිකාලීනව ඉවත් වූ සමයේ දෙසූ බණ 1 - www.facebook.com/reel/2087754658794221  14. රාජපක්ෂ නිකායෙන් කෙටිකාලීනව ඉවත් වූ සමයේ දෙසූ බණ 2 - www.facebook.com/shanika.dissanayaka.75/posts/782901415851346/  15. අනිත්‍යය මෙනෙහි කරවන එදා සහ අද වෙනස 1 - www.facebook.com/reel/2594991627669734   16. අනිත්‍යය මෙනෙහි කරවන එදා සහ අද වෙනස 2 - www.facebook.com/reel/1678696153818733  17. අනිත්‍යය මෙනෙහි කරවන එදා සහ අද වෙනස 3 - www.facebook.com/reel/944518512046119  18. අනිත්‍යය මෙනෙහි කරවන එදා සහ අද වෙනස 4 - www.facebook.com/reel/1443335187720455   පිං ඇත්තෝ  මේ දේශනා සියල්ල දැක බලා සැදැහැ සිතින් අනුමෛා්දන් වෙත්වා!  සාදු සාදු!🙏  ධර්ම දානය පිණිසයි.❤  #NirmanaD"
"Sathima Hemamali","https://www.facebook.com/people/Sathima-Hemamali/pfbid02bcNHxnMu2AC32CMq273TtwMFYomG4ujaNPmJZWLTFGYSNYY2KXNg3eoNrbgrMcfKl","[Image Attachment]"
"Wellasse Podi Nama","https://www.facebook.com/people/Wellasse-Podi-Nama/61555690066807","Wena weda na ne"
"Nsb Herath","https://www.facebook.com/people/Nsb-Herath/pfbid036vDst5AsFaxYb57xMCDBK7fxd8D7cwtm2BK2mm5cdCemqGMG9uNiXyNuWZQrarZVl","පිස්සු ද"
"Nilanthi Nilanthi","https://www.facebook.com/nilanthi.nilanthi.739800","[Image Attachment]"
"Lion Dilan Samarasekara","https://www.facebook.com/dilan.samarasekara.9","පිස්සු නැතතන් මරු"
"Lal Silva","https://www.facebook.com/lal.silva.961","ඝාන්ටාරේ අල්ලලා කරකවන්න ඕන"
"Julee Julee","https://www.facebook.com/julee.julee.336717","[Image Attachment]"
"Namal Lalith","https://www.facebook.com/namal.lalith.2025","🙏🙏🙏🙏"
"Praneeth Pawan Madushanka","https://www.facebook.com/praneeth.madushanka.79","මුංගෙත් සිවුරු ගලවගන්න  එකෙක් නෑනේ අම්මපා 🙈🙈"
"Lalaka Ruwan","https://www.facebook.com/lalaka.ruwan","ඔක කියන්න දෙයක් නැ කොහොමත් ලොකු හමුදුරුවො ගන්ටරේ ගහනවා පන්සල වටේ ගෙවල් වලට😂😂😂"
"Priyangika Bandara","https://www.facebook.com/priyangika.bandara.184","🐂🐂🐂🐂🐂🐂🐂🐂👍👍👍👍👍😂😂😂😂😂"
"Dilrukshi Gamage","https://www.facebook.com/pituduwagamage.deepikadilrukshi","💖🙏"
"Sathima Hemamali","https://www.facebook.com/people/Sathima-Hemamali/pfbid02bcNHxnMu2AC32CMq273TtwMFYomG4ujaNPmJZWLTFGYSNYY2KXNg3eoNrbgrMcfKl","[Image Attachment]"
"Eranda Athurupana","https://www.facebook.com/eranda.athurupana.2025","[Image Attachment]"
"Dhayé Mahênz","","[Image Attachment]"
"Wajira Buddika Niyarakatiya","https://www.facebook.com/wajira.buddika.9","[Image Attachment]"
"Gihani Asansa","https://www.facebook.com/people/Gihani-Asansa/pfbid0bte82y5NwR49CMndCAgK3ec2fkXsSdPbDgsRNGacWCHUeaAYQCVqW37qaRhE2Kpxl","Wasantha Vithana"
"Balakkrsihnan Bala","https://www.facebook.com/balakkrsihnan.bala","😂😂😂😂😂"
"Dimuthu Athauda","https://www.facebook.com/dimuthu.athauda.2025","[Image Attachment]"
"Malitha Sadaruwan","https://www.facebook.com/malitha.sadaruwan.2025","ගාන්ටාර ගහන පංසල් වලට දානෙ දෙන්න එපා 👍"
"Sanda Ruwan","https://www.facebook.com/people/Sanda-Ruwan/pfbid02zkZRCLQxqfipcbN3DCPy3W5aPNm7mbWufz4trtrfFpm3DzWbYvhmugyH9dPBwvb4l","🤣🤣🤣🤣"
"Nili Nili","https://www.facebook.com/people/Nili-Nili/pfbid07DhU4wj8euHSapnNtSuMrjPp5vKABFwzwyXh2RJ5GD52C578KTm9Y9PPqyM4AVjxl","Bhagya gunasekara"
"Shiyam Fausul Ameer","https://www.facebook.com/shiyam.fausul.ameer","උක් ගොවියත් ඇවිත්"
"Hashinthi Wickramarachchi","https://www.facebook.com/hashinthi.wickramarachchi","Munta pissu 😂"
"Latha Perıs","https://www.facebook.com/people/Latha-Per%C4%B1s/pfbid0E3Fv2F1w3rUkZzipRj2FinJoXLbQVCCZCTtW4goh2udNj7z13aRvdABQCaeyus7Ul","Theruwan sarani sadu sadu sadu 🙏🙏"
"Sandun Weerakoon","https://www.facebook.com/people/Sandun-Weerakoon/100095034444627","[Sticker]"
"Sandun Weerakoon","https://www.facebook.com/people/Sandun-Weerakoon/100095034444627","[Image Attachment]"
"Chaminda Kumara","https://www.facebook.com/people/Chaminda-Kumara/100091259443943","අනේ පලයන් හුත්තෝ . අපිත් බෞද්ධ තමයි .."
"Kavinda Weerakoon","https://www.facebook.com/pasindu.sandaruwan.9619","Oyalage siura garuthwaya rakagena Inna. Desapalakayo passe yanne nathiwa dhahama desana karagena inna"
"Isuru Udara Abeysekara","https://www.facebook.com/udara.abeysekara","ම්ම්ම්ම් ගහල බලන්නකෝ පන්සල් වල.. පිනට හම්බෙන දානෙත් නැතිකරගන්න තමා ඉතින් ඔය. පන්සලට සලකන්නේ රටේ දර්මය රකින්න මිසක් පොලිටිලකල් ඇජෙන්ඩා වලට පිස්සු කෙලින්න නෙමේ."
"Sujee Diddeniya","https://www.facebook.com/sujee.diddeniya","Isuru Udara Abeysekara ඔයා දාන දෙනවද..😂"
"Isuru Udara Abeysekara","https://www.facebook.com/udara.abeysekara","Sujee Diddeniya ගිය සතියෙත් දුන්නා හැබැයි 🥲."
"Lanka Dilrukshi","https://www.facebook.com/people/Lanka-Dilrukshi/61558972020944","රජු අධාර්මිකයි"
"Wasa Wasantha","https://www.facebook.com/wasa.wasantha.54820","[Image Attachment]"
"Ariyadsa Vetanaga","https://www.facebook.com/ariyadsa.vetanaga","[Sticker]"
"Anton Peiris","https://www.facebook.com/anton.peiris.765471","අනෙ පලයං වනචාරියා"
"Herry Welivita","https://www.facebook.com/wasantha.welivita","ඝණ්ඨාර නැත්තං ඇට දෙක හොල්ලෙකට කමක් නැද්ද අපේ හාමුදුරුවනේ"
"Greak Kwt","https://www.facebook.com/greak.kwt","එතකොට චානසාර පව් ගිය කාලේ කලිසම් කොට් සුට් ගාහගෙන පිටරට ගියේ"
"Sachintha Virajini","https://www.facebook.com/people/Sachintha-Virajini/pfbid0J4K3VVytMF4fXcTSUtdYot6WtEWjnXim31sFDU2c2q1n7vg5gWj4Ffg9mYPcm8Hpl","[Image Attachment]"
"Nelum Kumari","https://www.facebook.com/nelum.kumari.7528610","අධර්මිෂ්ඨ පාලකයාගේ ක්‍රියාව සිංහල බෞද්ධයෙක් වශයෙන් හෙලා දකිනවා"
"Sachintha Virajini","https://www.facebook.com/people/Sachintha-Virajini/pfbid0J4K3VVytMF4fXcTSUtdYot6WtEWjnXim31sFDU2c2q1n7vg5gWj4Ffg9mYPcm8Hpl","[Image Attachment]"
"Manjula Karunanayaka","https://www.facebook.com/manjula.karayaka","[Image Attachment]"
"Lasanta Pranando","https://www.facebook.com/profile.php?id=100035996238617","LIONS WEKUP NOW SINHALA BAUDDAYO NAGETAPALLA"
"Sachintha Virajini","https://www.facebook.com/people/Sachintha-Virajini/pfbid0J4K3VVytMF4fXcTSUtdYot6WtEWjnXim31sFDU2c2q1n7vg5gWj4Ffg9mYPcm8Hpl","[Image Attachment]"
"Dkm Hewa Ranasingha","https://www.facebook.com/dkm.hewa.ranasingha","#රජුඅධාර්මිකයි"
"Sachintha Virajini","https://www.facebook.com/people/Sachintha-Virajini/pfbid0J4K3VVytMF4fXcTSUtdYot6WtEWjnXim31sFDU2c2q1n7vg5gWj4Ffg9mYPcm8Hpl","[Image Attachment]"
"Sachintha Virajini","https://www.facebook.com/people/Sachintha-Virajini/pfbid0J4K3VVytMF4fXcTSUtdYot6WtEWjnXim31sFDU2c2q1n7vg5gWj4Ffg9mYPcm8Hpl","[Image Attachment]"
"Sachintha Virajini","https://www.facebook.com/people/Sachintha-Virajini/pfbid0J4K3VVytMF4fXcTSUtdYot6WtEWjnXim31sFDU2c2q1n7vg5gWj4Ffg9mYPcm8Hpl","[Image Attachment]"
"Sachintha Virajini","https://www.facebook.com/people/Sachintha-Virajini/pfbid0J4K3VVytMF4fXcTSUtdYot6WtEWjnXim31sFDU2c2q1n7vg5gWj4Ffg9mYPcm8Hpl","[Image Attachment]"
"Sachintha Virajini","https://www.facebook.com/people/Sachintha-Virajini/pfbid0J4K3VVytMF4fXcTSUtdYot6WtEWjnXim31sFDU2c2q1n7vg5gWj4Ffg9mYPcm8Hpl","[Image Attachment]"
"Sachintha Virajini","https://www.facebook.com/people/Sachintha-Virajini/pfbid0J4K3VVytMF4fXcTSUtdYot6WtEWjnXim31sFDU2c2q1n7vg5gWj4Ffg9mYPcm8Hpl","[Image Attachment]"
"Hasini Perer","https://www.facebook.com/people/Hasini-Perer/61589749486802","https://youtu.be/Xdfaf-2YYSs?si=z9h1SdDe0C8aNBHq ⚖️ රාජ්‍ය නීතියද? උසස් බුද්ධ නීතියද? ඇත්තටම වඩාත්ම උසස් වෙන්නේ මොකක්ද? 👑 රජ කාලේ මේ නීති දෙක ක්‍රියාත්මක වුණේ කොහොමද කියලා මේ වැඩසටහනෙන් ඉතාමත් පැහැදිලිව, සාක්ෂි සහිතව විග්‍රහ කරනවා. ජීවිතයට අනිවාර්යයෙන්ම එකතු කරගත යුතු මේ වටිනා වීඩියෝව දැන්ම නරඹන්න! බලලා තවත් කෙනෙකුට බලන්න අනිවාර්යයෙන්ම Share කරන්න. 📲✨"
"Sudath Rathnayaka","https://www.facebook.com/sudath.rathnayaka.503","රෙවිලා ඉන්නේ😂😂😂😂"
"Aturuwelle Samitha","https://www.facebook.com/people/Aturuwelle-Samitha/pfbid02k6gnDB4pGYAcCCyvXv9PALNMMyZhmfdtcJ4A9kNhi3H3dqkMPHfFARGEtvqJjzf4l","AKD❤️🙏"
"Nilmini Disanayaka","https://www.facebook.com/people/Nilmini-Disanayaka/pfbid02wkNPd5cS6HuiNgfoMn5W8p8GgsjnxoVAi2JySfhoG3RwfHEakyRoUzZkGrB495SPl","[Image Attachment]"
"Nilmini Disanayaka","https://www.facebook.com/people/Nilmini-Disanayaka/pfbid02wkNPd5cS6HuiNgfoMn5W8p8GgsjnxoVAi2JySfhoG3RwfHEakyRoUzZkGrB495SPl","[Image Attachment]"
"Nilmini Disanayaka","https://www.facebook.com/people/Nilmini-Disanayaka/pfbid02wkNPd5cS6HuiNgfoMn5W8p8GgsjnxoVAi2JySfhoG3RwfHEakyRoUzZkGrB495SPl","[Image Attachment]"
"Nanda Pathirana","","අනේ පැලන් බන් රනිල් රාජපක්ෂගෙ දායකයෝන්ගෙ නම් පුකේ ඉත්තෑවෝ දුවනව කියලා පේනවා ඔය වටේ ඉන්න නිඝන්ටයෝ ටික දැක්කම. බෙට්ට වැටෙන කම් කෑ ගහල කොහොම හ‍රි නානසාරයගෙ replacement එකට පැන ගනින් කාලකන්නිය."
"Nilmini Disanayaka","https://www.facebook.com/people/Nilmini-Disanayaka/pfbid02wkNPd5cS6HuiNgfoMn5W8p8GgsjnxoVAi2JySfhoG3RwfHEakyRoUzZkGrB495SPl","[Image Attachment]"
"Rasika Sampath","https://www.facebook.com/people/Rasika-Sampath/pfbid0cLQzNoCC2qqJ5ppEoskuAbRjY2GqsCagixnHDTdLihDvUJekeYfYii6yxBb8gHPRl","[Image Attachment]"
"Jaya Kirana","https://www.facebook.com/jaya.kirana.3726","🙏🏻👍🏻"
"M A Priyanthi Perera","https://www.facebook.com/m.a.priyanthi.perera","කාලකන්නි පාලනයක් මේ රට"
"Namal Rajika Perera","https://www.facebook.com/namal.perera2","මෛත්‍රීයක් කොහෙද තියෙන්නේ හිතේ තියෙන්නේ පලිගන්න ඉස්සෙල්ලම හරියට මහණ වෙන්න"
"Sonal Sonal","https://www.facebook.com/people/Sonal-Sonal/pfbid0k2eUWu3KMJtgGgrrKh2J33kY6VbEh5ZJQ3ijc9mKQfo4DLkC9qiaSstgj5HxKp2sl","අපෙ පන්සලේ එහෙම දෙයක් කලොත් ලොකු හාඋදුරුවන්ට උයාගෙන කන්න වෙන්නෙ 😬"
"Sanka Thilina","https://www.facebook.com/sanka.thilina.75","මේ කැරියව හිරේ දාපල්ලා මෙහෙම මහජනතාව කුපිත කරනවට.. මේ රජය මේවා බලන් ඉන්නේ ඇඊ"
"Sonal Sonal","https://www.facebook.com/people/Sonal-Sonal/pfbid0k2eUWu3KMJtgGgrrKh2J33kY6VbEh5ZJQ3ijc9mKQfo4DLkC9qiaSstgj5HxKp2sl","[Image Attachment]"
"Sanka Thilina","https://www.facebook.com/sanka.thilina.75","උබ ලෝක හොරා"
"Sonal Sonal","https://www.facebook.com/people/Sonal-Sonal/pfbid0k2eUWu3KMJtgGgrrKh2J33kY6VbEh5ZJQ3ijc9mKQfo4DLkC9qiaSstgj5HxKp2sl","[Image Attachment]"
"Sanka Thilina","https://www.facebook.com/sanka.thilina.75","නිදන් හොරා"
"Sonal Sonal","https://www.facebook.com/people/Sonal-Sonal/pfbid0k2eUWu3KMJtgGgrrKh2J33kY6VbEh5ZJQ3ijc9mKQfo4DLkC9qiaSstgj5HxKp2sl","[Image Attachment]"
"Sanka Thilina","https://www.facebook.com/sanka.thilina.75","[Image Attachment]"
"Sanka Thilina","https://www.facebook.com/sanka.thilina.75","[Image Attachment]"
"Sanka Thilina","https://www.facebook.com/sanka.thilina.75","[Image Attachment]"
"Namal Rajika Perera","https://www.facebook.com/namal.perera2","එහෙනම් මොකටද දගලන්නේ"
"Suranji Priyadarshani","https://www.facebook.com/people/Suranji-Priyadarshani/61588786866537","Oba wahanseta elagata labei"
"Kumara Kumara","https://www.facebook.com/people/Kumara-Kumara/pfbid02juSPDXy8VAf9zRWsKU8AbcwdTkePZK8mLRJ7BUQi35DRX5QCMPtb96W9Rw94oCZZl","හු..ක..නවා පලයව් ගෙදර"
"Kag Silva","https://www.facebook.com/kag.silva.9","🙏🙏🙏"
"Supun Madusanka","","සාදු සමහර පන්සල් තීනවා ඝන්ඨාර කුලුනක් තාම හදලා නැති පොඩි පන්සල් ඒවගේ මොනාද ගහන්නේ සාදු.....🙃🙃"
"Somawathi Panthirige","https://www.facebook.com/somawathi.panthirige","නීතිය ක්‍රියාත්මක වන විට මූ රජ අධාර්මික යි කියන්නෙ ඇයි!!! අපිට රජවරු හිටියෙ පවුල් පිටින් රට කනකොට නෙ! මහ රජානෝ දැන් මිනිසුන් එළවල බොහෝ කල්    මෙයා පිස්සු හැදිලා කෑගහනවා බලං හිටපං ගහන්න ගංටාර!"
"Athula Dm","https://www.facebook.com/athula.dm.9","දේසපාලනය කරන්න එපා කියපියව් තොපෙ චීවරදාරින්ට"
"Jeewani Perera","https://www.facebook.com/jeewani.perera.3701","සිව්‍ර්‍ර ගලවලා ගැනුපස්සෙ යනවා ටිකක් හොයල බලන්න."
"Anurada Wick","https://www.facebook.com/senpathianurada.wickramarachchi","🤣🤣🤣"
"Lankadiranga Jayasinghe","https://www.facebook.com/profile.php?id=100003005306494","[Image Attachment]"
"Siripala Haputhantri","https://www.facebook.com/siripala.haputhantri.9","ලපයට හෙන හතම ගහන්න ඕනෙ"
"Era Yethmin","","සිවුර උස්සහන් ඝණ්ටාරේ ගහයි කස්ටිය 🤣"
"දර්ශන රුවන්","https://www.facebook.com/6rpy6melhh","🤣🤣🤣🤣🤣"
"Thilak Suraweera","https://www.facebook.com/thilak.suraweera.317119","කෑ ගැහුවට  වැඩක්  නෑ බං  උසාවි  නියෝගයට හිස නමපන්..පල  පන්සලට"
"Nimesh Gamage","https://www.facebook.com/salinda.fernando.35","උබලට කරන්න පුලුවන් ලබ්බක් නෑ බන් පන්සලට වේලා හිටහල්ලා බන් බනක් බවනාවක් කරන්"
"Tharanga Wimalarathna","","දුප් ගොo වගල් නිඝන්ඨ බල්ලො"
"Lasantha Gamage","https://www.facebook.com/people/Lasantha-Gamage/pfbid0kJGGFsy67EE3P1xdXGKnZz2JBcG1fFmZhwNJDP542FNwHHoBkmTKs8fLvyuVP6cUl","විනය ගරුක ස්වාමීන් වහන්සේගේ චරිතය https://www.facebook.com/share/r/1BxMcNSFpH/"
"නිපුනි තාරුකා","https://www.facebook.com/people/%E0%B6%B1%E0%B7%92%E0%B6%B4%E0%B7%94%E0%B6%B1%E0%B7%92-%E0%B6%AD%E0%B7%8F%E0%B6%BB%E0%B7%94%E0%B6%9A%E0%B7%8F/61575886360905","මුන් ගෑනු එක්ක පන්සල් වල හැමිනෙද්දි හොදයි , පොඩි උන්ට ගල් කපන්න හොදයි සක්කිලි"
"Hiru Hiru","https://www.facebook.com/people/Hiru-Hiru/pfbid02EtqYuo8MFwskWbahF7TCsEpZPtygbTGxumDDY5hGhnRaQq176G1unak7vmh7XXBDl","hida  palanayak  thiyenwa  dan   ape  rata  hidai  dan❤💕❤💕❤💕❤💕❤"
"Krishantha Daniyal Sebastiyan","https://www.facebook.com/dsr.krishantha","[Image Attachment]"
"Hiru Hiru","https://www.facebook.com/people/Hiru-Hiru/pfbid02EtqYuo8MFwskWbahF7TCsEpZPtygbTGxumDDY5hGhnRaQq176G1unak7vmh7XXBDl","kauruth   gahane  mokatada    yako    dena  dane  kala  idapan"
"Laksri Saman","https://www.facebook.com/laksri.saman","[Image Attachment]"
"Hiru Hiru","https://www.facebook.com/people/Hiru-Hiru/pfbid02EtqYuo8MFwskWbahF7TCsEpZPtygbTGxumDDY5hGhnRaQq176G1unak7vmh7XXBDl","dan  aya  hire  kata wahan  inna"
"Hiru Hiru","https://www.facebook.com/people/Hiru-Hiru/pfbid02EtqYuo8MFwskWbahF7TCsEpZPtygbTGxumDDY5hGhnRaQq176G1unak7vmh7XXBDl","oyala  lanja  wela  iwarai"
"Hiru Hiru","https://www.facebook.com/people/Hiru-Hiru/pfbid02EtqYuo8MFwskWbahF7TCsEpZPtygbTGxumDDY5hGhnRaQq176G1unak7vmh7XXBDl","sirura  dagena  puluwan  tharan  jara  weda  karanda  puluwan  ane  hamuduruwane    kata  wahan  inna"
"Hiru Hiru","https://www.facebook.com/people/Hiru-Hiru/pfbid02EtqYuo8MFwskWbahF7TCsEpZPtygbTGxumDDY5hGhnRaQq176G1unak7vmh7XXBDl","😂😂😂😂😂😂😂😂😂"
"Chaminda Hbb","https://www.facebook.com/chaminda.hbb","🙏🙏🙏🙏🙏🙏🙏🙏"
"Lasantha Gamage","https://www.facebook.com/people/Lasantha-Gamage/pfbid0kJGGFsy67EE3P1xdXGKnZz2JBcG1fFmZhwNJDP542FNwHHoBkmTKs8fLvyuVP6cUl","https://www.facebook.com/share/v/1Bxbe2G3nf/"
"Sandun Gowinda","https://www.facebook.com/sandun.gowinda","2018 mu koheda ban hitiya"
"Nadeera Shalinda","https://www.facebook.com/nadeera.shalinda.3","මු නේද කියුවේ.ප්‍රභාකරන් මුගේ පන්සලට ආනනම්.ඌව බේරගන්නවා කියපු හොර තක්කඩියෙක් මු."
"Nadeera Shalinda","https://www.facebook.com/nadeera.shalinda.3","පල පල තොගේ සිවුරත් ගලවනවා පගයෝ."
"Anil Fonsek","https://www.facebook.com/anil.fonsek.2025","[Image Attachment]"
"Anil Fonsek","https://www.facebook.com/anil.fonsek.2025","[Image Attachment]"
"Anil Fonsek","https://www.facebook.com/anil.fonsek.2025","[Image Attachment]"
"Anil Fonsek","https://www.facebook.com/anil.fonsek.2025","[Image Attachment]"
"Anil Fonsek","https://www.facebook.com/anil.fonsek.2025","[Image Attachment]"
"Anil Fonsek","https://www.facebook.com/anil.fonsek.2025","[Image Attachment]"
"Anil Fonsek","https://www.facebook.com/anil.fonsek.2025","[Image Attachment]"
"ゲハン カウシカ プリヤシャンカ","https://www.facebook.com/people/%E3%82%B2%E3%83%8F%E3%83%B3-%E3%82%AB%E3%82%A6%E3%82%B7%E3%82%AB-%E3%83%97%E3%83%AA%E3%83%A4%E3%82%B7%E3%83%A3%E3%83%B3%E3%82%AB/pfbid0vdiduZM7mYYENdNp4YD7ztyoknhoAp7e6yxZVK7hoDBJdSrsbEaKB5bPws8ogWt4l","සාසනය කන පරයෝ තොපි😂"
"Anil Fonsek","https://www.facebook.com/anil.fonsek.2025","[Image Attachment]"
"Anil Fonsek","https://www.facebook.com/anil.fonsek.2025","[Image Attachment]"
"Anil Fonsek","https://www.facebook.com/anil.fonsek.2025","[Image Attachment]"
"Anil Fonsek","https://www.facebook.com/anil.fonsek.2025","[Image Attachment]"
"Anil Fonsek","https://www.facebook.com/anil.fonsek.2025","[Image Attachment]"
"Anil Fonsek","https://www.facebook.com/anil.fonsek.2025","[Image Attachment]"
"Buddika Sangeewa Wijeesinhe","https://www.facebook.com/people/Buddika-Sangeewa-Wijeesinhe/pfbid02L4wtrj92R71MeKhfL9PMX9xSGJDYAkwwYcKPuKJt9n8dtXU1jKCnq5WW6QPMRD2Yl","[Image Attachment]"
"Buddika Sangeewa Wijeesinhe","https://www.facebook.com/people/Buddika-Sangeewa-Wijeesinhe/pfbid02L4wtrj92R71MeKhfL9PMX9xSGJDYAkwwYcKPuKJt9n8dtXU1jKCnq5WW6QPMRD2Yl","[Image Attachment]"
"Buddika Sangeewa Wijeesinhe","https://www.facebook.com/people/Buddika-Sangeewa-Wijeesinhe/pfbid02L4wtrj92R71MeKhfL9PMX9xSGJDYAkwwYcKPuKJt9n8dtXU1jKCnq5WW6QPMRD2Yl","[Image Attachment]"
"Anil Fonsek","https://www.facebook.com/anil.fonsek.2025","[Image Attachment]"
"Anil Fonsek","https://www.facebook.com/anil.fonsek.2025","[Image Attachment]"
"Anil Fonsek","https://www.facebook.com/anil.fonsek.2025","[Image Attachment]"
"Anil Fonsek","https://www.facebook.com/anil.fonsek.2025","[Image Attachment]"
"Anil Fonsek","https://www.facebook.com/anil.fonsek.2025","[Image Attachment]"
"Anil Fonsek","https://www.facebook.com/anil.fonsek.2025","[Image Attachment]"
"Anil Fonsek","https://www.facebook.com/anil.fonsek.2025","[Image Attachment]"
"Anil Fonsek","https://www.facebook.com/anil.fonsek.2025","[Image Attachment]"
"Anil Fonsek","https://www.facebook.com/anil.fonsek.2025","[Image Attachment]"
"Anil Fonsek","https://www.facebook.com/anil.fonsek.2025","[Image Attachment]"
"Anil Fonsek","https://www.facebook.com/anil.fonsek.2025","[Image Attachment]"
"Anil Fonsek","https://www.facebook.com/anil.fonsek.2025","[Image Attachment]"
"Anil Fonsek","https://www.facebook.com/anil.fonsek.2025","[Image Attachment]"
"Amal C. Liyanage","https://www.facebook.com/amal.c.liyanage","තෙරුවන් සරණයි අපෙ හාමුදුරුවන්ට"
"Siraj Asrana","","https://www.facebook.com/reel/2386852358787914?s=yWDuG2&fs=e&mibextid=Nif5oz"
"Viraj Munsinghe","https://www.facebook.com/namal.dimuthu.323300","මේවා පෙන්නපල්ලා 2026  ගැලපෙන විදියට කරල තියෙනවා සරමයි ෂර්ට් එකයි අනදවලා තියෙනවා 😬😬🙄 2018 කොට කලිසමක් සහ ෂර්ට් එකක් අන්දවලා ඒක ගැලපෙනවා මුන් පවු"
"සුනිතා හංසනි","https://www.facebook.com/suneethahansani","ඇයි  අපෙ පන්සල් වල හාමුදුරුවන්ට පිස්සු නැ උබලට වගෙ  ඇයි  බන් උබලා කොහෙද  හිටියෙ   සිරිසෙන  2018 ගලගොඩගෙ සිවුර අගලවලා    ජම්පරේ අන්දනකොට  ටැක් ලයින් එක ගහන්න වෙන්නෙ බයියන්ගෙ පුකෙ ඔයාලගෙ පුකෙ තමයි 😂"
"Nalin Indika","https://www.facebook.com/nalin.indika.1690","[Image Attachment]"
"Amila Sandaruwan","https://www.facebook.com/people/Amila-Sandaruwan/pfbid037hyuGzQSEpbdjh4D3wAMCpiwbbEz61JXejNKymuXdJjQqKrsFATMZH3eSjGaM2Cxl","මේක බලන්න පොඩ්ඩක් පින්වතුනි"
"Suresh Lakmall","https://www.facebook.com/people/Suresh-Lakmall/pfbid02aynKHetJB5LDwAEvKYBj7dY7scwCbJ1DU93n5KpqTfrN8p99dE6RvgjpkiYfx4dtl","Kisima dukak ne Apita Apit bauddayoo uba wage ciwara darinta hodai"
"Sumudu Anurajith","https://www.facebook.com/sumudu.anurajith.1","V8 එකක් ඕනෙද 🤣"
"Sumudu Anurajith","https://www.facebook.com/sumudu.anurajith.1","[Image Attachment]"
"Malee Ekanayake","https://www.facebook.com/profile.php?id=100012469324158","Tharanga Roshan"
"Janitha Kumara","https://www.facebook.com/janitha.kumara.930877","[Image Attachment]"
"Tacde Silva","https://www.facebook.com/people/Tacde-Silva/pfbid02mnksyApRwrXCdvb2KSM8L2RSgywKuxXe6Tp2Qg8PNk4ek1MY9X3phY5rivEm3UL8l","[Image Attachment]"
"Tacde Silva","https://www.facebook.com/people/Tacde-Silva/pfbid02mnksyApRwrXCdvb2KSM8L2RSgywKuxXe6Tp2Qg8PNk4ek1MY9X3phY5rivEm3UL8l","[Image Attachment]"
"Tacde Silva","https://www.facebook.com/people/Tacde-Silva/pfbid02mnksyApRwrXCdvb2KSM8L2RSgywKuxXe6Tp2Qg8PNk4ek1MY9X3phY5rivEm3UL8l","[Image Attachment]"
"Tacde Silva","https://www.facebook.com/people/Tacde-Silva/pfbid02mnksyApRwrXCdvb2KSM8L2RSgywKuxXe6Tp2Qg8PNk4ek1MY9X3phY5rivEm3UL8l","[Image Attachment]"
"Tacde Silva","https://www.facebook.com/people/Tacde-Silva/pfbid02mnksyApRwrXCdvb2KSM8L2RSgywKuxXe6Tp2Qg8PNk4ek1MY9X3phY5rivEm3UL8l","[Image Attachment]"
"Lasa Lasa","https://www.facebook.com/people/Lasa-Lasa/61590212657346","කතා වෙන්ම පේනවා හාමුදුරුවන්ගේ ධාර්මිකත්වය .මෙි වගේ අයට දානෙ දිිල අපි කරගන්නෙත් පවක්"
"Tacde Silva","https://www.facebook.com/people/Tacde-Silva/pfbid02mnksyApRwrXCdvb2KSM8L2RSgywKuxXe6Tp2Qg8PNk4ek1MY9X3phY5rivEm3UL8l","[Image Attachment]"
"Tacde Silva","https://www.facebook.com/people/Tacde-Silva/pfbid02mnksyApRwrXCdvb2KSM8L2RSgywKuxXe6Tp2Qg8PNk4ek1MY9X3phY5rivEm3UL8l","[Image Attachment]"
"Tacde Silva","https://www.facebook.com/people/Tacde-Silva/pfbid02mnksyApRwrXCdvb2KSM8L2RSgywKuxXe6Tp2Qg8PNk4ek1MY9X3phY5rivEm3UL8l","[Image Attachment]"
"Thilina Nishamal","https://www.facebook.com/profile.php?id=100007926888534","හා මං කවුද කියන්ඩ 🤣🤣🤣🤣"
"Thilina Nishamal","https://www.facebook.com/profile.php?id=100007926888534","[Image Attachment]"
"Naleem Muzammil","https://www.facebook.com/naleem.musamil","[Image Attachment]"
"Naleem Muzammil","https://www.facebook.com/naleem.musamil","[Image Attachment]"
"Naleem Muzammil","https://www.facebook.com/naleem.musamil","[Image Attachment]"
"Naleem Muzammil","https://www.facebook.com/naleem.musamil","[Image Attachment]"
"Upali Maddage","https://www.facebook.com/poojani.maddage","ඉතින් ඔයැයී දායිකාවො ලගදි සිවුරු ගලවන්නෙ නැතයි"
"Saliya Mirihagalla","https://www.facebook.com/people/Saliya-Mirihagalla/100086736034011","[Image Attachment]"
"Prabath Ranaweera","https://www.facebook.com/namal.prabath.9","පලයන් හු පුතා යන්න. කුඩාපොල හාමුඳුරුවොන්ට සමාන කරන්න පුලුවන්ද අර පකය 🖕🏻"
"Upali Maddage","https://www.facebook.com/poojani.maddage","[Sticker]"
"කුමාරි කුමාරි කුමාරි","https://www.facebook.com/57vyywlepb","සිවුර දාගන වෙිසාකමි කරන්න බැහැ තෝපිට එකයි ගලවන්නෙ එකට ගරැ කරන්න"
"Upali Maddage","https://www.facebook.com/poojani.maddage","[Image Attachment]"
"Tharanga Prageeth","","ගණ්ඨාරෙ ගහගන්න වෙන්නෙ පු.කේ.. තමයි ..හැමෝම ගහන්න ටැග් ලයින් එක #රජුඅධාර්මිකයි , රජා බවතුධම්මකෝ කිව්වට ධම්මික රට ගිහිල්ලලු.. එතකොට සිවුර ගලෝලා කලි පිස්සු කෙලපුවා.. කාර් පැදපුවා.. තොප්පි ඩෙනිම් 👖 ගහගෙන වල් කමේ ගිය ඒවා.. එතකොට ආර්්‍ය විනිය පුකේ ගහගෙන ද හිටියේ.. අපිට නම් දුකකත් නෑ සතුටකුත් නෑ.. හිටං හුටං ගෙ ඇට දෙක තලන්න ඕනෙ .. ඌ හරියට දීලා නෑ"
"Buddika Sandaruwan","https://www.facebook.com/people/Buddika-Sandaruwan/pfbid02h315pfkbejZZdxwkEjJSt1KiE6wHa3AUU7dDYQLf2N3rbAdi7Dctaomu1rK7r3wil","මුං එදා ඉඳන් කරේ හොරුන්ට මංකොල්ලකාරයන්ට කුඩුකාරයන්ට ස්ත්‍රී දුෂ්කයන්ට මිනීමරුවන්ට පිරිත් නූල් ගැට ගහලා ආශිර්වාද කරපු එක"
"Janaka Henry","","මූ නිදන් කඩපු හොරෙක්"
"Mallawaarchchige Don Saman Jayalath","https://www.facebook.com/people/Mallawaarchchige-Don-Saman-Jayalath/pfbid0FabFinkUcjfw6EkUyo5unemEQd73dbhP1QCaKkSR2yEqT4PjjM7pQKgcTU2rywA5l","ඒ ගම් වල pissso නැති ව ඇති.මූට නම් පිස්සු තදවෙලා වගේ."
"Deeshana Joseph Warnakulasuriya Fernando","https://www.facebook.com/people/Deeshana-Joseph-Warnakulasuriya-Fernando/pfbid036xxFtNgLJNLa723zoxohw85BjMTvx8s9A3DWbnQUEUc3UAHL9JTEDfJ2pEWLVWkKl","Pissek 😭😭😭"
"හෙල දීපය","https://www.facebook.com/people/%E0%B7%84%E0%B7%99%E0%B6%BD-%E0%B6%AF%E0%B7%93%E0%B6%B4%E0%B6%BA/100008433345988","[Image Attachment]"
"හෙල දීපය","https://www.facebook.com/people/%E0%B7%84%E0%B7%99%E0%B6%BD-%E0%B6%AF%E0%B7%93%E0%B6%B4%E0%B6%BA/100008433345988","මේ ශොකයට පත් දායකයකයෙක්  ද.. මෙයාට කොහේද උපසම්පදාක්..පලවෙනි පාරාජිකාව කඩලා දරැවන්ලසිවුරේ ඉදිද්දිම කඩලා..දැන් උපසම්පදාව ගැන කියනවා..🙃🤭කොහේද භික්ෂුත්වයක් මෙයාට.."
"හෙල දීපය","https://www.facebook.com/people/%E0%B7%84%E0%B7%99%E0%B6%BD-%E0%B6%AF%E0%B7%93%E0%B6%B4%E0%B6%BA/100008433345988","[Image Attachment]"
"හෙල දීපය","https://www.facebook.com/people/%E0%B7%84%E0%B7%99%E0%B6%BD-%E0%B6%AF%E0%B7%93%E0%B6%B4%E0%B6%BA/100008433345988","එහෙමද ආශා 😂"
"Achintha Madubashana","https://www.facebook.com/achintha.madubashana.272877","[Image Attachment]"
"Nipuna Tharuka","https://www.facebook.com/nipuna.tharuka.763988","Dayakaine gantare neweiiii mewagen mahana nouna hamuduru warunta Dane denna epa.......pansalen ain wena widihata wada karala ....Hoda mahana wechcha biksuwak wadammanna"
"K.A. Ananda","https://www.facebook.com/k.a.ananda.68626","Dene de ne api gehuwoth gantare"
"K.A. Ananda","https://www.facebook.com/k.a.ananda.68626","Gantare gahamu😂😂😂"
"Pradeep Kumara","https://www.facebook.com/people/Pradeep-Kumara/61565188389731","හාමුදුරැවරැන්ට දේශපාලන කරන්න කියලා කොහෙද තියෙන්නේ කියලා මේ ගෝතයාට කියලා දීපල්ලා....ගෝතයා තව වලං හෝදනවා ගෝතයා"
"Prasantha Hettiarachchi","https://www.facebook.com/prasantha.hettiarachchi.9","රාජපක්ෂ නිකායේ කාලකන්නි හැත්ත"
"Jayanthi Premathilaka","https://www.facebook.com/jayanthi.premathilaka.7","❤️❤️❤️"
"Ruhunu Sithmina","https://www.facebook.com/ruhunu.sithmina.3","❤️🔥❤️"
"Ikram Mohamed","https://www.facebook.com/coolmohamed.ikram","Monawada bang kiyanna ganja ganna kiyalada kiyanna"
"Nilañtha Abrew","https://www.facebook.com/people/Nila%C3%B1tha-Abrew/pfbid02KEZrGwns9imrW2aW8i5wMps3pgzohvj4LFVh3wVREwCpmAQyKVFDGXma6Dzj8xEVl","[Image Attachment]"
"Nilañtha Abrew","https://www.facebook.com/people/Nila%C3%B1tha-Abrew/pfbid02KEZrGwns9imrW2aW8i5wMps3pgzohvj4LFVh3wVREwCpmAQyKVFDGXma6Dzj8xEVl","[Image Attachment]"
"Damith Chathuranga","https://www.facebook.com/damith.chathuranga.562","හුත්තෝ පුදුම කරදරයක් තොගෙන් තියෙන්නේ"
"Damith Chathuranga","https://www.facebook.com/damith.chathuranga.562","සක්කිලියා"
"Kasun Weerasingha","https://www.facebook.com/kasu.na.142","ඇයි ආරන්‍යවාසි භික්ශුවකගෙද සිවුර ගලවල තියෙන්නෙ විහිලුවක් වෙන්න එපා හාමුදුරුවනේ"
"Rashintha Silva","https://www.facebook.com/people/Rashintha-Silva/61577715342685","[Image Attachment]"
"Lahiru Sampath","https://www.facebook.com/lahiru.sampath.826986","බැ"
"Rashintha Silva","https://www.facebook.com/people/Rashintha-Silva/61577715342685","[Image Attachment]"
"Suranga Dinesh Migasdeniya Kankanmge","https://www.facebook.com/surangadinesh.mogasdeniyakankamamge","Pakayo"
"Lalitha Hettiarachchi","https://www.facebook.com/lalitha.hettiarachchi.14","ඩිනර් පාටි වලට යනවා…ඩාන්ස් කරනවා අරහත් ධජයත් දාගන දැන් පාට්නර් නැතුව දුකද😂😂😂😂"
"Sugath Nandanatha","https://www.facebook.com/sugath.nandanatha","පාතාලය වගේම සංඝපාතාලයෙත් අවසානය 🤣🤭"
"Namal Janaka","https://www.facebook.com/namal.janaka.3","Tu nodakin  Kalakanni  chiwaraya"
"Keeth Gavesh","https://www.facebook.com/keeth.gavesh.3","බෑ කම්මැළි"
"Gayan Ranasingha","https://www.facebook.com/gayan.ranasingha.589","[Image Attachment]"
"Anuhas Karunaratna","https://www.facebook.com/theruni.karunaratna","[Image Attachment]"
"Mansoor Deen","https://www.facebook.com/people/Mansoor-Deen/pfbid02aaJTz5ckaLvWLhayRmZzsA543xfD2EKgqX2BJNhLEhRS3G7sUeYZFwRH3gYP4PTGl","[Sticker]"
"Mansoor Deen","https://www.facebook.com/people/Mansoor-Deen/pfbid02aaJTz5ckaLvWLhayRmZzsA543xfD2EKgqX2BJNhLEhRS3G7sUeYZFwRH3gYP4PTGl","[Sticker]"
"Mansoor Deen","https://www.facebook.com/people/Mansoor-Deen/pfbid02aaJTz5ckaLvWLhayRmZzsA543xfD2EKgqX2BJNhLEhRS3G7sUeYZFwRH3gYP4PTGl","[Sticker]"
"Mansoor Deen","https://www.facebook.com/people/Mansoor-Deen/pfbid02aaJTz5ckaLvWLhayRmZzsA543xfD2EKgqX2BJNhLEhRS3G7sUeYZFwRH3gYP4PTGl","[Sticker]"
"Nega Friday","https://www.facebook.com/nega.friday","Ubala hinda thami buddagama neththatama nethi wenne kalakanni ganayo"
"Hewemanage Indi","","[Image Attachment]"
"Hewemanage Indi","","[Image Attachment]"
"Kasun Gangodawila","https://www.facebook.com/kasun.prabash.378","අම්මෝ......"
"Sampath Bandara","https://www.facebook.com/sampath.bandara.667253","කොරන්න ඔීනි බලුවැඩ ටික කොරලා මෙතන වැලෙලන්නහදනවා"
"Prasath Lunuvila","https://www.facebook.com/people/Prasath-Lunuvila/100011092087156","මිනිස්සු තමන්ගේ භූමිකාව හරියට කරා කරා නම් ඉවරයි නෙ"
"ෂාන් නුවන්ත බංඩාර","https://www.facebook.com/shen.bandara.2025","මේකා පල් හොරෙක්නේ."
"Asanka Sada Kelum","https://www.facebook.com/asanka.sadakelum.50","යකෝ සිවුර ගැලෙව්වෙ සිවුරට ගෞරවයක් විදියට."
"Thisara Dilhara","https://www.facebook.com/people/Thisara-Dilhara/pfbid02KufVKVzBWCDZBaizNcF1mxa4y3t8Z6L1rj4k5NXpbzVCp3zWTDL3sBpJEaH7zKC3l","එක මිනිහෙල්ගෙ බොරු වලට රැවටිලා පක්ශයක් බදාගෙන  බෞද්ද ආගමට එකෙක් නැ කියලා පේනවා හැම එකාම හිනා වෙලා 🙂"
"Asanka Sada Kelum","https://www.facebook.com/asanka.sadakelum.50","අනේ පල ගනයො යන්න. මෝඩ යකෙක් මූ🤮"
"Akila Prabath","https://www.facebook.com/akila.prabath.838453","කැරි පක්කුන්ට  දැන් තමයි උන්  හාමුදුරුවෝ කියලා මතක් වෙලා තියෙන්නේ 😹😹😹"
"Chandra Kuma","https://www.facebook.com/chandra.kuma.273703","[Image Attachment]"
"Chandra Kuma","https://www.facebook.com/chandra.kuma.273703","[Image Attachment]"
"M Jayntha Mapa","https://www.facebook.com/people/M-Jayntha-Mapa/61578271162338","Ane mekath atulata danne nane"
"Chandra Kuma","https://www.facebook.com/chandra.kuma.273703","[Image Attachment]"
"Chandra Kuma","https://www.facebook.com/chandra.kuma.273703","[Image Attachment]"
"Chandra Kuma","https://www.facebook.com/chandra.kuma.273703","[Image Attachment]"
"Chandra Kuma","https://www.facebook.com/chandra.kuma.273703","[Image Attachment]"
"Chandra Kuma","https://www.facebook.com/chandra.kuma.273703","සිවුරු නැතිව මේ නිගන්ට යො බඩු ගහනවා ඒවා හොදයි 🤣🤣🤣"
"Akila Prabath","https://www.facebook.com/akila.prabath.838453","අම්මට හුකපන් ගිහිල්ලා ගාන්ටාර ගහ ගහ 😹😹"
"Chandra Kuma","https://www.facebook.com/chandra.kuma.273703","[Image Attachment]"
"Gaminda Anjana","https://www.facebook.com/gamindaanjana","😂😂😂😂😂😂😂"
"Thilina Tharanga","https://www.facebook.com/thilina.tharanga.540396","පිස්සු තිත්තගල්ලේ ....රෙවිලා ඉන්නේ .....ගු ගිහින් මරු විකාරෙන් කියවනවා 😆😆😆"
"Chandran Para","https://www.facebook.com/chandran.para","Your next 🤣🤣🤣"
"Manju Sri Mudhannagoda Sri","https://www.facebook.com/manjusri.sri.16","දේශපාළුවන්ගේ. පයිය වල් සුප්සු කරන. මේ. කහකඩ හැත්ත ඔක්කෝම. සිවුරෙන්. නෙරපලා. එළවන්න ඔ්නි. ශාසනය. සුද්ධ කරන්න"
"Dhanushka Herath","https://www.facebook.com/dhanushaka.herath","😁😁😁😁😁😁😁😁😁😁😁🤣🤣🤣🤣🤣🤣🤣🤣🤣🤣🤣🤣🤣🤣🤣🤣🤣🤣🤣🤣🤣🤣🤣🤣🤣🤣🤣🤣🤣🤣🤣🤣🤣🤣🤣🤣🤣🤣🤣🤣🤣🤣🤣🤣🤣🤣🤣🤣🤣🤣🤣🤣🤣"
"Manju Sri Mudhannagoda Sri","https://www.facebook.com/manjusri.sri.16","තිත්තගල්ලේ. තිත්ත පකයෝ. අපිට තොපි වගේ කහකඩයො නැතිව ජීවත් වෙක්න පුළුවන් එ්ත් තොපි පිංබතාලා. තොපිට මිනිස්සු නිකං දෙක දානය ගිලින්න..තොපිට ගහියෝ නැතුව බෑ..."
"Saman Pathmaperuma","https://www.facebook.com/saman.pathmaperuma.2025","[Image Attachment]"
"Lasantha Harush","https://www.facebook.com/lasantha.harush.3","මේ හාමුදුරුවො කියන අය කරන වැඩ වලින් වෙන්නෙ ආණ්ඩුවේ තව චන්ද වැඩි වෙන එක විතරයි😂"
"Saman Pathirana","https://www.facebook.com/people/Saman-Pathirana/pfbid0zXZjYg93dz7ZW3ZyKNknxvNUz8CkyCbNmLFNbBfcXBQdZiucqVsKdu6uTvFRBsU1l","[Image Attachment]"
"Dilan Chanaka","https://www.facebook.com/people/Dilan-Chanaka/61577957740158","සියළුම පන්සල් කියන්නේ තොපිනෙ"
"Kumara Kumara","https://www.facebook.com/kumara.kumara.615813","තිත්තගල්ලෙගෙ අම්මට හුකුවෙ කවුද බං"
"Nalin Nandana Vitharana","https://www.facebook.com/nalinnandana.vitharana","හිනා යනවා කාලකන්නියා"
"Sumudu Priyankara Sumudu","https://www.facebook.com/sumudu.priyankara.sumudu.2025","😂😂"
"Ksaludayanga Udayanga","https://www.facebook.com/ksaludayanga.udayanga","Muwa   jathaka  karala  thiyene   vecaviyak  thu  gorilla"
"Mohan Piyashantha","https://www.facebook.com/mohan.piyashantha","😇😇😇"
"Kalum Roshan","https://www.facebook.com/profile.php?id=100005116955002","දැන් ගාන්ටාරේ ගැහුවාහාම එලියට එනවාද....පලය්න් බන් යන්න....😭😭😭"
"Sanjaya Ranathunga","https://www.facebook.com/sanjaya.ranathunga.5494","අනේ පලයන් පකෝ යන්න, පට්ට හොරු"
"Sujith Sanjeewa","https://www.facebook.com/people/Sujith-Sanjeewa/pfbid0vMSpS8Fbbs16tSDtWKRCBQhrWkfmHfrEiZSK4L5Jof4wk3eysbBkkHtraEZ9fDmyl","Kantima නැහැ ,,,😂😂"
"Chaminda Mahinda","https://www.facebook.com/people/Chaminda-Mahinda/pfbid02W7USjkttLf3recuv4gYkJCyAuhBPMsjMwZdobs4rQxtMgiZqWx6fgZSeZJum1Qbdl","ගණ්ඨාරේ ගහද්දි යටට අදින්නෙ නැතුව ගහපල්ලා,,එතකොට ගණ්ඨාර දෙකක්ම වදිනවා....අනේ හොර ගණයෝ....."
"Jeewan Chamila","https://www.facebook.com/jeewan.chamila","ගන්ටාරෙ නෙමෙ මන් අටදෙක හොල්ලනවා අනේ hukahan"
"Sujith Sanjeewa","https://www.facebook.com/people/Sujith-Sanjeewa/pfbid0vMSpS8Fbbs16tSDtWKRCBQhrWkfmHfrEiZSK4L5Jof4wk3eysbBkkHtraEZ9fDmyl","[Image Attachment]"
"Chandimal Nelumdeniya","https://www.facebook.com/people/Chandimal-Nelumdeniya/100081665307570","උක්ගොවියාත් ඉන්නව නේද පිටිපස්සේ. ඌ ඉන්නවා කියන්නේ agenda එක කොහෙන්ද ආවෙ කියල හිතාගන්න පුලුවන් 😂😂"
"Paboda Kumudunie","","[Image Attachment]"
"Chaminda Mahinda","https://www.facebook.com/people/Chaminda-Mahinda/pfbid02W7USjkttLf3recuv4gYkJCyAuhBPMsjMwZdobs4rQxtMgiZqWx6fgZSeZJum1Qbdl","දැන්වත් මහණ වෙයව් වේසා බල්ලෝ"
"Manori  Kaluwella","https://www.facebook.com/manorial.kaluwalla","[Image Attachment]"
"Rislov Asper King","https://www.facebook.com/thuwanj","[Image Attachment]"
"Sandaya Silva","","😂😂😂"
"Sandamali Gallage","https://www.facebook.com/sandamali.gallage.7","[Image Attachment]"
"Gamage Nadeeka","https://www.facebook.com/people/Gamage-Nadeeka/pfbid02chpTNXrxQFMKfK3pAmf5Y4UiRZMVJpDTsyogdx48xBU7VEK7if7gAh1K2GQAB1jHl","[Image Attachment]"
"Gamage Nadeeka","https://www.facebook.com/people/Gamage-Nadeeka/pfbid02chpTNXrxQFMKfK3pAmf5Y4UiRZMVJpDTsyogdx48xBU7VEK7if7gAh1K2GQAB1jHl","[Image Attachment]"
"Gamage Nadeeka","https://www.facebook.com/people/Gamage-Nadeeka/pfbid02chpTNXrxQFMKfK3pAmf5Y4UiRZMVJpDTsyogdx48xBU7VEK7if7gAh1K2GQAB1jHl","[Image Attachment]"
"Srishan Jeewantha","https://www.facebook.com/srishan.jeewantha","දන්නෙ නැති නිසා අහන්නේ.  එතකොට අධිකරණ තීන්දුව වෙනස් කරන්න පුළුවන් ද?"
"Prasanna Dasanayaka","https://www.facebook.com/prasanna.dasanayaka.530877","[Image Attachment]"
"Tharaka Di","https://www.facebook.com/Tharuuu","ඇත්තටම හොස්පිල් වල බෙහෙත් නැද්ද බන්..🙏😜"
"Sugath Gerlack","https://www.facebook.com/people/Sugath-Gerlack/pfbid0fK5LbDRsnVcs2veBU3qAmPBPrvLL8NAFaneJmHTuT97HPWrnBy2jXCcFqG551ze6l","අරන්තලාවේ භික්ෂු ඝාතනය වෙලාවේ ඔබ වහන්සේ හිටියේ නැද්ද"
"Hashan Thilakarathna","https://www.facebook.com/hashan.thilakarathna.148","සිවුර දාගෙන ඉන්න තොපි හාමුදුරුවෝ වෙන්නෙත් නෑ සක්කිලි 😂😂"
"Kumesh Sandaruwan","https://www.facebook.com/people/Kumesh-Sandaruwan/100008856970164","[Image Attachment]"
"Prasanna Randika","","8 ට වල්ල හොල්ලපන් තිත්තගල්ලේ 🐂..😂😂😂"
"Janavi Dinal","https://www.facebook.com/janavi.dinal.2025","[Image Attachment]"
"Zu Pu N Tharanga","https://www.facebook.com/zu.pu.n.tharanga","උක් ගොවියත් ඇවිල්ල 😅"
"Wimal S Kodithuwakku","https://www.facebook.com/wimals.kodithuwakku","[Image Attachment]"
"Wimal S Kodithuwakku","https://www.facebook.com/wimals.kodithuwakku","[Image Attachment]"
"Jeffrey Gunasekera","https://www.facebook.com/jeffrey.gunasekera.5","[Image Attachment]"
"Wimal S Kodithuwakku","https://www.facebook.com/wimals.kodithuwakku","[Image Attachment]"
"Wimal S Kodithuwakku","https://www.facebook.com/wimals.kodithuwakku","[Image Attachment]"
"Lanka Hmc","https://www.facebook.com/lanka.chaminda.94","බුදුන්ගේ සද්ධර්ම ව්කුනා සැප ගන්න උන්"
"Thilina Sadakelum","https://www.facebook.com/people/Thilina-Sadakelum/pfbid0SMboWf6fg4dWdxZQdGWBRLFH7atFR9fMtdqLkHa1F1QENTNRy19cYAHQzT9ck1zJl","Pau"
"Navod Sandakelum","https://www.facebook.com/navod.sandakelum.31","අපෙ පන්සලේනම් ඝන්ටාර ගැහුවොත්,දානෙ අත්හිටුවනවා...😂😂"
"Hak Perera","https://www.facebook.com/hak.perera.2025","බතංඅප්පුලා"
"Tharaka Sadaruwan","https://www.facebook.com/tharaka.sadaruwan.257592","[Image Attachment]"
"Gayan Sanjaya","https://www.facebook.com/people/Gayan-Sanjaya/pfbid02w1tR9UfCo3m4pNeTEq7GTkwXCD3NPVDq4V82MJPkSygdAmczMFpW9epKSPQ5TM3wl","මේ කෑ ගහන තිත්ත ගල්ලේ හාමුදුරුවෝ කෙනෙක්ද පාටි දාගෙන නටනවා උන් ආතල් ගන්නවා ආගමට මුවා වෙලා මේවට සාමාන්‍ය ජනතාව හවුල් වෙන්න එපා මුන් තනිකර අපේ ආගමට මුවා වෙලා ශාසනය කනවා"
"Waruna Herath","https://www.facebook.com/waruna.harath.7","ඝණ්ඨාරෙ ලණුව කැඩිල"
"Suneth Dewanarayana","https://www.facebook.com/SunethDewanarayana","[Image Attachment]"
"Gallage Sumith","https://www.facebook.com/gallage.sumith.1","[Image Attachment]"
"Gallage Sumith","https://www.facebook.com/gallage.sumith.1","[Image Attachment]"
"Gayan Sanjaya","https://www.facebook.com/people/Gayan-Sanjaya/pfbid02w1tR9UfCo3m4pNeTEq7GTkwXCD3NPVDq4V82MJPkSygdAmczMFpW9epKSPQ5TM3wl","[Image Attachment]"
"Gallage Sumith","https://www.facebook.com/gallage.sumith.1","[Image Attachment]"
"Gallage Sumith","https://www.facebook.com/gallage.sumith.1","[Image Attachment]"
"Upul Janapriya Mestrige","https://www.facebook.com/upuljanappriya","Pala pala banak keyapan"
"Priya Fernando Attanayake","https://www.facebook.com/profile.php?id=100009802208971","[Sticker]"
"Priya Fernando Attanayake","https://www.facebook.com/profile.php?id=100009802208971","විකාර වැඩ කරන්න එපා කියලයි කියන්න තියෙන්නේ."
"Rasika Mayakaduwa","https://www.facebook.com/rasika.mayakaduwa.3","[Image Attachment]"
"Chandika Thenuwara","https://www.facebook.com/chandika.thenuwara.1","බාලාගෙන යනකොට අපිනෙ බුද්දපුත්‍රයෝ.🤔"
"Stf Dushan","https://www.facebook.com/profile.php?id=100064975042688","ආණ්ඩුවට පක්ෂව කොමෙන්ට් දාන අයගේ ප්‍රෝපයිල් ඔක්කොම ෆෙක් උනේ කොහොමද"
"Ganeshan Subramanian","https://www.facebook.com/ganeshan.subramanian.3","😄😄😄😄😄😄"
"Akg Nalin","https://www.facebook.com/profile.php?id=100010821271531","අපේ රටේ මිනිස්සු ඕන දෙයක් ඉවසාන පුළුවන් නමුත් අපේ ආගමට ධර්මයට කරන කෙළ හෙළිකම් නම් ඉවසන් සිටින්නේ නැහැ මොකද බුද්ධාගම කියන්නේ ලෝකෙම පිළිගත්තු  හොඳ මිනිස්සුන් පෙන්නුම් ජාතිය"
"Kumara Hewage","https://www.facebook.com/kumara.hewage.12327","Mugeth සිවුර  ගලවන්න ඕනෙ...මැදමුලන අසූචි  kukka..."
"Kumara Hewage","https://www.facebook.com/kumara.hewage.12327","Mutath හැම  තැනම gaanu.."
"Rukmal Udayantha Wickramarathna","https://www.facebook.com/rukmal.udayantha.wickramarathna","සිවුර ගලෝගෙන රටවල් වල කලිසම් ඇදගෙන පාටි දානකොට සිවුර මතක නෑ නේද?"
"Oshii Senanayaka","https://www.facebook.com/people/Oshii-Senanayaka/61572742881137","🤣🤣🤣"
"Chami Chami","https://www.facebook.com/chami.chami.537596","අඩේ ගොනාද සිවුරට ගරු කරන නිසා තමා සිවුර ගැලෙව්වේ. සිවුරත් එක්ක මාංචු දාලා හිර කූඩුව ඇතුළට දැම්මොත් වැරදි ඒක නිසා තමයි ඥානසාර විතරක් අරන් තියෙන්නේ ඒක වැරදිද සිවුරටත් ගෞරවයක් කරලා නෑවුරුත්තු සිවුරු පොරවනීය හොඳට ඔහු කරා ගෑනුත් එක්ක අරක්කු බොනවා පිස්සු ගෙලිනව එතකොට ඒක අගෞරවයක් නෙවෙයිදමනුස්සයා වැරදි කරා මනුස්සයාව දැම්ම ඇතුලට සිවුර දැම්මේ නෑනේ අන්තිමට සිවුරත් එක්ක දැම්මත් එහෙම තොපි කියයි සිවුරටත් මාංචු දැම්මා කියලා.අමන ගෝත වේසිගේ පුතෙක් මම මේකනම්"
"Mr PVA","https://www.facebook.com/people/Mr-PVA/61560532283966","[Image Attachment]"
"Ruwan Kumara","https://www.facebook.com/people/Ruwan-Kumara/pfbid0bMxDU1zi4qCBKbsf2Lc6JvHMLReWoddkDdDxS4Tb1D7XRDExgkgr6DiyrQbtbbYql","[Image Attachment]"
"Dinith Prasanga","https://www.facebook.com/dinith.prasanga.107231","🤮😡🤮"
"Chami Chami","https://www.facebook.com/chami.chami.537596","යකෝ ගෝතයා සිවුරට ගරු කරන හින්දා තමා යකෝ සිවුර ගලවලා ඌට දැම්මේ පාංචුවේ නැත්තං ඥානසාරත් එක්ක සිවුර පිටින් මාංචු දැම්මොත් එහෙම සිවුරට දැම්මා කියලා හිතයිනේ ඉතින් සිවුර වැරැද්දක් කරලා නෑනේ. සිවුරක් ගැලෙව්වා. අදාළ එක්කෙනාට දඬුවම දුන්නා. වැරැද්දක් නෑනේ ඒක"
"Saman Rajaguru","https://www.facebook.com/people/Saman-Rajaguru/pfbid0375HcetpAJi7fyiqchhdES6WmTpZkBVm4UJEr8atL1CYNwD3U8VbrH6RbnJenMNLQl","[Image Attachment]"
"Saman Rajaguru","https://www.facebook.com/people/Saman-Rajaguru/pfbid0375HcetpAJi7fyiqchhdES6WmTpZkBVm4UJEr8atL1CYNwD3U8VbrH6RbnJenMNLQl","[Image Attachment]"
"Saman Rajaguru","https://www.facebook.com/people/Saman-Rajaguru/pfbid0375HcetpAJi7fyiqchhdES6WmTpZkBVm4UJEr8atL1CYNwD3U8VbrH6RbnJenMNLQl","[Image Attachment]"
"Lalitha Irangani","https://www.facebook.com/lalitha.irangani.3","Apoo mewata hina wanawa"
"Dileena Prabath Dileena Prabath","https://www.facebook.com/dileenaprabath.dileenaprabath","පට්ට පොරවෙලා😀😀"
"Dileena Prabath Dileena Prabath","https://www.facebook.com/dileenaprabath.dileenaprabath","[Image Attachment]"
"Janaka Suresh Athukorala","https://www.facebook.com/janakasuresh.athukorala","මුන් ඔක්කොම මරලා දාන්න ඔන."
"Dileena Prabath Dileena Prabath","https://www.facebook.com/dileenaprabath.dileenaprabath","[Image Attachment]"
"Danuka Vijendra","https://www.facebook.com/profile.php?id=100003293979173","[Image Attachment]"
"Mahinda Bandara","","අප්පට සිරී හුක් ගොලුවත් ඉන්නව."
"Kosala Abeysinghe","https://www.facebook.com/kosala.abeysinghe.2025","Sarama assey thiyena gantarey thamai gaanna wenney"
"Upul Senarathna","https://www.facebook.com/people/Upul-Senarathna/100075540158360","[Image Attachment]"
"Don Rohitha Kumara","https://www.facebook.com/donrohitha7","[Image Attachment]"
"Ajantha Dhanasekara","https://www.facebook.com/ajantha.dhanasekara.2025","😂😂😂"
"Don Rohitha Kumara","https://www.facebook.com/donrohitha7","[Image Attachment]"
"Lintan Selheva","https://www.facebook.com/lintan.selheva","ගංථාරේ නාද කරන්නමි සියුර ගලවල රෙද්ද ඉස්සුවනම්"
"Lintan Selheva","https://www.facebook.com/lintan.selheva","[Image Attachment]"
"paara dige","https://www.facebook.com/paaradige","👍"
"Ajantha Puspa","https://www.facebook.com/people/Ajantha-Puspa/pfbid02DYCwHsicq51cXP89RpV3s8ErRGzJ1uUNddiofWzd1RrGFjsHKEKhT8yMQvZUyFE7l","oyalata monawa kiyala bennath paw na mn hitana vediyata.yanna yanna gedara"
"Dilshan Ruwankumara","https://www.facebook.com/profile.php?id=100003841627033","[Image Attachment]"
"𝐒𝐚𝐦𝐚𝐧𝐭𝐡𝐚","https://www.facebook.com/people/%F0%9D%90%92%F0%9D%90%9A%F0%9D%90%A6%F0%9D%90%9A%F0%9D%90%A7%F0%9D%90%AD%F0%9D%90%A1%F0%9D%90%9A/61587125397967","ඔය චන්ද කාමය නවත්තල අපේ සින්හෙලා හාමුදුරුවන් ඔක්කොම එකතුවෙලා මෙරට සින්හෙලා රජෙක් පත් කරන්න මාලිම ආණ්ඩුවේත් අවශනේ තමයි"
"Idunil Hapuarachchi","https://www.facebook.com/indunil.hapuarachchi.5","අපේ පන්සල්වල කාලකන්නි වේනුවේන් ගාංටාර ගහන්නේ නෑ 😂😂"
"Rohana Mahagama","https://www.facebook.com/rohana.mahagama","[Image Attachment]"
"Dilshan Ruwankumara","https://www.facebook.com/profile.php?id=100003841627033","[Image Attachment]"
"Dilshan Ruwankumara","https://www.facebook.com/profile.php?id=100003841627033","[Image Attachment]"
"Rohana Mahagama","https://www.facebook.com/rohana.mahagama","[Image Attachment]"
"Rohana Mahagama","https://www.facebook.com/rohana.mahagama","[Image Attachment]"
"Rohana Mahagama","https://www.facebook.com/rohana.mahagama","[Image Attachment]"
"Dilshan Ruwankumara","https://www.facebook.com/profile.php?id=100003841627033","[Image Attachment]"
"Dilshan Ruwankumara","https://www.facebook.com/profile.php?id=100003841627033","[Image Attachment]"
"Dilshan Ruwankumara","https://www.facebook.com/profile.php?id=100003841627033","[Image Attachment]"
"Shiranthi Withanage","https://www.facebook.com/shiranthi.withanage.330009","Samantha badda part 2"
"Kasun Malaka","https://www.facebook.com/kasun.malaka.121","උඹේ යට ගන්ඨාරෙ ගහගනින් 🤣🤣🤣"
"Prasanna Madawala","https://www.facebook.com/prasanna.madawala.56","[Image Attachment]"
"Prasanna Madawala","https://www.facebook.com/prasanna.madawala.56","[Image Attachment]"
"Akila Gunaratne","https://www.facebook.com/akila.gunaratne.1","විනාඩි 15ක් කියන්නෙ පැය බාගයක්ද සාදු..😂"
"Mar Mihindukulasuriya","https://www.facebook.com/people/Mar-Mihindukulasuriya/61562786109319","Boru boei"
"Don Ariyathilka","https://www.facebook.com/chathurasudarsha","කාලකන්නි සිවුර පොරවගත්ත්ට හාමුදුරැවො වෙන්නේ නෑ"
"Sampath Adikari","https://www.facebook.com/sampath.adikari.1426","උබට කරන්න පුලුවන් පක..පිනට කන පක්කු.."
"Shantha Shantha","https://www.facebook.com/shantha.shantha.474631","[Image Attachment]"
"Shantha Shantha","https://www.facebook.com/shantha.shantha.474631","[Image Attachment]"
"Shantha Shantha","https://www.facebook.com/shantha.shantha.474631","[Image Attachment]"
"Shantha Shantha","https://www.facebook.com/shantha.shantha.474631","[Image Attachment]"
"Shantha Shantha","https://www.facebook.com/shantha.shantha.474631","[Image Attachment]"
"Shantha Shantha","https://www.facebook.com/shantha.shantha.474631","[Image Attachment]"
"Khs Diupathy","https://www.facebook.com/khs.diupathy","[Image Attachment]"
"Somapla Rajapaksha","https://www.facebook.com/people/Somapla-Rajapaksha/pfbid0m5UcjnRnTHWdGFgdGTDz4WMK4qBZ8knCDbiAKy61YAEaoDzkazyarHShyGuZq38zl","තිත්තයාම,කියනව,මහනකම,උපසමිපදාවනැතිවෙන්නෙ,නෑලු පස්සෙකියනව කන්ටෙිනර්,කතාවක්,මෙතන,තියෙන්නෙ දේශපාලන අරමුනු"
"Chandima Chandima","https://www.facebook.com/chandima.chandima.201640","[Image Attachment]"
"Reverse Flash","","පිස්සෙක්"
"Ranjith Wijesinghe","https://www.facebook.com/ranjith.wijesinghe.583003","[Image Attachment]"
"Ranjith Wijesinghe","https://www.facebook.com/ranjith.wijesinghe.583003","[Image Attachment]"
"Ranjith Wijesinghe","https://www.facebook.com/ranjith.wijesinghe.583003","[Image Attachment]"
"Ranjith Wijesinghe","https://www.facebook.com/ranjith.wijesinghe.583003","[Image Attachment]"
"Chathura Fernando","https://www.facebook.com/profile.php?id=100042891767500","[Image Attachment]"
"Bandula Candrasiri","https://www.facebook.com/bandula.candrasiri","උඩ පැනපං ගන්ටාරෙ වදියි දැංද පකෝ බුදු හාමුදුරුවෝ මතක් උනේ"
"Crusade Knight","","Raja Adarmikai munta oni padeta natan nathi hinda....😡"
"Dhw T Rohana Rohana","https://www.facebook.com/dhw.t.rohana.rohana","උබේ ගන්ටාරේ තමයි ගහන්න වෙන්නේ සක්කිලියා"
"GA Gunarathna","https://www.facebook.com/people/GA-Gunarathna/61575277825644","පල් හොරු හදපු නීති,බනින්නෙ වෙන කාටවත්,පල් හොරුන්ට කත් අදින භික්ෂූන්ට"
"Thiran Shalinda De Alwis","https://www.facebook.com/shalinda.nimro","මොන ගන්ටාරෙද ගහන්න ඕන තිත්ත .....??? ඔයිට කලින් මහින්ද සිව්ර ගැලෙව්වෙ හරිවිදියටද තිත්ත .....???"
"Pawan Sathsara Sankalpa","https://www.facebook.com/djpawan.sankalpa","😂"
"Sarath Priyadarshana","https://www.facebook.com/people/Sarath-Priyadarshana/pfbid05scYoGjNi7vH6xwU9QBXXiTxiXKbVirLvreM2MrpSGHXNL7yz84MPooCap3Y6AJfl","රටේ රජා අවජාතකයෙක්.නිරාගමිකයෙක් .අන්තවාදීයෙක්. ත්‍රස්තවාදියෙක්. හොරෙක්. තක්කඩියෙක්. වසලයෙක්."
"Upali Ilangantilake","","සිවුරු අල්ලාගෙන desapalana කරන්නට අවස්ථාවක් නේද"
"Neil Anosh","","[Image Attachment]"
"Saman Ananda","https://www.facebook.com/people/Saman-Ananda/pfbid0RAMvpAbZ6Bwu4VhBygvHRBTci8wB7gFjzt9AyGUskZXch7apoP1EpsMZERximF7nl","Mukiyana vidiyata siura athaherala giyath biksubawa thiyanawa"
"Ashen Ashen","https://www.facebook.com/sd.amarasiri","විනාඩි 15කොහෙද හුත් # පැය බාගයක් වෙන්නේ 😂😂"
"Sunil Latha","https://www.facebook.com/people/Sunil-Latha/pfbid02XhyXQeo6WTZaUQchqJRGD53tFyrCebdzzGNZsJjxLbYEf3WdbAYD136zc38UY6ZLl","මූට. ඤානසාරයා. හොද. කුටිට්යක්. දිල. තියෙනවා. කැරි. බල්ලා. තොගෙ. අමිමට. මැදමූලනෙ. බල්ලෙක්. කෙලල. තියෙන්නෙ"
"Saman Ananda","https://www.facebook.com/people/Saman-Ananda/pfbid0RAMvpAbZ6Bwu4VhBygvHRBTci8wB7gFjzt9AyGUskZXch7apoP1EpsMZERximF7nl","Meka 2018koheda itiye mekath pinbathek"
"Saman Ananda","https://www.facebook.com/people/Saman-Ananda/pfbid0RAMvpAbZ6Bwu4VhBygvHRBTci8wB7gFjzt9AyGUskZXch7apoP1EpsMZERximF7nl","Apinam sathutata pathwela inne"
"Mind Rest","https://www.facebook.com/people/Mind-Rest/61594414004648","[Image Attachment]"
"Mind Rest","https://www.facebook.com/people/Mind-Rest/61594414004648","[Image Attachment]"
"Mind Rest","https://www.facebook.com/people/Mind-Rest/61594414004648","[Image Attachment]"
"Mind Rest","https://www.facebook.com/people/Mind-Rest/61594414004648","[Image Attachment]"
"Mind Rest","https://www.facebook.com/people/Mind-Rest/61594414004648","[Image Attachment]"
"Mind Rest","https://www.facebook.com/people/Mind-Rest/61594414004648","[Image Attachment]"
"Gayanga Fernando","https://www.facebook.com/gayanga.fernando.470633","ගොං හරක් මුංගෙ ආගමික නායකයෝ"
"Dimuthu Gihan Priyadarshani","https://www.facebook.com/people/Dimuthu-Gihan-Priyadarshani/61572697109562","❤️"
"Wijaya Bandara","https://www.facebook.com/vijaya.banara","සිවුර දාගත්ත හැමෝම භික්ෂූන් නොවෙයි"
"Chanaka Thushara","https://www.facebook.com/chanaka.thushara.547","🙏❤️🙏"
"Thuppahige Kapila","https://www.facebook.com/people/Thuppahige-Kapila/pfbid029EzKjPQvHo7yWDYtR2mEiT8GgWrujeJDVaP1AfM4ahcVRQ8MGkMkm1hc57noC7gpl","[Image Attachment]"
"Sudarshan Colin","https://www.facebook.com/sudarshan.colin.3","😂😂😂😂"
"Bandula Dharmasena","https://www.facebook.com/people/Bandula-Dharmasena/pfbid0hQBx7yRwM7ccpbcoZHmqTSCCkaut1us8rGkKTieAHggY7g7Q4FBVZpf1g37yzETtl","බලමු  කවුද  ගන්ටාර  ගහන්නේ  ගහන  උන් ගැන බලන්නත්  ඉන්නවා"
"Sadaru Pushpika","https://www.facebook.com/hasitha.sandaruwan.184","බුද්ද පුත්‍රයෝ ඇයි  දෙයියන්ගෙන් පිහිට ඉල්ලන්නේ"
"Nishantha Hettiarachchi","https://www.facebook.com/nishantha.hettiarachchi.79","🍒 🤦🥴🤣🤣"
"Wijaya Bandara","https://www.facebook.com/vijaya.banara","පිස්සුද ඝනයෝ උඹට"
"Dilhan Samarasighe","https://www.facebook.com/people/Dilhan-Samarasighe/pfbid0SLwoDSa27272iFtZXkDVHxh6uHwodSzCzm2JUWr2FLEQr7RLtwziqRZKfqmMhNjtl","😅😅😅🖕"
"Ajantha Shelton","https://www.facebook.com/ajantha.shelton.1","[Image Attachment]"
"Shirantha Lakmal","https://www.facebook.com/shirantha.lakmal.14","ඝන්ඨාර ගහන එක බල්ලෙක්ට කන්න දෙන්නේ නෑ ,පින් බත්තු 👍"
"Wasantha Kumara","","[Image Attachment]"
"Wasantha Kumara","","[Image Attachment]"
"H MDingiri Manika Manika","https://www.facebook.com/people/H-MDingiri-Manika-Manika/pfbid0iE8fAwkzuEjMk8eybLnaQub5wrcsMixD9aHR6xqXoTo8YLkr9pVm3XWdtg9gNneHl","සිවු..දාන.කරන.වැරදි.ලමයි..දුසනේ..කරනවා...අරක්කු..බොනවා..ඒවාහොදද"
"H MDingiri Manika Manika","https://www.facebook.com/people/H-MDingiri-Manika-Manika/pfbid0iE8fAwkzuEjMk8eybLnaQub5wrcsMixD9aHR6xqXoTo8YLkr9pVm3XWdtg9gNneHl","බල්ලො.බිරුවට..කන්දක්..පාත්..වෙන්නැ"
"Saranga Kiridena","https://www.facebook.com/saranga.kiridena.5","[Image Attachment]"
"Nihal Perera","https://www.facebook.com/nihal.perera.16718979","තක්කඩි"
"Kanthi Kanthi","https://www.facebook.com/kanthi.kanthi.486524","බුදු සරනයි 🙏🙏🙏"
"Nihal Perera","https://www.facebook.com/nihal.perera.16718979","[Image Attachment]"
"Nihal Perera","https://www.facebook.com/nihal.perera.16718979","තක්කඩි කුලප්පු වෙලා"
"Rasika Sampath","https://www.facebook.com/rasikasampath719","[Image Attachment]"
"Nihal Perera","https://www.facebook.com/nihal.perera.16718979","[Image Attachment]"
"Rasika Sampath","https://www.facebook.com/rasikasampath719","[Image Attachment]"
"Rasika Sampath","https://www.facebook.com/rasikasampath719","[Image Attachment]"
"Rasika Sampath","https://www.facebook.com/rasikasampath719","[Image Attachment]"
"Rasika Sampath","https://www.facebook.com/rasikasampath719","[Image Attachment]"
"Rasika Sampath","https://www.facebook.com/rasikasampath719","[Image Attachment]"
"Rasika Sampath","https://www.facebook.com/rasikasampath719","[Image Attachment]"
"Rasika Sampath","https://www.facebook.com/rasikasampath719","[Image Attachment]"
"Udaya Kumara Abeywickrama","https://www.facebook.com/udaya.kumara.31542","[Sticker]"
"Rasika Sampath","https://www.facebook.com/rasikasampath719","[Image Attachment]"
"Rasika Sampath","https://www.facebook.com/rasikasampath719","[Image Attachment]"
"Rasika Sampath","https://www.facebook.com/rasikasampath719","[Image Attachment]"
"Rasika Sampath","https://www.facebook.com/rasikasampath719","[Image Attachment]"
"Piyumal Lakshitha","https://www.facebook.com/lakshitha.piyumal.31","දෙවිදත්තරලගේ සෙටි එක ඇවිල්ලා"
"Lasantha Pushpe","https://www.facebook.com/profile.php?id=61553370502357","මෙවාගෙ කලකන්ණි අපතයො පන්සල්වලි පන්නන්ඩ ඔනෙ"
"Mahenthiran Arulampalam","","[Image Attachment]"
"Sumintha Kasun","https://www.facebook.com/sumintha.kasun.2025","Paka thamaa"
"Buddika Walakuluarachchi","https://www.facebook.com/buddika.chathuranga.54","බලාගෙන හාමුදුරුවනේ ඔය දේවාල සීන් එකනම් භයානකයි වැරදිකරල තිබ්බොත් ආපිට එනවා මතකනේ නාමල්ට😄"
"Manori Silva","https://www.facebook.com/manori.silva.2025","කිසිම පන්සලක ඝන්ටාර නාදවෙන්නෙ නෑ😂"
"Prasanna Embuldeniya","https://www.facebook.com/people/Prasanna-Embuldeniya/pfbid02zqoV1JHFF2f58vbNgMVhXXBywYH2TfneBKj51RcP5rhega9eYLvAGxmuP547oABKl","Ap.  No"
"Tharindu Bandaranayaka","https://www.facebook.com/tharindubanda","අඩෝ අඩෝ පල සක්කිලියා යන්න"
"Suneth Silva","https://www.facebook.com/suneth.silva.167","ඝන්ටාරෙ ගහල ඇතිද.."
"Lalana Lalana","https://www.facebook.com/lalana.lalana.129142","[Image Attachment]"
"Lalana Lalana","https://www.facebook.com/lalana.lalana.129142","[Image Attachment]"
"Wijendra Hewage","https://www.facebook.com/people/Wijendra-Hewage/61587608821692","සියලුම හාමුදුරුවෝ දේශපාලනයෙන් ඉවත්වෙල බන බාවනා කරගෙන හිටියනම් හොදයි 💐🙏"
"Sagara Sebasthiyan","https://www.facebook.com/sagara.sebasthiyan.2025","යකො දැන්වත් තොපි දේශපාලන පැත්තකට වෙලා බුදු දහම ගැන හිතපං යකො වෙන ආගම් වල පුජකයෝ මෙහෙම ඉන්නවද. මේ රට කැවෙ ⁣එක කන්ඩායමක් තමයි තොපි.මිනිස්සු හරක් නෙමෙයි එක දැනගන්න උබල සිවුර⁣ට මුවාවෙලා කරන කියන සේරම අපි දන්නවා."
"Ruwan Lankeshwara","https://www.facebook.com/rlankeshwara","[Image Attachment]"
"Sriya Bg","https://www.facebook.com/sriya.bg","[Image Attachment]"
"Sriya Bg","https://www.facebook.com/sriya.bg","[Image Attachment]"
"Chamara Weerasinha","https://www.facebook.com/chamara.weerasinha.524","Puka"
"Sajith Kulasuriya","https://www.facebook.com/sampath.kulasuriya.522503","[Image Attachment]"
"Sajith Kulasuriya","https://www.facebook.com/sampath.kulasuriya.522503","[Image Attachment]"
"Sajith Kulasuriya","https://www.facebook.com/sampath.kulasuriya.522503","[Image Attachment]"
"Sajith Kulasuriya","https://www.facebook.com/sampath.kulasuriya.522503","[Image Attachment]"
"Sajith Kulasuriya","https://www.facebook.com/sampath.kulasuriya.522503","[Image Attachment]"
"Prasad Chathuranga","https://www.facebook.com/prasad.chathuranga.507","ලග තියන ගන්ටාරෙ ගහග්නින්.......😂😂😂😂😂"
"Sajith Kulasuriya","https://www.facebook.com/sampath.kulasuriya.522503","[Image Attachment]"
"Sajith Kulasuriya","https://www.facebook.com/sampath.kulasuriya.522503","[Image Attachment]"
"Sajith Kulasuriya","https://www.facebook.com/sampath.kulasuriya.522503","[Image Attachment]"
"Aruna Rathnayake","https://www.facebook.com/aruna.rathnayake.301145","වේසිගේ පුතෝ මේක අදිකරන තින්දුවක්"
"Senaka Ariyadasa","https://www.facebook.com/senaka.ariyadasa.312493","අඩෝ මොහු දෙව්දත්තර වගේ සිවුරක් දාගෙන වැරදි වැඩ නොකර හිටියනං ඉවරයිනේ පුළුවන් නම් ඔය වගේ නඩුකාරයාට පොඩ්ඩක් ටෝක් කරන්නකෝ.... වෙනදේ ඔයාටත් හිතා ගන්න බැරිවෙයි...."
"Ramya Latha","https://www.facebook.com/people/Ramya-Latha/pfbid0K54qSY2dp6oAbhoPEtCx9oDEhrAMrRnYqPyrtKwDKSx1JqTnskYmhw6JTtBjqThzl","❤️❤️බුදුසරණ බුදුසරණ බුදුසරණ ❤️❤️"
"Micro Welipenna","https://www.facebook.com/micro.welipenna","Molayak nethi mi harako thawa 63 hire innawa...mu wairen hesirene"
"Micro Welipenna","https://www.facebook.com/micro.welipenna","Mu 2018 koheda හිටියේ ...namalge gotta"
"Sh Pri","https://www.facebook.com/people/Sh-Pri/pfbid0Yq4m2fWwFKTL1pAkVic8E9toQFoh9WNrfwQxzJ3xN7MGCtTVg3wbogiu2CmyMdUnl","උසී උසී 😀😀"
"Dasun Janaka Wickramanayaka","","පිස්සෝ කලබලා වෙලා..  ගමේ පංසල්වල හමුදුරුවෝ දහම රැකගෙන ගමත් රැකගෙන ඉන්නවා.. දේශපාලකයන්ට ඉත්තෝ වෙලා නෑ"
"Nilanka Jayasooriya","https://www.facebook.com/nilanka.jayasooriya.2025","😢😢😢😢"
"Krishantha Krishantha","https://www.facebook.com/krishantha.krishantha.378615","[Image Attachment]"
"Ranapriya Perera","https://www.facebook.com/shanaka.perera.92505","[Image Attachment]"
"Asiri Costha","https://www.facebook.com/supun.kizer","[Image Attachment]"
"Asiri Costha","https://www.facebook.com/supun.kizer","🐃🐃🐃🐃🐃🐃🐃"
"Nirmani Aththnagoda","https://www.facebook.com/nirmani.aththnagoda","[Image Attachment]"
"Nirmani Aththnagoda","https://www.facebook.com/nirmani.aththnagoda","[Image Attachment]"
"Nirmani Aththnagoda","https://www.facebook.com/nirmani.aththnagoda","[Image Attachment]"
"Nirmani Aththnagoda","https://www.facebook.com/nirmani.aththnagoda","[Image Attachment]"
"Nirmani Aththnagoda","https://www.facebook.com/nirmani.aththnagoda","[Image Attachment]"
"Nirmani Aththnagoda","https://www.facebook.com/nirmani.aththnagoda","[Image Attachment]"
"Nirmani Aththnagoda","https://www.facebook.com/nirmani.aththnagoda","[Image Attachment]"
"Nirmani Aththnagoda","https://www.facebook.com/nirmani.aththnagoda","[Image Attachment]"
"Nirmani Aththnagoda","https://www.facebook.com/nirmani.aththnagoda","[Image Attachment]"
"Nirmani Aththnagoda","https://www.facebook.com/nirmani.aththnagoda","[Image Attachment]"
"Mmp Nishantha","https://www.facebook.com/mmp.nishantha.94","Muta වෙඩි thiyanna ona pukata bate dala ganaya"
"Amila Prageeth","https://www.facebook.com/amila.prageeth.186761","Pala wesige putho yanna. Kalakanni Rajapaksha puka hodana huththige ballo"
"Amila Prageeth","https://www.facebook.com/amila.prageeth.186761","[Image Attachment]"
"Amila Prageeth","https://www.facebook.com/amila.prageeth.186761","[Image Attachment]"
"Mmp Nishantha","https://www.facebook.com/mmp.nishantha.94","Gantare gahapiya thege paiye"
"Chinthaka Kularathna","https://www.facebook.com/tlchinthaka","ඉත්තෑ කන්දෙ වෙනුවෙන් 🌷🌷🌷"
"Gayan Rox","","Rajapaksa Nikaya"
"Panduka Jayanath","https://www.facebook.com/panduka.jayanath.1","[Image Attachment]"
"Kulasiri Karunarathne","https://www.facebook.com/kulasiri.karunarathne","Ube labba holopan😂😂😂😂😂😂😂😂"
"Samantha De Silva","https://www.facebook.com/samantha.desilva3","[Image Attachment]"
"Gihan Kankanamge","https://www.facebook.com/gihan.kankanmge","මේ ෆ්ෆ්ෆාඅයා හදන්නේ ගමේ පන්සලේ හාමුදුරුවන්ගේ දානත් කෙලින්න,රජාලා දැන් නෑ කහකඩයෝ ,තොපි නේ හරක් මාටියා එඋන්ට  රජා ර්ජා කිය කිය දුක පුන්නේ,🤮🤮🤮🤮"
"Gihan Kankanamge","https://www.facebook.com/gihan.kankanmge","[Image Attachment]"
"Gihan Kankanamge","https://www.facebook.com/gihan.kankanmge","[Image Attachment]"
"Suraj Nilantha","https://www.facebook.com/suraj.nilantha.2025","😂😂😂😂"
"Lal Panabokke","https://www.facebook.com/lal.panabokke.2025","[Image Attachment]"
"Lal Panabokke","https://www.facebook.com/lal.panabokke.2025","[Image Attachment]"
"Mohamed Hussain Saddam","https://www.facebook.com/mohamed.sakeer.583234","Palayang bang arugampa ta"
"Manjula Prasad","https://www.facebook.com/manjula.prasad.319888","[Image Attachment]"
"Manjula Prasad","https://www.facebook.com/manjula.prasad.319888","[Image Attachment]"
"Lahiru Gunawardena","https://www.facebook.com/lahiru.gunawardena.92","V8 ake power eke"
"Sanjeewa Dammika","https://www.facebook.com/sanjeewa.dammika.636516","[Image Attachment]"
"Sanjeewa Dammika","https://www.facebook.com/sanjeewa.dammika.636516","[Image Attachment]"
"Mahinda Suraweera","https://www.facebook.com/mahinda.suraweera.9","ගැණුත් එක්ක නිදාගන්නකොට ඝංඨාර ගහන්න වෙයි නෙද"
"Mahinda Suraweera","https://www.facebook.com/mahinda.suraweera.9","ගිණිතියා ගන්න එපාද"
"Indunil Ashan De Silva","https://www.facebook.com/ashan.desilva.338","මහන වෙයන් හුත්තෝ"
"Wasantha Kumara Kumbawdaara","https://www.facebook.com/wasantha.kumara.kumbawdaara","PAlayan balla"
"Prasad Indika","https://www.facebook.com/prasad.i.weerasekara","😂😂😂"
"Prasad Indika","https://www.facebook.com/prasad.i.weerasekara","අහලා කියපන් බිව්වේ සිව්ර ඇදන් ද කියලා 😂😂😂"
"Prasad Indika","https://www.facebook.com/prasad.i.weerasekara","[Image Attachment]"
"Prasad Indika","https://www.facebook.com/prasad.i.weerasekara","[Image Attachment]"
"Prasad Indika","https://www.facebook.com/prasad.i.weerasekara","[Image Attachment]"
"Prasad Indika","https://www.facebook.com/prasad.i.weerasekara","මෙහෙම කුණු හරුප කියන්න හොදයිද 😂"
"Prasad Indika","https://www.facebook.com/prasad.i.weerasekara","[Image Attachment]"
"පොඩි සෝනා","https://www.facebook.com/people/%E0%B6%B4%E0%B7%9C%E0%B6%A9%E0%B7%92-%E0%B7%83%E0%B7%9D%E0%B6%B1%E0%B7%8F/pfbid02Nm7nGYQjz1diWVsT6wJqGp83RXSvAC8JBxDThNJM8B1P2mrmftygXzrufr72Ayaol","චීවරයක් දගෙන බලුවෙඩ කරලා සිව්‍රර ගෙලෙව්වම උපසම්පදාව අහෝසිය් චීවරේ දාගෙන හිටියට සීලයක් තිබ්බේ නෙහෙනේ හා...නෙද්ද."
"Sherman Prasad Ediriweera","https://www.facebook.com/people/Sherman-Prasad-Ediriweera/pfbid0Qfe4a6jvmNMCsQ9pQf6d5krKb18SHKo9qVvzP4xsJsM79XaqtXNWr7QmWMpBZazal","Kudoo ganjkryoo.maryoo apa  siyrata"
"Sherman Prasad Ediriweera","https://www.facebook.com/people/Sherman-Prasad-Ediriweera/pfbid0Qfe4a6jvmNMCsQ9pQf6d5krKb18SHKo9qVvzP4xsJsM79XaqtXNWr7QmWMpBZazal","Adikrana niyagayk .wihilwata gana apa"
"Sherman Prasad Ediriweera","https://www.facebook.com/people/Sherman-Prasad-Ediriweera/pfbid0Qfe4a6jvmNMCsQ9pQf6d5krKb18SHKo9qVvzP4xsJsM79XaqtXNWr7QmWMpBZazal","[Sticker]"
"Janaka Priyantha","https://www.facebook.com/janaka.priyantha.rankothge","😂😂😂😂😂😂😂😂😂😂😂😂😂😂😂😂😂😂😂😂😂😂😂😂😂😂😂😂😂😂😂😂😂😂😂😂😂😂😂😂😂😂😂😂😂"
"Rasika Wueschner","https://www.facebook.com/rasika.wueschner","[Sticker]"
"Sanuka Wanasinghe","https://www.facebook.com/sanuka.wanasinghe.9","ගහපු පොල් ආපසු එනවා😂😂"
"Kashyapa Nimal","https://www.facebook.com/kashyapa.nimal","[Image Attachment]"
"Sanjeewa Maharamba","https://www.facebook.com/people/Sanjeewa-Maharamba/pfbid02gM95fTdkxbdc6bRvZXP6o46SueJmHdrBLbJFKjko4bZMdwoYW9WfjBAbagiCLbh8l","Palayan poannaya  kalakanniya Horu"
"Keerthika Imbulegama","https://www.facebook.com/keerthika.imbulegama","කොයි ගන්ටාරෙද හාමුදුරුවනේ"
"Amila Liyanage","https://www.facebook.com/amila.liyanage.70445","අපි නම් ශෝකයට පත්වෙලා නෑ"
"Supun Gunathilaka","https://www.facebook.com/supun.gunathilaka.583","Horu arenna anith minissunta oka prashnayak newey..."
"Chathuraga RC","https://www.facebook.com/chathuraga.rc","🤣🤣🤣🤣🤣🤣🤣🤣🤣"
"Periyasamy Shanmugaraja","https://www.facebook.com/periyasamy.shanmugaraja.2025","Pak hoo nubalakaa attai habanero"
"Saloon For You by Dayani gamage","https://www.facebook.com/profile.php?id=100063102167820","Ekanam. Atta"
"Jayarathna Vidanagamage","https://www.facebook.com/people/Jayarathna-Vidanagamage/pfbid025BrqzH7FMMWRpDYmEoWGjaHqyhoUDFmE29xyyBc3tbKLobN5gXXkEm15Z11mKeFyl","මම ස්වබාව දර්මයට කියන්න වා බුදුන් ගැන කියලා නම් යොදා මේ පෞකාර පැවිද්දන් කරන දේ ඔප්පු කරත්වා ********** ජනතාව අන්දන්න වැඩ කරලා"
"Ajith Priyantha","https://www.facebook.com/ajith.priyantha.93402","Gahapan ube ata deka uda ellagena"
"Vajira Jayawardena","","Where in Colombo"
"Aravinda Sampath","https://www.facebook.com/sampath.aravinda.5","u are suck  a joke now"
"KG Thissakumara","https://www.facebook.com/kg.thissakumara","Hukai.pako"
"Yohan Chanuka","https://www.facebook.com/people/Yohan-Chanuka/pfbid0JUEEKtGXfKFu29Sn6tPtEjYkWRgNGM12WM6uMw6ZVUagKKJjkCwhFuMTMSj9ZP1El","Muta trac penala😂"
"Shalom Kavindu","https://www.facebook.com/shalom.kavindu","Huttoo 😂😂😂"
"Wendell Mack","https://www.facebook.com/wendell.mack.33","You support all wrong doings in the guise of a cloak"
"Shehan Jayasinghe","https://www.facebook.com/profile.php?id=61563594811472","Please mahana weyan"
"Dewage Nandika","https://www.facebook.com/dewage.nandika","Naotunne Vijitha: Former Buddhist monk who sexually abused six young girls handed 13-year jail sentence | Nine.com.au https://share.google/MN4ZMMYWaobSQyVet"
"Asheerwadh Bopearachchi","https://www.facebook.com/profile.php?id=100023119933854","😂😂😂හූ...😂😂😂"
"Kelum Bandara","https://www.facebook.com/kelum.bandara","[Image Attachment]"
"Darshan Wijesinghe","","😂😂😂😂 next"
"Sarath Kumara","https://www.facebook.com/tasarathkumaranivithigala","I"
"Sarath Kumara","https://www.facebook.com/tasarathkumaranivithigala","J"
"Chris Harridge","https://www.facebook.com/chris.harridge.731","Muu belada innae"
"Don Dasanayake","https://www.facebook.com/people/Don-Dasanayake/pfbid02WARU5EGoQdYrih4FcK7h5voJWViafGc8tZ8Hr3oekk3v5dEWGkUATyBkhSSpf8J8l","You are wrong😭"
"Matilda Fernando","https://www.facebook.com/matilda.fernando.93874","Pinnatakaka thousand talk get lost ballo"
"Eranga H Gunawardhana","https://www.facebook.com/eranga.harsha.792","😂😂😂😂 labba hollapan"
"Jayasundara Jayakodi","https://www.facebook.com/jayasundara.jayakodi","MEWAYAHS"
"Mahindrananda Gk","https://www.facebook.com/mahindrananda.gk","Naansara2"
"Chamini Athauda","https://www.facebook.com/people/Chamini-Athauda/pfbid091LcMGyFgGVxjXPhefwaiMBUwAsmnYh4ZBXmZmXwtF2sVoHSN7VtjFwFJdHw5neAl","Stop this nonsense  Don't insult the religion. There are so many ways to solve this instead displaying this inappropriate behaviour for a Buddhist priest. Shame 😭"
"Kumara Kumara","https://www.facebook.com/people/Kumara-Kumara/pfbid02HzAHUaQHe52X9XV5EeQtps7v2BoBcu1T26k9CvQ2PAdTuWcWAUfsvyYTThRMgWgdl","Ape pnsaly gntarykne"
"Kumara Kumara","https://www.facebook.com/people/Kumara-Kumara/pfbid02HzAHUaQHe52X9XV5EeQtps7v2BoBcu1T26k9CvQ2PAdTuWcWAUfsvyYTThRMgWgdl","Pla huknna ynna"
"Chaminda Senadeera","https://www.facebook.com/chaminda.senadeera.1460","T"
"Ana Anas","https://www.facebook.com/people/Ana-Anas/pfbid0TgbRpmpt1j5HXGJv3gy7taMFKDkaa67s2AbuaRo9aSrjjt5mYY8V2fBhBmnoHAdal","Japane gelewwe uttho"
"Bhanuka Niroshan Gunasekara","https://www.facebook.com/bhanuka.gunasekara.1","Pla http"
"Refai Nawfar","https://www.facebook.com/refai.nawfar","Another's thug monk"
"Nimesh Madushan","https://www.facebook.com/nimesh.madushan.245288","Cri tatty 🤢"
"Sadun Sankalpa","https://www.facebook.com/people/Sadun-Sankalpa/pfbid0XDug4Z65WeyWuLR9FicRZ4KsikzGY9viZnwGbqeHA3kPuEsic3CrtRf46qyyATQNl","Greadddd"
"Ajith Prasanna","https://www.facebook.com/ajith.prasanna.986","Hahaha...."
"Dushantha Rajapaksha","https://www.facebook.com/Dushaaan","Lol"
"Lasantha Jayawardana","https://www.facebook.com/lasantha.jayawardana.37","Ane kediri ganawqne"
"Madawa Bandara","https://www.facebook.com/people/Madawa-Bandara/pfbid0GX63BA17iEYuNkpkwLZ7d7mb7KGaZiwavWEuqJ9kQYhUzfJ8qiKwgwixfK4JzM4ul","Ane pau"
"Kevin Hem","https://www.facebook.com/kevin.hem.2025","Religions must be banned globally it is a mob mafia"
"Upali Tony Dias Perera","https://www.facebook.com/people/Upali-Tony-Dias-Perera/pfbid0fF9JovFzN5iPWD8kCqzK17NHWJ1HWgFJuQzTCz9zmaMG2NebY7GhtYVSnVcS8vkdl","Mental sick this people. They don't understand what is law in country. How can make rich Sri Lanka. Religion and politics is two subject. Every religion keep your back side pocket please 🙏. Love your country not for money."
"Lakshman Pinto","","DON'T TRY TO PROMOTE  THUGGERY POLITICS TO SAFEGUARD CORRUPTED  POLITICIANS AND  BIKSHUS  Also 8 mass Raping  Case ??"
"Nilan Herath","https://www.facebook.com/nilan.herath.9","🤮🤮🤮🤮🤮🤮🤮you’re disgusting 🤮 fake Cheeveradaya,  Dn’t involve judiciary, what is your education qualifications man 🤮🤮🤮🤮🤮🤮"
"Ranjith Susantha","https://www.facebook.com/people/Ranjith-Susantha/61587681281670","I"
"Shiranie Diepoltz","https://www.facebook.com/profile.php?id=100005209477408","Mu wesige putek"
"Marimuthoo Shanthirajah","https://www.facebook.com/marimuthoo.shanthirajah","IF LORD BUDDHA EXISTS   HE WILL COMMIT SUICIDE 🙏 THING OF FOLLOWERS LIKE THIS MORAN 😔"
"Amila Bandara","https://www.facebook.com/amila.bandara.498286","Yes"
"Rohan Divakara","https://www.facebook.com/rohan.divakara","Nonsense"
"Nilanka Rukmal","https://www.facebook.com/nilanka.rukmal.16","Para htta😂"
"Ar Rahman","https://www.facebook.com/people/Ar-Rahman/pfbid025o8ndjtTDXCpW3u36FxuoJjvcybZDxeXgN92jLracYfS8U9Vi1qdZUFhbo4bbaLul","😄😄😄 ayyo ayyo paw😄😄😄"
"Lasantha Krishan Perera","https://www.facebook.com/SalaLKP","I can see the උක් කන ගොවියා"
"Ronith Fernando","https://www.facebook.com/people/Ronith-Fernando/pfbid034dCs4TYULTwKpAfhgZc9KPAFoGeWqPvuZUbDUGcJCgTAnvGgfZvavoERFv6V1s3Ml","Siuru horu 😂"
"Dimuthu Thushara","https://www.facebook.com/dimuthu.thushara.311","Ane pau"
"Leel Mangalagama","https://www.facebook.com/people/Leel-Mangalagama/pfbid09LT7myguz1n3njM2YPu3uUfecmi3zmWsPJisdrjuW2bDR5HgQrDmz2uzSVcX9gxJl","Wahlla"
"Preethi Gurullawala","https://www.facebook.com/preethi.gurullawala","All the buddhists should against this."
"Champika Herath","https://www.facebook.com/champika.herath.9862","Dawalda"
"Dileep Indika","https://www.facebook.com/dileep.indika","Ana pau"
"Shamika Sathsara","https://www.facebook.com/people/Shamika-Sathsara/pfbid0g5R3SjVUYTZ5YmFpuj4QrdcqgFEYxXqybJx1yUnNsxNtuWjBTAjVSLmqAvzQejRFl","Ok"
"Piyal Piyal","https://www.facebook.com/people/Piyal-Piyal/pfbid02iMn1w9LAJ7aLSJ7snfXAi8T3PPXHtPq8fSka3EdLPSK6yqEFiZxrxbauUSbYBdqKl","To. Pin bata"
"Pradeep Sadaruwan","https://www.facebook.com/pradeep.sadaruwan.526","Pissemkk"
"Suranga Weerasinghe","https://www.facebook.com/suranga.weerasinghe.98","Provoking public.  Pls arrest this bugger"
"Sumith Gamage","https://www.facebook.com/profile.php?id=100004970493599","Gas balla"
"Razak Mohamed Roshan","https://www.facebook.com/razak.mohamed.roshan","Mockery of Judiciary Monks 🎃🐍"
"Razak Mohamed Roshan","https://www.facebook.com/razak.mohamed.roshan","Contempt Of Court ⚖️🇱🇰👮‍♂️"
"Fernndo Fernando","https://www.facebook.com/people/Fernndo-Fernando/pfbid02mudw5wNES2rdrA6CifXvkK18G4jWJLB1mZUpXQJXKfUZC73mudsaB4xKxRdgEc7Xl","🤣🤣🤣Uuu"
"Krishan Srilal","https://www.facebook.com/people/Krishan-Srilal/61588971179374","Lokud"
