User Name,Profile Link,Comment
"Kavi Shanaka","https://www.facebook.com/people/Kavi-Shanaka/pfbid022zQj5b8kkKp9GufqaUqkDMqCtSnyq6147nxHdMYGwyiP9oB1Yk1YvgQCigw3qgRil","ඔයාට මොකුත් වෙලා නෑ හාමුදුරුවනේ.ඔයා සිවුර දාගෙන සාටකේ ට කඩේ යනවා,"
"Priyantha Indu","https://www.facebook.com/priyantha.indu.1","Kavi Shanaka අනිවාර්යයෙන්ම"
"Lalith Vasantha Kaluthanthri","https://www.facebook.com/lalithvasantha.vasantha","Kavi Shanaka uabala.71.88.89.thassayanta.kade.yana.manasika.aparada.karayo"
"Manjula Suranga","https://www.facebook.com/manjula.suranga.9","Lalith Vasantha Kaluthanthri Pala palq"
"Nishanthi Perera","https://www.facebook.com/nishanthi.perera.12","Kavi Shanaka හරියටම.හරි"
"Heshan Fernando","https://www.facebook.com/heshan.fernando.18123","Lalith Vasantha Kaluthanthri හරි හමන් පින්තූරයක් වත් නැතුව ඔහොම කමෙන්ට් දාන්න එපා සහෝ/සහෝදරී"
"C Jude Kantha Anthony","https://www.facebook.com/people/C-Jude-Kantha-Anthony/pfbid0wmThBPVwSwxhe6oyG2f6XviqtzvSjfrEDNdu3XhW6qjwz9MXn22brxCxrKZvVcunl","Kavi Shanaka ප්‍රබාකරන් ශුක්‍රාණු තමයි මෙ"
"Nishan Ara","https://www.facebook.com/kenu.lasas","Lalith Vasantha Kaluthanthri කමෙන්ට් එක කියවන උන්ට ගලපගෙන කියවන්නද නැවතීමේ තිත තිය තිය ටයිප් කරලා තියෙන්නෙ."
"Renu Rathnayaka","https://www.facebook.com/renu.rathnayaka.32642","C Jude Kantha Anthony  දැන් ප්‍රභාකරන් ගෙ සම්බන්දෙ මොකද්ද යකෝ මේකට තියෙන😂"
"Amila Priyankara","https://www.facebook.com/amila.priyankara.9615","C Jude Kantha Anthony යුද්දෙ විකුනන් කාපු පර හැත්තට කඩේ යන අපතයා."
"Dasun Tharanga","https://www.facebook.com/dasun.tharanga.606219","Kavi Shanaka   මුං හාමුදුරුවරු නෙමේ බං දේශපාලන කඩේ යන හොරු"
"Sameera D Aluthge","https://www.facebook.com/nadun.saliya.3","ලංකාවේ බුද්ධ සාසනය වෙතමිසදිටු මත පොම්ප කරන පිරිස හා සටන් කිරීමට වැඩ පිළිවෙලක් සාසන බලධාරීන් වහන්සේ ලා හට නොමැති වීම මිසදිටු මත පොම්ප කරන සංවිධාන වලට මහත් වූ ලාභයක් ම ය 🙏🙏🙏🙏🙏 පින්වතුනි  අප ධර්මය ( ත්‍රිපිටකය හා අටුවාව ) නොදන්නා තාක් කල් මිත්‍යාදෘෂ්ටිය ට හිස එසවිය හැකි ....... (පින්වත් කෝරළයාගම සරණතිස්ස ස්වාමීන් වහන්සේ ගේ ධර්ම දේශනාවක් ඇසුරිණි)"
"Darshana Ajith Kumara Rathnayaka","https://www.facebook.com/people/Darshana-Ajith-Kumara-Rathnayaka/100071994260677","Kavi Shanaka උබලට මෙයා අරගලේ අනුර ට කඩේ යනකොට හොද උනාද"
"Dinusha S Chathuranga","https://www.facebook.com/dinusha.sampath.14661","Lalith Vasantha Kaluthanthri pala thopeta,22 higakapuwa mathakq na"
"Sanka Thilina","https://www.facebook.com/sanka.thilina.75","Kavi Shanaka https://www.facebook.com/share/v/19N979qv9x/"
"Kavi Shanaka","https://www.facebook.com/people/Kavi-Shanaka/pfbid022zQj5b8kkKp9GufqaUqkDMqCtSnyq6147nxHdMYGwyiP9oB1Yk1YvgQCigw3qgRil","Lalith Vasantha Kaluthanthri අනේ අන්කල් ඔයා දන්න මගුල.තොපි වගේ වහල්ලු නෙවෙයි අපි.මුලිම්ම 88,89 උනේ මොකක්ද කියලා හොයලා බලපිය.මේ අරගලේ වගේම අරගලයක් තමයි එදත් ඇති වෙලා තියෙන්නෙ.ඊට පස්සෙ එදා අරගලේ හිටිය මිනිස්සු එකා එකා මරල තියෙන්නෙ තොපේ මහ එවුන්.මිනිස්සු නිකන් බලාගෙන ඉදලා නැ."
"Devika Padukka","https://www.facebook.com/people/Devika-Padukka/61576856850544","ඔන්න ජනතාවණි හොදට බලා ගන්න මේ ඊලගට නාන දෙවෙනි සාර මෙයා හිතනවා මෙයා තමයි ඊලග වැඩකාරයා කියලා හැබැයි මට පේන විදිහට මෙයා නා ගනී වගේ අරයට වඩා කලින් මොකද මෙයා අරයට වඩා ටිකක් පුප්පනවා වැඩී වගේ නේද"
"Lalith Vasantha Kaluthanthri","https://www.facebook.com/lalithvasantha.vasantha","Devika Padukka agamak.darmayak.nethi.kallathoni.ban.uabala."
"Ravindra Hegoda","https://www.facebook.com/ravindra.hegoda","Devika Padukka ඔව්  මෙයා පුප්පනවා වැඩියි. පියවි සිහියත් නෑ වගේ, හොඳ කුට්ටියක් කඩල, නැත්නම් එතැනට එන්න පාර කපනවා ගණන් නොගෙන ඉන්න තරමට හොඳයි.නැත්නම් මෙයාලව අපිම පුම්බනවා වෙනවා. හොරිම තමයි විෂබීජ තව හොඳයි"
"Harshana Disanayak","https://www.facebook.com/people/Harshana-Disanayak/61552542830562","Devika Padukka අමු බූරුවෙක් මේවා නායක් අනු නායක ස්වාමින් වහන්සේලට පේන්නේ නැද්ද"
"C Jude Kantha Anthony","https://www.facebook.com/people/C-Jude-Kantha-Anthony/pfbid0wmThBPVwSwxhe6oyG2f6XviqtzvSjfrEDNdu3XhW6qjwz9MXn22brxCxrKZvVcunl","Devika Padukka මෙ මොන ගොන් ඩබුවක් ද"
"Damayanthi Rodrigo","https://www.facebook.com/damayanthi.rodrigo.79","Devika Padukka Sahathika aththa"
"Lal Silva","https://www.facebook.com/lal.silva.961","Devika Padukka අනිවාරයෙන්ම"
"Namal Susantha","https://www.facebook.com/namal.susantha.9","Devika Padukka sure"
"Kal El","","Lalith Vasantha Kaluthanthri Monwada bn ubala agama gena danne"
"Lashan Rangana","https://www.facebook.com/lashan.rangana","Lalith Vasantha Kaluthanthri ane paka thama"
"Kumara Pitigala","https://www.facebook.com/kumara.pitigala.2025","අඩෝ...තිත්තයා..... උබත් අර සමන්තයා වගේමනෙ..."
"Dana Sara","https://www.facebook.com/danthanarayana.sarath","Kumara Pitigala  එයාට මෙයාට වඩා මොලේ තියනවා"
"C Jude Kantha Anthony","https://www.facebook.com/people/C-Jude-Kantha-Anthony/pfbid0wmThBPVwSwxhe6oyG2f6XviqtzvSjfrEDNdu3XhW6qjwz9MXn22brxCxrKZvVcunl","Kumara Pitigala මෙ වගෙ පො#න්#නයො තමයි ඉතින් ජෙප්පො පස්සෙ යන"
"Manjula Herath","https://www.facebook.com/pradeepmanjulam","Kumara Pitigala මෙයා කලින් එයා ගාව තමයි හිටියේ ගොන් වැඩ කරලා එතනින් එලෙව්වා"
"Pawan Pawan","https://www.facebook.com/people/Pawan-Pawan/pfbid0uPwEdurfpRHNbFwXTrMVRJdjBhJXA9q1iMSfBVz4R8jSH8YAsZL95WWUWc73pBml","Kumara Pitigala මුත් රහත් වෙලා කියන්නේ 🤣🤣🤣🤣🤣"
"Sameera D Aluthge","https://www.facebook.com/nadun.saliya.3","ලංකාවේ බුද්ධ සාසනය වෙතමිසදිටු මත පොම්ප කරන පිරිස හා සටන් කිරීමට වැඩ පිළිවෙලක් සාසන බලධාරීන් වහන්සේ ලා හට නොමැති වීම මිසදිටු මත පොම්ප කරන සංවිධාන වලට මහත් වූ ලාභයක් ම ය 🙏🙏🙏🙏🙏 පින්වතුනි  අප ධර්මය ( ත්‍රිපිටකය හා අටුවාව ) නොදන්නා තාක් කල් මිත්‍යාදෘෂ්ටිය ට හිස එසවිය හැකි ....... (පින්වත් කෝරළයාගම සරණතිස්ස ස්වාමීන් වහන්සේ ගේ ධර්ම දේශනාවක් ඇසුරිණි)"
"Sanka Thilina","https://www.facebook.com/sanka.thilina.75","Kumara Pitigala https://www.facebook.com/share/v/19N979qv9x/"
"Sunil Malwatta","https://www.facebook.com/sunil.malwatta","නානසාර හිරේ යා යුතුමයි"
"Lalith Vasantha Kaluthanthri","https://www.facebook.com/lalithvasantha.vasantha","Sunil Malwatta parangi.uanta.koheda.ban.ratak.agamak.jathiyak"
"Sampath Witharana","https://www.facebook.com/sampath.witharana","අනේ හාමුදුරුවනේ ජනතාව බුද්ධිමත් මේ වචනේ පාවිච්චි කරනවට සමාවෙන්න අපේ හාමුදුරුවනේ පීචං වෙන්න එපා"
"Lalith Vasantha Kaluthanthri","https://www.facebook.com/lalithvasantha.vasantha","Sampath Witharana kalakanniyak.uanata.uabalata.me.rata.gena.katha Karanna Beha"
"C Jude Kantha Anthony","https://www.facebook.com/people/C-Jude-Kantha-Anthony/pfbid0wmThBPVwSwxhe6oyG2f6XviqtzvSjfrEDNdu3XhW6qjwz9MXn22brxCxrKZvVcunl","Sampath Witharana ලංකා සිතියම දාගෙන දාර පො#න්#නයෙක් මුණ දාන්නබැනෙ"
"Kal El","","Lalith Vasantha Kaluthanthri Ane uba oya ratata wela hitu"
"Ptn Nanda","https://www.facebook.com/profile.php?id=100079120249129","පිස්සෙක් ................"
"Indika Lanka","https://www.facebook.com/indika.lanka.2025","ඔය බුද්ධ චීවරයට ගරු කරන්න,ඔබ සිවුර දාගෙන මොනාද කරන්නේ කියලා,ඔබ දන්නවා,youtube channel දාගෙන,රටට ලෝකයාට පේන්න,ඇඟ හදාගන්නවා,අනේ පින් සිද්ධවෙයිි අහිංසක ,බෞද්ධ ජනතාව වෙනුවෙන් වැඩක් කරන්න"
"Pradeepaa Senaka","https://www.facebook.com/pradeepa.senaka","සිවුර පීචං නොකර හිටු තිත්තයා"
"Lalith Vasantha Kaluthanthri","https://www.facebook.com/lalithvasantha.vasantha","Pradeepaa Senaka bauddayata.kelinna.apu.uabala.parangi"
"Kelum Bandara","https://www.facebook.com/kelumbandara123","හොම්බට දෙකක් වැදිලා ඉස්පිරිතාලෙ හිටපුවම ඕක සනීප වෙයි"
"Lahiru Wijerathne","","අපේ හාමුදුරුවෝ මේ නාඩගම පටන් ගත්තේ නාමල් ඇතුලට ගියපු දවසේ ඉදන්. අලුත් project ඒකක් වගේ 😏."
"Dilhani Asha","https://www.facebook.com/ashadilhani.dapanedurage","අනුර බල්ලෝ එක්ක බුරන්න එන්නේ නැහැ🤣🤮"
"Mahiman Mudalige","https://www.facebook.com/mahiman.mudalige","මෙයා ගැන හොදට දැන ගන්න ඕනනමි ගාල්ලෙ තිත්තගල්ලෙ අයකුගෙන් දැන ගන්න කවුද කියලා."
"Ramani Harindranath","https://www.facebook.com/ramani.harindranath.7","Mahiman Mudalige 👌👍"
"Pawan Pawan","https://www.facebook.com/people/Pawan-Pawan/pfbid0uPwEdurfpRHNbFwXTrMVRJdjBhJXA9q1iMSfBVz4R8jSH8YAsZL95WWUWc73pBml","Mahiman Mudalige මූ සතා ngo. කාරයෙක්"
"පාලිත ධනුෂ්ක","https://www.facebook.com/dhanushkapadmakumara.dhanushka","මිනිහෝ ඉස්සරලම මහණ වෙන්න සිවුරට අපහාස නොකර . කහරෙදි පොරවන් විහිලු නොකර. භික්ෂුවක් ඔහොම හැසිරෙයි කියලා අපේ බුදු හාමුදුරුවො දිවැසින්වත් හොදකින්න ඇති. ලංකාවේ තිරිසන්නු මහණ වෙයි කියලා. නොසිතන්න ඇති"
"Kumudu Anura Weeraratne","https://www.facebook.com/kumuduanura.weeraratne","මේ මොන හාල් කෑල්ලක්ද  තිස්සකුට්ටියා එක්කනම් නියමෙට ගැලපෙනව ."
"Samantha Yapa","https://www.facebook.com/thathsaras","රටේ බහුතරයක් කියනවා මූට පිස්සු කියලා"
"Jayantha Dodangoda","https://www.facebook.com/jayantha.dodangoda.5","එක අතකට ගලබොඩය හොදයි මේ කාළකන්නියට වඩා."
"Dimantha Channaka","https://www.facebook.com/profile.php?id=100004047792270","මේ වගේ කහකඩ වේ:පුතාල නිසා සිල්වත් භික්ෂුන් වහන්සේලත් බැනුම් අහනවා"
"Pathirana Npg","https://www.facebook.com/people/Pathirana-Npg/pfbid02kXusu3rMN1HToxB2u4XBRKifjHU9pHbYaL9rD95Z84d1H5Dgh4b1BWzdSYXR4SFEl","බුදුරජාණන් වහන්සේ ගේ උතුම් ධර්මයට අනුව ජීවත් වෙන පින්වත් ස්වාමින් වහන්සේ ලාට උතුම් ධර්ම මාර්ගයේ යන්න මේ රජයෙන් කිසිම බාධාවක් නෑ. ජනාධිපති තුමා ඇතුළු රජය ඒකට උදව් උපකාර කරනවා. නමුත් ලාභ සත්කාර කීර්ති ප්‍රශංසා වලට අහුවෙලා හිටපු අයට ඒවා අහිමි වෙනකොට මේ වගේ දුක කියනවා."
"Nuwan Indika","https://www.facebook.com/nuwan.indika.200069","හරි හමුදුරුවනෙ ඹබවහන්සෙ කියන විදිහට අනුර අධාර්මිකායිම කියමුකො ටිකාක් පැහැදිලි කරන්නකො මෙතරම් කලයක් ඹය කියන ධාර්මිකයො මෙ රටට කරපු හොද දෙයක් දවසින් දවස මෙ රට විනාශ කර කරා හැර එකට සිවුරු පොරව ගත්ත ඹබ වහන්සෙලා වගකියන්න ඹනෙ"
"Dilip Lusantha","https://www.facebook.com/dilip.lusantha","සිප්පි කෑල්ලක්..."
"S Samee Nissanka","https://www.facebook.com/s.samee.nissanka","කාගෙවත් කුනු හොදන්න කලින්..තම තමන්ගෙ කුනු හොදන හිටියානමිහරි නෙද.පවි නොදි"
"Rohana Pothpitiya","https://www.facebook.com/rohana.pothpitiya","අභියාචනාකරණ තීන්දු වෙනස් කරන්න අත්සන් එකතුකරන මෝඩ මුඩ මහණෙක්....."
"Tony Perera","https://www.facebook.com/tony.perera.980","ගලබොඩ පාර්ට් 2"
"Prasad Priyadarshana","https://www.facebook.com/prasad.priyadarshana","පිනට කාලා තෙල වැඩි වෙලා..😂😂😂"
"Senarath Balasooriya","https://www.facebook.com/senarath.balasooriya","ගුලියක් කාලද ඉන්නෙ,ඔහොම මහින්දට කියන්න පුළුවන්  උනානම්"
"Pathum Perera","https://www.facebook.com/pethum.perera.35","සසුනට වෙච්ච දෙයක්...  සාටකේ විතරයි අඩු."
"Mahinda Fernando","https://www.facebook.com/mahinda.fernando.5","නානසාරට සමාව දෙනවට මගේ හිතේත් දශමයක් හරි කැමැත්තක් තිබුණ .ඒත් මෙි බල්ලගෙ කතාවෙන් පස්සෙ නානය අනිවාර්යයෙන් හිරෙ දමිය යුතුයි. .."
"Shanaka Prasadh","https://www.facebook.com/shanaka.prasadh.2025","සිවුරු නම් දැන් කඩෙත් තියෙනවා ඔබවහන්සෙවත් නානසාර  මහන කරන්න🤣🤣🤣🤣"
"Wimal Karunanayaka","","මෙයා  මේ  ආන්ඩුවත්  එක්ක  කරන  අතාත්වික  රංගනයක් . මේවට  කවුද  අහු වෙන්නේ?  ඉක්මනින්  මෙයාගේ  බුද්ද  චීවරය  ගලවන්න  බල  කරමු ."
"Prasad Sandaruwan","https://www.facebook.com/prasad.sandaruwan.407941","මේ කරන්නේ තව තවත් හිර කර ගන්න එක..."
"Chaminda Sarath Wijerathna","https://www.facebook.com/chaminda.sarath.wijerathna","හාමුදුරුවෝ මුලින්ම කියන්නකො නානසාර හාමුදුරුවෝ කොහෙද හැංගිලා ඉන්නෙ කියල."
"Chrishanthi Perera","https://www.facebook.com/chrishanthi.perera.546666","ඊළග පිළිලය"
"Dhanushka Patabandige","https://www.facebook.com/dhanushka.patabandige","මා ගල්ලෙගේන් පස්සේ තිත්ත ගල්ලේ ....... මේ ගල් කොල්ලොන්ගෙන් අපි කවදා නිදහස් වෙදෝ"
"Channa Hm","https://www.facebook.com/channa.hm.980","අනේ අපේ අනුර අපිට හොදයි"
"Priyantha Indu","https://www.facebook.com/priyantha.indu.1","මුන්ගේ න් පුදුම කරුමයක් තියෙනේ ඒකෙක් හිරේ යනකොට තවත් අපත කහ කඩයක්.  අනිවාර්යයෙන්ම ගලගොඩ අපතයා හිරේ යන්නම ඕන!"
"Chandana Chandana","https://www.facebook.com/chandana.chandana.396381","ජනාදිපති යන්නේ හාමුදුරු වරු ලගට මිස සිවුර පොරවන් ඉන්න අය ලගට නෙවේ"
"Anuradha Jayawickrama","https://www.facebook.com/anuradhajayawicrama.jayawicrama","ඔය  අපේ  පන්සල්  වල  ලොකු  හාමුදුරුවරු   පන්සලේ  පිං  කැටේ  එකතු  කරල  දායකයොන්ගෙ  න්  එකතු  කරල  අමාරුවෙන්  සමහර  පොඩි  උන්  වහන්සේලා    විදේශ   ගත  කරනවා.   කැම්පස්  යවනවා..    පේනවා  නේ   ඒවායේ  ගිහින්      ආතල්  අරන්  තියෙන  ආගම්  ඔක්කොම  ඔලුවේ  දාන්  ලංකාවට  ඇවිත්  පිස්සු  කෙලිනවා..  මුන්   ගහල  පන්නන්න  ඕන  ශාසනෙන්..."
"Dilshan Fernando","https://www.facebook.com/dilshan.darshana","ඇග ටිකක් බැහැල වගේ. මේ ටිකේ ව්‍යායාම කරේ නැද්ද ඔබවහන්සේ 🤭"
"Amith Santharuwan","https://www.facebook.com/people/Amith-Santharuwan/pfbid02uvDVEP6CCS62DqQNpDes2H9i18taqsjtj3Rf1vrmmwTjNN3Woxr8tSYWRBB6nG7ol","ගූ කන බයියෙක්"
"Harsha Kothalawala","https://www.facebook.com/harsha.kothalawala.54","Pissak"
"Tharidu Danushka","","පිස්සෙක්නෙ මූ"
"Sam Ariyadasa","https://www.facebook.com/profile.php?id=100001714753031","Uba hukapan kariya"
"Vishwajith Dissanayake","https://www.facebook.com/vishwajithdissanayake","කැකිරාවෙන් තවම බත් ලැබෙනවැයි ?? 💩💩🐶🐶🐶"
"H V Aruna Shantha","https://www.facebook.com/hv.arunashantha","ඇත්තටම මේ  කියන කතාව මොකක්ද කියල තේරෙන්නෑ  කමෙන්ට් බැලුවම තමා තිත්තය තිත්ත වුනා"
"Thusitha Premasiri","https://www.facebook.com/profile.php?id=100000945533033","මූ... කවුද බන්...."
"Luxman Krishantha","https://www.facebook.com/luxman.krishantha","මොකවත් නැ...තමුන්නැහැවත් කුනු කූඩෙට වැටුනා එච්චරයි...ඒක තේරුම් ගන්න...මිනිස්සු දැන් ඔහේලව reject කරලා ඉවරයි"
"Lalith Kumara","https://www.facebook.com/people/Lalith-Kumara/pfbid0TwfQ3L9B6EUQRMgDfXeNGp4bWhzvS695HiLycQNEBmtHUe5xGoewnBen598NNH52l","Kawuda ban pako uba"
"Sumith Karurathna","https://www.facebook.com/sumith.karurathna","මෝකේද,මෙි,කැරියා"
"Chinthaka Lakmal","https://www.facebook.com/chinthaka.lakmal.3139241","Mona pissekda me"
"Achintha Suresh","https://www.facebook.com/profile.php?id=100001009432507","එකෙක් යනකොට තව එකෙක් එනව"
"Dayan Wickramanayaka","https://www.facebook.com/dayan.wickramanayaka.2025","තිත්තයෝ තිත්තයි...🎗️🎗️🎗️🎗️😝😝😝"
"Sisira Dissanayaka","https://www.facebook.com/sisira.dissanayaka.681156","Muu paw harakek"
"Ishan Udara","https://www.facebook.com/ishan.udara.3","මුගේ ධාර්මික කම පේනවා මූ ඉන්නෙ මංපොර සීන් එකේ😁"
"Violet Nammuniarachchi","https://www.facebook.com/violet.nammuniarachchi.1","අනේමන්දා😂මේ හමුදුරුවන්ට පිස්සු හැදීගෙන එනවද කොහෙද?"
"Samantha Lokuwithana","https://www.facebook.com/profile.php?id=100012608981616","තිත්ත  ගල්ලේ  තෙරෝ 😆"
"Niresh Priyantha Wadugodapitiya","https://www.facebook.com/priyantha.thilakarathna.194385","පියුමි හංසමාලිගේ ක්‍රීම් ටිකක් ගාලා සුදූ උනොත් මොකද මුලින්ම"
"Malcom Fernando","https://www.facebook.com/malcom.fernando.58","Munta pissu nikan hambawena de kala inna be"
"Ranjith Haduneththi","https://www.facebook.com/people/Ranjith-Haduneththi/pfbid02KxikJEZU9AWTuw1gUETXSiMNWwtJ3HQNKFCUSKGswA4KJPT4GyBGfFE9njp2yPwQl","Ane pako"
"Chandana Prasad Ranaweera","https://www.facebook.com/prasad.ranaweera.583","ඊළඟට ලිස්ට් එකට🤗"
"Chamara Chandrasekara","https://www.facebook.com/chamarasri","පිස්සුද....වෙන වැඩ නැතුවට 😁😁😁😁😁"
"Ranga Pieris","https://www.facebook.com/ranga.pieris.1","Followersla 10000 hadaganna .රුපියල් 1500 wage yanne ..ona nam monatitasion karagannat puluwan හාමුදුරුවනේ"
"Heshan Perera","https://www.facebook.com/heshan.perera","සිවුරක් දාගෙන බුදුරජාණන් වහන්සේටත් නිගා කරමින්, සමාජයට විහිළුවක් වෙච්ච පුද්ගලයෝ, ජනාධිපතිතුමාට අභියෝග කරනකොට පුපෙනුත් හිනා යනවා"
"Jued Roshan","https://www.facebook.com/jude.roshan.198506","ඒ බුදුහාමුදුරුවනේ       ඔබවහන්සේේ කවුද හොරු රකින හාමුදුරුවෝනෑ දැන්වත් වැඳලා කියන්නම් මේ ශාසනයේ විනාශ කරන්නැතුව ඔය සිවුර ගලවලා ඔබ වහන්සේ ඕන දෙයක් කරගන්න බුදු හාමුදුරුව ගාව ගන්නැතුව"
"Prasangi Wimalarathne","https://www.facebook.com/prasangi.mudannayaka","තෙරුවන්සරණයි ස්වාමීන්වහන්ස.!!!"
"Prashan Liyanagama","","පුදුම ආතල් එකක් දෙන්නේ"
"Ranjith Liyanage","https://www.facebook.com/ranjith.liyanage.52056","මෙියා..ගෙ...විඩියෝ..බලන්න..එපා"
"Pushpa Kanchana","https://www.facebook.com/pushpakanchana","යකෝ ෆේස්බුක් එකවුන්ටුත් තියෙනවා..."
"Daily curry","https://www.facebook.com/people/Daily-curry/61588490207268","Mokada me pissa"
"Jagath Palipana","https://www.facebook.com/jagath.palipana","අතට කීයකි හරි  දීලා  දාපල්ලා  බං  ...නැත්නම්  මේ සාදු හිරේ   යන්න  ඉන්න එකෙක් වගේ  කෙදිරිගානවා"
"Lakshman Percy","https://www.facebook.com/lakshman.percy.5","ඔිනම කෙනෙකුට ඔීනම දෙයක තර්ක විතර්ක ගේන්න පුලුවන් එ්දෙය අප පාසැල් යන කාලේ විවාද තරඟ වලදිත් කළා.නමුත් දේශපාලන වාසි තකා කහකඩයන් ගේන බොරැ තර්ක සමාජය පිලිගන්නේ නෑ මොකද  මෙි කහකඩ සෙට් එක කියන තරමක් කියන්නේ බොරැ එකෙක් කීවා නාමල් ගත්තොත් ගිණිතියාගන්නව කියලා කෝ."
"Upananda Subasinghe","https://www.facebook.com/upananda.wimal","කාලකන්නි යෙක්"
"Sarath Premachandra","https://www.facebook.com/sarath.premachandra.861345","මේකනම් පුදුම කන්දොස්කිරියාවක්නෙ ගලගොඩ හිරේ යන්නඕන.වැරදි නිසානෙ එහෙම්වුනෙ,නීතියට ගරු කරපල්ලා,අත්සන් ලක්ෂයක් නෙමෙයි දසලක්ෂයක් ගැහුවත් වැඩක්නැ,ජනවරම දීලා තියෙන්නෙ ඕවාට තමයි"
"Champika Somaweera","https://www.facebook.com/champika.somaweera.2025","කවුද තෝ"
"Tharanga Abeyseela","","පව්, මාර පොරක් කියලා හිතාගෙන ඉන්නේ"
"Deshmon Wijesuriya","","Tho galopeya siyuru  kalakanne  madamulane asuchi kana  balla  tho nana sarayage tarma patan gannada yanne"
"Nimshan Dilanka","https://www.facebook.com/nimshan.dilanka","හදපු වැව මොකක්ද🫪"
"Batagall Chaminda","https://www.facebook.com/people/Batagall-Chaminda/pfbid02qDWzw5srDhcMbmAp8SsbDFst61odxinCtdY59CKM7RuaRXxpFVJLiitcZXzBQ73Tl","හාමුදුරුවෝ   පිහිට  වෙන්ට ඕනෑ  අසරණ    මිනිස්සුන්ට /   සත්වයන්ට.  කට   හින්දා ඉල්ලන් කාලා නීතිය ඉදිරියේ  වැරදි  කාරයෙක්    වුනු   කෙනෙක්  ගැනනේ  ඔය   කතා  . කරන්නේ   ඇත්තටම  ඔයට වඩා  අසරණ  මිනිස්සු  නැද්ද  .   එවට  පෙණි   ඉන්නවා  අපි  දැකලා   නෑනේ  .සරත්  පොන්සේකා හිරේ දානකොට   කොහෙන්ද හිටියේ . අපගෙ  ""බුදුරජාණන්   වහන්සේ""    තෝර තෝර  පිහිට  වෙලා නැ . උන්වහන්සේ  මහා කරුනාව   පෑවේ   සියලු    සත්වයන්ට . කොහොමත්  අපි  වපුරන  දෙ  තමයි  අපිට ආපසු  ලැබෙන්නේ .  🤔"
"Upul Erathna","https://www.facebook.com/people/Upul-Erathna/pfbid02Uoa7PCSDc9XTCs7cqygvqEQ8ckvQKanmmmGpHmWxG9vd15Eywb7WX18yhWZC52NVl","නිගන්ඨනාථගෙ අනුගාමිකයො රටේ උතුම් සම්බුදු සසුන විනාශ කරන්න ජනතාව නොමග යවනවා.ඒකයි අද මේ සිදු වන්නේ."
"Shanaka Amarasinghe","https://www.facebook.com/shanatgl","Kawda ban meka"
"Rohan Soysa","https://www.facebook.com/rohan.soysa","Mahana wenna merenna kalin pls"
"Priyantha Premalal","","කොහෙන් පාත් උනා ද මුංගෙ"
"Dulip Nilanka Kodithuwakku","https://www.facebook.com/dnkodithuwakku","බුදුන්වහන්සේ සරණ යමි...🙏🏻🙏🏻🙏🏻"
"Hemantha De Silva","https://www.facebook.com/hemantha.desilva.9843","නැවත මහණා වෙන්න ...😂😂"
"C Jude Kantha Anthony","https://www.facebook.com/people/C-Jude-Kantha-Anthony/pfbid0wmThBPVwSwxhe6oyG2f6XviqtzvSjfrEDNdu3XhW6qjwz9MXn22brxCxrKZvVcunl","Hemantha De Silva මෙ මොකෙක්ද"
"Manuja Diddeniya","https://www.facebook.com/ManujaDiddeniya","Oi oi pissuda oi"
"Hasitha Hinguruduwa","","මුගේ ්‍රොජෙක්ට් එක නානසාරව නිදහස් කරන්න නෙමෙයි නාමල්ගෙ කොන්ත්‍රාත් එකක් තමයි මේකා කරන්නේ"
"Akila Perera","https://www.facebook.com/akilanilanga","මහා කාරුණික දර්ශනයක් ලොකයට දායද කල බුදු රාජානන් වහන්සේගෙ ගෝලයෙක්ද මේ ?"
"Lakshan Gunawardena","https://www.facebook.com/lakshan.gunawardena.5","අටලෝ දහමෙන් කම්පා නොවන්න! 🙏🏻   අපේ හාමුදුරුවනේ කියලා කිව්වොත් බනීද ? 😂"
"John Hunter","","PODE.  KALE.  EDALA.  PUKA.  . DUNNAHA.    OHMA.  WENAWA.    TETAYO."
"Sudesh Aruna Shantha","https://www.facebook.com/sudesh.arunashantha","ඔව් ඉතින් අදාර්මික උනත් මොකෝ 😁😁😁"
"Nalinda Sanjeewa","https://www.facebook.com/nalinda.sanjeewa.965","මූ තෙරුවන් සරනයි කියන්නේත් තරාහෙන් මූ මොකොටද පැවිදි උනේ ...තු නොදකින්.."
"Pushpa Kanthi Rathnayaka","https://www.facebook.com/kanthi.rathnayaka.524","අමු පිස්සෙක්..."
"Udaya Illeperuma","https://www.facebook.com/udaya.illeperuma.7","අනේ පකෝ අපිට දුක නොදී හිටපන්"
"Ajantha Kumara","https://www.facebook.com/people/Ajantha-Kumara/pfbid02SVMNUtE6oJRnR8Zo8u2GwDm366W2FDuDkJuezqU9jqtUi4FSzQzn4qSxgPxrwCgol","Me himiwaru pita rataka siti himiwaru wenna one     Oya nidahas karanna kiya illana hamuduruwo desha paluwange waradana warprasada laba rate virudha parshawa ilakka karamin kasawata daramin adharmikawa hesirena kale lankawe siti aya nam ...    Nana sara hamuduruwanta e akarayen hesirenna hoda nethi bawa kiyala dila yahamagata aragena.....noweda putha."
"Harsha Thepulangoda","https://www.facebook.com/harsha.udayanga.7","මූව කලු background එකක තියන්ඩ එපා බං ඇස්දෙක විතරනේ පේන්නේ බයවෙනවා 🤣🤣"
"Mahadevan Sudarshana","https://www.facebook.com/mahadevan.sudarshana","ඔබවහන්සේ  ජනාධිපතිවරයාව   මුහුණට මුහුණ තියාගෙන අධාර්මිකත්වය පෙන්වන්න යන්න අවශ්‍ය නෑ   අතලිස් අටෙන් පස්සේ  රාජාභවතු ධම්මිකෝ මැයෙන්   ධර්මිෂ්ඨ රාජ්‍ය පාලනයක් ගෙනගිය  රට තමයි අපේ නොවන  බ්‍රිතාන්‍ය කිරීටය ඉදිරියේ දණගහන දේශපාලන ක්‍රමයට  පාලනය ආරම්භ කරේ  අදට 78   වසරක්  ගත වෙන තැන කියන්න පහළ වුන එක සැබෑ ධර්මිෂ්ඨ රාජ්‍යපාලකයෙක් ගැන   ඊට පසුව පුළුවන් වත්මන් ජනාධිපතිවරයාගේ  ධර්මිෂ්ඨකම ගැන කතා කරන්න"
"Swarna Suwi","https://www.facebook.com/swarna.suwi","Issara owa කිව්වේ naa ne."
"Sugath Abayaratne","https://www.facebook.com/sugath.hettirachchige","එකෙක් හිරේ යනකොට තවත් කාලකන්නියෙක් ,,බුදුදහම වන සනන්නේ මුන් තමයි,"
"Kasindu Senanayake","https://www.facebook.com/kasindu.senanayake","කරුණාකරලා දේශපාලනය කරන්න ඕනේ නම් පක්ශෙකින් ආසන සංවිධයක කමක් වත් ඉල්ලගෙන සංඝ සාසනයෙන් ඉවත් වෙන්න..  එක එකාගේ ධර්මිෂ්ඨ කම හොයන්න කලින් තමුන් බලන්න ඕනේ තමුන් කොච්චර දුරට සිල්වත් භික්ෂුවක්ද කියලා"
"Shanthamal Fernando","https://www.facebook.com/shanthamal.fernando","බුදු දහම වළදන තිත්ත"
"Paduma Amarasingha","https://www.facebook.com/paduma.amarasingha","බුද්ධ  ශාසනය. කන්නෙ. මේ. කාලකන්නි. තමයි"
"Shehan Pivithuru","https://www.facebook.com/shehan.pivithuru","Suspend newei uba hamba unoth muna pirenna ekak denawa loweth.... uba karala thiyana wada walata..... Uba eliye inna ona ekek newei.... Aniwaryaenma athulata danna ona aurudu ganakata..... 🖕🖕🖕🖕"
"Hemapala Hewaanthonige","https://www.facebook.com/people/Hemapala-Hewaanthonige/pfbid02NMxqNdr7p2AaD8Sqeeb9CG2X2HN6dLDJSGsHcGpcHBskmzsTdkoyYmKf5eKSFq34l","බල්ලො  බල්ලො  හපා  ගන්න  එයි  සුදනෝ  කැමති  නෑ   ඇදි  වතේවත්  ගුනයක්  නැති  උන්"
"Christi Perera","https://www.facebook.com/christi.perera.2025","මෙහෙම තමයි නානසාරත් කිව්වෙ, වැරදි වචනයක් පිටවුනොත් තමයි හොදි බේරෙන්නෙ."
"Chamara Batuwanthudawa","https://www.facebook.com/chamara.batuwanthudawa","නානසාර දෙක"
"Lional Wijesiri","https://www.facebook.com/lional.wijesiri","Oita.wadaa.un.hitiya.adaa.toyena.tunat.nati.karanna.apau Un.ada.samaawa.illanawa.titta.galla.naana.saara.wageema.titta.wrnna.ya ne.oyanam"
"Leel Mangalagama","https://www.facebook.com/people/Leel-Mangalagama/pfbid09CobocfBoFyePCo16uFjF1ueyo2vWQiuftEJjUxREsaEYZmTcr1ktsmdyTAHpaUvl","Uba mona hall pawrouwek da Wnchari awlam 🐕"
"Kosala Eshan Abeyarathna","https://www.facebook.com/kosala.abeyarathna","Baya wenna epa sadu...29 namal ජනාධිපති wenawamai..."
"Upali Sarath Disanayaka","https://www.facebook.com/upalisarath","කිසිම තැනක චීවරය පැලදන් නීතිමය වරදකරුවන් වෙනුවෙන් පෙනී හිටින්න කියල බුදුන් දේශණා කලේ නෑ..ඒව කරන්න ගියාම ප්‍රතිරෝධයක් සමාජයෙන් එල්ල වෙන එක නවත්වන්නත් බෑ..ඊට පස්සෙ තමන් අරක කෙරුව මේක කෙරුව කීවට බෑ..කල හොදක් වේනම් එය හොදයි හැබැයි ඒකට කරන නරක හිලව් කරන්න බෑ..රටේ ජාතීන් අතර බෙදීම් හදන මොකාටවත් අපිනම් ගෞරව කරන්නෙ නෑ.."
"Asanka Shanaka","https://www.facebook.com/profile.php?id=100087400504231","පෙන්නපං 🖕"
"Suriyawansa Degamboda","https://www.facebook.com/suriyawansa.degamboda","රාජපක්ෂ ලාට.   රෙද්දෙ.  ගෙවිලා.  ඇයි.  මුව.  ගෙවිලා.   තියෙන්නෙ."
"Gayan Asanka","https://www.facebook.com/gayan.asanka.601915","හාමුදුරුවනේ mulu ratema minissu dannawa oya kawda nanasara hamuduruelwo kawda kiyala..siwrak daagatta pamanin bikshuwak wenne ne..darmaya winaya anuwa weda karanna one..ohelata me dekama ne..sasane kelesanawa witarai oyala"
"Athula Perera","https://www.facebook.com/people/Athula-Perera/pfbid0RJmZYq9oDV1qJFbNJWJjUurq8LX643C5e7UAxb8tdFp7nkgm6HywdyMBeG8M8k9el","මුලින්ම හාමුදුරු කෙනෙක් විදිහට කතා කරන්න පුරුදු වුනා නම් හොඳයි. ඥාණසාරට වුනෙත් ඕකම තමයි. උඔල මොන තරම් දේවල්   කිව්වත් ඇත්ත ඕක නෙවෙයි."
"Malinda Jothirathna","https://www.facebook.com/malinda.jothirathna","හොද වැඩේ..😂😂😂"
"Pradeep Niroshana","https://www.facebook.com/pradeep.niroshana.296340","මූමොකෙක්ද මෙ"
"Kushan Shampath","https://www.facebook.com/kushan.shampath.1","Mahana weyan hu##o isslla. Ubla wage un thama ratwal kanne gon ka##yo."
"Inguru Premachandra","","Hamuduruwane, ob wahanse awurudu 10 loku sewayak karanam harima hondai. Pin sidu wewa. Namuth, e honda Wade ukasata deela duseela bikshuwakata gotta allana eka weradi neda swaminwahanse."
"Ravindra Vitharana","https://www.facebook.com/ravindra.vitharana.2025","අනුන්ට කඩේ ගිහින් පීචන් වෙනව, සිවුර තියන නිසා හොදයි ඕන බලු වැඩක් කරලා හැංගෙන්න පුලුවන් ඕවත් හරියට නියාමනයක් වුනානම් රට හැදෙනව"
"Viru Hewasinha","https://www.facebook.com/viru.hewasinha","මහා බුදු සසුණ විනාශ කරන මෙවැනි චීවරධාරින් රටට ජාතියට විනයක්"
"Jayathilaka Herath","https://www.facebook.com/jayathilaka.herath.368853","රාජපක්ෂ නිකායේ පොරවල්"
"Sarath Liyanaarachchi","","තවත් එකෙක් ෆොම් වෙන්න ට්‍රයි කරනවා.පිස්සෙක්😡😡"
"Birty Jayasuriya","https://www.facebook.com/people/Birty-Jayasuriya/pfbid02Eop5ZXrKCFkofxqmS1QN7peFuc26wRDYD1q4RQ6gtUntTb5QtgBy4GgmunqQw6QLl","කුඩා කල කන්න බොන්න නැතිව නන්නත්තාර වූ අය මහණ වෙලා දැන් ඔරොත්තු දෙන්නේ නැත"
"Tharinda Dissanayake","https://www.facebook.com/tharinda.dissanayake.1","PROJECT eke wada kohomada ban, hodata yanawada....."
"Akila Achintha","https://www.facebook.com/akila.achintha","Anungeee reddwal hoyannaa kalinn ubaaa darmikaa weyann meee wageee huththalaaa dakiddith epaa wenawaaa higanaa haththaaa🤣🤣😢"
"Chathu Kavyanjala","https://www.facebook.com/people/Chathu-Kavyanjala/100095112454639","Dathusena wageth penawa 👀 kamri sewayak karala thiyenne ratata"
"Dilusha Rathnayake","https://www.facebook.com/dilusha.rathnayake.876656","Cheewaraya kelasanna epa, budu dahama kelesanna epa"
"Anigapura Priyantha","https://www.facebook.com/priyantha.anigapura.9","oba wahanse darmika wela inna mulin pin sidda weiii👏😼"
"Sameera Fernando","https://www.facebook.com/sameera.fernando.5","""ඥානසාරගේ අඩුව පිරවීමට හිමි නමක් අවශ්‍යයි.....""😄😄 තිත්‍තගල්ලේ..සූදානමින්.."
"Chami Lesthuruge Gles","","මුණ හෝද ගනින් 😂"
"Pathum Madusanka","https://www.facebook.com/pathum.madusanka.9026","බුදුන්ට බොරු කරන හිවල.මුංට දානෙ දෙන්නෙ කව්ද බං."
"Dana Sara","https://www.facebook.com/danthanarayana.sarath","තමාට උනදේ තමාම සොයා ගනු අන් අය සෙව්වාට කිසිදු ඵලක් නැත එයයි බුද්ධ දේශණය,එතකොට තමුන් ඔය අත්සන ගන්න යන නානසාර දාර්මිකද බම් 😂"
"Susantha Wijayawickrama","","මේ හැසිරෙන එකෙක් නම් ඉස්සෙල්ලා මේ මේ රටේ නීතියට යටත් වෙන්න ඕනේ. එහෙම නැතුව මේ රටේ නීතියට යටත් නොවිච්ච එකෙක් වෙනුවෙන් කඩේ යමින් කෑගහන තප්පුලන තොපි කොහෙදෝ ධාර්මික වෙන්නේ.සිවුරු ආපු බල්ලෝ"
"Sath Jaya","https://www.facebook.com/sath.jaya.2025","මොකෙද්ද මේ සිවුරැ හොරා"
"Indarathana Deliwa","https://www.facebook.com/indarathana.deliwa","Pissek"
"Sudheera Akalanka","https://www.facebook.com/sudeeraakalanka.jayathissa","Apo me wage siwuru radawanam saasaneta puduma winasayak karanne. 😪 Me wage pisso hinda thama minisunta pansal epa wela tyenne"
"Sudesh Lakshitha","https://www.facebook.com/people/Sudesh-Lakshitha/61583198220441","මඩ criya ❌ තිත්ත criya ✅"
"Susantha Disanayaka","https://www.facebook.com/susantha.disanayaka.566","Siure garuthwaya kelesana amanyo..."
"සුපුන් බණ්ඩාර","https://www.facebook.com/9t9dg9g75c","Pissek"
"Nalaka Chathuranga","https://www.facebook.com/nalaka.chathuranga.509","මෙයත් ඉවරයි"
"Kusum Rathnayaka","https://www.facebook.com/kusum.rathnayaka.908","මහණවෙලා එන්නකෝ"
"Edirisingha Senadeera","https://www.facebook.com/people/Edirisingha-Senadeera/pfbid02GifFg1GTedLT3JCpHmN3NiGXhmL3cQcZxnsmNP94FFU6RhgEZPseoeNtSNFeWvVEl","Nodakin hiwala"
"Janaka Sampath","https://www.facebook.com/janaka.sampath.49788","මේ වගේ කාලකන්නි සාසනයෙන් නෙරපන්න ඕන. මහනායක හිමිවරුන්ට ඔන්න කරනවානම් වැඩ"
"රැවිදු උදයන්ග","https://www.facebook.com/jdt76mgzp9","සමහරක් හාමුදුරැවරැන්ටත් වෙලා තියෙන විපතක්🙂"
"Jayakody Spt","https://www.facebook.com/jayakody.spt","බුද්ධාගමට නිග්‍රහ කර කර ආයේ එකෙක් පටන් ගත්තා  !"
"Ananda Kumara Kumara","https://www.facebook.com/people/Ananda-Kumara-Kumara/pfbid0CHFfJmtvkezNEPjw9gYSiNQ8QnZq7Za2YsVAkQCCf1QNAJz1gpv41s1REWgxT4sBl","ජනාධිපති තුමා මෙන්න මේ රට ගොන් වසු පැටියා අරකත් එක්කම හිරේ දාන්න"
"Upali Senerath","https://www.facebook.com/upali.senerath.2025","හාමුදුරුවනේ. ඔයාගේ මුහුණ දැන් හොදට ම කලු වෙලා. මට හිතෙන්නේ ගොඩාක් අපල කාලයක් උදා වෙලා වගේ. රාහු බලවත් උනාම බෙල්ලෙන් උඩ අපල කාලය ආවාම තමන් කියන්නේ මොකක්ද කරන්නේ මොකක්ද ගැන වැටහීමක් නැහැ. හිත විසින් දෙන හැම සංඤාවක්ම හරි කියලා කියනවා සහ කරනවා. ඔබ වහන්සේ ට නරක කල දසාවක් ලබලා මගේ හිතේ."
"Ashraff Mohamed Jiffri","https://www.facebook.com/people/Ashraff-Mohamed-Jiffri/pfbid0FvMeGXoHHzWH1cRDnjCVr8YVPysh7hLocdSsR8WZDXsmAgtktPo1nHpWe9hKgssBl","Ane හාමුදුරුවනේ කඩේ යන එක නවත්තන්න"
"Visakha Wanigasooriya","https://www.facebook.com/people/Visakha-Wanigasooriya/pfbid0FdeWhXKmFYutN1NgNvJQ2uqNGnbpbgC4yBQPku7paAtPpshXXZTgELWXnVfxwcqAl","නිවන් මග කෙසේ වෙතත් තව විරූපී ශරිරය ක් එක්ක උපතක් ලැබිය හැකි යි."
"Sanjeewa Ranasingha Arachchi","https://www.facebook.com/sanjeewaranasinghe1985827","තග දාලා ජනාධිපති සමාව ඉල්ලන්න හදන මුන්ගේ අරමුණු ඥාණසාර හාමුදුරුවෝ හිරේ යවන එක."
"Fazil Gany","","Bebaddek නිසා ඔය කඩේ යන එක තමයි අවුල... ඔයා daarmikada කියලා බලන්න"
"Vijith Gamage","https://www.facebook.com/vijith.gamage","Galaboda’s replacement😀"
"Trishane Mirando","https://www.facebook.com/trishane.mirando","ඊලගට පල්ලේගම රතන  වෙනුවෙන් අත්සන්  ගමු හාමුදුරුවනේ"
"Manjula Samantha","https://www.facebook.com/manjula.samantha.501","සිවුර දාගත්ත පිස්සෙක් එක්ක මොන කතාද"
"Suchitha Deera","https://www.facebook.com/suchitha.deera","නිවන කැලේ මාන්නය උපරිම..."
"Shiromi Shiromi","https://www.facebook.com/shiromi.shiromi.7370","ලගදීම කන සින් එකක් තියෙන්නේ"
"Sunil Shantha","https://www.facebook.com/sunil.shantha.393276","Amu pissek"
"Kanishka Maduranga","https://www.facebook.com/kanishka.maduranga.357","බැක්ග්‍රවුන්ඩ් එක සුදු කරපන්. මූව පේන්නෙ නෑ"
"Rasika Udayangani","https://www.facebook.com/rasika.udayangani.986635","Rate nayakayata gaurawa thiyala katha karanda danne nathi katak"
"Hemachandra Waradala","","පිස්සු කහකඩ"
"Madduma Wellalage Sanie","https://www.facebook.com/people/Madduma-Wellalage-Sanie/pfbid02iyhqheSWXpG267iXsUECSPRYECocovGJgAWKAu4DCLk5UMTA1bvsiG6fHoaQ8RZDl","පිස්සො කලබල වුනාට දොස්තරලා කලබල වෙන්නෙ නැහැ නියම බුද්ද ශ්‍රාවකයෝ බුද්ද පුත්‍රයෝ ඉන්නවනම් බුද්දාගම බේරගන්න මේ චීවරදාරීන් සසුනෙන් එලවන්න"
"Nilantha Atapattu","https://www.facebook.com/nilantha.atapattu.2025","Natana nadagamak oyasiwra galawathiyala Matapan musalaya wadikal nogihin oyahoraganayo hodapadamak iganaganna hadanne janathawa thawamath iwasagena inne"
"Buddhika Rajapaksha","","ඇයි බණ වලින් ගහගන්ඩද 😁"
"Ajith Fernando","https://www.facebook.com/ajith.fernando.792","අනේ පලයන්"
"Lester S. Rupasinghe","https://www.facebook.com/lester.rupasinhe","තිත්තෙ මහන වෙන්න"
"Chinthana Ramasinha","https://www.facebook.com/chinthana.ramasinha","T-shirt aken thama lassana😂😂"
"Prabodha S Hettiarachchi","https://www.facebook.com/prabodha.sandaruwan.3","තවත් පිස්සු උට්ටෙක්"
"Dhanushka Weerasinghe","https://www.facebook.com/dhanushka.weerasinghe.9406","Pala awajathaka පරයා"
"Geeth Nishantha","https://www.facebook.com/geeth.nishantha.985183","පියුම් හංසමාලිට සිවුරු අන්දල වගේ"
"Mihilal Nishantha","","බෙහෙත් ගනින් මානසික වෛද්‍යවරයෙක් හම්බවෙලා face to face එන්න කියපු අය ගොඩක් ඉන්නවා ප්‍රථිකාර ගතයුතු."
"Ari Manage","","උඹල  කරන තුප්පහි වැඩ උඹලට  තේරෙන්නෙ  නෑ. .බලාගන ඉන්න අපිට තේරෙනව උඹල. සිවුරට.මුවා උන.හොර. ,දූෂිත ,විනය විරෝධී වැඩ කරන  ශාසන පාලුවො කියල ."
"Dhammika Sugeeswara Wijayaratne","https://www.facebook.com/dhammika.sugeeswara.wijayaratne","මිනිස්සුන්ට යම්කිසි පිලිගැනීමක් තිබුනානම් මේ හාමුදුරුවෝ ගැන දැන් ඒකත් විනාශ කරගත්තා. නානසාර දැන් දෙකට ගනින්න බෑ වගේ කතා කරාට .එයාගේ සක්කිලි කට දඩුවම අයින් කරපු ගමන් ආයිත් වැඩකරනවා.ඒ යහපතට  නෙවෙයි"
"Sumith Kumarasuriya","https://www.facebook.com/sumith.kumarasuriya.3","thoge ewa apita monatada buruwo"
"Chari D Ranawaka","https://www.facebook.com/charitha.ranawaka.3","ඉස්සරවෙලා මහනවෙයන් පගයා"
"Aruna Batagodage","https://www.facebook.com/aruna.batagodage","මේක මාධ්‍යයේ දැම්මාට මෙයා ඒකට වැටෙන ජනතා අදහස් බලනවද මන්දා , බලනවනම් ආයෙ මයික් ඉස්සරහ මේ වගේ මෝඩ චූන් ගන්නෙ නෑ"
"Shan Perera","https://www.facebook.com/shan.perera.423140","Mokedda ban muuu"
"Saliya Mirihagalla","https://www.facebook.com/people/Saliya-Mirihagalla/100086736034011","🙄🙄 ත්‍රිපිටක විශාරදලා ධර්ම පකීර්ලා 🤔🤔 රාජපක්ශ නිකායේ ශ්‍රමනවේශධාරින්ට අටලෝදහමෙන් කම්පානොවී සිටීමට 😁😁 සැබෑවට ධර්මය අවබෝධ කරවීම  🙏🙏  උගන්වන්නෙත් NPP ප්‍රමුක AKD ආන්ඩුව 😁😁"
"Dhammika Kumara","https://www.facebook.com/dhammika.kumara.528050","කවුද me kalen kaleta asila chara chiwara dariyan, mona de unath sanwarawa විනයක් තියාගෙන katha karannako, කවුරු unath me rate පළවෙනි පුරවැසිය සහ rate ජනාධිපති , රාජපක්ෂ lage puka lewakanawada ehenama hama අසාධාරණයක් වෙනුවෙන් පොදුවේ පෙරට enna, arun meun හැමෝම වෙනුවෙන් katha karannako, ane හාමුදුරුවනේ wadinam කකුල් deka අල්ලාගෙන ,ath harima සැපත නොපැතිම දුක් විදිම ,ජනතාව දුකින් මුදවා ගැනිම, ඔවුන් තුල දර්ම විනයක් ආකල්ප හා ගෘහස්ථ සංවර්ධනය වෙනුවෙන් කකුල් දෙකේ කරගැට එනකල් පය්න් වැඩලා දානේ දුන් නොදුන් ගෙදරකට ගිහින් පිරිත් නුලක් බැදලා ඔවුන්ගේ හිත් සුව කරලා විනය හදාගන්න නොඑන පංසලට මිනිසුන් ගෙන්නගන්න විදිය ටිකක් කල්මනා කෙරුවොත් නරකද, මේ වදින්නම් අපේ හදුරෙවනේ තවත් ganasara kenek wenna epa please , සාදු සාදු සාදු 🙏"
"Gayan Nandika","https://www.facebook.com/people/Gayan-Nandika/pfbid0eKqquQ4PqnwGgcLwqbfDxaCyMATZDWcMz1GFjpY85tkw7M8yH4CoXFJL5LFd6xHl","Oba wahansege srawakayek wunoth Aniwaryen NIWAN yanna puluwan, LIGHT"
"Chanaka Wedagedara","https://www.facebook.com/chanaka.niroshan.180","Pissu httk"
"Rohana Silva","https://www.facebook.com/rohana.silva.752","හාමුදුරුවො සිවුර ඇදං ඔය වපුරන්නේ කරුනාව දයාවද"
"Dilusha Priyadarsna","https://www.facebook.com/dilusha.priyadarsna","Niyama bahirawaya mu ..."
"Harsha Ramanayaka","https://www.facebook.com/harsha.ishan.399","අධාර්මික අනුර ද ඔයා ද කියලා පේනවා ඔච්චර දගලන්නෙ කාව බේරගන්නද කියල බලුවම"
"GV Amitha","https://www.facebook.com/gv.amitha.2025","මොකාද මේ ගස්ඛල්ලා"
"Prabash Jayasekara","https://www.facebook.com/prabash.jayasekara.7","අලුත් පිස්සා"
"Kapila Bandara","https://www.facebook.com/kapila.bandara.5623","Hoka kanana eken lewakanna denawa ekata kutha guna salakanawa"
"Srimal Sandaruwan","https://www.facebook.com/srimal.sandaruwan.755512","මචං ඉස්සරල කියපන් ගලහොඩට කැලේ කට්ටි පනින් නැතිව උසාවියට ඇවිත් නීතියට යටත් වෙන්න කියල ඌ ඔය තාමත් කරන්නේ ඒ කහකඩය නීති පිලිපදින්නැති එකෙක් කියල..ඉස්සරල ඌට නීතියට භාර වෙන්න කියපන්..ඊට පස්සෙ සිවුරක් දා ගෙන මහනවෙලා උබ අත්සන් එකතු කරපන් ගෝතයා."
"Sampath Dammi","https://www.facebook.com/people/Sampath-Dammi/100011398266471","බුදුන්ට ගරු කරනවා, ආගම අදහනවා...ඒත් උබලා වගේ නරි දැක්කම....කළකිරෙනවා.... හදවතට එකගව අහලා බලන්න...ඔයා ඔය කරන්නෙ වර්තමාන භික්ෂු භූමිකාවද කියලා... ලැජ්ජයි මනුස්සයෝ ...... හොරා කෑවා නම්, මහින්ද කලත් අනුර කලත්, රනිල් කලත් ඒක හොරකම මයි...පුද්ගලික ලාභ ප්‍රයෝජන සදහා එක එකාට කඩේ යන එක නතර කරලා දැන්වත් මහණ වෙන්න බලන්න...නැත්නම් සංසාරය තවත් දිගු වෙයි.... ඔන්න මම බණ කිව්වා...."
"Axoon Runner","https://www.facebook.com/mardy.wick","Awajathaka, kriya"
"Udly Ishantha","https://www.facebook.com/udly.ishantha.73","Axoon Runner කවුද තෝද පොන්නයො"
"Wijesiri Kuruppuge","https://www.facebook.com/wijesiri.kuruppuge","වනචාරීයෙක් තවත් එකෙක් මොංගල් බඩුවක්"
"Mahesh Chinthaka","","මේ කොහේ ඉදන් ආපූ කහකඩයෙක්ද"
"Amith Niroshan","https://www.facebook.com/amith.niroshan.94","පිස්සු මිනිහෙක්"
"Anangaya Anangaya","https://www.facebook.com/anangaya.anangaya.709956","ගානට වැඩියෙන්  දානේ දුන්නම   මෙහෙම  අවුල්  යනවා"
"Sampath Kumarathunga","https://www.facebook.com/sampath.kumarathunga","Uba dasaraaja darmaya ape janaadhipathigen  igena ganin mulinma."
"Pavinda Medagoda","https://www.facebook.com/pavinda.medagoda.2025","නිදහස awabawitha කරන සුදු van pappalage පිස්සු බල්ලන් ගෙ කෙඳිරි"
"Kalum Deshappriya","https://www.facebook.com/kalum.deshappriya.9","අපිට වැඩක් නෑ,,අනුර ධාර්මික ද , අධාර්මික ද අපිට ඕන අනුර රට. හදනවද නැද්ද කියලා විතරයි."
"Prasanna Prasanna","https://www.facebook.com/people/Prasanna-Prasanna/pfbid02UDc9tw5D3VUMfwkv1kxdPuYFUtm7gnheKY5bM9J3A4775Uv2sq6AEzmRan4EnsTVl","Ado ganayo palei bashwen deshana krapan uba kauda? Porakda?"
"Nsk Sanjaya Kumara","","අදාර්මික කෙසේවෙතත් ආවොත් මෙයා අල්ලලා මහණ කරනවා ශුවර්....."
"Niranjana Vishwanath","https://www.facebook.com/niranjana.vishwanath.2025","කවුද බන් මේ මුන් අනුන්ට අදාර්මික කියනව මුන් පන්සිල් පද පහවත් දන්නෙ එකෙක්ද.මුන් මේ චීවරේ ඇදගෙන කරන්නෙ අනුන්ට කඩේ යන එක .මුන් සිවුරට මුවාවෙලා කරන දේවල් එලිවෙනකොට එකා එකා ගෙවලයො වගේ එලියට එනව"
"Manju Jayasooriya","https://www.facebook.com/people/Manju-Jayasooriya/pfbid0Ej1SBqYPmyyMS6N81B76c9CX7jtvwmJNWdJQ7Ndvet31k8GYESHq91B97SjZbMBjl","අපේ හාමුදුරුවනේ ධන රාජා එක්කත් විවාදයක් ඕන ❤️❤️"
"Ruwan Herathge","https://www.facebook.com/herathge","එකෙක් යනකොට තව එකෙක් එනවා සාසනේට අඩුවක් නම් නැ🙈"
"Don Lakmal Asiri Nawalage","https://www.facebook.com/Asirinawalage","කවට අන්දරේ පරාදයි දැන් නම්"
"Dammika Gunasekara","https://www.facebook.com/dammika.gunasekara.75","පිළිල"
"Chandana Dammika","https://www.facebook.com/chandana.dammika.980","Pissek mahana une mokatada kiyalawath mathaka nathi ."
"Sujeewa Deepani","https://www.facebook.com/sujeewa.deepani.73","අධිකරණය තීන්දුවක් විවේචනය  කිරීම,තීන්දුවකට  විරුද්ධව  ජනතාව  පෙල ගැස්වීම අධිකරණයට  අපහාසයක්  නෙමේද??????"
"Zoysa Priyantha","https://www.facebook.com/zoysa.piyantha","බුදු බනෙන් කිව්වානම්  රාග , ද්වේෂ , මෝහ ඉතාම  ඉතාම වැඩි වෙලා ,ඒක අඩුකර ගන්න .."
"Jeewan Delipa","https://www.facebook.com/jeewan.delipa","මුලින්ම ඇවිල්ලා නෑමොල් නිදහස් කරන්න කිව්වා මිනිස්සු සද්ද නැතුව හිටියා ඊට පස්සෙ නානසාර නිදහස් කරන්න ලු මුන් කියන කියන විදිහට කරන්න ආන්ඩු ඕන නැහැ නේ අනික උබලට ඕන වැඩ උබලා උබලගෙ ආන්ඩු කාලේ කර ගත්තේ මදිද  එතකොට බුදුරජාණන් වහන්සේ කියපු දේවල් මතක නැති උනාද 😀😀කෙදිරි ගාන්න නං එපා 😀"
"Asela Wijekoon","https://www.facebook.com/people/Asela-Wijekoon/100005569608954","ලංකාවෙ බල්ලෙක් ඇවිල්ල බිරුවත් මයික් දහය්ක් විතර අල්ලන මාධ්‍ය සංස්කෘතියක් තියෙන්නෙ. ♻️🚶"
"Sisira Thilakarathna","https://www.facebook.com/sisira.thilakarathna.96","මෙන්න මෙයාගේ මූන දැක්ක ගමන් පේනව කුහක ජාතිවදී රාජපක්ෂලාගෙ අසූචි බුදින චීවරදාරියෙක් බව....මෙයාල නම් මේ සාසනෙන් නෙරපන්නම ඕනි....🤨🤨🤨🤨"
"Sisira Priyantha","https://www.facebook.com/sisira.priyantha.137586","මුන් ඕක්කොම රාජපක්ෂ  නීකායෙ ජඩයො"
"Susanta Samraweere","https://www.facebook.com/susanta.samraweere","Ane pako  kelinma kiyapanko mama R j ta puka denawa kiyala gotaya💩💩💩🐂🐂🤮🤮"
"Thushan Tharisha Ganegama","https://www.facebook.com/thushan.ganegama","ශිල් සමාදන් වෙමුද?"
"Jayanath Manjula Kularathna","https://www.facebook.com/sanju.kumara.9889","Uba mokekda bn siwra galawala waren  uba puluwanam"
"Lahiru Sandaras","https://www.facebook.com/lahiru.sandaraes","පිංබතාට තරහ ගිහින් වගේ😂"
"Sujeewa Mayadunna","https://www.facebook.com/sujeewa.mayadunna.5","Pala pakaya"
"Charith Madusanka Withanachchi","https://www.facebook.com/charithmadusaanka.withanachchi","Redi natuwa kade yanawa onna abhidarmaya berenawa"
"Pradeep Kumara Athukoralage","https://www.facebook.com/pradeep.kumara.athukoralage","Charith Madusanka Withanachchi සිද්ධාන්ත 100000% ප්‍රායෝගික -100   හරියට Prasad Mudalige වගේ"
"Sriyani Nanayakkara","https://www.facebook.com/sriyani.nanayakkara.240052","අපිට  වෙන  වැඩ  තියෙනවා.  සිවුර නිසා   පව්  කරගන්න   බැහැ.  නැත්නම්    කියන්න   ගොඩක්  දේවල්   තියෙනවා    හාමුදුරුවනේ ."
"Anura Dombawela","https://www.facebook.com/anura.dombawela.1","මොකද සද්දෙ ඊලගට ලිස්ට් එකෙ ඉන්නෙ ඔබවහන්සේ ද"
"W Shantha Wellage","https://www.facebook.com/w.shantha.wellage","එකදෙයක් කියන්නම්  උබත්  ඤානසාරට වැඩිය සතෙක් //"
"Lasantha Gamalathge","https://www.facebook.com/lasantha.gamalathge.5","වඩා හොඳ ජීවනතත්වයක් අපෙක්සාවෙන් බලාපොරොත්තු දල්වා සිටින ජනතාවගේ ගමනට බාදා පමුනුවන්නෙක්....."
"Premalal Rajapaksha","https://www.facebook.com/premalal.rajapaksha.993454","Ubala hugakdenek dagaluwata pichanwela iwerai"
"Ravindra Ranathunga","https://www.facebook.com/ravindra.ranathunga.71","සෝම හාමුදුරුවෝ අශ්‍රොප් ඇමතිතුමත් එක්ක කරපු සාකච්ඡාව බලන්න"
"Dilshan Pathum","https://www.facebook.com/dilshan.pathum.344862","මූට නාන්න කියපන් බං"
"Jayantha Janapriya","","පිස්සුද. මෙයාට.."
"Gamini Perera","https://www.facebook.com/gamini.perera.7","කස්සා වෙනුවට තිත්තා…."
"Roshan Ruwan Kumara","https://www.facebook.com/roshan.ruwankumara.33","මොකද වුනෙ කියලා අපි කියන්න ඔනි නැනෙ කර්මය පඩිසන් දෙනවා කියලා දන්නවනෙ"
"Sampath Dayawansha","https://www.facebook.com/sampath.dayawansha.96","ඥාණසාර part 2 😃 😀 😄"
"Padma Kumara","https://www.facebook.com/people/Padma-Kumara/pfbid02NMRATd5FAyPwfj3GJzWHSEgZWQE1tGN4Q9dz2LgtQp2a1B4sT4c6T43ZjixXUqz9l","Ane parayo lebena pinbathtika gilala paaduwe hitapiyako parayo.rate palakaya thoragaththe janatha chandayen thoge kalakanni kamata kanna nethuwa mahana una nam sasane winasha nokara paduwe hitapiya"
"Chamil Prasanna","https://www.facebook.com/cham.chamil","අටලෝ දහමට කම්පාවෙලා😂😂"
"Anuradha Withanage","https://www.facebook.com/anuradhawithanage2","Taman hariyata budu dahama  dannathuva kiyanava anun gana"
"Inoka Priyangani","https://www.facebook.com/people/Inoka-Priyangani/pfbid02QZ5pxYMnSGRzKKWkqYBMSNDERiWGRekC1ReyyHBdouY5ZTPmCCwNtdMR29FTAj2Pl","මේ අනිත් පිස්සා"
"Ishan Asanka","https://www.facebook.com/ishan.asanka.39","උනේ උබ පිස්සු වැටිල"
"Maithree Bandara","https://www.facebook.com/maithree.bandara.12","හාමුදුරුවනේ දේශපාලනයට පැත්තක තියල ටිකක් භාවනා කලොත් යහපති."
"Sathish Lankadewa","https://www.facebook.com/sathish.lankadewa.1","එකෙක් යනකොට එකෙක් එනො මේ නිගන්ටයො....යකෝ බනක් බාවනාවක් කරන් හිටපන්කො...හැමදාම මයික් ටිකක් ගෙනත් තියන් වැලලෙන්න හදන්නේ..😆😆😆😆😆"
"Sunil Eranga Sunil Sunil","https://www.facebook.com/people/Sunil-Eranga-Sunil-Sunil/pfbid02PyLYEgWKj9pxnNnEkrrT5bwHe6786d39UVXDL5dw4T7SQzmpUEA8X1ri8Edsc1i5l","Kalakanni yek"
"Hutch Hutch","https://www.facebook.com/hutch.hutch.2025","මු සුප්පුවා සුප්පුවා සුප්පුවා"
"Suranga Silva","https://www.facebook.com/suranga.silva.71","තො මොකෙක්ද පින් බතො අනුර එක්ක"
"Yoshika Kehelpannala","https://www.facebook.com/yosh384","මල කරදරේ. කවුරුහරි මූව මහන කරපල්ලා.."
"Danushka Abeysinghe","https://www.facebook.com/danushka.abeysinghe.92","ඒකත් රිපොට් ගහනවා 😂"
"Gayan Prasanna","https://www.facebook.com/gayan.prasanna.188","මූට දැන් හොදටම ට්‍රැක😁😁😁😁"
"Ajith Senarathne","https://www.facebook.com/ajith.senarathne.505","මොන මගුලටද එහෙම අධාර්මිකනම් ජනාධිපතිගෙන් සමාව ඉල්ලන්නෙ"
"Asoka Asoka","https://www.facebook.com/asoka.asoka.902811","Oba thaniyama.nam pare yannr apa guti kala marene"
"Sandun Maduranga","https://www.facebook.com/sandun.maduranga.7798","සිවුර දාගත්තු තට්ටය"
"Ruwan Jeewan De Silva","https://www.facebook.com/ruwan.jeewandesilva.9","බුදුරජාණන්වහන්සේ ඔවද දෙශනා කරේ"
"Chanaka Pathirana","https://www.facebook.com/chanaka.pathirana.252459","Duplicate නාන සාර 😁😁"
"Nadun Priyanka","https://www.facebook.com/nadun.priyanka","මේ රහත්වුනා , ධර්මඵළ ලැබුවා ගියන ගොඩක් අයට .. අන්තිමට traca පනින්නෙ ඇයි 😃"
"Rachith Perera","https://www.facebook.com/rachithpererafb","Page එකේ link එක දාන්නකෝ😏🙏"
"Saman Pathmasiri","https://www.facebook.com/saman.pathmasiri.73","මහන උනානම් ඒ වැඩේ කරගෙන හිටහල්ලකො."
"Lalith Vasantha Kaluthanthri","https://www.facebook.com/lalithvasantha.vasantha","Lassanata.apu.rata.keva.mun.aurudu.2"
"Thusith Jayawardana Thusith Jayawardana","https://www.facebook.com/thusithjayawardana.thusithjayawardana","තිත්තගල්ලේ දකිද්දිත් තිත්ත අමු අපතයෙක් 🤮🤮🤮🤮🤮🤮🤮🤮🤮🤮🤮🤮🤮🤮🤮🤮🤮🤮🤮🤮🤮🤮🤮🤮🤮🤮🤮🤮🤮🤮🤮🤮🤮🤮🤮🤮🤮🤮🤮🤮🤮"
"佐藤D","https://www.facebook.com/chinthana.sato","pala kari ganaya🤮🤮🤮"
"Chalana Madusanka","https://www.facebook.com/chalana.gunasingha","Yakkutigala 😋😋😋😋"
"Kumarasiri Hitihamy","https://www.facebook.com/kumarasiri.hitihamy","Ubala wage pissoth ekka wadakaranna Anurata pissu naha.  Ghanasara hire dannama one."
"Sunil Nandasiri","https://www.facebook.com/sunil.nandasiri.66448","Oba waladana danyak lasa dana bath patha.aa nesa kanta mahawa karanta."
"Laxman Keerthirathna","https://www.facebook.com/laxman.keerthirathna.2025","Oya wage kagahpu Aya  walikada yanna baye Dan misin .Dan kediri ganawa .danma pattakata wela labena dana tikakkal bank kiyan inna.kelaunama kediri gannatiwa"
"Hj De Zoysa","https://www.facebook.com/hj.dezoysa","ඉතින් හොදයි නෙ ඔයා කරන්ට ඕන දේ අත ඇරල තගාලට උදව් කරන්නෙ. දේශනා නතර කරලද"
"Salinda Liyanaarachchi","https://www.facebook.com/dushan.salinda123","ගලබොඩයා ධාර්මිකයි කියලා ඔප්පු කරන්න බැලුවා නම් මීට වඩා හොදයි නේද සංඝක්කාරයෝ.ප්‍රේමදාසගේ කාලේ වගේ රජාගේ ධාර්මික කම හොයන්න ගියා නම් තිත්තයා ටයර් සෑයක තමා"
"Thisara Sayuranga","https://www.facebook.com/thisara.sayuranga","ඊට කලින් තමුන් ධාර්ම්ක වෙන්න ඔහු ගිහියෙක් ච්වරේ දාගෙන කන්නේ ම්නිසුන්ගෙන් දායක සභාවේ නැතිනම් මරණෙටත් වඩ්න් නෑ අධ්කරණ තීන්දුවට එරෙහිව නම් පා ගමනින් ජනතාව ළගට ලැජ්ජයි අපටත් ආගමටත් කෝටියක් සංවර භික්ෂූන්"
"Harsha Hemal","https://www.facebook.com/harsha.hemal.5209","මූට පිස්සුව වැඩිවෙලා"
"Vajira Dambullage","https://www.facebook.com/vajira.dambullage","කාලෙන් කාලෙට එන ශාප"
"Nirosh Anuradha","https://www.facebook.com/nirosh.anuradha.39","ලැජ්ජයි සිවුර දාගෙන සිටීම ගැන 🤣🤣🤣"
"Lata Shree","https://www.facebook.com/lata.shree.148","Pinata kaala thele wediwela"
"Dias Prabash","https://www.facebook.com/people/Dias-Prabash/pfbid0WR4EXuPTiquDuJaMvf34BXPZXwirxNs6hXRVDCme2KtmtM7g7i4YKKHsfUqXpLDil","ෆේස් එක දැක්කම අපිට තේරුම් ගන්න පුළුවන් 🤔"
"Rukmal Tissa","https://www.facebook.com/people/Rukmal-Tissa/pfbid02Sw8EpiLutvWKmYRsuuRViYr551fXj9zqoSBEh7XYxr8FHLW4tMSR6prAYiQnyJkel","අවුරුදු හයක්  සිරගෙට"
"RM Ranathunga","https://www.facebook.com/people/RM-Ranathunga/pfbid02WHxRkGnr714fFngmYsVUm7VvN7wKjkUgSWks7jQUdazJiUcXacM78cxj5PrQjZqml","පේස්බුක්.කොමටිබලකායවල්හදාගෙන..ආන්ඩුවටවිරැද්දව.අරගලයක්හදල.හොරැබලයටගේන්නහදන්නෙ.උබටත්අවසානෙවෙන්නෙ.කස්සපට.නානසාරටවගේ.කුනුකුඩයතමා"
"Sugandika Nadeechani","https://www.facebook.com/sugandika.nadeechani","Sanga mara kalliya mun tamay."
"Bandaranayake Jayasingha Arachchilage","https://www.facebook.com/people/Bandaranayake-Jayasingha-Arachchilage/pfbid037xcaqCyqHKQj9JjvncjEbcRStJUxsrebM59UfXf4sRA7ZJ97f6tkh9azB4cbKrPMl","ආයේත් අටමගුලක් පටන්ගෙන"
"Thilina Rajakaruna","https://www.facebook.com/thilina.rajakaruna.2025","Muuge lokuu waradak kawru ho danagen tyee..aaka eliyata daai kiyala muuwa watee yawanawa mn hithanne.."
"Ravi Jhon","https://www.facebook.com/kumara.n.g.r.saman","තිත්තෙගෙන් අභිධර්මය ඉගෙන ගත්තු උන් ???? 😁😆🚑"
"Rasanga Sangiwa","https://www.facebook.com/people/Rasanga-Sangiwa/pfbid02akg7cPkwQyYWSRWfETR1vYDmfHRi5osMAQdCyHTRehp5ehBNJi2SZ7rscxv38XSJl","mayawaht hira දාන්න ona."
"Dilranga Thennakoon","https://www.facebook.com/dilranga.thennakoon.9","Oya wagema sajithuth awa 🤣.Hodama eken illan kanna hadanne"
"Tharanga Ruwan","https://www.facebook.com/tharanga.ruwan.744157","Aurudu ganakata yawanna ona"
"Anandha Abeywickrama","https://www.facebook.com/people/Anandha-Abeywickrama/pfbid0J2EbUi5mMS3FnB1XhzD1Q3UiFhe1cGxhb7Pm6U4HBjRFvajLVAkXYUSG23CBXNNTl","මේ මොන හාල් කෑල්ලක් ද. ??."
"Lahandapurage Jayantha","https://www.facebook.com/lahandapurage.jayantha.7","නානසාරල නැතිවීගන යනකොට උඹල වගෙ හරක් මතුවෙනව  මොකද ඉක්මනින් ප්‍රසිද්ධ වෙන්න පුලුවන් කියල හිතාගෙන"
"Dushan Sanjeewa Kumara","https://www.facebook.com/people/Dushan-Sanjeewa-Kumara/pfbid0hRwB53Jq1CM5Y3Qn3L2FTUBkQadh4VKK6gsUaREwhoLPdT1aafqZHhWNQs4WZCe8l","Mun haamuduruwaruda"
"Nuwan Tharanga","https://www.facebook.com/nuwan.tharanga.98871174","බුද්ධ ශාසනයේ විනාශ කිරීමට රාජපක්ෂ නිකායට බැඳුණු තවත් නාටකයක්"
"Ranjani Wijesinghe","https://www.facebook.com/ranjani.wijesinghe.75","න්‍නානාසාරය කරපු එකම සේවය කුනුහරුප යෙන් බැන වැදීම සාමාන්‍ය මිනිහෙක් වගේ ගුටි කෙලගත්ත එකයි ජාතිවාදය අවුස්සා බේද බින්න කලා වෙන නම් කරපු දෙයක් නැහැ ආ බුද්ධ චීවරය අගවුරව කරපු එක ඒ නිසා සමාවක් නෑ"
"Dhanushka Madhushanka","","ආලවක වගේ..😁"
"Mahindapala Kg","https://www.facebook.com/mahindapala.kg","Pala.kahakada.thithaya."
"Saman Aberathna","https://www.facebook.com/saman.aberathna.94","Siurak dagatta tattayek kade yanava 😂"
"Kasun Wenura Rodrigo","https://www.facebook.com/kasun.rodrigo.520","ගොඩාක්ම දහම දැනගත්තහමත් ට්‍රැක පයිනවා වගේ, මධ්‍යම ප්‍රතිපදාව හොඳයි වගේ."
"Sajeewa Ruwan Kumara","https://www.facebook.com/sajeewaruwan.kumara","මෙම ස්වාන්වහන්සේට ඉක්මනින්  මානසික ප්‍රතිකාර අවශ්‍ය වෙයි...වගේ"
"Sarth Dias","https://www.facebook.com/people/Sarth-Dias/pfbid02F8pEAoB6jS1mXRSdZesg5M3kcMUXQhNRYKitY1G4zcG11JHWeaeX3PQp1va9b5V1l","අනූර.සිවුරුදාලානෑනෙ. ඔය.කියන.බෞද්දයා.සුවුරෙ.ගරුත්වය.රකින්නකො.අනූන්ට.බනකියන්න.කලින්.තමන්.දර්මයෙහැසිරෙන්න"
"Lal Susantha","https://www.facebook.com/lal.susantha.50","Mu pissek"
"Lahiru Madhusanka Samarakoon","https://www.facebook.com/lahiru.madhusanka.5","මු මේ ⁣දගලන්නේ ගලබොඩ ඇතුලට  ගියාම මු පොරක්  වෙන්න"
"Anura Senarathna","https://www.facebook.com/anura.senarathna.784807","Sadda walata bayawei Ane huke"
"Sarath Vijesinhs Gunathilaka Gunathilaka","https://www.facebook.com/sarath.vijesinhs.gunathilaka.gunathilaka","Kabbo Dan foam wela 🤣🤣🤣🤣"
"Nirosh Sampath","https://www.facebook.com/nirosh.sampath.731","Pissek oba amathai"
"Ravi Prabath","https://www.facebook.com/ravi.prabath.2025","Samatayage copiya"
"Suresh Maduranga","https://www.facebook.com/suresh.maduranga.605020","කින් කොන්"
"Nihal Samarasuriya","https://www.facebook.com/mahatelge.nihal.1","MOOTATH JAMPARE  ANDANNA ONA KARANA WACHALA KATHA WALATA"
"Chandrapala Samaravickckrama","https://www.facebook.com/people/Chandrapala-Samaravickckrama/pfbid0V4KG6YarXYDFtxoi9rm8CyN1v6yrB7TyAX1WKY3s9vYYNCMdahPmTBoDyPgEKTsUl","තට්ට හුත්ත,"
"Anuruddha Lakshitha","https://www.facebook.com/anuruddha.lakshitha.5","හොදට හිටිය හාමුදුරුවෝ කෙනෙක් පස්සේ කාලෙක හොදටම අසනීප වෙලා දැන් මරු කියවනවා"
"Samantha Kumari","https://www.facebook.com/samantha.kumari.7393","තවත් පිස්සෙක් කරුණාකරලා සිවුර ගලවලා ඔින නාඩගමක් නැටුවනමි හරි අපට පවි නොදි"
"හේමන්ත නිලූෂා","https://www.facebook.com/hemantha.nilusha","මෙයත් ඇතුලට දැම්මනම්, ශාසනයට සෙතක් වේවී......නැතිනම් ඉතින් ශාසනයටත්.....!!!!"
"Rashitha Jeewantha","https://www.facebook.com/rashitha.jeewantha","කියනෙකා ඊට හපන් වගේ"
"Namal Jayashantha","https://www.facebook.com/namal.jayashantha","මේකාලයේ දැක්ක නිකම් පීචන් චරිතයක් 😝"
"Gayan Nadeesha","https://www.facebook.com/gayan.nadeesha.92","අනේ පව් අර සුදස්සන හාමුදුරුවෝ.. මෙයා එක්ක සෙට් උනොත් උන් වහන්සේටත් බඩු පැකට් වෙනවා. බණක් අහන්න කෙනෙක් නැති වෙනවා. මේ වගේ මෝඩ හරක්ට වැඩක් කරගන්න දන්නේ නැති හැටි. යකෝ ජනාධිපති සමාව ඉල්ලන්නේ ඔහොමද. ලැබෙන්න තියෙන සමාවත් නැති වෙනවා බං.. 🤣 නානසාරත් එක්ක තරහක් තියෙනවද මංදා මුංට..."
"Chathura Nirosha","https://www.facebook.com/chathura.nirosha.2025","ශාපේ 😂"
"Dulaj Senarathna","https://www.facebook.com/sisira.senarathna.792","uba echcharama darmaya gana danna ekek nm uba mahana una hethuwa kiyapan salli hoyanna neda mahana une"
"Dinesh Harsha","https://www.facebook.com/Den3z","අත්සන් ටික එකතුකරගන්න බැරිවේගන එනකොට විකාර නටනවා"
"Rohan Sanjeewa Rohan Sanjeewa","https://www.facebook.com/rohansanjeewa.rohansanjeewa.90","Ape hamudhuruwo"
"ස්වර්ණලතා හේරත්","https://www.facebook.com/people/%E0%B7%83%E0%B7%8A%E0%B7%80%E0%B6%BB%E0%B7%8A%E0%B6%AB%E0%B6%BD%E0%B6%AD%E0%B7%8F-%E0%B7%84%E0%B7%9A%E0%B6%BB%E0%B6%AD%E0%B7%8A/pfbid02kVjCEzkroAY8SpAQoHNLa5Zni7H5havSA6vAY5bs5NPXhxZgiSFqUy5YN937kHWFl","පිස්සුද හැටිද ගොනා උඹ වැඩ කලාද නැද්ද කියන්නේ උඹ නෙවෙයි"
"Danushka Danu","https://www.facebook.com/people/Danushka-Danu/pfbid02qZcWocPUt3kT4Cm25gzK9LyGVevWzEvLXzpWxRThdETqMAzyQZEWhynBvj5Ca9fel","අනුර කුමාර පැවිදිවෙලා නැනෙ එය අදාර්මික උනා කියමුකො.ඔබවහන්සෙ පැවිදිවෙලා අදාර්මික විදිහටනෙ හැසිරෙන්නෙ අනුන් ගැන හොයන්න කලින් ඔබ වහන්සෙ ඔබ වහන්සෙ ගැන පොඩ්ඩක් හොයල බලලා දර්මය අනුව ජිවිතයෙ ගතකොරොත් ඉතාම යහපත්"
"Jeyam Haran","https://www.facebook.com/people/Jeyam-Haran/pfbid02o9c63npQiCXoPycgffvn9MGv3B46n6gcSbZULiKonjUh3k1kZyS73ieDXJBXnwYHl","Mutath fb page 1k thiyenawa🤣"
"Pradeep Kumara","https://www.facebook.com/people/Pradeep-Kumara/pfbid02psyBQonC3PaH4SLQz4UhMBX7sEJjZWyYeLeBBWFqBKxUP8u4ZyyrfPZC139BiQQgl","පිස්සු  ........තෙක්."
"Hithaishi Gimhana Jayasooriya","https://www.facebook.com/roman.raiegn","මේ මිනිස් ප්‍රාණකාරයත් හරියටම track එකට ඇවිල්ලා වගේ. සමන්තභද්‍ර part ii."
"Rurnedraraja Rajapaksha","https://www.facebook.com/rurnedraraja.rajapaksha","සිවුර දාගෙන කුණු හොදන එකෙක්"
"Lakshman Jayaveera","https://www.facebook.com/people/Lakshman-Jayaveera/pfbid02tJBjCed92qtdoFj42ptfehf2n4imX1pAKd2ACVWMLQrTN5T8phaGbFZ78xbetvMRl","mokuht kiyanna puka dennepa"
"Chanuka Jeewantha","https://www.facebook.com/chanuka.jeewantha.9803","අයියෝ මුන්ට මයික් දෙන්න එපා බන් 🥹"
"Pradeep Thushara","https://www.facebook.com/people/Pradeep-Thushara/pfbid0E1qSsS1MnRiCavo7ERkzcXWgmPUAuFgpiiQmd5uLB9khZvs9TCrmiiE4f3EVx3X3l","Mokekqa  me  pakaya  kalakanniyo  anith  agamwala  pujaka thumanla  qiha  balapiya  pakaya"
"Amila Perera","https://www.facebook.com/amila.perera.7121614","සංඝයා ඉන්නෙ බන කියන්න නෙහ් මිනිසුන්ට අනිත්‍ය කියලා දෙන්න එකට මෙයා"
"Shasha Dino","https://www.facebook.com/shasha.dino.2025","සිවුරැ තුළ සැඟව සිට සමාජ තුළ විශ පතුරන උඹලාට ආයේ නව සමාජයේ පිළිගැනීමක් නෑ😏"
"Nuwan Jayawaradana","https://www.facebook.com/nuwan.jayawaradana","රාජ්පස්ස නිකායේ සාදු කෙනෙක් නේද මේ"
"Prasanna Susa","https://www.facebook.com/people/Prasanna-Susa/61590531380264","පිස්සු යකෙක්"
"Priuantha Saman","https://www.facebook.com/priuantha.saman","Apayeda yanne"
"Seela Gajanayake","https://www.facebook.com/seela.gajanayake","Anura.hodai.rata.hadai.hotakam.karanna.bari.nisa"
"Chamitha Abeywardhana","https://www.facebook.com/chamitha.abeywardhana","Face to face genna ona sudantha thilkasiri 😂"
"Charith Madushanka","https://www.facebook.com/charith.madushanka.796569","munta molayak badda karanna berida balen wath"
"Ruwan Ruwan","https://www.facebook.com/people/Ruwan-Ruwan/pfbid0oeL1m5aCTsj5QpZRGxfZ593wg6yKpBDwK1wddf8c8ghwBm6BkqdUcSEcYfJCcACJl","කොහෙද wtto වැවු හැදුවෙ"
"Amitha Nawawagamuwage","https://www.facebook.com/people/Amitha-Nawawagamuwage/pfbid02cSrXKMdEBE2MYbcFh4zWF6DEgJmHesLp8Eu6RLzGrDAR91UFRbqpokzrWAiFJygNl","නානසාර 2😀😜😜😜"
"Rekshan Welandagoda","https://www.facebook.com/rekshan.welandagoda.2025","Appiriyaii"
"Amila Upendra","https://www.facebook.com/amila.upendra.77","උඹේ ගමන නවතින්නේ නරකාදියේම තමයි."
"Anil Abeyrathna","https://www.facebook.com/anil.abeyrathna.2025","මහානායක හාමුදුරුවෝ නිදි .😡😡😡"
"Manoj Indika","https://www.facebook.com/manoj.indika.5667","පක තමයි ඔය බණ කියපන් අර ගැනු lamai දුසනේ කරන උබලගේ එවුන්ට"
"Shanu Rathna","https://www.facebook.com/shanu.rathna","පිස්සුවක්"
"Jayasuriya Senarath","https://www.facebook.com/people/Jayasuriya-Senarath/pfbid02L8LBRJcjgAtGu4sYcqJCF6udPFQ76oYzXwsTV3zTmeAW5eGqU69NRV6jtYU6Jfmrl","Ane hora pattapal thakkadi ganayo  thope oya wadeta  AKD  janadipathi thuma gen nam samawak nha ehma unoth  api anduwata thiyana adareth nha jathiwadaya aussapu hora ganaya  paukaraya henaghnna ona"
"Kapila Hewawitharana","https://www.facebook.com/kapila.hewawitharana.2025","ඒ...බර පංතියෙන්ම කෙලවගන්න යන්නෙ..පගයා...."
"Gayan Sampath","https://www.facebook.com/people/Gayan-Sampath/pfbid0MFy4X6UMDnExxCydeMg39zYkjauYqUMGKuqvcSmnu7ZAX7YECzJyxibqAxiZFwvAl","මහනවෙයන්යකො ඔය වටිනා චීවරේ පව්😭"
"Nimal Uhanowita","https://www.facebook.com/nimal.uhanowita.2025","පන්සල්වල  වැඩ නැද්ද .. ..මමයි දන්නෙ.කියන ලොකු කම"
"Rdsp Lakmal","","apiwa hinassala le tika pirisidu karanawata bohoma pin Hamuduruwane.🥴"
"Thilina Prasad","https://www.facebook.com/people/Thilina-Prasad/pfbid0PhqCDbWh1gnHxkjh662KVK51fuePuYCDznXR9nawrH782MsdheecVyruEiSofHK4l","Ane me mahananu gana theren na 🙏"
"Malinga Surappulige","https://www.facebook.com/chamikara.surappulige","තව එක්කෙනෙක් පටන් අරගෙන රස්සාව ........🙃🙃🙃චීවරය  ග. ණි. කා වෘත්තීයේ යොදවන එක සීමාවක් තියෙන්න ඕනේ අප්පා...."
"Mahesh Indika","https://www.facebook.com/people/Mahesh-Indika/pfbid02fT9w9HTjY2NjTsvHD1P3TaHGaMUyCM6RpU39WLmboGnZu4MUVBRV3jt9pG8M1fwul","ධාර්මික කියන එකට මොනවද අයත් වෙන්නේ ඔබ වහන්සේ ගාව ඒ  සියල්ල තියෙනවද"
"Praneeth Amarasooriya","https://www.facebook.com/praneeth.amarasooriya.5","“චරථ භික්ඛවේ චාරිකං බහුජනහිතාය බහුජනසුඛාය”"
"Lalith Widyarathna","https://www.facebook.com/lalith.widyarathna","Tho mokekdha kalakanni pinbath ganagediyo"
"Mahesh Dissanayaka","https://www.facebook.com/mahesh.dissanayaka.587","Oya darmakida kiyala issela kiyanawada horu thakkadai siuren wahala Sujatha karanna enne nathuwa oyala wage Aya Ratata barak oyage kisima aluth darshanayak na balan giyama"
"Ruchika Pasan Dissanayaka","https://www.facebook.com/ruchika.dissanayaka","මේවගේ අභියෝග කරන බූරුවො ඉස්සරහට බුදුහාමුදුරුවොවත් වැඩියෙ නෑ.. ඒ හින්ද ගනන් ගන්නවත් ඕන කාලකණ්නියෙක් නෙවේ.. ඌ සිවුරක් දාගෙන හිටියට හාමුදුරු නමක් වෙන්නෙ නෑ.. එහෙම වෙනවනම් බල්ලෙක් හරිපිස්සෙක් හරි සිවුරක් දා ගත්තු වෙලාවට මොනව වෙයිද.. මූත් අන්න ඒ ගනයේ එකෙක්.."
"Dulan Sameera","https://www.facebook.com/dulan.sameera.104","අනේ ඉතින් පාකෝ 😂👍"
"Chirath Jayawarna","https://www.facebook.com/people/Chirath-Jayawarna/pfbid02wgevsFPhAnqwzAG1oosQmavbDB6kpr3Pb7kVbcTXZ6pEHJ5xtdD3rt7LqVpjdJoDl","Pissu huththek mu"
"Sunil Gunawardana","https://www.facebook.com/sunil.gunawardana.443328","Ane hmuduruwane paduwe innaeada"
"Suresh Jayasinghe","https://www.facebook.com/people/Suresh-Jayasinghe/pfbid0327quwJ9qe78ihow2MWtitKYEk39B6WtBSVMPf34yVDAc7A9ZzSDJ4jgwyWACqHbFl","බය්යනේ මේ පේජ් එක ගන්න"
"Lakshitha Lakshan","https://www.facebook.com/lakshitha.lakshan","Uba darmima yako siwrath dan. YouTube wala kiyana katha ahuwwama terenawa."
"Thilina Namal","https://www.facebook.com/thilina.namal.722223","මේ හාමුදුරුවෝ හොදටම දන්නවා ඥානසාර හාමුදුරුවෝ හිරේ  යනවා කියලා...මේ හදන්නෙ එයාගෙ තැන ඊලගට මෙයා ගන්න😁🤭"
"Suresh Mahinsasa","https://www.facebook.com/suresh.mahinsasa","සාසනේ විනාශ කරන්න ඉපදුණු උන්"
"Darshana Tharanga","https://www.facebook.com/darshana.tharanga1","Ekek yanakota ekek enawa.. Paw saththu, muth Ara magal kande suddhaththa wage ekek"
"Thilina Madushanka","https://www.facebook.com/profile.php?id=100002931145904","මූ හිතාගෙන ඉන්නෙ ජනාධිපතිට වෙන වැඩ නෑ කියලා ගොරිල්ලෙක් එක්ක වාද කර කර ඉන්න"
"Hkp Hareschanra","https://www.facebook.com/hkp.hareschanra","අනුර කුමාර ජානාදිපතිතුමාට වෙනවැඩ තියනව පිස්සොත් එක්ක පිස්සුකෙලින්න වෙලාවක්නැ"
"N.M. Vijay","https://www.facebook.com/n.m.vijay.270315","Oya dharmikaid"
"Thusitha Thusitha","https://www.facebook.com/people/Thusitha-Thusitha/pfbid02NqvPNX4RUbLvddyuQZuQh28iGjGC5b5ah7SX245Y3KJB6pKx3JsTiRBkz18F2D9zl","උබටවෙලා තියෙනිනේ තෙලෙන් කිරෙන්කාලා ඉන්නබැරිකම"
"Kusum Wanniarachchi","https://www.facebook.com/kusum.wanniarachchi.94","Face to face යන්න අනුරගෙ අහලකවත් තියන්න පුලුවන් කෙනෙක්ද?"
"Chathuranga Rajapakshe","https://www.facebook.com/chathuranga.rajapaksha","ගලගොඩ ගැන මොකෝ කියන්නෙ?☺️"
"Kingsley Hettiarachchi","https://www.facebook.com/kingsley.hettiarachchi","Ubalata threnawa nhe  mu galabada ta kade yanne ay kiyala"
"Mahinda Ranaweera","https://www.facebook.com/people/Mahinda-Ranaweera/pfbid0bJnRdCYqnUf4QGhfmAuKnFC4KipPLrYKGu8MM6mw1g3Q2LGcURMw9zZhg1tRkDeTl","බන පොත බලල නෙවෙයි උසාවි තින්දු දෙන්නෙ ..පවතින සාක්ෂි අනුවය.."
"Sunil Jayarathna","https://www.facebook.com/people/Sunil-Jayarathna/pfbid0KsUmPjET1dpj2AktCzUDuepExFD35DxFP1Aox8WFZ1aHTFpoH7cAUN5wubRZguKWl","සිවුර ගලවලා වර තක්කඩියා"
"Kalpani Pavi","https://www.facebook.com/people/Kalpani-Pavi/pfbid02wjpbXte4FXEV1AH1UtkFSWWGhhNq5GaJwBRA7jxD4jQxQVAQAw67Ry4jnqwwbpCal","Apo kanavandum gani vage"
"Jagath Dias","","ආගමට වෙන ලොකුම විනාසය මේ වගේ ගනයො රටේ බිහිවීම. බුද්දාගම විකුර්ති කරමින් සිවුර ආදායම් මාර්ගය කරගනිමින් දූශිත ගිහි ජීවිතයක් ගතකරන මේවගේ ගනයින් මුලු සමාජයම ප්‍රතික්ශේප කරන්න ඕන."
"Darashana Weerasinha","https://www.facebook.com/darashana.weerasinha","4n eka athata gaddi muge musa muna dakiddi muge ammawa thama sihiwenne.ube ammata h u paduwe hitapan.hemanen netiwa."
"Achintha Udayamal","https://www.facebook.com/achintha.udayamal.2025","කමෙන්ට් ලයික් සාදූලා අපේ"
"Shiromi Perera","https://www.facebook.com/shiromi.perera.588537","මේ වගේමයි නානසාරත්  තකට තක 🤣🤣🤣🤣"
"නවී න්","https://www.facebook.com/tharindu.naveen.1044","මූ වගේ ගොන් හරක් ට මයික් අල්ලන උන්ට ගහන්න ඕනෙ .. 🤬🤬"
"Chandi Hewanayake","https://www.facebook.com/chandi.hewanayake.2025","Oka🐄🐄🐄🐄🐄🐄"
"Sriyalatha Sudusinghe","https://www.facebook.com/sriyalatha.sudusinghe.2025","මුන් පැවිද්දෝද... 🤔🤔🤔"
"Naveen Kula","https://www.facebook.com/people/Naveen-Kula/pfbid02aYE1yHidaXfnPzvavPw1jEwZLbyHZB2LWD1eFLZL5udEHBVuJT1Ecq1huhL3eFN5l","අන්න උබලගේ දාර්මික උන් ඔක්කොම හිරේ 🤣🤣"
"Shehan Dissanayaka","https://www.facebook.com/shehan.dissanayaka.142","මුන්ව ඉස්සෙල්ලා මහණ කරන්න ඕනේ 🤣😩"
"Rabeendra Tilakaratne","https://www.facebook.com/rabeendra.tilakaratne","නොදකින් හොර ඝණයා. මුන්ට වඳින එවුන්ටත් පව්."
"Chandimal Dissanayaka","https://www.facebook.com/chandimal.dissanayaka.2025","Anurath ekka uba monawa kata karannada gotaya"
"Dilhani Edirimanna","https://www.facebook.com/dilhani.edirimanna","හොරුන්ට අධාර්මිකයි,සාමාන්‍ය ජනතාව ට ධාර්මික යි"
"K K","https://www.facebook.com/kalkatapodi","උතුම් බුද්ධ ශාසනය වනසන නිගණ්ඨයෝ"
"Wipula Dharmasooriya","https://www.facebook.com/wipulad","ගලේ ගෙ තැන ගන්න නේද ට්‍රයි එක?"
"Fernando MG","https://www.facebook.com/people/Fernando-MG/pfbid0ZjvP8acMP7L587n1Qek2oyP4RMacJTSyyxVuCVaA6y7qsCSTR5TiS43uTchBogL3l","පිස්සෙක් ගලගොඩයා වගෙම තමා මුත් 🤬"
"Eranga Jayasinghe","https://www.facebook.com/isuri.eranga.3","නානසාර නොම්බර 2 😂😂😂"
"Bhagya Senanayake","https://www.facebook.com/bhagyasenanayake1992","ප්‍රවීන අභිධර්ම දේශක..."
"Nadeera Jayathilake","https://www.facebook.com/profile.php?id=564954455","පේජ් එකේ ලින්ක් එකක් දාන්න පින්වතෙක් නැද්ද  රෙපෝට් දානයක් ලෑස්ති කරන්න😂"
"Manusha Sadaruwan","https://www.facebook.com/manusha.sadaruwan","හිච්චි නානාසාර 😹"
"Kelum Wickramasinghe","https://www.facebook.com/kelum.chaminda.31","තෙරුවන් සිහිකරලා පිහියෙන් අනිනවා.෴ මාරයි..එළ..එළෆවුසි…ආතල්.."
"Sandaruwan Senevirathne","https://www.facebook.com/prasanna.sandaruwane.148","කලු කැත උන් මහන උනාම ඔහොම්මමයි.."
"Sherini Lakshmi","https://www.facebook.com/sherini.lakshmi","Aiyo dagalannay nathuwa enna hamuduruwanay"
"චාමක වීරසිංහ","https://www.facebook.com/chamaka.weerasinghe.58","මොකෙක්ද බං මූ"
"Sarath Ranaweera","https://www.facebook.com/sarath.ranaweera.125","පවි  ජිවිතයක් අපිටත් පවු දෙනවා මු"
"Dilka Damayanthi","https://www.facebook.com/imddilka","බලුවම මෙයා බඩ්ඩ 2"
"Asitha Fdo","https://www.facebook.com/people/Asitha-Fdo/pfbid02YGdKh5GCtkCwKKTvgSzwGaMCW1fRBo9oRAYAEawF6k1kNFkCwjGbNqZc1K3Nw2ckl","Horu"
"Karuna Rathna","https://www.facebook.com/people/Karuna-Rathna/pfbid0A6MK43Fi9WswZy7R1WuDx9qfecQq8DHNgqjBL9v4Nip8pCKLQ4tAKGz6WSoVzZ2vl","Kereyoa puka nodiea hitapiya huttoa"
"Kelum Dolamulla","https://www.facebook.com/kelum.dolamulla","තිත්ත වැල්ලෙ හාමුදුවො හිටියෙ බුදු වෙලා වගෙ හැබැයි පස්සෙ ජිම් යද්දි පිස්සු කෙලිද්දි බුද්ධ ශාසනයක් මහා සංඝරත්නයටත් වෙන හානිය ගැන ඉතාම කනගාටු දායකයි 😪"
"Manjula Werapitiya","https://www.facebook.com/manjula.werapitiya.2025","Pissu"
"Karunarathna Rathnayake","https://www.facebook.com/people/Karunarathna-Rathnayake/pfbid03341fopW47LABcj5AaMPxC7c82hwFH3BpGGRNg4h2gdtxa59sBkJ8aKwFzhiW9ck2l","නානසාර.පාර්ට්.2"
"Dayarathna Perera","https://www.facebook.com/dayarathna.perera.621382","Mu.mokekda.ganaya"
"Janaka Liyanaarachchi","https://www.facebook.com/janaka.liyanaarachchi.568","ඔහේ චීවරධාරියෙන් මිස ක් සංඝයා වහන්සේ කෙනෙක් නොවේ කියලා මුළු විශ්වයටම ඔප්පු කරලා ඔප්පු වෙමින් යන්නේ තවත් මොනවද බං, මානසික ලෙඩ්ඩු වෙලා, ගෙවල් වල කණ්ඩ අඳින්නෙ නැතුව පන්සල් වලට ගෙනත් දාලා ළමාඅපයෝජන, ඔහේ ගැන අනුකම්පා කරන්න ඕනේ, ඔහේ ළමා හිංසනයට ලක්වෙලා තියෙන්නේ පොඩි කාලෙම"
"Randika Randunu","https://www.facebook.com/people/Randika-Randunu/pfbid02KD9Rzc4VZXejj8CEFuAeyp2fFFKSXSwQEUtL67J2CGesVFLw9g8E5DxVfpe9tJtKl","Whutto, suncream එකක් ගාලා පෝ'ට් සිටියෙ දුහපන් දැන් නිකන් ආලවක යකා වගේ 😅🤌🏻"
"Jayantha Perera","https://www.facebook.com/jayantha.perera.777","උඹ මොකෙන්ද ජනාධිපතිත් එක්ක සාකච්ඡා කරන්න........"
"Suminda Kandekumbura","https://www.facebook.com/people/Suminda-Kandekumbura/100089837820587","අවධානේ එහෙම නැතිනම් ඇටෙන්ෂන් කියන්නේ මේ ඩිජිටල් ලෝකයේ සල්ලි හම්බ් කරන්න, වරප්‍රාසාද ලබාගන්න, ඒ හරහා අලුත් අලුත් කනෙක්ෂන් හදාගන්න.. තියෙන ඉක්මන්ම මාර්ගයක්.. ෂුබර් මේ වෙනකොට බයි කත්සලාවෙන් මේ හාමුදුරුවන් ට කතා කරලා ඇති...😁, මිලි එක්ක කොෆි එකක් බොනබා කියන්නේ... අර ලෝකය වටේ ඉන්න පදිංචි වෙලා ඉන්න බයියන්ගේ අවධානය ලැබෙනවා කියන එකයි. එතනින් පස්සේ ලෝකය වටේ බයියන්ව තෙත්කරන බණ ටික රෙඩි.  සරලයි... අවධානේ ගත්තා කියන්නෙම ලෝක සවාරියක් පුජා වෙනවා... 💪 පුජා වේවා..! පුජාවේවා..! පුජාම වේවා..."
"Rathnayake Sunil","https://www.facebook.com/rathnayake.sunil.2025","ube.gamana.apita.mokada.ubath.nanusara.wage.wedakata.nethi.apathayek"
"Luxman Luxman Ranasinghe","https://www.facebook.com/luxman.ranasinghe.98","ඔබල  වගේ  පිස්සු එක්ක  වාද කර කර  ඉන්න  වෙලාවක්  ජනාධිපතිතුමාට  නෑ පිස්සෝ"
"Sumudu Nalin","https://www.facebook.com/people/Sumudu-Nalin/pfbid0ycbXiCtrBMxsEp3yfwVVUq5Afy7wXPRNvAhymswfBEJXD2YnW16jQYY177XeE2VFl","Maalimaawata ජයවේවා kaalen kaaleta ena mokunda me thiyena ekath නැතිවෙනවා  මුන් හින්දා..😄😄😄😄"
"Palitha Dayananda","https://www.facebook.com/palitha.dayananda.50","Pakoo... Uba karanna kiyapuwa Anura Kalaan Unata Anura hondai  . Nokala nisaa Anura draohiyek.. Akanae ubae Darmaya. zzIssells Dilwath biksuwsk weyan."
"Roshan Rodrigo","https://www.facebook.com/roshan.rodrigo.18","නාන සාර දෙක වෙන්න හදන තව කහකඩ🐕"
"Janaka Thilakarathne","https://www.facebook.com/janaka.thilakarathne1","චන්දයක් කරපු හදියක්. 😍"
"Premasiri Pkg","https://www.facebook.com/people/Premasiri-Pkg/pfbid0MCh1bnC1XfLuCsvFJnwfLUFDMPvNX4ZZdp6bdDwZrnrJoWuKNmSHWE4hHN3kvmGnl","Gnasarat ohomathamy  biruwe"
"Rajitha Namal de Silva","","ගමනක් යන බව නම් පෙන්නේ නෑ...එහාට මෙහාට පැනලා මෙතෙක් කාලයක් ගොඩනගා ගත්ත යම් කීර්ති නාමයක් තිබුනා නම් ඒක ලග නවලා විනාස කර ගත්ත බව තමයි පෙන්න තියෙන්නේ..."
"Nuwan Rathnayake","https://www.facebook.com/nuwan.rathnayake.332","Track da bn මුන්ට"
"Sarath Chandra","https://www.facebook.com/people/Sarath-Chandra/pfbid02kVjCEzkro7vyhryfGjnmGx4mnuKUHuSyMY7u5J2We4JvyPRmV1zbzW22XM4U5KQWl","Kada ban me poojitha mendis"
"Lashan Rangana","https://www.facebook.com/lashan.rangana","Muth siura dan ai mehema kade yanna wena mokakhari magadiyak athi.  Muth ehenam siura dagena mu rata gihin ara athal ganna euwa thiyenne. Katawath kohomath siddarath yasodara wenna ba.varadak karamu daduwamk denna oni."
"Prasanna Amarasinghe","https://www.facebook.com/prasanna.amarasinghe.1","Uba mhanawela kiyala oppu krapan 1at"
"Sayon RN","https://www.facebook.com/sayon.rn.2025","උබ වගේ එකෙක් ලගට ඒ මනුස්සයා මොකටද එන්නේ"
"Rasika Kalugamage","https://www.facebook.com/rasika.kalugamage","ඔය වචනයෙන්ම ඔප්පු වෙනවා නුබ අධර්මිෂ්ඨ මිසදුටු.හොරුන්ට කඩේ යන ච්වර ධරියෙක් කියලා"
"Upul Bandara","https://www.facebook.com/upul.banbara","තෙරුවන් සරණ අපිට ඕනේ නෑ අපායට යන කට්ටියගෙන්"
"Kasun D. Rathnayake","https://www.facebook.com/kasun.deshapriya.12","ආලවක වගේ"
"Wickrama Senanayaka","https://www.facebook.com/wickrama.senanayaka.2025","පිස්සුව හොදටම තදවෙලා"
"Thilak Peiris","https://www.facebook.com/thilak.peiris.54","Mu pissek"
"Lakmal Nk","https://www.facebook.com/lakmal.nk.643984","සිගිති චූන් නොකර ඉදපන් බන්"
"Sudarshana Rodrigo","https://www.facebook.com/people/Sudarshana-Rodrigo/pfbid0F4zbEvf9fp62GeUN8BHk25UfQ6otYxV6HemJNsnnrErc9LGBBESfHaPn2G1imvFvl","මෙයා කවුද පොරක් කියලා හිතේ"
"Ranjith Pathirana","https://www.facebook.com/profile.php?id=100001551548122","මූට පිස්සු හැදිලා."
"Trevin Benjamin","https://www.facebook.com/trevin.benjamin.2025","Bu amu thakadiya pen nadda hati dewadatha wage"
"Ayesh Imal","https://www.facebook.com/people/Ayesh-Imal/61564827269149","Puka. Nodi. Idapan"
"Amab Bandara","https://www.facebook.com/amab.bandara.3","Thopi Hora ganayo  tho Danna dharmaya"
"Vibuthi Siriwardana","https://www.facebook.com/vibuthi.siriwardana.9","අපේ හාමුදුරුවනේ, දැන් මේ උතුම් බුදු බිමට බාගෙට කෙලවල ඉවරයි. මෙහෙම ගියොත් ඔබ වහන්සේට අපිට ජීවත් වෙන්න තැනක් නැතිවෙයි වගේ . නමුත් ඔබ වහන්සේ සමඟ හෙළයින් විදිහට අපි ඉන්නව . කෙසේ හෝ රට ,ජාතිය,ආගම රකිමු . බුදු හිමියන්ගේ බුදු වදනට හිතැති සැමටම සම්මා සම්බුදු සරණයි !  උතුම් හෙළයට ජය ශ්‍රී ."
"Kelum Dayan","https://www.facebook.com/kelum.dayan","නානව නැමක් ලොවෙත් නැ"
"Karu Karunasiri","https://www.facebook.com/karu.karunasiri.2025","අපේ හාමුදුරුවනේ අපේ  ආගමට කරන කෙනහිලි කම්නම් වෙන කිසිම දහාමකට නැ පුදුම වැඩේ කියන්නේ ඇයිමේ  අපේ දහාමින් අපට ඉවසනන්න  පුරුදු වෙන්න කයන නිසාමද මුං බයනැතුව එහෙම කරන්නෙ??????"
"Ashan Kavindu Wijerathana","https://www.facebook.com/ashankavindu","maget page 2k  suspend wela tiyenawa matat media conference ekak tiyanna bari weida"
"Gunasiri Gamage","https://www.facebook.com/gunasiri.gamage.14","දගලන්න දගලන්න සිවුර යට තියෙන බොරුව ,හෙලුව පේනවා..."
"Pradeep Sudasinhe","https://www.facebook.com/people/Pradeep-Sudasinhe/61583042883216","මේ මොන හිපාටු පින් බතෙක්ද"
"Furano Hokkaido","https://www.facebook.com/furano.hokkaido.2025","උබල ඒකට නියන්නෙ අදාර්මිකයි නම් අපි ඒ අදාර්මික පලනයට කැමති. අපි උබල කියන දාර්මිකත්වය හොදඅඅඅට විදල තියෙන්නේ. තට්ටෙගාල දර්මය කටපාඩම් කරාට බුද්ධ පුට්‍රයෙක් වෙන්නෙනෑ. නියොජනය කරහන් තමන්ව පරද්දපන් තන්හාව අවබෝදකරගනින් නිවීම.උබල අස්සන් ගහන එකාගෙ කෝ මේ සත්පුරුශ ගති.  කායසංවරෝ සාධු, සාධු වාචාය සංවරෝ මනෝසංවරෝ සාධු, සාධු සබ්බත්ථ සංවරෝ. සබ්බත්ථ සංවුතෝ භික්ඛු, සබ්බදුක්ඛා පමුච්චති.  මේක නැතිනිසා නේද හිරේ යන්නෙ. මේ වා නියති. ඒවා ජාතිය ආගම නිකාය වෙනුවෙන් කඩන්න බෑ. කොස්වා ලිහිනියා මරයි කියල ඌ මැනික ගිල්ලබව රහතන් වහන්සේ කීවෙ නෑ. තමන්ගෙ අතපය කපද්දිත්. එහෙමයි මේව රැක්ක කීවෙ.එහෙනම් අනික් උබල කියන හේතු පයිසෙකට වටින්නෙ නෑ. උබලට දරාගන්න බෑ. තන්නහව නිසා."
"Rukman Bandara","https://www.facebook.com/rukman.bandara","මේ තමයි සාටක නිකායේ චීවරධාරීන්  සිවුර දාගෙන සාසනේට වැඩක් කරන්ට දෙසපලුවන්ගේ ඉදුල් හෝදන්නේ නැතිව"
"Sagara U Kumara","https://www.facebook.com/sagara.ukumara.3","අනේ හාමුදුරුවනේ බන පදයක් කියාගෙන ඉන්න  අපිට පව් පුරවන්නේ නැතුව    🤣"
"Nishantha Weerakoon","https://www.facebook.com/nishantha.weerakoon.706728","Awadanaya illanne paw."
"Manoj Madushan Dissanayake","","Thiththagalle uba issarala mahana wela hitapan.balapan ube hati"
"Shane Jacob","https://www.facebook.com/shane.jacob.169","Palayan bn yanna kauda bn thopila"
"Rasika Dilanka","https://www.facebook.com/rasika.dilanka.75","Pin bath kana ugannannada paraya"
"Dumindu Abhayaratne","https://www.facebook.com/dumindu.asanka","Mu aruwa hire dala misak passa balanne na 🥹🥹"
"Prasad Mangala","https://www.facebook.com/prasad.mangala.263865","මේ කළු කුමාරයට දෙකක් ඇන්න නම් ඥානයයි ඉන්න තැන අනිවාර්යෙන් කියනවා"
"Dilhan Liu","https://www.facebook.com/dilhan.nilen","ඉස්සෙල්ලා මහන වෙයන්😁"
"Athula Yasakeerthi","https://www.facebook.com/athula.yasakeerthi.2025","අලුත්ම භීතිකාව ,,සාටක නිකායේ   නානසාරගේ  අඩුව පිරිමාන්න  ආපු නිගන්ඨයා"
"Ridma Fonseka","https://www.facebook.com/ridma.fonseka.3","නානය වගේ හොරුන්ට කඩේ ගියාම ෆේස්බුක් නෙමේ ඇඩ්‍රසුත් නැති උනා. ඒක තමා තිත්තගල්ලේට උනේ. 😃😃😃😃😃"
"Poorna Jayasooriya","https://www.facebook.com/poorna.jayasooriya","නාමල් ඇතුලට දාපු දා ඉදං මෙයා කුලප්පු වෙලා..."
"Amila Dushyantha Gunawardhana","https://www.facebook.com/dushyantha.gunawardhana.7","උබ පිස්සෙක් තිත්තගල්ලේ"
"Chamara Thilanka","https://www.facebook.com/chamara.naramnkotuwamudiyansealagea","හොරු ටික එක කොටෙට නැග්ග වගේ.සිවුරු රදවන හොර කහකඩ සෙට් එකත් එක කොටෙට නගිනවා 😂 කතිරයක් කරපු හරියක් 😂😂"
"Lahiru Lh","","Meya thamai adharmika"
"Fredy Silva","https://www.facebook.com/fredy.silva.385457","Thiththama Thamaii"
"Gayan Guk","https://www.facebook.com/gayanguk","Ane pako siura dagattana aduma tarame budunwadala dahama pilipadapa paupurawanne natuwa minissunta kalakanniya..."
"Pradeep Rdc Pradeep Gunasekara","https://www.facebook.com/people/Pradeep-Rdc-Pradeep-Gunasekara/100004883235183","Pala hutto yanna kalakanni wesige putha"
"Mu Bandara","https://www.facebook.com/mu.bandara","Thuk me ape sasane muwawen   siura daa gath thawath wanna chaariyek"
"Sudesh Harshana","https://www.facebook.com/sudesh.harshana.501","pala paka yanna"
"Savindu Suranga","https://www.facebook.com/people/Savindu-Suranga/pfbid02sQxyEN1jniMNecwzFtcCeeaccEb66k2oUGxcyGe21Hcxp9PNxWHHnVJS8c7azejPl","තිත්තේ අටලෝ දහමෙන් කම්පා නොවන්නේ. ඔබේ යාලුවටත් කියලා දීලා, නියමිත දඩුවම විදලා එන්න කියන්න. සසරේ දුක ඒකෙනුත් තේරුම් ගන්න පුලුවන්. ඔයත් ඒවා බලලා හැදිලා,භාවනාවක් කරගෙන හිටියනම් ඔහොම බල්ලෙක්ට වගේ මිනිස්සුන්ගේන් බැනුම් අහන්න වෙන්නෙත් නෑ."
"Razeen Rafeek","","Meya nikan form wenna balanawa.   Thang eve ba.  Jathivadi yo  hetta"
"Dilith Anushka","https://www.facebook.com/dilith.anushka.2025","කාලයක් හොඳට හිටියා දැන් අවධානය ඕන වෙලාද කොහෙද"
"Visula Niwanthaka","https://www.facebook.com/visula.niwanthaka","න මුණ්ඩකේන සමණෝ අබ්බතෝ අලිකං භණං ඉච්ඡාලෝභසමාපන්නෝ සමණෝ කිං භවිස්සති  තේරුම: හිස මුඩු කරගත් පමණින් කෙනෙක් “සමණයෙක්” නොවේ. වත පිළිවෙත් නොරකිමින් බොරු කියන, ආශාවෙන් හා ලෝභයෙන් පිරුණු පුද්ගලයා කෙසේ නම් සැබෑ සමණයෙක් වන්නේද?"
"Wss Wickramasinghe","https://www.facebook.com/wss.wickramasinghe","මාත් බෞද්ධ හැබැයි මෙ හාමුදුරුවෝ කියන විදියට මාත් අධාර්මික යි හෙතුව නිවැරදි දර්ශනය ඉදිරියෙ සමාජයෙ ජිවත් විය නොහැකි , නමුත් වැරදි අඩුවෙන් කරගෙන ජීවත් වීම සිතට සහනයක් හා ප්‍රශ්න අවම වීමක්, බුද්ධ දර්ශනය නිවැරදි නමුත් මෙම කියන ස්වාමින්වහන්සේ උනත් ඒක රකින්නෙ නෑ"
"Shevon Sasmitha Somarathna","https://www.facebook.com/shevon.sasmithasomarathna","Ithin oba wahanse ennako api oppu karannam oya modayek kiyala"
"Udayanga Pv","","ජිම් පප්පා"
"Duminda Tharanga","https://www.facebook.com/duminda.tharanga.925","Ane gothayo"
"Ruckmal Dias","https://www.facebook.com/ruckmal.dias.2025","Ubala pinata kala kollo gahana eka darmikada. Podilamai mahanabkarama puk palanawa ewa hodaida"
"Fernando Viraj","https://www.facebook.com/fernando.viraj.2025","මෙයත් ඥානසාරත් එක්ක ඇතුලට යන්න ආසාවක් ඇතිවෙලා වෙන්නන බැරිද🤣"
"Ajith Herath","https://www.facebook.com/ajith.herath.509118","මේ සක්කිලි බල්ලා දකින දකින වෙ ලාවේ බනින්න හිතෙනවා"
"Wkk Wasantha","","ඥනසාර  හිරෙ  යවන  කොන්ත්‍රාත්තුව  කරන්නෙ  මෙකා"
"Iresha Hanshi","https://www.facebook.com/iresha.hanshi","Ane modayo thamun wage gonek ekka mona sanwadada."
"Turny Ishanga","https://www.facebook.com/turnyish","හාමුරැවරැ කුනුහරැපයක් කිව්වත් සාදු කියලා වදින්නැ දැන් ඉන්න මිනිස්සු ඒක නිසා සිවුර ඉස්සරහට දාලා මොිඩ චුන් දාන්න කලින් දෙපාරක් හිතන්න....මිනිස්සු අදහන්නෙ බුදුදහම මිසක් උබලගෙ වැදි බන නෙමෙයි..."
"Nipun Kulatunga","https://www.facebook.com/NipunDilruwan94","Hama deema atha harinna balan inna, oya page eka atha harinna 😂"
"Tishan Madusanka","https://www.facebook.com/people/Tishan-Madusanka/pfbid0dKK15SrNMfTs5n8qXnyyyw5t5221kNCKUF812aLTokgzRFceDMAdVQq7UoemZVPMl","පු# සුදුද"
"Saman Priyantha","https://www.facebook.com/people/Saman-Priyantha/pfbid02Wu1hdL4W7ZFN3Qu5Pd6KdfPamvvTpj8UU5nMbAmBuZQ6cETAGqckXBoYfpqgmv44l","Pissek"
"Sandaruwan Premachandra","https://www.facebook.com/people/Sandaruwan-Premachandra/pfbid02iBqUvXTAcmfvSCG2CFdiL4XtP8uvsVeC1r1ivBoKvN1FQe2P2GgCaGYLMvrq1X7il","Muu 😅mona pakekda 😀😀"
"Ranjith Munasingha","https://www.facebook.com/people/Ranjith-Munasingha/pfbid0vyNfds13gEnX4eYrQh63iq7ZHHuRCG1TGksW9qptzptb2BYas3SYUYA3sHow4VX6l","කුනුහරප අහගන්න එපා,,,"
"Manjula Herath","https://www.facebook.com/pradeepmanjulam","කන්නාඩියක් ඉස්සරහට ගිහිල්ලා සිවුර ගලවලා හිටගත්තනම් වෙච්ච දේ පෙනේවි"
"Wsantha Ranasinha","https://www.facebook.com/wsantha.ranasinha","ඔබවහන්සේ කියන එක හරියටම හරි ඔබ වහන්සේගේ එඩිතර භාවය ගැන ඇත්තටම සතුටුයි ඔබ වහන්සේට තෙරුවන් සරණයි"
"Nandana Kumara","https://www.facebook.com/nandana.kumara.927","ඔබ වහන්සේ සටන අතහරින්න එපා.සිංහල බෞද්ධ ඡනතාව ඔබ වහන්සේ සමග එක රැල්ලට එක්වෙයි"
"Asela Gunasekara","https://www.facebook.com/asela.gunasekara.79","දැන්නම් හොදටම බව වෙලා ඉන්නේ"
"Harsha Fernando","https://www.facebook.com/harsha.fernando.129794","ඔයාගෙ සිවුරට උඩින් සාටකේ වැටිලා හාමුදුරුවනේ. පරිස්සමට සාටකේ වැටුනු එකෙක් හොදින් හිටියෙ නෑ..."
"Anuranga Fonseka Fonseka","https://www.facebook.com/anurangafonseka.fonseka","එකම බඩු ටික 😂"
"Manjula Kumara","https://www.facebook.com/manjula.kumara.813773","Ane bn Siwrata thiyena garuthwaya nathi nokara hitapan Kahakadayo"
"Chaminda Silva","https://www.facebook.com/people/Chaminda-Silva/pfbid04QY6RDbSK9nXycb4DuHBUN3aenB5xmEre2N9iNkcupx3HFspNjbdDEiZAMMfBeFbl","Tawat wanachariyak Ali bahala"
"Gunathilaka Nandana","https://www.facebook.com/gunathilaka.nandana.9","ටිට් එකල්ලේ තෙරුවන් විකුණන්න එපා හරිද"
"Anil Manamperi","","අනුර හරක් එක්ක තර්ක කරන්නේ නැහැලු."
"Umäl Ånúräda","","පිස්සු කොල්ල"
"Champika Dilan","","Pala pala wada denne nethiwa kabaraya wage kalaknniya"
"Ud Ara","https://www.facebook.com/udmshrilal","තිත්තේ තාම නිවිල නෑනේ 😂😂😂"
"Jana Munasinha","https://www.facebook.com/jana.munasinha.96","මදාවියෙක්නෙ යකෝ"
"Indika S Dodangolla","https://www.facebook.com/people/Indika-S-Dodangolla/100070359746046","Aika ballaik atulata yanakota tawa akakieik"
"Sahan Avishka","https://www.facebook.com/sahan.avishka.9","කවුද මේ... 🤔🤔🤔"
"H.D. Fernando","https://www.facebook.com/people/HD-Fernando/pfbid0RRRwuCC3qv31mX1MiNxXmWTqMohAJ7aAdZxpMGLcoAcph986nTNXaZ2JJgmPXnCil","Siurata muwa una pisso.mun apahasa karala minissu aussala nithiyen danduwam labenakota kagahanawa buddagama iwarai kiyala.mun mewa karanne uwamanawenmai.rajapaksha horu beraganna onewata"
"Ajith Priyankara","https://www.facebook.com/people/Ajith-Priyankara/pfbid0B5o6QeFAUMFUVTtoh9FmDVzcy6nTgy1Vv4fHsHkUGXCGihNMNh3J1SR76TytFJW4l","මෙන්න.මුවත්.අල්ලලා.දාන්න.ඇතුලට.මුගෙනුත්.තියෙන්නේ.පුදුමකරදරයක්"
"락말 오빠","https://www.facebook.com/lakmal.gamage.94","මූව මහන කරන්න බැරිද 😂😂"
"Hashan Danuddhara","https://www.facebook.com/hashan.danuddhara.5","මුල් කාලේ පැහැදීමක් තිබුනු හාමුදුරුවෝ කෙනෙක්..රාජ්‍ය නීතියට උඩින් කිසිවෙක් නෑ කියන එක අවබෝධයක් නැද්ද..නැත්නම් ඊලග සාටක ප්‍රොජෙක්ට් එකද මේ..🤮"
"Hashan Danuddhara","https://www.facebook.com/hashan.danuddhara.5","අනික අධාර්මික පාලකයෙක්ගෙන් මොකටද සමාව ඉල්ලන්නෙ දෙන්නෙ නෑනේ.🤮😪😂"
"Dilrukprasanna Perera","https://www.facebook.com/dilrukprasanna.perera","Pissek.."
"Jgdr Bandara","https://www.facebook.com/ranasingha.jayasingha","ඔබ වහන්සේ සත්‍ය අවබෝධ කරගත්තා කිව්ව නේද ඒක පාටක් පේන්න නෑනෙ"
"Nishani Rathnayake","https://www.facebook.com/people/Nishani-Rathnayake/pfbid0cgciTMG6RYfkAn9EgswQsJsHBsMjiutkrmmKgX5TEmuB44WnPWj1fYu6D4PSxZEXl","මේකවත් දාන්න ඕන හිරේ"
"Gamini Senanayaka","https://www.facebook.com/people/Gamini-Senanayaka/pfbid0UbziqhhAnnMqkZgnYYGvAApTtnYviVLp3xGmNscBb2WVfU8DGonQmf9fcmNHpzEal","උඹේ ගමන උඹට ඕන විදියට යන්න ලෑස්ති වෙන්න එපා දැන් රටේ ඉන්නෙ බුද්ධිමත් තරැණ පරම්පරාවක්"
"Madura Geeth Chaaminda Chaaminda","https://www.facebook.com/madurageethchaaminda.chaaminda","Palayan madamulana dankudda yanna"
"A J Gomez Gomez","https://www.facebook.com/ajgomez.gomez.1","Pissu ballek"
"Mbt Karasu","","Pissu yakekk"
"Jayawansha Malith","","Mu pissek 🐂"
"Nawarathna Weerakkodi","https://www.facebook.com/nawarathna.weerakkodi.2025","Meka thamai loakenma pacha anduwa"
"Mûdîthâ Ânûrûddhâ","https://www.facebook.com/muditha.anuruddha","කලු මහත එවුන් ඔක්කොම ඔහොමද බං 🤪🫢😂"
"Ajith Kumara Kumara","https://www.facebook.com/people/Ajith-Kumara-Kumara/pfbid02sTogcsGymHsBjyiMRuY5UPbY5o2LEZG1wQCSBDDW4cWUaxgSPkkn7baQSV7NgESMl","Thopita danayak wath danna Hoda na kalakanni"
"Leslie Gunathilaka","https://www.facebook.com/people/Leslie-Gunathilaka/pfbid0zbVe9o7RrxTBtCBQrwPadZpPbieWAjoAX91Gc3gBTgnSwuZr4dTExyANYkgmHMcnl","Pala gukanna.hukana kere pakaya"
"Padawiye Rakkitha Thero","https://www.facebook.com/padawiye.rakkithathero","කෙදිරිගාන්නෙ ඇයි 😄😄😄😄😄"
"Mahen Sumanarathna","https://www.facebook.com/mahendra.sumanarathna","rate janadipathita pisso ekka katha karakara innawata wada thiyenawa"
"Nalinda Ruwanpathirana","","බුද්ධ පුත්‍රයෙක් නේද බං, පරමාදර්ශී වෙයං., මොකද බුදුහාමුදුරුවෝ කියලා තියෙන්නේ ආදර්ශය උතුම් කියලා. උඹලා කරන්න තියෙන ජඩ වැඩ ටික සිවුරෙ ඉඳන් කරන ගමන් අනුන්ගේ සිල්වත්භාවය හොයන්න එපා බං. රටේ ජනාධිපතිතුමා හොඳ සිල්වත් බුද්ධිමත් උගත් මනුෂ්‍යයෙක්, අර හොර නාමලයට කඩේ යන උඹේ මොකක්ද බන් සිල්වත් භාවය."
"Dushan Sampath","https://www.facebook.com/dushan.sampath.75","ඉස්සෙල්ල මහන වෙලා ඉදපන් සාදූ ඊට පස්සෙ බණ කියහන්.."
"Hishan M Gunawardhana","https://www.facebook.com/hishan.madhusanka","Chik mun wage kaalakanni"
"Hangili Gedara Amarasekara","https://www.facebook.com/profile.php?id=100002171943251","මූ වගේ උන්ට හාමුදුරුවෝ කියන්න එපා"
"Kalusha Mendis","https://www.facebook.com/kalusha.mendis","වෙලාවක් තිබ්බොත් බණ ටිකකුත් කියන්න"
"Chithrasena Aguluhaha","https://www.facebook.com/people/Chithrasena-Aguluhaha/pfbid0YYTqfgbgwKaPQSpKFz5GQPxYAuPn1Tq32EBhnA9KhvJwGhAgCc5NWTjjMEgkYkZDl","Puke mayil da  thatta  pàkayo"
"Pawan Pawan","https://www.facebook.com/people/Pawan-Pawan/pfbid0uPwEdurfpRHNbFwXTrMVRJdjBhJXA9q1iMSfBVz4R8jSH8YAsZL95WWUWc73pBml","ගණිකාවක් කිව්වලු  ඒ අයියා මගේ අතකින් වත් ඇල්ලුවේ නෑ කියලා අප්පා"
"සහන් සහන්","https://www.facebook.com/indika.wijebandara.714","ජාති වාදඅයො"
"Shan Sherin Silva","https://www.facebook.com/shan.sherin.silva","Pinata kana thatta huttige puthej"
"Lucky Kuruvita","https://www.facebook.com/lucky.kuruvita.7","එතකොට රට කඩාවැටෙනකන් හොරකං කරපු රාජපක්ෂල  ධාර්මිෂ්ඨයිද බං."
"Dimuthu N. A. P","https://www.facebook.com/dimuthu.predeep.18","ජාති වාදේ අවුස්සන හැම එකාම නීතියෙන්  දඩුවමි දිය යුතුයි"
"Kelum Dilhara Jayakody","https://www.facebook.com/dilhara.jayakody.5","මහන උනේ රහත් වෙන්නලු මහන වෙලා උනේ මහත් උණ එක විතරයිලු"
"Madu'ra Senevirathne","https://www.facebook.com/madu.senevirathne.921","ඊට කලින් බුදු හාමුදුරුවොත් එක්ක Face to Face හිටගෙන ඇහුවා නම් තමන් කොච්චර ධාර්මිකද කියලා නේ? 😄"
"Gihan Shanaka Korala","https://www.facebook.com/shanaka.gihan","Ammo muge heti Aalawaka yakshaya wage"
"Krishman Gayashan","https://www.facebook.com/krishman.gayashan.2025","පොඩිඩක් නතර වෙලා මහණ වෙන්න.එතකො⁣ට ඔය ප්‍රශ්ණ ඉවරයි"
"Shashiya Sh","https://www.facebook.com/shashiya.shashi.120977","ekak iwara wenakota thawath karumayak 🤮🤮🤮🤮"
"Sameera Vidanapathirana","https://www.facebook.com/sameera.pathirana.14","අධාර්මික නායකයෙක් ගෙන් සමාව ඉල්ලන්න ලැජ්ජ නැද්ද තමුසෙට 🤭🤭🤭"
"Manju Kariyawasam","https://www.facebook.com/people/Manju-Kariyawasam/61592872823360","මුන් වගේ කාලකණ්නි තට්ටයොන්ට පාර දිගේ හෙලුවෙන් ගහ ගහ එලවන්න ඕන. බුද්ධාගම කන තුප්පහි බල්ලෙක්"
"D.M. Dissanayaka","https://www.facebook.com/people/DM-Dissanayaka/pfbid02SAnZQRvQyWfqQVuWJUhRuA1aFWHzYsKDsxkrhSvEtaF4UKeXHpuEWpSYPCvn5Yusl","ඔක්කොටම කලින් මහන වෙන්න බලන්න"
"Janaka Manjula Wimalaweera","https://www.facebook.com/janaka.wimalaweera.7","Oba wahanse hariyatama Hari....."
"Upul Magage Magage","https://www.facebook.com/upul.magage.3","අවු සීයක් සිවුරු දාගෙන හිටියත් වැඩක් නැ,තවමත් ගිහියොන්ට වඩා අන්තව හැසිරෙනවනම්,ඉස්සෙල්ලාම හැමදේකම අනිත්‍ය බව මෙනෙහි කරන්න,fb පිටුවත් ඒ වගේ තමයි,"
"Pamudya Mestiyage","https://www.facebook.com/pamudiya.vishwa","rajapaksha nikaya avilla aye"
"A.P. Rathnapala","","ගොං කතා කියන්න එපා. දැන් ජනතාව බුද්ධිමත්"
"Red Rosie","https://www.facebook.com/people/Red-Rosie/pfbid01EQf1X7R5hqnpTYAKv9SqKL97Dpp2DyMdiN74Un7kLU3EshdzTgqcjnQja3atoyBl","Mekath balalama innako dharmika kama   https://www.facebook.com/share/v/1JZroE6WiB/"
"Dilan PraboDha","https://www.facebook.com/dilan.prabodha","මුන් නිකන් කුඩු ගහපු උන් වගේ හැසිරෙන්නෙ. මිනිස්සු බෙදා භින්න කරන, මේවා වගේ අධර්මික මහණෝ ශාසනයට ගරු කරන, ආදරේ කරන රටේ මිනිස්සු එකතු වෙලා ගහලා පන්නන්න ඕනෙ."
"Harinda Madhuwantha","https://www.facebook.com/harinda.madhuwantha.1","කාලෙන් කාලෙට මොකෙක් හරිම මේ වගේ කාලකන්ණියෙක් මතුවෙන එක ලංකාවට අරුමයක් නෙවෙයි... මේක මහා කරුමයක් බුදු දහම විකෘති කරන්න ඔලමොට්ටලයෙක් එනව. කාශ්‍යප හිටිය ඉත්තෑකන්දේ හිටිය ඥානසාර මුන්ගේ ආයෙ වෙනසක්ම නෑ සාසනේම කන්න ඉපදුන සක්කිලිම සෙට් එකක් අධිකරණ තීන්දු පිළිගන්න මුන්ට බැරි වෙන්න බෑ.. හැමදාමත් චීවරය අවභාවිත කරන්න කිසිවකුට ඉඩ නොතැබිය යුතුය... නැත්නම් මේ රට හදන්න බෑ කවමදාවත්"
"Sampath Samarasekara","https://www.facebook.com/profile.php?id=100003101948539","ඕගොල්ලො මචං කවදාවත් සිරුරට කරන්න එපා. අපට කෙලවුණේ ඒකයි. උඹලා මිනිස්සුන්ගේ ගුණධර්ම වලට ගරුකරපල්ලා ل එතකොට මේ වගේ සිවුරු රඳවනවලට සමාජ පැවැත්මක් නෑ"
"Trinco Male","https://www.facebook.com/trinco.male.12","sivura avabavatha karanava"
"Chandima Hettiarachchi","","Awadane illanne 😂🤦🏻"
"Saman Panditharathne","","මාරයගේ සේනාව හැම තැනම"
"Rayoni Sherina","https://www.facebook.com/people/Rayoni-Sherina/pfbid02s1NqR4GcwLwMKTM2pABNLUkoys5YiqCyxn9LCSbyBhmgLg7sWPGKDuvFEooDfTTFl","කර්මයට බය නැද්ද"
"Praneeth S Samarasinghe","https://www.facebook.com/praneeth.samarasingh","ඤානසාර lite version"
"Pradeep Amarasinghe","https://www.facebook.com/saduni.hansika.180625","Ekatama poddak mune ඉරියව් balahan katha karana widiha thamange muna kannadiyen balanna oni ethakota therei thamange thathwe"
"Rm Janaka","https://www.facebook.com/rmr.janaka","හාමුදුරුවො නම් සුපිරියටම දෙනව"
"Mahesh Kumara","https://www.facebook.com/mshesh.ku","Kalakanniya"
"Nadeeshani Priyangika","","තමන් ධාර්මිකද 😂😂"
"Gamini Waliwita","https://www.facebook.com/people/Gamini-Waliwita/pfbid0W6APscBMGrQ5c2ZBTtBjSMY54ZWGNwRQ31yZvVmN47oLCrtb3zt69Cxz3sJ6ZeMjl","දේවදත්ත පරපුරේ එකෙක්....."
"Dinesh Jothirathna","https://www.facebook.com/dinesh.jothirathna.2025","තවත් ආතල් එකක් දෙන්න වගේ හදන්නේ..."
"සමරසිංහ සමරසිංහ","https://www.facebook.com/ls24cf4uab","ඇයි වෙන වැඩ නැහැනේ මෙයත් එක්ක වාද කර කර ඉන්න"
"Anusha Jayakodi Jayakodi","https://www.facebook.com/anushajayakodi.jayakodi.1","Oita wadiya nambui galkissata gihin sudde kuta puka deepan kari gothaya"
"Ravidu Heshan","https://www.facebook.com/ravidu.heshan.79","Bota trck da?"
"Gayan Sampath","","තිත්තයටයි , කැකිරියටයි කෙල වෙලා නේද ?"
"Raji Diyana Abeywardana","https://www.facebook.com/raji.abeywardana","Anura hodai bun tho ne sakkilie ganaya thoge keruwawa api dannawa api as dekata dakala tiyanawa sasane kala minisunge daruwange oluwa winasa karanna apu paraya"
"Kasun Madusanka","https://www.facebook.com/kasun.madusanka.5473","Buddagama winasa krnne me wage minissu. Netuwa wena agamawla aywath mahindata chnde denne neti minissuth neme."
"Jayantha Jkp","https://www.facebook.com/jayantha.jkp","Pissek"
"Gayan Wadasinghe","https://www.facebook.com/gayan.wadasinghe","මුන්ට මහනකම හැරෙන්න වෙන ඔක්කම පුළුවන්.. චීවරයට අගෞරවය කරන්න එපා.."
"Indunil Umali Samararuwan","","අනේ කටවහපිය"
"Viraj Kg","","මූට මයික් අල්ලන එවුන්ට ගහන්න ඕන... 🤐🤐🤐"
"Nimantha Gamage","https://www.facebook.com/people/Nimantha-Gamage/pfbid0QB8jvGCM74ex4ML7Z84NrtJPKj3MprZHDYv6gb8wVyuaayDh5uePNYdcnDtPMF7nl","ඉස්සෙල්ල ගිහිල්ල බුද්ධාගම ඉගෙන ගනින්."
"Lakshan K Liyanage","https://www.facebook.com/rlkliyanage","බඩට හරියට නොකා නොබී ජීවත් වෙලා, ඒ ජිවිතෙන් ගොඩ යන්නෙ කොහොමද, ඉක්මනිම් ලෞකික සුඛය ලබන්නෙ කොහොමද, චීවරය මොනිටයිස් කරන්නෙ කොහොමද කියල දැන ගන්න කැමතිනම් මේ තෙරුන්ගෙ ජීවිත කතාව හදාරන්න"
"Sethum Chami","https://www.facebook.com/sethum.chami.2025","මු තමා ආ ගම කන්නේ"
"Nilantha Suvapath Pmv","https://www.facebook.com/pmv.nilantha","මරු රහත..."
"Udara Hewage","","මුට දෙකක් ඇනපල්ලකො එකෙක්"
"Sabara Gamuwa","https://www.facebook.com/people/Sabara-Gamuwa/pfbid02boBFgft5jMh1hwkjYktmqWAdLp3x9zgspyoJkpW6mLgvW3Dj33qP3v74npGEVaejl","මෙන්න මේ වගේ කාලකන්නි සක්කිලි සාසනෙන් නෙරපන් ඕනි"
"Kavi Gamage","https://www.facebook.com/people/Kavi-Gamage/pfbid02EMVZjvbjJAMfDdQ5qgxZz5JDqXijB66WEUFaGgC89VVpWCvXuQiaMAvJbSMZ5827l","දඟලලා දඟලලා හාමුදුරු නමකට නොසුදුසු ආකාරයට හැසීරිමෙන් ස්භාවධර්මයෙන්ම අචිචු කරනවා. මනුස්සයන්ට අහිතකර සතුන් කැලෑවල් වලටත් මනුස්ස ආශයට සුදුසු සත්වයින් කූඩු වලටත් ගැට ගහවලත් සෑදීමට ස්භාවධර්මයෙන් ගන්නා ලද තීරනයකි. එයට නොහැකි නමි මනුස්සයා විසින් එම වනචාරින්ව කබයකට හෝ කූඩුවකට සීමා කල යුතුයි."
"Pmg Wijerathna","https://www.facebook.com/pmg.wijerathna","Mu mahana karanna aepa dannma"
"Rashmika Madushanka","https://www.facebook.com/people/Rashmika-Madushanka/pfbid04imuM4doMEYWP7DsSFKwbYqgCLh392aK9TuZqQb7Ukq4mW1YDvCpqCmMSGs2AsRKl","Thiththagalle Anandasiri Himi thanikarama sakkiliyek"
"Suneetha Sukumala","https://www.facebook.com/people/Suneetha-Sukumala/61581521258908","සිවුරු පොරවගත්තු තට්ටයො"
"Dasun Weerasinghe","https://www.facebook.com/dasun.weerasinghe.735","පෝහෝට්ටුවේ ජොබ් එකක් කරන්නේ"
"Dhananjaya Peranuwan","https://www.facebook.com/dhananjaya.peranuwan.9","උඹ මහණවෙලා හිටපං ඔක්කොටොම කලින්"
"Gayani Herath","https://www.facebook.com/ashan.herath.73","Meka, sure, ekata galagoboda aththege tharaha karayek. 🤣🤣🤣"
"Thushara Sampath","https://www.facebook.com/thushara.ranasinghe.52","මාර සල්ලියක්නෙ තියෙන්නේ පේජ්කාරයො ටික ඔක්කොම සල්ලි වලට අරගෙන..."
"Buddika Jayasekara","https://www.facebook.com/buddika.jayasekara.18","රටේ ජනාදිපති කොහෙවත් යන කුලප්පු වෙච්ච ගොනෙකුට උත්තර දෙන්න ඔනද බුද්ද චීවරය දරන් අපිට පවු පුරවන්න එපා ඔක ගලෝල වරෙන් පේස්ටු පේස් පෙන්නන්න"
"Madeera Piyushan","https://www.facebook.com/madeerapiyushan","මේ පිස්සව මහණ කරන්න 😂"
"Fæńķýý Ýáśhõđ","https://www.facebook.com/fnkyyyasho","දේන දේයක් කලා පන්සට වේලා හිතපන්😁😄"
"AK Karu","https://www.facebook.com/mgak.mgak.946","FB app eke anurage nowei kohen hari pilikawak enawa munge heti dekkama kiyanna puluwan Mona wargayatada aithi kiyala seelawantha bikshuwaknam nowei"
"Nissanka Nissanka","https://www.facebook.com/nissanka.tilake","Thopina adarmika"
"Krishan Eranga","https://www.facebook.com/krishan.eranga.2025","Pinata gilina mona gobbeyakda bola uba"
"Prdeep Kumara","https://www.facebook.com/prdeep.kumara.323823","පිස්සො තමා එන්නෙ"
"Asoka Senadeera","https://www.facebook.com/people/Asoka-Senadeera/pfbid0hZ9HCtQ9xHaZkUv2AMP69fdjtoh7U1KK4gsZim1Nbfcm65fy9uuu6tfFiUnSfsYkl","අපේ රටේ මිනිස්සු"
"Chaminda Kumara","https://www.facebook.com/people/Chaminda-Kumara/61572835247143","ඔයාට වෙලා තියෙන්නෙ දැන් පිස්සු"
"Nimal Perera","https://www.facebook.com/nimal.perera.597092","Hdap Ew khd"
"Ranjan Wickramasinghe","","ඥාණසාරයාගේ පාළුවට මෙන්න මේ පිස්සු pacaත් යැව්වා නම් වටිනවා 😄"
"Ganegama Gedara Nishatha","https://www.facebook.com/ganegada.gamage.nishantha.kumara","ගිලල පිස්සු මුන්ට"
"Sri Lankan Rock","https://www.facebook.com/sri.lankan.rock.2025","Tawa 1k"
"Samantha Harshakumara","https://www.facebook.com/samantha.harshakumara.1","අනේ විකාර මෙීවානම්"
"Sudath Chandra","https://www.facebook.com/sudath.chandra","අනිවාර්යයෙන්ම සිංහල ජාතියටත් බෞද්ධ ආගමටත් සතුරුකම් කරන්නේ ජරා ජෙප්පෝ බව මෙතැන ඇති කමෙන්ට්වලින් පැහැදිලි වෙනවා. ඉදිරියේදී නාමල් හෝ සජිත් මේ තත්ත්වය නිවැරදි කරනු ඇතැයි බලාපොරොත්තු වෙමු."
"Anush Weerasekara","https://www.facebook.com/anush.p.weerasekara","Kauda oii me pakayala"
"Thusitha Chathuranga","https://www.facebook.com/thusitha.chathuranga.468423","මුට page එක  block උන එකට dukak thiyane"
"Nimal Gallage","https://www.facebook.com/nimal.gallage.56","ඔයා අනාගත්ත පව්"
"Indika Mahawela","","HUTTHIGE PAKAYA THO GHING MINAGE SARAMA USSALA PAKA URAPAN BATH BAKAYA😀😀😃😃"
"Gihan Bandara SK","https://www.facebook.com/gihan.chamika.90","නානසාර එක්ක මූවත් යවන්න ඕනෙ ගෝතයා"
"Ravishan Siriwardhana","https://www.facebook.com/sulakshana.ravishan.9","කලු තට්ටයා.අනුර නෙවේ ෆේස්බුක් සස්පෙන්ඩ් කරන්නෙ.තට්ටෙ පලන්න ඕනෙ මුන්ගෙ.😂"
"Nadeep Salinka","https://www.facebook.com/nadeep.salinka","Mata salli ona"
"Tharanga Rathnayake","https://www.facebook.com/tharanga.rathnayake.94","Ane palako allwada ban"
"Reedluke Reedluke","https://www.facebook.com/people/Reedluke-Reedluke/pfbid0nTxp8D7HJeuiyMNLmvbv93sJZsQRf1iupcMkv2DHadYEy9rVPkMFtHBdY83mW18ul","Huttho anuragea ballaeath eannea neha tho wagea pagara natta"
"Priyantha Nanayakkarawasam","https://www.facebook.com/priyantha.nanayakkarawasam.1","මෙයා කරන්නේ කාගේ හරි කොන්තත්තුවක් නාන සරා ට නිදහසක් ලැබෙන්න තිනම් එකත් නැති කරනෝ"
"Chandra Rathnam","https://www.facebook.com/people/Chandra-Rathnam/pfbid0WVeFBBStsW5Hpfr6JpHJhtKWyMQitwCwFS7g82Hm7EVwq3NXu9V7bY1owQLvnrMfl","Rajapaksalage kade yana ekek"
"Chatura Wijetunga","https://www.facebook.com/chatura.wijetunga.5","උඹ බීලද බන් පිස්සු කියවන්නෙ ?"
"RevKiribathkumbure Chandananda","https://www.facebook.com/chandananda.kiribathkumbure","අවදානේ ඕනේ 😁"
"Prashan Dematage","https://www.facebook.com/prashan.dematage","මුංගෙ හැටිි බලපන්..පෙරේතයෙක් වැහිලා වගේම මූන..."
"Sanjaya Dinesh Pathirana","https://www.facebook.com/profile.php?id=100003827547440","Theruwan saranai Ape hamuduruwane awasarai"
"明金","https://www.facebook.com/profile.php?id=100001028287310","අනුන් ගැන හොය හොයා පීචං වෙන්නේ නැතුව සැමට යහපතක් වෙන දෙයක් කරා නම් අගෙයිනේ හිම්යනි හොරුන්ට දූෂිතයන්ට කඩේ යන වෙලේ"
"Sami Sami","https://www.facebook.com/people/Sami-Sami/pfbid02xygWrUtrxYaZYbb7fvRRpdbk648uQLyBcFuzDYb6P6X8ZeCWuTWx3kUHo2pC8hFTl","මේ වැඩ වලින් අපිට බුදුහාමුදරුවන්ගේ නිවැරදිව බුදු පුතුන් අදුරගන්න පුලුවන්."
"Dananjaya Gunathilaka","https://www.facebook.com/profile.php?id=100004590518726","අනේමුගෙ ධාර්මික කම"
"Sudaksan Sudaksan","https://www.facebook.com/profile.php?id=100000764272744","Puka nodeyi I dapan pakaya.. Tho waga hiwalak akka anura waga sinhaya tapulanna naha ballo.. Uba kauda kiyapanko.. Uba mokakda ban. Uba porak wanna athyi naki lokkiyo laga... Budu hamuduruwangan darshanayak wekunana.... Nathyiwa uba mokakda ban.. Puka bima anaganna nathyiwa edaoan"
"Wijewardena M Chamin","https://www.facebook.com/madura.wijewardena","Thawath pissek"
"Buddika Art","https://www.facebook.com/buddika.art","පිං බත් ටිකක් කාලා පාඩුවෙි හිටපන් පිමිපියෝ"
"රොෂාන් රොහිත","https://www.facebook.com/people/%E0%B6%BB%E0%B7%9C%E0%B7%82%E0%B7%8F%E0%B6%B1%E0%B7%8A-%E0%B6%BB%E0%B7%9C%E0%B7%84%E0%B7%92%E0%B6%AD/pfbid02bibDcABYjjiP4hzG34zdE8TPp6DuZnX8C5ViUfS4jKnUGmz8v1GtkkAKpwBRDWMYl","තිත්තියා. කොකගෙ කටට යන්න ලගඉ වගෙ"
"Sugath Dasanayaka","https://www.facebook.com/sugath.dasanayaka.1788","එච්චර දේවල් කරන්න ඕන නෑ අවසර... දැන් මුළු ලෝකෙම දැනගත්ත කව්ද ආධාර්මික කියලා 😂😂😂😂😂😂"
"Supun Nishara Weerasinghe","https://www.facebook.com/people/Supun-Nishara-Weerasinghe/100009029197799","හම්බ කරන් කන්න හදපු එකටත් කෙලියා නේද සාදු 😂😂"
"Kathiriarachchige Samantha","https://www.facebook.com/kathiriarachchige.samantha.7","Kasada badapan"
"Harshana Ekanayake","https://www.facebook.com/harshana.ekanayake","ෆේස් ටු ෆේස් කියල හැරිල බලන කොට ෆේස්බුක් එකත් නෑ.🤣"
"Kapila Siriwardena","","හරි ඉතිම් කමක් නෑනෙ. ඒ අධාර්මිකබවට අපි නම් පට්ට ලව්😜😜"
"Ajith Suraweera","https://www.facebook.com/ajith.suraweera.350734","සිවුර දාගත්තු පිස්සෙක් ආයේ ෆොම් වෙලා"
"Ravindra Hegoda","https://www.facebook.com/ravindra.hegoda","ඔව්  ටිකක් පුප්පනවා වැඩියි තමයි,නිය පොත්තෙන්ම කඩල දාමු."
"Upul Priyatha","https://www.facebook.com/upul.priyatha.923","සාටක  හොරු....සමග   ........අධර්මෙ......"
"Nisala Hadawatha","https://www.facebook.com/people/Nisala-Hadawatha/pfbid0ExsrNLkfqoKKgFHnqL4Wu5jPeS8x44YdicDg5oraiawxniy7qxPAaiipDKxzi7wUl","Mokakda mu"
"Chris Kevin","https://www.facebook.com/people/Chris-Kevin/100072459404954","පිස්සු ඩබල් වෙලා.මන් පොර කියලා හිතාගෙන ඉන්නේ. මුන් මොනවට මහන උණාද මන්දා."
"Nalin Jayasuriya","https://www.facebook.com/nalin.thushantha","අනුරගෙ මයිලක්වත් වටින එවුන්ද මුං මූනට මූන ගෙන්නන්න 🤣 පව්😥"
"Chaminda Perera","https://www.facebook.com/priyal.perera.391","බූරුවෙක් මහණ වෙලා"
"කවිරංග ශාන්","https://www.facebook.com/dmkaviranga","ඔයා මිනිස්සුන්ගෙ චරිතය ඝාතනය කරේ නැත්තෙ  මොකෝ මේ ලගදි දාල තිබ්බෙ තමන්ගෙම ලග මහණ උන කෙනෙක්ට සුපිරි වචන ටිකක් 😂😂😂  එතනදි ඔයා බුද්ද ශ්‍රාවකයෙක් නෙමේද 😂😂😂"
"Nilantha Ranaweera","https://www.facebook.com/nilantha.ranaweera.2025","දායකයෝ දානේ දෙනවද  දායකයෝ 🐂🐂🐂🐂🐂🐂 ද"
"Ashan Kariyawasam","https://www.facebook.com/people/Ashan-Kariyawasam/100078199077522","Tho Mona Pissu huthekda yako moda pakaya pala pala gihin mahana veyan Pissu huuuutta🤣🤣🤣🖕"
"Jaya Lal Rodrigo","https://www.facebook.com/lal.vithanage.56","Thawath baila karayo.... horunta Kade yana pamanai danne."
"Bandara Rhms","https://www.facebook.com/bandara.rhms","උබේ ගමන උබ පලයන් අපේ ගමන අපි යනවා.2060 දක්වා.උබ නැත.එතකොට. උබ ඒ ගමන ගිහිල්ලා බව අපි දන්නවා."
"Gamini Sumanarathna","https://www.facebook.com/hhg.sumanarathna","අනුර බල්ලෝ එක්ක ලගින්නේ නෑ බං"
"Hasindra Pramuditha","https://www.facebook.com/hasindra.pramuditha.5","සිව්ර ගලවලා ගු කාපිය 🐕"
"Dushshanka Kumara","https://www.facebook.com/dushshanka.kumara.1","බොලා ධාර්මිකද?"
"Udara Sampath","https://www.facebook.com/udara.sampath.125","තෙරුවන් සරණයි කියල පටන් අරන් වෛරයෙන් කතා කරන හැටි....."
"Madushanka Bandara","https://www.facebook.com/indika.m.bandara","ට්‍රැක්ද wsgpt"
"Nu Wan Amila","https://www.facebook.com/nu.wan.amila.982867","පිස්සු වුත්තෙක්  🥸"
"Kumudu Jayaweera","https://www.facebook.com/profile.php?id=100003781135751","මේ මොකෙද්ද ජනතා වැඩි චන්දයෙන් පත් වූ විධායක  ජනාධිපති  එක්ක හැප්පෙන්න එන්නේ,"
"Dulshi Nimesha","https://www.facebook.com/dulshi.nimesha.3","😂😂 දැක්කම පේනවා සිරුර දාලා තියෙන්නෙ ඇගේ පාලුවට කියල.."
"SN B Sasidara","https://www.facebook.com/sasi.nimalan","මුව ජාතක කෙරැවෙ කවුද ? බං"
"Shamal Jayawickrama","","වැරදි කරෙත් කලින් ආන්ඩු කාලා නඩු දැම්මෙත් ඒ කාලේ තින්දු දුන්නෙත් ඒ කාලේ සමාව දුන්නෙත් ඒ ගිය ආන්ඩු කාලෙන්.දැන් කොහෙවත් ඉන්න අනුරයෙක් වැරදි වෙලා තියෙන්නේ මාර මගුලක්නේ ඔයි මේක.එ මිනිහව මිනිස්සු පත් කරේ රටේ පර්ශ්න විසඳන්න නැතුව වෙන මගුල් කරන්න නෙමෙයි"
"Kate Arinawa","https://www.facebook.com/kate.arinawa","Thopi mahanawelath adharmikay siurathiyala palayan"
"All U Need","https://www.facebook.com/naleen.kumara.90","Apita Kun....enawa pawu sidda karanna epa oya siwarata nathuwa Siwara dagaththa paliyata hamotoma ba"
"Rmsi K Rathnayaka","https://www.facebook.com/rmsi.k.rathnayaka","මූට දානේ දෙන්නෙපා බොලව්........ගූ දීපල්ලා"
"Chamila Jayashantha","https://www.facebook.com/chamila.jayashantha.98","හාමුදුරුවොන්ට අපි බනකියාදෙන්න වෙලා  තියෙන්නෙ  දැන්"
"Nadeeshan Lakmal","https://www.facebook.com/nadeeshan.lakmal.129","පල.පල කහකඩයා.. ගලබොක නම් තක්කඩියා හිරේ යා යුතුමයි...."
"Sujeewa Premadasa","https://www.facebook.com/sujeewa.premadasa.2025","පල හොතම්බුවො යන්න මුන් තමයි රටට වින කරන්නෙ"
"Stef F'dez","","තට්ට දොදොලා රට කාපිය"
"No Words To Say","https://www.facebook.com/thusitha.niroshana","පුදුම කරදරයක් මේක නම් 😒"
"Aaryan Juliya","https://www.facebook.com/ariyawansa.juliyabaduge.1","ඉතින් පෙරකදෝරුවෙකුත් ඉන්න එකේ , නඩු දාපන්කෝ. අදහස් දැක්වීමේ නිදහස නැතිකලා කියලා ."
"Mahaguruge Srinath Rajiv Fernando","","මේ අසූචි අනුභව කරන කහකඩයන්ගෙන් මාර කරදරයක් නේ තියෙන්නේ. සිල්වත් භික්ෂූන් වහන්සේලාටත් මේ වගේ වහල් සක්කිලි හැත්ත නිසා සමාජයේ තිබෙන ගෞරවය හීන වෙනවා"
"Sunil Shantha","https://www.facebook.com/people/Sunil-Shantha/pfbid0ScLpT5RqeW5D8PemKHP6j2ScJh1QiveRizSPZcdcbZKaG25TVmmc21n7eKmyWGxPl","Tika kalekata pissek eliyata enawa."
"GP Jayada Bandara","https://www.facebook.com/pragesha.hirun.bandara","එකපාරක් රැට නොකා හිටියනම් හර්"
"Nimal Premarathna","https://www.facebook.com/nimal.premarathna.9440","මුගේ මුන දැන්නහම පේස්ටු පේසේ එන්නේ මොන එකාද මේයාලා චනල් හදාගේනමයි මහන උනේ මුන් තිත්ත නොවේයි වහකදුරු මේ රටට දන් මේයාට පැලවත්තේ උන්  පචයෝ අනිත් උන් කොහොමද දන්නැ බුදුන් වහන්සේ කවුද මේයකා කවුද මේවට මුන්ට මොන රජය්ක් යටතේවත් දගලන්න දේන්න හොද නෑ ඕන මගුලකට ජනාදිපති පලිද බොල දර්මයට අනුව ජීවත් උනානම් මොන ප්‍රස්නයක්වත් නෑ මාද්ද්‍ය ආයතන වගේ වැවු හදනවා වතුර දේනව පන්සල් වලට ලයිට් දානවා මේවා කරලා ජනයා අල්ලගේන ඉට පස්සේ උන්ව මුලා කරනවා උන්ගේ කුනු කන්දල් වලට මිනිසුන් නැබුරු කර ගන්නවා"
"Dinesh BK","https://www.facebook.com/profile.php?id=100006934411976","රාජාංගනේ හාමුදුරුවෝ සෙට් කරන්නද ෆේස් ටු ෆේස්,"
"Sudeera Jayawardena","https://www.facebook.com/profile.php?id=100086293085569","සිවුරක් දාගත්තට හරි පොතේ තියෙන ධර්මය දැන ගත්ත කියලා හරි ධාර්මිය වෙන්නේ නෑ බන්😂. කියන කරන ජීවත් වෙන විදිහෙන් ඒක ඉස්මතු වෙන්නේ😂. මේ වගේ සිවුර දාගත්ත උන්නම් ශාසනෙන් නෙරපන්න ඕනා මිත්‍යාදෘෂ්ඨිකයෝ"
"Ranjit Wimalaratne","","Bucket pandithaya?"
"Shevon Mathews","https://www.facebook.com/nadun.jayasinghe.878820","ඕන තට්ටයෙකුට සිවුරක් පොරව ගන්න පුලුවන් කියල ඔප්පු කරපු මිනිස්සු."
"AD Hettiarachchi","https://www.facebook.com/ad19910113","කලින් හිතං හිටියා මොළේ තියන කෙනෙක් කියලා දැන් දන්නවා එහෙම නෑ කියලා"
"Ravi S R Ravi","https://www.facebook.com/jeff.aberion","මහණ වෙයන් hutto"
"Indika Kumara","https://www.facebook.com/indika.kumara.15101","මේ  කහකඩයා  මොකාද"
"A R Indika Thushara","https://www.facebook.com/indika.thushara.549436","පංසලට ගිහිං අටලෝදහම ගැන අවබෝධයක් ගත්තනං හරි ..මාධ්‍යට වැදිබන කියන වෙලාවඅපරාදේ"
"Ishan Kodithuwakku","https://www.facebook.com/Ishan.profile","ජනාධිපති සමාව ගන්න නම් ඔහොම බෑ.🙂 ජනාධිපති අධාර්මික නම් සමාව දෙන්න ඕන්නෑනේ..දැනටමත් අධාර්මිකයිනෙ.😅"
"Ruwan Lalindra","https://www.facebook.com/ruwan.lalindra.5","ඉතිං අපිට පාංද , බලපන් උබේ හැටි දැං ටිකටික පෙරේත පෙනුමක් එනවා"
"Hema Kandambi","https://www.facebook.com/hema.kandambi.9","සිවුරු හොරු බුදු දහම වනසනවා"
"Mudiyanse Aththanayaka","https://www.facebook.com/mudiyanse.aththanayaka.5","මට හිතෙන්නේ  උතුම්ස නිවන සදහා අරහත් දජය දරාගෙන fb කමටහනක් කරගෙන මග වැරදිලා සාටකෙ නිසාඅපාගත වෙන්න දගලන අපේ කාලේ දෙවදත්තයෙක්"
"Chandimal Sanjeewa Athukorala","","මූ මොන පගෙක්ද"
"Dinesh Ajith","https://www.facebook.com/profile.php?id=100008485350781","ඔය ධර්මය නෑමොලයට කියලා දුන්නනම් ඔහොම බුරන්ඩ වෙන්නෑනේ😹"
"Damayanthi Rodrigo","https://www.facebook.com/damayanthi.rodrigo.79","Naamolaya rimand karapu dawase idala  meya kaagahanawa.  Banak bawanawak karagena hitiyanam iwarai. Horunta kade yanne nathuwa.  Mulinma silwath gunawath wenna. Rate janadipathita apahasa nokara"
"Vidu Perera","","Damayanthi Rodrigo මේ රාජපක්ස නිකායෙ වෙස්වලාගන හිටපු සිවුරු රදවනයක්!මතකද ආන්ඩුව වෙනස් වෙච්ච ගමන් බයට අර ""ඇපල් සාදු"" කිව්ව හාදයා සිවුරු ඇරලා රට පැන්නා? මේත් අන්න ඒ සෙට් එකේ එකෙක්.ශුවර් මූත් නාමල්ගෙ හොර සීන් එකක කෙලවරක හැඟිලා ඇති! ගූ කාපු නිසා දැන් දඟලනවා උනු හැලියෙ කකුලුවා වගේ!"
"Sameera Sadaruwan Koongoda","https://www.facebook.com/sameera.sadaruwan.koongoda","Yakek vagee muu"
"Nuwan Lakmal","https://www.facebook.com/people/Nuwan-Lakmal/pfbid02YFKLXsr1bQf1N5Ge6GPQSr3PKneTeBNG9bexumfkj53aE4rpv4hsJrJSua6qbrbgl","නෑමොළයගෙ පුග හෝදන තවත් බිස්න්ස්කාර තට්ටයෙක්😅😅"
"Wasantha Ranathunga","","මොකෙක්ද මේ....සිවුරට මුවා වෙච්ච හිකනලයෙක්.."
"Dakaa McQueen","","🤦🏻‍♂️🤦🏻‍♂️🤦🏻‍♂️ kawda ban me pissu huu## media walata coil da ban minta mic allanna"
"Chinthaka Ranasinghe","https://www.facebook.com/chinthaka.madhuranga","Me wge pagayalat mic allana thopita maduwlaigen gah. Oon"
"Riz Riz","https://www.facebook.com/people/Riz-Riz/pfbid0343M7nDjjWLqo7bEjmG82YeS5mKDVkZgFY8A3vSkKDX27gqVCaREovPAX6AYRCx8ql","තව ගෝරිල්ලෙක් 🤮🤮🤮"
"Premasiri Rathnayake","https://www.facebook.com/premasiri.rathnayake.2025","බුද්ධ ශාසනය විනාශ කරන්න තෝ වගේ   නිගණ්ඨයෙක් තවත් කොහෙද බං"
"Harsha Gayan","https://www.facebook.com/harsha.gayan.58","Thwa gonek awith"
"Indika Gayan","https://www.facebook.com/people/Indika-Gayan/pfbid02DQn8xPUeBb6sDmto5fUJDvbz82oM9s88ZRBtrQLWFALmQfPe6gurwYpoDVGSJ9RQl","තොගේ අම්මගේ රෙද්ද බොල සක්කිලියෝ"
"Kumara Samarakoon","https://www.facebook.com/kumara.samarakoon","පකො නවත්තපං හොර සාටකේට කඩේයන එක"
"Samith D. Amarasena","https://www.facebook.com/samithdilanka.amarasena","ගලබොඩත්තෙගෙ ලයින් හොරාට උස්සන්න මු හදන්නෙ ගලබොඩත්තෙ කොහොමත් හිරේ යනවා කියලා මු දන්නවා  රාජපක්ෂලා එක්ක ජාතිවාදය පතුරවන්න ඊලග ගලබොඩත්තෙ පදවියට ඔය පොරකන්නෙ එක පාර මු  ඉස්සරලා සමන්ත බඩ්ඩ ලයින් එක ගන්න බැලුවා එක ලොකුවට වැඩ කලේ නැ දැන් ගලබොඩත්තේ අල්ලන්නෙ"
"Wasantha Fernando","https://www.facebook.com/wasantha.fernando.775","මෙ පුජකයෝ රටට සාපයක් කාලකනි 🐖🐖🐖🐖"
"Isuru Gamage","","මැරයෙක් එක්ක ෆේස් කරන්න පොලිස් නිලදාරියෙක් තමයි සෙට් වෙන්නේ"
"Sham Manjula","https://www.facebook.com/sham.manjula.79","උබලා රටට ආදරේ උන් නොවෙයි හු#තෝ"
"Chamil Ruwan","https://www.facebook.com/chamil.ruwan.904","මූට පිස්සු.තොපි වගේ කහකඩයො නිසා හාමුදුරුවොත් අප්පිරියයි🤮🤮🤮"
"Pradeep N Perera","https://www.facebook.com/people/Pradeep-N-Perera/pfbid0BJ2YiaR2HgU2ZNfnTpRi4uFDnx6tc9ocxZkcviVs9BEUbWojniy9TdCugAY9wSk1l","ඥණසාර ට ජනාධිපති සමාව දුන්නා නම් ජනාධිපති තුමා ධාර්මිකයිද?"
"Sasi Lakmal","https://www.facebook.com/sasi.lakmal","අලුත් පේජ් එක ගහගනින් පුකේ. බල්ලගේ වැඩේ බූරුවා කරන්න ගියාම ඔහොම වෙනවා ,සිව්රේ කාර්‍යභාරය කරන්නේ නැතුව එක එකාට කඩේ යන්න කියලා බුදුරජාණන් වහන්සේ දේඅහනා කරලා නෑ නේ බන්,නිවන අවබෝධ කරගන්න  හිතාගෙන මහන උනා නම් ඒක කරපන්"
"Indika Dishan","https://www.facebook.com/indika.dishan","ටිෂටිි ගොතයා ඇදපන්කලිසමක්"
"Gamage Sandaruwan","https://www.facebook.com/people/Gamage-Sandaruwan/pfbid031mK7QRuJwsTh3CNjyF73v8bpVyYrjCoAW3yAxuC2Vjg3AVRVuvKMZkVeK5dd3342l","Dr. Amith Pussella මේ පිස්සව ධාර්මික කරන්නකෝ ...පුස්සැල්ල සර් තිස්ස සර් ත්මා මේ ගොබ්බයව ෆෝම් කරේ"
"Priyantha Manuweera","https://www.facebook.com/priyantha.manuweera.1","නොදකිං කහකඩයා"
"Ratnayake Ratnayake","https://www.facebook.com/ratnayake.ratnayake.33726","පගෝ ධාර්මික- අධාර්මික කියන්නේ ආගමික සංකල්පයක්.නීතිය - අවනීතිය කියන්නේ පරිපාලන සංකල්පයක්.මේ දෙක කොහොමද එකට සසදන්නේ.  රටක් පාලනය කරනකොට සිරගත කිරීම් කරනවා.මාළු මරනවා,හරක්කපනවා,කකුලෝ එළුවෝ මස් කරනවා ඉස්සෝ බෝකරලා මරනවා,වගාවේ  කෘමීන් විනාශ කරනවා.මේවා ධාර්මිකද නැහැ.ඒත් රාජ්‍ය පරිපාලනයේදී ඒවා කරන්න වෙනවා.ඒක තමයි නීතිය.ධාර්මික වෙන්න ඕන නම් පිණ්ඩපාත කරලා වළදලා භාවනා කරපන්.එතකොට තමයි ධාර්මික වෙන්නේ.ගින්නක් පත්තු කළොත්, ගහක  අත්තක් කැඩුවොත් ධාර්මික බව කෙලෙසෙනවා. තෝ ඔක්කොම පටලවා ගත් බූරුවෙක්නෙ."
"Hettiarachchige Luxman","https://www.facebook.com/people/Hettiarachchige-Luxman/pfbid02zs7NRZ93BekXDWJfFQUhvEpyiEmsEUt5P3zisYoFrs6kXfwx5sCTjT1iW2uxCnHjl","ගොන් පෝතකයා"
"Sampath SA","https://www.facebook.com/people/Sampath-SA/pfbid0B7eoMKiS6H9ZzVLxjq5aVmuyn3uQZeRQ2gae5hj5sYxzhJm9zjQxjmUeZQcKG4kMl","අර අසූචි නාගත්ත ඌරෙක් සටනට එන්න කියල සිංහයට කිවුව කතාව අහල තියෙනවද 😁"
"Manju Gamage","","සාටකේ ගලවලා සිවුර දාගන්න අපෙ හාමුදුරුවනේ"
"Sachindra Darshana Pitiduwa","https://www.facebook.com/sachindradarshana.leelananda.1","අපි Report කරා හදන හදන එක Report කරනවා"
"Lakshan Madushan","https://www.facebook.com/lakshan.madushan.37","හරි දර්මිකය කියන්නෙ කැරි පොන්නයා"
"Saman Silva","https://www.facebook.com/saman.silva.625298","ඒකේක් හැන්ගොන කොට තව ඒකේක ඒනවා මුන්ට ජනාධිපති සමාව දෙන්න නරකයි මේනවා කරන්නද ජාතකයේ වැරදට මුන් චිවරයට අගවුරවය කරනවාද"
"Amal Ambulugala","https://www.facebook.com/people/Amal-Ambulugala/pfbid02V19WXSoEAtZ8tG9gX9FeoHV3KaJtEYnauKRFxguqq9NwkUzVbYpYGYXkAtLyeaeVl","🐃 මී ගවය"
"Sarath Vijayananda","https://www.facebook.com/sarath.vijayananda","අපිට තියෙන ප්‍රශ්නයත් අනුර අධාර්මික නොවීම.දර මිටියට ගනියි කියන බය. අධර්මිෂ්ඨ වෙනව නං ෂෝක් ඔය හොර දෂිත තක්කඩියො බෙල්ලෙන් අල්ලල හිරේට දානව දකින්න හුරතල් නොකර."
"Thilanka Sadun Nawarthna","https://www.facebook.com/people/Thilanka-Sadun-Nawarthna/pfbid02Aurd6yfWZK5YT6piqbfw18fAmgXtzxPQFNjb8CwuUgQ1NYg5AHs9RMqGuToXDJ3wl","වරෙන්කො මගෙන් එහෙම අත්සනක් ගන්න තිත්ත පම්කයා"
"Lenin Dayawansha","https://www.facebook.com/lenin.dayawansha.2025","මු වගේ හරකෙක් එක්ක මොන වාද ද බාන්"
"Pradeep Kumara Athukoralage","https://www.facebook.com/pradeep.kumara.athukoralage","අනුර අධාර්මිකයි නාන්සාර ධාර්මිකයි ප හු ය"
"Lalith Senevirathne","https://www.facebook.com/lalith.senevirathne.39","අපි ඔප්පු කරනවා තෝ අධාර්මිකයි කියලා.තොපි නිගන්ටයෝ"
"Sumith Ananda","https://www.facebook.com/sumith.ananda.122834","අනේ ඉස්සෙල්ලාම උබ මහන වෙයන්"
"Raja Rajapaksha","https://www.facebook.com/raja.rajapaksha.5","ගලය ඇතුලට යනකොට තිත්තය එලියට"
"Thusitha Perera","https://www.facebook.com/thusie.j.perera","හම්මොහ් මේයා කියන්නේ රාජපක්ෂලා ධාර්මිකයි කියල වෙන්න ඇති.... 🤮"
"Roshan Ranil","https://www.facebook.com/roshan.rani.35","සාටකේට මොනව හරි වෙද්දී සිවුරය මොනව උනත් කමක් නෑ කියල හෙලුවෙන් නටන චරිත ..."
"Nishshanka Senevirathne","https://www.facebook.com/nishshankas","පිස්සු මුසලයෙක්"
"Rohana Rathnayaka","https://www.facebook.com/rohana.rathnayaka.9847","පිස්සු කහ රෙද්දෙක් මූ ව මානසික වෛදයවරයෙකු ට පෙන්වපන් මිනිසුන් ගෙන් ගුටිකාල මැරෙන්න කලින්"
"චතුර මනෝජ් චතුර මනෝජ්","https://www.facebook.com/chathuramanoj.chathuramanoj","එක්කො සිවුරු ගලවලා ඉන්න ඕන නැත්නම් මහනවෙන්න ඕන..දෙකින් එකක් කරාම්කො"
"Ranjan Syranga","https://www.facebook.com/ranjan.syranga","Topita horu  allanakota  puduma puke amaruwak tiyenne"
"Manju Sampath","https://www.facebook.com/people/Manju-Sampath/pfbid0aDYuYcvERNrRSwb35u2m55VDv8vG9MPPeso6MCGf7RKjU9yeE5zPnspC2E7pPaLwl","මේ ටියුෂන් කඩ කාරයෝ හිංද දෙයක් බලන්නවත් බෑ...කාළකන්නි හැත්ත"
"Mahesh Rangana","https://www.facebook.com/mahesh.rangana.142860","රාජපක්ෂලාගේ අසූචි කන කාලකන්නි අපතයා ..උබට ඔහොම වෙන්න ඕනේ ..කෙදිරි ගානවා කියන්නේ ඔන්න ඕකට ..😄😄😄"
"Prasanna Dolamullage","https://www.facebook.com/prasanna.dolamullage","රාජපක්සලගෙ අසූචි කෑවම ඔහොම තමා"
"Chandrasiri Halahakoon","https://www.facebook.com/chandrasiri.halahakoon.2025","උඹ මොකුත් කරන්න ඕනේ නෑ නානසාරයාට පශ්චාත් බාගේ දෙන එක නතර කරපන්"
"Harsha Madiwila","https://www.facebook.com/people/Harsha-Madiwila/pfbid0b6SfNJGJszBnH16LRrA8rAnvHDPuZqj7kThj5TXzLXHQACcKP8fdefNYS7mX6gQLl","අඩො ගනයො අපිට පවු පුරවන්නෙ නැතුව සිවුර ගලවල තො නටපිය"
"Ravindra Ravindra","https://www.facebook.com/ravindra.ravindra.908535","මහනවෙයල්ලා  දෙෂ්‍යපාලනෙට කඩෙයන්නෙ"
"Leelananda Gabbalage","https://www.facebook.com/leelananda.gabbalage","ඔප්පු කරන්න ඕන නෑ ඔබ අධාර්මිකයි"
"Sumith Winson","https://www.facebook.com/sumith.winson","තවත් ගලගොඩයෙක් මළ පෙරේතයෙක් වෙලා බිහිවෙට වගේ බොලව්"
"Milan Bharatha","https://www.facebook.com/profile.php?id=100023562561772","බලාගනින් කන්නාඩිය ඉස්සරහට ගිහිල්ලා"
"Nalaka Munasigha","https://www.facebook.com/nalaka.munasigha","ඉස්සෙල්ලා  තොගේ දාර්මික කම පෙන්නපන්."
"Nella Fernandez","https://www.facebook.com/profile.php?id=100004663328753","අඩෝ මූ වගේ කුඩ්ඩෙක් එක්ක තර්ක කරන්න අනුරට ට්‍රැක් නෑ හුම්තෝ. මූ අදටත් ඒ ඩීල් එකේ යන්නේ. මූ කලින් අයිස් විකුණපු එකෙක්. දැනටත් ආරාමය දාගෙන ගෙනියන්නේ තනි සම්මා ජාවාරම. මෙතන තර්කයක් හදාගන්න බැරි O/L ෆේල් පම්කයා එනවා තර්ක කරන්න."
"Muditha De Silva","","😂🤣😂🤣"
"Channa Kaluarachchi","https://www.facebook.com/channa.kaluarachchi.37","https://www.facebook.com/share/r/1HGSQDssAw/"
"Shane Fernando","https://www.facebook.com/shane.fernando.503","🐂"
"Madushanka Kalpage","https://www.facebook.com/madushanka.kalpage","ඌරෙක් දවසක් මඩ වලක ඉන්න කොට ලඟින් ගිය සිංහයෙකුට කතා කරාලු.. ඌත් එක්ක ගහ ගන්න.. මූත් අන්න ඒ වගේ තමයි.මිනිස්සුන්ට පව් පුරවන කාළකණ්නිය"
"Rohan Peiris","https://www.facebook.com/rohan.peiris.393","[Image Attachment]"
"Saman Chandana Wickramaarachchi","https://www.facebook.com/samanchandana.wickramaarachchi","තවත් පිස්සු බල්ලෙක් බුරනවා,"
"Ivon Tharanga Rodrigo","","🤣🤣🤣🤣🤣🤣"
"Thrimal Gunathilaka II","https://www.facebook.com/thrimal.gunathilaka.ii","😆"
"Praneeth Madubhasitha","https://www.facebook.com/praneeth.madubhasitha","🤣🤣🤣"
"Dilini Niroshi","https://www.facebook.com/people/Dilini-Niroshi/pfbid022Lqnq79PEAAw9psmVZvDQikN3r6C3xAE5xYd5kqWBzAdGNDUAb6MuJA3qQoHGnWyl","😂😂😂😂😂"
"Sanjeewa Ruwanpurage","https://www.facebook.com/sanjeewa.ruwanpurage.7","🤣🤣🤣🤣🤣"
"RS Kumara Rsk","https://www.facebook.com/rs.kumara.rsk","අනේ බම් ආධාර්මික නම් මොකටද ගිහින් සමාව ඉල්ලන්නේ"
"Sajith Chamara","https://www.facebook.com/sajith.chamara.54","🤭😁😁😁"
"Duminda Kanishka Tudawe","https://www.facebook.com/dumindakanishka.tudawe","[Image Attachment]"
"Upali Weerasinghe","https://www.facebook.com/people/Upali-Weerasinghe/pfbid02qvuf1tvS53f3BnfhC3zrRSrFNWNM71RhkdXoFWLecLqVjw86dGmhFrkvg931vFbGl","[Image Attachment]"
"Chamara Nuwan","https://www.facebook.com/people/Chamara-Nuwan/pfbid02WhSFccRHsG6cDgJgQQRcHgids9uBLHPcBuiEiYLRsfqcv41sVT4X9UrGfqmDs4KEl","🤣🤣🤣🤣🤣🤣🤣"
"Anura Rajapaksa","https://www.facebook.com/people/Anura-Rajapaksa/pfbid02VGKwJP4oNkKMiFEEdqZVzEC5Bfd6BwgUpwgYPYsSYTzshBzW9P9SYnJtEERBU7D2l","🤣🤣🤣🤣🤣"
"Anura Harishchandra Pathiratne","https://www.facebook.com/anura.pathiratne","[Image Attachment]"
"Ajitphan Ali","https://www.facebook.com/people/Ajitphan-Ali/pfbid023MvZVWpMdmKGQxTTyVJEvF3Z81AxcXG2yK5BCcBQk6kvG5wFvQTo9dDPuc3GCapfl","[Sticker]"
"Sumith Indrakumara","https://www.facebook.com/sumith.indrakumara.2025","🩳👖🥋🤺🏋️💪🙏🙏🙏"
"Jayatilaka Herath","https://www.facebook.com/herath.sgmj","[Image Attachment]"
"Udaya Lal","https://www.facebook.com/udaya.lal.91821","[Sticker]"
"Sajith Wickramasingha","","Chamly Ambawattha"
"Yasantha Buddhika Sithkawi","https://www.facebook.com/ybsithkawi","🤣🤣🤣🤣"
"Sameera Udayanga","","යකෝ කෝටි හතර හමාරක් දීලා ආරාමෙට පාර හදලා දීපු එකටනෙ මේ කලගුණ සලකන්නෙ නෑමොලයට.🤣🤣🤣 හොද වෙලාවට නානසාරයා හම්බ උනා ඉත්තෙක් විදියට මූට."
"Thushara Abeygunawardana","https://www.facebook.com/thushara.abeygunawardana","🤣🤣🤣🤣🤣🤣🤣🤣🤣"
"Danusha Sampath","https://www.facebook.com/danusha.sampath.770985","මෙයා මේ කරන්නෙත් අදිකරනයට අපාහසයක්  අධිකරණය දීපු තීන්දුවක්  .එය නොසලකා ඊට එරෙහි වන්නන කියලා.. මිනිස්සු අවුස්සන  එක මෙයාවත් දාන්න තියෙන්නේ ඇතුලට  මේ ස්වාමීන් වහන්සේලා නෙවෙයි  ..බිස්නස් කරපු බිස්නස් නැති වෙනකොට දඟලන මුඩු මහනෝ"
"Prasanna Abeyrathna","https://www.facebook.com/profile.php?id=100001599590056","Shirantha Abeysinha"
"Jayaneththi Abeywickrama","https://www.facebook.com/jayaneththi.abeywickrama.2025","[Sticker]"
"Dinesh Rathnayake","https://www.facebook.com/dinesh.rathnayake.9250","😆😆"
"Chethiya Wijerathna","https://www.facebook.com/chethiya.wijerathna","❤️🙏"
"Dasun Kumar","https://www.facebook.com/dasun.kumar.2025","[Sticker]"
"Samantha Kelum Amarasena","https://www.facebook.com/samanthakelum.amarasena.9","මහනවෙලා ටිකක කාලයක්යනකොට මේගොල්ලන්ටත් අමුතු අමුතු ලෙඩහැදෙනවා. ජනාදිපති සමාවගන්න දගලන්නේ රනුරට පේස්ටු පේස් ගේමට එන්නලු.බයියන්ගේ පැත්තටගිහාම මොලේ පු# බහිනවද දන්නෑ"
"Milindu Sulakkana De Zoysa","https://www.facebook.com/milindu.sulakkana","😂😂😂😂"
"Nuwan Rathnayaka","https://www.facebook.com/people/Nuwan-Rathnayaka/pfbid0tFnSFQvG3MYQMWkyL9EEw42tb3wQPKrsE2Sp2KbohSfh65TCUV8T41v7XchSMJwrl","😁🤣"
"Sandun Perera","https://www.facebook.com/sandunchamr","😂😂😂"
"Amal Hilary","https://www.facebook.com/amal.helary.9","🐃🤣"
"Vimukthi Sadanuvan","https://www.facebook.com/rusiru.yasas.92","💪❤️🙏🏻"
"Ananda Jayarathna","https://www.facebook.com/people/Ananda-Jayarathna/pfbid02C76XEhoiz45qnRH5X8wDEm1GfRuuhnVXNrQg2dUV1EUoXyygJrUBLVWqGuazUqDyl","අනේ නිකන් පලයන් පොල් ඹුරැ⁣වා"
"YS Samantha","https://www.facebook.com/people/YS-Samantha/pfbid02pKkbV28gAxL6gQcajMYe7Deef9Gjb5M1Q5enDMV8RZaEBeRuxkVu7RmVErgmccwxl","උබෙ.ගමන.පලයන්අ.අපෙ.සිවරෙට.අගව්රව.නොකර.තො.මොන.හිවලෙක්ද.උබට.වැඩියෙ.දගලපු.බල්ලො.හිටියා.කොදැන්.උන්.තොත්.මොන.හිරලුවෙද්ද.යකො.බද්ද්ද.සිවරෙ.ගලවලා.ඉදපන්.අපිට.පවු.නොදි.නාකන්.දෙන.බත්.ටික.කාලා.මුට.තෙල.පකයාට."
"Thilak Kumara Dabadeniarachchige","https://www.facebook.com/thilak.kumara.dabadeniarachchige","තොපි වගේ වහල්ලු සාසනය කන බල්ලො තොපිට දේශපාලනය කරන්න ඕන්නම් ගලෝපිය ඔය තොපිට නොවටිනා අපිට වටිනා සිවුරු"
"Ratnayaks Marasinha","https://www.facebook.com/ratnayaks.marasinha","මේ කාපිරියා මොකාද?"
"Sujeewa Kumara","https://www.facebook.com/sujeewa.kumara.35380","ඒ සක්කිලියෝ මැරයන්ට කුඩ්ඩන්ට ජනාදිපති සමාව නොදීමද පකෝ අදර්මිස්ටයි කියන්නේ හොරා කාපු පරයන්ව අල්ලලා හිරේ දාන එකටද තෝ එහෙම කියන්නේ තොපිව අම්මලා අප්පලා බල්ලෝ පූසෝ වගෙ පන්සල් වලට ගෙනත් දැම්මේ කන්න දීගන්න බැරුව තොපි පින් බත් කෙලලා අතපය හැදුනම සල්ලී හම්බකරන්න සිවුර පාවිච්චී කරනවා හොර තක්කඩී දූෂිතයින්ගේ ගූ හෝදලා තොපිට යන්න වෙනම අපායක් ඕන කාලකන්නින්ට"
"Gihan Chamara","https://www.facebook.com/profile.php?id=100009300206858","ආලවක පිලිමෙකට පණ ඇවිත්ද😂"
"Sampath Senawerayhna","https://www.facebook.com/people/Sampath-Senawerayhna/pfbid0TyC5QAi26Baw4rzsk1RHzjAaTWmEkGb5Vymsvegw6BPFbH39br4uvSdgxaDjL9Etl","අනුර උබෙ අප්පද"
"samanthi samanthi","https://www.facebook.com/people/samanthi-samanthi/61591584900696","පල හුත්තො රජයට ඇගිල් දික් කරන්න ඉස්සෙල්ලාසාසනෙ රැකපන් සිවුර ගලවලා පින්බත් කන්නෙ නැතූව දෙසපාලුවන් ට කඩෙ පලයන් හොරැන්ට කඩෙ යන්නෙ දැන් බඩු නැහැ සැප නැහැ නෙද හුත්තො"
"W M Nawarathna Bandara","https://www.facebook.com/wmnawarathna.bandara","ජනධිපති තුමා  ගිහියෙක්නේ ඊට පෙර  උඹ  ධාර්මික  වෙලා  හිටපං"
"Anura Manuwendra Acharige","https://www.facebook.com/anura.m.acharige","පල බල්ල  යන්න"
"Sanka Ruwanwadu","https://www.facebook.com/sanka.ruwanwadu","Magay attyak naaaa..."
"Upul Peduruheva","https://www.facebook.com/people/Upul-Peduruheva/pfbid02aeERTfsLUoo58mQ71F3cp8i97PqeQzErudsEBZtBr7KpnyLv3Pyu2CaUMdnwkByCl","තිත්තගල්ල පුක නොදී පල සක්කිලියා"
"Nilmani Perera","","දැන් අනුර අධිකරණ තීන්දු වලට වග කියන්නත් ඕනද.. මේ මිනිස්සු කියන කතාද 🙄 ඉස්කෝලේ වත් යන්නේ නැතිව මහන උන අයගේ ගොං කතා අහලම එපා වෙනවා.. ඔයාලම බුද්ධ ශාසනය විනාශ කරලා ඉවරයි."
"Daily curry","https://www.facebook.com/people/Daily-curry/61588490207268","Pisso siura dagaththama ohoma thamai"
"Sath Jaya","https://www.facebook.com/sath.jaya.2025","පොහොට්ටු බයියෙක්..හොරෙක්"
"Buddika Kalumanna","https://www.facebook.com/buddika.kalumanna","සිව්ර පොරවාගෙන ඉන්න උබ දාර්මිකද කියපන්කො තොපි වගේ උන් හින්දා සිව්රු දකිනකොටත් මල පනිනවා කාලකන්නි 🖕"
"Chameera Amarathunga","https://www.facebook.com/chameera.amarathunga","අඩෝ තිත්තය බෙහෙත් ගනින්"
"Gayan Nugaliyadda","https://www.facebook.com/profile.php?id=100002687419139","මේ මොන ගෝතයෙක්ද අනුර එන්න තොගෙත් එක්ක විවාද කරන්න 😅😅 මූට දැන් කුඩු නැතිව පිස්සුද කොහෙද ...."
"Mahendra Mahendra","https://www.facebook.com/mahendra.mahendra.547876","මේ ගණයාගේ ඇටි විතරක් මේ වගේ නටන එවුන්ගේ මූණවල් බලන්න තනිකර සෝන් මූනවල් තියෙන්නේ කිසිම සිරියාවන්ත කමක් නැත ස්වාමීන් වහන්සේ කෙනෙක්ගේ තියෙන පින්බර පාටක් පේන්නට නෑ, ඒ තරමට මනසයි මූණයි විකෘති වෙලා"
"Anangaya Anangaya","https://www.facebook.com/anangaya.anangaya.709956","දැන්  සනිපද"
"Janaka Sampath","https://www.facebook.com/janaka.sampath.49788","TRC එකට පුke අමාරුවක් තියෙන්න ඕන මූගේ facebook එක suspend උනේ කොහොමද කියලා හොයාගන්න"
"Lalith Jayasinghe","https://www.facebook.com/lalith.jayasinghe.71","පේනවා නේද මහජන බලේ.. ඔයා පොරක් කියලා හිතුවට, අනුර ඔයා ගැන එක වචනයක් කියන් නෑ ෂුවර්. මොකෝ ඔයා බුදුදහම දන්නවා. හැබැයි අනුර පිලිපදිනවා."
"Jeewan Ranganath","https://www.facebook.com/people/Jeewan-Ranganath/61587051576613","මොකෙක්ද බන් මේ ගනයා  ඔය සිඋර ගලවලා නයිටියක් ඇදගනින් අපිට පඋ නෝදි ප කෝ🐂🤢🤮"
"Gayan Motor","https://www.facebook.com/people/Gayan-Motor/pfbid02HHrtv5z9Z9NhBxggBBtVPTf8Dk51N6rJMBP2kQNMryrqcfKueeA919YczdBbjkdml","මෝඩමූසල පke හොරගනයා ..."
"Nalin Samarawickarama","https://www.facebook.com/nalin.samarawickarama","මු තක්කඩියෙක් නන්නත්තාර වෙච්ච රාජපක්ෂ රෙජීමය හොරා කාපු සල්ලි කන්දරාවට තමයි ඉව කරන්නෙ.  අවස්ථාව  ආව ගානට සෙට් උනා දැං."
"Lata Shree","https://www.facebook.com/lata.shree.148","Meka kiyanne anura kumara Disanayaka janadipathi thuma adarmikai kiyala athakota mahinda nemol.    aa aya hairima  darmikaida. Ane Yako owata  kiyanna wachana nahe"
"Pushpa Kumara Weerasinghe","https://www.facebook.com/people/Pushpa-Kumara-Weerasinghe/pfbid0qvuiV7pbWDk7WQb9SFDs1aZGAhPXYLUr6uYzQv2aqqXrvSBimSeDgCaCqFWqtnUQl","මූ මොන හරකෙක්ද  අස්සන් අරගෙන ඉවරද  විහින් කිචවෙන ගොං සාදු. සාසනයට රටට ජාතියට කිසිම වැඩක් නැති අපතයො.."
"Upul Herath","https://www.facebook.com/upul.herath.75491","රාජපක්ෂලගෙ කාලේ මීක් නෑ එයාල ධාර්මික නිසා වෙන්න ඇති"
"Upul Herath","https://www.facebook.com/upul.herath.75491","මූ සමන්තගෙ මුල් ගෝලයා ඌ ගාව බුදුවෙලා මූ මුදුන වෙන්න ගිහින් එතනින් එලෙවුවා.අනික අන්ගුලි වදසාරයි සමාන කරල ජනාධිපති තුමාට එන්නලු මූත් සමග සාකච්චා කරන්න. මොන්ගල් බඩුවක්"
"Chandana Dammika","https://www.facebook.com/chandana.dammika.980","බුදුරජාණන් වහන්සේ දේශනා කළ ධර්මය ලෝකය පවතින තුරු sada kalikawama පවතිනවා eka rakinna me wage pisso ona නැහැ ."
"Madura Gunasekara","https://www.facebook.com/gmmadura","වල් ඌරෙක් සිංහයෙක්ට අභියෝග කරනවා. 🤣🤣🤣🤣🤣🤣"
"Lalith Senevirathne","https://www.facebook.com/lalith.senevirathne.2025","උඹල වගේ දෙකයි පනහයි කෑලි ගාවට එන්නෑ යකෝ ජනාධිපතිතුමාතුපි වගේ හාල් කෑලි එක්ක මොන වාද විවාදද ජනාධිපතිතුමාට..අවුරුදු තිස් ගානක් හොඳට තෙම්පරාදු වෙලා දෙපැත්ත තුන් පැනැත්තකින්ම හොඳටකාලා කාලා.හැම පැත්තෙන්ම බැට කාලා තමයි ජනාධිපතිනේ. තොපි මොන හාල් කෑලිද වාද කරන්න."
"Akuressa Hewage","https://www.facebook.com/akuressa.hewage","අනේ පල පකෝ යන්න ගිහින් ඉස්සෙල්ලම මහණවෙයන්"
"Jas Jayampathi","https://www.facebook.com/jas.jayampathi","අනුරත් එක්ක වාද කරන්න මෙයා කව්ද"
"Raween Gallage","https://www.facebook.com/raween.gallage","එකතු වෙන්නෙ තෝ වගේ හොර හුත්තිගෙ පුතාල විතරයි"
"Vihanga S Gamage","https://www.facebook.com/vihanga.s.gamage","ජිහාඩ් බුද්ධාගමක් හදන්න යන්නෙ නේ ඝනගෙඩියො. එහෙම උනොත් ලෝකෙ අනිත් මිනිස්සු මේ දහමෙන් අයින් වේවි"
"Dileepa Laknima Wijesekara","","ඔයා ගිහින් ඉරාජ් එක්ක සංවාද කරන්න. ඔයාට හරියන්නේ එතන. 😂😂"
"Ruchira Kumara","https://www.facebook.com/people/Ruchira-Kumara/pfbid0LoYDKHTzPsxRwCBiVmKgMvHBW6AeTGkHj9dEtqVeicavZii5vnkr1b3T3m9hozojl","බුද්ධ චීවරය ගලවලා ජංගියක් ඇදගෙන වරෙන් මුලින්...."
"Nimal Jayarathna","https://www.facebook.com/podinimal.nimal","හුත්තෝ  තෝ නම් ඕපපාතික අවජාතිකයෙක්"
"Wijitha Raj Piyarathna","https://www.facebook.com/wijitharaj.piyarathna.1","අපේ ජනාධිපති තුමාට  ෆේස් ටු ෆේස් ඵන්න කියන්න තෝ මොන හිපාටුවෙක්ද"
"Sarath Mallika","https://www.facebook.com/people/Sarath-Mallika/pfbid02swYZrLyja19wfofXj8vBgpUrwa9bA3t9ewtpRStZAjjGDywFKDriJExaSeKbWMAsl","ලෑජ්ජ නැද්ද කහකඩයො ගිහියෙක් එක්ක වාද කරන්න එන්න කියන්න . බොලා වාගෙ දෙවදතිතයෙ තමයි බූදූ සසූන නැති  කරන්නෙ ජාතිවාදය අවූස්සඛන්නෙ නැත්තම් ජාතිවාදය වැපූරූ අර කහකඩයා ව බෙර ගන්න අත්සන් එකතූ. කරක්න හිගමනෙ යන්න චෑන් ගනිනි පරයාඅතිසන් කොටියන්. ගතිතත් ඤානසාරට නිදහස් නෑ තො බලෙන් ගිහිල්ලා මිඩියා සාකච්චා ක්‍රිපූ එකෙ නාමල් ගැන කියූ බයිලා හරි බොලදයි කියලා හිතෙනිනෙ නැද්ද"
"Kularuwan Rajapaksha","https://www.facebook.com/kularuwan.rajapaksh","ජනාධිපති සමාව ගන්නේ. ඔහොමද.. 🤣🤣🤣🤣"
"Raji Diyana Abeywardana","https://www.facebook.com/raji.abeywardana","Muta Hamuduruwo kiyala paw purawaganna epa mu nigantayek arakku munen berenawa ahangama muge pot ekata gihin balanna muge saha eta a inna pawidi karagathta kattiyage hasireema nana yata kalin muwai atulata danna ona Mokada mu daruwonta ganunta karana winase minissu danna"
"Ginnaliye Pannarama","https://www.facebook.com/profile.php?id=100016265381341","💩🤮😡දු:ප්, කුලීකාර හාල්පාරු කහකඩ වල් බැල්ලිගෙ පුතා😡🤮💩!!!"
"Rasanga Sangiwa","https://www.facebook.com/people/Rasanga-Sangiwa/pfbid02akg7cPkwQyYWSRWfETR1vYDmfHRi5osMAQdCyHTRehp5ehBNJi2SZ7rscxv38XSJl","maya දන්නවා හොර nanasara enna තැන"
"Susantha Dinesh","https://www.facebook.com/susantha.dinesh.1","හිරේ යා යුතුමයි"
"Isuru Anjana Liyanage","https://www.facebook.com/isuruanjanaliyanage","මොකෙක්ද මේ ගෝතයා 😂"
"A Nanda Jina","https://www.facebook.com/ananda.jina.9","අනුර රටේ නායකය අපේ රජා උඹ මොකෙක්ද සිවුර ගලවපං බලෙක්වත් උඹව දන්නවද  ඔය කහ රෙදි කෑල්ලට පිං සිද්ධ වෙන්න පිංබත් කන උඹ එක්ක වාද කරන්න බත්ර මුල්ලෙ පාරෙ ජඩාවතේ යන බල්ලෙ වත් එනවද බං"
"Kalum Wijekoon","https://www.facebook.com/kalum.wijekoon.2025","පල පල යන්න"
"Sarath Vijayananda","https://www.facebook.com/sarath.vijayananda","අධි තක්සේරුවේ ප්‍රතිඵල ඕං බලා ගන්න."
"Chinthaka Wickramarachchi","https://www.facebook.com/chinthaka.wickramarachchi","සිවුරාක් දා ගත් පමණින් ස්වාමීන් වහන්සේ නමක් වෙන්නේ නැත ඒ නිසා ජනාධිපතිතුමා හාල්පාරුවන් සමඟ කතා කිරීමට කැමති නැත🖕🏾"
"Sajith Madushanka","https://www.facebook.com/sajith.madushanka.94651","ජනාධිපතිවරයා නෙමෙයි.... උබනම් අධාර්මිකයි කියලා පෙනවා හැසිරිමෙනුයි, කතා විලාසෙනුයි.. බේරුමට සිවුරක් දාගෙන ඉන්න බව පැහැදිලි.."
"Ajith Ranasinghe","https://www.facebook.com/ajith.ranasinghe.1422","පල කැරියා"
"සුජිත් සුරංග","https://www.facebook.com/2pute5rkog","සිවුරට අගෞරව කරන්නැතුවසාර්ථකයක් දාගෙනඩේ පල"
"Amila Priyankara","https://www.facebook.com/amila.priyankara.9615","අපිට කොහෙවත් යන කහ කඩයන්ගේ ගමන වැඩක් නෑ.හැබැයි රට අව්ලවලා සාටක බයියන්ට කඩේ යනවනම් උබ අපතයෙක්."
"Pathirajage Ilangam Thilaka","https://www.facebook.com/pathirajage.ilangamthilaka","පල ගොබ්බය 🤮🤮🤮"
"Charith Madushanka","https://www.facebook.com/charith.madushanka.796569","meya coment hadan fb accont eka viral karaganna dagalanawa"
"Shehan Prasad Fernando","https://www.facebook.com/shehanprasad","ප ල ගෝතයා"
"Cecil Nihal","https://www.facebook.com/cecil.nihal.2025","ගූ ඥානයා කිව්වෙත් ඔහොම තමා....මම කාටත් නයත් නෑ ..බයත් නෑ කියල....ඔය ඉන්නෙ දැන් බාගෙට රෙවිලා.....මහනායකලා ගේ කකුල් අල්ලලා වදින්නම්ලු ..ගිහින් කියන්නලු ජනාධිපති සමාව දෙන්න කියල..."
"Taitas Govinnage","https://www.facebook.com/taitas.govinnage.2025","කට පුක පියාගෙන හිටපන් වේසිගේ පුතෝ   මැරුම් නොකා කැරියා"
"Asanka Batagalla","https://www.facebook.com/asanka.batagalla.2025","තක්කඩින්ට පුක නොදී ඉදපන් තිත්තගල්ලේ. සිවුරක් දාගත්ත පලියට කියන හැම මගුලක්ම අනුමත කරන්ඩ තරම් මිනිස්සු මෝඩ නෑ. ඔහොම ගියොත් නම් අනිවා උබත් ඇතුලේ"
"Kosala Eshan Abeyarathna","https://www.facebook.com/kosala.abeyarathna","Api ekathu wenawa sadu...baya wenna epa..."
"Dushan Sanjeewa Kumara","https://www.facebook.com/people/Dushan-Sanjeewa-Kumara/pfbid0hRwB53Jq1CM5Y3Qn3L2FTUBkQadh4VKK6gsUaREwhoLPdT1aafqZHhWNQs4WZCe8l","Mun mahana karanna oni"
"Nanda Shantha","https://www.facebook.com/people/Nanda-Shantha/pfbid0vy3fVFjith3MNVRhh74zhVEkrggyDZyuNEa9K1A4nveNpdEQYdKXztBzLpnugLb4l","පකයා    තෝ    මහනවෙයන්   ඉස්සර    වෙලා    ගිහියෙක්   අධාර්මිශ්ට    වුනත්    ප්‍රශ්නයක්    න¿      තොපි    චීවරේ    බංකරේ   කරගෙන    සසුන    වනසන   වල්     සක්කිලි    බල්ලො   අපි   වන්දානාමාන    කරන    ගරුතර   සංඝරත්නය    ඉන්නවා     උන්  වහන්සේලා     පූජනීයයි    තොපි    සිවුර    කරේ   දාගෙන   කරන්න   ඕන    සක්කිලි   ව¿ඩ    ඔක්කොම    කර   කර   සසුන    වනසවා   ඔහොම    යමල්ලකො"
"Darashana Weerasinha","https://www.facebook.com/darashana.weerasinha","Ganasara ube ammata hi wada."
"Gamini Wimalachandra","https://www.facebook.com/gamini.wimalachandra.5","සිවුරට මුවාවෙලා චන්ඩිකම් කරනවා."
"Ranjan Syranga","https://www.facebook.com/ranjan.syranga","Titta galle ubala tama satakyata kade yanne"
"Ajith Dissanayake","https://www.facebook.com/ajith.dissanayake.501","අනේ පලයං බං යංට,.. උබ කව්ද කියල රටම දන්නවා,.. උසාවියට අපහසයක් මූ කරන්නේ."
"Edward Kotte","https://www.facebook.com/people/Edward-Kotte/pfbid0Pb4RcZSTmwfP3PiKFLyZnXvMHcECVEsmcRwPFJLH5FfsEnnLurgt6FJcwe2nHhf1l","තෝ සිවුරු හොරෙක් බං  තෝ කවුද කාටත් තර්ජනය කරන්න  ගිහින් මහණ වෙයං තඩි ඌරා"
"Gamini Gunawardana","https://www.facebook.com/gamini.gunawardana.3114","පල පල ගෝතයා"
"Shantha Piyasiri","https://www.facebook.com/shantha.piyasiri.980","අනුර කවදද බං උඹ වගෙ හාල් කෑලිත් එක්ක කතා කලෙ?"
"Shantha Kumara","https://www.facebook.com/people/Shantha-Kumara/pfbid0vSU4sGmj7KAVbTfMEHHYD1C53dVCAgG7Wa77pCQxLYFuuvTBhgtdhAU1E3QN2KPCl","කාලකණ්ණියෝ බුද්ධ ශාසණයට ආවහම ඔහොම තමයි .....මෙ බුදු හිමියන් දේශනා කර තියෙනවා....මෙ බුද්ධ ශාසණය විනාශ කරන්නෙත් බුද්ධ චිවරය දරා සිටින අයම තමයි කියලා ...ඒක අද මිහිපිට දැන් දැක ගැනිමට පුළුවන ....."
"Manoj Indika","https://www.facebook.com/manoj.indika.5667","උබලා හිතන් ඉන්නේ සිවුර දාගත්තම ඕනම දෙයක් කරන්න පුළුවන් කියලද"
"Madhuranga がマゲ","https://www.facebook.com/mahesh.madhuranga.90","උම්බර් මොන කසඩ ගෝතයෙක් ද බන් AKD එක්ක තියන්න. සිවුර පොරවගත්ත අමු තක්කඩියෝ."
"Upul Jayarathna","https://www.facebook.com/people/Upul-Jayarathna/pfbid0zEXUetChccrF6W3piy2ZrtYMRq1i2A6CfHYqyL4anWy9Lgb6vxtcBSy4SEbahzYrl","හුත්තගල්ලෙ ගනයා තො වගෙ අපතයෙක් ලගට රටෙ ජානාධ්පති එන්න තොගෙ හිතෙ අනුනායක කියලද"
"Manjula Gamagedara","https://www.facebook.com/manjula.gamagedara.7","පිස්සෙක්"
"Adeesh N Chathuranga","https://www.facebook.com/adeesh.n.chathuranga.2025","පිස්සෙක්"
"Sumith Kumarasuriya","https://www.facebook.com/sumith.kumarasuriya.3","aussala na aussala ahu unoth thatte palanne Maha pare"
"Nilantha Suvapath Pmv","https://www.facebook.com/pmv.nilantha","තිත්ත ගල්ලේ ..ඇබුල් නොවි ඉදපන්....බන කිවුවට වැඩක් නැ...ඔබත් ඒ බන අහපන් බන්"
"Hewa Asa","https://www.facebook.com/hewa.asa","බොල ගනයෝ සිවුර දා ගත්ත නම් බනක් බාවනාවක් කරන් හිටපන් නැත්නම් ඔය සිවුර ගලවපන්"
"Svc Samaranayake","https://www.facebook.com/svc.samaranayake","අනුරයි උබයි මුනට මුණ?   උබ මොකෙක්ද බං?  😝"
"Buddhika Wijerathne","https://www.facebook.com/buddhika.wijerathne.37","Face to face තියලා ගිහියෙක් අධර්මිෂ්ඨයි කියලා සිවුරක් දා ගත්තු ඔයා ඔප්පු කරන්න දඟලනවා කියන්නේ ඔයාගේ ධර්මිෂ්ඨකම හික්මීම කොහොමද කියන එක ඒකෙන්ම ඔප්පු වෙනවා... ඒ හින්දා සිවුරකුත් දාගෙන ඔය තත්වෙට වැටෙන්න එපා.."
"Ck Ck","https://www.facebook.com/profile.php?id=61554757695888","පල හුත්තෝ"
"Sanath Ekanayake","https://www.facebook.com/sanath.ekanayake","ධාර්මික එකෙක් ගෙ නමක් කියන්න පුලුවන්ද මේ සාධු ට?????"
"Roshan Fernando","https://www.facebook.com/roshan.fernando.9849","පිස්සෙක් 🤮"
"Upul Piyadasa","https://www.facebook.com/people/Upul-Piyadasa/pfbid02J6pa5zt8unb5iRVQukgEDcQHUboEDZWW87sFfFUmQMtLF2AaBULTh9bwZCWbZSaLl","නාමලයගෙ ප්‍රොජෙක්ට් එක මේ කරන්නෙ"
"Shan Perera","https://www.facebook.com/shan.perera.423140","Thawath horra keriyek muuu."
"Ajith Perera","https://www.facebook.com/ajith.perera.104","Shan Perera මෙවැනි සිල්වත් හාන්දුරු නමකට ගැරහීම තරයේ හෙලා දකිමි...🙈🫣😄"
"Janaka Thilakarathne","https://www.facebook.com/janaka.thilakarathne1","මේකා ව්‍යායාමයක් කරගෙන ආදර්ශමත්ව හොදට හිටියා. නටන්න පටන්ගත්තෙ අරූ හිරේ ගිය දවසේ ඉදන්. තවත් නාඩගමක චරිතයක් වගේ මේකා"
"Samantha Perera","https://www.facebook.com/samantha.perera.35325","ඔන්න ජනතාවණි හොදට බලා ගන්න මේ ඊලගට නාන දෙවෙනි සාර මෙයා හිතනවා මෙයා තමයි ඊලග වැඩකාරයා කියලා හැබැයි මට පේන විදිහට මෙයා නා ගනී වගේ අරයට වඩා කලින් මොකද මෙයා අරයට වඩා ටිකක් පුප්පනවා වැඩී වගේ නේද"
"Nihal Rupasinghe","https://www.facebook.com/nihal.rupasinghe.362552","මූ නානාය ඇතුලට යවලමයි පස්ස බලන්නෙ"
"Sajith Chamara","https://www.facebook.com/sajith.chamara.54","සල්ලි වලට දහමත් පාව දෙනවා...."
"Sathyajeewa Vijendra","https://www.facebook.com/sathyajeewa.vijendra","අනුර නෙමෙයි  උඹ ධර්ම විකුර්තිකය නෙහ්🤔🤔"
"Jaya Rathna","https://www.facebook.com/jaya.rathna.731","කාලකණ්ණි  මුසල කහකඩයෙක්  තෝ සිවුරු  දමන් කරන්නෙ පක්ෂවලට  කඩේ  යන එක රටේ මීට වඩා  කලයුතු   කාරනා  තියෙනවා"
"Asanka Dissanayaka Disa","https://www.facebook.com/pirasanthan.rasha","පල පොන්නයයා යන්න තො මොකාද ගොන් බ්ජ්ජා මැදමුලනෙ දන්කුඩ කන පොන්නයා"
"Roshen Rox Fdo","https://www.facebook.com/roshenrox.fdo","පිස්සු පොන්නයෙක්"
"PushpaKumara Lalith","https://www.facebook.com/lalith.pushpakumara.752","උබටත් බෑ අනුරව බයකරන්න"
"PushpaKumara Lalith","https://www.facebook.com/lalith.pushpakumara.752","කැරි තට්ටයෝ  උබ සියුරදාගත්තනම් බනටිකක් කියාගෙන පන්සලේ හිටපං  රට පාලනයකරන්න සහ නිතිය ක්‍රියාත්මකකරන්න වෙනම ඉන්නවනෙ  උබල හින්ද තමයි මේ රට විනාශවෙන්නෙ"
"Jayasundara Senarath","https://www.facebook.com/people/Jayasundara-Senarath/pfbid02pdt52fRGHGK6bMEc34UBzxeRbRPB156mVEwruyENwsWAyXEqNBmFgPQzACTvuTVil","උඹ කවුද බං උඹ හාමුදුරු නමක්නෙමේ අනුරයගේ පයට පාගගෙන වැලිකටයක්වත් ගණන් නෑ"
"Tharaka Dodangoda","https://www.facebook.com/people/Tharaka-Dodangoda/pfbid0VK4NmuURrkC41EzBuNpFEYHwMTSjZi4W9rzY8VrJTkAu3DTGCy4xcUeaEAsxNnrvl","පිස්සෙක්"
"Nadeep Salinka","https://www.facebook.com/nadeep.salinka","Mata niwana"
"දම්පති ජයවර්ධන","https://www.facebook.com/t1flzyp7ym","කවුද බන් මේ පුවක් බඩිල්ලා, සෙද්ද,😁 බුකියට ආවොත් මේකා නහයෙන්ම අඬනවා. අප්පිරියාවේ බෑ.🤮🤮🤮"
"Sampath Sampath","https://www.facebook.com/profile.php?id=61557888790001","කවුස උබ ගං කබරයා පුක දෙන්නෙ නැතුව මිනිසුන් දෙන බත් ට්කක් ගිලලා පන්සට වෙලා බාවනාවක් කරගෙන හිටපන් පතො"
"රොෂාන් රොහිත","https://www.facebook.com/people/%E0%B6%BB%E0%B7%9C%E0%B7%82%E0%B7%8F%E0%B6%B1%E0%B7%8A-%E0%B6%BB%E0%B7%9C%E0%B7%84%E0%B7%92%E0%B6%AD/pfbid02bibDcABYjjiP4hzG34zdE8TPp6DuZnX8C5ViUfS4jKnUGmz8v1GtkkAKpwBRDWMYl","ගොරිල්ලා"
"Shammika Prasad","https://www.facebook.com/shammika.prasad.7","ඔයිට වඩා කෙරුමෝ ආවා අනුරට ගහන්න උන් ගියේ පු# ..උබ මොන හු#$ ..🖕"
"Sahiru Prashad Shavinda","https://www.facebook.com/sahiru4g","අනුර එක්ක තියන්න උම්බ්බ මොන බෙස්සිගෙ පුතෙක්ද කහකඩ පගෝ 😂😂😂"
"Laiya Lahiru","https://www.facebook.com/laiya.lahiru.2025","සිවුර වෙලේ හිටින්න එකෙක්ගෙන් හොදට අහගත්තා මදි වෙලා........තවත් පම්පෝරි ගහනවා.......වනචාරියාට කඩේ යන තවත් කහකඩ පකෙක් තොපේ ලොක්කත් ඔහොම තමයි හිටියේ පොදු සමාකාලය අයින් කරපු ගමන් ආයෙත් බලු උනා උබත් ඒකම කරගන්න තමා ඔය දගලන්නේ...🤣🤣🤣"
"Indika Nanayakkara","https://www.facebook.com/indika.nanayakkara.674044","පල කැමිරි ගණයා 🤣"
"Dilan Ravindu","https://www.facebook.com/people/Dilan-Ravindu/61592198697145","අනුර අදාර්මිකයි කියමුකො. තෝ ඊට වඩා අදාර්මිකයිනේ"
"Jpkumara Gamaga","https://www.facebook.com/jpkumara.gamaga","පල පොන්න පකයා..  මොකෙක්ද මේ හීරලුවා... දං බත් ගිලලා පිනට ඇදලා තෝ මොකෙක්ද පකෝ.... ගෙරි ගෝරිල්ලා... හැටි මුගේ ආලවක යකා වගේ. නොදකිං"
"Jeff Ronald","https://www.facebook.com/mahesh6565","උබ මොන පිස්සෙක්ද ?"
"Lazarus Nuwan Warnakula","https://www.facebook.com/lazarus.nuwan.warnakula","තෝ මොන බල්ලෙක්ද බොල ජනාධිපතිතුමා  එක්ක මූනට මූන කතාකරන්න පල දෙර්නට නැතිනම් හිරු එකට"
"Shan Suresh","https://www.facebook.com/shan.suresh.435575","අර යකාට සමාව ගන්න නම් අනුරට හොඳින් කතා කරන්න ඕනෙ කියල මේ මෝඩ පකයට තේරෙන්නෙ නෑ. පිං බත් ගිලින අමු ගවයට මොලයක් නෑ. ජනාධිපති සමාව දෙන්න හිටියත් දෙන්නෙ නෑ මේ මෝඩ වේසිගෙ පුතා හන්දා.."
"Madu Rose","https://www.facebook.com/people/Madu-Rose/61590032717878","ඔයා ධාර්මික ද"
"Janaka Kumara","https://www.facebook.com/people/Janaka-Kumara/pfbid0szGytdkGDKNuyHU3t48XaioNfGvSyYCCDq5Zi8vJTEYGMJbigQUhXJA2bMKWJADtl","උබවගේ නිවට කැරි ගොන් කවඩියෙක් එක්ක ජනාධ්පති වරයා තර්ක කරන්න එන්නෙ මොකටද පකෝ .ගොන් කැරිය රෙදි ඉල්ලෙ කරගන්නෙ නැතුව හිටපිය .තමන්ගෙ තරම දැන ගෙන රගාපිය පිස්සු කැරිය"
"Nɩʀosʜʌŋ","https://www.facebook.com/profile.php?id=61561606869516","පකයා උබ සිවුර ගලවලා සාටකේ දා ගනිම් කැරි ඝණයා  🤣🤣🖕"
"苏潘南达","https://www.facebook.com/profile.php?id=61587282597523","අම්මගේ කීමට මහණ වෙලා තියෙන්නේ. හිත යටින් රාජපක්ෂලා වගේ හොරකම් කරන්න බලන් ඉඳලා තියෙන්නේ.  අනුර, ඔයත් එක්ක Face to Face එන්න. ඔයා කවුද මේයා?"
"Sudaksan Sudaksan","https://www.facebook.com/profile.php?id=100000764272744","Uba pakawal ahanna naha ban minsuu. Dan budheyimath"
"Janith Kumara","https://www.facebook.com/people/Janith-Kumara/pfbid0BmmRx47n6XCdrhg2guwFKT911WcLjrp7f53mSp4jhqWk5enjSU2oaytGhFNf4Zddl","උබලා කතාකරන විලාශයෙන් පේනවා. භික්ෂූන්ට තියෙන විනය..හික්මීම. ගැන...ක්‍රෝධය වයිරය. අපහාස උපහාස කිරීම උබලට ලොකු උනාට...ඒකෙන් වෙන්නේ පිරිහීම බව අපි දන්නවා.. නච සෝ..නච අඤෝ."
"Nissanka Nissanka","https://www.facebook.com/nissanka.tilake","Mekun ehamana one"
"Sanjaya Dinesh Pathirana","https://www.facebook.com/profile.php?id=100003827547440","Lebena dane waladala Innq"
"Marasinghe Arachchige","https://www.facebook.com/profile.php?id=100002942826450","පල පකයා"
"Dinesh Ajith","https://www.facebook.com/profile.php?id=100008485350781","යකෝ මාධ්‍ය කැඳවලා මුගෙ ෆේස්බුක් එක ප්‍රමෝට් කරගන්නේ 😹😹"
"Shenal Hirantha","https://www.facebook.com/shenalh1992","උඹ මොකෙක්ද යකෝ.. ජනාධිපති ට වෙන වැඩ නැද්ද උඹත් එක්ක ධාර්මික අධාර්මික තර්ක කර කර ඉන්න."
"තිත්ත ඇත්ත","https://www.facebook.com/backpack.traveller.92","උඹ මොන ගෙම්බෙක්ද බං🤣😂😂😂 ජනපති එක්ක සසඳන්න🤣😂😂😂 උඹේ අප්පා කොන්ඩම් පාවිච්චිකරන්න දැනං උන්නානම් අපිට මෙහෙම කොමෙන්ට් කොටන්න වෙන්නෙ නෑ බං🤣😂😂😂"
"Sudath Chandra","https://www.facebook.com/sudath.chandra","කොහොමත් JVP එක සිංහල ජාතියටත් බුද්ධාගමටත් හතුරු විජාතික චින්තනයකින් අන්දවුණු වෙනම අපතයෝ වර්ගයක්. ඔවුන්ගේ කමෙන්ට්වලට ඔබ වහන්සේලා බය වෙන්න එපා. අනුර එළැඹෙන මැතිවරණයේදී අවසන්තරගය නාමල් සහ සජිත් අතර පමණයි. එතනින් පස්සේ බලමු."
"Nandana Perera","https://www.facebook.com/nandana.perera3","[Image Attachment]"
"Nalin Jayawardena","https://www.facebook.com/nalin.jayawardena.3","දාර්මික ටක්කඩි"
"Jalindu Sampath","https://www.facebook.com/jalindu.sampath","Haaaaaa"
"Samanola Miyuru Wijayarathna","https://www.facebook.com/samanola","තක්කඩි පැවිද්දෙක්"
"Thalahagama Narada Thera","https://www.facebook.com/people/Thalahagama-Narada-Thera/pfbid022aPCs16LWGfimTFSVaA7xhQqQE8xtnJBjPD3Mxr4X5ACEt1zfkJp6paX8tS18QYTl","අනිවාර්යෙන් හාමුදුරුවනේ 🙏🙏🙏🙏🙏🙏🙏🙏🙏🙏🙏🌹🌹🌹🌹🌹🌹🌹🌹🌹🌹"
"Sanka Thilina","https://www.facebook.com/sanka.thilina.75","මේ කැරියන්ගේ හැටි බලපන්කො කිසිම නිඋනු දැහැමි සිල්වත් ගතියක් ගෑවිලා වත් තියෙනවාද"
"Sanka Thilina","https://www.facebook.com/sanka.thilina.75","උබේ අම්මගේ හුත්තේ තේරෝ"
"Sanka Thilina","https://www.facebook.com/sanka.thilina.75","තොට මොකක්ද උනේ කියලා තෝම තීරණය කරගනින් කැරි වනචාරී කැරියෝ"
"Sanka Thilina","https://www.facebook.com/sanka.thilina.75","හුත්තෝ තෝ මහණ උනේ ඕවාටද"
"Sanka Thilina","https://www.facebook.com/sanka.thilina.75","හමුදාවෙන් පැනලා ඇවිත් චීවරයට මුවා ඌ වනචාරී යා"
"Sanka Thilina","https://www.facebook.com/sanka.thilina.75","හුත්තගල්ලේ කැරි බල්ලා"
"Sanka Thilina","https://www.facebook.com/sanka.thilina.75","නිදන් හොර"
"Sanka Thilina","https://www.facebook.com/sanka.thilina.75","https://www.facebook.com/share/v/19N979qv9x/"
"Athula Hemantha","","🤣🤣🤣🤣🤣🤣"
"Roshan Kumara","https://www.facebook.com/roshan.kumara.204750","Thopi makabawila giyadata me ratata hodak wewi sataka hathta"
"Hasalaka Jp","https://www.facebook.com/profile.php?id=554722655","නෙදකින් , උබ නේ බන් අධාර්මික , බුදුන් පසුපස යන්නෙ නැතුව, සිවුර දාගෙන කම් සැප පසු පස යන බිස්නස් කාරයෝ."
"Nalin Kodithuwakku","https://www.facebook.com/nalin.kodithuwakku.589","මෙයා දේශපාලණය කරන්නෙ ශාටකය විතරයි අඩු මෙයාට"
"Indrajith Asanka","","උබ කවුද පකො"
"Hettiwatta Hnc","https://www.facebook.com/nishshshshshshshshsh","[Image Attachment]"
"Gamini Pathirane","https://www.facebook.com/gamini.pathirane","මේ   කමෙන්ට්   දැකලා   හරියට   දැන්වත් මහණ   උනානම්   නේද   හොඳ..."
"Sham Manjula","https://www.facebook.com/sham.manjula.79","මු මොන ප# යෙක්ද  නිකං ⁣කබිබෝ පෝමි කරන්න එපා"
"Devapriya Perera","https://www.facebook.com/devapriya.perera.37","අර මුස්ලිම් පුජක තුමන්ලා වගේ ඇයි බන් උබලට බැරි දහම පතුරුවන, දහමට සේවයක්, බුදු දහම හරහා ජනතාවට සේවයක් කරන්න? බුදුරජාණන් වහන්සේට අගෞරව කරන්න එපා බුරුවෝ."
"Avishka Asath Chammika","https://www.facebook.com/avishka.ashan","Next page name =තිත්තගල්ලේ තේරෝ Max"
"Duminda Herath","https://www.facebook.com/duminda.herath.33","ඔප්පු කරන්න දෙයක් නෑ. උඹල අධාර්මික වෙන්නේ කොහොමද කියලා උඹලම ඔප්පු කරලා පෙන්නලා තියෙනවා. හොරු තක්කඩි වංචාකාරයෝ කුඩු ඒජන්තයෝ කප්පංකාරයෝ පාතාලකාරයෝ සංවිධානාත්මක අපරාධකාරයෝ ඔක්කොම නියෝජනය කරන්නේ උඹලා. ඉතින් අධාර්මික කවුද"
"Saliya Thennakoon","https://www.facebook.com/saliya.thennakoon.122993","මානසික පිස්සෙක්"
"Indraj Perera","https://www.facebook.com/tn.indrajith","අයෙ පෙන්වන්න දෙයක් නෑ පෙනවා"
"Nilmini Kaluarachchige","https://www.facebook.com/nilmini.kaluarachchige","හරි බං ධාර්මික උඹට වඩා අධාර්මික අනුර අපිට හොඳයි. ඒ හින්දා පාඩුවේ ඉඳහන්කො කට වහගෙන. එපා වෙනවා ඇඞියාව"
"Nimmi Samarakoon","https://www.facebook.com/nimmi.samarakon","😂"
"Lahiru Lakshan","https://www.facebook.com/lahiru.lakshan.5832343","පල තට්ට කැ&# 🤣🤣"
"Lahiru Sampath","https://www.facebook.com/lahiru.sapu.5","Hutta ගල්ලෙට කුඩු සික් වගේ"
"Sudath Chandra","https://www.facebook.com/sudath.chandra","1971 සිට මෙරට කබාසීනියා කරපු JVP කාරයෝ දැන් මරහඬ නගනවා. තව අවුරුදු දෙකයි. ඡන්දයක් තියලා බලමු. රන්වලයා තමයි කාබනික පොහොර ගේම ගහලා, ගෝඨාභය අනාථ කළේ, බොරු තෙල් හිඟයක් හදලා තෙල් පෝලිම් ඇති කළේ. රන්වල හොර උපාධි ගොන් JVP කාරයා. 2029 මේ නඩු ඔක්කොම සමඟ අවුරුදු දෙකට කරපු ඩොලර් හොරකම්, කෙලපු පචවලට සෙට් එකම හිරේ යන්න ඉන්නේ.  බය වෙලා තමයි නාමල්වත් හිරේ තියාගෙන පරණ බොරු නඩුවලට පටල පටල ගරු අධිකරණය නොමඟ යවමින් නීතිය අවභාවිතා කරන්නේ.  දැන් රටේ වාසිය අනුර පචයා කියා දන්නවා. වාව්! විශ්වවිද්‍යාල 50ක්, අධිවේගී මාර්ග 3ක්, ගෙවල් 35,000ක් කරනවා කියන්නේ ඕකට මොළේ අමාරුවක්. එක්කෝ ගණන් දන්නේ නැහැ. ගණිතය උපාධියත් බොරුවක්. උපාධි සහතිකත් නැහැ. විවාහ සහතිකත් නැහැ. තනිකර බොරුකාරයෙක්.  උඹලා ෆේස්බුක් එකේ කොට කොට ඉඳපල්ලා. හෙට අනිද්දා පාරට බහින්න එකෙක් නැහැ. කවදාවත් නැතිව වතුර, ලයිට් එක දිගටම කපනවා. ඩීසල් වංචාව, ගල්අඟුරු වංචාව නිසා අපිට ලයිට් බිල් ගෙවන්න බැරි ගානට.  කන්න නැහැ, බොන්න නැහැ. මිනිස්සු හාමතේ. තොපි මොනවාද කරන්නේ? ෆේස්බුක් එකේ කොට කොට ඉන්නවා.  හදන්න ජනමතයක් නැහැ. උඹලාගේ වාරය ඉවරයි. හැංගියල්ලා, හැංගියල්ලා. උඹලාගේ වාරය ඇවිල්ලා."
"Sudath Chandra","https://www.facebook.com/sudath.chandra","සිංහල ජාතියටත් බෞද්ධ ආගමටත් මෙතෙක් කල් ෆේස්බුක් හරහා අපහාස කළ අය JVP බව දැන් හොඳටම පැහැදිලියි."
"Sudath Chandra","https://www.facebook.com/sudath.chandra","ඔය ජෙප්පෝ සිංහල නම් දාගෙන හිටියට, ඔවුන් සිංහල බෞද්ධයන් නොවෙයි."
"Sanika Sharmila Wanigasekara","https://www.facebook.com/profile.php?id=100024608149095","Uba mokedda pako  mun meda mulane dara gonnu tikak 2009 passe shasne  kewe mu"
"Kapila Samanpriya","https://www.facebook.com/kapila.samanpriya.54","ගොනෙක් මූ"
"Hinu Hinu","https://www.facebook.com/people/Hinu-Hinu/pfbid02iVkHhmECsSKSjztjq9wQ5nqaCZ1CbtbZBxmuzHbcq1RcH34g6dVBgo7v3RWN37BHl","Thuuu mun"
"Tharaka Sandaruwan","https://www.facebook.com/tharaka.sandaruwan.332865","මුගේ මූනෙ හැටි."
"Gamini Priyashantha","https://www.facebook.com/gamini.priyashantha.773851","ඔහේ සිව්ර ඇඳගෙන සිව්රට අගෞරව වෙන ආකාරයට හැසිරීම බුද්ධ දේශනාවට එකඟද?....."
"Pradeep Samarakoon","https://www.facebook.com/pradeep.samarakoon.937960","බුදුදහම චිරාත් කාලයක් මේ පුන්‍ය භුමියේ පවතිවා.... සිල්වත් භික්ෂුන් පහළ වේවා  ... ..."
"Shamika Ranjith","https://www.facebook.com/shamika.ranjith.5","කැප්ශන් එකට කමෙන්ට් කරන්නෙ ,,  අනුර කියන්නෙ ගිහියෙක් එ නිසා අදාර්මික වීම සමන්‍ය යි කියමු කො ? බුදුන් වහන්සෙ ගෙ මග යන මහා සංඝරත්නය 🙏😥 අහො බුදු දහම..."
"Winni Conner","https://www.facebook.com/people/Winni-Conner/pfbid02B2jj6DVWivFFzseJoLdARMWekNKi48hFDuhriAjkmH7qGichXDUNabgAH231n6wLl","මෙවැනි දුසිල්වත් චීවර ධාරීන් සමග කුමන කතාද? මොහු කලකට පෙර අභිධර්මය දේශනා කරමින් බොහෝ දෙනා රවටා මුදල් උපයා ගත්තා. ලංකාචේ පමණක් නොචෙයි පිට රටවල පවා ගොස් අසීමිත මුදලක් එකතු කර ගත්තා. ලංකාවේ විහාරයක් සඳහා කියලයි මුදල් එකතු කලේ. එය දැන් හදලාදයි නොදනිමි.  දැන් ප්‍රතිලාභ අපේක්ෂාවෙන් විරුද්ධ දුෂිතයින්ට කඩේ යනවා. මෙයා දැන් කාටත් තිත්ත වෙලයි තියෙන්නෙ."
"Manjula Puspajith","https://www.facebook.com/manjula.puspajith.1","මෙන් දාර්මිස්ටක  එක්කෙනා ඇවිත් බලාගනිල්ල 🤣🤣🤣"
"Chaminda Senarath","https://www.facebook.com/chaminda.senarath.90410","උබ හුකපන් පකය"
"Anjana Piyushan Wanigarathna","https://www.facebook.com/DntCopy.You.UglyMothrFkr","තිත්තෙට කේස් එක වgay 💔🙂‍↔️"
"Sandun Sankalpa Wickramasingha","https://www.facebook.com/sandun.sankalpawickramasingha","සිවුර ගලවලා සාටකයක් දාගනින් wtthoo 😂😂"
"Tharidu Darshana","https://www.facebook.com/people/Tharidu-Darshana/61552496392064","[Image Attachment]"
"Upendra Bandara","https://www.facebook.com/upendra.jothirathnage.9","පොඩි ඥානසාර"
"Aftab Rizal","https://www.facebook.com/aftabrizalmohamed","ගිසාරාගේ තවත් ස්කෑන් කළ පිටපතක්"
"Manjula Manjula","https://www.facebook.com/people/Manjula-Manjula/pfbid02qkCuW2xX6K8jAGgB72o4PbDJNvRRyhEYsAPZnE7UXqmqXLxVtWm1PgBXcuT4ij4Ll","රාජපක්ෂ වලවුවෙ වලං හොදලා..දැන් අඩනවා..."
"Dinesh Udagedara","https://www.facebook.com/dinesh.udagedara.2025","තිත්තන ගල්ලේ වේ ගේ පුතා කියලා දාපන් අලුත් එකට නම පර කසඩයා"
"Lakshan Lakshan Pm","https://www.facebook.com/rusiru.lakshan.1848","🤣"
"Dinesh Udagedara","https://www.facebook.com/dinesh.udagedara.2025","සිවුර ගලවලා ජංගියක් ඇද ගනින් පරයා"
"Moho Rizan","https://www.facebook.com/profile.php?id=100000115038196","ධාර්මික අධාර්මික කම් ගැන දැන්ම මතක් වෙන්නෙ රාජපක්‍ෂලට කෙල වෙද්දි නේද තිත්තේ ...  .... අනේ අම්මපා එකෙක් රාජපක්‍ෂලවා සුද්ධෝදන රජ තුමාගෙ ඥාතීත්වයක් පටවවලා අද පොලව යට සැපට නිදි ... දැන් මෙයා... බුදුදහම අවභාවිත කරනවා රාජපක්‍ෂලව සුද්ද කරල වර්ථමාන ජන පතිව හෑල්ලු කරල දුස්සීලයෙක් කරන්න ...   අනේ හුකේ අපි මැරිල උපන්නෙ නෑ ...."
"Habarakada Dinartha Himi","https://www.facebook.com/dinartha.himi","දේශපාලකයෝ කෙඳිරිගාන එක නම් කමක් නෑ කියමුකෝ පූජකයෝ කෙඳිරිගාන එකනේ වැඩේ...  ගැහුවයින් ගැහුවේ නෑ මෙහෙම කතිරයක්....🤭"
"Ranga Ruwan Rathnayake","https://www.facebook.com/ranga.ruwan","දහම රකින හාමුදුරුවරුන්ටත් නිඝaවක් මේ වගේ මානසික ලෙඩ්ඩු"
"Kusal Dissanayaka","https://www.facebook.com/kusal.dissanayaka.7","😂😂චීවර දාරී බඩු...."
"Punsiri Wettasinghe","https://www.facebook.com/liyaro.printers","Monawa hari beelada manda"
"Wa Sriyani","","අයියෝ හාමුදුරුවනේ  දෙන දානයක් වලදගෙන පාඩුවේ ඉන්නකෝ🙏🙏🙏🙏"
"Lahiru Heshan Yakupitiya","https://www.facebook.com/lahiruheshan.yakupitiya","Nianta dial"
"Prabath Maduranga Kumarage","https://www.facebook.com/people/Prabath-Maduranga-Kumarage/pfbid0uWJJzkRWdvn3YV63ecAbHURkv4S8XTgvanV7641vKBfj9aPU9jvptni39fGKCNMxl","කහකඩ ගෝරිල්ලෙක් කණ පලා ගන්න දවස් වැඩි ඈතක නොවේ"
"Tharindu Dilshan","https://www.facebook.com/people/Tharindu-Dilshan/61561175454898","හොරා කාපු මිනී මරපු කුඩු විකුනපු පාතාලෙ හදපු නාමල් දාර්මිකයි රහත් වෙන්නත් පුළුවන්. අනුර අදාර්මිකයි. 😅"
"Sadun Gunathilaka","https://www.facebook.com/sadun.gunathilaka.821521","Mu amu horek ganu horek"
"Pradeep Jayasinghe","https://www.facebook.com/pradeep.jayasinghe88","සිවුරු දාගත්ත පිස්සෙක්"
"Dammalage Kumara","https://www.facebook.com/dammalage","හාමුදුරුවනේ ඉස්සල්ලම හරියට මහණ වෙලා ඉන්න."
"Chandima Jayamanna","https://www.facebook.com/people/Chandima-Jayamanna/pfbid02uSawP79DKbHQXAi4bDyY7PPN5KUCY3tc678wiPtWNMafqDNDR6JMLkvsbdgmKMeMl","🤣🤣🤣🤣🤣🤣🤣"
"Dammalage Kumara","https://www.facebook.com/dammalage","[Sticker]"
"Sachith Anjana","https://www.facebook.com/sachith.anjana.54","අනුරට වෙන වැඩ නෑනෙ 😂 සිවුර ගලෝලා එන්න වෙයි හැබැයි"
"Raji Diyana Abeywardana","https://www.facebook.com/raji.abeywardana","Muta kawuruth Dane denna mu ganu mahana karawan unta kiyala Dane uyawanawa mahana karapu ewun Adan inne siwuren mahapu kalisamai shirt ekai Hamoma kuburu kotanna ona elawaluwawanna ona para wala hadanna ona dawasama wada karanna oni Mona darmayak wath na muge pot ekata gihin balanna ganayo tacter ekawanawa parawal hadanawa waga karanawa mahana karaganne wada ganna campus eksk kiyala dala lamai gennagena unge brain wash karanawa amma Tathta aduranna melawa paralowa na pin paw na niwatapa hodai muta wada mama kiyanne mage athdakkem mage duwata wechcha de hena gahanawa muta mu beela natanawa"
"Suranga Dilan Hewa Hakmanage","https://www.facebook.com/suranga.dilan.hewa.hakmanage.2025","අනේ මෝඩ බල්ලෝ. බල්ලෙක් උඩු බිරුවට කන්දක් ඕවා ගණන්ගන්නේ නෑ"
"Isuru Lakshan","https://www.facebook.com/isuru.lakshan.443590","කොසොල් රජ තුමා දැකපු හීන..."
"Koshala Maduranga","https://www.facebook.com/koshala.maduranga.2025","නිගන්ටයො ගිය උඩක්"
"Thusitha Premasiri","https://www.facebook.com/profile.php?id=100000945533033","🤣🤣🤣🤣🤣🤣"
"Bmsd Basnayaka Basnayake","https://www.facebook.com/people/Bmsd-Basnayaka-Basnayake/pfbid0jhRZQHeabj2YpRM5WKTJffjKdzNjFefrWecuWLFTPwZ65cZ9VuBoe4DvdGto9Khzl","සිවුරක් දාගෙන කරන්න ආපු වැඩේ කරන්න කරුණාකරලා.."
"Nimal Jayasiri","https://www.facebook.com/people/Nimal-Jayasiri/pfbid02kGx7tX6L25Y9udpbh9Bq943KK3jJVt2soSKRWvsJJRgHZh74waeGhAxNXy3Tpkp7l","Wanachariyek ❤ Oba Amathai ❤ Malimawata Jayawewa"
"Nishantha Thilakarathna","https://www.facebook.com/nishantha.thilakarathna.549","අපිට ඔප්පු කරන්න පුලුවන් උබ හාමුදුරු කෙනෙක් නොවේ පට්ට තක්කඩියෙක් කියල😅"
"Kavindu Emalka","https://www.facebook.com/profile.php?id=100028197754689","සාදුට hi කු නී"
"Kavindu Emalka","https://www.facebook.com/profile.php?id=100028197754689","ඇතාරින්න පුරුදු වෙයන් ප්ගෝ"
"Janaka Weerasekara","https://www.facebook.com/janaka.weerasekara.646152","පල පකෙයා යන්ට"
"Chamath Kanchana","https://www.facebook.com/chamath.kanchana","ට්‍රැක පැනල ඉන්නේ ලෙසටම පොරට 😂😂😂😂"
"Deshan Bandara","https://www.facebook.com/deshan.bandara.542424","😂😂😂"
"Sampa Aravinda","https://www.facebook.com/sampa.aravinda","ලැබෙයි සමාව ඔහොම ගියොත්.පිස්සෙක් වෙනුවෙන් තව පිස්සෙක්"
"Ds Priyankara","https://www.facebook.com/ds.priyankara.5","ඔබ වහන්සේට දිගායු   දිගායු    දිගායු"
"Rasika Mayakaduwa","https://www.facebook.com/rasika.mayakaduwa.3","[Sticker]"
"Tharindu Dilshan","https://www.facebook.com/tharindu.dilshan.963645","ඥානගේ වෙනූවට වැඩ භාරගත්තද"
"Dinesh Madhusanka","","ඥනසාර අනිවාරෙන් හිරේ යනවා. අනුර අධිකරන තීන්දු හෑල්ලු කරන් නැ. නීතිය හැමොටම පොදුයි. ඥනසාර අනිවාරෙන් කුදලගෙන ගිහින් හිරේ දාලා ඡම්පරේ අන්දන එක කාටවත් නතර කරන්න බැ. එහෙම පුලුවන් නම් මේ වෙනකොට නාමල් රාඡපක්ෂත් එලියේ ඉන්න ඕනේ. මොකද නාමල් කියන්නේ මහින්දගේ පුතා , ඥානසාර කියන්නේ මහින්දගේ බලු කුක්කෙක් විතරයි. 🖐️"
"Tharanga Thusitha","https://www.facebook.com/tharanga.thusitha.390344","තෝරටෙි බුදුදහමට මෝකද්ද කරලා තියේන්නේ චිවරේදාගන බිස්නස් විතරයි"
"Bandula Ranasinghe","https://www.facebook.com/people/Bandula-Ranasinghe/pfbid0xkuUXzVPmjxsPooHMxG11z8eyZ7k3h1TgBxKSd7uzw1jBmEwmqffkHkCZk62uSpul","පිස්සෙක්"
"Saman Munasinghe","","පල සක්තිලි ගනයා යන්න"
"Thilak Arachige","https://www.facebook.com/thilak.arachige","Nodakin"
"Akila Madusanka Yapa Bandara","https://www.facebook.com/akilamadusanka.yapabandara","මොනවද බං මුන්ට මේ වෙලා තියෙන්නේ 🖕🖕🖕🖕"
"Ravidu Sandeep","https://www.facebook.com/ravindu.sandeep.777","ඊලගට අඩන්න ඉන්න තට්ටයා 😂"
"Thushan Chanaka","https://www.facebook.com/thushan.chanaka.562080","හුත්තෝ  බුදුදහමට අගෞරවය කරන්න එපා. තෝ සිවුරට මුවා වෙලා. හොරුන්ට කඩේ යනවා."
"Madushan Wijethunga","https://www.facebook.com/dulanga.madushan.906","මිනිස්සුන්ට පවු පුරවන ගෝතයෙක් මූ 😂"
"Keshan Senevirathne","https://www.facebook.com/djkaprico","🐂😂"
"Pasan B. Gamage","https://www.facebook.com/pasan.buddhika.79","සාසනේ නැති කරන්නේ පිටතින් නෙමෙයි , ඇතුලතින්ම, ඒ මේ වගේ කහ සුරතලුන්..."
"Lal Silva","https://www.facebook.com/lal.silva.961","කවුද මූ බන කියන පොරක්ද"
"Amila Sampath","https://www.facebook.com/imesh.perera.906","Ane pala bn yanna uba mokekda"
"Bandula Dharmasena","https://www.facebook.com/people/Bandula-Dharmasena/pfbid02m7z9LHL31uigTHHhcZQbbBFXxYuDKcYPYKhQ2UmfbD9Mm2wgtrg4aYqvVwrdhYufl","තිත්ත ගල්ලේ හාමුදුරුවන් ම  නානසාර හිරේ යවන තැනට වැඩේ  කලා .මේ  විදියට තගා පාට් දාලා ආන්ඩු  නවන්න පුලුවන්ද"
"Rupasena Pothpitiyage","https://www.facebook.com/rupasena.pothpitiyage.2025","කහාකඩයා"
"Mayura Nuwan","https://www.facebook.com/mayura.nuwan","මං හිතුවෙ නෑ තිත්තයා මෙච්චර ආතල් එකක් දෙයි කියල 😅 eew godaya"
"Menaka Kumari Bandara","","අනුර නම් මංද ඔයැයි නම් අධාර්මික බව පේනො"
"Sriyananda Ranjith","https://www.facebook.com/sriyananda.ranjith.33","උඹ වගේ එකෙක් එක්ක මොනා කතාකරන්න ද"
"Chamara Sampath","https://www.facebook.com/chamara.sampath.869524","තිත්තයා ගෝතයා"
"Nuwan Abeyrathna","https://www.facebook.com/nuwan.abeyrathna.2025","මුන් සිවුරක් දාගෙන කරන්නෙම තක්කඩි වැඩ"
"Somapla Rajapaksha","https://www.facebook.com/people/Somapla-Rajapaksha/pfbid02poGox6Kt7xzLzZFsUNuHm7wsFrkvipeQsHrvvEsoNm1Fds7Dbqm7p6MJkgBDYBbel","අනේ්සඝයො,කාගෙවත්දර්මෙඅදර්මෙ මොකටද,රටගිනිනොතියා,සිවුරගලවල ගෙදර,පල"
"Munasingha Premarathna","https://www.facebook.com/profile.php?id=100076422972134","මෙච්චරටම ඉක්මනින් හරකෙක් වෙන්නත් පුලුවන් නේද බං ජයවේවා මාලිමාවට"
"Rohini Rohini","https://www.facebook.com/people/Rohini-Rohini/pfbid0sLbgpiN1vfe39HyySEyPj9hb7Btw3BedPzGaLJjRs1S7eMw2MVtVfK5N91n1UU6Nl","උබල හරියට මහන වෙයල්ල."
"Prasad Chathuranga","https://www.facebook.com/prasad.chathuranga.507","මොකෙක් හරි හු........මාස පටන් ගන්නකොටම අඩන්න ගන්නො මුසල පා......"
"Nalaka Sriyantha","https://www.facebook.com/nalaka.sriyantha","සිවුරක් දාගත් මෙයාලවත් තාම සාසනෙ නැති එකෙ ගිහියොගෙ ධාර්මික බව ගැන මොන කතාද.."
"Buddika Walakuluarachchi","https://www.facebook.com/buddika.chathuranga.54","අනුරගෙයි මුගෙයි මූනු දෙක බැලුවම කව්ද දාර්මික කියල බලන ජනතාවට පේනවා මුගේ මූන කලුවෙලා අදාර්මික බවින්"
"Hiran Danushka","https://www.facebook.com/dedunu2020","සමන්ත බඩ්ඩ ගාව හිටපු එකෙක් පිස්සෙක් නොවි ඉන්න බැ..පැනලා තියෙන්නෙ මූට...තව ගේම් එකක් ප්ලේ කරවනවා කවුරුහරි මූව යූස් කරලා🤮🤮"
"Sampath Bandara","https://www.facebook.com/sampath.bandara.667253","ඉස්සෙල්ලම මහණවියන්කෝ ඊටපස්සෙ අනිත්වා බලමු"
"Harshana Disanayak","https://www.facebook.com/people/Harshana-Disanayak/61552542830562","ඒක කරන්නේ ජනාධිපති නෙවෙයි ඒක තේරුම් ගන්න බැරිද අයියෝ ඔයාලා ඔය සිවුරට ගැලපෙන්නේ නෑ"
"Buddika Maduranga","https://www.facebook.com/buddika.buddika.259036","පල හූත්තික පූතා"
"Lasantha Pradeep","https://www.facebook.com/lasantha.pradip.75","අපිත් ඔප්පු කරලා පෙන්නනවා සිවුර පොරව ගත්ත සල්ලි වලට ණයට කහින නිකමෙක් කියලා."
"Ravi Pradeep Saman Kumara","https://www.facebook.com/ravi.pradeepsamankumara","එහෙනම් පගෝ උබ කොච්චර අදාර්මිකද 😂"
"Milan Jayawardena - Lazar","https://www.facebook.com/milan.jayawardena","අබිත්තයා කාලෙ පුක පලා ගත්ත අමාරුව ඔය පකයට තියන්නේ 🖕😂🖕😂🖕"
"Charith Seneviratne","https://www.facebook.com/nimalkarunaratne.karu","🖕"
"Ashan Achintha","https://www.facebook.com/ashan.achintha.1","මේ ගූ කන්නා ඊලඟට හොඳ කෑමක් බලාපොරොත්තු වෙනවා වගේ 😂😂"
"Sithija Pradeep","https://www.facebook.com/sithija.pradeep.689351","මේ මොකෙක් ද මේ😂🙆"
"Asoka Gunawardena","","Niyamai"
"Madhushan Kaluwella","https://www.facebook.com/madhushan.kaluwella","😂😂😂"
"Herry Welivita","https://www.facebook.com/wasantha.welivita","යකෝ උසාවි නියෝගයක්  දීලා තියෙන්නේ තොපි වගේ හාල්පාරු සිවුරප්පුරෝ ගත්ත එක එකාගේ තීන්දු වෙනස් කරන්නද"
"Ruwanthi Kaushalya","https://www.facebook.com/people/Ruwanthi-Kaushalya/pfbid0g3ZDKsphiw7ycjH2ABfKR4ehzKhZ2g6PgacVL5gfc3X95km5KpR3em6VyBbATgMYl","ධාර්මිකයෙක් කතා කරයි 😂"
"Priyanka Kumudini Rajapakse","https://www.facebook.com/priyanka.rajapakse","සඝ පාතාලේ 🤣"
"Shanith D Wijethunga","https://www.facebook.com/shanith.d.wijethunga","පිස්සුගල්ලේ"
"D L Wickrama Arachchi","https://www.facebook.com/dl.wickramaarachchi","🤣"
"Kelum Nirosh Gamage","https://www.facebook.com/kelum.niroshgamage","නරකද දැන් වත් මහණ වුනොත්"
"Shan Perera","https://www.facebook.com/shan.perera.423140","Appe ratata sapeyak unu kalakanni ballo mun"
"Shan Perera","https://www.facebook.com/shan.perera.423140","Thiththagalle horra pakeya."
"Maduka Dhananjaya","https://www.facebook.com/people/Maduka-Dhananjaya/pfbid0LumEhbr3UQBWBGDpPcyVqQKLdsXqEYCak63dVYJW26ZrMEUE8kTK8bYGH9KUZqM2l","අනෙ පල බෙබද්දො.හැට්.මුගෙ."
"Samantha Perera","https://www.facebook.com/samantha.perera.35325","මේ මොන හාල් කෑල්ලක්ද  තිස්සකුට්ටියා එක්කනම් නියමෙට ගැලපෙනව ."
"Anamal Ujith Namal Ujith","https://www.facebook.com/anamalujith.namalujith","අනුර හැලි වඳුරෝ ගාවට එන් නැ"
"Samantha Perera","https://www.facebook.com/samantha.perera.35325","මොකවත් නැ...තමුන්නැහැවත් කුනු කූඩෙට වැටුනා එච්චරයි...ඒක තේරුම් ගන්න...මිනිස්සු දැන් ඔහේලව reject කරලා ඉවරයි"
"Samantha Perera","https://www.facebook.com/samantha.perera.35325","අපේ හාමුදුරුවෝ මේ නාඩගම පටන් ගත්තේ නාමල් ඇතුලට ගියපු දවසේ ඉදන්. අලුත් project ඒකක් වගේ 😏."
"Kasun Asanka","https://www.facebook.com/kasun.asanka.204612","😂"
"Kumara Gunarathna","https://www.facebook.com/kumara.gunarathna.906926","Kuda me"
"Saliya Kumara","https://www.facebook.com/people/Saliya-Kumara/61593207328455","පීචං ගෝරිල්ලෙක් 😂😂"
"Suresh Thilakaratne","https://www.facebook.com/suresh.thilakaratne","ඒ පාර තව කරුමයක් පහත් වුනා"
"Vimukthi Maduwantha","","මැවිලා පේනවා පොර ටෝක් දීලා අනුර ඉස්සරහ රෙවෙන රෙවිල්ල 🤣🤣"
"Frank Jayawardane","https://www.facebook.com/people/Frank-Jayawardane/pfbid0JTa8HjBUjWis26jdSLYgGP63fEqDcfmRAGCj8QKnVsREqG5kubEW5cX1KYYmWjNCl","රජු අධාර්මිකයි කියමු. ඔබ වහන්සේ ඊටත් වඩා අධාර්මිකයි! බුදුන් වහන්සේ දේශනා කළේ සිවුරක් දැරීම පමණක් භික්ෂුවකගේ උතුම්කම නොවන බවයි. භික්ෂුවකගේ සැබෑ වටිනාකම පෙනෙන්නේ ඔහුගේ ශීලයෙන්, සංවරයෙන්, සත්‍යවාදී බවින්, ලෝභ,ද්වේෂ, මෝහයෙන් ඈත්වීමෙන් සහ ධර්මයට අනුව ජීවත් වීමෙන්. බුදුන් වහන්සේගේ මාර්ගය අනුව භික්ෂුවක් තමන්ට ගෞරවය, බලය, ධනය හෝ ප්‍රසිද්ධිය එකතු කරගැනීමට නොව, තමන්ගේ කෙලෙස් අඩු කරගැනීමටත් අන් අයට ධර්ම මාර්ගය පෙන්වීමටත් කැපවිමය. විශේෂයෙන්ම, අන් අයට දේශනා කරන ධර්මය තමන්ගේ ජීවිතයෙන්ම ආදර්ශවත් නොකරන්නේ නම්, එම දේශනාවේ වටිනාකම ප්‍රශ්න කළ යුතුය. බුදුන් වහන්සේ දේශනා කළේ අන් අයගේ වැරදි සෙවීමට පෙර තමන්ගේ සිත පරීක්ෂා කරන ලෙසයි. ඒ නිසා භික්ෂුවක් වුවත්, ගිහියෙක් වුවත්, “මම කියන ධර්මය මම ජීවත් වෙනවාද?” යන ප්‍රශ්නයෙන් ගැලවිය නොහැක. සිවුර ධර්මයේ සංකේතයක් විය හැකිය. නමුත් සිවුර ධර්මය නොවේ. ධර්මය ජීවත් වන්නේ හැසිරීම තුළය. කලින් යහපත් භික්ෂුවක ලෙස සිටි කෙනෙකු පසුව ලෝභයට, බලයට, කීර්තියට, ද්වේෂයට හෝ අධර්මික හැසිරීමට යටත් වන්නේ නම්?  බුදුන් වහන්සේට ගරු කිරීම යනු බුදුන් වහන්සේගේ නම භාවිතා කිරීම නොව, උන්වහන්සේ දේශනා කළ මාර්ගය අනුව ජීවත් වීමයි"
"Vidusha Fernando","https://www.facebook.com/vidusha.fernando.869125","Track out"
"Nadeeka Kumara Wijerathne","https://www.facebook.com/profile.php?id=100064353842520","mu mokedda🐂"
"Lalith Rathnayake","https://www.facebook.com/LalithRathnayakeArtist","මූව හොඳයි මළගේක නිදිමරන්න එක්ක යන්න.."
"Tharaka Indunil","https://www.facebook.com/tharaka.indunil.16","තොපි වගේ කහකඩයෝ මේ රටට කරපු එක සෙවයක් කියපල්ලා බලන්න"
"Selvanayagam Shiva","https://www.facebook.com/people/Selvanayagam-Shiva/61556466231465","මුගෙ බිස්නස් එක කැඩුන එකට මල පැනලා"
"Thiwen Kulathilaka","https://www.facebook.com/thiwen.kulathilaka.2025","පල පකය"
"Sanjaya Dinesh Pathirana","https://www.facebook.com/profile.php?id=100003827547440","Ane me dane waladala inna"
"Sanjaya Dinesh Pathirana","https://www.facebook.com/profile.php?id=100003827547440","Mama rajapassa dakunu palath deewara amathi inna kale idan dakapu kenek"
"Sanjaya Dinesh Pathirana","https://www.facebook.com/profile.php?id=100003827547440","Oyage darame rqjapassada"
"Sanjaya Dinesh Pathirana","https://www.facebook.com/profile.php?id=100003827547440","Dapu vidio tika danna oyage  Rqjapassa nikayata"
"Inoka Dep","https://www.facebook.com/inoka.dep.9","හාමුදුරුවරු වගේ නම් අධාර්මික නැහැ."
"H.M. Jayaweera","https://www.facebook.com/ransara.jayaweera","සක්කිලි පිස්සෙක් ගණයා"
"Vijaya B Konara","https://www.facebook.com/vijaya.b.konara","අනේ මේ වදින්නම් වැඩක් කරගනින්.මිනිස්සුන්ට අද කාලෙ ප්‍රශ්න තියෙනවා බන්.එක එක දවසට එක එකා කමවැන්දුම් ගෑනි වගේ හූල්ලනවා🤣"
"Kaushaka Damith Bandara","https://www.facebook.com/kaushaka.damith.Bandara","ඊළග සමාජ පිලිලයක් වෙන සිවුරු රදවනේ 🤣🤣🤣"
"Nishantha Palagama","https://www.facebook.com/nishantha.palagama","තො. හොදයි. ගොන්. කරත්තයට බදින්න"
"Wajira Nambikandha","https://www.facebook.com/wajira.nambikandha","සිවුරු රඳවනයක්.. 🤣🤣🤣"
"Melan Nishan","https://www.facebook.com/melan.nishan","Meka yakek wage balapan hate.siuratath apahasa karana .me thakkadiyata nithiya kriyathmamaka karanna one.mun thama rata wanasanne"
"Sampath St","https://www.facebook.com/thushara.07.89","නාලා කිලිට් අදුම් ගලවලා මහන වෙන්න"
"Chamila Kamal Ranugge","https://www.facebook.com/chamilakamal.ranugge","උබ මොන කබ්බෙක්ද බන්🤣😂🤣"
"Akash Nilupul","https://www.facebook.com/akash.nilupul.5","අනුර අධාර්මිකයි හොරු ඉදිරිපිට.."
"Ashoka Puspakumara","https://www.facebook.com/jason.perera.35","උබ කවුදහුත්තෝ අනුඑ සමග කතා.කරන්න තොපි.හොර.ගනයලා ගෑනු.තියාගෙන.කසිප්පු බිගෙන.ඉන්නේ"
"Laksman Perera","https://www.facebook.com/people/Laksman-Perera/pfbid0PRfi8NAwmv4xvGy48MpHbW1fzwefQiykVaurs66s7qzYeGoNZ2Hcf3p3971GHVY6l","Ashoka Puspakumara dekka wage kiyanna uda balagena kela gahagan epa lokka"
"K Wendy Bandara","","නිදන් තිත්තයා"
"Sugath Wanigasekara","https://www.facebook.com/sugath.wanigasekara.2025","Butaya api bayavie"
"Saman Jayakodi","https://www.facebook.com/people/Saman-Jayakodi/pfbid02LFKYV3HDFiZFkr4diDJShAv7FhmrNNyBmahgi53AZUcx2gg94zhPaQ8yDFKM1NFvl","හොරු එකතු වෙන්නේ හොරුන් එක්කමයි😁😁😁😁"
"Mano Livera","https://www.facebook.com/profile.php?id=61584079861614","ඉතින් ඔයත් අධාර්මිකයිනේ.... 🤣🥴. ඔප්පු කරන්න ඕනිත් නෑ බලං හිටියම පේනවා.... 🤣🤣🤣. වැඩේ කියන්නේ එහෙම පේනවා කියලා ඔයාට තේරෙන්නෙත් නෑ..... 🥴🤣🤣🤣"
"Hashan S Bandara II","https://www.facebook.com/hashan.s.bandara.ii","ඔය ඉතිං ප්‍රසිද්ධ වෙන්නනේ මේ දඟලන්නේ"
"Udula Asanga","","කෝසල රජ්ජුරුවොත් යුද්ධට යන්න කලින් බුද්‍රජාණන් වහන්සේගෙන් ආශිර්වාද ගන්න යනවා.. ඇයි  යුද්ධය පරදීද කියලා ඉඟියක් ගන්න.. එතකොට යුද්ධය ධර්මිකද? මෙයා කවුද මේ... චීවරේ කන මණුස්සයෙක්"
"Yohan Pushpaka","https://www.facebook.com/yohan.pushpaka","Gothaya 😂😂😂"
"Karu Abeywickrama","https://www.facebook.com/people/Karu-Abeywickrama/pfbid02Rrf5rndpsCi3fHHH7yrCTEu7sUd7UxJpc81Ho2VJHexy2R7urYCQBFmCty3uVLDLl","Uba Samatha Badage.Malli Wennada  Hadanne Yako Pasale Enna Amaruna  Gedara .Waren .Oka Haawala .Saramak  Dagena Parata Bhapan  Pissu Kelinne Nathuwa"
"Noyel Yuvendra","https://www.facebook.com/noyel.yuvendra","කායේන සංවරෝ සාදු සාදු වාචාය සංවරෝ මනසා සංවරෝ සාදු සාදු සබ්බත්ථ සංවරෝ  ඔය ඇති 🙏"
"Asoka Darshana","https://www.facebook.com/hidellanage","පිස්සු යකෙක් මූ....😀"
"Gamini Dasanayaka","https://www.facebook.com/people/Gamini-Dasanayaka/pfbid02Yr3aq6DEyTD3bjr8zLATBXNobNN8M7rcGXBPMYTTKVXVXGWm262FSd2PWzMPFgMWl","Mon hewalkda mu...."
"Vajira Lasantha","","Malmini"
"Nilan Sumedha","https://www.facebook.com/nilan.sumedha.31","Donky"
"Jas Jayampathi","https://www.facebook.com/jas.jayampathi","A"
"Hiru Hiru Hiru","https://www.facebook.com/people/Hiru-Hiru-Hiru/pfbid02ofRJ7tDnK8RNPHrkTRhQ3sYBdaTFEVYDXXqmMYdDFFDNpkivaA8gBSq26pq2CitEl","Ana ganagadiyo"
"Sajith Aponso","https://www.facebook.com/sajith.aponso","Ummmm baaaaaa 😂😂"
"Dammika Herath","https://www.facebook.com/dammika.herath.580479","Pala pako"
"Athula Hemantha","","🤣🤣🤣🤣🤣🤣🤣🤣🤣q"
"Manoj Lasantha Gamage","https://www.facebook.com/anjali.morawaka","Ane gothaya"
"Jayantha Wickremasinghe Wickremasinghe","https://www.facebook.com/jayantha.wickremasinghe.wickremasinghe","Mona halkelida ban me"
"Thilak Arachige","https://www.facebook.com/thilak.arachige","Tho mokek da"
"Duminda Disanayka","https://www.facebook.com/duminda.disanayka","Sataka halparuweak"
"苏潘南达","https://www.facebook.com/profile.php?id=61587282597523","A mad monk."
"Pradeep Samaranayake","https://www.facebook.com/pradeep.samaranayake.94","Gothaya"
"Lakshitha L Sarathchandra","https://www.facebook.com/lakshan.lak.98","Mu  picco httkne"
"Gananatha Ranawaka","https://www.facebook.com/profile.php?id=636994265","never can win"
"Rm Rathnayaka","https://www.facebook.com/people/Rm-Rathnayaka/pfbid02EHfpUMuR89TiWqe6XdVa919McGUc1o1BVzfjsDCWkFBwTeE6EzEE3TdxcQS4GvEil","Ae. Pndaka"
"Rm Rathnayaka","https://www.facebook.com/people/Rm-Rathnayaka/pfbid02EHfpUMuR89TiWqe6XdVa919McGUc1o1BVzfjsDCWkFBwTeE6EzEE3TdxcQS4GvEil","Morana,....jewa"
"Sanjaya Dinesh Pathirana","https://www.facebook.com/profile.php?id=100003827547440","Me npp government aka"
"Muhammed Fazl","https://www.facebook.com/people/Muhammed-Fazl/61577442265481","He is the same colour as the background! The next time, pls use a white board as the background! 😁"
"Sujith Nishantha","https://www.facebook.com/sujith.nishantha.71","Pla h##h$"
