User Name,Profile Link,Comment
"Prasanna Dayaratne","https://www.facebook.com/prasanna.dayaratne","රටම ලෝකයම හෑමෝම බලාගෙන ඉන්නේ චීවරදාරියන් සාසනයෙන් එලවලා පිරිසිදු සසුනක් ඇතිවෙන දවසක්"
"Shiranthi Withanage","https://www.facebook.com/shiranthi.withanage.330009","Prasanna Dayaratne aniwaryen"
"Jpl Pathirana","https://www.facebook.com/people/Jpl-Pathirana/pfbid0Vv1R1hYiHwS8MYhbq2fX8Y4gZmMbjRv45wXdtCeG9CBYwP7DURybs6R43kTuoAw4l","Prasanna Dayaratne අනිවා"
"Pyro Blast","https://www.facebook.com/people/Pyro-Blast/61590607535360","Prasanna Dayaratne උබේ අම්මගේ පිත්තම පිරිසිදු කරපංකෝ"
"Nandipal Rajapaksha","https://www.facebook.com/nandipal.rajapaksha","Prasanna Dayaratne 🙏🙏🙏🙏🙏🙏🙏🙏🙏🙏🙏🙏🙏🙏🙏🙏🙏🙏🙏🙏🙏🙏🙏🙏🙏🙏🙏🙏🙏🙏🙏🙏🙏🙏🙏🙏🙏🙏🙏🙏"
"Thushan De Silva","https://www.facebook.com/people/Thushan-De-Silva/pfbid07TEvyJxHcRDqD21EBDay6ykg5cHYBJy7TLX886LfWBngMYfK7ZhB3dGyD1Eo7MBwl","Pyro Blast oi gothaya obe ammage karala waren issella"
"Amila Virantha","https://www.facebook.com/amilavirantha","Pyro Blast පේනවානේ හොර චීවර දාරියා ගේ පිංගුත්තර ඇබිත්තයා උබේ කතාව. තොපිත් තෝපේ හොර ඝනයෝ වගේම තක්කඩින් කියලා කියන්න තව සාක්ෂි ඔනේ ද? හොදම උදාහරණය යක් උබ"
"Hma Senarathna","https://www.facebook.com/people/Hma-Senarathna/pfbid023eJneraxFU9tpjevBv5ck3bVckEfKAdo2EK7hJCXedwaC72gEJnQuZM3iLH1tq2kl","බුදුන් දෙශනා කල දර්මය අකුරට පිලිපදින උපාසක මහත්මයෙක් 🤣🤣"
"Kasun T. Peiris","https://www.facebook.com/kasun.tharaka.peiris","ශාසනය රැකෙන්නේ පුද්ගලයන්ගෙන් නොව ධර්මයෙන් හා විනයෙනි....  භික්ෂුවක් සිවුරු දරා සිටින පමණින් ඔහු කරන සෑම ක්‍රියාවක්ම බුදු දහමට අනුකූල යැයි පිළිගැනීම බුදුන් වහන්සේගේ දේශනාව නොවේ....  බුදුන් වහන්සේ ශාසනය තුළ විනය විරෝධී හැසිරීම් ඇති වූ විට ඒවා නොසලකා හැරීමට නොව, අවශ්‍ය අවස්ථාවල සංඝකර්ම මගින් විනයානුකූලව කටයුතු කිරීමට පැහැදිලි විධිවිධාන පනවා ඇත....  විනය පිටකයේ සඳහන් වන්නේ,  “භණ්ඩනකාරකෝ හෝති, කලහකාරකෝ, විවාදකාරකෝ, භස්සකාරකෝ, සංඝෙ අධිකරණකාරකෝ…”  එනම් භික්ෂුවක් නිරන්තරයෙන් භණ්ඩන, කලහ, විවාද ඇතිකරන, අධික වාද විවාදවල යෙදෙන, සංඝය තුළ අර්බුද ඇතිකරන තත්ත්වයක් ඇති කරන්නේ නම්, එවැනි හැසිරීම් සම්බන්ධයෙන් සංඝය විසින් විනයානුකූලව ක්‍රියා කළ හැකි බවයි....  තවද, ගිහියන්ට අපහාස කිරීම සම්බන්ධයෙන් විනයේ දැක්වෙන්නේ,  “ගිහී අක්කෝසති පරිභාසති”  ගිහියන්ට බැණ වදිනවා, අපහාස කරනවා, තර්ජනය කරනවා යන අර්ථයයි....  එපමණක් නොව,  “ගිහීනං බුද්ධස්ස අවණ්ණං භාසති, ගිහීනං ධම්මස්ස අවණ්ණං භාසති, ගිහීනං සංඝස්ස අවණ්ණං භාසති…”  යනුවෙන් ගිහියන් අතර බුදුන් වහන්සේට, ධර්මයට හෝ සංඝයට අවමාන වන ආකාරයෙන් කටයුතු කිරීම පිළිබඳවත් විනයෙහි කරුණු දක්වා ඇත....  එවැනි අවස්ථාවල බුදුන් වහන්සේගේ ක්‍රමය වූයේ “සිවුරු දරා සිටින නිසා ඔහුට ඕනෑම දෙයක් කිරීමට ඉඩ දීම” නොවේ.....  ඒ සඳහා පටිසාරණීය කර්මය, තජ්ජනීය කර්මය, නියස්ස කර්මය, පබ්බාජනීය කර්මය, උක්ඛේපනීය කර්මය වැනි විනයානුකූල සංඝකර්ම පනවා තිබේ....  ඒ නිසා ප්‍රශ්නය විය යුත්තේ,  “මේ හාමුදුරුවන් ජනප්‍රියද?”  “මේ හාමුදුරුවන්ට දේශපාලන බලයක් තිබේද?”  “මේ හාමුදුරුවන්ට විශාල දායක පිරිසක් සිටීද?”  යන්න නොවේ....  ප්‍රශ්නය විය යුත්තේ,  “මේ හැසිරීම බුදුන් වහන්සේ පනවා වදාළ විනයට අනුකූලද?”  යන්නයි....  තවත් වැදගත් ප්‍රශ්නයක් තිබේ.....  මෙවැනි කරුණු සම්බන්ධයෙන් සංඝ සභාව මෙතෙක් ක්‍රියාත්මක වී තිබේද?  යම් භික්ෂුවකුගේ හැසිරීම සම්බන්ධයෙන් නැවත නැවතත් චෝදනා හා ගැටලු මතුවන්නේ නම්, ඒවා විනයානුකූලව පරීක්ෂා කර, කරුණු සත්‍ය නම් සුදුසු සංඝකර්මයක් කිරීම සංඝයේ වගකීමකි....  එය සිදු නොකර නිහඬව සිටීමෙන් ගැටලුව විසඳෙන්නේ නැත....  වරද කරන එක් පුද්ගලයකු නිසා පමණක් ශාසනය දුර්වල වන්නේ නැත.... වරදක් පෙනී තිබියදී එය විනයානුකූලව නිවැරදි නොකිරීමත් ශාසනය දුර්වල වීමට හේතුවකි.....  මන්ද, එවිට සාමාන්‍ය ජනතාවට ඇතිවන පණිවිඩය වන්නේ,  “බලවත් හෝ ජනප්‍රිය භික්ෂුවකට විනය වෙනමය”  යන්නයි....  නමුත් බුදුන් වහන්සේ පනවා වදාළ විනයට එවැනි විශේෂ වරප්‍රසාදයක් නැත....  මෙහිදී කිසිවකුට හදිසියේ “පාරාජික” යැයි ලේබල් කිරීම මගේ අරමුණ නොවේ. පාරාජිකයක් හෝ වෙනත් විනය වරදක් තීරණය කළ යුත්තේ අදාළ විනය නීතියේ සියලු කොන්දේසි පරීක්ෂා කිරීමෙන් පසුවය....  නමුත් ඒ කියා අධිකරණයෙන් තහවුරු වූ හෝ ප්‍රසිද්ධියේ පෙනී යන හැසිරීම් ගැන විනය පරීක්ෂාවක්වත් නොකළ යුතු යැයි බුදු දහම උගන්වන්නේද නැත....  එබැවින් ගෞරවයෙන් සංඝ සභාවෙන් ඇසිය යුතු ප්‍රශ්නය මෙයයි....  “බුදුන් වහන්සේ ශාසනයේ පිරිසිදුකම රැකීමට විනයානුකූල සංඝකර්ම පනවා තිබියදී, එම විනය ක්‍රියාත්මක කිරීම සම්බන්ධයෙන් මෙතෙක් නිහඬව සිටියේ ඇයි?”  සංඝය නිහඬ වීමෙන් පුද්ගලයා ශක්තිමත් විය හැක....  නමුත් විනය නිහඬ වීමෙන් ශාසනය ශක්තිමත් නොවේ....."
"Miyuru S Liyanage","https://www.facebook.com/miyurus.liyanage.1","Kasun T. Peiris 😀👌අනුරට පර බල්ලො කියා , සක්කිලින්ට ජාතකවූ එලාරලාගේ ඉතුරු දාතු පරයෝ කියා කවුරුත් අවලම් සක්කිලි ජෙපයියෝ මාලිමා පරයෝ කියා බනින්න එපා ප්ලීස් ප්ලීස් ප්ලීස් ප්ලීස්  😍😍😍😍😍😍😍😍😍😍😍"
"Nishan Pushpa Kumara","https://www.facebook.com/people/Nishan-Pushpa-Kumara/pfbid0XPC731t2G4u2JirfWqrHigEsbkkg1qeonyw2C4NF2Lrv5SReL2xPDMu9zAmjWEy4l","Kasun T. Peiris පලයන් බන් තො බෞද්ධ ද"
"Kasun T. Peiris","https://www.facebook.com/kasun.tharaka.peiris","Nishan Pushpa Kumara   මම නියම බෞද්ධයෙක්...... මට ඒ පිලිබඳ සැකයක් නෑ......  ඔබ නියම සිංහල බෞද්ධයෙක් ද ?  ----------  නියම සිංහල බෞද්ධයෙක් යනු සිංහල ජාතියට ආදරය කරන නමුත් ජාතිවාදයට වහල් නොවන, බුදුන් වහන්සේට ගරු කරන නමුත් අන්ධ භක්තියෙන් නොව ප්‍රඥාවෙන් ධර්මය විමසන, තම ආගම රකින නමුත් අන්‍ය ආගම්වලට වෛර නොකරන, සීලය හා කරුණාව ජීවිතයෙන් ප්‍රගුණ කරන, අසාධාරණය හමුවේ සත්‍යය වෙනුවෙන් පෙනී සිටින, තමන්ගේ පාර්ශ්වයේ වරදක් වුවද වරදක් ලෙස දැකීමට නිර්භීත පුද්ගලයෙකි. මන්ද, බෞද්ධකම මැනිය යුත්තේ කෙනෙකුගේ නමෙන්, ඇඳුමෙන්, ජාතියෙන් හෝ ආගමික ප්‍රකාශවලින් පමණක් නොව, ඔහුගේ සිතුවිලිවලින්, වචනවලින් සහ ක්‍රියාවලින්ය. කෙසේ වෙතත්, “සිංහල” යනු ජනවාර්ගික හා සංස්කෘතික අනන්‍යතාවක් වන අතර “බෞද්ධ” යනු ආගමික අනන්‍යතාවකි. ඒ දෙක එකිනෙකට සම්බන්ධ විය හැකි නමුත් එකම දෙයක් නොවේ. සිංහලයෙකු වීමෙන් පමණක් බෞද්ධයෙකු නොවන අතර, බෞද්ධයෙකු වීමට සිංහලයෙකු වීමද අවශ්‍ය නොවේ. එය බුදු දහමේ විශ්වීය හරය තේරුම් ගැනීමට වැදගත් කරුණකි........"
"Kasun T. Peiris","https://www.facebook.com/kasun.tharaka.peiris","Miyuru S Liyanage   😂 බනින්න එපා කියන එක හොඳයි. හැබැයි තමන්ගේ දේශපාලන විරුද්ධවාදියාට අපහාස කරලා, අනිත් අයට විතරක් ශිෂ්ට වෙන්න කියන එක තමයි මෙතන තියෙන විහිළුව.  බුදු දහම ගැන කතා කරනවා නම්, මුලින්ම තමන්ගේ වචනවලින් තමන්ගේ සංස්කෘතිය පෙන්නන්න ඕනේ. සිංහල බෞද්ධකම කියන්නේ තමන් කැමති පක්ෂයට විතරක් ගරු කිරීමවත්, අකමැති පක්ෂයට මඩ ගැසීමවත් නෙවෙයි.  දේශපාලන විවේචනය කරන්න තර්ක තියෙනවා නම් තර්කයෙන් විවේචනය කරන්න. කරුණු තියෙනවා නම් කරුණුවලින් ඔප්පු කරන්න. ඒ වෙනුවට ජාතිය, උපත සහ පහත් වචන අල්ලගෙන බනිනවා නම්, ඒකෙන් හෙළි වෙන්නේ විවේචනය කරන පුද්ගලයාගේ දේශපාලන ශක්තිය නෙවෙයි, තර්කවල දුර්වලකමයි.  මතක තියාගන්න, කෙනෙක්ට බනින එකෙන් තමන් උසස් වෙන්නේ නැහැ. අනිත් කෙනාට අපහාස නොකර තමන්ගේ මතය ඔප්පු කරන්න පුළුවන් වීමයි සැබෑ ශක්තිය. 🙂"
"Meheni Nanda","https://www.facebook.com/meheni.nanda","""මනුෂ්‍යත්වයේ අත්සන"" තබන්න ඔබත් එක්වන්න! 🤝✍️ ඔක්තෝබර් 9 සිට 18 දක්වා දෙවුන්දර සිට මිහින්තලය දක්වා මුළු රටම යා කරන උදාර ගමන. ඔබගේ මනුෂ්‍යත්වයේ අත්සන එක් කිරීමට පහත දිනවලදී අප සමඟ එකතු වන්න! 🙏✨🇱🇰 📍 ගමන් කාලසටහන:  * ඔක් 09 (උදේ 8.00): දෙවුන්දර ➔ මාතර ➔ වැලිගම ➔ හබරාදුව ➔ ගාල්ල  * ඔක් 10: හික්කඩුව ➔ ඇල්පිටිය ➔ අම්බලන්ගොඩ ➔ කළුතර ➔ වාද්දුව  * ඔක් 11: පානදුර ➔ මොරටුව ➔ රත්මලාන ➔ දෙහිවල ➔ කොළඹ  * ඔක් 12: ගම්පහ ➔ මීරිගම ➔ කඩවත ➔ කිරිබත්ගොඩ  * ඔක් 13: නිට්ටඹුව ➔ අඹේපුස්ස ➔ වරකපොල ➔ කෑගල්ල  * ඔක් 14: මාවනැල්ල ➔ කඩුගන්නාව ➔ පිළිමතලාව ➔ නුවර ➔ දිගන  * ඔක් 15: කටුගස්තොට ➔ මාතලේ ➔ නාඋල ➔ ගලේවල ➔ දඹුල්ල  * ඔක් 16: තඹුත්තේගම ➔ මරදන්කඩවල ➔ හබරණ ➔ අනුරාධපුරය  * ඔක් 17: මින්නේරිය ➔ හිඟුරක්ගොඩ ➔ පොළොන්නරුව ➔ කදුරුවෙල  * ඔක් 18: මිහින්තලය හැමෝටම ගෞරවයෙන් ආරාධනා කරනවා! 🤝✨"
"Indika Sayakkara","https://www.facebook.com/profile.php?id=100021543654290","Meheni Nanda  ලංකාවේ බුද්ධ ශාසනය විනාශ කරන අත්සන ඔය ගහන්නෙ."
"Priyantha Muthukuda Bandara","https://www.facebook.com/priyantha.muthukuda","Meheni Nanda 😄..පොඩ්ඩක් ඉන්න 😄"
"Shayama Silva","https://www.facebook.com/shayama.silva.2025","Meheni Nanda          🙏🙏🙏     ❤️❤️❤️    අපේ රට වෙනුවෙන් හැමදෙනාම යන්න  🙏🙏🙏"
"Indika Sayakkara","https://www.facebook.com/profile.php?id=100021543654290","Shayama Silva  රස්තියාදුකාරයොන්ව ආරක්ෂා කලාම රටට මොකක්ද වෙන්නෙ?"
"Darshana Darshana Chathuranga","https://www.facebook.com/darshana.darshana.chathuranga.2025","Meheni Nanda Thawath gon 🐖 k 🤑"
"Amila Sampath","https://www.facebook.com/amila.sampath.496429","Indika Sayakkara ube thaththa wennethi marakkala demalaya.yako sinhala baudda ape rata meka.ponna dobinta kade yannethuwa gedara idagena wadapu ammage redi tika hodala deepan"
"Dayani Paranavithna","https://www.facebook.com/dayani.paranavithna.2025","Indika Sayakkara ඔයාලට සාසනයකුත් නැහැ, එයාලා ඒක බලා ගනියි, මහන්සි වෙන්නෙපා"
"Indika Sayakkara","https://www.facebook.com/profile.php?id=100021543654290","Dayani Paranavithna  කාටද සාසනයක් නැත්තෙ? ඔයා බුදුහාමුදුරුවොද එහෙම කියන්න? ඔයාල වැඩිපුර බෞද්ධද අපට වඩා? කොහොමද එහෙම වෙන්නෙ?"
"Saman P Sepala","https://www.facebook.com/saman.p.sepala","Indika Sayakkara ඉන්දිකා උ⁣⁣ඹෙි අමිමාට හුකොගන්න හදන්නෙ නැතුව උ⁣⁣ඹෙි පිංතුරයක් දාපන්කො පෙුාපයිල් එකට කැරි වෙිසි"
"Palitha Wickramasinghe","https://www.facebook.com/wickramasingh","Meheni Nanda"
"Indika Sayakkara","https://www.facebook.com/profile.php?id=100021543654290","Dayani Paranavithna  මේ වගේ දුස්සීලයින්ට අනුග්‍රහය දැක්වීම දේවදත්තට අනුග්‍රහය දැක්වීම හා සමානයි. තමුන් නතරවෙන්නේ නිරයේ."
"Daminda Lakshantha","https://www.facebook.com/daminda.lakshantha.5","Meheni Nanda මොලේ අමාරැවට බෙහෙත් ගනින් ගොතයෝ"
"Roshan Wijesinghe","","ලක්ෂ 5 ක් ගන්න පුලුවන්නම් , අනිත්පැත්තට අපි ලක්ෂ100 අස්සන් එකතුකරල ඔක පච කරනව ! 😂🤣🤣"
"Yasith Thelisinghe","","Meheni Nanda api enwa elwanna baya wenna epa"
"Iroma Francisca Alles Thangarajah","","Meheni Nanda පැලියගොඩ, වත්තල, මාබෝල්, මහබාගේ, නාගොඩ, කඳන, ජාඑල, සිදුව, කටුනායක, මීගමුව, හලාවත, පුත්තලම එහෙම එන්නේ නැද්ද?"
"Lakhsman Mgs","https://www.facebook.com/lakhsman.mgs.2025","Meheni Nanda labba thama athsan dennam waren mokenda athsan karanne pakenda"
"Rukshala Perera","https://www.facebook.com/rukshala.perera.491037","Meheni Nanda අපිට පිස්සු කියලා හිතුවද උබලා"
"Hmgs Kumara","https://www.facebook.com/hmgs.kumara","Meheni Nanda"
"Gamunu Wickramanayaka","https://www.facebook.com/gamunu.wickramanayaka","Meheni Nanda 🐕‍🦺🐕‍🦺🐕‍🦺🐕‍🦺🐕‍🦺"
"Anura Susantha","https://www.facebook.com/anura.susantha.98","Meheni Nanda ai mehni puka dennada"
"Shayama Silva","https://www.facebook.com/shayama.silva.2025","🙏🙏🙏🙏       අනේ ස්වාමීන් වහන්ස, ලංකාව විතරක් නෙමෙයි මුළු ලෝකයේම අයව මේ අවිනීතිය වෙනුවෙන් එකතු කරගන්න. 🙏       මේ නරියන්ට ඡන්දය දෙනකොට අපි දැනගෙන හිටියා කවදා හරි දවසක මේ දේවල් වෙනවා කියලා. 🥲"
"Sumith Wikramasingha","https://www.facebook.com/sumith.wickramasinghe.14","Shayama Silva pacha dobiyo ratata sapayak"
"Ushan Sandaruwan","https://www.facebook.com/ushan.sadaruwan.73","Shayama Silva ඒකනේ සිල්වා උපාසක මහත්මයෝ මාර වැඩේ නේද රටට වුනේ 😂"
"Ushan Sandaruwan","https://www.facebook.com/ushan.sadaruwan.73","Sumith Wikramasingha ඇත්ත කියන ඩෝබි ඉන්නේ මැදමුලනේ වෙන්ටෑ නේද මහත්මයෝ 😂"
"Upul Bandara Herath","","Shayama Silva මේ දක්වා උන්වහන්සේගේ හැසිරීමයි කතා කරපු අය අනුමත කරනවා නම් බෞද්ධයෝ මම බෞද්ධාගම අත්හරිනවා"
"Ajith de Silva","https://www.facebook.com/ajithmalli.ajithmalli","Shayama Silva to dip an tambiyatPuk"
"Lakhsman Mgs","https://www.facebook.com/lakhsman.mgs.2025","Shayama Silva ane huke balli"
"Rukshala Perera","https://www.facebook.com/rukshala.perera.491037","Shayama Silvaඅනේ මේ හුත්ති ගනයට පුක දීපං.වේසාවි"
"Seewali Rathnayake","https://www.facebook.com/seewali.rathnayake","බුද්ධාගම කියන්නේ ඥානසාර නෙවෙයි ලොක්කෝ"
"Miyuru S Liyanage","https://www.facebook.com/miyurus.liyanage.1","Seewali Rathnayake 😀😀අනුරට පර බල්ලො කියා , සක්කිලින්ට ජාතකවූ එලාරලාගේ ඉතුරු දාතු පරයෝ කියා කවුරුත් අවලම් සක්කිලි ජෙපයියෝ මාලිමා පරයෝ කියා බනින්න එපා ප්ලීස් ප්ලීස් ප්ලීස් ප්ලීස්  😍😍😍😍😍😍😍😍😍😍😍"
"Welimada Karuna Meheni","https://www.facebook.com/welimada.karuna.meheni","සමාව දෙන්න ඔබේ අත්සන බාවිතා කරන්න"
"Darshana Darshana Chathuranga","https://www.facebook.com/darshana.darshana.chathuranga.2025","Welimada Karuna Meheni Thawath apatheyek 🤮"
"Kishani Perera","https://www.facebook.com/kishani.perera.2025","Welimada Karuna Meheni 🙏🙏🙏🙏"
"Udaya Ranasingha","https://www.facebook.com/people/Udaya-Ranasingha/pfbid02LeoWxnkG41ctNnShheXs4Ee15B3a3stp7UnqJJh9qC7aa5LjdgRgium3RJiZnV1El","Welimada Karuna Meheni"
"Wishwa P Ariyasingha","https://www.facebook.com/wishwa2002","Welimada Karuna Meheni සිවුර ගලවලා ජම්පරේ අන්දද්දී රිදෙන උන්ට, පන්සල ඇතුළේ අහිංසක කෙල්ලන්ගේ ඇඳුම් ගැලවෙද්දී රිදුණේ නැත!"
"Sujeewa Ranathunga","https://www.facebook.com/sujeewa.ranathunga","මයික් පිරිවරාගෙන සිවුර අස්සේ ඉන්නේ යක්ෂයා තමයි...."
"Sampath Jayakody","https://www.facebook.com/sampath.jayakody.9279","Sujeewa Ranathunga තොගෙ අම්මගෙ බඩුව අස්සෙ"
"Sameera Bandara","https://www.facebook.com/sameera.bandara.845846","Sujeewa Ranathunga Naki Kuhaka Jeppek"
"Thushan De Silva","https://www.facebook.com/people/Thushan-De-Silva/pfbid07TEvyJxHcRDqD21EBDay6ykg5cHYBJy7TLX886LfWBngMYfK7ZhB3dGyD1Eo7MBwl","Sameera Bandara apatha vipatha kalakanni bere napu baiyek 😅"
"Ruwan Munasinghe","https://www.facebook.com/people/Ruwan-Munasinghe/pfbid0gFgRzYoByCjAv8eJKWQgLgnqgz79j2DeHUbVzNBqAx9baVoLN3aCdsmZaUJpzFWMl","උබත් ලගදීම  යයි"
"Bhikkhu Muditha","https://www.facebook.com/people/Bhikkhu-Muditha/61594910470521","Ruwan Munasinghe"
"Ashanga Silva","https://www.facebook.com/ashanga.silva","Ruwan Munasinghe hangila coment danna epa eliyata varen pirimiyek vage."
"Logan Hayes","https://www.facebook.com/people/Logan-Hayes/pfbid0f98vkmkPJiEPDnvLfZmcGqjbSRz2FoSmzqDvb6CqStK1hpiReYvziVbdYQayGJYcl","Ruwan Munasinghe මෙයා මොකට යන්නද?"
"Miyuru S Liyanage","https://www.facebook.com/miyurus.liyanage.1","Ruwan Munasinghe 😀👌අනුරට පර බල්ලො කියා , සක්කිලින්ට ජාතකවූ එලාරලාගේ ඉතුරු දාතු පරයෝ කියා කවුරුත් අවලම් සක්කිලි ජෙපයියෝ මාලිමා පරයෝ කියා බනින්න එපා ප්ලීස් ප්ලීස් ප්ලීස් ප්ලීස්  😍😍😍😍😍😍😍😍😍😍😍"
"Sameera Bandara","https://www.facebook.com/sameera.bandara.845846","Ruwan Munasinghe Higanna mulinma thamusege Muna dapiya page ekata para"
"Manthilaka Arachchilage Nilantha","https://www.facebook.com/people/Manthilaka-Arachchilage-Nilantha/pfbid02CDS1BQ94BmTZEiHTT926dytvDUtu1nTq4H2yn77yd5J2T2X8boLFUjH8JyayyzX9l","Ruwan Munasinghe yanawa yanawa ekae dagalanne"
"Thushan De Silva","https://www.facebook.com/people/Thushan-De-Silva/pfbid07TEvyJxHcRDqD21EBDay6ykg5cHYBJy7TLX886LfWBngMYfK7ZhB3dGyD1Eo7MBwl","Sameera Bandara ai obata balan athe gahanada gotha baiya 😅"
"Thushan De Silva","https://www.facebook.com/people/Thushan-De-Silva/pfbid07TEvyJxHcRDqD21EBDay6ykg5cHYBJy7TLX886LfWBngMYfK7ZhB3dGyD1Eo7MBwl","Miyuru S Liyanage hari ban ela gonek wunata kamak na umbaa nokiya punnakku tikak kala idpan😅"
"Thushan De Silva","https://www.facebook.com/people/Thushan-De-Silva/pfbid07TEvyJxHcRDqD21EBDay6ykg5cHYBJy7TLX886LfWBngMYfK7ZhB3dGyD1Eo7MBwl","Logan Hayes yanne ithen siwura asse hangila rata thula adikarana thindu wiwechnaya karamin buddagama wala pallata aran yana ekata."
"Sangeeth Sandakalum","https://www.facebook.com/people/Sangeeth-Sandakalum/pfbid028MzFxjxAk3e831RHsH3FBDxQNpip24zLsCuAy8JyygqjURwwQc69BPGfhBnJzeaYl","Ruwan Munasinghe ube tAthta yae"
"Dinushka Silva","https://www.facebook.com/dinushka.silva.14","විනය පිටකය කියවලා නැද්ද තාම ?  අනෙකුත් සිල්වත් භික්ෂූන් වහන්සේලා වගේ සිවුරක ගරුත්වය රැකගෙන හිටියා නම් , සංඝනායක හිමිවරු සංඝාධිකරණයෙන් නිසි විනයානුකූල පියවර ගත්තා නම් මෙහෙම සාමාන්‍ය රටේ නීතියට අනුව සිවුර ගලවන්න තැනට වැටෙන්න වෙන්නේ නෑ."
"Miyuru S Liyanage","https://www.facebook.com/miyurus.liyanage.1","Dinushka Silva 😍👌😀අනුරට පර බල්ලො කියා , සක්කිලින්ට ජාතකවූ එලාරලාගේ ඉතුරු දාතු පරයෝ කියා කවුරුත් අවලම් සක්කිලි ජෙපයියෝ මාලිමා පරයෝ කියා බනින්න එපා ප්ලීස් ප්ලීස් ප්ලීස් ප්ලීස්  😍😍😍😍😍😍😍😍😍😍😍"
"Dinushka Silva","https://www.facebook.com/dinushka.silva.14","Miyuru S Liyanage ඔයා වගේ සක්කිලියන්ට, පර බල්ලන්ට ජාතක වූ එලාරගෙ ඉතුරු දාතු පරයො තමයි හින්දු දේව පිලිම ලග තියාගෙන කේන්දර බලලා බොරු කියලා හම්බකරන්නේ 🤣🤣"
"Kasun T. Peiris","https://www.facebook.com/kasun.tharaka.peiris","Dinushka Silva   උබට ට්‍රැක්ද ?  එකම කමෙන්ට් එක හැම එකටම දාන්නේ....."
"Indika Srilal","https://www.facebook.com/indika.srilal.159710","අපේ හාමුදුරුවනේ අපිත් ඕන දේකට එකතු වෙන්න කැමතියි ඥානසාර ස්වාමීන්ද්‍රයාණන් වහන්සේගේ  සිවුර යළි පෙරවීම සඳහා"
"Rukshala Perera","https://www.facebook.com/rukshala.perera.491037","Indika Srilal පලයං පොන්නයා යන්න.ඌට නියම කලිසමයි ටීශර්ට් එකයි.ප්‍රංශ වේසියක් එක්ක බුදියනව කියලා තොපි දන්නෙ නෙතිද"
"Ranjith Kumara Ekanayake","https://www.facebook.com/ranjithkumara.ekanayake.5","අධිකරණයට ගරු කරනවා නම් මොනවා ද කියවන්නේ ඕකට තමයි කෙදිරි ගාන්න එපා කීවෙ."
"Lahiru Nawarathna","https://www.facebook.com/lahiru.nawarathna","Ranjith Kumara Ekanayake thilipn ge pilima thiyankota uba pumka dunnda... uba wadapu eka demalekda..."
"Niroshan Saranath","https://www.facebook.com/niroshan.saranath","Ranjith Kumara Ekanayake වැඩිකළ් නොගිහින් තොපිට කෙඳිරි ගාන්න නොවේ රෙන්න දෙන්නෙ"
"Thushan De Silva","https://www.facebook.com/people/Thushan-De-Silva/pfbid07TEvyJxHcRDqD21EBDay6ykg5cHYBJy7TLX886LfWBngMYfK7ZhB3dGyD1Eo7MBwl","Niroshan Saranath minissunta kese wethath baiyanta revila inne"
"Ekwa Jayagamu","https://www.facebook.com/EkwaJayagamu","🟥 """"""බුදුරජාණන් වහන්සේ දේශනා කළ මග යන සැබෑ භික්ෂූන්"""""" හැර විශේෂයෙන් """"""රාජපක්ෂ නිකායේ දේශපාලන කහකඩයන්ට"""""" අදාළ නැත (((එය """"සැබෑ භික්ෂූන්ට"""" කරන නින්දාවකි))) 🟥 සිවුර වරදක් කර නැත, සිවුර පොරෝගත් අය වරදක් කර ඇත, එනිසා සිවුරට දඬුවම් දී බන්ධනාගාරයට යැවිය යුතු නැත  🟥 සැමට නීතිය - තමන් කවුරු වුණත් නීති කඩන්න එපා (((විශේෂයෙන් ලොකුකම්/ පණ්ඩිතකම්/ මෝඩකම්  ඔළුවට අරන්)))  - එච්චරයි  🟥 පළමුදේ... ඥානසාර මේ හිරේට යන්නේ   එක්නැලිගොඩගෙ නඩුව අස්සේ රිංගන්න  ගිහින් 🟥 ඒ මැදට පැන උසාවියට බාද කරමින් කතා පවත්වා.. අතුරුදහන් වූ ස්වාමියා වෙනුවෙන් වැඩ කළ බිරිඳටත්.. කොටි කාන්තාවක් කියමින්  දෝෂාරෝපණය කරමින් කතා පැවැත්වීම   🟥 අධිකරණය ඥානසාරගෙද?, කාගේ බලයකටද කොහේවත් තියෙන කාගෙවත් නඩුවකට අධිකරණය මැදට පැන එහෙම කතා පවත්වන්නේ.. 🟥 මම කොටියා කියා බයි රැළිය අමතන අර්චුනාට අත්පුඩි ගහන ගමන් අතුරුදහන් වූ සැමියා වෙනුවෙන් පෙනී සිටින කාන්තාවට කොටියා කියමින් විහිළු සපයනවා 😂😂 🟥 ණයත් නෑ.. බයත් නෑ.. කියමින් හැංගෙනවා 😂😂😂😂 🟥 රටට සේවය ::: මුලින්ම ඒගොල්ලම  ජාතිවාදය පතුරවා... එහෙම දෙයක් ඇත්තටම තියෙන බවට සැලසුම් සාදා සුළු කලබල ක්‍රියාත්මක කොට.. ඉන්පසු   ඒගොල්ලෝම බෝම්බ ගස්සවා අහිංසක මිනිසුන් මරා දමා.. එහෙම දෙයක් සත්‍ය ලෙසම පොළොවේ තියෙන බවට ඒත්තු ගන්වා.., 2019 ආණ්ඩු බලය ලබාගත්තා (((ඉන්පසු ඒ වෙනුවෙන් පරීක්ෂණ කටයුතු කළ 700 අධික ආරක්ෂකා අංශ නිලධාරීන්  විසුරුවා හැර සියල්ල නිමායි ))) - ඕක තමයි කෙරුවාව... 😂😂 දැන් රටට කියනවා ඒගොල්ලෝ රටට සේවයක් කලා කියා 😂😂😂😂 🟥 පාපතර වසල තක්කඩිකම ගැන... ජාත්‍යන්තර මට්ටමේ Oscar සම්මාන ගන්න තරමේ චිත්‍රපටියක් කරන්න නම් නියමයි😂😂😂😂 🟥 ඇත්ත වශයෙන්ම මේ කතන්දර පොත මුලින්ම පටන් ගන්නේ... '""ඕං ආයි කොටි නැගිටිනවා..කොටි නැගිටිනවා'"" කියා උතුරේ විවිධ සුළු කලබල කරමින්... - නමුත් රාජපක්ෂලා කොටි ත්‍රස්තවාදය  සම්පූර්ණයෙන්ම 2009 නැති කලා කියූ නිසා, මෙසේ කීම අවාසිදායකයි..- ඒ නිසා ඒ කතන්දර පොත එතනින්ම නවතා - ඉන්පසු අලුතින්ම ආයේ මෙම මුස්ලිම් අන්තවාදී කතන්දර පොත ලියන්න පටන් ගත්තා... - ඒ අන්තවාදී  විරෝධය මතවාදයක්‌ වශයෙන් ජනතාවට ගෙනයාමට ඥානසාර, රතන, ගොම්මම්පිල, විමලේ.. වඳ කොත්තු වඳ පෙති වඳ බ්‍රෙෂියර්  සමඟින් එළියට බැස්සා - සලේ ඇතුළු කණ්ඩායමක් වෙනම ඒ වෙනුවෙන් හමුදාමය වශයෙන් නිහඬව රහසේ ක්‍රියාත්මක වුණා, සහරාන්  ඇතුළු මෝඩයෝ රැලක් බිම් මට්ටමේදී සියල්ල ප්‍රායෝගිකව ක්‍රියාත්මක කරවන්න යොදවා ගත්තා - ඔන්න ඕක තමයි පාපතර වසල තක්කඩිකමේ කතන්දර පොතේ විස්තරේ කෙටියෙන්ම"
"Kosala Dissanayake","https://www.facebook.com/kosala.dissanayake.92","Ekwa Jayagamu ලස්සන එඩිට් එක...පච වෙන්න එපා බොරු දාලා..සමාජ පිලිල"
"Dematagolla Gedhara","https://www.facebook.com/dematagolla.gedhara","Ekwa Jayagamu eathamath niwerathy dhekma sathutuy"
"Suraj Madushanka","https://www.facebook.com/suraj.madushanka.182","සිව්රට මුවා වෙච්ච වලව්වෙ බත් බැලයෝ නොදකිං කාලකණ්ණි"
"Suneth Nishanth","https://www.facebook.com/suneth.nishanth","Suraj Madushanka pachyage  wa         lu"
"Herath Madagedara","https://www.facebook.com/people/Herath-Madagedara/pfbid02Qq2ib57HLMqMTTV1euxxSfWjedsHqijYjRnwtoWFELAoiEsFSfFMsK25YU4Dnmsgl","කොටියගෙ පදේට නටන ඕකා කොහෙ සමාව දෙන්න ද"
"Thushan De Silva","https://www.facebook.com/people/Thushan-De-Silva/pfbid07TEvyJxHcRDqD21EBDay6ykg5cHYBJy7TLX886LfWBngMYfK7ZhB3dGyD1Eo7MBwl","Herath Madagedara kotiya kiuwe archuna wenna athi nathnam karuna amman da manda 😅"
"Herath Madagedara","https://www.facebook.com/people/Herath-Madagedara/pfbid02Qq2ib57HLMqMTTV1euxxSfWjedsHqijYjRnwtoWFELAoiEsFSfFMsK25YU4Dnmsgl","Thushan De Silva j v p එකට ප්‍රජාතන්ත්‍රාවයට එන්න පුලුවන් උනා නමි කරුණට අර්ජුනා ට එන්න බැරිකමක් නෑනෙ මම කීවෙ උන් ගැන නෙවෙයි තාමත් ඊළාම් රාජ්‍යය සිහින දකින කොටී ගැන"
"Wishwa P Ariyasingha","https://www.facebook.com/wishwa2002","Herath Madagedara කොටියා කියන්නෙ පොහොට්ටුවෙ අර්චුනාද😂😂😂"
"Thushan De Silva","https://www.facebook.com/people/Thushan-De-Silva/pfbid07TEvyJxHcRDqD21EBDay6ykg5cHYBJy7TLX886LfWBngMYfK7ZhB3dGyD1Eo7MBwl","Herath Madagedara praba wunath පුනරුත්ථාපන karala ganna tibuna baiyange logic eka anuwa.eth obalata kotiya prajathathawadi wunata sinhala army eke kollo marapu eka kotiyekwath virayo newei apita.obala dakinne minimaruwo ekka hari bale ganna sihinayak.sinhala bawudda api baiyo toiyo wage kotin ekka nagitinne na"
"Dilanka Sadaru","https://www.facebook.com/people/Dilanka-Sadaru/pfbid02Uz4GSMotFLGrJZ6WiMnW5YVebENczRrWgjWWUkpzKHrwZkjSMsWadFLaCozAVrwbl","මෙන්න විනය පිටකයේ බුද්ධ වචනය 🌸   ""අනුජානාමි භික්ඛවේ රාජානං අනුවත්තිතුං""    ""මහණෙනි, රාජ නියෝගවලට (නීතිය) යටත්ව වෙසෙන්නට මම අනුදනිමි"""
"Ranjith Somachandra","https://www.facebook.com/ranjith.somachandra","නානසාරගේ සිවුර ගලවද්දී අඬන උන්....  පල්ලෙගම, පොඩි දැරිය ඇඳට ගනිද්දී කොහෙද බං හිටියේ.."
"Geeth Kahawatta","https://www.facebook.com/geeth.kahawatta.3","අණේ ගෝතයෝ"
"Bhikkhu Muditha","https://www.facebook.com/people/Bhikkhu-Muditha/61594910470521","Geeth Kahawatta ගලගොඩඅත්තේ හාමුදුරුවෝ අපරාධයක් සිදු කර නොව, උන්වහන්සේ දුටු සමාජයේ සිදු වෙමින් පැවති හානිකර දේවල් පිළිබඳ කතා කරන්න ගිහිල්ල, සමාජයට යහපතක් කරන්න ගිහිල්ල, එහිදී භාෂා භාවිතය පිළිබඳ ඇති වූ ගැටලු නිසා තමයි සිරදඬුවම් නියම වුණේ. මම දන්න තරමින් උන්වහන්සේ අසත්‍ය ප්‍රචාර ගෙන ගියා කියලා අධිකරණයකින් තීන්දු කර නැහැ. යමක් ඉදිරිපත් කල ආකාරයට වඩා ඒ කෙනාගේ සමස්ත ක්‍රියාවලිය තුළ චේතනාව පිරිසුදු නම් එවැනි අයෙක්ට මින් පෙරදීත් රටේ නීතියට අනුව ලබා දුන් නිදහස  නිවැරදිව ලබාදීම සිදු විය යුතු දෙයක්. මෙවැනි ප්‍රශ්නයක් විසඳිය යුත්තේ වෛරයෙන් සහ ම්ලේච්ඡ ලෙස අදහස් ඉදිරිපත් කිරීමෙන් නොව මෛත්‍රී සහගතව, යුක්ති සහගතව අදහස් ඉදිරිපත් කිරීමෙන් සහ ක්‍රියා කිරීමෙනි."
"Chandima Samaraweera","https://www.facebook.com/chandima.samaraweera.3","සිවුරැදාන්න ඉස්සෙල්ලා බෞධ වෙයං බං"
"See Elamanawayo Ashoka","https://www.facebook.com/people/See-Elamanawayo-Ashoka/pfbid09PQ97T4q3qiaqj3B8gsuJBgxKjXeFg93TCCYSPCKxhFhZovKDq9Y5RX8j1AijJ16l","දුස්සීලෙයො වෙනුවෙන් පෙනී හිටින්නෙ දුස්සීලෙයො බව ලේකෙටම පෙනෙ"
"Dineah Kumara","https://www.facebook.com/dineah.kumara.2025","මේක ඇවිල්ලා ජනාධිපතිතුමාගේ තීරණයක් නෙවෙයි.වරදක් කලානම් නිසි දඩුවම දේන්න ඔනි.ඥානසාර හාමුදුරුවෝ හඬ නැගුවේ රටේ ජනතාව වෙනුවෙන් නෙවෙයි.ඒක ඔහුගේ වාසියටය.පිටරටවල්වල ගිහිල්ලා සවාරි ගහලා කාලා බිලා ආතල් ගන්න කොට මේ කිසි කෙනෙක් මේවට නැගී සිටියේ නෑ."
"Prasanna Dolamullage","https://www.facebook.com/prasanna.dolamullage","ඇයි උබ සිවුර ගලවල බීච් ගානෙ ඇවිද ඇවිද හිටිය නේද"
"Aruna Perera","https://www.facebook.com/aruna.perera.5074","අපි වැඳුම් පිදුම් කරන ගෞරව කරන බුද්ධ චීවරය, හාමුදුරුවරු කියාගන්නා අය බන්ධනාගාර බස් එකේ ගැටගහනව.😥😥  මේවා බෞද්ධයින් වශයෙන් අනුමත කළ හැකිද.  මේ බුද්ධ චීවරයට අවමන් කිරීමක් නොවේද. ඇත්තෙන්ම මේ අය කෝටියක් සංවර සීලය රකින හාමුදුරුවරු ද."
"Thushan De Silva","https://www.facebook.com/people/Thushan-De-Silva/pfbid07TEvyJxHcRDqD21EBDay6ykg5cHYBJy7TLX886LfWBngMYfK7ZhB3dGyD1Eo7MBwl","Aruna Perera siwura darn wardi nokara inna ne tiyenne nathinam siwura atharinna oni 😅"
"Anuruddha Buluwane Vidanelage","https://www.facebook.com/anuruddha.buluwane.vidanelage.2025","අනේ පරයෝ තොපි තමයි සාසනේ වනසන කාසාවඛණ්ටකයෝ"
"Magha Maanawaka","https://www.facebook.com/people/Magha-Maanawaka/pfbid02P7sH13ovNeWJdS4C7iy7Dq3LSX6A8XonRDSSatPkMEqhDmtPQ21JJymXbcKHrjtBl","සිංහල අපි අද අපේ රටේ කල්ලතෝනි වෙලා වගේ."
"Saman Wijith","https://www.facebook.com/sanawijith","ඔබවහන්සේලා අනිවාර්යයෙන් මේ පිලිබදව ඉතාමත් දැඩිලෙස පියවර ගතයුතුයි .ඒ වගේම මහානායක ස්වාමීන්වහන්සේලා හමුවෙන්න එන සිංහල බෞද්ධ විරෝදී කාලකණ්නින්ට දොර වහන්න ඕනේ ,ඔලුව අතගාලා ආශීර්වාද කරන්නේ නැතිව ."
"Rukshala Perera","https://www.facebook.com/rukshala.perera.491037","Saman Wijith හා පොන්සියො"
"Dinesh Chathuranga","https://www.facebook.com/people/Dinesh-Chathuranga/pfbid0V6q3e9W5EhavaLZ2WH5UixTVSaof39S2o2XDadgBNvLbKEXqEcyt3ZZPLAursjsgl","පේජ් 16කරනවා කියන්නේ ඉතින් ආයේ ඉතින් බලන්න දෙයක් නෑ😂"
"Sugath Nishantha","","Dinesh Chathuranga බනක් පිරිතක් කියන්න කාලයක් නැහැ😂😂😂"
"Jeewan Kumara","https://www.facebook.com/people/Jeewan-Kumara/pfbid0kvrEw1Sgx9Wo82neh8aG6Ysvqwij7nPFc6adWj2B1izjiRN341A3BuzBDD35FixJl","රටට වෑඩක් ඇතිකෙනෙක් අතින් නොදැනුවත්ව වෙන වරදකට ජනාදිපති සමාව දුන්නට කමක් නෑ ඔය හාමුදුරුවො කියන දේවල් පොඩිලමයෙ කුටවත් අහන්න දෙන්න පුලුවන්ද කිසිම සිලාචාර කමක් නෑ රස්තියාදු කාරයෙක් වගේ"
"Bhikkhu Muditha","https://www.facebook.com/people/Bhikkhu-Muditha/61594910470521","Jeewan Kumara ගලගොඩඅත්තේ හාමුදුරුවෝ අපරාධයක් සිදු කර නොව, උන්වහන්සේ දුටු සමාජයේ සිදු වෙමින් පැවති හානිකර දේවල් පිළිබඳ කතා කරන්න ගිහිල්ල, සමාජයට යහපතක් කරන්න ගිහිල්ල, එහිදී භාෂා භාවිතය පිළිබඳ ඇති වූ ගැටලු නිසා තමයි සිරදඬුවම් නියම වුණේ. මම දන්න තරමින් උන්වහන්සේ අසත්‍ය ප්‍රචාර ගෙන ගියා කියලා අධිකරණයකින් තීන්දු කර නැහැ. යමක් ඉදිරිපත් කල ආකාරයට වඩා ඒ කෙනාගේ සමස්ත ක්‍රියාවලිය තුළ චේතනාව පිරිසුදු නම් එවැනි අයෙක්ට මින් පෙරදීත් රටේ නීතියට අනුව ලබා දුන් නිදහස  නිවැරදිව ලබාදීම සිදු විය යුතු දෙයක්. මෙවැනි ප්‍රශ්නයක් විසඳිය යුත්තේ වෛරයෙන් සහ ම්ලේච්ඡ ලෙස අදහස් ඉදිරිපත් කිරීමෙන් නොව මෛත්‍රී සහගතව, යුක්ති සහගතව අදහස් ඉදිරිපත් කිරීමෙන් සහ ක්‍රියා කිරීමෙනි."
"Dilip Fernando","https://www.facebook.com/dilip.fernando.79","තිත්තෙගෙ ඩාන්ස් එක ලස්සනයි"
"Upali Herath","https://www.facebook.com/upali.herath.1848","මුන් මේ මෙතරම් කෑගහන්නේ, සිවුරු ගැලෙව්වම, සිවුරෙන් ලැබෙන ආවරණය නොලැබෙන නිසයි. මුන් සිවුරු පොරවාගෙන හිටියට අමු වනචාරියෝ. තොපිම තමයි සිවුරේ ගෞරවය කෙලසන්නේ. නොදකින් විතරක් මේ වගෙ සිවුරු රදවන  දැක්කහමත් අප්පිරියයි.😆😆😆"
"Nirosha Rathnayaka","https://www.facebook.com/nirosha.rathnayaka.58367","Dipalla උත්තර .?"
"Jesmine Rajapakse","https://www.facebook.com/jesmine.rajapakse.2025","ඔබ වහන්සේ ට ගෞරවය"
"Jassim Jiffry","https://www.facebook.com/jassim.jiffry","චන්ඩි මල්ලි නීතිය මොන පකයටත් එකයි"
"Ranjith Ranasinha","https://www.facebook.com/ranjith.ranasinha.77","බුදුසරනයි   අපේ  සමින්   වහන්ස"
"Kandy Sampath","https://www.facebook.com/kandy.sampath","කටෙ කෙළ පිහාගෙන හෙමිහිට කතා කරන්න"
"Malith Daminda","https://www.facebook.com/malith.daminda.3","බ්ලොබ් බ්ලොබ් සාදුත් හිටියනම් සපෝට් එකක් ගන්න තිබ්බා"
"Suniaberathna Desanayakamudeyansalaga","https://www.facebook.com/suniaberathna.desanayakamudeyansalaga","ඔය. නරියට. අත්සන්. කරන්න. එපා"
"Shane Fernando","https://www.facebook.com/shane.fernando.503","මොන මගුල උනත් වැරදි නම් වැරදියි. නීතිය කාටත් පොදුයි මුං 🐂 කිව්වාට මෙහෙමත් 🐂 කියා දන්නේ දැං. ගවුරවනීය චීවරේ,...  චන්ඩි පාට් දාන්න දූෂණය කරන්න කුනුහරුප කියන්න කඩේ යන්න දහදුරා සක්කිලි අමන බලු වැඩ කරන්න පොරොවගන්නා  පොදු සමා ආයුධ යක්ද ගවුරව චීවරේ. මෙවැනි පාපතර වැඩ මේවා සාප පව් බුදුසරණයි..."
"Hilton Madapathage","https://www.facebook.com/people/Hilton-Madapathage/pfbid0smW1H6e8nsrNMmzceSjNtFowuict7Uvd5Nz7DQzcNYvFieewWqTcQuLKhaihETfil","උඹට ඕනදුරක් පලයන්"
"Bandare Bandare","https://www.facebook.com/bandare.bandare.779","දැන් බව්ද්දයන්ට සැපද පැලවත්තේ ගූකාපු එවුන්ට යන්න තියෙන්නේ සතර අපායට ජෙප්පන්ට නං ආගමක් නෑ උන් එදත් අදත් මිත්තියා දුස්ටිකයි නැත්නං දළදාමලිගාවට බෝම්බ ගහයිද හාමදුරැවෝ මරලා ලින්වලට දායිද"
"Manuwel Kulathunga","https://www.facebook.com/people/Manuwel-Kulathunga/100091874986991","Bandare Bandare මූනං අමු ගවයෙක් මුං විතරයි බවුද්ධයෝ MPP බෛද්ධ යො නෙවෙයිද"
"N Ranasinghe Arachchi","https://www.facebook.com/n.ranasinghe.arachchi","ඉතින් සිල්වත් හික්මුන උත්තමයෙක් උසාවියෙ බහින්බස් වෙනවද"
"Parana Gama Ariyapala","https://www.facebook.com/parana.gamaariyapala","ඥානසාර හාමුදුරුවෝ බීලා කුණුහරුපයෙන් පොලීසියට බනිනකොට, පන්සල්වල හාමුදුරුවරුන්ට තර්ජනය කරනකොට වගේම නොයෙකුත් ආකාරයේ ධර්මයට නොගැලපෙන වැඩ කරනකොට නිහඬ පිළිවෙතක් අනුගමනය කරපු මහා සංඝයා වහන්සේ දැන් කෑගහලා වැඩක් තියෙනවද ? ඇත්තටම ඥානසාර හාමුදුරුවන්ට තියෙන්නේ උන්වහන්සේලාට ළඟට එන්න කියල කණ හපන්න තමා ... අර පොඩිකාලෙ අහල තියෙන කතාවෙ අම්මගෙ කණ හැපුව වගේ. මටනම් හිතෙන්නෙ බුද්ධ චීවරය ගැලෙව්වෙ වෙනින් කව්රුත් නෙවෙයි ඥානසාරම තමා ☺️"
"Mahendra Kumara","https://www.facebook.com/mahendra.kumara.179433","තිත්තයයි නානසාරයයි සමනල්ලු වගේඉඳල තියෙන්නෙ ඒකයි අමාරුව"
"Shiranthi Withanage","https://www.facebook.com/shiranthi.withanage.330009","Gahala pannane"
"Thilina Karunarathna","https://www.facebook.com/thilina.karunarathna.31","මෙයා හරි වදයක් වුණා"
"Sampath Gamage","https://www.facebook.com/sampath.gamage.713004","දැන් ඉතින් අනේ මන්දා හමුදාව ගැන කතා කරන්න ගිහිල්ලලු මෙයා හිරේ ගිහිල්ලා තියෙන්නෙ. එල්ලෙන්න වැල් කැතිවෙද්දි බොරුත් කියනවා"
"Priyantha Perera","https://www.facebook.com/priyantha.perera.758399","අබිදර්මය ඉවරද"
"Ajantha Ajantha","https://www.facebook.com/esmi.cruz.904","Meka.janadi.pathithuma.karapu.deyak.newei.puruwe.kala.pawak."
"Hemapala Hewaanthonige","https://www.facebook.com/people/Hemapala-Hewaanthonige/pfbid0JeAeAKx29KiF8V5eQBewnWvm5k6kDT6m8gPwBDh7h7tD8be4QSkrgrhcrgNnXHznl","හොදයි  හොදයි"
"Kumarage Dhanapala","https://www.facebook.com/people/Kumarage-Dhanapala/pfbid0oEdbS3MWNAJDbziN8ejzeoZ3r2qzJGYHpSN1Q9nfwy8bQShfi99exRU3WjwbvdYil","උඹලට ඕනි විදියට රට පාලනය කරන්න නෙමෙයි අනුර කුමාර රට ගත්තේ මේක පිරිසිදු කරනවා පිරිසිදු කිරිල්ලක් රාජ්‍ය ආයතන සංඝ සභාව ඕනෙම ආගමික වේවා වේවා! මධ්‍යයක්ම පිරිසිදු දේවල් පිරිසිදු කරන රජෙක් නියමයි ඒවගේ ඇඬිල්ලල්ල තමයි ඊට වැඩිය නියමයි"
"Mahesh Jayatunga","","රාජපස්ස නිකායේ සංඝ පාතාලය"
"Dammi Fernando","https://www.facebook.com/dammi.fernando.142","ඤාණසාර කියන්නේ සිල්වත් භික්ෂුවක් ද කරන්න ඕනේ ජඩකම් මැරකම් බලුකම් සේරම කරන්න හොදයි නීතිය ක්‍රියාත්මක කරන්න හොද නැහැ"
"Indika Karunaratne","https://www.facebook.com/indika.karunaratne.2025","ඔබ වහන්සේගේ මෙහෙය අගයමි."
"Pradeep Kumara","https://www.facebook.com/pradeep.kumara.812427","Bath balaya"
"Indika Nishantha","https://www.facebook.com/people/Indika-Nishantha/pfbid0b6zS2FbaszKYqZxf3PWtsuHzG3ZDUW5zMtmeRPq5RKiSvNuGQAFDvbLsGEaWDt6Hl","අධිකරණය සාධාරණ තීන්දුවක් දීලා තියෙනවනම් ලබ්බටද තවත් කියවන්නේ.  මූට මොලයක් නැහැ. රාජපක්ෂලාගේ අසූචි කාපු එවුන් ඔහොම්මමයි."
"Arunatilaka Wanasinhge","https://www.facebook.com/arunatilaka.wanasinhge","රාජපක්ශ නිකායේ දංකුඩ කන බත් බැලයෙක්"
"Kamal Edirisuriya","https://www.facebook.com/kamal.edirisuriya","Me penumath yaksha penumak.meyalath horunge ilagata siura galawaganna inna ekek"
"Roshan Sada Ruwan","https://www.facebook.com/roshan.sada.ruwan.680153","අනෙ සසනෙ කන්නෙ නැතුව හිටපියවු"
"Kaushal Wickramasinghe","https://www.facebook.com/people/Kaushal-Wickramasinghe/pfbid02RLxHUbuXi4T1G9NNLCsiDU6DNLq274ZzEPPRG1KZE9dnujubseZZ1hMyfK3d5b6Wl","මෙහෙම ආතල් ගන්නත් ඕන"
"Damith Sandaruwan","https://www.facebook.com/people/Damith-Sandaruwan/pfbid02qgw1C8WnSQ2yppszYvZ3bnKvd1HiVxe7SYhMQsSfRwjmARQueycFJm38Krfqum9Fl","දේව කියන සංකල්පය ගැන එක එක මත පල කරන තිත්ත ගල්ලේ හාමුදුරුවෝ අද දෙවියන්ගෙන් පිහිට පතමින් මොකක්ද මේ කරන්නේ? හාමුදුරුවනේ මං ඔබ වහන්සේගේ අභිධර්මය  අහලා හිත පහදවා ගත්ත කෙනෙක් ඔබවහන්සේ ඇයි එහෙම කරන්නේ?"
"Hiran Kavinda","https://www.facebook.com/hiran.kavinda.73","Anay palayan yanna"
"Prabath Nirmal","https://www.facebook.com/prabath.nirmal.902","Ae a samawa danna pessuda"
"Indra Parhirana","https://www.facebook.com/people/Indra-Parhirana/pfbid02gotxT7YYQfnagr38Gjzz2ZQvrKPDPqyML5vGSR98bdNmfLNrGM3Wb1cXKq28bG4Zl","🙏🙏🙏අපේ හාමුදුරුවනේ මෙයයි විය යුත්තේ"
"Vimal Nana","https://www.facebook.com/people/Vimal-Nana/pfbid02NRndWfpdfTuE16SGDvQADYvvL7TYozxyiNuFt8cMkcpn51iJYAPY6thGgvyurP8wl","Ponnahiraluvadenadekala Hitapiya Miharaka"
"Nilanga Gayashan","https://www.facebook.com/nilanga.gayashan.9","හොර අස්සන් 🤣🤣🤣"
"Tharun Madusha Lakshan","https://www.facebook.com/profile.php?id=100051640306570","හාමුදුරුවෝ කතා නොකරපුවාම කියනවා දානේ කකා ඉන්නවා රට ජාතිය ගැන කැක්කුමක් නෑ කියලා 🙂🤌 රට ජාතිය ගැන කතා කරපුවාම කියනවා පන්සිල් පද පහ රැකන් ඉන්නලූ පර සිංහලුන් ඉන්නවා පරයොම තමා කෙලවෙනකම් දාර්ශනික ටෝක් 🤌"
"Thilak Premathilaka","https://www.facebook.com/thilak.premathilaka.54","ඥානසාරගේ තනියට ඉන්න දඟලන   පිස්සු ගණයෙක්"
"Julampitiye Sagara","https://www.facebook.com/julampitiye.sagara","නිදුක්ව නිරොගිව කටයුතු කරන්න ලැබේවා .ඔබවහන්සේලාට..නාහිමියන්ට ඉක්මනින් නිදහස ලැබේවායි පුාර්ථනා.කරමි..තිුවිදරත්නයේආසිරිවාදය වේවා දේශපෙු්මින්ට"
"Wasantha Ranaweera","https://www.facebook.com/wasantha.ranaweera.94","අද මේ කාලය වෙනකොට අපේ රටේ බුදු දහම පිරිහී තියෙන්නේ මේ වගේ වසලයන් චීවර දැරීම නිසයි, උබලා එකෙක් වත් අර බාල වයස් කාර දැරිය දූශනය කරපු එකා ගැන වචනයක් වත් කතා කලාද 😓"
"Chanaka Rukmal","https://www.facebook.com/chanaka.rukmal.180","සවුරු රදවන දැකල නැත්තන් මෙිනින ඉන්නයා කාලකන්නි සංගයා"
"Nadeesha Palliyaguruge","https://www.facebook.com/nadeesha.palliyaguruge.384808","කෙදිරිය හො ගාල 😄😆😄😆😄😆"
"Nisantha Silva","https://www.facebook.com/nisantha.silva.39","siwra dagena amana vada karapu aya edath hitiya adath innava"
"Wmk Jayawardhana","https://www.facebook.com/wmk.jayawardhana","Mueagr. Yskkda"
"Thikarathna Danapalage","https://www.facebook.com/people/Thikarathna-Danapalage/pfbid0vQBB1C7xoy4tJCdkTZKpcXpKJ215Ab4ekiU3M1gQ51gnWhVByS3J9wEFiw4ZeMBil","Pukawal kollanga paluwa kariyz weuua apa"
"Aberatna Rathnayaka","https://www.facebook.com/people/Aberatna-Rathnayaka/pfbid02A6gQLqTUYHMeJiomcMLamZ4BPD4xR7UZ1DZxbC9sFTnMsRQgsotNarzUmq3ewgPil","Pelawaththata wetila innawa un okkoma thana kola kana un punnakku kana harak"
"Somasiri Abeysekara","https://www.facebook.com/somasiri.abeysekara.3","මේවගේ මෝඩකතාකියන අයගෙ චීවරය ඉවත්කලයුතුයි"
"Ranga Vishal","https://www.facebook.com/rangal.vishan","කොහමද මූගේ කතාව .. හැටි බලපන්කෝ මූගේ.. හාමුදුරු කෙනෙක්ට නෙවෙයි මූ හොදයි පොඩි ලමයි බය කරන ගෝනි බිල්ලේකුට ... තොපිට වඩා යක්කු අනුර දැන් දන ගස්සලා තියේන්නේ ... සිවුර පුරෝගෙන ඉන්න අනිත් හොරු ටිකටත් මේ සරනම තමයි  හොදේ ... කෑ ගැහැව්වට ඒක වෙනස් වෙන්නේ නෑ 🤮🤮😡😡"
"Dilhan Rajakaruna","https://www.facebook.com/dilhan.rajakaruna","ළඟදී නිධානයක් හෑරුවේ නැද්ද"
"Dayarathna Mahindasinghe","https://www.facebook.com/Dayarathna.Mahindasinghe","පිස්සු නඩගන් නටපු හාමුදුරුවන් කෙනෙකුට සමාව දුන්නොත් හිරගෙදර ඉන්න දුප්පත් කුඩා දරැවන්ගේ පියවරු අම්මලා නිදහස් කරානම් ඔහුන්ගේ ජිවන බර කරට ගනිවි ඒ අයත් නිදහස් කරන්න වේවි එතකුට අධිකරණ .........."
"Athula Kappetipola","https://www.facebook.com/athula.kappetipola","Pisso tika palayalla dewndarata...."
"Lal Perera","https://www.facebook.com/lal.perera.718","පොඩි කිරිසප්පයෝ මහනකරපුවාම..මෙහෙම තමා"
"Pathmini Kumari","https://www.facebook.com/pathmini.kumari.589","රාජා භවතු ධම්මිකො.... 🙏🙏🙏"
"Thushara Manamperi","https://www.facebook.com/thushara.manamperi.2025","Mamath bouddha...... Ke     i  ganayo,..... Thopi ape sasaneth kala.... Ratath kana apathayo dennek."
"Kusum Kusumthilaka","https://www.facebook.com/kusum.kusumthilaka","Math enava"
"Saman Thilaka","https://www.facebook.com/people/Saman-Thilaka/pfbid02Ae2HmmRh9GyBwifdJuwhaLEHUcauZxBoaoLDaLuZZssX81iwYjJUhD1Aqd1RAHUnl","අපි ඉන්නවා බුදු සරනයි"
"M Maas Mohamed","https://www.facebook.com/m.maas.mohamed.2025","Rasdiyadu karayekwa heragedara dammata passe nariyo tikak dagalanawa"
"Priyankara Wijesooriya","https://www.facebook.com/priyankara.wijesooriya.142","සියලු හාමුදුරුවන්ට බඳින්න පුළුවන්  මේයා මෙයා පස්සේ ගියොත්.. .කෑ ගහන්න එපා සතා අඳුරගෙන ඉන්නෙ මිනිස්සු."
"D.G. Jayathunga","https://www.facebook.com/people/DG-Jayathunga/pfbid02BgdmEFJcPXRwPBD242j7XcPUxSj5SEZF2W6Tsvz7iG8KDudXq9T2L8dTjzBTZNtnl","Mehema kaloth sangiyawansela ciyalu ciragathwela inna denna"
"Mical Maicl","https://www.facebook.com/mical.maicl","Anura kumarata  Api chande dunne  ubala kamatide karanna newei  ratata galapenade karannai"
"Susantha Perera","https://www.facebook.com/susantha.perera.33046","ඉදිරියටම  යන්න. අත්නොහරින්න.මේ   බෞද්ධ  රට   යන  නාමයට  අකමැති   සිංහළයෝ  ලංකා  ධරණිතලයේ  සිට් ම  අභාග්‍යයි 😥😥😥😥🌹🌹🌺🌺.🇱🇰🇱🇰🇱🇰🇱🇰"
"Edirisingha Senadeera","https://www.facebook.com/people/Edirisingha-Senadeera/pfbid02GNMF5iiz1ToFsmUxDGRpk5MSqDdAULdDbko2zBFnG91f6i9U2sxEcNhK2YDPcfY1l","Thopi lankawen ain wena thuru lankawata hariyanneth naha"
"Manori Cabral","https://www.facebook.com/ManoriCabral","තිත්තගල්ලේ. හාමුදුරුවනේ   ඔබ  වහන්සේ ගේ  ඉදිරිපත්  වීම නියමයි  මාලිමාව දිනවන්න.පැලවත්තේ   ඉදන්  කඩේ ගිය  හාමුදුරුවන්ගේ  නමින්ම  අහපු එක හොදයි  ඔයාලගෙ  මතය  මොකද්ද කියල ගිහි අපි ඔබ වහන්සේලාට උපරිම  සහයෝගය  දෙනව"
"Susantha Jayasekara","https://www.facebook.com/susantha.jayasekara.9","මූන දැක්කම යක්ශයා පේනවා😁😁😁"
"Seewalie Walpola","https://www.facebook.com/seewalie.walpola","කාලයෙන් කාලයට ගංකබරයෝ බිහිවෙනවා..."
"Ds Mahinda Disanayaka","https://www.facebook.com/dsmdisanayaka","කාලකන්නි පිස්සෙක්"
"Sanju Nilanga","https://www.facebook.com/sanju.nilanga.651265","Kauda mu"
"Prabath Palagasinghe","https://www.facebook.com/prabath.palagasinghe","මෙයත් හංගනවා වෑඩියි නිතියට ගරෑ කරන්න"
"Kenny King","","Thanna pottaya 😂😂😂😂😂"
"Jude Christopher","https://www.facebook.com/jude.christopher.620273","පිවිතුරු බුද්ධ දර්ශනයට අගතියක් කරන  ලොකු කුඩා කවරෙකු වේද විනාශයටම පත්වේවා බුදු සසුන නිතිකල් වැජබේවා....."
"Kamal Perera","https://www.facebook.com/kamal.perera.142892","සියලුම භික්ෂූන් වහන්සේලා මුන්ගේ සියලුම උත්සුව වලට සහභාගී වීම නවත්වන්න"
"Neel Jayarathna","https://www.facebook.com/neel.jayarathna.417245","හිටන්,  හුටන්"
"Hubert Karunaratne","https://www.facebook.com/hubert.karunaratne.9","පිස්සෙක් .."
"Ranil Ekanayake","","කොරයි ලබ්බක් උබලා 🤣🤣🤣"
"Sisira Kumara","https://www.facebook.com/Lsdeniyage","මූත් යකෙක් වගේ.."
"Dulaj Viduranga","https://www.facebook.com/people/Dulaj-Viduranga/61556020526554","අඩෝ වරෙන් ජොගි නටන්න"
"Aloha Hawaii","https://www.facebook.com/people/Aloha-Hawaii/pfbid0JwrocPrcP4GLuXh9LFjzHjFvbgqsbMZwBEf7jvRVEDCW1SUqwmQDd4V6o1NXJ8asl","Buddagama kanne apida me ayada"
"Samantha Perera","https://www.facebook.com/samantha.perera.1800721","Ita issalla ubawa pitawahal karanawa buddagama winasa karana akata siuradagattha wanacharayo"
"Muhandiramge Don Joseph Newton","","සිවුරට  දාගෙන සමහර හික්සුන් වහන්සේලා  කරන්නේම  බලූ වැඩ."
"Priyantha Ik Priyantha","https://www.facebook.com/priyantha.ik.priyantha","Ape haamuduruwane API oba wahanselage gihi daayaka kaaraka baubbha bethimathun"
"Anton Kumara Baddeliyanage","https://www.facebook.com/profile.php?id=61592445572924","යකෝ මෛත්‍රී කියන්නේ පිස්සෙක්නේ"
"Vijitha Rathnayaka","https://www.facebook.com/vijitha.rathnayaka.854030","අනුර ජනාධිපතිතුමනි මුන්ටනම් කවදාවත් සමාවදිය යුතු නැහැ මුන්නා හිරීමයි දැමිය යුත්තේ"
"Asanka Kumara","https://www.facebook.com/people/Asanka-Kumara/pfbid02tzhoxnBvpNzypHPPvb6NzL1dvrgQMNgZRwdvyMVCFM1EdxcGF5g9pmtgbwUQ3Dtvl","හාමුදුරුවනේ මුලු විස්වයම  ආසිර්වාද කරන බව නියතයි..සියලු  දෙවිවරු  දෙනෙත්  විවර  කර   දෙසවන්  යොමන සේක්වා"
"Kusum Ranasingha","https://www.facebook.com/people/Kusum-Ranasingha/pfbid02oY71DFDHUQkTtgAFawDShUxikaHyNJx2o1KjPKLiJU77Pr3eEp7k4KKJ5v1LGAKql","රටපුරාවටම ගෙන.එන්න."
"Kamal Bandara","https://www.facebook.com/people/Kamal-Bandara/pfbid02ByZaztvn89WnNgCBw6hAu9yHukgM3ZKZugzWYFzT48HLHT8916gBcFfZCbgGmANWl","උවාවියට ගරු කරනවනම් මොනවද ගනයෝ කියවන්නෙ තීන්දුව දුන්නෙ ආණ්ඩුවෙන් නෙවෙයි අධිකරණයෙන් තොට කොන්දක් නැ අධිකරණය වැරදියි කියන්න අල්ලලා හිරෙ දායි කියල බොරුවට ආණ්ඩුවට බනිනව"
"Sudesh Dambagalla","https://www.facebook.com/sudesh.dambagalla.12","Palayan gotaya pissu kiyan natiwa"
"Jayantha Weerarathn","https://www.facebook.com/people/Jayantha-Weerarathn/pfbid02LXNmVmnV5frqax8iEsxEeq6rnkkuxsmVuXFNfwrhqkPChWHSBE79g9SafihuzuQVl","Rewila    kaka"
"Krishantha Busnayaka","https://www.facebook.com/krishantha.busnayaka","නිතිය හැමෝටම එකයි,හමුදුන්ගේ වගකීම හිරේ යන අපායේ යන අය ගොඩ දාන්න"
"Sameera Wijethunga","https://www.facebook.com/sameera.wijethunga.14","මෙයත් දැම්මානං සද්ද බද්ද ඉවරයි මෙයත් ලගදිම යයි වගේ"
"Deepa Manathunga","https://www.facebook.com/deepa.manathunga","Budu saranay hamuduruvane"
"Palitha Hemapala","https://www.facebook.com/palitha.hemapala.7","ලංකාවෙි නීතිය සියළුම මනුෂ්‍යයන්ට  එක සමානයි. හාමුදුරුවන්ට මවිලවිට පූසාරිට පාදර්ට  ඇඳපු ඇඳුම අනුව වෙන වෙනම  ක්‍රියාත්මක කරන්න   ගියොත්  හොඳට හිටී...අනේ නිකා හිටපල්ලා... ඉස්සර  ඇවිත්  බදාගෙන  අපේ කෙනෙක් කියල අතෑරියේ දැන්   සොරි සමාව නැත. !?"
"Thimira Mahanthe","https://www.facebook.com/thimira.mahanthe","කියන්ඩනම් ඒනවා කියන්නේ නැතුව ඉමු.."
"Ranga Ranga","https://www.facebook.com/people/Ranga-Ranga/pfbid032bUaxkJKiVUQMCSbBJwvzn3Zhrh2TPC4E6C7sQFGR9Sc5Y8mm8xVRwfA5aJU8s2Hl","ඔහෙලා වගෙ මිනිස්සු ටමා සාසනෙ කන්නෙ"
"Jayatilaka Herath","https://www.facebook.com/herath.sgmj","දහම කියන්නේ ගලබොඩ අත්තෙ නෙවයි ඒකවත් නොදන්නා තිත්තගල්ලෙ....අනේ මන්දා ..."
"Nanda Mehenin Wahanse","","🪷මනුෂ්‍යත්වයේ අත්සන තබන්න ඔබට කරන ශාසනික ආරාධනයයි! ⚖️ උතුම් බුද්ධ ශාසනයේ චිරස්ථිතිය උදෙසාත්, චීවරයේ අභිමානය සහ මනුෂ්‍යත්වයේ උත්තරීතර ගුණධර්මයන් සුරැකීම උදෙසාත් දීපව්‍යාප්තව ක්‍රියාත්මක වන ""මනුෂ්‍යත්වයේ අත්සන"" ලබාගැනීමේ ධාර්මික චාරිකා කාලසටහන මෙසේ ශ්‍රද්ධාවෙන් යුතුව නිවේදනය කර සිටිමු. 🛡️                                                                                                                                                               🧭 සියලුම වැඩසටහන් ආරම්භ වන වේලාව: සෑම දිනකම උදෑසන 8:00 ට (උදේ 8.00 ට)  ""මනුෂ්‍යත්වයේ අත්සන"" - නිල කාලසටහන 📍 • 🗓️ ඔක්තෝබර් 09 (සිකුරාදා): දකුණු පළාත් මෙහෙවර • ගමන් මාර්ගය: දෙවුන්දර ➡️ මාතර ➡️ වැලිගම ➡️ හබරාදූව ➡️ ගාල්ල කොටුව • 🗓️ ඔක්තෝබර් 10 (සෙනසුරාදා): දකුණු වෙරළබඩ / බස්නාහිර මෙහෙවර • ගමන් මාර්ගය: හික්කඩුව ➡️ අම්බලන්ගොඩ ➡️ ඇල්පිටිය ➡️ බෙන්තොට ➡️ අලුත්ගම ➡️ කළුතර • 🗓️ ඔක්තෝබර් 11 (ඉරිදා): බස්නාහිර පළාත් (කොළඹ දිස්ත්‍රික්) මෙහෙවර • ගමන් මාර්ගය: පාණදුර ➡️ මොරටුව ➡️ රත්මලාන ➡️ දෙහිවල ➡️ කොළඹ • 🗓️ ඔක්තෝබර් 12 (සඳුදා): බස්නාහිර පළාත් (ගම්පහ දිස්ත්‍රික්) මෙහෙවර • ගමන් මාර්ගය: පෑලියගොඩ ➡️ කැලණිය ➡️ කඩවත ➡️ ගම්පහ • 🗓️ ඔක්තෝබර් 13 (අඟහරුවාදා): සබරගමුව පළාත් මෙහෙවර • ගමන් මාර්ගය: නිට්ටඹුව ➡️ වරකපොල ➡️ අඹේපුස්ස ➡️ කෑගල්ල • 🗓️ ඔක්තෝබර් 14 (බදාදා): මධ්‍යම පළාත් මෙහෙවර (උඩරට චාරිකාව) • ගමන් මාර්ගය: මාවනැල්ල ➡️ කඩුගන්නාව ➡️ පිළිමතලාව ➡️ මහනුවර • 🗓️ ඔක්තෝබර් 15 (බ්‍රහස්පතින්දා): මධ්‍යම / මාතලේ දිස්ත්‍රික් මෙහෙවර • ගමන් මාර්ගය: මහනුවර ➡️ කටුගස්තොට ➡️ මාතලේ ➡️ නාවුල ➡️ ගලේවෙල ➡️ දඹුල්ල • 🗓️ ඔක්තෝබර් 16 (සිකුරාදා): උතුරු මැද පළාත් (අනුරාධපුර) මෙහෙවර • ගමන් මාර්ගය: හබරණ ➡️ මරදන්කඩවල ➡️ තඹුත්තේගම ➡️ අනුරාධපුර • 🗓️ ඔක්තෝබර් 17 (සෙනසුරාදා): උතුරු මැද / පොළොන්නරුව මෙහෙවර • ගමන් මාර්ගය: මින්නේරිය ➡️ හිඟුරක්ගොඩ ➡️ පොළොන්නරුව ➡️ කදුරුවෙල • 🗓️ ඔක්තෝබර් 18 (ඉරිදා): පුණ්‍ය භූමි මහා සමාප්තිය • ස්ථානය: මිහින්තලාව පුදබිම 🪷 (සියලු සැදැහැවතුන් මිහින්තලාවට ඒකරාශී වන උතුම් දවස)"
"Saman Saman","https://www.facebook.com/people/Saman-Saman/100010986255086","අතතිබිබේ උත්තම චීවරයට සොබාදහම පවා මුන්ට සාපකරනවා සාපයක්ම වේවා"
"Sarath Kumara","https://www.facebook.com/sarath.kumara.903846","පරිසමින්   හාමුදුරැවනේ   පංසලේ  වැඩටික   කරගෙන  ඉන්ක    ඵක   හොදයි"
"Dinithi Ariyarthna","https://www.facebook.com/dinithi.ariyarthna","Days horawen salli gatthama ohma Tama😔"
"Dammika Nishantha Rathnayake","https://www.facebook.com/nishan.rathnayake.31","පිස්සා"
"Anura Dissanayaka","https://www.facebook.com/anura.dissanayaka.103257","Neywata  Ahnduwak  Ahpu  Gaman   R.  Preymadasa   Ahnduwa  Wagey   J. V. P   N.P. P   Sampurnayenma  Mey  Rateyn  TAHANAM.   Karamu."
"Prasad Prasad","https://www.facebook.com/people/Prasad-Prasad/pfbid0TpZoLLHKwnrvqjGtyUuJKqXLyo8PpHegynBFcSxWxvWZBnZD1R4MmoC2FZ8sH9D1l","කරපු දෙ වැරදදක් නම්.... නීතියට කවූරුත් හිස නමන්න ඹන. නීතිය ඉදිරියේ ජාති ආගම්  කුල මල තනතුරු තානාන්තර සාමාන්‍යය මනුෂ්‍ය ද ආගමික නායකයා ද ඒකෙන් වැඩක් නෑ.... නීතිය එකිනෙකාට ඹන ඹන විදිහට නවන්න ගීං තමා අද රට විනාශ වී පවතින්නෙ......"
"Manjula Wijekumara","https://www.facebook.com/manjula.wijekumara.7","වැරදිමකින් යුනා හදන්නෙ චන්දේ ඔනි"
"Sarath Samaranayaka","https://www.facebook.com/people/Sarath-Samaranayaka/pfbid02PFBfedNpaNPdMVNdGGpDcGpqxshowbtubuvwTxPLUdcUNKSZVdUbuikhZnHrHbSsl","Tota nana sara loku wnata ratatama sapauak okawa"
"අනිල් අනිල්","https://www.facebook.com/people/%E0%B6%85%E0%B6%B1%E0%B7%92%E0%B6%BD%E0%B7%8A-%E0%B6%85%E0%B6%B1%E0%B7%92%E0%B6%BD%E0%B7%8A/pfbid0CrnMZwA97yiR2Z2NkHHVB4gDUhrUjowThyfgE35gtSSHXGvQRSmRquzxv7c6mSRUl","මුට පිස්සු දැන්"
"Nalani Amara","","Muwa yawanna prison"
"Sisira Priyantha","https://www.facebook.com/sisira.priyantha.137586","මචං තිත්ත ගොල්ලෙ ඇත්ත  කියපං උබට නඩු කීයක් තියෙනවද, කීපවරක් හිරේ ගියාද"
"Jayanihal Gammadda","https://www.facebook.com/people/Jayanihal-Gammadda/pfbid02Q4Fj5DJnYQgjF91n8qJoC4FTrcbFqRAVvNX5fGe7xsUP5dL6wCg9Th5fkM4F2jKgl","මු මොකෙක්ද"
"Anura Susantha","https://www.facebook.com/anura.susantha.98","Pako polgediyak horakan karapu aeka aethule demmanam mun kauda chiwaradariyo. api dunna dane welath aparade"
"Lalith Vasantha Kaluthanthri","https://www.facebook.com/lalithvasantha.vasantha","Rata.venuven.eaththa.dakina.uathum.saga.ruvanata.theruvan.saranai"
"Jagath Mudhiyanse","https://www.facebook.com/people/Jagath-Mudhiyanse/pfbid02BS7KKHvauvyjngNz3bK3oHjypoPkZmsrkQL5DeqtrwojbRS2jfX7mL1fQP153CuBl","සාදු  සාදු,,   උස්ම  හිරවෙයි   යකො  ,"
"Saman Perera","https://www.facebook.com/people/Saman-Perera/pfbid09jGxnLRp1cAXyMvbS1b7qyakcyCDTogJzj5j8PzHCUAFcaxYyCT2Ku2ecpZgmsMxl","ජනතාවට  සසර කලකිරෙන්න  උඹල  වගේ   දුශ්ශීල  චීවරධාරි  හැත්තම  ඇති.සිවුරට  මුවාවෙලා කරන්න  තියන  ඔක්කොම තක්කඩිකම් කුපාඩිකම්  කරන මුන් ගිහියන්ගෙන්  බන  අහන්නයි  සුදුසු."
"Nishantha Wickramasinghe","https://www.facebook.com/nishantha.wickramasinghe.10","Lawyer කෙනෙක්ද එයා.....උසාවියේ පෙනී ඉන්නෙ..😂"
"Lalitha Edirisinghe","https://www.facebook.com/lalitha.edirisinghe.301621","සාධු සාධු සාධු"
"Pubudu Thejana","https://www.facebook.com/pubudu.thejana","Garu karanawanam Mona bijjakatada giye🙄"
"Saman Palitha","https://www.facebook.com/saman.palitha.34941","ඔබවහන්සේ ට 🙏🙏🙏🙏තෙරුවන් සරණයි"
"Fdo Shan","https://www.facebook.com/indika.krishan.906","හුටා  මයික් විරයො 🤓🤓 කෑම ලගට නැතිවෙනකොට  දුකයි දුකයී 🤣"
"Jagath Withanage","https://www.facebook.com/jagath.withanage.29859","Sadu Sadu Sadu 🙏 ✅️ apith me satanata ape budda sasanaya wenuwen enawa anurata me rateth inna beri wenawa eka suwar edata api serama bawddayo ek wemu Sadu Sadu Sadu 🙏"
"Indika Arunajeewa","https://www.facebook.com/indika.arunajeewa.498367","ඇත්තතමයි හමුදුරුවනි අපිත්  එනවා"
"Chandralatha Divisekaramudiyanse","https://www.facebook.com/people/Chandralatha-Divisekaramudiyanse/pfbid021PN6frfB8fQMHBS3JiGb6L9mkivjZW9bgBAP6i1tMD2FTH7BCezdQg6MUfBsqLzGl","කවුරු මොනවා ,kiwah,siurata,ගරු ,karapalla"
"Rohana Pushpakumara","https://www.facebook.com/people/Rohana-Pushpakumara/pfbid035926ZnawnM8SS2KBTAYMzfHTEP5irkXawECabdGHXbkR1ZDaU29qtmGnznAYW2AUl","ObawHansege. Guruhamuduruwan. Wahanse. Gena. Poddak. KiyanawadA"
"Malaka Mahadurage","https://www.facebook.com/malaka.nammuni","අපේ හාමුදුරුවෝ නිදහස් වේවා"
"Sunil Nandasiri","https://www.facebook.com/sunil.nandasiri.66448","Nedan hora...nadu 3 maha beksuwa.palayanta"
"Siriwardana Ariyapala","https://www.facebook.com/siriwardana.ariyapala.9","තිත්තයටත්  වැලක්  අහුවෙලා"
"Suneth B Wanninayaka","https://www.facebook.com/suneth.b.wanninayaka","හරි වැරැදි අධිකරණයෙන් බලා ගනී නේද ඉතිම්😁🤣"
"සමන්ත අතපත්තු","https://www.facebook.com/s20x5w8uyp","ඔබත් හෝරෙකී.  නිකායෙ වර්ගයකී"
"Supun Chathuranga","https://www.facebook.com/supun.chathuranga.7509","ගොන් හුත්තලා ඔක්කොම දාන්න ඕන හිරේ"
"Umesh Gamage","https://www.facebook.com/umesh.gamage.79","Samawa denne na puluwan deyak karapan🤣"
"Sugath Nishantha","","Page 16ක් තියෙනවලු මුන් ⁣fb එකෙද පන්සල කරන් යන්නෙ යකො බණක් පිරිතක් කියන්න කාලයක් නැහැනෙ😂😂😂"
"Wasantha Pathmasiri","https://www.facebook.com/wasantha.pathmasiri.52","තිත්තගල්ලේ ඔහොම කොටාගෙන කොටාගෙන යංකෝ  අපි බලාගෙන ඉන්නේ කොතනද පැටලෙන්නේ කියලා ඒ වෙලාවට නැති වෙන්නම දෙනවා ලොවෙත් නැතිවෙන්ඩ තව එකපාරක් මතක්කරන්නම් මේක ජනතාවදී ආණ්ඩුවක්  එච්චරයි"
"Kusala Karunadasa","https://www.facebook.com/kamal.bandara.18400700","Pasku praharaye ithuru kotasa"
"Priyantha Chandimal","https://www.facebook.com/priyantha.chandimal.54","Puka deepan huththagalle"
"Sisirasiri Liyanage","https://www.facebook.com/sisirasiri.liyanage.1","උඹ ඔය කරන වැඩෙන් ඤානසාරය තවත් හිරවෙනව ඒකයි ඇත්ත.."
"Supun Supun","https://www.facebook.com/people/Supun-Supun/pfbid02rPmxvh9Poou1e5EZa44LFr7hDD6KTX3M8Yxh9aBkGszNnPD4qq3u5PK2HpLFW8sKl","ඩවුට් එක තියෙන්නේ සිවුරු පොරව ගත්ත උබ ගැන. මහනෙක්ද කුඩ්ඩෙක්ද ගන්දසාර වගේ බේබද්දෙක්ද"
"Mahinda Perera","https://www.facebook.com/mahinda.perera.7","ඉලගට එක්කෙනා මෙයා"
"Ruwan DE Silva","https://www.facebook.com/ruwan.desilva.376","රාජා භවතු ධම්මිකෝ."
"Thushantha Thenuwara","https://www.facebook.com/profile.php?id=100003342323789","තිත්තේ මේකට උත්තරයක් දෙන්න…"
"Thusitha Chandana","https://www.facebook.com/people/Thusitha-Chandana/pfbid0BxFcST8YaJy5soo4VDtgCiiZMw5bKGfzMkWnrrkoFa7vLkkzgujeMyVcUEfWVVY2l","අපිමෛත්‍රිවඩන අයනැත්නම්කරපුවැඩෙටභිතනදෙ"
"Mickey Maduragoda","https://www.facebook.com/mickey.maduragoda","වැඩි කරන්න ගොස් අර ආවටත් වඩා වැඩි වැඩි බඩ වේගයක් ඇති ලොකු සුනාමියක් ඇවිල්ල ඔය පව්කාරි ටික ඔක්කොම හෝදගෙන යමන් දෙයියනේ අනිවාර්යෙන් ඒක වෙන්නම ඕනා මේ අපේ ගරුතර ස්වාමීන් වහන්සේට කරපු අපරාධයය සත්ය සත්ය බුදුන් ඉන්නවනම්"
"Asoka Kumari","https://www.facebook.com/asoka.kumari.9041","නුවර ට එන්නෙ කවදාද අපිත් එනවා අපේ සාසනය රැකගන්නට අපේ සංගරත්නය දිනෙන් දින බැබලේවා යක්ෂයෝ මකබෑවිලා යන්න ඔීනි"
"Ruwandi Kawya Unawatuna","https://www.facebook.com/ruwandi.kawya","නොදකින් අදෝනාව"
"Mora Morayate","https://www.facebook.com/mora.morayate","ඛලහත්කාරයෙන් වැරදිලාවත් සමාව දුන්නොත්  ඒක අණ්ඩුවෙ ඉරණම වෙනස් කරන U turn"
"Wpm Swarna","https://www.facebook.com/wpm.swarna","අපේ හමුදුරුවන්ට තුනුරුවනේ පිහිට ආරක්ෂාව ලැබේවා"
"Dhananjaya Vidanagama","https://www.facebook.com/people/Dhananjaya-Vidanagama/pfbid02WFmsGPtrjimedi1xwoYp78XZEmzLAJe9HNTQ7QGeambK9Uc7Gp11ujKdjDTduFJ2l","🙏👍 budusaranai hamuduruwane🙏🙏"
"Upali Ariyasena","https://www.facebook.com/people/Upali-Ariyasena/pfbid0dBZQ5ETse7ieZEuXdrMZthU2ePwVnWkqwadTPriKAPzQ7LaAbCB9kG5xBnGF7ezcl","UbLA thami ratA kanne thopi ekekwath budun wadinne nea budun wikunanawa salli walata. Den Katina vikunana kalaya mewata  sobadarmaya balagena inne edata seenigaminma arabei"
"Pallewela Vimaladhamma Himi","https://www.facebook.com/pallewela.vimaladhammahimi","Obavahanseta godak pin evening hadal lak guvan geba purana visuruva herima gana"
"Ath Wimalasena","https://www.facebook.com/ath.wimalasena.2025","KISIMA..WINAYAK..NATI..HAMUDURU..ORU..INNA..BUDUN..WAHANSAE..KIYAPU..DAEWAL..AHAKATA..DAHALA..MAEYALA.. NITI..HADANAEA...CIURA..DAHAGAENA..PULUWANDA..GAHANIYAK..LAGATA..CIURA..GALAWALA..DAHANNA..PULUWANDA..BUDUN..WAHANSAE...KIYPUWA..KARANNA..BA"
"Amila Rathnayaka","https://www.facebook.com/people/Amila-Rathnayaka/pfbid021DY2DcjTae6nenVrj4stRqH2mxAnx1yMmuwTdfVqetoPuj87RVQXhrznDMTZArhVl","Walkabaraya"
"Edirisinha Edirisinha","https://www.facebook.com/people/Edirisinha-Edirisinha/pfbid0ArN7VtcPUh88dFx3se6HnSsoeUsVSrm4H6NbEmFMvikFxq2uocgswTdFHwmCqJ32l","Peinta Dana ban kla pansal wlta Wala eida peivu ankota mawa nana"
"Thushara Chandrasiri","https://www.facebook.com/people/Thushara-Chandrasiri/pfbid035653o5ZvskEPfUdr2iPkuhz7bQRw9F1cPfuk25hMTQ1GLUBVBG8UfKzqWdao2UHbl","නියමයි  අපේ  හාමුදුරුවනේ"
"Jayasundara Senarath","https://www.facebook.com/people/Jayasundara-Senarath/pfbid0kv5spMXAccoRrKjHny6EwvzooaehDd3jck1um9uZwiztwEmoneoToASESQ7zw9AYl","බුද්ධ ශාසනයේ නැතිකරේ තොපි වගේ කාලකන්නිපි මහණ කරපු එකෙක් ඉන්නවද තොපියෝ මහණ කරලා තියෙන්නේගෑණු"
"Nayana Fernando","https://www.facebook.com/people/Nayana-Fernando/pfbid0Bn6ZGqac5P3YGN3U6SkLisKuBQBkiuEuF4HJ8KrjYvBcmfCpoCmPTBpvktUfHLECl","සමාවක් නැහැ බල්ලෝ"
"Prasanna Ranga","https://www.facebook.com/prasanna.ranga.52","Janadipathi samawa dunne nethnam anurath gedara thamai."
"Thilakarthna Jayakodige","https://www.facebook.com/people/Thilakarthna-Jayakodige/pfbid02w1zkXgQyizVXXy7NdCWttdva6jdreR7ZTdPXZSeJ224isKTXBFdySg2T672orAqcl","හොර  ගනයෝ"
"Saman Amban","https://www.facebook.com/saman.amban","Apith innawa oba wahanse samaga"
"Pemarathna Karunasiri","https://www.facebook.com/pemarathna.karunasiri","මුන් සිඋර දාගෙන උන්ට ඕනා ඕනා දේවල් කරන්න දෙන්න බැ"
"Prabath Chathuranga Chathuranga","https://www.facebook.com/prabathchathuranga.chathuranga.75","Kiyanna දෙයක් na. සුපිරි thakkadiyek"
"Lkjpas Perera Sumalka Pereira","https://www.facebook.com/lkjpaspererasumalka.pereira","එහෙමනම් ඉතින් ඔක්කොම හමුදුරුවො ටීක නිදාහාස් කරන්න ඔනා ගැනු දුශනය කරපු අයත් එක්ක"
"Anura Jayampathi","https://www.facebook.com/anura.jayampathi.52","උඹලගෙ ලණු නැවත   රටේ ජනතාව  කන්නේ නැහැ බුද්ධාගම විකුනං කන්ඩ දැන් බැහැ  හොර ඝනයන්ට"
"Indika Kumara","https://www.facebook.com/people/Indika-Kumara/61590521140807","බුදු සරණයි"
"Bandula Harischandra","https://www.facebook.com/people/Bandula-Harischandra/pfbid02GgG2RirvRUopj85naEGuiACqSuoExviYEh4GdbDzC8rXZV8DEChvfSZTytCsiATFl","ඉතිරි හැටතුන් දෙනා කමක් නැද්ද?"
"Haritha Iranga Pitigala","https://www.facebook.com/haritha.pitigala","ඔය කියන විදියට උසාවි ඕන නැහැනෙ.😆"
"Wijerathna Kospalawattage-don","https://www.facebook.com/people/Wijerathna-Kospalawattage-don/pfbid037atBPpM5tuqpKMFtNZDseKPvagqeap8KEV4ABzSZssnjT9hoYQeTUSuKFPwhWWYMl","Mou gall ponnaya  kollo akka sapa ganna kota thota ballo siwra. Mathak une nadda"
"Dhanushka Indumal Hewathanthri","https://www.facebook.com/dhanushka.indumal.hewathanthri","Sasane kanne nethuwa pansalata wela niwan margaye giyanam hoda nedda. Nyanasara waradi margaye yankota hari margayata ganna katayuth karanam ada mehema walalenna deyak nene."
"Naganathan Jayakumar","https://www.facebook.com/naganathan.jayakumar","ඇයි අපේ හාමුදුරුවනේ ඌව පළාතට දිනයක් නැත්තෙ අපිත් ඔය පුණ්‍ය කර්මය ට සම්මාදම් වෙන්න කැමති යි🙏🙏🙏ඔබ වහන්සේ ගෙ සටනට ජයවේවා, සාසනය බැබලේවා🙏🙏🙏"
"Ruvi Seneviratna","https://www.facebook.com/people/Ruvi-Seneviratna/pfbid02t8FR79W3ukwJDuUy5AosDWcqjByiFQcY8fQNBVTh5os7mMvjXqma7HaM5Z2Y1Lygl","වැරදි කරලා සිවුර ඇතුලේ හැංගිලා ඉන්න බෑ"
"V.H. Wijerathne","https://www.facebook.com/people/VH-Wijerathne/pfbid02KEZsiBRxzQPGM1hbAy2CfN7xf66bZy6GJ2cJTRVqJT1bjnhSveR6a3Lvyn62ybRWl","බොරු වපුරන්න එපා යකෝ තොපි තමයි මේ රට ගිනි තියන්නෙ"
"KG Ajith","","අනෙ හමුදුරුවානෙ 2018 ඔයා හිටියෙ නෙද්ද"
"Ananda Wijesiriwardana","https://www.facebook.com/ananda.wijesiriwardana.3",". බල්ලන් සමග හිටියොත් බලුමැක්කන් සමග නැගිටින්න වෙනවා"
"Chathura Bandara","https://www.facebook.com/people/Chathura-Bandara/pfbid0Q1rQgjxoiE8gz9gn8fzfcmtFZBWSB4x3AdTRU46x4CoCNXvYC9vUjaKyoGfMQZgnl","හාමුදුරුවනේ ජාතිය වෙනුවෙන් මහා සංඝ රත්නය මෙ වෙන කැපකිරීම් අගය කලයුතුයි මාහිමිපාණන් වාහන්සෙලා බුදු දහම ආරක්ෂා කිරීම වෙනුවෙන් පෙරට ආයුතුමයි. ඔබ වාහන්සෙ ලා බුදු දහම වෙනුවෙන් පෙනි සිටියනම්  වටිනවා"
"Dayani Sagarika","https://www.facebook.com/people/Dayani-Sagarika/pfbid02YxGjPanoFTi6VjxroZEBag4EEAzZrqTS6xQpyWktC38rQtvZ4HMq3FPvNLFniB1ql","අපි  ඉන්නේ   කොළබ  අපිත්   අත්සන්   කරනවා   හමුදුරුවොන්ට  නිදහස   ලබා දෙන්න   අපේ   හමුදුරුවොන්ට    නිදහස   ලැබේවා 🙏🙏🙏🙏🙏🙏"
"Subhani Nanayakkara","https://www.facebook.com/subhani.nanayakkara.9","දෙවියනේ මේ කිම  බුදුන් වැඩි දේශය මෙම.. රැක ගන්න තෙරුවන් සැම  එකා මෙන් ඉදිරියට එනු මැන... 🙏🙏🙏"
"Zinda Shahabdeen","https://www.facebook.com/zinda.shahabdeen","මූත් මැදමුලනේ වලං හෝදපු එකෙක් තමයි."
"Ruwan Sampath","https://www.facebook.com/ruwan.sampath.952422","⁣තවත් කාලකන්නි ගොරිල්ලෙක් 😁😁😁😁😁"
"Thushara Sampath","https://www.facebook.com/people/Thushara-Sampath/pfbid0kL1cP83UxjNKoiKid1uTnfRUkLENzTETrZ954F6XjxekVTvGMYsfBZfmYNKJKX89l","මොනවද මිනිසුනේ පේනා මේවාන් වැඩේ කෝමදාාම ඔහොලන්නෙ ජාතියේ යෙදෙන යෙදෙනාටම සම්බුදු සසුනේ පිරේමට යොමනා වැඩේ ඇයි නායක හිනේ කරනා අමන වැඩක් දඬුවම් දිය යුතුය ගෙනෙකුන් හට හෝ ඕනේ නීසීවිදියටයි කළ යුත්තේ එයා වටේන දෝසන මං කොල්ල ඉස් 3 එම තිබෙනැහැ නොව මෙතුල කෙම් පෙනිලා නම් යෙදෙනාම එහෙනම් කොහොමදෝ සිවුරක් ගලවන්න හැකියාවක් ලැබුනේ ඔහේලට ඔය ඉන්නවා සෝ සාසනේ සාසනේ හිමිවරු අත දෙන්නෙ නෑහැ ගියේ එහෙම නං සිවුරක් ගලවන්න තේ අයයි අද පින් වැඩ කර කරතින්න්ම නිවනට යන්න බැලූ බැලුවම මාවත හොය හොයදීම කහ සියුරේය අද පෙන්නවනු බැරුව යතිවෙන්නවෙන්න සිංහල මිනිසුනේ නෙත් නෙත්වල හිනිය ගහලද ඇති මේවා බලලා දැන් දැන් ඔබට පෙරමුණ ගන්න ඕනෑ අපේ බුදු සසුනය රැක ගන්න සියලුම දෙවියනේ අවදා අවදානය දෙන්නෙ මේ සියලුම යකුන් පර පර පරසත් වල යන්නෙත් සිංහල බොත් බෞද්ධ කමයි කමයි යෝ යෝ නැති නැතිවෙන වෙනවා අඤ්ඤාගමට දැන් මූලික තැන එන එනව දේවිදත් කරලා දේවිදත් කරලා දෙක ටික මෙහි වැඩි වෙනවා වැඩි වෙනවා සිංහල බෞද්ධ රට රටකට අද පොඩි වෙන අයනවා"
"Ajantha Sujeewa","https://www.facebook.com/people/Ajantha-Sujeewa/pfbid035hZfCwrgbfhzq3B1XoghD7mR12HAr9VsRsaVoY8i2eHjn8GsC1qGv7c3w1K2oU7El","බුදුන් ,,, ewareieee"
"DM Abeykoon","https://www.facebook.com/people/DM-Abeykoon/pfbid029snwjgky9qsgd1UCf5iKrC6pScDbpmiwPTjsaKbA88xjb3rar6UUuCmKA18T9SXRl","අපතයා"
"Visaka Ranaweera","https://www.facebook.com/visaka.ranaweera.3","මේ ඔබවහන්සේ පොඩ්ඩක් volume එක අඩු කරගන්න හොඳේ මොකද බන්ධනාගාරේ ඉඩ කඩ මදිලු හාමුදුරුවනේ."
"Anusha Dissanayake","https://www.facebook.com/anusha.dissanayake.134253","බල්ලා"
"Dileepa Danuka","https://www.facebook.com/people/Dileepa-Danuka/pfbid0ueGq7iiZc7JE2Cwpx1MZREdTVjV2ahDhrRJ3JPCGQsZGGESNxr2sNxbiEqAMPDkLl","Oka.puke gahaganin"
"Nishani Siriwardhana","https://www.facebook.com/nishani.siriwardhana.3","දිලිසෙන්නට පට සිවුරක් ගමන් වලට නිල රථයක් ලේ තැවැරුණ මැතිඳු අතේ ධවල පිරිත් නූලක් මං හනික බඳිඤ්ඤං කියන කරන හැමදේටම එහෙයි කියඤ්ඤං...//  උඩින් මඩින් තෑගි බෝග තරු පහකින් රස මසවුළු ඔබේ පැත්තේ මම වැඩ ඉඤ්ඤං කවුරු කොහොම මොක කීවත් සත් ගුණවත් ඔබට ලකුණු අරගෙන දෙඤ්ඤං අරගෙන දෙඤ්ඤං......   දිලිසෙන්නට පට......  ඔබෙන් ලැබෙන සම්මානය දොහොත් මුදුන් දී අරගෙන ඔබට පිරිත් පැන් මතුරඤ්ඤං සියක් වසක් රට කරන්න අනේ අපේ ගැලවුම්කරු ඔබයි කියඤ්ඤං  ඔබයි කියඤ්ඤං ......"
"Sujee Kr Rohantha","https://www.facebook.com/SujeewaRohantha","අනේ වරෙන්"
"Presanna Sampath Hethtiarachci","https://www.facebook.com/presannasampath.prassnnasampatg","Toge siurath galawanawa minissu wedi dawasak yantakalin"
"Saman Thennakoon","https://www.facebook.com/saman.tennyson.7","මේ තිරිසන් ආන්ඩුව අනිවාර්යයෙන්ම එලවන්ඩ ඕනි"
"Lal Nilanga","https://www.facebook.com/people/Lal-Nilanga/pfbid02PYmUHFtY3VXJy2mqkMSMawLtUKxWtFv4DabLoYfS212ir5eStC7rCpnVFbMq1DAXl","දැන්වත් ගොන් මීහරකෝ පන්සලට වෙලා දෙන බත් ටික කාලා හිටහන්"
"Ashan Ashan","https://www.facebook.com/people/Ashan-Ashan/61587863843715","Elh elh.bs hamuduruwane.."
"Amila Sudeshkumara","https://www.facebook.com/amila.sudeshkumara","මහන වෙයල්ලා"
"Chamila Priyantha","https://www.facebook.com/chamila.priyantha.740069","මේ හාමුදුරුවෝ බුදු බණ නෙමෙයිනේ කියන්නේ"
"Nirosh Anuradha","https://www.facebook.com/nirosh.anuradha.39","නෑමොලයා ගෙ මාධ්‍ය ලේකමා"
"Wineetha Pallebowela","https://www.facebook.com/wineetha.pallebowela","අනේ  '' පයන්න"" යකෝ"
"KS Fernando","https://www.facebook.com/people/KS-Fernando/pfbid0J4XiFuVSCyy3iTYxARQNBS6HsayeNMntMt5s7CRnGNVmGRSosSBLNrd5SK6PZ52Cl","ස්වාමීන් වහන්ස.    ලංකාවටම.   සහභාගි     ක්‍රමයක්.    ඉක්මනින්.   හදන්න."
"Janaka Thilakarathne","https://www.facebook.com/janaka.thilakarathne1","එහෙමයි, ඕස්ට්‍රේලියාවේත්"
"Aadp Chandu Aadp Chandu","https://www.facebook.com/aadpchandu.aadpchandu","Oba wanselage siure pata vithari hasirima danno danithi"
"Rathnayake Sunil","https://www.facebook.com/rathnayake.sunil.2025","amu.gonek.mu.nanusara.malli"
"Yasith Chamara","https://www.facebook.com/yasith.chamara.7","කොහේ හිටපු එකෙක්ද බං මේ💩💩💣"
"Tissa Aththanayake","https://www.facebook.com/qfps51e2hv","මෙයාටත් බඩුවක් කැන්ටක් කරලා දිිලා විඩියෝ එකක් වත්දායි"
"Rojaa Madhuwanthi","https://www.facebook.com/people/Rojaa-Madhuwanthi/61587682360374","🌼 දේවදත්තගෙන් අදටත් අපට ගත හැකි පාඩමක්… 🌼  දේවදත්තත් බුදුරජාණන් වහන්සේගේ ශාසනය තුළ සිටි කෙනෙකි. ඔහුට ධර්මය කතා කිරීමේ හැකියාව තිබුණි. ඍද්ධි බලයද තිබුණි. ඔහුගේ වචනත්, හැසිරීමත් බොහෝ දෙනෙකුගේ සිත් ඇදගන්නා සුළු වන්නට ඇත.  එහෙත් ඒ සියල්ල තිබියදීත්, ඔහුගේ සිත තුළ පැවති ලෝභය, මානය, ඊර්ෂ්‍යාව, බල තණ්හාව ඔහුගේ මාර්ගය විනාශය කරා ගෙන ගියේය.  ඒ නිසා දේවදත්තගේ කතාව අපට ඉතා ගැඹුරු පාඩමක් කියා දෙයි.  කෙනෙකු ලස්සනට බණ කියනවා කියා, ඔහු ධර්මය අවබෝධ කළ කෙනෙකු යැයි තීරණය කළ නොහැක. මිහිරි වචන කතා කරනවා කියා, ඔහුගේ සිත පිරිසිදු යැයි තීරණය කළ නොහැක. අසාමාන්‍ය හැකියාවන් තිබෙනවා කියා, ඔහු නිවන් මඟෙහි ගමන් කරන කෙනෙකු යැයි තීරණය කළ නොහැක. ජනප්‍රියයි කියා, ඔහු නිවැරදියි යැයි තීරණය කළ නොහැක.  අද දවසේ දේවදත්ත වැනි කෙනෙකු අප අතර සිටියා නම්, ඔහුගේ මිහිරි වචන, ආකර්ෂණීය හැසිරීම්, පෙනුමට පෙනෙන ධාර්මික බව සහ අසාමාන්‍ය හැකියාවන් නිසා බොහෝ දෙනෙක් ඔහු පසුපස යන්නට ඉඩ තිබේ.  ඒ නිසා බුදු බණ අසන අපටත් තිබිය යුත්තේ අන්ධ භක්තිය නොව, නුවණින් විමසන ශ්‍රද්ධාවකි.  බණක් අසන විට,  “කොච්චර ලස්සනට කිව්වද?” කියන ප්‍රශ්නයට වඩා,  “මේ ධර්මය මගේ ලෝභය අඩු කරනවාද? මගේ ද්වේෂය අඩු කරනවාද? මගේ මෝහය දුරු කරනවාද? මගේ සීලය ශක්තිමත් කරනවාද? මගේ සිතේ මානය හා ඊර්ෂ්‍යාව අඩු කරනවාද? මගේ සිත නිවීම කරා ගෙන යනවාද?”  කියා තමන්ගෙන්ම විමසිය යුතුය.  එසේම කෙනෙකුගේ සීලය, චරිතය, ක්‍රියාව සහ ඔහු දේශනා කරන ධර්මය ඔහුගේ ජීවිතය තුළින්ම ප්‍රකාශ වෙනවාද යන්නත් නුවණින් බැලිය යුතුය.  මන්ද,  🌸 බොහෝ දෙනෙක් යන මාර්ගය සත්‍ය මාර්ගය බවට සාක්ෂියක් නොවේ. 🌸 ජනප්‍රියත්වය නිවැරදි බවට සාක්ෂියක් නොවේ. 🌸 මිහිරි වචන ප්‍රඥාවට සාක්ෂියක් නොවේ. 🌸 අසාමාන්‍ය හැකියාවක් නිවන් අවබෝධයට සාක්ෂියක් නොවේ.  ධර්මය පිළිපදින්නා පුද්ගලයාට වශී නොවී ධර්මයට ගරු කරයි. නුවණැත්තා මිනිසුන් පසුපස අන්ධව නොයයි; සත්‍යය පසුපස යයි.  අද අප දකින සිදුවීම් දෙසත්, විවිධ පුද්ගලයන් දෙසත් බලන විට දේවදත්තගේ කතාව අපට සිහිපත් කරගත යුතුය.  වචනයේ මිහිරට නොව, ධර්මයේ සත්‍යතාවයට වශී වෙමු. පෙනුමට නොව, චරිතයට බලමු. ජනප්‍රියත්වයට නොව, සීලයට බලමු. පුද්ගලයාට නොව, ධර්මයට සරණ යමු. අන්ධ භක්තියට නොව, ප්‍රඥාවට ඉඩ දෙමු.  🙏🪷 බුදු සසුනේ ගමනේදී අපට ආරක්ෂාව වන්නේ කෙනෙකුගේ ආකර්ෂණය නොව, ධර්මය නුවණින් විමසා බලා, තම ජීවිතය තුළ පුරුදු කිරීමයි. 🙏"
"Gunasekara Yapa","https://www.facebook.com/people/Gunasekara-Yapa/pfbid027NeozLiVM83uf3D5wwQsXA2WvEeWvwmJzTfvw8LziCFQRZTF9DHkwgHtFrKjfxKNl","තිත්තගල්ලේ හමුදුරැවෝ ගැන ගොඩාක් අවස්ථාවල  මට ලොකු පැහැදීමක්  තිබුනා හැබැයි දැන් ටික ටික තේරනවා මෙ හමුදුරැවොත්  ඤනසාර  හමුදුරැවන්ගේ තවත් කෙනක් කියලා"
"Wasantha Wasa","https://www.facebook.com/wasantha.wasa.16100","Chiwarayak dagena desa palanaya karanna puluwanda  vithrak kiyapanko thopi siuru dagaththta sure watiksma danne"
"Upali Dayarathna","https://www.facebook.com/upali.dayarathna.96","hema deyakma neethiyanukulawa siduwenawa.me nadudiha apasu herilabalnna pahugiya rajayawal me hema naduwakma yataghala thibuna ewa. Dan rajyen niladarinta balapem nethi nisa hema deyakma hodin.rajayen sahanayak hari samawak hari ganna hari balaporoththuwak thiyenawanam eka chadipart eke illuwoth lebeida.siurata muwawela desapaluwo passe gihin weradi weda karana hamuduruwonta Hera me rate sasananaya wenuwen weda karana Garu swamin wahnselata rajaye purna anugrhaya thiyenawa"
"Anura Alahakoon","https://www.facebook.com/anura.alahakoon.996819","Mokada parajeka nathuwa hoda bafu karaya kiyala danno dannawa nikan walalenta dagaluwata saSane kauda kiyala penawa"
"Ranga Malinda","https://www.facebook.com/ranga.malinda.79","දෙන්න එපා කාලකන්නියට ඇප ජනපතිතුමනි"
"Sandun Kumara","https://www.facebook.com/sandun.kumara.491636","ඥානසාරගේ සිවුර ගලවද්දි කෑ ගහපු ඇත්තෝ  පල්ලෙගම 8 වසර දැරිය ඇදට ගද්දී නිහඩ වූවාය 😌🙏"
"Thilak Udayakumara","https://www.facebook.com/thilak.udayakumara.1","උසාවි තීරණයට ගරු කරනවනම් පුක දෙන්නැතුව හිටපං"
"Didula Thevin Amarajeewa","https://www.facebook.com/lalith.amarapaala","සිවුරු ගලවලා ව්‍යායාම කරමුත.😂"
"Mallawarachchi Thilak","https://www.facebook.com/mallawarachchi.thilak.9","සිව්වනක් පිරිස ඕවට එන්නේ නෑ ඒ වරමට අව්‍යාජව පත්වූවෝනම්."
"Pashantha Dilif","https://www.facebook.com/pashantha.dilif","@එ"
"Thilak Kankanamge Thilak","https://www.facebook.com/people/Thilak-Kankanamge-Thilak/pfbid0xiwZPHTrRJzjazegL9XW4eMKvc9QarPMHGhJYHoRPYjfEafnTBYK8nRCR41gbvRJl","සක්තිය ලැබෙවා"
"Chathura Eranda","https://www.facebook.com/chathura.eranda.376","Paduwe hitapa"
"Ranjith Ranjith","https://www.facebook.com/people/Ranjith-Ranjith/pfbid0q4ZkkdSttHYQ8JsfxBWXTeeNw4LHogr7S2fRVMfU48tkq4VJF59nRk3uNu6F7tZjl","අපි ලෑස්තියි ඔ්නම දේකට අපේ හාමුදුරුවනඅ ජයෙන් ජය"
"Senura Lakshan","https://www.facebook.com/senura.lakshan.710","Mun genat hoyala balanna wei mokada meunkade yanne horunta ජාතිවාදී  sussanaeunta"
"Nandana Wijekoon","https://www.facebook.com/nandana.wijekoon.952903","ජනාධිපති සමාව කියල දෙයක් දැන් නෑ ඕකෙන් හැමදාම නිදහස් කලේ පට්ට හොරු පමනයි මාලිමාවට ජනතාව චන්දෙ දුන්නෙ මගුල් නටන්න නෙමෙයි උඹ ඔලුවෙන් හිටගෙන කීවත් වැඩක් වෙන්නෙ නෑ තිත්තගල්ලයො"
"Jayantha Wickremasinghe Wickremasinghe","https://www.facebook.com/jayantha.wickremasinghe.wickremasinghe","Mun thamai rata kewe den enawa wedi nana kiyanna nidan hora"
"Suriya Bandara","https://www.facebook.com/suriya.bandara.753305","Api.assan.karNna"
"නිවන් උදෙසා","https://www.facebook.com/people/%E0%B6%B1%E0%B7%92%E0%B7%80%E0%B6%B1%E0%B7%8A-%E0%B6%8B%E0%B6%AF%E0%B7%99%E0%B7%83%E0%B7%8F/pfbid0RZWmy8bmuRC1qqVRWzUSiik1peomgTpGssUE1JQ1im5DEahzTJuRvr1FFmz7TMgSl","කවුද රට බේරගත්ත රණවිරුවා කියන්නකෝ බලන්න හොරුන්ට කඩේ යන්න එපා ටොයිලට් හදන්න එපා හොරුන්ගේ සිවුරක් ඇඳගෙන බුදු හාමුදුරුවෝ හිටියනම් අඬනවාමේවා දැකලා"
"Sa Na","https://www.facebook.com/sa.na.386077","මූ නං රෙද්දි හම්බවෙච්ච එකෙක්ද කොහෙද මූණ දැක්කම කියන්න පුළුවන්"
"Rith N Shara","https://www.facebook.com/rith.n.shara","ube ammagen aha pana mulinma"
"Hasun Himansa","https://www.facebook.com/hasun.himansa.2025","උසාවි teenduwak deelada සිරුර ගලවලා උසාවි ගෙනාවේ"
"Senaka R Kumara","https://www.facebook.com/senaka.kumara.1829","අනිවාර්යයෙන්"
"Omesh Sd","https://www.facebook.com/omesh.sd.2025","ජරාවැඩ කරපුව මු කියන්නෑ නෙ බන් 😹💔"
"Isuru Pamal Maduranga","https://www.facebook.com/isurupamal.maduranga.18","අපි බෞද්ධයෝ… උපතින් බෞද්ධයෝ. හදවතින් බෞද්ධයෝ. බුදු දහම විශ්වාසයෙන් අදහන මිනිස්සු. 🙏☸️  අපිට බුදු දහම කියන්නේ දේශපාලන ව්‍යාපෘතියක්වත්, කෙනෙකුගේ පෞද්ගලික වාසියක් ලබාගැනීමේ මෙවලමක්වත් නොවේ.  බුදුරජාණන් වහන්සේ කිසිදා මිනිසුන්ට සොරකම් කරන්න, වංචා කරන්න, මිනිසුන්ගේ මුදල් සූරාකන්න, ස්ත්‍රීන්ට හිරිහැර කරන්න, මත්පැන් හා මත්ද්‍රව්‍යවලට ඇබ්බැහි වන්න, අපරාධ කරන්න හෝ දේශපාලන බලය පසුපස යමින් සමාජයට අයහපතක් කරන්න කියා දේශනා කර නැත.  ඒ වෙනුවට උන්වහන්සේ අපට උගන්වා ඇත්තේ සීලය, සමාධිය, ප්‍රඥාව, මෛත්‍රිය, කරුණාව, අහිංසාව සහ සත්‍යය යන උතුම් මාර්ගයයි.  එනිසා බුදු දහමේ නාමය භාවිත කරමින් වැරදි ක්‍රියා කරන කිසිවෙකුගේ ක්‍රියාවන් බුදු දහම ලෙස අපට පිළිගත නොහැක.  කහ සිවුරක් පොරවා සිටීම පමණින් බුදු දහමේ ආදර්ශයක් වන්නේ නැත. සීලයෙන්, ගුණයෙන්, නැණයෙන්, සංවරයෙන් සහ තම ජීවිතයෙන් ධර්මය පෙන්වීමයි සැබෑ භික්ෂුත්වයේ ගෞරවය.  අපි ගරු කරන්නේ එවැනි සිල්වත්, ගුණවත්, නැණවත්, සමාජයට ආදර්ශයක් වන උතුම් සංඝ රත්නයටයි. එවැනි උතුම් ස්වාමීන් වහන්සේලා සමඟ අපේ බෞද්ධ ජනතාව අදත් සිටිනවා… හෙටත් සිටිනවා… සදා සිටිනවා. 🙏  අපේ බෞද්ධ ජනතාව දුර්වල නැහැ. අපේ බෞද්ධ ජනතාව අන්ධ නැහැ. කවුද ධර්මය අනුව ජීවත් වන්නේ, කවුද ධර්මයේ නාමය භාවිත කරන්නේ කියලා හඳුනාගන්න තරම් බුද්ධියක් සහ අත්දැකීමක් අපේ ජනතාවට තිබෙනවා.  ඒ නිසා බුදු දහම දේශපාලන ව්‍යාපෘතිවලට එකතු කරගෙන, මිනිසුන්ගේ ශ්‍රද්ධාව තමන්ගේ වාසියට භාවිත කරන්න එපා.  බුදු දහම කිසිවෙකුගේ දේශපාලන පක්ෂයක දේපළක් නොවේ. බුදු දහම කිසිවෙකුගේ පෞද්ගලික ව්‍යාපාරයක් නොවේ. බුදු දහම අපේ හදවත්වල ඇති උතුම් ධර්ම මාර්ගයයි.  මිහිඳු මහරහතන් වහන්සේගේ ධර්ම දූත මෙහෙවරින් මේ ශ්‍රී ලංකා භූමියේ මුල් බැසගත් ඒ උතුම් බුදු සසුනට අපේ ගෞරවය සදා පවතිනු ඇත.  වැරදි කරන පුද්ගලයන් වෙනුවෙන් බුදු දහම වෙනස් කරන්නේ නැහැ. බුදු දහම වෙනුවෙන් අපේ ජීවිතය නිවැරදි කරගන්නවා.  අපේ ආදරයත්, භක්තියත්, ගෞරවයත් බුදුරජාණන් වහන්සේගේ ධර්මය රකිමින්, සීලයෙන් හා ගුණයෙන් වැඩ සිටින උතුම් සංඝ රත්නය සමඟයි. 🙏☸️  බුද්ධං සරණං ගච්ඡාමි. ධම්මං සරණං ගච්ඡාමි. සංඝං සරණං ගච්ඡාමි. 🙏"
"Ruwan Chandhana","https://www.facebook.com/ruwan.chandhana.3","ලැජ්ජ නැද්ද බං උඹලට අනුර කුමාර ගෙන් පොදු සමාව ඉල්ලන්න😆😄😓😓"
"Waduge L P Kumara","https://www.facebook.com/waduge.l.p.kumara.2025","මහින්දගේ හෙංචයියන්"
"Nayana Kuma","https://www.facebook.com/people/Nayana-Kuma/pfbid0KomXZ1mceS4xEBBXkHt19CeBpZPRsu49ycwczonbdVRn1AQzsVA2eqPtfer7rVLjl","🙏❤️🙏තෙරුවන් සරණයි 🙏"
"Velegedara Nevil Jayarathne","https://www.facebook.com/profile.php?id=100030273372420","අපි එනවා හාමුදුරුවනෙ ගම් පිටින්..🙏🙏🙏♥️♥️"
"Sumanasiri Weerathunga","https://www.facebook.com/sumanasiri.weerathunga","මේකා පිස්සෙක්  මෙයට තියෙන්නෙ JVP එකත් එක්ක වෙනම ඇරියස් එකක්"
"Ariyadasa Arma Badathuruge","","ජනාධිපති සමාව සමහර අයට සෑම ජනාධිපති කෙනෙක්ම දීල තියනව. ඒත් මේ වගේ තගදාල, ජනාධිපති සමාව ඉල්ලල නෑ කාටවත්. පාතාලෙ මිනිස්සුවත් මෙහෙම නෑනේ."
"Anoma Karunanayaka","https://www.facebook.com/anoma.karunanayaka.73","2018 jamparee adala හිටියේ  Muuu කොහෙද හිටියේ එතකොට"
"Nalin Roshantha","https://www.facebook.com/nalin.roshantha.71","පිස්සු"
"Ruwan Ruwan","https://www.facebook.com/people/Ruwan-Ruwan/pfbid0eg45FkDNueMZYkSK3k2ULN9mcp8TuVrW77o7gr3x5T4LnReuQTowYpCVwLxjXGeEl","අනේ පකෝ"
"Skf Amithirigala","","Pinbathek"
"Priyantha Jayasinhe","https://www.facebook.com/people/Priyantha-Jayasinhe/pfbid0peeZvFAFa3zrVp8iScF4Yb5XyA1usvU8G5QWdsrj4Hi29JQRWDsR6SPtF5MhTbzSl","අනිවාර්යයෙන්  අපේ හමුදුරුවේනේ"
"Ravi S R Ravi","https://www.facebook.com/jeff.aberion","ඉස්සර වෙලා උඹ මහණ වෙයන්"
"Mahee Dimuthu","https://www.facebook.com/mahee.dimuthu.5","මූටත් ඥානසාර බලන්න ඇතුලට යන්න ඕන වෙලා🤣🤣🤣😂"
"B Sujeewa Hemantha","https://www.facebook.com/people/B-Sujeewa-Hemantha/pfbid02xwHHcCVKjY8yLiop3FiYcinqpNpKweLUtWU4N8LRNx4j8DsN3N2nemXwVezwkVQfl","Pissuda yko munta dewalawala pujawal thiyanawalu. Ane manda pansalwalata giya kala...."
"Niluka Surangani","https://www.facebook.com/niluka.surangani.31","Pala pala"
"Mahinda Sarath","https://www.facebook.com/mahinda.sarath.592863","උබත් යන්න ලගයි"
"Mathmini Wasana","https://www.facebook.com/mathmini.wasana","ඇයි සිවුර  දාගෙන මේ වගේ ජරා වැඩ කරන්නේ දානේ කාලා  හිටියානම්  හොදයි නේද පවු නොදීයී සිවුර දාගෙන රාජපක්ෂලාට  කඩේ ගිය එක තමයි  කරේ   බලු වැඩ කරපු තරමක් සාසනේ කෑවා 😂😂😂"
"Suresh Silva","https://www.facebook.com/suresh.silva.491842","රනවිරු කතාවක් නෑ උසාවියෙ වාචාල කමට කෑගකන්ඩ ගිහින් තමා ද්න්ඩුවම් දුන්නෙ ,"
"Nsk Nsk","https://www.facebook.com/people/Nsk-Nsk/pfbid02nSeqoViE6GUCkkwaw4XiTay8ibcCX1MR1UMsLXTDuXiCG96iqeiUzAp2RuYh9Rdjl","මේ පාකයාගේ මූණේ හැටි වෛරය පිරිච්ච මූ නම් මුන්න ඉතින් මේ රටට ධර්මය දේශනා කරන්න එන කාලකන්නි පරයෝ"
"Richat Sampath","https://www.facebook.com/people/Richat-Sampath/pfbid0eSjH7nVmopZ8rZLw5eWsKHhhWdaUn3ARg2paFfEyEXy9EMMPDtpuoP9jybUvdpj2l","සාදු සාදු 😁"
"Rama Nayaka","https://www.facebook.com/people/Rama-Nayaka/pfbid02tXBcvwdphqwoAEuUZRhsbNJs3utF6iQBnTfy65VCby7dvv7WE8ZLeU3L7TFPy4Axl","මුන්ගේ අම්මලා ළමයි හදලා කන්න අදින්න දෙන්න බැරිවෙනකොට මහන කරාම මුන් වගේ එවුන් තමයි සිවුරේ ඉන්නෙ එහෙම නැතුව මහන උන සාමින් වහන්සේලා බණක් බාවනාවක් කරගෙන සමාජෙට හොද නරක කියාදිලා පන්සල් වල ඉන්නවා මුන් හොර ගනයෝ"
"Anura Krishantha","https://www.facebook.com/anura.krishantha.7","තෙරැවන් සරණින් අපේ හාමුදුරුවන් නිදුක් නිරෝගී වේවා ඔබ වහන්සේගේ"
"Darmadasa Ranasinghe","https://www.facebook.com/people/Darmadasa-Ranasinghe/pfbid0GyBufbPFbMxgze3Txh5kCjQU1JAAvbWqf1KVWEVzme8X6FNxzvMRQ9wY3MWSwPPSl","මේ උන්නාන්සේ නිසා සමාව නොලැබෙන ලකුණු"
"Saman Jayasinghe","https://www.facebook.com/people/Saman-Jayasinghe/pfbid02UVzP4Gqof3aFJyWvmzM16RfmCoZdSs1aLBsTihSz6U6fK5c9gdTeyAAS6fekihzpl","🔴  අනිවාර්යයෙන්ම....  සිංහලයිනි පක්‍ෂවලට බෙදිලා හිටියා දැන් ඇති....උබලට ලොකු පක්‍ෂද... නැත්නම් ජාතිය සම්බුද්ධ ශාසනයද....  බෞද්ධ විරෝධී අන්‍යාගමිකයන්  සහ  ඔවුන්ගේ නායකයන් මේ නිරාගමික ආණ්ඩුව සමග කුමන්ත්‍රණයක යෙදෙමින් සිංහල නායකයන්ගේ නම කැත කිරීමට හොරු හොරු යනුවෙන් සමාජගත කරමින් ඇත...  බෞද්ධ විරෝධී කුමන්ත්‍රණකරුවන්ට අවශ්‍ය සිංහල බෞද්ධයන් එලෙස  දිගටම පක්ෂ  වශයෙන් බෙදලා තියාගෙන මේ රට ඔවුන්ගේ අරමුණ එනම් සර්වාගමික රාජ්‍යක් කරන්නයි..... ඔබලා මේ කුමන්ත්‍රණකාරී ප්‍රෝඩාකාරී ලෙස  හැකර්ලා පිට  දමා මහජන මුදල් අමුඅමුවේ මහ දවල් හොරාකන ආණ්ඩුවට  තවදුරටත් රැවටෙනවාද...."
"Nishshanka Sudu","https://www.facebook.com/nishshanka.sudu9","තොට අර ළමයි දුෂණය කරද්දී  කෝ ඒ අපරාදේ වෙනුවෙන් කාට ආරියා"
"Priyantha Withanage","https://www.facebook.com/priyantha.withanage.833741","විශ්වය කියලා කියන්නේ ලෝක නියාමනයේ Admin එක. ඕනෑම දෙයකට පරිපාලනයක් සහ විනයක් තියෙනවා. විශ්වයටත් තියෙනවා වෙනම පරිපාලනයක් (Admin එකක්). ඒ වගේම විශ්වයටත් තියෙනවා රීති මාලාවක්.  උදාහරණයක් විදිහට ආකර්ෂණයේ නීතිය, ක්‍රියාවේ ප්‍රතික්‍රියාවේ නීතිය, ආකල්ප උපකල්පන නීතිය වගේ දේවල්. මේ රීති මුළු මහත් මනුෂ්‍ය සංහතියටම කිසිම තරාතිරමක් නොමැතිව පොදුයි.   ඒ වගේම තමා රටක් ගත්තහම. පරිපාලනයක් (Admin) තියෙනවා. සිවිල් සහ සිවිල් නොවන නීතියක් තියෙනවා.   බෞද්ධ භික්ෂුන් ගත්තහම, එයාලට වෙන වෙනම ආවේණික නිකායක් තියෙනවා. ඒවට අදාළ විනය රීති සමූහයක් තියෙනවා. ඒ භික්ෂූන්ට අදාල නීති ඒවා නිකායික නායක කාරකාදීන් සහ සංඝ අධිකරණයන් විසින් බලා ගත යුතුයි.  රජය, ආණ්ඩුව සහ ආගම කියන්නේ සහමුලින්ම වෙනත් ආයතන දෙකක්. මේ දෙක එකිනෙකට පෑහෙන්නෙ නැහැ, යාවෙන්නේ නැහැ. සහමුලින්ම වෙනත් වෙනත් අරමුණු මත තමයි ආගම සහ ආණ්ඩුව රැඳිල තියෙන්නේ.  රටක ආණ්ඩුව/රජය වගකියන්නේ ලෞකික සමාජයකට විතරයි. දැන් මේ වෙනකොට ලෝකයේ බොහෝ මානව හිතවාදී රටවල් සිය ප්‍රධාන ආණ්ඩුක්‍රම ව්‍යවස්ථාවලින් ආගම කියන එක සහමුලින්ම ඈත් කරලා එයාට ලෞකික රාජ්‍යයක් විදිහට කටයුතු කරනවා.  මේ ලංකාවටත් වෙන්න ඕනේ ඒක. මම විශ්වාස කරනවා අනුර කුමාර දිසානායක ඒක කරයි කියලා. හාමුදුරුවන්ගේ මාවත වෙනස්. එයාලා ගිවිසගෙන තියෙන්නේ රට පාලනය කිරීම හෝ ඊට උපදෙස් දීම නෙවෙයි. එයාලා එයාලගේ පෞද්ගලික විමුක්තිය වෙනුවෙන් කටයුතු කළ යුතුයි.  මිනිස්සු හාමුදුරුවන්ට දානෙ දෙන්නේ ඒ වැඩේට. දන්න කියන කාලේ ඉඳන් වතු-ගිරි-පුර-රාම නිකායට අයිති බෞ්ධ seniors ල රජයට උපදෙස් දෙන්න ගිහිල්ලා, දේශපාලනයට මැදිහත් වෙන්න ගිහිල්ලා රට ගොඩ ගන්න බැරි තරමටම නරකයක් වෙලා තියෙන්නේ.  දැන් හාමුදුරුවන්ගේ නිකායික යාන්ත්‍රණයක් තියෙනවානේ. ඒ වලට නායක වෙච්ච වතු-ගිරි-පුර-රාම  කඳවුරු තියෙනවා. එතකොට ඒ කඳවුරැ  වල ආගමික නායකයෝ මේ ඥාන සාර, භද්‍ර සමන්ත, නිවා තාප, තිත්ත ගල්ලෙ වගේ ත්‍රස්තවාදී වගේ ශාස්තෘවරයාගේ නාමයෙන්, මේ සංඝ පාතාලය මෙහෙයවන, money laundering කරන කස්ටිය ගැන නිකායක ආගමික නායකයො මේ පිළිබඳව මුනිවත රකිනවා.   ඉත්ම් මේ දේශපාලනයට සහ නිවැරදි බෞද්ධ ආගමික භාවිතාව නොවන කුණාටුවට අහුවෙච්ච මරිමෝඩ,  අහිගුණ්ඨික, බත්බැල සැදැහැවතුන්ට, අනුගාමිකයන්ට, බැතිමතුන්ට සහ ගෝල බාලයින්ට මේ වැරදි කසාවත පිළිබඳව මාරම මාර අන්ධ භක්තියක් තියෙන්නේ.  ඒ නිසා මතක තියාගන්න, මේ අනුර කුමාර ඇතුළු නිර්ධන පාන්තික, සම සමාජ නිදහස් මනුෂ්‍ය මිටියාවක් තනන්න ගිවිසගත්ත මිනිස්සුන්ට මේ ඥාන සාරලා, තිත්ත ගල්ලෙලා, නිවා තාප ලා වතු-ගිරි-පුර-රාම නිකායික ඩයප්පෝරාවන් මහ ලොකු පොරවල් නෙවෙයි.   එනිසා මේ ඕනෑම බෞද්ධ ආගමික පූජකයෙක්, තම තමන්ගේ ස්ව පෞද්ගලික විමුක්තිය වෙනුවෙන් මිනිස්සුන්ගේ කෑම ටික වළඳලා පැත්තකට වෙලා පාඩුවේ තමන්ගේ නිවන හොයාගෙන යා යුතුයි.  සාමාන්‍ය පොදු සිවිල් සහ නොවන නීතියට පටහැනිව කටයුතු කරන ඕනෑම වර්ගයේ පූජකයෙකුට ජම්පරය ඇන්ඳවීම සඳහා රජය පසුබට වෙන්නේ නැත. කුමන හෝ නිකායක වර්ගයට අයත් ආගමික බෞද්ධ පූජකයෙකු පවතින නීතියට විරුද්ධව කටයුතු කරයි නම්, රජය ඊට අයිති නීති ප්‍රකාරව කටයුතු කරනු ඇති. රජයකට සිවුර අදාලම නැත. පරාජිකා කර සිවුරු ගලවා දැමීම පිළිබද ගැටලුව අදාල නිකායික නායකයන් සහ සංඝ අධිකරණයන් විසින් වග බලා ගත යුතුය."
"Channa Karunarathna","https://www.facebook.com/channa.karunarathna.3","හ්ම්ම් හ්ම්ම්"
"Janith Madhusanka","https://www.facebook.com/janith.madusanka.9828","අනේ #ක"
"Pelawatta Supeshala","https://www.facebook.com/pelawatta.supeshala","යකෝ මේ මඤ්ඤං ද   ඔය කැ ගැහුවට   වැඩක් නැහැ       වැරැදි උසාවියට ඔප්පු වෙලා තියන නිසා  දඩුවම් විදින්න වෙනවා    අනික වැරැදි කාරයෝ එලියේ ඉන්න  කොට   වැරැදි කරන අයටත්  හරිම ලේසියි  වවැරැදි කරන්න"
"Lal Kannangara","https://www.facebook.com/people/Lal-Kannangara/pfbid0N68Y5QsMzRDGRbxUrM7YwgSqVCjVBDPKnCQW8216TcSWCvQFZY8kCXhaDRHJRkefl","Kawdada. Anna. Rathnapura   Abelepeteya. Pathha"
"Asela Gunasekara","https://www.facebook.com/asela.gunasekara.79","කාලකණ්ණියෝ චීවරය දාගත්ත නම් සසරින් මිදෙන්න බලපන්, මේ පරයට සල්ලි හම්බවෙන්නේ බුදුදහම ට නොගැ පෙන් වැඩ කරලා ඒවා page වල දැම්ම"
"Chandra Vijecoon","https://www.facebook.com/chandra.vijecoon.7","Sadu Sadu Sadu jaya niyathai hamuduruwane theruwan saranai"
"Madushanka K Bandara","https://www.facebook.com/mkumara.bandara","මූ මෙච්චර කෑගහන්නෙ මුටත් නඩුවක් ඇති"
"Saminda Samanpriya","https://www.facebook.com/saminda.samanpriya","Barinm marenta tamayi kiyanta wenna"
"Amarasingha Menika","https://www.facebook.com/people/Amarasingha-Menika/pfbid02pCmJizPW7jFUtdu8aANuPVzDTmAmYQfuBFPUKHCav4hBMU5RDCsUNqaFRTbbPV2jl","අනේ උන්වහන්සේත්ධර්මයවිකෘතිකරකර පාටිවල නටනටා ශාසනය කනවනෙ"
"Danushka Nuwan","https://www.facebook.com/dnu.maxx","Mu waradi karanakota kiyanda tibunane ubalata eda bila wahana happala manusyekge kakula kaduwa kala kanni apidenna mewata waradi karanam daduwama denda one"
"Malaka Gunathilaka","https://www.facebook.com/people/Malaka-Gunathilaka/pfbid0hCcXYVRpwTAuUTKaWniTo2h9AuiTmvGmBaCTocZPVf4SbKtboBhwDAd5WpEvX9URl","Palaganya yanta monawada danna."
"Senevirathne Bandara","https://www.facebook.com/senevirathne.bandara","නාමල්ට කඩේ යන සිවුරක්."
"Nilu Nilu","https://www.facebook.com/people/Nilu-Nilu/pfbid02Wj5PXpwQzMms3XRu4XkHfNWPYEncTVEGSdJV5A9wXHKVC9cmYggc83dEJLN7Nz4Hl","තෙරුවන් සරණයි"
"Patty Kumudu Chandra","https://www.facebook.com/pattykumudu.ahtidiya","උඹල පිටරට ගිහිල්ලා දාපු පාටි ඔක්කොම අපි දැක්කා ගෑනු බදාගන්න නටනවා"
"Kumari Kwt","https://www.facebook.com/kumari.kwt.9210","උබගේ කැරි බන  අපිට එපා බුදු බන කියපන් අහගේන ඉන්න"
"Wimalasiri Galgamuwa","https://www.facebook.com/people/Wimalasiri-Galgamuwa/pfbid02ARFBz484XKGBZe1jw6fQtcQaFpjj6GK4idEiJFZtEdU4FAXQQV827z26mxmN9yGkl","Supri supi hamudruwane"
"Alex Malan","https://www.facebook.com/alex.malan.581","රාජපක්ෂලගේ ගූ කාපු තව එකෙක්."
"Ranga Pradeep Kahanda","https://www.facebook.com/ranga.pradeep.kahanda","සයිකො ඩයල්"
"Samanmali Gunasekara","https://www.facebook.com/priyantha.gunasekara.79801","බුදුු හාමුදුරැ වන් ගෙන් උපසම්පදාව ගත්ත්තනමි. මෙහෙම නෙමෙයි . කාගෙන්වත් උපසම්පදාව ගන්න බැ. සබිබ පා පස්ස අකරනන් කුසලස්ස උප සමිපදා සචිත්තක පරියෝ දපනං ඒතං බුද්දානු සාසනං තුරැනුවන් සරන. ...අනුගේ දෙයක් ගත්් විට . දෙන්න වෙනව ආපහු . හැබැයි බුදුු හාමුදුරැවෝ දුන්න උපසම්පදාව  කවදාවත් කවුරැත් ඉල්ලන්නෙ නැ. මොකද. ඉල්ලන කෙනාට. දෙන්නත් බැ. ....උපසම්පදා වෙන්න මග දෙසන්න පුලුවන් ."
"Karuna Nanayakkara","https://www.facebook.com/people/Karuna-Nanayakkara/pfbid021P37xV2xBwmnjz4kCvGbP44CZ9G4qS6g2vuDPER19YWTiBYDzbWtuW2heST7jMqnl","එහෙමයි හාමුදුරුවනෙ"
"Nihal Abesiri","https://www.facebook.com/people/Nihal-Abesiri/pfbid022qtkxipjhD3vKKkr9gY9ppw4UXEnwFRLryNXoaS8Hq4FaFSoVx7VFUmq8Ju5phvZl","Kuda.my.yaka"
"Chathuka Deusith","https://www.facebook.com/profile.php?id=61580529317957","Anea ban boruwata ka Gahanna apa labba bahi. Vi"
"Kumara Chandana","https://www.facebook.com/people/Kumara-Chandana/pfbid02F2UwhyxaFAisEG1Yz6xFag4B8o3Xg9yg3tWtqVhcZZCWM2Wi2jYokTTRKDvSM6xkl","janadipathithuma  mahanayaka hamuduruwaru raskarala pahadili karala dunna neda oyaa pissu natuwata wadak wenne na"
"Jayasri Nawarathna","https://www.facebook.com/people/Jayasri-Nawarathna/pfbid0eEHBUgTTyRfH15xahYjQUqWdrwjS3Vn4RKoVAZRti6MGsHJmbna5zQVXmkbxX7uRl","අනෙ දේශපාලනය නෙමෙයි. බුද්ධ ශාෂනයෙ පැවදි වෙලා අන්‍යි මෙනෙහෙයි කරමු නේද?"
"Ruwan Bandara","https://www.facebook.com/ruwan.bandara.424481","Unath Danna one athulata rata kana parayo"
"Roy PG","https://www.facebook.com/people/Roy-PG/61577993243162","අනුරට තග දාල සමාව ඉල්ලන්නේ"
"Ajith Kumara Kumara","https://www.facebook.com/people/Ajith-Kumara-Kumara/pfbid02sbTCbEJhx4o7ubPSXKNG4obMSuGk2bCLEW6mWEcDgkVoY9KTfugXh8ukXuxFVuJtl","Gon huththek mu"
"Priyantha Disanayaka","https://www.facebook.com/people/Priyantha-Disanayaka/61585865618899","ඔකා දඩුවන් ඉවර වෙනකම් වැලිකඩ තියන්න ඔනි"
"Vijithaha Sehan","https://www.facebook.com/people/Vijithaha-Sehan/pfbid02taEyecmWhd2U6nV71w5EBeaVGQjwwVMpZRNcuJLQ1cKRbpweWwN2K2zwt1pHke7Ul","to  gu kana harakak"
"Asanka Kumara","https://www.facebook.com/asanka.kumara.490337","Meyath illann kanakan thiyenaa amaruii waa"
"Nihal Weerasinghe","https://www.facebook.com/nihal.weersinhe","ඉතිං.ඹය.බොරු.කියවන්නෙ.නැතිව.නඩු.තීන්දුවට.විරුද්ධව.උසාව්.යන්නකො.දෙවියො.ඹිව.අහන්නෙනෑ.මොකද.දෙවියො.තමයි.බුදුන්ගෙ.පලමු.ශ්‍රාවකයා එයාලට.දිවසිං.පේනව.ඹහෙල.මේරටේ.අහිංසක.ම්නිස්සු.රවටනව.කියල."
"Gamage Hemasiri","https://www.facebook.com/gamage.hemasiri.2025","Definitely  should be  released"
"Palitha Galagedara","https://www.facebook.com/palitha.galagedara.71","බුදුන්ගෙ කාලෙත් හිටියා දුක්ශිල භික්ෂූන්  එහෙනම් මේ කාලයේ දුකශිලයන් ගැන පුදුම වෙන්ට දෙයක් නැහැ..නි්තිය දහමටත් උඩින්"
"Ariya Dasa","https://www.facebook.com/people/Ariya-Dasa/61583115427230","සාදු.සාදු.සාදු 🪷🙏🪷"
"Chalinda Priyashanka","https://www.facebook.com/people/Chalinda-Priyashanka/pfbid0eKCDhoRKkTQiyWSjvSWcqD2vU4nHYaVWFyBsCDx81BjiuTTuR3293NVJ2fbVU84kl","හාමුදුරුවන්ට වචනෙකින් හරි රිඇක්ෂන් එකකින් හරි අපහාස කරන උන්ගේ දෙමාපියන්ට සහ දරුවන්ට හෙණ ගහනවා සත්තයි!!!!!!"
"Dharshana Perera","https://www.facebook.com/dharshana.perera.568485","ඕක තමයි බුදුන් දේශණා කරේ මාගේ සාසනේ විනාශ කරන්නේ චීවරය ධරාගත්ත සංඝ ප්‍රතිරූපකයන් බව. දැන් බුකිය බැලුවාම ප්‍රතිරූපකයන් කොච්චර ඉන්නවද කියලා බලාගන්න පුලුවන් ."
"Jagath Kumara","https://www.facebook.com/jagath.kumara.96155","නුඹලාට බුදුහාමුදුරුවන්ටත් වඩා නානසාර හාමුදුරුවෝ වටිනවාද ? බුදුහාමුදුරුවෝ නේද වටින්නේ ? එහෙනම් නානසාර හාමුදුරුවන්ගේ චීවරය ගැලවීම ගැනත් කතා කරමු ඊට කළින් සිදුහත් කියන්නේ මොකෙක්ද ? ගෑණි සමඟවත් ඉන්න බැරි එකෙක්ද කියලා අහන දිලිත් ජයවීරගේ කතාව  ගැන කතා කරමු"
"Lohan Prasanna Bandara","https://www.facebook.com/lonthapol.bandara","මේ පිලිබඳව මෙතරම් විද්වතුන් ,උගතුන් ,නීතිඥයන් ,භික්ෂුන් වහන්සේලා මුහුණුපොතේ ,පාරේ උද්ඝෝෂණ කරන අතරේ,කිසිම කෙනෙක් නීතිමය ක්‍රියාමාර්ග නොගත්තේ ඇයි කියලා පොඩ්ඩක් හිතුවද ? පූජ්‍ය ගලගොඩඅත්තේ ඥානසාර හිමියන් අත්අඩංගුවට ගැනීමෙන් පසු උන්වහන්සේට සිවුර ඉවත් කරවා බන්ධනාගාර නිල ඇඳුම ලබාදීම සම්බන්ධයෙන් සමාජය තුළ සහ නීති ක්ෂේත්‍රයේ දැඩි කතාබහක් නිර්මාණය වී තිබේ. මෙම ක්‍රියාවලිය නීත්‍යානුකූල නොවන බවට මත පළවන පසුබිමක, ඊට එරෙහිව අධිකරණය හමුවට යාමට ඇති හැකියාව සහ නීතිමය ප්‍රතිපාදන පහත පරිදි වේ: ​1. මූලික අයිතිවාසිකම් නඩු (Fundamental Rights Petitions) ශ්‍රී ලංකා ප්‍රජාතාන්ත්‍රික සමාජවාදී ජනරජයේ ආණ්ඩුක්‍රම ව්‍යවස්ථාවේ 12(1) වගන්තිය යටතේ නීතිය ඉදිරියේ සමානාත්මතාවය සහ 10 සහ 14 වගන්ති යටතේ මූලික ආගමික නිදහස උල්ලංඝනය වී ඇති බව පවසමින් ශ්‍රේෂ්ඨාධිකරණය හමුවේ මූලික අයිතිවාසිකම් නඩුවක් ගොනු කළ හැකිය. බන්ධනාගාර අතිරේක රෙගුලාසි හෝ බලධාරීන්ගේ ක්‍රියාමාර්ග මඟින් ආගමික චාරිත්‍රවලට සහ භික්ෂු ප්‍රජාවගේ මූලික අයිතිවාසිකම්වලට හානි කර ඇත්නම්, එය අභියෝගයට ලක් කිරීමට මෙමඟින් අවස්ථාව ලැබේ. ​2. රිට් ආඥා (Writs) සහ අභියාචනාධිකරණ පිවිසුම න්ධනාගාර දෙපාර්තමේන්තුවේ හෝ අදාළ බලධාරීන්ගේ බලතල ඉක්මවා යමින් හෝ නිසි නීතිමය ක්‍රියාපටිපාටියෙන් තොරව (Ultra Vires) මෙම ක්‍රියාමාර්ගය ගෙන තිබේ නම්, අභියාචනාධිකරණය (Court of Appeal) වෙත Mandamus හෝ Certiorari වැනි රිට් ආඥාවක් ඉල්ලා පෙත්සම් ඉදිරිපත් කළ හැකිය. මෙහිදී අදාළ බලධාරීන් ගත් තීරණය නීති විරෝධී බවට නියෝගයක් නිකුත් කරන ලෙස ඉල්ලා සිටිය හැක.එසේ නොකර මේ සංදර්ශන ,ප්‍රකාශ ,ඇයි ???"
"Sanjeewa Kumara","https://www.facebook.com/people/Sanjeewa-Kumara/pfbid0E57a6TCzzP1V5dTjFntaGi97LjZeZdWc4xywNrCtzg9p5YGMbETxo47kEcyynauNl","Sakkiliya nidan hora"
"Krishantha Anura","https://www.facebook.com/krishantha.anura.58974","තෝ.   නිතියට.  ගරෑ. කරපන්"
"Samel Sereen","https://www.facebook.com/gs.sen.543","අනිවාර්යයෙන්ම"
"Thilak Thilak","https://www.facebook.com/thilak.thilak.13564","හමුදුරුවනෙ නිවදිම  තැන  ඔබ  වහන්සෙ  හිටගත්තෙ  අපට  වැරදුනා  සමාවෙන්ණන  දිවිහිමියෙන්  මම  ඔබ  වහන්සේ  සමග  දිවුරා  පොරොන්දු  වෙමි  කල  නොහැක්කක්  නොමැත"
"Ranjith Priyantha","https://www.facebook.com/ranjith.priyantha.503092","උබත් පන්සලේන් ඒලේඋව ඒකේක්නේද"
"Panna Nandha Himi","https://www.facebook.com/viharahdhipathi","පැවිදි  වීමට කැමති තරුණයෝ ලක්ෂයක් පමණ සසුනට එක් වීපැවිදි වීම.. ඕනෑම විහාරස්ථානක, ආරාම. ආරණ්‍ය සේනානායක. අසපුවක මෙන්ම ඕනෑම නිකායක.ඕනෑම දිනයක බුදු සරණයි"
"Samara Sara","https://www.facebook.com/people/Samara-Sara/pfbid0385w6exkEgT5Hfob24FrutXjhevVpSQoNe8hVQXWYXwmm8dKNSRLRtQuorSfwsszal","මේ අවස්ථාවේ දී ඉතාමත් වගකීමෙන් යුතුව ප්‍රකාශ කරනවා සජිත් ප්‍රේමදාස ප්‍රමුඛ සජබයේ කණ්ඩායම මේ විරෝධය ට කිසිසේත් ම සහභාගි කර නොගන්නා ලෙස ඕනෑකමින් ඉල්ලා සිටිමු. මන්ද දිගින් දිගටම පසුගිය වසර දෙක පුරාම  මතුවූ ආණ්ඩු විරෝධී ජනතා විරෝධතා හමුවේ සජිත් ප්‍රේමදාස ප්‍රමුඛ සජබයේ කණ්ඩායම  හැසිරුන  දෙබඩි සහ ගුප්ත හැසිරීම පිළිබඳ  ජනතාව තුළ ඇති පිළිකුල දිනෙන් දින ඉහළ යන බව ද  අවසන් වශයෙන් 22 ට එරෙහි 24 විරෝධය  ආණ්ඩුව ඉදිරියේ පාවාදුන් නරුම විකෘති කාලකණ්නි හැසිරීම පෙන්වා දීමට කැමැත්තෙමු. ඒ නිසා  ඉතා ඕනෑකමින් ඉල්ලා සිටින්නේ සජිත් ප්‍රේමදාස ප්‍රමුඛ සජබයේ කණ්ඩායම ජනතා උද්ඝෝෂණ වලට සහභාගී කර නොගන්නා ලෙස ඉල්ලා සිටිමු"
"Rin Fatima Rin","https://www.facebook.com/rin.fathima.5","Agama wenuwen penihitinawa kiyala jathiwada aussapu weda thami ohu kale.namuth ohuge siwra galawa sir Agatha kerima Mata maha dukak gena dunna...ema post eka dakka gaman mage dehata kandulu enuwe ma nodanuwai.man siwrata garukarana kenek nisa ohuta siwra galawa  serakerima man hela dakinawa...🙏"
"Selvakumar Kamal Nathan","https://www.facebook.com/jaiy.harish.9","සිවුර ගලවපු විදිහ හරිද වැරදිද කියල වැලලෙන්න එපා සිවුර ගලවන්නෙ නැතිවෙන්න සිවුරෙ ගරුත්වය රැකෙන විදිහට ජීවත් වෙන්න කියපල්ලා."
"Sarath Arthanayake","https://www.facebook.com/sarath.arthanayake.3","ජෙප්පො නෙමේ නිඝන්ථයො මේ නීති හදල තියෙන්නෙ මෙච්චර කල් රට පාලනයකල  h ත්තමයො"
"Laksitha Bandara","https://www.facebook.com/laksitha.bandara.975259","Daiynta keyana mokatada budu saduta keyanna apana"
"Manthilaka Arachchilage Nilantha","https://www.facebook.com/people/Manthilaka-Arachchilage-Nilantha/pfbid02CDS1BQ94BmTZEiHTT926dytvDUtu1nTq4H2yn77yd5J2T2X8boLFUjH8JyayyzX9l","Army kauru hari weradi kaloth weradda weraddama thama munge gobba katha Dan kauda gilagila enna ponna ballo"
"Kalpa Nuwan","https://www.facebook.com/kalpa.nuwan.718","Sinhala jathiya wenuwen peni hitapu ape hamuduruwan wenuwen oba wahanse karana kapakirimata godak pin..."
"Piyal Piyal","https://www.facebook.com/people/Piyal-Piyal/pfbid01UwCfR3qupiQkghaVMMPqwsHBtBDajeqAVJnf1JT8S29oY9hFmeB9f1afiSVZaYzl","Ane pkoo"
"Randira Fernando","","මෙන්න නියම බුද්ධ පුත්‍රයෝ 🙏"
"Amila Virantha","https://www.facebook.com/amilavirantha","මාලිමාව ආන්ඩුවේ ගමන සමග දුෂිත දේශපාලුවන්ට පමනක් නෙමේ දුෂිත හොර චීවර දාරීන්ට ද දරාගත නොහැකිව  දැන් නලියනවා,"
"Kasun Wickramasinghe","https://www.facebook.com/kasun.wickramasinghe.382765","ජම්පරය ඇන්දුවා කියලා වැලපෙන්න කලින් අපි එක දෙයක් තේරුම් ගන්න ඕනේ. සිවුර කියන්නේ හුදෙක් රෙදි කෑල්ලක් නෙමෙයි, ඒක හික්මීමක් සහ ආත්මගෞරවයක්!  කවුරු මොන පදනමකින් උසාවි ආවත්, රටේ ඉහළම අධිකරණය ඇතුළට ගිහින් විනිසුරුවරුන්ට තර්ජනය කරද්දී, උසාවියේ බලයට අභියෝග කරද්දී ඒ සිවුරේ පූජනීයත්වයට වුණේ හානියක් නෙමෙයිද? ජාතීන් අතර වෛරය වපුරලා, මිනිස්සු කොටවලා, රට අඩපණ කරන ප්‍රකාශ කරද්දී ඒ සිවුරේ පූජනීයත්වය රැකුණද?  සිරගෙදරදී ජම්පරය අඳින්න වුණේ සංඝයා වහන්සේ කෙනෙක්ට නෙමෙයි, රටේ නීතිය කැඩූ, අධිකරණයට අපහාස කරපු, වෛරී ප්‍රකාශ නිකුත් කරපු ""වරදකරුවෙක්ට"". නීතිය ඉදිරියේ ජනාධිපතිත් එකයි, සාමාන්‍ය මනුස්සයත් එකයි, සිවුර දාගත්ත කෙනත් එකයි. එහෙම නැති වුණොත් මේ රටේ නීතියක් කියලා එකක් ඉතුරු වෙන්නේ නැහැ.  සංඝරත්නයට ඇත්තටම ගෞරව කරන බෞද්ධයෙක් නම්, සිවුර පිටිපස්සේ හැංගිලා සද්ද දාන එකටයි විරුද්ධ වෙන්න ඕනේ, නැතුව වැරදි කරලා නීතියට අහුවුණාම ජම්පරේ ඇන්දුවා කියලා අඬ අඬා ඉන්න එකට නෙමෙයි. සිවුරේ ගෞරවය රැකගන්න ඕනේ උසාවිය නෙමෙයි, ඒක දාගෙන ඉන්න මනුස්සයාමයි!"
"Amila Priyankara","https://www.facebook.com/amila.priyankara.9615","මේ තට්ටයා විසාල කරදරයක් උනා.මූ කැපී පෙන්න මේ දගලන්නෙ."
"Sugath Wije","https://www.facebook.com/sugath.wije.54","Hora kahakadaya puka dee nasee malponnaya"
"Rukshan Muhandiram","https://www.facebook.com/shan.xz.3","පුකෙනනුත් හිනා"
"Hangili Gedara Amarasekara","https://www.facebook.com/profile.php?id=100002171943251","ගූගල්ලේ යක්ෂයා"
"Ravi Kumar","https://www.facebook.com/people/Ravi-Kumar/pfbid02S6Xeehghy1f34yFDAnSbACpiBAk34DEuZsCF3jYj1v881TRtY8oPq4mpUvgpr3okl","Thattayo Nisa janathawak vidina dukak affa. Noddakin"
"Jathunge Sugath","https://www.facebook.com/jathunge.sugath","හාමුදුරුවනේ  රටට අනිච්චාවත සංකාරා කියන්න තමයි වෙන්නේ."
"Bandara Gamini","https://www.facebook.com/bandara.gamini.810669","A kari ponna cheewara dariya tho kage guda kanne pako napunsaka awalan balla"
"Rupa Fernando","https://www.facebook.com/rupa.fernando.776041","මේ ඩයල් එක දෙසපු බනෙ හැටියට ඩයලෙක රහත් වෙලා ඉන්න ඔනෙ. ගිරවට වෙච්ච වැඩෙ තමයි තිත්තෙට වෙලා තියෙන්නෙ"
"Upul Nishantha","https://www.facebook.com/upul.nishantha.318802","හැමොම එකතු වෙන්න."
"Senavirathna DS","https://www.facebook.com/senavirathna.ds","Ane pala yanna kalakanni"
"Anusha Jayakodi Jayakodi","https://www.facebook.com/anushajayakodi.jayakodi.1","Voice cut deela mu pora wenna dagalanne. Ane huke wadak na yako"
"Pradeep Kumara","https://www.facebook.com/people/Pradeep-Kumara/61579947511333","sarira kuduwen eliyata avilla balapan oya hamuduru kenekda kiyala kathakaranne helme duwanna epa gihiyowge pinanna adina adumak adagena goda bima avidala pinanna puruduwenawa kiyala hithenne nedda thawama parakku nehe aththa therumganna hamuduruwru wela pau"
"Shahikala Nilushini","https://www.facebook.com/people/Shahikala-Nilushini/pfbid0xUR7UL5pwrjfJrhCnni5vqPhDibMdH1vyjZYYNxiK6Dh128bxyqfDqiAffHJSTXDl","Palayan pakayo"
"Dammika Lewkebandara","https://www.facebook.com/dammika.lewkebandara","සියල්ලටම  කලින්  ඔබවහන්සේලාගේ  විනය  හදාගත්තොත්  නේද? හොද. විනයක්  නැති තැන සාසනයේ පැවැත්මක් කොයින්ද? භික්ෂුව  තමාගේ සීමාවේ සිටියානම්  මේ කිසිදු  ගැටළුවක් naetha🙏"
"Kaniska Sampath","https://www.facebook.com/people/Kaniska-Sampath/pfbid02p6ycsV2YkWDMmoWPtf8megsZevkGnfULczsnvqTHZuFgSWgTX8rgjFv2CQGo6zp6l","අපේ හාමුදුරැවන්ට තෙරැවන් සරනයි"
"Samantha Aryasinghe","","සෞදි උන් උන්ගේ ආගමට දාපු facebook comment එකකට මෙහෙ එකෙක්ව මරන්න යනවා. ඒක එහෙට යවපු මුස්ලිම් සක්කිලි කිසිම නීතියක් නැතුව නිදහසේ ඉන්නවා. මුස්ලිම් ආගම මෙහෙ ආගමද.. උන්ගේ මගුලට වචනයක් කිව්ව කියලා මෙච්චර දගලන්නේ.. ලංකවද මේ සෞදි යද  නායක හාමුදුරුවොත් මුං මෙච්චර සක්කිලි වැඩ බුද්ධාගමට කරද්දී නම්බුවක්උ නැතුව උන්න්ගේ අට පිරිකරේ ලැජ්ජ නැතුව ගන්න බලන් ඉන්නවා. උන්ව වර්ජනය කරන්න හැකියාව තියෙද්දී"
"Vidya Jothi","https://www.facebook.com/vidya.jothi.90","සිංහල ජාතිය බෝවෙන්නේ පිරමීඩයක හැඩයට  අනිත් ජාතීන් යටිකුරු කළ පිරමීඩයක හැඩයට  මේක තේරුම් නොගත්තොත්?"
"Harsaha Rox","https://www.facebook.com/harsaha.rox","🖕🖕🖕 pala yanna mala perethaya.😆😆"
"Shan Mc","https://www.facebook.com/krish.shankar.148","තමුසේ මෝඩ මීහරකෙක් වගේ කතා කරන්න එපා බං තමුසෙ බූරුවෙක් කියලා හැමෝටම දන්නවා ඥානසාරි කියන්නේ හාමුදුරු කෙනෙක් නෙවෙයි. ඌ ඇවිල්ලා තක්කඩියෙක්. ඌට දන්නේ කුණුහරුප විතරයි කතා කරන්න ඔහුගේ කතාව ඌගේ බණ ඇහුවොත් එහෙම මිනිස්සු දුවයි ඌගේ බණ ලබ්බ අම්මගේ රෙද්ද ඒවා තමයි"
"Vijitha Kumar","https://www.facebook.com/people/Vijitha-Kumar/61579054547791","Uba ammata hukapan paraya"
"Asanka Sumeda","https://www.facebook.com/asanka.sumeda.2025","ගෑනු එක්ක නිදියනකොට සිවුර බුදු හාමුදුරුවෝ ගාව ගලවලා වෙන්නැති සැතපුනේ නේද හමුදුරැවනේ"
"Suneetha Sukumala","https://www.facebook.com/people/Suneetha-Sukumala/61581521258908","මූ මොනා කිවුවත් අදිකරණයට පට්ට බයයි දන්නවා සිවුරු ගලවනවා කියලා වැරදි වචන කිවුවොත් 😂"
"Nanda Dissanayake","https://www.facebook.com/nanda.dissanayake.900","ඒක ඇත්ත අපේ හාමුදුරුවනේ"
"Patiranage Nilanthe Deepika","https://www.facebook.com/patiranage.nilanthedeepika","Theruvan saranai ape hsmuduruvane api oba vahanse samagai"
"Saman Sp","https://www.facebook.com/profile.php?id=100056135224942","මේ වගෙ හාමුදුරුවෝ හිතන්නේ නීතිය තියේ න් න ඕනි එයාලගෙන් පහළ අයට කියලා"
"Solanga Nicholas","https://www.facebook.com/people/Solanga-Nicholas/pfbid02fUFNiFZtBAcEvDhSYy5e9wq1JpfjdbGeyRH15LatYqGrca2jgpvzJtt6i9NM1eUgl","කවුද බං මේ හරකා"
"Janaka Wijesooriya","https://www.facebook.com/people/Janaka-Wijesooriya/pfbid02LnLaNmpi7EDoP1NZDkwoFXUQBwy1c3jHoLjmCuLNRydwbDsrKGf8DifQ8y5SnhiQl","ගුද අමාරුවට බෙහෙත් ගනින් බං"
"Ranji Dayakumara","https://www.facebook.com/ranji.dayakumara.2025","Ana kata wahaganin pako"
"Kelum Priyadarshana","https://www.facebook.com/kelum.priyadarshana.14473","හාමුදුරුවරු හිරේ දැම්මට කොටියට බය පැලවත්තෙ සක්කිලි."
"Nissanka Nissanka","https://www.facebook.com/nissanka.tilake","Ube  kerai araka ane palayan ban yanna"
"Ranjani Ranjani","https://www.facebook.com/people/Ranjani-Ranjani/pfbid02q9NRZZPv91Bz5kDyS8HCvhq7uKAfREzgZ4h6rNGXdcC3LihzLrL8FL6hApQZzYd6l","Boudou..sarane..hamoudourou..wanae"
"Samantha Bandara","https://www.facebook.com/samantha.bandara.584338","දුසරණයිණයි හාමුදුරුවනේ, අපි හැමදාම ඔබත් එක්ක ඉන්නවා"
"Ajith Lasanga","https://www.facebook.com/ajith.lasanga.2025","අනේ kauru haryi gon gahala badu gatha hora kala inne ඕනේ ekkute athule"
"Chamikara Gunawardane","https://www.facebook.com/chamikara.gunawardane","""ඥාණසාරගේ සිවුර ගැලවිය යුත්තේ ඇයි"" ලිපිය මෙතනින් කියවන්න---> https://www.facebook.com/chamikara.gunawardane/posts/pfbid026o1onDLbthpHFppq89rP6P3ouni6EbZPWovWkL8vHfwTYiu3AgyqhGbcGisoj1Gol"
"Sanjeewa Rodrigo","https://www.facebook.com/people/Sanjeewa-Rodrigo/pfbid02K45mXVLW2RCy3t47ezefGMYRfE2SiTTSikDwMTikys98ZMXkjWfEPA713zvthMg5l","API óbasamagai Apea hàmúdúrúwanéa"
"Upul Bandara Herath","","මේ මොන සක්කිලියෙක්ද. මේකද බුද්ධාගම. බුද්ධාගමට නින්දා කරන හොරාකාපයකින් සල්ලි ගත්ත සක්කිලිමේ"
"Miuru PriyaGeeth Lankanatha","https://www.facebook.com/miuru.priyageeth.lankanatha","එදා එවුන් අධිකරණ වලට බලපෑම් කලාට මේ ආණ්ඩුව එහෙම වෙයි කියලා හිතන්න බැහැ . ජනතාව පත්කලේ නීතිය හැමෝටම එකයි කියලා හිතන ආණ්ඩුවක් නේද .. ඔය හුන්නාන්සේත් දැම්මම ඕක ගලවලා දේශපාලනය කලානම් හොදයි ..."
"නිදහස් අදහස්","https://www.facebook.com/people/%E0%B6%B1%E0%B7%92%E0%B6%AF%E0%B7%84%E0%B7%83%E0%B7%8A-%E0%B6%85%E0%B6%AF%E0%B7%84%E0%B7%83%E0%B7%8A/pfbid02zGpZQ6MJskNqajqqYm1gbSy6K5nSF4j5W6sGjpEy2V1FtJCFBc59qqxu6gMSCaT4l","මේ කොහෙන් අාපු කාලකන්නියෙක්ද"
"ලලිත් ජයවර්ධන","https://www.facebook.com/people/%E0%B6%BD%E0%B6%BD%E0%B7%92%E0%B6%AD%E0%B7%8A-%E0%B6%A2%E0%B6%BA%E0%B7%80%E0%B6%BB%E0%B7%8A%E0%B6%B0%E0%B6%B1/pfbid02KM1bJ8xfmBDAinRAQ9RYSPHFnU1rywBitYMx9sQN19PmMVE1rjceBKBeWgeC64tkl","උඹත් අපරාධ කාරයෙක් නඩු 14 තිබුණ මහින්දයගෙ පිහිටෙන් නිදහස් උනා හොයල බලල නැවත උඹට ඒ නඩු පවරනව"
"Nissntha Udauakumara","https://www.facebook.com/people/Nissntha-Udauakumara/pfbid021yL4A82BhG8nj26w4yUCgxxz5siMzYuW5zHxENDuwNiV4zViP8zyXSvNZVeD1jELl","බුදුහාමුදිරුවො එදා කිව් දේ අද් සිද්දවේගෙන යන්නෙ උන්වහන්සෙකිව්ව මගෙ ධර්මය වනසන්නෙ චීවරදාරින්මකියලා දැන් වෙන්නෙ ඒක බොලව්"
"Prabath Indrasiri","https://www.facebook.com/prabath.indrasiri.1","Ade lokkka Kara piyagena idapan ban"
"Prasad Gunasekara","https://www.facebook.com/people/Prasad-Gunasekara/pfbid02QFq8DTfo7NfdfnkLhGcVFXfeeev7t8CqbVPu4kJPkdAuSaKUowAJ194ZFbPEtXj8l","දානේ වලඳලා පාඩුවේ ඉන්න බැරි හැටි.චීවරය දාගන්නේ දේශපාලනය කරන්න නෙමෙයි.එහෙමනම් ඕක ගලවල දේශපාලනයට එන්න."
"Duneesha K. Pathiranage","https://www.facebook.com/people/Duneesha-K-Pathiranage/pfbid02uvmFtLRUCSrZ9zBcaqcJ7ELVk4RKsBKSpUDz94TAY8hzCLNYm8SVNfjoQTwHYW2dl","චීවර දාරී සතෙක්"
"Saman Bandara","https://www.facebook.com/saman.bandara.211190","අරහත් බුද්ද චීවරය අනුව wada කලේනම් හිමිවරුන්ට මෙහෙම දේවල් වෙන්නේ ne"
"Sajith Dissanayaka","https://www.facebook.com/sajith.dissanayaka.252186","Ubala vage chiwaradariyongen,ratata sethak na."
"Sanjeewa Priyantha","https://www.facebook.com/sanjeewa.priyantha.17067","මුත් තක්කඩියෙක් බව මතක තබාගන්න"
"අනන්ද රාජා","https://www.facebook.com/people/%E0%B6%85%E0%B6%B1%E0%B6%B1%E0%B7%8A%E0%B6%AF-%E0%B6%BB%E0%B7%8F%E0%B6%A2%E0%B7%8F/pfbid0341vtym8AdqTbpiMw3N76Lqoj2YW7LJnvF9fCSKxA5N5o2Umz4JHYfSDay1KtRco3l","හාමුදුරුවෝ විතරක් ඇයි දඟලන්නේ දැන් හාමුදුරුවෝ විතරක් ඇයි දඟලන්නේ ඥානසාර හාමුදුරුවන්ගේ යාලුවෙක්ද ඥානසාවර හාමුදුරුවෝ එච්චර සිල්වත්ද ගුණවත්ද ඒ කියන්නේ බණ භාවනා කරනවද ඥානසාරාමුදුරුවෝ එච්චර සිල්වත්ද"
"Pasidu Pasidu","https://www.facebook.com/people/Pasidu-Pasidu/pfbid02JmvLJjGxTxVMaa8vWY77vLFufZobAPbY8o4EK6G4TyBag22RQK5XhEe1jVzWct6Hl","Baila.gahanna epa.eya natapu.nadagam.tika.eken ekat.minissu kiyai nikan boruwata kagahanna kalin waradi.nati.keek.wage katha karanna enna epa hamudurwo keekta katha kranna terenne na  dan ethakota ara lamaya dushane kala.ekata monada kiwe   pasku pahare gana.monada kiuw"
"Reedluke Reedluke","https://www.facebook.com/people/Reedluke-Reedluke/pfbid02r9FX1jmNLQn4zxfCYdMCM5u48Y9v1hb3rmKRHyGxjknXEskDJ5YH1UzpuHHiBSbLl","Muuu amu pesseak mongalayeak sakkiliya"
"Mmp Nishantha","https://www.facebook.com/mmp.nishantha.94","Oya pakaya raga pewe hamuduruwo wage newei   Kunuharapa kiyakiya"
"Gamini Hewa","","තෙරුවන සරණයි ! බලයට පත්වූ දා පටන් බෞද්ධයන්ව සමච්චලයට ලක්කරන,බෞද්ධයන්ට කෙනෙහෙළිකම් කරන මේ බෞද්ධ විරෝධී ආණ්ඩුවට විරුද්ධව සංඝාඥාවක් නිකුත් කරන මෙන් ලංකාවේ සියලුම මහානායක හිමිපාණන්ගෙන් ගෞරවයෙන් අයැද සිටිමි."
"Dematagolla Gedhara","https://www.facebook.com/dematagolla.gedhara","Gamini Hewa uba pissak  the?"
"Rajitha Susija","https://www.facebook.com/raritha.susija","Sadu sadu"
"Ãkîlã KG Šãmpâth","https://www.facebook.com/KG.Akilasampath","රටේ ගරු අධිකරණයෙන් කරන්න ඕනි දේවල් කරයි මිනිස්සු කුලාප්පු කරන්නේ නැතුව පිනට දෙන දානේ ටිකක් වලදාගන ඉන්න පින්සිද්ද වෙයි"
"Reji Wil","","තොපි පොල්ගෙඩියට හිරෙගිය උන් ගෙන කථා කරනවඩ.? සාසනේ, රටේ කුනු අවුස්සන උන්.තනිකරම විසබීජ.උතුම් බුඩුන්වහන්සේ කියඩුන්නෙ මේකඩ.වෙරඩිකරයන්ට කඩේ යන්නඩ?"
"Gayan Silva","","අර පොඩි කෙල්ල අතවර කොරන කොට තොපෙ මහ ගණයෙක් තෝ කොහෙද හටියේ පොඩි ගණයෝ😁😁😁"
"Mmp Nishantha","https://www.facebook.com/mmp.nishantha.94","Gayan Silva muge ammata kukawanna ona me ganayage"
"Thanuja Thilkarathna","https://www.facebook.com/gamage.thanuja.1","ජයවේවා! අපි වෙනුවෙන් කථාකල අපේ හාමුදුරුවෝ"
"Nilmini Priya","https://www.facebook.com/nilmini.priya.395","ඉක්මනින්  නිදහස්  වෙවා"
"Lakshman Wickramaratne","https://www.facebook.com/lakshman.wickramaratne.2025","DAN. NEETHIYA  RATAKANA YAKSHAYO NEETHIYATA ANUWA DANDUWAMA"
"Jayantha Jayakody","https://www.facebook.com/jayantha.jayakody.2025","යකෝ උසාවි තීන්දුවට ගරු කරනවනම් උසාවි තීන්දුව අනුව බන්ධනාගාර ගත කිරීම වරදක්ද?  තොට දෝදුද කහකඩ අමනයා"
"Priyankara Herath","https://www.facebook.com/people/Priyankara-Herath/pfbid06wyLwm3ayJrQ5jdqeKvww7mxUiNjN1cy9CqYm7BN8ZQ5BbiuWk3qJrVaHad6PBhgl","ගලගොඩ අත්තෙ කැනහිලා"
"Jayarathna Vidanagamage","https://www.facebook.com/people/Jayarathna-Vidanagamage/pfbid025BrqzH7FMMWRpDYmEoWGjaHqyhoUDFmE29xyyBc3tbKLobN5gXXkEm15Z11mKeFyl","යකෝ පොල් ගෙඩියට හිරේ ගියාම පෙට්‍රල් ලිටෙර් ට හිරේ ගියාම උබ කතාකරන්න එපාය අහිංසක යන් ගෙන් අත්සන්"
"සේනක ධර්මසිරි","https://www.facebook.com/senaka.dharmasiri","පලයන් පැහෝ යන්න 😡😡😡"
"Supun Kanchana","https://www.facebook.com/profile.php?id=1438285773","Bijja kapala ellanna one"
"Anushka Sathsara","https://www.facebook.com/anushka.sathsara.58","ඇත්තටම, දැන් අපට අවශ්‍යයි ධාර්මික රජෙක්,,, එච්චරයි කියන්න තියෙන්නේ,,, නිර්ගාමික කෙනෙක් වෙනුවෙන් දීපු චන්දය, අපරාදේ,,, හාමුදුරුවරු,, ඔවුන්ගේ,,, මරණයටවත් යන්න ඕනි නෑ.."
"Samanmali Pd","https://www.facebook.com/samanmali.pd","මුනුද අනෙ මේ විකර කියවන ගොන්"
"Jagath Hettiarachchi","https://www.facebook.com/jagath.hettiarachchi.3","පාදඩ .. හොර... සාටක.. මැර...සිවුරු කාරයො ඉන්නකම් ...සාසනේ හදන්න බැරි වෙය්..."
"Gm Wicramarachi","https://www.facebook.com/gm.wicramarachi","Mal wathu nayaka hmiyani me wasalaya sasanen NERA.  Panna"
"Rmsi K Rathnayaka","https://www.facebook.com/rmsi.k.rathnayaka","කාලි.."
"Kushan Chathuranga","https://www.facebook.com/rdk.chathu","මිනිස්සු උබලගේ කෙරුවාව දන්නවා..."
"Sadaweera Sadaweera","https://www.facebook.com/people/Sadaweera-Sadaweera/pfbid02sRd6hkjtZE9UJTzJzU8qVpiXC7gqC3szjiNZiJyZPt7nUzk2EjPyt16XQM7cAPH5l","ඔ්කා ජඩපති"
"Erandaka Jayanath","https://www.facebook.com/jayanath.namal","අමු කවිලා...2018 සිවුරට අත තිබ්බා..එතකොට මේ කෑගහන එකාලා කොහොද හිටියේ ..මේවා කරලා ආන්ඩු පෙරලන්නබෑ හාමුදුරුවනේ ..."
"Suminda Nupahewage","https://www.facebook.com/people/Suminda-Nupahewage/pfbid02mzSdvraKHCTk6CKbKyvnAb7iextHjABghGFhYd5KkhE3B27HSMzDLDwjwFLRAoKyl","වන නාම්බා උඹල වගේ එවුන් හොර මූණ පේන්නේ නැද්ද නියම වන චාරි තොපිු සත්තු තොපි වගේ හරක් නිසා මේ රට විනාශ වුනේ තෝව දඩු කඳේ ගහන්න ඕනෙඑකේ සිවුර ගැලපෙන්නේ නෑ තෝ හරක් හොරෙක් පේන්නේ නැද්ද තොගේ හැටි කාලකන්නි තොපි වගේ එවුන් මේ ශ්‍රී ලංකාවට ගැලපෙන්නේ නැහැ තොපි හරක් හොරු පව්කාරයා"
"Cedric Perera","https://www.facebook.com/cedric.perera.18","ගිනි තියාගෙන මැරිලා පෙන්වන්න පුළුවන් num"
"Sudath Kumara Poorni","https://www.facebook.com/shamalipoornima.poorni","Me rajayen ratath jathiyath Agamath kabasanay karanawa"
"Chanadima Gamage","https://www.facebook.com/chanadima.gamage","Jv blakayata sapa krnna hamuduruwna mun බුද්ධ  sasanaya vinasa krnawa ape hamuduruwna jvp unga gu kna untath jvp blakayatath sapa krnna"
"Gamini Premarathne","https://www.facebook.com/gamini.premarathne.459588","Pahara balla thopi ratta sapayak"
"Upali Jayasekara","https://www.facebook.com/upali.jayasekara.399","දේසපාලනයෙන් තොර...බික්සු සමාජයක්.....ගොඩ නගමු....හාම්‍ය්දුරුවනේ"
"Laksiri Kumara","https://www.facebook.com/people/Laksiri-Kumara/pfbid02c15n9hhvH8kkpu4e28y6vi5teBzNUgsaAdZnQsyLcniRfecxW9c2KYmmstA2nMTKl","Meeparayata.nadu.24.k.tibba.kahakadayak"
"Gayan Gwh","https://www.facebook.com/gayan.gwh","Siurak dagththanm sakkiliyek movee banak,bhawanawak karagena dahamin jeewath weyan.."
"Binu Ekanayaka","https://www.facebook.com/binu.ekanayaka.2025","ඉතිම් කොහොමද බං එහෙම කරන්නෙ ඔය ගලගොඩයනෙ කියන්නෙ අනුර කුමාර වැරදි කලලෙකින් ඉපදුනෙ කියලා.එහෙම කෙනෙක්ගෙන් සමාව ඉල්ලන්න ලැජ්ජ නැත්ද"
"Chamari Gomas","https://www.facebook.com/nayana.weliwathta.9","ගොඩක් කෑ ගහන අයට අන්තිමට උන දේ පහුගිය කාලේ මතක් කරන්න"
"Chaminda Dissanayake","https://www.facebook.com/chaminda.dissanayake.9235","පල කාලකන්නියැ"
"Roshan Sanjaya","https://www.facebook.com/people/Roshan-Sanjaya/pfbid0NAcEmip842mFyhHQ59RaEaqfyQFJDG8FPXJX2ogvZtLaPwpyUn7Gm4VmXDUEsWdAl","කට්ටිය හිතන්නේ  jvp ඒකෙන් අධිකරණය පාලනය karanne kiyala.(මහින්ද චින්තනය kale වගේ )"
"Eranda Sandaruwan","https://www.facebook.com/eranda.sandaruwan.73","ගෝතයෙක් ටිකක් බරට ඉඳුල් හම්බෙලා වගේ"
"Indika Sayakkara","https://www.facebook.com/profile.php?id=100021543654290","අපට මහජන අධිකරණයට යන්න පුළුවන්ද මේ වගේ දුස්සීලන්ගේ සිවුරු සදහටම ගලවන්න කියලා?"
"Priyankara Vijerathne","https://www.facebook.com/priyankara.vijerathne","මේ ගණය නේද ammek appek nethi siurak dagana dagalanne"
"Roshan Prannado","https://www.facebook.com/roshan.karunadasa.54","Aniwarenma"
"Weerasekara Bandar","https://www.facebook.com/people/Weerasekara-Bandar/pfbid0RCDcKcRisVQZMMkdjL2Dwy4xrHriRxTvXBewjT4yEUbuYCyNpJhfQZMW91YPr7uAl","රට හොදට යනවා තොපි වාගේ කාලකන්නි මෙකත් ඇතුලට දාන්ඩඔනේ"
"දලුපිටිය අපි","https://www.facebook.com/iaxs9okquz","ගනසාර නිදහස් කරනකන් මැරේනකන් නොකා නොබී උපවාස කරමු .තිත්තසිරි"
"Kamal Silva","https://www.facebook.com/kamal.silva.1806253","මූ මොන පනගයෙක්ද?උසාවිය ඇතුලට ගිහිල්ලා නඩුකාරයටයි,ලොයර්ලටයි කුනුහරුපෙන් බැනලා ආපු ඒකට හරහට නලවන්නද කියන්නෙ?හරිනම් මූ අදනකඩේ පිටින් ගේන්න ඕන උසාවියට.සින්හලකම ආගම ගැන කතාකරන එක නෙවේ ඔය වේ.ගෙ පුතා කරේ,ගොටබයගේ කීමට ජාතිවදේ අවුලවන්න හදපු එක.අපේ ආගම ජාතිය ගැන කතාකරේ අති පුජනීය සොම හමුදුරුවො වගේ චරිත..මේ එක නඩුවක් විතරයි,තව පොලිමක් තියෙනවා.බලන් හිටපල්ලා."
"Dilip Lusantha","https://www.facebook.com/dilip.lusantha","මූත් කොහේගරි හොරකමක කොනක ඇති...හොයල ඇතුලට වඩම්මන්න"
"Shiranthi Withanage","https://www.facebook.com/shiranthi.withanage.330009","Dilip Lusantha aniwaryen dagalanne ekai"
"Sampath Jayakody","https://www.facebook.com/sampath.jayakody.9279","Dilip Lusantha පල යන්න කල්ලතෝනිය"
"Bhikkhu Muditha","https://www.facebook.com/people/Bhikkhu-Muditha/61594910470521","Dilip Lusantha"
"Lakshitha Manawaduge","https://www.facebook.com/lakimanawaduge","අපිටත් ඕනේ කහකඩ යක්ෂයෝ එලවලම දාන්න"
"Wijebandara Rajapaksha","https://www.facebook.com/wijebandara.rajapaksha.9","බොරු නොකියා හිටු ගනින්නසේ"
"Harsha Hash Hashee","https://www.facebook.com/people/Harsha-Hash-Hashee/pfbid02CLkPpyhxPZy25dfNESMdpSdKFoXuLxyYspPVVtgEvEVF1zZGozTgrC8dStLcGAGRl","Uba avith ballek yakoo thopi gana gamen ahuvahama kiyai"
"Kularathna Kodithuwakku","https://www.facebook.com/kularathna.kodithuwakku.7","බූරුවෝ..!!සගෙයා සගෙයාගෙ  වැඩේ  බලාගෙන හිටියානම් ඔය ප්‍රශ්ණ මොකුත් නෑනේ...උඹලා.ඕක.පොරව ගත්තෙබුෆ්හු.මග.යන්න.මිස.උසාවි ගානෙ යන්න.නොවෙය්නේ....."
"Ananda Kumara","https://www.facebook.com/ananda.kumara.867323","SATANA,TOGGEA,ADOO,-MUKEA,GAHAGAN.🐃."
"Imesha Damayanthika","https://www.facebook.com/Damayanthikaa","ඔයත් බනින්න්කො ඔයාගෙ එකත් ගලවනවා 🤣😁"
"Weerasekara Sujeewa","https://www.facebook.com/people/Weerasekara-Sujeewa/pfbid0suN3QTLonsgBAeim5ZjbSp5q2unKDbfQforCHePA3uePZJawtqxxi45m5xV3ciBdl","රාජපක්ෂලාට කඩෙ ගිහින් සාක්කුව තරකරගත් තිතිතගල්ල භයයි නෙ අඔ කෑ මිනිහාගෙනෙ මොලෙ දන්නෙ"
"Siril Athapttu","https://www.facebook.com/jananirma","Thithagalle Anandasiri  පලෞත්තොයන්න"
"Kethmi Kulathunga","https://www.facebook.com/people/Kethmi-Kulathunga/pfbid0sfAd5LsCwmutExzu9GPy3d8gnPcbVtpSsomVS8UhnMkUoBd8kC2G2XdEX8u2kW6Vl","Siril Athapttu"
"Siril Athapttu","https://www.facebook.com/jananirma","Kethmi Kulathunga we like it"
"Shirley Amarasinghe","https://www.facebook.com/shirley.amarasinghe.1","අන්නාසි ගැටයක් කාලා ගබ්සා කරන්න තිබුනා කිවිව ගලබොඩයට සාමාව දෙන්න කියලා ජනාධිපතිතුමාගෙන් ඉල්ලා සිටින්න මෙ හාමුදුරුවරුන්ට තියෙන අයිතිය කුමක්ද් ?ජනාධිපතිතුමා ඉතා දාර්මිශ්ටයි  ඔබ වගෙ හාමුදුරුවරු කෙනෙකුට වඩා.බොරු ගුනවර්නා කරන්න එපා ජනාධිපතිතුමාගෙ බුද්දිමත්කම සහ සාදාරනව රට පාලනය කිරිම  ගැන රටෙ ජනතාව හොද අවබොදයෙන් ඉන්නෙ.ඒනිසා නිර්මල බුද්ද දර්මය අවබාවිතා කර එතුමාට බල කිරිමට කිසිම හිමිනකට අයිතියක් නැත."
"Wang Daan","https://www.facebook.com/wang.daan.silva","I අනේ මේ කණගාටුවේම ගන්න පුක දීපිය"
"H.W. T. Manjula","https://www.facebook.com/h.w.t.manjula","ගෝල්පේස් පැත්තේ ගියේ නැද්ද 🤣"
"Sanjay Herath","https://www.facebook.com/sanjay.herath.3",".මම සසනකමඩයලය ට කෑප"
"Roshan Saputantri","https://www.facebook.com/roshan.saputantri","උඹනම් යකෙක් වගෙයි.. බොරුනම් කන්නාඩියක් ඉස්සරහට ගිහින් බලපං..."
"Sam Dharmapala","https://www.facebook.com/sam.dharmapala.5","ඉරෙට්ටයාගේ ගොක්කොළයා. 🤡"
"Sujatha Sujatha","https://www.facebook.com/people/Sujatha-Sujatha/pfbid032BZQ8N1gQF52UiqAyDqTtQm8e26xGvqTqDerL9pugVCe9GCBiNoubHXZSorJtRWYl","ජනාධිපති මහා සංඝරත්නය සහ සමස්ත බෞද්ධ ප්‍රජාව මුලා කලා බොරුවෙන් වංචාවෙන්. මෙතන ප්‍රශ්නය තියෙන්නේ බන්ධනාගාරය ඇතුලේ ඉන්න විදිහ නෙවෙයි. බන්ධනාගාරයේ සිට උසාවියට ගෙන එනවිට අදින ඇදුම ගැන. හාමුදුරුවෝ කොහොමද ගිහි ඇදුම් ඇදන් ආවම හාමුදුරුවෝ කෙනෙක් වෙන්නේ උසාවිය තුළ.  එහෙනම් ගිහි නමක් දීලා ගිහි ඇදුම් පැළදුම් අන්දලා උසාවියට ඉදිරිපත් කරන්න ඔනේ. මීට පස්සේ ඕනම හාමුදුරුවෝ කෙනෙක්ට සිවුර නැතුව උසාවියට ගිහි ඇදුම් ඇදන් යන්න පුළුවන් එහෙනම්.  නම හිමි කියලා හාමුදුරුවෝ. නමුත් ඇදුම් පැළදුම් ගිහි ඇදුම් පැළදුම්.  බුදු දහමට පමණක් නෙවෙයි උසාවියට පවා කල අපාහාසයක් ආණ්ඩුව මේ කලේ.  මෙම බොරු කපටි කම් වලට රුවටුනොත් ආයේ සිංහල බෞද්ධ සංස්කෘතිය සමාජය මේ ආණ්ඩුව ඉවර කරලා තමයි නතර වෙන්නේ.  මේ සාකච්ඡාවට වැඩිය හාමුදුරුවෝ මේ කාරණය තේරුම් අරං ඇති. නැත්නම් හැමෝම මේ කාරණය ඉස්මතු කරන්න.  ඒ වගේම බන්ධනාගාර නීති වල කොතනකවත් නෑ සිරකරු ඇදුමෙන් ඉදිරිපත් කරන්න කියලා උසාවියට.  මීට පෙර 2019 මේ වරදටම හාමුදුරුවෝ බන්ධනාගාරයේ සිට වෙනත් නඩු වලට උසාවියට ඉදිරිපත් කලේ සිවුරෙන්. ඔහු පෙර සිටි ඇදුම් වලින් තමයි උසාවියට ඉදිරිපත් කල යුත්තේ.  මෙය මේ ආණ්ඩුව බුදු දහම සිංහල සංස්කෘතිය විනාශ කරන්න කල සැලසුම් සහගත වැඩක්.  මීට පෙර ඔය නීතිය තිබුනා කියනවා නම් මීට පෙර ඔය නීතිය ක්‍රියාත්මක නොකල සියළු නිලධාරින්ගේ වැඩ තහනම් කරන්න. විශ්‍රාම වැටුප් නැති කරන්න. එයාලටත් හරියටම දැන් හාමුදුරුවන්ට වගේම නීතිය එහෙනම් ක්‍රියාත්මක කරන්න.  ජර්මනියේ හිට්ලර් යුදෙව් සංහාරය කලේ  තම යුදෙව්වන් මරණ කොට අනෙක් යුදෙව්වන් මම නෙවෙයි එයානේ මරන්නේ කියලා නිහඩව හිටියා. අවසානයේ තමාටත් ඒ මරණයම උරුම උනා ආත්මාර්ථකාමී වෙලා. එම නිසා සිංහල බෞද්ධ හැමෝම මෙයට විරුද්ධ නැගී සිටුම තම වගකීම."
"Thilina Wijerathna","https://www.facebook.com/tilina.wijerathna","[Image Attachment]"
"Saman Bandara Disanayaka","https://www.facebook.com/samanbandara.disanayaka.1","තෝ පුක නොදි හිටපිය බල්ලා"
"Ruchira Kumara","https://www.facebook.com/people/Ruchira-Kumara/pfbid02QUpvCp85Ro1ctbjxBp9czDBmhvXqjzgztPrUd6sVQxYGXSefM2Nht5LkKhXiUjdol","ඕව සේරම ගලවලා මේක විතරක් ඇදගෙන වරෙන්...😂😂😂"
"Ruwan Weerasinghe","https://www.facebook.com/ruwan.weerasinghe.716","[Image Attachment]"
"Dimuthu Lakshan Lakshan","https://www.facebook.com/dimuthulakshan.lakshan.9","[Image Attachment]"
"Chathura Jinendra","https://www.facebook.com/chathu.jinendra","[Image Attachment]"
"Senevi Rathne","https://www.facebook.com/senevi.rathne.18","තොගෙ අම්මට හා හා හා ය"
"Wimalasiri Bandara","https://www.facebook.com/people/Wimalasiri-Bandara/pfbid02tCBStSfwL7FrxK5M9CupovSbACB76W8hypHHt7FXP6Vwiqa9T7FATssRk1iSzvH3l","උඹලට හොද ඉස්සර හිටපු පෙරේතයෝ තමා. මොකද ඕනෑම කුපාඩි කමක් කරලා සිවුරේම ඉන්න පුලුවන්නේ."
"Kumari Magammana","https://www.facebook.com/profile.php?id=100067534794179","[Image Attachment]"
"Prasanna Herath","https://www.facebook.com/prasanna.herath.355","[Image Attachment]"
"Dudly Gunasekara","https://www.facebook.com/dudly.gunasekara","🙏🙏🙏🙏🙏🙏🙏🙏🙏🙏"
"Thusitha Perera","https://www.facebook.com/thusitha.perera.944","https://www.facebook.com/share/r/1EYnQZsaP7/"
"Janaka Warrnakulasuriya","https://www.facebook.com/janaka.warrnakulasuriya.1","[Image Attachment]"
"Harsha Samarasinha","https://www.facebook.com/harsha.samarasinha.2025","[Image Attachment]"
"Prasanna Piyarathne","https://www.facebook.com/people/Prasanna-Piyarathne/pfbid0uiyE1foyNCMTSoWSivRq8HBpfxTWj7JehPi46ro8sucuJea8mungS2nqzrFqRdpul","[Sticker]"
"Sanjeewa Ransingha","https://www.facebook.com/sanjeewa.ransingha.2025","😂😂😂"
"WB Lalith","https://www.facebook.com/wb.lalith","🙏🙏🙏"
"Pushpika Hidallearachi","","https://www.facebook.com/share/v/1Fu7oPWEC2/?mibextid=wwXIfr"
"Shyama Jayakody","","[Image Attachment]"
"Shelton Shelton","https://www.facebook.com/shelton.shelton.35110","[Image Attachment]"
"Rohan Peiris","https://www.facebook.com/rohan.peiris.393","[Image Attachment]"
"Rasara Thuduwewatta","https://www.facebook.com/rasara.thuduwewatta",",, 🙏🙏🙏"
"Nuwan Chamara","https://www.facebook.com/nuwan.chamara.996060","[Sticker]"
"Daewa Deawa","https://www.facebook.com/daewa.deawa","👍"
"Trending Talks","https://www.facebook.com/jayasiri.ratnayake.1","[Image Attachment]"
"Dilusha Priyadarsna","https://www.facebook.com/dilusha.priyadarsna","[Image Attachment]"
"Gnana Kandegama","https://www.facebook.com/kandeghamarala.ghanawathi","[Sticker]"
"Anuradha Hettirachchi","https://www.facebook.com/anuradha.hettirachchi","[Image Attachment]"
"Namal Fernando","https://www.facebook.com/profile.php?id=1264646848","👍👍👍"
"Yamuna Kumari","https://www.facebook.com/yamuna.kumari.583414","👍👍👍👌👌👌"
"Ananda Jayaratna","https://www.facebook.com/people/Ananda-Jayaratna/pfbid036S9zVzCnfHKJdYpcF72em4MWc94ToL6A8V2f25vHHKSFbAFevKdpeWiYEJDmLaEKl","🤣🤣🤣🤣🤣🤣"
"Pubudu Maduranga","https://www.facebook.com/pubudu.maduranga.581","👏"
"Wasantha Wasantha","https://www.facebook.com/profile.php?id=61552230206092","[Image Attachment]"
"Sp Kumara","https://www.facebook.com/sp.kumara.3766","[Image Attachment]"
"Gayan Gayan","https://www.facebook.com/gayan.gayan.132825","[Image Attachment]"
"Nandana Malwatta","https://www.facebook.com/nandana.malwatta","[Sticker]"
"Nissanka Nuwarapaksha","https://www.facebook.com/nissanka.kadawathpedigedara","[Image Attachment]"
"Aminda Niroshan","https://www.facebook.com/aminda.niroshan.35","[Sticker]"
"Upali Weerasinghe","https://www.facebook.com/people/Upali-Weerasinghe/pfbid0nD7Tob2LQKsR1YPTbUoTjkaVYPpRH324YkQDB1gY5zRySM6gY9L3sBh1aFAMuae5l","[Image Attachment]"
"Chrishanthi Fernando","https://www.facebook.com/chrishanthi.fernando.14","🤣"
"Priyantha Thisera","https://www.facebook.com/priyantha.thisera.142","❤️🔥"
"Lakshman Edirisinghe","https://www.facebook.com/lakshman.edirisinghe.2025","."
"Priyantha Disanayaka","https://www.facebook.com/priyantha.disanayaka.14855","🙏🙏🙏🌷💕"
"Shantha Attanayaka","https://www.facebook.com/shantha.attanayaka.3","🤣🤣🤣🤣🤣"
"Chaminda Samarapullimaddumaarchchige","https://www.facebook.com/chaminda.samarapullimaddumaarchchige","[Sticker]"
"Sahan Madhushanka","https://www.facebook.com/sahan.madhushanka.74255","[Image Attachment]"
"Originally Dggppammawwajja","https://www.facebook.com/people/Originally-Dggppammawwajja/pfbid02jwJ3HkACRzEa7D1i1wNzCgnGgwy8QPgDY9kpAKikMrBiTsL4tWWMhcH3nB2mUWdol","[Sticker]"
"KH Piyasena","https://www.facebook.com/people/KH-Piyasena/pfbid098YfcenNx51YPwaBuLpo5G3wmgQbYN582Y72qjSK7jANWaPFSKzEkL1z6xNTaTQRl","[Image Attachment]"
"Nimal Gange","https://www.facebook.com/nimal.gange.1","[Sticker]"
"Shanthi Shanthi","https://www.facebook.com/shanthi.shanthi.420217","😀😀😀😀😀"
"Ven Welimada Dhammalankara","https://www.facebook.com/ven.welimada.dhammalankara","💯"
"Sujatha Lakshmi Munasingha","https://www.facebook.com/sujatha.lakshmi.munasingha","🙏🙏🙏🙏🙏"
"Sanjaya Perera","https://www.facebook.com/people/Sanjaya-Perera/pfbid02LsoG5fvLgmUY7chkv14Lyv8xRb11WAMP6JTLbdYvRbJcaHPU98X7Dar98Xs8R4Fzl","😂😂😂😂😂"
"Nimal Bandara","https://www.facebook.com/nimal.bandara.1671","[Image Attachment]"
"Sameera Madushan","https://www.facebook.com/people/Sameera-Madushan/61579453182877","[Image Attachment]"
"Gayan Bandara","https://www.facebook.com/gayan.bandara.7503","[Image Attachment]"
"Sanath Jayatissa","https://www.facebook.com/sanath.jayatissa","[Sticker]"
"Dammika Mathes","https://www.facebook.com/people/Dammika-Mathes/pfbid0PKLT6nbX8CFJmbJbqkaPUv8zxBHmLQKdeZfCH3A26RvqipCzN9e4fSQUyJ8Jjc9Ql","🤣🤣🤣🤣🤣🤮"
"Rathnayaka Rmi Rathnayaka","https://www.facebook.com/indrasana.indrasana.520","[Image Attachment]"
"Araliya Araliya","https://www.facebook.com/people/Araliya-Araliya/pfbid0aqheRsw8ugJBs1RjbfgLou8aXrm75knrWExpMgpf5qPKR1v2BuUQ6zFZjkoRicAel","🙏"
"Suneth Nishanth","https://www.facebook.com/suneth.nishanth","[Sticker]"
"Bms Disanayake","https://www.facebook.com/bms.disanayake","🙏🙏🙏🙏"
"Thilak Wijesinghe","https://www.facebook.com/people/Thilak-Wijesinghe/pfbid0cxzwch2h33oLz54GhoSWu69UHkRcqwxTEEqYaZwXUf6rRipE9YwWB2NvczUCWtXNl","🙏"
"Nimal Sawanawadu","https://www.facebook.com/nimal.sawanawadu","[Sticker]"
"Udeni Ranasinghe","https://www.facebook.com/people/Udeni-Ranasinghe/pfbid0DaPhrPMNfmVPQQgaNJACpH1qz3dWpxzBskfp1qTnddmKWwzHhSYJKeXrbgeycfzTl","[Sticker]"
"Nattandige Lily Malkanthi Fernando","https://www.facebook.com/kanthi.naththandege","[Image Attachment]"
"Chandra Hiyarapitiya","https://www.facebook.com/chandra.hiyarapitiya","👍👍👍👍👍🙏🙏🙏🙏🙏🙏🙏🙏🙏🙏🙏🙏🙏🙏🙏🙏🙏"
"Kavindya Kavindya","https://www.facebook.com/people/Kavindya-Kavindya/pfbid02BbPkHkiXfacSSHKZUB8h16xn4snpjfsyhwWAYVK76TXmzDtKsASXFUHLpQs7jkojl","[Image Attachment]"
"Ajith Kumara","https://www.facebook.com/ajith.kumara.245535","🙏🙏🙏🙏🙏🙏🙏🙏🙏🙏🙏🙏🙏🙏🙏"
"Pathmasiri Nawarathna","https://www.facebook.com/people/Pathmasiri-Nawarathna/pfbid022LQXc13b2kG6JzT8RaFfA31zLf8ca4XoMdatBhFXnNfw6PEa7LF9yu8VQNYsh2Wul","[Sticker]"
"Anandajayasekara Anandajayasekara","https://www.facebook.com/anandajayasekara.anandajayasekara","[Image Attachment]"
"Denisten Ranatunga","https://www.facebook.com/denisten.ranatunga","[Sticker]"
"Darashana Weerasinha","https://www.facebook.com/darashana.weerasinha","[Image Attachment]"
"Chithrananda Dillimuni","https://www.facebook.com/people/Chithrananda-Dillimuni/61593505466829","[Image Attachment]"
"Manjula Kumara","https://www.facebook.com/manjula.kumara.620560","[Image Attachment]"
"Rohini Liyanage","https://www.facebook.com/rohini.liyanage.76506","🙏🙏🙏🙏🙏🙏🙏🙏🌹🌹🌹🌹🌹🌹♥️♥️♥️♥️♥️♥️"
"Pathma Ranathunga","https://www.facebook.com/people/Pathma-Ranathunga/pfbid0nzepS6kMXrDPXgHPt7ZHwHN1Bu6jQSYd6mtZ2ELFPVDbqrsRSrwZCiCfpGZa4k37l","🙏🙏🙏"
"Asanka Weerasinghe","https://www.facebook.com/asanka.bandara.524934","[Image Attachment]"
"Roshan Gamage","https://www.facebook.com/Roshanchathuranga8685","👻👻👻👻👻👻👻👻👻👻🍌🍌🍌🍌🍌🖕🖕🖕🖕🍼🍼🍼"
"Dihan Senevirathna","https://www.facebook.com/dihan.senevirathna","[Image Attachment]"
"Kasun Galappaththi","https://www.facebook.com/profile.php?id=100009350329111","[Image Attachment]"
"Roshan Sampath","https://www.facebook.com/roshan.sampath.961556","🙏🙏🙏🙏"
"Jananga Jeewantha","https://www.facebook.com/jananga.jeewantha","[Image Attachment]"
"Lalith Pathragoda","https://www.facebook.com/people/Lalith-Pathragoda/pfbid02rnbow3tHqdXYVuVPD6xhDJt4JEDP4eJU26fvat2XhuKC8JAvwf1iniyU29SnGtHFl","😂😂😂😂😂"
"Nandika Ek Sahanrane","https://www.facebook.com/people/Nandika-Ek-Sahanrane/pfbid0FSjCACQhmnvSfu64xpyhkAosMaXMPQwiTgrSUeN7Zz3Qduu6rJ21gucaj9qgZ6bCl","🙏🙏♥️♥️😍😍"
"Niwan Indika","https://www.facebook.com/niwan.indika","[Image Attachment]"
"Pathum Madusanka","https://www.facebook.com/people/Pathum-Madusanka/61587177427343","😁😁😁😁"
"Kasun Ranasinghe","https://www.facebook.com/kasun.ranasinha.98","[Image Attachment]"
"Niroshana Karunarathne","https://www.facebook.com/niroshana.karunarathne","[Image Attachment]"
"Chaminda Jayanandana","https://www.facebook.com/people/Chaminda-Jayanandana/pfbid02Yma1JxTz7H1ibGVArvFCB53mWtrScrys2y4XaM1ejc6A8PCid74eEoFcyMVqBEXAl","👍"
"Deepani Hemachandra","https://www.facebook.com/people/Deepani-Hemachandra/pfbid02ZSSx9sWemcZXN5UBTdZD1FHHg72DyEf8konHGG3yM5PAunE53VrzswCPtt9zi9WCl","🙏🙏🙏🙏🙏🙏🙏🙏🙏🙏🙏🙏🙏🙏🙏🙏🙏🙏🙏🙏🙏🙏🙏🙏🙏🙏"
"Amila Wijerathna","https://www.facebook.com/amila.wijerathna.12","🤝"
"Dool Dool","https://www.facebook.com/people/Dool-Dool/pfbid02vTzqNJH1iHKfX9gpcsxkSTWqg6JKjTMt8HsBwiGqhoQHRph6kviPyhekbqKJp8Jrl","[Image Attachment]"
"Janaka Wijerathna","https://www.facebook.com/janaka.vijerathna.2025","[Image Attachment]"
"Mohamed Rowshan","https://www.facebook.com/mohamed.rowshan.54","👹🐕‍🦺🦮"
"Dinuka Wejeratana","https://www.facebook.com/dinuka.wejeratana","😂"
"Terrance Liyanage","https://www.facebook.com/terrance.liyanage.2025","🙏🙏🙏🙏"
"Athula Herath","https://www.facebook.com/athula.herath.14","[Image Attachment]"
"Prasad Mangala","https://www.facebook.com/prasad.mangala.263865","[Image Attachment]"
"Duminda Rangika Warnakulasooriya","https://www.facebook.com/duminda.rangika.warnakulasooriya","[Image Attachment]"
"Sumana Hamuduruwo Dowa Pansala","https://www.facebook.com/profile.php?id=100006155882865","❤️👍"
"Prasanna Dayaratne","https://www.facebook.com/prasanna.dayaratne","Sumana Hamuduruwo Dowa Pansala රටම ලෝකයම හෑමෝම බලාගෙන ඉන්නේ චීවරදාරියන් සාසනයෙන් එලවලා පිරිසිදු සසුනක් ඇතිවෙන දවසක්"
"Dhamith Dhamith","https://www.facebook.com/people/Dhamith-Dhamith/pfbid0CAbNhMR5UoSS4RvRFhkrpVoFExJ24eLgPRDPf9QrRhxuabtztXLd96oHHLA7rz6gl","[Image Attachment]"
"වසන්ත සුජීව පීරිස්","https://www.facebook.com/wasanthasujeewa.peiris","[Image Attachment]"
"Nishee Fernando","https://www.facebook.com/people/Nishee-Fernando/pfbid037z33z1zQYmnnST8dwfekg4f7XsV49JY2r5k4iJrJk7cDqgMSjdNRoVPjctj9MboHl","😮"
"Shriyani Karunarathna","https://www.facebook.com/people/Shriyani-Karunarathna/pfbid023GaJum2uLxfh12dyRipxJ7nssLEA28t9jTBS8WUQqqMrZbDYkNVmTmNcYFrrstmpl","🙏🙏🙏🙏🙏🙏🙏🙏"
"Gayani Jayasinghe","https://www.facebook.com/gayani.jayasinghe.79","🙏🙏🙏"
"Somathilaka Wimalawardhana","https://www.facebook.com/somathilaka.wimalawardhana","[Image Attachment]"
"නිමල් ජයසිංහ","https://www.facebook.com/people/%E0%B6%B1%E0%B7%92%E0%B6%B8%E0%B6%BD%E0%B7%8A-%E0%B6%A2%E0%B6%BA%E0%B7%83%E0%B7%92%E0%B6%82%E0%B7%84/100053565252732","[Image Attachment]"
"Manjula Samantha Amarapathi","https://www.facebook.com/people/Manjula-Samantha-Amarapathi/pfbid036oTA9WNqhBpxKedooaH9xo1yYBwZ2mKMKeXbsjwrqW9eN4ckwc8tykACQwjBzjfgl","🙏🙏🙏"
"Upul Nhm","https://www.facebook.com/people/Upul-Nhm/pfbid0M3JPrXUttQgFb8LnwcML14VbERaJYk67ymEN6dMq8HDSFpdFg4Xujtby3KHBBfxDl","[Image Attachment]"
"Dasun Kanchana","https://www.facebook.com/people/Dasun-Kanchana/pfbid02iPJhHyu1J2KCogAtLmnjuNE3ePpiqJehG1QSdkEqxdyXyeGVnoEGMGKjjb44QpbYl","[Image Attachment]"
"Dilma Chandini Paliyaguruge","https://www.facebook.com/paliyagurge","[Image Attachment]"
"Chamee Udawalawa","https://www.facebook.com/profile.php?id=100084836063541","[Image Attachment]"
"Dinesh Bogahawatta","https://www.facebook.com/dinesh.bogahawatta","[Image Attachment]"
"Upali Lokumuhandiramalage","https://www.facebook.com/profile.php?id=100014289257930","https://www.facebook.com/share/v/19dhQnnKdE/?mibextid=wwXIfr"
"Danuka Silva","https://www.facebook.com/people/Danuka-Silva/pfbid0ewfqZVW3pncTEgE4gSanJpYzBnTepdFvoAVaaoZSjkhGCW4N7U1sqTDMokzo6ovUl","🙏🙏🙏"
"Spag Chandhana","https://www.facebook.com/spag.chandhana","🐃🐂👈"
"Senal Gayath","https://www.facebook.com/people/Senal-Gayath/pfbid07gTLrbdv6zv5Kn6nPYRFSNY7JGpEz3CT566NLuj4DGkrSb7b2H5WK7kqhFLmR2RLl","🙏🙏🙏"
"Harsha Dm","https://www.facebook.com/harsha.dm.892681","[Image Attachment]"
"Wasantha Sudarshana Gunawardena","https://www.facebook.com/wsawguna","🙏🙏🙏"
"Ranjith Karunarathna","https://www.facebook.com/ranjith.karunarathna.5492","🐃"
"Indunil Rangana","https://www.facebook.com/indunil.rangana.2025","[Image Attachment]"
"Sena Karunaratna","https://www.facebook.com/people/Sena-Karunaratna/61576835240282","👍👍👍👍👍👍👍👍👍👍"
"Upali Jayawikrama","https://www.facebook.com/people/Upali-Jayawikrama/pfbid02SzjNCLostQj48TEzE5BrRZTtgfLwg8jQEU2FRCMxqE6SesxuGMqYGFJADoFa8pKgl","[Image Attachment]"
"Manjula Kumara","https://www.facebook.com/manjula.kumara.961333","[Image Attachment]"
"නෙතුෂී විහාරා","https://www.facebook.com/chamu.aditya","https://www.facebook.com/share/v/1C2MTK7QSc/"
"ආර්.ඒ ආලෝක","https://www.facebook.com/people/%E0%B6%86%E0%B6%BB%E0%B7%8A%E0%B6%92-%E0%B6%86%E0%B6%BD%E0%B7%9D%E0%B6%9A/pfbid04Ck6pGeBQeVhMFfnHRCCAxQ94Mz7pemBtq9zU32uWFNE8RnAygq5bm75cxfwx6hwl","😥"
"Supun Hettiarachchi","https://www.facebook.com/profile.php?id=100087880632008","🙏🙏🙏🙏"
"Priyanka Kumari Kumari","https://www.facebook.com/people/Priyanka-Kumari-Kumari/pfbid0e2NkkbC2nHFNAcBroSDaYFnJgSCbhTLm8EQptCmUdkRuozzGV8sDoLFXJNpkqYzJl","🙏🙏🙏"
"Marius Fernando","","[Image Attachment]"
"Kuma Heritage Kingdome","https://www.facebook.com/people/Kuma-Heritage-Kingdome/61550214626294","[Image Attachment]"
"Asanka Weerasinghe","https://www.facebook.com/asanka.weerasinghe.921","[Image Attachment]"
"Laj Alwis","https://www.facebook.com/people/Laj-Alwis/61559123948663","[Image Attachment]"
"Saman Saman","https://www.facebook.com/people/Saman-Saman/pfbid024u8iSmkdsCMg6qhvMPdCnCPHsZoFgLztKEKTFVCiryQrk2nxUmuMREboUmre55Cl","[Image Attachment]"
"Manjula Hewagama","https://www.facebook.com/manjula.hewagama","[Image Attachment]"
"Amal Nisha","https://www.facebook.com/nissankaamal","[Image Attachment]"
"Janath Amarasekara","https://www.facebook.com/janath.amarasekara","බුද්ධ  වචනයෙන් කතාකරපන්, පාහරයෙක් නොවී, ඩවුට් එක, තොපි ජෝගි නටන්නනෙ මෙී සම්බුදු සසුන විනාශ කරමින්."
"Hasun Kavindu","https://www.facebook.com/hasun.kavindu","[Sticker]"
"Saman Saman","https://www.facebook.com/people/Saman-Saman/pfbid02FJY4ymuSiJBYSewx9xNAjihK9q9rDEC2reMzggf2uxRk256w4jFcTpmmhYbScCuNl","[Image Attachment]"
"Daminda Lakshantha","https://www.facebook.com/daminda.lakshantha.5","මොනවද පකයෝ ඔය කියවන්නේ .තෝ කියන්නේ පට්ටපල් බොරැනේ.තෝ කියන එක තෝම අහපන් වල් පරයෝ"
"Upali de Seram","https://www.facebook.com/upali.deseram.3","✨️🦁"
"Sachith B. Manamperi","https://www.facebook.com/buddika.manamperi","[Image Attachment]"
"Ishanka Alles","https://www.facebook.com/ishanka.alles","[Sticker]"
"Bandula Keerthisinghe","https://www.facebook.com/bandula.keerthisinghe.7","https://www.facebook.com/share/v/1bF3wEe2ko/"
"Udaya Ranasingha","https://www.facebook.com/people/Udaya-Ranasingha/pfbid02LeoWxnkG41ctNnShheXs4Ee15B3a3stp7UnqJJh9qC7aa5LjdgRgium3RJiZnV1El","[Image Attachment]"
"Hasitha Gunarathna","https://www.facebook.com/asitha.gunarathna.940","[Image Attachment]"
"Kasun Sandaru","https://www.facebook.com/kasun.sandaru.338","[Image Attachment]"
"W Chaminda Puspakumara","https://www.facebook.com/w.chaminda.puspakumara","[Image Attachment]"
"Nishan Kaluarachchi","https://www.facebook.com/people/Nishan-Kaluarachchi/pfbid02Kh75jRqCaqX93AxAVQDY3H9ToBj69NbqNV5Mrcakm5cepEuYxruzA3tYaUf6Vih3l","[Image Attachment]"
"Lal Gunathilaka","https://www.facebook.com/lal.gunathilaka.54","[Image Attachment]"
"Maduwan Satharasinghe","https://www.facebook.com/profile.php?id=100092932854289","[Image Attachment]"
"D Prithviraj Jayawardena","https://www.facebook.com/dprithviraj.jayawardena","[Image Attachment]"
"Vinitha Jayarathne","https://www.facebook.com/nadun.jayaratna.5","සිවුරට මුවා වුන බත් බැලයෝ"
"Jagath Kumara","https://www.facebook.com/people/Jagath-Kumara/pfbid0kQbftsP7ntYMLkH5EqLD6uYko6xb6SFqsrN2wqBzEVLkPLDw3F4vLUpMszGVNFJrl","[Image Attachment]"
"Ashoka Rajapaksha","https://www.facebook.com/ashoka.rajapaksha.546062","[Image Attachment]"
"Disna Disna","https://www.facebook.com/disna.disna.938805","[Image Attachment]"
"Don Shelton","https://www.facebook.com/don.shelton.718","[Image Attachment]"
"Jason Perera","https://www.facebook.com/people/Jason-Perera/pfbid02D3A4uCbfiyV1qj8WxxR3GrLc44WiuDV7hz3mFEE5B1t2G1ivX5tmJ8BGz1EHqgySl","[Image Attachment]"
"Premarathna Athukorala","https://www.facebook.com/premarathna.athukorala.56","හාමුදුරුවෙක් වෙලත් ඔය තට්ටගෙඩිය ඇතුලේ මොලේ නැද්ද බං ?  2018 අවුරුද්දේ තමයි සිවුර ගලවලා හිරගෙදරට ගියේ !  මයිත්‍රීපාල ජනධිපති තමයි ජනාධිපති සමාව දීලා එලියට දැම්මේ!  කලින් ඒ දීපු සමාවේ දෝෂ සහගත තත්වයක් මතුවී තමයි නැවත අත් අඩංගුවට ගෙන බන්ධනාගත කළේ , මේ මුලු සිද්ධියම අධිකරණ ක්‍රියාවලියකින් තමයි සිදුවුනේ ! මේක නොදන්න ගොං හාමුදුරුවරුත් කියනවා මේක අනුරගෙ වැඩක්ලු , තව අපහාසකරන වචනයකුත් කියලා වර්තමාන ජනාධිපතිතුමාට හා ආණ්ඩුවට බනිනවා !"
"Chamli Jayawardhana","https://www.facebook.com/people/Chamli-Jayawardhana/pfbid036AeY9D2nqL4RafnqmNvepyBjeze9P9GqXB3fREFAqnnbV2oYNNk7MRvArXNDzhWCl","ලැජ්ජ. නැති. පකෙක්"
"Roshan Perera","https://www.facebook.com/people/Roshan-Perera/100080619657150","[Sticker]"
"Rukshala Perera","https://www.facebook.com/rukshala.perera.491037","උබේ මූන හරියට බලගනිං ගනයා."
"Prasanna Gunawardana","","[Image Attachment]"
"Shiffan Ibrahim","","[Image Attachment]"
"Haliq Asadullah","https://www.facebook.com/haliq.asadullah","[Image Attachment]"
"Sanjaya Jayasundara","https://www.facebook.com/sanjaya.jayasundara.716945","[Image Attachment]"
"Palitha Wickramasinghe","https://www.facebook.com/wickramasingh","[Image Attachment]"
"Anurudda Herath Herath Anurudda","https://www.facebook.com/anuruddaherath.herathanurudda","[Image Attachment]"
"Akila Gayan Perera","https://www.facebook.com/akila.gayan.perera","[Image Attachment]"
"Sanka Gay","https://www.facebook.com/people/Sanka-Gay/pfbid0HAYe3SEiJUyddNigN25FSYWmhcoCuPKU5stWZPPiQEPsEUbYi2axgsxpnDQYgSSCl","[Image Attachment]"
"Sagara Gayannayake","","[Image Attachment]"
"Gamini Hewalokuge","https://www.facebook.com/gamini.hewalokuge","[Image Attachment]"
"Michael Arav","https://www.facebook.com/people/Michael-Arav/pfbid0G2h9eTmiLUF8PqQ8kpwyTT4iAZPNKSsV9TJ2R49FXrn9fm493ygu5k17LWk8vPQ6l","💩💩"
"Chamara Weerasekara II","https://www.facebook.com/chamara.weerasekaraii","[Image Attachment]"
"Chandimala Priyadarshani","https://www.facebook.com/people/Chandimala-Priyadarshani/pfbid0vSuXaFzL2FLXNhueufP4QUF4qD7AuWGWPabVtkfXtH8LTuD2fvopDXAEjGjCHBA7l","[Image Attachment]"
"Lalith Prasanna","https://www.facebook.com/lalith.prasanna.370","[Image Attachment]"
"Wasantha Yapa","https://www.facebook.com/wasantha.yapa.7","🖕"
"Sajeewa Kariyawasam","https://www.facebook.com/sajeewa.kariyawasam","https://www.facebook.com/share/v/1JzBKHhcZu/?mibextid=wwXIfr"
"Sp Lax Man","https://www.facebook.com/people/Sp-Lax-Man/61578195551914","දැන් මුනුත් කෙදිරි.ගාන්න අරගෙන"
"Nilan Pradeep De Silva","https://www.facebook.com/nilanpradeep","🤮🤮🤮"
"Bandara Dissanayake","https://www.facebook.com/bandara.dissanayake.72490","[Image Attachment]"
"ස්වධීන විචාරකයා","https://www.facebook.com/people/%E0%B7%83%E0%B7%8A%E0%B7%80%E0%B6%B0%E0%B7%93%E0%B6%B1-%E0%B7%80%E0%B7%92%E0%B6%A0%E0%B7%8F%E0%B6%BB%E0%B6%9A%E0%B6%BA%E0%B7%8F/100024595235046","[Image Attachment]"
"Madusanka Vithanage","https://www.facebook.com/people/Madusanka-Vithanage/pfbid0CQTpK6GTPEkRg9T5ad4SNeZKT4Yto2dN4TJtdsggNoPQrw4M3b9RCYWhYjtnab8El","අනේ තිත්ත ගල්ල හාමුදුරුවනේ ඔයා දැක්කේ නැද්ද ඥානසාර සිල්වත් භික්‍ෂුවකට බයින හැටි ඔයා දැක්කේ නැද්ද ගෝඨාභය ගැනත් කිය කියා පොලිසියට තග දාන හැටි . කුණුහරප කියන හැටි ඔයා කොහෙද හිටියේ එතකොට ඔයා දැකලා අහක බලාගෙන ඉන්නවද ඒ වගේ අයගෙන් තමයි ශාසනේ බේරගන්න ඕනේ. මට සැකයි ඔයා ගැනත් සාසනේ කන්න අපු පොරක් වගේ පේන්නේ දැක්කාම"
"Mohan Perera","https://www.facebook.com/mohan.perera.980","තිත්තයෙක් උඩපනින හැටි.බූරුවා දැනගං නීතිය මොකද්ද කියලා.මූ ජනාදිපතිවරයාට අපහාස කරමින් රජයට අපහාස කරමින් මූ හානසාරයාට නිදහස දෙන්න කියන්නෙ.බල්ලෝ තෝ දන්නෙ නැද්ද  ඕකා බීලා ලයිශන් නැතිව වාහන එලවලා දඩ කෑව බව.නෑමොලයා විතරක් නෙවෙයි උගෙ අම්මටත් හිරේ යන්න වෙන සයිස් එකක් තියෙන්නෙ.උනුත් ඔයදේවාලෙ පූජා තිබ්බා.ඒත් වැරදි කරල දෙයියන්ට වංචා කරන්න ගියොත් පනිශ්මන්ට් එක්ස්ප්‍රස්"
"Bhikkhu Muditha","https://www.facebook.com/people/Bhikkhu-Muditha/61594910470521","ගලගොඩඅත්තේ හාමුදුරුවෝ අපරාධයක් සිදු කර නොව, උන්වහන්සේ දුටු සමාජයේ සිදු වෙමින් පැවති හානිකර දේවල් පිළිබඳ කතා කරන්න ගිහිල්ල, සමාජයට යහපතක් කරන්න ගිහිල්ල, එහිදී භාෂා භාවිතය පිළිබඳ ඇති වූ ගැටලු නිසා තමයි සිරදඬුවම් නියම වුණේ. මම දන්න තරමින් උන්වහන්සේ අසත්‍ය ප්‍රචාර ගෙන ගියා කියලා අධිකරණයකින් තීන්දු කර නැහැ. යමක් ඉදිරිපත් කල ආකාරයට වඩා ඒ කෙනාගේ සමස්ත ක්‍රියාවලිය තුළ චේතනාව පිරිසුදු නම් එවැනි අයෙක්ට මින් පෙරදීත් රටේ නීතියට අනුව ලබා දුන් නිදහස  නිවැරදිව ලබාදීම සිදු විය යුතු දෙයක්. මෙවැනි ප්‍රශ්නයක් විසඳිය යුත්තේ වෛරයෙන් සහ ම්ලේච්ඡ ලෙස අදහස් ඉදිරිපත් කිරීමෙන් නොව මෛත්‍රී සහගතව, යුක්ති සහගතව අදහස් ඉදිරිපත් කිරීමෙන් සහ ක්‍රියා කිරීමෙනි."
"Bhikkhu Muditha","https://www.facebook.com/people/Bhikkhu-Muditha/61594910470521","""මනුෂ්‍යත්වයේ අත්සන"" තබන්න ඔබත් එක්වන්න! 🤝✍️ ඔක්තෝබර් 9 සිට 18 දක්වා දෙවුන්දර සිට මිහින්තලය දක්වා මුළු රටම යා කරන උදාර ගමන. ඔබගේ මනුෂ්‍යත්වයේ අත්සන එක් කිරීමට පහත දිනවලදී අප සමඟ එකතු වන්න! 🙏✨🇱🇰 📍 ගමන් කාලසටහන:  * ඔක් 09 (උදේ 8.00): දෙවුන්දර ➔ මාතර ➔ වැලිගම ➔ හබරාදුව ➔ ගාල්ල  * ඔක් 10: හික්කඩුව ➔ ඇල්පිටිය ➔ අම්බලන්ගොඩ ➔ කළුතර ➔ වාද්දුව  * ඔක් 11: පානදුර ➔ මොරටුව ➔ රත්මලාන ➔ දෙහිවල ➔ කොළඹ  * ඔක් 12: ගම්පහ ➔ මීරිගම ➔ කඩවත ➔ කිරිබත්ගොඩ  * ඔක් 13: නිට්ටඹුව ➔ අඹේපුස්ස ➔ වරකපොල ➔ කෑගල්ල  * ඔක් 14: මාවනැල්ල ➔ කඩුගන්නාව ➔ පිළිමතලාව ➔ නුවර ➔ දිගන  * ඔක් 15: කටුගස්තොට ➔ මාතලේ ➔ නාඋල ➔ ගලේවල ➔ දඹුල්ල  * ඔක් 16: තඹුත්තේගම ➔ මරදන්කඩවල ➔ හබරණ ➔ අනුරාධපුරය  * ඔක් 17: මින්නේරිය ➔ හිඟුරක්ගොඩ ➔ පොළොන්නරුව ➔ කදුරුවෙල  * ඔක් 18: මිහින්තලය හැමෝටම ගෞරවයෙන් ආරාධනා කරනවා! 🤝✨"
"Mohamed Yazeer","https://www.facebook.com/mohamed.yazeer.370","ගරු අනුර ජනාධිපතිතුමනි අන්තවාදීන්ට සමාව නොදෙන්න ඔබ තුමා පොරොන්දු උනා මේ රටේ ජාතිවාදයට ඉඩ නොදෙන බව එනිසා මේවගේ අන්තවාදය වැපුරන උන්ට නීතිය ඉදිරියට ගෙන්න ❤️"
"Pathima Perera","https://www.facebook.com/people/Pathima-Perera/pfbid02KkbmyuyzHoWMiT2muLgVf2LjZHvwUtAu9K8gfre4Q9E4qdejfKjLUr5tfiz3AEaRl","ඕක තොගේ පුකේ හ‍රි පකේ හරි ගහගන් පකෝ හුත්තෝ තොපේ ගලබොඩ කුණුහරප කියන වෙසිගේ පුතාට ගිහින් කියාපිය පකෝ"
"Dhanushka Indumal Hewathanthri","https://www.facebook.com/dhanushka.indumal.hewathanthri","Sasanaya nathi wenne sasanaye inna oyawage siura porawa gattu charayak bethi hamuduruwo hinda"
"Ari Perera","https://www.facebook.com/ari.perera.94523","හොදට   කකුල් දෙක පලල් කරල  දෙකට නෙවිල පුක දීපන් කෙල  මමගානෙ  හොදේ  කාලකන්නි අවජාතක  වේසිගෙ පුතා සිවුරට නිගාකරන අවජාතකයා"
"Pashantha Dilif","https://www.facebook.com/pashantha.dilif","@ස්"
"Priyantha Premalal","","නානසාරගෙද බුදු දහම අනෙ පලයන් බං තොගෙ අතිතය හොයලා බලපල්ලා  උබත් ඔය සිවුරට සුදුසු නැ  බණ කිවුවාට උබලා ක් ආගම විකුණා ලා කන ජාතියක්"
"Sunil Maddumage","https://www.facebook.com/sunil.maddumage.2025","කාරෙද්දක් පුරෝගත්ත වේශික පුතෝ උඹ කියන දේනේේ උනේ කෝමාගම උසාවියේ මූ ඇතුලට ගිහිල්ලා මුගේ පෙන්නන්න ගියා. මුගේ බලය පෙන්නන්න ගියා. ඒක තමයි හ**** උනේ අම්මට හුගක් නැතුව කට වහගෙන ඇත්ත ගියපන් ක*****"
"Wijith Lakmal","https://www.facebook.com/people/Wijith-Lakmal/61577659886716","පල හුත්තො"
"Amila Virantha","https://www.facebook.com/amilavirantha","නිදන් හොරෙක් නීතිය ගැන කථා කරනවා"
"Chathuka Deusith","https://www.facebook.com/profile.php?id=61580529317957","Sasanaya wenuwen  karanna ona taram deywal thiyanawa  oka  karea desapalanana nodakin balapan ko hantanea hamuduruwo  uabawath hirea Danna ona  uabath gotayekh sakkili Gahala   alawanna ona uaba  wagea sagaayo  ratata winasayakh muhunu potha nat nanam uabatath danaya Naha dviyao ennawanam ubala  wagea aun  sasanayata  aidha nodakin  sasnataasa kiyatadha nodakin puka nodi paduwea eadapan  uabAla Dana jogi ratama dannawa apith ratawal Wala jivithaya Gatha karala thiyanawa kauadha ban bigsu perumenea ainsaka minisunta uau karae labba bassa gannea nathuwa hitapan kalanniya nodakin"
"Chathuka Deusith","https://www.facebook.com/profile.php?id=61580529317957","Uaba kauadha face book wirayadha ainsaka minisunta darmaya Deana karapan uabath awanka gotaya  mama danna darmayata  anuwaw"
"කලාත්මක දැව විදුලි පහන්","https://www.facebook.com/zmll9avegy","අනේ පලයන්  පකෝ  යන්න තොපි අපිටත්  පවු පුරවනවා  සක්කිලි"
"Prasad Amarasri","https://www.facebook.com/prasad.amarasri","මහ වෙසි ටත් හෙණම ගහපිය දඩාවතේ ගිහින් බල්ලෙකු ට කියලා හුකොගෙන හදපු ලපය"
"Laksitha Bandara","https://www.facebook.com/laksitha.bandara.975259","Diyo kohada darama6a danna"
"Sunil Priyantha","https://www.facebook.com/people/Sunil-Priyantha/61576909216509","ජාතිකබික්සු පෙරමුණ  අම්මගේ පුස්කාපු  කිම්බ උඩ තියපිය  ගෝත වෙසිගේ පුතාලා"
"Anton Kumara Baddeliyanage","https://www.facebook.com/profile.php?id=61592445572924","අර ප්‍රංශයේ ගෑනිට ළමයෙක් ඉන්නවා ඒක උඹ දන්නැද්ද ඔය දඟලන්නේ තොටත් කොහේ හරි ගෑණු ඇති"
"Pradeep Perera","https://www.facebook.com/pradeep.perera.753051","තිතගල්ල තෝ කඤානසාරට බඩු සප්ලයි කල එකානේද"
"Supun Supun","https://www.facebook.com/people/Supun-Supun/pfbid02rPmxvh9Poou1e5EZa44LFr7hDD6KTX3M8Yxh9aBkGszNnPD4qq3u5PK2HpLFW8sKl","මුනේ යක්ෂයා පෙන්නේ නැද්ද අගුරු කෑල්ල වගේ"
"Suriya Bandara","https://www.facebook.com/suriya.bandara.753305","Dane.waladanne.rate.janatawagen.neda"
"Damith Sandaruwan","https://www.facebook.com/people/Damith-Sandaruwan/pfbid02qgw1C8WnSQ2yppszYvZ3bnKvd1HiVxe7SYhMQsSfRwjmARQueycFJm38Krfqum9Fl","තතාගතයන් වහන්සේ දේවදත්තට මොන විදිහට කතා කරත් සිත තුළ ඇත්තේ කරුණාවයි මහා කරුණාවයි ඔබවහන්සේ කියන දේවල් වලින් අපිට පේන්නේ ඔබවහන්සේ තුළ ද්වේශය ඉපදිලා ලියනන එකයි"
"Saranga Kiridena","https://www.facebook.com/saranga.kiridena.5","අඩේ ගල් තිස්සෝ තොපි සිවුරු ගැන කතාකරන්න කලින් විනය පිටකය කියලා පොතක් තියෙනවා, වෙලාවක ඔය birthday party ක කුඩුවෙන්න ගහලා ඉන්න වෙලාවක ආවාසගෙට කෑලි 2කුත් දාගෙන් කියවපිය."
"Susantha Kelum","https://www.facebook.com/susantha.kelum","පල  සිව්‍ රැ  රඳවන  තූ කහකඩය"
"Indika Arunajeewa","https://www.facebook.com/indika.arunajeewa.498367","මුන් හදන්නේ  බුද්ධගම නැති කරලා ක්‍රිරිස්තියානි,ආගමයි දෙමල ආගම් ඇති කරන්නද?ඒවා සුම්මා"
"Ruwan Dinesh","https://www.facebook.com/people/Ruwan-Dinesh/pfbid0KLTyrM5xZ4CfbF97WbBSgBXmKBUDDL7WkgabV8iVeyRP3iaPsEXBVY3BHUXPXZuil","පල පල සගයෝ ඔක්කොම එකයි.පකයි.තු අවලන් හැත්ත"
"Anil Katathota","https://www.facebook.com/anil.katathota","තිත්ත ගල්ලේ හාමුදුරුවෝ අධිකරණය නියත තීරණය දීලා තියෙන්නේ රණවිරූන්ට මොන මගුලට දැන් යුද්දෙත් ඉවරවෙලා තියෙද්දි රණවිරි වෙනුවෙන් මොන මගුලටද කතා කරන්න ගියේ එක එකාගෙන් එකාගෙන් අනුකාලා අනිත් එක ප්‍රෙක් වගේ තෙක්නැලි ගොඩගේ වයිෆ්ට කුණුහරපෙම් බැන්නනේ උසාවිය නඩුසාවියට ගිහින් උසාවියෙන් අඩුකාරයන්ට බහින්න පුළුවන්ද එහෙම ගල්බද්දේ ඥානසාර කියන හුත්තිගේ පුතා උගේ මේ ගෝඨාභය රාජපස්සට පුක දෙනවා කියලා නිකන් බලෙන් ගිහින් වෙලා උසාවි කෙනෙක් හොඳ වැඩියි තිත්ත ගල්ලේ උඹත් ඊළඟට ලෑස්ති සඳහන් අධිකරණයට අපහාස කිරුවා කියලා ඊළඟට යන්නේ උඹ තිත්තගල්ලේ උඹයි වර වලවා හැංගුණ බැවින් වනචාරියයි උඹලයි එකට වැළලෙන්නේ හුත්තිගේ පුතෝ"
"Saman P Sepala","https://www.facebook.com/saman.p.sepala","තිත්තයා උ⁣⁣ඹෙි අමිමාට හුකාපන් කැරියා"
"Pd Chandrasiri","https://www.facebook.com/people/Pd-Chandrasiri/pfbid0krUrBfcbyhDdiUroMm7NwWsW4U4i2Aqhxo5PwUiLRothrZFvExB9NwBduurqmnMRl","වද  බෙසියර්  වද  කොත්තු  වද  ටොපි  මෙයාගෙ  නිර්මානයක්  බ අපි  දනී"
"Karunarathna Karunarathna","https://www.facebook.com/people/Karunarathna-Karunarathna/pfbid02nh4ymUyaUZ26LBvMKFes3LEasFrTfGs1zB8q2ktuWivZ86dCvSLsSh7XJsHtCDLGl","සිව්රට අත තිබ්බේ නැ තොපි වගේ අවජාතක සක්කිලි මේ සාසනෙන් අයින්ම කරලා දාන්න ඕන එතකොට තමයි බුද්දසාසනය රැකෙන්න්නේ තොපි සිව්රක් දාගෙන එක එක දේශපාලුවන්ට කඩේ යන්නේ නැතිව බුද්දසාසනය වෙනුවෙන් රටේ පුරවැසියන්ට හොද බික්සුවක් වෙයන් කැරි පොන්නයා"
"Seelarathana Seelarathana","https://www.facebook.com/people/Seelarathana-Seelarathana/61594547545412","මොනවද හුත්තො දොඩන්නේ?රිලා බණද?"
"Subodha Gayan Willarachchi","https://www.facebook.com/subodhawillarachchi","අනේ පල ගෙරිය"
"Sajeewa Kariyawasam","https://www.facebook.com/sajeewa.kariyawasam","ගලගොඩ වත්තද රාජපක්ෂද😂😂😂😂 අනෙ තිත්තෙ"
"Dayananda Dayananda","https://www.facebook.com/dishan.thilanka.9","හුත්තිගෙ පුතා ජනාධිපති කරන්නෙ මිනිස්සුන්ගෙ උවමනාවන් පමනයි .තොගෙඅමුඩෙන් වැඩක් නැ අපිට ඒකට තමයි අපි බලය දුන්නේ"
"Gamini Rankoth","https://www.facebook.com/gamini.rankoth.2025","අනේ අපිරිකාවේ මල්ලි ඔයා මේ කොංගු වනාන්තරයේ ඉඳලා ලංකාවට ආවට අපිට කමක් නෑ. අපි යන්නේ නෑ කොඟවනාන්තරයට ඒ හින්දා උඹලා හිතන්න එපා අනුර කුමාර මහත්තයත් එක්ක හොරුන්ට සෙල්ලං කරන්න පුළුවන් කියලා ංහල කතා කරාට තාත්තා අප්‍රිකාවේ මනුෂ්‍යයෙක්නේ. ඒකනේ ඔයා ඔච්චර ඔය කළු පාටට බලන්න බැරි අප්පිරියාවෙන් යකෙක් වගේ ජීවත් වෙන්නේ"
"Sumith Godawatta","https://www.facebook.com/sumith.liyanage.71","මේ සාසනය ආරක්ෂා කරගන්න ඔනේ උබල වාගේ වසල ගනයොන්ගෙන්.කාතා කරන්නදන්නෙ නෑ පාතලයෝ වාගේ කාතාව."
"Amkg Weerasinghe","https://www.facebook.com/amkg.weerasinghe","උඹලා සංග කියන්නෙ සිවුරු දාගෙන හරාතාල් කරන මදාවි වැඩකර උංටද   සංග කියන්නෙ සොවාන් සකූර්දාගාමි අනාගාමී අරිහත් උත්තමයින් වහන්සෙලාට පමනයි   බුද්ධ වචනයට අගවුරව කරනවාට තමයි සොබාදහම දඩුවම් දෙන්නෙ"
"Amkg Weerasinghe","https://www.facebook.com/amkg.weerasinghe","රට පෙරට   උපසංපදා උනානං වැරදි කරන්නෙ නැ   හරියට මහන උනානං වැරදි කරන්නෙ නැ   දෙවාලෙත් යන්වෙලා බුදුහිමි අමතක වෙලා මුංට උනෙ එකම තමයි"
"Diyan Karunamuni","https://www.facebook.com/diyan.karunamuni.9","මචං ගිනිතියාගනින් උබෙ නම රන් අකුරෙන් ලියවෙයි."
"Rin Fatima Rin","https://www.facebook.com/rin.fathima.5","Kawru weradi karada e mona agama kenek uwada Kam naetha daduwam laebiya uthui..."
"Sisil Kumara","https://www.facebook.com/sisil.kumara.3572","පිස්සෙක්"
"Neal Yapa","https://www.facebook.com/neal.yapa","Assuuchi kanno thopi wage Desapalana Mafiyagen Sasanaya bera gathauthu Kalaya Pamina atha."
"Miyuru S Liyanage","https://www.facebook.com/miyurus.liyanage.1","අනුරට පර බල්ලො කියා , සක්කිලින්ට ජාතකවූ එලාරලාගේ ඉතුරු දාතු පරයෝ කියා කවුරුත් අවලම් සක්කිලි ජෙපයියෝ මාලිමා පරයෝ කියා බනින්න එපා ප්ලීස් ප්ලීස් ප්ලීස් ප්ලීස්  😍😍😍😍😍😍😍😍😍😍😍"
"Sameera Senarath","https://www.facebook.com/people/Sameera-Senarath/pfbid02iQj3Gci5MzD5wHoXYk1cQ8yfuy3yHeJU6Z6Qm6YfufudAZtjnNwCZR6ZzaUAZomil","""මනුෂ්‍යත්වයේ අත්සන"" තබන්න ඔබත් එක්වන්න! 🤝✍️ ඔක්තෝබර් 9 සිට 18 දක්වා දෙවුන්දර සිට මිහින්තලය දක්වා මුළු රටම යා කරන උදාර ගමන. ඔබගේ මනුෂ්‍යත්වයේ අත්සන එක් කිරීමට පහත දිනවලදී අප සමඟ එකතු වන්න! 🙏✨🇱🇰 📍 ගමන් කාලසටහන:  * ඔක් 09 (උදේ 8.00): දෙවුන්දර ➔ මාතර ➔ වැලිගම ➔ හබරාදුව ➔ ගාල්ල  * ඔක් 10: හික්කඩුව ➔ ඇල්පිටිය ➔ අම්බලන්ගොඩ ➔ කළුතර ➔ වාද්දුව  * ඔක් 11: පානදුර ➔ මොරටුව ➔ රත්මලාන ➔ දෙහිවල ➔ කොළඹ  * ඔක් 12: ගම්පහ ➔ මීරිගම ➔ කඩවත ➔ කිරිබත්ගොඩ  * ඔක් 13: නිට්ටඹුව ➔ අඹේපුස්ස ➔ වරකපොල ➔ කෑගල්ල  * ඔක් 14: මාවනැල්ල ➔ කඩුගන්නාව ➔ පිළිමතලාව ➔ නුවර ➔ දිගන  * ඔක් 15: කටුගස්තොට ➔ මාතලේ ➔ නාඋල ➔ ගලේවල ➔ දඹුල්ල  * ඔක් 16: තඹුත්තේගම ➔ මරදන්කඩවල ➔ හබරණ ➔ අනුරාධපුරය  * ඔක් 17: මින්නේරිය ➔ හිඟුරක්ගොඩ ➔ පොළොන්නරුව ➔ කදුරුවෙල  * ඔක් 18: මිහින්තලය හැමෝටම ගෞරවයෙන් ආරාධනා කරනවා! 🤝✨"
"Lkumara Subasigh","https://www.facebook.com/people/Lkumara-Subasigh/pfbid0KY9iNoCk3nF9LyEWszDLd6jXjS8CYivdPfKiFKxkt4UdxpnRoixxBLDfpXG2uMP6l","මේ රට. ගැන ජාතිය ගැන පැලවත්තේ මහ නඩයටවත් උන්ගේ අසුචි බුදින ඩොබි හැත්තටවත් කැක්කුමක් නැති බව අපි දනිමු එක මේක කෝක උනත් මේ සිංහල බෞද්ධ රට රකින පෙරමුණේ අපි එදත් අදත් හෙටත් දිවිහිමියෙන් ඉන්නවා මෙරට මේ නඩයෙන් බේරගතයුතුයි මේ කාලකන්නි නිරාගමිකයන් පලවා හරියයුතුයි. උතුම් අරහත් දජයට ආතතියපු අවලමුන්ගෙන් මෙරට බේරගතයුතුමයි මහනායකලා සැප නින්දේ ඔවුන්ගෙන් වැඩකුත් නැත සිදුවෙන ලබ්බක් ද නැත. පදවි තානාන්තර මොනමගුලටද දරන්නේ ඕවගෙන් වැඩක් ගනීවි අකුලාගෙන ඉන්නේ නැතුව බිරි අලිවගේ"
"Chamara Sadaruwan","https://www.facebook.com/chamara.sadaruwan.285279","නිකමි පල යන්න"
"Kasun Ranasinghe","https://www.facebook.com/kasun.ranasinha.98","දැකලා නැත්තම් බලා ගන්න දේවදත්තගේ ගොලයෝ විනාස කරන්න ආව උතුම් ස්වාමින්වහන්සේලා 🙏💖"
"Sasara Gamana Nawathamu","https://www.facebook.com/people/Sasara-Gamana-Nawathamu/100010236633724","අත්සන් බම්බුවක් වැඩක් නෑ අනුරයා ගහලා පන්නන්න ඕන ඒකා රට හදනව⁣ා නෙමෙයි මිනිස්සු බේද බින්න කරනවා ජාතිය විනාශ කරනවා"
"Sunil Jayarathna","https://www.facebook.com/people/Sunil-Jayarathna/pfbid02PYmUHFtY3V7o5wi1NGjchbwA4xHMHAccDWeUZrzZgfPLX3DL1zCavACkHmTfVcoTl","සක්වල ගලෙන් එහාට එලවන්න ඕනෑ යක්සයෝ නෙවෙයි තොපි වගෙ පෙරේතයෝ"
"Chamod Dilshan","https://www.facebook.com/chamod.dilshan.73550","""මනුෂ්‍යත්වයේ අත්සන"" තබන්න ඔබත් එක්වන්න! 🤝✍️ ඔක්තෝබර් 9 සිට 18 දක්වා දෙවුන්දර සිට මිහින්තලය දක්වා මුළු රටම යා කරන උදාර ගමන. ඔබගේ මනුෂ්‍යත්වයේ අත්සන එක් කිරීමට පහත දිනවලදී අප සමඟ එකතු වන්න! 🙏✨🇱🇰 📍 ගමන් කාලසටහන:  * ඔක් 09 (උදේ 8.00): දෙවුන්දර ➔ මාතර ➔ වැලිගම ➔ හබරාදුව ➔ ගාල්ල  * ඔක් 10: හික්කඩුව ➔ ඇල්පිටිය ➔ අම්බලන්ගොඩ ➔ කළුතර ➔ වාද්දුව  * ඔක් 11: පානදුර ➔ මොරටුව ➔ රත්මලාන ➔ දෙහිවල ➔ කොළඹ  * ඔක් 12: ගම්පහ ➔ මීරිගම ➔ කඩවත ➔ කිරිබත්ගොඩ  * ඔක් 13: නිට්ටඹුව ➔ අඹේපුස්ස ➔ වරකපොල ➔ කෑගල්ල  * ඔක් 14: මාවනැල්ල ➔ කඩුගන්නාව ➔ පිළිමතලාව ➔ නුවර ➔ දිගන  * ඔක් 15: කටුගස්තොට ➔ මාතලේ ➔ නාඋල ➔ ගලේවල ➔ දඹුල්ල  * ඔක් 16: තඹුත්තේගම ➔ මරදන්කඩවල ➔ හබරණ ➔ අනුරාධපුරය  * ඔක් 17: මින්නේරිය ➔ හිඟුරක්ගොඩ ➔ පොළොන්නරුව ➔ කදුරුවෙල  * ඔක් 18: මිහින්තලය හැමෝටම ගෞරවයෙන් ආරාධනා කරනවා! 🤝✨"
"Edward Kotte","https://www.facebook.com/people/Edward-Kotte/pfbid0PEkR2Gtz8gCds4UBYzTU7UaHpynWNWQb6UdyoqtYG5yKtErCZDR9KTe9Q77xW4Zvl","බඩගින්නට හිඟන කුඩ්ඩන්ට ජාතක වෙච්ච ළමයි පන්සලට බාර දෙනවා   ප්‍රතිඵලය තමයි. තිත්තා ගල තඩි වල් ඌරා  කසිප්පු සාර  ඉත්තා හුත්ති  අටමස්ථානාධිපති  කාශ්‍යප පියා මැරපු මිනිමරුවා  සමන්ති  බඩඩ මිහින්තලේ වනචාරිය  රාජපක්ෂලාට පුක දෙන  චීවරයෝ  රට වටේම සිවුරු පොරෝගෙන පින් බත් ගිලිනවා මිසක් රටට වෙන සේවයක් නැහැ, පින් බත් කාලා ඌරො වගේ මහත් වෙලා  මුං රටේ සාපය  ජනතාවට අප්පිරියයි  පාර දැක්කොත්  කෙළ ගහන තත්වෙට වැටිලා ඉන්නේ"
"Srilal Herath","https://www.facebook.com/srilal.herath.12","පල කැරියෝ යන්න"
"Meheni Nanda","https://www.facebook.com/meheni.nanda","ඔබේ වටිනා අත්සන ලබා දෙන්න  තෙරුවන් සරණයි!!!"
"Nalin J Edirisinghe","https://www.facebook.com/nalin.j.edirisinghe","සටන දිලටම කරපං .පෙත්සම ගහගනිං ...."
"Sampath Jayakody","https://www.facebook.com/sampath.jayakody.9279","Nalin J Edirisinghe හාමුදුරුවරුන්ට අපහාස කරන තොපිට තොපේ දරුවන්ටත් සාපවේවා"
"Bhikkhu Muditha","https://www.facebook.com/people/Bhikkhu-Muditha/61594910470521","[Image Attachment]"
"Irangani Susila","https://www.facebook.com/people/Irangani-Susila/61585034896925","අනෙක් පළන් යන්න හුත්තිගේ පුතා"
"Prasanna Gunawardana","","සිවුර දරාගත් පමණින් කෙනෙකු සැබෑ ධර්මධරයෙකු වන්නේ නැහැ. බුදුදහම රැකෙන්නේ චීවරයෙන් පමණක් නොව, ධර්මයට අනුව ජීවත් වීමෙන්. චීවරය දරන කෙනෙකුගේ වැරදි ක්‍රියා ආරක්ෂා කිරීමෙන් නොව, ඒවා නිවැරදි කරගැනීමට යොමු කිරීමෙන් තමයි සම්බුද්ධ ශාසනයේ ගෞරවය රැකෙන්නේ. බුදුදහම විනාශ කිරීමට පිටතින් සතුරන් අවශ්‍ය නැහැ; ධර්මයේ නාමයෙන් ධර්මයටම පටහැනිව හැසිරෙන අය සිටීමත් විශාල හානියක්.බුදුදහමට ඇති විශාලතම තර්ජනය සිවිල් පුරවැසියන්ගෙන්වත්, වෙනත් ආගමිකයන්ගෙන්වත් නොව, බුදුදහම නියෝජනය කරන බව පෙන්වමින් චීවරය දරාගෙන ධර්මයට පටහැනිව හැසිරෙන ඇතැම් පුද්ගලයන්ගෙන්ම ඇති විය හැකියි."
"Chika Jayasumana","https://www.facebook.com/ijpathirana.pathirana","පල ගූ කන ප්මක්‍ය්"
"Sujee Kr Rohantha","https://www.facebook.com/SujeewaRohantha","මූටත්  දෙන්න ඕන ඔහොම යන්කෝ ,,, පරයා"
"Rooth Okkampitiye","https://www.facebook.com/profile.php?id=100022464853575","elawannama oni oya kare pahath wadak sasane winasa karanna apu dewa dattala"
"Vikum Susantha","https://www.facebook.com/vikum.susantha.7","Janadiptitq oka sudusu na mam nam piliganneth na"
"Gamini Hewa","","තෙරුවන සරණයි ! බෞද්ධයා විතරයි තමන්ගේ පූජ්‍ය පක්ෂයට බනින්නේ.වෙන ආගම්වල අය කවදාවත් තමන්ගේ පූජ්‍ය පක්ෂයට බනින්නේ නෑ.හාමුදුරුවරුන් වුනත් පවක් කළොත් කර්ම විපාකය අනිවාර්යයෙන් ම එනවා. බුදුදහමේ තියෙන්නේ තම තමන් හැදෙන්න. හාමුදුරුවරුන් හදන්න ගිහියන්ට බලයක් දීලා නෑ. එසේම ගිහියන්ට සිල්පද 5 රැකගන්න බෑ. නමුත් හාමුදුරුවන් සිල්පද 10 රකිනවා ද කියලා හොයනවා. හොඳ ගුණ යහපත් ගිහියන් කවදාවත් හාමුදුරුවරුන්ට බනින්නේ නෑ.පන්සලකට යන්නේ නැති,දානයක් දෙන්නේ නැති නාමික බෞද්ධ ගිහියන් තමයි හාමුදුරුවරුන්ට බැණ බැණ ඉන්නේ. බුදුදහමේ තියෙන්නේ තම තමන් හැදෙන්න මිසක් අනුන්ගේ වැරදි හොයන්න නෙවෙයි. හාමුදුරුවරුන්ට බැණ බැණ ඉන්න බෞද්ධ පින්වතුන් මුලින්ම පන්සිල් පද 5 හරියට රකින්න පටන්ගන්නා ලෙසත්, නිතර පන්සල් ගොස් චෛත්‍යය,බෝධිය වන්දනා කරන ලෙසත්, මත්පැන් බොන සල්ලිවලින් මසකට වරක්වත් පන්සලකට දානයක් දෙන ලෙසත් කාරුණිකව ඉල්ලා සිටිමි. බුදුදහමේ තියෙන්නේ තම තමන් හැදෙන්න."
"Nalinda Saranga Rathnayake","","""මනුෂ්‍යත්වයේ අත්සන"" තබන්න ඔබත් එක්වන්න! 🤝✍️ ඔක්තෝබර් 9 සිට 18 දක්වා දෙවුන්දර සිට මිහින්තලය දක්වා මුළු රටම යා කරන උදාර ගමන. ඔබගේ මනුෂ්‍යත්වයේ අත්සන එක් කිරීමට පහත දිනවලදී අප සමඟ එකතු වන්න! 🙏✨🇱🇰 📍 ගමන් කාලසටහන:  * ඔක් 09 (උදේ 8.00): දෙවුන්දර ➔ මාතර ➔ වැලිගම ➔ හබරාදුව ➔ ගාල්ල  * ඔක් 10: හික්කඩුව ➔ ඇල්පිටිය ➔ අම්බලන්ගොඩ ➔ කළුතර ➔ වාද්දුව  * ඔක් 11: පානදුර ➔ මොරටුව ➔ රත්මලාන ➔ දෙහිවල ➔ කොළඹ  * ඔක් 12: ගම්පහ ➔ මීරිගම ➔ කඩවත ➔ කිරිබත්ගොඩ  * ඔක් 13: නිට්ටඹුව ➔ අඹේපුස්ස ➔ වරකපොල ➔ කෑගල්ල  * ඔක් 14: මාවනැල්ල ➔ කඩුගන්නාව ➔ පිළිමතලාව ➔ නුවර ➔ දිගන  * ඔක් 15: කටුගස්තොට ➔ මාතලේ ➔ නාඋල ➔ ගලේවල ➔ දඹුල්ල  * ඔක් 16: තඹුත්තේගම ➔ මරදන්කඩවල ➔ හබරණ ➔ අනුරාධපුරය  * ඔක් 17: මින්නේරිය ➔ හිඟුරක්ගොඩ ➔ පොළොන්නරුව ➔ කදුරුවෙල  * ඔක් 18: මිහින්තලය හැමෝටම ගෞරවයෙන් ආරාධනා කරනවා! 🤝✨"
"Duminda Ekanayake Dumi","https://www.facebook.com/duminda.ekanayake","පක තමයි..ගොන් වෙසිගෙ පුතා"
"Ranzi Rane","","අතාරින්න එපා🤣😀දිගටම පජාතවෙන්න"
"Pragna Alankara","https://www.facebook.com/pragna.alankara.2025","[Image Attachment]"
"Ranjith Kumara","https://www.facebook.com/people/Ranjith-Kumara/pfbid0MjANaVxdjznzSzC5GEr66HBfvCTncJfziT5RJwA731KvjuZyySPD6q75uziKDJoTl","🖕🖕🖕"
"Niro Senanayake","https://www.facebook.com/niro.senanayake.376","සියළු අනීතික, අපචාර, දුරාචාර, අසබ්ය ලෙස හැසිරෙන පුද්ගලයන් ගෙන්, බුද්ධප්‍රමුක මහා සංඝරත්නය ඇඳි පූජනීයවූ ""චීවරය"" බේරගමු! රාජපක්ෂලගෙ සල්ලිවලට විකිනෙන වහල්ලු මුන්.  චීවරය දැරීමට තිත්තගල්ලේත් සුදුසු  නැත. මෙයා නිකම් පාතාලෙ ඉන්න මෝඩ ගොබ්බ චන්ඩි ගනන්කාරයෙක් වගේ මාධ්‍යයෙ හැසිරෙන්නෙ.  රාජපක්ෂලගෙ  ගුන වයනව නාමල් රාජපක්ෂ තක්කඩිය  වැලිකඩ බන්ධනාගාර ඉදන් භාවනා කරනවලු. හොරා කාල රට වලපල්ලට දාල විනාශ කරන්න කලීන් ඔය භන , භාවනාව කියල දෙන්න තිබුණනේ? මේ රටේ අහිංසක මාධ්‍යයවේදින්ව මරල, ලසන්ත වික්‍රමතුංග ඝාතනය කරල. මිනීමැරු අලුගෝසුවන්ට සල්ලිවලට කඩේ යන අමන තක්කඩිය ගොබ්බ චීවරදාරියෙක් තමා මේ බොරුවට කහින්නෙ? මිනීමරුවන්ට , හොරුන්ට  සල්ලිවලට විකිනෙන තක්කඩියෙක් බොරුවට කැ ගහනව"
"Pathima Perera","https://www.facebook.com/people/Pathima-Perera/pfbid02KkbmyuyzHoWMiT2muLgVf2LjZHvwUtAu9K8gfre4Q9E4qdejfKjLUr5tfiz3AEaRl","කැරිහුත්තෝ අර අටමස්තාන ගනය ළමයෙක් දුසනයකරා තෝ හුත්තෝ ඒකට මොකද කියන්නෙ කියලා අපි අහනව පකෝ පකෝ"
"Rathnayaka Rmi Rathnayaka","https://www.facebook.com/indrasana.indrasana.520","[Image Attachment]"
"Chathura Madushan","https://www.facebook.com/chathura.madushan.224348","කොලු කාරයෝ ටික එලවලා හිටපං ඊට කලින්😁"
"Dammi Karu","https://www.facebook.com/people/Dammi-Karu/pfbid0bHNBPWJB5R9dxUAuow5DB7BkzwQPFxTYeqx21Kbu7Y2Utgsr9fp6RaK3FhyaAH5xl","අපේ හාමුදුරුවනේ මම නම් මින් මතුවට දෙවියන් වන්දනා නොකර මි අපේ ගලබොඩ ඇත්තේ අපේ ගරු හිමිපානම් වහන්සේ ට යුක්තිය ඉටු වනතුරු  දෙවියන් ට පිං නොදෙමි"
"Nuwan Sagara","https://www.facebook.com/nuwan.sagara.71404","මේක අහන්නම ඕන කතාවක් https://www.facebook.com/reel/1120227577158262/?mibextid=Nif5oz"
"Peumal Wijewardana","https://www.facebook.com/peumal.wijewardana","හු#ත ගල්ලේ.."
"Horses Mera","https://www.facebook.com/people/Horses-Mera/pfbid02YRNA4ECaX7AGoF4CrHx53CP5btmQRmTSpnDit651wpVUYozrARatvqgp5y3QBg3ql","""අනුර පොඩි එකා"" ඇත්තටම අනුරට බෑ"
"Premathilaka Chandrasiri","https://www.facebook.com/people/Premathilaka-Chandrasiri/pfbid02xroZUeuTq8jeioFVj6QGueneFmZHbusFp3XQsridT6Xtineqe5JFsqqfQ9edHpUbl","(*∂ー∂*)ｲﾗﾅｲﾜ"
"Thusitha Perera","https://www.facebook.com/thusitha.perera.944","https://www.facebook.com/share/v/1Emrfoz1Hw/"
"Sriyani Sriyani","https://www.facebook.com/sriyani.sriyani.746454","👍👍👍"
"Sunil Maddumage","https://www.facebook.com/sunil.maddumage.2025","අවංකවම කියනවනම් බුදුහාමුදුරුවන්ගේ සිවුරැස් බුදු බුද්ධ චීවරය පෙරවාගන්නේ මේ රටට ජාතියට අවංකස්සුන්ට අවංක මිනිස්සු තොපි එහෙම උන්නේ වේ. ඒක නිසා තමයි තොපිට ඒ වගේ දේවල් කිව්වේ ඇත්ත ඒකයි බුද්ධ චීවරය පෙරව ගත්තා අවංක මිනිස්සු ඉන්නවා"
"Sunil Maddumage","https://www.facebook.com/sunil.maddumage.2025","උඹලා දන්නවද ඔය සිවුර පෙරවගත්තෙ ඇයි කියලා හිතට අවංකව කතා කතා කතා කරපන්. හෘද සාක්කිට අංක කතාරපන් ගෙදර කන්න නැති හින්දා ගෙදර කන්න වෙතින්ද මිනිස්සු කන්න දෙන හින්දා තමයි හුත්තොත් කාරෙද්ද"
"Sunil Maddumage","https://www.facebook.com/sunil.maddumage.2025","කහ රෙද්ද පෙරෝගෙන බුදියගත්ත ගෙදර කන්නෙ නැතුව මහණ වෙච්ච පරබල්ලට කියන්නේ හුත්තික පුතෝ මේ පැලවත්වවත් ජනාධිපති මැතිව මැදුරවත් අගමැති මැදුරුවත් නෙවෙයි හුත්තික පුතෝ තොපි ගෙදරක් කන්න නැතුව මහණ වෙච්ච එවුන් හුත්තික පුතෝ ඇත්ත නෙවේදයකින් තොපේ ගෙදර"
"Sunil Maddumage","https://www.facebook.com/sunil.maddumage.2025","බල්ලන්ට ජාතක වෙච්චාමි උං කහ රෙද්ද පෙරෝගත්තා මෙහෙම වෙනවා ජනාධිපතිතුමනි අපිට ඒක අදාල නෑ, අපි යන්නේ බුද්ධ දර්ශනය තුළ අපි බුදුහාමුදුරුවන්ගේ බුද්ධ බුද්ධ දර්ශනය තුළ වේශික පුතා ඒක මතක තියාගන්න හොඳේ පර බල්ලෝ අපි අපේ වැඩේ"
"Sunil Maddumage","https://www.facebook.com/sunil.maddumage.2025","තිත්තගල්ලේ හාමුදුරුවන්ගේ අම්මට උඹ කියලා ඔහු කපන් කපන්. චිත්තගල්ලේ චිත්තා කල්ලි හා ඔය කාරෙද්ද පොරෝවෙට ලේසියි පුතාගේ ඇට දෙකයි පයියයි උඹලා මේ රට කරන්නේ අනුර කුමාර ජනාධිපතිතුමා ඇතුළු මේ රටේ ජනතාව උඹේ අම්මට හුගක් නැතුව කට වහගෙන හිටපන් නැත්නම් තොගේ සිවුර ගලවලා ගහලා"
"Sunil Maddumage","https://www.facebook.com/sunil.maddumage.2025","හ***** හැත්ත හතරේ කොහෙද බං 7ා හැත්තෑදර කොහෙද බං ජී ආර් හිටියේ හැත්ත හතරෙ හුත්තික පුතා අපේඅතිගරු කරන්න කරලා බණ්ඩානායක මැතිණිය මේ රට පාලනය කරේ හුත්තිගේ පුතෝ එතකොටත් තොගේ අම්මට බල්ල ඔහු කන්න තියෙන්නේ පාරක් බල්ලා"
"Sunil Maddumage","https://www.facebook.com/sunil.maddumage.2025","අනිත් පලයන් ටික පුතා යන්න උඹේ අම්මට අහු කන් නැතුව කන් නැතුව 19 1994 තෝ කොහෙද හිටියේ ගියාමක වෘත්තික පුතා පරවේශික පුතා පරවේශික පුතා 19 1984 ඒක කියපන් පරම් බල්ලා කහ රෙද්දක පෙරෝ ගත්ත වේශිගේ පුතා පුතා පුතා බල්ලො ඔහු කළ හැදිච්ච වේශික පුතා"
"Sunil Maddumage","https://www.facebook.com/sunil.maddumage.2025","ඔහුත්තික පුතා ඇවිල්ලා තොගය අම්මට බල්ලෝ ඔහු කළ හැදුනේ ඔය තෝ ඉපදිච්ච ගම්මානේ බල්ලො ඔහු කල හැදිලිච්ච වේ පර බල්ලෙක් කහ රෙද්ද පොරෝ ගත්ත පරබල්ලෙක්ට පොරවගත්ත පර බල්ලෙක්ට පාර යන බල්ලො ඔහු කළ හැදිච්ච වේශික පුතෙක් තෝ. කාරෙද්දක් පොරවගෙන ලොකු ටෝක් දෙන්න"
"Sunil Maddumage","https://www.facebook.com/sunil.maddumage.2025","කවුද මෑණියන් තොගේ අම්මගේ අම්මට බලලා ඔහු කළ හැදිච්ච වේශික පුතා. තොගේ මෑණියෝ තොගේ මෑණියෝ කහ රෙද්ද රෙද්දක් පුරෝගත්ත වේශික පුතා. තොගය මෑණියෝ ගමේ ඉන්නවුන් ගමේ ඉන්න බල්ලෙහු කළ හැදිච්ච වේසික පුතා කහ රෙද්දක් පෙරෝ ගත්ත ඒ සිග පුතා"
"Sunil Maddumage","https://www.facebook.com/sunil.maddumage.2025","බල්ලෝ තෝක් බුදුහාමුදුරුවන්ට ආවේණික වෙච්ච කාරෙද්දක් පුරෝගත්ත පරබල්ලෙක්ට පරබල් එක්තෝම් කෙලින් සිල්වා පැලවත්ත සොරා තොට අදාලම නෑ හුත්තික පුතෝ කතා කරාන් තොගේ ධර්මය තෝ ධර්ම ධර්මානුකූලව ජීවත් වෙනවා නම් තෝ ඒ ඒ ගැන කතා කරපු වේශික පුතා"
"Sunil Maddumage","https://www.facebook.com/sunil.maddumage.2025","හුත්තික පුතා කියහන් ධර්මය මොකක්ද කියලා පුතා බල්ලට ජාතක වෙච්ච වේසි ගෝතත් ධර්මය මොකක්ද කියල කියහන් වෘත්තික පුතාරා හුත්තික පුතෝ ධර්මය කියන්නේ මොකක්ද ගියාම වෘත්තික පුතෝ පර බල්ලෝ බල්ලෙක් කුකළ හැදිච්ච වේශික පුතා පුතා. ධර්මය කියන්නේ මොකක්ද කියලාකියපන්"
"Sunil Maddumage","https://www.facebook.com/sunil.maddumage.2025","තිත්තගල්ලේ කවුද බන් මොන පොන්නෙත්ද මං තිත්ත ගල්ලේ යකෝ අපේ ජනාධිපතිතුමා කවුද මේ රටේ ජනතාවගේ හැට නම ලක්ෂයකට වැඩිය ගත්ත චන් දෙකක්ද තොපි මොක්කුද බං තොපි ඇවිල්ලා කහ රෙද්දක් පුරවගත්ත විවේචික පුතාලා. පර බල්ලො තොපියා"
"Sunil Maddumage","https://www.facebook.com/sunil.maddumage.2025","කෑනෝ හිටපන් හොඳයියි කාරෙද්දක් පොරෝ ගත්තා පර බල්ලට කියන්නේ කෑ නොකා හිටපන් මේ රට හදනවා කවුද හදන්නේ? අන්න කුමාර දිසානායක ජනාධිපතිතුමා ඇතුළු සියලු කට්ටිය මේ රට හදනවා තොපිටත් හොඳ කාලයක් එනවා. එතකං හිටපන් හොදේ හොදේ. නැත්තං තොගේ සිවුර"
"Sunil Maddumage","https://www.facebook.com/sunil.maddumage.2025","අනේ ඔහුත්තික පුතෝ දේවදත්තයි මේ බුදුහාමුදුරුවන්ගේ පැලවත්තයි ගාව ගන්න එපා පගයෝ පොන්නයො දේවදත්තයි බුදුහාමුදුරුවොයි පැලවත්තයි ගාව ගන්න එපා මේක සිංහල බෞද්ධ රාජ්‍යා රාජ්‍යා වෘත්තික පුතා තොපේ ඇවිල්ල ක් කහ රෙද්දක් පුරවගත්ත පකයෝ"
"Sunil Maddumage","https://www.facebook.com/sunil.maddumage.2025","හ***** ජනාධිපතිතුමා සිවුරු පුරෝගෙන හිටියේ නෑ උඹ දැන් කුව කුවනේ අනුර කුමාති ශාලා මහත්තයා සිවුරු ඇරියා කියලා උඹ කියපු එක රෙකෝඩ් කරලා කරලා"
"Sunil Maddumage","https://www.facebook.com/sunil.maddumage.2025","අනේ හ***** දෙයියෝ නෑ බං දෙයිය කොහෙද බං ඉන්නේ? දෙයියෝ මනුස්සයගෙන් තමයි පින් ලබා ගන්නේ. උඹත් අම්මට අහු කරන ආවුදු හාමුදුරුවෝ කෙනෙක්නේ අපි ඇයි දෙයියන්ට පින්්නේ බුදුහාමුදුරුවන්ට පින් දෙන්නේ නෑනේ ඇයි අපි දෙයියන්ට පින් දෙන්නේ. උඹෙත් අම්මට හ*** හාමුදුරුවෝ කෙනෙක්ම පරොන්නයා"
"Sunil Maddumage","https://www.facebook.com/sunil.maddumage.2025","නෑ මින් පස්සේ අපි නීතියක් ගේමුකෝ ඔයාලට කිසිම ගිහියෙක්ගෙන් දානයක් ලැබෙන්නෑ ලැබෙන්නෑ. ඔයාලටපුළුවන් උදේට පිණ්ඩපාතේ වඩින්න පිණ්ඩපාතේ වැඩලා දානය ලබා ගන්නා දැන් උඹලගේ කකුල් දේ ගාවට කන්න ගෙනත් දෙනකොට උඹලගේ ඔය ගාය වැඩියිා උඹලගේ කකුල් දේ ගාවට කූල් මස් හරක් මස් අරක්කු බෝතලයක්"
"Sunil Maddumage","https://www.facebook.com/sunil.maddumage.2025","මෙයා ගනිමු පුතෝ මින් පස්සේ කිසිම ගීයාගෙන් පන්සලට දානයක් නෑ. තොපි පිඬුසිඟා වැඩපන් උදේට හරිද ධර්මය කියලා දෙන්නා හුත්තික පුතාට හොඳේ බුද්ධ හාමුදුරුවන්ගේ බුදුහාමුදුරුවන්ගේ දර්ශනය කියලා දෙන්නං තොපිට කිසි කෙනෙකුට දානයක් දෙන්නේ නෑ නෑ. තොපි හැමදාම උදේට පින්න පාටි වැඩියන්"
"Sunil Maddumage","https://www.facebook.com/sunil.maddumage.2025","ගලබඩ අත්ත හිමියන් උඹේ අම්මට හිතුවා ගලබඩ අත්හිමියන් උඹේ අම්මට හ***** හ*****. ඒකයි උඹට මෙච්චර ලොකුවට අමාරුව හැදිලා තියෙන්නේ"
"Sunil Maddumage","https://www.facebook.com/sunil.maddumage.2025","හරි උඹ සිවුර පෙරෝ පෙරෝගත්ත හුත්තික පුතෙක්නේ හරිද උඹට හරි සරල ප්‍රශ්නයක් දෙන්නා හුත්තිකපුතෝ හරි සරල ප්‍රශ්නයක් දෙන්න උඹ ඒකට මට උත්තරයක් දීපන් අපේ බුදුහාමුදුරුවෝ දේශනා කරපු ධර්මය කුමක්ද"
"Sunil Maddumage","https://www.facebook.com/sunil.maddumage.2025","ඒ උඹ උඹ පොරවාගෙන ඒවා ඔය සිවුරද්ද ඔහුත් ටිකපුතා උඹ පොරෝගෙන ඉන්න ඔය සිවුරක්ද නෑ පුතෝ කහරෙක්දක් කාරෙද්දක් කැරියෝ පර බල්ලා සක්කිලි වේශික පුතා. බල්ලෙකුට ජාතක වෙච්ච වේශික පුතා ගෙදර ගෙදරක් කන්න නැතුව පොරෝ ගත්ත කහ රෙද්ද වූ ටික පුතෝ ගැලෙව්වේ"
"Sunil Maddumage","https://www.facebook.com/sunil.maddumage.2025","ඥානසාර කාරෙද්දක් පෙරවගෙන ඌ බඩු ගැහුවා ගැහුවා. ජාති අනේ ඇවිස්සුවා ඇවිස්සුවා. මහින්දගේ ගූ කෑවා. සිරන්තිගේ දිවදෑවා දිවදෑවා. ඔය ඔක්කෝටම කරලා කරලා ඌට දැන් තමයි කෙලවුනේ. හ***** අපි උගේ බුදු සිවුර ගැලෙව්වේ නෑ නෑ නෑ නෑ නෑ නෑ. ඒක මතක තියා"
"Sunil Maddumage","https://www.facebook.com/sunil.maddumage.2025","හුත්තික පුතෝ සිවුරක් නෙවෙයි ගැලෙව්වේ කාරෙද්දා මොකක්ද උත්තෝ ගැලෙව් කාරෙද්දක් මේ අම්මට අහු කන්න හුත්තික පුතෝ ඥානසාර පෙරෝගෙන හිටියේ කාරෙද්ද කාරෙද්දා. බුද්ධ චීවරය නෙවෙයි නෙවෙයි මේ අම්මාට අහු කන්න හුත්තික පුතා වරෙන් අපි කියලා දෙන්නං"
"Sunil Maddumage","https://www.facebook.com/sunil.maddumage.2025","බුදුහාමුදුරුවන්ගේ දර්ශනය තොපි දන්නේ නෑහුත්තෝ බුද්ධ දර්ශනය තොපි දන්නෑ අපිට බුදුහා අපිට අපි බුද්ධාගමක් නෑ අපිට අපිට බුද්ධ දර්ශනය වෘත්තික පුතා. මේක අහගනින් ප*** ගෙදරක් කන්න නැතුව මහණ වෙච්ච වේශික පුතා මේ බුද්ධ දර්ශනය අපි පෙන්වනවා"
"Sunil Maddumage","https://www.facebook.com/sunil.maddumage.2025","එකක් මතක තියාගන්නේ පර බල්ලා බල්ලා. උඹ ඒවා කහ රෙද්ද ගලවනවා හොඳයි 2019 වෙනකොට 2029 වෙනකොටත් පරස්සක් කිලි වේශික පුතාගේ කාරෙද්ද ගලවලා ගහලා එලවන්නේ ඒක මතක තියා"
"Sunil Maddumage","https://www.facebook.com/sunil.maddumage.2025","ආහුත් ටික පුතා ජනාධිපතිතුමාට උඹට බලය දුන්නේ ඔබේ අම්මට හුකාප් එක අද බලය දුන්නේ? පලයන්ගේ පුතා යන්න තොපේ ඇවිල්ල පොහොට්ටුවේ ගූ කන කැරියෝ කැරියොත් පොහොට්ටුවේ මහින්ද රාජපක් රාජපක්ෂ රස විඳින වෘත්තික පුතාලා කහ රෙද්දක් පෙරෝ ගත්ත බර බල්ලො යකෝ අපි"
"Sunil Maddumage","https://www.facebook.com/sunil.maddumage.2025","හුත්තික පුතෝ තෝ දන්නෙත් නෑ ඇහුවොත් ටික පුතෝ ඔය කහ පාට රෙද්ද පොරවගෙන තොපි හාමුදුරුවෝ කියලා අපි පිළිගන්නේ නෑ නෑ. ඌම ඔය ඔය පර බල්ලා බල්ලෙකුට ජාතක වෙච්ච ඥානසාරයා හෝමාගම උසාවියට ඇතුල් වුණා. මූ ඌට මොන බලයක්ද යකෝ උසාවිය කියන්නේ මොනවද මේ රට මොන තැනක තියෙන දෙයක්ද උසාවිය කියන්නේ මේ පරම් එකට ජාතක වෙච්ච"
"Sanjeewa Bandara","https://www.facebook.com/people/Sanjeewa-Bandara/pfbid0mwc2t3VSQxjv3uMAUjk2YiNpSF1d2Bx6YND8mUnHzdMqHfTUoaqjy2b2RnxyUTnzl","0701064972"
"Amila Virantha","https://www.facebook.com/amilavirantha","හොර චීවර දාරින්ගෙන් ශාසනය බේර ගමූ"
"Tharindu Kasun Ariyarathna","https://www.facebook.com/tharindu.kasun.ariyarathna","Nodakin musalaya thoo"
"Amila Virantha","https://www.facebook.com/amilavirantha","මේම හොදයි"
"Disna Disna","https://www.facebook.com/disna.disna.938805","[Image Attachment]"
"Disna Disna","https://www.facebook.com/disna.disna.938805","[Image Attachment]"
"Mohan Jeewantha","https://www.facebook.com/people/Mohan-Jeewantha/pfbid02KjWQieo9AhDRpSatoMaW5xWHTypCRQ6dZVc21xKPRe8hRdttafaBtGapMi7SjtFjl","Huthho kata piyaganinnnn"
"Ramya Basnayaka","https://www.facebook.com/ramya.basnayaka.428641","🙏🙏"
"Upul Krishantha","https://www.facebook.com/upul.krishantha.172628","සිවුරු  දාගත්තා කියලා   බුදුන් ගිය මග නොයන අපෙ හිමියන් කොච්චර  ඉන්නවද ."
"Maduka Dhananjaya","https://www.facebook.com/people/Maduka-Dhananjaya/pfbid02Qb3wb8W8W6pptz6ksD4xEhiucaNgDyGdLeBpDKmj5YzU1Ee7QWnc6EjxtGQ4RTP8l","උබ හින්දා තමයි ඔච්චර දෙයක් උනෙ"
"Prince Shantha Rupassara","https://www.facebook.com/shantha.rupassara","[Image Attachment]"
"Dinesh Bogahawatta","https://www.facebook.com/dinesh.bogahawatta","[Image Attachment]"
"Dinesh Bogahawatta","https://www.facebook.com/dinesh.bogahawatta","[Image Attachment]"
"Tharindu Dilshan","https://www.facebook.com/people/Tharindu-Dilshan/61561175454898","සිව්ර ගලවල බොක්සින් ගහනව රගර් ගහනව බීච් යනව රටත් යනව. වැරැද්දකට බන්දනාගරෙ යන්න උනාම අව්ල. හනේ හනේ"
"Sampath Jems","https://www.facebook.com/susil.harischandra.2025","[Sticker]"
"Pasanna Ruwan","https://www.facebook.com/pasanna.ruwan.2025","කහ කඩ යෝ"
"Jagath Kumara","https://www.facebook.com/people/Jagath-Kumara/pfbid0kQbftsP7ntYMLkH5EqLD6uYko6xb6SFqsrN2wqBzEVLkPLDw3F4vLUpMszGVNFJrl","[Image Attachment]"
"Jagath Kumara","https://www.facebook.com/people/Jagath-Kumara/pfbid0kQbftsP7ntYMLkH5EqLD6uYko6xb6SFqsrN2wqBzEVLkPLDw3F4vLUpMszGVNFJrl","[Image Attachment]"
"Jagath Kumara","https://www.facebook.com/people/Jagath-Kumara/pfbid0kQbftsP7ntYMLkH5EqLD6uYko6xb6SFqsrN2wqBzEVLkPLDw3F4vLUpMszGVNFJrl","[Image Attachment]"
"Jagath Kumara","https://www.facebook.com/people/Jagath-Kumara/pfbid0kQbftsP7ntYMLkH5EqLD6uYko6xb6SFqsrN2wqBzEVLkPLDw3F4vLUpMszGVNFJrl","[Image Attachment]"
"Jagath Kumara","https://www.facebook.com/people/Jagath-Kumara/pfbid0kQbftsP7ntYMLkH5EqLD6uYko6xb6SFqsrN2wqBzEVLkPLDw3F4vLUpMszGVNFJrl","[Image Attachment]"
"Ym Wasantha","https://www.facebook.com/ym.wasantha.98477","[Image Attachment]"
"සද පිණි","https://www.facebook.com/27cm71sdae","[Image Attachment]"
"Kalum Prasanna","https://www.facebook.com/kalum.prasanna.789665","පිනට කලා ජිම් පලන්"
"Kalum Prasanna","https://www.facebook.com/kalum.prasanna.789665","[Image Attachment]"
"Yuraj Ranasinghe","https://www.facebook.com/yuraj.ranasinghe.2025","🤑😜🤣"
"Shanuja Perera","https://www.facebook.com/shanuja.perera.2025","[Image Attachment]"
"Shanuja Perera","https://www.facebook.com/shanuja.perera.2025","Pala p.k yaa .awalam balla..nidan kadala hire heteya hu...thak tho"
"Indrajith Asanka","","පල හුත්තිගෙ පුතා යන්න"
"Wajira Lakmal Weerakoon","https://www.facebook.com/wajera.lakmal","එහෙයි අපේ හාමුදුරුවනේ අපේ රටේ ජාතියක් ජම්මයක් නැති කාලකන්නි මොන කතන්දර කිව්වත් ලෝකෙ වෙන රටක ඒ රටේ රාජ්‍ය ආගමට  මේ වගේ යමක් සිදුවුණා නම්  බලන්න තිබුණා කරන වැඩේ අපි වගේ කෙළෙහිගුණ නොදන්න කාලකන්නි අමන ජාතියක් මේ ලෝකෙ කිසිම රටක නෑ ඒකයි අපිට කෙලවිලා තියෙන්නේ අපිට හෙන ගැහිලා තියෙන්නේ ඒකයි"
"Dayal Herath","https://www.facebook.com/dayal.herath.5","[Image Attachment]"
"Marius Fernando","","[Image Attachment]"
"Gamini Liyanage","","❤️❤️❤️❤️❤️❤️❤️❤️🌷"
"Wasa Wasantha","https://www.facebook.com/wasa.wasantha.54820","[Image Attachment]"
"Amila Bandara","https://www.facebook.com/amila.bandara.498286","[Sticker]"
"Amila Bandara","https://www.facebook.com/amila.bandara.498286","Yes"
"Prasanna Gunawardana","","බුදුදහම විනාශ කිරීමට පිටතින් සතුරන් අවශ්‍ය නැහැ; ධර්මයේ නාමයෙන් ධර්මයටම පටහැනිව හැසිරෙන අය සිටීමත් විශාල හානියක්."
"Dumith Yatawara","https://www.facebook.com/people/Dumith-Yatawara/pfbid0uiXs3d9mp9api5ThHdciezTq38V54PEccyddWEsJU3YdDejEHeivq7GDqVWL8nCLl","[Image Attachment]"
"Ukkuna Machan Abdulhameed","https://www.facebook.com/ukkunamachan.abdulhameed","[Image Attachment]"
"Ukkuna Machan Abdulhameed","https://www.facebook.com/ukkunamachan.abdulhameed","[Image Attachment]"
"Ukkuna Machan Abdulhameed","https://www.facebook.com/ukkunamachan.abdulhameed","[Image Attachment]"
"Ukkuna Machan Abdulhameed","https://www.facebook.com/ukkunamachan.abdulhameed","[Image Attachment]"
"Ukkuna Machan Abdulhameed","https://www.facebook.com/ukkunamachan.abdulhameed","[Image Attachment]"
"Ukkuna Machan Abdulhameed","https://www.facebook.com/ukkunamachan.abdulhameed","[Image Attachment]"
"Ukkuna Machan Abdulhameed","https://www.facebook.com/ukkunamachan.abdulhameed","[Image Attachment]"
"Udaya Ranasingha","https://www.facebook.com/people/Udaya-Ranasingha/pfbid02LeoWxnkG41ctNnShheXs4Ee15B3a3stp7UnqJJh9qC7aa5LjdgRgium3RJiZnV1El","[Image Attachment]"
"Dilusha Priyadarsna","https://www.facebook.com/dilusha.priyadarsna","[Image Attachment]"
"Dilusha Priyadarsna","https://www.facebook.com/dilusha.priyadarsna","[Image Attachment]"
"Kumaridissnayaka Thamara","https://www.facebook.com/people/Kumaridissnayaka-Thamara/pfbid0rLcLJ3A6KN7gqvnV1rNx1H8h4rQsLDfNnF9WN9JQprotypoDg7ocYVSde7qtQbzql","Theruwan saranai ape hamuduruwane"
"Nishantha Amarasinghe","https://www.facebook.com/nishantha.amarasinghe.450027","Gemmma"
"Asanka Adikari","https://www.facebook.com/people/Asanka-Adikari/61572127893056","අනේ 😟😟"
"Solanga Nicholas","https://www.facebook.com/people/Solanga-Nicholas/pfbid02fUFNiFZtBAcEvDhSYy5e9wq1JpfjdbGeyRH15LatYqGrca2jgpvzJtt6i9NM1eUgl","කවුද බං මේ පිස්සෙක්"
"Solanga Nicholas","https://www.facebook.com/people/Solanga-Nicholas/pfbid02fUFNiFZtBAcEvDhSYy5e9wq1JpfjdbGeyRH15LatYqGrca2jgpvzJtt6i9NM1eUgl","කවුද බං මේ baduwa"
"Sagara Gayannayake","","[Image Attachment]"
"Sagara Gayannayake","","[Image Attachment]"
"Amila Ranasingha","https://www.facebook.com/Amila.umayangana.herath.1","තිත්තය අංගොඩ රෝහල වඩ්ඩන්න  කෙනෙක් හිටියනම් සමහර විට සනීප කර  ගන්න පුළුවන් වෙයි"
"Namal Rathnamalala","https://www.facebook.com/namal.rathnamalala","මොකෙක්ද  මෙ කැනහිලා"
"Kmg Kumara","https://www.facebook.com/kmg.kumara.733","[Image Attachment]"
"Sanka Thilina","https://www.facebook.com/sanka.thilina.75","[Image Attachment]"
"Sanka Thilina","https://www.facebook.com/sanka.thilina.75","[Image Attachment]"
"Sanka Thilina","https://www.facebook.com/sanka.thilina.75","[Image Attachment]"
"Sanka Thilina","https://www.facebook.com/sanka.thilina.75","[Image Attachment]"
"Sanjeewa Susantha Eakanayaka","https://www.facebook.com/people/Sanjeewa-Susantha-Eakanayaka/61576717635436","Kunuharpa apith dannawa ..eath metana kiyanda epa...hamuduruwanta jayawewa"
"Sanjeewa Susantha Eakanayaka","https://www.facebook.com/people/Sanjeewa-Susantha-Eakanayaka/61576717635436","Gamma niyamai hamuduruwane"
"Sanjeewa Susantha Eakanayaka","https://www.facebook.com/people/Sanjeewa-Susantha-Eakanayaka/61576717635436","Pin❤️"
"Shiran J Kumarasinghe","https://www.facebook.com/shiran.j.kumarasinghe","[Image Attachment]"
"Shiran J Kumarasinghe","https://www.facebook.com/shiran.j.kumarasinghe","[Image Attachment]"
"Shiran J Kumarasinghe","https://www.facebook.com/shiran.j.kumarasinghe","[Image Attachment]"
"Indika Arunajeewa","https://www.facebook.com/indika.arunajeewa.498367","නියමයි හමුදුරුවනි"
"Erandaka Jayanath","https://www.facebook.com/jayanath.namal","[Image Attachment]"
"Chanaka Idunil","https://www.facebook.com/people/Chanaka-Idunil/pfbid02SDr1s3cWL1fk9zwcYLWvj1w2KDaWKbxwCDAfi8B225wXgoy5yu4GPWW9EQLfuUwWl","උසි උසී චීවරධාරියෝ නාමල් බලයට ගේමු"
"Chanaka Idunil","https://www.facebook.com/people/Chanaka-Idunil/pfbid02SDr1s3cWL1fk9zwcYLWvj1w2KDaWKbxwCDAfi8B225wXgoy5yu4GPWW9EQLfuUwWl","තොපි වගේ හොරුන්ට සමාජෙ තැන නැති උනාට උගත් සිල්වත් ගුණවත් භික්ෂුවට සමාජයේ සහ රටේ තිබෙන තැන පේනවා නේද"
"Chanaka Idunil","https://www.facebook.com/people/Chanaka-Idunil/pfbid02SDr1s3cWL1fk9zwcYLWvj1w2KDaWKbxwCDAfi8B225wXgoy5yu4GPWW9EQLfuUwWl","[Image Attachment]"
"Chanaka Idunil","https://www.facebook.com/people/Chanaka-Idunil/pfbid02SDr1s3cWL1fk9zwcYLWvj1w2KDaWKbxwCDAfi8B225wXgoy5yu4GPWW9EQLfuUwWl","[Image Attachment]"
"Chanaka Idunil","https://www.facebook.com/people/Chanaka-Idunil/pfbid02SDr1s3cWL1fk9zwcYLWvj1w2KDaWKbxwCDAfi8B225wXgoy5yu4GPWW9EQLfuUwWl","[Image Attachment]"
"Chanaka Idunil","https://www.facebook.com/people/Chanaka-Idunil/pfbid02SDr1s3cWL1fk9zwcYLWvj1w2KDaWKbxwCDAfi8B225wXgoy5yu4GPWW9EQLfuUwWl","[Image Attachment]"
"Dmlhemantha Disshanayaka Hemantha","https://www.facebook.com/people/Dmlhemantha-Disshanayaka-Hemantha/61580758200718","අනිවාර්යයෙන්ම"
"Lalith Rathnayake","https://www.facebook.com/LalithRathnayakeArtist","මූ හොඳයි බත් කන්නැති ලමයින්ට පෙන්නලා බත් කවන්න.. 😀"
"Perera Thomas","https://www.facebook.com/perera.thomas.1","Budusaranayi.Namoo Buddaya"
"Suren Rajapakse","https://www.facebook.com/suren.rajapakse","[Image Attachment]"
"Suren Rajapakse","https://www.facebook.com/suren.rajapakse","[Image Attachment]"
"Saman Tilakaratne","https://www.facebook.com/saman.tilakaratne","[Image Attachment]"
"Yamuna Yamuna","https://www.facebook.com/people/Yamuna-Yamuna/pfbid0UCQdtsEFczLa1Jfbfc9XrDKnGxr64ZCyCPxgHwv3PtDpfGzoPUeKQfnvg63hQRN3l","[Image Attachment]"
"Lanka Hmc","https://www.facebook.com/lanka.chaminda.94","මුන් මේ රටට සාපයක්."
"Lanka Hmc","https://www.facebook.com/lanka.chaminda.94","බුදුන්ගේ සද්ධර්ම ව්කුනා සැප ගන්න පොරවල්"
"Sandanayaka Senevirathna","https://www.facebook.com/people/Sandanayaka-Senevirathna/pfbid02mSfPXswu8ERWS3xYy5yHYSDmrXGroLc3J2coVFoXC9VGtECYyrGSyGqNGCe135WUl","[Image Attachment]"
"Kja Saman","","[Image Attachment]"
"Kja Saman","","[Image Attachment]"
"Kja Saman","","[Image Attachment]"
"Kja Saman","","මුගෙත් සිවුරු ගලවන්න ඕනෙ කාලකන්නි පරයෙක්"
"Nissanka Chandra Kumara","https://www.facebook.com/nissanka.chandra.kumara.2025","Badu Gahanna siura galevvata kamak nadda😁ubata a velave pirith tikak kiyanna thibbe."
"Mawanella Sarasi Sajeewa","https://www.facebook.com/people/Mawanella-Sarasi-Sajeewa/pfbid02WHrC71bUXwjxTCdKRAzqpJsMvRiQCNqmSP81XAjvaip37zkJX7CKh2BKNDoHkXNEl","[Image Attachment]"
"Mawanella Sarasi Sajeewa","https://www.facebook.com/people/Mawanella-Sarasi-Sajeewa/pfbid02WHrC71bUXwjxTCdKRAzqpJsMvRiQCNqmSP81XAjvaip37zkJX7CKh2BKNDoHkXNEl","[Image Attachment]"
"Janaka Sampath","https://www.facebook.com/janaka.sampath.169436","[Image Attachment]"
"Sumith Sanavirathna","https://www.facebook.com/sumith.sanavirathna.3","අනිවාරයෙන්ම 🙏🙏🙏🙏🙏🙏🙏👍👍👍👍👍👍"
"Nattandige Lily Malkanthi Fernando","https://www.facebook.com/kanthi.naththandege","🤮💩"
"Nattandige Lily Malkanthi Fernando","https://www.facebook.com/kanthi.naththandege","[Image Attachment]"
"Thissa Kumara","https://www.facebook.com/people/Thissa-Kumara/pfbid02gyQ4Byr31mTyfAMJ4cyA8199MohV98LPMbMuU4VNDSDPHVtQS7BrAaCmgUmnuBq7l","[Image Attachment]"
"Gamini Wijerathna","https://www.facebook.com/gamini.wijerathna.725466","🙏🙏🙏"
"Gamini Wijerathna","https://www.facebook.com/gamini.wijerathna.725466","🙏❤🙏"
"Chanaka Roshan Kumara","https://www.facebook.com/chanaka.roshan1981","[Image Attachment]"
"Akg Nalin","https://www.facebook.com/profile.php?id=100010821271531","🇱🇰💪"
"Subhash Gamage","https://www.facebook.com/subhash.gamage.5","පිස්සෙක්"
"Rojaa Madhuwanthi","https://www.facebook.com/people/Rojaa-Madhuwanthi/61587682360374","[Image Attachment]"
"Thilak Suraweera","https://www.facebook.com/thilak.suraweera.317119","සිව්රට  ගැලපෙන්නේ  නැති  උන්   සිවුරු පොරවා  ගත්තම රටත්  ඉවරයි. බුද්දාගමත්  ඉවරයි  බං 😡"
"Priyantha Withanage","https://www.facebook.com/priyantha.withanage.833741","[Image Attachment]"
"Chandima Chandima","https://www.facebook.com/chandima.chandima.201640","[Image Attachment]"
"Nishantha Kumara","https://www.facebook.com/people/Nishantha-Kumara/pfbid02pUGm5mZVweeJuerLBKGrdu7iFZeYg6uREFvz3AZA1oPDm5YyWQWUWyY3kCD1x9aDl","[Image Attachment]"
"Selvanayagam Shiva","https://www.facebook.com/people/Selvanayagam-Shiva/61556466231465","තිත්තයා අපවත් වෙන්න දෙන්න ඕන"
"Kumari Godagama","https://www.facebook.com/people/Kumari-Godagama/100073064779935","අපේ සාසනය රැක දෙන්න..🙏🙏🙏"
"Chami Wanasingha","https://www.facebook.com/chaminda.chami.79","මුගෙ ඇඩියාව"
"Shantha Kumara","https://www.facebook.com/people/Shantha-Kumara/pfbid0xgksjENMrM6bVH55K5qLA4wp42Ky41DAty2W7M6p1JUPsCs7smYZyZXGvyjTTveGl","Ana yakoooooooo"
"Ranjith Highforest","https://www.facebook.com/people/Ranjith-Highforest/pfbid032Hg8zwvAENecHrD9DzYPwvutp293jwmxFq1TdWPtRvxE7U6fzSybnd2Qu4pUwmawl","අනිවාර්යයෙන් ම මෙත් මල් පිබිදේවා සිත් තුළ කරුණා ගුණදේවා"
"Ranjith Highforest","https://www.facebook.com/people/Ranjith-Highforest/pfbid032Hg8zwvAENecHrD9DzYPwvutp293jwmxFq1TdWPtRvxE7U6fzSybnd2Qu4pUwmawl","[Image Attachment]"
"Ranjith Highforest","https://www.facebook.com/people/Ranjith-Highforest/pfbid032Hg8zwvAENecHrD9DzYPwvutp293jwmxFq1TdWPtRvxE7U6fzSybnd2Qu4pUwmawl","[Image Attachment]"
"N Ranasinghe Arachchi","https://www.facebook.com/n.ranasinghe.arachchi","උබ කිවුවෙ අධාර්මිකයි කියලනෙ..කටපුක වහන් හිටපං"
"කෝරලේ ආරච්චිගේ","https://www.facebook.com/4p3q9t6zj4","සැකයි අපිටට ඔබේ මහන walada කියලා සල්ලි වලට අම්මත් විකුනන්න වගේ"
"Saman Jayasinghe","https://www.facebook.com/people/Saman-Jayasinghe/pfbid02UVzP4Gqof3aFJyWvmzM16RfmCoZdSs1aLBsTihSz6U6fK5c9gdTeyAAS6fekihzpl","🔴  අනිවාර්යයෙන්ම....  සිංහලයිනි පක්‍ෂවලට බෙදිලා හිටියා දැන් ඇති....උබලට ලොකු පක්‍ෂද... නැත්නම් ජාතිය සම්බුද්ධ ශාසනයද....  බෞද්ධ විරෝධී අන්‍යාගමිකයන්  සහ  ඔවුන්ගේ නායකයන් මේ නිරාගමික ආණ්ඩුව සමග කුමන්ත්‍රණයක යෙදෙමින් සිංහල නායකයන්ගේ නම කැත කිරීමට හොරු හොරු යනුවෙන් සමාජගත කරමින් ඇත...  බෞද්ධ විරෝධී කුමන්ත්‍රණකරුවන්ට අවශ්‍ය සිංහල බෞද්ධයන් එලෙස  දිගටම පක්ෂ  වශයෙන් බෙදලා තියාගෙන මේ රට ඔවුන්ගේ අරමුණ එනම් සර්වාගමික රාජ්‍යක් කරන්නයි..... ඔබලා මේ කුමන්ත්‍රණකාරී ප්‍රෝඩාකාරී ලෙස  හැකර්ලා පිට  දමා මහජන මුදල් අමුඅමුවේ මහ දවල් හොරාකන ආණ්ඩුවට  තවදුරටත් රැවටෙනවාද...."
"Danushka Nuwan","https://www.facebook.com/dnu.maxx","Warenko apepate"
"Koshala Maduranga","https://www.facebook.com/koshala.maduranga.2025","මේ අතරින් මුන්වහන්සේගේ ඔබ කැමතිම දේශනාව/ගුණකථනය කුමක් ද?  Video link එකට අදාල අංකය comment කරන්න.   1. පාස්කු වින්දිතයන් වෙනුවෙන් දෙසූ බණ  - www.facebook.com/reel/976809538075688  2. පොලිස් නිලධාරීන් ඉදිරියේ පැවැත්වූ සර්වරාත්‍රික ධර්ම දේශනය - www.facebook.com/reel/4524590307687830  3. අටමස්ථාන හිමි සම්බන්ධ ධර්ම කාරණා ගැන දෙසූ බණ - www.facebook.com/reel/1485338259360775  4. මත් ගිලන්පස වර්ග පානය කර රිය පැදවීමේ ආනිශංස ගැන දෙසූ බණ  - www.facebook.com/reel/1411000313859280   5. ස්වාමීන් වහන්සේලා දෙනමකට දෙසන ලද සුමධුර බණ - www.facebook.com/reel/2267902343989535   6. තවත් ස්වාමීන් වහන්සේ නමකට දෙසන ලද සුමධුර බණ - www.facebook.com/LankaPolitics.LK/posts/2160642437420691/  7. තවත් ස්වාමීන් වහන්සේ නමක් ඉදිරියේ කඩු ශිල්ප ප්‍රගුණ කළ ආකාරය - www.facebook.com/shanika.dissanayaka.75/posts/258878289316550/  8. ""හිරු-ගෝඨාභිවන්දනා"" දම් දෙසුම - www.facebook.com/salakuna/posts/2084796008511068  9. රාජපක්ෂ නිකායේ චිරස්ථිතිය උදෙසා දෙසූ බණ - www.facebook.com/reel/1765006804154692  10. මෙත් වැඩීමේ ආනිශංස ගැන අලුත්ගමදී සිදුකළ දේශනාව - www.facebook.com/nadeera.jayathilake.5/posts/650268442632169/  11. මුන් වහන්සේ තුන් වන සිල්පදය රැකගත් ආකාරය සම්බන්ධ ගුණකථනය - www.facebook.com/100057428530869/posts/503797707886139/  12. ඉක්මනින්ම නිවන් යාම සඳහා ලැබුණු V8 රථය ගැන සිදුකළ ගුණකථනය - www.facebook.com/sandaruwansdl/posts/202829195247793/  13. රාජපක්ෂ නිකායෙන් කෙටිකාලීනව ඉවත් වූ සමයේ දෙසූ බණ 1 - www.facebook.com/reel/2087754658794221  14. රාජපක්ෂ නිකායෙන් කෙටිකාලීනව ඉවත් වූ සමයේ දෙසූ බණ 2 - www.facebook.com/shanika.dissanayaka.75/posts/782901415851346/  15. අනිත්‍යය මෙනෙහි කරවන එදා සහ අද වෙනස 1 - www.facebook.com/reel/2594991627669734   16. අනිත්‍යය මෙනෙහි කරවන එදා සහ අද වෙනස 2 - www.facebook.com/reel/1678696153818733  17. අනිත්‍යය මෙනෙහි කරවන එදා සහ අද වෙනස 3 - www.facebook.com/reel/944518512046119  18. අනිත්‍යය මෙනෙහි කරවන එදා සහ අද වෙනස 4 - www.facebook.com/reel/1443335187720455   පිං ඇත්තෝ  මේ දේශනා සියල්ල දැක බලා සැදැහැ සිතින් අනුමෛා්දන් වෙත්වා!  සාදු සාදු!🙏  ධර්ම දානය පිණිසයි.❤  #NirmanaD"
"හෙල දීපය","https://www.facebook.com/people/%E0%B7%84%E0%B7%99%E0%B6%BD-%E0%B6%AF%E0%B7%93%E0%B6%B4%E0%B6%BA/100008433345988","[Image Attachment]"
"Micro Welipenna","https://www.facebook.com/micro.welipenna","Yako hamuduru kenekta page 16kiyanne ...wena wedak karalama නැද්ද"
"Micro Welipenna","https://www.facebook.com/micro.welipenna","Muta pissu den"
"Geethan Jayasekara","","මූ දන්නවා හරියට කෙලවුනොත් මූටත් මේ දේම තමා සිද්ධ වෙන්නේ කියලා මුගෙත් චීවරය ගැලෙව්වේ නැති උනොත් අනාගතයේ බන්ධනාගාරයට ගලවන්න සිද්ධ වෙනවා"
"Manel Perera","https://www.facebook.com/manel.perera.965091","[Image Attachment]"
"Manel Perera","https://www.facebook.com/manel.perera.965091","[Image Attachment]"
"Manel Perera","https://www.facebook.com/manel.perera.965091","ජාන වලින් එන වෛයිරය"
"Manel Perera","https://www.facebook.com/manel.perera.965091","🙏🙏🙏"
"Oshan Nilanga","https://www.facebook.com/oshan.nilanga.5","තවත් නානසාර කෙනෙක් බිහි කරලා පස්සේ අඩපල්ලා"
"Senarath Bandara Senarath","https://www.facebook.com/baththanamudiyanselage.senarathbandara","අධිකරණයට ගරු කරනවනම් කට පිනාන ඉන්නව hello"
"Indrani Tennakoon","https://www.facebook.com/indrani.tennakoon.2025","හාමුදුරුවනේ සටන අත් හරින්න එපා.....සමාව දෙනතුරු..........🙏🙏🙏🙏🙏👍👍👍👍👍👍"
"Mashi Madhushani","https://www.facebook.com/madhushani.champika","[Image Attachment]"
"Gunathilake Upali","https://www.facebook.com/guna.natti","ඔබල හොරුන්ට කඩේ යන හොරුන් ගෙන් යැවෙන උන් ඔබලට මොකටද දානය දෙන්නේ"
"Gunathilake Upali","https://www.facebook.com/guna.natti","ඒවට ගරුකරන ව නම් අඬන්නේ මොකටද"
"Mahesh Godakanda","https://www.facebook.com/mahesh.godakanda.10","ආමි එකට යනව ආමි එකෙන් පනිනව සිවුරක් දාගන්නව. පංසල ඇටවගෙන ගමට එනව රාජපක්ෂලට කඩේ යනව."
"Laj Alwis","https://www.facebook.com/people/Laj-Alwis/61559123948663","Muta amu kevila"
"Laj Alwis","https://www.facebook.com/people/Laj-Alwis/61559123948663","😂😂😂😂😂😂"
"Darshana Darshana Chathuranga","https://www.facebook.com/darshana.darshana.chathuranga.2025","Me wage kalakanni kawadawath rate ochchara dewal wuna mu e wenuwen katha Kare ne,, amanayek wenuwen munta lejjawak nethiwa katha karanawa,, katha karana unuth suwer weradi karayo den baya wele revila inne"
"Rupa Gamage","https://www.facebook.com/people/Rupa-Gamage/pfbid02VQJTRMMrM1v9HU4sjvAd2RAkzuYjHHZVbhxSb4jRUec7scmGQbK3D2WAxfX2Hrssl","[Image Attachment]"
"Nisantha Pitigala","https://www.facebook.com/nisantha.pitigala","🙏🙏🙏🙏🙏🙏.බ්‍ර්‍රද්‍ර්‍ර්‍ර්‍රසර්නඉ බ්‍ර්‍රද්‍ර්‍ර්‍ර්‍රසර්නඉ .🙏🙏🙏"
"Pradeep Gamage","","ඔබ වහන්සේ ට ගෞරවය"
"Sandun Weerakoon","https://www.facebook.com/people/Sandun-Weerakoon/100095034444627","[Image Attachment]"
"Sameera Madushan","https://www.facebook.com/people/Sameera-Madushan/61579453182877","[Image Attachment]"
"Skd Sanjeev","https://www.facebook.com/people/Skd-Sanjeev/pfbid02WpeTVQ52B6Lr1oCmwQTmypmbAn9Qd8ZLvPed92XJ5ViA9Sr2sooaqdiKwPLNsuBWl","තොගෙත් සිවුර ගලවන්න ඕන තොපි තමයි සාශනේ විනාශ කරන්නෙ"
"Mohamed Farmaan","https://www.facebook.com/mohamed.farmaan.496349","[Image Attachment]"
"Mohamed Farmaan","https://www.facebook.com/mohamed.farmaan.496349","[Image Attachment]"
"Buddika Walakuluarachchi","https://www.facebook.com/buddika.chathuranga.54","අඩෝ බොරු කියන්න එපා බං තිත්තයා😄"
"Nilmini Kaluarachchige","https://www.facebook.com/nilmini.kaluarachchige","නම් හරිම කැමතියි කුනුහරුප කියන බීල ගිහින් වාහනය ඇක්සිඩන්ට් කරන දේශපාලුවොන්ට කඩේ යන ඒ වගේ ත්‍රාඩේ මිනිහෙකුගෙන් සිවුර ගලවපු ගැන. ඒක තමයි සිවුරට දෙන්න පුළුවන් උපරිම ගෞරවය.  සිවුර කියන්නේ uniform එකක් .කායික වාචසික සංවරය සහිත මෛත්‍රිය කරුණාව ඉවසීම වැනි උදාර ගුණාංග සහිත මනුෂ්‍ය වර්ගයාට විතරක් නෙමෙයි මුළු සක්වලටම සෙත සලසනා උදාරම මිනිසුන්ගේ යුනිෆෝම් එක. ඒ යුනිෆෝර්ම් එක ඇඳපු කිසිවෙක් සිරගත වෙන්නෙ හේතු වෙන කිසිවක් කරන්නේ නෑ. යමෙක් හිරගත වුනා නම් එයාට ඒ යුනිෆෝම් එක අඳින්න සුදුසුකම් නෑ."
"Habarakada Dinartha Himi","https://www.facebook.com/dinartha.himi","[Image Attachment]"
"Habarakada Dinartha Himi","https://www.facebook.com/dinartha.himi","[Image Attachment]"
"Habarakada Dinartha Himi","https://www.facebook.com/dinartha.himi","[Image Attachment]"
"Munasingha Premarathna","https://www.facebook.com/profile.php?id=100076422972134","උඹලට වැඩියේ යක්කු පෙරේතයෝ කුම්භාණ්ඩයන් කොහෙද ඉන්නේ අපි උන්ව ඔය කියන ගලෙන් එහාට පන්නන ගමන් ඉන්නේ හොදේ ජයවේවා මාලිමාවට"
"Sushan Tharaka Susa","https://www.facebook.com/people/Sushan-Tharaka-Susa/61590626120967","👍👍👍"
"Rohini Mabarana Arachchige","https://www.facebook.com/people/Rohini-Mabarana-Arachchige/pfbid035tvR22MF9S75QwjnFy5jVDKAq2s7faiTh5sB54EVyTznggW1VUqTWRmKp2bL9w2tl","තෙරුවන් සරණයි 🙏"
"රුහුණ පෙරට","https://www.facebook.com/people/%E0%B6%BB%E0%B7%94%E0%B7%84%E0%B7%94%E0%B6%AB-%E0%B6%B4%E0%B7%99%E0%B6%BB%E0%B6%A7/pfbid03745wSfWe6LiciXR4PR9rkk11N4ZtPoMmaxJqzoNsM6EahXKeW9JJN9JWBAnWfGd3l","ජාතික භික්ෂු පෙරමුණ Bhikkhu Lanka උත්තර දියන් 🤮 හැත්ත"
"Haliq Asadullah","https://www.facebook.com/haliq.asadullah","[Image Attachment]"
"Pubudu Karunarathna","https://www.facebook.com/blpubudu","❤️ජයවේවා!💐🙏🙏🙏"
"Renuka Swarnalatha","https://www.facebook.com/renuka.swarnalatha.2025","🙏🙏🙏"
"Manjula Manjula","https://www.facebook.com/people/Manjula-Manjula/pfbid0n2QiHj4RRRwtUh67b3H7p4xiJtD6WkSPJ8ZM8Br7C138aGnAnVZJVW6wSnNTsmYRl","මගෙන් හොයන්න එපා සිල්... මගෙන් හොයන්න එපා ධර්මය.... එතකොට ඥානසාර ගාව මොනවද තියන්නෙ.... චන්ඩියෙක් විතරයි.... අල්ලයි මගෙ ඇට දෙක කිවා.... ධර්මය ට හානියක් නැ.. ඥානසාර විසින් ගොඩනගාගත් දෙවල්...."
"Mahinda Suraweera","https://www.facebook.com/mahinda.suraweera.9","[Image Attachment]"
"Indunil Rangana","https://www.facebook.com/indunil.rangana.2025","[Image Attachment]"
"Indunil Rangana","https://www.facebook.com/indunil.rangana.2025","[Image Attachment]"
"Indunil Rangana","https://www.facebook.com/indunil.rangana.2025","[Image Attachment]"
"Indunil Rangana","https://www.facebook.com/indunil.rangana.2025","[Image Attachment]"
"Indunil Rangana","https://www.facebook.com/indunil.rangana.2025","[Image Attachment]"
"Indunil Rangana","https://www.facebook.com/indunil.rangana.2025","[Image Attachment]"
"Ddu Priyantha","https://www.facebook.com/upul.priyantha.395891","🙏🙏"
"Anurudda Herath Herath Anurudda","https://www.facebook.com/anuruddaherath.herathanurudda","[Image Attachment]"
"Anurudda Herath Herath Anurudda","https://www.facebook.com/anuruddaherath.herathanurudda","[Image Attachment]"
"Anurudda Herath Herath Anurudda","https://www.facebook.com/anuruddaherath.herathanurudda","[Image Attachment]"
"Anurudda Herath Herath Anurudda","https://www.facebook.com/anuruddaherath.herathanurudda","[Image Attachment]"
"Anurudda Herath Herath Anurudda","https://www.facebook.com/anuruddaherath.herathanurudda","[Image Attachment]"
"Anurudda Herath Herath Anurudda","https://www.facebook.com/anuruddaherath.herathanurudda","[Image Attachment]"
"Anurudda Herath Herath Anurudda","https://www.facebook.com/anuruddaherath.herathanurudda","[Image Attachment]"
"Anurudda Herath Herath Anurudda","https://www.facebook.com/anuruddaherath.herathanurudda","[Image Attachment]"
"Anurudda Herath Herath Anurudda","https://www.facebook.com/anuruddaherath.herathanurudda","[Image Attachment]"
"Anurudda Herath Herath Anurudda","https://www.facebook.com/anuruddaherath.herathanurudda","[Image Attachment]"
"Anurudda Herath Herath Anurudda","https://www.facebook.com/anuruddaherath.herathanurudda","[Image Attachment]"
"Anurudda Herath Herath Anurudda","https://www.facebook.com/anuruddaherath.herathanurudda","[Image Attachment]"
"Anurudda Herath Herath Anurudda","https://www.facebook.com/anuruddaherath.herathanurudda","[Image Attachment]"
"Anurudda Herath Herath Anurudda","https://www.facebook.com/anuruddaherath.herathanurudda","[Image Attachment]"
"Anurudda Herath Herath Anurudda","https://www.facebook.com/anuruddaherath.herathanurudda","[Image Attachment]"
"Anurudda Herath Herath Anurudda","https://www.facebook.com/anuruddaherath.herathanurudda","[Image Attachment]"
"Anurudda Herath Herath Anurudda","https://www.facebook.com/anuruddaherath.herathanurudda","[Image Attachment]"
"Anurudda Herath Herath Anurudda","https://www.facebook.com/anuruddaherath.herathanurudda","[Image Attachment]"
"Kalum Ekanayaka","https://www.facebook.com/kalum.ekanayaka.10","[Image Attachment]"
"Chandi Swiss","","[Image Attachment]"
"Kapila Jayasekera","https://www.facebook.com/kapila.jayasekera","[Image Attachment]"
"Hasini Perer","https://www.facebook.com/people/Hasini-Perer/61589749486802","https://youtu.be/Xdfaf-2YYSs?si=z9h1SdDe0C8aNBHq ⚖️ රාජ්‍ය නීතියද? උසස් බුද්ධ නීතියද? ඇත්තටම වඩාත්ම උසස් වෙන්නේ මොකක්ද? 👑 රජ කාලේ මේ නීති දෙක ක්‍රියාත්මක වුණේ කොහොමද කියලා මේ වැඩසටහනෙන් ඉතාමත් පැහැදිලිව, සාක්ෂි සහිතව විග්‍රහ කරනවා. ජීවිතයට අනිවාර්යයෙන්ම එකතු කරගත යුතු මේ වටිනා වීඩියෝව දැන්ම නරඹන්න! බලලා තවත් කෙනෙකුට බලන්න අනිවාර්යයෙන්ම Share කරන්න. 📲✨"
"Rohana Dissanayaka","https://www.facebook.com/rohana.dissanayaka.471532","මොකක්.... මුලින් කියනවා සිරගත උනෙ උසාවියට අපහාස කල නිසා කියලා. ආයේ කියනවා රට ජාතිය වෙනුවෙන් කියලා. නානසාර යනකොට තවත් එකෙක් සෙට් වෙලා"
"Saman Wijith","https://www.facebook.com/sanawijith","[Image Attachment]"
"Lal Gunathilaka","https://www.facebook.com/lal.gunathilaka.54","[Image Attachment]"
"Kosala Karunarathne","https://www.facebook.com/people/Kosala-Karunarathne/pfbid0bqh88jLZiM3pBF9gbvKPg8fExsSGHWF7HYUTP1urP35hb6DRH3Cfdv2YDKmTvemkl","ඊලඟට උබ"
"Akalanka Akalanka","https://www.facebook.com/people/Akalanka-Akalanka/pfbid02AvQRCAdtQ81JJ5swv2D46kZnGXeac8bSSbeyKoJGjvEVhMjQkCBk5imA1JLrXeLul","නානසාර කියන්නෙ රාජපක්ෂ නිකායෙ එක් කහකඩයක් පමනයි...... සිල්වත් භික්ෂුන් වහන්සෙලාට  අපි ගෞරය කරනවා     රාජපක්ෂ නිකායෙ උන් දැක්ක තැන කෙල ගහනවා"
"Mohan Shan","","Pala kahakadaya"
"Roshan Rock","https://www.facebook.com/people/Roshan-Rock/pfbid023tWERChewMqzDJ5QFaGoS2HygDRYsWJRRk1skGXnmxnR1kfYds62MzjmqKTwyosPl","Move part 2...."
"Nishantha Palagama","https://www.facebook.com/nishantha.palagama","තො. ගලවපිය. සියුර ඇදගනින්. අබුඩයක් අනාත. මඩන්. වල ඇදුන ඇත්ත"
"Zuhair Kmmzuhairkmm","https://www.facebook.com/zuhairkmm.zuhair","[Image Attachment]"
"Wasantha Udaya","https://www.facebook.com/people/Wasantha-Udaya/pfbid0XTtT4VhELoN7wqNEzP73BQjbnu74RiWn8j2ewmNE3KPDS1MMcC1hqa5vuPbZFCuhl","අර birthday dance  එක දාල පෙන්නන්නකො සාදු. පට්ට ලස්සනයි. 🙏"
"See Elamanawayo Ashoka","https://www.facebook.com/people/See-Elamanawayo-Ashoka/pfbid09PQ97T4q3qiaqj3B8gsuJBgxKjXeFg93TCCYSPCKxhFhZovKDq9Y5RX8j1AijJ16l","න මුණ්ඩ කේන ස්‍රමනො හිස මුඩුකර සිවුරු දැරුපමනිං ස්‍රමනයෙක් නොවෙ."
"Ravindra Karunarathne","https://www.facebook.com/ravindra.karunarathne","ඔයත් ෆේස්බුක් එකේ චිටර් නොවේ හිටියා නම් තමයි හොඳ"
"Reza Mohideen","https://www.facebook.com/people/Reza-Mohideen/100000750956564","Moodasaara....denim..t ..shirt daagena...photo gehuve...sivura galavalaa neda???"
"Upali Waranakula","https://www.facebook.com/upali.waranakula.3","[Image Attachment]"
"Amal Chamaka","https://www.facebook.com/amal.chamaka.9","[Image Attachment]"
"Amal Chamaka","https://www.facebook.com/amal.chamaka.9","[Image Attachment]"
"Latha Perıs","https://www.facebook.com/people/Latha-Per%C4%B1s/pfbid0E3Fv2F1w3rUkZzipRj2FinJoXLbQVCCZCTtW4goh2udNj7z13aRvdABQCaeyus7Ul","Theruwan saranl"
"Nalin Sanjaya","https://www.facebook.com/nalin.sanjaya.555233","රාජපක්ෂ නිකායෙ කාලකන්නි චීවරධාරියෝ , බුදුන්සරණ නොගිය,රාජපක්ෂ සරණගිය මුං, බලපං බුදුහාමුදුරැවෝ පනවපු විනය නීති පිලිපදිමින් ඉන්න භික්ෂූන්වහන්සේලාට ,උබලටවගේ නඩු තීද? උබලවගේ පාරවල්ගානෙ දගලනවද ? අන්න ඒකයි උබලව භුක්ෂුසමජයනුයි,ගිහි සමාජයෙනුයි අයින්කරලා දාලා තියෙන්නෙ.ඕකවත් තේරැම්ගන්න බැරි නිකාය,උබලා හරියට මදාවිකාරයෝවගේ බං, කොයිවෙලාවෙ බැලුවත් පාරවල්ගානෙ,උබලා හාමුදුරැවරැ වෙන්නෙ කොහොමද බං, රටට සාපයක් උබලා🤬"
"Senavirathna Senavirathna Prabath","https://www.facebook.com/senavirathna.prabathkusumsiri","චීවරය දාගෙන පේජ් හදාගෙන ෆේස්බුක් එකේ රඟන එක හරි දේශපාලනය කරන එකද බුදු දහම කියන්නේ? බෞද්ධ ශාසනයේ කන්න එපා. ඕකේ ඉන්න බැරිනම් සිවුර ගලවලා දේශපාලනය කරපල්ලා"
"Welimada Karuna Meheni","https://www.facebook.com/welimada.karuna.meheni","[Image Attachment]"
"Welimada Karuna Meheni","https://www.facebook.com/welimada.karuna.meheni","[Image Attachment]"
"Welimada Karuna Meheni","https://www.facebook.com/welimada.karuna.meheni","[Image Attachment]"
"Welimada Karuna Meheni","https://www.facebook.com/welimada.karuna.meheni","[Image Attachment]"
"Welimada Karuna Meheni","https://www.facebook.com/welimada.karuna.meheni","[Image Attachment]"
"Welimada Karuna Meheni","https://www.facebook.com/welimada.karuna.meheni","[Image Attachment]"
"Welimada Karuna Meheni","https://www.facebook.com/welimada.karuna.meheni","[Image Attachment]"
"Welimada Karuna Meheni","https://www.facebook.com/welimada.karuna.meheni","[Image Attachment]"
"Welimada Karuna Meheni","https://www.facebook.com/welimada.karuna.meheni","[Image Attachment]"
"Shiranthi Withanage","https://www.facebook.com/shiranthi.withanage.330009","Sakwala galen ehata elawanne ubai samanthabaddai  dussila. Rajapaksa nikaye  kahakadayo tikai  mathak thiyaganin me viswa neethiya kriyathmaka wena kalayai  Anura 100/3 ganipu kenek  me janapathi kerewwe viswaye asirwadaya  Ithin thopi okkoma sunnath duli karala me rata hadanna ewapu kena akd  Thithagalle me ube awasanaya  eka hodata mathaka thiyaganin"
"Saman Munasinghe","","පල සක්කිලියා යන්න, අරන්තලා හාමුදුරැවරැ මරන කොට බල්ලා කොහෙද හැංගිලා හිටියෝ, ඉතිහාසය කියවපිය සක්කිලි ගණය"
"Shiranthi Withanage","https://www.facebook.com/shiranthi.withanage.330009","Anna ubalge lokkage gani duwa paris akka  gana ahapan sakkiliya"
"Chamindu Jayalath","https://www.facebook.com/profile.php?id=100007132458569","ජනපති තුමනි... ඔබ තුමාගේ උඩගුකම අත් හරින්න. රටක පාලකයෙක් වීම ලේසි නෑ. අපි ඒක දන්නවා. ප්‍රශ්න එනවා. ජන්තාව කැරලි ගහන්වා.. ඒත් ප්‍රශ්න දුරදිග යවන්න එපා. ප්‍රශ්නය එක දෙක කරන්න එපා.. බුදු දහමට අනුව රටේ ඉන්න සත්තුන්ගෙත් රජතුමා ඔබ තුමා. ඔබතුමා ඒ සෑම කෙනෙක්ටම ඇහුම්කන් දෙන්න ඕන. හැබැයි මේ විලාපය නගන්නෙ රටේ ඉන්න සත්තු නෙවෙයි. රටේ ප්‍රධානම ජන කොට්ඨාශය. රටේ සංඝයා වහන්සේලා. දැන්වත් තමන්ගෙ උඩගු කම අත් ඇරලා උන්වහන්සේට සමාව ලබා දෙන්න."
"Indika Sayakkara","https://www.facebook.com/profile.php?id=100021543654290","Chamindu Jayalath  ඇයි ඒ? බුදුහාමුදුරුවෝ දේශනා කරලා තියෙන්නේ රටේ නීතියට යටත් වෙන්න කියලා නේද? ඇයි වැරදි කරලා විලාප දෙන්නෙ? මේකද සීලය? එක්කෙනෙකුට නිදහස දුන්නොත් අනිත් ඔක්කොටමත් නිදහස දෙන්න ඕනෙ නේද? එහෙම කරන්න පුළුවන්ද? ඔයගොල්ලෝ හරි බෞද්ධයොනම් මේ වගේ දුස්සීලයින්ට උදව් කරන එක හරිද?"
"Chamindu Jayalath","https://www.facebook.com/profile.php?id=100007132458569","Indika Sayakkara එහෙනම් ජනාධිපති සමාව දීමේ බලතල අයින් කරන්න කියන්න. .ඇයි ඒක තියාගෙන ඉන්නෙ. .මෙච්චර හාමුදුරුවරු ඉල්ලද්දිත් දෙන්නෙ නැත්නම් කාට දෙන්නද ඒක තියාගෙන ඉන්නෙ. .කන්ටේනර් පෙට්ටි උස්සපු  ,බාල ගල් අගුරු ගෙන්නපු උන් නිදහස් කරන්නද"
"Mohan Perera","https://www.facebook.com/mohan.perera.980","Chamindu Jayalath උබ මොන පගයෙක්ද යකෝකැම්‍රි බයියා.සිවුර ගලවල ජම්පර අන්දවපු තව 63කැතුලෙ ඉන්නවාමූ විතරව තොගේ බුද්ද පුත්‍රය පගෝ.හානසාර කියන කැම්‍රි පගයගෙන් උතුම් චීවරය ගලවලා ජම්පරේට බස්සලා චීවරය බේරාගත්තා.තොපි පර බයි පගයින්ට ඇති පුපේ අමාරුව ඌ ජරාපස්සලගෙ බත් බැලයෙක් නිසාද.කැම්‍රි පගයා"
"Indika Sayakkara","https://www.facebook.com/profile.php?id=100021543654290","Chamindu Jayalath  ඒක තියෙන්නෙ සුළු වැරදි කරලා දඩ ගෙවාගන්න බැරිව හිරේ ගිය දුප්පත් මිනිස්සු වෙනුවෙන්. මේ වගේ රටම ගිනි තියන සක්කිලි වෙනුවෙන් නෙවෙයි. එහෙම ව්‍යවස්ථාපිත බලතල ඔයාලට ආස අය වෙනුවෙන් පාවිච්චි කලේ නෑ කියලා අතහරින්න බෑ. එකටත් process එකක් තියෙනවා. ඇයි ඔයාල ඔහොම  මොන්ටිසෝරි විදියට හිතන්නෙ?  කන්ටේනර් ගැන කමිටි එකක් තියෙනවා. එකේ ඔයාලගේ අයත් ඉන්නවා. ඔයාටත් සාක්ෂි තියෙනවනම් දෙන්න පුළුවන්. 😁"
"Dematagolla Gedhara","https://www.facebook.com/dematagolla.gedhara","Indika Sayakkara eathamath niwerathy dhekma sathutuy"
"Dematagolla Gedhara","https://www.facebook.com/dematagolla.gedhara","Indika Sayakkara niwerathy dhekma sathutuy"
"Sisil Perera","https://www.facebook.com/sisil.perera.5249","Chamindu Jayalath"
"Shirley Amarasinghe","https://www.facebook.com/shirley.amarasinghe.1","Chamindu Jayalath සංගයා වහන්සෙලා අශිෂ්ට වැඩ කරනකොට උන්ට සමාව දෙන්න ජනාතාව එතුමාට බලයක් දිලා නැහ .සංගයා වහන්සෙලා ජනතාවගෙ මුදලින් ජිවත්වෙනවානම් ඔවුන්  බුද්දපුතුන් වගෙ දර්මය රැකගෙන දෙශපාලනය නොකර බුදුහාමුදුරුවන්ට සාදාරනක් ඉශ්ට කල යුතුය ."
"Cedric Perera","https://www.facebook.com/cedric.perera.18","Chamindu Jayalath ayi රනිල් ge කාලයේ ahawwe nathe"
"Anoma Bellenaarachchi","https://www.facebook.com/anoma.bellenaarachchi","Chamindu Jayalath ගිහියෙක් වරදක් කරලා ඔහුට සමාව දුන්නත් මහනෙකුට සමාව දෙන්න එපා එයාල බුදුදහමේ පරතෙරට ගිහින් සසර කලකිරිලා දැන දැන වැරදිකරන්නේ. ගිහියා මෝඩ කමට නුගත්. කමට කියමුකෝ ඒත් සහාව දිය යුත්කේ. දරැවෙකුට විතරය."
"Niroshan Malinga","https://www.facebook.com/people/Niroshan-Malinga/100068904300061","[Image Attachment]"
"Sujeewalal Kumara","https://www.facebook.com/sujeewalal.kumara.71","Ubalata danda aharune ada jampare adagena hitiye dusila chicken kedenek here ennawada a okkama rate nitiyen weradi karayo unu un lajjawak nati salli walata kade yana kahakadayo."
"Sonal Sonal","https://www.facebook.com/people/Sonal-Sonal/pfbid0k2eUWu3KMJtgGgrrKh2J33kY6VbEh5ZJQ3ijc9mKQfo4DLkC9qiaSstgj5HxKp2sl","මෙය හුදෙක් හොර කාලකන්නියෙකුගෙන් චීවරය බේරා ගැනීඉමක් පමනි........."
"Chathura Jinendra","https://www.facebook.com/chathu.jinendra","[Image Attachment]"
"Nirmal Stambo","","[Image Attachment]"
"Saman Pathirana","https://www.facebook.com/people/Saman-Pathirana/pfbid0zXZjYg93dz7ZW3ZyKNknxvNUz8CkyCbNmLFNbBfcXBQdZiucqVsKdu6uTvFRBsU1l","[Image Attachment]"
"Indika Peiris","https://www.facebook.com/people/Indika-Peiris/pfbid032M4URzg5Aw91aCXwmHHfDPnaTn4oQjySBkrUzmE5dqhNsMwWewcmY4RiUrSrSuFGl","පාල්.හොරැ"
"Piyal Rathna","https://www.facebook.com/piyal.rathna.1","රාජපක්ෂලගේ  නිකායේ නිකායෙ හොර ගනයන්ගේ සිවුරු එකෙන් එක ගැලවියයුතුයි මුන් ඉන්නකම් මේ රට හදන්න බෑ බුදු දහමට වෙන හානිය ඊටත් වැඩියි"
"Jagath Wickramasinghe","https://www.facebook.com/jagath.wickramasinghe.581","[Image Attachment]"
"Premathilaka Chandrasiri","https://www.facebook.com/people/Premathilaka-Chandrasiri/pfbid02xroZUeuTq8jeioFVj6QGueneFmZHbusFp3XQsridT6Xtineqe5JFsqqfQ9edHpUbl","Z"
"Premathilaka Chandrasiri","https://www.facebook.com/people/Premathilaka-Chandrasiri/pfbid02xroZUeuTq8jeioFVj6QGueneFmZHbusFp3XQsridT6Xtineqe5JFsqqfQ9edHpUbl","Mm,"
"Sanjeewa Bandara","https://www.facebook.com/people/Sanjeewa-Bandara/pfbid0mwc2t3VSQxjv3uMAUjk2YiNpSF1d2Bx6YND8mUnHzdMqHfTUoaqjy2b2RnxyUTnzl","Call me"
"Sanjeewa Bandara","https://www.facebook.com/people/Sanjeewa-Bandara/pfbid0mwc2t3VSQxjv3uMAUjk2YiNpSF1d2Bx6YND8mUnHzdMqHfTUoaqjy2b2RnxyUTnzl","Call me"
"Mylwaganam Ravichandran","https://www.facebook.com/mylwaganam.ravichandran.1","Pisu utha"
"Sunil Samarasinha","https://www.facebook.com/people/Sunil-Samarasinha/pfbid0kUy1mjw16CTFJMo24kHSeE9xuzYSBQHEzxNvBpNrjYut7Fh9uVLUwXGG8h5wKLFcl","Spage dahayogaya"
"Suranga Sandacan","https://www.facebook.com/people/Suranga-Sandacan/pfbid0LGR3XEHXKzMngx84og27UShS1PLZnWLTrnvFtuJecNbsny3aivA5DLmUCBgkyVwml","Niymi"
"Ajith Ranasingha","https://www.facebook.com/ajith.ranasingha.3597","Anurayaaaa rata kaaaàwa"
"Thushara Sanjeewa","https://www.facebook.com/thushara.sanjeewa.71216","Yea"
"Yasith Thelisinghe","","Nikan damme 👀👀👀"
"Upasena Upasena","https://www.facebook.com/people/Upasena-Upasena/pfbid02dWfpbUeGfrJFRtWLXDqxprBdfbKxDMWoATK78WFQUimjanF8JeeeunxKe3JkLNTfl","U"
"Sanjeewa Susantha Eakanayaka","https://www.facebook.com/people/Sanjeewa-Susantha-Eakanayaka/61576717635436","Pin"
"Thasintha Jayawardhane","https://www.facebook.com/thasinthaj","Listen Carefully 😂"
"Rohan Perera","https://www.facebook.com/rohan.perera.7777","Bastard."
"Sama Samantha Dharma Siri","https://www.facebook.com/samasamantha.dharmasiri","Y."
"Rooth Okkampitiye","https://www.facebook.com/profile.php?id=100022464853575","Anura go home"
"Shonaz Cosaz","https://www.facebook.com/profile.php?id=100024539341232","Bikku should not be anymore bikku when they are in crime"
"Vikum Susantha","https://www.facebook.com/vikum.susantha.7","Galleface ekrok wemu"
"Gayan Sameera Dahanayaka Yapa","https://www.facebook.com/sameera.dahanayaka.39","Gon pagayek"
"Kenny King","","Fuck off thatta ponnaya!"
