User Name,Profile Link,Comment
"Lalith Senevirathne","https://www.facebook.com/lalith.senevirathne.2025","යකෝ ඥානසාර හාමුදුරුවන්ට මෙච්චර ගහන්නේ මොකද කියලා කියල උඹ ඥානසාර හාමුදුරුවන්ගේ ඉතිහාසය බලපන් යකෝ.සමාජෙට වෛරය වැපිරුවාසිංහල දෙමළ මුස්ලිම් ජාතිවාදය ඇවිස්සුවා.ඒකේ කෙරෙව්ලක් තමයි පාස්කු ප්‍රහාරය ඒකෙන් ජීවිත කීයක් නැති වුණාද යකෝ තොපිට වූවා තේරෙන්නේ නැද්ද.තොපි වගේ එවුන් හින්දා තමයි බුද්ධ ශාසනෙත් නැති වෙන්නේ කාලකන්නි.අනිවාර්යෙන් ඔයා කාට සමාවනම් දෙන්න එපා. ජනාධිපතිතුමනි.කීයටවත් සමාව දෙන්න එපා"
"Prasanna Weheragamage","https://www.facebook.com/profile.php?id=100049497810610","Lalith Senevirathne සමාව දෙනවට අපි විරුද්ධයි"
"Nick Richardson","https://www.facebook.com/people/Nick-Richardson/pfbid034eQR6WeVMRHdzsSzWVnKkEmuEBCcSdNJTGP6pPrMNocke3c1xZC5JzNtwytbVDXel","Lalith Senevirathne https://www.facebook.com/share/v/1HmDLoZvQ1/"
"Kapila Roshan","https://www.facebook.com/people/Kapila-Roshan/pfbid02q1WEpnre6dft4CzqiZk747LGTDexDPYPXW8X4UbSAN97DPAKjWTDxpsyCJzarspfl","Lalith Senevirathne මුස්ලිම් අන්තවාදය ගැන ඒ හාමුදුරුවන් පාස්කු ප්‍රහාරය ට පෙර මොනවාද කිව්වෙ කියලා හොයල බලන්න සහරාන්ල ගෙ ක්‍රියාකාරිත්වය මුස්ලිම් චන්දවලට පෙරේත කමින් යටපත් කරපු හැටි පෙන්නා දුන්නේ"
"Hokandara Ajitha","https://www.facebook.com/people/Hokandara-Ajitha/pfbid037PJdeA9UHiUkXvVTuJbAaLwZ9Yxz5vkNEoRQPSpmfkbkpqZXnuSCXh8sY763ZeLwl","Lalith Senevirathne ඥානසාර හාමුදුරුවෝ හමුදාවෙ කට්ටියක් වෙනුවෙන් කතා කරන්න ගිහින් උසාවියෙ කෑගහලා වරද කරු වෙච්ච නඩුවට කලින් ජනාධිපතිවරයා සමාව දෙනවා.....දැන් එ සමාව නැතිකරලා ආයෙ හිරේදන්න එපා ඒ දිපු සමාව දෙන්න කියල කිය්න්නේ..."
"Osanda Gunaratne","https://www.facebook.com/osanda.gunaratne.1","Lalith Senevirathne ඉතිහාසේ බැලුවා. බීලා වාහනේ එළවලා හප්පගත්ත නඩුවක් හම්බුණා"
"Dinusha Disanayaka","https://www.facebook.com/people/Dinusha-Disanayaka/pfbid02CHoGkZmdxtT89ZBzEwUa27faMbLa53kLLRjKodvWGgggiZf5ZZkmHguRGGWeT3gEl","Lalith Senevirathne චීවරේට බුරන නිරාගමික නිඝන්ටයෝ 😛😛"
"Chamar Indika","https://www.facebook.com/chamar.indika","Lalith Senevirathne අන් අගමික හිගන්නා"
"Digi Printing","https://www.facebook.com/digi.printing.904035","Lalith Senevirathne පලයල්ලා මේවා අතඇරලා දාලා උතුරු නැගෙනහිරටයි මඩකලපුවලටයි ගිහිල්ලා ජීවත්වය අල්ලා කාලකන්න"
"Ym Udaya Kumara Yaparathna","https://www.facebook.com/ymudayakumara.yaparathna","Lalith Senevirathne මාර ලොජික්නෙ ඕයි මේවා. බෞද්ධ භික්ෂුවක් ජාතිවාදෙ ඇවිස්සුවම අන්ත්වාදී සෙට් එකක් කතෝලික පල්ලිවල්ට ගැහුවා. මේ මොන ගොන් කතාවක්ද? ඇත්ත ඇති සැටියෙන් දැන ගන්න කුරානෙ අර්න් කියවන්න."
"Dammika Wijasinge","https://www.facebook.com/dammika.wijasinge","Lalith Senevirathne"
"Nishantha Weerasinha","https://www.facebook.com/nishantha.wijeewardana","Lalith Senevirathne ube ammata hukanna ballo eka thamai aurudu ganakata kilin hamuduruwo kiuwe saharanla gena ponna balla"
"Mohan Lal Pathirana","https://www.facebook.com/mohanlal.pathirana.52","Lalith Senevirathne  යකෝ පාස්කු නඩුතීන්දුවේ කොතනවත් අපේ හාමුදුරුවන් නමක් සදන්වෙලා තියනවාද උන්වහන්සේ පෙනීසිටියේ බෞද්ධ උරුමයන් වෙනුවෙන්  තොපි පජාතිකයන්ට ජාතක උනාට මේ රටේ ඉන්නවා සිංහලජාතිය, බුදුදහම ඒ උරුමයන් වෙනුවෙන් කතාකරන කොන්ද පණ තියන උන්"
"Geethika Ruwan Rl","https://www.facebook.com/geethikaruwan.rl","Pasku prahare hamudurowoda kare den"
"Samitha Himi","https://www.facebook.com/samithahhimi","Lalith Senevirathne කීයාන් බලන්න වෛරය ජාතිවාදය වපුරපු විදිහ.. උන්වහන්සේ කතා කරේ මගේ ජාතිය මගේ ආගම මගේ රට ගැන ඇයි උබට අවුල්ද? උබ කල්ලතොනි උන එකට උබේ දෙමාපියන් වගකියන්න ඔනේ හැබැයි අපේකම ගැන කතාකරන එක ජාතිවාදී නම් ඊශ්‍රායල් මොකටද ගාසාවලට ගහන්නේ කියාපන්කෝ.."
"Saman Herath","https://www.facebook.com/saman.herath.96780","Lalith Senevirathne උන් වහන්සේ ජාතිවාදයක් වැපිරුවේ නෑ උන්වහන්සේ කියපු කාරනා හොයලා බැලුවනම් අර අහිංසක ජීවිත තුන්සියගානක් බේරගන්න තිබුනා රැල්ලට බනින්න එපා තමන්ගේ රට ජාතිය ආගම ගැන කැක්කුමක් තියෙන්නේ උන්වහන්සේට එතන ජාතිවාදයක් නෑ"
"Ahamed Rimsan","https://www.facebook.com/people/Ahamed-Rimsan/pfbid0t5Wzq8LLw9rA6DUrdCTBbKyCkUNRm4ZeLBGKr6mH8xDqzzcdEd1n9UkJebwQLTTsl","Kapila Roshan මගුල් නාන සාර ට සහරන් ට පඩි ගෙවිවේ පිස්සු නන්දෙ විරුවා 🤣 මහ මොළකරු"
"Ven Sudhamma Thera","https://www.facebook.com/people/Ven-Sudhamma-Thera/61574077633622","Lalith Senevirathne ඔබට ඉතිහාසයේ දවසක මතක් වෙයි අපේ හාමුදුරුවෝ"
"Karunapala Rajapaksha","https://www.facebook.com/karunapala.rajapaksha","Lalith Senevirathne absolutely correct 💯💯"
"Avishka Yasaran","https://www.facebook.com/people/Avishka-Yasaran/100078779285696","Lalith Senevirathne uba wage okkoma hithuwoth sinhala jathiya nathi wenna wadi kal yan na."
"Ajith Chaminda","https://www.facebook.com/ajith.chaminda.357","Lalith Senevirathne"
"Ajith Herath","https://www.facebook.com/ajith.herath.39982","Lalith Senevirathne තොපි වාගේ තිරිසන් කාලකන්නි ජාතියක්"
"Senarath Bandara Bandara","https://www.facebook.com/nishan.ranasingha.98","Lalith Senevirathne දෙිමලේක් වෙිලත් චනසර හමුදුරැවන්ට පිල්ලේයාන් කියනඑක අහන්න නමට සිංහලවෙිලා වැඩක්නැ"
"Rangana Ranasingha","https://www.facebook.com/rangana.ranasingha.58","Lalith Senevirathne බුද්ධාගමට කෙළවල ගිට දාට තොපිට තේරෙයි. බුද්ධාගම බේරගන්න එන උන්ට නිරාගමික අවලං හරක් මරන් කන උන් අකමැතියි. තොපි කල්ලතෝනි බල්ලො"
"Daham Daham","https://www.facebook.com/asanka.era","Lalith Senevirathneජාතිවාදය ඇවිස්සුවේ ඥාන සාර හාමුදුරුවෝ ද බං එතකොට අනිත් එවුං සිල් අරන්ද හිටියේ උඹලත් සිංහලනෙ නෙද්දකින් විතරක්"
"Lasitha Mendis","https://www.facebook.com/lasitha.mendis.12","Lalith Senevirathne machan eke kelawara nemei easter bombing attack ek. Oka wenawa kyla mulinma tauheed jamath ek expose krpu manussaya thamai gnanasara hamuduruwo. Poddk pahadiliwa htanna. E manussaya 2014 kypu de ahuwa nam meka wenne na"
"Lasitha Mendis","https://www.facebook.com/lasitha.mendis.12","Osanda Gunaratne ewata nadu dammata kmk na"
"Rock Max","https://www.facebook.com/susiri.gama","Lalith Senevirathne පොන්සියෙක් වුනා කියලා , ලෝකෙට අඬබෙර ගහලා ආඩම්බරෙන් කියන්නෙ එපා යකෝ.. විලිලැජ්ජයි🤮"
"Asanka Romesh","https://www.facebook.com/asanka.romesh.9","Lalith Senevirathne pala gothaya yanda ..koheda yako waoraya wepuruwe..hamuduruwo hemada pennuwe unge jathiwada gena..thppi kallathoni ballo..unge weradi muluth penne ne..api wenuwen konda kelin thiyagena katha kara eka thamai weradi..thoge pa ya kapaganin gothaya"
"Wasantha Wasantha","https://www.facebook.com/rock.sanjaya.33","අනුන්ගෙ සීනි කිරන්න ගිහින් පච නොවී ඉදහන් හු###"
"Thishantha Wijesinghe","https://www.facebook.com/thishantha.wijesinghe.2025","Wasantha Wasantha මෙයා කොහොමත් පච"
"Hokandara Ajitha","https://www.facebook.com/people/Hokandara-Ajitha/pfbid037PJdeA9UHiUkXvVTuJbAaLwZ9Yxz5vkNEoRQPSpmfkbkpqZXnuSCXh8sY763ZeLwl","Wasantha Wasantha"
"ඕලු කුමාර","https://www.facebook.com/sjd18tbqbu","Wasantha Wasantha බොලයි අම්ම ගෙ හුත්තට  බල්ලො ද හි වෙ"
"Mk Indika","https://www.facebook.com/people/Mk-Indika/pfbid0wCb6xPKn1UVkaEsdZMv6JABE2P8WDreZzV7XCdYJKaCkZ6qjjg8LsfrygfrWAQNCl","Wasantha Wasantha"
"Herath Madagedara","https://www.facebook.com/people/Herath-Madagedara/pfbid0M9k1hYTCJSiiVW8NSzCD7XHAhWMFr2DaJJhxzqMRJkkhHESxxFfbRqq7LbMLkTdel","Wasantha Wasantha තෝත් ඒකනෙ කරන්නෙ පාදඩයා"
"Digi Printing","https://www.facebook.com/digi.printing.904035","Wasantha Wasantha පල ජීවී පී නිවටය"
"Herath Madagedara","https://www.facebook.com/people/Herath-Madagedara/pfbid0M9k1hYTCJSiiVW8NSzCD7XHAhWMFr2DaJJhxzqMRJkkhHESxxFfbRqq7LbMLkTdel","ඕලු කුමාර තොගෙ අම්මගෙන් තමා අහන්න වෙන්නෙ ඒක.වෙහෙරක් පොටෝ එකට දාගෙන කුණුහරප කියන්න තොට ලැජ්ජ නැද්ද බල්ලෝ"
"Senaka Priyadarshana","https://www.facebook.com/people/Senaka-Priyadarshana/pfbid0YKFNuvdrmQs3Whsr1vetQv2tVLGsHHojH7wV1SnexdZqdnGPKbNsobKvmS4z48Ldl","Wasantha Wasantha ඉතිහාසෙ පුරාවටම ජාතින් අතර අසමගිය වැපුරුවා මෙයා භික්ෂු වක් නෙවෙයි සිවුරු රදවනයක්.."
"Athara Maga","https://www.facebook.com/people/Athara-Maga/61590789750618","Wasantha Wasantha ammpa"
"Ap Herath","https://www.facebook.com/ap.herath.812583","ඕලු කුමාර ඔබේ අම්මට එහෙමැයි.පව්අහින්සක දෙමව්පියෝ."
"Atigala Sumana","https://www.facebook.com/sadalankaa","Wasantha Wasantha කුණුහරුප වලට කැමති ඩෝබියෝන්ගෙන් ගොඩක් ලයික් ඇවිල්ලා.  ...ඔයාගේ අනුගාමිකයන්ගෙන්....තම්බින්ට යනරටේ  මුල් පුරුක් ඔයාලා."
"Jayarathna Dissanayake","https://www.facebook.com/jayarathna.dissanayake.9","බුදු හාමුදුරුවෝ ජාතිවාදය ප්‍රතික්ෂේප කරා  ඥානසාර එහෙමද."
"Ishani Hasanthi","https://www.facebook.com/profile.php?id=100057917592002","Jayarathna Dissanayake ඉස්සරත් එහෙම හිටියනම් සුද්ද මේ රට අල්ලලා අපි ගොන්නු නෙමෙයි එහෙම ඉන්න එක පැත්තකින් යාපනයේ එවුන් අනිත් පැත්තෙන් මුන් අපිට වෙලා තියෙන මුංගෙන් වඳ විද විද ඉන්න යාපනය අච්චර දේවල් වෙලත් අනේ ඉතින් සුද්ද කරනවනේ 🤣🤣 රට අල්ලගන්න යුද්ධයක් කරපු මිනිස්සු කියලත් මතක නෑ සිංහලයා කොයිතරම් ගොන්ද අපේ රට නැති වෙනකන් ෛත්‍රී කර කර ඉන්න අපි ගොන්නු නෙමෙයි ඒක තමයි උන්ටත් ඕනේ"
"Kanishka Ranasinghe","https://www.facebook.com/kanishka.ranasinghe.50","Ishani Hasanthi රට අල්ලන්න යුද්දෙ ක්ළේ කොටි ට් ත්‍ර්ස්තවාදි මිනිස්සු නෙවෙ .😂"
"ඕලු කුමාර","https://www.facebook.com/sjd18tbqbu","Jayarathna Dissanayake බොලයි අම් හි වෙ හම් යොද"
"පුෂ්ප කුමාර","https://www.facebook.com/gamuda.sapak","Ishani Hasanthi ltte කියල සංවධානයක් හැදෙන්න පාදක උන හේතුව මොකක්ද නිකම් කසනවට යුද්ද කලා නෙමෙයිනෙ ..ගින්නක් නැතුව දුමක් නගින් නැනෙ..මුලින් අතිතය කියවල බලල හේතු ටික හොයාගෙන එන්නකො එතකොට තේරෙයි ....පොන්නම්බලන් රාමනාදන් හොදයි ...අනිත් අය නරකයි..."
"Ishani Hasanthi","https://www.facebook.com/profile.php?id=100057917592002","පුෂ්ප කුමාර දැන් ඔක්කොටම හේතුව සිංහල මිනිස්සුයි රටේ තියෙන බුද්ධාගමයි ඔන්න ඕක තමයි අනිත් රටවල් වලටත් වුණේ අනිත් දේවල් වැළඳ ගැනීම ඊට පස්සේ කරුම ගෙවීම බුද්ධ දර්ශනය තිබ්බ රටවල්වල දැන් වෙලා තියෙන දේ කල්පනා කරල බලන්න ආගම විනාශ කළා උන් නන්නත්තාර වෙලා අපි උන් එහෙම තමයි ඉවසල ඉවසලා ආයි දෙනවා නන්නත් තාර වෙන්න මේකෙ රඟන්න ආවොත් කාටත් එච්චර සිංහලයෝ කියන්නේ යක්කු කාටත් දෙකට නැමිලි නැහැ අතීතයේත් එහෙමයි තව ඉස්සරහටත් හොඳ ජාන තියන අයත් එහෙම කවලන් වෙච්චයි නම් එහෙම නෑ කාටත් මෛත්‍රී කර කර ඉන්නේ නැහැ මේක සිංහලයගේ"
"Agr Mawella","https://www.facebook.com/people/Agr-Mawella/61586196357842","Jayarathna Dissanayake ජාතිවාදය යන වචනයේ අර්ථය කුමක්ද?"
"Samitha Himi","https://www.facebook.com/samithahhimi","Jayarathna Dissanayake බුදුරජාණන් වහන්සේ තමන්ගේ ජාතිය බේරාගන් තුන්පාරක් උත්සාහ කරා...අදටත් තිබෙනව ඉන්දියාවේ ගල්මත කරත්ත එරුණු පාරවල්.. දෙමාපියන් ගේ වරදින් කල්ලතොනි උනාට අප කුමක් කරන්ද?"
"Tharindu Rashmika","https://www.facebook.com/tharindu.rashmika.56","Jayarathna Dissanayake එතකොට පන්සල් කඩලා කෝවිල් හැදුවම හරිද බල්ලො එතන.. පු# නොදි ප්ලයන්"
"Ishani Hasanthi","https://www.facebook.com/profile.php?id=100057917592002","Kanishka Ranasinghe හැබැයි ඉතිං ඔය හොඳයි කියන මිනිස්සුන්ගේ ළමයිනුත් එල්ටීටීඊ එකේ යුද පෙරමුණේ හිටියා නේද යුද්දෙ කරන්න ළමයි දෙන්න වුනා නේද 😂 ඔය හොඳයි කියන මිනිස්සුන්ගේ ළමයි තමයි බං ඔය වල හිටියේ"
"Kanishka Ranasinghe","https://www.facebook.com/kanishka.ranasinghe.50","Ishani Hasanthi දෙන්න වුණා කිවොත් හරි බලහටත් කාර කමින් බදව ගත්තා .ත්‍රස්ත වාදය කියන්නේ එකට තමා බන්"
"Ishani Hasanthi","https://www.facebook.com/profile.php?id=100057917592002","Kanishka Ranasinghe ඒ දෙන්නා උන නිසාද දැන් බන් යාපනය ත්‍රස්තවාදය පිළිම හදන් අනිත් ජාතිය කුලප්පු කරන්නේ හරි හොඳයි මාර සමඟින් ඉන්න පුළුවන් ජාතිය දැන් සමරන්නේ උඹලට පුළුවන්ද බන් අපිව මෝඩයෝ කරන්න පව් බං හරි අහිංසක මිනිස්සු එක්කෙනෙක්වත් ලංකාවේ ඉන්න එල්.ටී.ටී.ඊ සත්ත්වවාදියෝ නෙමේ හරි අහිංසක මිනිස්සු අපි මෝඩයෝ උනා ඒක තමයි පන්සල ගාව කෑගහන්නැත්තේ?"
"Kanishka Ranasinghe","https://www.facebook.com/kanishka.ranasinghe.50","Ishani Hasanthi එවට රජය ඉන්නවා එයාලා බලාගනි.උබ උබේ වැඩක් බලන් හිටපන්.උබ මෙකේ වැලලුනා කියල උබට මොකුත් කරන්න බෑනේ.පොලිසිය හමුදාවේ වැඩ උබට කරන්න පුලුවන් ද? දෙමලු වත් තම්බිවත් උබල වගේ ක්කෑ ගහන්නේ නෑනේ.දෙශ පාලනෙට කඩෙ නොයා වැඩක් කරන් හිටහම්. ප්‍රජාතන්ත්‍රවාදය කියල එකක් තියෙනවා නේ එක දැන්තියෙනවා.කලින් එහෙම තිබ්බේ නෑනේ."
"Kanishka Ranasinghe","https://www.facebook.com/kanishka.ranasinghe.50","Ishani Hasanthi ලොක ස්වාභාවය තමා එක.දැන් උබ ඕක වෙනස් කරනවද මෙකේ කය්යගහල?😂අනේ නිකන් පලයන් බන් යන්න.ජන්දය  තියෙන දවසයට ජන්දේ දාලා උබ කඩේ යන පක්ශය දිනවපන්.වැලලෙන්න හදන්නේ නැතුව."
"Janaka Liyanaarachchi","https://www.facebook.com/janaka.liyanaarachchi.568","ඔහේ වගේ එවුන් ධර්මය විකෘති කරන යක්ෂයෙක්, බෞද්ධ දර්ශනය ඉගෙනගෙන වරෙන් ගිහියන්ගෙන් ගුටි කන්නේ, තාමත් මිනිස්සු ඉවසනවා ඒක ඉක්මනටම අවසන් වෙයි, බුදුහාමුදුරුවන්ට අගෞරව කරන්නේ ඔහේලා, මොලේ සිහියක් කියලා දෙයක් තියෙනවා නම් ඔහොම හැසිරෙන්නේ නෑ යකෝ, මානසික ලෙඩක් කොහේලට දෙමහුපියෝ බලෙන් ගෙනල්ල පන්සල් වලට දාපුවාම ඔහොම ඈයෝ තමයි ඇති වෙන්නේ අවබෝධයෙන් සාසනයට එකතු වෙන්න ඕනේ නැත්තං ඉතින් මානසික ලෙඩ්ඩු වගේ හැසිරෙනවා තමා"
"Sura Pilessa","https://www.facebook.com/sura.pilessa","Janaka Liyanaarachchi බුදුහාමුදුරුවන් දේශනා කරාලු හාමුදුරු කෙනෙක්කුගේ ලේ හෙල්ලුවොත් බුදුන්ගේ ලේ හෙල්ලුවා හා සමානයි කියලා දිවැසින් දකින්න ඇති සිවුරට මුවා උනු මේ වාගේ කහකඩයෝ ගුටි කන විත්තිය ඒකයි එහෙම දේශනා කරන්න ඇත්තේ බුදුහාමුදුරුවන්ට සිල්වත් භික්ෂුවකගේ කියලා දේශනා කරන්න අමතක වෙන්න ඇති"
"Atigala Sumana","https://www.facebook.com/sadalankaa","Janaka Liyanaarachchi නෑ...පොඩ්ඩක් හිතන්න මෙහෙම.ඔයා දෙමල හරි මුස්ලිම් හරි කතෝලික හරි කියලා...ඔයා පෙනී ඉන්නේ එයාලා වෙනුවෙන්නම් ඔයා කවදාවත් ඔයාලට විරුද්දව වචන කියන්නෙ නෑ...බෞද්ධනම් ඔයා ඇයි මෙහෙම වචන කියන්නෙ. ..අන්න එතන තමයි දහමින් දුන්නු නිදහස...හැබැයි තම්බි වෙනුවෙන්  ඉන්නවා දෙමෙල්ලු වෙනුවෙන් ඉන්නවා කුරුසෙ වෙනුවෙන් ඉන්නවා. ඉතින් කෝ අපිට.ඔයා ජේ වී පී නම් දර්මය දන්නෙ නැ.නමුත් දර්මය දැනගෙන හාමුදුරුවෝ ඉදිරිපත් උනේ ඔයාලා අපි වෙනුවෙන්.ඔයාලගෙ දරුවෝ වෙනුවෙන්.අතීතයේ මෙහෙම ප්‍රශ්න තිබ්බෙ නෑ.තම්බි ආව නිසයි ප්‍රශ්නේ ආවේ ..ඉතින් මේ ප්‍රශ්නෙ මුල එතන ..ඒ ප්‍රශ්නෙ වෙනුවෙන් හාමුදුරුවෝ ඉදිරිපත් උනා අනාගතයේ සින්හලයට යන එන මන් නැති වෙනවා මුන් නිසා කියලා...ඉතින් අපි නවතින්න ඕනි කොතනද පක්ශෙකද ජාතියකද කියලා පොඩ්ඩක් හොදට කල්පනා කරලා බලන්ට.......සෝම හාමුදුරුවෝ  ..ධර්මපාල තුමා .කල්පනා කර ගන්ට"
"Atigala Sumana","https://www.facebook.com/sadalankaa","Sura Pilessa කුහක විදිහට බලන්ට එපා...මේක ජාතියක ප්‍රශ්නයක්..අවසාන තැන මේ ධර්මය පවතින ..අද කොල්ලෙක් අත් අඩන්ගුවට අරන් බුදු දහම මුලිනුපුටා  දාන්ට ඕනි කියලා කියපු නිසා.එයාට එහෙම වෙන්ට හේතුව අපේ තියෙන නිදහස අයුතු ලෙස ගත් නිසයී....මෙහෙම කිය්න්ට පුලුවන් වෙයිද අරාබියේ ..බෑ කොහොමත් බෑ...අපේ රටේ පුලුවන්..නමුත් ඇයි අවිහින්සාවාදී දහමක් සත්‍ය නිර්මල දහමක් වනසන්නේ....  සර්පයාගේ වැරදි තැනින් අල්ල ගත්තොත් මැරෙන්ට වෙන්නේ නොදන්නා තැනින් අල්ල ගත්ත නිසයි ...හරි තැනින් අල්ල ගන්න ......"
"Gamini Kaluarachchi","https://www.facebook.com/gamini.kaluarachchi","මේකා හරි කරදරයක් වුණානේ"
"Manoj Windana","https://www.facebook.com/manoj.windana.9","Gamini Kaluarachchi එයල කැමතිම වයිරල් වෙන්න"
"Sujeewa Priyanthalal","https://www.facebook.com/sujeewa.priyanthalal.7","Gamini Kaluarachchi අනිවාර්යයෙන්"
"Duminda Wengappuli","https://www.facebook.com/people/Duminda-Wengappuli/pfbid0hULXVVusRqULU5yiKKq3Xos7csbqGquNEdtH7jpPVZzP8zE5uvtetACEAAmAiR2Ql","Gamini Kaluarachchi ඔව් ඔව් උඹලා වගේ ජාතියක් ජන්මයක් නැති උන්ට"
"Gamini Kaluarachchi","https://www.facebook.com/gamini.kaluarachchi","Duminda Wengappuli උඹට තමයි දෙකම තියෙන්නෙ බලාගෙන අරූට වගේ එකක් නැතිවෙන්න පුළුවන්"
"Sandhya Nissanka","","Duminda Wengappuli තමන්ගෙ පරම්පරා origin එක කොහෙන් ආවද කියල වත් දන්නෙ නැති ව ජාති ජන්ම හොයනවා..අනේ අනිච්චං...🤭🤣"
"Meth Mawatha","https://www.facebook.com/people/Meth-Mawatha/pfbid023BDoyerSeudqFSotezgcZcpeQRJkB4nK1tV96h5FexraVbDmtoh4iLPqzx1DqSmhl","Gamini Kaluarachchi කරදරයක් නෙවෙි බං නියම චරිතය බැස්සේ දැං අම්මා සිහිකරගනිං නිරා...හරියට බලහං අර මුත්‍රා මාර්ගය ගුද මාර්ගය පැටලුනාද කියලා උඹේ අම්මාගෙං පිංපියා"
"Udaya Kumara","https://www.facebook.com/udaya.kumara.19603","Gamini Kaluarachchi 😅😅"
"Prasanna Jayasinghe","https://www.facebook.com/prasanna.jayasinghe.98","බිස්නස් ඒක කරන් පාඩුවේ ඉන්නකො.සිල්වත් ගුනවත් හාමුදුරුවන් ඉන්නවා ආගමට අනුකුලව"
"Kalaha Wijerathne","https://www.facebook.com/people/Kalaha-Wijerathne/pfbid02FifoQPW8gkh2F8zmxPxypJwEmRZeb7cZHyDvBHrHAVWzmnUg42MCnmJM4F4JHRpVl","Prasanna Jayasinghe එහෙම ඉඳලා තමයි ඉස්සර බෞද්ධ රටවල් අද ඉන්දුනීසියාව, ඇෆ්ගනිස්තානය ට වෙලා තියෙන්නේ. 🤌"
"Tharindu Rashmika","https://www.facebook.com/tharindu.rashmika.56","Prasanna Jayasinghe කුරුස කාරය්කො ගොඩයි"
"Uditha Harshana","https://www.facebook.com/udithahc","Prasanna Jayasinghe ඈ ⁣බන්, දෝදුද...සිල්වත් ගුණවත්, ලබ්බටද බන්, ප්‍රඥාව සමාධිය නැත්නම්...😂"
"Chaminda Lakmal Damme Arachchi","https://www.facebook.com/chaminda.lakmal.37","සක්කිළි වෙනුවෙන් සක්කිළි"
"Mohamed Masahir Mohamed Masahir","https://www.facebook.com/mohamedmasahir.mohamedmasahir.3","මුන් නිසා තමයි බුදු දහම ගෙන"
"Faizur Rahuman","https://www.facebook.com/faisur.rahuman","Mohamed Masahir Mohamed Masahir"
"Chalani Maduwanthi","https://www.facebook.com/people/Chalani-Maduwanthi/pfbid02Jc68gK9jiPLeqXpLD4TqodjTEpvcjtxoZBjMU2X7XucUXcspw9M6koW4ugFQHtvQl","Mohamed Masahir Mohamed Masahir 👍🏼"
"Meth Mawatha","https://www.facebook.com/people/Meth-Mawatha/pfbid023BDoyerSeudqFSotezgcZcpeQRJkB4nK1tV96h5FexraVbDmtoh4iLPqzx1DqSmhl","Mohamed Masahir Mohamed Masahir පල බෙිසිගේ පුතා වරෙං ඌරු මස් කෑල්ලක් හපන්න"
"Rock Max","https://www.facebook.com/susiri.gama","අඩෝ කල්ලතෝනියො .. තොපිට ජාතියක්, ජන්මයක් නැති එවුන්නේ"
"Rock Max","https://www.facebook.com/susiri.gama","Mohamed Masahir Mohamed Masahir පුලුවන් නම් තොගෙ ජාතිය කියපන්....🤣🤣"
"Upul Senadeera","https://www.facebook.com/upul.senadeera.16","ඉස්සර වෙලා ඔබ ධාර්මික වෙන්න"
"Dilhani Edirimanna","https://www.facebook.com/dilhani.edirimanna","නීතිය ට එකගව ජීවත් උනා නම් මෙහෙම අඩන්න ඕනෙද?,සිවුර ඇදගත්ත  පලියට නීතිය කඩන්න පුලුවන් ද"
"Mohan Lal Pathirana","https://www.facebook.com/mohanlal.pathirana.52","Dilhani Edirimanna  උන්වහන්සේ මිනීමැරුම් කරලනෑ ,හොරාකාල නෑ  නමුත් අසාදාරණයක් වෙනුවෙන් කතාකලා ඒකයි නීතිය ක්‍රියාත්මක වෙන්නේ"
"Dematagolla Gedhara","https://www.facebook.com/dematagolla.gedhara","Mohan Lal Pathirana molay@?"
"Sunethra Sunethra","https://www.facebook.com/sunethra.sunethra.9003","Dilhani Edirimanna කොහෙද නීතිය තියෙන්නේ මාලිමා උන්ගෙ වැරදි නොදකින  වල්වැදුනු නීතියක්"
"Dhananjaya Peranuwan","https://www.facebook.com/dhananjaya.peranuwan.9","සිංහල මුස්ලිම් ගැටුම් නිර්මාණය කල ගලබොඩයා හිරේ යන්නම ඕනි"
"Agr Mawella","https://www.facebook.com/people/Agr-Mawella/61586196357842","Dhananjaya Peranuwan අපරාදෙ හලාල් සහතිකය තහනම් කලෙ.."
"Sadeepa Lakshan","https://www.facebook.com/profile.php?id=100045389160403","නානසාරට ඔච්චරටම ආදරෙයි නම් ඌ වෙනුවට තෝ ගිහින් භාර වෙයන්කෝ වැඩේ ඉවරයි නේ"
"Damith Nuwan","https://www.facebook.com/damith.nuwan.376","අපරාදේ බං රටක නීති පද්ධතිය හදලා තියෙන්නේ... අපරාදේ නඩු අහන්නේ... බැරිද අධිකරණ ක්‍රියාවලියට හා රටක නීති ක්‍රියාත්මක කරන ආයතන වලට අනිසි බලපෑම් කරනවා කියලා මෙ අයට විරුද්ධ නිති ක්‍රියාත්මක කරන්න... නීතිය ගැන දැනුමක් ඇති අය... අයි නිහඩ..... සමාජයට වැරදි පුර්වාදර්ශයක් නේද දෙන්නෙ මේ වගේ වැඩ වලින්"
"Pradeep Pathiranaarachchi","","Damith Nuwan ඔයා කියන කතාව සම්පූර්ණ ඇත්ත.ඉතා නරක පූර්වාදර්ශයක්.අධිකරණය වගේ ගෞරවනීය ආයතනයකින් දුන්න තීන්දුවක් අභියෝගයට ලක්කිරීමක් නෙමේද මේ හාමුදුරුවෝ කරන්නේ."
"Sarath Wajira Balasuriya","https://www.facebook.com/sarath.wajira.balasuriya","කවුද මේ චීවරධාරියා"
"Weerasekara Bathiya","https://www.facebook.com/sha.kaludodol.5","අයීයෝ දැන්වත් මහණ වෙන්න"
"Manoj Kumara","https://www.facebook.com/manoj.kumara.507932","අනේ ඉස්සෙල්ලා හරියට මහණ වෙයන්"
"Udaya Kumara","https://www.facebook.com/udaya.kumara.19603","Manoj Kumara 😁😁"
"Kumarathunga Kumarathunga","https://www.facebook.com/kumarathunga.kumarathunga.754","අහෝ තිත්තයා නොදිටි මොක්පුර"
"Nishan de Silva","https://www.facebook.com/ldnishan","අමු සක්කිලි මුන්"
"Thilak Neelawala","https://www.facebook.com/thilak.neelawala.71","තිත්තගල්ලෙ ඇමණියන් බං 😂😂😂😂"
"Lalith Nandakumara Kadawatha Arachchi","https://www.facebook.com/lalith.kadawathaarachchi","Thilak Neelawala Mokeda?"
"Prasad Lasantha","https://www.facebook.com/prasad.lasantha.1840","Thilak Neelawala නානලාට pka දීපන්."
"Isuru Liyanage","https://www.facebook.com/hisuru.lsampath","සිවුරක් දාගත්ත තට්ටයෙක් කියන කතා 😅"
"Dhanushka Ranjan","https://www.facebook.com/dhanushka.ranjan.35","ඥානසාර දීලා අනෝජන් ගන්න බැරිද  අපට"
"Anula Surasinghe","","Dhanushka Ranjan   Anna ekanam niyama  wadak karanna puluwan kamak thiyena wanam.👍🙏❤"
"Nadun Lalan Fonseka","https://www.facebook.com/profile.php?id=100005588250349","අලුත් නලුවෙක් වැඩ පටන් අරන්"
"රුවී සුලාර","https://www.facebook.com/fvo65z0vtq","ලංකාව වටේම බන්ධනාගාරවල ඉන්න උංගෙ ගෙවල්වල උං වරෙල්ලා බන්ධනාගාර ළඟට. ඇවිල්ලා අත්සන් එකතු  කරපල්ලා තමංගෙ පව්ලෙ එකාට ජනාධිපති සමාව දෙන්න කියලා..😅හුත්තෙගල්ලෙ තියරි.."
"Laxman Abasingha","https://www.facebook.com/laxmanabey","හාමුදුරුවනේ සරත් ෆොන්සේකා මහතා බල්ලෙක් වගෙ ඇදගෙන ගිහින් හිරෙ දානකොට මහාකරුණා ගුණය පහල උනෙනැත්තෙ ඒ දවස්වල මහින්ද ජනාධිපති නිසාද"
"Indika Mahesh Amarasena","https://www.facebook.com/indikamahesh.amarasena","මුන් නිසා අපි අපාගතවෙනවා.."
"Shantha Meheramba","https://www.facebook.com/shantha.meheramba.2025","මේ යක්කුන්ට සැප වැඩි උනාම එක එක පිස්සු ඔලුවට ගහනවා. මේකා රටේ ධනය මංකොල්ලකාපු හොරෙක් වෙනුවෙන් පෙනී ඉන්නකොටම තේරෙනවා ඒ සල්ලි කොටසක් මෙයාටත් ලැබිල කියලා."
"Kumara Rathnayaka","https://www.facebook.com/chandrakumara.rathnayaka.3","මුන්ව සාසනෙන් නෙරපා දැමිය යුතු නොවේද? 😥"
"Sanath Ujitha De Silva","https://www.facebook.com/sanathujitha.desilva","එකෙක් ඇතුලට යනකොට තව එකෙක් මතුවෙනවා මෙික හරිම කරදයක්"
"Silva Vishva","https://www.facebook.com/profile.php?id=100002649159339","සාදු කෙනෙක්ට කුනුහර්පන් බැන්නම පව් සිද්ධ වෙන නිසා මුකුත් කියන්නෙ ණෑ ඕන්.😂😂😂"
"Rupasinghe Kapuge","https://www.facebook.com/people/Rupasinghe-Kapuge/61585517254083","Silva Vishva අනේ පකෝ"
"Sajith Chamara","https://www.facebook.com/sajith.chamara.54","ඒකෙන් පැහැදිලි වෙන්නේ බහුතරය ඒ මනුස්සයාගේ පැත්තේ..... 🤭"
"Chaminda Jayathilaka","https://www.facebook.com/chaminda.jayathilaka.906","උබලා ආගම කැවා බුදුන් වහන්සේ විකුනන් කනවා මොවුන් මොකුන්ද.....තිත්තගල් කියන චරිතය ආගමානු කුලව ජිවත් වෙියන් 2500 අතිතය වෙිනස් දැන් ඉන්නෙ කමිබ හොරැ .... වැඩක් ඇති දෙයක් කරපන් බන් වනචාරියා යායුතුයි හිරේ"
"Gamini Gunarathna","https://www.facebook.com/gamini.gunarathna.5686","ආණ්ඩුක්‍රම ව්‍යවස්ථාවයි ගාතයි බනයි ඔක්කොම මතක් වෙන්නේ තග දාලා කෙලවුණාට පස්සෙ ඔවා ඉස්සරල ඥාණසාර හාමුදුරුවන්ට දේශනා කරන්න තිබුණෙ."
"Wickramaratna Wp","https://www.facebook.com/wickramaratna.wp","මූටත් පිස්සු !"
"Jagath Malwenna","https://www.facebook.com/jagath.malwenna","අනේ බත් බැලයො"
"Udaya Kithsiri","https://www.facebook.com/people/Udaya-Kithsiri/pfbid02QU4UnTHFa4bVRJ9p2t7TEV5hmtYABhjkbV8QVK6RHUwzis7KfV1qr2m7abARZnPdl","කිසිදු ශීලයක් නැති චීවරධාරියා"
"Kanthi Godakumbura","https://www.facebook.com/kanthi.senanayake.129","ජනාධිපති තුමා බුද්ධිමත් තීන්දු තීරණ ගන්නා නිසා බහුතර ජනයා වන අප එතුමා විශ්වාස කරමු"
"Goyumpriya Ranasinghe","https://www.facebook.com/goyumpriya.ranasinghe","සංඝ ගුණ ධර්ම විනය තිබෙන අයයි වන්දනාමාන කිරීම ට සුදුසු.ඊට පටහැනිව වරදාන වරප්‍රසාද, ජාවාරම්කාර, ජනතාව මුලාකර, බහුජන හිතාය, බහුජන සුඛාය පටහැනිව සුළුතර චෞර පාදඩ ජනපීඩක වලල්ල ට සට්ටැබිකම කරන චීවරධාරී වනචාරීන් සංඝ නොවේ.උන් පිටු දකිනු"
"Indika Perera","https://www.facebook.com/people/Indika-Perera/61558572429758","ඇත්තටම හාමුදුරුවනේ මෙි රටෙි මිනිස්සු ඔබ වහන්සේලාගේ වැඩෙි අනුමත කරන්ාන නැහැ.ඥානසාර හාමුදුරුවෝ හිමි නමකට කතා කරන විදිය අපි ඇහුවා.එහෙම කරන්න බලයක් තිබෙනවද? සිවුරක් උර දරණ හාමුදුරුවෝ තවත්  හිමි නමකට තර්ජනය කිරිම අපි තරයේම හෙලා දකිනවා."
"Lakshman Percy","https://www.facebook.com/lakshman.percy.5","එකා අත්සන් 25ක් වත් ගැහුවද"
"Ruwan Hemantha","https://www.facebook.com/ruwan.hemantha.5095","හාමුදුරුවෝ දේශපාලනයට ආවෙ නැත්නම් ඔය කිසි ප්‍රශ්නයක් නෑනෙ."
"Janith Bandara","https://www.facebook.com/profile.php?id=1520662752","මේ හාමුදුරුවො ඥානසාර හාමුදුරුවන්ගෙ තරහකාරයෙක්ද කොහෙද🫣😳, ජනිධිපති සමාව දෙන්න හිතන් උන්නනම් ඒකත් නැති කරන්න කරන පෑලෑන් එකක් වගේ මේක …… නඩු තීන්දුව දුන්නෙ උසාවියෙන් …. ඒක ජනාධිපති දුන්න එකක්වගේ රාවයක් හදල සමාව දෙන්න තියන එකත් නැති කරනව …… බලපෑම් කරල බැනල සමාවක් ගන්න පුලුවන්ද? අඩුම සාකඡ්චාවක්වත් නොකර ……"
"Suriyawansa Degamboda","https://www.facebook.com/suriyawansa.degamboda","නාන.  සාරත්.. .සතෙක්.   උබත්.   සතෙක්.  ජාතිවාදී"
"Sirisena Sirisena","https://www.facebook.com/people/Sirisena-Sirisena/pfbid0R9VBSqe49Jk1JWSv8QGn7XicPdV3LfYg6yq9LoFCWU7UhvfEXoW1DbtcYQDdfGjcl","ඇත්තටම අපි wiruddiy"
"Halpege Gamini Susil","https://www.facebook.com/halpege.gaminisusil","අත්සන් ලේඛනය උසාවිය ට දීල බලන්න"
"Gallewe Punngasara","https://www.facebook.com/gallewe.punngasara.9","Halpege Gamini Susil ඒක දෙන්නෙ උසාවියට නෙවෙයි.ජනාධිපතිට"
"Kolitha Suraweera","https://www.facebook.com/people/Kolitha-Suraweera/pfbid0ybirearekcghLd5yZQMiZCShRZQgGWsztcWFEExtWRJ5qXzUXUh4r6VFexkyzZDkl","ජනාධිපතිතුමා දීපු අයිතියත් කියලා එතුමා අධාර්මිකයි කියලත් කියනවා ආයි මාන උනානං හොඳ නැද්ද"
"Manoj Kasthuriarachi","https://www.facebook.com/manoj.kasthuriarachi","වැරදි කරයො හිරෙ නොදැම්මා නම් ජනපති දරමිකායි තොපිට"
"Pathmasiri Pathmasiri","https://www.facebook.com/pathmasiri.pathmasiri.793094","යකො මිනිස්සුන්ගෙන් මෙ හැටි   බැනුන් අහන්නෙ  නැතිව පන්සලට  වෙලා  ඉදපනකො . ජනාධිපති  කාරාවි"
"Lkn Boss Lkn Boss","https://www.facebook.com/lukman.842518","Ane huththo"
"NPS","https://www.facebook.com/people/NPS/61582204965979","නානසාරයා ගහන ගේම්"
"Rohan Senadipathi","https://www.facebook.com/rohan.senadipathi","ආන්ඩුවෙන් ,ජනාධිපති ගෙන් ගේම ඉල්ලලා ජනාදිපති සමාදෙයිද"
"Pushpalal Jayakody","https://www.facebook.com/pushpalal.jayakody.2025","අලුත් වනචාරියෙක් ,"
"Lasantha Lasantha","https://www.facebook.com/lasantha.lasantha.555272","ඒ ප්‍රතිපත්ති නිසා තමයි යකෝ අපි npp එක ගෙනාවෙ."
"Ajith Priyantha","https://www.facebook.com/ajith.priyantha.625496","අතිගරු මහානායක නාහිමිවරු මේ මාධ්‍ය සාකච්ඡා තියෙන ස්වාමීන් වහන්සේලා වහාම ශාසනයෙන් නෙරපන්න කටයුතු නොකළොත් සම්බුද්ධ ශාසනය විනාශයෙන් විනාශයට පත් වෙනවා"
"Wks Priyankara","https://www.facebook.com/suneth.priyankara.39","මිනිස්සු ශෙයා කරන්නේ එයාල කැමති නිසා... එච්චරයි"
"Roshan Rodrigo","https://www.facebook.com/roshan.rodrigo.18","මෙ වගෙ සක්කිලි බල්ලො තමයි දර්මය විකුර්ති කරන්නෙ ! මුන්ට මහජනයා ගහලා පන්නන්න ඔනි 😡"
"දසුන් ලක්මාල්","https://www.facebook.com/lakmal.dasun.14","Palayan huththo yanda ubla kiyala dewl dan ballek wTh ahanne na pinTa kala thoge hati"
"Shantha Premaratne","https://www.facebook.com/shantha.premaratne","Oya unnaase paarajika gena dannawada…?"
"Rohan Epitawala","https://www.facebook.com/rohan.epitawala.7","පැලවත්තෙ මඟුලක් නෑ හලෝ බලනව වලිගෙ පෑඟිලාද කියල."
"Sunnda Muthunyaka","https://www.facebook.com/sunnda.muthunyaka","කාලකන්නි යෝ ධර්මය රකින්නා ධර්මයේන් ආරක්ෂා වෙයි තො පුක දෙන්නේ නැතුව හිටපන් ඌ හොද කරානම් බෙරෙයි වැරැදි කරානම් දඩුවම් ලබයි"
"වසන්ත වසන්ත","https://www.facebook.com/x6vge480ia","ඥානසාර හාමුදුරුවන්ට  මීඩියා වලින් ගැහුවෙ නෑ  තිත්තගල්ලේ හාමුදුරුවෝ ගැස්සෙව්වා අන්න ඒකයි උනේ 😁😁"
"Ravi Nishantha Perera","","සාසාන භක්ෂක වෙන්න එපා තිත්ත ආ.සිරි හාමුදුරුවෝ......."
"Ajith Punchihewa","https://www.facebook.com/ajith.punchihewa","අන්තිමට අත්සන් ටික රෝල් කරල ....."
"Lohitha Hettiarachchi","https://www.facebook.com/lohitha.hettiarachchi.31","Me waden une oyage tibuna tanath natikaragena rajapaksha nikaye kahakada set eke tawath smajekiyek una eka vitarai. Oya janadipathi samawa illanawanm e gana kata Karanawa arenna mada balakaya karapu de wath janadipathi viwechanaya Kara Kara wath oya de karanna ba ne."
"Sanjukumara Ka","https://www.facebook.com/sanjukumara.ka","මුට දැන් තමා බන මතක්වෙලා තියෙන්නේ"
"Rajarathna Jayawardena Arachchilage","https://www.facebook.com/rajarathna.jayawardenaarachchilage","තිත්තයා තවත් අනාගෙන නාගන්නවා, යකෝ දැ යුක්තියට අභියෝග කරන්න බෑ.."
"Nandani Narangoda","https://www.facebook.com/nandani.narangoda.1","මුන් කරන්නේ සත්‍ය කතා කරන මිනිස්සුන්ව කට වහන්න මඩ ගහලා සිය දිවි නසා ගන්ඩව තැනට ගේන එක ඒක ඔය කඩුවෙල ඇමතියා ප්‍රසිද්ධියේම කිව්වා කිව්වා. එක්කෝ වෙඩි තියාගන්ඩ එ  ක්කෝ සිය දිවි නසාගන්න කියලාමුන් කරන්නේ මේ රටේ ඉන්න උගත් මිනිස්සුන්ව රටෙන් පිට කරන එක මුන්ට කුඩුකාරය පාතාලය දාලා රට ගෙනියන්න මුං හොරකම් කරලා කනවාා රට"
"Janath Ekanayaka","https://www.facebook.com/people/Janath-Ekanayaka/pfbid05kjNWKz52LhwJEJDwP11BFbZJeWT6Dy9UonshJezUGLaxCC1JrRRHB3AAkuUh1usl","මූන් කියන කියන කියන විදියට  වැරදි කරපූ එවූන්ට නිදහස  දෙනවනම්  මොකටද රටකට අධිකරණයක්.... එහෙනම් වැරදි කරපූ හැමෝම නිදහස් කල යූතුයි"
"Warnakulasuriya Alex","https://www.facebook.com/warnakulasuriya.alex","මේක යකාගේ වැඩක්නෙ  අධිකරණය දුන්න තීන්දුවකට  ජනාධිපති වැරදි  නාමල් අත්අඩංගුවට ගත්ත එක නරක වැඩක් කියද්දී  අපි දැනගත්ත තිත්ත ගල්ල හැරෙන්නෙ පොල් පැලේ කන්න කියල"
"Susantha Wijayawickrama","","අපේ හාමුදුරුවනේ මාන්‍යයෙන් නීත්‍යානුකූල දඬුවමක් දුන්නහම අත්සන් එකතු කරලා දීලා ඒ නීතිය වෙනස් කරන්න පුළුවන්ද කියන්න නම් මම දන්නේ නැහැ.එහෙම කරනවනම් ඇත්තටම ඔබ වහන්සේලා අත්සන් ගන්න පෙරමුණ ගන්න ඕන ඇත්තේ මේ රටේ ඉන්නවා දුප්පත්කමට හොරකම් කරලා හිරේ ගිය මිනිස්සු ගොඩක් පොල් ගෙඩියට කොස් ගෙඩියට අඹ ගෙඩියට,අන්න එයාලාව නිදහස් කරන්න කියලා ඉල්ලලා තමයි ඉස්සෙල්ලාම ලක්ෂ ගණන් අත්සන් එකතු කරන්න ඕනෑ. එහෙම පුළුවන්කමක් තියෙනවා නම්.හැබැයි ඔබවහන්සේලා කවදාවත්ම එහෙම වෙච්ච තැනක ගෙදරක ළමයෙකුට කන්ඩ බොන්න දෙන්න පවුලක අවශ්‍යතා සපුරන්නවත් පෙරමුණ අරන් තියෙනවද මම දන්නෑ. රටක ජනාධිපතිවරයා ඉන්න ඕනෑ ඇත්තේ නීත්‍යානුකූලව කෙනෙකුට දඩුවමක් දුන්නහම ඒක වෙනස් කරලා මම නීතියට උඩින් ඉන්න කියලා පෙන්නන්න නෙමෙයි.සිවුරක් දරා ගත්ත මනුස්සයෙක් කියන්නේ මේ රටේ ඉන්න අනිත් මිනිස්සුන්ටත් විනය හික්මීම කියලා දෙන්න ඕන පුද්ගලයෙක්,ඥානසාර හාමුදුරුවන්ට භික්ෂුවකගේ තියෙන්න ඕන ඔය කියන කිසිම ගති ලක්ෂණයක් තිබ්බේ නෑ,දේශපාලන බලයත් එක්ක තමන්ට නටන්න තිබ්බා රිසි රිසි දේ නැටුවා.කොටිම කියනවනම් මේ රටේ වර්ගවාදී ජාතිවාදී කෝලාල ඇති කරන්න ඕන තරම් දේවල් කිව්වා. වඳ ජංගි බඳ කොත්තු ගැන කිව්වෙ නැද්ද හැබැයි අද වෙනකල් ඔබ වහන්සේලාවත් එතුමාවත් ඕවා ඕවා ඔප්පු කරලා තියෙනවාද. මම ඤාණසාර හාමුදුරුවනේ මේ වෙන එකෙක්වත් හිරේ දාන්න ඕන කියලා හිතන මිනිහෙක් නෙමෙයි මොකද මම නිදහසේ ඉන්න කැමති මිනිහෙක් නිසා.හැබැයි අපි දැනගන්න ඕන නීත්‍යානුකූලව හිරේ විලංගුවේ වැටෙන වැඩ නොකර ඉන්න."
"Kurukulasuriya Ferrando","https://www.facebook.com/people/Kurukulasuriya-Ferrando/100092192449379","මේ කාලකන්නි කුඩු කලේ නැතිනම් රටේ අාපසු ජාතිවාදි ප්‍රශ්න අැති කරයි"
"Ananda Wijesekara","https://www.facebook.com/profile.php?id=100000541184329","ඔවා දෙනු පර හට  තමා සම්මතයේ පිහිටා සිට  දුසිරිත් දනන් දෙන  ඔවා වැද්දන් දෙසන බණ මෙනි   රටේ ජනතාව භේද භින්න කරපු  අධිකරණයක් ඇතුලෙ කලකෝලාහල කරපු  චීවරය ආරක්ෂක පලිහක් විදියට සලකපු  උසාවියෙන් වැරදි කාරයෙක් කරපු  මැරයෙක් වෙනුවෙන් ජනාධිපති සමාව ඉල්ලීම  ධාර්මික වැඩක් කියලද හිතන්නේ"
"Prasanna Dewasurendra","https://www.facebook.com/prasanna.dewasurendra","අපිටත් අයිතියක් තියෙනවා අපි පත්කරපු ජනාදි පති තුමා වෙනුවෙන් කථා කරන්න නාමල්ල හොරකන් කරන කොට ඒව වහගන්න කඩේයන  ගණගෙඩිය පෙනුනේ නැද්ද කථා කරපංකො පාස්කු ප්‍රහාර කරපුවට හිටපු රජයන් වලින් දඩුවමි නොදුන්නේ ඇයි අපි අවුස්ස ගන්න එපා ගල් ඉබ්බා"
"Dilhan Rajakaruna","https://www.facebook.com/dilhan.rajakaruna","Comments ටික මෙයා බැලුවා නම් සිවුර ඇත athaharinawa"
"Wishwanath Wijesooriya","https://www.facebook.com/wishwanath.wijesooriya","උඹට ඉතින් සල්ලි හම්බවෙනවනම් කොහෙන් හරි උඹ බිස්නස්කරනවා"
"Namal Gamage Gamage","https://www.facebook.com/namalgamage.gamage.3","හිරේගිය එකෙක් ට සමාන නොදුන්නම කොහොමද හලෝ අධාර්මික වෙන්නේ"
"Sisira Jayasinghe","https://www.facebook.com/dinali.dinali.14","බුද්ධාගම විනාස කරන හාමුදුරුවරු"
"Dhammika Wellalage","https://www.facebook.com/dhammika.wellalage.9","ජනාධිපති Eka කීවේ මහජනයා ta"
"Rizan Riyal","https://www.facebook.com/profile.php?id=100003678406004","හමුදුරුවනේ ඔය ලනු කන්නේ නැතුව අර අත්සන් ලක්ෂ පනහ ගන්න වැඩේ බලන්න.. නිකං කාලේ නාස්ති කරන්නේ නැතුව"
"Jayamali Fernando","https://www.facebook.com/people/Jayamali-Fernando/100010284518194","රටේ නීතියට අනුව සිවුරුදාරින්ට  කියලා වෙනසක් නැහැ...අධිකරණ තීන්දුවට  යටත්වෙන්න වෙනවා...😡"
"සසර දනව්ව.","https://www.facebook.com/9i168q0h74","Anee pala pkaya waradikzlzne daduwam vidinna oni   psla gon kariya"
"Palitha Kapuruge","https://www.facebook.com/people/Palitha-Kapuruge/pfbid0346WrkZuQ7AZ6vrLhdmj4cY3Ug8of6GgAAMqRswm8zqZ773WHpVnpQPQ6SKFdKPYgl","චන්දෙ දුන්න කියල පරයො රකින නිතියක් නෑ"
"Ranjith B Rasnayaka","https://www.facebook.com/bandara.rasnayakamudiyanselage.9","නානසාර වගේම ගෝතයෙක්...ආයෙත්....අයියෝ බුදුන්ගෙ ශාසනේ"
"Kelum Madhura","https://www.facebook.com/kelum.m.rathnayake.1","අනේ පල අපිට පව් පුරවන්නෙ නැතුව"
"Ashoka Kumara","https://www.facebook.com/ashoka.kumara.733076","යකෝ හාමුදුරුවෝ වැරදි කරණකොට ඊයේ එකෙක් මික් නෑ මොන තරම් සමාජෙ පිරිහීම නොවේද මේ"
"Sisirasiri Liyanage","https://www.facebook.com/sisirasiri.liyanage.1","උඹලා ජාවාරම් කාරයො උඹලා සිවුරට අගෟරව කරන සංඝයා හැටියට පෙනීසිටින හොර වනචරයන් උඹලා අපේ බුදුරජාණන් වහන්සේගෙ ධර්මය විනාස කරන පාහර තමන්ගෙ සුඛ විහරනය සදහා සිවුර දාගත්ත එවුන් ටිකක් එකවගේ උන් තමයි එකට එකතුවෙලා කරන තරමක් බෙබදු වනචරයන් ජනතාවගෙ  ඉවසීම පන්නන්න එපා නීතිය ජනතාව අතට යන්න ගියොත් සොරිවෙයි...."
"Harsha Janapriya","https://www.facebook.com/harsha.janapriya.7","Sasane issarata Dala buru wants samawa danna"
"Shanaka Aravinda","https://www.facebook.com/shanaka.aravinda.2025","Ittakanda ittawa ne nada .eka thama keyanne lanu gillahama kaba wamaranna wenawa keyala"
"Kusum Wanniarachchi","https://www.facebook.com/kusum.wanniarachchi.94","හාමුදුරුවනේ, ඔබ වහන්සේ දැනුත් කළේ ජනාධිපතිතුමාට අපහාස කල එක. ඔහුත්, ඇමති,  මන්ත්‍රී වරු පච කෙලින්ම කියල. මේ ආණ්ඩුව ලස්සනට රට ගෙනියනවා. මම ජේවීපී නෙමෙයි. ඒත් සාධාරණ අසාධාරණය හොඳින් තේරුම් ගත්ත කෙනෙක්. හාමුදුරුවරුන්ට අදාල දේ කරගෙන ඉන්නවනම් මේ ප්‍රශ්න ඇතිවෙන්නේ නැහැ. ආණ්ඩුවට පක්ෂ කෙනෙක් කමෙන්ට් එකක් දැම්මම ඒක පැලවත්තේ මඩ බලකාය කියල කියන්න ඔබ වහන්සේට අයිතියක් නැහැ. ඔබ වහන්සේ කියල කියන්නෙත් සිවුරට ගරු කරල මිසක් ඔබ වහන්සේට ගරුකරන නොවන බව මතක තියාගන්න."
"Laxman Kumara","https://www.facebook.com/people/Laxman-Kumara/pfbid07ZTrcgmwL7xgAS2afbjkWVBS8gLYn4bxUugRSHgkHKZPsiPgQ1chpB9PLLSMrKwVl","Me kala kanni budu dahama විනාස  karanawa"
"Kasun Kariyawasam","https://www.facebook.com/kasun.kariyawasam.779","Ane huththagalle 🤨"
"Lasith Suranga","https://www.facebook.com/lasith.suranga.725642","Atsan gaha  ganin  uge # ##ube  ## kiy"
"A.p. RoXz","https://www.facebook.com/a.p.roxz.2025","පිහිය රත්තරං උනාට ඇනගන්න බෑනේ හාමුහාමුදුරුවෝනේ .. මේ රටේ නීතිය මහා සංඝරත්නයටත් පොදුයි. වැරැද්ද වැරැද්දම තමයි කව්රු කලත්..බලය තියන කාලේ සිංහ සෙයියාවෙන් හිටියේ බලය ගන්න ඕන කාලේ බොදුබලසේනා කියලා මගුලක් අටවගෙන රට හැමතැනම meeting තිය තිය මිනිස්සු ඇවිස්සුවා මුස්ලිම් ගම්මාන අවට පංසල් වලට ගිහින් පාට් දැම්මා.. කෝ දැන් ඒ වැඩපිළිවෙළ.. මුස්ලිම් මිනිස්සු පන්නන්න වගේ ආවේ..බලය ගන්න ඕන දෙයක් කරයි සිව්ර පොරවගෙන..අපිට ඒවා අනුමත කරන්න බෑ කොහෙත්ම. මුස්ලිම් මිනිස්සුත් මේ රටේ ඉන්න ඕන..එයාලටත් ඉතිහාසයක් තියනවා මේ රටේ වෙළඳාමට එයාලා මේ රටට සංක්‍රමණය උනේ..එයාලා එයාලගේ ආගම ජාතිය අනුව අනිත් ජාතීන් එක්ක ජීවන ගමන යනවා. අපේ ගම්වලත් මුස්ලිම් ජාතික මිනිස්සූ ඕනතරම් ඉන්නවා අපි දන්නවා එයාල ගැන අපි එයාලා එක්ක සහයෝගයෙන් ඉන්නවා. සිංහල මනුස්සයෙක් සහ මුස්ලිම් මනුස්සයෙක් අතර මොකක් හරි හේතුවක් මත ගැටලු ඇති වෙන්න පුලුවන් ඒක සාමන්‍ය දෙයක් ඒත් අපි ඒක ජාතිභේදයක් ජාතිවාදයක් කියන තැනට තල්ලු වෙන තැනට වැඩ කරලා නෑ..එහෙම හිතිලත් නෑ..අන්‍ය ආගමිකයන් සමග සහජීවනයෙන් කටයුතු කරන්න කියලා තමයි බුදුධහම අපට උගන්වලා තියෙන්නේ..අපි ඒ අනුව යනවා.. අපට මේ භූමිය තුල බෙදා ගන්න කිසිවක් නෑ..අපි ඉපදෙන්නෙත් මැරෙන්නෙත් කර්මය අනුව බවත් අපි ඉපිද මේ ජීවිතය මැරෙනකම් ගෙවන්නෙත් කර්මය අනුව බව අප අමතක නොකලයුතුයි..එබැවින් අප නිවැරදි ජීවන ගමනක නියලිය යුතුයි..මේ සසර ගමන බුදුධහමට අනුව නිමා කිරීමටනම්. ස්තුතී . ""සියලු සත්වයෝ සුවපත් වෙත්වා දුකින් මිදෙත්වා නිවන් දකිත්වා"" 🙏"
"Ranga Malinda","https://www.facebook.com/ranga.malinda.79","සිවුරු පෙරව ගත්ත බල්ලො කියන බන අහල රහත් වෙච්ච එකෙක් නේද එතකොට අර බනින්නෙ 😂"
"Indika Udaya Kumara","https://www.facebook.com/udayakumara.indika","නීතියට ආගම අදාල නැ  නීතියට වැරදි  කරු වන කෙනා ට නීතිය ක්‍රියත්මක කරන්න..................... හාමුදුරුවෝ සාසනේ ඉන්න පාලකයො රට පාලනය කරන්න. මේ රට ආගම් අනුව බාශාව අනුව නීතිය වෙනස්වඅන රටක් නොවිය යුතුයි"
"Lakshitha Manawaduge","https://www.facebook.com/lakimanawaduge","රටේ නීතිය කාටත් පොදුයි...ඒක අපි බලාපොරොත්තු වූ දෙයක් ..ඉන්දියාවෙන් අත්තසන් අරන් ආවත් තීන්දුව එකයි"
"Nadeeka S Fernando","https://www.facebook.com/nadeeka.suresh","Guti kaala thamai kelawara wenne"
"Nilantha Punchihewa","https://www.facebook.com/nilantha.punchihewa","ඔබ වහන්සේ බලංගොඩ වැඩලා අභිධර්මය උගන්වනවා කියලා චෛත්‍යය හදනවා කියලා මිනිස්සු රවට්ටලා.. සල්ලි අරගෙන අපේ ගෙදර වැඩ හිදලා... අපේ පව්ල් ජීවිතත් අවුල් කලා මතක නැතිව ඇති. දවසක හමුවෙන්නම්.. පාද නමස්කාරය කරන්න"
"Ap Herath","https://www.facebook.com/ap.herath.812583","Nilantha Punchihewa සිව්ර ගලවලා දෙන්න ඔනෙඔකුන්ට අම්මගෙන් බිපු කිරි මතක්වෙන්න."
"Sarath Jayasinghe","https://www.facebook.com/people/Sarath-Jayasinghe/pfbid02sCjHSDnuXMU5KDXkMyhp36jGKHBd6MvBW6t1Akjsp4WzbSFrYFjpEH7WXHPvEPUl","Nilantha Punchihewa  😂😂😂"
"Supun Edirisooriya","https://www.facebook.com/EPSRANGANA","හිරේ ඉන්න,යන්න ඉන්න අය හැමෝම අත්සන් ලෑස්තිකරගන්න 😆😄😀.පුපත් හිනාවෙනව ඕයි මේවට"
"Kanishka Maduranga","https://www.facebook.com/kanishka.maduranga.357","පටන් ගන්නෙම ගොන් විදියට. මේකා ගොනා නෙමෙයිද ඉතින්"
"විමලා මැණිකෙ","https://www.facebook.com/hqv71y1vdr","අත්සන්  ගහගන්ඩ  පුක පැත්තෙ ,මොකද අත්සන්  වැඩක් නෑ නීතියට,දඩුවමට"
"Nishantha Hewawitharana","https://www.facebook.com/nishantha.hewawitharana.79","Pako Apita Pawpurawanne Nathiwa Hitapan   Huttho"
"Sumedha Thirimadura","https://www.facebook.com/schandrasekara1","දැන් තො.පි කියන විදිහටද ආණ්ඩුව තීන්දු තීරණ ගන්න ඕනේ..."
"Gayan Asanka","https://www.facebook.com/gayan.asanka.982","බුදු රදුන්ගේ සිවූර කෙලෙසන  කාලකන්නි කාහක‍්ඩ හැති කරේ.. තොපි රටට සාපයක්."
"Shayam Balangoda","https://www.facebook.com/shyam.fernando.161","අධර්ම්ක පැවිද්දන්ට ධර්මය පෙනෙන්නේ අධර්මය විදියට.. ප්‍රකෘතිය පෙනෙන්නේ  විකෘතියක් විදියට."
"Kazun W'Singha","","අත්සන් වලින් නඩු තීන්දු දෙන්න පුලුවන්නම් මොකටද යකො රටේ අධිකරනයක් තියෙන්නෙ😤"
"Isuru Salinda Ranawaka","https://www.facebook.com/isurusalinda.ranawaka","අනාආආආ තිත්තගල්ල ඩොක්ටර් සාෆිව නැත්තට නැති වෙනකල් බොරුව සමාජගත කලේ ඥානසාරලාම තමයි. දිට්ඨ ධම්ම කර්මය තමයි. ඒ වෙච්ච වරදට අඩුගානේ සමාවවත් ඉල්ලුවාද. දැංවත් ගිහිං මහන වුනා නම් නරකද 😏"
"Prashan Dematage","https://www.facebook.com/prashan.dematage","මේ යකාව නිකායෙනුත් එළවලා තියෙන්නේ කෑදරකමට හම්බ කරන්න වෙන ක්‍රමයක් නැති නිසා කහ රෙද්ද ඇඳගෙන ඉන්නවා...මුන් දැන් එකතුවෙලා හදන්න රටවල් හදන්න යනවා අඩුම තරමේ තමන් ආපු කාර්යය වන බුද්ධ ධර්මය හරි ලෙස අධ්‍යායනය කොට ස ඒකෙන් ලබාගත යුතු දේවල්වත් ඉටු නොකරගෙන..."
"Sudaksan Sudaksan","https://www.facebook.com/profile.php?id=100000764272744","Ubata pissuda hutho ubayi chanasara ayi huthawal Bala Bala ea manushaya ottuwennna.. Uba maka danaganin ma inna janadeyi path mahinda Wath mayithrewath ranil Wath sajithwath namayi hutha Anura KUMARRA kiyala danagana huthoo"
"C&S AUTO HUT","https://www.facebook.com/people/CS-AUTO-HUT/61588168993127","Nodaken kare ganaya"
"Oliver Pathmaperuma","https://www.facebook.com/oliver.pathmaperuma","Ridenna wadila wage"
"Wasantha Rohini","","ජනාධිපති තුමාට ගහන කොට සද්දනැ"
"Prasath Herath","https://www.facebook.com/prasath.herath.879113","බල්ලෙක් බිරුවට කවදාවත් කන්දක් පාත්වෙන්නෙ නෑ..ඔබවහන්සේ සින්හල බොද්ද යාට ශක්තියක් ..මම දැනුවත් ව 17දෙනෙක් අපි අත්සන් තැබුවා"
"Dayarathna Bandara","https://www.facebook.com/dayarathna.bandara.1238","Prasath Herath paka tha.ai,"
"Harshana Disanayaka","https://www.facebook.com/harshana.disanayaka.18","Prasath Herath ❤️"
"Viraj Welgama","","මල කෙලියයි ආපු වැඩේ පැත්තක වෙන වැඩක් පත්තු වෙලා තියෙන්න"
"Palitha Jayasinghe","https://www.facebook.com/palitha.jayasinghe.794375","අනේ අපොයි පිස්සු තමා. චීවරය නිසා මොනවත් නොකියා ඉන්නම්"
"Sarath Gunasekara","https://www.facebook.com/people/Sarath-Gunasekara/pfbid0ohH1fKK1gru3Q5KjzJng6hNchDL19rwzvgzJ4VzGPaia4x6w7629C6zgiCZcaifCl","Pala gon ganaya"
"Shantha Perera","https://www.facebook.com/shantha.perera","Pinata kaala thela wediwelaa🤣🤣🤣"
"Lakshman Kularathne","https://www.facebook.com/lakshman.kularathne","මහන උනානම් ඒ වැඩේ කරගන්නකෝ........"
"Mangala Thissera","https://www.facebook.com/people/Mangala-Thissera/pfbid0j8mdwgyy25QdVh7y5tY9WYiAStyuiU1dF7ht2UZWpW1QGCSjC3aCJDmBn2FeYofxl","මොක්කුද මුන් 🐂🐂🐂"
"Suresh Bandara","https://www.facebook.com/suresh.bandara.7549","ඉතින් විකුර්ති නොකල එක දාන්නකො"
"Thilak Dharmarathna","https://www.facebook.com/thilak.dharmarathna.753777","ඔන්න ඔහොම බන ටිකක් කියලා පන්සල කට වෙලා හිටියනම් හොඳයි. දේශපාලකයන් වෙනුවෙන් කඩේ යන්නැතිවයි කඩේ යන එවුන් වෙනුවෙන් පෙනී ඉන්නෙ නැතුව යි."
"Jayantha Pradeep","https://www.facebook.com/jayantha.pradeep.476130","Hamuduruwane kade yanna epa."
"Upul Nisantha","https://www.facebook.com/upul.nisantha.5","ඔබ ඇවිදින සිවුරු රඳවනයක්."
"Krish Dabare","https://www.facebook.com/krish.dabare.7","මේ ඥ නේ ට ඇතී ආදරයක් නෙවෙයි මෙයා ට ඕනේ ජාතිවා දේ ආගම් වා දේ අවුස්සලා ආණ්ඩුව අපහසු තා වෙට පත් කරන්න. ජනධ් පතී තුමනී අධීකරන තීන්දු වලට අත තීයන්න එපා සීව්රු ද /කබා යද /ලෝගු වද අප ට වැඩක් නැහැ. 😡අපි ට ඕනේ යුක්තිය /සාධාරණ ය."
"Asanka Jayamal","https://www.facebook.com/asanka.jayamal.682066","සංඝ මුදලාලි 😃😃😃"
"Sujith Paranaliyanage","https://www.facebook.com/sujith.paranaliyanage.79","විනයානුකූලව ධර්මයේ හැසිරැනානම් එක එකා ගාවට ගිහින් අත්සන් හිගාකන්න ඕන නෑ.ඕක වෙනුවෙන් හිගා කන්න එන ඕනම කෙනෙක්ට ගහල පන්නපිය."
"Akila Udapitiya","https://www.facebook.com/akila.udapitiya","Carpet nallu neda lankawe 🥲 muwa unu karla damuda 😅"
"Sudath Ranasinghe","https://www.facebook.com/sudath.ranasinghe.142","පුදුම කෙදිරියක් තියෙන්නේ"
"Jananayaka Adasooriya","https://www.facebook.com/jananayaka.adasooriya","Muta one gnanayage wede hira karanna"
"Geeth Kahawatta","https://www.facebook.com/geeth.kahawatta.3","අණේ ගෝතයෝ ටික..."
"Anula Surasinghe","","Oya kahasiwura  dagena  inna  ewunta  dhekak kiyala pannala dhemmanam iwarayi.  Unta amathakayi  kahasiwura  dhagaththa karannaya  kalayuthu dheya karagena minissu dhena bathtika kaala inne nathiwa enoo methana Ratak palanaya karanna nithiyata idadhenne nathiwa ekatath hombadhala agili gahala  THAGEN WADA GANNA.   IDAK NAM DHENNA EPA APE JANAPATHI THUMANI. .Obathumata  Theruwan saranayi 🙏 ❤ ♥ 💖 😍"
"John Stork","https://www.facebook.com/john.stork.58","Ane huke"
"Sarath Jayawardena","https://www.facebook.com/sarath.jayawardena.359","ඇදගෙන නානඅලුත්ම නානසාර,"
"Ranga Dilshan Weerasuriya","https://www.facebook.com/rangadilshan.weerasuriya","ගොම්මන් පිල 02 නිසා ලැබෙන්න තියෙනවනම් එක ලැබෙන්නෙත් නෑ😂"
"Mahinda Paranagama","https://www.facebook.com/mahinda.paranagama.9","ඇයි අඩන්නෙ අප්පා."
"Namal Gamage","https://www.facebook.com/namal.gamage.3","බුදුධහමට ප්‍රමුඛත්වය දෙන්න කියලා විවස්ථාවෙ තියෙන්නෙ .බුදුධහම රැකෙන්න නම් දුශ්ශීල භික්ෂුන් ගෙ සිවුරු ගලවන්න වෙනවා"
"Ranjith Pushpakumara","https://www.facebook.com/ranjith.pushpakumara.507","එහෙනම් අත්සන් ප්‍රදර්ශනයක්‌ කලෑකී!😂"
"Chinthaka Nuwan Kumara","https://www.facebook.com/ricn95ld15","බලන්නකෝ මේ ජෙප්පෝ කරලා කරලා තියෙන වැඩේ... හොඳම ටික කපලා නරක ටික දාලා.😁😁"
"Jayanth Kumar","https://www.facebook.com/jayanth.kumar.731133","සමාව දෙන්න හිටියත් මූ කරන ගොං තකතීරු වැඩෙන් ඒකත් ඉවරයි"
"Akila Perera","https://www.facebook.com/akilanilanga","අර ස්වාමින් වහනිසේලා දෙනමකට තිත්ත කුනුරපෙන් බනිද්දි මෙ ගොල්ලො කොහෙද හිටියෙ"
"Sarath Edirimuni","https://www.facebook.com/sarath.edirimuni","නිගන්ටයො"
"Aruna Senarath Bandara","https://www.facebook.com/profile.php?id=1768704256","මිනිස්සුන්ගේ අත්සන් එකතු කරලා උසාවියෙන් දෙන තීන්දු වෙනස් කරන්න පුළුවන් උනොත් ඔක්කොම මේ වැඩේ කරන්න පටන් ගනී."
"Asanka Romesh","https://www.facebook.com/asanka.romesh.9","Para jvp niragamika balu heththata rata jathiyen wedak ne.okun oluwa idimogaththu manda buddikayo"
"Chandrarathna Bandara","https://www.facebook.com/chandrarathna.bandara.121","තිත්තගල්ලෙද   මොකද    මු   සමාජ  මාධ්‍යයෙ .මූ  පසිද්ද වෙන්න  මූ දගන"
"Kumara Gamage","https://www.facebook.com/kumara.gamage3","Avankawa kiyanawanam me hamudhuru wesin Inna dheshapaluvan minissunta sivura aprasanna karala thiyenne.E nisa gedharadhi Budhunta mal pahan puja karala  adhahana pilipadhina dhahamak araksha karaganna Inna eka nedha hodha meyalata boru namaskaraya karanawata vada.Meyala wage aya ape rate minissunta dhen Maha wadhayak wela thiyenne?"
"Nuwan Rajapaksha","https://www.facebook.com/nuwan.rajapaksha.805496","බුද්ද චීවරයට නිගා දිදී හම්බ  කරන් කනවා මදිවට බුදු  දහම  නැත්තටම  නැති  කරනවා,"
"Paduma Amarasingha","https://www.facebook.com/paduma.amarasingha","ඔය. හොර.  අත්සන්.   ඕන. තරම්. ගහල පෙන්නන්න. උඹලගේ ආන්ඩුව  ඉදන්ම හොරකමනෙ. කලේ"
"Sandhya Nissanka","","අනේ මේ තිත්තයත් ළගදිම ගානසාරයා වගේම හොඳ පුඩියක් ඉල්ල ගන්න දගලන හැටි... හැමදාම ලැබිච්ච ""සැප සම්පත්"" 🤭නැති වී යාමේ ශෝකය ...ඉචචාභංගත්වය නෙ මූ මේ පැන පැන පෙන්වන්නේ... අත්සන් ඉල්ලං ගිහින් කොන්ද ඇති ගිහියෙක් ගෙන හම්බුවෙච්ච ""ලාභය"" ඒ ටිකට අමතක වෙලා නෙ... ලැජ්ජා නැති කහකඩ"
"Sarath Jayasinghe","https://www.facebook.com/people/Sarath-Jayasinghe/pfbid02sCjHSDnuXMU5KDXkMyhp36jGKHBd6MvBW6t1Akjsp4WzbSFrYFjpEH7WXHPvEPUl","Athsan tika roll karala gahaganin @@$%!😂"
"Ajith Tennakoon","https://www.facebook.com/ajith.tennakoon.2025","එතකොට මෙවට කමෙන්ට්ස් කරන්නේ මඩ බලකායේ උන් විතරද.අනිත් අයටත් පේනවනේ ඒ අයත් දාන්න එපැයි අදහස්.නෑනෙැ එ කියන්නේ මේ රටෙ නීතිය කාටත් සමාන විය යුතු බව මහජනයාගේ මතයයි.අසුචි ගොඩටම වැටුනනේ කීවට ඇහුවද නෑනේ.දැන් මෙතන කෙදිරි ගානවා අහක යන නයි දාගත්තේ.වැරදි කරපු හැම හිමිනමකටම ජනාධිපති සමාව දෙන්න වෙයිනේ මෙහෙම යනකොට..."
"Shanaka Prasanna","https://www.facebook.com/shanaka.prasanna.165","විරුද්ධයි තමයි  අපි බුද්ධ චීවරය විනාස කරන උබලටත් අපි විරුද්ධයි"
"Sanjeewa Rajapaksha","https://www.facebook.com/sanjeewa.rajapaksha.5030","K ganaya"
"Sunny Appuhamy","https://www.facebook.com/sunny.appuhamy","Kohomath api thopita gahala kudukaranawa"
"Shehan Perera","https://www.facebook.com/shehan.perera.14203","අළුත් කොන්ත්‍රාත් කරන්න පරණ මිනිස්සු බස්සලා බෑ...අලුත් අලුත් අයත් බස්සලා බලනව...🤭🤭🤭"
"Niroshan U Kumara","https://www.facebook.com/niroshan.ukumara.9","Oya akkenage kathawak witharai hamuduruwane"
"Suneth Bandara","https://www.facebook.com/suneth.bandara.738963","Api kiyanneth....oya gnanasarayawa athulata daanna ona.....oya laga inna rewul mama  kauda...🤣🤣🤣🤣🤣🤣"
"Manjula Waduge","https://www.facebook.com/manjula.waduge.593482","උබවත්, නානසාර වත්,  බුද්දසාසනේ එවුන් නෙවෙයි.. සාසනේ වනසන කද පනුවෝ."
"Rangana Lalantha","https://www.facebook.com/rangana.lalantha.3","Dena danyak walda banak bawanawak karagena htan hmuduruwane mhna une siyalla athrinnea"
"Lakmal Wijesooriya II","https://www.facebook.com/people/Lakmal-Wijesooriya-II/100084143967395","Rangana Lalantha හා කමකට නැද්ද"
"Imal Chamara","https://www.facebook.com/people/Imal-Chamara/pfbid0ZR2ZuX3LmvPp4vgxyfvfYRXCv42YnBShKAbdSzzsH8hjhjdPsmpPS4xb41YC3oual","Puka denna epa pako bana tikak  kiyagena idapan hutto ubalata danda hama huttagema waradi  hari penne hutto topi apitath puw purwanawa pako"
"Asela Madushan","https://www.facebook.com/asela.madushan.904","අපි මොකටැයි පවු පුරෝ ගන්නෙ. චීවරේට පින වගේම පවත් බලවත් වෙයි"
"Sarath Priyantha","https://www.facebook.com/sarath.priyantha.28522","හාමුදුරුවරනේ  ඉස්සෙල්ලා   අනුන්ට   බුදු දහම ගැන කියලා  දෙන්‍ට  ඉස්සෙල්ලා   ඔබවහන්සේ  බුදු දහම  හදාරලා   හිටියොත් නේද හොඳ ..."
"Nimal Perera","https://www.facebook.com/nimal.perera.702675","හාමුදුරුවනේ ඔයාල ඔය කරන්නෙ වෛයිරීවැඩ තමයි ඒ...තරුණයාගේ ක්‍රියාකාරීත්වය හරියටම හරි..ඔය කියන සාරව නැවත හිරගෙදරට යායුතුමයි ඔබවහන්සේට ඔයතරම්   කසනවනම් එයත් එක්කම ගියානම් ඉවරයිනෙ.."
"Sumithra Kahavita","https://www.facebook.com/sumithra.kahavita","Eyah kelawagannayannee"
"Supun Malshan","https://www.facebook.com/supun.malshan.9","Sri Lanka Police  ජාතිවාදය අවුලන මෙන්න මූ ගැන අවධානය යොමු කරන්න"
"Wasntha Keerthi","https://www.facebook.com/wasntha.keerthi","අනිවාර්යයෙන්ම"
"Dhanushka Fernando","https://www.facebook.com/dan77dd","තිත්තයා වහක් වේගෙන එන්නෙ"
"Alex Ranasinghe","https://www.facebook.com/alex.ranasinghe.1","සිවුර දා ගත්තම මේ ගොල්ලෝ හිතන්නේ රටේ නීතියත් ඒ අයට පහලින් තියෙන්න ඕන කියලා... නඩු තීන්දුව වැරදි නම් උසාවියට ගිහින් කියන්න නිකන් ආණ්ඩුවටයි ජනාධිපති තුමා ටයි බැන බැන ඉන්නැතුව..."
"Rajitha Nuwanjith","https://www.facebook.com/people/Rajitha-Nuwanjith/pfbid02hpeg6SfzMLguXN9AaThVBNpCYTpVSCBoasVnhwEpXx9ZQAcmZJiAWmiUjf1Df9Ndl","ඔබ අධාර්මික භික්ෂූවක්"
"Malitha Widuranga","https://www.facebook.com/malitha.widuranga.9","Rajitha Nuwanjith bikshuwakata awaman kirimata obata ba oba gihiyek. Sure ekatama ISIS ekekda kohe"
"Rajitha Nuwanjith","https://www.facebook.com/people/Rajitha-Nuwanjith/pfbid02hpeg6SfzMLguXN9AaThVBNpCYTpVSCBoasVnhwEpXx9ZQAcmZJiAWmiUjf1Df9Ndl","Malitha Widuranga කහ රෙද්දක් දා ගත්ත පලියට භික්වක් වෙන්නෙ නැ බන්. සිල් රකින්න් ඔනි..😪"
"Malitha Widuranga","https://www.facebook.com/malitha.widuranga.9","Rajitha Nuwanjith mama bayyek nisa mata owa theren na."
"Rajitha Nuwanjith","https://www.facebook.com/people/Rajitha-Nuwanjith/pfbid02hpeg6SfzMLguXN9AaThVBNpCYTpVSCBoasVnhwEpXx9ZQAcmZJiAWmiUjf1Df9Ndl","Malitha Widuranga mm dnnw uba ape sahodarayek kyl 🙃"
"Dilip Fernando","https://www.facebook.com/dilip.fernando.79","නාන සාර යනකොට තව ඌ වගේ එකෙක් එන්ඩ හදන්නෙ පරිස්සමින් ."
"Kaushal Nawarathne","https://www.facebook.com/kaushal.nawarathne","Httpta 🤭"
"Mahanama Hamuduruwo","https://www.facebook.com/mahanama.hamuduruwo","සමාව දෙන්න එපා කියලා පෙත්සම් ගහන්න බෑද"
"Ranga Pushpa Kumara","https://www.facebook.com/ranga.pushpakumara.902","යින්දියාවෙ හරි ගිහින් අත්සන් අරන් අවාත් නිදහස් කරන්නේ නැ පකෝ 🤣🤣🤣🤣🤣"
"Sarath Nandasiri","https://www.facebook.com/sarath.nandasiri.94695","තිත්ත ගල්ලෙ උබ සුදස්සන හාමුදුරුවන් බොරුවට ඇන්දුවා නේද ....දැන් තමයි නියම ස්වරූපය පේන්නේ .."
"Jagath Wickramasinghe","https://www.facebook.com/jagath.wickramasinghe.319","Ane pahko daneath me dewal nathara karhan"
"Niran Weerawardhana","https://www.facebook.com/niran.weerawardhana","අනෙ ජිනෙ...පලයන් හිරේ"
"Susantha Dinesh","https://www.facebook.com/susantha.dinesh.1","මේ සිවුරු දරන්න අය හරිලු. හරිලු. හරිලු. සේරම හරිලු. ඒත් ඇයි මේ අඩන්නේ. අපි ගැන දුක හිතිලනේ . පව්නේ"
"Sudantha Kumara","https://www.facebook.com/sudantha.kumara.9","හාමුදුරුවෝනේ අධිකරණය දුන් තීන්දුවට එරෙහිවන්න කාටද  පුලුවන්..ඔයාලා අත්සන් ගහලා අධිකරන තීරන වෙනස් කරන්න පුලුවන්ද....ඔය තීන්දුව ලැබුන කෙනා කරලා තියෙන වැඩ හොදයිද????"
"Ajith Withanage","https://www.facebook.com/ajith.withanage.7","ජනතාවට බං බණින්න කිවුවේ තොපි වගේ පර ගනයින්ට නෙමේ,,,,"
"Ajith Wijegunarathna","https://www.facebook.com/ajith.wijegunarathna.5","දැන් සිංහල බෞද්ධයො හැර අන් සියලු ජාතීන් ජාතිවාදය අතහැර නිවන් අවබෝධ කරල වගේ"
"Vajira Lasantha","","Unbala jathika hora ganayao ok....."
"Thusitha Surendra","https://www.facebook.com/thusitha.surendra","Nithiya katath podui."
"Ravin Bandara","https://www.facebook.com/ravin.bandara.infinity","පිස්සුත්තෙක් 😂"
"Priya Bopage","https://www.facebook.com/priya.bopage","Niyamyi"
"Leslie Fernando","https://www.facebook.com/leslie.fernando.948954","ඔච්චරම ඇම්ම නම් අධිකරනයට පුස්පාට් තග් පාට් දාලා යාලුවත් එක්කම ඇතලට යන්න"
"Ranga Jayasinghe","https://www.facebook.com/ranga.jayasinghe.963","Waradi karapu unta daduwam dennama one,mona  baila gahuwath..."
"Chandraweera NV","https://www.facebook.com/chandraweera.nv","අර ස්වාමීන් වහන්සේ නමක් අල්ලල පොලොවෙ ගහනව කිව්වෙ ආදරේට වෙන්නැති....අත්තෙ රිකිලි"
"Asanka Kumara","https://www.facebook.com/asanka.kumara.165552","අනේ සාධු පන්සල්ටල ඉන්න වා ඥානසාර හාමුදුරුවෝ කියන්නේ මේ රටේ ෛරය ක්‍රෝධය ජාති වාදය වපුරපු කෙනෙක් අපි හොඳට යුද්ධ කරපු කොල්ලෙක් දැන් ආබාධ වෙලා ඉන්නවා..  ."
"Haripriya Abeywardena","https://www.facebook.com/haripriya.abeywardena","පිස්සෙක්😡 උස්සවි තීන්දුවක් දුන්නහම ඒකට ගරු කරන්න, අනුරට බැනල වැඩක් තියෙනවද?🤮"
"Nihal Ferdinando","","ඕයි තිත්තගල්ල තමුසේ මොනතරම් තප්පූලෑවත් ජනතාව ඥාණසාරවවත් තිත්තකාඩිය තමුසේවවත් පඩේකටවත් ගණන්ගන්නේ නැත. ඔය අත්සන් අපේ ජනාධිපති තුමාට හෝ ගරු අධිකරණයේ නීතියට වළංගු නැති බව ඔය ගොං මොලේට වැටහෙන්නේ නැත."
"Eranga Weerasena","https://www.facebook.com/eranga.weerasena.2025","මේ බිස්නස් කාරයෝනම් පුදුමාකාර කරදරයක් සහ ලොකු විනාශයක් මේ රටේ සාශනයට කරන්නෙ...මේ වනචාරියෝ වහාම සිවුරගලවලා ගෙවල් වලට යවල මේ මාද්ද්‍ය සාකච්චා සහා මේ හොර දේශපාලුවන්ට කඩේ යන එක කරග්න්න ඕනි....දැන් මුන්ට ඉස්සර වගේ රටවල් වලින් මිනිස්සු සල්ලි දෙන්නෙ නැහැ දැන් මුන් පිස්සු බල්ලො වෙලා ඉන්නෙ.....මේ ඇත්තටම භික්ෂූන්ද ... ? මේ සිවුර නිසා ඒකෙන් හැංගිලා මුන්ගෙ ජඩා වැඩ කරගෙන යන වනචාරි කල්ල තෝනියෝ .....ජහජරා සක්කිලියෝ දුටු තැන ගූ ගසා පන්නා දැමිය යුතුයි මුන් සමාජයෙන් ...🤬🤬🤬🤬"
"Rajapaksha Rajapakshabandara","https://www.facebook.com/rajapaksha.rajapakshabandara","උසාවි වහමු සාදු ලා නඩු අහමු වෙලාවක් තිබ්බොත් නිවන් යමු හදිසියක් නැහැ 😆😆"
"Ayesha Nirmali","https://www.facebook.com/ayesha.nirmali.724495","Praballo  Cheewaraya  galawala  thiyala  Saatakayen  ambudayak  gahagena  Rajapassalata  wahalkam  karapiya. Thopi   Janathawata  Aagama-dahamath epaa karawanawa. Desha-drohee  Wanachaari  Kahakadayo horu thakkadi minee-maruwo  surakinne  ungen  laaba-proyojana, thaanna-manna, thanathuru  labaa-gaththu  awa-jaathaka  ballek thamai  Tho."
"Chminda Lakmal","https://www.facebook.com/chminda.lakmal.12","නාන සාර,,නාන සාර මල කරදරක්නෙ මේක ඇතුලට දානකම්"
"Thishantha Wijesinghe","https://www.facebook.com/thishantha.wijesinghe.2025","හාමුදුරුවනේ ජනාධිපතිතුමාටත් බණින්නතුව ,එතුමාව විවේචන නොකර ,අත්සන් අරගත්තට වැඩක් නෑ ,එතුමාට බණිනවනම්.මට නම් හිතෙන්නේ ඔබ වහන්සේ කරන්නේ හාමුදුරුවන් ව බේරගන්න නෙමේ ,ඔබ වහන්සේ ප්‍රසිද්ධ වෙන්නයි මේ උත්සාහය.ජනාධිපතිතුමාව බැනලා කොහොමද සමාවක් අයදින්නේ."
"Susila Gunathunga","https://www.facebook.com/people/Susila-Gunathunga/pfbid02STAiG4mi5AhdyFbgdwtysNbahaNnWRG6LwQy5huiRmrkr4yiUZGNUpTKpEg1N8TGl","තිත්ත හැත්ත"
"Neeta Kumudini Weragoda Arachchige","https://www.facebook.com/lional.gunawardana.7","Hora athulema thiyanna"
"S Perumal Thurai","https://www.facebook.com/sperumal.thurai","Nanasara amathuru erakutuwata eanda oonea"
"Rexi Wasantha","https://www.facebook.com/rexi.wasantha","හෝ...හෝ...ජහ්...ජහ්... නියම මීමා. රටම උනත් මඩව ගන්න පුළුවන්."
"Pathirana Npg","https://www.facebook.com/people/Pathirana-Npg/pfbid02kXusu3rMN1HToxB2u4XBRKifjHU9pHbYaL9rD95Z84d1H5Dgh4b1BWzdSYXR4SFEl","උතුම් සංඝරත්නය බුදුරජාණන් වහන්සේ දේශනා කල උතුම් ධර්මය ගිහි අපට දේශනා කරන සේක්වා. සසර දුකින් එතර වෙන ඒ උතුම් ධර්මය අසන්න අපි කැමතියි. වෙන වෙන විකාර දේවල් අසන්න අපි කැමති නැතෝ."
"Gamage Suresh Devinda Perera","https://www.facebook.com/gamage.s.perera.5","අනේ පකො"
"Dilshan Benadict","https://www.facebook.com/dilshan.benadict.3","කොහෙන්ද මේ #.යෝ ටික මතුවෙන්නේ එක පාරම 😂😂"
"Roshan Pathirana","https://www.facebook.com/roshan.pathirana.313","සිවුරු හොරු"
"Duminda Saman","https://www.facebook.com/duminda.saman.944","ඔයාලගෙන්   රටයි සාසනයයි  බේරගන්න  වෙලා තියෙන්නෙ  දැන්"
"Lawrance Ranjith","","Budu dahama kanno"
"Vinol Lakshan","https://www.facebook.com/anuhas.samudura","නොදකින් අමනයා.. දැන්වත් මහණ වෙයන්"
"විමල් ජේ බණ්ඩාර","https://www.facebook.com/profile.php?id=100003280053177","ස්වාමින්වහන්සේ කෙනකුට ක්‍රිස්තියානි ෆාදර් හෙනෙකුට මුස්ලිම් පූජකයෙකුට විතරක් නෙවේ පූසාරි කෙනෙකුට වත් යමක් මියන ප්‍රතිපත්තියේ නම් නෑ  ඥානසාර.  හාමුදුරුවෝ ලංකාවේ නීතිය අනුව වැරදි කාරයෙක් ඒවගේම උන්නාන්සේගේ වචන හරි ප්‍රහාරකයි වේගවත් ඒවගේම ගොඩක් අයට තේරෙන්නෙත් නෑ කවදා හරි දවසක ඔය වහබ් වාදය ගැන කියන ඒවා යථාර්ථයක් උනු දවසට ඒකත් ධර්මය තුලින් කියවගනි අනේ ශ්‍රිලංකාව කියන්නේ ක්ෂණ සම්පත් නැති රටක් නේ කියල හැබැයි එතකොට අරගල කරන්න හැකියාවක් නැතිවෙයි ඒ තියෙන්නේ ශරියා නිතිය නිසා"
"Ruwan Sirithilaka Wadumesthri","https://www.facebook.com/ruwansirithilaka.wadumesthri","මූ මේ බලන්නේ ජනප්‍රිය වෙන්න සිවුර ගලවකා හෙලුවෙන් ඉදපන් ගෝතයා ජනප්‍රිය වෙන්න ඕනනම් ඒක ඔයිටවඩා නම්බුයි සිවුර විකුණන්කන සක්කිලියා 🙂"
"Priyantha Senarath","https://www.facebook.com/priyantha.senarath.67287","සිවුරට කරන අපරාධයක්"
"Chamara Sandaruwan","https://www.facebook.com/people/Chamara-Sandaruwan/pfbid02KjqK8KW4bXGiiURyf5aXVjqh4cZWnqvZ3Kf6F5HVov4hSzns4AoTNprbYnPEV2J3l","Pansale kanna nathnam kiyanna wiyali salaka tikak ewannan."
"Samantha Rohana","https://www.facebook.com/samantha.rohana.35","නානසාරට සහ ඹහෙට වඩා ජනාධිපති දහස්ගුනයක් ධාර්මිකයි."
"Feranando Faranando","https://www.facebook.com/people/Feranando-Faranando/pfbid02bawpoyMKkgCGB5EQXH3rTzot4bRFR5X67fKQ6VVdXRrEhvwTiaprW3hjFeRRn4Qkl","Sanga pakayamu"
"Mohamed Huzair","https://www.facebook.com/mohamed.huzair.718","ඉතින් යකෝ ඔය අධාර්මිකයා ගාවට ගිහිං මොකටද කන්නලව් කරන්නේ ,"
"Suranga Silva","https://www.facebook.com/suranga.silva.37","Oya kisima prasnayak wenne budda chiwaraye  gaurawaya rekagena bukshuwak wedihata hasirunanam.mara weda thakkadikam karala deshapalakayanta kade gihin sepa hoyapu ekai mehema wenna hethuwa.jvp eke mada balakayak kiyala ekak ne.me comments danne me rate mole thiyena sinhala baudda minissu.mun karapu pau gewannama wenawa ohoma newei monawa karath wedakne..."
"Malitha Widuranga","https://www.facebook.com/malitha.widuranga.9","Yko nattal siiyath awilla"
"Asanka Chamila","https://www.facebook.com/asanka.chamila.549","Ape hamuduruwo. Beraganna perata enawa divi himiyamma"
"Ajantha Amarakoon","https://www.facebook.com/ajantha.amarakoon.5","මේකාටත්  නීතිය ක්‍රියාත්මක කරන්න  හැම එකාටම අවස්තාවදීල වැඩ්"
"Nishad Kumara","https://www.facebook.com/nishad.kumara.75","ජනතාවට අයිතියක් තිබුනට තොපි වගේතිරිසනුන්ට ඒ අයිතිය කොහෙත්ම නෑ ."
"Pradeep Prasanna","https://www.facebook.com/pradeep.prasanna.878594","Samawa dannama apa"
"Thushara Jeewantha","https://www.facebook.com/manoj.jeewantha.182","බුදු දහම තියෙන්නෙ අපිව ආරක්ෂා කරන්න.....අපි බුදු දහම ආරක්ෂා කරන්න අවශ්‍ය නැහැ"
"Dilshan Wijebandara","https://www.facebook.com/dilshan.wijebandara.2025","උබලා තමා සාසනේ විකෘති කලේ බල්ලෝ"
"Shirantha Gomes","https://www.facebook.com/shirantha.gomes.3","Mahana unanam hodayi."
"Suranga Priyadarshana","https://www.facebook.com/surshemi","දැං ඉතුරුවෙලා තියෙන්නේ ජනාදිපති සමාව විතරයි. මුන් ඒක ඉල්ලනවිදියවත් දන් නෑ 😄😄 ."
"Eranda Fernando","https://www.facebook.com/eranda.fernando1","මු අනුරාධපුර ඇවිත් හොදට අහගත්ත⁣ෙ"
"Supun Senevirathne","https://www.facebook.com/supun.senevirathne.12","යකෝ අත්සන් ලක්ෂ 50 නෙවෙයි 100 ගැහුවත් වැඩක්ද  සමාව දෙන්ට ඕන මින්හගෙ අනුකමිපාව දිනාගන්නෙ නැතුව ගේම ඉල්ලල 🥴🥴🥴 ට්‍රැක්ද බං?"
"Roshan Priyadarshana","https://www.facebook.com/roshan.priyadarshana.833072","Akekuge kata wahenakota utama hariyanathawa akek kohen hari anawa 🤣"
"Shanaka Sadakalum","https://www.facebook.com/shanaka.sadakalum.9","Samantaha baddat awanam tamai watinne ape hamuduruwaen"
"Nishantha Rangajeewa","https://www.facebook.com/people/Nishantha-Rangajeewa/61592854135614","Mewa palawaththen ena coment nemei owa balala therun ganna"
"Gamage Sunil Shantha","https://www.facebook.com/gamagesunil.shantha.1","Munta maik අල්ලන එක නැවත කරන්න epa meka ලොකු විෂ bejayak"
"Sandun Gayan","https://www.facebook.com/sandun.gayan.248248","තිත්ත ගල්ලේ හාමුදුරුවෝ මිනිස්සුන්ටත් තිත්ත වේගෙනයන්නේ. කරුමයක් තියෙනවා නම් එක මහණ වුනත් වළක්වන්න බෑ. පව්. සමාජයට වැඩක් කරගෙන සමාජයෙන් හොඳක් අහගෙන සමාජයට හොඳ දෙයක් කරගෙන ඉන්න පුළුවන්කම තියෙද්දි මේ තත්ත්වයට වැටෙනවා කියන්නේ ඇත්තටම පව්."
"Luxman Krishantha","https://www.facebook.com/luxman.krishantha","ලක්ෂ 4 වඩා මිනිස්සු කැමති උනා මේ system එක change කරන්න ඒක හින්දා ඔය සිවුරට මුවා වෙලා කරන නාඩගම දැන් නවත්වන්න ...මිනිස්සු දන්නවා ඔයාලා කාගේ රෑකඩද කියලා.."
"Bandula Silva","https://www.facebook.com/bandula.silva.5095","Ado pansalata wala hitapan huttto"
"Suraj Nirmal","https://www.facebook.com/suraj.nirmal.56","දැන් ඔය හිරකාරයො ඕනෙ එකෙක් අත්සන් ලක්ශ 5ක් 10 ක් අරගෙන ගියාම ජනාධිපති සමාව දෙන්න ඕනෙද?  ජනාධිපති ඉන්නේ අධිකරණයට නීතියට උඩින් ද? 🤔  මේ කියන හැටියට පජාත වැඩ කරලා හිරේ යන්න වුන එකා ධාර්මිකයි, ජනාධිපති සමාව දෙන්නෙ නැති එකා අධාර්මිකයි. මරු ලොජික් 😅"
"Saman Konara","https://www.facebook.com/saman.konara.705083","හොරැ එක්ක යන්න එපා හාමුදුරුවෝ."
"Sunil Jayaratne","https://www.facebook.com/sunil.jayaratne.90","Mahana unanam boru bana hari kiyapiyaw Rajapakshalata kade yanne nethiwa"
"Deshabandu Dharmawansa","https://www.facebook.com/profile.php?id=1201648449","Me pakayata amu kawila. Gon wesige putha"
"Manel Priyantha","https://www.facebook.com/people/Manel-Priyantha/100008967992206","ව්‍යාපෘති බිද වැටුනාම වෙනත් ක්‍රම සෙවීම"
"Gamini Ramawickrama","https://www.facebook.com/gamini.ramawickrama","හරි ජනතාවට නෙ ආන්ඩුවට බනින්න අයිතිය ‍තියෙන්නෙ.  ඔය වගේ තක්කඩි රැලකට නෙවෙයි නේ."
"Bandula Mendis","https://www.facebook.com/bandula.mendis.757459","නාන සාර උඹට හාමුදුරුවන් කෙනෙක්  වුනාට ජනතාවට අපතයෙක්........"
"Siril Rathnayake","https://www.facebook.com/siril.rathnayake.2025","ඔබ බුදු  සසුනේ කෙනෙක් නොවේ."
"Al Senarathna","https://www.facebook.com/people/Al-Senarathna/pfbid0vZZpBgUBJ3u1vAFk3bEDfBwNqcK4GwYaTLE6dJKbUb4qzMNrY1S1XrsU8iqQHNT2l","Tettagalla pukadennatewaheteyanamhodai siyaluherakarieanta janadepatesamawa mokada nanasarata hemetanalabelateyenne"
"Upul Mahendra Wimalaratna","https://www.facebook.com/upul.mahendra.wimalaratna","නානසාර හිරේගිය කාලේ මෙයාල මහනවෙලා ඉදලා නැද්ද.."
"Kvs Thilakasiri","https://www.facebook.com/kvs.thilakasiri","ඔන්න බොලේ මේ දිනවල ඉත්තෑව සද්ද නෑ තිත්තයෙක් බැහැල..."
"Rajitha Prabath","https://www.facebook.com/people/Rajitha-Prabath/pfbid0GS4Zptj5efD9Mv2yquJi5T9HR4KN4EjfyohEAPdc4rYPeAtuArLPREVyD78FUrTYl","තවත් එකේක් ඇවිලා"
"Amaya Fernando","https://www.facebook.com/people/Amaya-Fernando/pfbid02nSek4Z9pjJrr6Qimy7pV4vZgGEEpMXfGrnyUcRw1AmTsR1xYcMpHJYxgDmZdxWJMl","Galabodayawa ellanna...."
"Srinith Priyanga","https://www.facebook.com/srinith.priyanga","පහුගිය රජයවල් වලින් මේ රටට සමාජයට මෙච්චර කෙලවනකල් තොපි නිදාගත්තද.දැන් මෙතන ජාතීවාදෙයි ආගම්වාදෙයි අවුස්සලා රටම ගිනි තියපු නානසාරයෙක් බේරෙන්න දගලන්නේ."
"Sumith Wijekoon","https://www.facebook.com/people/Sumith-Wijekoon/61589714668966","ඔහෙට නෙවෙයි ඒ අයිතිය තියෙන්නෙ ජනතාවට"
"Nilanthi Menaka","https://www.facebook.com/nilanthi.menaka.644423","වැරදි කරානම දඩුවම්  විදින්න ඔනි   නේ ඒක කටත් එකයි"
"Dimu Era","https://www.facebook.com/dimu.era","තෝත් ගහන්නේ ගේම එකක් 2029 කුමාරවරු රජ්කරන්න..සක්කිලි ඝනයා"
"Anura Fernando","https://www.facebook.com/anura.fernando.77","අපිට උඔ නෙවෙි ජනාධිපතිතුමා විශ්වාසයි . අපි දන්නවා එතුමා අධිකරණ කටයුතුවලට අතදාන්නේ නැහැැ කියලා වැරදි කරපු එවුන් හිරේ යන්න ඔීන  රාජපක්ෂ හැතිකරේ රටට සාපයක්"
"Suranga Samaranayake","https://www.facebook.com/suranga.samaranayake.2025","මුන් භික්ෂුන් නෙමෙයි. සිව්‍ රු පෙරෝගත්ත හොරු 😡😡😡😡😡"
"Ariyasena Guruwaththa","https://www.facebook.com/ariyasena.guruwaththa","Munta dakina kota Gahanna ona."
"Nirmal Prasanga","https://www.facebook.com/nirmal.prasanga.58","ඔක රෝල් කරල ගහගනින්"
"Vasantha Herath","https://www.facebook.com/vasantha.herath.35","ඔය කාලය රටට,ආගමට,ජාතියට වැඩක් වෙන කාර්යක් වෙනුවෙන් වැය කලොත් නාකයිද... ඤාණසාර යනු මජර දේශපාලන මඩ ගොහොරුවේ ලගින, කුණු හරුප දේශනා කරමින්,ගණන් කාරයෙක් වගේ හැසිරෙන, ආගම්වාදය සමාජගත කරමින් බුදු දහමට පටහැණි ආකාරයෙන් ජීවත්වෙන මිනිසෙක්... ඔය අත්සන් ගැනීම තේරුමක් නැති කාලය කා දැමීමක්."
"Rohana Manamperi","https://www.facebook.com/rohana.manamperi.2025","ඒකෙ සීමාවත් උඹලටම තීරනය කරගන්නකිවුවා මතකද"
"Daya Jayasekara","https://www.facebook.com/daya.jayasekara.3","වචන විතරයි, මොනවායින්ද ජනාධිපතිතුමා අධාර්මික !... අදහස් ලියන හැමෝම මඩ බලකාය යනුවෙන් හැඳින්වීම හොඳ මදි..."
"Manoj Amarathunga","https://www.facebook.com/manoj.amarathunga.77","Kanna natiwa,inna natiwa,mahanawala mun enawa Dan rata hadanna Dana dayak kala hetapiyau"
"Shelton Gamage","https://www.facebook.com/shelton.premarathna","පච වෙන්න එපා යකෝ අපි හිතන් හිටි මොලේ කලද්ක් තියෙන කෙනෙක්ක් කියලා"
"Nilmini Weerasekara","https://www.facebook.com/amara.nilmini.1","තොපි ධාර්මික උනානම් ඔහොම වෙනවද."
"Surantha Sirisena","https://www.facebook.com/people/Surantha-Sirisena/pfbid02FbnmirbS3B5bgphGaS9VjyUj8u8wWvatWcU62BGFj5DbWhZNdvVpwvGyL8ntJhQYl","විශාල කරදරයක් වුණානේ.. 😂"
"Jayantha Samaraweera","https://www.facebook.com/people/Jayantha-Samaraweera/pfbid0LK2xy9qiFPmMwu6buM8nsG2BHfzsrQs3vWhpyu13x2uZpt4PS6wpEJCuBVqoVy3dl","Oyala hinda thamai taken tika darmenuth ethwenne"
"Hap Perera","https://www.facebook.com/hap.perera.1","ඔබ වහන්සේ ගේ කල්‍යාණ මිත්‍ර හාමුදුරුවෝ කියන්නෙ නම්... රාජ නීතිය යි, බුද්ධ නීතියයි දෙකක්.. කියලා.. රාජ නීතිය අදාල මුලු රටටම .. බුද්ධ නීතිය අදාල බුද්ධ ශාසනයට ඇතුලත් අයට.. බුද්ධ නීතියෙන් රාජ නීතිය යටපත් කරන්න බුදුන්වහන්සේවත් ක්‍රියා කළේ නෑ.. ඔබ වහන්සේ ලා.. රාජ්‍ය පාලකයාටත් වඩා.. රාජ්‍ය සතු නීතිය  වෙනස් කරන්න කියන එක හොද මදි වෙගේයි මට හිතෙන්නෙ.. දන් ටිකක් වළදලා.. බණ ටිකක් කිව්වොත් නරකද අපෙ හාමුදුරුවනේ.."
"Ashan Ishanka","https://www.facebook.com/ashan.ishanka","නානසාර හිරේ යන්නම ඕනි ."
"Sunil Premakumara","https://www.facebook.com/sunil.premakumara.393","මේ කතා කරන කෙනා ධාර්මික ද"
"Gayan Nandika","https://www.facebook.com/people/Gayan-Nandika/pfbid0eKqquQ4PqnwGgcLwqbfDxaCyMATZDWcMz1GFjpY85tkw7M8yH4CoXFJL5LFd6xHl","Thiththagalle ammatasiri;))"
"Krishan Sanjeewa","https://www.facebook.com/krishan.sanjeewa.148","බෙහෙත් ටිකක් ගන්න ගිහින්..."
"Sunethra Padigama","https://www.facebook.com/sunethra.padigama.2025","hamuduruwane  kalakanni kuhkyo inna ratak  meka deviyo balaganivi  ethakan viwasamu budusaranai"
"Ajith Ranasinga","https://www.facebook.com/ajith.ranasinga.1","Me mona sakkili ballekda bn"
"Gunarathna Weerasooriya","https://www.facebook.com/gunarathna.weerasooriya","ජනතාවට අයිතියක් තිබුනට ආන්දුවට බනින්න තක්කඩි තට්ටයොන්ට අයිතියක් නෑ..🤓🤓"
"Sunil Shantha","https://www.facebook.com/sunil.shantha.393276","Yakoo hori magulak ne meka eka ratak eka nitiyak honde"
"Suranjana Piyumal","https://www.facebook.com/suranjana.piyumal.2025","මේ මොකෙක්ද🤣"
"Digi Printing","https://www.facebook.com/digi.printing.904035","හාමුදුරුවනේ , ඔබවහන්සේ කියන කතාව ඇත්ත ජීවීපී කාරයෝ ලිංග භේදයෙන්ම නරුමය වෙලා මහේකාගේ ඉඳලා පතුරවන්නේ වෛරය, ඔය ජීවීපය නිවටයන්ගේ ගෙයක් දොරක් බලන්න උන් අපාගත වෙලා කුණු වෙවී ජීවත් වෙන්නේ, මූ මේ සමාජෙට පිල්ලයක් අපේ අනාගත පරපුර විනාශ කරනවා"
"Dinadasa Atapattu","https://www.facebook.com/dinadasa.atapattu","බණ කියාපු විදිහම පළිපැදලා, බණ කියපු කෙනාට බණ අමතක වෙලා"
"Sumedha Sunil","https://www.facebook.com/sumedha.sunil.9","සිවුරෙ ගෞරවය චීවර දාරින් විනාශ කරමින් සිටි"
"Shenal Don","https://www.facebook.com/people/Shenal-Don/61592339931927","Bana kiyanneth kole balan 😄😄😄sadu sadu sadu 😂"
"Shan Perera","https://www.facebook.com/shan.perera.423140","Munta dane denda eppa kalakanni ballo"
"Chinthana Ramasinha","https://www.facebook.com/chinthana.ramasinha","Athall thiththa 😂😂"
"Sumeda Ranasinha","https://www.facebook.com/people/Sumeda-Ranasinha/pfbid024dXn4ssMWqkjVBDefdFVhMy2a1wZy8cBB4FrJEUuTU6LQc1f1PaK473icVBGrJaVl","රෝල් කරල ඒක උඩින් වාඩිවෙයන් 🙏🙏"
"Edirisingha Senadeera","https://www.facebook.com/people/Edirisingha-Senadeera/pfbid02GifFg1GTedLT3JCpHmN3NiGXhmL3cQcZxnsmNP94FFU6RhgEZPseoeNtSNFeWvVEl","Nodakin"
"Jayantha Ekanayaka","https://www.facebook.com/jayantha.ekanayaka.9480","නීතිය කාටත් සමානයි තිත්තගල්ල හාමුදුරැවනේ. ඒකනිසා ඥානසාර ලොක්කටත් නීතිය සමානයි. තිත්තගල්ල බයිල එපා ධර්මප්පුචාරය සදහා හිතයොමු කරන්න. ඔය බයිල නිසා කොහොමත් සමාව නැහැ."
"Bandula Bandara","https://www.facebook.com/bandula.bandara.442141","දේශපාලනෙ කරන්න දේශපාලකයෝ ඉන්නව.  හාමුරුවන් වහසේලා  චිවරයක් දරාගෙන ඒ බික්ශු ජිවිතෙ නියමාකාරයෙන් ගතකරානම්  ප්‍රස්න නෑනෙ.   නීතිය ක්‍රියාත්මක කරන අයට ඒව  කරන්න දෙන්න."
"Ruban Sree","https://www.facebook.com/ruban.sree","Boru kiyanne.. meya kiyana kisi deyak cut karala thibbe na.."
"Indike Gunawardane","https://www.facebook.com/indike1973","මෛත්‍රී කියමින් වෛරය වපුරන අලුත් ක්‍රමය"
"Sugath Rajapaksha","https://www.facebook.com/sugath.rajapaksha.520","මුත් ලගදිම සුපිරි කැමක් කනවා"
"Don Shelton","https://www.facebook.com/don.shelton.718","සාදු වාසියක් උනේ නැද්ද"
"Uchitha Silva","https://www.facebook.com/people/Uchitha-Silva/pfbid029ygtfgxPvjDEgFSWpsSAiW5A4dMdXS5BXziihyCFBB1qQQdiNzVYbp2qWHdMA2qol","හිටපු ජනාධිපති වරු සමාව දීලා තාම කෙලවෙලා ඒවා වැරදි කියලා උසව් කියන්නේ එතකොට ආයේ සමාව දීලා වැරදි කාරයෙක් වෙන්න ඕනිද බුරුවෝ"
"Sarath Liyanage","https://www.facebook.com/people/Sarath-Liyanage/pfbid0Si8XjpRtrHF2Kr9mm6eGRxn6EpkrEeRjjxdytrFtVDpXuyNMipJxcZV71npjGK9wl","ජනාධිපති  තුමනි   කුහකයෝ  නෙමෙයි  ඔබ  තුමාට බනින්න  ඔන  ඔබතුමා   චන්දේ  දිලා  පත්  කරගත් ,උදවිය ,  කුහකයෝට  අයිතිය  නැහැ ,"
"Umeshaka Ridmal","https://www.facebook.com/umeshaka.ridmal","Mun set ekama Badu karayo wage"
"Balu Sathis","https://www.facebook.com/balu.sathis.7","ඇත්තනේ නීතියට ගරු කරන්න හැමෝම"
"Malinda Udaya","https://www.facebook.com/malinda.udaya","Mun sanga pathalayo eun mun Wath punaruthapanya karanna"
"Sugath Weerakoon","https://www.facebook.com/sugath.weerakoon.94","ගරු ජනාධිපතිතුමාගේ ඉපදීම පවා අපහසයට පත්කල අයට කවර සමාවක්ද. එ විතරක් නොවෙයිනේ........"
"Sasanka Aravinda","https://www.facebook.com/sasanka.aravinda.2025","Mona karumakkarayo tikakda me"
"Lakmal Udayantha","https://www.facebook.com/lakmal.udayantha.2025","Gon hutge putha"
"R.K. Samarasingha","https://www.facebook.com/r.k.samarasingha","තිත්තගල්ල මාකටින් 😂😂"
"Rohitha Kuruppuarachchi","https://www.facebook.com/rohitha.kuruppuarachchi.5","ඉතිං හාමුදුරුවනේ ඔය මැරිච්චි පාස්කෝපයානෙන් මැරිච්චි කි්‍රයානි මිනිස්සු මේ වෙනකොට පාරට බැස්සොත් එහෙම ඔබතුමාලා මොකක්ද"
"Suchitha Deera","https://www.facebook.com/suchitha.deera","ඇලෙන්න, ගැටෙන්න ගියාහම නිවන කැලේ, දැවීම විතරයි ඉතුරු... ඔය බන තමන් පෙනී සිටින ඇය වෙනුවෙන්ම කියන්න තියෙන්නේ. ඊයෙ අහ ගත්ත මදි වෙලා, තව  සැනසෙන්න දරන නාටක වැඩක් නෑ."
"Sanjeewa Thilakarathne","https://www.facebook.com/sanjeewa.thilakarathne.735","මූට පිස්සු ද කොහෙද"
"Amila Sanjeewa","https://www.facebook.com/amila.sanjeewa.7568","වරදට දඬුවම් danna"
"Wimarshani Wijesinghe","https://www.facebook.com/wimarshani.wijesinghe.1","Okun siura daran Enna horu"
"Priyantha Thilakaratna","https://www.facebook.com/priyantha.thilakaratna.9","බුදු දහම කියන්නේ ගලබඩත්තේ ඥානසාර හාමුදුරුවෝ නෙමෙයි. එනිසා මේ උසාවියෙන් දීපු නඩු තීන්දුවට බුදුදහම පටලවගන්න එපා."
"Prageeth Weerakoon","https://www.facebook.com/prageeth.weerakoon.56","ගුටි ලගයි...."
"Abahayawardana Liyanage","https://www.facebook.com/people/Abahayawardana-Liyanage/pfbid029wPrCCU2bEjt4ibzL3mJByaNioncxACup1eRtLRizUPMYhMJ3TfuSUuGwJgfxDXtl","හාමුදුරුවනේ ඔබ කියන්න අවශ්‍ය නෑ. අපි අනන්තවත් ඔය චන්ඩිය වගේ දගලන හාමුදුරුවගෙ වීඩියෝ දැකල තියෙනවා. ඔහුගෙ වැරදි වැඩවලට නීතියෙන් දඩුවම් ලැබිය යුතුයි. දඩුවම් මෙතරම් ප්‍රමාදවීම තමයි අපට ගැටලුව. හිරේ නෙවෙයි හිර හතක යන්න ඔ්න එකෙක්. දැං බලු කෙදිරිය."
"Thilakaratne Abeyweera","https://www.facebook.com/thilakaratne.abeyweera.9","Thamuse  abasaranage mallida"
"Msa Perera","https://www.facebook.com/msa.perera.9","රට කන්නේ නැතුව ඥාන සරල කඩේ යන්නැතුව පන්සලට වෙලා බණ කියන්න"
"Rohan Perera","https://www.facebook.com/rohan.perera.50746","Kahakadayo mei comments tika balapan , uttare labei"
"Neela Wasanthi","https://www.facebook.com/neela.wasanthi.1","දැන් හොදටම රිදිල"
"Janaka Sampath","https://www.facebook.com/janaka.sampath.49788","උඹලා කරන මගෝඩි වැඩ වැරදුනාම ඒකට ජනාධිපතිවරයා වගකියන්න ඕනද ? උත්තර දෙන්න ඕනද ?"
"Indika Kumara","https://www.facebook.com/wansaindi","හෙන්රි  ඕල්කට් තුමා  මොකද  කරන්නේ  මෙතැන"
"Aravinda Abeysingha","https://www.facebook.com/aravinda.abeysingha","Uba darmikanam. Rate pawathina neetiyata garu karapan. Siyure garuthwaya rakapan. Siyura natnam pare gutikanqwa"
"Dammika Anjana","https://www.facebook.com/dammika.anjana.2025","Dane aran nedaganna atakota hareyai"
"Gayan Buddhika","https://www.facebook.com/gayan.buddhika.692436","Thopi athsan gahuwama Court order akulagannada kiyanne? Athsan 1000 gahapu kole role karala Vanachaariyage puge gahapan"
"Thilina Prabashwara","https://www.facebook.com/thilina.prabashwara.39","මුගෙන් බන අහපු එව්න් අබ සරනයි"
"Nimantha Maduranga","https://www.facebook.com/nimantha.maduranga.988711","Dan rewila inne  🤣🤣🤣🤣🤣"
"GV Amitha","https://www.facebook.com/gv.amitha.2025","මහනවෙයන්හුත්තෝ කාල කන්නි"
"Gayan Perera","https://www.facebook.com/gaya.perera.359","කහ ලයිටර් 😎"
"Lalitjh Harath","https://www.facebook.com/people/Lalitjh-Harath/pfbid02PVbf1CoZvWqL8JE9ZwDkJTSVotE4uWpuf6gmLZBR8DqVcFbz25rXLpubfg8yKvU9l","කොත් චිවරධාරි වනචාරියෙක්"
"Kaveendra Thilakarathne","https://www.facebook.com/kaveendra.thilakarathne","සිවුරු රදවන 🤭"
"Praneeth Wijetunga","https://www.facebook.com/praneeth.wijetunga","අපි ඔය මොන පස්සෙටවත් නෑ හැබැයි ඥාණසාර හිරේ යන්න ඕනි 1ක්"
"Macn Macn","https://www.facebook.com/people/Macn-Macn/100083337680664","Ekkeneknam ai rajayatama dos kiyanne"
"Tharaka Lakmal Karunarathna","https://www.facebook.com/tharakalakmal.karunarathna.31","විසාල කරදරයක් උනනේ මුන්..."
"Bamunuge Wimalarathna","https://www.facebook.com/bamunuge.wimalarathna.2025","තිත්තයා තිත්තයාම තමයි."
"Karunajeewa Perera","https://www.facebook.com/karunajeewa.perera.10","හැමනියන් බං"
"Ruvini Mudhitha","https://www.facebook.com/ruvini.mudhitha","සුවපත් වේවා ස්වාමීන් වහන්ස තමා වපුරපු දේ තමයි තමා නෙළාගන්නේ"
"Lakmini Jayaweera","https://www.facebook.com/lakinec","Mokedda mu.."
"Dasun S Rathnayaka","https://www.facebook.com/dasun.rathnayaka.35","Jeppo 😂 danawa"
"Sarath Abegunaratna","https://www.facebook.com/sarath.abegunaratna.5","ජනාධිපතිතුමාට තෝ ගැන හොය හොය ඉන්න වෙලාවක් නෑ යකෝ"
"Priyanka Samarasinghe","https://www.facebook.com/people/Priyanka-Samarasinghe/pfbid02beYrSfFtPbbYiiij6tCjFR1AHd96SgYLHdU4YMYuHGxBUpYHNjNgPcvrWSycm4w4l","නානසාර කියන පාදඩයා හිරේ යායුතුමයි"
"Sakeer M. Zubair","","කාට කාටත් තම තමන්ගේ දේශපාලන මතිමතාන්තර තිබෙන්න පුළුවන් හැබැයි තමුන්ගේ මතයට තවත් කෙනෙකු වෙනස් වීම අපහාස, උපහාස සහ අවමන් වලට භාජනය වීමට කාරණා කරගැනීම කොතරම් සදාචාරවත් ද 🤔☹️"
"Manjula SB Dassanayake","https://www.facebook.com/manjula.sb.dassanayake","පාඩමක් උගන්වන්න ඕනේ"
"Ranjith Nihal","https://www.facebook.com/people/Ranjith-Nihal/pfbid0BwGWFgnArxyhPrXUmPQ77F1eJ1uyFvWVzfGZ9ZxgBGsfmoQuZemjUWHtTD2cg17rl","Hukapiya kariganaya"
"Suranjan Amunugama","https://www.facebook.com/suranjan.amunugama.2025","තූ කාලකන්නි සක්කිලි ගනයා"
"Sujan Shanika","https://www.facebook.com/sujan.shanika.3","kuda ma.hora kariyyaa"
"Damitha Vithanage","https://www.facebook.com/damitha.vithanage","Wanachari hattha"
"Wemalaweera Wemalweera","https://www.facebook.com/wemalaweera.wemalweera","Mun තමයි mahindage Walla Lewakana Sakkili ganayo."
"Donal Jayamanna","https://www.facebook.com/people/Donal-Jayamanna/pfbid02NXFEurzxiuVmkLUZ9tmhf5xxBkXkmuJnKNf1ZgHWtC6bvYvBv4W266LbrntUfPE2l","Pala Gona yanda, pansalata Vela hitapiya"
"Indika Pradeep","https://www.facebook.com/people/Indika-Pradeep/pfbid02V4RY1XSU2EEfmmHb7TpZL83q8XzosqF5DEue4RSrRjz5XMxW6kEVsJC9SedCPJRJl","Kegahane nethuwa Athsan Tika gannanko. Isara wage minisu Moda ne. Hari weredda therun aragena jiwath wenne"
"Vajira Kumarathunga","https://www.facebook.com/vajirakumarathunga","පිස්සු මූට 🤩🤩"
"Asanka Pradeep","https://www.facebook.com/asanka.pradeep.52","මුන් නිසා සාසනේ ඉවරයි කාලකන්නි සිව්රු රදවන"
"Arawinda Chitralal","https://www.facebook.com/arawinda.chitralal","මේකා නිදහස් කරගන්න ලක්ශ 50 ක් අත්සන් කරල පෙත්සමක්  ගෙනියනවඩා වැඩිය හොදයි නේද කට්ටියම ගිහිල්ල අනුර දිසානායක ජනාධිපති තුමා හම්බවෙලා එතුමාගෙ අත්සන අරගන්න බැලුවනම් එහෙම වුනානම් ලක්ශ 50වෙනුවට එක අත්සනයි   හොරටහරි ගහගත්තනම් ගොඩ නේද අපේ හාන්දුන්නෙ"
"Ruwan Pathirana","https://www.facebook.com/ruwan.pathirana.756","මූ ඉස්සර නම් හොඳට අභිධර්මය කියලා දෙන අලුත් දේශකයාණෝ කෙනෙක් වගේ ආවේ  නමුත් පට්ට හොරෙක් වෙලා 😂 සල්ලි එකතු වෙනකොට ඔහොම වෙනස් වෙනවා,පර හැත්ත , මොකා උනත් වැරදි නම් දඬුවම් දිය යුතුමයි"
"Viraj Gunathilaka","https://www.facebook.com/viraj.gunathilaka.522","අනේ තිත්තගල්ලේ ඔයිට වඩා හොඳයි...."
"Gamini Patabendige","https://www.facebook.com/gamini.wasanatha","අත්සන්  ටික අධිකරණයට  දීපල්ලා. අනුරට තග දන්නේ නැතිව.තොපි නාමල්ගේ දේශපාලනය කරන ගමන් ආන්ඩුවට බනිනවා. ඒකට කාරි නෑ. ඊට පස්සේ ganasaara ට ජනාධිපති සමාව ඉල්ලනවා."
"Prem Pemasiri Prem Pemasiri","https://www.facebook.com/people/Prem-Pemasiri-Prem-Pemasiri/pfbid026azzoT3C6MF9XzmUme92UaQaja3yBHGeQH5hBzeixQR4PxyGNn1VoZwQAkKswrSMl","නොදකින්"
"Chamila Prabath","https://www.facebook.com/people/Chamila-Prabath/61581852837798","පිනට දෙන දෙයක් කාලා පඩුවෙ හිටිං"
"Indika Prabath Kumara Athukorala","https://www.facebook.com/indikaprabathkumara.athukorala","Chamila Prabath එතකොට හරිද ඔක්කොම"
"Pathmini Pathmini","https://www.facebook.com/pathmini.pathmini.44492","Pakayo.    Nanasara. Huththa.  Rajapaksa gotta."
"Wanniarachchi Sunil","https://www.facebook.com/sunil.wanniarachchi.12","Hora ganaya"
"Gomez Manamperi","https://www.facebook.com/gomes.manamperi","උසාවි තීන්දුවට හිසනවන්න කියපං බං"
"Mahesh Jayathilaka","https://www.facebook.com/people/Mahesh-Jayathilaka/61554959283723","දෙන දෙයක් කාලා වෙන දෙයක් බලාගෙන ඉඳපන් ගණයෝ බඩු ගහලා අරක්කු බොන උඹලා  යාළුවො කියලා දන්නවා"
"Upali Gamage","https://www.facebook.com/upali.gamage.92","Tawa pu … a.  Dipan ganayo"
"Chandrasekara Sujith","https://www.facebook.com/chandrasekarasujith","Ubalage kale Dan iwarai"
"Sampath Mendis","https://www.facebook.com/sampath.mendis.758","සාදු   සාදු    මාරැ   මාරයි"
"Jayalath Bandara","https://www.facebook.com/people/Jayalath-Bandara/pfbid02FsJE5dmRsJFuR49W86Lptcy1MFWNXWWPpCswV9Yf3jfMDSSXXefGhmDdAP8MFG7Jl","හාමුදුරුවනේ දේශපාලකයන්ට කඩේ යන්න එපා වරදාන වරප්‍රසාද තනතුරු වලට  ඔය හාමුදුරුවෝ අසරණ කලේ රටේ ජනාධිපතිකම කරපු උන්  උන් වහන්සේ කියනවා මට නඩු දැම්මේ රනිල් කියලා"
"Anura Wijesinghe","https://www.facebook.com/people/Anura-Wijesinghe/pfbid0rq185nq6LZMrJVkGzUyFJbcV83D2rUNpbLpNjqeCxv1SW3jLaPctL4aM5Z4pvLmtl","ආන්ඩූවට බනින එකයි උසාවියට අපහාස කරන එකයි දෙකක්  වරදකරු වෙන්ට දඩූවමි දීලා තියෙන්නේ"
"Upali Rajapaksha","https://www.facebook.com/upali.rajapaksha.9026","Gon pakaya Yako"
"Dt Kumara","https://www.facebook.com/people/Dt-Kumara/pfbid08BPoZN5nmRRwKV2bxG822tT63PLJYL6QcEeeEeB6NcQDjVFWQqcw9Dm9XeNLEr1wl","Apita.paw.benna..epa."
"Danushka S Ranathunga","https://www.facebook.com/danushka.s.ranathunga","පිං බත් බැලයෝ....😂😂😂😂"
"Jeewantha Jeewantha","https://www.facebook.com/jeewantha.jeewantha.1804","Munta  danewath  denna  apa  pauw  sidda  wenawa"
"Najith Thushara de Silva","https://www.facebook.com/najiththushara","Me mokekda bn"
"Mahinda Liyanage","https://www.facebook.com/people/Mahinda-Liyanage/pfbid0jzTh7uPRRm17tS65nTWf9FdqnTNdXhpXuj9TYxiwDrU6Csn2cynPung7KqrKrt5Ul","මේකත් දන්න ඕන"
"Mahinda Bandara","https://www.facebook.com/mahinda.bandara.3386","බණ කියන්නත් දන්නවද බම්😂"
"Manjula Senarath","https://www.facebook.com/manjula.senarath.188069","හාමුදුරැවනේ බුදු හාමුදුරැවෝ කියලා තියෙනවාද දේශපාලනය කරන්න කියලා?? වැරැද්දක් කරලා අත්සන් ගහල⁣ පුළුවන්නමි එය නිවැරදි කරන්න... නි⁣යමෙට තියෙයි... එහෙම බෑ. ඔබ වහන්සේගේ බණ අදාල නෑ නීතියට"
"Sanjaya Sudeel","https://www.facebook.com/people/Sanjaya-Sudeel/pfbid02oZ5tUtokdaCNWN39jX1x32kmU8GnBXqRrWQXkUdpy6hzhtjPv7mBaTroGrcRA3D6l","Vishala karadarayak....."
"Dinesh Lakmal Dinesh","https://www.facebook.com/dineshlakmal.dinesh.37","හාමුදුරවොන්ට එක නීතියක් රටේ ජනතාවට එක නීතයක් වෙන්න නෙවෙයි වෙනසක් කරේ හැමෝම රටේ නීතියට අවනතව ජීවත් උනානම් ඉවරනේ"
"Asanka Ruwan","https://www.facebook.com/asanka.ruwan.273406","Meka hariyaakarava hithahalla.  Yam deyak vemin pavathinava."
"Desman Fernando","https://www.facebook.com/desman.fernando.73","ඇත්තඑක පලතොයන්න"
"Pubudu Chathuranga","https://www.facebook.com/pubudu.chathuranga.77","තොපි වගේ කාලකන්නි හින්ද ආගම දහම විනාසයි"
"Saman Gunarathne","https://www.facebook.com/saman.gunarathne.5","Paduwe wadak balagana hitiyanam iwarai oya siura  galawaal nathnam apahu mahana weyalla"
"Amith Niroshan","https://www.facebook.com/amith.niroshan.94","තිත්තගල්ල සිංහල මිනිසුන්ට සැනසිමෙන් ඉන්න දිපන්   උඹලා නිවන් යන්න ගියා නම් ඒක කරපන්  සිංහල ජාතිය රකින්න ඔනේ නම් සිවුර අත ඇරලා මහන්සියෙන් සල්ලි හම්බ කරල ළමයි දහයක් විතරක් හදපන්"
"Antanee Cooray Antanee Cooray","https://www.facebook.com/antaneecooray.antaneecooray","ලක්ෂ හතරෙකොලේ රොල්කරල ගහගන්න්.."
"Eranga Jayawardana","https://www.facebook.com/eranga.jayawardana.628184","Siuru radawana"
"Champa Kumudini","https://www.facebook.com/champa.kumidini","මේක විශාල කරදරයක් උනානෙ"
"Mohideen Faizel","https://www.facebook.com/mohideen.faizel.7","Tho nadanna unata nanasara desath drohiek  lankawe janadi pathita balu widihata katha karapu sakkiliyek tho hoyala balapiya harko"
"Udaya Jinadasa","https://www.facebook.com/udaya.jinadasa.2025","හාමුදුරුවන්ට කියන්නේ ඥනසාර කියන කෙනා ගැන ඔහූගේ ඉතිහාසය ගැන හොයල බලල ඉන්න. ඥානසාර ඔබවහන්සේට කියක් දුන්නද. නිකන් පච නොවී ඉන්න. ඥානසාර මේ රටේ ජනතාවට කරපු දේවල්වලට හීරේ යායුතුමයි. දැන්නම් ඥානසාරගේ කටේ සද්දේ බැහල. අනේ පචනොවි ඉන්න හාමුදුරුවනේ."
"Nevill Kodagoda","https://www.facebook.com/nevill.kodagoda","Topi loku hisaradayak ape ratata."
"Sarath Rajakaruna","https://www.facebook.com/sarath.rajakaruna.54","මහන වෙයං බං දැන්වත්"
"Herath Madagedara","https://www.facebook.com/people/Herath-Madagedara/pfbid0M9k1hYTCJSiiVW8NSzCD7XHAhWMFr2DaJJhxzqMRJkkhHESxxFfbRqq7LbMLkTdel","Sarath Rajakaruna නිරාගමික තෝ තොගෙ වැඩක් බලන් හිටු .අපි ඒ මහනකම  ගැන  අපි බලාගන්නම්"
"Sarath Rajakaruna","https://www.facebook.com/sarath.rajakaruna.54","මොකද උඹත් හීරලුවෙක්ද???"
"Sarath Rajakaruna","https://www.facebook.com/sarath.rajakaruna.54","Herath Madagedara බලයි පක"
"Gamage Susantha","https://www.facebook.com/gamage.susantha.313","Ow api wiruqai thama,,,ape hamuduruwane 🤣🤣🤣"
"Tharanga Wijesingha","https://www.facebook.com/people/Tharanga-Wijesingha/pfbid0hEo7Tbxv9k7J9X4whfdJZWBahTjpA5Hug9YjTKFYYJQvYChVX9Hn7GxZvQJXuqpyl","Nanasara yanakota riluekak e with🤣"
"Jayasiri Imbulana","https://www.facebook.com/jayasiri.imbulana","ඉතින් ඔිිකටත් ජනමත විචාරණයක් ඉල්ලපල්ලකො"
"Chanaka Lakmal Premarathne","https://www.facebook.com/chanakabeiber","මූ මහන වෙලා නැද්ද ?"
"Sanju Nilanga","https://www.facebook.com/sanju.nilanga.651265","Ana manda kalan kalata mokak hari anawa"
"Nishantha Nandasena","https://www.facebook.com/nishantha.nandasena.1","Anee pala ganooo"
"Supun Nirmala","https://www.facebook.com/people/Supun-Nirmala/pfbid034jeTUEsfuxipYhPnfTkzSbCNABJ3Q66QxvjKw2cL42eUsr8NcPt2bbrjTXgDLLmal","Ane pala yane sakilie ballo tika"
"Tharaka Prasad","https://www.facebook.com/tharaka.prasad.272074","Ponnayek novi  idapan hu.... tho"
"Chandana Gomez","https://www.facebook.com/chandana.gomez.5","බණක් කියාගන ඉන්න කෝ ඔය බණ නෙවෙයිනේ ඒ හිමි නම හිරේට ගිහිල්ලා හිර කරුවන්ව යහමගට අරගන හරි රටට සේවයක් කරයි රටක ට විෂබීජ වපුරවා පව් පුරවා ගන්න එපා 🙏"
"Kdrkumara Kumara","https://www.facebook.com/people/Kdrkumara-Kumara/pfbid0vBHe6LW9uarMHoRyXejYJXxhaDY2BRa4GgLPh8SCBEDNUPJjRLUKRJ6dFKGpqwXXl","Ane ss.idu pau.oba waha se."
"Jenuka Upulbandara","https://www.facebook.com/people/Jenuka-Upulbandara/pfbid0xQ3eRHLSTL4YMzWcoCu4i8RjTFFYKc8khqtsQ9LMQgACjwkZZTAGajeMh4m2Vyybl","අධිකරණය දුන්නු තීන්දුවක් revers කරන්න ජනාධිපති ට තියෙන බලය අහෝසි කරන්න ඕනි"
"Nilanga Sandaruwan Subasinghe","https://www.facebook.com/nilanga.subasinghe.1","ඉතුරැ අත්සන් 4,600,000 ගන්න කොට හිරේට ගිහින් අවුරැදු 4 ඇදලා එලියටත් එන්න පුළුවං.."
"Asiri Suranga","https://www.facebook.com/asiri.suranga.1","ගෑනු අයාලේ ගිහින් වදපු එකෙක්"
"Nuwan Sagara","https://www.facebook.com/nuwan.sagara.71404","😁🙄🙄🙄😁 සාදු....... ඇයි පින්වත 😁 දානේ..... ගේනවා මම 😁🙄"
"Amith Santharuwan","https://www.facebook.com/people/Amith-Santharuwan/pfbid02uvDVEP6CCS62DqQNpDes2H9i18taqsjtj3Rf1vrmmwTjNN3Woxr8tSYWRBB6nG7ol","ගනයගෙ විනොද"
"Mohan Sooriyaarachchi","https://www.facebook.com/mohan.sooriyaarachchi","ඔකේ ඉතුරු ටිකත් දාපන්කෝ තට්ටයෝ"
"Deva Weerasooriya","https://www.facebook.com/deva.weerasooriya","Pàlà Pañgalmoka yànna"
"Nissanka Vijerathna","https://www.facebook.com/nissanka.vijerathna.7","හාමුදුරුවෝ කුනුහර්ප අහගන්නෙ නැතුව හිටපන් පවු නොදි උබනේ යකෝ සිවුර දාගන වෛරය වපුරන්නෙ ඥානසාර හාමුරැවන් ගැන අපිට ඔබවහන්නෙ කියන්න අවශ්‍ය නෑ අපි හොදටම දන්නවා ලංකාවේ ආණ්ඩුක්‍රම ව්‍යවස්ථාව අනුව ඕනෑම වරදකරැවෙක්  දඩුවමි ලැබිය යුතුයි ජනාධිපති සමාව දියයුතු අය ඉන්කවා නමුත් ඥානසාර හාමුදුරුවෝ කලේ දේශපාලනයට කඩෙි ගිහින් කල ජඩවැඩ එයාටබ දඩුවමි ලැබිය යුතුයා"
"M.B. Delwita","https://www.facebook.com/m.b.delwita","දේවදත්ත නිකායේ  කස්ටිය"
"Hiniduma Jayalath","https://www.facebook.com/palalle.jayalth","Bisnas karayo..."
"Mahinda Kumara","https://www.facebook.com/mahinda.kumara.808526","Gane kauda  ban oya laga  inna raula"
"Dilhan Chamara","https://www.facebook.com/dilhan.chamara","මූ කතා කරොත් සොවහන් වෙලාවගෙ ඉන්නෙ.."
"Sathyajeewa Vijendra","https://www.facebook.com/sathyajeewa.vijendra","🤡🤡🤡🤡🤡ජනාධිපතී නෙමෙයි   තෝ බුදුන්වහන්සේගේ ධර්මයට පයින්ගහපු ""අධාර්මිකයා"""
"Gamini Gunawardana","https://www.facebook.com/gamini.gunawardana.3114","මුංට පිස්සු වැටිලා කාලකන්නි"
"Dinesh Weerasinha","https://www.facebook.com/dinesh.weerasinha.1","ඔය ජානසාර ක***** කතා කරන විදිය ඒ කාලෙත් උඹලා කතා කරලා හදාගන්න එපැයි.  දැන් හදන්නේ"
"Niroshan Senarathne","https://www.facebook.com/people/Niroshan-Senarathne/61578040546334","Bududahama kanna Apau minissu mun"
"Indrani Gamage","https://www.facebook.com/indrani.gamage.313","Obawahansene niragamika budu. dahama vinasa karanna janapThi tuma nemei"
"Sarath Ranasinghe","https://www.facebook.com/sarath.ranasinghe.3154","විලි ලැජ්ජා නැ මුන්දලට.             ගෙදරක දානයකට ආරාධනා කලොත් පිරිකරට සල්ලි ඉල්ලනව.                තථා ගතයන් වහන්සේ ලෝක සත්වයා කෙරෙහි අනුකමිපාවෙන් දෙසු දහම  දේශනා කොරන්න පැයකට රැ 40.000 න් ඉහළ ගණන් නියම කොරල නිර්මල වු බුදු දහම විකුනගෙන කනව.               ඒ මදිවට අපරාධ කාරයින් වෙනුවෙන් හඬ නගනව."
"Ranjith Jayasinghe","https://www.facebook.com/people/Ranjith-Jayasinghe/pfbid0ZbWeeyVhtyPf1ucN15GRiyPESq1PdQCyrh6ztknN2hh8JqK1GHJmhPRr1QFfgaCSl","Pala gothaya yanna"
"Upulkumara Keerthi","https://www.facebook.com/upulkumara.keerthi.2025","එකෙක් හිරේ යනකොට තවඑකෙක් මුන් බුදුන්ගේ අනුගාමින්ද අවිහිංසාවාදය කො දහම මුන් විකෘර්යේ යකෝ මෙිකට ජනාධිපති මොකක්ද සම්බන්දය තොපි ගුනයහපත් හමුදුරුවනුත් අපට එපාකරවන තැනට හැසිරෙන්න එපා අපේ ජිවිතය මේ බුද්ධ දර්ශනයයි එක විකෘර්ති කරන්න එපා"
"Thilakarathna Rupassara","https://www.facebook.com/thilakarathna.rupassara.7","කිසිවක් නොදන්න මෝඩ මිනිසුන්ට තර්ජනය කරලා,භය කරලා ගත්ත ඒවා ලක්ශ කීයක් තියනවද?"
"Rohana Perera","https://www.facebook.com/people/Rohana-Perera/pfbid02ZZsaSiGvYDsMcByQ72rbRTZ6ZkdafeYUt2efjHF983o5Mv5F4d3xKUr3EccuMbjdl","අත්සන් ලක්ෂ 50 ක් ඕනෙ නෑ.....  දාහක් පෙන්නපල්ල.  ඔය වගේ දේවදත්ත නිකායෙ ජරා සිවුරෙකුට අත්සන් කරන්නෙ මොලේ කලදක් නැති ගොං ගෑනු විතරයි බං. මේ රජය බය උනත්, රටේ ජනතාව තොපිව ආයි කවදාවත්ම විස්වාස කරන් නෑ.....???? තොපි බොරුවට සිවුරු දාගත්ත දේශපාලකයන්ගෙ පුක ලෙවකන හොර හැත්තක්. අපෙං අත්සන් ඕනෙ නෑ..... පුළුවන් නං ගිහිං අර හිගන ""කාගමගෙ""  අත්සන අරං වරෙං."
"Hasitha Peiris","https://www.facebook.com/peiris.hasitha","හතු පිපෙනවා වගේ මේ කාකඩයෝ කොහෙන් එනවද දන්නෑ?"
"Susil Amarasinghe","https://www.facebook.com/people/Susil-Amarasinghe/pfbid02M1ssEVaAC2EMbEWEdEf4g8jLHBB1m625f5EinNorsBt1iea3GagMTAu8aFDVZYgQl","අනේ. හිරලයො.  බණක්.   දහමක්. කරගෙන. හිධිඅං"
"Jayanath Manjula Kularathna","https://www.facebook.com/sanju.kumara.9889","Me pakaya mokada, siwra galawapan uba ehama karan ne kanna nati wena nisa paraya guu kapiya"
"Harendra Kalutarage","https://www.facebook.com/harendra.kalutarage","අනේ සාධු සාධු...ඔහොමමයි වෙන්න ඕනේ.."
"Ralph Solomons","https://www.facebook.com/ralph.solomons.7161","යකෝ ආධාර්මික නම් මොකටද කතා කරන්නේ , වැඩක් බලාගෙන හිටු"
"Lalith Amaranath","https://www.facebook.com/lalith.amaranath.56","jvp kalakanni hatta  maha ekat adauddayek ne"
"Rasanga Senevirathne","https://www.facebook.com/rasanga.senevirathne","ගලේ හිරේ ගියාම ඊලඟ ගලේ වෙන්නනේ මේ ට්‍රයි එක"
"Priyankara Gunawardana","https://www.facebook.com/profile.php?id=100001578073684","Track sadu"
"Susil Gomis","https://www.facebook.com/susil.gomis","චීවරධාරියෝ උඹ මහණ වුණොත් නරකද?"
"Hasitha Madhushan","https://www.facebook.com/hasitha.madu.5811","කවුද බන් මේ එක එක කාලෙට එන එවුන් ...මිහින්තලේ පොර දැක්කෙ නෑ හුග දවසකින්...මුන් ඔක්කොම ඉස්සෙල මහන කරල ඉන්න වෙයි"
"Heshan Sehara","https://www.facebook.com/hshan.sehara","මේ ගණගෙඩියා හු#කන කරදරයක් උනානෙ 🤬"
"Shiham Hanafi","https://www.facebook.com/shiham.hanafi.3","මේක ද බුද්ධ දර්ශනය  ???🤣🤣"
"Arm Nizam","https://www.facebook.com/arm.nizam.276509","Yanasarete. Kade yanawanam. Munuth. Jathiwadee"
"Kalyanapriya Jayawardane","https://www.facebook.com/kalyanapriya.jayawardane","සමාජයට හරි වදයක් හාමුදුරුවනේ ඔබ වහන්සේලා ,,,අහන්න අප්‍රියය්   ඔබවහන්සේලා නේද් සමාජය නිවන්න ඉන්නෙ සිල්ගුනවත් ස්වාමීන් වහන්සේලා දැකීමත් හිත නිවෙන කරුනක් ඒත් ඔබවහන්සේලා  ???"
"Irzan Farook","","Pissu"
"Sanjaya Roy","https://www.facebook.com/sanjaya.roy.129","waradi Kara Kara ka wenuwenda peni sitinne Budda Budda Kiya Kiya ona deyak karanna baha me rate nithiyak thiyanawa Meka adikaranayen depu thinduwak meka karana puluwan hama kupadi wadakma karala mekai bahuthatayak janathawageth thinduwa"
"Gayan He","https://www.facebook.com/people/Gayan-He/pfbid028rP3kVdAmBSvAzZTrgUxEybGegRxe17sGVGTXT5nN3cmNHAF1VpobX9BdFccJ3vWl","කඩේ යන් නැතුව පන්සලේ ඉන්න එපෑ..... C"
"Lasantha Udaya Kumara","https://www.facebook.com/people/Lasantha-Udaya-Kumara/pfbid0kyuUUWNskLmKea4HpBV9cTafA9prqxv8JPvLhYqTX6W1icuKc2HbzL5JangJsQZzl","හොඳ වැඩේ අනුන්ගේ සීනි කරන්න යනවට. අවුලකුත් නෑ දෙන්නම එකම බෝට්ටුවේ නේ හොඳ වැඩියි"
"Piya S. Fernando","https://www.facebook.com/piya.s.fernando","අත්සන්.කොලේ..රොලරලා..පුකේ..ගහ.ගනිං"
"BM Kumarasiri","https://www.facebook.com/people/BM-Kumarasiri/pfbid0hyiSuFaLzrUWoWf4smYRwvpkJxhAp3ucQwGuveZbA9om12bPFxcCyWKwSCZS4LZMl","මෙයාට ඔනෙ ලොක්කෙක් වෙන්න අනෙ පව්,,,,,,,"
"Yoshitha Buddima Caldera Hollupathirage","https://www.facebook.com/yoshithabuddimacaldera.hollupathirage","Thopiwage ganayo nisa thamai buddasasane vinyasa venne"
"Jayaweera Sugath","https://www.facebook.com/people/Jayaweera-Sugath/pfbid0mtKtDnehNDoFZvSXhYhMYbYzDYDHRe4eLKgwt7UChfmAbFAbfPw4rkj8wmAQnXa5l","කවුද මුන්ට අස්සන් ගහන්නේ.කොමේන්ට්  බැලුවේ  නැ"
"Sarath Kumara","https://www.facebook.com/sarath.kumara.227069","😂Pala karri weshige kahakada huththa😂"
"Wilsan Ranasingha","https://www.facebook.com/wilsan.ranasingha","හරියට බනදහම කරානමිි හිරෙ යන්නේ නැනේ"
"Wasantha Kodagoda","https://www.facebook.com/wasantha.max.106","බනින්න හොද නෑ ඕවා ලාබලබන බන වැරදිකරානම් හිරේ යායුතුමයි හාමුදුරුවනේ රට ආපස්සට අදින්න එපා"
"Bac Priyadarshana","https://www.facebook.com/bac.priyadarshana.2025","කාටවත් කඩේ යන්න ඕන නෑ, කාට වුනත් නීතිය එකයි, ඒ නිසා media show ගහන්න එපා. බණ කියන්න, බන කියන්න එපා ප්ලීස්.. වැරදි කරපු උන් ලෑස්ති වෙයල්ලා යන්න බන්ධනාගාරයට. එච්චරයි..."
"Nishantha Wijesinghe","https://www.facebook.com/people/Nishantha-Wijesinghe/pfbid0R4MRaqtSq7cTwMcqZMDPyVddi1iCRiZcLzuA4646y33dqCdiTpgg9VXTnhUZESeXl","Nana Sara...puke erala muta...."
"H.S. Kumara","https://www.facebook.com/halamba.kumara","ඥානසාර part 2..."
"Kha Sandun Sankalpa","https://www.facebook.com/people/Kha-Sandun-Sankalpa/pfbid037qWrx2vUwKBbkfDSQsBZ5ugoNznSyxsMu7nSFNDkJKvVKah7J259qcef8nES7sKvl","Mu hamuduwo kenekda"
"Karuna Nanayakkara","https://www.facebook.com/mg.karunawathi.5","Chansara kiyanne silawantha hamuduruwanta banina kunuharupa kiyana ballo kiyala kiyana sadu kenek eyahamudiru kenek neme .pathalayek wage anek hamuduru warunta katha karanne .siwura daragaththta  .nuugath sakkiliyek ."
"Sampath Bandara","https://www.facebook.com/sampath.bandara.236670","Uba wahanseta nuwana padewa"
"Chandana Vikramasingha","https://www.facebook.com/people/Chandana-Vikramasingha/pfbid0vFL1FqRpFkAqF6HPsSwZ6sugmRuXEz9zMDpiUjRH22BPYzSQstKyQPzNaQBCCRWXl","ඔකට හමුදුරුවනෙ කනට ගහන්න තතිබ්බෙ කතකරන්නෙ කටද කියල මතක් වෙන්න"
"Ranga Ranasinghe","https://www.facebook.com/people/Ranga-Ranasinghe/61565309478009","මෙකාගෙ  මොලෙ කරවෙලා"
"Chandani Dammika","https://www.facebook.com/people/Chandani-Dammika/pfbid038A5g2VEAm7o6nWHHZsmYniTyES1CnC299iGF593ZnaRLGZmp3JdiwZMDPEoyQXK3l","Athsan thoge puke gahaganln"
"Athula Kumara","https://www.facebook.com/athula.kumara.707402","තොපි වගේ මදාවියෝ  මහන කරපූ එවුනුත් නරකාදියට යනවා . තොපි ඔය තරම් රට ජාතිය ආගමට ආදරේනම් යුද්දෙ කාලේ හමුදවට යන්න තිබුනනේ. තොපි කලේ පින් බත කෙළ කෙළ ජාති වාදේ අවුස්ස අවුස්ස දේසපාලුවොන්ට කඩේ ගිය එකනේ. කාලකන්නි හැත්ත"
"Lakshman Weerasiri","https://www.facebook.com/lakshman.weerasiri","Umbala mahana une ai ban? Mokakda umbalage dharshanaya ? Kawda umbalage sasthruwaraya ?"
"Rasanga Sangiwa","https://www.facebook.com/people/Rasanga-Sangiwa/pfbid02akg7cPkwQyYWSRWfETR1vYDmfHRi5osMAQdCyHTRehp5ehBNJi2SZ7rscxv38XSJl","ඔබ wahansata koi wala හරි athumama වල කාපිවි adata බලා ගන්න ok."
"Susil Herath","https://www.facebook.com/people/Susil-Herath/pfbid0uUYzJjzDdE3LEyCL163sPmH5CTUBm9wJzAtzYiKqFjno9kdWcCje4zqRyvSnuf7dl","ඒ පින නම් අනුර සහොදරයට ලැබෙනවට  අපිඅකමැතියි හිරේ ගියදෙන්"
"Manoj Windana","https://www.facebook.com/manoj.windana.9","ජනාධිපති අදාර්මිකනම් ඔබවහන්සේලා විනය ගරුකද?"
"Hemantha Meneripitiya","https://www.facebook.com/profile.php?id=100047968483988","කාලෙකින් බණක් ඇහැව්වා"
"Sunil Nandasiri","https://www.facebook.com/sunil.nandasiri.66448","Usave theranaya anuwa mu athulata damanta oona"
"Shiroma Botheju","https://www.facebook.com/shiroma.botheju","Akaleth bawdayata alawa alawa gahuwa"
"Thusitha Welikala","https://www.facebook.com/thusitha.welikala.2025","මුන් කියන විදියට අටමස්තානේ ලොක්කටත් සමාව දෙන්න කියයී."
"Sumith Priyanka","https://www.facebook.com/people/Sumith-Priyanka/pfbid0UYW42TBUvS7SQNf9v3RoFYDtESzVZvH7WZfGoCJY3qgDdU2haogxHaV8KpL2giHdl","Ay mugalan maha arahathun wahanse horu athin apawath wenakota buduhamuduruwo peni hitiye neththea???????"
"Saminda Lankabarana","https://www.facebook.com/people/Saminda-Lankabarana/pfbid0dai6cndVR4uwGgXcNE6Kjyzg8zsCBsrhm7GDyxDVUnhqz9ESAiaTneJay76rDxxnl","පිස්සො   රැලක්"
"Rasika Lakmal Bandara","https://www.facebook.com/rasikalakmal.bandara.3","ලක්ෂ 4ක් නෙවෙයි 40ක් ගත්තත් සිද්ධිය සරලයි.. අපි අවධානයෙන් ඉන්නේ.. සිරිකුමාර ඇතුලට යන්නම ඕන.."
"Achinda Nanayakkara","https://www.facebook.com/achinda.nanayakkara.1","💩ගල්ලේ..."
"Devika Padukka","https://www.facebook.com/people/Devika-Padukka/61576856850544","ඇත්ත වශයෙන්ම කියනවනම් මේ වගේ දේසත් ද්‍රෝහී හොර සිව්රු දරන්නෝ හන්දා තමයි මේ මුළු රටම එදත් විනාසම උනේ හාමුදුරුවනේ මම ඔබ වහන්සේගෙන් අහන්නෙ එදා මේ රට විනාසම උනා මේ රට හොරාම කාලා කාලා වෞයිරය වපුරවලා මේ රට මහ පොළොවටම පාත් කලා එදා ඔබ වහන්සේලා කොහේද හිටියෙ කෝමා තත්වයකද හිටියේ දැන් එනවා මෙතන රටේ දේසත් ප්‍රේමීන්ට අවලාද කරන්න අනේ නිකන් යන්න හාමුදුරුවනේ යන්න ඔතන තියෙන්නෙ මේ රටේ අස්සන් ලක්ෂ හතරක් විතරයි ඒ කියන්නෙ තවත් මේ රටේ ජනතාව කෝටි දෙකහාමාරක් පමන ජනතාව ඔය නාන සාරට ඇප දෙනවාට විරුද්ධයි කියන එකනේ ඉතින් දැන් මොනවද තවත් ඔය ගැන කතා කරන්නෙ වැඩක් නැහැනේ හාමුදුරුවනේ ඊට"
"Ajith Puspakumara","https://www.facebook.com/ajith.puspakumara.9","Pala gawaya yanna"
"Asees Marikkar","https://www.facebook.com/asees.marikkar.3","Laksevissakatsengattat.muvehireyawanneona"
"කැලුම් දර්මරර්ත්න","https://www.facebook.com/ukfr2fatdo","තෝත් හිරෙ දාන්න ඕන"
"RM Ranathunga","https://www.facebook.com/people/RM-Ranathunga/pfbid02WHxRkGnr714fFngmYsVUm7VvN7wKjkUgSWks7jQUdazJiUcXacM78cxj5PrQjZqml","නානසාරටවිවෘර්ත.වරෙන්තු.තිත්තවැල්ල.නිකන්පිචිචන්වෙනව"
"Harshana Sumithchandra","https://www.facebook.com/sumith.harshana.923","මූ මහා කරදරයක් උනා නෙ"
"Knights Zephyr","https://www.facebook.com/knights.zephyr","නියමයි හාමුදුරුවනේ"
"Rohana Sidath Halloluwa","https://www.facebook.com/mihisara.graphic","ධාර්මිෂ්ඨ  පාලකයෝ හිටිය නමට විතරක් නානසාරට ජනාධිපති සමාව දුනනේ නැත්නමි රජා ධාරමිෂ්ඨයිද..?"
"Chanaka N Dinethri","https://www.facebook.com/chanaka.dinethri","Hora haththa"
"Daminda Lakshantha","https://www.facebook.com/daminda.lakshantha.5","මේ  මොකද්ද පැලවත්තේ කතාවක් කියන්නේ .යකෝ තෝට command කලේ රටේ ස්වාධීන ප්‍රජාව.තෝ එකට පැලවත්ත පටලවගන්න එපා.තෝ ඇති වෙන්න පච වෙනවා යකෝ"
"Wm Thusitha Priyankara","https://www.facebook.com/profile.php?id=100012060977745","Apith viruda bola vage eunta"
"Dennis Felthman","https://www.facebook.com/people/Dennis-Felthman/61579027935471","සිහුරේ ගාහුරය තියන්න බුද්ධ ශාසනයේ විනාස කරන්න එපා මම කතෝලිකයේ එත් බුද්දාගමට ලදී එකයි මෙචර කියන්නේ"
"Vidu Shan","https://www.facebook.com/vidu.shan.778540","අඩෝ මූට මොකෝ උනේ....හොදට හිටියනේ පිනට කකා"
"Kawshal Bandara","https://www.facebook.com/kaushalya.bandara.96","මෙ අහපන් තිත්තෙ.ඇත්ත තිත්තයි, ඤාණේ වැරදි කරානම් ඌ දඩුවම් විදී..අත්සන් ලක්ෂයක් කන්නද..? . හිතපන්කො,, පුළුවන්නම් ඔය සිවුර ගලවලා හොඳ මිනිහෙක් වෙයන්.♥️"
"Pradeepaa Senaka","https://www.facebook.com/pradeepa.senaka","ජනතාවට අයිතිය තියෙනවා බයින එකාගෙ හැටියට තමා ප්‍රතිචාරෙ."
"Asam Mhd","https://www.facebook.com/asamm1559","නාන.  සාරත්.. pasguwaltha waga kiyanda on.  නාන.  සාරa  fom weanda issarla antha wadiyo hitiye na.   Eaya avilla thamai sinhala Muslim gathum atikarala. Waira karala anthawadiyo bihi kare.    Yanthag dag thamai api okkama Sri Lankan hatiyatha eakamuthuwean inne. Oya aye aluten avilla eawwa natikaranda eapa"
"Kasup Mendis","https://www.facebook.com/jananijani.jani","ANE...PINSIDDAwei.   OYA. Nana. Sara. Hari. Nana. Sari. Hari. Peththakin.   THIYALA. BUDHUBANA. PADHAYAK. KIYAGENA. PANSALAKATA. WELA. INNAKO.  LOKU. PINAK. ANE....  OHELA. JANATHAWATA. PAW PURONAWANE.  API. DANNAWA....KAWDA. PINWATH, YAHAPATH. SUWAMINWAHANSELA. KAWDA. KIYALA DENNAM,  BAHUTHARAYAK. KAHAKADA. KEALIMA THAMA. F.B. EKATA. WADINNE."
"Don Mihiran","https://www.facebook.com/iranga.mihiran1","Kawadda mun tika pevidi wenne danayak denda 🤮"
"Wellappili Hiru","https://www.facebook.com/wellappili.hiru","ආන්ඩුවට වගකීමක් තියනව දඩ බල්ලන් බැඳ තබන්න.ආයෙ බලු වැඩ නොකරන්නම."
"Anil Gamage","https://www.facebook.com/anil.gamage.9469","Niyama surupaya matu wamin pawati"
"Kasun Sampath","https://www.facebook.com/kasun.sampath.932027","හොරුන්ට හැමදාම හොරකම් කරන්න  දිලා සමාව දෙන්න ආයේ හොරකම් කරන්න........එහෙමද කියන්නේ?"
"C Indrajith Clement","https://www.facebook.com/cindrajith.clement","මේකේඉන්න එවුන් වැදි බන දේශනා කරන්නේ. සිංහල එකෙක් පුලුවන්නම් ගිහින් පුලුමුඩේ කඩයක් අරන් දාලා පෙන්නපල්ලා."
"Dishan Susantha","","පලයන් සිව්රු හොරා උබලා ඉන්නේ මාධ්‍ය සාකච්චා කරන්න ද"
"Sudhara Dilshan Karunathilaka","https://www.facebook.com/sudhara.dilshan.karunathilaka","දැන් අත්සන් ලක්ශ 100 ගහල නිදහස් කරගත්ත කියමුකො. පාස්කු නඩුවට වැරදිකරුවන් උන මුස්ලිම් මිනිස්සු ටික බේරගන්න මුස්ලිම් සමාජය මේකම කරොත් ඒකට මොකද කරන්නෙ.නඩු තීන්දු දෙන දෙන ඒවට අත්සන් ගගහ නිදහස් කරගන්නව නම් වැඩක් නැ නෙ ජනතාවගෙ මුදල් වියදම් කරගෙන කාලය ශ්‍රමය යට කරන එකෙන්"
"Pradeep Weerasekara","","කාලෙන් කාලෙට මොකෙක් හරි සිවුරක් දාගන එලියට බහිනවා..... මුන්ට දානේ කාල ඇතිවෙලා වගේ....... 🤭🤭🤭🤭🤭"
"Thilak Jayawardhana","https://www.facebook.com/thilak.jayawardana.12","Mu amu gobbayek.nigantakayek.apita fb yanna be wadayak una.siwratath mun sapayak 😂😂😂"
"Nishantha Nimalasiri","https://www.facebook.com/nishantha.nimalasiri.7","මොනවා මොනවා කිව්වත් ඥානසාර එළියට එන්න දෙන්නේ නෑ .  අපායටම යන්න ඕනා"
"Priyantha Dissanayake","https://www.facebook.com/priyantha.dissanayake.96","වෛරය පලිගැනීම එකට එක කිරීම කපටිකම නීතිගරුක නැතිකම තියෙන මාර්ගඵල ලාබියොත් ඉන්නවද.... ධර්මය තමන්ගේ වාසියට පාවිච්චි කරන එක හොඳද... චීවර දරන අය කැමති කැමති උපසංස්කෘති හදාගෙන පිස්සු කෙලින එක හොදද...."
"Sudarshana Moragolla","https://www.facebook.com/people/Sudarshana-Moragolla/pfbid0DYCvTPhUkBwZUGdPyuJGp88GRAG37TWvt5z2y3ZPFxEWKStei5GuC94ugRPVyPmvl","හාමුදුරුවනේ කියලා ආමන්ත්‍රණය කරන්න බෑ ⁣මේ දුෂ්ශීලයන්ට කට ඇරියොත් කුණුහරුප , අරක්කු , කථා කරන්නේ  හැසිරීම් පාතාල මැරයෝ සේ කෝටියක් සංවරශීලේ තියා පංචංශීලයවත් නැති දේවදත්ත පරපුරේ. මුන්ව සාසනයෙන් ඉක්මනින්ම නෙරපා හැරීමට කටයුතු කරන්න. බුද්ධ සාසනය නිග්‍රහයට පත් කරන මුන්ව දුටු තැන පන්නමු.🙃🙃🙃🙃🙃🙃🙃🙃🙃"
"Lal Lanka","https://www.facebook.com/lal.lanka.37","මෙයාටත් මොනවහරි බදුමුදල් වලින් සසන්තෝසම් ලැබිලද ....? අරන්ද....?"
"Saliya Karunarathna","https://www.facebook.com/saliya.karunarathna.75","Buduhamuduruwo kiwuwe kawenuwen penisitinna kiyalada 😁😢🤣"
"Nanda Parera Ranasingha","https://www.facebook.com/nandaparera.ranasingha","විසාල කරදරයක්"
"Nimal Ananda Wijekoon","https://www.facebook.com/nimal.ananda.wijekoon","Mu dakinnath appiriyai."
"Mhmd Nawfer","https://www.facebook.com/people/Mhmd-Nawfer/pfbid0338ARDzTh5375VnHFmPkqRXeR8E4ZL2HZ1qeaS4VaT6SWyfY9bZ23VyLWDZTnNTSQl","Assan gatthe siurabalen"
"Amarapala Ratnyaka","https://www.facebook.com/amarapala.ratnyaka","අත්සන්   තම්බල  අට   එකට  සිදුවා  මොකුත්  නොදා  ගානසාරයව  පමනක්  දමා  කලවම්  කර  තොගේ  ගොන් කම  පෑදෙන්න  බීපන්."
"Manoj Manoj","https://www.facebook.com/people/Manoj-Manoj/pfbid02DwaMUJfz9JSCR8P8i1ivWZTMSDwhk7q2t7L7VdrHbVBJ1eqaPwV37gFSsb7NZBL2l","Meyawath gandoo"
"Sunil Dahanayaka","https://www.facebook.com/sunil.dahanayaka.560935","මිනිමරු නාන සාරට සමාවනම් දෙන්න එපා එහෙම උනොත් අධිකරනයක් ර්ස්ටට ඕනෑ නෑහැ ජනධිපති හිටියම ඇති"
"Ruwan Kulasekara","https://www.facebook.com/ruwan.kulasekara.549263","මූ හාමුදුරුවෝ කෙනෙක්ද"
"Mohomed Murshid","https://www.facebook.com/mohomed.murshid.940","Pissu Huthek"
"Ruwan Priyaraja","https://www.facebook.com/people/Ruwan-Priyaraja/pfbid0x3WpTBSovEXqCvoDXobsoS1HSaKSS4kTtQoUuTYZnFe4jfBWgtUhSyyBJhcQR1dpl","Tho pita siura dagathama  ona blwadak karanna puwan  habae netheya  awama  kaderiganawa pala hu t.    O"
"Damayanthi Gamage","https://www.facebook.com/damayanthi.gamage.9231","Pissu katha"
"Chaminda Sarath","https://www.facebook.com/people/Chaminda-Sarath/pfbid02UNtZSAE3xELBAxKR1QHLxp8Hdvpe3swRX1nRN99baZvJRSdgvMwkAbQ5SXPSwT3ul","Uba chanasara gen kiyak gttada varDe karanam mokaunat vrde  tota kanna denaun unta kranap aphasayak moktda to araksa karanne"
"Piyal Sandaruwan","https://www.facebook.com/piyal.sandaruwan.39","අනේ පලයන් තිත්තගල්ල 🤣🤣🤣"
"Sujeewa Wijesinghe","https://www.facebook.com/people/Sujeewa-Wijesinghe/pfbid033936HcVtVhzGZ29fgWduKw1oSNjD7ESGw23jZtmmV2NVw3vNe2peQWtc5P4wxKaFl","Ara galsadu nedda"
"Nimesh Fernandopulle","https://www.facebook.com/nimesh.fernandopulle","Pala wsige putha"
"Upali Dissanayake","https://www.facebook.com/upali.dissanayake.904","Pa...ya.. wadak balaganin"
"Dilum Nandana","https://www.facebook.com/dilum.nandana.9","කුඩා දරුවන් මහණ කරන්න හොද නෑ කියන්නේ  ඒ අය ලොකු වූ විට මේවගේ  චන්ඩි මදාවියන් වගේ හැසිරෙන හින්දා විතරක් නෙවෙයි ඇරියස් කාරයෝ බවට පත්වන හින්දා"
"Gamini Kumara","https://www.facebook.com/people/Gamini-Kumara/pfbid026FLsLCprpuuXdAAMm9h5czcY52YWmUfRV8zFuhaF9iEPzYYMi8gJzUGGYzNyCiPul","DESHPALANA SHRAMANA WESHADERI TAKKADI YA BADAGOSTARE WENUWEN"
"Dyl Ffh","https://www.facebook.com/people/Dyl-Ffh/pfbid0YG5iFHPVgY6sTZtQXT5cMnSLBdVMGwNe1XSnv42mfGDXHwwXtwY57DfBqWvY1WZpl","Pala kari ponnayo yanna puke arala katata denne ballek dala Kari ponna ganaya"
"Sriyani Ramanayake","","දැන්ද ධර්මය මතක්වුණේ 🤣🤣"
"Shasha Dino","https://www.facebook.com/shasha.dino.2025","Wesa ganayo thopi rata vinasha kala thawath ubalage wedi bana apita epa niganta pakayo"
"Anura Daya Chandradiri","https://www.facebook.com/people/Anura-Daya-Chandradiri/pfbid0umhTQZUqNxRfmJJnXp9kdHUmMwFuY2U8WjVCVknRCoYQTRs1uJAMLQPKimb52XE7l","හාමුදුරුවනේ සාසනය කටයුතු කලා නම් ඉවරයි නේද චිවරය    දාගෙන දෙශපාලනය නොකර මෙික තමයි කියන්නේ හිත මහණ කරලා නැනේ කය මහණ වුනාට පලක් නෙවෙන බවයි"
"Priuantha Saman","https://www.facebook.com/priuantha.saman","Thavath wanachariyek"
"Rathnasiri Bandara","https://www.facebook.com/rathnasiri.bandara.9889","Kalakanni kahakada heththa"
"Sashika Karunasinghe","https://www.facebook.com/sashika.sanju1","මං ඔබ වහන්සේගෙං නිවන ගැන නිතර ම බණ අහන කෙනෙක්. ඒ වගේ ම ඔබ වහන්සේ ගේ ධර්මයෙන් ජීවිතය හදාගන්න උත්සහ කරන කෙනෙක්. ඒ වගේ ම ඔබ වහන්සේ දැන් කරන්නේ අදාළ නැති කඩේ යෑම් වගේ දේවල් කියලත් තේරෙන කෙනෙක්. හැබයි ඔබ වහන්සේ ගේ ධර්මය තවදුරටත් Follow කරනවා. ඔබ වහන්සේ මේ රටට වටින කෙනෙක්. ඒ වටිනාකම නැති කරගන්නවා ට මම කැමති නෑ. ඔබ වහන්සේගේ සේවය අවශ්‍ය දේශපාලනය ට නෙවෙයි."
"Kumaradasa Jayasekara","https://www.facebook.com/people/Kumaradasa-Jayasekara/pfbid0bFQ6C9nvqvssQM6QV3S4jUCizjHc1CXUjiraC23AvMF7kXw3fFDLvm6wBuibYG9bl","අනේ හමුදුරුවනේ කේල උනාට පස්සේ තාම බුදු බන් අරන් එන්නේ"
"Harandra Ranasinghe","https://www.facebook.com/harandra.ranasinghe","Seurat garuthwaya rakapan"
"Ramesh Malinda","https://www.facebook.com/ramesh.malinda.674958","Pissu"
"Ranasinha Arachchilage Lilarathna","https://www.facebook.com/ranasinha.arachchilage.lilarathna","බදු ගත්තට බුදු  දහම  දැන් විනාස නොකර යන්න කියන්න විතරයි තියෙන්නෙ."
"Champika Neelanjana","https://www.facebook.com/champika.neelanjana","Sakkili katak. Ne saduta  tiyenne.sadula Sanwara wenna one eda"
"Mahinda Kumara","https://www.facebook.com/mahinda.kumara.761857","අත්සන් වැඩක් නැ යකෝ ..ඔකට හිරෙ යන්න කියපන්"
"Anura Shantha","https://www.facebook.com/anura.shantha.965928","Ehema wenna hethuwa obawahanseth dannawa pera kala pau passen enawa sinha seiyawen idala dan balu kediriya ne daanne obawahanseta man godak garu karanawa danatath eth me wiyapareta sambanda wenawanam mata aya garu karanna ba mokada dan marila ipadune na oyahama dema man danna kaleka une enisa mata nam mekata ekaga wenna ba man hithanawa obawahanseth mekata madihath novi inna eka thamai hoda kiyala anika meka nadu thinduwak apita kohomath ba adikaranayata wirudda wenna ekai hamuduruwane"
"Aruna Dissanayake","","ඥානසාර එක පාතාලයක්හැදුවා.සමාව ගන්ඩ පුළුවන් වෙයිද චණ්ඩි පාට් දාලා. ඥානසාර ඇතුලට ගියාම..අලුත්ම සංඝ පාතාලය තිත්තගල්ල"
"Thisara Perera","https://www.facebook.com/thisara.perera.545","Siura galaqapan ponny##"
"Anil Manik","https://www.facebook.com/anil.manik.338","Okavango hoda wede"
"Gamage Gamini","https://www.facebook.com/gamage.gamini.7","Me hutta dan mara karadarayak"
"Ashan Kumara","https://www.facebook.com/ashan.kumara.7315720","Tota Bana tikak kiyala minissunge hit pahadanna berida yako apita den topi dakinakota ege lee rat wenawa"
"Udugam Indrani","https://www.facebook.com/udugam.indrani","ජනාධිපතිට බනින්නේ ඇයි"
"Damith Lakshan","https://www.facebook.com/damith.lakshan.524","ඔය උනන්දුව කැපවීම බුදුදහම ප්‍රචාරය සඳහා තිබ්බනම්.😁"
"Nilki Wijewardana","https://www.facebook.com/nilki.wijewardana","Me hamuduruwo karanne hamuduruwo kenekta pihita weema…eeka thama bauddha kama… Mokakda eke watadda??"
"Shan Waththage","https://www.facebook.com/hashan.wattage","හොර අත්සන්ද😆"
"Madushan Dissanayake","https://www.facebook.com/madudmd","ලක්ෂ 4 රෝල් කරලා 😏"
"Pradeep Kodagoda","https://www.facebook.com/pradeep.kodagoda.777","Kalkaniya"
"Vihasi Vihara","https://www.facebook.com/people/Vihasi-Vihara/pfbid02fDq91Kk8SCYbocGcpasicYNyTqVxs1Cz3gTFrC9HHhrAuW433QywVmXTHfwB4Su3l","තනියම අපාගත වෙයල්ලා..ගිහියෝ අමාරුවේ නොදා"
"Abesinghe Saa","https://www.facebook.com/people/Abesinghe-Saa/pfbid02Br8iMhmVxTm8mwS9tyfAWfJ38nFRQv9jYSMd8hkvShzB2cKyULYK4oHfPwcECXvEl","Ane pakayo to pansalata wela hitu"
"Jayasundara Senarath","https://www.facebook.com/people/Jayasundara-Senarath/pfbid02pdt52fRGHGK6bMEc34UBzxeRbRPB156mVEwruyENwsWAyXEqNBmFgPQzACTvuTVil","උඹත් රට රටවල ගිහිල්ලා ගෑනු තියාගෙන හිටපු ෆොටෝ වීඩියෝ ඔක්කොම අපි දැක්කා ඒ මොනවානත් ඥානසාරයා හිරේ යන්නම ඕනා"
"ගයාන් ජයසිංහ","https://www.facebook.com/people/%E0%B6%9C%E0%B6%BA%E0%B7%8F%E0%B6%B1%E0%B7%8A-%E0%B6%A2%E0%B6%BA%E0%B7%83%E0%B7%92%E0%B6%82%E0%B7%84/61583127150903","ඔයා දැන් නාලා ඉන්නෙ😁"
"Anil Parakrama Ranasinghe","https://www.facebook.com/anilparakrama.ranasinghe","අනේ හාමුදුරුවනේ, දානය වළඳලා පැත්තකට වෙලා ඉන්න වා ඥානසාර එළියට දාන්න ඕන්නෑ ඤාණසාර ඇතුළු යවන්ඩ"
"Lasantha Sanju","https://www.facebook.com/lasantha.sanju.3","සිංහල ජාතිය උඩබලාගෙන කෙලගහන්නේ"
"Sumanasiri Hewage","https://www.facebook.com/people/Sumanasiri-Hewage/pfbid0miw9JMk5XRZhtbNfpsNN33Y4npXd5PzskWDsV9sYnvyYQeWfFfjwtmoJ5US2ZrRbl","ඔයවගේ භික්ෂූන්ට සුදුසුම හිරගෙය"
"Janath Ranaweera","https://www.facebook.com/people/Janath-Ranaweera/pfbid037bkkiVpsxtuF6KkBcbm68pbeVWHe7wNSff8pt7mAEjhpJJDH1oeYjXcoYuExr65Gl","ඇයි නිදහස් කරන්නෙ."
"Indika Udayanjani","https://www.facebook.com/indika.udayanjani.5","අර මනුස්සය වගෙ මෙයාලගෙ ක්‍රියාවට විරුද්ද වෙන්න ඔනි සිව්‍රර ඇදගත්තෙ දහම රකින්න නම් ඒක කරන් හිටියම ඇති අපට රජ්‍ය පාලනය ගිහින් විසින් සිදු කර ගනීවි වැරැද්දක් වෙන අවස්තා වේ එය නිවැරදි කර දුන්නම ඇති පාතාල ස්වාමීන් වහන්සේලා අපට අවශ්‍ය නැත"
"Donsunil Pathirana","https://www.facebook.com/donsunil.pathirana.2025","Nanasara sasanaya kapu ekek u arrakku neehena kunuharapa kiyagena ,nadu dala hiray giya kenek buddagama oya wage ayads mahajanayata adarsa math wenne, nana Sara hiray gihilla  igenagani ,anurarage jathakaya gana  kiya kiyapuwaa mathakada"
"Sudath Sudath","https://www.facebook.com/sudath.sudath.9277","කාලකණ්නි හාමුදුරුවො බුද්ධාගම කනවා.කව්ද එතකොට ධර්මිෂ්ඨ නායකයො"
"Sudath Kumara","https://www.facebook.com/amaya.epa","මේ සක්කිලියා මේ තරම් උඩුබුරන්නෙ ඇයි ? මෙිකා කවදාවත්  වාසියක් නැත්නම්  මෙහෙම උඩුබුරන් නෑ"
"Danuka Csw","https://www.facebook.com/people/Danuka-Csw/61588858991647","මොක්කුද බං මේ පිස්සෝ"
"Sanath Prasanna","https://www.facebook.com/sanathkumarabritishcollege","Oya ekata mahana wenna thiththagalla"
"Sarala Madusanka","https://www.facebook.com/profile.php?id=100092470276159","මුන්ට දානේ වේලක් වත් දෙන්න හොද නෑ"
"Pradeep N Perera","https://www.facebook.com/people/Pradeep-N-Perera/pfbid0BJ2YiaR2HgU2ZNfnTpRi4uFDnx6tc9ocxZkcviVs9BEUbWojniy9TdCugAY9wSk1l","ඔකව නිදහස් කරන්න එපා"
"Kumarasinghe Kumara","https://www.facebook.com/kumarasinghe.kumarasinghe.1291","පිස්සුද"
"Sunanda Perera","https://www.facebook.com/thilak.sunanda","එතකොට ඥානසාර හාමුදුරුවන් සමාජය ඉදිරියේ කරපු ප්‍රකාශ හරි කියලද කියන්නේ.."
"Samantha Yapa","https://www.facebook.com/thathsaras","උසි ටොමියා උසි"
"Nishantha Balasuriya","https://www.facebook.com/nishantha.balasuriya.79","කියන දේ කරානම් හොදයි නේද 🤣"
"Samantha Priya Premalal","https://www.facebook.com/samantha.priyapremalal","Chansara...thyala..muwa...athulta..dmth..mkda"
"Nimalsiri Godage","https://www.facebook.com/people/Nimalsiri-Godage/pfbid02K3kfdwWmtAKHVd5z7g9Ug5kc2pD3Q5UbJmEVJGvtJShUKggyp5WdVFJk8DYpRZknl","Mahanek unate passe komede hesirenne.mahane වෙන්නේ චන්ද ඉල්ලන්නද.ඩනාදිපති වෙන්නද?දන්නෙ නැති නිසා ඇහැවුවේ"
"Manjula Lashman","https://www.facebook.com/manjula.lashman","නව නිර්මාණ,"
"Wasamge Ajith Priyantha","https://www.facebook.com/wasamge.agithpriyantha","Ee mokada"
"Akila Rajamanthree","https://www.facebook.com/shashirajamanthree.shashi","කහකඩය"
"Paari Maheshwari","https://www.facebook.com/people/Paari-Maheshwari/pfbid0kVBaoCt9azAj4wmEM2RKxBVXEeQybqj4T2HAXv2nnXKsypAiRitY7JGYCMazvnZKl","කන්න නැතුව   සිව්ර පොරවා ගත්තු සක්කිලියෙක් නොදකින්  💩🤮"
"Lalinda Wijayasinghe","","මෙකා....අඩනවනේ...."
"Ranjith Pushpakumara","https://www.facebook.com/ranjith.pushpakumara.319","මහන උනානං ඒ විදිහට හිටපං"
"Dabarehewage Arunaprabath","https://www.facebook.com/dabarehewage.arunaprabath","Ammata hamaniyan gothaya"
"Rms Ranathunge","https://www.facebook.com/rms.ranathunge","ගෙවල් වල කන්න නැතුව සිව්රු දාගත්ත......................"
"Adithya Abilash","https://www.facebook.com/people/Adithya-Abilash/pfbid038N6QhYcH3MW3hgjZNhjMeSq2GkeFDDWtKUZFvwEcjw9Qunbr6pBykqQ5uQkKDsWrl","සිවුරෙ ගරුත්වය රැකපන්  බන් උබ මහ වදයක්නෙ යකෝ"
"RM SK","https://www.facebook.com/rm.sk.323404","Menna me mun ratenma eleuwanam hari maara karadarayak unane budda saasane vinasa karanne mun"
"Anil Kumara","https://www.facebook.com/anil.kumara.769696","ආන්ඩුවට   ගැහීමට     ගලබොඩ.අත්තේ    පාවිච්චිකර මින්    සිටී"
"Laxman Sinhala","https://www.facebook.com/laxman.sinhala.7","Patta Jathiwadiyekwa Bera ganna BUDU Dahama vikurthi karanawa 🤭"
"Sarath Edirisinha","https://www.facebook.com/profile.php?id=100000072094139","Thoge bana??? Onna ooka thama prasne..bana dana gattha kiyala hamuduruwo kenek wenne na utto"
"Udage Arachchi Prasade Aludeniya","https://www.facebook.com/udagearachchi.prasadealudeniya","ඥානසාර කරපු සහ කියපු දෙවලුත් අධ්‍යයනය කරලම වඩින්න 😁"
"Charuka Dilshan","https://www.facebook.com/profile.php?id=100043706161244","සිවුර දාගෙන ඔය මගුල් නටන්නැතුව සිවුර ගලවල ඔනි මගුලක් නටාගත්තනම් හරි 🤣"
"අමිල රාජපක්ෂ","https://www.facebook.com/people/%E0%B6%85%E0%B6%B8%E0%B7%92%E0%B6%BD-%E0%B6%BB%E0%B7%8F%E0%B6%A2%E0%B6%B4%E0%B6%9A%E0%B7%8A%E0%B7%82/pfbid0CbPAHepchk5mg8nTgLgALu3rEynLNg9NkGKq7ZmM3tDB7xyVDkjWLkf2NChcecL7l","පුක නොදි හිටහන් කාලකණ්ණියා"
"Stc Lakmal","https://www.facebook.com/stc.lakmal","මයිනගෙ  කටු කන බල්ල්ලො මුන්"
"Kingsley Hettiarachchi","https://www.facebook.com/kingsley.hettiarachchi","Ubala horunta kade noya idapallako ethakota prasne iwaraii nhe"
"Chamara Sampath","https://www.facebook.com/chamara.sampath.845783","මතක ඇතුව  දානෙ කැන්සල් කරන්ට ඕනෙ හොදේ 😄"
"Sunil Prasanna","https://www.facebook.com/people/Sunil-Prasanna/pfbid0AYTCyiGwsJVwx4NzGs7TQokj8qmhBMULWA5Xz7RGd17w74fhmJbaZ5rxH8B6P9Xpl","මෙගොල්ලෝ තමයි  පන්සල්  ආර්ථික  මධ්‍යස්ථාන  කරගෙන නානසාරලව බුදුන්  විදිහට  දකින උන්"
"Sandy Pluto Golden Retrievers","https://www.facebook.com/sandy.pluto.golden.retrievers","Uba siwra daagena karana dewal api dannawa ban. Issella uba mahana weyan deshadrohi wesige putha"
"Thushara Jayampathi Hapuarachchi","https://www.facebook.com/thusharajayampathi.hapuarachchi","විනය  විනය පිටකය අනුව ඔබලා අධර්මිෂ්ඨ යි"
"Dematagolla Gedhara","https://www.facebook.com/dematagolla.gedhara","Pissanta dhodawanta modayanta welapenta thahanam netha"
"Leelananda Rathnayaka","https://www.facebook.com/profile.php?id=100008631452543","හමුදුරැවනේ ... හමුදුරැවෝ කියන නමටත් ලැජ්ජයී ඔයා ...."
"Dammika Ranasinghe","https://www.facebook.com/people/Dammika-Ranasinghe/pfbid0MhxbdL6iB13aVEMcXjd17qfUmZTD3yeMVnYq422oLXhmkFWY53bJcnjTwvXRnfNyl","එක එකාට කඩේ යන්න එපා"
"Nuwan Nuwan","https://www.facebook.com/nuwan.nuwan.696565","බුද්ධ සාශනේට ගරු කරාට  කොහෙවත් යන හුම්තිගේ මුම්තාලට ගරු කරන්න අපිට පිස්සු නෑ..😀😀😀"
"Nilowfar Aadam Aadam","https://www.facebook.com/boom.boom.aadam","Nansara hamdru nawai ballu sana okwa Hira tannama ona 🐕🐕🐕🐕🐕🐕🐕🐕🐕🐕🐕🐕🐕👌🐕🐕"
"Ajith Lasantha","https://www.facebook.com/ajith.lasantha.215308","මුගේ අම්මා යකින්ණියෙක්ද බං"
"Kalpani Pavi","https://www.facebook.com/people/Kalpani-Pavi/pfbid02wjpbXte4FXEV1AH1UtkFSWWGhhNq5GaJwBRA7jxD4jQxQVAQAw67Ry4jnqwwbpCal","Munva issella mahana karanna ona"
"Shan Weerasinghe","https://www.facebook.com/shan.weerasinghe.204170","ගණයෝ බලපන් මේ දාල තියන කමෙන්ට් වලින් මිනිස්සුන්ට බුද්ධ චීවරය උබලා එපා කරවලා තියෙන තරම්"
"Mahinda Rathnasiro","https://www.facebook.com/mahinda.rathnasiro","ආයෙත් කබ්බෙක්"
"Isuru Dananjaya","https://www.facebook.com/isuru.dananjaya.750331","pinata kana dangediyek"
"NG Ariyadasa","https://www.facebook.com/ng.ariyadasa.2025","Gana rale mulinma mahana weyan .ubala wage hal keeli padurak gane innawa ."
"Darashana Weerasinha","https://www.facebook.com/darashana.weerasinha","Me pakayage muna dakinnath appiriyai.muta me minissu kiyana dewal me pakayata pennewath nedda.pako apita budu dahama epa karawanna epa.gana sara ube ammata"
"Sarath Gunawardhana","https://www.facebook.com/sarath.gunawardhana.140","වැදිබන ද කිව්වේ අපි විරුයි"
"පැතුම් ජයවර්ධන පැතුම්","https://www.facebook.com/cfsszhy7c6","කවුද බං මේ ඝන ගෙඩියොන්ට මයික් අල්ලන්නේ 😁😁😁😁"
"Sumudu Keshara Kuruppu","https://www.facebook.com/sumudu.keshara","පිස්සු පීකුද්දා🤣🤣"
"Sadeepa Herath","https://www.facebook.com/sadeepa.herath.236587","Ape hamuduruwo kiyanade rate gawa sampathata tereñne 2027janadipathi janatha aparasadayata path wenawa nisakai"
"Wiyan Fernando","https://www.facebook.com/wiyan.fernando.1","යකො තක්කඩි සියලු දේනට දැන් නිතිය එකයි"
"Sanjeewa Gunsana","https://www.facebook.com/people/Sanjeewa-Gunsana/pfbid037QqJzziKHiMH4repn8DELm5GmmVvyECTg8mQKjNobASnbumizpRkQZSBY83yaECvl","Pako tho mahna une desapalane karannada dane kala banak kiyala horat baduwak gahla hitapiya"
"Mangala Vithanage","https://www.facebook.com/mangala.vithanage.71","සිවුරත් දාගත්ත හැම එකාම භික්ෂුවක් නොවේ, භික්ෂුවක් නම් සිවුරේ ගරුත්වය ආරක්ෂාවන පරිදි ක්‍රියා කළයුතුය. මුන් සියල්ලෝම අප මෙතෙක් අසා නැති නිකායක් නියෝජනය කරන දේශපාලන ගැත්තන්ය."
"Saman Wijesekara Pathirana","https://www.facebook.com/saman.wijesekara.pathirana","ගබ්සාවක් වැරදිලා උපන් කෙනෙකු කියල අනුරට කියපු මේකගෙ කොහෙද බෞද්ධ කමක් තියෙන්නෙ බුදු සසුන විනාශ කරන්න පැමිණි කෙනෙක් මෙයා සමාව දෙනවට විරුද්දයි"
"Kalum Dasanayake","https://www.facebook.com/people/Kalum-Dasanayake/61584455459288","මූ නම් ශාපයක් මේ රටට."
"Priyantha Kumarasiri","https://www.facebook.com/priyantha.kumarasiri.37","Galaboda charitayak vitarai lankawe sankurutiya galaboda newe"
"Amila Sampath","https://www.facebook.com/amila.sampath.680756","රාජපක්ෂලාගේ කුක්කො"
"Lalith Kuma","https://www.facebook.com/people/Lalith-Kuma/pfbid02UUMGaHxnNakwxXdevf6NnmJqV2DzyS1jqoncVPchtvScSAL4nYQR1k3V76H8Tkpfl","කාලකන්නි jvp මඩ බලකායා comments වල සක්කිලි මෙන් රගමින් සිටී."
"Daya Daya","https://www.facebook.com/daya.daya.891581","තොගෙ මුන බැලුවහම පේනව සීලෙ රකිනවද කියල"
"Roshan Wilwara","https://www.facebook.com/roshan.wilwara.1","නානසාර ධාර්මිකද බං"
"Janaka Priyntha Mendis","https://www.facebook.com/janaka.mendis.607708","අනේ බන් හොරගනයෝ පාඩුවේ බණක් භාවනාවක් කරගෙන පන්සලට වෙලා දෙන දානයක් කාගෙන ඉඳපිය  සිවුර දාගෙන මේ රටක් විනාශ කරන්න දන්න එපා."
"Sampath Jayamanna","https://www.facebook.com/sampath.jayamanna.176783","මේක අමු ගොනෙක්නේ.."
"Sumith Kumara","https://www.facebook.com/kumara.angle","Sampath Jayamanna කල්ලතෝනියෙක් නේද???"
"Ananda Dabarera","https://www.facebook.com/ananda.dabarera.2025","ආයෙත් asikkitha kahakadayek,ඇවිල්ලා ,,balla,,,🐕🐕🐕😀"
"Ajith Prasanna","https://www.facebook.com/ajith.prasanna.290871","Ane    boru. Kiyanna  epa"
"Chandana Banu","","කවුරුත් මඩ ගහන්න ඕනෙ නෑ,උබලා ඉන්නේ කොහොමත් මඩ ගොහුරක,,,"
"Gamini Hewawasam","https://www.facebook.com/gamini.hewawasam.2025","සාම ගැන කෙඳිගාන්නෙ වරද නොකර ඉන්න තිබුණනෙ. දිගින් දිගටම හිතාමතා නානසාරය හැසිරෙන්නෙ පාදඩයෙක් ලෙසට නෙ."
"Pradeep Madusanka","","අත්සන් ලක්ශ 4 නවලා ## ගහගන්න තමා වෙන්නේ."
"Chaminda Bandara","https://www.facebook.com/chamindabandara.samankumara","මෝඩ මී හරකො මේක බුදු දහමට ගැහිල්ලක් නෙවෙයි  ලන්කාවේ නීතියට අනුව වැරදි කරුවෙකුට දඩුවම් දීමක්   අස්සන් කෝටියක් ගත්තත්  වැරදි කරුවෙකුට  දඩුවම් දීම  නැවතිය නොහැක"
"Arwin De Silva","https://www.facebook.com/arvin.desilva.12","මේ ගනයො හතර පස්දෙනෙක් ඉන්නව සාසනය කන.ජන්තාව විසින් මුන්ව ප්‍රතික්ෂේප කල යුතුයි ."
"Shamin Shayin","https://www.facebook.com/shamin.shayin","Meka tiththa galle nemei hituththa galle"
"Roshan Chakrawarthi","https://www.facebook.com/euro.visnio","මුං පේනවානේ නටන්න නැටිලි කවදාවත් සමාව දෙන්න එපා. මුන් තාම මට්ටු වෙලා නෑ. වැරදි කරපුම්ම යවන්ඩම ඕනා ඒක සිවුරද්ද කලිසමක් ද අදාල නැහැ"
"Sudesh De Silwa","https://www.facebook.com/sudesh.de.silwa.2025","comment ටික බලන්න හමුදුරැ⁣වනි එතකොට තේරෙියි"
"Sangeeth Ranasinghe","https://www.facebook.com/sangeeth.ranasinghe","කාලකන්නි පරයා"
"Thushara Weerasinghe","https://www.facebook.com/profile.php?id=100000687657376","හාමුදුරුවෝ ධාර්මික වෙන්න එතකොට ඔය ප්‍රශ්ණ මුකුත් නෑ"
"Wasantha Kumara","https://www.facebook.com/wasantha529","හොරුන්ගෙ දංකුඩ ගිල්ලම ලැජ්ජ බය නැතුව අපරාධ කාරෙයොන්ට කඩේ යක කහ ඇදුම් පොරක්"
"Decigamuwage Viraj Niroshan Dedigamuwa","https://www.facebook.com/niroshan.dedigamuwa","Wasantha Kumara ඇයි බං උඹ කියන්නෙ මිනීමරු එවුන් සිල් අරන් ඇවිත් සීලය කතා කරනවා කියලා ද? ත්‍රස්තවාදීන්"
"Hemantha Abewickrama","https://www.facebook.com/hemantha.abewickrama","මු මොන සිවුරැ හොරෙක්ද"
"Mahinda Panagoda","https://www.facebook.com/mahinda.panagoda.10","Hemantha Abewickrama තව තක්කඩියෙක්."
"Sajeewa Kariyawasam","https://www.facebook.com/sajeewa.kariyawasam","මේක කොහේද ඕයි පැලවත්තෙන් කියන්නෙ"
"Bhagya Senanayake","https://www.facebook.com/bhagyasenanayake1992","උසාවියන්න බයයි මෙයාලා මොකද නානසාර සම්පූර්න වැරදී කියලා මෙයාලත් දන්නවා..ඒකයි නිඝන්ඨයෝ වගේ හොරපාරෙන් සමාව ගන්න හදන්නේ.මේක අධිකරන තීරනේට කරන අපහසයක්නේ..පොලිටිකල් කැම්පේන් මේවා..🤣"
"Sarath Kumara","https://www.facebook.com/sarath.kumara.448808","බුදුන්වහන්සේගේ දර්මය රකින්න නේද  හාමුදුරුවන්ට තියෙන්නේ වැරදි කාරයෝ රකින්න නෙමේ  කලින් හදාගන්න ත්‍තිබුනානේ  වැරදි"
"Niroshi Abeyweera","https://www.facebook.com/profile.php?id=100003221920100","එයාම වීඩියෝ එක දාලා ඒක වයිරල් වුණාම අඬනවා"
"Jayasoma Jagoda","https://www.facebook.com/people/Jayasoma-Jagoda/pfbid05K4p7Tyw23k1NV1NktJZEykKtuZ5nD63qdvkhaikBeykbDw88FEAgfbACXCw6WqPl","අනේ පරය දයන්න"
"Tharanga Kuruppu","https://www.facebook.com/people/Tharanga-Kuruppu/pfbid0e5YM7XX6LxTu8ZZuwd5kTRDot27mDGYUwWBWNZq6Lumj7Rk5niA8f7ABaDknAftpl","Ane.an8chchan.sasanetagiyakalak Buddagamaballatagin."
"Prasana Kumara","https://www.facebook.com/prasana.kumara.278492",",මු කනවා ලඟදිම"
"Pradeep Tharanga","https://www.facebook.com/people/Pradeep-Tharanga/pfbid0oXSxeK2PyZWBjsbaBVugrBFukhhwTuzdiSbC4Ghu61qV6w97xVB9kVNabqBLENWkl","ඔහෙම තමයි උබලාට සලකන්න ඔන.හොර ගනයෝ සාසනේ කන්න අපු.බලපන්කෝ උබලාට බනින තරමක් මිනිස්සු"
"Antony Gunasekara","https://www.facebook.com/antony.gunasekara.1","Ponnaya"
"Chathuranga Sadee","https://www.facebook.com/people/Chathuranga-Sadee/pfbid08cx18nh41Gc5C9YncdYt5vssdkfZBjVety2snUMRC8Ftdyk7KuvinqJFWkgxX3Frl","සාපයක් දැන්නම් මෙක"
"Rathnayake Sunil","https://www.facebook.com/rathnayake.sunil.2025","ethakota.ube.ara.athsan.panaslakse.wede.iwarada.thawa.awidinda.giyanam.siura.galawala.ubata.gahanawa"
"Ashok Siranjala","https://www.facebook.com/ashokshalomfamily","කළ පව් සොබා ධර්මයෙන්ම පඩිසන් දෙනවා ඥානසාර"
"Wikramage Chandralatha","https://www.facebook.com/people/Wikramage-Chandralatha/pfbid0UU8fH7MPx1FA6nwtC9tG7tvMoyS4JUwAuiUFyVu9AiuG5Egnz3eKE9ynoyVxAJ5Al","අලුත්  රගනයක්.   පිස්සු   වෙන්න  ඇති."
"Asanka Pradeep","https://www.facebook.com/asanka.pradeep.31521301","Yako sangayath waradi karanam lankawe nithiyata wardi kara kiyala oppu unoth moka unada daduwam widennma one thope kohomada chana sara neweyi ammage miheniha hari daduwam widennma one"
"Prageeth Asanka","https://www.facebook.com/prageeth.asanka.16","Palayan para balla to apita pau purawanne natiwa. Mamath otana hitiyanan thota goma gahanne mama"
"Kumara Kmr","https://www.facebook.com/kumara.kmr.2025","Muge hati balpan ko"
"Nissanka Senaka","https://www.facebook.com/nissanka.senaka.7","අර මූස්ල්ලීන් ජ්නයාට  කාරාපු   ව්නාසය"
"Uvidu Sampath","https://www.facebook.com/people/Uvidu-Sampath/pfbid0NXuJgJRmj53qy12JFA8vQ1kwAas351sadd93JDGZyor9Ft7c9GJkCzGxWRgRsrWGl","Okata thamai keyanne desa palanaya Karana aunge. Passe yannda apa keyala  banak bawanawak karagena heteyanam iwarane ....."
"Rajapakse Ran","https://www.facebook.com/rajapakse.ran","Me Gana Pahatto Our President has somany works do Develop this Country.He does not have any time to waist LIKE NANASARA KAHAKADAYA.UMBALATA ONA NAM UMBALA KAKUSSI KANA RAJAPAKSHA GAWATA GIHIN EKA KIYAPAN.SIURA WAHILA PAHARA WADA KARA KARA INNA UMBALA WAGE KAHAKADAYO GANA BALANNA PRESIDENT TA PISSU KIYALA HITUWADA.TOPI TAMA YAKO SASANAYA VINASAKARANA KADA PANUVO."
"Wilumwickrama Wa Wickrama","https://www.facebook.com/people/Wilumwickrama-Wa-Wickrama/pfbid031hAQrjDsfooS63FpSEDGHbXJM8gKF5frXYxcopAzpEWYoBmLBzw8PABCG4L1CYTnl","කවුද  මු එකනේ කියන්නෙ මේ හාමුදුරුවො  කියන උන් රිලව් වගේ මුන් මේ මොනවද මේ කරන්නෙ මුන් මොනවද කරන්න ඕනේ මුලු ලංකවෙම මෙ කාහ රිලව කොහො හො දුපතකට ගිහින් දාන්න ඕනෙ නේද"
"Udugama Gamage","https://www.facebook.com/udugama.gamage.37","ඟදාණසාරනිසා දඟලනඅයත් ඟදාණසාරගේ ප්‍රතිපත්තිඇතිඅය වියහැකියි අරමරණෙට කැපවෙච්ච කොළුවගැන තොපිට ඔච්චරකැක්කුමක්නෑනෙ.මුමො###"
"Samantha Thisera","https://www.facebook.com/people/Samantha-Thisera/pfbid0oTxGPpscGV4Tcd8SRLGfEr2WBhwhWVsKrMJd7gnc9m5frwsBr95yCdfsT1NcdsrFl","මෙයත් අරයා වගේ නනේද?"
"Priyantha Dayakumara","https://www.facebook.com/people/Priyantha-Dayakumara/pfbid0UzAZYquRFP4RpY99YpnpzKYEMjJN3oV1KCD2zKBZh3bic2eAXLqFhabeTSe8ZpK3l","සිංහල බෞද්ධ රජාව අරගල කරල පැන්නුවේ .මේ රටේ සිංහල බෞද්ධයො ඉවරකරන්න තමා හාමුදුරුවනේ"
"Nalaka Asitha Prabath","https://www.facebook.com/nalaka.asithaprabath","Theruwan sarani hamuduruwane sasanaya rakinna perata awata"
"Samil Samil Samil","https://www.facebook.com/samil.samil.samil.659954","මුටත් මොනවා මොනවා හරි කෙස් තියෙනවා ද දන්නේ නැ මෙච්චර දගලන්නේ"
"Sarath Jayasundara","https://www.facebook.com/sarath.jayasundara.5437","Ahnea huttoa kata whapiya kearia sakkili balu heatta mahindata kiyala aeragan pukea"
"Dinuja Dinuja","https://www.facebook.com/dinuja.dinuja.220214","මේ ගණයට පිස්සු"
"Saman Fernando","https://www.facebook.com/people/Saman-Fernando/pfbid02QwoLahLuY7hB2RdBNeWasR1oD9DSbhWxS9xuH9uetQ6Ua76dLb5EDAXqDaSUa5rNl","දෙව්දත් නිකායේ චීවර ධාරීන් මොවුන්ගේ  ආගම  වෙයිරය???"
"M A Kumara Kumara","https://www.facebook.com/people/M-A-Kumara-Kumara/pfbid0zi3h7xPuZXSmtLBH4T9dfMyZH5LHDeukRED3yn3EmGJq7pd7Ba1HXiS4eFBTB9cgl","Janathawata Aitiya Thiyenawa Kiyala Kiuwata.. Thopiwage Pinata Kaala.. Anduwata Baninnda Denda Behaa"
"Ana Anas","https://www.facebook.com/people/Ana-Anas/pfbid0TYwurQo9q4t9HLxe2Yj6AtQRuKA3XiESKtRi2X6rE5XmWtmhaqBvHLPhY4HLfhdxl","Janathawata kiwwe ganayo..janathawa kiyanne badhugewana minissu..ubala ganayo pinata inne .ratata barak"
"Roshan Kulasekere","https://www.facebook.com/roshan.kulasekere","Kawu the may aluth kasadaya bn. Thotaht goo walathawan na puluwan apita. Paduwe hitahan Seewurata  agarawa nokara."
"Susantha Sanjeewa","https://www.facebook.com/people/Susantha-Sanjeewa/pfbid03hFmicJdPYj3jUrJdenG7ykGcKYtvk5Q1VuS3Z1HjThNrukbPSryyYVUM2qeJHHHl","සිවුරු රඳවන"
"Pushpa Kumara","https://www.facebook.com/people/Pushpa-Kumara/pfbid0dtqbbfZBN6NYNHYYBQxjeVr6AT8AyixFXhU7zjuaCexAaLoXzUUiWc6t8bMNkcUSl","පාඩුවේ භණක් භාවනාවක් කරන් හිටියනම් හොදයි නේද සාසනය විනාශ නොකර"
"Sudantha Piyarathna","https://www.facebook.com/sudantha.piyarathna.1",",හිරෙ යන්න ඔන අනිවාර්ටෙන්ම"
"Asanga Perera","https://www.facebook.com/asanga.perera.967417","අනේ ගොතයෝ 🤣🤣🤣"
"Weththasinghe Liyanage","https://www.facebook.com/weththasinghe.liyanage.9","රස්තියාදු කාරයො  සිවුරෙන්  බංකර්  ගහල  අත්සන් ගෙනාවකියා  උසාවියේ  තීන්දුව  වලක්වන්න නොවෙයි ජනතාව  අනුර කුමාර දිසානායක රජය පත්කලේ"
"Noyel Rathnayaka","https://www.facebook.com/noyel.rathnayaka.9","Asan ghaganna anikpatte"
"Senosh Menuka","https://www.facebook.com/senosh.menuka","ඔබවහන්ස ගැන දුකයි  අනේ කාටවත් කඩේ යන්න ඵපා"
"Manel Wickramasinghe","https://www.facebook.com/manel.wickramasinghe.908","අනේ ඕවා කියපිය  බීරන්ට"
"Leka Suriyaarachchi","https://www.facebook.com/people/Leka-Suriyaarachchi/pfbid0253LexJ3KjrF7YhWjPAoSpGbY1Y7cj79zRddk2b7FDqRAqMP9ppFFcmrMBPB5x19Ul","Mada balkya enna kadenl thumaga golayo sat akak,,,"
"Rohana Rajarathna","https://www.facebook.com/rohana.rajarathna.3","තිත්ත ඇත්ත......  පැවිද්දටත් නැති ගිහිගෙටත් නැති මෙවන් අය සොහොන් පෙනෙලි (මළ මිනිය දවා ඉතිව ගිය දර ඉපල් අපට කිසිදු ප්‍රයෝජනයකට ගත නොහැකිවා බඳු)  බව බුදු මුවින්ම පිටවූ වදනකි..."
"Lakshan Jayasooriya","https://www.facebook.com/people/Lakshan-Jayasooriya/pfbid031my7heRxWtaNC8chUvPZgk2MeH8mDhUcPqL2wHgCqGhkN8jYbhg8bEhib575fC7xl","කිසිම.   සමාවක්.  දෙන්න.  එපා.  එහෙනම්.  අනෙක්.  අයටත්.  සමාව.  දෙන්න. වෙනවා.  බුදු රජාණන් වහන්සේගේ.  චිවරය.   දරා ගත්. කිසිම.  කෙනෙක්.  වැරදි. කරන්නෙ. නැහැ.  මොහු.  දැන් දැනම.  වැරදි. කරනවා.  ඒ. නිසා.  සමාව. දෙන්නම. එපා🙏🙏🙏"
"Ramyalatha Disanayaka","https://www.facebook.com/people/Ramyalatha-Disanayaka/pfbid07qjeetEMf3kM7Kek7rJS2RiXm6iBV4SEH33oHnPGYKcEvELQYA8arX9EEELQTXAXl","ක මෙන්ට් එකක් දාන්නයි බැලුවේ අපිට  කමෙන්ට් කරන්න ඉඩක් නෑනේ.  ඔක්කොම කියලා තියෙන්නේ.ඔය සිවුරු කට්ටිය මේව බලන්න ."
"Yasith Kumara","https://www.facebook.com/yasith.kumara.584015","Toge pukapalala sadaranayakarannona"
"Karu Vidanapathirana Sudarma Dahanayaka","https://www.facebook.com/sudarma.dahanayake","Pala  pala"
"Pahan Hettiarachchi","https://www.facebook.com/people/Pahan-Hettiarachchi/pfbid0aKzg13j8scAjCAqyKfrzyNajdmaC7ikU89sPKpTvEijwzMaFGjyKsf2hVbTgeCncl","Palayan vanayo"
"Sam Perera","https://www.facebook.com/sam.perera.9678","Palayanna kahakadaya puka nodee"
"Sydney Wicramasinghe","https://www.facebook.com/people/Sydney-Wicramasinghe/pfbid02sx6EmMkcDPFPK9hQSgZR6AZ9BX4jZGuZr3zptG6bvDfK3x3VJhprh6rqJnEHvAhAl","නොදැනකරන වැරදිවලට සමාවක් දැනදැනකරනවැරදිවලට දඩුවම් කියලතියෙනව"
"S Lpatirana Patirana","","සංඝගාධිකරන කටයුතු කරන අපේ ගරැ කටයුතු ස්වාමීන් වහන්සේලා මෙි වාගේ සිවුරු රදවන. කරන විකාර වැඩ නවත්වන්න බලයක් නැතිවදෝ. අධිකරණ ක්‍රියාවකට එරෙහි වන්නේ. නිතියට ඉහළින් යන්න ."
"Janith Maduhansa","https://www.facebook.com/janith.maduhansa.3","Attsan gahaga a toge pukee weesa ballo"
"Siriwardhana Sri","https://www.facebook.com/people/Siriwardhana-Sri/pfbid02ajUSQATRCh1BkySJWTTYcPjN2eGCDnHzRmB5yYz9QJi44e43kbNUM1hm442Q4BDwl","මුලින්ම ඔයයි,  එයයි  දෙන්නම මහණ වෙන්න"
"Pradeep Guruge","https://www.facebook.com/pradeep.guruge.77","Palayan wesa balow reala"
"Anu Perera","","පුදුම කරුමයක් වුනා නෙ මෙයාලා"
"Sayon RN","https://www.facebook.com/sayon.rn.2025","මූව දාන්න තියෙන්නේ ඉස්සෙල්ලාම"
"Dimuthu Tharanga","https://www.facebook.com/dimuthu.tharanga.58152","Nanasarata puluwanda wairaya kroodaya pathuranna. Chandi wagee nee kalin hasirune."
"Rasanka Sampath","https://www.facebook.com/rasa500","Police yata gihin oka kiyanna. Anura ta ballo burana ewa bala bala inna welawak naa. Ubala gana nayaka hamuduruwaru balaganna one"
"Sarath Madusanka","https://www.facebook.com/sarath.madusanka.536469","හාමුදුරු හොරු ඊයා මුන් වගේ උන් සිවුරක් දාගෙන ඉන්නවනේ"
"Damith Gamage","https://www.facebook.com/damith.gamage.490734","ඔයාට වැඩිය ලොක්කො කියල හිතන් හිටිය කට්ටිය හිටිය. 😂 දැන් කෙඳිරි ග්නෝ 😂😁මේ වගේ බුදුදහමට නිගා කරන අය නෙරපා හැරිය යුතුයි 🙏"
"Thushara Chandana","https://www.facebook.com/thushara.chandana.9803","Hsmuduruwane pissek wenna epa"
"Malinda Sampath","https://www.facebook.com/malinda.sampath.9400","මේකා ගොනා නේවේද පුතා"
"Kaviñdu Ñimsara","https://www.facebook.com/kavindu.nimsara.5686","ජාති වාදේ ඇවිස්සුව නම් ධාර්මිකයි කියලද මේ කිය්න්නේ"
"Rkm-uk Chandana","https://www.facebook.com/profile.php?id=686668737","මුලින්ම මහණ වෙලා වරෙන්"
"Nimal Pahalagedara","https://www.facebook.com/people/Nimal-Pahalagedara/61580353575884","වැඩක්නෑ හාමුදුරුවනේ ඔිවා නවත්වන්න ...නිදහසක් ලැබුනත් ඔබ වහන්සේගේ ඔය වැඩෙි හින්දනමි නෙවෙයි හො⁣ඳේ..  ඔබ වහන්සේ ඥානසාර හාමුදුරුවන්වත් නැතිකරගෙන නැතිවෙන්නයි යන්නේ....දැනටත් භාගයක් නැතිවෙලා තියෙන්නේ...🤣🤣"
"Nk Deshan","https://www.facebook.com/nk.deshan.2025","පලයන් කළු තට්ටයා 😅😅"
"Hishan Anuruddha","https://www.facebook.com/hishan.anuruddha.1","💩💩 කතා කරයි 😅"
"Samadi Samadi","https://www.facebook.com/people/Samadi-Samadi/pfbid0znCPff5LqeWCK918CJh97DMCj15zpDt2Kf19iBwPsYUwaDs4MENxmKiYVMbfNKnbl","Hari baila wedak ne eliyata aran pennako oya senawa asshan karala iwarai prassne"
"Prageeth Madusanka","https://www.facebook.com/prageeth.madusanka.165472","Apooo e para thawa Gothayek eli bahala… 🤣🤣🤣 Thithya"
"Ajith Bandara","https://www.facebook.com/ajith.bandara.10","Sasane kana thakkadiyek thama me gas balla .mun siiru dagena හොරුන්ට kade yanawa"
"Pubudu Indrasiri","https://www.facebook.com/pubudu.indrasiri","Comments kiyawapan kahakadaya .galawapan oya siura."
"Muhammed Ishak","https://www.facebook.com/muhammed.ishak.779","Ganayo assana gahaganin thoge passe"
"Emu Ediri","https://www.facebook.com/emu.ediri","රටේ ජනගහනය අනුව ලක්ෂ. හතර කියන්නෙ සියයට එකයි දශම ගානක් වෙන්නෙ ."
"Sarath Koralage","https://www.facebook.com/sarath.koralage.73","නානසාර   නානසාර  නානසාර"
"Anu Rada","https://www.facebook.com/anu.rada.274256","Eka gewwa obe pukee"
"Ajith Jayathissa","https://www.facebook.com/ajith.jayathissa.501","Ubana hutto ratawata geya"
"Isuru Rathnayake","https://www.facebook.com/people/Isuru-Rathnayake/pfbid02uU7bJi4xUmfz7F6WitRfPDWnyD4hntet2x4n3qX2N28wdsLPjdA7WmRJtGgbUtfal","Kalakanni j V P aka innkam budda agama iwarai"
"Saman Priyantha Samarasinghe","https://www.facebook.com/saman.samarasinghe.980","ඕක  ගොං    බඩු    කාරයෙක්   හිරේ  දාන්නම    ඕනෙ"
"Malith Perera","https://www.facebook.com/malith.perera.127","Atsan tika hodata roll karanna. Karala mokada karanne, Kauruhari kiyanna balanna...."
"Upul Piyadasa","https://www.facebook.com/people/Upul-Piyadasa/pfbid02J6pa5zt8unb5iRVQukgEDcQHUboEDZWW87sFfFUmQMtLF2AaBULTh9bwZCWbZSaLl","සරත් ෆොන්සේකා හිරේ දාද්දි සාදු දිව්‍යලෝකේ වැඩලද හිටියේ සාදු"
"Kumara Kumara","https://www.facebook.com/people/Kumara-Kumara/pfbid02BQaYDWoLZSruZHA6ae8D8ykVMkYoJVduYpRKHHNfBGGRZBaDNmvEsHMHPhAEGD8Zl","Dewdathla othana inna set ekama"
"Vijitha Hewasinghe","https://www.facebook.com/vijitha.hewasinghe.9","ගම් නියංගම්වලට යන්න කලින් Comment 885 මේ රටේ මහජනතාව දාලා තියෙනවා හාමුදුරුවනේ...... ඔබතුමාම බලන්න එක මිනිහෙක් ඔය කමෙන්ට්ස් 885 න් ඥානසාර හාමුදුරුවෝ බේරගන්න කියලා  දාලා තියෙනවද කියල...... කියවලා බලන්නකෝ මුලින්ම.....ඔබතුමා බලද්දි ඔයිට වැඩි වෙයි මං බලද්දි ඔය ගාන තිබුනේ මම පහල ෆොටෝ එකක් දාලා තියෙනවා. හොඳට බලන්න ඕකයි රටේ ඇත්ත ස්වභාවය පැලවත්තේ මඩ බලකායක් මේකට ගාවගන්න එපා ඔය රටේ බත් කන බුද්ධිමත් මහජනතාව"
"Bandula Iumata","https://www.facebook.com/bandula.iumata","තිත්ත වල්ලෙ පින්පියා"
"පුන්චි ගොවියා ගොවිතැන","https://www.facebook.com/people/%E0%B6%B4%E0%B7%94%E0%B6%B1%E0%B7%8A%E0%B6%A0%E0%B7%92-%E0%B6%9C%E0%B7%9C%E0%B7%80%E0%B7%92%E0%B6%BA%E0%B7%8F-%E0%B6%9C%E0%B7%9C%E0%B7%80%E0%B7%92%E0%B6%AD%E0%B7%90%E0%B6%B1/61592364309230","රෙවී සිටිය හැක එක්තැන් වී ...... නැගී ගියොත් පුක යයි සුන්වී........"
"Ranjith Pathirana","https://www.facebook.com/profile.php?id=100001551548122","මූට පිස්සු හැදිලා"
"Dushantha Premalal","https://www.facebook.com/dushantha.premalal.7","හාමුදුරුවො වැරදි කොරොත් සමාව ⁣ඉල්ලන්න.  සිවුර නිසා."
"Sumith Ashoka","https://www.facebook.com/people/Sumith-Ashoka/pfbid02SEwFx8brFkLw1wXjwV8tug567Be8GkrFfc81EnThcTeUnJe6WtLCuNFhVBcRiCzvl","සිවුර.නැතිව.වඩ්වෙයන්"
"Kasun Sameera","https://www.facebook.com/ks.kg.37","තිත්තේ අත්සන් කොලේ රොල් කරලා ගහගනින් බොගේ පු$% රටක නිතිය චිවර රදවනට කොහොමත් අදාලයි.එකා එකාගේ අසුචි බුදින නිඝංටයෝ."
"Jayaruwan Amrasena","https://www.facebook.com/people/Jayaruwan-Amrasena/pfbid02TrRM4rJ2n9c9SL8MTFEV14hpJL8Zd1tGX3nYue9zULaaf28SL7JNxoQ63kgEEyf1l","අත්සන්වලට රටේ නීතිය වෙනස් කරන්න පුළුවන්ද එහෙම උනොත් හිරේ යන හැම දේශපාලනඥයාමත් නිදහස් කරන්න වෙනවා මොකද ඒගොල්ලන්ට ලක්ෂ දහයට වැඩිය අත්සන් ගන්න පුළුවන්"
"Wickramasinghe HP","https://www.facebook.com/wickramasinghe.hp","Janade pati thuma darmikada darmikada kiyana eka rati janathawa tiranaya karawe oya Budda chiware dagina enni pin bat kilinnada rata nomaga yawannada"
"Ariyapala Binaragama","https://www.facebook.com/ariyapala.binaragama","Kari kahakadayal"
"Danushka Priyankara","https://www.facebook.com/danushka.priyankara.520","Maka mokadda"
"AH Roshan","https://www.facebook.com/roshan.wijesiri.12","ඇයි බං මේ....."
"Danushka K Ilangasinghe","https://www.facebook.com/danushkakumare.kumare","මුකය වසා සිටියානම් දුගද හමා නොයති රට පුරා සහා ලොව පුරා"
"Wasantha Sirikumara","https://www.facebook.com/people/Wasantha-Sirikumara/100008374001852","සිවුර දා ගත්ත මිනිස්සු  ටිකක්නිසා ආගම පිරිහෙනවා."
"Meth Mawatha","https://www.facebook.com/people/Meth-Mawatha/pfbid023BDoyerSeudqFSotezgcZcpeQRJkB4nK1tV96h5FexraVbDmtoh4iLPqzx1DqSmhl","Wasantha Sirikumara තොපි වගේ පිංපියෝ හිංදා බං"
"Meth Mawatha","https://www.facebook.com/people/Meth-Mawatha/pfbid023BDoyerSeudqFSotezgcZcpeQRJkB4nK1tV96h5FexraVbDmtoh4iLPqzx1DqSmhl","Wasantha Sirikumara ශ්‍රද්ධාව නැති දේශපාලන ට ආගම කරපු පිරිසක් නිසා පිරිහෙනවා"
"Vidusha Ranasinghe","https://www.facebook.com/sachinthanavidusha","වැඩිය දගලන්නේ ඉලගට ඇතුලට යන එකා 😂😂"
"Nuwan Jinarathna","https://www.facebook.com/nuwan.jinarathna.90","අනේ හාමුදුරුවනේ දානේ ටිකක් වලදගෙන පාඩුවේ ඉන්නවද"
"Athula Weerawardhana","https://www.facebook.com/eakanayaka.suba.1","මේකා උපරිම පිස්සු කෙලිනව"
"Anushka Geethika","https://www.facebook.com/anushka.geethika","Patta thatta horu mu patta hora"
"Sammitha Meegaskumbura","https://www.facebook.com/profile.php?id=100002063293785","කොසොල් රජුගේ හීන 16න් එකක් මේ...🤣🤣  හාමුදුරුවෝ රග පාන්නේ...🤣🤣"
"Mahinsha Karunarathna","https://www.facebook.com/mahinda.karunarathna.3","උසාවියෙන් වැරදිකාරයෙක් උන එකාට දීපු සමාව දීලා තියෙන්නෙත් වැරදි විදිහටලූ.. දීපු උනුයි වැරදි කරපු උනුයි ඔක්කොම ඉද්දි ඌට ආයේ හරියට සමාව නොදෙන හන්දා අනුර කුමාර අදාර්මිකයිලු. මොන නිගන්ටයෝද මන්දා🤮  දාර්මික රාජයක් හදන්න කොහෙද බොල වැරදිකාරයොන්ට සමාව දෙන්නේ.. අනික ඥානසාර මේ දැනුත් අදිකරනය මගහරිනවා. මිනිහට පුලුවන් හරිනම් වැරැද්ද බාරගෙන හිරගෙට ගිහිල්ලා අන්න වැදගත් විදිහට ආයේ ජනාදිපති සමාව ඉල්ලන්න. මුන් තර්ජනය කරලා ඒකත් ඉල්ලන්නේ. ඒ හුකාරිස් හරියන් නෑ. සමාව දුන්නොත් අනුරගෙ ආන්ඩුවත් කෙලවගන්න කාලේ"
"Lakshan Perera","","නෑමොලයගේ ඇම්බැට්ටයා නේද මේ."
"Nalin Dushmantha","https://www.facebook.com/nalin.dushmanth.9","තොපිට ඔය සිව්ර නැත්තම් කන්නවත් නෑ යකෝ"
"Chamal Liyanage","","Muta ona ne uwa eliyata ganne.  Mu wena game ekak play karanne..."
"Pradeep Prasanna","https://www.facebook.com/pradeep.prasanna.977752","මේ යන්නේ ඤාණසාර බේරගන්න නෙමෙයි. නාමල් ගොඩ දාන්න"
"Shirantha Prasad","https://www.facebook.com/shiranthA.prasad.73700","බිස්නස් සාදුලාගේ කල්ලිය කෙඳිරි ගානවා 🤮"
"Sasanka Ekanayake","https://www.facebook.com/sasanka.ekanayake.2025","[Image Attachment]"
"Anura Pathirana","https://www.facebook.com/anura.pathirana.2025","Sasanka Ekanayake මේ ඉන්නේ කාලකන්නි ජෙප්පෝ?"
"Chamith Shashika","https://www.facebook.com/people/Chamith-Shashika/100083195632190","සිවුරු දාන් කෑගහපියව් හරි දේවල් වලට කට තියෙන පලියට හැම එකටම දොඩවන්නෙ නැතුව මෙහෙම ගියොත් ඉදිරියෙදි හොද හාමුදුරු නමකටවත් සමාජෙන් හරි පිලිගැනීමක් ලැබෙන්නැ උබලවගේ උන් නිසා."
"Niluka Atigala","https://www.facebook.com/niluka.atigala","මොන බනද මේ  හමුදුරුවන් දේශනා කරන්නෙ නේද.."
"Wijerathna Weerabaddana Sampath Sri","https://www.facebook.com/wijerathna.sri","රටේ නීතිය එක්ක සෙල්ලම් දාන්න ගිහිං හොර ගණයො ලඟදිම කනව හොඳ කෑමක්..."
"Gayan Hewage","https://www.facebook.com/gayan.kumarasingha.7","තූ හාමුදුරුවෝ කියන්නත් ලැජ්ජයි"
"Chaminda Ranathungc","https://www.facebook.com/chaminda.ranathungc","Hidakin kalakanniya"
"සිරිලක දරුවෝ","https://www.facebook.com/people/%E0%B7%83%E0%B7%92%E0%B6%BB%E0%B7%92%E0%B6%BD%E0%B6%9A-%E0%B6%AF%E0%B6%BB%E0%B7%94%E0%B7%80%E0%B7%9D/100090486576705","ඔබ වහන්සේ අපේ බුද්ධ ශාසනයේ කෙනෙක් කියලා අපි පිළිගන්නේ නෑ.අපි අපේ ශාසනය ආරක්ෂා කර ගන්නම්.වැදලා කියන්නම් පාඩුවේ පැත්තකට වෙලා පාඩුවේ excercise එකක් කරගෙන ඉන්න."
"Suresh Lakmal","https://www.facebook.com/sureshlakmal.shsh","ආ... මෙයා හොරෙක් මෙයාව ගෙනියන්න..."
"Dilantha Shamil","https://www.facebook.com/dilantha.shamil","Sema walata hadunu gothaya 😏😁"
"Indika Kumara Indika","https://www.facebook.com/llindika.indika","රට්ටු හිනස් වන්න එපා බොලව්"
"Saman Kumara","https://www.facebook.com/saman.kumara.703870","Koheda obala set eka bank kiyala thiyenne tho hariyata kalukumaraya wage🤣🤣🤣💩💩"
"Karunarathne Karu","https://www.facebook.com/karunarathne.karu.35","හාමුදුරුවෝ ඔයා දැන් සාටක පිස්සෙක් වෙලා"
"Shantha Sandakalum","https://www.facebook.com/people/Shantha-Sandakalum/pfbid0QVorwgci1qKGwyTVtfddE9nSLdatRoWeN73WdTmo1r8mqWKPhE7CdVXSsYeyPsNYl","Tho kohanda awa pako"
"Maduranga Wijeesinha","https://www.facebook.com/people/Maduranga-Wijeesinha/pfbid024fPTaKhXJGegEJKYnWrzhYu38rYSf1XBWxfHWTTiZZnBwsRA2aaXC73BWeLDPiUZl","මේ තක්කඩි සාසනේන්  ඒලවන්න ඕනි"
"Jayalath Susil","https://www.facebook.com/jayalath.susil.2025","මැරයො.කල්ලිය"
"Nanayanakkara Madusanka","https://www.facebook.com/nanayanakkara.madusanka","ඣානසාර හාමුදුරැවන්ව වාහා නිදහස්කරනු"
"Indika Samanpiya Samanpiya","https://www.facebook.com/people/Indika-Samanpiya-Samanpiya/pfbid02dubsorwSS2Gn76dh4LRa5tYS8VHL8rNESMxqoESrWZmbkix5fN4pKo7ydZmD5MUtl","කවුද මේ අලුත් බුවා"
"Anton Priyantha","https://www.facebook.com/people/Anton-Priyantha/pfbid02Y7nEFRVMrbUiQpJkQwguVASC6GMPPoktvwvUitEkzznzYRT2vCQiD5daAY8P9Jr8l","අධිකරණය, ආන්ඩුවට හා ආගම පටලවන්න එපා. අධිකරණයට අත පොවන්න අනෙක් දෙකටම බෑ. ඒ ඉස්සර. දැන් ඒවා වෙනස්වෙලා."
"Tiran Perera","https://www.facebook.com/tiran.perera.2025","ශාසනික කටයුත්තක් කරගෙන ඉදපන් හුට්ටො"
"Bahuman Panideniya","https://www.facebook.com/people/Bahuman-Panideniya/pfbid02nGpfcKE7BE9FL4WgYKfa6Zj1FnyZhhBdssBFKVjKY9PTdmvSML2k7taPmPwL3pxgl","දේශපාලනය කරන්න ගිහින් කන මඩ හෝදන්න අමාරුයි. කියන්න ඕනේ හින්දයි කිව්වේ."
"Nishantha Alwis Weerasinghe","https://www.facebook.com/nishantha.alwis.weerasinghe","දැන් ජනාධිපති ධාර්මික තමයි, දැන් සුදු වෑන් , ආන්ඩුවේ මැර හමුදා, මැර පොලිසී නෑ.පළමුව සිත මහන කරන්න.JR ගේ කෙරුවාව රටේ පුරවැසියන් දනී."
"Janaka Balasuriya","https://www.facebook.com/janaka.balasuriya.794","ම මනුෂ්‍යයෝ දෙන දේ ගාලා.  බණක් කියාගෙන ඔය ඉන්න. වා.  නැත්නම් මිනිස්සුන්ට.  හාමුදුරුවන්ගේ බුදු දහමත්එපා වෙනවා."
"Ke Perera","https://www.facebook.com/people/Ke-Perera/pfbid02MoJuv3BWERNt2bCcS2Pi5W2BXnvEzabSfn4ZqJqzRDiauE8EUhdLfUJtZt8CfUZnl","නානසාර අලුතෙන් ඉපදිලා වගේ. පරන කිසිදෙයක් මතක නැත්තේ. වැඩේ කියන්නේ මේ අනිත් සිවුරු හැඟර් වලටත් ඒවා මතක නැති එකනේ. පව්. බබාලා"
"Wangeesa Wangeesa","https://www.facebook.com/wangeesa.wangeesa.2025","Pissu desanawan kaloth wipaka enawa katath"
"Axoon Runner","https://www.facebook.com/mardy.wick","Roll karala puke gaha ganin"
"Galle Dhammadeva Thero","https://www.facebook.com/galle.dhammadeva.thero","රාජ්‍යක දියුණුව සකස්කරන සාධකයක් වනුයේ මිනිසුන්ගේ ආවේගශීලී හැඟීම් වෙනුවට බුද්ධිමත් සහකම්පනයෙන් යුත් පිරිසක් වීමය. මන්ද යත් ආවේගය සත්‍යට දුරය.  ආවේගය සමීප වන්නේ වෛරයට හා යුද්ධයටයි.   ආවේගශීලී වූවන් රැවටීම හා පාලනය කල හැකිය. එය ඕනෑම පාලන තන්ත්‍රයක උපක්‍රමයකි.   මෙතෙක් රටේ පැවති සියලු ආණ්ඩු පුරවැසියා පාලනය කලේ මෙවැනි ක්‍රමවේද සූක්ෂම යොදාගෙන බව පැහැදිලිව පෙනෙන අතීතයක් ඇත.  එම අතීතයෙන් සමාජය මිදේවා. පලිගැනීමේ ආශාවෙන් වියරුවෙන් මිදේවා. මෛත්‍රීය කරුණාව දයාව අනුකම්පාව සහකම්පනයම පැතිරේවා. සමාජය ආලෝකයෙන් ආලෝකයටම ගමන් කරත්වා.!"
"Gayan Wajira","https://www.facebook.com/gayan.wajira","මොකද එක පාරට හාමුදුරුවෝ පට්ටම කලූ පාට වෙලා, මට විතරක් පේන හැටිද, ලේ ටික ඔක්කෝම පිච්චිලාද. අසනීපයක්ද"
"Sureka Abeysinghe","https://www.facebook.com/abey.sureka","අත්සන් ලස්ස හතර රෝල් කරල..."
"Nihal Jayaweera","https://www.facebook.com/nihal.jayaweera.313","Oya siura galavala thiyala varen parata Thopita duvanakan gahanne okata kohomath samavak denna janadepathi chanayata"
"Anura Rathnayaka","https://www.facebook.com/anura.rathnayaka.14","Pala harako..thopi cheewara porawagena karana kupadi wada api dannawa..thopi sasanayen plawa harinna one"
"Indika Kumara","https://www.facebook.com/indika.kumara.15101","මේ කහකඩයා ඥානසාරගේ හොර මිනිහද බං.   මේ වගේ.  කහකට හාමුදුරුවෝ ඉක්මනින්ම බුද්ධ ශාසනයෙන් අයින් කරලා දාන්න ඕනේ"
"Thilina M Kodikara","https://www.facebook.com/thilinam.kodikara.35","ලස්සන බන ටික.. හාමුදුරුවනේ.. දැන්වත් මහන වෙලා නිවන් යන්න මාර්ගය කෙටි කරගන්න.නානසාරට පාඩුවෙ ඉන්න දෙන්න.සාදු සාදු සා....දු.. 🙏"
"Asela Gunasekara","https://www.facebook.com/asela.gunasekara.79","මේකා ගාව තමයි පුතා කළු සල්ලි සුදු වෙන්නේ, ඉතින් අඩනවා තමා පූතා😂😂🤣"
"Hps Suree","https://www.facebook.com/people/Hps-Suree/pfbid0JggEE3kS91xtuRX6YWj4TUYCUVPVYAjsgcDYgP6oPaEtrDDFL8YWDPGcfQcHWjMRl","මූවත් හිරේ දාමුද. ශාසනේට වැඩක් නැති උන්."
"Kumara Jagath","https://www.facebook.com/people/Kumara-Jagath/pfbid0VjQu96nAtHXDZTNmcrjVvvfgkLtueaPvHrHa1xKM5swZEscuhPPGeUKCkeisV1PSl","Thowage.kahakadayeta.asan.gahaladunama.ugewarada.niwaradiwenawada.pin.patho."
"Priyantha Gamini","https://www.facebook.com/people/Priyantha-Gamini/100084915316246","තනි නැතුව ඉන්නවා ඕයි සිවුරට ඇත්ත ගෞරවයක්"
"Prabath Harshana","https://www.facebook.com/people/Prabath-Harshana/pfbid0hqdiaFj2JJrd1ZXwh5inwUzpejuKAxxBbJniEK4QWUL1yHHBhiJ9j5Y1x2nqMp4Dl","Ane palayan ban  ඇත්තටම  බන්  දැන් හාමුදුවරු නෑ  බිස්නස් මකටන් බිසෝවාරු ඉන්නේ පැළදගෙන බුදුන්ගේ කලේ  මෙහෙම මහණයෝ හිටියේ නෑ  බුදුනේ ඔබවහන්සේගේ කලේ  දැන් ඉන්න කුපාඩි හැත්ත සාසනේ කනවා මේන් මුන් වගේ  එව්න්  කලකනි හැත්ත පකයල"
"Gamunu Ambepitiya","https://www.facebook.com/people/Gamunu-Ambepitiya/pfbid0DUpWie2GHWb7U1FyTQodVWQKfq6VxcmVePtnJDNAfYonjqUGG3tJzkmdrkzSKywol","යකෝ තිත්තයා ඤාණසාර, හාමුදුරුවෝ නමක් නොවෙයි"
"Km Bandara","https://www.facebook.com/people/Km-Bandara/61589758486671","රාජපක්ෂ නිකායට දැන් රෙවිල ඉන්නෙ"
"Niroshan Karunarathna","https://www.facebook.com/people/Niroshan-Karunarathna/pfbid0Dw2k2WoGw9DiAYsjUQ2BRQTcAQNE8Yx22fyBXGqebD18kLDbJsQF1BQqzgG6E449l","Kala kanni hatta"
"Gamini Gunasekara","https://www.facebook.com/people/Gamini-Gunasekara/pfbid0CNw3DK9D2c1wSFaZLWqxzdrSjkBgSQ6z7cc4ZXQkaLqirpy2yHY76p4sabTMFUPsl","ජාතියේ මුර  දේවතාවන්"
"Suranga Wikramasooriya","https://www.facebook.com/suranga.wikramasooriya.3","දෙන්න යන්නේ නෑ tuwa idahan"
"Sunil Jayasiri","https://www.facebook.com/sunil.jayasiri.77","මුන්ගේ මඩ බලකායේ ඉන්නේ අපේ ස්වාමින්වහන්ස බ්‍රබැකරන් ඇතුළු කොටින්ගේ ජාන්වලින් උන්ගේ අම්මලා උන් හදලා තියෙන්නේ එකයි මෙතරම්. බුදුදාහාමට සැගරුවනට වයිර karanne"
"Narenu Motor","https://www.facebook.com/people/Narenu-Motor/61582478322501","Topi tamai  alarming."
"Nishshanka Sudu","https://www.facebook.com/nishshanka.sudu9","චීවරයෝ කොහොම කිවුවත් 90% දුශිතයෝ. ඔප්පු කරන්න ඕනිනම් සෑම අදිකරණ බුමියකම වගේ. චීවරයන්ට නඩු. ඊට වඩා සාක්ෂි ඕනෙද. මිනිස්සු දෙන දන් වේලටත් ගරු නොකරන චීවරයෝ ගණනය කල නොහැකි"
"Janaka Dilruwan","https://www.facebook.com/janaka.dilruwan.14","Jvp  තමයි  රටම  වගේ"
"Eshan Hrsan","https://www.facebook.com/people/Eshan-Hrsan/pfbid02Ksv3TKMPJ5rEPAemrHXxWp6NHPDSHZhAUBU4KKVjCR5XpfT5WYAfUzMe1JnG377ql","Uba pansale htapan"
"Kings Kumarasinghe","https://www.facebook.com/kingskumarasinghe.kumarasinghe","අනේ මෙ,,මු,,චිවර දාගත්ත,,අමුම හාල්පාරැවෙක්,,,"
"Manjula Pushphakumara","https://www.facebook.com/manjula.pushphakumara.56","විශාල කරදරයක් වුනානෙ මේක,,,👍"
"Manula Akalanka","https://www.facebook.com/manula.akalanka.1","අපි විරැද්දයී😄🤣"
"Samantha G Balage","","Mamath meka kiyapuwa tikak beluwa eth den thamai harakek kiyala dana gaththe umbe gawa nisa"
"Ajith Lokuge","https://www.facebook.com/ajith.lokuge.75","කපුටු කාක් කාක් කාක් කපුටු කාක් කාක් කාක්,,,, මේ තමයි බැසිල්ට විරුද්ධව අරගෙන ගිය,,,වචන සෙට් එක,,,,හැබැයි ඒක කපුටාට කරපු ..නිග්‍රහයක්..මොකද කපුටෙකුට කරදර වුනොත් මිනිස්සුන්ට වඩා කපුටු කලබල වෙලා තමයි ඒ කරදර් වෙච්ච කෙනා වටේ රැස් වෙන්නේ,,,ඒ වගේ ගලබොඩත්තේ හාමුදුරුවන්ට කරදර වුනහම මහා සංඝරත්නය තමයි වට කරගත්තේ,,,,,,,,,,,,මතකද මුස්ලිම් මන්ත්‍රී කෙනෙක් අයින් වුනහම පාර්ලිමේන්තුවේ  ඔක්කොම මුස්ලිම් අය අයින් වුනා,,,ඒ තමයි සමගිය,,,බෞද්ධ දර්ශනය තිබෙන භික්කු භික්ඛුණි උපාසක උපාසිකා වන්,,,,,,,සියලු පිරිස් ...මෙම  වෙලාවෙ එක්කාසු විය යුතුයි,,,,, ,,දේශප්‍රේමී ජනතා,,,උණුහරුප නිවන් සුව කණ්ඩායමට ලොකු ක්‍රියාකාරී හැකියාවක්,,,,,තියෙනවා,,එහෙත් කෘත්‍රිම විදිහට ජන මතය හිරකරගෙන ඉන්න හැමදාම බෑ,,,,එයාලට විරුද්ධව දාන එක කමෙන්ට් එකකට විරුද්ධව ක්ෂණික ඇක්ෂන් ගන්නවා,,,,,,,ඒ කියන කුණුහරප කතා නිසා අර මනුස්සයාට ඔලුව උස්සන්නම බෑ,,,,,,,,,ප්‍රජාතන්ත්‍රවාදය රෙද්ද පල්ලෙන් බේරෙනවා,,,,,,,,,,,,බලන්න කමෙන්ට් වල තිබෙන කුණුහරුප,,,මේවා එකම කණ්ඩායමක ඉත්තෝ,,,,,,,,,,වැරදි නැති මිනිහෙක් ඉන්නවද,,,,,,,,,,,සමහරවිට ඔය බයික් එකේ ආපු මනුස්සයත්...කුණුහරප නිවන් සුව කණ්ඩායමේ ඉත්තෙක් වෙන්නත් පුළුවන්,,,,,,,,,,,,මතක නෙ පාර්ලිමේන්තුව ගාව අරගලයේදී හෙල්මට් දාගෙන කැබ් එකට නැග්ගා,,,,,,,,,,තමන්ට ,, විපක්ෂ අයට එලෝ එලෝ ගහනවා,,,ඒ ආගමික නායකො වෙන්නත් පුලුවන්,,,,,,,,,,නහිවේරේන වේරානි වෛරයෙන් වෛරය නොසන්සිඳේ,,,,,,,,,ඒ තමයි බුද්ධ දර්ශනය,,,,ඒ දර්ශනය තුළ සතුරාට සමාව දෙනවාමයි,,,සමාන නොදෙනවනම් ඒ දර්ශනයට අනුගත නෑ,,,,,,වම් කම්මුලට ගැහුවොත් දකුණු කම්මුලක් දෙන්න කිව්වේ යේසුස් වහන්සේ,,,,,,,,,,,උන්වහන්සේ සමාව දෙන්නෙ නෑ කිව්වේ නෑ,,,,,,,,ටිල්වින් සිල්වා වැනි උදාර චරිතයකට මඩ බලකායේ ප්‍රතිපත්ති නම් කොහෙත්ම,,,,,,,,මැච් වෙන්නෙ නම් නෑ,,,,,,,www.sorry .com"
"Dam Bopitiya","","Ado paw Dena nethiwa  idapan padtha💩"
"Gamini Jayarathna","https://www.facebook.com/people/Gamini-Jayarathna/61585317223573","Hamuduruwan mama kgawta petakata kata kranwa nwie  adeikranyat apahasa kranm daduwan vedinam oanei hatuwa hamogam aietieyka garua adeakranaya Kiyann  API mtadyayn dekaha tiyana ea klalya canasara hamuduruwoa  waieiraya paturapua hatiea"
"Kapila Priyadarshana","https://www.facebook.com/kapila.priyadarshana.315","Hire yannama oni"
"Malki Karniel Premaratne","https://www.facebook.com/malki.karniel.premaratne","හැබැයි ඕනම ටික තියෙනවා ඒ වීඩියෝ එකේ."
"Tharaka Dhinesh","https://www.facebook.com/people/Tharaka-Dhinesh/pfbid02kSfqXKdAoe6KaxzBTcrtdYqM5iUg8cEoCL4izewv3jfZTEa55CqxFgkWuDXTjL4Pl","ඔයසිවුරටත් නයයිනේ ? අයෙ දෙන්නැ නයට"
"Jagath Rohan","https://www.facebook.com/jagath.rohan.908","Mee hamuduruwoo koheda hitiyee lankawe නෙවෙයිද .."
"Chamil Ekanayaka","https://www.facebook.com/chamil.ekanayaka.589","සුදුහුනු නොගා හිටපන්"
"Kasun Sameera","https://www.facebook.com/kasun.sameera.89573","මුන් තමයි බුදු දහම විනාස කරන කාල කන්නි."
"Sujit Pesanna","https://www.facebook.com/people/Sujit-Pesanna/pfbid023PnEzxeXREHHMXkdeJsMEXMCShy2Vc5vh7emXCa2LPZt4QJq3SrvUXJaoPSbMc2Fl","Buddagama.kanna.akak.yanakota.tawa.akak"
"Indika Lakshman","https://www.facebook.com/indika.lakshman.90","Thopi thamai adarmika"
"Asharul Hasan","https://www.facebook.com/asharul.hasan.5","අස්සන්.හිගා.කනවා"
"Chadana WD","https://www.facebook.com/chadana.wd","Siuru dagaththata maha walaththa wesige puthala mun danewath denna hoda na pakayalata"
"Asanka Jaya","https://www.facebook.com/people/Asanka-Jaya/pfbid02tKH52gAtKDCKUKiaSxoiNhMsFBuLuhcMNkiYxXQWmzjiZB4WmNaE21PLWmbARqwDl","Gu kapiya Kari ganya apa AGMA kana EPA ponyo"
"Rangaa Rangaa","https://www.facebook.com/people/Rangaa-Rangaa/pfbid02FNuLYwY2VRjjB2F2gB6wkrDMS4DYspoQqfj4FVtHvp3WbhhmuiMKcfFu6QfxJY8el","Ana palayan ballo yanna"
"Nihalc Atapattu","https://www.facebook.com/nihalc.atapattu","Dewsdattha  Nikaye  Ekek"
"R.M. Ekanayaka","https://www.facebook.com/people/RM-Ekanayaka/pfbid0CuqcYfjRkw7NHyhk5YBC2Hb2BCqrxbMpTWafRnz4r5LVCn5u9w4su8Y2Np9QaTZcl","Maraya oba wahanseda dahama hoyagena kata karannako"
"Dimuth Rathnasekara","https://www.facebook.com/people/Dimuth-Rathnasekara/pfbid02X9knsTJybuLYqmvGqSbAhirc1TBD1y2pFnGT4LS2Wvd73UxGNzGWGn9n6KT18pvYl","Pala ukanno"
"Yehansa Ramanayaka","https://www.facebook.com/greenlops","Mama me rata janadi pathi nam ratata,agamata, vina karana thopivage  hora chivara dariyo  serama akata thiyala siura galavala prasithdiye  allanava aye thopi vega un me rata bihi ven nethi vennama."
"Chmi Kuma","https://www.facebook.com/chmi.kuma.2025","Kalakanni baraganna navai yako api jandi pati path Kara"
"Janaka Neththasinghe","https://www.facebook.com/people/Janaka-Neththasinghe/pfbid02cXzHBMNqVRNGrz313n6jaRh8ocdVQZcnhq2pPUE98pNcYTBeZLe48AK6Ku5La77ol","දෙන්න.  එක්කම.  මහනවෙයන්.    මහනවෙයන්"
"Mariyan Nishanthi","https://www.facebook.com/mariyan.nishanthi.7","ඔය...වගේ.හාමුදුරුවෝ.නිසා.තමා .බුදු සාසනය නැති වෙන්නේම"
"Kumara Sisira","https://www.facebook.com/people/Kumara-Sisira/61572057418425","Dne waladana hora ganaya"
"Meth Mawatha","https://www.facebook.com/people/Meth-Mawatha/pfbid023BDoyerSeudqFSotezgcZcpeQRJkB4nK1tV96h5FexraVbDmtoh4iLPqzx1DqSmhl","අභිධර්මයේ ශුද්ධාශ්ටකය කියපු චරිතයක් ඉතිං දැං නම් නිරාලා ශුද්ධ පෝච්චි වෙනවා මෙි නිකං ස්වාමීන් වහන්සේ කෙනෙක් නෙවෙි ඒක හොඳට මතක තියාගනිල්ලා නිරාගමික පර හැත්ත මමත් ඔබ වහන්සේගේ දේශනා මත සද්ධානු සාරි වුන කෙනෙක් ඔනිම මොහොතක ගුරුවරයා වෙනුවෙන් සිටිමි එකෙක් යටපත් කරන විට තව එකෙක් නැගී සිටීමයි සිංහලයාගේ ස්වරූපය ❤️❤️❤️❤️  හිස කදිං වෙන්වුනත් මාතෘභූමිය සිංහල බෞද්ධ පමනයි"
"Nisha Nisha","https://www.facebook.com/nisha.nisha.561280","බුදු රදුන්ගේ සිවූර කෙලෙසන  කාලකන්නි කාහක‍්ඩ හැති කරේ.. තොපි රටට සාපයක්."
"Mark Suriyabandara","https://www.facebook.com/profile.php?id=100050375040574","Pu ce gahaganin 4...."
"Ruwan Kumara Chamara","https://www.facebook.com/chamara.ruwankumara.501","🤣🤣🤣ප්‍රමුකස්ථානය දුන්නා කියලා නිිතියට පිටින් යන්න බෑ පගො අනික බලපන්කො අත්සන් වලට නිදහස දෙනවා කියලා ව්‍යවස්ථාවේ තියනවද කියලා"
"Janitha Madushanka","https://www.facebook.com/janitha.madushanka.9","Athsan..laksha 4thiynvlu...id nmbr mokuth nne..horata ghpuva..ethi..laksha ..2vth..mun..kiyna devl pili gna konde bedapu chinnu kiyla hithn.ethe.."
"Nilana Sadaruwan","https://www.facebook.com/nilana.sadaruwan","මේ හාමුදුරුවෝ මේ ගිය මාසේ එනකන් හොදට හිටියා එක පාරම මිහින්තලේ අර ලෝක්කා අයේ ඇතුලට යවනවා කිවුව ගමන් තමයි මුන්දා ටික ටික එලියට එන්න ගත්තේ ඔයාලා ඉතුරු ටික හිතා ගන්න සාසනේ බෙරගන්න නම් නෙවේ මෙ වැයම .. ගොනා පොල්පැලේ ටික ටික කන්න පටන් අරං තියේන්නේ.. 😄😄😄😄"
"Nilshan Perera","https://www.facebook.com/people/Nilshan-Perera/pfbid02oX1ZeH78q25ZpL81j1GY2KoPR2sJpUQjkZ2BKycyiSYCqs3uZYbyj54J1EzM6ASYl","ඒඩ්ස් වලින් දියුණුම රටක් එව ගැන කතා කලොත් ඔක තමා වෙන්නෙ එතුමා සද්දෙට කතා කලේ ඒඩ්ස් වලට වඩා ලොකු ලෙඩක් ගැන, රට පුරා බෝ වෙලාත් ඉවරයි රටේ බලය ව්‍යාපාර සියල්ල තිරනය කරන්නෙත් උන් හැබැයි නිය පොත්‍තෙන් කඩන්න පුලුවන් කාලේ ඒ ගැන කතා කරපු අයව අද විනාශ කරනව ඒත්අපේම උන් අතින්"
"Janaka Hemachandra","https://www.facebook.com/janaka.hemachandra.3","මම නම් මඩ බලකායේ නෙමෙයි . හැබැයි චන්දෙ දීල පත් කරපු ආන්ඩුවක් ."
"Saman Bandara","https://www.facebook.com/saman.bandara.237035","Thittaya attama baudda biksuwak de"
"Sarath Pathiranage","https://www.facebook.com/sarath.pathiranage.96","ඔබත් හිරේ යන්න ඔන කට වහගනින්"
"Nadika Thusari","https://www.facebook.com/people/Nadika-Thusari/pfbid02Gsj1t4YrYX6AFEMwS3VAqTue16AyLGrK5hkfdoGJoBzLFz83JSRTVU5gWGsG8rTKl","Ubala darmika unanam hira gewal wala lagenna wenna ne unalaga waradi waha ganna anunta banala wadak ne"
"Shalini Fernando","https://www.facebook.com/people/Shalini-Fernando/pfbid0kuyShDCzKyPHfAyEfd84K9dgy6nm5KjL98YPAk5zdLmtSEco1SrQJpFGC2JfSfnil","Ane pako"
"Savinda Jayasinghe","https://www.facebook.com/people/Savinda-Jayasinghe/pfbid0h7Uip2Q1x53UAnLE3ngfFj5Jv6w2cohPkzGHHKexKvvGWrLjR9iYFQm7LTEgr4fxl","අභිධර්මය"
"Agr Mawella","https://www.facebook.com/people/Agr-Mawella/61586196357842","සිංහල යට කෙලවන්නෙ  සිංහල යම තමයි."
"Wm Sunil","https://www.facebook.com/people/Wm-Sunil/pfbid02itnoUXUeknbn1u5CZcm5baxsjkgej8yLhrpDy3zqsKRyqiz3st14jDP86i1NFRn6l","Bauddayo oba wahanse gana yam taramak ho hitiya..me siddiyan passe oba wahanset Dan kunu kudayata damanu lebei.."
"M G Hemasiri Karunarathna","https://www.facebook.com/mghemasiri.karunarathna","ජෙපි බල්ලන්ගේ කැත වැඩ"
"Sahan Diluka","https://www.facebook.com/people/Sahan-Diluka/pfbid031TWe1Pt3czE477dwKbrpjiz79PQNZgH6hVhnUEAbE7G3thms46T5EPctDh2UJ8vul","Munge siwru galawala Thatte palala tharaganna oni"
"R G Upul Senarathna","https://www.facebook.com/r.g.upul.senarathna","දැන්.රජපක්ෂලාගෙ.පුකහොදලා.යානවාහන.ගත්ත.අපතයො.දැන්.හිරේයනව.ඒකාලෙ.තොපිට.ගිය.රට.දැන්.නොන්ඩි"
"Kumara Siri","https://www.facebook.com/people/Kumara-Siri/pfbid03LWGz6uSzo3RT6kb7YutzdXL5y35SWpY7kNYKCh6FzsYywGcAiJ8cbCT212Y84dCl","ඕක  තමා  හාමුදුරුවනේ  අපි  ඉල්ලපු  ලොකු  පොඩි  කාටත්  සාදාරන  නිති  පොතට  අනුව  නිතිය ක්‍රියාත්මක  කරන  නිවරදි   මාරගය  හොදෙ.  ඔබ  වහන්සේගේ  මොලේ  අසුචි තියන  බව  මිනිසුන්ට  පෙන්නන්න  එපා. ඕක  තමා රජරට  අපි   ඉල්ලා සිටියේ.."
"Kanishka Ranasinghe","https://www.facebook.com/kanishka.ranasinghe.50","දෙශපාලනය ඔබලාගේ කට යුත්තක් නෙවේ .මිනිසුන් පුන්‍ය කටයුතු දාන මාන පිලිගන්වන්නේ දෙශ පාලනය කිරිමට නොවේ.පන්සලට වෙලා දර්මය දේශනාකරල සමාජ්‍ය යහපත් කරන්න."
"Indika Prasanna Kostha","https://www.facebook.com/indikaprasanna.kostha","සදු...........සදු..............සදු  🙏🙏🙏🙏🙏"
"Missaka Manaranga Edirisingha","https://www.facebook.com/missaka.manaranga","Pala Pala kaha bed sheet karaya.....me kalakanninta danayak wath denna hoda na......"
"Mithun Avinash Hapugoda","https://www.facebook.com/mithun.hapugoda.9","එහා පැත්තෙ වෙද පප්පත් ඉන්නවා😂"
"Saliya Pallegedara","https://www.facebook.com/saliya.ru.5","දුසිල්වතෙකුට උදවකරන්න ගොස් සිල් බිඳගනිමින් සිටින හිමිනමක්"
"Wasala Senevirathna","https://www.facebook.com/people/Wasala-Senevirathna/pfbid02i8Lng3JNuZXijJWk7FGPjG1hfB3oyWqWRWcjApY8NutbHttUBiHbHGbyj7LhUBc6l","මෙයාගේ පිරිවෙනේ කටිටියම තමා මෙි ඉන්නේ වෙන වටිනා කියන කෙනෙක් නෑ. මඩ ගහනවා නොවෙි මෙි දෙපිට කාටිටුවන්ට විරැද්දව නීතිය  අනුව කරපු කටයුත්තක් හරි කියන මත වාදයක රටෙි කොටසක් පෙනී ඉන්නවා ඉතිං සියලු දෙනාම බුදුන්වහන්සේ දේශානා කර වදාල ධර්මය අනුව ජීවත් වෙනවානමි, හෝ ජීවත් වුනානමි මෙවැනි ප්‍රශ්ණ කිසිවක් ඇතිවෙන්නේ නෑ විශේෂයෙන් ම භික්ෂුවකට අයිති භුමිකාව හදුනාගෙන භික්ෂුවගේ කාර්ය භාර්ය වටහගෙන මනා අවබෝදයෙන් කටයතු කරා නමි ගිහියෝ කෙදිනකවත් මෙලෙස හැසිරෙන්නේද නැත. තව තවත් ආණ්ඩු මටිටු කරන්න යෑමෙන් වෙන්නේ තියෙන නිදහසද කාට කාටත් අහිමි වීමය."
"Kalum Prasanna","https://www.facebook.com/ajithprasanna810","ඉක්මනට ඇතුලට දැම්මා නම් මේ අඳෝනාව ඉවරයි"
"Suneth Lakruwan","https://www.facebook.com/suneth.lakruwan.387387","Ammo kalin hitapu ayata owa nokiyuwe ey bola"
"Kumara HiDeki","https://www.facebook.com/kumara.hideki","Uba siuragalawala gedara palayan bllo"
"Sumal Sameera","https://www.facebook.com/wedamull","Ane තට්ට පko"
"Malindu Dilshan Chathuranga","https://www.facebook.com/malindu.dilshan.chathuranga","පිනට හම්බෙන දානෙ කාල පිනට දීල තීන පන්සලට වෙල පිනට දීල තීන රෙද්ද ඇදගෙන පිනක් කරගෙන පාඩුවේ ඉදපන් වේසි$%& පුතේ"
"Gokarelle Dhammavisuddi Himi","https://www.facebook.com/Ven.GokarelleDhammavisuddiThero","නිවන් යන එකම ක්‍රමය මෙක වෙන්න ඇති.විසෙසයෙන් පැවිද්දන් ට."
"Vijitha Kumarasinha","https://www.facebook.com/people/Vijitha-Kumarasinha/pfbid02QoHGitUV81PKFUpsN7L1Fyysz4m5KsafPvVZoe6nTEzLwpe1i4hs3Kz3ZT1oesZ5l","Pala ponnaya"
"Wijaya Rathna","https://www.facebook.com/people/Wijaya-Rathna/pfbid04RX6s3PQfd2rL7PXnwcYD6WfuHvfANApoh1yC5eTWqK68gTP24CvrqpwH5ZnopKVl","මේ මඩබලකායෙ ඉන්නෙ මොකාද කියල හොයාගත්තානම් හොදයිනේද"
"Nimal Gallage","https://www.facebook.com/nimal.gallage.56","නීතියට උඩින් තමුසෙත් නැ.තීන්දුව දීල තියෙන්නෙ ජනාදිපති නෙමෙයි ගොන් වහන්සෙ"
"Niroshan Rajapaksha","https://www.facebook.com/sajith.niroshan.908","Nimal Gallage මේ මොන ප#යෙක්ද????"
"Dinusha Disanayaka","https://www.facebook.com/people/Dinusha-Disanayaka/pfbid02CHoGkZmdxtT89ZBzEwUa27faMbLa53kLLRjKodvWGgggiZf5ZZkmHguRGGWeT3gEl","චීවරේට බුරන්න වෙනම නිරාගමික සුනකයො ටිකක් face book එකේ හදල ඉන්නවා.භික්ෂුවක් ප්‍රකාශයක් කල සැනින් ඒ අසූචි කුක්කන් බුරනවා.අනෙක් ආගම් වලට නිහඩයි.මේ පැලවත්තේ අසූචි කන නිරාගමික කල්ලතෝනි ජෙප්පෝ.බෞද්ධ භික්ෂූන් සහ බෞද්ධයන් මෙය වටහා ගන්න ඕනා.නිරාගමික කල්ලතෝනි කල්ලිය සංවිධානය වෙලා සිවුරට මඩ ගහන්නේ"
"Aruna Sudarshana Thilakarathne","https://www.facebook.com/arunasudarshana.thilakarathne","තිත්තගල්ලේ හාමුදුරුවෝ ඔබ ගොඩනගාගත් ප්‍රතිරූපය ඔබ විසින්ම විනාශ කර ගැනීම ඔබම විසින් අාරම්භ කර අැත"
"Sisitham Jayamanna","https://www.facebook.com/people/Sisitham-Jayamanna/pfbid02bKz3NCxCZjRXs7J3HnCrfpdu2tKVnjWwwxjcaYbPz6tqbkfr75DfQeQVFwopccb9l","මේ  ජාන දුන්න එකා පව්  ඔබ ව ජාතික කරන්න  ... දුක නැද්ද  අල්ලපු ගෙදර  මාමා.. ගැන"
"Sujith Priyantha","https://www.facebook.com/sujith.priyantha.90493","gahaganin puke paraya"
"Thilak Titanium","https://www.facebook.com/people/Thilak-Titanium/pfbid092sByAyhKPenctfvATpeG9oBJgxHtGgcupiPyxec2pD4ZBk9NzDP2844EivVT6HUl","Paolo thopi  jaraa deshapalanaya thawadurarataht karanawanam buddah chiwaraya galawapallaa"
"Red Rosie","https://www.facebook.com/people/Red-Rosie/pfbid01EQf1X7R5hqnpTYAKv9SqKL97Dpp2DyMdiN74Un7kLU3EshdzTgqcjnQja3atoyBl","Sasane diyunu karana vidiya .    https://www.facebook.com/share/v/19t18vj48L/"
"Pushpa Kumara Weerasinghe","https://www.facebook.com/people/Pushpa-Kumara-Weerasinghe/pfbid0qvuiV7pbWDk7WQb9SFDs1aZGAhPXYLUr6uYzQv2aqqXrvSBimSeDgCaCqFWqtnUQl","තිත්තය මොකද මේ ගලගොඩයට මෙච්චර ආදරේ  දෙන්නටම එකට හිරේයන්න ඕනවෙල වගෙයි. ගලයවත් හිරේ දාන්නෙ තිත්තය තමයි.."
"Shanuka Indrajith Silva","https://www.facebook.com/shanuka.indrajith.silva","ගෙරි තට්ටයා... සැබෑ ස්වාමින්වහන්සෙලාගෙ නම කැත වෙන්නේ මුං නිසා"
"Asela Abeyweera","https://www.facebook.com/people/Asela-Abeyweera/61581491307311","Yako api jvp newwi eth ubanam thiththai 😡"
"Sapumal Kavinda Haru","https://www.facebook.com/profile.php?id=100006711191130","https://www.facebook.com/share/v/19FWDNWayr/?mibextid=wwXIfr Meka barapan"
"Sathsara Maduwantha","https://www.facebook.com/sathsara.maduwantha.334","හොර ගනයො ටික"
"Padmini Senavirathna","https://www.facebook.com/people/Padmini-Senavirathna/pfbid0aFqx27QbknxgUkjfxhYMtHnDhrhnZ1o6kzXFcS6eXeqe4TfLnUSewa6ha7FVfNv5l","Mu  danam. Sasanata wadayak"
"Achi Nawod","https://www.facebook.com/achi.nawod","අඩේ බනත් කියනවද 🤪🤪🤪"
"Hette Arachchilage Sarath Sarath","https://www.facebook.com/people/Hette-Arachchilage-Sarath-Sarath/pfbid02TejZfvu3br7px9DZK9a5tUejZazoB3sRZMP3QggPydUGH4HJt1BvLX7qeLVjrBNyl","Mu......kareya...patiala,,,kalleye,,,,mugen, ,,paressa wnna,,rata,,,wattannamai,,,dalanne,,,kare,,,ganaya"
"Aruna Kelum","https://www.facebook.com/aruna.kelum.664600","Me kalu wall ganaya yanayagen salli aran athi ekai mechchara dagalanne mun wa pansall wala thiyanna hoda na desa drohiyo wall pin bath ganayo ..."
"Roshan Wickramarathne","https://www.facebook.com/roshancane.furniture","හොර ගනයා"
"Samel Sereen","https://www.facebook.com/gs.sen.543","ඇත්තටම අනුර අධාර්මික යී"
"Sugath Jayawardana","https://www.facebook.com/sugath.sjayawardana","සංඝ නෙමෙයි ඔයඅය සම්මතයෙන් භික්ඛු සංඝ යනු ලොකු අර්ථවත් වචනයක් ගෑවිලාවත් නැහැ මේකියන අයගෙ"
"Dilanjan Fernando","https://www.facebook.com/dilanjan.fernando.75","Oya ati tarm danna eyata"
"Suminda Fernando","https://www.facebook.com/suminda.fernando.725738","Topi kohoma degaluwat topi sasanaya kelasena ganasaraya hirey yanna onemai toge bana kiyapan ganayatama"
"Priyantha Pushpakumara","https://www.facebook.com/priyanthap743","වැඩි දුර හිතන්න එපා ඔබ වාහන්සෙ වැරදි නිවැරදි කරන්න හිතාගෙන මාධ්‍ය සංදර්ශනය තිබිබෙ රටේ හෝද වැඩක හෝ වැරදි වැඩකටම උඩු බුරන රැවුල තියෙන කාලකණ්ණි අපතයන් එක්ක  නිවැරදි කරන්න හිතාගෙන දාපු මාධ්‍ය සංදර්ශනයට අපේ රටේ ජනතාව එක පුද්ගලයෙක් හෝදක් කියලා තියනවද නැහැ නෙද හාමුදුරුවනේ නුඹලා අපේ රටේ අවලංගු කාසි බව තෙරැමි අරන් අපේ බුදු දාහමට නිගා කරන්නේ නැතිව  හෝරැ රකින්න චිිවරය භාවිතා කරමින් මාධ්‍ය සංදර්ශන තියෙන ඒක නවතා බණක් බාවනවක් කරන් හිටියා නම් හෝදයි නෙද ?"
"වසන්ත උදයකාන්ත","https://www.facebook.com/hnu4r0vcia","ඕනෙ නැති වැඩ කරන්න ගිහින් උබලම තමයි ගහ ගන්නේ."
"Lanka GanuDenu Hub","https://www.facebook.com/people/Lanka-GanuDenu-Hub/61593178832560","පච වෙනව"
"Udeni Wijewickrama Udeni","https://www.facebook.com/udeniwijewickrama.udeni","Okun kohe  budda sasanayakada ? Okun kupadi pal horu . Baudda aya aya dannava hodata Bana. Budu dahamatai oya siuru dagena balu weda karanne . Lakxa 4  neme lakxa 100 k  athanasius kalath  me minihata nam   sahana denna epa .anivaryenma  me cheevaraya  patalagena lokema thiyana Jada, Para balu weda kara aya ath afanguvatamq ganna .oya wakkada kataval walata ahu wenna epa .hiretama danna .lejja nedda nithiyata baye hengenna .cheevaraya poravagena   raganna hengenava .okun hadanna behe .jathake  weredda .danna hiretama Mirena thuravatama"
"Sudesh Rtd","https://www.facebook.com/sudesh57","කෝ බම් නානසාර? රහත් වෙලයි 😆"
"Romesh Bandara","https://www.facebook.com/romesh.bandara.395","පිස්සා 😂"
"Nilanga Tiroshan","https://www.facebook.com/neelam.androo","තිත්තගල්ල කියන්නෙ මොන පමිකයෙක්ද,සන්න සර් කිවිව වගේ සිවුර දාගෙන ඉන්න තටිටයෙක්,ඒ වගේම කපටියෙක්,මුන් මෙි සමාජයෙ ඉන්න විසබීජ"
"Thrimawithana Thrimawithana","https://www.facebook.com/pradeep.thrimawithana","ඔය දේශපාලනය කරන කිසිම හාමුදුරුකෙනෙක්ට මමනම් කිසිම ගරුත්වයක් දෙන්නෙනෑ,අනේ හාමුදුරුවනේ ජනාධිපතිට හෝ ජනයාට ඇගිල්ල දික්කරන්න ඉස්සර තමන් කරන්නෙ මොකක්ද කියලා තේරුම්ගන්න,ඔබතුමන්ලවගේ හාමුදුරුවරු සියදිවිනසා ගන්නවනම් ඒක තමයි මේ සමාජෙට කරන ලොකුම යහපත.."
"Dilip Nuwan","https://www.facebook.com/dilip.nuwan.999","ඔක්කොටම කලින් ගලබොඩයවත් මහනකරල කෑ ගහන තමුනුත් මහන උනොත් නරකද බස්සෙ බණ දේශනා කරන්න බැරියෑ වෙලාවක් තිබුනොත්..🙏"
"Teshan Silva","","ආණ්ඩුව ඉන්නෙ උසාවි තීරණ වෙනස්කරන්න නෙමෙයි. සිවුරටවත් රැව්ලටවත් පදිරි නැති නීතියක් තියෙන රටක් හදන්න මිනිස්සු ඡන්දෙ දුන්නෙ."
"Lalith Fernando","https://www.facebook.com/lalith.fernando.7399","Ballanta samawa denne naha bebaddek"
"S Kaneshka Dissanayaka","https://www.facebook.com/kaneshka.dissanayaka.7","සිවුරක් දාගෙන වගා කරන් කනවා, බිල්ඩින් හදන් කනවා, චන්දේ ඉල්ලලා කනවා, එක එකාගේ පුකවල් හෝදලා කවි කිය කියා කනවා ඔක්කොම ඉන්නවා. බඩු පොට් එකක් දාගෙන හම්බ කරලා කන එකෙක් විතරයි ලංකාවට දැන් අඩු. 🤣🤣"
"Darshana Chathuranga","https://www.facebook.com/darshana.chathuranga.7311","මේ අර ඇවිල්ලා ඉන්නේ මේ යකා හදනවා කිව්ව අලුත් ආගමේ ලව් කරන සෙට් එක වෙන්න ඇති නේද. මුන්ට දානේ දේන්න එපා. ඉට වඩා කරන්න දේයක නැ."
"Dinidu Laksan","https://www.facebook.com/dinith.laksan","Aparada karayo baraganna hadana obawahansa .siurata sudusu na .ain wanna.assan laksayak nawai kotiyak gahauwath.maranadaduwama danna oni .waradinam.ok"
"Lightous Yagami","","Palayan thatta balla yanna 😹"
"Gamage Bw","https://www.facebook.com/people/Gamage-Bw/pfbid0R7jotMvZT388yXU2aQP7gsayhaXqQ21kxTtJPqnpRFMmRXL7PiSmDKrpQErng9y5l","Baluballo pukanode makabavelapala maha vadayak una mun"
"Nihal Siri","https://www.facebook.com/profile.php?id=61589842065553","ඔහොම ගියොත්  පිදුරුදුත්  නැති වෙයි  අබුඩයක්  ගහගන්න...."
"Saman Sp","https://www.facebook.com/profile.php?id=100056135224942","ඔය කියන හාමුදුරුවෝ මේ රටට කල හොඳ වැඩක් කියන්න"
"Prathna Kumara","https://www.facebook.com/people/Prathna-Kumara/pfbid02KaSYmexLuv9ESmpWTqtvwaXV2E2qmvmNCsL94KnDneYqvNhTKDqJGT8SvThNGZkEl","Oyalata.ai.hamuduruwo.dagalana.paduwa.innako.oyath.hoda.charetayaaad"
"Mu Nifath","https://www.facebook.com/nifath.m","ගෝලයෙක්"
"Shiraz Othm","https://www.facebook.com/people/Shiraz-Othm/pfbid02G8v1pchCd2Q6LVcezeQb9jFYwzpNXSwZDczqLwiTnvFnVUoXmYQp7EypNFvPzDcYl","Lakahe kiyak tibunat kamak naha mewage sakkilyanwe dande marene dandeneye denne one panelete wela nikan dene pinbat kala ennatuwe puke denne giyane giye anduwe ennekote muge chandi part kohomede dan kapan pariipu me wage unwe siwery galewela pansele essera higa kanne danne one kohomede uge sais eke tadi urek wage munte pin bat teneuntat gahandw one harak paiyen kalekanne hatte 😡😡😡😡😡😡"
"Anith Kumara","https://www.facebook.com/people/Anith-Kumara/pfbid0Sy6HkMBvCV75zitF6DvuWhUMvWA9ZwEM3US734MiSi7bcZMd3NinNgL4b7AQiwLxl","මූන්ට අත්සන් ලක්ශය ගන්නෙ යට එකෙන් තමා"
"Rajapakshe Lal","","කෝටියක අස්සන් තිබ්බත් නීතියට ඒක අදාල නෑ"
"Ashan Dissanayake","https://www.facebook.com/dissanayakeashan","ඔව් යකෝ අපි විරුද්ධයි තමයි,  අපි මේ රටේ නිවහල් පුරවැසියන්   හොදම සීන් එක බලපන්කො අත්සන් ගහන මිනිස්සු කියල තියන ඒවා"
"Galle Dhammadeva Thero","https://www.facebook.com/galle.dhammadeva.thero","Ashan Dissanayake  රාජ්‍යක දියුණුව සකස්කරන සාධකයක් වනුයේ මිනිසුන්ගේ ආවේගශීලී හැඟීම් වෙනුවට බුද්ධිමත් සහකම්පනයෙන් යුත් පිරිසක් වීමය. මන්ද යත් ආවේගය සත්‍යට දුරය.  ආවේගය සමීප වන්නේ වෛරයට හා යුද්ධයටයි.   ආවේගශීලී වූවන් රැවටීම හා පාලනය කල හැකිය. එය ඕනෑම පාලන තන්ත්‍රයක උපක්‍රමයකි.   මෙතෙක් රටේ පැවති සියලු ආණ්ඩු පුරවැසියා පාලනය කලේ මෙවැනි ක්‍රමවේද සූක්ෂම යොදාගෙන බව පැහැදිලිව පෙනෙන අතීතයක් ඇත.  එම අතීතයෙන් සමාජය මිදේවා. පලිගැනීමේ ආශාවෙන් වියරුවෙන් මිදේවා. මෛත්‍රීය කරුණාව දයාව අනුකම්පාව සහකම්පනයම පැතිරේවා. සමාජය ආලෝකයෙන් ආලෝකයටම ගමන් කරත්වා.!"
"Ashan Dissanayake","https://www.facebook.com/dissanayakeashan","Galle Dhammadeva Thero රටේ නීතිය බල්ලට දාල, තමන් පොරවගෙන ඉන්න චීවරය නිසා නැති පොරත්වයක් මවාගෙන,  චීවරය සහ බුදුහාමුදුරුවෝන්ව තමන්ගේ බඩගෝස්තරවාදී අදහස් උදෙසා අවභාවිතා කරමින්, නීතිය තමන්ගෙ බූදලයක් කියල හිතාගෙන ඉතා විශාල අවස්තා ගනනක නීතියට පිටින් ගිහින්,  රටේ ජාතීවාදය අවුස්සල, ආගම්වාදය අවුස්සල, ත්‍රස්තවාදී ක්‍රියා කරල මිනිස්සු සිය දහස් ගානක් මරන තැනට වැඩ කරපු අමු තක්කඩියෙක්ට ඉටු විය යුතු යුක්තිය තමයි මිනිස්සු ඉල්ලන්නෙ.   අනුකම්පාව, වෛරය, ද්වේෂය මෛත්‍රීය කියන්නෙ තමන්ගෙ මනසේ තියන එකක් මිසක් තක්කඩින් කරපු වැරදි වලට ඒවා පිට දාල බේරන්න අමාරුයි.   නීතියට අනුකම්පාව මෛත්‍රීය අදාල නැහැ,  ඔයාල හිතින් අනුකම්පා කරන්න මෛත්‍රී කරන්න මිනිස්සුන්ට.  ඔයාලම කාලයක් තිස්සෙ බන කියල හදපු සමාජයක්නෙ තියෙන්නෙ, මේ ඔක්කොටම වග කියන්න ඕනෙත් සාසනය විනාශ කරන,  බුදුහාමුදුරුවෝව සහ එතුමාගෙ දර්මය අවභාවිතා කරන ඔයාලම තමයි 👍✌️😁   තෙරුවන් සරනයි, නිවනම වේවා ❤️🙏"
"Susantha Balasooriya","https://www.facebook.com/people/Susantha-Balasooriya/pfbid0FzwgM3VpHM2qQUh2MpghKpPNi17gcSkTuaaDwLEfS8yAjphVQJ6yFGUVD7cywZfpl","මුන් ඔක්කොම යවන්න ඔන කලකන්නි.රට කන්නෙ මුන්"
"Gishan Shantha","https://www.facebook.com/gishan.kumara.1","කියක් දුන්නද... මචං"
"Nissanka Nissanka","https://www.facebook.com/nissanka.tilake","Pala yanko yanna  mokadda tho"
"Thilina Vimukthi Fernando","https://www.facebook.com/thilina.vimukthi.9","Ponnaya okkatama kalin ginin mahana weyan..thogea ammata benun assannea nethuwa..."
"Rehan Malaka","https://www.facebook.com/lapatiloku","කමටන්ට් බලලා වත් හැදෙන්න තිත්තගල්ලෙ… ඔයාගෙ press වලින් මිනිසුන්ව අන්දන්න බැහැ… ඔයත් නාගත්තා සබන් නැතුවම🤣"
"Uditha Dissanayaka Dissanayaka","https://www.facebook.com/supundissanayaka.dissanayaka","Pala kariy ganayo thopila mahana weyan mulin"
"Hemantha Pradeep Gunarathna","https://www.facebook.com/hemantha.pradeep.gunarathna","යකෝ ගොං ගණයො... මහන උණු අරමුණවත් උබලා දන්නෙ නැද්ද, oi සිවුරු දාගෙන දේසපාලනේ කරන්න බුදු හාමුදුරුවෝ කොතනද කියලා තියෙන්නෙ කියහන්, තොපිට දේසපාලනේ කරන්න ඕනෙනම් සිවුර අතහැරලා ගිහින් කරහන් සිවුරට මුවා වෙලා තොපි මොනවා කරත් දඩුවම් නොදී ඉන්න කියලද කියන්නෙ.. මොකෙද්ද මේ යකා"
"Sampath Rathnayake","https://www.facebook.com/sampath.rathnayake.231613","Mune gapiya monahari geriiya rata kana bakku"
"Lakshmi Kumari","https://www.facebook.com/lakshmi.kumari.447505","Jaya wewa budu saranai"
"Wijemuni Deepal De Silva","","Thoge ammage balla"
"Sampath Sampath","https://www.facebook.com/people/Sampath-Sampath/pfbid02T29cS34YbiW83YdS3hWkERm2hvXL4WYy9ErD7cu6kgHPyYgSoSBTWGfYhYyTJ8xGl","මේකේ  බැනලා එක කමෙන්ට් දාපු කිසිමනෙකුගේ මරණෙකට ආගමික කටයුතු සඳහා කිසිම ස්වාමීන් වහන්සේ නමක් ලැබේවා"
"Asanga Asanga","https://www.facebook.com/people/Asanga-Asanga/61588757810723","උඹලට කුඩු ගහන්න බඩු ගහන්න  අයිස් විකුණන්න ආණ්ඩුවෙන් උදව් කරන්න ඕන ද"
"Pushpa Kanchana","https://www.facebook.com/pushpakanchana","මූ පිස්සෙක්....!!"
"Chandana Kumara","https://www.facebook.com/chandana.kumara.898758","වනචාරියා  තෝ  සිවුර  ගලෝලා  මල්මල්  චීත්තයක්  ඇන්දගෙන  වරෙන්"
"Tissa Senadeera","https://www.facebook.com/people/Tissa-Senadeera/pfbid0274xYoLFVkmwqmQHw13dmnsZBNk96DvGZb3s5HqK9m7XTQ7umCtJv61imJXnCNDpql","හාමුදුරුවෝ aggressive වෙනකොට ගිහියෝ aggressive වෙන එක අහන්නත් දෙයක්ද?"
"Adeesha Liyanage","https://www.facebook.com/people/Adeesha-Liyanage/pfbid02RnBPAUh4ogcXnWjctezQdcNLDGjgCMEZZ22hWdhZEvS9pBwp5J7VvSx4zpMcYrgRl","Wadak balagnnako"
"Kdh Kolla Shiyan","https://www.facebook.com/people/Kdh-Kolla-Shiyan/pfbid02CcakbRaseCWbcZT48ZR22kGMvjTKefXW1cQhxqF9Xwxiy7eLSSa9vp6L3cJzSWqjl","කව්ද බන් බණ ඇහුවේ නානාසාරගෙ බණද  කුනුහරප 🤮🥲"
"Sisir Sk","https://www.facebook.com/people/Sisir-Sk/pfbid0tL9oZX7FB9CxJNBaHuUYdD7WVsTWhSdudXYkzxC8N3y7n3jz4erevXiXtLXwmMqHl","Horu tika"
"සනත්. කාරියවසම්.","https://www.facebook.com/94akemcfbi","මෙච්චර කල් කොත්මලෙ කුමාරකස්සප හාමුදුරුවන්ට මඩාගහපු එකාට අධම්මික සූත්‍රයත් මතක් වුනේ තමන්ට කෙලවෙද්දි තමයි..🤣🤣🤣"
"Uditha Harshana","https://www.facebook.com/udithahc","සනත්. කාරියවසම්. අහ්, බොට සෙට් වෙනවා, ඔන්න ආණ්ඩුවට බැනහන් එකතුවෙලා...😂"
"Ravindra Kariyawasam","https://www.facebook.com/K.B.R.Kariyawasam","නානසාර හිරේ යන්න ඕන. නීතිය කාටත් එකයි."
"Sudesh Jayasundara","https://www.facebook.com/sudesh.madhumaljayasundara","බන කියන්නත් දන්නවද මු.."
"වීරඹුගෙදර අපි","https://www.facebook.com/hpnghpkxiz","Kalu pakaya"
"Lucky Menda","https://www.facebook.com/Menda818","නාමල්ගේ ගමේ පන්සලේ තවත් පිල්ලියක්.."
"Menuth Akya","https://www.facebook.com/people/Menuth-Akya/pfbid02FQeggBcRLtMFvHrm9he1j8cg9ERdSrBo7pfSaNckTxHfkQdbiY7bo9rPbRaAdqPbl","Niyamai hamuduruwane"
"Kaweesha Sathsara","https://www.facebook.com/people/Kaweesha-Sathsara/pfbid0256qKmYZ1cDJ5YKA2QBxtXUsbUjCLwXMNnhtQreXzd9xKXvj22RPjbGsc2eVGjYDpl","රාජපක්ෂලාගේ රෙදි අපුල්ලපු එවුන්. මුන්"
"Saman Kumara","https://www.facebook.com/saman.kumara.859091","Pakoa uaba mokada"
"Nuwan Thennakoon","https://www.facebook.com/nuwan.thennakoon.1","පගෝ තෝ හෙන දාර්මිකයා 😃"
"Dhanushka Jayasundara","","ගෙදර ප්‍රශ්න නිසා සිවුරු අදින්න හොද නෑ ,එහෙම වෙනවා නම් ඒ දෙමව්පියො වගකියන්න ඕන ."
"Niraj Ishara Jayawardana","https://www.facebook.com/niku.jayawardena","අපිටත් අයිතියක් තියනෝ ගරුතර නොවන චීවර දාරින්ට බනින්න"
"Ravindra Rathnamalala","https://www.facebook.com/rmb.rathnamalala","දැන් මූට අත්සන් ගන්න බැරිවුන ලැජ්ජාවට වෙනම ගේමක් ගහනව"
"Sena Hari","https://www.facebook.com/sena.hari.7","Pijathiwadaya wapurana pradaiya"
"Ray Thomas","","පිස්සු උට්ටෙක් 🤣🤣"
"Kasun Wijesinghe","https://www.facebook.com/people/Kasun-Wijesinghe/100079767991852","කව්ද බන් මේ කාලගෝලයා 😂"
"Rajakaruna Ranjith","https://www.facebook.com/rajakaruna.ranjith.1","බුදුන්ටත් නිගා දෙන්නෝ මෙ කහකඩයෝ"
"Gihan Madushanka","https://www.facebook.com/gihan.madushanka.157894","නානසාර හා හා ඉතිම් මට වැදපන් නැත්තම් තව ගහනව රිලවට. ඔව් අනිකා උබ තට්ටගල්ලය ✌️🥴"
"Chamila Priyadarshana","https://www.facebook.com/people/Chamila-Priyadarshana/pfbid02nQuPwK5RsqajE2UbtnvpUuLmVAspRGXwySs77SBKxr72hVAQgxFfMwYWHKaNTYdvl","මෙවනි ස්වාමින්වහන්සේලා  සිටිම මුන්ට කරදරයක් ඒනිසා ඒඅයව ඉවත් කරනවා පර ජෙප්පෝ අතනොහරිනු ලගනෝබලනු දුරබලනු..සාදු..සාදු"
"Firis Rok Shaan","https://www.facebook.com/people/Firis-Rok-Shaan/61574250561952","තව අවුරුදු 10 / 20 ක් යද්දී මෙව්වට හිනා වෙන එවුන්ට තේරෙයි , මේ හාමුදුරුවරු කොපමණ රටට සම්පතක්ද කියලා"
"Siwantha Sanjeewa","https://www.facebook.com/people/Siwantha-Sanjeewa/pfbid0zHaowKhHmSrgRgDSpjHCER31r5W8w1GAiho5kdFHyvBnbGMcawArV3b8W7Luc8ZTl","Ubala budu dahamata sapayak"
"Mohmadh Rasmi","https://www.facebook.com/people/Mohmadh-Rasmi/61559570251876","AAA MEE  OOWAYN WADAK  NAA ..NIETHIYA  KAATATH EKAIEE OK .."
"Oneway Riding Forall","https://www.facebook.com/ddhdhhd8","සෑහෙන කාලෙකින් බන ටිකක් ඇහුවා.සාදු සාදු.. 😍"
"Neranjan J","https://www.facebook.com/neranjanj.kumara","කමෙන්ට් ටික බැලුවනම්...මේ කමෙන්ට් පැලවත්තෙන්වත් මොන බලකායකින්වත් නෙමේ,ෆේක් ඒවත් නෙමේ."
"Nuwan Sanjeewa Kodithuwakku","https://www.facebook.com/pknuwan","හෙන්රි ස්ටීල් ඕල්කට් තුමා දකුණේ 😳🙏"
"කුසල් අකුසල්","https://www.facebook.com/people/%E0%B6%9A%E0%B7%94%E0%B7%83%E0%B6%BD%E0%B7%8A-%E0%B6%85%E0%B6%9A%E0%B7%94%E0%B7%83%E0%B6%BD%E0%B7%8A/pfbid0jf2Cyq3YBAAr12p2FzStY3ZAahiwKt7FeTbPJRDHMxNz2kWyfz1fzcqbfgoTZV29l","සහෝදර සහෝදරියනි රජයට පාඩු පිට තෙල් සංස්ථාව කරගෙන යන්න නොදී එම පාඩු වන මුදලද අයකරගන්නා මෙන් බලකර සිටිමු ❤️  කෝච්චියේ ටිකට් දෙක දෙක ගත්ත අපි උබලට එකතු උනොත් මේ රට ගොඩගන්න පුලුවන් බං  අනුර කුමාර දිසානායක ජනපතිට හයියක් වෙමු   ඔක්කොම එකතු වෙලා රජයට බල කරමු පාඩු පිට තෙල් දෙන්න එපා කියල   මේක අපේ රට බං   එකතු වෙමු   රැල්ලක් හදමු   ගොඩගමු මේ රට ❤️"
"Kasun Kasun","https://www.facebook.com/kasun.kasun.859029","අත්සන් අරන් වැරදි කරුවන් නිදහස් කරන්න පුළුවනිනම් රටට නෘතියකි මොකටද"
"Chandima Hettiarachchi","","Mu pinata kala,thela wadi wela 🤦🏻.awadane illanne.😂"
"Achi Trends LK","https://www.facebook.com/people/Achi-Trends-LK/61582851031879","විශාල කරදරයක් උනානේ මේක"
"Priyantha Nanayakkarawasam","https://www.facebook.com/priyantha.nanayakkarawasam.1","Me mona sakkiliyekda"
"Henry Gajanayake","https://www.facebook.com/henry.gajanayake.56","අනේ පල ,තෝ ඔය චීවරයට අගෞරව නොකර ඉදපිය.තොගෙ ඔළුව නරක්වෙලා ද?."
"HA Somarathna","https://www.facebook.com/people/HA-Somarathna/pfbid02DCz2BGKt5ap4gtFWxVv1EAU2X69JimptJP7N7F8uWY5ezrHiMq56mmbg6QbCLpgjl","ඔය කතා කරන පුද්ගලයා සැබෑම ශ්‍රි ලාංකිකයෙක් .ජතිවාදීන්‍ට ඔහොම තමයි අමතන්න ඕනි ."
"Amila Kumarasiri","https://www.facebook.com/amila.kumarasiri.16","ඔබතුමා ඉස්සෙල්ලම මහණ වෙන්න... රට විනාශ කරපු පරයන්ට කඩේ යන්නෙ නැතුව"
"Piyaratne Gajanayake","https://www.facebook.com/piyaratne.gajanayake.2025","කාදිනල් කතෝලිකය ආගම ගැන කතාකරනව හරි.... මවුලවිල මුස්ලිම් ආගම ගැන කතාකරනව හරි... ඉතිං හාමුදුරුවනෙ ඔබවහන්සේ ලත් බුදුපියාණන් දෙසුව දහම ගැන කතාකලානම් හරිනෙ...🙏🏻 ඔබවහන්සේලනෙ මේ ගොබ්බ දේසපාලනෙයි(මොන පක්ශවල උනත්) වෙන වෙන කයිකතන්දරයි කුණුහරප හිනස්සන අඩවන කාන්තාවන්ගැන ආරලු බූරලු කියවන්න ගිහින් තමන් වහන්සේලගෙ තත්වෙ නැතිකර ගන්නෙ...  අඩුම සුද්ද පරයින් එක්ක එකතුවෙලා බුදුවරු නූපදින පරදේශයක් වූ ඉංදියාවට පිටමං කල අපේ බුදුපියාණන් නැවත මේ පිංබිමට වඩම්මන්න වචනයක් කතාකරනවද??? රටේ හූනියම නිවැරදි දහම ඉතිහාසෙ නොදන්න එවුන්ම තමයි... බොරුවට කියවනව විතරයි..."
"Prasad Samantha Kahandugoda","https://www.facebook.com/prasad.kahandugoda","පලයන් බං යන්න."
"Lakshman Wickramaratne","https://www.facebook.com/lakshman.wickramaratne.2025","THAMANGE  HITHS DANNAWANE"
"Chanaka Uduweriya","","බුද්ධාගමට මුල් තැන දෙන්න කිවට ඥානසාරට, ඔයාලා වගේ අයට  මුල්තැන දෙන්න කියලා නෑනේ 🤣🤣🤣"
"දමිත් සූරිආරච්චි","https://www.facebook.com/2hknnm03bd","නානසාර වඳජංගි ප්‍රමෝට් කරද්දි ඔයැයි කෝම වෙලා හිටියද"
"Sri Lion","https://www.facebook.com/dushantha.lakshan.2025","Eeee ඉබහෙන් රටට තියන එක වාසියක් කියපන්කෝ .ඝනයෝ....තොපි පොලොවට බරක්.පිනට කාලා මිනිසුන් හූරන් කාලා.රට හදම්ම එනවද බොල තෝ....🤢🤢🤢🥴🥴🥴🥴"
"Mihan Shavinda","https://www.facebook.com/noty.sudda.75054689","ඉතින් බං එ ආදාර්මික ජනපති ලග අත්සන් කොල උස්සන් දෙකට නැමෙන්නෙ උබලමනෙ 😂😂😂😂 මොඩ http"
"Nishantha Gajanayaka","https://www.facebook.com/profile.php?id=100001891985039","මේක හදන්නෙ ජනාධිපතිගෙන් බලෙන් සමාව ගන්න වගේ"
"Bio Class","https://www.facebook.com/wmm.wanni","පාස්කු ප්‍රහාරයට වගකිවයුතු නම් ග⁣ලබොඩ හාමුදුරුවන්ට බැනපු අය... හාමුදුරුවෝ කට කැඩෙන කම් කීව නම් ගම් කණඩායම් වශයෙන් අන්තවාදීන් රටට කෙලවනවා කියල... අහිංසකයන් 273 ක් සහ 500 ආබාධිත වුණ එකට මෝටර් සයිකල් නරුමයොෝ වගකිව යුතුයි ..😭😭😭"
"Dilmina Karannagodavithanage","https://www.facebook.com/dilmina.karannagodavithanage.3","අනේ පලයන් යන්න උබගෙ බන"
"Jayanath Dissnayake","https://www.facebook.com/people/Jayanath-Dissnayake/pfbid034swrZeEYUHbe8cm3E6WFx8b4z4SzXeJnVuvKcBWvWrMKjVz6u7xgN6zQkqnu5XCGl","ඥානසාරයි, උසාවියයි ඒක බේරගනියි ඔබ වහන්නේ ඔබ වහන්සේගේ පාඩුවෙ පිනක් දහමක් කරන් ඉන්න"
"Sugath Sumanasiri Disanayaka","https://www.facebook.com/sugath.sumanasiridisanayka","කොහොමත් නීතිය කාටත් පොදුයි. වැරදි කළා නම් දඩුවම් විදින්න වෙනවා."
"Dilani Dilani","https://www.facebook.com/dilani.dilani.724547","තිත්ත ගල්ලෙ හුත්තිගෙ පුතා"
"Amkg Weerasinghe","https://www.facebook.com/amkg.weerasinghe","මුං භික්කු ගනයටවත් අයත් වෙන්නෙ නෑ 🤣🤣🤣🤣🤣🤣"
"Chinthaka Deshapriya Wijamunige","https://www.facebook.com/chinthaka.deshapriya.wijamunige","ගාන සාරගේ තනියට යන්න ඉන්න උපාසක මහත්තයා 🤩"
"Nuwan S Senevirathna","https://www.facebook.com/nuwansameera.1996","මූ කියන විදියට අදිකරණ , හිරගෙවල් එහෙම වැඩක් නෑ.. ඕනෙත් නෑ කියලනෙ"
"Yasanntha Hewawasam","https://www.facebook.com/yasanntha.hewawasam","Munwa atulata danna kenek neddaaaaa"
"Röśhân Šhëïkh","https://www.facebook.com/roshan.uddin.1","Ane pakayo e manussya heta awit fb eke atha kiyayi mokdha une kiyala 🤣🤣tho nikn plyn thatte pala ganne natuwa"
"Madushanka K Bandara","https://www.facebook.com/mkumara.bandara","මේ කරන්නෙත් ඣානසාරලා ඉස්සර කරපු ජාතිවාදයේ තවත් වැඩක් තමා"
"Upul Pimbura","https://www.facebook.com/upul.pimbura","පිංබතෝ  තොපිට වෙන වැඩ නැත්නම්  බාවනාකරපන්"
"Gayān Sālinda","https://www.facebook.com/waji.salinda","මේ කාලෙට එක් නමක් හදනවනේ රට හදන්න බයි සන්ගමෙන්...  ඕඕඕඕඕඕඕඕඕඕ මේ මොකද මේ වෙන්නෙ මේ වහන්සේලට ...."
"දලුපිටිය අපි","https://www.facebook.com/iaxs9okquz","සුවාමියට කරදරයක් උනාහම කුක්කො බුරනවා"
"Lanka Gota","https://www.facebook.com/lanka.gota","මුංට දැන් තමයි රජා ධාර්මික වෙන්න ඕනෙ කියලා මතක් වෙලා තියෙන්නෙ, කැ ..රි දස්සන එක්ක එකතුවෙලා පංසිල් වැඩක් නෑ, පංසිල් කියන්නෙ බුදු රජානන්වහන්සේගේ දේශනාවක් නොවෙයි කියලා කියනකොට කට පු ...කේද තිබුණේ ..."
"Nishantha Herath","https://www.facebook.com/people/Nishantha-Herath/pfbid0AxhPxhpuy6ESdWMgeP3Fr5B8nsnZEWM4ebxTNiMq4cZYtABBzAH1u4erw6KrTsvhl","තොපි සිවුරු  දාගෙන  බනක් දහමක්  කියපල්ලා ,පිස්සු කෙලින්නෙ  නැතිව"
"Anukkane Siri Sumanarathana","https://www.facebook.com/people/Anukkane-Siri-Sumanarathana/61577837770078","අඩේ තිත්තගල්ල උඹ කහින්නෙ නැතුව හිටපන් ඉස්සර වෙලා තමුන් නිවැරදි වෙලා හිටියනම් හොදයි."
"Anurudda Herath Herath Anurudda","https://www.facebook.com/anuruddaherath.herathanurudda","තක්කඩි බත් බැලයො තොපි"
"Amali Amali","https://www.facebook.com/amali.amali.336209","පිස්සෙක්"
"Athula Asanka","https://www.facebook.com/athula.asanka.7","අපරාදේ ඔබ වහාන්සේ රැකගෙන අපු චීවරය"
"Amila Prasad Rajapakse","https://www.facebook.com/amila.1972","ඇයි උබල සිවුරු පොරවන් ඉන්නේ වංචා දූෂණ කරපු දේශපාලුවන්ගේ අබුඩ හෝදන එකයි දඩුවම් දුන්නම අධිකරණය උන් නිර්දොසී කිය කියා පාරවල් ගානේ මිනිස්සුන්ගේ අත්සන් ගන්නයි සියලු සැප විදිමින් හතර කේන්දරේ පාලුවෙලා පවුලට සාපයක් නිසා මහන කරල ජනතාව දෙන පිංබත් ගිලින්නද 🤮😡🤮 නෑ 🙏🙏සම්මා සම්බුදුන් සාරාංඛ්‍ය කල්ප ලක්ෂවාරයක් පෙරුම් පුරල මේ දුක්ඛිත සසරෙන් මිදෙන මාර්ගය ගිහියන්ට දේශනා කරන්න නිවන් මග කෙටිකරගන්න 🙏🙏 උබල සිකවුරු පොරවන් හැම පජාත වැඩම කර කර අර නිර්මල ධර්මය කෙලස කෙලෙස විකුර්ති කරමින් ඉන්න ඇත්තටම නිගන්ටයො🤮🤮🤮🤮🤮"
"Akila Sampath Udayanga","","Hamaduruwana , oya ma udau karanna daramayata anuwa wada karana kanakda. Oya issra wala a hamuduwan hada ganna eta passa rata palakayan gana katha karanna"
"Janaka Priyadarshana","https://www.facebook.com/janaka.priyadarshana.258661","අනුන්ට කඩේ යන්න ගිහින් පච උනා බුරුවා"
"Leo Sebbastian","https://www.facebook.com/leo.sebbastian.1","Kalaknni 🐃 🐕 🔴"
"Don Wi","https://www.facebook.com/profile.php?id=1478271219","හරි දාර්මික පගයා"
"Tharaka Deshpriya","https://www.facebook.com/profile.php?id=100008687289241","දේශපාලන පක්ෂ වලට කඩේ යන වට padayo නිසා  සිංහල ජාතියට , බෞද්ධ දර්ශනය පිළිපදින මිනිස්සු ඉන්න රටක අගාධයට යන්න දෙන්න එපා"
"Mahee Dimuthu","https://www.facebook.com/mahee.dimuthu.5","ඝනයන්ට ඕන විදිහට රට පාලනය කරන්න දෙන්න බෑ,මූත් ඇතුලට දාන්න ඕන😡"
"Krishan SG","https://www.facebook.com/profile.php?id=100038670096135","මොකෙක් හරි නිඝණ්ඨයෙක් එනවා එලියට"
"Lahiru Harshana Samarasinghe","https://www.facebook.com/lahiru.harshana.samarasinghe.2025","Respect sirasa tv මේ වගේ අන්දයෝන්ගේ ඒවට නොගියට"
"Akash Thilanka Jayawardena","https://www.facebook.com/AkashThilankaLK","අධිකරණ ක්‍රියාමාර්ග වලින් දඬුවම් ලැබෙන වැරදිකරුවන් ව නිදහස් කරන්න කියලා ආගමික සහ සිවිල් සංවිධාන අත්සන් එකතු කර කර ආතල් දාන එක.   මේ උන්දැලාව ආදර්ශයට අරන් අර පාස්කු ප්‍රහාරයට ජීවිතාන්තය දක්වා දඬුවම් නියම වුණු කාලකන්නි පව්කාර ගංබරයොන්ව නිදහස් කොරන්ට කියලා මුස්ලිම් නායකයොත් සංවිධානය වේවිද මන්ද ?"
"Madu Madu","https://www.facebook.com/people/Madu-Madu/pfbid0gzALASq7kGm4GzqDEBi3VnLk4ufLaVhYLDnopHHaNuFpQoW1MQyeRSAkmYhn7hnzl","Kala inna beruwa"
"Dimuthu Jeewantha","https://www.facebook.com/Dimuthuowen","මූ මහ හරකෙක්"
"Samitha Himi","https://www.facebook.com/samithahhimi","කතාව ඇත්ත.."
"Ni Shu","https://www.facebook.com/people/Ni-Shu/pfbid0By1rNvrZiYX4WZ2aXSvq1u7wqRKVexsmLMGxVPEJG8AF6V84xMnogGpSjf1YXnjal","ඔය මොන තුරු භූ දැම්මත් වැඩක් නෑ නීතියේ දවඟන යුක්තිය ඉෂ්ට කරනවා ස්වභාවය ධර්ම යෙන් හරි."
"Luke Luke","","උබ ලක්ස 50ක් අත්සන් ගත්තත් තියාගෙන 🍑 ගහන් නිදාගනින්"
"Ruban Rubz","https://www.facebook.com/anandaruban.ruban","Assan Tika aran kole othala ga ganin 😁😁😁"
"Neel Edirisinghe","https://www.facebook.com/people/Neel-Edirisinghe/pfbid0zdTf3ShNa2Y1syQDSL3RXqNG1QR7bwrkUQ2HgE3bkfyJUamoCKJqVDiaronbykBKl","ජනපතිට ඔහොම කතා කියන අතරෙද නනසාරට සමාව ඉල්ලා විලාප දෙන්නෙ තිත්තයා"
"Faizal Meeya Jahn","https://www.facebook.com/faizal.meeyajahn","Akd is the one and only honest president in our nation, most of people love him a lot."
"Deepal Amarasiri","https://www.facebook.com/people/Deepal-Amarasiri/pfbid02itnoUXUekqzCKjDnxQ84i46CgNVQcUe3GEkV4cv3aEnHm8Gfug8UnZ23vAAEubdMl","අත්සන් රෝල් කරලා ගහගනින් පුකේ"
"Shash Fdo","https://www.facebook.com/people/Shash-Fdo/61577660799430","Saharanta media වල gahanna, eka hitiyenane kellakwat ithuwela gahanna gon hu...."
"Alinda Perera","https://www.facebook.com/alinda.perera","Kahakada dusselaya🤮🤮🤮🤮🤮🤮🤮🤮"
"Kasun Gayan De Silva","https://www.facebook.com/kdesilva89","නානසාර වෙනුවෙන් බිජ්ජුසාර.. බිජ්ජුසාරත් නොදන්න දෙයක් නෑ හැමදේම දන්නවා🤮🤮"
"Asitha Shasheen","https://www.facebook.com/asitha.shasheen","අපි විරුද්ධයි සමාව දෙනවට. වැරදි කරා නම් උන් හිරේ දාන්න ඕනේ."
"Sampath Chamara Chaminda","https://www.facebook.com/chamimba.sampath","ආන්ඩුවට බනින්න අවසර දුන්නෙ රටට අයහපතක් වෙනවනම් විතරය් බොල වැරදි කාරයෙක් නිදහස් කරන්න කියල නෙවෙය් උබලට ඕනඕන එකා නිදහස් කරන්න ජනාධිපති පබයෙක් නෙවෙය් බොල බොරුවට දගලන්නෙ නැතිව පාඩුවෙ හිට අනික නිදහස් කරගන්න ඕනනම් අධිකරණය ට පල ජනාධිපති පලිද උගේ වාචාල කම් වලට සිඋරට මුවාවෙලා පක්කිලි වෙඩ නොකර හිටු"
"Wije Rathne","","ඔය පැත්තකින් ඉන්නේ සේපාල ලබ්බා නේද"
"Dininda Maduranga Weerawardena","https://www.facebook.com/dininda.maduranga","මහා නායක වරු බලල මේ සක්කිලි සාසනෙන් එලවල දාපල්ල මුන් සිවුරු ඇදන් බුද්ධ ධර්මය විනාශ කරනව"
"Ishan Chathuranga","https://www.facebook.com/ishan.chathuranga.493481","Pissu huttek 😂"
"A.N. Gamage","https://www.facebook.com/a.n.gamage","අනේ තෝ ඉස්සෙල්ල මහන වෙලා හිටු පරයා"
"Chaminda Jayasekara Jayasekara","https://www.facebook.com/chamindajayasekara.jayasekara.18","ලකෂ 4මොකක්ද ගානක්ද අනුර ජනපතිට ලකෂ 69ක් තියෙනව ......."
"Rukmal Chamath","https://www.facebook.com/rukmal.chamath.2025","දානෙ දෙන එක නවත්තපියව් මෙ වගෙ හුත්තිගෙ පුතාලට 🙂"
"Rmsi K Rathnayaka","https://www.facebook.com/rmsi.k.rathnayaka","පඩංගුවක්"
"Indika Marasinghe","https://www.facebook.com/indika.marasinghe.148","කවදාහරි මේ වගේ  කාලන්නි බුද්දාගම නැති කරනවා.."
"Chamara Herath","https://www.facebook.com/profile.php?id=1067600279","මුන්ට ගූ ගහන්න ඕනේ"
"Janaka Perera","https://www.facebook.com/janakaUPerera","නිකාය පූජ්‍ය තිත්තගල්ලේ ආනන්දසිරි හිමිගේ ඉල්ලීම ප්‍රතික්ෂේප කරන අතරේ (කැකෙරාවේ සුදාෂණ හිමි ගැන) , ජනාධිපතිවරයා ඔහුගේ ඉල්ලීම පිළිගෙන ගණසාර හිමියන්ට සමාව දිය යුතුද?"
"Hettiarachchige Nilantha Hettiarachchi","https://www.facebook.com/people/Hettiarachchige-Nilantha-Hettiarachchi/61593577569177","Pansalata wela hitapiya Ganadaasa."
"Ranasinghe Arachchi Siriwardana","https://www.facebook.com/ranasinghearachchi.siriwardana","ඒක එකා පස්සේ යන්නේ නැතිව, බුදුදහමපස්සේ යන්න,, ඔය සිවුරට තියෙන ගරුත්වය ටිකක් ඉතිරි වෙලා තියෙනවා ඒක හරි ඉතුරු කරගන්න"
"Sena Tissa Gunawardana","https://www.facebook.com/people/Sena-Tissa-Gunawardana/pfbid033aUucN5B8CYaQ2JRvRyzqwvV7n29h3BaLJk81Vx9thftnhXqChCg6itTmCkt9yGrl","තවත් එක් පිනට කන සිව්රැ රඳවනයක්"
"Anura Perera","https://www.facebook.com/anura.perera.37","තොපි කොච්චර ඉල්ලුවාත් ඥානසාරටම සමාව දෙන්නෙ නෑ තට්ටියෝ"
"Nanayakkara Nilupa","","මේ ෆෝස්ට් එකේ කමෙනට්ස් කියවපං එතකොට තේරෙයි තිත්තයා ඉන්න තැන."
"No Words To Say","https://www.facebook.com/thusitha.niroshana","මේක පුදුම කරදරයක් උනානේ 😒"
"Kodikara Sanjeewa","https://www.facebook.com/kodikara.sanjeewa.33","මහ සාපයක් තිත්තගල්ලෙ ඔහේ. 😂 හම්බෙන දෙයක් කාල.ගහන බඩුවක් ශේප් එකේ ගහගන පාඩුවෙ ඉන්නවකො"
"Sanath Algampitige","https://www.facebook.com/people/Sanath-Algampitige/pfbid0ZK8XEaHWe8GWa6UNa1GsbaziEZZxqy7fp4DSU9waJRxmgDQ1sMc1FX226NT9K4egl","Ane. Palayan. Yanna  hutto. ....tho ganja gahalada"
"Roy Tiseera","","නාමල් සුවාමියා මස් කටු කන්න දීල හදපු කුක්කො ."
"Chandana Galkatiya","https://www.facebook.com/chandana.ggackumara","බුදු දහම රකින එක වෙනුවට වෛරය පතුරුවන තුච්චයෝ"
"Geethal Kithsiri Metiwalage","https://www.facebook.com/githal.munasinghe","Gon..කසිකඩයෙක්... සිල් රැකපල්ල.. හාමුදුරුවනේ.. එච්චරයි ඕන.."
"Piyathilaka Mallika","https://www.facebook.com/profile.php?id=100009773974071","හාමුදුරුවනේ ඔයා හදපු අමිමට බන්න වන්නේ නැතිව පඩුවෙ ඉන්න බලන්න මිනිසු කියන දේ"
"Cyril Purijjala","https://www.facebook.com/cyril.purijjala.7","Ane3hukapan Gon pimpiya sakkili balla"
"Dilash Wickramarathne","https://www.facebook.com/dilash.wickramarathne","අ⁣නේ පලයං බං.ඌ හිරේ යන්නම ඔන"
"Thilanka Sanjeewa","https://www.facebook.com/people/Thilanka-Sanjeewa/pfbid0ckL5UEvRzJsVkQ5uT8jFeCbDgCsMT27jLhXThRfz45tWJgGZnSiZ8btfjFVtGunAl","මේ කහ කඩයෝ ටික මොන නිකායේද..."
"Isuru Abeysiriwardana","https://www.facebook.com/isuru.abeysiriwardana.1","තිත්තය ධාර්මිකද"
"Isuru Udana Wickramasinghe","https://www.facebook.com/isuruudana.wickramasinghe","ආණ්ඩුවට බනින්න කලින් මහන වෙයං බං."
"Chinthaka Prasanna","https://www.facebook.com/chinthaka.wimalaranga","Ane mu wage gon huttek"
"Akila Gayan Perera","https://www.facebook.com/akila.gayan.perera","තිත්ත ගල්ලේ කඩේ යන පක්ෂයේ  නායකයා නම් ධාර්මික ඇති. 😁"
"Saman Chaminda Silva","https://www.facebook.com/saman.chaminda.5","අපිට පවි පුරවන්න එපා අවසර ඔයාලා සිවිරැ රඳවන උතුම් කහා සිවිර ආයුධයක් කරගන ඔයාලාගේ ජඩවැඩවලට ආශිර්වාදයක් කරගන්න එපා"
"Ayeon Nissanka","https://www.facebook.com/people/Ayeon-Nissanka/pfbid0A6F175934TKG4j1tcVkdy7yLNtivQjiz7e7PcM4XNwADyzdhq2mcKcBqEdXcVAbMl","උඹේ බණ නෙවෙයි බං බුදුහාමුදුරුවන්ගේ බණ කියපං. එතකොට හරි."
"Ishara Madushan WG","https://www.facebook.com/ishara.madushan.9256","Thiththagalle pakaya gamath ekka kanawa muu 💩🐃😂"
"Dinuka Chathuranga","https://www.facebook.com/dinuka.chathuranga.127","Athsan tika roll krala puke gahaganna uba wahanse"
"Roshan Kumara","https://www.facebook.com/roshan.kumara.967806","මහන වෙලා හිටපන් ගොනා"
"Spidar Bro","https://www.facebook.com/spidar.bro","Kohomada මේ pakayage gema අමන hukanna"
"Johan Nihara Niraya","","Mama buddagame kenwk...palayan yako, yanna, chiwara Damme, deshapalanaya karanna nemei, AGAMA, pathurawanna, eka Karan, API Dena de kala idapan.  I am a Buddhist. Go away, get lost. I wore the robes to spread the Dhamma, not to engage in politics. Do what you can for the people and then leave it at that."
"Tharindu L Wanniarachchi","https://www.facebook.com/tharindulakmal.wanniarachchi","මේ වීඩියෝ එක ජනාධිපතිට අදාල වෙන්නෙ කොහොමද මොලේ පරීක්ෂා කරගනින් මුලින් 🤮"
"Ylms Yakandawala","https://www.facebook.com/saduni1274","ඔකුන් හමුදුරුවරු නොවෙයි බුදු සසුනට සපයක්වූ කහකඩයෝ තොපි සිරුදාගත් හොර මහනු හොද බික්සුන්ට ලැජ්ජා කරන පාපතරයෝ.අනේ බුදු සසුනට කරන අපරදයක් මේ කහකඩයෝ"
"ඕලු කුමාර","https://www.facebook.com/sjd18tbqbu","තොපිකියන්නෙ හොදවචනද බල්ල බොලයි අප්පොච්චි ද සක්කිලිය"
"Abewickrama Liyanage Gamini","https://www.facebook.com/abewickramaliyanage.gamini","අනේ හුකහං තට්‍ට හුත්ත"
"Nirmal Kumarasiri","https://www.facebook.com/nirmal.kumarasiri.2025","මුස්ලින්  එවුන්ගෙ අතකොලුවක් මෙ ආන්ඩුව"
"Emn Ekanayake","","අත්සන් ගැහුවාම ජනපති සමාව දෙනවාද යකො වැරදිකලානමි විදවන්න ඔන ලැජ්ජායි .. කරන්න පුලුවන් පාහර වැඩ කරලා දැන් ජනපති සමාව ඉල්ලනවා"
"Thilan Nayanraj Pitigala","https://www.facebook.com/profile.php?id=100010115089060","Rusith Sandeepa  අඩෝ රුසිආ මූ මාර ස්මාර්ට් විදියට සිවුර යූස් කරනවා මතං,මූව පලෝ කරාන්"
"Madhusan Prabath","https://www.facebook.com/people/Madhusan-Prabath/pfbid02fVtGH7gzuT2zzTrfWEj77GKEcp5H47TJczeSiQhfj56YF8UDqknb7tVPEugH4AAzl","සක්කිලියා තොපිවගෙ උන් මේ රටෙ සාපයක් කරුමයක් පර ගෝතයා"
"Suresh Ayantha","https://www.facebook.com/sureshayantha","ඔබ අධාර්මික භික්ෂුවකි මේ මොහොතෙ."
"Dharshana Jayawardhana","https://www.facebook.com/dharshana.jayawardhana.5","යකු ඒක මාර වැඩක් නේ නානසාරයා නැත්නම් බුද්දාගම අනතුරේ....අනේ පලයන් බන් ..කිසිම සමාවක් නැත..මොකද අපි මැරිලා ඉපදුනේ නැත..අනිවාර්යයෙන් ඇතුලට දානවා..තව හයියෙන් කෙදිරි ගාන්න"
"Rohan Rupasinghe","https://www.facebook.com/rohan.rupasinghe.330","ධාර්මික අධාර්මික බව දේශනා කරන්න තිත්තගල්ලේ මරු බඩුව... 😬😂 සමහරවිට අවුරුදු විසිපහක් විතර රටේ දූෂණ සිදු කරපු... තමුන්ට විරුද්ධයි කියලා හිතෙන හැමෝම වලපල්ලට යවපු රාජපක්ෂලා ධාර්මික ඇති නේද ??? අනේ තිත්තගල්ලේ... ඔහේ ඊයේ අනුරාධපුරේදී ජනතාව ඉදිරියේ කිච උනා වගේම.... ඉදිරියටත් බුද්ධ චීවරයේ පීචං කර කරා යන ගමනෙන් ඔහේට වෙන්නේ... ඥානසාර  2 ලේබලය ගහගන්න. 😬 හෙන ගහනකොට එළියට දාන මැදමූලනේ අලුත්ම යකඩේ.... නම ""තිත්තගල්ලේ"" මුන්ගෙ මේ කැත දේශපාලනය මහ නායකවරුන්ට  අවුලක් නැතිව ඇති නේද ???🥱😳  ඥානසාර වගේ චීවරධාරී අපතයෙකුට... ජාතිවාදය ආගම්වාදය පැතිර වූ නරුමයෙකුට... උසාවියෙන් වරදකාරයෙක් වෙච්ච සිවුරු රඳවනයකට බුද්ධ චීවරය අවභාවිතා කරමින් පාර පුරා රඟන තිත්තගල්ලේ.... නිකායේ සංඝනායක ලාට කැකිරාවේ සුදස්සන හාමුදුරුවෝ විතර ප්‍රශ්නයක් නැතුව ඇති !!! 🥱😳"
"Kumara Pitigala","https://www.facebook.com/kumara.pitigala.2025","මේක බලපං තිත්තයා..."
"Dns Sri Lanka","https://www.facebook.com/jdn.sri.lanka","අනේ තට්ටයෝ.......ඔය උතුම් බුද්ධ චීවරය ගලවලා දේශපාළුවොන්ට කඩේ පලයන් තට්ටයා"
"Lakmal Ranasinghe","https://www.facebook.com/lakmal.ranasinghe.760352","Atsan tika gahaganin ube puke"
"Roshan Perera","https://www.facebook.com/roshan.perera.796569","කවුදබන් මේ කලු තඩි ගනයා. සක්කිලි කහකඩයෙක්"
"Delanka Suresah","https://www.facebook.com/people/Delanka-Suresah/pfbid028amHSkLVqozZw3BVmvYC7rFsS65WqtnctMuWYfXVnG1uuANS6y29RJJ9KgnRzJpNl","මූගෙ අම්ම ගැට අන්නසි කාල නෑ මූව රෙන්න ඉන්න කාලෙ"
"Jayarathna Vidanagamage","https://www.facebook.com/people/Jayarathna-Vidanagamage/pfbid0Wa96kTAKUT9aJm9vSiWWGYpYjBbf17Fh5TqoDRYsAwrBwwDxjwcZdbu85FZZThQl","මු කියන ඒවා අනුර දන්නේ නැත්තේ දහම් නොදන්න නිසා නමුත් ත්‍රිපිටකය බලන්න"
"Dushantha Anthony","https://www.facebook.com/dushantha.punchihewa.2025","Ape rata diyunuwata athee bada kahakada pohottu sun#k#yo"
"Chandradasa Walpola","https://www.facebook.com/chandradasa.walpola","මීහරක් කතාවක් අහගන්න"
"Krishantha Pushpakumara","https://www.facebook.com/krishantha.pushpakumara.739","මූට මොකද්ද හැදිච්ච පුක් ගාය 🤣"
"Haritha Iranga Pitigala","https://www.facebook.com/haritha.pitigala","සමාව ඉල්ලන්නෙත් බලෙන් තග දාල. මෝඩ යක්කු.😆"
"Teckla Chooty","https://www.facebook.com/people/Teckla-Chooty/pfbid0XCNtxmxq9xPsg51DwmCMJCytP6n4e3xaCWRdPVXWKqD2jb5LqxeMiYWRNV1wjhxRl","පක යෝ තෝ දන්න දේවල් හන්ගන් කතාකරන්නෙ"
"Duminda Siranda","https://www.facebook.com/duminda.siranda","මු පිස්සෙක් හොරුන්ට කඩේ යන තවත් චිවර දාරි ගොබිලෙක් නාන සාරගේ ගොට්ටෙක් මුයි වන චාරියයි දෙන්නම එකයි තව ඉත්තැව .මුන් චිවරෙට මුවා වෙලා රාජපක්ෂලගේ ඉදුල් කන බල්ලෝ.😀😀😀"
"Padmasiri Jayasinghe Kodippiliarachchilage","https://www.facebook.com/people/Padmasiri-Jayasinghe-Kodippiliarachchilage/pfbid02wSnVFWYKGKQ5E65ZGv9Koi7uWQFVMw9kXh9CsbmekigrMCg9nyDzvApPzeU39k9Al","ගොලයෙක්"
"Dilshan Herath","https://www.facebook.com/madusha.sadaken","Att maha koti pkaya sasne kanwa ball"
"Gaya Randimal","https://www.facebook.com/gaya.randimal.3","හොර තක්කඩිය වෙනුවෙන් කඩේ යන්න එපා  කහ සිවුර නැති කරගන්නෙත් ඔය කඩේ යෑමෙන් තමයි"
"Nadeesha Hewage","https://www.facebook.com/nadeesh.hewage.5","මෙච්චරකල් රට කරේ දාර්මිකයෝද බල්ලෝ"
"Rajah Cicil","https://www.facebook.com/rajah.cicil","අනේ පල වනචාරියා . අනිවාර්යයෙන්ම ඥානසාරට දඩුවම් ලැබිය යුතුයි . 😂😂😂"
"Jagath Pushpasiri","https://www.facebook.com/jagath.pushpasiri.245294","අනේ පලයින් හාමුදුරුවනේ බේගල් ඇද බාන්නේ නැතිව"
"Lion Man","https://www.facebook.com/Damayanthikaa","බුදු ගනයෝ අර ලමයෙක් දූශනේ කරපු හාමුදුරුවෝ ගැන ඔය කතා කරේ නෑනේ ගනයෝ😁"
"Wimal Jayasooriya","https://www.facebook.com/wimal.jayasooriya.1","ධාර්මික ගේම්කාරයෙක් 😀😀😀😀"
"Roshan Kularathne","https://www.facebook.com/roshan.kularathne","Lawyer රැවුල් මහත්තයට නින්ද ගොහින් නේද 😂😂😂"
"Dhammika Bandara","https://www.facebook.com/dhammika.bandara.52","පල කැ. යා"
"Kanthi Silva","https://www.facebook.com/people/Kanthi-Silva/pfbid022LJ7v6NWatjfWhVAC8zkPuXEz3nMbScW6itZFhto5ojfX91cgC3N9XxXmjmrrE7sl","සරණඥානසාර හාමුදුරුවන්ටත් මූගෙන් සමාව මොකටද ජනාධිපති සමාවත් එක්කනේ මූ කාලකන්නියා දාලා හිර"
"Shanaka Krishantha","https://www.facebook.com/shanaka.krishantha","හාමුදුරුවො උසාවියට අපහාස කරෙ රනිල්ගෙ කාලෙ දඩුවම් දුන්නෙ රනිල්ගෙ කාලෙ නිදහස් කරෙ රනිල්ගෙ කාලේ වැරදි අනුර"
"Tharaka Udaya","https://www.facebook.com/tharaka.udaya.792","අපිටත් අයිතියක් තියෙනවා තොපි වගෙ හිපටුවන්ටත් බයින්න ගොට්ට හැත්ත 😆😆😆😆😆😆😆"
"Gama Dassanayake","https://www.facebook.com/smule.singer.758","මහන උනානම් ශාසනයට වැඩ කරපං, දේශපාලනය කරන්න ඕනෙනම් සිවුරු ඇරලා ඒක කරපං, බුදු දහම ඉස්සරහට දාගෙන උබලනෙ වෙරය පතුරුවන්නේ, ඔහොම දහමක් ගැන බුදුන් වහන්සේ දේශනා කරලා නෑ, කන්න එපා නිර්මල බුදු දහම, තොපි සිවුරු ඇදන් ඉන්න අන්‍යාගමිකයෝ..."
"Chanaka Prasad","https://www.facebook.com/chanaka.prasad.520","ගලබොඩ ඥානසාර හිරේ යනකොට ,,ඌ කරපු ජාතිවාදී project කරන්න මැදමුලනෙන් replace කරන ඊලඟ ජාතිවාදියා තමයි තිත්තගල්ලේ..🤣🤣🤣   200% sure..👈"
"Naleen Chamara","https://www.facebook.com/naleen.chamara.2025","සග බල්ලෝ තොපි"
"M Indika Fernando","https://www.facebook.com/yasantha.fernando.9659","😜😜😜😜😜 පාඩුවෙි ඉදපල්ලා"
"Amal Satharasinghe","https://www.facebook.com/amal.satharasinghe.1","පල හුම්තිගෙ පුතෝ යන්න"
"Malinda Mendis","https://www.facebook.com/malinda.mendis.5","ඥානසාරයක් කුණු හම්බياම වදාරනකොට ඔබවහන්සේ කොහෙද හිටියේ හිටියෙ?"
"Thanha Rathi Raga","https://www.facebook.com/amanushya.bala","ටිකක් පිස්සු වගෙයි නේද දැන්...අනුකමිපා කරමු..මයිත්රිය පතුරවමු මෙතුමාට.."
"Gayan Munasinha","","ඕකට හම්බවෙන්නේ නැ"
"Nilantha Vithanage","https://www.facebook.com/NilanthaSampath.Vithanage","ඔය ටෝන් එකෙං අමතල නං බණ කියාගන එන්නත් එපා. නෝ සමා."
"Janaka Perera","https://www.facebook.com/people/Janaka-Perera/pfbid0k4PiuCZJr84TShw9QPYrBi2y2jvt819GtWsqj8MhE2HNGugDdyvU6CDpsXNJYa2Jl","NEETHIYA SEMATA EKAI"
"Manoj Jeewantha","https://www.facebook.com/manoj.jeewantha.76177","අංගොඩ පල කැරියා තෝවත් හිරේ දාන්න ඔින"
"Bandara Bulathsinghala","https://www.facebook.com/bandara.bulathsinghala","බුදුන්ගේ ධර්මය විනාශ කරන මිසදුටුවෝ. බුදුන්ගේ ධර්මය ඉස්සරහට දාගෙන යටින් තමන්ගේ පටු දේශපාලන අමුණු ඉටු කර ගැනීමට කැස කවන දේවදත්ත පරපුරේ සිව්රු පොරෝන."
"Hasith Eranga","https://www.facebook.com/hasith.eranga.1694","ජනාධිපතිතුමාට ධාර්මික වෙන්න කලින්  උඹ පැවිද්දෙක් වෙලා උඹ ධාර්මික වෙයන්කෝ ඔබ නිකං ගිහියෙකුටත් වැඩිය දේවල්නේ කරන්නේ"
"Supun Shen","https://www.facebook.com/supun.shen","සිව්රු වෙලා සිව්රට නිගා කරන ගායකයෝ බුද්ධ සාසනේම විනාස කරනවා අපතයෝ මුන්ගෙ සිව්රු ගලවලා පන්සල් වලින් ගහලා පන්නන්න ඔනේ"
"Chanaka Damith","https://www.facebook.com/chanaka.damith.18","උ.බ ගිහිල්ලා බන කියහාන්.. ආණ්ඩුවේ උන් ඒවා බලාගනී.. පු....ක...නොදී පව් නොදී පළයන්"
"Saman Pushpakumara","https://www.facebook.com/people/Saman-Pushpakumara/pfbid02R9bRvarZoMPBu2uVhXMsn6cz87xVbDwFd3inE5aSK9YRTRmEPwHBbYLRpPYVSn1fl","තෝ ඇවිල්ලා සාසනයේ විනාශ කරන ගස් බල්ලි ගලෝපිය පරයා චීවරේ"
"Susil Dissanayake","https://www.facebook.com/susil.dissanayake.39","අධිකරණ තීන්දු වලට ජනාධිපති තුමා මැදිහත් උනොත් ,අපිට හිතන්න තියෙන්නෙ එදා, මෙදා  වෙනසක් නෑ කියල ..."
"Wijayanandha Ruwanpathiran","https://www.facebook.com/wijayanandha.ruwanpathiran","ඔය කියන ප්‍රෙෂර් එක  මේ රටෙ ජාතිවාදය අවුස්නකොට තිබුනෙ නැනෙ"
"Nuwan Kumara","https://www.facebook.com/people/Nuwan-Kumara/pfbid0hwXmFCUrRwQqELs3SVdV9ENn54UbBHujbXxV6jW7Z2X6QDLDcNzaQ1gxMba2DSadl","ගනයන්ට බෑ පරයෝ ගිහියන්ට බහින්න තොප"
"Chethana Romesh Wijerathna","https://www.facebook.com/chethana.wijerathna.697280","ඇයි බන් මූ මෙච්චර කලු පාරෙ කම්කරු වොවත් ඔච්චර කලු නෑ 😂😂😂😂🤪"
"Saman Kumarasiri","https://www.facebook.com/saman.kumarasiri.77128","ඔව් උඹල පොඩි එවුන් අවුරුදු දහසේ පහළ වීම දූෂණය කරපල්ලා දෝෂණය කරලා සමාව ඉල්ලපු ගමන් සමාවෙන්න පොන්න හුත්තිගේ පුතා"
"Samantha Samantha Samantha","","Jathuwadaya aussanna epa yako"
"Anura Dissanayaka","https://www.facebook.com/anura.dissanayaka.660755","පල බුරුවා යන්ඩ"
"V.H. Wijerathne","https://www.facebook.com/people/VH-Wijerathne/pfbid02KastJTySdLCTRg1UffStdzki35VSFSv8KKVB7DVuwRREEQ2ydWyajMYKdkMiCsoHl","හොරු වෙනුවෙන්  කඩේ නොගිහින් වෙන වැඩක් බලා ගනින්"
"Pawithra Sadamali Ramanayaka","","උබලා මහන වෙයල්ලා.."
"Nihal Weerarathna","https://www.facebook.com/nihal.weerarathna.52","ඉස්සෙල්ලා මහන වෙයන් සිව්ර පෙරවා ගත් ගල් මුසලයා"
"Akl Hasantha","https://www.facebook.com/raweendra.raweendra.54","අනුරගෙ ගූ කන ජෙප්පො ..වැලලෙනවා මෙකෙ 🤮"
"Dasun Jayantha","https://www.facebook.com/dasun.jayantha.9","ජනාධිපතිතුමා කිව්වට ආණ්ඩුවට බනින්න අයිතියක් තියෙනවා කියලා අපිටත් අයිතියක් තියෙනවා බනින උන්ට බනින්න 😂"
"Sugath Kd Kd","https://www.facebook.com/sugathkd.kd","Rata hodata yankota mokkuda ma pillie"
"Nandani Balasooriya","https://www.facebook.com/people/Nandani-Balasooriya/pfbid02LqW9JUWfqDvdAPEFeEUaNX9sMg3QBHu1rt5N4KSYNx1S4BF76zczk1KeynCBKYNbl","Nodakin  dobi kunuarupa  බලකාය  හාමුදුරුවෝ  alajk dobiyanta"
"Amila Bulathsinghala","https://www.facebook.com/amila.bulathsinghala.7","සිංහල මෝඩයෝ සිංභලයටම ගහනව.මෙහෙම අමන ජාතියක්"
"Kalpa Edirisinghe","https://www.facebook.com/kalpa.edirisinghe.2025","බොල තිත්තයො, පාඩුවෙ හිටු."
"Chris Brandon","https://www.facebook.com/chris.brandon.351104","මිනිස්සුන්ගෙ තරහට හේතුවක් තියෙනව. මේ රට ආපස්සට යන්න එක හේතුවක් තමයි ජාතිවාදය පතුරල රට ගිනිතිල දේසපාලුවන්ට කත් ඇදපු චීවරධාරීන. බහුතරයක් මිනිස්සුන්ට තේරෙන දේ ඔබ වහන්සේට නොතේරෙනවද එහෙම නැත්තන් නොතේරුන සේ වෙනත් න්‍යාය පත්‍ර වලට වැඩ කරනවද කියන එක ගැටලුවක්."
"Tharaka De Silva","https://www.facebook.com/tharaka.de.silva.469559","අනේ ඉට කලින් උබල මහනවෙලා හික්මිම ඉගෙන ගනින්........."
"Sumidu Kumara","https://www.facebook.com/people/Sumidu-Kumara/pfbid037R3ymQDs9FRG3Lk6apiWuSWQpVUtrfvTb9wnX8DuTL4Ewv5NGVbrdkvpEHCMTHXHl","කෞද උට්ටෝ මේ බත් බැ ලය"
"Samarakoon Srilal","https://www.facebook.com/people/Samarakoon-Srilal/pfbid02WuT3A95bprTnP1zfpxPjhNEf1ur5rBuBCTiwp3tzx6X1ykZZ7xZGAA8DwqirF2Ccl","උබ හරකෙක් කියලා ලංකාවේ මිනිස්සු දන්නවා"
"Arie Terlouw","https://www.facebook.com/profile.php?id=100000813741963","මානසික ලෙඩිඩූ 🤮"
"Madhura Sampath","https://www.facebook.com/madhura.sampath.106892","මෙන්න ධාර්මිකයා"
"Sumudu Mahathanthla","https://www.facebook.com/sumudu.mahathanthla.9","කොටියට දෙමල එකෙක් බනින්නෙ නෑ, පාස්කු ගැහුව මුස්ලිම් උන්ට එක මුස්ලිම් එකෙක් කට අරින්නෙ නෑ,  සිංහලයා තමයි තමන්ගෙ ජාතිය. වෙනුවෙන් කතා කරන එකාටම කෙලින එකම ජාතිය"
"Rashmika R Shehan","","ඔයඔක්කම එකම වල්ලෙ බඩු"
"Nuwan Premasiri","https://www.facebook.com/nuwan.premasiri.777","අනේ  හුකේ  නන්නානේ"
"Bawantha Nish","https://www.facebook.com/bawantha.Nish","ප්‍රොෆෙසර් කැල්කියුලස් තිත්තගල්ලෙ සාදුට සෙට් වෙලාද ඒ පාර"
"Jayantha Walallawita","","නානසාරට කඩෙ යන පකෙක් ගැණ කුමන කාතාද?"
"Kasun Madusanka","https://www.facebook.com/kasun.madusanka.256762","කැරි  තට්ටයා උබ කවුද හුත්තෝ AKD බනින්න දානේ කලා අති වෙලා වගේ. තොට පුලුවන් නම් දකුනට වරෙන් ඔය අස්සන්  ගන්න පරයා"
"MD Saman","https://www.facebook.com/profile.php?id=100002656767016","රෙවිලා 🤮"
"Avishka Dilshan","","වැරදි කාරයෙක් බේරගන්න අස්සන් හිගාකන උබ දාර්මිකද එතකොට 🤣"
"Damith Damith","https://www.facebook.com/people/Damith-Damith/61588760596182","සාසනෙ කන පර බල්ල පට්‍ට තට්ටය"
"Darshani Hettiarachchi","https://www.facebook.com/darshani.hettiarachchi.612810","රජය බුදුසසුනට මුල්තැනදීලා.එතකොට මිහින්තලේ ස්පා අරින්නද"
"Sithum Soyza","https://www.facebook.com/sithum.soyza.825138","මුව මහන කරනම් හරි කැ## පු## දෙන කහකඩයියො. ඒ කොල්ලො සුපිරි කොල්ලෙක් යකෝ තොපි වගේ පු# දෙන්නේ කැ# කහකඩයෝ"
"Saman Sujeewa Hettiarachchi","https://www.facebook.com/samansujeewa.hettiarachchi","මේකෙ මොනතරං නං  නිරාගමික නපුංසකයො ඉන්නවද? මුං මේ රට කොහේට දක්කයිද?"
"Welimada Wimala","https://www.facebook.com/priyankara.rathnayaka.7509","[Image Attachment]"
"Prasangi Wimalarathne","https://www.facebook.com/prasangi.mudannayaka","Welimada Wimala 😊🙏"
"Afshan Mhd","https://www.facebook.com/afshan.afshan.79462","අරූ නීතීන්‍යයෙක්ද🤣 ම්න් දැක්කෙ හරියට වන්නිල ඇත්‍තොන්ගෙ කවෘහරි වගේ ඕයි 🤣 ජනාධිපතිගෙ වැඩේ අනුන්ගෙ ජේප් බල බල ඉන්න එකද 🤣"
"Thisara Madushan","https://www.facebook.com/thisara.madushan.127","Afshan Mhd"
"Prasangi Wimalarathne","https://www.facebook.com/prasangi.mudannayaka","[Image Attachment]"
"Hemachandra Girigama","https://www.facebook.com/hemachandra.girigama","muta pissu"
"Ruchira Kumara","https://www.facebook.com/people/Ruchira-Kumara/pfbid0LoYDKHTzPsxRwCBiVmKgMvHBW6AeTGkHj9dEtqVeicavZii5vnkr1b3T3m9hozojl","ඕක ගලවලා මේක විතරක් ඇදගෙන පාරේ පලයන්.... 😂😂"
"Shamal Warnakula","https://www.facebook.com/shamal.warnakula","[Image Attachment]"
"Senavi Rathna","https://www.facebook.com/senavi.rathna.704336","මූ මොන ගොන් පකයෙක්ද මන්ද?"
"Gayan Anuradha","https://www.facebook.com/gayan.anuradha.752","[Sticker]"
"Rukmal Kalugampitiya","https://www.facebook.com/rukmal.kalugampitiya","[Image Attachment]"
"Kumara Sudarmaka","https://www.facebook.com/kumara.sudarmaka","Nalin Sampath"
"Vijitha Kumara","https://www.facebook.com/people/Vijitha-Kumara/pfbid0y5UHcSo5bNFU9sgT5aBTL4ef24DPbFVxJmrpextSnY6P9X16w8yq49E1yAAMQg6al","[Sticker]"
"Dinesh Muthumaala","https://www.facebook.com/people/Dinesh-Muthumaala/pfbid0CyYyZZPmKgFiFEhvtN7GwfofAtCbQ93ELKs5FasbfVf1E4mcdCUsdt8QQpy2Mo4sl","[Image Attachment]"
"Nilesh Abeywickrama","https://www.facebook.com/nilesh.abeywickrama","🐂🐂🐂🐂"
"Sudesh Pathirana","https://www.facebook.com/sudesh.pathirana.75","[Image Attachment]"
"Premasiri Premasiri","https://www.facebook.com/premasiri.premasiri.184284","❤️❤️❤️❤️❤️"
"Srinath Bandara","https://www.facebook.com/srinath.bandara.792","හාමුදුරුවුණේ අපේ ආගම අපිට නැති කරන්න එපා බොහොම කණගාටුවෙන් මේ කියන්නේ ඉතිං ඔය කියන විදියට ඔබ වහන්සේලාත් මේ කරන්නේ ක්‍රෝධයක් වෛරයක් නේද  මේ කියින දේවල් වලට කියවෙන්නෙ කුණුහරපම තමා  හමුදුරුවනේ අපිට අපේ රජා හොදයි හොඳම හොඩයි  ඔය දරාගන ඉන්න සිවුරට ආගමට ආදරෙයි දෙස පාලනේට අත නොදා පංසලේ රාජ කාරිය ඔබ වහන්සේලා හරියට කරන්නකෝ ඒ ඈති අපිට මේ කාල කාල තියන හපේවත් දැන් අපිට අපේ දරුවන්ට ඉතුරු කරපියව්වූ ත්වත් කන්නෙ නැතුව"
"Buddika Nanayakkara","https://www.facebook.com/buddikanana","[Image Attachment]"
"Shanaka Dilshan","https://www.facebook.com/shanaka.dilshan.733","😃😃"
"Prabodha S Hettiarachchi","https://www.facebook.com/prabodha.sandaruwan.3","😂"
"Mayura Buddhika","https://www.facebook.com/mayura.buddhika.18","🤣🤣🤣🤣🤣🤣🐂🐂🐂🐂🐂🐂🤣🤣🤣"
"Upali Makunda Gamage","https://www.facebook.com/upali.makundagamage","[Sticker]"
"Ravi N Sakunthala","https://www.facebook.com/ravi.perera.3954","[Sticker]"
"Chaminda Kodagoda","https://www.facebook.com/chaminda.kodagoda.186273","[Sticker]"
"Sameera Ravindra","https://www.facebook.com/sameera.ravindra.5","🤣🤣🤣"
"Gayan Manoj","https://www.facebook.com/gayan.manoj.5621","🐃"
"Chandana Priyantha","https://www.facebook.com/chandana.priyantha.946","🐂🐂🐂🐂🐂"
"Greshan Sisira","https://www.facebook.com/greshan.sisira","😅😅😅"
"Mk Indika","https://www.facebook.com/people/Mk-Indika/pfbid0wCb6xPKn1UVkaEsdZMv6JABE2P8WDreZzV7XCdYJKaCkZ6qjjg8LsfrygfrWAQNCl","[Image Attachment]"
"Vajira Weerakkodi","https://www.facebook.com/vajira.weerakkodi","🙏🙏🙏"
"Hasthika Weragoda","https://www.facebook.com/hasthika.weragoda","😂"
"Manjula Manjula","https://www.facebook.com/manjula.manjula.678975","😂"
"Tuan Faleel","https://www.facebook.com/people/Tuan-Faleel/pfbid02kYZtCGNzwFuZpmsYUh1DA5BjmRYnvBVmNjyHjvJgGQD2HDjje975NLLuk2QWVqYHl","[Sticker]"
"Anuradha Senanayaka","https://www.facebook.com/anuradha.senanayaka.777","😄😄😄"
"Dammika Pradeep","https://www.facebook.com/dammika.pradeep.148","🤣🤣🤣🤣🤣😁😁😁😁😁😁😁😁😁"
"Lakshman Jayalath","https://www.facebook.com/lakshman.jayalath.520","[Sticker]"
"Jagathjagath Kumara","https://www.facebook.com/jagathjagath.kumara.2025","🤣"
"Jagath Kumudakara","https://www.facebook.com/jagath.kumudakara","[Sticker]"
"Puspa Kumara","https://www.facebook.com/puspa.kumara.58323","[Image Attachment]"
"Roshan Narangodage","https://www.facebook.com/people/Roshan-Narangodage/pfbid027FSez2LxihgKiqZD3oAQZbbNxskiNps6Vah2rLjR26fabWD2T7ncQaBjqDFvaKNnl","[Sticker]"
"Asanka Wenura","https://www.facebook.com/asanka.wenura","@highlight"
"マヘシュ・プリヤンカラ マヘシュ","https://www.facebook.com/people/%E3%83%9E%E3%83%98%E3%82%B7%E3%83%A5%E3%83%97%E3%83%AA%E3%83%A4%E3%83%B3%E3%82%AB%E3%83%A9-%E3%83%9E%E3%83%98%E3%82%B7%E3%83%A5/pfbid028gfJgTTE8vxDHzkDRWymkkGvVTwNc22JHzZWLv6R5nvNGmgAzFMFiUR3gAkw98nVl","[Image Attachment]"
"Rohan Gamage","https://www.facebook.com/rohan.gamage.208373","[Sticker]"
"Nayomi Welagedara","https://www.facebook.com/nayomi.welagedara.52","🙏"
"Yashod Kavin","https://www.facebook.com/yashod.kavin","යොමාල් විරාජ් 🫤"
"යොමාල් විරාජ්","https://www.facebook.com/yomal.viraj","Yashod Kavin මතකද මුල්ම දවසේ මම උඹට දෙයක් කිව්වා..නාමල් ගැන තිබුන පෝස්ට් එකේ..මෙයාට වෙලා තියෙන්නේ ඒක මචං..."
"Manjula Kumara","https://www.facebook.com/manjula.kumara.620560","[Image Attachment]"
"Sumith Mandadige","https://www.facebook.com/people/Sumith-Mandadige/61577062738230","[Image Attachment]"
"Ven Welimada Dhammalankara","https://www.facebook.com/ven.welimada.dhammalankara","💯"
"Lakshitha Dilshan","https://www.facebook.com/lakshitha.dilshan.webdesigner","😂"
"Sanjeewa Piyarathne","https://www.facebook.com/people/Sanjeewa-Piyarathne/pfbid0t7A4SdwAY6kjvKHaK8wgq27WJoEh7S1LAv8KdDCWRJvNKX2z4bQ6QJis6nhPK9c8l","🤣🤣🤣🤣🤣🤣😪"
"Isuruthilanka Yapa Mudiyanselage","https://www.facebook.com/isuruthilanka.yapamudiyanselage","😂😂😂😂😂"
"Lalith Jayathilake","https://www.facebook.com/lalith.jayathilake.2025","[Sticker]"
"Piyathilaka Weerasingha","https://www.facebook.com/people/Piyathilaka-Weerasingha/pfbid02bmRuZRogsodv8iDvHknN9pfsJxADpbfPrHBBrgTjjKy11hr5VjhaSdWEff9KwyhEl","[Image Attachment]"
"Madushanka Senavirathna","https://www.facebook.com/people/Madushanka-Senavirathna/pfbid0jLg4fnFQDESzWqp6NcbnrxfBHns3gqW8tN5q93iqXmoybpfvw6UHqfmNyeg6SJrFl","😂😂😂🤣🤣"
"V.G. Hasun Umayanga","https://www.facebook.com/umayanga.hasun","[Image Attachment]"
"Anura Munasigha Arachchige","https://www.facebook.com/anura.munasighaarachchige","මහන්සි වෙලා හම්බ කරන මුදලින් ඒක දවසක් වත් කහ කඩයන්ව නඩත්තු කරන්න එපා."
"Lgcj Janaka","https://www.facebook.com/profile.php?id=100043450221389","☝️☝️☝️☝️☝️☝️☝️"
"Sadamali Dinusa","https://www.facebook.com/people/Sadamali-Dinusa/pfbid02bCSyxDskWWWrXT9zv6QJ5YGZqGXTAyXMDQMrzP7rDSDaFqRTfwCmdj5FhjTJkLJ7l","Oyaga.maralassana.bana..oyabana.vadibana"
"Senaka R Kumara","https://www.facebook.com/senaka.kumara.1829","[Sticker]"
"Nimshan Avishka De Moraes","https://www.facebook.com/nimshanavishka","😂"
"Priyantha Karunathilaka Aal","https://www.facebook.com/priyantha.karunatilaka.7","🙏🙏🙏"
"Tharaka Lesli Wijethunga","https://www.facebook.com/tharaka.lesli","🖕"
"Neel Shan","https://www.facebook.com/profile.php?id=100019735060635","[Image Attachment]"
"Jayantha Bandara","https://www.facebook.com/people/Jayantha-Bandara/61584103912659","[Image Attachment]"
"Pamithya Wimaladasa","https://www.facebook.com/pamithya.wimaladasa.3","[Sticker]"
"Faizur Rahuman","https://www.facebook.com/faisur.rahuman","[Sticker]"
"Viraj Nilantha","https://www.facebook.com/people/Viraj-Nilantha/100005527576179","බුදු හාමුදුරුවෝ විකුණගෙන කන එවුන්"
"Buddkika Lasantha","https://www.facebook.com/buddkika.lasantha","⚖️⚖️⚖️🎓🎓🎓"
"Mohamed Naizer","https://www.facebook.com/mohamed.naizer.128223","[Image Attachment]"
"Nishan Nishan","https://www.facebook.com/people/Nishan-Nishan/pfbid09jPAzMz5k5HRvFWetko7wMAxyTrtL4wCxaSmrUjQ1TqJDCDmgih576FW2KD45epFl","[Image Attachment]"
"Kavedu Bandara","https://www.facebook.com/kavedu.bandara.5","[Image Attachment]"
"Rajasinghe Athula","https://www.facebook.com/rajasinghe.athula","සමාව ඉල්ලන්නෙත් ..තර්ජනය කරලනේ....අනුරට බැන බැන සමාව දෙන්නලු..."
"Hemaka Herath","https://www.facebook.com/people/Hemaka-Herath/pfbid0SrsGN2os7wsWNCU4KHzBbUef7U4fpbfXJAq3WGmPKDbLfbnZBNdj2qK7QywJtCQAl","කොහොමත් පච හා බලු හැත්ත JVP.."
"Raja Raja","https://www.facebook.com/raja.raja.5412","🖕🖕🐃💨🐂💨🖕🖕🐂💨🖕🖕🐂🐃🐂🐃🐂🐃💨🖕🖕"
"Wajira Balasingha","https://www.facebook.com/wajira.balsinghage","[Sticker]"
"Nilangq Sajeewa Nilanga","https://www.facebook.com/people/Nilangq-Sajeewa-Nilanga/pfbid02ng5r9Uz6vTeQGKyfFtigydYq5yrQyoxx2WJhy3K9cuYrYsNFjwFF68xWZ9DtZWUnl","[Sticker]"
"Presad Gunathilaka","https://www.facebook.com/people/Presad-Gunathilaka/pfbid02ZZDYiG7B8cTh6RcWZrAu2dpChYgWzMTBRSiFaVGFfSgMa1GEWAMwh4218HYFgRwBl","[Image Attachment]"
"Gandhi Gamini Ferdinando","https://www.facebook.com/gandigamini","😂🐈"
"Jayathissa Jayathissa","https://www.facebook.com/jayathissa.jayathissa.583","[Image Attachment]"
"Janaka Manjula Wimalaweera","https://www.facebook.com/janaka.wimalaweera.7","🙏🙏🙏"
"Chinthaka Bandara","https://www.facebook.com/chinthaka.bandara.395","😀😂"
"ආර්. එස්. හේරත්","https://www.facebook.com/2lbldm9f1s","[Image Attachment]"
"Bhathiya Palliyaguruge","https://www.facebook.com/bhathiya.chamal","[Image Attachment]"
"Guththila Silva","https://www.facebook.com/kpsaranaguptha","[Image Attachment]"
"Sarath Nihal","https://www.facebook.com/people/Sarath-Nihal/pfbid02mMRFRDAKCwSaAzHnxFjGdZvEaW72wSgYzbQRzavUHXkx87fKQz21taV6BuwcKLuGl","[Sticker]"
"Rajakaruna Wanasinghe","https://www.facebook.com/wanasinghe.80","🐃🐃🐃🤣🤣🤣🤭"
"Manjula Hewagama","https://www.facebook.com/manjula.hewagama","[Image Attachment]"
"Gunawardana Dan","","🤣🤣🤣🤣🤣🤣☝️"
"Rukshan Thilanga","https://www.facebook.com/rukshan.thilanga.3","Munnm ratata sapayak"
"Roshan Indika","https://www.facebook.com/profile.php?id=100001222600154","බුද්ධ දර්ශනයෙන්ම වචන වාක්‍ය චේද  අරගෙන ගලපලා කබරගොයා තලගොයා , තලගොයා කබරගොයා කරන උන්ගෙන් අපේ රටේ මිනිස්සු පරෙස්සම් වෙන්න ඕනේ.එච්චරයි.පවු අපේ මිනිස්සු."
"Chinthaka Priyadarshana","https://www.facebook.com/chinthaka.priyadarshana.31","[Image Attachment]"
"Wasantha Wtm Ma","https://www.facebook.com/wasanthawtm.ma","[Image Attachment]"
"Shaini Wikramasekara","https://www.facebook.com/shaini.subash.9","[Image Attachment]"
"Sujith Kumara","https://www.facebook.com/sujith.kumara.71404","වෙන ආගම් වලින්වත් ආගම කියන්නෙ මොකද්ද කියල ඉගන ගනින් මුන් ආගම උගන්වනව වෙනුවට රටේ වයිරය වපුරන කාලක්න්නි"
"Vimukthi Sadanuvan","https://www.facebook.com/rusiru.yasas.92","🙏🏻❤️"
"Sangeeth Dissanayake","https://www.facebook.com/sangeeth.dissanayake.941336","ඕකා කොහොමත් අධාර්මිකයා..කල්ලතෝනිනෙ"
"Thilanka Sadun Nawarthna","https://www.facebook.com/people/Thilanka-Sadun-Nawarthna/pfbid02Aurd6yfWZK5YT6piqbfw18fAmgXtzxPQFNjb8CwuUgQ1NYg5AHs9RMqGuToXDJ3wl","අනේ කහකඩ දන්කුඩයො තොත් තොගේ මෑනියන්ට බන්නවන්නේ නැතුව පාඩුවේ දෙන දේ කාලා පාඩුවේ ඉදපන්"
"Nick Richardson","https://www.facebook.com/people/Nick-Richardson/pfbid034eQR6WeVMRHdzsSzWVnKkEmuEBCcSdNJTGP6pPrMNocke3c1xZC5JzNtwytbVDXel","https://www.facebook.com/share/v/1HmDLoZvQ1/"
"Ven Y Sobhitha","https://www.facebook.com/chathu.nishadee.9","😂😂😂"
"Buddika Sandaruwan","https://www.facebook.com/people/Buddika-Sandaruwan/pfbid02guMZrJisU8v5YAqkWDdfVjUkqBhwAjhosPnhPG2XiUfm7umkkesRceiZ6RhKvNf4l","[Image Attachment]"
"Amal Asanka","https://www.facebook.com/amal.asanka.574394","උබේ අස්සන් පෙන්නපන්."
"Wenasa Pinthaaru","https://www.facebook.com/wenasa.pinthaaru","උඹලගෙ ඔය දහම් ගැට පොතේ පිටපත් ඉවරද"
"Bandara Wickramasighe","https://www.facebook.com/banti.wickramasighe","🤣🤣🤣🤣🤮🤮🤮🤮"
"Upul Bandara","https://www.facebook.com/upul.bandara.338211","සිව්රු දාගෙන  තොපි හදන්නේ නීතියට උඩින් යන්නද. තොපි කියපු ඒවාට සමාව ඉල්ලන්න විලිලජ්ජ nadda"
"ඕලු කුමාර","https://www.facebook.com/sjd18tbqbu","Upul Bandara තොගෙන් කවුද හු සමාවගත්ත් බලු ශු නුවලින් හැදිච්ච සක්කිලිය"
"සරත් කුමාර","https://www.facebook.com/sarath.knmara","[Image Attachment]"
"Palitha Amarasinghe","https://www.facebook.com/palitha.amarasinghe.10","[Image Attachment]"
"Madurya Dissanayaka","https://www.facebook.com/madurya.dissanayaka","[Image Attachment]"
"Rifas Rlf Rifas","https://www.facebook.com/rifas.rlf.rifas","[Image Attachment]"
"Rm Janaka","https://www.facebook.com/rmr.janaka","[Sticker]"
"Rafeek Mohommed","https://www.facebook.com/rafeek.mohommed.9","[Image Attachment]"
"Vipula Amarasinghe","https://www.facebook.com/people/Vipula-Amarasinghe/pfbid024jeWwTmqM6VJAELqf49yT36Dg36PNhPTxYr6FMGTS7iB8jUAmYb83Ewop42XV5CHl","[Image Attachment]"
"Jpkumara Gamaga","https://www.facebook.com/jpkumara.gamaga","තෝවගේ අනුංගෙන් කාල ඇදලා ඉන්න පීම්පියෙකූට නෙමෙයි පකෝ බදු ගෙවන සාමාන්‍ය මිනිස්සුන්ට ඒ අයිතිය මෙලෝ රහක් නැති තෝ වගේ හතර කේන්ද්‍රය පාලූ පිස්සන්ට නෙමෙයි ගොබ්බ කාලකණ්ණිය"
"Daminda Manamendra","","[Image Attachment]"
"Niroshan Niroshan","https://www.facebook.com/niroshan.niroshan.866974","[Image Attachment]"
"Sup Una","https://www.facebook.com/people/Sup-Una/pfbid0Wzh916CwpVW8Dou7zhfRBQzoN9UGJ2PAmrNKJPd41BMdAMDLjCcgCHwC82yBb4yul","[Image Attachment]"
"Dammika Wijasinge","https://www.facebook.com/dammika.wijasinge","[Image Attachment]"
"Danushka Batagalla","https://www.facebook.com/danushka.batagalla.2025","මේ කොහෙන් ආපු හුත්තෙත්ද බං තෝ  ඉස්සෙල්ලා ඥානසාරයා හාමුදුරුවන්ටයි ජනාධිපතිටයි අධිකරණයටයි කරන අපහාස ගොන් කතා ටික බලලා ඉඳපන්"
"Hemantha Adhikaranayake","https://www.facebook.com/hemantha.adhikaranayake.7","උබල වගේ හොර චීවරදාරියෝ නිසයි උතුම්  බුදුදහම කෙලෙසමින්  තියෙන්නේ ."
"Sameera Madushanka","https://www.facebook.com/sameera.madushanka.576794","මිනිස්සුන්ට දර්මය කියලා දිපන් මාද්‍යට අවිල්ලා දෙශපාලකයොන්ට පුක දෙන්න්‍ර් නැතුව ගොන් ගනයා 🤣"
"Wis Lanka","https://www.facebook.com/polgahawela.api.31","https://www.facebook.com/share/v/19tMBdNr8C/?mibextid=wwXIfr"
"Sami Dissan","","🤮🤮"
"Tharisi Perera","https://www.facebook.com/people/Tharisi-Perera/pfbid029RueGiKymjpT2VLiora2hnJKM1dXCFeDs6UC5eb9vbC1ja9yh3ihPPDdDEy4VBSal","[Image Attachment]"
"Asantha Nethmina","https://www.facebook.com/asantha.nethmina","ලක්ෂ හතර රෝල් කරල ගහ ගනින් පූ#######කෙ"
"Suranga Jeewan","https://www.facebook.com/suranga.jeewan","[Image Attachment]"
"Sriyanjanee Jayasiri","https://www.facebook.com/sriyanjanee.jayasiri","බුද්ධ ධර්මය සහ බුද්ධ ශාසනය විනාශ කරන රාජපක්ෂ නිකාය.... නීතියට ඉහලින් කිසිවෙක් නැත සිවුරත් ඊට පහලින්... රටේ ධනය හොරකම් කරපු එවුන්ගෙ , කටු කෑව නම් විඳවපන් නානසාර බලලෝ.... ජාතිවාදය , ආගම්වාදය අවුළුවා වෛරය පතුරවන්න බෞද්ධ චීවරය යොදාගන්න එපා, එපාමයි"
"Hewawitharanage Lalith Priyankara","https://www.facebook.com/lalith.priyankara.969","🤮🤮🤮🤮🤮🤮🤮🤮🤮🤮🤮🤮"
"Dhammika Herath","","පාතාල ගනයො අනුරට අදාර්මිකය් කියන්නෙ කොහොමද ??"
"Anil Darmarathna","https://www.facebook.com/people/Anil-Darmarathna/61590041566079","Utyub එකේ බෘනෝ with තිත්තගල්ලේ සාකච්ඡාව බලන්න.."
"UB Illangakoon","https://www.facebook.com/ub.illangakoon","ඤාණසාරට සමාව ලැබුනොත් මෙම කහකඩයාගෙ කට කොහොම ශබ්ද වෙයිද"
"ඕලු කුමාර","https://www.facebook.com/sjd18tbqbu","UB Illangakoon කහ කඩය බොලයි අවජාතක අප්ද"
"UB Illangakoon","https://www.facebook.com/ub.illangakoon","ඕලු කුමාර තොපේ බාප්පා"
"Roy Glan Roy","https://www.facebook.com/roy.glan.roy","[Image Attachment]"
"Jayantha Rathnayake","https://www.facebook.com/jayantha.rathnayake.641632","කෙටියෙන්ම  කියන්නද උබ තව වැඩිකාලයක් යන්න පෙර බෞද්ධයන්ගෙන්  ගුටිකනවා"
"Jeeven Amarasooriya","https://www.facebook.com/jeeven.amarasooriya","තවත් සිවුර ට මුවාවුන නසරාණි යෙක්"
"Sisirasiri Liyanage","https://www.facebook.com/sisirasiri.liyanage.1","නැවුවල ගිහින් බීල පාටිදාපු තව බෙිබද්දෙක් මිනිස්සුන් ⁣උඹගැන නොදන්නවා නොවෙයි අවුස්ස ගන්න එපා ...."
"ජගත් නිශාන්ත","https://www.facebook.com/jagath.nishatha.1","හුත්තෝ උබ ඇදගෙන ඉන්නේ සිවුරක් ද නැත්තම් නිකම්ම නිකන් චිත්තයක් ද...මැදමුලනේ රාජපක්ෂලාගේ වලව්වෙ ඉදුල් දන්කුඩ කාපු එවුන් බලය තියෙන කාලේ රගපු රෑගිලි ඉවරයි ..ලැහැස්ති වෙයන් බන්දනාගරයට බත් අදින්න...."
"Chinthana Pushpakumara","https://www.facebook.com/chinthana.pushpakumara.7374","උබ ඉස්සෙල්ලා මහණ වෙයන් බල්ලො"
"Buddhika Mendiz","https://www.facebook.com/buddhika.mendiz.2025","අහම්බෙන්තෙ හුට්ටො🙏"
"Palitha Kapuruge","https://www.facebook.com/people/Palitha-Kapuruge/pfbid0346WrkZuQ7AZ6vrLhdmj4cY3Ug8of6GgAAMqRswm8zqZ773WHpVnpQPQ6SKFdKPYgl","එතකොට ඣනසාර ඇත්ත කියපු කෙනෙක්ද  ධරිමය රැකපු  කෙනෙක්ද කරටි කැඩෙන්න ගහල පොළිසි වලින් ගේම  ඉල්ලපු පෝහොටිටු චන්ඩිනෙ"
"Nuwan Chamara Senewirathne","https://www.facebook.com/nuwanchamara.senewirathne.9","පල පල යන්න"
"Deshika Bandara","https://www.facebook.com/people/Deshika-Bandara/pfbid02TM3QDrzTNLT4XqP2M9BLNPKmq4eXrBJ6wj3K2LHc2qRAGn3CrsvnhGTmfWp3dVGYl","[Image Attachment]"
"Kelum Kumaranayaka","https://www.facebook.com/kelum.kumaranayaka","අනේ පකෝ තෝ තමයි රාජපක්ෂලාගෙ පුක ලෙවකන පාහරයා."
"Datson Patabedige","https://www.facebook.com/datson.patabendige","යකෝ නිගන්ටයො තෝ තොගෙ ඔය ගවපට්ටිය අරගෙන පලයන් යාලට කාලකන්නි දේවදත්ත බල්ලො"
"Nishantha Karunarathna","https://www.facebook.com/nishantha.karunarathna.127","පල පල."
"Wasantha Wasantha","https://www.facebook.com/rock.sanjaya.33","ඔය සිවුර ගලෝල ඕන ලබ්බක් කරහන්කො බන් .ඕක දාගෙන බනක් බාවනාවක් කරහන් .උබල ඔය කරන්නෙ කසාවතෙන් පොල් ගස් නිගින්න අමුඩ ගහන එක .තිරිසන්නු .මොකෙද්ද බං නාන සාර කොයන්නෙ .අපිටනං ඌ කහ රෙද්දක් පොරෝගත්තු තට්ටයෙක් පාතාලයෙක් විතරයි."
"Prasanna Udalamatta","https://www.facebook.com/people/Prasanna-Udalamatta/61551680027019","තෝ අදාර්ම්ක ගනයෙක්"
"Nishan de Silva","https://www.facebook.com/ldnishan","රටේ මිනිස්සු මුන්ට බැන්න ගමන් මුන් ඒ මිනිස්සු සේරටම පොදුවේ කියන්නේ පැලවත්තේ මඩ බලකාය කියලා 🤣🤣🤣🤣🤣🤣🤣🤣🤣🤣🤣 එහෙනම් ඉතින් මුලු රටේම ඉන්නේ පැලවත්තේ මඩ බලකාය තමා පුලුවන් දෙයක් කරපන් 🤣🤣🤣🤣🤣"
"Ranasinghe Harsha","https://www.facebook.com/dileenael","සිව්රුකාර වඳුරට දැලි පිහියක් හම්බෙලා..🤮🤮🤮"
"Priyankara Herath","https://www.facebook.com/people/Priyankara-Herath/pfbid02AfmYA4wgdzsq5asadJSbFHDKtq6EBbWi9PjGfJ1J1DqLhjz89AtNUc3wBfGWAHNEl","අනෙ පල හුත්තිගෙ පුතා සිවුරු හොරා"
"Danusha Sampath","https://www.facebook.com/danusha.sampath.770985","පලයන් මුඩු මහොනෝ  තිත්තයෝ  උබ  නිකමට  කියවපන් මෙ  කොමෙන්ට්  හු#"
"Asitha Samidu","https://www.facebook.com/people/Asitha-Samidu/pfbid06BjuAjpTczC6WLF6KoLSeDLJdMdMQm1GmEC7YVk8ppvQ5bv7XbtaJGj29N2Xw19Nl","දේශපාලන පාලන කරන වුන්ට හාමුදුරුවෝ කියන්නෙ නානසාර මොකෙද කියලා මුලු රටම දන්නව ඕයි"
"Asitha Samidu","https://www.facebook.com/people/Asitha-Samidu/pfbid06BjuAjpTczC6WLF6KoLSeDLJdMdMQm1GmEC7YVk8ppvQ5bv7XbtaJGj29N2Xw19Nl","මොකෙක්ද මේකා තෝ නානසාරගෙ අතීතයට ගිහින් බලපන් උ කවුද කියල තෝ තොගෙ වැඩක් කරගනින් මැරයන් බේරගන්න දගලන්නෙ මොකද තෝ"
"Wicky Dinesh","https://www.facebook.com/dinesh.wickramarachchi","අපි වෛර්ය  කලේ නෑ JRට . ඔහුගේ මරණය ස්වාභාවික යි.ප්‍රේමදාස  හැර අනික් අය ට තාමත් යහතින් ඉන්න දී ඇත. පිටදුවේ සිරි දම්ම හාමුදුරුවන් ට වෛර්ය  කලේ නෑ. කිරිබත්ගොඩ ඤාණානන්ද හාමුදුරුවන්ට වෛර්ය කලේ නැත. එකල දේවදත්තටත් වෛර්ය කලේ නැත. වෛර්ය  කලේ කවුද?  අනුර කුමාරට වෛර්ය කරන්නේ ද නැත. ටිල්විනුත් අසරණ වී ඇත.  ඒ හැම කේනාටම මෙත්සිත් ප්‍රාර්තනා කරමු  සියලු සත්වයෝ නිදුක් වෙත්වා."
"Nimal Pahalagedara","https://www.facebook.com/people/Nimal-Pahalagedara/61580353575884","ජනාධිපති තුමාට ඔිවට උත්තර දෙනවට වඩා, වැඩ තියෙනවා හාමුදුරුවනේ ...ඔිවා නීතියට විරැද්දව කරනවැඩ...."
"Wasantha Madubashitha Liyanage","","මේකෙ කුනුහරුප ලියන බනින ඩෝබිලාගෙ ප්‍රොෆයිල් වලට ගිහින් බලන්න බ්ලොක් කරගෙන ඉන්න ආන්ඩුවේ ෆේක් හිගන්නො ටිකයි ත්‍රස්තවාදීන් ටිකයි ඉන්නෙ"
"Danushka Priyankara","https://www.facebook.com/danushka.priyankara.520","Ubala hariyata hitiyanam harina"
"Manjula Kumara","https://www.facebook.com/manjula.kumara.620560","අනුසය වසයේන් ඉතරිව ඇති කෙලෙස් එලියට එනමොමොත"
"නිහාල සරත්","https://www.facebook.com/people/%E0%B6%B1%E0%B7%92%E0%B7%84%E0%B7%8F%E0%B6%BD-%E0%B7%83%E0%B6%BB%E0%B6%AD%E0%B7%8A/pfbid02raNHKQo8W1rFnVqCtsJhxRx8y4fGuhebLroVD6NkaVnXxyFtY4fgiLnc9k6NCdwMl","දැන් ඥනසාරට කඩේයන තිත්තයා"
"නිහාල සරත්","https://www.facebook.com/people/%E0%B6%B1%E0%B7%92%E0%B7%84%E0%B7%8F%E0%B6%BD-%E0%B7%83%E0%B6%BB%E0%B6%AD%E0%B7%8A/pfbid02raNHKQo8W1rFnVqCtsJhxRx8y4fGuhebLroVD6NkaVnXxyFtY4fgiLnc9k6NCdwMl","අනේ ලක්ෂ ගානක් රෙද්ද තමයි ඥනසාර කියන්නේ පාහරයෙක් සංගායටත් කතාකරන්න දන්නැති වසලයෙක් කිරුලපන දම්ම ජෝති හාමුදුරුවොන්ට කතාකරපු හැටි  නානසාර අනුරට අන්නාසි කාලත් කලලය විනාස නොවී හටගත්ත කෙනෙක් කීවා නාන සාර හිරේ දන්න ඕන"
"Saliya Karunarathna","https://www.facebook.com/saliya.karunarathna.75","Sadaranaya karanna issella bawuddayek unanam harine 😁😢🤣"
"Uduwevidanelage Perera","https://www.facebook.com/uduwevidanelage.perera.1","තොගෙ සිවුර දාල පැත්තකට මහන වෙයන් බල්ල"
"Thilina Prabashwara","https://www.facebook.com/thilina.prabashwara.39","යකො ජන හතුරන්ට සමාව දෙන්නෙ කොහොමද"
"Sadamali Dinusa","https://www.facebook.com/people/Sadamali-Dinusa/pfbid02bCSyxDskWWWrXT9zv6QJ5YGZqGXTAyXMDQMrzP7rDSDaFqRTfwCmdj5FhjTJkLJ7l","Ayaaliyata.dammoth..anduweth..awasanaya..danna..thiyanna.apa.ghanasara..eliya"
"Susantha Buddhadasa","https://www.facebook.com/susantha.buddhadasa","පල htta යන්න උසාවියට පැනල යකා නටපු   උසාවියට අපහාස කරපු මිනිස්සු කොටවන තක්කඩියෙකුට ජනාධිපති සමාව දෙන්න උඹට මොන්ගල්ද ???? දුන්නොත් ඉතින් ජනාධිපතිගෙත් අවසානෙ තමයි."
"Asanka Pradeep","https://www.facebook.com/asanka.pradeep.31521301","Thope mokatada lankawe nitheyata agihili gahane"
"Sarath Pathirana","https://www.facebook.com/sarath.pathirana.739817","අස්සන් මොකටද  එකලෙ  කරන්න තිබුනනෙ දැන් හිගා කනවා මිනිස්සුන්ගෙන් පිනට කලත්"
"Prabath Wikrama","https://www.facebook.com/people/Prabath-Wikrama/61577857847483","මූට කනට දෙකක් ගහලා සිවුර ගලවලා එලියට දාන්න ඕනේ පොන්නයා"
"Sujan Shanika","https://www.facebook.com/sujan.shanika.3","mokadaa mu.."
"Kapila Priyadarshana","https://www.facebook.com/kapila.priyadarshana.315","Anika thamai  mulu sanga sasanema sudda karanna oni"
"Ukkuna Machan Abdulhameed","https://www.facebook.com/ukkunamachan.abdulhameed","Mosad padi gevanwa jathiwadey ethikarana ratey isrealb karyayo lankawa allaganwa yanwa tika palmuata ward place. 2weligama.3argambey .armour street.cmb.12 okkoma muhuden ethul venna puluwang vidiyata palatha idf. udda batyo tourist on arival visavola evila lankawey pakali unga veda karanung mekey pitipasey innawa passku prahara cristan muslim udayk ethi karanna gota my3 ranila mudalata keruwa rataval 3india.Isreal.us. lankawa allana plan Epstain file indiawa modi.genawey mosad.rss.cia.fbi. lankawa kawda touristla kiyala thawama therum arang ne aluth seteka deal dagena idf.galboda ethulata yanaeka walakanna"
"Indika Prasad","https://www.facebook.com/people/Indika-Prasad/pfbid02XV5y4ZYBmECoi5vP1JW1Vbc6AMzqrR2u6DiStLYzAdDofQ5cCk1fU23UtvLqiVAal","පල හු යන්න අටමස්තානෙට මීක්නැ  තොපි සාසනේ වැඩක්කරන් හිටහන් හැමනෙන්නැතූව"
"Hasaral Munasinha","https://www.facebook.com/people/Hasaral-Munasinha/pfbid0UoMUenBjLcfAEJUtVxG6QwyXa8Dr9QaAPmCHtbqt5aR8XzUFqrPesvPuXM8qEe5tl","පල වේසිගෙපුතා යන්න"
"Ajith Dammika","","එකෙක් හිරේ යනකොට ඒවගේම තව පරයෙක් එලියට අැවිත් තොටත් ලගදිම අැතුලට යන්න වෙනවාමයි"
"Ajith Dammika","","ඥාානසාරය සක්කිලියෙක් වගේ කියෝනකොට තෝ හිටියෙ ඌගෙ අම්මගෙ රෙද්ද අස්සෙද බල්ලො"
"Lakmal Nk","https://www.facebook.com/lakmal.nk.643984","කහකඩයො. උබලා අලි පු ආපු එව්න් නෙවෙයි   මෝඩ එහෙයියො ටික දෙන දේවල් කාලා බීලා උන්ට පච ටික කෙල කෙල ඉදපන්"
"Gamini Arambage","https://www.facebook.com/gamini.arambage.9","ලක්ෂ හතරේ අක්සන් ලේඛනය අරගෙන පස්ස පැත්තේ ගහ ගනින් මෝඩ මී හරකා"
"Kanishka Maduranga","https://www.facebook.com/kanishka.maduranga.357","Shamal Damayantha කැම්‍රි වදයක් උනානේ මේකා"
"Dhanushkha Dhanu","https://www.facebook.com/dhanushkha.dhanu.5","හොද වැඩේ ඔකා ඇතුලෙම ඉද්දාවේ කැරි ගෝතයා.සිව්රක් දාගෙන ජාතිවාදිය අවුලපු ගොන් පකයා"
"Maduranga Ramasinge","https://www.facebook.com/maduranga.lakmal.56","Dhanushkha Dhanu"
"Chaminda Sarath","https://www.facebook.com/people/Chaminda-Sarath/pfbid02UNtZSAE3xELBAxKR1QHLxp8Hdvpe3swRX1nRN99baZvJRSdgvMwkAbQ5SXPSwT3ul","To merate kagen ho dane velak kavanam  to vande gevanna one toge geveta kalayama"
"Namal Jayawardana","https://www.facebook.com/namalwardana","කැරියා... තෝ ...යකෝ ජපන් මිනිස්සුන්ගෙන්.....ඉල්ලපුඉල්ලපු  ගාන කියන්න්ද"
"Rohan Gamage","https://www.facebook.com/people/Rohan-Gamage/pfbid02nqobDXA3YiCweZXr4UqqEqi3FeyLRLgkdEhmcmqp9xNFmGvoH28JgeXQsrd4Tq7vl","පකෝ  උබට තියෙන අයිතිය  මොකක්ද  ඣනසාරයා   හොයන්න .   කාලකණ්ණියාපල  පල   පල"
"Kushi Wicks","https://www.facebook.com/profile.php?id=1265856755","මේ උන්නන්සේලා බණක් දහමක් දෙසලා පිoබත් ටිකක් වළඳන්නේ කවදාද..."
"Wimal Wanniarachchi","https://www.facebook.com/wimal.wanniarachchi.7","මොන හිවලෙක්ද මූ. සාසනය කන බ..ලො"
"Anil Jayantha","https://www.facebook.com/anil.jayantha.372","ඉමිතියාස් නානා කියන්නේ හැමබෙයෙක් ne.... ඌ ට දාව ඉපදෙන එකා කොහොමෙයි ධාර්මික වෙම්නේ"
"Sunil Somaratna Malwatta","https://www.facebook.com/mass.malwatta","මේ ගනයාගේ හිතේ ඒක අනුරගේ වැඩක් කියල .නීතියට දැන් වත් ගරු කරන්න"
"Indika Kodithuwakku","https://www.facebook.com/indika.kodithuwakku.56","හුත්## පු¥⁣ දෙන්නැතුව හිටපන් ගනයා.ඕක  ඔය වැඩ කරන කාලේ තොපි කොහෙද හිටියේ අවජාතකය..."
"Kumara Dasanayaka","https://www.facebook.com/profile.php?id=100083012073355","එහෙම තමයි ගනයෝ තොපි සෙරම මහිංදයාගේ ගුකකා කඩේ ගියාට JVP එක කියන්නේ මේ රටේ හරිපාරේ යන හොරුන්ට තක්කඩියන්ට වංචාකරයන්ට දුසකයන්ට මිනිමරුවන්ට කිසිම සමාවක් දෙන්නේනැති ආන්ඩුවක් හරිද තොපි සිවුරු පොරොගෙන කඩේ පලයවු රට කාපු විනාසකරපු කලකන්නියන්ට"
"Tharanga Dassanayake","https://www.facebook.com/people/Tharanga-Dassanayake/pfbid02f4f4rJM4TAaKvFKfs1DqaixktTNEMAUKc1dxHsPtctk3AiyhewQcsoNGXvDbz9zsl","Jhanasarara haamuquruvange බනක් අහන්න අසයි.සිඋඉරෙ  වැඩ ඕකම නෙමේ.ඔය දෙශපාලනා.පන්සලෙ ඉදගෙන පටවත් පුක නොදි ජතිය අගම රැකගෙන.දුප්පතුන්න්ට උදව් කරගෙන හිටියනම්  හිරේ යන්නෙ මොකටද"
"Sujeewa Wijesinghe","https://www.facebook.com/people/Sujeewa-Wijesinghe/pfbid033936HcVtVhzGZ29fgWduKw1oSNjD7ESGw23jZtmmV2NVw3vNe2peQWtc5P4wxKaFl","Okawath eriyanam hari balla"
"Tiran Pushpakumara","https://www.facebook.com/tiran.pushpakumara.2025","කලින් මහණ වෙයන් පන් ගොකයා."
"Nishan Hettiarachchi","https://www.facebook.com/nishan.hettiarachchi.2025","තිත්තගල්ලෙ පොන්න පකෝ  මමත් පැලවත්තෙද පකෝ පිනට දෙන එක කාලා හොද හාමුදුරුවන්ට නිගා නොකර  පාඩුවෙ හිටපං  පොන්න පකෝ"
"Jayasuriya Jayasuriya","https://www.facebook.com/people/Jayasuriya-Jayasuriya/pfbid035XJAvBzZox6BkAdcYSnmNi3ML26pxPSyfDCUP9YFjTWA591PdC6HEPqNZyRGukndl","අනෙ  පල  හුත්තෝ  තිත්තයා   පුක   නොදි  පල  පල  වෙසිගෙ පුතා"
"Jayasri Nawarathna","https://www.facebook.com/people/Jayasri-Nawarathna/pfbid02hx5NgzMZeALekXJacoqe8HY3WYg2YjVKQg5jQ1gUCErMa2CSeNBDDJajFmsSjGkjl","අනෙ ගණයෝ බණ කියලා මිනිස්සු යහමගට ගනින්. ඒක හොදයි. හැබැයි නීතියට විරුද්ධණම් හාමුදුරුවෝ නෙමෙයි බුදු හාමුදුරුවෝ උනත් නීතියනම් නීතිය."
"Santha Ranathunga","https://www.facebook.com/santha.ranathunga.399658","පලයන් පකේ ගනයා"
"Suresh Prasanna Liyanage","https://www.facebook.com/sp.liyanage.3","පකයා් තොපි තොපේ ජොබ් එක කරපියව්..අත්සං එකතු කරලා නීතිය අනීතිය කරන්න පුළුවන් ද.."
"Priyantha KG","https://www.facebook.com/people/Priyantha-KG/pfbid02CtxuT4SAjjgVLbyswZAHZ5jFVEHnPR7uoWTim2QcauoaX7RT7Wu42ceHSExPT4EHl","පුක දීපන් ඔය සිවුර ගලවලා තියලා ගනයා"
"Nihal Nihal","https://www.facebook.com/nihal.nihal.181054","උබේ අම්මට"
"Sadun Thilanka","https://www.facebook.com/sadun.thilanka.419103","තාම ලංකාවෙ මිනිස්සුන්ට තේරෙන්නෙ නෑ සර්පයා කව්ද කියලා..ඔහොම ගහගනින් උඩ බලාගෙනම කෙල..සුලුතරය බහුතරය වී බහුතරය සුලුතරය උන දවසට කුරාණයට අනුව උබලට දඩුවම් කරයි අල්ලා ඇවිත්..  නුඹලා ඔවුන් සමග යුද වදිවු. අල්ලාහ් නුඹලාගේ අත් මගින් ඔවුනට දඬුවම් කරන්නේය. තවද ඔවුන්ව අවමන් කරන්නේය. තවද ඔහු ඔවුන්ට එරෙහිව නුඹලාට උදව් කරන්නේය. තවද ඔහු විශ්වාසික පිරිසගේ හදවත් සනසන්නේය.  අල්ලාහ් අබියස නියත වශයෙන් ම ප්‍රාණීන් අතරින් වඩාත් නපුරු අය වන්නේ දේවත්වය ප්‍රතික්ෂේප කළවුන් ය. මන්ද ඔවුහු විශ්වාස නො කරති.”  මෝඩ සිංහල උන්ට නැති වෙන්න ඕනි රට.."
"Prasanna Dolamullage","https://www.facebook.com/prasanna.dolamullage","තක්කඩියෙක්"
"Sumithra Kahavita","https://www.facebook.com/sumithra.kahavita","Mahanaweyan denwah"
"Gamunu Ambepitiya","https://www.facebook.com/people/Gamunu-Ambepitiya/pfbid0DUpWie2GHWb7U1FyTQodVWQKfq6VxcmVePtnJDNAfYonjqUGG3tJzkmdrkzSKywol","ඤනයා ජාතිවාදියෙක් ඌ බුදු දහමට කිසිම සමිබන්ධක් නෑ"
"Veera Singe","https://www.facebook.com/people/Veera-Singe/pfbid02WX4XgbMoWURWo8ecRTz7Z9dLAbhunR4QXBHbSLnUdCDUQVgYED33PdJTAHCzf791l","මෙිවාගේ වෛරය පතුරවන කහ කඩයන් ගෙන් අහණ බණ වැදිබණ තමා"
"Nissanka Ruwan Kumara","https://www.facebook.com/nissankaruwan.kumara.1","අනේ පල යකෝ යන්න තොපි සිවුරට මුවා වෙලා මේ රටේ ආගමට කරන නිගාව තොපි අපායෙම තමා."
"Km Bandara","https://www.facebook.com/people/Km-Bandara/61589758486671","මෙකව අල්ලල හිරෙ දැමිමනමි හරි හරි කරදරයක් උනා මෙකා"
"Sarath Jayamanne","https://www.facebook.com/sarath.jayamanne","කැරි කහකඩයො උඹෙ අම්මට හමන්න ගන්නැතුව බනක් දහමක් කරගෙන පිනට ලැබෙන දානෙ කාල....බොරුවට පුප්පන්නැතිව හිටපිය හිපාටුව.."
"Ranga Perera","https://www.facebook.com/people/Ranga-Perera/pfbid08iJNtig1VgHAt7NsbavsZhxTwpwQ9eAxUEmgPopnmubTj82Gy3QE3f8n27As8Lxfl","පල පරයො යන්න..යකෝ මෙරු එනව වගේ ..එනවනෙ පරයො සිවුරු දාගෙන..දැන් තව එකෙක්.."
"Samel Sereen","https://www.facebook.com/gs.sen.543","උන්වහන්සේ රට දැය වෙනුවෙන් වැඩ කළ හිමි නමක්, එතුමන් නිදහස් වීම අත්‍යවශ්‍ය යී"
"Shelton Gamage","https://www.facebook.com/shelton.premarathna","මැරිල ඉපදිලාද ඉන්නේ ඥානසාර ඉතිහාසය පොඩ්ඩක් බැලුවොත් නරකද නිකං පචච වෙන්නැතුව"
"Kaushal Nawarathne","https://www.facebook.com/kaushal.nawarathne","Keriya wesmuna galawanna hadisi una wedi 🤭🤭 mehemath gon pakku athme wikunana 🤔"
"Ranjith Mendis","https://www.facebook.com/ranjith.mendis.986","උඹ ඥාන සාරික තැන ගන්න අද හදන්නේ හදන්නේ? අනේ පලයන් බයි යන්න මේ රටේ නීතියට උඩින් කිසි කෙනෙක් තියන්න බෑ"
"Dinesh Kumara","https://www.facebook.com/people/Dinesh-Kumara/pfbid0Whf1HUU6zVSUmk4cLhcY96kysSSVADyR4AcnxgAoK1hP2NUC2WzZSdguGUuZJ4svl","පල පකය යන්න දමබාට"
"Amith Niroshan","https://www.facebook.com/amith.niroshan.94","තිත්ත ගල්ල තමා මිනිස්සු කොච්චර ධාර්මිකද අධාර්මික ද කියලා කියන්නෙ පවු මු මු උගන්වපු අභිධර්මයටත් මු නිගා කරනවා"
"Thushara Chandana","https://www.facebook.com/thushara.chandana.9803","Oya horek"
"Upul Sanjeewa","https://www.facebook.com/people/Upul-Sanjeewa/pfbid02CFqFrvBhFZ79DE38yfrHFY3c8TGDG2N3PDZpnk7oBDGohHdtCHRnysuW4HwXnX9Gl","පල කැරි ගනයා"
"Luke Luke","","Thiththa gala nemi oka hutttte kalu gadaya"
"Nuwan Chamara Senewirathne","https://www.facebook.com/nuwanchamara.senewirathne.9","මුන්ව අල්ලලා මහනකරපියව්"
"Srinanda Samarasinghe","https://www.facebook.com/sirinanda.samarasinghe.3","අනේ ගනයෝ අපි මඩ බලකාය නෙවෙයි අපි සාමාන්‍යයෙන් මිනිස්සු නිකන් බොරුව කරන්න එපා මිනිස්සු කුපිත කරවන්න හදන්න එපා. තොපේ ගොංකං වලටත් අනිත් මිනිස්සු ගොංකම් කරන්නේ නෑ"
"Aruna Shan","https://www.facebook.com/aruna.shan.776108","උකපං පොන්න පගයා"
"Dayarathna Mahindasinghe","https://www.facebook.com/Dayarathna.Mahindasinghe","ඔය ටිකම තමා ඤාණසාර හමුදුරුවෝ කලේ ඇයි එතකුට වෛරය පතුරවන්න එපා කීවේ නැත්තේ කවුරු අත්සන්කරත් නැතත් අධිකරණයකින් විනා වෙන ක්‍රමයක් නැ මඩ බලකාය හරි මඩ නැති සුජාත බලකාය දොගෙල්ලෝම ආණ්ඩුවට බැන බැන ආණ්ඩුවේන්ම සමාව ගන්නේ මොකටද බහුතරය ආණ්ඩුවට ජන්දය දුන්නානම් ඒක පිලිගන්න අකමැති නම් වැදි බණ මොකටද...."
"Kumara Kumara","https://www.facebook.com/people/Kumara-Kumara/pfbid02BQaYDWoLZSruZHA6ae8D8ykVMkYoJVduYpRKHHNfBGGRZBaDNmvEsHMHPhAEGD8Zl","Denna epa samawak kahakada sakkli"
"Indika Jayathunarachchige","https://www.facebook.com/people/Indika-Jayathunarachchige/pfbid0Xk3oyYqUPBdp4hnaFjnTx9zu4nEzjUjMWKghQi4LuxhhEEq73zEqJtuhNH6hkJEul","පල පල සක්කිලි ගනගෙඩි දුක්සීලයා"
"Nalidu Lawanya","https://www.facebook.com/people/Nalidu-Lawanya/61577572942579","දැන් ද පකෝ තොට බුදු දහම මතක් උනේ ගණ පකයා 🤮"
"Samanpriya Bandara","https://www.facebook.com/people/Samanpriya-Bandara/61582988634367","අත්සන් ටික රෝල් කරල ගහගනින් සාදු  පු#.🤌"
"Saman Kumara","https://www.facebook.com/saman.kumara.35175","උඹ නම් හෙන ධාර්මිකයි නේහ්.. පල පල"
"Gamini Kaldera","https://www.facebook.com/people/Gamini-Kaldera/pfbid02t2twcGxh4ZCrZbGn4YrL3nX1oQxgWd7JNDeU1cMMyuKHnZJRmUoznRZfyts2DvPSl","මුං ඹක්කොම කහ කඩයේ හොරු තක්කඩියෝ වනචර අපාතයෝ අසුචි ගහලා එලවන්න ඹන උන් අපේ නිර්මල බුදු දාහම වීනාස කරන අව ජාතක බල්ලෝ දුට තැන ගහලා එලවපිය සක්කිලි හැත්ත"
"Asanka Dissanayaka Disa","https://www.facebook.com/pirasanthan.rasha","පල පොන්නයයා යන්න තො මොකාද මැදමුලන දන්කුඩ කන පොන්නයා"
"Sarath Gunawardhana","https://www.facebook.com/sarath.gunawardhana.140","වසලයෝ රැන"
"Shantha Fonseka","https://www.facebook.com/shantha.fonseka.2025","හුකක් නැතුව හිටපත් හුත්තෝ"
"M G Hemasiri Karunarathna","https://www.facebook.com/mghemasiri.karunarathna","ජෙපිබල්ලන්ගේ කැත වැඩ"
"Rangith Muthuwahandi","https://www.facebook.com/people/Rangith-Muthuwahandi/pfbid0iybZnfau31szSWXSGBzjqRKFkzShmJT6YDKt5Weo4TeszrU4J1HejgwA3LTEwBh2l","ලක්ෂ හතරෙ කොලේ රෝල්කරලා ඇරගනින් තොගේ පුකේ පිංබතා!."
"Adikari Herath","https://www.facebook.com/people/Adikari-Herath/61577420940832","පල හුත්තිගේ පුතා සියුර ගලවලා අම්මට නොහුක"
"Sachintha Lakshitha","https://www.facebook.com/sachintha.lakshitha.2025","රෝල් කරලා ගහ ගනින් පුකේ"
"Niluka Jayanthi","https://www.facebook.com/niluka.jayanthi.874539","ලක්ෂ හතරක පෙස්සම.ගහ ගනින් රෝල් කරලා පුකේ"
"Nirosh Anuradha","https://www.facebook.com/nirosh.anuradha.39","⁣අනුන්ට වෛරය ගැන බණ කියන එකාගේ මූණ බලපං..🤣🤣🤣"
"Km Chandrasena","https://www.facebook.com/km.chandrasena.2025","තොපි එතකොට බුදු හාමුදුරුවන් ගේ දර්මයට අනුවද මහසොහොනෝ තොපි ලග දර්ම බින්දුවයි"
"Dinesh Peiris","https://www.facebook.com/people/Dinesh-Peiris/61550315420421","උබ ධර්මික ද බන්.. 😂🤣😂 උබ කරන්නෙ බුදුන් වහන්සෙ කියපු දෙ ද? මේ මයික් එක ඉස්සරහාට ඇවිල්ලා..😂🤣"
"Samarakoon Srilal","https://www.facebook.com/people/Samarakoon-Srilal/pfbid02WuT3A95bprTnP1zfpxPjhNEf1ur5rBuBCTiwp3tzx6X1ykZZ7xZGAA8DwqirF2Ccl","උබට channel කරන්න බුදු හාමුදුරුවෝ අවසර දුන්නේ කවද්ද?"
"Anula Surasinghe","","Oya athsan karapu aya dhanneth  nathiwa athi mokata athsana gahuwadha kiyalawath. Siwuradagath  kenek mokakhari kiuwama eka wimasa balanne nathiwa thamayi  mooda minissu  okata  gahanna athi. 12 wenidha Anuradhapura  ganawa minihekuge agee Atee KUTH galawala  dheela thibune. ? Oya athsan ganillath e wagema  thamayi."
"Hasini Kumari","https://www.facebook.com/hasini.kumari.88464","චීවරේට ගරහලා comments දාන කලවම් අවජාතක වේසිගේ පුතෝ....අනේ නිකං පලයං යන්න.....තොපි වගේ එවුන් හින්දා තමා මේ රටට අනන්‍යතාවයක් නැත්තේ.....ලක්මව තොපි වදාපු වේසිගේ තත්වෙට දාලා තියෙන්නේ මුලු ලොවක් ඉදිරිය......"
"Amkg Weerasinghe","https://www.facebook.com/amkg.weerasinghe","මෙ කහකඩයින් බුදුරජාණන් වහන්සේ දේශනා කළ දෙයට විරුද්දව යන උං"
"Sameera Muhandiram","https://www.facebook.com/sameera.muhandiram.653233","උබලගේ ලුණු ගොරකා මදි මේ ආණ්ඩුව තාම්බන්න..."
"Aurelio Aur","https://www.facebook.com/people/Aurelio-Aur/100092576961418","මේ හුකන්නල හරිම වදයක් උනා...අම්මපා."
"Rm Jayathissa","https://www.facebook.com/people/Rm-Jayathissa/pfbid0apPY6WKSQnPY16CbWt6Mso7nXWE4cAhULaPTTUTVABo3MoR8etESA9frVhWsBWSyl","පලයන් කැරි වේසිගේ පුතා"
"Nuwan Kumara","https://www.facebook.com/people/Nuwan-Kumara/pfbid0hwXmFCUrRwQqELs3SVdV9ENn54UbBHujbXxV6jW7Z2X6QDLDcNzaQ1gxMba2DSadl","යකෝ දැන් ඇවිල්ලා බණ කියන්න හදන්න එපා අපි දන්නවා විචි දේ ගිහිල්ලක් හත් දානෙ කාලා හිටපියව්ව් පන්සලට වෙලා"
"Waddp Seram","https://www.facebook.com/waddp.seram","අපරාදේ මහන උනේ  නිකන් පවු පුරවනවා  විනය බින්දුවයි"
"Uchitha Silva","https://www.facebook.com/people/Uchitha-Silva/pfbid029ygtfgxPvjDEgFSWpsSAiW5A4dMdXS5BXziihyCFBB1qQQdiNzVYbp2qWHdMA2qol","මහා ලොකු වීරයා නේ ගිහින් ඇදල එන්න කියන්නකෝ ඉතින් ඇතුලේ"
"Nadeera D Liyanage","https://www.facebook.com/nadeera.danushka.0","මෝන හුත්‍හිගෙ පුතෙක් ද මු....😆😆😆 පාඩුවේ හිටපං පුක නොදී"
"Kasun Sameera","https://www.facebook.com/kasun.sameera.89573","නානසාරයා තනිවෙනවා කිව්වා නේද තනිවෙන වැඩ කරනකොට තොපි කොහෙද හිටියේ ඔය අත්සන් ටික ගහගනින් තොගේ පුකේ."
"Dinu Fernando","","ගෝත පකයා ගිහින් පාඩුවේ පිං බතක් ගිලන් ඉන්නේ නැතුව 😂😂😂😂"
"Don Ariyaratthna","https://www.facebook.com/don.ariyaratthna","අන්නෙ හුකාපන් පොන්න පකයො අනුන්ගෙන් පිනට කාලා පන්සලෙ ඒවා ගැනුන්ට දිනලා උන්ට ලමයි හදන කැරිබල්ලො තොපි  තොපි දෙසපාලනෙ කරන්නෙ යනවාහනගන්න බඩුගාහාන්න මිසක්  වෙන මොන අරමුනකින්ද පකයො"
"Saminda Chamara","https://www.facebook.com/saminda.chamara.3","පළ pakaya යන්න. තොගෙ අම්මට හු කා ගන්නේ නැතුව ඉඳපිය පර බල්ලා."
"Nadeera Indrajith","","පල පල යන්න පුක නොදී 🐄🐄🐄🐄🐄🐄"
"Hadawatha Weligama","https://www.facebook.com/people/Hadawatha-Weligama/pfbid05RBYz3tQr4jU6NtJcjTYWxAZdPiXskKprhTMA6nXCb6RUSfPoZ9gtW8TC3cArCHwl","අනේ ගින්ග වෙන්න හුකාපන් හමුදුරුවනෙව්"
"Susantha Bulathsinhala","https://www.facebook.com/susantha.bulathsinhala.5","ලක්ස හතර රොල් කරලා ගා ගන් පුපෙ"
"Js Jayasundara","https://www.facebook.com/people/Js-Jayasundara/pfbid05o2PYaqLXDWtd4T9J9YcSEDDTPLUPJ8fiwVAKBwXSr7QA2XwN1QYqZGtL5TbEkhEl","පෙස්සම තොගේ අමිමගේ හුත්තෙ ගහගනින් පොන්න පිමිපියා"
"Sanwara Himi Badarawela","https://www.facebook.com/sanwara.himi.badarawela","උඹ ඉස්සරලා මහණ වෙයන් බුදු වදන් කියපං එතකොට අපි පිළිගන්නම්"
"Samantha G Balage","","Ithin oya lowyer genma ahala balapiya court eken deepu decisions 5l aks  signature walin withdrow karanna puluwanda kiyala"
"K G Rasp Kande","https://www.facebook.com/people/K-G-Rasp-Kande/61594197904137","තිත් ගල්ලෙ.. අනේ හුකේ"
"Samandana Croos","https://www.facebook.com/samandana.sumith","ධාර්මීක කොටස ඔයා කරන්න. ජනාදිපති එයාගෙ වැඩේ කරය්.. හරිම සරලය්. ඔයා කියන විදියට වරදට දන්ඩුවමක් නැති සමාජයක් ඕනෙම නන් ඔයාගෙ duty එක ඔයා කරගන්න. ඔයා කියන විදියටම හැමෝම බුදුවරු වෙලා හරියන්නෙ නෑ.. එහෙම උනොත් අහින්සක මිනිස්සු පව්.. ඔයාල වගේ පොරවල් ඇත්තටම පොරවල්ම නෙවෙ.. ඔඉට වඩා මනසින් උසස් පොරවල් ඉන්නව"
"Nishantha Wijewardhana","https://www.facebook.com/nishantha.wijewardhana.3","අනේ පිං බත් ගිලින්නෝ. උඹ කියන්නේ බෞද්ධාගමට මුල් තැන කියල   උඹ  කියන්නෙ මොන වරද කලත් උඹ කියන්නේ සමාව දිය යුතුද? කියල. අනේ පලයං ගොං චීවරධාරියෝ. උඩ කවුද යකෝ ජනාධිපති උඹට උත්තර දෙන්න. තෝ නිසා කොහොමත් ජනාධිපති සමාව ලැබෙන්නේ නෑ. පුලුවනම් අරං පෙන්නපං. හොර චීවරධාරියා. රාජපක්ෂ හොර හැතිකරේට කඩේ ගිය කහකඩ හැත්ත."
"Srinath Mahesh","https://www.facebook.com/people/Srinath-Mahesh/pfbid0SEcKGkEguApeKZrCsFbZYr2MmhXrroEqEJRihjYKRFyZQGjAwk2qRiNetAC4a4aDl","මෙ.රට.කවදා.හරි.විනාශ.කරන්නෙ.සිවුරු.හොරුටික.දුප්පත්.අය.දාඩිය.හෙලල.ගත්තු.මුදල්.වලින්.නිකන්.කන්න.දෙනව.කිසිම.ප්‍රයෝජනයක්.නැ.⁣කියන්න.බලන්න.ප්‍රයෝජනය.ධර්මය.කියල.කියයි.එත්.ලෝකෙ.අන්‍යආගමි.කරනව.පව්.වැඩ..ඒ.අහනවද"
"Janaka Dilruwan","https://www.facebook.com/janaka.dilruwan.14","Jvp  කාලෙ  නඩුවක්  නෙවෙ     ආනන්ද"
"Lalith Fernando","https://www.facebook.com/lalith.fernando.7399","Paharayoo"
"Susa Nakandala","https://www.facebook.com/people/Susa-Nakandala/pfbid0Qwh4fiVJ3B8GaF6Wvkzr4qTCTxEhSUa4mhxMHCpeA4ghA18iJTUuM9Q9nZ5G5hb1l","අනේ කහකඩයෝ තොපි හොරැන් එක්ක ලැග්ගට මිනිස්සු ඉන්නේ npp පැත්තෙ"
"Nilanthi Chethana","https://www.facebook.com/nilanthiloku","බණක් දහමක් කරගෙන පැත්තකට වෙලා  හිටපං සිවුරු කාරයා🤣🤣🤣🤣🤣🤣🤣🤣🤣🤣🤣🤣🤣🤣🤣🤣🤣🤣🤣🤣🤣🤣🦬🦬🦬🦬🦬🦬🦬"
"Sathyajeewa Vijendra","https://www.facebook.com/sathyajeewa.vijendra","කට වහගෙන අපේ හොර බණට සාඩුකාර දීපං"
"Vithanage Waruna","https://www.facebook.com/jdfifgugi321111","නීතිය ට එකගව ජීවත් උනා නම් මෙහෙම අඩන්න ඕනෙද?"
"Masa Deen","https://www.facebook.com/masa.deen.2025","හුකන්නැතිව හිටපන් ඝන  හුත්තිගෙ පුතා.........."
"Janaka Pushpakumara","https://www.facebook.com/janaka.pushpakumara.3701779","උබ මොන හුකන්නෙක්ද පකෝ තෝ හෙනවැඩෙක් කියලද හිතන් ඉන්නේ ගොන් පකය"
"Chandana Chandu","","අනේ උබේ බණ ......අපිත් කලයක් ඇහුවා  උබේ වැදිබණ  බුදු දහාමට ගරහන සිව්රු දාගෙන රගපාන බල්ලෙක් මුන්ව ගැටගහාලා දාන්න ඔනේ...මුදල් හමුවේ මුන් උනේම පරවැඩක් කරයි බුදු දහාම උගන්වන මුවාවේන් තරුණ පිරිස් පංසලේන් ඈත්කරනවා මුන්ට මුදල් හම්බවෙනවා"
"Nishantha Alwis Weerasinghe","https://www.facebook.com/nishantha.alwis.weerasinghe","දැන් ඇත්ත දකින පුරවැසියන් බහුතරක් සිටී අතවැසියන් අතලොස්සක් සිටී."
"Asitha Lakshmana","https://www.facebook.com/asitha.lakshmana","අනේ පලයන් ගනයෝ 🤣🤣🤣"
"Ajith Herath","https://www.facebook.com/ajith.herath.509118","තොගේ බණ.....තොපි වගේ කාලකන්නි පරයෝ වැදි බණ....උබ කහ රෙද්දක් දා ගත්ත නම් පාඩුවේ හිටපන්"
"Indika Gayan","https://www.facebook.com/people/Indika-Gayan/pfbid02DQn8xPUeBb6sDmto5fUJDvbz82oM9s88ZRBtrQLWFALmQfPe6gurwYpoDVGSJ9RQl","අඩෝ පිංබතෝ නින්දිතයෝ තොට ලැජ්ජාවක් නැද්ද බොල මිනිස්සු දෙන පිංබත් ටික ගිලලා මිනිස්සුන්ටත් සද්දේ දාලා මේ රටේ අධිකරණයෙන් දීපු තින්දුවකට අභියෝග කරන්න තෝ මොන තුප්පහි පර සක්කිලියෙක්ද බොල නිගණ්ඨයෝ"
"Laleendra Rathnayake","https://www.facebook.com/laleendra.rathnayake.5","මේකා හරි කරදරයක්"
"Ctg Perera","https://www.facebook.com/people/Ctg-Perera/pfbid0aDzGWfaRyV9vK1w5Gk91d2hZCzUnniwuZpC9T6xjcrjoCaZiRN7bb9xmsFLeNiUdl","උඹ සමාව බලන්නේ හ***** ලබාගන්න හදන්නේ..අනුර දිසානායක සහෝදරයගේ අම්මට පවා කැත විදියට පරිභව කර ලද ගණයෝ උඹ සමාව ලබාගන්න  හදන්නෙ..🤣යකෝ සමාව දෙනවා මිසක්කා අරගල කරල නීති වගන්ති පෙන්නලා සමාව ගන්න බෑ යකෝ. සමාව දෙන්න හිටියනං උඹ වගේ ගෝතයෙක් ඔය නීති තර්ක ඉදිරිපත් කරනකොට දෙන්න තියෙන සමාව දෙන්නෙත් නෑ ඒක මතක තියාගනින්.උඹ ඔතනත් මුස්ලිම් සමාජය ගැන කියලා වක්‍ර මාර්ගයෙන් හෝ ජාතිවාදය අවුස්සන්න තමා බලන්නේ"
"Siri Kumara Udukalage","https://www.facebook.com/sirikumara.udukalage","නානා  මැරෙන කල් හිරගෙදර තියන්න ඕන රටට බුද්ධාගමට සින්හල ජාතියට කල අපරාධයට.. තිත්තගල්ලයත් කරන්නෙ තරැණ පරපුර මහන කරන එක උගෙ වාසියට.  යකෝ කොල්ලො ටික තට්ටෙ ගාල සිවුර ඇන්දුවම සින්හල ජාතිය බෝ කරන්නෙ තොපෙ හොර ගෑනුද. නානසාර යනු රාජපක්ෂලගෙ දඩ බල්ල පමණි."
"Rohan Gamage","https://www.facebook.com/rohan.gamage.208373","Kade yana ponnyo.."
"Udeni Wijewickrama Udeni","https://www.facebook.com/udeniwijewickrama.udeni","Chivarayata agaurava nokara  cheevara galavala palayau gubbeyan valata ."
"Dilmina Karannagodavithanage","https://www.facebook.com/dilmina.karannagodavithanage.3","තමුන් නියම අවස්තාවාදිය. කිසිම ආගමකට මුල් තැන ඕනෙනැහැ වැරදිනම් දඩුවම් දිය යුතුයි. කරන්න තියෙන බලු වැඩ කරල දැන් බණ කියනව. තවම මිනිස්සු උසාවි ගානෙ බඩ ගානව ජාති වාදෙ අව්සල ඌ දැන් හොද මිනිහ කරන්න යනව උබල"
"Danushka Wijerathhna","https://www.facebook.com/people/Danushka-Wijerathhna/pfbid0nNW8RK1eivCatzEBAfLuqkTtaC9G76YHDMr8wjTwgRQcDTYdJfhyTQis9RYSw9Djl","ජෙප්පෝ කියන්නේ තිරිසනුන්ට"
"Prasanna Desha GK","https://www.facebook.com/prasanna.desha","මිඩියා වලිනුයි, අරකෙනුයි මේකෙනුයි මිනිස්සු මෙච්චර හැම තැනින්ම ගහන්න හේතුව මේකයි හාමුදුරුවනේ 1. පංසලේ හාමුදු⁣රුවො 2. ගුරුවරය 3.පොලිස් නිළධාරියා 4. රජයේ සේවකය ඔය කියන චරිත වලට රටේ මිනිස්සු අසීමිත ආදරෙයි, මොකද සමාජයක් ගොඩනගන්න, හෙට දවසේ හොද පුරවැසියන් බිහි කරන්න මුලිකවම ඉන්නෙ ඔය කියන චරිත නිසා, එහෙම එවුන් පිස්සු කෙලිනකොට රටේ ජනතාවගේ ආ⁣දරය වෛරි ආකාරයෙන් තමන්ගෙ විවේචන දක්වනව, විරෝදය පලකරනව, ඕක තේරුම් ගන්න බෑනෙ ඔබවහන්සේට"
"Rajindra Krishan","https://www.facebook.com/rajindra.krishan","Prasanna Desha GK භික්ෂු සමාජය 40000ක් ඉන්නවා .. කීයක් විතර වැරදි වැඩ කරමනවද?"
"Somaratne Guruwala Gedara","https://www.facebook.com/people/Somaratne-Guruwala-Gedara/pfbid02VvfG6kco5KNn8iXJoxSAuJ3TiV75r9btFbQV7c7ixZ7tEhJYegztESBQmmib7jE3l","Huttoammatahukapiyahutto🖕🖕🖕🖕😭geriganaya 🖕🖕🖕"
"Donsunil Pathirana","https://www.facebook.com/donsunil.pathirana.2025","Thotath a kunu godatama watai"
"Harsha Janapriya","https://www.facebook.com/harsha.janapriya.7","A janadi path awith hoyala dannam Pala thatayo yanna"
"Thilak Neelawala","https://www.facebook.com/thilak.neelawala.71","ගහනවා උස්සලා පොළොවේ, පරයා 😂😂😂😂😂"
"Lalith Amaranath","https://www.facebook.com/lalith.amaranath.56","jvp kala kanni topi apagatama tama wenne me aphasa walin"
"Neeta Kumudini Weragoda Arachchige","https://www.facebook.com/lional.gunawardana.7","Okata pollakin gahanna ona"
"Ruban Rubz","https://www.facebook.com/anandaruban.ruban","Ado Aru lawyer knkda okage hati balapn chik vitharak rawula kapanna salli dpn bn"
"රටේ හඩ","https://www.facebook.com/people/%E0%B6%BB%E0%B6%A7%E0%B7%9A-%E0%B7%84%E0%B6%A9/61583805931003","ඔහේ වගේ එවුන් ධර්මය විකෘති කරන යක්ෂයෙක්, බෞද්ධ දර්ශනය ඉගෙනගෙන වරෙන් ගිහියන්ගෙන් ගුටි කන්නේ, තාමත් මිනිස්සු ඉවසනවා ඒක ඉක්මනටම අවසන් වෙයි, බුදුහාමුදුරුවන්ට අගෞරව කරන්නේ ඔහේලා, මොලේ සිහියක් කියලා දෙයක් තියෙනවා නම් ඔහොම හැසිරෙන්නේ නෑ යකෝ, මානසික ලෙඩක් කොහේලට දෙමහුපියෝ බලෙන් ගෙනල්ල පන්සල් වලට දාපුවාම ඔහොම ඈයෝ තමයි ඇති වෙන්නේ අවබෝධයෙන් සාසනයට එකතු වෙන්න ඕනේ නැත්තං ඉතින් මානසික ලෙඩ්ඩු වගේ හැසිරෙනවා තමා"
"Jagath Keerthi","https://www.facebook.com/jagathkee","සංඝ පාතාලය පිස්සු කෙලියහම අනුර පලිද?"
"Janaka Kumara","https://www.facebook.com/people/Janaka-Kumara/pfbid0szGytdkGDKNuyHU3t48XaioNfGvSyYCCDq5Zi8vJTEYGMJbigQUhXJA2bMKWJADtl","ඒ ගමන මේ ගොන් කැරියෙක් රගන්න ගත්ත මේ බල්ලත් බැදල දාපියව් නීතියේ රැහැනින්"
"Nissanka Nissanka","https://www.facebook.com/nissanka.tilake","Thoga redi galawenew balapiya"
"Prasad Kymara","https://www.facebook.com/people/Prasad-Kymara/61581005823840","ඉස්සෙල්ල තොපි මහණ වෙයන්.... බුදුන් කියපු මග පලයන්"
"අහිමි ආදරය","https://www.facebook.com/people/%E0%B6%85%E0%B7%84%E0%B7%92%E0%B6%B8%E0%B7%92-%E0%B6%86%E0%B6%AF%E0%B6%BB%E0%B6%BA/pfbid02BSSDixdWLpQfC9NrE3xUoP92L1g3oZEm6qALwT4xwW4RSzauT6jXWkBf7WnZfgdpl","තොපිට ආගමේ නාමේන් වාරික විදියට හෙන ගහනෝ"
"Roshan Chakrawarthi","https://www.facebook.com/euro.visnio","ඕක විකෘති කෙරුවත් නැතත් අපි දන්නවා මොකක්ද කියලා හාමුදුරුවෝ එකටම මහණ වෙන්නෙ සිවුරට අගෞරව කරන්නේ නැතුව"
"Wijerathna Weerabaddana Sampath Sri","https://www.facebook.com/wijerathna.sri","වරෙන්තු තුනක් තියන එකෙක්ට සමාව. එහෙනං හිරේ ඉන්න බාගයක්වත් එලියට දාපං"
"Amali Amali","https://www.facebook.com/amali.amali.336209","බුදුදහmata mul thana denawa kiyla ubala lamai dushane karana ඒවාට අධිකරණයට apahasa karana ewata samawa denna oneda ballo. Siura asse hangena kondak nathi loke thiyena balu wada serama karapu balu හැත්ත. ඔච්චර adanna oneda yako oya saraya ekka deega palayanko tho"
"Tissa Senadeera","https://www.facebook.com/people/Tissa-Senadeera/pfbid0274xYoLFVkmwqmQHw13dmnsZBNk96DvGZb3s5HqK9m7XTQ7umCtJv61imJXnCNDpql","ජාතිවාදය අවුස්සපු කෙනෙක් උන් වහන්සේ...."
"Sena Hari","https://www.facebook.com/sena.hari.7","Thththagalla thththiii  dennama"
"Anupa Diwayanjana","https://www.facebook.com/anupa.diwayanjna","පල හුත්තා යන්න කැරියා"
"Nilanka Fernando","https://www.facebook.com/nilanka.fernando.64913","[Image Attachment]"
"Kumara Samarakoon","https://www.facebook.com/kumara.samarakoon","තියත්තය ගෙ ගෙදර උගෙ සෙට් එකතියාන.. තක්කඩියෙක් වෙනුවෙන් ... උබට ජනාධිපති ට බැන බැන ටින්විල් ට බැන බැන සමාව නෙවේ මේ ඉල්ලන්නෙ..      උබේ ගේම නාමලය වෙනුවෙන් තො උගෙ හොරාකාපු සල්ලි වැලදුව එකා"
"Saminda Chamara","https://www.facebook.com/saminda.chamara.3","පකෝ  නාන සාර බල්ලෙක් ර්‍ සමාව නොදිය යුතුමයි."
"Sudath Senanayake","https://www.facebook.com/sudath.senanayake","දේවදත්ත පරපුරේ එකෙක්"
"Nihal Ferdinando","","අනුර ජනාධිපති තුමාව ""ජනාධිපති"" තනතුරට පත්කළේ ""ඥාණසාර වත් හොරිකඩ තිත්තකාඩිය වත් නොව අප රටේ ජනතාව බව තේරුම්ගනු."
"Janaka Perera","https://www.facebook.com/janakaUPerera","ජනාධිපති අනුර සිය බලතල අනිසි ලෙස භාවිතා කරමින් ගලගොඩඅත්තේ ඥානසාර හිමියන්ට අත්තනෝමතික ලෙස ජනාධිපති සමාව ලබා දුන්නේ නම්, එය හෙළා දැකිය යුතුය!  පූජ්‍ය ගල්බඩවත්තේ ඥානසාර හිමියන්ට ජනාධිපති සමාව ලබා දීම පිළිබඳව බරපතල ලෙස සලකා බැලිය යුතු කරුණු කිහිපයක් තිබේ: 1. මුස්ලිම්-සිංහල වාර්ගික ගැටුම් ඇති කිරීමට සම්බන්ධ වීම පිළිබඳ චෝදනා. 2. මත්පැන් පානය කර රථ වාහන ධාවනය කිරීම (මෙය 'දෙරණ' නාලිකාවේ දිල්කා සමන්මලී විසින් අදාළ නඩු අංකය ද සඳහන් කරමින් හෙළි කරන ලදී). 3. ශුද්ධ වූ කුරානය වැරදි ලෙස අර්ථකථනය කිරීම සහ වෙනත් ආගම්වල පූජකවරුන්ගේ හා අනුගාමිකයන්ගේ සිත් රිදවීම. 4. පාර්ලිමේන්තු මැතිවරණයට තරඟ කිරීම. 5. රත්නපුරයේ බෞද්ධ භික්ෂුවකට අසභ්‍ය වචනයෙන් බැණ වැදීම (මෙය පටිගත කිරීමක් මගින් හෙළි විය). 6. අනවශ්‍ය ලෙස අධිකරණ කටයුතු වලට මැදිහත් වීම. 7. JVP/NPP (ජවිපෙ/ජාජබ) පක්ෂවලට අවාසිදායක වන පරිදි දේශපාලන පක්ෂ පිළිබඳව අදහස් දැක්වීම සහ පක්ෂ දේශපාලනයට සම්බන්ධ වීම. 8. 'සිල්' පදය (භික්ෂු ප්‍රතිපදාව) පිළිබඳ ගෞරවයක් නොදැක්වීම සහ තම සිල් පදය පරීක්ෂා නොකරන ලෙස ඉල්ලා සිටීම. නිග්‍රෝධ සාමණේරයන් වහන්සේගේ හැසිරීම අනුව අශෝක රජතුමා බුදුදහම වැළඳ ගත්තේය; එසේනම් පූජ්‍ය ඥානසාර හිමියන්ගේ හැසිරීම අනුව සිදුවන්නේ කුමක්ද? මෑතකදී අධිකරණ නඩුවක් ගොනු කරන ලද්දේ එක්නැලිගොඩ මහතාගේ බිරිඳ සහ ආචාර්ය සර්වනමුත්තු යන දෙදෙනා විසිනි. ඔවුන් දැරූ වෙහෙස සහ වැය කළ මුදල් නොසලකා හරිමින් ජනාධිපතිවරයා තීරණ නොගත යුතුය. පූජ්‍ය ඥානසාර හිමියන් බන්ධනාගාරගතව සිටිය යුතු බව ඔවුන් දැඩි ලෙස විශ්වාස කරති. ඊට වලංගු හේතු තිබිය යුතුය!"
"Nishantha Gajanayaka","https://www.facebook.com/profile.php?id=100001891985039","කාලකන්නියෙක් මුන්නම්"
"Yasantha Gunasekera","https://www.facebook.com/people/Yasantha-Gunasekera/pfbid0bVvWfsXrUiXvPcRXBvwKKgUre8YU3cxTzadv8yPddPRX4rtV1aemfwmKcBJamPHwl","Wahal kahakadayoooo"
"Datson Patabedige","https://www.facebook.com/datson.patabendige","උඹ දගලන්නෙ ගලගමයගෙ බැටන්එක උඹ ගන්නද හැබැයි එහෙම උනොත් තොගෙ සිවුර ගලවලා හෙලුවෙන් ගෙටගහලා ගහක පතුරුයනකල් කන්න තමයි වෙන්නෙ"
"Jayarathna Vidanagamage","https://www.facebook.com/people/Jayarathna-Vidanagamage/pfbid0Wa96kTAKUT9aJm9vSiWWGYpYjBbf17Fh5TqoDRYsAwrBwwDxjwcZdbu85FZZThQl","මු මැරුණ ගමන් උපත අවීච් යේ"
"සසර දනව්ව.","https://www.facebook.com/9i168q0h74","Horakan un Darmiksda polystyrene ponnsya"
"Nalin Dushmantha","https://www.facebook.com/nalin.dushmanth.9","තොපිට සාසනේට ඈ කැළලක්‌"
"Sudath Kumara","https://www.facebook.com/amaya.epa","ඔික රෝල් කරලා තොගෙ පුකේ ගහගං කාලකන්නිය"
"Pawithra Sadamali Ramanayaka","","නානේ එලියට දාලා මූව ඇතුලට දාහල්ලා"
"Upali Makunda Gamage","https://www.facebook.com/upali.makundagamage","මේකා මොකෙක්ද . සිවුරු මැරයෝ"
"Uduwevidanelage Perera","https://www.facebook.com/uduwevidanelage.perera.1","කහකඩ බල්ලො රටට පුදුම කරදරයක් වෙලා"
"Ranjith Pathirana","https://www.facebook.com/profile.php?id=100001551548122","ජනාධිපති ට පලු යන්න බැන බැන සමාව ඉල්ලනවා.මුං කාගේ දරුවොද"
"Tharaka Deshpriya","https://www.facebook.com/profile.php?id=100008687289241","තමන්ගෙ රටේ සිංහල බෞද්ධ වෙලා ඉපදිලා එ රට rekaganna තමන්ගෙ අනන්‍ය තාවය වෙච්ච බෞද්ධ දර්ශනය වෙනුවෙන් wachnayk කතා කරන්න පුරුදු වෙයල්ලා. අඩු ගානේ  තමන්ව ජාතක කරපු අම්මා අදින රෙද්දෙ ගෞරවය thiyapalla"
"Sampath Chamara Chaminda","https://www.facebook.com/chamimba.sampath","යකෝ අපට අපේ ආගම නැතිකරන්න එපා හොර ගනගෙඩි රැල"
"Sumira Manjula","https://www.facebook.com/sumira.manjula","[Image Attachment]"
"Sumira Manjula","https://www.facebook.com/sumira.manjula","[Image Attachment]"
"Sumira Manjula","https://www.facebook.com/sumira.manjula","[Image Attachment]"
"Sumira Manjula","https://www.facebook.com/sumira.manjula","[Image Attachment]"
"Sumith Kumara","https://www.facebook.com/kumara.angle","[Image Attachment]"
"Sumith Kumara","https://www.facebook.com/kumara.angle","[Image Attachment]"
"Sumith Kumara","https://www.facebook.com/kumara.angle","[Image Attachment]"
"Roshan Sampath","https://www.facebook.com/roshan.sampath.580738","Sakkili balla.... muta dane dena awunta gahanna ona.... namalge gu kapan para balla...."
"Ajantha Shelton","https://www.facebook.com/ajantha.shelton.1","[Image Attachment]"
"Rv Wishva Deepal","https://www.facebook.com/wishva.deepal","පුලුවන්නම් කියපන් උබේ නායක හාමුදුරුවෝ  කවුද කියලා. අනේ බුරුවා කාලකන්නි"
"Dinuka Madusanka","https://www.facebook.com/dinuka.madusanka.950068","සාසනේම වනසන කාලකන්නි අවජාතක තිරිසන්නු"
"Rv Wishva Deepal","https://www.facebook.com/wishva.deepal","සූත්‍රය කියපන්කො බලන්න 🤣🤣🤣"
"Prabuddika Aberathna","https://www.facebook.com/prabuddika.aberathna","Munam uthum chiwaraya porawa gaththa thawath hiwalek"
"Gayan Dissanayake","https://www.facebook.com/gayan.dissanayake.44445","කුජීතයි නේත ????😂"
"Era Yethmin","","ඒ තඩි කලු රිලවෝ...එහා පැත්තේ ඉන්නේ නත්‍තල් සීයාද බන් 🤔"
"Vipula Kumara","https://www.facebook.com/vipula.kumara.1829","මෙ ආන්ඩුව බුද්ධාගම ට නිසි තැනක් නැහැ"
"Samith Wellala","https://www.facebook.com/samith.wellala.2025","කාලකන්නි තිත්තගකයො තො නානසාරයා කියනෙ සතෙක් බීලා ලමයි ඉන්න බල්ලෙක්"
"Buddhima Perera","https://www.facebook.com/buddhima.perera.54","[Image Attachment]"
"Sisitha Sudarshana","https://www.facebook.com/sisitha.sudarshana","පල පල... නාන සාරගෙ අඩුව පුරවන්න ඇවිත් 🙈🤢🤮"
"රොෂාන් සංජීව","https://www.facebook.com/people/%E0%B6%BB%E0%B7%9C%E0%B7%82%E0%B7%8F%E0%B6%B1%E0%B7%8A-%E0%B7%83%E0%B6%82%E0%B6%A2%E0%B7%93%E0%B7%80/61556291722649","කොහොම වුනත් අධිකරණය දෙන දඩුවමට කවුරුත් හිස නැමිය යුතුයි.....නානසාර වෙනුවෙන් කඩේ ගිහින් ඔබ වහන්සේ  ගු නාන්න එපා"
"Chandrarathna Bandara","https://www.facebook.com/chandrarathna.bandara.121","මෙ ගනයට කියන්නේ  තෝ හූකන්න  එපා  කැරිය  ජනාධිපති  ඌට ඕන කරයි   තෝප්  අමිමට  හුකවලා ගන්නේ"
"Mehesh Samarasekara","https://www.facebook.com/people/Mehesh-Samarasekara/pfbid0GqS4K2bkUuSbWornG7NgWBDVwWWzGL1YVv85NoTT3eVtthpfKFCUGQ9CL1hK13Zjl","අස්සන්   ටික  ගහගනින්  උබේ  පු##"
"Gamini Gamini","","[Image Attachment]"
"Bandara Amarakoon","https://www.facebook.com/people/Bandara-Amarakoon/pfbid0xzzav8rKXrACYqKqjRRtraFvy65tqqG1kfkfZjiL7hRbT9KrHH7wnzy5n4yE5Jw1l","Yako mahana une uba  newan yannada desapalane karannada gon kareyao"
"Prabath Maduranga Kumarage","https://www.facebook.com/people/Prabath-Maduranga-Kumarage/pfbid0uWJJzkRWdvn3YV63ecAbHURkv4S8XTgvanV7641vKBfj9aPU9jvptni39fGKCNMxl","මන්දබුද්ධිකයන්ට කන්න බොන්න අදින්න දීලා තව වැදලත් මදි"
"Suranga Jeewan","https://www.facebook.com/suranga.jeewan","[Image Attachment]"
"Mangali Perera","https://www.facebook.com/mangali.perera.1","🤮🤮🤮"
"Udara Edirisingha","https://www.facebook.com/udara.edirisingha.77","ජාතිවාදී කදවුර"
"Lasantha Nissanka","https://www.facebook.com/lasanthanissanka","උබල තමයි සාසනයත් කන්නේ කාලකන්නි"
"Sanju Lasith Anuradha","https://www.facebook.com/sanju.ab.712","ඖ ඉතින් උබ බැනපන් අපිත් බනිනව උබට 😂😂😂✌️ අපිටත් අයිතිය තියෙනව කහකඩයො 😂"
"Sooriya Kumara","https://www.facebook.com/people/Sooriya-Kumara/pfbid02xe2Mx13RrW9cEvSpUEYcKaSYDJprQ1mPxxkRum15Cmf5b7iGmwWKjUVoC1JkgHZpl","Thoi ape agama kewa"
"Samantha Premathilaka","https://www.facebook.com/samantha.premathilaka.332","නාමල් නැතුව හරි අමාරුයි නේද හාමුදුරුවනේ"
"Dimuthu Prasanna","https://www.facebook.com/people/Dimuthu-Prasanna/pfbid02dTW1KRZJZ1XDy61mGCJ3eosYudUbAYVYikdygUU1rcKBpUXbTEo7qEizb6bGNfLbl","නීතිය නවන්න කියන එකද කියන්නෙ 🙏"
"Ranapriya Perera","https://www.facebook.com/shanaka.perera.92505","අපි විරුද්ධ නීතිය කාටත් පොදු හින්දා හිවලෝ අදිකරන තින්දුව දීලා තියෙන්නේ අනුර කුමාර නෙවෙයි ..මූ අමු මීහරකේක් ...සර් ගේ රුව්ල නම් මරූ.බුද්දාගම කියන්නේ  තොපිලගේ ගොන් සාර නෙවෙයි පිස්සෙක් මු😂"
"Lnp Nishshanka","https://www.facebook.com/lnishshanka1","මුන් සාදාරනය කියන එක දන්නෙම නැතිද? වරදක් කලානම් දඩුවම් විදින්නම ඕනේ."
"Pushpa Kulathunge","https://www.facebook.com/samanthi.kulathunge","Bududahame jathiwadaya dakwala thiyenawada 😡"
"Somarathna Liyanage","https://www.facebook.com/somarathna.liyanage.302652","[Image Attachment]"
"Somarathna Liyanage","https://www.facebook.com/somarathna.liyanage.302652","[Image Attachment]"
"Dinith Prasanga","https://www.facebook.com/dinith.prasanga.107231","ඥානසාර කියන්නේ හාමුදුරුවෝ කෙනෙක් නෙමෙයි . එයා අතිතයේ හැසිරුනේ හිමිනමක් නෙමෙයි චන්ඩි පාට් දාන පාතාලායේ කෙනෙක් වගේ. ඔහු හිරේ යන්නම ඕන"
"Nishan Dassanayake","https://www.facebook.com/nishan.dassanayake.2025","තොපි මේ රට විනාශ කරන්ඩ එපා එහෙම වුනොත් සිවෘ ගලවලා නෙලන්ට වෙනව.. ධර්මය රැකගෙන හිටපල්ල..රාජ්‍ය පාලනයට එන්න ඕනිනම් සිව්‍රරු ගලවලා වරෙව් ...."
"Danushka Sampath","https://www.facebook.com/people/Danushka-Sampath/pfbid02E4EjpfiEmtkUnVnrUL8Zp6HzfcPY4NUf3YuMDJ652tnFHWpnx8kqyAeLrsECv1FJl","මූ වගේ ගොනෙක්"
"Kelum Indika","https://www.facebook.com/kelum.indika.7334","පිංබත් කාලා රටට වින කරන සාසනේ කන බුදු දහමට නිගා කරන කාලකන්ණි 🤮🤮🤮"
"Maheshi Jayasekara","https://www.facebook.com/maheshi.jayasekara.549","අපරාදෙ කියන්න බෑ බෑ. අන්තිම තත්පරේ හරි ගන්න තියෙන අයිතිවාසිකම් ටික ඔක්කොම ගන්නවා යස අපූරුයි ගණ ගෙඩියෝ...🤭🤣🤣🤣"
"Upendra Bandara","https://www.facebook.com/upendra.jothirathnage.9","ඥානසාරගේ චරිතය මෙයා දැන් ගෙනියන්න හදන්නේ"
"Sumith Pubudu","https://www.facebook.com/Sumith.Pubudu","[Image Attachment]"
"යථාවාදී තථාකාරී","https://www.facebook.com/asarana.sarana.754","මූව අත්අඩංගුවට ගන්න ඕන ..රඟපානවා වැඩියි"
"Bimsara Wanasinghe","https://www.facebook.com/adi12173","56 මැතිවරණය සර් ජෝන් කොතලාවල දිනුවනම් අද වෙනකොට හාමුදුරුවරු හාමුදුරුවරු විදියට පන්සලට වෙලා ඉන්නවා... පංචමහා බලවේගයක් කියලා ලබ්බක් ඉස්සරහට දාගෙන ඇවිත් බණ්ඩාරනායක ලොක්කා තමා ⁣රටට මේ විනාසේ කරේ... රටේ ඉන්න භික්ෂුන්වහන්සේලා මිනිස්සුන්ට එපාවෙන්න ගත්තේ එදා ඉඳන්... ඥානසාරලා, රතනලා, තිත්තගල්ලේලා, ඉත්තෑකන්දෙලා වගේ කාලකන්නි පිරිසක් බිහිවෙන්න මූලික අඩිතාලම වැටුණේ එතනින්..."
"Sumana Devendra","https://www.facebook.com/sumana.devendra","කරුමෙට උපන් චීවරධාරීන්"
"Sanjaya Jayasekara","https://www.facebook.com/sanjaya.jayasekara.94","[Image Attachment]"
"Sanjaya Jayasekara","https://www.facebook.com/sanjaya.jayasekara.94","අනේ කාළකණ්ණියා"
"Lesly Asanka","https://www.facebook.com/asanka.lesli","සමාව ගන්න හරි මොන බක්කක් කරන්න හරි මූට අධිකරණයට නීතියට යටත් වෙලා බාරවෙන්න කියපං කහකඩයෝ"
"Anuradha Liyanage","https://www.facebook.com/abc.anuradhaliyanage","Pagayaaa.."
"dulanipabasara","https://www.facebook.com/dulanipabasara1968711","හාමුදුරැවෝ.දේසපාලනය.කරන.එක.නතරකරන්න.ඔිිනි"
"Naveen Senanayake","https://www.facebook.com/sinhalayaniawadiwanna","මූව පිස්සන් කොටුවට ගිහින් දාන්න කවුරුත් නැද්ද?"
"Manthi Kurera","https://www.facebook.com/manthi.kurera","[Image Attachment]"
"Victor Perera","https://www.facebook.com/victor.perera.5851","අවසර අපේ හාමුදුරුවනේ. මෙය කාරුණික ඉල්ලීමක් අපේ රටෙහි බෞද්ධ ජනතාව නොමඟ යැවීම සඳහා. මේ ගන්නා වෑයම වහාම නවත්වන්න. රටෙහි පුරවැසියන් වන අප භේද බින්න නොකර අප තථාගතයන් වහන්සේගේ ධර්මය ඔබ වහන්සේ. හරි අවබෝධයෙන් තේරුම් ගෙන. දේශපාලනික කටයුතු වලින් බැහැරව. තම ආත්මභාවය සුවපත් කරගැනීම සඳහා. මේ වෛරයෙන් දඟලන අදහස් පල නොකර. තම සිත දමනය කර ගැනීම සඳහා සිහිනුවණ පෑදේවා තෙරුවන් සරණයි."
"Chanaka Kasun","https://www.facebook.com/chanaka.kasun.14855","සමාජ පිළිකා මේව"
"Nevil Samarathunga","https://www.facebook.com/nevil.samarathunga.2025","🤣🤣🤣🤣🤣"
"Ravindra Priyadarshana Silva","https://www.facebook.com/ravindrapriyadarshana.silva","තිත්තගල්ලෙ බ්‍රො  කියනවනo  ඉතිo  අපි එකගයි  හොදේ."
"Supun Perera","https://www.facebook.com/people/Supun-Perera/61558827885751","අනේ මේ ඔක්කොම ඉතින් 29', නෑමොල් ජනාධිපති කරන්නනේ කියලා හිතෙද්දී..😁😁😁😁"
"Upuli Wijewardene","https://www.facebook.com/profile.php?id=100012993909939","@followers"
"Asanka Sada Kelum","https://www.facebook.com/asanka.sadakelum.50","මොකාද මේ..."
"Dilan Madhushanka","https://www.facebook.com/dilan.hansi.79","අපේ එවුන්මයි අපේ ජාතියට කෙලවන්නේ"
"Luxman Wasantha","https://www.facebook.com/luxman.wasantha.71","තොපි ඇවිල්ලා සාහරාන්ට ප්‍රභාකරන්ට වඩා ජරා මිනිස්සු!!!!"
"Saman Kumara","https://www.facebook.com/saman.kumara.761354","👌👈👌👍👌👈"
"Saman Kumara","https://www.facebook.com/saman.kumara.761354","[Image Attachment]"
"Saman Kumara","https://www.facebook.com/saman.kumara.761354","[Image Attachment]"
"Nishantha Hettiarachchi","https://www.facebook.com/nishantha.hettiarachchi.79","රාජපක්ෂ නිකාය 🥹🤦"
"Saman Kumara","https://www.facebook.com/saman.kumara.761354","[Image Attachment]"
"Rajantha Lakmal","https://www.facebook.com/rajantha.lakmal.3","Manula Janath ඩොබියො නෙ හෝදන්නෙ"
"Manula Janath","https://www.facebook.com/manula.janath.9","Rajantha Lakmal නාමල් හිරේ ඉන්නේ ඇයි"
"Rajantha Lakmal","https://www.facebook.com/rajantha.lakmal.3","Manula Janath  නාමල් හිරෙ ඉන්නෙ උගෙ ගමන නවත්වන්න බං"
"Manula Janath","https://www.facebook.com/manula.janath.9","Rajantha Lakmal හොරා කාපු පගා ගත්තු නිසා නෙමේද එතකොට 😀"
"Rajantha Lakmal","https://www.facebook.com/rajantha.lakmal.3","Manula Janath  නාමල් හොරා තිලපන් වීරයා😂"
"Manula Janath","https://www.facebook.com/manula.janath.9","Rajantha Lakmal ඔව් නාමල් හොරා"
"Chandana Dissanayake","","ඔන්න සිව්‍රරට  අගෞරවයක් නොකර පල"
"Samith Ekanayaka","https://www.facebook.com/profile.php?id=1375508201","මේ හු ##kannata පන්සල් වල වැඩ නැද්ද??? 😂මේ බුදුන්ගේ ධර්මය ප්‍රචාරය කරන වද????? 😡😡😡😡😡😡"
"Rifaz Raffai","https://www.facebook.com/rifaz.raffai","Anura sir great 👍"
"Prasad Buddhika","https://www.facebook.com/prasad.buddhika.77","දැන් බණ මතක් වෙලා තියෙන්නේ 😀"
"Pemarathna Hettiarachchige","https://www.facebook.com/people/Pemarathna-Hettiarachchige/pfbid02B5o4Nez6stZY8CUNMPQBM2ttLJ1eBYsXsHKSnGCJtrLhEDnFETdaEvf9o5JK3YUVl","හොඳට රෝල් කරල ගහගනිං පස්ස පැත්තෙ."
"Namal Jayawardana","https://www.facebook.com/namalwardana","ඔයා කතා කරන්නකො....මඩ නෙව්"
"Saketha de Silva","https://www.facebook.com/saketha.desilva","Namal Jayawardana"
"Dammika Anuruddha Dissanayaka","https://www.facebook.com/profile.php?id=100029036160725","රාජාංගනේ සද්දාරතන... අල්ට්‍රා ප්‍රෝ මැක්ස් ...!  🤣"
"Sudarshana Ranaweera","https://www.facebook.com/sudarshana.ranaweera","හොර ඝණ⁣යො ජනතාවද http  බෝ පෘතජ්ජන ජනතාවද නියෝජනය කරන්නෙ"
"Nimal Jayasiri","https://www.facebook.com/people/Nimal-Jayasiri/pfbid02kGx7tX6L25Y9udpbh9Bq943KK3jJVt2soSKRWvsJJRgHZh74waeGhAxNXy3Tpkp7l","Me Pakeyata Mongal ❤ Malimawata Jayawewa Theruwan Saranai"
"Gayan Nishshanka","https://www.facebook.com/gayan1986","[Image Attachment]"
"Chamila Kamal Ranugge","https://www.facebook.com/chamilakamal.ranugge","ඉතින් උබත් පලයං ඌත් එක්කම .කහඩය"
"Siri Gamini","https://www.facebook.com/siri.gamini.208127","[Image Attachment]"
"Siri Gamini","https://www.facebook.com/siri.gamini.208127","[Image Attachment]"
"Siri Gamini","https://www.facebook.com/siri.gamini.208127","[Image Attachment]"
"Mayura Nuwan","https://www.facebook.com/mayura.nuwan","කියන්න දෙයක් තියනවනං උසාවියට කියපං බං 😏"
"Siri Gamini","https://www.facebook.com/siri.gamini.208127","[Image Attachment]"
"Siri Gamini","https://www.facebook.com/siri.gamini.208127","[Image Attachment]"
"Siri Gamini","https://www.facebook.com/siri.gamini.208127","[Image Attachment]"
"Sures Janaka","https://www.facebook.com/people/Sures-Janaka/pfbid02vPdLt1tXNwiT3zqo7XhmeLigzaEGpkzUhryZMq7nqUQYj59KFT3EFAoMrcgmmjxsl","👍👍"
"අහිමි ආදරය","https://www.facebook.com/people/%E0%B6%85%E0%B7%84%E0%B7%92%E0%B6%B8%E0%B7%92-%E0%B6%86%E0%B6%AF%E0%B6%BB%E0%B6%BA/pfbid02BSSDixdWLpQfC9NrE3xUoP92L1g3oZEm6qALwT4xwW4RSzauT6jXWkBf7WnZfgdpl","තෝ මහා පිලිකාවක් ලංකාවේ උන් ට"
"Nishan Hettiarachchi","https://www.facebook.com/nishan.hettiarachchi.2025","පකයා ඉස්සෙලා තෝ මහන වෙයං"
"Nishan Hettiarachchi","https://www.facebook.com/nishan.hettiarachchi.2025","හාමුදුරු කෙනෙක් නම් පන්සලේ ඉන්න ඕන  ජාතිවාදය අවුස්සලා කොච්චර විනාසයක් කරාද යකො ඒ පකයා  තොපිට ඕනි දේ කරන්න නෙවෙයි  අපි පත් කරගත්තෙ  අපිට ඕන දේයි වෙන්න ඕනෙ"
"Sanka Thilina","https://www.facebook.com/sanka.thilina.75","මුන් මේ මහණවෙලා තියෙන්නේ මේවාටද බං.. වනචාරී"
"Gayan Sameera Dahanayaka Yapa","https://www.facebook.com/sameera.dahanayaka.39","Beheth tika bila nidaganin"
"Sanka Thilina","https://www.facebook.com/sanka.thilina.75","පිස්සු හුත්තෙක්"
"Sa Weerasingha","https://www.facebook.com/sa.weerasingha.199053","ඕයි..ඔය වගේම ඥාණෙට විරුද්ධව අත්සන් ගන්න තැනක් දැම්මා නම්..ඒකට කෝටියක් අත්සන් ලැබෙනවා...😃😃😃"
"Sumithra Kahavita","https://www.facebook.com/sumithra.kahavita","Siru galawapallaa"
"Thiwen Kulathilaka","https://www.facebook.com/thiwen.kulathilaka.2025","පට්ට හොරු ම්නිමරුවො ඩුසිටයො හිරු ඩෙරන එක්ක මේ හොර ගනයො රාජපක්ෂලාගෙ ගුකන මෝකුන් නවට මේ රට ව්නාස කරන්න හදන්නෙ මෝකුන්ට ගහල පන්නපියව් මේ සිඋරු රදවන"
"Thiwen Kulathilaka","https://www.facebook.com/thiwen.kulathilaka.2025","පකෝ තෝ සිඋර ගලවලා ගව්මක් ඇදගං ගෞරව නීය සුවාම්න් වහන්සේලට අගෞරවයක් බොල"
"Deshan Bandara","https://www.facebook.com/deshan.bandara.542424","මහන වෙයන්කො ඉස්සල්ලම😂😂😂"
"Sameera Pushapakumara","https://www.facebook.com/sameera.pushapakumara.3","දේවදත්ත පැටව්.🤮"
"Sarath Ranasinhe","https://www.facebook.com/people/Sarath-Ranasinhe/100087113906571","https://fb.watch/v/6t59RPlRU/"
"Sarath Ranasinhe","https://www.facebook.com/people/Sarath-Ranasinhe/100087113906571","https://fb.watch/v/6t59RPlRU/"
"Prasanga Neel","https://www.facebook.com/prasanga.neel.7","[Image Attachment]"
"Prasanga Neel","https://www.facebook.com/prasanga.neel.7","[Image Attachment]"
"Senaka R Kumara","https://www.facebook.com/senaka.kumara.1829","[Sticker]"
"Maduranga Wijeesinha","https://www.facebook.com/people/Maduranga-Wijeesinha/pfbid024fPTaKhXJGegEJKYnWrzhYu38rYSf1XBWxfHWTTiZZnBwsRA2aaXC73BWeLDPiUZl","[Image Attachment]"
"Upali Wijekoon","https://www.facebook.com/upali.wijekoon.984","Gobbaya Moda wada karanta epa ya"
"Gayan Chathura","https://www.facebook.com/gayan.chathura.528861","ඕකට කරන්න ඕන ඔන්න ඕකටත් අවුරුදු දහයක් විතර ඇතුලට දාන්න ඕන එතකොට හරි"
"Priyantha Anuruddha Nimalsiri","https://www.facebook.com/priyantha.nimalsiri","Oak pakaya😂😂"
"Suranga Kumara","https://www.facebook.com/people/Suranga-Kumara/pfbid032eXsNiWiBx9qjkpvyYANQCv6kiHAtRwhyDQUEmWwdg7RmkqzKvB79DFtGpD3YzAzl","දැන් සමාවට පරක්කු වැඩියි. ජනපති රටට. අාගමකට නෙවෙයි"
"Amali Amali","https://www.facebook.com/amali.amali.336209","https://www.facebook.com/share/v/19czF6R7Da/"
"රුහුණ පෙරට","https://www.facebook.com/people/%E0%B6%BB%E0%B7%94%E0%B7%84%E0%B7%94%E0%B6%AB-%E0%B6%B4%E0%B7%99%E0%B6%BB%E0%B6%A7/pfbid023NoEZ8rZ4Vx87XPTj34b1uGCb8RfGLTBMTcPUsxH82S1oDqvRetYHgztKxezevVhl","අපි ඔබවහන්සේ සමගයි 🥰🙏"
"Prasanna Rajapaksa","https://www.facebook.com/prasanna.rajapaksa","ය$%%කෝ... සුදු වෙන ක්‍රීම් ටිකක් ගා$$%පන්...."
"Jeewaka Saranga","","[Image Attachment]"
"Saji Sanju","https://www.facebook.com/profile.php?id=100080162717285","උඹ ඔය බණ ටික කියපන් ඤානසාරට"
"Sera Aluthwatta Aluthwatta","https://www.facebook.com/sera.aluthwattaaluthwatta","Oya siddiya wena dawase man hitiye usawiye  man dakka usawiye ka gahapu widiha , Homagama policye tath dawasak panna nadayak ekka policy hamuduruwanta athulata enna dunne ne mage hithe passe keepa denekta witharak awith katha karanna ida dunna,,,,hariyata pathala marayek wage"
"Namasivayam Yogaeshweran","https://www.facebook.com/namasivayam.yogaeshweran","හාමුදුරුවනේ ඔබවහන්සේ සේරටම කලින් ධාර්මික වෙන්න. ඊට පස්සේ අනිත් ටික බලන්න."
"Anamal Ujith Namal Ujith","https://www.facebook.com/anamalujith.namalujith","ඔබත් ඔය සිවුරට ගැලපෙන්නේ නෑ ඕක ගලවලා චීත්තයක් ඇද ගනින්"
"Gayan Chamara","https://www.facebook.com/gayan.chamara.31032","Thopiwage kala kanni gan gediyo innakan me sasanaya iwara"
"Sera Aluthwatta Aluthwatta","https://www.facebook.com/sera.aluthwattaaluthwatta","Nikan dena de kala banak bawanawak karan inna bari hati"
"Pubudu Fernando","https://www.facebook.com/pubudu.fernando1","සාදු සාදු සාදු......! 🙏🙏🙏"
"Rupasena Pothpitiyage","https://www.facebook.com/rupasena.pothpitiyage.2025","කෝටියක්  අත්සන්  කලත්  කහාකඩයා ට  සමාව   දෙන්නෙ  නැහැ  ගනයෝ"
"Em Herath","https://www.facebook.com/em.herath.3","Nigantayo wenewen.nigantayo"
"Shashika Senani Dias","https://www.facebook.com/shashikasenani.dias","Muugee muunee heti. ."
"Nishan Nishan","https://www.facebook.com/people/Nishan-Nishan/pfbid09jPAzMz5k5HRvFWetko7wMAxyTrtL4wCxaSmrUjQ1TqJDCDmgih576FW2KD45epFl","[Image Attachment]"
"Nishan Nishan","https://www.facebook.com/people/Nishan-Nishan/pfbid09jPAzMz5k5HRvFWetko7wMAxyTrtL4wCxaSmrUjQ1TqJDCDmgih576FW2KD45epFl","[Image Attachment]"
"Sera Aluthwatta Aluthwatta","https://www.facebook.com/sera.aluthwattaaluthwatta","Adikarana theenduwak sathekata maim nokarana thaga dagena jeeath wena siuru porawagaththu mara kalliya"
"Chintaka Bandara","https://www.facebook.com/chintaka.bandara","සිවුරත් නීතියට යටින් තියෙන්නේ.."
"Ranomin De Silva","https://www.facebook.com/people/Ranomin-De-Silva/pfbid08fa2KeoeHWw1kZFwL8B8ofjnreDHbtuNFEexvL8UjUUV8wNJ4r43tHRchA75ktAjl","තවත් එකෙක් ගොඩ බැහැලා නටබන් පුතා අවසානයට යන්න ගල් පල්ලි"
"Susantha Wijayawickrama","","ඔබවහන්සේටත් දැන්් බොල ගොන් පකයෝ කියලා අමතන්න කාලෙ හරි,තොපි මතක් තියා ගනිං ඒ අධාර්මික ජනාධිපතිගේ කාලය තමයි නීතිය හරියට ක්‍රියාත්මක වෙන්නේ.දැන් තොපි ධාර්මික විදිහට ජීවත්ව වෙයල්ල."
"Sera Aluthwatta Aluthwatta","https://www.facebook.com/sera.aluthwattaaluthwatta","Mun innakal Rata hadanna be"
"Sera Aluthwatta Aluthwatta","https://www.facebook.com/sera.aluthwattaaluthwatta","Yako muntama giya rata ...Mun aththatama mahana karanna barida janadipathi thumani"
"Roy Glan Roy","https://www.facebook.com/roy.glan.roy","[Image Attachment]"
"Roy Glan Roy","https://www.facebook.com/roy.glan.roy","[Image Attachment]"
"Sujith Nilanga","https://www.facebook.com/sujith.nilanga.955467","තොපි ඔක්කොම උපතින්ම අවජාතක වෙච්ච වේස මූසල කහකඩ පිනට ගිලින කාලකන්ණියොනේ"
"Milan Jayawardena - Lazar","https://www.facebook.com/milan.jayawardena","තිත්තගල්ල ඝණගෙඩියා අනුරට බැන බැන උන්ගෙ රැහේ එකාට අනුරගෙන්ම සමාව ඉල්ලනවා  😂😂😂😂"
"Thilak Neelawala","https://www.facebook.com/thilak.neelawala.71","ඥාණසාර පමණක් නොව තිත්තගල්ලේ බල්ලාද බැඳ දැමිය යුතුයි"
"Pawithra Sadamali Ramanayaka","","මම නම් කියන්නේ නෑනසාර එලියට නොදැම්මොත් ඔබ වහන්සේ ගිනි තියාගන්න. එතකොට මිනිස්සුන්ට වැටහෙයි 🤣🤣"
"M G Hemasiri Karunarathna","https://www.facebook.com/mghemasiri.karunarathna","අනාගමික  පරවැඩ"
"Nishantha Palagama","https://www.facebook.com/nishantha.palagama","තො. සක්කිලියා. ඇදගනින් අබුයක්. තො. බත්. කන හරකෙක්. 🐃🐃🐃🐃🐃🐃🐃"
"M G Hemasiri Karunarathna","https://www.facebook.com/mghemasiri.karunarathna","අනාගමික පරයන්ගේ පර වැඩ"
"Teckla Chooty","https://www.facebook.com/people/Teckla-Chooty/pfbid0XCNtxmxq9xPsg51DwmCMJCytP6n4e3xaCWRdPVXWKqD2jb5LqxeMiYWRNV1wjhxRl","පල හොරිකඩ ගනයා යන්න"
"M G Hemasiri Karunarathna","https://www.facebook.com/mghemasiri.karunarathna","අනාගමික පරයන්ගේ පර වැඩ"
"M G Hemasiri Karunarathna","https://www.facebook.com/mghemasiri.karunarathna","අනාගමික  පරයන් ගේ බලු වැඩ"
"M G Hemasiri Karunarathna","https://www.facebook.com/mghemasiri.karunarathna","ජෙපි බල්ලන්ගේ කැත වැඩ"
"Maduka Dhananjaya","https://www.facebook.com/people/Maduka-Dhananjaya/pfbid0LumEhbr3UQBWBGDpPcyVqQKLdsXqEYCak63dVYJW26ZrMEUE8kTK8bYGH9KUZqM2l","බෙබදු.ඉත්තැවා."
"Oshadha Gayan","https://www.facebook.com/oshadha.gayan.1","Aha gatta neda paredi 🥹"
"Amila Kalum","https://www.facebook.com/janaCR47","හිනා වෙලා නැත්තං අපහස කරල දාලා තියෙන අය කව්ද තව ඒ ⁣ප්‍රොපයිල් වලට එහෙම ගිහිං බලල පොඩ්ඩක් හාරල ගත්තම මුංගේ මුල කොහෙද කියල 😂 ආා මේ අන්‍යාගමික නියෝජන පිල්ලි , සහ ගූ පුච්චං කන සිංහල වහල්ලු කොලේට ඇඹරිලා , සුළු ජාති වල නින්ජාලා , ඒ අස්සේ පක්ෂ වලට පුප දෙන උංනං සාපයක් අම්මපා 😂මං නිකං දැම්මෙ ⁣⁣කොහෙද ඇස් දෙකං නිකං බලනව නෙවී නෙ අපිට පේනව නේ ගැඹුර. සොරි සමානාත්මතා ජනරජයේ ජනතාවනි.🙏🙂"
"Themiya Jayawardhana","https://www.facebook.com/themiya.jayawardhana.56","එකෙක් යනකොට ඒ අඩුව පුරවන්න හදන්නේ ඔය.. සේරටම කලින් මහන වෙයන්."
"Anupa Diwayanjana","https://www.facebook.com/anupa.diwayanjna","තෝ ගිහිල්ල හුත්තා මහන වෙයන් ඉස්සරලා"
"Chinthaka Harshajeewa","https://www.facebook.com/chinthaka.harshajeewa","🤣🤣🤣"
"Lakmal Supun","https://www.facebook.com/lakmal.supun.7","Nepalayannariye"
"Lucky Teena","https://www.facebook.com/people/Lucky-Teena/pfbid02fxRVjbjLLWuwm1mbCTHJCS4XyX5ohgdMatYsn7psc6EsQwPtHdUVrBLZQSsv442Zl","දැන්වත් මහන වෙන්න"
"Tharindu Lakshan","https://www.facebook.com/tharindu.lakshan.96155669","සිව්රු රදවන 😆"
"Somapla Rajapaksha","https://www.facebook.com/people/Somapla-Rajapaksha/pfbid02poGox6Kt7xzLzZFsUNuHm7wsFrkvipeQsHrvvEsoNm1Fds7Dbqm7p6MJkgBDYBbel","මෙිසඝයෝදමිබත්,කාලපිස්සුහැදිල සංඝමැරයෙක්,වෙනුවෙන්ජනාධිපති මැදිහත්වෙන්නඵතුමාටමුංගෙව⁣ගෙ අසනීිපනෑැ"
"Pgs Pgs","https://www.facebook.com/people/Pgs-Pgs/pfbid0n76z1VxKyzRqpxNJ7zTBKMCqGc6MTz93AGaC9iTSsdU9KfTcXih9Qna5J4d4jHkml","තො වගෙ කැරියෙක් හදපු අම්මට පවු"
"Srimal Indika","https://www.facebook.com/srimal.indika.792","අනේ පලයන් හු#තෝ යන්න"
"Niroshan Jayasundara","https://www.facebook.com/niroshan.jayasundara.73","මෙ යකා නිසා ජනාධිපතිතුමා සමාව දෙන්න හිටියනමි එ දෙන්නේ නැ😀😀😀"
"Udaya Kumara","https://www.facebook.com/udaya.kumara.357843","මුට හොම්බට අනින්න ඇත්නම්."
"Saman Kumara Saman","https://www.facebook.com/moha.ampara","දැන් ලංකාවේ සිවුර ඇඳගත්ත චන්ඩියොත් ඉන්නවා"
"Sampath Wickramarathne","https://www.facebook.com/sampath.wickramarathne.3","Cheewaraya da gaththu thawath hora ganayek. Munwa sasanayen nerapiya yuthui."
"Dinesh Herath","https://www.facebook.com/dinesh.herath.258163","පාලකයන්ගේ අඩුපාඩු හොයන්න මිනිස්සු ඉන්නවනේ,  සිවුරක් ඇදගෙන ඉන්න උබගේ යුතුකම මොකක්ද කියලා අවබෝධය කරගෙන, උඔ ඒකට ගැලපෙන විධියට ක්‍රියාත්මක වෙන්න, එහෙම බැරිනම් ඔය මහණකමෙන් ඉවත්වෙලා ඔය රෙද්දවල් කරහන්ලා යකෝ,  මහණවුනානම් උබලගේ යුතුකම දැනගෙන මිනිසුන්ට ආගමික ආදර්ෂයක් ඇතිවෙන විදියට හැසිරුනොත් නරකද, ඇත්තටම මේවගේ හැසිරෙන එවුන් මහනුන්ද, ජනතාවට ආදර්ශවත් විධියට හැසිරෙනවා වෙනුවට, සිවුර ඇදගෙන, මේ විදියට පිස්සු කෙලින එවුන්ගේ සිවුර බලහත්කාරයෙන් ඉවත්කරලා, මුන්ව හිරේ දාන්න ඔන,"
"Sandun Indika","https://www.facebook.com/kssandunindika","පල තට්ටයෝ යන්න..."
"Rangana Ranasingha","https://www.facebook.com/rangana.ranasingha.58","Sandun Indika උබනම් හෙණ ගොණෙක් බන්."
"Sandun Indika","https://www.facebook.com/kssandunindika","Rangana Ranasingha ගොනා කවුද කියලා පේනවා.. තප්පුලන විදිය දැක්කම.... ඔයත් මේ බණද අහන්නෙ..."
"Ranjith Athukorala","https://www.facebook.com/ranjith.athukorala.35","ට්‍රිල්වින් =සහරාන්,අසාද් මවුලවී සහ ප්‍රබා. පුනරුත්ථාපන කල නොහැක."
"Thissa Kumara","","[Image Attachment]"
"Chaminda Ranawaka","https://www.facebook.com/chaminda.ranawaka.318196","[Image Attachment]"
"Chaminda Ranawaka","https://www.facebook.com/chaminda.ranawaka.318196","[Image Attachment]"
"Aby Aby Aby Aby","","අනේ පලයන් යන්න 😂😂😂 මුන් නිසා තමයි බුදු දහම නැති වෙන්නේ 😡"
"Chaminda Ranawaka","https://www.facebook.com/chaminda.ranawaka.318196","[Image Attachment]"
"Wishmith Perera","https://www.facebook.com/people/Wishmith-Perera/pfbid02DCYgeTJnNCkuxx2GpVT7qCC9U9qi87PjjpYQLT5v6xM5tXbPK8LMSiPXU6Hsvyf6l","Mu pissu hu...thak..."
"Chaminda Ranawaka","https://www.facebook.com/chaminda.ranawaka.318196","[Image Attachment]"
"Wishmith Perera","https://www.facebook.com/people/Wishmith-Perera/pfbid02DCYgeTJnNCkuxx2GpVT7qCC9U9qi87PjjpYQLT5v6xM5tXbPK8LMSiPXU6Hsvyf6l","Ane pala yanna tho kiyana awa karanne kauda bola essella thopi mahana weyan..boruwata siuru dagena"
"Lahiru Lakshan","https://www.facebook.com/lahiru.lakshan.5832343","අනෙ තට්ටයො 🤣🤣"
"Chaminda Ranawaka","https://www.facebook.com/chaminda.ranawaka.318196","[Image Attachment]"
"Bandula Dharmasena","https://www.facebook.com/people/Bandula-Dharmasena/pfbid02m7z9LHL31uigTHHhcZQbbBFXxYuDKcYPYKhQ2UmfbD9Mm2wgtrg4aYqvVwrdhYufl","අධිකරනයට  ගිහින්  කියන්න්  .අනුරද  වරද කරු   ඒවගේ  කතාවක්  නි  ඔය  සමාජ ගත කරන්නේ ."
"Chaminda Ranawaka","https://www.facebook.com/chaminda.ranawaka.318196","[Image Attachment]"
"Chaminda Ranawaka","https://www.facebook.com/chaminda.ranawaka.318196","[Image Attachment]"
"Chaminda Ranawaka","https://www.facebook.com/chaminda.ranawaka.318196","[Image Attachment]"
"Chaminda Ranawaka","https://www.facebook.com/chaminda.ranawaka.318196","[Image Attachment]"
"Chaminda Ranawaka","https://www.facebook.com/chaminda.ranawaka.318196","[Image Attachment]"
"Chaminda Ranawaka","https://www.facebook.com/chaminda.ranawaka.318196","[Image Attachment]"
"Chaminda Ranawaka","https://www.facebook.com/chaminda.ranawaka.318196","[Image Attachment]"
"Chaminda Ranawaka","https://www.facebook.com/chaminda.ranawaka.318196","[Image Attachment]"
"Chaminda Kumara","https://www.facebook.com/chaminda.kumara.630567","ජනාධිපති තුමාගේ කතාව මුන් තෙරුම් ගත් හැටි"
"Chaminda Ranawaka","https://www.facebook.com/chaminda.ranawaka.318196","[Image Attachment]"
"Chaminda Ranawaka","https://www.facebook.com/chaminda.ranawaka.318196","[Image Attachment]"
"Chaminda Ranawaka","https://www.facebook.com/chaminda.ranawaka.318196","[Image Attachment]"
"Chaminda Ranawaka","https://www.facebook.com/chaminda.ranawaka.318196","[Image Attachment]"
"Chaminda Ranawaka","https://www.facebook.com/chaminda.ranawaka.318196","[Image Attachment]"
"Chaminda Ranawaka","https://www.facebook.com/chaminda.ranawaka.318196","[Image Attachment]"
"Nalake Weerasingha","","ධාර්මික භික්ෂුවක්....?"
"Chaminda Ranawaka","https://www.facebook.com/chaminda.ranawaka.318196","[Image Attachment]"
"Chaminda Ranawaka","https://www.facebook.com/chaminda.ranawaka.318196","[Image Attachment]"
"Chaminda Ranawaka","https://www.facebook.com/chaminda.ranawaka.318196","[Image Attachment]"
"Chaminda Ranawaka","https://www.facebook.com/chaminda.ranawaka.318196","[Image Attachment]"
"Chaminda Ranawaka","https://www.facebook.com/chaminda.ranawaka.318196","[Image Attachment]"
"Chaminda Ranawaka","https://www.facebook.com/chaminda.ranawaka.318196","[Image Attachment]"
"Chaminda Ranawaka","https://www.facebook.com/chaminda.ranawaka.318196","[Image Attachment]"
"Chaminda Ranawaka","https://www.facebook.com/chaminda.ranawaka.318196","[Image Attachment]"
"Chaminda Ranawaka","https://www.facebook.com/chaminda.ranawaka.318196","[Image Attachment]"
"ශිරෝන් වීරක්කොඩ්","https://www.facebook.com/shiron.weerakkodi","සුකා නෙමෙයි හාමුදුරුවනේ හුකා ගන්නේ නැතතිව බණක් බාවනාවක් කරගෙන ඉන්න එක එක්කෙනාට කඩෙි නොයා."
"Anuradh Saumyageeth","https://www.facebook.com/anuradh.saumyageeth","ජනතාවට baninna පුළුවන් උනාට waradi කරුවන්ට සහයෝගය දෙන්න බැහැ යකෝ ඒක දැන ගනින්.ජනාධිපති තුමා එක්ක කතා කරපන් මේ ගැන සිවුර puke ගහගෙන යන්න උත්තර දෙයි"
"Dhammika Edussooriya","https://www.facebook.com/studioshehara.music","අම්මෝ comments 😂😂😂😂😂😂පිළිතුරු ගොඩයි 😂😂"
"Geethan Jayasekara","","මේ වගේ පාහරයෙක් මුදාගන්න තමයි මේ මු දත කන්නේ"
"Inoka Dep","https://www.facebook.com/inoka.dep.9","මෙයාල අලුත් වටේකින්,නාමල් ජනාදිපති කොරන්ට වගේ."
"Thilini Madubashini","https://www.facebook.com/thilini.madubashini.311","එකෙක් යනකොට තව එකෙක්"
"Kapila Samanpriya","https://www.facebook.com/kapila.samanpriya.54","පිං බතා .."
"Ajith Kumara","https://www.facebook.com/ajith.kumara.771949","මුන් දැන්වත් පන්සල් වලින් එලවහල්ල මුන් ජතියම කන කලකන්නි  චිවරයක් දාගෙන මුන්ගේ ආම්මට නිදි@# වදිනවා"
"Nimal Dunuhinga","https://www.facebook.com/dununim","[Sticker]"
"කුලී රථ ඔබ වෙනුවෙන්","https://www.facebook.com/people/%E0%B6%9A%E0%B7%94%E0%B6%BD%E0%B7%93-%E0%B6%BB%E0%B6%AE-%E0%B6%94%E0%B6%B6-%E0%B7%80%E0%B7%99%E0%B6%B1%E0%B7%94%E0%B7%80%E0%B7%99%E0%B6%B1%E0%B7%8A/61582511725734","මේ හොරුන්ට කඩේ යන ගනයෝ නං එන හිසරදයක්  උනා fb එපා වෙනෝ🤣🤣"
"Galle Dhammadeva Thero","https://www.facebook.com/galle.dhammadeva.thero","Ashan Dissanayake  රාජ්‍යක දියුණුව සකස්කරන සාධකයක් වනුයේ මිනිසුන්ගේ ආවේගශීලී හැඟීම් වෙනුවට බුද්ධිමත් සහකම්පනයෙන් යුත් පිරිසක් වීමය. මන්ද යත් ආවේගය සත්‍යට දුරය.  ආවේගය සමීප වන්නේ වෛරයට හා යුද්ධයටයි.   ආවේගශීලී වූවන් රැවටීම හා පාලනය කල හැකිය. එය ඕනෑම පාලන තන්ත්‍රයක උපක්‍රමයකි.   මෙතෙක් රටේ පැවති සියලු ආණ්ඩු පුරවැසියා පාලනය කලේ මෙවැනි ක්‍රමවේද සූක්ෂම යොදාගෙන බව පැහැදිලිව පෙනෙන අතීතයක් ඇත.  එම අතීතයෙන් සමාජය මිදේවා. පලිගැනීමේ ආශාවෙන් වියරුවෙන් මිදේවා. මෛත්‍රීය කරුණාව දයාව අනුකම්පාව සහකම්පනයම පැතිරේවා. සමාජය ආලෝකයෙන් ආලෝකයටම ගමන් කරත්වා.!"
"Galle Dhammadeva Thero","https://www.facebook.com/galle.dhammadeva.thero","Ashan Dissanayake  රාජ්‍යක දියුණුව සකස්කරන සාධකයක් වනුයේ මිනිසුන්ගේ ආවේගශීලී හැඟීම් වෙනුවට බුද්ධිමත් සහකම්පනයෙන් යුත් පිරිසක් වීමය. මන්ද යත් ආවේගය සත්‍යට දුරය.  ආවේගය සමීප වන්නේ වෛරයට හා යුද්ධයටයි.   ආවේගශීලී වූවන් රැවටීම හා පාලනය කල හැකිය. එය ඕනෑම පාලන තන්ත්‍රයක උපක්‍රමයකි.   මෙතෙක් රටේ පැවති සියලු ආණ්ඩු පුරවැසියා පාලනය කලේ මෙවැනි ක්‍රමවේද සූක්ෂම යොදාගෙන බව පැහැදිලිව පෙනෙන අතීතයක් ඇත.  එම අතීතයෙන් සමාජය මිදේවා. පලිගැනීමේ ආශාවෙන් වියරුවෙන් මිදේවා. මෛත්‍රීය කරුණාව දයාව අනුකම්පාව සහකම්පනයම පැතිරේවා. සමාජය ආලෝකයෙන් ආලෝකයටම ගමන් කරත්වා.!"
"අපේ බලාපොරොත්තුව","https://www.facebook.com/people/%E0%B6%85%E0%B6%B4%E0%B7%9A-%E0%B6%B6%E0%B6%BD%E0%B7%8F%E0%B6%B4%E0%B7%9C%E0%B6%BB%E0%B7%9C%E0%B6%AD%E0%B7%8A%E0%B6%AD%E0%B7%94%E0%B7%80/pfbid0iSMzJhjMXCbZjKv1qThKHge7PPnhghcvP6bqzUTk3TiK1m8NEbZtrgMMqepmNagWl","ස්වාමීන් වහන්ස ඔබ දේශනා කරන සත්‍යය දේවල් දේශනා කරන්න මේ මඩ බලකායට බයේ ඒව නවත්තන්න එපා උන්ගෙ කොමෙන්ට් බලන්න යන්නත් එපා ඒව බලන්නෙ ඩෝබියොම පමණයි සාමාන්‍ය ජනතාව බලන්නෙ වීඩියෝවේ හෝ කරන දේශනයේ අන්තර් ගත දේවල් පමණයි උන්ගෙ කොමෙන්ට්ස් උන්ටම බලන්න කියන්න දැන් ඔබ වහන්සේ වීඩියෝව හරහා සදහන් කරපු දේවල් සමාජ ගත වෙලා ඉවරයි වෙන්න ඕනත් එපමණයි 🙏🙏"
"Chandana Herath","https://www.facebook.com/chandana.herath.552248","තිත්තගල්ලෙත් වැඩක් නෑ, හැබැයි ඉතින් ඔය මොන මොනවද සමාජ සේවය කරනවා කියලා හොඳයි කියලා හිතානේ හිටියා. බලපුවහම මිනිසුන් දිව්‍යලෝක යවනවා කියලා මිනිසුන්ගේ සල්ලි සූරා කාලා,ඌත් ජාතිවාදය ආගම්වාදය අවුස්සලා රටට වින කටින කාලකන්නි සාපයක්"
"Kumarasiri Obadage","https://www.facebook.com/kumarasiri.obadage.1","අහිංසක මිනිසුන් දෙන දානය වලදල බණක් භාවනාවක් කරගෙන ඉන්න. ඔවා අධිකරණයෙන් බලා ගනීවි දේශපාලනය නොකර ආගමික කටයුතු කරගෙන ඉන්න පවු නොදී"
"Ananda Pathirana","https://www.facebook.com/ananda.pathirana.524","Doesn't matter life time Anura"
"Rohitha Kasun","https://www.facebook.com/rohitha.kasun.2025","[Image Attachment]"
"Rohitha Kasun","https://www.facebook.com/rohitha.kasun.2025","[Image Attachment]"
"Rohitha Kasun","https://www.facebook.com/rohitha.kasun.2025","[Image Attachment]"
"Dhanush Gamage Hiniduma","https://www.facebook.com/dhanush.gamage.hiniduma","මීඩියා කට් දීගෙන, රට වටේ ගිහින් අත්සන් අරගෙන අනේ ඕන මඟුලක් කරගන්න දෙන්න අනේ. කොච්චර උඩ පැන්නත් කිසිම වැරදිකරුවෙකුට නිදහසක් ලැබෙන්නෙ නෑ. එච්චරයි. එහෙම උනොත් අනුරටත් ඉක්මනින් ගෙදරම යන්න වෙන බව දන්නවා අනුර මාමා. ඒ නිසා කිසි කෙනෙක් බොරුවට බැනලා දාලා අපේ සිත් අපිරිසිදු කරගන්න අවශ්‍ය නෑ.😖"
"Jayathissa Pallewela Gedara","https://www.facebook.com/jayathissa.jayathissa.794","Dhanush Gamage Hiniduma මොකෝ ඥානසාර හාමුදුරුවොත් එක්ක කේන්තියෙන් පරණ තරහක්ද."
"Dhanush Gamage Hiniduma","https://www.facebook.com/dhanush.gamage.hiniduma","Jayathissa Pallewela Gedara ඔන්න ඉතින් බැහැනෙ කරන්නෙ ඔයාලා වගේ බයියො කුලප්පු වෙනවනේ😖 අපිට පෞද්ගලික අමනාපයක් නැහැ. අපට තියෙන්නෙ වැරැද්දක් කලා නම් ඒ කාට වුනත් දඬුවම් ලැබෙන්න ඕන. මේ මට වුනත්. ඒකට බෑ, එපා වගේ දේවල් කියන්න බෑ. ඔයා එහෙනම් අධිකරණය දුන් තීන්දුව වැරදි කියලා ප්‍රසිද්ධියේ කියන්න. එතකොට හරිනේ. දඬුවමක් දෙන්නේ වැරැද්දක් නිසානේ. වරදක් නම් දඬුවම් දෙන්නම ඕන. එහෙම නොදුන්නොත් අපි ඊට එරෙහිව නැගී සිටිනවා. ඒකට අත්සන් කෝටියක් ගහනවා අපි😖 මොකද නීතිය කාටත් පොදුයි. රාජ්‍ය නීතිය සහ බුද්ධ නීතිය දෙකක්. තිත්තගල්ලේ ආනන්ද හාමුදුරුවෝ මේක කරන්නෙ හිත හොඳින් අවංකවම මානුෂික හැඟීමකින් නම් මම ඒ ස්වාමින් වහන්සේගේ මතය එක්ක එකඟයි. සහ මගේ ගෞරවය. මොකද කෙනෙක් දුකකදි තනි නොකරන එක හොඳ ගුණයක් නිසා. නමුත් ජෙප්පොන්ට බැන බැන මේ කරන්නේ දේශපාලන ගේම් එකක් කියන එක පැහැදිලියිනේ 😁 ජෙප්පොන්ට බනින්නෙත් නැතුව මේක සත් භාවයෙන් කරා නම් ඇත්තටම මම එකඟයි"
"Rochana Imesh","https://www.facebook.com/people/Rochana-Imesh/61588486081054","Dhanush Gamage Hiniduma parana tharahak pirimahano meyath e asse oyath kawiyak kiyan hitiyanm ne hoda oyata tiyana adaraya karumawa naktiya nathi weno oyath me coment asse ringanakota athatama ohoma wenakota api tn oyalage kawiyakwath ahane na oyata tharahak tiyene nm e aya ekka oya comemt nokata paduwe inna aiye"
"Hemantha Pradeep Gunarathna","https://www.facebook.com/hemantha.pradeep.gunarathna","මේ රට විනාස කරපු, විනාස කරන්න වක්‍රව හෝ දායක උණු එකෙකුට සමාව දෙන්න එපා ජනාදිපති තුමනි, උන් ප්‍රබු කියන නම දාගත්තු උන් හෝ සිවුරු දා ගත්තු කහකඩයෝ උනත් නීතිය සමාන විය යුතුයි"
"Rohitha Kasun","https://www.facebook.com/rohitha.kasun.2025","[Image Attachment]"
"Rohitha Kasun","https://www.facebook.com/rohitha.kasun.2025","[Image Attachment]"
"Rohitha Kasun","https://www.facebook.com/rohitha.kasun.2025","[Image Attachment]"
"Rohitha Kasun","https://www.facebook.com/rohitha.kasun.2025","[Image Attachment]"
"Rohitha Kasun","https://www.facebook.com/rohitha.kasun.2025","[Image Attachment]"
"Rohitha Kasun","https://www.facebook.com/rohitha.kasun.2025","[Image Attachment]"
"Rohitha Kasun","https://www.facebook.com/rohitha.kasun.2025","[Image Attachment]"
"Lal Rathnasiri","https://www.facebook.com/people/Lal-Rathnasiri/pfbid0gdjqaYhG9CANd3vUGaKviExr2EnNphYkfnMRrNeyGqFYSj3dEdq3gTomCFYw6855l","මහන උනානම්"
"Hemantha Pradeep Gunarathna","https://www.facebook.com/hemantha.pradeep.gunarathna","[Image Attachment]"
"Hemantha Pradeep Gunarathna","https://www.facebook.com/hemantha.pradeep.gunarathna","[Image Attachment]"
"Lahiru Rajapaksha","https://www.facebook.com/lahiru.cent","අලුතත් බිස්නස් එකකට අත ගහල තියෙන්නෙ මූ.. වැඩිය නටන්න ගිහින් නඩුවක් පටලවගත්තාම තේරෙයි"
"Hemantha Pradeep Gunarathna","https://www.facebook.com/hemantha.pradeep.gunarathna","[Image Attachment]"
"Hemantha Pradeep Gunarathna","https://www.facebook.com/hemantha.pradeep.gunarathna","ගොං හු... තෝ... අපේ ජනාධිපති තුමා කොතනද බල්ලෝ අදාර්මික, කහකඩයෝ තොපේ සක්කිලි රජයවල් හොරා කාල රට මිහිදන් වෙලා තිබුණු වෙලාවේ තමයි අපේ අනුර සහෝදරයා සාත්බවයෙන් මේ රට ගොඩ ගන්න පොර බදන්නේ, තොපේ සක්කිලි දේසපාලුවෝයි වාහේආදර්මිකව මේ රටත්, ජනතාවත් විනාස කරේ, තොගේ මොලේ පුකේද තියෙන්නෙ"
"Lahiru Dilshan","https://www.facebook.com/lahiru.dilshan.734790","ගහන්න නෙවෙයි හම ගහන්න ඕන. ජාති වාද අවුස්සනවට"
"තනි තරුව","https://www.facebook.com/piswz4q3kq","පිනට කන එව්න් 🤮"
"Mahesh Indika","https://www.facebook.com/mahesh.indika.357","මේ මොන ගෝත කාලක්නියෙක්ද"
"Sumedha Gunathilaka","https://www.facebook.com/sumedha.gunathilaka.56535","පැලවත්තට කඩේ යන්නෙ සල්ලි නිසා නෙවෙයි , රට විනාශ කරපු උන්ට දඩුවම් දෙන්න 🫵"
"Saman Munasinghe","","[Image Attachment]"
"Sachith Anjana","https://www.facebook.com/sachith.anjana.54","ජනතාවට අයිතිය තීනවා තොපි වගේ පිනට කන උන්ටත් බයින්න 😂"
"Hasanka Ranga","https://www.facebook.com/people/Hasanka-Ranga/pfbid02PSsKsNaJZ7aMPp1AUXnnaEBHSDg2pdpKG5TACFV19F12ZmxLT5E2LKugwuPVq2ELl","Sachith Anjana උබ හිතුවද ජනතාව කියන්නෙ මෙ ජෙප්පො හො නිරාල පල්ලි කාක්කො කියල .🤌 මෙ වෙන දෙවල් බලාගෙන නිහඩව ඉන්න සෙට් එකක් ඉන්නව උන් අවදි උනාම තමා ඔය් නිගාරල පල්ලි කාක්කන්ට එලව යන්න වෙන්නෙ.🤌 අනික පිනට කන්න තම පැවිදි වෙන්නෙ උබටත් පැවිදි උනානම් පිනට කන්න පුලුවන් .අනික පිනට කන්නත් වසනාවක් ඔනෙ උබ අපි මහන්සි වෙලා හම්බකරල කනව.මුන්වහන්සේ ලා නික්ම් ඉදල පිනට කනව.එකයි සිවුරෙ බලය 👍😂"
"Janaka Priyntha Mendis","https://www.facebook.com/janaka.mendis.607708","තොපි වගේ ගනයො ඉන්න නිසා තමයි දැන් සිංහල මිනිස්සුන්ටත් බුද්ධාගම එපා වෙලා තියෙන්නේ. තොපි වගේ හොර ගනයෝ තොපට හෙන ගහන්නන ඕනා"
"Lalith Fernando","https://www.facebook.com/lalith.fernando.7399","Rol karala passa paththe ara ganin gono"
"Kalana Gamage","https://www.facebook.com/kalana.gamage.2025","සිවුරට මුවා වෙලා ඉන්න නිසා සමාජයේ ප්‍රසිද්දියෙ ගුටි නොකා බේරෙන මිනිස්සු මේ.....🤣🤣🤣"
"Jayantha Bandara","https://www.facebook.com/people/Jayantha-Bandara/61584103912659","[Image Attachment]"
"Jayantha Bandara","https://www.facebook.com/people/Jayantha-Bandara/61584103912659","[Image Attachment]"
"Jayantha Bandara","https://www.facebook.com/people/Jayantha-Bandara/61584103912659","[Image Attachment]"
"Aravinda Rathnayake","https://www.facebook.com/aravinda.rathnayake.16","Titagle ganya aguru sudukranna heduwata wadekne,,,,,muluratam dannwa kuda nansra kiyala 😁😁😁"
"Jayantha Bandara","https://www.facebook.com/people/Jayantha-Bandara/61584103912659","[Image Attachment]"
"Jayantha Bandara","https://www.facebook.com/people/Jayantha-Bandara/61584103912659","[Image Attachment]"
"Sumana Bandara Dissanayake","https://www.facebook.com/sumanabandara.disanyake","සිව්ර ගලවලා පල පට්ට ගොං හරකා වද නොදී"
"Jayantha Bandara","https://www.facebook.com/people/Jayantha-Bandara/61584103912659","[Image Attachment]"
"Jayantha Bandara","https://www.facebook.com/people/Jayantha-Bandara/61584103912659","[Image Attachment]"
"Jayantha Bandara","https://www.facebook.com/people/Jayantha-Bandara/61584103912659","[Image Attachment]"
"Roshan Mahawaththa","https://www.facebook.com/roshan.mahawaththa","පල සක්කිලයා කැරි ඝනයා මූගේ සිවුරු ගලෝලා කලිසමක් ඇදගනින් සාසනෙත් නෙරපනු"
"Jayantha Bandara","https://www.facebook.com/people/Jayantha-Bandara/61584103912659","[Image Attachment]"
"Jayantha Bandara","https://www.facebook.com/people/Jayantha-Bandara/61584103912659","[Image Attachment]"
"Prasangi Wimalarathne","https://www.facebook.com/prasangi.mudannayaka","Dilhan Rajakaruna"
"Amila Ranasingha","https://www.facebook.com/Amila.umayangana.herath.1","තිත්තයා දන්නෑ ඌ මොකෙක්ද කියල."
"Nimal Chandrasiri","https://www.facebook.com/nimal.chandrasiri.106","Amila Ranasingha මෙක බඩුවක් සංඝයාට කතාකරන්නවත් දන්නෑ මාලිමා ගනිකාවක්"
"Sarath Ranasinhe","https://www.facebook.com/people/Sarath-Ranasinhe/100087113906571","Nimal Chandrasiri මේවගේ කථාකරගන්න ..🤣 https://fb.watch/v/6t59RPlRU/"
"Welimada Wimala","https://www.facebook.com/priyankara.rathnayaka.7509","[Image Attachment]"
"Zuhair Kmmzuhairkmm","https://www.facebook.com/zuhairkmm.zuhair","[Image Attachment]"
"Zuhair Kmmzuhairkmm","https://www.facebook.com/zuhairkmm.zuhair","[Image Attachment]"
"Asoka Abeywardena","https://www.facebook.com/asoka.abeywardena","තිත්තේ ඔයත් හරි වදයක් වෙනවනේ ඉතිං..."
"Prasanna Madawala","https://www.facebook.com/prasanna.madawala.56","වැදි බණ  අනිත් මිනිස්සු හදන්න කලින් තමන් හැදිලා හිටියා නං හරි නේද 😂"
"Ranil Irosh Jeewantha","https://www.facebook.com/iros.jeevanta","Thota pissuda"
"Nishantha Edirirathne","","Mahana weyan huttige putha"
"Sampath Chamara Chaminda","https://www.facebook.com/chamimba.sampath","ජනාධිපති තාම කාටවත් සමාවදීල නෑනෙ මෙයාටත් ඕනනෑ"
"Janaka Bandara","https://www.facebook.com/people/Janaka-Bandara/61575434983889","[Image Attachment]"
"Salitha Suranjan","https://www.facebook.com/salitha.suranjan","Patha Gokaaa ⚰️⚰️⚰️💩💩💩"
"Uparathna Abeywickrama","https://www.facebook.com/uparathna.abeywickrama.3","අහෝ දෙව්දත් නොදිටි මොක්පුර!"
"Madushan Wijethunga","https://www.facebook.com/dulanga.madushan.906","කවුද බන් මේ පිස්සා 😂😂"
"Vinithe Kumarasinghe Mum","https://www.facebook.com/vinithekumarasinghe.mum","https://www.facebook.com/share/r/1FhPFXCnQd/"
"Ishan S Kodithuwakku","https://www.facebook.com/ishan.s.kodithuwakku","කාලකණ්ණි🤮"
"Prasanna WG","https://www.facebook.com/prasanna.priyadarshana.9","නාන සාරයා ඇතුලට ගිහින් එලියට එනකන් කොටේ අදින වැඩේ බාරගන්නයි මූ හදන්නෙ..😂🖕"
"Nilmini Kaluarachchige","https://www.facebook.com/nilmini.kaluarachchige","යකෝ පට්ට ජාතිවාදියෙක් බේබද්දෙක් පාතාලයෙක් වගේ හැසිරෙන චණ්ඩියෙක් අල්ලලා හිරේ දාන එක කොහොමද අධාර්මික වෙන්නේ.  දහම දන්නේ උඹලා විතරක් නෙමෙයි. බොරුවට විකෘති කරන්න එපා. අපි විරුද්ධයි සමාව දෙනවට. වැරදි කරා නම් උන් හිරේ දාන්න ඕනේ. එහෙම නැත්නම් ඔක්කොම හිරකාරයන්ට සමාව දෙන්නෙ ඕන"
"Aveen Jayasekara","https://www.facebook.com/kaveen.kaveen.79274","Nilmini Kaluarachchige මේ ඔයාගෙ කමෙන්ට් අපි අනාගතයේ බලමු.පුද්ගලයා දූෂිත වුවත් ඔහුගේ මතවාද ඇත්ත"
"Nilmini Kaluarachchige","https://www.facebook.com/nilmini.kaluarachchige","Aveen Jayasekara දූෂිත පුද්ගලයන්ගේ කොයින්ද ඇත්ත මතවාද දරන්නෙ.  ඇත්ත මතවාද තියෙන්ඩ ඕනේ අදූෂිත පුද්ගලයන්ගේ.  නානසාර වගේ එවුන් කරන්නේ බෞද්ධකම අවභාවිතා කිරීම. බීලා ඩ්‍රයිව් කරලා ඇක්සිඩන්ට් වෙන අධිකරණ වලට පැනලා යකා නටන ජාතිවාදය අවුස්සන ඔහෙම එවුන් බෞද්ධයැ ඔහොම උන් සදහටම හිරේ දාන්න ඕනේ.  උන් නැති උනාට ඔයිට වඩා හොඳ ප්‍රතිපත්ති ගරුක බෞද්ධ භික්ෂූන් මේ රටේ ඕන තරම් ඉන්නවා. අපිට ඒ අය හිටියහම ඇති..මූ වගේ ත්‍රාඩ  පාතාලයෝ ඕන නෑ"
"Niroshi Abeyweera","https://www.facebook.com/profile.php?id=100003221920100","Aveen Jayasekara ""පුද්ගලයා දූෂිත වුවත්"" එතකොට දූෂිත පුද්ගලයෙකුට අධිකරණයෙන් දුන්න තීන්දුව පසෙකලා සමාව දුන්නොත් ජනපති හරිද ?"
"Nilantha Bandaranayake","https://www.facebook.com/nilantha.nil.37","Aveen Jayasekara puka thama"
"Aveen Jayasekara","https://www.facebook.com/kaveen.kaveen.79274","Niroshi Abeyweera නීතිය අනුව හරි"
"Aveen Jayasekara","https://www.facebook.com/kaveen.kaveen.79274","Nilantha Bandaranayake lami nathi unt mona rtwal da"
"Aveen Jayasekara","https://www.facebook.com/kaveen.kaveen.79274","Nilmini Kaluarachchige ඒ වගේ හොඳ භික්ෂූන් තනියම නිවන් යයි දවසක ..රට ඇෆ්ගනිස්තාන් ඉන්දීයා බංගලිදේශ් වගේ වෙයි"
"Nilmini Kaluarachchige","https://www.facebook.com/nilmini.kaluarachchige","Aveen Jayasekara  කොහොමත් නිවන් දකින්න වෙන්නේ තනියම. ඒ වගේම බුද්ධාගම රැකගන්න වෙනවා නම් ඒ රැක ගන්න වෙන්නේත් ඕම කෑ කෝකෝ ගහලා තග දාලා මිනිස්සුන්ගෙන් ගේම ඉල්ලලා නොවේ. මුං දන්න ධර්මය.  මිනිස්සුන්ට ධර්මාවබෝධය ලබාදීමයි කරන්න ඕන. සුනාපරන්තයට ගියපු ස්වාමීන් වහන්සේ කෙනෙක් ගැන බෞද්ධ ඉතිහාසයේ කියවෙනවා නිකං හරි කියවලා බලන්ඩ"
"Su Su","https://www.facebook.com/su.su.35233","මෙි තිත්ත ගල්ල කියන විදියට තමයි වැඩ කේරේන්න ඔන ජනතාවට අයිතියක් නැද්ද තමන්ගේ මතය පල කරන්නමෙි තිත්තගල්ල කියන විදියට මුලු ලංකාව කන සාර හාමුදුරුවන්ගේ පැත්ත ගන්නඔනද එහෙම අය අස්සන් කරයි ජනතාවගෙන් එක් අයෙක් විරොදාය පලකරා එක  අයිතිය තමන්ට කැමත්ත හෝ අකමැත්ත තියනවා  මධ්‍යට  කියන්න තරමි දේයක් නොවෙයි තව පිස්සෝ  වගේ දගලනවා"
"マヘシュ・プリヤンカラ マヘシュ","https://www.facebook.com/people/%E3%83%9E%E3%83%98%E3%82%B7%E3%83%A5%E3%83%97%E3%83%AA%E3%83%A4%E3%83%B3%E3%82%AB%E3%83%A9-%E3%83%9E%E3%83%98%E3%82%B7%E3%83%A5/pfbid028gfJgTTE8vxDHzkDRWymkkGvVTwNc22JHzZWLv6R5nvNGmgAzFMFiUR3gAkw98nVl","[Image Attachment]"
"Nuwan Prasad","","ජාතිවාදය අවුස්සලා රට විනාශ කරන පොට්ටනි කාරයෝ... මුන්ට හරිනම් මරණ දඩුවම් දෙන්න ඕනී"
"Chameera Darshana","https://www.facebook.com/chameera.darshana.94","නිඝණ්ඨයෝන්ගේ රැස්විමක් 💩💩💩"
"Chameera Darshana","https://www.facebook.com/chameera.darshana.94","තිත්තගල්ලගේ  පුක  ගිනි අරන් තියෙන්නෙ 🤬😡😡😡"
"Nadeeka Munasingha","https://www.facebook.com/nuwan.nadeeka.33","මෙහෙමයි රාජපක්ශ නිකායෙ හොර ගනය අපිටත් තොපිට බනින්න අයිතියක් තියෙනව මොකද අපිත් බෞද්ධයො තොපි සිවුර දාගෙන කරන්නෙ බුදුන්ගෙ දහම නෙවෙයි හොරු සුද්ද කරන එක ඒ නිසා තොපි වගේ කාලකන්නි හොර ගනයන්ට අපි විරුද්දයි තොපි මගෙන් අස්සන් ගන්න ආවනම් මගෙත් අදහස ඒ කොංදක් තියෙන මනුස්සයගෙ අදහසමයි තොපි හිරේ යන්නම ඕනෙ කාලකන්නි"
"Bandula Ranasinghe","https://www.facebook.com/people/Bandula-Ranasinghe/pfbid0xkuUXzVPmjxsPooHMxG11z8eyZ7k3h1TgBxKSd7uzw1jBmEwmqffkHkCZk62uSpul","ජනාධිපතිතුමාට චන්දෙ දුන්නේ ගරු අධ්කරණය මගින් වැරදිකරුවන්ට ලබාදෙන දඩුවම් නිදහස් කිරීමට නොවේ"
"Sirikkumara SV","https://www.facebook.com/sirikkumara.sv","Ube ammata hukanna kahakada wesige putha"
"Nimal Bandara","https://www.facebook.com/people/Nimal-Bandara/61588595457842","ආගමනූකූලව ජිවිත වෙන හාමුදුරුවන්ට කිසිවකු බනින් නෙ නැ.හැමොම ගෞරව කරනවා.සිවුරු පොරවගෙන පහත් විදියට හැසිරෙන අයටයි හැමොම බනින්නෙ"
"Nimal Bandara","https://www.facebook.com/people/Nimal-Bandara/61588595457842","කටවහගනින් ගනයා"
"Indika Perera","https://www.facebook.com/people/Indika-Perera/61563995019670","අත්සන් අරන් පුපේ ගහගනින්"
"Meta Chat'Al","","නිකං ඉදල නඩු වැටුන නෙවෙයිනෙ එයා නිසා ලංකාවෙ මිනිස්සු කීදෙනෙකුගෙ මනස් වික්‍ෘති උනාද මිනිසුන් මරාගත්ත සංහිදියාව නැති වුනා . සිල් අරං පාඩුවේ බුදුන් දෙසූ මාර්ගයෙ ගියානම් මහින්දාගමනයෙ නොගොස් මෙලහකට හිරේ යනව වෙනුවට මාර්ග ඵලයක්වත් ලබන්න ඉඩ තිබුන. මේ හැමදේකටම ව කියන්න ඕනෙ මහින්ද ලොක්ක බුදු දහම අවබාවිතා කලා මෝඩයො ඒ පාරෙ ගියා"
"සුනිල් ශාන්ත","https://www.facebook.com/lalith.priyadarshana.5246","ලක්ෂ 4 අත්සන් ලේඛන මිටියක් හදල හොඳට රෝල් කරල ගහගං තොගෙ පුකේ....🤣🤣🤣🤣😀😀😛😛😀🤣🤣😀😛😛😀🤣"
"Shasheen Dilshika","https://www.facebook.com/shasheen.dilshika.2025","ඉතිං මෝඩයො දැන් රටේ ඔක්කොම අත්සන් කරත් නිදහස ලැබෙන්නෙ නෑනෙ උඹ බනින්නෙ ජනාධිපතිටනෙ  😂😂"
"Gayan Bandara","https://www.facebook.com/gayan.bandara.9277","Ammoooo mu baba"
"Nimal Ekanayake","https://www.facebook.com/nimal.ekanayake.37","ඔබවහන්සේගේ කතාවෙන්ම කියවෙනවා ඒ පුද්ගලයයි ඔබලයි සැලසුම් කරලා ප්ලැන් කරලා හදාපු මෝඩ බයි ජ්නතාව රවට්ටන්න කල වීඩියෝ එකක්..."
"Thisara Thisara Wijesinghe","https://www.facebook.com/thisara.thisara.wijesinghe","මුන් හිතන්නේ සිවුර කියන්නේ මේ රටේ නීතිය කියලා ...යකෝ හැම එකෙක්ටම නීතිය එකයි.....තොපේ මහින්ද මහත්තයා ඇරපු ඇරිල්ලට සාමන්‍ය මනුස්සයෙක්ට ආයේඔලුව උස්සන්න බෑ   හරිනම් තොපි වගේඋන් අබුට ගස්සලා කුබුරටදාන්න ඕනි...පිං බත්කෙලින උන්ට කොහෙද මිනිස්සු ගැන කැක්කුමක් තියෙන්නේ ..."
"Sanjeewa Manchanayake","https://www.facebook.com/sanjeewa.manchanayake.3","ඥානසාර කියන අපතේ වෙනුවෙන් පෙනී ඉන්න තරම් බෞද්ධයෙකුට බෑ. මොකද ඒ තරමට ජාතිවාදය පතුරලා රට ඇතුලේ අසමගිය ඇති කරලා කරලා, වෛරය වපුරපු මනුස්සයෙක් තවත් ඔය විදිහේම සඟනමක් ඔය වාගේම මැදිහත් වෙලා විනාශ වුණා"
"Thisara Thisara Wijesinghe","https://www.facebook.com/thisara.thisara.wijesinghe","හාමුදුරැවරැ මීට කලින් හිටපු රාජ්‍ය නායකයින්ට අර් තයෙන් ධර්මයෙන් අනුසාසනා කරලා අපිට ලස්සන රටක් නිර්මානය කරලා තිබ්බා...ඒක අනුරකුමාර ජනාධිපති තුමා නැති කරා .....අනේ හුත්තිගේ පුතේ....තෝ ඔය සිවුර ගලවලා ජොබ් එලක කරපිය පකයා    ...කසාදයක් කරන් දරැවෙක් දෙන්නෙක් හදපිය....තොට එදාට තේරෙයි.  තොපේ මහින්ද මහත්තයාකෙල නැතුව පුකේ ඇරපු හැට්....බුදුහාමුදුරැවෝ හිටියනම් තොපි වගේ උන්ට පුකට පයින් ගහලාඑලවන්නේ....."
"Chamara Nuwan","https://www.facebook.com/chamara.nuwan.785219","හාමුදුරුවෝ.සර් උනා"
"කවි යා","https://www.facebook.com/people/%E0%B6%9A%E0%B7%80%E0%B7%92-%E0%B6%BA%E0%B7%8F/61573314456380","ඥානෙට ගිහින් කියපන් නඩුකාර හමුදුරුවො  නඩු අහන්න පටන් ගත්තයි කියලා 😎😎"
"Chathura Akash","https://www.facebook.com/people/Chathura-Akash/pfbid0WNyqPamYQRZkYZvmCTz5Diw4BP4uupV81DmyiKy9GmB7Ud37nzF4Hi9fGFRLBrLgl","මෙ සක්කිලි කහකඩයව හිරෙට දාන්න ඔනි"
"Roshan Jayntha","https://www.facebook.com/profile.php?id=61591662134708","තක්කඩිය හැගිලා නේ 😂"
"Nilanthi Nilanthi","https://www.facebook.com/nilanthi.nilanthi.256270","මුට පිස්සු 😂😂"
"Thilak Arachige","https://www.facebook.com/thilak.arachige","Nodakin"
"Rb View","https://www.facebook.com/rifaibhai","මේගොල්ලන්ගේ කතාවෙන් පැහැදිලි පිටිපස්සේ රාජපක්ෂ රෙජමෙන්තුව තමයි ක්‍රියාත්මක වෙන්නේ ඥානසාරගෙන් මේ රටට වෙච්ච සෙතක් නෑ රාජපක්ෂලත් එක්ක එකතුවෙලා රට ගිනි තිබ්බා මිසක්වත් මේ රටට වෙච්ච යහපතක් නෑ. නීතිය කාටත් සමානයි ජනාධිපතිතුමනි, අනිවාර්යෙන්ම රක්ෂිත බන්ධනාගාර ගත කරන්ඩ"
"Thilak Arachige","https://www.facebook.com/thilak.arachige","Nodakin sakkily pora"
"Akalanka Akalanka","https://www.facebook.com/people/Akalanka-Akalanka/pfbid07F7iJdyoN5K17FY1ANN4UCMNuxb4UDXB8dMMY8obcRfSiFvXwXy3vqeaEDcpcwUsl","තොගෙ  බන අහපු නිසා තමයි  තොට එහෙම කතාකරන්නෙ.."
"Kms Jayasooriya","https://www.facebook.com/people/Kms-Jayasooriya/pfbid02BvikSDU2x7NH7Eg9m7YAXptxgb1XXRMyt5xPmprZD8oSznmgpg5ohRjHjKhwWiHxl","Sakkili.rodiyak.maka"
"Anton Rodrigo","https://www.facebook.com/anton.rodrigo.948","Me rawla mokada"
"Jayarathna Vidanagamage","https://www.facebook.com/people/Jayarathna-Vidanagamage/pfbid0Wa96kTAKUT9aJm9vSiWWGYpYjBbf17Fh5TqoDRYsAwrBwwDxjwcZdbu85FZZThQl","මුන්ගේ බණ රටට ජනතාව ට සාපය දිත්ව හේතුව මුන්"
"Jayarathna Vidanagamage","https://www.facebook.com/people/Jayarathna-Vidanagamage/pfbid0Wa96kTAKUT9aJm9vSiWWGYpYjBbf17Fh5TqoDRYsAwrBwwDxjwcZdbu85FZZThQl","අනේ උබේ බණ"
"Thilak Neelawala","https://www.facebook.com/thilak.neelawala.71","ඈ බං තවම දහ දාහක් ද අත්සන් කෙළේ, ඕක රෝල් කරලා ගහපන් ඥාණසරාගේ පුපේ"
"Chamikara Bokaragoda","https://www.facebook.com/chamikara.bokaragoda.3","ඔයා දෙන දානයක් කාලාම පාඩුවේ ඉන්න"
"Harsha Janapriya","https://www.facebook.com/harsha.janapriya.7","Mun ape agama kanawa"
"Sisira Kumara","https://www.facebook.com/sisira.kumara.299931","අහගත්තනෙ ළඟදි 😃"
"Dhananjaya Peranuwan","https://www.facebook.com/dhananjaya.peranuwan.9","තිත්තගල්ලේ තට්ටයා උඹේ වැඩක් බලාගෙන හිටපං http"
"Dhananjaya Peranuwan","https://www.facebook.com/dhananjaya.peranuwan.9","මිනීමරු ගෝඨාභයගේ කුලී හේවායන් බේරීමටගොස් අධිකරණයට අපහාස කල ගලබොඩයා වහාම අත්තඩංගුවට ගනු"
"Aruna Perera","https://www.facebook.com/aruna.perera.138249","ගිහින් මහන වෙයන්"
"Aravinda S Aluthgedara","","ඔයා කියන්නේ නානාසාරට සමාව දෙන්න කියලද අනුරට 😁😁😁..."
"Thilakarathna Thilaka","https://www.facebook.com/thilakarathna.thilaka.765722","මුන් මේ රටට සාපයක්"
"Tyrell Morrison","https://www.facebook.com/tyrell.morrison.491015","[Image Attachment]"
"Malinda Liyanage","https://www.facebook.com/malinda.liyanage.904","Bududahama mulatadala waradikaranna katawathbaha. Waradata daduwama.   Siwratathiyana garuthwaya kelesana wada karannaepa."
"Upali Makunda Gamage","https://www.facebook.com/upali.makundagamage","මානසික ලෙඩ්ඩු"
"Supu Dil","https://www.facebook.com/supu.dil","මු කසිප්පු ගහලද චිවරය දාගත්ත ගොබිබය"
"Roshan Nilantha","https://www.facebook.com/roshan.nilantha.9","කහකඩ කාලකන්නි හොරැ අයෙත් කාලකන්නි හොර තට්ටයෙක් එලි බැහැලා 🤮🤮🤮🤮🤮🤮🐂🐂🐂🐂🐂🐂🐂"
"Wasantha Wasantha","https://www.facebook.com/rock.sanjaya.33","යකෝ ඕක ලියල තියෙන එවුන් දැං මැරිල"
"Sarathchandra Wijesinghe","https://www.facebook.com/sarathchandra.wijesinghe.2025","අපේ රටට නියම රජෙක් පහළ උනා.. කාලකන්නි බවුද්දයො එතුමාව රැකගත්තේ නැ. දැන් විදෝනවා.."
"Mahen Sandaruwan","","කහ රෙදි පොරව ගත්ත ආගම විකුනං කන තක්කඩියංට රටේ නීතිය වෙනස් කල නොහැක"
"Nishantha Karavita","https://www.facebook.com/nishantha.karavita.2025","මොකෙක්ද මේ... 😡😡😡"
"Samantha Senerath","https://www.facebook.com/samantha.senerath","තිත්ත ගාල්ලට ඕනි පොරක් වෙන්න. Next නානසාර"
"Chooty Vithanage Romesh","https://www.facebook.com/kvromeshchooty.vithana.5","මූ කවුද.. ඔය සිවුර ගලවලා වරෙන් 😂😂😂😏☝️"
"Chooty Vithanage Romesh","https://www.facebook.com/kvromeshchooty.vithana.5","මේ ඔය සිවුර ගලවලා වරෙන්.. ඒ ඇවිල්ලා ඕන දෙයක් කියපන් 😂😂😂😏"
"ඕලු කුමාර","https://www.facebook.com/sjd18tbqbu","Chooty Vithanage Romesh උබ කවුද සක්කිලියො එහෙම කියන්න අවජාතකය"
"Tyrell Morrison","https://www.facebook.com/tyrell.morrison.491015","[Image Attachment]"
"Tyrell Morrison","https://www.facebook.com/tyrell.morrison.491015","[Image Attachment]"
"Shamindha Srimal Dambadeni Wadumaduwa","https://www.facebook.com/people/Shamindha-Srimal-Dambadeni-Wadumaduwa/61573247762317","Tyrell Morrison"
"Tyrell Morrison","https://www.facebook.com/tyrell.morrison.491015","Shamindha Srimal Dambadeni Wadumaduwa"
"Tyrell Morrison","https://www.facebook.com/tyrell.morrison.491015","Shamindha Srimal Dambadeni Wadumaduwa  lapayage indan toilet ekak wath heduwa ??? Pelawatte account eken monawa hari keruwada ???? 😂😂😂😂"
"Dilum Dharamasiri","https://www.facebook.com/dilum.dharamasiri.5","ආමි එකෙන් උබ  පැනලා ආවද නැද්ද.  නිදන් කඩලා මාට්ටු උනාද නැද්ද.එකෙන් නාමල් බේරගත්තද  නැද් ද.....ඇද යට තිබිල නිද්න් බඩු හම්බුනාද නැද්ද.එතකොට තෝව මහන කරපු නායක  හාමුදුරුවෝ  කවුද.එහෙම  කරපු තෝද අනුරගෙන් ගේම ඉල්ලන්නේ. සක්කිලියෙක් බේරගන්න සක්කිලයෙක් එනවා මිසක්.සිල්වත්  නමක් එනවද."
"Ranjith Manage","https://www.facebook.com/ranjith.manage.976691","භික්ෂූන් ට අකැප සියලු දේ තෙපි කරනවා ඕන රොල් කරලා ගහගනින් සිවුරු පල්ලෙ"
"Manjula Kumarasinhe","https://www.facebook.com/manjula.kumarasinhe.1","යකෝ තිත්ත ගල්ල මේ ඔයාලා දේශපාලන කරන්නද ආවේ බණ කියන්නද ආවේ. දුෂිතයෙක් අදිකරනයේ දි තමයි තීන්දු කරන්නේ."
"Buddhika Udaya Kumara","https://www.facebook.com/buddhika.udayakumara.35","තොපිට කෙලවිලා හැදිගෑවිලාම ගියාම තමයි බුදුබන මතක් වෙන්නෙ පලයන් කහකඩ බල්ල යන්න"
"Rma Jayantha","https://www.facebook.com/people/Rma-Jayantha/pfbid02wYMXmr2pcazH8Ae81ANJjKasQYzp8USK8bZk5SfQeE81mqPhU8JpwzgyuhpvB6ool","Pala pakaya"
"Shan Shan","https://www.facebook.com/shanshan.923247","Owa Kara Kara inna epa oyalama neda kiyanne  wapurana widihata as wanna nelanne kiyala  video Kara Kara taun gane awidinna epa  warada karunam daduwam widinna oni  hire inna hama ekama laksha 50 atshan aran awit nidahas karannada bane  Anika oyala karanne desha palane minika agamatat hatiyata sewayak newei"
"Nuwan Tharanga","https://www.facebook.com/nuwan.tharanga.98871174","රාජපක්ෂ නිකාය වෙනුවෙන් නැවත රට අගාධයට ඇද දැමීමට චීවර රඳවනුන්ට බැහැ ධර්මය විකෘති කිරීමටද ඔබලාට බැහැ අනේ දෙව්දත් නොදුටු  මොක්පුර"
"Priyangi Silva","https://www.facebook.com/priyangi.silva.5","නීතිය හැමට සමාන කරන්න කියලා 6800000 ක් ඡන්දය දීලා තමයි මේ ජනාධිපති පත්කළේ.ඒ ගානට ආසන්නෙටවත් අත්සන් ගෙනාවොත් සළකලා බලයි."
"Sarath Edirisinha","https://www.facebook.com/profile.php?id=100000072094139","https://www.facebook.com/share/r/1EPLksi4HV/ pls watch"
"Gayan Sampath Dissanayaka","https://www.facebook.com/gayansampath.dissanayaka.18","Gon ganaya"
"ශානුක දිල්හාන් ඉලන්ගමගේ","https://www.facebook.com/shanuka.ilangamage","ඔයාට පන්සල් වලට ඉදල කොස්සේ ඉදලා එකි මේකි හැමදේම හම්වෙන්වා නෙද හාමුදුරුවනේ පන්සට වේලා ඔය ටික ව්කුනගෙන ඉන්න"
"Manoj Aththanayaka","https://www.facebook.com/manoj.aththanayaka.39","පිස්සෙක්"
"Chamara Rajakaruna","https://www.facebook.com/chamara.kumara.988711","කහකඩ සක්කිලි🤮🤮🤮🤮"
"Sampath Chamara Chaminda","https://www.facebook.com/chamimba.sampath","නායක හිමිවරුත් පාඩුවෙ ඉන්නව  ඕහොම කරාට මිනිස්සුන්ට ආන්ඩුව එපාවෙන්නෑ ඕඉ තමුසෙලට ඒක කරන්නත් බෑ තමුසෙල දැන් එපාවෙලා ඕඉ"
"Pathmasiri Pathmasiri","https://www.facebook.com/people/Pathmasiri-Pathmasiri/61584460540204","පලයන්..පකො..හොරැන්ට..පුක.දෙන්නැතුව"
"Jayarathna Vidanagamage","https://www.facebook.com/people/Jayarathna-Vidanagamage/pfbid0Wa96kTAKUT9aJm9vSiWWGYpYjBbf17Fh5TqoDRYsAwrBwwDxjwcZdbu85FZZThQl","සචින් චිතන් හලා හලන්   . උපාරුන්ජති ජීවිතන්.  සාසනේන නිරුජ්ජිත්වා.  කප්ප කෝටි දෛයති call ********** කියන්න"
"Udaya Indika","https://www.facebook.com/udaya.indika.370","Muninpinwa wacanindaninwa damarika nigantyo.mut hiridannaona.sasanayakannaapu."
"Indika S Dodangolla","https://www.facebook.com/people/Indika-S-Dodangolla/100070359746046","Munnam maha watayakk sikk"
"Lahiru Chathuranga","https://www.facebook.com/people/Lahiru-Chathuranga/pfbid02n7RvgtKVLfjfN3oqbo1njDvXPtKM417N42chZKMjogbKBYTNkNHTiXgwX1xdw7FZl","Gon pka"
"Fernando Priyalal","https://www.facebook.com/fernando.priyalal","Do you want us to watch news or advertisements. It's 8 adds ran in one minutes man"
"Dsn Nadaraja","https://www.facebook.com/dilanishani.nadaraja","Gothaya"
"Karavitage G Dharmadasa","https://www.facebook.com/karavitage.g.dharmadasa","Gon.h... u...b huka."
"Lalith Silva","https://www.facebook.com/people/Lalith-Silva/pfbid0ALz7nS2cPbETrxaFbXaVgBtQZAsrGARi8Eru3JSS15TVubg5CPosc9uzeoaSeVTWl","Ppissu huthghek"
"Naa Mool Rajapaksha","https://www.facebook.com/people/Naa-Mool-Rajapaksha/pfbid02MTymAAbPudrY5DnRtJxM5UctiL2PP1kZJpcpeajKJKyx83ujCsDcwe2U4rFn3pW5l","Muu pissek"
"Nushan Jay","https://www.facebook.com/people/Nushan-Jay/pfbid0dhUqnb4cpBubxfsRqLdAbANLXTeH5rxfRypFSyfQZTNi77DsP54NzjnADwJUtWjtl","Your  liken 🐶"
"Waddp Seram","https://www.facebook.com/waddp.seram","Part 2"
"Iresh Sanjaya","https://www.facebook.com/iresh.sanjaya.52","Uba mahana wyyan"
"Asanga Sampath","https://www.facebook.com/asanga.sampath.413815","They do everything except what monks are supposed to do—preach the Dhamma."
"Yasantha Gunasekera","https://www.facebook.com/people/Yasantha-Gunasekera/pfbid0bVvWfsXrUiXvPcRXBvwKKgUre8YU3cxTzadv8yPddPRX4rtV1aemfwmKcBJamPHwl","President you have many other work to do. do not respond to these hora ganayaoooo"
