User Name,Profile Link,Comment
"Political Memes","https://www.facebook.com/people/Political-Memes/61590450170949","@followers"
"Bhikku Kathiyana","https://www.facebook.com/kathiyana","ක්‍රිස්තියානි ආගම ේ හින්දු ආගම ික මුස්ලිම් ආගම් සහ ලෝකයේ තවත් ආගම් තිබේ ඔය සඳහන් කල කිසිම ආගමක තමාගේ උපන්දිනය දවසට කේක් එකක් කපා කෑල්ලක් රස විඳීම සාමාන්‍ය සිද්ධියකි ඔය වීඩියෝ එක ස්වාමීන් වහන්සේ ඊජිප්තුව වැඩිය වෙලාවේ ගත්ත එකක් ඔය රෙස්ටොන්ට් එකේ ඉන්න ඊජිප්තු ජාතිකයෝ දන්නෙ නෑ මේ ශ්‍රී ලංකාවේ හාමුදුරු කෙනෙක් කියා ඕක සාමාන්‍ය සිද්ධියක් කෙනෙක් හොටෙල් එකකට හරි රෙස්ටුරන්ට් එකකට හරි ගිහිල්ලා birthday කේක් එකක් ඕඩර් කළොත් ඒගොල්ලෝ ස්ටාප් එක එකතු වෙලා පොඩි සප්‍රයිස් එකක් දෙනවා ඒගොල්ලන්ගේ කල්ච එකේ හැටියට සමරපු හැටි තමයි ඔය"
"Dinuka Sampath","https://www.facebook.com/dinuka.sampath.31945","Bhikku Kathiyana ඉපදීම දුකක්ද හාමුදුරවනේ 🥲"
"Savin Chamil","https://www.facebook.com/savin.chamil","Bhikku Kathiyana culture එක නම් ඔන සිවුර ඇරල එන්න අපි enjoy කරමු, ඔහොම කරාම සිල්වත් හාමුදුරුවන්ටත් මිනිස්සු ගරු නොකරන දවසක් එනවා"
"Rasika Sudarshana","","Bhikku Kathiyana පලයන් ප#යා යන්න සිවුරක් පොරවගත්ත කියලා තොපි බුද්ධ පුත්‍රයෝ වෙන්නෙ නෑ තොපෙ අම්මලාට කරුමෙට හිටලා නඩත්තු කරන්න බැරිවෙද්දි පන්සලට ගෙනත් දාපු උන් තොපි. තොපිට හරියට පංසිල් පද 5ත් රකින්න පුලුවන් එවුන්ද කාලකන්නි"
"Hiran Jayawardhana","https://www.facebook.com/hiran.jayawardhana.2025","එක මේසේ ඉදන් කන්නේ ...හාමුදුරුවන්ට වදින් නෑ අතට අත .. මරු පාටී"
"Sanka Kgs","https://www.facebook.com/sanka.kgs.5","Bhikku Kathiyana ඇත්ත උන් තියා තොපි දන්නෙත් නැනේ තොපි හාමුදුරුවරැ කියල ඉතිං මෙන කතද"
"Uditha Prasanna","https://www.facebook.com/uditha.prasanna.274614","Bhikku Kathiyana  අනිත් ආගම්වල පූජකයො  කසාදත් බැදගෙන ඉන්න එකේ  අපේ අයත් ඔය ඉදලා හිටලා  බඩුවක් ගැහුවට කමක් නෑ ඕක සාමාන්‍ය  දෙයක් කියලා කියයි ඔහොම යද්දි නේද......? අනිත් ආගම්වල උන්ට කකුල් දෙක හෝදලා බෙර ගහලා ගෙදරට වඩම්මලා කන්න දීලා කකුල් දෙක අල්ලලා වදින්නේ නෑනේ නේද....? තමන්ගේ දරුවොන්ට සම්බෝලයි බතුයි හරිදීලා  හැකි උපරිමයෙන්  දානේ වේල නොවරදවා ගෙනත් දෙන  උන්ගේ බත් වේල කාලා ඒකටවත් ගරු කරමින්  සාසනික ගෞරවය ආරක්ශා කරගෙන ඉන්න බැරි එකෙක් ඉන්නවනම්  ඒකා  හාමුදුරු නමක් වෙන්න බෑ......"
"Thanura Sanoj","https://www.facebook.com/thanura.sanoj","Bhikku Kathiyana ඔයාලා ආතල් ගත්තට බුදුන්ගේ සියුර දාගෙන  නිවන හොයන හාමුදුරුවරුන් ඉන්නවා මේ ලෝකේ."
"Chanaka Eranda Karunarathna","https://www.facebook.com/chanakadrax.rulz","Bhikku Kathiyana තිත්තගල්ලයගෙ ටයිප් එකත් හැබැයි මාගල්කන්දෙයගෙ වගේ 😀😂 ග $ කොල්ලට රිදිල තියෙන්නෙ ඒකනෙ නේහ් 😂"
"Suba Krnn","","Bhikku Kathiyana සෝදමු අපි සෝදමු."
"Bhikku Kathiyana","https://www.facebook.com/kathiyana","Chanaka Eranda Karunarathna මෙහේ ඇතිවෙන්න ඉඩ තියෙනවා ඔබතුමා ඇවිල්ල නිදහසේ අපිත් එක්ක මාසයක් විතර ජීවත් වෙලා බලන්න ඔබතුමා පොඩ්ඩක් කල්පනා කරලා බලන්න ඔය කොච්චර අශිෂ්ඨ කතාවක්ද දෙමාපියන්ටත් ලැජ්ජාවක් මමත් සිංහල භාෂාව හොඳට අසුරවන්න දන්නවා සිංහල භාෂාව කියන්නේ බොහෝම පොහොසත් භාෂාවක් කෙනෙක්ට රිද්දන්න මතවාදීව පරද්දන්න අපහාස කරන්න මේ භාෂාවේ බොහොම හොඳ වචන තියෙනවා  දරුවන්ටවත් මානව ගුණධර්ම කියන ඒවා පුරුදු කරන්න මහත්තයා ඔබතුමාට යහපතක් වෙන්න ඕනේ සුවපත් වේවා🙏"
"Bhikku Kathiyana","https://www.facebook.com/kathiyana","Sanka Kgs ඔය කණ්ණාඩි ගලවලා විවෘතව ලෝකය දෙස බලන්න සැහැල්ලු මනසින් ලෝකය දිහා බලනකොට වෛරයෙන් තරහෙන් කේන්තියෙන් ඉන්නකොට පේන දේට වඩා යථාර්ථය පේන්න ගන්නවා"
"Bhikku Kathiyana","https://www.facebook.com/kathiyana","Savin Chamil ජෛන මහා වීර බුදුහාමුදුරුවන්ටත් ඔය චෝදනාව කරා ගෞතම බුද්ධා මස්මාංශ කන සීලයක් නැති ඒ වගේම හින්දුන් සහ බ්‍රාහ්මණයන් පවා එදා භාරතයේ සිටි .බුද්ධ දර්ශනය කියන්නේ මනෝමූලික දහමක්. ඔබ ඔය කතා කරන සිල් බුද්ධ දර්ශනයට එකතු වුණේ අනුරාධපුර යුගයේදී ජෛන ආගමෙන් ගැඹුරු ආධ්‍යාත්මය අවබෝධයක් තියෙන කෙනෙක් ඔයාට හොයාගන්න පුළුවන් සාකච්ඡාවෙන් විතරයි"
"Bhikku Kathiyana","https://www.facebook.com/kathiyana","Suba Krnn භාෂාව aහැසිරවීම බොහොම හොඳයි. ප්‍රකාශය කුමක් වුවත් 🙏"
"Bhikku Kathiyana","https://www.facebook.com/kathiyana","Uditha Prasanna ඔබතුමා කියපු හැම දෙයක්ම කරලා මිනිස්සු අවසානයේ අපෙන් බලාපොරොත්තු වෙන්නේ මේ සසරෙන් එතෙර  වෙන විදිහ අපිට කියලා දෙන්න අපේ හාමුදුරුවෝ කියලනේ මුන්වහන්සේ ඒ ටික හරියටම කරලා දෙනවා ගොඩක් තැන්වල වෙන්නේ මහත්තයා පූජකයෝ මිනිසුන්ට ඕන විදියට ජීවත් වෙනවා නමුත් ඔවුන්ගේ දුකනිවල සසරෙන් එතෙර කරන ධර්මය කියලා දෙන්න දන්නෑ උන්වහන්සේගේ නමින් යූටියුබ් එකේ සර්ච් කරලා බලන්න දේශනා සිය ගානක් ඇති ඔබතුමා පොඩි කාලයක් අරගෙන ඒවා පොඩ්ඩක් අධ්‍යයනය කරලා බලන්න කියලා කාරුණිකව ඉල්ලනවා"
"Bhikku Kathiyana","https://www.facebook.com/kathiyana","Thanura Sanoj මහත්තයා දේවල් පරිහරණය කරාට කෑවා බීවට ඇතුලේ සතුටු වෙන්න පිනවන්න ඉඳපු කෙනා මැරිලා ඉන්නේ බැඳෙන්න ගැටෙන්න අල්ලගන්න කෙනෙක් නෑ කෙනෙක් ඉඳලම නෑ"
"Bhikku Kathiyana","https://www.facebook.com/kathiyana","Dinuka Sampath මනුස්ස උප්පත්තියක් ලැබිලා මේ යුගයේ ශ්‍රී සද්ධර්මයත් මනුලොවේ තිබෙන කාලෙක ගැලවුම්කාරයාට ගල් ගහලා නින්දා අපහාස කරලා ආයුෂ ඉවර කරගන්න තරම් තව දුකක් නෑ"
"Dhanushka Hettiarachchi","https://www.facebook.com/dhanushka.hettiarachchi.73","Bhikku Kathiyana ආසයි වගේ 😄"
"Bhikku Kathiyana","https://www.facebook.com/kathiyana","Dhanushka Hettiarachchi බයයි🫣"
"Nalin Dhananjaya Kapuruge","https://www.facebook.com/people/Nalin-Dhananjaya-Kapuruge/pfbid0NZKg6AswdfgdEeSQH7m4pCCzwvihuMKYeKqfVarTdoqc3QZcaYSy9V3H9skrN67wl","Bhikku Kathiyana හෝදන්න  හෝදන්න"
"Lasanka Manjula","https://www.facebook.com/profile.php?id=1229855379","Ha ha 🤣"
"Risitha Gunarathna","https://www.facebook.com/people/Risitha-Gunarathna/pfbid0225t1PLkG3LsgL7LMvcnCHQ7PhZHG5t7CwLvqSeD3tAYQ6voSSqrBXnJny8r1JmVTl","Bhikku Kathiyana හාමුදුරුවනේ එහෙමයි කියල බුදුහාමුදුරුවෝ දේශනා කල විනයට පිටින් යන්න හාමුදුරුවන්ට පුලුවන්ද.අධි ශීල,අධි චිත්ත,අධි ප්‍රඤා කියන තුනට අනුව නේද හාමුදුරුනමක් හැසිරිය යුත්තේ"
"Nm Nm","https://www.facebook.com/nm.nm.46745","Bhikku Kathiyana බුදුන් වහන්සේගේ දේසනා වල උපන් දිනය සමරන දේසනාවක් තිවෙනවද පැහැදිලියි  මෙි අය මහන වෙන්නේ සැප සමිපත් ඇතිව ආතල් ගන්න මිසක් සිත නිවා ගන්න නමි නෙවෙයි..."
"Lalith Priyadarshana","https://www.facebook.com/lalith.priyadarshana2","Bhikku Kathiyana එයාලගෙ කල්චර් එකේ හැටියට ඉන්න නම් බුදු සිවුර මක්කටෙයි.... බුදු සිවුර දරනවා නම්  බුදු හාමුදුරුවන්ගෙ කල්චර් එකේ ඉන්නෝන ... එච්චරයි .."
"Jeewantha Warnakulasuriya","https://www.facebook.com/profile.php?id=100085731563454","Bhikku Kathiyana ehema wenna puluwan Eth nikamata Hari wena agamaka kenekgen podi deyak dekkanam ubala enne redda ussan . Mulin hemotama garu karanna igena gaththanam nikanma muntath garuthwaya lebenawa."
"Nuwan Thennakoon","https://www.facebook.com/nuwan.thennakoon.1","Uditha Prasanna ආ ඇත්තද පම්කෝ"
"Nimal Jayasuriya","https://www.facebook.com/nimal.jayasuriya.9083","Bhikku Kathiyana දියකිරි වලට බලල්ලුත් සාක්කි කියලා පරන කතාවකුත් තියෙනවනේ."
"Nps Sandaruwan","https://www.facebook.com/nps.sandaruwan","Bhikku Kathiyana ගොබ්බ කතා කියන්න එපා.මොන කල්චර් එකේ උනත් අපිට ගැලපෙන්නෙ නැත්නම් ඒක නිහතමානීව ප්‍රතික්ශෙප කරන්න පුලුවන්.දැන් ඒ රටවල් වල bd එක එකට බ#වක් ගහනව නම් ඒකත් කරන්න ඕනිද්,සතෙක් මරනව නම් ඒකත් කරන්න ඕනද..අපිටත් මේ රටවල් වලදි ඔය වගේ දේවල් වෙලා තියනව.ඒට් අපිට ගැලපෙන්නෙ නැති තැන් වල ඒක අපි නිහතමානීව ප්‍රතික්ශේප කරල තියනව..කොරියාවේ හාමුදුරුවරුන්‍ට ගෑනු ඉන්නව,ලමයි ඉන්නව වාහන පැදිනව,,,දැන් ලංකාවෙ හාමුදුරුවන් මෙහේ ආවම මෙකේ කල්චර් එකේ විදිහටනෙ කියලගෑනු තියන් ඉන්න ඕනද,ලමයි හදන්න ඕනද...#%#%# සිවුරක් පෙරවපු පලියට භික්ශුවක් වෙන්නෙ නෑ..ගොන් කතා නොකියන භනක් භානවක් කරන් ඉදිය නම් හොද්‍යි නේද.."
"Nihal Ruwnpathirana","https://www.facebook.com/nihal.ruwnpathirana.2025","Bhikku Kathiyana වැලකිසිටිම කාගෙ යුතුකමක්ද හමුදුරැවනේ නොදන නිසයි ඇසුවේ අවසර"
"Nihal Ruwnpathirana","https://www.facebook.com/nihal.ruwnpathirana.2025","Bhikku Kathiyana සැපවත් ජිතයක් ගිහිගෙය  අතහැර යාමත් අතර වෙනසක් තියනනාද අවසර"
"Bhikku Kathiyana","https://www.facebook.com/kathiyana","Nps Sandaruwan මහත්තයා ඔතන මත්ද්‍රව්‍ය පානය කරන්නෙත් නෑ. කාන්තාවන් සමඟ යහං ගත වෙන්නෙත් නෑ. සත්තු මරන්නෙත් නෑ ඔය මිනිස්සු පාන් කනවා බනිස් කනවා වගේ උන්වහන්සේ කේක් ගෙඩියක් කපල කනවා"
"Chamara Pathiraja","https://www.facebook.com/chamara.pathiraja.764815","Bhikku Kathiyana උබ වහන්සේත් ගිහින් සු කුරුල්ලත් අල්ලගෙන අරු වගේම dance එකක් දාන්න. පිං 😂😂😂😁"
"Roshan Gamage","https://www.facebook.com/roshan.gamage.1232","Bhikku Kathiyana  මේ ගොය්යව ඊජිප්තුවෙම පදිංචි කරන්න බැරිද?"
"Bhikku Kathiyana","https://www.facebook.com/kathiyana","Nihal Ruwnpathirana මමත් ඕක මේ අහන්න ඉන්නේ මෛත්‍රී බුදුහාමුදුරුවෝ පහල වෙන්නේ රජමාළිගාවක් ඇතුළෙ කියනවනේ උන්වහන්සේ බුදු වෙලා රජෙක් වගේ කම් සැප විඳගෙන රාජමාළිගාව ඉඳන් තමා ධර්මය දේශනා කරනවා කියලා මම අහලා තියෙන්නේ"
"Bhikku Kathiyana","https://www.facebook.com/kathiyana","Roshan Gamage මමත් ඕක අහලා තියෙනවා උන්වහන්සේට ගොඩක් යුරෝප රටවලින් ඇමරිකා කැනඩා පන්සල්දලා දෙන්නම් එන්න කියනවා යන්නේ නෑනේ ඇයි කියලා අහපුවාම කියනවා ඒ රටවල්වල ගොඩක් මිනිස්සු මධ්‍යස්ථයිලු. සම්මා දිට්ඨියේ පිහිටලාළු ඉන්නේ උපන් රටේ ජාතියේ මිනිස්සු ගොඩක් ගෝත්‍රිකයිලු. ඒ මිනිස්සුන්ගේ මේ දුකෙන් නිදහස් වෙන්න මේ ධර්මය දෙන්න ඕනෙ කියනවා ඔය අනුරාධපුරේ යුගය කාලේ වගේ ආපහු මේ රටේ බුද්ධ දර්ශන ස්ථාපිත කරන්න ඕනෙලු"
"Thusitha Thusitha","https://www.facebook.com/thusitha.thusitha.327069","Bhikku Kathiyana siyalla ath harinda kiyala dayakayanta kiyanawa hamuduruearu siyalla badagena karanda puluwan alu guthteru wada karanawa Dan sasane winasa karanne biksun wahansela"
"Bhikku Kathiyana","https://www.facebook.com/kathiyana","Thusitha Thusitha නෑ මහත්තයා මිනිස්සුන්ට සියල්ල අතාරින්න කියන්නේ මනසින් බුදුදහම කියන්නේ මනෝමූලික දහමක් ඇත්තම කතාව කවදාවත් අපිට මේ භෞතික ශරීරයෙන් කිසිම දෙයක් ස්පර්ශ කරන්න බෑ අපි අල්ල ගන්න දෙයක් බැඳෙන දෙයක් ගැටෙන දෙයක් හැම දෙයක්ම මනසින් තමයි කරන්නේ අවසානයට බැලුවොත් ඇත්තටම එහෙම දෙයක් වෙලත් නෑ අපි කියලා කෙනෙක් ඉඳලත් නෑ. මේ ආයතන හයක සිද්ධියක් තමයි තියෙන්නේ  ඒකට තමා අපි මේ මම කියලා බැඳිලා ඉන්නේ"
"Thusitha Thusitha","https://www.facebook.com/thusitha.thusitha.327069","Bhikku Kathiyana mama kalayak pansal ekka badila wada kala e pansal wala idapu nayaka hamuduruwarunge hasarim kiyawanna baha ape pardesayeth Dan pansal wala parnna nayaka kama Ganda baruwa oya wage EWA kiya Wanda baha ada kale wate pansal wala himiwaru math darwiya ekka ahu wenawa oba wahansela EWA balan innawa mewata yamak karanne natiwa"
"Jayantha Rathnayake","https://www.facebook.com/jayantha.rathnayake.641632","Bhikku Kathiyana මුත් හොදම සතෙක් තමයී"
"Sathya Sadamali","https://www.facebook.com/sathya.sadamali.2025","Bhikku Kathiyana danne ne kiyanna apa siura kiyana aka aka dagena inne kauda kiyana aka den lookaya dannawa...තාක්ෂණ  ihala matyamaka thiyenne"
"Sandaru Amarasinghe","https://www.facebook.com/Sandaru.amarasinghe99","Bhikku Kathiyana ඇයි මූ දන්නෙත් නැද්ද මූ බෞද්ධ කියලා බං.😀"
"අරුණි ලියනගේ","https://www.facebook.com/people/%E0%B6%85%E0%B6%BB%E0%B7%94%E0%B6%AB%E0%B7%92-%E0%B6%BD%E0%B7%92%E0%B6%BA%E0%B6%B1%E0%B6%9C%E0%B7%9A/pfbid02wQ4BYux9jfbmHLyLZi6QVMnVwhJ6uEP33UcG5r6hvTD6pLfgxitMtqfNABu3iQmRl","Bhikku Kathiyana unge culture eka kohoma unath hamuduruwo niweradi nam unta eka pahadala kiyanna onine. Balen party denne nene. Balen party illagena wage penne. Kosol rajuge sihina palaapala budun wahanse wisthara karaddhi mewa gena deshana karala thibunu eka ada etthak wela. 😪 mewata benala api paw purawa nogena inna eka hondayi. Karmaya un wahanse karagahayi."
"Waruna Pradeep Gunasekara","https://www.facebook.com/waruna.pradeep.129","🖕 තමා...රටේ මිනිස්සු බබ්බු නෙමේ"
"Lahiru Lakmal","https://www.facebook.com/people/Lahiru-Lakmal/61583566089725","Bhikku Kathiyana 🤣"
"Lakindu Neranjan","https://www.facebook.com/lakindu.neranjan","Bhikku Kathiyana එක එක culture වලට ඉන්න ඕන්නං සිවුර ගලවපං බුදු දහම ඇතුලෙ වෙනම culture එකක් තියනව ඒක අවබෝධ කරගන්න ඕනි එකක්"
"Lahiru Pathum Pathum","https://www.facebook.com/people/Lahiru-Pathum-Pathum/pfbid034iZ95Sy2UEVMhMYvukP9Chk1PnN7Wsa2CFSMbNTvrCKjY4qsJPZgscvh9wrx5AsVl","Bhikku Kathiyana මුස්ලිම් ආගමෙ ක්‍රිස්තියානි ආගමෙ මේ වගෙ මගුල් නටන්නෙ නෑ අන්‍යාගමික යන් ගාව ගන්න එපා එකෙනම් බෞද්ධ රාජපක්ෂ සටකයො විතරයි"
"Ard Madushanka","https://www.facebook.com/ard.madushanka","Bhikku Kathiyana hamuduruwo danneth nedda ,thaman hamuduruwo namak kiyala,😁"
"Pujitha Ilanghasinghe","https://www.facebook.com/pujitha117","Bhikku Kathiyana ඇගිල්ල කටෙ ගහල ලෙව කන එක හරිම කැතයි නෙද"
"Ravindra Ranaweera","https://www.facebook.com/ravindra.ranaweera","Bhikku Kathiyana  හෝදපං හොඳට"
"Udayangani Bandara","https://www.facebook.com/udayangani.bandara.54","Lakindu Neranjan 🙋‍♂️👍"
"Rusi Dulshan","https://www.facebook.com/dulshan.kahagalla","Bhikku Kathiyana රටින් රටට ගිය පලියට රටෙ විදිහට බුදුරජානන් වහන්සෙ දේශනා කරපු විනය වෙනස් වෙනවද බල්ලො එහෙම.තොපි මේ සිවුරක් දාගෙන පිනට කන එක විතරනෙ කරන්නෙ මහනඋනා කියල.නැත්තන් ගිහි අපිටත් වඩා අන්තයිනෙ තොපි 🤌🤌"
"Se Ya","","Bhikku Kathiyana  ඊජිප්තු මිනිස්සූන්ට  දන්නෙ නැති  උනාට තිත්තගල්ලෙ උන්නාන්සේට දන්නවනෙ තමා ලංකාවෙ  භික්ෂූවක් කියලා ..."
"Bmm Chandrarathna","https://www.facebook.com/bmm.chandrarathna","Bhikku Kathiyana ඒකත් එහෙමද එතකොට තිත්තයා දන්නෙත් ඌ මහණ වෙලා ඉන්න එකෙක් බව"
"Chamara Prabath","https://www.facebook.com/chamara.prabath.902","Bhikku Kathiyana ඊජිප්තු ජාතිකයො දන්නෙ නැති උනාට එයා දැනගන්න ඕනි නේ එයාස්වාමින්වහන්සේ කෙනෙක් කියල"
"Chamara Prabath","https://www.facebook.com/chamara.prabath.902","Bhikku Kathiyana මේවගේ අවස්ථාවක හැසිරෙන්න ඕන ආකාරය ගැන බුදුන්වහන්සේ දේශනා කරල තියෙන්නෙ කොහොමද කියල පැහැදුවනම් අපිටත් තේරුම් ගන්න පුලුවන්"
"Chinthaka Kulasooriya","https://www.facebook.com/chinthaka.kulasooriya.9","Uditha Prasanna ඇත්ත කතාව"
"Chinthaka Kulasooriya","https://www.facebook.com/chinthaka.kulasooriya.9","Bhikku Kathiyana හාමුදුරුවෝ කෙනෙක් උනත් ඇත්ත කතා කරන්න දකින්න පුරුදු උනානම් මීට වඩා හොදයී උපන්දිනේට කේක් එකක් කපන එක සාමාන්‍ය දෙයක් එ කරන විදියට කරනවනම්  එහෙමයී කියලා රෙස්ටුරන්ට් ගානේ සිංදු දාගෙන කේක් කපලා නටන්න කියලා බුදුහාමුදරුවන්ගේ දේශනා වලනම් අපි අහලා නෑ  මීට වඩා දේවල් කියලා පව් පුරවා ගන්න බෑ හැබැයී ඔයාලා වගේ අයට කොහොම කිවුවත් පව් නැති වෙයී අපිට"
"Bhashitha N Wijekoon","https://www.facebook.com/Bhashi.Wijekoon.14","Bhikku Kathiyana බුදුදහමෙ තියනවද කොහෙ හරි උපන්දිනේට කේක් කපලා ආතල් දාන්න කියලා? ."
"Ruwan Ahangama","https://www.facebook.com/ruwan.kumara.10485","Bhikku Kathiyana සම්මා හේදිලි.....😂"
"DI Nesh","https://www.facebook.com/people/DI-Nesh/pfbid0aPpPqNnMCqfwFYc7w4X6eLKuCJrbrikKxAiubgL9jGRvtHKMQo6ZPHCMCpcFy4Ydl","Bhikku Kathiyana ඔයත් පාටි බැහල ඩ්‍රග්ස් දාල අන්තිමට සසර කලකිරිලා මහණ උන කෙනෙක් නේද .. 😅"
"Naveen Udara","https://www.facebook.com/naveen.udara.351","Bhikku Kathiyana එහෙනම් ඔයත් ඔය කහකඩේ ගලවන්න එයාටත් ගලවන්න කියන්න. ඊට පස්සෙ ඕන එකක් කරගන්න."
"GK Vithanage","https://www.facebook.com/gk.vithanage.3","Bhikku Kathiyana ow eka aththa 👍"
"Jayalal Wijesooriya","https://www.facebook.com/jayalalw74","Bhikku Kathiyana https://www.facebook.com/share/p/1HakZTTJsF/"
"Dee Hetti","https://www.facebook.com/profile.php?id=697647251","Bhikku Kathiyana Ikmananata Mahana wela aththa darmaya igana gamu neda? Anik religions wala dewal atharinna kiyala Naha."
"Nawaka Manoharsha","https://www.facebook.com/people/Nawaka-Manoharsha/pfbid07zukF9GXUtbt4szJ99AwZU1ckh4MYBBx1YZCmA8s5oEuE97MarRKi4osNNNNDWTBl","Bhikku Kathiyana යකෝ එක එක කල්චර් වලට අනුව සමරන්න කියහන්..බුද්ධ චීවරය අයින් කරලා..උබලා කවුද කියලා මුලින් ම තේරුම් ගනිල්ලා...එනවා තව හෝදන්න.."
"Vibodha Hewage","https://www.facebook.com/vibodha.hewage.3","Bhikku Kathiyana මෙන්න ඝනයෙක් 🥲"
"Nimsara Thilakarathna","https://www.facebook.com/people/Nimsara-Thilakarathna/pfbid02TEGjMmUdVJk92ZCgF4uVurTDY5e9JtgNFZCEfLTvvqEQARWZiJ7TuyCbZdqW3aHHl","Bhikku Kathiyana thiththayage ambattekbe me 😅😅"
"Ruwan Samarasinghe","https://www.facebook.com/ruwan.samarasinghe.89","Bhikku Kathiyana එහෙනම් ඉතින් ඒ ආගමකට ගිහින් ඕනි පkak කරගනිංකෝ සිවුරක් දාගෙන හැමි##නේ නැතිව,"
"Mano Livera","https://www.facebook.com/profile.php?id=61584079861614","Bhikku Kathiyana අහම්බන්තේ.... 🌝✌️"
"Chanaka Eranda Karunarathna","https://www.facebook.com/chanakadrax.rulz","Bhikku Kathiyana මගෙ කතාවෙන් ඔයාට සිංහල භාශාව ගැන අවබෝධයක් ආපු එක ගැන අවබෝධයක් ආපු එක ගැන සතුටුයි.. ඔය විදියටම තමන් සිවුරක් දාගත්තෙ මොකටද? සමාජය ඇතුලෙ පූජ්‍ය පක්ශෙ කියල නම්බු ලබන්නෙ මොකටද? මේ අශිෂ්ඨ කතා අහන්නෙ ඇයි කියලත් අවබෝධයක් ලැබුනොත් ලොකු දෙයක්... 😌 මාගල්කන්දෙ ගැන කියල තියෙන්නෙ බොරුද? තිත්තගල්ලෙ ඔච්චර සුද්ද කරන්න ඕනි එකෙක්ද? ඔය පොරගෙ ජරාව දිවෙන් අදින ජාතියෙ කතාව තමන්ගෙ සිවුරට ගැලපෙනවද? කියලත් කල්පනා කරල බලන්න... ආ.. සිංහල භාශාව ගැනත් හොද අවබෝධයෙන් ලියල තියෙන්නෙ, ඔයාගෙ කතාවට හා අරූගෙ ක්‍රියාවට ඉතාම ගැලපෙන විදියට... මේ රිප්ලයි එක සොෆ්ට් වෙන්නෙ දැන් හරි ගැලපෙන විදියට හිටියොත් තිත්තගල්ලෙලාගෙ කුනු ගොඩින් මිදෙන්න පුළුවන් තරම් හික්මීමක් ඔයාගෙ රිප්ලයි එකේ තිබ්බ හින්ද.."
"Thathsara Raviraj","","Bhikku Kathiyana Sasara kalakirila newei bn mahana wenne.. Can't he just say, ""No, I'm not allowed to do this""? If they offered women and drinks, would you take them?"
"Dulaj Prasanga","https://www.facebook.com/d.prasanga.nambukara.thanthirige","Bhikku Kathiyana අනේ පොඩි ප@yoo තෝ බුදුන් සරණ ගිහින්ද නැත්නම් තිත්තය සරණ ගිහින්ද 😆"
"Ravindu Dinuka","https://www.facebook.com/ravindu.dinuka.1","Bhikku Kathiyana mokedda thopi wage kalakanni heththa nodakin kalakanni buduhamuduruwange chiware vikunankana para heththa"
"Dineth De Silva","https://www.facebook.com/dineth.de.silva.984922","Bhikku Kathiyana සිවුර තියලා වරෙන් පාටියක් දාන්න බොක්ක"
"Vijaya B Konara","https://www.facebook.com/vijaya.b.konara","Bhikku Kathiyana ඉතින් මහන නොවී කසාදයක් බැදගත්ත නම් වැඩේ ඉවරනෙ😁"
"Shan Rivishan","https://www.facebook.com/shan.rivishan","Bhikku Kathiyana හරි සාදු...ඔබ වහාන්සේ කියන විදියට ඒ රෙස්ටුරන්ට් එකේ මිනිස්සු දන්නේ නෑ මේ ඉන්නේ හමුදුරු නමක් කියලා හැබැයි එතන ඉන්න කට්ටියයි ඔය සිවුර පොරවගෙන ඉන්න මනුස්සයායි දන්නවනේ තමුන් කවුද කියලා එහෙමයි නේද අපේ හමුදුරුවනේ..සාදු...අනික ඔබ වහාන්සේ මේ ක්‍රියාව අනුමත කරනවානම් අණේ මන්දා අපිට පව් .."
"Col Col","https://www.facebook.com/people/Col-Col/pfbid031Y6hX9DgTAWDm4Hdm3B8ZAKVahcWzZHKSCZvoXaduH3gy7NjSzUZ444DhivVvuesl","Bhikku Kathiyana අපරාදෙ උබල බුදුදහම වැලදගත්තෙ"
"Kasun KC","https://www.facebook.com/people/Kasun-KC/pfbid02BjaiG1mDw57AGHfsSkYGDSCg6ETipRK5CtQK8UWtr7XwazweKLmkMd4NrMe5cHy8l","Bhikku Kathiyana aa oyath thiththayage pukka lewakana kenek wage.thope me siwra aran bella wate othanna ona."
"Dammika Dikkumbura","https://www.facebook.com/profile.php?id=100032443360308","🤣🤣  ආ..හා හා...අර අටමස්ථානාධිපති    .තරැණ  දියණිය  දුෂණය කරපු එකත් සාමාන්‍ය  සිද්ධියක්  වගේ නේද...පරයෝ ...තොපි""  මහණදම් ද  පුරන්නෙ නැත්නම් .. ලෞකික  සැපද... චිවරයක් දාගෙන ද  ? මේ වඳන් ටික  ලිව්වේ..බල්ලෝ"""" 😡😡💀💀"
"Kankanamalage Gunapala","https://www.facebook.com/kankanamalage.gunapala.2025","Bhikku Kathiyana හෝටලේ නෙවෙයි මොන රෙද්ද අස්සෙ ගියත් ඌ දැන ගන්න එපායැ මම විලි වහගෙන ඉන්නෙ බුද්ධ චීවරය කියල"
"Nps Sandaruwan","https://www.facebook.com/nps.sandaruwan","Bhikku Kathiyana ඔබතුමාගෙ මුලින් තියන කමෙන්ටුවේ අදහට තමා මම කලින් reply කලේ.මම එතන කීවෙ කල්චර් එක මොකක් උනත් අපිට නොගැලපෙන දේවල් ප්‍රතික්ශේප කරන්න පුලුවන් කියල.(ඔබතුමා කියන්නෙ සිවුරක් පොරව ගත්තු පලියට භික්ශුවක් වෙන්නෙ නැති නිසා හොදේ..🤣🤣)  දැන් මේකට උත්තරයක් දෙන්නෙම්...බුදුහාමුදුරුවො කිව්වෙ ඉපදීම සතුටක් කියලද අපේ හාමුදුරුවනේ..(මෙහෙම capak ගන්න ආස හිතිල වගේ ඔබතුමාටත්)🤣🤣ඉපදීම දුකක් මහත්තයෝ..ඒක සතුටක් ලෙස දකින්නෙ,සමරන්නෙ ප්‍රඥාව අඩු මිනිස්සු.භික්ශුවක් උනාම ගිහියෙක්ට වඩා ආගම ගැන දැනුමක් අවබෝදයක් තියනව.එහෙම තියන ඈයොත් මෙහෙම උනාම ගිහියන්ට දෙන ආදර්ශය කුමක්ද මහත්තයෝ..භික්ශුවක් උනාම ගිහියෙක්ට වඩා හික්මීමක් තියෙන්නෙ ඕන,ගිහියන්ට ආදර්ශක් වෙන විදිහට ඉන්න ඕන.එහෙම බැරි නම් සිවුර ගලවල ගිහියෙක් විදිහට ඕන.ගිහියෙක් කරන දේවල් කරන්න නම් පැවිදි වෙන්න ඕන නෑනෙ මහත්තයෝ.."
"Bhikku Kathiyana","https://www.facebook.com/kathiyana","Ravindu Dinuka ගියපු පාසලකින් හෝ ගෙදර දෙමාපියෝ මනුස්සයෙක් අමන්ත්‍රණය කරන්න කියලා දීලා නෑ අඩුම සෝතාපන්න නොවුණු කෙනෙක්වත් බුදුන් වහන්සේ දහමට නෑගම් කියන්න අයිතිවාසිකම් කියන්න බෑ"
"Dilka Hettiarachchi","","Bhikku Kathiyana සිවුර ගලෝලා සැප ගනින්..පවු නොදී"
"Shehan Mihiranga","https://www.facebook.com/shehan.mihiranga.98031","Bhikku Kathiyana හරි ඔබවහන්සෙටත් ස්තුතියි රෙදි ටික හේදුවාට 😁"
"Nuwan Sriyantha","https://www.facebook.com/nuwan.sriyantha.5","Bhikku Kathiyana ඒ ගොල්ලෝ මේ කල්චර් එක නොදන්න්වා උනාට සිවුරක් උර ලා ඉන්න මේ ගණයා තමන්ගෙ විනය නොදන්න නිසාද මේ😂😂😂🤮"
"락말 오빠","https://www.facebook.com/lakmal.gamage.94","Bhikku Kathiyana palayan hora ganaya ynna 🤣🤣"
"Sasi Ekanayaka","https://www.facebook.com/people/Sasi-Ekanayaka/pfbid0W1MjuAFU722UBWrvMdfs8vM9Bes3XoMr16EwmqAiTp8RPHcGiosC1QnDfD2PZqcNl","Bhikku Kathiyana හෝදමු අපි හෝදමු... 😂"
"Chinthaka Shehani","https://www.facebook.com/people/Chinthaka-Shehani/pfbid021pbDny5p4yWWoUpgmdSofAH192PfNZ1rkxy3kL6R1He2VeMsUjp6bSL64jx5H8zWl","Siura Daragena Inna kena ethkota karann oni mkkda siurak daragena inne kiyla amathaka karala aga athule inna perethayata eliyta enna denna onida.enm mokatada siurak daragththe.hasirenna oni widiha amathaka wenn tharam.ane Manda mnnm kiynne buddagama winasa krnne siura Daragena Inna aththoma thmai.wedanai 🥲"
"Dinuka Sampath","https://www.facebook.com/dinuka.sampath.31945","Bhikku Kathiyana සාදු සාදු.  මට මතකයි මූ කියනව එ වීඩියෝ එහෙක  ලංකාවෙ  culture එක වෙනස් කරන්න ඔනෙ කියල  හාමුදුරුවෝන්ටත් බඩු ගහන්න පුලුවන්  විදියට . ඒකට ඒවට මොකද කියන්නෙ එත කොට"
"Herath Yapa","https://www.facebook.com/herath.yapa","Bhikku Kathiyana හරි අපි පිළිගත්තා එහෙනම් 🤣🤣"
"Himasha Jayasekara","https://www.facebook.com/profile.php?id=100012962703232","Bhikku Kathiyanaතක්කඩි තක්කඩින්ට ආවඩනවා."
"Tharanga Lakmal","https://www.facebook.com/tharanga.lakmal.3576","Bhikku Kathiyana සප්‍රයිස් එකක් අරන්වගේ"
"Anjana Srinath Dissanayaka","https://www.facebook.com/anjana.dissanayaka","Bhikku Kathiyana ane පරයා ඇඟිලි lewakanna කියලා තිබෙනවාද බුදුරජාණන් වහන්සේ"
"Gayan Nandika","https://www.facebook.com/people/Gayan-Nandika/pfbid025VmZ2aKtFHKijiQ3CvyAQwSa6UY6W4A18MXDRZZrVjeGteNLpeSMANhnJQqWWfbrl","Bhikku Kathiyana guu puchchala kapan. Parayo"
"Mihidu Rjapaksha","","Bhikku Kathiyana අනේ පලයං හුත්තො යන්න.උබ හිතුවද අපි කොන්ඩෙ බැඳපු චීන්නු කියලා.😁"
"Tharidu Darshana","https://www.facebook.com/people/Tharidu-Darshana/61552496392064","Thathsara Raviraj"
"Tharidu Darshana","https://www.facebook.com/people/Tharidu-Darshana/61552496392064","Thathsara Raviraj"
"Tharidu Darshana","https://www.facebook.com/people/Tharidu-Darshana/61552496392064","Gayan Nandika"
"Tharidu Darshana","https://www.facebook.com/people/Tharidu-Darshana/61552496392064","Gayan Nandika"
"Tharidu Darshana","https://www.facebook.com/people/Tharidu-Darshana/61552496392064","Hiran Jayawardhana"
"Tharidu Darshana","https://www.facebook.com/people/Tharidu-Darshana/61552496392064","Hiran Jayawardhana"
"Tharidu Darshana","https://www.facebook.com/people/Tharidu-Darshana/61552496392064","Sanka Kgs"
"Tharidu Darshana","https://www.facebook.com/people/Tharidu-Darshana/61552496392064","Sanka Kgs"
"Tharidu Darshana","https://www.facebook.com/people/Tharidu-Darshana/61552496392064","Chanaka Eranda Karunarathna"
"Tharidu Darshana","https://www.facebook.com/people/Tharidu-Darshana/61552496392064","Chanaka Eranda Karunarathna"
"Tharidu Darshana","https://www.facebook.com/people/Tharidu-Darshana/61552496392064","Chamara Pathiraja"
"Tharidu Darshana","https://www.facebook.com/people/Tharidu-Darshana/61552496392064","Chamara Pathiraja"
"Tharidu Darshana","https://www.facebook.com/people/Tharidu-Darshana/61552496392064","Roshan Gamage"
"Tharidu Darshana","https://www.facebook.com/people/Tharidu-Darshana/61552496392064","Roshan Gamage"
"Tharidu Darshana","https://www.facebook.com/people/Tharidu-Darshana/61552496392064","Sandaru Amarasinghe"
"Tharidu Darshana","https://www.facebook.com/people/Tharidu-Darshana/61552496392064","Sandaru Amarasinghe"
"Tharidu Darshana","https://www.facebook.com/people/Tharidu-Darshana/61552496392064","Lahiru Pathum Pathum"
"Tharidu Darshana","https://www.facebook.com/people/Tharidu-Darshana/61552496392064","Lahiru Pathum Pathum"
"Tharidu Darshana","https://www.facebook.com/people/Tharidu-Darshana/61552496392064","Se Ya"
"Tharidu Darshana","https://www.facebook.com/people/Tharidu-Darshana/61552496392064","Se Ya"
"Tharidu Darshana","https://www.facebook.com/people/Tharidu-Darshana/61552496392064","Bmm Chandrarathna"
"Tharidu Darshana","https://www.facebook.com/people/Tharidu-Darshana/61552496392064","Bmm Chandrarathna"
"Tharidu Darshana","https://www.facebook.com/people/Tharidu-Darshana/61552496392064","Ruwan Ahangama"
"Tharidu Darshana","https://www.facebook.com/people/Tharidu-Darshana/61552496392064","Ruwan Ahangama"
"Tharidu Darshana","https://www.facebook.com/people/Tharidu-Darshana/61552496392064","DI Nesh"
"Tharidu Darshana","https://www.facebook.com/people/Tharidu-Darshana/61552496392064","DI Nesh"
"Tharidu Darshana","https://www.facebook.com/people/Tharidu-Darshana/61552496392064","Naveen Udara"
"Tharidu Darshana","https://www.facebook.com/people/Tharidu-Darshana/61552496392064","Naveen Udara"
"Tharidu Darshana","https://www.facebook.com/people/Tharidu-Darshana/61552496392064","Nimsara Thilakarathna"
"Tharidu Darshana","https://www.facebook.com/people/Tharidu-Darshana/61552496392064","Nimsara Thilakarathna"
"Tharidu Darshana","https://www.facebook.com/people/Tharidu-Darshana/61552496392064","Mano Livera"
"Tharidu Darshana","https://www.facebook.com/people/Tharidu-Darshana/61552496392064","Mano Livera"
"Tharidu Darshana","https://www.facebook.com/people/Tharidu-Darshana/61552496392064","Dulaj Prasanga"
"Tharidu Darshana","https://www.facebook.com/people/Tharidu-Darshana/61552496392064","Dulaj Prasanga"
"Tharidu Darshana","https://www.facebook.com/people/Tharidu-Darshana/61552496392064","Dineth De Silva"
"Tharidu Darshana","https://www.facebook.com/people/Tharidu-Darshana/61552496392064","Dineth De Silva"
"Sandaru Amarasinghe","https://www.facebook.com/Sandaru.amarasinghe99","Tharidu Darshana ඉතින් නානසාරට ඕක කියලා දීපං 🤪"
"Metalzan Khan Abbuwa","https://www.facebook.com/metalzan.khan.71","Bhikku Kathiyana ඊජිප්තු ජාතිකයෝ දන්නේ නැති උනාට තිත්ත ගල්ලේ දන්නේ නැද්ද පොර සිවුරක් දාපු හාමුදුරු කෙනෙක් කියලා😂😂😂"
"Suranga Darshana","https://www.facebook.com/suranga.darshana.453116","Bhikku Kathiyana ගිහියොන්ට සියල්ල අත අරින්න කියලා බොරුවට බන කියන්න එපා තමුන්ල එහෙනම්. තමුන්ල කිව්වේ හාමුදුරුවො කියන වචනෙට අගෞරවයක් කරන්න බැරි නිසා. හිතට එන එ්ව කිව්වොත් අපිටත් පව් පිරෙනවා 😡"
"Kapila Rathna","https://www.facebook.com/people/Kapila-Rathna/61570081380985","Topi babala"
"Gayan Nandika","https://www.facebook.com/people/Gayan-Nandika/pfbid025VmZ2aKtFHKijiQ3CvyAQwSa6UY6W4A18MXDRZZrVjeGteNLpeSMANhnJQqWWfbrl","Tharidu Darshana oya hari. Mama kare yahapathak."
"Hasiya Hasiya","https://www.facebook.com/hasiya.hasiya.1422","Bhikku Kathiyana me mu bauddayek nam mehema hasirenavada.ane pala"
"Kushan Karandana","https://www.facebook.com/kushan.kushan.1293575","Bhikku Kathiyana දන්නේ නැත්නම් පකො මොකටද කෙක් කවන්නේ අල්පේච්ච බවෙන් ජීවත් උනානම් හරි නේද 🐂🐂🐂🐂🤮"
"Kariyawasam Suneth","https://www.facebook.com/people/Kariyawasam-Suneth/pfbid0QV3YhVyPMdVwZKQnAb1vZGweToNkU1ccFaZehzMoiQXnbhz6e8wFV6pGiohKYNYjl","Bhikku Kathiyana අනේ පලයන් ඝනයෝ යන්නෙ, මේ පකයා බීලා පිස්සු නටනවා,ඌව පෝකර් කෙනෙක් කරලා සුද්දො ට්ක එකතු වෙලා..තොපි ඔක්කොම එකයි බේබදු කහකඩයෝ."
"Kariyawasam Suneth","https://www.facebook.com/people/Kariyawasam-Suneth/pfbid0QV3YhVyPMdVwZKQnAb1vZGweToNkU1ccFaZehzMoiQXnbhz6e8wFV6pGiohKYNYjl","Bhikku Kathiyana ආමන්ත්‍රණය නෙමෙයි තොපිට දානෙ දෙනවටත් පව් මිනිස්සුන්ට, අවු 06 හිරේ ගිය එකා හරි විදිහට මිනිස්සුන්ට ගරු කලාද,ආමන්ත්‍රණය කලාද..තොපි බොනවා,දේශපාලන කරනවා,තමන්ගෙ සුක විවරනය වෙනුවෙන් දේශපාලකයන්ට කඩේ යනවා, ගැනුන්ව ලමයිව දුෂනය කරනවා,පවුල් කනවා..ඒ ජඩ වැඩ හැම දේම කරලා මිනිස්සුන්ගෙන් පිනට කනවා...තොපි නබුදුන්ගෙ දහම දේශනය කරන එක පමනයි නොකරන්නෙ."
"Bhikku Kathiyana","https://www.facebook.com/kathiyana","[Image Attachment]"
"Roshan Perera","https://www.facebook.com/roshan.perera.796569","Bhikku Kathiyana උබ නමි් මි්හරකෙක්"
"Bhikku Kathiyana","https://www.facebook.com/kathiyana","Roshan Perera ""මම බන්ධන සිඳ දැමූ වෘෂභයෙකු (මහා ගවයෙකු/ආජානීය වෘෂභයෙකු) මෙන්ද, කුණු වූ වැල් සිඳ දැමූ ඇත් රජෙකු (නාගයෙකු) මෙන්ද සියලු කෙලෙස් බන්ධන සිඳ දැමුවෙමි. මම නැවත මවු කුසකට (සංසාරයට) පැමිණෙන්නේ නැත. වැසි වලාකුළ, නුඹ කැමති නම් දැන් වැහැපන්!"" ​පුරාණ භාරතීය සංස්කෘතියේ සහ පාලි සාහිත්‍යයේ ""උසභ"" (වෘෂභ/ගවයා) සහ ""මහානාග"" (ඇතා) යන වචන භාවිතා කළේ පහත් අර්ථයෙන් නොව, ශ්‍රේෂ්ඨත්වය, ශක්තිමත්භාවය, නායකත්වය සහ ආජානීය බව දැක්වීමටය. බුදුරජාණන් වහන්සේ ශාක්‍ය වංශයේ සහ මුළු ලෝකයේම අනුත්තර වූ ""ආජානීය වෘෂභයා"" ලෙස තමන් වහන්සේව උපමා කොට වදාළේ එම කෙලෙස් සිඳලූ ශ්‍රේෂ්ඨ නිදහස් බව පැහැදිලි කිරීමටයි.  මමත් බුදුන් වහන්සේ දෙසූ මාර්ගයේ ගමන් කරන උන්වහන්සේගේ ශ්‍රාවකයෙක් ඉතින් ඔබතුමා මට ගෞරවයක්මයි පිරිනමලා තියෙන්නෙ බොහොම ස්තූතියි"
"Lasitha Isanka Galanigamage","https://www.facebook.com/lasitha.isanka.galanigamage","Bhikku Kathiyana එතකොට හාමුදුරුවෝ දන්නේ ත් නැද්ද ඌ මහන් වෙලා ඉන්නේ කියලා"
"Wineeth Prasanna","https://www.facebook.com/wineeth.prasanna.5","Bhikku Kathiyana 😡"
"Savin Chamil","https://www.facebook.com/savin.chamil","තෙරවාද පන්සලෙ සිවුර දරගෙන ජෛන ප්‍රොමොටේ කරන්න එපා"
"Gayan Dissanayake","https://www.facebook.com/gayan.dissanayake.33","Bhikku Kathiyana  මේ හාමුදුවනේ ලංකාවේ  සෙුරම හරක් නෙමේ 😄😄"
"Lakmal Wijerathna","https://www.facebook.com/people/Lakmal-Wijerathna/100091891030149","Bhikku Kathiyana හා 😂"
"Bhikku Kathiyana","https://www.facebook.com/kathiyana","Wineeth Prasanna තිරයක් පිටුපස සැඟවුණත් කර්මය සැඟවිය හැකිද? 📱⚠️ ස්මාර්ට්ෆෝන් තිරයක් පිටුපස ඉඳගෙන, Fake Profile එකකින් හෝ තමන්ගේ නමින් අනුන්ට අපහාස කරන, නින්දා කරන, චරිත ඝාතනය කරන වචනයක් ටයිප් කරද්දී මොහොතකට මේ ගැනත් හිතන්න: අපහාසාත්මක කමෙන්ට් එකක් කියන්නේ නිකම්ම අකුරු පෙළක් නෙවෙයි. බුදුදහමට අනුව ඒ ක්‍රියාත්මක වෙන්නේ වාග් දුශ්චරිතය සහ සිතේ තියෙන ද්වේෂයයි. ""චේතනාහං භික්ඛවේ කම්මං වදාමි"" — අකුරක් ටයිප් කළත්, චේතනාව අනුව කර්මය ඒ මොහොතේම රැස් වෙනවා. අද අපි අනුන්ට එල්ල කරන අපහාසවල විපාක කවදා හෝ අප කරාම කැරකී එන හැටි:  තමන් නොකළ වැරදිවලට සමාජයෙන් නින්දා, අපහාස සහ අභූත චෝදනා නිරන්තරයෙන් අසන්නට ලැබීම.  කිසිවෙකු තමන්ගේ වචනයක්වත් විශ්වාස නොකරන තැනකට පත්වීම.  මිතුරන්, හිතවතුන් නිතර තමන්ගෙන් ඈත් වීම සහ භේද වීම.  සිතේ නිතර නොසන්සුන් බව සහ බිය ඇතිවීම. අනුන්ට මඩ ගසන්න අතට ගන්නා මඩවලින් පළමුව කිලිටි වෙන්නේ තමන්ගේම දෑත්. අනුන්ට දමන්න හදන ගිනි අඟුරෙන් මුලින්ම පිච්චෙන්නේ තමන්ගේම අත. ලයික්, ෂෙයාර් වෙනුවෙන් හෝ තාවකාලික වෛරය පිටකරන්න ගිහින් ඔබේම සංසාර ගමන අඳුරු කරගන්නේ ඇයි? අනුන්ගේ වැරදි විවේචනය කිරීමට පෙර අපේ සිත රැකගනිමු. වචනයෙන් හෝ අකුරකින් අනුන්ට රිදවීමෙන් වළකිමු"
"Thilanka Dilshan","https://www.facebook.com/dilshanthilakkumara70","Bhikku Kathiyana samanya deyakda eka…ado kari ponnaya cake kapapan pakayo budda cheewaren ain wela..kari wesige puthala thopi avilla minissunta pau purawanna apu ponna hukanno..gahanna one pakayo thope olu palenna kari pakayalage🤮🤮"
"Upali Rathnasekera","https://www.facebook.com/rta.rathnasekera","Bhikku Kathiyana khakadaya තමන්ගේ විනය තියාගන්න දැනගන්නට ඕනෑ"
"Nadeeshani Jayaweeara","","Bhikku Kathiyana මේවා දැක දැක හෝදන අය නිසා තමයි දවසක බුද්ධාගම මේ රටෙන් නැත්තටම නැති වෙන්නේ 😡"
"Chuti Kolla","https://www.facebook.com/people/Chuti-Kolla/pfbid0iNRyxeCZwNXc2k7mMTzgVndVrsVt9Mw6oH81z6ypAq8QLiT9SqPUvBiahVchL2Zjl","Bhikku Kathiyana ඒ කල්චර් එක ලංකාවේ ඇතුලෙ සමරන්නැත්තෙ ඇයි😂😂 ලංකාවේ උන්ව චූන් කරන්න බැරි හින්දද😂😂 අලුත් වොශින් පවුඩර් එකක් මේවා දාල හෝදහං😂😂 ගොංබයියා😂😂"
"Priyantha Gunathilaka","https://www.facebook.com/priyantha.gunathilaka.73","Bhikku Kathiyana දන්නැති අය ලෝකේ ගොඩාක් ඇති අපි ඔවුන්ව දැනුවත් කල යුතුයි බෞද්ධ චීවරයේ ගෞරවය ගැන"
"Milky way Astro","https://www.facebook.com/people/Milky-way-Astro/61580650636563","Bhikku Kathiyana මෝඩ කතා කියන්න එපා පින් බත් අසීලා චාර බඩු ගනයො ""භික්ෂුවකට නච්ච ගීත වාදිත සුදුසු නැ ,හරිද අනිත් එක හිතපං ගිහියන්ටත් දස් සිල් වලදි නච්චගිත ශ්‍රවනය හොඳ නැ කිව්වා එහෙව් එකේ තොපි අමු ලෞකික සක්කිලි ගනෙයියොනි"
"Rangi Hansi","https://www.facebook.com/people/Rangi-Hansi/pfbid04HL4b5RQt2oojVTHwdpc2NqstfBtZdxTWLcDPN2NB6Q2o3VpLJmivFnVKXgWnR9Zl","Nm Nm yes"
"Rangi Hansi","https://www.facebook.com/people/Rangi-Hansi/pfbid04HL4b5RQt2oojVTHwdpc2NqstfBtZdxTWLcDPN2NB6Q2o3VpLJmivFnVKXgWnR9Zl","Risitha Gunarathna yes 🔥"
"Harsha Perera","https://www.facebook.com/harsha.perera.56808995","Bhikku Kathiyana මේක බුද්දාගම pa කෝ"
"SL WILD","https://www.facebook.com/people/SL-WILD/100064091740511","Bhikku Kathiyana එල එල පාටිදානකොට අපිටත් කියන්න😉"
"Shehan Hasitha","https://www.facebook.com/shehan.hasitha.183920","Bhikku Kathiyana යකෝ සිවුර පෙරවගත්තම් එ විදිය ඉදපන් බැරිනම් සිවුරු අයින් කරලා ඔන උත්තක් කරගනිය පරයෝ සාසනේ කන්නෙ නැතුව ..."
"Dulan Buddhika","https://www.facebook.com/dulan.buddhika.98","Bhikku Kathiyana මල.පෙරේ..බලන්න ඇගිලි ලෙවකන හැටි.. ඊය..දී කිරි වලට බලල්ලුත් සාක්ශි.."
"Dileena Prabath Dileena Prabath","https://www.facebook.com/dileenaprabath.dileenaprabath","Bhikku Kathiyana මුන් ආගමට මුවාවෙලා සල්ලි හොයනවා ආගම තමා මුන්ගේ රස්සාව මුන් තරන් අපාගත දේවල් මුන්ට මේආත්මේදිම පරිසන් දේන්න ඔනි"
"Dileena Prabath Dileena Prabath","https://www.facebook.com/dileenaprabath.dileenaprabath","Bhikku Kathiyana ඔයා ලා බබාලා ආ....නේ😀😀"
"Dileena Prabath Dileena Prabath","https://www.facebook.com/dileenaprabath.dileenaprabath","Bhikku Kathiyana"
"Dinakara Samare","https://www.facebook.com/people/Dinakara-Samare/100076114749370","Bhikku Kathiyana මම මේ පල්ලෙහට ආවෙ හෝදපුවා බලන්න 😂😂 සුපිරිම හේදිල්ල මේක"
"Lakindu Neranjan","https://www.facebook.com/lakindu.neranjan","Bhikku Kathiyana මිහිදු හාමුදුරුවො ලංකාවට බුදු දහම අරගෙන වඩිද්දි තිස්ස දැකල මූ දන්නෑ අපි හාමුදුරැවො කියල තිස්ස එක්ක දඩයමේ ගියෙ නෑනෙ 😂 ඔය සිවුර දැං කහ රෙද්දක් කරගත්තු මන්ද මානිසික සෙට් එකක් වාසියට තර්ක හදං මේකෙ හානව 🙆  ලෝකයේ ඕනම තැනක භික්ෂුව පෙනී ඉන්න ඕනි ධර්මය ප්‍රචාරය කරන්න සුදුසු විදිහට මිසක් ඉන්න උන්ටත් වඩා අන්ත විදිහට නෙවෙයි මොනව උනත් අපරාදෙ උබල වගේ අධම සෙට් එකකට ඕක පෙරෙව්වෙ  භික්ශූත්වය කියන එකේ තේරුමවත් ඉගන ගෙන ආවනං මොනව හරි ඉගනගන්න හරි තිබ්බ නැත්තං ලෝකයක් වදින පුදන ආගමක් දර්ශණයක් කාබාසිනිය කරල දාපු කාලකන්නි විදිහට මැරිල පලයව්   Note: හුදෙක්ම භික්ශූත්වයෙන් පරිබාහිරව හැසිරෙන මන්ද මානසික ⁣පොරවල් සඳහා පමණයි 💣😂"
"CH Prasanna Prasanna","https://www.facebook.com/wehellage","Bhikku Kathiyana අනෙ   සදාරනය කරන මම"
"Roshan Wmdp","https://www.facebook.com/wmdproshan.wihwsinghe","Bhikku Kathiyana ඔයාලට ඉපදීම දුකක් නෙමේද?"
"B Vimala Thissa","https://www.facebook.com/bvimala.thissa","බෞද්ධ භික්ෂුවකට තරම් නොවන විදියේ හැසිරීමක් මේ තිත්තගල්ලේ හිමියන්ගෙන් දකින්න තියෙනවා ඇත්තටම මෙයා සාසනයෙන්ම නෙරපිය යුතු පුද්ගලයෙක්දැඩි පිළිකුලෙන් යුතුව හෙලා දකිනවා"
"Thilakarathna Best Heart","https://www.facebook.com/thilakarathna.best.heart","B Vimala Thissa ❤️"
"Darshana Indunil","https://www.facebook.com/darshana.indunil.7","B Vimala Thissa ඒවා කරන්නෑනේ අපේ හාමුදුරුවනේ ඒකනේ උතුම් බුද්ධ චීවරේ දේශපාලකයන්ට පාවඩයක් වෙලා තියෙන්නේ"
"Dilsahn H. Ravindu","https://www.facebook.com/profile.php?id=61555121300481","B Vimala Thissa ආ ඒකනේ. හොඳින් තේරුම් ගන්න පුලුවන් හාමුදුරු කෙනෙක් දැක්කා. 🙏🙏"
"NuWan DumiNda","https://www.facebook.com/people/NuWan-DumiNda/pfbid023SHxEreScFWdG9oDet6CbnfEDHQjk6phjY6CFKF3UjpqSSyJdRUww1iK6YppXSWql","B Vimala Thissa ඇයි අපේ හාමුදුරුවනේ අස්ගිරි මහා නායක,අනුශාසක නිල තල දරන හමුදුරුවන්ට බැරි මෙයාලාගෙන් සිව්ර සාසනය බෙරන්න ?? ඇයි තවත් නිහඩ ?? පරාජිකාවන්ට මොකටද තවත් සිව්රක් ??"
"Muddritha Dulhari","https://www.facebook.com/muddritha.dulhari","B Vimala Thissa අනිවාර්යයෙන්"
"WC Hirushan","https://www.facebook.com/wc.hirushan","NuWan DumiNda sangadikaranayak nathi nisa ehema thibbannm mehem natanna ba"
"NuWan DumiNda","https://www.facebook.com/people/NuWan-DumiNda/pfbid023SHxEreScFWdG9oDet6CbnfEDHQjk6phjY6CFKF3UjpqSSyJdRUww1iK6YppXSWql","WC Hirushan එවා තමා අපේ රටේ දුර්වලතා"
"Bimsara Wanasinghe","https://www.facebook.com/adi12173","B Vimala Thissa ඇයි අපේ හාමුදුරුවනේ ඔබවහන්සේලාට බැරි ධර්ම සංගායනාවක් පවත්වලා මේ වගේ දුශ්ශීල භික්ෂූන් සසුනෙන් නෙරපලා දාන්න... වර්ථමානයට ගැලපෙන විදියට විනය නීති මාලාවක් හදලා මේ ස්වාමීන් වහන්සේලා වරදට පෙළඹෙන්න තියන ඉඩකඩ නැතිකරන්න... ජීවත් වෙන රටේ නීතිය චීවරයේ බලයෙන් යටපත් කිරීමට, නැවීමට උත්සාහා නොකරන භික්ෂු පරපුරක් අපේ රටට අවශ්‍යයි...."
"Jayalal Wijesooriya","https://www.facebook.com/jayalalw74","B Vimala Thissa https://www.facebook.com/share/p/1HakZTTJsF/"
"ඇනෝනි විසල්","https://www.facebook.com/naleen.madusanka.146","B Vimala Thissa නැ එහෙම අවශ්‍යය නැඇයි දර්ශනයක් හදාරනවා කියල ජීවත්වීමෙ නිදහස නැති වෙන්නෙ වනචාරී බුදුදහමෙ මිසක් හරි දර්ශනයෙ නොවෙ"
"Dee Hetti","https://www.facebook.com/profile.php?id=697647251","B Vimala Thissa 🙏🏽🙏🏽🙏🏽 karanna humduruwo, Apita Ladgai."
"Buddika Srk","https://www.facebook.com/buddika.srk","B Vimala Thissa pissuda hamuduruwane. U wage thakkadinta Thama me sasane uruma."
"Lahiru Withanachchi","https://www.facebook.com/lahiru.withanachchi","B Vimala Thissa තෙරුවන් සරණයි අපෙ හාමුදුරුවනේ 🙏🙏🙏"
"Shan Rivishan","https://www.facebook.com/shan.rivishan","B Vimala Thissa හේලා දැකලා මදි හමුදුරුවෝනේ මුන් මේ සිවුරට මුවා වේලා කරන වැඩ වලින් හරියට බුදුන්ගේ මග යන ස්වාමීන් වහාන්සේලාටත් හරි නෑ..ඔබ වහාන්සේලා මේව්වාට විරුද්ධව නැගි සිටින්න"
"හර්ෂන ජයසිංහ","https://www.facebook.com/dbwv6js802","B Vimala Thissa අපේ හමුදුරුවනෙ කොච්චර හෙලා දැක්කට  මොකද එවා ක්‍රියාත්මක කරන්නෙ නැති එකයි පස්නෙ.."
"Chami Chami","https://www.facebook.com/people/Chami-Chami/pfbid02gXQSn3JNYepv6SuMYosiLWMuvUfR1JpbvnELfFZ5jHjDwuFcQ3C5t4wPAn7S2kqpl","අනේ මේ මොනවද අර අනුරාධපුරයේ හාමුදුරුවෝ තමයි හොදටම කරේ.පාපිස්සේන් පිහදාලා තියෙන්නේ"
"Umesh Priyanga","https://www.facebook.com/umesh.priyanga.2025","B Vimala Thissa meke කියලා වැඩක් නැහැ යමක් කරන්න"
"Denish Maduwantha","","B Vimala Thissa ගිහියොද කරන්න ඕන ඔයාලද 😁"
"Prasanga Deepasika","https://www.facebook.com/prasanga.deepasika","B Vimala Thissa හමුදුරුවනේ ඔබ වහන්සේලා මේවට විරුද්ධ වෙන්න.. ගිහියන්ට මේවා කරන්න බෑ"
"Bhikku Kathiyana","https://www.facebook.com/kathiyana","B Vimala Thissa අපි නං අහලා තියෙන්නේ ඔච්චර වැරදි කරපු දේවදත්තවත් ශාසනයෙන් නෙරපුවේ නෑ. ඔබවහන්සේ භික්ෂුවක් විදිහට ඔය කරන වැඩේ වැරදි ධර්මය පිළිබඳව මතවාදී ගැටලු තිබේ නම් උන්වහන්සේ හමුවෙලා කතා කරන්න වැරදි පෙන්වා දෙන්න"
"Shaminda Gunatilake","https://www.facebook.com/shaminda.gunatilake","B Vimala Thissa sahateka atta katawa apa hamuduruwana ඔබවහන්සේ හරි"
"Acharige Nadee","https://www.facebook.com/acharige.nadee","B Vimala Thissa ❤️"
"Rumesh Rajitha Pathirana","https://www.facebook.com/rajitha.pathirana.35","B Vimala Thissa අපේ හාමුදුරුවන් වැනි සගරුවන් මේ පුන්‍ය භූමියේ තව තවත් පහලවේවා 🙏🙏"
"Tharindu Priyashan","https://www.facebook.com/people/Tharindu-Priyashan/pfbid028HHpCKaZJabrqrZiB2BxBdNTsBSctd2pdgV5SccxLJd8URjZV5wcRu69DsjdANzZl","Bhikku Kathiyana ඔබතුමාට ඔනෙත් ඔය වගෙ සැපගන්නනෙ එකනෙ නටන්න්නෙ මෙච්චරය"
"Lakmal Wijerathna","https://www.facebook.com/people/Lakmal-Wijerathna/100091891030149","B Vimala Thissa ❤️❤️❤️"
"Nadeeshani Jayaweeara","","B Vimala Thissa ඔබ වහන්සේලාගේ සංඝ සභා මේ අජාසත්තලා ගැන නිහඩ ඇයි කියන එක ගිහි අපිට ලොකු ප්‍රශ්නයක්. මුන් සිවුරට මුවා වෙලා මේ රටත් ජාතියත් ආගමත් නැත්තට නැතිකරනවා 😡"
"Ashen Renusha","https://www.facebook.com/ashen.renusha.18","B Vimala Thissa හාමුදුරුවනේ මිනිස්සු බෞද්ධ දර්ශනයට, සිවුරට  විරුද්ධ නෑ.මිනිස්සු විරුද්ධ මේ වගේ අමනයන්ට..මුන් ශාසනයත් මිනිස්සුන්ට එපා කරනවා..මේ වගේ අමනයන්ව එලවන්න ඕනා උතුම් සම්බුද්ධ ශාසනයෙන්."
"Dhammananda Himi","https://www.facebook.com/people/Dhammananda-Himi/pfbid02oTQZSpqg31nRqFtqzv9pcrdExUniyDhbu9NbUHn6rPnQwcreS9PEqtsqQfvFNAzwl","B Vimala Thissa එහෙමයි අපේ ස්වාමීන් වහන්ස"
"Dhammananda Himi","https://www.facebook.com/people/Dhammananda-Himi/pfbid02oTQZSpqg31nRqFtqzv9pcrdExUniyDhbu9NbUHn6rPnQwcreS9PEqtsqQfvFNAzwl","B Vimala Thissa එහෙමයි ස්වාමීනි"
"Virad Chathuranga Ediriarachchi","https://www.facebook.com/viradh.chathuranga.3","B Vimala Thissa කල්ලි සාමාජිකයොනෙ අපෙ හාමුදුරුවනේ පුදුමෙකුත් නෙමේ එක එක අතකට"
"Anu Anoma","https://www.facebook.com/anu.anoma.16","මාහානායක හිමි වරු මෙව දකින්නෙ නැද්ද...මෙවට නිතියක් ගෙන්න ඔනේ"
"Vichara Buddika","https://www.facebook.com/vichara.buddika","Anu Anoma මහා නායකලත් මෙහෙමනෙ ඒකනෙ උනුත් කිසිම දේකට කතා කරන් නැත්තෙ"
"Political Memes","https://www.facebook.com/people/Political-Memes/61590450170949","Anu Anoma 😆"
"Priyantha Saman","https://www.facebook.com/priyantha.saman.450251","Anu Anoma මහ නායක සෙටි එක නිදාගෙන තාම ඇහැරිල නැහැ උන්ට මුන් මොනවා කරත් අවුලක් නැතුව ඇති"
"Sampath Chamara","https://www.facebook.com/people/Sampath-Chamara/pfbid0hjX2a96k9oPJZndMuvQ14KGrPZtca8g753JCUPtRtCVXitqQjc99evmaqwFwa7jpl","Anu Anoma unta owwa penne na"
"Keerthi Suriyage","https://www.facebook.com/keerthi.suriyage.2025","Anu Anoma LOKU WENA UN. ANDAI ."
"Lasanka Manjula","https://www.facebook.com/profile.php?id=1229855379","Vichara Buddika 8 mas tane matakane 🤣"
"Niroshani Wickramasinghe","","Anu Anoma eyalath ehemane"
"Mithila Narmada","","Anu Anoma අගට නායක අය ගොඩ්ක් මෙහෙමයි 🥲"
"Jayalal Wijesooriya","https://www.facebook.com/jayalalw74","Anu Anoma https://www.facebook.com/share/p/1HakZTTJsF/"
"Shan Rivishan","https://www.facebook.com/shan.rivishan","Anu Anoma උන් බුදි"
"Milky way Astro","https://www.facebook.com/people/Milky-way-Astro/61580650636563","Anu Anoma උන් ඊටත් එහනි"
"Nishantha Dipal Hettiarachchige","https://www.facebook.com/nishanthadipal.hettiarachchige","Anu Anoma මේවා පේන්නේ නැතෝ....."
"Ranjith Kulathilaka","https://www.facebook.com/ranjith.kulathilaka.2025","මේවා පෙන්නන්න එපා...අන්‍ය ආගමිකයන් බලනවා ........බවුද්ධයන්ට ලැජ්ජයි"
"charuni pathirana ","https://www.facebook.com/people/charuni-pathirana/61595012434528","Ranjith Kulathilaka ඇත්ත... බෞද්ධයෝ විදිහට අපිට ලැජ්ජයි... වැඩේ කියන්නෙ සිවුර පොරවගෙන ඉන්න මුන්ට ලැජ්ජා නැති එකනෙ... 🤣🤣"
"Rushin Sandeepane","https://www.facebook.com/rushin.sandeepane.9","Ranjith Kulathilaka ලැජ්ජාවෙ මූන වහන් හිටියම හරිද.මුන් ශාසනෙන් එලවන්න ඕනෙ නැද්ද"
"Amila Weerasekara","https://www.facebook.com/aweerasekara","Ranjith Kulathilaka ඒක තමයි අංකල්, ඔය සිවුරු පොරවාගෙන ඉන්න ඕනේම කෙනෙක් පෘතග්ජයි.... අපේ මෝඩ උපාසිකාවෝ සහ මෝඩ උපාසකලා හිතන්නේ මේ අය දහසක් සංවරශීලය රකිනවා කියලා.... ඇස් අරින්න යථා ස්වභාවය දකින්න...."
"Ba Si","https://www.facebook.com/people/Ba-Si/pfbid02AX9AMHxb8wVU2pXKWKB1SkZ6fM8iUFd5bi7UVv28JsdekDn83742w4mAh6s9CdcSl","Ranjith Kulathilaka ane yako😂😂😂"
"Kanishka Prasan","https://www.facebook.com/kanishka.prasan.9","Ranjith Kulathilaka උන්ට කරන්න හොදයි බලන්න ලැජ්ජයි අනේ හුකේ😂"
"Sanka Kgs","https://www.facebook.com/sanka.kgs.5","Ranjith Kulathilaka බලන් ඉන්න ලැජ්ජයිද"
"Resha Arachchi","https://www.facebook.com/people/Resha-Arachchi/pfbid02qaht4saL19rxHHBo6EsQien4qjtRVs42rx537m3q4gvSEpjgYLKjAL4oVXw3XPh7l","Ranjith Kulathilaka ඇයි ලැජ්ජ වෙන්නෙ.. සිවුර දාපු හැමොම බික්ශූන්වහන්සේලා නෙවෙයි...  සිවුර වැරදි වහගන්න අඳින්නෙ එයලා.කෙනා හදුන ගන්න විතරයි ඕන අපි.."
"Bante Bodhi Rathana","https://www.facebook.com/mahe.p.gamage","Ranjith Kulathilaka jvp agama na"
"Sathya Sadamali","https://www.facebook.com/sathya.sadamali.2025","Ranjith Kulathilaka hangan hitapu kaale iwarai ....hangala tjawa thawa aya me wage hesirei oyalage daruwanta agama kiyana thenata irak gahanna wenne ..."
"Jayalal Wijesooriya","https://www.facebook.com/jayalalw74","Ranjith Kulathilaka https://www.facebook.com/share/p/1HakZTTJsF/"
"Dee Hetti","https://www.facebook.com/profile.php?id=697647251","Ranjith Kulathilaka Ekathamai pennala kiyanne monawa hari karanna kiyala. Meya voice cut Dena Ewa dakinne naththa anith Aya"
"Mdm Rathnayaka","https://www.facebook.com/mdm.rathnayaka","Ranjith Kulathilaka මෙිකට ලැජ්ජයිනමි ..තවත් පුධාන හමුදුරැවරැ කාමයෙහි හැසිරැනු හැටි දැක්ක එවා දකින විට ලැජ්ජාවට පොලව පළන් යන්න ඔනේ..බෙෘද්ධ අපිට ලැජ්ජාවක් වුනාට හමුදුරැවන්ට හියෙන් බහින ලැජ්ජාවක් නැති එකයි දුක...."
"Mohamed Shiran","https://www.facebook.com/Boomboomshiran","Ranjith Kulathilaka හරි මාමා අපි අහසෙන් වෙටුණු අය ... අපි ඔහෙලත් එක්කම ඉන්න අය  ඔයිට වඩා දේවල් දන්නවා  මෙවා පොඩි දේවල්"
"Sandun Weerathunga","https://www.facebook.com/profile.php?id=100002499763674","Ranjith Kulathilaka ඔයාගේ දුවෙක් හරි සහෝදරියක් හරි අටමස්ථානාධිපති අතින් දූෂණය උනානම් ඔයා ලැජ්ජාවට හංගනවද"
"Milky way Astro","https://www.facebook.com/people/Milky-way-Astro/61580650636563","Ranjith Kulathilaka සිවුර දාන් ඉන්න උන්ට ලැජ්ජා නැත්තං අපි මොනාකරන්නද?"
"Dinusha Tharaka","","Ranjith Kulathilaka ඒක තමා මේ ජතියේ එක එකාගේ සිවුරු ගලවලා මහඔලුගෙදර යවන්නේ"
"Gamperaliya Bahubali","","Ranjith Kulathilaka"
"George Francis","https://www.facebook.com/george.francis.7545","Machan no whiskey"
"Asanka Asa","https://www.facebook.com/profile.php?id=100005794983944","කම් සප විදින තිත්තගල්ල කැරියා"
"Roshan Dil Senevirathne","https://www.facebook.com/roshansampath.senevirathne","Asanka Asa thiththa nemeyi mu hu$&&$ galle gobbaya"
"දසුන් ලක්මාල්","https://www.facebook.com/lakmal.dasun.14","Asanka Asa අනිවාර්යයෙන්"
"Bhikku Kathiyana","https://www.facebook.com/kathiyana","Asanka Asa ඔයාට එහෙම වැඩ කරලා තියෙයි දුන්නාන්සේ"
"Anurudda Herath Herath Anurudda","https://www.facebook.com/anuruddaherath.herathanurudda","සිවුර ගලවලා හැට්ට අදින කාලයකුත් එයි අනාගතේ තක්කඩි"
"Political Memes","https://www.facebook.com/people/Political-Memes/61590450170949","Anurudda Herath Herath Anurudda 💯"
"Rohini Fernando","https://www.facebook.com/rohinif79","Is this a Buddhist monk ?  🤮🤮🤮🤮🤮🤮🤮🤮"
"Mahinda Sammu","https://www.facebook.com/mahinda.sammu","This is not monk cannot understand what happened to this man?👨 ￼"
"Sajith Sanjeewa","https://www.facebook.com/sajith.sanjeewa.3781995","නෙදකින් ඇඟිල්ලත් ලෙව කනවා...😂😂😂"
"Political Memes","https://www.facebook.com/people/Political-Memes/61590450170949","Sajith Sanjeewa 🤣"
"Chani Samarakoon","https://www.facebook.com/profile.php?id=61585011301908","Sajith Sanjeewa දන්න විදිහට නම් හාමුදුරුවරුන්ට විනය නීතියක් පැනෙව්වා බුදුන් වහන්සේ ඇගිලි ලෙවකෑම තහනම් කියලා"
"Sajith Sanjeewa","https://www.facebook.com/sajith.sanjeewa.3781995","Chani Samarakoon ඔව්,හාමුදුරුවන් ටත් බෑ.. අපිටත් ඇඟිලි ලෙවකෑම කතයි නේ..."
"Susantha Batagoda","https://www.facebook.com/susantha.batagoda","සාසනේ වළඳන පර සක්කිලි."
"Political Memes","https://www.facebook.com/people/Political-Memes/61590450170949","Susantha Batagoda 💯"
"Hemantha Sujeewa","https://www.facebook.com/hemantha.sujeewa.3","ගරැතර මහා සංඝ රත්නය ඉතින් මිනිස්සු ගරැකරන් නැතිලු 😂😂"
"Political Memes","https://www.facebook.com/people/Political-Memes/61590450170949","Hemantha Sujeewa 😁"
"Namal Susantha","https://www.facebook.com/namal.susantha.9","Hemantha Sujeewa very sure 👌 👍"
"Abdul Raheem","https://www.facebook.com/ARAC1206","රාජපක්ෂලාට කඩේ නොගියනම් තමයි පුදුමේ🤔"
"Uditha Prasanna","https://www.facebook.com/uditha.prasanna.274614","මහා නායකලා බුදි ගෝලයෝ සාසනේ වලදනවා....මේ  සක්කිලියා ඉන්න පන්සලේ දායකයින්ගේ කොන්ද පන තියන එකෙක්වත් නැද්ද......."
"Sisikalum Rajapaksha","https://www.facebook.com/profile.php?id=100080123990102","Uditha Prasanna කොහෙ ඉන්නද?රෑට ගිහින් මුගෙ ඇට දෙක අත ගානකොට,ගෑණු විකුනලාා ජීවත් වෙන පොන්#යෝ ඉන්න ගමක් ඕක"
"Jayalal Wijesooriya","https://www.facebook.com/jayalalw74","Uditha Prasanna https://www.facebook.com/share/p/1HakZTTJsF/"
"Ranjith Senevirathne","https://www.facebook.com/ranjith.senevirathne","එකෙක් යනකොට එකෙක් එනවා! අනෙ අපෙ බුද්ධ ධර්මය"
"Kalana Mihiranga","https://www.facebook.com/people/Kalana-Mihiranga/pfbid029dV7ifcHrg3VC2LZ5NUs4o523jTnzYRzmghXnvfKkuBMLSXry1bjfJor3mw4KBnBl","ආගම එපා කරවන එව්ව🙏"
"Political Memes","https://www.facebook.com/people/Political-Memes/61590450170949","Kalana Mihiranga 💯"
"Resha Arachchi","https://www.facebook.com/people/Resha-Arachchi/pfbid02qaht4saL19rxHHBo6EsQien4qjtRVs42rx537m3q4gvSEpjgYLKjAL4oVXw3XPh7l","Kalana Mihiranga ඇයි ආගම එපා වෙන්නෙ..."
"Jayalal Wijesooriya","https://www.facebook.com/jayalalw74","Kalana Mihiranga https://www.facebook.com/share/p/1HakZTTJsF/"
"Mku Upul","https://www.facebook.com/people/Mku-Upul/pfbid02t2ndfJr1yJwytPQMasT1FPqtXAGg8wB65muDvHp39FajUoAUjR1wbmi2ZL6jh9Xul","ඔින්න තිත්තේ සිලේ පටිටයි නේද 😂😂😂"
"Political Memes","https://www.facebook.com/people/Political-Memes/61590450170949","Mku Upul 🤣🤭"
"Lal Lunuwilage","https://www.facebook.com/lal.edirisinghe.520","මහානායක හාමුදුරුවෝ මේවට මොනවද කියන්නේ"
"Political Memes","https://www.facebook.com/people/Political-Memes/61590450170949","Lal Lunuwilage 😁"
"Niroshani Wickramasinghe","","Lal Lunuwilage eyala ita hapan."
"Anu Rathnayake","https://www.facebook.com/people/Anu-Rathnayake/61557419924430","Lal Lunuwilage නිදාගෙන ඉන්නෙ...මොනව හරි කුට්ටියක් ගෙනිච්චනම් ඌ තමයි නියම බෞද්ධයා ....අම්මප මේ රටේ චීවර දාරින් මේ තත්වෙට පත්කරල තියෙන්නෙ ගිහියො....උන්ගෙ වාසියට.....මේවට අව්වෙනව තුස්නාව වැඩි බික්සුන්"
"Meri Meri","https://www.facebook.com/people/Meri-Meri/pfbid02mpPqqjrrCAjvQ3WecdS93uA3GYQb4BrHSkUixgsNPEJVCQU7kZnAkEec2z9NQgahl","Pay.... Yo"
"Kulathunga Bandara","https://www.facebook.com/people/Kulathunga-Bandara/61560377462380","බුද්දාගම කන මුගේ වල්ල ගලෝපිය.යකෝ ඕන මගුලක් කරපිය සිව්‍රර ගලවලා.සමන්ත බඩ්ඩගෙ අන්ක දෙක"
"Political Memes","https://www.facebook.com/people/Political-Memes/61590450170949","Kulathunga Bandara 🤭😆"
"Jayalal Wijesooriya","https://www.facebook.com/jayalalw74","Kulathunga Bandara https://www.facebook.com/share/p/1HakZTTJsF/"
"Dhammika Nayani","https://www.facebook.com/people/Dhammika-Nayani/pfbid0yK85u1n1UpbLYsVuEica7njtj4DYQ5F76yWwmpUbJxZPcoHthr34w8S3kTdGxSWql","ආ එදා අර හාදයට කෑ ගහුවෙ මාර කැක්කුමක් තිබ්බෙ රට ගැන   අත්සන් ගන්න    කීයක් දුන්නද"
"Dheera Hewamadduma","","Who is sitting next to him?"
"Emine Rule","https://www.facebook.com/EmineRule","අභිධර්මය පාඩම ඉවරයි - දැන් තියෙන්නේ සිවුර පිටින් නටන්න"
"Political Memes","https://www.facebook.com/people/Political-Memes/61590450170949","Emine Rule 🤭"
"Bhikku Kathiyana","https://www.facebook.com/kathiyana","Emine Rule"
"Wimantha G Wijayanath","https://www.facebook.com/wimanthag.wijayanath.3","යුනිෆෝම් එකක් විතරයි පොරට සිව්ර කියන්නේ  Anyway happy birthday Machan"
"Chanaka Ruwan","https://www.facebook.com/chanaka.ruwan.1829","මේවා  mahanaayakalata පෙනෙන්නේ නැතුව aethi munge සිවුරු  galawalaa elawanna epei"
"Political Memes","https://www.facebook.com/people/Political-Memes/61590450170949","Chanaka Ruwan 🤭"
"Sanjeewa Weerasinghe","https://www.facebook.com/sanjeewa.weerasinghe.714","සිල්වත් නැටුමක්  නේහ්.."
"Political Memes","https://www.facebook.com/people/Political-Memes/61590450170949","Sanjeewa Weerasinghe 🤭"
"Jayalal Wijesooriya","https://www.facebook.com/jayalalw74","Sanjeewa Weerasinghe https://www.facebook.com/share/p/1HakZTTJsF/"
"Bhikku Kathiyana","https://www.facebook.com/kathiyana","Sanjeewa Weerasinghe"
"Pawantha Premathilaka","https://www.facebook.com/pawantha.premathilaka","මුන් සිවුර දාගෙන ඒක උපයෝගී කරගෙන ආගමට පවා නින්දා කරමින් අසික්කිතව හැසිරෙන මේ වගේ එවුන් දිහා බලාගෙන මහනායකල මොකද කරන්නෙ"
"Bhikku Kathiyana","https://www.facebook.com/kathiyana","Pawantha Premathilaka"
"Chandima Priyashantha","https://www.facebook.com/chandima.priyashantha.9","සාසනේ කන පර හැත්ත.මුන්ට ගිය රට.."
"Political Memes","https://www.facebook.com/people/Political-Memes/61590450170949","Chandima Priyashantha 💯"
"Sanath Gunawardhana","https://www.facebook.com/people/Sanath-Gunawardhana/pfbid06NE2nfZ2RWLqwVHHtUCe4WGg8THaft5Ps3JaD4Tg9P1UU6TK3rigsacAqbvMLK6Ll","😂අභිධර්මෙ උගන්නපු තිත්තයා ,බුදු දහම කන හැටි."
"Political Memes","https://www.facebook.com/people/Political-Memes/61590450170949","Sanath Gunawardhana 🤣"
"Herath Dissanayaka","https://www.facebook.com/herath.dissanayaka.58","කොහොම්ද   තිත්ත   ගල    බුදු  දහම  රකින  හැටි......."
"Political Memes","https://www.facebook.com/people/Political-Memes/61590450170949","Herath Dissanayaka 🤣"
"Rohan Gamage","https://www.facebook.com/people/Rohan-Gamage/pfbid0jJAQJMXghPWcV1iBctDvarjQ1UJMySGifTqgZRV1RRDsfEEd48tYhg9PfyosqJv9l","මුට  කවුද  බං  උපන්දින පාටි දෙන්නේ තනිකරම  අමු  පිස්සෙක්නේ"
"Political Memes","https://www.facebook.com/people/Political-Memes/61590450170949","Rohan Gamage 🤭"
"Yathindra Makolage","https://www.facebook.com/janaka.yathindra.7","Happy birthday thiththe bro."
"Matsumoto Tours","https://www.facebook.com/matsumototours.tours","ඌගේ කතාවෙන්ම පේනවනේ ඌගේ චරිතෙ හැටි ආයේ ඉතින් අටුවා ටීකා ට්ප්පනි ඔනෑ නෑනේ"
"Political Memes","https://www.facebook.com/people/Political-Memes/61590450170949","Matsumoto Tours 💯"
"Sadaruwan Bandara Attanayake Mudiyanselage","https://www.facebook.com/sadaruwanbandara.attanayakemudiyanselage","බඩ්ඩගෙ නිකායේ   ..."
"Political Memes","https://www.facebook.com/people/Political-Memes/61590450170949","Sadaruwan Bandara Attanayake Mudiyanselage 💯"
"Dilan Kurera","","මිස්ටෙර් තිත්තේ ඇගිලක් උරනවා කේක් රස බලන්න 🤭"
"Political Memes","https://www.facebook.com/people/Political-Memes/61590450170949","Dilan Kurera 😆"
"Chandana Kodikara","https://www.facebook.com/chandana.kodikara.73","බෞද්ධ නාටකයක් වෙන්න බැරිද"
"Rathna Walpola","https://www.facebook.com/rathna.walpola","නොදකින් මුන්!"
"Political Memes","https://www.facebook.com/people/Political-Memes/61590450170949","Rathna Walpola 🤣"
"Chandralal De Silva","https://www.facebook.com/chandralal.de.silva","ආගම රැක ගන්න."
"Political Memes","https://www.facebook.com/people/Political-Memes/61590450170949","Chandralal De Silva 😁"
"Ravi Lekamlage","https://www.facebook.com/people/Ravi-Lekamlage/pfbid02vWHkfcZsrDZvy5qLd6iWszDMXqdgFaT1PfnfZqXYP1pTSeYUm2V6nCu4RmPUWVLAl","සිවුර ගලවලා ළමයෙකුට දීපං 😂"
"Political Memes","https://www.facebook.com/people/Political-Memes/61590450170949","Ravi Lekamlage 🤣"
"Duminda Rajapaksha","https://www.facebook.com/duminda.rajapaksha.1004","Assan Ganna evith"
"Political Memes","https://www.facebook.com/people/Political-Memes/61590450170949","Duminda Rajapaksha 😁🤭"
"Nuwan Nexus","https://www.facebook.com/people/Nuwan-Nexus/61592299570144","මෙන්න මු යකො"
"Political Memes","https://www.facebook.com/people/Political-Memes/61590450170949","Nuwan Nexus 😁"
"Indika Saman","https://www.facebook.com/indika.saman.543","දාර්මික තිත්තයා"
"Political Memes","https://www.facebook.com/people/Political-Memes/61590450170949","Indika Saman 🤭"
"Amara Singha","https://www.facebook.com/people/Amara-Singha/pfbid02bCfhb6fW3XnrrgwZPj8bwrxK8bipBy8EwpFuruMK1MByc2fwPiVe77GhdZuyYWovl","Thithgalleya uba Darmikayekda uba thanikarama miharakek"
"Political Memes","https://www.facebook.com/people/Political-Memes/61590450170949","Amara Singha 🤭"
"Rpd Sunil","https://www.facebook.com/rpd.sunil","Sakkili ballek"
"Political Memes","https://www.facebook.com/people/Political-Memes/61590450170949","Rpd Sunil ❤"
"Aruna Manage","https://www.facebook.com/people/Aruna-Manage/61587391335591","Muge redi galawanna ona siuru horuuuuuu"
"Political Memes","https://www.facebook.com/people/Political-Memes/61590450170949","Aruna Manage 💯❤"
"Rasika Aruna","https://www.facebook.com/people/Rasika-Aruna/pfbid02Ma6W2kVsjkgtrHjwZzUezDCTpfNyPBr659CHXv1mj4tXeyGUGvrK123mzcWAwyuJl","සක්කිලි"
"Political Memes","https://www.facebook.com/people/Political-Memes/61590450170949","Rasika Aruna ❤"
"Dhammika Perera","https://www.facebook.com/people/Dhammika-Perera/pfbid0uufsnbDUzFgdp9DKXuYtpxfyGt5NKJug8TxRAPoKzBPbEJ2aSmyPSD7MZLBYVVDDl","කමෝන් තිත්තේ"
"Political Memes","https://www.facebook.com/people/Political-Memes/61590450170949","Dhammika Perera 🤭"
"Samanpali Danawaka","https://www.facebook.com/samanpali.danawaka","නින්නගල්ලෙන් එලියෙ ඉදලා ඇනිවෙලා"
"Lakshman Ranjith Senavirathna","https://www.facebook.com/people/Lakshman-Ranjith-Senavirathna/61587377216989","MEYKA Cheewarayak Daageyna Unnata,  BUDDHA PUTHRAYEK Weynney Neyhey."
"Malindi Ranaweera","","#department of buddhist affairs#"
"Jagath Mediwaka","https://www.facebook.com/jagath.mediwaka","Aiyo hamnenwa"
"Rexi Wasantha","https://www.facebook.com/rexi.wasantha","අනුනට බණ දෙසන, බණ තලන චීවර දාරියෙක්.  උතුම් වූ බුද්ධ ශාසනයට අගෞරව නොකරනු."
"Bhikku Kathiyana","https://www.facebook.com/kathiyana","Rexi Wasantha"
"Indika Rajapaksa","https://www.facebook.com/indika.rajapaksa.7","හම්මට තිත්තයා🐂"
"Harsha Wgt","https://www.facebook.com/wgt.harsha","හරිම ධාර්මිශ්ටිකයි අප්ප"
"Chathur Harshana","https://www.facebook.com/chathur.samadhi","මේ වගේ එවුන් එක්ක එකතු වෙලා රාජපක්ෂලා මේ සාසනේ විනාස කරා"
"Sunil Nawarathna","https://www.facebook.com/sunil.nawarathna.90","මූට විරුද්ධ ක්‍රියාමාර්ග නැද්දඅඩංගුවට ගන්න"
"Newton Malagammana","https://www.facebook.com/newton.malagammana.3","ඊයා.."
"Chandrasiri Withanachchi","https://www.facebook.com/chandrasiri.withanachchi.98","දේවදත්ත නිකායේ චීවර ධාරීන් ඔක්කොම හිරගෙදර ට දක්කමු"
"Jayantha Wajira","https://www.facebook.com/jayantha.wajira.7","අඩේ තිත්තේ,හැප්පී බර්ත්ඩේ ඈ..."
"Sadun Shehara","https://www.facebook.com/sadun.shehara.563203","පින තියෙනකම් පව් කරන මිනිස්සු"
"Wasantha Kulasinghe","https://www.facebook.com/wasantha.kulasinghe.1","කෙයි රටෙද?"
"Samantha Edirisooriya","https://www.facebook.com/samantha.edirisooriya.947922","සිවුර ආදායම් මාර්ගයක් කරගෙන සිවුරෙ න් සක්විති රජ  සැපසම්පත්  හොයන සිවුරු රදවන."
"Bhikku Kathiyana","https://www.facebook.com/kathiyana","Samantha Edirisooriya"
"Upul Abegoda","https://www.facebook.com/upul.abegoda.2025","Rajapakshalata hoda kiwwanam hari"
"Bhikku Kathiyana","https://www.facebook.com/kathiyana","Upul Abegoda එයාලට ඡන්දයක් දාලත් නෑ ඒගොල්ලොන්ගෙ වැලි කැටයක තරම් දෙයක් අරගෙනත් නෑ එහෙම තිබෙනවානම් ඔබතුමා සාක්ෂි සහිතව ඉදිරිපත් කරන්න තෙරුවන් සරණයි"
"Suneth Priyankara","https://www.facebook.com/suneth.priyankara.31337","තිත්තයා"
"Ananda Yapa","https://www.facebook.com/ananda.yapa.543","තිත්ත කේක්"
"Amila Amila","https://www.facebook.com/amila.amila.639024","Keri pakaya"
"Chamindu Jayalath","https://www.facebook.com/profile.php?id=100007132458569","පුදුම ගෝත්‍රිකයො ටිකක්නෙ. .. උන්වහන්සේගෙ අභිධර්ම දේශනා ඇති වෙන්න තියෙනවා utube එකේ. .ගිහින් ඒවා බලලා ඒවගෙ වැරදි අඩුපාඩු ගැන කතා කරන්න. .ආන් ඒකයි ප්‍රබුද්ධ බෞද්ධකම. .කේක් කෑල්ලක් කැපුවා කියලා ගහන්න තරම් චින්තනය පහත්  අධම බෞද්ධයො  වෙන්න එකක් එප්@"
"Gayath Dayarathna","https://www.facebook.com/gayath.dayarathna","Chamindu Jayalath ane htto umb muge ktta gtta kiyl hemoma ehm nh. Pnya🤣🖕"
"Chamindu Jayalath","https://www.facebook.com/profile.php?id=100007132458569","Gayath Dayarathna ජෙප්පෙක් වගේ හැසිරෙන්නෙ නැතිව මනුස්සයෙක් වගේ ටිකක් ඉදපන්"
"Gayath Dayarathna","https://www.facebook.com/gayath.dayarathna","Chamindu Jayalath htto molayak kiyla ekk ndd umbt🤣. Thiththgallage wahalek wage inne. Uge sex slave d umber😭"
"Chamindu Jayalath","https://www.facebook.com/profile.php?id=100007132458569","Gayath Dayarathna උබ අනුරගෙ වහලෙක් ව්විදිහට ඉදලා හදුන්නෙත්තිට චන්දෙ දැම්මෙ ඇයි . .ලැජ්ජාවක්  කියලා දෙයක් ගෑවිලවත් නැද්ද. .අනුරට කමක් නෑ කියමු. .හදුන්නෙත්තිට දුන්නෙ ඇයි😂"
"Gayath Dayarathna","https://www.facebook.com/gayath.dayarathna","Chamindu Jayalath eka nemei ne methana prashne. Kochchara heduwath umbt thiththaglla pnya hondanna beri ekane. Umb ktt gattata defend krnn epa mhm"
"Chamindu Jayalath","https://www.facebook.com/profile.php?id=100007132458569","Gayath Dayarathna මට නම් උබෙයි අර කාලකන්නි ජෙප්පෙක්ගෙයි කිසිම වෙනසක් පේන්නෙ නෑ බන්."
"Ross Taylor","https://www.facebook.com/pg.roshan","අපි මේ උදේ ඉදන් රැ වෙනකම් මැරීගෙන හම්බකරන එකේ පලක් නෑ බැලුවාම, මහන උනා නම් මීට වඩා ආතල් එකේ ඉන්න තිබුනා අඩේ 🤔"
"Jeewantha Smp","https://www.facebook.com/pradeep.jeewantha.9","ඉපදීම දුකක් කීව නේද wtto😂"
"Lalantha Perera","https://www.facebook.com/lalantha.perera.355","Onna  bala  ganilla  ma  hora  ganayage   sile"
" හදවතින්ම ලාංකිකයි","https://www.facebook.com/people/%E0%B7%84%E0%B6%AF%E0%B7%80%E0%B6%AD%E0%B7%92%E0%B6%B1%E0%B7%8A%E0%B6%B8-%E0%B6%BD%E0%B7%8F%E0%B6%82%E0%B6%9A%E0%B7%92%E0%B6%9A%E0%B6%BA%E0%B7%92/61593916175542","Good niyamai😂😂😂"
"BLACK ROSE ","https://www.facebook.com/people/BLACK-ROSE/61579772795240","පෙරේත කම ලෙව කනවා කෑල්ලක් කන්නඕනි නැත්තම්"
"ලස්සන කොළඹ _ We Live in Colombo","https://www.facebook.com/WeLiveInColombo","තිත්තයා 😂😂"
"Oliver Pathmaperuma","https://www.facebook.com/oliver.pathmaperuma","Thiththa aththa🤣"
"Rami Mohamed","https://www.facebook.com/people/Rami-Mohamed/pfbid02HFtt2SQCqqaVgr75jqoQHLDFMx1hD8Ehw6JGyXqmBtADtXTaGuiQqbEuSv5ZFFbrl","කේ ක් එක්ක රටක් කනව.දහමත් කනව"
"Nevil Perera","https://www.facebook.com/nevil.perera.9674","Amma ta siri tithe aiyya full fun ekak gannawa ne😂😂😂😂"
"Sarath Darmasinha","https://www.facebook.com/sarath.darmasinha",".මෙන්න නියම භික්ෂුන් .කාලකන්නි වහල්ලු"
"Anula Surasinghe","","Thisse jananayaka mahathath innawa"
"WS Niro","https://www.facebook.com/people/WS-Niro/pfbid02VNt4aFGabdDkLX9JLnSqL61NukGWYSJy66HZRRTwKo4ZuMy6RSrNNivjqp9phsCCl","තිත්තයාගේ වාරේ 😁"
"Rizwan Bangsajaya","","Happy birthday අයියේ 😂"
"Samantha Herath","https://www.facebook.com/samantha.herath.100","හම්මට සිරි කැරකිලා තිත්තේ කැරකිලා 🤣🤣"
"Bhikku Kathiyana","https://www.facebook.com/kathiyana","Samantha Herath"
"Chandana Nawarathne","","තිත්තෙ බ්‍රෝ😁😁"
"Praneeth Priyanka","https://www.facebook.com/people/Praneeth-Priyanka/pfbid02oi9g8BjFN6xcg9ch6tpkTbLXMQYmUSWqpgUWGJks5ZecapcQehLQRjBbxQYTGLcPl","පල් හොරෙක්"
"Samantha Gamage","https://www.facebook.com/samantha.gamage.7568","කන්නයි බොන්නයි වෙන මොකටද තිත්තෙට සිවුරක්.."
"Vidura Jayanatha","https://www.facebook.com/vidura.jayanatha","Meva dakkama pansalatavath yanna hithenne na"
"Sumudu Kapugama Geeganage","https://www.facebook.com/people/Sumudu-Kapugama-Geeganage/pfbid04sQL2Ju6XgssCpgg7SbYQUM6oGmY8rv4LQ26iULLkfpm64BwmCWmSrLxvG9fGB3yl","නායක හාමුදුරැවනේ මේ තිත්ත ගල්ලේ ගැන සොයා බලන්න මුට උපන්දිනයකුත් තියෙනවද"
"Sundarraj Tiron","https://www.facebook.com/sundarraj.tiron","Den nm ape rate arakku biuwath,kupadi kame giyath,chandi Kam pennuwath,kunuharapa biuwath,oya okkoma samannaya deyak wela,mn nam hindu eth mn buddagamata patta adarei,me wage samaharak kalakAnni hamuduru warungen ubalage agama araksha karaganilla,nethnam issaraha ubalata danneth ekka arakku,sigarat,genu ehemath denna vei,"
"Kalu Bowila","https://www.facebook.com/kalu.bowila.1","Aw"
"Thilak Weerkkodi Weerkkodi","https://www.facebook.com/people/Thilak-Weerkkodi-Weerkkodi/pfbid02jGCKwV3aZAHd9nRw4bwG3pmZUxyMySkp99xJiR1zbWSLrgHN915y4T4qWkVv6ZYMl","පව්....."
"Kelum Hiru","https://www.facebook.com/kelum.hiru.2025","Me wage ewn පිටුවහල් කරන්න ona ලංකාවෙන් asdeka badala.."
"Lakshman Percy","https://www.facebook.com/lakshman.percy.5","මු ජඩයෙක් ගම මැද උල තියන්න වටින්නේ."
"Lahiru Ashan Abesundara","https://www.facebook.com/lahiru.ashan.abesundara","Gamma ganna gamma a a a a aaaaaaaa, 😂"
"Prn Dsilv","","මේ වගේ තක්කඩි කාලකන්නින්ට සිවුර පැළඳීම වහාම ි තහනම් කරන්න ඕනේ කොහෙද මේ රටේ සංඝනායකයෝ කියල පිරිසක් ඉන්නවා මෙලෝ රහක් නෑ නමට විතරයි ඒ මෙලෝ වැඩකට නැති අය නිසා තමයි මේ බුදු දහම වැනසෙන්න ප්‍රධානම හේතුව වෙලා තියෙන්නේ රටක නීතියක් තියෙන්නේ රටේ සමාජයේ මිනිසුන් අනීතික දේවල් කරනවා නම් ඒවා මැඩ පවත්වාගන්න තමයි සංඝ සාසනය විනාශ වෙන්න වැඩකටයුතු කරද්දී නීති තියෙනව නේද සංඝ සභාව පාලනය කරගන්න නමුත් අදාල අය නිදි මුතු රත් කර කර ඉන්නවා ඉන්නේ පැමිණීම සම්බන්ධව නූල් බඳින්නයි පිරිකර ලබා ගන්නයි පලතුරු පාර්සල් ලබාගන්නයි තමයි කරන්නේ වෙන ඇති දේවල් මොනාවත් නෑ"
"Bhikku Kathiyana","https://www.facebook.com/kathiyana","Prn Dsilv"
"Sarath Wijeweera","https://www.facebook.com/sarath.wijeweera.5","මහානායක ස්වාමීන් වහන්සේලාට සංඝ සභාවට මේවා අවුලක් නෑ නේ.. 🤣🤣🤣"
"Mmk Hawapatirana","https://www.facebook.com/mmk.hawapatirana","කවුද   ban   mu"
"Vishwa Heenthilake","https://www.facebook.com/profile.php?id=1353374854","මෙතන කිසිම වැරැද්දක් දකාන්නේ නැහැ, පිටරට වලට ගියහම මිනිස්සු අපේ සංස්කෘතිය ආගම ගැන හැසිරෙන විදිය වගේ දෙවල් ගැන දන්නේ නැහැ, ඒ මිනිස්සු සතුටු වෙන විදිය වෙනස් කම් තියනවා හදවතින්ම සතුටු වෙන බවක් තමයි පෙන්නේ. ඉතින් තමා වෙනුවෙන් සමරන ඒ සතුට ඒ මිනිස්සු එකක් විදන එකේ වරදක් නැහැ... මෙතන මත් පැන් පනය කරලා වහන එලෝලාවත් අවුරුදු 12 බාලවයස්කාර දරුවන්ව දුෂණය කරලවත් නැහැ. සතුට බෙදාගැනිමක් විතරයි වෙලා තියෙන්නේ. මේ හමුදුරුවෝන්ගේ වෙන දෙවල් ගැන නම් දන්නේ නැහැ. මෙතනදි නම් වරදක් දකන්නේ නැහැ."
"Kumari Perera","https://www.facebook.com/kumari.perera.1447","හාන්දුරැනේ  මුංව  හදන්න බැ චිවරේට මුවා වෙලා ජඩ වැඩ කරන ගනයෝ ඉන්නවා"
"Don Gamini Kuruppu","https://www.facebook.com/gamini.kuruppumullagedon","Moko mewata kiyanne"
"Kumara Herath","https://www.facebook.com/kumara.herath.993695","Ganasarage part 02"
"Thamindu Jayawardana","","තිත්තගල්ලෙ හිමියනි. ඔය සිවුර ඉවත් කර ඇතිතරම් නර්තනයේ යෙදෙනු මැන 🥲"
"Jagath Chandrasiri","https://www.facebook.com/jagath.chandrasiri.691371","Budun"
"Sampath Bandara","https://www.facebook.com/sampath.bandara.73700","ශාසනය කන්නෙ මුන් පර හැත්ත"
"Jayaveerage Nilantha","https://www.facebook.com/jayaveerage.nilantha","මේවට බයියෝ මොනවද කයන්නේ"
"Sampath Disanayaka","","සෙකිය ධර්මයට  අනුව  nam ස්වාමීන්  වහන්සේලාට ආහාර  ගැනීමේදී  ha in පසුව  ඇඟිලි  lewakaama akapai."
"Gamini Gnanaratne","https://www.facebook.com/gamini.gnanaratne","ම්නිස්සු උනාම ව්ව්ධ ආශාවන් ඇති වෙනවා ඒත් කරන මගුලක් සිවුර ඉවත්වි ගිහි ජිවත ගත කලා නම් ආගමත් ච්වරයත් රැකගන්න පුළුවන් නෙහේ"
"Bhikku Kathiyana","https://www.facebook.com/kathiyana","Gamini Gnanaratne"
"Sumith Karurathna","https://www.facebook.com/sumith.karurathna","කැරි,පකයා,ඇට,දේකේන්,ඒලන්න,ඔන"
"Bhikku Kathiyana","https://www.facebook.com/kathiyana","Sumith Karurathna"
"Kumara Hewawasam","https://www.facebook.com/kumara.hewawasam","මෙයාලා වෙනුවෙන් නේ ඉතින් සිංහල බෞද්ධ කියලා කියා ගන්න අය කෑ ගහන්නේ ඉතින්. විනාසයක් ම තමයි ශාසානයටම"
"Shantha Kumara","https://www.facebook.com/people/Shantha-Kumara/pfbid02MAWKLyUZD4K83EtSKHit6v4DZC9NL8A5HS94a2Qqs3az3ASKkV7YGekMVc7A5ZLMl","Baiyo pethu nikaya🤣🤣🤣rajapaksa nikaya🤣🤣🤣🤣"
"Nishanthi Niramala","https://www.facebook.com/nishanthi.niramala","සාසනේ කෙලසන මේවාගෙ උන් ගැන් බුද්ධ සාසන ඇමතිවරයාට බාරයි"
"Bhikku Kathiyana","https://www.facebook.com/kathiyana","Nishanthi Niramala"
"Harischandra Mudalige","https://www.facebook.com/harischandra.mudalige","තිත්තගල්ල කොහෙ යයිද හිතන්න අමාරැයි"
"Ananda E Hewa","https://www.facebook.com/ananda.ehewa","බුදු දහම වනසන කාළකන්නි!"
"Kasun Madusanka","https://www.facebook.com/kasun.madusanka.10441","මහණ බමුනෝ"
"Bandara Rhms","https://www.facebook.com/bandara.rhms","මේ සග සම්මේලනය ට ගිහිල්ලා,විවේකයේදි ආතල් එකක්."
"Kanthi Kodagoda","https://www.facebook.com/kanthi.kodagoda.2025","මූට හිමි කියන්න එපා මේයා අහිමි"
"Sumudu Bentota","https://www.facebook.com/sumudu.bentota","ගිහියො රැකපන් ශාසනේ  කියන එක තමයි මෙතුමාගේ දේශනේ 😡"
"Akila Prasanga Jayasena","https://www.facebook.com/people/Akila-Prasanga-Jayasena/pfbid0CXLo89txMNPQSaAzCLDE6yMDsS9849FquLNoX1f7QizPcBJ9gQr45fjap4h1XzqCl","Iya u cake eka kapala agilith lewwa aru Allan natanawa"
"Prasanna Chandrasekara","https://www.facebook.com/prasanna.chandrasekara.490564","Muge sivura galawala danna lankawe ekkek nedda"
"Kavindu Deshan","https://www.facebook.com/kavindu.deshan.867991","මෙයා නම් හරිම අධාර්මිකයි නේද"
"Bhikku Kathiyana","https://www.facebook.com/kathiyana","Kavindu Deshan"
"Birty Jayasuriya","https://www.facebook.com/people/Birty-Jayasuriya/pfbid0AnDN5iekXFhg8RXJRP4FkqKAzLaCRuW52Rni99UDhYGsaYRNZvnNnhAN5QriGbunl","මුං අපිට අපාය පෙන්නලා, ගන්න තියෙන හැම සැපක් ගන්න වා,සියයට 90 ක් චීවරධාරීන් මෙහෙම තමයි"
"Amal Pathirana","https://www.facebook.com/people/Amal-Pathirana/pfbid02Hr5UqsdfRZ3M1wy1ezJt3AV9FaEF6dfUxHo7ZWozUs4X13JR2sH1k9yD2nD5cStMl","AKD එක්ක කැම්පස් එකේ එක කාමරයෙ හිටියයි කියපු පොරත් ඉන්නවා නේ..😜😜"
"Farhan Javadh","","Badu gahana hamuduru!! Ko badu"
"Dilshan Senarath","https://www.facebook.com/chathuranga.senarath.129","Chamindu Lakshitha Tennakoon  මෙහෙම අයටද ගරැකරන්න ඕනෙ"
"Rasika Rasika","https://www.facebook.com/rasika.rasika.644839","මු කොහොමද පහුගිය දවස් වල බුකියේ වැලලෙන්න හැදුවේ නිවන් ගිහින් වගෙයි...  දැන් වරෙන්කො අස්සන් අරගන්න පුලුවන්නම්...  සිවුර ඔලුවේ ඔතල යවන්න ඕනි..."
"Sithum Wicramasinha","https://www.facebook.com/people/Sithum-Wicramasinha/pfbid09iwrtnc5sKWQzGTVUtNUXEaSinTd1TjHFGLRCha5985GJzf1mH4Qyaobh2Lpfbw2l","ඇත්ත මුන්ගේ රටේ නිතිය ගැන පම්පොරි ගහන්නෙ ශික් අප්පා"
"Thushara Kodithuwakku","https://www.facebook.com/thushara.kodithuwakku.5","වරක් බලන්ගොඩ  ආනන්ද  හිමි පවසා සිටියා බික්ෂුන්ට මාරයා ආවේසවීමක් පිලිබද හා පිස්සුවැටීම,නොමගයෑම සම්බන්ධ ව,සමහර විට මේක එහෙම තත්ත්වයක්"
"Mahesh De Silva","https://www.facebook.com/mahesh.de.silva.625296","Thushara Kodithuwakku අනිවාර්යෙන් සහෝ 🤣🤣🤣🤣🤣"
"Bhikku Kathiyana","https://www.facebook.com/kathiyana","Thushara Kodithuwakku"
"Sunil Abeyratne","https://www.facebook.com/sunil.abeyratne","අන්යාගම් කාරයොන්ට අහුවුනු තිත්තයා... මුන් නෙවෙයිද බුද්ධාගම කන්නෙ..."
"Mvm Gunasekara","https://www.facebook.com/mvm.gunasekara.2025","Sunil Abeyratne ඌ ආතල් එකක් ගත්තම තොපිට මොකෝ"
"Bhikku Kathiyana","https://www.facebook.com/kathiyana","Sunil Abeyratne"
"Anoma Weerasuriya","https://www.facebook.com/anoma.weerasuriya.779573","අනුන්ගේ වැරදිනේ මූට පේන්නේ...පව්කාරයෙක්"
"Nawarathne Karunarathne","https://www.facebook.com/nawarathne.karunarathne","Muge ammata hama nenna rajapaksh haththa ratata karapu winasayak thamai okath okane laksa gansk Athan ganna giya paharYa"
"Askeen Ameer","https://www.facebook.com/askeen.ameer","ඔය වගේ ගොඩක් එවුන් ඉන්නවා සාසනය කන, නමුත් ... ."
"Ranjith Kodikara","https://www.facebook.com/profile.php?id=100001629549845","මේ තිත්තෙයාත් පට්ට ස‌‌‌පක් අරං තියෙන්නේ  ඒව නැතුව වෙදනාව ඇතිනේ"
"Aruna Shan Gunawardhana","https://www.facebook.com/aruna.priyashantha.5245","බන කියන තිස්ස ජනනායකත් ඉන්නව...👍"
"Pubudu Lakshan","https://www.facebook.com/sadeu.vishmitha.7","හැපි බර්ත්ඩෙයි තිත්ත ගලේ 😂🙏"
"Sujeewa Wickramasinghe","https://www.facebook.com/sujeewa.wickramasinghe.355","තිස්ස ජනනාත් ?"
"Vinol Lakshan","https://www.facebook.com/anuhas.samudura","කාලකන්නියෙක්"
"Niroshan Perera","https://www.facebook.com/niroshan.perera.5602728","මූට හාමුදුරුවෝ කියන්නේ මොන පිස්සද"
"Prabath Madusanka","https://www.facebook.com/prabath.madusanka.98434","Budu dahamqtq wechchi deyk dukai"
"Md Abeywickrama","https://www.facebook.com/md.abeywickrama","තිත්තගල්ලය  මචං. උඔගෙ. උපන්දින  පාටිය. ඵල. ඵල. කොල්ලො"
"Saman Nandana","https://www.facebook.com/people/Saman-Nandana/pfbid02W4JgLB67u3FCZRDeQQv8KaVkNEwHVQpXJfZEfhoU5o97uPU7y8L6uhi6ecYA18xNl","මේකා ගංටාර හොලවමු කියල අපිට කියනවා..පාපතරයා"
"Saminda Jayamanna","https://www.facebook.com/saminda.jayamanna.1","Jeewantha Wijesinghe menna aru hadanva culture eka.  Athal neh 😁"
"Dulan Buddhika","https://www.facebook.com/dulan.buddhika.98","මල පෙරේ...  බලන්න අත ලෙවකන කැත..😢😢"
"Chandana Pathirana","https://www.facebook.com/chandana.pathirana.180","මේ වගේ අයගේ සිවුර ගැන මොකද හිතෙන්නේ ඇත්තට අපුලයි"
"Nishantha Dipal Hettiarachchige","https://www.facebook.com/nishanthadipal.hettiarachchige","මේවට විරුද්ධව බෞද්ධ ජනතාව පෙළ ගැසිය යුතුයි."
"Krishantha Silva","https://www.facebook.com/krishantha.silva.7509","මේ චීවරය ගැලවිය යුතුයි"
"Upali Samarasinghe","https://www.facebook.com/upali.samarasinghe.664774","ඔතන බවුද්දයො ඉන්නවනම් ඉස්සෙල්ලම උන්ට හමන්නන්න ඕනි පෙරේතය ඇගිල්ලත් ලෙවකනව"
"Thilak Jayasinghe","https://www.facebook.com/thilak.jayasinghe.39","අමිමො.... තිත්තේ 🍾🥂"
"Suranga Jayaweera","","බයියන්ට මේක පෙන්නෙ දුස්කරාක් ක්රියා කරවනවා වගේ"
"Akilesh Susan","https://www.facebook.com/akilesh.susan.2025","අඩෝ .මම  ආසම චරිතයක් ,තිස්ස සර් ,  තිස්ස සර් මොනවද ඔතන කරන්නේ"
"Sajith Yatigampitige","https://www.facebook.com/sajith.yatigampitige.7","Happy birthday තිත්තයා"
"Mdm Rathnayaka","https://www.facebook.com/mdm.rathnayaka","ජිවමාන බුදුරජාණන් ඉදිරියේ නැටුවෙි මාරදුවරැන්....මෙි බුද්ධ ශාසනය කන්න ආපු මාරපුතුුයන්...පටිට හොරැ චිවරයට මුවාවෙලා අහිංසක මිනිසුන්ගෙ දානය කාලා මුන්ට ගාය..."
"Bhikku Kathiyana","https://www.facebook.com/kathiyana","Mdm Rathnayaka"
"Saji Gunawardana","https://www.facebook.com/saji.gunawardana","Mahanayakayoth supiri adu karayone"
"Saman Chandana Wickramaarachchi","https://www.facebook.com/samanchandana.wickramaarachchi","ඇත්ත  තිත්ත , මේකා ආතල් නිකායේ කියලා අලුත් නිකායකද කොහෙද?😁😁"
"Nilantha Sanjeewa","https://www.facebook.com/nilantha.sanjeewa.735","මහානායක හාමුදුරුවන්  මුන් මේ කරන ඒවා දකින්නැද්ද මුන්ව මේ ශාසනෙන් එලවන්න ඒවගේම ඔය ආගම ඉවරයි කියලා කෑගහන හාමුදුරුවෝ ටිකක් ඉන්නවා  එයාලා ඇයි මේවට මීක් නෑතේ බොරු දේවල්වලට තමයි එයාලත් බුරන්නේ අපිට ලැජ්ජයි ඕවා දැක්කම මුනුන්ද මේ කාලකන්නි රැකෙයි ආගම ඔහොම ගියොත්"
"Bhikku Kathiyana","https://www.facebook.com/kathiyana","Nilantha Sanjeewa"
"Indika Bandara","https://www.facebook.com/indika.bandara.927758","මේ සක්කිලියා නේද මේ පහුගිය දවස්වල අත්සන් එකතු කරේ ගලබොඩයබේරන්නඉතින් මං ඔක්කොම එකයි නේද දුටු තැන අසූචි ගහන්න ඕනේ කාලකන්නීන්ට"
"Dg Damitha","https://www.facebook.com/damitha.gunathilaka","භාවනාව ඉගෙන ගත් මිනිස්සු මොනවත් කියන්න එපා.භාවනාව ඉවර වෙලා පාටියක් දැම්මා මොකො අව්ල් ? 😀😀"
"Bhikku Kathiyana","https://www.facebook.com/kathiyana","Dg Damitha"
"Dg Damitha","https://www.facebook.com/damitha.gunathilaka","Bhikku Kathiyana අවුලක්ම නෑ .පොඩි අයට නසරිවල උගන්වන්න එක එක ක්‍රම බාවිතා කරනවා.හැබැයි එහෙමයි කියලා ගින්දර අල්ලන්න ඉඩදෙන්නේ නෑ"
"Sanjeewa Thismal Edirisooriya","https://www.facebook.com/sanjeewathismal.edirisooriya.7","හාමුදුරුවන්ට එක වචනයක්  කියන්න එපා.හොර චීවරධාරීන්ට දානය සහ සිව් පසය දෙන එවුන්ට හෙන ගහන්න ඕනෙ."
"Bhikku Kathiyana","https://www.facebook.com/kathiyana","Sanjeewa Thismal Edirisooriya"
"Priyntha Priyantha","https://www.facebook.com/priyntha.priyantha.2025","නොදකින් මුසලයා"
"Bhikku Kathiyana","https://www.facebook.com/kathiyana","Priyntha Priyantha"
"Chaminda Deepal","https://www.facebook.com/chaminda.deepal.5872","Mewa hodada"
"Bhikku Kathiyana","https://www.facebook.com/kathiyana","Chaminda Deepal"
"Suresh Pathirana","https://www.facebook.com/suresh.pathirana.982","Happy birthday mcn"
"Bhikku Kathiyana","https://www.facebook.com/kathiyana","Suresh Pathirana"
"Chanaka Sadaruwan","https://www.facebook.com/people/Chanaka-Sadaruwan/pfbid0fx6Z4DNAz7YeE6HZDa8cz8ZqnBuQqwAEzUFtUnbmgHdeVPoUUtWjYynKKPzsZX7ql","මම අභිධර්ම ඇහුවේ මෙ හමුදුරුවන්ගෙන් අනේ මන්දා..😌😌"
"Bhikku Kathiyana","https://www.facebook.com/kathiyana","Chanaka Sadaruwan"
"Leslie Mapalagama","https://www.facebook.com/leslie.mapalagama.1","ජාතියේ හා ආගමෙ අභිමානය කෙලසනවා. රටත් එක්කම."
"Bhikku Kathiyana","https://www.facebook.com/kathiyana","Leslie Mapalagama"
"Premaratna Haputhanthri","https://www.facebook.com/premaratna.haputhanthri.5","Kiyanna deyak natha. Bala innawa me wikara."
"Bhikku Kathiyana","https://www.facebook.com/kathiyana","Premaratna Haputhanthri"
"Jayanthi Peiris","https://www.facebook.com/jayanthi.peiris.1","කම්පා වෙන්න එපා මේ කොසොල් රජතුමා දුටු සිහින.බුදුන් වහන්සේ දෙසනා කලා..අනාගතයේ සිදුවෙන දෙවල් කියලා"
"Thushan Ranasingha","https://www.facebook.com/thushan.ranasigha","සමන්තබඩ්ඩ නිකායෙ"
"Pubudini Nishan","https://www.facebook.com/pubudini.nishan","අයියෝ අයියෝ.මොනවා කියන්නද."
"Chamara Bndara Rathnayaka","https://www.facebook.com/chamarabndara.rathnayaka","Tittagalle Thero thamusenm mara porak 😂😂"
"Kotte Kankanange Ranjan Palitha","https://www.facebook.com/kottekankanange.ranjanpalitha.16","මෙන්න සංඝයා 🤣🤣🤣🤣"
"Gayan Sameera Perera","https://www.facebook.com/wahappulega.perera","ඕක සිවුර දාගෙන ඉන්නෙ ජඩ වැඩ වලින් බේරෙන්න, ඕක ගලවල දෙන්න ඕනෙ සද ගුටි"
"Inoka Sanjeewani","https://www.facebook.com/inoka.sanjeewani.1800","අපරාදෙ මු මහන වුනේ මොනවා වුනත් නාමල් ගැන කියවන්නේ උ වගෙම  වුන් තමයි"
"Malani Wickramage","https://www.facebook.com/people/Malani-Wickramage/pfbid02JepWgcfCmLda7NpsQLLJHvEzgAtwpDvdzYeJCisy8UsHFGEp5i5y8Fu1uaByRUBkl","සාසනයේ පිරිහීම"
"Salidu Sandeep","https://www.facebook.com/salidu.sandeep.9","තිත්තේ ගසල නේ"
"Madawa N Senavirathna","https://www.facebook.com/madawa.senavirathna.1","මුන් රාජ්‍ය නොවන සංවිධාන වලින් සල්ලි ඇරන් අපෙ බෞද්ධ ආගම විනාශ කරන්න ආපු හැත්ත"
"Nishshanka Wa","https://www.facebook.com/nishshanka.wa.9","Don Alen වලව්වේ ගෝලයෝ 🤣"
"Don Alen","https://www.facebook.com/don.shanthe","Nishshanka Wa ඒ දවස් වල තඹුත්තේගම වලව්වට කඹුරලා ඒක එපා උනාම."
"Don Alen","https://www.facebook.com/don.shanthe","Nishshanka Wa"
"Nimal Chandratilaka","https://www.facebook.com/nimal.chandratilaka.3","මහානායක හිමිවරු අසරණ වෙලා ...මිනිස්සුන්ට පව් පුරෝනව ."
"Nihal Nambuga Don","https://www.facebook.com/nihal.nambugadon","තිත්නගල්ලේගේ කොටහළු මාගුල්ගේදර"
"Saman Dhammika","https://www.facebook.com/sasinduu.g","රාජපක්ෂලා දුන්නු ආතල් නැතිව මේ ආන්ඩුව එක්ක වියරු වැටිලා ඉන්නෙ"
"Kapila Rathne","https://www.facebook.com/kapila.rathne.723422","මේ මොකෙක් ද"
"Ariyadsa Herath","https://www.facebook.com/ariyadsa.herath","මේ වාගේ උන්.තමයි පනපිටින් අපායට යන්නේ  ආගම කන සක්කිලිය"
"Indika Weerasinghe","https://www.facebook.com/indika.weerasinghe.315428","කම් ඕන් තිත්ත යා"
"Premalal Paranamannage","https://www.facebook.com/premalal.paranamannage","කාලකන්නි වනචරයා"
"Asanka Kumara","https://www.facebook.com/people/Asanka-Kumara/pfbid02NNXfAcPf7bNxnznzanziFhXGz5XDPk8uf63uvXs763KJLNjfjBzFPDr132png3Ul","Mu maha pakayak thakkadiy munta gahanna oni"
"Kisum Samarawikrama","https://www.facebook.com/kisum.samarawikrama","ඇගිලිඋරනව ඉවරයක් නැතිව"
"Jayantha Kothalawala","https://www.facebook.com/people/Jayantha-Kothalawala/pfbid025Eb6pQRDCdmza9Rtg7k6a63M59SQyxtKFxvpKCz7ocT44zkiQcnwApEzrgfEZt58l","මේව බලන්න දාන්න එපා"
"Nuwan Tharaka","https://www.facebook.com/nuwan.tharaka.386626","Happy birthday kollo"
"Keerthi Gamage","https://www.facebook.com/keerthi.gamage.424201","බුදු හාමුදුරුවො බණ කිව්වෙ මම නම් හිතන්නෙ හැමෝටම. අපිට මේවට බනින්න පුලුවන් හැබැයි අපිත් මේව නොකරනවනම්. ගිහි පැවදි කියල බෑ. වැරැද්ද වැරැද්දමයි. කාමය කාගෙත් එකයි ගිහි පැවදි කියල නෑ. රාගය කාගෙත් එකයි ගිහි පැවිදි කියල නෑ. දැන් සිවුරක් දා ගත්ත එකෙක් රාග, ද්වේශ මෝහ උනාම නිවන් දකින්නෙ නෑ ගිහියෙක් රාග ද්වේෂ මෝහ  උනාම නිවන් දකින්න පුලුවන් කියල එකක් නෑ නේ. සිල් වෙනයි නිවන වෙනයි. බුදු හාමුදුරුවො කතා කලේ නිවන ගැන. ඒකට සිවුර අදාල නෑ. කෙලෙස් තියනකම් නිවන් දකින්න බෑ. කෙලෙස් ප්‍රහීන උනාම පුලුවන්. ඒකට කෙනා අදාල නෑ. මම කියන්න මේ හාමුදුරුවො හරි කියල නෙවෙයි. හාමුදුරුවො වැරදිනම් අපිත් කේක් කපල නටන එක වැරදියි. ඔය ඇත්ත පිලිගන්නත් මොලයක් තියෙන්නෙ ඕන."
"Ratnayake Ratnayake","https://www.facebook.com/ratnayake.ratnayake.33726","Keerthi Gamage නාම්බෝ බුදුරජාණන්වහන්සේගේ දහමේ තියෙන්නේ චීවරය යනු  නික්ලේශීබවේ සංකේතය.එකල චීවරයක් ඇන්දේ මාර්ගඵල ලාභීන්.මාර්ගඵල සාක්ෂාත් නොකළ චීවරය ඇදගත් අය වහවහා අරඤ්ඤ රුක්ඛමූල සුඤ්ඤා ගාරගත ගතවෙලා භාවනා කරලා මාර්ගඵල සාක්ෂාත් කළා. ඒ අනුව එකළ චීවරය සංකේතවත් කළේ ආර්යපුද්ගලයන්. දැන් ඉන්න කල්ලතෝනි චීවරය දාගත්දා සිට තමයි පටන් ගන්නේ දේශපාලනය,ගොඩනැගිලි හැදීම,යන්ත්‍ර මන්ත්‍ර ගුරුකම් ව්‍යාපාර,ද්වේශපාලුවන්ට කඩේයාම. ඒ නිසා චීවරය යනු තක්කඩි කහකඩි සැගවුනතැනක් වුනාට ඒක පරම පවිත්‍ර අරහත් ධජය විය යුතුයි. මුන්ට සමාව නොදිය යුතුයි.එයයි ඇත්ත.නොදන්නා වුත්තවල් කතා නොකර හිටින්."
"Keerthi Gamage","https://www.facebook.com/keerthi.gamage.424201","Ratnayake Ratnayake නම්බො උඹ නේ නොදන්න උත්තවල් කතා කරන්නෙ දැන් උඹ රහත් වෙලාද නැත්තම් කටවහන් ඉදපන්. රහත් වෙලා නැත්ත උඹ කොහොමද ඒක දන්නෙ. වචන ටිකක් අහුල ගත්ත කියල වැඩ්ඩෙක් නෙවෙයි උත්තො. උඹ හරියට සිල් රැකපන් අනුන්ගෙ සිල් හෙව්ව කියල උඹට නිවන් යන්න ලැබෙන්නෙ නෑ පත්තු කරන් යන්න පුලුවන් ඕන්නම්.😄😄"
"Keerthi Gamage","https://www.facebook.com/keerthi.gamage.424201","Ratnayake Ratnayake මට නම් මූ පේන්නත් බෑ අනිත් උන් පේන්නත් බෑ. උඹ වගේ දෙයක් තේරුම් ගන්න බැරි ගොන් බූරුවො පේන්නත් බෑ."
"Ratnayake Ratnayake","https://www.facebook.com/ratnayake.ratnayake.33726","Keerthi Gamage පගෝ තෝ නම් උදේ පාන්දරම ඩබල් එකේ අයිස් ගහලා ඒක උඩට ඇට පිටින් තව ගංජා පට්ටයකුත් ගහපු ප්‍රාද්ශීයසභා වල්ලපට්ට වල් බිංකුන්ඩෙක්ගෙ බෙිට්ට කාපු දාතු සුනඛ රාජයෙක්. කතාකළේ චීවරය සහ තිත්තයා ගැන මිස මගේ රහත්බව ගැන නොවෙයි බස්සෝ.රහත් නොවෙයි බන් ඕක අරහත්.නොදන්න බුදුදහම ගැන කතා නොකර ස්වයංවින්දනය කරලා බුදිය ගනින් වසලයා."
"Keerthi Gamage","https://www.facebook.com/keerthi.gamage.424201","Ratnayake Ratnayake උඹ ඔය අරහත් සිවුරට ආදරේ කරල ඒකෙම මැක්කෙක් වෙලා ඉපදියන්. යකෝ බුදු හාමුදුවො හද පෙන්නුවෙ ඇගිල්ල දිහා බලන්න නෙවෙයි."
"Tharindu Prasanna Alawaththa","https://www.facebook.com/tharindu.prasanna.alawaththa","Keerthi Gamage අනේ බන් එහෙනම් ඌ පකටද සිවුරක් පොරවගෙන දසසිල් සමාදන් වෙලා ඒවා ආරක්ශා කරන බුද්ද පුත්‍රයෙක් කියල බොහෝ දෙනා මේ සසරෙන් එතෙරකරන්න බුද්ද වචනය අනුව ක්‍රියා කරනවා කියල උපසම්පදාවෙදි පොරොන්න්දු වෙන්නෙ...ඌටත් තිබ්බා ඔයි කහපාට එක නොදා අපි වගේ කේක් කපලා කාලා බිලා මදිහරියට බඩුවක් එහෙමත් ගහලා එන්ජෝයි කරන්න...ගිහියගෙයි පැවිද්දගෙයි වෙනස තේරුම් ගනින්..කවුරුත් ඕකුන් බලෙන් මහණ කරේ නෑ"
"Keerthi Gamage","https://www.facebook.com/keerthi.gamage.424201","Tharindu Prasanna Alawaththa මම කියන්නෙ බන් ඌ හරි කියන එක නෙවෙයි සිවුර දාගෙන ඉන්න එකාගෙවන් නැති එකාගෙවත් බඩු ගැහුවද නැද්ද කියලවත් අපිට වැඩක් නෑ කියන එක. ඔය එක එකා ගැන හිතන එකෙන් උන්ට බනින එකෙන් තමන්ගෙ හිතේ දද්වේශය වැඩි වෙන එක ගැන. ඒ නිසා ඒකෙන් ඇති වැඩක් නෑ කියන එක. තමන්ගෙ හිත නිදහස් කරගත්තොත් තමන්ට නිවන තියනව කියන එක. ඉස්සෙල්ල කියන්නෙ මොකක්ද කියල තේරුම් ගනින් මට ඔය එකෙක්ගෙන් වත් වැඩක් නෑ. මොකද ඔය පාන්කඩ සිවුරු හොරු මට මොනව කලාටද. උඹලත් අනේ මංද බන් කියන එක තේරෙන්නෙත් නෑ නිකන් ඔහේ කියවනව."
"Ratnayake Ratnayake","https://www.facebook.com/ratnayake.ratnayake.33726","Keerthi Gamage හාපෝ උබේ ගඩු හඳ."
"Keerthi Gamage","https://www.facebook.com/keerthi.gamage.424201","Ratnayake Ratnayake ඒකට ගෑනි හොඳට නාවපම් හඩු ගද යන්න."
"Ratnayake Ratnayake","https://www.facebook.com/ratnayake.ratnayake.33726","Keerthi Gamage උබත් නාපන්."
"Keerthi Gamage","https://www.facebook.com/keerthi.gamage.424201","Ratnayake Ratnayake නාගෙන ඉන්නෙ ගෑනි නෑවම කියපම්🤭"
"Ratnayake Ratnayake","https://www.facebook.com/ratnayake.ratnayake.33726","Keerthi Gamage ගෑණි නෑවා මොකද දැන් කියන්නේ"
"Nalaka Hettiarachchi","https://www.facebook.com/nalaka.hettiarachchi.98","Keerthi Gamage සිවුරු දාගෙන මිනිස්සු අන්දවගෙන ඒකෙන් ප්‍රතිලාභ නොගෙන උන්න නම් ඔයාගෙ තර්කෙ හරි."
"Mgy Kusumsiri","https://www.facebook.com/people/Mgy-Kusumsiri/pfbid0Sw8KjAtBAUwU2Z2cZDFAqFng7AmjEMBxBctYvv7w94P9nrD6veLW6XrYCdpqivE7l","Sasane kana hora danauo"
"Shanaka Prasadh","https://www.facebook.com/shanaka.prasadh.2025","විසිට් 1ක් දාන්න කොහොම්ද පෙට්‍රල් පොඩ්ඩක් ගෙනිහින් දෙන්න💣💣💣💣"
"Hasindu Arvin","https://www.facebook.com/hasindu.arvin","Sinera Pramuditha Giye ndda party ekata"
"Anura Danasiri","https://www.facebook.com/people/Anura-Danasiri/pfbid02kHc8Bjcyb7U5UZEf2BsbEU7oKttTBwrw9i3uCHaQNnvCDHdnL8PLVGpYHMbUqYVfl","Ane saduuu"
"Subhadra Weragala","https://www.facebook.com/profile.php?id=61591519568605","මේවා ගැලපෙන්නේ නැහැ..බෞද්ධ  සංඝ සමාජය ම ලැජ්ජාවට  පත්වෙනවා.චීවරය දරාගත්තම යම් සමාජ කණ්ඩායම ක් නියෝජනය කරනවානේ..මේ කරන දෙය  ඒ නිසා විශාල  විපත්තියක්  ..චීවරය දා ගත්තොත් දහමට අදාල  දේ කරන්න. නැත්නම් එයින් ඉවත්වෙලා ..තමන්ට උවමනා දේ කරන්න. මේ විදියට තමන්ට රිසි රිසි දේ චීවරය ට මුවාවී කරන්න ගියොත් ඒක වැරදි ආදර්ශයක්..නිශ්ශබ්ද සිටීමනම් නම් ලොකු සමාජ ඛේදවාචකය ආරම්භයක්.."
"Shirani Lal","","සාදු සාදු සාදු 🙏🙏ලැජ්ජයි හාමුදුරුවනේ 🤑🤑"
"Udara Weerarathna","https://www.facebook.com/udara.weerarathna.9","Mudith Suranga Anna ubalage hamuduruwo"
"Layanal Karunarathna","https://www.facebook.com/people/Layanal-Karunarathna/pfbid0Bm17hsUTSGd9ys1JuyWfZWw3AHFpxNEk9CgtjUHqhnSdL4SZqabbrGCoRQ4i77wtl","Mea pakayada buddagama rakinna katha karamne val paraya"
"Gamini Jayathilaka","https://www.facebook.com/gamini.jayathilaka.587","සදූ සාදූ සා"
"Samantha Kulasooriya","https://www.facebook.com/samantha.kolasooriya","Mga Jayawardana   තිත්තගල්ලේ  අයියා😂😂😂😂😂"
"Upali Rathnasekera","https://www.facebook.com/rta.rathnasekera","ඔන්න agama ජාතිය ගැන katha කරන sataka ko may mahanayakala rahath welada"
"Kankanamalage Gunapala","https://www.facebook.com/kankanamalage.gunapala.2025","මේ පූසිගෙ වෙතාල නිසා අපේ සිත් දූෂණය වෙලා කටට එන ඒවා කියවල  චීවරයට අපහාස වෙලා අපට පව් පිරෙනව"
"Shirley Perera","https://www.facebook.com/shirley.perera.90","සිව්ර ගලවපන් ප#යො😡"
"Sujeewa Lakmal","https://www.facebook.com/profile.php?id=100041932095348","කාලකන්නියා ච්වරය බල්ලා ට දාලා"
"Ruchiranga Dias","https://www.facebook.com/ruchiranga.dias","තිත්තෙ  ඩාන්ස්..මුන්වගේ  උන්ට  දානෙදිපු  උන්...."
"Priyantha Susil Theanuwara","https://www.facebook.com/priyantha.susil.theanuwara","Meva penne nha eka vhalektavath.mun ආණ්ඩුවට baninava agama විනාශ karanav kaiyala"
"Chamara Pathiraja","https://www.facebook.com/chamara.pathiraja.764815","තිත්තගල්ලයත්  ඕඕන්න එහෙනම් වැඩිය රගන්න ගිහින් කෙලෝගත්තා.  🤣🤣🤣 හොද වැඩෙ පගයට"
"Narada Aththanayaka","https://www.facebook.com/narada.atthanayak","මේ නිඝන්ඨයා දන්නේ නැ ඌ පාවිච්චි වෙනවා කියලා..."
"Nuwan Abeywickrama","https://www.facebook.com/profile.php?id=100063557370400","අඩෝ මූ🤣🤣"
"Suranga Bandara","","Patta Macho 😃"
"Hmd Herath","https://www.facebook.com/hmd.herath.399","😂😂😂😂😂😂😂😂😂 අහෝ චීවරය."
"N.T. Saman","https://www.facebook.com/n.t.saman.2025","සාසනේ බේරගන්න එන උන්නාසෙලාගෙ හැටි පේනවනෙ. ඉස්සෙල්ල මේ හොර ඝනයන්ගෙ සිවුරු ගලවන්න ඕන. එතකොට සාසනේ නිකන්ම බේරෙනව"
"Deric Prasanna","https://www.facebook.com/people/Deric-Prasanna/pfbid02DP2pGP3MAmYFxpHcz8jTFGbQDUYd97rRhdxKQbQvd96XUY4NK9f2DKHViVNPf93ol","මහා ලොකුවට බෞද්ගාමගැන කථාකරනවා මෙවාහොදවැඩද භික්ෂුවට මෙවුන් එලවලාදාන්න ඕනෙ කථාව දොලාවෙන් ගමනපයින්"
"Indika Silva","https://www.facebook.com/indika.silva.429847","මහනායක  නමට  විතරයි"
"Sanjeewa Manjula","https://www.facebook.com/kumaragewaththage.manjulafernando","Malwathu  polwathu  nidida Danna .harima dukai buddagama  gana"
"Amesha Awantha","https://www.facebook.com/people/Amesha-Awantha/100061934394344","Me gal karya me pati dhanwa"
"Nilaj Geesara","https://www.facebook.com/nilaj.geesara","යකෝ තිස්ස සර්රැත් එතන"
"Ajantha Withanage","https://www.facebook.com/ajantha.withanage.31","Parana   ava dala  p...danna appa   fb eke"
"Chalana Madushanka","https://www.facebook.com/chalana.madushanka.456438","මහානායක හිමිවරු මේවාට දැඩි ක්‍රියාමාර්ග ගත්‍යුතුමයි..............🙏"
"Dammika Mathes","https://www.facebook.com/people/Dammika-Mathes/pfbid02T38eK6Vco1YuDKSxWnTA4p1at8iUiduLajjDp3M96fhHyST1bV7evCgsTs5asAcCl","Sasane iwaray nedakin vitaraha appiririyi"
"Harshan Buddika","https://www.facebook.com/people/Harshan-Buddika/pfbid036f9gkQ6fcsZ6hU7pcbP2kqZsPSkxazE8MambxYVqDmcSvMxh7gE6YdsqQHL5dGxyl","mun miii harak chiwaretath agaurawayak me sakkili hinda"
"Samantha Werasinha","https://www.facebook.com/people/Samantha-Werasinha/pfbid02gLhfpwhMj63zvee73HZfSNtxRMbYbW66aRHtHRt3Gu4yeuMcEu34WnCTz8AWqPfGl","අනේ මුන්ට නේද කකුල අතගාලා වඳින්නේ"
"Sanda Kumara","https://www.facebook.com/shada.kumara","කැරියට කණට එකක් ගහන්න ඕන ඕන දවල් තරු පේන්න ගොංපගය"
"Hasindu Prabha Peshan","https://www.facebook.com/hasindu.peshan.9","අඩෝ අන්න බයිලොජි සරෑත් ඉන්නවා..😂😂"
"Amila Niroshan","https://www.facebook.com/people/Amila-Niroshan/pfbid02YjpZSmqBu7HuY9xMsUNSF5sTdYEqYXpsPMw2R1Kg3DwwQQLar356KkPixzpEaD7wl","Siwrata muwawenna oni neni meka dala palayaw"
"Mahesh Pushpakumara","https://www.facebook.com/mahesh.pushpakumara.37669","අනේ දහමට වෙච්ච දෙයක්🤨🫢"
"Sugath Vidangamage","https://www.facebook.com/sugath.vidangamage","Mawa vedio karana ewuntath lejja nahe penne inna kaha kadayath lejja nahe ratakata giya kalk"
"Amila Karunarathne","https://www.facebook.com/amila.karunarathne.315","ගැම්ම අනුණු අවස්ථාවක්🤣"
"Gamini Hewapathirana","https://www.facebook.com/gamini.hewapathirana.589","Thittagalla pati"
"Eugene Rohan","https://www.facebook.com/eugene.rohan.5","මුං හාමුදුරුවන් නෙමෙයි සිවරු පොරවාගත් මානසික රෝගවලින් පෙලෙන ගිහීයන්."
"Chamoth Lakshan","https://www.facebook.com/people/Chamoth-Lakshan/pfbid02HLowgo1ATXGi5ieF2eN9eZMQ17tb9o8jUrNyR99GRmfMFVpyCftaLoyuqKJ6av8gl","මු අගම විහිළුවක් කරන් ඉන්නෙ"
"Chanaka Ranes","https://www.facebook.com/chanaka.ranes","Munne me rahath pala gana kathaa karanne,k.l.k.nni w.sige putha"
"Ruwan Ranasingha","https://www.facebook.com/ruwan.ranasingha.96","ඔය ඔන්න ඕකයි ප්‍රස්නේ 🤣"
"Rohana Perera","https://www.facebook.com/people/Rohana-Perera/pfbid0VYGrxu5MsReGGSkEZ2ZwP7rWy9ourp15AL5XE1o7YaecK2GuUNtNDJVM1VECq59ul","වැඩිය බොන්න එපා පකෝ.......  සෝවාන් වෙයි."
"Shan Rivishan","https://www.facebook.com/shan.rivishan","ආගම දහාම කන්නේ කවුද ගිහි මිනිස්සුද ගරුතර ස්වාමින් වහාන්සේලාද... පිළිතුරු..."
"Sampath Kulasing Liyana Arachchige","https://www.facebook.com/sampath.kulasing.liyana.arachchige","මේ සිදුවීම ගැන පැහැදිලි කිරීමක් තිස්ස ජනනායක සර් සිදු කලා.මගේ අවබෝධයත් නිවැරදි උනේ ඒ නිසා.පේන විදියටම හැමදේම ඇත්තත් නෙවෙයි."
"Rasika Silva","https://www.facebook.com/profile.php?id=100078956564223","දේසේ හැටියට වාසේ. බුදුන් දේශනා කර තියෙනවා රටේ නීතියට සමජිය හා සංස්කෘතිය ගරු කරන්න කියලා. විශාකා මහ උපාසිකාව පුර්වරමය සදලා බුදුන්ට පුජා කරලා සතුටින් නාටමින් පාරේ ඇවිදලා තියෙනවා."
"Asiri Kumara","https://www.facebook.com/asiri.kumara.5832","තිත්තයි රෙද්ද පල්ලේ"
"Sampath Rathnayaka","https://www.facebook.com/sampath.rathnayaka.349075","Kalakanni pakaya"
"Manjula Pushpakumara","https://www.facebook.com/manjula.pushpakumara.75286","කන්න ඕන බොන්න ඕන  ආතල් එකේ ඉන්නෝන..😁😁😁😁"
"Waruna Rajapaksha","https://www.facebook.com/waruna.rajapaksha","ඉදකින් මුං මොනට  මහණ වුනාද මන්දා"
"Sujani Sujani","https://www.facebook.com/sujani.sujani.846473","මොන රටකට ගියත් භික්ෂුවකට ගැලපෙන දෙයක්ද මේ"
"Ananda Wijekoon","https://www.facebook.com/ananda.wijekoon.5243","නත්ත ගීත විසුච දස්සන මාලා ගන්ධ විලේපන ධාරණ ගිහියන් විතරද පිළිපැදිය යුත්තේ. මුංගේ බණ අහන එවුන්ට යි ගහන්න ඕනි."
"Ishara Lakmal Udagedara","https://www.facebook.com/ishara.lakmal.udagedara.2025","සිවුරු left 🤭😪"
"Chula Anil Kumara","https://www.facebook.com/people/Chula-Anil-Kumara/100004877716299","ඇත්තටම මේ වගේ බුද්ධාගම කෙලෙසන වුන් ශාසනයට අවශ්‍යද 😭"
"Susantha Kumara","https://www.facebook.com/susantha.kumara.726441","මේ තිත්ත ගන් කබරයද ?😢😢😢😢"
"Lasinton Dissanayake","https://www.facebook.com/lasinton.dissanayake","මේ අයගෙ සිවුර left  කරන්න ක්‍රමයක් නැද්ද ...."
"Deepani Pathirage","https://www.facebook.com/people/Deepani-Pathirage/pfbid02HRwdF5qUFeUqUggs2DqsAoR4nD18vTpDuNV8f6Kc6EWP53iMNicBhqJ9vfY4S5egl","දැන් පේනවා නේද පැහැදිලිව සාසනය කන්නේ කව්ද කියලා"
"Kushan Samarasundara","https://www.facebook.com/kushan.samarasundara.3","මූ තායි බික්ෂුවක්ද"
"Robin Raj","https://www.facebook.com/robin.raj.866043","Me hamuduruwo aragalaya welawe idala jandipathiwaranaya dakwama Akd ta support Kare. Mama Ewa media walin hodata dakka. Akd wiruddwa eka wachanayai kiuwwe.. Ada unwahnswta gahana gahillak. Mona ratakda me. Kohetada me Rata yanne. Vivechanaya danaganna Bari ayada Ada andu karanne"
"Nanda Shantha","https://www.facebook.com/people/Nanda-Shantha/pfbid02zLXr7H6LvPpRT5NqHyQ2XGxNyGEbE8cQEVyneqgDhCYWExyhMkvHyUBDakVHCFs7l","මූට     දානෙ   දෙනවාද     යම්    කෙනෙක්    ඒ   නම්     බවුද්ධයෙක්    වෙන්නම  බ¿"
"Dinidu Malwanna","https://www.facebook.com/dinidu.malwanna","භික්ෂුවගේ කාර්යභාරය ඉටු නොකරන සියලුම චීවරධාරීන් එළවා දමිය යුතුය."
"Mahesh Buddika","https://www.facebook.com/mahesh.buddika.10485546","සිංහල ජාතියයි බුද්දාගම යි රකිනව"
"Sathya Sadamali","https://www.facebook.com/sathya.sadamali.2025","Mehema hesirenawada himinamak"
"Amila Prematilake","","බයියොන්ගෙ වීරයෙක් තමා ඉතින් 😁"
"Ami Bandara Bandara","https://www.facebook.com/amibandara.bandara.1","ඔය වීඩියෝ එක අවස්ථානුකූලව සිද්ධ වෙච්ච එකක් ඕක ප්‍රශ්නයක් නෑ. නමුත් මිනිහගේ දේශපාල නමුත් මිනිහගේ දේශපාලන ප්‍රශ්නෙ වෙනස්"
"Sarath Arthanayake","https://www.facebook.com/sarath.arthanayake.3","රාජපස්ස නිකාය ඇවිස්සෙයි..!"
"Dissanayaka Samarasinghe","https://www.facebook.com/dissanayaka.samarasinghe.16","බුද්ධාගම  විනාශ  karnne  chiwara daganna un thama"
"Chanaka Heenkenda","https://www.facebook.com/chanaka.heenkenda","Me huthathala sapee.....baiyoo dakinneth  na meewa....Mal waththe asgiriye ayath me wage thamaa..."
"Wms Pushpa Kumara","https://www.facebook.com/sameerapushpakumara.kristy","Chanaka Heenkenda මේ තිත්තයාගේ පාර්ටියට යන්ද😂😂😂"
"Wolter Senevitathna","https://www.facebook.com/wolter.senevitathna","ඕන් වැලලෙන්ට කරුණු"
"Gamini Patabendige","https://www.facebook.com/gamini.wasanatha","අජාසත්ත,නිකායේපැවදි වෙච්ච  මේ දෙවුදත්ලද ධාරමික බව,සම්බුද්ධ ශාසනයේ,චිරස්ථිතික බව ශාසනාභිවුර්ධිය ගැන කතාකරන්නේ.මුන් තනිකරම නිඝණ්ටයෝ."
"Prihan Chithara","https://www.facebook.com/people/Prihan-Chithara/pfbid0gBe1xabKwde8ADGef226v7Ef5sBJdGD7T2AXAWxpeajrdrZZivnR5JwxXcygnYFJl","කැre තිත්තයා 🤣"
"Mahesh Rajaguru","https://www.facebook.com/mahesh.rajaguru.39","Ayyo menna mu"
"Wanshanath Sewakaarachchi","https://www.facebook.com/wanshanath.sewakaarachchi","බුදුදහම රකින්ඩ කතාව"
"Tilak Wijesinghe","https://www.facebook.com/tilak.wijesinghe.1","පිස්සු ඝනයා දැන් අපෙන් ආතල් ගන්නවා"
"Sanjeewa Lalith Kumara","https://www.facebook.com/sanjeewa.lalithkumara.9","ඔකා කාලකන්නියා"
"Ruwan Nishantha","https://www.facebook.com/ruwan.nishantha.543","මේකටත් කියයි Al. කියලා 😂😂😂අපි දන්න නෙතෝ..... 🙏"
"Senevirathna Bandara","https://www.facebook.com/senevirathna.bandara.3133","තිත්තයා එළවලා දාන්න ඕන සිවුරෙන්,"
"Thilak Gamage","https://www.facebook.com/thilak.gamage.535067","නියමයි මචං තිත්තෙ"
"Wasantha Samaranayake","","නොදකින් කාලක්න්නි බල්ලා මුන් සිවුරු  ගලවලා පන්න ලා දාන්න ඕන පර හැත්ත මේවා පේන්නෙ  නැද්ද  මහා නායක හාමුදුරුවෝ න්ට"
"Chameera Prasad","https://www.facebook.com/chameera.prasad.100","තිස්ස ජනනායකත් ඉන්නවා එතන"
"Anuruddha Dissnayake","https://www.facebook.com/anuruddha.dissnayake.2025","Ballek"
"Kamal Bandara","https://www.facebook.com/people/Kamal-Bandara/pfbid02FwZJt1UqkZPUKLMMFfR6fp9kCxk11JLcZtkChEUzd675zzEERYXtKQba4fgsq8EVl","අඩෝ ඔච්චර කැ@විදියට A.Iහදන්න එපා පවු බන් ෂඝ...."
"අඩ සඳ","https://www.facebook.com/6n30ublxr4","Kamal Bandara මේක AI නෙවෙයි .සත්‍ය සිදුවීමක්."
"Upali Ranjith","https://www.facebook.com/ranjith.upali.9809","Kamal Bandara ඔයා Ai කියන්නෙ මොකක්ද කියල නොදන්න කෙනෙක්."
"Piyaratne De Silva","https://www.facebook.com/piyaratne.desilva","බුදු සසුණ කොයිබටද ? ......"
"Vihanga Sandanuwan","https://www.facebook.com/vihanga.sandanuwan.802958","Ado happy birthday 🎂"
"Jagath Kumara","https://www.facebook.com/jagath.kumara.282795","කොහොම ද  තිත්ත යගෙ  වැඩ.."
"Chani Samarakoon","https://www.facebook.com/profile.php?id=61585011301908","ඕයි තිත්තෙ මේන් වැඩක් 😂😂😂"
"Pradeep Kumara","https://www.facebook.com/pradeep.kumara.19697","Agam kannaw mun😂😂😂😂😂😂"
"Nadun Ukwaththa","https://www.facebook.com/nadun.ukwaththa","ඔය සැප නැති වෙයි කියල බය වෙල ඔකුන් ඔය පාරට බැහැල දගලන්නෙ. සක්කිලි. 🤮🤮🤮"
"Shiranthi Withanage","https://www.facebook.com/shiranthi.withanage.330009","Munta gahala pannanna oni kalakanni"
"RD Danuska","https://www.facebook.com/rd.danuska","අඩේ  බලකො මුන් 😮"
"Dinusha Tharaka","","කෝ මේ ට්‍රයි නිකාය, මෙවුවට දානේ වලදලා සැතපිලා ඉන්නේ."
"Ananda Jayaratne","https://www.facebook.com/ananda.jayaratne.2025","ගිනි තියා ගනින්චිත්ත ගල්යා"
"Nipun Sandumina","https://www.facebook.com/nipun.sandumina.7","රාජපක්ෂ කුක්කෙක් 😂"
"Udara Tharidu","https://www.facebook.com/udara.tharidu","Wadiwela inna eka holman"
"Tharaka Liyanage","https://www.facebook.com/tharaka.liyanage.92","දහම විකෘති කරන අපතයෝ"
"Vishaka Wickramanayake","https://www.facebook.com/vishaka.wickramanayake.2025","චීවරධාරීන්ට බත්දෙ සමරන්න කැපනැ."
"Saliya Amarasingha","https://www.facebook.com/saliya.amarasingha.10","මෙවාට කො සන්ග නිතිය ."
"Damith Pathmendra","","පොඩි කාලෙ කන්න නැති කමට මහ උං පන්සලට දානව. ලොකු වෙලා උං සැප හොයනවා."
"Sampath Roshan Bodaragama","https://www.facebook.com/sampathroshan.bodaragama","Cheers  🍻 thiththa bro 😂"
"Rajathalawe Wajiragnana","https://www.facebook.com/rajathalawe.wajiragnana","ඉද නන්දති පෙච්ච නන්දති කත පුණ්නො උභයත්ත නන්දති .  පිං කල තැනැත්තා දෙලොවම සතුටු වෙයි."
"Chandrapala Amadoruge","https://www.facebook.com/chandrapala.amadoruge.2025","හොදට මතක තියාගන්න මෙ තිත්තගල්ල ලග ඉන්නේ අපේ රටේ විසාලම ටීයුෂන් මාපියාව ඉතා ඉහලින්ම කරන ගුරා වන තිස්ස ජනනායක. හොදට අහන්න මෙක. මෙ තිස්ස ජනනායක කියන මිනිහා කියනවා මෙ තිත්තගල්ලේව ඉජිප්තුවේ ඔය බෝට්ටු සාවාරියේදි තමයි පලමුවම එදා හමු උනේ මෙ තිත්තගල්ලගේ ඉජිප්තුගමන ගැන තිස්ස ජනනායක ලංකාවෙදි දැනගෙන හිටියේ නැහැ කියලා යකෝ මේ තිස්ස ජනනායකයා කියන පට්ට පල් බොරු කියන්නේ. තිත්තගල්ලේගෙන් මෙ ගමන ගැන අසනකොට තිත්තගලිලේ කියනවා තිස්ස ජනනායකලා සෙරම එකට ඉජිප්තුවට එන එක ලංකාවේ ඉදලා එ එ අය දැනගෙන හිටියා කියලා. යකෝ පේනවා නේද ඔය තිස්ස ජනනායකලා කියන්නේ කොපමන බොරුකාරයෝද කියලා."
"Do Do","https://www.facebook.com/do.do.252016","රට ජාතිය ආගම දහම පන්සල හාමුදුරුවෝ බුද්ධ දේශනාව කාල විනාශ කරන බල්ලෙක් බුද්ධ චිවරයට මුවා වෙලා අත ලෙව කනවා කෙක් කපලා,😡😡😡😡 දේව දත්ත අනු ගාමින්... කහ පාට සාරි හැට්ට ඇඟලා ගෙන ජෝගි නටනවා."
"Lakshitha Dalubadage","https://www.facebook.com/tharindu.lakshitha.397948","අත් හරිම පුරුදු කරා 😂😂"
"Gayan Gaiya","https://www.facebook.com/people/Gayan-Gaiya/pfbid0A62MmuGb3MD1WxG7NkrKwfSpmX2tCbpMZyFz4T7wCLvJ6Pe4Z62NS3dwrNYHY7z6l","අනෙ. උබෙ ධර්මෙ.පල.පල"
"Inshi Ma","https://www.facebook.com/inshi.ma.2025","තවත් අවුරැදු 235ක් - පුකදිනසි"
"Palitha Jayarathne","https://www.facebook.com/people/Palitha-Jayarathne/pfbid0zrTUU2nkjB1xQQP2qLickBNczJfKN49iALLixuxrbkVPqNry6bsFQJDJv3mEt1qPl","Maha nayakala ge as arew sasane mun winasa krnawa"
"Kumari Kumari","https://www.facebook.com/people/Kumari-Kumari/pfbid02mJ9FNNABCDKoRTLkNf8utJRTcQ4sLyDBzyYMnZ8uE9BnjpzJyKUVjQ4EoRzqYzosl","කවුද මුන්ට දානේ දෙන්නේ 🫨"
"Adk Don","https://www.facebook.com/people/Adk-Don/pfbid0QJ88REVvX7obxidAJa21Tce6EP7BYSEPXt3dNCQ7M82t7ZnXn6biq5vfLDxETBril","ඇත්තනේ මු බුදු දහම ගැන කිව්වේ මහින්ද ගෙන් කැවා නම් ගෙවන්න"
"Hasiya Hasiya","https://www.facebook.com/hasiya.hasiya.1422","Maru bauddaya"
"Prasanga Deepasika","https://www.facebook.com/prasanga.deepasika","පූජනීය චීවරයටත් නිගාකරන මුන් එනවා රට හදන්න"
"Jayalath Dayarathna","https://www.facebook.com/jayalath.dayarathna.1","මූං.    අපිට......අත් අරින්න.     කියල.....පිටරටවල් වල.     ගිහින්.     බදාගෙන.     වැඩ.  ....ඔය.    දෙසපාලනය.   කර.  කඩෙ. යන....හැම.   සංගයම......ඔහොම....තමයි"
"Ravindu Uthpula","https://www.facebook.com/ravindu.uthpula.3","අස් ගිරි,මල් වතු අය බුදිද?"
"Gayan Nandika","https://www.facebook.com/people/Gayan-Nandika/pfbid025VmZ2aKtFHKijiQ3CvyAQwSa6UY6W4A18MXDRZZrVjeGteNLpeSMANhnJQqWWfbrl","Muwa maragena merunath paw neha."
"Gl Mayura","https://www.facebook.com/gl.mayura.2025","මෙවට නිතියෙන් දෙන්න ඕන.චිවරය කනවා මුං"
"Rasanga Sangiwa","https://www.facebook.com/people/Rasanga-Sangiwa/pfbid0XD2vhE8aZhuqX8TR5gk79YW2bGjWS7LBfbcBAtPWxVhGULSqvUh8cf9iGXN79huPl","Niyamai.."
"Awantha Naveen","","නුවර වැව වටෙ ඉන්න හමුදුරුවරුන්ට පේන්නෑ මේවා"
"Nalinda Senanayake","https://www.facebook.com/nalinda.senanayake.1","Mongal mahano mun"
"Sanjeewa Pushpakumara","https://www.facebook.com/people/Sanjeewa-Pushpakumara/pfbid0tDi8r2rk5ZiLeQcKWqs7zieVG4DvXNiQZJ3gYLyWetejBYq4RaBn21xQL2VW5ASvl","බල්ල රට කන්න හැදිච්චවුන්"
"Harsha Nuwan","https://www.facebook.com/harsha.nuwan.981632","ඊය ඇඟිල්ල කටේ දමල උරනව"
"RM Ranathunga","https://www.facebook.com/people/RM-Ranathunga/pfbid0SkKEq7AVFp5KEALzSp7g7CX4RGMicZf52F5aNYQbzzd2M2iuczCrQE1Seb1tHm4Zl","ඔින්.තිත්තයි.ඇත්තයිදෙකම"
"Nawaka Manoharsha","https://www.facebook.com/people/Nawaka-Manoharsha/pfbid07zukF9GXUtbt4szJ99AwZU1ckh4MYBBx1YZCmA8s5oEuE97MarRKi4osNNNNDWTBl","ඇත්තටම මේ රටේ මහානයකලා බුදිද..මුන්ට ඕනි ඕනි විදියට මෙහෙම හැසිරෙන්න පුලුවන්ද්?සම්බුද්ධ සාසනේ විනාශ කරන්නේ මේ වගෙ සිවුර රදවනලා තමයි....මුන්ව සාසනෙන් නෙරපන්න වෙන්නෙත් ගිහියන්ට තමයි...මොකද මහානායක ලා බුදිනේ"
"Tharanga Thennakoon","https://www.facebook.com/tharanga.thennakoon.663209","බුදුරජාණන් ගේ සරන ගිය බුදුරජාණන් ගේ දර්ශනය තුළ සියල්ල අනිත්‍ය වග දැන අවබෝධයෙන් පැවිදි වී බුදුදහමෙහි අර්ථය ලෝක සත්වයා හට කියාදීම .....මෙ පකයට දානය දීපු එවුන්ට ත් ගහන්න ඕනි දුෂ්සීලයෙක්   පාපයේම යෙදෙන්න බුද්ධ චීවරේ පාවිච්චි කරනවා බව දැන දැන ම ඌ පස්සේ වැටිලා ඌ නිවැරැදිය කියන්න දගලන තවත් නිගන්ඨයන් සිට්ම පුදුම සහගතයි..මේ වීඩියෝ බලන්න ..තෙරුම්ගන්න මේ චීවරේට මුවාවෙලා ඉන්නෙ කවුද කියලා ...හේමරතන පොඩ් දරුවෙක් දූෂණය කරලත් ඌ හරි කියන ඌගේ ඒ පහත් ක්‍රියාව සාධාරණීකරණය කරන මිනිසුන්ට ඒ වයසේම දියනියන් සිටී..නමුත් යම් ප්‍රයෝජනයක් ලැබු නිසාවෙන් ඌ නිවැරැදි කියා උද්ඝෝෂණ කරනවා ..ගලබඩ යා කියන්නේ ඒවා සාමාන්‍ය දෙයක් ඒක ගනන් ගන්න එපා කියලා .එහෙමයි අපේ හාමුදුරුවනේ කියලා වදින නින්දිත ජාතියක් ද මෙහි සිටී..මිනිසුන් ආකල්පමය වශයෙන් දියුණු විය යුතුයි එවිට මෙවැනි අමනයින් බිහි නොවෙවි"
"Kasun Lakmal","https://www.facebook.com/kasun.lakmal.5876060","Happy birthday තිත්තේ. ඇගිල්ල ගොඩක් ලෙව කන්න එපා.😂😂"
"Fawmy Rikas","https://www.facebook.com/fawmy.rikas.2025","තිත්තෙ leak  කරගත්ත එහෙනම්"
"Ws Sampath","https://www.facebook.com/ws.sampath.79","මේ යකා සාසනයෙහි රටයි දෙකම එකපාර කෙලෙසුවා"
"Imesh Maduranga","https://www.facebook.com/people/Imesh-Maduranga/pfbid02se5839rtsSWYsCcEqGaZyS4eMZkYjDptaa94ZvPT8LS8fLk9rfjUp1yVvXaTVxMFl","Happy birth day සින්දුව පාලියෙන්ද අර කියන්නේ🤭"
"Awishka Madubhashana","https://www.facebook.com/awishka.madubhashana","ප්‍රතිපදාව ? 😒"
"Duminda Disanayka","https://www.facebook.com/duminda.disanayka","Mun nikamma nikam kahakadyo witari"
"Gamini Rathnayaka","https://www.facebook.com/gamini.rathnayaka.1213","දන්නැති හින්දා අහන්නේ මේක බික්සුවක්ද"
"Dammika Thero","https://www.facebook.com/dammika.thero.9","මෙයා බිස්නස් කාරයෙක් ප්‍රසිද්ධවෙන්න රඟපානවා නිසි කාලේ මහ නූනාම ඕක තමයි ප්‍රශ්නය"
"Manjula Wijewardena","https://www.facebook.com/manjula.wijewardena.12","Mahanayakawaru...mewa..dakke nate..."
"Dewage Jayanth","https://www.facebook.com/dewage.jayanth","සගසමුලු පවත්වා තිරනගන්න ඔින මෙිවට"
"Suramya Rupasingha","https://www.facebook.com/suramya.rupasingha.2025","Thitta petiya"
"Ananda Jayarathna","https://www.facebook.com/ananda.jayarathna.986957","සාසනයට යන කල"
"Sumudu Rangana","https://www.facebook.com/sumudu.rangana.90","Meyada Buddhism rakinna dangalanne.mams hithanne, meyagen buddagama beranna wei wage.mewa nayaka hamuduruwanta penne nadda,naththan meyata bayada?"
"Dammarathana Hamuduruvo","https://www.facebook.com/dammarathana.hamuduruvo.2025","Jvp එකට බැන බැන සමාව ඉල්ලීම් වැරදි රටට විහිළු තම තමාගෙ අදහස් වැරදි බව සමාජයට පෙන්නීම"
"Dehigaspe Lakkana Himi","","සසරම  ගිනි දැල්ලෙන්  දැවෙන  පවුකාර  අදම සත්වයෝ"
"Chamara Janaka","https://www.facebook.com/janaka.satharasinghe.1","ඇයි මුව සිවුරෙන් පන්නනන් බැරි අපේ එවුන්ට😒"
"Roshan Tharanga Waduarachchi","","මෙවා තමයි ලොකොත්තර සැප කියන්නේ, මහ නායක හිමිවරුන් ඇයි නිහඩ ව ඉන්නෙ...."
"Chaula Butt Chaula","https://www.facebook.com/people/Chaula-Butt-Chaula/pfbid02HNfbm1CEQLAKMseQhVwnXZUdX4dYuStAa1MnXsrrpXyce3shtRSGas2uDsdtob8ol","Nodakin"
"Lalinda Darshana","https://www.facebook.com/people/Lalinda-Darshana/61576146092122","Meka wenna ba  hode"
"Chaminda Nisshanka","https://www.facebook.com/people/Chaminda-Nisshanka/pfbid0hHxpziVUusePD2uDzZaNByCufNWbqWLAYMaJ6XSmcKEJf1wFRshJQCgeEa3tEEv9l","Sakkiliaya"
"Saman Kumara","https://www.facebook.com/saman.kumara.946954","Happy birthday 🎉💐🎈🎈 මචං"
"Somipala Kulatunga","https://www.facebook.com/somipala.kulatunga","මූ නේද අපේ ජනාධිපති ගෙ ධාර්මික කම ගැන කතා කරන්නෙ , දැක්ක තැන ගහල පන්නන්න ඕන"
"Sumith Rajapaksha","https://www.facebook.com/sumith.rajapaksha.5661","Kapiya..ghu."
"Sanjeewa Priyadarsana","https://www.facebook.com/people/Sanjeewa-Priyadarsana/pfbid02PiGUHBddHx96z32nufYwETYaQDyqakHxoJvFyB5sU7VUzptac2LTesdBYohzxRi6l","Iankavah agamah vinasakaranava mavaga unta galapanna gavmak"
"Dilan Jâké","https://www.facebook.com/michael.duplesiss","මරණ දඬුවම දෙන්න ඕන කාලකන්නියෙක් 🤬"
"Ashen Thilina","","hari sok 😁"
"Saliya Kuruppu","https://www.facebook.com/profile.php?id=100012468877574","Manjula Lokuge Kapila Liyanage අසිංහලයෝ අබෞද්ධයන් දෙගුන නොවි තියෙයි ද මේවා දකින කොට නේද"
"Kapila Liyanage","https://www.facebook.com/kapila.liyanage.441308","Saliya Kuruppu ඔබ වැනි අය"
"Saliya Kuruppu","https://www.facebook.com/profile.php?id=100012468877574","Kapila Liyanage අපි නම් බුදුහාමුදුරුවන් කියපු විදිහට ජීවත් වෙනවා මිනිස්සුන්ට වයිර නොකර."
"Jayantha Weerasena","https://www.facebook.com/jayantha.weerasena.7","ඔවා කරපල්ලා සිවුර ගලවල"
"Jayathu Disanayake","https://www.facebook.com/jayathu.disanayake","තිස්ස ජනනායක සර් නේද එහා පැත්තෙ ඉන්නෙ"
"Rheanyra Ivy Fabiana","","Nirmana Dulanjala @sanjaya bandara"
"Jeewantha Lakshan Liyanage","https://www.facebook.com/jeewantha.lakshan.94","මුන්ට දාන දෙන්නේ කවුද බන් 😂😂😂"
"Galagama Hamuduruvo Damminda","https://www.facebook.com/galagama.damminda.himi","රාජපක්ෂලාගේ නිකාය මේ රටත් සංස්කෘතියත් සියල්ල විනාස කරා ඒකේ කොටස් කරුවෙක් මේ...මූට ඕනි උනේ සමාජ අවධානය අරන් තවත් සමන්ත බඩ්ඩ කෙනෙක් වගේ ඉන්න"
"Asiri Kodithuwakku","","Dasun S Rathnayaka මේ වලටත් උබල කතා කරන්න ඕනි මං කියන්නේ නැද්ද බං Duminda Nayanajith Atapattu"
"සුරේෂ් මදුෂාන්","https://www.facebook.com/suresh95sm","කේක් එකට ධර්ම චක්‍රයක් හදල කාපිය වසලයා."
"Wijaya Dharmasiri","https://www.facebook.com/wijaya.dharmasiri.1","ඇගිලි ලෙව කන කැත නිදකින් පාගයා"
"Sumith Wikramarathna","https://www.facebook.com/sumith.djsumith","සිවුරු රදවන"
"Nandana Pushpakumara","https://www.facebook.com/nandana.pushpakumara.3726613","සමන්තභද්‍ර දෙක ද?"
"Kasun Chathuranga Withana","https://www.facebook.com/kasun.chathuranga.37819","Left side inna Thissa jananayaka neda..😂"
"Suneth Kalugalaarachchi","https://www.facebook.com/suneth.kalugalaarachchi","Mahanayaka mewada dakithwa"
"Arsunil Bcnm","https://www.facebook.com/people/Arsunil-Bcnm/pfbid02cpok8Zc8Tcf3SBTuyzUhn8CUj9uimG7aScKa5ypqRLHEbHJDRthpigwkaPEXvEyVl","මැදමුලනේ දඩ බල්ලෝ"
"Niluka Pallewatta","https://www.facebook.com/niluka.pallewatta.5","තිස්සයත් ඉන්නවා."
"Harshani Wan","https://www.facebook.com/harshaniwanigusuriya","😡 Nodomakin Bududahama vikunan kana  hora cheewara weshadhariyo,"
"Roshan Perera","https://www.facebook.com/roshan.perera.796569","මු කතාකලොත්  ඌගෙන් බනඅහලා රහක් උන අය ඉන්නවාලු. මුවැද්දෙක්  වැද්දන්ගෙන් බන අහලා එහෙම පුලුවන්ද  බන්"
"Asitha Basnayaka","https://www.facebook.com/people/Asitha-Basnayaka/100088008325414","මාළු දැලක් අදිනවා වගේ....😂😂😂"
"Madusanka Vpr","https://www.facebook.com/madusanka.vpr","Adoo thiththe neda"
"Roshan Perera","https://www.facebook.com/roshan.perera.94651774","මුන් සිවුර දාගන්නේ ආතල් ගන්න කාලකන්නි හැත්ත"
"Shamali Renuka","https://www.facebook.com/people/Shamali-Renuka/pfbid0jZtXRYDEP4A4ti1aNNB7qXgn1KPf1C2wKBknWY5YeHyeYWMKqgAqPfgTfYvAoaj3l","Guruhorekuth innawa"
"Suresh Rajapaksha","https://www.facebook.com/shashi.1234567","Thiththaa bro happy birthday bn"
"Amw Adikari","https://www.facebook.com/amw.adikari.2025","ඉස්සර රගපු රැගිල්ල හෙන"
"Lintan Jayasiri","https://www.facebook.com/people/Lintan-Jayasiri/pfbid033aUxUqMNomAnpSQ6QuxwRGsdMaLf4KhyDEbmxV1z9J7n8px3J3JotT2XqJEdLj6Rl","ගොඩක් ධාර්මික තිත්තේ අයියා"
"Keerthi Bandara","https://www.facebook.com/people/Keerthi-Bandara/pfbid02LrGWR8SCAtbBESiyzdqosGRRTFW3KPrCFpxBYoBCPpUxzZftaawvKsmaGVURr9hRl","අපේ එකාලට සත්‍ය අවබෝධයට කල් යනවා.මේ යකා ශාසනය වනසනවා කියල මම අවුරුදු ගානක් පෙන්වා දෙනවා."
"Lalith Priyantha","https://www.facebook.com/lalith.priyantha.58","එල මචං තිත්තගල්ලේ.. Happy Birthday!"
"Kumari Kumari","https://www.facebook.com/people/Kumari-Kumari/pfbid0ggFYpShBLSFiwc15L2UZRh2J1kQqjWB8UooJo3jTMrPAEsZX5refVbR2EgFC8BYgl","ධාර්මික බව සිවුර  යටින්  බේරෙනවා"
"Damith Nishakara Rathnayaka","https://www.facebook.com/damithnisgakara.tathnayaka","මචං තිත්තේ...එල..එල.. මචං එල...... තද..තද...ආ.... තදඅඅ......"
"Tharanga Dilruk","https://www.facebook.com/tharanga.dilruk","Ane sadu"
"Chaminda Mahinda","https://www.facebook.com/people/Chaminda-Mahinda/pfbid02VofvUFbRLZgabmNLypvELfrXTfyYdZJFSSvfmxoGGSke2njiuGoBwGWkD2VuNPPzl","කේක් කාලා,සිවුරෙන් අත පිහ දා ගන්නවා දැක්කද?නොදකිං බල්ලා."
"Kumudu Kumara Silva","https://www.facebook.com/kumudu.kumara.silva","මූට ගුරු හාමුදුරුවෝ කෙනෙක් නෑ  ආමි ඒකෙන් පැනලා සිව්රු දාගෙන නිධන් කඩලා හිරගේ හිටියේ"
"Danika Wijayasena","https://www.facebook.com/people/Danika-Wijayasena/pfbid0EReKkrBL1SX1ccNdS3u4W8W5JUMnWRGsryYCWJ4EtQK6dEoHLjxxsymoXSNSVEpel","මේක ඇත්තක් නම් මේ ගරහන්නේ අපේ නිර්මල බුද්ධ දර්ශනයට නේද"
"Gamini Kumara","https://www.facebook.com/people/Gamini-Kumara/pfbid0fah42VSM2JARsdwETU3JPpomFrq6WBZyuvUJ86XTtnNcqkCMBhydEkMpZxjjsdMTl","තිත්තගල්ල උබ එලවන දවස වැඩි ඈතක නෑ."
"Pramod Madushanka","https://www.facebook.com/pramod.madushanka.495996","ඇඟිලි දෙක ලෙවකාලා ගිහින් අර එකෙක් එක්ක නටනවා පෙරේතයා"
"Viraj Buddhika Pemathilka","https://www.facebook.com/virajbuddhika.kusumsiri","මේවා කිරීමෙන් පින් රැස් වෙනවද. 😁😁"
"Sumal Salinda Kodithuwakku","https://www.facebook.com/sumal.salinda.kodithuwakku","Thiththa bro set wemu welawaka API 🤣🤣🤣"
"Mahesh Img","https://www.facebook.com/people/Mahesh-Img/pfbid0TdKL2zGLeJXquJtqVMLxH2ivY7iFMXnLPWkLbdsuLPMmPqfbvHvcejM3rn8Qw3iBl","ඔික  සක්කිලියෙක්නෙ"
"Rohan Rohan Gamini","https://www.facebook.com/rohanrohan.gamini.9","නිවන් මගට ඉතා ලගයි"
"Sp Franando","https://www.facebook.com/people/Sp-Franando/pfbid03aGQese9p9MHxv9nFtdSzSuDGxEpF2HMQCLegqNURGquYgCLEjkFKu4zj9SRATnDl","මරුනේ. ලැජ්ජයි. සංගායට. ගියා. කල. B😭😭😭😭"
"Ruwan Rajapakshe","https://www.facebook.com/people/Ruwan-Rajapakshe/pfbid02LfM7a6bqB9qo2fwuuNqpoNCjdhSgmUQcJt7fo8jS1jnhmMoqYeZmRSFHivmaGwkjl","දැන් අපිද සංඝ රත්නයට අපහාස කරන්නේ. කෝ මේ රටේ මහ නායක හිමිවරුන්ට මේවා පේන්නේ නැද්ද. අනිත් ආගම්වල වුන් මේවා දැක්කම පුකෙන් හිනා වෙනවා ඇති 🥲"
"Ashan Sampath","https://www.facebook.com/people/Ashan-Sampath/pfbid02qAa2U5n8qB6a7iwokavwZsWhqiN4jB3zGU7d7G1fiUzadFFsKQdBM19KEP9zcdiRl","Pissu huththela"
"Kemal Bandara","https://www.facebook.com/kemal.bandara.2025","Puke amaruva hoda karanna apita tamai yanna venne"
"Anura Kithsiri Kumarasinghe","https://www.facebook.com/people/Anura-Kithsiri-Kumarasinghe/61581884744683","ධාර්මධර විනයධර Mr. තිත්තග්ල්ල"
"Prasanntha Manjula Gamlath","https://www.facebook.com/people/Prasanntha-Manjula-Gamlath/61586413571162","අනුර කුමාරට විවාදෙකට එන්න කීව හාදය නේද"
"Mahinda Kumara","https://www.facebook.com/mahinda.kumara.761857","පර ගනය"
"Sampath Senadeera","https://www.facebook.com/people/Sampath-Senadeera/61576829704860","Saseneth kanawa,jathiyath kanawa,muge nikaya mokakda danne,kauda mun mahana kare"
"Dammika Dias","https://www.facebook.com/dammika.dias.564","ධර්මිෂ්ඨ  සිල්වත් Mr තීත්තගල්ල සාදු"
"Samarasingha Nalin","https://www.facebook.com/samarasingha.nalin.79","අයියෝ ganayo ....ru kalakanni ya palhora makabewiya ..."
"Nilan Prasantha","https://www.facebook.com/people/Nilan-Prasantha/pfbid02NJgqKnqyoQgZW7kY6ujjcng6UhLP9KEQpB93qUh6V6ABA3ZKDnGf4hKPmPb9kS3Xl","Mokkuda.ban"
"Ranga Lakmal Ranasinghe","https://www.facebook.com/rangalakmal.ranasinghe","Mugeth සිවුර galawanna ona."
"Roshan Gunarathna","https://www.facebook.com/roshan.gunarathna.446533","මහනායක හාමුදුරුවරු මේ දවස්වල skip කරන video. 💔"
"Anurudda Basnayaka","https://www.facebook.com/anurudda.basnayaka.33","තිත්ත අයියාට happy birthday 🤣🤣🤣"
"Tatoo Sampa","https://www.facebook.com/sampath.fernanda","ඇට දේකේන් එල්ලලා ගහන්න ඔන කැරියට"
"Nevil Shantha Arambawatta","","ව්‍යවස්ථාව හරියටම තියෙනවා බෞද්ධාගම සුරක්ෂිත කර පෝෂනය කලයුතුයි කියලා...ඵ් උනාට මෙහෙම අය පෝෂණය කලයුතුද කියලා හිතෙනවා."
"Chaminda Liyanage","https://www.facebook.com/chaminda.liyanage.33449","Happy birthday to you"
"Kumara Dasanayaka","https://www.facebook.com/profile.php?id=100083012073355","මුන්තමයි සාසනේ ගැනකතා කරන වල් පරයෝ මුන්ගෙත් සිවුරගලවලා හැකිඉක්මනින් හිරේදාන්න ඔනේ"
"Bhadra Wijewantha","https://www.facebook.com/bhadra.wijewantha","අනේ දෙවියනේ මේවාද අපේ බුදුරජාණන් වහන්සේ මේ තරම් සාරා කල්ප කල්ලක්ෂයක් පෙරුම් පුරලා පෙරුම් පුරලා අනන්ත දුක් විඳලා දේශනා කළ ශ්‍රී සද්ධර්මය අපි නං් ගිහියොනේ මේගොල්ලෝ හොඳට පොතපත කියවලා මේ ගැඹුරු ධර්මය අවබෝධ කරගත්තෑයෝ ගිහියෝ වෙලත් අපිට පුදුමාකාර භයක් බයක් තියෙන්නේ කේන්තියක් ගිහිල්ලා කෙනෙක්ගෙ හිතක් රිදවන වචනයක් කිව්වත් අපිට දවස් දෙකක් තුනක් යනකම් ඒ මතේ බුදු පහළට ළඟ ඉස්සරහට යන්න හිතෙන්නෙත් නෑ. පෘථග්ජන කමට පුංචි කෙනත් දෙයක් කෙනෙකුට තව කෙනෙක් කියපු දෙයක් නිකන් කියවුනත් හිතට මා බයක් දැනෙනවා. මහා ලොකූ බයක් දැනෙනවා දැනෙනවා. මේ සසර අපිට මේ දිගු වෙයිද මේ සසරඅපිට භයානක වෙයිද කියලා එහෙව් අපි මේ ශ්‍රී සද්ධර්මය ගැන අබමල් රේණුවක බිඳක් තරං නොදන්න අපි එච්චර සසරට බය නම් මේ හාමුදුරුවරු මේ හාමුදුරුවරුන් වටේ ඉන්න මිනිස්සු මොනවද මේ හාමුදුරුවන් ගැන හිතන්නේ ඔය පිටරට මිනිස්සු ට මේ හාමුදුරුවරුන්ට මෙන්නම ලොකු අපායක් හැදෙනවා සිවුරේ ඉඳගෙන මහා ධර්මය කෙලෙසනවට සදෙව් ලෝකවාසී සියලු දෙවි දේවතාවන් වහන්සේලාට මේ යව නඩුව පේන්නන ඕනේ"
"Hashen Iduranga","https://www.facebook.com/people/Hashen-Iduranga/pfbid0BvWC1W8rCnbmUFKendnzWBiBtMDneLwfUE7DxfLFgzg7XVZD7WMSbvE4TNsUpAGQl","Maha lukuwata katha karana tissa jananayaka lokkath innawa neda jiwa viddiyawe nirmaththru"
"Darashana Weerasinha","https://www.facebook.com/darashana.weerasinha","Mun h#ka gaththa data ape gon pa#kku siurata kelinawa kiyala hemanenna hadanawa."
"Priyanka Kariyawasam","https://www.facebook.com/people/Priyanka-Kariyawasam/pfbid0q1izVeuTE8V5gKDysYyqkjB5pKVqsXBGh6U2XXb1C8EjAF4ua74YGB8GfgtTMDool","තිත්තයා🤣🤣🤣🤣🤣🤣"
"Wilson Silva","https://www.facebook.com/wilson.silva.62835","Nayaka. Saadu. Thopi. Ko"
"Damitha Peiris","https://www.facebook.com/damitha.peiris.2025","තිත්තගල්ලේ ඇගිල්ල ලෙවකාලා තිස්ස  ජනනායකගෙ රෙද්දත් එක්ක ගැලෙව්වා.(තිස්ස ජනනායකගෙ චැනල් එකේ මේ සම්බන්ධයෙන්  තිස්ස ජනනායකම නැවත රෙදිගලවගන්නවා.) ඒක වෙනම කතාවක්. මේ ටියුෂන් මුදාලාලිලා අදාල පැය දෙකේ උගන්නන්නෙ නැතිව චැනල් හදාගෙන විදින දුකක්., බණ්ඩාර දිසානායක , බන්දුල ගුනවර්ධන, උපුල් ශාන්ත සන්නස්ගල, තව ගොඩක් ඉන්නවා....ආදර්ශයට"
"Dahamsa Fernando","","Kiyanne.  Kohomada.....minissu.  HAMUDURUWARU.  kiyana.  Ayata.  Baninawalu....ko.  Me.   MAHANAYAKALA"
"Piyathissa Kodithuwakku","https://www.facebook.com/piyathissa.kodithuwakku.1","එහේ සංස්කෘතිය එය නම් ඉවත්ව කටයුතු කිරීමට තරම් දැනුමක් ද ඒ හාමුදුරුවන්ට තිබුණේ නැද්ද? වීඩියෝ කැමරා එහෙම අරගෙන ඇවිල්ල සැලසුම් කරලා කරන ලද දෙයක් නොවේද. අර පොඩි හාමුදුරුවෝ ලවා ලංකාවට කුඩු අරගෙන ආවෙත් ඒ ඒ රටවල සංස්කෘතිය අනුවද?"
"Nimesh Chanaka Wijesooriya","https://www.facebook.com/wijesooriyachanaka","තිස්සයත් ඉන්නේ ලගින්ම 😂😂😂"
"Pushpa Kumara","https://www.facebook.com/people/Pushpa-Kumara/pfbid02JNSPGDT1WWaeHFSXpD6LYuFdaCtRLdarJoTwF8QFMUr2vdnrjCv2JGZo5EBS5LFcl","Assan  laksa 50k ganna hadapu sadu aiya upandina patiysk lakwasiyani"
"Nilansenavirathna Nilan","https://www.facebook.com/nilansenavirathna.nilan","On athsan lk50 ganna apu eka siura galavala gahann one"
"Nirani Damayanthi","https://www.facebook.com/nirani.damayanthi","Pissu huthtala🤣🤣🤣🤣"
"Durage Chaminda","https://www.facebook.com/durage.chaminda.2025","චීවරය ඉවත් කරලා ගල් ග.ල මරන්න ඕන"
"Rohan Senadeera","https://www.facebook.com/rohan.senadeera.77","මහානායක හාමුදුරුවන්ට වෙලාවක් තිබ්බොත් මේවට අවශ්‍ය ක්‍රියාමාර්ග ගන්න,,"
"Indunil Pushpakumara","https://www.facebook.com/indunil.pushpakumara.296168","ඔකා භික්ෂුවක් නෙවෙයි රට කන්න ආපු හොරු රකින්න සිවුරු දාගත්ත එකෙක්"
"Malani Premathilaka","https://www.facebook.com/malani.premathilaka.35","Ara ළඟම kama කන kena aduragaththda"
"Indika Roshan","https://www.facebook.com/people/Indika-Roshan/pfbid033JDASdtxUnn8Yn28Gr9Kym8QNQSb9XWvuJaLM9x3TwAiXNzGH9xYrmT3vRscBkLEl","මූන් නිසා අපේ ශාසනයත් ඉවරයි"
"Hettiarachchige Madushanka","https://www.facebook.com/hettiarachchige.madushanka.1","සම්මා dance 💃"
"Anura Kumara","https://www.facebook.com/anura.kumara.940","ඒක තමා කියන්නේ ගෞහ ජීවිතයේ සැප සම්පත් භුක්ති විඳින්න ඊට පස්සේ තමන් කැමති ධර්මය අවබෝධ කරගත හැක."
"Thusitha Illanganthilaka","https://www.facebook.com/thusitha.illanganthilaka.7","මහනායක හිමිවරුනි මේ පුන්‍ය කර්මය බලලා සාධු කියලා වත් කියන්න කඩේ වහලනෙ ඉන්නෙ උතුම්වූ බුද්ධ චීවරය ගැන පන්සිල් පද පහ වත් හරියට රකින්න බැරි අපට තිබෙන ධුක ගවුරවය ඔබ වහන්සේලාට නැති එක රටෙ මිනිස්සුන්ට ලොකු ප්‍රශ්නයක් බුදු සරණයි බුදු දහමට"
"Geetha Wickramasinghe","https://www.facebook.com/geetha.wickramasinghe.2025","Meke inna mahanaka kiyana undela ninde mun me siwru degena me awaman karanne budu dahamàta munta nitimaya piyawara nedda jandipati tumani oba tuman hari kriyatmaka wenna me awamañ wenne ape budu dahamata"
"Priyantha Dissanayake","https://www.facebook.com/priyantha.dissanayake.18659","මේ කෑගහන හැම කෙනාගෙම හැසිරීම් මෙහෙම තමයි. චීවරේ විතරයි. විනයයි, හික්මීමයි, ධර්මයයි විතරයි නැත්තෙ. මොවුන් මුලු සමාජෙම විනාශ කරනවා."
"Nilantha Priyarathna","https://www.facebook.com/nilantha.priyarathna.9","රාජපක්ෂ නිකාය.🤮👊🥵"
"Dilshan Perera","https://www.facebook.com/dilshan.perera.184007","Happy birthday machan"
"Asela Janaka","https://www.facebook.com/people/Asela-Janaka/61575640943551","ඇක්කා"
"Priyantha Dissanayake","https://www.facebook.com/priyantha.dissanayake.359126","Maru sadu go ahead"
"Nimali Karunarathna","https://www.facebook.com/people/Nimali-Karunarathna/pfbid0NrFVrpW7NT5WW5LWkLNdUWp4t13kFm7AXv2aUy1XUiVAcGxd5ivYvz4DjJ7WnBrPl","නනසාර පාට් 2"
"Theekshana Aththanayake","https://www.facebook.com/people/Theekshana-Aththanayake/pfbid0Pkzuki3Fmr8BBP2juEFkZAuYwLBfRZeRWTWHn1RmuXT3fRRMZeP2L8xid5F92FSxl","තිස්ස  සර්  එතන හිටියද"
"Dhanu Malli","https://www.facebook.com/dhanushka.sudharshana.2025","සුබ උපන් දිනයක් බිරෝ 😄😄😄"
"Athula Munasinghe","https://www.facebook.com/people/Athula-Munasinghe/pfbid0T8p786HALmzpwyDGatuvYUMwGxV14wRmrsj6wJ49VcEtihjGWmX8gwpDu7XGcuWhl","සාසනය  සහ විනය ගරැක බව පිරිහේමින් පවතින  අතර නිවන පේන මානයකනමි නැත"
"Chaminda Thilakarathna","https://www.facebook.com/chaminda.thilakarathna.520900","මේවත් ඔය අටුවාවල තියෙනවද...."
"Ajith K Arachchi","https://www.facebook.com/people/Ajith-K-Arachchi/pfbid02A1mHp1aKF3gZRptxruRNf7Kqas7QqxX7CZ9w7y5d9KNBzwXcDY7BqSnGNaGNEf4Ul","Baiyo,,horskal,theyini,,janathawage,mudal,wethrak,neme,,jathiye,,abimanayAth,,wenasa,karala to"
"Dimuthu Asiri Nawalage","https://www.facebook.com/dimuthu.nawalage","සුබ උපන්දිනක් කොල්ලො මචන් පුතේ"
"Ravindra Ravindra Kumara","https://www.facebook.com/ravindra.ravindrakumara.73","කාලකන්නි සිවුර ගලවන්න ඔන මුන්ගේ සිවුරට මුවා වෙලා තක්කඩිකම් කර කර ඉන්නවා"
"Agni Anju","https://www.facebook.com/anju.agnipantiyaga","Munge siyru galawanna one"
"Suranga Dissanayaka","https://www.facebook.com/suranga.dissanayaka.9889","බුදු දහම විනාශ කරන්න වසලයා"
"Darshana Madhusanka","https://www.facebook.com/people/Darshana-Madhusanka/100076580888499","මේවගෙන්  ආගම පිරිහෙන්නැද්ද එතකොට.. නිකමට වගෙ අහන්නේ.. බයියෝ එහේම නැද්ද අහල පහල"
"Mujith Priyantha","https://www.facebook.com/mujithp2013","සාසනයෙන් නෙරපා ප්‍රමාණවත් නැහැ රටින් පිටුවහල් කළ යුතුයි"
"S Samee Nissanka","https://www.facebook.com/s.samee.nissanka","සිවුර දාගෙන ඉන්නෙ.තමන්ගෙ අරක්සාවට.ගුටි නොකා ඉන්න මිනිස්සුන්ගෙන්....කො මෙ දාටන දෙන ගිහියො"
"Sithum Pahalage","https://www.facebook.com/sithum.pahalage","මුත් එකද බන් අර මානුෂයට විවාද කරන්න එන්න කිවිවෙි"
"Dhammananda Himi","https://www.facebook.com/people/Dhammananda-Himi/pfbid02oTQZSpqg31nRqFtqzv9pcrdExUniyDhbu9NbUHn6rPnQwcreS9PEqtsqQfvFNAzwl","අප්පිරියයි තිත්තයා"
"Jeewani Ambawatta","https://www.facebook.com/people/Jeewani-Ambawatta/pfbid0UzPFkV44wgbjEADxxJkZvgrkcHEj8HTYQxUj4q1vViVd8RxwUKZCAKv4pYrL8Phkl","බුදු දහම උගන්නන විද්‍යා ගුරු තිස්ස ජනනායක කවුද දැක්කෙ"
"Nilantha Gamage","https://www.facebook.com/nilantha.gamage.1840","Kalakanni ballek"
"Nimal Rathnayake","https://www.facebook.com/people/Nimal-Rathnayake/pfbid098mG5MNdHayxrUXiprUVrjHc84oHaf8EpvqanMGmATDx97nVYNqwDmX63eyQEF3yl","අනේ දෙවියනි මුන්ගෙන් බුදු දහම බේරා දෙන්න..."
"Manju HettygeDon","https://www.facebook.com/manju.hettygedon","munge siyuru galawala dhaduwan denna me lankawe balayathiyena aka keriyek nedda"
"Saman Herath","https://www.facebook.com/saman.herath.716881","සාසනය විනාශ කරන්න ආව එකෙක්"
"Thisum Ranasinghe Chanuva","https://www.facebook.com/people/Thisum-Ranasinghe-Chanuva/100090868794797","🥲 දැන් නම් දර්මෂෝක රජතුමා කරපු දේ කරන්න වෙයි"
"Ramyalatha Disanayaka","https://www.facebook.com/people/Ramyalatha-Disanayaka/pfbid02BhBMqZABWcWwmHH1RGyhghkfEry2p8UeYJVMCpr8m4LyWGU7YuZcUjVBUZahJxsbl","උපන් දින පාටියක් වෙනරටකදී ඒ අය දුන්නත් මූ නටන එක වැරදී"
"Lesandu Hewage","https://www.facebook.com/people/Lesandu-Hewage/pfbid0XAXEtZmmDKttBwUJoQDsHd2KtvKtv9u2ahrhkFXE4EWJkSieT1569N9YiSjDeP1Al","තිස්සයයි, පුස්සැල්ල siruth ඉන්නවා 😂😂"
"Ediriweera Patabandige Chathuranga","https://www.facebook.com/people/Ediriweera-Patabandige-Chathuranga/100081328410626","රට විනාසයි"
"Padmasili Narangoda","https://www.facebook.com/padmasili.narangoda","Redda pallen berenawa darmaya"
"Sudarshana Kumara","https://www.facebook.com/sudarshana.kumara.10","සාසනයේ විනාශ කරන කාලකන්නි awajataka ballek 😡😡😡😡🐂🐂"
"Priyantha Perera","https://www.facebook.com/priyantha.perera.507027","Nodokin mun wage kalakanni"
"Tharindu Madushanka","https://www.facebook.com/people/Tharindu-Madushanka/pfbid034E3vAYyrAYzoyiGTu9SzwA98GZeUtvH69pLumur4UkViTrg4VdkkHEKfo85Cnzp5l","Mahindala nikaye aya"
"Pradeep Dammika","https://www.facebook.com/pradeep.dammika.371750","Munwage kalakaninta neda api sadu sadu kiyala wadine"
"Nuwan Damayantha","https://www.facebook.com/nuwan.damayantha.3","සිල්වත් උපාසක අම්මලා පව් 😭🤣"
"Nishantha Nishu","https://www.facebook.com/nishantha.nishu.9","මේ නිකාය රාජපක්ෂ නිකාය..... මුන් පිස්සු වැටිලා ඉන්නෙ මුන්ට තිබිච්ච සැප නැතිවුනාම..... මේ දවස් වල පේනව ඒව...."
"Nadee Senarath","https://www.facebook.com/nadee.senarath.285064","Nodakin munta gahala pannanna oni"
"KAvishka Dissanayaka","https://www.facebook.com/kavishka.dissanayaka.248647","මේ තට්ටයට එහා පැත්තේ ඉන්නේ තිස්ස ජනනායක සර්ද 😶"
"Nisham Mohomed","https://www.facebook.com/people/Nisham-Mohomed/pfbid0VUEUNAWbgUie2sHKg9iRoWaYKKERBoJKiCyEZdwQwCyKLqwPXNGXSTGdpbeGbTfZl","Budhagama wikunanne nethuwa , siura galawala, eluwellen netuwath apita parasnayak neha, oya eththatama thiththai"
"Rathnayaka Win","https://www.facebook.com/people/Rathnayaka-Win/pfbid02w6oMdf4fDL6crvc8hAUfuK6wssFAZdxE4WKNQSAtMgN7Hg6SDqGjddx819TmjkE6l","Pau Kara negantayo"
"Anu Rathnayake","https://www.facebook.com/people/Anu-Rathnayake/61557419924430","සංගයාට බැරි නම් රජයෙන් වත් බුදු දහම රැකගන්න....බුදු දහමට නොගැලපෙන බික්ශුන් ගෙ සිවුර ගලෝල...දඩුවන් දෙන නීති හැදුවනම් හරි...මොකද මහනායක අනු නායක හාමුදුරුවෝ  බයයි....කිසිම කෙලින් තීරන නැහැ බුදු දහම රැක ගන්න"
"Lucky Putha","https://www.facebook.com/people/Lucky-Putha/61583577426140","Okun nikanma nikan minissu"
"Gamini Pathirage","https://www.facebook.com/people/Gamini-Pathirage/pfbid0T47iE9BkakjCZf7buFDk6YNuRHuiyCZyXu44BcAG4fLwzcNt5mMntn5fseSeuLCDl","සාගර. දැක්කත්.  දන්නෙ. නැහැ"
"Chathura Vikum","https://www.facebook.com/chathura.vikum.7","ඇගිල්ල ලෙවකකා යන්නෙ සක්කිලියා"
"Rasitha Bopegama","https://www.facebook.com/profile.php?id=100010475736333","අඩෝ මු පට්ට ආතල් එකක් ගන්නවා තව අඩියකුත් ගහනවා ඇති උපාසිකාවෝ දානෙ පිලියල කරපල්ලා හරියට"
"Sameera Madushanka","https://www.facebook.com/people/Sameera-Madushanka/pfbid037f2odp7DesQFhX7CvLQa6Mkqx34Ea22v56LK5o1vd8LJVepCwvp7RZkscV9b6svYl","චෝයි"
"Janthu Malli","https://www.facebook.com/janthu.malli.2025","Muuta salli daapalla thawa...dan acount 1ta salli wetenakm ragana  huttek. Thawa daapalla."
"Malaka Mihira Bandara","https://www.facebook.com/malaka.mihirabandara.397","Kauda me kahapata andan inna ponnaya"
"Dinuka Jayashan","https://www.facebook.com/dinuka.jayashan.277930","Pinwathuniiiii Tawa Dollar 💵 tikak danna account ekata sadu Karayak denna"
"Pradeep Priyantha","https://www.facebook.com/pradeep.priyantha.448891","සිදුහත් කුමාරයා බුදු උනේ මේවගේ සැණකෙළි බලලා කල කිරිලා ...දැන් ඉන්න සක්කිලි .වේස ඝණයො ඒකට ...ඔතනදි බඩුවකුත් ගහන්න ඇති .."
"Kms Jayasooriya","https://www.facebook.com/people/Kms-Jayasooriya/pfbid07u82xQGUGytKJiA4tTJTQPQFdNyL92Bv8XkWHopgXUuG4yqCYd8cbhyDcoyX9pjEl","Rodi.pakaya"
"Kumara Dharmasinghe","https://www.facebook.com/people/Kumara-Dharmasinghe/61594134514801","kari ganayo"
"Gamini Wijeveera","https://www.facebook.com/gamini.wijeveera","Dan.mokutma.na.muta.paubam.skkiliya"
"Bhikku Kathiyana","https://www.facebook.com/kathiyana","Gamini Wijeveera"
"Sanath Shantha","https://www.facebook.com/people/Sanath-Shantha/pfbid0rTNyiu2pMohi6XJVDpjqEZd2sGR3tkozoAwCeLjyqUrP29EcXHTXaUsFEQwFfa4ml","Thiththagallayage darmatok kohomada munwage balu kalakanni apathayo ula thiyanna ona thawa me gon pakaya anura janadipathita abiyoga karanna enawa monwal ballekda mu"
"Shanaka Fernando","https://www.facebook.com/profile.php?id=100004748293274","තිස්ස අයියත් ඉන්න වා"
"Ranga Malinda","https://www.facebook.com/ranga.malinda.79","මේ තිත්ත ගල්ලෙ පොරව ඇතුලට දාන්න බැරිද 😂"
"Randil Bhagya","https://www.facebook.com/people/Randil-Bhagya/61583937511771","එල තිත්තේ එල"
"Rasika Amapriya","https://www.facebook.com/rasika.amapriya.7","මුන්ට ඔන්න ඔන්න ඔය සැප..ඕක නැතුව තමා මූ දගලන්නෙ..."
"Priyan Anutthara Dissanayake","https://www.facebook.com/priyantha.dissanayaka.9212","හිනා වෙන්න නෙමෙයි මෙවට අඩන්න ඔනේ..."
"Dulaj Rathnayaka","https://www.facebook.com/dulajrathna","විකාල බෝජනා වගේ මං දැක්කෙ 😂😂😂😂😂"
"Nishantha Pathmasiri","https://www.facebook.com/nishantha.pathmasiri.334592","බුදුරජාණන් වහන්සේ කොසොල් මහා රජතුමාගේ  ⁣සිහින දහසය ගැන දේශනා කරද්දි එක සිහිනයක් ගැන මෙහෙම කියනවා  මගේ මේ ධර්මය විනාශ කරන්නේ කවදාහරි මගේම බුධ පුත්‍රයානන් විසින්මයි කියලා එය ඇත්තක් වෙලා අද මහා බෝසතානන් වහන්සේ සියලු සැප සම්පත් අතැහැර සියලු සත්වයා දුකින් මුදාලිමට අනේක දුක් පිඩාවන් සාරිරිකව විදිමින් අවබෝධ කර ගත් උතුම් ධර්මය විනාශය කරන මේවැනි දුක්ෂිලි භික්ෂුන් නැති කරන්නේ බෞද්ධයන්ගේ සද්ධාව සහා භක්තිය  තමාට මෙවැනි ගිහියෙකු ලෙස ජිවිකාව ගෙවිමට අවශ්‍ය නම් බෞද්ධයන් වන අපේ කිසිදු විරෝධතාවයක් නෑ ඔබ බුදු රජාණන් වහන්සේගේ ධර්මය  සහා සිල්වත් භික්ෂුන් වහන්සේලා අපහසුතාවට පත් කරන්න එපා අපි එදා ඇත අතිතයේ භික්ෂුන් වහන්සේ නමක් වෙනුවෙන් පැවති ඒ ගරැත්වය විනාශ කර දමන්න එපා ජනතාවට අයිතියක් නෑ භික්ෂුන් වහන්සේ නමක් යහමගට ගැනිමට ඒ එකට උත්තරය බුදු හිමි දේශනා කරා මෙවැනි චිවරය දරාගත් භික්ෂුන් සාසනය තුලින් පන්නා දැමිම මහානායක අනුනායක හිමිවරුන්ට අයිති දෙයක් නැත්නම් මෙහෙම හිතන ගොබ්බ මානසිකත්වයක් තියෙන එවුන්  තමයි ඉදිරියෙදි බිහි වෙන්නේ අම්මා තාත්තාගේ උවමනාවට මම මේ ලෝකයට අවානම් ඒ ගොල්ලෝ මාව බලාගන්න ඕනි මම රස්වල් කරන්න ඔනද මම මගේ අනාගතය ගැන කරදර වෙන්න ඔනි නෑ ඒක අයිති දෙමාපියන්ට ඒගොල්ලන්ගෙ උවමනාවටනේ මම අවේ කියන සහා හිතන අමනයෝ බිහිවෙන්නට මුල සදාචාරාත්මක නැති සමාජ වපසරියකින් වැඩේන නිසා බව තරයේ මතක තියා ගමු"
"Lalith Priyadarshana","https://www.facebook.com/lalith.priyadarshana2","අල්පේච්චයි සංවරයි .. සාදු සාදු සාදු 🙏😊"
"Kalingu Charith","https://www.facebook.com/kalingu.charith","Gammk thmy sudda 🤭🤣"
"Nuwan Aravinda Bandara","https://www.facebook.com/nuwan.aravinda.bandara","මූ මේ ඊයේ පෙරේදා දවසක කියනවා ඌට හිතුනොත් වෙනම නිකායක් හදනවලු,ගෑනු ගෙනල්ලා තියාගෙන ඉන්න පුළුවන් ,කාගෙන බීගෙන ඉන්න පුළුවන් එකක් ..එහෙම උනොත් ඉතිං ප්‍රශ්නය භයානකයි කියලා ඌම කියනව.ශාසනෙන් යන්නෙත් නෑලු කියලා .ඒ වීඩියෝ එක තියෙනවා සමාජ මාධ්‍යයේ ..."
"Prasad Nishshanka","https://www.facebook.com/prasad.prasadnishshanka.3","Hirushan Fernando හොදමුතේ..😄😄"
"Jayasinghe Jayasinghe","https://www.facebook.com/jayasinghe.jayasinghe.546366","ආතල් ගන්න විදියක් නෑ"
"Chanaka Udaya Sampath","https://www.facebook.com/chanka.udayasampath","මුං නං සාපයක් නේ....🤑"
"Shan Samantha","https://www.facebook.com/shan.samantha.2025","කරුමේ කියන්නේ උගතුන් යැයි කියාගන්නා ගුරුවරයත් එහා පුටුවේ ඉදගෙන ( තිස්ස ජනනායක )ධර්මේ වලදනවානේ..මෙහෙම උන්ගෙන් ඉගැන්වීම ලබන දරුවන්ටත් දෙයියන්ගේම පිහිටයි...( මේ අවුරුදු කීපයකට පෙර දාපු වීඩියෝ එකක්, මේකේ සම්පූර්ණ වීඩියෝ එකේ තිස්ස ජනනායක හා තිත්තයා  මත්ද්‍රව්‍ය පානය කරමින් වීදුරු අතේ තියාගෙන ඉන්න කොටස් තියෙනවා )"
"Wasan Jaye","https://www.facebook.com/wasan.jaye","සම්මා birthday"
"Lakshman Chandana","https://www.facebook.com/lakshman.chandana.102715","මෙන්න තිත්තෙගෙ වැඩ නියම බවුධ්ධයා"
"Anura Priyantha","https://www.facebook.com/rajah.lingam.9","සිව්ර බල්ලන්ට ගිහින් ද . බල්ලෝ සිවුරු ඇදලද."
"A Ananda Ananda","https://www.facebook.com/people/A-Ananda-Ananda/pfbid0PZK8MneGbcBcuk7LBLoMC2hcWndUsq6SmgdHbA6dsrDg3hNqDJCYq7G3Q5u5Nk5bl","Pahara.ballata.danaya.dena.unta.hena.hathama.gahapan.sasana.gana.kegahana.ballo.balapiyae"
"Thilak Jayawardhana","https://www.facebook.com/thilak.jayawardhana.779","කැකිරාව හිමියන් ට දීපු දඩු වම් මූ ට නැද්ද?"
"පුන්චි ගොවියා ගොවිතැන","https://www.facebook.com/people/%E0%B6%B4%E0%B7%94%E0%B6%B1%E0%B7%8A%E0%B6%A0%E0%B7%92-%E0%B6%9C%E0%B7%9C%E0%B7%80%E0%B7%92%E0%B6%BA%E0%B7%8F-%E0%B6%9C%E0%B7%9C%E0%B7%80%E0%B7%92%E0%B6%AD%E0%B7%90%E0%B6%B1/61592364309230","කොන්ඩෙ නැති නිසා කලිසම ඇන්දොත් උබල තට්ටය කියන නිසා චීවරේ පොරවගත්ත.දැන් මොකෝ කියන්නෙ.😕😕😑"
"Priyanthi Rammaya","https://www.facebook.com/priyanthi.rammaya","Budda  sasanayata  apahasa karanna  ipaduna pawkarayo tikake kalakanni"
"Nalindaperera Laxman","https://www.facebook.com/nalindaperera.laxman","Onna ara gothaya වෙනුවෙන් peni hitina aka athakota u කොහොම ඇද්ද නේද"
"Upali Kariyawasam","https://www.facebook.com/people/Upali-Kariyawasam/pfbid034VENNitXD3srxskZVt85iVdgrt46fvnrHDV8fyCPCdLSNGnre6AWumXCXU8EqkcWl","Thiththa gallege thiththa aththa. Ooona bala ganna."
"Uditha Wijesena","https://www.facebook.com/people/Uditha-Wijesena/pfbid031gcnpBjChyTpZsNgXd7dwLma43TYFyNNkwnGkwF7YPocGZ5yXQef3cQnEEG5vZT7l","මේකනම් මඩ ගහන්නම බලාගෙන ඇද්ද පරණ වීඩියෝ එකක්. කොච්චර පරණද"
"Madumal Thilakarathna","https://www.facebook.com/people/Madumal-Thilakarathna/61581224514846","ඔන්න ධර්මිෂ්ඨ පොර😁😁😁"
"Sumith Ranaweera","https://www.facebook.com/sumith.ranaweera","ස්වාමීන් වහන්සේ ලා වුවත් ...සතුට භුක්ති විදීම වරදක් නෑ....හබැයි බුදූ දහම හා සාසනය ඇති සීමාවන් තුල සිට......එහෙම නොවුනහොත් මිනිසුන් තුල ඇතිවන කලකිරීම ආගම දහම පවා දුරස් කරයි......"
"AK Hettiarachchi","https://www.facebook.com/people/AK-Hettiarachchi/pfbid0y5N16iKWM6qhaogpkJiNQ5SLLZieq55BSraywFNwqUn5u1qBuFxmVvKTDPQEMhByl","Hikuwa neda hamuduruwane"
"Pradeep Suranga","https://www.facebook.com/people/Pradeep-Suranga/61583639103064","මාර සිල්වන්තයි  ඩයල් එක 😂  සාදු සාදු සාදු 🙏🙏 ගිහි අපි  හොදයි  😂"
"Lanka AI Pic","https://www.facebook.com/people/Lanka-AI-Pic/61561569646054","තිස්ස ජනනායකත් ඉන්නො"
"Shashika Mapatuna","https://www.facebook.com/people/Shashika-Mapatuna/pfbid0hE98bd5NRECWragr36T5ZQYao7sMZXfw4c5dQS21k6k1bZHYtrYo9RfUhUD2wNMfl","මෙයත් හිරේ ඉන්න ඕන කෙනෙක්"
"ඉරෝෂ් ජයරංග","https://www.facebook.com/people/%E0%B6%89%E0%B6%BB%E0%B7%9D%E0%B7%82%E0%B7%8A-%E0%B6%A2%E0%B6%BA%E0%B6%BB%E0%B6%82%E0%B6%9C/pfbid02vriGgkLqJ8k3EXxipiR411JmNTekbgyeD9Bx9wCaJDLWuo9htfJZkHt3J21EqNn6l","දං ගෙඩියා."
"Saman Deshapreya","","බණ. කියනවා"
"Smc Nalaka","https://www.facebook.com/people/Smc-Nalaka/pfbid0gCBfSMj6k2oRuC85PvJtqXbKk1p9hZrhNJCNveFL6Sj5dXRwvwpovnVjgZhkwXESl","මටනම් පන්සල්  එපාවෙලා තියෙන්නෙ,ගමෙ පන්සලටවත් යන්න හිතෙන්නෙ නා,ගෙද්‍රර ඉදන් බුදුන් වදලා පඩුවෙ ඉන්නවා"
"Vijenayaka Gamini","https://www.facebook.com/vijenayaka.gamini","මේ කාලකන්නි හාමුදුරැවරැන්ට මේ කපේදි ගැලවිමක් නැත බුදුදහමට අනුව නම් මු අවිචි මහා නරකාදියේ කල්ප ගනාක් මේ බුද්ද පුතුුයෙක් හැසිරෙන ආකරය මහා නායක හිමිවරැන් බලා සතුටු වන්න."
"Niroshan Yateendra","https://www.facebook.com/people/Niroshan-Yateendra/61582525332075","ඇගිලි සූප්පු කරකර යන්නේ Dance කරන්න. තිත්තෙට පුලුවන් Dancing Clz එකක් උනත් දාන්න උන්දැගෙ තැනක.😃😃"
"Rohana Jayasinhe","https://www.facebook.com/rohana.jayasinhe.2025","Muga sidra falawala g  gahapiyaw"
"Samantha Rsp Usp","https://www.facebook.com/samantha.kumara.253070","මෙහෙම එකෙක්ද ...මේ  රගපෑවේ...... අපි අහුවුනා තිත්තේ...."
"Manage Sarath Chandra","https://www.facebook.com/sarath.marakkalamanage","මූ සාසනෙත් කනව"
"Chathuranga S Herath","https://www.facebook.com/chathuranga.sampath.581","පිං බත් කෙලල විසේ"
"Ruwan Ahangama","https://www.facebook.com/ruwan.kumara.10485","ඇඟිල්ලත් ලෙවකනවා පෙරේතයා...😂"
"Pabandu Padmabandu","https://www.facebook.com/pabandu.padmabandu.2025","Thopilage ammala genath redi galawala hukapiya kahakadayo"
"Prabath Wikrama","https://www.facebook.com/people/Prabath-Wikrama/61577857847483","Ma pakaya gahala alavapalla ganvala kollo nadda kondapanatina"
"Samith Hemasiri","https://www.facebook.com/samith.hemasiri.1","Gaththu fun"
"Nuwanpriya Sasitha","https://www.facebook.com/Nuwan.Priya.944","කටෙ ඇඟිලි ගහල අරුගෙ අතින් අල්ලනව අප්පිරියයි යකු 🤮🤮"
"Anuruddha Hettiarachchi HA","https://www.facebook.com/profile.php?id=100000081414301","Muditha Dananja Patabandhige  සම්මා ආතල් 😂😂😂"
"Kalum Dissanayaka","https://www.facebook.com/people/Kalum-Dissanayaka/61585178244405","Bhikku Kathiyana di kiriwalata balalluth සාක්කි  kiuwalu."
"Nadeeshani Jayaweeara","","අර ""බුද්ධාගම අනතුරේ"" කියලා කෑමොර දීගෙන මැරෙන්න හදන රාජපක්ෂ නිකායෙන් මහණ වුන බය්යෝ කොහෙද දන්නේ නෑ නේහ් 🤮🤮😡"
"Kasun Priyankara","","නියරේ පිය නගලා"
"Madusha Sasantha","https://www.facebook.com/madusha.sasantha","Kaaaala kanni wesige putthu.."
"Hutch Hutch","https://www.facebook.com/hutch.hutch.2025","මු ගල්සාදු සුප්පුවා සුප්පුවා සුප්පුවා සුප්පුවා සුප්පුවා මුංට වදින්න එපා 🤣🤣"
"Susil Gaamini","","තිත්තයා😂"
"Shantha Mariyan Fernando","https://www.facebook.com/shalanka.fernando","මේ මිනිස්සු දන්නවනම් මූ නිධන් හොරෙක් කියලෘ පැනලා දුවන්නෙ 😂😂😂😂😂😂😂"
"Sarath Anawaduge","https://www.facebook.com/sarath.anawaduge","Me thami budu dahama wenas karan sasthruwaraya"
"Prabashvara Pandukabhaya Mendis","https://www.facebook.com/prabash.gunasekara.3","Happy Birthday Thiththagalla bro 🎂"
"Manoj Rathnayake","","කැරි තිත්තයා"
"Chandu Gamage","https://www.facebook.com/chandu.gamage.815682","Thissa sar innawa 😁😁😁"
"Dilrukshi Dilrukshi","https://www.facebook.com/dilrukshi.dilrukshi.3954546","ගවයෙක් නේ"
"Rohita Kumara","https://www.facebook.com/people/Rohita-Kumara/pfbid02NRnZCxuL9QPnqfXcHECfmqVipTPS91Pm6Q6CXMPtYC3yA69z712Q9tfxR9Hmebecl","ඕකගේ පුකේ  අරීන්ද්ද ona😂"
"Sinnathampy Mariyathas","https://www.facebook.com/people/Sinnathampy-Mariyathas/pfbid0qjSej5DMsAKhnHork9CwnsVhGqFo85UDdfhpvvynrkozgowJrinA2phEoJ5Meh9nl","අනුරාධපුර පල්ලේගම අටමස්ථාන අධිපති  Karaa vage නෙමෙයිනෙ?"
"Lohitha Dinesh","https://www.facebook.com/lohitha.dinesh.9","මහින්ද මහත්තයාගේ සම්බුද්ධ ශාසනය ආරක්ෂා කරන අය😪😪😪"
"Mhd Fasrin","https://www.facebook.com/mohamed.fasrin.77","Aba saranai"
"Viraj Udayanga","https://www.facebook.com/viraj.udayanga.988","දැන් ඉන්න බහුතරයක් ඔහොම තමයි අරක්කු බොනවා ගෑනු තියන් ඉන්නවා තව ටික කාලයක් යද්දි ශාසනය ඉවරම වෙලා යයි"
"Prasad Priyankara","https://www.facebook.com/prasad.priyankara.3348","Happy birthday 🎂✨🎁bokka"
"Nandana Upul","https://www.facebook.com/profile.php?id=100090861528748","බුද්ද සාසනයේන් නෙරපිය යුතුයි 🤔🤔🤔🤔🤔🥲🥲🥲🥲"
"Sarath Sarath","https://www.facebook.com/sarath.sarath.914730","ඕන් බුදුන්ගේ මග යන කාල කන්නි මුන් තමයි අපේ බුද්ධා ගම නැතී කරන්නේ"
"Pamudina Heshan","https://www.facebook.com/pamudina.heshan","දැං ඉන්නෙ  ආරමවල  රුක්කමූල වල නෙමේ  කෙලින්ම   ඇමරිකාව ජපානේ   ලොකු රටව   හොටෙල් වල  🙂   අනික  යූටියුබ් එකේ  ගොඩක්  යනව   ගිහි  සොවහන් කියල  කියාගෙන  ගිහි බන  කියන   අය    හාමුදුරු වොත්   එහෙමයි      සමහර වෙලාව  ක්‍රිස්තියානි අයගෙ  දහම  මුස්ලිම් දහමත්   එකතු කරමින්   බන  කියනව   ගොඩක්  ගෑණු  අයගෙ  මනස  විකෘර්ති කරනව  පවුල් ජීවිත විනාස   කරනව.............  අසපු  ගැන  මුලින්  මාත්  හොදයි කියල  හිතුවට  ඒවත්  තනිකරම  වියාපාර වෙලා    වත පිළීවෙතින්  පිළිමවලින්   පිළිවෙල    ඕව  වලින් මිනිස්සු අන්දනව  ඇස්  වල      ක්‍රිස්තියානි ආගම්  වල  වගේ   සාන්තුවරුන්ට  කැපවු   දේවස්ථාන වගේ  රහතන් වහන්සේලගෙ  සෑයවල්  හදනව   මේව  හොදයි වගේ පෙනුනට  කූට වියාපාර   මේවට  ගොඩක්  අය බනී  ඒත්  ඇත්ත  මේව  නිකමට  මහ මෙව්නාව  පිරිත්  පොත ක්  බලන්න සමහර  පිරිත්  කොටස්  අඩුඉ  අනික  පිරිත්  ගායනා  කරන්නෑ"
"Rukshan Dewinga","https://www.facebook.com/rukshan.dewinga","සම්මා ඩාන්ස්.."
"Wasanthi Sanjeewanee","https://www.facebook.com/wasanthi.sanjeewanee","Cheewaren  aathal  ganna  dadooriyo"
"Manoj Darshana","https://www.facebook.com/manoj.darshana.942","හැපි හැපි බර්ත්ඩේ ටු යු තිත්තයො 🎂😀😀"
"Somarathna Gwg","https://www.facebook.com/people/Somarathna-Gwg/pfbid0i5irPdj3u3qAxWE2wPsChtaYUVeXJwh5NJeJxWrkcApyR7pEBmemtcDSkws6Rz1Ll","Sangadhi karanaya  andada,"
"Dhanushka Sanjeewa","https://www.facebook.com/dhanushka.sanjeewa.670733","Mahanaayakala nidida."
"Lalith Kithsiri","https://www.facebook.com/people/Lalith-Kithsiri/pfbid0S7BcgCZ7cPUwPHG7XXW1UmBNkcLtXDw7PKm3xVoJyKy793Ggf1cZErrVcm6rvJKsl","ඉපදිම බුදුවිම සැමරිම කියද බූදුන් දේශණා කලේ"
"Karunarathna Lck","https://www.facebook.com/karunarathna.lck","Thitthagalle kariyane nodakin"
"Chinthana Fernando","https://www.facebook.com/people/Chinthana-Fernando/pfbid02ZwyftFbuQv2WQi9Su6qyYyyo1cgdqEMei64fSkFQzezUt2Cj7m8ApioHBo65zKWl","Mutada hamaduruwo kiyanna sakili hatha"
"Manoj Gunarathne","https://www.facebook.com/manoj.gunarathne","Hammata bokkage birthday eka"
"Lakmal Niko","https://www.facebook.com/lakmal.niko","කවුද බං මේ වගේ උන් මහණ කරේ උන් මහණ වෙලා තියෙන්නේ සැප ගන්න මිසක් වෙන දේකට නෙමෙයි"
"Ishan Akalanka","https://www.facebook.com/people/Ishan-Akalanka/pfbid0LT1PMBaMrry3Vff4ZmgLJE9PdtuCmc1HoYuvnXnM5qeqPGHvKiMPfDPPYZ9nyETCl","Dannam oyawa thiththama thiththai"
"Prasanna Madhusanka","https://www.facebook.com/prasanna.madusanka.14606","සම්මා නිග යෝ"
"Chathura Warnakulasuriya","https://www.facebook.com/chathura.warnakulasuriya.7","බඩුවකුත් ගහමු හොදේ... ගැම්මක් ඈ...."
"Dazun Wijewardana","https://www.facebook.com/dazun.wijewardana","අර එහාපැත්තෙ ඉන්නෙ තිස්ස ජනනායක ද බං"
"Diluki Nishangika Egodage","https://www.facebook.com/enoka.sadamali.1","පව්කාරයඔ"
"Thilak Senevirathna","https://www.facebook.com/thilak.senevirathna","තිත්තගල්ලේගේත් අවසන් අවධියද🥹🥹"
"Sriyani Ediriveera","https://www.facebook.com/people/Sriyani-Ediriveera/pfbid023oG7jmZArei71YSqVtzgBm4495qwJNxGXt2qvJPfc9xpirXTV3tV81n3AYYvo8nil","අයියෝ සාසනේ ඉවරයි"
"Jhon A B","https://www.facebook.com/mahesh.bandara.12","😢😢😢 dukai kanagatui lejjai hmdruwne"
"Prasad Kumara","https://www.facebook.com/prasad.wanigasundara","කෝ මේ නායක හාමුදුරුවෝ නරකද මේක ගැනත් ප්‍රකාශයක් කලානම්"
"Shyamal Shyamal","https://www.facebook.com/people/Shyamal-Shyamal/pfbid029B4F5cxqC3NCPQzCbRgZZNtN6NZKiEvTWDABVny8BFfG2Eu1DYdWD6zHznTDxUMvl","තිත්ත නංගිමොනාද බන් බන් කරන්නේ"
"Kumara Milinda","https://www.facebook.com/people/Kumara-Milinda/pfbid0BGpvNpPhkjbHDhQgPkNC6azYzcDxztrK4vT42ayRWFbCFA1SN7FoTFhxnR1raFnvl","Hare celvath   sadu keyapalla"
"Chaminda Silva","https://www.facebook.com/people/Chaminda-Silva/pfbid028FyobtXGAaPKs25qDyUGUvTP5seP2nzqu5x4xKGSmKEBxwf5xG4bsfRz8beNJ2gXl","Ma okkoma rata jatiya wanuwan tama"
"Dhanushka Tissera","https://www.facebook.com/dhanushka.tissera.2025","සිවුර ගලවන්න එකෙක් නැති හැටි 😅"
"Vipula Siri","https://www.facebook.com/vipula.siri.2025","Okata tamai kiyannea kibi ganaya kiyala.agilla ghala leawakannea oka."
"Susntha Gamage","https://www.facebook.com/people/Susntha-Gamage/pfbid023L4vrYGPXr9nihu2XAMKyLZQ8z6HrkMZNfHZJwkhkMy2rr1BDBrGHTiZR6tMS2W2l","Mewa bala bala mahanayaka kiyana kattiyath ennawane ammapa"
"Paul Jayasinghe","https://www.facebook.com/people/Paul-Jayasinghe/pfbid02NbWKiEiNcQLUUxyHS49HywJjYTx4vx5dDMXoxjAxMvsA1JTnjKBm65Wx1BkYdtHWl","කවුද ඒ හොර ගනය"
"Lahiru Perera","https://www.facebook.com/lahiru.perera.75491856","තිත්තෙගේ ඇත්ත"
"Wimalasurendra Madurasingha Mudiyanselage","https://www.facebook.com/wimalasurendra.madurasinghamudiyanselage","Budda chiwarayata karana niga mahanayaka hamuduruwange ai me"
"ThaRindu HaRshana","https://www.facebook.com/tharindu.harshana.509","ආතල් එකේ ඉන්න ඕනි😁😁"
"Wishwa Sooriyabandara","https://www.facebook.com/wishwa.sooriyabandara.233638","ඔය කට්ටියම මෙයාගෙන් බන අහල නිවන් දැක්ක"
"Sanjeewa Ranasinghe","https://www.facebook.com/people/Sanjeewa-Ranasinghe/pfbid027epCLdVqEAZfhHHpg5vENpLSp29DY8XiGUvHKDDVBzVmd9hCWwscRPHCZRZVpA2ql","Chiwarayata tiyana ගරුත්වය kalama dano 😥"
"Suminda Wimalasiri","https://www.facebook.com/suminda.wimalasiri.5","මෙයාලා සිවුරු දාගෙන එයාලගේ ආතල් එකක් ගන්නනේ"
"Bandula Kumara","https://www.facebook.com/bandula.kumara.5623","නෙදකින් කාලකණ්ණි අපතයෝ"
"Kavishwara Madushanka","https://www.facebook.com/kavishwara.madushanka","ඒක බලද්දි මටම ලැජ්ජා හිතුණා 😁"
"Samanthi Hewage","https://www.facebook.com/samanthi.hewage.501717","හාමුදුරුවෝ ඊජිප්තුවේ"
"Adeesha Perera","https://www.facebook.com/adeesha.perera.668489","පිටිදූවේ හාමුදුරුවො ,තිත්තගල්ලෙ හාමුදුරුවො ,ඉත්තෑකන්දේ හාමුදුරුවො ,වලවහැංගුනුවැවේ හාමුදුරුවො ආදී කොපමණ අය සිටිත්ද.ඔවුන්ගේ දේශපාලන මතය බැලූවිට ඔවුන් කවුරුන්දැයි සිතා ගත හැකිය"
"Sanju Priyankara","https://www.facebook.com/sanju.senanayake.2025","Caරි තිත්තයා"
"Kavishka Suraweera","https://www.facebook.com/kavishkasure","Crima athal meyla gnne😏"
"Kamal Kumara","https://www.facebook.com/kamal.kumara.92167","Kari.gothaya.😭😢😂😭😮😢😂😭😮😢😂😭😮😢😂😭😮😢😂😭😮😢😂😭😮😢😂😭😮😢😂😭😮😢😂😭😮😢😂"
"Tharindu Hasanka","https://www.facebook.com/Tharinduhs","මහනායකලා දොයි😂 සමහර පොඩි නායකලා පට්ට ආතල් එකේ ඔනී කුපාඩි වැඩක් කරන් ඉන්නවා😂"
"Sanka Perera","https://www.facebook.com/sankaperera.perera","තොපි වගේ කාලකන්නි පකයල..දැක්ක තැන ..අරින්න ඕනි.."
"Darshana Madusanka","https://www.facebook.com/darshana.madusanka.7739","කොන්ඩෙත් ව්වවාගනිම් තිත්තෙ"
"Nalinda Srinath Weerasinghe","https://www.facebook.com/nalindasrinath.weerasinghe","මෙය මහානායක හිමිවරුන්ගේ  වරද, උන් වසන්සේලට ලැබෙන සැප සම්පත් සහ ගරුබුහුමන් ගැන සිතන එක  හැර මේවැනි දේ ගැන සොයාබැලීමට කාලය නොමැතිව ඇති.  තවද  මෙවැනි දුක්ශීලයින් සිටින අතර මොවුන්ව සාසනෙන් නෙරපිය යුතුය."
"Smw Weerasinghe","https://www.facebook.com/people/Smw-Weerasinghe/pfbid02fFgqx1DQ485TjSrV5PHbxYy3nARyk378g3H4UWcLcFfLnwvNE31avoRmNY8sRTXSl","Pissek"
"Niel Hettiarachchi","https://www.facebook.com/people/Niel-Hettiarachchi/pfbid02wP5B76ABP4syQ2q4ZfBD8vXKXHkZ8ZvzbfHjnKFL6Cjqupss4DGnBKvs8ZVaQE3Kl","Munda sadara a yak illana Amana ganayo"
"Niluka Dilrukshi","https://www.facebook.com/people/Niluka-Dilrukshi/pfbid02ga8musXdv1sQu8fHRtkrGGHnYUQNUsj2We35hntRgfxqyL8A9Vo3qtQQyq1kuKxTl","Ayyo mehemath dewal apita dakinna unane"
"Asela Indika","https://www.facebook.com/asela.indika.75","මෙයටත් වැඩි දවස් නෑ ටිකට් ඒක ඇදෙනව 🤣🤣"
"Rohan Namal","https://www.facebook.com/people/Rohan-Namal/61576944742761","Mewa apita wadak na rate innawane lokui kiyagath hamuduru waru..e ayata mewa penewa....."
"Kumara Kumara","https://www.facebook.com/people/Kumara-Kumara/pfbid02Dp9eskzQraDmMsQ2JgpcfRoxh2cFB91WR2XbFmbntV6PdymZESptq69142CTNXLal","Menna agama nivaradi karanna api Eun"
"Lahiru Udayanga Senadheera","https://www.facebook.com/profile.php?id=100011492160054","රතු ඉන්දියන් කාරයොන්ගෙ වැහි නැටුමෙ music එක වගේ."
"Sanath Bandara","https://www.facebook.com/people/Sanath-Bandara/100009348531009","බුදුන් වහන්සේ දේශනා කලේ ඉපදීම දුකක් කියලා."
"Tharanga Kumara","https://www.facebook.com/people/Tharanga-Kumara/pfbid0g4RwFy96q76aUc1R3UsrRrj5d9ogFqTJUADsaxyp33f7reYPCCpRY7cVfp63zx39l","Den pika amatuwa hodada oba wahansata"
"Pbokalawala Priyantha","https://www.facebook.com/pbokalawala.priyantha","කවූදමේ කහකඩයා🤣"
"Lakmal Jayathilaka","https://www.facebook.com/lakmal.jayathilaka.58","මෙ හොත්තට පිස්සු"
"Bandula Bandara","https://www.facebook.com/people/Bandula-Bandara/pfbid02vyGKeudJzm3uVkBZjeCFAf6UZTvshzakwa6u1jZi88JaEEEeu3nDrMyr4R7UNzrFl","Harene pukee amaruwa pakee sinhalayoo guu kaapeyaw"
"Lional Moralamda","https://www.facebook.com/people/Lional-Moralamda/pfbid0xdhShrKNLZDoxi2QyUzUnZd1PQCkrd8bQQ2WX6zWnRKKS8G5niYymPyf5MbD5XfSl","මෙ චීවර දරියා නරියෙක්"
"Sankha Weerakoon","https://www.facebook.com/sankha.weerakoon","හැපි හැපි තිත්තේ අයියා....😂😂😂😂😂😂"
"Mgt Rohana","https://www.facebook.com/people/Mgt-Rohana/pfbid02EjLQJTYeyDqRog2paTyTA6wNnzKVQzQAPzp1BUdQTB9wktbGjyETzJd9BESCkFhfl","(අ)දැහැමි තිත්ත"
"Sanja Jayasuriya","https://www.facebook.com/people/Sanja-Jayasuriya/pfbid037D3GXaUrhoKf5Rc6q3eqZy4a4B9iVNxGJBPSDAg6eJSxcSGbP64iMmPKZXHJvHwSl","ගලගොඩයගේ සිවුර ගැන කඑා කරන එවුන් මෙිවා දකින්නේ නැද්ද"
"Kumudu Nishan","https://www.facebook.com/people/Kumudu-Nishan/100008500360105","Me wagw wesige puththu issaroma mahana karanda one"
"Gunasakra Gunasakara","https://www.facebook.com/people/Gunasakra-Gunasakara/pfbid02yQ3669UofRRBkfkRPoJQybrgXMmNDpFZbF5rRRtbNfnt8QCo4FMv2w9vz1FaPTdFl","Dasane. Pirihenne    Munnisa nemeeda"
"Muthalif Mubarak","https://www.facebook.com/people/Muthalif-Mubarak/pfbid0ShoZ2SofuRBjaQgRjH261h8PGuiQxNYKKCsNq1r5Aq2KNGNg2CiPcXjc7BXnMcJkl","titakalla keri hamuduruwo"
"Ajith Weerarathna","https://www.facebook.com/anjana.umasha","Janaadhipathi thuma adharmishtai kiyala......pahugiya dhawaswala marenna hadhuwe moo nedha.....!"
"Antony Robin","","mun methama sapa illanne sudu reddak natthan wadi wenneth na 😂dan ballo wage🫵🏻"
"Nimalsha Pushpakumara Disanayaka","https://www.facebook.com/nimalsha.pushpakumara","තිත්තෙ අයියා😂"
"Asanka Weerasinghe","https://www.facebook.com/people/Asanka-Weerasinghe/pfbid0ccuNshErhXMN6kC7E8mMnepLSxn2aKJKCipJdyTUQJsLNqT51WkdFsSGMw76Zt2wl","සිව්‍රර අයිති , බවුද්දයන්ට , මේ වගේ වසලයන්ගෙන් සිව්‍රර ගලවන්න නීතියක් ගේන්න ඕනේ , ..."
"Lushantha Lushantha","","මොක්කුද මේ කාලකණ්ණි සක්කිලි බල්ල"
"Sunitha Wimalasena","https://www.facebook.com/sunitha.wimalasena","මහනවෙන්නේ සියල්ල අත්හරින්න 😭"
"Indika Karunarathna","https://www.facebook.com/indika.karunarathna.764051","මෙහෙම ආතල් ගන්න බඩු ගහන්න නැහැනෙ දැන්.. ඒ හින්දා පාරවල් ගානේ ඇවිදිනවා..😂😂😂😂"
"Agr Abanwela Abanwela","https://www.facebook.com/agr.abanwela.abanwela","ඇගිල්ල ලෙවකනවා. කවදාවත් කාලා නෑ නේද"
"Sachith Rasanga","https://www.facebook.com/people/Sachith-Rasanga/pfbid022sRPT67P1UWxtbMax9WVxabjfWZxkR9kZX8dqELQGvTsEiYRW7jE5GYphDAhjf1Hl","රාජපක්ෂ පවුල වෙනුවෙන් කඩේ යනවා කියන්නෙම ඉතිං හීනෙන්වත් හොද එකෙක් නම් වෙන්න බෑ.හොරෙක් නැත්නම් පාදඩයෙක්"
"Pawan Pawan","https://www.facebook.com/people/Pawan-Pawan/pfbid025Gt7rfGUhTDkKobvZyZhgFhRBtkURJDoYC6JJ4xuCxhucnfdHoa49JZXD1BJNBh2l","අඩෝ මචං මොකෝ. වෙන්නේ"
"Chaturanga Max","https://www.facebook.com/chaturanga.max.507","Ammata siri thitte bokka😁"
"Shalini Fernando","https://www.facebook.com/people/Shalini-Fernando/pfbid02pmR9st8pBQRkBDu3X3JR7Qbm3Ew4ttf95Gywvx4ioqESx7DZwAEpJAKTnuvDJsirl","Gammak Tama a ponna ganaya"
"Lahiru Prasath","https://www.facebook.com/people/Lahiru-Prasath/61591228735026","Nodakin me wage gon ciwara darin bududahama vinasa karana pakayala"
"Shihan Madusanka","https://www.facebook.com/shihan.madusanka.252410","තිත්තගල් අක්කා"
"Nalaka Dissanayaka","https://www.facebook.com/people/Nalaka-Dissanayaka/pfbid0kCap3doWKBET4PUCLVsdR7j4Q9gzsvYwWoKNpTshBgf5chSeGp5TuzXrYXSK4H2Dl","Gon pakaya oka"
"Gemunu Niriellage","https://www.facebook.com/chuti0","Janaka Nishantha මේවා 😆😆😆"
"Moahmed Shiran","","Samarak minussuntta oya. Siura penne sudhu hari kalu hari patak wage ekka kaha patata pili ganna kemathi na"
"Suneth Sanjaya","https://www.facebook.com/suneth.sanjaya.169","සම්මා ඩාන්ස් 😂"
"Pushpamal Fonseka","","වෙන ආගම්වල අය කරන එක  වැඩක් නෑනේ ස්වාමීන් වහන්සේ නමක් වුනාම සම්ප්‍රදායක් තියෙනවා සංස්කෘතියක් තියෙනවා පිළිවෙලක් තියෙනවා. ලෝකෙ කොහේ ගියත් ඒ ශ්‍රී ලාංකික භික්ෂූ වකගේ ස්වාමීන් වහන්සේගේ අනන්‍යතාවය පෙන්වනවා තමයි හොඳ. එහි කවුරු හරි කිව්වොත් මෙහෙ අය නම් බ .... ගහනවා කියලා ඒකත් කරනවද."
"Anuradha Wijenayaka","https://www.facebook.com/chapa.gangadari.1","""මහණෙනි.. ගිහිගෙයටත් නැතිව මහණ කමටත් නැතිව දෙලොවක අතරමංවූ පැවිද්දා දෙකොණින් ඇවිලෙන මැද අශූචි තැවරුණ ගමටත් නැති වනයටත් නැති සොහොන් පෙනෙල්ලක් වැනිය..""  ~ බුදුන් වහන්සේ ~"
"Lakmal Aludeniya","https://www.facebook.com/lakmal.kumara.12177276","කෝ මේ තිත්තයා ඉන්නවද 😂😂"
"Dinesh Wikramasinhe","https://www.facebook.com/dinesh.wikramasinhe","එල එල පහර පහර.. 😁"
"Sunil Wimalarathna","https://www.facebook.com/sunil.wimalarathna.396077","සාසනය කන බත් බැළයා..."
"Rathna Siri","https://www.facebook.com/people/Rathna-Siri/pfbid0YvCPiV53N2QzaMgKdx7cHXG6UParxDUGKGKiS5hZyRm1tuED8Lonmku9bHAB6vhCl","Budda Sasana Amatetumane Mawata Daduwamak Danna Neeteyak Nada"
"Hambanthota Hambanthota","https://www.facebook.com/diana.widanaarachchi","අනුන්ට බන කියන අය.තමන්ගේ පැවැත්ම ඔහොමයි .😁😁😁😁😁"
"Ravidu Ravi","https://www.facebook.com/people/Ravidu-Ravi/pfbid0GBD7mL5jPaTdEqZPRGzN9v9LfVbD8937vNsu1p54TM5P65WSRieGdFZN3NyYLiV6l","Aniwarayen mewage madiya thula pennana epa awata wedapiliwelak yodanna"
"Madu Madu","https://www.facebook.com/people/Madu-Madu/pfbid02XvrrqdJ6hSoejF6396b7P6CQHEZHLqmnSHrYDDCHMAgkQAj4dxvVdRtEBuu5V1uul","නොදකින් ශාසනේ කන්න ඇවිල්ලා ඉන්න හිඟන  බල්ලෝ."
"Hpb Bandula","https://www.facebook.com/hpb.bandula.94","Kosol rajathuma dakapu Heena 16 sabaa vee ganae Anne"
"Ananda Karunathilaka","https://www.facebook.com/people/Ananda-Karunathilaka/pfbid0ALsoqTuwJV3s25DHcCzPzfFS66hd7ZkxYYocs6WKkYeg4WrR6Fk1qtPiarjTFCEzl","නොදකින්..පෙරෙතයා"
"Pali Jayaweera","https://www.facebook.com/people/Pali-Jayaweera/pfbid02cfCMsxq4bq1LraXfTvi9zJXr38P85Tmq39bjQmpL4P2R8ZsgqogGBfX1C1wNqMaql","මෙි..ඇහුනද......චීවර වහන්සේ ...ඉවත් කරල හැමනියං තෝ..."
"Senadeera Ariyawansha","https://www.facebook.com/people/Senadeera-Ariyawansha/pfbid0whCggihq5njdDSt7RUG3jBcdkyCb2b982VJZZKLd2dxcA126J6vAuACyeKPHQeiMl","එනම ගහපිය කාලකන්නි ඇත්තට"
"Maithrie Fonseka","https://www.facebook.com/people/Maithrie-Fonseka/pfbid0EbumB8mF7baxiCxUH6UjESnLoXRM3WaJ3pweJfswz1RtbCSssDuFsRxaYPkhmBzBl","නොදකින් පරයා ඕකව දකින දකින තැන ගහලා එලවන්න තිත්තගල්ලෙ පරයා"
"Sanjeewa Pradeep","https://www.facebook.com/sanjeewa.sanjeewa.274154","මේවා  සිවුරට කැප ඇති  නේද.😂"
"Shiran Shiran","https://www.facebook.com/shiran.shiran.712714","අනිත්ය උගත් උන් කවද්ද බන් කසාදයක් කොර ගන්නේ"
"Shantha Abeyrathna","https://www.facebook.com/shantha.abeyrathna.735","Kar. Po"
"Parami Sulo","https://www.facebook.com/people/Parami-Sulo/pfbid0XHHxd8ZnmmB426XhRm6ef7znVvJrek445UVTq2piJSX8uj5MWXf3vV3NkqoZY18gl","thiththa petiyai dahampasl sr thissai 🤭 ijiptuwe"
"Kelum Kumara","https://www.facebook.com/kelum.kumara.351104","me gothayath aru wagema thama aruta issarawela mekawa yawanna ina athulata"
"Suraj Sanjeewa","https://www.facebook.com/suraj.sanjeewa.141539","තවත් අමන ඍණයෙක්"
"Basil Wood Craft","https://www.facebook.com/people/Basil-Wood-Craft/61590509044812","කාලකන්නි කල්ලතෝනි බල්ලෙක් මූ"
"Amisha Dewmini","https://www.facebook.com/people/Amisha-Dewmini/pfbid036m3jRLrVkWpJhHfDE7ufqMLkSg8yvtS3DCePVrZjCzQAwCaEkqR4Ha8tskqvPyztl","මෙයාටත් ජම්පරේ අන්දන්න වෙයිද"
"Rasika Sampath","","Happy barthday තිත්තෙ මචන්"
"Samantha Samantha Kumara","https://www.facebook.com/samantha.samanthakumara.102","Ponna ganaya"
"Sanka Kgs","https://www.facebook.com/sanka.kgs.5","ඔන්න අපේ බෞද්ධ දර්ශනයට කරපු දෙ මුන් .මුනට ගහන්න ඔනි සුවුර පපුට ඔබල"
"Ravidu Heshan","https://www.facebook.com/ravidu.heshan.79","Agillath lewa kanawa mala perathaya.."
"Kasun Madusanka","https://www.facebook.com/kasun.madusanka.5473","Baiyooo hitnne mun agama jathiya rakinna enwa kyla."
"Nandana Senarath","https://www.facebook.com/nandanasenarath.bandara","අනික් පැත්‍තේ ඉන්නේ බණ කියන තිස්ස අත්තනයා නේ"
"AP Perera SD AD","https://www.facebook.com/people/AP-Perera-SD-AD/pfbid033yJoVC6GqRhkeGw62PwVbCNNzeFnopUhdmuf1emc6B2rny3Z3KwDtxdpiTmn7KLRl","මේ මිනිහා සාසනය කනවා......සිවුර නැතිව ඕවා කලානම් ප්‍රස්නයක් නෑ.....මෙයා තේරවාදි බුදුදහම කෙලසනවා......තේවා බුදුදහම, විනය කියන්නේ සැබෑ බුද්ධවචනය........තියෙන තැන ඒකටයි මෙයා වලකපන්නේ..........කාලයක් පිටිදූවේ ලග හිටියනේ ඕවා පුරුදුවෙන්න ඇත්තේ ඒ ඇසුරෙන් වෙන්න ඇති....😭😭😭😭😭"
"Amil Tennakoon","https://www.facebook.com/amil.tennakoon","තිත්තේ පැණි රහ ද බලනවා ඇඟිල්ල ලෙව කාලා🤕"
"Rathnayaka Sajith Sajith","https://www.facebook.com/people/Rathnayaka-Sajith-Sajith/pfbid07JHTGz9Ty6yWnKeuEC36hgyABMLyCjGjJNMxsgTPi9EgWiDrQ5Xp9eCv9guP69zvl","මුන්ව ඉස්සරලා මහණ කල යුතුයි."
"Sachithra Nirmana","https://www.facebook.com/sachithra.nirmana.2025","තිත්තයා නයිටියකට උඩින් රෙද්දක් දාගෙන මොකද මේ කරන්නේ 🫠"
"Harsaha Rox","https://www.facebook.com/harsaha.rox","මේවා බලන්නේ කොහෝමද අප්පා"
"Thusith Aj","https://www.facebook.com/ajantha.thusith.96","Agama winasa karana awn"
"Ravindra Kumara","https://www.facebook.com/people/Ravindra-Kumara/pfbid0j3xyyF45r6fU4CDrJys3vfiqjXc5NqHpGQZPqF8dL8f3UvCQQwc5bok79iKvjU8vl","බුදුන්වහන්සේගේ බුදුදහමට කහ චිවරයට නිගාකරන අහිකුණ්ටක කහ සිවුරු කාරයන් සසුනෙන් ගහලා එලවන කාලය ලග ලගම."
"Pa Han","https://www.facebook.com/pahan.thathsara.9","කො අර නායක මෙ නායකලා මොකටද නායකකම් කරන්නෙ 😂"
"Rifqy Mohamed","https://www.facebook.com/mohamed.rifqy","අත්හැරීම 🤐🤐😂😂😂"
"Buddika Perera","https://www.facebook.com/Buddikapereraa","Nodakin sakkili balla."
"WS Darshana","https://www.facebook.com/ws.darshana.2025","ඉපදීම දුකක් නොව පට්ට ආතල් එකක් බව ඔව්න් පසක් කරමින් සිටියි"
"Sudath Priyankara","https://www.facebook.com/sudath.priyankara.750","මහ නායක හිමිවරැ මොකෝ මේ ගැන කියන්නේ ... බලමු..."
"Thilan Hasthika","https://www.facebook.com/thilan.hasthika.1","කෝ නායක හාමුදුරුවරු…"
"Sandun Liyanage","https://www.facebook.com/sandun.liyanage.7923","තිස්ස ජන්නායකයි පුස්සයි ඉන්නව නේද 😮"
"Nisansala Sandamali LD","https://www.facebook.com/nisansala.sandamaliathaudage","අස්ගිරියයි මල්වත්තයි කොයි"
"Malith Disala","https://www.facebook.com/malith.disala","Come on තිත්තේ... කැරකිලා...."
"Handy Roshan","","කරන හුත්තක් සිවුර ගලවල කරපං. බුද්ධාගම නොකා. කරන ඔක්කොම කුප්පාඩි වැඩ කරල එනව මෙතන බන කියන්න"
"Pradeep Gamage","","මොනවා උනත් රෙද්ද දාගෙන වාඩි උනා අපතයා."
"දිලීප ආර්","https://www.facebook.com/roshan.dileepa.56","තිත්තයි කිව්වට තිත්තම නෑ 😂😂😂"
"තිළිණ ජයවර්ධන","https://www.facebook.com/thilina.jayawardana.507","කේක් එක අල්ලලා ඇඟිලි ලෙවකාලා ඒ අත්වලින්ම තව ගඳයෙක්ව අල්ලගන නටනවා..මේකා නම් මළපෙරේතයෙක්!"
"RA G Nalaka","https://www.facebook.com/nalaka.gaiya","අපේ කාලේ සාදුලා ඒම නෑ..සාදූ..🤣🤣"
"සුදෙශ් නලින් තුෂාර","https://www.facebook.com/people/%E0%B7%83%E0%B7%94%E0%B6%AF%E0%B7%99%E0%B7%81%E0%B7%8A-%E0%B6%B1%E0%B6%BD%E0%B7%92%E0%B6%B1%E0%B7%8A-%E0%B6%AD%E0%B7%94%E0%B7%82%E0%B7%8F%E0%B6%BB/61582039331272","බුදු දහමට නින්දා කරන ම්නිස්සු. මහා නායක හාමුදුරුවරු මෙවා දකින් නැද්ද. සිව්ල් නිතියෙන් හරි මුන්ව සාසනෙන් නෙරපා හරින්න කටයුතු කරන්න. මෙවා දැක්කම තිත්තයි. දිපල්ලකො බුද්ධශාශන ආමත්‍ය කම එක අවුරුද්ද කට මට සුද්ද කරනවා තිතටම. බෞද්ධයෝ හැටියට ලැජ්ජයි දහමගැන කතාකරන්න මෙවගේ දකින කොට. සාමනෙර ස්වාම්න් වහන්සේලා කොට්යක් මහනකරත් පලක් නැ. මුන් සමගනේ ඉන්න වෙන්නෙ."
"Mushtaq Ahmedh","https://www.facebook.com/mushtaq.ahmedh.2025","කාපං හොඳට"
"Viraj Hewage","https://www.facebook.com/ranaweera.singappulihewage.9","විනයෙ පිටකයෙ මේ වගේ දේවල්ද ලියල තියෙන්නෙ."
"Uditha Prasanna","https://www.facebook.com/vihaga.randula","කවුරුවත් කලබල වෙන්න එපා අරූ කිවුව වගේ මුත් වැරදි බහෙතකින් ඉපදුන එකෙක්"
"Mihira Kumara","https://www.facebook.com/sumudu.kumara.534804","මූ යකෝ සක්කිලි යෙක් නේ 😂"
"Prasad Kumara","https://www.facebook.com/prasad.kumara.1069020","Aeththatam mewanm jathiyt adamant ratata sapayak"
"Sineth Mahimal","https://www.facebook.com/sineth.mahimal.2025","ලින්ග අන්තර්දහනය"
"Sarath Sarath","https://www.facebook.com/people/Sarath-Sarath/pfbid02eG2PpziPsjXQVnwWU1r5FD2vPwnuGFNgKg255Sb3nJHxDzGKLMjcoKGtV7aSZkZ7l","Me paka silwath kiwoth uth mu wagena sathek.gu kana akek."
"Ex","https://www.facebook.com/ex.547949","Onna weda"
"CH Prasanna Prasanna","https://www.facebook.com/wehellage","දළදාවට ඌරු දතක් කියපු එකා දැන් බුද්ධ චීවර ගැන කතා කරනවා😂😂"
"Sandaru Kanchana","https://www.facebook.com/sandaru.kanchana.2025","තිස්ස ජනනායක සර්ද අර ඉන්නෙ 🥲"
"Sampath Dambakotuwa","","මේ වනචාරය ඇඟිල්ල ලෙව කන්නේ හොඳට උරලා පුරුදුයි වගේ"
"En Shan","https://www.facebook.com/people/En-Shan/100087204305564","ගෞතම බුදුන් ඇතුලූ අතීත බූදූවරැ ජීවමානව හිටියනන් අද  .... උන් වහන්සේලා ඔය සමිබන්ධව මුකුත් කියන්නේ නෑ...... මධ්‍යස්තව දකිනවා..."
"Ven Dhammarathana","https://www.facebook.com/people/Ven-Dhammarathana/pfbid0GMusHC3eNNEExdrwhwtTDVHLm13qLeS4gHWnmYrumwafgZVMUopoMyT1CY2uoiYSl","👉 කිසීම වරදක් නෑ.."
"Ajantha Balasooriya","https://www.facebook.com/people/Ajantha-Balasooriya/pfbid0J64KK38ygfTWQqYcZz6pmZ61iv5GSRaWmnWaCnnQ86i3pwKLoXmndgexjRzEfJ3Ql","මහානායක දෙනාමට මේවා පෙන්නේ නැද්ද"
"Aruna Aruna","https://www.facebook.com/people/Aruna-Aruna/pfbid0R5fV3kDwegHp7LZEBT8TmCJyw5bmU33zHdRkLQ1BFPLa5m6PW2KwzGkQ8xhF8FGEl","මේ පරයා දැක්කමත් අප්පිර්යයි"
"Max Chanu","https://www.facebook.com/max.chanu.257966","Hanika yaman pulli gono song eka kiyapan🤣"
"Iresh Pramuditha","https://www.facebook.com/iresh.pramuditha.7","Happy b day cari ganayaaaa❤️❤️❤️"
"Taste Machan","https://www.facebook.com/taast.machan","විනයධර නැද්ද දැන් බික්ශුව...🤔😏"
"Harsha Perera","https://www.facebook.com/harsha.perera.56808995","මේ කැ ri යෝ සිවුර දාගෙන කරන්න පුළුවන් දහදුරා වැඩ ඔක්කොම කරලා  කෙළවෙන්න යනකොට බුද්ද සාසනේයි චීවරේයි ඉස්සරහට දාලා බේරෙන්න හදන්නේ  මේ වේC ගෙ පුතාලා දන්නේ නෑ මුන් මොකටද මහන උනේ කියලවත්  මේ සිවුර නෙවෙයි  සැප විදින්න ඇගේ ඔතගාතත්ත කහ පාට බෙඩ් සිට් එකක් 😂😂වේස බල්ලෝ  සාසනේ කනවා"
"KA Janaka Kuruppu Archchi","https://www.facebook.com/people/KA-Janaka-Kuruppu-Archchi/100079951931987","Suru galawala elawanna oni mahanayaka himiwaru namata,vitharada  enne?"
"Nlusha Kmudini","https://www.facebook.com/nlusha.kmudini","Sakkili  balla"
"Sdd Dharshana Darshana","https://www.facebook.com/sdd.dharshana.darshana","තවමත් හාමූදූරැවරෑන්ට වදින පූදන ගීහීයො ඉන්න එකත් පූදූමයි.තූ වීතරක් සීයල්ල ඇතැරලා නොවේ යි මූන් ඇවීල්ල ඉන්නෙ.සීයල්ල වීදීන්න..."
"Mayura Jansz Mayura","https://www.facebook.com/mayurajansz.mayura","Sandun Randika  මේවත් බලපන් අපේ හාමිදුරුවරු තමයි මේ.."
"Lalindar Liyanage","","Aiyo thithte"
"Devdas Dev","https://www.facebook.com/max.rox.1804109","තීන්ත ගල්ලයා  😂😂😂"
"Mohammed Ali","https://www.facebook.com/mohamme.ali.509","සාසනය රකිනවා"
"Subodha Himi","https://www.facebook.com/subodha.hamuduruwo.2025","තිත්තෙ අයියා😒😉"
"Reedluke Reedluke","https://www.facebook.com/people/Reedluke-Reedluke/pfbid02rKQXJt37A1RLRzb1BHhCEy6JyEs3jUaji4CK4t3vU9R4o6BH7HuZWHmcYgoMNT5Xl","Muuta naana wageama amu teresan sakkiliyek  muugea sewura galawala abudayak anndawanna oonea"
"Nimal Perera","https://www.facebook.com/nimal.perera.387533","Sewra galoola karapiya"
"Thushara Sampath","https://www.facebook.com/thushara.sampath.20669","මූන් ඔක්කොම කට්ට කපටි කෛරාටික වෙට්ට පිත්තල උන්.තොපි තමයි යකො සීවුර පොරොගෙන මෙ රට වීනාස කලෙ."
"Sumeda Ekanayaka","https://www.facebook.com/people/Sumeda-Ekanayaka/pfbid02eWzBGm7X4czseQSZd7LA8zFmpFzQnvA5Vz2SWdYHD6X4QmDUpMMPVbZ9jyDHzrSrl","දැන් වඩේ බැදගෙන නානසාරයා බලන්න බන්ධනාගාරයට යන්න පුළුවන් වෙයි. මේ නාටක බැරි වුනාම හොර හැත්තට පිස්සු"
"Js Fernando","https://www.facebook.com/js.fernando.90","හොර කහකඩ තිත්තයා හොටල් පාටියේ ඩාන්ස් කරණ මොහොතක්"
"Mahesh Kumara","https://www.facebook.com/mahesh.kumara.749669","sasanaya iwarai...para hatta..."
"Janaka Dissanayake","https://www.facebook.com/janaka.dissanayake.35","සමිිමා birthday party 😀🖕"
"Podi NK","https://www.facebook.com/nadeeka.k.lakmal","නච්ච ගීත වාදිත විසූක දස්සනා 🥺😭 බුද්ධ දේශනාවේ තියන්නේ විනයෝ නාම සාසනස්සච ආයු කියලා , සාසනයේ ආයුශ භික්ෂුවගේ විනය මතයි රඳාපවතින්නේ , 😔 කුනු හරුප මතක් වෙනවා මේවා දකිද්දි  හරිම අගේ මේවගේ මොඩ හුත්තෙක්ව තාමත් මිනිස්සු හිස මුදුනින් පිලිගන්නවට රිලා ගහාන්ඩ ඕනි අපිට ආන්ඩුවට යුතුකමක් තියනවා මේවට මැදිහත් වෙන්න බුද්ධ සාසනේ රැක ගන්න මහා නායක හිමිවරුන්ගෙන් සමන්විත සඟ සමුලුවකින් හරි සම්මතකරගෙන නීතියක් මේවගේ පාදඩයන්ව සාසනෙන් නෙරපන්න ඕන මොකක් හරි ක්‍රියාමාර්ගයක් ගනී කියලා අපි හිතනවා 🥺"
"Rusi Dulshan","https://www.facebook.com/dulshan.kahagalla","අඩො අර තට්ටෙ තියන පොරගෙ මරු ඇදුම ඕයි පැශන් ශෝ එකකට ගිහින් එන ගමන්ද 🤣🤣🤌"
"Sampath Prasad","","Kalakanni sakkili balla siura galola gahanna one okunta"
"Renuka Deepthi","https://www.facebook.com/renuka.deepthi.3","පෙරෙත කමට ඇගිලිත් ලෙවකනවා 🤣"
"Sanju Taniya","https://www.facebook.com/people/Sanju-Taniya/61592987801358","හාමුදුරුවරු පෙන්නබැර හැත්තක් ඉන්නවා දැන් ලංකාවේ"
"Nodath Kathaa","https://www.facebook.com/suresh.rathnayakaarachchige","නාමල්ට සෙට්වෙන්න ඔිනනම් මේ ගානටවත් ගඳ ගහන්නම ඔිනා... නැත්නම් සුදුසුකම් නැහැ... 😏😏😏😏😏😏😏😏😏😏"
"Lakshitha Dilshan Rathwatte","https://www.facebook.com/lakshitha.dilshan","බාස්මති කන්න පුලුවන් page එක කරන එකාට views වලින් හම්බෙන සොච්චමෙන් 😩"
"Samitha サミタ","https://www.facebook.com/sky.samitha.9","දැක්කත් අප්පිරියයි ....🤮🤮🤮🤮"
"Anusha Jayakodi Jayakodi","https://www.facebook.com/anushajayakodi.jayakodi.1","Muge ammata.... H.... O.. W hodai"
"Nelson Jayaweera","https://www.facebook.com/people/Nelson-Jayaweera/pfbid0ZAB9HC36Mc6rCZv7gzwBkewRdwg14jnJKvxfYfuXNiAYevGazo19nTh4QbW4sbr9l","තිත්තයට  මම ඇතුලු  ⁣ම⁣ගෙ  යාලුවො  ⁣ගොඩක්  රැවටුනා  කාලකන්නිය"
"Kumara Kumara","https://www.facebook.com/people/Kumara-Kumara/pfbid02bi3bZcgsmwuzAoKvYDG7sZTikY6AvHY8FeHnZqJvAPsf1GQLz5cj73eM5pR5u6jPl","මොකුත් නොකියම ඉන්නවා"
"ඇන්තූරියන් ලංකා","https://www.facebook.com/people/%E0%B6%87%E0%B6%B1%E0%B7%8A%E0%B6%AD%E0%B7%96%E0%B6%BB%E0%B7%92%E0%B6%BA%E0%B6%B1%E0%B7%8A-%E0%B6%BD%E0%B6%82%E0%B6%9A%E0%B7%8F/100079816510934","නියම තක්කඩියෙක්"
"Pradeep Kumara","https://www.facebook.com/profile.php?id=100090994880321","තිත්තගල්ලෙ කලු අයියා happy birthday😂"
"Bobby Hambrow Kulasekara","https://www.facebook.com/bobbyhambrow.kulasekara.9","Maha nayakala namata witharai."
"Atheeq Faiz","https://www.facebook.com/atheeq.athma","Madubashana prabath ranahansha ඉදලා හිටලා මේ වගේ දේවලුත් ශෙයා කරපන් මයේ පුතේ .......🫰🫰"
"Mahinda Mahi","","ඉරිසියාව ඉරිසියාව ඉරිසියාව"
"Janit Madhushanka","https://www.facebook.com/people/Janit-Madhushanka/pfbid02WZcobrb85xaKdjoTMWcP3wcB6D14oNxgqxWqtxektvM9xouUajEjgD6j6UfuKcXl","කැරි තිත්තය😁"
"Lional Desilva","https://www.facebook.com/layanel.desilva","මෙන්න බලාපල්ලා මුගේ කබර ඩාන්ස්"
"Darshana Nimesha","https://www.facebook.com/people/Darshana-Nimesha/pfbid02vsNGyxsUs5tQTSzDX5jdrd5fJMn5WPkHoDb2CDLzBSH6RFFi43nqHnbyFymJt3D4l","Siura galawapan"
"රුවන් ගමගේ","https://www.facebook.com/lq7j8tz3r1","ඉතින් ඔය බුරන්නෙ ඔය සැප නෑ දැන් එකයි"
"Dinuka Isuru Sesath Miyuranga","https://www.facebook.com/dinuka.isuru.92","සතුටින් හිටියම මොකක්ද ප්‍රශ්ණෙ හාමුදුරුවරු නමක් උනත් මනුස්සයෙක්නෙ ...  හිතේ සතුට වැදගත් මනුස්සයෙකුට ගිහියෙක් උනත් ...මහනෙක් උනත්.."
"Sahitha Rajapaksha","https://www.facebook.com/profile.php?id=100001044292057","සසර දුකයි 🥲"
"Suba Krnn","","නච්ච ගීත වාදිත විසූක දස්සන මාලා අවමංගලානී..... සාදු සාදු සාදු .... 🙏🏻🙏🏻🙏🏻🙏🏻"
"ජයරත්න. කෝණාර.","https://www.facebook.com/jayarathna.koonara.2025","තිත්තගල්ලේ ලෙප්ට්"
"Dinuka Weththasinghe","https://www.facebook.com/dinuka.weththasinghe.1","Yako meke inna mahanayaka kiyana kalakani. Samawenna mahanayaka hamuduruwane Oyal mokadda karala thiyenne. Me kalakanniya mona nikayeda??"
"Kapila Wansa","https://www.facebook.com/people/Kapila-Wansa/61586639873024","චීත්තමල්ලි.."
"Thilakarathna Best Heart","https://www.facebook.com/thilakarathna.best.heart","මෙහෙම සැප ගන්න රාජපක්ෂට කඩේ යන්නම ඕනී"
"Shashika Dilshan","https://www.facebook.com/shashika.dilshan.9235","ඉවුර ගලවන්න ඔනේ මේ පරයගේ"
"Shevin Appuhami","https://www.facebook.com/shevin.appuhami.1992","මේවා දකින බෞද්ධ අපිටයි ලැජ්ජාව 🥲"
"Shaki Rock Madu","https://www.facebook.com/people/Shaki-Rock-Madu/100004483095667","Okkkoma siurak daganilla bn salli nattan ita passe fb page ekak hadaganin aye job onna goda"
"DM Lanka Lanka","https://www.facebook.com/people/DM-Lanka-Lanka/pfbid02Azt3amfLwZUX9Yx7KzT5dYNSPTn4NpN7jNhcbiLNc8YjjKjBjTvJxHaiNqdh5uChl","Ara nariya NEDA me"
"Saman Kumara","https://www.facebook.com/saman.kumara.35380","මූයි අර සමන්ත බඩ්ඩයි. උතුම් බුද්ධ ශාසනය විකෘති නිගංඨ ආගමක් කරලා ඉවරයි. වෙන වුන්ගෙන් නෙවෙයි මුන්ගෙන්  ආගම බේරගන්න එළියට බැහැපල්ලා බයියනේ"
"උදාර සම්පත්","https://www.facebook.com/hmu.sampath","ඥානසාරවගේ සිවුරවිතරක් ගලවල හරියන්නෙ නැ.මුගේ පුකේ පච්චෙකුත් කොටල අමුඩෙයක්ගස්සල රටින් පන්නන්න ඕනෙ.කාලකනිය"
"Fazir Shabdeen","https://www.facebook.com/fazir.shabdeen.92","රාජපක්ෂලාට හෙත්තු වුනා කියන්නෙ පුජකයෙක් වුනත් අසුචියක් තමා 😂"
"Athula Asanka","https://www.facebook.com/athula.asanka.7","මේ පකයා මේහෙම පොරක් කියලා දන්නේ දැනේ"
"Jana Sahara","https://www.facebook.com/janithawijerathna0001","ඉපදීම හරි දුකක්ලූ අපිට"
"Anu Deshan Jayasinghe","https://www.facebook.com/anu.deshan.jayasinghe","හිරේ දාල සිවුර ගලවනවට වඩා මහා නායක හිමිලා මේ වගේ අය නෙරපන්න ඕනෙ"
"Dilka Hettiarachchi","","තිත්‍තගල්ල ඉරාජ් ගේ ෆ්‍රෝගෑම් එකේදී— ""පල්ලේ ගම,ගලබොඩ අත්තේ ඊලගට ඔයා ඈ.. අල්ලයි මගේ ඇටේ ""😂😂😂"
"ගයියා ඩී","https://www.facebook.com/gyiyaadd.s","Madusanka Pramuth ගහෙන් බැහැලම බලපන්.උබලා හොයන වෙනස.😂"
"Asanka Dissanayaka Disa","https://www.facebook.com/pirasanthan.rasha","මම කිසිම දෙයක් කියන්නෙ නැ රටෙ මුන් වගේ උන්ට අන පනත් කෙටුම්පත් හැදෙන්න ඕන නැත්නම් අපට ආගමක් ඉතිරි වෙන්නෙ නෑ"
"STV LK ᴛᴜʙᴇ","https://www.facebook.com/stvsltube","මේකාට අරින්න ඕන"
"Lahiru Harshana Samarasinghe","https://www.facebook.com/lahiru.harshana.samarasinghe.2025","උච්චාසයන මහාසයනා කියලා ඔය උපාසක අම්මලා ගෙදරම සිල් ගන්ට"
"Gamage Sandaruwan","https://www.facebook.com/people/Gamage-Sandaruwan/pfbid0xDfvVGGx6XYqA3jjRbXfJv8tvzRzVJVYS7kti5vzXrKwRrBgqWQ9MSswJGxzPngAl","අනේ බං තොපි තවත් එනවා"
"Francy Fernando","https://www.facebook.com/ashan.maduranga.714","තිස්ස ජනනායක සර් නේද මේ කොනේ ඉන්නෙ 🤣🤣🤣"
"Violet Weerasinghe Arachchige","https://www.facebook.com/people/Violet-Weerasinghe-Arachchige/pfbid02ZoxiG6Gx91agiuuTMY1QphXVUtBE328c1HiUZSY6mxdLBwDEDPBRqYzm8EF81cSzl","අනේ  මේ තක්කඩියා  බුද්ධ  පුත්‍රයෙක්ද   බුද්ධ ශාසනය වනසන්නේ  නැතිව  උතුම්  බුද්ධ  චීවරය ට  නිගා නොකර ගිහියෙක් වුනානම්  හොඳයි  නේද  පුදුම සාජ්ජේ  මහානායක  හිමිවරු  නිදිද"
"Jagath Pushpakumara","https://www.facebook.com/jagath.pushpakumara.5439","ගරි කැනයෙක් නේද මූ😂😂😂😂"
"Sajith L Hathurusinghe","https://www.facebook.com/Sajith.L.Hathurusinghe","Happy birthday අයියේ...❤️🎂🎂"
"දම්පති ජයවර්ධන","https://www.facebook.com/t1flzyp7ym","""චරථ භික්ඛං චාරිකං බහුජනසුඛාය බහුජනහිතාය ලෝකානුකම්පාය අත්තාය හිතාය සුඛාය දේවමනුස්සානං.""  සිංහල තේරුම      ""මහණෙනි, බොහෝ ජනයාට සුව පිණිසද, බොහෝ ජනයාට හිත පිණිසද, ලෝකයාට අනුකම්පා පිණිසද, දෙවි මිනිසුන්ගේ අර්ථය පිණිසද, හිත පිණිසද, සුව පිණිසද, චාරිකාවේ හැසිරෙව්.""   ප්‍රධාන අර්ථය:       බහුජන සුඛාය: බොහෝ ජනතාවගේ සතුට හෝ සැපය උදෙසා. බහුජන හිතාය: බොහෝ ජනතාවගේ අභිවෘද්ධිය හෝ යහපත උදෙසා.  ලෝකානුකම්පාය:  මුළු ලෝකයා කෙරෙහිම දයාවෙන් සහ කරුණාවෙන් යුතුව. මෙයින් පැහැදිලි වන්නේ බුදුදහම යනු හුදෙක් පුද්ගලික ගැළවීමක් පමණක් අපේක්ෂා කරන දහමක් නොව, සමස්ත සමාජයේම යහපත, සතුට සහ සශ්‍රීකත්වය පතා ක්‍රියා කරන මහඟු දර්ශනයක් බවයි. සුවපත් වේවා!!"
"Athula Perera","https://www.facebook.com/people/Athula-Perera/pfbid02VADGjW5d4oEjWNhfjPrTAoLoXZmFg7akBhcoorL2k8JNTsDwLvUdkmjwDYprP126l","නෙදකින් බල්ල"
"Sanjeewa Ranathunga","https://www.facebook.com/KMS.Ranathunga","අනුර උබ ඉවරයි 🤣🤣🤣"
"සුරකිමු මව්බිම","https://www.facebook.com/qybqbiszzh","ශාසන  භක්ෂකයා"
"Jayantha Vishwajith Rathnayaka","https://www.facebook.com/raja.bima.559919","මේ පකයව ඇට දෙකෙන් එල්ලන්න ඕන"
"Pushpa Kumara","https://www.facebook.com/people/Pushpa-Kumara/pfbid02hkHJnLV1DX8x9ARex28PhvkAdiU5CZAsoJnmkBX3zgT5PL26PczgD8vpJpmH8ZjHl","මු නේද කිව්වෙ අනුර ජනපති අධාර්මික රජෙක් කියලා"
"Dumidu Liyanage Liyanage","https://www.facebook.com/manoj.thilakarathna.7","මූ නම් මහන වෙල කන්න නැතීව"
"සන්හිත රනුග වින්සද","https://www.facebook.com/SanhithaRanugawinsanda.777","කොහොමද දෙපිටකාට්ටුවොන්ගේ වැඩ 😂😂😂"
"Adhi Gem Lanka","https://www.facebook.com/upul.deshappriya.73","Wachana  sasanayen nerapanna one🤮mahanayakala hamuduruwaru thama nidida"
"Sanath Dharmadasa","https://www.facebook.com/people/Sanath-Dharmadasa/pfbid06MTfg1dW61aSVNYe28H84P66UEyfFS6hwQSVC3ykSqQ1HHSJo1KzuriE7vUaeqxGl","ශාසනේ කන කාලකණ්නි ගනයො"
"එච් එම් අජන්ත","https://www.facebook.com/065dla5io7","මුං බුදු දහම විනාශ කරන්න මහණ උනු ගෝතයෝ"
"Sudath Hemachandra","https://www.facebook.com/sudath.hemachandra.1","තිත්ත්ගල්ලෙගෙ තිත්ත ඇත්ත"
"Sandaruwan Chathurange","https://www.facebook.com/sandaruwan.chathurange","ජනාධිපතිතුමනි ඔබතුමාට මේ කියන්නේ කිසිම හාමුදුරු නමකට දේශපාලනය කරන්නවත් දේශපාලනේ කතා කරන්නවත් බැරි වෙන විදියේ පනතක් සම්මත කරන්න ඔබතුමා. ඉන් ඉදිරියට ඔවුනට කටයුතු කරන්න පුළුවන් බුදු දහම දේශනා කිරීම සහ බුදු දහම ව්‍යාප් කිරීම පමණයි."
"Kushan Karandana","https://www.facebook.com/kushan.kushan.1293575","බුදු සසුනේ පහරන්න එපා හොර චීවර දාරියෝ. මේ කාලකන්නියා බොක්සින් ගහන්නත් උගන්වනවා... Shaolin Temple වල හාමුදුරුවරුන් ට වාගේ... �මෙහෙ හාමුදුරුවන්ටත් සටන් ක්‍රම පුහුණු කරන්න ඕනේ ලු"
"Samitha Rangana Wijesuriya","https://www.facebook.com/samitha.wijesuriya","Siyalu  de  anihyai,   pansil pada  ,  pili pedde neththan  ,   niraye  apaye upadinne   , ee gihiyanta  vitharai ee hemadema  ,   😂😂😂😂"
"ඇලකන්දවත්තෙ පියතිස්ස","https://www.facebook.com/3dw8jgjl92","තිත්තෙයට එහා පැත්තෙ තිස්සයත් ඉන්න්වනෙ.🤣🤣"
"Rmt Senanayaka","https://www.facebook.com/rmt.pushpa","තිත්තගල්ලේ අයියා 😂😂"
"Nalaka Rathnayaka","https://www.facebook.com/nalaka.rathnayaka.1","පාඩුවේ බනක් කියාගන ඉන්නෙ නැතිව ආව ජනාදිපතිට මඩ ගහන්න හොදවැඩේ"
"Chaamindha Wanninayaka","https://www.facebook.com/chaamindha.wanninayaka","බුදු දහමට සිටින ලොකුම හතුරා දුෂ්ශීලී මහනුන්වීම අති විශාල ගැටළුවක්ව ඇත."
"Gihan Madushanka Liyanage","https://www.facebook.com/gihan.madushanka.7946","දුශ්ශිල භික්ෂුන් තමයි දවසක බුදුදහම නැති කරන්නෙ කියලා බුදුරජාණන් වහන්සේ වදාල සේක.."
"Dilip Lakshan","https://www.facebook.com/people/Dilip-Lakshan/pfbid02W8g3eHH72x81yorXPgdSS4599uXrNvftfYJcxW18psY6no7T4hgP5mRMmo1DUWrCl","මූද මේ දවස්ටිකේ වැලලෙන්න හදන වේ# පුතා"
"Mahinda Rathna","https://www.facebook.com/people/Mahinda-Rathna/pfbid02uF1Wod96uyjDQYa6djq5fZ2SizuJaHhgqSHSZ8o6bobwe2egPxLhrecoyCKCWBU8l","කාලකන්නි  මුන්ට ගහල එලවන්න ඕන සාසනෙකනව"
"Lahiru Pathum Pathum","https://www.facebook.com/people/Lahiru-Pathum-Pathum/pfbid034iZ95Sy2UEVMhMYvukP9Chk1PnN7Wsa2CFSMbNTvrCKjY4qsJPZgscvh9wrx5AsVl","ලංකාවේ බහුතර හොරු බේබද්දෙක් කුනුහරප ලොක්කෙක් සාසනෙට හරියන්නෙ නෑ ගෑනු හොරු නම් හමුදුරුවො තමයි හොද එකාටත නාරක නාම 😏😏💩මුස්ලිම් ආගමෙ දෙමල ආගමෙ ක්‍රිස්තියානි ආගමෙ නැති සෙල්ල්ම් බෞද්ධ ආගමෙ මොනවා උනත් භික්ෂුන් ලා සම්මා හැපිබත් ඩෙ පාර්ට් පොක් මස් සමග 🤮🤮"
"Ajith Chandrakara","https://www.facebook.com/ajith.chandrakara","බුද්දාහාගම විණාස කරන  හුත්තිගෙ පුතා"
"Nilantha Jayawardan","https://www.facebook.com/nilantha.jayawardan.7","ඇහිල්ලත් ලෙවකනවා පෙරේතයා ගූ කන එකෙක් තමයි රාජපක්ෂ ලාගේ"
"Seelananda Hamuduruwo","https://www.facebook.com/people/Seelananda-Hamuduruwo/pfbid0VUphxYWsiVQKj4ojjxm7ttqktHWQozx19EyMvHGLnNJpacGTRaRMrpRom9GJAG4l","අහෝ දෙවියනි අපි කුමක් කරන්නද?"
"දසුන් ලක්මාල්","https://www.facebook.com/lakmal.dasun.14","Moda pakaya 🤮🤮🤮🤮"
"Abeyvickrama Demp","https://www.facebook.com/abeyvickrama.demp","මෙ ගනයා වදපු අමිමට හැමනෙන්න මෙකා නෙද බුදුදහම ගැන කියලා දෙන්න යන   එකා"
"Seewaliwanshathero Paramannda","https://www.facebook.com/seewaliwanshathero.paramannda","ඔය හාමුදුරුවෝ මානසික ලෙඩකට බෙහෙත් බොනවා.  මෝඩකමට බෙහෙත් නෑෑ."
"Sandaruwan Premachandra","https://www.facebook.com/people/Sandaruwan-Premachandra/pfbid0eAEmSiFbwiWdZ4XrRqrabSTdELgBjjgMo3XUu7wnXe1BbrcAzMtgNxV67dXBbi5Ul","Gon pakaya🤮"
"Upul Pathmasiri","https://www.facebook.com/people/Upul-Pathmasiri/pfbid0MjGf6ESCzYPa1PGqxhdauYfXejy3B39HtmFAtYbGnsMaVh7SgcruCRdAqcDkL25Ul","ඇගිලිත් ලෙව කනවා කහකඩයා"
"Shantha Lal","https://www.facebook.com/people/Shantha-Lal/pfbid02MhxZbLqeaVFit5FG3ggdbvz6XkHh2vFuzy7uZY5tPGpjtaJ5p7rgKa6jvXjrCVDjl","[Image Attachment]"
"Prasanna Ranasinghe","https://www.facebook.com/people/Prasanna-Ranasinghe/pfbid0zmKk3GgFFdJZbV3Dd42phceNwwbmvHdwfBKpvkMsAiSH6YsvvtoxtVWyaUhQFHSol","මෙන්න නිරාගමිකයො බුදු දහම විනාශ කරනවා."
"GV Amitha","https://www.facebook.com/gv.amitha.2025","නොදකින් ගොන් හැත්ත මගේ ගමක ඔහොම කරානං දන්නව තොපිට කරන දේ පකයලට"
"Ajith Premakumara","https://www.facebook.com/ajith.pramakumara.56","මෙන්න ආනන්ද ගේ ධාර්මික කම තුං නෝදකින් ??"
"Dushan Pansilu","https://www.facebook.com/people/Dushan-Pansilu/100078885411985","තිත්ත හුකන්නා"
"Sunil Fernando","https://www.facebook.com/sunil.fernando.104217","BUDUSASUNA.RAKEIDA..."
"Sunil Budda","https://www.facebook.com/people/Sunil-Budda/100087060000873","පකගේ... සිඋර ගලවල පුකෙඅ රපන්"
"Iresha Samanthi","https://www.facebook.com/iresha.samanthi.18","ඔය තියෙන්නෙ එයාගෙ දර්සනය. බුදු දහමට නිගා කරන්න ආව මිනිස්සු.😡"
"Mahinda Mahinda","https://www.facebook.com/people/Mahinda-Mahinda/pfbid0f9FDGWDxZ9P1xs9yUbcDTvFsYBs1McuYcVtdQH4H9CXh7nnv7HCwLQxfPdvtHtkJl","ඔය පක්කුට ගිනිතියන්න ඕනි"
"Movinda Rupasinghe","","අනුරගෙ අධර්මිෂ්ඨ කම හොයන්න ගිහින් තිත්තගල්ලෙගෙ රෙද්ද බිම 😅"
"KH Piyasena","https://www.facebook.com/people/KH-Piyasena/pfbid08pk9M9UuwwPcNcUPjLYC7j3UdDobX5Ht5YjQgn4VTUkoTJtqiwYHwSDkfEGvQAiNl","මෙන්නමෙහෙම පාටි දාල කෑල්ලක් ගහල  ජිල්ලෙකේ ඉන්න තමා මේ වගේ කහකඩයන්හට ඕන ඒක දැන් නැත්තටම නැතිවීගෙන යන්නෙ ඒ නිසා සාසනය මුවාවෙන් සාසනය වනසන සක්කිලි කහකඩයො ටිකක් රටපුරා අන්‍යගන්කාරයෙන්ගේ මුදලට යටවී සාසනය විකුනක බව සත්‍යයි මොවුන්ගෙන් සාසනය බේරා ගැනීම පලමුව මහනායක හිමිවරු කලයුතු දේ කලයුතුය ⁣ඒසමග මමහජනතාව එකට සිටිමි."
"Gamage Gamage","https://www.facebook.com/people/Gamage-Gamage/100087834651593","KH Piyasena  සහතික ඇත්ත"
"Thusha Leeban","https://www.facebook.com/thusha.leeban.2025","බයියොන්ගේ අනිත් වීරයා 😂🖕"
"Teshan Perera","https://www.facebook.com/teshan.perera.357775","තිස්ස ජනනායකයා නේද තිත්තයගේ එහා පැත්තේ ඉන්නේ 🤭😀"
"Kumarasiri Perera","https://www.facebook.com/people/Kumarasiri-Perera/pfbid03E4aqP1r4f7yboGQ4cnuW7WL3w4puXJWreQLkr4RmGp547qKWWCtPSjyvWxk6p9Vl","සිවුර ගලවන්න ඕනෙ එකෙක්"
"Dilshan Madu","https://www.facebook.com/people/Dilshan-Madu/100070720194157","Who is sitting next to him? Looking like tissa jananayak 🤓🤭"
"Morris Kulasinghage","","😂😋🤣😋😂😋🤣"
"Gemunu Jayathilaka","https://www.facebook.com/people/Gemunu-Jayathilaka/pfbid0WMnD3pkDsPRzhYeg9VLi6SKYjms5n5sAVASnYuWer1YNYyiLaC5humJtaoMikgFBl","ගූ බල්ලෙක්"
"Isuru Vishz","https://www.facebook.com/isuru.vishz","අපායෙ පෝලිමේ ඉස්සරහ ඉන්න ගෝත කැ..යෙක් ඕකා"
"Ashan DE Zoysa","https://www.facebook.com/profile.php?id=100007351543489","අඩෝ මේ දාර්මික තිත්තගල්ලෙයා නේද 😄"
"Harsha Madushanka","https://www.facebook.com/people/Harsha-Madushanka/pfbid025WRZKnrXpCaUugUdRpcsBxBfQCTRnwhtQWxG7BhhHZ1ERabVpuoqXMKQNdyfCtb1l","Nuwan Prasad  oyala oini widiha😂😂😂"
"Piriyantha Piriyantha","https://www.facebook.com/piriyantha.piriyantha.547","😂😂😂😂"
"Indra Kumari","https://www.facebook.com/indra.kumari.31898","🥲🥲"
"Kamal Wijewardana","https://www.facebook.com/kamal.wijewardana.54","[Sticker]"
"Lakshan Fernando","","Rayan Saman"
"Dishna Jayawardena","https://www.facebook.com/dishna.mudunkoth","🤣🤣🤣🤣😮😮😮"
"Rohan Subasinghe","https://www.facebook.com/rohan.subasinghe.2025","🐂"
"Nimesha Nimesha","https://www.facebook.com/nimesha.nimesha.79","🤣🤣🤣🤣🤣"
"Nüwän Jäyäködie","https://www.facebook.com/nuwan.jayakodie","[Sticker]"
"Hasantha Jayathilaka","https://www.facebook.com/hasantha.jayathilaka.1","Ishanka Kadadoraarachchi"
"Kuma Kuma Modarage","https://www.facebook.com/people/Kuma-Kuma-Modarage/pfbid02vTT4iLwjiHRD9wZMUfdHYPoMKKpFp5Mhu8ieyYYSQwSd9rqWfEotG7GmcppTwsByl","😂😂😂.."
"Asela Madhushan","https://www.facebook.com/asela.madhushan.7549","Thisura Wijesekera"
"Thisura Wijesekera","https://www.facebook.com/sandun.wijesekera.1","Asela Madhushan oya ithin kiyanna hadanne mokdda"
"Indika Onara","https://www.facebook.com/people/Indika-Onara/pfbid0371FCcvcJHA6eC6wnYWYYnchawudexYbLarH4HyLJaYzw5yRiQL4FRN9TbgeRDXzrl","👌👌👌😂"
"Semera Darshana Welihena Gamage","https://www.facebook.com/semeraw","Udaya Priyashantha"
"Shantha Fernando","","🤮🤮"
"Thilini Keshala","https://www.facebook.com/people/Thilini-Keshala/pfbid0fD4tEMzyCtsj1QWom32EbTotepi6r46cw2FNsz7xqKtq3YSKYz47Bktchy7La1FBl","🙏🙏🙏🙏🙏🙏🙏🙏🙏🙏"
"Ranjith Nihal","https://www.facebook.com/people/Ranjith-Nihal/pfbid02FJkgsi8ntj6gJXz31Xfamgn6kDL8MxUHAuKqKkuD7WDmXG16n1tk5LmPCNWHKN8Cl","😂😂😂😂😂😂"
"Thilak Kumara","https://www.facebook.com/thilak.kumara.906710","[Image Attachment]"
"Rinos Rina","https://www.facebook.com/mohamed.rinos.96558","[Sticker]"
"Nelson Amarasinghe","https://www.facebook.com/thilanka.dilhani.1","."
"Tony Nissanka Nanayakkara","","[Image Attachment]"
"Rasika Thushantha","https://www.facebook.com/rasika.thushantha.539173","[Image Attachment]"
"Chaminda Ranasinghe","","😂"
"Thisara Perera","https://www.facebook.com/thisara.perera.545","😁😁😁"
"Kasun Jayanatha","https://www.facebook.com/kasun.jayanatha.3","Sisira Kumara"
"Deepani Deepani","https://www.facebook.com/people/Deepani-Deepani/pfbid0mDLbzfrFn2yUH7WrAX7G4PGoDF2WL1WpJS8a9WBQUAZUAt4qqQ6uvCWxH5smvquXl","😢😢😢"
"Anura Ranjan","https://www.facebook.com/people/Anura-Ranjan/pfbid0ja7DdBMt5cHJVYRu3FZWdRyES7RqvYQYjQFBzG4tPdcB3RSzaVEsvBPr9coYtNNWl","[Sticker]"
"Mahesh Nishantha","https://www.facebook.com/mahesh.nishantha.7","[Sticker]"
"Anushka Purankumburegedere","https://www.facebook.com/people/Anushka-Purankumburegedere/pfbid033bFKbVGu9HPgr9DNnfpHxEoKodfdojYCdporr6bfM28YVedYhsQ3KjLBwwSRtsCZl","🔥🔥🔥😂"
"San Jeewa","https://www.facebook.com/people/San-Jeewa/100092302367984","🤔😜😂"
"Somachandra Hettiarachchi","https://www.facebook.com/somachandra.hettiarachchi","🤮🤮"
"Rumesh Thushara","https://www.facebook.com/people/Rumesh-Thushara/100086726891726","@followers @highlight"
"Yasantha Kumara Kada Hettige","https://www.facebook.com/people/Yasantha-Kumara-Kada-Hettige/pfbid0zH3BtnCcode2kn2r7zqBMwE2eTrCnrijqjZ2RaFCADNcYg1x9UTX7tFCJ32fbHVwl","😭"
"Ananda Pushpakumara","https://www.facebook.com/ananda.pushpakumara.113776","[Sticker]"
"Kasun Udayanga","https://www.facebook.com/people/Kasun-Udayanga/pfbid0q1izVeuTE7a1FzJuqwoe4tYXFc2U684qXfYVJrJh4A4AVKtChu11SaeooLdSUeh2l","😜😜😜🤭🤭"
"Pivithuru Rathnayake","https://www.facebook.com/pivithuru.rathnayake","Thithagalle Anandasiri"
"Kookoo Kookoo","https://www.facebook.com/people/Kookoo-Kookoo/pfbid0sdCXszMxiUAosdGpdWA6cvWsG7wLTADAdbAo9UdLTnVP4ScK7SDauJkKAHzGiRRfl","💯💯💯✅✅✅🫂🫂🫂♥️"
"Jayasena Wijekoon","https://www.facebook.com/jayasena.wijekoon.9","[Image Attachment]"
"Rose Crestal","https://www.facebook.com/profile.php?id=100012402096165","Thithagalle Anandasiri  Ven Thiththagalle Anandasiri Thero - English"
"Nuwan Thennakoon","https://www.facebook.com/nuwan.thennakoon.1","අම්මට සිරි තිත්තයා 😃"
"Rude Bwoy","https://www.facebook.com/profile.php?id=100005042438617","[Image Attachment]"
"Keshara Galagama","https://www.facebook.com/keshara.galagama","Asela Sampath"
"Anura Jeewantha","https://www.facebook.com/ajeewantha","😂😂😂😂😂😂"
"Prasangi Wimalarathne","https://www.facebook.com/prasangi.mudannayaka","[Image Attachment]"
"Ishara Gamage","https://www.facebook.com/ishara.udayakumara.35","🥲🥲"
"Shanaka Denuwan","https://www.facebook.com/people/Shanaka-Denuwan/pfbid0xh5oa8iP7tegDv2i3urKR9uiaowuqtK1pP2dSrDKUmu6ExtZUozX2pna4oBcjam2l","😂"
"Ashoka Bandara","https://www.facebook.com/ashoka.bandara.77","මොන කැ# ගනයොද මුන්.සිවුරු රදවන......"
"Yasiru Bhashitha","https://www.facebook.com/yasiru.bhashitha","😡😡😡"
"Nanda Ekanayaka","https://www.facebook.com/nanda.ekanayaka.7","[Image Attachment]"
"Chandragupta Gamini Kannangara","","[Image Attachment]"
"ザ-キルアル Ali","https://www.facebook.com/profile.php?id=100000121030276","[Image Attachment]"
"Ananda Welington","https://www.facebook.com/people/Ananda-Welington/pfbid0ibRkWm1kR7ZR1d6F8FVE53wAfWAMgYxR8Y6mXNvQCn8W3gbx7ViMzsBQJLUhACf6l","[Image Attachment]"
"Jayalal Wijesooriya","https://www.facebook.com/jayalalw74","https://www.facebook.com/share/p/1HakZTTJsF/"
"Sagith Wimanga Fernando","https://www.facebook.com/wimanga.fernando","Janaka Shamal Kumarasinghe"
"Kasun Kumara","https://www.facebook.com/people/Kasun-Kumara/pfbid037Vrkv2MFWfdgPMseWFq8GLyxpVJ6SrLCxXwMLGo1ryiB219fSFQQGAnfYdFtVmo6l","බුදුදහම කන මෝඩයෙක්.. පුකට පය්න් ගහල එලවන්න ඕනේ මුන්.."
"Madawa Ruwanpatirana","https://www.facebook.com/madawa.rp","Anuja Manchanayake  Sarath Anura Hiyare Hewage  🫠"
"Faizal Meeya Jahn","https://www.facebook.com/faizal.meeyajahn","😂😂"
"Jerald Fernando","https://www.facebook.com/jerald.fernando.961","[Image Attachment]"
"Kusum Jayalath","https://www.facebook.com/kusum.jayalath.791034","බුදු දහම  අනතුරේ  කියන  ගනයෝ  කෝ"
"Tharisi Perera","https://www.facebook.com/people/Tharisi-Perera/pfbid05QJvnu8R6oq5zaqHuf2qk7ehnbSacnEjMfLefxqVbN6niAymLy74F8CdNhwguZ94l","[Image Attachment]"
"Sajith Mangala","https://www.facebook.com/people/Sajith-Mangala/pfbid02JEFKZ1qut5M4BvKE2tQZ1TQegtmWfPLABRgJSPFVdnB2WZU2MX2fb5yjUtvyvBG1l","[Image Attachment]"
"Suraj Sandakelum","https://www.facebook.com/futhandi.suraj","[Image Attachment]"
"Ashi Rathna","https://www.facebook.com/asoka.thilakarathna.1","[Image Attachment]"
"Lalith Rupasinghe","https://www.facebook.com/lalith.rupasinghe.3","🤮🤮🤮🤮"
"Colomba Lasa","https://www.facebook.com/colomba.lasa","බයියො කියයි මේ පංසලක නෙමෙයිනෙ කමක් නැහැ කියල"
"Ananda Dasanayaka","https://www.facebook.com/people/Ananda-Dasanayaka/pfbid034YHj6Q2DCov5CzAhhb45k8KPfA2f7yvhkVVH5Qzi62a8eYGpzRpgq8rpp2n5KLCKl","🤮🤮🤮🤮🤮🤮🤮🤮🤮🤮🤮🤮🤮🤮🤮🤮🤮🤮🤮🤮🤮🤮🤮🤮🤮🤮🤮🤮🤮🤮🤮🤮🤮🤮🤮🤮🤮🤮🤮"
"Dhammika Wickramaarachchi","https://www.facebook.com/dhammika.sanath","[Image Attachment]"
"Francickuge Sovis","https://www.facebook.com/people/Francickuge-Sovis/pfbid022BEP9GjDXpCLwSn7DuYJBnEzE3k75QgAuWuwtmcfvfSEWPV5eB2FNcUT6eqvvx3ql","💩"
"Saman Pushpakumara","https://www.facebook.com/people/Saman-Pushpakumara/pfbid0MbxF1RECxFFoFAN1PQzzvMa1GQa7KAodnMqowdfijYsHjiAEAZCYYZkqG9vt9SsKl","[Image Attachment]"
"Ajith Kumara","https://www.facebook.com/ajith.kumara.786761","බුද්ධ චීවරයට අගෞරව කරන, රාජපක්ෂ නිකායෙ වල් බල්ලෝ"
"Subhadra Mehenin Wahansa","https://www.facebook.com/subhadra.mehenin.wahansa","[Image Attachment]"
"Rojeshan Max","https://www.facebook.com/rojeshan.max","[Image Attachment]"
"Nalaka Bandara Dissanayake","https://www.facebook.com/nalakabandara.dissanayake","Samma ship cruise."
"Nalin Pathmakumara","","මෙන්න උබලා මේ කුණු හරුපේ කීවට.ඇත්තට මේකා කවුද කියලා දන්නේ නෑනේ මේ ඉන්නේ හුත්තිගේ පුතා දැකලා නැත්නම්.."
"Mohammed Ismathulla","https://www.facebook.com/people/Mohammed-Ismathulla/61581867991953","Ela Ela super super Dance 🤣😃😄🤣🩰"
"Udaya Dananjaya","https://www.facebook.com/udaya.dananjaya.784742","මෙහෙවි පකයලා තමයි රට හදන්න කතා කරන්නේ වෙිසිගෙපුතා"
"Kumara Liyanage","https://www.facebook.com/kumara.liyanage.167","🤮🤮🤮🤮🤮🤮🤮🤮🤮🤮🤮🤮🤮🤮🤮🤮🤮🤮🤮🤮🤮🤮🤮🤮🤮🤮🤮🤮🤮🤮🤮🤮🤮🤮🤮🤮🤮🤮🤮🤮🤮🤮🤮🤮🤮"
"Gayani Sirma","https://www.facebook.com/gayani.sirma","බොරැවට සිවුරක් දාගන තිත්තයා නටන නැටිල්ල පේනවා නේද.ඤානසාර  ගැන දුක හිතිල තියෙන්නේ මෙයාට තමයි. මේ වගේ එවුන්ට වදින අපිටත් පවු සිද්ද වෙනවා"
"Anil Anil","https://www.facebook.com/people/Anil-Anil/pfbid02kbQbameEunTyKnCuJ7ntnD8DAKWxatp4BAkfHRTcu31rf1gXetpAS6JZkQNWHDudl","තිත් පකය නේද"
"Roshan Wmdp","https://www.facebook.com/wmdproshan.wihwsinghe","මෙතන තිස්ස ජනනායකත් ඉන්නවා. එක වල්ලේ පොල්."
"Imalka Virendra Kurera","","Happy Birthday 🎂"
"Kawushalya Bandara","https://www.facebook.com/people/Kawushalya-Bandara/61583014141594","පන්සලට ගිහින් බුදුන් වදිනවා මිසක ඔය එක ගන ගෙඩියෙක්ට ආය වදින්නෙත් නැ ගනන් ගන්නෙත් නැ.. මගෙ හිතේ මගෙ ආගම බුදුදහමට මන් ගොඩක් ගරු කරන්වා. හැබැයි ඕකුන්ටනම් ආය ගෙදරකට වත් වඩම්මන්නෙ නැ. ඔකොම එකයි"
"Sumanasiri Thiththagalla Gamage","https://www.facebook.com/people/Sumanasiri-Thiththagalla-Gamage/pfbid0DQTCH17UqBW4dgs78gQrkNVwRo4WWR8C2T8EDEnsWu2NVphcVLXrQayVebYbB5kCl","හාමුදුරුවො කමෙන්ට් දාන උන්ගෙ ගැටෙට උගුලට හසූඋනා හාමුදුරුවන්ගෙ කොන්ද මුම්මකඩල මුම්ම අපහාසෙට කොමෙන්ට්.දානවා මෙතන නටන සිංහල එන්. ජි ඔ. කාරයොමයි ජරා කමෙන්න්ට් දාල තියෙන්නෙ එන් ජි. ඔ  කාරයො කියන්නෙ තවත් c i  a පිරිසක් අවංක සිංහල බෛද්ධ පිරිස උන්ගෙ උගුල් වලට හසුවෙලා වරිගෙ නසා ගන්නවා හොඳම සාක්සිය තමයි මෙ විඩියොඑක මෙ අවස්ථාවෙ නැවත නැවත ප්‍රචාරය කිරිම නිරාගමික අවලං පාහරයන්ට ඔන බුදුදහමට  බුද්ධසාසනයට  කෙලින්න මිනිස්සු දැන් හොඳටම තෙරුම් අරගන ඉන්නෙ"
"Chandana Pathirana","https://www.facebook.com/chandana.pathirana.180","ධර්මයේ හැසිරෙන අයෙක් විදියට ඇයි බැරි ඒ අයට පහදන්න,"
"Dhammananda Himi","https://www.facebook.com/people/Dhammananda-Himi/pfbid02oTQZSpqg31nRqFtqzv9pcrdExUniyDhbu9NbUHn6rPnQwcreS9PEqtsqQfvFNAzwl","සාසනෙන් නෙරපන්න මේ බූරුවා"
"Lakshitha Thilakarathna","https://www.facebook.com/people/Lakshitha-Thilakarathna/pfbid022vNPMKrCEiYK5joz2MbvkPdoMb4uAYkJxsV2F6zE9a3G7HcpxddR6PCZyBwkhTR3l","Happy birthday machan😂"
"Sadaruwan Rathnayaka","https://www.facebook.com/people/Sadaruwan-Rathnayaka/pfbid0KTnGkz6TPmvP13UY7r6MLr5oRUcdZ4iYLNsg1dkNsNDZi6YBqNXauJuhoBmWJUHfl","මොකටද මෙ පකයලා තියාගෙන වැද වැද කන්න දෙන්නෙ 😂"
"Kushan Karandana","https://www.facebook.com/kushan.kushan.1293575","මුන් වදාපු දෙමාපියන්ට සාප වෙනවා... බුදු දහමට කරන මේ නිගාවට"
"Thilan Hasthika","https://www.facebook.com/thilan.hasthika.1","කරන්න හොදයි පෙන්වන්න හොද නැ…එහෙමද"
"Nandana Kumara","https://www.facebook.com/nandana.kumara.864542","තිත්තතියා කහටවුනත් මූවපන්නන්න ඕන අරහත්දජය නුසුදුසූ පුද්ගලයො ගිහියොවත්නෑ ඔහොම"
"ඉන්දික පතිරණ","https://www.facebook.com/people/%E0%B6%89%E0%B6%B1%E0%B7%8A%E0%B6%AF%E0%B7%92%E0%B6%9A-%E0%B6%B4%E0%B6%AD%E0%B7%92%E0%B6%BB%E0%B6%AB/61578615500823","මෙම පකයලාට විරුද්දව නිති මාර්ග ගන්න කොන්ද පන තියන එකෙක් නැතිද"
"Mahinda Bandara","https://www.facebook.com/mahinda.bandara.912353","මොම්බරුවට බුද්ධ ශාසනය ගැන කතා කර කර බුද්ධ ශාසනය විශාල කරන කොටසක්.බලන්නකෝ සමන්ත පද්ධ සමන්තපද්ද එතකොට හිතෑ කන්දක් හෝ කවුද එතකොට ගලපුඩියක් ඔයාගේ මව විශාල ප්‍රමාණයක් ඉන්නවා"
"Indika Kkr","https://www.facebook.com/indika.kkr","තිත්තයා කරන්නේ NGO ගෙමක් ගස් ගෙරියා"
"Priyantha Pathirana","https://www.facebook.com/priyanthapathirana.pathirana","Happy birthday  මචං"
"Shan Rivishan","https://www.facebook.com/shan.rivishan","නච්ච ගිත වාදිත විසුක දස්සින මාලා.."
"Prasanna Weerakoon","","සියළු සංස්කාරයෝ අනිත්‍යයි දුක්කයි අනාත්මයි කියලා අපිට වැඩිය ෆන් එකේ ඉන්නේ. උඹලා ඊරිසියා කරන්ඩ එපා. බුද්ධ විනය නම්‍ මොනාද night birthday party එක මරු. රෑට කේක් කාල අගිලිත් සූප්පුකර කර යන්නේ ඩාන්ස් එකට 🤭"
"Violet Weerasinghe Arachchige","https://www.facebook.com/people/Violet-Weerasinghe-Arachchige/pfbid02ZoxiG6Gx91agiuuTMY1QphXVUtBE328c1HiUZSY6mxdLBwDEDPBRqYzm8EF81cSzl","ඇත්තටම  මොහු  සංඝ ශාසනයෙන් නෙරපාදැමිය යුතුයි"
"Buddika Perera","https://www.facebook.com/Buddikapereraa","Mu poddak lajjawe inne habai 😅"
"Shyamal Shyamal","https://www.facebook.com/people/Shyamal-Shyamal/pfbid029B4F5cxqC3NCPQzCbRgZZNtN6NZKiEvTWDABVny8BFfG2Eu1DYdWD6zHznTDxUMvl","මේකට තමයි කියන්නේ මේ චිත්ත නංගි කියන හ***** සාසනය.කනවා"
"Muthuala Jayasooriya","https://www.facebook.com/muthuala.jayasooriya","මූ අන්‍යආගමිකයොත් එක්ක එකතු වෙලා බුද්ධ ශාසනය විනාශ කරණව මුංව ශාසනයෙන් නෙරපන්න කෙනෙක් නැහැ නේ බුද්ධාගමට කිය කලක්"
"Ishara Hiripitiya","https://www.facebook.com/ishara.hiripitiya.2025","ජනාධිපති අනාගාමිකයි කියලා විවාද ඉල්ලුවා නෙහ් 😂😂😂"
"Priyantha Dissanayake","https://www.facebook.com/priyantha.dissanayake.18659","මොවුන් ශාශනෙන් නෙරපා හැරිය යුතුයි. මොකද අනෙක් සාමනේර භික්ෂූන්ටත් ආදර්ශයක් වෙන්න."
"Sajith Rumesh","https://www.facebook.com/sajith.rumesh.2025","වෙනත් ආගමක අය මේ වගේ හැසිරෙනවා දැක තිබේද? නෑනේ අන්න ඒකයි මේ ගනයන් එක්ක මන් තරහා.මුන්ව දුටු තැන චීවරය ගලවලා ගහලා එලවන්නඕනේ.මහානායක හැත්තට බැරිනම් අපි ඒක කරනවා...සාසනය රැකගන්න ඕනේ.අහු වෙයන්කෝ පගයලා පාරේ අත්සන් ගන්න කැරකෙනවානේ මේ ටිකේ.පේපරේ රෝල් කරලා ගහනවා🍑 ඉදපන්කෝ.😡😡"
"Chinthana Sampath Bandara","https://www.facebook.com/chinthana.s.bandara.3","ඉදකින් මලපෙරේතයා...ඇගිල්ලත් ලෙව කනවා...ලෙවකන ගමන් අරූගෙ අතින් අල්ලනවා...ශික්..."
"Kanthi Kodagoda","https://www.facebook.com/kanthi.kodagoda.2025","අහුන්ගල්ලෙනේ මෙයා ඉන්නේ ටුවරිස්ල්ලා වැඩි පැත්තක් මේ ඉතින් මෙයා හොටෙල් එකක් වගේ මෙයගේ ආර්න්‍යය මෙවා වටලන්න ඔනි මෙවා ඇතුලේ වෙන්නේ පන්සල්වල කෙරෙන්න ඕන දේවල් නෙමෙයි"
"Jayatissaen Endiriyanwaladewahge","https://www.facebook.com/jayatissaen.endiriyanwaladewahge",",,බුද්ධාගම,බවුද්ධයන්ට,එපා,කරවන්න,,පර,කහකඩයො,එකෙක්,යනකොට,,තවඑකෙක්,එනව!!,,,මොකක්ද,මේ,ජාතියේකරුමෙ!?????මේ,මහානායක,හාමුදුරුවරු,නිදිද???මේව,පේන්නෙ,නැද්ද?"
"Dilsahn H. Ravindu","https://www.facebook.com/profile.php?id=61555121300481","අපිලගෙ බවුද්ද අප්පට හැ$මිනෙනවා 🤣🖕🖕🖕🖕"
"Sanjeewa Ranasinghe","https://www.facebook.com/people/Sanjeewa-Ranasinghe/pfbid027epCLdVqEAZfhHHpg5vENpLSp29DY8XiGUvHKDDVBzVmd9hCWwscRPHCZRZVpA2ql","Mahindalaga thurula hedana hama bikshuwakma me waga aya thamai ekak rata kewa me aya dahama kanawa 😡"
"Ramani Liyanage","https://www.facebook.com/ramani.liyanage.73","එක තක්කඩියෙක් ඇතුලට යනකොට තව එකෙක් එලියට බුද්ධ ධර්මය විනාශ වෙලා මහානායක වරුන් නිදිද"
"Kumara Kumara","https://www.facebook.com/people/Kumara-Kumara/pfbid02Dp9eskzQraDmMsQ2JgpcfRoxh2cFB91WR2XbFmbntV6PdymZESptq69142CTNXLal","Mekane me ape kashshapa hamuduvanta bana ugannanna hadana gothayaaa thuuu"
"Mithila Narmada","","සිවුරු දාගත්‍ත බල්ලො 🐕🖕"
"Dayananda Dayananda","https://www.facebook.com/dayananda.dayananda.516383","පෙරේතය. ඉත්තැව අතත් ලෙවකනව. ඵකනේ. අපි. කියන්නෙ  කන්න නැතුව චීවරේ කරට දාගත්ත අවජාතක  හොරැන්ට කඩේයන සුනකය කියල"
"Thilina Nimesha","https://www.facebook.com/thilinachanaka.bandara","එන්න මුස්ලිම්, ක්‍රිස්තියානි උන්ගෙන් සින්හල බෞද්දකම රැකගමු🤣🤣🤣"
"Nihal Somachandra","https://www.facebook.com/nihal.somachandra.21239","ATHTHA NIYAMA MAHA. NAYAKA.HAMUDURUWO POLAWA. YATA..GIHIN. GODAK.KAL.😭😭😭    ....DEAN. INNA.MAHA. NAYAKALA.PALATHURU .🍒🍓🍎🍈🍇🍍🥭   WATTIYATAIE.  V.8.BEANS. WALATA.   AHEAREANA. AYA.🤮🤮🤮🤮🤮"
"Nuwan Rasnayake","https://www.facebook.com/nuwan.rasnayake.3","Mulinma Melinda oone mehema anugamikayanta munta nam puke indan pissu."
"Bhikku Kathiyana","https://www.facebook.com/kathiyana","ඔබතුමාට වැරදි වැටහීම අපිට ජාතිය ආගම් කුල මල භේද නෑ එහෙම දේවල් කරල තියනවනම් ඔබතුමා පෙන්වා දෙන්න"
"දසුන් ලක්මාල්","https://www.facebook.com/lakmal.dasun.14","Para sakkiliya"
"Janthu Malli","https://www.facebook.com/janthu.malli.2025","Gemunu ekka mekata uththarak diipan.."
"Marasginha Manike","https://www.facebook.com/marasginha.manike","මුං සතුටින් ඉන්නවා කියලා පෙන්නුවාට මුං ඉන්නේ මූ ඉන්නේ ගූ බයෙන් ම ලෝකෙට පේන්න රඟනවා."
"Chandare Aiya","https://www.facebook.com/people/Chandare-Aiya/pfbid0MnKzNfvo9VwTw76j3Y3CiiyhuqMAmKFQw5dPkeahoueTguwzVb7aUW9fSVCfx5Vrl","අත්සන් ඝණගෙඩි.. ඔබට ඉපදීම දුකක් උනාට ඝණගෙඩිත් කහකඩේ දාන් VIP සැප විදිනවා.. ගොන් බයියනෙ තව සැපදීපන් මුන්ට"
"Themiya Bandara","https://www.facebook.com/people/Themiya-Bandara/pfbid02pLQdDUJRapjkgMBTvVPfv4otPn7wu3f9ojJBmmEcUpGYhuu8dkpdbw2GGM4tsi8Sl","මම ඒක නෙහ් මතක් කෙරුවේ මේ තිත්තේ පකිඳව කලින් දැකලා හුරුයි වගේ කියලා 😂 සමන්තබඩ්ඩගේ මහ එකා වෙන්න හදන්නේ මූ"
"Amila Senanayaka","https://www.facebook.com/amila.senanayaka.142","මචන් තිත්තේ නිකන් හුත්තේ වැඩ කරන්න එපා කැරියෝ"
"Ajith K Arachchi","https://www.facebook.com/people/Ajith-K-Arachchi/pfbid02A1mHp1aKF3gZRptxruRNf7Kqas7QqxX7CZ9w7y5d9KNBzwXcDY7BqSnGNaGNEf4Ul","Shee,,,k,"
"Nilmini Alagoda","https://www.facebook.com/nilmini.alagoda","මේ මිනිස්සු නිර්මල බුදුදහමට කරන අපහාසය ඔය මහලොකු මහානායක උන්නාන්සේලාට පේන්නේ නැති එක හරිම කණගාටුදායකයි. අන්‍යාගමිකයන් හැටියට අපි බුදුදහමට කරන ගෞරවයවත් බෞද්ධයෝ කියාගන්නා මුං ගාව නෑ. අප්‍රසන්නයි ඇත්තටම."
"Mahinda Ranabahu","https://www.facebook.com/mahinda.ranabahu.50","අනේ ප** මගේ අම්මට හිතුවනම් ට වඩා හොඳයි, උඹලා දෙන ාම ටෝක් කොහොමද ාමාන්‍ය මිනිස්සු න් දැකලා ශාසනය ක*** පොන්නයො"
"Ruwan Milroi","https://www.facebook.com/ruwan.milroi.2025","මෙන්නමෙ  හමුදුරුවනිගෙ  අම්මට   නාමල්  හුකන  උසිසවය  මරුනද  මෙකටතම  ඔයකිම්බ  දගලන්නෙ"
"Wasantha Samaranayake","","පර සක්කිලියා"
"Prasanntha Manjula Gamlath","https://www.facebook.com/people/Prasanntha-Manjula-Gamlath/61586413571162","ඤානසාරත් හිටියනම් සාදය සම්පූර්ණයි"
"Sumith Rajapaksha","https://www.facebook.com/sumith.rajapaksha.5661","Nadu.kara..hamuduruo."
"Sarath Ekanayake","https://www.facebook.com/sarath.ekanayake.5492","පේස්ටු පේස් එන්න ඕනද අදාර්මිකයො හොයන්න"
"Jayantha Rk","https://www.facebook.com/people/Jayantha-Rk/pfbid0RZBhWpR9bnF1xHN12fasjBdDoepCkx73FpLaTBmwTHVo7PzoZKaUKiy6EzmdxuuVl","තවත්  ගෙරි  වෙීසිගෙ  පුතෙක්..අවජාතකයෙක්..පිස්සෙක්...බූරුවෙක්..."
"Kumara Dharmasinghe","https://www.facebook.com/people/Kumara-Dharmasinghe/61594134514801","inna bainam palayaw siwra dagena pake wada karanne nathuwa"
"Ajith Nandalal","https://www.facebook.com/people/Ajith-Nandalal/pfbid0BGVtnyVH8bCpjQRTzFXSRvhYY2uNQCsjyf42vWeR93WDweTi39tfiuFKpwysQTeEl","නියම මිස් ෆෘට් එක ඔහොම යන්කෝ  නැවත ඔයටික කරන්නවගේ දගලන්නේ ආගම දහම කෙලසන්න එපා ?"
"Mahinda Hettiarachchi","https://www.facebook.com/people/Mahinda-Hettiarachchi/pfbid02wTDrDZCWpT2nLMHNd6ZBtgnULtvsPcn1VrPf2dyENtG9Mf4M2xKV6Gzy2rAejoMDl","ගලවපිය පරය කහ සිවුර"
"Jayasundara Senarath","https://www.facebook.com/people/Jayasundara-Senarath/pfbid0m6Et7VnuS4VcsR8KueRdCYXuK6zp2j5BFd36beEdgBPB6mkXjEF5RFXwLJ5Afbygl","මේකා බඩුකාරයෙක් රට රටවල් වල ගිහිල්ලා සුද්දන්ට සුද්දියන්ට ඔහු කාපු එකෙක්  මේකා පිටරට ගිහිල්ලා පවුල් කලේ එකෙක් අපේ බෞද්ධයෝ රැවටුනාට"
"ලෝක අවසානය","https://www.facebook.com/people/%E0%B6%BD%E0%B7%9D%E0%B6%9A-%E0%B6%85%E0%B7%80%E0%B7%83%E0%B7%8F%E0%B6%B1%E0%B6%BA/pfbid0kPcb9LfqvMLHFhttytDZxWmi9Ao13mPXV8wKk7Azh4wU8eujoZdLpgscFWQHHmPql","මේකම ලංකාවේ හිගන දායකයෙක් ඇවිත් මුංගේ අත ඇල්ලුවොත් බලන්න තිබ්බා මුංගේ රගේ"
"Gamage Sandaruwan","https://www.facebook.com/people/Gamage-Sandaruwan/pfbid0xDfvVGGx6XYqA3jjRbXfJv8tvzRzVJVYS7kti5vzXrKwRrBgqWQ9MSswJGxzPngAl","තිස්ස මුවා දුටුවෙද"
"Sameera Senarath","https://www.facebook.com/people/Sameera-Senarath/pfbid0ejSLP63zLARhd5YswTnr7XHtLdg6Hw8wWL8xTPHZBR1ymnKWYrduALnXzh27PDVjl","මොනා උනත් ඇතටම ලස්සනයි ❤️"
"Sdd Dharshana Darshana","https://www.facebook.com/sdd.dharshana.darshana","ඔවූන් ඉන්න ගම් වල උන්ට බාරයි ඉතීන්....."
"Sasi Ekanayaka","https://www.facebook.com/people/Sasi-Ekanayaka/pfbid0W1MjuAFU722UBWrvMdfs8vM9Bes3XoMr16EwmqAiTp8RPHcGiosC1QnDfD2PZqcNl","බුදු දහම විනාශ කරන්නේ අපි නෙවෙයි. මේ වගේ සිවුරු පොරවගත්ත  කහ කඩයෝ. මහානායකලා මේවා බලාගෙන නිහඩව ඉන්න එක හරිද 😡"
"Dilka Hettiarachchi","","ඔක්කම එලියේ දාගෙන මූණ වහන් හිටියට ලැජ්ජාව යනවද"
"Mahesh Kumara","https://www.facebook.com/mahesh.kumara.749669","bouddha api yakoo..upan deneeta  daana denne ....para hatta..."
"Upali Rathnayaka Upali","https://www.facebook.com/profile.php?id=100011245987295","මාහානායක හිමි වරු මෙව දකින්නෙ නැද්ද...මෙවට නිතියක් ගෙන්න ඔනේ"
"Ajantha Balasooriya","https://www.facebook.com/people/Ajantha-Balasooriya/pfbid0J64KK38ygfTWQqYcZz6pmZ61iv5GSRaWmnWaCnnQ86i3pwKLoXmndgexjRzEfJ3Ql","මහානායක හාමුදුරුවනේ මුන් මහන උනේ උන්ට සැප ට ඉන්න ඕන නිසා, තව ඉන්නවා ගොඩක් අය. මේවා හොයල බලන්න ඔබවහන්සේලාට තේරෙන්නේ නැද්ද"
"Emine Rule","https://www.facebook.com/EmineRule","තිත්තේ ඇඟිල්ල ත් උරනවා බං 🤣"
"Nuwan Silva","https://www.facebook.com/nuwan.silva.129357","😂"
"Krishantha Daniyal Sebastiyan","https://www.facebook.com/dsr.krishantha","Kapila Gamhewa"
"Krishantha Daniyal Sebastiyan","https://www.facebook.com/dsr.krishantha","[Image Attachment]"
"Lakshman Jayasuriya","https://www.facebook.com/lakshman.jayasuriya.37","[Image Attachment]"
"Amila Liyanage","https://www.facebook.com/amila.liyanage.70445","අපිට ගවුරවනීය චීවරයක් උනාට ඒක උන්ට  එක ඇදුමක් විතරයි."
"Sanath Senadeera","","[Image Attachment]"
"Jagath Nilantha","https://www.facebook.com/jagath.nilantha.91564","බුදුසරණයි නංගී ජයවේවා 🩷🩷🩷"
"Sithum C Edirappullige","https://www.facebook.com/profile.php?id=100005948671128","අඩෝ... තිත්තයා...😂😂😂 Happy Birthday මචං 😂"
"Thennakoon Gamini","https://www.facebook.com/thennakoon.gamini.1","තක්කඩි  කාලකන්නි   මුන් සිඋරක්   නෙවෙයි   හෙලුවෙන්   මහපාරෙ  හිටෝලා  ගල් ගහන්න  වටින්නෙ."
"Virad Chathuranga Ediriarachchi","https://www.facebook.com/viradh.chathuranga.3","නියමයි නියමයි කමෝන් ඇතුලට ගියපු එක්කෙනාගෙ සෙට් එක😅😅🤣🤣"
"Duminda Gamage","https://www.facebook.com/duminda.gamage.96","සාසනයම විනාශ කරන්න සිවුරු දා ගත් අය බලා ගන්න රටම"
"Dhammananda Himi","https://www.facebook.com/people/Dhammananda-Himi/pfbid02oTQZSpqg31nRqFtqzv9pcrdExUniyDhbu9NbUHn6rPnQwcreS9PEqtsqQfvFNAzwl","මුන් වගේ අය තමයි දහම රකින්නේ වල් බූරුවා"
"පොඩි සෝනා","https://www.facebook.com/people/%E0%B6%B4%E0%B7%9C%E0%B6%A9%E0%B7%92-%E0%B7%83%E0%B7%9D%E0%B6%B1%E0%B7%8F/pfbid02NwGnZggUoeNXNp4MJLk8ypTP7Fm7MfHaRdP1QyQTQP1E114jhYxLqbomEztHc7wVl","මෙන්න විනය තියෙන බික්සු කාලකන්නියා.."
"Ajantha Shelton","https://www.facebook.com/ajantha.shelton.1","[Image Attachment]"
"Chameen Phuspakumara","","https://www.facebook.com/share/v/19LvFF94Q4/"
"Ashen Ashen","https://www.facebook.com/sd.amarasiri","@highlight  Happy  birthday ප#යා 😂😂😂"
"Palitha Hewagamage","https://www.facebook.com/palitha.hewagamage.1","තිත්තේ happy birthday 🥳🥳🥳🥳 මචෝ 🥳🥳🥳"
"Gayan Sanjaya","https://www.facebook.com/people/Gayan-Sanjaya/pfbid0sLbiFx17mG6XXgqZ9DjKa2u2k6Ht6vNih3m72RGW5D4jR7GYPSZgSPBa7DcLbybGl","අධිකරනයෙන් සිවුර ගලවපු එක වැරදි කියන එකා නේද මේ"
"Priyantha Gunathilaka","https://www.facebook.com/priyantha.gunathilaka.73","සිවුර ඉවරයි"
"Kasun Madushan","https://www.facebook.com/kasun.madushan.9026","ඔන්න ඔය ආතල් කුඩු උන නිසා බොහෝමයක් පිරිස දැන් වියරු වෙලා 🤣🤣"
"Teshan Perera","https://www.facebook.com/teshan.perera.357775","[Image Attachment]"
"Teshan Perera","https://www.facebook.com/teshan.perera.357775","[Image Attachment]"
"Samudaya Nawarathne","https://www.facebook.com/samudaya.nawarathne","😂😂"
"Rajitha Delshan Rajitha","https://www.facebook.com/profile.php?id=100012125022501","😡😡😡"
"Ashi Rathna","https://www.facebook.com/asoka.thilakarathna.1","[Image Attachment]"
"ගමිත් මධූමාල්","https://www.facebook.com/Romania2022Boys","😂😂😂"
"Amila Henry Henderson","https://www.facebook.com/hederson.ami","Malith Buddika Amarasinghe Sageeth Bandarigoda  Dinuka Perera 😁🤣"
"Rumesh Rajitha Pathirana","https://www.facebook.com/rajitha.pathirana.35","දෑත පා ඉදුල් යදී ඇස් ගයා සන්ඝ භීතිකා ..."
"Chanaka Maduprabath","https://www.facebook.com/chanaka.maduprabath","Happy birthday Utto 🤧🖕😂"
"Sadeep Dilshan","https://www.facebook.com/people/Sadeep-Dilshan/100045398402550","කාවද බන් මුන් රවට්ටන්නේ 😂😂"
"Lochana Withana","","සාසනයෙන් නෙරපිය යුතු තවත් පිලිලයක්"
"Sudarshan Jayasinghe","https://www.facebook.com/sudarshan.jayasinghe.3","තිත්තෙයගෙ උපන්දිනේ ."
"Darsha Neranjana","https://www.facebook.com/darsha.neranjana","තූ නොදකින්"
"Dimuthu Chinthaka","https://www.facebook.com/dimuthu.chinthaka.517264","මුන්තනිකර සක්කිලි"
"Chandima Siridewa","https://www.facebook.com/chandima.siridewa","දගලන හැම උට්ටම හොරෙක් බව මෙයින් සනාථවේ."
"Namal Janaka","https://www.facebook.com/namal.janaka.3","Happy birthday  tittey"
"Galle Hamuduruwo","https://www.facebook.com/galle.hamuduruwo.4353","[Image Attachment]"
"Galle Hamuduruwo","https://www.facebook.com/galle.hamuduruwo.4353","[Image Attachment]"
"Galle Hamuduruwo","https://www.facebook.com/galle.hamuduruwo.4353","[Image Attachment]"
"Nishntha Dabare","https://www.facebook.com/people/Nishntha-Dabare/pfbid02ESjdYtU1hQ8KVKEshnRhimTje1f4ycv1JT2qvB4TvDqhBe6iKRJFCvn4yrCTdn8Bl","ගොතයා"
"Dilum Dharamasiri","https://www.facebook.com/dilum.dharamasiri.5","ඩෝබිලාට සන්ක්කෘතියට අගමට බම්බු ගහගන්න කියලා කාලා බීලා ආතල් එකේ ඉන්න ඕනිනේ.එහෙම හිටපු අපිට අනුර කල දෙයක්.කාලත් මදි කියහන්කෝ මාලිමාව 😂😂😂😂😂😂😂"
"Prasanga Neel","https://www.facebook.com/prasanga.neel.7","අපේ සාසනයේ කන ගෙරේ බල්ලෝ අපේ එන්නේ නැද්ද දන්නේ නෑ. මහානායක ලට"
"Bhikku Kathiyana","https://www.facebook.com/kathiyana","[Image Attachment]"
"Bhikku Kathiyana","https://www.facebook.com/kathiyana","[Image Attachment]"
"Bhikku Kathiyana","https://www.facebook.com/kathiyana","[Image Attachment]"
"Bhikku Kathiyana","https://www.facebook.com/kathiyana","[Image Attachment]"
"Bhikku Kathiyana","https://www.facebook.com/kathiyana","[Image Attachment]"
"Samith Wellala","https://www.facebook.com/samith.wellala.2025","සාසනයටම සාපයක් පව් සත්තු"
"Rasika Mahanama","https://www.facebook.com/people/Rasika-Mahanama/pfbid0nur3HUcyAfrq2NmENDoRf4MzcNqAtNLnSkGW5VmpMmFDb5XQuTsSJrSLtik4Srqwl","Rahath wela 😂😂😂😂😂😂😂😂"
"Rasika Mahanama","https://www.facebook.com/people/Rasika-Mahanama/pfbid0nur3HUcyAfrq2NmENDoRf4MzcNqAtNLnSkGW5VmpMmFDb5XQuTsSJrSLtik4Srqwl","[Image Attachment]"
"Wasantha Amarasinghe","https://www.facebook.com/wasantha.amarasinghe.2025","සාසනේ ඉවරයි දැන් ගන්න දෙයක් නෑ"
"Wasantha Amarasinghe","https://www.facebook.com/wasantha.amarasinghe.2025","තවත් ජරාමරයක් එලියට 😂🤣😂🤣😂🤣"
"Vijitha Kumara","https://www.facebook.com/horagalagamage.vijithakumara","ඇගිලිත් ලෙවකනව පෙරේතයා"
"Tharidu Darshana","https://www.facebook.com/people/Tharidu-Darshana/61552496392064","[Image Attachment]"
"Hussain Sally","https://www.facebook.com/hussain.sally.2025","මිනිස්සු මරලා හොරකම  කරපු දුප්පත් ජනතාවගේ සල්ලි.. ජනතාවගේ ශාපයෙන් මුන් ඔක්කොම විනාශ වෙයි.."
"Sumedha Gunathilaka","https://www.facebook.com/sumedha.gunathilaka.56535","මහානායක ඇත්තෝ 🤔🤔🤔"
"Kosala Abeysinghe","https://www.facebook.com/kosala.abeysinghe.2025","Mun hamuduruwo da. Kalakanni hetta"
"Roshan Gamage","https://www.facebook.com/roshan.gamage1","තිත්ත සැප..🙄"
"Adeesha Makawitage","https://www.facebook.com/dilum.nuwantha.5","මේක පරන වීඩියෝ එකක්.මෙතනදී මේ හෝටලේ අය එයාලාගේ හෝටලේ නැවතිලා ඉන්න අයට උපන්දින චෙක් කරලා හෝටලෙන් ෆ්‍රී දෙන එකක්.නැතුව උපන්දින පාටියක් නෙමෙයි.එයාලා දන්නේ නෑ මේ හාමුදුරු කෙනෙක් කියලා.හැමදාම උපන්දින තියන අය චෙක් කරනවා එයාලා.උපන්දිනේ තියන කෙනෙක් හම්බුනොත් නට නට ඇවිත් නොකියාම සප්‍රයිස් කරනවා.හෝටලෙන් ෆ්‍රී කේක් ක එකකුත් දෙනවා.තිස්ස ජනනායක සර් ඕක පැහැදිලි කරනවා."
"Sudesh Nimantha","https://www.facebook.com/sarathrathnayaka.sarath","සම්මා නැටුම්😜😜😜"
"Prasad Chandana","https://www.facebook.com/prasad.chandana.7","ඉපදීම දුකයි කියන්නෙ කවුද ඉතිං"
"Nalin Wijenayake","https://www.facebook.com/nalin.wijenayake.2025","Me Lankawe aluthma nikayada"
"Sanjeewa Ranathunga","https://www.facebook.com/KMS.Ranathunga","Shivantha Dilusha"
"Shivantha Dilusha","https://www.facebook.com/shivantha.dilusha","Sanjeewa Ranathunga mokaada me 😂"
"Shehan Mihiranga","https://www.facebook.com/shehan.mihiranga.98031","😂"
"Dinesh Lakmal","https://www.facebook.com/dinesh.baba.524","දානේ හම්බුනා ඇති වෙලාද...😂"
"Pasindu Madushanka","https://www.facebook.com/pasindu.madushanka.52493","Dilka Ravihara  😹 meka"
"Samith Ekanayaka","https://www.facebook.com/profile.php?id=1375508201","මහා ශෝනා ගේ උපන්දිනයක් 😡😡😡😡නේද කින්.. වනචාරී 😡😡😡😡තොපිට අනුර npp ආණ්ඩුවලින් නම් නො චාන්ස් 👍🏻👍🏻👍🏻😡😡"
"Malkanthi Malkanthi","https://www.facebook.com/malkanthi.malkanthi.670258","[Sticker]"
"Nuwan Gunathilaka","https://www.facebook.com/nuwan.gunathilaka.1042","හු පුතෙක්👋"
"Nirandika Lakmal","https://www.facebook.com/NIRANDIKA","Channa Rathnayaka පේනවද පිටපත කාගෙද කියලා 😂"
"Ananda Pathirana","https://www.facebook.com/ananda.pathirana.524","Siwru hora"
"Zoy SA","https://www.facebook.com/iamzoisa","පන්නෙක ගන්නෝන මොනා උනත් 🙏🫣"
"Damith Rajeewa","https://www.facebook.com/damith.rajeewa.3","Ane tittheyo"
"Viraj Dissanayake","https://www.facebook.com/virajdissa","නැගී එන තරුවක්, ජයවේවා මචෝ 🤣🤣"
"Col Col","https://www.facebook.com/people/Col-Col/pfbid031Y6hX9DgTAWDm4Hdm3B8ZAKVahcWzZHKSCZvoXaduH3gy7NjSzUZ444DhivVvuesl","නොදකින් පරයා බුදදහම වනසන සක්කිලි"
"Vijaya B Konara","https://www.facebook.com/vijaya.b.konara","ඕකට තමයි කියන්නෙ කලිසම ඔලුවෙන් ගලවගන්නව කියලා🤣🤣"
"P P De Silva II","https://www.facebook.com/sajeewa.kumara.5209","නච්ච ගීත වාදිත විසූක දස්සන මාලා ගන්ධ විලේපන ධාරන මණ්ඩන විභූසනට්ඨානා වේරමණී සික්ඛාපදං සමාදියාමි."
"Dhammika Dhammika","https://www.facebook.com/dhammika.dhammika.240179","මුන්ව සාසනයෙන් නෙරපා හරින්න ඕනා. මහජනයා එකතු වෙන්න ඕනා. දැන් හරියන්නෙ නෑ බුදු දහම විනාශ විනාස කරන්නේ මුම්ම තමයි 😡😡😡😡😡😡😡😡"
"Roshan Jayntha","https://www.facebook.com/profile.php?id=61591662134708","[Image Attachment]"
"Dilan Madusanka","https://www.facebook.com/dilanmadusanka0","කෝ බන් ලංකාවෙ මහා නායක හිමිවරු ? එයාලට මේව පේන්නෙ නැද්ද ? මොනාද අද මේ රටේ චීවරේ දාගෙන කරන්නෙ මේ.හොඳ භික්ෂුන් වහන්සේලාටත් කරන අගෞරවයක් මේක"
"Twjagath Karunarathna","https://www.facebook.com/twjagath.karunarathna.2025","කොහොමද ගැම්ම"
"Mano Livera","https://www.facebook.com/profile.php?id=61584079861614","සුභ උපන්දිනයක් වේවා තිත්තේ සගෝ... 🌝✌️"
"Saman Munasinghe","","මේ මොන හුත්තෙක්ද කහ ඇදගෙන ඉන්නේ"
"Renuka Edirisinghe","https://www.facebook.com/renuka.edirisinghe.528927","චරිත භික්ඛවේ චාරිකන්, බහු ජන හිතාය, බහු ජන සුඛාය, 🌼 භාග්‍යවතුන් වහන්සේ ගේ දේශනාවට අනුගතව  සාසනික මෙහෙවරේ වඩින්නාවූ ස්වාමීන් වහන්සේලා කීයෙන් කීදෙනාද අද වැඩ ඉන්නේ 😢"
"Sanika Sharmila Wanigasekara","https://www.facebook.com/profile.php?id=100024608149095","Manamali thitte aiya e dawaswala namalge dakunu atha sepa ne den panshal hadala dila"
"Kasun Deegala","https://www.facebook.com/kasun.deegala.9","එහා පැත්තෙ ඉන්නෙ තිස්ස ජනනායකද බං 😁"
"Kasun Deegala","https://www.facebook.com/kasun.deegala.9","ආ... ඕව කැපයි.."
"Oshadha Gayan","https://www.facebook.com/oshadha.gayan.1","Opppsss thiththe🥹😪"
"Nuwan Rangana","https://www.facebook.com/nuwan.rangana.1048","අහෝ ........😥"
"Ksaludayanga Udayanga","https://www.facebook.com/ksaludayanga.udayanga","Kudage  wada  kohomada  sasane  kanwa"
"Laith Nissanka","https://www.facebook.com/people/Laith-Nissanka/pfbid026h7nYWDsbioEsnqFYiXVXw84vn56vptrwQRgkUbMSVf29mekX37ZzigsAnRCVFT5l","😂😂😂😂😂😂"
"Piyantha Laal","https://www.facebook.com/people/Piyantha-Laal/pfbid0e3aMf7aFUVCQBU6JqzmYLADTEd4Nk9yWMujy44EajUibQhjtVkV1otxbKswCzKyPl","Munta kawda wadinne API munwa piliganne na loweth mun hora thakkadiyo"
"Chethana Romesh Wijerathna","https://www.facebook.com/chethana.wijerathna.697280","https://www.facebook.com/share/r/1EkDYnZnHr/"
"ඇනෝනි විසල්","https://www.facebook.com/naleen.madusanka.146","ඇයි දර්ශනයක් හදාරනවා කියල ජීවත්වීමෙ නිදහස නැති වෙන්නෙ වනචාරී බුදුදහමෙ මිසක් හරි දර්ශනයෙ නොවෙ"
"Mahinda Suraweera","https://www.facebook.com/mahinda.suraweera.9","ඔන්න මෙ බෙබද්දා අදහන බුදු දහම"
"Sajith Mangala","https://www.facebook.com/people/Sajith-Mangala/pfbid02JEFKZ1qut5M4BvKE2tQZ1TQegtmWfPLABRgJSPFVdnB2WZU2MX2fb5yjUtvyvBG1l","[Image Attachment]"
"Sajith Mangala","https://www.facebook.com/people/Sajith-Mangala/pfbid02JEFKZ1qut5M4BvKE2tQZ1TQegtmWfPLABRgJSPFVdnB2WZU2MX2fb5yjUtvyvBG1l","[Image Attachment]"
"Chandhana Jayasekara Art","","අතත් ලෙවකාල නොද්දකින් .🤮🤮🤮👍👍"
"Chandhana Jayasekara Art","","තිත්තෙ  පාට් , ඔය  චීවරේ  ගලෝල නටාපං."
"Malitha Sathsara","https://www.facebook.com/people/Malitha-Sathsara/61579862490834","Budu rajanan wahanse begsuwata me vidiyata hasirenna mehema athal ganna kiyala na.mun karanne budu dahama vinasa karana eka.mun igenagaththata wedak na.pothe danuma thibunata mun karanne budu dahama vinasa karana Eka chiwaraya daragena homa karanne munta marenna mohothak thiya hari mewa partisan denawa dewa daththata wage..."
"Malitha Sathsara","https://www.facebook.com/people/Malitha-Sathsara/61579862490834","Mun thamai budu sasuna vinasa karanne.munge siura galawala pannan one.maha nayaka himiwarunta puluwan munwa sasanen nerapanna."
"Sumith Gunasekara","https://www.facebook.com/people/Sumith-Gunasekara/pfbid02Hqrp5U87ZiXxhWampZ8KcYnLnxT4vUQgM8eM3cMGYcj9qVkmgHMhnoc9ymM3KUtbl","Munta Gahala Alawanna Ona"
"Ashan Achintha","https://www.facebook.com/ashan.achintha.1","තිත්තයා 😂😂"
"Asela Sandaruwan","https://www.facebook.com/asela.sandaruwan.967","ඇගිලිත් ලෙවකනවා නොදකින්"
"Buddika Walakuluarachchi","https://www.facebook.com/buddika.chathuranga.54","නිදන් කඩලා දෙපාරක් හිරේ ගිය එකෙක්😄"
"Dinuka Madusanka","https://www.facebook.com/dinuka.madusanka.950068","තිත්තයා කාවයියො එක්ක"
"Bimsara Wanasinghe","https://www.facebook.com/adi12173","රජු ධාර්මික නෑ කියපු එකා නේද මේ...."
"Nalin Sanjaya","https://www.facebook.com/nalin.sanjaya.555233","ඒ රටෙ උනුත් දන්නවා,මූ සිවුරදාගත්තට හාමුදුරැවෝ කෙනෙක් නෙවෙයි,ලංකාවෙ සිවිල් වැසියෙක් කියලා🤣 ,"
"Athma Wickramasinghe","https://www.facebook.com/people/Athma-Wickramasinghe/pfbid023m5S5iTgHnmMUXz98cjsVkGGKMt4uCuTqQw5mF1g2vMdKpb2SUAqdEwGRLkpubn5l","තිත්තේ මෝල් වී ඇත"
"Rashmika Samaranayaka","https://www.facebook.com/rashmika.dilshan.3576","කම් සැප විදින්නනන් මෙ ලෙස මහන උනෙ ඇයි මෙ මිනිහා...ශාසනෙට ලොකු කැලැලක් එකතු කරනව මෙ චීවර දාරියා. නීතිය ක්‍රියාත්මක විය යුතුයි මොවුනට විරුද්දව. මුන්ට මෙ සැප ප්‍රසිද්දියෙ දැන් ගන්න නැති නිසා තමා ඔය එලි බැහැලා තප්පුලන්නෙ. සිවුරු ගලවලා නිසි දඩුවම් ලැබෙන්න සලස්සවන්න ඕනෙ මෙ චීවර දාරියාට 🤬🤬🤬"
"Anuradh Saumyageeth","https://www.facebook.com/anuradh.saumyageeth","Woooooooo dharmikaya neda me"
"Rookantha Senanayaka","https://www.facebook.com/people/Rookantha-Senanayaka/pfbid0nMxUwXssvPgSa4RHNKDuPrJBF8jMWqvrykjXiwv2EBgzjS4WYcBdPXKaN8mg8EmCl","අනුර කුමාර ධාර්මික නෑ කියන කෙනාගේ ධාර්මිකත්වය දොරේ ගලනවා 😂😂😂😂"
"Sandamali Gallage","https://www.facebook.com/sandamali.gallage.7","සම්මා සාද..👈🤣🤣🤣"
"Sanka Kumara Kohobakadawala","https://www.facebook.com/sanka.kumara.kohobakadawala","ධර්මිෂ්ඨයි, උත්කෘෂ්ටයි , විශිෂ්ඨයි"
"Ransara Sadeepa","https://www.facebook.com/sadeepa.rnsara","හැපියක් උට්ටො 😹"
"Kavinda Ranasinghe","https://www.facebook.com/kavinda.ranasinghe.3","එහා පැත්තෙ ඉන්නෙ කවුද ඒ.ටියුශන් සර් නේද"
"Ayesh Jayasekara","https://www.facebook.com/ayesh.jayasekara.50","හාමුදුරුවන්ට අනුව විනය නීති සංග්‍රහයක් ඇතිනෙ. නැත්නම් සිවුර ගලවල ගිහි ජීවිතේට ආවා නම් හරි"
"Nihon Matale Nihon","https://www.facebook.com/princy.matale","😢"
"Malki U G Wijesooriya","https://www.facebook.com/malki.u.g.wijesooriya","මෙයාද අර හිරේ හිටපු නායකයා හැමදාම භාවනා කරනවා කීවෙ. අත්සන් ගහන්න කීවේ රට,ආගම ගැන හිතන්න කීවේ මේ කහපාට අදුම ද?  හිතන්න යමක් 🥲🥲🥲"
"Sarath Dissanayake","https://www.facebook.com/sarath.dissanayake.587157","ඊජිප්තුවේ කට්ටිය දන්නෙ නැත්තං ලංකාවේ බෞද්ධ හාමුදුරු කෙනෙක් කියලා උන්වහන්සේට තිබුණා ඒ බව දැනුවත් කරල ලංකාවේ සංස්කෘතිය ගැන පොඩ්ඩක් තේරුම් කරලා දෙන්නෙ වෙන රටකට කියලා බුදුදහම ගැන තියෙන සාරධර්ම ගැනීම කතා කරන ඔබවහන්සේලා විදින්න රටකට ගියැසිරෙන්නේ මම නම් හිතන්නෙ ගොඩක් වෙලාවට බුදුදහම විනාශ කිරීමට එක එක අංශ විදිහට වැඩ කරන ගොඩක් අය ඉන්නවා එය අතර භික්ෂුවමුලින්ම ගිහි පිරිමි අය සහ ගෑණු අය"
"Prabath Priyanka","https://www.facebook.com/prabath.priyanka.2025","සිවුරු හොරා"
"Chameera Darshana","https://www.facebook.com/chameera.darshana.94","නිඝණ්ඨයා"
"Nuwan Chinthaka","https://www.facebook.com/nuwan.chinthaka81","ඌට නැත්තෙ රැවුලයි කොණ්ඩෙයි විතරයි..."
"Rojeshan Max","https://www.facebook.com/rojeshan.max","[Image Attachment]"
"Rojeshan Max","https://www.facebook.com/rojeshan.max","[Image Attachment]"
"Gayan Senarath","https://www.facebook.com/gayan.senarath.927","Tittayaa sakkiliyaaa"
"Sasii  Mihisara","https://www.facebook.com/B.S.S.Mihisara","Top 👍"
"Prasantha de Silva","https://www.facebook.com/prasanthade.silva.39","වනවාසී මඩ්‍යසාර ... 😂😂 වෙනුවෙන් කතාකරන එක සාධාරණ යි .. 😁"
"Mesha Sanuli","https://www.facebook.com/people/Mesha-Sanuli/pfbid02qYJWDBLBjnMYLJMeKzoT8CrGJWESnS8uzQukytFkGXLTSgEc1QXYFAksQRK14o9Yl","මෙවානෙ යකො ලොකෙම දකින්න ඔනෙ......අපතයා ගෙ වැඩටික...  මුංට තියෙන නඩු 14 මං රටටම පෙන්නුව නම් තමයි වටින්නෙ....."
"Prasanna Dasanayaka","https://www.facebook.com/prasanna.dasanayaka.530877","බල්ලෝ සියුරක් දාගෙන"
"Royl Lokubalasuriya","https://www.facebook.com/royl.lokubalasuriya.2025","ආගම එපා කරවන එව්ව🙏"
"චතුර ශාලික","https://www.facebook.com/z7nbnhch46","දැන් මෙහෙම හැසිරුනෙ ඇයි කියලා ඇහුවාම මුන් කොහෙ හරි අර අටුවාවෙ තිබ්බෙ, මෙ අටුවාවෙ තිබ්බා කිය කිය කතාවක් ගෙනල්ල ඉස්සර රහතන් වහන්සෙ කෙනෙකුත් මෙහෙම නටලා තියෙනව කියලා පෙන්නලා ශෙප් වෙනව.🤣🤣🤣🤣🤣🤣🤣"
"Daminda Hettiarachchi","https://www.facebook.com/people/Daminda-Hettiarachchi/pfbid02aErvyXzfeYYwcNC6PfjptVKc1PZndZYbJ3MdNXxKafFTnLYeBE5sAND31yLnSsKbl","Real buffalo 🐃"
"Saranga Liyanaarachchi","","😂"
"Roshan Jd","https://www.facebook.com/roshan.jd.37","මහානායක නිදිවදිනව"
"Roshan Jd","https://www.facebook.com/roshan.jd.37","කාලකන්නි චිවරදාරින්"
"Ishan Sagith Kasthuriarachchi","https://www.facebook.com/ishan.kasthuriarachchi","මේ අර පාර පුරා අත්සන් ගන්න ගිය පිම්පියද ?? නොදකින් සක්කිලි.. මුන්ට විරුද්ධව action එකක් ගන්න මහානායක හිමිවරුන්ට බැරි නම්, රජයෙන් ඉල්ලන්නේ අපි බුද්ධ දර්ශනයට වචනෙකින් හරි අගෞරවයක් කරන මේ වගේ ඕනෑම කාලකන්නියෙක්ව සාසනෙන් එලියට ඇදලා දාන්න පුලුවන් නීතියක් ගෙන්න.. නැත්තං මේ සාසනේ විනාසේ අත ලග.. මුන් වගේ උන්ට ඊලග උපන්දිනේට කලින් පරලොව යන්න ලැබේවා කියලා හැමෝම සාදු කාරයක් දෙන්න 🙏"
"Tharindu Shehan","https://www.facebook.com/profile.php?id=100025486563647","අනිත්‍යය දුක්ඛා අනාත්ම ඔයේ වරෙන් අපි නටමු happy birthday to you"
"දිනේෂ් හෙට්ටිආරච්චි","https://www.facebook.com/dinesh.hettiarachchi.16","කොකාට වාරයනං තිත්තයට දෙවාරයයි.. 🤣🤣"
"Thushara Jayawardane","https://www.facebook.com/thushara.jayawardane.31","Happy birthday තිත්ත බ්‍රෝරො.😂😂"
"Indrajith Nimal Perera","https://www.facebook.com/indrajith.nimal.perera","ඇයි දෙයියනෙ මේ කාලකන්නින්ගෙ සිවුර ඉවත් නොකරන්නෙ .මහානායකවරු තම යුතුකම වගකීම ඉටු නොකරන බව තමයි කියන්න වෙන්නෙ."
"Achala Sri Ganganath","https://www.facebook.com/achalasri.ganganath","හිත්තගල්ලයද..."
"Shiran J Kumarasinghe","https://www.facebook.com/shiran.j.kumarasinghe","[Image Attachment]"
"Kamal Senanayaka","https://www.facebook.com/kamal.senanayaka.12","තිත්තගල්ලෙ"
"Hema Rajapaksha","https://www.facebook.com/hema.rajapaksha.16","Onna mainaga puka lawakan ganayanga hatii hamoma bala palla..🤣🤣"
"Hema Rajapaksha","https://www.facebook.com/hema.rajapaksha.16","Oka mahanawala naa nikan siwrak dagana inna hamudawa unna thirisanak.."
"VS","https://www.facebook.com/vs.824434","Muge siyura පන්නල අරගෙන ata දෙකෙන් ellanna ona  කැරී wesige පුතා"
"Sampath St","https://www.facebook.com/thushara.07.89","සංගරත්නයෙ කෙරුවාව 2.50 පොල්කාවයියො බාලා ගනිල්ලා"
"Chandra Lal","https://www.facebook.com/chandra.lal.37498","Ane amme sasane"
"Uditha Prasanna","https://www.facebook.com/vihaga.randula","අපි උපන්දිනයකට ඇවිල්ලා පන්සලකට පින් දහම් කරනව උපන්දින දවසට මේ රිලව මොකක්ද මේ කරන්නේ?"
"Jayantha Gunawardana","https://www.facebook.com/people/Jayantha-Gunawardana/pfbid035KB5RhDamB3ecnxaLUro2GV5qJezWGPYjHJckvo5p4bUhsekEAbhCsZ998CfH6azl","කොහොමදබද්ධසාසනයරකිනසංගයා හොදටකාලබීලඩාන්ස්කහනව මුන්නේමහලොකුවටකැගහන්නේ තිත්තගල්ලයතනතවත්අපටතිත්තයි එකෙක්ඇතුලටයනකොටතව එකෙක්ආව මුනමි සාසනෙමිමනෙරපාදැමියයුතුයි නානසාරට එහායයිවගේමේතිත්තගල්ලය"
"Ruwan Milroi","https://www.facebook.com/ruwan.milroi.2025","ඔඋන්ටකියල  පුකෙඇරවගනින්  කිම්බො"
"Kapila Suriyabandara","https://www.facebook.com/people/Kapila-Suriyabandara/pfbid0CAGJF3ETBHFSJjqFoDjdt58crpxLkhU5JuiyNgUC2PPA3j6rHVBH1W4AHPynHnNtl","තිස්ස ජන නායකත් බලා බලාගෙන ගියහම ධාර්මිෂ්ටයි වගේ"
"Kumara Abeysingha","https://www.facebook.com/kumara.abeysingha.637852","Kalakanni Sakkiliya 🐕‍🦺🐕‍🦺🐕‍🦺"
"Rukman Bandara","https://www.facebook.com/rukman.bandara.9","අඩෝ තිත්තෙ උබත් හෙන ආතල් එකේ ඉන පොරක් නේ 🤭එල එල 😁🖕"
"Saranga Perera","https://www.facebook.com/people/Saranga-Perera/pfbid0TZGxsVLgJ7sL47VvziKPfZ9uqP4CjdRnZ65i9fHaWSUviC4vtCfkPSRZGYWrcxVpl","🫢🫢🫢"
"Nuwan Sampath","https://www.facebook.com/people/Nuwan-Sampath/pfbid02NK8Arbs5Wnig7Sy9cANT7UkjeKZQDzPWHmH9Rsv5XK9vsuupcpGKYvcxj3zZjbb2l","Sad mudd"
"Manju Kumara Muthuwana Arachchige","https://www.facebook.com/manjukumara.muthuwanaarachchige","@highlight @followers බුදු දහමට ඇති ගෞරවය නැතිකරන්නේද ඔය බුදු දහමෙන් යැපෙන ගනින් නාන්සේලාම තමයි ????😪😪😪😪"
"Shabri Mohammed","https://www.facebook.com/people/Shabri-Mohammed/pfbid034BRvQvWMizzSWjCS5xHCX73e1MKdPdfkxd9hMQjSzbq2vENLzg1Hnvyd77vKVrful","Sakkili ballek"
"Udara Weerarathna","https://www.facebook.com/udara.weerarathna.9","Danuka Senarathna 😂😂😂😂"
"Saman Pushpakumara","https://www.facebook.com/people/Saman-Pushpakumara/pfbid0MbxF1RECxFFoFAN1PQzzvMa1GQa7KAodnMqowdfijYsHjiAEAZCYYZkqG9vt9SsKl","බුද්ධ ශාසනයේ විනාශ කරන සක්කිලි කැරි බල්ලා බෞද්ධයෝ එකතු වෙලා මෙන්න මේ බල්ලට ගහලා බලෙන් සිවුරු ගලවන්ඩ ඕනි"
"Gamini Semasinghe","https://www.facebook.com/susantha.semasinghe","Mun thama sasane winasa karanne kalakanni"
"Gamini Semasinghe","https://www.facebook.com/susantha.semasinghe","Mewa nathi nisa den Pissu…Munta"
"Samanthi Karunanayaka","https://www.facebook.com/samanthi.karunanayaka.2025","සාසනය විනාස කරන කාලකන්නි හැත්ත"
"Roshan Antony","https://www.facebook.com/roshan.anthony.161","කොහොමද සැප"
"Gunarathna Mrj","https://www.facebook.com/gunarathna.mrj.2025","නාන සරා.. ඇතුලට ගිය එකේ..පාටිය..හොදේ"
"Pansilu Suraj","https://www.facebook.com/pansilu.suraj.5","මූනට මුන වර තො මහණෙක් නෙවෙ අපත පකෙක් කියලා මම ඔප්පු කරනවා"
"Em Herath","https://www.facebook.com/em.herath.3","Chiware da gaththa Patti gonek"
"Dinuka Sampath","https://www.facebook.com/dinuka.sampath.31945","ඉපදීම දුකක් උන්ට සැපක් 😂😂😂"
"Fazir Shabdeen","https://www.facebook.com/fazir.shabdeen.92","[Image Attachment]"
"Kalinga Jayakody","https://www.facebook.com/kalinga.jayakody.2025","💩💩🤬🤬"
"Surangi Lakmali","https://www.facebook.com/people/Surangi-Lakmali/pfbid03589KmDzLznQdMovgc5GZE5pxd4T6VKk2Y4sxY3rtNxiJ6ac5rekK5ejt9V3zAqYGl","අත්සන්  කරන්න ආපු බේබද්දො  වෙන්ට ඇති උන්නාන්සෙ නේ...අනේද කියන්නෙ..මේ මොක්කුද ..ඔක්කොටම කලින් සිව්‍ ර ගලවල දාන්න ඕන ..."
"Upali Wijekoon","https://www.facebook.com/upali.wijekoon.984","Gama pakaya"
"Deshan Bandara","https://www.facebook.com/deshan.bandara.542424","😂😂😂"
"Keshara Galagama","https://www.facebook.com/keshara.galagama","Saman Pradeep 🤣🤣"
"Udayasiri Jayatunga","https://www.facebook.com/udayasiri.jayatunga","කොහොම්ද   තිත්ත   ගල    බුදු  දහම  රකින  හැටි......."
"Nilani Wasantha","https://www.facebook.com/nwsamaraweera","ගිහි කම් වලට මහන වුනේ ඇයි?"
"Ruchira Nissanka","","Disgraceful for yellow robe"
"Chaminda Premakumara","https://www.facebook.com/chaminda.premakumara.130345","Sasane kana p...k...yala"
"Nuwan Hettiarachchi","","ආනන්ද කවදා හරි මගේ ශාසනය විනාශ කරන්නේ චීවරයක් දරාගත් මිනිස්සු කොටසක් විසින් බුදු රජාණන් වහන්සේ 🙏. අද රටත් ශාසනයත් දෙකම විනාශ කරන්නේ බත් කන හරක්ගේ ආශිර්වාදයෙන් බෞද්ධයෙක් 😁."
"Sameera Senarath","https://www.facebook.com/people/Sameera-Senarath/pfbid0ejSLP63zLARhd5YswTnr7XHtLdg6Hw8wWL8xTPHZBR1ymnKWYrduALnXzh27PDVjl","https://youtu.be/7zAyH5AO5iY?si=ldRVg_-q_8hqCipx .   දෙවනි කොටස"
"Bante Bodhi Rathana","https://www.facebook.com/mahe.p.gamage","Ai"
"Suranga Gurusinghe","https://www.facebook.com/suranga.gurusinghe.1","Sad to see publicly destroying the Buddhism"
