User Name,Profile Link,Comment
"Nimal Gunathilaka","https://www.facebook.com/nimal.gunathilaka.399","මිනිිසුන්ටත්  පිස්සුනෙ  කහපාට රෙද්දක් සිවුරක්වගේ  ඇඟේ දවටගත්ත  හැමෝටම හාමුදුරුවො  කියන්න එපා"
"Neel Liyanage","https://www.facebook.com/people/Neel-Liyanage/pfbid02LnfTMCtXhQbcqenj4LVeT4WQwP16A9oSnfWnLUarXXaKmgkpXyERmxAFA7GuaB3il","Nimal Gunathilaka ඔබට උන්වහන්සේ පිළිබඳව තවමත් අකමැත්තක් තිබිය හැකියි. නමුත් තිත්තගල්ලේ ආනන්දසිරි ස්වාමීන් වහන්සේගේ අභිධර්ම දේශනා කිහිපයක් YouTube -https://dahamyathra.info/video/abhidharmaya-01/ andhttps://www.youtube.com/watch?v=xz2iwx0VxME and many more ඔස්සේ අසා බලන්න. එවිට උන්වහන්සේ පිළිබඳව මෙවැනි අදහසක් දරන්නට පෙර නැවත සිතා බලනු ඇතැයි මම සිතමි. උන්වහන්සේගේ ධර්ම දැනුම, පැහැදිලි කිරීමේ හැකියාව සහ බුදු දහම ගැඹුරින් ඉදිරිපත් කරන ආකාරය සැබවින්ම අගය කළ යුතුය. මගේ අදහස අනුව, උන්වහන්සේ ශ්‍රී ලංකාවේ සිටින ඉතා වටිනා බෞද්ධ භික්ෂූන් වහන්සේ නමකි.  පුද්ගලයෙකු පිළිබඳව මතයක් ඇති කර ගැනීමට පෙර, ඔහු කියන දේත්, ඔහුගේ දැනුමත්, ඔහු ඉදිරිපත් කරන කරුණුත් විවෘත මනසකින් අසා බලමු."
"Pathama Nagoda","https://www.facebook.com/pathama.nagoda","Nimal Gunathilaka සහතික   ඇත්ත"
"Sa Kun","https://www.facebook.com/sa.kun.7792","Nimal Gunathilaka ඇත්ත කතාව"
"Amitha Kumari","https://www.facebook.com/people/Amitha-Kumari/pfbid0GtP5eVyfYbfaw5od4PMbBtEVYh3aXp74UBnRJgjNwaP45ytQYi7gXG3r25nWdrHDl","හාමුදුරුවෝ කියන්න බෑ මුන්ට සාසනේ නැති කරන්න ආපු හොරු"
"Neel Liyanage","https://www.facebook.com/people/Neel-Liyanage/pfbid02LnfTMCtXhQbcqenj4LVeT4WQwP16A9oSnfWnLUarXXaKmgkpXyERmxAFA7GuaB3il","Amitha Kumari ඔබට උන්වහන්සේ පිළිබඳව තවමත් අකමැත්තක් තිබිය හැකියි. නමුත් තිත්තගල්ලේ ආනන්දසිරි ස්වාමීන් වහන්සේගේ අභිධර්ම දේශනා කිහිපයක් YouTube -https://dahamyathra.info/video/abhidharmaya-01/ andhttps://www.youtube.com/watch?v=xz2iwx0VxME and many more ඔස්සේ අසා බලන්න. එවිට උන්වහන්සේ පිළිබඳව මෙවැනි අදහසක් දරන්නට පෙර නැවත සිතා බලනු ඇතැයි මම සිතමි. උන්වහන්සේගේ ධර්ම දැනුම, පැහැදිලි කිරීමේ හැකියාව සහ බුදු දහම ගැඹුරින් ඉදිරිපත් කරන ආකාරය සැබවින්ම අගය කළ යුතුය. මගේ අදහස අනුව, උන්වහන්සේ ශ්‍රී ලංකාවේ සිටින ඉතා වටිනා බෞද්ධ භික්ෂූන් වහන්සේ නමකි.  පුද්ගලයෙකු පිළිබඳව මතයක් ඇති කර ගැනීමට පෙර, ඔහු කියන දේත්, ඔහුගේ දැනුමත්, ඔහු ඉදිරිපත් කරන කරුණුත් විවෘත මනසකින් අසා බලමු."
"Anura Dhr","https://www.facebook.com/anura.dhr.1","Amitha Kumari මේකාට ගුරු හාමුදුරුවන් කෙනෙක් නෑ.බුද්ධශාසනයෙ පැවිදිවෙන ඔනෑම ස්වාමින්වහන්සේ කෙනෙකුට ගුරු  හාමුදුරුවන් කෙනෙක් ඉන්නවා..මූට ඒහෙම ගුරු හාමුදුරුවන් කෙනෙක් නෑ නිධන් හොරෙක්"
"Nalin Hemapala","https://www.facebook.com/nalin.hemapala.513853","පරම්පරාවෙන්ම මේකාගේ  තිත්ත  ඉපදෙනකොටම  වාසගමෙන්ම දීල."
"Neel Liyanage","https://www.facebook.com/people/Neel-Liyanage/pfbid02LnfTMCtXhQbcqenj4LVeT4WQwP16A9oSnfWnLUarXXaKmgkpXyERmxAFA7GuaB3il","Nalin Hemapala ඔබට උන්වහන්සේ පිළිබඳව තවමත් අකමැත්තක් තිබිය හැකියි. නමුත් තිත්තගල්ලේ ආනන්දසිරි ස්වාමීන් වහන්සේගේ අභිධර්ම දේශනා කිහිපයක් YouTube -https://dahamyathra.info/video/abhidharmaya-01/ andhttps://www.youtube.com/watch?v=xz2iwx0VxME and many more ඔස්සේ අසා බලන්න. එවිට උන්වහන්සේ පිළිබඳව මෙවැනි අදහසක් දරන්නට පෙර නැවත සිතා බලනු ඇතැයි මම සිතමි. උන්වහන්සේගේ ධර්ම දැනුම, පැහැදිලි කිරීමේ හැකියාව සහ බුදු දහම ගැඹුරින් ඉදිරිපත් කරන ආකාරය සැබවින්ම අගය කළ යුතුය. මගේ අදහස අනුව, උන්වහන්සේ ශ්‍රී ලංකාවේ සිටින ඉතා වටිනා බෞද්ධ භික්ෂූන් වහන්සේ නමකි.  පුද්ගලයෙකු පිළිබඳව මතයක් ඇති කර ගැනීමට පෙර, ඔහු කියන දේත්, ඔහුගේ දැනුමත්, ඔහු ඉදිරිපත් කරන කරුණුත් විවෘත මනසකින් අසා බලමු."
"Anura Dhr","https://www.facebook.com/anura.dhr.1","Nalin Hemapala මුගේ වාසගම නෙවෙයි මූ තිත්තගල ගමේ පාරක් වහල පංසලක් අටෝ ගෙන ගමේ මිනිසුන්ට යන්න පාර නැති කරපු හොරෙක්..."
"Saman Ammehula","https://www.facebook.com/saman.ammehula","Nalin Hemapala මිනිසුන් ටත් දැන් තිත්ත වෙල මේ චීවරධාරීන් ව"
"Vinod Lakmal Weligama","","Saman Ammehula අනිවා. පන්සල් අරහන් දැන් 😒"
"Somasiri Withanage Kariyawasam","https://www.facebook.com/somasiri.kariyawasam.14","බුද්ධාගම සහ සිංහල ජාතිය පෙරට දමාගෙන ඥානසාර කලේ බොදු ජන බලවේගය නමින් වර්ගවාදී ෆැසිස්ට්වාදී  කල්ලියක් බිහි කිරීමයි. මෙම කල්ලියට රජයේ මහජන මුදල් වියදම් කරමින් රාජපක්ෂලා ආශීර්වාද කලේ ද්‍රවිඩ සහ මුස්ලිම් ජනතාව ගෙන් සිංහල ජනතාවට, රටේ ඒකීයත්වයට සහ ආරක්ෂාවට  තර්ජනයක් තිබේ යැයි සිංහල ජනතාවට ඒත්තු ගන්වා ආගම් ජාති බේද ඇති කොට ඥානසාර ලවා සිංහල බෞද්ධ චන්ද ලබා ගැනීමටය. සිංහල බෞද්ධ ජනතාව වෙනුවෙන් පෙනී සිටින්නේ රාජපක්ෂලා පමණක්ය ඔවුන් බේරා ගත හැක්කේත් රාජපක්ෂලාට පමණක්‌ය යන මතය ජනගත කිරීමට ඥානසාර උත්සාහ කලේ ඔහු සහ රාජපක්ෂ කල්ලිය අතර ඇතිවූ මෙම අවබෝධතාවය සහ කුමන්ත්‍රණකාරී සහසම්බන්ධතාවය නිසාය. රාජපක්ෂලාට සම්බන්ධ වූ සහ ඔවුන් විසින් මෙහෙය වනු ලැබූ  සාපරාධී රාජ්‍ය බුද්ධි නිලධාරීන් රාජපක්ෂලාගේ උපදෙස් අනුව පාස්කු ප්‍රහාරය සැලසුම් කොට සහරාන් ප්‍රමුඛ අන්තවාදී අපරාධ කල්ලියට මහජන මුදලින් වැටුප් ගෙවන අතරම එම ගිණුමෙන්ම බොදු බල සේනා මැරයින්ට වැටුප් ගෙවූයේ රාජපක්ෂලාගේ උවමනාව පිටය. දැන් තිත්තගල්ලේ ආනන්දසිරි හිමියන් ඇතුලු රාජපක්ෂ ගැති තක්කඩියන් ඥානසාර නිදහස් කර ගැනීමට වලිකන්නේද ඔවුනුත් මෙම ජාතිවාදී ආගම්වාදී ෆැසිස්ට් කල්ලියේ සාමාජිකයින් හෝ ආධාරකරුවන් ලෙස දූෂිත දේශපාලකයින් ගෙන් නොයෙකුත් වරප්‍රසාද  ලබන නිසාය."
"Ramani Dharmarathna","https://www.facebook.com/ramani.dharmarathna","Somasiri Withanage Kariyawasam සුපිරියටම කියල තියෙනවා. 💐💐💐💐"
"Gallewe Punngasara","https://www.facebook.com/gallewe.punngasara.9","Somasiri Withanage Kariyawasam එතකොට අන්තවාදය වපුරන උන්.ඒවා මොනවද"
"Romiyo Alex","https://www.facebook.com/people/Romiyo-Alex/61556662385393","Gallewe Punngasara ඒවා දන්නෙ නැති අය"
"Sanjaya Roy","https://www.facebook.com/sanjaya.roy.129","mu me kale illan kamak  wage deyak kiyala Dan hithenawa athi ane ammapa  Mona tharam thirame hitiyath janma purudu atha harinna baha ban hamadama raganna baha samajaya issara"
"Neel Liyanage","https://www.facebook.com/people/Neel-Liyanage/pfbid02LnfTMCtXhQbcqenj4LVeT4WQwP16A9oSnfWnLUarXXaKmgkpXyERmxAFA7GuaB3il","Somasiri Withanage Kariyawasam ඔබට උන්වහන්සේ පිළිබඳව තවමත් අකමැත්තක් තිබිය හැකියි. නමුත් තිත්තගල්ලේ ආනන්දසිරි ස්වාමීන් වහන්සේගේ අභිධර්ම දේශනා කිහිපයක් YouTube -https://dahamyathra.info/video/abhidharmaya-01/ andhttps://www.youtube.com/watch?v=xz2iwx0VxME and many more ඔස්සේ අසා බලන්න. එවිට උන්වහන්සේ පිළිබඳව මෙවැනි අදහසක් දරන්නට පෙර නැවත සිතා බලනු ඇතැයි මම සිතමි. උන්වහන්සේගේ ධර්ම දැනුම, පැහැදිලි කිරීමේ හැකියාව සහ බුදු දහම ගැඹුරින් ඉදිරිපත් කරන ආකාරය සැබවින්ම අගය කළ යුතුය. මගේ අදහස අනුව, උන්වහන්සේ ශ්‍රී ලංකාවේ සිටින ඉතා වටිනා බෞද්ධ භික්ෂූන් වහන්සේ නමකි.  පුද්ගලයෙකු පිළිබඳව මතයක් ඇති කර ගැනීමට පෙර, ඔහු කියන දේත්, ඔහුගේ දැනුමත්, ඔහු ඉදිරිපත් කරන කරුණුත් විවෘත මනසකින් අසා බලමු."
"Upul Gamlath","https://www.facebook.com/upul.gamlath.2025","Somasiri Withanage Kariyawasam නානලා බෝම්බ ගැහවත් තොපි වගේ අවජාතකයින්ට ගානක් නෑ"
"Salika Vidanage","https://www.facebook.com/salika.vidanage.9","Fathima Mahrooza Majeed nanala babalada wesi ? 98 deegawapiye pariwara degeba keduwe kauda ? Nazarithan safaristhan hadanna plan heduwe kauda ? Wilpaththuwa kepuwe kauda ?"
"Jayalal Wijesooriya","https://www.facebook.com/jayalalw74","Somasiri Withanage Kariyawasam https://www.facebook.com/share/p/1DdoXXowMK/"
"Kulathunga Bandara","https://www.facebook.com/people/Kulathunga-Bandara/61560377462380","Somasiri Withanage Kariyawasam ඔබට තුති.දේසපාලනය ගැණ උනන්දුවකින් ඉන්න අපි ඔය කතා එදා ඉන්දල දන්නව."
"Sunil Tillekaratne","https://www.facebook.com/sunil.thilakarathne.186","Somasiri Withanage Kariyawasam"
"Ushan Perera","","Upul Gamlath සිවුරු පොරවගත්ත මුන් වගේ හො.ra ග.නයන්ටයි, උන්ට කඩේ යන උba වගේ මෝ.dයින්ටයි වැඩිය නානලා තව හොඳයි යකෝ..🤣🤣🤣 ▪️අන්තවාදී නානලාට පු.K දුන්නෙ සිංහල බෞද්ධ කියාගත්ත කල්ලතෝනී රාජපස්ස ස.kkili වේ..sa ba.ල්ලො.😑"
"Jayanthi Abeysekera","https://www.facebook.com/jayanthi.abeysekera.3","Ohh are they twins. Same features."
"Neel Liyanage","https://www.facebook.com/people/Neel-Liyanage/pfbid02LnfTMCtXhQbcqenj4LVeT4WQwP16A9oSnfWnLUarXXaKmgkpXyERmxAFA7GuaB3il","Jayanthi Abeysekera ඔබට උන්වහන්සේ පිළිබඳව තවමත් අකමැත්තක් තිබිය හැකියි. නමුත් තිත්තගල්ලේ ආනන්දසිරි ස්වාමීන් වහන්සේගේ අභිධර්ම දේශනා කිහිපයක් YouTube -https://dahamyathra.info/video/abhidharmaya-01/ andhttps://www.youtube.com/watch?v=xz2iwx0VxME and many more ඔස්සේ අසා බලන්න. එවිට උන්වහන්සේ පිළිබඳව මෙවැනි අදහසක් දරන්නට පෙර නැවත සිතා බලනු ඇතැයි මම සිතමි. උන්වහන්සේගේ ධර්ම දැනුම, පැහැදිලි කිරීමේ හැකියාව සහ බුදු දහම ගැඹුරින් ඉදිරිපත් කරන ආකාරය සැබවින්ම අගය කළ යුතුය. මගේ අදහස අනුව, උන්වහන්සේ ශ්‍රී ලංකාවේ සිටින ඉතා වටිනා බෞද්ධ භික්ෂූන් වහන්සේ නමකි.  පුද්ගලයෙකු පිළිබඳව මතයක් ඇති කර ගැනීමට පෙර, ඔහු කියන දේත්, ඔහුගේ දැනුමත්, ඔහු ඉදිරිපත් කරන කරුණුත් විවෘත මනසකින් අසා බලමු."
"Lal Muthunayake","https://www.facebook.com/lal.muthunayake.1","මෙයාගෙ නඩුවක්වත් මග එනවද දන්නෙ නෑ මෙච්චර දැගලුවෙ."
"Anura Dhr","https://www.facebook.com/anura.dhr.1","Lal Muthunayake මූට එක නාඩුවක් නෙවෙයි නඩු 14 තිබ්බුන නිධන් හොරෙක්..රාජපක්ෂලාගේ පස්සෙන් ගිහින් නඩු ටික ශෙප් කරගත්තා..."
"Asanka Kumara","https://www.facebook.com/people/Asanka-Kumara/pfbid02cbGHECNyW3awtWagrbNT5GuXV2XsVLYgw58DuQLPPCvkQpak8c24gFPuNvPV5yTtl","චිවරධාරියෝ නිකන් සවුත්තු වෙනවා."
"Sa Kun","https://www.facebook.com/sa.kun.7792","Asanka Kumara ඇත්තමයි.  පාඩුවේ ඉන්නේ නැතිව  අනවශ්‍ය  වැඩ කරලා සවුත්තු වෙනවා. අපට දහම එපා කරවනවා"
"Renuka Nilmini Hewage","https://www.facebook.com/renuka.nilmini.hewage.2025","කොහේ හරි පජාත වෙච්ච සිවුරු රඳවනයෙක් හෝ වෙන යම් මංකොල්ල  කාල game දුන්න , ජඩකම්  උපරිම ති⁣යෙන එකෙක් තමා හැමවෙලේම  නායකත්වයට පහරදෙන්නෙ  ....පරන පුරුදු නැවත කර  කියාගන්න බැරුව.😡"
"Nimesha Sriyanthi Welegedara","https://www.facebook.com/people/Nimesha-Sriyanthi-Welegedara/pfbid0LqcY9uAcC7uFYQjs1A9TKeQ3Ca5jsXJwNjki5cMrsWpJDm2pVt23oZ4wMwQ5ezpil","තිත්තගල්ලේ  කියන  අසික්කිත  අහිකුණ්ඨක  සක්කිලියාට  ඒ නිදන් හාරන්න  හැම දෙයකටම  විශාල  ආරක්ෂාවක්, බලයක්  ලබා  දුන්නේ  ලක්ෂ්මන්   නාමල් රාජපක්ෂ බවත් සත්‍ය කරුණක්. නාමල් රාජපක්ෂ කියන  හොරාගේ  බලය  තමයි  ඔය  ගනගෙඩියා  පාවිච්චි කළේ. ඒ  බලයට  සරිලන්න  තිත්තගල්ලේට  ලැබෙන හැම  මුදලකින්ම  අඩක්  නාමල් රාජපක්ෂටත්  දෙන්න  ඔය ගනයා බැදී හිටියා."
"Neel Liyanage","https://www.facebook.com/people/Neel-Liyanage/pfbid02LnfTMCtXhQbcqenj4LVeT4WQwP16A9oSnfWnLUarXXaKmgkpXyERmxAFA7GuaB3il","Nimesha Sriyanthi Welegedara ඔබට උන්වහන්සේ පිළිබඳව තවමත් අකමැත්තක් තිබිය හැකියි. නමුත් තිත්තගල්ලේ ආනන්දසිරි ස්වාමීන් වහන්සේගේ අභිධර්ම දේශනා කිහිපයක් YouTube -https://dahamyathra.info/video/abhidharmaya-01/ andhttps://www.youtube.com/watch?v=xz2iwx0VxME and many more ඔස්සේ අසා බලන්න. එවිට උන්වහන්සේ පිළිබඳව මෙවැනි අදහසක් දරන්නට පෙර නැවත සිතා බලනු ඇතැයි මම සිතමි. උන්වහන්සේගේ ධර්ම දැනුම, පැහැදිලි කිරීමේ හැකියාව සහ බුදු දහම ගැඹුරින් ඉදිරිපත් කරන ආකාරය සැබවින්ම අගය කළ යුතුය. මගේ අදහස අනුව, උන්වහන්සේ ශ්‍රී ලංකාවේ සිටින ඉතා වටිනා බෞද්ධ භික්ෂූන් වහන්සේ නමකි.  පුද්ගලයෙකු පිළිබඳව මතයක් ඇති කර ගැනීමට පෙර, ඔහු කියන දේත්, ඔහුගේ දැනුමත්, ඔහු ඉදිරිපත් කරන කරුණුත් විවෘත මනසකින් අසා බලමු. If you witness your accusations, why not go to court against him? It is important to speack up with evidence."
"Sarath Udawatta","https://www.facebook.com/sarath.udawatta.2025","Neel Liyanage ධර්ම දැනුම කියන්නේ එකක්. පුද්ගලයෙකුගේ ඇවතුම් පැවතුම් කියන්නේ තව එකක්."
"Kethmi Kulathunga","https://www.facebook.com/people/Kethmi-Kulathunga/pfbid02wNxpHemJcQkbhyd7pCa4yxKsYWjXPcyGzLkmRCRR2dJ1qyXrxBk8XiLNN9dVdXH3l","Nimesha Sriyanthi Welegedara kanak.kiyanadaval.allaqana.බොරු කියන්නේ natuva.අවුත් balala.කියන්න"
"Siriwaradanage Leelawathie Leelawathie","https://www.facebook.com/leelawathie.siriwaradanage","පටි රෝල්"
"Ananda Yatapana","https://www.facebook.com/ananda.yatapana","තිත්තගල්ලේ  ගේ   සිවුර අස්සෙ  ඉන්නෙ පට්ට හොරෙක්ලු අහගත්තා  නේද"
"Wasanthaskumara Wasantha","https://www.facebook.com/wasanthaskumara.was","නිදන් හොරෙක්!!🤮🤢"
"Neel Liyanage","https://www.facebook.com/people/Neel-Liyanage/pfbid02LnfTMCtXhQbcqenj4LVeT4WQwP16A9oSnfWnLUarXXaKmgkpXyERmxAFA7GuaB3il","Wasanthaskumara Wasantha ඔබට උන්වහන්සේ පිළිබඳව තවමත් අකමැත්තක් තිබිය හැකියි. නමුත් තිත්තගල්ලේ ආනන්දසිරි ස්වාමීන් වහන්සේගේ අභිධර්ම දේශනා කිහිපයක් YouTube -https://dahamyathra.info/video/abhidharmaya-01/ andhttps://www.youtube.com/watch?v=xz2iwx0VxME and many more ඔස්සේ අසා බලන්න. එවිට උන්වහන්සේ පිළිබඳව මෙවැනි අදහසක් දරන්නට පෙර නැවත සිතා බලනු ඇතැයි මම සිතමි. උන්වහන්සේගේ ධර්ම දැනුම, පැහැදිලි කිරීමේ හැකියාව සහ බුදු දහම ගැඹුරින් ඉදිරිපත් කරන ආකාරය සැබවින්ම අගය කළ යුතුය. මගේ අදහස අනුව, උන්වහන්සේ ශ්‍රී ලංකාවේ සිටින ඉතා වටිනා බෞද්ධ භික්ෂූන් වහන්සේ නමකි.  පුද්ගලයෙකු පිළිබඳව මතයක් ඇති කර ගැනීමට පෙර, ඔහු කියන දේත්, ඔහුගේ දැනුමත්, ඔහු ඉදිරිපත් කරන කරුණුත් විවෘත මනසකින් අසා බලමු."
"Sriyan Chrisanthas","https://www.facebook.com/sriyan.chrisanthas","සිවුරු පොරෝගෙන ...රටම හිනස්සනවා....🤣🤣"
"Suralal Liyanaaracchi","https://www.facebook.com/people/Suralal-Liyanaaracchi/pfbid02Qi9ZjN15VGmCzBu3mfDWnP8PuDTG7RixKDxQgbEqArcTnHAUZ8X3SYBt8AnLMjUHl","දැන් තමයි තේරෙන්නෙ  නාමල් වෙනුව්‍රන් පෙනි ඉන්නෙ කියල තිත්ගල්ලෙ හාමුදුරුවො ගැන තිත්ත ඇත්ත  දැන් පැහැදිලියි"
"Neel Liyanage","https://www.facebook.com/people/Neel-Liyanage/pfbid02LnfTMCtXhQbcqenj4LVeT4WQwP16A9oSnfWnLUarXXaKmgkpXyERmxAFA7GuaB3il","Suralal Liyanaaracchi ඔබට උන්වහන්සේ පිළිබඳව තවමත් අකමැත්තක් තිබිය හැකියි. නමුත් තිත්තගල්ලේ ආනන්දසිරි ස්වාමීන් වහන්සේගේ අභිධර්ම දේශනා කිහිපයක් YouTube -https://dahamyathra.info/video/abhidharmaya-01/ andhttps://www.youtube.com/watch?v=xz2iwx0VxME and many more ඔස්සේ අසා බලන්න. එවිට උන්වහන්සේ පිළිබඳව මෙවැනි අදහසක් දරන්නට පෙර නැවත සිතා බලනු ඇතැයි මම සිතමි. උන්වහන්සේගේ ධර්ම දැනුම, පැහැදිලි කිරීමේ හැකියාව සහ බුදු දහම ගැඹුරින් ඉදිරිපත් කරන ආකාරය සැබවින්ම අගය කළ යුතුය. මගේ අදහස අනුව, උන්වහන්සේ ශ්‍රී ලංකාවේ සිටින ඉතා වටිනා බෞද්ධ භික්ෂූන් වහන්සේ නමකි.  පුද්ගලයෙකු පිළිබඳව මතයක් ඇති කර ගැනීමට පෙර, ඔහු කියන දේත්, ඔහුගේ දැනුමත්, ඔහු ඉදිරිපත් කරන කරුණුත් විවෘත මනසකින් අසා බලමු."
"Rosi Ranasinghe","https://www.facebook.com/rosi.ranasinghe.3","පින්බත්  කාලා   මඤ්ඤං  වෙලා😭😭😭"
"Neel Liyanage","https://www.facebook.com/people/Neel-Liyanage/pfbid02LnfTMCtXhQbcqenj4LVeT4WQwP16A9oSnfWnLUarXXaKmgkpXyERmxAFA7GuaB3il","Rosi Ranasinghe ඔබට උන්වහන්සේ පිළිබඳව තවමත් අකමැත්තක් තිබිය හැකියි. නමුත් තිත්තගල්ලේ ආනන්දසිරි ස්වාමීන් වහන්සේගේ අභිධර්ම දේශනා කිහිපයක් YouTube -https://dahamyathra.info/video/abhidharmaya-01/ andhttps://www.youtube.com/watch?v=xz2iwx0VxME and many more ඔස්සේ අසා බලන්න. එවිට උන්වහන්සේ පිළිබඳව මෙවැනි අදහසක් දරන්නට පෙර නැවත සිතා බලනු ඇතැයි මම සිතමි. උන්වහන්සේගේ ධර්ම දැනුම, පැහැදිලි කිරීමේ හැකියාව සහ බුදු දහම ගැඹුරින් ඉදිරිපත් කරන ආකාරය සැබවින්ම අගය කළ යුතුය. මගේ අදහස අනුව, උන්වහන්සේ ශ්‍රී ලංකාවේ සිටින ඉතා වටිනා බෞද්ධ භික්ෂූන් වහන්සේ නමකි.  පුද්ගලයෙකු පිළිබඳව මතයක් ඇති කර ගැනීමට පෙර, ඔහු කියන දේත්, ඔහුගේ දැනුමත්, ඔහු ඉදිරිපත් කරන කරුණුත් විවෘත මනසකින් අසා බලමු."
"Rohini Fernando","https://www.facebook.com/rohini.fernando.898578","Rosi Ranasinghe"
"Anuradha Udugama","https://www.facebook.com/anuradha.udugama.14","නමේම තියනවනෙ තිත්තයි කියල"
"Chandana Kapuge","https://www.facebook.com/chandana.kapuge.7","ජනතාවගෙන් එක ඉල්ලිමක් කරනවා මුගෙ නමින් අමන්තුුනය කරන්න..අහංගම තිත්තගල්ලේ ජනතාවගෙ අභිමානය ට හානියක් මුඅපේ ගමෙි නම දාගෙන මුලට මුගෙ හරිනම දන්නා කෙනෙක් ඉක්මනින් ම දාන්න..අහංගම තිත්තගල්ල කියන්නෙ සුන්දර මිනිසුන් ඉන්න ලස්සන ගමක්..හැබයි හාමුදුරුවනි මතකතියාගන්න අපේ ගමට කෙලින්න ආවොත් ඉවසනවා බොරැ ..එලවනවා ගමට අපාහාස නොකර පල..දායක සභාව ට බාරයි.."
"Vijesiri Kodagoda","https://www.facebook.com/vijesiri.kodagoda","Chandana Kapuge මුන්ට දායක සභාවලත් නැත."
"Saman Silva","https://www.facebook.com/saman.silva.625298","අව ජතික බල්ලන්ට චිවරය ඇන්දුවේ රාජපක්ෂ පවුලට සම්බන්ධ ඇයටයි මුන් ඔක්කොම ඇවිත් බුද්ධ ධර්මය සහා අපේ මවුබිම විනාශ කිරීමට අව ජතික හැත්තයි"
"Anton A Weerasinghe","https://www.facebook.com/anton.a.weerasinghe","තිත්තහුල්ලෙ පාර වහල හයියෙන් පාරෙ යන්නෙ නැහැලුු."
"Neel Liyanage","https://www.facebook.com/people/Neel-Liyanage/pfbid02LnfTMCtXhQbcqenj4LVeT4WQwP16A9oSnfWnLUarXXaKmgkpXyERmxAFA7GuaB3il","Anton A Weerasinghe ඔබට උන්වහන්සේ පිළිබඳව තවමත් අකමැත්තක් තිබිය හැකියි. නමුත් තිත්තගල්ලේ ආනන්දසිරි ස්වාමීන් වහන්සේගේ අභිධර්ම දේශනා කිහිපයක් YouTube -https://dahamyathra.info/video/abhidharmaya-01/ andhttps://www.youtube.com/watch?v=xz2iwx0VxME and many more ඔස්සේ අසා බලන්න. එවිට උන්වහන්සේ පිළිබඳව මෙවැනි අදහසක් දරන්නට පෙර නැවත සිතා බලනු ඇතැයි මම සිතමි. උන්වහන්සේගේ ධර්ම දැනුම, පැහැදිලි කිරීමේ හැකියාව සහ බුදු දහම ගැඹුරින් ඉදිරිපත් කරන ආකාරය සැබවින්ම අගය කළ යුතුය. මගේ අදහස අනුව, උන්වහන්සේ ශ්‍රී ලංකාවේ සිටින ඉතා වටිනා බෞද්ධ භික්ෂූන් වහන්සේ නමකි.  පුද්ගලයෙකු පිළිබඳව මතයක් ඇති කර ගැනීමට පෙර, ඔහු කියන දේත්, ඔහුගේ දැනුමත්, ඔහු ඉදිරිපත් කරන කරුණුත් විවෘත මනසකින් අසා බලමු."
"Anura Dissanayaka","https://www.facebook.com/people/Anura-Dissanayaka/pfbid036Q5X3xfZppYVvseDXi4Gv4Dk4muqNerqqZY5iHtx1JxcHVnLP8upE259hGYQBNqRl","තිත්ත ගල්ල  මොන පකයෙක්ද මේකාගේ ගොන් වැඩ ගැන කථා කරල අපේ වටිනා කාලය නාස්ති කර ගන්න එපා"
"Neel Liyanage","https://www.facebook.com/people/Neel-Liyanage/pfbid02LnfTMCtXhQbcqenj4LVeT4WQwP16A9oSnfWnLUarXXaKmgkpXyERmxAFA7GuaB3il","Anura Dissanayaka ඔබට උන්වහන්සේ පිළිබඳව තවමත් අකමැත්තක් තිබිය හැකියි. නමුත් තිත්තගල්ලේ ආනන්දසිරි ස්වාමීන් වහන්සේගේ අභිධර්ම දේශනා කිහිපයක් YouTube -https://dahamyathra.info/video/abhidharmaya-01/ andhttps://www.youtube.com/watch?v=xz2iwx0VxME and many more ඔස්සේ අසා බලන්න. එවිට උන්වහන්සේ පිළිබඳව මෙවැනි අදහසක් දරන්නට පෙර නැවත සිතා බලනු ඇතැයි මම සිතමි. උන්වහන්සේගේ ධර්ම දැනුම, පැහැදිලි කිරීමේ හැකියාව සහ බුදු දහම ගැඹුරින් ඉදිරිපත් කරන ආකාරය සැබවින්ම අගය කළ යුතුය. මගේ අදහස අනුව, උන්වහන්සේ ශ්‍රී ලංකාවේ සිටින ඉතා වටිනා බෞද්ධ භික්ෂූන් වහන්සේ නමකි.  පුද්ගලයෙකු පිළිබඳව මතයක් ඇති කර ගැනීමට පෙර, ඔහු කියන දේත්, ඔහුගේ දැනුමත්, ඔහු ඉදිරිපත් කරන කරුණුත් විවෘත මනසකින් අසා බලමු."
"Ranjith Wipulasena","https://www.facebook.com/people/Ranjith-Wipulasena/pfbid0vXVVM4mZVbjDqJowuaaPLSXnPztymLNxW4GHZh8rWcKopTWxrcyayFMN392qZDQ8l","පිත්තමගල්ල වැඩිකල් නොගොස් වැඩවරද්ද ගනියි වගේ."
"Asanka Asa","https://www.facebook.com/profile.php?id=100005794983944","තිත්තගල්ල පකයා"
"Manjula Kumara","https://www.facebook.com/manjula.kumar.90226","තිත්තගල්ල කියන්නෙ නිදන් හොරෙක්!!🤮🤢"
"Sisira Wijesooriya Wijesooriya","https://www.facebook.com/sisirawijesooriya.wijesooriya","නොදකින් හොරා"
"Jayathilaka Herath","https://www.facebook.com/jayathilaka.herath.368853","රාජපක්ෂ නිකායේ කියන්නේ  ඉතින්  ආගම  කන්ඩ ආපු එවුන්"
"Wasantha Samaranayake","","රාජපක්ෂ  නිකායේ පොරක් මූ"
"Indike Gunawardane","https://www.facebook.com/indike1973","නාමල්ට හොඳ කියන කොටම මම දැන ගත්ත"
"Athula Perera","https://www.facebook.com/athula.perera.9615","එලකිරි මල්ලි  👌"
"Kanthi Kasthuriarchchi","","ඔබට ස්තුති  අපි දැනුවත් කලාට .🙏🙏❤"
"Ajith Nilanga","https://www.facebook.com/people/Ajith-Nilanga/pfbid035fNsoxCnfyCFkqRbPP5vZLMhbWrpNKh34omb3EP4uK1o5kuMFo9d5qkAk3rTxqmLl","Kanthi Kasthuriarchchi u kiyana widiyata jeewath weyalla bolata Hari yawai"
"Siyani Rajapaksha","https://www.facebook.com/siyani.rajapaksha.1","පරණ නඩු ආපසු ඇදලා මේකව හිරේ දාන්න තියෙන්නේ මුන්ට හාමුදුරුවෝ කියන්න එපා. අපිට පව් සිද්ද වෙනවා මේ අයට හාමුදුරුවෝ  කිවොත්."
"Neel Liyanage","https://www.facebook.com/people/Neel-Liyanage/pfbid02LnfTMCtXhQbcqenj4LVeT4WQwP16A9oSnfWnLUarXXaKmgkpXyERmxAFA7GuaB3il","Siyani Rajapaksha ඔබට උන්වහන්සේ පිළිබඳව තවමත් අකමැත්තක් තිබිය හැකියි. නමුත් තිත්තගල්ලේ ආනන්දසිරි ස්වාමීන් වහන්සේගේ අභිධර්ම දේශනා කිහිපයක් YouTube -https://dahamyathra.info/video/abhidharmaya-01/ andhttps://www.youtube.com/watch?v=xz2iwx0VxME and many more ඔස්සේ අසා බලන්න. එවිට උන්වහන්සේ පිළිබඳව මෙවැනි අදහසක් දරන්නට පෙර නැවත සිතා බලනු ඇතැයි මම සිතමි. උන්වහන්සේගේ ධර්ම දැනුම, පැහැදිලි කිරීමේ හැකියාව සහ බුදු දහම ගැඹුරින් ඉදිරිපත් කරන ආකාරය සැබවින්ම අගය කළ යුතුය. මගේ අදහස අනුව, උන්වහන්සේ ශ්‍රී ලංකාවේ සිටින ඉතා වටිනා බෞද්ධ භික්ෂූන් වහන්සේ නමකි.  පුද්ගලයෙකු පිළිබඳව මතයක් ඇති කර ගැනීමට පෙර, ඔහු කියන දේත්, ඔහුගේ දැනුමත්, ඔහු ඉදිරිපත් කරන කරුණුත් විවෘත මනසකින් අසා බලමු. Wish you can be a true Buddhist by practicing loving kindness"
"Chandrani Manel","https://www.facebook.com/people/Chandrani-Manel/pfbid0TWytxmDD84gwnxjWw98wA1UAy8FMb5y7Fb4KEMjA7V9Sa8g6mf5JmgQw3tx3RhBbl","Tethegalle. Pissu.ballek"
"Athulla Sampath","https://www.facebook.com/athulla.sampath","අය්යෝ සාමි කට තියාගෙන ඉන්න බැරුව නහිනව තිත්තගල්ල දැන් මේවට දීපන්කො උත්තර"
"Chandana Kodikara","https://www.facebook.com/chandana.kodikara.73","අහංගම තියෙන බිස්නස් එතකොට ?"
"Thusitha Welikala","https://www.facebook.com/thusitha.welikala.2025","මුන් හාමූදුරුදරු නෙමෙයි.නිකායවල් ගනනකින් එලවලා."
"Sunil Jayaratne","https://www.facebook.com/sunil.jayaratne.90","Me yakage Abidharmaya Cd gahala apith ehuwa den 10 wasarakata pera  Munge bana ahala api anatha una"
"Suranji Perera","https://www.facebook.com/people/Suranji-Perera/pfbid02sWkjPaHzfpGpipNKXBSTUd2AHfNGr2fyy3BKd4niMnaYJUPiM3nkkJcLLjezzEdil","Sunil Jayaratne sahathika aththa."
"Saman Dissanayake","https://www.facebook.com/saman.dissanayake.1293","ඕකුන්ව උලුප්පන මාද්‍ය කාරයෝ මේවට වගකියන්න ඕන"
"Pathirange Priyankara","https://www.facebook.com/pathirange.priyankara","ඔය වගේ කට්ටිය වැඩිය පොම් කරන්න එපා"
"Wickrama Bandara","https://www.facebook.com/wickrama.bandara.988891","Ho ho ho ahagatta neda"
"Siri Gamage","https://www.facebook.com/siri.gamage.321304","ඔන්න ජනාධිපති තුමනි තවත් හොර ගනයෙක්"
"Sarath Ananda","https://www.facebook.com/sarath.ananda.5249","සිවුරක් හැමෝටම ඇදිය හැක...සිවුරැ දරන්නෝ හැමෝම සැබෑ මහාසංඝරත්නය නොවෙි...රැවටෙන්න එපා... පූජාච පූජනීයානං පමණක් පුදන්න"
"Dushmantha Jayawardana","https://www.facebook.com/people/Dushmantha-Jayawardana/pfbid0N7z7qv98Qv5Ajz1F2nCmK17buLuh5BNSJjrorThxn9q1qyqPB2izST8xVJNcRA5Sl","Ado niganta awalama toge අම්මව aran වරෙන්  kelinna walle අවලන් niganta පින් බත kelala badu ghala බුදු දහම vinasa කරන balla...."
"Anura Jayanthissa","https://www.facebook.com/anura.jayanthissa","තිත්තගල්ලේ.තිත්තමඋනා."
"Rexi Wasantha","https://www.facebook.com/rexi.wasantha","මූණ දැකපු ගමන් පේනවා නිධන් ගිලින, රට වනසන බහිරවයෙක් බව. නිගණ්ඨයෙක්."
"Sarath Premachandra","https://www.facebook.com/sarath.premachandra.861345","සිවුරක් පොරව ගත්‍ත ගිහියෙක් නඩුවලින් බේරෙන්න ඉලව්වක වලංහෝදනවා."
"LB Athula","https://www.facebook.com/people/LB-Athula/pfbid0KN6sRDD5HDLEvH9HQr9vaZWrkM9AuWjzPYofj1UMjQr1wemN9MNDvc1NGDr6oPEyl","අසූචි නාගත් එක්තරා කළු තඩි සූකරයෙක් මහා කේශර සිංහරාජයෙක්ට අභියෝග කලාලු අතීතයේත්."
"Kanthi Wijesundara","https://www.facebook.com/kanthi.wijesundara.90","දැන් හරිනේ.නොදන්න අපිත් දැනගත්තනේ තිත්තම තිත්ත කතාවක්"
"Vasantha Herath","https://www.facebook.com/vasantha.herath.35","හැම පඩත්තර වැඩක් කරලා මජර දේශපාලනයේ වහලෙක් වෙලා මුං හැංගෙන්නේ සිවුරක් අස්සේ...මූත් ඒ ජාතියේම එකෙක්."
"Nayanajith Dharmasiri","https://www.facebook.com/nayanajith.dharmasiri.2025","Asuchi nala palatha neme ratama gada gassala"
"Kulathunga Kalubovila","https://www.facebook.com/kulathunga.kalubovila","හොරු හැංගෙන්නෙම සිවුරුඅස්සෙ"
"Raja Enoch","https://www.facebook.com/raja.enoch.96","ඔව් මුං ඔරුත් එක්ක ඉන්නකොට කොන්දට කොටල ගිහිල්ලා බීලා කරගෙන හිටියේ දැන් ඒවා බෑනේ"
"Anil Lasantha Weerasuriya","https://www.facebook.com/anillasantha.weerasuriya.5","Moo mona kalakanni cheewaradariyekda. Waren mangawatath athsan ganna. Lagadima kanna wenawa kalakanniya."
"Neel Liyanage","https://www.facebook.com/people/Neel-Liyanage/pfbid02LnfTMCtXhQbcqenj4LVeT4WQwP16A9oSnfWnLUarXXaKmgkpXyERmxAFA7GuaB3il","Anil Lasantha Weerasuriya ඔබට උන්වහන්සේ පිළිබඳව තවමත් අකමැත්තක් තිබිය හැකියි. නමුත් තිත්තගල්ලේ ආනන්දසිරි ස්වාමීන් වහන්සේගේ අභිධර්ම දේශනා කිහිපයක් YouTube -https://dahamyathra.info/video/abhidharmaya-01/ andhttps://www.youtube.com/watch?v=xz2iwx0VxME and many more ඔස්සේ අසා බලන්න. එවිට උන්වහන්සේ පිළිබඳව මෙවැනි අදහසක් දරන්නට පෙර නැවත සිතා බලනු ඇතැයි මම සිතමි. උන්වහන්සේගේ ධර්ම දැනුම, පැහැදිලි කිරීමේ හැකියාව සහ බුදු දහම ගැඹුරින් ඉදිරිපත් කරන ආකාරය සැබවින්ම අගය කළ යුතුය. මගේ අදහස අනුව, උන්වහන්සේ ශ්‍රී ලංකාවේ සිටින ඉතා වටිනා බෞද්ධ භික්ෂූන් වහන්සේ නමකි.  පුද්ගලයෙකු පිළිබඳව මතයක් ඇති කර ගැනීමට පෙර, ඔහු කියන දේත්, ඔහුගේ දැනුමත්, ඔහු ඉදිරිපත් කරන කරුණුත් විවෘත මනසකින් අසා බලමු."
"Anu Wickramasingha","https://www.facebook.com/anu.wickramasingha.10717","ඉස්සාගේ ඔලුවේ ගු තියන් උ කෑගහනවලු මන් සුදනා මන් සුදනා කියලා ඒ වගේ තමයි"
"Abeyrathna Abeyrathna","https://www.facebook.com/abeyrathna.abeyrathna.16","මු හාමුදුරුවෝ කෙනෙක් නොවේ මොහොව සිවරයෙක් ලෙස හදුනව දෙන්න එපා මිත්ත්‍රය"
"Lalith Pushpakumar","https://www.facebook.com/lalith.pushpakumar.2025","Hora ganaya muuuu"
"Mhd Hassan","https://www.facebook.com/mhd.hassan.600457","Thittha galla wede thitthay"
"Fernando Devanesan","https://www.facebook.com/fernando.devanesan","Muge Nadu tika newatha vibagakeranna"
"R Priyantha Rupasinghe","","මු නම් පට්ට හොරෙක්.."
"Udara Sampath","https://www.facebook.com/udara.sampath.125","R Priyantha Rupasinghe attatama mu horek"
"Sunil Wickramarachchi","https://www.facebook.com/people/Sunil-Wickramarachchi/pfbid02mB9qSADVwS1ivXKAWHyMQibKWsX9bcH1a2dX2ZUN9xojQ7X5FN6SMtzEFzBmDVK1l","හරිද තිත්ත ගල්ලේ අපේ කොල්ලෙක් ගෙන් අහගත්තා නේද මං හිතුවටත් වඩස් තිත්තයි තිත්ත ගල්ලේ.බලපුවහම ගරුනම්බු දීලවත්  කතා කරන්න පුළුවන් මිනිහෙක් නෙවෙයිනෙ. තමන්ගේ කිල්ලෝටේ හොඳ ක්‍රියාගෙන අනුන්ගේ කිල්ලොටෙ හුණු තියාගෙන අනුන්ගේ කිල්ලොටෙ හුණු හොයන්න එපා..මම දන්න විදියට ඔහේට තියන එක දුරාචාර චෝදනාවක්වත් අනුර ජනාධිපතිට නෑ.රටටම පල් වුනානම් දැන්වත් නිහඬව සිටිනවා.."
"Mms Marasinghe","https://www.facebook.com/mms.marasinghe.2025","Malli me monawage pakayekda meka siura dagatta horekne mu kiyapu banak danna kiyapan ahanna asai"
"Anura Lenora","https://www.facebook.com/people/Anura-Lenora/pfbid02osyj9C1s5Uxs42zELBobzS9691JsC4ppQk9FXKQb3BqkyzcbmdegzBpc5812YL5nl","Tithagale hora .okata nadu tiba.beragatha rajapakili"
"Rohana Perera","https://www.facebook.com/people/Rohana-Perera/pfbid02ZZsaSiGvYDsMcByQ72rbRTZ6ZkdafeYUt2efjHF983o5Mv5F4d3xKUr3EccuMbjdl","මුං රෙනකොට වැටිච්ච කහකඩයො බං."
"Ruwan Kumara","https://www.facebook.com/ruwan.kumara.930483","දැන්නම් තිත්තවෙලා තියෙන්නේ"
"Sunil Palliyawaththa","https://www.facebook.com/sunil.palliyawaththa","මූට සිවුරෙන් අමුඩෙ ගස්සන්න ඕන"
"Sathish Lankadewa","https://www.facebook.com/sathish.lankadewa.1","තිත්තය ...තිත්ත ඇත්තම අහගත්ත නේද...😆😆😆😆😆😆😆"
"Nayana Kumari","https://www.facebook.com/people/Nayana-Kumari/pfbid0SW1Qp61oxq8A4KXttBDDcyD7EMEHbKLubqsSMnMXiJ5do3ntBURdV2UX8Mp4ijSAl","මුන් බුද්ද සාසනේ කන්න ආපු හොර ගනයො"
"Padmalal Jayalath","https://www.facebook.com/padmalal.jayalath.3","සිවුරට  නිගාකරන්නෙ නැතුව  සිවුරගලෝල  ගෙදර යන්න"
"Monaj Wikramasinga","https://www.facebook.com/people/Monaj-Wikramasinga/pfbid02BxMncVRkiQNbj8Fu3NkKFrik1kvit9vSW8TtbGegr7UCBUbetrPWo1YF4vNsCVRjl","Kari hukana namal gan sali gana oya toka wasigaputa"
"Hette Arachchilage Sarath Sarath","https://www.facebook.com/people/Hette-Arachchilage-Sarath-Sarath/pfbid02TejZfvu3br7px9DZK9a5tUejZazoB3sRZMP3QggPydUGH4HJt1BvLX7qeLVjrBNyl","Ude...ammata...ukawanava....dagalanawa...vade...pakaya"
"Mathspeeder","https://www.facebook.com/Mathspeeder","අදනේ මම නිදන්නේ. මූව එලවන්න ඕනේ"
"Gamini Gamini","https://www.facebook.com/gamini.gamini.960088","මගේ ගුරා මහින්ද නාමල්"
"Ragan Suriyabandara","https://www.facebook.com/ragan.suriyabandara","Gamini Gamini අම්මෝ,බත්කන වස්සා"
"Suresh Bandara","https://www.facebook.com/suresh.bandara.7549","එහෙව් එකා අනුරට ඡන්දෙත් දුන්නලු"
"Susantha Gunawardana","https://www.facebook.com/susantha.gunawardana.562","Rajapaksalata kaburana onama akek horek horu vitaramai munge patte enne"
"Keerthi Ilankoon","https://www.facebook.com/immkilankoon.ilankoon","ඊස්සරලා උබ දාර්මික කියපන් තිත්තයා"
"Shantha Rathnadesha","https://www.facebook.com/shantha.rathnadesha.2025","Hora hatta  nokata mahna  unada mun"
"Prasanna Ranasinha","https://www.facebook.com/prasanna.ranasinha.946","තිත්ත ගල්ලෙ තිත්ත යි,"
"Evodia Martin","https://www.facebook.com/evodia.martin.71","දැන්  මෙයට තියන ආගම මොකක්ද 😂😂😂😂😂😂😂මුන් ඔක්කොම මොංගල් 💁💁💁💁💁"
"Nilanthi Silva","https://www.facebook.com/nilanthi.silva.852039","මූ අහුංගල්ල කොහෙද මම අහුන්ගල්ලේ මම දැකලා නැහැ මූ"
"Chandrawansha Dassanayake","https://www.facebook.com/chandrawansha.dassanayake.5","Niyama thakkadiyek..."
"Niwantha Weerasinghe","https://www.facebook.com/niwantha.weerasinghe.7","Thiththagalle"
"Renu Liyanage","https://www.facebook.com/namali.renuka.1","අනේ අපේ  ගමේ නම  කැතකරන්න එපා  තිත්තගල්ල ගම වෙනුවෙන්  හඩක් නගන්න  ගමේ දියුනුවට  අපිත්   සහයෝගය දෙනවා ඒවට"
"Axoon Runner","https://www.facebook.com/mardy.wick","ඔය nuugath kahakadaya ta pukata, paun gahala, elawa ne."
"Sarath Kumara","https://www.facebook.com/people/Sarath-Kumara/pfbid0jBVzWkrLE4wBAaANpWF5uFXxAS222Fyvb3L6HazRDHKQVRjAYYVHK7LGf8XVW1ZZl","තිත්තයි......ගල්ලෙ,,"
"Sarath Faranando","https://www.facebook.com/people/Sarath-Faranando/pfbid0tRWBKT6CfXBkbrNDRbB4Y42275sWVKPT24GLz7rcJ4xexNvzU9GFuqBGvqxt4VP2l","මුන් සිවුරු දාගත්ත ගනන්කාරයෝ"
"Wolter Senevitathna","https://www.facebook.com/wolter.senevitathna","ආය ඉතිං නෑමොලේ ගේ එකෙක් නං පස්පව් සියල්ලේ ම හැසිරෙන කාලකන්නි අපතයෙක් ම තමයි"
"Pathmini Pathmini","https://www.facebook.com/pathmini.pathmini.44492","Pakayo.   Nanasara huththa rajapaksa gotta"
"Wasantha Samarasinghe","https://www.facebook.com/wasantha.samarasinghe.549","නියමයී"
"Vajira Hettiarachchi Udukumbura","https://www.facebook.com/vajira.hettiarachchi.udukumbura","Ahungalle  නෙමෙයි අහංගම  කියලා  නිවැරැදි  karnna"
"Yamuna Kasthuriarachchi","https://www.facebook.com/thejaabridalandfashion.kasthuriarachchi","බලං යනකොට රට ජාතිට ආගම ඉස්සරහට දාගෙන කෑ කහන උන් ඔක්කොම රට ජාතිට ආගමට කෙලවන්න ආපු එවුන්නේ බොල...😡😡😡😡"
"Nayana Damayanthi","https://www.facebook.com/nayanadiyanthini.diyanthini","හොර ගනයෝ😅😅😅🐂🐂😅😅😅"
"Jayalal Wijesooriya","https://www.facebook.com/jayalalw74","Nayana Damayanthi https://www.facebook.com/share/p/1DdoXXowMK/"
"Chandrathilake Suranimala","https://www.facebook.com/people/Chandrathilake-Suranimala/pfbid0stpGkW1XnzrcJNBBXdfxp6J1fFhpZtEwunn6tvvHLPTzc3gQ28XuyChxKpEMvL58l","Horu samaga horu"
"Nayana Sri Tilakaratne","https://www.facebook.com/nayanasri","කහ පාට බෙඩ් ශීට් ඔතාගත්තු උන්ට හාමුදුරුවෝ කියන්න යන්න එපා බ්‍රෝ"
"Asanka Sanath","https://www.facebook.com/people/Asanka-Sanath/pfbid027xqK4qPYa4T4R4sMamCcJ77WxsSMSDVexpzdUXtdc4DVghiUBeNoRfCRRSpWeW2sl","Pala Pala pissu horikadaya mokekda tho kasippu gahala bidigahagaha inne thomona gahalayekda"
"Warnakulasuriya Fernando Chandni","https://www.facebook.com/chandani.warnakulasuriya.142","තිත්ත ගල්ලගෙ රෙදි ගැලෙව්වා 🤣🤣"
"S.G. Dayarathna","https://www.facebook.com/s.g.dayarathna.2025","Warnakulasuriya Fernando Chandni මෙයාලා රෙදි ගලවලා ඉන්න එකම තමා හොද....සාසනය බේරගන්න වත් පුළුවන් එතකොට 🫣🤣"
"Wikramage Chandralatha","https://www.facebook.com/people/Wikramage-Chandralatha/pfbid0UU8fH7MPx1FA6nwtC9tG7tvMoyS4JUwAuiUFyVu9AiuG5Egnz3eKE9ynoyVxAJ5Al","ව්‍යායාම   ටික  කර  ගෙන  හිටියනම්   ඉවරයි."
"Vajira Udurawana","https://www.facebook.com/AkasaKusum","තිත්තගල්ලේ පලයං චීවරේ ගලවලා ගිහිං දේශපාලනේ කොරපාන් උම්බ සසුනට අකැපයි 🥴😡"
"Apnk Mangala","https://www.facebook.com/people/Apnk-Mangala/100095275723796","සක්කිලියන්ට සිවුර දාපු උන්ටත් පවු"
"D J SANA","https://www.facebook.com/people/D-J-SANA/61587547400638","අහුංගල්ලේ වෙන්න බෑ වෙන ගමක් වෙන්න ඇති ..අහුංගල්ලේ නම් මුගේ පුක මහන්නේ අවුලං බිලියෙන් ඇනලා..පාරක් වැහුවොත් නාමල් නෙවෙයි මොන පකයටවත් මූ ගුටි කන එක නවත්තන්න ...හුකවල ෆොටෝ ගහන්නේ කැරි ඝනයා ගේ මේ වගේ උන්ට ගැහුවට පව් නෑ එකෙන්ම🐕🐕👌"
"Lakshman Percy","https://www.facebook.com/lakshman.percy.5","මුට කවුද තිත්තගල්ලේ හාමුදුරැවෝ කියන්නේ."
"Celine Ruvanwella","","Pisso"
"Jayaratne Gajasinghe","https://www.facebook.com/jayaratne.gajasinghe","තිත්තයගෙ තිත්ත ඇත්ත මේකද?"
"Piyal Kithsiri Gunarathna","https://www.facebook.com/piyal.gunarathna","සිවුර අස්සෙ හැංගුන ගොතයෙක් ..හාමුදුරුවෝ කියන වචනෙවත් පාවිච්චි කරන්න එපා මුන්ට"
"Prasanna Herath","https://www.facebook.com/prasanna.herath.355","තක්කඩි ගනයෙක්"
"Rohitha Chaminda","https://www.facebook.com/rohitha.chaminda.5","එහෙමනං ඔය නඩු ආයෙමත් උඩට අරන් අහන්නම ඕන ..👌"
"Prasanthi Kudagamage","https://www.facebook.com/prasanthi.kudagamage","Ochchara boru kiyanna epa....oyaawa plowa palaagena apaaye yayi"
"Wattegedara Sunil","https://www.facebook.com/wattegedara.sunil.2025","දැන්වත් මේ හොර බමුණු ගැන මිනිස්සුන්ට  ඇස් ඇරුන එක ගැන ස්තුතියි අනික ගෞතම බුදුන්ගේ ධර්මයත් දන්නැති මේ බමුණෝ ආගමක්නෙ මුං අදහන්නේ ආගමක් කියල දෙයක් නෑ නෑ. ගෞතම බුදුන්ගේ ධර්මයක් හේතුඵල දහමක් ඒ හේතුවට තමයි ඵලය ඔය ලැබේගෙන යන්නේ"
"Jeewa Srilankesh","https://www.facebook.com/people/Jeewa-Srilankesh/pfbid02B6LjHfkyXA9s9aVKXuSEWTmx9rUpM6EWVtwJLfEydSf1ss36quWa5gQC89ncSdNgl","මැදමුලනෙ දංක්කුඩයෙක්"
"Janaka Jayasundara","https://www.facebook.com/janaka.jayasundara.50","Thiththa galle huththa🤣🤣"
"Shantha Samarasingha","https://www.facebook.com/people/Shantha-Samarasingha/pfbid0fDWCKwNy5gRBbWj7S2yDaMfh5juuPACW3P9LGkvAEe2TDCSoBumDTQQSNnUisLWrl","ඔයා ඔය කියන කතාව ඇත්ත මම තිත්තගල්ල ගැන හොඳට දන්නවා ඔයාගේ කතාව හරි"
"K Wasantha Christy","https://www.facebook.com/kwasantha.christy","බුදුහාමුදුරුවෝ සිවුර අන්දන්න කිව්වේ කාටද ඉන්න ලොකු හාමුදුරුවෝ කියන කාලකන්නි අවජාතක සත්කිලි සිවුර ඇන්දුවේ කාටද උනුත් ඒ වගේ මුනුත් ඒ වගේ"
"Sisira Premalal","https://www.facebook.com/sisira.premalal.391","තිත්තයා හැං⁣ගෙයි ආරන්යක"
"Chinthaka Roshan Wijenarayana","https://www.facebook.com/chinthakaroshan.wijenarayana","අනිවාර්යයෙන්"
"Sudath Wijedoru","https://www.facebook.com/sudath.wijedoru.5","දුෂිත දේශපාලකයන් ආරක්‍ෂා කරන්න වෙර දරණ හැම චීවරධාරියාගේම චරිතය ඔය වගේ  තමයි... සිවුරට මුවාවෙලා ඉන්න තක්කකඩි..."
"Samanthilake Amadoru","https://www.facebook.com/samanthilake.amadoru","උඩින් අභිධර්මය පෙන්නල බුදුන්වහන්සේටත් අපහාසයක් වෙන විදිහට හැසිරෙන හොර සිව්රු කාරයෙක්."
"Arshad Mohammed","https://www.facebook.com/buhari.arkam","Ela kiri. Reply  Aiyee"
"Vipull Ariyawansa","https://www.facebook.com/vipull.ariyawansa","Thiththa mokeda"
"Leslie Fernando","https://www.facebook.com/leslie.fernando.948954","සාටක තිත්තයා."
"Buddhika Jayanath","https://www.facebook.com/buddhika.jayanath.509","Tittagalla gothaya nikandena bat tikakala pu ....node endapan"
"Roopa Weerasinghe","https://www.facebook.com/roopa.weerasinghe.2025","පිස්සො එක්ක කථා කරන්න එපා බණ නොකියා කඩෙ යනවා"
"Perera Karunanayaka","https://www.facebook.com/perera.karunanayaka","Me vage siuru radavagena inna Aya nisa sabaa bikshuwath godak minisunta EPA wela dan"
"Kanthi Kodagoda","https://www.facebook.com/kanthi.kodagoda.2025","දීපන්කඕ උත්තර"
"Vajira Lasantha","","Thithai appiriyai kalaknni namalata puk dipan lolla"
"Sarath Weerawansha","https://www.facebook.com/sarath.weerawansha.708636","නියමයි සුපිරි හෙලිදරව්ව"
"Nadeesha Dissanayake","https://www.facebook.com/nadeesha.dissanayake.3","neee..සිවුරු horage agama rajapaksha..."
"Sanjeeva Mudiyanse","https://www.facebook.com/profile.php?id=61554086127738","Thiththayata wata karala denna ona okata"
"Nuwan Ravindra Perera","https://www.facebook.com/profile.php?id=100003222640298","Me huththiyeputhage nadu tika ayema gaththa. Nam Hari 🤓🤓🤓🤓✍🏻✍🏻✍🏻✍🏻✍🏻"
"Upali Kuruppu Arachchi","https://www.facebook.com/upali.kuruppu.arachchi.2025","ඔන්න අහගනිල්ල මුගෙ තරම."
"Deepangani Fernando","https://www.facebook.com/deepangani.fernando","Budu dahamath wanasana kalakanni hora ganayo"
"Ananda Senevirathne","https://www.facebook.com/people/Ananda-Senevirathne/pfbid032xzKdjRXFEFLDWufw8fYfUjrQ4zZicnSaf58WseiAL55xDcyDQmJ9yLcJ7Kg2E7Jl","තිත්තයි !තිත්තම තිත්තයි!මොකෝ මේ තිත්තගල්ලේ ස්වාමීනි!"
"Nalika Gallage","https://www.facebook.com/people/Nalika-Gallage/pfbid046QcsaJrCjtBPz43VNc8DHHrqcu5aFCF2DUStHdGPWw7mEJ8PxdZxBYiemiAPXgsl","එ මුන්ගේ හැටි   නාන සාර කාලයක්  මැණික්  පතල් හැරැව  නිධන් හැරැව මුන් ඔක්කොම චිවර විනාස කරන්න උපන් කාලකන්නි පරයෝ"
"Eustace Perera","https://www.facebook.com/eustace.perera.2025","තිත්තයා තිත්තයි බං."
"Pdg Srimal","https://www.facebook.com/pdg.srimal","Palayan pako yanna"
"Senarath B Bogamuwa","https://www.facebook.com/senarathb.bogamuwa","කුණු ගොඩට තමයි කුණු එකතු වෙන්නේ.මුගෙ මූණ දැක්කාම හොරෙක් වගේ"
"Nihal Sirisena","https://www.facebook.com/nihal.sirisena.1","සිවුරු  හොරු"
"Priyantha Perera","https://www.facebook.com/profile.php?id=100000607336583","රාජපස්සල්ලාගෙන් උදව් ගත්තා කියන්නේ මොනවා හරි ජඩ කන්තරාත්තුවක් බාර අරගෙන තමයි ඉන්නේ. ? අපි බලමු මොකාට දෙන්න හදන්නේ කියලා. එක එක බේත් තියෙනව මූ වගේ පිස්සු හු#% පුතාලට..!"
"Piyal Perera","https://www.facebook.com/piyal.perera.36400","නිදන් හොරෙක් කොහොමද නිදහස් උනේ කියලා හොයන්න මේවගෙ අමු තක්කඩින්ව නිදැල්ලේ තියන්න හොද නෑ"
"Vishwa N Nilanka","https://www.facebook.com/profile.php?id=1317590429","https://www.facebook.com/share/r/1C3X6UVMxt/?mibextid=wwXIfr  Marama Dharmikai"
"Sulaiman Jahubar","","මූත්‍ බලන්ඩ ගියාම අමු පල් හොරෙක්  ඒක තමයි මූ ඔච්චරටම  දඟලන්නේ නානපාලව  බේරගන්න  මුන් සෙට් එක වල්ලෙ පොල්  මූට තියෙන්නෙත් හොර තක්කඩි මූණක්"
"Kapila Malkirana","https://www.facebook.com/kapila.malkirana.2025","මුගෙ.මූන.දැක්කාම.පොන්නධ.පටිට.හොරෙක්.කියලා."
"Indika Bandara","https://www.facebook.com/indika.bandara.927758","මොන තිත්ත ගල්ලද  හූ...ත ගල්ලද දන්නැහැ පට්ට හොරෙක් බවනම් පේනවා"
"Dayan Ananda","https://www.facebook.com/dayan.ananda.9","තිත්තගල්ල උබ ගදයි යකෝ"
"Jayantha Rk","https://www.facebook.com/people/Jayantha-Rk/pfbid02V6ptRz3WSxUPgCYvXR3LbkAqYeoLeFnWxuKBZNFkj7gjKMmFmH6dxntG1SERJL5il","අවජාතකයෙක්  නපුංසකයෙක්...කෙටියෙන්  කියන්න  තිබෙන්නෙ  ඔය  ටික  තමයි...."
"Viraj Nuwan Munaweera","https://www.facebook.com/viraj.nuwan.munaweera","වෙනස කසාවතක් පමනි. තට්ටේ අපටත් තියනවා. අන් සියල්ලම කෘතග්ඡණ ශරීරයක්.  හැසිරීම ගෝත්‍රික, කතාව? වාචාල, ක්‍රියාව කලාපය? රඡූතයි අසික්කිතයි,  හිතන් ඉන්නේ සංඝයෙක් කියලා!  කසාවථ නිසා බේරිලා ඉන්නවා, හැබැයි වැරදි කුඵුමීමට සෙට්වුනදාට තට්ටන් දෙකේ අසූචිත් නෑ කියයි 🫡🔥 මෙම කමෙන්ට් එක දැක්කොත් තිත්තයෝ මම අභියෝග කරනවා මූනට මූන, ඕනම තැනක, ඕනම වෙලාවක?  මූ වෘකහම පෙරවගෙන ඉන්න නරියෙක්!  ඔය සිවුර මම ගලවනවාමයි 💪💪💪🔥🔥🔥"
"Jayasiri Brito Adikaram","https://www.facebook.com/jayasiri.britoadikaram","Keri...pakaya"
"Samantha Kumara","https://www.facebook.com/samantha.kumara.654531","Aiyo paw ban uba"
"Kuma Kuma Modarage","https://www.facebook.com/people/Kuma-Kuma-Modarage/pfbid0s5xt6Kb7gaN47doXb7LDm7Q4RkFNKeMDbg111gNDJsh8YMgxXFubzNKr2FzjbGn2l","තිත්ත ගල්ලේ..😂.... ත්..ත්..ගල්ලේ.."
"Athula William","https://www.facebook.com/athula.william","අහුංගල්ලේ නෙමෙයි මහත්මයා අහංගම..."
"Susantha Jayampathi","https://www.facebook.com/susantha.jayampathi.77","a madiwata pinata kaala theala weadi weala jime 1th yanawa neda"
"Ajith Kulathunga","https://www.facebook.com/people/Ajith-Kulathunga/pfbid02SinUZp4NzBp1f8AGKvQsqhMWCk2xtHnmviez2uNhx5w1J67MHfZGH7i6ebmT59i3l","අම්මෙක් අප්පෙක් හරියට නැතුවාම වෙන සංතෑසි. හොරගනයො අනේ."
"Roo Mangala","https://www.facebook.com/roo.mangala","හරිද,,තිත්ත,,"
"Gunawardhana Gunawardhana","https://www.facebook.com/gunawardhana.gunawardhana.711785","මේ පකඩ තට්ටගෙඩිය අල්ලගෙන තට්ටෙ පලන්න ඕන මුගේ,"
"Purnima Gunarathna","https://www.facebook.com/purnima.gunarathna.98","මේකට ලංකාව තිත්ත කරවන්න ඕනෙ. හොරුන්ගෙ ගූ. රහ වැටුන එකෙක් එහෙනම් මූ. නිදන් හොරාව නෑමොලය බේර ගත්ත හින්දා වෙන්න ඇති මේකා මෙච්චර. මාලිමාවට බනින්නේ."
"Andrew Walter Don Weerasekaralage","https://www.facebook.com/andrew.walter.don.weerasekaralage","Palayan gunner gihin bawa nawapan."
"Sampath Kuruppu","https://www.facebook.com/sampath.kuruppu.35","සාදුකාරයක් 😄😄"
"Poshitha Rc","https://www.facebook.com/poshitha.rc","Amu horekne me."
"Anton Kandaarachchi","https://www.facebook.com/anton.kandaarachchi.3","ඕනෑම දහ බලු අපත,වැඩක් කරලා සිවුර ඇගලාගෙන,සිවුරට වහන්වෙලා කොහේ හරි ඉන්න පාදඩ දේශපාලුවෙකුට සෙට් වෙලා උගේ ආරක්ෂාව හදාගන්නවා.මෙහෙම හොර සිවුරු ගණයින්ට නීතියක් මේ රටේ නැද්ද?මේ රටේ වැඩ ඉන්න සිල්වත්,ගුණවත් ස්වාමීන් වහන්සේලාටත් අගෞරව කරන මේ අයට නිසි පියවරක් ගැනීමට සමත් කිසිවෙක් නැද්ද?"
"Ajith Prasanna","https://www.facebook.com/ajith.prasanna.986","Pahara ganaya...."
"JayanthaaAbeynayakab","https://www.facebook.com/jayanthaaabeynayakab.2025","තිත්තෙට ට්‍රැක්"
"Chathurika Kumarage","https://www.facebook.com/chathurika.kumarage","මුල් දෙබසෙ වරදක් තිබුණේ නෑනෙ.cll වලින් නොදන්න මිනිස්සු එක්ක කතාවට යන්න උන්වහන්සෙ ඔහොමවත් බැඳිලා නෑ හරි නම්.පස්සෙ කතා කළේ වෙන මනුස්සයෙක්.බුද්ධාගමට පුදුම ගැහිල්ලක් ගහන්නෙ."
"Mahagamage Don Sisira Rodrigo","","Thithagalla thiyenne Ahangama neda?"
"Nimal Jayasuriya","https://www.facebook.com/nimal.jayasuriya.9083","අයියෝ....තිත්තේ ඇයි බං මේ හු#තේ වැඩ කරන්නේ."
"Jasintha Jayarani","https://www.facebook.com/jasintha.jayarani.2025","Siwuru porawan pansale inna onaneha. Siyalla ata herala giya aya newe siyalla badaganna giya aya"
"Devendra Jayantha","https://www.facebook.com/jayantba.devendra","මූ ඉන්න ගමේ මිනිස්සු දැන ගන්න ඕන ගහල පන්සලෙන් ඵලවලදාන්න හොරගෙඩියන්ට"
"Neel Liyanage","https://www.facebook.com/people/Neel-Liyanage/pfbid02LnfTMCtXhQbcqenj4LVeT4WQwP16A9oSnfWnLUarXXaKmgkpXyERmxAFA7GuaB3il","Devendra Jayantha ඔබට උන්වහන්සේ පිළිබඳව තවමත් අකමැත්තක් තිබිය හැකියි. නමුත් තිත්තගල්ලේ ආනන්දසිරි ස්වාමීන් වහන්සේගේ අභිධර්ම දේශනා කිහිපයක් YouTube -https://dahamyathra.info/video/abhidharmaya-01/ andhttps://www.youtube.com/watch?v=xz2iwx0VxME and many more ඔස්සේ අසා බලන්න. එවිට උන්වහන්සේ පිළිබඳව මෙවැනි අදහසක් දරන්නට පෙර නැවත සිතා බලනු ඇතැයි මම සිතමි. උන්වහන්සේගේ ධර්ම දැනුම, පැහැදිලි කිරීමේ හැකියාව සහ බුදු දහම ගැඹුරින් ඉදිරිපත් කරන ආකාරය සැබවින්ම අගය කළ යුතුය. මගේ අදහස අනුව, උන්වහන්සේ ශ්‍රී ලංකාවේ සිටින ඉතා වටිනා බෞද්ධ භික්ෂූන් වහන්සේ නමකි.  පුද්ගලයෙකු පිළිබඳව මතයක් ඇති කර ගැනීමට පෙර, ඔහු කියන දේත්, ඔහුගේ දැනුමත්, ඔහු ඉදිරිපත් කරන කරුණුත් විවෘත මනසකින් අසා බලමු."
"Dulani Dulani","https://www.facebook.com/people/Dulani-Dulani/pfbid02rho1MC7oddQYcLa6E6SWXwneCYZnAL8MW8AffsvsCyodLaEZpHWzd7dCCULZUyFfl","Mongobbayekda tho obawage hora ganayo akka mon viwadada"
"Perera Noel","https://www.facebook.com/perera.noel","Dan harine puke amaruwa,  titta galle nemei dann Kaka  golle...🤣"
"Rushan Dilup Perera","https://www.facebook.com/rushan.dilupperera","Bruno Diwakara ඇත්තද මෙික"
"Devinda Priyankara","https://www.facebook.com/devinda.priyankara","තිත්ත ගල් එක කියන්නේඩුකාරයෙක්"
"Ruwan Manju","https://www.facebook.com/people/Ruwan-Manju/100007124866828","කරුණා කරලා මේක නවත්තන්න. ඔබලා ඔය දැනුවත් හෝ නොදැනුවත් ඔබලා කරන්නේ ලොකු විනාසායක්."
"Sunil Wickramarathna","https://www.facebook.com/sunil.wickramarathna.176090","බඩුකාරයෙක්  වගේ තිත්තයා"
"Subhashini Surasinghe","https://www.facebook.com/subhashini.surasinghe","බුදු දහම විනාස කරන පව්කාර සිවුරු රඳවන"
"Chris Perera","https://www.facebook.com/chris.perera.623402","Rajapksha thirupathi yanne megollange buddagama piliganna. Baruwadha"
"Asith Sasanka","https://www.facebook.com/asith.sasanka.2025","හුත්තේ ගල්ල..😒"
"Padma Godagama","https://www.facebook.com/people/Padma-Godagama/pfbid02VHCcN16zocrhGD8wkyUAq5TyM76C3QQHBsFh9EcqdxX2P6WBmk4xXa5uv4xNWNx7l","ආහ් .. අහ ගත්තද තිත්තගල්ලේ..."
"Sunil Khan","","Tittagalleya pakayek kiyala dakke godak kalin malli"
"Ayeshmanth Bandaara","","මහානායකවරු හරියට නිකායවල විනය හදන්නෙ නැති නිසානෙ මේ කරදර"
"Janaka Wellikanna","","Hamuduru wo kiyanna honda nea amu horune ban"
"Ruwan Sameera","https://www.facebook.com/ruwan.sameera.351","Nigantayek tithtaya"
"Nimal Rohana","https://www.facebook.com/profile.php?id=100022046348319","මේ වගේ භික්ෂුත්වයට නොගැලපෙන චීවරධාරීන් අද එන්න එන්නම වැඩි වෙනවා ත්‍රෛනිකායික නායක ස්වාමීන් වහන්සේලා එකතු වෙලා මේ ප්‍රශ්නය මීට වඩා උග්‍ර වෙන්න නොදී හැකිතාක් ඉක්මනින් සංගායනාවක් පවත්වලා මේ සම්බුද්ධ ශාසනයේ චිරස්ථිතිය වෙනුවෙන් මෙවැනි දුර්මතධාරීන් කසාවතට නොගැලපෙන මෙතුවක් කල් රැකගෙන මේ ගෞරවනීය බෞද්ධ දර්ශනය තව බොහෝ කාලයක් ආරක්ෂා කර ගැනීමට පියවර ගත යුතුයි කුමන හෝ භික්ෂුවක් තම භික්ෂුත්වයට නොගැලපෙන සේ හැසිරෙනවා නම් ඔවුන් මේ සාසනයෙන් නෙරපා හැරිය යුතුයි භික්ෂූන් වහන්සේ තුළ ව්‍යාපාරිකයන් සිටිය යුතු නැහැ. දේශපාලනඥයන් සිටිය යුතු නැහැ.. හුදෙක් භික්ෂූන් වහන්සේ කියලා හැඳින්විය යුත්තේ වැඳුම් පිදුම් වලට සුදුසු තැනැත්තෙක් එවැනිඋතුම් භික්‍ෂූත්වයක් තුළින් පාට පක්ෂ බලපුළුවන්කාරකම් තිබිය යුතු නැහැ ඒ නිසා ඉතා ඉක්මනින් මෙවැනි භික්ෂූත්වයට නොගැලපෙන අය වහාම සාසනයෙන් නෙරපා හැරිය යුතුමයි"
"Herath Jayathilaka","https://www.facebook.com/people/Herath-Jayathilaka/pfbid02eRJmvzE8x55ibknyKQfcS9JLHy1AYTFngWjQW6p18tW6PoWK4SbyjgA1bkwVN1Fjl","Munga neural galawanna ona"
"Udesh Senavirathne","https://www.facebook.com/udesh.senavirathne.2025","Thopi debatable horu"
"Jayasiri Damseth","https://www.facebook.com/people/Jayasiri-Damseth/pfbid0FScm346XVAdtZe8ikDopiJhBcGQBr9z1FAEwf1VHYp9qcad2V1MjTBpsj2j9MWZyl","චීත්තයක්.ඇන්දනනම්.තිත්ත.ගතිය.යන්න"
"Prasad Thrikawala","https://www.facebook.com/prasad.thrikawala","දැන් ඥානසාර කැපිලා හින්දා නාමල්ව තල්ලු කරන් යන්ඩ තමයි මූ එන්නේ."
"Loku Umagiliyage Premadas","https://www.facebook.com/loku.umagiliyage.premadas","තිය්තගල්ල ඇතිද"
"Upul Rathnayaka","https://www.facebook.com/upul.rathnayaka.258600","⁣පාතයො සිවුරැ දාගෙන.මුන්ට පොඩි ළමයෙකුටත් වදින්න දෙන්න එපා."
"Mahinda Hettiarachchi","https://www.facebook.com/people/Mahinda-Hettiarachchi/pfbid0t5jfbXqtnmqgr2CKDEcgAPFn2NHaYppKEp5xC21DJghQuvheEDe7w41L1nj2th6Al","ඌටත් නිල් බස් එකේ යන්න වෙයි වගෙ"
"Tharaka Prasad","https://www.facebook.com/tharaka.prasad.272074","Okawa mata penna be ... sasane kanawa sakkiliya..."
"Malwatthage Sarath Kithsiri Pieris","https://www.facebook.com/malwatthage.sarathkithsiripieris","එළ එළ.......ඔයා අහන්නෙත් කාගම සාදුගෙ බනද?......"
"Sudarshana Moragolla","https://www.facebook.com/people/Sudarshana-Moragolla/pfbid0DYCvTPhUkBwZUGdPyuJGp88GRAG37TWvt5z2y3ZPFxEWKStei5GuC94ugRPVyPmvl","නියමයි සහෝ.............තිත්ත නමම තිත්තයි. එකෙන්ම ප්‍රතික්ෂේප දුස්ශීලයන්ගෙන් එකෙක්. දායකයන්ගෙේ ආනිශංස දානයකට සූදානම් වගේ........🙃🙃🙃🙃🤣🤣🤣🤣"
"Cwu Gamage","https://www.facebook.com/cwu.gamage.5","මම දන්න තරමින් තිත්තගල්ල තියෙන්නෙ හබරාදුව ආසනේ"
"Sarath Dassanayake","https://www.facebook.com/sarath.dassanayake.52","Mun mona horuda ane ..me gubbayan වල  lagina porawalda"
"Kamala Kandegedara","https://www.facebook.com/people/Kamala-Kandegedara/pfbid0a2QqwBaKZrqvD7GJw72KK4Gy4K9B2zmHSaGESHmLrHkkv5bJY45FxfBQkLmq9o7fl","Okun siuru daagena degaa natanawaa"
"Kalyani Wijesingha","https://www.facebook.com/kalyani.wijesingha.840488","Komiunist kiyanne agamakda ane"
"Abeywardana Abepalage Tissa","https://www.facebook.com/abeywardana.abepalagetissa","මූට නිකායක් නෑ...මේකගෙ නඩු වලින් බේරුවෙ නාමල්....ඒකනෙ නාමල්ගෙ පුක ලෙවකන්නෙ..."
"Malika Rathnayaka","https://www.facebook.com/malika.rathnayaka.620989","දැන් හරි නේද ,,නිකම් හම්බ වෙන කෑම ටික කාලා පාඩුවේ ඉන්නේ, නැතුව, හොරුන්ට කඩේ ගිය එකට හොද වැඩේ,,"
"Darshana Mediliya","https://www.facebook.com/darshana.mediliya.3","TITTHAYOOO. SSAASANANA  NOKAA. AWALAMM BALLA. BAHAPIYA. ELIYATA."
"Chelaka Vidanapathirana","https://www.facebook.com/chelaka.vidanapathirana","පල් හොරෙක්"
"Sunil Shyama","https://www.facebook.com/sunil.shyama.2025","නියමයි නියමයි"
"Ariyarathna Habaragoda","https://www.facebook.com/ariyarathna.habaragoda","Pzttama hora weesa sllek.oka army.eken horen penna pakek"
"Manjula Upul","https://www.facebook.com/manjula.upul.52","Pakayage hati penne nadda thithama thamai"
"Mithla Saman","https://www.facebook.com/mithla.saman","Aa mu padayath ekkane inne"
"Admg Dassanayake","https://www.facebook.com/people/Admg-Dassanayake/pfbid04ZGq3RyQapNLezQyLx2obXheYfzCc2FLFpph2bfqRKo91KYy2feeiVYwYhvwHjYel","හාමුදුරුවෝ ජනාධිපතිතුමාටත් වැඩිය ලොක්කෙක් නම් ජනාධිපතිතුමාගේ උපතත් අපහාසයට ලක් කරපු යාලුවාට ඇයි ජනාධිපතිතුමාගෙන් සමාව ඉල්ලන්නෙ.යන්ටකෝ අධිකරණයට. ගිහිල්ලා පෙන්නන්කෝ ඔය චන්ඩිකම."
"Indikawijethunga Indikawijethunga","https://www.facebook.com/indikawijethunga.indikawijethunga","Titjtjagalle pakaya"
"Thissa G Wadumulla","https://www.facebook.com/people/Thissa-G-Wadumulla/pfbid0mtSDbzQUJ7aBtDw7TPUdbB7ovQ34y75Zq5KirNtuEaW3oouacwnNzA7UeSh924ZQl","තක්කඩිමූනක්"
"Ayasa Ayesha","https://www.facebook.com/ayasa.ayesha","Okatat canasarayata karapu da karanna ona kata wahanna"
"Karunanayaka Karunanayaka","https://www.facebook.com/karunanayaka.karunanayaka.535393","Hari jathakayak nethi BALLO heminila wadapu sukkranu kalawan wechcha pajatha ballek  munagehunoth dawasaka guwalin nawala yawanne ponna sakkiliya tho mona pakedda  rate janadipathita adarmistai kiyanna ..medamulane GUKANA mudu mahana balla..parissamata hitapiyu boruwak IWARAI Aya merate..."
"Namal Susantha","https://www.facebook.com/namal.susantha.9","Great  brother ,👍"
"Wijesena Lahanda Waduge","https://www.facebook.com/wijesena.lahanda.waduge","Uuroth ekka mona sanwaadada"
"Hmnc Herath","https://www.facebook.com/sinhala.herath.9","මුන්ට හාමුදුරුවන් යන ගෞරවනීය වචනය පාවිච්චිය හෙළා දකිනවා"
"Hasiya Hasiya","https://www.facebook.com/hasiya.hasiya.1422","Satakayak da ganin"
"Dayananda Rajapakse","https://www.facebook.com/dayananda.rajapakse.9","මූ,  තිත්තයා අත්අඩංගුවට ගත යුතුයි"
"Saminda Nilanka Kaviraja","https://www.facebook.com/saminsa.kaviraja","අනේ මහනායක හාමුදුවනේ...මට අවසර දෙන්න මේ මුන්ගෙ රෙදි ගලවන්න...."
"Nihal Perera","https://www.facebook.com/people/Nihal-Perera/pfbid0qjmdSSqaov2Abr7djySBqCksRAFgUpz6WD4bfKcpUvvUXE9PRpXMefgmrQqE3HkKl","Mun dennama ekam bottuwe hora jada ballo"
"Samarakoon Prabhath","https://www.facebook.com/people/Samarakoon-Prabhath/pfbid02N4vj6FkNq1eyvNJ1xvmfyWiz4eBf9dybP1yfaZbnGAZ7Hxw3DLnoRmH2Rq7KZptul","තිත්තගල්ලේ නොහොත් නිධන් හොරා, චීවරයක් දාගත් නිඝණ්ඨයෙක්."
"Pradeep Kumara Pradeep Kumara","https://www.facebook.com/people/Pradeep-Kumara-Pradeep-Kumara/pfbid07zoPRhseiK684aETaAn2ArximaEiWh6cqJRwcfjhGJC3PXkpGvMq851rTwD2F1W6l","Ane ubat anuralage walan Hodana p#ek wage monawaunat chiwareta garukaranna oni"
"Bandar Rathenayka","https://www.facebook.com/people/Bandar-Rathenayka/pfbid07bDCjvrLBeTV4LXHLjpQQcaG9XVnyAGDZW5LDPaMtQoJH45rS8SU16X79r6t3La9l","ජනධිපති අනුර කුමාරගේ හෝ 159 වැරැද්දක් ලංකාවේ ජනතාවට විවේජනය කරන්න බැහැ.ජේවිපි ප්‍රධාන ලක්ෂනයක්.ආණ්ඩුවේ වැරදි  ආඩුපාඩු විවේචනය කරන්න අවශ්‍යයි .ආණ්ඩුවේ වැරැදි තියෙනවා .මම ජනධිපති ඉවසිම පෙන්නා දිය ගින්දර ගෙනියන ජනධිපති .ඒකාන්තයෙන්ම ප්‍රකාශ කරමි.අධිකරණයට උඩින් ජනධිපති සිටිනවා.මම කැමැති ඇත්ත කථා කරන්න.වැරදි කාරයන්ට නිතිය ක්‍රියාත්මක කරන්න .දේශපාලන  ස්වාධීන වියයුතුයි .ජනධිපති තුමනි.පොල් ගෙඩියේ මිල ඔබගේ ආණ්ඩුව අනවශ්‍ය ආකාරයට මිල වැඩි කළා දරැවන් මන්දපෝෂණයට ලක්වලා බැරිනම් පුලුවන් පෙරටු ගමිවලට කළ දේ අයිඑමිඑෆ් නොමැතිනම් පුකෙන් යන්න වෙන්නේ ..බදු උපරිම ගහලා ධනපතියා සතුටෙන් දුප්පතා කබලෙන් ලිපටම"
"Ranjani Pathirana","https://www.facebook.com/ranjani.pathirana.121775","Boruwata siwuru dagatha ewun"
"Mohamed Jauher","https://www.facebook.com/mohamed.jauher.75","Obathuma kiwwa thaniyen enne nethuwa gamama ekka gena enna thibba kiyala ne ohu weerayek ekai thaniyen awe bro 👍👍👍👍"
"Lovely Ray","https://www.facebook.com/lovely.ray.803817","බලන් යනකොට තිත්තගල්ලෙ කියන්නේ පට්ට නීල හොරෙක් නේ. මේ කාලයක් තිස්ස රජ කරගෙන යන්නෙ පට්ටම පට්ට හොරු. මේ හොරා මහා හොරෙක්  රකින්න තමයි කියන්නේ මේ නාමල් සෝවාන් වෙනවා කියලා. හොරු රකින තවත් හොරු ඉදිරියේදී ඔබට දැක ගත හැක. තිත්තගල්ලේ පදිරි වෙලා ඉන්නෙ. නයා පව්. රටට යහපතක් වෙනවට තිත්ත ගල්ලෙත් කැමති නෑ කියලා පැහැදිලිවම ඔප්පු වුණා."
"Priyani Jayawardena","https://www.facebook.com/priyani.jayawardena.7","තිත්තය"
"Wimal G Matara","https://www.facebook.com/wimal.g.matara","අතිතය...පජාතියි.ඔප.වහන්සේගෙ."
"Wilsan Ranasingha","https://www.facebook.com/wilsan.ranasingha","මලයා ගැලවිිවානේද සිවුර"
"Sudesh Roshana","https://www.facebook.com/sudesh.roshana.2025","තිත්තගල්ලේ ඇවිලෙන් නෑ උඹ ඇවිලෙනවානෙ🤣🤣🤣"
"Sarath Guruge","https://www.facebook.com/sarath.guruge.50","Oi gamwala ponnayoda inne api nam dannawa salakana vidiya ochchara hariyak karalath mun wage sakkili ballanta salakan thiyan idan boruwata vidiyo danna apa ubalath me rate purawasiyo ne  salakapalla athiwenna oi wage ballonta hari pirimi weyayalla  loketa penna penna in nathuwa moknda ubala balalla lauwa kos ata banne pirimi newei chiththa"
"Lihesha Rulani","https://www.facebook.com/lihesha.rulani","හැමොටම  තිත්ත  වේලා හොර  පවුල ට  හැර"
"Roshan Chamindha","https://www.facebook.com/roshan.chamindha.37","Pati roll"
"Nirosh Ranga Weerawarna","https://www.facebook.com/nirosh.ranga.weerawarna.2025","මූ  හාමුදුරුවෙක් නොවෙයි.  රාජපක්ශලගෙ අසූචි කන බයියෙක්.  නානසාරගේ  දෙවෙනියා. මේකෙන් වෙන්නෙ ලංකාවෙ හාමුදුරු කෙනෙකුට පාරෙබැහැල යන්න බැරිවෙනඑක. මහානායක හාමුදුරුවරු මුන්ගෙ සිවුරු ගලවන්නෙ නැතිතාක් මුලුශාසනයේම අවසානය මෙය විය හැකියි."
"Sunil Piyatissa","https://www.facebook.com/sunil.piyatissa.1","මරු    මචන්"
"Sumanasiri Mys","https://www.facebook.com/people/Sumanasiri-Mys/pfbid08m2ku2BUYQ7dHDH5E423B8C1BNobbPgeRjbs2gbGuW9DfMvzbBaGa4Y2v45zKbLTl","උඹ නම් නියමයි  ♥️"
"Darshani Sewwandi","https://www.facebook.com/darshani.sewwandi.71","Shorta gahala exercise karanna gihin nondi unama maithriya pihita karan anith hamoma beranna apu kena vage ragapanna gaththa"
"Sumithra Kumari","https://www.facebook.com/sumithra.kumari.581","හොර ගණයා"
"Sunil Nandasiri","https://www.facebook.com/sunil.nandasiri.66448","Thethyaga rade galu wata sthuthi."
"Bandaranayake Jayasingha Arachchilage","https://www.facebook.com/people/Bandaranayake-Jayasingha-Arachchilage/pfbid037xcaqCyqHKQj9JjvncjEbcRStJUxsrebM59UfXf4sRA7ZJ97f6tkh9azB4cbKrPMl","අනවශ්‍ය දේ කථාකරන්න ගිහින් නාගන්නවා කියන්නේ  මෙිවට.."
"Suranga Dissanayaka","https://www.facebook.com/suranga.dissanayaka.9889","සිවුර ගලවලා ඇ.. 2.. තලන්න ඔනා"
"Wimaladasa Punchiheva","https://www.facebook.com/wimaladasa.punchiheva","බුදුරජාණන් වහන්සේගේ ධර්මය අනුව ජිවත්වෙන්න චිවරධාරියනි."
"Deepthi Gallege","https://www.facebook.com/deepthi.gallege","Mutetamteta. Kahakadayek"
"Ajith Prasanna","https://www.facebook.com/people/Ajith-Prasanna/pfbid02xh5hESY21MS2FZ5kjiyHGutXTUsxyQecZ4xjBG7ZZBfdKmi9NQ8Z7gTFoSw4UbXPl","තිත්ත ගල්ල කියන්නේම අමු සොම්බියෙක්."
"Chandrani Senanayake","https://www.facebook.com/chandrani.senanayake.395","Niyamai"
"Sudarshana Ranasinghe","https://www.facebook.com/sudarshana.ranasinghe.5","Kahakadaya pibath kela kela pansale wada karannathwa janadipathi tgannanna enne apitath dan munge hasirema nisa thiththa wela thiyenne kohomath angathe dankudawath nathiwai ona balu wadaka kaloth kaha kallak wena agamwala nayakayo ohoma nane"
"Sandun Kumara Salwathura","https://www.facebook.com/profile.php?id=100015196201515","ඉක්මන් කොටයි"
"Jayantha Samarajeewa","https://www.facebook.com/jayantha.samarajeewa.3","Anura kumara 89 kalaye siwrak dagena hitiye"
"Thanura Lasantha","https://www.facebook.com/thanura.lasantha","හාමුදුවරු පව් කියලත් හිතෙනවා . ඒ අය ආගම විසින් මවපු fantasy ලෝකෙක ජිවත් වෙන අනුන් රවටනවා වගේම තමනුත් රැවටුණු පුහු විරත්වයක් මවාගෙන පිස්සන් වගේ හැසිරෙන පුරවැසි කොට්ටාශයක්.🙄"
"Lalith Kelaniyage","https://www.facebook.com/lalith.kelaniyage","චීවර දාගත් පොහොට්ටු පාහරයා"
"Eranga Wathugedara","https://www.facebook.com/eranga.wathugedara","Janadipathi kenek me wage siuwrak dagatta horek,deshapalana paksha walata gati kam karana,adikaranaya wibaga karana nadu walata balapam karanna moda minissunwa auwssana kenekta wiwqdayakata yanna awasya na.me taram baninnawat awasya na.pissek dagaladdi awabodayak tiyena minissu ewa gana ganan ganne na.e nisa me maha kapati minisa wadiya foam nokara inna ona."
"දකුනේ අපි","https://www.facebook.com/3wethup1cb","තිත්තයා හොද එකා අසමත් ජාතියා"
"Sunil Jayasingha","https://www.facebook.com/sunil.jayasingha.967","මුගේ කොහොමත් තියෙන්නෙ ත්‍රාඩ පෙනුමක්."
"Anuruddha Udakumbura","https://www.facebook.com/anuruddha.udakumbura","Munam kohomath thiththai.😮"
"Sam Udayan","https://www.facebook.com/sam.udayan.37","කාගම සිරියානන්ද හාමුදුරුවන්ට මමත් ගරුත්වය දෙනවා"
"Lakshan Jayathilaka","https://www.facebook.com/lakshan.jayathilaka.899632","Yako tho chiwarayakgaththu kanak hatiyata tho ahama kiyanna kohomada thipi waga kalakanni hathikarata minissu dana danawanam  chiwara danawanam  akaka ganu pu... danawanam tho kohomada boru porondu gana kiyanna"
"Kumara Chaminda","https://www.facebook.com/kumara.chaminda.214848","බොරැ කාහකඩයෝ බෞද්ධ ආගම විනාශයට පත් කරනවා..මුන්ව බන්ධනාගාරයේ වලං හෝදන්න දාන්න ඔිිිනේ පර ඇත්ත.."
"Kulathunga Bandara","https://www.facebook.com/people/Kulathunga-Bandara/61560377462380","යකෝ මුන් සිව්‍රර දාගත්තු හොරු."
"Shanti Perera","https://www.facebook.com/shanti.perera.483321","Pau karayo  munta hamuduruwo kiuwath pau 👻"
"Siripala Arachchi","https://www.facebook.com/people/Siripala-Arachchi/pfbid0v18ZVVK7ZmijPs12uGqFj9UViWG2CuNHk6qHJkxAEC9d4yhKapTkk4YmZJTD6e7Ll","තොට.ආගමක්.තියෙනවද.කියපිය"
"Greeta Wanigasekara","https://www.facebook.com/greeta.wanigasekara","Ale horek"
"Rupasinghe Dissanayake","https://www.facebook.com/rupasinghe.dissanayake.5","සිවුරක් පොරවගත්ත හිගන්නෙක් ☹️ ඇදුම නිසා නිකං කෑම ටිකවත් හොයාගන්නවා නේ...😆"
"Asanka Liyanage","https://www.facebook.com/people/Asanka-Liyanage/pfbid025yj5bDu64uEoZY9YWR1tauhg72dhwtoMomTmfa5RvkgWSFb1LMzCJ6sPdtb9hLSwl","Okunta pissu ekai thithagalla udu buralanne"
"Nalaka Jayasooriya","https://www.facebook.com/nalaka.jayasooriya.71","Okage nadu apahu edala ganna oni"
"Sahul Hameed","https://www.facebook.com/sahul.hameed.930294","Nadu thiththa wela athi"
"Ajith Premakumara","https://www.facebook.com/ajith.pramakumara.56","අපේ ගම කනවා"
"Nirma Sobani","https://www.facebook.com/people/Nirma-Sobani/pfbid02ysLavLtG5SgUWcQgqmY3WdJbQraUQ5xbGN6v6W4vJp71gurrbXqcuWnS7DZWb8r1l","අනේ බං උඹල අපිි දන්නා ආගම"
"Anil Hemantha Perera","https://www.facebook.com/anil.hemantha.perera.2025","රටේ ජනාධිපතිට  වෙන වැඩක් නැහැනෙ    මුන් වගේ හාල්පාරැවො එක්ක විවාද කරන්න"
"Karu Ayiya","https://www.facebook.com/people/Karu-Ayiya/pfbid02qWLST4U3MC3tBQkmUbWQrAhRN1cYv11hzzbZMXJj5zRjqeR5eZANWik2vts8cLoVl","මමත්  ඉස්සර  හොඳ ටම ගරු කරපු  චරිතයක්  දැන් නම් තිත්තම තිත්තයි...."
"Vinitha Kularathna","https://www.facebook.com/vinitha.kularathna.94","Oya awajathakaya rajapaksala ta kade Yana ballek pennedda Katerina wagene inne boru mahana kama labagena Ara cassapa wage"
"Aroos Shakaff","https://www.facebook.com/people/Aroos-Shakaff/pfbid0JtFgEmPePJ53cvJSnHMWeuD1yobwAJGr3WRd4AfoK6sD8YKuk27HQYdXY6Epmjhwl","Balanakota mey Sivura endagath kaluva patta horek ney."
"Ajith Nilanga","https://www.facebook.com/people/Ajith-Nilanga/pfbid035fNsoxCnfyCFkqRbPP5vZLMhbWrpNKh34omb3EP4uK1o5kuMFo9d5qkAk3rTxqmLl","Kohomada meke Inna ugath kattiya marai me okkomama.mal pala"
"Sinhapurage Karunathilaka","https://www.facebook.com/sinhapurage.karunathilaka.9","pakayek"
"Champika Neelanjana","https://www.facebook.com/champika.neelanjana","Tethegalle ta pissu.sasaneth Kanawa"
"Ayesha Ayesha","https://www.facebook.com/people/Ayesha-Ayesha/pfbid02xMKFpED1eiXBYMCPfA4GHw431b8TYZBEY3MTLyjQHBFNC4oDsQ2L8rKoJjdWuG6Ll","මුන්  අපේ  බවුද්ධ  සිංහල  හාමුදුරුවරු  නෙමෙයි...මුන්  තනිකර  හොරු"
"Indika Gayan","https://www.facebook.com/people/Indika-Gayan/pfbid02DQn8xPUeBb6sDmto5fUJDvbz82oM9s88ZRBtrQLWFALmQfPe6gurwYpoDVGSJ9RQl","ඇයි අනේ මෙහෙම වෙන්නේ ඇයි අපේ රටේ නිර්මල බුද්ධ සාසනය විනාශ විමට ඉඩදිලා බලාගෙන ඉන්නේ මෙවුවා නවත්වන්න නීති නැතිද තියෙන නිතී මදිනම් නීතී අළුතින් හදන්න ජනාධිපති තුමාට කියන්න මේ රටේ අනාගත පරම්පරාවට බුදු දහම ආරක්ෂා කරලාදෙන්න කියලා අපේ රටේ බුද්ධ සාසනයට පිටින්කවුරුවත් වෙන රටවල් වලින් ඇවිත් විනයකටින්නේ නැහැ වෙනත් ආගමකින් ඇවිත් විනයකටින්නේ නැහැ වෙනත් ජාතියකින් ඇවිත් විනයකටින්නේ නැහැ මේ රටේ සාමාන්‍ය සිංහල මිනිස්සු ඇවිදින් විනයකටින්නේ නැහැ අපේ රටට අපේ ආගමට විනයකටින්නේ විනාශ කරන්නේ මේ සාසනය ඇතුලේ බොරුවට සිවුරු දාගෙන ඉන්න හමුදුරු වරුකියලා හදුන්වාගත්තු පිං බත් කෙලින නිගණ්ඨයන් පිරිස මුං ඇයි පිංබත් කෙල කෙල මේ තරම් මේ බුද්ධ චිවරයට නින්දා කරන්නේ අපහාස කරන්නේ වෛයිර කරන්නේ මුං මේ සිවූරට මුවාවෙලා කාමය වරදවා හැසිරෙනවා හොරකම් කරනවා බොරු කියනවා මිනිස්සු කොටවනවා වෛයිරය පතුරනවා ජාතිවාදය ඇතිඛරනවා ආගම්වාදය ඇතිකරනවා ත්‍රස්තවාදට ඇතිකරනවා පාතාල වැඩ කරනවා රටගිනි තියනවා මත්ද්‍රව්‍ය ජාවාරම් කරනවා දේශපාලන විශබීජ පතුරවනවා රටම ලේ විලක් කරනවා නිතියට බලපෑම් කරනවා බුදු දහම විකෘර්ති කරනවා බුද්ධ සාසනය ඇතුලෙන්ම බුද්ධ සාසනය විනාශ කරමින් ඉන්නවා මේ රටේ මහජනතාව සිවුර පිලිකුල් කරමින් සිටිනවා ඇයි මේ වැඩකට නැති තට්ටයන්ව ගෙදර යවන්නේ නැත්තේ මොකක්ද මේ අපේ රටට කරන අපරාදේ ඇයි මෙහෙම තවත් මේ රටේ අහිංසක මිනිසුන්ට පවුපුරවන්නේ උනුත් අපා ගතවෙලා මිනිස්සුත් අපා ගත කරවනවා"
"Nilan Prasantha","https://www.facebook.com/people/Nilan-Prasantha/pfbid0JTF897v9wyvdxPYG8qS6wEY9GzixGQngoFCL8mrEzgAkxqNwxX44aRM4sVodYxGjl","Satakayanta.gevunu.hema.kahakadoyoma.horu"
"Susantha Dahanayake","","හොර ගණයේ ක් මූ"
"Bhikku Kathiyana","https://www.facebook.com/kathiyana","අභූතවාදී නිරයං උපේති – යෝ චාපි කත්වා න කරෝමි'ති චාහ, උභෝපි තේ පෙච්ච සමා භවන්ති – නිහීන කම්මා මනුජා පරත්ථ"" යනු බුදුරජාණන් වහන්සේ විසින් ධම්මපදයේ නිරය වර්ගයේ වදාළ ගැඹුරු අර්ථය ඇති ගාථාවකි. ගාථාවේ තේරුම • අභූතවාදී නිරයං උපේති: බොරු කියන, අනුන්ට නැති නැති බොරු චෝදනා නගන පුද්ගලයා නිරයට යයි. • යෝ චාපි කත්වා න කරෝමි'ති චාහ: යම්කිසි පවක් කොට ""මම එය නොකළෙමි"" යි බොරු කියන පුද්ගලයා ද, • උභෝපි තේ පෙච්ච සමා භවන්ති – නිහීන කම්මා මනුජා පරත්ථ: පහත් ක්‍රියා ඇති ඒ මිනිසුන් දෙදෙනාම මියගිය පසු පරලොව දී (නිරය දුක් විඳීම අතින්) සමාන වෙති. මුලාශ්‍රය • මෙය ඛුද්දක නිකායට අයත් ධම්මපදයේ - නිරය වර්ගයේ සඳහන් වන ප්‍රධාන ගාථාවකි. (සමහර සූත්‍ර මූලාශ්‍රවල ""ආපායික සූත්‍රය"")"
"Samantha Pushpakumara","https://www.facebook.com/people/Samantha-Pushpakumara/pfbid0zMWqicsBBsspRjV56hviRwyDVech4T1GJJaqkLifERncagmGtptGnHtPsmgk4FSxl","Ape.darumaya.winasa.karana amanayo"
"Sudath Kumara","https://www.facebook.com/amaya.epa","මේ කාලකන්නියගෙ මූන දැක්කම කියන්න පුලුවන්   මෙිකා කාඩයෙක් කියලා දුටුතැන අසූචි ගහපියව් කාලකන්නිය"
"Gj Mohan","https://www.facebook.com/gj.mohan.3","Hana huka Nan na mu amaduru"
"HD Weerathunaga","https://www.facebook.com/hd.weerathunaga","මු නිදන් අරන් හිරේ ගිය එකෙක්..."
"Kamal Chaminda","https://www.facebook.com/people/Kamal-Chaminda/pfbid02RSQtso5rmamfz5c8HmmygtFNBSWBBP9piHBLBcB7U6LXiV6kYNfnkPGhn7cVvJTDl","ඇත්තමද ? ඈ.............?."
"Rangith Narampanawa","https://www.facebook.com/rangith.narampanawa.5","තිත්ත ඇත්ත 😄😄😄"
"D.V. Thaksala","https://www.facebook.com/thaksalakanthi123","සිවුර දාගත්ත මැද මුලනේ හොරු"
"Nilantha Sanjiwa","https://www.facebook.com/nilantha.sanjiwa.31","රටයි ශාසනයයි  දෙකම විනාශ කරන්න ආපු තිරිසනේක්. රාජපක්ෂලාගේ ටොයිලට් කඩාගෙන වළදන එවුන්.."
"Jayarathne JA","https://www.facebook.com/people/Jayarathne-JA/pfbid06qxs9fyaYstavopMfcE3RDEDZQ9HeGNSmTxCc1QivaQbP7vnfqQ6myakbnDFhohTl","ඔබට   ස්තුතියි   වල්කහාක ඩයා   ගේ  පැටිකිරිය   ගැන    දැන්වීම  ."
"Sanjeewa de silva ","https://www.facebook.com/sanjeewa.de.silva.2025","Mun siwra porowagaththu nigantayo ne kawda ban mun kiyana ewa ahanne"
"Layonal Somavansha","https://www.facebook.com/people/Layonal-Somavansha/pfbid02GkJHrHEBR5kYybW3PHh42uYGFGE37PLUAaZ3T6uQsNtC4Mhmn5wchp6PbXYRo3E3l","තොගෙ.අම්මා.බල්ලොත්.ළුක්ක.බ්‍රදියලාද.තො.වැදූවෙ"
"Kaveesha Nethsadi","https://www.facebook.com/people/Kaveesha-Nethsadi/pfbid02fTGGXVDWTpNNeBMgsX6CKm6s7XYnrXyPasDNP5DXth3FPLZ5bUE24HYzzzZFUuzQl","Supiri"
"Wimalsiri Bandara","https://www.facebook.com/wimalsiri.bandara.2025","ඔන්න තිත්ත ඇත්ත කතාව"
"Samarakoon Ananda","https://www.facebook.com/samarakoon.ananda.2025","කෝහොමත් තිත්ත පුද්ගලයෙක්.  නීතිමය කටයුතු කලයුතුයි."
"Gpj Millaniyage","https://www.facebook.com/gpj.millaniyage","හමුදාවේ ඉඳලා පැනලා ගිය අයෙක් නම්,ඔහු යුද්දෙට බයේ සේවය හැර ගොස් අත් අඩංගුවට ගැනීම වළකා ගැනීමේ ක්‍රමයක් ලෙස උපායශීලී ලෙස පැවිද්දෙකු වී ඇත.  රාජපක්ෂ රජය රටේ පොදු සමස්ත ජනතාව ඇන්දුවේ බුදුන් වහන්සේගේ ධර්මය ඉදිරියට රැගෙන යන බුද්ධ පුත්‍රයන් හරහා දුගී ජනයා මුළා කරමින්වේ.  මෙහි සාධනීය කරුණු නොදත් සැම සැමදා සොරුන්ට මුළා වනු ඇත.  ධනපාල උඩවත්ත මහතා ගායනා කල හැඟුම් බර වූ ගීතයක් තිබේ.  මා ආදර ණීය මගේ අම්මා වෙතටයි...මේ ලියන්නේ ආරක්ෂක කඳවුරේ සිටයි...  මෙම ගීතයේ පද ගැලපුම අනුව කිය වෙන්නේද සේවයක හා ගුණයක ඇති බස නොවේද ?   අම්මේ මා මිය ගිය දිනයකදී ඔන්න..බාල පුතත් හමුදාවට භාර කරන්න. ඌ පැන ගොස් මහණ වූයේය."
"Sk Dalsy","https://www.facebook.com/sk.dalsy","Ai .ane... Oakata..obavahanse.......keunne"
"Nimali Karunarathna","https://www.facebook.com/people/Nimali-Karunarathna/pfbid02SPtgmz8UDdhpTvuhu1MnotxwwVB6KwT7LPTqSAYyto4pXNcE2JcmdQH8UbBngYE4l","තිත්ත ගල්ලයාත් ඉල්ලාන් කන්නයි හදන්නේ."
"Lakshman Samaraweera","https://www.facebook.com/lakshman.samaraweera.908","Niyamai mudakkama epawenawa balapa hati"
"Thenuwara Saman","https://www.facebook.com/people/Thenuwara-Saman/pfbid0YL1k2aZP6wuTkCQuJbDs6yJXitgqyJ8rrWA4b1tMSrM8Uae9am1wTbwhbhpTdNZJl","තිත්ත ගල්ලෙ පිස්සෙක් සිවුරක්  දාගෙන පිස්සු කෙලිනවා"
"Mallawarachchige Upali","https://www.facebook.com/people/Mallawarachchige-Upali/pfbid0A6u1QHfgdaq2DPmoWKXMs9WHywBfbbw1g3qxj4r5KHxLHQ5rmkBL2Mev8byrPsXAl","වැරදි කරල කරල සිව්රදාගෙන එවැරදි ඔක්කොම වහගන්නව. එවටම ගැලපෙන රාජපක්ෂල මුංගෙ පුකවල් ලෙවකනව.  ඇයිමේ බෞද්ද රටක්නෙ. වැඩේකියන්නෙ දූසන වන්චා චීවරයො ඔක්කො රාජපක්ෂලෑ පැත්තෙඋන්. තව ඉන්ව නර්ස්ලගෙ සභාපති නර්ස් කීදෙනෙක්ද ඔකට."
"Namal Madushanka","https://www.facebook.com/namal.madushanka.35","මහිංද මයිනා තමයි මුගේ ලොකු හාමුදුරුවෝ, මු පටම තිතයි"
"අනුරුද්ධ චාමින්ද","https://www.facebook.com/anuruddha.chaminda.3","නිඝංඨයෝ මුන්"
"Kumara Wijesingha","https://www.facebook.com/people/Kumara-Wijesingha/61592019955496","Mu gothayek bola"
"Sandhya Weerarathna","https://www.facebook.com/people/Sandhya-Weerarathna/pfbid02gWrizZFJDxu5yEyPhv9DUrf6rjMdCaae7jFsp2hFkbt9S9wHtLcwfNkxcpUDkMRol","Anee karuna karala nirmala budu dahamata nigaru nokaranu oya siwra galawala deesaha palanaya karanu paharaya"
"සමන් රුපසින්හ","https://www.facebook.com/people/%E0%B7%83%E0%B6%B8%E0%B6%B1%E0%B7%8A-%E0%B6%BB%E0%B7%94%E0%B6%B4%E0%B7%83%E0%B7%92%E0%B6%B1%E0%B7%8A%E0%B7%84/pfbid02Hdjh9ji2g7g1DyhFWHHDgikAms7C48zQCMRBVLSZaidhnAt3L5c7d7trQT5kzUSZl","Ane palado yanna"
"Sumedha Meheni","https://www.facebook.com/people/Sumedha-Meheni/pfbid0tvmjumMoU7xs2mz2HvbPJLmtXz8wSJ8BgAshRL1BDrgtxbmjmfHuhakbUHbiy87ul","කර්ම ඵලය ගැන නොදැන මේ කරගන්නා වූ පාපය යමකට සමාන කරන්නත් අපහසුයි"
"Maya Sk","https://www.facebook.com/maya.sk.492484","Desa palanaya karanawanam ganayo siwra galawala pansalen thiyala.mama rahath palya labanawata kamathi nha .desa palanaya Mary kiyala gedra Pala hora hattha."
"Lalitha Padmini","https://www.facebook.com/people/Lalitha-Padmini/pfbid0kQpEvLLGHyyRpZ5787xMSBtcXZA4cMtKwtfAichGpT91m78FhUZLFC1t7R9d12CHl","Namolata.aktuwanna..uuwaga.horakka"
"Kapila Abeywickrama","https://www.facebook.com/kapila.abeywickrama.2025","තිත්තගල්ලේ අමු ගවයා."
"Sarath Kumara","https://www.facebook.com/people/Sarath-Kumara/pfbid04ScSh4w9x7wYJPauJd7UXm9rzMaNtnqejozccWtSJY4kZhGjdmThAN6bAPeaPtSWl","Ma.kiyanna.attada.saga.taytayo"
"Malintha Kongahge","https://www.facebook.com/people/Malintha-Kongahge/pfbid04q7HYpQjCHNKc88N1gNK24y9hfZWrNL37zYESgpfSgsgBsmvb77JbvANrjSNbnv3l","Aparadayak oba wanse karagannaa..maha gaburu daramayaka dananumak tyagana..deshapaluwan nisa niwan doratuwak wahagannawaa..oba wansega maha akusalayak pala dilada mndaaa"
"Dedunu Arts","https://www.facebook.com/dedunuarts","පවි අප්ප ඔිව කියන්න එපා"
"Shuti Bole Chuti","https://www.facebook.com/people/Shuti-Bole-Chuti/pfbid0S1WBuC2df1Qo2BM1nDGaDDXRFe17zZvkYVqnLmzdoWF7QVCFoCs67uBNas21kuogl","Bola huththige puthooo amagen ahapan mahaeka gedara nathiwele ballettadadawada jathaka unree naththam wenakata harida jathaka une kiyala maniyangen ahanna hari appetta jathaka unanam oita wada kondak thiyannaonaaa bola huththige puthooo thopi kochchara agama vinasa karannhaduwath pana gahenakan meka me maha polawe rakinawa karinawa karinawamaiiii thopita hari uppannayak nathiunata merate hari wadagath jathakayak thiyana minissunta wena vinasaya penawaaa"
"Priyantha Hewage","https://www.facebook.com/priyantha.hewage.389299","සිව් රට ගරු කරපන් දෙසපාලන බදාගෙන බෞද්ධ ආගමට කෙලහන්ෆ එපා"
"Nisaani Piiris","https://www.facebook.com/people/Nisaani-Piiris/pfbid0e7Q1BjiAHkMfUpCu2w1U89DbZFmJZwVzit4XNpfgvbeMehw7L41NNFdLsLSgRqdJl","අනේ සිවුර දාගත්තාට   බෙරැ    හොරැ  රාජපක්ෂලා අසුච් රරර"
"Don Ibrahim Ibrahim Ibrahim","https://www.facebook.com/don.rassion.14","එහෙම කෙනෙක්ද මේ ජනපති තුමාට අබියෝග කරන්නෙ ,"
"Manoj Sugath","https://www.facebook.com/people/Manoj-Sugath/pfbid0kJv9NvJEUpPZNCW4kqfkL7mZ5a1EmzuRnJrSoNoyooiEaoo28u5Rz4jS9Vzfid5Fl","Siura galola hamagananna one.mewage..ratata vinakarana.wahallun.wa......."
"Maduranga Prabath Kodithuwakku","","Chamindu Edirisinghe උබල බන අහන්නෙ මුන්ගෙන් නේද"
"Mms Wimalaweera","https://www.facebook.com/mms.wimalaweera","Yes of course bro...."
"Wijewardena Mudalige","https://www.facebook.com/wijewardena.mudalige.1","THONIDAN.HOREKNE.PAPATHARAYO"
"Palitha Cooray","https://www.facebook.com/people/Palitha-Cooray/pfbid031c93FQWExtnPGogquTbGRhQAGdp9FzYGsYqcEkSzPFKtaTRUkcrvxKePxk2KvS1wl","Me awajathaka hu...k"
"Rohi Rohi","https://www.facebook.com/rohini.subasinghe.9","තිත්තෙ තිත්ත යි...😂😂"
"Ameer Abbaas Abbaas","https://www.facebook.com/ameer.abbaas.abbaas.2025","Mama hethuwa may hamuduruvo  hoda buddematek keyala"
"Chithrasena Palihakkara","https://www.facebook.com/chithrasena.palihakkara.2025","මූ  පට්ට හොරෙක් නෙ නිදන් පප්ප.දැන් දගලන්නේ නිදන් හාරන්න දේශපාලන බලය නැතුව.පිං බත් අපතයෙක්."
"Dilan Chanaka","https://www.facebook.com/people/Dilan-Chanaka/61577957740158","තිත්ත ගල්ලයා තොව තියන්න වටින්නැ පරයා"
"Sanjaya Kodithuvakku","https://www.facebook.com/people/Sanjaya-Kodithuvakku/pfbid0C9pwGzaFd73DhhDLGJmpAvYKDFpQwSjMnW4c2kDbPdVtDFD97oBzS12UjJhqACZwl","sakkilliyek"
"Mohamed Iszadeen","https://www.facebook.com/people/Mohamed-Iszadeen/pfbid02T29cS34Ybo7UM7b6hKhQfGbhR4utq7cQ74HDyZo5QL8SHRH4C2sYufeQ7SE1gDE7l","සමාවන්න බවුද්ද ජනයානනි, මුන්ව පරණ වැරදිවලට හිරේ යවන්නම ඕනි . ජනාධිපතිතුමන්ට අගෞරවයක් මුන්."
"Sugath Nishantha","https://www.facebook.com/sugath.nishantha.161","Budu hamuduruwo hitiyanan me wage giwara dariyo ule thiyanawa pau karayo eka ekata kade yanna budda ciwaraya ganna epa oka galawala naitiyak adaganna"
"Ven Y Dhammasara","https://www.facebook.com/people/Ven-Y-Dhammasara/pfbid032qLvqYbJG46P7SKHmG3ydmmc9hTSpPN67kzPbHjZsUVs6Q8BhW6gpB8X1hRG33gol","කවුරු කොහොම වුණත් රටේ නීතියට අවනත විය යුතුමයි! ඒකෙ ආයේ දෙකක් නැහැ.."
"Lowrence Gnaniah","https://www.facebook.com/lowrence.gnaniah","Muge nama haddith thiththai 🤮🤮"
"Anura Priyantha","https://www.facebook.com/rajah.lingam.9","සිවර තිබුනත් කියන්න තියෙන්නේ රාජාංගනයෙ හාමුදුරුවො කිවුව එක."
"Laksitha Kumara Kannangara","https://www.facebook.com/laksitha.kumara.52","බලන් ගියාම නිධන් හොරෙක්නෙ"
"Nalin Wimalarathne","https://www.facebook.com/nalin.wimalarathne","Muu horek"
"Sunanda Randeer","https://www.facebook.com/sunanda.randeer.2025","Konarage hamuduruwo neda me"
"Dm Chaminda Bandara","https://www.facebook.com/dm.chaminda.bandara.2025","Kochchara bannath api hamuduruwo akka"
"ManikeAbeykoon Abeykoon","https://www.facebook.com/people/ManikeAbeykoon-Abeykoon/pfbid02uWBwaZQg7feJy2afhNKY9jAc6A7uZPaxay2mQiDAEwnC1bcSVR3NgkFkAn9Jb4efl","මෙනාමල්‍යා  කෙස්ගහේ  ඉදන්හොරකම  මුන්ගෙඅම්මාප්ප  මලයලා ඔක්කොම  .පල්හොරු"
"Sunil Premaratne","https://www.facebook.com/people/Sunil-Premaratne/pfbid08dPLfbi9iX5jZL3tBSUVqNNaadrxRZkyvb6pK8Wao23cCzr2oYfk1xPPK52sftJWl","Nodakin wal balla tho apita thiththai"
"Desman Suresh","https://www.facebook.com/desman.suresh","තිත්තේ මේ ලන්කාව ,හරි වෙනස් """
"Niutan Gajanayaka","https://www.facebook.com/people/Niutan-Gajanayaka/pfbid028JvoW8G5PijUA11eoFFuzqA4DH3ANQEa8yZ5qUSkvmXSyQiSRfUSxjPLasYXKsKNl","Dan hare puka depan kareya uba lagadema guti kanawa"
"LP Wijesundara","https://www.facebook.com/people/LP-Wijesundara/pfbid02wi5GqtCmEjUJMfCeqi2xdtx43iUqpTtt3tkV1NQm3FxrURpaN3orc8YG1wr3269Vl","අනේ මේ වගේ හාමුදුරුවරු කරගන්නා වූ පව්"
"Danushka Bandara","https://www.facebook.com/people/Danushka-Bandara/pfbid0WxBTCRr8U2eM9L4fng3BiWPAySjioMBjWjyEtWhkwgS18x2Hn9rf2bi5MKDiVL6ul","මූ ගැන අනුර සහෝ හොදටම දන්නවා බං. මුන් නිකන් හාල් පාරූවෝ විතරයි අයියා"
"Gihan Jayarathna","https://www.facebook.com/gihan.jayarathna.9","Puke arindai pinata kandai siura dagatta apathaya, rassawak karahan 😏"
"Stella Chamini","https://www.facebook.com/people/Stella-Chamini/pfbid0tdjcC9cxeGUhUgPxek5KLnzKZUCnb3Uo8Gmpm2zDYraDPm3srtkVHexg7Atf3yNUl","හොරාහොරුන්ටපස්සදෙනවා"
"M A Ranjith Premalal","https://www.facebook.com/m.a.ranjith.premalal","ඔබ බෞද්දයෙක්නම් කාලෙන් කාලෙට එන මෙම සිවුරු දරාගත් කවට නිවටයො පිලි නොගන්න පස්සෙන් නොයන්න"
"Vimalarathna Bogahawatta","https://www.facebook.com/vimalarathna.bogahawatta","ශාසන භ්‍රෂ්ට තිත්තගල්ල.."
"Liyanage Chandana","https://www.facebook.com/people/Liyanage-Chandana/pfbid02UWKHTwYj5p5tNhjf7v8hvR4GMsk5zuFgGa2UhbzCHHMyqGg9BirnSpgDThHXtrJfl","මුන්ට කියන්නේ  පින් බත් දෙසපලුවෝ කියල"
"Pradeep Karunanayake","https://www.facebook.com/people/Pradeep-Karunanayake/pfbid02rxY6bKNH7zdtN1sZX4mwGLdxKz9M4gdAESFJi8pZWzH1xJSsmqUVubf9PzSQJeGdl","Thiththagalla kalakanni wesa balla,"
"රාධා රාධා","https://www.facebook.com/people/%E0%B6%BB%E0%B7%8F%E0%B6%B0%E0%B7%8F-%E0%B6%BB%E0%B7%8F%E0%B6%B0%E0%B7%8F/pfbid0Y1tGUwGnzeX8w1h4PETczw8pFFat2PkscyWnQq73tDoDZKL23pTaVu477ADLSBTtl","Arpita galat Google Maa Diye Jal utha lo Buddha shasan Ne khane ko thalapo Mein Mahadev karna"
"Indhika Sisilakumara","https://www.facebook.com/people/Indhika-Sisilakumara/pfbid0AKZmooDYKeob3QoHmFutyaHDoDudQN6kvxhZMXb9LjcEBevBfawVjVFYB7xRR9QAl","Gihiya ta paw purawanna EPA.nawa thinna.kana haraha."
"Weerasinghe Makawitage","https://www.facebook.com/people/Weerasinghe-Makawitage/pfbid02YR9PYt8dJkrTMkVDAN94nFDobNW8RzBGGujwh3BLYoPXq4UT4e9c6rr3EqFfVhsXl","හුජ්ජ ගාල්ලේ තොට ළඟදීම ස්වභාවික දඬුවම් ලැබෙයි."
"අශෝක අශෝක","https://www.facebook.com/p3nrm0vb8k","කොහෙවත්   යන   පාඩෙරුවෙක්  ..කිවහාම    රටෙ   ජනාදිපති   යන්ඩඔනැ    එයාලගට   බුද්ද   දර්මය   කියන්නෙ   මොකද්ද  .කියලාවත්   දන්නැති   තිත්තගල්ල   එනවා   අබියොග   කරන්ඩ    ඉට ඉස්සරවෙලා   ඔබ  වහන්සෙ   ඉගනගත්තෙ    1956   මැදිමාලෙදි    ලියපු    පොතනෙ   . එක   පිටකය   නෙමෙනෙ   ඉතින්   ඔබවහන්සෙ    කොහොමද   දර්මිකද   කෙනෙක්ද..කියලා   දන්නෙ   කොහොමද   නිවන්   යන්ඩත්   නිවන්මග   කියාදෙන්ඩත්   මහනවුනෙ   කියලා..දන්නැති  තිත්තගල්ල      සිවුරල්   පෙරොගත්ත    අමුම   අමු  ගවයෙක්   තමයි"
"Saman Kumara","https://www.facebook.com/people/Saman-Kumara/pfbid02iKvEgkwb9sT94jWbqi6At9H27WoZDsV7VKyLVETBnRD8a5tPMTTCoLvcSGaWZJFtl","බුදු.හිමියන්ගේ.සහ.අනු.බුදු.හිමියන්ගෙ.පාද.ස්පර්ෂයෙන්.පාරි.ශුද්ධත්වයට.පත්.මෙි.දහමි.දිවයින.වර්ථමානයේ.ආගාධය.කරා.ගෙනගිය.පවිකාරයින්.අතර.දේශපාලකයින්.චිවරධාරින්.මුල්පෙලේ.සිටි.මිනිමරැවන්ට.පිරිත්නුල්.ගැටගසමින්.සධාතුක.කරඞුව.ඔලුව...මත.තබමින්.ආශිර්වාද.කරමින්.මෙි.ගෙනගිය.ශාසනික.මෙන්ම.සමාජිය.මහා.අපරාදයට.මෙිදෙගොල්ලන්.වගකිය.යුතුවෙි.බුදුහිමියන්.වදාල.දහමට.පරි.බාහිරව.යමින්.ලියුමි.කවරයේ.පන්දහසේ.කොලයට.ගිජුවෙමින්.දේශපාලන.වෙිදිකාවෙි.අහිංසක.ජනතාව.රැවටු.මෙවන්.පාපතරයින්.ගේ.සොභාවය.යක්කඩුවෙි.හාමුදුරැවන්.එදවස.වනකතා..පොතට.හොදින්.ලියා.තිබුනා.සිත.මහනකර.නොගන.ගත.පමනක්.මහන.කරගත්.මෙවන්.උන්නාන්සේලාගෙන්.සිදු.වු.විනාසය.අති.මහත්.මහානායක.හාමුුදුරැවනේ.තවටිකක්.බුදියගන.සිටින්න.දන්.හැන්ද.වරදින.දවස.වැඩි.ඈතක.නොවෙි....⁣....මෙවන්.භික්ෂු.විනය.පිරිහිමක්.කවදා.සිදුවි.ඇද්ද......බාර්.ගානෙ.දගලන.චිවර.දාරින්.ළමා.අපචාර.නිසා.සිරගතවන.උන්නාන්සේලා.බුදුහිමියනේ.නැවත.වඩින්න"
"Sunil Wimalarathna","https://www.facebook.com/sunil.wimalarathna.567055","ගරු මහානායක ස්වාමීන්වහන්සේලා, මේ සාසනය විනාශ කරන චීවරධාරීන්ට විරුද්ධව පියවර ගත යුතුයි ."
"Ransiri Motor","https://www.facebook.com/people/Ransiri-Motor/pfbid0R9Nr4dtHDJLyuHjGsSqnNfjQXgXPm2n5yEW7rXuzMoj1891EWSYPTXVbY3dLNjeWl","ඔික  ට හරියට මහන  කරමු"
"Sandaya Karunarathnage","https://www.facebook.com/sandaya.karunarathnage","චිවරධාරියා නමම අහන්න තිත්තයි හොර මැරකමි වැඩි නිසා ගරැ ජනාධිපතිතුමාට මඩ  ගහන්න බැ මේකට"
"Herath Herath","https://www.facebook.com/herath.herath.14034","Namlta pokadan teta pakya"
"Muhammad Isthihar","https://www.facebook.com/profile.php?id=100012628864925","මේ හාමුදුරුවෝ විතරයි ලංකාවටම හොඳටම බණ කියන්නේ අපි මුස්ලිම් උනාට මමත් මෙයාගේ බණ අහනවා, සුපිරිය.kagama hamduru"
"Hm Indika","https://www.facebook.com/people/Hm-Indika/pfbid0xXUNT4f7apWZrsiYBZyeTBAbWV99hRKscohexhkwq72KaeHCGE6zoRSuJXDiC1ARl","Warenkopakayaatsanganna"
"Rahul Ace Sale","https://www.facebook.com/people/Rahul-Ace-Sale/61564212467148","Ahgana Jada hora ganya"
"Samith Rajakaruna","https://www.facebook.com/samith.rajakaruna.7","moo mona kalakaniyekada Kata karanna danne Naha"
"Dilum Kadawatha","https://www.facebook.com/dilumkadawatha","උයන්ද කන්නෙ  🤔 දානේ දෙනවද 😃"
"Krishan Chanaka","https://www.facebook.com/chanaka.krishan.39","මේ යකා අහංගම උද්ඝෝෂණ කරා 2019"
"Harischandra Dayarathna","https://www.facebook.com/harischandra.dayarathna.1","තිත්තගල්ල..හාමුදුරුවෝ ..ගාල්ලේ ද...☹️☹️☹️☹️☹️☹️"
"Samantha Samantha Samantha","https://www.facebook.com/people/Samantha-Samantha-Samantha/pfbid0boPyvJHo26EMfdS1GdNLjpnZRZrZW8Uc6JocLm4eStpjuex3x2a2NHDiws8PDjdql","එක පිසෙක්"
"Amanulla Ibrahim","https://www.facebook.com/amanulla.ibrahim.33","තිත්ත ගල්ලගෙ තිත්ත  ඇත්ත තිත්තයි"
"Kumudhu Km","https://www.facebook.com/people/Kumudhu-Km/pfbid01H2gCPE1MwZTMf6vjaaj4prahk2J85yEhkCqvLjsfU7LAHZGRzXTbg3x3L7qukSQl","Anakarenakewasegaputu. Tuopetamatak. NatedKaredamullumaratakaphate. Depan. Anurtapuka"
"Priyantha EM","https://www.facebook.com/priyantha.em.58","Oya ganaya pomegranate apa gahal pannana dututana"
"Chathuranga Silva","https://www.facebook.com/people/Chathuranga-Silva/pfbid02b5gHetipnj3aPoJjsSGy7wTak87hZg5FzJ1xWcpnXr4Gu4PVVEJtweabg1jCFiBFl","ඔකා  බල්ලෙක්"
"Jayakodi Upathissa","https://www.facebook.com/people/Jayakodi-Upathissa/pfbid08HBYHLiwop6ibb3Lw8QvXDq1NxRr8qS9GtmbUt5Ck1kbTAQjAii4Qxx8HKN6U9a7l","මූත් තව එක් සිව්රු හොරෙක් පමණමයි ."
"Ruvan Senewirathna","https://www.facebook.com/ruvan.senewirathna","Siurata niga karanna ma hamuduruwaru"
"Kamal Priyadarshana","https://www.facebook.com/iranga.iranga.1654","මොලේ නැති උන්ව කන්ට්‍රෝල් කරන නිගන්ටයෙක් අනිත් හාමුදුරුවන්ට අගෞරවයක් ගහල එලවන්න ඕනී ඔය චීවරදාරියාව."
"Shyamal Shyamal","https://www.facebook.com/people/Shyamal-Shyamal/pfbid05oa4TbcDAVKW1vhVmL99h42NwVHjM9k7E3qVSz3omMu13b23p2D5KpgtZpAZnABPl","චිත්ත කල්ලේ නඩුවේ බේරුනේ හුත්ත පල්ලෙ,ඇනගෙනද"
"Wimala Lelwala","https://www.facebook.com/wimala.lelwala","SVURU DAGATTA PALIYATA HAMUDURUVO   WENNE NAMATA MEVAGE AYA SASANE NATI KARANAVA RATE INNA HODA SUVAMIN VAHANASELATAT AGARVA KARANAVA"
"Nirosha Rathnayaka","https://www.facebook.com/nirosha.rathnayaka.239329","Chiwaradarinta Dane kala paduwe inna bari kama"
"Sujith Nishantha","https://www.facebook.com/profile.php?id=100006280453629","තිත්ත්ගලේ ගැලී බෞසාරයක්"
"Sunil Wijesundera","https://www.facebook.com/sunil.wijesundera","Ganninnasela?"
"Ranu Saman","https://www.facebook.com/people/Ranu-Saman/pfbid0QZdXuYPifrBCz5VD8YXpufaZHq1c1gR5akEpTMADkautyWjNWiWaDHMpU8CLzeCrl","Sat aka sapa.😂😂😂😂😂😂😂😂😂😂😂"
"Grrk Hemmathagama","https://www.facebook.com/people/Grrk-Hemmathagama/pfbid0fVfeyw5cUrq8MxLrnRAgj2veGjRNZg7NAFUeBUNYT5kthwRSnQRXewyEtJArjEu2l","Hamuduruwane warade dakinna kaworu kalath waradi waradimai.waradi kala relawo nta eniman theyanna yanna apa."
"Chminda Kumars","https://www.facebook.com/people/Chminda-Kumars/61585201613812","Namath thiththagalle nee!!"""
"Kings Kumarasinghe","https://www.facebook.com/kingskumarasinghe.kumarasinghe","නියමයි,,,මම හරිම කැමති,,මෙ වගේ සක්කිලින්ගේ බලු චරිත,,රටට පෙන්නලා,,දෙනවාට,,මෙ වගේ තිරිසන්නු,,බුදධ චිවරේට කරන අගෞවර රටෙ මිනිසුන්ව දැනුවත් කරන්න,ඔනෙ,,හරිද,තිත්තගල්ල,දැන්,,රජයට දැන් තියෙන්නේ,,මෙ කියන දේවල්,,හරිම,,දේවල්,,මෙවා හොයලා බලලා වහාම තිත්තගල්ලව අත්අඩංගුවට ගන්න,,හොරකමි ජඩ කමි බලු කමි,සේරම කරපු,,එකෙක්,,සාසනේ පිරිසිදු කරන්නම ඔනේ,,,"
"Thilak Thilak","https://www.facebook.com/hm.thilasena","Hora ganayo okkoma Ekai"
"Anil Manamperi","","කොටවායේ එකෙකුත් ඉන්නවා මේ වගේ ලෝක හොරෙක් දැන් කැනඩාවේ භාවනා කරවනවලු කැනඩාවේ ඉන්න උන් ගහලා එලවපියවු."
"Tilaka Widana Pathirana","","එ්ක දාන්න"
"Jayasekara Bandara","https://www.facebook.com/people/Jayasekara-Bandara/pfbid023zQBMCu5i7hbmCh78fEvTZ423uUDYGohPGfYy6nuuqcHZaejpte2mXW9V9pSpPkil","Mekaseura wekunana ganayek munta gu gahanna one   mun sasanen alawanna one"
"Sheik Minaj","https://www.facebook.com/profile.php?id=100055588958157","Track"
"Farook Mohamed","https://www.facebook.com/farook.mohamed.7399786","Mawa ahanawata wandaa hodai waha kanawa"
"Madushanka Dinesha","https://www.facebook.com/madushanka.dinesha","එතකොට මේක ගැන් මොකො කියන්නේ"
"Mahesh Ratnayake","https://www.facebook.com/mahesh.ratnayake.2025","මං දන්න කෙනෙකුත් මේ පට්ට හොරා ගාව මහණවුනා. පව්"
"Sanju Sanju","https://www.facebook.com/people/Sanju-Sanju/pfbid02tqrcnBrgRDupJwCL4XMk7HeP81Z9XFoBFRhiC1cXjMXsb4JL97eftMYqMptEHz7vl","Mekata pin bath gilala wedi wela mun wage unta Dane kiyala ussan Yana gonnunta Gahanna oni"
"Keeth Nishantha","https://www.facebook.com/priyanka.hadunneththi","සහොදරයො කෙලියා හොදටම අනේ සෙවල ඩෝබියා"
"Thushara Ponnamperuma","https://www.facebook.com/thushara.ponnamperuma.2025","Ponnya sewura gallola waren puke arrenna"
"Kopul Champika","https://www.facebook.com/people/Kopul-Champika/pfbid0g82wTRQZdMPQqsU8nZGGu5kkAmeFUexBhufLHc1EabwzsNTfLfoJeut9GPtS1HGrl","සදු .සදු සාදු .අයේ නැමොලේ එක්ක.ඉන්න අසා හිතිලාද.කව්ද දන්නේ 🤮🤮🤮🤮🤮මිනිස්සුන්ට පව් පුරවන.සිවර.දාරින්."
"Nimal Jayasekara","","මල්ලී නියමයි ."
"Lakmal De Silva","https://www.facebook.com/profile.php?id=100002919226975","අහ් හරිනේ ඒ File ලග ලගම එනව ඇති ඒකයි මේ 😜😜😜"
"Karunajeewa Karunajeewa","https://www.facebook.com/karunajeewa.karunajeewa.1","Mama ekane kalin kiuwe..mu amu Patta horek..nidan kadala hire hitiya ekeklu...kotinma kiuwoth rajapakshalage guu kewanam u amu Patta horekma tamai...."
"Ganethenne Reb","https://www.facebook.com/ganethenne.reb","මුන් සාසනේ කනව...ඇත්තටම මේ වගේ උන්ගේ පැවිදි උපසම්පදා නැති කරල ඉවත් කරන්න ඕනි"
"Ireshad Ghouse","","අම්මෝ,  බැලින්නං 🤦"
"නිවන් උදෙසා","https://www.facebook.com/people/%E0%B6%B1%E0%B7%92%E0%B7%80%E0%B6%B1%E0%B7%8A-%E0%B6%8B%E0%B6%AF%E0%B7%99%E0%B7%83%E0%B7%8F/pfbid02VHJyBSVsaB2GadPzYgVoPovCf1nDPpssk9pN5os1af2nj79AnJd6Ak6sYHbVQQoUl","තිත්ත ගලටත් නඩු තිබුණා දාහතරක් ඒ නඩු ඔක්කොම මහින්දලා ගාව දන වැටිලා එයාගේ ටොයිලට් හෝදලා තමයි නතර කරගත්තේ එයාට එන්න කියන්න අපි කියලා දෙන්නම් කියලා එයා ගැන"
"Lakshani Rajakaruna","https://www.facebook.com/lakshani.rajakaruna.10","The News Reporter , මුලින්ම කියන්න ඕනෙ ; ඔයාලගෙ ඉන්ට්‍රෝ එක මාරම ලස්සනයි.  හරි, දැන් හැරෙමු තිත්තගල්ලේ ආනන්දසිරි තෙර / චීවරධාරී පැත්තට. මෙතන කමෙන්ට් කරන කවුරු හරි ඉන්නවා ද : දශකයකටත් පෙර තිත්තගල්ලෙ හාමුදුරුවන්ගේ අභිධර්ම පන්තිය නරඹපු ? එදවස උන්වහන්සේ හරිම සරලව , පැහැදිලිව අභිධර්මය උගන්වා තිබෙනවා.  හොඳ දේට හොඳයි කියන්න එපැයි. හැබැයි උන්වහන්සේ නිකායන් හතරක මහන වූ බව එහි කියනවා සහ අවසානයට අමරපුර පිළිබඳ සඳහන් කරනවා. ඇයි එහෙම වුණේ කියන එක අපැහැදිලි ප්‍රශ්නයක් !  ධර්මය අවබෝධ කරවන්න ඕනෙ නම් නාමල් ගැන විතරක් ඇයි අමුතු කැක්කුමක් : හිරේ ඉන්න හැමෝම වෙනුවෙන් ධර්ම මෙහෙවරක් කරන්න පුළුවන් නේ. මෙතනින් අපිට ගන්න තියෙන්නේ මෙච්චරයි : කාගෙ කාගෙත් කිල්ලෝට වල හුණු තියෙනවා ; ජීවිතයට ගන්න දෙයක් තියෙනවා නම් ගන්නවා හැර අන්ධ භක්තිය අවශ්‍ය නෑ."
"Amadoru Priya","https://www.facebook.com/people/Amadoru-Priya/pfbid0vkAEKLgKLtmY45QFAaQACU71qb7z3mr6KJoBpoDP641kJBNzU8mFGPJ9YXRiBN5Wl","තිත්තගල්ලේ විතරක් නෙවි  හොරුඑක්ක ලැගපු ඔක්කෝටම දැන් රෙද්දි රෙවිලා තියෙන්නේ මුන් ඔක්කොම දේශද්‍රෝහියෝ නොදකින් රට විනාශ කරන්න ආපු කාලකන්නි"
"Gym Jayantha","https://www.facebook.com/jim.jayantha","Jayawewa thattayata nemeyi ape sahodarayo dennata"
"M Pemasiri M Pemasiri","https://www.facebook.com/mpemasiri.mpemasiri.90","මේ ආන්ඩුවට විරුද්ද වෙන්නේ අවලම් සක්කිලි හොරෙක් තමයි."
"Jayantha Molligoda","",".                                   Vbbvvvvvvvvvvbbxvvv.vvv.vvvvvvvvvbvvv .v.v  ..vvbbbbv bb bv vbvv bbbvbvbvvbvb  vbvbvv.bbbbbvbvbvvvbviiii8iii8iiiiiiiiiiiiikkkkkkkkkkkkkkkkkkkkkkkkkkkkkkkkkkkkkkkkkkkkkkkkkkkkkkkkkkkkkkkkkkkkkkkkkkkkkkkkkkkkkkkkkkkkkkkkkkkkkkkkkkkkkkkkkkkkkkkkkkkkkkkkkkkkkkkkkkkkkkkkkkkkkkkkkkkkkkkkkkkkkkkkkkkkkkkkkkkkkkkkkkkkkkkkkkkkkkkkkkjjkkkk88iiiii8iiiiii8iii8ii8iii8iiiii8i8iii8iiiiiiiii888iiiiiiii bbvvvbbbbbbbvb.vv.vbbbb.bbbbiiiiiiiiiiiiiooooooooolllllii vb89 Bbbbbo Vvvb"
"Gamini Wijetunga","https://www.facebook.com/profile.php?id=100065493200538","🙏🏿 හොඳට හොයලා බලලා මේ කාසේ සිවුරු දරාගෙන හැංගිලා ඉන්න හොරු ටිකක් ඉන්නවා අපි මහා නායක හාමුදුරුවරුන්ගෙන් ඉල්ලා සිටිනවා අපේ සාසනයේ උන්නතිය වෙනුවෙන් මේ ගැන හොයලා බලලා හොරාට සිවුරු දරාගෙන ඉන්න අය වහාම නෙරපා හරින තීරණයක් ගන්න තිත්තගල්ලේ බැරි නම් පැණිගල්ලේ උනත් කමක් නෑ හාමුදුරුවෝ නොකරනවා නම් සිවුරු ගලවලා එලවපල්ලා නැත්තං වූ මුං සාසනය වනසනවා මේ ධර්මය ටික රැක ගැනීම අපේ යුතුකමක් පව් සිද්ධ වෙන්නෙ නෑ මේ හොරුන් ගැන හොයලා බලලා ශාසනයෙන් නෙරපා හරින්න ලෙස ඉතා ආදරයෙන් ගෞරවයෙන් මහා නායකවරුන්ගෙන් ඉල්ලා සිටිමි"
"Ranjith Kumara","https://www.facebook.com/ranjith.kumara.949320","පන්සල් පාලුවො"
"Almaas Ikram","https://www.facebook.com/almaas.ikr","What හුත්*ගල්ල is this"
"Nilantha Pradeep","https://www.facebook.com/nilantha.pradeep.7370","Uge muuma dekkama penawa"
"Ajith Prashantha","https://www.facebook.com/ajith.prashantha.54","Meka amu gawsyekne"
"Ajith Mihindukulasuriya","https://www.facebook.com/profile.php?id=100052155275732","ඕකට නියම වචනේ කිවේ සන්නස්ගල සර්"
"Nipuni Kaushalya","","හොරු හොරු එකට එකතු වෙනවා නේ"
"Sudath K Kapuge","https://www.facebook.com/sudath.k.kapuge","මූත් එහෙනං රාජපක්ශ පිංගුත්තර නිකායේ එකෙක් නීති පති තුමනි ජනාධිපති තුමනි මේ නිදන් හොරෙක්ලු පරණ නඩුෆයිල් ටික එලියට ගන්න"
"Kasun Lasantha","https://www.facebook.com/kasun.lasantha.472260","Uge hati comment walin penawa 🤣🤣🤣"
"Muditha Asanaka","https://www.facebook.com/daham.metnula","ඉල්ලන කන සින් එකක් තියෙන්නෙ..😃😃😃😄😄😄"
"Jchakma Chakma","https://www.facebook.com/joti.chakma.338","Jeppo kariyonta hondatama ridenawa."
"සුලග සුලග","https://www.facebook.com/people/%E0%B7%83%E0%B7%94%E0%B6%BD%E0%B6%9C-%E0%B7%83%E0%B7%94%E0%B6%BD%E0%B6%9C/pfbid02mrgp1XRv1NuxsepVzH7Ersz49GuKbdgeavS2ACSBu1a3bqN3YhNaFhRMP2nL1cPfl","ඒකනේ තිත්ත කිව්වේ.තිත්ත.හින්දා"
"Chandra Siri Chandra Siri","https://www.facebook.com/chandra.siri.chandra.siri.186742","Kahakadayo thopita pluwan itin boru kiyanna vitarai"
"ඉසුරු දිල්ශාන්","https://www.facebook.com/isuru.ramanayaka.7","මු ගැන අමුතුවෙන් කියන්න දෙයක්නෑ.. මූට ආගමක් නෑ.. මූට ඕනෙ ගොන් වැඩ කරලාහරි ජනප්‍රිය වෙන්න.."
"Palitha Dassanayake","https://www.facebook.com/palith.dassanayake","මේ මොන මීහරකෙක්ද  මූන්ව සාසනෙන් එළවලාදාන්න ඕනේ ,කාළකණ්නියෝ  , සීව්රු අැඳගෙන ගිහියන්ටත් වැඩිය ජරා වැඩ කරගෙන ජිවත් වෙන්න හදනවා , රටේ ජනතාව තෙරුම් ගතයුතුයි ,"
"Samahitha Himi","https://www.facebook.com/people/Samahitha-Himi/pfbid0262tmh6nYzRqqx6xTo2VFM6s4KjTtp9YwoJqvmcKD5cj87hjcTZwVQ25xmbY6gC8Vl","​""න හි වේරේන වේරානි – සම්මන්තීධ කුදාචනං අවේරේන ච සම්මන්ති – ඒස ධම්මෝ සනන්තනෝ"" (වෛරයෙන් කිසිදා වෛරය නොසන්සිඳේ, අවෛරයෙන්ම පමණක් වෛරය සන්සිඳේ. මෙය සදාතනික ධර්මතාවයයි.) — ධම්මපදය (යමක වග්ගය) ​පළිගැනීමෙන්, ක්‍රෝධයෙන් හෝ වෛරී වචන පතුරුවා හැරීමෙන් ප්‍රශ්නයක් විසඳෙන්නේ නෑ,සිදුවන්නේ තව තවත් ගින්නක් ඇවිලීම පමණයි. වරදක් කළ කෙනෙකුට වුවද හිංසාව වෙනුවට ධර්මානුකූල මඟ පෙන්වීමත්, වෛරය වෙනුවට දයාවත් දැක්වීමයි සැබෑ බුද්ධ දර්ශනය.  සුවපත් වේවා!"
"Dissanayaka Dissanayaka","https://www.facebook.com/dissanayaka.dissanayaka.5602728","Me keri ponayo meraten pituwahal karanna ona"
"Sugath","https://www.facebook.com/sugath.892444","Me nam aththatame anduweta Kade yanewa aye ehema neweyi muneta mune sanwadekata  awith owa doda wanna ko palu gewal wela walan bidinne nathiwe"
"Ananda Silva","https://www.facebook.com/ananda.silva.52978","අබුදස්ස කාලේ ලබුත් තිත්තලු"
"සිරිසේන නාමල්ගම","https://www.facebook.com/44e0omyj6w","Menna ekage heti vauniyave bogasveve pare namalgama  mun vedak vadinava ganata vathura denna kiyala podi vedak Grantham parana bemma hadala pitaratavalin pava aadara  aragena ratata pennala koti 30 vithara heuva hamudavata Ellen karala dosar nomile veda keruve thl vitharai gehuve kotiyakvath viyadam giye ne parana veva vate paul 5 kumburu ehala gevath unu ekath nethikarala meke vathuravalin eka vebusalak vedakaranna vathura ne mepalathe duppath  minissutika Vikings oka  duppath paulakagenulamaye  ol pasvelame lamayage photo gedara photo internet dalalaksaganak okage ginimata dagena ru 5000 eeayata dela me peththe baluveda godak kara ova hoyala samaga gathakaranna saksi onatharam thiyanava namalgama evilla ahala balanna veva thibunu nidahas gaththa kiyala Rama minissu kiyanne den mepalathata enna be unta vedakarapu  muge golaenta game kemagaththu sallivath  grove ne oun oun siuru dagena hitiyata mudukku balavath ne oun karana baluveda karana un"
"Sarath Sarath","https://www.facebook.com/people/Sarath-Sarath/61580979804383","මේකා දකින.එකත්.මට.නං.තිත්තයි...මේකගෙ.වැඩවලටම..නමත්.ගැලපෙනව..තිත්ත.තමා..මූනං"
"Chandra Alageson","https://www.facebook.com/people/Chandra-Alageson/pfbid0aGPeNMpaEbHbQs2g4sEh5q5zMpMCiQ9AtaYHJTLp8hdvp1Ew11dNwDMBwkYtGfMTl","Sivuru dhagaththa hora balla"
"Dammika Rodrigo","","රට කන්න සිවුරු පොරවා ගත්තු අමනයො"
"Ajith Priyankara","https://www.facebook.com/people/Ajith-Priyankara/61589610781371","Oya ganayage thaththa oya palathe hitapu Mankolla karayek horek iretta kiyala oya pansale sallith horakam karagena nangi  Giya hamudrwek ekkapenala"
"Sarath Lokuge","https://www.facebook.com/sarath.lokuge.98","ඌයි   තිත්ත   ගල්ල"
"Ruchira Kumara","https://www.facebook.com/people/Ruchira-Kumara/pfbid0LoYDKHTzPsxRwCBiVmKgMvHBW6AeTGkHj9dEtqVeicavZii5vnkr1b3T3m9hozojl","මහා ලොකු චරිත වගේ පෙන්නපු එව්න්..එකයි බයික් එක නවත්තලා කුණුහරුප කිව්වේ.. බලපන් මුන් දවස පුරාම අඩන ඇඩිල්ල...😂😂මුන් නිකන්ම නිකන් පුස් චරිත... සමන්තබඩ්ඩට මීට වඩා කොන්දක් තිව්නා..මුට එහෙමවත් නෑ.. උදේ ඉදන් රෑ වෙනකන් අඩනවා.....😂😂"
"Rathna Deshapriya","https://www.facebook.com/people/Rathna-Deshapriya/pfbid0ARa9rwj9P7LraTXxCoAQjj4tpdUoXjN32sTuBzk9kr3WvqhxYApxzQFQJFFCxa2bl","Tiththa  Galaya   Thota  MAHINDAYA   Kiwuwa   Wage  Dam  Dum    Venna  Oonada.   Tho  AKD  ta  Pat  Danna  Epa    Thoge  Awasane."
"Roshan Dilip","https://www.facebook.com/profile.php?id=100008208555626","ඇත්තටම මේ ලංකාවේ සිංහල හුත්තිගේ හැත්තට කහපාට සිවුරත් දැක්ක ගමන් දණගහගෙන වැඳගෙන තියෙන ටිකත් කන්න බොන්න තියෙන ටිකක් දීගන මුං ඇත්තටම මොකක්ද මේ නටන්නේ නාඩගම පිස්සු හුත්තිය හැත්ත තොපි බඩට කාලාා.ළඟට එන මනුස්සයෙකුට දාන ටිකක් ඉල්ලගෙන එන හාමුදුරු නමකුට දාන ටිකක් දුන්නට කමන් නෑ නෑ. මේක මුකුත් නැහැ මේ හොඳ එකා මොකක්ද නරක එකා මොකාද කියන්ඩ බැරි කාලෙක පාඩුවෙක් නිදහසේ කටයි පුගයි වහගෙනඉඳපල්ලා.තනිකර ඔය ප්‍රසිද්ධියට පත්වෙලා ඉන්න ඔක්කොම හොර හැත්ත නේ"
"Somasiri Manawalga","https://www.facebook.com/people/Somasiri-Manawalga/61550957563456","පිසෝ එක තාලේට රගනව වුන්ගේ වාසිය සදහ හොරැන් මංකෝල්ලු මැරයොන් අල්ලල හිරගේවල් වල හා මරනයට පත්කල යුතුයි"
"Ananda Warnasooriya","https://www.facebook.com/people/Ananda-Warnasooriya/pfbid0NsZTanHCqBkqqUvCbut79bCevsnQHyzxQ6XxEU26NogcAYrFtqUpT184fz6jVgyBl","Oka sahekuta jathaka wechchi ballek rajapakshalage passa lewakana sakkiliyek"
"සිංහල සිංහයා","https://www.facebook.com/people/%E0%B7%83%E0%B7%92%E0%B6%82%E0%B7%84%E0%B6%BD-%E0%B7%83%E0%B7%92%E0%B6%82%E0%B7%84%E0%B6%BA%E0%B7%8F/pfbid024cYo4HiUzwqbtKXaSkg2E8xAN78uZbvkEqfCQvDyjAJREKBdzagdj8gkuF51Tkw7l","රාජපක්ෂලා ගු කන බල්ලෙක් මේ කළු බල්ලා"
"Chandana Shantha","https://www.facebook.com/chandana.shantha.2025","Gon kariya"
"Nobel Nobel","https://www.facebook.com/people/Nobel-Nobel/pfbid032YXST6iuTF5YKy6K8QeqAVbyfrk3xPceoCSSKHGxGz1EqCeYQuCBPUJv1hD2Mi6rl","Venerable Medawachchiye Sanghananda 🤣🤣🤣🤣"
"Chandrathilaka Chandrathilaka","https://www.facebook.com/people/Chandrathilaka-Chandrathilaka/pfbid0NenLMqLUNhFJzrXsm3n9rqcVEFGPAn48uTvz4EwUAoGPjrvednayWLnvuAe7sEvcl","okawayawapan heluwen"
"Presanna Wijewardana","https://www.facebook.com/people/Presanna-Wijewardana/pfbid02MEYf5Em7ioLcrF9zB1jZ8s6ahjjBWN96NZqFutndKq5X5pHQWYdHL1unjekgPv2jl","හමුදාවෙින්...පැනලනමි.සොයා..බලන්නන.අවි.පුහුනුව.තියෙන.නිසා.⁣සිවුරත්.දාගෙන.ගේමි.වලට.බැහැලද.දන්නැ.."
"Charith Madushanka","https://www.facebook.com/charith.madushanka.28415","Mun wage para ballo mu hamuduruwo kenekda paraya"
"Shantha Fernando","https://www.facebook.com/people/Shantha-Fernando/pfbid02oJT8cyK44y8oJmW3M6MiwKEqEKCrdv5MrAWPyeKxBvT8Vk7mfiWbXKHdpNs6T8byl","Niyamai"
"Ravidu Iduranga","https://www.facebook.com/people/Ravidu-Iduranga/pfbid0VwkfQ14hnpsh2nPrKKWky2BywvLbBGtLYCnrfZCge5H7LXkQZdxuDobpaMasch9hl","අනුර රට වෙනුවෙන් මොනවද දැනට කරල තියෙන්නෙ🤭"
"Sasi Ekanayaka","https://www.facebook.com/people/Sasi-Ekanayaka/pfbid02a2xTNyT2mtpQ8sg77dGgZwEXfFttAnh2cLb4YaX1H772k7we6tPBvJLhFFeixQP8l","තිත්තයාගේ ඇත්ත එළියට ආවා 😁😁"
"Rehan Malaka","https://www.facebook.com/lapatiloku","දැන් හරිනේ ඕකටනේ ඔයා දැගලැව්වෙ😂"
"Jnath Prasanna","https://www.facebook.com/people/Jnath-Prasanna/pfbid0UYiinrh2n9b3kPhDtzshfspcP1ysio4cXJZjzGbeJVoB89J2qt6GLdVqmrqp4rqtl","අනිවාර්යයෙන් ❤️❤️❤️❤️❤️❤️"
"Nissanka Nissanka","https://www.facebook.com/nissanka.tilake","Mun gana katha kerala wadak na"
"Sanjeewa Amaranath","https://www.facebook.com/sanjeewa.amaranath.90","ඕව ගණන් ගන්ඩ එපා මචන් ඔවුන් ඔය මහින්ද රාජපක්ෂලයි ගූකාපුං"
"Susil Fonseka","","Tittay  nayaka  hamuduruwanwa  danne  nattan  tattawa  hariyayama  dannawa  ati  🤣🤣🤣🤣🤣🤣"
"Sarath Sarath","https://www.facebook.com/people/Sarath-Sarath/pfbid0aQageKna2MZiCXRiqmQ13qupLmnDwTnZT4JZbBQEJqAyijA6nATHpayPEjadqKgKl","Apoooo balana Kota horekne"
"Mervin Senarath","","තිත්තම ඌ තිත්තගල්ලේ"
"Anura Athapaththu","","Oya penawaneda horakala thiyanahati"
"Sachindra Darshana Pitiduwa","https://www.facebook.com/sachindradarshana.leelananda.1","Tittagalle Thero අඩෝ අඩෝ 🤣"
"Nilan Joes","https://www.facebook.com/nilan.wettasinghe","අනුර කුමාර කිව්වා වගේ මතකයි, ""අල්ලන කොට කෙඳිරි ගාන්න එපා"" කියලා. දැන් අත්සන් ලක්ෂ 50 ගන්නවා.  අපේ රටේ එවුන්ට කොලේකට අත්සන් කරන්න කිව්වොත්....... ""මගේ බෙල්ල කපන්න""........ කියලා තියෙන ලියවිල්ලකට හරි අත්සන් කරයි. එහෙව් එවුන් ඉන්න රටක් මේක.  අත්සන් කරපු එවුන් ගෙන් ඇහුවොත්, අත්සන් කලේ මොකකටද කියලා, උන් දන්නේ නැහැ.... 😂😂😂😂😂😂😂😂😂😂😂 හොඳ වෙලාවට ප්‍රභාකරනුයි, සහරානුයි නැත්තේ.  නැත්නම්, අනුර කුමාර ගෙන් සමාව ඉල්ලුවා වගේ උන් දෙන්නා ගෙනුත් සමාව ඉල්ලනවා අපහාස කලාට සමාවෙන්න කියලා. 😂😂😂😂😂😂😂 හදිසියේම මහ නායක හිමිවරුන් වඩම්මවා පොතක් එළි දැක්වුයේ, මහා නායක හිමිවරුන් තමුන්ගේ පැත්තේ කියලා ලෝකෙට පෙන්වන්න.  ඔයිට හපන් වැඩක් මෙයා කලා ටික කලකට කලින්. භික්ෂු ගිලන් මධ්‍යස්ථානයක් විවෘත කලා නායක හිමිවරුන් වඩම්මවා.  භික්ෂු ගිලන් මධ්‍යස්ථානයක් පවත්වාගෙන ගෙන යනවා කියන්නේ සල්ලි උල්පතක්. මෙයාගේ මැර හයිරම්කාරකම් වලට තියෙන බය නිසා රටේ ප්‍රසිද්ධ ව්‍යාපාරිකයන් අත දිග ඇරලා ආධාර උපකාර කරනවා.   මෙයා මැර ත්‍රාඩකම කරන්නේ චීවරය සහ යෝධයෙක් වගේ මස් ඇඟක් තියෙන නිසා. මෙයා කිරුළපනේ ධම්මවිජය හිමියන්ට කුණු හරුපෙන් බැනලා තර්ජනය කලා උඹව හම්බ වෙන්න එනවා කියලා. හැබැයි මෙයා දන්නේ නැහැ මෙයා තරම් උස මහත නොවුනාට ධම්මවිජය හිමියන් ආත්මාරක්ෂක සටන් පුහුණු කරපු හමුදාවේ හිටපු සෙබළෙක් කියලා. මෙයා ධම්මවිජය හිමියන් බලන්න ගියා නම් සිවුර නැතුව මහ පාරේ දුවනවා."
"Banda Sugath","https://www.facebook.com/banda.sugath.9","තිත්ත ගල්ලයට හොද තිත්ත කුනුහරුප ටිකක් කියන්න හිතාගෙන ඉන්නෙ මම මුහුනට මුන ගැහුන දවසට"
"Priyankara Herath","https://www.facebook.com/people/Priyankara-Herath/pfbid026W5z1ZiSA1gik8jiVCqeqZYwgLwSwbxw8c58zMFLLYjGCAuenMDJgFL38J14ha92l","රාජපක්ෂලා ළගින්ම හිටපු එකෙක්නෙ ආයෙ අහන්න දෙයක් නැ"
"Kawiya Candrsiri","https://www.facebook.com/people/Kawiya-Candrsiri/pfbid02k2KKA8KRn1CMaAeV9fa9Pae7sHsYwR7qLkxJTPRPpaT4S4vHHJSzCSnBr3x2xaj6l","ඔකගෙ නම්බරයක් තියනවනම් මට දපන්කො සිඋර ගලවන්න"
"Tharindu Navarathna","https://www.facebook.com/profile.php?id=1629484234","ඇපල් සාදු පාර්ට් 2"
"Ayantha Sanjaya Dharmadasa","https://www.facebook.com/ayanthasanjaya.dharmadasa","Balagena giyama hama ekama Patta molawal thiyena porawal inna ratakne oi Meka...thamange gedara dewal wisaganna bari Moda haththa thawa ekekge ada kuda hoyanawa. Upades denawa... Hinath yanawa ,🤣🤣🤣🤣🤣🤣"
"Senadheera Wickramasinghe","https://www.facebook.com/senadheera.wickramasinghe.1","සාසනය කෙලෙසන මේ වගේ කහකඩයින්ට කළ වරදවල් සොයා  ජීවිතාන්තය දක්වා මරණ දණ්ඩනයදිය යුතුයි. මුන් ශාසනයෙන් අසනවා මිස ක් සසුන රකින උන් නෙවෙයි."
"Disna Chandani","https://www.facebook.com/disna.chandani","මුල්ම ගරු හාමුදුරුවන් කිරිබත්ගොඩ ඥාණානන්ද හාමුදුරුවන්..."
"Dhammika Wickramaarachchi","https://www.facebook.com/dhammika.sanath","තිත්තගල්ලේ කියන්නෙ තක්කඩි දේසපාලන ගනයෙක්"
"Mahesh Gamage","https://www.facebook.com/wasant11","මුගේ නඩු ටික නැවත විභාග කරන්න ඕනි."
"ML Nanda","https://www.facebook.com/luxman.wijenanda","Me gona danne nehe buduhamuduruwonta aagamak nethi bawa unwajanseta darsanayak thibbe.."
"Ajith Wajira","https://www.facebook.com/people/Ajith-Wajira/pfbid0LAWu7LyHqdUcBYjUq4A3MemzfkvYphLSvhghGVtC6t5Gp2euFv32VtsnDoeEWcH6l","මූ අමු කහකඩයෙක් සිවුරු දවටනයක්මු"
"Dayananda Welagedara","https://www.facebook.com/dayananda.welagedara","තිත්ත ගල්ල නිදන් හොරෙක් අනුන්ට බන බන කියනවා මුන්ට හාමුදුරු කියලා කතා කරන්න එපා තක්කඩි පල් හොරෙක් මු ගහලම එලවන්න ඕන.. අවජාතක පොන්නයා"
"Chaminda Kumara","https://www.facebook.com/chaminda.kumara.181863","Kari ganaya"
"Anura Jayasinghe","https://www.facebook.com/anura.jayasinghe.58","බුදු siura පොරවා ගත් Kalakanne patta para සක්කිලි ගල් මූසල yo"
"Pradeep Galappaththi","https://www.facebook.com/pradeep.galappaththi","පින්බත් ගිලින නරුම සක්කිලි බල්ලා.."
"ලසන්ත ගයාන්","https://www.facebook.com/profile.php?id=100003439730776","අතින් අරන් තියාගන්නව කියන්නෙ ඔකට් තමා තිත්තේ ✌️🤪"
"AK Hettiarachchi","https://www.facebook.com/people/AK-Hettiarachchi/pfbid032d1C1swsCDoTV2tE2WW5KN4axfq8oqKYjFF8gt4P2kgcjv5rG5yAfdrgmhFLu1g1l","Dan harida hamuduruwane puke amaruwa"
"Bandara Osu Pela Tawana","https://www.facebook.com/bandaraosu.pelatawana","මේකා රාජපක්ෂ නිකායෙ"
"Upul Upul","https://www.facebook.com/upul.upul.90281","තිත්ත ගල්ලෙ වල් බූරුව"
"Wijesinghe Wijesinghe","https://www.facebook.com/wijesinghe.wijesinghe.7","නඩු 14 ආයම දාමුද....."
"BA VI YA","https://www.facebook.com/bavindu.methmina","තමංගෙ ගුරුවරයා තමං කියයි. තිතෙයට විතරක් නෙවෙ ඔකට සමන්තබ්ද්‍ර හාමුදුරුවන්ටත් උත්තර දෙන්ඩ බෑ මාත් සීන් එක දන්න නිසා කිඅන්නේ 😂👍"
"Sanka Dilan","https://www.facebook.com/people/Sanka-Dilan/pfbid0e6dgwZ4qdZnLRUG3uMWnDv9TQ5UhEEuZbyveWCcbEa77tqdegtSPbDHQm8kkzi4Cl","හොරු සහ කපටි එකට  එකතුවෙලා දූෂිත දේශපාලුවෝ එක්ක කරපු අපරාද එලිවෙයි කියන බයට තමා හුඟක් අය දැන් නටන්නෙ. මොකද ඔය ඇතුලට යන අයගෙන් එලිය ඉතුරු වෙලා ඉන්න අයගෙ රෙදි ගැලවෙයි කියන භයටයි අඬන්නෙ. අපි රටේ වැදගත් හාමුදුරුවරු දැකල තියෙනවා. ඒත් මෙයාලා සාසනයට රිංගපු හතුරො සහ රස්සාවට සසුන් ගත උන අය..😏"
"Sudesh Ranaweera","https://www.facebook.com/people/Sudesh-Ranaweera/pfbid0GQKCGR1axSoj7UTNaFZrWrP9Tw9nBp78Pcd1kXKzhm7tyheT8Jp1qCfZDNQ2zcUml","අනුර ධාර්මික රජෙකි"
"Dinidu Pumal Fernando","https://www.facebook.com/pumal.fernando","මෙන්න තවත් සිවුර පාවිච්චිකරල රටේ නීතියට උඩින් ඉන්ඩ උත්සහකරන කෙනෙක් මතුවෙලා.😡"
"Samantha Welagedara","https://www.facebook.com/samantha.welagedara.939046","කාලකන්නි වනචාරි කහකඩ"
"Silva S Shanuka","https://www.facebook.com/djsha.nu.3","මේ කාලකන්නි ගනයො උගෙ කුප්ප වැඩ උන්ගේ කාලකන්නි වේශික වැඩ වලට එක එකාගේ පක්ෂ වලට පුපදීගෙන හොරුන් වාර්තා කරන කාලකන්නි වූ ආරක්ෂා කරගෙන හැමිණෙන්න මුන් සිවුරයි ආගමයි ඉස්සරහට දාගෙන කුප්ප වැඩ කරන ශක්තිලි බල්ලෝ බුදුන් වහන්සේ දේශනා කරලා තියෙනවා කවදා හරි කවදාහරි දහම විනාශ කරන්නේ වෙන කවුරුත් නෙමේ සිවුර ඇඳගත්තු ගරෙන් වහන්සේලා කියලා. මේ ඒ වගේ ගරිල්ලා කාලකන්නි හැත්ත මුංගෙ සිවුර ගලවලා මුන්ට කලිසමාසර්ට් එකක් හන්දන්න ඕනේ කොන්නකුත් ටික පුතාලා තියෙනතියෙන කුප්පු වැඩ කාලකන්නී විවේචි පුතාලා කරලා සිවුරටයි ආගමටයි හැංගිලා💩💩💩🐕🐕🤬"
"Nuwan Priyankara","https://www.facebook.com/nuwan.priyankara.923","පල සක්කිලියා 😡"
"Ajith Kumara","https://www.facebook.com/ajith.kumara.916930","කහකඩ බල්ලෙක් ඕකා"
"Wasantha Pathirage","https://www.facebook.com/wasantha.pathirage","අනුරයා කියන්නේ නිකන් පිස්සෙක් කියලා කිව්වානේ අපි ඉස්සර ඉඳන්. 🤌🤌🤌🤌🤌😄"
"Har Chal","https://www.facebook.com/people/Har-Chal/pfbid032eXqwUscMLGWEnsqQNa7JUeLkUJh3WNmB57ocDgir4B62LyJCon5XnZ7cbxHTenYl","තිත්තගල්ලයා ! සංඝ පාතාලයා ! ආර්මි ඩෙසර්ටර් ! නිදන්වස්තු කඩලා සිරගතවුන ක්‍රිමිනල් ! තක්කඩියා . තොපි වැරදි කරලා දුවලා ගිහිල්ලා තට්ටෙ ගාලා සිවුර දගෙන හැංගෙන තක්කඩියා . ගල්කන්දෙ ගල්කපන සිවුරා සුදත්ත හිටියෙ පොලීසියෙ . පොලිස් ලොක්කෙක්ගෙ ෆෝන් එක උස්සලා පොලිසියෙන් පැන්නුවා . මේකා මහණ උනා . පොහොට්ටුවට හේත්තු වෙලා ලොකුහාමුරැවන්ව පන්නලා පංසල අතට ගත්තා . දැන් ඒසීකාමර , V8 වාහන  තියාගෙන පොඩිහාමුදුරැවන්ගෙ පස්ස පල පලා ඉන්නෙ .ජපානෙ ගිහිල්ලා මාට්ටු වෙලා ගහලා එලෙව්වා . මෙිකත් ඒ චරිතයම තමයි ."
"Sujith Somarathna","https://www.facebook.com/people/Sujith-Somarathna/61570969571632","බෞද්ධ සිස්ටාචාරය පසෙකලා ආධර්මිස්ට සිතිවිලි වලින් ලොව් තුරා බුදු පියානන් වහන්සේ ගේ චීවරය වැළඳගෙන ඉන්නේ බහුතරයක් ස්වාමීන් ලා තමන්ගේ සුඛ විවරණය වෙනුවෙන් කියන එක සියලුම දෙනා දැනගත යුතු කාරණයක්...මුන් ඔක්කොම මිනිසුන් මුලා කරලා යටි අරමුනින් සීලය පැත්තකින් තියල හම්බ කරගන්න ආපු එවුන්..අපේ බුදු දහමෙහි තේරුමවත් නොදැන  සල්ලි ජීවිතය කරගෙන ඉන්නා පින් බත් කන එවුන්  උන් වහන්සේ ගේ චීවරය වැළඳගෙන හිටියාට ඔවුන් ගිනි බත් කරන්නේ මේ සොබාදහම තමයි කවදා හරි දවසක"
"Sarath Premathilaka","https://www.facebook.com/people/Sarath-Premathilaka/pfbid0d3UYa4R3k1gUvyXz6DPnHC9oNyW4p3f8qevEWUwK3hUjdATQrVvR4zu8eeUwBD91l","දෙනදානයක්වලදගන හිටුගනයෙ"
"Thissa Malli","https://www.facebook.com/people/Thissa-Malli/pfbid04nvbtmKEdSannxYGELP1gqz5S8QxLkDTaHQJQrjCMrarg3yrC5KSjyDmNHG4XYSBl","මුන්ව චුන් කරන්න එපා 🤣"
"Raja Mt Lavinia","https://www.facebook.com/m.vazeer","ටී ෂර්ට් සම්මාට පිස්සු  කාලා තෙල වැඩිවුණොත් ඔය දේ සිදුවෙනවා"
"Rathna Sagara","https://www.facebook.com/people/Rathna-Sagara/pfbid04Mv3o7qkC3NHFrm4tpQLfL16qrytvcfvaVXTpCiRSWrLuuPhYGKiFVhJREtsWvool","මු.එකයි..රාජපක්ෂ .ලාගෙ  පුක .ලෙව..කන්නෙ..මුන්ට  .ජඩ.වැඩ. කරන්න..උදවු .කරන..නිසා .මුට  හරිනම්..ගහල..එලවන්න  ඔන..කාලකන්නි"
"Gamini Gopallawa","","උඹ නම් එදා ඉඳන්ම සුපිරියක් මල්ලි. එකෙන්ම  උඹත් එක්ක අපි ඉන්නවා. උඹ මේ කරන්නේ රට සහ ජාතිය බේරා ගැනීමක්ම තමයි.  නැත්නම් උඹට රටට වෙලා කට වහගෙන ඉන්න බැරිකමක් නෑ නේ.උඹ දන්නව දැන් ලංකාවට දියුණු වෙන්න පාර කැපිලා තියෙන්නේ කියලා. ඒක ඉදිරියට ගෙනියන එක තමයි උඹගේ අධිෂ්ඨානය.එකෙන්ම respect මල්ලි."
"Dhammika Marasinghe","https://www.facebook.com/dhammika.marasinghe","බලාගෙන ගියාම පරයෙක් නෙ මූ"
"J.A. Bandara","","අමු හොරු සිවුරු දාගෙන මිනිස්සු රවටන එකටනන් මෙලොවදීම පව් පලදෙනවා"
"Chaminda Kumara","https://www.facebook.com/people/Chaminda-Kumara/pfbid0LTmhbNDgXA5Wz26XZAYEJGDHtTheKoD1t7bHRfAstHUq7moAYptNSdmVBFHith9xl","කහකඩයො"
"සේනක දිනික්","","තිත්තගල්ලේගේ ඇටදෙක ගලගොඩ අත්තේට දානෙට උයලා දෙන්න බලකරලා අත්සන් ලක්ෂයක් ගහමුද"
"Upali Amaranayake","https://www.facebook.com/upali.amaranayake.921","සිවුරු හොරු මුන්."
"Nishantha Dissanayake","https://www.facebook.com/nishantha.dissanayake.640858","තෝ හම්බවෙයන්කෝ පාරෙදි තට්ටයා, හොරා පරයා"
"Sumith Rathnayake","https://www.facebook.com/nilum.nissanka","ගෙවල් වල කන්න දෙන්න විදිහක් නැති වුනාම මහණ කරන උන් ඉන්නවනේ මූත් එහෙම එකෙක්"
"Sk Shine","https://www.facebook.com/people/Sk-Shine/pfbid0Ln1XxSu9Q4P3m6zKgZjtNQY5kRo4Csice3LWukrgdTgoZYsQpK2EpiuCEh5MiCnhl","මේ කැරි පොන්න ගනයව ආයෙත් හිරෙ දාන්න ඕනෙ 🤬"
"Monik Darshana","https://www.facebook.com/monik.darshana","Titta  galla  hutta"
"Badulle Kusala Damma","https://www.facebook.com/badulle.kusaladhamma","ඕන්න පැටිකිරිය මුං කොහොමත් කපටි හොර නඩයක් කියන්න දන්නව කලින් ඉඳන්ම"
"Sunil Tillekaratne","https://www.facebook.com/sunil.thilakarathne.186","රාජපක්ෂ ලා ට දිට්ඨ ධම්ම වේදනීය කර්ම විපාක වලට මුහුණ පෑමට සිදු වූ පලමු කාරණය බෞද්ධ භික්ෂූන් වහන්සේ ලා ගෙ සිවුරට මුවාවෙලා කරන්න පුළුවන් දහජරා වැඩ කිසිදු හිරිකිතයක් ලජ්ජාවක් නැතිව කිරීම."
"Tilak Kokawala","https://www.facebook.com/tilak.kokawala","Ayi Haththalame Kariyage Siura Galawanne Naththe"
"Benadik De Mel","https://www.facebook.com/people/Benadik-De-Mel/pfbid0266c8hzStZJQLaQDR7rUagGd4RCvTjCrqAPgns5R8fJCm1c4neyabr4Z3rdHVhGuTl","ඕකා හුත්ත පල්ලේ"
"Sampath Hettiarachchi Kegalle","https://www.facebook.com/sampath.kegalle","අමුම අමු ත්‍රාඩයෙක්"
"Thilak Ranasingha","https://www.facebook.com/thilak.ranasingha.2025","රාජපක්ෂලා එක්ක ඉන්නව කියන්නෙම පට්ටම සක්කිලි.රට උලාකාපු එකලා."
"Dayasisira Hewa Gamage","https://www.facebook.com/dayasisira.hewagamage","සිවුරට නිගාවක්. අලජ්ජි"
"Mervyn De Silva","https://www.facebook.com/mervyn.desilva.16","JVP 1971, 88/89 මොනවද කලේ කියලා බලපං මුලින්. බල්ලෙක් ගන්න කොට ඌගේ pedigree එක ඉල්ලනවා. හාමුදුරුවරු කී නම්‍ අපවත් කෙරුවද කියලා බලපං. ශාසනයටම කෙලින්න හදන්නේ.✋"
"Kmd Dewaka","https://www.facebook.com/people/Kmd-Dewaka/pfbid05VsvSmLimM43qWzJLbt5XsGKoPqvfKGsFC6YzjtGNjxUz9rJwpTVDwNVSWGcf49Dl","මුන්  තමා  මෙි  සාසනේ  නැති  කරන්ඩ  අාපු  කාල කන්නි  රැල  මුන්ට  කිසි  සමාවක්  දෙන්ඩ  එපා  දුටු  තැන  ගහලා  පන්න  ගනිල්ලා කාල කන්නි  කහ කඩ  කාාරයෝ  මට  හමිබ  උනොත්  මඅන්ගේ  අැට  මුං  අැට කරනවා  කාල කන්නි යක්කු  නොදකින්  මුන් දන්කුඩ  කන  පකයලා  එයි තිත්තයා  තෝ  වර මා  එක්ක  විවාදයකට  තොගේ කහ  රෙදි  කැල්ල  බෙල්ලේ  ඔතලා  යවන්නේ  මඅසල  පකයා"
"Swarna Mirihagalla","https://www.facebook.com/swarna.mirihagalla.7","මුන්ගෙ පන්සල් කඩලසිවුරු ගලෝල ගහල පන්නමු"
"Saman De Zoysa","https://www.facebook.com/saman.dezoysa.10","තීත්තගල්ලේ අසුචි කන ඌරු තඩියා කහා රෙදිදට මුවවෙලා"
"Gl Mayura","https://www.facebook.com/gl.mayura.2025","මෙයා සි අයි ඩි ඒකට ගෙනත් ඇතුලට දාන්න"
"Neel Liyanage","https://www.facebook.com/people/Neel-Liyanage/pfbid02LnfTMCtXhQbcqenj4LVeT4WQwP16A9oSnfWnLUarXXaKmgkpXyERmxAFA7GuaB3il","අපි ගොඩනඟන්නේ කුමන සමාජයක්ද?  ශ්‍රී ලංකා සමාජයේ අද පෙනෙන වෛරය, බෙදීම සහ නොඉවසීම එක රැයකින් ඇති වූ දෙයක් නොවේ. දශක ගණනාවක් පුරා ආණ්ඩු, විපක්ෂ, දේශපාලන ව්‍යාපාර සහ සමාජයේ විවිධ කණ්ඩායම් භාවිත කළ වචන සහ ක්‍රියාකාරකම් මේ සංස්කෘතිය හැඩගස්වා ඇත.  බුදු දහමේ මෛත්‍රීය සහ කරුණාව අපට උගන්වන්නේ අප කැමති මිනිසුන්ට පමණක් නොව, අප සමඟ එකඟ නොවන අයට පවා මනුෂ්‍යත්වයෙන් සැලකීමටය.  කෙනෙකු වරදක් කළ විට නීතිය ක්‍රියාත්මක විය යුතුය. නමුත් දඬුවම පමණක් ප්‍රමාණවත් නොවේ. පුනරුත්ථාපනය, නැවත සමාජගත කිරීම සහ වැරදි ඇති කරන සමාජ හා ප්‍රතිපත්තිමය හේතු වෙනස් කිරීමද අවශ්‍යය.  දේශපාලන නායකයන්ගේ වචන සමාජයට විශාල බලපෑමක් කරයි. “සතුරන්ට කිසිදා සමාව නොදෙමු” වැනි දේශපාලන භාෂාව සාමාන්‍යකරණය වූ විට, එය තරුණ පරපුර ඇතුළු සමාජයේ සිතීමටද බලපානු ඇත.  අද අප ඇසිය යුතු ප්‍රශ්නය මෙයයි:  අපි ගොඩනඟන්නේ වෛරය සහ පළිගැනීම මත පදනම් වූ සමාජයක්ද, නැතහොත් යුක්තිය, වගකීම, මෛත්‍රීය සහ කරුණාව මත පදනම් වූ සමාජයක්ද?  වැරැද්ද නිවැරදි කරමු. මිනිසා විනාශ නොකරමු.  මන්ද, මෛත්‍රීය සහ මනුෂ්‍යත්වය සමාජයකින් නැති වූ විට, අවසානයේ විනාශ වන්නේ “සතුරන්” පමණක් නොව — අප සියලු දෙනාමය."
"Abeynayaka Abaya","https://www.facebook.com/people/Abeynayaka-Abaya/pfbid03284ahhfPVjwf9X4WC7CLkVZWeKFRLjWz943tx9NQwEuN3J18vnVEswahawqAecByl","තිත්ත ගල්ල තිත්ත වෙලා කුජීත වෙලා අසූචී නාගෙන ඉවරයි අහෝ සිවුරට කරන නින්දාවක දහමට කරන නින්දාවක මහානායක හිමිවරුන් මර නින්දේ උන් වහන්සේලා රහත් වෙලාද ඇහැරිල බලන්න ඔබ වහන්සේලා මෙයාලා මේ සිවුරු අවභාවිතා කරලා බුදුන්ට ධරමයට කරන අවනම්බුව අපහාසය මේ විදියට සිවුරු පොරවන් අසීලාචාරව  බුද්දාගමට කරන විනාසය බෞද්ධ අපට බලන් හිටිය ඇති වෙලා කරුනා කරලා මෙයාලා සසුනෙන් නෙරපල ධරම සන්ගායනා තියල හරි මේ සාසනය පිරිසිදු කරන්න"
"Hashan Pathirage","https://www.facebook.com/hashan.pathirage.5","මේ කහකඩයන්ට හාමුදුරුවෝ කියන්න එපා....🤔🤔🤔"
"Hash Nuwan","","ඊලග එක ගෑනු රවට්ටල සල්ලි අරගෙන මහනකරවල සල්ලි ගරපු එවත් එලියට එයි වගේ"
"Rohana Nishantha","https://www.facebook.com/rohana.nishantha.326817","වනචාරී එකෙක් 💩"
"Dileep Chandimal Jayasooriya","https://www.facebook.com/chandimal.dileep","ගොබ්බ පකයො"
"Kalu Bowila","https://www.facebook.com/kalu.bowila.1","බඩු බනිස් නේද තිත්තගල්ලේ..... උඹලා ඒකම රැනේ කුරුල්ලෝ බන්..... උඹ නොදන්නවට...... ලෝකෙම උන් උඹගෙනත් දන්නවා යකෝ.... එනවා ධර්මය ගැන කියන්න..... දැන් හරිනේ..... අහගත්තානේ........"
"Kamal Jayakodi","https://www.facebook.com/people/Kamal-Jayakodi/pfbid0eGnmYQFsy8pToT5L4ErMZMx8x7dtrunRhJzMRpXeEuUGNtGwq6pkxFfcFNCeUoiXl","මුං කහ සිවුරු දාගෙන රාජපක්ෂලාගේ වලං හොදන තක්කඩි."
"Viraj Nilantha","https://www.facebook.com/people/Viraj-Nilantha/100005527576179","මෙයා ගාල්ල දිස්ත්‍රික්කයේ තියෙන සිංහරාජ ආරණ්‍යයේ සිවුර දාගෙන ඉදලා පස්සෙ එතනින් පන්නපු එකෙක්"
"Wikee Wikee","https://www.facebook.com/people/Wikee-Wikee/pfbid02ftvoV7aYdQjuDo3xSUX5jpXNAa5KczvaaWUnEXGdA1oYzjLPgZcWYcgqh6mrVB11l","Yako.. Oya.. Siura. Dala. Pala. Agama. Dahama. Vinasa. Nokara"
"Thilak Gamage","https://www.facebook.com/profile.php?id=100075534853077","මූට එල්ලල ගහපල්ල තට්ටෙඅසූචි ගාපල්ල මුය් හොරෙක් තක්කඩියෙක්"
"Udaya Shantha","https://www.facebook.com/USA.7758","තිත්ත මොන්ගල්ලේ රනල් රාජපක්ෂලාගේ අසූචිවලට වහවැටුන බත් බැලයෙක්. උන් හොයන්නේ ලේ රහ"
"Gr Nugegoda","https://www.facebook.com/Gaminivirakkodi","අනේබන් මේ වගේ අපතයන් එක්ක සාකච්චා කරන්න දෙන්න වෙලාවක් ජනාධිපති තුමාට නෑ. ගෝත කහකඩයෝ."
"Senaka J. Amiyangoda","https://www.facebook.com/people/Senaka-J-Amiyangoda/pfbid02iNDFj1nrenQN8zmHefEjwXZNU2eBniJ6yyLzZmxjZxeKgh4e1tS6Bf2S8sA41UYPl","මම ඔය කිසිදෙයක් දන්නැතුව කිව්වා පාදඩයෙක් රකින්න ඉදිරියට එන්නෙත් පාදඩයෙක් කියලා"
"Hemantha Migel Hewage","https://www.facebook.com/people/Hemantha-Migel-Hewage/pfbid02yuQwCCDyiTnUYZFmPiJeZTPusF865AbyGtrUAsyzcHAA7skjjH1BpK2nVGczxUPfl","අනුර දිසානායකලට අභියෝග කරන්නෙ පට්ට හොරුම තමයි"
"Harsha Muthumaledaniya","https://www.facebook.com/harsha.muthumaledaniya.1","තිත්තගල්ල මහත්තයා,නිදන් හොරා කන කහකඩ හිඟන්නා,ජනතාවගෙන් ගුටිකනන දවස වැඩි ඈතක නෙමෙයි වගේ."
"Silvia Dada","https://www.facebook.com/people/Silvia-Dada/pfbid02sTNM64Ft3tt9VPp8ad745ZVRPtVmRTdmEmcvBfsAfimjgpWYAoBk25Yw9B4KGYwLl","me.ganaya.patta.hora.dutu.tana.mecata.hu.ciyala.elavanna.ona.namolege.asuci.cana.saccila"
"Deen Omer","https://www.facebook.com/deen.omer.2025","[Image Attachment]"
"Ajith Kumara","https://www.facebook.com/people/Ajith-Kumara/61553968673231","සාටක හොරෙක් හොර ගනයා බල්ලා 👹👹👹👹"
"Asiri Kumara","https://www.facebook.com/asiri.kumara.5832","ගහල එලවන්ට ඔනි පරයා මුන් ආගමත් කනවා සිවුරක් දාගෙන අනුර සහෝදරයා හොද හින්ද හොදයි"
"Upul Peduruheva","https://www.facebook.com/people/Upul-Peduruheva/pfbid02aeERTfsLUoo58mQ71F3cp8i97PqeQzErudsEBZtBr7KpnyLv3Pyu2CaUMdnwkByCl","තිත්තයා අවජාතක බල්ලා"
"Tharanga RA","https://www.facebook.com/people/Tharanga-RA/pfbid0Gpn41p56uqZ1X9HjH9s1xzdPxTGo6McBqApnnBpwPd5hDKKevQr21MUqvKZEQq1Xl","තිත්ත ගල්ලම තමයි මූටම ගැලපෙන නම බුදුදහම විනාශ කරන පරයො"
"Pat Wasantha Kumara","https://www.facebook.com/patwasantha.kumara","[Sticker]"
"Harsha Bopitiya","https://www.facebook.com/harsha.bopitiya.3","👍"
"Vinitha Madawanarachchi","https://www.facebook.com/people/Vinitha-Madawanarachchi/pfbid02KkV34rhY4eTfPSwt5kXC7myVaBQQ1TR7fhmB8DFMFPBUAFrzeRnnPggzYfbzvNEl","❤️"
"Aroshan Silva","https://www.facebook.com/aroshan.silva.71","👍👍👍"
"Keerthi Wijesinhe","https://www.facebook.com/keerthi.wijesinhe","[Sticker]"
"Sisira Dissanayake","https://www.facebook.com/sisira.dissanayake.904","බලන්යද්දී වචනයේ පරිසමාප්ත අර්ථයෙන්ම මේ සිවුරු රදවනේ වේසිගෙපුතෙක්"
"Anuradha Jayawickrama","https://www.facebook.com/anuradhajayawicrama.jayawicrama","👍"
"Chandraweera NV","https://www.facebook.com/chandraweera.nv","😄😄"
"Kumara Ravi","https://www.facebook.com/kumara.ravi.148","👍👍👍👍👍💯"
"Lalith Samaraweera","https://www.facebook.com/lalith.samaraweera.952709","[Image Attachment]"
"Don Rathnayake","https://www.facebook.com/people/Don-Rathnayake/pfbid02nBoKSE9aK4Xxk4dspryae5e3QA31t8m5A33jHGJBy8a4JHL5brQKXboHQJ6t3Fcel","🤣🤣🤣😅😅😅😂😂😂"
"Kalum Sanjeewa","https://www.facebook.com/kalum.sanjeewa.24","[Image Attachment]"
"Fowzul Ameer","https://www.facebook.com/fowsulameer.fowsulameer.7","[Sticker]"
"Priyalal Ranawaka","https://www.facebook.com/priyalal.ranawaka","[Sticker]"
"Sithum Perera","https://www.facebook.com/people/Sithum-Perera/pfbid02ZMe9a1kAZcb1TvYJDw3brf4QEcLrAAU8S1LNKTw5itR8Zn2HjhVskL7Na7rxzSjRl","මූ පාහරයෙක් කියල මූණ දැක්කම කියන්න පුළුවන්"
"Buddika Nanayakkara","https://www.facebook.com/buddikanana","[Image Attachment]"
"Upul Feranando","https://www.facebook.com/upul.feranando.3","[Image Attachment]"
"Pradeep Kumara","https://www.facebook.com/pradeep.kumara.32367","👍👍"
"Sumanarathna Sangakkara","https://www.facebook.com/sumanarathna.sangakkara.3","[Image Attachment]"
"Nilangani Swarnalatha","https://www.facebook.com/nilangani.nilangani.946","[Sticker]"
"Upali Bandula Senevirathna","https://www.facebook.com/upali.bandula.3","[Sticker]"
"Ajith Priyantha","https://www.facebook.com/ajith.priyantha.836490","[Image Attachment]"
"Shantha Fernando","","😲😲😡😡😡"
"Kumara Perera","https://www.facebook.com/kumara.perera.35175633","[Sticker]"
"Janaka Silva","https://www.facebook.com/janaka.silva.79","[Image Attachment]"
"Ruwan Wijerathne","https://www.facebook.com/ruwan.wijerathne.33","👍👍👍🤣"
"Baji Pereraa","https://www.facebook.com/people/Baji-Pereraa/pfbid0HLhbU7EFShiW3xCvTBiwghiYYkf54RAyVLcv6TzGra15MFEgFx85Z6grP3kBYNALl","[Sticker]"
"Saman Athukorala","","[Image Attachment]"
"Sisira Kumara","https://www.facebook.com/sisira.kumara.94489","[Image Attachment]"
"Anurada Prasad","https://www.facebook.com/anurada.prasad.264603","[Sticker]"
"Janaka Puspa Kumara","https://www.facebook.com/janaka.puspa.kumara.700290","😮👍👍👍"
"Kristi Gunarathna","https://www.facebook.com/people/Kristi-Gunarathna/pfbid02sJ5wYq7398neEsjH4iFf8UR1X2ooRh5NMXZ4ymCYN2FGLms4B9k3i46kwVLi7fr2l","[Sticker]"
"Nawarathne Alvis","https://www.facebook.com/people/Nawarathne-Alvis/pfbid0iRbdC3oqBgag833GVUSF3KswZ3gTZ3TUoJrgyCd1rAKZLZDpoZ7NWqaaBhk1uPLLl","ජනාඩිපති.තුමනි.මෙිකව ජිවිතතාක්ම.හිරේ.දාන්ත"
"Abe Manika Manika","https://www.facebook.com/abemanika.manika","[Sticker]"
"Sanjeewa Lalith Kumara","https://www.facebook.com/sanjeewa.lalithkumara.9","[Sticker]"
"Upali Weerasinghe","https://www.facebook.com/people/Upali-Weerasinghe/pfbid02qvuf1tvS53f3BnfhC3zrRSrFNWNM71RhkdXoFWLecLqVjw86dGmhFrkvg931vFbGl","[Image Attachment]"
"Kushan Merinnage","","Uluwaduge Leelasena Pathum Madhusanka"
"Uluwaduge Leelasena","https://www.facebook.com/uluwaduge.leelasena.2025","Kushan Merinnage ​""What is the happiness you expect by throwing these at me? I like Gotabaya and Mahinda because they are heroes who saved the country, but I don't like their corrupt acts. Don't take this as a joke; as grateful people, we also liked Sarath Fonseka, whom the Rajapaksas brought in, but took him back twelve days before he left because he was a military strategist. Please, let's remain silent."""
"Kushan Merinnage","","Uluwaduge Leelasena how about the relationship with Archunaa with them now"
"Uluwaduge Leelasena","https://www.facebook.com/uluwaduge.leelasena.2025","Kushan Merinnage yes yes I can understand"
"Susantha Wijesinghe","https://www.facebook.com/people/Susantha-Wijesinghe/pfbid0dA8vvRTJNWZdvjoNEHx7NM7hxbK4tmkP28C7K5Uzi9kUWQXVu17RZcX4YyFhBvyXl","[Sticker]"
"Mahendren Raja","https://www.facebook.com/people/Mahendren-Raja/pfbid0NjhQ2BwRzN6uQavTRjBLe4N2eLXNyW2YjoVZ3VaacZ9x2dgfExQ7bbJ6XQMHeiLol","100%"
"Indika Nishanthi","https://www.facebook.com/people/Indika-Nishanthi/pfbid02XpCT42ckEF6cfxRmKJgK5U8xYeLd47Rp4wo4u28qL3pK3SpYFtABvNXT9e7GGMpfl","👍"
"Janaka Janaka","https://www.facebook.com/people/Janaka-Janaka/pfbid0mtetNPv29p43GKCAebg7pcaA8PpJCyGP3dJBRWp9BrErF1Qm9nuRFFRKJcF6ePeRl","👏👏👏👏👏👏👏👏👍👍👍👍👍👍👍👍👍👍"
"S.K. Yapa","https://www.facebook.com/s.k.yapa.2025","[Sticker]"
"Ajith Priyadarshana","https://www.facebook.com/people/Ajith-Priyadarshana/pfbid06x5ab2ExYBudhVG9ouope394tGkQJmYcPyUmUR6M6h5iNHrDF2C7bJr3pCkA4nVAl","[Sticker]"
"Priyanthi Lorage","https://www.facebook.com/priyanthi.lorage","[Sticker]"
"Bsk Bsk","https://www.facebook.com/people/Bsk-Bsk/pfbid02wm2Gk7waTr3m8zPtGCM7hW5ZaPr3KRbLKna7uhwjeYm1erBJytaAQoZAEVSfmtFkl","👍👍👍👍👍"
"Al Adam","https://www.facebook.com/al.adam.259672","🤦🤦🤦🤦😂🤣😂🤣😂🤣😂🤣😂😅😅😅😅😂🤣😂🤣😂🤣"
"Nisala Vila","https://www.facebook.com/people/Nisala-Vila/pfbid035ZGANbwQgVEoVqQRfgGEcN2WNtVQf7dduy1T15CW1q5pqSBjtD6fwAFab8gdzzYjl","🤣😜"
"Nimal Rathnasiri","https://www.facebook.com/nimal.rathnasiri.687554","[Image Attachment]"
"Kethmi Kulathunga","https://www.facebook.com/people/Kethmi-Kulathunga/pfbid02wNxpHemJcQkbhyd7pCa4yxKsYWjXPcyGzLkmRCRR2dJ1qyXrxBk8XiLNN9dVdXH3l","[Image Attachment]"
"Tilanka","https://www.facebook.com/tilanka.690644","💯"
"Nuwan Nirusha Kariyapperuma","https://www.facebook.com/nuwannirusha.kariyapperuma","😝😝😝😝😝😝😝"
"Kapuge Disanayaka","https://www.facebook.com/kapuge.disanayaka.2025","👍👍👍"
"Anoma Rathnaweera","https://www.facebook.com/anoma.rathnaweera.9","🙏"
"Jayadewa Prabhath","https://www.facebook.com/prabath.jayadewa","Supun Ajcs"
"Rajapaksha Thushara","https://www.facebook.com/rajapaksha.thushara","[Sticker]"
"Ems Ems","https://www.facebook.com/ems.ems.567930","[Image Attachment]"
"Lashan Rangana","https://www.facebook.com/lashan.rangana","Sumudu Thilanka 🤣🤣🤣 Dinesh Pathiranage @"
"Keshari Swarnawanshi","https://www.facebook.com/keshari.swarnawanshi","[Sticker]"
"Sanath Edirisinghe","https://www.facebook.com/gasa.edirisinghe","👍🙏❤️🌹"
"Niluka Niluka","https://www.facebook.com/niluka.niluka.459735","😜😜😜😜"
"Gold Sky","https://www.facebook.com/people/Gold-Sky/61574706038667","[Image Attachment]"
"Rohitha Kodikara","https://www.facebook.com/rohitha.kodikara","[Image Attachment]"
"Jayatissaen Endiriyanwaladewahge","https://www.facebook.com/jayatissaen.endiriyanwaladewahge","කොහොමත්,ර්‍ර්ජපස්සලට,කත්,අදිනඑකා,මොකාද,ඌ,අදීන,පල්හොරෙක්,දූශිත,එකෙක්,කියන,එකනම්,ඉතින්,??,!!!!!!ආයෙ,ලොවෙත්,නැති,ඇත්ත!!!තුහ්,සාටක,නරිය,,බලන්න,ඕනි,,නෑමොලයල,යට,ගහපු,මුගෙ,නඩු,14,, මොනවද,කියල!!! ,,,ඔන්න,තවත්,නඩුවක්!!!!!!!,මූත්,ඇතුලට,ගන්න!!!!!"
"Priyantha Mendis","https://www.facebook.com/priyantha.mendis.315","[Sticker]"
"Mohammed Zahran","https://www.facebook.com/mohammed.zahran.94","[Sticker]"
"Faizal Ali","https://www.facebook.com/muhammath.faizal","#foryoupageシ #follower"
"Seelarathna Thennakoon","https://www.facebook.com/seelarathna.thennakoon","😝"
"Thilak Priyantha","","බුදු දහමට අගවුරව කරන්න එපා, බලු වැඩ කරනවනම් සිවුර ගලවලා ගෙදර පලයං"
"Lakshman Jayarathne","https://www.facebook.com/lakshman.jayarathne.92","[Image Attachment]"
"Sumudu Range","","https://www.facebook.com/share/v/19zLsiXesP/?mibextid=wwXIfr"
"Malani Piyarathne","https://www.facebook.com/mali.piyarathne","[Sticker]"
"Mehera Carrim","https://www.facebook.com/mehera.carrim.37","🔥🔥🔥🔥🔥🔥🔥🔥"
"Nadeeshani ","https://www.facebook.com/nadeeshani.719282","https://www.facebook.com/share/1KZ6ziWTdH/"
"Gamini Warnakulasuriya","https://www.facebook.com/gamini.warnakulasuriya.31","[Image Attachment]"
"Ajith Liyanage","https://www.facebook.com/liyanage.kumara.1656","[Sticker]"
"Gandhi Gamini Ferdinando","https://www.facebook.com/gandigamini","[Sticker]"
"Wasantha Hannadiga","https://www.facebook.com/wasantha.hannadiga.2025","👍"
"Darshana Thilak","https://www.facebook.com/darshana.thilak","[Image Attachment]"
"Prasad Hettiarachi","https://www.facebook.com/prasad.hettiarachi.2025","👍👍👍👍😭😭😭😭😭"
"Upalï Ananda","https://www.facebook.com/people/Upal%C3%AF-Ananda/pfbid02BaBwuMDWFmp7jxx2NpfAbx9LdTFUibnGM7rn5EHZ5ryzChhC2Y17X85h7dqC4nfzl","[Sticker]"
"Nirantha Bandara","https://www.facebook.com/people/Nirantha-Bandara/pfbid02TiLbJcocEsAL4RJ6rZa6AMVgQcH9ZGTaM1cattzdzWMqyvHN7CR9AeEgQXPuJucpl","[Image Attachment]"
"Muhamodh Remzy","https://www.facebook.com/mrm.rimzi","Nalinda Weeramuni"
"Amarasiri Vidanapathirana","https://www.facebook.com/amarasiri.vidanapathirana","Muu  wage ekek ekka  mona  wiwadada  ugath  a  k  d  wage nayakayek"
"Harshani Disanayaka","","[Image Attachment]"
"Ananda Maddumage","https://www.facebook.com/ananda.maddumage.92","[Image Attachment]"
"Is Thushan Senanayake","https://www.facebook.com/lahiru.nimesh.7549","❤️❤️👍👍"
"Harsaha Rox","https://www.facebook.com/harsaha.rox","💯"
"Amisha Dewmini","https://www.facebook.com/people/Amisha-Dewmini/pfbid022uc2Efvfu2VfuxspMEddTvSiPBBmGVLfnTtLetVPrEmy1CPXJ2SdYpjRN2XviTbCl","https://www.facebook.com/share/v/1CSjWwA91y/"
"Siraj Siraj","https://www.facebook.com/selveraj.siraj","[Image Attachment]"
"Kaveesha Gallage","https://www.facebook.com/edex.gampaha","[Image Attachment]"
"Wasantha Pradeep","https://www.facebook.com/wasantha.pradeep.71216","[Image Attachment]"
"Sivananthan Rajah","https://www.facebook.com/people/Sivananthan-Rajah/61553431253646","[Sticker]"
"Pradiyaa Bro","https://www.facebook.com/pradeep.manathunga.450008","😜"
"Marius Fernando","","[Image Attachment]"
"Siva Sivajji Siva","https://www.facebook.com/sivasivajji.siva","[Image Attachment]"
"Gihani Asansa","https://www.facebook.com/people/Gihani-Asansa/pfbid02fcSKFGyUc9rKaSfeyvptwWR7E4Pf1mUkyZW5V8pVboJUATRHhQJ3DxaUjFpE5AzCl","https://youtu.be/5KVrPWcucok?si=Q7gI-lGgWeuoQ-Bo"
"3Zero Network - Religious","https://www.facebook.com/people/3Zero-Network-Religious/100069433686175","[Image Attachment]"
"අජිත් කපුගේ","https://www.facebook.com/people/%E0%B6%85%E0%B6%A2%E0%B7%92%E0%B6%AD%E0%B7%8A-%E0%B6%9A%E0%B6%B4%E0%B7%94%E0%B6%9C%E0%B7%9A/pfbid0Tb2G8G8sUJRh1PLZtvrvg3SS9hNQpoVoAg7c6PmRKPKnKLVozxmdDaK3kngC9XmUl","මුන් අමු සක්කිලියා  හොරා  එකනෙ හොරු ලගට ගු කන්ඩ යන්නෙ  මුගෙත් සිවුර ගලවන්න ඕනි  ගනයා"
"Ranjani Wijewicrama","https://www.facebook.com/ranjani.wijewicrama","[Image Attachment]"
"Ranjani Wijewicrama","https://www.facebook.com/ranjani.wijewicrama","තිත්ත t  ."
"Buddika Kumara","https://www.facebook.com/people/Buddika-Kumara/pfbid02Q1CFBMybMQzeAyx6WQi7SfaAxAXk8mWiFsasinZGKZXTTEP5f1EB7PB5UdbWum3kl","[Image Attachment]"
"Sameera Senarath","https://www.facebook.com/people/Sameera-Senarath/pfbid02im33ruFZ176Wr1x5F8SJ6w7tXgMXrVHsoBuQ7eU3QyFjdiXMiqMGUgapoUatqZAQl","https://youtu.be/7zAyH5AO5iY?si=ldRVg_-q_8hqCipx"
"Jems Bl","https://www.facebook.com/people/Jems-Bl/pfbid0TXxuQb1BUULicQXu9aKx265LUjrmkE3edPC5bQgN6kQUTFebC4h8YmFWLkZNtG3yl","[Image Attachment]"
"Any Mar","https://www.facebook.com/people/Any-Mar/pfbid02hatYRfwHY5UzqTym1xc45inkvurG8g9JvLZMkNr2PdprQd7k3T6Zz8uYHdkKBp43l","❤️‍🩹"
"Shantha Amarasingha","https://www.facebook.com/shantha.silva.547727","[Image Attachment]"
"Sameena Vox","https://www.facebook.com/people/Sameena-Vox/pfbid0k4wPpDLBVNXRV22vHC4VMBgvddTt7cVk9szmHeVEVtyPTsF819XDwu1sc22mUqoTl","https://www.facebook.com/share/1H4M3dz44C/"
"Ruwan Pathirana","https://www.facebook.com/profile.php?id=100006679667801","https://www.facebook.com/share/v/1BNzmUvGcs/"
"Coffee BlackCoffee","https://www.facebook.com/ORENTEL1","😁😁😁"
"Sampath Kuruwita","https://www.facebook.com/people/Sampath-Kuruwita/pfbid028brbqYF9HjRcegXQv7XvPhwk734GdaKSb7UqxuDmhsQsNLWNxKzguuXRn7zqKhKZl","[Image Attachment]"
"Amila Prasad Rajapakse","https://www.facebook.com/amila.1972","[Image Attachment]"
"Anu Suro","https://www.facebook.com/anusha.samarakoon.9","මෙ තිතිතැයැ ඡනාදිපති කියන්නෙ රටෙ බහුතරය කින් ආපු උතුමෙක් උබ වගෙ සිවුරැ හොරෙක් එක්ක කතාවට හු හුහුහුහු 🤣🤣"
"Nirosh Daya","https://www.facebook.com/people/Nirosh-Daya/pfbid02byt1CXqzi3guWYXZyuyFvqRHsCUXt3ZeodtHV8hJvvezq5AEjNVzPn9bntJmyE2Vl","මේ ක*** ගණයගෙ මූනෙන්ම පේනවා ක*** හොරෙක් කියලා"
"Thiyunuwan Sandeepana","https://www.facebook.com/thiyunuwan.sandeepana.2025","ජනාදිපතිතුමා කවුද හුත්තො තෝ එක්කකතා කරන්න 😂"
"Janaka Kumara","https://www.facebook.com/people/Janaka-Kumara/pfbid0szGytdkGDKNuyHU3t48XaioNfGvSyYCCDq5Zi8vJTEYGMJbigQUhXJA2bMKWJADtl","මොන් ගොන් හුත්තෙකද මූ වෙනත් ගොනෙක් ගැන කතාකරපල්ල"
"Thilak Vithanage","https://www.facebook.com/thilak.vithanage.1","[Sticker]"
"Ranjan Hewathudella","https://www.facebook.com/ranjan.hewathudella","[Image Attachment]"
"Kelum Tharanga Madawa Kandage","https://www.facebook.com/kelum.tharanga.madawa.kandage.2025","මුගේ ගුරා සමන්ත බඩ්ඩනේ..😀"
"Dominic wijesiri","https://www.facebook.com/people/Dominic-wijesiri/61591706523993","ඕකා ගොන් කැරියෙක්"
"Hussain Mohammed","https://www.facebook.com/hussain.mohammed.104063","පින්බත්  කාලා   මඤ්ඤං  වෙලා😭😭😭"
"Sarath Wickramarathne","https://www.facebook.com/sarath.wickramarathne.547","තක්කඩියන්ට   එකතු  වෙන්නෙ....තක්කඩියො  මයි....එකම  වර්ගයේ  කුරුල්ලො..."
"Suniaberathna Desanayakamudeyansalaga","https://www.facebook.com/suniaberathna.desanayakamudeyansalaga","තිත්තගල්ලයෝ. අහගනින්.. තොගේ. ධාර්මිස්ට. කම. පකයා.. නිධන්. හොරා.."
"Sumanasiri Thiththagalla Gamage","https://www.facebook.com/people/Sumanasiri-Thiththagalla-Gamage/pfbid02Gx6PCAjqgEYJzAxyMjvW74nef2ZnCFV5i6zzFM7sAEknWWGASUwRpq9dxC6agndpl","වහපං කට නිරාගමික සත්තු"
"Chandika Gallage","https://www.facebook.com/chandika.gallage","තිත්තයා බෞද්ධයෙක්ද?. බත් මුට්ටි දෙකක් විතර රෑට ගිලලා උදේට ගෝල්ෆේස් ගිහින් උඩ පනිනවා 😅🤣"
"Herbert Croos","https://www.facebook.com/herbert.croos","මුන් ඔක්කොම රාජපක්ෂ නිකායේ ?. නිදං හාරලා / හොරා කාලා නඩුවලින්  නිදොස්කොට නිදහස් කලාම කෙලගුන සලකන්න එපාය ? වැදැගත් හාමුදුරුවන්ගෙ නමත් විකුනන කහකඩයෝ ?එකෙක් අතුලට ගියා ?  පිස්සු බල්ලෝ බැදැ දා යුතුමය්  ?  අනුර === අනාගතය / නුබය් / රටේ !!!"
"Kingsley Peiris","https://www.facebook.com/kingsley.peiris.3","තිත්තගල්ලෙ තෝව දකිනකොටත් තිත්තයි. 1/4කණ්නියා."
"Sumedha Meheni","https://www.facebook.com/people/Sumedha-Meheni/pfbid0tvmjumMoU7xs2mz2HvbPJLmtXz8wSJ8BgAshRL1BDrgtxbmjmfHuhakbUHbiy87ul","විශේෂයෙන්ම ආර්‍යන් වහන්සේ කෙනෙකුට උපවාද කරල මේ මිනිස්සුන්ගෙ ඊළඟ උපත ගැන නම් තියෙන්නෙ මහා අනුකම්පාවක්.."
"Lahiru Seram","https://www.facebook.com/seram.lahiru","ඔය සිවුරු දාගත්ත හැම බල්ලම නටන්නේ මොකක් හරි වාසියකට මිසක සාසනේට වට රටට වත් ඇති කැක්කුමකට නෙමේ."
"Jayantha Halpe Gamage","https://www.facebook.com/jayantha.halpegamage.1","Nodokin kalakanne රනිල් සජිත් රාජපක්ෂ කහ කඩ පරයා nodokin පරයා"
"රාධා රාධා","https://www.facebook.com/people/%E0%B6%BB%E0%B7%8F%E0%B6%B0%E0%B7%8F-%E0%B6%BB%E0%B7%8F%E0%B6%B0%E0%B7%8F/pfbid0Y1tGUwGnzeX8w1h4PETczw8pFFat2PkscyWnQq73tDoDZKL23pTaVu477ADLSBTtl","Google Ham Durga han Madhur"
"Mallawarachchige Upali","https://www.facebook.com/people/Mallawarachchige-Upali/pfbid0A6u1QHfgdaq2DPmoWKXMs9WHywBfbbw1g3qxj4r5KHxLHQ5rmkBL2Mev8byrPsXAl","රාජපක්ෂල බන අහල තියෙන්නෙ රාජපක්ෂල වගේම පට්ට හොරුන්ගෙන්. කරන්න දෙයක්නෑ තේරුමක් දන්නෙත්නෑනෙ සාදු සාදූ කියමු. හොදටත් සාදු කියනව නරකටත් සාදූ කියනව. සාදු සාදු සාදු."
"Vipul Priyantha","https://www.facebook.com/people/Vipul-Priyantha/pfbid0q2VJjqYmtP7wBYy6WyRJPPJxGKyJUSYFEjGxgWy2dJc9CgiDiHcxRLgiCibP9hL2l","යකෝ ඔය සිව්රු දාගෙන තොගේ අම්ම හු....... වද බල්ලෝ"
"Sugath Nishantha","https://www.facebook.com/sugath.nishantha.161","Oyala rajapassa nikaye neda horunta kade yana ciwara dariyo"
"Darshana Weerasooriya","https://www.facebook.com/darshana.weerasooriya.2025","පල ගනයා සාසනට වැඩක් කරපන් එකඑක ඒඋන්ට පුක දෙන්නේ නැතුව හිටපන් ගනයා"
"Wimal Senadheera","https://www.facebook.com/wimal.senadheera.73","තිත්තයගෙ ජාතකේම ...දිගාඇරිය...නෙහ්..."
"Bus Bandula","https://www.facebook.com/people/Bus-Bandula/pfbid032rYc3mtpUSXUQEwE6ceADkYZkdCaV1swm49Ld7313zV8sKbLTyz8B7QSGmQ4LKU8l","උබ.මොකෙක්ද.අනුරට.එන්ඩකියපන්.කල්ලතොනි.පකයා.ඔය.කොල්.එක.දුන්න.පොන්නයා.ඉන්ඩ.එපා.රටෙ."
"Senarath B Bogamuwa","https://www.facebook.com/senarathb.bogamuwa","තිත්තයා පොරක් කරන්න එපා."
"Nihal Sirisena","https://www.facebook.com/nihal.sirisena.1","රාජපක්ෂ ලා ලග. ඉන්නෙ මෙවගෙ උන් තමයි"
"Chandana Sanath","https://www.facebook.com/people/Chandana-Sanath/pfbid0yHp3sM5cVwJ1JgBez8LVZ16n2tjZhX8zTfJ6KWrwDU1KSckLS3YRGeXzUoQQyBVGl","මෙවැනි හිව්ල් ගනයෝ මේ උතුම් සසනේ විනාශයට යවා ඉවර කරන්න කලින් ගහලා මර්මු යකෝ"
"Deen Rashik Rafai","https://www.facebook.com/deen.rashik.rafai.2025","සිවුරු පොරෝගෙන ...රටම හිනස්සනවා....🤣🤣"
"Yamuna Kasthuriarachchi","https://www.facebook.com/thejaabridalandfashion.kasthuriarachchi","තිත්ත උනා එයත්.."
"Jayarathne JA","https://www.facebook.com/people/Jayarathne-JA/pfbid06qxs9fyaYstavopMfcE3RDEDZQ9HeGNSmTxCc1QivaQbP7vnfqQ6myakbnDFhohTl","මෙකාගේ   මුන  හොර  මූනක්  තියෙන්නේ    සිවුර  කරේදාගෙන   බිස්නස්  පරයෝ ."
"Saliya Lokuralalage","https://www.facebook.com/saliya.lokuralalage.5","අහෝ පර දේශපාලකයෝ නිසා ලෝකයේ උත්තුම පුරෂකයෙකුගේ බුදූන් ගේ කහා සිවුරට ගරහන මේ යකුන්ට......"
"Malintha Kongahge","https://www.facebook.com/people/Malintha-Kongahge/pfbid04q7HYpQjCHNKc88N1gNK24y9hfZWrNL37zYESgpfSgsgBsmvb77JbvANrjSNbnv3l","Danumaii..awabodayai 2k aka therungannama oni dayak.."
"Siripala Arachchi","https://www.facebook.com/people/Siripala-Arachchi/pfbid0v18ZVVK7ZmijPs12uGqFj9UViWG2CuNHk6qHJkxAEC9d4yhKapTkk4YmZJTD6e7Ll","ඕකගෙනඩුටික.ආපහුඅරගන්නබලන්න"
"Sarath Bandara","https://www.facebook.com/sarath.bandara.305192","කැරිගනයාතෝරටේජනාධිපතිවරයාටබනිනවාඅම්මටහුකවනවාපරයා"
"Danarathna Disanayaka","https://www.facebook.com/danarathna.disanayaka.1","අනුර ජනාධිපතිතුමාට අභියෝග කරන්න තිත්තගල්ලේ මොන ගස් ගෙම්බෙක් ද ?"
"Ishara Atula","https://www.facebook.com/ishara.atula.7","ඔය කරුමෙට සරමෙ පිහින් නැතුව හැදුන කාලකණ්ණි පඩංගු පාහර කැ# වේසිගේ පුතා"
"Newton Jayasooriya","https://www.facebook.com/people/Newton-Jayasooriya/pfbid029PwdP4k34NHqkEasABh1hBgXNnUQrZVpUhMa5iZ5aSmcX2FnW5h3vLbJQHX49CoPl","තිත්ත වල්ලො තෝ ගූ සිවුරෙක් නරියො"
"Dewa Dewa","https://www.facebook.com/dewa.dewa.11770","තිත්තගල්ලගෙ තට්ටෙ පලනවා දැනගනින් පකයා."
"HA Somarathna","https://www.facebook.com/people/HA-Somarathna/pfbid02DCz2BGKt5ap4gtFWxVv1EAU2X69JimptJP7N7F8uWY5ezrHiMq56mmbg6QbCLpgjl","බුද්ධ සාසනය විනාශ කරන්න කහ සිවුරු ඇදගෙන ඉන්න තක්කඩියන් එලවා දමන්න ඇයි මහානායක ස්වාමීන් වහන්සේලා පියවර ගන්න ප්‍රමාද .මෙහෙම ගියොත් බෞද්ධ සසුන විනාශ වෙලා යයි"
"Chandrawansha Dassanayake","https://www.facebook.com/chandrawansha.dassanayake.5","Niyama budhdha puthrayan wahansela bihiwana saha wanchaa kaarayan athugaawilama Yana Samaya meyai... Hasalaka Seelawimala Thero Kiriwaththuduwe Ariyadassana Thero Bandarawela Wangeesa Thero  Kothmale Niwaththa Thero Halawatha Rahula Thero nidasun kihipa yak pamanai  Sadhu Sadhu Sadhu.."
"Kamala Kandegedara","https://www.facebook.com/people/Kamala-Kandegedara/pfbid0a2QqwBaKZrqvD7GJw72KK4Gy4K9B2zmHSaGESHmLrHkkv5bJY45FxfBQkLmq9o7fl","අපෙ අනුරගෙ නියපොත්තක් වටොන්න මුන්"
"Ruwawalisaye Mal Hamuduruwoo","https://www.facebook.com/people/Ruwawalisaye-Mal-Hamuduruwoo/pfbid0zoHjVgd68Dyrv8JVPzF5i6eoZHEh1vLChGQ5e5b5wV9XvXhBEK3udd6STJczHdWel","අනුරකුමාර සින්හලයෝ අන්දල බලේට ආවෙ.සින්හලයෝ නසල යන්නේ.අපෙ චන්දේ සූක්ශමව කොල්ලකැව"
"Tennakoon Mudali","https://www.facebook.com/tennakoon.mudali","අවලම් වේශා බල්ලෝ,තොට මම call ගන්නේ නැත්තේම,තෝ ජඩයා ඒකට උත්තර නොදෙන නිසාම.අවලම් වේශා බල්ලෝ,තෝ මොන පිම්පියෙක්ද අපේ ජනපතිට අවලම් කථා කියන්න.ඔය මොන නිකායේ සක්කිළි වේශිගෙ පුතෙක්ද කියන එක මම දන්නේ නැහ.හැබැයි තෝ චීවරයක් මතින් හිටියත් මටනම් භික්ෂුවක් නොව,අවජාතකම පිස්සු හුත්තෙක්.මගේ වචන සැර වැඩියි තමා.අපේ එකාලා එකීලා මට සමාවෙන්න ඕන.මේ නරි බල්ලාට මම මේ කියන්නේ.තෝ අර හොර කුපාඩින් කුපාඩිම වැඩකරනකොට,තෝ හිටියේ උන්ගේ වැසිකිළි කටින්ම හෝදමින්ද? පර බල්ලෝ,ඔය චීවරය ගලවලා වර බලන්න.තෝ ඔය ජඩකම් කරන්නේ ඕකට වහන් වෙලානේ.මට නම් තෝ චීවරයක් දාගත්තාට මට ඒක අදාළ නැහ.බල්ලෙක් හොරෙන් චීවරයක් කරලාගෙන බලුකම් කරනකොට,ඒක ඉවතලා තොගෙ පුකට පයින් ගසන්නේ ගෙරි අවලම් බල්ලා."
"Hutch Hutch","https://www.facebook.com/hutch.hutch.2025","මූට සිවුරු ගලෝලා පු අරින්න ඕනෑ 🤣🤣"
"Sarath Kumara","https://www.facebook.com/people/Sarath-Kumara/pfbid0g4yajkGsdgU7f19q1DDCiqzAhDJGN3YTfrZV6Wx8PLFjYnXxvURkjPsfVvkT5N9Wl","පිහාටු  සමාන කුරුල්ලො  එකගොඩේ  ලු ."
"Nishantha Dissanayake","https://www.facebook.com/nishantha.dissanayake.640858","ගු ගු ගහලා එලවන්නේ"
"Sanath Ekanayake","https://www.facebook.com/sanath.ekanayake","මූද අනුරගේ ධාර්මික ක්‍රම හොයන්නෙ... අනුරත් උගෙ හාමුලා වගෙ උනා නම් තමන්ගේ දෙමව්පියන්ට අපහාස කල උන්ගේ ඉඳලා අනුරට ඇහැ තියමු කියලා මෝඩ චූන් ගත්ත උන් දක්වා නීතිය ඉදිරියට ගෙනල්ල."
"Jayatissaen Endiriyanwaladewahge","https://www.facebook.com/jayatissaen.endiriyanwaladewahge","රුවන්,මලේ!!!!!!,කතාව,සම්පූර්න,ඇත්ත!!!!!!!,,,,,මොගෙ,සම්න්ත,බඩ්ඩ්‍යගෙ,මොකක්,,හරි,ජානයක්,තියෙනව, කොහොමහරි,රාජප්ස්සලට,කඩේ,යන,එකා,මොකාහරි,,,,  ඌ,,, ඩූශිතයක්,කියන,අක,නම්,ඔප්පුවෙලා,ඉවරයි!!!!,මුන්ට,ආයෙ,කිසිදිනෙක,ඔලුව,උස්සන්න,දෙන්නහොන්දම,නෑ!!!!!"
"Chandra Alageson","https://www.facebook.com/people/Chandra-Alageson/pfbid0aGPeNMpaEbHbQs2g4sEh5q5zMpMCiQ9AtaYHJTLp8hdvp1Ew11dNwDMBwkYtGfMTl","Sivura galawela kota kalisamak andhaganin booruva"
"Sonali Adikari","https://www.facebook.com/people/Sonali-Adikari/pfbid02r4LQUutD3QhtQPEKTLkV7A8vrtVbHVAhqqvR8H6D4uug3nUsToLoq23Leat2pW3Gl","ඕකුන් සිවුරට මුවා වෙලා කරන රගපැම අනිවාර්යයෙන්ම සිවුරු ගලවලා  කණ අතගාලා අරින්න කාලය හරි"
"Roshan Rathnasiri","https://www.facebook.com/roshan.rathnasiri.33","උබ මොකෙද්ද පකයෝ? ගලවපිය ඔය බුද්ද චීවරය තොගේ ඇගෙන් තෝ වගේ පව්කාර වේසිගෙ පුතෙක්ට උතුම් ඌ බුද්ද චීවරය ඔබින්නේ නෑ කාලකන්නියෝ???"
"Piyal Kithsiri","https://www.facebook.com/people/Piyal-Kithsiri/pfbid0Nz1BAjoucArgceJQXvnaiScXNgZDT75fU2QETtTg2Q8fKkz5ykaHmPsfSBEKEHR7l","කොහොමද .තිත්ත ගල්ලේ උඹටත් දැන් බඩුම තමයි .උඹත් ගලගොඩ අත්තේ ඥාණසාර වගේ බුදුන්ගේ උතුම් චීවරය අස්සේ හැංගිලා ඉන්න රාජපක්ෂලගේ රෙදි අපුල්ලන උන්ගේ දන්කුඩ කන පාදඩ හොර  චීවර ධාරියෙක් නේද .නිදන් හොරෙ නේද.අනේ යකෝ අපට පව් නොදී චීවරය ගලෝල ගෙදර පල පාහර සක්කිලියා.අම්මට හුකවගන්නේ නැතිව."
"Ds Kumara","https://www.facebook.com/ds.kumara.106599","යකෝ අපේ බුදු දහම කන්නේ නැතිව හිටපන්කෝ හුත්තෝ සිවුරු පෙරවගෙන පැමිනෙන්නේ නැතිව පර හැත්ත"
"Vinie Guna","https://www.facebook.com/people/Vinie-Guna/pfbid02kNJUDDSBfdM7auF9MsiZMA4bNwXQbR7WQTgzm1LyRRC3e3KRMFi8i3VRk24MNmE7l","මිනිිසුන්ටත්  පිස්සුනෙ  කහපාට රෙද්දක් සිවුරක්වගේ  ඇඟේ දවටගත්ත  හැමෝටම හාමුදුරුවො  කියන්න එපා"
"Rohan Sanjeewa Rohan Sanjeewa","https://www.facebook.com/rohansanjeewa.rohansanjeewa.90","අන්තගාමී මෝඩ යුටුබලා උබලා, තොපි වගේ මෝඩ වාචාලයො නිසා තමා මයිනලා හොරු බිහි උනේ,,මේ රට 76ක් රටට සාපයක් උනේ තොපි වගේ මොඩයො නිසා"
"Upali Jayathissa","https://www.facebook.com/people/Upali-Jayathissa/pfbid033KxV8eLFVUixxpb9ppvxCWa3qnYbUGKrhyt8ZPhWrdLuzuaZ9CPmxQj4HjbnvduYl","රාජපක්ෂලාට.ගෑවුනානම්.ආය.අහන්න දෙයක්.නෑ.හොරෙක්.කුඩ්ඩෙක්.ගෙම්.කාරෙක් ඩිල්.කාරෙක්.අපරාද.කාරෙක්."
"Deepa Susanthi Liyanage","https://www.facebook.com/deepasusanthi.liyanage","Hora ganaya"
"Kmbm Wickramasooriya","https://www.facebook.com/kmbm.wickramasooriya","මිනිිසුන්ටත්  පිස්සුනෙ  කහපාට රෙද්දක් සිවුරක්වගේ  ඇඟේ දවටගත්ත  හැමෝටම හාමුදුරුවො  කියන්න එපා"
"Ranabahu Ranabahu","https://www.facebook.com/people/Ranabahu-Ranabahu/pfbid0ipCpsEgHCNe4idkeGFCz33MpypbdUN7jeN3XH36VULMYZXjvCexZKDVnowx2PUcAl","තිත්තගල්ලේ ජනපතිට අභියෝග කරන්න ගිහින් චොර උනා නේද? තිත්තගල්ලේ ඔයාගෙ චරිතය පට්ට තිත්තයි නේද?"
"Don Ariyaratthna","https://www.facebook.com/don.ariyaratthna","මෙවගෙ දස කැරි යන්ට දානෙට එන්න කියලා වැඩමවලා නෙමෙ හොන්දෙ  දෙන්න ඕන පොල්ලක් අරන් කාපු පින්වත් කටින් පුකෙන් දෙකෙන්ම එන්න  වානචාරි හැත්ත"
"ගුණේ අයියා","https://www.facebook.com/people/%E0%B6%9C%E0%B7%94%E0%B6%AB%E0%B7%9A-%E0%B6%85%E0%B6%BA%E0%B7%92%E0%B6%BA%E0%B7%8F/pfbid02b9pxmMmAECe7byFozbTq9KsZhWGc4fmqmw9ocEgsZBW9mHVZZXw2N6gRe8D9yGqPl","නමේ හැටියට තමයි වැඩ කැරියගේ මුං කහපාට බෙඩ්ශීට් පෙරෝගත්තු තක්කඩියෝ"
"Dharmasena Herath","https://www.facebook.com/people/Dharmasena-Herath/pfbid0n3HHcQYDVTVT8TzuGNGESYjK8DmphqPjdwA5Ej4Yqt8joEJoRrKxJ9MwQ8LF1yWDl","තිත්තගල්ලෙ බලා ගෙන ගියහම ලෝක පාලුවෙක්. සිවුරටත් නීන්දාවක්"
"Jagath Masakorala","https://www.facebook.com/jagath.maskorala.9","රාජපක්ෂ නිකායේ කියන්නේ  ඉතින්  ආගම  කන්ඩ ආපු එවුන්"
"Sumith Dikkumbura","https://www.facebook.com/sumith.dikkumbura","තිතයො වැඩකටම නැති මත්ස්‍යයන් කොටසක්"
"Naleen Nalinda","https://www.facebook.com/people/Naleen-Nalinda/pfbid02B6ZQ45GXNu1PhHTUksE9tNM4H3KYSHpVAhMa3iZZoovX7dXrGxEN2rHgS385Sowol","ගූ කන හිවල් බල්ලේක් කෑරි පකයා"
"Chandrasisr Lall","https://www.facebook.com/people/Chandrasisr-Lall/pfbid02xgyMrEnF5cpcnkKtPj1AmTyDzg7wSUD3YTkLVWRcZF8DjUgBGNRiEnqZdVuejyPql","සමන්ත දමයි ගුරා 😂😂😂මානසික. ලෙඩෙ. උඩුදුවල."
"Pathima Perera","https://www.facebook.com/people/Pathima-Perera/pfbid02L6unaCXTvrDtKMJJKBh2bvVSaXyNuaEyQ8h7Ua5wJRDrMF2rjyARboYa7GR2Gohul","කැරි පොන්න වනචර මාසබාදු කැරිහුත්තෝ තිත්තාහුත්තා පුකදීපන් ගිහින් රාජපක්ෂලාට"
"Gihani Asansa","https://www.facebook.com/people/Gihani-Asansa/pfbid02fcSKFGyUc9rKaSfeyvptwWR7E4Pf1mUkyZW5V8pVboJUATRHhQJ3DxaUjFpE5AzCl","බොරු කියන, අනුන්ට නැති නැති බොරු වෝදනා නගන පුද්ගලයා නිරයට යයි.  යම්කිසි පවක් කොට “මම එය හොකළෙමි” යි බොරු කියන පුද්ගලයා ද නිරයට යයි,  මේ පහත් ක්‍රියා ඇති ඵ් මිනිසුන් දෙදෙනාම මියගිය පසු පරලොව දී (නිරය දුක් විඳිම අතින්) සමාන වෙති."
"Premadasa Premadasa","https://www.facebook.com/katada.pissu","මහිනන්ද මහත්තයො දැන්වත් ඔය එල්ලිලා ඉන්න කිනිතුල්ලො ටික ගලවලදාන්න ඉතුරු ලේටිකත් බොනව උන්"
"Jud Rogans","https://www.facebook.com/people/Jud-Rogans/pfbid02854MtPQhVMYi87sbkP9QGjt7ntAsyc57dPWyaahKNYpAe3Wa6pah4sdG5Ketwpz8l","Somasiri Withanage Kariyawasam මුස්ලිම් අන්තවාදය තිබිලම නෑ බෞද්ධ අන්තවාදයක්ද තිබ්බෙ"
"Jud Rogans","https://www.facebook.com/people/Jud-Rogans/pfbid02854MtPQhVMYi87sbkP9QGjt7ntAsyc57dPWyaahKNYpAe3Wa6pah4sdG5Ketwpz8l","ඔයාටත් පුලුවන් විවාදෙකට එන්න  https://www.facebook.com/share/p/1DnTimSujC/"
"Rehan Malaka","https://www.facebook.com/lapatiloku","ජනාධිපතිට ගහන්න ගිහිල්ලා මෙයා නාගත්තා😆"
"Indika Marasinghe","https://www.facebook.com/indika.marasinghe.148","ඔය පොන්න වෙසිගේ පුතා එලවන්න ඕනේ.. කහකඩයෝ."
"Sanka Sanka","https://www.facebook.com/people/Sanka-Sanka/pfbid0yXF9xGutgxq2z74xGQ97i6uPht4BGumpdojVcajUmuEmrjoFd9WbMv72YvdKipj9l","බෞද්ධයින්ට බැරිද මේ වගෙ දුසිල්වත් භික්ෂුන් පන්නන්න ?   මේ සාදුලා තම ආගම විනාස කරනවා කියලා බෞද්ධාගමිකයින්ට වැටහීමක් නැද්ද ?"
"රනතුංග ආරච්චිගෙ","https://www.facebook.com/people/%E0%B6%BB%E0%B6%B1%E0%B6%AD%E0%B7%94%E0%B6%82%E0%B6%9C-%E0%B6%86%E0%B6%BB%E0%B6%A0%E0%B7%8A%E0%B6%A0%E0%B7%92%E0%B6%9C%E0%B7%99/100089568398902","හොර කහකඩයො හැත්තක් හිංදා හොද හාමුදුරුවරුන්ටත් තැනැක් නැහැ..හොර කහකඩයන්ට ගහල එලවන්න ඕනි"
"Varuni Abeysekara","https://www.facebook.com/varuni.abeysekara.2025","පාහර කල්ලතෝනිය තොපිට ලොකු උනාට අපිට ලොකු නැහැ.ඩයස්පෝරාවෙ ගූ කාපු පාහරය පිරිවෙන් කීයක් අයින් කරාද ඕක තෝ තවත් කියවනවද"
"Hemantha Pradeep Gunarathna","https://www.facebook.com/hemantha.pradeep.gunarathna","එතකොට උබ කියන්නෙ මුන් දාර්මිෂ්ටයි කියලද,උන් කූඩු ගෙන්නනව, පාතාලේ පෝසනය කරනව, රට බංකොලොත් කරා... තවත් උන්ගෙ ගූ කාපිය, අහිංසක දායකයෝ දෙන දානේ උබට කැප නෑ.... නොදකින් බන් උබලා වගේ ගෙරි කහකඩයෝ... අපේ අනුර ජනාදිපති තුමා මේ තරම් රෑ, දවල් මහන්සි වෙලා සත් බාවයෙන් මේ රට ගොඩ ගන්න හදනව මූ අමු පිස්සෙක් ගෝතයා"
"Shanaka Niroshan","https://www.facebook.com/shanaka.niroshan.222","ජෙප්පො ටික ටිපර් 🤐"
"Anura Athapaththu","","Mekanam ali horek"
"Badulle Kusala Damma","https://www.facebook.com/badulle.kusaladhamma","ජනාධිපතිට අරින්න ඇවිල්ලා අරගත්ත නේද"
"Sumanasiri Thiththagalla Gamage","https://www.facebook.com/people/Sumanasiri-Thiththagalla-Gamage/pfbid02Gx6PCAjqgEYJzAxyMjvW74nef2ZnCFV5i6zzFM7sAEknWWGASUwRpq9dxC6agndpl","මුංගෙ සෙට් එකක් ඉන්නවා කමෙන්ට් දාන්න බොරුනං වලින් එක සිංහල බෞද්ධයෙක් බොදුබල් සෙනාවෙ හාමුදුරුවන්ට විරුද්දව කමෙන්ට් වලින් මඩ ගහන්නෙ නැ මුංම තමයි කමෙන්ට් 200####300 ය දාන්නේ  එකට මුංසල්ලි දිල කමෙන්ට දාන්නෙ එතරං සත්තුමුං තො වගෙ පක්ස අන්ත වාදියො නෙවෙයි අපි තො අවුරුදු තො අවුරුදු  20.....30  න් මවුරටෙ සංචාරය කරලනැ ලංකාවට ආපු වෙලාවක රටවටෙ රවුමක් ගිහින් බලපං මහින්ද මහත්තය කරපු සංවර්ධනය  අනුරට කරන්නතියෙන කාර්‍ය්ය බාරයමොකද්දබං කරන්න තියෙන්නෙ අපි දන්න විදියටනං කරන්න තියෙන්නෙ නය වාරිකය දාන්නයි එකත් හරියට කරන්න බැරිඋනා හැකර්ලගෙ අතට දුන්නා රනිල් මහත්තයට පිංසිද්ද වෙන්න කොවිට් නිසා පිලිපැනපු රට රනිල් මහත්තය පිලි ගතකරල තියෙද්දි තමයි මොඩ සිංහල ජාතිය අනුරට රටබාරකලෙ අපෙරටෙ උන්ගෙ අවාසනාවට කොවිට් ආවෙ එහෙම නොවෙන්න මහින්ද මෙරට සංවර්ධනය උනරටක් කරනවා යටිතල පහසුකං ඔනැතරම්  මහිද සංවර්ධය කලා ඉතුරු උනෙ තරුණ රැකියා ප්‍රස්නෙයි නය වාරිකය දාන්නයි  ලොකු මිස්සුන්ට බදුපිට බඩු ගහනවා මෙගොල්ලො හිතුවට ලොකු උන්ට බදුගැහැව්වා කියල කෙලඋනෙ පොඩිමිනිහට බුලත් විට රුපියල් 100  උනා ව්කතු කරපු බදුවලින් මොනවද කරන්නෙ ඩොලර් ටික පිටරට ඇරියා ම්ට්‍රො යකඩ ගෙනාවා එපාර ගෙන්න හදනවලු මන්ත්‍රින්ට ඩබල්කැබ් අනිත් බොරුව රොහල් සුවතා ගොඩනැගිලි 1000 පුමයි ලාල්කාන්ත නොකිවෙ රොහක් නැතුව තාම එකලෙක්වත් මැරුනෙනැ කියල අනුරකුමාර  උඹ කියන විදියට කරපු මලොකු කාර්‍යය බාරය ඔකද?  ජිවනබර අඩුකරාද උඹවත් කියල දිපං  රාජ්‍ය  ආදායමට බදු..බදු..බදුම උරා බොන්නෙ නැතුව සංචාරකයන්ට යටිතල පහසුකං සපයන්න කාමර  2000 ක් ගහන්න කියපං  රැකියා කොච්චරනං එහරහා එනවද?  වඩුවට මෙසන්ට රුම් බොයි රැකියා මුන්ට එදැනුමනැබං රොහල් උඩින් තියන්න රොහල් ස්වතා මධ්‍යස්ථාන  හදනවා  ජනතා සෙවාව හොඳයි රොහල් නැත්තං සත පහක ආදායමක් තියෙනවද?  ඔන්න ඔහොම වැඩකරනවා ඇටපිටින් ගංජ ගහන උන්"
"Chethana Romesh Wijerathna","https://www.facebook.com/chethana.wijerathna.697280","[Image Attachment]"
"Keerthi Ilankoon","https://www.facebook.com/immkilankoon.ilankoon","අමූ හොරෙක් මු"
"Neel Liyanage","https://www.facebook.com/people/Neel-Liyanage/pfbid02LnfTMCtXhQbcqenj4LVeT4WQwP16A9oSnfWnLUarXXaKmgkpXyERmxAFA7GuaB3il","දේශපාලන වාද විවාද සහ විවිධ දේශපාලන කණ්ඩායම් අතර ඇති වූ වෛරය, බෙදීම සහ සතුරුභාවය දශක ගණනාවක් පුරා ශ්‍රී ලාංකීය සමාජය තුළ අමනාපකම් සහ විරසකභාවයක් වර්ධනය කිරීමට දායක වී ඇති බව මම විශ්වාස කරනවා.  පසුගිය වසර ගණනාව පුරා දේශපාලන කථාවල භාවිත වූ භාෂාව දෙස අවධානයෙන් බැලුවහොත්, “අපි සහ ඔවුන්” යන මානසිකත්වය සමාජය තුළ කෙතරම් පහසුවෙන් ගොඩනැගිය හැකිදැයි අපට දැකගත හැකියි. විවිධ දේශපාලන මත දැරීම නිසාම එකිනෙකා සතුරන් ලෙස දැකීමට මිනිසුන් පෙළඹවීම ඉතා භයානක ප්‍රවණතාවක්.  අපගේ ශරීරයට ලබාදෙන ආහාරය අපගේ ශරීරයට බලපානවා. ඒ ආකාරයෙන්ම අපගේ මනසට නැවත නැවතත් ලබාදෙන දේ අපගේ සිතුවිලි, වචන සහ අවසානයේ අපගේ ක්‍රියාවන් තුළින් ප්‍රකාශ වෙනවා.  වෛරය, කෝපය, පළිගැනීම සහ සතුරුභාවය නිරන්තරයෙන් සමාජයකට පෝෂණය කළහොත්, කාලයත් සමඟ ඒවා මිනිසුන්ගේ හැසිරීම් තුළින්ද පිළිබිඹු විය හැකියි.  ඒ නිසා තිත්තගල්ලේ ආනන්දසිරි ස්වාමීන් වහන්සේ ඉදිරිපත් කරන පණිවිඩය ඉතා වැදගත්. බුදු දහමේ මෛත්‍රීය සහ කරුණාව පිළිබඳ පණිවිඩය සිහිපත් කරමින්, අපගේ සිතුවිලිවලට අප ලබාදෙන දේ පිළිබඳව නැවත සිතා බලන්නට ඔහු අපව අවදි කරවනවා.  ශ්‍රී ලංකාවට තවත් වෛරයක් අවශ්‍ය නැහැ. අපට අවශ්‍ය වන්නේ අවබෝධය, කරුණාව, සමාව, සංවාදය සහ එකිනෙකා කෙරෙහි ගෞරවයයි.  අද අප ඉදිරියේ ඇති අභියෝගය රජයක් වෙනස් කිරීම පමණක් නොවේ. අපගේ දේශපාලන සංස්කෘතියද වෙනස් කිරීමයි — වෛරයෙන් හා බෙදීමෙන් ඉවත් වී, සංවාදය, මනුෂ්‍යත්වය සහ මෛත්‍රීය දෙසට ගමන් කිරීමයි.  අද ශ්‍රී ලංකාවට අවශ්‍ය වන්නේ මෙවැනි පණිවිඩයකි.  මේ ගැන කවුරුන් හෝ කතා කරන තුරු මම බලා සිටියා. මෙම වැදගත් කරුණ සමාජය ඉදිරියේ කතා කිරීමට ඉදිරිපත් වීම පිළිබඳව තිත්තගල්ලේ ආනන්දසිරි ස්වාමීන් වහන්සේ වෙත මගේ අවංක කෘතඥතාව පළ කරමි."
"Rajapakshe Rajapakshe","https://www.facebook.com/rajapakshe.rajapakshe.2025","මෙි දෙන්නම එක වගේ නේද එකම තාත්තාගේ දරුවෝ වගේ නේද 🤣"
"Indrani Indra","https://www.facebook.com/indrani.indra.5602","කාලෙන් කාලෙට කොහේ ඉඳන් පාත් වෙනවද දන්නේ නෑ බුදු ධර්මයටත් සංඝරත්නයටත් කරන අපහාසයක් මෙවැනි අය"
"Wijesena Lahanda Waduge","https://www.facebook.com/wijesena.lahanda.waduge","[Sticker]"
"Suresh Prasanna","https://www.facebook.com/suresh.prasanna.1848","මූව එල්ලන්න එපා වල්ලේන්"
"Nayana Vithanage","https://www.facebook.com/nayana.vithanage.35","ෙහාර කහ කඩ තක්කඩිෙතාපි ඉස්ෙසල්ල මහන ෙවයල්ල අනුන්ෙග පිං බත් ගගහ රටට ෙකලවන්න ඉන්ෙන  දායක ෙයා ෙගාං කරන ෙතාපිට අපාය දුර නැ අනුරට එක වල්ෙල ෙපාල්"
"colombo jewellery","https://www.facebook.com/people/colombo-jewellery/61591941482064","[Image Attachment]"
"Thilak Samarasekara","https://www.facebook.com/people/Thilak-Samarasekara/pfbid0278fwFTYwALMUvco8iDaEuyeqqmg45vryq8CZJ14mubyZZYhFpvWF8k6P996yGE1Bl","THITHE YHITHTHE WENNS AHAGATHA  YAKKO.SIYURE NAMBUWA GANIN THITHTHE"
"Danarathna Disanayaka","https://www.facebook.com/danarathna.disanayaka.1","ඔන්න අභියෝගය..."
"Danarathna Disanayaka","https://www.facebook.com/danarathna.disanayaka.1","ඌරෙක් ගූ වළකට බැහැලා ගේමට කතා කළා ලු සිංහයෙකුට..."
"Gihani Asansa","https://www.facebook.com/people/Gihani-Asansa/pfbid02fcSKFGyUc9rKaSfeyvptwWR7E4Pf1mUkyZW5V8pVboJUATRHhQJ3DxaUjFpE5AzCl","බොරු කියන අසත්‍ය චෝදනා කරන අයගේ කටවල් කුණු වෙනවා. දරුණු පිළිකා රෝග පවා හැදෙනවා.. ඒ ඒ අයට ඔලුව විකාර වෙලා පිස්සු හැදෙනවා. හරියට දේවල් නොදැන මේ විදිහට අසත්‍ය ප්‍රචාර කරන අයටත් ඒවා අනිත් මිනිස්සු අතර  බෙදා හරින අයටත් හැමෝටම මේ කර්මය පොදුයි.."
"උදයංග පෙරේරා","https://www.facebook.com/udayanga.perera.35","රාජපක්ශ නිකායේ කාළකන්නි ඔකුන්ගේ සිවුරට යටිං තියෙන්නේ කුහක කමයි දුශ්ට කමයි වල් කමයි විතරයි"
"Sameera Senarath","https://www.facebook.com/people/Sameera-Senarath/pfbid02im33ruFZ176Wr1x5F8SJ6w7tXgMXrVHsoBuQ7eU3QyFjdiXMiqMGUgapoUatqZAQl","https://youtu.be/7zAyH5AO5iY?si=ldRVg_-q_8hqCipx"
"Saman Athukorala","","https://www.facebook.com/share/v/1KPasbaNHu/"
"Danushka Fernando","https://www.facebook.com/people/Danushka-Fernando/pfbid02sLNxb5xJdkQkSMeTW7tSFcPHc3QJrrUsWKe23D2y1qZJ2o4nbEMUrcqUnDs3j3eLl","මෙය ආවෙත්  ඇතුලට දාන්න  ඕනෙ"
"Harshani Disanayaka","","[Image Attachment]"
"Balasundaram Kalaignanasundaram","https://www.facebook.com/balasundaram.kalaignanasundaram","He don’t our economy improvement"
"Githu Dissanayake","https://www.facebook.com/people/Githu-Dissanayake/pfbid0ooPmy8rbMhm7tcSQgrZohVGrhb9trcfoVWsLKt9FFfmXufx5K7eZ9hR81zZNU5B4l","තිත්ත ඇත්ත 🤣🤭"
"Roma Nce","https://www.facebook.com/profile.php?id=61572582055759","ඕකගෙත් සිවුර ගලවලා ඉවත් කරන්න ඕන මේවට මාහා නෑයක කියන අය නැතෙයි නෑයක් උන්දැලා චුට්ටක් බලන්ට මුන් කෙලින පිස්සු ඈඈ🤥"
"Sisira Kumara","https://www.facebook.com/sisira.kumara.94489","[Image Attachment]"
"Fowzul Ameer","https://www.facebook.com/fowsulameer.fowsulameer.7","[Sticker]"
"Fowzul Ameer","https://www.facebook.com/fowsulameer.fowsulameer.7","[Sticker]"
"Lionel Manuweera","https://www.facebook.com/people/Lionel-Manuweera/pfbid02P2WpwQufNKkQFAHTZNMFT45We5MG7s72c71FgJqD1CoXPq4n2WALbL41pNX9wq5pl","Good  talk."
"Pushpa Herath","https://www.facebook.com/people/Pushpa-Herath/pfbid02a3PnunU8VJ2eLMfRqW3tTvM67bKW3ei6NrqSymKPwULreNkoHH7UicKQfmcUeyWbl","ඔයගොල්ලොන්ට හාමුදුරුවෝ කියලවත් කියන්න එපා. ඔය හාමුදුරුගොල්ලෝ නෙමෙයි"
"Anthony Leon","https://www.facebook.com/people/Anthony-Leon/pfbid02T4zJPJggjbV3fmUy2TYxjLdd96xp3hzEzGhFtQY9oD5feAR5auusof8gPXkorPdCl","[Image Attachment]"
"ජයලත් බටගොඩ","https://www.facebook.com/people/%E0%B6%A2%E0%B6%BA%E0%B6%BD%E0%B6%AD%E0%B7%8A-%E0%B6%B6%E0%B6%A7%E0%B6%9C%E0%B7%9C%E0%B6%A9/pfbid02XhD37pg4yUWMeokszRo2YhmDuXaZSBbrN4jjfFjCVNHGMqBUFV1s9N9D99xJL6bEl","රාජපක්ෂ නිකායේ ජාතිවාදී අලුගෝසුවෝ මුන්ට නීතිය තදින්ම ක්‍රියාත්මක විය යුතුයි .... රාජපක්ෂ නීකායේ බත් බැලයෝ.."
"Sarath B Jayasekara","https://www.facebook.com/sarathb.jayasekara","https://www.facebook.com/share/v/1K4gftjuwj/ සාම්මා birthday පාටි"
"Ajith Shantha","https://www.facebook.com/people/Ajith-Shantha/pfbid02jVjjyNzXqN7fJttU9pV1d7oDKKZ2L2XqXdeedSXkDEVwaSMQmyBEUgjDQ3he7tKsl","💙💙💙"
"Wasantha Pradeep","https://www.facebook.com/wasantha.pradeep.71216","[Image Attachment]"
"Wasantha Pradeep","https://www.facebook.com/wasantha.pradeep.71216","[Image Attachment]"
"Wasantha Pradeep","https://www.facebook.com/wasantha.pradeep.71216","[Image Attachment]"
"Wasantha Pradeep","https://www.facebook.com/wasantha.pradeep.71216","[Image Attachment]"
"Wasantha Pradeep","https://www.facebook.com/wasantha.pradeep.71216","[Image Attachment]"
"Tharidu Darshana","https://www.facebook.com/people/Tharidu-Darshana/61552496392064","[Image Attachment]"
"Tharidu Darshana","https://www.facebook.com/people/Tharidu-Darshana/61552496392064","[Image Attachment]"
"Tharidu Darshana","https://www.facebook.com/people/Tharidu-Darshana/61552496392064","[Image Attachment]"
"Koswaththa Koswaththa","https://www.facebook.com/koswaththa.koswaththa.52","👍👍👍👍"
"Oshadha Gayan","https://www.facebook.com/oshadha.gayan.1","Thiththagalle left 😪"
"Ranjan Hewathudella","https://www.facebook.com/ranjan.hewathudella","[Image Attachment]"
"S.K. Yapa","https://www.facebook.com/s.k.yapa.2025","[Sticker]"
"Gamini Wickramaarachchi","https://www.facebook.com/gamini.wickramaarachchi.1","[Sticker]"
"Shanuja Perera","https://www.facebook.com/shanuja.perera.2025","Aniwarayenma"
"Anil Fonsek","https://www.facebook.com/anil.fonsek.2025","නිදං හෝරා.     සිවුර නැත්තං.  අයිස්. ඡාවරං කාරයෝ මූන්"
"Shehan Smith","https://www.facebook.com/shehansmit","සහතික ඇත්ත හොරුයි කුපඩියොයි ජඩකම් වහගන්න සසුන් ගත වෙනව අදහන අගම ඉදන් විකුර්ති කරනව දෙශ පලනයක් හින්ද ඔන්න ඔකයි සාසනෙත් තුරුම්පුවක් කරන් ඉන්නෙ"
"Jayalal Wijesooriya","https://www.facebook.com/jayalalw74","https://www.facebook.com/share/p/1DdoXXowMK/"
"Tiron Peiris","https://www.facebook.com/tiron.peiris","නමේම තියනවා , තිත්ත  කියලා  😄😄😄😄"
"Sivananthan Rajah","https://www.facebook.com/people/Sivananthan-Rajah/61553431253646","[Image Attachment]"
"Manusika Mani Gamage","https://www.facebook.com/manusika.mani.gamage","මිනිස්සුන්ට ධර්මය දේශනා කරන්න හාමුදුරුවනේ සිවුරට නිගෞරව කරන්නඑපා"
"Upendra Bandara","https://www.facebook.com/upendra.jothirathnage.9","සිවුර දාගෙන ඉන්න තක්කඩියෙක්"
"Prasanna Silva","https://www.facebook.com/sqmidusewmi","Okage Muna army eke kokiyekge wage.dunnot denawa punchi bag ekata wage kittagallayata.horata sura dagaththa nidan hora🤣🤣🤣🤣🤣🤣"
"Sudhat Wrahena","https://www.facebook.com/people/Sudhat-Wrahena/61576634726228","මුන්ට  පිස්සු  පින් බත් කෙලලා"
"Sunil Abeysinghe Jayawardana Yapa","","තිත්තයෝ...දීපියකො මේවට උත්තර,අර කාන්තිගෙ දුව ගැනත් එක්කම,"
"Thalahagama Narada Thera","https://www.facebook.com/people/Thalahagama-Narada-Thera/pfbid022aPCs16LWGfimTFSVaA7xhQqQE8xtnJBjPD3Mxr4X5ACEt1zfkJp6paX8tS18QYTl","අනුර කොහොමත් බොරු පොරොන්දුම තමයි දි්ලා තියෙන්නේ රටම දන්නවා"
"Ajantha Mallika Arachchi","https://www.facebook.com/people/Ajantha-Mallika-Arachchi/pfbid02Gtvh6HrNkuGAkN8rLQLZAVDabZNAPAYvRax8bghMmhu1cS4w3nCrMUmikgTTrRd8l","👍👍👍"
"Shabri Mohammed","https://www.facebook.com/people/Shabri-Mohammed/pfbid0zowjnu9jhMMFGhmP8eAP9kZdCzdsrikN89arMbGQqimrfFzM1iX5VaCtBxsiNNTil","[Sticker]"
"3Zero Network - Religious","https://www.facebook.com/people/3Zero-Network-Religious/100069433686175","[Image Attachment]"
"Wele Anil","https://www.facebook.com/wele.anil","WOW😛😛😛"
"Marina Dona","https://www.facebook.com/marina.dona.353","ඔව් ති මේ තක්කඩි සිවුරු දාගෙන උන්ගේ ගංජා ගහන එකයි කුඩු ගහන එකටයි තමයි මහින්දලාගේට කඩේ යන්නේ? ඒකනේ කරන්නේ ඒ ගෝවලේ හොම්බ දාගෙන ඉන්න සක්කිලි ටිකක්"
"Kulasiri Karunarathne","https://www.facebook.com/kulasiri.karunarathne","Oka Mona ganayekda"
"Waga Arachchi Tangalla","https://www.facebook.com/waga.arachchi.tangalla","මූ ඇවිල්ල අමූ ගෝතයෙක් සිවුරු හොරෙක්"
"Mahendran Candy","https://www.facebook.com/candymahendran","SL political  1948+….?🇱🇰 🧘‍♀️🧘‍♀️🔥🔥 Bank draft all    👇🏼 ☝🏼 ❤️🙏🏽"
"Shantha Kumar","https://www.facebook.com/people/Shantha-Kumar/pfbid02FFhHHZiuDbKRv6HEt9xAvReN3nz2rut6KWebiDkpg8fH88319czVG1X5uJUhQBctl","[Sticker]"
"Bandula Kariyawasam","https://www.facebook.com/bandula.kariyawasome","මෙයාගෙ ගම කිට්ටුව තමයි සමන්ත බඩ්ඩත්."
"Ananda Maddumage","https://www.facebook.com/ananda.maddumage.92","[Image Attachment]"
"Ananda Maddumage","https://www.facebook.com/ananda.maddumage.92","[Image Attachment]"
"Ananda Maddumage","https://www.facebook.com/ananda.maddumage.92","[Image Attachment]"
"Ananda Maddumage","https://www.facebook.com/ananda.maddumage.92","[Image Attachment]"
"Ananda Maddumage","https://www.facebook.com/ananda.maddumage.92","[Image Attachment]"
"Ananda Maddumage","https://www.facebook.com/ananda.maddumage.92","[Image Attachment]"
"Titus Perera","https://www.facebook.com/titus.palakuttige","ඕකව ශාසනෙන් නෙරපල ඉන්නෙ."
"Shiran J Kumarasinghe","https://www.facebook.com/shiran.j.kumarasinghe","[Image Attachment]"
"Shiran J Kumarasinghe","https://www.facebook.com/shiran.j.kumarasinghe","[Image Attachment]"
"Shiran J Kumarasinghe","https://www.facebook.com/shiran.j.kumarasinghe","[Image Attachment]"
"Shiran J Kumarasinghe","https://www.facebook.com/shiran.j.kumarasinghe","[Image Attachment]"
"Shiran J Kumarasinghe","https://www.facebook.com/shiran.j.kumarasinghe","[Image Attachment]"
"Shiran J Kumarasinghe","https://www.facebook.com/shiran.j.kumarasinghe","[Image Attachment]"
"Saman Kumara","https://www.facebook.com/saman.kumara.761354","[Image Attachment]"
"Saman Kumara","https://www.facebook.com/saman.kumara.761354","👌👍👌👍"
"Saman Kumara","https://www.facebook.com/saman.kumara.761354","[Image Attachment]"
"Saman Kumara","https://www.facebook.com/saman.kumara.761354","[Image Attachment]"
"Saman Kumara","https://www.facebook.com/saman.kumara.761354","[Image Attachment]"
"Sawa Sawa","https://www.facebook.com/sawa.sawa.225117","හුත්තෙ ගාල්ල පකයා"
"Sarath Kumara","https://www.facebook.com/tasarathkumaranivithigala","ජනාධිපති සහොදරය එක්ක පුලුවන් නං මුහුණට මුහුණ අභියෝගක් දුන්නනං මරුවට තියෙය්..සිව්ර ඉල්ලෙයි...මුං සාසනයටත් අගෞරවයක් .."
"Samith Ekanayaka","https://www.facebook.com/profile.php?id=1375508201","කම්බ හොරු තමයි කැ ගහන්නේ 😂😂😂මොකද? ඊළගට ඕක වෙන්න පුළුවන් 😂😂😂😂වනචාරීයා 😂😂😂"
"Nimal Mayadunna","https://www.facebook.com/people/Nimal-Mayadunna/pfbid0Ri95UCfZtKMoQuQFhoA61G8c3bFYqwg4FxTxTQVhesrJC9JjwUqv4WsDJ2DXCvFUl","පිස්සු හු#එක්"
"Juda Sanjeewan","https://www.facebook.com/people/Juda-Sanjeewan/pfbid02wkobyiS2cF3T9qUPfUdas4LdeUK7eyWxNrJCA9od17AF7b8wc4cPLr3Dpx9uCkWvl","Meyata den thiyenne mahana wenna"
"Chameera Indika","https://www.facebook.com/chameera.indika","මුන් ආයේ උපසම්පදා කරලා ආවත් වැඩක් නෑ මුන් ගැන ලියන කාලෙත් අපරාදේ"
"Mayuri Karunagoda","https://www.facebook.com/mayuri.karunagoda","සිවුර විනාස කරන පාපතරයො  අවුරුදු 76 රටට කෙලවනකො උබ හිටියෙ විපක්ෂයෙ සක්කුවේද නොදකින් සාසනයත් විනාස කරන පරයො සිවුර දාගෙන"
"Milan Jayawardena - Lazar","https://www.facebook.com/milan.jayawardena","තිත්තගල්ලේ යව නිකායේනුත් පන්නල ඉන්නේ පකයව 😂😂😂මූට තිත්ත්ගල්ලෙයාට තිත්තකහඩිය පෙවිලා 😂😂😂"
"Asaela Chathuranga","https://www.facebook.com/people/Asaela-Chathuranga/61581251888169","Hutta.galla"
"Chandana Jinapriya","","[Image Attachment]"
"චන්දන චන්දන","https://www.facebook.com/9mlydedhbu","[Image Attachment]"
"Mohamed Ifham","https://www.facebook.com/mohamed.ifham.5891","Lajjay oyy namala malimawata jayeaweawa"
"Jerome Steve Wallace","https://www.facebook.com/stevejerome.wallace","Now It is very clear and reason is zero benefits"
"Chamikara Plants","https://www.facebook.com/chamikara.plant.nursery.bandaragma","තිත්ගල්ලෙ තිත්තම වුනා"
"R Sudu Sudu","https://www.facebook.com/gnan.asn.2025","අනිවාර්යයෙන් සහොදරයා"
"Chandra Alageson","https://www.facebook.com/people/Chandra-Alageson/pfbid0aGPeNMpaEbHbQs2g4sEh5q5zMpMCiQ9AtaYHJTLp8hdvp1Ew11dNwDMBwkYtGfMTl","Thiththa galls, umba thiththai yako"
"Thilak Samarasekara","https://www.facebook.com/people/Thilak-Samarasekara/pfbid0278fwFTYwALMUvco8iDaEuyeqqmg45vryq8CZJ14mubyZZYhFpvWF8k6P996yGE1Bl","MU WAXIBANA KIYAPU EKEK"
"Janaka Wathugedara","https://www.facebook.com/people/Janaka-Wathugedara/pfbid02wcPtwLxUxsq577GBCL38RJjca2VtpCF2vrvc1m92fAaBkVm67CULJwxn478YVYj5l","තිත්තයා සමන්ත බන්ඩගෙ දෙවැනි එක 🤣"
"Ma Asanka","https://www.facebook.com/ma.asanka.2025","හරියට හරි ඔය සිද්දිය වෙද්දී මම ලග හිටියේ පොලිසියේ චන්ඩි පාට් දාන්න ගිහින් හොදට අහගත්තා"
"Janitha Kumara","https://www.facebook.com/janitha.kumara.39","රාජපක්ෂ නිකායේ තවත් චිවර ඇදගත් බල්ලෙක්"
"Indika Disdanayaka","https://www.facebook.com/indika.disdanayaka","මහා නායක හිමිවරුන්ට    පේන්නද දන්නෑ මුන්ගේ වැඩ බුද්ධ ශාසනයත් ඉවර කරනවා මුං"
"Kingsley Paul","https://www.facebook.com/kingsley.paul.3192","පිච්චන් නේද.  ගාණයෝ"
"Wishmith Perera","https://www.facebook.com/people/Wishmith-Perera/pfbid02DCYgeTJnNCkuxx2GpVT7qCC9U9qi87PjjpYQLT5v6xM5tXbPK8LMSiPXU6Hsvyf6l","Muth amu horek neda ..Yako mu siuru dagena enna godak un horu"
"Rinooz Mohamed","https://www.facebook.com/rinooz.mohamed.2025","[Image Attachment]"
"Rinooz Mohamed","https://www.facebook.com/rinooz.mohamed.2025","[Image Attachment]"
"Lesly Dias","https://www.facebook.com/lesly.dias.852104","[Image Attachment]"
"Venerable Buddhagayawe Sisilachandra Maithriya","https://www.facebook.com/venerable.buddhagayawe.sisilachandra.maithriya","නැවත එම නඩු එලියට ගන්න කරැණාකරලා  බලධාරිනි?? මු දුශ්ශීල හොර තක්කඩියෙකි. සිවුරුකඩ යනු මූගේ ආරක්ෂක ඇඳුමයි අපද මෙම වසලයා ගැන දන්නවා. මෙවුන් තමා සම්බුදුදහම  විනාශයට, හාස්‍යයට ලක්කරන්නේ. මොහු තම වාසියට මව""""හෝ විකුණන් කන්න හැකි එකෙකි"
"Sanath Nandana","https://www.facebook.com/sanath.nandana.665284","[Image Attachment]"
"Dm Rohan Dasanayaka","https://www.facebook.com/dmrohan.dasanayaka","කාලෙන් කාලෙට මෙරුව මතු වෙනවා වගේ සාසනය කන්ඩ එක එකේ උන් එනවා"
"Kanthi Witharana","https://www.facebook.com/kanthi.witharana.5","නිදන් හොරෙක් 💩💩"
"Titus Samarasinha","https://www.facebook.com/titus.samarasinha","තිත්ත ගල්ලට සිවුර නැත්තම් මොන ප...ද මයිනලට පුකදිල කරන්න පුළුවන් සියලුම බලුවැඩ කරපු කාලකන්නි බල්ලෙක්.සසනේ පැවැත්මට මුන්වගේ කාලකන්නින්ට නමස්සාර කරන්නත් එපා"
"S.G. Dayarathna","https://www.facebook.com/s.g.dayarathna.2025","ඔය වගේ කහකඩයන්ට කව්ද අනේ හාමුදුරුවෝ කියලා කියන්නෙ.....බුදුදහමටත් සංඝ සාසනයටත් නිගාදෙන කාලකන්නි ජාතියක්....😡😈"
"Sunil Rathnayaka","https://www.facebook.com/sunil.rathnayaka.54300","[Sticker]"
"Samith Wellala","https://www.facebook.com/samith.wellala.2025","මු කාලකන්නි තිත්තගකයො තො රාජපක්ෂ ලාගෙ ගූත් සුවදයි කියන බල්ල"
"Lasantha Perera","https://www.facebook.com/lasantha.perera.714049","Adooo uba Anura sahota deepiya thoge puka... Gon hiwala... Kohe hari indan gon post ekak dala reels yanawa.. Nodokin"
"Lasantha Perera","https://www.facebook.com/lasantha.perera.714049","[Image Attachment]"
"Lasantha Perera","https://www.facebook.com/lasantha.perera.714049","[Image Attachment]"
"Lasantha Perera","https://www.facebook.com/lasantha.perera.714049","[Image Attachment]"
"Bino Bino","https://www.facebook.com/people/Bino-Bino/pfbid0YmnawB36MwajfWFQLMyPdQHY7FbQhPuA68etZZUSDGbtF6E7CreKmuEvpHGuog55l","Super  bro 👌 💯 🙌 💪 🙏 ❤️ 👌"
"Lasantha Perera","https://www.facebook.com/lasantha.perera.714049","[Image Attachment]"
"Lasantha Perera","https://www.facebook.com/lasantha.perera.714049","[Image Attachment]"
"Geethan Jayasekara","","මේ වගේ ලොල්ලෝ දාලා බැරි හින්දා දැන් පිනට කන තව ලොල්ලෙක් හොයාගෙන මොකෙක් ලොලුකං අහුවෙනකම් මූ නටාවි"
"Disanayaka Disanayaka","https://www.facebook.com/disanayaka.disanayaka.273639","සුපිරිම කතාවක් හැමෝටම දැන ගන්න තිත්ත ගල්ල හාමුදුරුවන් වහන්සේ කවුද කියලා දැනගන්න 👌🏽"
"Nishshanka Jayaweera","https://www.facebook.com/nishshanka.jayaweera.166188","තිත්ත ගල්ලගේ  පටි රෝල්"
"Nishshanka Jayaweera","https://www.facebook.com/nishshanka.jayaweera.166188","ආගමක් දහමක්නැති  කහරෙදි පොරවගත්ත තක්කඩි."
"Nishshanka Jayaweera","https://www.facebook.com/nishshanka.jayaweera.166188","රාජපක්ෂලගේ ඇටලෙවකන බල්ලෙක් ඕකා"
"Daramsena Kathaluwahewage","https://www.facebook.com/people/Daramsena-Kathaluwahewage/61589970675847","Super video   fit  ,watch end thanks"
"Mohamad Baseer Kwt","https://www.facebook.com/mohamad.baseer.kwt","[Image Attachment]"
"Sera Aluthwatta Aluthwatta","https://www.facebook.com/sera.aluthwattaaluthwatta","Me enne eliyata"
"Anuradha Anuradha","https://www.facebook.com/anuradha.anuradha.887277","[Sticker]"
"Upali Weerathunge","https://www.facebook.com/upali.weerathunge.9","මුගේ ගුරු රාජපක්ෂ නිකායේ මහ එකා"
"සුනිල් ශාන්ත","https://www.facebook.com/lalith.priyadarshana.5246","[Image Attachment]"
"Bandula Dharmasena","https://www.facebook.com/people/Bandula-Dharmasena/pfbid02m7z9LHL31uigTHHhcZQbbBFXxYuDKcYPYKhQ2UmfbD9Mm2wgtrg4aYqvVwrdhYufl","තිත්ගල්ලේ  ගේමක් ගහන්නේ  නානසාර  හිරේයවන්න අටවන  උගුලක් ඒක පැහැදිලියි .නිදහස් කරගන්න නම් අත් සන් මොකටද ජනපති හමු වෙලා කියන්න පුලුවන්  නමුත් අනුරට බනින්න ආන්ඩු විනාසකරන්න සුන් බුන් එක්ක ගේමක්  ගහන පාහර වැඩක්  නිදහස  සුම්මා"
"Kulatunga Kulatunga","https://www.facebook.com/kulatunga.kulatunga.581","[Sticker]"
"Ajantha Shelton","https://www.facebook.com/ajantha.shelton.1","[Image Attachment]"
"Sarookmohamed Sarookmohamed Gamage","https://www.facebook.com/tharanga.gamage.7982","oya hariyatama hari"
"ටිශාන් රො","https://www.facebook.com/people/%E0%B6%A7%E0%B7%92%E0%B7%81%E0%B7%8F%E0%B6%B1%E0%B7%8A-%E0%B6%BB%E0%B7%9C/pfbid02cF4TQhkfkf52i9gfWcYG7A2ykhHw5vxuWDTpzCGKUpXPD1F8iA2KHmfkzZv7FSX4l","තිත්ත ගල්ලෙ. සමන්ත බද්ද   පයින් ගහලා එලවන්න බවුද්දයො ඉදිරියට එන්න . 😃"
"Krisantha Hewage","https://www.facebook.com/krisantha.hewage.2025","ආගමක් දහමක්නැති  කහරෙදි පොරවගත්ත තක්කඩි."
"ටිශාන් රො","https://www.facebook.com/people/%E0%B6%A7%E0%B7%92%E0%B7%81%E0%B7%8F%E0%B6%B1%E0%B7%8A-%E0%B6%BB%E0%B7%9C/pfbid02cF4TQhkfkf52i9gfWcYG7A2ykhHw5vxuWDTpzCGKUpXPD1F8iA2KHmfkzZv7FSX4l","තිත්ත ගල්ලෙ කරේ  නාන සාර තව තවත් හිර කරපු එක.😃"
"ටිශාන් රො","https://www.facebook.com/people/%E0%B6%A7%E0%B7%92%E0%B7%81%E0%B7%8F%E0%B6%B1%E0%B7%8A-%E0%B6%BB%E0%B7%9C/pfbid02cF4TQhkfkf52i9gfWcYG7A2ykhHw5vxuWDTpzCGKUpXPD1F8iA2KHmfkzZv7FSX4l","බුදු දහම කන ප  යා"
"Sudath Weerasuriya","https://www.facebook.com/sudath.weerasuriya.2025","Respect .... 💖💖💖💖💖💖💖👍👍👍👍👍👍👍"
"Jayanthi Manoranjana","https://www.facebook.com/jayanthi.manoranjana","සිව්රු හොරුන්ට කොහෙන්ද  නායක හාමුදුරුවරු"
"Ctm Musicsl","https://www.facebook.com/singing.song.2025","සංඝ අධිකරණය ඉදිරියට එන්න ඕනේ දැන් බලාගෙන හිටියා ඇති"
"Wimal Perera","https://www.facebook.com/wimal.perera.568","Quite nice  , peoples came to know about his petigree"
"Chaminda Kumara","https://www.facebook.com/chaminda.kumara.637186","සුපිරි ඇත්ත කතාවක් බුදුසරණයි සහෝදරයා ❤🌹🙏"
"Lalith Prasanna","https://www.facebook.com/lalith.prasanna.370","[Image Attachment]"
"Sisira Pushpakumara","https://www.facebook.com/sisira.pushpakumara.752","[Sticker]"
"Disanayake Disanayake Mudiyanselage","https://www.facebook.com/disanayake.disanayake.mudiyanselage.2025","[Sticker]"
"Ls Dias Dias","https://www.facebook.com/people/Ls-Dias-Dias/pfbid0YM77HqkEE7xsrtZiVF9zMzJ6ioxUjot37Djcw4MAy7mQQVC2WtvXpqJpMkoPVZVGl","[Sticker]"
"Suresh Kumar Suresh","https://www.facebook.com/profile.php?id=100090063785350","Vanacharaya"
"Sriya Chuti","https://www.facebook.com/sriya.chuti","දැන් හරිනෙ 😂😂😂😂"
"Chandani Lalitha","https://www.facebook.com/chandani.lalitha.75","චීවර  ධාරියෙක් සමග මොන කතාද."
"Gihan Kankanamge","https://www.facebook.com/gihan.kankanmge","[Sticker]"
"Udenee Bandara","https://www.facebook.com/udenee.bandara","තිත්ත ගල්ලෙනේ කැරි පකෝ නාමල්ගේ අසූචි කාපිය අනුරට කථා හදන්න තෝ මොන හුත්තෙක්ද බුද්ද සාසනේනොකා අම්මට.. හු....... පිය"
"Pasindu Kalhara","https://www.facebook.com/people/Pasindu-Kalhara/pfbid02PaqipAfrKj3trZzHdUHkE7zKwYMjkT1mf5GKVCvFfk5E8pizAhN8ip74TfGvXvyYl","අසික්කිත සුක්‍රදාතූ. මේ තිත්ත ගල්ලේ මූවත් නිදහස් කරපු නඩුවලට හිරේ දන්න ඕනේ"
"Balasundaram Kalaignanasundaram","https://www.facebook.com/balasundaram.kalaignanasundaram","Where is buddist   Most respected personalty"
"Balasundaram Kalaignanasundaram","https://www.facebook.com/balasundaram.kalaignanasundaram","Who are you challenged his excellency to invited for face to face your have be in Bansala not political arena"
"Jaya Weerasinghe","https://www.facebook.com/jaya.weerasinghe.549","Agreed.  He is an idiot"
"Kuresha Faleel","https://www.facebook.com/kuresha.faleel","Nodkin Shame about you self"
"Segar Segaran","https://www.facebook.com/people/Segar-Segaran/pfbid08HHrEJqcu5JwKFnamLPjJDB6Dj8afZgCt9KzkEqwsiXeqDv2cARpHCyJ7f7VPxwql","Qa"
"Sam Piries","https://www.facebook.com/sam.piries","Uttegalle ponaya"
"Chanaka Ranes","https://www.facebook.com/chanaka.ranes","K.l.k.nniya"
"Kms Jayasooriya","https://www.facebook.com/people/Kms-Jayasooriya/pfbid02BvikSDU2x7NH7Eg9m7YAXptxgb1XXRMyt5xPmprZD8oSznmgpg5ohRjHjKhwWiHxl","Sakkilya"
"Chandrasena Gamage","https://www.facebook.com/chandrasena.hamanduwagamage.5","Onna tittagallege tarama"
"Prasanna Embuldeniya","https://www.facebook.com/people/Prasanna-Embuldeniya/pfbid02zi9y2wFX4NwNkDnY572FcfNXcZ59ft1fEc9BC52z11bkH9baHecTDnxkFprzmkbsl","Neme"
"Janith Samaraweera","https://www.facebook.com/janith.samaraweera.35","Namala mala😂"
"Ariyarathna Habaragoda","https://www.facebook.com/ariyarathna.habaragoda","Pzra sakoli bzllek"
"Chinees Foods","https://www.facebook.com/chinees.foods","Good"
"Athula Senarathne","https://www.facebook.com/athula.senarathne.18","Yes"
"Priya Vincely Soysa","https://www.facebook.com/priya.warusha","mu horekney 🐕"
"Sunny Perera","https://www.facebook.com/people/Sunny-Perera/pfbid02qm5aZeziX1ckzsDpPpfWpoDnWf1y2F7cFTP9bsDYccuQHPinkLRyaxzrkDnQcibbl","This person wearing a yellow Rob isn’t a monk, he is a monkey"
"Sarookmohamed Sarookmohamed Gamage","https://www.facebook.com/tharanga.gamage.7982","mara minusu"
