User Name,Profile Link,Comment
"Hirushan Malalasekara","https://www.facebook.com/hirushan.malalasekara.3","හාමුදුරුවනේ. ඔබවහන්සේ ඉතාමත් මානසික වියවුලෙන් ඉන්නවා කියලා තේරෙනවා. ළඟ පාතක ඉදියා නන් මම එනවා බලන්න.  ඔබවහන්සේ කරේ ඉදා බුදු හාමුදුරුවෝ කර වැඩේට බොහෝ සෙයින් සමාන වැඩක්. එදා භාරතේ බ්‍රාහ්මණ ආගම සමාජයේ සමාජ, දේශපාලන, ආර්ථික ආදි  සෑම අවස්ථාවක්ම ගිල ගෙන ඉන්න කොට, සමාජයේ සෑම දෙයක්ම බ්‍රාහ්මණ ආගමත් එක්ක නිර්වචනය වෙන කොට ඒකට විරුද්ධව පටිසෝතගාමී ගමනක් සාර්ථකව බුදු හාමුදුරුවෝ පටන් ගත්තා. පටන් ගත්තේ බුදු හාමුදුරුවෝ විතරක් නෙමෙයි ශඪ් ශාස්තෘවරු ඇතුළු අන්‍ය ආගමිකයොත් නව අදහස් ඉදිරිපත් කරපු අය. හැබැයි පොළොවේ පැළ වුනේ බුදු හාමුදුරුවගේ මතය.. හාමුදුරුවෝ වර්තමාන වාණිජ බුදු දහමත් සියවස් ගණනාවක් පුරා සමාජයේ සමාජ, ආර්ථික, දේශපාලන වගේ හැම ක්ෂේත්‍රෙකම පැතිරිලා ඉවරයි. ඒකට නව අර්ථකථන දෙන්න ගියාම ඔය වගේ ප්‍රශ්න එනවා. ඇත්තටම ඔය ගාණින් ප්‍රශ්න ඇවිල්ලා මදි. මොකද ඔබවහන්සේ අභියෝග කරන්නේ සියවස් ගණනක් භක්තියෙන් කර ගෙන ආපු ආගමික කාරණා වලට. ආගමෙන් දර්ශනය වෙන් කරන්න හදන එක ප්‍රඥා ගෝචරයන්ට හොඳ වුනාට සංස්ථා නඩත්තු කරපු අයට හොඳ නෑ..  තිත්තගල්ලේ හාමුදුරුවෝන්ගේ දර්ශනය ඔබවහන්සේට ගැළපෙන් නෑ. උන්වහන්සේ ඔබ වහන්සේ ට ඉඩමක් දෙනවා කියන තැනම උන්වහන්සේගේ භාරයට ඔබවහන්සේව ගත්තා හා සමානයි. එහෙම නොවේ කියන්න උන්වහන්සේ ගෙනාපු තර්කය තමයි මීට කලිනුත් මේ විදිහට ඉඩමක් හාමුදුරුවෝ කෙනෙක්ට දුන්නා ආයි බැලුවෙවත් නෑ කියන එක. හැබැයි ඒ කියන හාමුදුරුවෝ කවුද මොනවද කරන්නේ කියලා අපි දන් නෑ. කොටින්ම ඒ හාමුදුරුවෝ තිත්තගල්ලේ හාමුදුරුවෝන්ට අභියෝගයක් නෙමෙයි. හැබැයි ඔබවහන්සේ උන්වහන්සේට පැහැඳිළි අභියෝගයක්. ඒ අභියෝගය ඉත්තෙකුට ගන්න ගත්තු උත්සාහයක් මිසක් ඔබවහන්සේට උන්වහන්සේ කල්‍යාණ මිත්‍රයෙක් වූවා යැයි සිතිය නොහැකිය.  හාමුදුරුවගේ අටලෝ දහමින් කම්පා නොවන්න. වචනෙන් හරි ශක්තියක් වෙන්න ඔබවහන්සේ එක්ක අපි ඉන්නවා. එකම යෝජනාව කොයි පක්ෂයකටවත් දේශපාලනය කරන්නෙපා කියන එක..  තෙරුවන් සරණයි අපේ Kekirawe හාමුදුරුවනේ ❤️🙏"
"Anil Pannila","https://www.facebook.com/anil.perera.807329","``ගහෙන් වැටුණත් ගොනා ඇන්නත් තිත්තගල්ලෙ හාමුදුරුවනෙ මම මගේ ස්ථාවරයන් හා අදහස් රිවස් කරන්නෙ නෑ.මම ජාතිවාදයට විරුද්ධයි,මම ආගම්වාදයට විරුද්ධයි.මම කැමති සමාජ,ආර්ථික අතින් දියුණු තත්වයකට ලංකාව යනව දකින්න..``🥰"
"Geethanjalee Karunarathna","https://www.facebook.com/geethanjalee.karunarathna","ඔබ වහන්සේ තිත්තගල්ලෙ හාමුදුරුවෝ එක්ක කරපු හැම යූ ටියුබ් වැඩසටහනකටම කට්ටිය කමෙන්ට් කරලා තිබුනා තිත්තගල්ලෙගෙන් පරිස්සම් වෙන්නය කියලා...සන්නස්ගල සර් පවා ව්‍යංගයෙන් ඒ බව කිව්වා මතකයි....මේ තරම් පරිණත බුද්ධියක් තියෙන ඔබවහන්සේටත් ඒ උන්නාන්සේ ගහන්න ගිය ගේම නොතේරුනේ ඇයිද මන්දා...🙏🙏🙏🙏"
"Thushari Sena Lika","https://www.facebook.com/profile.php?id=100004932274417","Geethanjalee Karunarathna ඇත්ත"
"Thisara Withana","https://www.facebook.com/Withana1399","Geethanjalee Karunarathna me hamuduruvanva etharan asarana una ema velavaka thiththagallege mama pora agenda ekata vada kara echcharai aththatama pau mun vahanse"
"Dilshan Madu","https://www.facebook.com/madushanka2","සු'ද්දන්ටත් බ'න කියපු ති'ත්තගල්ලෙගෙ ට්‍රැ'ක පැ'න්නුවෙ රා'ජපක්ශලගෙ කොන්ත්‍රාත් එකකින්ද 🤷🙂"
"Suranga Prasad Manathunga","https://www.facebook.com/profile.php?id=100002453940972","Dilshan Madu රාජපක්ෂල හැමදාමත් කරේ උන්ගෙ මතය ගෙනියන කුලී කාරයන් බිහි කිරීම.ඥානසාර නැතිවුනේ උන්ගෙ කුලීකරන්න ගිහින්.මැදමුලනෙ බත් කාපු උන්ට දෙයියන්ගෙම පිහිටයි ."
"Dilshan Madu","https://www.facebook.com/madushanka2","Suranga Prasad Manathunga Nanasarage bodu bale patan gattema gotage backup eken."
"Asoka Darshana","https://www.facebook.com/hidellanage","පොඩි ලමයෙක් වගේ හැසිරුනේ ප්‍රස්නෙ ඇති වෙච්ච වෙලේ.. අර පිස්ස අල්ලගෙන youtube කාරයො පස්සෙ දිව්වෙ පිස්සුවෙන් වගේ. කොයි තරම් ආදරෙන් කී පාරක් නම් ඔබ වහන්සේට අපි කී දෙනෙක් නම් කියන්න ඇද්ද??  ඔබ වහන්සේට මම වරක් කීවා ඔබ තාම තරුන නිසා ඉන්මනින් ආවේගශීලී වෙනවා කියල... කාලෙකදි ජවිපෙට පෙනී ඉන්නව, ඊලගට අම්ම මෝ නැතුව බනිනව... හරිම වික්ශිප්ත මනසක්නෙ අපෙ හාමුදුරුවනෙ..  ඕක තේරුම් ගන්න බලන්න. ඔබ වෙනුවෙන් පෙනී ඉන්න මිනිස්සුත් නෝන්ඩි වෙනවනෙ."
"Nandasiri Pattiarachchi","https://www.facebook.com/nandasiri.pattiarachchi","සුදස්සන හාමුදුරුවනේ තේරුම් ගන්න චීවරයට තියන සමාජ දේශපාලන බලය හරි ප්‍රභලයි දැන් ආර්ථික බලය සදහා භික්ශූන් අතර තරගයක් ඇතිවෙලා තියනව ඒකේදි භික්ශූන් අර සමාජ වටිනාකම් වලට මුවාවෙලා කරි සටකපට හා සමහර වෙලාවට සමාජ අත්දැකීම් අඩු නිසා මෝඩ විදිහට හැසිරෙනව නමුත් සමාජය ඒවා මෝඩකම් ලෙස දකින්නෙ නෑ ඒ තරම් බලවත් සමාජ බලයක් ඔවුන්ට තියෙන්නෙ මොන මෝඩ වැඩේ කලත් මෝඩකතාවක් කීවත් ඒ සියල්ල ධර්මය ලෙස දකින නිවට මිනිසුන් සමාජය පිරිල ඔබෙ ප්‍රතිවාදීයා ප්‍රභල හඩක් හා ශරීරයක් යුත්තයි නමුත් වචන භාවිතාවේදි මුල මැද අග එකිනෙකට සම්භන්දයක් නෑ එහෙම දියුනු භාවිතාවක් ඔහුට හුරුනෑ ඉතින් ලග නවන ලග කපන ලග බැදෙන ගති වලින් පෝශිතයි ඒක තේරුම් ගන්න ඔබට බැරි උනාද .. ආගම සා සමාජ සංවර්දනය පිනිස ඔබ ගත් ප්‍රවේශය ඉතා වැදගත් ඒ වගේම ඒ සදහා වබ අවභෝදය ඉතා වැදගත් ඒ මගින් බැහැර වීම ඔබට අයිතියක් නෑ මොකද ඔබේ ප්‍රතිවාදීන් මෙන් දහස් ගනන් බිහිවේවි ඒ අය සමාජ සංවර්දනයට අඩතියන අය මිස වෙන අය නොවේ ඔබට අනුගාමිකයන්  අඩුවේවි නමුත් ස්ටාවරය වෑදගත්. අමතක කරන්න එපා  මිනිසාට ජීවත් වීමේදී වෙන සතුන්ට මෙන් නොව කාගෙහෝ පිලිසරනක් ඕනෑ යන හැගීන හැමෝටම තියනව ඒක තමා ප්‍රාත්මික ඇදහීම් මෙන්ම සංවිධානාත්මක ආගම් බිහිවීමේ ඉඩ නිර්මානය වූයේ ඒ නිසා තව අවුරුදු දහස් ගනනක් ආගම් හෝ එවැනි ස්වරූපයේ පද්ධතියක් පවතීවි  අපි තේරුම් ගන්න ඕනැ දේ තමයි මේ ආගම් වලට තවදුරටත් සමාජ සංවර්දනය සදහා අවස්‍ය මගපෙන්වීම ශක්තිය විශ්වාසය දරාගන්න බෑ අලුත් විශ්වාස පද්ධතියකින් විශ්ථාපනය වීම හෝ මේව්වායේ සමාජ වෙනසට දායක වියහැකි සේ වෙනසක් පරිවර්තනයක් වෙන්න ඕනැ එසේ නොමැති වූවිට අදාල මානව සමූහයා සමගම නශ්ඨ වී යනු නිසකැයි .. කොතනින් හෝ පටන් ගන්න ඕනැ ඒ ප්‍රහාරය එහෙම කීවොත් සැර වැඩියි තමා ඒත් ඔබගේ ප්‍රවේශය ඉතා විශිස්ඨයි සීරුමාරුවෙන් පියවර තියන්බ ඕනැඇතිවන ආපසු ප්‍රහාරය බලවත් .. බුදුන්ටත් මේ අභියෝගය එන්න ඇති ධර්මාශෝකට ආගම දේශපාලනය හා පටලන්න ඕනැ වෙන්න ඇති .. සමස්ජ වෙනසක් කරන්න හිතන දේශපාලන ව්‍යාපාරයකට අද්‍යාත්මික විශ්වාශ පද්ධතියක් ඕනැ"
"Palitha Senanayaka","https://www.facebook.com/palitha.senanayaka.12","Kekirawe Sudassana Himi  සමන්ත්‍රභද්‍ර හිමියන් හා Thithagalle Anandasiri  හිමියන් පෙන්වා දුන් දාර්ශණික මතවාදය වෙනුවෙන් අපිට තිබුනේ යම් පැහැදීමක්. නමුත් හොරුන් තක්කඩියන් දූෂිතයන්  වෙන්වෙන් පෙනී සිටීම ගැන  දැන් ඇත්තේ අපහැදීමක්. සුදස්සන හිමියන් විමසීමෙන් බුදුන් දකින මග පෙන්වාදීම අප අගේ කරන්නෙමු.  තව දුරටත් නිගන්ඨ ගුබ්බෑයම් සුනුවිසුනු කොට ගෞතම බුදුසසුනෙ බුදුකුටිය තැනිය යුතුයි. අපි ඔබ වහන්සේට ශක්තියක් වන්නෙමු. 🙏🙏🙏"
"Prasanna Warusawithana","https://www.facebook.com/prasanna.warusawithana","හැරෙනකොටම අපිනම් දැනගත්තා තැඹිලිගහ කන්නයි ලෑස්ටිවෙන්නෙ කියල."
"Gamini Gopallawa","","තිත්තගල්ලගේ සත්පුරුෂකම හොඳයි බල්ලට දාන්න. සමන්ත භද්‍ර හාමුදුරුවන්ගෙන් ඔක්කොම ඉගෙනගෙන එයාටම කෙලියා. කවුද ඉතින් විශ්වාස කරන්නේ මෙහෙම අය."
"Dinusha Liyanage","https://www.facebook.com/profile.php?id=1468569748","එක පාර හතර අතේ වනනවා දක්ක, ඊටත් පස්සේ තමා සාස්නෙන් නෙරපන එක දක්කේ ,  නිකම් නෙ, කලබල වෙලා තියෙන්නෙ , දැන් සාසනෙන් නෙරපෙන වැඩේ හරිනේද, මම ඒත් බලුව මොකද  හදිසියේ මෙහෙම වුණේ කියලා,   22 ගෙනාවෙත් ඕකටම තමා . ඔන්න ඔහොම  ගලපෙන බන පදයක් කියාගෙන නිදහසේ ඉන්න අපේ හමුදුරුවෝ , කුනුහරුප කොම්මෙන්ට් නුත් නැ .   ඔය අලකළංචිය අස්සෙ ,  නාගානන්ද උසාවි යනවා දක්ක, නෙරපන්න කියලා . එයාත් දනුවත් වෙලා අති මගෙ හිතේ .   🙏🙏"
"Rajarathna Jayawardena Arachchilage","https://www.facebook.com/rajarathna.jayawardenaarachchilage","කරදරයකදී, ප්‍රශ්නයකදී,පිහිට උනා උදව්කලා කියලා,කෙනෙකුගේ හර්දශාක්ෂිය ,හිලව්කරගන්න යනවානම් තම අභිමතයන් මුදුන්පමුනුවාගන්න යනවානම් ඒක නියම මිත්‍රත්වය නොවේ..අවස්තාවාදීකමම තමා.."
"Thushari Sena Lika","https://www.facebook.com/profile.php?id=100004932274417","එදා  සන්නගේ  පෝග්‍රෑම්  එකට  ගිහින්  ඔබවහන්සේට  වචනයක්  කතා  කරන්න  නිදහසක්  දුන්  නෑ  පැන  පැන  උත්තර  දුන්නේ  මට  නම්  මොන  වරද  කරත්  නාමල්  වෙනුවෙන්  පෙනි  ඉන්නව  කියපු  දාම  උන්ද්ස්ව  මම නම්  නානසාරගේ   ,සමන්ත  බඩ්ඩගේ  කුනු  කුඩෙට  මෙයාවත්  හැලුවා....ඔබ වහන්සේ   ඔකුන්  එක්ක  පෑහෙන්  නැතුව   අර  යුටියුබ්  එකකින්වත්  අපිට  නියම  දර්මය  ගැන   කියාදෙන්න"
"Darshana Weerapperuma","https://www.facebook.com/darshana.weerapperuma","දූෂිත තක්කඩි පවුලක් මේ රටේ වටිනා සංස්කෘතික හර පද්ධතීන් සහ පුද්ගලයන්ට කරපු හානියෙ එක් පැතිකඩක් තමයි බුදුන් වහන්සේ වදාළ පංචානන්තරීය අකුසල කර්මයන්ගෙන් එකක් වන සංඝභේදය ! ඒව තමයි අද අපේ ඇස් පනාපිටම ඔවුන්ට ප්‍රතිවිපාක දෙන්නේ හාමුදුරුවනේ . ඔවුන් මේ රටේ මිනිස්සු වෙනුවෙන් හොඳ වැඩ කරල තියෙනවා .හැබැයි ඔවුන් මේ රටේ මිනිසුන්ට සමාජෙට සිදු කළ හානිය අතිවිශාලයි."
"Arriya Magga","https://www.facebook.com/upul.fernando.35380","සෑම විටම අප අවබෝධ කොට ගත යුතුයි පෘතග්ජන භූමියේ සිට යමෙක් තවකෙකු හට උදව් උපකාර කිරීමට පෙළඹෙන්නේ නම් ඔහු හෝ ඇය තුළ සැඟවුණු අවශ්‍ය තාවයක් ඇති බව.. ඇසුරු කරන්නා ඒ බව දැන ඇසුරු කළ යුතුයි"
"Harshana Dhananjaya","https://www.facebook.com/harshana.dhananjaya.2025","Arriya Magga 💯✅🙏"
"Gamini Gunarathne","https://www.facebook.com/gamini.gunarathne.35","සන්නස්ගල එක්ක යූ ටියුබ්  සාකච්ඡාවට තිත්තගල්ලෙ හාමුදුරුවෝ ආපුදවසෙම මටනම් හිතුනා ඔබවහන්සෙට නොගැලපෙන ඇසුරක් කියල"
"Eranga Sumudu","https://www.facebook.com/eranga.sumudu.92","දැන් මෙ නරා වලෙ සාකච්ඡා අත් හැරලා ධර්මයා හා පවතින ලෝකය ගැන අපි කතා කරමු..මුදල් පසු පස හඹා යන ලෝකෙ (ලිබරල්) ලාභය පමණයි අන් කිසිවක් නෑ, සියල්ල විකුණා කති...ඔබ වහන්සෙ ඔය කියන බුදුන් නොකි නිකායන් වලින් ඉවත් කිරිම හොඳයි කාටත් ගැතිනෑ ඔබ වහන්සේ දැන් ස්වාධීන ස්වාමින් වහාන්සේ නමක්..දැන් සාකච්ඡා කරමු"
"Eranda Sandaruwan Liyanage","https://www.facebook.com/erandasa52643821","Upul Sannasgala  බොසා මොකද කියන්නෙ. තිත්තයා ඔයා ඉස්සරහ කියපු ටික මතකයිනේ 😁"
"Hemal Wasantha","https://www.facebook.com/hemal.wasantha","Thithagalle Anandasiri ගැන නම් කොහොමත් පැහැදීමක් නෑ, මට මුලින්ම හිතුනේ කැකිරාවේ හාමුදුරුවො වෙනුවෙන් පෙනී ඉන්නවා කියලා පෙන්නලා, හාමුදුරුවො සහ හිතවතුන් ටික එයාගෙ පැත්තට නම්මගන්න හදනවා කියලා... දැන් ඇත්ත පැහැදිළියි . අපෙ හාමුදුරුවො ඔය කුණ්ඩවාල වලට පැටලෙන්න එපා!"
"Weerasena Bibile","","හාමුදුරුවනේ, තිත්තගල්ලේ කියන්නේඅමුතුම ආකාරයේ සතෙක්, එයා කියපු බණ ඒවාටම මතක නෑ. රාජපක්ෂලා වෙනුවෙන් හෙළුවෙන් උනත් පෙනී ඉදීවි. එයා පෙන්නමින් ඉන්නවා,තමන් රාජපක්ෂ නිකායේ කෙනෙක් කියන එක."
"Vichith Weerasinghe","https://www.facebook.com/vichithumayanga.liyanage","Weerasena Bibile තොගෙ අම්ම වෙනුවෙන් පෙනී හිටපන් කල්ල්තොනි"
"Romesh Nilanga Ramanayake","https://www.facebook.com/people/Romesh-Nilanga-Ramanayake/100009207316687","ප්‍රශ්නේ ඇතුලේ ඉන්න බවහන්සේට ඔක පෙනුන් නැති උනාට එලියේ ඉදන් බලන අපිට හොදට ඔයටික පෙනුනා..නාමල් වෙනුවෙන් පෙනී ඉන්න් නිසා එකේ කුනු වහගන්න තම ඔබවහන්සේ පාවිච්ව් කරේ .. තෙරුවන් සරනයි හාමුදුරුවනේ..මිනිස්සු ඔබවන්සේ එක්ක ඉදී"
"Maduka Thaksala Fernando","https://www.facebook.com/madukaf","මම නම් එදා ඔබ වහන්සේ ආනන්දසිරි එක්ක වීඩියෝ වලට ඉන්න වෙලේම තේරුම් ගත්තා. එක එකා වීව්ස් ගන්න කරන වැඩවලට ඔහොම අහු වුනා කියන්නෙ ඉතින් ආයෙ කතා කරල පලක් නැ. දැන්වත් පහුවෙලා තේරුම් අරන් ක්‍රියාත්මක වුන එක හොඳයි. කොහොමද අර හදල දෙනව කිව පන්සල ගත්ත නම් 🤣. ආයෙ වසන්න වෙන්නෙ නැ"
"Dhanush Gamage Hiniduma","https://www.facebook.com/dhanush.gamage.hiniduma","තිත්ත ගල්ලේ තිත්ත බව තව තවත් පසක් කිරීමට ස්තූතියි අපේ හාමුදුරුවෝ ❤️👍"
"Chandrasiri Ranadheera","https://www.facebook.com/chandrasiri.ranadheera.1","මම හිමියනි, ඔබ වහන්සේ සමග යි. තිත්ත යා පරාජික යි දැනටමත්."
"Sumudu Madduma Arachchi","https://www.facebook.com/dilan.maddumaarachchi","පණි වරක ගහටත් හෙණ ගහනව කියන්නෙ නිකන්ද නේද?🤌   ඔන්න ඔය ඉඩං කෑල්ල දීල දාන්න අපෙ Kekirawe Sudassana හාමුදුරුවනේ"
"Lakal Samaranayaka","https://www.facebook.com/lakals","තිත්තයි"
"Gayan Suranga Dodangoda","https://www.facebook.com/surangadhg","ඔබ වහන්සේ තාම ළාමක වැඩියි. ඒකයි තිත්තගල්ලෙ වගේ එකෙක් අතින් පාවිච්චි උනේ"
"Lokuliyana Loku","https://www.facebook.com/lokuliyana.keerthi","තිත්තගල්ලෙ ඔබවහන්සේ වෙනුවෙන් එකතු කරපු සල්ලි දුන්නද ඉතිං"
"Suresh Dalpadadu","https://www.facebook.com/suresh.dalpadadu.2025","ඕකා කපටියෙක් බව පේනවා. ඒත් මං හිතුවේ නෑ ඔබතුමාටත් මේ වගේ බලු වැඩක් කරයි කියලා.  ඔබතුමා ගැන සත්භාවයෙන් මිනිසුන් දුන්න සල්ලිත් දැන් ගල ගොඩ අත්තේලාට වියදම් කරනවා, සමහරවිට ගලේටත් කැමති කැමතියි ඉන්නවනේ. උන්ගේ සල්ලිත් අරගෙන අවස්ථානුකූලව හොඳ ගේමක් ගහන්න පුළුවන්."
"Darshana Muthuwadige Chari","https://www.facebook.com/charita.darshana","මේක තාම ගොබ්බ රටක් මේකේ ඉන්න හැකි මොඩයන් එවා වෙනස් කරන අයට ....ඉන්න ..."
"Nirmal Peiris","https://www.facebook.com/peirisnirmal","මම ඔබවහන්සේට කිව්ව කොමෙන්ටුවකින් ඔය තිත්තගල්ලෙ කියන 💩 විස්වාස කරන්න එපා කියල. ඔබ වහන්සේ බයවෙන්න එපා. ඕකුන්ට නටන්න පුලුවන් ආන්ඩුවක් නෙමි තියෙන්නෙ."
"Themiya Adikari","https://www.facebook.com/panduka.adikari.9","Nirmal Peiris මේ වහන්සේත් වෙනම ට්‍රැක් එක්ක යන්නෙ, අභි දර්මෙන් දෙන්නෙ... සිවුර ගැලවෙයි කියලා අඬනවා ඒත්"
"Crishaantha Subhaash","https://www.facebook.com/profile.php?id=100011875440615","වචනයේ පරිසමාප්ත අර්ථයෙන්ම තිත්ත පොරක්"
"Dilshan Madu","https://www.facebook.com/madushanka2","ති'ත්තගල්ලෙ ලොකු ප්‍රොජෙක්ට් එකක් අරන්. පාඩුවෙ වැඩක් කරන් චි'ල් එකක් දාගෙන ඉදියෙ. එකපාර හි'ච්චි කු'ඩාපොල හි'මි වෙලා 😂😂😂"
"Aruna Gunathilaka","https://www.facebook.com/okinta.hotel","දැන් වත් තෙරුම් ගත්තා නම් ලොකු දෙයක්...තිතගල්ලෙ කරන්නෙ බිස්නස් ...."
"Ayesha Herath","","මම ඕක කලින්ම කිව්වා ඔබ වහන්සේ ට.බලාගෙන වැඩ කරන්න කියලා."
"RK Mahinda","https://www.facebook.com/rk.mahinda","තිත්තගල්ලේ කියන්නෙ අවස්ථාවාදී දේශපාලන අතකොළුවක්.. එයාට ඕන වුනේ ඔබ වහන්සේවත්  අවභාවිතා කරල,  එයාගෙ ඇජෙන්ඩා එක  සපුරා ගන්න...  ඥාණසාර වගේම  අතකොළුවක්, වැඩිය ගනන් ගන්න ඕන නෑ..........."
"Chaminda Bandara","https://www.facebook.com/chaminda.bandara.1004","Thiththagalle kiyannema amanayek mula indalama dannawa, ei obawahanse dananhitiye nadda"
"Amal Thennakoon","https://www.facebook.com/amal.thennakoon.9","තිත්තයා එක්ක සෙට් වෙද්දිම තේරුනා. කමක් නෑ. දැන්වත් සතාව දන්නවනෙ."
"Kanchana Mayadunna","https://www.facebook.com/kanchana.mayadunna","වැඩි කල් නැතිව තිත්තයාගේ දේවල් එලියට එනවා"
"Kamalatissa De Silva","https://www.facebook.com/kamalatissa.desilva","Good move👌…. Ven Thero. Be careful of these evil elements. You’re now on the right path."
"රසා බණ්ඩාර","","ඔබ වහන්සේ ගැලවුන එක ලොකු දෙයක්"
"Krishantha Kavikara","https://www.facebook.com/krishantha.kavikara","ශික්ෂාකාමී සුපේෂල භික්ෂුවක්!"
"Udaya Shantha","https://www.facebook.com/USA.7758","ඔබ වහන්සේට මම කීව නේද ඔය තිත්තගල්ලයා මොන්ගලයෙක් ජාතිවාදියෙක් විශේෂයෙන් පොහොට්ටු කාලකන්නින්ගේ ඉත්තෙක් උන්ගේ කටුකන ඵකෙක් ඌ දන්න ධර්මය රාජපක්ෂ අධර්මය විතරයි නානසාර වෙනුවෙන් පෙනී සිටීම යනු මේරටේ ජාතිවාදය වර්ගවාදය අවුස්සලා මිනිස්සුන්ගේ ලේ රහ හොයන උර්කයෝ. උන්ට විදේශ වල ඉන්න උගත් කියාගත් සමහර උර්කයෝ  සහ මෙහේ රටකාල විනාශ කරපු පාහරයන් කලු සල්ලි ඕන විදියට මේ තිත්තය  නාන වගේ කහරෙදි රදවනවුන්ට වියදමි කරනව. කොහොම උනත් ඔබ වහන්සේගේ ජීවිත ආරක්ෂාව සදහා නීතිමය ක්‍රියාමාර්ග නොපමාව ගන්න  .කියලුම තොරතුරු cid ලබාදෙන්න"
"Dilhan Rodrigo","https://www.facebook.com/dilhan.rodrigo.5","තිත්තහල්ලෙ ගැන කතාකරල වැඩක් නැ ඔබ වහන්සේගේ  පෙර  කරුමය කට එයාව සෙට් උනෙ ඉක්මනටම අයින්වෙන්න   පරිස්සම්වෙන්න ඇගෙම වයිරය"
"Manoj Rukmal","https://www.facebook.com/manoj.rukmal.75","බෙදී වෙන් වුනා එහෙනම්..?"
"Nalin Thomas","https://www.facebook.com/profile.php?id=1378538952","ඉතා ලස්සන, සංවර ප්‍රතිචාරයක් ❤️"
"Roshan Fernando","https://www.facebook.com/roshan.fernando.897151","Nalin Thomas එකෙන් ම"
"විහඟ රසංජන","https://www.facebook.com/vihanga.perera.374","ඔය pcy මොනවා කරන්නද හාමුදුරුවනේ..."
"Ranga Disanayaka","https://www.facebook.com/ranga.disanayaka.72379","දැන් වත් තේරුනානම් ඇති, තිත්තගල්ලේ තිත්තයි කියලා,"
"Gayan Siriwardhane","https://www.facebook.com/gayanbuddhika.siriwardahana","Thushan Thiwanka"
"Indrajith Silva","https://www.facebook.com/indrajith.silva.300894","[Sticker]"
"Udaya Sampath D Kapugalage","https://www.facebook.com/udayasampathd","තිත්තගල්ලෙ කියන්නෙ රාජපක්ෂලගෙ කොන්ත්‍රාත් කාරයෙක්"
"Ravindra Dayawansha","https://www.facebook.com/ravindra.dayawansha","මොකක් හරි යටි අරමුණක් ඇතිව ඉබ වහන්සේට උදව් කරන්න ආවේ කියලා හිතුනා. ඒත් ඒ වෙලාවේ වෙන කවුරුවත් ඉදිරිපත් නොවී මුණිවත රැක්කා. නමුත් ඥානසාර හාමුදුරුවන් වෙනුවෙන් කට්ටියම.මහා ඝෝෂාවක් නගමින් පෙනී හිටියා. ඒ බෞද්ධකම රැකගන්න කියලා කාට හරි හිතුනා නම් එයාලා පව්. ඔබ වහන්සේගේ ගමන පැහැදිලි. නිරවුල්. ජයම වේවා"
"Sanath Rasingolla","https://www.facebook.com/sanath.rasingolla.9","සුදස්දන ස්වාමීන් වහන්සේට  අදාල පොලිස් ස්ථානයට ගිහිං මතු ආරක්ෂව වෙනුවෙන් පැමිණිල්ලක් දාන්න සුදස්සන හාමුදුරුවනේ විඩියෝ කෝල් තර්ජනය කිරීම් එක්කම. මුලදීම අපි කිව්වා ඔබ වහන්සේට මේ සාටක සංඟපාතල තිත්තයගෙන් අයින්වෙන්න කියලා. දැන්වත් රටේ ජනතාව කියන දේවල් වලටත් ඇහුම්කන් දෙන්න. තෙරුවන් සරණයි👏"
"Harshana Kaluaggala","","Thithagalle Anandasiri ඊයා හුත්# තො ඊයා.. බුදු හාමුදුරුවො හිටියනම් තෝව දැකලා බඩ කපාගෙන පිරිනිවන් පාන්නෙ..."
"Shiran Wickramasinghe","https://www.facebook.com/aravinda.wickramasinghe.9","මුලින්ම තේරුම් ගන්න ඕනි අපි කවුරු එක්කද වඩාත් සමීප සම්බන්ධකම් පවත්වන්නේ, කාගෙන්ද උදව් ගන්නේ කියන එක. විවිධ ජන වර්ග ඇසුරු කරන්න ලැබිලා තියන  මගෙ අත්දැකීම නම් සාපේක්ෂව සිංහල ජනතාව විස්වාස කළ හැක්කේ ඉතා අතලොස්සයි. බොහෝ අය අති සහාසිකයි, බිහිසුනුයි , විස්වානීයත්වයෙන් තොරයි. පිටින් පේන එකා නෙවෙයි ඇතුලෙ ඉන්නේ.  පරිස්සම්න් ඉන්න හාමුදුරුවනේ...."
"Eranda Samarakoon","https://www.facebook.com/eranda.samarakoon.39","සතා එළියට ආපු එක ගැන සතුටු වෙන්න"
"Manjula Chandrapala","https://www.facebook.com/manjula.chandrapala.1","රහතන්වහන්සේ නමක් ඇරෙන්න,එතනින් පහළ කිසිම හාමුදුරු නමකට රාජපක්ෂලාගෙන් බේරිලා ඉන්න බෑ.ඔබ වහන්සේ ගැට්ටටම ගිහින් බේරිලා ආව කියන්නෙ ආශ්චර්‍යයක්.."
"Sugath Wànasinha","https://www.facebook.com/sugath.wanasinha.1","ගිහි උපාසක(නම මතකනැහැ)මහතෙකුගේ පිහිටෙන් අභිධර්මය කටපාඩම්කරගත් තිත්තගල්ලේ ඒවා ගිරවකුමෙන් පුනරුච්චාරණයකළාමිස,ධර්මාවබෝධයෙන් සසුන්මඟ ගිය සැබෑම භික්ෂූන්වහන්සේ කෙනෙක් නොවෙයි.මෙයා මුල්‍ යුගයේ සාමාන්‍ය ලෙස කටයුතුකළත් ලාභසත්කාර, කීර්තිප්‍රශන්සා,තනතුරු,මාලිගා පරයන ආවාස හේතුවෙන් සම්පූර්ණවශයෙන්ම ධර්මමාර්ගයෙන් බැහැරව ගිහියනටදවඩා කාමභෝගී සැපසම්පත් කෙරෙහි ඇලී,සිවුරේ බලමහිමයෙන් ලැබුනු ඒවා වින්දනයකරමින් සිවුරට මුවාව රැකවරනය ලබාගැණීම පමණමයි දැන් සිදුකරමින් සිටින්නේ.අදවනවිට සියළුම දුශ්චරිතයන්හි යෙදෙනවා පමණක්මනොව දූෂිත දේශද්‍රෝහී පාරිජිකාවූ දේශපාළුවන්ගේ කුණුකොන්තරාත්ද අදිමින් සිටී."
"Rajitha Namal de Silva","","කරදරයක් වෙච්ච වෙලාවේ උපකාරයට ආපු නිසා මුකුත් නොකියහිටියා මිසක් අපි මුල ඉදලම දැනගෙන හිටියා එයා මොකටද එන්නේ කියලා.අනුන්ගේ විපත් එයාට ධන උත්පාදන මාර්ගයක් කර ගන්න හදන එක තමයි එයාගේ strategy එක.දැන්වත් ඔබ වහන්සේට ඒ පුද්ගලයාගෙන් ගැලවෙන්න ලැබිච්ච එක ලොකු දෙයක්"
"Awanthi Munasinghe","https://www.facebook.com/people/Awanthi-Munasinghe/100006212977766","අපේ හාමුදුරුවනේ, ""වන්ස් අ බයියා ඕල්වේස් අ බයියා"" කියන සනාතන දහම ඔබ වහන්සේ මතක් කරගත්තා නම් ඔය තිත්තෙ එක්ක හවුලෙ දං ඇටයක් වත් වලඳන්නේ නෑ. අපි ඒත් බැලුවා ඔබ වහන්සේ මොකෝ මේ ඒ උන්නාන්සේ එක්ක එක මඟ වඩින්නේ කියලා. අපරාදේ, අම්බලමෙ ලගිනවා හොඳයි තිත්තෙ හදලා දෙන ආවාසේ ඉන්නවට වඩා...🥺"
"ලාල් පතිරණ","https://www.facebook.com/nvavthypiw","තිත්තගල්ලේ සමග ඉන්නවා දකිනකොටම අපටත් ලොකු අපුලක්දැනුණා"
"Visal De Silva","https://www.facebook.com/visal.desilva.9","වැටත් නියරත් ගොයම් කා නම් ..........😥"
"Dhammika Wickramaarachchi","https://www.facebook.com/dhammika.sanath","තිත්තගල්ලෙ කියන්නෙ තක්කඩි දේසපාලන තක්කඩියෙක් මේ වෙලාවෙ ඉන්නෙ දේසපාලන කොන්ත්‍රාත් එකක ඔබවහන්සේ ඔයවගේ තක්කඩින්ගෙන් ඈත්වුන එක හොදයි"
"Cyril Pathiranage","https://www.facebook.com/cyril.pathiranage","පොත පත පරිශීලනය කරල අපට යථාර්ථය අවබෝධ කරල දුන්න,ශ්‍රාවකයන්ට ⁣බුදුදහමේ හරය තේරුම් කරදීමට  මහත් වෙහෙසක් ගත්  ඔබ වහන්සේට සිදුවුන මේ අකරතැබ්බය ගැන අවංකවම දුක් වෙමි.හාමුදුරුවනේ අවස්ථාවාදීව මිතුරු වෙසින් එන සතුරන්ගෙන් අයින් වෙන්න.මමත් ⁣බුදුදහම ගැන බොහෝ දේ ඔබ වහන්සේගෙන් ඉගෙනගත්තා.මොන බාධක ආවත් එම සත්කාර්යය අතනොහරින ලෙස ඉල්ලමි."
"Prabodha Wanniarachchi","https://www.facebook.com/prabodha.wanniarachchi","තිත්තගල්ලේගෙ කමෙන්ට් වලින් පේනවා කෙරුවාව!!!!"
"Althinayi Sweth","","Ewww කළු කැත තිත්තයා 🤮"
"Maheshi Jayasekara","https://www.facebook.com/maheshi.jayasekara.549","සුදස්සන හාමුදුරුවන්ට තිත්ත ගල්යක් එක්ක මුලින්ම ෆේස්බුක් එකට ආපු දවසේ මුල්ම කමෙන්ට් එක දැම්මේ කවුද මම...🤷  සුදස්සන හාමුදුරුවනේ තිත්තේ  කියන්නේ පිස්සෙක් ඕකට ඩිප්‍රෙශන් ඕක පිස්සු  යකෙක් ඕක මාකටින්   එකක් කරන්නේ අහුවෙන්න එපා කියලා කිව්ව නේද...?  කියල සති දෙකක් තුනක් යන්න වුණාද වැඩේ පත්වුණා නේද...  සුදස්සන හාමුදුරුවනේ අනාගතයේ අපට පේනවා. මොකද අපි පරිණතයි. බුදු වෙන්න ඕන නෑ අනාවැකි කියන්න මූණ බලලා කියන්න පුළුවන් ...තිත්ත ගල්ලේ විතරක් නෙමෙයි හැමෝගෙන්ම පරිස්සම් වෙන්න.......   සාසනයට ගියා නම් ගමනක් යනවනම් තනියෙන් යන්න...... දේවල් යූටියුබර් කෙනෙක්වත් විශ්වාස කරන්න එපා..හාමුදුරුවෝ දන්නැති දන්නැතිවෙයි හාමුදුරුවන්ව විකුණං කාලා හාමුදුරුවන්ව බිල්ලට දීලා මේ රටෙනුත් මාරු වෙයි...  හොඳට මතක තියාගන්න සුදස්සන හාමුදුරුවෝ ඊළඟට බොහෝ දුරට තවත් හාමුදුරු කෙනෙකුට හරි අශේන් වගේ මිනිහෙකුට හරි  අහුවෙන්න ඉඩකඩ   තිනවා කිසිම කෙනෙකුට අහුවෙන්න එපා...  දන්න ධර්මයෙන් වැඩක් තියෙනවද මේ වගේ තක්කඩියන්ට අහුවෙනවනම් ඊට වැඩිය මේ ගිහි අපි හොඳයිනේ...🤷"
"Chathura Mahaarachchi","https://www.facebook.com/chathura.priyankara.3","ලොකු දෙයක් අපේ හාමුදුරුවෝ සතා අඳුන ගත්ත එක නම්. හීමීට  යමු. තිත්තගල්ලේ වගේ අයගෙන් පරිස්සමෙන්"
"Shiromi Kawshalya","https://www.facebook.com/shiromi.kawshalya.9","අපෙ හාමුදුරුවනේ ඔබ වහන්සේ ගැන ආඩම්බරයි .ඔබවහන්සේ උගත් බුද්ධිමත්  ප්‍රඥාවන්ත විනයධර යතිවරයන් වහන්සේ නමක් . සැබෑ ප්‍රඥාවන්තයෙක් කවදාවත් තාවකාලික ආත්මාර්ථකාමී වාසිවලට තමන්ට දැනෙන සත්‍යය වහලා වැඩ කරන්නෑ සින්හයෙක් වගේ  වැඩකරන්නෙ .ඔබ වහන්සේ කොන්ද කෙලින් තියන් වැඩකරන ආකාරය ගැන සතුටුයි . සමහර බල්ලන්ගෙ නැට්ට කෙලින් කරන්න බැහැ එක ඇදම තමයි ඔබ වහන්සෙ සත්‍යවාදීව සත්‍ය වෙනුවන් පෙනී සිටින්න ජාති ආතර ආගම් අතර සමගිය සහජීවන නැතිකරන බෙදුම් වාදීන් අපි තරයේ හෙලා දකීමු"
"Niwana Dhamma","https://www.facebook.com/niwana.dhamma","Shiromi Kawshalya 👍🙏"
"Shiromi Kawshalya","https://www.facebook.com/shiromi.kawshalya.9","Niwana Dhamma ❤️❤️❤️🙏🙏🙏🙏"
"Amanulla Ibrahim","https://www.facebook.com/amanulla.ibrahim.33","Shiromi Kawshalya සුදස්සන හිමිට මගෙ උත්තමාචාරය .නිර්මල බුදුදහම  අවබොද කරගැනිමට ඔබගෙ විග්‍රහ පිහිටවුනා."
"Priyantha Kumara","https://www.facebook.com/priyantha.kumara.122152","Shiromi Kawshalya දැක්ක නේද කරපු වැඩේ,,😪😪😪😪😪,,,,,,"
"Shiromi Kawshalya","https://www.facebook.com/shiromi.kawshalya.9","Priyantha Kumara ඔව් ඒක තමයි බල්ලන්ගෙ ඇදවෙච්ච නැටි කෙලින් කරන්න අමාරුයි  😁"
"Shiromi Kawshalya","https://www.facebook.com/shiromi.kawshalya.9","Amanulla Ibrahim ගොඩක් සතුටුයි ගොඩක් ස්තූතියි ඔයාගෙ අදහස් දැක්වීමට තෙරුවන් සරණයි  🌹🌹🌹👍🤝"
"Amanulla Ibrahim","https://www.facebook.com/amanulla.ibrahim.33","Shiromi Kawshalya සත්තකින්ම"
"Nirosha Mattumagala","https://www.facebook.com/Niroshamattumagala","🙏🏽"
"Gamini Gopallawa","","කැකිරාවෙි සුදස්සන හාමුදුරුවන්ට රිදී රේඛාවක්මයි මේ සිද්ධිය නම්. තිත්ත ගල්ල බැනුම් අහනවා අම්බානකට.පේනවනේ කමෙන්ට්ස්."
"Prasad Premarathne","https://www.facebook.com/prasad.premarathne.5","ඔය යකා රාජපක්ෂල එක්ක ලොකු ඩීල් එහෙක ඉන්නෙ...  ඔය යකාගෙ මොකක්හරි ලොකු කේස් එකක් රාජපක්ෂල දන්නව ඇති, මේ යකාව බ්ලැක්මේල් කරල තියාගෙන ඇති.  ඔය මනුස්සය අවුරුදු ගානකට කලින් කරපු දේශනා එක්ක දැන් හැසිරීම් බලද්දි ඒක හොදටම පේනව 😊  රාජපක්ෂල එක්ක ඉන්න පූසෙක්වත් ගෙදරට වද්ද ගන්න එපා කියල තමයි ඔබ වහන්සෙට කියන්න තියෙන්නෙ 😊"
"Dilshan Madu","https://www.facebook.com/madushanka2","Prasad Premarathne ඔව් ස'මන්තබඩ්ඩගෙ අ'ගුපිලෙන් ඇවිත් වෙනම වැඩක් කරන් ඉදියෙ. එකපාර අමු'තු දේ'ශප්‍රේමයක් ඇවිත් අවදානෙ ඉල්ලන් න'ටනව 🙂😅"
"Palitha Ranjan","","මිනිස්සු ප්‍රශ්න ගැටලු ආවාම නොකරන දේවල් කරනවා.මමත් ඔබ වහන්සේ තිත්තගල්ලේ ඒක එහේ මෙහෙ යනකොට හිතුවේ එහෙම.මොකද ඔබ වහන්සේ දරපු මතය එක්ක කුමන කොන්දේසියත් මතවත් තිත්තගල්ලේ එක්ක සමපාත වෙන්න බෑ."
"Gamini Gopallawa","","කෙටියෙන්ම කියන්නේ ඔබවහන්සේ ඉන්න ස්ථාවරය හොඳයි .දේශපාලනයට යන්න එපා. මට වෙන කියන්න දෙයක් නෑ .මම පක්ෂව ඉන්න දේශපාලනයටවත් එන්න එපා. දේශපාලනයට ගියොත් ඔබ වහන්සේ කරගෙන යන වැඩ පිළිවෙල ඔක්කොම ඉවරයි. ඔක්කොම ඉවරයි. ඔක්කොම ඉවරයි. ඔක්කොම ඉවරයි. ඔබ වහන්සේ දැන් ඉන්න ස්ථාවරයේ  හිටියොත් ඔබ වහන්සේ පමණයි ලංකාවේ හාමුදුරු නමක් විදිහට අනාගතයේදී ඉතුරු වෙන්නේ.වෙන පැහැදිලි කරන්න මට ක්‍රමයක් නෑ.  මම දැනගත්ත  තිත්තගල්ලත් එක්ක හිටියොත් ලොකු අවුලකට පත්වෙනවා කියලා. කවදාවත් නාමල්ට තැනකට එන්නත් බෑ. ජනාධිපතිතුමා තමා හොඳ. ඒ උනාට ජනාධිපතිතුමා පැත්තටවත් ඔබ වහන්සේ කතා කරන්න එපා එපා එපා එපා එපා.ඔබ වහන්සේගේ මිත්‍යාදෘෂ්ටිය ගලවන වැඩපිළිවෙළම කරගෙන යන්න. තෙරුවන් සරණයි."
"Nalaka Perera","https://www.facebook.com/cn.perera.5","ඔය මනුස්සය ලෝක කපටියෙක් කියල නං තේරිල තිබ්බෙ. හැබැයි මිනිහගෙ ඇත්තම ස්වරූපය සහ ඉන්ටෙන්ශන් එක හරියටම ඔප්පුකරලම පෙන්නුවේ ඔබවහන්සේ. ස්තූතියි ❤️"
"Chamila Sanjaya","https://www.facebook.com/chamila.sanjaya.706852","වැටෙන්න එපා හාමුදුරුවනේ. තව ශක්තිමත් වෙන්න."
"Palitha Iddamalgoda","https://www.facebook.com/palitha.iddamalgoda","ඔය තිත්තගල ඩයල් එක හෙන ගේමක් දෙනවා ඥානෙගෙ අඩුව පුරවලා ජනප්‍රියවෙන්න."
"Nemindra Sesathpura","","Palitha Iddamalgoda"
"Man Bandara","https://www.facebook.com/man.bandara.129","මිනිස්සුන්ව තමුන්ගේ project වලට use කිරීම තමයි දැන් සංස්කෘතිය 🥲 තමුන්ගේ ශක්තියෙන් වැඩ කරගන්න හාමුදුරුවෝ."
"Menaka Tharanga Premachandra","https://www.facebook.com/adaree.prem","බුදු හාමුදුරුවොත් කියලා තියෙනවා නේද හාමුදුරුවනේ,ඇසුරු කරන්න කෙනෙක් නැත්තන් තනිව වසන්න කියලා. මෙයා එක්ක youtube program වල ඉඳගන්නකොට ම මට නම් විමතියක් දැනුණා.හැම තැනකම මැදින් පැන පැන කතා කළේ.අනෙකාගේ අදහසට ඉඩක් දෙන්නේ නැතුව.මං පොර න්‍යායෙන් ඉන්නේ."
"Sunil Dharmarathne","https://www.facebook.com/sunil.dharmarathne.5","Menaka Tharanga Premachandra හරියටම හරි හාමුදුරුවනේ."
"Nilmini Kaluarachchige","https://www.facebook.com/nilmini.kaluarachchige","තිත්තෙ වගෙ අඥාන කපටි නින්දිත එවුන් ආශ්‍රය කරනවට ඔබවහන්සේට ත් හොඳ වැඩේ. බල්ලො එක්ක  ලැග්ගම මනුස්සයට උනත් නැගිටින්න වෙන්නෙ මැක්කො එක්ක."
"Tharaka Sandakelum Abeywardhana","https://www.facebook.com/tharaka.sandakelum.1","තිත්තගල්ලෙ කියන්නේ army එකේ ඉඳලා පැනලා ගිහින් සිවුරක් ඇඳන් ගමක හැංගිලා ඉඳන් දෙතුන් පාරක් නිදන් කඩලා අහු වෙච්චි එකෙක් කියලා කවුදෝ කියනව මං අහගෙන. 🤭"
"Uditha Jayalath","https://www.facebook.com/uditha.jayalath.5","Tharaka Sandakelum Abeywardhana  ඒක වෙන නම් ගොඩක් දුරට ඉඩ තියෙනවා"
"රංජිත් ගාමිණී","https://www.facebook.com/people/%E0%B6%BB%E0%B6%82%E0%B6%A2%E0%B7%92%E0%B6%AD%E0%B7%8A-%E0%B6%9C%E0%B7%8F%E0%B6%B8%E0%B7%92%E0%B6%AB%E0%B7%93/100066390831687","Tharaka Sandakelum Abeywardhana ඔව් එහෙම එකක් මමත් දැක්ක"
"Damith Hewapathiranage","https://www.facebook.com/damithprasanna.hp","පොහොට්ටුවට ගෑවුන එකෙක් නම් ඉතිං ඌ අම්ම අප්පව හරි විකුනගෙන කනවා. ජාතියයි ආගමයි විකුනං කන හැත්ත."
"Sandun Harshana","https://www.facebook.com/sandun.harshana.16","Damith Hewapathiranage true"
"තිලිනි ෂැල්වින්","https://www.facebook.com/profile.php?id=100003929006378","කොකාගෙ සුද පේන්නෙ ඉගිලෙනකොට කියනව වගේ තිත්තයගෙ හැබෑ පාටත් පේන්නෙ දැන්"
"Sonali Ryan","https://www.facebook.com/sonali.ryan.2025","තිලිනි ෂැල්වින් තිත්තයා අඟුරු වගේ කළුම කළුයි ඒ උනාට ගොඩක් අය තිත්තයව දැක්කෙ කිරි සුදුවට."
"Jayasiri Alawatta","https://www.facebook.com/jayasiri.alawatta","තිත්තගල්ලෙ කිට්ටු කරගද්දි ම මම නම් හිතුව මෙහෙම තිත්ත දේ අහන්න වෙයි කියල. දැන් ඉතිං ගිය නුවණ ඇතුන් ලවා හෝ අද්දවා ගන්න බැහැ. ඒ නිසා ඉදිරියෙදි කල්පනාවෙන් වැඩ කරන්න... ඔබ වහන්සේත් සියදිවි නසාගත්ත කියල අහන්න තියන්න එපා. මේ මජර දේශපාලන පිටිය ඒ තරමට ම: අශික්ෂිතයි; ක්‍රෑරයි; පාදඩයි සහ අවිශ්වාසවන්තයි."
"Sampath Karunarathna","https://www.facebook.com/sampath.karunarathna.14","සන්නගෙ වීඩියෝ එකේ කිව්වෙ මම ඉඩමක් දුන්නත් උදව් කරත් දිගටම මට විරුද්ධ වෙන වෙලාවට විරුද්ධ වෙන්න කියල. එකක් කියන්නකො තිත්තෙ."
"Sunil Jayasekara","https://www.facebook.com/sunil.jayasekara.3","Blessings"
"Thushari de Francesco","https://www.facebook.com/thusharisanjeewani.chandrasekara","මම හිතුවා ඕක වෙයි කියලා තිත්තෙ එක්ක කියවද්දි ඔයාට ටිකක් හරි තාර්කික බුද්ධිය කියන කෙනෙක් නිකායෙන් නෙවෙයි සිවුර ගැලෙව්වත් ඔහොම යන්න එපා කියවන්න තිත්තෙලා වගේ අය එක්ක.."
"Sumith Meegasdeniya","https://www.facebook.com/sumith.meegasdeniya.2025","කැකිරාවේ සුදස්සන හාමුදුරුවනේ, ඔබ වහන්සේ ඉතා වටිනා සම්පතක් රටට. මේ අසීරු අවස්ථාවේ ඔබ වහන්සේට උදව් අත්‍යවශ්‍යයි. ඒත් තක්කඩින්ගෙන් ප්‍රවේශම් වන්න. ඔබ වහන්සේගේ වටිනාකම දන්නා සත්‍යවාදී මිනිස්සු ඔබ වහන්සේගේ පිහිටට මේ අවස්ථාවේ අනිවාර්යයෙන්ම එනවා. මේ අසීරු අවස්ථාවේත් නිවැරැදි ස්ථාවරයේ සිටීම සම්බන්ධයෙන් ඔබ වහන්සේට ගෞරව කරනවා..."
"Saman Panakaduwa","https://www.facebook.com/saman.panakaduwa","තිත්තගල්ල මුල ඉඳලම රාජපක්ෂලාට ලොල් කරපු චරිතයක්."
"Samila De Silva","https://www.facebook.com/txc5pxfoej","කාගේ කාගෙත් අවුල්, ගේම්, ඩීල් තමයි මේ පේන්නේ. ඔබවහන්නේ යුටියුබ්කරුවන්ට අහුවෙලා. ඔබවහන්සේ දැන් උත්සහා කරනවා මාලීමාවේ පාක්ෂිකයන් තමාවෙත රැස්කරගන්න. ඉදිරියේදි ඔබවහන්සේට ආණ්ඩුවෙන්, සිරසෙන් බොහෝ අවස්ථා හිමිවේවී. ප්‍රතිපත්තියක් නැති අය තමයි මේ කාලේ ඉන්නේ. ඉක්මනින් විකිණෙනවා."
"Thanujaya Gamage","https://www.facebook.com/thanujaya.gamage.50","එහෙම කියන්න එපා Samila. ඔයාගෙ පෝස්ට් කියෝන කමෙන්ට් කරන හැමෝම බයියො නෙමේ නෙ"
"Samila De Silva","https://www.facebook.com/txc5pxfoej","Thanujaya Gamage මගේ පෝස්ට්වල මම හැමදාම කතාකරන්නේ එකම දෙයක් ගැන. මේ එක එක කාලෙට එක එක විදියට කතාකරන මේ හාමුදුරුවන් වගේ නෙමෙයි. මුන්වහන්සේට දැන් ඕනේ මාලීමාව වෙනුවෙන් පෙනී ඉදලා දෙයක් කරගන්න. ඒක ඉතින් පේනවානේ. අනික මුන්වහන්සේ දැන් කතාකරන්නේ වෛරයෙන්. ඒකත් පේනවා."
"Amila Iranga","https://www.facebook.com/amila.iranga.35","Samila De Silva කැකිරාවෙ හාමුදුරුවො පොහොට්ටුව ගැන කීව විතරයි සමිල තිත්තගල්ලෙගෙ පැත්තට හැරුණ .. 😂 එදා සන්නන්ස්ගල කෙළින්ම කිව්වනෙ තිත්තයගෙ තියෙන්නෙ ශුද්ධ ජාන නෙවේය කියල.."
"Shey Liyanarachchi","https://www.facebook.com/profile.php?id=700529656","Thanujaya Gamage ugath kiyaganna bayek 😂😂"
"Samila De Silva","https://www.facebook.com/txc5pxfoej","Amila Iranga තිත්තගල්ලේ හාමුදුරුවන්ව මම වෙනම පෝස්ට් දාලා විවේචනය කරලා තියෙනවා. අනික මම කොහොමත් ඔය රැල්ලට යන කිසිම කෙනෙක්ව විශ්වාස කරන්නේ නැහැ."
"Buddhika Chaaminda","https://www.facebook.com/buddhika.chaaminda","Samila De Silva තිත්ත්ද්ගල්ලෙ සමන්තබද්‍ර එක්ක උබල රකින බුද්ධ සාසනෙ මොකද්ද කියල ඔක්කොටම කලින් කියපන්කො"
"Samila De Silva","https://www.facebook.com/txc5pxfoej","Buddhika Chaaminda මම කිවුවනේ, ඒ අය සම්බන්ධයෙන් මට තියෙන්නේ විවේචනයක්."
"Buddhika Chaaminda","https://www.facebook.com/buddhika.chaaminda","Samila De Silva ඉතින් බං බයියො ටොයියො දේශපාලනෙ අනාත ගංකබරයො මේ දවස්වල සාසනෙ රකින්න පෙරමුනෙ තියන් ඉන්නෙ මුන්නෙ."
"Thanujaya Gamage","https://www.facebook.com/thanujaya.gamage.50","Samila De Silva පෝස්ට් වල් AI generated කන්ටෙන්ට්. ඔයාගෙ රියල් කන්ටෙන්ට් තියෙන්නෙ කමෙන්ට් සෙක්ෂන් එකේ නෙහ්☺️"
"Samila De Silva","https://www.facebook.com/txc5pxfoej","Thanujaya Gamage මෙහෙමයි, ඔයා මෙතන කරුණු එක්ක කතාකරනවානම් කැමතියි. මොකද කැකිරාවේ හාමුදුරුවන්ගේ ඉන්ටෙන්ශන් එක හොදටම තේරුම් අරගෙනයි මම කතාකරන්නේ."
"Thanujaya Gamage","https://www.facebook.com/thanujaya.gamage.50","Samila එහෙමයි. සාදු සාදු!"
"Thushara Niroshana Punchihewa","https://www.facebook.com/thusharaniroshana.punchihewa","ඌ තව වැඩි දවසක් සිවුරේ ඉන්න එකෙක් නෙවෙයි  🥱👍"
"Chanaka Madushan Sugathadasa","https://www.facebook.com/chanaka.madushan.sugathadasa","බෙල්ල ගහල ගියත් මෙහෙම ඉන්න ඕනෙ. ඒකට hats off 👌💪❤️🫡"
"Ravindra Rupasinghe","https://www.facebook.com/ravindra.rupasinghe1","ප්‍රතිපත්තිගරුක කෙලින් තීරණයට හිස නමා ආචාර කරනවා"
"Damith Dissanayake","https://www.facebook.com/D.M.D.N.Dissanayaka","මොනා උනත් මේ වෙලාවේ අපි හැමෝම සුදස්සන වෙනුවෙන් පෙනී ඉන්න ඕනෙ.."
"Baduge Saman","https://www.facebook.com/baduge.saman","මටත් ඔබ වහන්සේ ඔහු සමග එකට ඉන්න කොට පොඩි upset ගතියක් දැනුන."
"Sonali Ryan","https://www.facebook.com/sonali.ryan.2025","Baduge Saman මටත්."
"Rohan Liyanage","","රාජපක්ෂලාගේ ඉඳුල් බත් කන්නට පුරුදු වුණාට පස්සේ, මොන රජ භෝජනය තිබුණත් වැඩක් නැහැ. පුරුදු නැති තැනින් කෑම ගත්තම ඒක හරියටම දැනෙන්නේ නැහැ. ඒකයි මේ වෙලා තියෙන්නේ. හුරු පුරුදු පුරුද්ද කවදාවත් අමතක වෙන්නේ නැහැ"
"Mahen Sumanarathna","https://www.facebook.com/mahendra.sumanarathna","Ane hamuduruwane pisso ekka happenna yanna epa🙏🙏"
"Thithagalle Anandasiri","https://www.facebook.com/thithagalle.anandasiri","අනික ඔයා තමයි කිව්වෙ , ඔක කරල දෙන්න කියල අහල කරේ, ලඟදිම මුණට මුණ හම්බ වෙමු ඔය බොරුව ඔයා පිළිගන්න ඔන, බැංකුවට ගිහිල්ල බලන්න සතපහක් අරගෙන තියෙනව ද කියල,  මම හෙට ලොකු වැඩක්, 12 මම එනව ඔයා හම්බ වෙන්න , නුගේගොඩ ට එන්න,"
"Chandana Herath","https://www.facebook.com/chandana.herath.552248","Thithagalle Anandasiri පට්ට පජාතයි,කුජීතයි ඕයි තමුසේ."
"Sachintha Wijayawardana","","Thithagalle Anandasiri feeling guilty වුනාම හාමුදුරුවනේ මෙහෙම  වෙනවා සුදස්සන හාමුදුරුවන්ව used කරන්න  හැදුවා බැරිවුනා මේ දාන කොමෙන්ට් වලින් පේනවා ඔයාගේ හික්වීම හා  social media සාක්ශරතාව ඒ හින්දා ලොකු audience එක්කට ආයේ ආයේ ඔයා විවෘත වෙලා ලැජ්ජා වෙලා ඔයා නෝන්ඩි වෙනවා."
"Osanda Gunaratne","https://www.facebook.com/osanda.gunaratne.1","Thithagalle Anandasiri හොඳට හිටිය ඔබ වහන්සේට මොකද වුණේ ??"
"Sanjaya Kapurr","https://www.facebook.com/sanjaya.kapurr","Osanda Gunaratne එහෙම තමා...තිත්තගල්ලේ කිය්න්නේ....රාජපක්ෂ ගූ කන එකෙක්...🤣🤣🤣"
"Janthu Malli","https://www.facebook.com/janthu.malli.2025","Thithagalle Anandasiri waren pagaya"
"Food Talks SL","https://www.facebook.com/people/Food-Talks-SL/61574273967519","Thithagalle Anandasiri අම්මෝ තිත්තගල්ල උඹ වගේ උද්දච්ච් මෝඩ, නුගත්, ද්වේෂසහගත සාසන පිලිකාවක්. Anyway we saw this coming. An uneducated mutt like you can never reside with intelligence. මූගෙ මුග්ධ බව හැමෝටම තේරෙන්න ඇති. මූ නානා විකුණලා සල්ලි එකතු කලා දැන් කැකිරාව හාමුදුරුවන් විකුනලා හම්බකරා, Anyway mate you are unmasked. No one really cares about you anymore. 😂😂😂😂😂 කවුරුත් මේ වගේ සත්තුන්ගෙන් පරිස්සම් වෙමු. දීගෙ ඉවරයි සති 2 යි 😂😂😂"
"Food Talks SL","https://www.facebook.com/people/Food-Talks-SL/61574273967519","Thithagalle Anandasiri අනේ උඹේ ලොකු වැඩේ, උඹට තියෙන්නෙ කූතානියා වගේ සල්ලි එකතු කර කර කහකඩේ පොරවන් හතරවටේ දුවන එකනේ. මේ වගේ පිස්සන්ට සල්ලි දෙන උනුත් ඉන්නවනේ. මෝඩ.යා"
"Chamila Sanjaya","https://www.facebook.com/chamila.sanjaya.706852","Thithagalle Anandasiri ස්වාමීන් වහන්ස, මේ ප්‍රශ්නය සාකච්ඡා මාර්ගයෙන් විසඳගන්න බලමු නේද? මොකද සුදස්සන ස්වාමීන් වහන්සේටත් පිටපිට ප්‍රශ්න ගොඩක් එන කාලයක් මේක. ඔබවහන්සේ හැර කවුරුත් පිහිටට හිටියෙ නෑ මේ ටිකේ උන්වහන්සේට. ඒ නිසා උන්වහන්සේ ගේ ස්ථාවරය වෙනස් කරන්න උත්සාහ නොකර මඳක් නිහඬව ඉන්න අරිමු. ඒක තමයි හොඳම දේ."
"Nalaka Perera","https://www.facebook.com/cn.perera.5","Thithagalle Anandasiri ඔයාගෙ හෙලුව මේ හාමුදුරුවෝ  ලෝකෙට පෙන්නල ඉවරයි. දැං කලින් වගේ වහෙන් ඔරෝ නැතිව කෙලින්ම පොහොට්ටුවට කඩේ යන්ඩ පුලුවන්. ඇතුලෙ ඉන්න ඥනපාල නවත්තපු තැනිං ඔයාට පටංගන්ඩ පුලුවන්. හැබැයි සකබර්ගෙ වැරදි වලට ජනාධිපතිට බනින්ඩ එපා, එතකොට සීන් එක දන්න මිනිස්සු තේරුංගන්නව ඔයා හෙන බොරු කාරයෙක් කියල 😅."
"Saman Kumara","https://www.facebook.com/saman.kumara.679571","Thithagalle Anandasiri, උඹලයි රාජපක්ෂලයි එකතුවෙලා අපේ බෞද්ධාගම නැත්තටම නැති කෙරුවා අවසානෙට ඉතුරු වුණේ මුස්ලිම් අන්තවාදීන් වාගේ බෞද්ධයෝ ටිකක් විතරයි ලංකාවේ"
"Akitha Nuu","https://www.facebook.com/arachchige123","Thithagalle Anandasiri අමූ තිරිසනා...."
"Ishan Weerasinghe","https://www.facebook.com/ishan.weerasinghe.79","Thithagalle Anandasiri ඔහේ ඔහේගෙ political game එක ගහගන්නව සුදස්සන හාමුදුරුවන්ට පාඩුවෙ ඉන්න දීල.."
"Gunasekara Keerthi","","Thithagalle Anandasiri රෙදි ඉල්ලෙ තිත්තයෝ 😂"
"Dhanushka Herath","https://www.facebook.com/dhanushaka.herath","Thithagalle Anandasiri උබ   වගේ දාමරික නිගණ්ඨ වේසිගෙ පුතාලා තමයි සාසනේ කන්නෙ."
"Sameera Prdeep","https://www.facebook.com/people/Sameera-Prdeep/pfbid0PfKZHQS5LdvVAZ39AX8cBRZ5znpVEMfxkYNdjqfn7X3Mh5DXVKZrBETPMqBZWG7Fl","Thithagalle Anandasiri නුගේ ගොඩ සුපර්මාකට් ස්ටේජ් එකට ඉරිදා හවස පහට දෙන්නම එන්න අපි එන්නම් බලන්න .ටිකට් කඩන්න පුලුවන් ඕනනම් මම ඇරේන්ජ් කරන්නම්"
"Bodhi Lakkhana","https://www.facebook.com/people/Bodhi-Lakkhana/pfbid02RkynFxJr7TP5XXEm6KDcSqSaTWYa4SHFo8jXgNc5gz1kyudkbQsXNczmmN2xANrrl","Thithagalle Anandasiri සුදස්සන එක්ක හැප්පෙන්න හිතන්නවත් එපා. දැක්කනේ, වල්පොල ගෝතම නේද, මතක හැටියට, එයාට කරපු චෝදනාවක් නිසා එවෙලේම රෑ එළි වෙනකම් වාහනේක ආවා සුදස්සන හොයා ගෙන   සුදස්සන ලස්සනට handle කලා කුලප්පු වෙච්ච සතාව. අභියෝග කලා ප්‍රසිද්ද වේදිකාවක වාදේකට එන්න කියලා.  මිනිහා missing. ඔන්‍න‍ ඕක යි බොරු චන්ඩින්ගේ හැටි. 😄  ලේසි පාසු මිනිහෙක් නෙවෙයි Kekirawe Sudassana Himi කියන්නේ 😬  අනික සමන්තබද්‍ර ට කඩේ ගිය අයට අන්තිමට ඔච්චර යි වෙන්නේ.  එයා ගේ theory එකේ හැටියට කෙරුමෝ දෙන්නෙක් පහළ වෙන්න විදියක්‌ නෑ. ඉන්නේ එක මැරය යි.  😃"
"Ruwan Randunubandara","","Thithagalle Anandasiri   මලකෙලියක් නේහ් වෙලා තියෙන්නෙ..😃😀"
"Upali Gamini Jayawardana","https://www.facebook.com/upaligamini.jayawardana","Thithagalle Anandasiri  නානසාරගේ පුරප්පාඩුවට රාජපක්ෂ නිකායට සෙට් වෙන්න.... ඒක ඔයාගේ කැමැත්ත...  නානසාරට වුන දේ ඔබටත් වෙන්න ඉඩ තියෙනවා මේ යන විදියට.... භික්ෂූන් වහන්සේ කෙනෙක් ලෙස හැසිරෙන්න.... ඔබගේ හැසිරීම නිසා සියලු බෞද්ධයන් ලැජ්ජාවට පත්වෙන්නෙ... ඒක ගැන හිතන්න"
"Prasad Premarathne","https://www.facebook.com/prasad.premarathne.5","Thithagalle Anandasiri මම හිතන්නෙ සුදර්ශන හාමුදුරුවන්ට නිකායෙන් ලෙඩක් ඇදපු එකත් මේ ප්ලෑන් එකේම කොටසක් වෙන්න ඕන.  සුදර්ශන හාමුදුරුවන්ට ලෙඩේ වැටුන ගමන් තිත්තගල්ලෙ දේවදූතය වගේ මැදට පැන්නෙ රාජපක්ෂලගෙ කුණු කොන්ත්‍රාත් එකේ දෙවෙනි පාට් එක ඇට් කරන්න තමයි. සුදර්ශන හාමුදුරුවොත් බයියෙක් කරන එක තමයි මෙයාගෙ පාර්ට් එක වුනේ. 😁  අපිට තියෙන දුක තිත්ගල්ලෙයි සමන්තභද්‍ර ලයි වෙනුවෙන් අපිත් ඒකාලෙ රෙදි නැතුව කඩේ ගිය එක, කවුද හිතුවෙ ඒ කාලෙ කියපුවත් එක්ක හොරුත් එක්ක නිදියයි කියල. 😒"
"Thithagalle Anandasiri","https://www.facebook.com/thithagalle.anandasiri","මේ උඔලයි අම්ම බය වේලා ඉන්නව කියල මාව එක්කගෙන යන්න කතා කරපුවත් ලියන්න, අනික වහාම බොරු ලිව්ව එක සමාව ගන්න ඔන මම කොහේවත් ඥානසාර ස්වාමීන් වහන්සේගෙන් සල්ලි ඉල්ල post දාල නැ, මට හිතවත් අයගෙන් ඉල්ල ගත්ත ඇරෙන්න, ඔයා ඒක ඔප්පු කරන්න ඔන, කැකිරාවේ ඔයා ඔචර ජනාධිපති වගේ බොරු කියනව කියල මම දැනගෙන හිටියේ නැ"
"Thusitha Perera","https://www.facebook.com/thusitha.perera.944","Thithagalle Anandasiri හාමුදුරුවනේ ඔබවහන්සේගේ බණ මුල ඉඳලම ඇහුවා නමුත් දැන් ඔබවහන්සේ කරන්න ඊට හාත්පසින්ම වෙනස් ක්‍රියාවක්"
"Mahen Sumanarathna","https://www.facebook.com/mahendra.sumanarathna","Thithagalle Anandasiri oba wahanse wiweka ganna tikak...siurak andata ape agama oyage buudalayak newei"
"Thusitha Perera","https://www.facebook.com/thusitha.perera.944","Thithagalle Anandasiri"
"Mahi Wijethunga","","Thithagalle Anandasiri තරහ අවසර..අනිත් අයට වෙනස් මතයක් දැරීමට තියන අයිතියට, නිදහසට ගරු කරන්නේ නැද්ද දැන් ?"
"Sachintha Wijayawardana","","Thithagalle Anandasiri ඇතුලේ හිටිය හරි එකා එලියට පැන්නා කියලා  අපි තේරුම් ගත්තා facebook page ටිකට report වුන ගමන්  අතඇරීම ගැන බණ කියන්නේ හැබැයි තමන්ට බණේ පිහිටවා හිතපාලනය කරගන්න  බැරිවුණා කොහොවත් ඉන්න අනුරකුමාරට බැහැ facebook algorithm  එකට   බලපෑම් කරන්න ඉගෙන ගන්න සමාජ මාධ්‍ය භාවිතය සහා rules සහ regulations තමන්ට ඕනි සෑම දේම  හරි කියලා හිතෙන එක සහ ඒ වෙනුවෙන් පෙනිසිටිම තමා එකම පරම සත්‍ය කියලා අමුතකඩියෙක්ට ( නීතියට අභියෝග කරන , ආගම්වාදා ජාතිවාද වෙනුවෙන් post දාලා පෙනී ඉන්න කොට )  ඔයා facebook page 100ක් හැදුවක් ගැලවෙනවා ඊට පස්සේ කණවැන්දුන් ගෑණි වගේ ප්‍රෙස්තිය තිය නහයෙන් අඩනවා අර සන්නස්ගල ඔලුවේ අතගහගන්න ඇති අඩේ මේ යකාට මම interview එකකුත් දුන්නා කියලා  එදා දුන්න ටෝක්ස් අනුව අද භාවිතව සුද්දස්සන හාමුදුරුවෝ යාන්තමින් බේරුනා දැන් තඝ දානවා මිනිස්සු ඔයාගේ ඇත්ත සතාව දැක්කා දැන් ඔයාට තිබ්බ තැන හම්බෙන්නේ නැහැ  ඕනි නම් පරණ මෝඩ වයස උන්දැලා හැරෙන්න"
"Duminda Pelmadulla","","Thithagalle Anandasiri හිතේ තියෙන ක්‍රෝධය භාවිතාකරන වචන වලින් පේනව// ""කැකිරාවේ"" ""උඹ"" 😆 මෙත්‍රී භාවනාව කියලදෙනව කිව්ව නෙ ? 🤪"
"Thushara Niroshana Punchihewa","https://www.facebook.com/thusharaniroshana.punchihewa","Thithagalle Anandasiri දැන් ඉතින් චොර වෙලා අමු ගල් පොන්නයෙක් උනාට පස්සෙ ටෝක් දෙන්න එන්න එපා ඝන පකය. උඹල හැරෙන්නත් කලින් අපි දන්නව මොකාටද එන්නෙ කියල ගෙරි ගණගෙඩියා  😎🖕"
"Velegedara Nevil Jayarathne","https://www.facebook.com/profile.php?id=100030273372420","Thithagalle Anandasiri ඇත්තටම හාමුදුරුවනෙ මූ මහ සක්කිලියෙක් ..මූ ලොකෙට පෙන්නුවෙ වෙන එකක් මූ කරන්නෙ වෙන එකක්.."
"Tharaka Perera","https://www.facebook.com/tharaka.perera.351","Thithagalle Anandasiri අර ඔයා copy කරන එක්කෙනා කිව්වා වගෙ උත්තර දෙන්න හදිසි වෙන්න එපා. හදිසි වෙන තරමට වැරැදෙන්න තියෙන ප්‍රමානය වැඩි... කොහොමත් ශාසනය සුද්ද කරන්න දෙයක් නෑ. ඉබෙ සුද්ද වෙනවා. හොර සිල් කාරයෝ ඔක්කොම ගුල් වලින් එලියට එනවා."
"Selvanayagam Shiva","https://www.facebook.com/people/Selvanayagam-Shiva/61556466231465","Thithagalle Anandasiri පරණ සයනයිඩ් තියනවා දානෙට දෙන්නද"
"Indrajith Priyadarshana","","Thithagalle Anandasiri ඉතින් බන් පෝස්ට් දැම්මත් සල්ලි ඉල්ලුවත් දෙකම එකනෙ. අනික ඤාණෙයා වෙනුවෙන් සල්ලි එකතු කරන්නේ ඌ හිරේ ගිය එකෙක් නේ.  උඹත් මාර පොරක්නේ. කොහෙන්ද ඔය ලොජික්?"
"Rukshan Gamage","https://www.facebook.com/ruky21","Thithagalle Anandasiri පල යන්න නිගණ්ටයා. ගොනා හැරෙද්දි අපි දන්නවා උබ මොකාටද ආවේ කියල."
"Suraj Siriwardhane","https://www.facebook.com/people/Suraj-Siriwardhane/pfbid02aXTjALiQkvATaag81GmyyXnBJ97XH5yB1b5wEZX6vqEBqA9kYrwadWnG1TGn1jmLl","Bruno Diwakara ඔහු වෙනුවෙන් dd එකේ වෙලාවක් වෙන් කරොත් මාර වටිනවා"
"Vishwa Thathsara","https://www.facebook.com/people/Vishwa-Thathsara/61559255724148","Thithagalle Anandasiri ඊයා 😂😂 ගෑනු තරහ වෙලා වගේ 😂😂😂"
"Nandana Chandimal Edirisinghe","https://www.facebook.com/Nandana.c.Edirisinghe","Thithagalle Anandasiri තිත්තගල්ලේ ගේ දේෂනා කිහිපයක් මම අහලා තියෙනවා (බණ ) සහ කැකිරාවේ සුදස්සන හිමිගේ බොහොමයක් දේෂනා සහ විග්‍රහ අහලාතියෙනවා. ඒවා අහසට පොලව වගේ වෙනස්   තිත්ත ගල්ලේ අමු තක්කඩියෙක් සහ උද්දච්ච මොඩයෙක් බව වැටහුනා කැකිරාවේ සුදස්සන හිමිගේ ප්‍රස්නයේදී සහ එය මනාවට ඹප්පුවුනා ඤණසාරගේ ප්‍රස්නයේදී   සොම හමුදුරැවන්ගෙන් බණ අහන්න පටන් අරන් අවුරැදු 30 කට කලින් , ජනප්පිය හාමුදුරැවරැ ගණනාවකගේ දේෂනා අහලා මම කැකිරාවේ සුදස්සන හිමලග නතරවුනා . මම දැනුනු තාර්කික සහ යතාර්තවාදි අදහස් සහ තර්කානු කුල දේෂනා කැකිරාවේ සුදස්සන හිමිගෙන් ඇහුවා   තිත්තගල්ලේ කියන්නේ හිටපු දේෂපාලකයන්ට නොදෙවෙනි තක්කඩියෙක්  සහ බත්බැලයෙක් සහ උද්දච්ච මොඩයෙක්. හරියට කියනවානම ප්‍රේමදාසගේ ප්‍රතානෝ වගේ.   කැකිරාවේ සුදස්සන හිමට වුනේ බල්ලොත් එක්ක ලැග්ගහම වෙච්ච දේ   තෙරැවන්සරණයි"
"Sudarshan Bandaranayake","https://www.facebook.com/profile.php?id=100010013078055","Thithagalle Anandasiri 2015 කාලේ හිටපු කෙනාට මොකද වුණේ හාමුදුරුවනේ ?"
"Thusitha Praneeth","https://www.facebook.com/thusitha.praneeth","Thithagalle Anandasiri ඒ හැසිරීම කිසිම විදියකට අනුමත අනුමත කරන්න බෑ..😭"
"Sanuvi Bandaranayake","https://www.facebook.com/people/Sanuvi-Bandaranayake/pfbid02YMDS5Ht3QR7XiqEWwGRJadJEcCMtGFkuB82W5FH7YABwdKnvbkkQaGLxvp82Pftml","Thithagalle Anandasiri තිත්ත ගල්ලේ තිත්තම වුණා..බලාගෙන ගියාම ලොකුම බොරුකාරය නෙ මේ ඉන්නෙ"
"Ruwan Jayathunga","https://www.facebook.com/ruwan.jayathunga.73","Thithagalle Anandasiri උඹ දවසක් දායකයෙක් උඹේ නමට ඉඩමක් ලිව්වේ නැහැ කියලා බැනපු විදිහට උඹේ ඇතුලේ ඉන්න සතාව තේරුම් ගත්තා තිත්තගල්ලේ. එදා සන්නස්ගල මේක තේරුම් අරං තමයි උඹේ ශ්‍රාවකයෙක් වෙන්න එපා කියලා සුදස්සන හිමිට කිව්වෙ. උඹ අමු සතෙක්."
"Sanka Rambukwella","https://www.facebook.com/sanka.rabukwella","Thithagalle Anandasiri මහණ වෙයන් බං"
"Thushara Dissanayaka","https://www.facebook.com/people/Thushara-Dissanayaka/pfbid02BSSGbRui277KU7UmQY1Wh1cVr8SPaooLEzNN71B2zq2mw5wjqG447vpYEagyjHvLl","Thithagalle Anandasiri මචං, උඹට ඕනේ ගලගොඩඅත්තේව නිදහස් කරගන්න නෙවෙයි. පොර හිරේගිය නිසා ඇතිවුනු වේකන්සි එක ෆිල් කරලා කීයක් හරි හොයාගන්න."
"Nadis Nadis","https://www.facebook.com/nadis.nadis.670840","Thithagalle Anandasiri මු නම් අමු පිස්සෙක් බන්"
"SSudam DDewage","","Thithagalle Anandasiri අනේ ශොර්ට් කට් පම්කෝ  උබේ සෙල්ලම දියවෙලා ඉවරයි .. ශේප් එකේ සිවුර ගලවලා මාරුවෙයං.   ඇල්ගරිද්ම් එකකට තොපිට වඩා එතික්ස් තියෙනවා බලං ගියාම."
"Kapila Siriwardena","","Sachintha Wijayawardana 🤗🤗"
"Lasitha N Shalika","https://www.facebook.com/lasitha.tharanga.50","Thithagalle Anandasiri හදුන්කූරු උෂානුයි තිත්තගල්ලෙයි කියන්නෙ එකෙක්ද දෙන්නෙක් ද🤔"
"Nilmini Kaluarachchige","https://www.facebook.com/nilmini.kaluarachchige","Thithagalle Anandasiri  තිත්තෙ මට පොඩි ප්‍රශ්නයක් තියේ. සිවුර ගැලෙව්වම උපැවිදි වෙනව නම් ඔයා බොටමයි ටී ශර්ට් එකයි දාගෙන උදේට බොසින් ගහද්දි ඔයා උපැවිදි උන්නෑද"
"Kapila Siriwardena","","Thithagalle Anandasiri කහවත දූෂණය කරන පහර බල්ලා.... තොගෙ මෛත්‍රියද පරයො මේ..."
"Chaminda Kumara","https://www.facebook.com/chaminda.kumara.766600","Thithagalle Anandasiri paw aneee oya balan inna dan oyata bsya wela aliyata Dai hire dapu akawa"
"Sahan Samadhi","https://www.facebook.com/sahan.samadhi.92","Thithagalle Anandasiri සිදුහත්ට තිබුණෙ සක්විති රජකම ගන්ඩ නේද බං...🥴"
"Darshana Chandimal","https://www.facebook.com/itsme.darshana","Thithagalle Anandasiri ජනාධිපතිගෙ බොරු ගැන කියන්නෙ , ඔයා කියන්නෙ ඇත්තද එතකොට. අර දැන් ෂෙයා වෙන වීඩියෝ වල ඔයා මොනවද කියන්නෙ.  ඇත්තටම කරුමයක් උඹල වගේ සිවුරු රඳවන."
"Sujeeva Gayanath","https://www.facebook.com/sujeeva.gayanath","Thithagalle Anandasiri   තිත්ගල්ලේ ඔයා ගැන  දුක  හිතෙනවා"
"Kalum Thushara","https://www.facebook.com/harshana.k.thushara","Sachintha Wijayawardana well said.."
"Kalum Thushara","https://www.facebook.com/harshana.k.thushara","Thithagalle Anandasiri  හිතේ තියෙන ක්‍රෝධය භාවිතාකරන වචන වලින් පේනව…. ""කැකිරාවේ"" ""උඹ"" 😆 මෙත්‍රී භාවනාව කියලදෙනව කිව්ව නෙ ? 🤪"
"Maheshi Jayasekara","https://www.facebook.com/maheshi.jayasekara.549","Thithagalle Anandasiri කොහෙවත් සල්ලි ඉල්ලලා නෑ කියල කියන්නෙ කොහොමද බූරුවො හිතවත් අයගෙන් ඉල්ලුව නම් තෝ දැන්වත් ඔය බොරු කියන එක නවත්තහං තෝ නිකායෙන් නෙරපාලානේ තියෙන උඹ දැන් හාමුදුරු කෙනෙක් නෙවෙයිනේ..... ඒකයි අපි මෙහෙම කියන්නේ  රස්සාවක් කරපියන් පිම්බත් ගිල ගිලන්පාහරයා  තවදුරටත් උඹලගේ ඔය නරි වාදන් වලට රැවටෙන මිනිස්සු ලංකාවේ නෑ ගූ බාල්දි වලින් තමයි උඹට කන්න වෙන්නේ ජනාධිපතිතුමාට නෙවෙයි ඒක නිසා මොලේ කල්පනා කරපන් කලඳක් හරි තියෙනවා නම් එහෙම නැත්නම් අර ඥානසාරික තනියට හිරේට පලයන්...🤣🤣🤣🤣🤣🤣🤣"
"Dharmasiri Palliyaguru","https://www.facebook.com/people/Dharmasiri-Palliyaguru/pfbid02Ve4WnRBFe6YgTtE4xmtCzc1a8K5j8KyjQ34AR6qkj88mRSu352T27HisebowrPU2l","Thithagalle Anandasiri ඔබ හොඳ මිනිහෙක් කියලා මුදලි දේශනා අහද්දී හිතුවා. දැන් තේරුම් යනවා කොතනද ඉන්නේ කියලා. කථා විලාශය කොහොමත් ගැලපෙන්නේ නෑ. හොර දේශපාලකයන්ට කඩේ ගිහිපු හැම කෙනාම නතර උන තැන හිතාගන්න?"
"සොයා යන්නා","https://www.facebook.com/people/%E0%B7%83%E0%B7%9C%E0%B6%BA%E0%B7%8F-%E0%B6%BA%E0%B6%B1%E0%B7%8A%E0%B6%B1%E0%B7%8F/61588429723724","Thithagalle Anandasiri cariya ද උබ ?"
"Nemindra Sesathpura","","Thithagalle Anandasiri මමනම් දක්කභාමුදුරුවනේ ඔයා ඥාණසාර වෙනුවෙන් බංකුගිනුමක් දැම්මා 🤔ඒක මොක්ද්දකියලා හොයන්න උවමනාවක් ඇත්තේ නැහැ. ඔබේ ඉගැන්වීම් අනුව අවසර 💛"
"Thilan Peeris","https://www.facebook.com/thilanpeeris","Thithagalle Anandasiri මචං ඉස්සෙල්ලම දැනගනින් ෆේස්බුක් කියන්නෙ අනුරට අයිති දෙයක් නෙවෙයි.😂උබ ගූ වෙන එකේ සීමාවක් නෑනෙ 😂"
"Sandun Harshana","https://www.facebook.com/sandun.harshana.16","Ruwan Jayathunga අනිව ඒ ප්‍රෝග්‍රෑම් එක සන්න කරේ පට්ට මීටරෙන්...මූ සතා කියල දැනගෙන"
"Gamini Gopallawa","","Thithagalle Anandasiri ඔබ වහන්සේ වඳ වී යන ගොඩට වැටී ඇත."
"Gunasekara Keerthi","","Thithagalle Anandasiri  වියරුවැටිලා මූ"
"Dhanushka Herath","https://www.facebook.com/dhanushaka.herath","Thithagalle Anandasiri උඹ වගේ නිඝන්ටයෙක්ද බං අභිධර්මය උගන්නන්නෙ....😁😁😁 මරු..."
"Dhanushka Herath","https://www.facebook.com/dhanushaka.herath","Duminda Pelmadulla මූ මචන් අභිධර්මයත් උගන්නනව නේද......මුං වගේ දාමරික නිඝන්ටයෝ කොහොමද ඒව කරන්නෙ"
"Chamara Pradeep","https://www.facebook.com/chamara.pradeep.353250","Thithagalle Anandasiri උබ මාර ගේමක් ගැහුවේ නේ කැකිරාවේ වෙනුවෙන් පෙනී ඉදල කැකිරාවේ උබට ඕන විදිහට පාවිච්චි කරන්නයි හැදුවේ තොටවත්තත් උබ එක්ක ආවා හැබැයි ඌවත් නානසාර වෙනුවෙන් පෙනී ඉන්නේ නෑ මචන් උබ දන්න දෙයින් වැඩක් කරපන් ජාතිවාදී කහකඩයොන්ට කඩේ යන්නේ නැතුව"
"Iron Silva","","Thithagalle Anandasiri   උඹල වගේ භල්ලො එක්ක ලගිනවට හොද වැඩේ එක අතකට.මැරෙන්න වැටුනත් මුන් වගේ උන්ගෙන් උදව් ගන්න හොද නැ"
"ලහිරු වීරසූරිය","https://www.facebook.com/mafsw8dkhh","Thithagalle Anandasiri රූකඩ බන් උඹලා"
"Habarakada Dinartha Himi","https://www.facebook.com/dinartha.himi","Thithagalle Anandasiri තිත්තගල්ලේ හිමි ලෙෆ්ට්.....🤣🤣🤣"
"Tharu Sam","https://www.facebook.com/people/Tharu-Sam/pfbid0wHBDLbwcXFaiLeghSGRtVx8miVLdL5HCN47fUW46em55BvPWxwQh5D6vYAUfP4Ael","Thithagalle Anandasiri පිනට කන්න හම්බෙන, අදින්න හම්බෙන, දත් බුරැසුව, සබන් කෑල්ල, පොත, පෑන, පන්සලේ ලයිට් බිල ගෙවන්න සල්ලි හම්බෙන උඹලට ඇයි බං ඔච්චර සල්ලි ???"
"Trp Perera","https://www.facebook.com/trp.perera.2025","Thithagalle Anandasiri ඔබ වහන්සේට ඕනා ඥානසාරගේ ප්ලේස් එක අල්ලගන්න නේද"
"Naveen Ishanka Munaweera","https://www.facebook.com/naveen.ishankamunaweera","Thusitha Praneeth ඕක default mode of his normal system බං.. නමේම තියනවා හැසිරීම. තිත්තයි. තමන්ට කියලා ප්‍රතිපත්තියක් හෘද සාක්ෂියක් නැති දේශපාලන රූකඩයක්. විවේචනයක් දරාගන්න බෑ. තමන් මොකෙක් හරි වෙනුවෙන් බලෙන් පෙනී ඉඳලා ඒ කෙනාට බල කරනවා තමන්ගෙ ගොබ්බ මතයට එකඟ වෙන්න කියලා. අපරාදේ මේ වගේ තිත්ත මිනිස්සු වෙනුවෙන් ටයිප් කරන වචනත්.."
"Uditha Harshana","https://www.facebook.com/udithahc","Thithagalle Anandasiri කූල් ඩවුන්, එක සිද්ධියකින් මිනිස්සු මැනලා ලේබල් කරන්න එපා, ගිහියට එහෙම කියලා, ඔබ වහන්සේම එක එකා ලේබල් කරලා, දැන් කියනවා මම හිතුවේ නෑලු ජනාධිපති වගේ බොරු කියනවා කියලා කියනවා...සිතුදේ නොම වෙයි නොසිතු දෙයක් වෙයි නේද...උත්සහ කරලා මිනී මතින් හරි සිතන දේ ඉටු කරගනිමු නේද අර හිට්ලර් වගේ...😊"
"Lahiru Baddegama","https://www.facebook.com/profile.php?id=100026742471538","Thithagalle Anandasiri අපෝ ඊයා... මොන්ටිසෝරි කාලෙ මතක් උනා... යාලුවෙක් එක්ක තරහ උනාම ඔක්කොම ඇරියස් කවර් කරන... 🤮"
"Ruwan Jayathunga","https://www.facebook.com/ruwan.jayathunga.73","Sandun Harshana තිත්තගල්ලයගේ මූන දැක්කම තේරෙනවා ඌ සතෙක් කියලා. කිසිම නිවිච්ච ගතියක් නැහැ."
"Sandun Harshana","https://www.facebook.com/sandun.harshana.16","Ruwan Jayathunga අනිව..එදා සන්න මහන වෙලා.....ඌ සතා වෙලා උන්නෙ..🤣"
"Geethanjalee Karunarathna","https://www.facebook.com/geethanjalee.karunarathna","Thithagalle Anandasiri සන්නගෙ ඉන්ටර්වීව් එකේදී සුදස්සන හාමුදුරුවන් ට කතාකරන්න ඉඩක් දුන්නෙම නෑ..වාචාල කම පෙන්නුවෙ එතනදිත් ..මැද්දෙන් පැන පැන කියවලා...🤥🤥🤥🤥🤮🤮🤮"
"Duminda Pelmadulla","","Dhanushka Herath පොත්ටිකක් කටපාඩම් කලාම ඕන කෙනෙකුට පුලුවන් ! ඔය බණ කියලා ඇහහෙන හුඟක් ඒව එහෙමයි. අපේ උන් සිව්රක් අඳින තට්ටයෙක් කියන ඕන එකකකට එකෙන්ම එකඟයි !"
"Dhanushka Herath","https://www.facebook.com/dhanushaka.herath","Duminda Pelmadulla"
"シャンタナンダ モンク","https://www.facebook.com/shantananda.monku","Thithagalle Anandasiri මිනිහෙක් අසරණ උනාමයි උදව්වක් ඉල්ලන්නෙ.නැතුව පුලුවන් වෙලාවෙ නෙවේ.ඒ වෙලාවෙ කරන උදව්ව ඔය විදියට අවභාවිත කරන්න එපා.ඔහේ ගැන තිබ්බ පොඩි හරි ගෞරවයක් ඒකත් නැති උනා.🤮"
"Sudheera Anudattha Wetthasinghe","","තිත්තගල්ලෙගෙ tracka පැනල තියෙන්නෙ"
"Thithagalle Anandasiri","https://www.facebook.com/thithagalle.anandasiri","කොහෙද ඥානසාර හාමුදුරුවෝ වෙනුන් ගිණුම් නම්බරයක් දාලා තියෙන්නේ මම බොරු කියන්න එපා යෝදයෝ මම තවම ඔයාට දාපු account එකේ සත පහක් අරන් නැ"
"Thusitha Perera","https://www.facebook.com/thusitha.perera.944","Thithagalle Anandasiri හාමුදුරුවනේ ඔබවහන්සේගේ බණ මුල ඉඳලම ඇහුවා නමුත් දැන් ඔබවහන්සේ කරන්න ඊට හාත්පසින්ම වෙනස් ක්‍රියාවක්."
"Melbourne Voice","https://www.facebook.com/people/Melbourne-Voice/pfbid09g7CNkd3a3xLtJuwwcG1RCRFRWBo5yRuPrbozgMn2Q54B9VE5TRjUdppS9G71EbGl","Thithagalle Anandasiri හෘද සාක්ෂියට කතා කරලා.. අහන්න, කොච්චර අවංකද කියල. 😜... උබලට ඕන හැටියට රටවත්/නිකායල්වත් ගෙන යන්න බෑ... සම්මත හො ක්‍රමවෙද විශ්වාස මත. ඒවා දුවනවා.. උබට කන්න ඕන උනාම, කබරගොයා තලගොයා උනාට.. හැමොටම එහෙම වෙන්නෙ නෑ.. හෙට දැං උබෙ කීමට, ගංටාර ගහයි ? .. 1%ක්.😁.. උබට, තව එකක් කියන්න ඕන , රතන-ඤාණසාර විශාල කාලයක් ගත්තා.. ඒ වගෙම, විශාල සමාජ කාර්යයක් කලා.. ඔය තත්වයට පත්ව, විනාශ වෙන්න. 😜.. උබ වලං කඩෙට පැන්න, පිං ගොනෙක් - ......, Berwick පන්සල"
"Thusitha Perera","https://www.facebook.com/thusitha.perera.944","[Image Attachment]"
"Sehan Kavinda","https://www.facebook.com/sehan.kavinda","Thithagalle Anandasiri යකො සාසනෙ පෙස්බුක් එකේනෙ ගිහියන්ට වඩා"
"Food Talks SL","https://www.facebook.com/people/Food-Talks-SL/61574273967519","Thithagalle Anandasiri සුදස්සන හාමුදුරුවො විකුනලා හම්බකරපු සල්ලි දීපං හොර නිඝන්ඨයෝ."
"Bat Perera","https://www.facebook.com/lentulus.batiatus.99","Thithagalle බොරුනම් කෙලින් කියන්න...මේ ප්‍රශ්නවල live එකක් ඇවිත් උත්තර දෙන්න...😂😂😂  1. පුස්සැල්ල මහත්මිය එක්ක නිදාගත්තද නැද්ද? 2. පන්සලේ කැම්පස් ලමයෙක්ට විඩියෝ කොල් එකකින් ඇදුම් ගලවන්න කිව්වද නැද්ද? 3. UK උපුලිගේ ශ්‍රද්ධාව පරික්ශා කරන්න විඩියො කෝල් එකක් අරං අභ්‍යන්තර අවයව නිරික්ශනය කරාද නැද්ද? 4. NZ වල දායක ගෙදරක ලමයෙක්ගේ puka මිරිකුවද නැද්ද?  තව දාන්නද...?"
"සොයා යන්නා","https://www.facebook.com/people/%E0%B7%83%E0%B7%9C%E0%B6%BA%E0%B7%8F-%E0%B6%BA%E0%B6%B1%E0%B7%8A%E0%B6%B1%E0%B7%8F/61588429723724","Thithagalle Anandasiri සිවුර ගලවලා උබට බිකිණියක් අන්දවන්න ඕනෙ cari කැත ගොබ්බයා"
"Prasad Sameera","https://www.facebook.com/prasad.sameera.3344","Thithagalle Anandasiri  බිස්නස් බිස්නස්. සල්ලි සල්ලි.  ඥානසාර විකුනන් කනවා. සුදස්සන හිමි විකුනන් කනවා. අනුන්ගෙ විපත මුන්නාන්සෙගේ සැපත්. මුන්නාන්සෙට ඕන උනේ අර උන්නාන්සෙව කොහොමහරි හිරේ යවලා රටේ මිනිස්සු කුපිත් කරන්න. ඒකෙන් කීයක් හරි හොයාගන්න ගමන් ආපුහු රටේ ආගම් වාදය ජාතිවාදය වපුරන්න."
"Sanath Rasingolla","https://www.facebook.com/sanath.rasingolla.9","Bat Perera මේවා ඇත්ත නම් තිත්තයාගේ රෙදි ඔළුවෙන් ගලවන්න එපැයි. පාරේ දැක්කත් කන පැලෙන්න ගහල එලවන්න තියෙන්නේ. සාටක නිකායේ සංඟ පාතලේ.🤮"
"Sandun Harshana","https://www.facebook.com/sandun.harshana.16","Thithagalle Anandasiri අර ශිරන්තිගෙ සිරිලිය ගිනුම වගේ..තාම ඒ සල්ලි අල්ලල නැද්ද 😁😁"
"YC Wimukthi","https://www.facebook.com/profile.php?id=100010993177948","Thithagalle Anandasiri"
"Dimuthu Prasanna","https://www.facebook.com/people/Dimuthu-Prasanna/pfbid02dHM12HHZjR4ocA6ydD8JzYh6ZEhpmjUwCqubYGN1XGt1b2AT6rpHeJZh3qT7qSJLl","Thithagalle Anandasiri ඉවසීම අංක එක හාමුදුරුවනේ ආදරෙන් කියන්නෙ හාමුදුරුවන්ට.ඔහොම කලබලෙන් නෙවෙයි ඉවසීමෙන් කතා කරලා ඔන දෙයක් හොදින් විසද ගන්න.පොඩි ලමයි නෙවෙයිනෙ.එයා මට ගැහුවා මාත් එයාට ගහනව කියන්න."
"Nisal Kalana Kappetipola","https://www.facebook.com/people/Nisal-Kalana-Kappetipola/100088562006187","තිත්තයා ගනිතයා.. මුල ඉදන්ම එයාගේ තිබ්බේ වෙන agenda ekak"
"Danushka Wijesooriya","https://www.facebook.com/danushka.wijesooriya.496562","ඔය ඉඩම දෙනව කියපු දවසෙම මටනං ඔය කාරනේ වැටහුනා."
"නිරංජලා කුමාරි","https://www.facebook.com/anojakumari.kumari","රාජපක්ෂ නිකායේ අලුතෙන් පැවිදි වෙච්ච තිත්තගල්ල."
"Amal Priyantha","https://www.facebook.com/profile.php?id=1062446435","මම නම් හිතුවා සුදස්සන අපෙ හාමුදුරුවනේ ඔය දේ වෙයි කියල  🙏❤"
"Asela Gamlathge","https://www.facebook.com/asela.gamlathge.2025","Amal Priyantha මෛත්‍රී කලාම පුදුම විදිහට ලස්සන වෙනවා කියලත් කිව්වා එක program ඒකක.. YouTube eke...නේ මෝල් ව නිවන් දක්කන්නත් පුළුවන් කිව්ව..😝😝😝"
"Kushan Sameera Udayanga","https://www.facebook.com/kushan.s.udayanga","👍🏼"
"Duminda Pelmadulla","","ඔබ වහන්සේ ඔය කරුමෙන් ගැලවිච්චඑක ලොකුම දෙයක් !!! ❤️🥰"
"Asanka C Haththasinghe","https://www.facebook.com/asankaxx89","එදා එහෙම තත්ත්වයකදීත් ස්වාධීනත්වය ගැන සිතන්න තරම් හැකිවීම පිළිබඳව සතුටුයි හාමුදුරුවනේ 🙏"
"Lahiru Sandaruwan","https://www.facebook.com/people/Lahiru-Sandaruwan/100044835902092","ඉස්සර ඉදපු තිත්තකල්ලේ හාමුදුරුවෝන්ට මොකද වුනේ?"
"Lahiru S Arachchige","https://www.facebook.com/lahiru.s.arachchige","Anandasiri සෙට් වෙනකොටම මටනම් අවුලක් දැනුණා,  ඔය පොහොට්ටුවට කඩේ යන උන්ගෙ කොහෙද දර්ශනයක්😓"
"Rohan Rupasinghe","https://www.facebook.com/rohan.rupasinghe.330","මේක පොහොට්ටුවේ බත් බැලයන්ගේ පුරුද්දක් .... 🥱 තමන්ගේ හැඟීම් තමන්ගේ ක්‍රියාකාරිත්වයන් තමන්ගේ හැසිරීම තවත් කෙනෙකුට පටවා ආරූඪ කර එය ජනතාවට ඒත්තු ගන්නට සැලැස්වීම තමයි ඔවුන්ගේ එකම දක්ෂතාවය... 😳 මෙයා නඩු දාහතරක් තියෙන ... මහින්දට එකතු වෙලා ඉඩමක් අරගෙන පන්සලක් හදාගෙන මහින්දගේ සේවය සඳහා පත්කරගත්ත චීවරධාරියෙක්... ඔබවහන්සේ පත්වෙලා ඉන්න කිව්වට වඩා සුදුසුයි ඔබවහන්සේව පත්කර සිටින අවස්ථාවෙන් ප්‍රයෝජන ගන්න උත්සාහ කරන... සිවුරු රදවනයක්... මම ඔබ වහන්සේට පෞද්ගලිකවත් කියලා ඇති... අපිට වඩා ධර්මය ගැන අධර්මය හසුරුවන පුද්ගලයෝ ගැන ඔබ වහන්සේ දන්න නිසා අපිට බිය විය යුතු නෑ.... ✊🤜🤛"
"Janaka Manamendra","","මේ යකා වැඩේට එකතු වෙනකොටම මටනම් අවුලක් දැණුණ මේ මොකද වෙන්නෙ කියල."
"Sumana Wijeratne","https://www.facebook.com/sumanawije","Janaka Manamendra exactly 💯,මම හාමුදුරුවන්ට පෞද්ගලිකවම කීවා භයානක කම. ඇත්තටම හාමුදුරුවෝ තනිඋණු නිසා තමයි එහෙම උණේ."
"Elina Anupama Herath","","අපිට නම් මුලින්ම තේරුනා තිත්තයා නටන නාඩගම  මිනිස්සු කමෙන්ට් කරල තිබ්බ ඕකව විස්වාස කරන්න එපා කියල"
"සනත් භාෂ්වර කරුණාරත්න","https://www.facebook.com/sanath.karunarathna.9847","ස්තූතියි !"
"Priyantha Karunajeewa","https://www.facebook.com/priyantha.karunajeewa","නොදන්නා යාලුවට වඩා දන්නා යකා හොඳයි කියන්නේ ඒ නිසයි.. අවස්ථාවාදීන් ගෙන් ප්‍රවේශම් වන්න,.."
"කාරියමඩිත්තේ ඤාණාරාම","https://www.facebook.com/g4igu9ub0j","සතා මොකාද කියලා හදුන ගත්තා නම් ඒ ඇති."
"Nirodhaananda Bhikkhu","https://www.facebook.com/people/Nirodhaananda-Bhikkhu/61593619903847","කාරියමඩිත්තේ ඤාණාරාම  අපේ උන්ගේ මිත්‍රත්වයේ කොලිටිය පවා,අනෙක් ක්ෂේත්‍ර වගේ පිරිහිලා.රාජපක්ෂලා නිසා රටේ අධ්‍යාත්මය පිරිහුනා.ඔය අලුත්ම සාක්ෂිය තිත්තගල්ලේ.කැකිරාවේ වහන්සේගේ මෙලොව පිලිබඳ අදහස් පිලිගන්නවා.පරලොව අවුල්.🤔☸️😇"
"Edward Weerasinghe","https://www.facebook.com/edward.weerasinghe.39249","කාරියමඩිත්තේ ඤාණාරාම 👍"
"Sumudu Madduma Arachchi","https://www.facebook.com/dilan.maddumaarachchi","කාරියමඩිත්තේ ඤාණාරාම අනිවාර්යයෙන්ම මඩිත්තේ සාදූ අන්න ඒකයි වෙන්ටෝන නේද?🤌"
"Dazz Maddumge","https://www.facebook.com/dasungoes2","If you failed to recognise Thiththagalle’s move, many people knew he came forward to get mass attention.  You better battle alone that getting hands of Fox."
"Sarada Samarasinghe","https://www.facebook.com/Saradasamarasinghe123","❤️"
"Roshan Marasinghe","https://www.facebook.com/roshan.marasinghe.925697","මට දකිද්දිම හිතුනා. ඔය හාමුදුරැවොත් ඉක්මනටම දෂ්ඨ කරනවා කියලා.බලපුවාම කලා කාරයොයි හාමුදුරැවොයි අතර වෙනසක් නෑනෙ අපෙ හාමුදුරැවනේ."
"කාරියමඩිත්තේ ඤාණාරාම","https://www.facebook.com/g4igu9ub0j","Ayodhya Lakmal Ranabahu"
"Rukmal Thushara","https://www.facebook.com/gr.rukmal","Thithagalle පක්කාලිසිරි සුවපත්වේවා!"
"Sarath Saranga Perera","https://www.facebook.com/sarathsaranga.perera","ගිහියන්ට වඩා බෝහෝ/බහුතර භික්ෂූන් භයානකයි.  මීට ගැඹුරු සමාජ විද්‍යාත්මක හේතු තිබෙනවා. එනිසාම වඩාත් පරෙස්සමින්."
"Sasindu Sahan Tharaka","https://www.facebook.com/sasindusahantharaka13","ඒවා ටික පබ්ලික් කරන්න බැරිනම් අපට හරි එවන්න .😎"
"කමල් උදාන ඩයස්","https://www.facebook.com/79wu91y2is","තිත්තයව විශ්වාස කරන්න එපා. එපා. එපා."
"Rukmal Thushara","https://www.facebook.com/gr.rukmal","මම කිව්වනෙ ඔබවහන්සේට. ඉක්මනින් වොයිස් රෙකෝඩ් එලියලට දාලා ඔය පි ස් ස ව නතරකරලා දාන්න."
"Saman Abeyratne","https://www.facebook.com/samankabeyratne","මුලින්ම ඒ හාදයා කිට්ටු වෙනකොට ම අපිට ඉවෙන් මෙන් දැනුනා. නමුත් නිහඬව සිටියා ඔබ දැනුම් තේරුම් ඇති භික්ෂුවක් නිසා."
"Irosha Gamage","https://www.facebook.com/irosha.gamage.9","අපිට ත්‍රිපිටකය ගැනවත් අභිධර්මය ගැනවත් ලොකු දැනුමක් නැති වුනාට ඔබවහන්සේට කිව්වා නේද .... හැරෙන්නෙ මොකටද කියලා සහ ... ලැග්ගොත් නැගිට්න්න වෙන්නෙ මොකුන් එක්කද කියලා..., දැනුම කියන්නෙයි අවබෝධය කියන්නෙයි දෙකක් හාමුදුරැවනේ 🙏 පන්සලක් නැත්නම් පාරෙ ගහක් යට වැඩ ඉදලා හරි සත්‍යවාදී වෙන්න හාමුදුරැවනේ නරක මනුස්ස ඇසුර නැතුව 😇"
"Lakshan Dewanpriya","https://www.facebook.com/lakshan.dewanpriya.2025","Irosha Gamage අන්නේකයි👍"
"Darshana Kumara","https://www.facebook.com/darshana.kumara.763317","Irosha Gamage 100%👍👍👍"
"Susantha Herath","https://www.facebook.com/susantha.herath.37","oya yak pissek kiyanna thmai man call kare kiyanna klin therila ayyo salli"
"දයාන් සේනාධීර","https://www.facebook.com/ywkstvv4dn","සර්පයා සර්පයාමයි මිතුර..........."
"Mangala Kurukulasuriya","https://www.facebook.com/profile.php?id=100008188152372","Thithagalle Anandasiri සිවුරෙන් වහන් ඉන්න ඇත්ත සතා එලියට පැනලා.ඊයා."
"නන්දදාස සමරවීර","https://www.facebook.com/people/%E0%B6%B1%E0%B6%B1%E0%B7%8A%E0%B6%AF%E0%B6%AF%E0%B7%8F%E0%B7%83-%E0%B7%83%E0%B6%B8%E0%B6%BB%E0%B7%80%E0%B7%93%E0%B6%BB/pfbid0PDf2Kn53Aua4p25cN82k44N7XLu3D3aWanakz4osszGPvk9nQFbdf7Dp4W5qBRi9l","තිත්තගල්ලෙ රාජපකසලගෙ ගෙරිකඩයෙක්.👹"
"Sandaru Dasanayake","https://www.facebook.com/detective.sandaru","තිත්ත නරි! 😌"
"Tharanga N Dewage","https://www.facebook.com/people/Tharanga-N-Dewage/pfbid0vi3a1XZAfjcXYxsMbfL6n7kpM8zRmFhWKcczqeUdzHXvVPmYhF8mF1DEsdTbmRgl","Sandaru Dasanayake https://www.facebook.com/share/v/1DU7Xeaq3N/"
"Nomadic life","https://www.facebook.com/srishakthisteel","අපරාදේ... තිත්තගල්ලේ හාමුදුරුවෝ ගැන මම ලොකු පැහැදීමකින් හිටියේ. ඒත් පහුගිය දවස්වල කරපු දේවල් දැක්කම පේන්නේ, උන්වහන්සේත් දේශපාලන පක්ෂවල පටු අරමුණු වෙනුවෙන් පාවිච්චි වුණා කියලයි. හරිම කණගාටුයි!"""
"Upali Kodikara","https://www.facebook.com/upali.kodikara.101638","ඇත්තයි හාමුදුරුවනේ නිකාය ප්‍රශ්නයෙදී ආනන්දසිරි උන්නාන්සේ පැන පැන දෙනකොට මට හිතුන වාර අනන්තයයි මෙච්චර හොඳ ජනප්‍රියත්වයක් කීර්තියක් ඇති ඔබවහන්සේ මොකට එයාට සම්බන්ධවුනාද් කියල. ඔබවහන්සේගෙ බැබලීම තුලින් එයා ලකුනු දාගන්න උත්සාහකලේ. ඔබවහන්සේ එයාලග එච්චර අසරණවෙන්න ඕනැ නෑ. දැන් හරි තේරුම්ගත්‍ත එකලොකු දෙයක්  නැත්නම් වෙන්නෙ සුදස්සන කියන කිරිමුට්ටියට තිත්තගල්ලෙ කියන ගොමගොඩක් වැටෙන එක විතරයි."
"Sanjeewa Kalum","https://www.facebook.com/people/Sanjeewa-Kalum/pfbid0mPpjcbapaf3uTLn6jWnz32BBEv3mMqJNGeUGriPwZQzbDkETrdu8AuM5wycs5gWul","අපි සුදස්සන හාමුදුරුවන්ව අගේ කරන අය ඉන්නවා කියලා අමතක කරන්න එපා මොන කරදර ආවත්"
"Aravinda Gunawardana","https://www.facebook.com/profile.php?id=1512795367","තිත්තයා ඔබ වහන්සේට උදව් කරල තියෙන්නෙ හොරුන්ගේ කීමට. ඒක කුමන්ත්‍රණයක් බව පැහැදිලියි. තිත්තයගෙ ඉඩමයි පන්සලයි ආපහු දෙන්න හාමුදුරුවනේ. අපි නිදහස් තැනක් හොයාගමු."
"Anton Fernando","","මම බැලුවේ මේ දෙන්නා එක මොහොතකටවත් කොහොමද එකතු උනේ කියලා, දැන් පැහැදිලියි,හාත්පසින්ම වෙනස් දෙන්නෙක්, එකට ගමනක් හිතන්නවත් බෑ, මේ තරම් ඉක්කමනට ඔබවහස්සේගේ ස්ථාවරය දැනුම්දීපු එක හොදයි…"
"Janaka B. Kurukohothenna","https://www.facebook.com/janaka.b.kurukohothenna","හාමුදුරුවනේ මේ මම සැප්තැම්බර්  23 දින ඔබට එවූ පනිවිඩය ."
"Chanaka Senanayaka","https://www.facebook.com/chanaka.senanayaka.7","මේව දකිනකොටවත් මේ අයගෙන් දර්මය අහන මිනිස්සු තේරුම් ගන්න ඕනි තමන් යන්නේ වැරදි පාරක බව. මේ සංස්කාර ලෝකය තුල තමන් මෙතරන් ගැටෙමින් මිනුස්සු නිවන්නේ කොහොමද? ඔයිටවඩා ඉන්ද්‍රීය සංවර කරගත්ත ගිහියන් අද කාලේ ඉන්නවා හරි ස්වාමීන් වහන්සේලාගේ දේශනා අහලා.."
"Rachila Disan Fernando","https://www.facebook.com/profile.php?id=1330741849","මිනිහා කිව්වේ ඔබවහන්සේට ඉඩම දුන්නත් ඔබවහන්සේගේ විවේචන වෙනස් කරන්න එපා කියලා නේද.."
"Janaka Gayanath","https://www.facebook.com/janaka.gayanath.3","😊😊😊 මම බැලුවා මොකද පරක්කු කියලා මේ සීන් එක. මම අවදානෙන්ම බලා හිටියා මේ  ඥානසාරගේ සිද්දියට තිත්තගල්ලෙත් එක්කම ගහගෙන යයි කියලා... එහෙනම් ඔබ වහන්සේ එහෙම ගියේ නෑ... 😊😊 මොකද ඥානසාරගේ සිද්ධිය ගැන නීතිමය දෙයක් නිසා මම ඊයේ දැක්ක ඔබ වහන්සේ ඕක කිව්වා මේක මේ දේශපාලනී කරනය කරන්න යන්නේ කියලා.. මම ඕක දකින වෙලාවෙම හිතුවා දැන් බලන්න පුලුවන් තිතගල්ලේ හරි මිනිහෙක් නම් ඔබ වහන්සේගේ ඔය මතේට ගරු කරලා ඔබ වහන්සේගේ ප්‍රශ්නය වෙනුවෙන් ඉදී කියලා.. හැබෑ දැන් පේනවා එහෙම අනුන්ගේ මතේකට ගරු කරන්න පුලුවන් එකෙක් නෙවේ තිත්තගල්ලේ.. රහත් උනා රහත් උනා කියන උන්ගේ රහත් බව පරීක්ෂා කරන්න පුලුවන් ලේසිම විදිය තමා එයාලගේ ego එකට ගැහුවම එයාලා play කරන විදිය බලා ඉන්න එක😂😂 සිරි සමන්ත 2 😂😂   ඔබ වහන්සේට කියන්න තියෙන්නේ දැන් ආයි ඔබත් දේශපාලනයට ඈදෙන්න එපා 👍 හෙට ඉඳන් තිත්තගල්ලේගේ විරුද්ධ කඳවුර පාවිච්චි කරන්න try කරනවා sure... ඔතෙන්ට වැටෙන්න එපා...   හරිද වැරදිද කියන්න දන්නේ නෑ.. හැබෑ නීතිය වෙනුවෙන් තමන් එක්ක හිටපු එකාගේ උනත් මතයට / රැල්ලට අහු නොවී මතය ප්‍රකාශ කරාට hat’s off👍"
"Chanaka Kamal","https://www.facebook.com/profile.php?id=100013632667004","මං හිතන්නෙ ඔබ වහන්සේට තියෙන ජනප්‍රසාදය (අප්‍රසාදය සහ ප්‍රසාදය දෙක ම තියෙනවානෙ) පාවිච්චි කරන එක තමයි තිත්තගල්ලෙ හාමුදුරුවො කළේ. කරදරයක වැටුණු වෙලාවෙදි ඔබ වහන්සේ vulnerable කියලා දන්නවා. ඔබ වහන්සේ ව දිනා ගැනීම සහ සන්නාගෙ යූටියුබ් චැනල් එකේ සාකච්ඡාවකින් (තිත්තගල්ලේ හාමුදුරුවන්ට දිනා ගන්න බැරි) වෙනම ප්‍රජාවක් දිනාගන්න ඔබ වහන්සේගේ ව පාවිච්චි කළා කියලා මට හිතෙන්නෙ. උපකාර ලැබූ කෙනා හැටියට ඔ වහන්සේ ට ඒක ඒ විදියට නොපෙනෙනවා වෙන්න පුලුවන්. පිටින් බැලුවම මට පේන්නෙ ඔහොම."
"Disa Konara","https://www.facebook.com/kona.dissa","Chanaka Kamal ඒ සාකච්චාවේ දී හැම දෙයකටම තිත්ත බල්ලා තමයි පැනලා තුට්ටු දෙකේ උත්තර දුන්නේ. 😁"
"Bharatha Gurusinghe","https://www.facebook.com/profile.php?id=629873589","Chanaka Kamal well said Machan."
"Lal Kumarasiri","https://www.facebook.com/lal.kumarasiri.3363","Chanaka Kamal අනිවාර්‍යයෙන්ම උනේ ඒකයි . ඒත් ඒ මොහොතේ කැකිරාවේ සාදූ අසරණයි"
"Dinesh Kandage","https://www.facebook.com/dinesh.hkandage","ඔය තිත්තයගෙන් පරිස්සම් වෙන්න කියලා ඔබවහන්සේට අපි කොච්චර කිව්වද?"
"Isuru Bentharaarachchi","https://www.facebook.com/isuru.bentharaarachchi","කැකිරාවෙ හාමුදුරුවනේ ත්තිතයා ලංවෙනකොටම මට නම් තෙරුනා බල්ලො එක්ක ලැග්ගම මැක්කො එක්ක නැගිටින්න වෙනව කියල. එකක් විතරක් කියන්නම් ඔබ වහන්සෙ මේ මොහොතේ පමනක් ජීවත් වෙන්න. අනිත්‍ය දර්මතව තුල නිකායවල් පන්සල් පවා අනිත්‍ය නේ. ඔබ වහන්සෙ ඔබ වහන්සෙගෙ මතයෙ ඉන්න. තව වැඩි කල් යන්න කලින් ඔය පාදඩ සිවුරු දේශපලනය සහ ඔය සිවුරු ත්‍රස්තවාදය බින්ද වැටෙනවා. එතකොට ඔය ගෝශාකාරී සිවුරු රන්දවන නිකන්ම සිවුරු අත ඇරල යනව. වනගත වුනු ගුහා ගත වුනු ඇත්ත දර්මයට නිසි තැන ලැබෙනව. එතෙක් අල්ලං ඉන්න වැඩේ අපේ වැඩක්. ඔබේ මතය දරන අය තව කොච්ච්රද කියල එදාට තේරේවි. ඊට ඔබ හෙලූ දහඩියද ඉවහල් වෙන්ට ඇති. කෙසේ වෙතත් එනර්ජි එක තියගන්න ඕන. ඒකට තනියම වඩා හොන්දය. අපි හමුවෙමු. එතෙක් ඉන්න"
"Harsha Sakviti","https://www.facebook.com/harsha.sakviti","තිත්තගල්ලෙ හාමුදුරුවෝ ගමේ කෙනා. ඒත් මම දරන මතේත් වෙනස් කරන් නෑ. ඔබ වහන්සේ හරි. තිත්තගල්ලෙ හාමුදුරුවො මේ කරන්නෙ දේශපාලන කුමන්ත්‍රනයක්. ඒකට ඔබ වහන්සේවත් පාවිච්චි කරන්න තමයි හදන්නෙ. එයා එකපාරම පොප් අප් වෙන්න අර පෝට් සිටි එකේ සීන් එකයි සුදස්සන හාමුදුරුවොංගෙ කේස් එකයි යොදා ගත්තා. ඒත් එක්කම නාමල්ව බේරා ගැනීමේ වැඩසටහන. දැන් එයා කියන ඒව ඇහුනම තේරෙන්නෙ වියරු වැටිල වගේ. එයත් අර සමන්තබද්‍ර රංගනයම තමයි කරන්නෙ කියල දැං තේරෙනවා. ඔබ වහන්සේ ඒ තැනට වැටෙන්න තරම් පහත් නොවේවි කියල අපිට විශ්වාසයක් තියෙනවා."
"Prasad Sakvithi Kalansooriye","https://www.facebook.com/psakvithi.kalansooriye","Harsha Sakviti ඒක හරියටම දැනගන්න කැකිරාවේ සුදස්සන හාමුදුරුවෝයි Thithagalle Anandasiri හාමුදුරුවෝ දෙන්නා මූනට මූන විවුර්ත සංවාදයකට එන්න ඕනා අදාල සාක්කි එක්කම.එතකොට බලාගන්න පුලුවන් හැබැයි යම් විදියකින් Kekirawe Sudassana Himi මේක මග අරිනවනම් ඉතින් අපිට හිතාගන්න පුලුවන් කවුද බලු වැඩේ කලේ කියලා.මොකද කලින් එකට එක ස්ටේජ් එකේ වාඩි උනානම් දැන් බැරිකමක් නෑනේ නේද?"
"Harsha Sakviti","https://www.facebook.com/harsha.sakviti","Prasad Sakvithi Kalansooriye thiththagalle හාමුදුරුවෝ කිව්ව දේවල් නෙවෙයි කරන්නෙ වගේ එකක් පේනවනෙ."
"Ruwan Darshana Mathangaweera","https://www.facebook.com/ruwan.mathangaweera","මට අනා දැනුම තිබුනා කැකිරාවෙ හාමුදුරුවො විට බැක්ෆයර් වෙන වග , මමත් දැනගන හිටියා කැකිරාවෙ හා මුදරුරුවොන්ව යූසර් වෙන්න තමයි යන්නෙ කියලා , කැකිරාව හාමුදුරුවො ක් දැනගන්න ඕනෙ සමාජෙ ගැන අපරාදෙ පොඩිලමයෙක් වගෙ හිත කලකිරොගන හිටියෙ මෙවැනි රටවල් යම් පාලනයක් කිරීම හැම අංශකින්ම බටහිර ආර්ථික ප්‍රතිපත්ති හා ගැට ගැහිලා තියෙන්නෙ ආගම සහ ජාතිය මාර්කටින් කරලා තව දුරටත් ස්ගයා හරහා ජනමතය ඓහෙම මෙහෙ කිරීමෙ ප්‍රතිශතය දැං අඩුයි , ගංවතුර ක් බැහැලා ගිහිං වගෙ ඓකෙ රුල්ලක් හදා ගත්තොත් ඓමතිං සර්ෆිංබොඩ් ඓකක් මෙන් ඉහලට ඇවිත් .play කරනූන පුළුවන් ඒක තමයි තිත්ත ගල්ලෙලා මෙහෙයවන කනූඩායම ලබුනොරුවත් ඔබවහන්සෙවත් අවුලක් රැල්ලක් හදාගන එකෙන් වැඩකූ ගන්න ගියෙ.ඓත් ඔබවහන්සෙවත් ධර්මය පහත හිට පු නිසා ඓක හරි ගියෙනෑ දැං ඔබ වහන්සේට යම් වැටහීමක් ගත හැකියි"
"Oneway Riding Forall","https://www.facebook.com/ddhdhhd8","තිත්තගල්ලෙ පිලිබද අවසාන ප්‍රසාදයද සිදීගියේය..thank you sudassana himi."
"Dushantha Liyanage","https://www.facebook.com/dushantha.liyanage.5","කැකිරාවේ.........ආනන්ද තුල උන් සර්පයා දුටුවාද?"
"Chamara Wikramarathne","https://www.facebook.com/ruwan.c.wikramarathne","සංඝයා රටේ නීතියට යටත් විය යුතුයි කියා බුදුන් වහන්සේ දේශනා කර තියෙනවනේ. අනිත් කාරණාව තමයි බුදුන් වහන්සේ ගිය ගමනේදී ආගම/රට/ජාතිය/කුලය/තනතුර කියන හැම දේම අතහැරලා ගිය ගමනක්නේ. එතකොට මමනම් දකින්නේ, කුමන හෝ ස්වාමීන් වහන්සේ නමක් අධිකරණ තීන්දුවට හිස නමන්නේ නැත්නම් හරි, නිකායවලට බෙදිලා ඒවා කරපින්නාගෙන සිටිනවානම් හරි, ඒ ස්වාමින් වහන්සේලා බුදුන් ගියමග නොයන බවයි. ඔබ වහන්සේගේ ආගමික වැඩ ටික කරන් යන්න. තෙරැවන් සරණයි ස්වාමින් වහන්ස🙏🙏🙏"
"Thusitha Praneeth","https://www.facebook.com/thusitha.praneeth","Chamara Wikramarathne දැන් මෙහෙමනේ මචං.. තිත්තගල්ලේම කියන විදියට එයා ධර්මාවබෝධය ලැබිලනෙ ඉන්නෙ.... ඉතිං ධර්මයෙම තියේනේ මචං... සියලු දේ නැසෙන සුළුයි.. කියලා... ඉතිං මචං.. FB පේජ් එකකටත් ඒක අදාලයිනෙ මචං... ඉතිං.. ඕක දිහා අවබෝධය ලැබුන ස්වාමීන් වහන්සේ නමකට ධර්මයට අනුව දකින්න බැරිනං... අර මුලින්ම කියපු කරුණ බොරු වෙනවනෙ මං... උන්නාස්සෙටත් හරියට ධර්මය අවබෝධ වෙලා නෑහ්...🫣"
"Chamara Wikramarathne","https://www.facebook.com/ruwan.c.wikramarathne","Thusitha Praneeth සිරාම"
"Nalaka Sampath","https://www.facebook.com/nalaka.sampath.490421","තිත්තගල්ලේගෙ මුහුණ බැලුවාම තේරෙනවා ලෝක අණ්ඩපාලයෙක් කියලා. ඔලුව අතගාලා මිනිසුන්ගේ පොකට් එකට විදිනවා. ""ආනන්ද සර්පයා දුටුවාද?"""
"Indika Prasad","https://www.facebook.com/indika.prasad.678752","සුදස්සන හාමුදුරුවන්ට තියෙන්නෙ තනියම ගමනක්. තිත්තගල්ලේ හාමුදුරුවන් එක්ක සංයෝග උනාම ඔබවහන්සේ ගැන සියුම් ලාමක අප්‍රසාදයක් ඇතිවුණා. ඔයතරම් ඉක්මනින් ඒ මිත්‍රකම අවසන්වීම හොඳයි. නැත්නම් නිකම් අපරාදෙ ඔය පිරිසිදු චීවරය ගඳ ගස්සවගන්න වෙනව. ඔබවහන්සේට කවදත් තියෙන්නෙ ""තනියම ගමනක්"" විතරයි.."
"Sandun Harshana","https://www.facebook.com/sandun.harshana.16","ඔබ වහන්සේට ඊයෙ මම දාපු pvt msg එක...අපිට නම් සතා තේරුනා... ""අවසරයි හාමුදුරුවනේ.... මම ගොඩක් ඔබ වහන්සෙගෙ කරුනු එක්ක එකග වන කෙනෙක්... ඔබ වහන්සෙ තිත්තගල්ලෙ හාමුදුරුවො එක්ක කරපු සන්නස්ගල සර්ගෙ වීඩියෝ එකත් බැලුව.... මට හිතුනු දෙයක්...ඒ අවස්ථාවෙ ඔබවහන්සේ යම් තරමක් පීඩනයෙන් ඉන්න ඇති. ඒ දවස්වල තිබ්බ තත්ව එක්ක. ඒත් කියන්න තියෙන්නෙ මෙච්චර කල් තනියෙන් තමන්ගෙ මතේ ඉදිරිපත් කරා වගේ...තමන්ගෙ පිහිටම පතන්න.. තිත්තගල්ලෙ හාමුදුරුවො කරන්නෙ විව්ස් ගැනීමක්, මාර්කටින් කියල පේනව... අනික ඒ හැසිරීම උනත් ඔබවහන්සේල වගේ අය තම සමීපතමයන් කර ගත් යුතු නැ කියල හිතෙන්නෙ."""
"Susantha Rathnamalala","https://www.facebook.com/people/Susantha-Rathnamalala/pfbid0318wsoQrZUoeeGqubWUecWbdrrNz1cMBgY5VKuKZdYAAaJAjbitsjJGacmUHKZZjhl","අපෙ හාමුදුරුවනේ ඔබ වහන්සේ ට ඔක වෙනවා කියලා මුලින්ම තෙරුනා,තිත්ගල්ලෙ ඉන්නෙ ලොකු ඩීල් එකකඔබ ව්හන්සෙ ගැලඋන එක වටිනවා...ඔබ වහන්සේ ජය ගන්නවා නියතයි.."
"Bat Perera","https://www.facebook.com/lentulus.batiatus.99","Thithagalle බොරුනම් කෙලින් කියන්න...මේ ප්‍රශ්නවල live එකක් ඇවිත් උත්තර දෙන්න...😂😂😂  1. පුස්සැල්ල මහත්මිය එක්ක නිදාගත්තද නැද්ද? 2. පන්සලේ කැම්පස් ලමයෙක්ට විඩියෝ කොල් එකකින් ඇදුම් ගලවන්න කිව්වද නැද්ද? 3. UK උපුලිගේ ශ්‍රද්ධාව පරික්ශා කරන්න විඩියො කෝල් එකක් අරං අභ්‍යන්තර අවයව නිරික්ශනය කරාද නැද්ද? 4. NZ වල දායක ගෙදරක ලමයෙක්ගේ puka මිරිකුවද නැද්ද?  තව දාන්නද...?"
"Kavinu Weerakkody","https://www.facebook.com/kavinu.weerakkody","තිත්තගල්ලගෙන් අයින් වුන එක නම් සෑහෙන්නම මොළේ තියෙන වැඩක්! ❤️ පර්සනල් ඇජෙන්ඩා එකක් රන් කරන්න හදපු විදිහ එදා ඉඳන්ම පේන්න තිබ්බනෙ"
"Anura Senanayaka","https://www.facebook.com/anura.senanayaka.315","ඔබ වහන්සේ සන්නා සර් එක කරපු ප්‍රෝග්‍රෑම් එක බලනකොට මට ක්ෂනිකව හිත්ච්ච දේ තමයි කොයිම වෙලාවක හරි මේක වෙන්න පුලුවන් කියලා. ඒක ඇත්තක් වෙලා ,  මේ වගේ අයගෙන් ඈත්වෙල ඉන්න තරමට සැනසීමක් ලැබෙයි"
"Thilak Kumara Mudalige","","තිත්ත කියන්නේ madamulana නිකාය"
"Gayan Sisira Kumara Akalanka","https://www.facebook.com/gayansisirakumara.akalanka","ඔබ වහන්සේගේ කොන්දට එකෙන්ම Respect...🙏"
"Sunil Dharmarathne","https://www.facebook.com/sunil.dharmarathne.5","මම ගොඩක්ම බෞද්ධ දර්ශනයට ඇලුම් කරන්නෙකි. රේරුකානේ හා වල්පොල, ගණේගම යන හිමිවරුන් ලියන ලද පොත්පත් පරිශීලනය කිරීම නිසා ඔබ වහන්සේගේ අදහස් ඒ හිමිවරුන්ගේ අදහස් හා සමානුපාතික නිසා ඔබ වහන්සේ වෙනුවෙන් ආදරණීය ලෙස පෙනී සිටියෙමි. එහෙත් තිත්තගල්ල හිමියන් ඔබ වහන්සේ සමග එකතු වීමම කලකිරීමට හේතු විය. තිත්තගල්ල හිමියන් කවුද කියල ඔබ වහන්සේට වඩා ගිහි අපි දන්නව. ඔබ වහන්සේට අවශ්‍යතාවයක් වුනොත් මැසේජ් එකක් දාන්න."
"Dhananjaya Peranuwan","https://www.facebook.com/dhananjaya.peranuwan.9","මම නම් තිත්ත http බල්ලා කියලා දැන ගත්තේ නාමල් ඇතුළට දැම්මට පස්සේ එතකම් මං හිතාගෙන හිටියේ ඌ භික්ෂුවක් කියලා"
"Roshan Handunnetthi","https://www.facebook.com/roshan.handunnetthi","හාමුදුරුවනේ! ඔයා බුද්ධ දර්ශනය පිළිබඳව අධ්‍යනය කරනවාා වගේම නූතන ලංකාවේ හාමුදුරුවන් ගැන වෙනම අධ්‍යනයක් කරලා ඉගනගන්න අද ඉදලා.."
"Dimuthu Priyanakara","https://www.facebook.com/dimuthu.priyanakara","තෙරුවන් සරණයි ස්වාමීන් වහන්ස මං ඔබ වහන්සේගේ වැඩසටහන් සියල්ල බලල තියෙනවා ඉතාම වටිනා වැඩසටහන් කවුරු මොනවා කිවුවත්.ඔබ වහන්සේගේ දහම් දැනුම ගැන මට අවබෝධයක් තියෙනවා ඒ වගේම ඔබ වහන්සේගේ දැක්ම හරිම පැහැදිලි ආගම විකිණීමට ඔබ වහන්සේ විරුද්ධයි. බුදුරජාණන් වහන්සේගේ ඇත්ත ධර්මය පෙන්නා දීම ඔබ වහන්සේ කරන්නේ, මොන බාධක අවත් ඒක නැතර කරන්නේ නෑ කියලා සහතිකයි       ඒත් ඔබ වහන්සේ තිත්තගල්ලේ එක්ක එකට දාපු පලවෙනි විඩියෝ එක මං දැක්ක ගමන්ම මං comment එකක් දැම්මා මේ ගත්තේ වැරදි තිරණයක් කියලා. තිත්තගලේ හාමුදුරුවෝ සමග එකට ගත කිරීම ඔබ වහන්සේගේ නමට සිදු කරන්නේ කැළලක්.         මෙය මේසේ සිදු වූවාට මා කැමැතියි ඔබ වහන්සේගේ අවබෝධය ,දැක්ම ,අධිෂ්ඨානය , ඇත්ත ඇත්ත ඇති සැටියෙන් දැකීමේ ගුණාංගය වගේ මනුෂ්‍යත්වයේ ගුණධර්ම බිස්නස් කාරයන්ට යට වෙනවාට කැමැති නෑ.. තිත්තගල්ලේ හාමුදුරුවෝ දර්මය ඉගෙන ඇති කියවලා කටපාඩම් කරලා ඇති හැබැයි ධර්මයට අනුව ජිවිතේ හදාගෙන නෑ...            ඔබ වහන්සේ මේකෙන් බේරීම ගැන මට හරිම සතුටුයි.. තෙරුවන් සරණයි ස්වාමීන් වහ්න්ස 🙏🙏🙏🙏🙏🙏🙏"
"Disa Konara","https://www.facebook.com/kona.dissa","Dimuthu Priyanakara ඔබ නිවැරදියි. තිත්තගල්ලේ වාචාලයා පසුපස යාම නිසා උන්වහන්සේ ඇතිකර ගත්තේ කැලලක්‌. මටත් ඒ ගැන පොඩි කලකිරීමක් තිබුණා."
"Dimuthu Priyanakara","https://www.facebook.com/dimuthu.priyanakara","Disa Konara ස්තුතියි ඔබතුමාට ❤️❤️"
"Tissa Kumara","https://www.facebook.com/tissa.kumara.766589","මේ දේ වෙන බව මම ලීවා. ඔබ වහන්සේ ශාස්ත්‍රීය ගවේෂණය සඳහා පිටරට විශ්ව විද්‍යානයකට යන්න බලන්න."
"Pubudu Namal","https://www.facebook.com/profile.php?id=100056165676628","මේ දෙන්නගේ ඒවට කමෙන්ට් කලොත් සංඝ බේදය පාපකර්මයට අහු වෙනවද"
"Ranura Wimalagunarathna","https://www.facebook.com/ranura.wimalagunarathna","මේක වෙනවා කියලා මම පැහැදිලිවම දැනං හිටියා. තිත්තගල්ලේගේ තර්ක ගති පැවතුම් ගොඩක් දුරට පිටිදූවේ සිරිදම්මගේ තර්ක ගතිගුන වලට සමානයි. දෙන්නාම බිස්නස් කාරයෝ  මම ඒත් කල්පනා කරේ මෙච්චර දැනුමක් තියෙන ඔබ තිතගල්ලේට මොකට අහුවුනාද කියලා. මම ඔබ වහන්සේ ආණ්ඩුව විවේචනය කරගෙන යනකොට මම ගොඩක් විරුද්ධ වුණා. මොකද ආණ්ඩුවට තියෙන ආදරේට නෙමේ. ඔබ වහන්සේ හිතන විදියට ඒ දේශපාලන විවේචන ගැලපෙන්නේ නෑ. ජාතිවාදියෝ කාශ්‍යප දාලා බැලුවා. ඒක හරියන්නෑ දැන් තිත්ත ගල්ලෙ දාලා ප්‍රොජෙක්ට් එකකරගෙන යනවා. මොන නිකායෙන් නෙරපුවත් ඔබවහන්සේගේ අදහස් බොරුයි කියලා ඔප්පු කරන්න බැරිවුනා ගොඩක් අයට. තර්කානුකූලව බිද දමන්නත් බැරි වුණා. ඔබවහන්සේට ඉන්න තැනක් ඉඩමක් දුන්නා කියලා තාමත් හිටපු මතයයේ ඉන්න ගැන මම සතුටුු වෙනවා. 🙏"
"යොමාල් විරාජ්","https://www.facebook.com/yomal.viraj","කිව්වා හාමුදුරුවනේ ඔබවහන්සේට..සෑහෙන්න අපි කිව්වා"
"Ravi Maduranga","https://www.facebook.com/maduranga.ravi.5","යොමාල් විරාජ්  ou bn 👍"
"Damith Galagoda","https://www.facebook.com/damith.galagoda","සන්නා එදා ඔයයි තිත්තෙයි එක්ක තිබ්බ interview එකේ මුල් විනාඩි පහේදිම මම තීරණය කලා තිත්තේගේ hidden agenda එක. ඒක හරියටම හරි. ඒ මොහොතෙත් එයා ඔබ වහන්සේ use කලා එයාගේ publicity එකට. මටනම් එතන තම මිතුරා වෙනුවෙන් පෙනී ඉන්න කල්‍යාණ මිත්‍රයෙක් එතන පෙනුනේ නෑ. මිතුරාගේ ප්‍රශ්නය එක්ක මිතුරාගේ කරපිටින් තමන්ගේ ගමනාන්තයට යන්න වලිකන මිත්‍ර ප්‍රතිරූපකයෙක් කියලා මට ඒ මොහොතේම දැනුනා."
"Sumit Ratnayake","https://www.facebook.com/RatnayakeSumit","Damith Galagoda ඒක ඇත්ත.. සබුද්ධිකව දකින්න Kekirawe Sudassana Himi අපේ හිමියන් බුද්ධිමත් වෙන්න තිබුනා."
"Akalanka","https://www.facebook.com/akalanka.seneviratne.1","මේ මනුස්සයා බැලුවේ සුදස්සන හාමුදුරුවන්ට උදව් කරල ඥානසාරගේ project එකට ඇදල ගන්න ."
"Senarath Bandara","https://www.facebook.com/mewan.wickramasingha","ඔබ වහන්සේ ඔබ වහන්සේගේ ගමන යන්න, ඔබ වහන්සේට පන්සලක් අවශ්‍ය නම් අපි ඔක්කොම එකතුවෙලා ඒ වැඩේ කරලා දෙන්නම්, ඔබ වහන්සේට තෙරුවන් සරණයි!"
"Somasiri Withanage Kariyawasam","https://www.facebook.com/somasiri.kariyawasam.14","බුද්ධාගම සහ සිංහල ජාතිය පෙරට දමාගෙන ඥානසාර හිමි කලේ බොදු ජන බලවේගය නමින් වර්ගවාදී ෆැසිස්ට්වාදී කල්ලියක් බිහි කිරීමයි. මෙම කල්ලියට රජයේ මහජන මුදල් වියදම් කරමින් රාජපක්ෂලා බලාපොරොත්තු වූයේ ද්‍රවිඩ සහ මුස්ලිම් ජනතාව ගෙන් සිංහල ජනතාවට, රටේ ඒකීයත්වයට සහ ආරක්ෂාවට තර්ජනයක් තිබේ යැයි සිංහල ජනතාවට ඒත්තු ගැන්වීමත් සිංහල, දෙමල සහ මුස්ලිම් ජාතීන් අතර ආගම් සහ ජාති බේද ඇති කොට ඥානසාර හිමි ලවා සිංහල බෞද්ධ චන්ද ලබා ගැනීමත්ය. සිංහල බෞද්ධ ජනතාව වෙනුවෙන් පෙනී සිටින්නේ රාජපක්ෂලා පමණක්ය ඔවුන් බේරා ගත හැක්කේත් රාජපක්ෂලාට පමණක්‌ය යන මතය ජනගත කිරීමට ඥානසාර උත්සාහ කලේ ඔහු සහ රාජපක්ෂ කල්ලිය අතර ඇතිවූ මෙම අවබෝධතාවය සහ කුමන්ත්‍රණකාරී සහසම්බන්ධතාවය නිසාය. රාජපක්ෂලාට සම්බන්ධ වූ සහ ඔවුන් විසින් මෙහෙය වනු ලැබූ සාපරාධී රාජ්‍ය බුද්ධි නිලධාරීන් රාජපක්ෂලාගේ උපදෙස් අනුව පාස්කු ප්‍රහාරය සැලසුම් කොට සහරාන් ප්‍රමුඛ අන්තවාදී අපරාධ කල්ලියට මහජන මුදලින් වැටුප් ගෙවන අතරම එම ගිණුමෙන්ම බොදු බල සේනා මැරයින්ට වැටුප් ගෙවූයේ රාජපක්ෂලාගේ උවමනාව සහ අනුදැනුම පිටය. රාජපක්ෂලාගේ අතකොලුවක් වූ ඥානසාර හිමි ජාතිවාදී ආගම්වාදී සල්ලාල බේබදු අවස්ථාවාදී මැරයෙකු මිස පූජනීයත්වයේ ලා සැලකිය යුත්තෙකු නොවේ. දැන් තිත්තගල්ලේ ආනන්දසිරි හිමියන් ඇතුලු රාජපක්ෂ ගැති තක්කඩියන්, ඥානසාර නිදහස් කර ගැනීමට වලිකන්නේද ඔවුනුත් මෙම ජාතිවාදී ආගම්වාදී ෆැසිස්ට් කල්ලියේ සාමාජිකයින් හෝ ආධාරකරුවන් ලෙස දූෂිත දේශපාලකයින් ගෙන් අනියම් අන්දමින් නොයෙකුත් වරප්‍රසාද ලැබූ නිසාය. තිත්තගල්ලේ ආනන්දසිරි හිමි යනු ප්‍රතිපත්තියක් නැති අවස්ථාවාදී පුද්ගලයෙකු බව පමාවී හෝ තේරුම් ගැනීම ගැන කතාව මෙන්ම ක්‍රියාවත් තම සිතට එකඟව සිදු කරන ඛුද්ධිමත් අවංක කැකිරාවේ සුදස්සන හිමිට මගේ ආචාරය පිරි නමමි."
"Ape Media Social Media Return","https://www.facebook.com/people/Ape-Media-Social-Media-Return/100071020135470","ඔන්න තිත්ත ගල්ලෙගෙ තිත්ත ඇත්ත. ඕකගෙ ඉඩම් ගත්ත නම් කැකිරාවේ හාමුදුරුවන්ට හාන්සි වෙන්න වෙන්නෙ ..  කැකිරාවේ හාමුදුරුවෝ මානසිකව වැටෙන්න එපා කරන වැඩ පිලිවෙල කරගෙන යන්න සත්‍ය තේරුම් ගද්දි මිනිස්සු ඔබ වහන්සේ සමග හිට ගන්නවා ..    අපිත් පුලුවන් විදියට උදව් කරනවා  අල්ලගෙන යමු  . හැමෝම අපේ කැකිරාවේ හමුදුරුවො රැකගන්න උන්ව⁣හන්සේ වෙනුවෙන් කරන්න පුලුවන් උපකාරයක් කරන්න .. අපි පරිත්‍යාග දෙන්න ඕනි පඩික්කම් පුරවන භික්ෂු ප්‍රතිරූපක වලට නෙවෙයි කැකිරාවේ හාමුදුරුවො වගේ උඩුගම්බලා යන දාර්ශනික භික්ෂුන්ට . 🙏"
"Dhammik Hew","https://www.facebook.com/dhammik.hew","සන්නා ඕක කියා හාමුදුරැවනේ. ඔබත් අසරණ වෙන කොට කවුරැවත් නැතිවෙන කොට අසත් පුරැෂයා ලංවෙනව  සන්න ගෙ ප්‍රෝගැම් එකේම තිත්තය කලේ ලුලා වෙන එක"
"Janaka Dissanayake","https://www.facebook.com/janakad2","මේ වගේ අසත්පුරුෂ චීවර ධාරීන් විස්වාස කරන්න එපා sudassana හාමුදුරුවනේ.මුන් මේ රට අයෙත් ගිනිබත් කරන්න හදන්නේ."
"Suweena Edirisinghe","https://www.facebook.com/suweena.jayaratne","තිත්තගල්ලේට මොනවා හරි මානසික ලෙඩක් මයේ හිතේ. සමාජයේ Unpopular වෙන චරිත අල්ලගෙන popular වෙන්න සෑහෙන දගලනවා. Thug gang."
"Tharinda Lasitha","https://www.facebook.com/tharindalasika","We already knew he is an opportunist 😬"
"Sumana Wijeratne","https://www.facebook.com/sumanawije","Tharinda Lasitha yes he show up at the scene just to get the credits he lost in speaking on behalf of නාමල්"
"Tharinda Lasitha","https://www.facebook.com/tharindalasika","Sumana Wijeratne he s on the path to become agasaw and then the head counsellor of Namal."
"Upali Gamini Jayawardana","https://www.facebook.com/upaligamini.jayawardana","තිත්තගල්ලේ කියන්නෙ නානසාරගේ පුරප්පාඩුවට රාජපක්ෂ නිකායෙන් පත්කරපු කෙනා... කැකිරාවේ හාමුදුරුවෝ රාජපක්ෂ නිකායට සෙට් කර ගන්න බැලුවෙ. තිත්තගල්ලේ ගේ ඇම කෑවේ නෑ ... උන්වහන්සේට ප්‍රණාමය."
"Thusitha Praneeth","https://www.facebook.com/thusitha.praneeth","ඔබ  වහන්සේගේ ස්තාවරය හරි...❤️"
"Kasun Wenura Rodrigo","https://www.facebook.com/kasun.rodrigo.520","ලත් තැනම, ලොප් කරගත්ත එක වටිනවා අපේ හාමුදුරුවනේ. ඒකා හැදුවෙත්, ඔබ වහන්සේටත් හොරා ඔබවහන්සේ සැබෑ බුදු දහම මතුකරලීමට දරන උත්සාහයට මාර්ගය ඇහිරීමටය. ""ඒකා දේශපාලුවන්ගේ පස්සේ ගිහින්, තමාගේ වල තමාම කපාගනී"""
"Sanura Yasaswin","https://www.facebook.com/sanurayasaswin89","සන්නගෙ interview එක බලද්දි මටනම් ඕක හිතුනා"
"Ashan Dissanayake","https://www.facebook.com/dissanayakeashan","දවසින් දවස රෙදි රට ඉදිරියේ ගලවගන්න ගමන්, හෙලුවෙන් දුවන තිත්තගල්ලෙ 😁  අපි බෞද්ධයන් සහ රටේ පුරවැසියන් විදිහට අගය කරනවා ආගමික ත්‍රස්තවාදී බවෙන්, අන්තවාදී බවෙන් සහ ජාතීවාදී බවෙන් මිදුනු, ඔබවහන්සේගෙ කොන්ද පන තියන තීරනය.   මූට ඕනෙ උනේ ඔබවහන්සේවත් විකුනන් කන්න උගේ යටි අරමුණු වෙනුවෙන්.  ඔබවහන්සේ එක්ක පොරත් ගිහින් තිබ්බ සංවාද ඔක්කොගෙම පෙනුන මූගෙ සීලයක් නැති, විනයක් නැති චාරයක් නැති හැසිරීම් සහ මේ පොරගෙ පටු යටි අරමුන."
"Pujithe Galhenage","https://www.facebook.com/pujithe.galhenage","ඔබට ලොකු දැනුමක් තිබුනට ලොකු වපසරියක් තිබුනට මිනිස්සු කවුද ..හරි දේ මොකක්ද වැරදි දේ මොකක්ද කළ යුත්තේ කුමක්ද.නොකළ යුත්තේ කුමක්ද.කියලා අඳුර ගන්නතරම් ලොකු ශක්තියක් නැහැ...හරි ඉක්මනට කලබල වෙනවා...ඊට පස්සේ හතර අතේ ගා ගන්නවා... පැහැදිලි පිරිසිදු නිශ්චල විල(මනස)...ඔබට ඔබගේ සැබෑ ස්වරූපය පෙන්නාවි..."
"SP Kumara","https://www.facebook.com/sp.kumara.203404","ඔන්න ඕකට තමයි කැකිරාවේ හාමුදුරුවනේ අපි පුන පුනා කීවේ ඔය තිත්තගල්ලේ අස්සේ රිංගන්න එපා කියලා.  ඔය මිනිහා තනිකරම දේශපාලන කුමන්ත්‍රණකාරයෙක්. නාමල් වෙනුවෙන් පෙනී හිටපු වෙලාවෙම අපි දැනගත්තා එයාගෙ කැරැට්ටුව මොකක්ද කියලා. දැන් හරි නේද..මේක සමාජගතවීම වැදගත් ප්‍රසිද්ධ මාධ්‍යයටත් දෙන්න ඕනේ මේ කුමන්ත්‍රණකාරයෝ කොහොමද අපේ සමාජයේ ඉන්නේ හැසිරෙන්නේ කොහොමද කියලා..."
"Nalin Thamel","https://www.facebook.com/nalin.thamel.39","ඔබ වහන්සේ මේ නිහීන සතා එක්ක එකතු වෙද්දී මට අප්‍රසන්න බවක් දැනුනා. ඔබ වහන්සේ බුද්දිමත් ඒත් තරුණ නිසා සංවේදී වැඩියි. හාමුදුරුවනේ ඔබ වහන්සේ ස්වාදීන වෙන්න බලන්න මිනිස්සු උදව් කරයි 🙏"
"Tharanga Kapurubandara","https://www.facebook.com/tharanga.kapurubandara","රාජපක්ෂලගෙ ජඩ දේශපාලණයේ අතකොලු  ජඩයෙක් කියල පෙන්වන්න තියෙම ශාක්ෂි මේ වෙලාවෙ එලියට දාන්න හාමුදුරුවනේ... ර්‍ර්කෙන් මිනිස්සු ඇත්ත තේරුම් ගන්නව..🙏"
"Darshana Kumara","https://www.facebook.com/darshana.kumara.763317","Tharanga Kapurubandara හොර ගෙඩියා 😂😂 කල දුටුකල වල ඉහින්න යන්නෙ නේ 😂😂💩💩"
"Tharanga Kapurubandara","https://www.facebook.com/tharanga.kapurubandara","Darshana Kumara ඔයාගෙ බයි කමට බෙහෙත් නෑ පුතා..."
"Darshana Kumara","https://www.facebook.com/darshana.kumara.763317","Tharanga Kapurubandara බයි නැත්නම් 3% බයි බායි තමයි පුතා"
"Tharanga Kapurubandara","https://www.facebook.com/tharanga.kapurubandara","Darshana Kumara එහෙම හිතල හරි දුකතුනී කරගනින් පුතා...😁😪"
"Lakshman Jayarathne","https://www.facebook.com/lakshman.jayarathne","තිත්ත ගල්ලේ හාමුදුරුවොන්ගේ ස්ථාවරය තියා ගත්තා වේ. ඔබ වහන්සේ ස්වාධීනව ඔබ වහන්සේගේ ගමන යන එක ගැන සතුටුයි තිත්ත ගල්ලේ   එක්ක එකතුවීම ට අපි කැමති නෑ"
"Nishantha Gamaathige","https://www.facebook.com/nishantha.gamaathige.2025","සමන්ත බද්‍ර part 2, තිත්ත ගල්ල.🤣"
"Shaman Jayantha","https://www.facebook.com/shaman.jayantha","සන්න එක්ක කරපු ඉන්ටව් එකේ තිත්තෙගෙ හීනමානෙ හොදට පෙනුන."
"Upali Amarawansa","https://www.facebook.com/upali.amarawansa.161","තිත්තෙට වැඩේ තිත්ත වෙලා වගේ 😜"
"Roshan Amarasekara","https://www.facebook.com/roshan.amarasekara.58","අපිට තේරුණ දේ ඔබ වහන්සේට නොතේරුන එකනේ පුදුමේ කියන්නේ ❤️ඒකට කමක් නෑ කැකිරා අපිට අපි කැකිරාට 😛😛😛"
"Amila Jaye","https://www.facebook.com/amila.jaye","අපේ හාමුදුරුවනේ සියලු සංස්කාරයෝ නැසෙනසුලුයි,දුකයි කියල  අහල ඇතිනෙ එපමනයි"
"Indika Heshan Rideemaliyadda","https://www.facebook.com/people/Indika-Heshan-Rideemaliyadda/pfbid0BeZSzPDxLfG9WyzVHLHdgrSanX57DwcCSwaUmrWAEHDKt831JM6x1wqgmiuHZBmpl","තිත්තයගෙ හැටි දැනගෙනත් ඌත් එක්ක ඔබවහන්සේ වාඩිවුන එකයි අවුල. පොර ගේම්කාරයා. පරිස්සමින් ඉන්න. අමාරුම අවස්ථාවක උනත් තමන් පෙනී ඉන්න ස්ථාවරය වෙනස් නොකරපු එකට ගරු කරනවා."
"Thushara Kodithuwakku","https://www.facebook.com/thushara.kodithuwakku.351","මේ හාමුදුරුවන්ගේ වචන භාවිතය,හැසිරීම වගේ දේවල්  අවුල් කියලා සාමාන්‍ය අපිට තේරුනදේ ඔබවහන්සේට නොතේරුනේ ඇයි.පහුවෙලා හරි නොගැලපෙන ඇසුර දුරස්වුන එක ගැන සතුටුවෙන්න."
"Hasitha Kosala Munasinghe","","සන්නා එක්ක දෙන්නා ඉන්නවා දකිද්දිම  වෑඩේ අවුල් කියලා තේරුනා."
"Vidusha V Thalangama","https://www.facebook.com/vidusha.viduranga.5","Dhanaraja srewickrama ගෙයි ඔබ වහන්සෙලගෙයි මානසික තත්ව වල වෙනසක් නෑ මං හිතන්නෙ, ඔක්කොටම තියෙන්නෙ සමාජයත් එක්ක ගැටීමක්, සමාජයේ එකිනෙකා ගැටීම නවත්තන්න කියන පණිවිඩේ ඇතුළෙත් ඔයාල ගැටෙන එක කරන්නෙ...."
"Hema Bravo","https://www.facebook.com/people/Hema-Bravo/pfbid08nfpWXnJ9aeXeW711ct5gr9FRrNpw5pGYuCRdiyydaLcZEVrgXUzGncK92ERrmiUl","තිත්තයා අඩෝ."
"Pujitha Wijesinghe","https://www.facebook.com/profile.php?id=100004029973635","තෙරුවන් සරණයි , ඔබ වහන්සේට"
"Danu Gayan","https://www.facebook.com/danu.gayan.1029","Theruwan saranai oba wahanseta"
"Daniel Danial","https://www.facebook.com/people/Daniel-Danial/pfbid0368gVpKokHECz22aN377qNgr1mVWMvH6gP3bKajz9CmSXkrhWVNTtFPg5M3AKzuJEl","අහිංසකයා සහ අංගුලිමාල"
"Ishan Udara","https://www.facebook.com/ishan.udara.3","සෝශල් මීඩියා වල තියෙන හොඳම දේ එක එකා අවස්තා වාදී විදිහට හැසිරෙන වෙලාවට ඌ කරපු පරණ දේවල් ඌට ම පෙන්නල දෙන්න පුලුවන් 😁"
"Suminda Hapuarachchi","https://www.facebook.com/sumindahapuarachchi","අනුර ශාශනයත් සුද්ද කරනවා.. ඒක ශුවර්..."
"Tharidu Dilshan Pathmasiri","https://www.facebook.com/profile.php?id=100000016203950","තිත්තගල්ලේ හදන්නේ ඥානසාරගෙන් vacant වෙන පොහොට්ටුවේ project එක run කරන්න. ඒකට මේ වෙලාවේ ගහන්න තියෙන ඔක්කොම බර අවි use කරනවා. ඒකට ඔබ වහන්සේ කෙරෙහි පැහැදිලා ඉන්න මිනිස්සු වත් එකතු කරගන්න හැදුවේ බොරුවට ඔබ වහන්සේට උදව් කරන මුවාවෙන්. එකයි බුද්දිමත් ජනතාව එදත් comments වලින් කිව්වේ තිත්තගල්ලෙට අහුවෙන්න එපා කියලා. මමත් කිව්වා credibility එක damage කරගත්තු උං එක්ක වැඩ කරන්නේ පරිස්සමින් කියලා. ඔබ වහන්සේට අවාසයක් අවශ්‍ය නම්. ඉඩමක් බලලා.  ඒකට සහ building එකට යන මුදල estimate එකක් හදලා, හාමුදුරුවොන්ගේ account number එක්ක share කරන්න. මිනිස්සු අනිවාර්යෙන් උදව් කරයි. හැබැයි හරියට audit කරන්න. මොකද මේ අය දිව්‍ය ලෝකේ යන්න දන්දෙන්නේ නෑ. ඔබ වහන්සේ කරපු සහ කරන සේවාවට උදව් කරන්නේ."
"Dinesh Roshan AJ","https://www.facebook.com/maduwearachchilage.roshantha","Obatumanlawa mata penne montisori daruwo wage ai appa"
"Kithsiri Mahindasinghe","https://www.facebook.com/kithsiri.mahindasinghe","ඔබ වහන්සේගේ ප්‍රතිපත්ති ගරුක පැවැත්ම අගයනවා."
"Wisal Kariyawasam","https://www.facebook.com/wisal.kariyawasam1","Thiththagalle kauda kiyala dan hamoma dannava. Apitanam a ksleth theruna dena talks valin."
"Madusanka Disanayaka","https://www.facebook.com/madusanka.disanayaka.792","kawuru monawa kiwath Oba wahansege gamana aramuna wenas karaganna epa kuhaka mnissu oba wahansege gamanata irisiyawta karana dewal nisa oba wahanse awadanayen parissamin inna"
"Jayasundara Lalith","https://www.facebook.com/people/Jayasundara-Lalith/pfbid02qeRGWzsmQSomSsXodss23UxH3JRZGzGTmxW1sMjNjzHAzhFvavbrx3MEkzecYMPml","ඔය පාහරයා එක්ක කරපු පළෙවෙනි වැඩ සටහනේදිම අපි ඔබ වහන්සේට පෙන්වා දුන්නා දුරදිග බලලා වැඩ  කරන්න කියලා.උන දේ උනා දැන් කිසිදේකට ලියලා වැඩක් නැ."
"Kumari Samarasinghe","https://www.facebook.com/kumari.samarasinghe.739","මුලදිම මට නම් හිතුනා කිසිම පැහැදීමක් තිබුනේම නෑ තිත්තගල්ල එක්ක සුදස්සන හාමුදුරුවෝ ඉන්නවා දැක්කම"
"Anushan Indika","https://www.facebook.com/anushan.indika","කොහොමත් ඔය තිත්තගල්ලේ එක්ක එකතු වෙනකොට අපිටනම් හිතුනා ඔය නාඩගම හරියන්නේ නැහැ කියලා. අද කාලෙ ඉන්න ඔක්කොම එවුන් අවස්තාවාදියෝ. ඔවුන්බ්ව විශ්වාස කරන්න එපා. ඔබ වහන්සේට ඉඩමක්, කුටියක් අවශ්‍ය නම් ඒ බව ඉබ් වහන්සේ කියන්න. එක එක් තැරැව්කාරයන් ගාවගන්නේ නැතුව.ඔබ වහන්සේ ගොඩනගාගත් හොද ප්තිරෑපයක් තියෙනවා නේ. අන්න ඒකට මිනිසුන් උදව් කරාවි..."
"Rohana Pannipittiya","https://www.facebook.com/people/Rohana-Pannipittiya/pfbid02wnmicJaNg6xWJWnjDaWzSc9qQDEJRAQimyo5ikiABWvPrd1Vo3AFZBMejcbCS6zcl","එදා තිතිතගල්ලෙ කැකිරාවෙ හාමුදුරුවො වෙනුවෙන් පෙනී ඉන්නකොට ඔබවහන්සේට Coment එකක් දැම්ම දැන් ළග ඉන්න කෙනගෙන් පරිස්සමින් කියල.වැඩි දවසක් ගියෙනෑ හාමුදුරුවනේ....ඔබ වහන්සේ ධර්ම ධර හාමුදුරු නමක් ඔබවහන්සේ හිටිය විදිහටම ඒ ස්ථාරයේ ඉන්න ඔබවහන්සේ පිටිපස්සෙ විශාල පිරිසක් පෙළ.ගැහෙමින් ඉන්නව...ඔබවහන්සේව නිකායෙන් ඉවත් කලත් ඔබවහන්සේගේ දේශනාව නිවැරැදි බව දන්න....නිර්මල බුදුදහම හොයන විශාල පිරිසක් ඔබවහන්සේ පිටිපස්සෙ පෙල ගැහෙනව....ඔය.නිකායන් දැන් මිනිස්සු ප්‍රතිකේෂ්ප කරන්න පටන්.අරන් තියෙන්නෙ ඒක තවත් වැඩි වෙනව මේ නායක හිමිවරු අපරාධකාරයකුට සිවුරු අන්දන්න  බල කරන වැඩෙන් ...... ඉදිරියට සිවුරට වඩා මිනිස්සු ගරු කරන්නෙ ඒක දරාගෙන ඉන්න මිනිහගෙ ගුණයට...... ඒ හින්ද ඔබවහන්සේ ඔබවහන්සේගේ ස්ථාවරයේ ඉන්න... කාටවත් කඩේ යන්න එපා...බුදුන්වහන්සේ තනිවම ගමන පටන්ගත්තෙ ....කොච්චර පිරිසක් පසුව එකතූඋනාද...ඒ වගේ ඔබවහන්සේගේ පිටිපස්සෙ විශාල පිරිසක් එකතුවෙමින් ඉන්නව..."
"Shantha Deshapriya","https://www.facebook.com/shantha.deshapriya.98","අපෙ හාමුදුරුවනේ දැන්වත් විෂඝෝර සතුන් වැනි මිනිස්සුන්ගෙන් ඈත් වෙලා ඔබ වහන්සේ ස්වාධීනව ගමනක් යන්න පටන්ගන්න.   රනිල්, රාජපක්ෂ, පොහොට්ටු හිතවාදියෙක් කියන්නෙ සල්ලිවලට ආත්මය පාවා දීල ඕනම දෙයක් කරන්න පුළුවන් විදිහෙ ආත්මාර්ථකාමී කෙනෙක්. ඔබ වහන්සේට එරෙහිව කටයුතු හැම කෙනෙකුටම තියෙන්නේ පැහැදිලිවම ඊර්ෂ්‍යාවක්. හේතුව තමයි ඔබ වහන්සේ සතුව මහා දැනුම් සම්භාරයක් පැවැතීම.  කිසිම කෙනෙකුව විශ්වාස නොකර, ඔබ වහන්සේ ස්වාධීනව වැඩ කරගෙන යන්න. ඞඔබ වහන්සේට ගරු කරන, ආදරය කරන විශාල පිරිසක් ඉන්නවා."
"Jayaru Pathirana","https://www.facebook.com/people/Jayaru-Pathirana/pfbid08ev4tuZCPjAzBdEfpoCpmSSQRFZ4RSrqhhC7GDHZCoZtu4BDugVb4nBC7PY1va4vl","දෙන්නම එකයි 😂"
"Tilak Ranasinghe","https://www.facebook.com/tilak.ranasinghe.779","බල්ලොත් එක්ක ලැග්ගොත් මැක්කොත් එක්ක නැගිටින්න වෙනබව ඔබවහන්සෙ කලින් හිතන්න තිබ්බ.තෙරුවන් සරණයි"
"Kuma Abeygunasekara","https://www.facebook.com/kuma.abeygunasekara","අනේ හාමුදුරුවනේ  පරිස්සමෙන් ......"
"Lalitha Harischandra","https://www.facebook.com/lalitha.harischandra","හරිනේ "" සංඝ භේදය"" උනානේ දැන් කාටද ආනන්තරිය පාප කර්මය හිමිවෙන්නේ. එයාලම කාකොටා ගන්න හින්දා එයාලටම නේද?"
"Chandana Premjith","https://www.facebook.com/people/Chandana-Premjith/pfbid02Yz245bE6GLD4i58qMaUyi2SUh8hggAdMpha256F9794h3VYCEWux9WEtE9fFmp9vl","සුදස්සන හාමුදුරුවනේ ඔබවහන්සේ ස්ථාවරය වෙනස් කරන්න එපා.තිත්තගල්ලෙ කියන්නෙ බුද්ධාගම විකුණන් කන දේශපාලුවන්ට කඩේ යන  සිවුරට මුවාවී ආණ්ඩු පෙරලන්න යන ජරා යකෙක්. බලන්නකො උන් කතාකරන කැත විදිහ."
"Sujeeva Gayanath","https://www.facebook.com/sujeeva.gayanath","මම මුල  ඉඳලම  දැනගෙන  හිටියා  තිත්තගල්ලේ   අවංකව  නෙමෙයි  ඔබ  වහන්සේ  වෙනුවෙන්  පෙනී ඉන්නේ කියල.  සන්නස්ගල  එක්ක  කරපු  සාකච්චාවෙිදී ඒක  හොඳටම  පෙනුනා..  මං පොර  කියල   හිතාගෙන ඉන්න උද්දච්ච  මිනිහෙක්  තමයි තිත්තගල්ලේ. තිත්තගල්ලේ  නිසා ඔබ  වහන්සේගේ   කීර්ති  නාමයට   හානියක් තමයි උනේ.දැන්වත්  යථාර්ථය   තේරුන  එක ලොකු  දෙයක්.    තිත්ගල්ලේ  කියන්නේ  මිත්‍ර පත්‍රිරෑපකයෙක්.ඔබ   වහන්සේ  කරන  සමාජ මෙහෙවර ගැන  මගේ  ලොකු  ගෞරවයක්  තියෙනවා. විපතේදී  පිහිටට එන  එක එක තක්කඩින්ට රැවටෙන්න එපා.ඔබ වහන්සේගේ  ආරක්ෂාව  ගැන  සැලකිලිමත් වෙන්න.ඔබ   වහන්සේ රටට වටිනවා. තෙරුවන්  සරනයි  අපේ  හාමුදුරුවනේ"
"Chathura Madushanka","","Api mulinma danagena hithaya oya tika ahagani kiyala.higannekata salli deela photo gahala fb dana un wage thamai thiththaga galle kiyanne 🫣🫣"
"Mathangaweera Chandarasena","https://www.facebook.com/mathangaweera.chandarasena","බුදුන් වඳාල ධර්මය  නිවැරැදිව ,අවබෝධ  කරගත් එමෙන්ම නිවැරැදිව  තර්කානුකූලව දකින යතිවරයාණන් කෙනෙකි ඔබ වහන්සේ .,ඔබ වහන්සේගේ  දැනුමට, බුද්ධියට , ප්‍රඥාවන්ත භාවයට ,උගත්කමට ඔබ වහන්සේට දෙපා නැමැද ආචාර  කරමි. ඔබ වහන්සේ වැන්නෙක් ඇසුරෙන් වත්  තිත්තගල්ලේ වැනි අකෘතඥ , අධර්මිෂ්ඨ, කුහක තැනැත්තෙක්  සත්පුරුෂයෙක් වුනේ නැත.  "" කිරි දියෙහි  දැමුවත් අඟුරු සුදුවෙන කලෙක් නම් නැත් "" යන්න සිහිපත්  වෙයි. තිත්තගල්ලේ  වැන්නවුන්  තමයි  අපි හඳුන්වන්නේ  බුද්ධ චීවරය පටලවාගත් "" කහකඩයින් "" ,ලෙස.   මෙවැනි  අවස්ථාවාදීන් ගැන නොසැලී  ඔබ වහන්සේ  මෙතෙක් ගිය නිවැරැදි  මාවතේම  ගමන්  කරන ලෙසත්,  කුල නිකායවල්  වලට යටත් නොවන ලෙසත් , නිවරැදිව තර්කානුකූලව  ධර්මය  ජනතාවට  අවබෝධ කරදීමට කටයුතු  කරන ලෙසත් ඔබ වහන්සේට ආයාචනය කරමි . බාධක කොතෙක්  පැමිණියත් ⁣ මහජනයා  වෙනුවෙන් මෙතෙක්  කරන ලද සත්කාරයන් අත්නොහරින  ලෙසත් ඉල්ලමි ."
"Vishva Vanshanatha","https://www.facebook.com/people/Vishva-Vanshanatha/pfbid0hUZGZcLioULJMRwtFTxKRsBWNuqaFBWm37Sq5xtXjPJP9oVrSxQUe1FS1QofKTX7l","තිත්තගල්ලේ උන්නාන්සෙ ඔබවහන්සේ වෙනුවෙන් උදව් ඉල්ලද්දි මම ඒකට සතපහක් නොදැම්මෙ මම ඒ උන්නාන්සේ කවදාවත් සද්භාවයෙන් දෙයක් නොකරන උන්නාන්සෙ කෙනෙක් බව තේරුම් අරන් හිටපු නිසයි. ඔය තිත්තගල්ලේ උන්නාන්සෙ, සුදත්ත වගේ අය එක්ක හවුල් ඇතිකරගන්නකොට මම ඔබවහන්සේට කියල ඇති ඒ ගැන දෙපාරක් හිතල බලන්න කියල. මම හිතනව ඔබවහන්සේට මතක ඇති කියල. හාමුදුරුවනේ ඌරො එක්ක අනුකම්පාවෙන් ලැග්ගත් මඩ ගෑවෙනවා. ඔබවහන්සේ ගැන හිතලයි කියන්නෙ. විවෘත මනුස්සයෙක් වෙන එක හරි. එහෙමයි කියල තක්කඩි පාතාල කාරයො එක්ක ආශ්‍රයට යන්න එපා. තෙරුවන් සරණයි!"
"Sameera Madushan","https://www.facebook.com/people/Sameera-Madushan/61579453182877","දැන් සැපදදදදදදදදදදදදද තිත්තගල්ලේ 🤣🤣🤣🤣🤣"
"Nalaka Jayarathne","https://www.facebook.com/nalaka.jayarathne.5","ජොයින්ට් වෙද්දි අපිනම් දැන ගත්ත ඔයාටත් හරි කියල. පරක්කු නෑ, තිත්තගල්ල වගේ දේශපාලන ඇජෙන්ඩා වලට දුවන ජාතිවාදී මහනුන්ගේ සැබෑ ස්වරූපය රටට එලිකරන්න."
"Lahiru Madhusanka Samarakoon","https://www.facebook.com/lahiru.madhusanka.5","බලංගොඩ කාසපයට පස්සේ ආපු තවත් සිවුර දා ගත්ත එකෙක් විතරයි ඇත්තටම මිනිස්සු මොකට අත්සන් කරනවාද මන්දා කෙලින් කියන්න එකෙක් නැහැ නේ"
"Aruna Nishantha Jayalath","https://www.facebook.com/aruna.n.jayalath","තෙරුවන් සරනයි. නිවැරැදි දෙ කරමු. බුදුන් වහන්සෙගෙ දෙශනා අනුවම ක්‍රියා කරමු. 🙏🙏🙏"
"Malaka Binara Abeysekara","https://www.facebook.com/malaka.abeysekara","කැකිරාවෙ හිමිගෙ බොහො මත වලට එකග නොවුනත් මෙ සිදුවිමෙදි ඔබ වහන්සෙ නිවැරදිය"
"Wikum Asela Fernando","https://www.facebook.com/poruthotage.fernando","ඔබ වහන්සේ ආරක්ශා වෙන්න..මේ විකාර අදහස් තියෙන මෝඩයන්ගෙන් මේ රට ගලව ගන්නම ඕනා..නාමල් ගැන තිත්ටේ දාපු විස්තරය හොදටම ඇති එයා කවුද කියලා තේරුම් ගන්න..."
"Upul Piyadasa","https://www.facebook.com/people/Upul-Piyadasa/pfbid02HvfZnrcQ6JmmwoX7gcfScJuQDmZJNpucBy8VWxRr4zjUhkUCnPHPKEEZN5V3Use5l","ඔබ වහන්සේගේ තීරනයට ඉතාමත් ගරු කරනවා, තෙරුවන් සරණයි ඔබ වහන්සේට."
"Upali Jayasoma","https://www.facebook.com/upali.jayasoma.2025","බලු වලිගේ උන පුරුකේ දාලා තිබුණත් නෑ ඇ⁣දේ ඇරෙන්නේ  අර ගිණුමට රුපියල් 10 යක් දාපු මනුස්සය නියමයි"
"Niroshan Yateendra","https://www.facebook.com/people/Niroshan-Yateendra/61582525332075","තිත්තගල්ල කියන්නේ අමු තක්කඩියෙක්. ඒක මුලදිම ඔබ වහන්සේට නොතේරුණ එකයි පුදුමේ."
"Shanilka Vidanagamage","https://www.facebook.com/people/Shanilka-Vidanagamage/pfbid0p8weMtETDLfDkiMkocTwH99VUTBQDXH6SkfDhFHevSL8hYxxXQQ5zd1ryryz4dvgl","මේන් මේන් එක පෝස්ට් එකයි දැම්මෙ දඩෝරියා පයර් වෙලා comments දාගෙන දාගෙන යනව"
"T Nisansala Maduranga","https://www.facebook.com/people/T-Nisansala-Maduranga/100010210541902","තිත්තෙයා බයියෙක්.. එච්චරයි"
"Chandana Senarathna","https://www.facebook.com/people/Chandana-Senarathna/pfbid0Zt7X9V8kXXeQry8cwmR79BoZP7B6uNTL3dZE4V71W9QfQjsVDtQNRLA4vmzBhEPFl","තිත්තගල්ලෙ නාමල් ගෙ කියලා කවුද නොදන්නෙ"
"Deshapriya Dias","https://www.facebook.com/deshapriya.dias.2025","සුදස්සන හාමුදුරුවනේ බුද්ධ සාසනයේ ප්‍රධාන තැනක් දීපු රටේ ස්වාම්න් වහන්සේ නමක් විදියට මහනවෙලා. පක්ශ වලට කඩේ යන් එපා . අනිත් එක ප්‍රශ්නයක් තියනවනම් කතා කරලා විසද ගන්න facebook වල බැන ගන් එපා. අමාරැ වෙලාවේ උදව්වට ආපු මනුස්යට දේශපාලනය නිසා ප්‍රසිද්ධියේ බැන ගන් එපා හරි නැ. අනික ස්වාමන් වහන්සේ කෙනෙක් විදියට තමන්ව පෝෂණය කරපු ආගමට පහර ගහන් එපා සිවුර දාගෙනම. දාර්ශනික තර්ක කරාට කමක් නැ. දාර්ශනික තලයේ මතබේද හොදයි නමුත් හාමුදුරුවරැ රැකෙන්නත් බුද්ධාගම රැකෙන් ඕනා."
"Manoj Wanigasekara","https://www.facebook.com/manoj.wanigasekara.16","හිතට දහිරිය ගන්න.ඒක ඔබතුමාට වෙච්ච හොදම දේ .නැත්තම් ඔබතුමා පත්වන්නේ ලොකු අපහසුතාවයකට.කැකිරාවේ හිමියනි අපි ඔබ සමගයි"
"Nemindra Sesathpura","","ඔබතුමා මීට වසර දහයකට පෙර දැනුවත් කල දේට පරස්පරයි නේද අද හාමුදුරුවනේ 🤔"
"Jayalal Anushike","https://www.facebook.com/jayalal.anushike","Thiththagalle kiyanne thakkadiyek"
"Jana Munasinha","https://www.facebook.com/jana.munasinha.96","මමත් කිව්ව තිත්තගල්ලෙ හැරෙන්නේ වෙන පැත්තකට කියල ,ඔබ වහන්සේ ඒ ලණුව ගිල්ලා,දැන් පසුතැවිල වැඩක් නෑ"
"Manoj Wilwalaarchchi","https://www.facebook.com/manoj.wilwalaarchchi","තිත්තගාල්ලේ යනු උමන්දාවේ සමන්ත වගේ කපට්යේක්.ගලිගමුවේ වගේ කිරුලපන දම්ම ව්ජය ගමපහ මහානාම වගේ. අටමස්ථානයේ හේමරතන වගේ..පෝල්ගහවේල අසපු බමුනන් වගේ  .බුද්දගෝස පරපුර ..අසද්ධර්මය කියන චුත්ත පොටලයා  🔥 කැකිරාවේ සුදස්සන ස්ම්න්වහනස මේවැනි හෝරු ව්ව්ද වේස්ගේන ඒයි. රැවටේන්න ඒපා බමුනන්ගේ අදහස් වලට🔥"
"Priyantha Bandara","https://www.facebook.com/people/Priyantha-Bandara/100084079981156","අනේ සුදර්ශන හාමුදුරුවනේ ..කලු සුදු දෙක අදුන ගන්න බෑ කලුවරක් තුලදි.ආලෝකය තුලදි වෙනවෙනම අදුන ගන්න පුලුවන් ලේසියින්ම.  ...අදුරු තැන්වල මනසින් දකින්න...."
"Dilup Chamara Senarath","https://www.facebook.com/profile.php?id=1278822405","මෙහෙම වන බව කලින්ම දැක්ක මම."
"Chamara Wijesinghe","https://www.facebook.com/people/Chamara-Wijesinghe/61576186929651","සෑහෙන්න කල් ගියානෙ ඉගෙන ගන්න"
"Prasad Sakvithi Kalansooriye","https://www.facebook.com/psakvithi.kalansooriye","දෙදෙනාගේ වාදයක් මුහුනට මුහුන අවශ්‍යයි සාක්කි සමග.එතකොට ජනතාව තීරනය කරයි කවුද සිල්වත් කවුද දුසිල් කියලා."
"Sampath SA","https://www.facebook.com/people/Sampath-SA/pfbid0AwVo4BShGpYHpgx6JbXjT5HyuNWRM8CrjZhukwJr3VcEtXPV3oBJv1EA6n6M7Lepl","තිත්තය මහත්තය ඔහොම තමයි මහා නරුමය කියල තමයි අහන හැමෝම කියන්නෙ"
"Mali Chitra","","සුදස්සන හාමුදුරුවන්ගේ හික්මීම අගයකොට සලකමී."
"Kavi Muna","https://www.facebook.com/kavi.muna","Thiththagalle heluwen 🤣🤣🤣"
"Sachith Bandara","","උබලා දෙන්නා එෆ් බි එකෙ එකාට එකා ලියාගන්නවා.. එහෙව් තොපි දෙන්නා ගුරු කරගන්න අමන හරක් රැලක් ඉන්න එක ගැනයි මට පුදුම.. තොපි දෙන්නම හරි සිල්ලර වැඩ කරන්නෙ හැබැයි නිවන ගැන තමයි උබලගේ මාස්ටර් එක.. මට තියෙන පුදුමේ ගමක ඉන්න පුංචී හාමුදුරුනමකට තියෙන සීලෙවත් නැති හරි සරල සිල්ලර උබලට ඉන්න දායක සභා ගැන.උබලා ගැන පුදුම නැ මොකද මේක උබලගෙ රස්සාව හා තියෙන අමනකම නිසා..."
"Asanka Chamil","https://www.facebook.com/people/Asanka-Chamil/pfbid023PfyvTp41YDPDUttGK46TZFHLj2GzqqgM96ps76AkYmH9HCuAQrctkgbkYZVYi8cl","දහමත් එක්ක සෙල්ලම් කරන්න ගිය ඩබලක් තමයි මේ. තාම මේ පටන්ගත්තා විතරයි. කාටවත් ජීවිත හානියක්නම් සිද්දවෙන්න එපා. මේ කාලවකවානුවේ ලෝකයේ කම්පන රටාව තුළ ද්වේශය විශාල ලෙස බලවත්වී ඇත."
"Dänushkä Sändeepä Welläwättä","https://www.facebook.com/profile.php?id=100003291141997","බල්ලො එක්ක ලැග්ගම මැක්කෝ එක තමයි නැගිටින්න වෙන්නේ"
"Suranga Sandaruwan","https://www.facebook.com/surangas.senevirathne","සාකච්ඡා වලට ඇවිත් ආතක් පාතක් නැතුව මැද්දට පැනල කියවනකොට මම නං දැනගත්තා ඔලුවෙ මොනවත් නෑ කියලා.."
"Walter White","https://www.facebook.com/people/Walter-White/pfbid0fWsQVsJSDE8LhXd2CuFTBKY6HHu7bvsGfv97oqRA9eRbYtcJZDohzEUZBcFn9R7Kl","තිත්තයා කපටියා.. හොඳ වෙලාවට දැන්ම තේරුම් අරන් අයින් වුනේ"
"Ravindu Gunawardhana","https://www.facebook.com/ravindu.nayanpriya","අපි ඔබ සමගයි.."
"Kusan Chathura","https://www.facebook.com/profile.php?id=100011470573955","තිත්තගල්ලය කලදුටුකල වල ඉහගන්න එකෙක්.සුදස්සන හාමුදුරුවො use කරන්න තමයි මුල ඉදන්ම ට්‍රයි කලේ.සන්නටත් කොහොමහරි සෙට් වුනා සුදස්සන හාමුදුරුවො මාර්ගෙන්.ඇත්තටම සුදස්සන හාමුදුරුවො තිත්තයට වැඩිය ජනප්‍රියයි.ඌ බැලුවෙ කොහොමහරි සල්ලි ටිකක් ගරාගන්න.😂"
"Amila Inoshan","https://www.facebook.com/people/Amila-Inoshan/pfbid02UN8J4SrvyNrnoEafVwgNLn2Kge4se7xFVXWMCqX27yRWtNqPR5YZmqFZD4dSeCU9l","ඔබවහන්සේගේ ඍජු බවට ගරුකරනවා.ඉදිරියටත් කිසිවෙකුටත් යටත් නොවී අදහස් දරන්න.කාගෙවත් ඉත්තෙක් වෙන්න එපා🙏"
"නිපුන් මිහිරංග","https://www.facebook.com/people/%E0%B6%B1%E0%B7%92%E0%B6%B4%E0%B7%94%E0%B6%B1%E0%B7%8A-%E0%B6%B8%E0%B7%92%E0%B7%84%E0%B7%92%E0%B6%BB%E0%B6%82%E0%B6%9C/pfbid02z2J4cfh5ivLqJSuo9Ws9upqag326jXbQv4xfMzVAau2A4T1gMBapKKjFzzU7juvNl","පාප මිත්‍ර යෝ"
"Ravin Malwalage","https://www.facebook.com/raveen.malwalage","අපිට කලින්ම තෙරැමක් තියෙනදේ පහු වේලා හරි ඔබ වහන්සේ තෙරැම් ගත්ත එක හොදයි..මට නම් අම්මා එක්ක දාපු video එකෙන්ම තෙරැනා මොකද වේනනේ කියලා..ඔකා මහ පල් හොරෙක් හාමුදුරුවනේ..කියවන්න ගත්තාම එයාගෙ සායම එයාම යවා ගන්නවා😁. බලන් ගියාම රාජාංගණේ ⁣භාන්ඩේ හොදයි..එයාලා හිතං ඉන්නේ සාසානේ කියන්නේ සමාජ මාධ්‍ය කියලා..😅"
"Ravien MK Dayarathne","https://www.facebook.com/raveen.dayarathna","තිත්තගල්ලෙ සන්නගෙ program එකේදිම කිව්ව ඕක..අපිත් හිතුව..දෙන්නෙ බිලී කොක්කක් කියල..කොහොමත් හාමුදුරුවනේ නිකායෙන් බැහැර වී තනියම යන්න ..ආයෙත් මුන්ට set epaa..."
"Bimal De Silva","https://www.facebook.com/bimal.desilva.79","තිත්තගල්ලෙ කියන්නෙ Con Artist කෙනෙක්…"
"Chula Liyanage","","Bimal De Silva නාමල්ගෙ බැලය"
"Vishwa Thathsara","https://www.facebook.com/people/Vishwa-Thathsara/61559255724148","බලාගෙන යද්දි බුද්ධ දර්ශනය බේරගන්න වෙලා තියෙන්නේ තිත්තගල්ල ඥාණසාර වගේ political agenda තියෙන හාමුදුරුවරුන්ගෙන්නේ 😡"
"Nandana Chandimal Edirisinghe","https://www.facebook.com/Nandana.c.Edirisinghe","Thithagalle Anandasiri තිත්තගල්ලේ ගේ දේෂනා කිහිපයක් මම අහලා තියෙනවා (බණ ) සහ කැකිරාවේ සුදස්සන හිමිගේ බොහොමයක් දේෂනාසහ විග්‍රහ අහලාතියෙනවා. ඒවා අහසට පොලව වගේ වෙනස්   තිත්ත ගල්ලේ අමු තක්කඩියෙක් සහ උද්දච්ච මොඩයෙක් බව වැටහුනා කැකිරාවේ සුදස්සන හිමිගේ ප්‍රස්නයේදී සහ එයමනාවට ඹප්පුවුනා ඤණසාරගේ ප්‍රස්නයේදී   සොම හමුදුරැවන්ගෙන් බණ අහලා අවුරැදු 30 කට කලින් පටන්ගෙන ජනප්පිය හාමුදුරැවරැ ගණනාවකගේ දේෂනා අහලා මම කැකිරාවේ සුදස්සන හිමලග නතරවුනා . මම දැනුනු තා්කික සහ යතාර්තවාදි අදහස් සහ තර්කානු කුල දේෂනා කැකිරාවේ සුදස්සන හිමිගෙන් ඇහුවා   තිත්තගල්ලේ කියන්නේ හිටපු දේෂපාලකයන්ට නොදැවෙන් තක්කඩියෙක්  සහ බත්බැලයෙක් සහ උද්දච්ච මොඩයෙක්. හරියට කියනවානම පේමදසගේ ප්‍රතානෝ වගේ.   කැකිරාවේ සුදස්සන හිමට වුනේ බල්ලොත් එක්ක ලැග්ගහම වෙච්ච දේ   තෙරැවන්සරණයි"
"Pruthivi Tharaka","https://www.facebook.com/pruthivi.tharaka","වර්තමාන බෞද්ධ භික්ෂු සමාජයේ උගත් විනයධර භික්ෂුන් හරිම අඩුයි. වයස අවුරුදු 12දී සිල් සුවඳ, අරලිය මල් ආරාමය පොත් කියවද්දිම මං තේරුම් ගත්තා භික්ෂුන් කොච්චර පිරිහිලාද කියලා. ඔබවහන්සේට ඒවගේ මඩ ගොහොරුවක ඉඳ්ඳි තනිකමකුත්, සිත් වේදනාවකුත් දැනෙන එක සාමාන්‍යයි. පසුගිය කාලයේ සිදුවුණු ප්‍රශ්න එක්ක තවත් සිත් රිදීම් වැඩිවෙන්නත් ඇති.   මට හිතෙන්නෙ අපේ සමාජය ඔබවහන්සේගෙ තර්කානුකූල විග්‍රයන් තේරුම් ගන්න තවමත් පරිණත වී නැති බවයි. එයට රටේ මිනිසුන් ගෙ ආර්ථික තත්ත්වය , අධ්‍යාපන මට්ටම සමා සංකෘතිය සියල්ල හේතු වෙනවා.   ඔබවහන්සේ ජීවිතය ගැන තදින් හිතන්න. මමත් ඔබවහන්සේත් තවම ගතකරන්නේ අපේ ජීවතයේ තරුණ කාලය. අනාගතයේ ඔබවහන්සේගේ දැක්මට සුදුසු පරිසරයක් එන තෙක් බලා සිටින්න. එතෙක් අරලිය මල් ආරාමය පොතේ රාහුල මහ තෙරුන් සේ පාඩුවේ නිශ්ශබ්දව ඔබවහන්සේගෙ අද්‍යන වැඩ වල යෙදෙන්න. ඔය හිස් භික්ෂුන්ට නැතිම දේ අධ්‍යාපනය සහ හික්මීම.   මුදල් ආධාර ඔබවහන්සේට මේ මොහොතේ අත්‍යාවශ්‍ය බව මට වැටහෙනවා. ඒ සදහා ඔබවහන්සේගෙ ගිනුමක් බාවිතා කරන්න. අන් අය විශ්වාස කරන්න එපා. මොකද සිංහලයන්ගෙ හොරකම සහ වංචාව දෙවෙනි වෙන්නෙ කුහක කමට විතරයි.   පසුගිය වැඩසටහනක ඔබවහන්සේ IELTS කිරීමට සිටි බව පැවසුවා. IELTS කරපු කෙනෙක් විදියට ඔබවහන්සේට අවශ්‍යනම් මාහට ඔබවහන්සේ සමග english class එකක් කළ හැකියි. මා හට කිසිදු අයකිරීමක් අනවශ්‍යයි. ඒ ඔබවහන්සේ දැනටමත් කුඩා කළ සිට මගේ හිතේ ධර්මය සම්බන්ධයෙන් තිබ්බ බොහොමයක් ප්‍රශ්න වලට පිළිතුරු ළබාදුන් නිසා.   තෙරුවන් සරණයි!"
"මාධව සුරංග","https://www.facebook.com/cur30h8p2c","කැකිරාවේ කියන්නේ යථාර්ථය පහදවා දුන්න කෙනෙක්. තිත්තගල්ලේ කියන්නේ චීවරයට වඩා පිරිස් බලයක් පෙන්වා අලුත් නිකායක් හදනවා යැයි තර්ජනය කල විකෘතිතා අයෙක්"
"Disa Konara","https://www.facebook.com/kona.dissa","පහුගිය දවස්වල ඔබ වහන්සේ ඔය තිත්තගල්ලේ වාචාලයා සමග එකපතේ වළඳද්දී මා හිතුවා ඔවැනි අකරතැබ්බය කට මුහුණදෙන්න වැඩි ඈත නෑ කියලා.පොඩි කලකිරීමකුත් ඇතිවුණා. පැනික් වෙලා එක එකා පස්සේ දුවන්න එපා."
"Indrajith Priyadarshana","","හාමුදුරුවෝ ගැනත් විශ්වාසයක් නැතිව ගියා තිත්තයා එක්ක දැක්ක පළමු මොහොතේ.  උදව් ගන්න / නොගන්න ඕන අය ගැන ගිහියෙක්ගෙන්වත් බණක් අහලා ඉගෙනගන්න."
"Sonali Ryan","https://www.facebook.com/sonali.ryan.2025","Indrajith Priyadarshana ඇත්තමයි,ඔයාගෙ කතාවට එකඟයි"
"අකම්පිත සිත","https://www.facebook.com/people/%E0%B6%85%E0%B6%9A%E0%B6%B8%E0%B7%8A%E0%B6%B4%E0%B7%92%E0%B6%AD-%E0%B7%83%E0%B7%92%E0%B6%AD/pfbid02JQqnZ9LFcRETWDFpKEJ4be2YNxCqKZ73SxB9FgJc8pgsS6T37XQDxLUMowDuWRZ3l","අච්චර උදව් කල තිත්තගක්ලේ හාමුදුරුවන්ගෙ ඔලුවටත් අත හේදුවා ඔබවහන්සේ එහෙනම්. කෑපතේ රෙන එකෙක් උබ. කෘතගුණ දන්න එකෙක්නම් ඇදන් ඉන්න සිවුරට නිගරු කරලා කතෝලිකයන්ගෙන් සල්ලි අරන් බුද්ධාගම පාවා දෙන්නේ නැහැනේ.  සිවුර ගලවලා ඉවත් කරන්න ඕන නිකායෙන්. අමු අමුවේ අපේ ආගම විනාශ කරනවට."
"Chandana Wasantha","https://www.facebook.com/chandana.wasantha.710","අහෝ ඛේදයකි Dr.  Guruge"
"Sumudu Guruge","https://www.facebook.com/sumudu.guruge","රු.ම.ග.Chandana Wasantha නෙනි, මේ අපේ Kekirawe Sudassana හාමුදුරුවෝ තාම වයස 33 වගේ ඉන්නෙ ... ඔය වයසට ඕම දේවල් වෙනව ... ජීසස් ඇණ ගහගත්තෙ? සිද්ධාර්ථ තාපස තුමා බුදු උනේ?"
"Chandana Wasantha","https://www.facebook.com/chandana.wasantha.710","Dr. Guruge ඔහොමත් පදිරි වෙනවද මූන දැක්කම තේරුම් ගන්න බැරි හැටි"
"Sarath Wajira Balasuriya","https://www.facebook.com/sarath.wajira.balasuriya","නිවන් සැප ලැබේවා"
"Saman Dassanayake","https://www.facebook.com/saman.kumara.9809","එයා රීච් පින්ඩපාතේ වඩින්නෙක් විතරයි ..."
"Kazun S Pathiranage","https://www.facebook.com/kazunsandaruwan","@Thithagalle Anandasiri කියන්නේ තනි සතෙක්"
"Amila Niroshan","https://www.facebook.com/profile.php?id=100009211083872","තිත්තගල්ලයට ටුැක පැනලා, මේ බල්ලවත් බැද දමන්න වෙයි."
"Anura Sena","https://www.facebook.com/anurasena","තිත්ත ගල්යාට රාජපක්ෂල එක්ක ඩීල් එකක් තියෙනවා හාමුදුරුවනේ"
"Sandun Gamage","https://www.facebook.com/sandun.gamage.313567","තිත්තගල්ලේ කියන්නේ අවස්ථාවාදී තක්කඩියෙක් .මෙයා තමා අරලිගහ මන්දිරයේදී නාමල්ලව ළඟ තියාගෙන මුලින්ම කිව්වේ රට හදන්න ඕනේ නන් ..මාවෝ සේතුං කලා වගේ භික්ෂූන්ව මරලා දාපන් කියලා .ඒ තරම් සක්කිලියෙක් ඕකා ."
"Saluja WG","https://www.facebook.com/saluja.wg","මම හිතුවා පොර එද්දීම වින්නැහියක් තමා කියලා"
"Somalatha Wijerathna","https://www.facebook.com/somalatha.wijerathna.9","මිතුරු වෙසින් එන ව්‍යාග්‍රයින් පලවා ලනු මැනවි.."
"DK Dissanayake","https://www.facebook.com/people/DK-Dissanayake/pfbid0gmpeDFTtMtkBTQAoYSuM5zG6mNY4bR8xCTxBuUe6X6ohsaQwtcn7qmKeApVUSAPUl","තිත්තෙ කියන්නේ හෙනම චාටර් ඩයල් එකක් හාමුදුරුවනේ...මම අන්තිමට නිදා ගන්නකොට ඇහුවේ ඕකා කියන ඒවාට..ඊට කලින් අර පිටිදූවාගේ ඒවා...😆😆අපි හෙන අනාත චාටර් පොරවල් නේද හාමුදුරුවනේ...අම්මපා.."
"Bharatha Gurusinghe","https://www.facebook.com/profile.php?id=629873589","තිත්තෙයි ඤාණෙයි කරන්නේ එකම project එක. මිතුරු වෙසින් එන්නේ වෙන බලාපොරොත්තු තියාගෙන. ඉවත්වීම ඉතා හොඳයි. බුරන එකාට ඇති තරම් බුරන්න ඇරලා කාලයට ඉඩ දෙන්න."
"Ranga Weerasinghe","https://www.facebook.com/profile.php?id=625515924","Bharatha Gurusinghe මුන්ට පිස්සු මචං... මුන්ට වඩා සිල් රකින මිනිස්සු  සාමාන්‍ය සමාජයේ ඉන්නව..."
"Bharatha Gurusinghe","https://www.facebook.com/profile.php?id=629873589","Ranga Weerasinghe සිරාවට මචං. මේවගෙන් මිනිස්සුන්ගේ ඇත්ත තත්වේ එළියට එනවා."
"Harith Wellappuli Arachchi","https://www.facebook.com/harith.chathuranga","අවසරයි කැකිරාවේ හාමුදුරුවනේ ... ඔය තරම් දැනුම් තේරුම් තියෙන ඔබ වහන්සේ..මේ වගේ ගොබ්බ වහන්සේ කෙනෙක්ට ඇයි අහුවුනේ... හරියට සෝම හාමුදුරුවෝ අර රුසියන් ඩිග්‍රි එකකට අහුවුනා වගේ..."
"පොකුටු නිශාන්ත","https://www.facebook.com/heshan.rathnayeka.1","ඇයි හැමුදුරුවනේ මේ අපේ ආගමට මේ වගේ සක්කිලි සිවුරු පොරවන් එන්නෙ මේක හදන්න බැයිද ? ආගම තියෙන්නෙ තමන්ගෙ ආධ්‍යාත්මය දියුණු කරගන්න මේකෙ ඉන්න උන් ඒක එපා කරනවා බුද්ධාගම අත ඇරලා කතෝලික වැළඳගන්න හිතෙනවා මෙහෙම වෙනකොට."
"Suresh Munuwage","","අර සන්නස්ගල මහත්තයා  පව් බන්..තුන්දෙනා මාර රැඩිකල් වදන් ටිකක් කිව්වෙ ...ඉතිං  ත්ව මොන්ව කතා  කරන්නද ,,,අපරාදි  ඩේට ටික 🤣"
"Dushmanth Wijerathne","https://www.facebook.com/dushmantha.chamara","සුදස්සන හිමි ඔබ සර්පයා දුටුවාද?"
"Sandadinithi Abeysiri","","මේ ඔක්කොම දකිනකොට නම් හිතනවා අපි මේ හැමෝටම වඩා හොඳ බෞද්ධයෝ කියලා...  අපේ පෘතග්ජන ජීවිතය ඇතුලේ දෙමව්පියන් බලාගෙන දරුවන් හදාගෙන රස්සාවල් කරලා, ඒකට අමතරව සමාජ මෙහෙවර කටයුතුත් කරලා ාන පින්කම් වලත් යෙදිලා යාළු මිත්‍රාදීන් නෑ හිතවතුන් එක්කත් මොන අඩු පාකාඩුකම් තිබ්බත් ඒවා යටපත් කරගෙන සතුටි සමාදානේ පුළුවන් තරම් ජීවත් වෙනවා. මේ භික්ෂූන් වහන්සේලාට කරන්න තියෙන්නේ තමන් සිවුර දාගත්ත වැඩේ කරන එක විතරයි. ගිහියන් විදිහට අපි මේ ස්වාමීන් වහන්සේලාට අවශ්‍ය දාන මාන පින්කම් කඨින පින්කම් කියන කියන හැම දේවල්ම කරනවා. ඒ වෙනුවෙන් වියදමුත් කරනවා.   මේ ඔක්කොම කරලා මේ කට්ටිය සිවුර දාගත්ත වැඩේ ඇරෙන්න අනිත් වැඩ තමයි කරන්නේ. ඒ කිය කිය අපිට කියනවා බුද්ධ ශාසනය රැක ගන්න එන්න කියලා.  මේක මහා විහිළුවක්.  මට නං හිතෙන්නේ මිනිස්සු විදිහට අපිම තමයි අපේ සීමාවන් හදාගෙන ඉස්සරහට මේ බෞද්ධ දර්ශනය පිළිපැදගෙන යන්න වෙන්නේ. ඒ ඇරෙන්න මේ ස්වාමීන් වහන්සේ දාගෙනනම් බුද්ධාගමට දෙයක් වෙයි කියලා මම කීයටවත් විශ්වාස කරන්නේ නෑ"
"Malinga N Kavindya","https://www.facebook.com/6even","ඔය තිත්තයා කියන්නේ වැදි බණ 😂 පට්ටම වෛරයක් තියෙන්නෙ මිනිස්සු එක්ක..."
"Niroshan Dias","https://www.facebook.com/niroshan.dias.98","තිත්ත බල්ලා අමු පිස්සෙක් නෙ එයාගෙ කතා වැඩිය පිළිගන්න එපා"
"Danushka Dheerasinghe","https://www.facebook.com/profile.php?id=61564504481815","මටත් හිටියා තිත්තගල්ල වගේ ටොක්සික් යාලුවෙක්...ඌ හිතන් ඉන්නෙ ඌ හීතන දේම මාත් හිතන්න ඕනෙ කියලා...උගේ දේශපාලනයම මමත් කරන්න ඕනෙ කියලා...මෝඩ පගයා...ඌටත් තිබ්බා ඔය තිත්තගලයට වගේ මං පොර මානසික ලෙඩක්... ඌ හිතන් ඉන්නෙ ඌට ආන්ඩු පෙරලන්න පුලුවන් අලුතෙන් පක්ශ පිහිටුවන්න පුලුවන් වගේ සීන්... පස්සෙ පගයගෙන් ගේම ඉල්ලලා අය්න් කලා...ආයෙමත් වද්දගන්නෙ  නෑ  හතරමාය්මේ ඒ වගේ ගල් මූසලයන්ව..."
"Sameera Paranamana","https://www.facebook.com/SAMEERA.PARANAMAN","ඔබ වහන්සේට නොතේරැනාට තිත්තගල්ලේ හැරේන්නේ මොකටද කියලා අපි දැනන් හිට්යා"
"Lalith Wickramasinghe","https://www.facebook.com/lalith.wickramasinghe.18","බණ කිව්වාට මදි, ජිවත් වෙද්දි ප්‍රායෝගික වෙන්න. අපේ ලොකු හාමුදුරුවෝ කිව්වා හාමුදුරුවන්ට උපදෙස් දෙන්න එපා කියලා . ඒත් ඒක නොකර කොහොමද , යථාවාදී තථාකාරී ගුනය පවත්වා ගන්න. ඔබ වහන්සේ තනිකරන්නේ නෑ."
"Madushanka Cooray","https://www.facebook.com/madushanka.cooray.7","ප්‍රස්නයක් වෙච්ච වෙලාවට උදව්වට ආව කියල හැම පරවැඩකටම සහය දෙන්න බෑනි"
"Ravi Herath","https://www.facebook.com/ravimherath","නානසාර හිරේ ගියාම නුතන නානසාර වෙන්න දඟලන්නේ  .  අනුරට බැන බැන සමාව ඉල්ලුවේ නොදෙන තැනට පත් කරන්න. ඉක්මනට සතා අඳුරගන්න ලැබීමට ලොකු දෙයක්. සිවුරේ ඉන්න උන් එක්ක නිවන් යන්න නම් අමාරුයි"
"Bharatha Gurusinghe","https://www.facebook.com/profile.php?id=629873589","Ravi Herath වෙනදා ගම්මන්පිල කරන වැඩේ තිත්තයා නානසාරට කළා. 😂 කාරුණිකව ඉල්ලුම් කරන්න තිබ්බ අවස්ථාව නැති කරලා හිරේ ම තියන්න වැඩ කරනවා වගේ."
"Rav Uggalla","https://www.facebook.com/people/Rav-Uggalla/pfbid02rqDnFSigSVhNtjZc2pHuMPpuscSrak9geZJrmbcy6NMwj5eBmuNkXnddABHZn87ol","බලපු හැම interview එහෙකම ලියලා ඇති මම ඕකා සතා හමුදුරුවො පරිස්සම් වෙන්න කියලා"
"Tharu Sam","https://www.facebook.com/people/Tharu-Sam/pfbid0wHBDLbwcXFaiLeghSGRtVx8miVLdL5HCN47fUW46em55BvPWxwQh5D6vYAUfP4Ael","තිත්තගල්ලෙගෙන් බණ අහල නිවන් යන්න බලං හිටපු උන් ටික ගැම්මට මේකට like එකක් දාන්ඩෝ.  පිනට කන්න හම්බෙන, අදින්න හම්බෙන, දත් බුරැසුව, සබන් කෑල්ල, පොත, පෑන, පන්සලේ ලයිට් බිල ගෙවන්න සල්ලි හම්බෙන උඹලට ඇයි බං ඔච්චර සල්ලි ???"
"Sahan Kularathna","https://www.facebook.com/people/Sahan-Kularathna/pfbid02MnYeYKpPFYbtt6b7hpSsBGfvHPdtcNEdEwuqHE8WZPGEXF7rNSU5YZY4sGUwRVPRl","ඔබවහන්සේ ගැන තියෙන්නෙ විශාල ගෞරවයක් ❤️. මේ මොහොතේ පවා තමන්ගෙ පපුවට එකඟ වීම අති විශාලයි."
"Hirushi Jayawikrma","https://www.facebook.com/people/Hirushi-Jayawikrma/pfbid02efHdEdkbJCeKziiwRfSrxnJrJtj8RaniqePxT3W9zbi7mSFeRdRRYVD6aPYcmSW1l","තිත්තේ ඔබවහන්සේ එක්ක වැඩේ පටන් ගද්දිම පුදුම හිතුණා ඔබ වහන්සේ use වෙනවා කියලා, තිත්තෙ හිරේ ගිය එකා වෙනුවෙන් නයි නටවද්දි අපිනං උප්පතියේ ඉඳන් ම දන්නවා මේ කරන්නේ දේශපාලන ඝනිකා වෘතියේ යන එක කියලා"
"Sarath Sisira Sarath","https://www.facebook.com/sarathsisira.sarath","ඔබ වහන්සේ තිත්තගල්ලට යට වෙන්න එපා.කොහොමත් එයා පෙනි සිටින්නෙ රාජපක්ෂ කියන නඩය වෙනුවෙන් ..."
"Natura Srilanka","https://www.facebook.com/people/Natura-Srilanka/pfbid034GTKTUs6GaVmmci8z1aQpzNdXaZKcdvPVVHyhtXGLn5DPyEXwGCoDhEGERmvCJwql","thiththagalle ...උඹ දේශපාලන iththek වෙලා ...."
"Kanesh Gunarathne","https://www.facebook.com/profile.php?id=100004345022156","ගෝරිල්ලගෙන් ගැලවුන එක ලොකු දෙයක්."
"Upul Balasuriya","https://www.facebook.com/people/Upul-Balasuriya/100009225865045","මමනම් එදාම දැනගත්තා තිත්තය සෑරසෙන්නෙ සුද්ශ්ශනට නාස්ලණුව දමන්න තමයි මේ සෑරසෙන්නෙ කියලා.. තිත්තයා කියන්නෙ සංඝපාතාලෙ ගෝඩ් ෆාදර් වෙන්න ට්‍රයි කරන බුවෙක්.."
"Anil Indika","https://www.facebook.com/anil.indika.311","ඕකා පිස්සෙක්. ඌ ආව සාකච්ඡා කිහිපයක් මමත් බැලුවා. ඒ පිස්සා නිවේදකයටත් ප්‍රශ්නය අහන්න දෙන් නැහැ. ඔබ වහන්සේටවත් කතා කරන්න දෙන් මැදින් පැනලා ඔහේ වාචාල දොඩවනවා මං පොර වගේ.. ඔබ වහන්සේ සන්නස්ගල ට ප්‍රශ්නයක් යොමු කරනකොට  ඒකට සර් උත්තර දෙන අතර අර තිත්තගල්ල පිස්සා මැදින් පෑනලා වාචාල දොඩවනවා... ගමිවල ඉන්නවා සද්ධන්ත ඇගවල් තියෙන ගොබිබයෝ. මොලෙත් නැහැ. බර වැඩක් කරන්න හයිය නැහැ. හැබැයි හොදට බෙදාගෙන කනවා.එහෙම එකෙක් තිත්තගල්ල.  ඌ එක්ක කිසිම ගමනක් එපා.. ඔබ වහන්සේ තනියෙන් ඔබේ ගමන යන්න"
"Anuruddha Sri Narayana","https://www.facebook.com/anuruddha.srinarayana1","මට නම් හිතුන මුලින්ම ඕක Respect සුදස්සන හාමුදුරුවනේ 🙏"
"Lal Muthunayake","https://www.facebook.com/lal.muthunayake.1","ඔබ වහන්සේ කොච්චර බුදධිමතෙක් උනත් මේ මජර දේශපාලන කුමන්ත්‍රණ ඇතුලෙ අසරණ වෙලා. තිත්තගල්ලෙ හාමුදුරුවො ගැන ජනතාව ඉඟි පලකරා කලින්ම.  දේශපාලන කෝන වලින් අදහස් පලවීම නිසා හොඳ නරක තෝර බේර ගැනීම හරි අපහසුයි හාමුදුරුවනෙ. ඉතාම පුංචි මනුස්සයෙක් හැටියට ඔබ වහන්සේගෙන් ඉල්ලා හිටින්නෙ යන්තමින්වත් දේශපාලනය සම්බන්ධ ප්‍රකාශ කරන්න එපා. කවුරු මොනදේ කිව්වත් ඔබ වහන්සෙ බුද්ධියට ආමන්ත්‍රණය කරන එක දිගටම කරගෙන යන්න.  සත්‍යය කවදා හෝ ජය ලබනවාමයි. බුදු සරණයි !"
"Dilruk Priyantha","https://www.facebook.com/ardpdilruk","Lasantha Maveekumbura උබ කිව්වා හරියටම හරි"
"Chamara Sampath","https://www.facebook.com/people/Chamara-Sampath/pfbid02Edz5QzquABDQgpp1ArZuGsH5R5Lx4HMKgueVYqrnt7wBCn877PYpDXGjPjYvMyXhl","සර්පයා හැව ඇර ඇත , කැකිරාවේ හිමි ප්‍රවේසම් වන්න"
"Nandasena K Moragoda","https://www.facebook.com/people/Nandasena-K-Moragoda/pfbid02dYxnmGDLVJN7eiXPAEDb48cqrzTzF2v6iBDqXSUxTHXzeeAQpR3idyPq7goKWUhGl","තිත්තගල්ලෙ කියන මනුස්සයගෙ කුනු කට නිසා බුදුනුවො කී දෙනෙක් පංසලෙන් සහ ස්වාමීන් වහන්සෙලගෙන් දුරස් වෙන්න ඇද්ද කියල හොයල බලන්න. මේවගෙ අය බන නොවෙයි කුනුහරුප විතරයි දන්නෙ. තිත්තයි කියල තමයි කියන්න වෙන්නෙ."
"Chandana Kumara Kadigamuwa","https://www.facebook.com/ChandanaKadigamuwa","දෙන්නට ම කර්මය විපාක දෙනව"
"Pradeep Aruna Jayasingha","https://www.facebook.com/pradeep.aruna.jayasingha","තිත්තගල්ලේ හාමුදුරුවො ඇත්ත කියල තියෙන්නෙ, ඔබවහන්සේගෙ අදහස් බැලුවාම තේරුම්ගන්න පුලුවන් ආණ්ඩුව වෙනුවෙන් කඩේ යන දේශපාලනයක් කරන්නෙ කියල,"
"Prasad Sameera","https://www.facebook.com/prasad.sameera.3344","ඕන්නෝක තමයි පැරැන්නෝ කියලා තියෙන්නේ බල්ලොත් එක්ක ලැග්ගම මැක්කොත් එක්ක නැගිටින්න වෙන්නේ කියලා. මන් බයේ හිටියේ ඔබ වහන්සෙත් අර අමු මිත්‍යාදුශ්ටිකයෝ ගොඩටම වැටෙයි කියලා. ඔබ වහන්සේට තෙරුවන් සරනයි."
"Surendra Silva","https://www.facebook.com/profile.php?id=1015571386","මේ මඟුල්වලට කාලේ යොදන්නේ නැතුව කරගෙන යන සංවාද ටික කරගෙන යනවා නම් ""අපූරුයි""...! ❤️"
"Chinthaka Sajith Kumara","https://www.facebook.com/chinthaka.sajithkumara","ඔබ වහන්සේගේ ඍජු ගුණය ......"
"Shashee Vithanage","https://www.facebook.com/shashee.vithanage.9","ඔය යකා බොර දියේ මාලු බාන තිරිසනෙක්නෙ. ඔබ වහන්සෙට ඔච්චර ඕක තේරුනේ නැද්ද"
"Dulip Chandana","https://www.facebook.com/dulip.chandana.22","Oya sathata oba wahanseth rawatuna ne"
"Thilina Jayawardana","https://www.facebook.com/thilina.jayawardana.2025","තිත්ත ගල්ලේ මරු වැටිලා ඉන්නේ අත්සන් ටික ගනන් ගත්තේ නෑනේ පේජ් ටිකත් නෑ දැන් වියරු වැටිලා ඉන්නේ"
"Pubudu Lakshan Ranathunge","https://www.facebook.com/pubudulakshan.ranathunge","Thiththa galle kiyanne hari kapati manussayek"
"Nandana Mawathagama","https://www.facebook.com/people/Nandana-Mawathagama/61572644525287","මෙහෙම ඒ සම්බන්ධය ඉවර වීම ගැන සතුටු වෙනවා. බල්ලො එක්ක නිදා ගත්තොත්,මැක්කො එක්ක නැගිටින්න වෙනවා කියලා දන්නවානේ."
"Chanaka Thilakarathna II","https://www.facebook.com/chanaka.thilakarathna.ii","සුනඛයොත් සමග මිත්‍ර උනහම මැක්කන් සමග නැගිටින්න වෙන බව ඔබ වහන්සේ අහලා තියෙනවා නේද.  ඕකත් ජීවිතයට ලැබුණු හොඳ අත්දැකීමක් පාඩමක් කියලා හිතට අරගෙන ඔබ වහන්සේගේ ගමන ඔබවහන්සේ වෙනම ගමන් කරන්න. බහුතරයක් ජනතාව ඔබවහන්සේට ලැදි. සුභම වේවා.."
"Akila Thero","https://www.facebook.com/akila.thero","පන්සලට වෙලා දානෙ වලදල..බන පාංශුකලය කරගෙන ඉමුද...එතකොට විතරයි ශාසනය......ආගම......රට ආරක්ශා වෙන්නෙ..පොර ටෝක් දෙන්නත් එපා....කාගෙවත් පස්සෙ යන්නත් එප..අපේ පරන් හාමුදුරුවරු හිටියෙ එහෙම..එහෙම හිටිය කියල් වැරැද්දක් වෙලා නෑ මේ රටට..දේශපාලනය අපිට ගැල ඔඑන්නෙ නෑ.අපි නික්න් බ්ත් කාල ඉන්න පිරිසක් ප්ම්නි.මිනිස්සුන්ට ඕන අපි ල්වා පිනක් ලර ගැනීමට පම්නි....දෙනමම එසේ කරන්න සිතක් පහල වේවා..නැතිනම් ඔයාලගෙන් දෙයක් වෙනවට වඩා විනාශයක් පමනයි වෙන්නෙ..ඔයාල ද්‍ර්න්නම මාර්ගපල අරගෙන නෑනෙ..අපි වගේම සාමාන්‍ය අය..  තෙරුවන් සරණයි"
"Rumesh Gayan","https://www.facebook.com/rumesh.gayan.3","අසත්පුරුෂයෙක් සත්පුරුෂයෙක් වෙනවනම් ඒ රංගනයෙන් ලෝකෙට පෙන්න තමා.. දැන් මිනිස්සු අන්දන්න අමාරුයි.."
"Sanjaya Perera","","Thithagalle Anandasiriදැන්වත් මහණ වේයන් 🤮"
"SSudam DDewage","","බාලයන් ඇසුර ඔන්ද ස්පොට් පලදුන්නා නේද අවසර .?  තමාට වාසියක් ලැබෙන නිසාවත් වල් පරයන්ව ලන් කරගන්න එපා ඉතිං..   🙏🏻"
"Tharindu Rathnayaka","https://www.facebook.com/tharindu.lakmalrathnayaka","මාරකේකින් බේරුනේ දෙයියෝ....😀😀  තව පොඩ්ඩෙන් නම් තිත්තෙ පැණි දාලා අරින්නෙ..😀 මොනා උනත් සන්නත් එදා කිවුවනෙ.😀 අනික හාමුදුරුවනේ හාමුදුරුවෝ නොදැන උන්නට මහා උගත් නැණවත් යුක්ති සහගත අදහස් දරන විශාල ගිහි සහ පැවිදි පිරිසක් ඔබ වහන්සේ සමග හැම වෙලේම ඉන්නවා.."
"Udaya Kumara","https://www.facebook.com/people/Udaya-Kumara/61575420931341","Tharindu Rathnayaka 😁😁😁😁🤨🤨🤨😣😣😣😣😣 hari lesthi wela innako chiware darana kenekuta apasa karanna be mathaka thiyaganna sanga adikaranayak desapalaneyen thorawa pihitapu dawasata wena wede 😇😇😇 me sambandawa aya fb eke katha nokara innam mn 😉😉😁"
"Gayan Chamikara Jayalath","","ඔබ වහන්සේ වෙනුවෙන් ඔබ වහන්සේ දරණ මතය වෙනුවෙන් කොන්දේසි විරහිත පෙනී සිටිනවා. ලංකාවේ 99%ක් සිවුරැ රදවන අතර මිත්‍යාව සහ වංචාව බුද්ධ ශාසනයේ සැබෑ අර්ථය ලෝකේට හෙලි කරන්න ඔබ වහන්සේ දරණ අප්‍රතිහත ධෛර්යට අනේක වාරයක් ස්තූත්යි.🙏♥️ ඔබ වහන්සේ තනි වෙලා නෑ ඔබ වහන්සේ වෙනුවෙන් අපි හැමෝම පෙනී ඉන්නවා. තිත්තගල්ලේ වගේ අවස්ථාවදී ඝණයෙක්ගේ හිස් වචන වලට ඔබ වහන්සේ කිසිම වෙලාවක සැලෙන්න එපා"
"Chalaka P. Handunneththi","https://www.facebook.com/chalaka.priyashan.5","ඇයි මේක පරක්කු කියලා බැලුවේ"
"Suraj Siriwardhane","https://www.facebook.com/people/Suraj-Siriwardhane/pfbid02aXTjALiQkvATaag81GmyyXnBJ97XH5yB1b5wEZX6vqEBqA9kYrwadWnG1TGn1jmLl","නානා පාටෙකර් කියන්නේ ලෝකයේ දේශපාලනයට අතිශය ආදාර්ශවත් මිනිසෙක් ඔහු වෙනුවෙන් අපේ රටේ මාධ්‍ය අවකාශය වෙන් කරේ නෑ ඒක ගැන තියෙන්නේ මාර දුකක් ඔහු සෑහෙන්න කියවන්න වටින අපේ අනාගත පරපුරට ඉන්දියාවෙන් මෙහෙම චරිතයක් බිහි වුණා කියලා සටහන් කරන්න ඕන ශාරුක් ඛාන්ලා පවා දෙවෙනි වෙන ආත්මීය මිනිසා මේ"
"Nishantha Gajanayaka","https://www.facebook.com/profile.php?id=100001891985039","ඔය තිත්තගල්ලෙ පෝට් සිටියෙ දාපු සෙල්ලං වලින් තමයි මිනිස්සු මිනිහ කවුද කියල දැන ගත්තෙ. ඇත්තම කතාවනම් එයාල සිවුර ඇපයට ති⁣යල කුලියට කඩේ යන කට්ටිය"
"හේසල හේමිණ විජේසිංහ","https://www.facebook.com/rangana.wijesinghe","පැණි වරකා ගහට හෙන ගහලා"
"Gunasekara Keerthi","","මං හැමතැනම කලින් දාල ඇති කැකිරාවෙ හාමුදුරුවො ඔය තිත්තයා කියන තක්කඩියගෙන් පරිස්සම් වෙන්න කියල, ඔන්න එලිපිට මූ යකා නටන්න අරං ඊලග ගලගොඩ අත්තේ වෙන්න දගලන්නෙ මේ රාජපක්ෂලාගෙ වහල් කුක්කා"
"Kingsly キング","https://www.facebook.com/profile.php?id=100007880505390","තිත්ත ගහලයට අහුවීම ඔබගේ දුර්වලතාවයක්"
"Amila Iranga","https://www.facebook.com/amila.iranga.35","තිත්තගල්ලයා කියන්නෙ වසලයෙක්.. ඕකට ඔබතුමා අහුවුනා කියලා මට මුලින්ම තේරුනා. දැන් හරි වෙන්වෙච්චි එක ලොකු දෙයක්.. ඥාණසාරගෙ අප්පච්චි වෙන්නයි ඒකට ඕන !!"
"Vishwa Akalanka","https://www.facebook.com/people/Vishwa-Akalanka/100080041332791","අපිට කණගාටුව ඔය තිත්තගල්ලෙ හාමුදුරුවෝ සහ අනෙක්  එකක්වත් ගැන නෙවෙයි  එයාලා මෙච්චර බෞද්ධකමට නිගාවෙන  විදියට වැඩ කරලා බෞද්ධ සාරයන්ම නසා රැකගන්ට හදන අන්තවාදී දෘෂ්ඨිය ලේම ඉල්ලන බෞද්ධ රට මොකක්ද කියල,  අවිද්‍යාවෙන් මුසපත් වෙලා වෛරයෙන් අඩහැර දෙන තෙලෙයිබාන් පන්නයෙන් සිං.බෞද්ධකම රැකගන්ට ලේ දෙන්ට හදලා හදලා මොකක් කරගන්ටද අනේ මේ රටේ මොකෙක් හෝ අබෞද්ධයෙක් යැයි සැක සංකා ඇත්තන් කෙරෙහි ඇති සැකයට මාන්නයක් රැකගෙන වැජඹෙන්ට නැතිකමටනෙ මේ ඉල්ලන්නෙ නැතුව මේ බෞද්ධ කෙහෙම්මලක් නෙවෙයිනෙ 😅😅  ඇත්තටම මේකෙ මේ තියෙන්නෙ බෞද්ධකම නෙවෙයි ව්‍යවස්ථාපිත රාජ්‍ය නීතියෙන් එයාලා ආස බුද්ධාගම්කාරයන් සහ බුද්ධාගම රැකන් උඩින් ආධිපත්‍යක් ලබාගන්ටනෙ මේ ඉල්ලන්නෙ නැතුව බෞද්ධ සාරයන් රැකුනත් සම්මාදිට්ඨිය කැලේ ගියත් එයාලට වැඩකුත් නෑ දන්නෙත් නෑ ඒවා නහී....😅😅"
"Lahiru Dissanayaka","https://www.facebook.com/lahiru.dissanayaka.587","අපේ හාමුදුරුවෝ නරින්ගෙන් පරිස්සම් වන්න..🙏"
"Tenna Wishami","https://www.facebook.com/people/Tenna-Wishami/pfbid05o8oEVWQy1pWZqck7Qa6QkK5EhAMQxHywpCcBRMTzSoyApZn9Wgydjh8hy6VVn7Fl","කැකිරාවේ හමුදුරුවො ගේ දැනුම එක්ක බලද්දි  උබ මොන සිප්පි කැල්ලක්ද බන් තිත්තගල්ලේ"
"පුරවැසි පවුර","https://www.facebook.com/people/%E0%B6%B4%E0%B7%94%E0%B6%BB%E0%B7%80%E0%B7%90%E0%B7%83%E0%B7%92-%E0%B6%B4%E0%B7%80%E0%B7%94%E0%B6%BB/100011033292857","#Thithagalleanandasiri  ඔය අකුරු ලියැවෙන්නෙම   ලේ ඉල්ලන්න නම් ඒක කැමති නමකින් කර ගන්න. සියළු සත්වයෝ නිදුක්වෙත්වා කියලා ජීවී අජීවීන්ට , යක්ක ප්‍රේත යන්ටත් , මුළු විශ්වයටමත් මෛත්‍රී කරන්න මනස පුහුණු කරන බෞද්ධ දර්ශනය අවභාවිතා කරන්නත් එපා. ලෝකයක් රකින සිංහලයවත්  ඔය වැඩේට ගාව ගන්න එපා .  මිනිස් ජීවිත ලක්ෂ ගාණක් විනාශ කරපු  තිස් අවුරුදු යුද්ධයත් , 87-90 යූඑන්පී භීෂණයත්  තම්බිමුදලි - නීලපෙරුමාල් පවුල් පැලැන්ති සාතන් කල්ලියේ  රාජ්‍යය හසුරුවන රදව ගන්න ගහපු ගේම් කියලා අපි දන්නවා. පාස්කු ප්‍රහාරයත් උන්ගේ බලය පවත්වා ගෙන යන්න ගහපු ගේම් එකක් කියලා දැන් රටේ බහුතරයක් මිනිස්සුන්ට වැටහෙනවා.  අපි මේ වෙහෙසෙන්නේ අවුරුදු 76ක් තිස්සේ අප සමාජය වහල් සමාජමට්ටමක රදවා තියා ගන්න ගහපු ගේම්  මේ රටේ අපේ දරු මුණුපුරෝ උන්ගේ දරුමුණුපුරන්ගේ  වහල්ලු වෙන්න ඉඩ දෙන්න බෑ.  මේ ප්‍රස්නේ අපි බෞද්ධ ලීලාවෙන් විසද ගන්නම්.  බෞද්ධ නියෝජනය අපාගත සිතුවිලි  තියෙන අයට කරන්න බෑ .  බෞධත්වයෙන් පෝෂණය වෙච්ච සිංහලා ගොඩ දාන්න නම් බහුතර මිනිස්සුන්ට බෞද්ධලීලාවෙන් ජීවත් වෙන්න මග පෙන්වන්න.  මේ රාජ්‍යයේ සිංහල අයිතිය ලොවට තහවුරු කරන්න සිංහල ගණිතය පාසල් විෂයමාලාවට ඇතුලත් කරන්න යැයි රජයට හඩ නගන්න රටේ මිනිස්සුන්ට සිංහල ගණිතය උගන්වන්න වැඩක් හදන්න ඒවයි රටක් රාජ්‍යයක් , මානව සමාජය ගොඩ නගන්න ඓතිහාසිකව කරන වැඩ.  මිනිස්සු බහල්බවේ තියාගෙන හාමුලගේ ගේම් ඇතුලේ ප්ලේ වෙන එක වැඩක් නෙමෙයි නෝනා ගැහෙන පපුකැවුත්තක් නැතිකම නොදැන කරනවා නම් ලියන්න කියන්න පුළුවන් උනාට නූගත්  -කෝටියක් හෙළයෝ-@"
"Tangalle Ananda ","https://www.facebook.com/people/Tangalle-Ananda/61595083376352","කලගුන නොදත් ගුනමකුවා කැකිරාවේ සුද්ස්සන"
"Udith Wickramasinghe","https://www.facebook.com/theawaken001","සමන්තභද්‍ර හාමුදුරුවෝ ලගත් ඉන්න බැරි වුණ මෙයාට ඔබවහන්සේ ලග ඉන්නත් බෑ, ඔහුව ආශ්‍රයෙන් ඉවත්කරන එකම හොදයි ! 🔥✨️"
"Jayantha De Silva","https://www.facebook.com/jayantha.desilva.944","තිත්තගල්ලේ සුදස්සන හාමුදුරුවන්ට මුකුත්ම කරන්න හිතාගෙන ඉන්නවා නම් අදහස අත හැරලා දාන්න ඒක අනතුරු හැගවීමක් කියලා හිතාගත්තට වරදක් නැහැ"
"Pem Silva","","අර තැන් දෙකකට වැටුණු ගිරව් දෙන්න වගේ යංතං බේරුණා ඔබවහන්සේ මේ කුමන්ත්‍රණ වලින්  රට ජනතාව අනාගතය වෙනුවෙන් බුද්ධිමත්ව කටයුතු කරන අතර ඔබවහන්සේගේ ජොබ් එක බුද්ධ දර්ශනය නිවැරදිව ජනගත කිරීම මිස බොරු අපායන් පිළිබඳ වාද විවාද සඳහා කෙරෙන ආරාධනා මතින් ජනප්‍රිය වීමට පාර හොයන එක නොවන වග තරයේ සිහි පිහිටුවා ගන්න. එවිට ඔබ වහන්සේගේ සේවය නිසි පරිදි සම්පූර්ණ වෙනවා වගේම සමාජ සත්කාරක"
"Ranga Witharana","https://www.facebook.com/rangaewb","හාමුදුරුවොත් බොහෝ දේ දන්නවා... ගොම බින්දුවක් දාගන්නේ නැතිව ප්‍රශ්නේ විසදගන්න ශුක්ශම වෙන්නේ නෑ... කොහොම උනත් කුමන හෝ මොහොතක ඇත්ත හදුනගන්න පුලුවන් වෙන එක හොදයි. 🙏"
"Rashen Ambawalage","https://www.facebook.com/rashen.tharaka.9","Sathawa therum ganeema watinawa oba wahanse. Oba wahanseta udaw karana margayen ethumata langa wiya nohaki channel walata ringanna awasthawa hada gaththa.  Respect for not betraying your principles 🙏🏼"
"Thanujaya Gamage","https://www.facebook.com/thanujaya.gamage.50","අසත්පුරුෂයො සත්පුරුෂයො වෙන්නෙ නෑ ලු, ඒ උනාට වැරදි කරපු මිනිස්සු වෙනුවෙන් පෙනී ඉන්නව, ඒ අයට සමාව දීල හැදෙන්න දෙන්න ඕන කියනව.  මේ කමෙන්ට් එකෙන් තිත්තගල්ලේ හාමුදුරුවන්ගේ මූලිකම අදහස විසංවාදයක් බවට පත් කරල එවහන්සේම."
"Kasun Anuranga","https://www.facebook.com/people/Kasun-Anuranga/61574399133141","Thanujaya, ඒකේ කොහෙද විසංවාදයක්? සමුද්දේශ රාමු දෙකක වෙන සිදුවීම් දෙකක්.  සමාව දෙන්නාගේ කෝණයෙන් සමාව දීම යහපත්. හැදෙන්න අවස්ථාවක් දීමත් යහපත්.  සමාව ලබන්නාගේ රාමුවෙන්, සමාව ලැබීමෙන් පසු නැවත වරදක් නොකර ඉන්න වගබලාගන්න ඕනේ. ඒක නොකර හිටියාම ඒ කෙනා නැවත විවේචනයට ලක්වීම ස්වභාවිකයි."
"Thanujaya Gamage","https://www.facebook.com/thanujaya.gamage.50","Kasun අහම්බන්තේ! සාදු සාදු!"
"Daya Pushpa Kumara","https://www.facebook.com/daya.pushpakumara.7","ඔබ වහන්සේගේ ගමනට අපි ආශීර්වාද කරනවා."
"Charith Nilanda De Silva","https://www.facebook.com/lovely.capture.7","පර්චස් 10 දෙන්න වෙනවටනෙ ඔය. 🤣"
"Vishwa Weerakoon","https://www.facebook.com/profile.php?id=100000066033647","ඔක්කොමත් හරි Bruno Diwakara ත් අහු උනානේ."
"Anoma Opatha","https://www.facebook.com/anoma.opatha","ඇත්තටම මෙහෙම වෙන බව අපිට නම් මුලදිම තේරුනා හාමුදුරුවනේ.  ඒ හාමුදුරුවො play කරන්නෙ වෙනම දේශපාලන  game එකක්"
"Koshitha Kalhara","https://www.facebook.com/people/Koshitha-Kalhara/pfbid02GFgnRemRrrCZ4TWFPzDeha6SpEraf5vJzrGccJip9p4cUffRzUd3XdHR6376sbpnl","මිනිස්සු කොහොමත් ඇරල යනවා..ඔහොම ඔච්චර ඉක්මන්ට කෙලනැතුව අරල ගියාම රිදෙනවා වැඩි"
"Wimal Abegunasekara","https://www.facebook.com/wimal.abegunasekara","ඈැෑෑෑ බොලේ ...එහෙමත් එකක්ද.. පරෙස්සමින්  අපෙ හාමුදුරුවනේ ... .!"
"Kaveen Chamoth","","ස්වාමින් වහන්ස, බයියන්ටත් තේරෙන්න මේක යටින් සිංහලෙනුත් දාන්න. නැත්නම් ඔබවහන්සේ බලාපොරොත්තු වන සමාජය ගොඩනගන එක තවත් කල් ඇදෙන එක තමයි වෙන්නෙ."
"Kumara Vithanage","https://www.facebook.com/pushpakumara.donwithana","බල්ලොත් එක්ක ලැග්ගම මැක්කොත් එක්ක නැගිටින්න වෙනව..👍"
"Dushantha Manjula","https://www.facebook.com/dushantha.manjula.739","ඔබ වහන්සේ මීට වඩා දේවල් ගැන දැනුමට වඩා ඉහල අවබෝධයකට යන්න...ඔයත් ඔයාගේ පිළිගැනීම් නිතර නිතර ඔබට අනුව වැරදියි කියනවා...ඉතා කෙටි කාලයකින්...මම ඒක දේශපාලනය තුල දැක්කා...අර රස්තියාදුකාර  ,උන්මන්තක තිත්තගල්ලේ  එක්ක ඉද්දිම හිතුනා මෙයාටත් අහුවුනා කියලා...මොකක්ද මේ...බුද්ධ දර්ශනයේ ගැබුරු යථාර්ථය න් හොයන කෙනෙකුට තිත්තගල්ලෙව පෙනුනේ නැ කියන්නෙම අවුල පැහැදිලියි....මිනිසුන්ගේ විස්වාසයන්ගේ ""අවුල "" ට දිවා රැ දෙකේ පහර දෙන ඔබගේ විස්වාසයන්ගේ අවුල බලන්න"
"Dushyantha De Rosairo","https://www.facebook.com/dushyantha.de.rosairo","මේ යක්කු නිවන් ගිය අය වගේ මුහුණු පොතේ හා යු ටියුබ් එකේ කතා කළාට, ඔවුනොවුන් එකිනෙකා තරහ වුණාම කියන කතා වලින් හා ගසා ගන්නා මඩවලින් තමයි කාට කාටත් මොවුන්ගේ සත්‍ය තත්ත්වය කුමක්ද කියා හෙළිවන්නේ.  සාමාන්‍ය ගිහියන්ගේ යහපත් ස්වභාවයේ තත්ත්වයේවත් මොවුන් නැති බවයි ඔප්පු වන්නේ. නොදෝමකින් !"
"Madhusha Menmenda","","Buddha saasaneeta keerthiya genena fb rahathan wahanse TA🙏"
"Nilesh Thisera","https://www.facebook.com/people/Nilesh-Thisera/61577265042779","තිත්තගල්ලේ කියන්නෙත් රාජාංගනේ හාමුදුරුවන්ගේ කැඩපත. බුද්ධිය තිබුනට සංවරකමක් නෑ. කොහොමත් එයව ගැලපෙන්නෙ නැ ඔයාගේ ගමනට"
"Eranga Harshappriya","https://www.facebook.com/eranga.harshappriya","සහරාන්ට , සාෆිට වෙච්ච වැඩේ වෙන්න ගියේ 🧐 D. මොරිස් ❤️හාමුදුරුවන්ව❤️ බේරුව"
"Asanka C. Kuruppu","https://www.facebook.com/ac.kuruppu","දෙනම වහන්සේලාම ඉක්මනින් බෙහෙත් ගන්න.🙏"
"Aruna Wanigasooriya","https://www.facebook.com/arunaw","තිත්ත ගල් ල.අමු පිසේසක්"
"Chamara Pathiraja","https://www.facebook.com/chamara.pathiraja.764815","යකෝ උබලා ඔය බුද්ධ චීවරේ ගලෝල තියලා ගිහින් මරාගන්න බැරි නම් ඕනේ තුප්පහි වැඩක් කරගනිල්ල.  ලංකව ඇතුලේ බුදුදහම විනාස නොකර. මොකද මේක සියලු ආගම් වල මිනිස්සු බලාගෙන ඉන්නවා.  මිනිස්සු ආගමට ගහනවා නෙමේ, උබලා විසින්ම ආගම විනාස කරනවා."
"Sachin Kumarasinghe","","තිත්තගල්ලේ කරන්න හදන්නේ මොකද්ද කියලා හොදට තෙරුනා ඔබවහන්සේ අමාරුවේ වැටිච්ච වෙලේ එකෙන් වාසි ගන්න බැලුවේ, බලන් ගියාම මූ ස්මන්තබදට වඩා සතා."
"Kalinga Kasun Silva","https://www.facebook.com/kasunpradeep.kalinga","Mama nam oka hithuna ape hamuduruwane thiththagalle obawahansege wadeta atha gahuwe namal wenuwen penihitala hodatama nondi wela inna welawaka eyata ona una mada tikak hoda ganna mage ammapalla eyawa oyata galapennema na sannasgal sir nam edama kiuwa wage mathkai thawa kattiya private eke obawahanseta kiyannathathi ""parissamen"" kiyala. Kohoma hari e deege kadunanam mama kamathi mokada mama obawahansege adaha walata garukaranawa ."
"Wimal Weragoda","https://www.facebook.com/wimal.weragoda.3","ඔබ වහන්සේට දැන්වත් තිත්තගල්ලෙ ගැන කරුණු අවබෝධවීමම අපට මහත් සතුටක්. එයත් එක්ක එකතුවීම නිසා ඔබ වහන්සේ කෙරෙහි අප සිත් තුළ පැවති ගෞරවය ලිහිල් වෙමිනුයි පැවතුනේ.ඔහු බාලයෙක් විතරක් නෙමෙයි පාතාලයෙක්. ඥාණසාර අනුරුවක්."
"Krishantha Godakanda","https://www.facebook.com/profile.php?id=100009612772832","ඔබ වහන්සේ මෙතුවක් කාලයක් ස්වාධීන මතයක් දරමින් ගෙනගිය කාර්ය ඒ විදියට ඉදිරියටත් රැගෙන යන්න .මේ වගේ අයගෙන් ඈත්වෙලා ඒ කාර්ය  කරන්න"
"Neil Senarathna","","අපේ හාමුදුරුවනේ... ඔබ වහන්සේ බුදුරජාණන් වහන්සේ දේශනා කළ  මඟ යන්න... ජාතිවාදීන් ආගම්වාදීන්..ඔබ වහන්සේගේ මඟ හරස් කරන්න උත්සාහ කරාවි...ඒවාට අහුවෙන්න එපා..."
"Bimmaa Jaya","https://www.facebook.com/bimmaa.jaya","භවය මතු භවය නම් 🙄 මුලාවක් මය 😁"
"Palitha Bandara Dissanayaka","https://www.facebook.com/profile.php?id=61565258300977","තිත්ත ගල්ල කියන්නේ,රජාපක්ෂලා  වෙනුවෙන් ඉන්න බුවෙක්.ඔකුන් මේ සමාජයට ලොකු වදයක්."
"Wasantha Kumara","https://www.facebook.com/people/Wasantha-Kumara/pfbid0s8v2byAXwtiXDDiQ26LKEc1dNz9uezJ3V8hKEQ65Bm8jP99VPTg1qwoGxQ1sVWJpl","එයා හොරු සමග හෙලුවෙන්"
"Stanley John","https://www.facebook.com/profile.php?id=100004283108197","Umba wage wasalayange(Mata paw ea wachane ea samaja panthiyata katha keruwata) Siwuru galawanda one maha ung🤮🤮🤮"
"Nilanka Pradeep","https://www.facebook.com/nilanka.pradeep.771","අපිට සත්‍ය බුදු දහම දැනගන්න තියෙන්නේ එහෙම බුදු දහම දන්න අය හිටියේ කිහිප දෙනයි... කැකිරාවේ සුදස්සන හිමි වගේම තිත්ත ගල්ලේ හිටපු ස්වාමීන්වහන්සේ... ඇත්තටම අපිට ඕන දේශපාලනය කරන භික්ෂූන්ලා නෙමෙයි... අපිට ඕනේ මේ බුදු දහම කියලා මිනිස්සු කරන මෝඩ වැඩ වලින් ඒ මිනිස්සුන්ගේ මලකඩ කඩන්න පුළුවන් දහමක් දේශනා කරන්න පුළුවන් සඟ පරපුරක් 🌹🌹🌹🙏 ඔබවහන්සේ කිසිම දේශපාලනයක් කරන්න එපා..."
"Duminda Chinthaka Fernando","https://www.facebook.com/dumie.lk","සිවුරුදාගත්තු යාළුවෝ මරාගන්න හැටියට, සිවුරු නැතත් මගේ යෑළුවෝ රත්තරං"
"Adisha Adisha","https://www.facebook.com/adisha.adisha.3304","තිත්තයි කියල අපි නමිි දැනගෙන හිටියා ...ඒත් අපි බලාගෙන හිටිය තිත්තගල්ලේගේ බෙහෙත් වැඩ කරන විදිය ...😂😂"
"Gayan Kalhara","https://www.facebook.com/gayan.kalhara.146","අපි කොච්චර කිව්වද ඔබ වහන්සේට ඒක තේරුම් ගියේ දැන් නේද ... ඔබවහන්සේ ස්වාධීන මත ධර්මය පිළිබඳව සමාජය පිළිබඳව ඉදිරිපත් කරාට තිත්ත ගල්ලේ ආනන්ද සිරි ස්වාමීන් වහන්සේ ...කරන්නේ වෙනම දෙයක්.... වැරදුණාට පස්සේ ළඟට එන ගොඩක් අය එන්නේ ප්‍රයෝජන ගන්න ඒක ගිහි පැවිදි කියල වෙනසක් නැහැ 😊😊"
"Pathum Abewardana","https://www.facebook.com/pathum.abewardana","ඔය කරුමේ ගැලවුන එකම ඇති 😁🙏"
"Nuwan Sanjeewa","https://www.facebook.com/nuwan.sunjeewa","ඔන්න ඕක නිසා වෙන්න ඇත්ති සන්නා කිව්වෙ තිත්තගල්ලෙගෙ අනුගාමිකයෙක් නොවී ඔබවහන්සේගේ ස්වාධීන ගමන යන්න කියලා.තිත්තගල්ලෙ සහ සමන්ත්‍ර බද්‍ර කියන්නෙ දෙන්නෙක් නෙවෙයි.එක්කෙනෙක්.version එක විතරක්  පොඩ්ඩක් වෙනස්.ඔය යකාගෙ අධ්‍යාපන ආයතනය ගැන ආණ්ඩුවෙන් මීට වඩා හොයන්න වෙයි."
"Mahesh Nissanka","https://www.facebook.com/mahesh.nissanka.905660","ඔබ වහන්සේටත් හොද වැඩේ..ඔය හාමුදුරුවෝ නාමලාට කඩේ ගිය දවසේවත් තේරුනේ නැද්ද පොර ගහන්නේ වෙන ගේමක් කියන එක...මිනිහා අරයාගෙ තැන අරගන්න වලි කන්නේ කියලා තේරුනේම නැද්ද..."
"Shan Dias","https://www.facebook.com/Shan.Dias","ප්‍රමාදවිහෝ සර්පයා අදුනාගත්තට සතුටුයි🙏🙏🙏"
"Nishantha Matara","https://www.facebook.com/mknishantha","100 agreed 🙏🙏🙏"
"Sudeepa Thanapathy","https://www.facebook.com/sudeepa.thanapathy","බල්ලොත් එක්ක ලැග්ගම මැක්කොත් එක්ක නැගිටින්න වෙනවා අපේ හාමුදුරුවනේ 💔🫠"
"Wasantha Hettige","","Thiththe is going kade to pohottuwa"
"T.J. Mendis","https://www.facebook.com/t.j.mendis","අනේ...පව් ඔබවහන්සේ.ඔබ වහන්සේගෙ වැඩසටහන් හැම එකක්ම මම බලනවා.ඔබවහන්සේගෙ සමහර මතවලට මම එකගයි.සමහර මත මට තෙරෙන් නැති නිසා මම එකග නැහැ.එහෙමයි කියලා මම නම් ඔබවහන්සේ බනින්නේ නැහැ.ඕනම කෙනෙකුට තම මතය අදහස් කරන්න අයිතිය තියනවා.ඒ මත නිදාගන්නවා වෙනුවට ගැටේනවානම් එක මත සමග ගැටෙන අයගෙ අභ්‍යන්තර දුර්වලතාවයක්.එක නොදකින බොහො මිනිසුන් තමන් තුළ ඔබවහන්සේ මුල්කරගෙන කර්මමාර්ගයෙ යනවා.ඔබ වහන්සේගෙ වැඩසටහන් වල හැම comment එකක්ම තිබුණා තිත්තගල්ලේගෙන් පරිස්සන් වෙන්න කියලා.මිතුරු වෙසෙන් එන අයගෙන් තමයි පරිස්සම් වෙන්න ඕන.ඔබවහන්සෙට තෙරුවන් සරණයි 🙏"
"Ruwan Randunubandara","","හෆ්ෆට...  තිත්තෙගෙ තිත්ත ඇත්ත..😃😃"
"Rohan Ranasinghe","https://www.facebook.com/rohan.perera.7165","ජිම් සාධු ඉවරෙටම ඉවරයි"
"Niroshana Siriwardana","https://www.facebook.com/niroshana.siriwardana.7","ඔබ බුද්ධ භාෂිතය දන්නවද. නැති නම් සිවුර පොරවන කෙනෙක් විතරාද"
"Dilum Nandana","https://www.facebook.com/dilum.nandana.9","හොද කියවීමක් තියෙන ඔබවහන්සේට තිත්තගල්ලේ ගේ හැසිරීන පූර්වාපේක්ෂණය කරන්න බැරිවීම කණගාටුදායකයි.  අනික රාජපක්ෂ නිකායේ කියලා දැනදැනත්..."
"Anjana Yasiru","https://www.facebook.com/people/Anjana-Yasiru/pfbid05bT3GokXdfzp4W2hotqgCW3y36vWy5CVCN2nupqTkqicEgR3ZZXQjjqxQt6F9Ancl","උබ නොකිය කියන්නෙ ලංකාවෙ ආන්ඩුක්‍රම ව්‍යවස්ථාවෙ 9 වෙනි වගන්තිය අයිං කරන්න පුලුවන් වෙන්න මිනිස්සුංගෙ ඔලුව හදන එක්"
"Neelaka de Silva","https://www.facebook.com/neelaka.lk","අද සමාජයෙ වැදගත් යැයි අපි සිතා සිටින ස්වාමින් වහන්සේලා සමාජය ඉදිරියෙ හැසිරෙන්නෙ පොඩි ලමයි වගෙ , ඔය තරම් පරිනත පොත් පත් කියවපු ස්වාමීන් වහන්සේලටවත් තමන්ගෙ වචනය සංවර කරගන්න බැරිද ? ඉගෙනගත් ගිහියන්වත් ඔය වගෙ මෝඩ විදියට හැසිරෙන්නෙ නැහැ , මට හිතෙනවා දෙන්නම නිහඩවීම තමයි හොද , ගැටලුවක් ආවම හැමෝගෙම යූ ටියුබ් නාලීකා වලින් දිනපතා වැඩසටහන් ඉල්ලගෙන දුවන කොට මට තේරුනා දෙන්නම හොදට නාගන්නවා කියලා , දෙන්නම වෛරි සිත් ඇතිව තමන් ඉලක්ක කරගත් පිරිසකට පහරදීමට සීමාව ඉකිමවා යනවා ඒකෙන් දෙන්නම විනාශ වෙනවා , දැන් මේ කොමන්ට් දිහා බැලුවම පේනවා කෙනෙක් පරයා අනිකා සමාජය ඉදිරියේ පොර වීමට කොමන්ට් ලියනවා. මෝඩ ගිහියන් ඒවා කියවලා චූන් වෙනවා ,"
"Lp Mayoshani","","අනේ හාමුදුරුවනේ ඔබ වහන්සේට  තෙරුවන් සරණයි සිත සවිමත් කර ගන්න"
"Lasitha Gunasekera","https://www.facebook.com/lasitha67","බහුතරයක් ශ්‍රී ලාංකික සමාජය ඔබවහන්සේ සමඟයි. අනේ හාමුදුරුවනේ ආයි නං ඔය වගේ කහ සිවුරු රඳවන වලට අහුවෙන්න එපා.🙏"
"Nawa Ratnayake","https://www.facebook.com/people/Nawa-Ratnayake/61586345818149","මේ මම ම දාපු කමෙන්ට් එකක්.කියල කටගන්න හ්ම්බුනේ නෑනෙ.ඕක වෙන බව අපි නම් කලින්ම දැනන් හිටියා"
"Chaminda Punchibandara","https://www.facebook.com/chamindapunchibandara","තිත්තගල්ල කියන මනුස්සය මොකටද ලන්කර ගත්තේ. ඒ මනුස්සයා අවදාන හිගන්නෙක් නේ. කරන වැඩකුත් නෑ , ඇති ලබ්බකුත් නෑ"
"Ranga Pradeep Kahanda","https://www.facebook.com/ranga.pradeep.kahanda","සයිකො බුවෙක්"
"Manula Jayasinghe","https://www.facebook.com/manulasandaruwan","ඇකඩමික් කරුණු වලදී එකග නොවන දේවල් තිබ්බත් ප්‍රතිපත්තිගරුක භාවය අතින් ඔබවහන්සේ විශිශටයි .."
"Sathimantha Himi","https://www.facebook.com/sathimantha.himi.402160","කැකීරාවේ හාමුදුරුවෝ වෙත මෙත් සිතින් ලියමි මමත් ඔබ වහන්සේ කියන ලියන දේවල් ගැන කලක් බලා සිටියෙමි මට ඔබ වහන්සේ කියන දේවල් ගැන සාධනීය අදහසක් තිබුණිමොකද ඔබ වහන්සේ විශ්ලේෂණය කරන නිසා ,හැබැයි උදේ පාන්දර දැකපු ඔබ වහන්සේගේ මේ අදහසට මටත් යමක් එක් කරන්නට සිතුනි ඔබ වහන්සේ ද වගේම තමයි මටත් තිත්තගල්ලේ ආනන්ද සිරි හාමුදුරුවෝහුඟාක් උදව් කරල තියෙනව ඒකට වචන වලින් ස්තුතියි කරයන්නට මටනොහැකිය එම නිසා මට පුළුවන් හැකියි පමණින් මම සාසනිකව උන්වහන්සේ කරගෙන යන වැඩ පිළිවෙලට සහයෝගය දෙමි. මොකද මට හෘද සාක්ෂියක් ඇත මම විතරක් නෙමි උන්වහන්සේ උදව් කරපු පළවෙනි මිනිහා  බව මම හොඳින් දනිමි ඒ ගොඩේ ඔබ වහන්සේත්ම එක හිමිනමකි ඒ වාගේම ඥානසාර හාමුදුරුවොත් ඉන් එක්කෙනෙකි මමත් ඥානසාර හාමුදුරුවන් කරපු සමහරක් වැඩවලට පට්ට අකමැතිය ඒත් උන්වහන්සේ මේ වෙලාවේ අසරණ වී ඇති බව මටත් දැනුණි ඒවාගේම උන්වහන්සේ මේ බුද්ධ ශාසනයම පැවිදි වෙච්චච භික්ෂූන් වහන්සේ නමකි වැරදි අඩුපාඩු මගේනුත් වී ඇත එහෙත් සමාවදීම හොඳ ගුණයකි ඒ නිසා තමයි අනුර කුමාර ජනාධිපතිතුමාටත් රටේ  බහුතරයක් මිනිස්සු චන්දෙ දීලා ජනාධිපති කරේ මටත් ඇත්තටම ඕන මේ රට සුන්දරේ ආර්ථික අතින් දියුණු රටක් වෙනව දකින්න ඒක නිසා තමයි මමත් අනුර කුමාර සහෝදරයාට ඡන්දෙ දුන්නේ හැබැයි මම හිතුවේ නෑ සහෝදරයා සාසනයට ඔහොම කරයි කියලා"
"Kemil Manthila","https://www.facebook.com/kemil.manthila","Sathimantha Himi ❤️"
"Janaka Thilakarathne","https://www.facebook.com/janaka.thilakarathne1","ප්‍රමාද වී හෝ තිත්තයගෙ තිත්ත ඇත්‍ත තේරුම්ගත්තු එක හොදයි හාමුදුරුවනේ. හැබැයි අපි ඕක දැනගෙන හිටියා. උගෙ මොකක් හරි හොර වැඩක් ඇති. නැත්තං ඔච්චර පස්ස ලෙවකන්නෙ නෑ. කැම්‍රි තිත්තයා"
"Asanki De Silva","https://www.facebook.com/people/Asanki-De-Silva/pfbid0Tx6qK5igAXAEd9bkhSswQmDGjVyLbuA52rdKNyjUDhBX6aeYQuhFEts4zuBiXAxDl","ඔක මහා කඩ්ප්පුලියා මුනෙන් පෙනවා. ඔබ වහාන්සේව පාවිච්චි කරා මොකටද මොනයම් හෝ වෙලාවක කඩප්පුලිය වෙනුවෙන් පෙනිසිටි කියන අදම චේතනාවෙන් වැඩි කලක් ගියේ නැ ඒ ආකරයෙන්ම සිද්ද උනා. පාඩමක් ඉගන ගත්ත එක වටිනවා. ඔකට රාජපක්ෂලා එක්ක හෙලිදරව් නොවෙච්ච ඩිල් එකක් තියෙනවා ලගදිම එකත් එලි වෙනවා සත්තයි. අපේ සුවාමින් වහාන්සේට තෙරුන් සරනයී 🙏"
"Winnersway English","https://www.facebook.com/winnersway.english","ගොනා හැරෙනකොට අපිටනම් තේරුනා ටාගට් එක පොල්පැලේ බව"
"Sujeewa Lakmal Wimalagunarathna","https://www.facebook.com/sujee.wimalagunarathna","ඔබවහන්සේ සැමවිටම නිවැරදි පැත්තේ හිටගත්තා කියලා අපි දන්නවා හැමදාම ඇත්ත වෙනුවෙන් පෙනී සිටින්න.."
"Sameera Senavirathna","https://www.facebook.com/sameera.senavirathna.904","සංඝයා විසින්ම සංඝ බේදය වෙනවා වගේ  අපිට තියෙන්නෙ බලං ඉන්න ☺"
"SathSarani RathNayake","https://www.facebook.com/sathsarani.rathnayake.326885","Msharagamsdi amma Muslim kiyala passe na kiyapu ubala wage unge siwura oluwe othala yata eka kapanna oni"
"Tyrone David","https://www.facebook.com/tyrone.david.56","Yes, we will continue to assist you, according to our means. Keep up the good work, Ven. Kekirawe Sudassana."
"Kassa Hatanpola","https://www.facebook.com/people/Kassa-Hatanpola/pfbid02uXB2L67wzYkjB2kmij5cGuNTGhEmQit6q58rNJmeBUr7NBFZfryM8k2uFBQcGJ8fl","බුදු හාමුදුරුවන්ටත් වඩා මෛත්‍රී සහගතව හැසිරුණේ තිත්ත ගල්ල..."
"Sameera Jayasekara","","හාමුදුරුවෝට තියෙනව සරල ප්‍රස්නයක්, කාටත් අඩු වැඩි වසෙන් තියෙන, මිනිහ නොමිනිහ අඳුන ගන්න බෑ අවසර ඔහෙට , අපි ගිහි ජීවිතේ බයියො එක්ක වැඩ කරද්දී දෙපාරක් පරිස්සම් වෙනව 🙏😁"
"Lucky Lucky","https://www.facebook.com/lucky.lucky.934468","මටනම් හිතුනා ගඩ්ඩා කිට්ටු වෙද්දිම ඔබවහන්සේටත් කෙලින්න එන්නෙ කියලා.සන්නස්ගල සර් ඒකයි කිව්වේ එදත්. සියලුම ගඩ්ඩෝ මේ දවස්වල එකට ඉන්නෙ.ඔබවහන්සේ පාඩුවේ ටික කාලයක් වෙන දේ බලන් ඉන්න.මේ දවස්වල උන්ගේ විලි යාලුවොන්ගේ අතින් වහගන්න දගලන්නෙ. ඔය ඇතුලට ගිහිපු එකා වෙනුවට ඊලගට එන්න ඉන්න පොරවල් තමයි පිරිත් කියන් බස් එකට නග්ගලා ආවේ."
"Chanaka Mapa","https://www.facebook.com/chanaka.mapa","තිත්තයා ලං වෙන්නෙ හොදකට නෙමෙයි කියල අපිට නම් තේරුනා, තිත්තයා හොද ගානකට විකිනිලා ඉන්නෙ....ලූලා නැති වලේ කනයා වෙන්න තමයි ඔය දගලන්නෙ, මේ වෙලාව පොහොට්ටුවෝ ආතක පාතක් නැතුව ඉන්නෙ, උන්ගෙන් හොදට ගරන්න පුලුවන් කියල තිත්තයා දන්නවා....ඔවුන් සාසනෙන් එලවන් නැතුව බුදුදහම හදාගන්න වෙන් නෑ...."
"Viraj Nilantha","https://www.facebook.com/people/Viraj-Nilantha/100005527576179","ආරේ ගති නෑරේ"
"Ullinduwawe Pagngna Rathanathero","https://www.facebook.com/ulliduwawe.rathanathero","https://www.facebook.com/share/v/19WE9W4oaX/        අද වන විට අපේ සමාජය හමුවේ ඇති අතිශය කණගාටුදායක යථාර්ථය මෙයයි. යම් යම් පාර්ශ්වයන් සමාජගත කරන මෙම විෂ සහිත මතවාද පිටුපස සිටින්නේ කාගේ හෝ කොන්ත්‍රාත් ඉටු කරන පිරිසක් බව බොහෝ දෙනෙකුට තවමත් තේරුම් ගැනීමට නොහැකි වී ඇත.  ඔවුන්ගේ ප්‍රධානම ඉලක්කය වී ඇත්තේ සිංහල බෞද්ධ ජනතාවත්, නායක හාමුදුරුවරුනුත් අතර පවතින නොබිඳෙන ආගමික හා සාංස්කෘතික බැඳීම බිඳ දැමීමයි. මන්ද, සිව්වනක් පිරිසෙන් සැදුම්ලත් මේ සම්බුද්ධ ශාසනයත්, ආගමට හා ජාතියට ලැදි ජනතාවත් එකට එක්ව සිටින තාක් කල් මෙම උරුමයට හානි කිරීමට කිසිවෙකුට නොහැකි බව ඔවුන් හොඳින්ම දන්නා බැවිනි. ඒ නිසාම, සමාජය තුළ වෛරය පතුරුවමින් මෙම බැඳීම වෙන් කිරීමට ඔවුන් නොයෙක් උපක්‍රම යොදයි.  පසුගිය කාලයේ සමාජ මාධ්‍ය හරහා සංසරණය වූ ඇතැම් වීඩියෝ ඔබටත් මතක ඇති:  ""මින් ඉදිරියට පන්සලේ හාමුදුරුවන්ට ගැහුවත් අපි ඒකට මැදිහත් වෙන්නේ නෑ...""  ""බුදු පිළිම කැඩුවත් අපි මුකුත් කියන්න යන්නේ නෑ...""  මෙවැනි අන්තවාදී හා ""රැඩිකල්"" යැයි කියාගන්නා මතවාද රැසක් සමාජගත කිරීමට ඇතැම් පිරිස් කටයුතු කළහ. අදාළ සිදුවීම්වලට කිසිසේත්ම සම්බන්ධයක් නැති මෙවැනි මාතෘකා කරළියට ගෙනෙමින් ඔවුන් කළේ ""තැටිය රත් වූ වෙලාවේ රොටිය පුච්චා ගැනීමයි"".  මෙම සූක්ෂම මතවාදී ප්‍රහාරවල අවසාන ප්‍රතිඵලය වූයේ අපේ තරුණ පරපුර පන්සලෙන් සහ ආගමික පරිසරයෙන් ඈත් වීමයි. එය අවසානයේ අපව තමන්ගේම රටේ දීන ජාතියක් බවට පත් කරන භයානක මාවතකි.  එබැවින්, වගකීම්සහගත සිංහල බෞද්ධයන් ලෙස තවදුරටත් රැවටෙන්නේ නැතිව, දෑස් ඇර මෙහි ඇති ඇත්ත යථාර්ථය තේරුම් ගැනීමට කාලය එළඹ ඇත. සත්‍යයට මුහුණ දී අපගේ අනාගත පරපුරත්, අභිමානවත් උරුමයත් රැකගැනීමට සැවොම එක්වෙමු.  තෙරුවන් සරණයි!"
"Deeptha Kumara","https://www.facebook.com/deeptha.kumara.77","මමනම් ඔබවහන්සේ වෙනුවෙන් හැම වෙලේම කතා කරත් ඔය කියන උන්නාන්සෙ මුදල් එකතු කරන පෝස්ට් එකට අඩුම ගානේ ලයික් එකක්වත් දැම්මෙ නෑ. හේතුව මොකක් හෝ අවුලක් උන්නාන්සෙගෙ තිබුණු බව දැක්කා. එතන මොනවත්ම කීවෙත් නෑ ඔබ වහන්සේ නිසා. කොහොම උනත් මේ දැනුවත් කිරීම ගැන සතුටුයි"
"Nimal Jayasiri","https://www.facebook.com/jayasirika","ගිනුමෙ සල්ලි කතාව බොරැ වක් කියනව මිසක් කුනුමරැපෙන් බැනල මරන තරජනකල බව බොරැ නෙවෙයිනේ"
"Hashan Danuddhara","https://www.facebook.com/hashan.danuddhara.5","මන් දැන ගත්තා සුදස්සන හාමුදුරුවන් ව අහුකරගෙන දේශපාලන ප්‍රොපගැනඩාවකට use කරන්නෙ යන්නෙ කියලා..සුදස්සන හාමුදුරුවෝ පරිස්සමින් කල්පනාවෙන් මිතුරු තෙමේලා ආශ්‍රය කරන්න..ඔබ වහන්සේ ගේ දැනුම ඒ ගවේෂණාත්මක විග්‍රයන් අපිට වටිනවා.🙏❤️"
"Jayarathna Herath Kumara","https://www.facebook.com/jayarathneheratth.kumara","කැකිරාවේ හාමුදුරුවෝ ගැන මගෙත් තිබුනා ලෙන්ගතුකමක් ඒක ඉවරයි .හේතුව ජනතාවට සත්‍ය පහදන්න ඉස්සරවෙලා ඒකට අපේ කියල ඒවා තේරුම් ගන්න ජනතාවක් ඉන්න ඕන මෙයා කියන බණ මුස්ලිම් හෝ දමිළ ජනතාව එන්නේ නෑ.ඒකට රටයි ජාතියයි ඉස්සරවෙලා ඉතුරුවෙලා තියෙන්න ඕන කැකිරාවේ කියන විදාහට ඥනසාර හමි ජාතිවාදියෙක්ද  මෙහෙම උන් සාසනයෙන්.නෙවෙයි රටිනුත් පිටුවහල් කරන්න ඕන."
"Chamath Devinda Manathunga","https://www.facebook.com/chamath.devinda.manathunga","සන්නස්ගල සුදත්ත වගෙ අය එක්ක තිත්තගල්ලෙ එක්ක කරපු ප්‍රෝග්‍රෑම් ටික ඩිලිට් කරන්න කියන්න ඒකෙන් වෙන්නෙ තවත් අනවශ්‍ය මතයක් හැදෙන එක"
"Tharanga Nadeeka","https://www.facebook.com/tharanga.hmns","බල්ලොත් එක්ක නිදි වැදුනම මැක්කොත් එක්ක නැගිටින්න වෙන බව අපේ පැරැන්නන් විස්වාස කරා...අද ඔබ වහන්සේ ඒක අත් දකිනවා...අත්දැකීම් කියන්නෙම අවබෝධය..."
"Sumal Sameera","https://www.facebook.com/wedamull","නියම බඩ්ඩ මේ තිත්තගල්ලආ.සුදස්සන හිමිටත් හොදපාඩම මෙච්චර දැනුම තිබිලත් මේ තිත්ත ගල්ලෙට අහුවුනනේ.ඔකට කැපි පේන්න විදියක් නැතුවතිබුනෙ.ඔබවහන්සේ ලස්සන්ට පිටිය හදලා දුන්නා මේ ගෝත තිත්තගල්ලෙට"
"Nadis Nadis","https://www.facebook.com/nadis.nadis.670840","අපි කිව්වා මුලදිම ඔය හිමි හරියට නායාන්වගේ. නාමල්ගේ වැඩෙන් පිචං වෙලා ඉන්න වෙලාවෙ ඔබවහන්සේ මතින් අනුකම්පාව ගන්න අවා. ඔකගේ ඉඩමේ ඉන්න යන්න එපා"
"Gayan Kalansooriyage","https://www.facebook.com/people/Gayan-Kalansooriyage/61591457687949","රාජපක්ක නිකායේ නිසා ඌ ගැන නං විනය පරීක්ෂණයක් තියෙන එකක් නෑ"
"Chandrasena Senanayaka","https://www.facebook.com/chandrasena.senanayaka.2025","තොපවන් සතුන් විසින් පින්වත් මොරටුවේ ගුණරතන ලොකු හාමුදුවන්ටත් , මාගේ ජීවිතයටත් , මාගේ මෑනියන්ගේ ජීවිතයටත් , මාගේ සහෝදරයාටත් , සහෝදරියටත් සිදුකල අපරධයන්වල තරමට , එවන් අපරාධයන්ට අවභාවිත තොපවන්නවුන්ට මෙහෙම සාපව නතර වුවහොත් පුදුමය 🪷 පාදඩදේශපාලනීකරනය වූ උවමනාවන් සපුරන්න සැබෑ භික්ශූන්ව මර්ධනය කිරීමට අවභාවිතව , සාසනයෙන් සත්‍යමතම ජීවමන උතුමන්වහන්සේලාව නෙරපන්න මර්ධනය කිරීමට , සහ ලෞකික ජීවිතයන් තුලවත් පවතින්න ඉඩ නුදුන් කාලකන්නිකම්වල සාපේ , නාන සාරට වැදුනේ , එවන් තමන්ගේ එකා නසාගෙන යන කාලකන්නි සංහතිය එක පොදියට එකතුවෙලා , ජාතික හැගීම දූශිත දේශපාලුවන්ගේ දෙපතුල් ලග අවභාවිත කරමින් , බුද්ධ චීවරය උඩ පහරගෙන ඉන්න කාලකන්නියෙක් නිසා , නීතිය පවා අවනීතිය කරන්න ජනාධිපතිතුමාව පවා නොමග යවන්න , මේ තරම් පාපයට එකතුවන පුහු වියරු ත්‍රාඩ පාධඩ ශ්‍රමනයින් , කෝ ගංගොඩවිල සෝම හිමිට සිදු වූ අපරාධයන් පිළිඹදව විමර්ශනයන් සිදුකරන්න පැවති රජයන් තුලින් දිරිමත් කලාද , දූශිත දේශපාලකයන් හරහා දූශිත නිලදාරීන් විසින් සමාජය බේදබින්න කරන්න , සමාජගතකරන බොරු මතවලට රැවටී නාස් ලනු දාගත් මෙවන් අපරාධකාරයන්ගේ කලුසල්ලි සුදුකරන ආගමික සංස්ථාවන් පවත්වගෙන ගිය , කලු චරිත ඇත්තටම සිංහල බෞද්ධයන් වෙනුවෙන් පෙනී සිටියානම් , මෙම ලින්ක් එකහි දේශිත ධර්ම අනුසාසනාවට අනුව මෙහෙම විපතක් සිංහල බෞද්ධ තාරුන්‍යට සිදුවන්නේ නැත ➡️ https://www.facebook.com/share/v/1WiqiicnCQ/  ⬅️ ජනාධිපතිතුමනි මාහට පිලිතුරක් අවශ්‍යයි 🪷ජාතිවාදය අවුලන මැරයන්ගෙන්ද අපි බුදුන් දකින්න ඕනේ 🪷"
"Sameera Gayashan","https://www.facebook.com/sameeragayashan.jayaweera","අවස්ථානුකූලව ඔබවහන්සේට ලංවෙලා, ඔබවහන්සේව විකුණලා, දායකයෝ ඔබවහන්සේට දුන්නු සල්ලි ටික තිත්තගල්ලේ උන්නාන්සේගේ පොතට දාගත්ත සීන් එකක් අන්තිමේට උනේ.   ආයේ ඉතින් ඒ සල්ලි ආයෙ ලැබෙන්නේ නෑනෙ. දැන් ඉතින් කොහොමහරි ඔබවහන්සේට වැඩ ඉන්න පන්සලක් හදාගමු."
"Chathura Mihiruk","https://www.facebook.com/chathura.mihiruk","බොලා මහන වෙයල්ලා බන් නැත්්‍න් විශාල කරදරයක් මේක ,"
"Ashi Wanaguru","","මෙයා ඔබවහන්සේට එක්කසු වෙද්දී මම හිතුවා ඕක. ඔබවහන්සෙ එයා කෑගැහුවාට කලබල  වෙන්න ඕන නෑ. ධර්මයේ පිහිට ඔබවහන්සේ කියන ඇත්තවල පිහිට තියෙනවා. තෙරුවණ් සරණයි ඔබවහන්සේට."
"Chathura Wijesinghe","https://www.facebook.com/chathuras.w","තිත්තගල්ලෙ කියන්නෙ බැදලා තියන්න ඕනෙ හොරිකඩ දඩ බල්ලෙක්"
"Thissa Malli","https://www.facebook.com/people/Thissa-Malli/pfbid04cmbbd3VowKMLJwE78srErWNLQ7cT9L7ijEtefHx5mes6DQLvA59LoAzFCXcyfoml","ඇත්ත හිමිනමක් සුධර්ශන හාමුදුරුවෝ"
"තිළිණ ජයවර්ධන","https://www.facebook.com/thilina.jayawardana.507","තත්වය ඒ ගානටම ආවා එහෙනම්🤣🤣🤣"
"Sampath Rane","https://www.facebook.com/sampath.rane","ඔයාට ඕන ස්ථාවරයක් දරන්න අයිතිය තියෙනවා. හැබැයි සිවුරෙ ඉඳගෙන, ඉහඳ පණුවා වගේ ශාසනේ කන්නේ නැතිව සිවුර තියෙලා යන්න. ලැජ්ජ නැත්ද ඕයි..."
"Harshanath Karunanayaka","https://www.facebook.com/jeewan.harshanath.9","සාක්ශි ටිකත දැම්මනන් වටිනව."
"Harsha Thivanka","","මම ඕක කලින් කමෙන්ට් එකක් දාලම කිව්වා අපේ හාමුදුරුවනේ 🤭"
"Harsha G Senaka","","එකතු කරපු සල්ලි ටිකත් ඔච්චර තමා.ඕකෑන් ගන්න වෙන්නෑ 🤣"
"Chamith Madusanka","https://www.facebook.com/chamith.madusanka.3","මටත් එතන ප්‍රශ්නයක් තියෙනවා අනික ඔයා පිළිගන්නේ පරිණාමය"
"VinividaBy Kavi Sith","https://www.facebook.com/kavi.sith","ඔබ වහන්සේ එක්ක විචාර බුද්ධිය තියෙන මිනිස්සු ගොඩක් ඉන්නවා...ඔබ වහසේ සෘජු පටිපන්නව ඉන්න එක අපට ලොකු පූර්වාදර්ශයක් ...අපි ඉන්නවා ඔබ වහන්සේට 🙏🙏"
"Janaka Prabath","https://www.facebook.com/janaka.prabath.75","තිත්ත ගල්ලේ කරන වැඩ හින්දා මට ඔබවහන්සේ ගැනත් තාවකාලික වෛරයක් ඇතිවුණා... ඔබ වහන්සේත් මේවට ආශිර්වාද කරනවද මන්දා කියලා... ඇත්තටම හරිම ඥානාන්විතයි  ගත්තු තීරණය... දැන් ඔබ වහන්සේ ස්වාධීන පුද්ගලයෙක් නේ නිදහසේ ධර්ම වැඩ කටයුතු කරගෙන යන්න.  අපි ඔබවහන්සේ සමඟ ඉන්නවා"
"Fish Fish","https://www.facebook.com/people/Fish-Fish/pfbid0FUhBccMYeJfengyjWacjmunbYHA4cNpcQ3hWxPjXFXvgDptebyvxmCxnWLUxZm2xl","Been a Buddhist Monk yourself, you should have known better to listen to what the Buddha had to say about how we should never trust others and instead go through life all by ourselves. Never expect favors from others while learning to be yourself. I knew from the very beginning that Mr. Tithagalle was a conman and a thug."
"Akitha Nuu","https://www.facebook.com/arachchige123","ඒ සුණකය කියන්නේ වක්‍රව නාමල් වෙනුවෙන් හිටගන්න කියලා ඔබ වහන්සේ දන්නවනේ ඔබ වහන්සේ වෙනුවෙන් උ අවේ උගේ වැඩ ටිකත් කරගන්නා කියලා නිව්ස් සෙන්ට එකේ program එකට ඌට පට්ට අවුල ගොතය ශුක්‍රානු සුණකයෙක් සන්නස්ගල ලඟට ගිහිං හැව...."
"Indranath Deepapriya Nimalshantha","https://www.facebook.com/indranath.nimalshantha","Narrow escape! ඔක ලංවෙනකොටම හිතුවා. ගැලවුනුඒක ලොකු දෙයක්.  තිත්තගල්ලය කපටිය උනාට මෝඩය , ඉක්මන්වෙලා නිරැවත පෙන්නුවා😂😂"
"Dushan Perera","","අපි නම් ඕක දැනගෙන හිටියා"
"Seniya Tennakoon","https://www.facebook.com/seniya.tennakoon","Kekirawe Sudassana Himi  ඔබවහන්සේට ඔය ටික වෙන බව මම කොමෙන්ට් එකක් දාලා කිව්ව, අනිත් දෙන්න සුදත්ත සහ ගැමුණු ජයන්ත, උන්ටත් කලු සල්ලි වල රහ හොඳට හුරුයි, ලයික් වීව්ස් ගන්න ඕන ජරාවක් හිට්කරනවා"
"Sujeewa Premadasa","https://www.facebook.com/sujeewa.premadasa.2025","හාමුදුරුවනෙ ඔය මනුස්සයා සදහටම ඇදෙ ඉන්න මට වස්කවියක් එවනවා කිව්වා මුන් මිනිස්සු වෙන්න බැ බල ලොබි තන්නහව පොදිබැදගත් සත්තු බලන්නකො සිවුර ඇදන් හම්බ කරලා තියෙන තිබිල්ල"
"Gamika Surangeeth","https://www.facebook.com/gamika.hapugaswattha","යන්තන් ඇති තේරිලා...😂"
"Sakuna Abeysinghe","https://www.facebook.com/sakuna.abeysinghe","♥️"
"Pradeep Hirusha","https://www.facebook.com/profile.php?id=100003849890703","මම සන්නත් එක්ක තිබ්බ යූටියුබ් වීඩියෝ එකේ කමෙන්ට් කලා, මොන මගුලක් උනත් කමක් නෑ, හැබැයි ඔය තිත්තයා එක්ක නම් සෙට් වෙන්න එපා කියලා. මහ ගල් ආඳා."
"Pradeep Hirusha","https://www.facebook.com/profile.php?id=100003849890703","[Image Attachment]"
"Sampath Kumara","https://www.facebook.com/people/Sampath-Kumara/pfbid037vRzv6Sk5FEyMAexVko8psCWi8FMRj5QweLXByeArdDuvz64s9eyHXsKRL2rTe6nl","👍💪❤️"
"Sanath Abeysekera","https://www.facebook.com/sanath.abeysekera.3","👍"
"Thismalpola Thero","https://www.facebook.com/thismalpola.thero","ගැම්මක් තමා.... 🥰"
"Pubudu Prasanna","https://www.facebook.com/pubudu.prasanna.37","මම නම් ඔය හාමුදුරුවෝ ගැන පැහැදීමක් තිනුනෙ නෑ.."
"Ishan Indrajith Gamage","https://www.facebook.com/profile.php?id=100009306339617","8"
"Mahesha Ekanayake","https://www.facebook.com/mahesha.ekanayake.593854","https://www.facebook.com/reel/861896797012791/?mibextid=Nif5oz"
"Rodney Fernando","https://www.facebook.com/rodney.fernando.12","👍"
"Shan Prageeth","","❤️"
"Ashoka Matharage","https://www.facebook.com/matharage","https://www.facebook.com/share/v/19iDjhYnb5/"
"Bodhi Lakkhana","https://www.facebook.com/people/Bodhi-Lakkhana/pfbid02RkynFxJr7TP5XXEm6KDcSqSaTWYa4SHFo8jXgNc5gz1kyudkbQsXNczmmN2xANrrl","අපි තිත්තේ ගැන බලා ගන්නම් 🤬"
"Chris Brandon","https://www.facebook.com/chris.brandon.351104","❤️"
"Lakpriya Prabath","https://www.facebook.com/lakpriya.prabath","🙏"
"Chamara Madusanka","https://www.facebook.com/miyuru.hansaka.3","🙏🙏🙏"
"Ru Di","https://www.facebook.com/people/Ru-Di/pfbid0GtvoRz2js9wUeXzJhSjYnefPC6SiaegiBCkRnppSV3PJSxr7z5BB24csxnEfE3FTl","What a beautiful mind u have thero kakirawe.we love u so much."
"Shane Dissanayake","https://www.facebook.com/shane.evonz.1","Thithagalle Anandasiri මොනාද හලෝ මේ භාශනයේ නිදහස ගැන පම්පෝරී ගහලා කියවන විකාර ? මම බලාපොරොත්තු වෙනවා ඔය එකව්න්ට් එක ෆේක් එකක් වෙන්න ඇති කියලා. හැබැයි ඇත්තනම් ලොකු කලකිරීමක් තියෙන්නේ."
"Gamage Gamaralage Wagure","https://www.facebook.com/profile.php?id=100000563357654","රාජපක්ෂ ලා තෝරා බේරා ගත් නිල් බලකායේ පිරිසක් මහන කලාද කියලා හිතෙනවා ඔක්කොම හමුදාවෙන් අයින් උන අය ."
"Aurora Hanz","https://www.facebook.com/people/Aurora-Hanz/pfbid0YWVu5jw3kFRpcpANWL1aMKGFabJprV6oKw1ZbSWDeetCswiHua8akjYMoziWJWRxl","ඥානසාර හරහා රට ජාතිය මේ ආණ්ඩුවෙන් බේරාගන්න කියල Audience එකක් හදාගෙන,  ඒක කෙලින්ම නෑමොළේගේ දෝතට දණ නමා පුජාකරන්න හදන තිත්තයට වාරයක් නොදිය යුතුයි. 🙏"
"Lakshman Thilakarathna","https://www.facebook.com/lakshman.thilakarathna.79","Thithagalle Anandasiri අඩේ උබ මොන සතෙක්ද බොල.....මැද මූලන ගූ කාපු එකේ බලේ....ඇත්තටම උබ කැකිරාවේ හාමුදුරුවරුවන් වහන්සේගෙ ප්‍රශ්නෙට මැදිහත් උනේම වෙන ගේම් එකකට කියල මට මුලදි තේරුනා...හරියට හරි"
"Sithija Liyanage","https://www.facebook.com/sithija.liyanagelcs","තිත්තගල්ලේ කියන්නේ ඤානසාරටත් වඩා අමු තක්කඩියෙක්..😀😀"
"Sarath Pathirathna","https://www.facebook.com/profile.php?id=100002836407826","ඔය කතාව සන්නස්ගල කිව්වා"
"Nemindra Sesathpura","","Sarath Pathirathna මොනකතාවද පැහැදිලි කරන්න"
"Wasantha Kumara","","Nemindra Sesathpura තිත්තෙයි කැකිරාවේයි දෙන්න යනවා සන්නසස්ගලගෙන් ප්‍ර්‍රස්න වගෙයක් අහන්න සහ උපදෙස් ගන්න  ඒ වෙලවේ සන්නා කියනවා කැකිරාවේට තිත්තේව ඕනෑවට වැඩිය විස්වාස කරන්න එපා කියලා  .."
"Sarath Pathirathna","https://www.facebook.com/profile.php?id=100002836407826","සන්නස්ගල නොකියා කිව්වා කැකිරාවට, ඔයාට ඉන්න හිටින්න දීලා හෙංචයියෙක් කර ගනියි කියලා"
"Tharanga N Dewage","https://www.facebook.com/people/Tharanga-N-Dewage/pfbid0vi3a1XZAfjcXYxsMbfL6n7kpM8zRmFhWKcczqeUdzHXvVPmYhF8mF1DEsdTbmRgl","මේකයි ඇත්ත මංගල සමරවීර කිවුව වගේ විවිධ දේශපාලකයන් වෙනුවෙන් වෙන වෙනම හිටගත්ත සංඝ කල්ලි සහ සංඝෞ්ඛණ්නල මේ රටෑතුලෙ ඉන්නව.🥱"
"Sandaru Amarasinghe","https://www.facebook.com/Sandaru.amarasinghe99","අන්‍යාගමිකයෝ පුකෙන් හිනා වෙන පෝස්ට්"
"Dammika Ekanayake","https://www.facebook.com/people/Dammika-Ekanayake/61558920941839","❤️"
"Rumesh Gayan","https://www.facebook.com/rumesh.gayan.3","Sannasgala sir nokiya kiwa wage mathakai eda saakachchawedi"
"Prasad Sakvithi Kalansooriye","https://www.facebook.com/psakvithi.kalansooriye","ඒක හරියටම දැනගන්න කැකිරාවේ සුදස්සන හාමුදුරුවෝයි Thithagalle Anandasiri හාමුදුරුවෝ දෙන්නා මූනට මූන විවුර්ත සංවාදයකට එන්න ඕනා අදාල සාක්කි එක්කම.එතකොට බලාගන්න පුලුවන් හැබැයි යම් විදියකින් Kekirawe Sudassana Himi මේක මග අරිනවනම් ඉතින් අපිට හිතාගන්න පුලුවන් කවුද බලු වැඩේ කලේ කියලා.මොකද කලින් එකට එක ස්ටේජ් එකේ වාඩි උනානම් දැන් බැරිකමක් නෑනේ නේද?"
"Muditha S Sudasingha","https://www.facebook.com/muditha.s.sudasingha","අපිට නම් පටන්ගන්නකොටම තේරැණා  ...  තිත්ත ගල්ලෙ කියන්නෙ සමන්ත බද්‍ර කියන තක්කඩියගෙ ගෝලයනෙ.... ආයෙ අහන්න දෙයක් නෑ ..."
"Kasun Anuranga","https://www.facebook.com/people/Kasun-Anuranga/61574399133141","[Image Attachment]"
"Krishan Kaushalya","","අපි ඕක වේලාසනම දන්නවා ඔබවහාන්සේට නොතේරුනාට පැන පැන අවදානය ගන්න හදන ඔය වගේ ගෝතයන්ගෙන් පරිස්සම් වෙන්න තිත්තගල්ලයා කියන්නෙ සක්කිලියෙක් වෙනම⁣ ගේම් එකක් ගහාන්නෙ පසුවට තේරුම් යයි ඥාන සාරට උනත් තනිකරම අපිට කියන්න තියෙන්නෙ හොදම ගේම් කාරයෙක් දැන්වත් තේරුම් අරන් අයින්වුන එක හොදයි."
"Danushka Pathum","https://www.facebook.com/people/Danushka-Pathum/61587894270586","https://www.facebook.com/share/v/1BvCp8wtcx/"
"Sahan Jayasooriya","https://www.facebook.com/people/Sahan-Jayasooriya/pfbid0P34cC7ru7pzeWRVi2AApGHa3bDZLqEHLJVeTWW72LCDFn8DAuGqiaYWuErKr4n3Gl","🤍"
"Lakshi Amarasinghe","https://www.facebook.com/lakshia","මම නම් කිව්වා පලමු දවසේම තිත්තගල්ලේ කියන්නේ සතෙක් කියලා! රාජපක්ෂ නිකායේ තමයි එයා සරණ යන්නේ! කොහොමත් මේ විදිහට සංඝයා අතර ගැටීම් ගිහියන් අතරට ගේන එකට මගේ බලවත් අප්‍රසාදය!"
"Chaminda Samarasinghe","https://www.facebook.com/chaminda.samarasinghe2","තිත්තගල්ලේ අවස්ථාවාදී තක්කඩියෙක්"
"Nishantha De Silva","https://www.facebook.com/itnishantha","තිත්තගල්ලේ ගිහියෙක් නම් ඒ අශාන් යූටියුබ් කාරය 😁. බල්ලොත් එක්ක ලෑග්ගොත් නැගිටින්න වෙන්නේ කොහොමද කියල දන්නවනේ. 😂"
"Thilak P Wannigama","https://www.facebook.com/people/Thilak-P-Wannigama/100008338813915","තිත්තයා ආත්මාර්කාමී සර්පයෙක් ,ඈතින් සිටින්න.මිතුරු වෙසින් පැමිණ විනාශයක් කරයි ඔබවහන්සේට."
"Sam Dharmapala","https://www.facebook.com/sam.dharmapala.5","ඉරෙට්ටයාගේ පුතා තිත්තයා එක්ක කරක් ගහනකොට අපි නම් දන්නවා වෙන්න යන ව්පැත්තිය මොකක්ද කියලා. 😀"
"Gamini Bandara","https://www.facebook.com/gamini.bandara.902","ඔබ වහාන්සෙ යු ටුයුබ් සංවාද අරන් දුන්නා කියන තැනම කියනවා නෙද ඔබ වහාන්සෙ මෙ පාව් කාර බොන් එහෙන් ආණ්ඩුවෙ න්‍යායප්ත්‍රයකට වැඩ කරන කෙනෙක් බව."
"Vichith Weerasinghe","https://www.facebook.com/vichithumayanga.liyanage","කොහෙද පකෝ ගල්බොඩඅත්තේ හාමුදුරුවෝ ගාව අගම්වාදයක් ජාතිවාදයක් තියෙනවා කිව්වේ.උන් වහන්සේ පෙන්වා දුන්නේ යතාර්තය උබලට එක්කො එක තෙරුම් ගන්න බෑ.නැත්නම් දානෙ වේල දෙන තමන්ගේ මිනිස්සු වෙනුවෙන් පෙනී ඉන්න කොන්ද පන නෑ ජෙවිපී නිකායෙ නිසා"
"Ru Wiky","","ආර්ථිකය වැටිල හොම්බෙන් යනකොටවත් එකතු නොවුණ නීල කාස හොරු ටිකයි කහකඩය ටිකයි නානසාර ගෙ සීන් එකට එකතු වෙනකොට බෞද්ධ අපට අබසරණයි"
"Sonali Ryan","https://www.facebook.com/sonali.ryan.2025","උන්නාන්සෙ තිත්තගල්ලේ හින්දා පුරුද්දට ඔබවහන්සේට තිත්ත කූණුහරුපෙන් බනින්නෙ. ඇදවැටීමකදි අතදෙන හැමෝම අවංක නෑ හාමුදුරුවනේ. ගොඩක් අය කෙනෙක් අමාරුවෙ වැටුනම උදව් උපකාර කරන්න එන්නෙ යටි අරමුණු ඇතිව. පහුගිය කාලයේ මා මුහුණ දුන් ගැටළුවෙදි මා උදව් ගත්තෙ හා ගන්නෙ ඉතාම විශ්වාසවන්ත සුළුතරයකගෙන් පමණයි. මං එහෙම නොකලනම් අද මෙහෙම නිස්කලංකෙ ඉන්න ලැබෙන්නෙ නෑ. යමෙක්ගෙන් උදව් ගනිද්දි බොහෝම කල්පනාකාරී වෙන්න අපෙ හාමුදුරුවනේ., ඔබවහන්සේ රටක් වටිනා භික්ෂුවක්."
"Nirodhaananda Bhikkhu","https://www.facebook.com/people/Nirodhaananda-Bhikkhu/61593619903847","Sonali Ryan අපේ උන්ගේ මිත්‍රත්වයේ කොලිටිය පවා,අනෙක් ක්ෂේත්‍ර වගේ පිරිහිලා.රාජපක්ෂලා නිසා රටේ අධ්‍යාත්මය පිරිහුනා.ඔය අලුත්ම සාක්ෂිය තිත්තගල්ලේ.ඔබ වහන්සේගේ මෙලොව පිලිබඳ අදහස් පිලිගන්නවා.පරලොව අවුල්.🤔☸️😇"
"Sal Rakour","https://www.facebook.com/people/Sal-Rakour/pfbid036QdHhuzqpkEfkCDuHTz3aC8nFbo6ueBfjPaDHTXHbPHh7xKeZgEiCvCSLwAxpDqUl","https://www.facebook.com/reel/2294775147991608"
"රංජිත් ගාමිණී","https://www.facebook.com/people/%E0%B6%BB%E0%B6%82%E0%B6%A2%E0%B7%92%E0%B6%AD%E0%B7%8A-%E0%B6%9C%E0%B7%8F%E0%B6%B8%E0%B7%92%E0%B6%AB%E0%B7%93/100066390831687","තිත්ගල්ලේ කියන්නෙ තක්කඩියෙක් ඒත් බැලුව මොකෝ මේ තිත්තගල්ලෙ එක්ක කරන්නෙ කියල දැනුයි දැනගත්තෙ සිද්ධිය 👍"
"Velegedara Nevil Jayarathne","https://www.facebook.com/profile.php?id=100030273372420","උඹනම් සක්කිලියෙක් යකෝ..ඇත්තටම අපි හිතුවෙ බෞද්ධයො වෙනුවෙන් පෙනී ඉන්න හාමුදුරුවෝ නමක් බව..දැනුයි තේරෙන්නෙ ඔහේ පරගැතියන්ගෙ වහලෙක් බව"
"Jayarathna Herath Kumara","https://www.facebook.com/jayarathneheratth.kumara","Velegedara Nevil Jayarathne මගෙත් තිබුනා ලෙන්ගතුකමක් ඒක ඉවරයි .හේතුව ජනතාවට සත්‍ය පහදන්න ඉස්සරවෙලා ඒකට අපේ කියල ඒවා තේරුම් ගන්න ජනතාවක් ඉන්න ඕන මෙයා කියන බණ මුස්ලිම් හෝ දමිළ ජනතාව එන්නේ නෑ.ඒකට රටයි ජාතියයි ඉස්සරවෙලා ඉතුරුවෙලා තියෙන්න ඕන කැකිරාවේ කියන විදාහට ඥනසාර හමි ජාතිවාදියෙක්ද  මෙහෙම උන් සාසනයෙන්.නෙවෙයි රටිනුත් පිටුවහල් කරන්න ඕන."
"Prabudhdha Mihiran","https://www.facebook.com/prabudhdha.awasariya.7","පොහොට්ටුවෙ නායකයො පස්සෙ වැදගෙන යනවද තිත්තගල්ලයා.... ආ... ඔය පැන්නෙ මල්ලෙන් එලියට. ඕකට ගාණක් හම්බ වෙනවනං අම්ම උනත් විකුණනව .. ඕක දැංවත් දැනගත්තු එක හොදයි."
"Nuwan Kulasekara","https://www.facebook.com/nuwan.kulasekara.2025","තිත්තයා තනි බයියෙක් වගේම සර්යෙක් අපි නම් ඕක දන්නවා හාමුදුරුවනේ"
"Asanka Vithana","https://www.facebook.com/asanka.wic","අහෝ, දෙව්දත් නොදුටු මොක්‌පුර.... කියලා තමයි අනාදසිරි හමුරුවනට කියන්න තියෙන්නේ. උපුල් sir ගේ youtube එකෙන්ම තේරුණා එයාගේ game එක."
"Rohith Liyanage","https://www.facebook.com/rohith.liyanage.374917","අද කාලේ තමන්ට උදව් කරන්න එන විදිහට ලං වෙන්න හදන අයගෙන් පරිස්සම් වෙන්න. කෙනෙක්ට ලං වෙලා තමන්ගේ වුවමනා ඉටු කරගන්න ලේසිම වෙලාව තමයි ඒ කෙනා අසරණ වෙන වෙලාව. මන් හිතන්නේ සන්නස්ගලගේ වැඩසටහනේ තිත්තගල්ලේ ඉස්සරහම සන්නස්ගල ඒක නොකියා කිව්වා වැඩසටහන බලපු අපිට තේරුණා වැඩසටහනේ හිටපු ඔබට තේරුණාද දන්නේ නෑ"
"Anuradha Herath","https://www.facebook.com/anuradha.herath.5680","මන් හොදටම දැන ගෙන හිටියේ තිත්ත ගල්ල  ඔබ වහන්සේ ලගට කිට්ටු වෙද්දී අනිවාර්යයෙන් ඔහොම දේකට තමයි එන්නෙ කියලා ..."
"Anuradha Herath","https://www.facebook.com/anuradha.herath.5680","මන් උන්වහන්සේ සමග කතා කලා .."
"Munasingha Premarathna","https://www.facebook.com/profile.php?id=100076422972134","අපි නිර්දෝෂීනම් චේතනාව පිරිසිදුනම් මොන යකාටවත් බය වෙන්න එපා විශ්වය අපිට ඉන්නවා අපිත් මේ විශ්වයේම කොටස් කරුවෝ කියලා ඔබ වහන්සේ දන්නවා ඇතයි මම හිතනවා බුදුන් සරන ගිය උන් කොහේද දේවාල ගානේ දෙයියන් හොයන්න යන්නේ අපි පැහැදිලිව දන්නවා දෙයියොත් අපිට වැදගෙන ඉන්නේ කියලා එච්චරයි ජයවේවා සතුටින් ඉන්න අපි ඉන්නවා අසරණ වෙන්න දෙන්නේ නෑ"
"Susantha Dammike Attanayake","https://www.facebook.com/susantha.attanayake","ඔහු ඔබ වහන්සේ වෙනුවෙන් ඉදිරිපත් වෙනකොටම මට නම් අවබෝද වුනා ඔබ වහන්සේව කොටු කරන්න යන්නේ බව."
"Sanjaya Keerthi Dharmasiri","https://www.facebook.com/sanjayakeerthi.dharmasiri","වනගත වීම සැපයි ඔය වගේ ගොබිලෝ එක්ක නොයා"
"Hansaja Munasinghe","https://www.facebook.com/profile.php?id=100072274899570","මේ කෑල්ල හරි ලස්සනයි, පිරිසිදුයි. මම හරි කැමතී මේ වගේ මිනිස්සුන්ට: ""ගහෙන් වැටුණත් ගොනා ඇන්නත් තිත්තගල්ලෙ හාමුදුරුවනෙ මම මගේ ස්ථාවරයන් හා අදහස් රිවස් කරන්නෙ නෑ.මම ජාතිවාදයට විරුද්ධයි,මම ආගම්වාදයට විරුද්ධයි.මම කැමති සමාජ,ආර්ථික අතින් දියුණු තත්වයකට ලංකාව යනව දකින්න""  බැදීම් වලින් තොර නිදහස් මනුස්සයෙක් <3"
"Asanka Rupasingaha","https://www.facebook.com/asanka.rupasingaha","තිත්තගල්ලේ හාමුදුරුවෝ  සමග ඔබවහන්සේ එකට පෙනී හිටි අවසාන සාකචඡාව වෙන්න ඇති මම බැලු⁣ව මැදින් පැන පැන එක එක ඒව කියනව. මටතේරුනේ ඔබ වහන්සේ කියන්න උත්සාහ කරන්නේ එකක් තිත්තගල්ලේ හාමුදුරුවො මතුපිට උඩින් පල්ලෙන් අතගාන චරිතයක් කියල."
"Deshan Gunarathna","https://www.facebook.com/people/Deshan-Gunarathna/pfbid02keaLZ7ouWnJXSGRnKSyV9BSwJJeqVr8BgG3gSFcYrqhtAYp94BGkYUKkEzeynUXJl","සතා අදුන ගත්ත නම් එච්චරයි හාමුදුරුවනේ( 2)"
"Suranga Prasad Manathunga","https://www.facebook.com/profile.php?id=100002453940972","ඔබ වහන්සේ සත්‍ය සහ තාර්කීය ලෙස බුද්ධ දර්ශණය ගැන විශාල අවබෝධයෙන් දේශනා කරනව.ඇත්තටම සියලුම විග්‍රහයන් ඉතාම තාර්කීයයි.කිසිවෙකුගේ ඇජෙන්ඩා වලට හසුනොවී සිටීම ඉතාම ප්‍රසංශනීයයි .තෙරුවන් සරණයි අපේ හාමුදුරුවනේ.තක්කඩින්ගේ මිත්‍යාදුෂ්ඨියට ගහන්න කුඩු වෙන්න.බුද්ධිමත් ජනතාව ඔබ සමගයි.තෙරුවන් සරණයි .🙏🙏🙏🙏"
"Dhammik Hew","https://www.facebook.com/dhammik.hew","තිත්තයා අභිධර්මය කෙල පැමිණිලා ටුයිෂන් ක්‍රමයට. නිවන් දකපු අයත් ඉන්නවලු  නැමොලෙත් නිවන් දක්කනවලු  ඒ අර රාජපක්ෂ සාක්සි කාරයො නිවන් යවන ක්‍රමයට බව කැකිරාවෙ සුද්ස්සන හාමුදුරැවනට මරණ තර්ජන කිරිමෙන් පේනවා   රනිල් fund කරල හෙළ ෑරැමය හැදුවෙම සාසනය විනාශ කරන්න. අද මුන්ගෙ නිකායවල විකාර වලට ජනතාව පයිසෙකට බලන්න නැ  ඕන්න පරිහානිය  කරපු එකා රනිල් බව රටම දන්නෙත් නැ"
"Nadun Wimalarathne","https://www.facebook.com/nadun.wimalarathne.7","සුදස්සන හාමුදුරුවෝ ඔය තිත්ත ඇබිත්තයා එක්ක ඉදලා ගව්‍රරවය නැතිකරගන්නෙපා..ඕකා හොරෙක්"
"Prasanna Randika","","ඔබ වහන්සේගේ සිද්ධියෙදි උනත් තිත්තගල්ලයට පෙනී ඉන්න දුන්නෙ ඇයි කියල මට ප්‍රශ්ණයක් තිබ්බා..අන්තිමට මං හිතපු දේම උනා.."
"Indika Indika","https://www.facebook.com/amila.lakmal.969483","නිධන් හොරා තිත්තගල්ලේ සල්ලි වලට ගූත් කන බල්ලෙක්"
"Nuwan Pramudhitha Kankanamge","https://www.facebook.com/people/Nuwan-Pramudhitha-Kankanamge/100076676166397","ජෙප්පෙක් නම් මේ ගානටවත් ඉන්න ඕන අනාගත මහානායක වෙන්න නම් 😂"
"Ranjith G Perera","https://www.facebook.com/ranjithg.perera","සුදස්සන හිමියන්ට ශක්තිය ධිරිය ආරාක්ෂාව ලැබේවායි ප්‍රාර්ථනා කරමි.🙏 ."
"Sandun Harshana","https://www.facebook.com/sandun.harshana.16","අර ශිරන්තිගෙ සිරිලිය ගිනුම වගේ..තාම ඒ සල්ලි අල්ලල නෑලු...මිට තිත්ත ගල්ලෙ 😁😁"
"Sanjeewa Weerasekara","https://www.facebook.com/san.wee.121","Respect🙏"
"Bat Perera","https://www.facebook.com/lentulus.batiatus.99","හාමුදුරුවනේ හර්ධ සාක්ෂියට එකගව වැඩ කරන්න...මහ පොළොව ඉන්නවා සාක්ෂියට .."
"Neelaka de Silva","https://www.facebook.com/neelaka.lk","එක්කෙනෙක් මාලීමා පාක්ෂිකයන් වටකරගෙන තිත්ත ගල්ලෙ ස්වාමීන්ට ගහනවා අනෙකා පොහොට්ටු බය්යො එකතුකරගෙන කැකිරාවේට ගහනවා , ධර්මය ඉගෙනගෙනත් ඊට ඉහලින් පක්ෂදේශපාලය කර තියාගෙන දෙන්නම කීච වෙනවා ,මහා නායක හිමිවරුටත් අභියෝග කරන කොට මම හිතුවා පරිනත භීක්ෂුන් වෙන්න ඇති කියලා , මෙහෙම පොඩි අය වගෙ කුල කියාගෙන ගිහියෝවත් හැසිරෙන්නෙ නැහැ , ඔබ දෙනමට නොදැනීම සමාජය ඔයාලා පාවිච්චි කරලා ඉවරයි , වඩපු භාවනාවක්වත් ඇති මෙත් සිතක්වත් දෙදෙනා ලගම නැහැ , පහ වසරෙ ලමයි දෙන්නෙක් වගෙ ,"
"Sujeeva Gayanath","https://www.facebook.com/sujeeva.gayanath","තිත්තගල්ලේ  වහාම  මානසික  රෝග  සායනයකට යන්න."
"Sudesh Sanjaya","https://www.facebook.com/sudesh.sanjaya.7","මාත් හිතුවෙ තිත්තගල්ලේ හොඳ මනුස්සයෙක් කියලා.. හැබැයි නානසාර වෙනුවෙන් පෙනී හිටිය විදිහට තේරුණා තිත්තගල්ලේගෙ ස්වාමියා අණ කරලා කියලා."
"Chathuranga Vishwanath","https://www.facebook.com/chathuranga.vishwanath","Charith Nayanappriya මේ පෝස්ට් එල කියවපන්..."
"Dhananjaya Peranuwan","https://www.facebook.com/dhananjaya.peranuwan.9","ඔබවහන්සේ කලබල වෙන්න එපා ඔය http හීනමානෙන් පෙළෙන පිස්සෙක්, අවධාන හිගන්නෙක්. ඕකත් පිටදූවේ සිරිධම්ම විනාස වුනා වගේම විනාස වෙනවා."
"Prabath Shavinda Dissanayake","https://www.facebook.com/profile.php?id=100001705179533","අධිකරණය දීපු තීන්දුවක් මේ රජය මොනම හේතුවකටවත් වෙනස් කරන්නේ නැහැ. තිත්තගල්ලේට  ඕන නම් පුළුවන් අධිකරණයට අභියෝග කරලා ඇතුලට යන්න. උඹලගේ ඔය සිවුර තියෙන්නේ නීතියට යටින්. ගනයන්ගේ ගොන් පාට් කොහොමත් මේ ආණ්ඩුව හොඳට මට්ටු කරලා ගනියි ඉස්සරහට. ඔය පටන් ගත්ත විතරයි සිවුරු චණ්ඩි ටිකව මට්ටු කරන්න. තොපි සිවුරක් ඇන්දා කියලා අලි   පුකෙන් ඇවිත් නැහැනේ. රටේ නීතියට ගරු කරගෙන ඉන්න පුරුදු වෙයල්ලා තට්ට මාමලා ටික"
"Upul Fonseka","https://www.facebook.com/upul.fonseka","රහතෙක් මරනතර්ජන කරනවාද රාජපක්ෂලා වෙනුනවන්..... එහෙනම් ඒ රහත්බාවය සැකසහිතයි"
"Sameera Madushan","https://www.facebook.com/people/Sameera-Madushan/61579453182877","තිත්තගල්ලේ කියන්නේ තනිකර අවස්ථාවාදියෙක්.මිනිස්සුන්ට උදව් කරා ඒක ඇත්ත.ඒත් දැන් කරගෙන යන්නේ තනිකරම ප්‍රෝඩා කාරී වැඩක්.  මහින්දට යුද්ධෙන් පස්සෙ උනෙත් ඕකමයි.මිනිස්සු ටිකක් හොද කියනකොට , ගුණ වයන කොට දරාගන්න බෑ.පිස්සු කෙලින්න එනවා.මිනිස්සු එච්චර මෝඩ නෑ දැන්."
"Sameera Madushan","https://www.facebook.com/people/Sameera-Madushan/61579453182877","තිත්තගල්ලේ නෙමේ *ත්තෙගල්ලේ 🤣🤣🤣"
"Sameera Madushan","https://www.facebook.com/people/Sameera-Madushan/61579453182877","[Image Attachment]"
"Dhammik Hew","https://www.facebook.com/dhammik.hew","ඇයි තිත්තය, පරයො තොපිට වේදනාව නැත්ද ඤානසාරයා අනෙක් පිස්සු කෙලින කොට  තොපෙ මහා එවුන්ගෙ ඉදන් ගු  රනිල් හෙළ උරැමය හදන්න සල්ලි දිල තොපි නැතිම කලා  දැන් ජනතාව දන්නවා තොපි රැල දිලිත් වැනි කපටින් හෙ මෝඩ බය් ගැනු ඇරැණු කොට  රනිල් ජනතාව අචාර කරන්න ඕන තොපෙ ඇත්ත පෙන්නුවට"
"Pradeep Hirusha","https://www.facebook.com/profile.php?id=100003849890703","See my comment on the YouTube video"
"Anil Sumeda","https://www.facebook.com/anil.sumeda.2025","හාමුදුරුවනේ නිවැරදිව ඉදිරියට යන්න ශක්තිය ධර්රීය ඔබ‍ට ඇත, බුද්ධිමත් ජනතාව ඔබ‍ සමගින් 🙏❤️"
"Rasika Mayakaduwa","https://www.facebook.com/rasika.mayakaduwa.3","[Sticker]"
"Sham Syam","https://www.facebook.com/profile.php?id=100001456629067","තිත්ගල්ලෙ යනු බුදුන්ටත් මිලක් නියම කරන ශීලයක් නැති මර්වින් පන්නයේ එකෙක් ඔබ වහන්සේ  මුන් වගේ ගෝතයන්ට ප්‍රථමිකව රැවටීමට ලක් වීම ගැන ඇත්තේ කනගාටුවක්..."
"Danushka Sampath","https://www.facebook.com/people/Danushka-Sampath/pfbid02Dt5jXXSVxNBX61ZXMmbzYF8MXmFi3gUTYKEvytnhCxZ8mhMMkvNerBotZ4bxDKyml","නානසාර lite version එක තිත්තේ😅"
"Themiya Adikari","https://www.facebook.com/panduka.adikari.9","[Image Attachment]"
"Senavirathne Bandara","https://www.facebook.com/senavirathne.bandara","අසත්පුරුෂයන්ගෙන් ඈත් වෙන්න අපේ හාමුදුරුවනේ, තෙරුවන් සරණයි 🪷🙏"
"Amila Niroshan","https://www.facebook.com/profile.php?id=100009211083872","Ananda Wijepala , ආනන්ද විජේපාල  Sri Lanka Police"
"Amila Niroshan","https://www.facebook.com/profile.php?id=100009211083872","#SriLankaPolice"
"Gunasekara Keerthi","","තිත්තය කමෙන්ට් අයින් කරගෙන. මුන්නේ අභිධර්මය උගන්නන්නේ"
"Asanka C. Kuruppu","https://www.facebook.com/ac.kuruppu","දෙදෙනා වහන්සේම ධර්ම විකෘතිකයන්. ඒවා මෙලොවදීම විපාක දෙමින් පවතී.😓"
"Habarakada Dinartha Himi","https://www.facebook.com/dinartha.himi","හරිම විනෝදයි මේ රට නම්.....🤣🤣🤣"
"Habarakada Dinartha Himi","https://www.facebook.com/dinartha.himi","අපි නම් දැනගත්තා නාමල කරේ තියාගෙන යනකොටම දේශපාලන ඇරියස් එකක් කවර් කරන්නේ කියලා."
"Habarakada Dinartha Himi","https://www.facebook.com/dinartha.himi","දේශපාලුවන්ගේ,නලු නිලියන්ගේ,පූජකයින්ගේ සැබෑ නිරුවත දවස ගානේ එළි වෙනවා....කතිරයක් කරපු හරියක්...🤣🤣🤣"
"Habarakada Dinartha Himi","https://www.facebook.com/dinartha.himi","වම් අතින් කරපු උදව්ව දකුණු අත දැනගන්න හොද නෑ පරාර්ථකාමීව අපි කටයුතු කරන්න ඕන කියලා බණ කියපු ඈයෝ ක්‍රියාවෙන් ඒක නෑ......🤣🤣🤣🤣"
"Habarakada Dinartha Himi","https://www.facebook.com/dinartha.himi","දේශපාලන ඇජෙන්ඩා වෙනුවෙන් චීවරය පාවා දෙන දුස්සීල මහණුන්.....  දැන්වත් මහණ වෙන්න රටේ ලෝකෙට විහිලුවක් වෙන්නේ නාතුව්"
"Nuwan Pramudhitha Kankanamge","https://www.facebook.com/people/Nuwan-Pramudhitha-Kankanamge/100076676166397","තිත්තගල්ලේ නෙමෙයි මේ ෆකයට පිස්සු . මේකා හොඳයි අනුර කුමාරගේ අබුඩෙට පරංඟියා"
"රුවල් සිත්තම්","https://www.facebook.com/rasangabuddhika","ඔය තිත්තගල්ලෙය කියන යකා අපිනම් අවුරුදු දහයකට විතර කලින් ඉඳල දන්නව මහණකම පැත්තක තියෙද්දි event managment project කරන්නෙ කියල. තිත්තගල්ලෙ බල්ලො මහන වෙන්න බලපන්"
"Sanjeewa Weerasekara","https://www.facebook.com/san.wee.121","අවසානෙ වෙන්නෙ ජනපති ඇතුලු ආන්ඩුව ශක්තිමත් වෙන එක. 😆"
"Sachith Anjana","https://www.facebook.com/sachith.anjana.54","එහෙම තමා රහත් උනාම 🥴"
"Gaya Sasanka Somathilaka","https://www.facebook.com/gaya.thennakoon","ඔබ වහන්සේ කිව්වා කර්මයකියල එකක් නෑ කියල. බුද්ධදේශනාවෙ මූලිකව උගන්වන කර්මය හා කර්ම ඵල සම්බන්ධව සැක කලා විතරක් නෙමේ අනික් අයටත් සැක කරන්න කිව්වා. ඔහොම යද්දි තව කුනුහරුප අහන්න වෙයි. අර මරනය ගැන කිව්ව කතාව😂😂 ටිල්වින්ගෙන් පරිස්සම් වෙන්න. බෞද්ධයින්ට කෝචොක් කලාම කුනුහරුපෙන් බැන්නට පැලවත්තෙන් එහෙම චාන්ස් නෑ 🙏"
"Katipearachchi Jayasinghe Damayanathiy","https://www.facebook.com/katipearachchi.jayasinghe.damayanathiy","කැකිරාව්ව් හාමුදුරුවන්ගේ දේශපාලන ය හරියට නාගානන්ද රවට්ටලා ලැප්ටොප් එකක් ගත්තා වාගේ"
"Lal Kumarasiri","https://www.facebook.com/lal.kumarasiri.3363","තිත්තගල්ලේට ඕනේ උනේ මැදට පැනලා දන්නවා කියලා රඟපාලා පොඩි ඩ්‍රාමා එකක් දාන්න . ඒකට අපේ කැකිරාවේ සාදූ මැදි උනා . මොකද රාමදින නිකායේ කොලොප්පම ඒ මොහොතේ වැඩකල නිසා . ඕනේම සාකච්චාව  කදී තිත්තගල්ලේ කරේම මැදට පනින තුච්ච තිත්ත වැඩ . ඉතින් පර්‍යේෂනාත්මක තාර්කික බුදු දහමක් මනසට එකඟව අහන්න කැකිරාවේ සාදූගෙන් ආයෙත් පුළුවන් වේවීද මන්දා . මොකද උන්දැත් දැන් මොනෝ විකාර පුද්ගලික දේශපාලනික ගොහොරු මඩේම කැලතිලා ."
"Namal Rathnayaka","https://www.facebook.com/namal.rathnayaka.56","ඌරොත් එක්ක හිටියොත් කොච්චර පිරිසිදු උනත් ජරාව ගෑවෙනවා"
"Kasun Anuranga","https://www.facebook.com/people/Kasun-Anuranga/61574399133141","යට Mention කරලා තියෙන කට්ටිය දැක්කම ව්‍යාපෘතිය මොකක්ද කියලා තේරුම්ගන්න පුළුවන්. 😂"
"Suraj Siriwardhane","https://www.facebook.com/people/Suraj-Siriwardhane/pfbid02aXTjALiQkvATaag81GmyyXnBJ97XH5yB1b5wEZX6vqEBqA9kYrwadWnG1TGn1jmLl","[Image Attachment]"
"Suraj Siriwardhane","https://www.facebook.com/people/Suraj-Siriwardhane/pfbid02aXTjALiQkvATaag81GmyyXnBJ97XH5yB1b5wEZX6vqEBqA9kYrwadWnG1TGn1jmLl","[Image Attachment]"
"Imalsha de Silva","https://www.facebook.com/umesh.imalsha","ආතල් බන් සිරාවටම. ඇත්තම කතාව කිවුවොත් තමන්ට සැපතක් ලැබෙනවනම්, ප්‍රයෝජනයක් ලැබෙනවනම් දුගුණෙක් එක්ක උනත් ලගින්න පුලුවන් එකා කියන බණ අහන උන් මෝඩයෝ නෙමේද ? පරම සත්‍යය සොයනවා කියලා මේ වගේ කුකුල් කාගන්න උන් දැක්කම අප්පිරියයි.   අටලෝ දහම තේරුම් ගෙන ථෙරවාදයට අනුව ඉක්මනින් නිවන් යන්න උත්සහ කරන්න. ආසවක්ඛයානු ඥානය හැමෝටම ලබාගන්න බෑ. ඒ නිසා තේරුම් ගන්න අත්‍යාවශ්‍යම ටික විතරක් තම නැණ පමණින් තේරුම් අරන් වැඩ කරන්න."
"Chandana Herath","https://www.facebook.com/chandana.herath.552248","සුදස්සන හිමි වෙනුවෙන් අපි අවංකව යමක් කළ යුතුයි ඒ සඳහා අවංක කෙනෙක් මූලිකත්වය ගන්න අපි උදව් කරනවා. හැබැයි තිත්ත ගලය, ඥානසාර වගේ සිවුරුදාගත්ත හොරු තක්කඩි නොවන කෙනෙක්."
"Chandana Herath","https://www.facebook.com/chandana.herath.552248","ධර්ම දේශනා දාහක් විතර අහලා ඇති. යථාර්ථය තේරුම් ගත්තේ ඔබ වහන්සේගේ. තිත්ත ගල් එක්ක සම්බන්ධ වෙනකොට නම් ප්‍රශ්නයක් වෙයි කියලා හිතුන හාමුදුරුවනේ. උන් මේ සිවුරුදාගත්ත තක්කඩි Business කාරයෝ. ඔබ වහන්සේගේ account number දාන්න ඔබවහන්සේගෙ page එකේ. අපිට පුළුවන් උදව් කරන්න."
"Shakya Jayasinghe","https://www.facebook.com/ShakyaJ23","අම්මටසිරි මූ ගිය උඩ. Thithagalle Anandasiri කණ පලාගන්නැතුව දැන්වත් මහණ වෙලා බණ භාවනාවක් කරපන් නිගණ්ඨය. නානසාරය බල්ලෙක්වගේ ඇතුලට ගියා. නිගන්ඨයටත්  යන්න ආසවෙලාද"
"Icm සේනාධීර","https://www.facebook.com/icmsenadheera","ඌ පුදුම නරියෙක්නේහ්"
"Dea Dev","https://www.facebook.com/dea.dev.135061","සඟ වලි🥴"
"Radeesh Gunawardana","https://www.facebook.com/profile.php?id=61560611235916","අපිනන් දැනන් හිටියා ඕක වෙන බව..😂"
"Chanaka Kamal","https://www.facebook.com/profile.php?id=100013632667004","බුද්ධ ශාසනයට මුල් තැන දුන්නට, නීතිය ඉදිරියේ සැවොම සමාන වීම වගේ මූලික මිනිස් අයිතිවාසිකම් ව්‍යවස්ථාවේ උඩින් ම තියෙන බව මුන්නාන්සේලා බහුතරයකට අමතක පාටයි."
"Lahiru Sandakalum","","අනුකම්පා කර්න්න අපේ හාමුදුරුවනේ ..🙏🏻"
"Janaka Susantha","https://www.facebook.com/janaka.susantha.71","තිත්තගල්ලෙ කියන්නෙත් වලව්වෙන් Plant කරපු කුණු ගොඩක් හාමුදුරුවනෙ.   ආගම හෝ ජාතිය ගැන සත්‍ය කැක්කුමක් නෑ.අවධානේ ඉල්ලන්නෙ දේශපාලන අරමුණු හීන් නූලෙන් ඉෂ්ඨ කරගන්න.අසු නොවන්න."
"Ashen Fernando","https://www.facebook.com/ashen.fernando3","♥️♥️♥️♥️"
"Saman Kumara","https://www.facebook.com/people/Saman-Kumara/pfbid02M6Mffk5KcGs9jx4nGopGr1TZqec9DvfuaoxByuKTzDJyQDRYobYg7QMKwQ7oWhVtl","මටනම් තේරුනා තිත්තගල්ලේ හාමුදුරුවෝ ඔබවහන්සේට මොකටද සෙට් වෙන්නේ කියලා,හොඳකට නෙමෙයි ,තිත්තගල්ලේ ,සමන්තබද්‍ර කියන්නේ දහම නොදන්න අය නෙමෙයි හොඳට ඉගෙනගත්ත අය හැබැයි ඒවා පාවිච්චි කරන්නේ හොඳ දේවල් වලට නෙමේ නියම තක්කඩි දෙන්නෙක්"
"Upul Priyantha","https://www.facebook.com/upul.priyantha.718","Saman Kumara දැනුමේ හා අවබෝධයේ ඇති වෙනසයි යාළුවා ඒ"
"Yasanka Madhushan","https://www.facebook.com/profile.php?id=100003919592849","Tharindu Navarathna  හරිනෙ... 🤔"
"Lali Sri","https://www.facebook.com/people/Lali-Sri/pfbid02sVZ73pGg8v3FHHXJjmYeYcJ2YyuFjAhHCcyH3S9qiPfYgph5DsgiiD29fyvzpmW7l","Dear Venerable Monk, Don't get disappointed.  That Monk is an Opportunitist, Thay used your situation to manipulate you, that is not helping that is there corrupted way..We admire your stance even in difficult situations....We are with you..."
