User Name,Profile Link,Comment
"Sumudu Asangika","https://www.facebook.com/people/Sumudu-Asangika/pfbid02Y9XbouCrYreT4wtV2beuWW912BXPT3V9pfKGBQv4XG5Mg5GJZNUzJDaXtfsYBLDUl","තව ටික දවසකින් පල්ලේගම වෙනුවෙනුත් අත්සන් එකතු කරයි 🤣🤣🤣🤣🤣"
"Maduranga Sirisena","https://www.facebook.com/profile.php?id=596387159","Sumudu Asangika  ඉට පස්සේ නර්මාන්ශ නාමල් 🤣"
"Son Hawk","https://www.facebook.com/people/Son-Hawk/pfbid026H6DTSuFgUYNzMdQ5XcvM8UY2XjHyAKnTvu31RF6NpvhzgZvZ2ntTLAAK8Yjfcm1l","Sumudu Asangika sira kathawa... eka thamai wenna one..."
"Politics Reel","https://www.facebook.com/people/Politics-Reel/61574492918133","Sumudu Asangika අනේමංදා මේ කහකඩයෝ"
"Rookantha Senanayaka","https://www.facebook.com/people/Rookantha-Senanayaka/pfbid02rPZCRM5SbP2mz9DcFrWckvP79C52H9BRxUP9KhSzsjSny6a8yV5zMYPA1cJTcJwcl","මටත් ඕකමයි හිතුනේ"
"Palitha Dissanayaka","https://www.facebook.com/palitha.dissanayaka.7509","Sumudu Asangika  අනිවාර්යයෙන්ම ඔව්.... හැමෝම බලන්නේ ගැලවෙන්න විදිහක් නෙ. මෙවැනි වැරදි පූර්වාදර්ශ මුලින්ම ගලවලා අයින් කරන්න ඕන"
"Chaamindha Wanninayaka","https://www.facebook.com/chaamindha.wanninayaka","Sumudu Asangika අනේද කියන්නේ 😠😠😠😠😠"
"Karuna Rathna","https://www.facebook.com/people/Karuna-Rathna/pfbid02DBZgCdWp1aU5J4J75qUYErtxBcPXDfd3tEGyPTjRkszE9FgjNZR6jqfayiYHy2a2l","ලොකේට,විහිලු,නැ,පුතේ,කිවිවලු"
"Umedh Cyril","https://www.facebook.com/profile.php?id=100000816549603","Sumudu Asangika ඒ වැඩෙ වැඩි ඈතක නෑ ඒකට තමයි මේ කහකඩ මුදලාලිලා ටික ලැස්ති වෙන්නෙ."
"Nimal Fernando","","Sumudu Asangika මරු කතාව..!!"
"Danushka Deepthika","https://www.facebook.com/danushkadeepthika","Sumudu Asangika සිරාම කතාව."
"KS Sanka","https://www.facebook.com/ks.sanka","Sumudu Asangika අනිවාර්යෙන්  හැබැයි මිනිස්සු ඒවගේ දේවල් වලට විරුද්ද වෙන්න ඕන"
"Sanju Loku","https://www.facebook.com/people/Sanju-Loku/pfbid0oPoZr8CAzK72yrHA41N9V9zxD4ZNpE3cYDkBgwuSDfHX6h7F49WTmbq6dLsvgPwTl","Sumudu Asangika tho kidenek ekka nidagena thiyenavada bellii"
"Bishrulhafi Hazeel","https://www.facebook.com/bishrulhafi.hazeel","Sumudu Asangika I am happy to sign your petition on the following conditions: Mr Ghanasara must not give public speeches or appear on any political stage. He must remain a monk and focus on preaching Buddhism. If these conditions are met, I will gladly sign your petition, and I hope many others will too."
"Saman Kumara","https://www.facebook.com/people/Saman-Kumara/pfbid02EnwQVup7mWNG34N8bdvR4FYGHARAYx2vEH58HMxS6FZr3crqfofjCR4sA8BDQ6cql","Sumudu Asangika පල්ලේ ගමේ තොපේ අම්මට පුකෙ ඇරපු එකද අම්මට බල්ලෙක් හුගාලා තමයි තව වදලා තියෙන්නේ"
"Dee Hetti","https://www.facebook.com/profile.php?id=697647251","Sumudu Asangika 💯"
"Sumudu Asangika","https://www.facebook.com/people/Sumudu-Asangika/pfbid02Y9XbouCrYreT4wtV2beuWW912BXPT3V9pfKGBQv4XG5Mg5GJZNUzJDaXtfsYBLDUl","Saman Kumara පල්ලේගම කියනකොට මෙයාට කේන්ති යන්නේ මොකද ?.....🤔🤣🤣🤣🤣"
"Priyantha Bandara","https://www.facebook.com/priyantha.bandara.428215","Sumudu Asangika අනිවාර්යයෙන් ඒ වගේ බඩු ඉන්නෙ"
"Udaya Daya","https://www.facebook.com/udaya.daya.988","සමාව ලෙස වසර පනහකට බරපතල වැඩ අතුව අච්චු කළ යුතුයි."
"Udani Rucky Nalawatta","https://www.facebook.com/udani.nalawattage.33","Udaya Daya puka sududa"
"Udaya Daya","https://www.facebook.com/udaya.daya.988","Udani Rucky Nalawatta සිංහල ටිකක් සිංහලෙන් ලියා ගන්න බැරි කල්ලතෝනියෙක් කොහෙන්ද පැන්නේ. අම්මගෙන් අහපන්  තාත්තා සුද්දෙක් නේද කියලා?"
"Lionel Rajasingha","https://www.facebook.com/lionel.rajasingha","නානසාර හිරගෙදරට යැවිය යුතුයි අනිවාර්යයෙන්ම"
"Politics Reel","https://www.facebook.com/people/Politics-Reel/61574492918133","Lionel Rajasingha වැරදි කරානං දඩුවම් විදිය යුතුයි. ඒක හැම පුරවැසියෙකුටම වගේ නානසාරටත් පොදුයි."
"Rohan Sen","https://www.facebook.com/rohan.senanayake1","Lionel Rajasingha Need to propose to send M3 to jail too for giving a wrong decision against the law"
"Krishantha Jayasekara","","Lionel Rajasingha 💯 Agreed"
"Ksm Piyathissa","https://www.facebook.com/people/Ksm-Piyathissa/pfbid0t6B2ZaW6LrHbb8ysDwzPNrS3EA4UqTLirVsvZ7XLunsHTfBqygb4p9w6hEpG4Mitl","දඬුවම් දෙන්න ඕනැද නැද්ද කියල වරද කාරයගෙ යාලුවන්ට තීරණය කරන්න දීම නං මරු"
"Politics Reel","https://www.facebook.com/people/Politics-Reel/61574492918133","Ksm Piyathissa කියලා වැඩක් නෑ..."
"Gamini Ratnayaka","https://www.facebook.com/people/Gamini-Ratnayaka/100093409905145","Ksm Piyathissa ඒ තියරි අනෙක් පාර්ශ්වය ට වලංගු නැද්ද ? හරේ යවන්න ම ඕන කියන්න උඹලා ට පුළුවන් ද? ඒකත් මරු."
"Ksm Piyathissa","https://www.facebook.com/people/Ksm-Piyathissa/pfbid0t6B2ZaW6LrHbb8ysDwzPNrS3EA4UqTLirVsvZ7XLunsHTfBqygb4p9w6hEpG4Mitl","Gamini Ratnayaka අපිට නං බෑ, අධිකරණයට නෙ පුලුවන් ,අපි ඉන්නෙ අධිකරණ තීන්දුව බලාත්මක කරන්න කියන පැත්තෙ, ඔය කොයි සාරත් ඉන්නෙ අධිකරණයට යටින් , ජනාදිපති වරයෙක් පත්කරල තියෙන්නෙ ඔයවගේ තක්කඩි වහන්සෙලා හුරතල් කරන්න නෙවෙයි,"
"Gamini Ratnayaka","https://www.facebook.com/people/Gamini-Ratnayaka/100093409905145","Ksm Piyathissa උඹලාට  කොන්දක් නෑ බං ඔය දාර්ශනික ටෝක් අනෙක් උන්ට දෙන්න. උඹලා ට ලේසී  ගෙදර මුවහම ට තඩිබාන්න. පුළුවන් නම්      මේ කාලවකවානුවේ ලංකාවේ සිද්ධ වෙන උතුරු  නැගෙනහිර  බෞද්ධ පුරාවස්තු සංහාරය , එක රටක ජාතීන්ට අනුව  නීතිය වෙනස් වීම .  වගේ  ඒවටත් ගැම්මෙන් ලියපන් . මොකද උඹලා මීට කලින් ලංකාවේ ඉඳලා නැති අඟහරු ජීවියෝ වගේ වෙස් අරන්  ."
"Ksm Piyathissa","https://www.facebook.com/people/Ksm-Piyathissa/pfbid0t6B2ZaW6LrHbb8ysDwzPNrS3EA4UqTLirVsvZ7XLunsHTfBqygb4p9w6hEpG4Mitl","Gamini Ratnayaka ඔය කොන්දෙ ප්‍රස්නෙන් පේන්නෙ උඹලට ගඳ සුවද දැනෙන්නේ නෑ කියල"
"Abeynayaka Abaya","https://www.facebook.com/people/Abeynayaka-Abaya/pfbid03284ahhfPVjwf9X4WC7CLkVZWeKFRLjWz943tx9NQwEuN3J18vnVEswahawqAecByl","නාන සාරට සමාව දෙන්න කියන හාමුදුරු වරුත්  නානසාරට කියාදෙන්න ඕන බුදුහාමුදුරුවො බික්ශූන් වහන්සේලට පනවල තියෙනවා විනය නීති ඒ විනය නීති අනුව හැසිරෙන්න කියලා  ඒ විනය නීති වලට අනුව බික්ශූ ගෞරවය හා බුදුන්වහන්සේගෙ ගෞරවය රකින්න බැරිනම් ඒක සසුනට බුදුන්ට විනය ගරුක සන්ගසමාජයටම කරන අගෞරවයක් ඒක එහෙම නෙමෙයි කියන්න කාටවත් බෑ මොකද ඒක බුදුන්වහන්සේ පනවපු ධරම විනය බුදුන් වහන්සේ සසුනට අගෞරව වන විදියට හැසුරුනු බික්ශූන්ට බ්‍ර්හ්ම දන්ඩනය නියම කරා ඒක තේරුම් ගෙන සසුන ඇතුලෙ සීලාචාරව විනය ගරුකව හැසිරෙන්නෙ වැඩ වාසය කරන්න බැරිනම් කරුනා කර සසුනෙන් ඉවත් වෙලා තමන්ට ඕන විදියට ජීවත් වෙන්න බෞද්ධ සමාජයටත් බික්ශූ සමාජයටත් බුදුසසුනටත් අගෞරව නොකර අපි බෞද්ධයො විදියට අපේ සසුන කිලිටි කරනවට අපි කැමති නෑ අපේ ආගම ලෝකයේ ඉදිරියේ අපහාසයට විහිලුවට ලක් වෙනවා රටේ නායකයට කොන්දක් නෑ මහා නායක හිමිවරුන් සමග කතා කර ධරම සන්ගායනාවක් තියල සාසනයේ විනය ආරක්ශා කරන්න බුද්ද කාලෙ මහා කාස්‍යප තෙරුන් වහන්සේගෙ හා අජාසත් රජතුමාගෙ මැදිහත් වීමෙන් මතක විදියට ධරම සන්ගායනාවක් පවත්වූවාට පසුව සන්ගායනාවක් තබා නැ දන්න තරමින් ඉතින් මෙහෙම විකාර වැඩ කරනවට වඩා කාලෝචිත වන්නෙ සුදුසු දේ කිරීමයි"
"Politics Reel","https://www.facebook.com/people/Politics-Reel/61574492918133","Abeynayaka Abaya ඇත්තමයි, ගිහි අපට තොරන⁣ දේ මේ කහකඩයන්ට නොතේරෙන හැටි."
"Udani Rucky Nalawatta","https://www.facebook.com/udani.nalawattage.33","Abeynayaka Abaya issella ponnayek nowi Hari namakin waren"
"Pudiyawan Prabakaran","https://www.facebook.com/pudiyawan.prabakaran.2025","Good speech brother."
"Jagath Amarasiri","https://www.facebook.com/kapurupandithalage.jagathamarasiri","අනේද  කියන්නේ එතකොට ඇතුලේ  ඉන්න අයට කව්ද අත්සන්  කරන්නේ"
"Politics Reel","https://www.facebook.com/people/Politics-Reel/61574492918133","Jagath Amarasiri කියලා වැඩක් නෑ"
"Palitha Dissanayaka","https://www.facebook.com/palitha.dissanayaka.7509","මම නම් කියන්නේ උත්තරීතර අධිකරණය අපහසුතාවයන් ට ලක් කරන මෙවැනි කිසිදු සාධාරණ පදනමක් නැති බොළඳ ක්‍රියා මුලින්ම අතුගා දැමිය යුතුයි.  නැතහොත් අනෙක් මිනිසුන්ද මෙවැනි වැරදි පූර්වාදර්ශයන් සමාජ ගත කිරීමට උත්සාහ කරනු ඇත. තවද උතුම් බුද්ධ චීවරය  මේ අයුරින් හෑල්ලුවට ලක් කිරීම ද තරයේ හෙලා දකිමි."
"Politics Reel","https://www.facebook.com/people/Politics-Reel/61574492918133","Palitha Dissanayaka අනිවාර්‍යන්. යම් සමාජ බලයක් තියන වුන් නීති කඩන්න බය නෙවෙන්න පුලුවන්.මොකද නීති කඩලා, සමාජ බලය පාවිචචි කරලා ජනතා මතයක තියනවා කියලා පෙන්නුවාම වැඩේ ගෙඩනේ."
"Palitha Dissanayaka","https://www.facebook.com/palitha.dissanayaka.7509","Politics Reel  එතනට තමයි ඔය පාර කපන්නේ....... ජනතා මතයක් නිර්මාණය කිරීමට පෙර  මෙම නාට්‍යවලට තිත තැබිය යුතුයි"
"Athula De Silva","https://www.facebook.com/athula.desilva.77","Respected court judgement is supreme. Why signatures of people,  is it to say Gnanasara is innocent ?"
"Clarista Carmaline","https://www.facebook.com/clarista.carmaline","Supiri kathawa"
"Nihal Baudda","https://www.facebook.com/nihal.baudda.984","Clarista Carmaline"
"Jithendra Jithendra","https://www.facebook.com/jithendra.jithendra.407726","මේ සිවුරු හොරුනම් මා සාපයක්"
"Rohit Chand","https://www.facebook.com/rohit.chand.536553","Jithendra Jithendra thopi wage සක්කිලි කොහෙද යකෝ ඉතිහාසය දන්නේ. මේ රට මෙහෙම හරි රැක ඝට්ටනය හාමුදුරු වරු. ටොපි වගේ සක්කිලි newei"
"Pradeep Kumara Bandara","https://www.facebook.com/people/Pradeep-Kumara-Bandara/61584522793603","Jithendra Jithendra ඇයි  සාපය  අම්ම..  කෙ යද  නැත්නම්  උබ  කවලම්ද"
"Sunil Herath","https://www.facebook.com/sunil.herath.833842","නීතිය එක්ක සෙල්ලම් බෑ, සියළුම දෙනා නීතියට යටත්"
"Pranith Nishal Chandrapala","https://www.facebook.com/people/Pranith-Nishal-Chandrapala/61550055422675","Sunil Herath එහෙනම් මුළු ආණ්ඩුව ම හිරේ 😂😂😂😂"
"Rohit Chand","https://www.facebook.com/rohit.chand.536553","Sunil Herath etakota උතුරේ thesawalame නීතිය, sharia law eka lankawe නීතියට යටත් වෙන්න ඇති. රෙද්දක් ට mai. Yako isella balapan"
"Kalu Bowila","https://www.facebook.com/kalu.bowila.1","මුන් දෙන්නාවත් නීතියට ගෙනාවනම් හරි.... ගරු අධිකරණ තීන්දු වලට අගරු කිරීම හේතුවෙන්...... හොර කහකඩයෝ දෙන්නෙක්...... තව ඉන්නවා.... මහානායකල්ලා මර නින්දේ.. .."
"Thilak ID","https://www.facebook.com/people/Thilak-ID/61559050077699","මුං ඉස්සරවෙලාම කවුවෙ ජාතික ජනබලවේගය ආවොත් පෙරහැරවල් නෑ බුද්ධාගම නෑ නොයෙක් දේ කිවුවෙ මුං කරපු වැරදි  වලට  ෂොට් එක හම්බෙනව කියල දන්න නිසා  දැන් බයියො කියයි  බුද්ධාගම ට   අත තියනව කියල"
"Neranjana Samanmali","https://www.facebook.com/neranjana.samanmali.2025","අනීවාර්යෙන්ම ..ඔබගේ කීම 100/10000 හරී.."
"Politics Reel","https://www.facebook.com/people/Politics-Reel/61574492918133","Neranjana Samanmali ස්තුතියි මිත්‍රයා!"
"Indrani Vidana Muhandiram ","https://www.facebook.com/indranividanamuhandiram","අධිකරණ  තීන්දු වලට රජය මැදිහත් නොවිය යුතුය  ...කවුරුන් හෝ ඒ සඳහා  බලපෑම් කිරීමද නොකළ යුතුය..."
"Politics Reel","https://www.facebook.com/people/Politics-Reel/61574492918133","Indrani Vidana Muhandiram  අනිවාර්යයෙන්"
"Nuwan Mohottie","","මේ ...... සිවුර  අයින් කර  බුද්දාගම මේ වගේ සිවුරු පොරවගත්තු උන් ගෙන් බේරාගත යුතුයි"
"Nirmala Wickramathilaka","https://www.facebook.com/nirmala.wickramathilaka.2025","Nuwan Mohottie 👍💯"
"Nihal Perera","https://www.facebook.com/nihal.perera.1428","👍👍👍"
"Politics Reel","https://www.facebook.com/people/Politics-Reel/61574492918133","Nihal Perera Thank you...!"
"Mohamed Jismy","https://www.facebook.com/mohamed.jismy.52","Great gentle man Baratha thennakoon"
"Kumar Ranawake","","නානසාරට තියෙන්නෙ බලු කටක්. ඉතින් බලු කටාට සමාව දෙනවනම් හරක් කටාට බූරු මූනට එහෙමත් සමාව  දෙන්න. මොකද මෙයාගෙ මූනත් ඒ වගේද මන්ද."
"Gamini Thilakerathne","https://www.facebook.com/gamini.thilakerathne","මේ වගේ ජාති ද්‍රෝහින් තමන්ගෙ ජාතියට වෙන අනතුර ගැන කල් තියා පෙන්නල දුන් හාමුදුරුවන්ට ගරු කරල කතා කරන්නවත් දන්නෙ නෑ. මොන වැරදි කලත් එක මුස්ලිම් පුජකයෙකුටවත් මිස්ලිම් මිනිහෙක් බනිනනව අහල තියනවද?"
"Ruwan Madusanka","https://www.facebook.com/ruwan.madusanka.403252","Gamini Thilakerathne"
"Keerthi Wijesinhe","https://www.facebook.com/keerthi.wijesinhe","Gamini Thilakerathne"
"Sln Mohamed","https://www.facebook.com/naveed.mohemmd","Gamini Thilakerathne වැරදි කෙරුවත් පූජකයන් කියලා නැහැ. මුස්ලිම් අය ඔයාට අහන්න බනින්න නැහැ."
"Susara Madushan","https://www.facebook.com/profile.php?id=100021909794742","නෑ"
"Sunil Prasanna","https://www.facebook.com/people/Sunil-Prasanna/pfbid0AYTCyiGwsJVwx4NzGs7TQokj8qmhBMULWA5Xz7RGd17w74fhmJbaZ5rxH8B6P9Xpl","නානසාරගේ ඉලග අවතාර  ඔය කලඑලි බහින්නේ"
"ML Miltan","https://www.facebook.com/ml.miltan","[Sticker]"
"Politics Reel","https://www.facebook.com/people/Politics-Reel/61574492918133","ML Miltan Thank you!"
"Bandara Rhms","https://www.facebook.com/bandara.rhms","මේක නිතිය හැල්ලු කිරිමට ඣාණසාර කරන කපටි කමක් ,රජය අපහසුතාවයට පත්කරන්න ජනතාව උසි ගැන්විමකට ලක්කිරිමකි,වහාම අත් අඩංගුවට ගෙන හිරයට යවන්න."
"Mohamed Rizvi Mohamed Kaleel","https://www.facebook.com/mohamedrizvi.mohamedkaleel","[Image Attachment]"
"Politics Reel","https://www.facebook.com/people/Politics-Reel/61574492918133","Mohamed Rizvi Mohamed Kaleel 👍👍"
"Darvis Carrim","https://www.facebook.com/darvis.carrim","කොහෙත්ම නැත. සමාව දීම, පිස්සු බල්ලෙකු ජනාකීර්ණ ප්‍රදේශයක නිදැල්ලේ අත හැරීම වගේ වනු ඇත."
"GV Amitha","https://www.facebook.com/gv.amitha.2025","ඔයපකයට සමාව දුන්නොත් ඒ නිතියෙන් වැඩක්නෑ"
"Nadun Sadhira","https://www.facebook.com/nadun.sadhira.9","අ මව්ලවිලා හිරේ ගියේ මොකටද කියලා මෙතුමා දන්නේ නැද්ද?😅"
"Politics Reel","https://www.facebook.com/people/Politics-Reel/61574492918133","Nadun Sadhira දන්වා පාස්කු මහ නඩුවනේ. ඉතිං?"
"Nadun Sadhira","https://www.facebook.com/nadun.sadhira.9","Politics Reel එක සම කරහම හරිද දැන් හමුදුරුවෝ කරලා තියන වරදට😒"
"Gihan Kankanamge","https://www.facebook.com/gihan.kankanmge","Nadun Sadhira වරදේ හැටියට දඩුවම දීලා තියෙන්නේ,භාරත කියන්නේ එහෙම උනොත් කොමද කියලා,අනික එහෙම නොවෙන්නත් බැරි නෑ නේ,මේක අමුතු ඇටේ නේ බ්‍රෝරෝ ,🤣🤣🤣🤣🤣"
"Nadun Sadhira","https://www.facebook.com/nadun.sadhira.9","Gihan Kankanamge ඔව් ඔව් එක හරි වරදේ හැටියට දඩුවම හරි 100% එකගයි, සාමාව දෙන්න පුලුවන් වැරදි බැරි වැරදි කියලත් දෙකක් තියනවනේ එකයි මම බැලුවේ සමූල ඝාතනයක් සන්විධානය කරපු එකක් එක්ක මේක සම කරන එක අසාධාරණයි වගේ නේ..සමාව දෙන නොදන එක අධිකරණයට අයිති දෙයක් තමා හැබැයි සමාව ඉල්ලන්න ඔනි කෙනෙක්ට අයිතියක් තියනවනේ.."
"Udaya Wickramarathna","https://www.facebook.com/udaya.wickramarathna.7","https://www.facebook.com/share/v/1JmGx9bz5H/?mibextid=wwXIfr  සමාව දෙන්නම වටිනවා මේ පාදඩ සුනකයට!!"
"Ajith Prasanna Aberathna","https://www.facebook.com/ajithprasanna.aberathna.3","මේ සංඝයා විසින් වක්‍රාකාරව සිදු කරන්නේ ගරු අධිකරණයේ තීන්දුව අභියෝගයට ලක් කිරීමක්, එනිසා මෙයට සම්බන්ධ සියළු දෙනාටම දඩුවම් ලබා දිය යුතුය මෙය සමාජයට ඉතාම වැරදි ආදර්ශයක්"
"Priyantha Nanayakkara","https://www.facebook.com/people/Priyantha-Nanayakkara/pfbid02L5474khJ9ZEDECNHZzViAoqMwRTBxEpzd71vEsv1jPJAba5DnJnjFgjYV5ZMtbm8l","ඥානසාර සමාව නෙවෙයි මුන් දෙන්නවත් හිරේට දාන්න ඕනේ අවුරුදු තුනකට විතර"
"Zeus Zeus","https://www.facebook.com/boddhidharma.anurak","සිරා කතාව. 👍 හාමුදුරු ලයිසන් ඒක අවභාවිතා කරන අයට මේ වගේ දඬුවම් ලැබෙන්න ඕන 👍"
"Imesh Dilshan","https://www.facebook.com/imesh.dilshan.7923","ඕකට මරන දඩුවම දෙන්න ඕනි ගෙරියට"
"Nilantha Kumara","https://www.facebook.com/nilantha.kumara.881052","ඹතන.ඉන්න.සෙරම.හීරේදන්නඹනා රට.සහ.සාසනටරැකගන්නනම්"
"Rakitha Edirisinghe","https://www.facebook.com/rakitha.edirisinghe.5","තවමත් මෙයාලා කරන්නෙ අධිකරනය අපහස කරන එක."
"Jayantha Perera","https://www.facebook.com/jayantha.perera.777","තිත්ත ගල්ලෙව තිත්තඋනා.......... කෝටියක  ගස්සන් ගැහුවත් රජයේ ප්‍රතිපත්තිය වෙනස් වෙන්නේ නැහැ.............."
"Mohamed Thahir Mohamed Mashood","","අධිකරණ තීන්දුවට අපහාස කිරීම වෙනුවෙන් මෙවැනි සිවුරුලා ගත්තවුන් අත්අඩංගුවට ගෙන බන්දනාගාර ගත කළ යුතුයි."
"Darmadasa Hemantha","https://www.facebook.com/darmadasa.hemantha","දිය යුතු නෑ."
"Pushpa Weerasinghe","https://www.facebook.com/pushpa.weerasinghe.5","කිසිම සමාවක් දිය යුතු නැහැ, මේ‍ සිවුරැ දා ගෙන කරන ඡාරා වැඩ කරන හැම කෙනෙකුටම නිතියෙන් දඩුවම්‍ දිය යුතුයි."
"Mohemed Faizer","https://www.facebook.com/mohemed.faizer.9","Cghanasara bouthe aagama රකින්න, nettam bouthe janathawate විසාල සේවාව කරල හිරේ ගියානම් මෑ වගේ අත්සන් haren janapathi te චණ්ඩි themmanam kamak ne, mae මිනිහා thiga බලන්න katae te aene කුණු හරප්පා කියලා, සුළු chaathi aagamate මඩ ගහලා, digana, අළුත්ගම ප්‍රධාන pssththire වෙලා   usssweyen werethi keruwa kiyala, කියද්දී ඔහු වෙනුවෙන් off side penee සිටින්න jeewaradarayo werethi withiha aatharsene වෙන්න aepa, aeke kethai, respect aduwenewa"
"Nirma Sobani","https://www.facebook.com/people/Nirma-Sobani/pfbid02ysLavLtG5SgUWcQgqmY3WdJbQraUQ5xbGN6v6W4vJp71gurrbXqcuWnS7DZWb8r1l","ඔය වගේ අපහාස කර ආගම්වාදීවඉන්න අනිත් අයටත් ඔය නීති සිදු කරනවා නම්,අත්සන් එකතු කරන්න අවශ්‍ය නැහැ. ඒ නීතී වලට යටත් වෙන්න කියලා කියන්න තිබුණා"
"Rohitha Fernando","https://www.facebook.com/BassRohitha","Muu..kawda  ban..gon  ganaya...tho  waha  kaala  mariya...muusalaya."
"Geeth Sandaruwan Bandara","https://www.facebook.com/geeth.sandaruwan.bandara","නැවත මහන කරලා ගන්න 🤣🤣🤣"
"Hashini Weligamage","https://www.facebook.com/people/Hashini-Weligamage/pfbid02Z1sdr6VrgsFEdZSDNnR78NtEcF1JenmALYKPfHGpPy68sBNaSckQVdo6rquzZFWRl","Oya  sure  Dan  inna   hora  ganayala"
"Gayanprasad Gayandjw","https://www.facebook.com/people/Gayanprasad-Gayandjw/pfbid0GN29nvXDcpd5KGYzb2Xdv4YPEYkFyqJGjX4rFjynmRoSHQe8Lx1Qz1PkUbaroV2Pl","මුන් හිතන් ඉන්නේ සිවුරක් පොරව ගත්ත පලියට ඕන දෙයක් කරන්න පුලුවන් කියලා කාලකන්නි මුන් දේශපාලන ගනිකාවෝ වෙලා 😡"
"Solanga Nicholas","https://www.facebook.com/people/Solanga-Nicholas/pfbid02fpZPJY7MpMg8WjzxHeUtJVttxXWMVWPbfyo7QPjFjSVzBEKCGUQBnVUEPjhMZVyUl","මුන්ට දඬුවම් කරන්න ඕන"
"Ranamuka Bee","https://www.facebook.com/ranamuka.bee.7","Hora ganainta gahala panwanda One"
"Swarna Liyanage","https://www.facebook.com/swarna.liyanage.104","එපා එපා"
"Priyankara Perera","https://www.facebook.com/priyankara.perera.5836","Mota kala..kala thela..sataka kahakadayo."
"Rifaay Mohammed","https://www.facebook.com/rifaay.mohammed.9","Maithiriva allala daana one hireta"
"මහමග මිතුරා","https://www.facebook.com/k950nwf1au","වෙලේ සුදා නිදහස් කරන්න කියලා අත්සන් පනස් දාහක් ගන්න පුළුවන් වෙයි එහෙම කරයි"
"Wasantha Kumara","https://www.facebook.com/people/Wasantha-Kumara/pfbid02soTqXM8QsXuqxYNb1c5MoSASGXVFVbA1zXHz9zaCMg9EnrUjM9dn4PANmPgo4CY3l","කවදාවත්ම දෙන්න එපා සමාව م දඬුවම දෙන්න ඕනි නැත්තං ඔය සිවුරු දරාගෙන හැම කෙනාම ඔය විදිහම තමා කරන්නේ මිනිස්සු දෙන දන්වේල කාලා තමන්ගේ පාඩුවේ තමන්ගේ හදාගෙන හිටියනං ඒ ඇති ඒ තැනට පත් කරන්න ඕන"
"Niroshini Rajapaksha","https://www.facebook.com/people/Niroshini-Rajapaksha/pfbid02AUJSxnhMA5ePRsR7ZJ78DBr5z9CgjeGXiHardbYx7oWLHCdu1L9GxgkThxpBhmMpl","හාමුදුරුවනේ අදිකරන තීරනයට ගරු නොකරන්නේ ඇයි.....සාසනය විනාශ කරන්න එපා.පින් සිද්දවෙයි"
"Upul Bandara Herath","","අසංවර විදිහට අතපය වීසි කර කර නැහැදිච්ච විදිහට නොහොබිනා වචන පාවිච්චි කර කර මේ කතා කරන්නේ ගරු අධිකරණ තීන්දුවකට එරෙහිව ඒ වගේම අඩ පලි කියන්නේ රටේ වැඩ ඉන්න ජනාධිපතිට. මේක බුද්ධාගම නං ඔය බුද්ධාගමෙන් ඇති වැඩක් නෑ. බුදුරජාණන් වහන්සේ නම් මොනවා හිතෙයිද. මේක මට පේන්නේ ශාසනයේ අවසානයේ ආරම්භය. ඔය දඩුවම ලැබුනෙත් නොමනා හැසිරීම නිසයි."
"Mage රට","https://www.facebook.com/people/Mage-%E0%B6%BB%E0%B6%A7/61589075844047","Aniwaaa brother"
"Palitha Padmasiri","https://www.facebook.com/palitha.padmasiri.524","වචන දෙකක් නැහැ , අනිවාර්යෙන්ම  නානසාරට  සිරදඬුවම් ලැබිය යුතුමයි."
"Nimal Fernando","","අපරාධකාරයෙක්ව බේර ගන්න පෙරමුන ගත් බුදුන්වහන්සසේගේ ධර්මය වනසන නිල සුනඛයන්. දහම වලපල්ලට යවන උන්."
"Deepal Rajakaruna","https://www.facebook.com/deepal.rajakaruna","ඔබ සමග 100% එකගයි...👍👍👍"
"Thivanka Anandagoda","","Bro try to understand..මූ සෙට්වෙන්නේ නෑමෝලාව ඇතුලට ගියාම අපිව පෝම් කරන්න ඔය 🤣"
"Kulathie Welivitiya","https://www.facebook.com/kulathie.welivitiya","නානසාරට අනුරකුමාර කියන්නෙ ගබ්සාවකින් උපත වලකාලිමට  තරම් නොවට්නා කෙනෙක්.   ඉල්ලන්න එපා ඔය මනුස්සයගෙන් සමාව.   නානසාරට අපහාසයක් නෙ"
"Dilshi N Karunanayaka","https://www.facebook.com/people/Dilshi-N-Karunanayaka/pfbid0L8LDTHsoGjTTQa2YKQNESZsYWLDWup6ArCCsyhUF3EhCUCBBf7pGXNSVSsuihtDPl","මවුලවිට නැවියන්"
"Keerthi Wijesinhe","https://www.facebook.com/keerthi.wijesinhe","Dilshi N Karunanayaka"
"Kapila Siriwardena","","නානසාරයා මහ උළුගෙට යවල අර තිත්තකඩයාව බේරෙට දක්කන්න තියෙන්නෙ"
"Mahesh Chandana","https://www.facebook.com/mahesh.chandana.1426","ඔකුන් ච්වරය දාගත්තට මහනුන් නොවේ"
"Sarath Weerawansha","https://www.facebook.com/sarath.weerawansha.708636","සුපිරි පැහැදිලි  කිරීම නානසාරයා හිරේ යවන්නම ඕනේ"
"Keerthi Jayapathma","https://www.facebook.com/profile.php?id=100001451584761","අපිට බෑද පත්මේ අයියටයි හරක් mouth අයියට අත්සන් ටිකක් එකතු කරගන්න ?"
"Prabha K Senevirathne","https://www.facebook.com/prabha.k.senevirathne","ජාතිවාදය අවුස්සමින් රට වනසන්න හදපු චීවරධාරියෙක් ඒයා. එහෙම අයට සමාව දිය යුතු නැත...."
"Kumudu Nanayakkara","https://www.facebook.com/kumudu.nanayakkara.739","අතිශය වැරදි දේවල්"
"Danarathna Disanayaka","https://www.facebook.com/danarathna.disanayaka.1","නැත...."
"Uparathna Abeywickrama","https://www.facebook.com/uparathna.abeywickrama.3","පිස්සු බල්ලන් බැඳ තබනු."
"Thanja Deepni","","දිය යුතු නැත -"
"A Nanda Jina","https://www.facebook.com/ananda.jina.9","පිංබත් ටිකක් දුන්නම උං අධිකරන බලයත් අරං පවු"
"Nazar Mohamed","https://www.facebook.com/people/Nazar-Mohamed/pfbid02qi2Dqys2XSY4tP6iGi8r5hUb4JsNxKkAxrdLBgSo7P1pKU5FXpKC1Jdm4iKuAQD4l","නැත"
"Rammi Prabha","","රටට ම ශාපයක්   මේ වගෙ එවුන් හිරේට  යවන්නම ඔිනෙ"
"LK Elkaduwa","https://www.facebook.com/lk.elkaduwa","මූන්  අල්ලාගෙන හිරේ දාන්න ඕන"
"Vajira Lasantha","","Mun Dan appiriyai kalaknni ballo dane denna epakarapu ballo .sasane appiriyai"
"Lal Rajapaksha","https://www.facebook.com/people/Lal-Rajapaksha/pfbid069mtH6EWujcQ5zvcgTxj7dpcWT1dCkzZrhCLzHo1smNoqqXKeedEmAc373Ya51qwl","Daduwama hodayi"
"Upali Sarath Disanayaka","https://www.facebook.com/upalisarath","කොහෙත්ම නෑ"
"Collin Anesteen","https://www.facebook.com/collin.anesteen","No..No...Rata vinasai..."
"Udani Rucky Nalawatta","https://www.facebook.com/udani.nalawattage.33","Dennama oney pako Ayi Thota puke amaruwada"
"Saman Bulathsinhala","https://www.facebook.com/saman.bulathsinhala.2025","මුන්ට සමාව නෙමෙයි උපරිම දඩුවම් දෙන්න ඕනේ"
"Chamal Nilshan","https://www.facebook.com/chamal.nilshan.2025","නාමල් ඇතුලට ගිය ගමන් තට්ටතිත්ත කලබල උනා. ඒකට කතන්දරයක් හදාගෙන සෝෂල් මීඩිය හරහා ප්‍රචාරය කරා. මිනිස්සු බයිනකොට ශේප් එකේ නානසාරගෙ නැට්ටෙ එල්ලිලා අත්සන් ඉල්ලනවා. ඒක ඉල්ලන්න වටේ ගිහින් රාජපක්ෂලාගෙ කෙරුවාව ගැන පම්පෝරි ගහලා, යුද්ධෙ ගැනයි අන්තවාදය ගැනයි කෙබර කෙළලා හෙණ පොර ටෝක් එකක් දෙනවා. වනචාරියත් සද්ද නැතුව ඉදලා මේ ගේමට සෙට් උනා ප්ලේස් එකක් හදාගන්න. පල්ලෙගමය වරදක් කරා හෝ නොකරා මේ පරයො එකෙක්වත් වචනයක් කිව්වද. මුන්වත් ගාල් කරන්න ඕනෙ."
"Ro Shen","https://www.facebook.com/ro.shen.370","සිවුර දාගෙන පින් බත් ගිලල ගිලල දැන් තෙලේ..මුන් සාසනෙත් කාල සිවුරට තියෙන තැනත් නැති කරල..බුද්දාගමට කරන මේ නිගරු වැඩ නිසා.. මොනා නැතත් මුන් ඔක්කෝටම සොබාදහමෙන් බේරිලා ඉන්න බැරි වෙයි එදාට  සිවුරට මුවා වෙලා.."
"Irshad Mohamed","https://www.facebook.com/irshad.mohamed.7","Nethaaaaa"
"Samanthi Rathnayaka","https://www.facebook.com/sumith.dissanayake.5661","අනේ මෙහෙම සිංහල බවුද්දයන්.මේ ස්වාමීන් වහන්සේ සිර දඬුවම් විදින වරදයි ප්‍ර්ශ්නය.සිර ද්ඪුවම් අවුරුදු 7 ක් යන්න තරම් කරපු වරද රන විරුවො වෙනුවෙන් කතා කරපු එක නේද"
"Abayewikrama Gunarathne","https://www.facebook.com/abayewikrama.gunarathne","Mu එල්ලා maranna ඕන kupadiyek.wele suda la වගෙ උන් මේ pa.....ය  ට වඩා හොඳ යි."
"Gerard Canekeratne","https://www.facebook.com/gerard.canekeratne","එයාලා එයාලාගේ තාත්තාව අදුරන්නේ නැහැ"
"Ajm My","https://www.facebook.com/ajm.my.3","Wow very good excellent explanation bravo sir"
"Bowalajayasena Bowala","","දඩුවම් අනිවාර්යෙන් දෙන්න"
"Sunil Fernando","","මේ මිනිහා පැවිදි  කෙනෙක් නොවේ. තනිකරම දාමරිකයෙක්."
"Neel Edirisinghe","https://www.facebook.com/people/Neel-Edirisinghe/pfbid0zdTf3ShNa2Y1syQDSL3RXqNG1QR7bwrkUQ2HgE3bkfyJUamoCKJqVDiaronbykBKl","අපි එ ගැන වද වෙන්න ඕන නැ උසාවිය මගින්  වසර    5  හො 10 ක් දෙයි"
"Senarath B Bogamuwa","https://www.facebook.com/senarathb.bogamuwa","තූටිටු දෙකේ එවුන් සිවුර දාගෙන පිස්සු කෙලිනවා."
"Mohamed Ahamed","https://www.facebook.com/shafee.althaf","Really gentleman person well experience at least now entire country district people's can understand what going on now One hundred percent true story"
"Palliya Guruge","https://www.facebook.com/palliya.guruge.52","Sahathika attha mehema  unama kohomada Adikaranayata apahasayak noweida Garu Adikaranayata  uthude Adikaranaya karawee..."
"Janaka Gamage","https://www.facebook.com/janaka.gamage.1048","ඔබතුමාගෙ කතාව හරියටම හරි.. ඔය වැඩේට බැහැල ඉන්නෙත්  අරූ වගේම කාලකණ්නියෙක් නේ..."
"රුචිරංග ගයාදිශ","https://www.facebook.com/ruchiranga.gayadeesha","මෙයාට සමාව දෙනව නම්,  ඒ හා සමාන වැරදි කරපු සැමට සමාව දිය යුතුයි.."
"Priyantha Bandara","https://www.facebook.com/priyantha19750703","මෙි හාමුදුරැවන්ගේ බණවිතරක් වගේ ඇහුවෙි මෙිි බල්ලගෙ බණ ආයෙ අහන්නැ.මුං මෙි හදන්නේ බුදුදහමට ඇති ගරැත්වය බලයක් කරගෙන ඒ බලය ලංකාවෙි අධිකරන සහ විධායකබලයපවා යටකර⁣න බලයක් බවටයි මුං මෙි ගේන්ඩ හදන්නේ මෙික තමයි සඟ ත්‍රාණයන්ගේ සැබෑ කැලෑ නීතිය.මෙය පැරදියයුතුමයි බුදු සසුන පලියක් කරගෙන චීවරයට මුවා වෙලා පුද්ගලික උවමනාම් ඉෂ්ට කරගන්න හදන ත්‍රාඩියෝ සහ නරැමයෝ 🙂"
"Eranga Munasinghe","https://www.facebook.com/eranga.munasinghe.75","මුන් දෙන්නව ඉක්මනින් එලව යව්වනම් රටටම සුබයි"
"Achala Peiris","https://www.facebook.com/achala.peiris.683788","යැවිය යුතුයි සහා රාජපක්ශ නිකාය පන්වා දැමිය යුතුයි 💩🌷💩💩🐦🐅🚫✖️"
"Gunawardhana Gunawardhana","https://www.facebook.com/gunawardhana.gunawardhana.711785","මේ වගේ රටට ආගමට නින්දා කරපු එවුන් වෙනුවෙන් උඩු බුරන එවුන්ටත් දඩුවම් දෙන්න ඕන,"
"Sarath Arachchige","https://www.facebook.com/sarath.arachchige.165628","රාජපක්ෂල බ⁣ලේට ගේන්න තමයි එයාල වැඩකලේ ඒකනම් මුලු රටම දන්නව එයාලගෙ කට්ටිය බලේ ඉන්්නකොට එයාල තමයි චන්ඩි මිනිස්සු කුපිත කරල ඇන්දුව ඒ කල්ලිය කතාකරන්න දන්නෙත් නෑ...?????"
"Mku Upul","https://www.facebook.com/people/Mku-Upul/pfbid0pfJT3HVPweYJEKxvqoTmfXMgkJPNadQGFZsFnsz4kxK8uYZfi4fRFSjA4FdGfMEBl","අනිවර්යේන් ඇත්ත මෙි කුුමය කරන්න ගියොත් නිතියෙන් දඩුවමි දෙන්න කාටවත් බැහැ මෙිවැනි අපරාධ කරැවන්ට අත්සන් එකතු කරන අයටත් දඩුවමි ලබාදිය යුතුයි"
"Supun R de Zoysa","https://www.facebook.com/profile.php?id=100006905317665","Pake thindu owa"
"Gomez Gerad","https://www.facebook.com/fr.543908","Supun R de Zoysa Thogay hatee paynawa thogay comment ekken"
"Wimal Karunanayaka","","මේ  තියෙන්නේ  ස්වාමීන්  වහන්සේ  උගුර  ලේ  රහ වෙනකල් කියපු  කතාවේ  සත්‍ය. පාස්කු  ප්‍රහාරය  සැලසුම් කරපු  , බෝම්බ  හදපු  උන්ට දීපු  මේ  දඩුවමට  , ගරු  අධිකරණය ට  ගරු  ජනාධිපතිතුමා ට බොහොම  පින්  🙏"
"Hema Bravo","https://www.facebook.com/people/Hema-Bravo/pfbid08xppog42y7G6yNaTS62cNTo2RNpTpswG7X4PTyEPP64teyqTqR75pvEcN63ZbwVTl","නෑ යකෝ නෑ.අහන්න දේවල්ද"
"Malindu Dilshan","https://www.facebook.com/malindu.dilshan.9615","ජනාදිපති සමාව හරියට නොදීම සිරකාරයගෙ වරදක්ද මහත්තයෝ 🙂"
"Manju M Kkc","https://www.facebook.com/people/Manju-M-Kkc/pfbid032YR74ty8XE37cZ4vAbirb3os9szwK19Jn5gbbnCG4Z6rrxAsRLjUoy6xuNBsAq3zl","පණුවො ගහලා මැරෙන්න තියන්න හිර ගෙදරම"
"Nalin Navaratne","https://www.facebook.com/nalin.navaratne.9","ඕනා නෑ හිරෙ දැමිය යුතුයි."
"Sandhya Darshani","https://www.facebook.com/sandhya.darshani","Bahubuthayo  ."
"Nishantha Nilud","https://www.facebook.com/nishantha.nilud.9","Meka sinhala bawdda ratak ubala Rata wenuwen monawada keruwe kiyapalla puluwannam"
"Pushpa Jayasinghe","https://www.facebook.com/pushpa.jayasinghe.561879","Nana Sarata Samawa denna puluwan. Wedada kale"
"Asoka Rajarathna","https://www.facebook.com/asoka.rajarathna.54","Mun.tama.ma.rata.maha.janathawa.weina.karana.saga.pthalaya"
"Nimal Gunarathna","https://www.facebook.com/nimal.gunarathna.180603","මූ ණඩු අහනව"
"Ravindu Harshana","","No no no"
"Nugawela Sunil Nugera","https://www.facebook.com/michelsunil.nugera","Not at all, පිංවතුනී !"
"Nelson Rajaratna","https://www.facebook.com/nelson.rajaratna","බුද්ධ චීවරය භාවිතා කරලා ධර්මයටත්, ශාසනයටත් මේ කරන නිග්‍රහය අවසන් කළ යුතුයි. මහා නායකලා මේ හැමදේටම නිහඩ ඇයි. තමන්ගේ එකා කුමන වැරැද්දක් කළත් සුදු හුණු ගාන බවක් පේන්නේ."
"Ruwansiri Warakapola","https://www.facebook.com/ruwansiri.warakapola","සිව්රට  මුවා වේලා මුන් කරන්නේම කුපාඩ් වැඩ .. අදිකරන මහානායක, මහානායක නිදි ..🤮🤮"
"Nalin Darshana Herath","https://www.facebook.com/nalin.darshana.herath","කිසිසේත් නැත.මුන් තමා දේශපාලන උවමනාවට ජාතිවාදය ඇවිස්සුවේ සහරාලා බිහි වෙන්නේ මුන් වගේ උන් නිසා.දැන් මු කියන වද කොත්තු නැද්ද.උලමා සංවිධාන නැති වෙලාද,? මුන්ගේ film ඔක්කොම ජන්ද ලං වෙනකොට ."
"Sanath Manju","https://www.facebook.com/people/Sanath-Manju/pfbid0FSWRerLkZGJFHbPiLC8kxsUUroimmdxX3iBRanNXbxTLfjNMyk8VJ2Jj1seoPubAl","අපි දැන් හිරේ ඉන්න සෑම සිරකරුවෙක් වෙනුවෙන්ම අත්සන් එකතු කරලා ඔක්කොම එළියට දාන්න කියමු අපරාදෙනේ අපේ සල්ලි වලින් නඩත්තු කරන්නේ බන්ධනාගාර ටික වහලා දන්න පුලුවන් එතකොට"
"Athula Dias","https://www.facebook.com/athula.dias.16","සංඝ adihikaranayak නැද්ද..."
"Lalantha Fernando","https://www.facebook.com/lalantha.fernando.7","Pesama gahaganin pk😂😂😂"
"Roshan Rock","https://www.facebook.com/people/Roshan-Rock/pfbid037cJRdWbkc63h4Pjc3ynFuAJm6Jzkp8Xt9Fg5HmM4LMSS1ZZmHa5Kb8BPvdozq4jil","ඌට අවුරුදු 500k දෙන්න වෙයි..."
"Mwdy Karunarathna","https://www.facebook.com/mwd.karunarathna","දෙනවනමි දෙන්න අපි දන් නෑ"
"Bernard Abeydeera","https://www.facebook.com/bernard.abeydeera","Munta pissu munta dany danda eppa pau karayo."
"Sarath Athula Dissanayake Mudiyanselage","https://www.facebook.com/sarathathula.dissanayakemudiyanselage","කිසිසෙත්ම නොමැත ....."
"Itm Sepalika","https://www.facebook.com/people/Itm-Sepalika/100090958621752","දීකිරට බළල්ලු සාක්කි. . යලුවො හදන්නේ බේරගන්න. කිසිම වරදක් නොකල  සිරකරුවන් ඇතුලේ ඉන්නවා ඒ අයටත් ජනාධිපති තුමනි සමාව දෙන්න"
"Lkm Danapala Kanakratna","https://www.facebook.com/lkmdanapala.kanakratna","Oya yakku haamuduruwaru newei.. Sakkiliyo...."
"Raja Rajahs","https://www.facebook.com/people/Raja-Rajahs/pfbid02wKFTGm6y3g2revmHeEsSdhyXEzEfp4XoSTP7tPYMBTRtsyq17PzWoaxoWe58UXrzl","candeyata danduvam deyautoi"
"Ariyawansa Jayasekara","https://www.facebook.com/ariyawansa.jayasekara.9","නෑ"
"Hafeel Deen","https://www.facebook.com/hafeel.deen.98","You have spoken the truth.."
"Chandrasiri Ranadheera","https://www.facebook.com/chandrasiri.ranadheera.1","නානසාර ශාසන ඝාතකයා. ඒකට මහනායක වරු නිදි. මේ දෙකම  එකතුකර දඩුවම  ඩබල් කල යුතුය."
"Renuka Jayarathna","https://www.facebook.com/renuka.jayarathna.12","Aniwaryanma yanna ona"
"Danajaya Bandara","https://www.facebook.com/danajaya.bandara.2025","Pala 🐈‍⬛🐈‍⬛lo yannta  Nana sarata Neteya kryatmaka karanna"
"Sanath Dharmasiri","https://www.facebook.com/people/Sanath-Dharmasiri/pfbid025YHBxmQVvCCqdkTsuDVQtPVbTpmCmempBeytFLghkUmgtTEMiP4wV19knnc1x7Uil","සාශනය කන හැත්ත මුන් පට්ට හොරු"
"Pathma Kumara","https://www.facebook.com/pathma.kumara.646210","Munuth awagema badu karayo wennethi  akane ahinsaka podi aun dushanekarana gana gediya aliyata ganna hadanne  ebilipitiye peththe awoth wenade balamu"
"Ransi Nayanananda Jayatissa","https://www.facebook.com/ransi.jayatissa","අනිවාර්යයෙන් දියයුතුයි"
"Rohana Perera","https://www.facebook.com/people/Rohana-Perera/pfbid02ZZsaSiGvYDsMcByQ72rbRTZ6ZkdafeYUt2efjHF983o5Mv5F4d3xKUr3EccuMbjdl","අනුරාධපුර පොලීසිය මිහින්තලේ වනචාරියට කරන පැමිණිලි බාර ගන්නෙ නෑලු. රටේ නීති දෙකක් ද."
"Temalshan Nipuna","https://www.facebook.com/nipuna.temalshan","සිවුරු දගත්ත පලියට ගරු අදිකරනයක් දුන්න තින්දුවක්  කට අභියොග කරන්න බැ.ගරු අදිකරන තින්දුවක් අපි කවුරුත් පිලිගත යුතුයි"
"Ajith Priyantha","https://www.facebook.com/ajith.priyantha.625496","මුන් දෙන්නම හාමුදුරුවරු නෙවෙයි. මුං යටතේ ඉන්නේ සක්ගිඩි පඩ පජාත අයිස් කුඩු ගහන එවුන් ටිකක්, කමෙන්ට්ස් වලින් සහ ඔවුන්ගේ පෞද්ගලිකව හොයා බැලීම් වලින් තහවුරු වෙනවා"
"KM Muhandiram","https://www.facebook.com/people/KM-Muhandiram/pfbid029xADJrPYvk2nZbJGKh95zELuBVZ7rfE8yf6UtKS9JD3A5mhvx4aeV6FZ5eewGiUSl","ඔය ච්වර දාරින්ගෙ බලෙන් ගන්න අත්සන් වැඩක්නැ මොහුට දඩුවම ලබාදෙන්න"
"Abeysekara Siyambalapitiyage","https://www.facebook.com/abeysekara.siyambalapitiyage","මෙතනින් නොනැවතිපල්ලේ ගමයා වෙනුවෙනුත් අත්සන් හගාකන්න එයි එතකොටත් ගහපිවි අත්සන් අමන හැත්ත"
"Sisira Perera","","මේ වගේ අයට සිවුර යනු බංකරයක් පුතා...😢"
"Sac Nimal","https://www.facebook.com/sac.nimal","එක සැරයක්  අහෝසි කරපු ජනාධිපති සමාව කොහොමද නැවත සැරයක් වෙන ජනාධිපති කෙනෙකුට දෙන්ඩ පුලුවන් වෙන්නෙ. එතකොට අධිකරනය හෑල්ලු වීමක් නොවෙයිද වෙන්නෙ"
"Lankathilaka Jayawewa","https://www.facebook.com/lankathilaka.jayawewa","Sahathika heththa oya assanganna chiwaradariya hoda charithayak newai"
"Upali Upatissa","","අත්අඩංගුවට ගැනීම සඳහා වරෙන්තු නිකුත් කරපු දවසේ සිට ඥානසාර චීවරධාරියා සැඟවී සිටී නම්,  ගරු අධිකරණය මගින් සැඟවී සිටින දවසක් වෙනුවෙන් තව සතියක් බැගින් සිර දඬුමක් ගෙවීමට සිදුවන ලෙස තීන්දුවක් ලබාදිය යුතුයි."
"Sunil Fernando","https://www.facebook.com/sunil.fernando.104217","NNANA.SARATA.VADA.AHENSAKAYO.ENNAVA.HERAGEDARA..NANASARATA. SAMAVANOVEI. ALEYA..NOPENAENNA. KUDU.KARANNA. OKAGE..CEURA.GALAVANNA..NATHINAM..CEURATAKARANA..APAHASAYAK. DANATA..ABUDAYAK. HODAI.GARU.ADEKARANA. THINDUVEN..PASSE.. JAMPARE..ANDAVANNA.."
"Wasantha Wicks","https://www.facebook.com/people/Wasantha-Wicks/pfbid02kLmnrNsLfvuRj76LxrqceLr5MMWWztTBLzGDw7hfEZPaXEoHbacACedhXpyAQLHKl","ඔය තිත්තවැල්ලෙගෙ කුනුකන ගතිය ."
"Pradeep Kumara Bandara","https://www.facebook.com/people/Pradeep-Kumara-Bandara/61584522793603","තොපි  මොක්කුද  හු..   නිකම්ම  නිකම්  මයි  ක්  කන්නලා  විතරයි  හිගන්නු  වගේ  අනුන්ගේ  කුනු ගොඩක්  හොයලා  පො...සි   ටෝක්  දීලා  කන්න   කීයක් හරි හොයාගන්න නේ හදන්නේ  සිංහල  උන් තමන්ගේම  එකා පාගල  පාවා දීලා කන  ජාතියක්  මෙ  ලොක්යේ  තවත්  නෑ  ඔය ගහකඩයෝ නිසයී  සිංහල  පො...න  ප..ලා  අදට  මේ බිමේ  ඉන්නේ  කියල  මතක  තියා ගනිල්ලා  සමහර උන්ට  මේවා පට්ට  කතා  මරු   සා  නියමයි  එහෙම උනුත්  ඉන්නවා    අවසානය හිතා ගන්න බැරි  වේවී"
"Thikarathna Danapalage","https://www.facebook.com/people/Thikarathna-Danapalage/pfbid02z7yNDW24Uq6Xj4cdGWkKiVGg1gTsQUbwzXewNKsEb6YfjVkZxrhSXhMJ1NRRYefrl","Denna apa mu thakkadiya"
"Pathmini Pathmini","https://www.facebook.com/pathmini.pathmini.44492","Nanasara pakaya huththa. Rajapaksa gotta"
"Mohamed Nasmi","","Dhaduvam denna ooniy"
"Eranda Eranda","https://www.facebook.com/people/Eranda-Eranda/pfbid0Pcb8QdeQcMAMZgYmm6nkuzbXbnV7jgCg9vJ4awzUdeEnJSBJk4La6ByKXTwoE79Rl","ඕක හිරේ යවන්නම ඕන කරිය"
"Janaka Amunugama","https://www.facebook.com/janaka.amunugama","නානසාර හිරේ යා යුතුයි.. උගෙ යාලුවොත් සාසනෙන් පහකල යුතුයි!"
"Wimalasena Merakadoruge","https://www.facebook.com/wimalasena.merakadoruge.9","දඩුවමට සමාව දීම ගැන අඩුවක්  නැතිව පහදාදීම ගැන පුතුට පැසසුම් ❤️"
"Dsn Nadaraja","https://www.facebook.com/dilanishani.nadaraja","Gu horu🤬🤬"
"Linda Saleena","https://www.facebook.com/linda.saleena","Samave  thenne epa"
"Sapugoda Gunarathna","https://www.facebook.com/people/Sapugoda-Gunarathna/pfbid06CqEzmNCuWZgkapMabJP3mTo2Cx61cEBGLZxHzueVPzdh9ccCej5yMRu7N2VrNsAl","Supiri"
"Senarath Weerakkodi","https://www.facebook.com/senarath.weerakkodi","තිත්තගාල්ලේ හොඳ ගණයෙක් ද"
"Nishantha Bandara","https://www.facebook.com/people/Nishantha-Bandara/pfbid05HRoNRfK6Pp2tq7SkpP9tk2WTpn2GLekgrtCCi2qprPuPhaa4euLyCLocy4isz6yl","Thopita pissu hora ganayo"
"Manjula Kurukulasuriya","https://www.facebook.com/manjula.kurukulasuriya","තිත්තගල්ලය කියනව අපේ කෙනෙක්ට කරදරයක් වෙලා ඌට උදව් අරනවලු..😃😄😁😅🤣😂🙂 ඈ ගනයො උසාවියෙන් දඩුවමක් දුන්නනං ඊට අවනත වෙයන්.මොකද රටේ නීතිය අපිට වගේම තොපිටත් එකයි.මූ නීතිගරුක පුරවැසියෙක්ලු...පක තමයි 👎👎"
"Dushantha Dileep","https://www.facebook.com/dushantha.dileep","මු සිව්ර දාං මිනිස්සු වටේ යැව්වා  ඇත්ත ධර්මය ඕක නේමේ සමාව නැැ"
"Priyantha Edirisinghe","https://www.facebook.com/priyantha.edirisinghe.587","Eka ballo laginne ekata."
"Chathu Chathu","https://www.facebook.com/chathu.chathu.214303","කහකඩ යන් නිසා මහ කරදර ..  හැමදාම කරදර …"
"Suraa Silva","https://www.facebook.com/zuranjith.silva","කාලකණ්ණි සත්තු"
"Hathwallage Asanka","https://www.facebook.com/hathwallage.asanka","Samawa dennaha kohomath onemanam siwura pitin anura gawa danagahanna one eth okata samawa dennaha pakayata"
"Riksliravindra Riksli Ravindra","https://www.facebook.com/riksliravindra.riksliravindra","දෙන්නඔන ඇප අනිවර්යෙන්"
"Ahamed Rahmi","https://www.facebook.com/ahamed.rahmi.52","Eala eala eala eala eala eala"
"Sisira Dassanayaka","https://www.facebook.com/sisira.dassanayaka","සමාව නෙවේයි උලතියන් පුලුවන්නම්"
"Mohamed Shafeek Mohamed Raseen","https://www.facebook.com/mohamedshafeek.mohamedraseen","Kala Kala de pala pala de 🙏"
"Sarath Wickramarathna","https://www.facebook.com/people/Sarath-Wickramarathna/pfbid0G8NQNppVQw6ewexoc7rLo5J3vF23w1XCZuGXuquowtw7cgnYKykDYrrA7PYaJHcil","Rate nithiya katath podu viya yuthui  saduda lbebeda pfadarda balawathada duppathada nowei warada prdanai"
"Pradeep Thushara","","Katha ka egana Ganna.    ..samawa denna ona .."
"Indrani Rani","https://www.facebook.com/indrani.rani.750331","නැහැ.     ශීලවන්තව.   හාමුදුරුවරුන්ට.   අම්ම.    මතක් කරල.  පරුෂ.    වචනවලින්.   බැන්නෙ.   වනචාරියා"
"Vipula RD","https://www.facebook.com/vipula.rd.2025","කොහෙත්ම නැහැ"
"Mahinda Mahinda","https://www.facebook.com/people/Mahinda-Mahinda/pfbid02jAqvkKRXE5cxM5CqVZzzFhDorz3Fw3tF5pkYsYVzLBM7SdyiMu6J7HFqLu8gFEe6l","සක්කිලියා හිරේ දාන්න ඔනි"
"Sarath Wijesinghe","","ඕකට කරන්ඩ තියෙන්නෙ සරල දෙයක් අත්සන් එකතු කරන්ඩ ඉඩ දෙන්ඩ ඕනැ. නැත්තං ආයෙ අඬනව ආන්ඩුව මර්දනකරනව  කියල . ඊට පස්සෙ ඒ අත්සන් එක්ක නීතියෙන් කරන්ඩ පුලුවන් යමක් තියනව නං කරගන්ඩ කියන එකයි තියෙන්නෙ. 😉😉"
"Wasantha Kumara","https://www.facebook.com/wasantha.kumara.1999","Mun dennath hire yawanna oni sakkili siuratath nigawak."
"Mettananda Jayasingha","https://www.facebook.com/mettananda.jayasingha.9","අත්තටම පව් කියල හිතෙනව කට්ටිය ගැන."
"Athula Ranasinghe","https://www.facebook.com/people/Athula-Ranasinghe/pfbid0Kg81aejtThhuHHW8Qkt7RRJ2nE5JV82guHrAgmpkgTYNy4ASBBXCmo6Mm6dSQMkjl","ඔය යකාට හැන්ගිල ඉන්න ඉඩ දෙමු. හිරේ ගියොත් ආයෙ තව අවුරුදු 4කින් ආයෙ ඇව්ත් හැමනෙන්න පටන් ගන්නවනෙ හැන්ගිල ඉන්ඩ දුන්නම මැරෙන තුරු ඔය කරදර යෙන් රට නිදහස්"
"Sunnylivinston Fernando","https://www.facebook.com/people/Sunnylivinston-Fernando/pfbid09UK4APqBdDa355pzC6ux2C7skKLWDPvBcqUpqt8wHfzXYYzV2q3QC57GPzDfnDpQl","දෙන්නඑපා"
"Hema Kaluarachchi","https://www.facebook.com/hema.kaluarachchi.2025","Neethiya samata ekae....adikarana theenduwata wada ghanasarage yaluwange athsanwala balaya wadida...pallegamatath athsan ekathukarae mehem giyoth..pisso pooso..mm"
"Chaminda Tilakumara","https://www.facebook.com/profile.php?id=631083254","2/3 බලයක් දී ජනාධිපති සහ ආන්ඩුව ජනතාව ශක්තිමත් කරේ, කෙලින් වැඩකරන්න. මේ වාගෙ රට ජාතීන්, ආගම් ගිනි තියපු පරයන් වෙනුවෙන් ජනාධිපති සමාව​, නීතිය අවබාවිතා කරන්න නොවේ."
"HM Jeewantha","https://www.facebook.com/jeewantha.hmjp.3","බික්ෂුන් වහන්සේලාගේ කීම අහන්න තරම් වැදගත් බුද්ධ චරෛතයක් තියෙන බික්ෂූන් වහන්සේලා ඉන්නේ අතලොස්සයි. ඒ එක්කෙනෙක්වත් මේ වැඩේට හවුල් නෑ. මේ දගලන කට්ටිය සාසනයේ වෙනම රෝල් එකක් ගෙනියන බිස්නස් කරන සෙට් එකක්. කිසිම වැදගැම්මකට නැහැ"
"Wije Wije","","නැත"
"Ranjith Ranjith","https://www.facebook.com/people/Ranjith-Ranjith/pfbid024u2yWDMH82txWcUrpqPFj5giS96LhCmXqJcgWzyaonPCQApSX1osx4r6NoEbtWxl","ගරු ස්වාමින් වහන්සේ වරුනේ ඔබතුමාලට. දර්මයේ නියලෙන්නයි මිනිස්සු දානෙ දෙන්නේ  . නඩුහබ කරනාවනම්  දානෙ ගේන්න ඉස්සර කියන්නා  ,"
"J Saman Kumara","https://www.facebook.com/jsaman.kumara.3","මුනුත් දාන්න ඕන"
"Samitha Jayanath","https://www.facebook.com/people/Samitha-Jayanath/pfbid02bVNkrQDiZsAeYWUFE5yBRqPVFpoCURX9sWTxEDaE3eiXfFkDig7q3vNvzYMWsmPkl","Niyamai bro"
"Senawi Rathna","https://www.facebook.com/people/Senawi-Rathna/pfbid035ckrd66CPhW2tsNXKAmz8NBc1TjbkTYhMgnnDd5Mmx1hc2Hv6pPGTzDNU8TARrdMl","ඕකට කියන්නට මම කුණුහරුප දන් නෙ නෑ"
"Pradeep Rohan","https://www.facebook.com/pradeep.rohan.9404","තොපිට තව කිතියක්"
"Krisantha Kamal Kumara Balasooriyage","https://www.facebook.com/krisanthakamalkumara.balasooriyage","me karanne wenadeyak walaha dannawa jeeviteta anuragen samawak labennehe kiyala. namuth moda bauddayo tikak kulappukarala jativadaya awissemai aramuna"
"Dilrukshi Jayasekara","https://www.facebook.com/dilrukshi.jayasekara.54","natha"
"Sangeeth Prasanna","https://www.facebook.com/people/Sangeeth-Prasanna/pfbid098Ku7JiRjgfdvdJp8T2ubGTZhYo69Qw5B3uf3wnUxXXs2ot34veXnRyL6GcMJQQ1l","Aniwaren yawiya uthi"
"Nihal Perera","https://www.facebook.com/nihal.perera.718","ඔය අත්සන් කරන අයටත් දඩුවන් දෙන්න ඔින නැත්තමි ඊලගට අටමස්තාන ලොක්කටත් දඩුවමි  ලැබුනාම ජනාදිපති සමාව ගන්න ඔය විදියට අත්සන් ගන්න එයි  වැරදිකරන්න හැම දෙනාම බයනැති වෙනවා අධිකරනය නිකමිම බාල්දු වෙනවා අනිවාරේන් මුන්මට දඩුවම ලැබිය යුතුයි"
"Piyal Perera","https://www.facebook.com/piyal.perera.36400","ඔය සාටකයෝ හදල තියෙන චිවරය දාගත්තු මදාවියෝ ට්ක AKD එක්ක ඔය සෙල්ලම් බෑ ලොක්කා තොපි වගේ කාලකන්නි පර බල්ලෝ තමයි මේ රට විනාසයටම ගෙනිච්චෙ තොපිට මේ මාතෘ බුමිය විනාස කරන්න දෙන්නෙ නෑ කොහොමද සන්ග මදාවි ටික බැහැල තියෙන ආතල් එක"
"Srilal Jayawardena","https://www.facebook.com/srilal.jayawardena","තිත්තගල්ල තිත්ත වෙන වැඩ"
"Bishrulhafi Hazeel","https://www.facebook.com/bishrulhafi.hazeel","I am happy to sign your petition on the following conditions: Mr Ghanasara must not give public speeches or appear on any political stage. He must remain a monk and focus on preaching Buddhism. If these conditions are met, I will gladly sign your petition, and I hope many others will too."
"Angeline Cleo","https://www.facebook.com/angeline.cleo","සිංගප්පුරුවෙ වගෙ හිරෙට යවලා කස පහර දෙන්න ඕන වරද අනුව එදාට තමා මුං හැදෙන්නෙ. සිංගප්පුරුවෙ මිනිස්සු බලන්න ."
"Damayanthi Fernando","https://www.facebook.com/damayanthi.fernando.756111","දෙන්නම එපා ඔකට නිදහස"
"Anil Gamage","https://www.facebook.com/anil.gamage.9469","Mhin tala baddat wadi kal nogos atulata"
"Jayalal Ranjana","https://www.facebook.com/jayalal.ranjana.98","චීවරේ / ලෝගුව පලිහක් කරගෙන ඕනම  ගේමක් දිල බේරෙන්න පුලුවන් කියල හිතන  අය  සමජයට පිලිලයක්...උසාවියක කැස්සත් දඩ ගහන ව නම් , මහේස්ත්‍රාත් ටත්  බැන  ල උසාවියෙ ඩෙඟා නටපු  ekekට  කිසිම සමාවක් දෙන්න ඕන නෑ..එහෙම උනොත් නිතිය හෑල්ලු වෙනව.අනික් පූජකයොත් හිතනව නිතිය  තමන්ට වඩා යටින් තියෙන්නෙ කියල.එයාලත් අර වගෙ හැසිරෙන්න ගනී...අනික මිනිස්සු හිතනව නිතිය  පූජකයන්ට වෙනම සලකනව කියල..එතකොට මිනිස්සුත් නිතිය care නොකර වැඩ කරන්න ගනී.."
"Ashaa Nisansala","https://www.facebook.com/people/Ashaa-Nisansala/pfbid034dkQoJ7qnJAQq3cQ1hT9ryW5eACtcvf9AehhTYiS49wEUjFm62tVzj697moJei6Dl","Denna"
"Chinthaka Samarasinghe Malc","https://www.facebook.com/people/Chinthaka-Samarasinghe-Malc/pfbid02iZgKV4Q6Ht1HkRTsdf2DBzJGsHknjosGu6vFUUMTkLFPtcDTVEDn6yJQhpxkvJMal","Adiyak ghanna salli ekathu karanawa...kauruth denna epa."
"Lakshan Sameera","https://www.facebook.com/lakshan.sameera.374","පන්සලෙන්   කලා  මුන්ට  විසෙ"
"Faizal Mohammed","https://www.facebook.com/faizal.mohammed.1650332","Yes super bro"
"Ialith Nihal","https://www.facebook.com/people/Ialith-Nihal/pfbid02zhPdMWy6ZWPeEeMktjKup8U93sgtdCUrPnh6HwUK2ATSR4WM2SKybtYj6FzuCoUml","වපුරපු අස්වැන්න තමයි තමන්ට ලැබෙන්නේ හැම කෙනාම  සිහි තබාගත යුතු දෙයක්  හිතවත් දේශපාලනයක් බලයට පත්වුණාම ඕනම හොරකමක් වංචාවක් දූෂණයක් වැරදි වැඩක්  කරන්න පුළුවන් කියන  ලයිසන් එකක් ලබාගන්තා කියන මතය ගොඩක් අයගේ හිතට එනවා  එහෙම ඇවිත් ඕනම වැරදි වැඩක් කරනවා  දුෂිත දේශපාලඥයන්  බලයට ගේනත්  උන්ගෙන් නිති විරෝධී වැඩ කරගන්න  එක එක ආගම්වල පූජකයන්  ඕනම බොරුවක්  ආගමික ගැටුමක් සමාජ ගතකරන්න පසුගිය කාලේ ලෑස්ති වෙලා හිටියා නමුත් උන්ගේ කරුමෙට අනුර කුමාර ජනාධිපති වරයා බවට පත්වුණා   අද ඒකේ ප්‍රතිඵල ලෙස  නීතිය නිතියක් ලෙස හරියට ක්‍රියාත්මක වෙනවා ඒ වැරදි කරපු  ආගම්‍  වල පූජකයන් නීතියෙන් වරද කරුවන්වි   දඬුවම් ලබමින් සිටිනවා   අද ජාති ආගම්  භේදයකි තොරව උතුර දකුණ නැතුව නිතිය හරියට ක්‍රීයාත්මක  වෙමින් ආදර්ශ ලැබෙමින් පවතිනවා ලාබෙට රට විනාශ කරන්න පුළුවන්  ජාතිවාදි ආගම්වාදීන්ට අවස්ථාවාදීන්ට අද යන එන මං නැති වෙලා ."
"Kc Sinha","https://www.facebook.com/people/Kc-Sinha/pfbid02EwM8yWvmFfFganJDTUHLr7U5XKdc7HkbK3gn384ECVdzNN8NCtjv45fLCJdsksjCl","මුන්.හාමුදුරුවරු.නොවෙ.බත්.බැලයො...මුන්ට.කන්නවත්.දෙන්න.එපා.."
"Nimal Gunaratne","https://www.facebook.com/nimal.gunaratne.98","හැකි ඉක්මනින් වැරදිකාරයට දඩුවම් ක්‍රියාත්මක කරන්න."
"Abdulsamad Mohamedraffai","https://www.facebook.com/amohamedraffai","Weradi karanam aniwaren thaduwam vidina oney.Neethipathila theerane karama   pssse monaa...."
"Kalahegamage Chandra","https://www.facebook.com/chandra.kalahegamage","අනිවාර්යයෙන්ම යවන්න ඕන."
"Manjula Senani Jayawardena","https://www.facebook.com/m.senani.jayawardena","ඔය මිහින්තලේ වනචාරීය නිසා දෙන්නම එපා"
"Susantha Kostha","https://www.facebook.com/people/Susantha-Kostha/61592577727931","වැරද්දක් කලානම් ධඩුවම් දියුයතු"
"Prasanna Abewikrama","https://www.facebook.com/people/Prasanna-Abewikrama/pfbid0DXSXuW8rZtkEP3sdjKbcy4W5C11gidMhWiNwVM82gtN9CRA2NBSHC3V72UGak6Gwl","Aniiwarayen ne"
"Ranasinha Arachchilage Lilarathna","https://www.facebook.com/ranasinha.arachchilage.lilarathna","මෙහෙම සද්දය දාගෙන මෙි කරන වැඩෙටත් නිතිය අවශ්‍යය."
"Hsm Kaldera","https://www.facebook.com/people/Hsm-Kaldera/pfbid0P85t4W28TxSLA9zgGdjPm2tFRx8BRJoTd1D4vMCTugJKEWhmQxfpTc2tpk5nnDnrl","අනිවාර්යයෙන්ම ඳඩුවම් දිය යුතුයි"
"Sudarshan Lalith","https://www.facebook.com/people/Sudarshan-Lalith/pfbid0KDFmyZSEEyUDhonxHHtsQnhbr26nuagXSDMA2cYkRNaGDu97Aug2noHHFGxzFJugl","නැත"
"Saman Bandara","https://www.facebook.com/glsaman","අනිවාර්‍යෙන් මේ චීවර දාරියෝ ආගම විනාසක්කරන පරයෝ"
"Rohana Silva","https://www.facebook.com/rohana.silva.328731","පෙනේ පුප්පන් නැකි උනාම රමිටියටක් බැදන් යනවා අනුරව.ඥනසාර සමහර කැක්වල නාමල් තවක් අය ටික දෙනෙක් කරන්නේ එයයි ජනපකි කුමනී  ඒවාට නියම දඩුවම් දෙන්නපමා නොවී."
"Abdul Rauff Mohamed Hussain","https://www.facebook.com/people/Abdul-Rauff-Mohamed-Hussain/100070620167633","Ob tuma Hari mete kalin hitapu janathipathi warau karapu weradihanda Tami Mey Aya mehema"
"Amarapala Ratnyaka","https://www.facebook.com/amarapala.ratnyaka","අයියො  ඹයා  ගැන  දුකයි, හිරිකිතය. එ  හාමුදුරුවො  මොකක්   කරාටද .  අයියො  තමුන්    වෙන  ලොකෙක  ඉදලා  අදද  මෙහාට  ආවේ .  මොකක්  කරාටද  කියලා  අහන්න  කලින්  මොකද්ද  නොකල  පර  වැඩ  කියලා  දැනගන්න. කඩේ  යන්න . හැබැයි  හරි  දෙ  තොරාබෙරාගෙන මිලදී  ගන්න. කුණු  දෙ  නොගෙන."
"Deshapriya Dias","https://www.facebook.com/deshapriya.dias.2025","හෙන බයිලා ගහනවා අන්තවාදීන් කොටස වැඩි උනදාට ඔවගේ කතා කරනනවත් නිදහස හම්බවෙන්නැ."
"Chaminda Wanniyarachchi","https://www.facebook.com/chaminda.wanniyarachchi.1","වද කොත්තු නැ"
"Emaduwa W J Sriyane","https://www.facebook.com/emaduwawj.sriyane","නැහැ"
"Ijas Ahamed","https://www.facebook.com/ijas.ahamed.747527","Jesta veerayek wunu sarath ponseka  Mahathmaya beraganda mehama  Degaluwe nene"
"Mangalika Ruwanpathirana","https://www.facebook.com/mangalika.ruwanpathirana.2025","සුපිරිම කතාව"
"Mhmd Nawfer","https://www.facebook.com/people/Mhmd-Nawfer/pfbid0ykgEby753AxU8CwPKx87NfCcYPnXaZjfFwe2gK1ZoBuJmgdFaHepc4aBUW7ShAtzl","Verigood voice cat"
"Tvanan Tamilvanan","https://www.facebook.com/tvanan.tamilvanan","Ranjan weradak kerananig"
"Saman Saluwadana","https://www.facebook.com/people/Saman-Saluwadana/pfbid0XY33sFpGG6tT2Jji6diiHUw6CYTeLvp978rtdMFnqKpJvKxKM2XrMRXxMt74XgUnl","මෙයාද  දැන්  තීරණ ගන්නෙ.....රටකට ගිය කලක්"
"Lakshman Gamini Weerakkody","https://www.facebook.com/gamini.lakshman.714","""නානසාර"" සහ මහජන මුදල්  අවභාවිත කල  මහත්තුරු නෝනල එක්ක නානසාර සම්බන්ධනම් ඒවා ස්වභාධහම නැමැති අධිකරනයෙන් මේ ආකාරයෙන් හෝ  දඩුවම් ලැබිය යුතුයී.."
"Gopal Ganesh","https://www.facebook.com/people/Gopal-Ganesh/pfbid05WCvbNc3YteGCeKafwxRa7tgr7jKdp4n28ihvE7C4bDznZC4VWxknzZyXDU9LXepl","Tho wage kalakanni wesa ballek"
"Mjm Fasmy","https://www.facebook.com/people/Mjm-Fasmy/pfbid0o8qnQMo3oWiRRtoBGQLE11RTcLPGj3YujUUfefQVPDX31Vp9aDowtFNwWpbdnCD6l","නීතිය ක්‍රියාත්මක කිරීම වලක්වාලන මහජන අත්සන් සංස්කෘතිය හෙළාදකිනමු"
"KH Wasanthasiril Siril","https://www.facebook.com/khwasanthasiril.siril","නැහැ"
"Theemi Madugala","https://www.facebook.com/people/Theemi-Madugala/pfbid02jiBqcV2qfeJuLo5ofTqHrkG9M8RtwNEZgtJLJmzmpxMKoPV91m9TVgg1qczNXsFQl","තිත්තගල්ල වෙන ප්ලෑන් එකක් ගහන්නෙ හොර තක්කඩි ගනයෝ😭😭😭😭"
"Anju Safari Udawalawa Siriwardana","https://www.facebook.com/people/Anju-Safari-Udawalawa-Siriwardana/pfbid0321wthb37MCAYLD2Fy5bDGSfp9CMe4n7XGMfTfncX547YiNGkVtR6ZvBitp6vNzXXl","අදිකරන තින්දුව ඔය කොයි ගනයටත් එකයි"
"Dharmasena Athaudage","https://www.facebook.com/people/Dharmasena-Athaudage/pfbid0KUyvXyksmYHidazDaCrvQiQZJts9XopV8n5huofP1mFxD9U6k2e8zkMuiVW528Atl","ඥානසාරට සමාව දියයුතු නැ .අනෙක් ජනයා  අතර වෙෙරය පැතිරවිම අශෝඛනෙස හැසිරිම බුදු පියානන්ගේ දේශනාවේ හරය කියවා අැතත්  අනුගමනය නොකිරිම විවරය අාගමික පුනර්ජිවනයට නොවන  දිසාවකට බාචිත කිරිම.චිවරය දරමින්  සහ විටක චිවරය නොදරමින් දෙබිඩි පිලිවෙතක් අනුගමනය කිරිම"
"Ravindra Ranganath","https://www.facebook.com/people/Ravindra-Ranganath/pfbid0jPBj3Cy7isyfxW1GFDzxn8hyRcfjVPsr57FvrMEeyBxPBo81T5TWR5m2VwCdRikCl","සමාව දිය යුතුම නෑ  නෑ නෑ,"
"Ratnayaks Marasinha","https://www.facebook.com/ratnayaks.marasinha","ඔය මහානායකලා කියන අයට මේවාගැන වගකීමක් නැද්ද?මේ අය නිහඬ කරන්නට බැරිද????"
"Prama Kumara","https://www.facebook.com/prama.kumara.733836","Achchu karanda"
"Wasantha Wijerathna","https://www.facebook.com/people/Wasantha-Wijerathna/pfbid034kjoJGRRCRoMy7a5ALPHK6jHitJJJ5MR4AEEPnDPQpyrgYSDHztn3KCcVXMXzfX1l","අත්සන් කරපු උනුත් ඇතුලට දාමූ"
"Onaki Sama","https://www.facebook.com/onaki.sama","Epa,epa,epa😡😡😡😡😡😡😡😡"
"Tuwan Siraj","https://www.facebook.com/tuwan.siraj.2025","තව අවුරුදු සියක් දිය යුතුය"
"Ranjith Nimalasena","https://www.facebook.com/people/Ranjith-Nimalasena/pfbid02rczJWGuinQbcpUebxDHosmseqT33mht6GxxynvsGJtc1XNeDHdD6p5bMXn7N1kbnl","JANADHIPATHI,  SAMAWAK. DHIYA  UTHU  NETHA...."
"Darmapriya Weerasinghe","https://www.facebook.com/indika.weerasinghe.7921","Neethiya samata"
"Abdul Azees Azees","https://www.facebook.com/abdul.azees.azees.952045","ඔබගේ අදහස සාධාරණයි.  අධිකරණයක් විසින් ලබා දුන් තීන්දුවක්, විශේෂයෙන්ම මහාධිකරණය විසින් තහවුරු කරන ලද තීන්දුවක් නම්, එය රටේ නීතියේ ආධිපත්‍යයට ගරු කරමින් පිළිපැදිය යුතුය.  මුස්ලිම් ජනතාව විසින් අනුගමනය කරන අල්-කුරානයට අපහාස කිරීම සහ මුස්ලිම් සමාජයට අපහාස කිරීම සම්බන්ධයෙන් අධිකරණ ක්‍රියාමාර්ගයක් ගෙන දඬුවමක් ලබා දී ඇති අවස්ථාවක, නැවත ජනාධිපති සමාවක් ඉල්ලා සිටීමත්, එම සමාව ලබා දෙන ලෙස මහජනතාවගෙන් අත්සන් එකතු කිරීමත්, අධිකරණ ක්‍රියාවලියට ගරු කිරීම පිළිබඳ ප්‍රශ්නයක් මතු කරයි.  මෙවැනි ක්‍රියාමාර්ග සාමාන්‍ය තත්ත්වයක් බවට පත්වුවහොත්, අනාගතයේදී ඕනෑම ආගමකට අයත් පුද්ගලයෙකුට වෙනත් ආගමක් හෝ එහි විශ්වාසයන් අපහාස කර, පසුව මහජන සහාය ලබාගෙන සමාවක් ඉල්ලා සිටීමට අවස්ථාවක් ඇති විය හැකිය.  මෙය එක් ආගමකට පමණක් අදාළ කරුණක් නොවේ.  කුමන ආගමකට අයත් වුවත්, වෙනත් ආගමක්, එහි පූජනීය විශ්වාසයන් හෝ ආගමික ග්‍රන්ථ අපහාස කරන ඕනෑම පුද්ගලයෙකුට නීතිය සමානව ක්‍රියාත්මක විය යුතුය.  ආගමික සහජීවනය සහ සමාජ සාමය ආරක්ෂා කිරීම සඳහා නීතියේ ආධිපත්‍යයට ගරු කිරීම අත්‍යවශ්‍ය වේ. වැරදි ක්‍රියා වැළැක්වීම සඳහා නීතියට අනුකූලව සුදුසු ක්‍රියාමාර්ග සහ සාධාරණ දඬුවම් ක්‍රියාත්මක කළ යුතුය.  නබි මුහම්මද් (සල්) තුමාණන්ගේ ප්‍රසිද්ධ හදීසයක සඳහන් වන වැදගත් කරුණක් වන්නේ:  “මුහම්මද්ගේ දියණිය ෆාතිමා සොරකම් කළත්, ඇයට එරෙහිව නීතිය ක්‍රියාත්මක කරමි” යන අදහසයි.  මෙහි මූලික පණිවිඩය වන්නේ පවුල, තත්ත්වය, ධනය හෝ බලපෑම කුමක් වුවත්, නීතිය ඉදිරියේ සියලු දෙනා සමාන විය යුතු බවයි.  අපේ රට තුළද එම මූලධර්මය ආරක්ෂා කළ යුතුය.  අපගේ ආගම කුමක් වුවත් — නීතියට ගරු කරමු. අන් අයගේ ආගමික විශ්වාසයන්ට ගරු කරමු. ආගමික සහජීවනය ආරක්ෂා කරමු. නීතිය ඉදිරියේ සියලු දෙනා සමාන බව තහවුරු කරමු.  බලපෑමක් හෝ මහජන පීඩනයක් මත පුද්ගලයන්ට විශේෂ වරප්‍රසාද ලබා දෙන සමාජයකට වඩා, සියලු දෙනාට එකසේ නීතිය ක්‍රියාත්මක වන සමාජයක් සාධාරණ සමාජයකි.  #නීතියේ_ආධිපත්‍යය #ආගමික_සහජීවනය #නීතිය_ඉදිරියේ_සමානත්වය #ශ්‍රී_ලංකාව"
"Suresh Silva","https://www.facebook.com/suresh.silva.491842","පල්ලෙගම නැද්ද කතා , ඕ ප්වු පවූ,  සාසනේ කන්නෙම සාසනෙන් , මුන් ඔක්කොටම දඩ ගහන්ඩ ඕන උසාවි නියෝගයකට විරුද්දව සමාජය නොමග යැවීමට හා විරෝදය පලකිරීම වෙනුවට විරුද්දව"
"Rmk Ariyarathna","https://www.facebook.com/rmk.ariyarathna","දෙයි  දෙයි"
"Kumudu Lakmal","https://www.facebook.com/kumudu.lakmal.581","නානාසාර හරි චන්ඩියා අර හාමුදුරුවෝනට පට්ට කුනුහරුපෙන් බැන්නේ මිනිස්සුන්ට  කතා කරන්නේ හරිම අසික්කිත විදියට"
"HM Gunarathna","https://www.facebook.com/hm.gunarathna.846439","Agemsk.genadanewada.kapeat.adegstteta"
"Chandriks Abeysinghe","https://www.facebook.com/chandriks.abeysinghe","Definitely,  mee hamuduruwanta daduwam de na ona"
"Ishara Lakshitha","https://www.facebook.com/ishara.lakshitha.643326","අධිකරණ  තීරණය එක වෙන්න ඔනි අගම එක වෙන්න ගියාම රට විනාස වෙන්නෙ . හිරෙම යවන්න"
"Harsha Dushmantha","https://www.facebook.com/harsha.dushmantha.50131","Ane munta Pissu Dan"
"Abdul Sattar","https://www.facebook.com/mohammed.sattar.5815","Athakota hire Enna sadula mokadda venne"
"Shm Ali","https://www.facebook.com/shm.ali.73","Yes"
"Sarath Jaanaka","https://www.facebook.com/sarath.jaanaka","Agama rate nithiyata pahalin thibiya yuthuamy"
"Mohamed Jiffry","https://www.facebook.com/mohamed.jiffry.798278","Yes your definitely correct  ✅️ 👌 නීතිය හැමොටම සමානයි ...."
"Janaka Kariyawasam","https://www.facebook.com/janaka.kariyawasam.850873","Keri ganayo merumnokapala ammata.hukogannenethuwa .topita api hemagedarakinma supiriyatama dane deela.serama pansalwalawedath karala.ammata hukogannenethuwa siwurath thiyala pala keriyo meannantha dukvidala apiganna salli paharaballo.thopi wagenari nawanna be apita.rassawak karala kala balapiya balu huthigeputha.matanam ahuwenna epa.kalakanniya.siwra erapan .gukana balla sasane thiyapan."
"Sudantha Wirasiha","https://www.facebook.com/sudantha.wirasiha","Samaja gathweya yothumai me karanawa..danuwht karamu minisun..Budda chiwarayata muwawe Karana me asobana kirya nawhttamu"
"Sampath Thushara","https://www.facebook.com/sampath.thushara.494445","Okun okma badukarauyo dusithayo hora ganayo"
"Micheal Lakshan Perera","https://www.facebook.com/profile.php?id=100007420153406","Loweth samawa denna hoda naha.. Moko pora politics karanakota, ohe kiyawanakota meh ay koheda htye?? Monawada kiwwe??   Dennama hoda naha samawak nam.."
"Arwin De Silva","https://www.facebook.com/arvin.desilva.12","ඔය ඥානසරට ඇති ආදර්ශයක් නිසා නෙමෙයි අනුරකුමාර ජනාධිපති තුමා අපහසුවට පත්කරන්න කරන වැඩක්.අත්සන් කෝටියක් ගත්තත් ඔබතුමා ඕවට අත්සන් කරන්න එපා."
"Ranjan Somarathna","https://www.facebook.com/people/Ranjan-Somarathna/pfbid022B82KqLLm9X1cW1QCwT7AKmeg8ihL9jjpBuH9DGyuaCFr6fiFcQCHw6LLnLU4thFl","කතා  කරන්න  හැසිරෙන්න  ගරු කරන්න.ද්නනෙ නැති උන් මොකක්  උනත්  මිහිපිට  නිසිටිය යුතුය ...."
"Keerthi Bandara","https://www.facebook.com/people/Keerthi-Bandara/pfbid0g4YFCwFmvHUqYis55ah28vSYFvSwiSmmRfujLuF7ZUvxVB8oti7NXZbjxiU5Xw2Tl","මෙවගේකෑගහන. හොරසිවුරුකඩයලාටත් හොදපආඩම. ඔයමිනිහ ඇතුලටමතමයි.😰😰😰😰😰😰😰😰😰"
"Sameera Weerasingha","https://www.facebook.com/people/Sameera-Weerasingha/pfbid0XcWkZZm2KoLxT36XUezeBaoKphms621UWiG6qxJoPhYVkDXEpiXnMShZWZG567wml","Samawa epa"
"Dayantha Nanda","https://www.facebook.com/people/Dayantha-Nanda/pfbid0tWRC7LQxbw9Xmx1BmyA7nMpyXgM2S6rzew7Yky1iRd7yPFwH2qVVvkWoW7yPJeapl","Me wage thiththayo ona tharam wawwala"
"Aravinda Leema","https://www.facebook.com/people/Aravinda-Leema/pfbid02MbBpRYQXBU2mLPSDoK8VoA5QpjjRa4aKCbX7LZD6L9PaG8o92etxCb3Hm8e6xBUFl","Oya kariyata samawa dennama epa oya para balla"
"Manoj Sugath","https://www.facebook.com/people/Manoj-Sugath/pfbid0kJv9NvJEUpPZNCW4kqfkL7mZ5a1EmzuRnJrSoNoyooiEaoo28u5Rz4jS9Vzfid5Fl","Seurata muwa wela waradi karanna ba..nithiya hamotama .akai.."
"Saliya Tennakoon","https://www.facebook.com/saliya.tennakoon.73","ඔහු සිර කල යුතුයි"
"Sumith Niroshan","https://www.facebook.com/sumith.niroshan.218328","Mun Tama Swra dagana rata vanasana hatta"
"Thissa Perera","","සම්පුර්ණ ඇත්ත 👍"
"Dharmasena Herath","https://www.facebook.com/people/Dharmasena-Herath/pfbid0n3HHcQYDVTVT8TzuGNGESYjK8DmphqPjdwA5Ej4Yqt8joEJoRrKxJ9MwQ8LF1yWDl","අදිකරනය දඩුවම් දීලා තියෙන්නෙ. ආයෙ කෙදිරි ගාලා වැඩක් නෑ."
"Andy Fernando","https://www.facebook.com/andy.fernando.963871","මුන්ව ජෝක් එකට අරගෙන අත්සන් ලක්ෂ 50 දුන්නෝත් ගලයව නිදහස් කරනවා කියලා"
"T A Wimal Thenuwara","https://www.facebook.com/people/T-A-Wimal-Thenuwara/pfbid02KFf6N2nD5GZznyfoUD7d6DsgJkfPA7UndHBDqgFV5uEWGYNK14oeDY2BdQaRJDcRl","Mhata.   Samawa.   Dunnoth.   Warade.   Karapu.   Anith.  Ayatath.   Samawa.   Deya.   Uthye.    Warade.   Karanma.    Daduwan.  Wedeya.   Yuthuye"
"Palitha Nandana","https://www.facebook.com/palitha.nandana.3","Okunta pissu"
"Yasas Randiima","https://www.facebook.com/yasas.randiima","ලංකාවෙන් පිට ඉදගෙන අනුරට කඩේ යන ගමන් සරනාගත විදියට ලංකාවේන් පිට ඉදන් ලංකාවේ ඉන්න මිනිස්සු හදන්න හදනවා...   දැන් ලංකාවේ මිනිස්සු හදන්න පිටරට ඉදන් පුළුවන් ද?  නානසාර හාමුදුරුවෝන්ට නිතිය ක්‍රියාත්මක කරන්න ඕන නම් අර ජිවන්ත පිරිස්ටත් නිතිය ක්‍රියාත්මක කරන්න ඕන."
"Shabri Mohammed","https://www.facebook.com/people/Shabri-Mohammed/pfbid0zowjnu9jhMMFGhmP8eAP9kZdCzdsrikN89arMbGQqimrfFzM1iX5VaCtBxsiNNTil","Great speech 👏💯"
"Sarath Madusanka","https://www.facebook.com/sarath.madusanka.536469","ඒකාලේ චන්ද හිගා කනවා කිය කියා ජනාධිපති තුමාට  කෑගහපු උන් .අද සමාව දෙන්න කිය කියා අත්සන් හිගා කනවා . ආඩම්බරයි යකූ අපි ගහපු කතිරේ ගැන"
"Anura Gunasekara","https://www.facebook.com/anura.gunasekara.378","අද ලංකාවේ පාතාල දෙකක් තියෙනවා. පළවෙනි පාතාලෙ තමයි චීවරධාරියෝ. උන් හරිම භයානකයි මහජනතාවගෙන් වැඳුම් ලබ ලබා පිනට කනවා බොනවා. හොඳට හම්බු කරනවා. උන්ට ඕන දෙයක් කරන්න පුළුවන් කියල හිතාගෙන ඉන්නවා මේ චීවරය දාගත්තම ඇත්තටම රටේ මිනිස්සු එකතුවෙලා මුන්ගේ කොඳු කඩන්න ඕන කොඳු කඩලා එලවලා හොඳ උතුම් බෝධිසත්ව කාරුණික පින්වන්තයින් බුදුන්ගේ උතුම් දහමම රකින ආරක්ෂා කරන පෙර පින් බලයෙන් මහණ දිවියට සුදුසු අය මහණ කරගන්න ඕන ඒක තමයි යථාර්ථය"
"H M Senarathna Buddagama","https://www.facebook.com/hmsenarathna.buddagama","ඤානසාරව යවන්ඩ ඔින මුංට රෙවෙන්ඩ"
"Malkanthi Malkanthi","https://www.facebook.com/people/Malkanthi-Malkanthi/61572959055299","කියල වැඩක් නැහැ පල්ලේගම වෙනුවෙනුත් අත්සන් එකතු කරයි තව ටික දවසකින් අවුරුදු තුනම පස්සෙන් පන්නනවලු අනේ මන්දා මේ හාමුදුරුවරුද ඒ ක් මාර ද්වේෂයෙන් වයිරයෙන් කියන්නෙ මෛත්‍රීය ලෝකෙට කියල දෙන්න ඕන දක්වන්න ඕන හාමුදුරුවරු ඔන්න ඔහොමයි හැසිරීම"
"Vijitha Hewasinghe","https://www.facebook.com/vijitha.hewasinghe.9","එපා ඕකා එලියට ආවොත් හියාට වඩා පවර් එක වැඩි වෙනවා...කතා කරන්න දන්නැති අමු තිරිසනෙක් දැක්කනේ අර හාමුදුරුවන්ට කතා කරන කැත පැවිදි අයට එහෙමනම් ගිහි අයට කොහොම වෙයිද....???????"
"Rathna Sri Hendawitharana","https://www.facebook.com/rathnasri.hendawitharana","මේ වාගේ හොර තක්කඩි කහරෙද්ද ට සමාව දුන්නොත්  අනෙක් අය යහමගට ගත නොහැකී වේවී මේ පින්ගුත්තර යන්ගේ හොර්න්ගේත් සුරා සෝඩයන්ගේ භූමීයක් වේවි"
"Piyasiri Gallage","https://www.facebook.com/people/Piyasiri-Gallage/pfbid0SVnmUv9MwpUz6cD7zUUc8aUkKy1NpEEqGgyQfZvR8i98QnpJfGHawvgER2L6gr7Gl","දෙන්නම එපා"
"Priya Thirimanna","https://www.facebook.com/people/Priya-Thirimanna/pfbid0fSPc4coGne96kUjTpgUZGXybabsq9oyiaKHgwUvZeiL8skKfSQe9ckSs27sSWdD4l","Okata samawa nemai okawa panuwo gahala marenna ona"
"Nimal Fonseka Fonseka","https://www.facebook.com/nimalfonseka.fonseka.5","Kisima awasthawaka ADIKARANyen warada karuwaku  wechcha kenekuta janaxilathi samawa dunnoth adikaranayen wadak natha Adiksransyath oya wage cheewara darintama bara denna wei"
"Sugath Kumara","https://www.facebook.com/people/Sugath-Kumara/pfbid0YcqCynng5CfgpAEtpAFbtdE84KDpPjxxMCqgSENP8RirvPjkeG9is9Acpd48LfMsl","මුං හිරේ යවන්න ඕනි"
"Warnakulasuriya Milroy Fernando","https://www.facebook.com/people/Warnakulasuriya-Milroy-Fernando/pfbid0JNL5uzxJB3waFh1TJteNNXtjpffrJb1DnJfKpnddKrCJxU6gmXM8UbC1PvzPGi8El","සහතික ඇත්ත කතාව"
"Upali Jayasinghe","https://www.facebook.com/people/Upali-Jayasinghe/pfbid0aUjPC2U1JZhJ39qSA8FJQB7G5AZ2eyT5RW2MtPucXaR3AsjQRvbJTzeHcMTpZqqpl","Atsan  ekatukarana  kahakada  gonwassan  adikaranayatà pamunuwanna"
"Priya Sooriyasena","https://www.facebook.com/priya.sooriyasena.1","Ane Sadu"
"Chithra Perera","https://www.facebook.com/chithra.perers","සම්පූර්ණ ඇත්ත"
"Iqbal Azeez","https://www.facebook.com/iqbal.azeez.39","අධිකරණයට ස්වාධීනව කටයුතු කිරීමට ඉඩ දෙන්නේ නම්, එය රටේ ස්වෛරීභාවය ආරක්ෂා කරනු ඇත."
"Sanju Loku","https://www.facebook.com/people/Sanju-Loku/pfbid0oPoZr8CAzK72yrHA41N9V9zxD4ZNpE3cYDkBgwuSDfHX6h7F49WTmbq6dLsvgPwTl","namA kiyala Katha karanne tho hithuvada avajathaka ballo thoge maha ekata Katha karapiya tho avilla ballanta jathaka uni tho panuvio thiyala merennee"
"Dilham Dilham","https://www.facebook.com/dilham.dilham.75641","අත්සන් ලක්ෂ 50 නෙවෙයි කොටියක් ගත්තත් වැඩක් නැ . කරපු පව් ටික පලිස්සම් දෙනවා අනිවාරෙන්ම"
"Nelita Amarathunga","https://www.facebook.com/people/Nelita-Amarathunga/pfbid02n7KZsSvca8mdgfFPv2FXyc3XiMDPsLRE8BNb1j598YWUqNZLrRygn1t3k5kNwNBPl","නානසාර හිරගෙදරට  හැවිය යුතුයි   අනිවාර්යයෙන්ම 🤣🤣🤣"
"Ruwan Ekanayaka","https://www.facebook.com/ruwan.ekanayaka.3975","මිහින්තලේ කියන්නේ අති උතුම් තැනක් ඕකා ඒ තැන විනාශ කරා"
"Nethasin Sirani","https://www.facebook.com/nethasin.sirani","මුන්.හිතා.ඉන්නෙ.කහ.රෙදිකෑලි.පටලගත්තම.රටම.රුවටෙනවා.කියල..ඒ.ඉස්සර.දැන්.කහකඩ.වලට.අපි.රුවටෙන්නැ.."
"Imthiyas Mahroof","https://www.facebook.com/jeeva.produce","Obathumagay kathaawa hariyata hari"
"Wasantha Kumara","https://www.facebook.com/wasantha.kumara.497959","Adikanayata karana apahasayak mun me hamuduruwaru nam wenna be meunuth ganna athadanguwata"
"ඉන්දික ගුණසෙන","https://www.facebook.com/5wrgo8a7qh","මේ සංඝ කල්ලිය තමයි බුද්ධාගම විනාශ කරන්නේ ඔය හතර පස් දෙනා.ඔය කට්ටිය ප්‍රසිද්ධ මාධ්‍යයේ ඔය විදියට ඇසිරෙනකොට .ගම්බදසමහරක් පන්සල්වල.හාමුදුරුවෝ.කසිප්පු හරක්කු බොනවා.ගංජා.සමහරක් අය.පන්සලේ ගෑනු තියන් මාට්ටු වෙනවා.තව සමහරක් කොල්ලෝ තියම් මාට්ටු වෙනවා.ඕවා බොරු නෙවෙයි ඇත්ත.ප්‍රසිද්ධියේ පොලිසියටත් භාර දෙනවා.ඕවා අපි දකිනවා.ඔය විදියට ඇසුරුනොත් දිගටම.සංඝ සමාජයම පිරිහෙනවා.සමහරක් අය මහණ වෙලා තියෙන්නේ ආතල් ගන්න.ඇයි පිනට කන්න බොන්න ටික හම්බවෙනවා.සල්ලි හම්බෙනවා.නිකම්ම හොඳට හම්බු කෙරිය හැකි.අර කලින් චීවරය දාගත්තු කෙනෙක්.බණ කියලා.කෝටි ගණන් සල්ලි හම්බු කරලා.ගේ සුජී වගේ බණ තලලා.සිවුර ගැලෙව්වා.ඌට ඒ කරපු වැඩේ මෙලොවදිම පරිසන් දුන්නා.ඕවන්ට දෙන්නේ අහිංසක මිනිස්සු දුක් මහන්සියෙන් හොයන සල්ලි."
"Bhikku Kathiyana","https://www.facebook.com/kathiyana","Mr.baratha හැම වැඩක්ම පැත්තක තියලා ඔය ලින්ක් එක බලන්න සැබෑ ශ්‍රී ලාංකිකයෙකුගේ හඬක්https://www.facebook.com/share/p/1CTXdzHvWU/"
"Bhikku Kathiyana","https://www.facebook.com/kathiyana","https://www.facebook.com/share/p/1CTXdzHvWU/"
"Gayan Wajira","https://www.facebook.com/gayan.wajira","පුදුමයි මේකට ජනමත විචාරණයක් අවශ්‍යයි කියන්නේ නැති එක තාම."
"Sagarika Wickramanayaka","https://www.facebook.com/sagarika.wickramanayaka.2025","කිසිම සමාවක් නම් එපා තක්කඩි න්ට"
"Ethiyan Mohamed Asry","https://www.facebook.com/people/Ethiyan-Mohamed-Asry/pfbid05djz1MgVcHvdAmDEizattRyb4Wjy1EsALLBc675Q13L92hFcotmf7fiNbj1kpu8gl","මම මෙසේ කියනවා නම් සමාවෙන්න. ශ්‍රී ලංකාවේ පමණක් නීතියට ගරු නොකරන ආගමික නායකයන් සිටින බවක් පෙනෙන්නට තිබේ. වෙනත් රටවල ආගමික නායකයන් නීතිය උල්ලංඝනය කළහොත් ඔවුන්ට එරෙහිව නීතිමය ක්‍රියාමාර්ග ගනු ලබන අතර, ඔවුන් අධිකරණය හෝ විනිසුරුවරුන් ලබා දෙන තීරණවලට විරුද්ධව අදහස් ප්‍රකාශ නොකරති. ඔවුන් සාමාන්‍යයෙන් මැදිහත් වන්නේ ජනතාවගේ ආගමික කටයුතුවලට පමණි. නමුත් ශ්‍රී ලංකාවේ තත්ත්වය එසේ නොවන බව මට හැඟේ. ඇතැම් ආගමික නායකයන්ට ඕනෑම පුද්ගලයෙකු සම්බන්ධයෙන් අදහස් ප්‍රකාශ කිරීමටත්, වෙනත් ආගමික නායකයන්, ආගම් සහ දෙවියන් පවා අපහාසයට ලක් කරන ආකාරයෙන් කතා කිරීමටත් හැකි වී තිබේ. එවැනි අවස්ථාවලදී රජය විසින් ප්‍රමාණවත් නීතිමය ක්‍රියාමාර්ග ගන්නා බවක් පෙනෙන්නට නොමැත. මේ දක්වා ශ්‍රී ලංකාවේ සිදුවී ඇති දේ සම්බන්ධයෙන් බලන විට, ශ්‍රී ලංකාවේ ජීවත් වන සුළුතර ජන කොටස්, විශේෂයෙන්ම ඇතැම් බෞද්ධ ආගමික නායකයන්ගේ ප්‍රකාශ සහ ක්‍රියා හේතුවෙන් පීඩාවට පත්ව ඇති අවස්ථා තිබේ."
"Sigiri Suncap","https://www.facebook.com/sigiri.suncap","ඊලගට අටමස්ථානාධිපතිත් ඉල්ලයිද,,,,, අහම්බයක් වුන විදියට."
"Jayantha P Dissanayake","https://www.facebook.com/people/Jayantha-P-Dissanayake/pfbid0s4etw8AvP2KSKXyGZMSsB97TzoaYxW56p1DvaaLaQVemvLbWxXu83hC5tpAvkWCyl","සැම නීතියට යටින්"
"Randeniya Nihal","https://www.facebook.com/randeniya.nihal","Apa. Danna.  Samawa.  Danna"
"Kusum Jayantha","https://www.facebook.com/kusum.jayantha.3","Thopi sihalayoda kalakanniyo"
"Dayananda Himi","https://www.facebook.com/dayananda.himi.7","හොඳ කතාවක් කියවුනා මව්ලවීලයි ඤාණාසාර හිමියි හිරේ යන්න කරලා තියන වැරද්ද වෙනම කතාවක් කියලා හ්ම්ම්ම්"
"Riyadhu Riyadhu","https://www.facebook.com/people/Riyadhu-Riyadhu/pfbid02PihnNm1dAa9RpMQ95YAnuVH3xnvpM4JPLHc5TCQw3YjHEZzSkUntaqfitoGgXkugl","Math Muslim un moulavila newei awajathaka kalakanni musalayo unta ballo kiwwoth ballantath awanambui"
"Sundarapperuma Palitha Janaka Kumara","https://www.facebook.com/sundarapperuma.palithajanakakumara","බුදු දහම බුද්ධ චීවරය අපරාධ සාමය කඩවන වැඩවල යොදා ගැනීම මහා දඩුවම ලැබිය යුතු වරදකී"
"Ssm Dady","https://www.facebook.com/people/Ssm-Dady/pfbid0xN5dXdkVk3iFDfAVTLW7jeszatr6Fkqgg5iBD1XAkin94xdVt4wHYPfPpgjeNXijl","Ohoma samawa dunnoth waradi karapu okkoma nidahas karanna wenawa"
"Priyantha Nayomi Samaraweera","https://www.facebook.com/people/Priyantha-Nayomi-Samaraweera/pfbid02CMQJPFgCbjScb25Q8ad5M2gUw7J4qrRUsSSRL8QxMvL3SAdHHeP6sdgEReztW3fQl","මුන්ට   මොකටද  සමාව"
"Kalum Susantha","https://www.facebook.com/people/Kalum-Susantha/pfbid02uJqBmUv7ZuvPPM1egoAwcgknwjoHBHv87JkQ9QX7CJLzmAFWzEqf1gN8c4LhA1mZl","ජනාදිපති සමාව නොදිය යුතුයි"
"Tilak Dewa","https://www.facebook.com/tilak20","ගුනවත්,සිල්වත්,දැහැමි,මයිත්රිය පතුරවන,ධාර්මික බික්ෂුවකට වැරදීමකින් වගේ දීපු හිර දඩුවමක් නමි ඡනාධිපති සමාව ඉල්ලන එකත් දෙන එකත් සාධාරනයි. ඊට හාත්පසින් වෙනස් දෙයක් මෙතන වෙන්නෙ."
"Upul Santha","https://www.facebook.com/upul.santha.1840","කිසිම සමාවක් නොදිය යුතුයි නාන සාරට"
"Asiri Jayakody","https://www.facebook.com/asiri.jayakody.2025","Oka hire නෙමෙයි ellum gas යවන්න one ජනපති තුමni"
"Gallewe Punngasara","https://www.facebook.com/gallewe.punngasara.9","ඉස්සරලා තමුන් කතාකරන්න ඉගෙනගන්නවා.හැකිනම් මා සමග සංවාදෙකට එනවා"
"Udani Rucky Nalawatta","https://www.facebook.com/udani.nalawattage.33","Gallewe Punngasara aniwaryenma ape hamuduruwane"
"Iluka Dananjaya","https://www.facebook.com/profile.php?id=100000013557778","අදිකරනේ නමන්නේ ආන්ඩුවනේ බන් ඒ ගැන කතාකරපන් ගෝතයා"
"Billy Hargev","https://www.facebook.com/people/Billy-Hargev/pfbid0LsuZCA1sgv9CudiTfKaeT9NdKo3uRv9s6MicuNt2wtQueuS9QtTyCp2sYvTNEn7tl","Weradi keruwoth nethi anukkuluwa kawruth ekai sarata nedahas denna eppa"
"Deneth Samantha","https://www.facebook.com/people/Deneth-Samantha/pfbid02n2WtTmMdZSYJhP3bbk5iR4KNmRjtRqnTNrkbuo9XkQpc7urNmFHFtUrKYeJB2JAJl","බනක් බාවනාවක් කරගේන  දැහැමි සමාජයක් හදාගෙන ඉන්නැතුව හෙරැ මන්කෙල්ල කාරවයොත් එක්ක ගියාම හිරෙ යන්න නවනව"
"Prasanna Rupasinghe","https://www.facebook.com/people/Prasanna-Rupasinghe/pfbid028wjQ5By2Qp6kD5xYrbdUcvsUwn5hPRwk2fhJszLdsXe7gziAioMAxH7ubPQDUdMql","හමුදාවේ කොල්ලොන්ට කරපුව පටීෂන්දේනව කොල්ලොන්ට කරපුව කොව්වර වැඩකරව ගත්තද"
"Thushara Nadakanda","https://www.facebook.com/thushara.nadakanda","වැරදි කරාම දඬුවම් විඳින්න ඕන"
"Nadeshan Rajendran","https://www.facebook.com/nadeshan.rajendran.2025","Sarath ponsekata wath mechchara mhansi unenhe megollo"
"Jerome Herft","https://www.facebook.com/jerome.jerome.140294","Thank you Sir, ❤"
"Ranjith Wickramasinghe","https://www.facebook.com/ranjith.wickramasinghe.1","උසාවියෙන් වරදකරුවන කිසිවෙකුට ජනාධිපති සමාව ලැබිය යුතු නොවේ"
"Mohamed Samsudeen","https://www.facebook.com/mohamed.samsudeen.376","Daduwam dunoth anith ayata honda padamak vevi. Awrudak etulay thiyala samawa dunoth  hari"
"Anurudda Sampath","https://www.facebook.com/people/Anurudda-Sampath/pfbid02rEi8QvwhPywHfqWTJS9mdrcuJP3qmT8tCT6iTxzqtAdrh1fj2AW6dfUmkXcYK2yTl","Okta siura glawla Ella ghnn oni pkya"
"Jayasinghe Jmj","https://www.facebook.com/jayasinghe.jmj","Owun kahakadayone"
"Marshal Daniel","https://www.facebook.com/marshal.daniel.1000","Great information sir thanks lot Sir"
"Mi Mie Pieris","https://www.facebook.com/mi.mie.pieris","මිහින්තලය පුදබිම මෙකට මුල්කරගත්තට අපෙ විරොදය  ත්‍රයිනිකායෙ මහා එවුන් මෙවටනෙ ලියුම් ලියන්න ඔනෙ"
"Lakshman Kumara","https://www.facebook.com/people/Lakshman-Kumara/pfbid0bjnxHcPEPBFckYHPCCdEy24jix6wM5dLpHRNWuCiHL9E2GEYQ8ijLGWSsUc2e1D7l","ape janadepate moda   naha"
"Priyantha Karunathilaka","https://www.facebook.com/priyanthanedungamuwa.nedungamuwa.3","මුන් කාලකන්නි හිවල්ලු  කහකඩයො"
"Stanley Keeragala","https://www.facebook.com/people/Stanley-Keeragala/pfbid0MMY73RxrZtuK9H7v9pwxHo9kp6kbf4PSW7pcYTPXh3DySxpJZkYkHVZDMToNTEzSl","ගරැ  අධිකරණය බාල්දු නොකර පිරිසුුදුව තියාගන්න. එවිට සමාජයම පිරිසුදුවේවි..."
"Bandara Gunarathna","https://www.facebook.com/people/Bandara-Gunarathna/pfbid0Zstn5Nhu9tED22TUqe9asq76V1hoYDqsc1mQmrFRuBvu7Ut58bbbNhaGuWNnF868l","කෙලින්ම ජම්පර්."
"Gunawardana Dharma","https://www.facebook.com/gunawardana.dharma.2025","Diya utu naha"
"Sanjeewani Sanjeewani Sanjeewani","https://www.facebook.com/people/Sanjeewani-Sanjeewani-Sanjeewani/pfbid05v1n3Z8uwAe5ftHXbBXfgjPZNbNCJSsC9DyTMzQm57j5Mv1sXTA4i9y7dwEa74tvl","Munge siura galawala gahanna one"
"Roshan Bandara","https://www.facebook.com/roshan.bandara.421842","Denna epa"
"Jayantha Jayathilaka","https://www.facebook.com/jayantha.jayathilaka.18","හේතුව හිටපු ජනපතිවරු ජනපති සමාව අවභාවිතා කලා.මිනිමරුවන් දෙදෙනකුට  මෙම සමාව හිමිවුනා.දැන් ඒකෙ වටිනාකමක් නෑ.කසිප්පු කාරයෙක් හිරේ ගියත් ජනපති  සමාව බලාපොරොත්තු වෙයි"
"Gamini Mathew","https://www.facebook.com/gamini.mathew","Mona pissuwak de"
"Mohomed Inaam","https://www.facebook.com/mohomed.inaam.5","Denna apa mun amuduruwo nowai mun patalayan"
"Dilip Silva","https://www.facebook.com/dilipthushara","Trac da yako ubata"
"Shehan Madusanka","https://www.facebook.com/people/Shehan-Madusanka/61572231400089","අධිකරණයට අපහාස කරනවා කියලා ඔවුන්ව දාන්න ඕන හිරේ කොන්ද පණ තියෙනවනම් නීතියට"
"Dee Hetti","https://www.facebook.com/profile.php?id=697647251","Sahathika aththa.  Ehenam neethiyak oni Naha. Okkoma nidahase hitiya wage inna denna wenne."
"Chaminda Gamage","https://www.facebook.com/chamindagamage.pallevelagamage","අත්සන් කරපු එවුන්ටත් හිරේ යවන්න ඕන"
"Naveen Eranda Jayasekara","https://www.facebook.com/people/Naveen-Eranda-Jayasekara/pfbid02gUg3LW9of3LC1LRjf3xNj9ASJiT8MAG3YGcxPQLvCsSeJRTdda5e1i7NtX1f3vLnl","Palayan bagayo. සිවුරු dagena kalakanniiii"
"Nalin Fdo","https://www.facebook.com/nalinnandana","Kahakada හැත්තෑ 😂"
"Fuward Mohamed","https://www.facebook.com/fuward.mohamed.1","Netha"
"Itt Thrimavithana","https://www.facebook.com/people/Itt-Thrimavithana/pfbid0LMSKPcSkg2yDJeCY6wFGJzqwiJBJdsoyWxcmbyHmobDJ1CxAJDNx3XmBuFZVrJFUl","ඔය ඵක්කම පල්ලේගම්යාටත් සාමාව අරගනිල්ලා"
"Tuan Naim Burah","https://www.facebook.com/tuan.naim.burah.2025","ජාතිවාදය වපුරනවා එයා දඩුවම් ලැබෙන්න ඔනැ"
"Nipun Sampath","https://www.facebook.com/nipun.sampath.3726","වරදක්  කරානම් මොකා උනත් හිරේ යන්න ඕන දඬුවම් කරන්න ඕන වරදක් නොකරවනම් මොකටද ඔච්චර බය වෙලාා දඟලන්නේ....මේ සමාජය ශ්‍රී ලංකාව මේ තත්වෙට ගෙනාවේ.හොර පූජකයොයි අමන පාලකයෝයි. ඕක තමයි සත්‍ය කතාව.."
"Roshan Meewala","https://www.facebook.com/people/Roshan-Meewala/100080728452081","MULINMA Hamuduruwonta kathakaranna iganaganin....umba ballektada jathakaune....danna pakak kiyawapan pako..."
"Red Rosie","https://www.facebook.com/people/Red-Rosie/pfbid01EQf1X7R5hqnpTYAKv9SqKL97Dpp2DyMdiN74Un7kLU3EshdzTgqcjnQja3atoyBl","Mekath balagenama yannako. Sadulage baudhdhakama....  https://www.facebook.com/share/v/1A9bNByZ5A/"
"Aqee Athee","https://www.facebook.com/aqee.athee","සමහර හාමුදුරුවෝ නීතියට විරුද්ධායි"
"Neragga Josop","https://www.facebook.com/nishantha.pethum.7","අපෙ හොද නැ"
"රනතුංග ආරච්චිගෙ","https://www.facebook.com/people/%E0%B6%BB%E0%B6%B1%E0%B6%AD%E0%B7%94%E0%B6%82%E0%B6%9C-%E0%B6%86%E0%B6%BB%E0%B6%A0%E0%B7%8A%E0%B6%A0%E0%B7%92%E0%B6%9C%E0%B7%99/100089568398902","ඔයකහකඩයට සමාව දෙන්න හොද නැහැ බලෙ තියන කාලෙ තව මොනවා කරලද දන්නැහැ.."
"Rizwan Ibrahim","https://www.facebook.com/rizwan.inzaf.1","Yes this is a true 🌳"
"Chaminda Perera","https://www.facebook.com/people/Chaminda-Perera/pfbid02JaERjdgU6WBKb5RzYN7weXS56GXvx4L2Ss3uVwhd3rMmeczo2REgCXqM98rPvWDRl","ගු හොරෙක් ඔකා අතුලට දන්නකො"
"Terryne Kishan Akbar","https://www.facebook.com/terrynekishan.akbar.3","Oya jathivadi adahas thiyena may hamuduruvo Aluthgama Dharga Town geval ,kada sapu,viyaparika isthana vinasha karanna anubala dunna.eva apita thavama mathakai😞"
"Chandrasena Senanayaka","https://www.facebook.com/chandrasena.senanayaka.2025","අපේම එවුන් අපිට ඇරපු විදිහ shere ,කරලාවත් නානසාර වර්ගේ එකාලට පෙන්වන්න එකෙක් නැති හැටි ,🇱🇰ලංකාවේ සිදු වූ බොහෝ දේශපාලනික අපරාධයන් සදහා අවභාවිත වුනේ ,රාජ්‍ය ආයතනයන්වල ඇතැම් දූශිත නිලදාරීන් හරහාය🪷 ඊටපසුව අපරාධකාරයන්ගේ කලු සල්ලි සුදුකරන  දූශිත ආගමික සංස්ථාවන් හරහාත්, සමාජයන් හරහාත් කොන්කර දමා ඇති මිනිසුන්ව,ව්ව්දාකාරයේ අර්භුදයන්වල පටලවා , ව්ව්දාකාරයේ කායික මානසික අපයෝජනයන්ටත් ලක්කර,  දූශිත දේශපාලකයන්ගේ පවා මහා අපරාධයන්ට පටලවා , දූශිත නිලදාරීන් සහ ඔවුන්ව හසුරවන ලද දූශිත දේශාපාලකයන් අතපිහ ගසති සත්‍ය විකෘති කරමින්ම🪷 රටක බුද්ධි අංශ ප්‍රදානියාම මෙසේ මහා අපරාධයන්ට සම්බන්ධවන රටක,එවන් අපරාධයන් පුරවැසියන්ට සිදුකරන්න මෙලෙච්ච මානසිකත්වයන් ඇති අපරාධරාජ්‍යහි,දෙස් විදෙස් දූශිත නායකයන් සියවස් ගනන් පාලනය කල රටක අපරාධ ලෝකයකට වහල් පුරවැසියන් පාදඩව පරිනාමනය වූ සමාජයක, මාගේ පියාව සර්ථක පවුල් ජීවිතයක් ගත කිරීම එපාකරවා දැඩි පීඩනයන්ට පවා ලක්කර මහන කරවා , ඉන් හුදකලා වූ මාගේ මෑනියන්ව පෝලිමට දූශනය කර , බේබදු ගනිකාවක් කර , එයින් අඩපන වූ අප පවුල් සංස්ථාවන් තුල,  මාගේ සහෝදරියව නාවල ගුණසේකර ලමානිවාසයහිද ,  මීගොඩ මහාබෝධි ලමනිවාසයහිද දමා , මාගේ සහෝදරයාව නිතර මත්ද්‍රවය මත්වතුරට ඇත්බැහි තමන්ගේ නිවසියන්ට පවා වංචාවන් සිදුකරන එකෙකුන් බවට ඔවුන්ව පත් කරමින්,  අප ජීව්තයන් සරණාගතයන් කරන්නට  එදාමෙදාතුර අවභාවිත අපරාධකාරයන්ගේ දූශිත දේශපාලන බලයන්ට සහය වූ , අපරාධකාරයන්ගේ පවා දේශපාලන බලයන් පවා සාපමවෙලා ගියේ , දේශපාලන සරණාගතයන් බවට උපන් භූමින්වල පවා ඔවුන්ව පත්කරමින්ය 💐 එවන් දූශිත පාදඩදේශපාලනීකරනය වූ කලු රාජ්‍ය දනගැස්සූ, උතුම් කර්තවයක් අප මාතෘභූමිය වෙනුවෙන් සිදුකල වත්මන් මාලිමා රජයටත් , අසාදාරණයන්ට ලක්ව මියගිය  දෘශ්‍යමාන අදෘශ්‍යමාන සත්ව සංහතීන්ටත් , අප්‍රමාන පුන්‍යානූමෝදනා අනුමෝදන් කරමි 💐 බොහෝම පින් ඔබලාගේ කැපකිරීම්වලට 🇱🇰💐 සමාජයත් එක්ක ඉන්නලු,සමාජය ආශ්‍රය කරන්නලු ,සමාජයේ ඉන්නෙම කුඩු ගංජා කසිප්පු අයිස් වලට ඇත්බැහි වෙච්ච එවුන් , සල්ලාලකම් බේබදුකම් දුරාචාර අරමුණු කරගත් එවුන් , බොරුව මුලාව වංචාව අදහන එවුන් , අපරාධකාරයන්ගේ ජය පතන එවුන් , ඒක ඉහලද පහලද , ගිහිද පැවදිද  , දුප්පත් පොහොසත් , රාජ්‍ය පුත්ගලික අංශ නිලදාරී භේදයකින් තොරවම පිරිහුන අපූරු ධර්ම රාජ්‍යක් තියෙන්නේ🪷මහා සබ්‍යත්වයක් සංස්කෘතියක් කටට පමනක් සීමාකරන් තප්පුලන , අපරාධකාරයන්ගේ කලු සල්ලි සුදුකරන ආගමික සංස්ථාවන් වල ලැගගෙන සිටින අයවලුන්ද එකතුව , බන පිරිත් යාක්‍යා යාතීකා පන්සල් පල්ලි කෝවිල් භේදයකින් තොරව තියෙන රටේ , අපරාධ වාර්ථාගත ලෙස ඉහල ගිහින් ,රටත් බන්කොලොත් , සමාජයත් බන්කොලොත් , ලෝකය ඉදිරියේ පිරිහුන මෙවන් දූශිත සමාජයන් ආශ්‍රය කරනවාට වඩා හොදයි , බෝධියක් ආශ්‍රය කරගෙන , ඉන්න එක🪷 ගුනාත්මක මිනිසුන් මෙහෙයවන වර්ථමාන ආංඩුවට අප මාතෘභූමිය වේගයෙන් දියුනු කිරීමට පවා අපහසුවට හේතුවන සත්‍ය මෙයම නොවේද 🪷💐 මෙවන් අයුරින් සියවස් ගනන් කකුල් මුල තට්ටම් වලින් පරිනාමය වූ බුද්ධිහීන තිරච්චීනයන් ඉන්න සමාජයක , දූශිත රජ්‍යක් තුල සත්‍යමතම සමාධිගතව බුද්ධියෙන් මනස පරිනාමයව , දේශයට හිතකරව කටයුතු කරන උතම් මිනිසුන් නිසාම නොවේද මේ රට මෙහෙම හෝ දියුනුව තිබෙන්නේ🇱🇰🪷💐  ☀️ සෑම පුරවැසියෙක්ම අනිවාර්‍යෙන්ම නැරඹිය යුතු වීඩියෝව මෙම ලින්ක් එකහි ඇත ➡️  https://www.facebook.com/share/v/19arRTUDLY/  ⬅️🪷🇱🇰💐☀️"
"Nimsha Virakon","https://www.facebook.com/nimsha.virakon","Oya hamuduruwo okkama horu okunta wadinnt naraki ma jivitata dakala na OK bank kiyanawa mata ahama vidiyo akak tiyanm dann mama dakala tyanna mahindata namalta dasapalnata kada yana awa vitarai"
"Ariyapala Dasanayaka","https://www.facebook.com/people/Ariyapala-Dasanayaka/pfbid036Gypc2FKKUmm6GCaLLUZrY2SeuBSbckqh3f6pRN7Wrx9WDmrK1246vuLV5QrimLhl","පෙත්සම රෝල් කරලා නානසාරගෙගේ අදෝ මාර්ගයේ ගහන්න ඕනේ ඕකා කරපු බලු වැඩ වලට."
"Wp Piyasena","https://www.facebook.com/people/Wp-Piyasena/pfbid0JJ53z6X5y2oQcsq3cgrwH2QUQNAsNMBC5sD1qMMTDEY332EnJx947JcaGvjwW18Hl","ඔය   ගනයට  විලිලැජ්ජනෑ"
"Kumara Ranasingha","https://www.facebook.com/kumara.ranasingha.549616","නිතිය මනයී"
"Sampath Ferdinand","https://www.facebook.com/people/Sampath-Ferdinand/pfbid02ZtDikm54WM8zjzzGgHVEc6uz9xh33YBujPewR7sSoKymbg4o2FUwHNvAbkBmqz49l","මහත්මයා බල්ලො බිරුවට කදුපාත් වෙන්නේ නෑ,,ඕකට  ජනපති සමාව  දුන්නොත්,,,,ගොඩාක් චන්ද නැතිවෙනවා මාලිමාවට,,අපේ ජනපතිතුමත් ඉල්ලන් කෑවා වෙනවා,,,ඕකා සමාව දෙන්න පුලුවන් වැරදි ද කලේ ,,ගෝටල මයිනලා එක්ක එකතුවෙලා ඉන්න කාලේ,,,,,අතීතය අපිට මතකයි ,,,,,,මහත්මයා,,,,"
"Pradeep Kumara","https://www.facebook.com/people/Pradeep-Kumara/61579947511333","Kagama hamuduruwo kiyana kathawe boruwak nehe merata kemema mewage siura asse inna durguna athi hamuduru waruya kiyana aya"
"Thilanka Sadun Nawarthna","https://www.facebook.com/people/Thilanka-Sadun-Nawarthna/pfbid02Aurd6yfWZK5YT6piqbfw18fAmgXtzxPQFNjb8CwuUgQ1NYg5AHs9RMqGuToXDJ3wl","මේ අනිත් පිස්සා මුන්ට පිනට කන්න දෙන එකනම් නතරම කරන්න ඔනී නියම දහමට අනුව හිවත් වන සිල්වත් භික්ශුන් වහන්සේලට විතරක් දාන දෙන්න ඔනී"
"Chaminda Dissanayka","https://www.facebook.com/people/Chaminda-Dissanayka/pfbid0VKc2FgcCf7f9Xs9p2X3g9Rmdau6Yz9mrnFgoDAzK8EpGeLNcf5A32LASqRaRNGjvl","සමාව දියයුතුයි. කවුද හමුදුරුවන්ට දඩුවම් කරන්නේ මේ අපි හිහි අයද. අනුන්ගේ වැරදි හදන්න කලින් තමන්ගේ වැරදි හදාගන්න. මේ පේජ් එකට.කමින් දාන අයගේ වැරදි හදාගන්නකෝ."
"Danushka Batagalla","https://www.facebook.com/danushka.batagalla.2025","සුපිරම කතාවක්් මහත්තයෝ"
"Suranga Darshana","https://www.facebook.com/suranga.darshana.33","Ponna pakaya hariyata katha karanna purudu weyan porak wenna kalin keri moda awajathakaya"
"Prasanga Kumara Fernando","https://www.facebook.com/prasanga.kumara.fernando","කිසිසේත්ම දියයුතු නැත"
"佐藤D","https://www.facebook.com/chinthana.sato","Hora pakayo 🤮🤮🤮"
"Kavin Jayanth","","අනේ පලයන් බං යන්න. මිනිස්සු කැමති නම් අස්සන් කරයි නැත්නම් නොකර ඉඳී. කවුරුවත් බලෙන් ගන්නේ නෑ... ✋ අධිකරණයට ඉහළින් ජනතා පරමාධිපත්‍ය තියෙන්නෙ. ඔහේ නීතිඥයෙක් වෙලත් ඒක දන්නෙ නැද්ද? අනිත් එක සමාවත් දීලානෙ.  එතන ගේමක් ගහලා හරි/ලිය කියවිලි වල වැරැද්දක් වෙලා හරි නම් ඒකේ වරද ඥානසාරගෙද? ඒක අසාධාරණ නැද්ද? උඹලට ඔය තියෙන අමාරුව මූත් රාජපක්ෂලගේ එකෙක් කියල හිතාගෙන ඉන්න එක. ඒකයි මාලිමාවට ඡන්දෙ දීපු (ඩෝබින් පමණයි හැමෝම නෙවෙයි) කුලප්පු වෙලා ඉන්නේ. අනිත් එක අත්සන් අරන් සමාව ඉල්ලන එක වැරදිද ඒකනේ හොඳම 💀 නිකං මොකටද පින් සෙන්ඩු වෙවී ගිහින් ඉල්ලන්නේ අනුර රජෙක් නෙමෙයි නෙ. අනිත් එක උන්වහන්සේ කතා කරේ අන්තවාදයට එරෙහිව මිසක් නැතුව සාමාන්‍ය මුස්ලිම් ජන සමාජයට එරෙහිව නෙවෙයි.✋ සිවුරක් දාගත්ත කෙනෙකුට ඇරෙන්න ඕක කරන්න පුළුවන් කාටද? ඉතිහාසයේ ඉඳන්ම සිවුරු දාගත් අය තමයි රට ජාතිය බේරගන්න වැඩ කරලා තියෙන්නේ. ඒක මතක තියාගන්න ✋"
"Rayan Silva","https://www.facebook.com/rayan.silva.877447","Ane Uba puka nodee hitpn bn"
"Sarath Hettiearachchi","https://www.facebook.com/profile.php?id=100001379288233","https://www.facebook.com/share/p/1ChVw8dr4a/ අප කොහේද මේයන්නේ"
"Senaka Seneviratne","https://www.facebook.com/people/Senaka-Seneviratne/pfbid02DG9iH9DM13o4GjiSzjfUtHCWBiZBH1MpGFHgcXPSzRD9drUDQ3TnP5wub3eu3L4fl","කරුණාකරල ගලගොඩ හාමූරුවෝ නිදහස් කරන්න උන්වහන්සේ කතා කරෙ පුද්ගලික දෙයක් නෙමෙයි මේ රට විනාස වෙන්න දෙන්නෙ නැතුව  රට රැක ගත යුතියි වරදක් තියෙනව නම් පෙන්නල දෙන්න.හාමුදුරුවෝ නිදහස් කරන්න ."
"Indika Dias","https://www.facebook.com/ripdias","අත්සන් එකතු කරල හරි කරන්න දේවල් තියෙනවා රටේ.. මම ලින්ක් එක දාන්නම් පැහැදිලිත් කරන්නම්.. බොක්ක වල රිජන්සි බෝඩිං පාසල පිළිබඳව.. ලින්ක් එක ඕපන් කරන්න කොමන්ට් සෙක්සන් එකට යන්න ඒකෙ තියනවා ලින්ක් ඒවා උපන් කරලා බලන්න.. සිවුරු දාගත්ත උං uniform දාගත්තවුන් තරු ගහපු.. ටයි දාගත්තවුන්.. කොටින්ම කිව්වොත් regency boarding පාසල් හිමිකරුට ඩොක්ට  පෝස්ට් එකකුත් තියෙනවලු.. මෙන්න බැහැපල්ලා... අත්සන් නෙමේ.. අමුඩ ගහගෙන හරි මේවට විරුද්ධ වෙයල්ලා.. මේ ළඟදි පොළොන්නරුවෙත් පාසලක් පටන් ගත්තා.. කෝ නීතිය කෝ සාධාරණය කෝ යුක්තිය.. කෝ රාජකාරී වගකීම???? නඩු දාලලු තියෙන්නේ..නඩු දැම්ම කියල හරියනවද? හරියට අනින හරකෙක් නිදැල්ලේ අතහැරලා.. ආ අපි ඌව මස් කඩේට විකුණන්න තියෙන්නේ.. කියන්න වගේ වැඩක් ඒක..AI gemini වලින් මෙහෙම අහන්න "" regency boarding school එකේ පුද්ගලයින් දැරිවියන් ලිංගික කටයුතු සදහා අලෙවි කිරීම පිළිබඳව ඔබ දැනුවත්ද? දරුවන්ට කෲර ලෙස වද හිංසා පැමිණීම පිළිබඳව ඔබ දැනුවත්ද?"" පිලිතුරු ඔබට ලැබේවි. මුදලට විකිණෙන කහකටයෝ.. කාකිකාරයෝ.. කාලකන්නි .. තිරසනුන්ගේ පාරාදීසයක් අපේ රට."
"Aruna Rupassara","https://www.facebook.com/people/Aruna-Rupassara/pfbid0pY6RD9KNWZuBSfgUMezEarUQNqt9zKtBG3mbZ199jUpVv2GoM25H4jkJnj7QTCVZl","කිසිසේත්ම නෑ."
"Chanthra Rathna","https://www.facebook.com/chanthra.rathna.2025","Me.pakayala.heredannamaona"
"Wasantha Disanayaka","https://www.facebook.com/prabath.wasantha.ralalage","Mokada mu balla"
"Sujeewa Rohan","https://www.facebook.com/sujeewa.rohan.5","Dennam oya vhiwara dariyo  okkoma akaie wage"
"Teckla Chooty","https://www.facebook.com/people/Teckla-Chooty/pfbid0XCNtxmxq9xPsg51DwmCMJCytP6n4e3xaCWRdPVXWKqD2jb5LqxeMiYWRNV1wjhxRl","පාඩුවේ හිටපන්  නීතිය ඉදිරියෙන්"
"Charith Madushanka","https://www.facebook.com/charith.madushanka.28415","Muta samawa denna apa"
"Jnath Prasanna","https://www.facebook.com/people/Jnath-Prasanna/pfbid02YaKSGftbT9ukhwKZTZfrLCWJYkRWGFSdPtMTwrmSPc1fxcckehzPnGneQ7BNghkPl","අනිවාර්යයෙන් ,,,,,,   නිතිය ක්‍රියාත්මක කරන්න ඕන නේද ,,,,මේ ගනයන්ට,,,,,"
"Pushpa Kanchana","https://www.facebook.com/pushpakanchana","බල්ලයි කොල්ලයි ඔක්කොම මහණ වුණාම ඕක තමා වෙන්නෙ..."
"Tissa Senadeera","https://www.facebook.com/people/Tissa-Senadeera/pfbid0274xYoLFVkmwqmQHw13dmnsZBNk96DvGZb3s5HqK9m7XTQ7umCtJv61imJXnCNDpql","මේ දෙන්නත් වැරැද්දක් වගේ කරන්නේ...."
"Huss Deen","https://www.facebook.com/huss.deen","Neethita eka ha samana wiya yutui"
"Wijaya Karunagoda","https://www.facebook.com/wijaya.karunagoda.2025","මේ කහකඩ  හුන්නලාට හොදටම  පිස්සු"
"Mohamed Hasan Asuwar","https://www.facebook.com/rameez.rameezmuhusren","වටිනාකම අවබෝදයක් ❤️❤️"
"උදාරි නිශිකා","https://www.facebook.com/people/%E0%B6%8B%E0%B6%AF%E0%B7%8F%E0%B6%BB%E0%B7%92-%E0%B6%B1%E0%B7%92%E0%B7%81%E0%B7%92%E0%B6%9A%E0%B7%8F/pfbid04Dj1X9skQT8Cc9meHgf341MV4rmxwJvCLY6WD97rosFv8SwtAhKuL8euwdt6jefDl","කියලා වැඩක් නෑ."
"Ruwan Kumara","https://www.facebook.com/profile.php?id=100040817271808","Ne samwa diya uthu ne"
"Sameera Madu","https://www.facebook.com/sameera.madu.5","ඔය පිස්සුව කෙලින්නෙම ගනගෙඩියෝ."
"Jeyaraj Seinul","https://www.facebook.com/people/Jeyaraj-Seinul/pfbid02K8ZM3d5ktcHKkDABQcTtPq1wNjkxZTkdZchPKjNtooFdsZRWMZmq8UEMpMkpKrBkl","Oya horava thakadiyava hire yavannamai one"
"උපුල් බංඩාර","https://www.facebook.com/3t6kn6hhcp","නැ"
"Priyantha Sumith Kumara","https://www.facebook.com/priyantha.kumara.655474","නිතියට යටත්"
"Ash YoutubeChannel","https://www.facebook.com/7ashYT","උඹේ අම්මව හිරගත කරපු දවසටත් පුළුවන් නම් ඔහොම ඔයවිදියටම කතා කරපන්. ප්‍රශ්නය තමන්ගේ නොවනතාක් උත්තරය දාර්ශනිකයි"
"Ranjith Thanthrige","https://www.facebook.com/ranjith.thanthrige","Dennama epa"
"Bonuga Weeramara","","Gothayo un eahanse kiyapuwa boruda ponna paksyo"
"Jayantha Ekanayaka","https://www.facebook.com/jayantha.ekanayaka.9480","හානසාර හිරගෙදරට ගාල්කරමු."
"Leonard Fernando","https://www.facebook.com/leonard.fernando.3538","කිසිදු සමාවක් නොදියයුතුය"
"Anura Thammitage","https://www.facebook.com/anura.thammitage","සමාව නොදිය යුතුමයි."
"Maddumage S Nuwangi","https://www.facebook.com/saveena.nuwanmini","කන්න නැතුව මහනවෙච්ච උං මේ රටත් කනව ශාසනෙත් කනව👍"
"Lazarus Nuwan Warnakula","https://www.facebook.com/lazarus.nuwan.warnakula","දිය යුතු නැත"
"Morerichest Kasr","https://www.facebook.com/anton.ranasinghe.52","Anurage guu kana JVP jada ballo danwath rassawak karala jeewath weyan"
"Reji Wil","","Here ya utui"
"INDIKA DAYAN","https://www.facebook.com/indika.dayan.2024","ගරු අධිකරණ තීන්දු වලට එරෙහි වෙන්ඩ එකෙකුට වත් ඉඩ දිය යුතු නෑ........"
"Prasanna Kumara Weerasekara","https://www.facebook.com/wattala.dewananda.9","ඉතින් බුරුවෝ මවුලවිලා හිරේ ගියේ බෝම්බ ගහන්න ප්ලැන් කරලා....මිනිමරලා  ඥානසාර හාමුදුරුවෝ ගියේ බුද්ධි අංශය වෙනුවෙන් කතාකරලා"
"Aruna Senarathna","https://www.facebook.com/profile.php?id=100034619684989","දැන් අපි අතරේ තියෙන වසංගතයක් තමයි සිංහලයෙක් සිංහලයෙක් මරන එක සිරගත කරන එකා අපහාස කරන එක වසංගතයක් මුස්ලිම් අන්තවාදීන්ගේ වසංගත රෝගයක් මුස්ලිම් අන්තවාදීන් විසින් ්‍යාප්ත කර ी වසංගතයක් බේරීමට සිංහල අපි එකට සිට ගමු"
"Tony Azwar","","Eka baluballeknei mung janatawagen higahkanawa kohomada charita sahatikaya???"
"Waharaka Ananda Theo","https://www.facebook.com/waharaka.ananda.thero","නීතියට අභියෝග කිරීමට උත්සාහ දරන එක වැරදියි.සමාව ඇයැදීමක්  ලෙස කලයුතුයි.එය සදාචාරාත්මකයි. භික්ෂූන් චණ්ඩින්  නොවිය යුතුයි."
"Niroshana Gamage","https://www.facebook.com/people/Niroshana-Gamage/61581665112098","සාසනේ හදන සරණාගත ඩෝබියා"
"Tharaka Tharaka","https://www.facebook.com/tharaka.tharaka.827062","ඕකා හිරේ ඇතුළත දාලා පුක මහන්න ඕනේ😂"
"Rizwie Hassen","https://www.facebook.com/rizwie.hassen","මෙහි සමහර කමෙන්ට් මගින් ගරු අධිකරණයේ තීන්දුව අපහාසයට ලක්වෙන බව පේනවා. නීතියට ගරුකරන්න. පරිස්සම් වෙන්න."
"Jayarathna Vidanagamage","https://www.facebook.com/people/Jayarathna-Vidanagamage/pfbid025YAraZeizTm2at3AjEiCQ319nnJvT1WydKLUDhNU4qCxrWPYXM91fNHFv8U4vAM7l","බුදුන් මේවා කලාද"
"Kapila Wasantha","https://www.facebook.com/si.kapila.5","නෑ නිදහස දෙන්න එපා කියලා තව අත්සන් ලක්ෂ පනහක් ගත්තනම්"
"Anura Sudu","https://www.facebook.com/anura.silvs.66","රාජපක්ෂ නිකායෙ උන්ට මොලේ නැහැ"
"Mohamed Rizly Marzook","https://www.facebook.com/mohamedmarzookmohamedrizly","නීතිය කාටත් පොදුයි"
"DM Lanka Lanka","https://www.facebook.com/people/DM-Lanka-Lanka/pfbid07dPrxkJiv1xEzfvScXFTMayKn9FscdRSuLPKCPVeXi4uGxPN3KZid3tniSRsUVvCl","Ubala hamudurunam Dena Dane Tika kala pansalata wela ida palla nanasara kohomath rajapakshage balaya aran dagalapu ekene aniwarayen hire yanna ona"
"Hemarathne MH","https://www.facebook.com/hemarathne.hemarathne","ගරුඉඅධිකරනයට අපහාස කරනවා නානයාාාාාා"
"Menuka Perera","https://www.facebook.com/people/Menuka-Perera/pfbid02iHqryfxmgHLMnXysrqbyeLEVXTNoGwpQwgPw2FHiyz6faQpzR8uerx79DetHGE2Jl","Supiri.katawa.mahattaya"
"Ray X Ranasinghe","https://www.facebook.com/ray.rana.14","Anyone can’t do previous game  Currently  doing indeed judgments now really robbers are getting panicky 😱"
"Lal Nilanga","https://www.facebook.com/people/Lal-Nilanga/pfbid0KsUmPjET1hjZif5MFRYGQ6SAwnufqBwNSYWvapdYzjCasumRN5TC9LCkc3K8534Sl","ගරු අධිකරණ නීති හෑල්ලුවට ලක්කරමින් මේ කාලකන්නි සක්කිලි කහ කඩයො දෙන්නා සද්දවිකාසන යොද ගනිමින් මේ කරන වැඩේ උසාවි නියෝගයක් මත තහනම් කරන්න පොලිස්පතිතුමනි"
"Dilu Sanjay Fernando","https://www.facebook.com/dilusanjay14","පටිට කඑාව 😄"
"Kavin Fonshaka","https://www.facebook.com/people/Kavin-Fonshaka/pfbid02imuivXHkRmZR4jBBWALAr58nuvZDHvTsUTkZCvfy84yZcLEi6U8rK4nfdW8nAfXal","Ammata ukapan thitha galla"
"Rohit Chand","https://www.facebook.com/rohit.chand.536553","Isella garu karapan huttige putha. Topita oya mic isaraha ena wachana jaffna sinhala බෞද්ධ wihara වලට අසාධාරණ wenakota awe nane. නැගෙනහිර සිංහල මිනිස්සු ට වෙන අසාධාරණ ගැන කියන්න bene තුඃ නොදකින්"
"Chndana Nath","https://www.facebook.com/people/Chndana-Nath/pfbid023GFBaya5MtJ9oSu5PWWjvDWaMvDLrEHMpmPbEA3RMSXq5ijDuqbdPg9L2zYtHy7Yl","Kade yana gone pakku"
"Sunil Gamage","https://www.facebook.com/sunil.gamage.313277","උබලා  සිවුරු  ගලව  පල්ලා   මල අඬෙ  ඉවරයි"
"Zavahirjabir Jabir","https://www.facebook.com/zavahirjabir","ඔයි අත්සන් ගත්තු කොලේ රෝල්කරල ගහන්නෝන නානසාරගේ පුපේ."
"Sachira Kushan","https://www.facebook.com/sachira.kushan.2025","මේ වගෙ කහ කඩයො තමන්ට අදාල දේ නෙවෙයි කරන්නෙ."
"Nissanka Rathna","https://www.facebook.com/nissanka.rathna.7","මේයා කතාකරන්න දන්නෙ නැහැ  හාමුදුරුවන් ට කතකරන හැටි බොලට බොම්බ  තියලා ම්නිමරපු අය හොදයි ද"
"Sugath Marasingha","https://www.facebook.com/sugath.marasingha.3","සමහරවිට ගමේ පන්සල්වල  නායක උන්නාන්සේලා දායක සභාව ගොනාට අන්දලා අත්සන් ටික එකතු කරල ඇති.. ඒ අත්සන් වලින් 98,% දන්නේ නැතුව ඇති අත්සන් කළේ මොකටද කියලා?.. මේ තිත්තගල්යත් රාජපක්ෂලාගේ සට්ටැබියෙක් තමයි.."
"Lion Kegalla","https://www.facebook.com/profile.php?id=61578529274970","Gu sadula badu karayo lejjai ban"
"Pranith Nishal Chandrapala","https://www.facebook.com/people/Pranith-Nishal-Chandrapala/61550055422675","බුරුවා"
"Nimal Premarathna","https://www.facebook.com/nimal.premarathna.9440","මොකොමත්ම නැත මේ සිවුරු වේසින් ඉන්න චීවර දාරී නිගන්ටයෝ නැත්තටම නැති කර යුතුයි මුන් මේහේම හදලා තියේන්නේ එක ඒක තක්කඩි මදාවියන්ගේ උවමනාවටමයි"
"Jayaminda Dimuthu","https://www.facebook.com/dimuthu.jayaminda.9","ඇත්ත කතාව ආගමික අතපෙවීම් අසීමාන්තිකයි"
"Zara Zabeena","https://www.facebook.com/people/Zara-Zabeena/pfbid0UrCAc3osUjyn69kPKZwPqVHqNeQzDrNu5JWsbeNAwqBYg2Z9YPurh9EFn5zEFFSYl","සිංහලය ගැන කතා කරපු එකා හිරේ යවන්න සිංහල උන්ම දගලන දැගල්ල. තව අවුරුදු 10ක් යද්දි මේ රටත් මුස්ලිම් වෙනවා. 😁"
"Lasantha Wejasenha","","කොබං අර බුදුන් වහාන්සෙ මිනිමස් වැළදුව කියපු එකාට ඔය නිතිය ඒ ගැනත් කතාකරපන්කො සිංහලයටම අරින්නෙ නැතුව"
"Nishantha Bandara","https://www.facebook.com/nishantha.bandara.3150","දුශ්ශීල භික්ෂූන් සංඝ ශාසනයෙන් නෙරපා ශිල්වත් භික්ෂුන් පමණක් සංඝ ශාසනය තුල වඩා හිඳුවීමෙන් පමණක් නිර්මල බුදුදහම මෙරට තුළ පවත්වාගෙන යා හැකියි. එසේ නොවන්නේ නම් විකෘර්ති කරන ලද බුදු දහමක් අනාගත පරපුරට උරම වෙනවා නිසැකයි."
"Ajith Jayasinghe","https://www.facebook.com/ajith.jayasinghe.910790","රට ජාතිය ආගම  විනාශ කරන මේ චීවරදාරියා බැද දමනු"
"Amisha Dewmini","https://www.facebook.com/people/Amisha-Dewmini/pfbid022uc2Efvfu2VfuxspMEddTvSiPBBmGVLfnTtLetVPrEmy1CPXJ2SdYpjRN2XviTbCl","ඕකාට සමාව දුන්නොත් අපිත් ජනාධිපතිට  සමාව දෙන්නේ නෑ"
"Hm Indika","https://www.facebook.com/people/Hm-Indika/pfbid0xXUNT4f7apWZrsiYBZyeTBAbWV99hRKscohexhkwq72KaeHCGE6zoRSuJXDiC1ARl","Mahanayakalatarevla"
"Vijesiri Kodagoda","https://www.facebook.com/vijesiri.kodagoda","දෙන්නම එක වල්ලෙ පොල්"
"Heshan Perera","https://www.facebook.com/heshan.perera","ජනාධිපති සමාව දෙන්නම වටින පූජ්‍ය ගලගොඩඅත්තේ ඥානසාර"
"Remi Erickson","https://www.facebook.com/eric.marshall.944","Samma පාතාලේ Run karanne ගලගොඩ ඥාණසාර..  සිවුරක් ඇඳීමෙන් පමණක් කෙනෙකු සැබෑ භික්ෂුවක් හෝ ආධ්‍යාත්මිකව ගුණගරුක අයෙකු වන්නේ නැත"
"Daminda Daminda","https://www.facebook.com/people/Daminda-Daminda/61556926850935","ඒක නම් වෙන්න බැහැෂුවර් කරන්ඩ බැරි මනුස්සයෙක් රට විනාශ කරන්නටපුළුවන් ඕනෙම ගිනි ගෙඩියක් දෙයි"
"Aruna Premathilake","https://www.facebook.com/profile.php?id=100006140070382","මේ ආණ්ඩුවට කලින් පාලනය කරපු මොන පාලකය යටතේ උනත් උන් ඕවයෙන් බේරනවා ඒ විශ්වාසය උන්ට තියෙනවා මේ ආණ්ඩුව එක්ක ඒ සෙල්ලම් බැරි නිසා අනුර කුමාර එක්ක ඔච්චර අවුල් වෙන එක සාධාරණයි"
"Pradeep Vithanage","https://www.facebook.com/pradeep.vithanage.7","[Sticker]"
"Kanthi Kanthi","https://www.facebook.com/people/Kanthi-Kanthi/pfbid02BSYXfvkBRueX56pM8vJ1qeQr9PKJmjmTdkzXLJnWPoK8S9eH6EA6jJzWwBLqjT5Hl","අනුන්ගෙ සීනිකිරන සිත්තගල්ලේ"
"Asanka Aberthna","https://www.facebook.com/people/Asanka-Aberthna/pfbid02tv1NCMpKNoi3mXePVdMoMbcChp9zj8QYmsvoFSre4HoWtxqEBKkDFwVx51kHA86Gl","තෝ මොකෙක්ද සක්කිලි බල්ලෝ රට වෙනුවෙන් තමයි යකො අපෙ සුවාමි වහන්සේ හිරෙ ගියේ රණවිරුවන් වෙනුවෙන් හඩනගලා තොට ආගමක් ජාතියක් තියෙනවාද තෝ මොකෙක්ද සක්කිලි බල්ලෝ  අපට කැක්කුමක් තියෙනවා අපි රට වෙනුවෙන් යුද්ධය කරපු උන් හැටියට සුවාමින් වහන්සේ නමකට කතාකරන්න දන්නෙ නෑ තො බල්ලන්ට ජාතක වෙච්චි අහිගුණ්ඨික නරියෙක් තොපි තමයි බුදු දහම විනාෂ කරන සක්කිලි බල්ලෝ හැත්ත තොපි කවදා හරි මැරෙන්නෙත් පනුවො ගහලා තමයි නරියෝ #"
"භාවනා භාවනා","https://www.facebook.com/people/%E0%B6%B7%E0%B7%8F%E0%B7%80%E0%B6%B1%E0%B7%8F-%E0%B6%B7%E0%B7%8F%E0%B7%80%E0%B6%B1%E0%B7%8F/100059775463020","අනේ ය්ස්කො අදිකරන මහඑවුන්ට ක්‍රියා උනාද තොත් කාගෙ ගරි පන්දම් කාරයෙක්"
"Shantha Lal","https://www.facebook.com/people/Shantha-Lal/pfbid0JLUNyKV2YvJzfygnBcAvdZCiHrcBcy97JyFCmerGqSE8HVXriEiAosc3QbULVYLNl","[Image Attachment]"
"Somiruwan Dhananjaya","https://www.facebook.com/profile.php?id=100083943338402","https://youtu.be/Hs5zS5yDbxc?is=GZ8FPoQwbhpx21h7"
"Saman Prasanna Mapalagama","https://www.facebook.com/people/Saman-Prasanna-Mapalagama/pfbid02uK3rXtRfRS6vTyDtEsri453Sageipc4dnnEvtJ6T9ZQDBPKc3a7hGdfn8DU5p1kkl","[Sticker]"
"Priyantha Attanayaka","","[Sticker]"
"Gayan Sangeeth","https://www.facebook.com/people/Gayan-Sangeeth/pfbid0wGdU7tFSMufBoP3nXUceQxQCFiGrs6UtkkMDu7pHs9HUqYfRZwe1WH7hWbEC2TWhl","[Sticker]"
"Asela Sandaruwan","https://www.facebook.com/asela.sandaruwan.603698","👍👍👍"
"Keerthi Wijesinhe","https://www.facebook.com/keerthi.wijesinhe","[Sticker]"
"Chandrasena Gamage","https://www.facebook.com/chandrasena.hamanduwagamage.5","[Sticker]"
"Kumudu Senaratne","https://www.facebook.com/kumudu.senaratne.39","[Image Attachment]"
"Michael James","https://www.facebook.com/fazlu.mohamed.5","Well said bro 😎"
"Dhanushka Sanjaya","","[Sticker]"
"Duminda Kanishka Tudawe","https://www.facebook.com/dumindakanishka.tudawe","[Sticker]"
"Fowzul Ameer","https://www.facebook.com/fowsulameer.fowsulameer.7","[Sticker]"
"Samantha Paranamanage","https://www.facebook.com/samantha.paranamanage","[Sticker]"
"Indrajith Silva","https://www.facebook.com/indrajith.silva.300894","[Image Attachment]"
"Mohamed Ruzaik","https://www.facebook.com/profile.php?id=61583649304529","[Sticker]"
"Saranga Kumara","https://www.facebook.com/saranga.kumara.186","M.P. Kumara 😊"
"M.P. Kumara","https://www.facebook.com/manju.nimsara.1","Saranga Kumara මවුලවිලා හිරෙ ගිය එකයි..මවුලවිලා හිරෙ ගිය එකයි සමානයි කියලා හිතන මු මොකෙක්ද බන්..."
"Hector Weerapperuma","https://www.facebook.com/hector.weerapperuma","❤️❤️❤️"
"Arosh Fonasek","https://www.facebook.com/people/Arosh-Fonasek/pfbid035pmcjP7QWXCgjq8JVMxYYetSx9JkxQRaz5zzU3oZScY1nZeY8URgFNXbiktNRnVjl","[Image Attachment]"
"Jayalath Jayalath","https://www.facebook.com/people/Jayalath-Jayalath/pfbid02bB2dyb4gSYnCtYmXsKcQzZFRcVMcHEvJSXrEYpEXPiBPJSi4iTmnzHSECnmimftxl","[Sticker]"
"Bandara Bandara","https://www.facebook.com/bandara.bandara.355355","🔥🔥🔥"
"Faill Mohamed","https://www.facebook.com/faill.mohamed","[Sticker]"
"Habib Nozard","https://www.facebook.com/habib.nozard.5","[Sticker]"
"Sudha Sudharshan","","[Image Attachment]"
"H.G. Daramapriya","https://www.facebook.com/people/HG-Daramapriya/pfbid023ZieqQL1u9UqYoA3VNokVXUqLbsywX6GQLuBEUTHndm6wSruHjBSJhQ3rDo8xnuYl","[Sticker]"
"Ruwan Wp","https://www.facebook.com/ruwan.wp","[Sticker]"
"Sarath Pushpakumara","https://www.facebook.com/sarath.pushpakumara.5059","[Sticker]"
"Abdul Majeed","https://www.facebook.com/people/Abdul-Majeed/pfbid0eyXRKzmpFV3Uk2n13ggAMbouTFaZxAwEwZAJ331TQTuTSUPEjrzyTbc9HKBthaXBl","[Sticker]"
"Jmjegan Dmcc","https://www.facebook.com/jmjegan.dmcc","🤑🤑😔😔😔😄😄😄😄😄😄😄😄😄😄"
"Mohammed Nazeer Mohammed Kamil","","😀😀"
"Sudesh Silva","https://www.facebook.com/sudesh.silva.102","👍💪"
"Mohamed Siddik Salih","https://www.facebook.com/mohamedsiddik.salih","100%"
"Saji Shah","https://www.facebook.com/saji.shah.1804","100%"
"Dharmasiri Silva","https://www.facebook.com/dharmasiri.silva.9","[Sticker]"
"Rumesh Thushara","https://www.facebook.com/people/Rumesh-Thushara/100086726891726","@followers @highlight 😂"
"Gamini Welikala","","[Image Attachment]"
"Rifas Rifas","https://www.facebook.com/rifas.rifas.585","[Sticker]"
"Mervin Nanayakkara","https://www.facebook.com/mervin.nanayakkara.5","[Sticker]"
"H M Padmasiri","https://www.facebook.com/hewamalage.padmasiri","[Image Attachment]"
"Maroof Maroof","https://www.facebook.com/people/Maroof-Maroof/pfbid0VTFSV75XV76R4PPGGjzmmHJ6phyY3aUzxxnpddf7wrvVXUN72LVZTmaLXwrWGcvml","[Sticker]"
"Kaamil Mohomed","https://www.facebook.com/people/Kaamil-Mohomed/pfbid04ogwaBbf8JECme3ZicrJUgbFUtBb4898BHs4xcazGH5xNBH8iPmpTTjNTjF9mBDil","[Image Attachment]"
"DP DC","https://www.facebook.com/people/DP-DC/pfbid032yeJViK4ygoKNXThobrJAApwPScDgZKnzhf9W8oXnbLTkv6kHGywcZaKriiQdDtVl","[Sticker]"
"Mohamed Fowmy","https://www.facebook.com/people/Mohamed-Fowmy/pfbid02LU6eGkaqsej41wowt6UftBKipfSFUPWnD6wEoP3xEkemH52MNDLC9vUUe8GoWNLGl","[Image Attachment]"
"Mohamed Farook","https://www.facebook.com/mohamed.farook.7165",","
"Kumara Singha","https://www.facebook.com/people/Kumara-Singha/pfbid02iik4Ft3PLxkg5M8UFLFAWcEfMLG4Ng6SNGCz66G2eFfXmd3bHngRas7X8jyjXg8kl","[Sticker]"
"Yathi Raj","https://www.facebook.com/people/Yathi-Raj/pfbid02uiChgrRtEguB4AZJNLGw7nyJ6BkSs5MXRgRA1eAWagsjVEAzn4JZSmKr2ZNdDBYUl","[Sticker]"
"Eral Gunawardhana","https://www.facebook.com/eral.gunawardhana.1","[Image Attachment]"
"Rismi Ismail","https://www.facebook.com/people/Rismi-Ismail/pfbid0Lztwh8KT6xghDn3kiu4bPqfLRHgWbZefxCeSNW87RdYYUvMyd9kM4DPXqFSe4QTgl","[Sticker]"
"Ajmeer Aju","https://www.facebook.com/people/Ajmeer-Aju/pfbid02kztRT7GgfsDTeeUQHmSY9bNn2acW51dsLL3gs2TeJ74WWhRrD6Fg9jo5Yz1epvdRl","😃😃😃"
"Kristi Gunarathna","https://www.facebook.com/people/Kristi-Gunarathna/pfbid02sJ5wYq7398neEsjH4iFf8UR1X2ooRh5NMXZ4ymCYN2FGLms4B9k3i46kwVLi7fr2l","ඥානසාර රිම්ට සමාව දිය යුතු නෑ මොකද මෙයා එකක් දෙකක් නෙමේ මෙයා සෑහෙන්න වැඩැඩ කරලා තියෙනවා ඒක නිසා ඕක නැවත ප්‍රයෝජනයට අරගෙන නැවතත් ඔය වැඩේම කරනවා ඒක නිසා ඔහුට දඬුවම් දිය යුතුමයි ඔය කවුරුත් රටේ නීතියට යටත්"
"Senevi Rathne","https://www.facebook.com/senevi.rathne.18","[Image Attachment]"
"Victor Samarawickrama","https://www.facebook.com/people/Victor-Samarawickrama/pfbid02YzLyvVa7XpAxpQtTEExabhBMJHi25QzEfZxvT6g6aFMjJpaxA15ijx32FGnqKcFGl","[Image Attachment]"
"Smc Midiyala","https://www.facebook.com/people/Smc-Midiyala/pfbid02DJZ4hbpPRh23Z8vgL87NzRpVu44a9rexkkNBfkZjwJAUQTTWCDA7hw42d4AjibKCl","💕👍🏻"
"Kamburawala Ranaweera","https://www.facebook.com/people/Kamburawala-Ranaweera/pfbid0qVTrHty7CBbXxHzv1XXNNFaHFrFFwUb2XQRSkN6mh3dEy3A99Fv8b4ows7EAxMsml","[Sticker]"
"Prasana Prasanna","https://www.facebook.com/masal.prasana","[Image Attachment]"
"Adikari Herath","https://www.facebook.com/people/Adikari-Herath/61577420940832","🩲"
"Ramasamy Balendiren","https://www.facebook.com/people/Ramasamy-Balendiren/pfbid026cy1h6d8oaG4gV9o8wVwfrHWt7oW6vN8TYYazo7e44f4S7hajg3MPjnqXdZ3XF3pl","[Sticker]"
"Ruwan Sampath","https://www.facebook.com/ruwan.sampath.952422","සිවුරු හොරුන්ගෙ අඳෝනාව 😁😁😁😁"
"Gamini Gamage","https://www.facebook.com/gamini.gamage.96558","[Sticker]"
"Gemunu Pemdas Bogoda","https://www.facebook.com/gemunu.p.bogoda","[Image Attachment]"
"Kapila Wijekoon","https://www.facebook.com/kapila.wijekoon.9","[Image Attachment]"
"Roshan Rajapaksa","https://www.facebook.com/roshan.rajapaksa.9","[Image Attachment]"
"En Shan","https://www.facebook.com/people/En-Shan/100087204305564","[Image Attachment]"
"Mohamed Ayoob","https://www.facebook.com/people/Mohamed-Ayoob/pfbid021n5V7qSo35LwS3XVJzFWYSoWUZjwWvtY6mYqVPtEaQTYNEMaeC9jRAoAiaja77aQl","[Image Attachment]"
"Fazal Deen","https://www.facebook.com/fazal.fazaldeen.1","[Image Attachment]"
"Ekanayaka Nandasena","https://www.facebook.com/people/Ekanayaka-Nandasena/pfbid0puib1GkkKrBVMiT2QmXKiGZCPLxFJ1vzRoWSPw7qSfppT5NGbEp5wHGHET9jqcCcl","🇱🇰💯💯💯👭👫🎯💘💘💘💘⚖️🕉️☸️✝️☪️(01)🎯💪💪💪💪💪"
"Nihal Fernando","https://www.facebook.com/nihal.fernando.126972","[Image Attachment]"
"Danushka Ranasinha","https://www.facebook.com/danushka.ranasinha.2025","[Image Attachment]"
"Wickrama Wickrama","https://www.facebook.com/sisira.sisira.498118","[Image Attachment]"
"Mohd Naser","","[Sticker]"
"Mahesh Rajapaksha","https://www.facebook.com/chathuranga.m.rajapaksha","[Image Attachment]"
"Dinesh Weerasinha","https://www.facebook.com/dinesh.weerasinha.1","ඕකුන් සිවුර දාගත්ත දේශපාලඥයෝ. ඕකුන් බුදුන්ගේ අනුගාමිකයෝ නෙවෙයි. ඕකුන්ට ගහලා එලවන්න ඕන."
"Shakeer Rasheed","","[Image Attachment]"
"Tharisi Perera","https://www.facebook.com/people/Tharisi-Perera/pfbid029RueGiKymjpT2VLiora2hnJKM1dXCFeDs6UC5eb9vbC1ja9yh3ihPPDdDEy4VBSal","[Image Attachment]"
"Ugs Ugs","https://www.facebook.com/ugs.ugs.528258","පර සක්කිලි බල්ලෝ රාජපක්ෂ තොපි ගනගෙඩියෝ"
"Nimasha Hansani","https://www.facebook.com/people/Nimasha-Hansani/pfbid0vGrgcfzfFXuDe7eky7M4Dww2FbUdQVPwxAfiMqFChjc42ogE53cXzD7e9Jb76DXrl","ඊට කලින් මයිත්‍රීපාලගේ මිඩ්යා ඩ්විශන් එකේ වැඩ කරන කලේ වටිනා කැමරා අනම් මනම් ටිකක් අස්ථාන ගත උනා කියලා චෝදනා තින බොට සමාව දෙන්න ඕනිද කියලා හිතලා බලන්න ඕනි"
"Shantha Amarasingha","https://www.facebook.com/shantha.silva.547727","තක්කඩියෝ ටිකක් සිවුරට රිංගාගෙන උන් සිවුර පෙන්න පෙන්නා  රට පාලනය කරන්න හදනවා."
"Rinooz Mohamed","https://www.facebook.com/rinooz.mohamed.2025","[Image Attachment]"
"Upul Indrajith","https://www.facebook.com/profile.php?id=100000698670834","[Image Attachment]"
"Pemarathna Hettiarachchi","https://www.facebook.com/pemarathna.hettiarachchi.2025","දහම්පදය පොත් ගුල් තුල ඉකිබිඳ වැලපෙති දම්දිපයෙ දම්අමාව බත් වෙනුවට කති"
"Priyantha Mangala","https://www.facebook.com/priyantha.mangala.5","අනේ පල හුත්‍තා. තොපිට තේරෙයි දවසක"
"Thushara Udayanga","https://www.facebook.com/people/Thushara-Udayanga/pfbid017rc3MpwNx2Wsb7WtCXH5gR72ZNjm2XcxenPVafC3BajAd7xZiyVojZYsY6duYgxl","අනුර..danna.සමාව ..ka.nogaha.ඉටු ..pakaya...රැවුල කපා ..ganin..puka..arinna.උඹට අමාරුයි හොඳටම ..dodawanna..බොරුවට"
"Priyantha Kumara","https://www.facebook.com/priyantha.kumara.638248","No"
"Lakshman Gamini Weerakkody","https://www.facebook.com/gamini.lakshman.714","චීවර ධාරීන්ට චන්දය හිමි උවත් දේශපාලනය තහනම් කලයුතුයී කෙසේවෙතත් බොහෝ අය නැවත මහනකල යුතුව ඇත..😁😄😅😅😅"
"Saman Kumara","https://www.facebook.com/people/Saman-Kumara/pfbid02EnwQVup7mWNG34N8bdvR4FYGHARAYx2vEH58HMxS6FZr3crqfofjCR4sA8BDQ6cql","බැලූ බැල්මට මම හොඳ උගත් කතෘවරයෙක් ලේඛකයෙක් වගේ පොත්පත් තියාගෙන ළඟ වටේට කතා කරන්න දන්නේ නැති ඔන්න එයා"
"Saman Kumara","https://www.facebook.com/people/Saman-Kumara/pfbid02EnwQVup7mWNG34N8bdvR4FYGHARAYx2vEH58HMxS6FZr3crqfofjCR4sA8BDQ6cql","තෝ ඤාණසාර කියලා කියන්නේ එයාටත් තොට ඔය හාමුදුරුවෝ කිව්වා මොකද වෙන්නේ? පොන්න ක***** ය තම්බින්දයි දෙමළුන්ටයි පුක දෙන වේශික පුතාලා"
"Sanju Loku","https://www.facebook.com/people/Sanju-Loku/pfbid0oPoZr8CAzK72yrHA41N9V9zxD4ZNpE3cYDkBgwuSDfHX6h7F49WTmbq6dLsvgPwTl","Meka hamuduruvan rekka rata maeka budda rata sinhalayatai Oni vidiyatai sinnahla jeevath venn ay thota mokada hipatuvoo"
"Kamal Rupasiri","https://www.facebook.com/people/Kamal-Rupasiri/pfbid02TA1fzdQKSWw1ZSmDWKUV23genaT2ujNBipXd2bRE86qXL6DpJztz9ThzH8gQBJRPl","Nigantayo dennek  ekathuwela......."
"Manoj Sugath","https://www.facebook.com/people/Manoj-Sugath/pfbid0kJv9NvJEUpPZNCW4kqfkL7mZ5a1EmzuRnJrSoNoyooiEaoo28u5Rz4jS9Vzfid5Fl","Hamoma balanna thaman ge un beta ganna ahema giyoth me rata kawadawath hadanna ba.."
"Nimsha Virakon","https://www.facebook.com/nimsha.virakon","Twa dayak palimat aka nadda karma wadayak ma sagaya ta dasapalana karanna dadapala katakaranna bari wanna unta teyanna dana da kala banak kiya gana enna mun rajasapa vida vida tawa sapa hoyanawa"
"Neragga Josop","https://www.facebook.com/nishantha.pethum.7","නැ"
"Nisthar Mohideen","https://www.facebook.com/profile.php?id=100026774269574","මුසල්මානුවන් මව්ලවි වරුන් වෙනුවෙන් අත්සන් එකතු කරන්ඩ පටං ගත්තොත් ඔය හාමුදුරුවන් සෙට් එක ඒකට ප්‍රතිවිරුද්ධව ව්‍යාපාරක් දියත් කරනවා නියතයි."
"Smith Ismath","https://www.facebook.com/smith.ismath","NPP IS TRUSTED BY THE CITIZENS OF SRI LANKA."
"Kumara Sri","https://www.facebook.com/people/Kumara-Sri/pfbid02oVbCEQexvLcVafPQsKYqnax8zYqr6LXv7yVX5zvE2znTMssLo2cg1TpZ9c4ESZJxl","එකතමයි වුගෙ අමිිමගේ නිතිය ගු කාපු ගනයා අනේ  වුගේ අමිිමට කියන්න තමයි තියෙන්නේ අනේ වුගේ චිවරේ ඔක දාගෙන තමයි මුන් ජඩකන් සේරම කරන්නේ හොර හැත්ත නොදකින්"
"Saneera Fernando","https://www.facebook.com/saneera.fernando.9","Yes"
"Ramzan M Nm","https://www.facebook.com/ramzan.mnm.7","Great speech"
"Tuan Drahaman","","නැතෝ."
"Nihal D Walimuni","https://www.facebook.com/people/Nihal-D-Walimuni/100089788239355","නැත"
"Janaka Silva","https://www.facebook.com/janaka.silva.79","නැත"
"Jaleel Jainudeen Mohamed","https://www.facebook.com/jaleel.jainudeen.mohamed","Well said bro"
"Palliya Guruge","https://www.facebook.com/palliya.guruge.52","Mewa waha nathara Kala uthu DeWal..."
"Muhammed Ashraf","https://www.facebook.com/muhammed.ashraf.3114","No no never"
"Indika Gamage","https://www.facebook.com/wijethunga.g.indika","ඔය අත්සන් ටික එකතු කරල ඥානසාරගේ කහ රෙද්ද උස්සල ඔබපිය puke"
"Thissa Perera","","මේකද බුද්ද දර්ශනය මේ චීවර දාරීන් අති උතුම් බුද්ද චීවරයට අගව්රව කරනව බෞව්ද ජනතාවට බුදුදහම එපා කරෝනවා මේවා හොයන්න බලන්න මේ නිකාය වල නායකයෝ නැද්ද ලොකු විනාසයකට යනකන් ඇයි බලන් ඉන්නෙ?."
"Sriyantha Kumara","https://www.facebook.com/people/Sriyantha-Kumara/pfbid02HDVWAkA4aahMHyBn7dNP8LdFJhCvJ9RmSgC5NPe3zfiAtN2AQxxTo11v3sMMWc91l","නැත.....😡"
"Sarath Hettiearachchi","https://www.facebook.com/profile.php?id=100001379288233","(සතුන්ගෙයි මිනිස්සුන්ගෙයි වෙනස)  සතුන් කවදාවත්ම තම රැලෙ කයිරාටික තක්කඩියන්ව තට්ටෙගාලා කන්නබොන්න අඳින්නදීලා ඉන්න ඉඩකඩම්ටික අක්කර ලක්ෂ 10 විතර  නින්දගම් කරලා  අසපු මන්දිර මංඩප හදලා ඒවටා ද්වාර මකරතොරං වලාකුළු බැමි බැඳලා' පිරිවැන් භික්කු විශ්වවිද්‍යාල හදාදීලා අතට වියදමත්දීලා' නොනවතින පිළිම පිරමීඩ  ඉදිකිරීම්වලට යකඩ වැලි කලුගල් සිමෙන්ති ශ්‍රමයත්දීලා' අලිඇතුන් V8 BMW Bens Pajaro දීලා බස්එකේදි නැගිටලා සීට්එකත් දීලා' දුවත් යවලා ##### පාදොවලා දනගහලා වඳින්නේ නැහැ... හෝඩිය ෆේල් එකාගෙන් AL ටියුෂන් ගන්නේ නැහැ.. සෝවහන් සකෘදා නැති එකාගෙන් කට අයාගෙන නිවාගන්න හැටි අහගන ඉන්නෙ නැහැ... සත්තූ..."
"Indika Gayan","https://www.facebook.com/people/Indika-Gayan/pfbid0A3HxLN829uYWxMdAZYpjzazRryAeFsk3CJkeFWHAmMgs6SRWaTAnfJ8ty7nXUBcUl","මේකට සමාව දෙන්න එපා මොකටද මේ සක්කිලියට සමාව දෙන්නේ මොනවද මේකා මොනවද මේ රටට කරලා තියෙන්නේ මු ජාතිවාදියෙක් ආගම්වාදියෙක් ත්‍රස්තවාදියෙක් මෝඩයෙක් හරකෙක් පාතාල සාමාජිකයෙක් කෙලෙහිගුණ නොදන්න තිරිසනෙක්"
"Ananda Wellappili","https://www.facebook.com/ananda.wellappili.7","ඥාණසාරට හා මේ අනෙක් කහකඩයන්ට කතාකලයුතු කුණුහරුප සිංහල භාෂාවෙ නෑ."
"Sanjeewa Jayasingha","https://www.facebook.com/sanjeewa.sarathchandra.562","පල ගොනො"
"Abdul Sattar","https://www.facebook.com/mohammed.sattar.5815","Darga Niagara 7meruve"
"Terryne Kishan Akbar","https://www.facebook.com/terrynekishan.akbar.3","Mayhema yanakota Palegamatath janadhipathi samava ganna athsan ekathu karaida not sure 😄"
"Agr Mawella","https://www.facebook.com/people/Agr-Mawella/61586196357842","අනිවාර්යෙන් ම ජාතියක් වශයෙන් සමාන දිය යුතුය.      කඩු තුන් හාර සීය පල්ලි වල තියාගෙන පෙර සුදානමින් හිටපු එකෙක්ට වත් දඩුවම් නැත.   අන්තිමේදී කඩු ටිකත් උන්ටම දුන්නා.      රටෙ මහ ජාතිය පල්ලියෙන් අවසර ගන්න තැනට රට පත් වෙලා තියෙන කොට  ඒක නැති කලෙ ඤාණසාර හාමුදුරුවෝ.        ඇස්ගෙඩි වලට හෙණ ගහලද සිහලුන් නෙ ?"
"Ajmal Mowjood","https://www.facebook.com/ajmal.mowjood","Great speech"
"Gayan Thilanga","https://www.facebook.com/thilanga.samaradiwakara","පල වෙසිගේ පුතා යන්න."
"Aruna Nirosha JG","https://www.facebook.com/people/Aruna-Nirosha-JG/pfbid0QnBzN5puGbnXXXC5TR2vZMbgn3g2zNhquPbMDYYSdggzpmeudmMWBD6bGphrrsZEl","Supiri kathawa"
"Kumara Ranasingha","https://www.facebook.com/kumara.ranasingha.549616","මගෙපනඅනුරඅයීයා"
"Sanjay Kulatunga","https://www.facebook.com/people/Sanjay-Kulatunga/61563020250131","මුන්ට හරියට ජාතියක් ජම්මයක් නැති අවජාතක ජෙප්පෝ"
"Gunawardana Dharma","https://www.facebook.com/gunawardana.dharma.2025","Oka maha pau karayak"
"Pradeep Chaminda","https://www.facebook.com/pradeep.chaminda.835193","ඒ සුනඛ ධාතුව හාමුදුරුවරුන්ට කතා කරන්න ඉගෙන ගනින් ඉස්සෙල්ලා ම තොගේ අම්මට බල්ලෙක් සංසර්ගේ යෙදිල තියෙන්නෙ"
"Krishan Kalupahana","https://www.facebook.com/people/Krishan-Kalupahana/pfbid02cxT7VWoFc9X96vL4EjaN5oALNq3WY38gWS5yp4XM5x7NmTuYtZ2Su4T7MjeK6s1bl","තමන්ගේ රට එපා කියලා වෙනත් රටක සරණාගතයෙක් වෙලා පැලවත්තට පක්කිලිකම් කරන ගමන් ස්වාමීන් වහන්සේලාට අපහාස කරනවා..ජේවිපී කාරයන්ට ස්වාමීන් වහන්සේලා පෙන්න බෑ වුණ්ට මාර වෛරයක් තියෙන්නේ ස්වාමීන් වහන්සේලා එක්ක කල්ලතෝනියෙක් ස්වාමීන් වහන්සේලාට අපහාස කරනවා කියන්නෙම...ඩයස්පෝරාවේ සල්ලි වලට තමයි ඉතිං....ප්‍රභාකරන්ට ඊබ්‍රාහිම්න්ට ජාතක වෙලා පැලවත්තෙ අසුචි හෝඳන වුණ්ට බුදු දහම සිවුර ඇලජික් ..🤌🤌🤌🤌🤌"
"Weera Singha Kumara","https://www.facebook.com/sugath.weerasingha.sugath.2025","අර අනුරාධපුර එකාට ජනපති සමාව දුන්නෙ එතකොට උබ කොහෙද ඕකට කියන්නෙත් වහාල් බාය"
"Upali Jayasinghe","https://www.facebook.com/people/Upali-Jayasinghe/pfbid0aUjPC2U1JZhJ39qSA8FJQB7G5AZ2eyT5RW2MtPucXaR3AsjQRvbJTzeHcMTpZqqpl","Meganayo onadà  agama adahanda  mun  ape ratatta sapayak"
"Waruni Wijesinghe","https://www.facebook.com/waruni.wijesinghe.104","සිවුර මිනිස්සුන්ගෙ  අපහාසයට උපහාසයට ලක් කරන ගනින්නාන්සේ්ල සාසනයෙන් නෙරපනු."
"Sathyajeewa Vijendra","https://www.facebook.com/sathyajeewa.vijendra","මිනිස්සුන්ගෙ කටවහන්න  ගනයොන්ට පුලුවන්ද🤔🤔"
"Madura Abesekara","","නෑ"
"Rathnapala Subasinghe","https://www.facebook.com/rathnapala.subasinghe.2025","එදා ප්‍රතුගීසීන් මීගමුව පැත්ත සිංහලයන්ව කතෝලික ආගමට හරව ගත්තේ පොඩි දරුවන්ව උඩට වීසි කරල ඔවුන්ව බයිනේත්තු තුඩු උල්වල අමුනාගෙන පෙන්වීම වගේ ත්‍රස්තවාදී ක්‍රියාවලින්. එහෙමයි ඔවුන් ඔවුන්ගෙ සර්ව බලධාරී දෙවියන්ගෙ බලය පෙන්නුවෙ. ඒවට බයටම ඒ ආගමට හැරිච්ච සින්හලයන් අද සිංහල බෞද්ධත්වය විනාස කරන්න උවමනා කරන අයට එකතු වෙල තියනව.   ඉස්ලාම් කෝරානයෙ උගන්නන්නෙ මුස්ලිම් වූ අයගෙ ත්‍රස්තවාදී ක්‍රියා වලින් ලෝකයම මුස්ලිම්කරණය කර ගැනීමයි. අල්ලා දෙවියන්ට ඒක තනියම කර ගන්න බැරි නිසා වෙන්නැති.   අදය කියල ඒ ආකල්පවල වෙනසක් නෑ. කාදිනල් මැල්කම්ලගෙ වැඩවලින්  අදත් පේන්නෙ ඒ තත්වයමයි. මේ දෙගොල්ලන්ට දැන් එකතු වෙනව කුල හීනමානයෙන් පෙලෙන සිංහලයො කීප දෙනෙකුත්. මාලිමා ඩෝබිල වෙච්ච ඔවුන් කහ සිවුරක් දකින දකින වෙලාවට කුණුහරුප කිය කියා තමන්ම වන සිංහල ජාතිය හෙලා දකිනව."
"Ivan Prematilake","https://www.facebook.com/ivan.prematilake","No"
"Wickrama Wickrama","https://www.facebook.com/sisira.sisira.498118","මේ කියන පංතියෙ උන්ට අනුරගේ සමාව බලාපොරොත්තු වෙන්න පුලුවන්.ගෑරුප්පු වලින් දානෙ කාපු උන් ඔය දගලන්නේ.."
"Preshath Disanayaka","https://www.facebook.com/people/Preshath-Disanayaka/pfbid0bLXmkSdEe7H5rzwMmN7k635yPCJMauQfuTkTd8hQXd4DMz4wH4dCmWZcCCx6zZGAl","නැත"
"Jayarathna Vidanagamage","https://www.facebook.com/people/Jayarathna-Vidanagamage/pfbid025YAraZeizTm2at3AjEiCQ319nnJvT1WydKLUDhNU4qCxrWPYXM91fNHFv8U4vAM7l","Jvp දන්නේ නෑ බුද්ද සාසනේ එය දැන් ත්‍රිපිටකය තේරුම් ගන්න මේවා ලෝකේ සාපයක් ලංකාවේ එක පැවිදි අයෙක් නෑ සාසනේ රකින"
"Dvp Sunil Sunil","https://www.facebook.com/dvp.sunil.sunil","ජාතිවාදය ආගම් වාදය ගෙනැල්ලා ජනතාව මුලා කරපු හොරැ සමඟ නිදි වැදපු ඕකට සමාව දුන්නොත් අනුරත් එලවන්න ඕන ,"
"Sujeewa Herath","https://www.facebook.com/sujeewa34","තිත්තගල්ලයට උගත් පිස්සුව... අවදානය ගන්න ගූත් කයි..."
"Siril Athapttu","https://www.facebook.com/jananirma","Ven Thiththagalle Anandasiri Himi  උබ ඇතුල උබගාව බතට ලැගලා ඉන්න ගල් පො## න සේනාව ඇසිය යුතුම කතාවක්.."
"Jeyaraj Seinul","https://www.facebook.com/people/Jeyaraj-Seinul/pfbid02K8ZM3d5ktcHKkDABQcTtPq1wNjkxZTkdZchPKjNtooFdsZRWMZmq8UEMpMkpKrBkl","Samava dunnoth Anurata vhande denna."
"Nz Wijesinghe","https://www.facebook.com/neesha.wijesinghe","නැ නැ නැ සමාව දිය යුතු නැ"
"Nt Ruksh","https://www.facebook.com/nt.ruksh","මේ කියනවන එකා මොන සක්කිලියෙක්ද... ඤානසාරට දඩුවං දෙනවද නැද්ද කියන එක උසාවිය බලාගනියි.. තො මොන වෙසිගෙ පුතෙක්ද යකො🤣🤣🤣"
"Dishan Bandara","https://www.facebook.com/namal.bandara.406316","මෙන්න මේ දුෂිත වනචාරියො දෙන්නට වහාම නීතිය ක්‍රියාත්මක කැරනු"
"Hasitha Gihan","https://www.facebook.com/hasitha.gihan.804234","නැ නැ නැ නැ නැ නැ නාකි මයිනා වෙනූවෙන් පෙල ගස්සන්න මූල් සැලසුම"
"Hasitha Gihan","https://www.facebook.com/hasitha.gihan.804234","❤️💓💓❤️💓❤️💓❤️💓❤️💓❤️ 1💯💯💯💯💯💯💯💯💯💯💯💯"
"Lina Kiranandakorala","https://www.facebook.com/lina.kiranandakorala","කොහෙත්ම නැත....නීතිය කාටත් පොදුයි...සිවුරට මුවාවි කරන කියන දේ මහනෙකුට නුසුදුසුය....පුජක පක්ෂයට ජාති ආගම් භ⁣භේදයකින් තොරව දේශපාලනය තහනම් කරනවා නම් හොදයි...🤓🤓"
"Ananda Hettiarachchi","","පල්ලේගම වෙනුවෙන් මම යනවා හන්දික් හන්දියක් ගානේ සල්ලි එකතු කරන්න"
"Sujeewa Deepani","https://www.facebook.com/sujeewa.deepani.2025","💯💯💯💯🔥🔥🔥👌👌🙏🙏"
"Nirmani Aththnagoda","https://www.facebook.com/nirmani.aththnagoda","[Image Attachment]"
"Nirmani Aththnagoda","https://www.facebook.com/nirmani.aththnagoda","[Image Attachment]"
"Nirmani Aththnagoda","https://www.facebook.com/nirmani.aththnagoda","[Image Attachment]"
"Nirmani Aththnagoda","https://www.facebook.com/nirmani.aththnagoda","මෙයාට සමාව නම් දෙන්නම එපා. මේකා චීවරයක් දාගෙන බුදු මගටත්  බුදු සසුණටත් ගිය ගිය තැන අසූචි හෙළනවා. ජාති වාදය අවුස්සමින් නොහික් මුණු වල් කතා නිතරම කියනවා.අරක්කු බොනවා. ගෑණු තියන් ඉන්නවා. චීවරේට නොගැල පෙන  අවළම් බල්ලෙක්මූ.නොදකින්😡😡😡🤮🤮🤮"
"Nazeer Hussain","https://www.facebook.com/people/Nazeer-Hussain/100036315797587","Noooooooo"
"Iluka Dananjaya","https://www.facebook.com/profile.php?id=100000013557778","අනුරනේ බන් කිව්වේ අපිට උනත් මහජනතාව බයවෙන්න එපා කියලා...🤭🤭"
"Iluka Dananjaya","https://www.facebook.com/profile.php?id=100000013557778","මව්ලවී බෝම්බ ප්‍රහාරයට බන් හිරේ ගියේ... උබේ ලොකේ පජික්...😂"
"Kaluarachchige Jayasiri","https://www.facebook.com/kaluarachchige.jayasiri","Na"
"Sera Aluthwatta Aluthwatta","https://www.facebook.com/sera.aluthwattaaluthwatta","Pahugiya kale janadipathithumata prasiddiye apahasa kala . Dan janadipathi samawa illanawa...me miniha Kata toilet elak wage thiyena katha karannawath danne nathi mi,  mihek ara pansakala hamuduru namakata amu thiththa kunuharupen banina voice ekak man ahuw , me minihawa ayema mahana kalath wadak ne"
"Lesli Sunil","https://www.facebook.com/people/Lesli-Sunil/pfbid02oFin3uSgrnRc9wrTL8XMMwAu39E4qpSVMJKFirKwhtA93vo2gaEfsGb8RuocdKanl","ඔ්කාටනම්   දෙන්න එපා  ඕකා  හගම්  කෝටවංවා"
"Manoj Sugath","https://www.facebook.com/people/Manoj-Sugath/pfbid0kJv9NvJEUpPZNCW4kqfkL7mZ5a1EmzuRnJrSoNoyooiEaoo28u5Rz4jS9Vzfid5Fl","Horu hire yanakota jayawewa..kiyanna minissu Enna ratak Meka..dukai..."
"Pradeep Manjula","https://www.facebook.com/profile.php?id=100000829914863","කොහෙත්ම ඕනිම නෑ..🥵🥵"
"Shanaz Fernando","https://www.facebook.com/shanaz.fernando","👍👍👍"
"Neragga Josop","https://www.facebook.com/nishantha.pethum.7","නැ"
"Mohammadu Mihilar","https://www.facebook.com/mohammadu.mihilar","😂😂😂😂😂😂😂😂😂😂😂😂😂😂😂😂😂😂😂😂😂😂😂😂😂😂😂😂"
"Manju Disanayaka","https://www.facebook.com/people/Manju-Disanayaka/pfbid02wStpdiJ6CHPBsUYvoeEt4EaqvG6irEgn6pkhQ6kGAFMuR77uLRCABLuZMJNbig2wl","මේ සාසනේ කන්න අපූ පව් කාරයෝ"
"Ranjith Mery","https://www.facebook.com/ranjith.mery.2025","👍🏿👍🏿👍🏿👍🏿👍🏿"
"Shàkyà Rajakarunanayake","https://www.facebook.com/profile.php?id=553533655","එක හරි කල්පනා කරන්න ඕන පළවෙනිම දේ තමයි දෙයියෝවත් තමන් අදහන ආගමවත් නෙවෙයි තමන් අවසානයේ අමාරුවක වැටුනම පිහිටට වෙන්නේ රටක පවතින හරි නීතිය ක් කවදාවත් ඔන්න ඔය හේතුව නිසා තමයි කියන්නේ ාජ්‍යය සහ ම කිසිවිටක එකතු විය යුතු නැත එය වෙනම තිබෙන්නට අවශ්‍ය දෙයක් තමන්ගේ සහය නීතියෙන්ම පමණයි ලැබෙන්නේ සහනයට පමණක් තමන් විශ්වාස කරන ධර්මය විශ්වාස කරාට කමක් නැහැ හරි දේ මිනිස්සු තේරුම් අරගෙන ජීවත් වෙන්න ඕනේ මොකද මේ විසිදවන සතවර්ෂයේ ජීවත් වෙන්නේ ඔය හැම ආගමක්ම කාලේ පැවති රාජයන් එක්ක බද්ධ වෙලා රාජ්‍ය පාලනයට මිනිසුන්ව නමල තියාගන්න පාවිච්චි කරපුව මිසක් අපි කවුරුත් දන්නෙ නෑ ඇත්ත කතාව මොකක්ද කියන එක ඔය ධර්මය පැත්තට ගියොත් එහෙම ආගම"
"Fowzul Ameer","https://www.facebook.com/fowsulameer.fowsulameer.7","[Sticker]"
"Praminda Malika","https://www.facebook.com/praminda.malika.5","තොපිට දෝදුද"
"Chaminda Ranbandara","","ඔව්  මුන්   බුදු හාමුදුරුවෝ   විකුනම්  කනවා"
"Namasivayam Yogaeshweran","https://www.facebook.com/namasivayam.yogaeshweran","ඉතින් ඒ කාලේ සමාව දුන්න අයගෙන් ගන්න. මේ නීතිගරුක රජයෙන් නීත්‍යානුකූල දෙයක් මිස වෙනදෙයක් බලාපොරොත්තු වෙන්න එපා."
"Ranjith Nawarathna","https://www.facebook.com/people/Ranjith-Nawarathna/pfbid09JbK6MfF131rzk3NU2tGqqtbmsxEHPcxu2pSTwGisG8H5kbBL8iriTaWJ665X2mEl","Nanasarawa hire yaviya uthui"
"Rohan Jayalath","https://www.facebook.com/rohan.jayalath.604326","ඔවු අනිවාර්යෙන්ම"
"Sanjaya Ekanayake","https://www.facebook.com/dushantha.ekanayake","Buhdhdha chiwaraya awabavitha karana un hire yanna one"
"Wickrama Wickrama","https://www.facebook.com/sisira.sisira.498118","මෙයා හොදට වැඩ ගත්ත මුන් ගෙන්."
"Jayantha Jayathilaka","https://www.facebook.com/jayantha.jayathilaka.18","වැරදි ගැබ් ගැනීමකින් ඉපදුන ජනපතිට. නානසාරයාට අනුව..ඌට සමාව දෙන්න බෑනෙ.අච්චර අපහාසයක් කරලත් ජනපති  ලඟ දණින් වැටෙන්න උඹට ඇටදෙක නැද්ද  ගෙරි බල්ලෝ"
"Prasanna Perera","https://www.facebook.com/prasanna.perera.50951101","Youtu 👍👍👍👍👍👍👍"
"Ranjith Dahanaka","https://www.facebook.com/ranjith.dahanaka.2025","සහතික ඇත්ත කතාව"
"Bandara Amcs","https://www.facebook.com/bandara.amcs","අර මිනිහගේ ඇටේ ආපසු දී පල්ල ඉස්සෙල්ල."
"T M Thennakoon Kumara","https://www.facebook.com/t.m.thennakoon.kumara","නැත. ..කිසිම සමාවක් දෙන්න එපා"
"Gayan Dissanayake","https://www.facebook.com/gayan.dissanayake.44445","ඇත්ත...........👍👍👍"
"Weerarathna Omalpage","","ඕක එල්ලන්න ඕන ජාති වාදියා"
"Yushantha Kumara","https://www.facebook.com/profile.php?id=1021421627","Weerarathna Omalpage ඇයි රන්ජන් හිරේ දාන්නේ නැත්තේ... රන්ජනුත් කරේ එකම වරද.... මයිත්‍රී තමයි දෙන්නටම ජනාධිපති සමාව දුන්නේ ..... ඩොබි හින්දද 😂😂😂"
"Mohamed Fareedudeen","https://www.facebook.com/mohamed.fareedudeen","@highlight https://www.facebook.com/share/v/1DjS1JJR3y/"
"Thushara Nadakanda","https://www.facebook.com/thushara.nadakanda","[Image Attachment]"
"Thushara Nadakanda","https://www.facebook.com/thushara.nadakanda","[Image Attachment]"
"Nishantha Perera","https://www.facebook.com/people/Nishantha-Perera/pfbid02zeSaaox5etXWALfa5zcUb58gk6onusbMdHAVKwF9k362N4zR99Am2RsHPqLMtkVxl","Me Kahakadayo ඔක්කොම හොරු බඩු කාරයෝ  Ekka Walle Badu"
"Prasanna de Silva","https://www.facebook.com/profile.php?id=100001861770042","Noooooooo"
"Upul Indrajith","https://www.facebook.com/profile.php?id=100000698670834","[Image Attachment]"
"Sisira Pushpakumara","https://www.facebook.com/sisira.pushpakumara.752","Nata nata nata"
"Bandula Dharmasena","https://www.facebook.com/people/Bandula-Dharmasena/pfbid02m7z9LHL31uigTHHhcZQbbBFXxYuDKcYPYKhQ2UmfbD9Mm2wgtrg4aYqvVwrdhYufl","පාස්කු නඩුවෙන් හිරේ ගිය මවුලවිලා  වෙනුවෙන් පෙත්සම්  අත්සම්  කරමු ."
"Ainul Rihana","https://www.facebook.com/people/Ainul-Rihana/pfbid0rfc6ogbJKJ4DJfrMZpWz8LLedBNFRhhsstyfV86Kt1aULCktox16nz3Uxi7XHZ3l","Super"
"Jinasena Thushara","https://www.facebook.com/thushara.jinasena","වසලයෙක්"
"Wijitha Jayasuriya","https://www.facebook.com/wijitha.jayasuriya.3","ඔිකට හිරේදාලා අපේ බදු වලින් කන්න දීල හරියන්නෙ නෑ  ආයුද පෙන්නන්න එක්කන් පලයල්ලා"
"Gihan Kankanamge","https://www.facebook.com/gihan.kankanmge","මේ තිත්තයා තර්ජනය කරනවා,ඇඟිල්ල දික් කර කර,මේ නානාසාරා අනිවාර්යයෙන්ම හිරේ දාන්නම ඕන ,මේ රාජවස්සල නිකායේ කහකඩයෝ 20/30 ඉන්නවා ,මුන් රටට ශාපයක් ,🤮🤮🤮🤮🤮🤮"
"Ajith Priyantha Vidanage","https://www.facebook.com/ajithpriyantha.vidanage","[Sticker]"
"Ajith Prasanna","https://www.facebook.com/ajith.prasanna.986","No...."
"Sumanasiri Jayanath Kumara","https://www.facebook.com/sumanasiri.jayanathkumara","අනෙ පලයන් බං යන්න පොල් බුරුවො යන්න ඇ බත් කන හරකා අර මූස්ලිම් එව්න් බොම්බ ගහලා හිරෙ ගියෙ ඥානසාර හාමුදුරුවෝ මොනා කරලාද පොල් බූරුවො අනික තොට තිය අමාරුව මොකක්ද්ද ඔච්චරටම බත් කන හරකා බොරුවට ණයට කියිනෙ නැතුව ඉදපන් පොල් බූරුවා අපෙ සිංහල බෞද්ධ යාලූවෝ හොදට බූද්ධියෙන් හිතන්න ඕන මුන් ඇයි මෙච්චර ණයට කයිනෙ ඇයි කියලා කාල කන්නියා"
"Danushka Ranasinha","https://www.facebook.com/danushka.ranasinha.2025","😁😁😁😁😁😁😁😁😁😁 kalakanniya Niwan Suwa Rata Kawa kalakanni balla 🤣🤪🦬"
"Danushka Ranasinha","https://www.facebook.com/danushka.ranasinha.2025","😂😂😂😂😂😂😂😂😂😂😂"
"Danushka Ranasinha","https://www.facebook.com/danushka.ranasinha.2025","🤣🤣🤣🤣🤣🤣🤣 kalakanni cheewaradare ballo Sasaneth kana kalakanni ballo 🤪😂🦬🦬🐖🐄🐃🦬🐖🐄🐃🦬🐖🐄🐃🦬"
"Danushka Ranasinha","https://www.facebook.com/danushka.ranasinha.2025","[Image Attachment]"
"Danushka Ranasinha","https://www.facebook.com/danushka.ranasinha.2025","[Image Attachment]"
"Danushka Ranasinha","https://www.facebook.com/danushka.ranasinha.2025","[Image Attachment]"
"Thuwan Samidon","","No"
"Dayananda Kularatne","https://www.facebook.com/dayanandakularatne","අධිකරණයෙන් දඩුවම් නියම කරනිනේ පැමිනිල්ල විභාග කොට. එම අවස්ථාවේ චූදිතට අවස්ථාව තියෙනවා තමා වෙනුවෙන් කරුණු ඉදිරිපත් කරන්නට. එම අවස්ථා සියල්ල පසුකොට ඇව්ත් දඩුවම් ක්‍රියාවේ යොදවණවිට තකතිරුවෙකු ගත් තීරණයෙන් එලියට දැම්මාම දැන් එය හිමිකමක් වෙලා. තමන්ගේ හෘද සාකිශිය විමසීම වටී."
"Mahesh Rajapaksha","https://www.facebook.com/chathuranga.m.rajapaksha","[Image Attachment]"
"Daisy Rodrigo","","Great"
"S P Prem Samansooriya","https://www.facebook.com/sp.samansuriya","බෝම්බ ගහපු ඊබ්‍රාහිම්ට දඩුවම් දෙන්න ඕනි කියල මේ ඩෝබි #කයල කියන්නෙ නෑ නේද"
"Kosala Abeysinghe","https://www.facebook.com/kosala.abeysinghe.2025","Neethiya kriyathmaka wiya yuthui"
"Ajantha Shelton","https://www.facebook.com/ajantha.shelton.1","[Image Attachment]"
"Neil Sendanayaka Neil","https://www.facebook.com/neilsendanayaka.neil","Neethiya kaatath akai.neethiyata udin kawuruth sitiyayuthu netha"
"Vasanthalal Vasanthalal","https://www.facebook.com/vasantha.ranasinghe.372930","පිටකොටුවෙත් ඒකාලේ හිටියා පෙර්මන්ට් එකේ මේ වගේ තෙල් බෙහෙත් කාරයෝ ටිකක්... 🤔🤔🤔🤔🤔🤔🤔🤔🤔🤔🤔🤔🤔🤔🤔🤔🤔🤔🤔🤔"
"Rookantha Senanayaka","https://www.facebook.com/people/Rookantha-Senanayaka/pfbid02rPZCRM5SbP2mz9DcFrWckvP79C52H9BRxUP9KhSzsjSny6a8yV5zMYPA1cJTcJwcl","අපි දන්න අනුරනම් අධිකරණ තීන්දු වලට ඇඟිලි ගහන්න යන්නේ නෑ"
"Ma Asanka","https://www.facebook.com/ma.asanka.2025","මු කුඩ්ඩෙක් අහංගම හැමෝම දන්නවා"
"Maleeka Jayamanna","https://www.facebook.com/maleeka.jayamanna.1","ගලබොඩ  අනිවාර්යයෙන්ම   හිරේම තියන්න ඕන"
"Nalaka Ruwansiri","https://www.facebook.com/nalaka.ruwansiri.50","ගලගොඩයා මහපාරෙ ඇදගෙන යන්නයි ඕන..."
"Jayantha Kumara","https://www.facebook.com/people/Jayantha-Kumara/pfbid02ToacF7Pgxjmyk83QerkSJSYDzGeWDMyihucnvFvUEBcXx4zBTwa3Li42TFtmKX3ol","Attha kathawa👍👍"
"Sehu Mohideen","","Great 😃👍💯"
"Roshan Devasingha","https://www.facebook.com/people/Roshan-Devasingha/pfbid026JctpHU6gAzgU3Ye5PQDaJriN8GCXYhT2mGk9pbeb1feWKjEFhEJiv8qYr22CkPal","අවශ්‍ය නැත👍😡"
"Buddhika Withanage","","නාසාරට සමාව දෙනවට වඩා හොදයි.......🤮"
"Chandana Karunaratne","https://www.facebook.com/chandana.karunaratne.1","No"
"ජයලත් බටගොඩ","https://www.facebook.com/people/%E0%B6%A2%E0%B6%BA%E0%B6%BD%E0%B6%AD%E0%B7%8A-%E0%B6%B6%E0%B6%A7%E0%B6%9C%E0%B7%9C%E0%B6%A9/pfbid02XhD37pg4yUWMeokszRo2YhmDuXaZSBbrN4jjfFjCVNHGMqBUFV1s9N9D99xJL6bEl","සංඝ පාතාලේ ගෝඩ් ෆාදර් මලකාලකන්නී පව්කාර ජාතිවාදී අලුගෝසුවා කිසි සමාවක් දෙන්න එපා... ගරු ජනාධිපති තුමනී මේ පව්කාර මලකාලකන්නී චීවරධාරීන්ට නීතිය තදින්ම  ක්‍රියාත්මක විය යුතුයි .... නානසාර හිරගෙදරට .... ජයවේවා"
"Anura Kusumsiri","https://www.facebook.com/anura.kusumsiri.2025","නැත"
"Rakhi Tharu Charu","https://www.facebook.com/tharurakhi78","හරක් කටාට ජනාධිපති සමාව දුන්නත් ඔය පර බල්ලට සෙරෙප්පු පාරක් දෙන්න ඔනේ 😂"
"Waga Arachchi Tangalla","https://www.facebook.com/waga.arachchi.tangalla","තිත්තගල්ල කියන්නෙ සිවුර දාගෙන ඉන්න සුදුසු මිනිහෙක් නෙමෙයි... මූට ගහල පන්න පල්ලකෝ ගෝතය 🐃"
"Manori  Kaluwella","https://www.facebook.com/manorial.kaluwalla","[Image Attachment]"
"Lalith Rathnayake","https://www.facebook.com/LalithRathnayakeArtist","නානසාර යා.. ජම්පරේ ඇඳිය යුතුමයි..."
"Sumith Rohan Gallage","https://www.facebook.com/rohan.gallage.33","[Image Attachment]"
"Parakrama Bokalawela","https://www.facebook.com/profile.php?id=578228676","[Image Attachment]"
"Samarasinga Jayapala","https://www.facebook.com/samarasinga.jayapala","නැත"
"Bandula Ranasinghe","https://www.facebook.com/people/Bandula-Ranasinghe/pfbid0xkuUXzVPmjxsPooHMxG11z8eyZ7k3h1TgBxKSd7uzw1jBmEwmqffkHkCZk62uSpul","ජනාධිපතිතුමාට චන්දෙ දුන්නේ ගරු අධ්කරණය මගින් වැරදිකරුවන්ට ලබාදෙන දඩුවම් නිදහස් කිරීමට නොවේ"
"Alam Usoof","https://www.facebook.com/alam.usoof","What about others in jail?"
"Nilma Kumarasingha Nilma","https://www.facebook.com/people/Nilma-Kumarasingha-Nilma/61582816194892","කිසිසේත්ම සමාව නම් දෙන්න එපා.ඕවට අත්සන් කරන්නත් එපා එපාමයි"
"Daniru Rodriguez","https://www.facebook.com/daniru.rodriguez","අපෝ නෑ"
"Heshan Perera","https://www.facebook.com/heshan.perera","ජනාධිපති සමාව දෙන්නම වටින පූජ්‍ය ගලගොඩඅත්තේ ඥානසාර"
"Sathyajith San","https://www.facebook.com/sathyajithsanjaya.sathyajithsanjaya","මු කැරි කුඩ්ඩ මුවවත් නැති කරනනවා සසනෙන්"
"Sunil Daya Gunarathna","https://www.facebook.com/sunildaya.gunarathna","කොහෙත්ම නැත"
"Silva Electonics","https://www.facebook.com/silva.electonics","මුන්ටික හිරෙ ගියෙ  ජිවිත  300 බොම්බ  ගහලා  මරලා  මචන්   හාමුදුරුවො  ජතියට  ආගමට  කරපු  එක වැරැද්දක්  පෙන්නපල්ලා   දිපන් උන්වහන්සෙ  වහප්වාදි   ත්‍රස්තවාදී   පරයින්ට විරුද්දව  හඩ  නගපු  එකෙද  වැරදිද... පොඩ්ඩක්  ආවෙගශිලියි    මේ  නිවෙදක   මල්ලි  මචන් උබට  අර  රාසමානික්‍යන් සුමන්තිරන්  මුජ්බර් හකිම්  අසාත්  රිශාඩ්  හිස්බුල්ලා  ගෙනියන  ජාතිවාදි ආගම්වාදි  අන්තවාදි  වැඩ  ටිකත්  මුලදර්මවාදි  පරයො  සින්හල බෞද්ද යො උන්ගෙ  ආගමට  බදව ගන්න එකට  විරුද්දව  කතා කරන්න  අමාරුද  නැත්නම්  ජාතිය වෙනුවෙන්  යමක්  කරන්න  හිතට එන්නෙ  නැද්ද   ..ජතියට   ආදරෙ  කරන  උන්ට  බැනලා  කියක්  හරි  හොයා ගන්නද  මලයො  ඔනෙ    ඇයි  අපෙ ජතිය  රට  ආගාම  වනස  ගන්නෙ   තරහට  නෙවෙයි  කියන්නෙ  කල්පනා  කරලා  බලපන් පොඩ්ඩක්  උප  නුපන්  සින්හල දරුවොන්ට  යන  කල ගැන  ..ඔයාගෙ හැකියාව  ජාතියෙ  උන්නතිට  පාවිච්චි   කරන්න  සතුටක්  දැනෙවි     සින්හල බෞද්ද  අපිට ඉලාම් වාදි  දෙමලත්  වහප් වාදි  මරක්කලයත්  මුලදර්මවාදි අපතයොත්   එ  මදිවට  මාලිමාවෙ  සෙට් එකයි  ඩොබිලයි  වට  කරන්   සින්හල ජාතියට  ගහන්නෙ  ..සොරි  මචන් නුවන පාද  ගනින්  අද  විරයො  දවසක  මවුබිමෙ  ද්‍රොහි  ලෙබලය  වදිනවාමයි"
"Nishan Fernando","https://www.facebook.com/nishan.fernando.7472","නානසාර හිරගෙදරට යැවිය යුතුයි අනිවාර්යයෙන්ම"
"Rinooz Mohamed","https://www.facebook.com/rinooz.mohamed.2025","[Image Attachment]"
"Arri Perera","https://www.facebook.com/arri.perera.5","පල හුත්තෝ සක්කිලි බල්ලා"
"Lesly Dias","https://www.facebook.com/lesly.dias.852104","Yes very good bro"
"Saleem Airff","https://www.facebook.com/people/Saleem-Airff/pfbid02JVRkKx7V5xw22wBgjjzWmGEx4yLnMCvBaMGx8hvoXkdmj2s937De8fT9hckq7y2Sl","SO HAPPY TO SEE YOUR VIDEO 📹 💗 BROTHER 💓"
"Lucky Teena","https://www.facebook.com/people/Lucky-Teena/pfbid0cawK7aNiJxcTwLzvKXXQjhdBMuHzrRMwWsUzoqtdgspy53kAAiyN8n8EjhXspyAHl","නෑ"
"Sunil Rathnayaka","https://www.facebook.com/sunil.rathnayaka.54300","ඔකුන්    සංග   පාතාලයෝ  සර්   හිපාටු   කහකඩයෝ"
"Fariz Nizam","https://www.facebook.com/fariz.nizam.31","Well said"
"MH Isharaka","https://www.facebook.com/mh.isharaka","[Image Attachment]"
"Mohamad Baseer Kwt","https://www.facebook.com/mohamad.baseer.kwt","[Sticker]"
"MH Isharaka","https://www.facebook.com/mh.isharaka","[Image Attachment]"
"MH Isharaka","https://www.facebook.com/mh.isharaka","[Image Attachment]"
"MH Isharaka","https://www.facebook.com/mh.isharaka","ප්‍රංශයේ සිට කිසිදු රැකියාවක් නොකොට පැලවත්තේ රෙදි අපුල්ලමින් දිවි සරිකරන ඩෝබී හිගන්නා"
"MH Isharaka","https://www.facebook.com/mh.isharaka","යේක යපිට සමාව තමා"
"MH Isharaka","https://www.facebook.com/mh.isharaka","[Image Attachment]"
"MH Isharaka","https://www.facebook.com/mh.isharaka","සමාව දිය හැකි වැරදි"
"MH Isharaka","https://www.facebook.com/mh.isharaka","යේක තමා මාධ්‍ය අංශයේ කැමරාවත් අරන් රටින් පැනපු මාලිමා ප්‍රංශ ඩෝබී"
"MH Isharaka","https://www.facebook.com/mh.isharaka","රටේ බැංකු කඩපු,පොලීසි,හමුදා වලට ගහලා ආයුධ උස්සපු,තරස්තවාදී කිුයා කල,මේ වගේ තක්කඩින්ටත් එවකට ආණ්ඩු සමාව දීලා අද රට පාලනය කරන තැනට එන්න ඉඩ දුන්න නම් ඔය මොකුත් නොකරපු හාමුදුරැවරැ"
"MH Isharaka","https://www.facebook.com/mh.isharaka","අපිට සමාව තමා"
"MH Isharaka","https://www.facebook.com/mh.isharaka","මුංට දුන්න නම් ⁣"
"M Sri Lanka","https://www.facebook.com/m.srilanka.10","නැ"
"Mahen Yoga","https://www.facebook.com/mahen.yoga.2025","[Sticker]"
"Lanka Hmc","https://www.facebook.com/lanka.chaminda.94","අවුරුදු 5 කල්දාරම් බත් කාලා වරෙන් ඇව්ල්ලා තව පාරක් මහණ වෙයන්"
"Lanka Hmc","https://www.facebook.com/lanka.chaminda.94","බුදුන්ගේ සද්ධර්ම ව්කුනා සැප ගන්න උන්  මුන් මේ පුනය භුම්යට සාපයක් සක්කිලි හැත්ත"
"Raleena Dole","","You are so correct"
"Maduka Dhananjaya","https://www.facebook.com/people/Maduka-Dhananjaya/pfbid0LumEhbr3UQBWBGDpPcyVqQKLdsXqEYCak63dVYJW26ZrMEUE8kTK8bYGH9KUZqM2l","එපා දෙන්න සමාව.ඇයි බන්.අවජාත මිනිහෙක්ගෙන්.සමාව.ඉල්ලන්නෙ"
"Sriya Chuti","https://www.facebook.com/sriya.chuti","[Sticker]"
"Mark Tailor Mark Tailor","https://www.facebook.com/people/Mark-Tailor-Mark-Tailor/pfbid0sZvS6CoRLvut5gVZRehQHGHUeK9w8jtag4ES6cQ1fUwpcHMdHw4AVF1B77eV795el","No sir"
"Mesha Sanuli","https://www.facebook.com/people/Mesha-Sanuli/pfbid02qYJWDBLBjnMYLJMeKzoT8CrGJWESnS8uzQukytFkGXLTSgEc1QXYFAksQRK14o9Yl","නානසාර කියන්නෙ නොහැකියාවෙ කුහකයෙක්..ඕකා මොන ආණ්ඩුව බලයට ආවත් ඕකා කරන්නෙ ජාතිවාදය වපුරන එක....නානසාර මෙරටට මොනවාද කරලා තියෙන්නෙ.....රට සංවර්ධනය කරාද.... රටෙහි ගොවියාට යහපතක් කරාද... රටෙහි සෞඛ්‍ය තත්වය වෙනස් කරාද.....රට ණය බරින් බෙරගත්තද..... රටෙ පන්සල් කියක් තියෙනවාද කිසිදු පහසුකමක් නොමැති ඒවා සංවර්ධන කරාද.....ඕකා බෞද්ධ කියන ලෙබලෙ ගහගෙන රටෙහි ජනතාවටත් රටටත් ජාතියටත් ඕකා කැළලක් හැතිකරලා තියෙන්නෙ......ඔකාගෙනමවත් විදෙස් රටක කිව්වොත් එළවා එළවා ගාන්නෙ......"
"Hizan Marickar","https://www.facebook.com/hizan.marickar.1","No never"
"Gwendoline Inice","https://www.facebook.com/giwhite123","No"
"Johan Nihara Niraya","","Absurdly right..."
"Jayawathi Kumarapeli","https://www.facebook.com/people/Jayawathi-Kumarapeli/pfbid02D5zdgJ2JfUuGGtwEbLV4kiWwbEx7odt4PbRXt3j6n7x8TS2sYseb1xi4u8bGRBmAl","සිවුරැ  දාගත්තු  ඔය අමනයා හාමුදුරුවෙක් නෙවේ සමාව නෙවේසදහටම දඩුවම් ලැබිය  යුතු  එකෙක්"
"Nuwan Buddhika","https://www.facebook.com/nuwan.buddhika.39566","Maruuu"
"Cader Arafath","https://www.facebook.com/people/Cader-Arafath/pfbid0DWnXcHcCzmeXuh8mSaFTc9WhuKEuXmFs394uyicjVX7SdNhsv6Ltu72WUHiNTu8yl","AKD jayaweva"
"Hasan Hidayath","https://www.facebook.com/hasan.hidayath.7","Un resanable. Someprièst try to over ruĺe again̈st to the civile law."
"Hm Indika","https://www.facebook.com/people/Hm-Indika/pfbid0xXUNT4f7apWZrsiYBZyeTBAbWV99hRKscohexhkwq72KaeHCGE6zoRSuJXDiC1ARl","Saddanha"
"Mohamed Siddik Salih","https://www.facebook.com/mohamedsiddik.salih","Absaluttely"
"Kamal Rupasiri","https://www.facebook.com/people/Kamal-Rupasiri/pfbid02TA1fzdQKSWw1ZSmDWKUV23genaT2ujNBipXd2bRE86qXL6DpJztz9ThzH8gQBJRPl","An"
"Dennis Moses","https://www.facebook.com/dennis.moses.311","Go to the temple and do your preaching please"
"Lal Karunaratne","https://www.facebook.com/lal.karunaratne.773","Real logic.Thanks."
"Hilmi Thaha","https://www.facebook.com/people/Hilmi-Thaha/pfbid0qpuLRyJzSd8i9At53idT1R18A2HeYfuvvkTSim2ufw6s6pKTcvtSoZc63CRyw2EKl","Ne"
"Nuwan Udugama","https://www.facebook.com/people/Nuwan-Udugama/pfbid02JkcCY82A8SpEDgkMyQFQWVL799C7VdNwgPyJ6wgZwxAKRCFE4Cz1LB6cmArTigyNl","Never ever"
"Kais Isska","","Presidential pardons should be abolished in Sri Lanka because they are against the law, and system."
"Muhajireen Arifeen","https://www.facebook.com/muhajireen.arifeen","They are the people misguiding and spoiling the country.  So sorry to say that. 😞"
"Thisara Kuruppuarachchi","https://www.facebook.com/thisara.induranga.7","Tharaka Wijesinghe see"
"Hannan Marikkar","https://www.facebook.com/hannan.marikkar","Assan. Koti. 5.gattahath.No. Chance"
"Bawantha Kumara","https://www.facebook.com/bawantha.kumara.182","Ranjen hiredqmme"
"Chaminda Bro","https://www.facebook.com/people/Chaminda-Bro/pfbid02stVD8fr3aKy1VTfhDzRA798t4mfec4uduBmVJXppPjCeKFkDjo11aaLT3gZpE9npl","🖕🖕🖕🖕🖕🖕🖕🖕🖕🖕🖕🖕🖕🖕🖕🖕🖕🖕🖕🖕🖕🖕🖕🖕🖕🖕🖕🖕🖕🖕🖕😭😭😭😭😭😭😭😭😭😭😭😭😭😭😭😭😭SC"
"Janaka Wathugedara","https://www.facebook.com/people/Janaka-Wathugedara/pfbid02wcPtwLxUxsq577GBCL38RJjca2VtpCF2vrvc1m92fAaBkVm67CULJwxn478YVYj5l","Jokerlama una.. 😂"
"Rajapaksha Raja","https://www.facebook.com/rajapaksha.raja.405523","Onima na"
"Amith Perera","https://www.facebook.com/amith.perera.14418","Mugon pakyaki"
"Mohamed Uwais","https://www.facebook.com/people/Mohamed-Uwais/pfbid029J3ai7zCvnAuhmvtD6BiJDuLnSCRYoFx8pUTxUCcFypcp2ndmide3NnaXpeXa7T3l","Good"
"Fawzi Mohideen","https://www.facebook.com/people/Fawzi-Mohideen/pfbid0Na5zLMXGJ6A3NFHS8w8p75v2ExyUYBkPX69eBswQA3oC9G4QJfeauwWbUTu1pY54l","MUST  ARREST"
"Bandara Bandara","https://www.facebook.com/people/Bandara-Bandara/pfbid02kKgT2MKbPVYJ5TPJvo9KtwzAG9jeub9SLvYssqvBaJdETJpeAk86FqhXwSraz6WWl","No...10000000"
"Pushpa Kumara","https://www.facebook.com/people/Pushpa-Kumara/pfbid0utMqkvX61X3Wy7ujTN18f9GM6BzWaNPmTRapzLdRR4kuht8Ppn4ibkcKb294SU7Fl","Okadapeyw"
"Sasanka Dedunupitiya","https://www.facebook.com/sasanka.dedunupitiya","Yes what chanasara did was wrong  Accept your punishment and meditate in the prison for your sins."
"Deepangani Fernando","https://www.facebook.com/deepangani.fernando","Never.he must be behind the bar"
"Marzook Mackeen","https://www.facebook.com/marzook.mackeen.2025","Paliment being new contecution to paliment if any mister or misters any police case or caraption chages remove fm paliment also monks du not cm to politic"
