User Name,Profile Link,Comment
"Raja Mt Lavinia","https://www.facebook.com/m.vazeer","රටේ ඉන්න සියලු  උදවිය අත්සන් කරත්  මේ ගෝත යට ජනාධිපති සමාව දෙන්නේ නෑ  ඒක ඉර හඳට වැඩිය විශ්වාසයි  මූ පාහර සුනඛයේ මූ මිනිස්සුන්ට අමතන්න දන්නෙත් නෑ  මූ සමාව දුන්නහම ඒ වරද නවතත් කරන පාහරයෙක්  මූ වෙනුවෙන් ඉදිරිපත්  වෙන එවුන් ඊට හපං ගෝතය"
"Ajith Gamini","https://www.facebook.com/ajith.gamini.548694","Raja Mt Lavinia"
"Deepa Perera","https://www.facebook.com/people/Deepa-Perera/pfbid0YfnEKGAb994BqeSB1LzZ6x6NrtdZeZkEBkKzhLbQg7ocLELcqBE7XX9bh4wBLa7cl","Raja Mt Lavinia සහතිකම ඇත්ත"
"Ajith Gamini","https://www.facebook.com/ajith.gamini.548694","Raja Mt Lavinia"
"Isuri Ranasinghe","https://www.facebook.com/isuri.ranasinghe.5076","Raja Mt Lavinia aniwaryenme"
"Dushani Pabasara","https://www.facebook.com/people/Dushani-Pabasara/pfbid0C3iCQQfmo5TFoV3otvQnW7Qpibp2Q1sr7oBRJpQXxMkMfQFYk9birvttu9ZZEHzrl","Raja Mt Lavinia Ube fake account eka honda namak daaganna bArida"
"Udani Rucky Nalawatta","https://www.facebook.com/udani.nalawattage.33","Raja Mt Lavinia para demalekne 🤣"
"Damith Vipula","https://www.facebook.com/damith.vipula.2025","Raja Mt Lavinia ඔච්චර බැනල ජනාධිපතිතුමාගෙන් නැවත ජනාධිපති සමාව ඉල්ලන එක මොන විලිලැජ්ජා නැති වැඩක්ද බං...?"
"Subhadra Mehenin Wahansa","https://www.facebook.com/subhadra.mehenin.wahansa","Raja Mt Lavinia"
"Sampath Jayakody","https://www.facebook.com/sampath.jayakody.9279","Raja Mt Lavinia හාමුදුරුවන්ට අපහාස කරන හැම කෙනෙක්ටම ඔවුන්ගේ පවුල්වලට පිළිකා රෝගය හැදේවා"
"Isuru Priyanjana Kumara","https://www.facebook.com/isuru.priyanjana.kumara","Raja Mt Lavinia උබ ගෝතයා අපි දන්නවා උබලා තරා ඇයි කියලා"
"Naduni Nimalka Kumarasinghe","https://www.facebook.com/sadunasanka.gamage","Raja Mt Lavinia පල හුත්තිගෙපුගෙ පුතා"
"Dewappriya Ranil","https://www.facebook.com/dewappriya.ranil","Raja Mt Lavinia කැරි පොන්න හිපාටුවා අම්මගෙන් අහපං තාත්තා කවුද කියලා අවජාතක වෙසිගෙ පුතා"
"Ranga Roshan","https://www.facebook.com/rangaroshan","Raja Mt Lavinia ඇයි බයද"
"Nili Nili","https://www.facebook.com/people/Nili-Nili/pfbid02AwVfHFdEKbs1BADSThzLxKqErYgwVzra9znkAmiozS9D5vPYRcmuwxipsysvGafql","Deepa Perera awjataka balli"
"Dilupa Sewwandi","https://www.facebook.com/dilupa.sewwandi","Raja Mt Lavinia kaalakannuya"
"Taraka Mapa","https://www.facebook.com/people/Taraka-Mapa/pfbid0Epo83LuM9BvyARVcjhuR5AFDtXyijyLGsi6ZqhBNpK2PDnV9WT8PA5tbHUhGKeYPl","Raja Mt Lavinia මොකද කරපු පහර වෙඩෙ 👉 වෙස බලෝ ටිකක් බොම්බ ගහන්න එනවා පරිස්සන් වෙයන් කියපු එකද...."
"Mohammed Naleem","https://www.facebook.com/mohammed.naleem.5458","Udani Rucky Nalawatta mokek unath etthane kiwwe ubalata hoda ithin kunuharapa kiyana eka"
"Jinasena Thushara","https://www.facebook.com/thushara.jinasena","Raja Mt Lavinia උබ දෙමළ ඒක නිසා හාමුදුරුවෝ කෙනෙකුට ගෞරව කරන්න ඉගෙන ගනින්"
"Azmi Azmi","https://www.facebook.com/azmi.azmi.489164","Sampath Jayakody උබටත් ඒක හැදෙයි පරයා"
"Nilanga Nilanga Nilanga Nilanga","https://www.facebook.com/gardhi.thulitha","Raja Mt Lavinia පල පල දෙමලා තොපෙ ප්‍රබාකරන් අහිංසක ගම්මාණවල සිංහල මිනිසුන් කිරි දරුවන් අමු අමුවේ කපලා කොටලා මරණකොට තොපි ලොල්ලා වගෙ හැදන්යට හිටිය පරයො"
"Nilanga Nilanga Nilanga Nilanga","https://www.facebook.com/gardhi.thulitha","Raja Mt Lavinia"
"Nilanga Nilanga Nilanga Nilanga","https://www.facebook.com/gardhi.thulitha","Raja Mt Lavinia"
"Nilanga Nilanga Nilanga Nilanga","https://www.facebook.com/gardhi.thulitha","Raja Mt Lavinia"
"Nilanga Nilanga Nilanga Nilanga","https://www.facebook.com/gardhi.thulitha","Raja Mt Lavinia"
"Jayantha Dharmadasa","https://www.facebook.com/jayantha.dharmadasa.1","Raja Mt Lavinia අනිවාර්යයෙන්"
"Rifaz Munawar","https://www.facebook.com/rifaz.munawar.75","Udani Rucky Nalawatta dalu danneth nethi eya hoda srilankankiyek"
"Sumithuru Lakmal","https://www.facebook.com/sumithuru.lakmal","Raja Mt Lavinia අනේ අවජාතක ව** බල්ලෝ උඹල අම්මා වටේ ගිහිල්ල බල්ලන්ට හුකල තමයි උඹව මේ ලෝකෙට ජාතක කරේ  ඒක නිසා ව** බල්ලෝ උඹට ජාතියක් ජම්මයක් නෑ ඒ බව උඹගේ කතා සෛලයෙන්ම තේරෙනවා පොන්න කැරියෝ උඹලා අම්මා ගමේ ඉන්න ගොන් වේසි කියල උඹ දන්නේ නැද්ද උඹ මුලින්ම උඹල අම්මවාදාගනින් ගොන් ප****** වටේ ගිහිල්ලා මාව මොන රෙද්දටද ජාතක කරේ කියලා අහලා"
"Mohamed Shafeek Mohamed Raseen","https://www.facebook.com/mohamedshafeek.mohamedraseen","Raja Mt Lavinia Kala Kala de pala pala de 🙏"
"Raja Mt Lavinia","https://www.facebook.com/m.vazeer","Jinasena Thushara උඹට කවුද ගෝතයා මගේ උප්පැන්න පෙන්නුවේ දෙමළද තම්බියද සිංහලයා ද කියල බලන්න  උඹගේ සියලු දේවල් මං හොයා අවසන් දන්න දේට විතරක් ලියන එකක් ලියපන් ජාතියක් අමතන්නේ නැතුව"
"Jinasena Thushara","https://www.facebook.com/thushara.jinasena","Raja Mt Lavinia සිංහල ද,දෙමළ ද, මුස්ලිම් ද උබ දන්න දෙයක් නෑ කටට එනවට ලියනව. මිත්‍යා දෘෂ්ටියෙක් වෙන්නත් පුළුවන් මට මොකෙක් උනත් කමක් නෑ ගෞරව කරල කතා කරපන් හාමුදුරුවන් කෙනෙකුට."
"Pathma Hewawitharana","https://www.facebook.com/people/Pathma-Hewawitharana/pfbid0Tv2PJHpZAeYBKEdSuJUtVtWSE5MK69nZtjuE9j148FsTBGxEs67JGfJoogUo7Dokl","Raja Mt Lavinia"
"Awishka Weerasinha","https://www.facebook.com/people/Awishka-Weerasinha/pfbid05mH3RLkwfaLWrWNtNW3H6d877p3VEjWH3fXRVigDjMawfg9gifbeeaAZYNe96vSLl","Raja Mt Lavinia ane Pala ban"
"Chamara Shiron","https://www.facebook.com/profile.php?id=100000624667650","Raja Mt Lavinia පර දෙමල 🤌🤌🤌"
"Warnasooriya Patabendege Thungaprema","https://www.facebook.com/warnasooriyapatabendege.thungaprema","ඔබ හරියට හරි ,ඔබ වැනි චරිත් රටට සම්පතක් .♥️♥️♥️🌷🌷🌷"
"Red Panther","https://www.facebook.com/people/Red-Panther/pfbid0UVZ1FkAU1x2sJCkBhetWjytYoW2kpnjMDZPZ6KnfjYgXaucttMPrC8gqGA4Yy94Sl","Warnasooriya Patabendege Thungaprema meyage mee video eka balala innko therei oyt ethakot"
"Sampath Jayakody","https://www.facebook.com/sampath.jayakody.9279","Warnasooriya Patabendege Thungaprema හාමුදුරුවන්ට අපහාස කරන හැම කෙනෙක්ටම සහ පවුල්වල අයට පිළිකා රෝගය හැදේවා"
"Seuwandi Kumari","https://www.facebook.com/people/Seuwandi-Kumari/pfbid0969DTFcwAbbnMZWJ1JG96zqFAAzvovcEEzYUw2PQ5UGGyzq2uPwyC4scS7CU9BVHl","Warnasooriya Patabendege Thungaprema තොපි වගෙ අවජාතක පකයන්ට මෙවගෙ කතා කරන උන් පොරවල් පල කාලකන්නි පකය මක බැවිලා"
"ඉමේෂා ගුණවර්ධන","https://www.facebook.com/renuka.gunawardena","Warnasooriya Patabendege Thungaprema nodakin topila winasa wenawa balahan සොබාදහම utthara dei parissamin inna"
"Sarath Kariyawasam","https://www.facebook.com/people/Sarath-Kariyawasam/61578349305080","Warnasooriya Patabendege Thungaprema සහරාන් පුතාගේ පිංකම කවද්ද දන්නෑ නෙහ් 🙃 🙃 🙃 රටට වටිනා සම්පතක්"
"Dewappriya Ranil","https://www.facebook.com/dewappriya.ranil","Warnasooriya Patabendege Thungaprema නොදකින් විතරක් කාලකන්නිය ධාතු සුනඛය"
"Samantha Sepala Samantha","https://www.facebook.com/samanthasepala.samantha","Warnasooriya Patabendege Thungaprema ubala wage kallathonitanam u porak thamai"
"Praween Lanka","https://www.facebook.com/profile.php?id=100022717368748","Warnasooriya Patabendege Thungaprema ගෙදරට එන්න කියලා දුව දීපන්..."
"Upul Priyantha Warnakulasuriya","https://www.facebook.com/upulpriyantha.warnakulasuriya.5","Warnasooriya Patabendege Thungaprema මූ අමු ගොබ්බයෙක්"
"Nishantha Rathnayaka","https://www.facebook.com/nishantha.rathnayaka.96558061","Sampath Jayakody katada malli puka dennee"
"රණසිංහගේ බෝධිරක්ෂිත සූර්යඝන","https://www.facebook.com/people/%E0%B6%BB%E0%B6%AB%E0%B7%83%E0%B7%92%E0%B6%82%E0%B7%84%E0%B6%9C%E0%B7%9A-%E0%B6%B6%E0%B7%9D%E0%B6%B0%E0%B7%92%E0%B6%BB%E0%B6%9A%E0%B7%8A%E0%B7%82%E0%B7%92%E0%B6%AD-%E0%B7%83%E0%B7%96%E0%B6%BB%E0%B7%8A%E0%B6%BA%E0%B6%9D%E0%B6%B1/pfbid02V2ErMULyTQRkmjXK4hwcvjMymd42zv4LJiNsHmDcRpHo1koTBRH1efP6XFzjKuwHl","Warnasooriya Patabendege Thungaprema රටට කෙසෙවෙතත් දෙමලට තම්බියට සිංහල බෞද්ධ හතුරෝ සම්පතක්"
"Garu Sinha","https://www.facebook.com/garu.sinha.2025","Warnasooriya Patabendege Thungaprema උන්ට සමිපත්..තොගෙ දරැ පරමිපරාවට ශාපයක්.."
"Rifshad Rafeek","https://www.facebook.com/people/Rifshad-Rafeek/pfbid02SvMu9J4VPpRo7AhwAogPXj3redBinuwJFgs3UNaYNXN69h9CceSYuCS9WzU1AvbDl","Superior bouttha porak"
"Tuan Milan","https://www.facebook.com/tuan.milan.483488","Rifshad Rafeek ADO PONNAYA UMBE PUKA SUDUDA"
"Dewappriya Ranil","https://www.facebook.com/dewappriya.ranil","Rifshad Rafeek නොදකින් විතරක් කාලකන්නිය ජෙප්පෝ රටට සාපයක් බං තොපි"
"Chinthaka Sadaruwan","https://www.facebook.com/people/Chinthaka-Sadaruwan/pfbid02NMJq5RKUF3cavHfUidsrKfrois1Nd5Go67SuLjJjfqJoJyv3mwhoLdvZDtSfGaxvl","Dewappriya Ranil kuddek ridila gothayat 🤣🤣"
"Dewappriya Ranil","https://www.facebook.com/dewappriya.ranil","Chinthaka Sadaruwan මුගේ අමිමට බල්ලො රෑන් පිටින් හුකල හුත්තට රිල ඒ ගු වලින් ජාතක වෙච්ච බලු වෙසිගෙ පුතෙක්"
"Chinthaka Sadaruwan","https://www.facebook.com/people/Chinthaka-Sadaruwan/pfbid02NMJq5RKUF3cavHfUidsrKfrois1Nd5Go67SuLjJjfqJoJyv3mwhoLdvZDtSfGaxvl","Dewappriya Ranil thoge ammata neda awajathk kalakaniya balloo hukala thiyenne 🤣 🤣 🤣 aka ne thoge ammata tho wage awajathk kalakaniya ballek enne 🤣🤣🤣 puk nodi idapan gothaya 🤣🤣"
"Nishantha Rathnayaka","https://www.facebook.com/nishantha.rathnayaka.96558061","Marilama  payan"
"Dewappriya Ranil","https://www.facebook.com/dewappriya.ranil","Chinthaka Sadaruwan පලයං ටිංකිරි පොන්නයා අම්මව වක්කඩට එක්ක වරෙං පොන්නයා වක්කඩේ බස්සලා පුකෙ අරින්න.... උඹත් වරෙන් පොල්ල කටට දෙන්න අම්මගෙ ගූ කන්න"
"Chinthaka Sadaruwan","https://www.facebook.com/people/Chinthaka-Sadaruwan/pfbid02NMJq5RKUF3cavHfUidsrKfrois1Nd5Go67SuLjJjfqJoJyv3mwhoLdvZDtSfGaxvl","Dewappriya Ranil awapan Amma kauda kiyala penna Thoth waren kt denna 🤣🤣🤣 kudda ,.thoge ammata thami hutho ballo hu#$ tho jathak karala thiyenne awajathk kalakani balla, 🤣🤣"
"Chinthaka Sadaruwan","https://www.facebook.com/people/Chinthaka-Sadaruwan/pfbid02NMJq5RKUF3cavHfUidsrKfrois1Nd5Go67SuLjJjfqJoJyv3mwhoLdvZDtSfGaxvl","Dewappriya Ranil Amma dipan namolyt puk nodi idapan kudda 🤣🤣🤣 gothaya"
"Dewappriya Ranil","https://www.facebook.com/dewappriya.ranil","Chinthaka Sadaruwan පලයං ටිංකිරි පොන්නයා... නිකං පුක දෙන්න එපා හුයන්නො අනුර පොන්නයා ගෙ පුක ඇතුලට දිව දාපං ගු කන්න පුළුවන්"
"Chami Wijethunga","https://www.facebook.com/profile.php?id=100001558657105","සිංහලය වෙනුවෙන් කතා කලේ.මාත් අකමැති චරිතයක් ...හාමුදුරුවන්ට වඩා ජාතිවාදය මුස්ලිම් මිනිසුන්ගෙයි දෙමල මිනිසුනගෙයි තියෙනව.උන් එලියට ඇවිත් කතා කරන්නැත්තෙ මහා ජාතිය තවම සිංහල නිසා.."
"Lal Ranasinghe","https://www.facebook.com/lal.ranasinghe.77","Chami Wijethunga උන් තව වසර කිහිපයකින් මහජාතිය එතකොට ඔය නානසාරට කඩේ යන තිත්තගල්ල ලා මොකද කියන්නේ"
"Praneeth Jinasena","","Jiwan Kumara හරි සරලයි. ඉස්ලාම් අන්තවාදයක් තියෙනවද? නැද්ද?"
"Samara Nayaka","https://www.facebook.com/samara.nayaka.743293","Jiwan Kumara උබෙ අම්මට වදුරු වේසිගෙ පුතා මේ රටෙ තවම තොපිට ඕනි විදිහට රගන්න බෑ හාමුදුරු වන්ට කාලකන්නි කියන ..ගමේම කැරි වලින් තෝව මේ රටට ජාතක කරපු තොගෙ අම්ම තමයි කාල කන්නි.."
"Jiwan Kumara","https://www.facebook.com/people/Jiwan-Kumara/pfbid0MB42HyWVScavagFzSa3ws2JJtEUqdZJJ4GuvpuWKVho8x6spn9EXHfrKDYGAuatLl","Samara Nayaka උබ දෙනගනි පකො උබේ කැරි පොන්නයා උබට මොකක්ද වෙන්න ඔනගොන් පොන්නයා උබ නානසරට පොක දීපා පොන්නයා ඔ"
"Jiwan Kumara","https://www.facebook.com/people/Jiwan-Kumara/pfbid0MB42HyWVScavagFzSa3ws2JJtEUqdZJJ4GuvpuWKVho8x6spn9EXHfrKDYGAuatLl","Samara Nayaka අනික ගමේම උන්ගේ කැරිවලින් උබේ අම්මා නවපං ගොං කැරියා"
"Jiwan Kumara","https://www.facebook.com/people/Jiwan-Kumara/pfbid0MB42HyWVScavagFzSa3ws2JJtEUqdZJJ4GuvpuWKVho8x6spn9EXHfrKDYGAuatLl","Samara Nayaka උබේ අම්මට බල්ලො උකන්න ඔන පොන්න කැරි බල්ලා"
"Asanka Hd","https://www.facebook.com/hd13asanka","Chami Wijethunga ලගදිම උන් එලියට එනවා."
"Safee Nas","https://www.facebook.com/coolboy.safee","Asanka Hd ehema eliyata awilla reddak karanna ona ban paduwe thama thamange wadak balagena hitiyanam... Umbala hariyata buddagama adahanawanam ehema baya wenna deyak na.. Agamak ehema thuran karanna ba katawath.. E mona agamak unath... Moda hukannek tho"
"Safee Nas","https://www.facebook.com/coolboy.safee","Praneeth Jinasena  sinhala අන්තවාදයක් නැද්ද...?? Muslim... Witarada.. Demala nadda.. Yako salliwalata kahina modayo koheth innawa unta agamak.. Jathiyak janmayak na ban."
"Nisidu DM","https://www.facebook.com/people/Nisidu-DM/pfbid02vnzroPQJ3r1tvMU5GETavx5s1s6tbqyfzDu3dPwGbw5k2nTn2cxCP3576wSjs4mGl","Safee Nas එතකොට පල්ලිවලට බෝම්බ ගැහුවෙ උන් මොන වැරද්ද කරාටද, කතෝලික පාදර්ලා ltte යේ පු**ක ලෙව කෑවටද 🤔🤔"
"Asanka Hd","https://www.facebook.com/hd13asanka","Safee Nas ane topita atal dena anduwa topitama hariyanawa.ape agama gana api balagannam .tho nohuka hitapan pakaya."
"Malkanthi Malkanthi","https://www.facebook.com/malkanthi.malkanthi.670258","මරේ මරැ පුතා මුන්ට ඔයවිදියටතමයි කතාකරන්න ඔිනා 👍👍👍👍"
"Menik Gamage","https://www.facebook.com/menik.gamage.33","Malkanthi Malkanthi හු###පුතා"
"Nandana Mendis","","Malkanthi Malkanthi ela...ela"
"Priyantha Kumara","https://www.facebook.com/priyantha.kumara.774269","Nodakin musala gani"
"Sma Jayalath","https://www.facebook.com/sma.jayalath.5","Malkanthi Malkanthi පල මිෂනාරි පඩංගු වෙිිසී.මෙිික අපෙ සිංහල බෞද්ධ රට.තොපි විජාතික පරයො උනාට."
"Sampath Jayakody","https://www.facebook.com/sampath.jayakody.9279","Malkanthi Malkanthi හාමුදුරුවන්ට අපහාස කරන හැම කෙනෙක්ටම සහ ඔවුන්ගේ පවුල්වල පිළිකා රෝගය හැදේවා"
"Dilu Amaya","https://www.facebook.com/people/Dilu-Amaya/pfbid0yVw9MqrbYvkSNMfP6uwRi17D3GxH3ahh6usExaJvntjVowy5si4NBgVcs2ov5KSql","Malkanthi Malkanthi තො බුද්දාගමෙ නෙවෙද  මොන අගමෙ උනත් කමක්  nea  අපෙ අගමට කෙනෙහිලිකම්  කරන්න ලෙස්ති වෙන්න එපා තො"
"Chaminda Coomasaru","https://www.facebook.com/chaminda.coomasaru.2025","Malkanthi Malkanthi  පලයන් උබට ඕන හම්බයෝද"
"Dewappriya Ranil","https://www.facebook.com/dewappriya.ranil","Malkanthi Malkanthi කැරි දඹ වෙසාවි අනුර පොන්නයා ගෙදර අරන් පලයං පැටව් හදාගන්න පුළුවන්"
"Indika Indika","https://www.facebook.com/indika.indika.737186","Malkanthi Malkanthi naki balli"
"Hmgd Herath","https://www.facebook.com/people/Hmgd-Herath/pfbid0J4dwuAgomyYHu4zLvpnW2MwCxmxHCqm2Wi4JmYCTBZu6Wb4VT6xvEkPyFytK91vxl","Malkanthi Malkanthi නානට කියලා තෝත් කොන කපාගන්"
"Sutharsan Rajes","","Malkanthi Malkanthi"
"Pathma Hewawitharana","https://www.facebook.com/people/Pathma-Hewawitharana/pfbid0Tv2PJHpZAeYBKEdSuJUtVtWSE5MK69nZtjuE9j148FsTBGxEs67JGfJoogUo7Dokl","Malkanthi Malkanthi"
"Safee Nas","https://www.facebook.com/coolboy.safee","Sampath Jayakody 😂😂😂 යකෝ උඹලට hamaduruwo hariyata agama uganwala deela na.. Hathurektawath ehema hithanna epa hutho.. Moda kariya... Umbala gana thawath mona kathada"
"Nelum Samaranayake","https://www.facebook.com/people/Nelum-Samaranayake/pfbid02c7xjXXhKQcheH3L39DzHGCsb1AyQA5tWLwq2mctQZuX58texNQ7fba37jTNGndWel","Niyamai oyanam. සම්මානයක් dwnna වටිනවා"
"Red Panther","https://www.facebook.com/people/Red-Panther/pfbid0UVZ1FkAU1x2sJCkBhetWjytYoW2kpnjMDZPZ6KnfjYgXaucttMPrC8gqGA4Yy94Sl","Nelum Samaranayake meyage mee video eka baluwad 🤣"
"Nishantha Rathnayaka","https://www.facebook.com/nishantha.rathnayaka.96558061","Ube ammage puka duduida"
"Kmd Dewaka","https://www.facebook.com/people/Kmd-Dewaka/pfbid05VsvSmLimM43qWzJLbt5XsGKoPqvfKGsFC6YzjtGNjxUz9rJwpTVDwNVSWGcf49Dl","නැ  නැ   කව්රු  මොකෙ  අත්සන්  කලත්  කවදාවත්   අපේ රජයෙන්   බත්  බැලයා   එලියට දානවා  බොරු   තට්ටයා  දාන්ඩ  එපා  මොකා  අත්සන්  කලාත්  ඔකා  බලු  වැඩ  කලා  නාල  කන්නියා   අපි  අතරේ   ජාති  බෙිද  අැති කලේ  මෙි  තට්ටයා  උගේ  වාමියට  තස්ත  පනත  යටතේ  කහකඩයා      එලිලුමි  ගස්  යවන්ඩම  ඔිනි  ගෙේත  කරුමයා  බත්  බැලයා   මුසලයා    අවජාතක  තට්ට  හුත්තා"
"Sewwandi Sewwandi","https://www.facebook.com/loku.loku.788503","Kmd Dewaka රට වෙනුවෙන් කතා කර එක තමයි වරද  ඔයාගේ නුවනේ තරම වචන වලම තියෙනවා"
"Francis Victor","https://www.facebook.com/francis.victor.391420","Kmd Dewaka ea bro avarthitha vaguve thavath deval adui."
"Subhadra Mehenin Wahansa","https://www.facebook.com/subhadra.mehenin.wahansa","Kmd Dewaka"
"Don Lal","","Kmd Dewaka 👍👍👍👍👍❤️❤️❤️❤️❤️❤️"
"Gayan Krishantha Wijesinghe","","Kmd Dewaka ඔයාගේ සහජීවනේ දකුණෙ  විතරයි කාතන්කුඩි කල්මුනේ පැත්තේ සහජීවනේ දෝරේ ගලාගෙන යනවා"
"Dewappriya Ranil","https://www.facebook.com/dewappriya.ranil","Kmd Dewaka අනුර පොන්නයා ගෙ පුක ඇතුලට දිව දාපං ගු කන්න පුළුවන්"
"Ranga Roshan","https://www.facebook.com/rangaroshan","Kmd Dewaka ඔය තරම් බය ඇයි බන් ජාතිවාදය ඇතිකරන උන් කිදෙන්ක් ඉනවද උබල උන්ට මික් නැ මර බයක් නෙද තොපිට කෙලවෙනවට අන්තවාදිකම කියන්නෙ ඔකට"
"Kapila Roshan","https://www.facebook.com/people/Kapila-Roshan/pfbid02q1WEpnre6dft4CzqiZk747LGTDexDPYPXW8X4UbSAN97DPAKjWTDxpsyCJzarspfl","Kmd Dewaka පොන්න තම්බියෙක්"
"Prasad Lasantha","https://www.facebook.com/prasad.lasantha.1840","Kmd Dewaka ෆේක් නානා..මුලින් කතා කරන්න ඉගෙන ගණින්.උබළාට කඩේ යන සිංහලයෝත් නැතිවාම නොවේ...උන්ගේ දරුවන්ට තමයි..උබළා කවුද කියලා වැටහෙන්නේ..මොළේ තියෙන සිංහලයෝ මෙතැන ඉන්නවනම්..උබ ගැන හිතුවනන් වැටහේවී......උබගෙන් අනෙත් උන් ගැන හිතා ගන්න පුලුවන් වෙන්න එපැයි."
"Prasad Lasantha","https://www.facebook.com/prasad.lasantha.1840","Gayan Krishantha Wijesinghe ඌ ෆේක් එකෙක් .."
"Sudath Ranasinghe","https://www.facebook.com/sudath.ranasinghe.142","සුපිරි කොල්ලෙක් 👌"
"Sandun Priyanath","https://www.facebook.com/people/Sandun-Priyanath/pfbid0SupHhWBnBdxLnXWQTMcn2a7t1D1h4zXyri5JhaPJCqvhRCyqyLFd4ePujNPYFfBRl","Sudath Ranasinghe paka tamaa"
"Sarath Kariyawasam","https://www.facebook.com/people/Sarath-Kariyawasam/61578349305080","Sudath Ranasinghe සහරාන් වගේ නේහ්"
"Kapila Roshan","https://www.facebook.com/people/Kapila-Roshan/pfbid02q1WEpnre6dft4CzqiZk747LGTDexDPYPXW8X4UbSAN97DPAKjWTDxpsyCJzarspfl","Sudath Ranasinghe පොන්න තම්බියෙක්"
"Nt Ruksh","https://www.facebook.com/nt.ruksh","Sudath Ranasinghe  සහරාන් වගේ සුපිරි පොරක්"
"Dilip Janaka","https://www.facebook.com/dilip.janaka.946","Sudath Ranasinghe ගෙදර ගෙනියහං"
"Sudheera Wanisundera","https://www.facebook.com/sudheera.wanisundera","ඩෝබි පොරක්"
"Janaka Priyantha","https://www.facebook.com/people/Janaka-Priyantha/pfbid02B9qRY9umEGWtfhwwjGXKQXF9L4hbQu4JbmTc3XZXNv6DauWYtAMBTQpL3cPoXTXnl","Sudheera Wanisundera ado ubala thama niyama dobiyo hithapan rata gana."
"Harischandra Haris","https://www.facebook.com/harischandra.haris","Sudheera Wanisundera උඹ නම් ඩෝබියෙක් , එක එකාගෙ කිලුටු අතගාන"
"Wimalasiri Udahagedara","https://www.facebook.com/wimalasiri.udahagedara","Sudheera Wanisundera   ubala balanne hari da  waradi da kiyala newei eka baiyek da  toiyek da  dobida kiyala  ehema prasnayak diha balapuwama hari da ban    ewa moda wada ban"
"Ranga Manoj","https://www.facebook.com/people/Ranga-Manoj/pfbid02d6XqpWeaJc8kVo3qpduH9yG9hb7sXBnegMQWxxCgyVAJ18FzXZExQETnLwHdmCzgl","Sudheera Wanisundera පෝන්නයෝ  ub lmai nada"
"Madushan Dhananjaya","https://www.facebook.com/madushan.dhananjayakumara","Bayiyek😂"
"Ant Bandara","https://www.facebook.com/people/Ant-Bandara/pfbid02jdvogabdTeZfR7TNRwJt4Hq4Wb5KPFp5QUPu94vKDrymKVuwTiHkE3wHapNHj5ZNl","Sudheera Wanisundera Uba..wage..thanakola..kana...ekek..newe"
"Manike Narasinghe","https://www.facebook.com/manike.narasinghe","මල්ලියේ උබ අභීත සිංහයෙක්"
"Garu Sinha","https://www.facebook.com/garu.sinha.2025","Manike Narasinghe අමිමෝ..තොපි වගෙ මෝඩ මජර ගෑනු🤣🤣"
"Gale Priyantha","https://www.facebook.com/priyanthadias.galgodella","Manike Narasinghe paka thamaaa muu ponna kariyak."
"Nishantha Rathnayaka","https://www.facebook.com/nishantha.rathnayaka.96558061","Balapan paiya thiyanawada kiyala"
"Dilip Janaka","https://www.facebook.com/dilip.janaka.946","Manike Narasinghe මොංගෙ මොල හැදි මිටටත් වඩා කොටය්..නෙද්දකිං කල්ලතෝනි..සිංහයෙක් දැකලත් නෑ"
"Safee Nas","https://www.facebook.com/coolboy.safee","Pushpa Kumara ane hutho issella hari profile ekak hadaganin.. Ponnayek nowe.."
"Safee Nas","https://www.facebook.com/coolboy.safee","Pushpa Kumara ehenam ponnayo wadak balaganin.. Man ponnayonta response karanne na.. 😂 😂 😂 😂 😂"
"Chandana Dias","https://www.facebook.com/chandana.dias.50","බයිසිකල් අයියාට ජය වේවා!!! බයිසිකල් අයියාට ජය වේවා!!! බයිසිකල් අයියාට ජය වේවා!!! බයිසිකල් අයියාට ජය වේවා!! සාදූ හිමිහිට මාරු පැත්තට!!!"
"Upul Priyantha","https://www.facebook.com/people/Upul-Priyantha/pfbid02rVfurhLpaezfPRnocabSAuE7zSfdzocSiAGP1wQQnAJMXxiBSeLUUVZYq7jUrtFbl","Ooka Inna Oone Hiremai Sakkiliya"
"Hashi Arachchi","https://www.facebook.com/people/Hashi-Arachchi/pfbid02sugtLu9ZnbJZhG2E74SVTqHqtjsfXXhPy4zCUffm4EoJidTr7fB2mEmHKvkVuFdwl","Upul Priyantha"
"Dushani Pabasara","https://www.facebook.com/people/Dushani-Pabasara/pfbid0C3iCQQfmo5TFoV3otvQnW7Qpibp2Q1sr7oBRJpQXxMkMfQFYk9birvttu9ZZEHzrl","Upul Priyantha"
"Nawahir Hathim","https://www.facebook.com/people/Nawahir-Hathim/pfbid0Qx8QCXWPkXHgejYnaEWt4DwC8uS13b3iJwBKnVXauERrxAdL4iXrbkzdT8WKKuYTl","Upul Priyantha 🫡"
"Ajith Weerasinghe","https://www.facebook.com/people/Ajith-Weerasinghe/100088131693314","මුගේ ජාතකේ අවුලක්ද"
"Subhadra Mehenin Wahansa","https://www.facebook.com/subhadra.mehenin.wahansa","Upul Priyantha"
"Dewappriya Ranil","https://www.facebook.com/dewappriya.ranil","Upul Priyantha තාත්තා කවුද කියලා අහපං අම්මගෙන්"
"HP Siriwardhana","https://www.facebook.com/hp.siriwardhana.56","ගලබොඩයා ... අවුරුදු 200ක් වත් හිරගෙට යවන්න ඕනේ...."
"Viraj Wijevickrama","https://www.facebook.com/viraj.wijevickrama","HP Siriwardhana ඇයි තොට මොකද්ද කරේ"
"Sewwandi Sewwandi","https://www.facebook.com/loku.loku.788503","HP Siriwardhana රට ජාතිය ගැන කතා කරාටද දවසක ඔයාගේ ලමයිට තමයි හාමුදුරැවෝ කි දේවල් වල පුුතිපල විදින්න වෙන්නේ"
"Pawithra Sadamali Ramanayaka","","Viraj Wijevickrama උන් මහන වෙලා කලේ ත්‍රස්තවාදී වැඩ ඕකුන් සිඋරට අකැපයි පම්කයලා"
"Sarath Kariyawasam","https://www.facebook.com/people/Sarath-Kariyawasam/61578349305080","HP Siriwardhana සහරාන් සහ ඊබ්‍රහිම් නනා නිදෝස් කොට නිදහස් කරමු.. නෙහ්.. ඥානසාර හාමුදුරුවන් හිරකරමු.."
"Rasika Sampath","","Pawithra Sadamali Ramanayaka මොනවද ත්‍රස්තවාදි වැඩ.සිංහල උන් වෙනුවෙන් කතා කල එකද"
"Chamara Waidyaratne","https://www.facebook.com/chamara.waidyaratne","HP Siriwardhana thowa hire දාන්න oni"
"Viraj Wijevickrama","https://www.facebook.com/viraj.wijevickrama","Pawithra Sadamali Ramanayaka fack account natuwa warenko hutto kelin"
"Nishantha Rathnayaka","https://www.facebook.com/nishantha.rathnayaka.96558061","Sewwandi Sewwandi paka thama"
"Sewwandi Sewwandi","https://www.facebook.com/loku.loku.788503","Nishantha Rathnayaka බලපන් අතගාලා තියෙනවද කියලා ගොනා"
"Sewwandi Sewwandi","https://www.facebook.com/loku.loku.788503","Nishantha Rathnayaka කාලකන්නියෙක් උබ සක්කිලියා"
"Shanaka Premaratne","https://www.facebook.com/shanaka.premaratne","දෙන්නේ නෑ කොල්ලා ඒක සුවර් අනුර සහෝදරයා නයින්ට කිරි පොවන්න තරම් බොළඳද නෑ නෑ ජයවේවා මාලිමාවට"
"Za N Jay","https://www.facebook.com/marine.jayawardhane","Shanaka බොලඳ නෑ.හෙන හුරතල්.ඒකනෙ උතුරෙයි නැගෙනහිරයි අනික් පැතිවලයි සුලු ජාතීන් උඩ පනින්නේ දැන් 😅"
"Shanaka Premaratne","https://www.facebook.com/shanaka.premaratne","Za N Jay ලොක්කේ එක දවසින් දෙකෙන් මිනිසුන්ගේ මනස හදන්න බැහැ ඒක තේරුම් ගනිල්ලා"
"Za N Jay","https://www.facebook.com/marine.jayawardhane","Shanaka Premaratne එක දවසින් දෙකෙන් හදන්න බෑ කියලා දන්නවා.හැබැයි ඔය පාලකයොනන් ඔය බෙදීම කරනවා.රටේ මහජාතිය ආගම ව්‍යවස්ථාව උන්ට අදාළම නෑ 😅 අවුලකුත් නෑ කරන හැම වැඩේම සබන් දාලා හොදන්නත් පිරිසක් ඉන්නවනේ 🥴"
"Shanaka Premaratne","https://www.facebook.com/shanaka.premaratne","Za N Jay ඔක්කොම මිනිස්සු කියලා හිතන්න පුරුදු වෙයන්කෝ හොදේ"
"Za N Jay","https://www.facebook.com/marine.jayawardhane","Shanaka ඔක්කොම මිනිස්ස් උනාට ඔක්කොටම මොළේ නෑ හොඳේ 😅 බයියෝ උන්ගෙ එවුන්ව සුද්ද කරනවා පාරම්පරික ඩෝබියෝ උන්ගෙ එවුන් සුද්ද කරනවා සජබයියෝ උන්ගෙ එවුන්ව සුද්ද කරනවා..ඒ අතරතුරේ මේ වාමාංශික හැතිකරේ සුලු ජාතික htta ඉල්ලපුවා ශේප් එකේ දීලා දානවා.ඒ අතරේ ඔහෙලා සහජීවනෙන් ඉන්නයි,ආණ්ඩුව සුද්ද කරන්නයි හදනවා 🤌 අණේ මන්දා ඉතින්.වඳ වෙන එක පුදුමෙකුත් නෑ.පව් අර අහිංසක වීරෝධාර රණවිරුවන්ගේ අසීමිත කැපකිරීම් 😑"
"Lal Muthunayake","https://www.facebook.com/lal.muthunayake.1","නිකන් පුස් වැඩ.  මේ ආන්ඩුවට රිවස් නෑ."
"Bm Kandy","https://www.facebook.com/people/Bm-Kandy/pfbid0nQo82LDpP7awXdf3ehkB8o5bzJozcnzrfKTJt3KsfvDBy1KjhG6Athm69jAfVX2rl","Lal Muthunayake උබලට, ඔවාදකිනකොට. හරිපූකේඅමාරුවනේද. එ්කතමාපකෝඇත්ත"
"Chandika Gallage","https://www.facebook.com/chandika.gallage","Lal Muthunayake උබේ ඇට දෙක"
"Amila Sandaruwan","https://www.facebook.com/people/Amila-Sandaruwan/pfbid02Nrgj3wLqyTiyDx7TmAgVniK5cce8qtXpT5bNSF1rycNkTpNkpxzdAgUZK4Vyf8eHl","Lal Muthunayake"
"Kumar Ranawake","","තමන්ට දැනෙන දේ බය නැතුව කතාකරන් ආත්ම විශ්වාසය ඇති මහත්තයෙක්"
"Red Lion","https://www.facebook.com/people/Red-Lion/pfbid0YnLHHRT4qs1qUiYzK17XBJpJ6SpGg9h4k4GEFHdZGSSeQroE3McPuipax5MceL8Al","Kumar Ranawake මී හරකෙක් වාගෙ තප්පුලානවා ජෙප්පොනෙ"
"Chandrani Adrisingha","https://www.facebook.com/people/Chandrani-Adrisingha/pfbid02KRUtTbNkRhuTW7jHAENwJRU4t73Z1kjemAKYkY83csJmTaY2REzqcxuD8KfPrSVl","Kumar Ranawakemeka mahaththayek wageda penenne eka hare tekak mahathai wage namuth baya nathuwa anunwa kotawana ekek mahathmayek newei"
"Anushi Amasha","https://www.facebook.com/anushi.amasha.2025","Palewatte guu kilo ganeta ganne pissek muu"
"Safee Nas","https://www.facebook.com/coolboy.safee","Anushi Amasha. 😂 😂 😂 😂 😂 😂 😂 Namal ge mokada oya kanne. 😂"
"Nam Ranjan","","Anushi Amasha https://www.facebook.com/share/v/1BxUegy9KY/?mibextid=wwXIfr"
"Chaminda Pathirage","https://www.facebook.com/chaminda.pathirage.589","Anushi Amasha tho puka dena wesiyak"
"Pradeep Kumara","https://www.facebook.com/pradeep.kumara.808647","Safee Nas polla"
"Safee Nas","https://www.facebook.com/coolboy.safee","Chaminda Pathirage 😂😂😂"
"Nili Nili","https://www.facebook.com/people/Nili-Nili/pfbid02AwVfHFdEKbs1BADSThzLxKqErYgwVzra9znkAmiozS9D5vPYRcmuwxipsysvGafql","Chaminda Pathirage appa hmbayakda damalakda kiyala ammagan ahapan awjataka waciga putha"
"Chanaka Bandara","https://www.facebook.com/chan.bandara.31","Anushi Amasha 100% true"
"Ugc Sandamal Senevirathne","https://www.facebook.com/chaminda.sandamal.9","Anushi Amasha නාමල්ගෙ 🍆කොහොමද හිරට බැස්සද..🍆👄 උගුරෙ වදින්නම දීල වගේ..ඒක තමයි   සුදු මැණිකෙ ඔච්චර සැර..."
"Amila Sandaruwan","https://www.facebook.com/people/Amila-Sandaruwan/pfbid02Nrgj3wLqyTiyDx7TmAgVniK5cce8qtXpT5bNSF1rycNkTpNkpxzdAgUZK4Vyf8eHl","Anushi Amasha nemolayage gon b...."
"Za N Jay","https://www.facebook.com/marine.jayawardhane","Anushi Amasha ඕන් පේනවා නේද.සහජීවන වහල්ලු ටිපර් වෙලා comment එකට 🥲"
"Abu Fasloon","https://www.facebook.com/abu.fasloon.2025","Patta  supiry porak"
"Shan Rathnayaka","https://www.facebook.com/people/Shan-Rathnayaka/pfbid03C6YWVnoWtGZgk78WzHnBHE2J1CQwhh9K6378ibPNwp6xMnk7R3PKxMzJdknyoZ3l","Abu Fasloon 🖕🏿🖕🏿🖕🏿"
"Priyantha Hapuarachchi","","අන්ඩුවේ කුක්කො"
"Subhadra Mehenin Wahansa","https://www.facebook.com/subhadra.mehenin.wahansa","Priyantha Hapuarachchi"
"බුවා රිටර්න්","https://www.facebook.com/achalabuddhi","Priyantha Hapuarachchi රාජපක්ෂ බල්ලන්ගෙ මැක්කො"
"Shirani Siriwardena","https://www.facebook.com/people/Shirani-Siriwardena/pfbid0rVZdwiVD64JejmX8ydnXVifFhz2d8DRdWsZqSi48xyaekA8pENCLZfSy1wR1D2XXl","ඔයා බය වෙන්න එපා මල්ලි එයාව එලියට දාගත්තා කියන්නේ මාර ඇණයක් ඔයාලා ගේ මිනිසුන් ගේ ත් වැරදි තියෙනවා"
"Indrani Kahadeni","https://www.facebook.com/indrani.kahadeni","Konda pana athi niyama sinhala kiyanne mewage ayata👍👍👍"
"Somila Rodrigo","https://www.facebook.com/somila.rodrigo.5","ඇත්ත. History එක අවුල් .. පරණ vediyos. හොයලා බලන්න.. නාන sara. තියන්න ඕනේ එළියේ නෙමෙයි . 🙄🙄🙄"
"Hasita Manoj","https://www.facebook.com/people/Hasita-Manoj/61575433358340","උඹ ඕනියම සිංහලේ කියල කියන්නේ හාමුදුරුවන්ට අප දෙන්න මේ එපා හිරේ දාන්න ඕනි එහෙම සීන් එකක ඉඳලන ේ එහෙම කියන උඹ දිහා බැලුවම තේරෙන්නේ ඇත්තටම උඹ කාලකන්නි ජෙප්පෙක් කියලා මොකද මං උඹේ කවුන්ට් එකට ගිහින් බැලුවා උඹත් තනිකර ජෙප් එක් අන්න ඒක හින්දා තමයි උඹ අර ජෙප්පාව නියම සිංහලෙන් කියල පෙන්නන්න හදන්නේ? ඔන්න ඕක තමයි තොපි ගාව තියෙන කුහකකම ඉස්සෙල්ලා උඹ තට්ටු කරලා බලපන් උබේ හදවතටම උඹ නියම සිංහලයෙක්ද කියල තොපි ගාව සිංහලකම කියන එක"
"Sewwandi Sewwandi","https://www.facebook.com/loku.loku.788503","Hasita Manoj එල කොල්ලෙක් අපේ සමහර ගොන් සිංහලයෝ හාමුදුරැවෝ එක්ක පටිට තරහයි දවසක හාමුදුරැවෝ කියපු දේවල් වෙයි එදාට හාමුදුරැවන්ට අපහස කරන උන්ගේ ලමයිට තමයි අන්තවාදි සාපේ විදින්න වෙන්නේ"
"Wickramarathna Wickramarathna","https://www.facebook.com/wickramarathna.wickramarathna.37","Hasita Manoj  ජාතිවාදි කාලකනිය කතා"
"Aruna Hewage","https://www.facebook.com/aruna.hewage.31","Wickramarathna Wickramarathna Mokakda Jathiwadaya Kiyanne. Mamanam Ekanma Mage Jathiyata Jathiwadi. Oya Ehama Kiyanne Bayada"
"Thilan Tharaka","https://www.facebook.com/thilan.tharaka.244126","Hasita Manoj බුදු සරනයි යාලු.මිනිස්සුන්ට කවදාහරි තේරුම් යයි එතකොට පරක්කු වැඩි."
"Sarath Kalansooriya","https://www.facebook.com/sarath.kalansooriya.77161","Hasita Manoj උඹ රාජපක්ෂලගෙ  හෙංචයියෙක් නේද?"
"Hasita Manoj","https://www.facebook.com/people/Hasita-Manoj/61575433358340","Wickramarathna Wickramarathna මට ජාතිය වාදියා කියන්න කලින් තොගෙ ජාතිය ගැන තෝ දන්නවද කියපන් ඉස්සෙල්ලා කාලකන්නියා මං කොහොමත් මගේ ජාතිය වෙනුවෙන් තමයි ඒක දැම්මේ ඔව් ඇත්ත ේ හොරුන්ට පුක දුන්නෙත් නෑ දෙන්නෙත් නෑ මං හම්බ කරලනේ කන්නේ තොපි නං හොරා කන ඇති හැබැයි මම හොරා කන්නේ මට දරුවෝ තුන් දෙනෙක් ඉන්නව උන්දැලාට මං හම්බ කරල කන්න දෙන්නේ හොරුනයි යකෝ දැන් ඉන්න උගේ රෙද්ද උස්සල බලපන් කොච්චර නං අල්ලලා හොරා කාල ඇද්ද කියල ගොන් බල්ලා"
"Hasita Manoj","https://www.facebook.com/people/Hasita-Manoj/61575433358340","Sarath Kalansooriya ඔව්ම රාජපක්ෂල ගිහින් චෛත්‍ම කියල උඹ හිතපන්කො ඒකට අවුලක් නෑ. හැබැයි මං රාජපක්ෂලගෙන් කියලා මට කියල පෞද්ගලිකව කිසිම දෙයක් අරගෙන නෑ. මතක තියා ගනිං. මං මේ කතා කරාට මං රාජපක්ෂලාට තාම එක චන්දයක්වත් දාලා නෑ. හැබැයි මම ඊළඟ චන්දෙ දානවා තොපි උඩ දාගෙන හොරුගොඩකට දැම්මට මම දැම්මේ දාන්නෙත් නෑ. හෙංචයියද තොපි වගේ බලුකුක්කුද කියලා බලාගන්න පුළුවන්. රාජපක්ෂලගේ හෙංචයියෙක් වුනත් කමක් නෑ යකෝ මොකද ඒ මිනිස්සු නියම සිංහල මිනිස්සු ් රුපියාගේ දෙකට නැමෙන පුණ්‍යොනෙනි"
"Lalith Padmasiri","https://www.facebook.com/lalith.padmasiri.1","හැම පැත්තකම ඉන්නො ඔය වගේ නිගන්ඨයන් එකෙක් දෙන්නෙක්"
"Damith Vipula","https://www.facebook.com/damith.vipula.2025","Lalith Padmasiri ජනාධිපතිතුමාටත් ඔය වගේ නිගණ්ඨයා කියලා බැනලා එතුමාගෙන්ම නැවත ජනාධිපති සමාව ඉල්ලන එක මොන විලිලැජ්ජා නැති වැඩක්ද බං?"
"Thalahagama Narada Thera","https://www.facebook.com/people/Thalahagama-Narada-Thera/pfbid022aPCs16LWGfimTFSVaA7xhQqQE8xtnJBjPD3Mxr4X5ACEt1zfkJp6paX8tS18QYTl","Lalith Padmasiri අනිවාර්යෙන්"
"Vijitha Bandara","https://www.facebook.com/vijitha.bandara.7","Lalith Padmasiri siura daagathth un ne negantayo kiuwe Me kaha kadayonam nigantayantath apahasayak"
"Sunil Wijesiri","https://www.facebook.com/sunil.wijesiri.7","දාර ජෙප්පෙක් .."
"Sathyajeewa Vijendra","https://www.facebook.com/sathyajeewa.vijendra","Sunil Wijesiri මාලිමාවට ජයවේවා🌸💖💖💖💖💖💖💖💖"
"Susantha Padep Keerthi Keerthi","https://www.facebook.com/susanthapadepkeerthi.keerthi","Sathyajeewa Vijendra Kos ata Kala Kala ripu awunta giya Kala lapa paca lapa paca"
"Ann Fernando","https://www.facebook.com/ann.fernando.854381","Sunil Wijesiri උබට පාන්ද"
"Sathyajeewa Vijendra","https://www.facebook.com/sathyajeewa.vijendra","Susantha Padep Keerthi Keerthi මාලිමාවට ජයවේවා🌸💖💖💖💖💖💖💖"
"Rohitha V Hundunpathirana","https://www.facebook.com/rohithav.hundunpathirana","Sunil Wijesiri ඔව්, ජෙවීපිය නොහොත් මාලිමන්ස්ල දැන් රටටම ඔප්පු කරලා ඉවරයි සිංහල බෞද්ධ යාට වයිරකරන. එක"
"Sapun Dahanayaka","https://www.facebook.com/people/Sapun-Dahanayaka/pfbid02jsMumWRueg3Rx2HKmQwbDNqCAiYs9mx4NRf6tQVYkkgFXfZF5sQsuYcgiFvkY1M6l","Sunil Wijesiri ඇත්ත කතාව අයියෙ"
"Miliyan Kaluwella","https://www.facebook.com/people/Miliyan-Kaluwella/61584567026738","Sunil Wijesiri උබේ අමිමට ලැජ්ජා කරන්න එපා"
"Kumari Ekanayaka","https://www.facebook.com/kumari.ekanayaka.7792","Sunil Wijesiri කමක්  නෑ.ඇත්ත කතා කරන නියම පිරිමියෙක්.ඔය වගේ පිරිම බාග නොවී."
"Nimesh Ranasingha","https://www.facebook.com/nimesh.ranasingha.92","Kumari Ekanayaka anith un thamange jathiyata adinawa..ubala sinhala wela sinhalayatama arinawa..ubalata jiwitheta hariyanne na bn...henath na ubalata gahannaa"
"Ajith Ganegama","https://www.facebook.com/people/Ajith-Ganegama/pfbid02WCAh2J9h4feoKsfzGVBa4x3ccmg9btT4v1R1qGZCvcdVNQYWGArLWDuYtVJsTKXkl","Sunil Wijesiri ඔව් ඇයි ඌ ජෙප්පෙක් උඹ වගෙ කුඩ්ඩෙක් වත් අපරාධකාරයෙක් වත් තෝ වගෙ අපරාධකාරයන්ගෙ පුක හෝදන එකෙක් නොවේ"
"Kumari Ekanayaka","https://www.facebook.com/kumari.ekanayaka.7792","Nimesh Ranasingha දැන් හෙන වැදීගෙන යනව  නේද.පිහිය රත්තරන් කියල ඇන ගත්තොත් මොකද වෙන්නෙ.මතක නේද ජාතිවාදය අවුස්සන්න කරපු,කියපු දේවල්.ජාතියට අදිනව කියල ජාතිවාදය අවුස්සල රට ගිනි තියන දේ වලට එකග වෙන්න බෑ.දේශපාලන කැමැත්ත වෙනයි.ස්වාධීනව මේ කි යන දේ මොලයෙන් හිතන්න.නියම බෞදධ සිංහලය අනුන්ට දෙස් තියන්නෙ නෑ.අපි එහෙමයි.වැරැද්ද ට වැරදි කියනවා.ඔයාලත් ඒ හාමුදුරුවරු වගේ තමයි.දේශපාලන වාසියට.හොදින් හිතල බලන්න මොලයක් තියෙනවනම්.අපේ ජාතිය,ධර්මය නසා ගන්නේ අපිමයි."
"Nimesh Ranasingha","https://www.facebook.com/nimesh.ranasingha.92","Kumari Ekanayaka eka thamai kiyanne thamunalata ara kakirawe suddasana kiyana eka jathiwadaya ausssanawa thamunlata penne nadda...hena wadi thamunlata...balagena idahallla.."
"Nimesh Ranasingha","https://www.facebook.com/nimesh.ranasingha.92","Kumari Ekanayaka anika thamai bomba gahapu ekekta muslim ekek jathiwadiya kiyala ahala thiyenawada...annna eka thamai unge jathiye hageema kiyanne..ohela mokada karanne monawa thambintai demelluntai hure dada  inne..ohela wage aya sinhala wela ipaduneee ratee karumeta..anagatha parapura ratak ithuru karanna wadak karahalalla..."
"Chaminda Abeysekara","https://www.facebook.com/profile.php?id=100002915040701","Sunil Wijesiri ඇයි තොට පුකේ අමාරුවද?"
"Sanpth Sunil","https://www.facebook.com/sanpth.sunil","Sunil Wijesiri තෙ තනිකරම හරකෙක්නෙ පෙන්නයා"
"Tanison Kumararathne","https://www.facebook.com/people/Tanison-Kumararathne/pfbid0qFA59M6daSm2zraWkdeiBZy26uQv2PKsCMHWZbUz4X9iCyXZP23SMfzp7ZFwCmbrl","Sunil Wijesiri meka thambiyek .mun malimawata na"
"Mohammed Niyas","https://www.facebook.com/mohammed.niyas.529949","Sunil Wijesiri"
"Asokamala Rankothge","https://www.facebook.com/asokamala.rankothge","Sunil Wijesiri එ වගේදෙ වල් අහන්න ලැබේන විට හරි හිතට අමාරුයි nada සුනිල්"
"Kanthi Kanthi","https://www.facebook.com/people/Kanthi-Kanthi/pfbid02BSYXfvkBRueX56pM8vJ1qeQr9PKJmjmTdkzXLJnWPoK8S9eH6EA6jJzWwBLqjT5Hl","අනුන්ගෙ සීනි කිරන්න ගිහින් පචවෙන නානසාර 2 තිත්තගල්ලේ 😁😁😁"
"Paba Wickramasinghe","https://www.facebook.com/people/Paba-Wickramasinghe/61554786607219","Kanthi Kanthi"
"Samara Gunawardana Csk","https://www.facebook.com/samadi.apsara.521414","Kanthi Kanthi ඳාන සාර හාමුදුරුවො පච වෙන්නෙත් නැ..තිථගල්ලෙ හාමුදුරුවො පච වෙන්නෙත්  නෑ ...ජෙප්පො මෙ සෝමාලියාවට පාන් දැම්ම  වගේ  ආන්ඩුවක් අරන් හැමදාම උන්ට බලය  හම්බ වෙයි කියල හිතන් ඉන්නවා ..සොරි  තමයි..ඊලග චන්දෙ න් ජෙප්පො ගෙදර...ඒ වැඩේ මිනිස්සු  කොරයි ...චන්දෙ තියපල්ල"
"Dushani Pabasara","https://www.facebook.com/people/Dushani-Pabasara/pfbid0C3iCQQfmo5TFoV3otvQnW7Qpibp2Q1sr7oBRJpQXxMkMfQFYk9birvttu9ZZEHzrl","Kanthi Kanthi rate hAmoogema seeni keruwa gnana sara hamuduruwo . ada wachana tikak wAradila hire yaddi beeraganna ekek na"
"Subhadra Mehenin Wahansa","https://www.facebook.com/subhadra.mehenin.wahansa","Kanthi Kanthi"
"Sampath Jayakody","https://www.facebook.com/sampath.jayakody.9279","Kanthi Kanthi හාමුදුරුවන්ට අපහාස කරන හැම කෙනෙක්ටම සහ ඔවුන්ගේ පවුල්වල පිළිකා රෝගය හැදේවා"
"Kanthi Kanthi","https://www.facebook.com/people/Kanthi-Kanthi/pfbid02BSYXfvkBRueX56pM8vJ1qeQr9PKJmjmTdkzXLJnWPoK8S9eH6EA6jJzWwBLqjT5Hl","Sampath Jayakody  කවුද අපහාසකරේ මම කීවෙ නොන්නසාර 2 තිත්තගල්ලේ අනුන්ගෙ සීනි කිරනවා කියලයි බොරුද නොන්නසාරලා බුදුදහමට අපහාස කරනහැටියට මුඛ පිලිකා හැදෙයි උඹ කියන විදිහට."
"Rishan Rodrigo","https://www.facebook.com/profile.php?id=100006881941784","[Image Attachment]"
"Safee Nas","https://www.facebook.com/coolboy.safee","Rishan Rodrigo ශා හැබැට"
"Wajira Pani","https://www.facebook.com/people/Wajira-Pani/61584999322671","Rishan Rodrigo  දෙන්නගෙම කුණුහරප කටවල් නියමයි"
"Udani Rucky Nalawatta","https://www.facebook.com/udani.nalawattage.33","Rishan Rodrigo Pacha kota = Gu Suda 🤣🤣🤣🤣🤣"
"Deepal Priyantha","https://www.facebook.com/profile.php?id=100003200331767","Rishan Rodrigo we love both"
"Pathmasiri Pathmasiri","https://www.facebook.com/pathmasiri.pathmasiri.793094","ඇත්තෙම  ඔව්"
"Chammi Priyantha","https://www.facebook.com/people/Chammi-Priyantha/pfbid02KeowWznRtXqYNvD4ZHTgRbTzKW9Drzqb4zkybjS3X4FfLsVaNXFZFHdH6Gyc1Kb4l","Okaatath.  220 gahaanda ona....okath.   aka kaalakanniyak"
"Thamira Kariyawasam","https://www.facebook.com/thamira.kariyawasam","තමුසෙලාගේ උන් බබ්බු... ඒ බබ්බු ගැන කිවුව හාමුදුරුවෝ තමයි වැරදි කාරය දැන්.."
"Wickramarathna Wickramarathna","https://www.facebook.com/wickramarathna.wickramarathna.37","Thamira Kariyawasam"
"Sheik Mohideen","","Sapata.jiwat.wenna.ada.onama.dayak.karana.aya.hama..agamakama.innawa"
"Malin P. Senewirathne","","අමු ජෙප්පෙක් කියලනම් පේනව"
"Sathyajeewa Vijendra","https://www.facebook.com/sathyajeewa.vijendra","Malin P. Senewirathne මාලිමාවට ජයවේවා🌸💖💖💖💖💖💖"
"Sapun Dahanayaka","https://www.facebook.com/people/Sapun-Dahanayaka/pfbid02jsMumWRueg3Rx2HKmQwbDNqCAiYs9mx4NRf6tQVYkkgFXfZF5sQsuYcgiFvkY1M6l","Malin P. Senewirathne ඇත්ත"
"Niluka Jayanthi","https://www.facebook.com/niluka.jayanthi.874539","ඕකට ජනාධිපති සමාව ලැබෙන්නේ නෑ... බැරි වෙලාවත් ලැබුනොත්.. අපි.ගහපු කතිරෙ වැඩකුත් නෑ සහෝදරයා"
"Jude Roshan","https://www.facebook.com/jude.lalantha.7","අනිවාරෙන්ම"
"Jeewantha Kawusallya","https://www.facebook.com/jeewantha.kawusallya","මූ කියන ඒවට වැරදි කාරය කරල නෑ🤣 හිරේ යන්න ඔානෙ මොකටද 🤣 හිරේ යන්න  හේතු වුන නඩුව මොකක්ද 🤣 මෙලො දෙයක් දන් නෑ ඔහේ කියොනව🤣🤣🤣 ජෙප්පොනෙ🤣🤣🤣"
"Nikalas Mervyn","https://www.facebook.com/people/Nikalas-Mervyn/pfbid02db9Q7cPXY6c2wRHBeTGCz6SX41i67MpHx2nVs9TsNBgNWxLjLPLKtD4A71GmCGLil","Jeewantha Kawusallya"
"Nadishka Chamara","https://www.facebook.com/nadishka.nadishka.chamara","Jeewantha Kawusallya ai නෑ මොලයගෙ රෙදි හොදනවද"
"Jeewantha Kawusallya","https://www.facebook.com/jeewantha.kawusallya","Nadishka Chamara නෑ මොලයෙක් කොහෙද බොල මෙතන🤣🤣🤣 අනේ මන්ද ජෙප්පොනම්🤣🤣🤣"
"Safran Siddeek","https://www.facebook.com/safran.siddeek.1","Jeewantha Kawusallya eka naduwak ewei nadu 100 witara thiyenwa badu gahapuwa beela gihin happaouwa apahasa karapuwa"
"Puvi Thurairajah","https://www.facebook.com/puvi.thurairajah1","If Tamils and Sinhalese thought this way, that would be good news."
"Chamindu Jayalath","https://www.facebook.com/profile.php?id=100007132458569","රටේ ජනතාව 89 සිදුවීම් වලට ජනතා විමුක්ති පෙරමුණට සමාව දුන්නා.  71 කැරලි කාරයන්ට JR සමාව දුන්නා. චන්ද්‍රිකා ජනතා විමුක්ති පෙරමුණට සමාව දීලා දේශපාලනයට ගෙනාව. ඒ කාලෙ ජනාදිපතිලා සමාව දුන්නෙ නැත්නම් අද JVP එකක් වත් අනුර කෙනෙක්වත් නෑ. හැමදාම රජ කම් හම්බෙන්නෙ නෑ. අනුර පච ගහලා ගහලා ජනාදිපති කම අරගෙන මුකූත්ම කරගන්න බැරි වෙලා රජ කම නැතිවෙන දවසක් ආවොත්.. මිනිස්සු වයිර කරන දවසක් ආවොත් .. පකිස්තානේ Imran Khan වගේ හිරේ යන්න වෙන දවසක් ආවොත්.. එදාට හිතේවි අනේ මම ජනාදිපති සමාව දුන්න නම් හොදයි කියලා.ආන් එදාට තිත්තගල්ලෙ හාමුදුරුවො කියාවි රටේ හිටපු ජනාදිපති කෙනෙක්නෙ...එතුමට සමාව දෙන්න කියලා.. ඒත් පිරිසක් කියාවි එහෙම බෑ වැරදි කරා නම් හිරේ යවන්න කියලා. කව්ද එහෙම කියන්නෙ.. අද අනුරගෙ වටේ ඉදගෙන හුරේ දාන මිනිස්සුන්ම තමයි."
"Vasundara Devi","https://www.facebook.com/vasundara.devi.5686","හැම  ජාතින්ගේම නියෝජනය  කරන  වීරෝධාර  ලංකා  පුත්‍රයෙක් 🙏🙏❤️❤️"
"Subashini Gamage","https://www.facebook.com/subashini.gamage.90","Vasundara Devi අනිවාර්යෙන්"
"Sampath Jayakody","https://www.facebook.com/sampath.jayakody.9279","Vasundara Devi හාමුදුරුවන්ට අපහාස කරන හැම කෙනෙක්ටම සහ පවුල්වලට පිළිකා රෝගය හැදේවා"
"Bonny Daniel","https://www.facebook.com/bonny.daniel.2025","සමාවනම් දෙන්ඩම ඵපා  ජාතිවාදයේ පියා"
"Isuru Udayanga De Silva","https://www.facebook.com/isuruudayanga.desilva","Bonny Daniel උබ මොකාද."
"Bonny Daniel","https://www.facebook.com/bonny.daniel.2025","Isuru Udayanga De Silva  ඇයි උබත් ඤානසාරගේ පුක ලෙවකන ඵකෙක්ද"
"Danushka Chamikara","https://www.facebook.com/danushka.chamikara.5","Bonny Daniel එතකොට උබට පේන්නෙ නැද්ද රාසමානික්කම්ගෙ ජාතිවාදීකම,ජූඩ් පියතුමාගෙ ජාතිවාදී කම සිරිල් ගාමිනි පියතුමාගේ ජාතිවාදී කම"
"LK Elkaduwa","https://www.facebook.com/lk.elkaduwa","නියම සිංහලයා"
"Liyanawaduge Malani","https://www.facebook.com/liyanawaduge.malani","[Sticker]"
"Rishan Rodrigo","https://www.facebook.com/profile.php?id=100006881941784","හරකෙක්"
"Safee Nas","https://www.facebook.com/coolboy.safee","Rishan Rodrigo කවුද. 😂"
"Hashi Arachchi","https://www.facebook.com/people/Hashi-Arachchi/pfbid02sugtLu9ZnbJZhG2E74SVTqHqtjsfXXhPy4zCUffm4EoJidTr7fB2mEmHKvkVuFdwl","Rishan Rodrigo"
"Viraj Wijevickrama","https://www.facebook.com/viraj.wijevickrama","Safee Nas ඌරෙක්"
"Sri Bodhirajaramaya","https://www.facebook.com/sri.bodhirajaramaya.94","අමු කළවම් අසිංහලයෙක් ඒක ඇත්ත"
"Jayantha Rk","https://www.facebook.com/people/Jayantha-Rk/pfbid02V6ptRz3WSxUPgCYvXR3LbkAqYeoLeFnWxuKBZNFkj7gjKMmFmH6dxntG1SERJL5il","නරියා  නරියාමයි.."
"Supun Kalhara","https://www.facebook.com/SupunKalhara.SK","Jayantha Rk"
"Rohitha Jayakodi","https://www.facebook.com/rohitha.jayakodi.996777","අනිවාර්‍යෙන්ම මචන්"
"Amila Sampath","https://www.facebook.com/people/Amila-Sampath/pfbid02mpB8Cs56exp151AzvqCJF2QsiKeHeeiAzjGd5jSzX37ocjtx9ZZLHC34MRpe4k6fl","A.tambeyo.atta.kata.karapu.akada.warade.toga.muna.deha.baluwama.panawa.toga.senhala.un.akka.teyana.tara.topa.anduwa.wade.kal.na.puka.node.edu."
"Safee Nas","https://www.facebook.com/coolboy.safee","Amila Sampath 😂😂😂😂😂 හරි"
"Ajm My","https://www.facebook.com/ajm.my.3","Amila Sampath thambiyo thoge pukeariyada tho sakkili ponnaya"
"Rukman Bandara","https://www.facebook.com/rukman.bandara.7","Mara satutak labanne mu"
"Safee Nas","https://www.facebook.com/coolboy.safee","Rukman Bandara උඹට දුක ද"
"Rukman Bandara","https://www.facebook.com/rukman.bandara.7","Safee Nas ai ubata dukada"
"Rukman Bandara","https://www.facebook.com/rukman.bandara.7","Mun aniwarayen badala danna ona danma"
"Safee Nas","https://www.facebook.com/coolboy.safee","Rukman Bandara ow ban"
"Mohamed Faizal","https://www.facebook.com/people/Mohamed-Faizal/pfbid0s2gt3Uayfs5XTGJG86nkrmPv87VpQTTKofCCm6ocNobe9m1rTypCbVhnKdaS5v2Ul","[Sticker]"
"Chaminda Wadu Mesthrige","https://www.facebook.com/chaminda.mesthrige","Ube Neyamai Malli we are Sri Lankan brothers"
"Gopal Kamal","https://www.facebook.com/gopal.kamal.127","மிக அருமை சகோதரா 👍🏻👍🏻"
"Deepa Amarasinghe","https://www.facebook.com/deepa.amarasinghe.5","මොන බෞද්ධ  ද?  මේ පැලවත්තෙන්  මීඩියා සමගින්   එව්ව සුපිරි ජෙප්පෙක්."
"Upul Erathna","https://www.facebook.com/people/Upul-Erathna/pfbid0RS5vmB5baQkHJar5NwmwvX4MMUbJqCAbYAT4xW27RJcjT6GUeB1WNVqmnFy9YTaXl","සුපිරි කතාව,ආයි දෙකක් නැහැ."
"Tuan Milan","https://www.facebook.com/tuan.milan.483488","MUWA ELIYATA DANNA EPA MU AWAJHATHAKAYEK"
"Subhadra Mehenin Wahansa","https://www.facebook.com/subhadra.mehenin.wahansa","Tuan Milan"
"Amm Masroor","https://www.facebook.com/people/Amm-Masroor/pfbid02YBVchYnoG6F9ScxmQXMd5aUd2peB812CTm2SzSnZbSGnecDFAP5kPVQWzoL3xZgCl","සහෝදරයාට ජයම වේවා ."
"Sp Franando","https://www.facebook.com/people/Sp-Franando/pfbid0277uba3GWfQJkcaLSp7PZCYMaQuDy7P79GST1xoQov246pFafncMhy8UGAcx5JWu3l","මේවගේ උන්ව අත්සන්. අරන්. ජනපති. සමාව. ඉල්ලනකනම්. ඔයිට. වඩා හොදයි. සුළු. වැරදි. වගේම ඇප. බදින්න. සල්ලි. නැතිව. ඉන්න.අයෙකුට. සමාව. දෙනවා. 😭"
"Kuma Rox","https://www.facebook.com/kuma.rox.73","මොන පරය උනත් චීවරේට ගරු කරන්න ඕනි. මේක බුදුන් වැඩිය රට"
"Indika Prasanna Samarasinghe","https://www.facebook.com/indika.prasannasamarasinghe.5","නියම සිංහල යො.තවම නැගිට්ටේ නෑ උඹලා ..කවලම් ලේ තියෙන අවජාතකයෙක්....නියම සිංහලයත් එක්ක.ඥානසාර හාමුදුරුවෝ සමඟ ඉන්න"
"Indika Prasanna Samarasinghe","https://www.facebook.com/indika.prasannasamarasinghe.5","Gihan Panduka De Silva අනෙක් පළ ක*** පොන්නයා"
"Gihan Panduka De Silva","https://www.facebook.com/gihan.panduka","Indika Prasanna Samarasinghe  බේබදු චීවරධාරී පර බල්ලෙක් වෙනුවෙන් ඉන්නෙ , එක්කො තැරිධාර ගොං බයියෙක් නැත්නම් පුප පලාගත්තු පගයෙක් 😃😃😃"
"Mangala Wijesuriya","https://www.facebook.com/mangala.wije","Indika Prasanna Samarasinghe රටම අවුලන උන් ඒ සමඟයි.සිංහලයා කියන්නේ නීතියට අවනත් නොවෙන උන් නෙවෙයි. ඒනිසා ඔය පරණ කතා දැන් valid නෑ."
"Anura Gamini","https://www.facebook.com/anura.gamini.167","ඔබට අපගේ උත්තමාචාරය"
"Gunathunga Amarasiri","https://www.facebook.com/gunathungaamarasiri.amarasirihavaga","ආගම විනාශ කරන හාමුදුරුවෝ"
"Wasantha Nawalage","https://www.facebook.com/wasantha.nawalage.582788","මම කැමතියි සිංහලයෙක් කියනවට වඩා නියම ශ්‍රී ලාංකිකයෙක් කියන්න...👍❤️"
"Kumuduni Perera","https://www.facebook.com/people/Kumuduni-Perera/pfbid02a2Qm2j34J8NxFb5o7AcH8JmMc1oVH4HqRhNatrzA4cK4tQcfeV2PTsTK48fkAsNMl","මරැ"
"Indika Padmakumara","https://www.facebook.com/indika.padmakumara.1","🔥"
"Rosita Perera","https://www.facebook.com/rosita.perera.73","සුපිරි manussayek"
"Nadeeka Jayawaradana","https://www.facebook.com/people/Nadeeka-Jayawaradana/pfbid0DrfNiQcHoL4Kr4oH3gtftC5eKXPVwpYKepykY736qkkuAP67kZriqmqTtKfkcfBal","වේසඝනයා ලගදිම කනවා කැමක් සිවුර ගලවලා දුවන්න"
"Jayasundara RAthnayake Chithra","https://www.facebook.com/jayasundararathnayake.chithra","වීරෝදාර  කට ඇති  පුතුණි නුබ  යුගයේ  අවශ්‍යතාව"
"Paba Wickramasinghe","https://www.facebook.com/people/Paba-Wickramasinghe/61554786607219","Jayasundara RAthnayake Chithra"
"Dilu Ceteres Dilu","https://www.facebook.com/diluceteres.dilu","සක්කිළි ,කහකඩය එල්ලන්න ඔිනෙ, කරපු අපරාධ වලට"
"Shyamal Shyamal","https://www.facebook.com/people/Shyamal-Shyamal/pfbid05oa4TbcDAVKW1vhVmL99h42NwVHjM9k7E3qVSz3omMu13b23p2D5KpgtZpAZnABPl","ඥානසාර වැලිකඩින් දාන පාර"
"Sugath Kumara","https://www.facebook.com/people/Sugath-Kumara/pfbid02H896yaY1FQ6zLd9jJWg3JyRyNmCd3EwKW1jDtG24imhd8344YJif3cq2AEAgwQp3l","Niyamai"
"Rathnasiri Edirisinghe","https://www.facebook.com/people/Rathnasiri-Edirisinghe/pfbid0x1xRW2SxAP8EEjaC1hUjmncgBHx7JSp3djiWKfdHDsEAhcbpoCi4eyK6yCYRFuPl","නියමයි නියමයි සමහර චිවරධාරින් හිතාගෙන කිුයාත්මක වෙනවා උන් තමයි නියම අය කියලා ඒවා  වානා කියලා අපේ මහතාගෙ නියමෙට දුන්න පිලිතුරෙන්ම පෙනෙනවා  අප සියල්ලුම දෙනා නිතියට යටින් බව දැඩිලෙස අවධාරණය කර ගත යුතුමයි  ඒ මහතාට ජාතියෙම පුනාමය විශෙෂයෙන් බෞද්ධයන් ගේ"
"Ciril Samararathne","https://www.facebook.com/people/Ciril-Samararathne/pfbid0DBM4uSuRavoWDM8xu3NRa48ZAN3RhUV2xv9AjMpHDqnJ7G2cQPmtsPXD5JMzJsHEl","Pasku bombeta hire giya antawadin 15 Dena ganath katakarapan tambiyo"
"Ajm My","https://www.facebook.com/ajm.my.3","Ciril Samararathne pala pakaya tho"
"Deepthi Kumara","https://www.facebook.com/deepthi.kumara.859573","කොටින්ට මරු පොරක්ලු😁😂😂😂"
"Sarath Kumara Perara","https://www.facebook.com/sarathkumara.perara.3","Amu gawaya"
"Suriya Disa","https://www.facebook.com/suriya.dissa","මිනිසුන් දැන් වේනස්"
"Darshana Mediliya","https://www.facebook.com/darshana.mediliya.3","OYA. PAAHARA. AMANA. CHEE WARAYA TAA. GHUUU. GAHAPIYAW"
"Indu Paul","https://www.facebook.com/indu.paul.982","රටට ආදරය කරන නියම දරුවෙක්"
"Rohana Jayaweera","https://www.facebook.com/rohana.jayaweera.650530","Indu Paul පකේ දරුවෙක්"
"Padmini Wijayatilake","https://www.facebook.com/padmini.wijayatilake","මෙ සිවූරු රදවනයත් හරියට ඤාණසාරගෙ මල්ලී වගෙ"
"Nimesh Ranasingha","https://www.facebook.com/nimesh.ranasingha.92","Padmini Wijayatilake ow nedaa pansal gane ringana oyal wage thama"
"Prasanna Pathirana","https://www.facebook.com/prasanna.pathirana.587","Padmini Wijayatilake සිවුරත් කොට කරගෙන චන්ඩියෙක් වගේ"
"Upali Sarath Disanayaka","https://www.facebook.com/upalisarath","ඇත්තටම ..සමාව අත්සන්වලට දෙන්න ගියොත් අවසානෙ හේමරතනත් ඉල්ලයි සමාව..පාපිස්සෙන් ආයෙ පිහින්නෙ නෑ කියල 😂😂😂"
"Chandrasena Gamage","https://www.facebook.com/chandrasena.hamanduwagamage.5","Ratata aadare mahattayek ."
"Rasika Vinodani","https://www.facebook.com/rasika.vinodani.1","ඇත්ත අපි එකඟයි හාමුදුරුවොන්ගෙ හැසිරීම අන්තිමයි"
"Dhanushka Weerasinghe","https://www.facebook.com/dhanushka.weerasinghe.9406","Ane pala thambiya"
"Udani Rucky Nalawatta","https://www.facebook.com/udani.nalawattage.33","Mey post eka daapu eka KONAKAPALA kenek ne 🤣🤣🤣🤣🤣"
"Aruna Hewage","https://www.facebook.com/aruna.hewage.31","Matanam oya eka ekage katha wadak neha.Dasapaluwangath wadak neha.Namuth ISS Muslim anthawadayak Ma Rate Nedda???Eka Baya Nethiwa Ratatama Kiwwa Munwahanse Vitharai. Ara Jaffna wala Sitiya sinhalayan gana Katha karanne Ekekuta wath Kondak Neha. Maha Loku Veerayan."
"Rasiah Kathiravel","","Supiri"
"Pujitha Wijesinghe","https://www.facebook.com/profile.php?id=100004029973635","හාමුදුරුවෝ ගරුත්වය නැති කර ගන්න්වා.පව්!!!"
"Sumith Kuruppu Mudiyanselage","https://www.facebook.com/sumith.kuruppumudiyanselage","Sahatika athhta"
"Pushpa Jayasinghe","https://www.facebook.com/pushpa.jayasinghe.561879","Anyway hire yannama sumudu kam hothatama thiyana kenek"
"Duminda Kumara","https://www.facebook.com/duminda.kumara.5201254","අපෙ රටේ තාමත් උබල වගේ හරක් ඉන්නවා"
"Ukb Nexmart Keerthi","https://www.facebook.com/bandara.keerthi.90","හරි එ කොල්ල සුපිරි නියම සින්හලයෙක් කියමුකො මෙ කමෙන්ට්  කරන අය සහ මෙ ඇඩ්මින් කියන විදිහට එතකොට උතුරු නැගෙනහිර සින්හලයන් එලවන එක ඔහුන්ගෙ ඉඩම් නැවත හම්බ උනේ නැති එක උතුර නැගෙනහිර 90% සින්හලයන්ගෙන් ගිලිහිලා වෙනම රටක් වගෙ වෙලා තියෙන එකට මෙ වගෙ කමෙන්ට් කරනවාද"
"Manoshika Lakmali","https://www.facebook.com/manoshika.lakmali.2025","Jaya wewaa Malimawata"
"Dammika Jayawardana","https://www.facebook.com/dammika.jayawardana.58","පැලවත්තෙ පම්කයා නෙ"
"Dilip Chathuranga","https://www.facebook.com/dilip.chathuranga.977955","ඌරු ලේ"
"Akp Priyadarsana","https://www.facebook.com/akp.priyadarsana","අපට දැන් බයවෙන්න දෙයක් නෑ හොඳ අනාගතයක් තියෙනවා"
"Sarada Thilaka","https://www.facebook.com/saradathilaka","මුග්ධ මනුස්සයෙන්...කියෙව්වට හිස් වචන"
"Chandrani Wijerathna","https://www.facebook.com/chandrani.wijerathna.841454","Aniwaryen aniwaryen aniwaryen eththa kathawa sahathika eththa  aniwaryen ethulata damanna oni kenek"
"Thisara Malimage","https://www.facebook.com/thisara.malimage.7","කල්ලතෝනි පිස්සෙක්"
"Farook Momsali","https://www.facebook.com/people/Farook-Momsali/pfbid02qzjKykhSivoQyhyT6gCXnk4Rh9QQkfQUuNop3zoUdo6dQ9eEvT7JXd2pNheNrwDsl","Jayawewa"
"Chelliah Yogeswaren","https://www.facebook.com/chelliah.yogeswaren","Obatumage kathavanam sahathika aththa. Obata ape gowrawaya gentleman. Me Naraka kenata samawa dhunnoth, thava keeyak ethule innavadha podi podi prashneta. Oya  kattiyatath samawa dhenna epaya. Sivura andagena natapu natilla???? Deiyo saki KARMA pal dhei"
"Priyankara Piyarathna","https://www.facebook.com/people/Priyankara-Piyarathna/pfbid02XaDecrNVZMyAX6YPjr87ZikzMWAP815FoEPe6P4Wq4sYC8MSph8gErDxT2p9bMg5l","පක තමා බල්ලෙකුට ජාතක වෙච්ච උන්."
"Polonnaruwe Anandha Siri Himi","https://www.facebook.com/people/Polonnaruwe-Anandha-Siri-Himi/pfbid037qjWHCnvxTdaqdanJjXLxKoBYsVsyTG8ayriSrKif3JaZJf7S5uDigHCCfPkQoZHl","Priyankara Piyarathna mekata jathiyak nethi awajathaka"
"Bimba Asanthi","https://www.facebook.com/bimba.asanthi","මේක කොහොමද නියම සිංහල ගකාල්චල කියන්නෙ මේ වාචාල කල්ලයට මේකට තියෙන ඇරියස් එක මොකක්ද  අපේ හාමුදුරවන් ඒකක තො මුසලයෙක්"
"Ayesha Ayesha","https://www.facebook.com/shanika.manoji.16","හැමෝටම මේවා බෑ"
"Shantha Ruwan","https://www.facebook.com/people/Shantha-Ruwan/pfbid02Y9raXGq5VbxcjHsksyKpAw7RcaYXcetQAJUvhEpw38Nc7tPViXkXPD8FRVP9jAdpl","60000 වලපල්ලට  යවල  ඩොලර්  බිලියන  200 දේපොළ  ගිනිබත්  කොරපු එඋන් ආන්ඩු  කොරන්නෙ බොල"
"Kamila Kanti","https://www.facebook.com/people/Kamila-Kanti/pfbid02LasN1KNsS4zCPuypZseX2ZjfvimMfBtzaACF3EJrPERyh9EeFngyZCnQEgHKeUf4l","ඇත්ත තමයි පුතේ ඔයා කියපුදෙ  ❤️❤️❤️🙋🙋🙋"
"Gayan Vitharanage","https://www.facebook.com/profile.php?id=1383968380","ඔහොම යන් බංගලිදේශයේ, ඇෆ්ගනිස්තානයේ උනා වගේ ලංකාවත් වෙනකොට තේරෙයි, තම්බියො බෝම්බ ගැහුවෙ උන්ගෙ මුස්ලිම් සමාජයේ ඇතුලෙ ඉදන් මිසක් සිංහලයන් ඇතුලෙ ඉදල නෙමෙයි, සිංහල නම් වලින් ඉන්න නානලගෙ FB එකවුන්ට් වැහි වැහැල."
"Sanath Samarawickrama","","Kari thammbin ta Kade Yana ponna bawdhayo, mun budu pilima Karana Kota Kata Ariya ekama hamuduruwo.."
"Kapila Ananda","https://www.facebook.com/kapila.ananda.587","සුපිරි පොරක් අතිවිශිෂ්ඨයි 💪💪💪💪💪💪💪💪❤❤❤❤❤❤❤ ජයමවේවා බුදුසරණයි දෙවිපිහිටයි 💪💪💪💪💪💪❤❤❤"
"Siriwansa Athapattu","https://www.facebook.com/siriwansa.athapattu","හොඳම උදාහරනෙ මිහින්තලේ.ජනපති තුමා  මිත්‍රත්වයෙ දෑත් දිගුකලා. දෑත් හපා කෑව."
"Lal Fernando","https://www.facebook.com/lal.fernando.1088","තිත්තගල්ලේ ආනන්දසිරි නොහොත් සංඝ පාතාලයේ සාමාජිකයා."
"Nimesh Ranasingha","https://www.facebook.com/nimesh.ranasingha.92","Lal Fernando anthawadi padili pathalaye nayakaya jesuta muwa wi minimaruwa...kadinal"
"Lal Fernando","https://www.facebook.com/lal.fernando.1088","Nimesh Ranasingha"
"Ananda Wijesinghe","https://www.facebook.com/people/Ananda-Wijesinghe/pfbid0qekFq87x75r9Hz2RWmUdVqbbkCuUAGyQWRPjCcbJaix9szQFUh8frtnthFrEnfyel","Lalith Padmasiri ඒ මනුස්සයා නියමෙට කීවා   උමන්දාවේ නිගණ්ඨයාට"
"Kaveesha Sewwandi","https://www.facebook.com/people/Kaveesha-Sewwandi/pfbid022ykinNc7BEBhRGhzCYHUVWbAAUyECDdVrjjaEDarNhJG1xVkmPeDbsmq3Ykn2wsel","ඇත්ත..මේ කහ රෙද්දෙන් වැහිච්ච කාළකණ්ණි න්ට වඩා, ඒ සහෝදරයා උතුම් ...එක එක දේශපාලන ඇජෙන්ඩාවන් ට කටයුතු කරන හැමෝම දේශ ද්‍රෝහීන් .."
"Lakmal Rangajeewa","https://www.facebook.com/lakmal.rangajeewa.71","Hamuduruwanta banina aunge profile  balapalla okkoma dara jeppo.okunta hamuduruwo arahan kalakanni"
"Manju Liyanage","https://www.facebook.com/profile.php?id=100011375770305","Anivaryenma"
"Sujeewana Sisiwath","https://www.facebook.com/sujeewana.sisiwath","කල්ලතෝනි යෙක්"
"Rkd Dayananda","https://www.facebook.com/people/Rkd-Dayananda/pfbid0TSHXW3kuCeNw6yy2w3HMLKMnsqqgQr8rP3zF3dtws1cpZ7BXmYGaBaGK6HJWEmL8l","Elakiri🔥Kathawa🔥 ....Mallie ...BuduSaranay ....jayawewa"
"Kanthi Kanthi","https://www.facebook.com/kanthi.kanthi.767473","Therisaneak..sakkliya..kataweahilada..hereata..jampar.."
"Jayantha Dimbulana","https://www.facebook.com/jayantha.dimbulana","Daduwama laba diya uthuya"
"Prasad Jpa Jpa","https://www.facebook.com/prasadjpa.jpa","කටට ඕනද"
"Damayanthi Pattividana","https://www.facebook.com/damayanthi.pattividana","ඇත්ත මෙයාලා තමයි රටේ ආගම්බේද ජාති බේද අවුස්සන්නේ"
"Champika Somaweera","https://www.facebook.com/champika.somaweera.2025","එළකිරි කොල්ලෙක්...මට අහුවුනානම් ඕකුන්ගෙ ගලෝනවා ..."
"Upali Liyanage","https://www.facebook.com/upali.liyanage.3914","අනේ යකෝ රටට වින කරන එකෙක් ඌ"
"Dilla Dil","https://www.facebook.com/people/Dilla-Dil/pfbid0qQDovAjvdXdLiJ8a3o7uhnHaCjFWiBKXTPKLWtd5Ky9AFtzv3DDp1ahQAyuzAiZdl","උබලගෙ අම්ම වින  කරන්නෙ.උබවගෙ හුත්තෙක් හදල.තාත්තා හුජ්ජ කරේ කොහොමද කියල කියපන් කකුල උස්සලද"
"Praneeth Priyanka","https://www.facebook.com/people/Praneeth-Priyanka/pfbid0kLfVWANdLVYrGkwxPmkPZ6mHh2gpbLxThKTZutgP56nkFHsqQV9cTDhzrVtw3Vezl","සුපිරි මචං උඹ"
"Lawrence Samarakoon","https://www.facebook.com/lawrence.samarakoon.90","Sinhala namm aragattha muslim Auwun Fake FB account hadagena Sinhlata gahanawa.. Muoge kona kaplalada kiyala balapiew"
"Ajm My","https://www.facebook.com/ajm.my.3","Lawrence Samarakoon adonpara ponna mama tho"
"Keerthi Ilankoon","https://www.facebook.com/immkilankoon.ilankoon","ඔය තිත්ත ගල්ලටත් ගහලා එලව්පියව් ඕකුන් තමයි මේක කන්නෙ"
"Nimesh Ranasingha","https://www.facebook.com/nimesh.ranasingha.92","Keerthi Ilankoon ai ban kakirawe suddassanaya  uta  ubala mokada kiyanne bn...."
"Hasitha Madushan","https://www.facebook.com/hasitha.madushan.37669528","හැබැයි මේ ආණ්ඩුව සිංහලයට කරන කෙනෙහිලිකම් නොදන්නවා නෙවෙයි...ඔහොම යන්කෝ"
"Geeganagamage Janaka","https://www.facebook.com/geeganagamage.janaka","Sinhalakama gevivlawat neti harakek"
"Deva Daniel","https://www.facebook.com/deva.daniel.952343","සුද්ද සංහලයෙක්"
"Priyantha Weerasinghe","https://www.facebook.com/priyantha.weerasinghe.750546","Munanm amu gawayek."
"Rajitha Silva","","නියම කතාව👍"
"Nimal Chandrasiri","https://www.facebook.com/nimal.chandrasiri.621432","උබලා වගේ උන් රටටත් ,ආගටත් ජාතියටත් සාපයක්"
"Nalin Abeywardana","","Well done 👏"
"Sathish Kishan","https://www.facebook.com/sathish.kishan.2025","ela ela💪"
"Wasantha Wimalarathna","https://www.facebook.com/wasantha.wimalarathna.31","දැන් ජනතාවට හරිදේ කියන්න නිදහස තියෙනවා මෙතෙක්කල් තිබුණෙ කාලකන්නිට යටවෙච්ච රටක්නෙ"
"Nishan Liyanage","https://www.facebook.com/nishan.liyanage.735","නියම කලවන් සිංහලයෙක් කියලා හිතාගෙන ඉන්න එකෙක් සුද්දා බෝකරලා ගිය උන්ගෙන් පැවතගෙන එකෙක් මිසක් නියම සිංහලයෙක් වෙන්නෙ කොහොමද"
"Anton Visva","https://www.facebook.com/anton.visva.2025","ඔව් සහෝදරයා, ඔයා හරියට කිව්වා සහෝදරයා, 👍👍👍"
"Premalal Wallawatte","https://www.facebook.com/premalal.wallawatte","හැම තැනකම සිවුරට ගහනවා නම් ඒක සාධාරණ කරලා පොස්ටි දාන උන් මෙ රටෙ බෞද්ධ ජනතාවට නෙමෙයිද මෙ ගහන්නෙ තොපි පුළුවන් නමි එක මුස්ලිම් ආගමික නායකයෙක්ට මෙහෙම අපහාස කරලා දාපං බලන්න ඇට දෙකෙන් එල්ලනවා තොපිව බුදුන් වහන්සේගේ රුපවලට බලු ඔළුව දාලා පොස්ට් දානවා එක බල්ලෙක් කතා නැහැ යකො මෙ අපෙ බෞද්ධ රාජ්‍යයක් සමහර විට මෙහෙම කරන්නේ සිංහල බෞද්ධ ජනතාව නෙමෙයි කාලකන්නි ජෙප්පෝ තමයි රටට වනයක් වෙලා තියෙන්නේ"
"Manjula Sujith Pilawalagedara","https://www.facebook.com/people/Manjula-Sujith-Pilawalagedara/61576278432648","Pure inne niyama sinhalayo"
"Thomas Sovis","","නානසාර එලියේ ඉන්ඩ ඔන එකෙක් නෙමෙයි"
"Samantha Perera","https://www.facebook.com/people/Samantha-Perera/pfbid031HMZQYh1HPEjox3LxLJ3T86jZrbzBfmpfmz9S8NJCnCwANs5uLftSrnk1MoaZe3Tl","මයිනගෙ.ප්‍රදාන.කොන්ත්‍රාත්.කාරයා.."
"Nimal Gunathunga","https://www.facebook.com/nimal.gunathunga.258229","සිරාවටම"
"Aruna Alwis","https://www.facebook.com/aruna.alwis.680307","Sinhalayan Sinhalayantama viruddava veda karanawa  Father Jeewantha Peiris ge Sinhalayanta viruddava kiyana kathaa mema pudgalaya ahanna athi. Ena kathaa gena vivechana ne  Sinhalayan visin Sinhalayantama viruddava katauthu kireema ithaama naraka saha bayanaka thathvayak. Buddhimathva katauthu karanna"
"Indika Rooshan","https://www.facebook.com/indika.rooshan.7","Palayan p ko yanna anthawadin gema gahanawa yatin"
"Mohamed Rismy Rock","https://www.facebook.com/mohamed.rismyrock","ඥානසාර මහින්දලාට හොඳට පුක දුන්න මිනිහෙක්"
"Isanka Isa","https://www.facebook.com/isanka.isa","හරකුන්ට හරක් කැමතියිනේ"
"Ramani Mangalika","https://www.facebook.com/ramani.mangalika.877907","Oyaibagathebyana walattha ganayo serana maha nikayen විසඳුම් denba one sakkiliyo සිවුරු galawala alawanna one"
"Kumari Amarakoon","https://www.facebook.com/kumari.amarakoon.2025","මරු.මේ උන්නන්සෙලට අමතක වෙලා බෞද්ධ දර්ශනය...මහා නායක හිමි වරු හරියට ගෝලයින් හික්මවා ගෙන නෑ.කහ පාට ඇදුමේ තියන  වටිනා කම ගැන නොදන්නා අය..."
"Senanayake Mahinda","https://www.facebook.com/senanayake.mahinda.3","හරි සතුටුයි නේද? සහරාන්ලගෙ ඔලුව හැදුවෙ මේ හාමුදුරුවො ද?"
"Mahinda Gunaratne","https://www.facebook.com/mahinda.gunaratne.9","හැබැයි  demallu wage newi thambi heeniyata game eka ghanawa.video ekak viral wenawa dakka 2050 ලංකාවේ majority  eka muslim kiyala,ewage plan thiyeenne"
"Lionel Weerasinghe","https://www.facebook.com/lionel.weerasinghe.516968","ඉතාම හොඳ  ආදර්ශයක් අදසහන්න වටිනව"
"Herath Herath","https://www.facebook.com/people/Herath-Herath/pfbid02ayfrjGw23vdZRXoRnonTfM5vbhdxpdDhzPchzgjrCcmcZgwcTaZtDUBHNCogwuhql","Respect saho"
"Bandara Bandara","https://www.facebook.com/bandara.bandara.774316","නොදකින් සකිලියා"
"Niroshan Kotigala","https://www.facebook.com/niroshan.kotigala.1","නියමයි"
"Jagath Amarasiri","https://www.facebook.com/kapurupandithalage.jagathamarasiri","දැන් අනිත් ඉන්න හිරකරුවෝ  එතකොට  මොන අත්සන  ද  ගහන්නේ  ඕයි😂😂😂"
"Noel Pananwala","https://www.facebook.com/noel.pananwala","Anepala🐂🐂🐂🐂🐂gawayo"
"WR Gamini Disanayaka","https://www.facebook.com/people/WR-Gamini-Disanayaka/pfbid0fGEYu1FLHpDDgmSqVNYqgNxfcDy4EWExFRwhPtPhwXVudKEBWudNvJyUwPf99Bznl","මල්ලී උබ පට්ට පොරක්.ආදරෙයි බන්"
"Leslie Fernando","https://www.facebook.com/leslie.fernando.948954","අන්නසි ගැට කාලා වැරදිලා ඉපදුන කොලුවගෙ(නානා තියරිය අනුව)කකුල් දෙක ලග හොටු හූරන රාජපක්ෂ නිකායේ බයියන්ගේ V8 වීරයා"
"Wj Nissanka","https://www.facebook.com/wj.nissanka","ජාතිවාදියයෝ  වෙන්නේ  මේ හිමි නම විතරද ???😡😡😡"
"Gamini Jayaweera","https://www.facebook.com/gamini.jayaweera.154786","හොඳ විග්‍රහයක්"
"Sumana Herath","https://www.facebook.com/people/Sumana-Herath/pfbid0t5xLMwMSeXSADvfBEqpXYRwRCFusLF2MLtURGwGJ3zZMmot3kggEVS6ppwEwbQSFl","සුපිරි කතාව  👌👌👌👌"
"Dihan Karunarathne","https://www.facebook.com/dihan.karunarathne","❤️niyamai saho"
"Shanthi Perera","https://www.facebook.com/shanthi.perera.524596","දෙන්නම ..එපෝ  සමාව  ඇතුලෙම හිටපු දෙන්"
"Wigitha Kularathna","https://www.facebook.com/wigitha.kularathna.7","හොදම ගොනෙක්"
"Rangana Gayan","https://www.facebook.com/rangana.gayan.58","සිරුරට මුවා වෙලා කරපු ජඩ වැඩ"
"Hewagamage Tharanga","https://www.facebook.com/hewagamage.tharanga","U kohen apu1ekda kiyala hoyanna one"
"Geetha Weerasingha","https://www.facebook.com/vidunrashmika.aswaththa","නියමයි  👍👍👍👍"
"Sanjeewa Kelegama","https://www.facebook.com/sanjeewa.kelegama.1","එ  වගේ බන්  උබ  Video    එකකුත්  දාපන්  බන්  උබලගේ  එවුන්ටත්    බෝමිබ උස්සන්, අවිආයුධ  උස්සන්   අහිංසක  මිනිසුන්ගෙ   ජිවිත  නැතිකරන්න  එපාකියලා    ආගමි  වල  පොතපත්  වල  තියන  මළවිකාර   ඔළුවෙ  දාගෙන,    නොපෙනන  ස්වර්ගයට  කලින්  ඇහැට  පෙන  මහාපොළව  විශ්වාස  කරලා  ජිවත්   වෙන්න කියලා  කියපල්ලා,   මෙ  හැම  එකාගේම  ජාතිවාදී ,ආගමිවාදි  වැඩ  නිසා   හැම  ජාතියකම  අහිංසකයන්ගෙ  නිදහාසේ ජිවත්විමෙ  අයිතියයි  නැතිවෙන්නෙ."
"Thushara Neel","https://www.facebook.com/kumara.aberathna79","hora  ganayo  okkoma badukarayo  thamai otahnata awith  inne"
"Deepika Neranjana","https://www.facebook.com/people/Deepika-Neranjana/pfbid0Zwc96GNEiagda57oPejki2AstEXKqfqL7x1WKAfqNPYtnW4c4ndNa8ZXvRxodjdpl","අවජාතක කම"
"Ananda Sagara","https://www.facebook.com/sagara.maddegoda.1","Jayawewa kolla 👍👍👍👍❤️"
"Damith Karunarathna","https://www.facebook.com/people/Damith-Karunarathna/pfbid02R8B5wx3VjNBK47Na8WUCWQRF7UmFLbbyrAPMe5hezog4V9G9PqbT53a5UFuhoaenl","Ane umbath puka deepan ponnaya"
"Binduge Priyantha","https://www.facebook.com/binduge.priyantha.3","නියම කතාව සහෝදරයා"
"Shan Hasalanka","https://www.facebook.com/shan.hasalanka.1","රාජපක්ෂලා වෙනුව්න්දා බන් ,,  කතාකරෙ,,,  තැන තැන වෙච්ච ප්‍රශ්න දන්නවාද"
"Shantha Pushpakumara","https://www.facebook.com/people/Shantha-Pushpakumara/61578738725089","අවංකවම යක්ඛ පුතෙක්... ❤️❤️"
"Pradeep Rathnayaka","https://www.facebook.com/people/Pradeep-Rathnayaka/pfbid0WxBTCRr8U2jyrEJCLVSCJ4PWE5WXoytErkvNcDGNAAePC3bbL8TYbsgCKsBmXuDNl","කට  වහන්ඩ  කියන්නේ  කොහොමද කහකඩයා"
"Menik Gamage","https://www.facebook.com/menik.gamage.33","දැක්කද මූ පොර වෙලා තියෙන්නේ කාටද කියලා .comment දාලා තියෙන්නේ කවුද බලන්න .තොපිට තේරෙයි.ප්‍රමාද වැඩිවෙයි"
"Kumudu Nanayakkara","https://www.facebook.com/kumudu.nanayakkara.739","මම හිටියනං ඔහුව තනි කරන්නෙ නෑ"
"Sunil Nandasiri Kodippili","https://www.facebook.com/sunil.nandasiri.kodippili","Api kollaekka ekenma. Ko candi."
"Ponnusamy Rajavel","","Greatest son"
"Hemali Chandima","https://www.facebook.com/hemali.chandima.7","අනිවාර්යෙන්ම ඇත්ත ඤණසාරයට ජනාධිපති සමාව දෙනවට අපිත් කැමති නෑ ඔකුන් තමයි රටේ‍ ප්‍රශ්ණ හැදුවේ‍ සිවුරට මුවා වෙලා"
"Nishantha Mahesh","https://www.facebook.com/nishantha.mahesh.7583","Niyamai"
"Vijitha Kumara","https://www.facebook.com/vijitha.kumara.476480","නියමයි  ."
"Abeyrathna Km Abeyrathna","https://www.facebook.com/abeyrathna.km.abeyrathna","ජයමවේවා කොල්ලෝ"
"Asokaindika Indika","https://www.facebook.com/asokaindika.indika","Aiya mu army  mama akka hitiya of aka.."
"Neil Jayawardana","https://www.facebook.com/neil.jayawardana.5","100% ඇත්ත තමයි .ජාතික සමගිය නැතිකරපු රාජපක්ෂ නිකායෙ අයෙක් ..කවදාවත් හැදෙන්නෙනැ  .නිතිය කාටත් එකයි"
"Gol Senadhipathige Don","https://www.facebook.com/gol.senadhipathige.don","ponna j.v.p.anduwa Gu ghla elwanna ona"
"Nirmala Jayagoda","https://www.facebook.com/people/Nirmala-Jayagoda/pfbid02cxzkyHw2Qg2o4uo4vLKvTVPchKtiG4rWiP5tt8px7mxG35icje3MTyWS3EDG1wc4l","Aniwaryen"
"Nihal Ferdinando","","ඔබේ ප්‍රශංසනීය සත්‍ය කතාවට අපේ ප්‍රසාදය පළකරමු!"
"Sisira Manamperi","https://www.facebook.com/sisira.manamperi.2025","සම්පූර්න ඇත්ත 👍"
"Lalitha Senadeera","https://www.facebook.com/people/Lalitha-Senadeera/61566714595979","හාමුදුරුවන් කියලද ඔයාලගේ මිනිස්සු අහිංසක කිස්තියාණි මිනිස්සුන්ව කැලි කැලි වේන්න බොමිබ තිබ්බේ. ඒවත් කිව්වා නම් හොදයි නේද"
"Prabath Tharaka Widdiyapathi","https://www.facebook.com/prabath.widdiyapathi","අමු ගවයේක් තමන් අකමැති නම් පාඩුවේ යන්න ඕනේ විව්ස් ගන්න ගොම්පාඩ් දාන්නැතුව."
"Gayan Sanka","https://www.facebook.com/gayan.sanka.5076","උබලට හෙන සතුට නෙ බං"
"Ranjith Samaranayaka","https://www.facebook.com/ranjith.samaranayaka.946","නියමයි උබ වැඩ්ඩෙක් .👍👍👍❤"
"Anura Dasanayake","https://www.facebook.com/anura.dasanayake.2025","අැත්ත හොද කොල්ලෙක්"
"Mnr Mohamed","https://www.facebook.com/mnr.mohamed.9","My 3 samawa dipuwa waradinam anurata kohomat samawa denna be i kiwwut anura anduwa batagatte jatiwadiya natikaranawa kiyala"
"Maithrie Fonseka","https://www.facebook.com/people/Maithrie-Fonseka/pfbid02JdWUewxonYyB8ZvuQtCkPMkexutrLcMzNhcpCCQcaRf3ochwcnpa3dSoosqfTPBUl","නියමයි ඌ කුපාඩි පරයෙකි , ඔය සගයා , විනාශ කර දැමිය යුතුයි රටේ යහපතට ඔය ජාතිවාදිය සංවර්ධනය කරන තකතිරැ මෝඩ වසංගතයක් , තවත් එවැනි අපතයන් රටට එපා , ආදරෙයි කොල්ලෝ අපි ඔබ සමගයි"
"Rohitha Fernando","https://www.facebook.com/BassRohitha","Galabadaya  hirema   mariya  yuthui...."
"Jiwan Kumara","https://www.facebook.com/people/Jiwan-Kumara/pfbid0MB42HyWVScavagFzSa3ws2JJtEUqdZJJ4GuvpuWKVho8x6spn9EXHfrKDYGAuatLl","Rohitha Fernando අනිවරේන්ම රොහොහිත අයියේ 👍"
"Saman Bulathsinhala","https://www.facebook.com/saman.bulathsinhala.2025","මුට කිසිම සමාවක් දෙන්න නරකයි, ඔය එන්නේ රාජ්‍ය විරෝධී කොටස නියෝජනය කරන පර චීවර දාරීන්, ලැජ්ජා නැතුව සිවුරක් දාගෙන එනවා, අලුත්ගම දරග නගරයේ මුස්ලිම් ජනතාව අතර කලබල ඇති කෙරුවේ ඕකා සහ රාජපක්ෂ මොළ හතා, හොඳට අහගත්තා ආඩම්බරඊ එහෙම කොන්දක් තියෙන මිනිස්සු ඉන්න එකට"
"Ishaq Iqbal","https://www.facebook.com/ishaq.iqbal.3","Eliyata awanam bayyonta cheese cake thama 😂"
"W.G. Cyril","https://www.facebook.com/people/WG-Cyril/pfbid02wT7VQ7oe3xhKEiB4zvVWXnp9RXosb3pgzQRG8rF99oyyszkwsenU9D9HEQLwBvBal","Pala demala"
"Mp Kumara","https://www.facebook.com/people/Mp-Kumara/pfbid0UvnBFKsJdSxrXo23cxYqb2AqUDiVBKS5SdmJBBp7z6M8ZPdwmMGViLxS1cGv9Ww8l","උබලා ආසයි නේද පරයෝ උබලා බයලා ගැහුවට වැඩක් නෑ පාස්කු ගැන කතා කරපංකෝ"
"Prinsi Fernando","https://www.facebook.com/people/Prinsi-Fernando/pfbid069ZDWgiy4C9S3hpr78CPFAPubMbWUUE8F6xe3Sjzii9tHvvxiJ6exCUXDQYbp4Ztl","නියමයි නියමයි"
"Thilak Liyanage","https://www.facebook.com/thilak.liyanage.585","සුපිරි"
"Ranjith Gamage","https://www.facebook.com/people/Ranjith-Gamage/pfbid0pgB86uXbNN6cNSriuZdTgxYMZXMHZRXfSLFiSoVEQzq1eXsS63rTXN2mDACoFXGnl","Well done Brother Jayawewa this is the way to talk to them"
"Chandana Jayawaradana","https://www.facebook.com/chandana.jayawaradana.3","ඇත්තටම සිංහල බෞද්ධ ජනතාව කථාවක් කරන්න විට ජාතිවාදය අනික් ජාතික යන් කතාව අයිතිය. මෙහෙම  රටක් ....."
"Sandu Ahinsa","https://www.facebook.com/sandu.ahinsa.14","මේ චීවරදාරිය...බර පන්තියෙන්ම ..අයිස් වලට ඇබ්බැහි වුනු කෙනක්"
"Sanath Vithanage","https://www.facebook.com/people/Sanath-Vithanage/pfbid0ayfwdjUHKYAoDfQFRB2r4kMmKhoKXGcK45DN87ruHhbxwcjzV71Wye91gaT5C1GZl","Yako kathakale jathiya wenuwen,  Anith ewun ge jatiya wenuwen katha karana eka,"
"Rishad Ahamed","https://www.facebook.com/rishad.ahamed.54","නියමයි නියමයි සමහර චිවරධාරින් හිතාගෙන කිුයාත්මක වෙනවා උන් තමයි නියම අය කියලා ඒවා  වානා කියලා අපේ මහතාගෙ නියමෙට දුන්න පිලිතුරෙන්ම පෙනෙනවා  අප සියල්ලුම දෙනා නිතියට යටින් බව දැඩිලෙස අවධාරණය කර ගත යුතුමයි  ඒ මහතාට ජාතියෙම පුනාමය විශෙෂයෙන්"
"Niroshan Krishantha","https://www.facebook.com/niroshan.krishantha.332826","Siuru perawan nikan kana bona deshapalanaya karana ,beela logi dana ,eka eka agenda walata wada karana eka apatha nigantayektawath danayak denna epa saha unwa piligannath epa."
"Lakmal Purasinghe","https://www.facebook.com/lakmal.purasinghe","Prayek"
"Anis Ahamod","https://www.facebook.com/anis.ahamod","In Srilanka Monks are given unofficial powers and priorities and free in everything 🤮.Therefore they misuse the law. Difficult to be controlled by legal system of Srilanka.We trust AKD NPP government will restructure and reorganize and rehabilitate the judicial system, police, lawyers,politicians and Monks in Srilanka 🙏."
"Mohamed Alavi","https://www.facebook.com/mohamed.alavi.927","Janasara hamaduruo gena muslim aya katha kreema post demeema anawassiya prasna ehiviya heki. Eka aanduwath adikaranayath bala gani."
"Suppiah Shanmughavelu","","Original Sri Lankan🇱🇰 singhya"
"Malanie Desilva","https://www.facebook.com/malanie.desilva.5","ලංකාවෙන් බිහිවුන කොන්ද පන ඇති මහත්මයෙක් ❤️❤️❤️"
"Nimal Silva","https://www.facebook.com/people/Nimal-Silva/pfbid02FBYZJdQN6sMAJLswkRHiAki9dFb7P58nEhk2nZ2HLKRrzvNqEiQsSiEHikENbCxfl","Supere malle ape umbath akkae"
"Thushara Rathnayka","https://www.facebook.com/indika.rathnaykamudiyanselage.7","Hmuduruwo hire danna kiyana eak koheda ban sinhala amma sinhala unata sinhala wen na"
"Madushan Dilruksha","https://www.facebook.com/madushan.dilruksha.7","Oka jeppek nounot mama kana kapaganno"
"Nalika Fernando","https://www.facebook.com/nalika.fernando.583694","Samawa denna epa"
"Priyantha Fernando","https://www.facebook.com/priyantha.fernando.47660","මූ අපේ ගමෙත් ආගම් වේදය ඇති කලා.මූව හිරේ යවන්නම ඕන .අපි බලමු.😡😡😡"
"Anuruddha Udakumbura","https://www.facebook.com/anuruddha.udakumbura","Bath wenuwata goma kana sunakayek."
"Indika Aruna","https://www.facebook.com/indika.aruna.940","Mahidalath ekka thiyana kenthiyata me hamuduruwannta Gahanna epa Yako me hamuduruwannta jathiyagana kakkumak thiyanawa ubalage gon desapalana wasiyata sangayata Gahanna epa topilata yanna apayak nathiweii"
"Sriyani Kavirathne","https://www.facebook.com/sriyani.kavirathne","Oya  hari  putha"
"Chamara Prashad","https://www.facebook.com/chamara.prasad.7771","gothayek misak wenakeku nowe"
"Pradeep Chaminda","https://www.facebook.com/pradeep.chaminda.835193","පලයන් සුනඛ ධාතුව තොට හරියට සිංහල කතා කරගන්නවක්වත් බෑ ධාතු සුනඛයා"
"Shiranthi Withanage","https://www.facebook.com/shiranthi.withanage.330009","Niyamai thithgqlletath denna thiyenne duwanna"
"Priyantha Habaragamuwa","https://www.facebook.com/priyantha.habaragamuwa.10","මූ පිටදුවේ සිරිදම්මනේ රහත් වෙලානේ ඉන්නේ පක්කටද මේවා කරන්නේ ඥානසාරයට පුකදීම වැල් අතර ගිහිල්ලා"
"Ama Ama Gunawardana","https://www.facebook.com/amaama.gunawardana","Dena de kala පන්සලට  wela inna බැරි ala kanni..lejjai thopi ගෙන ..."
"Kalum Jeevaththa","https://www.facebook.com/kalum.jeevaththa","🚑💪💪💪💪💪💪💪💪💪 Gammak ban. oya valava mama othana Hitiya nam mita vada supiri. Supiri kollak ban"
"Chamindu Mahesh","https://www.facebook.com/chamindu.mahesh.2025","Muge ammata tambiyek tamai hukala tiyenne.  Ponnaya"
"Ramya Ramya Basnayaka","https://www.facebook.com/people/Ramya-Ramya-Basnayaka/pfbid02AWvU9eowSYMkGL7HDJCJprxnadbG7kGja5ju8cbYn54aedNFyH5oBfUPNrV84Jb6l","තමුසෙ සක්කිලි යෙක්  නොදෝකින්"
"Maha Motor","https://www.facebook.com/maha.motors.502028","U r great 👍 bro"
"Lalith Senarath Dahanayaka","https://www.facebook.com/profile.php?id=61574100743340","Aniwa oka ethulema thiyanda one"
"Devinda Hamuduruwo","https://www.facebook.com/devinda.hamuduruwo","ගෙදර එක්කන් ගියානම් හරි."
"Ruwan Kadadora Arachchi","https://www.facebook.com/ka.ruwan.18","ඔකව කොහොම ත් එලියට එන්නෙ නෑ කොච්චර අත්සන් කලත් වැඩක් නෑ පින් බතා 🙏🙏🙏"
"Nandana Wasantha","https://www.facebook.com/nandana.wasantha.2025","සරමේ පිහදාන්න ඕන එකෙක් මෙලොව එලිය දැක්කාම ඔහොම තමයි"
"Jms Bandara","https://www.facebook.com/jms.bandara.7798","නියමයි  සිංහල  මනිසා දාමු  බලන්න  ලයික්  ඒකක්"
"Chamal Dhanapala","https://www.facebook.com/chamal.dhanapala","බෝම්බ පුපුරෝපු ත්‍රස්තවාදීන්ට.   එක මුසල්මානුවෙක්වත් චුට්ටක්වත්  ,,අංශු මාත්‍රයෙන්වත් දොසක්  කිව්වද. ,,,,,,,,ඒකයි තමන්ගේ ජාතියට තියෙන ආදරේ කියන්නේ ඇත්තටම ඔවුන් කෙතරම් වටිනවද ජාතියක් ලෙස. ,,,,,,,,,,,,,,,"
"Tuan Samahon","https://www.facebook.com/thsamahon","Good job.....  .."
"Rafaideen Ahmed Fuwad","https://www.facebook.com/rafaideen.ahmedfuwad","Niyamai sahodaraya"
"Sasindu Dilshan","https://www.facebook.com/people/Sasindu-Dilshan/100088680665860","අනිවා ❤️"
"Gayan Sameera","https://www.facebook.com/sameera.sanjeewa.906638","ඔය දාපු සද්දේ  මීට   සතියකට දෙකකට  කලින් වෙච්ච දේවල් වලට  දැම්මේ නෑනේ එතකොට මේ අයියා  කොහෙද දන්නෑ හිටියේ"
"Nihal Nihal","https://www.facebook.com/people/Nihal-Nihal/61588656152453","නෑ බං ජාති බේදයෙන් තොර මිත්‍රයෙක් 👍👍👍🙏🙏"
"Pasindu Madushan","https://www.facebook.com/pasindu.madushan.70681","හාමුදුරුවෝ පාරේ පිස්සු නටනවා ,මේවා පාලනය කරන්න කවුරුත් නැද්ද ?"
"Weerasinghe Harsha","https://www.facebook.com/weerasinghe.harsha","ගිනි බෝම්බෙ හිරේම ඉන්න ඕනමයියි ........"
"Sumana Wegala","https://www.facebook.com/people/Sumana-Wegala/pfbid0iHBv9gLHYEujAqAWbgAVvnH5FTCLGPJhYq2VJrtGk3UbvpaAtMTUQt6pLm8chnrwl","පට්ට .යි.නියමේට.කතා.කරා.දැන්.මිනිසුන් .බය.නැහැ...ස්තුතියි .සතුටුයි"
"Nishantha Nilud","https://www.facebook.com/nishantha.nilud.9","Meke hali liyana ekek kiyapalla balan rata wenuwen karapu deyak"
"Saumya Senarath","https://www.facebook.com/saumya.senarath.405254","වටේ ඉන්න උන් පෝන් අටවන් ඉන්නෙ මේ කොල්ලට සහය දීපල්ල.ඔය වගේ වෙලාවක හැමෝම හඩක් නගන්න ඕන.නාන හිරේ නොදැම්මොත් එයට විරුද්ධ විය යුතුඉ"
"Sathees Kumar","https://www.facebook.com/people/Sathees-Kumar/pfbid0ZSEF7kLrz7ZjeGZPNpaYvL4dCUD7uYNnRdQKHN75q5kLdCvh8FCJzL9cRNmG2vVFl","Nice nice nice nice nice nice nice nice nice nice nice nice nice 👍👍👍👍👍👍👍👍👍"
"Bandu Master","https://www.facebook.com/bandu.master","Muslim antha vaadaye Guu redi daarsanika vidiyata soodana niraagamika nivata daarsanika yai sithaagena sitina Sinhala naanalage patta comment 👍😺"
"Nimal Shanthasiri","https://www.facebook.com/nimal.shanthasiri","බුද්ද  ආගමට බුදු දහමින් දොස් තැබිමක් බොරුවට එරෙහි සත්‍ය"
"Jagath Kumara","https://www.facebook.com/jagath.kumara.158868","මල්ලි මේ ලඟදි ජනාධිපතිතුමා කිව්වා ඔය වගේ දේවල් වලදී ඇස් දෙක බැඳගෙන ඉන්නේ කියලා"
"Vimal Wera","https://www.facebook.com/vimal.wera","Niyama NGO karayek JVP nethnam LTTE"
"Pathmasiri Wijethunga","https://www.facebook.com/people/Pathmasiri-Wijethunga/pfbid034NTdCvTPoyTUimFNw2unrJz9m6qmx9CQojfEomUFegoSXMrx7X5WRbMP1x9mK4uHl","Sinhalayek neve para sakkili ballek avajathakayek"
"Premasiri Rathnayake","https://www.facebook.com/premasiri.rathnayake.2025","නියමයි පුතා නියමයි"
"Dilhan Chaminda","https://www.facebook.com/people/Dilhan-Chaminda/pfbid02KbKFGWdeBXrkxwQy5XJ7ULzbxtFDL3hVhAj6jQ4tPQ1buwRTGzR3p3nQ2KVUJvdVl","උතුරේ වෙන දේවල් වලට මුන්ගේ සද්ද කෝ"
"Saman Priyantha","https://www.facebook.com/saman.priyantha.56401","කොටි සමරනකොට මෙයා කොහේද හිටියෙ"
"Nishantha Kumara Baddewidanelage","https://www.facebook.com/nishanthakumara.baddewidanelage.7","Gotha sakkiliyek"
"Rohitha Sumanarathna","https://www.facebook.com/rohitha.sumanarathna.2025","ජනාධිපති සාමාව දුන්නොත් එතුමටත් ටොපිය දෙනවා .අම්මාපල්ල .එහෙම කොහොමද .ඔය පරයලාට සමාව නෙමෙයි .එල්ලා මරණයට පත්කළයුතු අපරාධකාරයො .ඔ්කටලැජ්ජා නැද්ද සමාව ඉල්ලන්න .නගරවල අත්තන් ගන්න එන එවුන්ටත් ගහලා එලවපියවු ."
"Thanuja Chamari","https://www.facebook.com/thanuja.chamari.2025","නියම ඔර්ජිනල් බෞද්ධ කොල්ලෙක් තමයි ...👍👍👍👍💐"
"Tilakaratna Banda","https://www.facebook.com/people/Tilakaratna-Banda/pfbid0ZWpHCG3PyhuHd5wTpeKceE2cy6rkhK1v4zMe7s633vYvm8DgYeYvRyvdWysjq9ANl","Niyamai.porak."
"Anuruddha Dissanayaka","https://www.facebook.com/people/Anuruddha-Dissanayaka/pfbid0ZXud2Hb9G9NLej185y1SC6dH9ETh32Qp1P6q3UUqTZznjU6rpZcJxPWUE1n6vteLl","රට ජාතිය වෙනුවෙන් සටන් කරන හාමුදුරු ගොල්ල නැති කරලම දාපල්ලා තව අවුරුදු 50 කින්, 60 කින් සිංහල ජාතියට බබා හම්බවෙයි."
"Hasantha Kulatunga","https://www.facebook.com/people/Hasantha-Kulatunga/pfbid0b6LKz6WXxCGcfwpkza8gscjfaF7X8KKLBf7HRKuJ7P7ZFwwvk2JyTwTADe8duouJl","ජාති වාදියේ පියා"
"Eranda Saman","https://www.facebook.com/eranda.saman.5","ana palayan ballo yanna"
"Achala Peiris","https://www.facebook.com/achala.peiris.683788","🌷 ගෝත නිකාය නෙරපන්න ඔනේ කොන් කරන්න ඔනේ සමාජයෙන් 🚫🚫🚫🚫"
"Ajith Kumara","https://www.facebook.com/people/Ajith-Kumara/61553968673231","සුපිරි සිංහයෙක්, වදින්න ඕනි මිනිසෙක් 🤣🤣🤣🤣"
"Ranathunga Manike","https://www.facebook.com/people/Ranathunga-Manike/61553402720499","අදටත් ජාතිවාදය කරේ තියන් ඉන්න කෙනෙක්. වෛරයෙන්  ඉන්නේ."
"Niroshan Jayasundara","https://www.facebook.com/niroshan.jayasundara.2025","අනිවාර්යයෙන්"
"Senavirathna Watagodagedara Senavirathna","https://www.facebook.com/senavirathnawatagodagedara.senavirathna","ඔයමිනිහට කිසිම සමාවක් නොදියයුතුයි.උන්ට ඕනෑ රට ගිනිතියන්න ,රාජපක්ෂලාට කඩේ යන එකෙක්.ඔබට ස්තූතියි"
"Shirani Gunawardhana","https://www.facebook.com/shirani.gunawardhana.2025","රටට ආදරේ නියම මනුස්සයෙක්.."
"Chaminda Pathirage","https://www.facebook.com/chaminda.pathirage.589","Niyamai brother"
"Kusum Rodrigo","https://www.facebook.com/people/Kusum-Rodrigo/pfbid02PxFCQexaSoxwBDsDoKMeSgqo8d2XGiEgQUxC1jD8UuPukgro431V3PRb9o26R9BBl","නියමයි"
"Purnima Gunarathna","https://www.facebook.com/purnima.gunarathna.98","ඔයාගෙ කතාව සම්පූර්ණ  ඇත්ත.  ඔයා කහකඩයට සමාව දෙන්නෙ නෑ ."
"Paba Wickramasinghe","https://www.facebook.com/people/Paba-Wickramasinghe/61554786607219","Purnima Gunarathna"
"Shantha Gunarathna","https://www.facebook.com/people/Shantha-Gunarathna/pfbid032xmdS6GsYmNKgMJwsja9tCD9B9Aksjofrnbjve5m6QHr278KrquwzdCQMJukbGgKl","එයාට යන්නම වෙනවා"
"Nalinda Nanayakkara","https://www.facebook.com/people/Nalinda-Nanayakkara/pfbid034hTmpBnBM6ZaRuK2T1YhjGKQjdP2w9715ppCiYxV6QMoHZroQUyQsKDYdRQt9Htfl","මල්ලි උතුරු නැගෙනහිර  පන්සල්වලට යන්න දෙන්නැ බුදුපිළිමකඩල මේව කලෙත් හාමුදුරුවොද ? එතකොට පන්සල්වල දෙමල ම්නිස්සුන්ව  මරල වලදාල කියල දේසපාලකයො ප්‍රසිද්ධියේ  කියනකොට .සින්හලයන්ට කෙනහිලිකම්  කලාට අවුලක් නැද්ද ? වැදූ මවටයි තමන්ගෙ රටටයි දෝහි වනඑකා  වසලයෙක් .මේක තමයි ඇත්ත."
"Rafee Kaleel","https://www.facebook.com/rafee.kaleel.2025","We are one! Love ❤️"
"Upul Priyantha Warnakulasuriya","https://www.facebook.com/upulpriyantha.warnakulasuriya.5","කොහෙද බන් ඔය අමු සිංහලය කොටි ගහන කාකේ උන්නේ ඇද යටද"
"Janaka Basnayaki","https://www.facebook.com/people/Janaka-Basnayaki/61573113201643","මචං උඹ කියන ඒවා තරම් ගණන් ගන්න මේ ලංකාවේ සිහි බුද්ධිය තියෙන එකෙක් මේ සාමාන්‍යයෙන් හිතන්නේ නෑ...මේකට කමෙන්ට්ස් දාන්නේ නැතුව ඉන්න හැදුවේ මොකද මේ වැඩක් නෑ මේ උඹ කියන විදියට.මතක තියාගනින් මේක සිංහල බෞද්ධ රටක්..ජාතිවාදය නෙමෙයි මේක තමයි ඇත්ත"
"Msa Magthu Mohamed Nawas","https://www.facebook.com/msamagthu.mohamednawas","Neyamai"
"Dasanayaka Rajaguru","https://www.facebook.com/dasanayaka.rajaguru",",ඔය වගෙ පිරිමින්ට අපි ගරු කරන්ඩ ඔිිනැ,🌹"
"Uditha Indaka Diyasena","https://www.facebook.com/udithaindaka.diyasena","Kayiwarwa නැවතලා කියන්න ඕන ඩේ කෙටියෙන් කියපන්"
"Sakeer M. Zubair","","""වැරැදි කිරීම මනුෂ්‍ය ගතියකි සහ සමාව දීම දේව ගතියකි"" කියන ඒ ශ්‍රේෂ්ඨ කියමන වැරැද්ද යලි යලි කරන අය වෙනුවෙන් භාවිතා නොකිරීමත් කිරීමත් මනුෂ්‍ය වගකීමකි!"
"Jagath Eranga","https://www.facebook.com/jagath.eranga.2025","ී නැගෙනහිරට ගියාම තේරෙනවා අපි වෙනම රටක ඉන්නේ කියලා ඒක තමයි ඥානසාර හාමුදුරුවෝ කියන්නේ මුළු ලංකාවම නැගෙනහිරක් වෙන බව.අපි නම් ඤාණසාර හාමුදුරුවෝ කියල නෙමෙයි මෙහෙම දේේ ලියන්නේ."
"Sansan Ramanayake","https://www.facebook.com/sansan.ramanayake.5","රටට කෙළ වීම බොහෝ දුර නොවේ jvp නිසා"
"Yks Yatiwella","https://www.facebook.com/yks.yatiwella.7","අතිජාත සුජාත පුතෙක්"
"Anura Manuwendra Acharige","https://www.facebook.com/anura.m.acharige","ඇත්ත කතාව"
"Kusal Mihiranga","https://www.facebook.com/people/Kusal-Mihiranga/pfbid0JqjxzsPjCG3rfJzbKpyR1rwv2VuBnFkz2WTQsyq7KykakXZHnHs2tpfRR7gTSRy3l","Pissud ykoo sinhalayek nn ohom katha kraid"
"Ajith Silva","https://www.facebook.com/ajith.silva.393","නියම කොල්ලෙක් , තිත්තගල්ලෙ කහකඩයා අපෙ උතුම් සමිබුදු දහමට වගෙම රටෙි නිතියට අපහාස කරන කාලකණ්ණියෙක්"
"Gayan Virag","https://www.facebook.com/people/Gayan-Virag/pfbid02DMB4TEHssM8gvEXPqan3MMcBSCsSnZiCAgb8gPmm8tYgRwa8iTFo5J9niLnPL4zml","මොකද්ද බල්ලෝ කරපු හානිය. අන්තවාදියෝ ගැන ඇත්ත කියපු එක මොකද්ද වරද. සහරාන්ගේ කතාව බොරුද තොට ඒක පෙනුන්නැද්ද. උන්වහන්සේ කියපු බොරුව කියපං.එයා ජාතිය වෙනුවෙන් කතාකරේ. මොකද්ද අද අපේ ජාතියට වෙන්නේ."
"Sivaniah Haridas","https://www.facebook.com/people/Sivaniah-Haridas/pfbid0zFQ9iWEu3FFXtRSgZCo73ysuyCxPSkjBDXxhXBGgGZE5nhuuJwUYTtGrwnuDwByyl","He is supper man"
"Nandana Wijayawickrama","https://www.facebook.com/nandana.wijayawickrama","You are correct ✔️"
"Sumith Push Kumara","https://www.facebook.com/sumith.push.kumara","නියමයි සහෝදරයා නියමයි."
"Ariyawansa Jayasekara","https://www.facebook.com/ariyawansa.jayasekara.9","මොනසාරලටවත්.සමාව.අපි .දෙන්නෙ.නෑ. සිවුරු දාගත්තු හොරුන්ට ."
"Susila Marasingha","https://www.facebook.com/susila.marasingha.2025","ඔබ හරියටම හරි පු⁣තේ. මුට ජනාධිපති සමාව ලැබෙන්නේ නැහැ"
"Chandru Roy","https://www.facebook.com/people/Chandru-Roy/pfbid036NLAvibAyGjyma2zLVbEZjAtV7EaPoLZ4GPiJGvphNzj8PGSbQKonshM8ZKyqBChl","Kavaru monava issuvot api  lankikek vidiyata api imu"
"Rukshan Viyangoda","https://www.facebook.com/rukshan.viyangoda.3","උඹලට මෙි වෙලා තියෙන දේ තේරෙයි තව අවු 30 කින් විතර.එතකොට කියයි ඇත්තනේ අර හාමුදුරුවෝ ඒ දවස් වල කිවිවෙි කියලා.එතකොට නමි පරක්කුයි."
"Champika Padmakanthi","https://www.facebook.com/champika.padmakanthi","අනිවාරයෙන්"
"Madhawa Gunathilaka","https://www.facebook.com/madhawa.gunathilaka.75","Niyama manusayek"
"Aroshan Kumara","https://www.facebook.com/aroshan.kumara.90","Jeppo tika mare marulu miarak"
"AP Chamara","https://www.facebook.com/ap.chamara.3","ඇත්ත"
"Mi Mie Pieris","https://www.facebook.com/mi.mie.pieris","එකෙන්ම නියමයි ජයවෙවා"
"Piyal Jayalal","https://www.facebook.com/people/Piyal-Jayalal/pfbid02QrZGmjUd8rwdXBQhvNhneR8Uzjsj8EXh8AmGeFRCgyCF9AXqppTiJ26aVVF2Rz5zl","මෙි කථා නරන්නෙ අපේ අගමට විරැද්දවයි මෙි ගොතයා කොටි පිලිරැව තියනවා එවාටත් මොනවා හරි කියපන්"
"Mawita Renuke","https://www.facebook.com/mawita.renuke.1","ජාතිවාදය තේරෙන්නේ තව අව්රුදු ගානකින් දැන් ඉන්න කිරි සප්පයන්ට..."
"Padma Piyanthi","https://www.facebook.com/people/Padma-Piyanthi/pfbid0QwFj8uUCKrnZNhShV9oxED62spmmXNAaLGZbuCS1aFUtvudW3PGqLp99mzdZGjxfl","මට  නම් පේන්න බෑ  බුද්දාගමටත් නිගා කරනවා ඕවගේ අය හිරේ ඉන්නකන් රටේ මිනිස්සු  සැනසීමෙන් ඉදී"
"Amik Athapaththu","https://www.facebook.com/amik.athapaththu.2025","ඤාණසාර ⁣රෑට රෑට කෙරැව වැරදිවැඩ හැමදෙයක්ම උබ දන්නවනම් ගිහිම් නඩු දාපම් wsg pto මේකට ඇවිත් pka denne නැතුව. ඇතුලෙ ඉන්නෙ අධිකරණයට අපහාස කෙරැව එකට මිස උබගෙ අම්මට හික්කඩු ගිය එකට නෙවෙයිනෙ☹️"
"DM Dissanayaka","https://www.facebook.com/dm.dissanayaka.296841","තිත්තගල්ල,පාස්,ටු,ගලබඩ,අත්ත"
"Ranathunga Kumara","https://www.facebook.com/ranathunga.kumara.862057","Ane paka thoge Amma dipan"
"Nuwan Adikari","https://www.facebook.com/nuwan.adikari.982","පිනට කන එකෙක් කට වහපන් කියනවා..🤭🤭🫠🫠"
"Chanaka Bandara","https://www.facebook.com/chan.bandara.31","Supri kollek nemei pissu huththek  Thamange agama jathiya wenuwen kathakarana minissunta wiruddawa kathakarala nikan porawal wenna dangalana gothayek. Kond pana thiyena ekeknam sinhala kamata buddagamata wiruddawena euntai uthure LTTE pilima hadana euntai wiruddawa kathakaranna kiyapanko."
"Nihal Premarathna","https://www.facebook.com/people/Nihal-Premarathna/pfbid04Kx2uUFoUo6KhSig1BAyJm4YGEgVuhVcUpi31mejqx7dRjUnDyMmLCtnEBGCEt1nl","රටේ විනාශය වෙනුවෙන්... ප්‍රධාන තැනක් අරගෙන....බත් බැලයොත් එකක එකතුවෙලා ගොං වැඩ කරාපු මීහරකෙක්.... බේරාගන්න පස්සෙන් යන චීවරධාරීන් ට කතා කරන්න ඕන භාසාවෙන්...කතා කරපු එකත් වැරැදි කියන ගොං හරක් තාම ඉන්නව...චීවරයේ,,,හෝ ...පොලීස්/ආමි/ගුවන්/නේවි නිළ ඇදුමේ...ගවුරවය රැක ගන්න....ඒක දරාගෙන ඉන්න පුද්ගලයා දැනගන්න ඕන....පජාති වැඩ කරන වුන්ට කොහොමත් අපි ගවුරව කරන්න ඕනනෑ..."
"Arachchige Bulukandura","https://www.facebook.com/people/Arachchige-Bulukandura/pfbid0NWGHwG79oSpPTEtUQXWc88ttV2jcmDuMfucrddUMkfguCyNKbg6mufoFEoVMYrCEl","නියම පොරක් නිගන්ටයන්ට හොද.පාඩමක් කියලා දුන්නා.අපේ ආචාරය ඔබටයි මල්ලියේ."
"Sugath Vithanaarachchi","https://www.facebook.com/sugath.vithanaarachchi.2025","ආගම දහමට  ලැදි සියලු  දෙනා  දේශදෝහියොද."
"Indunil Samapath","https://www.facebook.com/people/Indunil-Samapath/pfbid02XdAhPZPWTjpz3VuzNS73fB29DQ6nu473WyT8j936e9pmRCF37aZBdkF7fmGaJKwGl","මොකද්ද පකෝ මුගේ තියෙන සිංහලකම"
"Newton Liyanage","https://www.facebook.com/people/Newton-Liyanage/pfbid0k4B48o3kzNExGWmTgmTpz7uRS4Z8FhuBP4EgP4HxdBEeK6buKopcA6w2xMeMjzxgl","ගලගොඩ ජඩයාට කිසිසේත්ම සමාවක් නොදියයුතුයි.ඔයමිනිහා මැදමුලනේ රාජපක්ෂ ජඩයින්ගේ උවමනාව ඉටුකරපු.කාලකණ්නි අපතයෙක්.ජාතිවාදය ආගම්වාදය අවුස්සමින් ජාතීන් අතර වෛරය ක්‍රෝධය සැකය අවිශ්වාසය ඇතිකරවමින් එකිනෙකා කුලල්කාගැනීමට සලස්වා කරපු විනාසය සුළුපටු නෑ. රාජපක්ෂ ත්‍රාඩයින් බලයේ ඉන්නකොට ඔය ගොබිලා මහපොලොවෙන් අගල් කිහිපයක් උඩිංහිටියෙ.රාජපක්ෂ නරුමයින්ගේ හයිය අරගෙන.කහරෙද්ද පලිහක් කරගත්තු මේ පරයා අනුර සහෝදරයාටත් භික්ෂූන්වහන්සේලා කිහිපනමකටත්. අනෙකුත් සිවිල් වැසියන්ටත්.භික්ෂූවකට කොහෙත්ම නොගැලපෙන අයුරින් කතාකලා.ප්‍රසිද්ධ මාධ්‍යයවල කැත නින්දිත අශිෂ්ඨ දුෂ්ඨ නීච සභ්‍යත්වයෙන්තොර ගෝත්‍රික වනචාරී ම්ලේච්ඡ තිරිසනෙක් විදිහටතමයි කටයුතුකලේ. මැදමුලනේ රාජපක්ෂ ජඩයින්ගේ වරදාන වරප්‍රසාද ලබාගණිමින් මේ නරුමයා කරපුකියපු දේවල්වලට.අනුරසහෝදරයාගේ මවගෙනුත්.භික්ෂූන් වහන්සේලාගෙනුත්.රටේ සමස්ත ජනතාවගෙනුත් ප්‍රසිද්ධියේ නිහතමානීව වැරදිපිලිගෙන සමාව ගතයුතුයි. මේ මිනිහා සර්පයෙකුට සමානයි.හරිවිදිහටනම් මේවගේ ජනතාද්‍රෝහී කාලකණ්නි නරුමයින්ව රටිං පිටුවහල්කලයුතුයි.නැතිනම් ප්‍රසිද්ධියේ ශාරීරිකවම ඉවත්කලයුතුයි.එසේකිරීමේ වරදකුත් පාපයකුත් නැතිබව කිවයුතුයි."
"Athula Bandara","https://www.facebook.com/people/Athula-Bandara/pfbid0eTbq1ELU325crLcfLJ8N3pnoacdBYnr2WYa8TvjXYrmLeMP1xpPyrptiniybFDnAl","නියමයි සුපිරි"
"Thilakarthna Jayakodige","https://www.facebook.com/people/Thilakarthna-Jayakodige/pfbid02vtMEZKPFYQUg1WkLbqCf3E7assY2nH2y6KUHGAxzJxz9JbfesRj3BGW79fbheEavl","ඕකව හිරේ දාන්නම ඕනෙ"
"Perumal Sivakumar","https://www.facebook.com/people/Perumal-Sivakumar/pfbid02EATneDjPhBXbW9WYbN1SsVzVLRUpscNP4k1a9pxf5FNZzU7YXrgtLRHUxC8RHVj8l","Superb bro"
"Anura Jayathissa","https://www.facebook.com/anura.jayathissa","Niyamai obata jaya ❤️❤️❤️❤️👍👍"
"Hinayathulla Khalid","https://www.facebook.com/hinayathulla.khalid.2025","eththe kathaave."
"Indika Roshan","https://www.facebook.com/indika.roshan.9693","සහරාන් කියන එකත් එහෙමයි බං"
"Upatissa Munasighalage","https://www.facebook.com/upatissa.munasighalage","Paka thama gon huththek"
"VL Liyanage","https://www.facebook.com/people/VL-Liyanage/pfbid02tywNYRM6xaSvjWdNuJe8cgxePgdFJmn2pYKb7khi4vYh7h3LkVtZb4uPhqNLLdZGl","සුපිරි චරිතයක්  හරි දේ හරියටම කිවා"
"Indika Bokotuwage","https://www.facebook.com/indika.kumara.357","Ane pala paraya"
"Pradeep Max","https://www.facebook.com/pradeep.max.9440234","Muslim kiyannema habai anith jathin mara danna one kiyala nabiya kiyala thiyenne qrane akane ahema wada karanne musalmanuwo"
"Vithanapathiranage Hemasiri","https://www.facebook.com/vithanapathiranage.hemasiri.5","සුපිරි සුපිරි gentlemen කෙනෙක් 👍👍👍👍👍👍👍👍🙏🙏🙏🙏"
"Padmaseeli Kpa","https://www.facebook.com/padmaseeli.kpa","Kaha.horu.bwuthda.nova"
"Pasindu Desilva","https://www.facebook.com/people/Pasindu-Desilva/pfbid0tQjqe2onAfSStf5V78Pbi5PEKiH6sVtv8HLRdQn3M7xPU3nVodmYCCpLQ1tgCMqkl","Palayan Kari hambaya ubalage okkoma Kari vada.. sakkili wada okkoma heli kale oya hamuduruwo thama.. hamba vesige putha..  Ubalage yatin gahana game.. Ubalage Kari wada okkoma kiynna giyoth ubalata waha Kanna wenne  Hambaya...  Bomba Gahala minissu marapu sakkili"
"Jayathilaka Herath","https://www.facebook.com/people/Jayathilaka-Herath/pfbid0pgPnsK39E5fBVHHrTMzmfSbvanfPRmEZwwDoD9khRCt7wK7CBzGySKQs6KXrjGxjl","කියන්ඩ වචනනැ මල්ලි ඔබට නයමයි නියමයා"
"Sunil Jaya","https://www.facebook.com/people/Sunil-Jaya/61591225850132","මුට,සමාවක්,දෙන්ඩ,එපා,ඇට,දෙකෙන්,එල්ලන්න,ඕනෙ."
"Srima Herath","https://www.facebook.com/people/Srima-Herath/pfbid0tqkNJSeAmBEwroE4aLU9nnA78nyS4sjMtRSGi4HW5khvRKqM39swJw3HUowcSAkGl","Apith baluva  niyama sahodarayek"
"Chaminda Ranawaka","https://www.facebook.com/chaminda.ranawaka.3382","Gu kana sakkili"
"Kumari Ekanayaka","https://www.facebook.com/kumari.ekanayaka.7792","Nimesh Ranasingha අනේ මන්ද මොනව තේරුම් අර ගෙනද කියල.වාද කරන්න ඕන  මෝඩ ,උද්දච්ච ගෑනියක්  ⁣රටකාපු හොරුන්ට ආ වඩන ඔයාල රට හදන්න හොදේ."
"Nimal Subasinghe","https://www.facebook.com/nimal.subasinghe.814767","කියක් හරි දුන්නම ඕන දෙයක් කියනවා නේද"
"Raja Ekanayaka","https://www.facebook.com/raja.ekanayaka.2025","මේකෙන් පේන්නේ අළුත් දෙයක් දැන් ඉස්සර වගේ රගන්න බෑ."
"Gamage K R Gamage","https://www.facebook.com/gamagekr.gamage","ඕකා නිදහස් කරන්න හොදනෑ .ඕකා සතා"
"Nishantha Bandara","https://www.facebook.com/people/Nishantha-Bandara/pfbid05HRoNRfK6Pp2tq7SkpP9tk2WTpn2GLekgrtCCi2qprPuPhaa4euLyCLocy4isz6yl","Niyamaye. Mally.supiry.oya.okata samawa. Dhennetha"
"Thilak Gunathilaka","","Supere kollek"
"Wasantha Kumara","https://www.facebook.com/wasantha.kumara.470501","ඕකව හිරේ දන්නෝනා සිඋර ගලවල ඔය වගේ පොන්න හාමුදුරුවරු තව ඉන්නවා බුද්දාගම කන මේක බුදුන්ගේ රට බූද්ද චීවරේ දාගෙන කරපු පව් ගෙවන්න ඔන. අඋරුදු විස්සකටවත් හිරේ දන්නෝනා"
"Sandeep Nishanka","https://www.facebook.com/sandeep.nishanka","Supiri kollek"
"M.B. Delwita","https://www.facebook.com/m.b.delwita","පිට කොන්දක් තිබ්බ එඩිතර කොල්ලෙක් රෙස්පට්  එකෙන්ම"
"Nuwan Gunathilaka","https://www.facebook.com/nuwan.gunathilaka.906","....good..niyamay..mare.maru.kiyanta.wachana.nehe"
"Dinesh Nandimithra","https://www.facebook.com/dinesh.nandimithra.2025","අනිවාර්යයෙන්ම මිනිස්සුන්ට මුල මතක් කරලා දෙන්න ඕන.මහසොහොන් බලකාය, සිංහලේ ....කෝ දැන් ඒවා.ජාතිවාදය අවුස්සන්න තමයි කට්ටිය උත්සාහ කරේ.ඒත් හරි ගියේ නෑ......"
"Ranjith Dewa Dewa","https://www.facebook.com/people/Ranjith-Dewa-Dewa/100009302612402","පට්ට මෝඩයෙක් ....මු ආගමක් දහමක් ඉගෙන ගෙන නැති විනයක් නැති එකෙක් විදියට හැසිරැනා"
"Lakshan Kannangara","","Ranjith Dewa Dewa ubala wage un thamai ban karume....jathiwade awulana harak"
"Ranjith Dewa Dewa","https://www.facebook.com/people/Ranjith-Dewa-Dewa/100009302612402","Lakshan Kannangara ජතිවාදය අවුස්සපු එකාට කියපන් අපි ජාතින් එකතු කරලා ආපු එවුන් උබත් එක්ක  මොකද ඇදන් යට හිටපු එවුන් උබලා ඒ කාලේ"
"Lakshan Kannangara","","Ranjith Dewa Dewa ela ela mama hithuwa umba ara නානසාරයට කඩේ ගියා කියලා..සොරි"
"Upul Wijerathna","https://www.facebook.com/people/Upul-Wijerathna/pfbid02ezwhqQgitKvfULDFeJdXcZuXhv36qbmwMbbLNJpB3qwz66KKFPq1prmC5RGBMBL2l","මේ ගොට්‍ය සිංහලුන් දැකලා නෙහෙ. යකෝ oya කල්ලතෝනි"
"Vijaiy Pirabagar","https://www.facebook.com/people/Vijaiy-Pirabagar/pfbid0fWRzfMN2ygJkgowNKGvLdDaZNXy5ui9uR5JJQXnBLg1f1yuLcQCLHCGwEtMRQZdfl","அண்ணா உண்மை"
"Ruwani Dilrukshi","https://www.facebook.com/ruwani.dilrukshi.129","නියමයි  සහෝදරයා  ඔහොම තමා අමතන්න ඕනි"
"Sunil Shyama","https://www.facebook.com/sunil.shyama.2025","ණියමයි පුතා නියමයි"
"Ruba Liyanage","https://www.facebook.com/ruba.liyanage","Jaya wewa God bless you"
"Lakshman Lakshman","https://www.facebook.com/lakshman.lakshman.644193","අනිවාර්යයෙන්ම  ♥👍"
"Mohamed Riswan","https://www.facebook.com/people/Mohamed-Riswan/pfbid02tsGzC4JrL31VsYDmD1cfDinVjdSCg5LiNHfUnvU1HjTYQk6FJJnAGhF6E3wVF3zgl","Moo napuru satha bayanakai danno dhenaganing"
"Susantha Padep Keerthi Keerthi","https://www.facebook.com/susanthapadepkeerthi.keerthi","Khada ban porak wanna"
"Chandani Wicramarachchi","https://www.facebook.com/dilina.sahan.79","හරියට හරි ,පුතේ  ඕකාට  සමාව  දෙන්න  හොඳ  නෑ"
"Sampath Thushara Gunarathne","https://www.facebook.com/sampath.gunarathne.982","ශාසනය රකින අපේ ස්වාමින් වහන්සේලාගෙන් අවසර, දෙශපාලන  හිගන ගනයොන්ට මේ රට කන්න දෙන්න බැ.. නැගිටින්නට .. සැප ගන්න ගනයොන්ට වඩා ,අනාගත පරපුරක්  අපට වටිනවා .."
"Priyangani Perera","https://www.facebook.com/priyangani.perera.623294","Munnam kaha siuru porawan inna hora nadayak wagei"
"Nita Fernando","https://www.facebook.com/people/Nita-Fernando/pfbid0PPA2Khp8RUfvuh2wwRKji3GHTRCUbbrqv15da4gStGW3zrMNFrFTnb4VobDKegCgl","ඵකෙන්මඔබහාරි"
"Manjula Sajeewani","https://www.facebook.com/manjula.sajeewani.230119","නියම කළු සිංහලයෙක්.. 👍"
"Kapila Don Athalage","https://www.facebook.com/kapila.don.athalage","ඔයාගේ කතාව හරි මල්ලි මෙයාට සමාව දීලා එළියට දාපු දාට පහුවදා ඉඳලා ආයේ ජාතිවාදයම තමයි තමයි. දාන්නම ඕනේඇතුලටමයි"
"Aruna Shantha","https://www.facebook.com/aruna.shantha.521665","U wal ballekne bn"
"Hashi Arachchi","https://www.facebook.com/people/Hashi-Arachchi/pfbid02sugtLu9ZnbJZhG2E74SVTqHqtjsfXXhPy4zCUffm4EoJidTr7fB2mEmHKvkVuFdwl","Aruna Shantha"
"Tony Wijerathna","https://www.facebook.com/tony.wijerathna.2025","නියමයි සහෝදරයා මමත් උබත් එක්ක ❤️❤️❤️❤️❤️"
"Dhanapala Basnayaka","https://www.facebook.com/dhanapala.basnayaka.2025","නියමයි නියමයි....!!!"
"Anurudda Kelum","https://www.facebook.com/anurudda.kelum.9","Me wage kala kanni inna hinda thamai Anith un apita kelala  yanne"
"Suren Selladurai","https://www.facebook.com/surenselladurai.suren","அருமையான  பதிவு 👏👏👏👏👏👏👏👏👏"
"Sarath Hettiarachchi","https://www.facebook.com/sarath.hettiarachchi.502802","ගින්දර  අනුභව  කලානමි  අගුරැ මළපහ  කරපං ."
"Champika Gamage","https://www.facebook.com/people/Champika-Gamage/pfbid0AbjD2ZH5szQ298idnkhbs2kERqb15KaSctXgMfDHCFKE38S9HGxpLBtJMHKTM3V1l","Aniwarayen"
"Najith Kumara","https://www.facebook.com/najith.kumara.796","Okunta gahala pannanna one"
"Ka Priyantha","","Dannanam epa"
"Chandani Seneveratna","https://www.facebook.com/chandani.seneveratna","Pinata dena deyak kaala පන්සලට welaa ඉන්නවා"
"Paba Wickramasinghe","https://www.facebook.com/people/Paba-Wickramasinghe/61554786607219","Chandani Seneveratna"
"Jayantha Kumara","https://www.facebook.com/people/Jayantha-Kumara/pfbid0DB8Q93PsjDAC4HvhWRMgfPK3DaKj5rZ8XuZvjBxHZThEhCPao3e675NbyAjHFrCzl","Niyam Me"
"Dayalal Gunathilaka","https://www.facebook.com/dayalal.gunathilaka","Niyamai සහෝදරයා"
"Diyana Jayapathma","https://www.facebook.com/people/Diyana-Jayapathma/pfbid02zpbgctnDqPRxrDtJ2yVjP6Kq9C9RM1woYjNqYXj2y1LuMrtjamrguTAu72FPBorWl","කල්ලතොනි  කුතාඩියා"
"Ajith Kumara","https://www.facebook.com/people/Ajith-Kumara/pfbid0QBTiddpa3kR7z3NR4Rfoaw19r3WrCLmkj6SXaawcQWtVE28mYaoKKMSAEgVXbtsgl","Pako thoge ammata hukapiya keri pakaya"
"Janaka Athapattu","https://www.facebook.com/janaka.athapattu.332","කල්ලතෝනියෙක්"
"Pushpa Kumara","https://www.facebook.com/pushpa.kumara.423293","කාලකන්නි පකෙක් මුස්ලිම් දෙමල උන් ජාතිවාදය අවුසනකොට කෝ මේ පින්පියො."
"Pradeep Pushpakumara","https://www.facebook.com/pradeep.pushpakumara.9231712","කාලකන්නි අවජාතකය නිගණ්ඨයෙක්."
"Ranjith Jexan","https://www.facebook.com/people/Ranjith-Jexan/pfbid02x1skEvE2Zdrz7Gn9XLxxU8p5qn85mY87oXtMaaaLBPPtRt16x4juTFjYkJRLNqKgl","Supiri Malli adharaya...."
"Nawarathna Kapila Prabath Gajanayaka","https://www.facebook.com/people/Nawarathna-Kapila-Prabath-Gajanayaka/100089170866378","Jathiwadinta samawak natha"
"Mala Vithana","https://www.facebook.com/mala.vithana.2025","Jayawewa"
"Adirisuriya Kumara","https://www.facebook.com/adirisuriya.kumara","දිනීපන්ගේ ස්මාරකයකුට ඔය වීරයට යන්නේ කියන්න එපායන්න එපා වූ"
"Priyantha Udayasiri","https://www.facebook.com/priyantha.udayasiri.121","ඕකා සිවුර දාගෙන බඩුගහනවා ගොරකයා."
"නෙතු නුවරපක්ෂ","https://www.facebook.com/people/%E0%B6%B1%E0%B7%99%E0%B6%AD%E0%B7%94-%E0%B6%B1%E0%B7%94%E0%B7%80%E0%B6%BB%E0%B6%B4%E0%B6%9A%E0%B7%8A%E0%B7%82/pfbid0o5EkmftVAhZNnJzPvuf3tMsyA5HVe5p7c9shhc4qkgeGFp2gQKJhpHV4nBNiArrvl","⁣පල හම්.බයා"
"Juliet Thennakoon","https://www.facebook.com/juliet.thennakoon.2025","ඔබ අපේ රටට සම්පතක්"
"Samaraweera Samaraweera","https://www.facebook.com/samaraweera.samaraweera.31945","අපිත් ඒ තරුණයා කළ  අදහස උත්තරිතරයි ඔහුට ශත්තියක් වෙමු"
"Namal Athapaththu","https://www.facebook.com/namal.athapaththu.39","Excellent  son"
"Chinthaka Rajapaksha","https://www.facebook.com/people/Chinthaka-Rajapaksha/pfbid0jXV9Zqy67tMXQzQqphP6sJeJUvkkXVi2uNaeDsYifet2NKSF7gc3oe6AVdxNsGW2l","සුපිරි පොරක් රටට ආදරේ කරන."
"Shirly Fernando","https://www.facebook.com/people/Shirly-Fernando/pfbid0USiKJUYKstrU2GKtXmxh6j1qZ4i41w5X2LNRHSA3AV1bzxt68tM4pUPXbXJiKoW4l","සුපිරිම කතාව සහතික ඇත්ත"
"Nirosh Ranga Weerawarna","https://www.facebook.com/nirosh.ranga.weerawarna.2025","තිත්තගල්ලගෙ  නිවස  වහාම චෙක් කලොත් නානසාර  සොයාගන්න පුලුවන් වේවි. ඕකුන් ඔක්කොම එකම කල්ලියේ ජාතිවාදය  ,  ආගම්වාදය පතුරුවා සමාජය නන්නත්තාර කරන එවුන්.මුන් වැනි එවුන් සමාජයේ ගැවසෙන එක අතිශය භයානකයි."
"Nihal Kumara","https://www.facebook.com/nihal.kumara.693725","No bloaw ganadara hsmuduruwanta samawa diya yothumai"
"Roshan RM","https://www.facebook.com/roshan.rm.363213","Ela kolla supiri oyanam ❤️❤️❤️❤️❤️❤️❤️❤️"
"Kumudu Hewawitharana","https://www.facebook.com/kumudu.hewawitharana.2025","මෙයාට ජනාධිපති සමාව දුන්නොත් රටටම සාපයක් වේවි. ආගම්වාදය...ජාතිවාදය ගැන කල්පනාකරන්න වෙයි. පහුගිය කාලේ වුනු දේවල් අමතක වෙන්නේ මැරිලා ඉපදුන අයට විතරයි."
"Gamini De Alwis","https://www.facebook.com/gamini.de.alwis.2025","ජයවේවා මල්ලී.නියම කතාව.කොන්ද පණ ඇති කොල්ලෙක්.ජයවේවා."
"Sujith Ranasinghe","https://www.facebook.com/sujith.ranasinghe.650310","Niyamai..a..l..boo"
"Nisantha Maturangadara","https://www.facebook.com/nisantha.maturangadara","ane palyan pako yanna tho thambiyekda"
"Indika Ruwan","https://www.facebook.com/indika.ruwan.286051","Dawasaka therei සුළු ජාතීන්ගේ ආන්ඩුවක් ආපුවම හාමුදුරුවෝ මොකක්ද කිවෙ කියල.අපේ හාමුදුරුවන් අපිට වටිනව හම්බ සින්හල හැත්තk innawane තාමත් .ඉතිහාසයේ unna wagee.ලෙයට ka wadunu සිංහල බෞද්ධ ජනතාවට mage pranamaya.🙏🙏🙏"
"Kasun Kolabage","https://www.facebook.com/people/Kasun-Kolabage/pfbid0EHLuEDBMcLF5df4NwkKo4cdNvqLhKfSgRxsrpu82mmP6Byhf2apXWU8G8eqdTfu8l","Malimawe baiyek kiyala therenawa"
"Wajira Kariyawasam","https://www.facebook.com/people/Wajira-Kariyawasam/pfbid0WJ4pbhSnU5ZvketHEnbs9Q2BhM1tKLFTkRvSVacSo6vjEacQuM3p4KMuyL5mSEX3l","කතාව නියමයි හලකිරි"
"Nishanth Mountijean","https://www.facebook.com/nishanth.mountijean.5","Good 👍👍👍 News"
"Ranjan Pradeep","https://www.facebook.com/ranjan.pradeep.391","හාමුදුරුවෝ කරපු වරද මොකක්ද?"
"Chandra Praba.","https://www.facebook.com/prabagar.2023","Samava dunnoth.parana vidhiyatama karai. mevage thava thava missu bovei.rata hadhanna beha.obata thanks bro."
"Sayani Sayani","https://www.facebook.com/sayani.sayani.726999","Aniwarang     mathakada   kandiy     digana  muntamai"
"Rivijith Prasanga","https://www.facebook.com/rivijith.prasanga","Machan ea kolla supiri u gogak iwasimen katha kala mama eathana hitiyanam hamuduruata gahala melahakata hire budusarani jayawewaa"
"Sarath Chandra","https://www.facebook.com/people/Sarath-Chandra/pfbid02qTc5szbg97967gJWBbsw1jzpicqHxf2fb4rVrSyVoHBSjPHerVLciyom6R6FDZQdl","Thithayata pissu"
"Gamini Samarakon","https://www.facebook.com/people/Gamini-Samarakon/pfbid0rvgVzL5NcRm5NLwRAP8Sei4qXV6u3wDHotmLenYecXMuBiCtbXjukoFWbCn9bNc1l","Un Wahanse Kiyanna Lajjai❓️Wadayakne"
"Gihan Indeewara","https://www.facebook.com/people/Gihan-Indeewara/pfbid0ToUMmNBBJaLcVa2ud1Qr91rvEovjzBmtN27sQztDmd7zxYs3Kmqi3ASZpMTySL4sl","ඩෝබියෙක් කියල නම් පේනවා"
"Wadige Manuja Krishanthi","https://www.facebook.com/wadige.manujakrishanthi","ඔය හාමුදුරුවෝ ප්‍රසිද්ධ උනහම උපන් තැනත් අමතක වෙලා කිව්වෙ ගම මාතර කියල ඒ කාලෙ...😀😀"
"Indika Rajapaksha","https://www.facebook.com/people/Indika-Rajapaksha/pfbid028PQWCSCqTEFUg1wVMqbmeqVVDkQ2yhd1FqFvHAxDAae6Sgf5PFxmXvjZ6JM2xnsjl","ඔය තිත්තගල්ලේ වගෙ අය ධර්මය උගත් තක්කඩි. මේගොල්ලන්ගෙන් තමයි පරිස්සන් වෙන්න ඕන. මොකද ඔය ධර්ම දැනුම මේගොල්ලෝ පාවිච්චි කරන්නේ තක්කඩි කමට. මොකද නාමල්ට කඩේ යන්නේ මෙයාගේ මෝඩ කමට නෙමෙයි. මෙයා ඥානසාරට කඩේ යනෙත් මෝඩකමට නෙමෙයි මෙයා දන්නවා ඔය දෙන්නගේම කෙරුවාව. මෙයා අවස්ථාව ප්‍රයෝජනයට අරගන්නවා. ඒ එක්කම කැකිරාවේ හාමුදුරුවෝත් පාවිච්චි කරනවා මොකද කැකිරාවේ හාමුදුරුවෝත් මේවෙලාවේ අසරන වෙලානේ හැබැයි මෙයාගෙ ගැටේට ඒ හාමුදුරුවෝත් අහුවෙයි වගෙ"
"Chaminda Prasad","https://www.facebook.com/chaminda.prasad.359","Ma kaha kadayat tanamalvila ekaassanak gannakiyapan hu...."
"Nirmali Fernando","https://www.facebook.com/nirmali.fernando.355","රාජපක්ෂ family එක ලංකාවේ විනාශය කරන්නේ  😡🤯😱😡😡😡"
"Jana Mex","https://www.facebook.com/jana.mex.79","Den mahindage kale wahallu ne thama siuru dala Inna horu tikak innawa budu dahamata agaurawa karana"
"Renuka Kariyawassm","https://www.facebook.com/renuka.kariyawassm","මොන සුපිරි පොරවල්ද බං උඹල තමයි මා අර අමු ගවයෝ කියන්නේ. තොපට මොළේ අර බලහං උඩහ පළාත් වල ගිහිල්ලා කෙලින රණ කෙළි එතකොට මුස්ලිම් මෙවුන්ට අර එකතු වෙලා කරන හිස නැමැති සිංහලයා සිංහලයා සිංහලයට මේ හාමුදුරු කරපු සේවය දන්නැද්ද රට ජාතිය ආගම බේරගන්න අන්තවාදින්ගෙන් වෙන දේවල් තමයි සොයා බැලුවේ. තොපිත් නියමන්තවාදිලි තොපට දරු මල්ලු නැද්ද රට රැකගන්න තොපේ අනාගත පරපුර කොහෙද ඉන්නේ එතකොට ඈ තොප්පි වගේ කාලකන්නි ඉන්නවනේ වෛර කරන්න සිංහලයා සිංහලයටම වෛර කරන සාක්කිලි තොපි නියම බෞද්ධයෝද"
"Ranjith Bodinarayana","https://www.facebook.com/people/Ranjith-Bodinarayana/pfbid0aJgdyP2jthFWZbcLi3BhjJXXgN5TQ8Zn72CiCJ4sVfYJfWF3kuDXP6hZq6fYcBc3l","ඔය නානසාර කියන අවලං චීවරදාරියා තමයි රටේ,ජාතිවාදය,ආගම්වාදය,ජනතාව අතරට ගෙනත් රට ගිනි තියන්න උත්සාහ ගත්තෙ.වඳ කොත්තු,වඳ බ්‍රෙසියර්,අනික තමයි තුන්මුල්ලෙ විමලා.රටට ගිනි අවුලලා  ඔවුන් දෙන්න පොරවල් වෙන්න හැදුවෙ.ඔවුන්ට කවදාවත් සමවක් නොලැබේවා!!!!"
"Rajagobal Pragashraj","https://www.facebook.com/rajagobal.pragashraj","Niyamai.janathawa aye modawada karaida?"
"Sumanapala De Silva","https://www.facebook.com/people/Sumanapala-De-Silva/pfbid0AaRDsMrtaU2qxDXXajpLtbtUfcu1NWNJECjKaTYvaZ7t2sKQxG2MeAAeGAohLcr6l","ඇත්ත කතාව, දැන් රෙද්දේ රෙවිලා ඉන්නේ,.."
"Moris Senanayaka","https://www.facebook.com/moris.senanayaka","uba kauda. p"
"Nadeera Anthony","","Aththata mokakda bn a hamuduruvo sinhala unta karapu warada...."
"Janaka Abepitiya","https://www.facebook.com/janaka.abepitiya","පිස්සු ද මොඩයෙක්"
"Kalum Kalum","https://www.facebook.com/kalum.kalum.624840","Woow ela ela"
"Lilith Chandrasiri","https://www.facebook.com/lilith.chandrasiri","Supiri aiye"
"Wijayananda Kularathne","https://www.facebook.com/wijayananda.kularathne","සහෝදරයා  නියමටම  කතාවදෙනවා,  සුපිරියි"
"Ahamed Khan","https://www.facebook.com/people/Ahamed-Khan/pfbid02tvSgHwCKFTiXiP6a8S18gCU437t2s5g8wF2bqmF4BWDj2WEdVtquURMmfpp1vRL1l","Supiri.kathaava"
"Wilsan Ranasingha","https://www.facebook.com/wilsan.ranasingha","අහිංසක ජනාදිපපති තුමා සමහහරවි ට සමාව දෙන්න ඉඩතියෙනවා නමුත් ජනාදිපතිතුමා පත්කලේ අපි එනිසා එකට අපිවිරැද්දයි  එනිසා අහකයන දේවල්වලට ඔබතුමා සමිිබන්ද වෙන්න එපා ඒක අදිකරනයවට බාරදෙන්න"
"Pradeep Rodrigo","https://www.facebook.com/pradeep.rodrigo.31","ඔකා සංගෙයක්ද"
"Spidar Bro","https://www.facebook.com/spidar.bro","Janadepate සහෝදරයා මේ ape ඔබ තුමාට ❤️❤️ nesai keyanne මේ චණසරයව nedahase කොලත් ඔබ තුමා කරගන්න ලොකුම මෝඩ kamake eka වෙන්න දෙන්න epa එහෙම උනොත් hebei meka herema enna ඕනේ සක්කෙලේයෙක්"
"Nishantha Dhammika Bandara","https://www.facebook.com/nishantha.dhammika.397","සුපිරි ආ"
"Tissa Ekanayaka","https://www.facebook.com/people/Tissa-Ekanayaka/pfbid02cmK2SqpEustuFutpwAFrTmSDgDozmbTChRVTYvaxkULUpmihQZzTBBtGS5yzSCWYl","Supiri kathawak jaya wewa🎉🎉🎉🎉🎉🎉🎉🎉"
"Susil Sooriyaarachchi","https://www.facebook.com/susil.sooriyaarachchi.2025","Niyama kollek  okage kahakade  oluwenma  galawanna onyyy"
"Yms Banda","https://www.facebook.com/yms.banda","නියම ශ්‍රී ලාකිකයෙක්"
"Manula Priyankara","https://www.facebook.com/manula.priyankara","Sudheera Wanisundera අනිවාර්යයෙන්"
"Nanda Siri","https://www.facebook.com/people/Nanda-Siri/pfbid02Eh9fmwAxj3ZH7oBj6bYfEB8HyiTacu7RFEnmPSPGztZEGRdXr5tKByj5HPcAN2ctl","ආදරේයි.යාලුවා.ගැමිම.තමයි.එකේන්ම.එල.රත්තරං"
"Manjula Nanayakkara","https://www.facebook.com/people/Manjula-Nanayakkara/pfbid0fdCiPvA4YAieEDipLr1MJCZxmPSeG8Xw3ZvifZGagtxK1BnekujtQziYzCfzsKv2l","Ane pala gon huththige putho yanna tho mona gonekda"
"Sarath Lokuge","https://www.facebook.com/sarath.lokuge.31","ඔබ හරි 👍"
"Nimal Perera","https://www.facebook.com/people/Nimal-Perera/pfbid0fDWCKwNy5aPTEpzNJoUdzEeMzWrprwwkVhiHftCjTeTZFSrXe3RdLSsScfmvkAznl","සිංහල බෞද්ධයයි කියාගන්නා නරුමයින් උන්වහන්සේට දොස් පැවරුවාට ඒ හඬ නිසා අදටත් බුදු දහම නිරපපද්‍රිතව රැකී තියෙනවා.මුස්ලිම් අන්තවාදය ක්‍රිස්තියානි අන්තවාදය පිළිබඳව මුලින්ම කතා කළේ උන්වහන්සේ පමණයි.අස්ගිරි මල්වතු අය නිදාගෙන සිටියදී මුන් වහන්සේ පමණක් හඬ අවධි කලා.ප්‍රතිඵලය අවසානයේ හිර බත්කෑම.මේ වගේ නිරාගාමිකයින්ට සතුටු ඇති."
"Gamage Ruwansanjiwa","https://www.facebook.com/gamage.ruwansanjiwa","අනේ පව් අනේ රැකගන්න ඕන හිරේ දාලා සිවුරට වටිනා මනුස්සයෙක් නේ 🤣"
"Ganeshan Murugesu","https://www.facebook.com/ganeshan.murugesu.7","Super this carkt pro 💯"
"Aj Styles","https://www.facebook.com/people/Aj-Styles/pfbid0z2WiYbBVVevb2JwCxXWYVL5dq4emRLie8RH8ZfBY3XCodq7pMT1HMRfetAzrYwhFl","Eththtama supri pora"
"Upali Athukorala","https://www.facebook.com/upali.athukorala.395","Niyama sihalayek niyamai"
"Iraqis Freedom","https://www.facebook.com/iraqis.freedom.2025","මේයාල මේහාමුදුරුද?"
"Rajantha Lakmal","https://www.facebook.com/rajantha.lakmal.3","Iraqis Freedom  ඔව් ඇයි එතකොට පල්ලි වලින් උගන් වන්නෙ වහබ් වාදය නම් ශරියා නීති නම්  ඒ උගන් වන්නෙ මොනාද  ස්වාමින් වහන්සේ නමකට ආගමට ජාතියට කතා කරන එක ජාතිවාදි නෑ එනම් මුස්ලිම් කෙල්ලෙක් සිංහල කොල්ලෙක් බැන්දානම් බලන්න තිබ්බා සහොදරත්වයේ ප්‍රේමය"
"Rukshana Rukshana","https://www.facebook.com/people/Rukshana-Rukshana/pfbid02BteQAN8KJvd6ePnSeJg44i5mcqGni1upLWkPfc8gNgT8LTQZaumnLwrMYrVEgBLpl","Ammo sathika hettha.."
"Chanaka Ruwan","https://www.facebook.com/chanaka.ruwan.9655","Oya kalaknniya sinhala kiyanne kohomada yako"
"Bandula Weerasooriya","https://www.facebook.com/bandula.weerasooriya.2025","Kalakanni AWAJATHAKAYAN innawa"
"Elmo Wimalarathne","https://www.facebook.com/elmo.wimalarathne","Marvelous  explanation .... Thank you  and  Our respect !"
"Nilanga Kumara","https://www.facebook.com/people/Nilanga-Kumara/pfbid0hp71nBX5Tsw3KdDLJKoRB9qhuFqXkhZAK6B4BTUMZWyiJdFbavbiZnZWkbUcYuxKl","රියල් පොරක්"
"Isuru Udayanga De Silva","https://www.facebook.com/isuruudayanga.desilva","ඔබේ මගුලක් හොයාගනින්..ආනික Jpp ආගමක් දහාමක් නැ"
"Dpm Herath","https://www.facebook.com/dpm.herath","හරීයටම හරී ආගම රටෙ නීතීයට වඩා ඉහලීන් තීයන්න බැහැ සංගයාට ආවෙනීක දෙවල් වලට ඔබ්බට ගීහීන් කරන වැඩ නිසා තමයී ඵදා ඉදන්ම රටට හෙනේ"
"Nimal Rajarathna","https://www.facebook.com/nimal.rajarathna.777","මේ   ගනයන්ට  සිවුර  ගලවල  මහපාරෙ  ගහන්න  ඕන"
"Isuri Ranasinghe","https://www.facebook.com/isuri.ranasinghe.5076","Aniwaryenme sahodaraya muwe hiragatha karannama ona nanasara"
"Rasika Ranathunga","https://www.facebook.com/rasika.ranathunga.16","ඇත්ත්"
"K Kavichandran K Kavichandran","https://www.facebook.com/people/K-Kavichandran-K-Kavichandran/pfbid036sGjNRbSzMFibFx87SdpFXc6wxpgzon37BjeBaFT8x14JCNYZHV7WptgL9SWNzJql","වටිනවා"
"Hema Hema","https://www.facebook.com/people/Hema-Hema/pfbid026Ved3X4EbrsjwBRdmGcLwQHAp4SjYrDRafaoqcyY14Dz1iE4tUgsxZsLSRJ6hcM4l","නියම කතාව"
"Saman Kumara","https://www.facebook.com/saman.kumara.16867","Topakokatadapukadenne.keripakayawaraapegamata...towaaelllnawapako"
"Prasanna Liyanage","https://www.facebook.com/people/Prasanna-Liyanage/pfbid0HkQ7Y61LuEf9Y9hqnbAW4dgST3aD4BNX1HdKXmyz6k74VW5gcLMsfJ26JNWNwiVyl","Super supiri elakiri porak baiyanta revena kalayak"
"Prasa KG","https://www.facebook.com/prasa.kg.172776","Sudage jathiye akek jathakayak nathi mun me camra essaraha werayo wenna dagalanawa"
"Priyanthi Themiyapala","https://www.facebook.com/priyanthi.themiyapala","අත්සන් කෝටියක් ගත්තත් ඕකව ජනාදිපති සමාව ලැබෙන්නෙ නැ"
"Mam Sameem","https://www.facebook.com/people/Mam-Sameem/pfbid0ajN93wxhsCuM4RBKB4UoDEwtFkwCjXp63tZbERUfG6PMRxx3rW2nFeaiL4vnGccFl","NOO GOOD MAN"
"Kumari Kumari","https://www.facebook.com/kumari.kumari.513601","Aniwaryeen"
"Sujani Lalani","https://www.facebook.com/sujani.lalani","නියම. සිංහලයාතමා"
"Kda Ranasingha","https://www.facebook.com/kda.ranasingha","වැඩක් නැහැ කතා කරලා"
"Aroos Bhai","https://www.facebook.com/aroos.bhai.2025","Aniwaramma Arrested yana sara thera ❤️❤️"
"Kumari Athukorala","https://www.facebook.com/kumari.athukorala.2025","ඔය මනුස්සයා  සදාකල් හිරේ තිබිය යුතුයි"
"Anil Perera","https://www.facebook.com/anil.perera.98434","සුපිරි කොල්ලෙක් බං උඹ Excellent"
"Anjali Wpd Anjali","https://www.facebook.com/anjali.wpdanjali.9","හාමුදුරුවන්ට අපහාස කරන්නේ නැතුව පලයල්ලා බං හාමුදුරුවෝ කෙලින් කතා කරන රටට ආදරේ කරපු හාමුදුරු නමක්🙏❤️🌹🙏❤️🌹🙏"
"Suriya Kumara","https://www.facebook.com/suriya.kumara.104232","Ela bn ela ohoma thmai katha karanna ona unta"
"Mohamed Shafied","https://www.facebook.com/people/Mohamed-Shafied/pfbid0qzBjyCTqMUYNx7n6RaDbtAtgmEGerGQFhPZKd3AttU5syaeXaY3eXAc6GyuZdc5Zl","Okata atsam karanne jatiwadayo???"
"Sudarshana Ranasinghe","https://www.facebook.com/sudarshana.ranasinghe.5","Muta samawa neme udaw karana unta kanna denna honda na"
"Priyal Dhammika Inguruwatte","https://www.facebook.com/priyal.inguruwatte","තිලීපන් පිළිමයක් අනුරාධපුරයෙත් හැදුවනම් මීට වඩා නම්බුකාර යි... තමන්ගේ ජාතියටම කෙළවන උන්ට කියන නම මොකද්ද සහෝදරයා? වැඩි කතා ඕන නෑ ඒ වචනේ විතරක් යටින් කොටන්න...  වැරදි දෙයක් කළාම හරිදේ කරනවාට වඩා ඉක්මනින් මිනිස්සු වැළඳගන්නවා ඒක තමා මතුපිට ස්වාභාවය... උඩින් අළු වුණාට යටින් ගින්දර කියලා පේන්නේ හරිම අතලොස්සකට. ඒ අතලොස්ස පිස්සෝ ජාතිවාදියෝ කරදරකාරයෝ විදියට බහුතරය දකිනවා. කාලයක් ගියාම තේරුම් ගන්නවා යකෝ මූ කියලා තියෙන්නේ පැහැදිලි සත්‍යයක් කියලා... එතකොට පෙරහැර ගිහිල්ලා...  බොරුව ජනප්‍රියයි සත්‍යය අප්‍රකටයි...  ජයවේවා...   ජනප්‍රිය සියල්ල යථාර්ථය නොවන බව වටහා ගන්න කාලයක් යාවි... එතකන් බුකියේ උඩ දාගෙන නටන්න..."
"Chandana Dasanayaka","","සුපිරි අයියා🔥"
"DS Gami Sisila","https://www.facebook.com/people/DS-Gami-Sisila/pfbid0mSE1jMGZV3XAvPszsBBnFugyibgQotjPUwsqgaQdrPWTYMEzZzLXkeibEge8irPKl","ඔයාගේ වෝල් එකේ තිලීපන්ගේ ස්මාරකය ගැන නැතුව අණෙක් ඔක්කොම තියෙනවා නේ..."
"Priyantha Kumara","https://www.facebook.com/priyantha.kumara.774269","Awajathaka jeppek"
"Fredy Silva","https://www.facebook.com/fredy.silva.385457","Konda Pana Athi Singha Patiyek, wasanawn"
"Suresh Ranjana Mahanama","https://www.facebook.com/suresh.ranjana.mahanama","අනේ ලංකන් හමාස් පැටව් ඔයාලා ඔයාලගෙ මරාගන මැරෙන්න ඉන්න අය ගැන බලාගන්න"
"Mohamed Fiyaz Hussain","https://www.facebook.com/mohamed.fiyaz.39","Ma Sha Allah"
"Priyantha Karunathilaka","https://www.facebook.com/priyanthanedungamuwa.nedungamuwa.3","ආදරෙයි  respect  මිත්‍රයා සහෝදරයා"
"Vithanagea Chandana Gv","https://www.facebook.com/thilina.dinesh.984","Aaa bun Dan cristiyani palli walata Bomba gahuwea  hamuduruwo nisada"
"Ems Ems","https://www.facebook.com/ems.ems.567930","පෙර පැවති රජයන් කාලයේ වරදකරැ ලෙස සිරදඬුවමි කලා  නිදහස් කලා...????  එය නීති ගරැක නොවන නිසා නැවත නඬුව කැදවා කටයුතු කරන්නේ   නිතිය සැමටම සමාන බැවින් මෙලෙස කරනු ලබන්නේ නැවත මෙවන් දෑ සිදුනොවන්න.. එලෙසම නිදහස් කල අය කල වරද බරපතලය ඒ අයට දඬුවමි නෙකලොත් නැවත මෙවන් දේවල් සිදුවිය හැකිය"
"Priyantha Rajapakse","https://www.facebook.com/priyantha.rajapakse.39","මේ  වගේ  බල්ලන්ට  ජාතක  වුන  උන්  ඉන්නවනෙ  මේ  රටේ"
"Chamara N Sumudu","https://www.facebook.com/dinesh.chamara.9843","එක පාරක් ගිහින් ආවා නේද.ඒකෙන් මට්ටු වෙලා නෑ..ඇත්තටම මෙහෙම කට්ටිය ඉන්න ඕන හිරේ තමයි.පන්සල් වල ඉන්න ඕන සිල්වත් හාමුදුරුවරු"
"Zamzam Riswan","https://www.facebook.com/mohamed.riswan.39794","🥰👍 hariyata hari brother"
"Rowdy Nida","https://www.facebook.com/rowdy.nida","සුපිරික්"
"Rukman Santha","https://www.facebook.com/people/Rukman-Santha/61583379396029","නියමයි සහොදරයා"
"Prabath Seneviratne","https://www.facebook.com/profile.php?id=1069760604","Kalakannie kahakadayant gal gaseemey Kalaya pamina atha"
"Buddhika Sampath","https://www.facebook.com/buddhika.sampath1","නියම බෞද්ධයෙක් නම් දේශපාලනය පටලවා නොගෙන චීවරයට ගරු කර යුතුයි"
"Saman Hewage","https://www.facebook.com/people/Saman-Hewage/pfbid02gG7asxid49D5NaLpbtQYVkRCRiBRai8sRZonuFaHWdobsrbGGCKAzSAHtxNMzhp8l","අමු ඩොබියෙක්🤌🏻😂💩"
"LK Fernando","https://www.facebook.com/people/LK-Fernando/pfbid0A5ofaG7wM3VctC1yTkkMdhQ2XCcojFi2ytFG8NHdTfq2qey4mEsgLh7hD2dC3nqWl","Mehela yek obata jaya wewaa"
"Nishantha Herath","https://www.facebook.com/nishantha.herath.939337","Oka athu  thiyanda"
"Kad Anil Dhammika","https://www.facebook.com/people/Kad-Anil-Dhammika/pfbid0ZX8zzByYbx9NXaJgn5qyvwPNLGv4sBepeWwACSVRdqhKFiDUj8jkeNoKWhVNQbel","සමන්ත බඩ්ඩත් පැරදුනා එහෙනම්..හිතන් ඉන්නෙ වාදීභසිංහ කියලනෙ"
"Herath Herath","https://www.facebook.com/people/Herath-Herath/pfbid02jwqcTpNfiLhg52qvAnvbfffeAVVaYkd8LSyUAJaq8W8tZgMHVnYgXAtHjFz1g714l","අනිවාර්යෙන් ම ඇත්ත කථාව මල්ලි ඒ කොල්ලා නම් නියම සිංහල කොල්ලේක් මේවැනි මිනිසුන් මගේ රටට තව තවත් බ්හි වේවා"
"Bhathiya Jayasundara","https://www.facebook.com/people/Bhathiya-Jayasundara/pfbid0356qHjZHx1tgv3ibvT6ZajfnfkrvyFeC6T4ronFJ11BZ3WzKWgVfeWm8zBZ6ofpnbl","සර්පයා සර්පයාමයි නානයාට කිසිම සමාවක් දෙන්න එපා...පුලුවන්නම්  ඔය  නීති විරෝධී ගන ගෙඩියෝ ටිකත් හිරේ දමන්න..කාලකන්නි  මහින්දයා සහ සමාගම රට බංකොලොත් කරනකම් උන්ට පිරිත් නුල් ගැට ගැහුවෙත් ඔය සිවුරු හොරු ටිකම තමයි..."
"Anoma Ramani","https://www.facebook.com/ranjith.pieris.31","නියමයි සහොදරයා!!!!!!👍👍👍👍👍👍👍💐💐💐💐💐🌹🌹🌹🌹🌹"
"Savi Abey","https://www.facebook.com/people/Savi-Abey/pfbid02Wn2K8MkvhLWdkFZenhQS6tArU2BaZdKekoxPLwAdXS3Zptbcfgv7pqqKfzP9KBsil","අපෝ ඇතුලෙම තියන්න ඕන කහකඩයෙක් ඔය මනුස්සය. එළියට ආවොත් රටේ මිනිස්සුන්ගෙ ඔලුව කනව කාළකන්නි සිවුරු රදවනය."
"Wasantha Botheju","https://www.facebook.com/wasantha.botheju.14","Yes"
"Zahir Hameed","https://www.facebook.com/zahir.hameed.54","Yes u right bro.a k d mode ne meyagene akd th dannewa usavith dannewa"
"Nandasiri Karunarathna","https://www.facebook.com/nandasiri.karunarathna.2025","Super man ela ela ♥️♥️♥️💯"
"Nalin Herath","","එල"
"Preethi Wickramasingha","https://www.facebook.com/preethi.wickramasingha","ඔහොම යං තව ටික කලක් පොර සුපිරිද බලන්න."
"Anjeeka Deesa","https://www.facebook.com/anjeeka.deesa","Niyama kollek"
"Ruwan Prasanna","https://www.facebook.com/ruwan.prasanna.10236","Ponna.pakayek.keyala.පේනවා"
"රණසිංහගේ බෝධිරක්ෂිත සූර්යඝන","https://www.facebook.com/people/%E0%B6%BB%E0%B6%AB%E0%B7%83%E0%B7%92%E0%B6%82%E0%B7%84%E0%B6%9C%E0%B7%9A-%E0%B6%B6%E0%B7%9D%E0%B6%B0%E0%B7%92%E0%B6%BB%E0%B6%9A%E0%B7%8A%E0%B7%82%E0%B7%92%E0%B6%AD-%E0%B7%83%E0%B7%96%E0%B6%BB%E0%B7%8A%E0%B6%BA%E0%B6%9D%E0%B6%B1/pfbid02V2ErMULyTQRkmjXK4hwcvjMymd42zv4LJiNsHmDcRpHo1koTBRH1efP6XFzjKuwHl","නෑ මු ද්‍රෝහියෙක්. මු කවදාවත් මුස්ලිම් අන්තවාදින්ට විරුද්දව කථාකරලා නෑ දෙමල ත්‍රස්‌තාලයට එරෙහිව කථා කරලා නෑ. දෙමල මූස්ලිම් අය තමන්ගෙ උන් හරිහම්බ වැරදි තමන්ගෙ අයගෙ පැත්ත ගන්නෙ. පන්සල්වල මිනී වලදාලා කින්වා හමුදාවට චෝදනා කරනවා පන්සල් කඩනවා කො මුන්ගේ කට. තමන්ගෙ අය හරිහම්බ වැරදි තමන්ගෙ එකාගෙ පැත්ත ගන්න ඕන කාලෙක මුන් වගේ සල්ලි වලට අම්මත් විකුණන උන් ගැන දැන් රටේ දරුවන්ටත් තේරෙනවා. මුලු ලෝකයක් සිනාවෙයි මුන්ගැන."
"Laksiricolourseperation Laksiri Colourseperation","https://www.facebook.com/people/Laksiricolourseperation-Laksiri-Colourseperation/pfbid0WgTL5FAanBbjDoseBJo36rej2aa8GEpVMF898DXpWqTVusm2VYN8HvsN3SEgzX5Vl","සුපුරි මොලයක්"
"Ak Ak","https://www.facebook.com/people/Ak-Ak/pfbid0Bvq9He7yJxzu9YUuKHvjhXhNhu9zhAMaUSaRS5vWBRNgpjkXU7LwUZjeWYbChu3Wl","කවුද  ..හාමුදුරුවෝ ?"
"Thabawita Bandara","https://www.facebook.com/people/Thabawita-Bandara/pfbid0nCEh12Rjcoo8Dn9u2GKqAC2brEUCApZ5onn7nD4QzPj6vx3AX7b38LpXqA3hznb5l","Mona sinhalyekda awajayhaka ballek"
"Dila Saifed","https://www.facebook.com/people/Dila-Saifed/pfbid0q5eyQUo8yEJXHb3BD5P25PVz1tK9JtQmMxoiSDgwvKLTykmpM5er3jmPDsSK8DC1l","යකුනේ පෙෘද්ගලික වාසියට නේමේ ඡාතිය වෙනුවෙන් හාමුදුරුවෝ කතා කලේ  , සක්කිලි හැත්තට තේරුම් යයි ඉක්මනටම ,එදාට තෝපි පරක්කු වැඩියි"
"Indika Fernando","https://www.facebook.com/people/Indika-Fernando/pfbid02FSwhiSTgqbvarHPm9qnjqWQuexko7ZzkN2vpYuVJCq4HSsvbjFeDqwC9FFHqVW2bl","තිත්ත ගල්ලෙ වනචාරියා පකෝ ගිහින් බනක් කියපන්"
"Chandana Kumara","https://www.facebook.com/people/Chandana-Kumara/pfbid0nqoegk4CyhHs7JgquWp3Ss84SQenyadAPCeZ2bznjR6Xfq4WY87gRfL3WPL7vJFRl","Ane hu.....oooo"
"Weeraddanage Dharmapriya","https://www.facebook.com/weeraddanage.dharmapriya","දැක්කයින් දැක්කෙ නෑ මේවගේ අමු සිංහල ගොනෙක්."
"Nandani Rathnayaka","https://www.facebook.com/people/Nandani-Rathnayaka/pfbid0AYnBh5uApAUHEQkMcNFcj3PRigdN7RvQuGHir235YMPJDjZd8rihfE59JAKkAQo7l","අත්සන් 5000 ක් ගත්තොත් පුද්‍රමයි. සහෝදරයා ඔබ කිව් කතාව ට හදපිරි උත්තමාචාරය"
"Pradeep Sanjeewa","https://www.facebook.com/people/Pradeep-Sanjeewa/pfbid0W5cixbQUdej8Y5QTzuyPFLYoTVQmFUqNuKTga9j22sP32CYcW1EuKL41PWX1M7s6l","Ma ratakana rala"
"Sanjeewa Kithsiri","https://www.facebook.com/people/Sanjeewa-Kithsiri/pfbid0znJhcdC1vysJ2Z1cGMdJc76gEUgTEDMYJjAfVTKPRdEJzJzSvx3gFB7fpwNaCtskl","අපේ සිංහලයෝ සුළුතරයට බය වෙලා ඉන්නේ. ඒකයි වැඩ🐕🐕🐕"
"Nalani Arachchige","https://www.facebook.com/people/Nalani-Arachchige/pfbid076NygRbq6TfT7M8EmGwieD3wLTHVotCpWZjEZFHXD3D9zDqijm27D42U1uyHVqfyl","නියම සිංහලයෙක්"
"Palitha Jm","https://www.facebook.com/people/Palitha-Jm/pfbid0zux7r3fLkgawzdL8GrYgE8zVTzMqkrGsJ3sMtBwGivRyGGrwsnnjxWeg6gL9xzF3l","Siura galawala higa kapiya padada ballo"
"Sameera Lankajeewa","https://www.facebook.com/sameera.lankajeewa.2025","Gnasara kiyanne ape ratata visa beejayak  visa beeja nethi karalama danna ona."
"Pradeep Prasanna","https://www.facebook.com/pradeep.prasanna.353791","යාපනෙ තිස්ස විහාරය උතුර නැගෙනහිර සිංහල මිනිස්සූ එලවන කොට සිංහල උන්ටම වත් දැනෙන්නැ ජාතිය පාවාදෙන අනික එකෙ ජාතිය සිංහල කොලඹ දෙමල වෙලදසෑල් තිබිබාට යාපනෙ ගිහින් දාපල්ලාකෙ බලන්ට"
"Prasanna Pathirana","https://www.facebook.com/prasanna.pathirana.587","මේ වගේ තරැනයො තව කීප දෙනෙක් හිටියනම්"
"Permil Jeewan","https://www.facebook.com/people/Permil-Jeewan/pfbid0swewGXza6HPqZ3323cWJKq7wDAjCjtBDrCVZqprUaT4RBzXZGdTeZgFqMqC52oJEl","Meka tanikar jvp harkek .bauddayek nemai"
"Damith Priyantha","https://www.facebook.com/damith.priyantha.473520","රටට ආදරය කරන සුපිරි චරිත වලින් එකෙක්"
"Prasanna Herath","https://www.facebook.com/people/Prasanna-Herath/pfbid02gXjQ4BHVeitWXe1q5RUJswLqCqH1sprRE5ELoyq1tVbo9ivtA7eaBWg64TzSRe7yl","ඇත්ත කතාව malle .."
"Rohan Sanjeewa Rohan Sanjeewa","https://www.facebook.com/rohansanjeewa.rohansanjeewa.90","අනේ පලයන් යන්න,,වයිරයෙන් මත් වෙච්ච උද්දච්චයෙක්,,නානසාර මොකෙක් උනත් හාමුදුරු කෙනෙක්,,ඒ යකා වෙන මගෝඩියක් කරලා නම් දඩුවම් දෙමු,,හැබැයි,,මේක ලොකු වරදක් නෙමේ,,ජයවේවා තිත්තගල්ලෙ ඔබවහන්සේට,,බුදු සරනයි,,තොපි කොහොමත් අන්තවාදී,,මිනිස්සු"
"Lu Rox","https://www.facebook.com/lu.rox.12","නියම කතාවක් දුන්නේ ඔබ නං කියලා වැඩක් නෑ. ඔබතුමාට ගොඩක් පේන්නෙත් මේ වගේ අයට සමාව දෙනවා කියන්නේ මුළු රටටම ලොකු පාපයක්"
"Priyantha Mayadunne","https://www.facebook.com/priyantha.mayadunne.1","බේබදු සාර ජාතිවාදී සාර අඥාන සාර රාජපක්ෂලට දෙනසාර රට විනාශ කරන සාර ස්වාමීන් වහන්සේලාට කරන කියන දේවල් වලින් පව් සිද්ධ වෙනවා නම් සමාවෙන්න මේ අය ස්වාමීන්වහන්සේලා නෙමේ ස්වාමීන් වහන්සේලාත් ඒක දන්නවා ඇති කියලා හිතනවා ( ඥාන සාර සමන්තාභද්දිය ඉත්තපාන ආනන්ද සාගර සුනෙතරා දේවිලොක්කා  හාමුදුරුවරුන්ට වින කරමින් සාසනයට වින කරමින් මහින්දලාගේ පව් හෝදන බුද්ධ විරෝධී චීවරධාරීන්"
"GD Nimal","https://www.facebook.com/people/GD-Nimal/pfbid02y2dYBxGn2UWksMaQwuBPs84zjAfSqSXZ98vi8gqWux4sM5ExuAsZxg1eKs4aSvAHl","කොහෙද යකෝ පොරක් වෙන්නේ?සිංහලබෞද්ධ උරැමය නසන වාචාලයෙක්."
"Dushmantha Seneviratne","https://www.facebook.com/dushmantha.seneviratne","නමස්කාර කරන්න  වටිනා මහත්මයෙක් ..හාද හරිද?.කොයිද මෙික වුනේ.සිවුර ගලෝලා  ගහක එල්ලලා . එලවලා දාන්න වටිනවා"
"Sarath Munasinghe","https://www.facebook.com/sarath.munasinghe.7334","Hodama sinhalayek"
"Dhammika Furniture Agaliya","https://www.facebook.com/people/Dhammika-Furniture-Agaliya/pfbid0Un9oSYtD8LcKQbisHkpwwaNC4GmQAuVV999kuSRvyePfK7MdkTFWLiC4FYLJfJxgl","කාලකන්නි  කල්ලතෝනි  පොරක්"
"Rms Bandara","https://www.facebook.com/people/Rms-Bandara/pfbid02H2gRGgSNfsrfaoVQc8TWv5pTQHb7pcce3FcDz8hJE3qQiVzqMuvXXNEb3SHbUSKDl","ඇත්ත ඇත්ත ඔකුන් නිදහස් කරන්න ඕන නෑ....."
"Harbet Bandara","https://www.facebook.com/harbet.bandara","දැක්ක නියම මනුස්සයෙක්"
"Lakshman Costa","https://www.facebook.com/lakshman.costa.1","Kohomada balu ganayage kathawa mun thama me rata vinasa karanne"
"Thusitha Dahanayaka","https://www.facebook.com/people/Thusitha-Dahanayaka/pfbid0ht34ziL4is88DG6bEGYgppzBS1QNVgNi8WomfMd7x7KRvdyPiig7ZGXdiJLKRLpYl","Ayi මල්ලී කඩේ යන එක නවත්තලා da"
"Anjana Iddagoda","https://www.facebook.com/anjana.iddagoda.2025","සිංහලයට විතරයි මේ ඔක්කොම අනික් අය මොන පිනුම් ගැහුවත් ඖලක් නැද්ද"
"Nadith Priyantha","https://www.facebook.com/people/Nadith-Priyantha/pfbid02hGYNgPW3jNXbui35DSUePYFCU51UK28SiGEEE6vJaMePPcC5PVxNX46xZHc11qijl","Sinhalayek nemai oya awajathakayek"
"Sube Su","https://www.facebook.com/people/Sube-Su/pfbid02aRtdmXwhjTXdF4XFPAZf6wBZt3gZmYBdgQBABwyBdnkBzYuuLgRWrrTBstp9LxB1l","Ela katawa ban adambarai oyage mole gana ewa hamaharakta amatakai matak karanna ona oka umandawe pissekne kauda ganan ganne boruwata siura dagena inne"
"Suranga Kumara","https://www.facebook.com/suranga.kumara.213501","කොන්ද පණ තියන මිනිහෙක් සතුටුයි අපරාධ ඔආරයෝ බේරන්න නීතියක් මොකටද"
"Sandi Disanayaka","https://www.facebook.com/people/Sandi-Disanayaka/pfbid02LvkBgCjrPrJxhYE3Py9EyEMJYbPaw3UhApEqYpXbNTxmZYTi1GSJTXaMgQHoSPJyl","අනිවාර්යයෙන් 💪💪💪"
"Tudor Gorakagoda","https://www.facebook.com/people/Tudor-Gorakagoda/pfbid025VzAvWZERd7pRP6aD8V5rE7F7zU62CNjGRHaiso71Ukhr8GrXxW4sXX6Fz7cCdtul","නියමයි මචං.කහකඩයො ගනන් ගන්න එපා.අත්සන් එකතු කරන්න ඇවිත් තියෙන්නේ නියම හරක් රැලක්"
"Evodia Martin","https://www.facebook.com/evodia.martin.71","he's with his superb backbone 👍"
"Devika Fernando","https://www.facebook.com/devika.fernando.528","ඇයි ජාතිවාදය විතරක්ද ආගම් අතරත් භේද ඇති කරන්නට මේ චීවරධාරියා කටයුතු කලා. මුවින් වෑහෙන්නෙම අනුන් හෙලා දකින පරුෂ වචනමයි. මොහුට ජනාධිපති සමාව හිමි නොවිය යුතුයි."
"Ajith Kumara","https://www.facebook.com/ajith.kumara.584535","Jpponta anayak vena hamoma athule jpponge kala nithya okay"
"Geetha Chamari","https://www.facebook.com/people/Geetha-Chamari/pfbid02WoDzLb4SukLCpen616Jzo3vofGbpMrdyYmAahfb5YRp174LPu5qA9gVJaALWjQHWl","Okawa.riman.karanna"
"Abm Fairus Abdull","https://www.facebook.com/abmfairus.abdull","Aniwarai sahodaraya"
"Gnana Dasanayake","https://www.facebook.com/people/Gnana-Dasanayake/pfbid02xdv18ZeZ5nzxvpe6xmpYikRaARqyihjvrk6TTCwSCvfpxrcfq13npt21Xv5cofXhl","ගමේ කොල්ලො කුඩු ගහනව උන්ව හදාගන්න බලන්නෙ නැහ. පන්සල් හදාදෙන දාන දෙන ගැන හිතන්නැතිව ජාතිවාදය පතුරුවන අය ගැන දගලනවා."
"Ranasinha Arachchilage Lilarathna","https://www.facebook.com/ranasinha.arachchilage.lilarathna","අත්සන්  දුන්නා කියලා නිතිය වෙනස් කරන්න කාටවත් බැහ.ජනාධිපතිවරයා  සමාව දුන්නොත්  එක නරක ආදර්ශයක්  වෙයි ."
"Siripala Arachchi","https://www.facebook.com/people/Siripala-Arachchi/pfbid0v18ZVVK7ZmijPs12uGqFj9UViWG2CuNHk6qHJkxAEC9d4yhKapTkk4YmZJTD6e7Ll","ගරු අධිකරණයට.හිසනමා.දූන්තීන්දුවපිලිගන්නබැරි.නිගන්ටයන්ට.අසූනොවන්න"
"Ramar Ramar","https://www.facebook.com/ramar.ramar.765804","சூப்பர்"
"Ashik Farook Farook","https://www.facebook.com/ashikfarook.farook","Absolutely  cureckt bro"
"Upali Zoysa","https://www.facebook.com/people/Upali-Zoysa/pfbid028SuB1giXKaD8Q9m37YEpPZNHHE1P1eXuWAajC9SzZ62R66sp9uidDYSpWCnL5NEkl","Kuwda a gothaya dakak danna thibba"
"Benjamin Michael","https://www.facebook.com/benjamin.michael.895021","සොල්ලි වෙලයිල්ල  පට්ට සුපිරි පොරක්  නියමයි නියමයි නියමයි සහො.  උමංදාව flat ටෙ flat"
"Tgr Udaya Kumara","https://www.facebook.com/thotagamuwage.rohana","යකෝ සෞදි ගිහින් එරටට අපහස වෙනවිදියට වැඩ කරලා සමාවෙන්න කියලා ඉල්ලාන්න පුළුවන් නම් රජන්ට සමවා දුන්නේ කොහොමද ඌ කරපුව තෝ මතක් කරලා දීපන් උබ කියන කිසිම දෙයක් උනේ නෑ අලුත්ගම මොසාඩ් ජෙප්පෝ යටින් ගහපුවා ඔවා ඔක්කොම ජෙප්පෝ කරපුවා"
"Anurudda Ruwanpura","https://www.facebook.com/people/Anurudda-Ruwanpura/pfbid02AFCM2U8Pkq94D9cfRtRR8qpvBp79J6xZTUGxD6ss1yFvtdqK9oDqTcYBvszeoZEHl","අනිවාර්‍යෙන්ම"
"Ranjith Pushpakumara","https://www.facebook.com/people/Ranjith-Pushpakumara/pfbid0wYgbPgCJq1D4n8qKc9SUKePGYwjzppdZbQAAYmq61MBnk1b8uvWbYr8stn1SWrayl","රටට සම්පතද කෙලවීමද"
"Sadali Elawalu","https://www.facebook.com/yg.sangeeth","හාමුදුරුවො පන්සලට වෙලා දම් පින් කරන්නඕවට යන්න එපා ඕවට ගිහිල්ලා තමයි ඔය හිරේ යන්න වෙන්නේ"
"Justin Bopearachchi","https://www.facebook.com/justin.bopearachchi.2025","එක් ජනාධිපති වරයෙක් වරක් සමාවක් දීල තියෙද්දි හැදෙන්නැති මිනිහෙක් ආයෙ සමාවක් ගත්ත කියල හැදෙයිද."
"Ashoka Karunathilaka","https://www.facebook.com/people/Ashoka-Karunathilaka/pfbid0iKvGikCekQCQEGut5V3yNF97DxTgNRR2W2FNnNADLisnKxGD5VT4ndcwGahtX4jXl","මිනිස්සුන්ගේ පින්බත් කාලා හැදුනවැඩුනු එවුන්ගේ සන්ගායනා."
"Priyantha Bandara","https://www.facebook.com/people/Priyantha-Bandara/61569623664016","niyama kollek"
"Sarath Meeallage","https://www.facebook.com/people/Sarath-Meeallage/pfbid0sAzH8swrEBVj9jnwhwgQSjmtbo7XdsGdmhnJ6erwnCHCFCDa8A8KcrxV84H8PYqml","Mona samawak da  usawi theendu walata katawath atha thiyanna bariwenna  viwasthawe A theeruwath sansodaya karanna ona anura sahodaraya"
"Asmis Asmis","https://www.facebook.com/people/Asmis-Asmis/pfbid0ynkaspSngJTdF3TZZRj2me91QpX255N9LVHkYjm39evi8m61bEo9bwFs94T3aBMwl","Proud of you brother 💗"
"Bandara Kithsiri","https://www.facebook.com/bandara.kithsiri.2025","අම්මපා. ඇත්තම ඇත්ත  නියම කොල්ලෙක් 👍🙏❤️"
"Karunarathna Banda Karunarathna Bnda","https://www.facebook.com/karunarathna.banda.karunarathna.bnda","Niyama sinhalayek srilankikayek"
"Derana Roshan","https://www.facebook.com/derana.roshan","මෙකටත් මොනා හරි කියන්නකො"
"Tudor Karunathika","https://www.facebook.com/tudor.karunathika","Ganasara සිරගත  කළ  uthuya"
"Andy Raja","https://www.facebook.com/thamba.raja","Yas congratulations"
"Nuwan Srilal","https://www.facebook.com/nuwan.srilal.3532","සුපිරී සුපිරී මම හිටියත් අනීවා නානසාරයට කඩේයන පරයන්ට ගහල එලවන්නෙ පරයන්ට"
"Rasika Dommanige","https://www.facebook.com/people/Rasika-Dommanige/pfbid0fTbJi5jtqiSACAbgxZ9AJZjUqSAVLCZqycPRRzLQA7hFpcoZNDKu4k9VWcnVHKJol","Ubals dannzma gu kana japayo neda ponayo"
"Susantha Silva","https://www.facebook.com/people/Susantha-Silva/pfbid02TNu7AYTizSWuEGe4rtjicjgxS91SkABsPgo5gzYZtbbMVk8aJGcLCAshF6soMz2Kl","Kalaknnia"
"Isuru Priyanjana Kumara","https://www.facebook.com/isuru.priyanjana.kumara","මේ හාමුදුරුවොත් එක්ක කියවන් යන එකා හාල්පාරුවෙක් සහරාන් ගැන ඉස්සලාම හෙළි කලේ කව්ද. හාමුදුරුවෝ ජාති වාදෙ ඇවිස්සුවලු ඓහෙනන් යකෝ යාපනෙ දෙමල මිනිස්සුන්ගේ ජාතිවාදෙ අවුස්සන සුමන්තිරන් ලා, රාසමානික්කම්ලට විරුද්දවත් ඔහොම කතා කරපල්ලකෝ ඩෝබි හැත්ත"
"Thamara Rathnayaka","https://www.facebook.com/thamara.rathnayaka.44887","Ou ,ou"
"Mohammed Ansar","https://www.facebook.com/mohammed.ansar.787082","ජාති වාදය අවුස්සන ඔක්කොම එතුලට දාන්න ඕන ඕන"
"Rajantha Lakmal","https://www.facebook.com/rajantha.lakmal.3","Mohammed Ansar  ආගම ජාතිය ඒ වෙනුවෙන් මරාගෙන මැරෙන උන් ඒවා උගන් වන උන් එතකොට එක ජාතිවාදි ආගම් වාදී නෙවෙයිද"
"கிங்ஸ் குமார்","https://www.facebook.com/kumar.kings.12","ඒ උනාට ඥානසාර හාමුදුරු එළිය හිටපුවාම මාරම මාර ආතල් බං 🤣🤣🤣🤣"
"Nalin Herath","https://www.facebook.com/nalin.herath.39","නියම පරයෙක් .ජාතියක් ආගමක්  නෑති හරක්"
"Nilantha Chandarthilaka","https://www.facebook.com/Nilantha.1122","ඔය වනචරයට ජනාධිපති සමාව දුන්නොත් ඌ කිව්වා වගේ කලලයක්ම තමා Akd"
"Anis Adahan","","හොන්ද කොන්දක් තියෙන පුරවෙසියෙක්"
"Nirmal Navoda Maduranga Perera","https://www.facebook.com/nirmal.perera.904108","ප්‍රොෆයිල් එකේ අයිතිකාරයා නියම සිංහල බෞද්ධයෙක් 😜😜😜"
"Dayarathna Pelawaththa","https://www.facebook.com/people/Dayarathna-Pelawaththa/pfbid02xXoK8T2GwFDKEP9d4GhgSivbqnJxWteXAb51yvQP5YMiawnxszohDT6Ysmybv4BWl","ඔයා හරියටම හරි හරි. ඒ කොල්ලට බොහොම ස්තූතියි ස්තූතියි. ඒක තමයි කළයුත්තේ"
"Pradeep Silva","https://www.facebook.com/pradeep.silva.2025","සුපිරි පොරක් ආදරේයි 🤎🤎"
"Kanthi Randeniya","https://www.facebook.com/kanthi.randeniya.935465","ඔබ හරි ඔය තැනැත්තාව කවදාවත් විස්වාස කරන්න බැ සාසනෙත් කනවා මොන සාමාවක්වත් දෙන්න නම් එපා"
"Anusha K. Bannahake","https://www.facebook.com/people/Anusha-K-Bannahake/pfbid02uiXgQE47BccuK6EuVTufGPcTi7x81WePfo2ttFj3jBkc1g3ebCPjVRbbjrTWumL7l","Me kiyanne umandawe ganaya granada?"
"Seeduwe Subodhi Rathana Theo","https://www.facebook.com/people/Seeduwe-Subodhi-Rathana-Theo/pfbid02usbScHLW5PGteKtVrfYBqJSnctwPg6Q2btSWaqYrYhNsXTLMWdoku2m4CNv8dZbhl","ජනාධිපතිතුමා කොහොමද සමාව දෙන්නෙ  ගරු අධිකරණය ඔන්නෑනේ. 😮"
"Hema Aira","https://www.facebook.com/people/Hema-Aira/pfbid0kaXxZ8s75ZBniMqnTyNVV35c3FEdCcbZztm5NvXyikhaLZ7wr9cDbBF9b9n8UN4jl","එයා  සුපිරි ගෝතයෙක්"
"Dilhani Asha","https://www.facebook.com/ashadilhani.dapanedurage","යන යන තැන මෙහෙම අය ඉන්න ඕන මුන්ගේ ඔලු පාදන්න සක්කිලි ගනගෙඩියෝ🤮"
"Herathge Karunarathna","https://www.facebook.com/people/Herathge-Karunarathna/100072754763696","Male.  Aya . Amu.   Gawya"
"Abdullah Abdul Azeez","https://www.facebook.com/people/Abdullah-Abdul-Azeez/61550103992441","Super bro"
"Sadik Khan","https://www.facebook.com/people/Sadik-Khan/pfbid0ELwvru5vFNDLFt2rBP5LPKKKWpg9oRSWgavFKNGVfghzADhe5nQzbtcDrJEDYAfvl","Niyamai"
"Nevil Warnakula","https://www.facebook.com/people/Nevil-Warnakula/pfbid02wJ3jC4XFA214A2nydc23EtrNHAn4i2XYRYtPRYm39BfwpszP2yF9crUxe1WCUUAnl","aththatama.putha.oya.genath.oya.katha.karana.niyama.sinhala.weeraya .edithara.sighaya.ganath.harima.sathutui.saha.adambarai.mage.puthe"
"Selwa Kumara","https://www.facebook.com/selwa.kumara.122311","අද වතේම අපි ආදරෙයි ශ්‍රී ලංකා මිනිස්සු වෙමු අපි"
"DH Tissa Gamini","https://www.facebook.com/dhtissa.gamini",",,,සම්පුර්ණ  ඇත්ත  නිදහස  දිමට  පේර සිත බලන්න"
"Yas Shan","https://www.facebook.com/fathima.jasmin.7923","Godak hode sinhala aye  thamai  mehe   inne habai me  Facebook eke here"
"Stanley Daniel","https://www.facebook.com/stanley.daniel.59516","Kooduwe danna jayawewa"
"Suneth Erangha","https://www.facebook.com/people/Suneth-Erangha/pfbid0TP7qQAsSHCEakq2UdbTbibU55kQmYS5KECbyWh3P5qUyYkHyCWgdx7cWrDYF5BfHl","Thoga ammata.hukapiya"
"Ekanayake Slj","https://www.facebook.com/ekanayake.slj","බුදු කෙනෙක් දෙන ටෝක්...තවත් කෙනෙකුට"
"Wasantha Chandralal","https://www.facebook.com/people/Wasantha-Chandralal/pfbid0NpPmUuPjupCZ6X1c8hcD2bQ86E3VCrEmNuJzU2j71pYzhHkz5N44jSyQjo7Kmu13l","Ubalageweda.thawatikadhawasai.candhedune.api.natanne.pakeyala."
"Mohd Bk","https://www.facebook.com/people/Mohd-Bk/pfbid02nq3FY6sd3dvFVKXzygL3t7MTZTBZj2No5RaeZYCTuPH7ox5vnFv56TCXKpHNhMDyl","ඥානේ හිරේද ඉන්නේ.??"
"Hmw Herath","https://www.facebook.com/people/Hmw-Herath/pfbid02FHmc8BRX1xuU8reGXoFxvAAygdvDW8V9wj9VV1xe1hEZU1CpsBxp3LVjAJmkSacsl","Gnanasaraya ptta keriiyek"
"Danushka Fernando","https://www.facebook.com/people/Danushka-Fernando/61582361573928","අපේ මීගමුවටත් වරෙව් අත්සන් ගන්න තොපේ සිවුරු ගලෝලා යවන්නේ මීගමුවේ අපි.........,"
"Liyanapathiranage Kusumalatha","https://www.facebook.com/liyanapathiranage.kusumalatha.3","Hariyata hari putha siurudapu serama agamikayonemei aaawata kemathi haraktikak ennawa putha ❤️❤️❤️❤️🙏🙏🙏🙏"
"දිල් දිල්","https://www.facebook.com/fik31jlqof","මුන් කොච්චර පාරක් පාරක් ගානේ ගියත් කර්මයා කියන දේ පලිසන් දෙනවා.පිනට දෙන බත් ට්ක කාලා මෙකලාගේ තෙල් මන්ව මෝරලා පුතා...😃😃😃😃"
"Indrani Joseph","https://www.facebook.com/indrani.joseph.2025","Good you are the excellent guyI keep it up putha"
"Chmila Kumara","https://www.facebook.com/chmila.kumara.50","Ethakota mewata koi yako nithiya.."
"Ruwan Kodithuwakku","https://www.facebook.com/people/Ruwan-Kodithuwakku/61556734598208","කොල්ලො උබ නියමයිපුතා. වෙන්න ඔ්න ඔකයි."
"Ayesha Weerakkodi","https://www.facebook.com/ayesha.weerakkodi.54","සතෙක් වගේ මනුස්සයෙක් ඥානසාර හිමි"
"Subash Lakshan","https://www.facebook.com/subash.lakshan.9","Saharan gena eka වචනයක්  kiyala benala තියෙනවා da danne oya ke ගහපු  eka"
"Mallika Perera","https://www.facebook.com/mallika.perera.18488","ජානාධිපති සමාව දෙන්නේ කොහොමද මේක අධිකරණයේ වැඩක්නේ"
"Mohan Indika","https://www.facebook.com/mohan.indika.3910","Rata wen Agamakata yatawenawa kawru කිව්වත්  බෞද්ධයා doi"
"SH Vipulasena","https://www.facebook.com/people/SH-Vipulasena/pfbid02vFDcQQmstxrP1RJWezMxSC64q6D2JbtKny1ujAnhPNWDXSXQVTJWLdMtKxJcdqf1l","U Amma appatawath Nathi sinhalayek.oka ganitA bayai"
"Amila Madusanka","https://www.facebook.com/people/Amila-Madusanka/pfbid02p2iSLAkjWSGNgHnyuPCAAgo4ZqMmHBHEh3mEg8r6o6dspexJvR1u55o58yhn7bG5l","නියම සිංහලයලූ..  එක එක පක්ෂ බදාගෙන තමංගේ ජාතියට ආගමට ගහන එකා සිංහලද..  ඌ සක්කිලියා.."
"Rupasinha Mahathun","https://www.facebook.com/people/Rupasinha-Mahathun/pfbid032bUTna6pWw54AYkjLGwjmU6TjghZ46GtG4W1oF1aHEaha9i6dmwNj1Yn98xSQfSUl","උ මහ දෙපත් නයෙක් එකයි ඇත්ත"
"Sampath Thushara","https://www.facebook.com/sampath.thushara.494445","Okun badu karyo"
"Abeynayaka Abaya","https://www.facebook.com/people/Abeynayaka-Abaya/pfbid03284ahhfPVjwf9X4WC7CLkVZWeKFRLjWz943tx9NQwEuN3J18vnVEswahawqAecByl","ඔවු ඒක ඇත්ත විස්වස කරන්න බැරි මිනිහෙක් නාන සාර කියන්නෙ කිසිම විනයක් චරිතයක් ගුනයක් නැති මදාවි මිනිහෙක් ඒ නිසා සමාව දෙනවට මුලු රටේ ජනතාව විරුද්දයි"
"Ashoka Karunarathna","https://www.facebook.com/ashoka.karunarathna.5070","Best.wish.....Best 👄"
"Pearly Abegunawardhane","https://www.facebook.com/people/Pearly-Abegunawardhane/pfbid0sZA7r2A6ghXwMmtqjU4GQasrzvQV9ad7kmayjRxrGxrof1TWP9BzRXEtskbYt1kzl","Hire Inna one pugalayek"
"Malwana Sabhapathy","https://www.facebook.com/people/Malwana-Sabhapathy/pfbid0kNdWPoxa3Xv5sBf4tJ1aXD8E1Hxxwy3k7Npj5vKud8gc92G1hYt8N26FHPGVjjYdl","SIYALUMA LAKVAASI MAHAJANAYAAGEN ITHAA KAARUNIKA ILLEEMAK SIYALUMA AAGAMWALA PUUJAKAWARUN SEEYATA 75MA DHUUSHITHAI MAHAAPARIMAANA THAHANAM BISNAS KAARAYANGE HORA DHEASHAPALAKAYANGE KUDU MADHALAALILAAGE WAHALLUWEK WELAA HAMAARAI EMANISAA. PUUJAKAWARUNWA HONDHATA ANDHURAGENA JEEWATHWENDA WAGA BALAAGANDAI KIYAA ITHAA KAARUNIKAWA ILLAA SITIMI"
"Joseph Joseph","https://www.facebook.com/people/Joseph-Joseph/pfbid0x7SrEUchLhMyx5hWnjyy8HACw8n57thUtZE89N6MrwKLXYLSY3N3rzErDaDciN6Cl","Ethacota ! Janapathi  !  Samawa ! Siyalllann""Tama ! Lebeve ! Ne ,,,?,"
"Chamara Talawathugoda","https://www.facebook.com/chamara.talawathugoda","Ela ban❤️"
"Piyangika Piyangika","https://www.facebook.com/people/Piyangika-Piyangika/pfbid034MhHXWAyJxk5GxcCPUjzAy663yZmHrQrVMq6FTZr2TEWXFGDKSwYgM54V73oKRffl","නියමයි ඔය වගෙ කතාකරලා මදි අයියේ"
"Irosha Kumari","https://www.facebook.com/people/Irosha-Kumari/pfbid0j63HNd7bosZ1r8BVAwVjPVQ3uZ4FatGd3z2dnyP5it2NSHErwV6fVhp1TSWWgt2xl","කවදාවත්   ඒ කවදාවත් ඒක හිතන්න එපා සමාවත් දෙයි කියලා. ඒක  සොරිම"
"Nishshanka Wijerathne","https://www.facebook.com/profile.php?id=100008960650898","තිත්තගල්ලත් දැන්නම් තිත්තයි 😄😄"
"Ashan Tharanga","https://www.facebook.com/ashan.tharanga.3","Uba Mona agamaeda kiyala vitharak mata kiyapan.. Yako Muslim..thamile un unge unta katha karanawa uba ape hamuduruwonta baninawa..uba ape rate karumeta ipadunu 1kek ban ."
"Isthikar Razeen","https://www.facebook.com/people/Isthikar-Razeen/pfbid0suMwfWnQSDDwQkdE9eCpU6ZwdNV9qVD97thEnmjDNBDfizkmxFs1PaPngYY298qDl","Supar lokka"
"Rohini Wijethunga","https://www.facebook.com/people/Rohini-Wijethunga/pfbid0xKtvSM1uLKeQQdZ7hSoSuQHsfYhfxkUqSo7rfVahcm2r7baW1q84cg3t3gd3scXMl","නියමයි  ඒ  කොල්ල"
"Seuwandi Kumari","https://www.facebook.com/people/Seuwandi-Kumari/pfbid0969DTFcwAbbnMZWJ1JG96zqFAAzvovcEEzYUw2PQ5UGGyzq2uPwyC4scS7CU9BVHl","Rohini Wijethunga තොපි වගෙ අවජාතක  කාලකන්නි ට නියමයි එ අවජාතක පකය කිය දේ"
"Kumudu P Edirimanna","https://www.facebook.com/people/Kumudu-P-Edirimanna/pfbid02EeRLe6whMbUXy9PvVvKEhdVXGV9on7BTR4QPzjQrDXDvrRh7PAUyHSCnEd58fF6Gl","Ponnayek"
"Ranga Prabath","https://www.facebook.com/ranga.prabath.367145","Kumudu P Edirimanna nanasaratada kiuwe  aiyye api kalinma dannawa eka oya danne adada 😃😃😃😃"
"Kumudu P Edirimanna","https://www.facebook.com/people/Kumudu-P-Edirimanna/pfbid02EeRLe6whMbUXy9PvVvKEhdVXGV9on7BTR4QPzjQrDXDvrRh7PAUyHSCnEd58fF6Gl","Ranga Prabath malli හාමුදුරුවන් ge sile apita හදන්න  be namut mu katolikayek oya dannawada"
"Ranga Prabath","https://www.facebook.com/ranga.prabath.367145","Kumudu P Edirimanna aniwaren hire yanna onimai nanasara eda rajapaksha nikaye porawal dan naguta pummmke gahagene neda aiye"
"Kumudu P Edirimanna","https://www.facebook.com/people/Kumudu-P-Edirimanna/pfbid02EeRLe6whMbUXy9PvVvKEhdVXGV9on7BTR4QPzjQrDXDvrRh7PAUyHSCnEd58fF6Gl","Ranga Prabath obalat anurage boru කාරයෝ"
"Udara Nuwan","https://www.facebook.com/udara.nuwan.7","උබලාගෙන් රට බේර ගන්න"
"Anura Jayasooriya","https://www.facebook.com/people/Anura-Jayasooriya/pfbid0fn3nQLHojYNciZsmfod5z5XHnVkSEfb6hQaWsLJvuHvyKYG7tnX93KKh9AtfS2ggl","වැරදිනම් කව්රුවුනත්වැරදියි සිවුරෙ ගරුත්වරැකගන්න ඕනා දැන්කෙදිරි ගාලා වැඩක් නෑ"
"Hanif Thanzeel","https://www.facebook.com/people/Hanif-Thanzeel/pfbid0ag6916xZrQCCm3fhUimEXqjFTywfsbKfFNkohGn8EP47fbYpvsurbo2mtLYkEPi2l","Super speech o❤️❤️👍👍👍🙏🙏🙏🙏"
"Tyronne Fonseka","https://www.facebook.com/tyronne.fonseka.5","Super kollek"
"Darmapriya Weerasinghe","https://www.facebook.com/indika.weerasinghe.7921","Supiri"
"Prasanna Hettiarchchi","https://www.facebook.com/people/Prasanna-Hettiarchchi/pfbid02NX8uXfFBoCrjQgosi6edcAisy72AnH35n9xnKkcfdE21yEqsVQWbTMYENxRveTF9l","Tho sinhala baudayak nwai"
"Sisira Kumara","https://www.facebook.com/people/Sisira-Kumara/pfbid0MfEDd2bF87G8WerNKBe6Td4Weayvp3x8NwB6hz7eNsfqE38T8JF79r3m6VA9wtYDl","Aluthgama muslim sinhala gatuma athikarala Rajayata koti ganaka wandi gewanna une  sara hinda.👍respect"
"Pathum Srineth","https://www.facebook.com/pathum.srineth","කොනකපාලලා චූන් වෙලා"
"Uthum Pathum","https://www.facebook.com/uthum.pathum.5458","ජාතියට ගරහන්න එපා බල්ලෝ ඒ අපේ ආගමේ මිනිස්සූ ඒ සාදුලා මුස්ලිම් දෙමල නෙවේ සිංහල ජාතිය ඒනිසා අපේ මිනිස්සුන්ට ගරහන්න එපා අපේ ජාතියට ගරහන්න එපා මෝඩකමට මෝඩ කම් පාන්න එපා බුද්දිමත් වෙයල්ලා උබලා සැබෑ සිංහල නම්"
"Ishani Silva","https://www.facebook.com/ishani.silva.752861","කව්ද  දන්නෙ එය සිංහලමද කියලා"
"Sirimal Karunatilaka","https://www.facebook.com/sirimal.karunatilaka.3","අනිවාරෙන්ම"
"Lal Premathilaka","https://www.facebook.com/people/Lal-Premathilaka/pfbid02Ke3aQLruYyk8kvRwCnuKg3mJUWGitUuQgrP8T6uiLyLvGpWjLwrgVt1psouiVVidl","Pakesadhu...."
"Hashi Arachchi","https://www.facebook.com/people/Hashi-Arachchi/pfbid02sugtLu9ZnbJZhG2E74SVTqHqtjsfXXhPy4zCUffm4EoJidTr7fB2mEmHKvkVuFdwl","Lal Premathilaka"
"Nilabamme Dammadipa","https://www.facebook.com/nilabamme.dammadipa","පැලවත්තේ රේදි අපුල්ලන්නේක්"
"Priyantha Aruna","https://www.facebook.com/people/Priyantha-Aruna/pfbid02LLtb1NmibmsqMDkiUdzVZ3nRpAWQLwYSAorip2GjLooTnTJptujm63AX7CwEHB9Al","Sinhala....the....Wenda...behe"
"Asanka Kumara","https://www.facebook.com/asanka.kumara.16503","ඔකට කිසිම සාමාවක් දේන්නේපා"
"Kalpana Nimeshi","https://www.facebook.com/kalpna.nimi","Ane pala buruwo"
"WD Premawardana","","නියම සිංහලයෙක්"
"Piumalie Nirmala","https://www.facebook.com/piumalie.nirmala.7","Ela kollek"
"Jagath Rathnayaka","https://www.facebook.com/people/Jagath-Rathnayaka/pfbid02NeTJBEp5zh1Lqcvf9v2HLSSU5BaHcHG5vcwkFGFgXrPUCFY2ghqwQBDUxGnywQqel","නියමයි මචං සහෝදරයා"
"Prama Kumara","https://www.facebook.com/prama.kumara.733836","Jayawewa nanasara hire yawanda"
"Malkhan Zowry","https://www.facebook.com/people/Malkhan-Zowry/pfbid06zhbmtMYpcDrLVsyRLkdTPRVX8tBotd2wuuvxk8VsdWun7kCg7id4bjVjTrmZwf9l","Onna  niyam sinhala bauddayo"
"Iwon Aluthgedara","https://www.facebook.com/iwon.aluthgedara.2025","ඒගොල්ලෝ හාමුදුරුවරු නොවෙයි"
"Nihal Nihal","https://www.facebook.com/nihal.nihal.181054","එකෙන්ම ඔන්න නියම සිංහල මිනීස්සු කියන දේ මුනටම"
"Uc Chandana","https://www.facebook.com/people/Uc-Chandana/pfbid0275HYwwWpYLgTNhz6G583rZa3rMDynDHM5gvY2Yohn55UZ9gbVfC5RPALaeVdBYcWl","Ane ba uba wage eka ekawa auusnna one na"
"Priyantha Withanage","https://www.facebook.com/priyantha.withanage.833741","නීතියට සිවුර අදාලම නැහැ. නීතිය කාටත් එක සමානයි. අනික ඥාන සාරලා වගේ ත්‍රාඩ, අධම, තුච්ච,තුප්පැහි මිනිසුන් සිවුරු ඇතුලේ රඳවා ගන්නවාට වතු-ගිරි-පුර-රාම නිකායක නායකයින් සංඝ අධිකරණයන් හරහා මොවුන්ව නෙරපා නොදමන්නේ මන්ද. කැකිරාවේ සුදස්සනලාට පමණක් සංඝ අධිකරණ නීතිය ක්‍රියාත්මක වන්නේ ඇයි.  ඉස්සර තිබුන සංරාජ පදවිය කියලා පදවියක්. ඔය වතු-ගිරි-පුර-රාම එන්න ඉස්සෙල්ලා. අන්න ඔය කාලෙ සංඝ අධිකරණය හරියටම ක්‍රියාත්මක වුණා. ඔය වතු-ගිරි-පුර-රාම නිකායන් සුද්දා යන්න ඉස්සෙල්ලා කරපු දෙයක්.  ඔය වතු-ගිරි-පුර-රාම නිකායක ඩයප්පෝරාව පැවත එන්නේ ගණින්නාන්සෙලාගෙන්. වතු-ගිරි-පුර-රාම නිකායන් එදා සිට මෙදා දක්වාම කළේ මේ ත්‍රාඩ දේශපාලුවන්ට ආශිර්වාද කිරීම සහ පිරිපැන් වලින් නහවා කඹ ගණන් පිරිත් නූල් බැඳ කිරි පෙවීමයි.  ඒ නිසා තමා මේ ඥාන සාරලා, ඥානදීප ගලිගමුවලා, භද්‍ර සමන්තලා, කිරිබත්ගොඩ ඤාණෙලා, හඳ පාන් ගොඩ නිවා තාපල බුද්ධාගම ගරිල්ලා මාකටින් කළේ.  සංඝ පාතාලයේ බිහිවුණේ මෙහෙමයි. ඇයි වතු-ගිරි-පුර-රාම හතර කට්ටුව මෙයාලට මෙච්චරම බය. හේතුව තමයි ඔය වතු-ගිරි-පුර-රාම සතර වාහල්කඩ රැකෙන්නෙත් දේශපාලනයෙන්.  අනුර කුමාරගේ වාමාර්ථ දේශපාලනය හරහා මේ අල්ලස, දූෂණය, අකාර්යක්ෂමතාව, මත්කුඩු, පාතාලය වගේම මේ සංඝ පාතාලය ද මර්දනය විය යුතුයි.  රජයක් විදිහට අනුර කුමාර දිසානායකට ආගමික කාරණාවල් වලට මැදිහත් වෙන්න විදිහක් නැහැ. ඒ පිළිබඳව වගබලා ගත යුත්තේ වතු-ගිරි-පුර-රාම හරහා ක්‍රියාත්මක වෙන සංඝ අධිකරණයක් ඔස්සේ.   ඥාන සාරලා වගේ අධම තක්කඩියන් ගැන වගබලා ගැනීමට, සහ නීතිය ක්‍රියාත්මක කිරීමට නීතිපති වගබලා ගත යුතුය. සාමාන්‍ය නීතිය සැමටම ක්‍රියාත්මකයි."
"Janaka Priyashantha","https://www.facebook.com/janaka.priyashantha.718","චනසර කියන්නෙ රට ගිනි තියපු මිනිහෙක්"
"Nalaka Nalaka","https://www.facebook.com/nalakadirect","Supiri"
"Asaff Muthasim","https://www.facebook.com/asaff.muthasim","එල කොල්ලා එල 👍🔥❤️"
"Saliya Senarathna","https://www.facebook.com/saliya.senarathna.256889","Uba ponnayek kiyala kiyanne"
"Rupi Liyanage","https://www.facebook.com/rupi.liyanage.5","ඇත්තටම කොන්දක් තියෙන නියම සිංහලයෙක්.👍👍👍"
"Arwin De Silva","https://www.facebook.com/arvin.desilva.12","ඔබ හරි"
"Chamika Gihan","https://www.facebook.com/chamika.gihan.331233","දැන් ඒවගේම දෙයක් තමයි ඔයා කරන්නේත්"
"Jagath Wellawaya Freeze","https://www.facebook.com/jagath.jagath.71465","Yapanaya pathata gihin ara samarana untath ohoma kiyannako balanna"
"Sirisena Pitigala Arachchi","https://www.facebook.com/sirisena.pitigala.arachchi","නියම තරුණයෙක්.."
"Bp Rathnayake","https://www.facebook.com/bp.rathnayake","මහින්ද රාජපක්ෂ සාටයෙක් වු චීවර දාරියෙක්"
"Rajantha Lakmal","https://www.facebook.com/rajantha.lakmal.3","Bp Rathnayake  පිලිගත්තා නෙ වහබ්වාදය මද්‍රසා පාසල් වල අන්තවාදය උගන්වනවා කියලා යකො පන්සල් වල ඔවා උගන්වනවාද"
"Thanuja Nilangani Wa","https://www.facebook.com/people/Thanuja-Nilangani-Wa/100090945961507","ඥානසාර හාමුදුරුවන් බුදු සරණයි"
"Lional Wijesiri","https://www.facebook.com/lional.wijesiri","Onna.ohoma.tamai.kiyanna.ona.oyalata"
"Sampath Bandara","https://www.facebook.com/sampath.bandara.73345","Supiri kollek"
"Ds Edirisinghe","https://www.facebook.com/ds.edirisinghe.2025","අත්සන්  ලක්ෂ 50 හොයන්න ඔච්චර මහන්සි වෙන්න ඕනී නැහැ. ක්‍රමයක් කියන්නද, කිහිප දෙනෙක් සමිතියක් හදාගෙන ගෙඩ්ය පිටින්. මැතිවරන. චනේද නාම ලේඛන  ඔක්කොම ජනාධ්පති. තුමාට ලොරියක පටවාගෙන ගිහින් දෙන්න."
"Alex Besly","https://www.facebook.com/people/Alex-Besly/pfbid0m68XJ4Q2fazbFAkx817ou8p7KWuafi6uxV4eXHMDSA85mRk6iV53Axhmo98vGswml","மனிதன் இவரைப் போல் எல்லோரும் இருந்தால் ஜாதி மத பிரச்சனைகள் என்றுமே இருக்காது நன்றி மணிலா"
"RC Selection","https://www.facebook.com/rc.selection.2025","Niyama kathava aiya.iam from jaffna."
"Wijesinha Bandara","https://www.facebook.com/wijesinha.bandara.948","මූ ඇවිල්ල ගිය ආණ්ඩු කාලෙ හමුදාව දාලා ඉඩමක් හදාගෙන රඟපානවා. මහණ වෙලත් නෑ මූල මූලය බෞද්ධ ආගමකට නිගා කරන එකෙක්."
"Janaka Alwis","https://www.facebook.com/janaka.alwis.18","මේ මාලිමා වැසිකිලි ඩෝබියෙක් නේ"
"Randi Nadish","https://www.facebook.com/randi.nadish","සහතික  ඇත්ත  කොන්දක්  තියෙන  නියම  පිරිමියෙක්...සුපිරියටම  කිව්ව...රත්තරං  වචන  ටික  අයියේ.."
"Neil Jayasiinghe","https://www.facebook.com/neil.jayasiinghe","අත්සන් ගහලා අර ගොබ්බසාරයා වගේ ජඩ පකිස්බූරුවෙක් බේරගන්න පුළුවන් වෙයි කියලා කියන ගොබ්බ  වජ්ජියො සෙට් එකක් තමයි ඔතන ඉන්නේ. ඕකුන්ට ඔයා කතාකරනව හොඳ වැඩියි. ඔහොම නෙවෙයි කතාකරන්න ඕන. අමු තිත්ත කුනුහරුපවලින් දෙසා බාන්න ඕන ඕකුන්ට"
"Susantha Abedeera Susantha","https://www.facebook.com/people/Susantha-Abedeera-Susantha/61579730453968","කොන්දක් තියන.නියම සිංහලය  හරි හො වැරදි  තැනක් නොතැනක් නොබල  ඕවගේ  බුරන්නෙ නෑ උඩ බලාගන කෙල ගහනව කියන්නෙ ඕකට"
"Susil Bandara","https://www.facebook.com/susil.bandara.237484","රට හරියට යනකොට මිනිසුත් හරියට යනවා ජය වෙවා"
"Chandrani Adrisingha","https://www.facebook.com/people/Chandrani-Adrisingha/pfbid02KRUtTbNkRhuTW7jHAENwJRU4t73Z1kjemAKYkY83csJmTaY2REzqcxuD8KfPrSVl","Meka safina keyanne bageta kathakrana sinhalada nama balanna senhala newei lankikayek neda ban"
"Padma Kumara","https://www.facebook.com/people/Padma-Kumara/pfbid035rBxi1vUae8h5SxP4ywkKBiSgeMxCWUeo6rcQUH6Fp1czFuQqAQjYRz848T4fCtsl","Oka kiuwane gasba anura sahodarayta kiuwane awagathakaya kiyala mata kiuwath"
"Dhammananda Himi","https://www.facebook.com/people/Dhammananda-Himi/pfbid0jbxrG9urBY7CqVe7tcTZ8MuCiFMt3NtFEkYEU78QUBRSM2Ke2eZVcombL7xWpLr9l","ඤාණසාර හාමුදුරුවෝ මිනිසුන්ට කතා කරන්නවත් දන්නේ නෑ පරුෂ වචනයෙන් කතා කරන්නේ."
"Praneeth Jinasena","","හරි සරලයි. ඉස්ලාම් අන්තවාදයක් තියෙනවද? නැද්ද?"
"Sujeewa Priyanthi","https://www.facebook.com/people/Sujeewa-Priyanthi/pfbid02Qtjys2DDYGXrhphU5mXrd2jkQHhnsrV7wwTfCw198AaRRNGMLYPmEi3yzMnZHwonl","Niyamai"
"Jarad Contraction","https://www.facebook.com/jarad.contraction","Waradi kalot sobawa darmayin dadueam aleyata awot nawata hate badayta udagade duina wane"
"Thissa Perera","","හරියටම හරි ස්තූති මේ චීවර දාරියාගේ තත්වේ ජනතාවට තේරුම් කරල දුන්නට 👍🙏🌹"
"Nelsan Diaz","https://www.facebook.com/people/Nelsan-Diaz/pfbid02TnAHhiDijT8QTFnn5MFgJVWRFYuCySjxK5g1nVw6qx62BAumBkz9HHWfhoMeyRmNl","Supiri kollek"
"Ari Perera","https://www.facebook.com/ari.perera.94523","ආඩම්බරයි ඔබ ගෙන  දුකයි  මටත් ඔතන ඉන්න බෙරිවීම ගෙන"
"Fernando Antonica","https://www.facebook.com/fernando.antonica","Hire dannama one"
"Wijethunga Ge Anura Wijethunga","https://www.facebook.com/wijethunga.ge.anura.wijethunga","Oyata penunnadda uthure koti samaranawa aka sadaranada"
"Kalai Chalvan","https://www.facebook.com/kalai.chalvan.2025","Sinhala.tamil.muslim.krusthiyanu.kiyala janathawa ayusala janathawa rawatapu kalai ewarai.esala eaka thrungana mathurula hondhai."
"Keerthi Bandara Bandara","https://www.facebook.com/keerthi.bandara.bandara.589133","Redda Mona supirida Meka..."
"Rohana Samarathungha","https://www.facebook.com/people/Rohana-Samarathungha/pfbid0gRQ5KeQjEmW28fgTicNgmr5gPpzU7pxsR2AJT7ivMwZ1uc1j4QagBv9ufyaanQCPl","siurats garukarala Ranjan ramanyakata karpu de kalanm hari ayata katakaran baha kiyala samawa Dena oni"
"Danstan Ranaraja","https://www.facebook.com/people/Danstan-Ranaraja/pfbid0219GtYmjr216HNQ4X5XaSL8HawhVoFrXGJYY2v47KjJyFwnCstnvqWzfkEhdVu7Ptl","Knanasara hamuduruwo gana monawada danne oyala.dannawanam  me ratata eya kala vinasaya oyala kathararanna ."
"Wijerathna Wijerathna","https://www.facebook.com/wijerathna.wijerathna.94849","Yas"
"Tissa Kkt","https://www.facebook.com/people/Tissa-Kkt/pfbid0ATeW8o4s26SEJmvoRcuFThHKagz5NA4FGDCCgkVjRLfKLKba2GfqChkXRxTUNsEZl","Kata keruwa hoda wadi.."
"නවගමුව කාලිංග","https://www.facebook.com/esmojafeq4","කෙරි හෝතයෙක් හාමුදුරුවෝ කල වරද මොකක්ද  රටේ අනාරක්ෂිත  බව කීමද."
"Nelu Maduwanthi Nelu Maduwanthi","https://www.facebook.com/people/Nelu-Maduwanthi-Nelu-Maduwanthi/pfbid02rQRsUy7e2DamDqR849egYD4XxrhAY35H2tbD5JxWaaDEeJ3ZfxfM2vEiHLKvE2ANl","Hm attamai ❤️"
"Gamini Kumarapeli","https://www.facebook.com/gamini.kumarapeli.2025","මම ආයි   ජිවිතේටවත් චන්⁣දදෙන්නැ  මුට සමාව දුන් නොත් උෘත් බල්ල"
"Nandasri Dias","https://www.facebook.com/people/Nandasri-Dias/pfbid02RDdo65nE9iSNdVu8wEsKik1vGx9WfHaWHtYs4fHHfYsduPjjjYAxzEoXz3dpLWT2l","Kunu pahara jeppi  kalavamapathyek"
"Sushanths Nirmal","https://www.facebook.com/people/Sushanths-Nirmal/pfbid04Uo8M82eWxD5nGKGvwQrprdSR84VfHyTprkdmRMtRThoDi2vcLDZzLPfCTDadzWXl","Pala huthta"
"Thushara Lokuge","https://www.facebook.com/thushara.lokuge.1","නියම කොල්ලා ela muchan"
"Chathura Jayasekara","https://www.facebook.com/chathura.jayasekara.77","සිංහල මිනිස්සු එහෙමයි ඔයාලත් ඒ වගේ වෙන්න අසාදාරන තැන ජාතියනෙ ආගමනෙ අපේ උන්නෙ කියල හංගන්න එපා"
"Jude Cyrus","https://www.facebook.com/jude.cyrus.775","Wisagora sarpayek  chanasara no chans"
"Noty Dulanja","https://www.facebook.com/noty.dulanja","ඒකනමි  සහතික ඇත්ත"
"Susantha Bandara Dissanayake","https://www.facebook.com/susantha.b.dissanayake","Munta ona parana kale wage minissunge kata wahala unta ona eka karanna. Meyala danne na eyala thama wahallu unata minissu wenas wela kiyala. Supiri machan. Respect you."
"සිත් අරණ සිත්","https://www.facebook.com/hepsinym3b","ඇයි එයාව එළියට දාන්නේ ඉන්නකමි කලේ සිවුර  දාගෙන  ජඩ  වැඩ"
"Ekanayaka Banda","https://www.facebook.com/people/Ekanayaka-Banda/pfbid02CbGjzzXaWAuJr97wBcCfqmS2gh7er4BZ5Fg6vuSRLgYhXGG5jgSkPXtrXYBtjMsEl","Ekenma.adambarai.saho.magen.dabal.seliyut."
"Piyarathna Madduma Hewage","https://www.facebook.com/people/Piyarathna-Madduma-Hewage/pfbid02aoQUBTdJd1xyQBphBALpJ6iYc7ZyHFgo4xvuAaf3oSWH2gbYC6gGieHWKubgZZXdl","Niyama ponnaa"
"Ravindra Janaka","https://www.facebook.com/people/Ravindra-Janaka/pfbid02VhE8ab9R3cWyFQmbYhkmPxiFeLtJATcSgmCqvYhfpd7yTXD5W6VTqzsVWtMQmQpml","patta kollek"
"Sujeewa Nishantha","https://www.facebook.com/sujeewa.nishantha.869412","මූට wadakata නැති katha  wak  කරේ  hipatuwa"
"Sripathy Selvamany","https://www.facebook.com/people/Sripathy-Selvamany/pfbid0egNxEBHCVc23Ezt6QgAekTZyscNxgYW955LA4ADBcDLEyEq67vUDMd3pbXxmdShNl","Sthuti malli jathi vathi nathuva akkanig oya"
"Saliya Dasanayaka","https://www.facebook.com/saliya.dasanayaka.16","Oun innakan rata haqanna be broo"
"Sanath Rathnayaka","https://www.facebook.com/sanath.rathnayaka.566","Menna pirimi akenma"
"Kamal Weerasinghe","https://www.facebook.com/kamal.weerasinghe.5","එකෙන්ම රෙස්පෙක්ට්.........."
"Rohana Wèerasingha","https://www.facebook.com/people/Rohana-W%C3%A8erasingha/61576350917683","Api sinhalayo api merAtata adare Meka thama Amma  mge Sri lankawa"
"Ilham Ilham","https://www.facebook.com/people/Ilham-Ilham/pfbid05TNEe6yuQtpyc21TwdZdxUiVBRX9pL9QVf4HgKBvJZn4AKyjY8HcgydBSyqsZwTnl","Oya marru ayya appi okma ekai  ekkea lea bilaed"
"Anusha Wickramarachchi","https://www.facebook.com/anusha.wickramasinghe.39","නියමයි පුතා"
"Minuka Atapathtu","https://www.facebook.com/minuka.atapathtu","මචන් කතාව සුපිරි කියපන් ඕන දෙයක්"
"Sameera Sunilshantha","https://www.facebook.com/sameera.sunilshantha","Gu kana ekek tho wagema ane pako.... 🐂🖕🖕🖕🤣😂😂😂"
"Rifas Mohamed","https://www.facebook.com/people/Rifas-Mohamed/pfbid02bvpd3d5Csiia6BaCDr971tNac4F4MnoNybiWZdu8Wr5rzb4UzRD2XwaEjwPXHJLTl","සුපිරි කතාව"
"Sandanam Stephen","https://www.facebook.com/sandanam.stephen.7","மனிதன் இறந்த பிறகு ஒன்று இல்லை"
"Senaka Panvilathenna","https://www.facebook.com/senaka.panvilathenna","මේකට සමාව දෙනවනම්,මරනදන්ඩනය නියම වූ අයට අත්සන් ලක්ෂ දහය බැගින් ගෙනාවොත් නිදහස් කරන්න පුලුවන්ද?"
"Sunil Soma","https://www.facebook.com/people/Sunil-Soma/pfbid0wjH1XLQStA6S7uJS8RgL2ags2puX8RAE14CeXk9dAUzoEyfaYvVoexp5eXWLdx1Pl","නියමයි"
"Lesly Janz","https://www.facebook.com/people/Lesly-Janz/pfbid0u21nHVaz2c1LCznpeXvQwkHjTnKDVKb6KvGjeD7u3LjUeGUKNRN3d3AgjUZmDZ5ql","රටෙහි තව දුරටත් සාමය එකමුතුකම නිදහස පැවතිය යුතුයි නම්  ඔය ඤාණ සාර හාමුදුරුනම ඇතුලෙම තියන්න රටෙහි පවතින සාමය නැති වෙනවා ඔය වගේ කෙලින් කතා කරපු ඒ මහත්මයා වගේ සත්‍ය දන්න අය තව තව අපෙ රටට අවශ්‍යයි"
"Chamara Nuwan","https://www.facebook.com/chamara.nuwan.1829405","Supiri pork boroo"
"Kanchana Nanayakkara","https://www.facebook.com/kanchana.nanayakkara.716","විශ්වයේ තීන්දු තමුන්ලට දරුනු වෙයි... හිර කරලා බලන්න...කර්මය නඩු අහන කාලේ"
"Naleen Abegunawardhana","https://www.facebook.com/naleen.abegunawardhana","Gonage kata hoda nahane uanta tiyanne bathtikak kala samaja hadanna"
"Wilumwickrama Wa Wickrama","https://www.facebook.com/people/Wilumwickrama-Wa-Wickrama/pfbid031hAQrjDsfooS63FpSEDGHbXJM8gKF5frXYxcopAzpEWYoBmLBzw8PABCG4L1CYTnl","නියමයි සහොදරය"
"Namal Bandara","https://www.facebook.com/people/Namal-Bandara/pfbid0RUGdrTpBywumDTMAeJSbi9W2fU6pBMMNJz7QFHMAYUhYkD7rGhpq5dTw1F6nEcqHl","Aththa malli"
"Thisara Premathilaka","https://www.facebook.com/thisara.premathilaka.2025","Anna ponnayek"
"Sriyalatha Fernando","https://www.facebook.com/people/Sriyalatha-Fernando/pfbid0iDutfbh3gusx1ZP85fvsLJhXbQMTUN1HXBEqybiourbbBtW4v4A6tJ7KbdQbEAcAl","අත්තපුතේ මුන්ට අපදෙන්නම නරකයි හොර හෙත්ත"
"Lanka Jathun","https://www.facebook.com/lanka.jathun","පිස්සෙක්"
"Rajaliya Rajaliya","https://www.facebook.com/rajaliya.rajaliya.2025","Srilanka sanga ayya"
"Tk Flower","https://www.facebook.com/people/Tk-Flower/pfbid08vCocowSgeKA3RsRt29dXxTi6KQ54RXq7BFuY4t3HPAqZNP1JYVvzP8eSoJbbRaNl","ලස්සනයි"
"Prasanna Amarasinghe","https://www.facebook.com/prasanna.amarasinghe.1","Mun kauda kata wahanna kiyanna"
"Sandun Wijesingha","https://www.facebook.com/sandun.wijesingha.153052","Mu koheda bn sinhalayek wanne mu thambiyek😡"
"Sudarshana Fernando","https://www.facebook.com/sudarshana.fernando.12","Me pakayonta Dane dennawath watinne na"
"Dhanendra Hansanath","https://www.facebook.com/profile.php?id=100001021699169","සුපිරි පොර කියන්නෙ නෑනෙ ඥානසාර හාමුදුරුවො කොතනදිද ජාතිවාදෙ ඇවිස්සුවෙ කියල ....දන්න කෙනෙක් කියනවද ?? ගොඩක් අයටඕනෙ ඥානසාර හාමුදුරුවො හිරේ දාන්න,, හේතුව මොකද්ද ඔච්චර තරහක් ඇති වෙන්න"
"Thusitha Sithamina Kularathna Kularathna","https://www.facebook.com/thusitha.sithamina.kularathna.kularathna","To kohmada me shinhala ratha  sinhala minusunge parshnawlatha atha ghnna go tabiyapala arbiyatha"
"Samantha Silva","https://www.facebook.com/samantha.silva.489397","නියමයි සහෝදරයා!"
"Samantha Kalyanarathne","https://www.facebook.com/samantha.kalyanarathna","තිත්තගල්ලට මා ගරැ කලා අභිධර්මය පැහැදිලි කරන විදිහ දැකල. ....  නැවතත් මා ඔහුට ගරැ කලා පවතින බුදුදහම තුල ඇති සාහිත්‍යමය මිත්‍යාවන්ට එරෙහිව කරැණු හෙළිදරව් කල කැකිරාවේ හිමිගේ පැත්ත ගැනීම නිසා...   හැබැයි මේ කරන වැඩවලින්.. ඊයා... රී ගත්තා.."
"Lal Padmasiri","https://www.facebook.com/lal.padmasiri.14","Yko thrstha wadin bna kiyannda dan plliwlta 💣  thibbe buddyoda gon lin denna apa"
"Ajith Kumara","https://www.facebook.com/ajith.kumara.90663894","Oka matanam gotayek"
"Kumari Kumari","https://www.facebook.com/kumari.kumari.236206","අනිවාර්යයෙන්ම .👍👍👍"
"Lasantha Deshapriya","https://www.facebook.com/people/Lasantha-Deshapriya/61578734713749","උඹලට😡😡😡😡"
"Chandana Koswatta","https://www.facebook.com/chandana.koswatta.2025","මේක දාපු එකා ගොං හරකෙක් මේකට හුරේ  දාන එවුන්  ගොං වේසිගෙ හැත්ත"
"Kumarasirilal Punchihewa","https://www.facebook.com/kumarasirilal.punchihewa","දලදා මාලිගාවට බෝම්බ ගහපු එවුන්ට චීවරය නයාට අදුකොල වගේ"
"Pamu Pamunu","https://www.facebook.com/profile.php?id=100014622971937","Ana pala sakkiliya yanna,uturu nagenahira dewal tota panna nadda"
"Araliya Rangana","https://www.facebook.com/araliya.rangana","සිංහලයන් වෙනුවෙන් කථා කල එක්ම හාමුදුරුවෝ"
"Damith Nissanka","https://www.facebook.com/damith.nissanka.357","සූකර බල්ලොත් අහුවෙනවා ඔය ගමන යනකොට පරිස්සමෙන් අපෙ හාමුදූරුවනෙ"
"Suseema Liyanage","https://www.facebook.com/suseema.liyanage.2025","හරිම  කතාව  ක් කරපුු  මහත්තයෙක් 💜️"
"Nimal Jayananda","https://www.facebook.com/nimal.jayananda.2025","මමත් ඤනසාර හාමුදුරුවන්ගේ රැස්වීම දෙකතුනකට ගියා මට තේරුනා මෙයා කාවෙනුවෙන්ද කඩේ යන්නේ කියලා."
"Laila Liyanage","https://www.facebook.com/people/Laila-Liyanage/pfbid03oopgmb769G58ZXyn3YsFw2ttKdXFTPBgVt3sm66pb4ePUoPiHbTWRgJ6frB4w4xl","Putha oya hari aththa athiseatiyean kiuwaokata hamuduruwo kiyala kiyana api amana gonnu okata kiyannaona amu thirisana amana asikkitha  nosandala sakkili balleak awa jathakayeak okata apa deanna kauda assan karannea katada apa deanna kiyannea  mea rajapakayangea anduwa neame meaka malima anduwa"
"Kumuduni Vipul","https://www.facebook.com/people/Kumuduni-Vipul/pfbid02ap4UUg9xC4SsztRwt4duisAtZkr1ryH2ddet12FgkyXy8tpRbJ1TLgRi6HJKfEqil","Muslim unta demala untaoonadeyak kìyanna pulùwan in puusowage hitapu eun dan sìnhaya weĺa ape hamuruwo witharai api wen̈uwen kathakaranna innehamuduruwoberaganna api oon̈a deyak karan̈awadalada samindu pìhita aaraksaawe  ape hamuduruwo nidahas wewa sadu sadu saadu"
"Dinusha Padmasiri","https://www.facebook.com/dinusha.padmasiri.2025","කතිරයක් කරපු හරියක්. දැන් මගෙ රට ගැන බයක් නෑ. මොනා උණත් මේ යන විදිය පට්ට.."
"Supun","https://www.facebook.com/supun.758704","Anai palayan yannna"
"Nevil Tomes","https://www.facebook.com/people/Nevil-Tomes/pfbid0DsD3dRPASdjJWpnU1TDmgz2wv56gcSCQqWRKS2hyQbat3XG79Qaxw5HXnPJ8PBn3l","Okata hamuduruwan vanse kiyanneth epa sakkiliya kivwanam thama watinne"
"Julina Julina","https://www.facebook.com/people/Julina-Julina/pfbid02v6NYPze8hUyxSCnb6pUjjW8Roz5AqDgt5KiWorKWhBkuk35VebKRVLpMmhGYu95al","niyamai.sahodaraya.hora.kahakadayta.dunna.ettihalenna.harinam.mu.siyr.dala.duwanna.ona.hoda.kondak.panatiyena.kollek.kiyadunna.supiriyatama.idulkana.kahakadayata.niyamai.BRO"
"Ajith Thopigala","","ඥානසාර කියන්නේ පාස්කු ප්‍රහාරයට සම්පූර්ණ වගකිව යුත්තෙක් නිරයේ ඉන්න ඕන එකෙක්නානලා සෙට් එකත් එක්ක ජීවිත කාලය ඇතුලේ ළඟ ඉන්න ඕන එකේ"
"Ranitha Piriyashani","https://www.facebook.com/people/Ranitha-Piriyashani/pfbid02xVWJ6CB1SPz8ipBVrpwzGwW3SPTET1pscSe2qBmQcVk1qQX5rBYtgmpcvf6FmFhsl","තොපි දැන් නිදගෙනද ඉන්නේ. දැන් තොට පෙන්නේ නැද්ද අර උතුරේ බුදු පිළිමයක් තියන්න බැහැ. තොට ඒවා හොයලා බලාපිය  උතුර ට එක නීතියක් දකුණට එක නීතියක් වෙන්නේ කොහොමද කියපන් කාලකන්නි යා සිංහල යට ජිවත් වෙන්න එක රටයි තියෙන්නේ එක මතක තියාගනින්. හැබැයි මේ පොළොවේ ඉපදුණ හැමෝම ජිවත් වීමේ අයිතිය තියෙනවා හැම ජාතියකටම හැබැයි මේ රටට වින කරනවානම් සිංහල හෝ කුමන හෝ ජාතියක් එවනම් බලන් ඉන්න බැහැ. දැන් හමුදුරු වෝ තමයි ජාතිවාදියා . දැන් ඉන්න ආණ්ඩුවේම උන් රට විනාස කරනවා රට පවා දී ඩයස්පෝරාව ට  උන්ට ඕනේ විදිහට තමයි රට දුවන්නේ ඒවා ගැනත් කථා කරපන් එක එකට කඩේ යන්නැතුව කාලකන්නි යා තව රටට ජයවේවා කියලත් කියනවා තොපි වගේ කඩේ යන උන් ඉන්නකම් රටට ජය වෙන්නැහැ."
"Chandrarathnaperera Rmcperera","https://www.facebook.com/chandrarathnaperera.rmcperera","Malli hari malliya"
"තනිකඩ ජිිවිතේ","https://www.facebook.com/people/%E0%B6%AD%E0%B6%B1%E0%B7%92%E0%B6%9A%E0%B6%A9-%E0%B6%A2%E0%B7%92%E0%B7%92%E0%B7%80%E0%B7%92%E0%B6%AD%E0%B7%9A/pfbid0TPzWTnudhqrk6ZiVhNicMe7p3ST3KitrWwKMkr1oh98Q4SpxUMjQKH2LbGGgYy9il","ජනපතිමොහුට.නිදහස.දෙනව.නමි..වහාම.ඩබ.බඩ.කපා.ගන්න"
"Anura Saman","https://www.facebook.com/anura.saman.741126","සමන්තගේ අත්සන් වැඩක්නැ නඩුකාර තුමාගෙ අත්සන විතරයි වලන්ගු"
"Kalai Kalai","https://www.facebook.com/people/Kalai-Kalai/pfbid0XEnFPEZsaU2eNfKn4tn4jMpHTYeW7cM8YDW5PCgQaDPmgTBWkWrkxBRTQxdy1xwsl","Supper bro I'm very happy"
"Sriyani Dammika","https://www.facebook.com/people/Sriyani-Dammika/pfbid0YFs23eEqzBtCHeD6hasF3WWH7pUJYJFw2Yy9ci8xoN5RYaEdngrtAFQN2Boojn5vl","niyamai. uththaraya"
"Buddhika Perera","https://www.facebook.com/buddhika.perera.90260","සුපිරි මචන් ගනයා ලෙප්ට් 🤣🤣🤣"
"ML Piyal Palitha","https://www.facebook.com/ml.piyal.palitha","සුපිරි මල්ලි"
"Mathivanan Mathi","https://www.facebook.com/mathivanan.mathi.5817300","Your karit God  bless you"
"Tanison Kumararathne","https://www.facebook.com/people/Tanison-Kumararathne/pfbid0qFA59M6daSm2zraWkdeiBZy26uQv2PKsCMHWZbUz4X9iCyXZP23SMfzp7ZFwCmbrl","Goothayek mun okkoma boo pala ane yakoo"
"Sisira Wijesinghe","https://www.facebook.com/people/Sisira-Wijesinghe/pfbid032n4uMTx4Qd8fBpVX8EwHaUT1dKmupLQovydCEZKYce9x2dRd18XtmZ7C5c5DRuekl","Okawa apitath sure naa"
"Chandana Rathnayaka","https://www.facebook.com/chandana.rathnayaka","රටෙ තරැනයන්ට විස පොවලා රට ලේ විලක් කරලා ඩෙනිම් ගහගෙන රට සවාරි ගිහින් සැප ගන්න ගනින්නාස්සේලාට සමාව දෙන්න හොද නැ.ඒක බුදු දහමත් අපේ රටෙත් විනාශයට මුලක් වෙනවාමයි"
"Karunarathna Dassanayaka","https://www.facebook.com/karunarathna.dassanayaka","පාටතුනේ කණ්නාඩි දාගත්ත සිංහල උදවියට තමන්ගෙ පාට වුන් කරන දේ හරි හෝ වැරදි උනත් හරි කියන මට්ටමට කපටි දේශපාලකයො මනස් හදල තියෙන්නෙ..උබල පොර කාපල්ලා.සිංහල එවුන්ට,බුදුදහමට ගරහපල්ලා,ලංකාව යටත්විජිතයක් වෙන දවස වැඩි ඈතක නෑ.එදාට අතීතෙ වගෙ ආයෙ පාට පක්ෂ අතහැරල එක්වෙලා සටන් කරපල්ල රට,දැය,සමය නිදහස්  කරගන්න.එතකම් කියල වැඩක් නෑ.නුතන පරපුර මේවට පිළිතුරු දෙන්නෙ.තම පරම්පරාවෙන් උරුමවුන පහත් භාෂාවෙන්.අනගාරික ධර්මපාල තුමා මියගියාම හිසවත් ලංකාව පැත්තට දාන්න එපා කීවෙ ඔය නිසා."
"Mohammed Jesmin","","Yes that's 100/1000% true.salute Mr Bro"
"Chandana Chandana","https://www.facebook.com/chadana.chandana.33","ඌ  සිංහල​යෙක්ද  බන්  ඒ  උඔට  ​පේන  විදිහ  මු  තනි  කරම  අමු  ​ගොනා  නියම  සිංහලයා  හාමුදුරුවන්  ඉස්සරහා  මී  හර​කෙක්  ව​ගේ දගලන්  නැ  මු  නියම  සක්කිලි​යෙක්  . කලවන්  එ​කෙක්"
"Mani Master","https://www.facebook.com/mani.master.988","Gaanasara venuven moo mokakatha kade yanne moo kaudha ara sahodharayava katavaana kiyanna."
"Fernando Pdpf","https://www.facebook.com/people/Fernando-Pdpf/pfbid03t4qBSPDTbhH8kxJjXHUFCThNvQg4o6M2EhfDSV6tsv7oxRTaaPgEcYsmH4yih11l","Pala ponna thamibiyo. Lankaea sinhaloyonge. Thambi ponnayonta Lankawe idal naha."
"Sunethra Nilmini","https://www.facebook.com/sunethra.nilmini.156803","මේ අවලං ඥානසාරයට සමාවක් නම් දෙන්න එපා ජනාධිපතිතුමනි.බොහෝ බහුතරයක් විරුද්ධයි මේකට.මෙයාට සමාව දෙන්න මට කැමති නෑ.සිවුර දාන්න අවලංගු වැඩ කරලා තියෙන්නේ ඒක හින්දා දෙන්නම එපා හොඳේ ජනාධිපතිතුමනි"
"Chitra Jayaratne","https://www.facebook.com/chitra.jayaratne.5","සම්පූර්ණ ඇත්ත.මිනිස්සු දැන් ඉස්සර වගේ ඇත්ත කතා කරන්න බය නැ"
"Tariq Jhan","https://www.facebook.com/people/Tariq-Jhan/pfbid02uM1qzJNWJ4oreoxt4H1ccDgVddUxYkVNifA4gD12KQ4tPBDpVF9YgMw9xhYW1LdBl","Anura janathipathi thuma kiwwa  neethiya kriyathmaka karanakota ess penenne nehe kan ehenne nehe kiyala sadahatama ape janathipathi anurasahodaraya❤️😂"
"Nissanka Adikari","https://www.facebook.com/people/Nissanka-Adikari/pfbid0pyYHQNArpSWHhBNu4xXf4wj92wHiogFQzFJSNtSWn5UqcLuWztmUQYfkQn6qQdEkl","නියම බඩුවක් ඈ මුල් කතා සම්පූර්ණ ඇත්ත"
"ඉස්සර සහ අද","https://www.facebook.com/people/%E0%B6%89%E0%B7%83%E0%B7%8A%E0%B7%83%E0%B6%BB-%E0%B7%83%E0%B7%84-%E0%B6%85%E0%B6%AF/61560043229679","Aniwaren ඒ සිවුර ඇතුළෙ ඉන්න  සක්කිලි සතා අනිවාර්යෙන් සිර දඬුවම් විඳින්න ඕනි. සතෙක් තනිකර ඤාණසාර කියන්නේ තනිකර සතෙක්"
"Manoj Kumara","https://www.facebook.com/manoj.kumara.98892","Hani karanna udalna hiwala"
"Madu Madu","https://www.facebook.com/madu.madu.467105","Budu saranai aiye oyata"
"Tharaka Dayanga","https://www.facebook.com/tharaka.dayanga.1","Ubala kohoma kiuvath sinhalayata muslim demala kiyala ne degolloma himin arinava eka notherenavanam bath kana eka aparade"
"Lilan Swaranga Karunanayaka","https://www.facebook.com/lilanswaranga.karunanayaka","Kawuda hu #ththo u porakda pa#kayo"
"Anil Perera","https://www.facebook.com/anil.perera.39982","නියමයි කොල්ලෝ නියමයි ඔහොම යං ඔහොම යං"
"Sumith Ashoka","https://www.facebook.com/people/Sumith-Ashoka/pfbid02SEwFx8brFkLw1wXjwV8tug567Be8GkrFfc81EnThcTeUnJe6WtLCuNFhVBcRiCzvl","ඔයාට.සැලුට්.සහො"
"Priya Sooriyasena","https://www.facebook.com/priya.sooriyasena.1","Niyamaiiiii"
"Sanjeewa Somasiri","https://www.facebook.com/sanjeewa.somasiri.31","මු බලපන්කො සුපිරි පොරක්ලූ උන් ඔක්කොම මුස්ලිම් ඉ අනිතවාදෘයො එකා එවලා තියෙනිනෙ උන් තමයි   ඤාණසාර හාමුදුරුවො නැත්නමි පාසිකූව සිංහලයා පිටම මුන් සෙටි එක ගහනවා    බෞද්ධවිරොධියන්ට ගහලා එලවනිනෙ කොන්ද පන තියෙන  සිංහල බෞද්ධයෙක් අනුරාධපුර හිටියෙම නැද්ද"
"Upali Thennakoon","https://www.facebook.com/upali.thennakon.25587","සමාව දෙන්න එපා මු මහා  සක්කිලි හාමුදුරුවන් කෙනෙක්"
"Duminda Prasad","https://www.facebook.com/duminda.prasad.140","Pissek..  Porak venna dagalanava.."
"Lesli Deegala","https://www.facebook.com/people/Lesli-Deegala/pfbid06ZajjGmPJAF1tc4qadMSt1cKhqKbpULpBtiftQhH2WdQrvuCJnJ5BZmWr8PgZSorl","Uba kiyana vidiyata niyama ponnayek"
"Malkanthi Malkanthi","https://www.facebook.com/people/Malkanthi-Malkanthi/61572959055299","සුපිරි රටට ආදරේ ඇති මනුෂ්‍යයෙක්"
"Rajika P Weerakoon","https://www.facebook.com/rajikap.weerakoon.3","සුපිරිම  සුපිරිම පොරක් එකෙන්ම"
"Buddika Bandara","https://www.facebook.com/people/Buddika-Bandara/pfbid0igtSDf7NzhjgDM3DiQS3uRR75fVXQBPA37LGfhkPx59m5b4XdqzcJYtWvLT28nPCl","ඌ නියම සිංහලයෙක් බව කලවම් ජාන ඇති උන්ට වැටහෙන්නෙ නැත... උන් හොයන්නේම බලු ජාන ඇත්තෝ කොහෙද ඉන්නෙේ කියාය..."
"Chandra Alageson","https://www.facebook.com/people/Chandra-Alageson/pfbid02eHzMrB28ukgL3hUcmo2wG6pnNS3TGVgvtqPvzaWiPVnH5RGKNkurFivsf2ht3Reml","Very true"
"Rashi Priya","https://www.facebook.com/srilall.buluwana","මුස්ලිම්  මිනිසුන්ගේ  සහජීවනය  ඔවුන්ගේ  ගොඩ වැඩිවන කම් පමණී  කීසිම මුස්ලිම් මනුස්සයෙක් ඔනිවට වඩා විශ්වාස කරන්නේ නෑ මම නම්"
"Wasantha Wijesinghe","https://www.facebook.com/wasantha.wijesinghe.5855","නියම කොල්ලෙක්.දෙනවා දොබෙන්.මරු 🤣🤣"
"Ruwan Sisira","https://www.facebook.com/profile.php?id=100078525318314","Sinhalaya tama sinhalayata kelawanna hadanne"
"Rajakaruna Prasad Karunaratne","https://www.facebook.com/rajakaruna.prasadkarunaratne","එහෙනම් හැමෝටම සමග ගන්න පුළුවන් නේ. හාදයෙක් guusaara"
"Deepal Gunasekara","https://www.facebook.com/profile.php?id=100077127383120","ඔතරමිි සුපිරි නමිි නැගෙනහිර පලාතේ ඉන්න සිංහලයන්ට වෙන අසාදාරණයටත් ඔය වගේ කතා කරපල්ලකෝ එහේට ගිහින්..."
"Sameera Sameera Randika","https://www.facebook.com/sameera.randika.79","Palawathe  dobiyek   thama"
"Thushara Edirisinghe","https://www.facebook.com/profile.php?id=100005135432810","ස්ක්කිලිනේ මුන්"
"Mohamed Makeen","https://www.facebook.com/profile.php?id=100001069016756","සුපිරි පොරක්..... සුපිරි සිංහල කොල්ලෙක්.... මුළු රටම එකට..... #nppsrilanka #koolboy_safee #fyp #NPP #AKD #srilankan_tik_tok 🇱🇰 #SriLankaNews #srilanka"
"Sapumal Krishantha","https://www.facebook.com/sapumal.krishantha.2025","අර ඉත්තෑවට ඔය වගෙ ටොක් කරන්න එකෙජ් නෑ නෙ"
"Mwimal Sudarshana Mwimal","https://www.facebook.com/mwimalsudarshan.mwimal","සහරාන් ජාති හිතෛශී අයද. දේශප්‍රේමීන්ද?"
"අංජුන වීරසිංහ","https://www.facebook.com/anjuna.weerasinghe","පංති පහේ ගවයෙක්"
"Thenuwara Palitha","https://www.facebook.com/thenuwara.palitha","එළ එළකිරි 👍❤️❤️❤️"
"Kristi Thennakon","https://www.facebook.com/people/Kristi-Thennakon/pfbid02nLyNA1uYTQCBN8kQ6mZJyZJ3ukub7R32rcJq9SL8gnHAp7A8cSPh5tFp6g6d4NUgl","අපේහමුධුරුවන්වහාසේලාට,අපහසකරන බල්ලොඔනතරන්ඉන්නවා,ගනාන්ගන්ටඑපා"
"Indunil Nadeeka","https://www.facebook.com/indunil.nadeeka.2025","අනිවා........👍👍"
"Senawi Rathna","https://www.facebook.com/people/Senawi-Rathna/pfbid035ckrd66CPhW2tsNXKAmz8NBc1TjbkTYhMgnnDd5Mmx1hc2Hv6pPGTzDNU8TARrdMl","ඕක ට මට කියන්න තිරිසන් නමකුත් නෑ දෙයියනෙ"
"Indika Thushara","https://www.facebook.com/indika.thushara.7712","sunhalayek newai ban pissu huththak"
"Melaka Thilakarathna","https://www.facebook.com/dalissa.mugalassa","සිංහල කම ගැන තේරෙයි උබලට කල්‍ යයි"
"Gamini Mathanga","https://www.facebook.com/gamini.mathanga","අත්සන් කරන්න එපා"
"Rajantha Lakmal","https://www.facebook.com/rajantha.lakmal.3","Gamini Mathanga  සිංහලයෙක් නම් අත්සන් කරපන් මොකද කියන එකත් මුස්ලිම් නෙ ඌ උගෙ ආගමෙ වැරදි කියනවද වහබ් වාදය මද්‍රසා පාසල් වල උගන් වන හැටි ශරියා නීති ටිකක් හොයලා බලලා අත්සන් කරපන් පස්සෙ කියන්න එපා අපිට වැරදුනා කියලා"
"Ajith Perera","https://www.facebook.com/people/Ajith-Perera/pfbid02C9HCtkuDYyTWQPKkVeBfj6aEMEXUMpX52i1eMCsZ9UdAP494eeyd3t5DNkGMNkMhl","අත්සන් කොච්චර ගත්තත් වැඩක් නැහැනේ ජනපති සමාව දෙන්නෙ නැහැනේ"
"S Ruban Champa Ruban","https://www.facebook.com/srubanchampa.ruban","U great 👍👍👍"
"Cecil Nihal","https://www.facebook.com/cecil.nihal.2025","නියමයි මචං"
"Nalin Pathiran","https://www.facebook.com/people/Nalin-Pathiran/pfbid05hnKjcy47x7jpYs2GaoD2dYFuyBkhHwSbHBKrVUhsBji6nm5iJpV8Az6EwYAsFXvl","Aththatama"
"Raveendra Sanjeewa Wickramaaratchi","https://www.facebook.com/people/Raveendra-Sanjeewa-Wickramaaratchi/pfbid0o9iS2kC9PYhi1YwLQqjuZVpAsKBJSYtVRQdFGZwSj66k3f5uVbwGjdLApLD35JFPl","Okata hoda wadea rata venasa karana un"
"Rpl Kumara","https://www.facebook.com/people/Rpl-Kumara/pfbid02PfyRoh9FxU57ArW9CdgvXiun6YnCNdWKDzaZoKUXNtgXJQhovfoMP4KDDqWT661zl","Me kruthima  galabodaya,thiththaya karana veda valin uthum maha sangayavhanselath apahasu thavayata path venava"
"Piyumal de Silva","","Minissu hithanna patan aran"
"Thushara Sajeewana","https://www.facebook.com/people/Thushara-Sajeewana/100006371701799","Mekath habbayek"
"Seenar Paceer","https://www.facebook.com/seenar.paceer","Green yaka patan gaththey"
"Susantha Koswatta","","Kawadawa th  sama den na epa  parawal wadak den na"
"Thusitha Buddika","https://www.facebook.com/people/Thusitha-Buddika/pfbid032CkybekoFmLkaYEQahpT58tfc7Efzi4L6EhECAbg4LrR3241PWxGYTqYqtMYg1nvl","Munta mama vanna ona mawa nawthhana ona apith parata bainnna ona munwa alawanna oya phawath ponnayak seuradagathha"
"Sanjay Kulatunga","https://www.facebook.com/people/Sanjay-Kulatunga/61563020250131","අවජාතක ජෙප්පෙක්. ඌ කතා කරන විදිහෙන්ම තේරෙනවා"
"Leo Lanka","https://www.facebook.com/people/Leo-Lanka/pfbid024ifWVdyrzRaDSUfzY2HkmUECoAkMuWTDGdwBPg5664y9VDxGUWtaZ7cn2vRUEHEdl","Kari thambi pakayo"
"Kumudu Gunerathne","https://www.facebook.com/kumudu.gunerathne01","කල්ලතොනියෙක් ඉස්සර කාලේ ඉදන් ඔහොම එවූන් හිටියා"
"Dougles Silva","","එයා නිදහස් කලොත් මේව හදන්න බෙරිවෙනව ...අනෙක් උනුන් ඕව  කරාව්"
"Saman Kumara","https://www.facebook.com/people/Saman-Kumara/pfbid0exS44jay8NAYfsg6gDi8PEWREJws7tvJGBeea6juZPzNJ32tCBGomr71ygvG3eDPl","කිසි.සේත්ම.සමාව.දියයුතු.නැත.ඵසේ.කිරිමට.ජනවරම.තුල.ඉඩක්.නැත"
"Dulcy Ganegoda","https://www.facebook.com/dulcy.ganegoda","ඔයා හරි පුතේ.නිර්මල දහම ලංසුවට තබා පාලකයින්ගේ මනදොල පිරවීමේ අාදිනව"
"Laksman Perera","https://www.facebook.com/people/Laksman-Perera/pfbid0PRfi8NAwmv4xvGy48MpHbW1fzwefQiykVaurs66s7qzYeGoNZ2Hcf3p3971GHVY6l","Ane yako sinhalyoda tho  thopi ekanaligoda benne ayi kiyala hoyapan ityhase kiyawapn UDDE pawa dunna hamadama pawa dun ekneligoda wage unta thopi Adinaw kiyanna thopi demalunwa jathaka wecha pakayo leggayi yako maha jatiyak agama pawa denawa wada nambui puka diya pirimi Spa eka kata gihin"
"Dinesh Kulathunga","https://www.facebook.com/dinesh.kulathunga.14224","ගණය rata beda binna karapu eka"
"Pushpakumara Janaka","https://www.facebook.com/pushpakumara.janaka.2025","Ane pala yanna"
"Asanaar Mohammathu Shareefdeen","https://www.facebook.com/asanaar.mohammathu.shareefdeen","සාදුලාට තරැපෙන්ටම කතාකරපු  රටට අවස්සියම තරැණයා"
"Kumarie Dharmapala","https://www.facebook.com/kumarie.dharmapala","Obata 3333333 Deviyo Araksha keradeva"
"Mohamed Nizmy","https://www.facebook.com/mohamed.nizmy.2025","📢 කරුණාකර මගේ පසුම්බිය සොයා ගැනීමට උදව් කරන්න ආයුබෝවන් හැමෝටම. කරුණාකර මෙම පුද්ගලයා සොයා ගැනීමට මට උදව් කරන්න.  මගේ පසුම්බිය කොළඹ, දෙහිවල පොලිස් ස්ථානය අසල Keells එක ඉදිරිපිටදී නැතිවී ඇත. වීඩියෝවේ සිටින පුද්ගලයා මගේ පසුම්බිය රැගෙන යන බව පෙනෙන අතර, සිදුවීම වීඩියෝවේ පැහැදිලිව දැක්වේ.  කරුණාකර මගේ පසුම්බිය මට ආපසු ලබා දෙන්න, නැතහොත් දෙහිවල පොලිස් ස්ථානයට භාර දෙන්න.  පසුම්බියේ ඇති මුදල් මට අවශ්‍ය නැහැ. මට අවශ්‍ය වන්නේ මගේ රියදුරු බලපත්‍රය, හැඳුනුම්පත සහ ක්‍රෙඩිට් කාඩ්පත පමණයි. මම මේ වන විට කොළඹින් බොහෝ දුරක සිටින අතර, මගේ රියදුරු බලපත්‍රය ඉතා ඉක්මනින් අවශ්‍යයි.  කරුණාකර මගේ තත්ත්වය තේරුම්ගෙන 0762742191 අංකයට මාව සම්බන්ධ කරගන්න. මගේ පසුම්බිය ආපසු ලබා දුන්නොත් මම ඉතාමත් ස්තුතිවන්ත වෙමි.  කරුණාකර මෙම පෝස්ට් එක බෙදාගෙන මගේ පසුම්බිය සොයා ගැනීමට උදව් කරන්න. 🙏  ඔබගේ කරුණාවට සහ අවබෝධයට බොහෝම ස්තුතියි. 🙏"
"Mohamed Nizmy","https://www.facebook.com/mohamed.nizmy.2025","[Image Attachment]"
"Mohamed Nizmy","https://www.facebook.com/mohamed.nizmy.2025","[Image Attachment]"
"Chandrasiri Hewa Weera","https://www.facebook.com/chandrasiri.hewaweera.5","මේ සිවුරු රදවන ජාතිවාදය ,ආගම්වාදය අවුස්සල කොහොම හරි රටේ අර්බුද ඇතිකරන්න හදන්නේ ."
"GM Pemarathna","https://www.facebook.com/people/GM-Pemarathna/pfbid023P8Ehk7sr2yTxDgi2mHt4htJVKGNkVK6WpGgogVCM8SvYWEeFE2SjgNJiQNjRZCsl","ඔය.හමුදුරුවෝ.දෙන්නටම.හොද.රැකියව.පොල්කඩනඑක.වලල්ලක්මමගානේ"
"Rock Rock","https://www.facebook.com/people/Rock-Rock/61558446105156","Maalimawata jayawewa"
"Wijaya Bandara","https://www.facebook.com/sugat.bandara.7","Thopi komat ahema wenawatA kamati nari...ura.."
"Chandani Jeewa","https://www.facebook.com/chandani.jeewa","මූ කවලම්  ජාන"
"Uddika Nuwangana","https://www.facebook.com/people/Uddika-Nuwangana/pfbid0YCG1rByPC2cXuCtE9cmaquqRfTE59rKgXzorCjA3683JKgk1BEUwfVKmtNPQ3Lrel","අපිට ජාතිභේදයක් ඕන නෑ මෙයාට ජනාධිපති සමව දෙයි කියලා මමනම් හිතන්නේ නෑ හැබැයි ඔයලගේ කට්ටියත් ඉන්නවා ඒ වගේ මතකනේ ඒ කලේ පල්ලි ඇතුළේ තියලා හම්බවුන දේවල"
"Wajira Pani","https://www.facebook.com/people/Wajira-Pani/61584999322671","නානසාරවත් සෞදි අරාබියට යවන්න ඕන බෙල්ල කපලා මරන්න ආයි කාටවත් අල්ලා දෙවියන්වහන්සේට අපහාස නොකරන්න"
"Kapila Dharmawardhana","https://www.facebook.com/kapila.dharmawardhana.79","Ballek"
"Spm Karunathilaka","https://www.facebook.com/people/Spm-Karunathilaka/pfbid02gTh2tgMqJYJLqjihnB7Xqvx9XQt4MvjGGyAzLm6nHNQGckCaAEz4upHi1erNaKdjl","ගනේෂන් යනවා"
"Premarathna Bomiriyage","https://www.facebook.com/premarathna.bomiriyage","Soorasena  innakam  hodai"
"Suda Suda","https://www.facebook.com/profile.php?id=61551765967047","Niyamai yalova"
"Harald Morais","https://www.facebook.com/harald.morais.7","ඔක්කොම හරි නමුත් හිත වාවන්නේ නැහැ. ජනාධිපතිට කියනවා වැරදිලා හැදිච්ච එකෙක් . නැති කරන්න අන්නාසි ගැට කෑවාලු. මෙලෝ මිහිහෙක් කියන කතාද?"
"Ws Siril","https://www.facebook.com/ws.siril","ඔයතමයි සංග පාතාලෙ කට්ටිය මහ පාතාලයව බෙරගන්න හදන්නෙ"
"Palitha Kumara","https://www.facebook.com/people/Palitha-Kumara/pfbid032FvfhXeGBNWXez2ZXCU4X5iheJg4uPvt1C6xpFFiznjvsQ3326YgEH8Ra6eX361Ll","Ekemma"
"ඉන්දික ගුණසෙන","https://www.facebook.com/5wrgo8a7qh","අසං පිණ්ඩිපාතය."
"Nelita Amarathunga","https://www.facebook.com/people/Nelita-Amarathunga/pfbid02n7KZsSvca8mdgfFPv2FXyc3XiMDPsLRE8BNb1j598YWUqNZLrRygn1t3k5kNwNBPl","ඔබ නියම පුතෙක්   රටට  සම්පතක් 🌺🌺❤️❤️❤️"
"Navi Minu Tube Well","https://www.facebook.com/navi.tubewell","සුපිරි අයියේ  නියමයි"
"Alrx Scott","","නියම  sinhayo"
"Ishara Madushanka","https://www.facebook.com/ishara.madushanka.436885","සිරාවටම තනියම ගේම  ඉල්ලනවා"
"ඕලු කුමාර","https://www.facebook.com/sjd18tbqbu","බොලාට ඔන ඔන විදිහට නටන්න දුන්නනම් අන්න හොදයි ඉස්සෙල්ල අන්තවාදී කල්ලිතියනවනෙ අන්න එඅවනැතිකරපල්ල ඉස්සෙල්ල"
"Thilak Surendra","https://www.facebook.com/people/Thilak-Surendra/pfbid02FAtaSeWpNQVtLd1E64m8QTkpAU35MbwdxD9RE4fJJtkkLnnhqBjx7R7svCYQ5ianl","Singhala yes nowei  Awajathaka para wesige putha Moo anthawadee parayek"
"Gamini Kularathna","https://www.facebook.com/gamini.hett","වරදිකලානම් දඩුවම්දියයුතුයි"
"Sugath Weerathunga","https://www.facebook.com/people/Sugath-Weerathunga/pfbid0Le9RXPHAsifY1d1WwXwrH59L8VgRvh8BzUtTUejTk3cuew4zZhXmNYnSba5iZRa3l","Me yanayata  APA ganna  Ida  thiyanne  epa  kisima  himinamakata  deshapalanaya  sudusu  natha"
"Anwardeen Idrees","","අනිවාර්යෙන්ම ඔබ කියන්නේ ගත්තා"
"Nalani Karunarathna","https://www.facebook.com/nalani.karunarathna.14","ඔයාමයි සහෝදරයා නියමයි"
"Taraka Mapa","https://www.facebook.com/people/Taraka-Mapa/pfbid0Epo83LuM9BvyARVcjhuR5AFDtXyijyLGsi6ZqhBNpK2PDnV9WT8PA5tbHUhGKeYPl","වැරදි 😊"
"Satthi Sathya","https://www.facebook.com/satthi.sathya.88","Yes brother"
"Janaka Dammika","https://www.facebook.com/janaka.dammika.479384","උන්ට.කතාකරන්ඩ.ඔනෙ.ඔහොමතමා.සුපිරි"
"Tharanga RA","https://www.facebook.com/people/Tharanga-RA/pfbid0Gpn41p56uqZ1X9HjH9s1xzdPxTGo6McBqApnnBpwPd5hDKKevQr21MUqvKZEQq1Xl","නියමයි සිවුරු රදවනවලට දෙනව කොර වෙන්න"
"Warana Somarathana Himi","https://www.facebook.com/soma.rathana.1","කාලෙකට පස්සේ දැක්ක නියම කල්ලතෝනීයෙක් . මෙවුන්ට තියෙන්න ඕන අරාබියේ නීති. රට ,ජාතිය, ආගම අංක 1."
"Janaka Sanath","https://www.facebook.com/janaka.sanath.714","Sakili  J V P  karayanga  gu kana  sakiliyak"
"Lalith Gunarathna","","Tittagale hamuduruvot kuggetai. Niyama bauddaya.   Ratta adare pudgala.  Rata kabasiniya vanavata akameti pudgalaya. Rate sorakamata   duusanayata.   virudda  pudgalaya. Obanovei.  Nirbertava.  Katakala.  Ema mahata"
"Sanka Weerasinha","https://www.facebook.com/sanka.weerasinha.2025","අනිවාර්යන් ඇදෙරෙ"
"Wasantha Wasantha","https://www.facebook.com/people/Wasantha-Wasantha/pfbid0FKr3JVJVvpyUa6eb3ToyLrZJtXSahfZ19MVJndBTSUcsbEprrQvbvEFWhHr1ymLdl","Supiri. Sahodaraya. Pinbatata. Dena. Tibbe. Kane. Park. Jatiya. Aussana. Sakkiliyo"
"Ranjith Padmasiri","https://www.facebook.com/people/Ranjith-Padmasiri/pfbid06hE76DxWSZX626oi771zTFDQo9kYqLqyUokxUFHQwRbKuT9Cifhp3Pam7u95oJkHl","බයියෙකුට බැහෑ පගාවක් නැතුව මේ වගේ වීර ක්‍රියාවක් කරන්න්න.ඡෙප්පෙකට පමනයි..."
"Sanjeewa Sanjeewa Sanjeewa","https://www.facebook.com/people/Sanjeewa-Sanjeewa-Sanjeewa/pfbid02PGpaej939J1s416bvsGsJVKvUT2wbMeMY4HrySVyxWnAF2agUy5VTDCLf3Sd5haKl","Pako tho mewa dekke neda hutho"
"Nelson Jayaweera","https://www.facebook.com/people/Nelson-Jayaweera/pfbid02chpLCMfTCnPaHGpt3H4B7nje5FLJjSUMu7tqBwDUd8nboi3i1ufTvcdceiCaxDz4l","තිත්තගල්ලගෙ  දේසනාවලුත්  අප්ප්‍රියවුනා  ඤනසාරය  වෙනුවෙන්  පෙනිසිටිම ගැන  ඤනසාර  කියන්නෙ  එල්ලුම්ගහට  යන්න  ඕනැඑකෙක්"
"Padmasiri Subasinghe","https://www.facebook.com/padmasiri.subasinghe","ඤාණසාර කියන්නෙ පිස්සු බල්ලෙක්...මූව නිදහස් කලොත් ආයෙ කන්න පටන් ගන්නව..ළිහන්න කලින් අතීතය විමසා බලන්න."
"Nirosha Edirisinghe","https://www.facebook.com/nirosha.edirisinghe.758","Nieyama awajathakayek"
"Imasha Gunathilake","https://www.facebook.com/people/Imasha-Gunathilake/pfbid02HceKtUXBZ7jVfhzFL6maMcGGBhCH6NARe5CXdQ9nEULGWcAjqjYYAkwDeQk2kNZ8l","Pala pala thopita therai"
"Sagarika Wickramanayaka","https://www.facebook.com/sagarika.wickramanayaka.2025","අනිවාර්යයෙන්  ආදරෙයි..හොදම වැඩේ"
"Chameera Nuwan","https://www.facebook.com/chameera.nuwan.771","U koheda sinhalaya Yako u gobbayek"
"Samantha Samantha Samantha","https://www.facebook.com/people/Samantha-Samantha-Samantha/pfbid0boPyvJHo26EMfdS1GdNLjpnZRZrZW8Uc6JocLm4eStpjuex3x2a2NHDiws8PDjdql","නියම සිංහල පුරවැසියෙක්"
"Mohamed Rizvi","https://www.facebook.com/mohamed.rizvi.257467","Vary good speech bro"
"Samanthi Rasadhari","https://www.facebook.com/madu.perera.3701","ජය වේවා මල්ලි බුදුසරණයි  .👍👍👍👍👍👍🙏🙏🙏🙏🙏🙏"
"Sarath Gammudalige","https://www.facebook.com/sarath.gammudalige","Neecha.jeppek"
"Liyanage Rajee","https://www.facebook.com/liyanage.raji","ඔහොම කතා කරන හැමෝම අමු සිංහලයෝම නෙමෙයි.තක්කඩිත් ඉන්නවා..කාට හරි කෙලවන්න ඕනි නම් කොන්ද කෙලින් එකෙක් වගේ පොර ටෝක් දෙනවා....😂😂😂😂😂"
"Safran Siddeek","https://www.facebook.com/safran.siddeek.1","U maha balu katha kiyana ekek kisi charauak nati ballek janadioathi thumatat ethumage mawatath apahasa karapu paharayek"
"W De Silva","https://www.facebook.com/wasanthi.wasanthi.90281943","ඕකා දන්න ඔන ජිවිතේ කිසිදු කෙනෙකුට කරදරයක් නොකර ජිවිතේ තිබේන තුරාවට   එලියට මුදාහැරීම  බැරී වෙන්න"
"Sahan Pradeep","https://www.facebook.com/sahan.pradeep.357","මුෂ්ලිං අයට මෙයාලද සිංහල කියන්න? ජාති... බුරියානි අරගල කාරයො"
"ඉමේෂා ගුණවර්ධන","https://www.facebook.com/renuka.gunawardena","Ow ow moda gon sinhalayo innakan tamunlata owa hondai thamai.pawkara jathiya."
"Sri Lanka Tour Wicky","https://www.facebook.com/wickramasinghawicky.dm","නියමයි ... නීතිය කාටත් පොදුයි  .."
"Srinath Seneviratne","https://www.facebook.com/srinath.seneviratne.56","මේ ඝණයෝ ටික කනවා සිවුරු නෙමෙයිනං 🤢🤢"
"Balapathira Onandi","https://www.facebook.com/people/Balapathira-Onandi/pfbid04u9eiKLPYfZ1E323PyhGb7Up6eunc97xq6nxAeuzQFEy7CMeECgHgWDDs198qEMvl","Patta porak moo.."
"Hasidu Himasha Hatta","https://www.facebook.com/senaka.bandara.1023611","මු ටනිකර.පිස්සෙක්"
"Renuka Atthanayake","https://www.facebook.com/people/Renuka-Atthanayake/pfbid02QUpo2dvaEJ7g2Er83qPSd2ea6oAkq1GdESiqB1Bb8joqxgDiGWabFbqqcyV6dDkLl","නිදහස්‍ කරන්න එපා"
"Kumari Dissanayk","https://www.facebook.com/people/Kumari-Dissanayk/pfbid0TVzs5hn8vd6xJXuxN1oZMBo9Kmf4EEvwNpxDrcRg5NhgYqssrxZ1e43cxJVuQuGkl","නියමම සිංහයෙක්"
"Nirosha Kunari Kumari","https://www.facebook.com/people/Nirosha-Kunari-Kumari/pfbid0HQXKJSHTmuN2LJniqfgYABfBrEpJFdNpBRfPNpT7NdQvSQwnCBLFpgdY7ALSAnUal","Man kiyanne anivaren daduvam laba denna one"
"Chameera Madushan","https://www.facebook.com/chameera.madushan.664721","Ithin ban obalage palli vala thanikara vapuravanne anthavadaya ne  1 deviyek yata kiyala ne  kiyanne"
"Kadirvel Jayakumar","https://www.facebook.com/kadirvel.jayakumar","True take bro. Jayaveva sago."
"Trendy Appreal","https://www.facebook.com/dushmantha.trendy.7","Nodakin thoge sinhala kama"
"Matara Richad","https://www.facebook.com/people/Matara-Richad/pfbid02qzqgoC6KVeEjzLUfNkZpnJTobYGabm2hkFDEoPmYsrwAGo1zonS4rfYXbeiY29F3l","හොද වැඩෙ. හොර කහකඩයින්ට පාඩම් උගන්නන්න වෙලා තියෙන්නේ."
"Ashrafdeen Ashraf Ashraf","https://www.facebook.com/ashrafdeenashraf.ashraf","Supper sri lanken man jayawewa oyata Allah deviyange prathanawa lebewa"
"Chaminda Kumara","https://www.facebook.com/people/Chaminda-Kumara/pfbid025fvcCBspkBdQrbCfwH5p6SADGJ2L8Jr6VquS9AHUa34xgJfMiDYBaowrE7M1HEPnl","Eatha kathasa"
"Mahen Gunasekara","https://www.facebook.com/mahen.gunasekara","Ohhhhhhhhhh putha great speech no word's to say god bless you"
"Rm Swarna","https://www.facebook.com/people/Rm-Swarna/pfbid02bwaxj3MdNj9ds51dX2TNtXj2DjZYcjnpbnxcBcMNhwZehPbbtcj6hzdHLuXwydhLl","Pala.gothaya."
"Shiranstudio S","https://www.facebook.com/shiranstudio","කවද හරි තෝpe ජුන්ඩත් කාලක් කපපු දාට තේරෙයි pke  සිංහල පො න්නයෝ මුං නම්"
"Asanka Perera","https://www.facebook.com/asanka.perera.3990418","Sinhalyak nmi පො## ක්"
"Ciril Ciril","https://www.facebook.com/people/Ciril-Ciril/pfbid0ffH4fmVnBDCdky3HSCv3eW2CdvgqJqU7N5kKHufwr8oQdsyqsWZu3gAUjZejZDAwl","Mun. Gukap Niwatayo"
"Kasi Kosala","https://www.facebook.com/people/Kasi-Kosala/pfbid02riT1eQeTCjANe6MPksNpLRSrgoR52CfPfaFp2Gw81QPgoqUcB64Sg4YaNTwwLdYfl","sinhalayage drohiya sinhalsyamaei anagathaye wennayanadegana thodannawada"
"W.S. Sampath","https://www.facebook.com/shevon.sampath.7","අත්සන් කියක් ආවත් වැඩක් වෙන්නේ නෑ.."
"A. A. D. Adikari ","https://www.facebook.com/aadadikari","අනිවාර්යෙන් 👍කියන්න වචන නෑ"
"Billy Hargev","https://www.facebook.com/people/Billy-Hargev/pfbid0LsuZCA1sgv9CudiTfKaeT9NdKo3uRv9s6MicuNt2wtQueuS9QtTyCp2sYvTNEn7tl",", Supiri malli good"
"Kithsiri Gallage","https://www.facebook.com/kithsiri.gallage.90","Super malli"
"Kariyawasam Bovithanthri","https://www.facebook.com/people/Kariyawasam-Bovithanthri/pfbid02oP2tLogQsEe4HsyVcrUXnEnu8WgHfGt1srimLQTEqsH2Thu9Ser2rBQ6yBPGEJWl","Ratataadaraateneamssenhalakollek"
"Sarath Kumara Sarath Kumara","https://www.facebook.com/people/Sarath-Kumara-Sarath-Kumara/pfbid0Aue3F2hDyLpybfbpyZSu1E2NrY7b9N6umkGeFkKexKfyW2itaMMQqbTrqWUPqohPl","❤️❤️❤️❤️❤️නියම කොල්ලෙක් 🥰🥰🥰"
"Sithy Rojini","https://www.facebook.com/people/Sithy-Rojini/pfbid08uz8rQRtq6ohaLUx5F8X7PhsGp7YZ57FmosDEqaXZsVEZmwB9Xv8LpdgPrv5SBTel","Super brother 🙏 Aallah bless you 🤲"
"Ruwan Kumara","https://www.facebook.com/ruwan.kumara.469511","NIYAMAI MACHN ❤️"
"Indika Aruna","https://www.facebook.com/people/Indika-Aruna/pfbid0HHruWqc7JcND91CwNcNNGgQCTthtDfVmNh4V2GKsHWcJ1A3aKnFwXAME6j3gbNv9l","Udadodiyakda"
"Saman Wijaya","https://www.facebook.com/saman.wijaya.77","සුපිරි කොල්ලෝ සුපිරි"
"Sarath Sarath","https://www.facebook.com/people/Sarath-Sarath/pfbid0fRJGEbFXWE3n4AEmsPG1dUtjQPGLsSVmjDDPvCmAZM7tuMsw4aW58gmu3g44eBgCl","Malley  oya harey jathewadaya awessuwa"
"Fathima Zilfa","https://www.facebook.com/fathimazilfa19","Weldone brother...said fearlessly"
"Chandana Chandana","https://www.facebook.com/chandana.chandana.396381","යකෝ දැන් මේ පන්සල් වලින්නේ කරදරේ"
"Kms De Silwa","https://www.facebook.com/kms.desilwa","Ai adane gana"
"නිහාල සරත්","https://www.facebook.com/people/%E0%B6%B1%E0%B7%92%E0%B7%84%E0%B7%8F%E0%B6%BD-%E0%B7%83%E0%B6%BB%E0%B6%AD%E0%B7%8A/pfbid02raNHKQo8W1rFnVqCtsJhxRx8y4fGuhebLroVD6NkaVnXxyFtY4fgiLnc9k6NCdwMl","එහෙම කරන්න පුලුවන්ද අත්සන් අරන් වැරදි කාරයෝ නිදහස් කරන්න පුලුවන්නම් නාමල් නිදහස් කරගන්නත් අත්සන් ගනී"
"Indika Wimal","https://www.facebook.com/people/Indika-Wimal/pfbid02p5LTX2sKnneHtxvNZFrRCho5VkQR5F7ERoiuoQrfT2YM6zU9k6Lx9w6wZ25iU41Sl","On sinhalaya..dawasaka danewe..."
"Anilsiri Kumarathunga","https://www.facebook.com/anilsiri.kumarathunga.7","Thans ma Can umbata mama deraniuagala"
"Anura Wijewickrama","https://www.facebook.com/anura.wijewickrama.94","ගොන් නාම්බෙක් පෝස්ට් එකක් දාලා."
"Wasantha Vaas","https://www.facebook.com/wasantha.vaas.9","Respect"
"Senavi Rathna","https://www.facebook.com/senavi.rathna.704336","සත්‍ය කතාව පුතා එකෙන්ම  respect ."
"සිත නිවන","https://www.facebook.com/people/%E0%B7%83%E0%B7%92%E0%B6%AD-%E0%B6%B1%E0%B7%92%E0%B7%80%E0%B6%B1/61574435030456","රටම එකට කියලා තමා හිතාගෙන ඉන්නේ හැබැයි උතුරේ ගිහින් බොදී පුජාවක් ,පිලිමයක් තියන්න වන්දනාවක් කරන්න බෑ. හැබැයි රටම එකට වෙන ජාතින් බහුතරය උනාම අපි හිතාගෙන ඉන්න ඔක්කොම එකයි රටම එකට ජාතිවාදී නෑ කියන එවා එදාට තෙරුම් ගන්න පුලුවන් වෙයි ."
"Niel Hettiarachchi","https://www.facebook.com/people/Niel-Hettiarachchi/pfbid0t1azV4oZMTVS9Uanx6rB2N4aPJ47rL4uFvaL8TLfbyiNFNvDmuw8bvsMg3mH9JLCl","Dusitayo anda siwrata abiyogada Kala sinhayek"
"Sumith Sumith","https://www.facebook.com/people/Sumith-Sumith/pfbid024ENxM9WEYMkiuRJpC4EenREjWkXZQG9FB1Qtc1EsoecoVQWFh4hYLs2ZQ4ySAyN2l","සුපර්"
"Ruwan Kumara","https://www.facebook.com/people/Ruwan-Kumara/pfbid033KxV8eLFVaoTYhoGwsejKzrHyf1U3RvDmrH81yyU1RHxMXvS5htrmKE9CSFu3xETl","සූපිරි  කතව"
"Thilak Chandrsekara","","Aniwa ❤️"
"Vandevert","https://www.facebook.com/vandevert.2024","NIYAMA AWAJATHAKA porak."
"Chandrani Manel","https://www.facebook.com/people/Chandrani-Manel/pfbid0TWytxmDD84gwnxjWw98wA1UAy8FMb5y7Fb4KEMjA7V9Sa8g6mf5JmgQw3tx3RhBbl","Uba.hare.malle"
"Athukorala Mma","https://www.facebook.com/athukorala.mma","හැටනම.ලක්ෂෙටමූට්ටියදාලබලන්නෙඇඟිලිමාර්ක්*තමයිගන්නවෙන්නෙ,#"
"Sevadurai Selvakumar","https://www.facebook.com/sevadurai.selvakumar.9","Super.man.God.bl"
"Sudath Fernando","https://www.facebook.com/people/Sudath-Fernando/pfbid02QxTLsusZ7BSiWcJBeVVxYkD1D8ooxyq2sLVuGCEUr5E4VayDW1AbJKWfKDoAmdJdl","Very appreciated your reaction"
"Bandu Samaranayake","https://www.facebook.com/people/Bandu-Samaranayake/pfbid02uQwuCqBVZGGypM2mYexParKUaFbCXGjkjtFienodbHM4zSxjv1GFDJXwG32yMeACl","I do not understand  Can we sign a petition and change the law and make someone free."
"D Bou Max","https://www.facebook.com/people/D-Bou-Max/pfbid02kZfE2HvkDYgzMcdf33z7oweMnvSsAMBryDijns7rWQm8s7BKngoMoUVxkYJHomVcl","Uba ammta hukpu aka  suwar"
"Vidanagamage Jayantha","https://www.facebook.com/people/Vidanagamage-Jayantha/pfbid02f83Riak5EJSaVbC8d9MNt3pr14aERekq1XGbgnhkio9ZtmyhpZU2CCUWF8bNCcpkl","Ow ow apa denna EPA.apa dunnoth   ubala yatin gahapu gem ayith eliyata adivi. Muslim  un okkoma nevei goda dennek yatin gahan Yana geme eka Eli kare Satan kare hamuduruvo nisa ubala bayay eliyata avoth nam ivarai mulu lokema den dannava ubala Gena ekai hama thanama ubalata gahanne.mulu loketama sapayak vela inne ubalava. Mage yaluvo innava Muslim eth uba vage nam nea.kiyala mama visvasa karanava.kohoma unath soba dahama kiyala deyak tiyanava hamuduruvo hire dammala. Ubala dinavi puluvan nam soba dahamenuth gema illala dinala penna palla"
"Wishwa Deshan","https://www.facebook.com/people/Wishwa-Deshan/pfbid0uzataUYEvdM6FbN9xyLXuFQWzwM1KrNuNS1jyfHSDbYQzFKK82MQWJj63XYK8tUxl","ඔය විදිහට පාරට බැහැලා වැඩ කටයුතු කරගෙන යන ඇති කරෙ කවුරුන්ද ජනතාව තමයි"
"Swarna Warna","https://www.facebook.com/profile.php?id=100024615683086","බුද්ධ ශාසනයෙ මළකුණු"
"Upali Ekanayaka","https://www.facebook.com/people/Upali-Ekanayaka/pfbid038PBkXaA2KndJvSQLu3QCKnXs6x64v6AfhfM9b1fUioLQfpup3HouevC27s98ySE7l","මේ සුනකයාට සාමාව දිය යුතු නොවේ"
"Suneth Roshan","https://www.facebook.com/people/Suneth-Roshan/pfbid02UrQmuERFuGQNbWMEEaVUCHL27bqdxf9s4YX2z5CewqirY1f6gXJrgFKUdVUgKxkgl","Maru Machan"
"Niroshan Rajapaksha","https://www.facebook.com/people/Niroshan-Rajapaksha/pfbid0wK99vYcFiKY3SYAvbnAsvEmNGtDbFnD67Mit5FRuLFAo8opDLgSofzfB69n7dfVul","Thambi unge jathiya wadi Una dawasata Arina aka Arinawa edata therei"
"Thangavel Kumaravel","https://www.facebook.com/people/Thangavel-Kumaravel/pfbid0tqe2vEtPqTsavCJcWCJkiypb6zUaXy44prRHRQ17beCdNaXDByn5NTqRucMEkG9el","සුපිරිම සුපිරි ටෝක් එක."
"Sujata Takshila","https://www.facebook.com/sujata.takshila","ඇත්ත කතාව."
"Nevil Rathnayaka","https://www.facebook.com/people/Nevil-Rathnayaka/pfbid02bXfmtf4z4UwRLaSfJX31bTJn7yB7rrk1M3RhznqBjHq4piVJU9vVFKdJVp6cz9C1l","Ma hamuduruwanta baninna J V P karayo J"
"Vadivalu Neethi Neethi","https://www.facebook.com/vadivaluneethi.neethi","I c. Fist. Time. Ce. This. Huntry. God Sun. My prather. You   and you are. Family. God bless you"
"Sanjewani Verakkodi","https://www.facebook.com/people/Sanjewani-Verakkodi/pfbid025oTfcAxGoWFjMLLNCrVjYvizQ2DCbapWJvHrWUyirDyngKHt1t8pEiAso733zcUml","Ow ow hareyatama hare  mahaththayooo"
"Lalith Kumara","https://www.facebook.com/people/Lalith-Kumara/pfbid05QrYqSd64V9CvrirtDNjNsNgTQcpoB5L7xT4Fz2KX2FZaXxiSWNy9ATPnA6zA8CJl","Kondapanaathimahattaya pattai"
"Sugathapala Jayalath","https://www.facebook.com/people/Sugathapala-Jayalath/61593949473598","Aka.kawadawath.wanna.nanapaty.samawa.gan a.ba.malli"
"Sithum Kavinda","https://www.facebook.com/people/Sithum-Kavinda/pfbid0dQ7hvN4TCqK1KGcNJpn8ua5eYAdDqcjvzzriYyqUzYVhcmkkVUiFwEw2n1mkbGKSl","ඔබෙි කතාව සමිපුරණ පිලිගන්නව  සහතික ඇත්ත .තවත් බෝන්එගෙන් කියල වසංගතයක් දැං නිර්මානය වෙමින් පවතිනව ලගදිම මිථයව කියන වචනෙටත් උසාවි යන්න හදන්නේ ඒ නිසා ඒ ගැනත් මෙි වගේ විඩියෝ එකක් බලාපොරොත්තැ වෙමි"
"Wasantha Kumara","https://www.facebook.com/people/Wasantha-Kumara/pfbid02vj4oarbJnkoKm5d4F3c7oMxeXvKQKN25V3dYPiahProHVECQs6MMjiYkDozXtjcdl","ඔබ හරියටම හරි තරුනය  මේ වගේ චරිත ගැන අවබෝධයෙන් ඉදල   ජනතාවට  පැහැදිලි කර දෙන්න තරම් ඔබ දැනුමෙන් පරිපූර්ණයි දෙවිපිහිටයි.   බුදු සමිදුගේ නිමල දහමට නිගා කරන මෙවැනි  චීවරධාරින් පිටු දැක හෙලා දමමින් කතා කරන විට   මෙවැනි  සගුන් නිසා  කලකිරෙන අන්‍යාගමික   ජන කොටස්  යහපත් අදහස් දරන.ඔබ වැනි අය හරහා   යම් දුරකට ඔවුන් අස්වැසිල්ලක් ලබනවා"
"Deepani Edirisinghe","https://www.facebook.com/people/Deepani-Edirisinghe/61590597831968","නියමයී සහෝදරයා"
"MJ Perera","https://www.facebook.com/people/MJ-Perera/pfbid02SerSnWtVZty93cxJUnhtxYuNCkUyBaADA4JGeBbB7RkiHm7x3x6azR2cjoKzW3v2l","Oya gon siruhorata an tiyenaeada balanna"
"Nandani Perera","https://www.facebook.com/people/Nandani-Perera/pfbid02fFgo5XwCNpt4DP5LDHiEVGeVVnhP4qLyPia5HMtpCYg9fTUPBtbkoHk6cjXrx2gLl","රාජපක්ෂලා ගෙ  ටොෆිය  කෑවනම්  සොරිම තමයි"
"UD Prasanna","https://www.facebook.com/ud.prasanna.2025","හාමුදුරුවෝ එක්ක බලන කොට මු කොමද සිංහල වෙන්නෙ... 😂😂😂"
"Sanoj Nethsara","https://www.facebook.com/xtnsudda","ඔයත් ඒ වගේම නියම සිංහලයෙක් තමයි අයියෙ රට වෙනුවෙන් කතා කරන 😌🇱🇰🫂🫀"
"Nihal Nihal","https://www.facebook.com/nihal.nihal.922027","Pala pala"
"Priyani Karunaratne","https://www.facebook.com/priyani.karunaratne.1","හොරාට හොරා කියන්න තක්කඩියට තක්කඩියා කියන්න සිංහලයෝ තරම් එඩිතර අය නෑ මේ ලෝකේ...ඒකනේ මාලිමාව කරපු එකම පෙරලිය..."
"නිරෝෂා කුමාරි","https://www.facebook.com/people/%E0%B6%B1%E0%B7%92%E0%B6%BB%E0%B7%9D%E0%B7%82%E0%B7%8F-%E0%B6%9A%E0%B7%94%E0%B6%B8%E0%B7%8F%E0%B6%BB%E0%B7%92/pfbid02dsJrmc6AwKw1RXwEApJweM3J1PRxNGTJX26XhaH6YsE16aifr2m38VZ4wEQUw87Nl","නියමයි"
"Shelton Paul","https://www.facebook.com/people/Shelton-Paul/pfbid0bg5bGiitpVCQ9hkhwoEi7iUALiCwk96YFmTZBt2T1K8dMApUdBWBmKe38L78SuFpl","Neyama singhala kolelake,homa thamaye oyawage ganayaneta amathanena ona jayawawa."
"Sugath Msw","https://www.facebook.com/people/Sugath-Msw/pfbid0S2htYeyFi6xtkvz5jmsn2geAjGHutdHVE3RtHtBD2yeWmhAqd8x7TZ7qCpJRQKjnl","සමාව   එපා"
"Priya Vincely Soysa","https://www.facebook.com/priya.warusha","🐕 wa 🐕kiduwey danna oney?eahemanam oaya hirey inna pody nadu tiyena ayawa janadipathi samawa denna hiragewal poddak hiss karanna,nayata kiry dila haduwath u nayamai? aba saranai?danwath oaya agam jathi wadi nathuwa ediry paramparawata nidahasey inna denna?me hamuduruwanla pody lamaya dushanaya karapu wely mehema bassada???"
"RSconstruction Kandy","https://www.facebook.com/rsconstruction.kandy","Ethakota ubalage saharanla hodaida ban..mawanalle budupilima kadawpuwa"
"Chandika Gallage","https://www.facebook.com/chandika.gallage","එල කොල්ලෙක් ❤️🙏"
"Muhammad Muhajirin","https://www.facebook.com/muhammad.muhajirin.798216","ආන්.නියම.සිංහල බෞද්ධ සංස්කෘතිය. රකින. හොදම ..සිංහල බෞද්ධ යා.ඵය.සිංහලේ"
"Muhammad Muhajirin","https://www.facebook.com/muhammad.muhajirin.798216","Bro.උබට.සදා.ජය.බොක්කෙන්ම"
"Nandani Nandani","https://www.facebook.com/people/Nandani-Nandani/pfbid0Hsps16y7sNn3hkkmne8KYYA7NQ76EZtoCvuKm8AQRFvdCDtDmfYTgW2YfEsdhqjal","සුපිරි"
"Rajkumar Kumar Kumar","https://www.facebook.com/rajkumar.kumar.kumar.871936","ගමින් ගමට නගරෙන් නගරට මේවගේ කොන්දක් තියන මිනිස්සු ඉන්නවානම් අත්සන් අරගෙන ඉවරයි"
"Indi Jayasinghe","https://www.facebook.com/people/Indi-Jayasinghe/pfbid0c8Q76KyUiS3fxN76SsRA4mdtgqyJ19Fp8ui88mCLMW5qGLjHwuhbyu5vLwAfwC6el","ආණ්ඩුවේ --"
"Asoka Rathnayaka","https://www.facebook.com/asoka.rathnayaka.543","මේ හමුදුරුවොත් ෂුවර් නෑ මිහින්තලේ  හමුදුරුවෝ දැක්කනේ උදව් කරලත් හැමදේම දීලත් ආයෙත් අනික් පැත්තට හැරුනානේ ඒ නිසා මෙයත් ෂුවර් නෑ"
"Hemantha Galagedhara","https://www.facebook.com/hemantha.galagedhara","ඒකෙන්ම නියමයි"
"Donga Dong Dong","https://www.facebook.com/people/Donga-Dong-Dong/pfbid03242EySNpz5vZtxm1nWnKQixN4c68JSGRkdtUxrt7VNy6MAvD9D3hCq71EzbCVM9Bl","අවංකවම සුපිරි සිංහල යා. අල්ලාගේ පිභිටයි ඌට."
"Rock Fraide","https://www.facebook.com/rock.fraide","Suppar brother ❤️❤️❤️❤️❤️"
"Gayan Rathnayaka","https://www.facebook.com/gayan.rathnayaka.777363","Munta kiyannae pakae ganayo"
"Nethuli Dissanayake","https://www.facebook.com/people/Nethuli-Dissanayake/pfbid0h1ugHguWbufVLZjKwa2QZ3UC3D5v3QiQpEfKd9uexeeYaasiUpa5UA6M6ychY7Ewl","අමු කුහකයෙක් ඌ 😂"
"Dm Chaminda Bandara","https://www.facebook.com/dm.chaminda.bandara.2025","Ape suwaminwahansetabanina unta dawasak ai thrum ganna balamu apehamuduruwan akka api ඉන්නවා"
"Sunil Tillekaratne","https://www.facebook.com/sunil.thilakarathne.186","හිටපු පාලකයින් ට බලය ලබා ගැනීමට පාස්කු බොම්බ පිපිරවීම් සදහා ජාති ආගම් භේදය වැපිරීම සඳහා මුල් වූ අය. ස්වභාව ධර්මය පවා දඩුවම් දෙනු ඇත."
"Saluka Kalpa Denuwara","https://www.facebook.com/saluka.kalpa.denuwara","සහරාන්ලාට හුරේ දානමරක්කලයන්ට පශ්චාත් භාගය පුදන ජාන කලවම් එකෙක්"
"Herath HM","https://www.facebook.com/somarathne.herath.2025","ඔය දේවදත්තයාට ජනාධිපතිතුමා වෙතින් කිසිදු සමාවක් නොලැබෙන බව ඉර හඳ වගේ විශ්වාසයි."
"Saliya Pallegedara","https://www.facebook.com/saliya.ru.5","අනිවාර්යෙන් මේ වගේ වෙයල්ලා හැමෝම මේකට සිංහල දෙමළ මුස්ලිම් කවුරු උනත් කමක්නැහැ නියමයි"
"Lasitha Fernando","https://www.facebook.com/lasitha.fernando.1800","Ekenma"
"Sumudu Wasantha II","https://www.facebook.com/people/Sumudu-Wasantha-II/pfbid09eaSiD8u4Br4X7Zs3jWVinU5oPUKRQGdNgUtfwqFoCFCziF6rvsgxLZFMovuarH5l","නියමයි සහෝදරයා . .. සම්පුර්ණ ඇත්ත කතාව .... 👍👍👍👍❤️❤️❤️"
"Thamil Neshan","https://www.facebook.com/thamil.neshan.141952","Suddo ouwa dapan balu weda karapuwa"
"Amith Sanjaya","https://www.facebook.com/people/Amith-Sanjaya/pfbid02ekXbJf4ULqoTkXYF87AvR1YVmg7ehitqCmcS669JTUm7Td88KrZMLP41S4AfSCgtl","සිංහල බෞද්ධයෙක්ට ගරහද්දි බනිද්දි කොච්චර දේවල් කියනවද ඊට පක්‍ෂව,හාමුදුරුවන්ට බනිද්දි කොච්චර සපෝට් එකක් ලැබෙනවද,බුදුන්ට අපහස කරද්දී,බුද්ධ චරිතයට සමච්චල් කරද්දී කීදෙනෙක් ඒදේ අනුමත කරමින් සමච්චල් කරනවද,හැබැයි මුස්ලිම් ආගමට යම් දෙයක් කිව්වොත් යන්තම් හිත රිදුනොත් කොහොමද නීති 😡ඔය හිරේ ඉන්නෙ මුස්ලිම් එවුන්ගේ අන්තවාදී දේවල් විවේචනය කරපු නිසා,තම්බි ඉබ්‍රහිම් නානා ගෙදර,හාමුදුරුවෝ හිරේ 😡ඒ මදිවට හාමුදුරුවන්ට මේ බයික් එකේ ඉන්න වේ za බල්ලා කියනව බෝම්බ ගැස්සෙව්වලු 😡"
"Amila Sanjeeva Warallagama","https://www.facebook.com/amilawarallagama","කතා කරපු විදිහ හැසිරුණු විදිහ වැරදි ඇති. හැබැයි මුස්ලිම් අන්තවාදය ගැන කිව්ව දේවල් ඇත්ත..England America වලට කරලා තියෙන දේ බැලුවනම් මේක ගොඩක් හොඳින් තේරුම් ගන්න පුළුවන්."
"Amal Asanka","https://www.facebook.com/amal.asanka.574394","සුපිරි පිරිමියෙක්"
"Shanthi Kumri Dissanayaka","https://www.facebook.com/shanthikumri.dissanayaka","හදවතින්ම ආදරෙයි"
"Devika Ranasinghe","https://www.facebook.com/people/Devika-Ranasinghe/pfbid0k875v6DeQv6FcnKjLKMYGRbzwqsjqfQL4Zwm2gyfT78JeYxGBXTLAKDCMmbsMtF6l","සුපිරි කොන්ද"
"Sisira Kumara","https://www.facebook.com/people/Sisira-Kumara/pfbid0sPz3gzm2hoXuWAufPthFjuQdqPzsMPZYFXxUd7zFnKvdcdjfwmqBLAEUADiFu9Wzl","මචං නියමයි ."
"Shihan Sampa","https://www.facebook.com/shihan.sampa","සිවුරු ගලවලා full time දේශපාලනයට එනවා නම් සමාව ඉල්ලුම් කරපියව් 👈"
"Ratnam Ratna","https://www.facebook.com/people/Ratnam-Ratna/pfbid0zTCF4PkZJdjKFEKA8x2pd1YBX5N9Nw5t1QF7vUpF41UMDTf1Esmy3EpxnptAAqRql","Hayath diagrams ginithiyai mea sansunbawaya nethiwai aniwarayai"
"ලක්සපති ලක්සපති","https://www.facebook.com/people/%E0%B6%BD%E0%B6%9A%E0%B7%8A%E0%B7%83%E0%B6%B4%E0%B6%AD%E0%B7%92-%E0%B6%BD%E0%B6%9A%E0%B7%8A%E0%B7%83%E0%B6%B4%E0%B6%AD%E0%B7%92/pfbid08hD34h8GD8o7nJJS8RrL4voGPPoitQyrbUz8pypDan5qKKu8W1L5Z3NKDMnfhQial","Amu parayek"
"Asanka Gunawardana","https://www.facebook.com/asanka.gunawardana.678349","Thadi gon buru meeharak.  Return aka anakota thota dana ganna puluwan jeppo thowa kalisam galawela gas yauwa kiyala.  Pau thoge gani.  Lamaya."
"සුලග සුලග","https://www.facebook.com/people/%E0%B7%83%E0%B7%94%E0%B6%BD%E0%B6%9C-%E0%B7%83%E0%B7%94%E0%B6%BD%E0%B6%9C/pfbid02mrgp1XRv1NuxsepVzH7Ersz49GuKbdgeavS2ACSBu1a3bqN3YhNaFhRMP2nL1cPfl","කරන හැම එකකටම  එහෙයි  එහෙයි කියන උන් දැන් .නැ. ඒ ඉස්සර(හොදට  හොද දෙය මිස( නරකට හොද නැත)සුද්දගේ කොඩිය  බිම දාපු උතුම්  හිමිවරැ හිටියේ ඉස්සර)"
"Krishantha Sujith Kumara","https://www.facebook.com/people/Krishantha-Sujith-Kumara/pfbid02BsfPiYLLxP7jHyXG3Nvn2tYrgLGefxJtkyGFoAxqok8RDzhyRPBJZ4q9F7fYpKeKl","Ow ow hamuduru kenekta baninawa dakkama thamai ubalata sinhalayo penne neda ane nikn palayan gothayo tho Muslim ekekne sihalayo moda na yako uabala wage"
"Kami Kawai","https://www.facebook.com/people/Kami-Kawai/pfbid0aiAVGxJHVVizJ4kfeNPeTHkkkeyWPbMrQ8pMZmepBU56nq3ML7cRoVRtgQSC6atZl","Galagoda Gnanasaara sakkili pakaya hiremai Inna Oni"
"Wk Sarath Kumara","https://www.facebook.com/wk.sarath.kumara.2025","Super.koolek.respat.macan"
"ශාන්ත ගමගේ","https://www.facebook.com/q6u3q8nmnh","එල එල එකෙන්ම ආචාර  කරමි"
"Manjula Wijerathna Gunasekara Wellalage","https://www.facebook.com/people/Manjula-Wijerathna-Gunasekara-Wellalage/pfbid0LhroyWacH9svSC8vfNNTmbQAzVxpNfwpkh48wwLYmspBJaQ6hecFznmVFeY4PYHxl","Oya Ganagedi heththa thamai rata kanne, oya heththa dakina thena banala pannana ona,,,,"
"Indika Ruwan","https://www.facebook.com/Indikaruwan.lk","පුළුවන්  nam  oy dewa  datha  නිකායේ   ayt  embilipitiya  anna  kiyanna ap  hofat  dane  dila  sala  kannm"
"Himinethi Adaraya","https://www.facebook.com/himinethi.adaraya.2025","Supiri kollek ♥️♥️♥️♥️"
"Chandraprema Dissanayake","https://www.facebook.com/chandraprema.dissanayake","Anura modaye k nemine"
"Shanthi Hewa","https://www.facebook.com/shanthi.hewa.667566","මෙගොතයාටසමාවදුන්නොත්තවලකෂගානක්ඉන්නවාසුලුවැදිකරපුැයවඑමනිසාසර්පයාදැනඉවසාඉමු."
"Kd Roshan","https://www.facebook.com/kd.roshan.397","ඩෝබි මැරයො හැම තැනම ඇලට් එකෙ ඉදපල්ලා. මේක දිගටම වෙනවා. මුන් කවුද කියල හොයපල්ලා.මුන් සිංහලු වෙන්න බෑ."
"Lalith Pushpakumara","https://www.facebook.com/lalith.pushpakumara.480188","ඥානසාර හිරේ යවන්නම ඕනේ"
"Dilina Thabrew","https://www.facebook.com/dilina.thabrew.3","ඕක බයික් එකෙන් අරගෙන මූණට දෙකක් අනින  එකෙක් හිටියේ නෑනේ ඔතන 🤭"
"Anusha Gangodawila","https://www.facebook.com/anusha.gangodawila","ඕක කල්ලතෝනියෙක්"
"Nimal Chandrasiri","https://www.facebook.com/nimal.chandrasiri.988","සුපිරි brother 👍🙏❤️"
"Shiran Chinthaka","https://www.facebook.com/people/Shiran-Chinthaka/100087142823512","Oya banina eka krsthiyan ethin okun kohomat garahanawa"
"Meenu Meenu","https://www.facebook.com/people/Meenu-Meenu/pfbid0eWzDJkNaeuiJULQKDM77ccUVrhpUvCYFPb1xckvxLJNQjU3cdEyZp8sUzNKENY7Ml","රටට සාමය  තමයි 1"
"Muneem Haniffa","https://www.facebook.com/muneem.haniffa.2025","Great to you 👍 brother."
"Asitha Kumara","https://www.facebook.com/asitha.kumara.794973","Ane palayan pako yako bukshun k katha k igena ganna one"
"Danushka Dissanayake","","නෑ නෑ මූ නම් අපිට මේ පොරක් නෙවෙයි සිංහල ජාතිය විනාශ කරලා තෝ වගේ එවුන්ට උදව් කරන එකෙක් තමා මේ"
"Madhuka Ganewatta","https://www.facebook.com/suneth.madhuka","නානසාර ගැන බෞද්ධයෝ පවා විරෝධය දක්වනවා. නමුත් උඹලා පාස්කු නඩුවෙන් වැරදිකාරයෝ වෙච්ච් උන් ගැන වචනයක් කතා කරාද? හොඳ වැඩේ කිව්වද? අමුම ජාතිවාදීන් තමයි උඹලා"
"Chandrasena Senanayaka","https://www.facebook.com/chandrasena.senanayaka.2025","අපේම එවුන් අපිට ඇරපු විදිහ shere ,කරලාවත් නානසාර වර්ගේ එකාලට පෙන්වන්න එකෙක් නැති හැටි ,🇱🇰ලංකාවේ සිදු වූ බොහෝ දේශපාලනික අපරාධයන් සදහා අවභාවිත වුනේ ,රාජ්‍ය ආයතනයන්වල ඇතැම් දූශිත නිලදාරීන් හරහාය🪷 ඊටපසුව අපරාධකාරයන්ගේ කලු සල්ලි සුදුකරන  දූශිත ආගමික සංස්ථාවන් හරහාත්, සමාජයන් හරහාත් කොන්කර දමා ඇති මිනිසුන්ව,ව්ව්දාකාරයේ අර්භුදයන්වල පටලවා , ව්ව්දාකාරයේ කායික මානසික අපයෝජනයන්ටත් ලක්කර,  දූශිත දේශපාලකයන්ගේ පවා මහා අපරාධයන්ට පටලවා , දූශිත නිලදාරීන් සහ ඔවුන්ව හසුරවන ලද දූශිත දේශාපාලකයන් අතපිහ ගසති සත්‍ය විකෘති කරමින්ම🪷 රටක බුද්ධි අංශ ප්‍රදානියාම මෙසේ මහා අපරාධයන්ට සම්බන්ධවන රටක,එවන් අපරාධයන් පුරවැසියන්ට සිදුකරන්න මෙලෙච්ච මානසිකත්වයන් ඇති අපරාධරාජ්‍යහි,දෙස් විදෙස් දූශිත නායකයන් සියවස් ගනන් පාලනය කල රටක අපරාධ ලෝකයකට වහල් පුරවැසියන් පාදඩව පරිනාමනය වූ සමාජයක, මාගේ පියාව සර්ථක පවුල් ජීවිතයක් ගත කිරීම එපාකරවා දැඩි පීඩනයන්ට පවා ලක්කර මහන කරවා , ඉන් හුදකලා වූ මාගේ මෑනියන්ව පෝලිමට දූශනය කර , බේබදු ගනිකාවක් කර , එයින් අඩපන වූ අප පවුල් සංස්ථාවන් තුල,  මාගේ සහෝදරියව නාවල ගුණසේකර ලමානිවාසයහිද ,  මීගොඩ මහාබෝධි ලමනිවාසයහිද දමා , මාගේ සහෝදරයාව නිතර මත්ද්‍රවය මත්වතුරට ඇත්බැහි තමන්ගේ නිවසියන්ට පවා වංචාවන් සිදුකරන එකෙකුන් බවට ඔවුන්ව පත් කරමින්,  අප ජීව්තයන් සරණාගතයන් කරන්නට  එදාමෙදාතුර අවභාවිත අපරාධකාරයන්ගේ දූශිත දේශපාලන බලයන්ට සහය වූ , අපරාධකාරයන්ගේ පවා දේශපාලන බලයන් පවා සාපමවෙලා ගියේ , දේශපාලන සරණාගතයන් බවට උපන් භූමින්වල පවා ඔවුන්ව පත්කරමින්ය 💐 එවන් දූශිත පාදඩදේශපාලනීකරනය වූ කලු රාජ්‍ය දනගැස්සූ, උතුම් කර්තවයක් අප මාතෘභූමිය වෙනුවෙන් සිදුකල වත්මන් මාලිමා රජයටත් , අසාදාරණයන්ට ලක්ව මියගිය  දෘශ්‍යමාන අදෘශ්‍යමාන සත්ව සංහතීන්ටත් , අප්‍රමාන පුන්‍යානූමෝදනා අනුමෝදන් කරමි 💐 බොහෝම පින් ඔබලාගේ කැපකිරීම්වලට 🇱🇰💐 සමාජයත් එක්ක ඉන්නලු,සමාජය ආශ්‍රය කරන්නලු ,සමාජයේ ඉන්නෙම කුඩු ගංජා කසිප්පු අයිස් වලට ඇත්බැහි වෙච්ච එවුන් , සල්ලාලකම් බේබදුකම් දුරාචාර අරමුණු කරගත් එවුන් , බොරුව මුලාව වංචාව අදහන එවුන් , අපරාධකාරයන්ගේ ජය පතන එවුන් , ඒක ඉහලද පහලද , ගිහිද පැවදිද  , දුප්පත් පොහොසත් , රාජ්‍ය පුත්ගලික අංශ නිලදාරී භේදයකින් තොරවම පිරිහුන අපූරු ධර්ම රාජ්‍යක් තියෙන්නේ🪷මහා සබ්‍යත්වයක් සංස්කෘතියක් කටට පමනක් සීමාකරන් තප්පුලන , අපරාධකාරයන්ගේ කලු සල්ලි සුදුකරන ආගමික සංස්ථාවන් වල ලැගගෙන සිටින අයවලුන්ද එකතුව , බන පිරිත් යාක්‍යා යාතීකා පන්සල් පල්ලි කෝවිල් භේදයකින් තොරව තියෙන රටේ , අපරාධ වාර්ථාගත ලෙස ඉහල ගිහින් ,රටත් බන්කොලොත් , සමාජයත් බන්කොලොත් , ලෝකය ඉදිරියේ පිරිහුන මෙවන් දූශිත සමාජයන් ආශ්‍රය කරනවාට වඩා හොදයි , බෝධියක් ආශ්‍රය කරගෙන , ඉන්න එක🪷 ගුනාත්මක මිනිසුන් මෙහෙයවන වර්ථමාන ආංඩුවට අප මාතෘභූමිය වේගයෙන් දියුනු කිරීමට පවා අපහසුවට හේතුවන සත්‍ය මෙයම නොවේද 🪷💐 මෙවන් අයුරින් සියවස් ගනන් කකුල් මුල තට්ටම් වලින් පරිනාමය වූ බුද්ධිහීන තිරච්චීනයන් ඉන්න සමාජයක , දූශිත රජ්‍යක් තුල සත්‍යමතම සමාධිගතව බුද්ධියෙන් මනස පරිනාමයව , දේශයට හිතකරව කටයුතු කරන උතම් මිනිසුන් නිසාම නොවේද මේ රට මෙහෙම හෝ දියුනුව තිබෙන්නේ🇱🇰🪷💐  ☀️ සෑම පුරවැසියෙක්ම අනිවාර්‍යෙන්ම නැරඹිය යුතු වීඩියෝව මෙම ලින්ක් එකහි ඇත ➡️  https://www.facebook.com/share/v/19arRTUDLY/  ⬅️🪷🇱🇰💐☀️"
"Nalinka Warnakulasooriya","https://www.facebook.com/hithu.hithu.221776","Oya hari bomba gala thiyenne suwamin wahansela mini marala thiyenne suwamin wahansela yako mara ratak meka weradi dewal thiyennawa  jivithanthaya dakkwa hira gatha karanna mini marala thiyanawada bomba gahapun ge thaththala nidahas wenawa anthawadi innawa meke kiyala kiyapu minissu 🤣🤣 me rate minissu hari pau 🤣🫵🙋"
"Mapi Ana","https://www.facebook.com/mapi.ana.992058","Ekkama  gammak kollo"
"Fazz Hash","https://www.facebook.com/profile.php?id=61558182522479","Loke mama dekapu minissungen ape Sri lankika sinhala baudda minissu thama uthum minissu mama podi kale indan eyala ekka thama hadune wadune samaharak ewun boruwata cheeware andang awith e uthum minissunwa nomaga yawanna uthsaha karanawa eth eyala ewata ahuwenne na dan"
"Mohammed Ismathulla","https://www.facebook.com/people/Mohammed-Ismathulla/61581867991953","That's true bro super Hero 🙏💯✌️💯🇱🇰🇱🇰🇱🇰"
"Nazar Mohammed","https://www.facebook.com/nazar.mohammed.462920","Yes 👍 we love country"
"Gamini Bandara","https://www.facebook.com/gamini.bandara.862287","Mama oyata ekagai 1000%kma"
"Deshapriya Chaminda","https://www.facebook.com/deshapriya.chaminda.765691","අනිවාර්යයෙන්ම මචන්..👍👍"
"Rajakaruna Mangalika","https://www.facebook.com/people/Rajakaruna-Mangalika/pfbid0RVMxFFiqRh7QoBJewZaCnahxhJuxXipnukH2H9JmsPyz6BATX1Y64m6mGHvLHe5el","රියල් පොරක්"
"Priyanth Sampath","https://www.facebook.com/priyanth.sampath.56","Siura dagana pahara weda karanakotath meunnansela aepa keewada.sasanaya kana paharayo"
"Mohamed Mohmed","https://www.facebook.com/mohamed.mohmed.140193","එලම තමයි ඥානසාරට අබසරණය් 😂😂😂"
"Jayasena Bandaranayaka","https://www.facebook.com/people/Jayasena-Bandaranayaka/pfbid02x4VmRnLcqsM7RB7siwfN56MWtynYaQS9gwbYayMSeYtAXzyTHJa5VPiLXCfRQQtCl","Me kathakaranne jana vikurthi eun  munge jathake kalawan me kosol rajathumage sihin sabawena kalayai"
"Ajitha Shiromi","https://www.facebook.com/ajitha.shiromi.2025","සුපිරි  කතාව  නියම  කේශර් සිංහයෙක්"
"Upul Snarathna","https://www.facebook.com/upul.snarathna","තොපි මොනව කිව්වත් සොබාදාම  අපි කවුරුත් ගරුකරන දෙවියන් මෙවගෙ අත්ත හොදට දන්නවා මෙවට රිටන් එක හම්බෙන කොට තොපිට දුවන්ටවත් තනක් නතිවෙයි"
"Tharuki Dissanayake","https://www.facebook.com/tharuki.d.silva","මුස්ලිම් අයට හරි සතුටුයි නේද..ඒකටම හරියන සින්හල අයත් ඉන්නවනෙ"
"Kumara Ranasingha","https://www.facebook.com/kumara.ranasingha.549616","උබහරිමල්ලි"
"Mohamed Iszadeen","https://www.facebook.com/people/Mohamed-Iszadeen/pfbid02T29cS34Ybo7UM7b6hKhQfGbhR4utq7cQ74HDyZo5QL8SHRH4C2sYufeQ7SE1gDE7l","ඌ ස්වාමීන් වහන්සේ නොවෙයි,  මිනී මරන කුලු හරකෙක්, මුහුනෙන් පේන්නෙ නැද්ද? හරි බවුද්ධයකු නම් දනී!"
"Roshan Liyanage","https://www.facebook.com/roshan.liyanage.598779","දෙමල  ,මුස්ලිමි  අය තමන්ගේ ජාතිය ආගම  වෙනුවෙන් නැගි සිටිනවා.  ඒත් සිංහලයන්ට වෙන අසාධාරනකමි  ගැන කතා කරන්න  කවුරැවත්  දැන්  නැහැ.  කවුරැ  හරි කතා  කලොත්  ඒ මනුස්සයා  පාගා  දමන්නෙත්  සමහර  සිංහල පොන්න  මි හරකුන්මයි.  කියන්නත් ලැජ්ජයි  මෙි  වදවිගෙන යන  ජාතිය  ගැන"
"Pathmasiri IlandariDewa","https://www.facebook.com/pathmasiri.ilandaridewa.2025","අනිවාරයෙන්.දඩුවමක්.දෙන්නඔින"
"Saman Sudharshana","https://www.facebook.com/people/Saman-Sudharshana/pfbid02QtQxHBJnv6bJrPZAymmYhnBCzWQLd4BCHWi2mqtHcMCskq8LQRmKJEYh4DvqTC9Vl","Palapzko"
"Pemasiri Ps","https://www.facebook.com/pemasiri.ps.5","මිනිස්සු ගොඩක් ඉන්නවා මෙිවාට හොද නරක කියන්න ඒත් අැයි අපිම අපේ බෙිල්ල කපා ගන්නේ"
"Dayas Seltan","https://www.facebook.com/people/Dayas-Seltan/pfbid0V4CviLq5biVgngrRgWPDdtCJEX1Lh5t6FeT2GQix7sGLNRQTH2QeZ3y3Xn7CKyPhl","පැරණි කියමනක්තමයිමමකියන්නේ.ලබ්බටතියපුඅතතමයිපුහුලටත්තියන්නේ"
"Chandrapala Perera","https://www.facebook.com/chandrapala.perera.39","සිවුර   දාගෙන  හොරකමේ   යනවනේද  .ඝනයො  අසුචි  කාපියව්   කාලකන්නි"
"Lakshman Dissanayake","https://www.facebook.com/lakshman.dissanayake.7161","Niyama kollek  machooo"
"Kumara Kumara","https://www.facebook.com/people/Kumara-Kumara/pfbid0k3C3gyFndmM8855fY95Sdp3GSjSHDhs4J2xoaq6b3TCXMzy5q8T65moBc74YU6Pil","කොන්දක් තියෙන මනුස්සයෙක්"
"Sanjev Svs","https://www.facebook.com/people/Sanjev-Svs/pfbid0sTb5KgfbLdsRduBnCKmTCj9NNcti82BLVK49cb5E41ykfnHHufewoK1CUQSMqBK5l","Supiri talks eka..."
"Hemantha Senarathna","https://www.facebook.com/hemantha.senarathna.90","Super 🌹❤️👍."
"Jagath A Buddi","https://www.facebook.com/people/Jagath-A-Buddi/pfbid026Z9KJ1D2Jtogqq387QTCveWPTKSvw6QU84o1ZX3rSyA48HRhnPPpmus288PPtxKxl","Aniwaren"
"Janaka Rathnayake","https://www.facebook.com/people/Janaka-Rathnayake/pfbid02m7mT8eBPKSqNShHnwTqA3JDB8aW1d9QiWsfKT57MRjVSQcm2rXvSwsycbKDgjo2Pl","නියමනේ බ්‍රෝ ජයවේවා"
"Tissa Kulasekara","https://www.facebook.com/people/Tissa-Kulasekara/pfbid02uSuv6UmSGJCyeT5pFaxHhgQvgjBtecr6w18WU52LA6exYBFkBwkL56u7xxZ6dAAvl","Mainagea black money white karana chivarayo  meayath 1 kenek jathiwadtheya wada kottu bra siyaluma Lankawea muladarmavethiyo mun Muslim minissu dargatown mawanealla thawath town wealathe mungea bathbariyo aragala athikeala mun hadtheanna namal  mulu family akama d beraganna  mun chivarayo nea minissu kiyana talk ahayi kiyala minissu Moda Naha danea wealathe neathi Kara Ganna magadiyak chivarayo polit karanna on neadthe kuruneagala chivaraya mainagea yatanea jeevth weannea mun pita ratainna minissungea 💰💰💰💰 arageana buduradunth niga karana nigantayo kudu gahanu horu balavayas daruwo dusakayo munta namaskara karana 🐄🫏 thawath lankakawea jeevath weana aka paw budu dahama sunbun horunta karanna dayak naga chivaraya politics Karanna hadtheanna meayaweath chanasara inna jell danna thiyeanna"
"Sugath Pathirathna","https://www.facebook.com/people/Sugath-Pathirathna/pfbid0TcfGsJTVPqe1fdyKCi3GRyso8ouyCLb6ZYhm8FNBc281szjVTsESAtumrFqGM15rl","එ වගෙම තමා මෙ ලාලකන්නි 159ට වගේම මහ සගරුවනට අපහස කරන එකෙටවත් සොබාදහමේ සමාවනැ ගෑහුන එකාපවා හැදිගෑවිලම යන්න සොබාදහම දඩුවන් දෙන්නෙ"
"Silvaster Silvaster Silvaster","https://www.facebook.com/people/Silvaster-Silvaster-Silvaster/pfbid02NRTXd7zuX4KrUBz6TCei4DMjZiKMrhAqCFpKycu62prBoSMtFN2HCVwsHniYD8rXl","Ala..mally.."
"Lalith Gunawardhana","https://www.facebook.com/lalith.gunawardhana.37","නියම kollek"
"Lalith Aberathna","https://www.facebook.com/lalith.aberathna.94","මොනා වුනත් මොන දේ කිව්වත් අනිවාර්යෙන්ම ඥානසාර කියන්නේ රටට පිළිලයක් ඒ වගේම රට ජාතිය ආගම බුද්ධඒ වගේම රට ජාතිය ආගම බුද්ධ ශාසනයේ අපේ ශ්‍රී ලංකාවටඒ වගේම රට ජාතිය ආගම බුද්ධ ශාසනයේ අපේ ශ්‍රී ලංකාවට අහිමි කරන්න හදන සක්කිලි බල්ලෙක් ඕක මැරෙන්න ඕනේ හිරගෙදර"
"Samantha Pushpakumara","https://www.facebook.com/samantha.pushpakumara.562","Anepalayan utto yanne"
"Sokka Hero II","https://www.facebook.com/people/Sokka-Hero-II/61562995926333","සිංහල මිනිස්සු වෙනුවෙන් කතාකරපු හින්දනෙ ඉතින් මේ හිරේ දාල තියෙන්නෙ. උබලට හැමතැනම පිපිරන්න හොදයි අපිට ඒව ගැන කතාකරන්න බෑ..😹🙏"
"Mohammed Thasneem","https://www.facebook.com/moh.tasleem.52","Spiri lankkikayak"
"Dasanayaka Mudiyanselage Senanayake","https://www.facebook.com/dasanayakamudiyanselage.senanayake.9","තිත්තගග්ල්ලෙ මේ වගේ මෝඩයෙක් කියල මම නම් හිතුවෙ නෑ"
"Vishwa Bookshop-Nikaweratiya","https://www.facebook.com/wishwa.bookshopnikaweratiya","ඔිකව හිරේම තියන්න ඕන...."
"Ak B Nisha Abeysinghe","https://www.facebook.com/people/Ak-B-Nisha-Abeysinghe/61566593351282","අයිසෙක් අප්පෙක් නැති උන් හාමුදුරුවෝ කොච්චිර කිවද සහරාන් ගහනවා කියලා පාස්කු ප්‍රහාරයෙ බොම්බ හදපු නානා තවම  එලියෙ එහෙම තියාගන වරද පෙන්න හාමුදුරුවෝ වැරදි ලු මිනිමරැ  මිනිස්සු හොදයි එයාලට භෙද කරන්න එපා කියලද මෙයා කියන්නෙ නියමයි ලෙක්චර් එක"
"M R Mahmood Mahmood","https://www.facebook.com/people/M-R-Mahmood-Mahmood/pfbid021JZGemFb5zFnLk8wGeQVXBiZM7Ggc7DagzzS6g5TihfEYAq6kPN9G2ZqCaAT78cCl","Pasku.usawi teendu wagea galagodatat.awrudu. 225.hireata yawanda oni dennama eka wagea prasna ratata Etikarala tiyanawa."
"Duminda Fonseka","","Amusez jathiwzthiya. Réal résiste."
"Naml Hashan","https://www.facebook.com/naml.hashan","Aniwaren"
"Nishanthi Devinuwara","https://www.facebook.com/profile.php?id=100005979732344","නියමයි"
"Nil Ahasa","https://www.facebook.com/kapiladharmasena1968","තග දාන එකත් post එක දාපු එකත් multi-nation  කලවං,  අමු මී හරක් බානක්  මුන් දෙන්නව හාන්න ගන්න ඕන මහ කන්නෙට"
"Dimuthu Ranasingha","https://www.facebook.com/dimithu.ranasingha","අපිට පව් පුරෝන කහකඩ  කාලකන්නි"
"Sampath Krisantha","https://www.facebook.com/people/Sampath-Krisantha/pfbid02qEW1NufpaPtC3cPgYCyQZsBkkH5wz4T2j6ujVCcT1KzNNPZ5CYJY12QcJ8B98hgHl","rate inna niyama ballek"
"Wasantha Disanayaka","https://www.facebook.com/prabath.wasantha.ralalage","Pala sakkili balla"
"Savindra Rasadath","https://www.facebook.com/savindra.rasadath","Oya pakayo hirama danna ona"
"Manju Manju","https://www.facebook.com/people/Manju-Manju/pfbid02wdht6YNgGGYfLMvawEdWr45LMsEMGrXu13aaxwKwJUKELQrKW9pjDD1f6JwhX3Whl","ආයෙනම් කියලා වැඩක් නෑ මල්ලිවා ගැන ීම නියමයි අපේ රටට ඕනේ ඔය වගේ නිර්භීත භය නැති එඩිතර කොල්ලෝ ඔය වගේ දහයක් හිටියනම් අපේ රට ගොඩ ගන්න පුළුවන් මල්ලි උඹට ජය වේවා මල්ලික් කවදාවත් මට වරදින් නෑ මල්ලි ජයෙන් ජය වේවා"
"Pushpa Kumara","https://www.facebook.com/people/Pushpa-Kumara/pfbid02b6fGfUshJd2Kecj7Xu2AtBwVACDfPRqyvS2jAxu8ay7QWZBe4hacoMvEtSj7psfKl","සිංහල. කලවම් එකෙක්"
"Neththashinha Jayasuriya","https://www.facebook.com/people/Neththashinha-Jayasuriya/pfbid02cYrvojmw5Yc8LSYMXaDeLKN9A6NgNCX7yjC9u1Cr8aK12WdWr1hXk9fbWJeGMqq7l","සුපිරිම කොල්ලේක්"
"Mottyar Mohamed","https://www.facebook.com/people/Mottyar-Mohamed/pfbid0iGkacsKBppKHtFRJASh9JDGeo83R4g6t47nP9moXofBb8aEPV4XeK9z6bMWW2T8Ul","දූෂකයොන්ට හොදම.පාටමක්උගන්නුවා"
"A Jagathkumara Chandrasiri","https://www.facebook.com/a.jagathkumara.chandrasiri","රජය බය අයව හිරකරනව"
"Dreem Dreem","https://www.facebook.com/dreem.dreem.5036","Samawa epa eyata"
"Nishantha Kumara","https://www.facebook.com/people/Nishantha-Kumara/pfbid0VNZ52PdDZfPofMRB7jdqkz2popmmMcFvvgPrpkXKr6CHUb3qr3tMQ2g49SRtfE4Xl","Niyama sinhayek"
"Kalum Kumara Kalum","https://www.facebook.com/kalumkumara.kalum.35","ජාතකේ හොද නැති උනහම ඔහොම හැසිරෙනවා"
"Ganeshan Max","https://www.facebook.com/ganeshan.max.7","ඔබ තුමා කියන කතා සම්පුර්ණයෙන්ම ඇත්ත ❤️❤️❤️❤️👍🏼👍🏼"
"Dylan Jake","https://www.facebook.com/dylan.jake.67769","Mun katun kana ballo"
"Ajantha Fernando","https://www.facebook.com/people/Ajantha-Fernando/pfbid02yE6bwzt1fX54RjsJeD6D8Y5KM2jZNDPeGW1cnmMp6ojSLrqRF54C5ZDFMvfgNNFjl","Oya gothayawa rliyata danna epa oba hari"
"Nirosha Shyamali","https://www.facebook.com/people/Nirosha-Shyamali/pfbid03BmYMtXUj8xQhpwmkcVBUeKMbfkTxaAUht5A7bNKcf3Wfr8QwvKy6HxNcwEQGyhol","thithagalle thiththa welama giya"
"Saman Veeratunga","https://www.facebook.com/people/Saman-Veeratunga/pfbid033R6AgwAZHbcvzaciiinacPBWLRsZHWqqDZo6nbKgD563vjQexwP9XmVL2jn29PZvl","Paka.thama."
"Gamini Vidanapathirana","https://www.facebook.com/people/Gamini-Vidanapathirana/pfbid02SupEEHHckcapBP5qf4ojwKNBvLSfUTcvgxUK7w6SXnNeWZw3hhLqPCrCuWPNBSrPl","Niyamai malle ඔය පාරට බැහැල තියෙන්නේ ස්ටේට් කඩාකප්පල් කරයෝ ටිකක්  මල්ලි ඔයා"
"Gamini Adikari","https://www.facebook.com/gamini.adikari.16","රට තුල අන්තවාදය ඔලු ගෙඩි වලට දාලා  පල්ලි වලට බෝම්බ බැදගෙන ගිහින්  300 ට ආසන්න පිරිසක් මැරුවේ ඥාන සර හිමි ද...?එන ව්පත කලින් දැකලා කිව්වා"
"Prime Adham","https://www.facebook.com/essem.adham.3","You are 100% correct !"
"Jalil Jalil","https://www.facebook.com/people/Jalil-Jalil/pfbid0TEi6vZknny1xVVsJir7AKpEpWF8Rf35jwBM1VGZEe9vQq4yXT19AVDRPaSxExGpPl","WOW SUPER OYA HARI MASHAN THANKS FOR YOU"
"Dew Dew","https://www.facebook.com/dew.dew.879153","දඩාර ජෙප්පෙක් 😂"
"Janaka Bannahake","https://www.facebook.com/janaka.chaminda.980","ගොන් සිංහල හරක්"
"Sandaruwan Wickramarathna","https://www.facebook.com/sandaruwan.wickramarathna","මේවගේ දේවල් අගයන්නෙත් අවජාතකයෙක්"
"Merle Jansen","","සෙහාදරයා මරු 💪"
"Achintha Maheel Jayawardana","","Uba wagema kallathoniyek..."
"Harsha Sangeewa","https://www.facebook.com/harsha.sangewa","ඔච්චරයි කරේ දැන් සැපද Uba හෙන පව් Ban"
"Niwest Sri Lanka","https://www.facebook.com/profile.php?id=100007831781359","මුන්ගෙ න් ගෙම ඉල්ලන්න ඔන ✅✌"
"Shashika Dilendra","","ඩෝබි ගවයා 😅"
"Pathum Kumara","https://www.facebook.com/profile.php?id=61573852847798","5000ඩොබියෙක්"
"Rmpsk Rmpsk","https://www.facebook.com/sugatha.himi.2025","යකෝ ඥානසාර උපදින්නත් කලින් ඉදන් මුස්ලිම් මිනිස්සූ මේ රටේ අන්තවාදී වැඩ කලේ උබල කාරනා දෙකක් මතක් කරලා දෙන්නම් කොළඹ වේල් කරත් අරන් යන මිනිස්සුන්ට ගැහුවේ ඥානසාර නිසාද ඒවගෙම 80 ගනන් වල පෙරහැර කරද්දී ගල් ගහලා තිබුනා බලන්ගොඩදී 2004 සෝම හාමුදුරුවො මේ ගෑන කීවේ බං උබලගේ උන් කොච්චර උබල හේදුවත් වැඩක් නෑ බං ජිහාඩ් මතවාදයට උබල විරුද්ධ ව්වෙන්න ඕනි මද්‍ර්සා පාසල් තුල උගන්න දේවල් හොයන්න ඕනි බං මොකද තේරුම් ගනින් ජානාධිපති කෙනෙක් හදන්න ඔනි නිසා උන් මාරාගෙන මැරෙන්න පිස්සු නෑ උන් අදත් ඉන්නේ එදා හිටපු අයිඩියාලොජි එකේමයි බං මිනිස්සු ලමයි කිදෙනෙක් මැරුනත් උන්ට කිසි පසුතැවීම්ක් නෑ ඥාන සාර වැරදි කෑගහල බැනල උත්තර හෙව්වේ එක් නමුත් අපේ සිංහල මිනිස්සුන්ට මොලේ පැදෙන්න දෙයක් වෙන්නම ඕනි එකයි අව්ල හාමුදුරුවො කියපු දෙවලට උබලාගෙ උන් ගැහුවේ නම් උන් ගහන්න ඕනි පන්සල් වලට නේ බං ඇයි පල්ලි වලට ගැහුවේ මේක බන් උබල දන්න අලු යට ගින්න වගේ ගේමක් බං දේශපාලකයා මෙවා දැන ගෙන වෙනකම් හිටියා අද වෙන්නෙත් මේකමයි උබලා අපි මරාගනී එච්චරයි ව්වෙන්නේ ඒනිසා ඥානසාර හිරේ ගියත් කමක් නෑ වැරදි දේට උබල පිලිගනින් ජිහාඩ් මතවදය් උබලා අපි විනාශ කරනවා කියන එක මොකද උබලට හරිම බලය අපු දාට අද දාන ඔය පූස් පාට් නෑ බං බන්ගලාදේශ්  පකිස්තාන් ඉන්දුනිසියා මිය්න්මාර් අෆ්ගනිස්තාන් ඔය හැම රටක්ම සහජිවනය්ේන් හිටපු රටවල් අද න්බි තුමාට මොකක් හරි කීවොත් ඌ ඉවරයි ඒ නිසා අද මේ රටේ තියෙන සැබෑ අන්තවාදී මතවාදයට උඩ ගෙඩි දෙන්න එප බං ඥානසාර හිරේ දාල පොඩි ආතල් එකක් උබල අපි ගනී ඒ උනාට ඇත්ත ප්‍රස්නය විසද නොග්ත්තොත් උබලා අපේ දරුවෝ පාරේ මරාගන්නව බලපන් එකරලත් ඉවර වෙන්නෑ සුන්නි සියා කෙලගන්නවා හැමදාම එකින් එකා මරාගන්න ජරා ජාතියක් වෙන එක දකිනකන් ඔය පාරේ කෑගහන උන්වත් උබලවත් තෙරුම් ගන්නෑ මේ ආණ්ඩුව ආවෙ මේ රට හදන්න ඕනි නිසා නම් අනුර් උනත් මේ ගැන තේරුම් ගන්න ඕනි දේශපාලනය කරන්න රටක් වගේම මිනිස්සුත් ඉන්න ඕනි ."
"M Madura M Madura","https://www.facebook.com/jmmadura.jmmadura","💩💩💩kanna ekek"
"Lakshman Wasantha","https://www.facebook.com/people/Lakshman-Wasantha/pfbid0XGREh3FPfU2m64KofaFXc6FygB6uUkXRB4RautcD9zZJWHxbpraWCzFC2qiQVLD4l","Sinhala bauddayo wenuwen katakarana ekama hamuduruwo.mewata baninne, bawdayo newei,terun ganilla.un jathi wadiyo.natnam jeppo."
"Suresh Hettiarachchi","https://www.facebook.com/people/Suresh-Hettiarachchi/pfbid02Mf1WpdpdgAesj7qgacij9d4HKbgTMkGYBCcZFhPu9ShZbDvZ7ZUeu78bCvekfVK2l","Munta dane nemi denn oni"
"Thilina Madushara","https://www.facebook.com/thilina.madushara","ඇයි උබලගේ සහරාන්ලා ගැන කලින් හෙලි කරපු එකද වැරැද්ද? දැන් උබ ඒ ගැන කත කරාද ? බොරු බයිලා ගහන්න එපා උබ.උබලා කරලා හාමුදුරුවෝ කරා කියන්නෙ උබ බුරුවා"
"Manjula Kumara","https://www.facebook.com/people/Manjula-Kumara/pfbid02Zb5EDhwLurigGDtQcRxaSQZ2sGQ5R7ZhaAm4p23ZDzMZh11DvBiXJU7KEmM4hDEVl","Supiri kollek"
"MB Anusha","https://www.facebook.com/anusha.singith.9","සම්පූර්ණ ඇත්ත කතාව.. එකෙන්ම 🙋"
"Muba Muba","https://www.facebook.com/mubarak.mohamed.thamby.aalim","Absolutely correct 👍"
"Soundar Rajan","https://www.facebook.com/karuppiah.soundararajh","Very good expelling bro"
"Rohan Manchanayaka","https://www.facebook.com/rohan.manchanayaka","අපිටමතකයිඔකගැන"
"Nimal T Hewage","https://www.facebook.com/nimal.hewage.583","ඔරිජිනල්  ‍ලාංකිකයෙක් ජයවේවා"
"Kareem Siddeek","https://www.facebook.com/nawas.mohomed.1","Well said brother"
"Sinha Roshan","https://www.facebook.com/people/Sinha-Roshan/pfbid0FahVN3wrBka75jA6rxYqib5sHU49i3FLoEC7JZ6eVvs89FunGV6itjas3H6nBqr5l","Topi ai e hamuduruwanta vitarak agila dik karanne topita penne nadda yapane sadde Dana ewa ko oya sadda tilipangw pilima hadanakuta"
"Chandana Rajapaksha","https://www.facebook.com/chandana.rajapaksha.239478","සුපිරි කැරි ජෙප්පෙක් තොත් එහෙම එකෙක්"
"Aruni Pahasara Samaraweera","https://www.facebook.com/profile.php?id=100055753791398","saharan monawada kare😂"
"Oic Dayanda","https://www.facebook.com/people/Oic-Dayanda/pfbid02uJ4r64dh4zPHF5W9wpu6uj2Fx1oMUsEkWAxb8dMtTVpoZL77UUDghNDmMY632Vqdl","පැලවත්තේ.අනුරයාගේ.ගුකනඑකෙක්"
"Wimala Murthi Himi","https://www.facebook.com/wimala.murthi.himi","පාස්කු ප්‍රහාර දවස්වල පල්ලිවල කඩු 100/200 අහු උනේ දර පලන්න තියා ගත්තුව වෙන්න ඇති ඤානසාර හාමුදුරුවෝ ජාති වාදි තමයි ඒත් අන්වාදි නෑ උන්වහන්සේ කතා කලේ සිංහල ජාතිය වෙනුවෙන් මම හිතන්නේ ජාති වාදියයි. දේශද්‍රෝහියයි අතර වෙනස තේරුම ගත්තානම් ඤානසාර හාමුදුරුවෝ වැරදි නෑ කියලා සැබැ සිංහලයන්ට තේරුම් යයි. සම්ස්ත සිංහල ජාතිය වෙනුවෙන් කතා කරපු උන්වහන්සේ අද සිර බත් කනවා   ඈත අතීතයේ සිට රට වෙනුවෙන් ,ජාතියෙ වෙනුවෙන් ඉදිරියට ආවේ හාමුදුරුවෝ . හාමුදුරුවෝ නැත්නම් අද රටක් ද නැත ඌව වෙල්ලස්ස කැරැල්ල තුලින් එයට ඕන තරම් උදාහරණයන් පවති."
"Upali Aluthgamage","https://www.facebook.com/upali.aluthgamage.2025","Niyamaie"
"Rasuu Dil","https://www.facebook.com/people/Rasuu-Dil/pfbid02GEV2uiYc8R7Kn8CmbofJ6gPTd2dmhvETcL4prbj8V1wrbfikhRJVk6SCj9n4WMhtl","Good boy"
"Sumith De Silva","https://www.facebook.com/people/Sumith-De-Silva/pfbid02WdqDyvWjEAKeZctPPrXqULqQsud96QNJv6fqg5AQKjwDYpmshP4EsJPd9sivSYncl","ආයියෙඔයාන්සුපිරි"
"Vinoth Sanjeewa","https://www.facebook.com/vinoth.sanjeewa.2025","Niyamai ponna baiyanta"
"Samarakoon Banda","https://www.facebook.com/samarakoon.banda.2025","Oya gu sakkiliyata samawak dunoth  Oya gu ganaya  Aliyata avith  Purasaram  Deduwoth  Waga kima  anura mahata bara ganna ona Oka minihekda ganayek  Kiyala obala dannawane  Oka Naya polaga wage jadayek"
"Dushani Pabasara","https://www.facebook.com/people/Dushani-Pabasara/pfbid0C3iCQQfmo5TFoV3otvQnW7Qpibp2Q1sr7oBRJpQXxMkMfQFYk9birvttu9ZZEHzrl","Samarakoon Banda"
"Reymond Gnanaparagasam","https://www.facebook.com/reymond.gnaanparagasam","අව්ලක්,, නැ මෙයා කව්ද,,,,,,,, 🙄"
"Sarth Kumara","https://www.facebook.com/people/Sarth-Kumara/pfbid02whdusqYZgdAUPohyqfWr6RZm7mhKj2rA3n2xge6FtHjjcJYWJXkAaWJPF9vmJMSRl","Sahatheka aththa malle."
"Gayani Malkanthi","https://www.facebook.com/people/Gayani-Malkanthi/pfbid02kQbVFUHTARaawBaou5Th8uXvmjEGtrmd45wTNxyztVYRMPdFJrMNrtpiM3gj4A4Cl","Pala pakaya"
"Sadun Athukorala","https://www.facebook.com/people/Sadun-Athukorala/pfbid0joDFFo1XxpEWY9kgYi97RAZwmDWtuL8XXonGXaW4z4rcJJJKWYJ7fXh1qLrkUhybl","Sinhala bawuddaya wanasanne sinhala bawuddayamayi"
"Dilhani Dilu","https://www.facebook.com/people/Dilhani-Dilu/pfbid02roUPFjN5ubhZjHSEzRioMrbCvx7wwhtDbempuRaM7Za8nagqzsEkQuoHrUhmLmnul","Meka tamai sihala bauddayange atta dakkada boruwata ruwan walishayata gihin puja teyanawa ane mehamat buddayo iya wairaya uturanawa mona bauddayoda ape cristiyani walat ohoma waira karanne naha  wade kal yanna kalin me kawalam sinhalayo teka adanawa   atta  aliyata ai parakkui att anawa me hare sihalayoda  sihalyo kiyala kiyanna apa lajjai"
"Deegalladurage Sumith","https://www.facebook.com/people/Deegalladurage-Sumith/pfbid02z9PiC8q8YpENPkqbiMmPNmWMyZctTUsp4FZLGoE5iBuA7eQy4b4e1goHQGrw4zdul","මේක කියන්න JVP වෙන්න ඕනේ නෑ මුළු ලංකාවම දන්නවා මේ කියන ගණය හෙසිරුණුවිදිය මුව හිරෙ යවන්න ඕනේ"
"Piumi Madhuhansi","","Ahh ehema kiyamuko , ethakota bam nanasara wediyenma wearadi kara nam , bomba pupurawagaththu unta samawa dennada kiynne , unwa awurudu ganata hire daddi , sinhala minissu polispathila ellumgas yawana ekada hari kiynne 🥲🤣🤣🤣 sinhalayata aththa tereddi minissu saranagatha wela iwarayi harak , un tawama sadda nathuwa inne , tawama sulu jathiyak niyojanaya hinda"
"Prabhath Samindra","","Bonba gahala Katholikayo maraddi oya kiyana sahajeewane koheda thibune."
"Madushanka Geetharachchi","https://www.facebook.com/suresh.madushanka.9828","ඔව් ඉතිං සිංහල උන් නම් තමන්ගෙ ආගමේ ජාතියෙ උනත් වැරදි කෙනාට වැරදි කියනවා.. හැබැයි ඉතිං පල්ලි වල බෝම්බ ගහලා මිනිස්සු ම/රපු හම්බයො ටික ගියේ හිනාවෙවී.. ඒවට උන්ගෙ ජාතියෙ කිසිම එකෙක් බනිනවා අපි දැක්කෙ නෑ.. 🙏"
"Dileepa Lakshan","https://www.facebook.com/dileepa.lakshan.336","සිංහලයගේ බෙලිකැපෙන දවස අපි දන්නවා...කියල විතරක් මතක තියා ගනං."
"Ramesh Kanna","https://www.facebook.com/ramesh.kanna.465062","Yes sir 🔥"
"Minod Chaminga","https://www.facebook.com/keith.luwis","Ube mama ta hukopu Eka sinhala nemeyi da?"
"Prasad Kusalitha","https://www.facebook.com/prasad.kusalitha.5","Oka thamai wanasa .minessunt owa amathakai"
"Mapathage Galgamuwa","https://www.facebook.com/people/Mapathage-Galgamuwa/pfbid02XYoL5TCXKvjHhUtyUxXZdjFkjCT4st9TrnRoUxbzPKbxk9Zp35nZQzsLbCbrXAVbl","මෙක අනුරාධපුර  ඔබෙ  ගමමෙනම් එලව දමන්න  ගමෙන්"
"Senaratne Kapila","https://www.facebook.com/senaratne.kapila","monge Suru Galawanna One"
"Ismail Mohamed","https://www.facebook.com/ismail.mohamed.320317","සුපිරි මල්ලිසුපිරි"
"Priyantha Kariyawasam","https://www.facebook.com/people/Priyantha-Kariyawasam/pfbid02RJL97ZbSEEi6rvmzqzfG4xiHoruaA169VuQenBNBv99B2LqSS4RG1CJzBwAoaGcVl","බුද්දාගමට ගරහන බල්ලෙක්"
"Voice Mower","https://www.facebook.com/people/Voice-Mower/pfbid023q1SRmzTsTNf2kwmofyCkTguf9NERueuVQqQZUdXkuE5LW9AaoHMMS8Uw5iQWrG2l","Pala pake npp pakaya"
"Adith Imal","https://www.facebook.com/people/Adith-Imal/pfbid05mc28iPAcP9a3WAgtJD5NkyKJx1rdXRan8BLTULi5kPCszcSgohsi7B77J7XhNtAl","Ala.boo"
"Niroshan Dias","https://www.facebook.com/people/Niroshan-Dias/61586049940546","නියමයි මචන්"
"Tharushi Bhanusha","https://www.facebook.com/profile.php?id=100024720202222","Pala thambiya yanna..."
"Ranjith Rathnayaka","https://www.facebook.com/ranjith.rathnayaka.714","ඇත්තටම සුපිරි"
"තුෂාර සම්පත්","https://www.facebook.com/people/%E0%B6%AD%E0%B7%94%E0%B7%82%E0%B7%8F%E0%B6%BB-%E0%B7%83%E0%B6%B8%E0%B7%8A%E0%B6%B4%E0%B6%AD%E0%B7%8A/pfbid031qa9LLLX9m23r7XsYYaga2tufDky1pNcMN6G1h2e8nmLfHumNYUqF6d9fqWyTugFl","ඇත්තටම නියම සිංලයෙක්..මේරට විනාස කරේ .ඔයචිවරදාරියොයි.දේපාලකයොයි.ඔවුන්මේරටට ජාතියට සාපයක්"
"Harsha Kumara","https://www.facebook.com/harsha.kumara.544479","පන නැති කොකෙක්"
"Sampath Jayakody","https://www.facebook.com/sampath.jayakody.9279","හාමුදුරුවන්ට අපහාස කරන හැම කෙනෙක්ටම සහ ඔවුන්ගේ පවුල්වලට පිළිකා හැදේවා"
"Gihan Ferera","","පට්ට චරිතේ ❤️❤️❤️❤️❤️❤️"
"Kariyawasam ","https://www.facebook.com/kariyawasam.Kari","නියමයි සහෝදරයා ඔයා 🙏🙏"
"S M Aruna Priyankara","https://www.facebook.com/arunapriyankara.1979","මේ යන විදියට තව ඉස්සරහට යන්න ඕන.. එතකොට තමා තේරෙන්නෙ ඩෝබි හරක්ට කරගත්තු විනාසෙ තරම.."
"Priyantha Sarath","https://www.facebook.com/people/Priyantha-Sarath/pfbid08BcUKmbLczJb7CmKgSRhu6WGAAqCh8beLjojDVukUEqnAwq4kMtAVnM9mms8qqesl","භරියට   හරි     මූ  තමයි     ජාතික  සමහිය   විනාශ   කෙරුවෙ ...  ඔයා   නියමයි මල්ලි...  ඔයා    අපේ  මුස්ලිම්   සහෝදරයෙක්"
"Wedi Hadera Iqbal","https://www.facebook.com/mohamed.iqbal.792380","Sahotharaya. Oyakiyanayakanam. Sahathikai. Oyaga. Katatanam. Meepanikakkaranna. Onai. Thanks. Saho"
"Nadun Perera","https://www.facebook.com/nadun.perera.335728","Mu mona ponayekda bun"
"Amith Sagara","https://www.facebook.com/amith.sagara","කහ ලයිටරයා..😡"
"Bonuga Weeramara","","Manda manasika ponnayek"
"Shehan Tharuka","https://www.facebook.com/profile.php?id=100023943954216","සිංහල නායකයෙක් ආපුවාම බලමු අපි .... පල්ලිවලින් මතු ඌ කඩු ගැන අමතක උන් ගැන කුමන කතාද"
"Kelum Dissanayaka","https://www.facebook.com/kelum.dissanayaka.3705","අනිවාර්යෙන්ම ඔහොම තමයි කියන්න ඕන..."
"Disanayaka Anurudda","https://www.facebook.com/people/Disanayaka-Anurudda/pfbid026S3cr4nmohLYruZyk3SZmPFfYbZbkY9hd3WHbzSU798ZxQCHpKWGZNpbGiJ2Lm7Ll","Adarea සහෝදරයා"
"Rathna Wijaya","https://www.facebook.com/people/Rathna-Wijaya/pfbid021opqF5XBtcQGJAR5xS3cjmQ7ZSTeobBcyzm3Hehe7ZdzGc62xCs9sYTL1SYts153l","මල්ලි ඔය සිවුරු රඳවන..උන් අදහන්නේ ගෞතම අපේ සම්මා සම්බුදු බුදුරජාණන් වහන්සේගේ බුදුබණ නම් නොවේ.. හොරකම්, මත්ද්‍රව්‍ය ජාවාරම්කරුවන්,මිනිමරුවන් වෙනුවෙන් කිසි හිරිකිතයක් නැතුව මේ ඝණයින් පෙනී සිටිනවානේ..නොදෝමකිං"
"Lili Safron","https://www.facebook.com/people/Lili-Safron/pfbid0229bKXm8PvkDB6K29m5dmGaHHS39mx68Qbb7bZjskT5oc7oS73PBfCUxN6nRs1Vidl","Anagathe dawasaka sinhalayo parada wenawa. Liyala thiyaganilla."
"Shawon Sasmita","https://www.facebook.com/people/Shawon-Sasmita/pfbid035z3zqNd9ams5iqkT2bKLEKeZsgR3BLvt2zqHkZZDxDCnPd6JN14zvxXxGqCJXrtjl","මෙයා කරපු වැඩේ නම් සුපිරි. ඒත් කණගාටුවට කරුන මෙයාට සහයෝගෙට එන්න තරම් කොන්දක් ඇති එක පුද්ගලයෙක් හිටියෙ නැති එකයි."
"Herath Anura","https://www.facebook.com/herath.anura.5","ඔයට වැරදිලා...මෙක නියම original gonek....මොකද දන්නවාද...හාමුදුරුවන්ගේ දඬුවම ස්ථිර kara අධිකරණය මගින්....එහෙනම් මේ බූරුවාට තියෙන්නේ ජනාධිපති ලඟට ගිහින් කෑගහලා කියන්න මේ දඬුවම ක්‍රියාත්මක කරන්න කියලා....Meka palawatte අසූචි kana ekek"
"Dinusa Lakmi","https://www.facebook.com/people/Dinusa-Lakmi/pfbid02dvutQHzjaEtEXeMqC4oKKbH6X8yKuWpL2HgFF6FVPbu2eu1SFkvym7emWy3jYoR4l","Ou sinhalayada wiruddawa kathakarana okkoma niyama sinhalayo"
"Upali Hamudurwo","https://www.facebook.com/upali.hamudurwo","එතකොට අනාත්ම ආගම් කාර්යන් ට බෞද්ධයන් ගෙ ආගමට අපහස කරන්න හොදද ආගමික අපහස කරන උන් ඔක්කොම මරන්න ඕන එකයි හොද"
"Amal Silva","https://www.facebook.com/people/Amal-Silva/pfbid02FZH5vCEcgdwiFknmyNUFh739RL2ro6zgAKPGBai1B1MqU754EWdAKm4AiczK6Lf6l","Ane thambi pako"
"Mohammed Niyas","https://www.facebook.com/mohammed.niyas.529949","ආඩම්බරයි සහෝදරයා ඔබලා දෙන්නා ගැන 💪💖👈"
"Kpa Kumara","https://www.facebook.com/kpa.kumara.2025","Apo jvp gu kana akek"
"Chaminda Roshan","https://www.facebook.com/chaminda.roshan.735492","ජනාදිපති තුමා  මුට  සමාව  දුන්නොත්  මේ  ආන්ඩුවෙත්  අවසානය  තමයි. ජනාදිපති  තුමනි  මුට  නම්  සමාව දෙන්න  එපා එපා"
"Siyni Nilanka","https://www.facebook.com/siyni.nilanka","අනිවාර්යෙන් අපේ සිංහල යෝ මිනිස්සු සේරම මේ වගේ උනොත් අපේ රට‍ ගොල්ලන්න කට වත් බැ"
"Hmgd Herath","https://www.facebook.com/people/Hmgd-Herath/pfbid0J4dwuAgomyYHu4zLvpnW2MwCxmxHCqm2Wi4JmYCTBZu6Wb4VT6xvEkPyFytK91vxl","කලවම් සිංහ පරයෙක්"
"Roy Samathanam","https://www.facebook.com/people/Roy-Samathanam/61590901223982","Beautiful brother 🇨🇦🇨🇦❤️❤️💯"
"Attanauaka Laheru","https://www.facebook.com/people/Attanauaka-Laheru/pfbid0MWVWS3rNh8rvEPu7ECe6VAwjN15iqt8PYJtiDGnqRjJ4AX9DgBQ6mbxNeX9tfqPel","නියමයි සහොදරයා  ආඩම්බරයි"
"Shan Bandara","https://www.facebook.com/shan.bandara.75","Pala pa la awajathakaysk"
"Gayan Krishantha Wijesinghe","","ඩෝබි කොල්ලෙක්"
"Sasara Gamana Nawathamu","https://www.facebook.com/people/Sasara-Gamana-Nawathamu/100010236633724","වෛරය මුල් බැහැලා"
"Ranga Prabath","https://www.facebook.com/ranga.prabath.367145","Athsan kala paliyata nithiye thinduwak wenas karanne kohomada me kaha kad.ynta pissu"
"Sure Sure","https://www.facebook.com/people/Sure-Sure/pfbid02VFnGPNHvjcFWrmnVRfYhVnBYjLtVbLBJoK77wEZ1AZocCyA9WCG4nyuvmLqSf6mTl","උඹ මේ මගුලක් කතා කරනවා ඔවුන් ඩෝබි කොටියෙක්"
"Prasanna Mahesh","https://www.facebook.com/prasanna.mahesh.722485","මිනී මරුවෙකුට ජනාධිපති සමාව දුන්නත් මූට හම්බවෙන එකක් නෑ මූට දෙන්න හොඳ නැති චරිතයක් මූ ජාතිවාදය අවුස්සනවා"
"Ishara Samitha","","එතකොට බොම්බ කෙලිය කවුද ? මුන්ට ඕන කටවල් වහල මුන්ගෙ ගේම් එක යටින් අරන් යන්න අපේ ගොබ්බයන්ට ඒකෙ තේරෙන්නේ නෑ"
"Sameera Sampath","https://www.facebook.com/sameera.sampath.11019","Ponnayek virayek karana thoo wage shkkiliyek"
"Amila Prasanga","https://www.facebook.com/people/Amila-Prasanga/pfbid02MNC3sRbLhwENcdYjbPDdkjQEmakJDRCvV8fCBsXjacQMd3syiDeWvv2z4xyeHuAql","ඇයි හාමුදුරුවෝ මිනී මරලද හාමුදුරුවෝ කියලා තියෙන්නේ සම්පූර්ණ ඇත්ත"
"Chathuranga Hathgampala","https://www.facebook.com/chathuranga.hathgampala","මොන පසික්කාඩුවෙක්ද බං ඌ."
"Janaka Darmawardana","https://www.facebook.com/people/Janaka-Darmawardana/pfbid0dXKjkWEUduaeLhVU3YoXC8ohnn1PfGuSL4xaiGe1jT8Q6asaJwzH1f5qJcsSnMMql","මේ comment වල බහුතරයක් නියම සිංහල බෞද්ධ පොරක් කියලා comment කරලා තියෙන්නේ කවුද මොන ආගමේ අයද කියලා බලාපල්ලාකෝ. ඊට පස්සේ ඉතුරුව හිතාගනිල්ලා. හාමුදුරුවන්ට වඩා ජාතීවාදී උන් මේවා ඇතුලේ ඉන්නවා ඒත් උන් එලියට එන්නේ නෑ තවම. මූ ඔය කියන තරම් හොන්ඳ සිංහලයෙක් නම් බෞද්ධයෙක් නම් නානසාරලා උඩ පනින කාලේ ඒවට විරුද්ධ වෙන්ඩ තිබුනනේ. 😁 දැන් බලය තමන්ගේ පැත්තේ නිසා කැමරා ඉස්සරහා රඟපානවා 😁👍 තවම වතුර රත්වෙලා නෑනේ හැලියේ එතකම් බලාගෙන ඉමු"
"Nimesh Harshana","https://www.facebook.com/nimesh.harshana.902495","Thoge  ammata  hukapan  ponnayo"
"DN Lakjaya","https://www.facebook.com/dn.lakjaya","ඇත්තටම මට මේ දර්සනය 100 පරක් බලුවත් මඩි"
"Indika Gayashan","https://www.facebook.com/indika.gayashan.23778","සිංහයා 😀😀😀 පුනරැදේ උදා වෙලා පෙට්‍රල් මිල වැඩි වෙලා ඩෝබියෝ"
"James King","https://www.facebook.com/people/James-King/pfbid02PtXrpzwLifWn1aGNU1eQRKNLU4MNVR3RVCaYdhJu3UBbXnueaWo78yD9BBMkfw68l","Porak thamai!!!"
"Ranjith Aruna","https://www.facebook.com/people/Ranjith-Aruna/pfbid02z8xNfKp2qNiA5UNZU9mbpUSLQLfiK4KJxZNQBJXKZHL8sExWScNDToHgSxn5q1rml","Meka thambinta Kath Adina ekek..Sinhala senna be"
"Anil Kumara","https://www.facebook.com/anil.kumara.94064","supiri penei sinhala thopita topi sulu jathiya unata passe Dan ohoma raguwata palayau madaberadiga Muslim ratawal walata etakota thopita terei sahajiwane mokadda kiyàla bella kapala toti ewanne Ara lagakadi ekekta marana daduwamath Dunna neda bath kana sinhala harak sinhala topi wenuwen katakara eka jathiwadinam min idiriyata sinhala topi wenuwen katakaranna ekek idiripath wena ekak na desapaluwo katakarai kiyala nam balàgena inne sorry tamai"
"Ranjith Bandara Amarasinghe","https://www.facebook.com/ranjith.amarasinghe.94","ඇත්‍ත👍❤️"
"Sanjaya Fernando","https://www.facebook.com/people/Sanjaya-Fernando/pfbid02cyS7wLbDxf5SAEbyEiTQDRTUU26Cgm7fStKXazrtcUt9WPvBYuETtieCCxZktUAxl","Balaganna hitapan sinhala jathiyata kelawana vidiya"
"Viswa Priya","https://www.facebook.com/people/Viswa-Priya/pfbid0MJ9kB9ZqnZWJjY6vNUhUUPcTFHCEgNfBDAsAyVih5CJ9evzCxy3trZ1LT5MQ7NoXl","Sasaneta mee tatata sudusu nathi minissu.kochchara Athan kalath wadak naha"
"Sathyajeewa Vijendra","https://www.facebook.com/sathyajeewa.vijendra","🤮🤮🤮බුද්ධ චීවරේට නින්දාකරන පවුකාර ගනයෝ සෙට්ටෙක"
"Jayarathna Vidanagamage","https://www.facebook.com/people/Jayarathna-Vidanagamage/pfbid025YAraZeizTm2at3AjEiCQ319nnJvT1WydKLUDhNU4qCxrWPYXM91fNHFv8U4vAM7l","මේකතාව හරි හැබඊ මොහුත් බුද්ද කියන්නේ කුමක්ද දන්නේ නෑ මුන් ගහක බැන්දත් පෞ සිදුවන්නේ නෑ හොර පැවිදි"
"Jayathissa Wm","https://www.facebook.com/jayathissa.wm.7","පේනවද,,,, අනුරාධපුරේ කොල්ලා,,, නියම කොල්ලෙක්,,"
"Eagle Eye","https://www.facebook.com/c135bu44mv","උබ හමුදුරැවො වැරදි කියනවානම් වරේන්  ලයිව් කතාකරමු වෙලාවක් කියපන් බන්. මම එන්නම්............. තොපි පිලිවලට අරිනවා මහාකලු සිංහලයා දේශපාලන පජාතයන් පස්සෙන් ගිහිල්ලා . අද  හිගන ජාතියක් වෙිලා ලංකාවෙිම අැත්ත තිත්තයි."
"Dumi Hettimudalege","https://www.facebook.com/duminda.hettimudalege.1","Amu sakkiliyek..ubath ube ammata hukapu ekek gon wesige putha"
"කටුපොත ගුණරතන","https://www.facebook.com/people/%E0%B6%9A%E0%B6%A7%E0%B7%94%E0%B6%B4%E0%B7%9C%E0%B6%AD-%E0%B6%9C%E0%B7%94%E0%B6%AB%E0%B6%BB%E0%B6%AD%E0%B6%B1/pfbid0N6tn1tbP8WjLPfauPgedCrbbLcuBHS6E484o9xoC22FMAAy8sdt5PGupFPucjVE1l","බුදුදහමට අපහාස කරන උන්ට නීතිය ක්‍රියාත්මක උනානම් වෙන ආගම් ලංකාවේ නෑ"
"Dammka Bandara","https://www.facebook.com/dammka.bandara.141411","බලපියව්, ලංකාවේ වෙන ආගමක නායකයෙකුට මොනවා කළත්, ඒ මිනිස්සු  මේ වගේ රෙදි කඩාගෙන කෑගහනවද? වෙන රටකදී තොපි මේ වගේ දෙයක් දැකලා තියෙනවද? එහෙනම් තොපි මොකද මේකට වැලපෙන්නේ? හාමුදුරුවෝ වැරැද්දක් කළා නම් රටේ නීතියක් තියෙනවා, ඒකෙන් බලාගනියි. තවත් පිරිසකට ජනාධිපති සමාව ඕනේ නම්, ඒකත් අවශ්‍ය ක්‍රමයට කරයි. නිකන් තොපි උඩ පනින්නේ නැතුව හිටපියව්. લැජ්ජයි තොපි වගේ උන් ගැන."
"Shehan Junior","","ඇත්තටම මේ ගණයන්ට මොකද වුණේ? බුදු දහමට නිගා කරනවා..🤮🤮"
"Kumara Jayasinghe","https://www.facebook.com/kumara.jayasinghe.9212","තොපි වගේ අවලම් කවලම් බල්ලෙක් ."
"Kavishka Dulanjaya","https://www.facebook.com/kavishka.dulanjaya.5264","බුද චිවරේට ගරැ කරලා වුන් වහන්සෙට සමවදෙන් සියලු දෙන ගේම අත්සන් වලින් ඔවහන්සෙට සෙත්වෙිවා ඔබවහසේ කියන කවි බණ කරැනියන් වහසෙගේ   පිහිට ලැබෙි වා බුදුසරණයි  ඔබ වහසෙට"
"Buddika Abesinha","https://www.facebook.com/people/Buddika-Abesinha/pfbid02tnMwxwLzYypRpz8VKSWeAP3xSfYdbVQSUDBCnSqDJB2gYZZeB2eo2enqhUBkR945l","ඕක ජෙප්පෙක්"
"Nihal Jayakodi","https://www.facebook.com/people/Nihal-Jayakodi/pfbid0PknC7qFWEiaXwxckGJtAZUzz1YVJZYEzAAU3sYakdNdpCQVs9rcKPU8DMZevxdWYl","Niyamai. Kollo. Maru. Uba. Niyamai Sihalayek"
"Netuli Bhagya","https://www.facebook.com/people/Netuli-Bhagya/100089047950054","ඥානසාරල බෞද්ධාගමට නිගා කරන මිනිස්සු සිවුර දාගෙන ඉන්නෙ තමන්ගෙ ආරක්ෂාවට ... හිරේ යන්න ඕන ..."
"Madu Jayasekara","https://www.facebook.com/people/Madu-Jayasekara/61590789620027","නිගන්ටයෙක්"
"Mohamed Jismy","https://www.facebook.com/mohamed.jismy.52","#Good intelligent generous person  #Extremely good very simply #comprehensive Sinhala application.  #Relevant facts clearly explained  #Alhamdhu Lillah."
"Manel Kumudu","https://www.facebook.com/manel.kumudu.16","Awajathaka jepponta owa hodai"
"Nalaka Jayasinha","https://www.facebook.com/nalaka.jayasinha.48965","උබලා.කොහොමත් .හමුදුරැවො එක්ක.තරහයිනෙ.යකො..ගලගොඩ හමුදුරැවො තම.පෙරට අවෙ.එක්.නැලිගොඩ.කියන්නෙ.කවුද.කියලා.හොයලා.බලපන්."
"Ranji Wicrama","https://www.facebook.com/people/Ranji-Wicrama/pfbid02KyvRWTrzMRhwFoLJJfPN4aovNymsh23LC9gnHhxSzmM9dbWUf4ncszTBJsKNjQKvl","Ehemanan anek hirakaruwantath  ohoma  Athan karoth  mokada wenne."
"Pawithra Sadamali Ramanayaka","","වද කොත්තු 🤣🤣😁"
"Shammi Nisansala","https://www.facebook.com/amaya.ekanayaka.52","Muslim   ewun jathiyak bo karala  rata allanda haduwath  api awurudu Gani e mi issu ekka ganu denu karala sugadawa hitya"
"Ravi Shanka","https://www.facebook.com/ravi.shanka.752","පිස්සු  හු#තෙක්"
"Damith PH","https://www.facebook.com/damith.ph.31","මේක සිංහල බෞද්ධ රටක්."
"Prabhath Ekanayake","https://www.facebook.com/prabhath.ekanayake.37","Islam කියන්නේ පිලිකාවක් සිංහල ගොන්නුන්ට තේරෙන්නෙ නෑ ඒක"
"Prasath Pran","https://www.facebook.com/prasath.pran","Honda පැහැදිලි  kiireemak ,Thanks"
"Sanjiwa Sanjiwa","https://www.facebook.com/sanjiwa.sanjiwa.14661261","Kala kaniiii wasa balak koha harii yanaaa"
"Pushpa Raja","https://www.facebook.com/people/Pushpa-Raja/pfbid02ijBPnh4V4KSPwR5e44as5HHQQSKuVLZXmbUER3GT6BYUFQt17wkNy1JWLNhTWzYJl","God plus you my brother"
"Jayasundara Mudiyanselage Ariyadasa","https://www.facebook.com/people/Jayasundara-Mudiyanselage-Ariyadasa/61573475305006","Yes you're correct,"
"Wasanthi Thiranagama","https://www.facebook.com/wasanthi.thiranagama","උබේ අම්මගේ වාහේ කරපන් ඌ"
"Kasun Lakshan","https://www.facebook.com/people/Kasun-Lakshan/pfbid0D3UyucvYuQg3uGtKBGs1ps6rBrRg42U7edKHHGAo16J2DmS19Sa1oHEVspTBwnBol","ජනාධ්පති සමාව නෙමෙයි ඕකාට දෙන්න ඕනේ රජ කාලෙ දඩුවම්. පාහර බල්ලාට රෙද්ද ගලෝලා ගල් ගහලා මරන්න ඕනෙ ඔය බල්ලාව"
"Amith Nishshanka Nishshanka","https://www.facebook.com/amith.nishshnka","සිංහලයා විසින්ම සිංහලයට කෙලින අවස්තාවක්"
"Simudu Chathuranga","https://www.facebook.com/people/Simudu-Chathuranga/pfbid02o2j1VndWP862oWWrBhdbHnrxK3jqpkMmbK2FKevK5y2bEiXXV5hXTTpqffBDkpjyl","හාමුදුරුවෝ හානියක් කරලා නෑ උඹලම තමයි රටට සාපේ. මුලින්ම උබලගේ ආගමෙන් උබලගෙ ආගමේ උන්ට වෙන දේවල ගැන මුස්ලිම් ආගමේ උනම තමයි මේ හාමුදුරුවන්ට කිව්වෙ  උබ කියනවද අදටත් ශරියා නීතිය ලංකාවේ ක්‍රියාත්මක නෙවෙයි කියලා. උඹලා තමයි තනිකරම වෛරය වපුරන්නේ."
"Mary Joyce Fernando","https://www.facebook.com/mary.joyce.fernando.2025","You explained very nicely. That's right son. We all love peace n harmony. No more war, no more trouble.now everything is going well with NPP. May not any evil destroy that harmony. Ppl must understand now ."
"Sajitha Jayaweera","https://www.facebook.com/sajitha.jayaweera.2025","Sinhala namwalin thambi comment"
"Dilani Disanayaka","https://www.facebook.com/people/Dilani-Disanayaka/pfbid03JDFwr4BW5hV7mx2jDrKpgg4Q7gVDdjae7a6MwJGvusGZC3eyi2wtdXPLbrk1su6l","ජෙප්පෙක්ගෙ පිටපතක්"
"Nilantha Dias","","ඔය ගූ ඝණයෝ තුන් දෙනාට ගූ ගහපියව්!!! නානසාර බැල්ලිගෙ පුතා හිරේ යැවිය යුතුයි 😡😡😡"
"Indika Pushphamal Jayasooriya","https://www.facebook.com/indika.pushphamal","මේ වීඩියෝව සාමාන්‍යයෙන් රටේ හැම කෙනාගේම කතාබහට ලකුණු වීඩියෝවක් ඒත් මේක බලපු හැම කෙනාම කිසිම දේකට අදහසක් නොදක්වා අවස්ථාවක් එනතුරු බලා ඉන්නවා ඇති"
"Supun Madushanka","https://www.facebook.com/people/Supun-Madushanka/pfbid02AEm1Vf7J3SoVmHfgwSppQdDeuSDKFj2bhzdtwJz8tRmfr8NBKKbqbyG4BVonsb16l","Mohamad ge puthek....."
"Chaminda Hemantha","https://www.facebook.com/chaminda.hemantha.92","ඔයවගෙඋන්ටතමයිකියන්නෙපරයොකියලා"
"Manju Harshana","https://www.facebook.com/people/Manju-Harshana/pfbid02b7CwaVeZws72nvxn8UDubovPjmm6L7r33eEkXyr14DBiM7KeoB95Q8yCva9KsT5Dl","Thopi wage muslim anthawadenta hodai me wage sinhala jepi kalakanni"
"அன்பேசிவம் சர்மா","","நமது நாடு மிகவும் அழகான.... மனிதாபிமான மனிதநேய மக்கள் வாழும் நாடு🌹🙏🏼 ஒருசில கீழ்தரமான மனிதர்களால் பல பிரச்சனைகளை தினம்தோறும் சந்திக்கிறோம்🙏🏼🙏🏼😓 உங்களது மொழி புரியாவிடினும் உங்களது முக பாவனை ஓரளவு என்னால் உணரமுடிகிறது🙏🏼 வழ்துகழ்💞🙏🏼"
"Ranamal Hiro","https://www.facebook.com/people/Ranamal-Hiro/pfbid022THUyq2zAHNiq9zSvWb8sD7sHSLUjtByfrLv4ujvenR55Vwj8NWe2qebzhiGQWS8l","Janadi pathi thumani oya hamuduwanwa jevihetama hire danna oyage konda pana thiyenawanam"
"Oshini Gamage","https://www.facebook.com/people/Oshini-Gamage/pfbid02feczuL4yB4iJwAq7gTsDne6eaJp7aP8qxHKdGo4hDyAJ64bwoVgNvBsVM623BjHkl","පාස්කු බෝම්බෙ ගැහුවෙත් මුන්වහන්සෙද.එතකොට.හම්බයන්ගෙ ලොකුම හතුරා උන්වන්සෙනෙ,උබලා කෝමත් උන්වහන්සේව එල්ලනවා නම් හරි කැමති.සර්ප හැත්ත.ඉටම හුරෙ දාන බූරු සිංහල හැත්තගෙ බෙලි කැපෙන දවසට තේරෙයි"
"Chamal Nilshan","https://www.facebook.com/chamal.nilshan.2025","තිත්තගල්ලෙ කොහොමද කියන්නෙ මිනිස්සුන්ට කට වහන්න කියලා. ඌ කොහොමද ටවුන් වල අත්සන් හිගාකන්නෙ එහෙනම්. ඕකට හැමතැනකින්ම විරුද්ධ වෙන්න ඕනෙ හරිනම්. නාමල්ව හිරේ දැම්මට පස්සෙ කඩියා පුපේ දුවපු එකා දැන් නානසාරගෙ සිවුරෙ එල්ලිලා යටින් ගේමක් ගහන්න හදනවා. නානසාරට අත්සන් එකතු කරන්නෙත් රාජපක්ෂලාගෙ පම්පෝරිය කියලා. ගහන්න ඕනෙ පසික්කාඩුවට කනපැලෙන්න😁"
"Prasad Jayasinghe","https://www.facebook.com/sadpjayasinha.jayasinha","අනේ ඩෝබී ගෝතයෝ.....😂😂😂"
"Sd Re Re","https://www.facebook.com/re.re.sd.2025","Iwarda waaaum punda um nalla shinhalwandaya soooppuwaru nalla shinhalwanukku ice waipparrrr iyooo iyooo endaikkawadu oru naal muslimgala paaraatti post pottu irukkureyaaa ? Appdi pottal thmbiyya hambyya idan kada keanp punda ummakku shihalawana oooththan inda pilaippukku hikkaduwaila sooththu kudukkalam thambi"
"Sma Jayalath","https://www.facebook.com/sma.jayalath.5","අවජාතක බෞද්ධ විරොධි පරයෙක් ඔය සක්කිලියා."
"Ramya Nanyakkara","","ජෙප්පන් කොහොමත් හාමුදුරුවෝ එක්ක තරහයි නෙ...."
"Samika Teamfr","https://www.facebook.com/samika.teamfr","ඕක බෞද්ධයෙක් නෙවෙයි කතෝලික..."
"Prabuddha Kalupahana","https://www.facebook.com/iprabuddha1","බෝම්බ ගහපු උඹලගේ වීරයෝ ගැනත් බැනලා post එක්ක දාපන්කෝ බලන්න.බැහැ නේද උඹේ ජාතියේ උන්ට මුකුත් කියන්න."
"Prabuddha Kalupahana","https://www.facebook.com/iprabuddha1","ඊබ්‍රාහිම් ගැනත් පොඩ්ඩක් කියමුද"
"Ranga Kalum","https://www.facebook.com/ranga.kalum.2025","උබලා ගෙ එවුන් තමා අන්තවාදී .ආදහස්  මිනුස්සු න්ගෙ ඔලුවලට ඇතුල් කරෙ"
"Firis Rok Shaan","https://www.facebook.com/people/Firis-Rok-Shaan/61574250561952","පල්ලි කාක්කෙක්"
"M Nilam Deen","https://www.facebook.com/rojar.ziyon","“Amu Sinhala baudda”Waradi talk ekak damme saho. Malay, thambi, Cristian, Damila moral’ apitath puluwan thaniyen piyiyata bahinna. Ethakota unbalamane enne jathiwadaya aussagena."
"T Ajith Kumara","https://www.facebook.com/takeshi.kumaya","මේ තිත්තගල්ලෙ කරන්නෙ අධිකරණ නියෝග අභියෝගයට ලක්කිරීමක් නේ"
"Nalaka Ruwansiri","https://www.facebook.com/nalaka.ruwansiri.50","ගලගොඩයා මහපාරෙ ඇදගෙන ගිහිං මරන්න ඕන පාහරයෙක්"
"Senaka Jayawardhana","https://www.facebook.com/senaka.jayawardhana.752826","Suspire talk welcome malle"
"Don Lal","","නියම සුපිරි පොරක්,දෙන එක දුන්නා ආයෙ සක්කිලි කහකඩයන්ගේ ඇඳගෙන ඉන්න කහපාට සාරි ගැලවිලාම යන්න👍👍👍👍"
"All Rounder","https://www.facebook.com/all.rounder.1441","Amu meeharàkek"
"Sujith Perera","https://www.facebook.com/sujith.perera.946","ඕකගේ දාන්න ඕනි ඇතුලට ...😡😡😡"
"Gamini Gopallawa","","ලංකාවේ හිටපු ජනාධිපතිවරු ඔක්කොගෙන්ම ඥානසාරයට සමාව ගන්න පුළුවන් වුණත් අනුර කුමාර කියන බුද්ධිමත් ජනපතිවරයාගෙන් නමි කවමදාවත් සමාවක් නැත. ඉන්ද්‍රඛීලයක්  වැනි ජනපතිවරයෙක් අපිට ලැබිලා ඉන්නවා."
"Deekirikewage Deekirikewage Down","https://www.facebook.com/kumara5402","මේ කෑගහන එකයි මේ වීඩියෝ එක කරන එකයි තොපි දෙන්නම අවජාතකයෝ"
"Kumudu Nuwan","https://www.facebook.com/kumudu.nuwan.2025","මුස්ලිම් දෙමළ මිනිස්සුට අතල්  මේවා දැකල"
"Suminda Perera PA","https://www.facebook.com/people/Suminda-Perera-PA/pfbid02AwAdhQiohVzUeKKNx1nfTntfCKiNx3QSE331eYjcy56JzXkPfPryWrBfUz4ULycFl","බුද්ධාගම විනාශ කරනවට භූගෙ සිවුරු ගලවන්න ඕනෙ"
"Wijesuriya Adikaramge","https://www.facebook.com/pandukabaya.wijesuriya","මේ කුහකයන් එදත් අදත් රටේ භීක්ෂූන්ට කරන අපහස නින්දා අමන පහත් ගති මතුවෙන්නෙ මුස්ලින් සම්බවයක් ඇති හතරට කොනකපාගත් සමණළයන් මොනවා කීවත් අපි අපේ රට වෙනුවෙන් කතාකරන භීක්ෂූන්ට පක්ෂයි..."
"Chals Dimbul","https://www.facebook.com/chals.dimbul","නියම ශ්‍රි ලාංකික පුරවැසියේක් බ්‍රෝ  අර කාලකන්නි හැත්ත කොහොමහරි රටේ ප්‍රශ්න  ඇති කරන්න බලනවා පුරවැෂියා යොදා ගෙන දැන් ඒ කාලෙ ඉවරයි හැබැයි අළු යට ගින්දර තියෙනව අනේක් අය විමසිල්ලෙන් ඉන්නම ඕන බ්‍රෝ"
"Sanjaya GS","https://www.facebook.com/people/Sanjaya-GS/pfbid0aD7bT3YEYdQaSEKaZcLuERhcfsnez22PH4TmJ5WGEg5JKPM2gufEJAoDypPekjdMl","වේ සිගේ පුතෙක්"
"Nishantha Lakmal","https://www.facebook.com/people/Nishantha-Lakmal/pfbid0w2yhGYucK4cxnMpLpEKpCpj7NXmCD6QWx1zTjJnmMqG6o6AHo1o7AwX2GWd57nUBl","අර කැරි තම්බ් ඊබ්‍රාහිම් ගැනත් විඩියෝ එකක් කරහන්කො බලන්න පිරිමියෙක් නම්"
"Yapa Mudiyanselage Jayasinghe","https://www.facebook.com/people/Yapa-Mudiyanselage-Jayasinghe/pfbid02rYqbxaEHWNkdv6NRjxTizS8Cg1YvQPAotGwt15Mo6KKMvt2GsGcKCSK2gUeKFVdBl","යකෝ දැන් එන්න එන්නම සාසනයේ කනවනේ මේ කහකඩයෝ දැන් මේ රට බේරගන්ඩ වෙලා තියෙන්නේ මේ හාමුදුරුවෝ ගොල්ලොන්ගෙන්නේ"
"Uw Manjua Uw","https://www.facebook.com/uw.manjua.uw","මුස්ලිම් ආගමට අපහස කරලා හිරේ යනවා කිව්වා ම බෞද්ධයෝ අප්පුඩි ගහනවා"
"Shehani Rasmika","https://www.facebook.com/people/Shehani-Rasmika/pfbid02ZxojQ38Vf3iuF19UuFpUcon7JHu2ynCvzYyi8XcPft5FT2HGE7kTq7Hzu93EK77ql","කොහොමත් සිංහලයා වැරද්ද කවුරු කරත් එක වැරද්දක් විදියට දකිනවා හැබැයි තම්බියා එහෙම නෑ උන්ගේ ජාතියේ උන් මිණී මැරුවත් උන් ගන්නේ ජාතියේ පැත්ත"
"Lahiru Bandara","https://www.facebook.com/people/Lahiru-Bandara/pfbid0DzJk5MoQwrnXdnqb7dbW8rFupjAAuBSM1LNW8NeVn23ZR7cwvaveevSfyfBW5ZDjl","අන්න හරි 😂😂😂 තොපි බයයි එයා තොපිට කෙලියි කියලා . ඒකයි ඇතුලට දැම්මෙ . සක්කිලියා 😂😂😂...   හිරේ දාලා තියෙන්නෙ එක්නැලිගොඩ නඩුව සිද්ධිය සම්බන්ධයෙන් අදිකරණයය අපහස කිරීමේ සිද්ධියකට . ජනාධිපති සමාව ලැබිලා තියෙද්දි ආයේ දැම්මා තොපි බයට ......  හිර කරහල්ලා . කොහොම කරත් උඹලට 2029 වෙනකම් විතරයි හැම සෙල්ලමක්ම දාන්න වෙන්නෙ . මිනිස්සු ගූ ගහලා එලවන්නෙ උඹලව"
"Sampath Basnayaka Sampath","https://www.facebook.com/sampathbasnayaka.sampath","කාලමකම්නි බම්ලෙක් ඒකා"
"Upali Sarath Kumara","https://www.facebook.com/people/Upali-Sarath-Kumara/pfbid021P9LAWbDvA7yVhgUccAdUHyGCYWBz9Yjs43YGzpFa8kPcxcCeP4Behg29cDKthpPl","කාලකන්නි මුසලයෙක්"
"Nimasha Hansani","https://www.facebook.com/people/Nimasha-Hansani/pfbid0vGrgcfzfFXuDe7eky7M4Dww2FbUdQVPwxAfiMqFChjc42ogE53cXzD7e9Jb76DXrl","ටිල්වින් සිල්වා කියන්නේ වාද්දුවේ බෝම්බ ගහන්න ඇවිල්ල හිරේ ලැග්ග එකෙක්. උන්ගේ පක්ෂේ ඔහොම වැඩ කප්පරක් කරලා අමු අමුවෙ මිනි මරලා රටේ අනාගතේ විනාස කරපු උන්. අද කරන්නෙත් වෙස් මුණක් දාන් රට නොමරා මරන එක. එහේවු උන්ට කඩේ යනගමන් ආවේගශීලිව කතා කරපු හාමුදුරුවන්ට තිත්ත කුණුහරප කියනවා. පැලෙන්නම ඇරලා යනකන් කඩේ යන ජහ මනය ඉන්න රටක් මේක.මුස්ලීම් හුත්තල අයිතිවාසිකම් ගැන කතා කරන එක මිනීමරුවෝ අවිහිංසාවදය ගැන කතා කරනවා වගේ. තොපි ඇවිල්ල මේ ලෝකේම ගද ගස්සන්න බෙහෙත් දීලා පුනුරුත්තාපනය කරන්න ඕනි මානසික ලෙඩ්ඩු 🤣"
"Zack Gordon","https://www.facebook.com/people/Zack-Gordon/61594709093042","thopila wage marakkalayo nam epaa"
"Ruwan Pathirana","https://www.facebook.com/ruwan.pathirana.36777","මෙයාට ජනාධිපති සමාව නැවත දෙනවා කියන්නෙම මේ ආණ්ඩුව ජනතාවට දෙන නරකම පූර්වාදර්ශයක් වෙනවා"
"Sandamali Upeksha","https://www.facebook.com/sandamali.upeksha","Ane ithin umbala anunge huththawal Hoya Hoya badawiyatha rakaganne me vmbe vedio walata comment like Dana un nisa thamai bn umbala ochchara weerayo nam ohoma indiii"
"Susantha Kumara","https://www.facebook.com/people/Susantha-Kumara/pfbid08Y9JHsUy9vHBE44ns389D6rP1yw4UMWByhxBPExM3TzZ9x9vCtxbJ3ch9ceSkyUUl","අලුතෙන් ආපු කල්ලතෝනිය"
"Lakmal Nirosan","https://www.facebook.com/lakmal.nirosan.5","ඔබ මේ ගැන කතා කරන්න මොන ආගමේද කියන්නකෝ අන්න ඒක විතරක් කතා කරලා ඔයා මේ ගැන කතා කරන්නකෝ මේක මේ අපි ආගම් බෙදීමක් වත් එහෙම දෙයක් නෙමේ පෞරුෂත්වය තියෙන තැන විතරයි අපි වැදගත්"
"RRasika Jayasinghe","https://www.facebook.com/rrasika.jayasinghe","අනේ  එතකොට මූට මොකක්ද කරන්න ඕනෙ.  https://www.facebook.com/share/r/1DrRfoRyd7/"
"楊曉蘭","","ඇත්තම.ඇත්ත.රටට.ආදරේ.කොන්ද.පන....ඇතිමිනිසෙක්"
"Gunapala Ranaweerage","https://www.facebook.com/gunapalaranaweerage","නානසාර කියන්නේ සැබෑ භික්ෂුවක් නෙවෙයි. හොඳ පුරවැසියෙක්වත් නෙවෙයි. ජාතිවාදියෙක්, ආගමික අන්තවාදියෙක්, සිවුර ඇඳගෙන දේශපාලන වාසි ලබාගන්න කපටිකම් කරන කෙනෙක්. මෙවගේ කෙනෙක් සමාජයේ ඉන්න ඕනේ නැහැ. සිරගෙදර තියන්න ඕනේ. මුළු සමාජයටම පිළිකාවක්. Nanasara is neither a true monk nor a decent civilian. He is a racist, religious extremist, and cunning opportunist who hides behind the robe purely to grab political power and influence. A man like this does not belong in society — he belongs in prison. He is a cancer on the whole country. #Nanasara #FakeMonk #Extremist"
"Samantha Manjula Rathnayake Rathnayake","https://www.facebook.com/samanthamanjularathnayake.rathnayake","Anay palayan ban yanna ubalata hodai oya gon athal wadak nathinm ganige jangi tika harry hodapan napusaka wesige putha"
"Red Panther","https://www.facebook.com/people/Red-Panther/pfbid0UVZ1FkAU1x2sJCkBhetWjytYoW2kpnjMDZPZ6KnfjYgXaucttMPrC8gqGA4Yy94Sl","Ube agamt hate comment ekk demma uta marana dhaduwama dena eka Hari Lu 😂 uge ratata giyama paduwe hambakaran Enna one Lu 😂 ubl wage unt ape rate paduwe Inna dunna eka thama weredda 🤣 mee wage modaint kade Yana Hari Sinhala Baudda ekek wath inna widiyak nee mole thiyei nam"
"Sugath Keerthiratna","https://www.facebook.com/sugath.keerthiratna","පලයන් යාපනයට  අන්න කොටි සැමරුම් තියෙනවා"
"Gamini Matara","https://www.facebook.com/people/Gamini-Matara/pfbid03qZAp1fVwhbtv5SCBWw8gpCX2dQJBW2HzZ9fN6BCTV3Yw7Pd8ACpnxsgNnyUxGSKl","ඕකාට සමාව දෙන්න නරකයි ඇට දෙකෙ# එල්ලලා මැරුවත් මදි"
"Barti Kumara","https://www.facebook.com/barti.kumara.5","නියමයි ඔය සිවුරු හොරු පන්නන ඕන"
"Danushka Sadaru","https://www.facebook.com/danushka.sadaru.56","මෙකා තම්බියෙක්ගෙ හොර සොට් එකක්"
"Anura Senaka","https://www.facebook.com/anura.senaka.92","කොහෙිද යකෝ මු සිංහලයෙක් වෙින් මු අවජාතක බල්ලෙක්"
"Thissa Ajitha Rathna Himi","https://www.facebook.com/people/Thissa-Ajitha-Rathna-Himi/61562473915744","සිංහලයාට එරෙහිව සිංහලයා.."
"Sanjeewa Kumara","https://www.facebook.com/people/Sanjeewa-Kumara/pfbid031AapEkFstCjzqBZ3Z3cutjBmaWTydoMCLtE8nrMCF5F4jukAuvAsdVCbLqT5tfmwl","Bomba thambi"
"Prasad Mangala","https://www.facebook.com/prasad.mangala.263865","ඥානෙට ජනාධිපති සමාව දෙන්ඩ කලින් පොරට ගියපන් හැංගිලා ඉන්න තැනකින් ඇවිත් උසාවියට ඉදිරිපත් වෙන්න කියලා පොරට අදත් වරෙන්තු නිකුත් මං නම් හිතුවේ නෑ ඒ තරම් සිංහයෙක් මේ තරම් බලුවේ කියලා"
"Neesha Disanayake","https://www.facebook.com/neesha.disanayake.2025","මෙවා දැක්කාම නැට්ට පුකෙ ගහන් යන්නෙ පොන්නයො"
"Janaka Senevirathne","https://www.facebook.com/janaka.senevirathne.830972","අනුර කුමාර උපත්පාලන පෙති බොනකොට හැදිච්ච එකෙක් කියලා  තියෙනවා video එකක දැක්කා. නිදහස් කරලා පහු වෙනිදා ඉදලා මොනවා කියයිද. එතකොට ආපහු දාන්න බෑ"
"Anurada Bandara","https://www.facebook.com/anurada.bandara.583","ඕක සිංහලයෙක් නෙවේ ඔය කල්ලතෝනියෙක් නියම සිංහලය තාම දැකලනෑ"
"Withanawasam Deepthika","https://www.facebook.com/bpdjvlj1pl","අනෙ පල අමු  සිනන්හලුන්ට  පෙනෙ   ඉදිරියෙදි  ථොපීටා"
"Kalum Kalum","https://www.facebook.com/people/Kalum-Kalum/pfbid0WomhHb6P9GUyt1QsF5uS4jv6mtWCk8APxvP55mbjbRpYrwDhPhY7YGARFuJQKVHgl","අනේ බහුකාපන්."
"Madura Abesekara","","ජනාධිපති සමාව දෙන්න එපා"
"M Indika Fernando","https://www.facebook.com/yasantha.fernando.9659","👍👍👍👍👍 මරැ👍👍👍 බන්"
"Sumitha Wirsiga","https://www.facebook.com/sumitha.wirsiga","රාජපක්ෂ  බලුකුක්කො .රට විනාස කලෙ.මෙ කුක්කො. හිරෙට  අය්ති අයය්."
"අභිනීල දෙනුවන්","https://www.facebook.com/people/%E0%B6%85%E0%B6%B7%E0%B7%92%E0%B6%B1%E0%B7%93%E0%B6%BD-%E0%B6%AF%E0%B7%99%E0%B6%B1%E0%B7%94%E0%B7%80%E0%B6%B1%E0%B7%8A/pfbid0w9e5cuwrwgLZUHXB3FRq4tqjcvpD8rgsA2weGd6rAqqoxZi7bFTKHnZx32nXWowXl","මුස්ලිම්  අන්තවාදීන්  ගැන  කතා  කරපු  හාමුදුරුවෝ  වැරදියි.  මුස්ලිම්  අන්තවාදියො  හරි.   ඒකද  මේ   සක්කිලි   තම්බි  ටික  කියන්නෙ  දැන්.  තොපි  ඉස්සෙල්ලම  නැගෙනහිර පලාතේ සිංහල  පවුල්  වලට  මුසල්මානුවන්ගෙන්  වෙන  කෙනෙහිලිකම් හොයල  බලාපියව්.   ජාතියට  වින  කරන  කොන  කපාගත්   සක්කිලි   සිංහල   හැත්ත."
"Bandara Adikari","https://www.facebook.com/bandara.adikari.54","පල යන්න තොපි දේශද්‍රෝහි පූජ්‍ය පක්ශයටවත් ගරු කරන්න දන්නෙ නැති උන්"
"Saman Malwaththa","https://www.facebook.com/saman.malwaththa.366947","Okunta siwura galawala paradige ewiddauwanam hari hora heththa"
"Km Saman Kumara","https://www.facebook.com/saman.kapugedara","උබ ලොල්ලේක් වගේ පෙන්නේ 🖕"
"Shen Jay","","මේවගේ  හොර හැත්තට ජානාදිපති සමාව දෙන්න හොද නෑ ජාතිවාදය ගෙනාවේ  ඔය කලකන්නියා  ජානාදිපති සමාව  කොහොමටවත් දෙන්න හොද නෑ"
"HM Gunarathna","https://www.facebook.com/hm.gunarathna.846439","Assen.kole.ude.wadi.wenatiyegena"
"Prasanga Amila","https://www.facebook.com/prasanga.amila.50","ගංජා කාරයෙක්"
"Janaka Randenigala","","එල පොරක් ඔය කහකඩයාට නියම උත්තරය දුන්නේ 👍👍👍"
"Sashi Surendra","https://www.facebook.com/sashi.surendra.3","අනේ යකෝ 2013 ඉදලා කිව්වා මුස්ලිම් අන්තවාදින්ගෙන් රටට තර්ජනයක් තියෙනවා කියලා ගැහුවේ නැද්ද බොම්ම තොපිනං බං සාප හොදේ හාමුදුරැවෝ නෙමේ තොව අල්ලලා  දාන්න ඔන හිරේ දන්නැති මගුල් කියවනවාට"
"Sampath Thusara","https://www.facebook.com/sampath.thusara.528","අමු.. අවජාතක ඩෝබ්යෙක්"
"Dileepa Kalupahana","https://www.facebook.com/dileepa.kalupahana","ඥානසාර වගේ දේශපාලන වීදි බල්ලෙක් වෙනුවෙන් ජනාධිපති සමාව භාවිත කලොත් අනුරට වෙන්නෙ කොටි වලිගෙ අල්ලගත්ත වගේ වැඩක්"
"Jinadasa Kaluarachchi","https://www.facebook.com/jinadasa.kaluarachchi.2025","නමුත් ඔහේ සින්හල පොරක් නොවේ"
"SumuDu Drshana","https://www.facebook.com/sumudu.drshana","පට්ට ජෙප්පො"
"Nuwan Nuwan","https://www.facebook.com/people/Nuwan-Nuwan/pfbid02Md9qKBzTtetv34UfXmvenJF4UHubTkbqVaJYv4f2mCzjcsfgvU5h6Qm8LGjpHwwJl","තෝ මොන නරියෙක්ද"
"AD Thennakon","https://www.facebook.com/people/AD-Thennakon/pfbid04Kd2krzUhJ692FZwPmk4NyCZwuvPeFPvs73uVLtvXJJ3sZAiuscDcWxFKyTbEHUvl","Sinhalayek nemei ponnaya to wage aekata ponnayek"
"Tlini Champika","https://www.facebook.com/tlini.champika","ගොන්පොරක්"
"Sanjaya Rathnayaka","https://www.facebook.com/profile.php?id=100000948221097","වචනේ පරිසමාප්ත අර්ථයෙන්ම හුත්තිගේ පුතෙක්"
"ඉසුරු ලක්ෂාන්","https://www.facebook.com/people/%E0%B6%89%E0%B7%83%E0%B7%94%E0%B6%BB%E0%B7%94-%E0%B6%BD%E0%B6%9A%E0%B7%8A%E0%B7%82%E0%B7%8F%E0%B6%B1%E0%B7%8A/61551236915398","සක්කිලි ආගම් අදහන එවුන්ට කොහොමත් ඇලජික් තමා"
"Stanley Keeragala","https://www.facebook.com/people/Stanley-Keeragala/pfbid0MMY73RxrZtuK9H7v9pwxHo9kp6kbf4PSW7pcYTPXh3DySxpJZkYkHVZDMToNTEzSl","ගලබඩඅත්තේ ගන්දස්සාර පාස්කු පුහාරයේ  මරණ වලට මෙන්ම තවත්  මරණ ගණනාවකටම ඉර්ජුව මෙන්ම වකුවද හවුල්වු බව ජනතාවගේ විශ්වාසයයි.  අාගම් හා ජාතිවාදි කෝළාහල අැතිකිරිමේ පුරෝගාමියෙක් ලෙසටද පුසිද්ධය. අප දැනගත් තොරතුරැ අනුව ගන්දස්සාර පොළව උඩවවත් තැබියයුතු  පුද්ගලයකු නොවේ. ගරැ අධිකරණය විහිලුවක්කර නොගැනිමට ජනාධිපතිතුමාට ණුවන අැති බව අපි දනිමු..."
"Lasitha Pradeep","https://www.facebook.com/madu.shanka.789378","ඈ #__තම්බියෝ උබලගේ උන් අපේ ආගමට.අපහාස කරන ඒවා හොදයිද ආහ්👌"
"Udara Fernando","https://www.facebook.com/udara.sri.fernando","සිංහල නෙමේ ඌ තම්බියෙකුට කලවම් වෙච්ච එකෙක්"
"Kingsley Fernando","https://www.facebook.com/kingsleywf","නානාසාරයා රටට සාපයක්  එල්ලා"
"Lahiru Chamantha","https://www.facebook.com/lahiru.chamantha","අමු සිංහල නෙමෙයි  මේ තොපිට ඕන විදිහට දගලන පොන්$&ක්."
"Chaminda Perera","https://www.facebook.com/chaminda.perera.5642","අනෙ බොලාගෙ ජාතිආලය ජෙප්පොන්ට කොහේද බං ආගමක් ජාතියක් තෝ කවුද බං"
"濾紙 義派に","https://www.facebook.com/lu.zhi.yi.paini","කවලමි පොන්නයේක් 😆"
"Henry Been","https://www.facebook.com/people/Henry-Been/pfbid0iAkCZioamJLpNYV5Pzm4rRFYowh8jaRrvK5Dyhjyh4B4K9W2LPBTA6ebkaUjjcdjl","ඕකට න්දහස දෙන්න  ඕක සිවුරක් පොරෝ ගත්තු සුනකයෙක් ඕකට ගෑනු හැම තැනම ප්‍රන්සයෙත් ගෑනියෙක්ව තියාගෙන ඉන්නව ඕකා"
"Ranjan De Silva","https://www.facebook.com/people/Ranjan-De-Silva/pfbid035Sbn2EuA3xfTaExyA566oSWNWZ6zpNAWrEsCUsK3SxP7fo87BCZTqzwAhLPFB4qil","ජාති  වාදි   හමදරුව්‍රරුන්"
"අමරතුන්ග රනසින්හ","https://www.facebook.com/pi9p9h5kli","තෝ ටිකට් ගහනකොට අපි තොට අප්පුඩි ගැහුව එක ගැන දුක් වෙනවා තෝ කොහොමත් කතෝලිකයෙක්නේ"
"Jamal Manage","https://www.facebook.com/jamal.manage.3","මුත්  සුනකයෙක්  අනුරට  පුකදෙන"
"Darvis Carrim","https://www.facebook.com/darvis.carrim","පන්සල්වලට වෙලා දහමේ වැඩක් කරගෙන ඉන්නේ නැතුව, මේ කහකඩයෝ පිස්සු කෙළිනවා. ඔහොම ගියොත් බුදු සසුනේ අවසානය තමයි."
"Ajith Weerasinghe","https://www.facebook.com/people/Ajith-Weerasinghe/100088131693314","මු අවජාතක කල්ලතෝනියෙක්"
"Kalpa Gamage","https://www.facebook.com/kalpa.maduwantha.9","දැන් එතකොට මෙ.ලංකාවෙ මුස්ලිම් අන්තවාදීයො නැද්ද?"
"Sumudu Mahathanthla","https://www.facebook.com/sumudu.mahathanthla.9","කොටියට දෙමල එකෙක් බනින්නෙ නෑ, පාස්කු ගැහුව මුස්ලිම් උන්ට එක මුස්ලිම් එකෙක් කට අරින්නෙ නෑ,  සිංහලයා තමයි තමන්ගෙ ජාතිය. වෙනුවෙන් කතා කරන එකාටම කෙලින එකම ජාතිය"
"Tennakoon Mudali","https://www.facebook.com/tennakoon.mudali","මේ පිම්පියාට පුකට පයින් ගහන්න තිබුනේ.මූ අමු පාහර නිවට,තුප්පහිම නිඝන්ඨයෙක්.නියමයි සහෝදරයා,එඩිතරව මේ අවලම් පාහරයාට ඔහොම ඇමතීම ගැන ඕන්."
"Susantha Pathirana","https://www.facebook.com/susantha.pathirana.944","පරයෙක්"
"Sujith Perera","https://www.facebook.com/people/Sujith-Perera/pfbid02VZFm52gy7Tcx3SCLv7PjmRWayDscwiZ1gTHd6aAxzvBzoVbRHdXcitRXmoW6GhtPl","කාලකණ්නි ගනයෝ"
"අඳුරු හෙවනැලි","https://www.facebook.com/people/%E0%B6%85%E0%B6%B3%E0%B7%94%E0%B6%BB%E0%B7%94-%E0%B7%84%E0%B7%99%E0%B7%80%E0%B6%B1%E0%B7%90%E0%B6%BD%E0%B7%92/61555774240393","උබ දන්නවාද උ සිංහල කියලා 🤣🤣🤣🤣"
"Chamara Shiron","https://www.facebook.com/profile.php?id=100000624667650","උබට සතුටු ඇති චිවරේට මෙහෙම වෙනවට හම්බය…තෙපි තමා දිය යටින් ගින්දර ගෙනියන උන් තොපි තමා පොඩි එකාගෙ ඉදන් පල්ලි අස්සේ දාගෙන ජාති වාදය වපුරන්නෙ කාලකන්නි…😠😠😠"
"Prema Rathnayaka","https://www.facebook.com/prema.rathnayaka.223970","ඥානයා එලියේ ඉන්න තාක් රටෙි ජාතිබෙිද නැතිවෙන් නැහැ......එකෙන්ම ඇතුලටම දාලා තියන්න ඔින එකෙක් ආගමත් කාපු ජාතියත් කාපු රටත් කාපු එකෙක්....."
"Agr Mawella","https://www.facebook.com/people/Agr-Mawella/61586196357842","නියම සිංහල යෙක්ද ? ගොං #කෙක්ද කියලා  අහන්න ඕන තව්හිත් ජමාත් කණ්ඩායමෙන්."
"Rohana Pushpakumara De Silva","https://www.facebook.com/rohana.pushpakumara.de.silva","මුන්ට තිලිපන්ගේ පිළිම තියන ඒවා පේන්නෙ නැ බුදු දහමට කෙලින උන්ටවිරැද්ද උනාම ජාතිවාදීන් ලු"
"Siri Nandana","https://www.facebook.com/siri.nandana.71","ඔය ඩෝබි පකෙක් කතා කරන්නේ අනුරාධපුරේ මේවටත් කතා කරපියව්කො ඔය වගේ"
"Chaminda Wijekoon","https://www.facebook.com/chaminda.wijekoon","ගොන් හිවලෙක්"
"Dilanka Nuwan","https://www.facebook.com/dilanka.nuwan.590208","Den puke amarauwa Hoda wei gadayange. Ai ban ubalage ate kewatada hamuduruwo ekka tahraha thopi.  Oita wada Keri weda karana ganayo innawa ona tharam.. Daramapalathumath elwwa keriyo"
"Jayantha Sudusinghe","https://www.facebook.com/people/Jayantha-Sudusinghe/pfbid02a2jmBLJP5ZjRdBkSgTxEciMHW5rv6c5QyBwXMKYug1CorfFibCxb4XqwJRzLvafpl","මේ කහරදවනයො වනචාරියො"
"Priyantha Pushpakumara","https://www.facebook.com/roxpriya.rox","ජීවිතේට කවදාවත් කිසිම වෙලාවක කිසිම ප්‍රස්නෙ කදී...සිංහල බව්ජ්ජයො වෙනුවෙන් පෙනීසිටින්න එපා...කට වැරදිලා කෙල  උනොත් පලමුවෙන්ම කෙලින්නෙ සිංහල බව්ජ්ජයො ...අනික් ජාතිකයො ආගමිකයෝ තමන්ගේ උන් වෙනුවෙන් පෙනීසිටිනව...😥"
"Nimna Wp","https://www.facebook.com/people/Nimna-Wp/pfbid029Pwbwq6wDq3WjAHMsP4NVxMs5cRUjCraoVTdRNn1HcY2ZrQHbhNCVDFbTQhGAw5Vl","මූත් ඩෝබි යෙක්"
"Darshana Indunil","https://www.facebook.com/darshana.indunil.7","සහජීවනේ.😂😂"
"Madushanka Pushapakumara","https://www.facebook.com/madushanka.pushapakumara.2025","කැරි හම්බ යා"
"Sisira K Senarathna","https://www.facebook.com/people/Sisira-K-Senarathna/pfbid02mH3t76yL58dNhMyKAWxDxSM5NBRFjCtoX5dzXjD1agZ31zeqtR1gvXr2kQpCvauXl","පොන්න හිවලෙක්"
"Kaman Wasantha","https://www.facebook.com/kaman.wasantha.2025","[Sticker]"
"Wss Wickramasinghe","https://www.facebook.com/wss.wickramasinghe","උසාවි තීන්දු වලට කිසිදු ජනාධිපති වරයෙක් මැදිහත් වීම නොකල යුතුයි"
"Indika Niroshan de Silva","https://www.facebook.com/indikaniroshandesilva","කල්ලතෝනි හුත්තෝ හුගක් ඉන්නේ"
"Wpk Hewa Wpk Hewa","https://www.facebook.com/wpkhewa.wpkhewa.9","මූට කොන්දක් තියනම් පල උතුරට දාපිය දෙමලුන්ට සද්දෙ පල නැගෙන හිරට දාපිය ජාතිවාදය පතුරවන මුස්ලිම් උන්ට සද්දෙ"
"SK Aluminium","https://www.facebook.com/sd.add.293186","[Image Attachment]"
"Shabri Mohammed","https://www.facebook.com/people/Shabri-Mohammed/pfbid0zowjnu9jhMMFGhmP8eAP9kZdCzdsrikN89arMbGQqimrfFzM1iX5VaCtBxsiNNTil","[Image Attachment]"
"Sarath Kariyawasam","https://www.facebook.com/people/Sarath-Kariyawasam/61578349305080","ඊබ්‍රහිම් නනා පුත්තු කොහොම ත් ඥානසාර හාමුදුරුවන් හිරකරනවා කැමතියි තමයි.. තමිබි 😎😎"
"Bathurdeen Faees","https://www.facebook.com/people/Bathurdeen-Faees/pfbid02qGU2GZFmHYZrhEVmgi2xkYzgQEkfDKRBPtjAi1HwysHMKPhjHcBP34HuyuwHGtfil","[Sticker]"
"Tikiri Banda","https://www.facebook.com/people/Tikiri-Banda/pfbid02HvZA6wwKeMDe1xJ7NU6eGibZaYhkdvMmbj43aDZ7qK5x5eMYbuA5XGspMtvpHqVcl","[Image Attachment]"
"MA Krunarathna","https://www.facebook.com/ma.krunarathna","ඥානසාර කහ රෙද්දක් පොරවගත්තට භික්ෂුවක් නොව ජාති බෙිද අවුස්සන අන්තවාදි පුද්ගලයෙක් ජනාධිපති සමාව ඉල්ලුවට දඩුවමි කරන්නෙ අධිකරණයයි අධිකරණය හැල්ලුවට ලක් වෙනව සමාව දුන්නොත් අත්සන් වලින් බැ තින්දු වෙනස් කරන්න"
"Rasika Wueschner","https://www.facebook.com/rasika.wueschner","කිසිම. හානියක්. කලේ. නැත. කොපි. දන්නවනෙ. සොිම. හාමුදුරැවන්. කතා. කල. ප්‍රසිනයක්. නරත්තෙ. ඇයි. බලපිය. අටලඅගම. පල්ලා. හත්. හදලා. රෑට. මොනව. කරන්නද. රෑට. කරන්න. ගිහියෙක්. නෙවෙයි. නෙ. මොනවා. වෙයිද. රටට. හොදයි. තොත්. තමිබියෙකඅට. ජාතකද. භයානක. නෙවෙයි. රට. එැකිම. නඅකිතෙ. මොකද. තරහාව. තොපිට. රට. ගන්න. ඔනි. බලපිය. මහින්ද. ටත්. කල. වරදට. බැන්නා. හාමුදුරැවරැනේ. තොතමිබියට. කෙලලා. හදලා. පලයන්න. තටාපේ. රටවලට. තොපිට. ගහන්නම. ඔනි. යවුදි. මොකකිද. විඩියො. ්. මරක්කලයා. පහපිය. කට. තොපේ. ජාතිය. වෙිසිලා. බලිලො. කෙලවගෙන. ලමයි. හදලා. එනවා. කියවන්න. දේශපාලනය.නෙවෙයි. පල. තොපේ. ආගම. අදහ. ගන්න්. අදිනරනයක්. ඉන්නෙ. සිංහල. මොනවද. බං. තොපිට. මට. නමි. ෑවමනාව. තොපාට. පල්ලි. හදනින. දිලා. මෙලිගාව. ලග. මහිනිද. ලු. දුන්නෙ. ඔය. ඉඩම.බලපිය. මහින්දගෙ. පවුලටම. හතර. වරමි. දේව. සෙප. මම. නමි. යවනවා. තොපිව. මේ. වල්. නරිසිංහල. රට පාලනය. කරන. හාමුදුරැවරැ. නරකි. නමි. සිංහලයා. ඉවරයි. පේනවනෙ. ඉඩමා. ැරගෙන. එලවලා. සිංහලයට. හොදම. වැඩෙි."
"Saubagya Madushanka","https://www.facebook.com/people/Saubagya-Madushanka/pfbid02PszAUkXNEuV5Tk3WKVku9cw3ta9TjVy7YqUHKqXG4o7UNPcmYwpuyyhvr77kCcJwl","දාර ජෙපි පකෙක්"
"UB Illangakoon","https://www.facebook.com/ub.illangakoon","මේ කාලකන්නි වනචර බලු හොරිකඩ වහල් කහකඩයින් හැත්තට තවත් ඩෙගා නටන්න දෙන්න එපා"
"Manoj Sanjaya","https://www.facebook.com/manoj.sanjaya.9066","[Image Attachment]"
"Vinu Kulathunga","https://www.facebook.com/vinu.kulathunga.9","💪💪💪💪🙏🙏🙏🙏"
"Jayantha","https://www.facebook.com/people/Jayantha/61559482674401","💯💯💯"
"Sihina enterprises","https://www.facebook.com/nethsara256","🔥🔥🔥🔥🔥🔥🔥"
"Suresh Suresh","https://www.facebook.com/suresh.suresh.827372","[Sticker]"
"Sujith Kumara","https://www.facebook.com/people/Sujith-Kumara/pfbid0SGnzvoLBUE3jg1mRV9ukUvCG9b8Dvj9u9PAgCmFk5XhEbUSwADrUn2SDHpCWoM3Hl","[Sticker]"
"Chrisantha Roshan Fernando","","[Image Attachment]"
"Mohan Mohan","https://www.facebook.com/madhan.madhan.717831","👍👍👍"
"විසල් ලංකා","https://www.facebook.com/people/%E0%B7%80%E0%B7%92%E0%B7%83%E0%B6%BD%E0%B7%8A-%E0%B6%BD%E0%B6%82%E0%B6%9A%E0%B7%8F/pfbid02JozZQQRAuWmLSqFcistombYsHMDHpCofB4FfKDpuQZDWibASb3gZ33T8Uf422XnQl","👍👍👍❤️❤️❤️❤️"
"Malini Srikantha","https://www.facebook.com/malini.srikantha.5","[Image Attachment]"
"Sugath Hadunnethi","https://www.facebook.com/sugath.hadunnettige.1","[Sticker]"
"Leelarathna Wickramasinghe","https://www.facebook.com/leelarathna.wickramasinghe","[Sticker]"
"Kanthan Kanthan","https://www.facebook.com/kanthan.kanthan.178222","👍👍👍👍👍👍👍👍👍👍👍👍👍👍👍👍👍👍"
"Ranjith Senarathna","https://www.facebook.com/ranjith.senarathna.469141","[Sticker]"
"Michael Pietersz","https://www.facebook.com/michael.pietersz.10","👍"
"Sudha Sudha","https://www.facebook.com/people/Sudha-Sudha/pfbid05anxftJaYSoCqRNVdcg9ww6j2VXdTj37KYDPvam3nqUyoqJU7pjZVHf14QHfXFHel","[Sticker]"
"Sarath Ranaweera","https://www.facebook.com/sarath.ranaweera.7121","[Sticker]"
"Edward Dunesh","","🙏🏻❤️"
"Dhammika Marasinghe","https://www.facebook.com/dhammika.marasinghe","[Image Attachment]"
"Asoka Gunasekara","https://www.facebook.com/asoka.gunasekara.73","🌻🌻🌻🌻🌻🌻🌻"
"Chiththrani Asoka","https://www.facebook.com/people/Chiththrani-Asoka/pfbid0wPHrUFHgzKqGJDXBjjznAgQdtXwt5rGVxhCSURG7yc7HmJRsvc1T6YkSyWfACoLil","💥💥💥"
"Sasitha Madushan","https://www.facebook.com/sasitha.madushan.2025","❤️❤️❤️❤️❤️"
"Krishnamal Sanka","https://www.facebook.com/krishnamal.sanka","[Image Attachment]"
"Sharuni Sahaynesan","","🔥"
"Anusha Senanayake","https://www.facebook.com/anusha.senanayake.7503","[Sticker]"
"Roshan Fernando","https://www.facebook.com/roshan.fernando.9849","👍👍"
"Felicita Mariampillai","","❤️"
"කුසුම් වර්ණසූරිය","https://www.facebook.com/people/%E0%B6%9A%E0%B7%94%E0%B7%83%E0%B7%94%E0%B6%B8%E0%B7%8A-%E0%B7%80%E0%B6%BB%E0%B7%8A%E0%B6%AB%E0%B7%83%E0%B7%96%E0%B6%BB%E0%B7%92%E0%B6%BA/pfbid0ym7ba1mGbLBVHunX5G3z9fcJXaFfGLqeHFScgercdg6P4bS36k5PfFDKD9rTBV3Sl","👍👍👍👍"
"Nimal Kalupahana","https://www.facebook.com/nimal.kalupahana.2025","[Image Attachment]"
"Thilaka Weerasinhe","https://www.facebook.com/people/Thilaka-Weerasinhe/pfbid0emjKz7G9z6MHUQyi9hivWf7TAfL5pWS5hjt3jHM7zjnrhd3FxYjt3RNxjwVvHrytl","[Sticker]"
"Joshep Ranjith","https://www.facebook.com/people/Joshep-Ranjith/pfbid02B9WRPYeSSbQikMsBpQ4ddCgbuFLPfCV8ML8E4LF7xRKDKBqQasygBUmRi2wRL51Cl","❤️❤️❤️❤️❤️"
"Kaluarachige Kaluarachige","https://www.facebook.com/people/Kaluarachige-Kaluarachige/pfbid0ynKFM1Rgxr7nX5wDDA6sFHieJm7XiaRDPtQtw7DxVjujTSNa3XJDmFQXE6bJvykNl","[Sticker]"
"Antony Fernando","https://www.facebook.com/antony.fernando.5680","👍"
"Swarna Fernando","https://www.facebook.com/swarna.fernando.9081","[Sticker]"
"Irshad Mohamed","https://www.facebook.com/irshad.mohamed.7","❤️❤️❤️❤️"
"Vani Arumugam","https://www.facebook.com/people/Vani-Arumugam/pfbid08yNVigpucFB2X9HWArLKNBh6sYS5SSAZGuxLo8jHRQ3f2gXXJ71e2phWcWzJCkvAl","👌👌👌👌👌👌"
"Lucky Perera","https://www.facebook.com/lucky.perera.921","[Sticker]"
"Suresh Suresh","https://www.facebook.com/people/Suresh-Suresh/pfbid08P5ZX3qg6ro1rHpwoCFdQZPzyQXf95EUaBBPRevAwRVh3BcBk72P1otSG7WfqqEGl","[Image Attachment]"
"Sunil Jayathilaka","https://www.facebook.com/sunil.jayathilaka.75839","[Sticker]"
"Susira Gunasekera","https://www.facebook.com/susira.gunasekera","🔥"
"Wmc Thushara","https://www.facebook.com/profile.php?id=61567157123657","[Sticker]"
"Sakkunan Ravi","https://www.facebook.com/sakkunan.ravi.5","👌👌👌👌"
"Sivaram Siva","https://www.facebook.com/people/Sivaram-Siva/pfbid0hQqqF1m5igpvhCzNcXGUeeiGpAqBSPH6eBufKndDp7UWhe1V7QuQw4GvQT5DHEWJl","❤️"
"Herina Hasanthi","https://www.facebook.com/herina.hasanthi.9","❤️"
"Kuthufdeen Ackdeen","https://www.facebook.com/kuthufdeen.ackdeen","[Image Attachment]"
"Subramaniam Mahendiren","https://www.facebook.com/subramaniam.mahendiren","👍👍👍👍👍👍"
"Sudath Balasooriya","https://www.facebook.com/sudath.balasooriya.3150","👍👍🙏🙏🙏"
"Nüwän Jäyäködie","https://www.facebook.com/nuwan.jayakodie","[Sticker]"
"Dieepika Kumari","https://www.facebook.com/dieepika.kumari.2025","[Sticker]"
"Sugath Ekanayaka","https://www.facebook.com/sugath.ekanayaka.543","[Sticker]"
"Harshani Harshani","https://www.facebook.com/harshani.harshani.566790","[Sticker]"
"Suranga Chularathne","","💯💯💯💯"
"Gouham Gouham","https://www.facebook.com/gouham.gouham.2025","[Sticker]"
"Wasantha Godage","https://www.facebook.com/wasantha.godage.555078","🐖🐖🐖😁😁"
"Mahesh Thushara","https://www.facebook.com/mahesh.thushara.982","උබ රට කන පොන්නයෙක් නේද"
"Jalindu Sampath","https://www.facebook.com/jalindu.sampath","👍"
"Sinathambi Sivayoganathan","https://www.facebook.com/sinathambi.sivayoganathan","[Sticker]"
"Indrajith Silva","https://www.facebook.com/indrajith.silva.300894","[Image Attachment]"
"Fowzul Ameer","https://www.facebook.com/fowsulameer.fowsulameer.7","[Sticker]"
"Prashanth Prashanth","https://www.facebook.com/prashanth.nauwaoya","🫡🫡🫡🫡🫡🫡"
"Suresh Rangana","https://www.facebook.com/suresh.rangana.16718","[Image Attachment]"
"Badulle Nikhila Thero","https://www.facebook.com/nikila.himi","Suresh Rangana මුන්ට තේරෙන්න කාලයක් යයි. කොටි උතුරේ සමරනකොට ඇඳන් අස්සෙ හිටපු එවුන්"
"Surange Surangi","https://www.facebook.com/surange.surangi","[Sticker]"
"Mohamed Sulaiman","https://www.facebook.com/mohamed.sulaiman.961993","[Sticker]"
"Janaka Rock","https://www.facebook.com/janaka.rock.474256","❤️❤️❤️❤️🔥🔥🔥🔥🔥🔥🔥🔥🔥🔥❤️"
"Ariya Thilaka","https://www.facebook.com/people/Ariya-Thilaka/pfbid02asfW7N4Wpvn89vh7b2vKgibCP3GPFe6T1nNrkohr1svHqPU6igdfMVVS5izy55oRl","[Sticker]"
"Vishaka Jayawardana","https://www.facebook.com/vishaka.jayawardana.12","[Sticker]"
"Jayantha Halpe Gamage","https://www.facebook.com/jayantha.halpegamage.1","[Sticker]"
"Nishshanka Hettiarachchi","https://www.facebook.com/nishshanka.hettiarachchi.79","[Sticker]"
"Mahindha Weerarathna","https://www.facebook.com/mahindha.weerarathna","[Sticker]"
"Kavindu D Perera","https://www.facebook.com/kavindu.d.perera.685756","🫂😍"
"Anthony Saamy","https://www.facebook.com/people/Anthony-Saamy/pfbid0PMJLpFyxdx6RcYwa8Spo6bfd6GgwyJEJ8uD7mAhQY3kxQ1WY9viBp22ofhbX793Gl","[Sticker]"
"Nihal Jayasinha","https://www.facebook.com/nihal.jayasinha.5059","[Sticker]"
"Sriyani Peries","","[Sticker]"
"Gayan Sangeeth","https://www.facebook.com/people/Gayan-Sangeeth/pfbid0wGdU7tFSMufBoP3nXUceQxQCFiGrs6UtkkMDu7pHs9HUqYfRZwe1WH7hWbEC2TWhl","[Sticker]"
"Ranjith Somathilaka","https://www.facebook.com/ranjith.somathilaka.9","[Image Attachment]"
"Ranganath Alahakoon","https://www.facebook.com/ranganath.alahakoon","👍👍👍👍👍👍"
"Manjula Priyantha","https://www.facebook.com/manjula.priyantha.908347","[Sticker]"
"Reginold Marian","https://www.facebook.com/reinold.marian","[Image Attachment]"
"Mallika Perera","https://www.facebook.com/mallika.perera.145249","[Image Attachment]"
"Tonic Ishan","https://www.facebook.com/asuha.ishan","[Image Attachment]"
"Mohamed Siraj","https://www.facebook.com/mohamed.siraj.188","[Sticker]"
"Sarath Kanisiyas","https://www.facebook.com/sarath.kanisiyas.7","[Sticker]"
"Vjerathna Vijerathna","https://www.facebook.com/people/Vjerathna-Vijerathna/pfbid02tAS12G397kwqZbgjpeA98bNDtttT8qjDjcjsQzBvM4tnsJrVRj7ViunkHQ7CgzNZl","[Sticker]"
"Mohammed Nasurdeen","https://www.facebook.com/mohammed.nasurdeen.10","👍❤️🎂"
"Nathan Ponnudurai","","1👍👏👏"
"Ernest Fernando","https://www.facebook.com/maurie.caldera.2025","[Image Attachment]"
"Bandula Bandula Bandula","https://www.facebook.com/people/Bandula-Bandula-Bandula/pfbid02bR1QyXfqGgp3Jb4JkmxaNWe75dhMVN9k194mdWG75j6vHrNyJEcdYWzMzVrXFD9ul","[Sticker]"
"Nayana Krishanthi","https://www.facebook.com/people/Nayana-Krishanthi/61571018440982","👍"
"Chamod Perera","https://www.facebook.com/people/Chamod-Perera/pfbid0wqq34G3pk6MnXVh5RHu8TmC4rCc4cSs3hSYj9VZTD3EgKfnhtZt9mofp3QjhckPJl","👍"
"Manel Evon Rebera","https://www.facebook.com/manel.rebera.9","🙏🙏🙏🙏🙏🙏🙏"
"Prasad Wijethunge","https://www.facebook.com/prasad.wijethunge","👋👌👍"
"Akila Shiwantha","https://www.facebook.com/akila.shiwantha.2025","[Image Attachment]"
"Malkanthi Malagammana","https://www.facebook.com/malkanthi.malagammana","[Sticker]"
"Chaminda Prasad","https://www.facebook.com/chaminda.prasad.36452","[Sticker]"
"Bandara Rathnayake","https://www.facebook.com/bandara.rathnayake.372","[Image Attachment]"
"Abdul Latheef Thawfeek","https://www.facebook.com/abdullatheef.thawfeek","[Image Attachment]"
"Ems Murali","https://www.facebook.com/ems.murali.2025","[Sticker]"
"R Krishna R Krishna","https://www.facebook.com/people/R-Krishna-R-Krishna/pfbid02RaAd4BfrgYiSKCsnLGcNehCSaMbbKpUJkmnPZUHwvmpaWmfsmYTL1TDPG2nPpPe7l","[Sticker]"
"Anurada Prasad","https://www.facebook.com/anurada.prasad.264603","[Sticker]"
"Jaya Jaya","https://www.facebook.com/jaya.jaya.981480","[Sticker]"
"Dv Mendis Mendis","https://www.facebook.com/people/Dv-Mendis-Mendis/pfbid0JNz6DDUwk9ruTE8jcyg4L13usRx1UQD1SK4kFVNxCTk3G6tJ9uXnkfyp3iKnSC8xl","[Image Attachment]"
"Noel Wickramasekara","https://www.facebook.com/noel.wickramasekara","[Sticker]"
"Lalinda Lalinda","https://www.facebook.com/lalinda.lalinda.702515","👍"
"Must","https://www.facebook.com/must.932136","👍"
"Muhamad Risme Risme","https://www.facebook.com/muhamadrisme.risme","💯💯👍"
"Jayanath Pushpatha","https://www.facebook.com/jayanath.pushpatha","[Sticker]"
"Premathilaka Premathilaka","https://www.facebook.com/premathilaka.premathilaka.796","🔥🔥❤️❤️"
"Ajith Munasinghe","https://www.facebook.com/ajith.munasinghe.58511","👍👍❤️"
"Lalitha Geethanjali","https://www.facebook.com/people/Lalitha-Geethanjali/pfbid02wHwPormUED9MDYVMStxFC3QrdPwUv6hcnqX9ZMyM4Qyc8XskqJJkU9ctcWmhm4wgl","[Image Attachment]"
"Nagaraj Kandy","https://www.facebook.com/nagaraj.kandy.2025","[Sticker]"
"Samantha Rathnayaka","https://www.facebook.com/people/Samantha-Rathnayaka/pfbid0NXaH6TXM6mstVpSz1zFzV1dhXkUxodWcToDiNuGQn2HoBBZ7EiXwDgdmvuogsDFkl","👍👍👍👍"
"Susantha Sanjeewa","https://www.facebook.com/susantha.sanjeewa.129","[Image Attachment]"
"Suthakaran Suthakaran","https://www.facebook.com/suthakaran.suthakaran.500817","👍👍👍"
"Krisantha Kamal Kumara Balasooriyage","https://www.facebook.com/krisanthakamalkumara.balasooriyage","[Sticker]"
"Shivanthi Sharmila","https://www.facebook.com/shivanthi.sharmila","👍👍👍👍👍👍"
"Jayantha Jaya","https://www.facebook.com/jayantha.jaya.316892","♥️♥️♥️♥️♥️♥️"
"Jude Saman","https://www.facebook.com/jude.saman.73","[Image Attachment]"
"Tharma Tharma","https://www.facebook.com/people/Tharma-Tharma/pfbid0XheTZ6ERxTKoCEf37TewzRukVJc7JtrX7QynZ7KK9ZgQAVXepcZEszPaqjKWdycUl","[Sticker]"
"Mihilar Mihilar","https://www.facebook.com/mihilar.mihilar.2025","👍🌹"
"Kumudu Sandya Weerasinghe","https://www.facebook.com/kumudu.weerasinghe.71","👌💐"
"Nilu Nilu","https://www.facebook.com/nilu.nilu.298244","[Image Attachment]"
"Jaj Bandara","https://www.facebook.com/people/Jaj-Bandara/pfbid0JLh3jizaQZ3HUxC3zvx9kc5RNCXHFHcqryP5oX1191SxtaP1v9XU3dTsUcGWo4QRl","[Sticker]"
"Nethra Kumarage","https://www.facebook.com/nethra.kumarage.2025","👍👍👍👍"
"Neshantha Demel","https://www.facebook.com/people/Neshantha-Demel/pfbid0prSZXC7WUYSPzCr1RH1LPZCjEnFuS6gRCWiqamWed42inboGTPVLApQbE6Z5eAbBl","[Sticker]"
"Sisila Kumara","https://www.facebook.com/sisila.kumara.971534","[Sticker]"
"Rg Raninda","https://www.facebook.com/rg.raninda","👍👍"
"R Nuwan Perera","https://www.facebook.com/people/R-Nuwan-Perera/pfbid02fp85CxjMwgtNKZcRqkV5PqpCizH8qFgPkZWupZUUVYNFBsDS2JJUmkAoYjNjT3ANl","[Sticker]"
"Mk Indika","https://www.facebook.com/people/Mk-Indika/pfbid0wCb6xPKn1UVkaEsdZMv6JABE2P8WDreZzV7XCdYJKaCkZ6qjjg8LsfrygfrWAQNCl","[Sticker]"
"Wijesiri Seenadeera","https://www.facebook.com/wijesiri.seenadeera","[Sticker]"
"Kalum Chamara","https://www.facebook.com/kalum.chamara.37051","[Image Attachment]"
"Wijethunga Wijethunga","https://www.facebook.com/wijethunga.wijethunga.316435","[Sticker]"
"Surin Perera","https://www.facebook.com/surin.perera.3","🙏🙏"
"Ajith Rathnayaka","https://www.facebook.com/ajith.rathnayaka.334491","[Sticker]"
"Rathnasiri Silva","https://www.facebook.com/rathnasiri.silva.558497","[Sticker]"
"Kumara Thilaka","https://www.facebook.com/kumara.thilaka.478025","👍👍👍"
"Sanjeewa Edirisinghe","https://www.facebook.com/sanjeewa.edirisinge","👍👍👍👍👍"
"Priyantha Kumara","https://www.facebook.com/priyantha.kumara.122152","👍👍👍👍👍,,,,,,,,,,,,,,,,,"
"Samel Mudalige","https://www.facebook.com/ari.arimudalige","[Sticker]"
"Suneth Francis","https://www.facebook.com/suneth.francis.3","[Sticker]"
"Lalsiri Peries","","[Sticker]"
"Kokila Kavinda","https://www.facebook.com/kokila.kavinda.75","❤️👍❤️👍"
"Sumanasena Gamage","https://www.facebook.com/yaddehigedara.sumanasena","[Sticker]"
"Samantha Patiratna","https://www.facebook.com/samantha.patiratna","[Sticker]"
"Kumudini Jayalath","https://www.facebook.com/kumudini.jayalath.68051","[Sticker]"
"Swarna Kumuduni Hewavitharanage","https://www.facebook.com/swarnakumuduni.hewavitharanage","[Image Attachment]"
"Chaminda Herath","https://www.facebook.com/chaminda.herath.71697092","😂🤣😝😝😝"
"Ruwan Nalaka","https://www.facebook.com/profile.php?id=100074084320021","[Sticker]"
"Ilanga Rathnayaka","https://www.facebook.com/people/Ilanga-Rathnayaka/pfbid095NrLbhQq3seB8CzGetVvqGFhjm1fb3T92j8RrWmv7i6vC1dPdKpn1gPZBTZMFwYl","🤣🤣🤣👍"
"Dhanushka Heshan","https://www.facebook.com/people/Dhanushka-Heshan/pfbid0FsjbeS3bB2BsDgnY7mzTvjDdsoFrMAyLaVfqbMEGT7Y3jrBLc6kPja13JdKsPDrBl","බටලන්ද යූරියා කම්හල , බටලන්ද වදකාගාර සම්බන්ධ විස්තර කරන්න පුලුවන් ද  වීඩියෝ එකකින්"
"Ranjani Amarasighe","","[Sticker]"
"Dhanatachan Tachan","https://www.facebook.com/dhanatachan.tachan","👍👍👍👍👍♥️♥️♥️♥️♥️"
"Ruwan Wp","https://www.facebook.com/ruwan.wp","[Sticker]"
"Mohamed Nisthar","https://www.facebook.com/people/Mohamed-Nisthar/61560575223316","🥰🥰🇱🇰🇱🇰🇱🇰🇱🇰"
"Niluka Basnagoda","https://www.facebook.com/niluka.basnagoda.1","💯"
"Mahinda Mapa","https://www.facebook.com/vishaka.vishaka.505960","👍👍👍👍👍❤️❤️"
"Pick N Drop","https://www.facebook.com/pickndrop.drop","[Sticker]"
"Renuka Rathnayaka","https://www.facebook.com/people/Renuka-Rathnayaka/pfbid02Z9QihKDQaxJ4dXmgtcGActgwbH7dnxKFG6n35f5YxLDUephQp928P5pkspuBBK3hl","[Sticker]"
"Menike Herath","https://www.facebook.com/menike.herath.901330","🩷🩷🩷🩷🩷🩷🩷"
"Ravi Raju","","👏👏👏"
"Konalingam Lingam","https://www.facebook.com/people/Konalingam-Lingam/pfbid02cQZXiLR4XCTCJv7TQLDjXHLWJu3TXy7ujjD2T6WR2nCjEuHnB6CVZdFcecpMBbxGl","[Image Attachment]"
"Diana Newman","https://www.facebook.com/diana.newman.12177276","[Sticker]"
"Sunil Fernando","https://www.facebook.com/sunil.fernando.906","[Sticker]"
"Indika Hannadige","https://www.facebook.com/indika.hannadige.2025","👌"
"Jayalath Jayalath","https://www.facebook.com/people/Jayalath-Jayalath/pfbid02bB2dyb4gSYnCtYmXsKcQzZFRcVMcHEvJSXrEYpEXPiBPJSi4iTmnzHSECnmimftxl","👍"
"Asees Marikkar","https://www.facebook.com/asees.marikkar.3","[Sticker]"
"Priyankara Arachchige","https://www.facebook.com/priyankara.arachchige.7","[Sticker]"
"Sampath Bandara","https://www.facebook.com/sampath.bandara.727718","🫂🫂🫂🫂👍👍👍👍"
"Pujitha Arthanayake","https://www.facebook.com/arthanayake.pujitha","[Sticker]"
"Krishani Rajakaruna","https://www.facebook.com/people/Krishani-Rajakaruna/pfbid0eA8PC3DdLQtjxHpytFXShGPR6ioMVAfi66Z6Jao2XUwV2mzF6hbJm3ywjyRR4BWYl","[Sticker]"
"Sriyani Wanigarathna","https://www.facebook.com/people/Sriyani-Wanigarathna/pfbid02jhKAYrzeEoweBSX6zfsz2YF1BzN37ysGLLP71t9iE5i1Rg1zUSExcwpyyQPQHU6pl","[Sticker]"
"KM Muhandiram","https://www.facebook.com/people/KM-Muhandiram/pfbid029xADJrPYvk2nZbJGKh95zELuBVZ7rfE8yf6UtKS9JD3A5mhvx4aeV6FZ5eewGiUSl","[Image Attachment]"
"Mahenthiran Punitha","https://www.facebook.com/people/Mahenthiran-Punitha/pfbid0JxWgjSBkkb1YjE2b7ih2jW9aZU8j5JJ6HgNcTiQG46DgUvezPYhpvfJPADgQbyyLl","[Sticker]"
"Jeewani Samarasekara","https://www.facebook.com/people/Jeewani-Samarasekara/pfbid02N1Keb6ZcWZnXF4UESwk2wHei9UVbLv1icXCDBYVScRwdni6Qnge5GR9XhhG1N1sPl","👍👍👍👍👍💯💯💯"
"Hakeem Hakeem","https://www.facebook.com/hakeem.hakeem.845075","💪💪💪💪💪💪💪💪"
"Rajitha Perera","https://www.facebook.com/rajitha.perera.520","[Sticker]"
"Sunethra Perera","https://www.facebook.com/people/Sunethra-Perera/pfbid0z7Rkmi9MGdQu8r7QzXiqk3NuAikqpwc6b4FshxNEbpm84E3oMfEgja7DJLDX8AiQl","[Sticker]"
"Chaminda Wadu Mesthrige","https://www.facebook.com/chaminda.mesthrige","[Sticker]"
"Dehigolle Hamuduruwo","https://www.facebook.com/people/Dehigolle-Hamuduruwo/pfbid02PLyHCRpURL5bMYRAmU3dqLJqeEHz8fqT7w6vxVEA3TmcAWCy79gk7P4iK7ZiP5XZl","[Image Attachment]"
"Sarah Mery","https://www.facebook.com/people/Sarah-Mery/pfbid0YHcNAtKEqqXi4kS7s5TcMnuiuydMG9hsZY8kmyWY5gbDRRTx8sfhKgPP9CJkpFj1l","[Sticker]"
"Dishantha Kumara Nawullage","https://www.facebook.com/dishanthakumara.nawullage","[Image Attachment]"
"Saman Nattarampotha","https://www.facebook.com/deekirimadawala.kollo","♥️👍♥️"
"Mhd Nusky","https://www.facebook.com/mhd.nusky.94","❤️❤️👍👍👍❤️"
"Abdurrahman Rahman","https://www.facebook.com/abdurrahman.rahman.16547008","👍"
"Niwantha Weerasinghe","https://www.facebook.com/niwantha.weerasinghe.7","[Sticker]"
"Ashok Samarasinghe","https://www.facebook.com/ashok.samarasinghe.9","[Sticker]"
"Iranga Umith","https://www.facebook.com/iranga.umith","👍👍👍"
"Upul Shantha","https://www.facebook.com/upul.shantha.739326","[Sticker]"
"Munnasami Ameer","https://www.facebook.com/people/Munnasami-Ameer/pfbid02ondMPG2ub5J6mddyMb4ZvrXrDEe78L7RdRdDKgXtr74rCrozJzHdyBiHeN6L4TUNl","[Sticker]"
"Anura Hennadige","https://www.facebook.com/anura.hennadige.2025","[Sticker]"
"Ranjith Wasantha","https://www.facebook.com/ranjith.wasantha.75054","[Image Attachment]"
"Malani Silva","https://www.facebook.com/malani.silva.721387","[Image Attachment]"
"Chals Lowe","https://www.facebook.com/people/Chals-Lowe/pfbid02X63THoHjstPLdgkTLfFzWFNS2muU61wB5J18SyfELgDLDGgkQC8iRV2pKHL6tJKCl","[Sticker]"
"Emaduwa W J Sriyane","https://www.facebook.com/emaduwawj.sriyane","[Sticker]"
"Jayalath Wajerakumara","https://www.facebook.com/jayalath.wajerakumara","[Sticker]"
"Deleny Niloda","https://www.facebook.com/people/Deleny-Niloda/pfbid0jVX8gCP9QYMU5VRzqDzQGaK28rHtGLboPVRt9U36jfqDU9iiBeafAbHr8Jq5Aibil","[Sticker]"
"Gunadasa Welisadeerage","https://www.facebook.com/gunadasa.welidadeerage","[Image Attachment]"
"Chitramali Colonne","https://www.facebook.com/chitramali.colonne","👍👍👍"
"Ananda Welington","https://www.facebook.com/people/Ananda-Welington/pfbid02nd2TzaDK66NtbYmc7sogrAyTsYGuqijxpJucDRXc7FdY1fzjpTGbuhtSjuFEtiXGl","[Sticker]"
"Mohamed Faslan","https://www.facebook.com/people/Mohamed-Faslan/pfbid0rTGcuTdwbFM9t2gHBY4rmWPa7x2KtFPgZf7Bfkqf6DXPqt7fezGPmpE8z9zPL6Rol","[Sticker]"
"Melani Sinnen","https://www.facebook.com/melani.sinnen.1","[Sticker]"
"Kusum Dasanayake","https://www.facebook.com/kusum.dasanayake.1","👍👍👍👍👍👍👍👍👍👍👍👍"
"Hhr Amarajeeva","https://www.facebook.com/people/Hhr-Amarajeeva/pfbid0JKVNXVh4CMzL1GvaActNpKMUq8vygkFBZ6BeuLThHHnihPFedCcdkCw2DJSL8M9dl","[Sticker]"
"Islam Islam","https://www.facebook.com/people/Islam-Islam/pfbid07Q57hFsKVauLWTsQupXAQhbm1DTTiqb5meVL88aJhpsRix1oAgYiow733JvQU3H4l","❤️❤️❤️❤️❤️❤️❤️❤️"
"Hg Ranjana","https://www.facebook.com/ranjana.hettigoda.3","නෑ තොපිට කවලම් අවජාතකයෙක්"
"Rumesh Thushara","https://www.facebook.com/people/Rumesh-Thushara/100086726891726","@followers @highlight"
"Rani Kumari","https://www.facebook.com/people/Rani-Kumari/pfbid0H5QqJyCuK6PFYZayjLrtkFLknRWJC6nqVCpXVxsMd8T9Vji5n2vvLbfFUjXr1ankl","[Sticker]"
"Kanthi Disanayaca","https://www.facebook.com/people/Kanthi-Disanayaca/pfbid02vgLUT2N3RGxA7Lz18buMw9bzMrqYLMx82fyBXBmGEHKnYYNP4sS53x2Q19epyyTWl","[Image Attachment]"
"Deepika Pathirathna","https://www.facebook.com/deepika.paterathna.35","[Sticker]"
"Chintha Kumarihami","https://www.facebook.com/chintha.kumarihami.12","[Sticker]"
"Mohamed Fahim","https://www.facebook.com/fahim.cool.2025","🫡🫡🫡"
"S Nihal Wanasinghe","https://www.facebook.com/people/S-Nihal-Wanasinghe/100005949197972","[Sticker]"
"Ramasame Jeyachandran","https://www.facebook.com/people/Ramasame-Jeyachandran/pfbid02Q85JJ8XPqcot8M3dRktCwT2BC136up8ogMg4LAqtfyNBgdaq8EUXKyhb61UBrNzyl","[Sticker]"
"Jagath De Silva","https://www.facebook.com/jagath.de.silva.588971","[Image Attachment]"
"Manju Franando","https://www.facebook.com/people/Manju-Franando/61586077636412","[Sticker]"
"Abdul Khan","https://www.facebook.com/people/Abdul-Khan/pfbid0K1MNghottcA2y82JqSrtdpcW7ZdQJHofkxzfmetiaNhAGiU9xBfx3YWvyG8roPkDl","[Sticker]"
"Geni Raleena","https://www.facebook.com/geni.raleena.5","[Sticker]"
"Nawahir Hathim","https://www.facebook.com/people/Nawahir-Hathim/pfbid0Qx8QCXWPkXHgejYnaEWt4DwC8uS13b3iJwBKnVXauERrxAdL4iXrbkzdT8WKKuYTl","[Sticker]"
"Rous Juhir","https://www.facebook.com/rous.juhir.1","[Image Attachment]"
"Sudath Premalal","https://www.facebook.com/sudath.premalal.256958","[Image Attachment]"
"Janaka Perera","https://www.facebook.com/janaka.perera.927758","[Image Attachment]"
"Rifas Rifas","https://www.facebook.com/rifas.rifas.585","[Sticker]"
"Sanjeewa Ranganath","https://www.facebook.com/sanjeewa.ranganath.9","💌"
"සම්පත් අබේගුණවර්ධන","https://www.facebook.com/vs7e1u27k5","❤️❤️❤️❤️❤️🔥🔥🔥🔥🔥"
"Gunadasa Gunadasa","https://www.facebook.com/gunadasa.gunadasa.399","[Sticker]"
"Shantha Perera","https://www.facebook.com/shantha.perera.7528","😊👍"
"Aroos Shakaff","https://www.facebook.com/people/Aroos-Shakaff/pfbid02NurPiabD4J36EAMELMDAP8z9N8Hr6KMHZvcMxkupZKRD7kL5W7c8L24BwmfRNssBl","👍🌷🩷"
"Pramarathna Edirisinha","https://www.facebook.com/people/Pramarathna-Edirisinha/pfbid02tF8NUyVT3CsLLEcc4JJiJPoFsFoeZTAha8SzvKT5Q72FBf2DaziBo7KSNMuE59V9l","[Sticker]"
"Juhar Nawas","https://www.facebook.com/juhar.nawas.2024","[Image Attachment]"
"Gabbella Viligal Sugavalvu Nalanpuri Mandram ","https://www.facebook.com/gabbellaviligalsugavalvunalanpurimandram","[Sticker]"
"Prabuddhika Pathirana","https://www.facebook.com/prabuddhika.pathirana.2025","[Image Attachment]"
"يويو السعيدي","https://www.facebook.com/people/%D9%8A%D9%88%D9%8A%D9%88-%D8%A7%D9%84%D8%B3%D8%B9%D9%8A%D8%AF%D9%8A/pfbid0ft4ATUoQo9Y6t6nEmWmvLJU3ih7HV482zoVcX2Jrh3Fn4NfPzz3LjXx1uehxzB3Pl","[Sticker]"
"Wajura Lolndo","https://www.facebook.com/wajura.lolndo","🥱🙆"
"Kumuduni S Hannadige","https://www.facebook.com/kumuduni.s.hannadige","[Sticker]"
"Sajana Kumari","https://www.facebook.com/sajana.kumari.385423","[Sticker]"
"Kapila Motorc","https://www.facebook.com/kapila.motorc","[Image Attachment]"
"Indika Silva","https://www.facebook.com/indika.silva.225593","[Image Attachment]"
"Rohana Harishchandra","https://www.facebook.com/people/Rohana-Harishchandra/pfbid07KV5ckAnVwyXKCv4e4JuxNTkDB7FcXXo5potcUZM4kNouxFT2k6ZoGP8pomNrLtbl","[Sticker]"
"Udhaya Kishan","https://www.facebook.com/udhaya.kishan.2025","[Sticker]"
"Rajalechchami Janaki","https://www.facebook.com/people/Rajalechchami-Janaki/pfbid0HYc3dS8nUVEkvtJg7H7gkpj3rzhLV1xjsiAGviSaor9d83XZKmZUCRakkwYWwrsjl","@"
"Haja Haja","https://www.facebook.com/haja.haja.5458498","[Sticker]"
"Ashoka Silva","https://www.facebook.com/ashoka.silva.100","[Sticker]"
"Mhammad Riswan","https://www.facebook.com/mhammad.riswan.387289","👍❤️🌹💪🇱🇰"
"Mohammed Fazil Fazil","https://www.facebook.com/mohammedfazil.fazil.35325","👌❤💯👌❤💯"
"Mohamed Yaseenmohamed","https://www.facebook.com/mohamed.yaseenmohamed.2025","[Sticker]"
"Bandara Chaminda","https://www.facebook.com/chamindabandara896","👍👍👍👍👍👍👍"
"Lalith Ilandara Devage","https://www.facebook.com/lalith.ilandaradevage","👍👍👍👍"
"Mohamed Misbah","https://www.facebook.com/mohamed.misbah.3382","[Sticker]"
"Chandra Kanti","https://www.facebook.com/people/Chandra-Kanti/pfbid0iqjWE5F8C91RtGGUvfiEwyGCDkkdyrjDYyzeqsbhvx6R8aYn4WkkMWQzb585em4fl","👍👍👍👍👍👍👍👍👍"
"Churchil Fernando","https://www.facebook.com/churchil.fernando.9","[Sticker]"
"Gazzali Gazzali","https://www.facebook.com/gazzali.gazzali.102","👍👍👍👍👍👍👍👍🌹🌹🩷🩷🩷💞💞😍"
"Wijesinghe Nikapitiya","https://www.facebook.com/people/Wijesinghe-Nikapitiya/pfbid0NYLcmsombqpkGtszRuVU2pg3gjYjZeu6XBkoxZpBkctxypF7BiUC7yqUvmsMCTxQl","❤️🌹👍"
"Sherifdeen Izadeen","https://www.facebook.com/sherifdeen.izadeen","[Sticker]"
"Wagira Dyarangani","https://www.facebook.com/people/Wagira-Dyarangani/pfbid028DuRtoYSggY9xJFThUQVPaMzzGcH1gEhxYFaporiSdcBi8ZpcrLvs5kUgPsTjcNTl","👍👍👍👌"
"Onaki Sama","https://www.facebook.com/onaki.sama","👍👍👍👍👍"
"Hasitha Niresh","https://www.facebook.com/people/Hasitha-Niresh/pfbid02Bv4k8zwPNyZfvXQCRBAeXfDyGWYt1QzJchGgXUdVxJ3jNMbkeqTy5Q2JYCCM2pZPl","[Sticker]"
"Indra Thusi","https://www.facebook.com/people/Indra-Thusi/pfbid034FUEhx9pPiKDLzgkpCfYNzaESYVDe7ino8NzQx96AtdSjsF5rJoXq5GzC9Bntv2Cl","👌👌👌👌👌👌"
"Siva Sharma","https://www.facebook.com/siva.sharma.359778","[Sticker]"
"Nilanka Nadeshi","https://www.facebook.com/nilanka.nadeshi","💪💪💪💪💪💪💪💪"
"Selva Kumar","https://www.facebook.com/selva.kumar.701674","[Sticker]"
"Rizwana Rizwana","https://www.facebook.com/rizwana.ija","👍👍👍👍❤️"
"SA Douglas","https://www.facebook.com/s.daglas.7","[Image Attachment]"
"Hameed Ismail","https://www.facebook.com/hameed.ismail.106","[Sticker]"
"Rohini Chandrasena","https://www.facebook.com/rohini.chandrasena.2025","[Image Attachment]"
"Srimali Abegunawardhana","https://www.facebook.com/sriya.srimali.5","👍👍👍❤️❤️❤️"
"Prasanna Kelum","https://www.facebook.com/people/Prasanna-Kelum/pfbid0EEHYWY3fcpVmmA7Wp3VTZehtYkQRYuhstpCZZQ8kF43xvn1ct9qdzi1yjPaLgToyl","👍👍👍👍👍"
"You Fasmeer","https://www.facebook.com/you.fasmeer","❤️"
"Aroos Ifam","https://www.facebook.com/aroos.ifam","[Sticker]"
"R R Wojesooriya Wijesooroya","https://www.facebook.com/r.r.wojesooriya.wijesooroya","[Image Attachment]"
"Ramzan Ramzan","https://www.facebook.com/ramzan.ramzan.413295","👍"
"Nandana Mohotti","https://www.facebook.com/nandana.mohotti.90","[Sticker]"
"Kanagaraj Kanagan","https://www.facebook.com/kanagaraj.kanagan","🔥"
"Champika Rajapaksha","https://www.facebook.com/people/Champika-Rajapaksha/pfbid02nP3iRsFG6XZz7BbZL6uyWTK4VpnpcR8DPHVYqkbH6mD64XNRrFDxPkxfNJPWsRWMl","[Sticker]"
"Jayathilaka Jayathilaka","https://www.facebook.com/jayathilaka.jayathilaka.7549185","🇱🇰"
"Ruwan Sisira","https://www.facebook.com/ruwan.sisira.433887","[Sticker]"
"Mathavan Mathavan","https://www.facebook.com/mathavan.sk.1","[Sticker]"
"Saman De Zoysa","https://www.facebook.com/saman.dezoysa.10","[Image Attachment]"
"Mohammed Rinas","https://www.facebook.com/mohammed.rinas.549","[Image Attachment]"
"Thilak Hemantha","https://www.facebook.com/people/Thilak-Hemantha/pfbid024BkwAHPeGB1tnsQn2UzZfWhy53FA34VDrXhZRk9pAWfeE18Gu2bDxxb3dxykcfggl","[Sticker]"
"Jayantha Bandaragoda","https://www.facebook.com/people/Jayantha-Bandaragoda/pfbid02DoAczhZLfAWfBpTByLEmhxB9ipsoHnYrxxibe7w9555pPp8xA5fXEqojfKbReWLKl","[Sticker]"
"Nihal Wickramage","https://www.facebook.com/nihal.wickramage.7","[Image Attachment]"
"Ramaiya Mahendran","https://www.facebook.com/ramaiya.mahendran.98","[Sticker]"
"SA Nishanthi","https://www.facebook.com/sa.nishanthi.505674","👍👍👍"
"Kusum Chandrika","https://www.facebook.com/people/Kusum-Chandrika/pfbid0wyUTHgX9ZzKW9YE1nFPzTMX2YhMBgrxgNQaZij68yW73njj99vGq1KYkmogpuUgol","[Sticker]"
"Roshan Cassiere","https://www.facebook.com/people/Roshan-Cassiere/pfbid0E5z9R8go4MgRhEY2zcEHtEFieuCE7KTpJCqHgNAJwBx1wwFfBEBZkVai2oEE4PUxl","[Sticker]"
"Laxman Kumara","https://www.facebook.com/people/Laxman-Kumara/pfbid07ZTrcgmwL7xgAS2afbjkWVBS8gLYn4bxUugRSHgkHKZPsiPgQ1chpB9PLLSMrKwVl","❤️❤️❤️❤️❤️❤️❤️❤️❤️❤️❤️❤️❤️"
"Dinusha Disanayaka","https://www.facebook.com/dinusha.disanayaka.597106","[Sticker]"
"Nirmala Chandi","https://www.facebook.com/people/Nirmala-Chandi/pfbid0bWgrMHpGycfGTDgeBGXM4MmnLpTdAHQ7BByRSx3vHsN7J8Vd6TvYU6eeB9SVtHazl","[Sticker]"
"Venuraj Murali","https://www.facebook.com/people/Venuraj-Murali/pfbid0a9wuMAemd2DYNWbt7qXVgmW8XD8zvxYLNFCmNnG4ReLYezBWQenisjnPoXFUag8nl","[Sticker]"
"Jpiyasiri Piyasiri","https://www.facebook.com/jpiyasiri.piyasiri","[Image Attachment]"
"Saman Saman","https://www.facebook.com/saman.saman.836327","[Sticker]"
"Jayanthi Micheal Solomons","https://www.facebook.com/jayanthimicheal.micheal","[Sticker]"
"Appuhami Mudali","https://www.facebook.com/people/Appuhami-Mudali/pfbid0XnEVdbvxx2k9jZhkQVeUWinyzCxnDNQ63kKfwV2LKBkTvV3ieE9GnG3LVtjnRLo5l","👍👍👍"
"Apsara Hapuarachchi","https://www.facebook.com/people/Apsara-Hapuarachchi/61568482683316","👍👍👍👍👍👍👍❤️❤️❤️❤️"
"Manoj Sugath","https://www.facebook.com/people/Manoj-Sugath/pfbid0kJv9NvJEUpPZNCW4kqfkL7mZ5a1EmzuRnJrSoNoyooiEaoo28u5Rz4jS9Vzfid5Fl","[Sticker]"
"Upul Kumara","https://www.facebook.com/upul.kumara.9862273","[Sticker]"
"Ravi Ravi","https://www.facebook.com/ravi.ravi.708241","👍👍👍👍👍❤️❤️"
"Darmawansha Kumarasena Hettige","","[Sticker]"
"Sanjeevani Welivita","https://www.facebook.com/sanjeevani.welivita.3","[Sticker]"
"Renuka De Silva","https://www.facebook.com/people/Renuka-De-Silva/pfbid02HVSJ4LMA81bQZzZDFrdoEFBMTEosxTR3scBH96XkzaqWSqxPFHcVG6Y6quUm3fMrl","[Sticker]"
"Silvi Silvi","https://www.facebook.com/people/Silvi-Silvi/100088800799589","👍👍👍👍👍"
"Abul Fiham","https://www.facebook.com/people/Abul-Fiham/pfbid02VHdyL3mCMYDcKT3dxagi1vdnAvBRGEzGjK3XLVooZSdh2xAfkCuBkxfNaLmEi8fCl","@👍"
"Nawshad Feroze","https://www.facebook.com/people/Nawshad-Feroze/pfbid02uoZ41YmjtaqXsdRBGXwKBoYhAzLGjn8VWJm5FWsHodv1Jw2CBqqBSukx7RSFEiDYl","👍👍"
"Ven Dhammadassi Galaha","https://www.facebook.com/ven.dhamma.794749","🤣🤣"
"Niutan Gajanayaka","https://www.facebook.com/people/Niutan-Gajanayaka/pfbid028JvoW8G5PijUA11eoFFuzqA4DH3ANQEa8yZ5qUSkvmXSyQiSRfUSxjPLasYXKsKNl","[Sticker]"
"Jafeer Jafeer","https://www.facebook.com/people/Jafeer-Jafeer/pfbid02wBw3Bwty1UUDX3xqmTfs5cBxNCoDDsvk7JG2aTHQkwyjHEnQB8wrQbLMLTaaAYPQl","👍"
"Keerthirathna Kumarasinghe","https://www.facebook.com/people/Keerthirathna-Kumarasinghe/pfbid0cNNuXWDjPTBngpW2uxxUiGczFXJPGESs6WVP8amLLtELN2gw7z572P9eg19JgTSfl","😍😍😍😍😍"
"Rasika Herath","https://www.facebook.com/rasika.herath.607803","❤️❤️❤️"
"Bro Sumith Premalal","https://www.facebook.com/bro.sumithpremalal","[Sticker]"
"Tony Amath","https://www.facebook.com/tony.amath.3","[Image Attachment]"
"Roshan Lakmina","https://www.facebook.com/people/Roshan-Lakmina/pfbid0Nt78Vo45UZpWzYezTsZUCddpoupjio4C7tHUqWRLLABgChnBMTRgAsk1WqmmJyA1l","[Sticker]"
"Patmasiri Padmasiri","https://www.facebook.com/patmasiri.padmasiri","[Sticker]"
"Mohamed Imthas","https://www.facebook.com/mohamed.imthas.140489","❤️🔥"
"Alagaraj Raju","https://www.facebook.com/alagarajh.raju","[Sticker]"
"Shums Farook","https://www.facebook.com/shums.farook.3","[Image Attachment]"
"T Muthu Kumara","https://www.facebook.com/people/T-Muthu-Kumara/pfbid02kvxPfp6oFYr6A82FxVTG99MYfQsRRvWrwuRifg8GG8v4Ud1NNyzqn9dgBw7eiFYtl","[Sticker]"
"Roshan Mohammed Roshan Roshan","https://www.facebook.com/roshanmohammedroshan.roshan","❤️🇪🇭🇱🇰❤️"
"Nishantha Weerasingha","https://www.facebook.com/nishantha.nishantha.10690","🔥"
"Nilmini Deepika","https://www.facebook.com/nilmini.deepika.947406","[Sticker]"
"Jayantha Jayaweera","https://www.facebook.com/people/Jayantha-Jayaweera/61589004287878","👍💯"
"Mohammed Faris","https://www.facebook.com/mohammed.faris.404191","💞💞💞👍👍👍"
"Sadaruwan Disanayaka","https://www.facebook.com/sadaruwan.disanayaka.335641","[Sticker]"
"Pathirange Kumara","https://www.facebook.com/pathirange.kumara","🖐"
"Yadu Yadu","https://www.facebook.com/people/Yadu-Yadu/pfbid0dmrD6hFbx79mpTugsFY8FiaqFf8fXQTiiuDfL3VZYxzs9rFnHFfpTVwHSpoJaxZkl","[Sticker]"
"Mohamed Zarook","https://www.facebook.com/mohamed.zarook.543","[Image Attachment]"
"Kumara Singha","https://www.facebook.com/people/Kumara-Singha/pfbid02iik4Ft3PLxkg5M8UFLFAWcEfMLG4Ng6SNGCz66G2eFfXmd3bHngRas7X8jyjXg8kl","[Sticker]"
"Furkan Hasun","https://www.facebook.com/furkan.hasun","[Image Attachment]"
"Thushantha Perera","https://www.facebook.com/thushantha.perera.633290","[Sticker]"
"Dewaka Pahalawattha","https://www.facebook.com/dewaka.pahalawattha","https://www.facebook.com/share/v/19FzYdSymb/"
"Koshal Koshal Randunu","https://www.facebook.com/people/Koshal-Koshal-Randunu/pfbid0WbRxTvSx5R4i2AdA4tad38wv7Ke17TL2q39wNB9pLL8YChs5AKYDD9Xb2yNAdW12l","👍❤️"
"Pushpa Kumara","https://www.facebook.com/people/Pushpa-Kumara/pfbid034zPa9bmFF9eQEYiz8h8nVxbbM9mmvwDrBBU6Q4LTzfLyR7ftYZg6XFJ22v1g21KUl","[Sticker]"
"Rumesh Indrajith","https://www.facebook.com/rumesh.indrajith.2025","[Image Attachment]"
"Priyantha Manoj","https://www.facebook.com/priyantha.manoj.52","👍"
"Mohammed Zahran","https://www.facebook.com/mohammed.zahran.94","100/'"
"Muzzamil Zeenathul","https://www.facebook.com/people/Muzzamil-Zeenathul/61584369536134","[Sticker]"
"Mohamed Rizvi Mohamed Kaleel","https://www.facebook.com/mohamedrizvi.mohamedkaleel","[Image Attachment]"
"Chandika Kalum","https://www.facebook.com/chandika.kalum.2025","[Sticker]"
"ජයකොඩි ජයකොඩි","https://www.facebook.com/people/%E0%B6%A2%E0%B6%BA%E0%B6%9A%E0%B7%9C%E0%B6%A9%E0%B7%92-%E0%B6%A2%E0%B6%BA%E0%B6%9A%E0%B7%9C%E0%B6%A9%E0%B7%92/100014291443952","[Sticker]"
"Nimal Jayakodi","https://www.facebook.com/people/Nimal-Jayakodi/pfbid0Cs7Fybs4Yrb5HEvEuHyGvZ9NM3fnuszQ6m7nWhzD82DugbgcERVvgT4x3wEDmpcCl","💘💘💘💘💘💘💘💘💘💘💘💘💘💘💘"
"Yovan Yovan","https://www.facebook.com/people/Yovan-Yovan/pfbid02e41cHU45vE1SVVgcCsQH9Ecpu3KcBzau1nFZtrtJ1bxjAHBZwucvC9W1UENJ9pyEl","[Sticker]"
"Athula Rathnayaka","https://www.facebook.com/athula.rathnayaka.307331","[Image Attachment]"
"Ruban Loga","","❤️❤️❤️🔥🔥🔥"
"Thanu Jeya","https://www.facebook.com/thanu.jeya.2025","[Image Attachment]"
"Kumara Kalupahana","https://www.facebook.com/people/Kumara-Kalupahana/pfbid02XTZHhiyLmK1Rxwn1X8kpGJEimUTvZiyjLMJ7KUHyg3s1GuqcEW76Hqe7EAqyP43Fl","[Sticker]"
"Sisira Namal","https://www.facebook.com/people/Sisira-Namal/pfbid024CQwTVvHqEk1rXARvHr2bvwDZhKdBGbNt7XvBhNTyHKB3ut7XyYr4dVqYQtKLNTQl","❤️❤️❤️❤️❤️❤️❤️❤️❤️"
"Jestin Fernando","https://www.facebook.com/jestin.fannando","👍"
"Indrani Samanlatha","https://www.facebook.com/people/Indrani-Samanlatha/pfbid02wkUbq7AhpiS7UAc44WNmPhTyWnQB6SEwoG3UAsUd2brBo6UHDqtdTWypH44cAxANl","[Sticker]"
"Sumithra Malki","https://www.facebook.com/sumithra.malki.7","👍👍👍👍👍❤️❤️❤️🌹🌹🌹🌹"
"Nallaiya Sivakumar","https://www.facebook.com/people/Nallaiya-Sivakumar/pfbid0qPnUPMipvGDjcTjkhq4tu8f4HMhYnUih327Nt3YhQGc1AgxJup6SyWoYjVu443Hsl","[Sticker]"
"Prasanna Perera","https://www.facebook.com/prasanna.perera.50951101","🌷🌷🌷🌷🌷👍👍👍👍👍"
"Wasantha Kumara","https://www.facebook.com/people/Wasantha-Kumara/pfbid031G9tCKPV5CnqEF85xz2viFgQKwCSj4NeQWbpyNpmtyDZQ8H7DENZEYXfqttH8ecNl","[Sticker]"
"Didula Iduwara","https://www.facebook.com/people/Didula-Iduwara/pfbid02aQMxQhNrjefS8a78EqxbYTY4P2PaCDEyQz4JGjTeJK4X3EhCnSN5GXSJgugzLUHdl","[Sticker]"
"Geethani Godakanda","https://www.facebook.com/people/Geethani-Godakanda/pfbid0sDAxnw3Lo2BwRCGcQwaYd3kMnCorFAByKAuojWAXKcGda2YnKsjzBnoZAAjoTnHjl","[Sticker]"
"Hbmsh Bandara","https://www.facebook.com/people/Hbmsh-Bandara/pfbid02zSKWXYpCSrVVm5QczrwCgvbEMh1M1sywE4fGbVwTBsv81nwn9spTXVHAwssURHZul","[Sticker]"
"Nevil Karunarathne","https://www.facebook.com/nevil.karunarathne.2025","👍👍👍👍👍👍❤️♥️❤️♥️❤️♥️"
"Gamini Karunarathna","https://www.facebook.com/gamini.karunarathna.9400","[Sticker]"
"Suranga Komadu","https://www.facebook.com/people/Suranga-Komadu/pfbid0BhqQAkwtfzT7995E1qbyak3htnA2DQMWQ7Sfioxt9dRXDBgsQbPFhEK7RLLJE8CFl","[Sticker]"
"Mohammed Nifras","https://www.facebook.com/nifras.mohammed.52","♥️♥️"
"Pradeep Balachandra","https://www.facebook.com/pradeep.balachandra.5","👏"
"Smk Krishnan","","[Sticker]"
"Mutsheed Zaid","https://www.facebook.com/mutsheed.zaid","[Image Attachment]"
"Surangi DM","https://www.facebook.com/people/Surangi-DM/pfbid0rSPwqqbkAMhPSGmjZsBYLXZXveUoZTnsft3MgmA7ZtiseYHo9c6yK5kVrtSkAuQdl","[Sticker]"
"Sena Kuruppu","https://www.facebook.com/sena.kuruppu.2025","👍👍👍"
"Tharaka De Silva","https://www.facebook.com/people/Tharaka-De-Silva/pfbid02rbgHuqrReM96w74zdeCqLtfLTwTJ9TdkxLQFuskLnxdddAqrHgSTwE9erPVWgaEFl","[Sticker]"
"Raja Raja","https://www.facebook.com/people/Raja-Raja/pfbid02AJ32yjkXtpSGyagrHWjqeeHExYG8L5pAJj2HD3fyGjMoFH6TLvpcEhyUhscfhuQRl","👍🏻👍🏻👍🏻♥️👍🏻👍🏻"
"Aluthgama Medhananda","https://www.facebook.com/people/Aluthgama-Medhananda/100071191572238","[Image Attachment]"
"Darshani Fernando","https://www.facebook.com/darshani.fernando.79827","[Sticker]"
"Mubarakking Mubarakking","https://www.facebook.com/people/Mubarakking-Mubarakking/pfbid0AcVa9DCcDZzhJTmmaxpwRBSMBjYTwv2N4YekQfyyy2fm9gsiW8HvftyLWuwGBD7rl","🔥🔥❤️❤️"
"Asha Niroshani","https://www.facebook.com/asha.niroshani.57773","👍"
"Gnt Perera Perera","https://www.facebook.com/gntperera.perera","[Sticker]"
"Nilmini Jayamaha","https://www.facebook.com/nilmini.jayamaha.5","[Sticker]"
"Kumara Arachchilage","https://www.facebook.com/people/Kumara-Arachchilage/pfbid02hE93hAY79a3RfcdyQpsF8JyPsLipJLHHA4SHKJg8knAiptASnUD8NUi15RutbTBil","❤️❤️❤️❤️❤️❤️❤️❤️❤️"
"Abdul Naazir","https://www.facebook.com/people/Abdul-Naazir/pfbid0353zbnHfoszp7ZkbwPn5QoC35vRKaJESeW4V5ddE9STc8ZQFLGb7uHom2RNNf7D96l","❤️❤️"
"Farzan Farzan","https://www.facebook.com/people/Farzan-Farzan/pfbid0H22USgotXi1zQUE8bXxePZWib3GGehqvd782c1gnvkFDpeqvpo4GreErhqpQ4EDwl","🔥🔥🔥❤️❤️❤️❤️"
"Nilardeen Risan Nilardeen Risan","https://www.facebook.com/people/Nilardeen-Risan-Nilardeen-Risan/pfbid02ceDJZfktZw2bANxWe4Mx1uRwbiHmiSBukCwFV5PNYGwebNQGf76z8jGtKL4K6x29l","[Sticker]"
"Sriya Wattage","https://www.facebook.com/people/Sriya-Wattage/pfbid02V5JD59UfSzjtm42e6fxyQmCKgMQdtm6WXgUqVWM7SMyjkMEBC7M9XfJtZfu32yShl","[Sticker]"
"Sunil Pallaththarage","https://www.facebook.com/people/Sunil-Pallaththarage/pfbid02BiALr9K42aaArrRQQSxnNWh38rKYjn9RHU4v8YToZiGgr84ZjCEiYFywtwR518Wdl","[Image Attachment]"
"Aira Franndu","https://www.facebook.com/people/Aira-Franndu/pfbid0RSjxVdFLzCTnvCCd8D1UisJWnQpRpqGx5bcVZT5bXYMu7QxHgrnB7KUQy2tHSLbXl","[Sticker]"
"Azam Cader","https://www.facebook.com/azam.cader.3","[Image Attachment]"
"Rathna Rathna","https://www.facebook.com/rathna.rathna.273119","👍"
"Shashi Kumar","https://www.facebook.com/people/Shashi-Kumar/pfbid034UuKMeLzkBG3ECCkw9ovTYXD6J9Hief8xVhYQHVu2AbmVMxTJ52GGxnr2vHR576pl","[Image Attachment]"
"Yasee Yaseer","https://www.facebook.com/people/Yasee-Yaseer/pfbid02EFGVV8wUYGTFLdJYNRgDj2pNReDxYNX7X3Wn8g4A7J3ZHCM3kasfuGaYtqGVWCGzl","❤️❤️❤️❤️❤️"
"Linganadhan Nadhan","https://www.facebook.com/people/Linganadhan-Nadhan/pfbid0rav1heUAaVUvJaSigq1NhGPwijztbQ32m7rEmMMqefdNAd6Hm8sQdatnk2uxPZvCl","❤️❤️❤️❤️❤️❤️❤️"
"Rilwan Rilwan","https://www.facebook.com/people/Rilwan-Rilwan/100074276681846","👌👌👍👍👍👍"
"Geetha Dias","https://www.facebook.com/geetha.dias","[Sticker]"
"Suda Karan","https://www.facebook.com/people/Suda-Karan/pfbid036FT9FBgUKkCqp8BPcNr1eza681G6uz98cjMb1XYeycP2qpKaWb5aXKo7uQYuNnKPl","[Image Attachment]"
"Hettiarachchi Chandrasiri","https://www.facebook.com/people/Hettiarachchi-Chandrasiri/100089965023704","[Sticker]"
"Sumith Sumith","https://www.facebook.com/people/Sumith-Sumith/pfbid01LXM1djhEEZ3HXebyPu1kYb3FLvQFiXcwr12k5tgL2LLRWUqnxG6zvJmMngG8exbl","😂😂😂"
"Dushan Mallikarachchi","https://www.facebook.com/people/Dushan-Mallikarachchi/pfbid02ik44rK6gVBVcMFrRhmf3S8xZ8wgkL94MSHpGnQKPfgscnFuj9xEfTAAwkkPD7XTkl","[Image Attachment]"
"Sundararaj Nagaraja","https://www.facebook.com/sundararaj.nagaraja.2025","[Sticker]"
"Buddhika Thushara","https://www.facebook.com/buddhika.thushara.990398","[Image Attachment]"
"Shanti Vasanth","https://www.facebook.com/people/Shanti-Vasanth/pfbid0jkUv7xnGbV5DAWo9if5MQt8pmvZRXGM52E9zUiF4JiEKWxkaEGKyArurgPBgRoNAl","[Sticker]"
"Jagath Kumara","https://www.facebook.com/jagath.kumara.796379","[Sticker]"
"JNila Nila","https://www.facebook.com/people/JNila-Nila/pfbid02ZQvB46PQQxY7rdtkk6PyNj9YpEtsptrTnUNWAhhagN2aXrUV4eWQhfBYZ43KLfZul","👍👍👍👍👍"
"Lkg Jayasinha","https://www.facebook.com/lkg.jayasinha","[Sticker]"
"Chandana Ranasinghe","https://www.facebook.com/chandana.ranasinghe.96","තොපේ සහරාන් ගැන මොනා හරි කියපන් පුලුවන් නම් පාහරය"
"LanunLanka Mj Deen","https://www.facebook.com/lanunlanka.mjdeen","👍❤️👍❤️👍❤️👍❤️👍"
"Dissanayake Udagedara","https://www.facebook.com/dissanayake.udagedara","[Sticker]"
"Priyantha Mendis","https://www.facebook.com/priyantha.mendis.315","[Sticker]"
"Muhammed Umar","https://www.facebook.com/people/Muhammed-Umar/pfbid0KPJYdSWbVTNRpyR6io7wcUvBir9dSJB5PcVgipxnpZgrFqouFhHhqjYQuDa5ijPrl","[Sticker]"
"Zaweedabakeer Zaweedabakeer","https://www.facebook.com/zaweedabakeer.zaweedabakeer","[Image Attachment]"
"Sumith Hangawaththa","https://www.facebook.com/sumith.hangawaththa","[Sticker]"
"Dileema KG Deniyaya","https://www.facebook.com/dileema.nayanajith.3","❤️ 👍 👍 👍 👍 👍 👍"
"Satthar Rawsdheen","https://www.facebook.com/people/Satthar-Rawsdheen/pfbid02xGcqV3UW3yfrxskG9vKYMGJoMnwQuq6eGkVVtJpBJuJYRZsg7Z93SfLpCwKio8x6l","[Sticker]"
"Samantha Ekanayake","https://www.facebook.com/samantha.ekanayake.52156","🙏🏻🙏🏻🙏🏻🙏🏻"
"Gamini Vidanage","https://www.facebook.com/gamini.vidanage.9","[Sticker]"
"Kd Jude","https://www.facebook.com/people/Kd-Jude/100015373843216","[Image Attachment]"
"Hussain Faiz","https://www.facebook.com/people/Hussain-Faiz/pfbid02fDW8riUoedhECp9d4j1Y95wG6G7kpuVsVzU5uX1TD8Y2NQXXtRuyxVbVTNpGwCaTl","[Sticker]"
"Madhuka Prasadini","https://www.facebook.com/BMmadhuka","[Image Attachment]"
"Kanthi Premakumara","https://www.facebook.com/kanthi.premakumara","[Sticker]"
"Velmurugu Balachandran","https://www.facebook.com/balachandran.velmurugu","❤️❤️❤️"
"Shantha Jayanath","https://www.facebook.com/shantha.jayanath.5","❤❤️❤️❤️❤️❤️❤️"
"Mar Fairoos","https://www.facebook.com/people/Mar-Fairoos/100088449133698","👍"
"Sujeewa Priyankara","https://www.facebook.com/sujeewa.priyankara.506300","🔥"
"Buddhika Prabath Kodithuwakku","https://www.facebook.com/Buddhika.Prabath.Kodithuwakku","[Image Attachment]"
"Rizwan Ibrahim","https://www.facebook.com/rizwan.inzaf.1","[Image Attachment]"
"Muhammad Naswar","https://www.facebook.com/m.n.m.nehad","👍👍"
"Gopalrejh Raviraj","https://www.facebook.com/gopalrejh.raviraj","💯💯💯💯👏👏👏🧕🛕🧕🪔"
"Mohammed Afsal","https://www.facebook.com/mohammed.afsal.339872","👍👍👍👍👍👍👍👍"
"Da Wipulasiri","https://www.facebook.com/people/Da-Wipulasiri/pfbid02hrHfQFMWSMooBP6QDmnrKnRcTANQeeXBWCpHmVevvWpwmdC2sXB8C1YYLjgxqkvPl","[Image Attachment]"
"Dm Jayathilaka","https://www.facebook.com/dm.jayathilaka.2025","👍❤"
"Chaminda Anura Kumara","https://www.facebook.com/kumara.anura.50","[Sticker]"
"Merry Merry","https://www.facebook.com/people/Merry-Merry/pfbid02AxFzxfuepZbNP1qbYgRXhFK1YgmuxE2vQPLJKCpUB1dCaoPAjJQ2PQwfwL2UNCVKl","[Sticker]"
"Wimal Ranaweera","https://www.facebook.com/people/Wimal-Ranaweera/pfbid0mzLGGwAJRb2JLrTM7jfpuxrynqwiaiBk6JDA8hLihFVRuQqkj6zGRwdcuryYRRhol","[Sticker]"
"Randula Rathnaweera","https://www.facebook.com/people/Randula-Rathnaweera/pfbid02NLDVFPmixVSu2Uxi5Jg3ia1sdKJnL5m22kVDG1hPR1DsKLDwbFppeogBu15VgdSrl","[Image Attachment]"
"Prasad Hettiarachi","https://www.facebook.com/prasad.hettiarachi.2025","👍👍👍👍👍❤️❤️❤️❤️❤️"
"Sasi Shan","https://www.facebook.com/sasi.shan.209230","👌👌👌👌👌👌👌👌"
"Faisal Ml","https://www.facebook.com/faisal.ml.1","👌👌💔👌💔"
"Champika Gamage","https://www.facebook.com/people/Champika-Gamage/pfbid02AFk1wUuGPsHcwqaoKFbZHtM4jjLrG6GGNyVHVAdPudyTSZ6TNkVJUwFiMSacD48Hl","[Sticker]"
"Sugu Mar","https://www.facebook.com/sugu.mar.7092538909","[Sticker]"
"Ivan Prematilake","https://www.facebook.com/ivan.prematilake","[Image Attachment]"
"Kumara Kumara","https://www.facebook.com/people/Kumara-Kumara/pfbid023PTErMPCdYgMF3iVvbVRiVknYbniqpjJXU7ugaRcd7GSaL1ZS65yyZFUeMNr7wecl","[Sticker]"
"Shameer Shameer","https://www.facebook.com/mmshameer","[Image Attachment]"
"Maas Wijesinghe","https://www.facebook.com/maas.wijesinghe","පරන වීඩියෝ තීනවා..තොපි බෝම්බ ගහපු ඒවා..මම කැමති නැ ඒව මෙතන දාන්න..🤌😄😄😄🤌 තොපේ සහජීවනේ  තමයි බෝම්බ ගැහුවාමත් අපි අකුලන් ඉන්න කියන එක..."
"Hewa Ranga","https://www.facebook.com/people/Hewa-Ranga/pfbid022WnBEKBmsPJ16nmrqyVkatDD6L7ygM77bJx965dtG3XHgE4mWyfnYLU6rDK93xoyl","😭"
"Shehan Hettige","https://www.facebook.com/people/Shehan-Hettige/pfbid0UBRXi6ssuc6D15tGFuMDaJ8UB12KJ1y3T9ApMBErfKwCjEX6EqUWTBJc8cb18Jrel","👍👍👍👍💟💟💟💟"
"Hameed Hameedshan","https://www.facebook.com/people/Hameed-Hameedshan/pfbid032FvfhXeGBKzFnqz6yAjdKJ8wvZkk7wqmBiLK4joSVz3N8V9GZywHJ289TXzrA2Bsl","💯💯👍👍👍👍👍👍"
"Sarath Nihal","https://www.facebook.com/people/Sarath-Nihal/pfbid02mMRFRDAKCwSaAzHnxFjGdZvEaW72wSgYzbQRzavUHXkx87fKQz21taV6BuwcKLuGl","[Sticker]"
"Rasika Senadeera","https://www.facebook.com/people/Rasika-Senadeera/pfbid032WfkwetjfpTMhQZkioUmb6vUbnckhfdxMnSk5mejCnqHW3EUUawYEDzFNxkpyyqGl","[Sticker]"
"Chamod Madusara","https://www.facebook.com/asahn.madusara","[Image Attachment]"
"Fasmi Kottaramulla","https://www.facebook.com/people/Fasmi-Kottaramulla/pfbid0359teTERe1dwenPjayYVshdav1oRjmXhy8W9eZXbFHTpFZYS1QMKudtFjDUTBNJtil","🔥"
"Kushlan Weeramanna","https://www.facebook.com/kushlan.weeramanna","මේක් 90%ක් සිංහල නම් වලින් ෆේක් හදාගෙන ඉන්න තම්බින්ගෙ කමෙන්ට් තියෙන්නෙ ..ලමා දූශකයෙක් අදහන උන්ගෙන් මීට වඩා දෙයක් බලාපොරොත්තු වෙන්න බෑ"
"Upul Manawadu","https://www.facebook.com/upul.manawadu","[Sticker]"
"Nuwan Rajapaksha","https://www.facebook.com/nuwan.rajapaksha.3975","[Sticker]"
"Neel Jayarathna","https://www.facebook.com/neel.jayarathna.417245","[Sticker]"
"Kamal Shantha","https://www.facebook.com/profile.php?id=61583710462222","[Sticker]"
"Wijerathna Rathnayaka","https://www.facebook.com/people/Wijerathna-Rathnayaka/pfbid04iza7U9MCySbbonTbcSj9eh6nsDo5E3WfV53EJuvaZbPnNf8oerW2C7TJYureu74l","[Sticker]"
"Ibn Ibrahim","","[Sticker]"
"Nalinda Saranga Rathnayake","","[Image Attachment]"
"Kumara Ks","https://www.facebook.com/sumith.kumara.58","[Image Attachment]"
"Amila Sampath","https://www.facebook.com/amila.sampath.64303","[Image Attachment]"
"Sudu Sudu","https://www.facebook.com/people/Sudu-Sudu/pfbid02Umw3mgqQ13GdmP1wGGfhse7UcTFu69sEbkpxLwWYTJXGsT7yWzT7BeftN8TK2cVZl","කොටි පකයො"
"Premalal Premalal","https://www.facebook.com/premalal.premalal.880365","[Sticker]"
"Fernando Stephan Sheranga","","❤️❤️❤️❤️🫡"
"Vijay","https://www.facebook.com/VijayKiso","👌👌👌👌👌"
"Hameed Fawru","","💪💪💪🙏"
"Ravi Ravi","https://www.facebook.com/people/Ravi-Ravi/pfbid02fe5KzKJ6XtCjR5aevBhrwVyzNon6XkdYPGm1KTPygq7QUY6axuDTrhkB7ZTY27sbl","👍"
"Chaminda Bandara","https://www.facebook.com/people/Chaminda-Bandara/pfbid0rLPZnh69725VAr7iVhU6kofHEHQPe8Cky2xtiJkUmKnJR3dLY41eMvigUnJQz9hpl","[Sticker]"
"Thusitha Adhikari","https://www.facebook.com/thusitha.adiraj","[Image Attachment]"
"සෙත් සිරි","https://www.facebook.com/people/%E0%B7%83%E0%B7%99%E0%B6%AD%E0%B7%8A-%E0%B7%83%E0%B7%92%E0%B6%BB%E0%B7%92/pfbid0HCWZC9GFewHJZEK2yR1Uj7HEtDEh1c54RSMXvfTKCWoLdNq8tGznNJ1TKeiVszXyl","❤️❤️❤️❤️❤️❤️"
"Kapila Herath","https://www.facebook.com/kapila.herath.92351","[Image Attachment]"
"Gag Bandara","https://www.facebook.com/gag.bandara.2025","[Sticker]"
"Shantha Lal","https://www.facebook.com/people/Shantha-Lal/pfbid0JLUNyKV2YvJzfygnBcAvdZCiHrcBcy97JyFCmerGqSE8HVXriEiAosc3QbULVYLNl","[Image Attachment]"
"Deepthi Jayasundara","https://www.facebook.com/deepthi.jayasundara.73","[Image Attachment]"
"Asmin Asmin Asmin Asmin","https://www.facebook.com/asmin.asmin.asmin.asmin.288133","[Image Attachment]"
"Thilan Demuni","https://www.facebook.com/thilan.demuni","නානසාර / වලහා/ තිත්තයා/ කැකිරා/ සිරිධම්ම/ ඉත්තෑවා ඇතුලු මුං ඔක්කොම රදල රනිල්රාජපකෂ නිකායේ ගූකන එවුන්"
"Kapila Denipitiya","https://www.facebook.com/kapila.denipitiya","[Image Attachment]"
"Kasun Fernando","https://www.facebook.com/people/Kasun-Fernando/pfbid02m6271Q6zTxPtUEg58zAWZJ5xvX2Lf2R1AmfKq9gR8Fu8ZQXVhxA91aaRnECLRXeBl","[Image Attachment]"
"A A Nisha Nishantha","https://www.facebook.com/people/A-A-Nisha-Nishantha/pfbid037prrepPqNGNx2EvY2Sg63Tiy4ELKv4XzktfxNpaMpDhRB6dQegzWBaDaZY3hhTRjl","[Image Attachment]"
"Shantha Nawagamuwa","https://www.facebook.com/shantha.nawagamuwa.2025","අනේ මහත්තයො ඔයත් සිංහලයෙක්ද.........සුද්දයනකොට උගෙජාන මෙහෙතියල ගියේ......."
"Nimal Karunathilaka","https://www.facebook.com/nimal.karunathilaka.90445","[Image Attachment]"
"Yogarani Yorani","https://www.facebook.com/yogarani.yorani.90","[Sticker]"
"Suriyakumar Subramaniam","https://www.facebook.com/subramaniam.sureeyakumar","🙏👍"
"Parakum Amaratunga","https://www.facebook.com/parakum.amaratunga","තො වගෙ මොඩ මුසලයෙක් 😁"
"J Seram","https://www.facebook.com/j.seram.2025","ඇයි බොලං අර මරාගෙන මැරුනෙ සහජීවනය ඇතිකරන්නද?"
"Raja Raja","https://www.facebook.com/raja.raja.5412","💯💯💯🔥💥💗❤️‍🩹💞💐🌹🤝🤝🤝🎯💖💝❤️💜💚🩵💘🤝🤝❣️💌"
"Sadew Sadhew","https://www.facebook.com/sadew.sadhew","[Image Attachment]"
"USHA","https://www.facebook.com/usha.605133","[Image Attachment]"
"Disna Kumari","https://www.facebook.com/people/Disna-Kumari/pfbid02Vga9icFsKFuX8fnSSmLQWjpLMzmbnkWzasvYiShncaczVnaz2DLnA49gBdxmHXBWl","[Image Attachment]"
"සාරංග සාරංග","https://www.facebook.com/people/%E0%B7%83%E0%B7%8F%E0%B6%BB%E0%B6%82%E0%B6%9C-%E0%B7%83%E0%B7%8F%E0%B6%BB%E0%B6%82%E0%B6%9C/100090684639018","[Image Attachment]"
"Kmsenevirthna Bandara Kmsbandara","https://www.facebook.com/kmsenevirthna.kmsbandara","[Sticker]"
"Morris Kulasinghage","","[Sticker]"
"Suraj Harshana","https://www.facebook.com/people/Suraj-Harshana/pfbid0BKLZK1UKRryST2KLB7V7vhkDuDHg94Eq4H3iPjRT1M5LEbNRLhLp61VP41PrSWVFl","[Image Attachment]"
"Dharmasiri Alawaththage","https://www.facebook.com/dharmasiri.alawaththage","[Image Attachment]"
"Rathnayaka Sumeda","https://www.facebook.com/sumeda63","[Image Attachment]"
"Wasantha Kumara","https://www.facebook.com/people/Wasantha-Kumara/pfbid02a4NoMcG6qtmEqGvM62jXjLuCPodxhN7uSkNynkytH2jT3CYL3bbQBa6zNH7fKKMSl","ඔය පකයා තමයි සිංහල මුස්ලිම් ජාතිවාදය ඇතිකරේ"
"Shanker Nadaraja","https://www.facebook.com/shanker.kanna","[Sticker]"
"Darashana Kumara","https://www.facebook.com/people/Darashana-Kumara/pfbid02C4uqaeiERBt7NwcMZcGf1dPRwroXgYoiYRqT1mMptg1LtzpVK6qQBgjY3tvBQ1atl","🐒🐒🐊🐊🇮🇷🇮🇷🇮🇷🇮🇷🇮🇷🦮🦮"
"Slowing Down Rural","https://www.facebook.com/people/Slowing-Down-Rural/61583676771237","[Sticker]"
"Maduwantha Udayakumara","https://www.facebook.com/maduwantha.udayakumara.142","[Image Attachment]"
"Sadeepa D Wickramasinghe","https://www.facebook.com/sadeepa.dilshan.98","අනේ පකෝ..තොපි කතා කරොත් ජාති ආලේ..අපි කතා කරොත් ජාතිවාදී..මං ගන්නේ හාමුදුරුවන්ගේ පැත්ත..මොකද මගෙ ජාතිය සිංහල බෞද්ධ නිසා..කල්ලතෝනියො තමයි කොහෙටවත් නැත්තේ..පාස්කු එකේ එක මුස්ලිම් එකෙක් උන්ට බැනලා නෑ කමෙන්ට් එකකින්වත්...අපෙ සිංහලයා තමයි අපිටම කෙලින්නෙ."
"Oromaia Warwebzk","https://www.facebook.com/oromaia.warwebzk","🦋💪🦋💪🦋💪🦋💪💪🦋💪🦋💪🦋💪"
"Chamal Manik","https://www.facebook.com/people/Chamal-Manik/61574240126465","[Image Attachment]"
"Srilal Guniyangoda","https://www.facebook.com/srilal.guniyangoda.2025","[Sticker]"
"Dilip Janaka","https://www.facebook.com/dilip.janaka.946","මූට කොහොමත් රිදෙනව සිංහල ජාතිය ගැන කතා කලාම..මුං තමය් ජාතිවාදියො කියන්නෙ"
"Priyantha Dasanayaka Priyantha Dasanayaka","","ලබ්බෙ සිංහල පව් බන් උබ"
"Nilanga Nilanga Nilanga Nilanga","https://www.facebook.com/gardhi.thulitha","[Image Attachment]"
"Su Ru","https://www.facebook.com/sunil.rupasinghe.1","[Image Attachment]"
"Shirani Geethika Silva","","[Image Attachment]"
"Mahinda Rathna","https://www.facebook.com/people/Mahinda-Rathna/pfbid0qPZocxDH4SDGkoUTBiLjf7KV5NW7xdxMUR6e3Nb69AQ9zpZChCE5Zbeo6eqRMP3vl","👍👨‍❤️‍💋‍👨💗නියමය් ගහපොය"
"Madu Maduranga","https://www.facebook.com/people/Madu-Maduranga/pfbid02mWoxuQRqCnPoah1SySUqGXNgrzbq8DHUTL1jNdEjgwGWKCjuF8LoEGTGuNPMUXhDl","සිංහල පොරක් නෙවෙයි පොනයෙක් මලිමාවේ.🤣🤣"
"Charminda Seneviratne","https://www.facebook.com/charminda.seneviratne","[Sticker]"
"Mohammed Aflal","https://www.facebook.com/mohammed.aflal.9674","[Image Attachment]"
"Dilhani Peiris","https://www.facebook.com/dilhani.peiris.948","🤮🤮🤮"
"Chaminda Perera","https://www.facebook.com/chaminda.perera.5642","තොපිට අර ෆාදිලීයාව එහේම දැක්කෙ නැද්ද මේකේ මෙ කමන්ට් දාන අව්ජතකයො"
"Wimal Jayasooriya","https://www.facebook.com/wimal.jayasooriya.1","තිත්තගල්ලේ තක්කඩියා  නාමල්ගෙ කැම්පේන් එක වෙනස් විදියකට කරන්න පටන්ගත්තා විතරයි වැඩේ අල වුනා. 😀😀😀"
"Pavithra Sandaruwan Jayathissa","https://www.facebook.com/pavithra.sandaruwan.jayathissa","ඉස්ලාම් අන්තවාදයට කඩේ යන කට්ටියට සෑහෙන සතුටුයි වගේ ජෙපි වහල්ලු කහ සිවුරට බුරන කොට..!"
"Rahula Va","https://www.facebook.com/people/Rahula-Va/pfbid0shnX62nJ2ZR8cnRgqzLxjepCjm41papvzrRWZiHBP7zCPZRQxc2TTuegfJUywJ32l","පල පොන්නය තෝ  තම්බ්යෙක් නේද හූ...."
"Maithrie Fonseka","https://www.facebook.com/people/Maithrie-Fonseka/pfbid02JdWUewxonYyB8ZvuQtCkPMkexutrLcMzNhcpCCQcaRf3ochwcnpa3dSoosqfTPBUl","Rahula Va නියම කෙල්ලෙක් තොපි වගේ හාල්පාරෙවෙක් නොව"
"සිංහ ලේ","https://www.facebook.com/people/%E0%B7%83%E0%B7%92%E0%B6%82%E0%B7%84-%E0%B6%BD%E0%B7%9A/pfbid023fcg57SkC4BGy22BjKHYidgKQDqy93HucjYimHL9hqzN3jTdxoQXNW1BrXSMLTcol","හාමුදුරුවොන්ගෙ  කතාවට රිද්‍ර්න්නෙ අන්තවාදින්ටයි උන්ගෙන් යැපෙන උන්ටයි නැතුව අනිත් අයට රිදෙන්න විදියක් නැ"
"Ranaweera Ranaweera","https://www.facebook.com/ranaweera.ranaweera.82446","පොන්නයෝ.තෝ..මොන.පකයෙක්ද"
"Suneth Jayantha","https://www.facebook.com/people/Suneth-Jayantha/pfbid0yWopRTtnyVeovpKy98TFz5H2Di2BNPTGFXFRwqs7xdLtmePeqGsX9YptMXvVgUoWl","ඔව් ඔව් කැරි තම්බිලට හොඳ සිංහලයන්ට විරුද්ධව වැඩ කරන අසිංහලයො කියල අපි දන්නව. අර පන්සල්වලට ගැහුවට කමක් නෑ කියපු පරයත් උඹට හොඳයි නේද?"
"Wasantha Ekanayake","https://www.facebook.com/wasantha.ekanayake.269660","මේ රස්තියාදුකාර කහ කඩයගේ හිනාව.? ඌ හිතාන ඇති උගේ අනට හැම මිනිහම යට වෙයි කියා. පාර මැදට පැනලා ෂෝ දාන්න යන්න එපා පගෝ. පාරේ යන්නේ තොපේ වහල්ලු විතරක් නොවෙයි.  රාජපක්ෂයාගේ අසූචි හෝදන සට්ටැඹියෝ .තොපි."
"Prasath Herath","https://www.facebook.com/prasath.herath.879113","ඈ බන් උබ නියම සින්හල කියල කිව්වෙ බල්ලන්ටත් රෙද්ද උස්සල වදාපු එවුන්ටද...උපැන්නෙට විතරක් සින්හල ...හැබැයි ආගම පරන්ගියගෙන්..ඒකත් දූශනය වෙලා ඉපදුන ශුක්ක්‍රානු වක දායාදය..උන්ට චීවරේ පේන්න බෑනේ..ඊට වඩා හොදම දේ  උබ ඇඩ්මින් ...උබත් මරු සින්හලයා .....ක....වමා🤣🤣🤣🤣"
"Deepa Perera","https://www.facebook.com/people/Deepa-Perera/pfbid0YfnEKGAb994BqeSB1LzZ6x6NrtdZeZkEBkKzhLbQg7ocLELcqBE7XX9bh4wBLa7cl","ඕකව එල්ලල සරන්ඩ ඕනා."
"Prabod Weerakoon","https://www.facebook.com/prabodh.kavinda","සතුරාට මෙත් වැඩීමට බැරි නියම සින්හල බවුද්දයෝ 🙂👍  අන්ගුලි මාල මේ කාලෙ එහෙම හිටියනන් නියම සින්හල බවුද්දයොගෙන් මැරුම් කන්නෙ 😅"
"Sarath Chandra","https://www.facebook.com/sarath.taranga","මූ හම්බයෙක්ගෙ පුතෙක් ඒකනේ අමාරු අම්මත් මොකෙක්ද දන්නෑ"
"Gallewe Punngasara","https://www.facebook.com/gallewe.punngasara.9","අනේ තොපි මරක්කලයට ආවඩලා.සිවුරට මඩ ගහලා"
"Tharaka Paranamana","https://www.facebook.com/tharaka.paranamana.96","හාමුදුරුවන්ටත් ට බැන්නම සි,ංහලද බන්"
"Dulari Hatharasingha","https://www.facebook.com/dulari.hatharasingha","මාලිමාවට කඩේ යන ගෝත හැත්ත උබලට අද නැති උනත් දවසක තේරෙයි සිංහල හැත්තට"
"Sangeeth Dissanayake","https://www.facebook.com/sangeeth.dissanayake.941336","මූ තම්බියා කොනක ඉඳන් නොදැනෙන්න බෞද්ධයො දෙකඩ කරන  කතාවක් කරන්නෙ...මේක තේරෙන්නැති මෝඩ සිංහලයො ඉන්නවා..මූ කවදාවත් කතා කරලා තියෙනවද බුදුහාමුදුරුවන්ට අපහාස කරපු තම්බියා ගැන.නෑනෙ.එහෙනන් මූට මොකක්ද ඤානසාර හාමුදුරුවන්ගෙ ප්‍රශ්නෙකට මැද්දෙන් පැනලා කතා කියන්නෙ."
"Nevil Warnakula","https://www.facebook.com/people/Nevil-Warnakula/pfbid02wJ3jC4XFA214A2nydc23EtrNHAn4i2XYRYtPRYm39BfwpszP2yF9crUxe1WCUUAnl","aniwa.putha"
"Dinesh Chandana Laddu","https://www.facebook.com/dinesh.laddu.9803","ඕක වෙනස් කරගනින් තම්බින්ට කඩෙ යන පරයෙක් කල්ලතොනි මොඩ වෙස්සිග්පුතෙක් කියල...."
"Lakmal Nirosan","https://www.facebook.com/lakmal.nirosan.5","පුතා ඔය හැමෝටම තියෙන්නේ මේ හාමුදුරුවෝ  කතා කරපු වචන පමණයි ඔයාලට හැමතැනම තියෙන්නේ රාජපක්ෂල ප්‍රශ්න විතරයි. ඒ වුනාට මේකේ කිසිම තැනක බෞද්ධ ආගමටවත් බෞද්ධ චීවරයටවත් ඕගොල්ලෝ ඔය විදිහට කතා කරනවා නම් මේක බෞද්ධාගමක් නෙවෙයි. බෞද්ධ රටක් නෙමෙයි. සිංහල ජාතියක් නෙමෙයි මොකද සිංහල ජාතිය හිතන්නේ හැම මිනිස්සුම අපේ අපේ ජාතිය ගැන ඒක මුස්ලිම්ද දෙමළද ී වෙනත් ආගමක්ද කිසියානි ද ුන්නොත් කියන එක අපි කවදාවත් අපි අදහස් දක්වන්නේ නෑ. ඔයා විතරක් චීවරය ඇඳගත්ත හාමුදුරුවෝ කෙනෙක්ට මෙහෙම හරි වැරැද්ද ගැන කතා කරනවනම් ඔයාගේ ආගම ගැනත් ඔයාගේ අදහන ක් පූජකය හෝ තවත් මිනිස්සු ගැන අදහස් දක්වනවා කියන්නේ කතා කරන එකෙන් අනවබෝධයෙන් කතා කිරීම ඒක නිසා මංකියන්නේ පැහැදිලිවම ඔයා ඔතන කතා කිරීම දේශපාලනයද ආගමට ජාතියට වැරදි වැටහීමක් දෙන්න ඔයා දඟලනවා ඒක නිසා ඔයාට පැහැදිලිවම කියන්නෙ? ඔය වගේ දේවල් වලට කොමෙන්ට් දාලා light like දාගන්න දඟලන්න එපා"
"Mohamed Fiyaz Hussain","https://www.facebook.com/mohamed.fiyaz.39","Ya Allah grant H 🤲🏻🤲🏻🤲🏻🤲🏻"
"Bataathagama Paduma","https://www.facebook.com/people/Bataathagama-Paduma/pfbid02nTdkWNwo66GZjwARKsvq5crgt9KxnKM5DZYWPhYnobgvpzhmT1NroHF7NCGnDU8ql","මූ කැරිම කැරි පොන්නයෙක්."
"Sriya Kuruvita","https://www.facebook.com/people/Sriya-Kuruvita/pfbid02XRowaUtwuuQp9CArNmrJnhnT9uoQKNEU7KcNnbdRq1ZeJxHUwj6nBQTkMnZxa3mQl","ත්‍රස්තවාදී න්ට බුදු දහම දකිනකොට නයාට අදුකොළ වගේ පල හිකනලා"
"Asoka Wijenayake","https://www.facebook.com/asoka.wijenayake.9","Yes"
"Dhanushka K Palihawadana","https://www.facebook.com/dhanushka.k.palihawadana.2025","උබේ අම්ම ඉන්නවද. කැරි මට්ටයෝ. තෝ මොකෙද්ද වල් පාහර බල්ලෝ සාමය ගැන  කතා කරන්න. පිට රටවල් වලින් බිස්නස් වලට ආපු පාහර බල්ලෝ. අපේ ආගමේ අපේ හාමුදුරුවෝ අපිට ඕනෙම එකෙක්ට ඕනේම දෙයක් කියන්න අයිතියක් තියෙනව. මේක අපේ රට. අපේ සිංහල පොන්නයෝ ඉන්නවනේ කොන කපපු මුන් වගේ අනාතඉන්ට මට්ටඉන්ට පුක අල්ලන. යකෝ ඒ හාමුදුරුවෝ කව්රු උනත් සිංහල තූ තූ. ගූ කන සිංහල බල්ලෝ. අනේ අම්මපා මට්ටඉන්ගෙනුත් සිංහල බත් කන හරක් බන අහන කාලයකුත් ආව. තූතූතූ.."
"Sumithuru Lakmal","https://www.facebook.com/sumithuru.lakmal","අනේ හුත්තික පුතා මුලින්ම උඹේ ජාතකේ මොකක්ද කියලා බලාගනින් උඹ හුත්තික පුතා මේ රට ගැන මොනවද වෘත්තික පුතෝ දන්නේ උඹ මෑතකදී තාත්තගෙ මොට්ටුවෙන් ඉපදිලා ආපු හුත්තික පුතෙක් උඹට ඉතිහාසය දන්නවද උත්තික පුතෝ උඹ මේ සමාජවාදය තුළ ව** බඩුවක් වගේ ගොන් වේසික පුතා බොරුවට කියවන්නෙ උඹ ජාතික වීරයෙක් කියලා ඉතාගෙනද පුන්නයෝ උඹ මුලින්ම ගිහිල්ලා උඹල අම්මගෙන් අහගනින් උඹ කවුද කියලා උඹලා අම්මා වටේ ගිහිල්ලා කලවම් බඩු වලින් අදපු ක*** පොන්නයෙක් උබ"
"Supun","https://www.facebook.com/supun.758704","Hamudurooo koyapu un newinai bomba hehuwei"
"Mudalige Karunathilaka","https://www.facebook.com/mudalige.karunathilaka","නියමයි සහෝදරය ඔය කහකඩ උන්නැහෙට ඔහොම අමතල මදි."
"Parakrama Balasuriya","https://www.facebook.com/people/Parakrama-Balasuriya/pfbid02ykgCZyr1T1xiM9rTygk2Sh6HXpnKUMTC7EcT3Fj5EMEyQSbcmKmY1e1tg4vpzjmol","සමාවනම් හම්බ වෙන්නේ නැහැ සමාව දුන්නොත් අනුරත් ඉවරයි.මේ අහක යන කාලකන්නියෙක් හින්ද තමුන්ගෙ දේශපාලනය අවුල් කර ගනීද."
"Dojitha Azqsfh","https://www.facebook.com/people/Dojitha-Azqsfh/pfbid033QDX4YmThVxencVSFJuizRFxbianqhNwsqEEDLo4AMJAywuHNiQqR1SV7BFTPq5zl","ඒ මොකක්ද හුත්තිගේ පුතෝ ඥානසාර කරපු අපරාදේ හිරේ දාන්න කරපු වැරැද්ද කියපන් පුළුවන් නම් සුද්දන්ට ජාතක වෙච්ච වේසිය පුතා තොපිනකන් තමයි රටට කෙලවෙන්නේ කාලකන්නි මෝඩ මූසලයා ආගමට ජාතියට ප්‍රශ්නයක් එනකොට කෙලින් කතා කරපු එකද වැරැද්ද බොලා වගේ පොන්නෙක් නෙමේ හාමුදුරුවෝ"
"Ananda Fonseka","https://www.facebook.com/ananda.fonseka.562","මම හිටියනමි  ඔිකට කියන්නෙ පොඩි දෙයක්  විතරයි ගොත පකා  LTTE එකෙ තිලිපන් සමරන කොට පකයා කොහෙද හිටියෙ කියලා විතරයි  සල්ලි වලට ගෑනිවත් විකුණන පකයෙක්"
"Nalim Mendis","https://www.facebook.com/nalim.mendis.2025","හපෝ අංගොඩ පලයන්.හොයපන් සිංහලද කියලා"
"Sumith Weerasinghe","https://www.facebook.com/sumith.weerasinghe.754","පකයෙක් මු කොහේද මරැ පොරක් වෙන්නේ කාලකන්නිජෙපයියා"
"Sanjeewa Mallawaarachchi","https://www.facebook.com/people/Sanjeewa-Mallawaarachchi/pfbid07y43JToFrujtNndow3RuMBr4VQV1P9nrVVaba2k3FbWtfiNouy1326RrycDVth7Wl","පලයන් බූරුවා  පැලවත්තේ ගූ කන ඩෝබිය"
"Vani Arumugam","https://www.facebook.com/people/Vani-Arumugam/pfbid08yNVigpucFB2X9HWArLKNBh6sYS5SSAZGuxLo8jHRQ3f2gXXJ71e2phWcWzJCkvAl","අපූරුයි මල්ලී 👏👏👏👏👏"
"Ven Balangoda Sarana Thera","https://www.facebook.com/people/Ven-Balangoda-Sarana-Thera/pfbid022LBm6eydpPpTdiJumTLB3w532EHNKfgiqcnNphAiqfERW2UWNU8sHP883dRDXauTl","මරක්කලයෝ ඌ.තොගේ ගෙදර එක්කන් පල"
"Imalka Karunaratne","https://www.facebook.com/imalka.karunaratne.1","Good job brother"
"Jagath Weerasekara","https://www.facebook.com/jagath.weerasekara.180","ඩොබි බලකායේ ගෙමක්"
"Jagath Weerasekara","https://www.facebook.com/jagath.weerasekara.180","උබල වගෙ ගොතයෝ සුද්දාගෙ කාලෙත් හිටියා ජාතියට ආගමට සංගයට කෙලවනකොට කාලකන්නි උබලට මාර සතුටුයි අරාබිය වගෙ මුංදෙන්නාගෙම ඇට අයින් කරලා තායිලන්තයෙ පතායා නගරය ට යවන්න ඕන අමාරුව හොද වෙන්න"
"Nihal Kumara","https://www.facebook.com/nihal.kumara.693725","Meka awajathakayek hamuduruwanta baninne"
"R Prasanna Fernando","https://www.facebook.com/rprasannafernando.fernando","Well said brother"
"Zahir Hameed","https://www.facebook.com/zahir.hameed.54","Wediyeng onne meke Comments tike balanneko 99% kemathi ne bemelamai thiyenne"
"Dayani Ambepitiya","https://www.facebook.com/people/Dayani-Ambepitiya/pfbid0h6PNyzrGfWn9bMeptyPeNzvvS4Z2eHsXs148ChWL96NRFSqsr8zf14hko5PnMJcQl","සින්හල නමක් හිමිවූ  පරදේසක් කාරයෙකුට ජාතක වෙච්ච වේ......පූඋ.....ක් තෝ කොහේද සින්හල පලවත්තෙ ඩෝබියා"
"Rohana Jayaweera","https://www.facebook.com/rohana.jayaweera.650530","ඈබං පාස්කු ප්‍රහාරයත් මේ හාමුදුරුවෝද මෙහෙ ව්වෙ මාවනැල්ලෙ බුදු  පිලිම කැඩුවෙත් මේ හාමුදුරුවෝද"
"Rohana Jayaweera","https://www.facebook.com/rohana.jayaweera.650530","උඹත් තමිබියෙකුට ජාතක වෙච්ච හුත්තිගෙ පුතෙක්"
"Kumara Siri","https://www.facebook.com/people/Kumara-Siri/pfbid03LWGz6uSzo3RT6kb7YutzdXL5y35SWpY7kNYKCh6FzsYywGcAiJ8cbCT212Y84dCl","ඔය  ගනයාට   සමාවනම්  දෙන්න එපා.  ඔය  සංගයාගේ  කිසිම  කෙලෙහි  ගුන  දන්නති  ගනයෙක්.  අපි  රජරට."
"Mariya Rita","https://www.facebook.com/people/Mariya-Rita/61588526752036","ඔයකහකඩධාරියාටනම්.සමාවක් දෙන්නම.එපා.ජතිවාදය.අවුස්සනපරයා. මටනම්.ඒනරුම.මූණ.පේන්නබෑ. ඊයෙ.දැක්කා.පෙත්සම්.අත්සන්.කරමින්. යන.කසවත්කාරයින්ට.අභියෝග.කරන සිංහයෙක්.ඔහු.සමග.එකගයි..අපි"
"Shani Shani","https://www.facebook.com/people/Shani-Shani/pfbid02C259dP66H9afuAJKvgkwVUAGy1ktBJP2N3ZDhBEFpYBNVFd2Mazr2CkcNSFRx5Vrl","තමන්ගෙ ජාතිය වෙනුවෙන් කතා කරන එක කොහොමද ජාතිවාදී වෙන්නෙ ..තොපි සුලුජාතින් මෙ රටේ දාන සංදර්ශන එතකොට මොනාද ඒ වට කියන්නෙ . අන්තවාදීන් ද ..උබල කතාකරනකොට උබලගෙ ජාතිය වෙනුවෙන් ඒක සහජිවනය ..අපෙ කෙනෙක් කතා කලොත් ඒක ජාතිවාදී ..පකෙ ලොජික් ...එ හාමුදුරුවො කතාකලෙ තමන්ගෙ රට ආගම ජාතිය වෙනුවෙන් ..කාලකණ්ණි ජෙප්පොන්ට දාල තියෙන කමෙන්ට් අනුව උන්ට කොහෙද රටක් ආගමක් ජාතියක් ..පර හැත්ත"
"Wijerathna Banda","https://www.facebook.com/wijerathna.banda.520","අනේ පල යකෝ යන්න තෝ දන්න සින්හල  තොපි ඔක්කොම ඩෝබිල ඒකයි ඔය තරහ"
"Dasanayaka Dasanayaka","https://www.facebook.com/people/Dasanayaka-Dasanayaka/pfbid0267hT6nMXzyyN1V7K4P16H3MNrwVyXNBHiF7MBmq6BtG68DueWt8txhDNPnKBS9YUl","උබල දැන ගනින් එකක් මම රත්නපුරේ දැන් ඉන්නෙ වාලච්චේන මුන් අපේ ස්වාමීන් වහන්සේ කෙනෙක්ටවත් බස් එකේ ශීට් එකක් දෙන්නෙ නෑ..එහෙම කරන්නෙ වැඩිපුරම තම්බි වේසියො...මගේ ඇස් දෙකටම දැක්ක...ඒක නිසා වෙන කිසිම ආගමක එකෙට්ටවත් ශීට් එකක් දෙන්න එප.."
"Dasanayaka Dasanayaka","https://www.facebook.com/people/Dasanayaka-Dasanayaka/pfbid0267hT6nMXzyyN1V7K4P16H3MNrwVyXNBHiF7MBmq6BtG68DueWt8txhDNPnKBS9YUl","මොනවත් වෙන්නෙ නෑ යකෝ  එයා ආව කියල... ඉස්සෙල්ලම කියපන් උබ තම්බියෙක්ද දෙමලෙක්ද කියල...දිනා දුන් රටේ පරයොන්ට ඕනි නැත්නම් අපිට පුකද... ඕන දේකට අපි සූදානම් පරයෝ...උබල අවජාතකයො අපේ උන්ට කෙලින්න එන.."
"Gamini De Alwis","https://www.facebook.com/gamini.de.alwis.2025","දිගන,දර්ගානගරය,මාවනැල්ල,ත්‍රිකුණාමලය ,මඩකලපුව  ගිංතොට,ප්‍රදේශවල ඇතිවූ ජාති වාදී ආගම් වාදී අර්බුද වලට මූලික ඤාණසාරට ජනාධිපති සමාව දෙන්න ජනාධිපතිතුමාට පිස්සු නෑ.දෙනව නම් අරගලයෙ 12 දෙනෙක් එල්ලුම් ගහට නියම උනා.ඒ අයට සමාව දෙන්න ගරු ජනාධිපතිතුමා.ඒක ලොකු පිනක්.රට විනාශ මුඛයට තව තවත්  වැටෙන කොට බලා ඉන්න බැරි රටට ආදරේ ඇති බුද්ධිමත් ජනතාව තමයි අරගල කළේ.අරගලයට ගහපු මයිනලගෙ කට්ටිය තාම එලියේ.ඒ ගැන බලන්න.තෙරුවන්සරණයි ජනාධිපතිතුමාට."
"Liyon Liyo","https://www.facebook.com/people/Liyon-Liyo/pfbid02bR7ivVnWMpWj3Lkddfjwwa4JEcUYaSxAAGJRBq1EDDuLg8v6qx2dBFQK17Cy3zJxl","Ngo ගූ wecige පුතෙක්, ඕකට ඔච්චර puce අමාරුවනම් අර උතුරේ බුද්දාගමටය්, වෙහෙර විහාර වලටය්, සිංහලයටය් වෙන අසාදාරනකම් වලට ගිහින් කෑ ගහපන්කෝ, ngo ගූ කන සක්කිලි අවජාතක වේසා බල්ලෝ,බොරදියේ මාළු බාන්න එන තොපි වගේ උනුත් අවස්තාව ආවම හැසිරෙන විදිහ බලමුකෝ,"
"Malanie Desilva","https://www.facebook.com/malanie.desilva.5","Excellent character"
"Jarad Contraction","https://www.facebook.com/jarad.contraction","Dasa palakayo uinga balaya alla gain jate wadadaya edereyata danawa"
"Taraka Mapa","https://www.facebook.com/people/Taraka-Mapa/pfbid0Epo83LuM9BvyARVcjhuR5AFDtXyijyLGsi6ZqhBNpK2PDnV9WT8PA5tbHUhGKeYPl","හමුරුවෝ විතරද උබට පෙනේ ජාති වදය අවුස්සන උන් ඔනි තරම් ඉන්නවා හැබැයි හමුරුවෝ වැරදි ....."
"Derana Roshan","https://www.facebook.com/derana.roshan","නියම කල්ලතොනියෙක් .ඔයාවාගෙම"
"Sudheera Wanisundera","https://www.facebook.com/sudheera.wanisundera","ඊබ්‍රාහිම් පවුල ගැන වචනයක් කතා නොකරන ජෙප්පෙක් කියනවා ඥානසාර හිරේ යන්ඩම ඕන"" ලු."
"Ipkrishan Ipkrishan Perera","https://www.facebook.com/ipkrishan.ipkrishan.perera","කොහොමත් දෙන්නේ නැ දෙමලු සිංහලයට කැමති නැනේ"
"Hayaam Hayaam","https://www.facebook.com/people/Hayaam-Hayaam/pfbid0ya5quYY2pviMSgWfdydDy2HDiw1EYMHxqT9xNhXFnQd755YSgJM6SVXLZfRbDuPRl","Good job 👌"
"Jeewa Maddumage","https://www.facebook.com/jeewa.maddumage.9","තෝ කොහෙද බං සිංහල වෙන්නේ සිංහල ජාතියට කෙලවෙනකම් බලාගෙන ඉන්න උඹ සිංහලයෙක්ද"
"Suranga De Silva","https://www.facebook.com/suranga.desilva.921","පොන්නයෙක් යකෝ"
"Manjula Hiroshan","https://www.facebook.com/manjula.hiroshan","සිංහල ජාතියට අරින උන් කොහොමත් ත්‍රස්තවාදීන්ට නියම පොරක්. අනේ පලයන් යනින, ගෝතයා.."
"Malica Sria","https://www.facebook.com/malica.sria","ඇ ත් ත මල්ලි සු පි රි මල්ලි කෙනෙක් ජ ය වේ වා"
"Malica Sria","https://www.facebook.com/malica.sria","ගණ සා ර ය හි රේ ම ඉන්න ඕ න"
"Ganga Hettigoda","https://www.facebook.com/people/Ganga-Hettigoda/100004533648309","අනේ පළ පාහරයෝ යන්න.,tho අත්සන් නොකර හිටපන් අවජාතක හැත්ත. හිඟන  jeppo"
"Damith PH","https://www.facebook.com/damith.ph.31","උබ දන්නව දෙයක් නෑ බං ."
"Ayesha Weerakkodi","https://www.facebook.com/ayesha.weerakkodi.54","bike mally super colla"
"Danushka Dissanayake","","මං මේ සිංහල එවුන්ට මේකේ ඉන්න එවුන්ට කියන්නේ සාර හාමුදුරුවෝ ඉතා ඉඳන් ආරක්ෂා කරන්න උත්සාහ කළේ සිංහලයින් සිංහල ජාතියයි බුද්ධාගමයි. තොපිල නොදන්නා උනාට ටිකක් හොයලා බලපන් දැන් රටේ මොකද වෙන්නේ කියලා 2050දී තොපිලට මොකද වෙන්නේ කියලා"
"Nuwan Dissanayaka","https://www.facebook.com/nuwan.dissanayaka.9022","තොගය අගිස්ස කපලා හින්ද දැනෙන්නේ නැහැ නේද"
"Sapumal Kumara","https://www.facebook.com/people/Sapumal-Kumara/pfbid0Sx7HJXPwqje4ts5SVeC5uPbznzqf75951cvPCQVA5YaK7YBXRYtq3WAatdMoGNaXl","උඹ අනිවර්යේන්ම තම්බියෙක්ට ජාතක වෙච්ච එකෙක්. නැත්නම් පුක අල්ලන එකෙක්. හාමුදුරුවො හිරේ යන්නේ තොපි වෙනුවෙන් කතා කරල."
"Gayan Thilanga","https://www.facebook.com/thilanga.samaradiwakara","පල වෙසිගේ පුතා යන්න. ගෙරි මස් කන හම්බයෝ."
"Dasanayaka Mudiyanselage Senanayake","https://www.facebook.com/dasanayakamudiyanselage.senanayake.9","අත්සන් වලට නඩු තීන්දු වෙනස් කරන්න පුලුවන්නම් උසාවි අවශ්‍ය නෑනෙ"
"Saman Senanayake","https://www.facebook.com/saman.senanayake.370568","නානා ජීන් තියෙන නායකයෙක් ඉන්න ජාතියක ඉරණම.කරවලකෑල්ලක් කොරපු හරියක්"
"Kalai Chalvan","https://www.facebook.com/kalai.chalvan.2025","Api okoma lanka mathage dharuwo.acharai."
"Rivijith Prasanga","https://www.facebook.com/rivijith.prasanga","Athsan aran ba ban ita wada me rata okata wiruddawa inna pirisa wadi"
"Danushka Chamara","https://www.facebook.com/danuska.chamara.37","බදුර්දීන්, හිස්බුල්ලා වගේ ජාති ආගම් අතර සමගිය සහජීවනය ඇතිකරන්න ඤානසාර හාමුදුරුවන්ට බැරි උනා...🫏😅🤌"
"Dilshan Madusanka","https://www.facebook.com/people/Dilshan-Madusanka/pfbid02uV6bkXrvqGAkPedEBd8LCGBWRszENP839qT4UHK1NtSE5CiMCZkvRdZFru6boWJal","තම්බියන්ට පස්ස දෙන ලෝල්ලෙක්"
"Nuwan Gunarathna Nuwan","https://www.facebook.com/people/Nuwan-Gunarathna-Nuwan/pfbid02W3sKN8RvM3pm6gjFhbGcjASrPX9g53TwzzQEQydSovPaFdkFNDhNMTvspGrrYmQyl","සින්හලයා වෙනුනේ කතාකරෙ හාමුදුරැවො  උබලට තෙරෙයි තව අවුරැදු 20ක්30ක් ගියාම එතකන් හිටපන් මොඩ අමන රැල"
"Red Eagle","https://www.facebook.com/people/Red-Eagle/pfbid025wDPnZYGibv8eWgohxB64x5Vb7mSxfP5zh86fB3vo1sCZKkTZseGURtnRfV7GH3vl","මේ බෞද්ධයෙක් නොවේ.ජඩයෙක්,අවජාතකයෙක්.,හරි මිනිහෙක් ඔතන නැහැ .මේ නිරාගමික ඩඩ බල්ලෙකි.ඌට හූ මිට තියන්නෙ  ඊට එහාට ගිය අවජාතක පාහරයෙක්.මේක සිංහල බෞද්ධ රට  මේකේ භික්ෂූන්ට එරෙහිව එකෙකුට හ්ම් කියන්න බැහැ .පොඩ්ඩක් හිටපල්ලා  කොණක ඉදලා කරන හැටි පෙන්වන්න..දඟලපල්ලා එතකම්.හරි."
"Nuwan Srilal","https://www.facebook.com/nuwan.srilal.3532","නානසාරතමා වද කොත්තු වද බෙහෙත් මාවනැල්ලෙ බුදුපිලිම කඩපුව ඩොක්ටර් සාපි වද සැත්කම් පාස්කු ප්‍රර්හාරය මේ හැම දෙයක්ම මුගේ වැඩ ශුවර්"
"ආර් මනෝජ් සිරිවර්ධන","https://www.facebook.com/manoj.lakmal.35175","තම්බියෙක්"
"Vimu Jayaruwan","https://www.facebook.com/vimu.jayaruwan","ඈ පාකො තොපි ආගම නාමෙන් බෝම්බ ගහද්දි හොදද තෝ වගේ ගෝතයෙක් සිංහල බෞද්ධයන් ගැන කතා කරන්න අයිතියක් නෑ"
"Malinda Padmashanka","https://www.facebook.com/malinda.padmashanka.2025","මේ සිවුරු රඳවනයින්ට ලැජ්ජා නැති හැටි මුළු රටම අත්සන් කරයි ඥාණසාර ට විරුද්ධව දැන් කොහොමත් රගන්න බෑ මේ සිවුරේ අනිසි සිවිල් බලය දැන් ඉවරයි"
"Gamini Gka","https://www.facebook.com/gamini.gka","ඔව් ඔව් අන්තවාදීන්ට  ඣානසාර හාමුදුරුවන් ඇලජික් කියලා අපි දන්නවා , එතකොට උබලගෙ උන් පුපුරුවා ගත්ත එක සාධාරණයිද   🐮  ko ?"
"Kumar Zen Kumar Senarathne","https://www.facebook.com/kumar.senarathne","පල කැමරි කොනක පාල 😂😂😂"
"Amith Lokuge","https://www.facebook.com/amith.lokuge.5","ඔව් තම්බි තොපිට හොදයි අපේ උනුත් පුක දෙනවනෙ.තම්බි තොපි කවද්ද තොපේ ජාතිවාදය ගැන කතා කරේ පකයො...තොපි තම තනිකර ජාතිවාදියෝ.උන් වහන්සේ ඒව පෙන්නල දීපු එක තමා කරල තියෙන වරද.හැමිනෙන් නැතුව හිටපන්.කාලන්නි සිංහලයො වද වෙන එකම තමා හොද වේසිගෙ බල්ලො"
"Palitha Lakshi","https://www.facebook.com/palitha.lakshi.2025","නිරාගමික ගොබ්බයෝ..💩"
"Chamara Prashad","https://www.facebook.com/chamara.prasad.7771","Paka thama"
"Sampath Thushara","https://www.facebook.com/sampath.thushara.494445","Okata kiyanba one puke amaruwada kiyala hora ganaya"
"C Indrajith Clement","https://www.facebook.com/cindrajith.clement","පල බූරුවා කෙබර නොකියා. තෝ දන්නෑ මුස්ලිම් ගමකින් සිංහලයෙකුටකඩයක් දාන්නත් බෑ."
"Nandana Pushpaumara Dissanayeka","https://www.facebook.com/nandana.dissanayeka","ඥානසාරයාගේ හොදත් තියෙනවා නරකත් තියෙනව අනුරගෙත් එහෙමයි , තිලිපන් සහ අපේ  පන්සල් පල්ලි වෙනවා බලන් ඉන්න ජාතියක් ජම්මයක් නැති ගාණට අනුරට පු දෙන්නැතිව පොඩ්ඩක් බලාගෙන ඉඳලා තව ටික දවසකින් අපි යමක් එකතු කරමු ."
"W.S. Sampath","https://www.facebook.com/shevon.sampath.7","ඉස්සර සමාව දුන්නා ...."
"Thissa Ruwan","https://www.facebook.com/thissa.ruwan.2025","උඹ කියන්නේ තඹිලා දෙමළ පුක ඇරෙනකම් බලන් ඉන්න කියලද.සහජීවනය සහජීවනය කියලා අපිට අරින උන් කරන්නේ.නිකමට ගිහිල්ලා බලපංකෝ අම්පාර මඩකලුව පැත්තේ. කොහොමද තත්ත්වය කියලා.ඕකට කියන්නේ සිංහලකම නෙමේ. ඕකට කියන්නේකලලතෝනිකම"
"RSconstruction Kandy","https://www.facebook.com/rsconstruction.kandy","Ubala gahana game eka yatin gahanawa..eka danno danithi"
"Ariyasena Ariyasena","https://www.facebook.com/people/Ariyasena-Ariyasena/pfbid02asZAjAJjuGzCLemVrGuZWfD8u2SDrYDQXgkvfBkfkwzH116TKNp2T7RTewYghC7cl","එහෙනම් ගුණ ඔය යකා යුද්දෙට යන්න තිබ්බනේ එල්ටීටිකාරය ගහනකොට රටට ආදරණං අනේ බම්බු ගහන්න"
"Ajith Krishantha","https://www.facebook.com/people/Ajith-Krishantha/pfbid02vHBdJ4Mpc28texEgXBUhF5hkCMVyCYL8KkQjr4MsLTQhwtW7HBbCss4DBizP7e8dl","බයිසිකල් අයියාට ජය වේවා!!! බයිසිකල් අයියාට ජය වේවා!!! බයිසිකල් අයියාට ජය වේවා!!! බයිසිකල් අයියාට ජය වේවා!! සාදූ හිමිහිට මාරු පැත්තට!!!"
"Kalum Disanayaka","https://www.facebook.com/people/Kalum-Disanayaka/pfbid028uL55y15pyRii7s2UWnmJTwumHoTSpeuotGJoLZpKff4NGDvPUKAmFg3kaCgkYZul","උමන්දාවේ හොර ගණයා පන්සලේ උරුමසුත් උයන් කාපු එකානේ"
"Supun Hasantha","https://www.facebook.com/supun.hasantha.163287","JVP සිංහලයෙක්  හාමුදුරුවො හිරේ දාන්න ඕන කියලා කෑගහනවා.  ඒකට සතුටු වෙච්ච තම්බියෙක් ඒ සිංහලය නියම සිංහලයෙක් කියලා බටර් ගානවා. ඇයි ඒ? බෞද්ධයො තව කොටවන්න. ඒක දැකපු තව සිංහලයො සෙට් එකක් හාට් දානවා.  ඇත්තට උබලා වගේ මෝඩ ජාතියක් සිංහලයා මෝඩයා කියලා දෙමළ මිනිස්සු කියපු කතාව ඇත්ත."
"Sinniah Kumar","https://www.facebook.com/sinniah.kumar.75","iya appi okamala srila birthday"
"Jagath Randeniya","https://www.facebook.com/jagath.randeniya.1","සමාජයට වෛරය වපුරලා සතුටු වෙයල්ලා ."
"Ratanasiri Aluthwala","https://www.facebook.com/ratanasiri.aluthwala.2025","Ngo කඩෙ යන jvp රට කාපු බල්ලන් ට ඩෝබිල  වන එවුන් ගැන  මීට කතාවක් නෑ තොපි පංසලෙ  දංබත් කාල  හාමුදුරැවන්ට  කෙළින ජාතකයක් නැති බල්ලන්ට ජාතක වෙච්ච බල්ලො දාන පෝසට් එකා උගෙ අම්ම සිහිත් වේවා"
"Chaminda Harsha","https://www.facebook.com/chaminda.harsha.603071","පොන්න ජෙප්පෙක්"
"Kalum Jeevaththa","https://www.facebook.com/kalum.jeevaththa","Maru ban aiya aupiri. Adarai ban. Supiri kollaj"
"Chathuranga Abeysinghe","https://www.facebook.com/chathuranga.abeysinghe.10","පලයන් හම්බයෝ යන්න , තොපිට තමා වෙනම නිතී වේනම ප්‍රදේශ, උබලගේ ජනගහනය වැඩි වුන ගමන් අක්බාර් ලේන් මොහමඩ් ලේන්, වේනම දෙවල් ඔනේ, සිංහලත් හරක් ඉන්නවා ඉස්සරහට වෙන්න තියෙන දේ පෙන්නේ නැති,"
"Siva Sharma","https://www.facebook.com/siva.sharma.359778","ஞான சா தேரருக்கு ஜனாதி மண்ணிப்பு கொடுக்க. கூடாது அவன் ஓர் இனவாதி இன துரோகி தமிழ் மக்ககளுக்கு மட்டும் அல்ல சிங்கள மக்களுக்கும்  துரோகிதான் மண்ணிப்புக்கு இஇடம் இல்லை"
"Sarath Bandara","https://www.facebook.com/sarath.bandara.305192","අත්සන්කලාටවැඩක්නැතජනපති   නිතියටපමනයි ගනයෝපලහිරේමුටසමාවදෙන්නහොද නැත කෙලෙහිගුනයක් නැතිඅවජාතකගනයාහිරේදමනු"
"දේඋ දාස්","https://www.facebook.com/3zhz9h7ak1","ඒක උඹට වැරදිලා බල්ලෝ මොකද උඹලා වගේ අවජාතක බල්ලන්ට ඒ හාමුදුරුවන්ගේ අගයත් තේරෙන්නේ නෑ.මොකද උඹලා ඇවිල්ල හම්බ ඉන්න ජාතික වෙච්ච වේශික පුත්තු.රටේ පාස්කු ප්‍රහාර එල්ලෙන්නේ ඉස්සෙල්ලා කිව්වේ ඒ හාමුදුරුවෝ මේ වගේ ප්‍රශ්න තියෙනවා කියලා.ඒත් ඒ හාමුදුරුවෝ එහෙම කියනකොට ජාතිවාදී වුණා.අපේ රටේ බාගෙට භාගයක් ඉන්නේ හම්බයයින්ට ජාතික වෙච්ච වේශික පුත්තු ඒකයි ප්‍රශ්නේ"
"Weththasinghe Liyanage","https://www.facebook.com/weththasinghe.liyanage.9","තිත්ත ගල්ලෙ  හරි  පොරක් කියා  අපි  හිතුවෙ     ගලබොඩඅත්තෙ  වගේ හිරීයායුතු පාහරන් නිදහස්   කරන්න කියා  මිනිසුන්ට  බල කරන්න තිත්තගල්ලෙ  කවුද? මහින්දලාගෙ  නාමල්ලගෙ ජඩවැඩ වල  ඉන්න කෙනෙක්  කියා  සමාජයේ වැටහීම"
"Ems Ems","https://www.facebook.com/ems.ems.567930","සංඝයාම කරගන්නා අකටයුත්තක් .. ලැජ්ජයි ...!!! ජනතාව දැන් පෙලබෙනවා සත්‍ය පෙන්වන්න.. චීවරය අදාල නැත එබැවින් චීවරය දරන  අය ඒ මුවාවෙන් අකටයුතුකම් කලොත් ජනතාව ඉවසීමෙි සීමාව ඉක්මගොස් මීටත් වඩා බරපතල තත්වයක් උදාවිය හැකිය .. මෙි සැබදිව මහා නායක හිමිවරැ වගවිය යුතුවෙි"
"Janaka Janaka","https://www.facebook.com/people/Janaka-Janaka/100051368595311","ඔය පරයට නම් සමාව දුන්නොත් ආය මාලිමාවට රෙදි ඇදන් චන්දෙකට එන්න බෑ....ඕක ජනාදිපති අනුරට කතා කලේ ගබ්සා කරන්න බෙහේත් බීල ඒක වැරදිල බිහී උන එකා කියල..එහෙම එකේ ඕකට මොන සමාවක් ද..එල්ලලා මරන්න ඕන.."
"Senarath Bandara Bandara","https://www.facebook.com/nishan.ranasingha.98","පක තමා අදරය කරනවා  උතුරේ කොඩි දාගන රගන එවාටත්  ඔය අදරෙ කියාගත්ත වුන්ට කාතා කරන්න කියපංකො"
"Sj Fernando","https://www.facebook.com/sj.fernando.12","නෑ ජනාධිපති සමාව දෙන්නම හොදනෑ අන්නාසී ගැටයක් ලබ්බ අස්සේ ගහගෙන නිදියන්න ඇතුලට දාන්නම ඔනේ එතකොටවත් ඔය ජාතිවාදී අදහස් ගබ්සාවෙලා යයිද බලන්න 😛😛😛😛"
"Sisira Bandara","https://www.facebook.com/sisira.bandara.906638","කාලකණ්ණි යෙක් සුවර් ජෙප්පො"
"Dil Pe","https://www.facebook.com/people/Dil-Pe/pfbid02Exz9iZFPBKBKYRYQkCt5gzbX8ocvUDyXcuYiZ11vAYqLLLQ7mZjx4zfjAf72eQqil","Yes👍👍👍👍"
"Moris Senanayaka","https://www.facebook.com/moris.senanayaka","tota p. yanna thibbane hamudaqata  higakanbe"
"Thusitha de Silva","https://www.facebook.com/thusitha.desilva.90","උඹ දන්න බෞද්ධකම,   තොපි රංජට සමාව දුන්නා නේද, තෝ දන්නෙ සහජීවනය, දකුණට විතරක් තියෙන සහජීවනය, තෝ දකින ලබ්බ, සෝම හාමුදුරුවන් කොචිචර කිව්වෙ ඔය ගැන"
"Asela Ranjan","https://www.facebook.com/asela.ranjan.9","උබ වගේ හරකෙක්"
"Saman Kumara","https://www.facebook.com/saman.kumara.941499","තෝ නිදාගෙනද ඉන්නේ පොන්නයෝ අර උතුරේ ltte කාරයෝ කරන දේ තොට පේන්නේ නැද්ද අවජාතකයා"
"Gayani Vejesinhe","https://www.facebook.com/people/Gayani-Vejesinhe/pfbid0dQmiDab6mrrLea9CgnSQwoYeWm1tcXggnC29EenkSyYF9By9aPcbTBCspLcrTdbul","හාමුදුරුවන් රට වෙනුවෙන්  සින්හල බෞද්ධයන් වෙනුවෙන් කල සේවය තිරිසනුන්ට  තේරෙන්නෙ කොහොමද , දෙමල මුස්ලිම්   උන්ගෙ මොන තරම්  ජාතිවාදී ආගම්වාදී  අය  කරන  නොපනත්කම්  මේ තිරිසනුන්ට හරි සෝක්, කොට් සමරද්දි  හොදයි, උතුරට බුදුපිමයක්  වඩම්වද්දි  අන්න  ජාති හා  ආගම්වාදී  සින්හලයා හොදට  පේනව  , පාස්කු බෝම්බ කරුවන් පිලිබද  හාමුදුරුවන්  කියනකොට එයා ජාතිවාදී ,මුස්ලිම් අය බෝම්බ පුපුරුවා ගත්තට  වග කියන්නඩ ඕනෙ  සින්හල නිලධාරීන් , මේක ඕයි  මාර රටක් , මේ පිස්සො බෝ  කලේ මාලිමාවෙ මී හරක්, මේ රට සින්හල බෞද්ධ  රටක් නොවේ කීවේ ඔලු නරක් කරගත්  මාලිමාවෙ නපුර්සකයින් තමා ,අනේ අපේ හාමුදුරුවන් පව් ,,"
"Sandaya Sudarshani","https://www.facebook.com/people/Sandaya-Sudarshani/pfbid02aTXd5LdDpU8AGkYhiBzHQwN1uVruzKzYUNcTWxfpMjXgRWpABN3HnTwmsADnbN3Yl","සිංහල පරයන්ට දැන් ඒ හාමුදුරුවෝ ජාතිවාදියෙක් කියලා පේනවා මුස්ලිම් ආගමට අපහස කලා කියලා කියනවා පර අවජාතක සිංහල කියන පරයින්ට මුස්ලිම් සංවර්ධනයක පර බල්ලෙක්  බුදු හාමුදුරුවෝ මිනීමස් කෑවා කියලා කියනවා තොපිට ඇහුනේ නැද්ද එතකොට දැන් ඒක බුදුදහමට අපහස නෙවෙයිද කලේ ඒකා ඉන්න ඔනේ කූඩුවේ නෙවෙයිද  කොටි ඩයස් පෝරාවෙන් ජීවත් වෙන ngo කාරයෝ සිංහලයෙක් වෙලා හරි සිංහලයගෙන් පලිගන්නවා කියපු එළාර පරම්පරාවේ සක්කිලි බල්ලෝ අතිතයෙත් හාමුදුරුවෝවරු තමයි සිංහලගේ රට පරයන්ගෙන් බේරගත්තේ මේ කාලකන්නි කෙබර කොටාගේ ආන්ඩුව නිසා සිංහලයගේ රටේ නිරාගමික බල්ලො බුරනවා  උඩු බුරනවා 🤮🤮🐕🐕"
"Dewappriya Ranil","https://www.facebook.com/dewappriya.ranil","මුගේ අමිමට තම්බි වටෙ හුකල පුක පැත්තෙන් ඇතුලට ගිය කැරි වලින් ජාතක වෙච්ච පොන්නයා"
"රුචිර බූක් ෂොප් බද්ධ","https://www.facebook.com/people/%E0%B6%BB%E0%B7%94%E0%B6%A0%E0%B7%92%E0%B6%BB-%E0%B6%B6%E0%B7%96%E0%B6%9A%E0%B7%8A-%E0%B7%82%E0%B7%9C%E0%B6%B4%E0%B7%8A-%E0%B6%B6%E0%B6%AF%E0%B7%8A%E0%B6%B0/pfbid0376hrtb4q24QyxCyvvCQaxvNuS6R8F4fSxWJ8NrX54XXwh96TEer4Y3QHdnTEL9iYl","එතකොට කඩූ කිනිසි එහේමත් හෙයා ගත්තේ උබලාගේ ගේදර තිබ්ලාද"
"Dilruk Hettiwatta","https://www.facebook.com/people/Dilruk-Hettiwatta/pfbid0TRJVczKq1DEvg3RCUNKfUi9M6cSfKDW2kz9X9ZjPVsRHjk3vuNgWXHjyQaU7T9Ddl","ඔය කහ කඩේ තමයි සමන්ත බඩ්ඩ අනිත් එකා. කාලකන්නි ගණ ගෙඩියා  ඕක නියම රාජපක්ෂයෙක්"
"Naguleswaran Nagules","https://www.facebook.com/people/Naguleswaran-Nagules/pfbid02r5D47JHJdJoCXUsBK8LC4eY6ZCnzuov8Y6FUd3CZWr48JqXUMbx3B7vUanA4Lr4zl","රටේ ඉන්න සියලු  උදවිය අත්සන් කරත්  මේ ගෝත යට ජනාධිපති සමාව දෙන්නේ නෑ  ඒක ඉර හඳට වැඩිය විශ්වාසයි  මූ පාහර සුනඛයේ මූ මිනිස්සුන්ට අමතන්න දන්නෙත් නෑ  මූ සමාව දුන්නහම ඒ වරද නවතත් කරන   පාහරයෙක්  මූ වෙනුවෙන් ඉදිරිපත්  වෙන එවුන් ඊට හපං  ගෝතය Translate in tamil"
"සුපුන් චාමර","https://www.facebook.com/dhanuct.dhanu","කොහෙද ප** මූ සිංහලයෙක් වෙන්නේ පොන්නයෙක්නේ තෝත් පොන්නයෙක් තොපි වගේ පොන්නයුන්ට තව ටික කාලයක් යනකොට තේරෙයි සිංහල ජාතිය විනාශ වීගෙන යනකොට"
"Krishan Kalupahana","https://www.facebook.com/people/Krishan-Kalupahana/pfbid02cxT7VWoFc9X96vL4EjaN5oALNq3WY38gWS5yp4XM5x7NmTuYtZ2Su4T7MjeK6s1bl","ඉස්සර වෙලා උබේ ජාතිය කියපන් මොකද උඹ මුස්ලිම් නම් උඹ වගේ ගවයෙක් නිසා සියළුම මුස්ලිම් ජනතාවට අපහාස වෙණ විදියට අපි කථා කරන්න කැමති නෑ..උඹ වගේ පැලවත්තට ජාතක වෙච්චි වුණ්ට සිවුර බුදු දහම පෙන්න බෑ ජේවිපී කාරයෝ කියන්නෙ ස්වාමීන් වහන්සේලා ඝාතනය කරපු පව්කාරයෝ උඹට හොඳ එකෙන් ලියනවා නමුත් බෑ හොඳ මුස්ලිම් මිනිස්සුන් සැහැල්ලුවට ලක් කරන්න..පැලවත්තෙන් ඇවිත් වඳපු අම්මා ඉල්ලුවත් දෙණ උඹලා වගේ කල්ලතෝනියෝ අපි දැකලා තියනවා කට වහගෙන හිටපන් නැතිනම් ගූ වෙන්න තමය් වෙන්නෙ...ස්වාමීන් වහන්සේලාට අපහාස කරන එකා ප්‍රභාකරන්ට හෝ පාස්කු ප්‍රහරයට සම්බන්ධ ඊබ්‍රාහිම්න්ට ජාතක වෙච්චි එකෙක් ගවයෝ .......පැලවත්තෙ අසුචි හෝඳන සක්කිලියෙක්"
"Suresh Adithya Ranasingha","https://www.facebook.com/suresh.adithya.ranasingha","තේරෙයි කල් යයි සිංහල ප#යන්ට"
"Indika Bokotuwage","https://www.facebook.com/indika.kumara.357","Niyama dobiyekk"
"Mottyar Mohamed","https://www.facebook.com/people/Mottyar-Mohamed/pfbid0iGkacsKBppKHtFRJASh9JDGeo83R4g6t47nP9moXofBb8aEPV4XeK9z6bMWW2T8Ul","දූසකයන්ට"
"Pinky Yush","https://www.facebook.com/people/Pinky-Yush/pfbid0dsXb1EVtE2TAHJSbJj7TB8GjgWVfChxH2C6znwhvP36AqFjWbG5UJPUGaMpJa95Zl","සින්හල කම කේසේවෙතත් අන්න සුනමි ආපහු එනවා දරුවො දරුපවුල් පිටින් ගහන් යන්නේ ලේසිවෙන්නේ නෑ  මහාසගරත්නයට අතතියලා ලේසිවෙන්නේ නෑ රටම අගාදේ  සුදාලා ලස්සනට කතා කරනවනේ මේකේ"
"Nilanga Caaminda Nilanga Caaminda","https://www.facebook.com/nilanga.warnasooriya","දිරච්ච කුරුසකොටයක් කරතියා ගත්තු කුරුස පල්ලියේ සුදු පාන්කඩ පාදිලියන්ගෙ ලෙවකන අවජාතක හැත්තයි  කැලේ ගිය වල් ඌරෙක්ට ජාතක වෙච්ච පකිරි මරක්කල සක්කිලි ටිකයි නිරාගමික කියන කුලහීන නන්නතාර කානුපල්ලෙ ලැග්ග ඩෝබි හැත්තයි  ගූකන අවලන් හැත්ත තොපි හිතේ ඇති පාරෙ ඔහොම කැ ගහපුවම බුදු දහමයි සිංහලයොයි වැලලෙයි කියල ඔය බල්ල දිහා දැක්කම කියන්න බැරිද ඩෝබියෙක් කියල කාගෙන්වත් හම්බවෙච්ච බත් ගෙඩියටයි අරක්කු බාගෙටයි රු දාහටයි කහින පකයෙක්නෙ උබලට වීරයෙක් වගේ පේන්නෙ  ගම්වල සමාජයක් නැතුව කොන්වෙලා මුළු ගැන්විල අනුන්ගෙ අපුල්ලල පරම් පරාගානක් හරි ජාතකයක් නැතුව හතර වටේ අල්ලල ජාතක වෙච්ච උන් නිසා හාමුදුරුවන්ට  බැන්න කෑ ගැහූව කියල මොඩ ගොන් පොන්නයො ටිකක් අල්ලන් සමාජෙ මතයක් හදන්න පුළුවන් කියල හිතන්නෙ කාපියව් ගූ අර මහ පාදිලියගෙ"
"Ruwan Sumith","","නියම සින්හලයෙක් නොවෙයි බන් නියම ඩෝබියෙක්"
"Withana Dil","https://www.facebook.com/withana.dil.7","තොපි අගමට දහමට නාති කල්ල තොනි යකො යාපනෙ කොටි සමරුව උබ එක වොඉස් කටෙකක් දුන්නද ගරි ඩොබියා"
"Chularatna Gamage","https://www.facebook.com/people/Chularatna-Gamage/pfbid0RkKm8Fm4TDMFNqn1afAb49J6Fz5AydKoYdcEq1PjTgjVRAcPumHxZyPQuorpdxo7l","සංඝ බට්ටා පල ාහරය පාරේ මළ පහ නෙකර"
"Piyal Perera","https://www.facebook.com/piyalsperera","Sakkiliyek meeka"
"Jagath Jagath","https://www.facebook.com/jagath.sad","මම බෞද්ධයෙක් නමුන් මේ වගේ කහකඩ සිඋරට වහන් වෙච්ච කුපාඩි අපේ දර්ශනයටත් මේ රටටත් බරක්"
"Janaka Jayawarna","https://www.facebook.com/janaka.jayawarna.35","උගේ අම්මට උකලා තියෙන්නේ හම්බයෙක් උගේ ඡාන තමයි ඒ පකාගේ ඇගේ දුවන්නේ ඌ සිංහල බෞද්ධයන්ට එරෙහිව පුකත් දෙන බල්ලෙක් කෙටියෙන්"
"අලගලය මුදලිගේ","https://www.facebook.com/people/%E0%B6%85%E0%B6%BD%E0%B6%9C%E0%B6%BD%E0%B6%BA-%E0%B6%B8%E0%B7%94%E0%B6%AF%E0%B6%BD%E0%B7%92%E0%B6%9C%E0%B7%9A/pfbid0y6tdb5c9fMkwp7KHuoLxnjFyZra1qzkdt4G329Hp99wmo4R35hn6bKNApdpr9g9il","පරයන්ට පුක දෙන අවජාතකයෙක්"
"Fernando Pdpf","https://www.facebook.com/people/Fernando-Pdpf/pfbid03t4qBSPDTbhH8kxJjXHUFCThNvQg4o6M2EhfDSV6tsv7oxRTaaPgEcYsmH4yih11l","Meka sinhalayage rata kona kapapu Thambi pakooooo"
"Naleen Galwadu","https://www.facebook.com/naleen.galwadu","මොන පොන්න යක්ද මූ. හාමුදුරුවන්ට ටෝක් කරන්නේ. Sinhala😀 ඉන්ට කෙලවලාම යන්නේ බහුතරයක් මේ වගේ ඇයො හින්ද. පොඩ්ඩක් කල්පනා කරලා බලපල්ලා  මුස්ලිම් දෙමළ මිනිස්සු උන්ගේ  ආගමික නායකන්ට සලකන විදිහ. හරිම කණගාටුයි සිංහල මිනිස්සු දැන් නැ ඉන්නෙ ලංසි පැපොල්"
"Madusanka Pramuth","https://www.facebook.com/tharidu.pramuth.2025","තම්බියො ඇරලා යනකන් පැලවත්තෙ ගූ කන සෙට් එක දන්නැ"
"Premasiri Kottachchi","https://www.facebook.com/premasiri.kottachchi.31","ඌ තම්බියෙක්,නැත්නම් ඩෝබියෙක් ,"
"Nawarathna Banda","https://www.facebook.com/nawarathna.banda.144","Oka kareeya"
"Mn Perera","https://www.facebook.com/people/Mn-Perera/pfbid0nD12gSiA7r1FHYsxK3SyTctoqy84nhHATBie5pXwwxBZNHbG8CVTTeYPh1YkWDtEl","ඔබ හරි මතක් නැද්ද ජුස් බාර් පාසල නනගේ රැගුම😂"
"Sanath Rathnayaka","https://www.facebook.com/sanath.rathnayaka.566","Nanaya Gothaya,tho udawalawe sapari yanne kauru akkada,bangalo akata tho yanne lassanai kello dennek akkane puluwannam na kiyapan"
"Shanthi Perera","https://www.facebook.com/shanthi.perera.524596","එල  එල  එල  නියමයි නියමයි කතාව මල් 7යි"
"Indi NG Indika","","ගොන් පකයී සින්හලයාට  කෙලින්නෙ විජාතිකයන්ගේ ජාන ඇති උන්...."
"Bernard Abeydeera","https://www.facebook.com/bernard.abeydeera","Yes"
"Seuwandi Kumari","https://www.facebook.com/people/Seuwandi-Kumari/pfbid0969DTFcwAbbnMZWJ1JG96zqFAAzvovcEEzYUw2PQ5UGGyzq2uPwyC4scS7CU9BVHl","අපේ කාලකන්නි සිංහලයට කෙලවෙනව එදාට කවුරුත් නැතිවෙයි සතුටු වෙයල්ල මෙ බනින අවජාතක පකය බලපිය පාකිස්තානය පෙර බෞද්ධ රටවල් තො දරුවො වන්දි ගෙවයි පල පල කාලකන්නි පකය මෙව අගයන අවජාතක පකය"
"Upul Silva","https://www.facebook.com/upul.silva.54","පල   කල්ලතෝනි කාලකන්නියා යන්න , රට වටේම සිංහල මිනිස්සු මරලා දැම්මා වෙහෙර විහාර ගිනිතියලා දැම්මා   දේපල විනාශ කරා තොපි එකෙක්වත් ඒ වෙනුවෙන් කතා කරාද .  පළ කාලකන්නි  බල්ලා."
"Amanda Rashmika","https://www.facebook.com/amanda.rashmika.253619","නියම දෙමලු.වෙක් මොලය පු. ..ඒ ක් තියෙන  එවන්.  නියම සිංහල බෞද්ධකම කියන්නෙ මේක නෙවෙයි."
"Asanaar Mohammathu Shareefdeen","https://www.facebook.com/asanaar.mohammathu.shareefdeen","ඔව් ඔව් ඔබගෙ කතාව  අැත්ත"
"Wimala Wickramasinghe","https://www.facebook.com/anura.wicramasinghe.7","අමු සිංහල ගොනෙක් මිනිහ පොරක් වෙන්න  තමයි ගොංකම වදහා පාන්නෙ ඇයි බම් උබල ඔච්චරටම වෛර කරන්නෙ උබල මැරෙන්නෙ නැහැ වගේ නෙ කතා කරන්නෙ"
"Sivapragasm Sinmayansndan","https://www.facebook.com/people/Sivapragasm-Sinmayansndan/pfbid0EUNdTSmVY3PjCz1Pr9PAunha2ERzXpx3fZTLDZtmr6J7PNPdDpjETqu1swyCAc2el","Muwa eliyata  danna epa mu awajathaka sakkili pakaya rajapksalata puke dipan pakaya"
"H Munasinghe Gamage","https://www.facebook.com/people/H-Munasinghe-Gamage/pfbid0on5jwUACNk2y8HshLLCKqqs5zBWmGFuR7bCZrv1RAY8TEJ8mwZ5cXLqX1aEKztJSl","මොලේ,යිදිමුන,ම්නිසුන්,සුලුපිරිසක්, බුදුදහමවනසන්න,හදුවට,කිසිදා,එයකල නොහක,ඔයමිනිස්සු,වෙලාවට,බෙහත් අරන්නත"
"Kumudu Kamti","https://www.facebook.com/kumudu.kamti","පාස්කු  පාහරය කරන්න හවුල් උන් එකෙක්  ඔයා"
"Sithum Chandana","https://www.facebook.com/sithum.chandana.18","අන්නේ කැරි පයි කොටෝ තොපිට අම්මට හුකන්න දෙනවනම් ඌ නියමයි.එහෙම නොදෙන එකා හොද නෑ පුලුවන්නම් වේසබල්ලො යන්න කියපියකො පොඩ්ඩක් යාපනෙ පැත්තට තිස්ස විහාරෙ පැත්තට අම්මට හුකවලා එවන්නෙ එහෙනම් එහෙ ඉන්න උන් තොපට කැරි ඌරු හොම්බ ඌරොත් එක්ක හැමනිලා වදපු වේසිගෙ පුට්තා"
"ශක බුම්","https://www.facebook.com/people/%E0%B7%81%E0%B6%9A-%E0%B6%B6%E0%B7%94%E0%B6%B8%E0%B7%8A/pfbid02baBV8Z4uFmNsmzKieyREbqfpfrJwtfbjezy5r4n8fneRmWcfrLiA3EPsc5tbDEZKl","😂😂 මුගේ විදියට හොදම එකා මේ පචයා විතරයි.. අනේ නිකන් පලයන් ගෝතයෝ යන්න.."
"Mohammed Ansar","https://www.facebook.com/mohammed.ansar.787082","ඇත්ත සත්‍ය කතාව 💕🍓❤️❤️🍓🌹🌹"
"Anjana Anjana","https://www.facebook.com/anjana.anjana.507134","හොයලා බලලා කතා කරපන් ඔකා සිංහල කතා කරාට ඔකා සිංහයෙක්ද බං උබත් ඩයස්පොරාවෙ ගු කාපන් සොමිය ටික දවසයි කියලා හිතාගෙන"
"Upl Disanayaka","https://www.facebook.com/upl.disanayaka","කොහෙමද බල්ලො සිංහලයෙක් වෙන්නේ හාමුදුරුවන්ට අපහාස කරන මේ අපතයා තොපි වගේ කල්ලතොනියන්ට හොදයි."
"පිස්සු අප්පුහාමි","https://www.facebook.com/people/%E0%B6%B4%E0%B7%92%E0%B7%83%E0%B7%8A%E0%B7%83%E0%B7%94-%E0%B6%85%E0%B6%B4%E0%B7%8A%E0%B6%B4%E0%B7%94%E0%B7%84%E0%B7%8F%E0%B6%B8%E0%B7%92/100012157932211","කොටි සමරනවෙලාවේ මීක් නැති ඩෝබියෙක්🤣"
"Chanaka Ruwan","https://www.facebook.com/chanaka.ruwan.9655","Munge gen hamuduruwo kiwwe. Ekai hire dnna hadanne. Bike eke inna eka palliyen apu wkwk"
"Rahñayaka Padmasiri","https://www.facebook.com/rahnayaka.padmasiri","තොපි මිනිස්සුද  අනුන්ගේ පු කෙඇගිලිගහන්න කලින් තමන්ගෙ පුකෙ ඇගිලිගහල බලපල්ල ගදයිදකියල"
"Tin Tin","https://www.facebook.com/ajith.kumara.346300","තොපිට සිංහල උනාට අපට පෙන්නේ පත ගොන් තඩියෙක්තොත් එක්ක"
"Dulip Sugathapala","https://www.facebook.com/dulip.prasanna.430497","කොන කපල අල්ලාහු අක්බර් කියන දවස වැඩිදුර නෑ.  පුක උඩ තියාගෙන අල්ලාගාව කොනහෝදගන්න පුරුදු වෙයල්ල"
"Pathmasiri Wijethunga","https://www.facebook.com/people/Pathmasiri-Wijethunga/pfbid034NTdCvTPoyTUimFNw2unrJz9m6qmx9CQojfEomUFegoSXMrx7X5WRbMP1x9mK4uHl","Thope janadhipathi minimaruva katadha samava dhenne kotinta  nam dhei"
"Tariq Jhan","https://www.facebook.com/people/Tariq-Jhan/pfbid02uM1qzJNWJ4oreoxt4H1ccDgVddUxYkVNifA4gD12KQ4tPBDpVF9YgMw9xhYW1LdBl","Menna ratata aadaraya karana minissu👍👍❤️"
"Ananda Wedasinghe Wedasinghe","https://www.facebook.com/anandawedasinghe.wedasinghe","මගෙන්  මල්ටිකක්"
"Priyantha Ranjan Ramanayake","","අනිවාර්යේනිම සුපිරි කොල්ලෙන් පුතා මට ඔය කැරි බලලෝ මට පරෙදි මුනගැසුනොත් මම අතාරින්නෙ නැහැ  ඔයිට හොද සුද්ද සිංහලෙන් අමතන්නෙ මලිමාවට ජයවෙිවා"
"Sunil Katukurundage","https://www.facebook.com/sunil.katukurundage.9","සිංහල බෞද්ධ  ජාතිවාදී ආගමිවාදි  අන්තවාදී ආකල්ප තියන තූරාවට මේ රටතූල හැමෝම Sri Lankanකියන සමගිය සංහිදියාව ඇතිකරනව බොරු!"
"Jeewa Rajapaksha","https://www.facebook.com/jeewa.rajapaksha.1975","පල පොන්නය ජෙප්පන්ට පුක දීපන්"
"Shalika Senadeera","https://www.facebook.com/shalika.senadeera.2025","ඥානසාර හිමියෝ කතා කරේ පන්සල් වල ඉඩම් මුස්ලිම් ජනතාව අල්ලගෙන ගෙවල් හදල සඳකඩ පහනට ෂවර් එක හයිකරලා නානවා පුරාවිද්‍යා වශයෙන් වටිනාකමක් ඇති ස්ථාන තො ගෙරිය අවජාතක උනාට අපිට බෑ අපේ ආගම ජාතිය බල්ලටම දාන්නත් තො වගෙ පොන්නයෙක් වගෙ ඉන්න"
"Ranjith Pushpakumara","https://www.facebook.com/ranjith.pushpakumara.549668","අහෝ තිත්ත ගල්ලේ නොදුටු මොක් පුර"
"Gamunu Disanayaka","https://www.facebook.com/people/Gamunu-Disanayaka/pfbid02tNLRkMJaJxGfPxeaUHEMmXAdE488KVpJocR2mE7cmETUVRtYymr4dgXcmcx5Ww7pl","Niymai niymai bro super"
"Gamunu Disanayaka","https://www.facebook.com/people/Gamunu-Disanayaka/pfbid02tNLRkMJaJxGfPxeaUHEMmXAdE488KVpJocR2mE7cmETUVRtYymr4dgXcmcx5Ww7pl","Super super bro super"
"Geetha Chamari","https://www.facebook.com/people/Geetha-Chamari/pfbid02WoDzLb4SukLCpen616Jzo3vofGbpMrdyYmAahfb5YRp174LPu5qA9gVJaALWjQHWl","Ganaya"
"Janaka Jph","https://www.facebook.com/profile.php?id=100090785637793","මූ අපි ඉන්න තැන් කියුවනම් පුකේ අරින්නෙ පකයට බුද්දාගමට කරන නින්දාවට පොන්න පකයා මාලිමාවට තොගෙ අම්මව දීපන් අවජාතකයා"
"Sathuta DB","https://www.facebook.com/people/Sathuta-DB/pfbid0GKWTzGAQGS3pMx8q4TfNYsBgpV6CLhNAjBLYwZFJLNUqNuc4UTPnUGVxCjFJ28v2l","පොන්නයෙක්"
"Sriya Silva","https://www.facebook.com/sriya.silva.2025","කියනතෝ ⁣ත් පොන්න සිහලයෙක්  ඒ හාමුදුරැවෝ කතා කලේ සිංහයා වෙනුවෙන් ඕයටික තොපි  වෙන රටක කිව්වනම් තොපිව වෙඩි තියලා මරන්නේ"
"Navindu Janitha","https://www.facebook.com/people/Navindu-Janitha/61581113825920","අපෙ සින්හල යො ආගම ජාතිය  වෙනුවෙන් කතාකරන හාමුදුරුවෝට බයිනවා යකො අපි සින්හල මුස්ලිම් රටක සුලු ජාතිය වෙලා ඉපදුනානම් අපෙ උන් මවුලවිලා එකතු වෙලා මැරුවත් මුස්ලිම් උන් කියන්නෙ මවුලවි හරි කියලා උන් උන්ගෙ පැත්ත ගන්නෙ 😂💔 සක්කිලිම ජාතිය මුස්ලිම් අපෙ ගොන්නුන්ට තෙරෙන්නැ"
"Raju Bhai","https://www.facebook.com/people/Raju-Bhai/pfbid02Q9vyoaMZcy4jo2MjvJ9uW1PbSp22qyU1WbmoMKGAWr963tupFy8tZhgGJRGQxRhWl","சூப்பர் 💪💪"
"Mjm Naleem","https://www.facebook.com/mjm.naleem.2025","Super bro super"
"Prasad Harsha","https://www.facebook.com/prasad.harsha.920120","පොන්නය. ගිහින් කතාකරපන් උතුරෙ ජාතිවාදය අවුස්සන උන්ට. කාලකන්නිය"
"Senaka Jayatunga","https://www.facebook.com/senaka.jayatunga","ඔය කැරීයට සමාව දුන්නොත් ජනාධිපතිවරයාට කිසිම සමාවක් නැ චන්ද දායකයන් ගෙන් ඔය වැඩේට හවුල් වෙන්නේ සංග පාතාලය"
"Idunil Prasanga","https://www.facebook.com/idunil.prasanga.12","Aniwa ♥️"
"Miliyan Kaluwella","https://www.facebook.com/people/Miliyan-Kaluwella/61584567026738","නාන සාරට කඩේ යන භික්ෂු ප්‍රතිරූ පකයන් සමූහයක්"
"Rathnapala Subasinghe","https://www.facebook.com/rathnapala.subasinghe.2025","එදා ප්‍රතුගීසීන් මීගමුව පැත්තේ සිංහලයන් කතෝලික ආගමට හරව ගත්තේ පොඩි දරුවන්ව උඩට වීසි කොට ඔවුන්ව බයිනේත්තු තුඩු උල්වල අමුනාගෙන පෙන්වීම වැනි ත්‍රස්තවාදී ක්‍රියාවලින්. එහෙමයි ඔවුන් ඔවුන්ගෙ සර්ව බලධාරී දෙවියන්ගෙ දේවබලය පෙන්නුවෙ. එහෙම බයටම ආගමට හැරිච්ච සින්හලයන් අද සිංහල බෞද්ධත්වය විනාස කරන්න උවමනා කරන අයට එකතු වෙනව.   ඉස්ලාම් කෝරානයෙ උගන්නන්නෙත් මුස්ලිම් මිනිසුන්ගෙ ත්‍රස්තවාදී ක්‍රියා තුලින් ලෝකයම මුස්ලිම්කරණය කර ගැනීමයි. අල්ලා දෙවියන්ට ඒක තනියම කර ගන්න බැරි නිසා වෙන්නැති.   අදය කියල වෙනසක් නෑ. කාදිනල් මැල්කම්ලගෙ වැඩවලින්  අදත් පේන්නෙ ඒ තත්වයමයි. මේ දෙගොල්ලන්ට දැන් එකතු වෙනව කුල හීනමානයෙන් පෙලෙන සිංහලයො කීප දෙනාත්. මාලිමා ඩෝබිල හැටියට ඔවුන් කහ සිවුරක් දකින දකින වෙලාවලට කුණුහරුප කිය කියා කෑ ගහනව."
"Suresh Kumara Veyangoda","https://www.facebook.com/suresh.kumaraveyangoda","බල්ලෙක්ට සහ බැල්ලියෙකුට දාව උපන් අමන වල් සක්කිලි ගූ කන ඩෝබි වහලෙක් තෝත් ඒවගේම ගූ කන බල්ලෙක්"
"Nadeeka Priyadarshani","https://www.facebook.com/people/Nadeeka-Priyadarshani/pfbid02oowMyh6CjCjqNWiSaard3AutZ2RktTMYwhBX6HDPhHxRbVNzXCnBBFZtTER8w1Bol","ඔබ හරියට හරි ,ඔබ වැනි චරිත් රටට සම්පතක් .♥️♥️♥️🌷🌷🌷"
"Rosita Perera","https://www.facebook.com/rosita.perera.73","Chanasarayawa wiswasana na"
"Bm Kandy","https://www.facebook.com/people/Bm-Kandy/pfbid0nQo82LDpP7awXdf3ehkB8o5bzJozcnzrfKTJt3KsfvDBy1KjhG6Athm69jAfVX2rl","උබනියමමහත්තයෙක්. ග. ඔයවගෙගනයෝමෙරටින්මපන්නලාදාන්ට, ඔන"
"Sumith Chandrasekara","https://www.facebook.com/people/Sumith-Chandrasekara/pfbid0nm7FnnxoDfGX3oPkqL1C8jDFtGXgiLCH9AS6vmxxcNzZnEH69uHfFdPUxSqeN6v9l","අපි චන්දෙ දීලා බලයට ගෙනාව මාලිමා ආන්ඩුව අපිටම එපා වෙයි නානසාරට ජනාධිපති සමාවදුන්නොත් ඔය බත් බූරුවො පෙස්සන් අරන් එන්නෙ රාජපක්කලාගේ අසූචි කන්ට නාන අසාර හොර කහකඩයා සාසනෙනුත් එලවන්න ආගන්වාදියා ජාතිවාදියා"
"Ranga Kalum","https://www.facebook.com/ranga.kalum.2025","ඔයාලාගෙ එකෙක් නෙද බුදුන්ටත්  අපාහස  කරෙ  එක පෙනුනෙ  නැද්ද"
"සෑම් කරල්ලියද්ද","https://www.facebook.com/euuyd3szzy","තම්බි මේ දවස්වල සතුටින් ඉන්න හේතුව දන්නවා ද?"
"Kavin Kavin","https://www.facebook.com/people/Kavin-Kavin/pfbid034PfJR9kv2AckXxmrQ2Gfm2K4mL8imQQBsuAbJZno5vAtD1twUdT3LyvurfAn3kK4l","Super bro kandy"
"Indika Arunajeewa","https://www.facebook.com/indika.arunajeewa.498367","නියම ගොන් හු,,,,,,,ක් හමුදුරු වන්ටනේ බනින්නෙ අපි වගෙ එකෙකුට බැනපන්ක්ක් හු,, ,ලා ගන්නෙ"
"Saman Enginering","https://www.facebook.com/saman.enginering","මේ කහ කඩේ ඉන්නවානෙද මූ දස කුපාඩියමු හොඳේ"
"Kapila Abeywickrama","https://www.facebook.com/kapila.abeywickrama.2025","ඤාණසාර ට උල තියන්න ඕනෙ කැරියා.Dr.සාපිට කරපු අපරාධයම ඇති  කාලකණ්නියා ට."
"Nishantha Kumara","https://www.facebook.com/nishantha.kumara.895452","තම්බියො ඔහොම සිංහලයව මුරුංගා අත්තේ තියල තමයි දිය රෙද්දෙන් බෙල්ල කපන්නෙ,,,"
"Sampath Max","https://www.facebook.com/people/Sampath-Max/100073512720486","පු... කේ... සිංහල... පට්ට ඩොබියෙක්"
"Sirimal Ekanayake","https://www.facebook.com/people/Sirimal-Ekanayake/pfbid08ELoTbpbzYP6LHHVzLZYHKvyxypUVVUjGvFZKYSqE2m39sKGusBxrWDKHXatFWRBl","නියමයි"
"Naleen Abegunawardhana","https://www.facebook.com/naleen.abegunawardhana","Oka gon puta bana danna naha bana talanna vitariy danne"
"Juhar Nawas","https://www.facebook.com/juhar.nawas.2024","Godak durata ney.dunnoth janadipathima thamai ewawata wagakiyanna ona."
"Chamintha Lakmal","https://www.facebook.com/chamintha.lakmal.1","පල පල ගෝතයා"
"Uparathna Abeywickrama","https://www.facebook.com/uparathna.abeywickrama.3","අනිවාර්යයෙන් පිස්සු බල්ලො බැඳ දැමිය යුතුයි."
"Ganeshan Max","https://www.facebook.com/ganeshan.max.7","එළියට ආවොත් ඔක්කොම කණපිට හැරෙයි 👍🏼👍🏼"
"Shiran Muthukumarana","https://www.facebook.com/shiran.muthumala","මරේ මරැ පුතා මුන්ට ඔයවිදියටතමයි කතාකරන්න ඔිනා 👍👍👍👍 Dinuka Chamara de Silva Saranga Chamikara Dewasurandra priyantha gamage Arachchige Sameera Amith Krishantha"
"Charith de Silva","https://www.facebook.com/charith.desilva.142","පල ගොබ්බය යන්න තොපි නියම සිංහල නම් පොන්නයො වගෙ තිලීපන් සමරනකොට කටයි පුපයි වහටගන ඉන්නවද අපතයො.අඩුම ගානෙ තෝ දන්නවද හාමුදුරුවො හිරේට ගියේ ඇයිද කියලා.හරි සිංහල එකෙක් හිට්යා නම්  කන පැලෙන්න දීලා එලවන්නෙ.ඉදිරියෙදි ඒක බලාගන්න පුළුවන් අවජාතක බල්ල"
"Anushi Amasha","https://www.facebook.com/anushi.amasha.2025","Paw me laduru kareyo"
"Madawela S B Madawela","https://www.facebook.com/people/Madawela-S-B-Madawela/61584057459932","සිංහල ජ්ව්ප් තම්බියෙක් මේ බල්ලෝ"
"Dananjaya Thilakarathna","https://www.facebook.com/dananjaya.thilakarathna.106054","නියමයි"
"Sriyani Perera","https://www.facebook.com/malki.umasha.39","නියමයි"
"Malkanthi Malkanthi","https://www.facebook.com/people/Malkanthi-Malkanthi/61572959055299","දැන් ඔය පෙනේ ඇතුලෙන් හිටියට එලියට ආව ගමන් ජනාධිපති තුමාට දෂ්ඨ කරනව"
"Nanda Shantha","https://www.facebook.com/people/Nanda-Shantha/pfbid0vy3fVFjith3MNVRhh74zhVEkrggyDZyuNEa9K1A4nveNpdEQYdKXztBzLpnugLb4l","මම   කමෙන්ට්    එකක්   දාල    තියෙන්නෙ    අනුර    ජනාධිපති    ව¿රදීමකින්   හරි   සමාව    දුන්නොත්    ඊට    පහුවදා    ඉදලම    ජනාධිපතිතුමාට      මඩගහනවා    ඒ   වගේ    තිරිසනෙක්   මම   ඕකට    හාමුදුරුවෝ    කියන්න¿    කවදාවත්ම"
"Jude Anthony","https://www.facebook.com/jude.anthony.5099","Very true 🫡👍💪"
"Dayarathna Bandara","https://www.facebook.com/people/Dayarathna-Bandara/pfbid034tiAopss8QrMLK3XTUUJBAaojMY2AxbZ9iDw6UFDYDxQg2C9TwZmGwFnyYUeqp9hl","කල්ලතෝනින්ට   මොන රටක්ද,.. ජාතියක්ද ,..ආගමක්ද...  බඩ කට පුරා වෛරය,ක්‍රෝධය ..."
"Chethiya Thuduwa","https://www.facebook.com/people/Chethiya-Thuduwa/pfbid0CW96UgxLJTZvKdvpkV4ND6PKCyPvm8yKNmobAQAc6hJCaLRu3nRXdpQJkBCgunTGl","U.neyama.manusayak"
"Herath Madagedara","https://www.facebook.com/people/Herath-Madagedara/pfbid0M9k1hYTCJSiiVW8NSzCD7XHAhWMFr2DaJJhxzqMRJkkhHESxxFfbRqq7LbMLkTdel","අනේ පල පොන්නය.හාමුදුරුවො හිරේ යන්නෙ කුරානයට අපහාස කලා කියලලු. එතකොට බුද්ධාගමට කරන අපහාස තොට පේන්නෙ නැද්ද ගොබ්බයා"
"K Anna Suresh","https://www.facebook.com/k.anna.suresh.389250","Vary bad guy"
"Priyantha Senadeera","https://www.facebook.com/people/Priyantha-Senadeera/pfbid0c7rTcYqhv1EYhPwVNYvwR2NRZbYQ5ayaxLaNdu3ry48iVXAFbW9NNRLCc4ns5buZl","රට කන සංග පරයෝ.... දහමත් නැති කරනවා ....පර බල්ලො"
"RB Daya","https://www.facebook.com/people/RB-Daya/pfbid02dNUdi6qfr1N7w6wm4MubN6txCBnQYfu6aNwCeceCncdnfCKxR4EzG42cUAR7xg98l","ඇයි එ්කට ජනාදිපති සමාව දෙන්නේ  පර බල්. ට අපේ අම්ට කියපුදේවල් මතකයි  කොටියා උගුලෙන් ගැලෙව්වට පස්සේ කරපු දේ මතකද එහෙනම් ඔකව දමන්නම ඔනා හිර ගෙදරට"
"Cas Disanayaka","https://www.facebook.com/people/Cas-Disanayaka/pfbid02NAPQo9r1QbGp4zrVR6fRsPyweQz7v3n79wdaBbJZgEerC444dNR5vtC3ie5p5XwNl","Niyamai සහෝදරයා .respect"
"Nissanka Rathna","https://www.facebook.com/nissanka.rathna.7","ඇයි ලංකාව ට කරපු  හානිය  මොකද්ද  කුරැස පල්ලිය ට බොම්බ  ගහාලා   දෙතුන්  සියයක් මැරැවේ හාමුදුරුවෝ ද"
"Priydarasan Perera","https://www.facebook.com/people/Priydarasan-Perera/pfbid08h6hgVNVHC7hYoBdfwVEnNgUmZB8bSoT8PveEkNDrANQhuws7wGUvDdM7chKRpsAl","පල පොන්න පකෝ  රටට  අාදරේ  තොගේ  අමිමගේ   කිමිබ  පොන්න  පකයා  රටට  කොහේද  පොන්න පකයෝ  ජෙවිපි  පොන්න පකයෝ අාදරේ  කරේ  රට ගිණිතියලා  රටෙි  මිනිස්සු  වෙඩි තියලා  මරපු   කාලකන්නි  අවජාතක  මිණි මරැවෝ  රටෙි බලය ගත්තෙත්    ජනතාව කුපිත කරලා  වෙෙයිරය  පතුරවලා  අවජාතක  මිණිමරැ  අරගලයේ  පිහිටෙන්  නේ  පොන්න  පකෝ  මතක තියාගන පොන්න පකයා  කසාවත  සමග  ගැටෙන  උන්ට  අනාගතයක් නැහැ පොන්නයෝ  මෙි  තෝ  කියන  රටට අාදරේ  පකයාට  තව  කාලයකින්  තනියම  කන්න වෙිනවා   එදාට  තො පොන්න පකයාවත්  අනුර කුමාර  කියන  නරැමයාවත්  උගෙ  සනුහරෙවත්   බලයේ  නැතිවග  පොන්නයා  රටට  අාදරේ  මොකද්ද  පොන්න පකෝ  ඔය රටට  අාදරේ  කියන  තේරැම  කියපිය  අවජාතක  පකයා  තොගේ  අමිමා  වටෙිම  අල්ලා  තොවගේ  කැරි පොන්න පකයෙක්  බිහිකරාට  තොට තනි  තාත්තා  කෙනෙක්  නැති  නිසා  අවජාතකව  ඉපදුන නිසා  රටට  අාදරේ  එකෙක්ලු  හාමුදුරැවන්ට  සද්දේ දාන්නේ  මතක තියාගන  පොන්න පකයා  කසාවතට  කෙලවන්න  අාපු  අවජාතක  රටෙි  පවට  උපන්  ජෙවිපි  නොහොත්  මාලිමා  අමනයන්ට  උන් ගේ  අමු  ගු උන්ටම  කවන  දවස්  තව  වැඩි  අැතක  නැහැ කැරි පොන්නයා"
"Mano Dissanayake","https://www.facebook.com/people/Mano-Dissanayake/61572210440915","හම්බයන්ට හොඳයි... අරූගෙත් කොන කැපුව නම් හරි"
"Sonali Adikari","https://www.facebook.com/people/Sonali-Adikari/pfbid0ngrDrtXb1javsP7qrtVm7PTnqwUwFfpr4czC7G5n3v6gHJnK3oWd8GMw7edRSxual","ලැස්තිවෙලා යමල්ලා ආය සිවුර ගලවලා කණත් අතගාලා යවන්න"
"Garu Sinha","https://www.facebook.com/garu.sinha.2025","පලයන් ගෙරි හමිබයා යන්න... ඥානසාර හාමුදරැ  කියන්නෙ සිංහලය වගේම අහිංසක මුසිලිමි වෙිනුවොන් පෙනී සිටිය කෙනෙක්.. මතක තියා ගනිමි.. තොපි මුස්ලිමි..තෙොපෙ ආගමෙින්ම තොපි අන්තගාමි කරල තියෙන්නෙ.. කැරි හමිබ පගයට කියන්නෙ..තොපි තොපෙ සීමිවෙි ඉදපං.. මොංගල් සිංහල හැත්ත ඔබ චුන් කරාට සයිලන්ටි එකෙ ඔබල.දිහා හොදින් බලන් ඉන්න සිංහලයො ඉන්නවා..ඥානසාරට විරැද්ද වෙින්ක කලින් බුර්කාව සහ අඩු වයසින් ලමයි කසාද බදාන එක නවත්තපං.."
"Champika Somaweera","https://www.facebook.com/champika.somaweera.2025","Garu Sinha නානසාරයා දාන්න පරක්කු ඇයි....ඉක්මන් කරපල්ලා"
"Waruna Liyanage","https://www.facebook.com/waruna.liyanage","හම්බයන්ට හොදයි ඉතින්. මේ කොනකපාලය එනවද අපිට සංහිදියාව ගැන කියල දෙන්න 🤮"
"Muzzamil Zeenathul","https://www.facebook.com/people/Muzzamil-Zeenathul/61584369536134","Ela ela"
"Amidhu Sadharuwan","https://www.facebook.com/noty.amidhu","Ane haa.. 😅😅 පල්ලි ගිහින් ඌරෙක් කාලා නිදාගනින් හම්බයො"
"Teckla Chooty","https://www.facebook.com/people/Teckla-Chooty/pfbid0XCNtxmxq9xPsg51DwmCMJCytP6n4e3xaCWRdPVXWKqD2jb5LqxeMiYWRNV1wjhxRl","සුපිරි කොල්ලෙක්"
"Damith Perera","https://www.facebook.com/people/Damith-Perera/pfbid02U7bmqnZbywzHrR1s7hByw2dGTwdoShtxia35kKDwgroi3svJ7MyQoAbDDAER3iKDl","මටන්ම් සක්කිලියෙක් අවජාතකයන්"
"Gayani Perera","https://www.facebook.com/gayani.perera.503280","කල්ලතෝනිටයි හම්බයොන්ටයි හරි අමාරුව මේවටත් කතාකරපල්ලා තොපේ කටවල් වැහිලා මේවට සක්කිලි. තමන්ගේ ජාතියටම ගරහන කාලකන්නී"
"Irann Krishantha Rukmal Jayathilake","https://www.facebook.com/waikrj","ඌරෙක් කැකුණ තලනවා"
"Praveen Kandambi","https://www.facebook.com/praveen.kandambi.35","ඌ සිංහල තම්බියෙක්"
"Akila Chathuranga Rathnayake","https://www.facebook.com/akilchathu123","නියම සිංහලයෝ කොහෙද හුත්තො තමන්ගේ ජාතිය පාවලා දෙන්නේ"
"Saman Veeratunga","https://www.facebook.com/people/Saman-Veeratunga/pfbid033R6AgwAZHbcvzaciiinacPBWLRsZHWqqDZo6nbKgD563vjQexwP9XmVL2jn29PZvl","Yako.hamuduruvo.sinhalaya.maranda.kata.kale.ne.kela.vena.eka.pennala.dunna"
"濾紙 義派に","https://www.facebook.com/lu.zhi.yi.paini","පුක දෙන් නැතුව හිටපන් පොන්නයා  කැරි නිගන්ඩ යා"
"Ranji Wicrama","https://www.facebook.com/people/Ranji-Wicrama/pfbid02KyvRWTrzMRhwFoLJJfPN4aovNymsh23LC9gnHhxSzmM9dbWUf4ncszTBJsKNjQKvl","Moota  janadipathi thuma kiss sarawak den ne  guru adikarana  neethiyata piton me janadi pathi  yonne ne."
"Farzan Farook","https://www.facebook.com/farzan.farook.3","They will sort out the problem"
"Agr Mawella","https://www.facebook.com/people/Agr-Mawella/61586196357842","මේ තියෙන්නේ මුස්ලිම් ත්‍රස්ත වාදීන්ගෙන් සහතික ගන්න තිබුනෙ සිංහල ව්‍යාපාරිකයන්ට.      අන්න ඒ තත්වය වෙනස් කලෙ ඤාණසාර හාමුදුරුවෝ."
"සෙනෙහසේ තෝතැන්න","","නියම සිංහලයෙක් නෙමෙයි බන් කල්ලතෝනි නපුංසක ජෙප්පෙක්. තොපි කවුද යකෝ හාමුදුරුවන්ට ඔහොම කතා කරන්න. තොපි වගේ පඟරනැට්ටන්ට වැඩි ආයුෂ නෑ"
"Kapila Roshan","https://www.facebook.com/people/Kapila-Roshan/pfbid02q1WEpnre6dft4CzqiZk747LGTDexDPYPXW8X4UbSAN97DPAKjWTDxpsyCJzarspfl","තම්බි හුන්ඩුවන්ට හොදයි තමා කොන කපාගෙන ඉන්න එවුන් ගෙ අන්තවාදය ගැන නෙ කිව්වෙ"
"Nishan De Silva","https://www.facebook.com/nishande.silva.1485","සිංහල ජනතාව බහුතරයක් ආගම්වාදය,අන්තවාදය ප්‍රතික්ෂේප කරමින් යන්නේ..මුන්ට රැවටිලාම . ඒත් තාම ඉන්නවා මුස්ලිම් හා දෙමල කොටසක් ආගම් අන්තවාදය හා බෙදීම වෙ හැම වෙලේම ඔළුවේ තියාගෙන් ..ඔවුනුත් මේ මාර්ගයටම ආවා නම් ඇත්තටම ගලබොඩ නානලාට/සහරාන්ලට ආය මේ රට ගිනි තියන්න බෑ"
"Bonuga Weeramara","","Tho awilla melo hasarak therenne nethi gotha ponnayek"
"Prasath Pran","https://www.facebook.com/prasath.pran","Nanasara  කියන්නේ  Rata විනාශ  කරපු  කිසිම  විනයක්  nethi jada Padhada Sakkiliyek ?  කිසිදු  samawak දිය  නොදිය යුතුයි ?"
"Susantha Kumara","https://www.facebook.com/people/Susantha-Kumara/100024322210664","නියම සිංහල නම් හුත්තො යාපනෙට ගිහින් අර පිලිම හිටවන කොට ඔහොම කැහ ගහන්න කියපියකො සක්කිලි පකය"
"Buddhi Gaminda","https://www.facebook.com/buddhi.gaminda","සිංහලයා අවන්ක නිසා තමයි මේ තරන් කෙලවෙලා තියෙන්නේ අන්ය ආගමිකයන්ගෙ වීඩියෝ මෙහෙම එලිපිට එලියට එන්නෙ නෑනේ"
"Saman Senanayaka","https://www.facebook.com/people/Saman-Senanayaka/pfbid02SCCuP4jV3XxDTMoCqqYDL1c9hBcEikETEYe1LoJeeQ2hUPHeJ2VPefzUBsp6ECfol","අම්මගෙ හුත්%$# සිංහල ... කාලකන්නි අවජාතක ජේවීපී බල්ලෙක්"
"Jayarathna Vidanagamage","https://www.facebook.com/people/Jayarathna-Vidanagamage/pfbid025YAraZeizTm2at3AjEiCQ319nnJvT1WydKLUDhNU4qCxrWPYXM91fNHFv8U4vAM7l","දාපන් vediyo බලන්න"
"Nimesh Harshana","https://www.facebook.com/nimesh.harshana.902495","Tho  ekenma  awajathakayek"
"Shiraan Polgolla","https://www.facebook.com/shiraan.polgolla","Yako උබ මුස්ලිම් නේ අපි බලාගන්නම් අපේ ආලමේ දෙවල් උබේ පකේ ටොක් එපා හරිද"
"Roshan Kasturi Arachchi","https://www.facebook.com/people/Roshan-Kasturi-Arachchi/pfbid03A8XcrCroam2EvKkw9E6wWBCMcBTEHbLcLcet2ZzSeuZRqSpYb3FZ1yfAWYqaXAxl","මෝඩ තිරිසන් ජෙප්පො"
"M.U. Kandy Suddh","https://www.facebook.com/people/MU-Kandy-Suddh/61555935383654","අනේ හුකේ .කල්ලතෝනි  අාගම්කාරයින්ට මෙයා බාදාවක් වුනට.සිංහල ජාතියට විරයෙක්. තෝ සක්කිලිබල්ලෝ බුරන්නැතුව හිටු.කතාවෙන් පේනවා මේකා මොනජාතිකයෙක් ද කියලා.මතකතියාගනින් අපේ ජන්දය අායේ රටජාතියට අාදරේකරනඅයට විතරයි. මේකේ බුරන තොපිටත් එදාට වෙනසක්වෙන්නපුලුවන්.😃😃😃"
"Kalaha Wijerathne","https://www.facebook.com/people/Kalaha-Wijerathne/pfbid02FifoQPW8gkh2F8zmxPxypJwEmRZeb7cZHyDvBHrHAVWzmnUg42MCnmJM4F4JHRpVl","ඉස්සර ඇෆ්ගනිස්තානයේ බංගලිදේශයේ ඉන්දුනීසියාවේ එවුනුත් මෙහෙමලු. ඒ මදිවට ගෑනිවයි ඇඳයි තම්බින්ට දීලා අඟුපිලේ නිදාගන්න එවුන් පුකත් දෙනවලු. 😄🐷"
"Ruwan Thissa","https://www.facebook.com/ruwan.thissa.549","මේකා බාගෙට සිංහල කල්ලොතුනි.මුන්ට තේරෙයි තම්බිලා දෙවිලු පුගෙ arinakota"
"Lili Safron","https://www.facebook.com/people/Lili-Safron/pfbid0229bKXm8PvkDB6K29m5dmGaHHS39mx68Qbb7bZjskT5oc7oS73PBfCUxN6nRs1Vidl","Sinhalayonge vitarai jathi wadi neththe .demalu jathiwadiyo.thambi jathiwadiyo."
"Mohd Mohd","https://www.facebook.com/mohd.riyal.7","Very Very very good"
"Shirley Kamal Munasinghe","https://www.facebook.com/shirlykamal.munasinghe.9","අනේ බල්ලො තෝත්jvp බල්ලන්ට කියල පුකේඅැරගන්න පොන්නයෙක් නේද"
"Niroshan Niroshan","https://www.facebook.com/people/Niroshan-Niroshan/100091467308399","උඹ තම්බි යන හ***** පාඩුවේ හ***** එපා ඉඳපන් අපි බලාගන්නම්"
"Nadith Priyantha","https://www.facebook.com/people/Nadith-Priyantha/pfbid02hGYNgPW3jNXbui35DSUePYFCU51UK28SiGEEE6vJaMePPcC5PVxNX46xZHc11qijl","Sharanla bomba gahaddi thopi balan hitapu un meka baudda rata kallathoni unge nemai"
"Chamindu Jayalath","https://www.facebook.com/profile.php?id=100007132458569","මෙයා එලියට ආවොත් මොකක් වෙයිද කියලා බයක් ඇති කරන්න එපා. මොක්ද මෙයාට නිදහස දුන්නෙ මයිත්‍රි 2019. මෙයා එලියෙ තමයි මෙච්චර කල් හිටියෙ. අනීක අත්සන් එකතු කරන්නෙ අධිකරණයෙන් සමාව ඉල්ලලා නෙවෙයි. ජනාධිපති සමාව ඉල්ලලයි."
"Madusa Nuwan Kumara","https://www.facebook.com/people/Madusa-Nuwan-Kumara/100087019326507","🦧🦍🦍🦍🖕🖕🖕🖕🖕🖕🖕🖕🖕🖕🖕🖕🖕🖕🖕🖕🖕🖕🖕🖕🖕🖕🖕🖕🖕🖕🖕🖕"
"Nt Ruksh","https://www.facebook.com/nt.ruksh","තම්බියා බොම්බ ගහනකොට මේ වගේ කතා කරපු එක උරු තම්බියෙක් පෙන්නපල්ල, දෙමල මිනිස්සු මරනකොට මේවගේ කතා කරපු එක දෙමලෙක් පෙන්නපල්ල🤣🤣🤣 සිංහලයා මෝඩයා කියන්නෙ නිකංද"
"Shantha Nawagamuwa","https://www.facebook.com/shantha.nawagamuwa.2025","මේකෙ කතාකලේ සුද්දගෙ ජානතියෙන එකෙක් ඌ දන්නෙනෑ ඌ කෙලවන්නහදන්නෙ තමන්ගෙජාතියට.කියල බලාගෙනහිටපල්ලකො සිංහලයට මොකද වෙන්නෙකියල හොයලබලපල්ල සිංහලබාසාවටයි   ජාතියටයිමොකද වෙන්නෙ කියල වදවෙන ජාතියක්හැටියටයි වදවෙනබාසාවක් හැටියටයි ලෝකෙ කි්වෙනිතැනද අපි ඉන්නෙකියල......."
"Dilip Chathuranga","https://www.facebook.com/dilip.chathuranga.977955","Isis කාරයෝ"
"Sujeewa Nishantha","https://www.facebook.com/sujeewa.nishantha.869412","Gobbayek"
"Amith Nishshanka Nishshanka","https://www.facebook.com/amith.nishshnka","මෙකෙ කොමිට් දාල තියෙන සිංහල උන් කවලම්ද හම්බයොන්ට කොමත් ඇලජික්නෙ එ හමුදුරුවො"
"Sashi Surendra","https://www.facebook.com/sashi.surendra.3","දැං උතුරෙත් ගෙම ඉල්ලනවා නේද ලෙසටම තොපි කඩේ ගියාට නියම සිහලයා වැඩි දවසක නැ කට අරිනවා එදාට කට පුක වහගෙන දුවපල්ලා"
"Mala Vithana","https://www.facebook.com/mala.vithana.2025","[Sticker]"
"Benat Sudasingha","https://www.facebook.com/benat.sudasingha","සමාජයෙ වෙන දේ හෙලිදරවි කලාම තෝ මොනවද බල්ලො කියන්නෙ....කාලකන්නිය"
"ඇනෝනි විසල්","https://www.facebook.com/naleen.madusanka.146","උබ පල්ලියෙ වැරදි හොයපං මේව වැරැද්දක් තියෙන නිසා තමා එයා පෙන්නලා දුන්නෙ ආ කියපංකො ආගමෙන්ම හොයලා බලලා  අන්ත,වාදයක් නැද්ද කියලා අනුන්ගෙ ප,,යිවලල් ඇදද බලන්නෙ 😡😡😡😡"
"Sattar Aboobucker","https://www.facebook.com/people/Sattar-Aboobucker/pfbid02oxEjdroySg9pGabWRvCRGmKvq3dPXPKbf8ZHJBepxLFnsgaGW7jbxug5gQ34Z3hEl","[Image Attachment]"
"Za N Jay","https://www.facebook.com/marine.jayawardhane","ඵලයන් httpto යන්න.උඹලට වාසි දෙයක් වෙනවනන් අම්මෝ නියම සිංහල බෞද්ධයා.කෙළවෙන සීන් එකක් උනොත් ජාතිවාදියෝ 😅 පk ලොජික්.මරු බඩු මුන්.."
"Siril Jayaratne","https://www.facebook.com/people/Siril-Jayaratne/pfbid02BteQAN8KJqmpp1AqXamqP3CJxcRyMzKPNiBL4M2NBQjMxrWuYxkuKL9iFakFKrsDl","[Sticker]"
"Dayananda Dayananda","https://www.facebook.com/dayananda.dayananda.71619","මාලිමවට ජයම වෙිවා කියන්නේ එකයි"
"Maduwantha Udayakumara","https://www.facebook.com/maduwantha.udayakumara.142","[Image Attachment]"
"Maduwantha Udayakumara","https://www.facebook.com/maduwantha.udayakumara.142","[Image Attachment]"
"Maduwantha Udayakumara","https://www.facebook.com/maduwantha.udayakumara.142","[Image Attachment]"
"Chaminda Ranawaka","https://www.facebook.com/chaminda.ranawaka.318196","[Image Attachment]"
"Chaminda Ranawaka","https://www.facebook.com/chaminda.ranawaka.318196","[Image Attachment]"
"Chaminda Ranawaka","https://www.facebook.com/chaminda.ranawaka.318196","[Image Attachment]"
"Chaminda Ranawaka","https://www.facebook.com/chaminda.ranawaka.318196","[Image Attachment]"
"Chaminda Ranawaka","https://www.facebook.com/chaminda.ranawaka.318196","[Image Attachment]"
"Chaminda Ranawaka","https://www.facebook.com/chaminda.ranawaka.318196","[Image Attachment]"
"Chaminda Ranawaka","https://www.facebook.com/chaminda.ranawaka.318196","[Image Attachment]"
"Chaminda Ranawaka","https://www.facebook.com/chaminda.ranawaka.318196","[Image Attachment]"
"Chaminda Ranawaka","https://www.facebook.com/chaminda.ranawaka.318196","[Image Attachment]"
"Chaminda Ranawaka","https://www.facebook.com/chaminda.ranawaka.318196","[Image Attachment]"
"Chaminda Ranawaka","https://www.facebook.com/chaminda.ranawaka.318196","[Image Attachment]"
"Chaminda Ranawaka","https://www.facebook.com/chaminda.ranawaka.318196","[Image Attachment]"
"Chaminda Ranawaka","https://www.facebook.com/chaminda.ranawaka.318196","[Image Attachment]"
"Chaminda Ranawaka","https://www.facebook.com/chaminda.ranawaka.318196","[Image Attachment]"
"Chaminda Ranawaka","https://www.facebook.com/chaminda.ranawaka.318196","[Image Attachment]"
"Chaminda Ranawaka","https://www.facebook.com/chaminda.ranawaka.318196","[Image Attachment]"
"Chaminda Ranawaka","https://www.facebook.com/chaminda.ranawaka.318196","[Image Attachment]"
"Chaminda Ranawaka","https://www.facebook.com/chaminda.ranawaka.318196","[Image Attachment]"
"Saman Padukka","https://www.facebook.com/anoma.damayanthi.35801","නියම සිංහලයෝ... හාමුදුරුවෝ මැද්දට.. පැනලා...  බූරුවෙක් වගේ..කෑ............ ....ගහන්නෑ....    බං......."
"Mohammed Liyaudeen","https://www.facebook.com/mohammed.liyaudeen.2025","Pattay bro"
"Prabath Wijekoon","https://www.facebook.com/prabath.wijekoon.347469","Great"
"Naslim Abdullah","https://www.facebook.com/people/Naslim-Abdullah/pfbid035KHPNfLFrJ3ZSAU3b27a3txbf9YkcpjMBJ46w9qFqSTTbJfBEzkwNkxD7xRuqmcAl","👍👏"
"Naslim Abdullah","https://www.facebook.com/people/Naslim-Abdullah/pfbid035KHPNfLFrJ3ZSAU3b27a3txbf9YkcpjMBJ46w9qFqSTTbJfBEzkwNkxD7xRuqmcAl","👌 super"
"Daisy Rodrigo","","Super"
"Nimal Premathilaka","https://www.facebook.com/Oshila.Sathanjaya.184","Super"
"Fawsan Fawsan","https://www.facebook.com/people/Fawsan-Fawsan/pfbid02BWhFes4iYpMXw6o8h8fZ6uWMSXuGTPGHH97ZLjEcypTqUwuborSMWTY26PR5kiVBl","සමවදැන්නාඇප"
"Fawsan Fawsan","https://www.facebook.com/people/Fawsan-Fawsan/pfbid02BWhFes4iYpMXw6o8h8fZ6uWMSXuGTPGHH97ZLjEcypTqUwuborSMWTY26PR5kiVBl","තසරකැරිය"
"Fawsan Fawsan","https://www.facebook.com/people/Fawsan-Fawsan/pfbid02BWhFes4iYpMXw6o8h8fZ6uWMSXuGTPGHH97ZLjEcypTqUwuborSMWTY26PR5kiVBl","ඔයහොදයි"
"Kanoos Deen","https://www.facebook.com/profile.php?id=61578577246664","🌹♥️👍"
"Kanoos Deen","https://www.facebook.com/profile.php?id=61578577246664","❤️"
"Chaminda Ranawaka","https://www.facebook.com/chaminda.ranawaka.318196","[Image Attachment]"
"Chaminda Ranawaka","https://www.facebook.com/chaminda.ranawaka.318196","[Image Attachment]"
"Chaminda Ranawaka","https://www.facebook.com/chaminda.ranawaka.318196","[Image Attachment]"
"Chaminda Ranawaka","https://www.facebook.com/chaminda.ranawaka.318196","[Image Attachment]"
"Chaminda Ranawaka","https://www.facebook.com/chaminda.ranawaka.318196","[Image Attachment]"
"Chaminda Ranawaka","https://www.facebook.com/chaminda.ranawaka.318196","[Image Attachment]"
"Chaminda Ranawaka","https://www.facebook.com/chaminda.ranawaka.318196","[Image Attachment]"
"Chaminda Ranawaka","https://www.facebook.com/chaminda.ranawaka.318196","[Image Attachment]"
"Chaminda Ranawaka","https://www.facebook.com/chaminda.ranawaka.318196","[Image Attachment]"
"Chaminda Ranawaka","https://www.facebook.com/chaminda.ranawaka.318196","[Image Attachment]"
"Chaminda Ranawaka","https://www.facebook.com/chaminda.ranawaka.318196","[Image Attachment]"
"Chaminda Ranawaka","https://www.facebook.com/chaminda.ranawaka.318196","[Image Attachment]"
"Chaminda Ranawaka","https://www.facebook.com/chaminda.ranawaka.318196","[Image Attachment]"
"Chaminda Ranawaka","https://www.facebook.com/chaminda.ranawaka.318196","[Image Attachment]"
"Chaminda Ranawaka","https://www.facebook.com/chaminda.ranawaka.318196","[Image Attachment]"
"Chaminda Ranawaka","https://www.facebook.com/chaminda.ranawaka.318196","[Image Attachment]"
"Chaminda Ranawaka","https://www.facebook.com/chaminda.ranawaka.318196","[Image Attachment]"
"Chaminda Ranawaka","https://www.facebook.com/chaminda.ranawaka.318196","[Image Attachment]"
"Chaminda Ranawaka","https://www.facebook.com/chaminda.ranawaka.318196","[Image Attachment]"
"Chaminda Ranawaka","https://www.facebook.com/chaminda.ranawaka.318196","[Image Attachment]"
"Chaminda Ranawaka","https://www.facebook.com/chaminda.ranawaka.318196","[Image Attachment]"
"Chaminda Ranawaka","https://www.facebook.com/chaminda.ranawaka.318196","[Image Attachment]"
"Chaminda Ranawaka","https://www.facebook.com/chaminda.ranawaka.318196","[Image Attachment]"
"Chaminda Ranawaka","https://www.facebook.com/chaminda.ranawaka.318196","[Image Attachment]"
"Chaminda Ranawaka","https://www.facebook.com/chaminda.ranawaka.318196","[Image Attachment]"
"Chaminda Ranawaka","https://www.facebook.com/chaminda.ranawaka.318196","[Image Attachment]"
"Chaminda Ranawaka","https://www.facebook.com/chaminda.ranawaka.318196","[Image Attachment]"
"Chaminda Ranawaka","https://www.facebook.com/chaminda.ranawaka.318196","[Image Attachment]"
"Chaminda Ranawaka","https://www.facebook.com/chaminda.ranawaka.318196","[Image Attachment]"
"Chaminda Ranawaka","https://www.facebook.com/chaminda.ranawaka.318196","[Image Attachment]"
"Chaminda Ranawaka","https://www.facebook.com/chaminda.ranawaka.318196","[Image Attachment]"
"Chaminda Ranawaka","https://www.facebook.com/chaminda.ranawaka.318196","[Image Attachment]"
"Chaminda Ranawaka","https://www.facebook.com/chaminda.ranawaka.318196","[Image Attachment]"
"Siriyani Sriyani","https://www.facebook.com/siriyani.sriyani.5","👍👍👍👍"
"Chaminda Ranawaka","https://www.facebook.com/chaminda.ranawaka.318196","[Image Attachment]"
"Chaminda Ranawaka","https://www.facebook.com/chaminda.ranawaka.318196","[Image Attachment]"
"Chaminda Ranawaka","https://www.facebook.com/chaminda.ranawaka.318196","[Image Attachment]"
"Chaminda Ranawaka","https://www.facebook.com/chaminda.ranawaka.318196","[Image Attachment]"
"Chaminda Ranawaka","https://www.facebook.com/chaminda.ranawaka.318196","[Image Attachment]"
"Chaminda Ranawaka","https://www.facebook.com/chaminda.ranawaka.318196","[Image Attachment]"
"Chaminda Ranawaka","https://www.facebook.com/chaminda.ranawaka.318196","[Image Attachment]"
"Chaminda Ranawaka","https://www.facebook.com/chaminda.ranawaka.318196","[Image Attachment]"
"Chaminda Ranawaka","https://www.facebook.com/chaminda.ranawaka.318196","[Image Attachment]"
"Chaminda Ranawaka","https://www.facebook.com/chaminda.ranawaka.318196","[Image Attachment]"
"Chaminda Ranawaka","https://www.facebook.com/chaminda.ranawaka.318196","[Image Attachment]"
"Chaminda Ranawaka","https://www.facebook.com/chaminda.ranawaka.318196","[Image Attachment]"
"Chaminda Ranawaka","https://www.facebook.com/chaminda.ranawaka.318196","[Image Attachment]"
"Chaminda Ranawaka","https://www.facebook.com/chaminda.ranawaka.318196","[Image Attachment]"
"Chaminda Ranawaka","https://www.facebook.com/chaminda.ranawaka.318196","[Image Attachment]"
"Chaminda Ranawaka","https://www.facebook.com/chaminda.ranawaka.318196","[Image Attachment]"
"Chaminda Ranawaka","https://www.facebook.com/chaminda.ranawaka.318196","[Image Attachment]"
"Chaminda Ranawaka","https://www.facebook.com/chaminda.ranawaka.318196","[Image Attachment]"
"Chaminda Ranawaka","https://www.facebook.com/chaminda.ranawaka.318196","[Image Attachment]"
"Chaminda Ranawaka","https://www.facebook.com/chaminda.ranawaka.318196","[Image Attachment]"
"Chaminda Ranawaka","https://www.facebook.com/chaminda.ranawaka.318196","[Image Attachment]"
"Chaminda Ranawaka","https://www.facebook.com/chaminda.ranawaka.318196","[Image Attachment]"
"Chaminda Ranawaka","https://www.facebook.com/chaminda.ranawaka.318196","[Image Attachment]"
"Chaminda Ranawaka","https://www.facebook.com/chaminda.ranawaka.318196","[Image Attachment]"
"Chaminda Ranawaka","https://www.facebook.com/chaminda.ranawaka.318196","[Image Attachment]"
"Chaminda Ranawaka","https://www.facebook.com/chaminda.ranawaka.318196","[Image Attachment]"
"Chaminda Ranawaka","https://www.facebook.com/chaminda.ranawaka.318196","[Image Attachment]"
"Chaminda Ranawaka","https://www.facebook.com/chaminda.ranawaka.318196","[Image Attachment]"
"Chaminda Ranawaka","https://www.facebook.com/chaminda.ranawaka.318196","[Image Attachment]"
"Chaminda Ranawaka","https://www.facebook.com/chaminda.ranawaka.318196","[Image Attachment]"
"Chaminda Ranawaka","https://www.facebook.com/chaminda.ranawaka.318196","[Image Attachment]"
"Chaminda Ranawaka","https://www.facebook.com/chaminda.ranawaka.318196","[Image Attachment]"
"Chaminda Ranawaka","https://www.facebook.com/chaminda.ranawaka.318196","[Image Attachment]"
"Dabane Podi Hamuduruwo","https://www.facebook.com/Kudaoye.suseelawansa.thero","Gu kana unta supiri porak wenna athi eth bath kana mole thiyena minisunta mu nikamma nikan gu kana ekek vitharai"
"Chaminda Ranawaka","https://www.facebook.com/chaminda.ranawaka.318196","[Image Attachment]"
"Chaminda Ranawaka","https://www.facebook.com/chaminda.ranawaka.318196","[Image Attachment]"
"Chaminda Ranawaka","https://www.facebook.com/chaminda.ranawaka.318196","[Image Attachment]"
"Indika Silva","https://www.facebook.com/indika.silva.225593","[Image Attachment]"
"Indika Silva","https://www.facebook.com/indika.silva.225593","[Image Attachment]"
"Indika Silva","https://www.facebook.com/indika.silva.225593","[Image Attachment]"
"Indika Silva","https://www.facebook.com/indika.silva.225593","[Image Attachment]"
"Velautham Ramesh","https://www.facebook.com/people/Velautham-Ramesh/pfbid0Krw6UiTaNLrRfT9Fhw9STLGs4uyBgwKykXh93AGvy7KtRzVcmX2VvDHepWuwLcYvl","Super brother"
"Udaya Dilhan Perera","https://www.facebook.com/udaya.dilhan.perera","[Image Attachment]"
"Udaya Dilhan Perera","https://www.facebook.com/udaya.dilhan.perera","[Image Attachment]"
"Udaya Dilhan Perera","https://www.facebook.com/udaya.dilhan.perera","[Image Attachment]"
"Udaya Dilhan Perera","https://www.facebook.com/udaya.dilhan.perera","[Image Attachment]"
"Dhanushka K Palihawadana","https://www.facebook.com/dhanushka.k.palihawadana.2025","තෝගේ අම්මට හුකපන් පාහරයා"
"Kd Jude","https://www.facebook.com/people/Kd-Jude/100015373843216","[Image Attachment]"
"Amila Kalum","https://www.facebook.com/janaCR47","ඥානසාර නේ වැරද්ද කරේ අපි කැමතිත් නෑ පොරට මොකද සසුනට ⁣අගෞරව හැසිරීම් නිසා...හුම්ම් එතකොට ස්වාමීන් වහන්සේ අත්සන් ගන්නෙකට ලොකුවට කෑ ගහල නාට්ටියක් රගපාන්නෙ ඇයි? එතකොට ඒම කෑගැහුවම නියම සිංහල නං ස්වාමීන්වහන්සේලට ගඑැ කරන වැරද්ද සාමාන්‍ය විදියට පෙන්නල දෙන හැබයි ගිහි මගේ තැන අරගෙන වැඩ කරන සිංහල බෞද්ධ , තව රට ජාතිය වෙනුවෙන් හමුදාවටත් ගිය මමයි ඒ වගේ අනිත් අයයි එතකොට කව්ද 🤔 අනික ඒ කෑ ගහන අසමජ්ජාතියා උඩිං පල්ලෙන් නැතුව හොදට හාරලා හොයලා ගිහිං දැක්කම අන්‍යාගමික කටයුතු වල හොද බැහැල වැඩ කරන ජෙප්පෙක්.හ්ම්ම් එතකොට දැං පෝස්ට් එක දාපු පොරගෙ එකට ගිහිං බැලුවට එහෙම එයාලාගෙ ඒ පූජක අය අනං කරන වැරදි මොකුත් දාල නැතුව ( මොකද අපිට නං ගොඩක් පේනව ඒව ඒ උනාට ගරහන්නෑ මොකද ගරැ කරනව  ඒම කරන හිංදා තමා හැබයි අරින්නත් එන්නෙ අපිට ) ⁣බෞද්ධ භික්ෂුවකට අපහස කිරිම නියම සිංහල කමලු..නැ මට තේරෙන්නෑ ඔයාලගෙ හිතන කෝනෙ එකයි පැහැදිලි කරන්නකො.මොකද සමානාත්මතා රජයක් නෙවී නෙ මේක..අවු 7000 කට කලිං ඉන්දිය ඉතිහාසෙ උනත් මේක සිංහල පුර පසුකාලීන රජ සමයවල් වලදි සාසනයට රට පූජා කරා මොකද බුදු දහම තමා තිබ්බේ වෙන මොකුත් නෑ පස්සෙ පස්සෙ ඇවිත් සහජීවනෙන් ⁣හිටියා කිසිඅව්ලක් තිබ්බෙ නෑ යුද්ධ කරෙත් රටෙං කෑලි ඉල්ලපු වෙනම සීන් එකේ පහසුකම් අනං මනං ඉල්ලන්න ආපු උං එක්ක මිසක් අපේ රටේ සුළුජාතිය එක්ක නෙවීනෙ.සුළු කිව්වෙ මේහේ පැවතගෙන එන අයගෙං ආපු අය නෙවීනෙ ඒකයි සුළු නැතුව අංක වලින් නෙවී.ඒත් හැමෝටම සමාන අයිතියක් මේ රටේ තිබ්බා.දැං සිංහල බෞද්ධයා ඔයාලට සෙට් නෑ වගේද 🤔 නෑ මට පැහැදිලි නෑ ඔයා කාගෙ කොස් ඇට බාන පුසෙක්ද නැත්තං සිංහල කියන එකේ තේරැම මන් දන්නැද්ද..කියන්නකො අයියෙ ⁣අර වගේ අහිකුණ්ටක කටක් දිගාරින එකා සිංහල වෙච්ච හැටි?? 🤔 තව මේකෙ මේ සිංහල අය වගේ ඉන්න අනිත් අයත් මරැ ලු ඒ කියන්නෙ බුදු දහමට බනින්නෝනිද?? ඥානසාර හිරේ යන්න වැරදි තියෙනවනේ ඉතිං අනිව යවන්නෝනි එහෙමයි කියල එක එක කල්ලතෝනි අදහස් දරන උං වගේ මේ වැඩේ හරි කියන්නෙ නාට්ටිය ලස්සනට ගියා කියන එකද 🤔 මාරයි හැබයි ඔයාලගෙ ජාතිවාදී ගතියක් තමා පේන්නෙ..එහෙම නැත්තං මේ රට වෙනුවෙන් ඕනි දේකට රෙඩි අපි සිංහල නෙවී..තව විජේරජු ගෙං පැවත එන කලවං සෙට් එක වගේ අදහස් නේ මේ...තේරෙන්නෑ අයියෙ ඒකයි අහන්නෙ 🤔"
"Mohamed Rauff","https://www.facebook.com/mohamed.rauff.378","Super bro"
"Chrisantha Roshan Fernando","","[Image Attachment]"
"Priyantha Udage","https://www.facebook.com/priyantha.udage.14","❤️👍"
"Mnmrashad Rasahad","https://www.facebook.com/mnmrashad.rasahad","lm"
"Darshana Indunil","https://www.facebook.com/darshana.indunil.7","සහජීවනේ"
"Rajendran Sathya","https://www.facebook.com/rajendran.sathya.408357","Super"
"Vijith Guruge","https://www.facebook.com/vijith.guruge","[Image Attachment]"
"Vijith Guruge","https://www.facebook.com/vijith.guruge","මුවනං හිරේ දාන්නම ඕන එකෙක්😂ජාතිවාදය..ආගම වාදය ඇතිකරලා රටක ප්‍රශ්න ඇති කරන්න යන මිනිහෙක්. ඒ මදිවට පොතුත් ලියල අනාගත පරපුරටත් විසිබීජ පතුරවනවා🤜ආගම් කියන ඒවා ඔහේ තිබිච්චාවේ. ඒවා ඒ මිනිස්සුන්ට නිදහසේ අදහන්න දෙන්න ඕන. ඒවට හෙන හුරුකම් කරනකොට තමයි ප්‍රශ්න ඇතිවෙන්නේ? බෝම්බ තියන්න.. විශේෂයෙන්ම මේකා කහ රෙද්දක් දාගෙන බෞද්ධාගමටත් නින්දාවක් කරනවා😫 ජාතිවාදය අවුස්සන්න.. කැපිලා පේන්න දඟලන.. පිනට කන්න ..පිනට හුකන්න ඉපදිච්ච වේස බල්ලෙක්👉🏾👌"
"Vvrs Rajaesh","https://www.facebook.com/vvrs.rajaesh","Super superman"
"Shanjeevi Shanmugam","https://www.facebook.com/people/Shanjeevi-Shanmugam/pfbid01Td6L3S9QyU7HVFK55q9i4963s8wykVfqz4G7Qp8BW4XugnVaWHs2sgVdyfej8szl","Super"
"Bernard Perera","https://www.facebook.com/bernardperera1962","👍👍👍👍👍👍👍👍👍👍🙏🙏❤❤❤"
"Indrajith Kwt","https://www.facebook.com/indrajith.kwt.1","👍👍👍👍👍"
"Sujith Ranasingha","https://www.facebook.com/sujith.ranasingha.986894","[Image Attachment]"
"Nilanga Nilanga Nilanga Nilanga","https://www.facebook.com/gardhi.thulitha","[Image Attachment]"
"Nilanga Nilanga Nilanga Nilanga","https://www.facebook.com/gardhi.thulitha","[Image Attachment]"
"Nilanga Nilanga Nilanga Nilanga","https://www.facebook.com/gardhi.thulitha","[Image Attachment]"
"Nilanga Nilanga Nilanga Nilanga","https://www.facebook.com/gardhi.thulitha","[Image Attachment]"
"Nilanga Nilanga Nilanga Nilanga","https://www.facebook.com/gardhi.thulitha","[Image Attachment]"
"Nilanga Nilanga Nilanga Nilanga","https://www.facebook.com/gardhi.thulitha","[Image Attachment]"
"Nilanga Nilanga Nilanga Nilanga","https://www.facebook.com/gardhi.thulitha","[Image Attachment]"
"Nilanga Nilanga Nilanga Nilanga","https://www.facebook.com/gardhi.thulitha","[Image Attachment]"
"Nilanga Nilanga Nilanga Nilanga","https://www.facebook.com/gardhi.thulitha","[Image Attachment]"
"Nilanga Nilanga Nilanga Nilanga","https://www.facebook.com/gardhi.thulitha","[Image Attachment]"
"Nilanga Nilanga Nilanga Nilanga","https://www.facebook.com/gardhi.thulitha","[Image Attachment]"
"Abdul Ghafoor","https://www.facebook.com/abdul.ghafoor.630780","Jaya weawa"
"Sudath Samarakoon","https://www.facebook.com/sudath.samarakoon.18","Correct"
"Darshana Fenando","https://www.facebook.com/darshana.fenando","Respect"
"Lal Perera","https://www.facebook.com/lal.perera.588670","නියමයි"
"Saraful Anam","https://www.facebook.com/saraful.anam.7","You are correct"
"Ud Premasiri","https://www.facebook.com/ud.premasiri.5","No excuse"
"Hmgd Herath","https://www.facebook.com/people/Hmgd-Herath/pfbid0J4dwuAgomyYHu4zLvpnW2MwCxmxHCqm2Wi4JmYCTBZu6Wb4VT6xvEkPyFytK91vxl","මිහරකෙක් බලපිය නානා නිදහසේ  කොන කපාපු එවුන්"
"Thushari Rathnayaka","https://www.facebook.com/people/Thushari-Rathnayaka/pfbid08pdm6USwLXzfkbEkpjGr8AZymVmmcowfXzqSUcoaEbc4SjQpVhHL4YLn7TDNrwMql","Good 👍👍👍👍"
"Gihan Kavinda","https://www.facebook.com/gihan.kavinda.226341","[1/3, 2:54 pm] Shamila De Mel: මෙන්න වනචාරි ඉස්ලාමය.  1. පුරුශයන්ට භාර්‍යවන්ට ඇට නොකැඩන්සේ තැලිය හැකිය. 2. බහු භාර්‍යා සේවනය. ( එකසේ සලකන රෙද්දක් කියනවා ඕකුන් ) 3. මහලු පුරුශයන්ට අවුරුදු 10, 11 ගෑනු ලමයි කසාද බැන්දිය හැක. බාල අපරාද 4. මුස්ලිම් අය පාලන්‍ය අතට ගනු. යුද්ධයින් හෝ වෙන්‍යම් ක්‍රියා මාරිග් හරහා. මුස්ලිම් නොවන අයට තාඩන් කර්නු. මුස්ලිම් වන්නට පෙලම්බ්වීමට වැඩි බදු පවරනු. 5. මුස්ලිම්වරයෙක් වෙන් ආග්මක්ට හැරුනොත් මරා දමනු. 6. බහුතරය වන තුරු අනිකුත් අය රවට්නු. ( අල් ටකියා)  ඔය ටිකක්. 1981- 6.9% දැන් 11%. තාම ශාෆියාට තර්ජන විතරයි . 30% විතර් වුනාම කාතාව කියන්න කෙනෙක් ඉතුරු වෙන්නෙ නෑ. බන්ග්ලාදේශය ලන්කාව වගෙ දහ ගුනයක් සෙනෙග. පදක්කම් 5. ලන්කාව පදක්කම් 35. මොලෙන් හිතපල්ලා සිහලුනෙ 🔥  අල් කුර්ආන් වාක්‍ය: 9:5 නොඇදහිලිවන්තයන් ඔබ සොයාගත් ඕනෑම තැනක මරා දමන්න. 9:29 අල්ලාහ්ව විශ්වාස නොකරන අයට එරෙහිව යුද්ධ කරන්න. 8:39 තවත් අවිශ්වාසයක් ඇති වන තුරු ඔවුන් සමඟ යුද්ධ කරන්න. 47:4 නොඇදහිලිවන්තයන්ගේ බෙල්ලට පහර දෙන්න. 4:89 ඔවුන්ව අල්ලා ඔබ ඔවුන්ව කොතැනක සිටියත් මරා දමන්න. 5:33 අල්ලාහ් තුළ යුද්ධ කරන අයව මරා දමන්න හෝ කුරුසියේ ඇණ ගසන්න. 3:151 නොඇදහිලිවන්තයන්ගේ හදවත් භීතියට පත් කරන්න. 9:123 ඔබ අසල නොඇදහිලිවන්තයන් සමඟ යුද්ධ කරන්න. 6:14 අල්ලාහ් ඔහුගේ මාර්ගයෙහි යුද්ධ කරන්නන්ට ප්‍රිය කරයි. 8:60 නොඇදහිලිවන්තයන්ට එරෙහිව යුද්ධයට සූදානම් වන්න. 8:12 ඔවුන්ගේ හදවත් තුළ භීතිය හෙළන්න, ඔවුන්ගේ බෙල්ලට පහර දෙන්න, සහ ඔවුන්ගේ ඇඟිලි කපා. 33:50 ඔබේ යුද්ධයේ වහලුන් ඔබේ ලිංගිකත්වය වහලුන්. 2:216 ඔබ ජාතීන්ට එරෙහිව යුද්ධ කිරීමට අවශ්ය වේ නොඇදහිලිවන්තයන්ගේ. 5:51 යුදෙව්වන් හෝ ක්‍රිස්තියානීන් සමඟ නොඉවසන්න හෝ මිත්‍ර නොවන්න. 2:15 නොඇදහිලිවන්තයන් මැරුවේ ඔබ නොව අල්ලාහ් ය. 3:142 ඔබ හදන්නේ නැතිව පාරාදීසයට ඇතුල් වෙන්නේ නැහැ නොඇදහිලිවන්තයන්ට එරෙහි යුද්ධය. [5/3, 5:34 am] Shamila De Mel: Moha Ish කුරානයෙ තියෙන ඒවාද සිංහලෙන් ඉගෙන ගන්න කිවුවෙ එවා කියවලා ආගම බැදෙනව කියන්නෙ උන් මානසික පිස්සො තම ඉතිම්😂👍           ""ඉස්ලාම් අදහන්නෙ නැති අයගෙ හදවත් වලට භීතිය හෙළමි, එබැවින් නුඹලා ඔවුන්ගේ බෙල්ලට පහර දෙනු , සියලු ඇඟිලි තුඩු වලට පහර දෙනු""   -කුරානය (අල්-අන්ෆාල්) 8:12-  ""(ඉස්ලාම්) විශ්වාස කරන්නනි, ඔබලාගෙ ආසන්නයේ සිටින අන්‍යාගමිකයන් හා සටන් කරනු, තවද ඔවුහු ඔබලා තුළ දැඩිබවක් දකිත්වා""  -කුරානය (අල්-තව්බා) 9:123-  ""විශ්වාසවන්තයින්(මුස්ලිම්), විශ්වාසවන්තයින්(මුස්ලිම්)  හැර, අන්‍යාගමිකයන්ව (කාෆිර්) මිතුරන් ලෙස නොගත යුතුය. යමෙක් එසේ කරන්නේ නම්, ඔහුට අල්ලාහ් සමඟ කිසිවක් නැත. ඔවුන්ගෙන් බිය වීමක් හේතුකොටගෙන, පරෙස්සම් වීම පිණිස (ආරක්ෂාව සඳහා පමණක්) මිස. අල්ලාහ් තමන් ගැන නුඹලාට අනතුරු අඟවයි. තවද අවසාන වශයෙන් යෑම ඇත්තේ අල්ලාහ් වෙතටය.""  -කුරාණය (අල්-ඉම්‍රාන්)  3:28-  ""සැබැවින්ම, පුස්තයේ මිමිනිසුන් (ක්‍රිස්තියානි, යුදෙවු ආදී) සහ බහුදේවවාදීන් නිරයේ ගින්නෙහි සදහටම රැඳී සිටින්නෝය. ඔවුහු සත්වයන්ගෙන් නරකම(පහත්ම) අය වෙති.""  -කුරාණය (අල්-බයිනහ්) 98:6-  ""එබැවින් ඉස්ලාම් ප්‍රතික්ෂේප කරන්නන් හමුවහොත්, (ඔවුන්) බෙල්ල මත පහර දෙනු. අවසානයේ නුඹලා ඔවුන් මහත්සේ ඝාතනය කළ විට, (ජීවත්ව සිටින) ඔවුන්ගේ බැඳීම් තහවුරු කරනු. ඉන්පසු එක්කෝ (ඔවුන්ට) කරුණාව දක්වා (මුදා හරිනු) නැතහොත් යුද්ධය එහි බර බිම තබන තුරු කප්පම් ගෙන මුදා හරිනු.""  -කුරානය (මුහම්මද්) :47:4)-"
"Ranjani Dabare","","[Sticker]"
"Sasisvaran Sasisvaran","https://www.facebook.com/sasisvaran.sasisvaran.7","super"
"Rajalechchami Janaki","https://www.facebook.com/people/Rajalechchami-Janaki/pfbid0HYc3dS8nUVEkvtJg7H7gkpj3rzhLV1xjsiAGviSaor9d83XZKmZUCRakkwYWwrsjl","[Sticker]"
"Dulshan Shamika","https://www.facebook.com/people/Dulshan-Shamika/pfbid0HN7xsygRMHCGsh53HBQsRp9KGSL7pxYFCiFHBazKdwjB5vYktFyewd43SArbda4Cl","බුදුසරණයි"
"Jinasena Thushara","https://www.facebook.com/thushara.jinasena","නියම සිංහල,තෝ වගේ කලවම් එකෙක්. අර ඊබ්‍රාහිම් ට විරුද්ධව නැගිටින්න කියපන් සිංහල යෙක් නම්.තෝ හිතුවද සිංහල කතා කරන, සිංහල පවුල් වල හැදෙන හැමෝම සිංහල කියල. අහුකුන්ටිකයො.මේ වගේ සක්කිලි හැත්ත නිසා තමයි එදා අනගාරික ධර්මපාල තුමා ත් රට දාල යන්න ගියේ."
"Manggalika Malika","https://www.facebook.com/manggalika.malika","[Sticker]"
"Maleeka Jayamanna","https://www.facebook.com/maleeka.jayamanna.1","ඔය ජාතිවාදය අවුස්සන්න උඩගෙඩි දෙන්නේ ඔය   හාමුදුරුවෝ  ඒ හින්දා   ජනාධිපති  සමාව නම් දෙන්නම හොද නෑ"
"Mohamed Ashar","","Hi good 👍"
"Gamini Gopallawa","","[Image Attachment]"
"Gamini Gopallawa","","[Image Attachment]"
"Gamini Gopallawa","","[Image Attachment]"
"Gamini Gopallawa","","[Image Attachment]"
"Gamini Gopallawa","","[Image Attachment]"
"Gamini Gopallawa","","[Image Attachment]"
"Gamini Gopallawa","","[Image Attachment]"
"Premalal Premalal","https://www.facebook.com/premalal.premalal.880365","[Sticker]"
"Deekirikewage Deekirikewage Down","https://www.facebook.com/kumara5402","උඹ කවුද කියන්නම් මම දන්නේ නැහැොල්ලෝ ලංකාවේ තම්බි කරන ප්‍රකාශ උඹ දකින්නේ නැද්ද ඇත්තම්බියෙක්ට්‍රජාව උපන් එකෙක්ද උන් තනිකරම ලංකාව මුස්ලිම් කරන එක කරන්න උත්සාහ කරනවා මොකද දැන් ලංකාවේ ජාභාගයක් උඹලා වගේ තම්බෙන්ඩ ජාතක වෙච්ච උං අපි අපේ ප්‍රශ්නය විසදගන්නන්තෝ තොගය පාඩුවේ හිටපිය ගොං ලොල්ලා"
"Renuka Wickramasingha","https://www.facebook.com/renuka.wickramasingha.71","නියමයි  දරුවො  නියමයි  👍👍👍👍"
"Priyankarage Leelawathi","","Koheda yako supiri poraka wenne buddayata kelina kota hamuduruo thrastha wadi balawega Sinhalata pennala dunne gunamakuwo porak wenne parliament eka athile koti samaranawa wallawathe koti samaranawa uthure rajaye ayathana wala thilipan kotiya samaruwa pasal daruwan yodagena thilipan samaruwa uddaya iwara una samakamiwa siti janathawata uthure pansalata yanna bari thathwayata path karapu karala rata winasa karana ekad"
"Shrimathi Perera","https://www.facebook.com/shrimathi.perera.2025","වැරදි නම් දඬුවම්  දිය  යුතුයි 💗"
"Patmanathan Nathan","https://www.facebook.com/patmanathan.nathan.35","Super"
"Chamal Manik","https://www.facebook.com/people/Chamal-Manik/61574240126465","[Image Attachment]"
"Chamal Manik","https://www.facebook.com/people/Chamal-Manik/61574240126465","[Image Attachment]"
"Chamal Manik","https://www.facebook.com/people/Chamal-Manik/61574240126465","[Image Attachment]"
"Kanthi Premakumara","https://www.facebook.com/kanthi.premakumara","[Sticker]"
"ලකී ලිවේරා","https://www.facebook.com/lrdnaktu83","උඹලා හාමුදුරුවන්ට ජාතිවාදී ලේබල් ගහලා බ්ලැක් මාර්ක් කරේ යටින් ගෙනියන ගේම් සේරම ඒ හාමුදුරුවො එලියට දාපු නිසා.   කියපු සේරම ඇත්ත උනා. ඉතිං උඹලාවගෙ උඩින් බැනලා හදවතින් අන්තවාදීන්ට සුභ පතන උන්ට ඒ හාමුදුරුවන්ව පේන්න බැරි උනා.   උඹලගෙ බොරු අහන මෝඩ සිංහල හැත්තක් ඉන්නවා ඉතිං. උන්ට ඔය හාමුදුරුවො කියපුවා තේරෙන්න තව අවුරුදු විස්සක්වත් යයි ඉතිං.   උඹලා තවත් හදන්නෙ අන්තවාදය නැහැ නැහැ කිය කිය ඒ ගැන මිනිස්සු දැන ගන්න එක නවත්තන්න.  මොකද අන්තවාදයට තිබුන එකම බාධාව හාමුදුරුවො. ඉතිං ඒ මනුස්සයා කට අරින එක ගොඩාක් උන්ට දිරවන්නෙ නැහැ බං.   සහරාන් ජාතිවාදෙ ඇවිස්සුවා කියලා උඹලගෙ කටවල්වලින් කවදාවත් කියවෙන්නෙ නැහැ නේද"
"Sandaya De Silva","https://www.facebook.com/sandaya.de.silva.579377","නියමයි"
"Safiyullah Ali","https://www.facebook.com/safiyullah.ali.2025","super"
"Fawmy Fawmyfarook","https://www.facebook.com/fawmy.fawmyfarook","Great bro"
"Sajith Priyankara","https://www.facebook.com/sajith.priyankara.9741","[Image Attachment]"
"아미르산","https://www.facebook.com/Amilasandaruwan306","ඒ තොපේ පැත්තට වාසි නිසාද 🤣🤣"
"Akila Chathuranga Rathnayake","https://www.facebook.com/akilchathu123","එතකොට මට කියපකෝ පල්ලි වල කඩු තියාගෙන හිටියේ උබලා මොකටද....😅නිකන් බබා වෙන්න එපා යකෝ...."
"Taraka Mapa","https://www.facebook.com/people/Taraka-Mapa/pfbid0Epo83LuM9BvyARVcjhuR5AFDtXyijyLGsi6ZqhBNpK2PDnV9WT8PA5tbHUhGKeYPl","ඔය කරා කිය හනි සක්කිත් එක්ක දන්න 👉 කවුද දන්නෙ උබ සල්ලි වලට බොරු කියනවද කියලා...."
"Sarath Kalansooriya","https://www.facebook.com/sarath.kalansooriya.77161","තිත්තගල්ලෙ උන්නාන්සේ  නෑමොලය වෙනුවෙනුත් පෙනී ඉන්නවා කිව්වා . ඊලගට නානසාර වෙනුවෙන්. උන්නැහේ නිකං පීචං වෙනව. නානසාර වගේ විනයක් නැති රටටයි සාසනේටයි දෙකටම  පිළිලයක් වෙච්ච පාතාල  කසඩ චීවරධාරියෙකුට කිසිසේත්ම සමාවක් දෙන්න හොඳ නෑ . පිස්සු බල්ලෙක් ආයෙත් ලිහල දැම්ම වගේ තියේවි. අත්සන් ගන්න ආවොත් උන්ගෙ චීවරේ ගැලවෙන්න අර සහෝදරය වගේ  හොඳවයින් දෙකක් කියපල්ලා.නානසාර වෙනුවෙන් මෙතන වැලලෙන්න හදන්නේ රට හූරගෙන කාල පවුල් පිටින් හිරේ යන්න නියමිත වෙලා ඉන්න මොළ කළදක් නැති රාජපක්ෂලගෙ බලු කුක්කො විතරයි ."
"Norman Zoysa","https://www.facebook.com/norman.zoysa","[Sticker]"
"Pitiyegedara Pitiyegedara","https://www.facebook.com/people/Pitiyegedara-Pitiyegedara/pfbid02uQQEHpQcv4dPrs2bgZbmSjqTfytjczcoZoBdzFXjeMSwJxQMxh24uXWgNby5XEEZl","Palapako"
"Mohamed Hisham Rocky Bhai","https://www.facebook.com/people/Mohamed-Hisham-Rocky-Bhai/100085870735166","Respect 🫡"
"Pathmasiri Bandula","https://www.facebook.com/pathmasiri.bandula.1","Respect"
"George Goonathilake","https://www.facebook.com/people/George-Goonathilake/pfbid0jtTHdXEiXZKbGDJULHZJGGbgp8tFi7qH3hmjhfjvYXSaubfDkVnJg7zjJKfBSgADl","[Image Attachment]"
"Patric Bernard","https://www.facebook.com/patric.bernard.372","ලංකාවට ගැලපෙන්නේ නැති පොරක්. පල වෙන රටකට 😡"
"Nishan Nonis","https://www.facebook.com/nishan.nonis.79","අවජාතක සිංහල කැරියො.. එක දෙමලෙක් ප්‍රභාකරන්ට බනින්නෙ නෑ එක තම්බියෙක් සහරාන්ට බනින්නෙ නෑ  ජාතිය ආගම බේරගන්න අනෙක් ජාතීන්ගේ ආක්‍රමණය ගැන කතා කරපු උන්වහන්සේව සිංහලයොම අපරාධ කාරයෙක් කරල..."
"Pushpa Kumara NW","https://www.facebook.com/pushpa.kumaranw","අනිවාර්යයෙන් . හාමුදුරුවෝ මහන උනේ  ඇයි කියල මතක නෑ. ඒකයි ප්‍රශ්නෙ"
"Fathima Manal","https://www.facebook.com/fathima.manal.313094","[Image Attachment]"
"Chandhana Jayasekara Art","","ඔබ තුමාට  ස්තුතිය .👍👍👍👍👍👍👍👍"
"Parakrama Wanigasekara","https://www.facebook.com/profile.php?id=100003461797023","[Image Attachment]"
"Parakrama Wanigasekara","https://www.facebook.com/profile.php?id=100003461797023","[Image Attachment]"
"Chandhana Jayasekara Art","","[Sticker]"
"Chandhana Jayasekara Art","","[Sticker]"
"Parakrama Wanigasekara","https://www.facebook.com/profile.php?id=100003461797023","මේකත් මතක් කරගෙනම පලයල්ලා සිංහල උන්ට අමතක් වෙනවා වැඩි"
"Chandhana Jayasekara Art","","[Sticker]"
"Chandhana Jayasekara Art","","[Sticker]"
"Chandhana Jayasekara Art","","[Sticker]"
"Lal Roy","https://www.facebook.com/lal.roy.98284566","Perfect true brother"
"Amal C. Liyanage","https://www.facebook.com/amal.c.liyanage","උපැන්න බෞද්ධ කාලකන්නි කල්ලතෝනි පරයො"
"Malani Silva","https://www.facebook.com/malani.silva.721387","[Image Attachment]"
"Malani Silva","https://www.facebook.com/malani.silva.721387","[Image Attachment]"
"Malani Silva","https://www.facebook.com/malani.silva.721387","[Image Attachment]"
"濾紙 義派に","https://www.facebook.com/lu.zhi.yi.paini","තිලිපන් ගැන වීඩියෝ එකක් දාපන් උබත් පුලුවන්නමි  කොන්දක් තියේනමි  😆"
"濾紙 義派に","https://www.facebook.com/lu.zhi.yi.paini","[Image Attachment]"
"濾紙 義派に","https://www.facebook.com/lu.zhi.yi.paini","[Image Attachment]"
"Damith PH","https://www.facebook.com/damith.ph.31","කම්බිය ඔළුව අතගාලා ටොක්ක අනින්නේ."
"Kumar Kumar","https://www.facebook.com/kumar.kumar.749426","[Sticker]"
"Harsha Bernolds","https://www.facebook.com/harsha.bernolds","ඔය හිරේ දාන්නේ ජාතිවාදය අවුස්සනවා කියලා නෙවෙයි. හිරේ දාන්න හේතුව හොයලා බලන්න"
"Susira Gunasekera","https://www.facebook.com/susira.gunasekera","😍"
"Gayan Gamage","https://www.facebook.com/gayan.gamage.931322","[Image Attachment]"
"Churchil Fernando","https://www.facebook.com/churchil.fernando.9","[Sticker]"
"Winni Conner","https://www.facebook.com/people/Winni-Conner/pfbid07fFYUC8thMegMabr1EeGkCUJWip6UsRVuE7JBeqi5BctNT3Hkzm16S5WFBGBv8VSl","[Image Attachment]"
"Janaka Basnayaki","https://www.facebook.com/people/Janaka-Basnayaki/61573113201643","[Image Attachment]"
"Sugath Hadunnethi","https://www.facebook.com/sugath.hadunnettige.1","[Sticker]"
"Mohammed Ramees","https://www.facebook.com/people/Mohammed-Ramees/pfbid02uw5rW6A7b6EwA2wTYsyHejKtPi9PNaBhReEQ9PpdDq6iUsQh5yJ6dMLY2ygiNg1l","Excellent dear"
"Prasanna Weerasiri","https://www.facebook.com/prasannaweerasiri.prasannaweerasiri.1","හාමුදුරුවන්ට වඩා ජාතිවාදය මුස්ලිම් මිනිසුන්ගෙයි දෙමල මිනිසුනගෙයි තියෙනව.උන් එලියට ඇවිත් කතා කරන්නැත්තෙ මහා ජාතිය තවම සිංහල නිසා.... තෙරෙන දවසට සිංහලයට කෙලවෙලා ඉවරයි"
"Bernard Perera","https://www.facebook.com/people/Bernard-Perera/pfbid0tvZ3i8D9mg5Qwy87SNru4dNHzni7ZmcS1rJYMEmWgjN7kDQZ4F4V4ax2xechn29ql","[Image Attachment]"
"Sri Dharan","https://www.facebook.com/sri.dharan.18847876","Super bro"
"Lalith Janarabel","https://www.facebook.com/people/Lalith-Janarabel/61584813604728","අනේ රෙද්ද උස්ස උස්ස දෙනහැටි"
"Damayanthi Anusha","https://www.facebook.com/people/Damayanthi-Anusha/pfbid0fSPdVrSNdTpgQT7pnqRQSEEgEXsZ2exfbK5vfmu2p9gsY6quzzKewenM6Gw3fQ2Kl","Respect 💐💐👍"
"Lalith Janarabel","https://www.facebook.com/people/Lalith-Janarabel/61584813604728","තෝ ගොන් හුත්තෝ සිංහල නෙවෙයි ගොන් පකයා"
"Dilupa Sewwandi","https://www.facebook.com/dilupa.sewwandi","Nee gon  harakoo."
"Raji Waran","https://www.facebook.com/rajiwaran1","Great Thanks"
"Indika Niroshan de Silva","https://www.facebook.com/indikaniroshandesilva","තම්බින්ට පුකදෙන එවුන්"
"Indika Niroshan de Silva","https://www.facebook.com/indikaniroshandesilva","[Image Attachment]"
"Indika Niroshan de Silva","https://www.facebook.com/indikaniroshandesilva","[Image Attachment]"
"Nimal De Silva","","[Sticker]"
"Nisham Cool","https://www.facebook.com/nisham.cool.54","Good job brother"
"Kumara Hewage","https://www.facebook.com/kumara.hewage.12327","තිත්තය ඉවරයි.. hooo..hooo..hoooooo.."
"Mohammed Shiyam Shiyam","https://www.facebook.com/mohammed.shiyam.shiyam.2025","Ella Ella Ella Machan ❤️❤️❤️❤️❤️❤️"
"Kalithash Kalithash","https://www.facebook.com/people/Kalithash-Kalithash/pfbid07WqqRpfM3r1pE5pDw5YGddVZKwXfQCJbs62FdhDUykMKjQ5vkGCDcqAcnqn1bADFl","Super 👍"
"Buddhika Prabath Kodithuwakku","https://www.facebook.com/Buddhika.Prabath.Kodithuwakku","[Image Attachment]"
"Buddhika Prabath Kodithuwakku","https://www.facebook.com/Buddhika.Prabath.Kodithuwakku","[Image Attachment]"
"Buddhika Prabath Kodithuwakku","https://www.facebook.com/Buddhika.Prabath.Kodithuwakku","[Image Attachment]"
"Buddhika Prabath Kodithuwakku","https://www.facebook.com/Buddhika.Prabath.Kodithuwakku","[Image Attachment]"
"Thissa Ajitha Rathna Himi","https://www.facebook.com/people/Thissa-Ajitha-Rathna-Himi/61562473915744","සිංහලයෙක් සිංහලයෙක්ට එරෙහි උණාම ඌ පොරක් වෙනවද? කල්ලතෝනියෙක් වෙනවාද?"
"Nazreena Mahroof","https://www.facebook.com/people/Nazreena-Mahroof/pfbid02ruv6qgtngTZKnKn8FwJnkj8mk6ecMdpUdAGhGZ4ChTATj5tfwiM1t295BT6JcDPjl","Yes 💯"
"Madura Priyanga","https://www.facebook.com/madura.priyanga.160120","බ්යික්   පකය්ද්"
"Madura Priyanga","https://www.facebook.com/madura.priyanga.160120","පල  හුත්තො"
"Sayan Leanage","","ඔකා සිංහලත් නෙමෙ බෞද්ධත් නෙමෙ, පැලවතේ ජොකියෙක්. 🤣"
"Nuwan Srilal","https://www.facebook.com/nuwan.srilal.3532","පාස්කු ප්‍රහාරයේ කතානායකය මූ ශුවර් මටනම්"
"J Seram","https://www.facebook.com/j.seram.2025","වසර 30කොටියො සිංහල මුස්ලිම් අයව මැරුවෙ සහජීවනය ඇතිකරන්නද.පලපල."
"Sunil Daya Gunarathna","https://www.facebook.com/sunildaya.gunarathna","එකෙන්ම සුපිරි  කොල්ලෙක්.."
"Därshänä Nimänthä","","කවලන් ජාන තියන ජාතකේ.හරියට නැති උන් එකම පක්ෂෙට කඩේ යනව කියන්නෙ ඕකට තමා."
"Mass Murugan","https://www.facebook.com/mass.murugan.7161","👍♥️"
"Suda Karan","https://www.facebook.com/people/Suda-Karan/pfbid036FT9FBgUKkCqp8BPcNr1eza681G6uz98cjMb1XYeycP2qpKaWb5aXKo7uQYuNnKPl","[Image Attachment]"
"Suda Karan","https://www.facebook.com/people/Suda-Karan/pfbid036FT9FBgUKkCqp8BPcNr1eza681G6uz98cjMb1XYeycP2qpKaWb5aXKo7uQYuNnKPl","[Image Attachment]"
"Nasmin Haseem","https://www.facebook.com/mohamed.nasminhasheem","Respect 🫡"
"Mayooran Mayoo","https://www.facebook.com/mayou.mayouran","❤️🔥"
"N Uwan Wijerathne","https://www.facebook.com/people/N-Uwan-Wijerathne/pfbid02FRk2WDAAdLu1sfHP5bD7cY8TrRgTFFvnJVbv3RAGZxYosAX2oX5Stf2r4unFtiZ5l","Pka"
"Malani Piyarathne","https://www.facebook.com/mali.piyarathne","Super"
"Farzan Farook","https://www.facebook.com/farzan.farook.3","This is my advice"
"Agr Mawella","https://www.facebook.com/people/Agr-Mawella/61586196357842","තව්හිත් ජමාත් කියලා මුස්ලිම් ත්‍රස්ත කණ්ඩායමක් ඉන්න බව රටට කට කැඩෙන කං කීවෙ ඤාණසාර හාමුදුරුවෝ.         අන්තිමේදී උන් බෝම්බ පුපුරවා 270 ක් මැරුනා. 1500 ක් ආබාධිත කලා.         අඩු ම ගානෙ උන්ගෙ නමක් වත් ඒ ප්‍රහාරය ට ඇතුල් කලෙ නැ.     ඒ ක නම් කලෙ ගුටි කාපු උන් ගෙ නමින් පාස්කු ප්‍රහාරය කියලා.        ඒ තරම් නිවට බියගුළු පීච් චං ජාතිය ක් වෙලා.."
"Pambayan Balakrishnan","https://www.facebook.com/people/Pambayan-Balakrishnan/pfbid0jqcbgFcaPQ8gRXbd2P1ZkAkSWAjoajtPCrsziwockPuuZPLgeVR6qb3GAKtitj4Tl","Real talk bro,Jayawewa"
"Ruchira Kumari","https://www.facebook.com/ruchira.kumari.5","නියමයි නියමයි සහෝදරයා ❤️🔥"
"Ranjani Kariyawasam","https://www.facebook.com/people/Ranjani-Kariyawasam/pfbid02hJQ5d4yKMVVRnLQPrNhxzmeYQbq7NHXeuqLxfqXmULC7QaSiuq4pSQ73igBpdJ8wl","[Sticker]"
"Ranjani Kariyawasam","https://www.facebook.com/people/Ranjani-Kariyawasam/pfbid02hJQ5d4yKMVVRnLQPrNhxzmeYQbq7NHXeuqLxfqXmULC7QaSiuq4pSQ73igBpdJ8wl","[Sticker]"
"Ranjani Kariyawasam","https://www.facebook.com/people/Ranjani-Kariyawasam/pfbid02hJQ5d4yKMVVRnLQPrNhxzmeYQbq7NHXeuqLxfqXmULC7QaSiuq4pSQ73igBpdJ8wl","[Sticker]"
"Jagath Praveena","https://www.facebook.com/jagath.praveena","[Image Attachment]"
"Ranjani Kariyawasam","https://www.facebook.com/people/Ranjani-Kariyawasam/pfbid02hJQ5d4yKMVVRnLQPrNhxzmeYQbq7NHXeuqLxfqXmULC7QaSiuq4pSQ73igBpdJ8wl","Yes you are Absolutely Right An Excellent. An Amaizing and very clear. Speech Thank you so much GodBless you"
"Ruwan Kumara","https://www.facebook.com/ruwan.kumara.794287","පලයන්  යකොතොපි  කුස්ට දලතමයි මෙලොකෙන්‍ යන්නේ මුට සිස්සුද කොහෙද"
"Ra Mar","https://www.facebook.com/people/Ra-Mar/pfbid0gXx8HohCwYNEXcNKdeoXwMciqi4hbZijWEiVS8UbSjjArGk9cFk57qsEoEbmEYLMl","Super 👍👍"
"Saman Fernando","https://www.facebook.com/people/Saman-Fernando/pfbid02wDMMjM4wEmUSQWahBXRuJC1SUvxLW1LbA9hmk2EjiDyNUSshavLcfpyK2QMsETtCl","True"
"Dilip Kumara","https://www.facebook.com/dilip.kumara.112998","Akanma"
"Nihal De Silwa","https://www.facebook.com/nihal.de.silwa.185108","මු මොනවද ගහලා ඉන්නෙ කියලා"" දන්නවද ,"
"Bernard J. Sengoll","","Great my brother."
"Manohari Silva","https://www.facebook.com/manohari.silva","Exactly"
"Aruna Priyantha","https://www.facebook.com/aruna.priyantha.3994","[Sticker]"
"Ranga Thushara","https://www.facebook.com/people/Ranga-Thushara/pfbid02LVJJ3kFGFEQTK5qqmXqBd2amY2EDPocXrsZQQjGug5b92gAW5VRAVrobeCrytWpPl","ඇත්තටම කියනවා නම් ඇයි මේ වගේ පාපකර්ම විදියට මුන් ජීවත් වෙන්නේ අපි පොඩි කාලයයි ජීවත් වෙන්නේ ඒ කාලෙට අපි තියෙන දෙයක් තමයි අපි කරගත්ත දෙයක් තමයි අපි අරන් යන්නේ. අපි එව්වා කිසිම දෙයක් අරන් යන්නේ නෑ. ඇයි මේ දේ දන්නැද්ද සත්තු වගේ හැසිරෙන්න"
"Ranga Thushara","https://www.facebook.com/people/Ranga-Thushara/pfbid02LVJJ3kFGFEQTK5qqmXqBd2amY2EDPocXrsZQQjGug5b92gAW5VRAVrobeCrytWpPl","යන්න ආයි අපායක් නෑ ඇත්තම කියනවා නම් මමත් බෞද්ධයෙක් මගේ රට බෞද්ධ රට ේ මම නම් මේ ආත්මේ කරගන්න පින ආත්මය මොනවා වෙයිද කියලා මංවත් දන්නෑ බෞද්ධයෝ නෙමෙයි යනකොට අපි කිසිම දෙයක් අරන් යන්න ෙ මම නම් මොන වැරදි කරත් සිවුරකට කවදාවත් දෙයක් කරන්න ඒ මගේ සිරිතක්. මම බෞද්ධයෝ නෙමේ හරි ්‍රිස්තියානි කාරියෙක් හරි එහෙම නැත්නම් වෙනත් ආගමක් අදහන කෙනෙක් හරි වෙන්න ඇති උන්ට යන්න අපාය මුන්ව පාර හදා නිවරද"
"Sri Rani","https://www.facebook.com/sri.rani.75685962","You....a..great.."
"Josap Antani","https://www.facebook.com/josap.antani.35","[Sticker]"
"Josap Antani","https://www.facebook.com/josap.antani.35","[Sticker]"
"Josap Antani","https://www.facebook.com/josap.antani.35","[Sticker]"
"Josap Antani","https://www.facebook.com/josap.antani.35","[Sticker]"
"Alagan Jayasankar","https://www.facebook.com/alagan.jayasankar","Super super brother"
"Sriyani Dammika","https://www.facebook.com/people/Sriyani-Dammika/pfbid0YFs23eEqzBtCHeD6hasF3WWH7pUJYJFw2Yy9ci8xoN5RYaEdngrtAFQN2Boojn5vl","[Sticker]"
"Sunil Jayanetti","https://www.facebook.com/sunil.jayanetti.2025","අනෙක එහෙම නිදහස් කලොත් අනුර කුමාර ජනාධිපති තුමාට ලොකු.  පටලෘවිල්ලකට අහුවෙනවා, විපක්ෂය චෝදනා කරයි මුදලට,ආගමට, සිංහල කමට නිදහස් කලා කියලා. මා ලිමා ආණ්ඩුව ඒකෙන්ම ඉවරයි. හොර කිඹුල් කඳුලු වලට මාලිමා ආණ්ඩුව රැවටෙනු එපා. මේ දිය යටින් ගින්දර ගෙනියන්නේ.පොදු විපක්ෂෙ ගැටයක්. ගරු අධිකරණයට රජය ගරුකල යුතුමය. රෝයල් පාර්ක්,...දූම්න්ද තීන්දුත් තියනවා"
"Richard Romian Richard","https://www.facebook.com/people/Richard-Romian-Richard/pfbid02Q3AG51ZY4aJwpZMqN5VQBKMnaWLnSwEaXG4y6KoV1WMBBMFB6cdL3w8kRpgPBHekl","Good Speaking ❤️"
"Dumindu Chandana","https://www.facebook.com/dumindu.chandana.75","[Image Attachment]"
"Anas Mohamed Mohamed","https://www.facebook.com/anasmohamed.mohamed.58","Super"
"Ranjith Wijewardana","https://www.facebook.com/profile.php?id=100002231497224","අවජාතකයන්ට මූ පොරක් තමයි🤣"
"Shalika Gh","https://www.facebook.com/shalika.gh","👍👍👍"
"RM Chandrasiri","https://www.facebook.com/people/RM-Chandrasiri/pfbid0SRRQAoxNowMwT9C7XFNYVTxwiFCvHDpiauoH6UHtEX789FvLDEebsDNCqChYpcnAl","ඇත්ත"
"Nawaneliye Suwineetha Nawaneliye Suwineetha","https://www.facebook.com/nawaneliye.suwineetha.nawaneliye.suwineetha","අවජාතකයෙක්.."
"Konara Kumara","https://www.facebook.com/people/Konara-Kumara/pfbid02yCtvjmaVTCcb9q79GWkCSLMqvsoW2a5jgZnBbjpNuWCddDgeTmSBc4N9cHTvQnE4l","Great"
"Supun Hasantha","https://www.facebook.com/supun.hasantha.163287","තම්බියා නම් සතුටු වෙලා වීඩියො දාන එක හරි. ඒත් සිංහලයො?"
"Manoj Sanjaya","https://www.facebook.com/manoj.sanjaya.9066","කතාව කියන්නේ බොරු සිංහලයෙක්.මූ අන්තවාදී අදහස් ප්‍රකාශ කරන මුසල්මානුවෙක්...⁣පන් ගොකෝ ඔය.වගේ 3rd class අපත ඩෝබිලා දන්නෙම නැතිව  උන් තොපිව සුන්නත් කරලා තොප්පියක් දම්මනවා ..ගෙදර ගෑණු ළමයි @||@ කියද්දි තොපිට තේරෙයි කෙලවිලා කියලා ..ඒ දවස් වැඩි ඈතක නොවේ...එහෙන් born agin 😡 මෙහෙන් @||@ 😡"
"Sunimal Nayani","https://www.facebook.com/people/Sunimal-Nayani/pfbid05ycogF3Ua4qzXX7txadzoW7fnL6L5Qk9R41KGNFizXSenr5GRJHKDcEpnsP4csvPl","අන්න ... එහෙම තමයි කොල්ලා කතාකරන්න ඕනෙ.  රට වෙනුවෙන් , ජනතාව වෙනුවෙන් , යුක්තිය , නීතිය වෙනුවෙන්"
"Chukki Balasuriya","","😃😃"
"Ramya Nanyakkara","","[Image Attachment]"
"Sarath Appuhami","https://www.facebook.com/sarath.appuhami.50","❤️"
"Shehan Darshana","https://www.facebook.com/people/Shehan-Darshana/pfbid07gnDq2hjh5GLUXwz2P2v2Vagj8JL9oH3mWFTsPHj2ZdPS4NgoWp1tvNSx7SkEACjl","Pala thmboy ynna😂"
"Ananda Darmawansha","https://www.facebook.com/people/Ananda-Darmawansha/pfbid02J3esz7zfzSzLEsozERUFxZqi6FWrqQyoh1SZN17Ch7wGNNJDSJ2eSGgPaRvTaLCXl","උබට දැනුනේ නැද්ද පරයෝ තිලීපන්ගේ පිළිරුව ට මල්මාලා දානකොට කොටි සමරන කොට"
"Keerthe Singhe","https://www.facebook.com/keerthe.singhe.2025","යාපනෙ තිලිපන් ල පුුදර්සනය හා මිනිවලවල් ගොඩ දාන්න  තිස්ස විහාරය ඇතුලු සියලු බෟද්ධ හා පුැාන දේ විනාස කිරිම සහජීවනයද"
"Lasantha Perera","https://www.facebook.com/lasantha.perera.585","ඊබ්‍රාහිම් පවුල ගැන වචනයක් කතා නොකරන ජෙප්පෙක් කියනවා   ""ඥානසාර හිරේ යන්ඩම ඕන"" ලු."
"Sinniah Kumar","https://www.facebook.com/sinniah.kumar.75","pesu  jadiy patha mama singal girl  pathala invawa iya mama raiye hathara girl da my swet love my baby singal girl i am also happiy lif me"
"Lasantha Perera","https://www.facebook.com/lasantha.perera.585","එක තමයි 🐕‍🦺 අනගාරික ධර්මපාල කිවිවෙ ⁣මැරැනහම හිසවත් දාන්න එපා කියලා ලංකාව පැත්තට"
"Dushantha Lakmal","https://www.facebook.com/dushantha.lakmal.706032","සිංහල කථා කරපු පලියට උබලා සිංහල නෙමෙයි පකෝ 😂"
"Slay Abi","","Yeahhhh💘"
"Kanagaratnam Kirauvarajah","https://www.facebook.com/kanagaratnam.kirauvarajah","[Sticker]"
"Rathnayaka Rathnayaka","https://www.facebook.com/people/Rathnayaka-Rathnayaka/pfbid02RxmoJ8uCrZLHGX5qgyccf6v2ZocjrRQFmTDyRYfnVd2VwWDcSUEoQeGoHE7eFH6Rl","Ummmmaaaaa ❣️"
"Eranda Munasinghe","https://www.facebook.com/eranda.munasinghe.35325","කොටියට දෙමල එකෙක් බනින්නෙ නෑ, පාස්ක ගැහුව මුස්ලිම් උන්ට එක මුලිම් එකෙක් කට අරිනෙ නෑ,  සිංහලයා තමමයි තමන්ගෙ ජාතිය. වෙනුවෙන් කතා කරන එකාටම කෙලින එකම ජාතිය"
"Lal Subasinghe Handapanagala","https://www.facebook.com/lal.subasinghe.92","exellent"
"Yuvan Selva","https://www.facebook.com/people/Yuvan-Selva/pfbid0hn2gwZpTfLp6fW5pMhWmuV7iSLZQh7fLPSPvPckdQqe2z2GtZ8hpkenGfAA23vHrl","Respect"
"Ems Ems","https://www.facebook.com/ems.ems.567930","අති විශිෂ්ටතම  සිදුවීමක් ගිහියන් විසින් සංඝයානන් හට  නිවරදිව පසුවන්නට  දේශනාවක් .. ඒ මහතා මෙන් දහස් ගනනක් ඉදිරියේදි ඉදිරිපත් වන එක දැන් ආරමිභ කලා"
"Gerald Arumugan","https://www.facebook.com/gerald.arumugan","❤️❤️❤️"
"Anil Anil Bandara","https://www.facebook.com/anil.anil.bandara.2025","[Sticker]"
"Samarasingha Hemachandra","https://www.facebook.com/people/Samarasingha-Hemachandra/pfbid0rptnhb5KQfmyZhoZgTFmCmHs56DkjFwp2XSJ2y7Y5WjR92FEq52sQwf1VCSgQmGEl","Thank  oyata"
"Jude Saman","https://www.facebook.com/jude.saman.73","[Image Attachment]"
"Upali Wijekoon","https://www.facebook.com/upali.wijekoon.984","Supiri kathawa"
"Lesly Dias","https://www.facebook.com/lesly.dias.852104","Yes very good bro"
"Shiran J Kumarasinghe","https://www.facebook.com/shiran.j.kumarasinghe","[Image Attachment]"
"Sarath Bandara","https://www.facebook.com/people/Sarath-Bandara/pfbid025ShtWzDvJtSFMn3d541fhjRaDFX34GStXw6rxfZgFVJ94L34bVsEXATDoebn5VWl","[Sticker]"
"Karunajeewa Pulukkodi","https://www.facebook.com/karunajeewa.pulukkodi","👍👍👍"
"Santhi Diwakara","https://www.facebook.com/santhi.diwakara.2025","👍👑️💪"
"Anuradha Madhushanka","https://www.facebook.com/anuradha1234567","අනේ පල බල්ලො යන්ඩ , පාස්කු බෝම්බ ගැහුවෙ හාමුදුරුවෝ ද ?, එදා සෝම හාමුදුරුවෝ  බොහොම තැන්පත් භාශාවෙන් කිව්ව එක තමා මේ හාමුදුරුවෝ වේදනාවෙන් කේන්තියෙන් කිව්වෙ"
"Abdul Haleem","https://www.facebook.com/people/Abdul-Haleem/pfbid02W8zzvRGE95gfujKE6aq5zCqcyekv9Y5Sz5wKrw1FFVnEa6NKV1nkVUc5fLKBmK85l","Welcom my hand sam"
"Sriyavi Samarathunga","https://www.facebook.com/sriyavi.samarathunga.3","නියමයි සහතිකම ඇත්ත ඔබේ කතාව.මේ රටේ ජාති ආගම් අතර ප්‍රශ්න ඇති කල මේ වනචාරියා හිරේට යා යුතුයි.මූ කහා සිවුර පොරොවන් කරන්නෙ ගිහියෙක්වත් නොකරන පාහර වැඩ.කාලකන්නි ඝනයි රට කනවා."
"Anuradha Madhushanka","https://www.facebook.com/anuradha1234567","මම අලුතින් මට නමක් දාගන්නව ඒ නම පොකොමඩ් හබී, මම අලුතින් ආගමක් හදනව ඒ ආගමේ දෙවියන්ගෙ නම හුල්ලා, ඒ දෙවියන්ව මම සතුටු කරන්නෙ හුල්ලා අවක්බර් කියල, මට අවුරුදු 6 ක දරුවෙක් කසාද බඳින්න ආසාවක් ඇවිල්ල මම ඒ දරුව බැන්දොත් ඔයාල මාව හුල්ලා දෙවියො මේ ලෝකෙට එවපු දේවදූතයෙක් ලෙස පිලිගන්න හරිද?, හුල්ලාට විරුද්ධ වන අයට කරන්න ඕනෙ මොකද්ද කියල ඔයාලම කියන්න, මම හුස්ලිම් වරයෙක් කියල පිලිගන්න, මම හදන බොරු ආගම නිසා මිනිස්සු මරාගන්නව අනාගතයේදි ඒ ගැන වැඩිය හිතන්න එපා, ඔයාල මට නිකම් කන්න බොන්න ,ඉන්න  මාලිගාවක්, හදල දෙන්න ඒක හුල්ලා දෙවියන්ගෙ අණ,නුඹලා මට යටත් විය යුතුයි, දැන් මොකද කියන්නෙ, මට කැමති කැමති ගෑනු මම කසාද බඳිනව , එතන ආච්චිලාගෙ සිට අවුරුදු 6 ක පොඩි දරුව දක්වා ගෑනු ඉන්නව, උන්ට මම අණ කරනව ගෝනි පොරෝගන්න කියල අනිත් උන්ට පේන හින්ද, තව එකී මෙකී නොකී මට ඕන  ගොඩක් දේවල් මම ලියවනව , පොතක් විධිහට , ඒ පොතේ නම හුරාන්, දැන් මම කාටවත් අපහාස කරල නෑ, අනිත් අයත් ඉදිරියට මේ විධිහට ජීවත් වෙන්න , කියන්න ඕන දේ මෙහෙම කියපල්ල, හාමුදුරුවෝ මෙහෙම කිව්වනම් අද එලියෙ"
"Arri Perera","https://www.facebook.com/arri.perera.5","එලකිරි කොල්ලා රටේ බහුතරය ගැන බුදු ගුන වැයුවා වැවිල්ලක් ආයෙ කහකඩයට ඇඩ්‍රස් නැහැ  🤣🤣🤣🤣🤣"
"Chandana Peduruhewa","https://www.facebook.com/chandana.peduruhewa.2025","Great 👍"
"Selva Kumar","https://www.facebook.com/selva.kumar.701674","[Sticker]"
"Dileepa Rathnayaka","https://www.facebook.com/dileepa.rathnayaka.902","මේ රට විනාශයට මුල් වූ එකෙක් කොහොමත් සමාව දියයුතු නෑ"
"Alan Christo","https://www.facebook.com/alan.christo.9","[Sticker]"
"Ponnampalam Sivanantharajah","https://www.facebook.com/people/Ponnampalam-Sivanantharajah/pfbid02FeC89KCUTnaX7sNjykQRU8kZVUV6ykbCaVTHtMiZzh8xRaWKnqaWYa7g9DenoUSSl","Next AKD"
"Yogeswary Benadict","https://www.facebook.com/yogeswary.benadict","Yes true"
"Kumara Kumara","https://www.facebook.com/people/Kumara-Kumara/pfbid023PTErMPCdYgMF3iVvbVRiVknYbniqpjJXU7ugaRcd7GSaL1ZS65yyZFUeMNr7wecl","[Sticker]"
"Prabath Premakumara","https://www.facebook.com/prabath.premakumara.9","අවජාතක දීන නිවට පාහර සක්කිලි බල්ලෙක් අබ්දුල් රාසික් වගේ ත්‍රස්තවාදීයො බුදුන්ට අපහාස කලා ඒත් මේ ලොන්ත සිපයියා ඌට මොනවත් කලාද.... අනේ පලයන් බන් උබලගෙ 99% ක් ඉන්නෙ නොම්මර එකේ අන්තවාදියො උබ මුස්ලිම් බහුතරයක් ඉන්න තැනක වෙනත් ජාතිකයින්ට උබලගෙ තිරිසන් සැලකිලි බලා ගන්න පුලුවන්. උබල කරන පාහර වැඩ නිවටයො වගේ බලන් ඉන්නවානම් උබල හරි කැමතී. උබ අබ්දුල් රාසික් ගැන පොඩ්ඩක් පැහැදිලි කරපන්කො."
"Nilu Nilu","https://www.facebook.com/nilu.nilu.298244","[Image Attachment]"
"Dinuk Perera","https://www.facebook.com/dinuk.perera.3158","Good  bro"
"Nilu Nilu","https://www.facebook.com/nilu.nilu.298244","[Image Attachment]"
"Jega Jegatheesh","https://www.facebook.com/people/Jega-Jegatheesh/pfbid02P3PUZoJkxLWnCo3T2wPBKbdhUbzvok9gYVMAYAnFVz5aVqk3rHZ9zF58LV8RKU9xl","Super"
"Thavamany Thaavamany","https://www.facebook.com/thavamany.thaavamany","V.V GOOD"
"Weena Asurapperuma","https://www.facebook.com/weena.asurapperuma","👍👍👍"
"Rangana Kumara","https://www.facebook.com/rangana.kumara.5454","සක්#කිලි ප#කයා"
"දර්ශි ලියනගේ","https://www.facebook.com/profile.php?id=100078173722823","👊💙"
"Suchitha Mahayahage","https://www.facebook.com/suchitha.mahayahage","හ.වේ.පුතා පුප දීපන් ගිහින්"
"Suchitha Mahayahage","https://www.facebook.com/suchitha.mahayahage","අනේ තෝ දන්න මුඟුල. පලයං පොම්නයා යන්න."
"Mahendra Jayalath","https://www.facebook.com/mahendra.jayalath.9","Niyamai putha   oya ta budusaranai"
"Suchitha Mahayahage","https://www.facebook.com/suchitha.mahayahage","රටේ කරුමෙට උපන් කාලකණ්ණි බල්ලෙක්. හාමුදුරුවෝ හිරේ දාන්නම ඕනෙ කියලා ඕකට වැඩිකල් යන්න බැරි වෙයි. තමන්ගේ ජාතියට හෙණ ගැහුවත් කමක් නැති කවලං බල්ලො"
"Ranga Ranga","https://www.facebook.com/people/Ranga-Ranga/pfbid0tepx2BAhvkTZ3QmEf4y9hnFYgTvhAxEbMig6JnHpFsvcEYSc6xH8ahP7WxGobWiCl","Maru brooo"
"Nijabdeen Nijabdeen","https://www.facebook.com/nijabdeen.nijabdeen.2025","Mybrorespekt"
"Rani Kumari","https://www.facebook.com/people/Rani-Kumari/pfbid0H5QqJyCuK6PFYZayjLrtkFLknRWJC6nqVCpXVxsMd8T9Vji5n2vvLbfFUjXr1ankl","[Sticker]"
"Shameer Shameer","https://www.facebook.com/mmshameer","[Image Attachment]"
"Lkg Jayasinha","https://www.facebook.com/lkg.jayasinha","[Sticker]"
"Jenison Daniel","https://www.facebook.com/jenison.daniel.2025","[Image Attachment]"
"Lkg Jayasinha","https://www.facebook.com/lkg.jayasinha","[Sticker]"
"Lkg Jayasinha","https://www.facebook.com/lkg.jayasinha","[Sticker]"
"Lkg Jayasinha","https://www.facebook.com/lkg.jayasinha","[Sticker]"
"Lkg Jayasinha","https://www.facebook.com/lkg.jayasinha","[Sticker]"
"Lkg Jayasinha","https://www.facebook.com/lkg.jayasinha","[Sticker]"
"Ajith Weerakoon","https://www.facebook.com/people/Ajith-Weerakoon/61586482201195","Niyama porak"
"Samantha Tushara","https://www.facebook.com/samantha.tushara.7","කියන්න ඕන එක ලෙසටම කිව්වා...ජ්ය වේවා"
"Rohan Sanjeewa Rohan Sanjeewa","https://www.facebook.com/rohansanjeewa.rohansanjeewa.90","පල පල යන්න වයිරෙන් මත් උන කුහකයෙක්,,යකෝ සමාව දෙන්න ඕනේ මිනිස්සු උනහම"
"Chaminda Perera","https://www.facebook.com/chaminda.perera.5642","අනිව හාමුදුරුවො එලියට එන්න ඕනා"
"Fazeem Siddeek","https://www.facebook.com/fazeem.siddeek","Sure"
"Kanthi Hadapangoda","https://www.facebook.com/kanthi.hadapangoda.1","Very good person"
"Ravindu D Abeygunawardhane","https://www.facebook.com/people/Ravindu-D-Abeygunawardhane/100010904989078","සක්කිලි බල්ලෙක්.."
"Gamini Ratnayaka","https://www.facebook.com/people/Gamini-Ratnayaka/100093409905145","අම්මටසිරි සිංහල බෞද්ධයෝ වෙනුවෙන් පෙරට ඇවිත් ඉන්නෙ දාර තම්බියෙක්නෙ."
"Alrx Scott","","නියම සින්හයො"
"Janaka Chaminda Wijesinghe","https://www.facebook.com/sampath.kanishka.bandara","Sooo true ban"
"Asanka Kumara","https://www.facebook.com/asanka.kumara.464919","අනෙබන් උබලගෙ බවුද්ද කම රෙද්ද පල්ලෙ බේරෙනව"
"Thilakarathna Thilaka","https://www.facebook.com/thilakarathna.thilaka.765722","නියමයි"
"Micha Micha","https://www.facebook.com/micha.micha.718324","Respect ❤️ 👌"
"Ranjith Dahanaka","https://www.facebook.com/ranjith.dahanaka.2025","[Sticker]"
"Thissa Kumara","","[Sticker]"
"Daham Ranasingha","https://www.facebook.com/daham.ranasingha.14","එතකොට ලෝගු ත්‍රස්තවාදියෝ අවුලක් නැතුව ඇති"
"Daham Ranasingha","https://www.facebook.com/daham.ranasingha.14","රටට ආදරේ කරනවා නම් පොඩ්ඩක් යාපනේ පැත්තෙ ගිහිල්ලත් බලපන්"
"Nandana Priyantha","https://www.facebook.com/nandana.priyantha.946224","😝"
"SN SN","https://www.facebook.com/sn.sn.908382","Nice  buroo"
"Sandanayaka Senevirathna","https://www.facebook.com/people/Sandanayaka-Senevirathna/pfbid0hmNgeMHp6KXdJVqTqXgFVgYUq4fNcnDbxNeQbJjbuS8tMUubf7aeAYKvn4rBvy3Rl","[Image Attachment]"
"Sandanayaka Senevirathna","https://www.facebook.com/people/Sandanayaka-Senevirathna/pfbid0hmNgeMHp6KXdJVqTqXgFVgYUq4fNcnDbxNeQbJjbuS8tMUubf7aeAYKvn4rBvy3Rl","[Image Attachment]"
"Sellappan Leeban Raviraja","https://www.facebook.com/sellappan.leebanraviraja.9","Exactly 💯 Brother"
"Nandani Karunaratne","https://www.facebook.com/nandani.karunaratne.12","Ane pimpiya සිංහල  jatiya wenuwen katha kale උන්වහන්සේ  විතරයි .gihin balapan tissa විහාරය  පැත්තේ ."
"Samanmali Perera","https://www.facebook.com/samanmali.perera.873797","අනේ පලයං බං යන්න ඔය සද්දේ දාන්න කියපන්කො ගිහිල්ලා උතුරෙ අර කෑගහන එවුන්ට හාමුදුරු නමකට කෑගහන්නේ හරි චීවරධාරියෙක් මිනිස්සු මොන දේ කිව්වත් ගහන්නේ නෑ කියලා ඌ දන්නව බෞද්ධ දර්ශනය අන්න ඒකයි හරි ස්වාමීන් වහන්සේ කෙනෙකුත් ඒ වගේ ම මේක පොරක් කියල මං පිළිගන්නවා උතුරේ අරගෙන දෙමළුන්ට සද්දෙ දැම්මනම් ගිහිල්ලා කාඩ්බෝඩ් චරිත"
"Akila Shiwantha","https://www.facebook.com/akila.shiwantha.2025","Samanmali Perera"
"Anil Roshan","https://www.facebook.com/anil.roshan.336","Oyage Katawa Supiri Atta. Oya Hora Ganaya Nudahas  Unot Nawata Jati wada Agam wada Notek Asikkita Weda Karanna puluwan.Samakamy Janajeewitayata Tarjanayak."
"Sam Ctda","https://www.facebook.com/don.samantha.7587","Api okkoma eka rataka minissu... Gaanaasaaraya rata bedapu porak Api piligannawaa"
"Sam Ctda","https://www.facebook.com/don.samantha.7587","Akd ess bandalala innee kiwwaa"
"Dharmapala Ranhotigedara","https://www.facebook.com/dharmapala.ranhotigedara.2025","මරියානාඅඝාධයේ ගිල්වා දමන්න ඕන පරයෙක්"
"Kapila Herath","https://www.facebook.com/kapila.herath.92351","[Image Attachment]"
"Roshan Fernando","https://www.facebook.com/profile.php?id=61593763914601","ප්‍රබාකරන්ටයි නානාටයි කලවම්වෙලා ජාතික උනු සක්කිලි තමයි ඔය කෑගහන්නේ 👉👌🤌"
"Kapila Herath","https://www.facebook.com/kapila.herath.92351","[Image Attachment]"
"Nimesh Harshana","https://www.facebook.com/nimesh.harshana.902495","Parainta  kelawena  dawasak  enawa,,edatath  adawagema  thambinta  pukadeepalla"
"RA RA","https://www.facebook.com/people/RA-RA/pfbid0vtMGbJeK8dGhHF5BsnsqX8ugsgyVZ6rgz8JqewjTijDhrKosAa4U9im7HcJiAr5el","ඒ අස්සන් ලියුම කියවන්න ජනාධිපතිවරයාගේ ඇස් බැඳලා තියන නිසා ලියුම කියවන්න බැ."
"Sadew Sadhew","https://www.facebook.com/sadew.sadhew","[Image Attachment]"
"Sadew Sadhew","https://www.facebook.com/sadew.sadhew","[Image Attachment]"
"Sadew Sadhew","https://www.facebook.com/sadew.sadhew","[Image Attachment]"
"Sadew Sadhew","https://www.facebook.com/sadew.sadhew","[Image Attachment]"
"Sadew Sadhew","https://www.facebook.com/sadew.sadhew","[Image Attachment]"
"Sadew Sadhew","https://www.facebook.com/sadew.sadhew","[Image Attachment]"
"Sadew Sadhew","https://www.facebook.com/sadew.sadhew","[Image Attachment]"
"Sadew Sadhew","https://www.facebook.com/sadew.sadhew","[Image Attachment]"
"Sadew Sadhew","https://www.facebook.com/sadew.sadhew","[Image Attachment]"
"Nimesh Harshana","https://www.facebook.com/nimesh.harshana.902495","Namata  sinhala  namuth  mun  jathaka  wela  thiyenne  thambiyekta  ehema  nathnam  demalekta,,ekai  ghanasara  himi  munata  elagic,,eya  niyama  sinhalayek  nisha"
"Sadew Sadhew","https://www.facebook.com/sadew.sadhew","[Image Attachment]"
"Sadew Sadhew","https://www.facebook.com/sadew.sadhew","[Image Attachment]"
"Sadew Sadhew","https://www.facebook.com/sadew.sadhew","[Image Attachment]"
"Sadew Sadhew","https://www.facebook.com/sadew.sadhew","[Image Attachment]"
"Sadew Sadhew","https://www.facebook.com/sadew.sadhew","[Image Attachment]"
"Ajith Maraulla","https://www.facebook.com/ajith.maraulla","superiiiiii....."
"Jayanthi Manoranjana","https://www.facebook.com/jayanthi.manoranjana","ගැම්මක් තමයි සහෝ"
"Mohomad Aslam","https://www.facebook.com/aslam.mohomad.7","Respect brother"
"Nimesh Harshana","https://www.facebook.com/nimesh.harshana.902495","Me  sinhala  nam  walin  post  dana bahutharayak  kona  kapapu  thambinge  pai  walata  jathaka  wechcha  namata  sinhala  wechcha  awajathaka   para  ballo  belliyo,,ekai  sihalakamata  me  tharan  garahanne"
"Hpa De Costa","https://www.facebook.com/hpa.de.costa","[Sticker]"
"Hpa De Costa","https://www.facebook.com/hpa.de.costa","[Sticker]"
"Sarath Warnakulasooriya","https://www.facebook.com/sarath.warnakulasooriya.2025","👍👍  ඕක හාමුදුරුවන් වහන්සේ කියන්න එපා  සිවුරටත් බුද්ධ ශාසනයත්  විනාශ කරන අමු කුහක  ජාතිවාදී  ඇවිස්සීම සක්කිලි ගණයෙක්  ඕකට නිදහස දෙන්ට එපා.ජනාධිපතිතුමා ජනතාව වෙනුවෙන් අපි විරුද්ධයි  අසූචි කන එකෙන් 🤣🤣"
"Kamur Musa","https://www.facebook.com/people/Kamur-Musa/pfbid0NiPPRkt8rEXDUMeAuQpg1L7hNyweescN6nbqRNKHAVarf7p9Jkkk6cxgySWWhG7fl","Really good"
"Suranga Komadu","https://www.facebook.com/people/Suranga-Komadu/pfbid0BhqQAkwtfzT7995E1qbyak3htnA2DQMWQ7Sfioxt9dRXDBgsQbPFhEK7RLLJE8CFl","[Sticker]"
"Suranga Komadu","https://www.facebook.com/people/Suranga-Komadu/pfbid0BhqQAkwtfzT7995E1qbyak3htnA2DQMWQ7Sfioxt9dRXDBgsQbPFhEK7RLLJE8CFl","[Sticker]"
"Suranga Komadu","https://www.facebook.com/people/Suranga-Komadu/pfbid0BhqQAkwtfzT7995E1qbyak3htnA2DQMWQ7Sfioxt9dRXDBgsQbPFhEK7RLLJE8CFl","[Sticker]"
"Renuka Pathirana","https://www.facebook.com/renuka.pathirana.921983","අනිවාර්යෙන් ම ඇත්ත"
"Ajith Samantha","https://www.facebook.com/people/Ajith-Samantha/pfbid032cTUEPtnsfATXtaJMBqACg7hqSh1soxKp2kvhPZTe8mTTN3iXZygmGBLdS4KiYCMl","Duppa 👍"
"Sajeewa Perera","https://www.facebook.com/profile.php?id=100007327563082","❤️🙏👍 ජය වේවා මල්ලි"
"Nimesh Harshana","https://www.facebook.com/nimesh.harshana.902495","Mu  ekenma  sunni  muslim  baiyek,siya  muslim  wenna  be, me  huththige  pakayata  pansal  walata  gahapuwa   budupilima  kadapuwa  amathaka  wela mu  raganne  sinhalayek  wage ,niyama  singha  le  walata  mun  kemathi  na,,niyama  sinhalayath  ekka  mun  dannawa  munta  happenna  ba  kiyana  eka,,me  wage  kona  kapapu  un  sinha  wesayen  enne  ekai"
"Nasrin Kalu","https://www.facebook.com/nasrin.kalu.2025","Alal"
"Rajantha Lakmal","https://www.facebook.com/rajantha.lakmal.3","මං කියන්නෙ සිංහලයට කෙල උනෙ අනික් ආගම් වලට ඉඩ දීලා  බුදු දහමෙත් අනික් ආගම් පැතිරෙන්න කලින් තද නීති දලා තිබ්බනම් අද ඔම වෙන්නෙ ණැ"
"Bala Rani","https://www.facebook.com/bala.rani.56614","Thank you. Bro"
"Darshana Weerasinghe","https://www.facebook.com/darshana.weerasinghe.708854","මේ හාමුදුරුවෝ වලත්තයෙක් වසලයෙක්."
"Nuwan Sumedha","https://www.facebook.com/nuwan.sumedha.9","ගෝතයෙක්"
"Rajantha Lakmal","https://www.facebook.com/rajantha.lakmal.3","අනික රටක ආගමක නීති දාන්න අවශ්‍ය නෑ කුරානයටත් අලුත් දේවල් එකතු කරන්න තහනම් නේද..අගමෙ නීතිය තමයි අන්තවාදය වෙන්නෙ"
"Rajantha Lakmal","https://www.facebook.com/rajantha.lakmal.3","සිංහල කොල්ලෙක් නෙවෙයි වෙන්න පුලුවන් ඔහු වෙන ආගමක වෙන්න පුලුවන් මාලිමා කෙනෙක් වෙන්න පුලුවන්"
"Leelananday Disanayake","https://www.facebook.com/people/Leelananday-Disanayake/pfbid02jB4a5VHyF69vFHZfd9NwRsRh1BMmLwuFtM9RhMBzPMwgP1bVrYvoz5so4kq4hCP9l","සිවුර ගලවා කොක්කක එල්ලා ඕකට නිල් වෙන්න ගහපන්කෝ."
"Rajantha Lakmal","https://www.facebook.com/rajantha.lakmal.3","මෙමයි මද්‍ර සා පාසල් වල අන්ත වාදය උගන්වනවා කියලා ඔඩිට් එකෙ පිලිගත්තා කුරානයෙ අන්තවාදි කොටස් හදුනා ගත්තා. ඔව්න් ඒ සදහා පෙලබවීම ඔව්න් දැක්කා එසෙනම් ඒවා එලිකරපු කෑගහලා කිව්ව හාමුදුරුවො අපහසයක් කරේ නෑනෙ එම කෑගැහැව්වෙ නැත්නම් අද වෙනකොට මොනා වෙයිද..ඒ සංවිදාන"
"Thalahagama Narada Thera","https://www.facebook.com/people/Thalahagama-Narada-Thera/pfbid022aPCs16LWGfimTFSVaA7xhQqQE8xtnJBjPD3Mxr4X5ACEt1zfkJp6paX8tS18QYTl","ලංදේශි ජාන වලින් ඉපදිච්ච පාහරයෙක් වෙන්න ඔින"
"Puhulhena Rathnasiri","https://www.facebook.com/puhulhena.rathmasiri","ජරා  බල්ලෙක් මූ"
"Nimesh Harshana","https://www.facebook.com/nimesh.harshana.902495","Aniwaryenma  mu  sunni  muslim  baiyek,,"
"Wickramarathna Wickramarathna","https://www.facebook.com/wickramarathna.wickramarathna.37","රාජපක්ෂලගේ සල්ලි වලට උඩු බුරන චිවරදාරින්  පවුකාරයො සිංහල දෙමළ මුස්ලිම් හැමෝම එකට ඉන්න ඔන"
"Nimesh Harshana","https://www.facebook.com/nimesh.harshana.902495","Tho  sinhalayek  nemei,,ekenma  tho  awajathaka"
"Wickramarathna Wickramarathna","https://www.facebook.com/wickramarathna.wickramarathna.37","[Image Attachment]"
"Wickramarathna Wickramarathna","https://www.facebook.com/wickramarathna.wickramarathna.37","[Image Attachment]"
"Mohamed Zarook","https://www.facebook.com/people/Mohamed-Zarook/pfbid02gh87YNZ1ejn4jQn4rvW786VKyH6MYiue95FwySX8VzXGtaa7BWgLWocL3Vnt3Qwpl","Konda  tiyenne  muta witarada"
"Wickramarathna Wickramarathna","https://www.facebook.com/wickramarathna.wickramarathna.37","[Image Attachment]"
"Wickramarathna Wickramarathna","https://www.facebook.com/wickramarathna.wickramarathna.37","[Image Attachment]"
"Namasivayam Yogaeshweran","https://www.facebook.com/namasivayam.yogaeshweran","එයා අද වෙනකන් නීතියට ගරුකිරීමක් කරලා නැ. උසාවියට කට්ටි පැනලා තමයි ඉන්නේ ."
"Christy Quintan","https://www.facebook.com/christy.quintan","Very good sir thanks 🙏🙏🙏👍"
"Thilanga Wellappuli","https://www.facebook.com/thilanga.wellappuli","සිවුරක් දාගනිපු 🐃"
"Kapila Chandrasekara","https://www.facebook.com/kapila.chandrasekara.2025","Niyamai කොල්ලෝ gahanna tibunee hora ganaslata"
"Nihal Ferdinando","","විශඝෝර නයි පොළඟා ආදරේට ඇතිකළ නොහැක, ඥානසාරද එවන් පැන පැන දශ්ඨ කරණ පොළඟා හා සමානය. කළයුත්තේ විෂදළ ගලවා සිරගත කිරීමය.වෙන ප්‍රතිකර්ම නැත."
"Chandana Anuradha","https://www.facebook.com/vhandana.anuradha","[Sticker]"
"Karu Vilsan","https://www.facebook.com/karu.vilsan.73","[Sticker]"
"Namali Darmasooriya","https://www.facebook.com/people/Namali-Darmasooriya/pfbid02hN17FksszM11KKntkdgzgRUti15swJ7o2XY1Qi2wGhpnHUaZ9yNcG8GuL4uPpfU4l","Aniwataye hiredannaon"
"Lalantha Rangana","https://www.facebook.com/profile.php?id=61574005022294","ඕකට තමයි කියන්නේ ශ්‍රී ලංකාවේ නියම පිරිමියෝ ඉන්නවා කියලා"
"Zameek Ziyad","https://www.facebook.com/zameek.ziyad","Super bro👍"
"Athula Kulasiri Jayasinghe","https://www.facebook.com/people/Athula-Kulasiri-Jayasinghe/pfbid02hunMejWJ9L7zJzjxd5CACndSKMH4FWA79xR1MumUoEwVBguULkkPpJ1Bwqt5YLhzl","සහතික ඇත්ත කතාව"
"Waruna Kumara","https://www.facebook.com/waruna.kumara.313924","ඔයා සිංහල බෞද්ධ හාමුදුරුවෝ ගැන කතා කරන්නේ ඔයා මුස්ලිම් වෙලා වෙලා. ඔයා ඔය බෝම්බ ගහලා පුපුරවගන්න ත්‍රස්තවාදීන් ගැන කතා කරන්නකෝ ඒගොල්ලන්ගේ පවුල් වල කට්ටියට ඒකට සම්බන්ධ වුණු කට්ටියට දෙන්න ඕන දඩුවම ගැනත් ඔයා කතා කරන්නකෝ,,එකක් සිංහල බෞද්ධයෝ හිතා ගනිල්ලා අපට කෙලවෙනකොට එකෙක්වත් නෑ කියන එක,,,ඥානසාර හාමුදුරුවෝ සීයට සීයක් හරියි කියලා මම  කියන්නෑ"
"Pathama Nagoda","https://www.facebook.com/pathama.nagoda","අනිවාර්යයෙන්    සුපිරියි ❤️❤️❤️❤️❤️❤️❤️"
"Fowzul Ameer","https://www.facebook.com/fowsulameer.fowsulameer.7","[Sticker]"
"Nilanka Sampath","https://www.facebook.com/nilanka.sampath.561133","[Image Attachment]"
"Waruna Kumara","https://www.facebook.com/waruna.kumara.313924","ඔය කතා කරන මෑන් පුළුවන් නම් එළිපිටකියන්නෙ හරියට කෙලින් කියන්නෙ ඔයා ගුරුකාව ඇඳලා එහෙම නැත්නම් මූණ වහගෙන නර්සර්ස්ලා වැඩ කරන එකට කැමතිද අකමැතිද ඒක හරිද"
"Npp Alawathugoda","https://www.facebook.com/dgpk.rathnasiri","අනිවාර්යෙන් හෙටේ දාන්න ඕන"
"Greshan Eranga","https://www.facebook.com/greshan.eranga.2025","බුද්දිමත්ව හිතන්නට යමක්.... 🤔"
"Siri Sigiriya","https://www.facebook.com/siri.sigiriya.2025","සත්‍යය කතාවක් ජනාදිපති සමාව අවශ්‍යය නැහැ"
"Shalika Senadeera","https://www.facebook.com/shalika.senadeera.2025","අනෙ උබල ටවුන් එකෙ ඉදං මොනවද දන්නෙ බයියො"
"Sarath Jayawardana","https://www.facebook.com/sarath.jayawardana.507","[Sticker]"
"Shalika Senadeera","https://www.facebook.com/shalika.senadeera.2025","මුං බෞද්ධ අම්මගෙ රෙද්ද තමයි බෞද්ධ යකො බෞද්ධ පන්සල් වල ඉඩම් පුරාවිද්‍යා ඉඩම් මුස්ලිම් ජනතාව අල්ලගෙන ගෙවල් හදල සඳකඩ පහනට ෂවර් එක හයි කරලා නානවා ඒවට කෑගහන ඥානසාර හිමියෝ වැරදි කියන ගොත පොනිනයො කොහෙද බල්ලො බෞද්ධ වෙන්නේ ආගම් ජාතිය බල්ලටම දානකන් පොන්නයො වගෙ බලං ඉන්න උන් බෞද්ධ වෙන්නෑ උං තමයි මිත්‍යාදෘෂ්ටික ආගමිකයන් එහෙම එකෙක් තමයි ඔය"
"Mohamed Kiyas","https://www.facebook.com/kiyashaneefa.kiyas","Excellent bro 👌 👏"
"Ranjith Mery","https://www.facebook.com/ranjith.mery.2025","👍🏿👍🏿👍🏿👍🏿👍🏿"
"Mohamed Mahees","https://www.facebook.com/people/Mohamed-Mahees/pfbid02AYn9f6e7DvqcMLuVsfheHcGCUmHHFEZCXkpd9sZGr7AbLCJbhfHYiNEi7mrkk6snl","[Image Attachment]"
"Shalika Senadeera","https://www.facebook.com/shalika.senadeera.2025","තො පොන්නයෙක් උනාට අපිට එහෙම බෑ පොනිනයො අපේ කොල්ලො බර ගානක් මරපු ත්‍රස්තවාදීන් සමරද්දී තොට පොන්නය වගෙ ආගම ජාතිය බල්ලටම දාල ඉන්න පුළුවන් උනාට ගෙරියො අපිට බෑ"
"Susil Piyarathna","https://www.facebook.com/susil.piyarathna.619414","අමු හරකෙක්"
"Waruna Kumara","https://www.facebook.com/waruna.kumara.313924","මේකේ කමෙන්ට්ස් දාන ගොඩක්    පුද්ගලයන්ගේ ප්‍රොෆයිල් බලද්දි උන් මේකට විරුද්ධ වෙනවා වගේම මඩකලපුවේ නර්සර් ස්ලා මුස්ලිම් ඇඳුම අඳින එකට වත් එහෙම නැත්නම් ැවතත් ත්‍රස්තවාදයක් ප්‍රවර්ධනය කිරීමට කටයුතු කරන කට්ටියටවත් මේ  මේ ආකාරයට විරුද්ධව කතා කරන්නේ  නෑ   හොඳ සිංහලයො වෙන්න පුළුවන්. සමහරු බොරුවට සිංහල නම් දා ගත්ත ඈයෝ පුළුවන් නම් ඒවටවත් මේ ආකාරයෙන් විරුද්ධව කතා කරපල්ලකෝ  මේ කතා කරන පුද්ගලයත් අනිත් ුස්ලිම් හෝ ද්‍රවිඩ හෝ කරන අන්තවාදී වැඩ වලට මේ වගේම කතාකරපන්කෝ"
"Shalika Senadeera","https://www.facebook.com/shalika.senadeera.2025","තො පොන්නයෙක් උනාට අපිට එහෙම බෑ පොනිනයො අපේ කොල්ලො බර ගානක් මරපු ත්‍රස්තවාදීන් සමරද්දී තොට පොන්නය වගෙ ආගම ජාතිය බල්ලටම දාල ඉන්න පුළුවන් උනාට ගෙරියො අපිට බෑ"
"Siu Helaya","https://www.facebook.com/siu.helaya","Niyamai"
"Bandara Amcs","https://www.facebook.com/bandara.amcs","සමාව නේද."
"Gamunu Disanayaka","https://www.facebook.com/people/Gamunu-Disanayaka/pfbid02tNLRkMJaJxGfPxeaUHEMmXAdE488KVpJocR2mE7cmETUVRtYymr4dgXcmcx5Ww7pl","Top class 💕 very best"
"Gamunu Disanayaka","https://www.facebook.com/people/Gamunu-Disanayaka/pfbid02tNLRkMJaJxGfPxeaUHEMmXAdE488KVpJocR2mE7cmETUVRtYymr4dgXcmcx5Ww7pl","Super super super bro super"
"Ajm My","https://www.facebook.com/ajm.my.3","Wow bro"
"Nuwan Prasanga","https://www.facebook.com/people/Nuwan-Prasanga/pfbid02Bpc2zsCexcVaGg743Jh9fKpgBDert8HZ8p7iBa1JmZnb6GFcz3V3PUNAySBdQAFfl","යකෝ මේ මට්ටයෙක්නෙ.මුන් කවදද හාමුදුරුවන් වහන්සේලා එක්ක හෝ සිංහලයා එක්ක සහජිවනයෙන් හිටියේ.මේ මට්ටයගෙ ප්‍රොෆයිල් එකට ගිහින් බලපියව් සිංහල මෝඩ හැතිකරෙ මට්ටයගෙ අන්තවාදී කම"
"Krishantha Krishantha","https://www.facebook.com/krishantha.krishantha.378615","🔥🔥🔥🔥🔥🔥"
"Dilini Kaushalya","https://www.facebook.com/dilini.kaushalya.35","නානසාරගෙ ගූ කාපන් තම්බියා.. 🤮"
"Sirikkumara SV","https://www.facebook.com/sirikkumara.sv","[Sticker]"
"Thusitha Sithamina Kularathna Kularathna","https://www.facebook.com/thusitha.sithamina.kularathna.kularathna","[Image Attachment]"
"Priyangika Chamani","https://www.facebook.com/people/Priyangika-Chamani/61577246234610","[Sticker]"
"Mohamed Sadeek","https://www.facebook.com/mohamed.sadeek.963","[Sticker]"
"Rajitha Sanjeewa","https://www.facebook.com/rajitha.sanjeewa.180","මුස්ලිම් මිනිස්සුත්.  ඈ ඒවා හංගන් ඉන්නකොට බොදු බල. බොදු බල සේනාවේ නායක හාමුදුරුවෝ හොඳයි.  මතක.  මතක ඇතිනේ මුස්ලිම් මිනිස්සු කඩු ගෙනල්ලා පල්ලි වල තියාගෙන හිටියා ඈ ඒක අඩු මොකටද කියලා ඇහුවම පිටිපස්සේ කැලේ කපන්න කිව්වා. අනිත් එක මට ඔය තරම් අමාරුවත් තියෙනවනම් ඕකව ගෙදර අරන් ගිහිල්ලා. ගෑනිම දීපන් ගෑනිව දීලා පැටියෙක් හදාගෙන"
"D Nilmini Senawirathna","https://www.facebook.com/people/D-Nilmini-Senawirathna/pfbid0M3dJGCBpKB3mJTDAx4vkoAeziHcjRas6JtCYwrNDKNzCZKFYn2mHC1zf3MAU8ojVl","[Sticker]"
"D Nilmini Senawirathna","https://www.facebook.com/people/D-Nilmini-Senawirathna/pfbid0M3dJGCBpKB3mJTDAx4vkoAeziHcjRas6JtCYwrNDKNzCZKFYn2mHC1zf3MAU8ojVl","[Sticker]"
"D Nilmini Senawirathna","https://www.facebook.com/people/D-Nilmini-Senawirathna/pfbid0M3dJGCBpKB3mJTDAx4vkoAeziHcjRas6JtCYwrNDKNzCZKFYn2mHC1zf3MAU8ojVl","[Sticker]"
"D Nilmini Senawirathna","https://www.facebook.com/people/D-Nilmini-Senawirathna/pfbid0M3dJGCBpKB3mJTDAx4vkoAeziHcjRas6JtCYwrNDKNzCZKFYn2mHC1zf3MAU8ojVl","[Sticker]"
"Roshan Perera","https://www.facebook.com/roshan.perera.3958","True..👍"
"Thiwen Kulathilaka","https://www.facebook.com/thiwen.kulathilaka.2025","ඇත්තටම ඔය හොර ගනයොංට සිඋර ගලවලා ගහන්න ඕනෙ කාලකණ්ණි"
"Francis Victor","https://www.facebook.com/francis.victor.391420","Very good bro .i respact u ,i blesse u ."
"Jude Loganathan","https://www.facebook.com/murut.paluan.58","[Image Attachment]"
"Shanon F'do","https://www.facebook.com/shanon.fdo.10","නානසාරය තමයි..ජාතිවාදයෙ පියා.. ඕක යන යන තැන ජාතිවාදය ඖස්සනවා.. ඕකව මම නම් හාමුදුරු නමක් කියල පිලිගන් නෑ කීයටවත්."
"RRasika Jayasinghe","https://www.facebook.com/rrasika.jayasinghe","https://www.facebook.com/share/r/1DrRfoRyd7/"
"Sudantha Rathnayake","https://www.facebook.com/sudantha.rathnayake.73","සුපිරි"
"Wishmith Perera","https://www.facebook.com/people/Wishmith-Perera/pfbid02DCYgeTJnNCkuxx2GpVT7qCC9U9qi87PjjpYQLT5v6xM5tXbPK8LMSiPXU6Hsvyf6l","Ganayanta kiwwwa niyameta."
"Wishmith Perera","https://www.facebook.com/people/Wishmith-Perera/pfbid02DCYgeTJnNCkuxx2GpVT7qCC9U9qi87PjjpYQLT5v6xM5tXbPK8LMSiPXU6Hsvyf6l","Supiri kollek"
"Sampath Dishanayaka","https://www.facebook.com/sampath.dishanayaka.252513","Thopi wage gon harak"
"Isuru Udayanga De Silva","https://www.facebook.com/isuruudayanga.desilva","උබලාගෙ උන් කරන්නෙ..මොනාද. පල මුසලයා"
"MH Isharaka","https://www.facebook.com/mh.isharaka","ගමේ ජෙප්පෝ ගොන් පාට් දානකොට නායක ජෙප්පෝ බලන විදිය"
"MH Isharaka","https://www.facebook.com/mh.isharaka","[Image Attachment]"
"MH Isharaka","https://www.facebook.com/mh.isharaka","[Image Attachment]"
"Vijay Pathman","https://www.facebook.com/vijay.pathman","Good ❤️❤️❤️❤️"
"MH Isharaka","https://www.facebook.com/mh.isharaka","[Image Attachment]"
"MH Isharaka","https://www.facebook.com/mh.isharaka","[Image Attachment]"
"MH Isharaka","https://www.facebook.com/mh.isharaka","[Image Attachment]"
"MH Isharaka","https://www.facebook.com/mh.isharaka","කොහේ හරි ආණ්ඩුවට එරෙහිව විරෝධතාවක් යනකොට පැලවත්තේ කාඩර් ලොන්තයෙක් එවලා ඒක video  කරලා facebook දැම්මම කුඩා මොළ ජෙප්පෝ හිතන් ඉන්නේ උන් දින්නනවා කියලා"
"MH Isharaka","https://www.facebook.com/mh.isharaka","ජෙප්පෝ නැට්ට පුකේ ගහගන්න වීරයෝ"
"MH Isharaka","https://www.facebook.com/mh.isharaka","ජෙප්පන්ගේ වීර⁣යා"
"MH Isharaka","https://www.facebook.com/mh.isharaka","වීරයෝ"
"Mohammed Irshad","https://www.facebook.com/irshad.mohamed.58511","Yes"
"MH Isharaka","https://www.facebook.com/mh.isharaka","[Image Attachment]"
"MH Isharaka","https://www.facebook.com/mh.isharaka","[Image Attachment]"
"ML Miltan","https://www.facebook.com/ml.miltan","[Sticker]"
"MH Isharaka","https://www.facebook.com/mh.isharaka","පැලවත්තේ ඩෝබියෝ හැම තැනම කැත කරනවා"
"Saumya Kanthi","https://www.facebook.com/people/Saumya-Kanthi/pfbid02oEC6h4sqrr8BaUZRiMZGaUmwNKoJZ6Eorxvqro3ARYrgPLDhgr9jxiYSssLxY65pl","Well  done brother"
"Buddhima Perera","https://www.facebook.com/buddhima.perera.54","ඔය කැම්රියට සමාව දෙන්නනම් එපා..."
"Mohammed Irshad","https://www.facebook.com/irshad.mohamed.58511","[Sticker]"
"Gamini Bandara","https://www.facebook.com/gamini.bandara.862287","♥️♥️♥️👍👍👍👃👃👃"
"Pradeep K Ranasingha","https://www.facebook.com/pradeepkranasingha.ranasingha","සාටක නිකාය"
"Reza Mohideen","https://www.facebook.com/people/Reza-Mohideen/100000750956564","Well  done...saho...thanks"
"Asha Elisabeth","https://www.facebook.com/asha.elisabeth","Grateful"
"Sampat Sampath","https://www.facebook.com/sampat.sampath.129","ජාතිවාදි, ආගම්වාදි, කුහකයා"
"Alahakoon Bandara","https://www.facebook.com/people/Alahakoon-Bandara/pfbid06To2SXmL6JyV6uZogDjkgFFSSfPph9irJUzG7PGmYchyLGuDtEx62wdvJhQYAGCtl","Oya... Gothaya ta.... Lankawama.... AssankalTh.... Janapathi.... Denna... Apa.... Sakkiliya"
"Kumari Herath","https://www.facebook.com/people/Kumari-Herath/pfbid02eqYxuyn73dVPEoAs2wiLuBrYvuxcFDMAx83e1SCWfBY4NYJVfuebgEY11VsKp98hl","ඒකා නියම අහිකුණ්ටික මිනිහෙක් .. ජාතියක් ජම්මක් නැති අහිකුණ්ටික මිනිහෙක් ..."
"Siril Siril","https://www.facebook.com/ymss.yapa.79","Respect"
"Prabath Fernando","https://www.facebook.com/prabath.fernando.215105","[Image Attachment]"
"Prabath Fernando","https://www.facebook.com/prabath.fernando.215105","[Image Attachment]"
"Prabath Fernando","https://www.facebook.com/prabath.fernando.215105","[Image Attachment]"
"Prabath Fernando","https://www.facebook.com/prabath.fernando.215105","උම්බගෙ පුක පොඩ්ඩක් බලහන් කාට හරි කියලා මාලිමාවෙ ගු කන අමු ගොතයා"
"Gayan Ranasingha","https://www.facebook.com/gayan.ranasingha.589","[Image Attachment]"
"Weerasinghe Rro","https://www.facebook.com/people/Weerasinghe-Rro/pfbid027S33gSuzw13cxTDqJXUGMVBnzKCm87xnFwnddsfs433oqKwdzT9XX6fUgB7TdVwkl","[Image Attachment]"
"K.P. Premananda","","සුපිරිම  කථාව"
"Shamila Kiti","https://www.facebook.com/people/Shamila-Kiti/pfbid0313GT2QL5XKj1zAjygXntkzQimNEdA8A1QnYLCTRoWsozLB2d6FoZBky1xqz4F6iol","[Sticker]"
"Piyathilaka Wanigabadu","https://www.facebook.com/piyathilaka.wanigabadu","Kawda bola hambbayo modayo."
"Jiji Jiji","https://www.facebook.com/jiji.jiji.9843","Niyamai"
"Kasun Fernando","https://www.facebook.com/people/Kasun-Fernando/pfbid02m6271Q6zTxPtUEg58zAWZJ5xvX2Lf2R1AmfKq9gR8Fu8ZQXVhxA91aaRnECLRXeBl","[Image Attachment]"
"Samanmali Bandaragodage","https://www.facebook.com/samanmali.bandaragodage.919988","ආඩම්බරයි ❤️❤️"
"Ravishka Shaan","https://www.facebook.com/ravishka.shaan","Good"
"Kaluarachige Kaluarachige","https://www.facebook.com/people/Kaluarachige-Kaluarachige/pfbid0ynKFM1Rgxr7nX5wDDA6sFHieJm7XiaRDPtQtw7DxVjujTSNa3XJDmFQXE6bJvykNl","[Sticker]"
"Dhanatachan Tachan","https://www.facebook.com/dhanatachan.tachan","👍👍👍👍👍👍👍"
"Tharaka Meepitiya","https://www.facebook.com/tharaka.meepitiya.2025","තක පමයි, මොන සිංහලයෙක්ද ගොබ්බයො ඒ ? කාළකණ්ණි ජෙප්පෙක් 🤪🤮😬😋🤣🤌🤌"
"Anil Perera","https://www.facebook.com/anil.perera.39982","[Sticker]"
"Anil Perera","https://www.facebook.com/anil.perera.39982","[Sticker]"
"Wimal Rathnayake","https://www.facebook.com/wimal.rathnayake","අනුරට වැරදි කාරයින්ට සමාවල් දෙන්න අයිතියක් නෑ. 68 ලක්ෂයක් ඡන්දය දුන්නේ ඕවා කරන්න නොවේ"
"Nimal Kariyawasam","https://www.facebook.com/nimal.kariyawasam.52","https://www.facebook.com/share/r/1BsWwhVqWc/"
"Janaka Janaka","https://www.facebook.com/people/Janaka-Janaka/pfbid0PAAFmazwwfgv3pZdP3XHHmcTFgjpLDDGjhndwtAcKjAsTgNd5rnZ6ry7jwEunJ6jl","ඔය කහකඩයා එලියෙ හිටියොත්  ඔකායි ඔය නඩෙයි  අයත් අගම් වාදය  අවුස්සනවා සුවර්.මුන්ගෙ  මහනායක වරු සිතලට නිදිද"
"Kosala Sandaruwan","https://www.facebook.com/people/Kosala-Sandaruwan/pfbid02cQnB3WHWYK5gMD4xLWUNuzDXFVuMSxWbzBDv4FydLMvG9SScDtZixZfiDGTcveqDl","Aniwarayenma 👌👌👌👌👌👌👌👌👌👌💯💯💯💯💯💯💯💯💯💯💯💯💯💯💯💯💯💯💯💯💯💯💯💯💯💯💯💯💯💯💯💯💯💯💯💯💯🔥🔥🔥🔥"
"Priya Sooriyasena","https://www.facebook.com/priya.sooriyasena.1","Niyama sinhalayek.Bs"
"Kamal Dinesh","https://www.facebook.com/kamal.dinesh.58","Yes bro"
"Priya Sooriyasena","https://www.facebook.com/priya.sooriyasena.1","Niyamaiiiii"
"Priya Sooriyasena","https://www.facebook.com/priya.sooriyasena.1","Niyamaiiiii"
"RS RS","https://www.facebook.com/rs.rs.698275","ඔය ගන සක්කිලි බල්ල අවූරුදූ 20ඇතුට දාන්න ජයවේවා ජයවේවා ජයවේවා මාලිමාව"
"Ishara Rajapaksha","https://www.facebook.com/ishara.rajapaksha.9047","Iye jathi wathang eppaa"
"Lalith Pushpakumara","https://www.facebook.com/lalith.pushpakumara.480188","ඥානසාර හිරේ යවන්නම ඕනේ"
"Ishara Rajapaksha","https://www.facebook.com/ishara.rajapaksha.9047","Very good speech"
"Mohamad Mohideen","","Really great budis"
"Sampath Max","https://www.facebook.com/people/Sampath-Max/100073512720486","මූ අනුරගේ පට්ට දෝබියේ...."
"Michael Perera","https://www.facebook.com/people/Michael-Perera/pfbid0QuHiFFtFcdYCBzneXVF2Vw78Yxk5eUBrhPmXGkmHTDUCePTXzX5XHwC4jBPE9p8Wl","[Sticker]"
"Amantha M Weerasekara","https://www.facebook.com/amantha.m.weerasekara","පල කැරී තුන්කාල යන්ඩ ඌරු මස් කවන්නෙ කැරියන්ට දැනගනින්"
"Mal Hewage","https://www.facebook.com/people/Mal-Hewage/pfbid0CGGerx6xPyzJqv3uR4Aq13E9nEwcwy6x3PBhsictW4eoH7mbceFi4mm12g59QVgdl","[Sticker]"
"Luxman Weweldenige","https://www.facebook.com/luxman.weweldenige","[Image Attachment]"
"Priyantha Issmalage","https://www.facebook.com/priyantha.issmalage","ගොන් ප$$$"
"Ajith Priyantha","https://www.facebook.com/ajith.priyantha.330222","Niyamai machan"
"Asanka Dayas","https://www.facebook.com/asanka.dayas.940","සුපිරිඇ 👍👍👍👍"
"TA Dissanayake","https://www.facebook.com/ta.dissanayake","Very good"
"Ranjith Withanage","https://www.facebook.com/withanage.withanage.752","තම්බින්ට අවජාතක වෙච්ච ඒසීගේ පුතෙක්, මේලෝ මගුලක් දන්නෙ නැති මෝඩ බල්ලා"
"Thanuja Nawarathne","https://www.facebook.com/thanuja.nawarathne.5","👍👍👍"
"Silva Electonics","https://www.facebook.com/silva.electonics","රටටා  ආදරෙ කරන එකා  ගෙම ඉල්ලන්නෙ  රාසමානික්‍යන්   සුමන්තිරන් ගෙන්  සහ  මුජ්බර්  අසාත්  රිශාඩ්  හිස්බුලා  සහ වහබ්  වාදි  ජාතිවාදි අන්තවාදි  මුලදර්මවාද පරයන්  ගෙන්  මු අනුරාද පුරෙට  ඇවීත්  ගෙම ඉල්ලන්නෙ  රට  වෙනුවෙන්   රන්ඩුවෙලා  හිරබත් කන  බික්ශුවගෙන්  නියම  නපුන්සක චරිත"
"Mohammed Safwan","https://www.facebook.com/mohammed.safwan.194967","Super bro ♥️🔥♥️🔥♥️👌👌👌👍👍👍🙏🙏🙏🙏🙏🙏🙏🙏🙏🙏🙏"
"Jeewabandu Galappaththi","https://www.facebook.com/jeewabandu.galappaththi.2025","Great job"
"Adikari Adikari Opale","https://www.facebook.com/adikari.adikari.opale","[Sticker]"
"Dureksha Manjula Gunawardhana","https://www.facebook.com/dureksha.gunawardhana","මේ විදියේ අවජාතක පඟරණැට්ටො බිහිවුනේ අරගලෙන්"
"Thushara Palliyaguru","https://www.facebook.com/thushara.palliyaguru.3","උබට පොරක් වුනාට ඒ උට්ටා අපිට ඌ තෝ වගේම pnyk උට්ටෝ"
"Thilak Dharmasiri","https://www.facebook.com/thilak.dharmasiri.35","පල බල්ලො යන්න"
"Bandula Ranasinghe","https://www.facebook.com/people/Bandula-Ranasinghe/pfbid0xkuUXzVPmjxsPooHMxG11z8eyZ7k3h1TgBxKSd7uzw1jBmEwmqffkHkCZk62uSpul","ජනාධිපතිතුමාට චන්දෙ දුන්නේ ගරු අධ්කරණය මගින් වැරදිකරුවන්ට ලබාදෙන දඩුවම් නිදහස් කිරීමට නොවේ."
"Asha Jayawardana","https://www.facebook.com/asha.jayawardana.75","Super"
"Lalitha Ranneththi","https://www.facebook.com/lalitha.ranneththi","[Sticker]"
"Jayanthi Munasinghe","","[Image Attachment]"
"Lalith Prasanna","https://www.facebook.com/lalith.prasanna.370","[Image Attachment]"
"Jayanthi Munasinghe","","දෙන්න   මල්ලි    ඇටිටි   හැලෙන්න    සියුර    දා⁣ගෙන        තමයි   මුන්    ඔක්කොම   ජඩවැඩ   කරන්නේ      අපිට   තියෙන්නේ   එක   ආගමයි    ඒක      විනාසකරන්න   එපා     බුදුහාමුදුරැවන්    ⁣ගේ   චිවරය   දාගෙන    ජඩ   වැඩ   කරන්න   එපා    සිංහයා   වෙන්න    හැදුවට    හඬ    බල්ලෙක්    වගේ          පරිස්සමෙන්     සිංහල        ජාතියකන්න    එපා"
"Manjula Lokuge","https://www.facebook.com/manjula.lokuge.2025","පකේ සුපිරි....ඩොබි පරයෙක්"
"Sadun Pushpakumara","https://www.facebook.com/loku.massina.9","Safee Nas අනේ පලයන් ඌරාට කියලා කියලා තොගේ අම්මාට උකවන්නෙ    නැතුව"
"Nihal Rathwaththe","","Pago emanussaya wirudda une page muslim jathiwadayata wiruddawa misak muslim minissunta wiruddawa newei.tho dannawane pasku praharayakale thambi kiyala.eka wennakalin e hamuduruwo kiuwa"
"Gihan Kankanamge","https://www.facebook.com/gihan.kankanmge","මේ වගේ තමා ,කරන්න ඕන ,රාජවස්ස නිකායේ කහකඩයෝ පන්නනම ඕන,කාලකණ්ණි හැත්ත,🤮🤮🤮🤮🤮🤮🤮"
"Saman Pathirana","https://www.facebook.com/people/Saman-Pathirana/pfbid0zPvDaK7KTCEnuHBVqNZBKBZtSJhPy594Q44PX9h96373XGnysEuEAFfU9gmvFRa1l","[Sticker]"
"Wajira Nambikandha","https://www.facebook.com/wajira.nambikandha","ශ්‍රී ලාංකිකයෙක් 🙏🙏🙏"
"Mohamed Ifham","https://www.facebook.com/mohamed.ifham.5891","Lajjay oyy n saraya malimawata jayeaweawa"
"Akram Cool","https://www.facebook.com/akram.cool.2025","No sorry 👌"
"HD Praneeth","https://www.facebook.com/praneeth.dinuka","ෂුවර් ද???"
"Sujith DE Silva","https://www.facebook.com/sujith.desilva.980","Budusaranai!"
"Athula Kudabandara","https://www.facebook.com/people/Athula-Kudabandara/pfbid0nfYDGTUHsQCtPZekbp3nfEEo77Nq5DSyX4FV1V7KyaZk5eLv8XvMJsFDSv29Macil","[Sticker]"
"Charith de Silva","https://www.facebook.com/charith.desilva.142","තොපිට ඇලජික් නේද කැරි තම්බි වේසිගෙ බල්ලා."
"Mesha Sanuli","https://www.facebook.com/people/Mesha-Sanuli/pfbid0nApKb9yZi7wwBLgKnVyx1T93xzeoaG1joVoRQsoriN66JWGvGynG7r5tQT5rjWozl","නානසාර කියන්නෙ අවජාකයෙක්..ඕකා මොන ආණ්ඩුව බලයට ආවත් ඕකා කරන්නෙ ජාතිවාදය වපුරන එක....නානසාර මෙරටට මොනවාද කරලා තියෙන්නෙ.....රට සංවර්ධනය කරාද.... රටෙහි ගොවියාට යහපතක් කරාද... රටෙහි සෞඛ්‍ය තත්වය වෙනස් කරාද.....රට ණය බරින් බෙරගත්තද.....ඕකා බෞද්ධ ජනතාවටත් රටටත් ජාතියටත් ඕකා කැළලක් හැතිකරලා තියෙන්නෙ......ඔකාගෙනමවත් විදෙස් රටක කිව්වොත් එළවා එළවා ගාන්නෙ......"
"Sam Najeem","","ඔව් බ්රෝ දාහකින් එකෙක්, නිමයි."
"Sandya Sugathapala","https://www.facebook.com/sandyasugathapala.sugathapala","[Sticker]"
"Dammi Dammi","https://www.facebook.com/people/Dammi-Dammi/pfbid02cTBXTxtYxp5wCvGwhxUYTWFdTbz2HbsCRjLU3K2WGReWpNB3wpcGWB2pQhYFn5CRl","👍👍👍"
"Anura Anura","https://www.facebook.com/people/Anura-Anura/61591933668195","[Sticker]"
"Gunathilake Upali","https://www.facebook.com/guna.natti","❤️❤️❤️❤️❤️"
"W ADona M Tulin","","👏👏👍"
"Kanthi Kanthi","https://www.facebook.com/people/Kanthi-Kanthi/pfbid02BSYXfvkBRueX56pM8vJ1qeQr9PKJmjmTdkzXLJnWPoK8S9eH6EA6jJzWwBLqjT5Hl","ඕකා ගරු ජනාධිපතිතුමාට අවජාතකයා කියල බැන්නෙ කාලකන්නියා නියමයි මල්ලි තිත්තගල්ලේ අනුන්ගෙ සීනි කිරන්න එපා."
"Suraj Harshana","https://www.facebook.com/people/Suraj-Harshana/pfbid0BKLZK1UKRryST2KLB7V7vhkDuDHg94Eq4H3iPjRT1M5LEbNRLhLp61VP41PrSWVFl","[Image Attachment]"
"Suraj Harshana","https://www.facebook.com/people/Suraj-Harshana/pfbid0BKLZK1UKRryST2KLB7V7vhkDuDHg94Eq4H3iPjRT1M5LEbNRLhLp61VP41PrSWVFl","[Image Attachment]"
"Sanjeewa Panana","https://www.facebook.com/sanjeewa.panana","[Image Attachment]"
"Suraj Harshana","https://www.facebook.com/people/Suraj-Harshana/pfbid0BKLZK1UKRryST2KLB7V7vhkDuDHg94Eq4H3iPjRT1M5LEbNRLhLp61VP41PrSWVFl","[Image Attachment]"
"Sanjeewa Panana","https://www.facebook.com/sanjeewa.panana","[Image Attachment]"
"Malkanthi Malkanthi","https://www.facebook.com/people/Malkanthi-Malkanthi/61572959055299","ඔය ගෙන්න ගන්න දගලන්නෙ රාජපක්ෂ ල වෙන්න ඕන අම්ම බලන්න නෙවෙයි වෙනත් අරමුණක් තමයි ඇත්තෙ"
"Nam Ranjan","","https://www.facebook.com/share/v/1BxUegy9KY/?mibextid=wwXIfr"
"Sumith Gunasekara","https://www.facebook.com/people/Sumith-Gunasekara/pfbid0EUNdTSmVY6DHyikvhsnukpNPLjtcwLcd3wMYRtvrDfCNCx4Hr45yWHUBCLz2dWb9l","[Image Attachment]"
"Nuwan Chamara","https://www.facebook.com/nuwan.chamara.104955","කැරියෙක්"
"Brenda Antony","https://www.facebook.com/brenda.antony.806193","Great talk"
"Farzan Farzan","https://www.facebook.com/people/Farzan-Farzan/pfbid0H22USgotXi1zQUE8bXxePZWib3GGehqvd782c1gnvkFDpeqvpo4GreErhqpQ4EDwl","🔥🔥🔥❤️❤️❤️"
"Dayarathna Bandara","https://www.facebook.com/people/Dayarathna-Bandara/pfbid034tiAopss8QrMLK3XTUUJBAaojMY2AxbZ9iDw6UFDYDxQg2C9TwZmGwFnyYUeqp9hl","3% නිරාගමික ඩෝබි චුන් වෙලා .."
"Luwi Maxwel Donkarage","https://www.facebook.com/luwimaxwelfernando.donkarage","[Image Attachment]"
"Luwi Maxwel Donkarage","https://www.facebook.com/luwimaxwelfernando.donkarage","[Image Attachment]"
"Luwi Maxwel Donkarage","https://www.facebook.com/luwimaxwelfernando.donkarage","[Sticker]"
"Luwi Maxwel Donkarage","https://www.facebook.com/luwimaxwelfernando.donkarage","[Sticker]"
"Luwi Maxwel Donkarage","https://www.facebook.com/luwimaxwelfernando.donkarage","[Sticker]"
"Luwi Maxwel Donkarage","https://www.facebook.com/luwimaxwelfernando.donkarage","[Sticker]"
"Mohamed Firdous","https://www.facebook.com/mohamed.firdous.908","super 👍 bro"
"Kedehs Vimal","https://www.facebook.com/kedehs.vimal","[Image Attachment]"
"Haljothi Munasinghe","https://www.facebook.com/haljothi.muasingha","[Sticker]"
"Kedehs Vimal","https://www.facebook.com/kedehs.vimal","[Image Attachment]"
"Shiran Fernando","https://www.facebook.com/shiran.fernando.526","අනිවාර්යයෙන් ma"
"Priyantha Withanage","https://www.facebook.com/priyantha.withanage.833741","[Image Attachment]"
"Bandara Amarakoon","https://www.facebook.com/people/Bandara-Amarakoon/pfbid0xzzav8rKXrACYqKqjRRtraFvy65tqqG1kfkfZjiL7hRbT9KrHH7wnzy5n4yE5Jw1l","Neyamiy"
"Ajith Ranasinghe","https://www.facebook.com/ajith.ranasinghe.355","සුපරි පොරක් ඔයා"
"Ruwan Chaminda","https://www.facebook.com/people/Ruwan-Chaminda/pfbid0aDYvyrZLFza7bmkwU3r78pmZ52hGtxLCRXqq5UXmtYMy7ueek7ZHq3jb77UGpRw8l","රට අවංකව  ආදරය කරන තරැණයෙක්.ආදරෙයි අහස තරම් ..👍👍👍"
"Chethiya Thuduwa","https://www.facebook.com/people/Chethiya-Thuduwa/pfbid0CW96UgxLJTZvKdvpkV4ND6PKCyPvm8yKNmobAQAc6hJCaLRu3nRXdpQJkBCgunTGl","Ahha.mahanla"
"Kumara Ks","https://www.facebook.com/sumith.kumara.58","[Image Attachment]"
"Kumara Ks","https://www.facebook.com/sumith.kumara.58","[Image Attachment]"
"Kumara Ks","https://www.facebook.com/sumith.kumara.58","[Image Attachment]"
"Ajith Silva","https://www.facebook.com/ajith.silva.71619","දාර ගොනෙක් මාලිමාවට කඩේයන ගොන් ජෙප්පෙක් 🐂🤣"
"Anadhan Nithya","https://www.facebook.com/anadhan.nithya","🫶🫶🙏🙏🩵🩵"
"Chandra Alageson","https://www.facebook.com/people/Chandra-Alageson/pfbid02eHzMrB28ukgL3hUcmo2wG6pnNS3TGVgvtqPvzaWiPVnH5RGKNkurFivsf2ht3Reml","[Sticker]"
"Mohamed Nasar","","Okata ona Muslim minissunge puke heppila sinhalayawa modayata andanda"
"Subashini Gamage","https://www.facebook.com/subashini.gamage.90","අපි නං ඔවුන්ට කියන්නේ කල්ලතෝනි පරයෝ කියලා...පරයෙක් උම්බෑ කියනවා"
"Latha Latha","https://www.facebook.com/latha.latha.81848","Jayawewa  ලංකාවට"
"Goerge Robert","https://www.facebook.com/goerge.robert.357","[Sticker]"
"Kaizar Mohamed","https://www.facebook.com/kaizar.mohamed.56","Super"
"Aradana Aradhana","https://www.facebook.com/aradana.aradhana.2025","අනිවාර්යයෙන්"
"Kumara Kumar","https://www.facebook.com/kumarashami.kumar.1","මේ වගෙ  කාලකණ්ණියන්ව සමාන දෙන්න  අපි මාලිමාවට  චන්දය දුන්නේ  නැත"
"Lionel Manuweera","https://www.facebook.com/people/Lionel-Manuweera/pfbid0Kf2eKPZ3LUmXfaxDhesSw9G8utRR5pFwaL3w3FEsCftWERqoPxG27uVhSZwNckJJl","Yes"
"Rizwan Zaid","https://www.facebook.com/rizwan.zaid.528","Good jobs"
"Aravinda Sadaruwan","https://www.facebook.com/aravinda.sadaruwan.881746","👍👍🙏🙏👍👍"
"Kumara Kumar","https://www.facebook.com/kumarashami.kumar.1","[Image Attachment]"
"Kumara Kumar","https://www.facebook.com/kumarashami.kumar.1","[Image Attachment]"
"Dahami Wijesingha","https://www.facebook.com/dahami.wijesingha.1","Super"
"Anoma Jayalal","https://www.facebook.com/people/Anoma-Jayalal/pfbid02X9D7xSY6xnDBGpkVTRNpfHjooCfZh7evub6rrZeY8bCynCaJRcUKJxuJa924d9y4l","Super"
"Hasindu Iroshana Perera","https://www.facebook.com/hasinduiroshana.iroshana","මේ වගේ පෝස්ට් එකක් ඇයි දැන්මේ නැත්තේ අවුරුදු 220 ක් හිරේට ගිහිපු අන්තවාදි සෙට් එකට . එයාලා මුස්ලිම් නිසාද 😆😆"
"Sampath Gunarathna","https://www.facebook.com/sampath.gunarathna.342164","[Image Attachment]"
"Chandra Seker","https://www.facebook.com/chandra.seker.3152","👍🙏❤️"
"Dilru Dilru","https://www.facebook.com/people/Dilru-Dilru/61591353154376","Uro   hukal  jatak   una awajatak   geri   tambiya"
"Dilru Dilru","https://www.facebook.com/people/Dilru-Dilru/61591353154376","Anw pal   gukan ponnaya      jeppage  gu kan awajatak  ppnnaya"
"Aisha Sivdd","https://www.facebook.com/people/Aisha-Sivdd/pfbid029rhWAiepWbZexf2xtiN8LsYNVD1NFwbdikwHgW2CPx8EBpKMQ41s5xnPNbSWKmxPl","ආඩම්බරයි ඔහු ගැන ♥️♥️♥️♥️"
"Nissansala Karunarathne","https://www.facebook.com/nissansala.karunarathne","[Image Attachment]"
"Pemarathna Hettiarachchige","https://www.facebook.com/people/Pemarathna-Hettiarachchige/pfbid02B5o4Nez6stZY8CUNMPQBM2ttLJ1eBYsXsHKSnGCJtrLhEDnFETdaEvf9o5JK3YUVl","නියම මිනිසෙකි"
"Mms Amran","https://www.facebook.com/people/Mms-Amran/pfbid02rwZ7ajDQcCAZaX7hVKwBo7SyaLrxwDmyj7bGhqDcx6kbkNn3TphV4ZAwhkiyQnLEl","👑🌟🌺💖💪🏻🇱🇰💯💯👍🏻o k.good"
"Krisantha Hewage","https://www.facebook.com/krisantha.hewage.2025","නියමයි ආයෙ ජාතිවාදි ආගමිවාදි ගෝත්‍රිකයන්ට කිසිදු ඉඩක් තියන්නම හොද නැ."
"Manike Wikcramasighe","https://www.facebook.com/menikewickramasinha.kandy","[Image Attachment]"
"Nilu Wickramasingha","https://www.facebook.com/nilu.wickramasingha.583311","[Image Attachment]"
"Nanda Jayasinghe","https://www.facebook.com/nanda.jayasinghe.2025","❤️🥰❤️❤️❤️🥰🥰🥰🥰🥰🥰"
"Garu Sinha","https://www.facebook.com/garu.sinha.2025","[Image Attachment]"
"Garu Sinha","https://www.facebook.com/garu.sinha.2025","[Image Attachment]"
"Garu Sinha","https://www.facebook.com/garu.sinha.2025","[Image Attachment]"
"Udaya Udaya","https://www.facebook.com/people/Udaya-Udaya/pfbid029AWXJ8uksRaUSZDSKP1eJLuWo9fmQT2Ks7kZuKKQU4YnN3nC9fie2BK44ULuEF43l","🙏🏼🙏🏼🥰🥰🌸🌸❤️❤️💪💪🇦🇪💯"
"Garu Sinha","https://www.facebook.com/garu.sinha.2025","🤣🤣🤣🤣 වෙිනම කෑම.. වෙිනම ශාරිය නීති.. වෙිනම බැංකු.. වෙිනම school..  ජාතිය සුලුව ඉද්දි ඔබල ⁣හරි හොදයි😂😂😂😂 .. බංගලාදේශ්..මාලදිවයින්..පකිස්තාන් ..ඇෆ්... ආදි ගොඩක් රටවලුත් මුලින් බෞද්ධ ..🤣🤣🤣 දැන්🖕🖕🖕🖕  පල කැරි හමිබයා යන්න ⁣"
"Garu Sinha","https://www.facebook.com/garu.sinha.2025","මොකද්ද පකො කියන්නෙ ඔබ...  පරන video වල කියන්නෙත් ඇත්ත.තමයි..  ඒ කිවිව දේවල් ඒ විදියටම වෙිනවා..සිංහලය වෙිනස් උනෙ.නැතිනමි.."
"Thanaraja Raja","https://www.facebook.com/people/Thanaraja-Raja/61585209141954","👍🏻👍🏻👍🏻❤❤ right  bro"
"Upul Priyantha","https://www.facebook.com/people/Upul-Priyantha/pfbid02rVfurhLpaezfPRnocabSAuE7zSfdzocSiAGP1wQQnAJMXxiBSeLUUVZYq7jUrtFbl","Guu Kana Sara"
"Waruna Liyanage","https://www.facebook.com/waruna.liyanage","[Image Attachment]"
"Shan Max","https://www.facebook.com/people/Shan-Max/pfbid02eMGPLFfNkyfRvnthxvfnxR5Aj4JYYf41PB7A3QjdQeDFzfcU7fwvMp2MTrhWYSBGl","Yes very Good Yes"
"Chammi Priyantha","https://www.facebook.com/people/Chammi-Priyantha/pfbid02KeowWznRtXqYNvD4ZHTgRbTzKW9Drzqb4zkybjS3X4FfLsVaNXFZFHdH6Gyc1Kb4l","👍👍👍👍"
"SK Aluminium","https://www.facebook.com/sd.add.293186","[Image Attachment]"
"SK Aluminium","https://www.facebook.com/sd.add.293186","[Image Attachment]"
"SK Aluminium","https://www.facebook.com/sd.add.293186","[Image Attachment]"
"SK Aluminium","https://www.facebook.com/sd.add.293186","[Image Attachment]"
"SK Aluminium","https://www.facebook.com/sd.add.293186","[Image Attachment]"
"Upul Priyantha","https://www.facebook.com/people/Upul-Priyantha/pfbid02rVfurhLpaezfPRnocabSAuE7zSfdzocSiAGP1wQQnAJMXxiBSeLUUVZYq7jUrtFbl","[Sticker]"
"මලීකා මාකෙවල","https://www.facebook.com/eg6uxxngdh","[Sticker]"
"Saman Kumara Saman","https://www.facebook.com/moha.ampara","💯 සියයට සීයක් ඇත්ත කතාව මල්ලි"
"Nalani Hennayake","https://www.facebook.com/nalani.hennayake.2025","Mona samawada  arrist"
"Binara Pathirana","https://www.facebook.com/binara.pathirana.14","එතකොට ජාතිවාදී කවුද ?"
"Awishka Weerasinha","https://www.facebook.com/people/Awishka-Weerasinha/pfbid05mH3RLkwfaLWrWNtNW3H6d877p3VEjWH3fXRVigDjMawfg9gifbeeaAZYNe96vSLl","Sinhala kama bawddha kama kiyana eka ape age thiyena ekak misak Uba oya kiyanawa wage kauruth dapu ekak nemeyi. Anna e Nisa paduwe hitapan gothayo"
"Awishka Weerasinha","https://www.facebook.com/people/Awishka-Weerasinha/pfbid05mH3RLkwfaLWrWNtNW3H6d877p3VEjWH3fXRVigDjMawfg9gifbeeaAZYNe96vSLl","Ane thambipetiya kata piyan Pala. Sakkili haththa."
"Mohamad Rifaz","https://www.facebook.com/people/Mohamad-Rifaz/pfbid08hRgPrziE831Kppx6GCUu31QYmodWUC7kL4nSnoEfuKftREHeuWDL2RUFZZ4wKZol","👍💯💯"
"Shantha Kumara","https://www.facebook.com/people/Shantha-Kumara/pfbid02cRsWsXqFpgdyQg4brZyVPfzZwXtMTXzUqrXGELJ39kP7Gg5cQLr2APCxrkmyQ9WHl","[Sticker]"
"Kevin Silva","https://www.facebook.com/people/Kevin-Silva/pfbid02X4x7TmjzbULpYAEMAhZAg1h7rw7SSEquXMeW3u8NbeX7RdHMN1CQ3qpqYHQ2dHjul","Umbalata ona widihata thamai dan wada."
"China Fort Gems","https://www.facebook.com/rwahid1","The true Sri Lankan 🙏👍👍"
"Asanka Hd","https://www.facebook.com/hd13asanka","සිංහලය කියන්නෙ සක්කිලිම ජාතියක්.මේ ගොනා වැඩ්ඩෙක්  කියල හිතන්නෙ ඊට වඩා ගොන්නු."
"Mohamed Nawshad","https://www.facebook.com/mohamed.nawshad.7902","❤️"
"Rohitha Amaraweera","https://www.facebook.com/people/Rohitha-Amaraweera/pfbid02q9Fy1BSe1opeYdmtcmpaiBsjxr2BrN2kFShqe4ReU86dcDCqZEVEPC6vEdMr8LEHl","Bokka. Patta"
"Sarath Wickramarathna","https://www.facebook.com/people/Sarath-Wickramarathna/pfbid0G8NQNppVQw6ewexoc7rLo5J3vF23w1XCZuGXuquowtw7cgnYKykDYrrA7PYaJHcil","Supiri minisek  adarei"
"Dematagolla Gedhara","https://www.facebook.com/dematagolla.gedhara","Oba thumata theergausa pathamy sebay manussayak"
"Ranjani Wijewicrama","https://www.facebook.com/ranjani.wijewicrama","තිත්ත golle  ආනන්ද හාමුදුරුවෝ යන්න වැඩක් බලාගෙන  ...oyala සිවුරු දාගෙන karanna papatharayan රකින ekada"
"Prasanna Niroshan","https://www.facebook.com/prasanna.niroshan.39","Super kollek"
"Zahira Mohomad","","[Sticker]"
"Premkumar Thuraisingam","","Super make peaceful contry"
"Herath Plants","https://www.facebook.com/herath.plants.2025","[Sticker]"
"Prasanna Jayasinghe","https://www.facebook.com/people/Prasanna-Jayasinghe/61559445503617","ඔව් උඹලා එකෙකුටවත් පේන්නේ නෑ ඇස් කං වහං ඉඳපන් ළඟදිම දවසක තේරෙයි අපි පරක්කු වැඩීනේ කියලා"
"Nandana Muansinghe","https://www.facebook.com/people/Nandana-Muansinghe/pfbid0omyQZGQRSvTdwigVDbwyoMsbmLV8YzW31Ci7236d1dzkjvmrSjszg1ZxCehGnzdXl","[Image Attachment]"
"Salamaal Sabadeen","https://www.facebook.com/salamaal.sabadeen","♥️♥️♥️♥️♥️♥️🌹🌹🌹🌹"
"Prince Felix","","அதர்ம குர்ஆன் இஸ்லாமியரின் அழிவு மத்திய கிழக்கில் ஆரம்பம்  Quran teaches prostitution, quran 4:3. Quran commands to kill innocent people, sura 9:5.  8:12.  8:33, we pray for Muslims to repent from their evil path  இஸ்லாமியர் துன்மார்க்க குர்ஆன் வழியைவிட்டு மனந்திரும்ப பிராத்திக்கிறோம் , குர்ஆன் 4:3 விபச்சார பாவத்தில் வீழ்த்துகிறது, குர்ஆன் 9:5. 8:12  8:33 கொலைபாதக பாவத்துக்கு இட்டுச்செல்கிறது,  இபிலிசின் பிடியிலிருந்து விடுதலைபெற பிராத்திக்கிறோம் ஆமென்"
"Santha Vithange","https://www.facebook.com/people/Santha-Vithange/pfbid0P9WFUNUJNfjqSd4xsuzoH1kEZgXF1nTycXKH8h4THCXnU3wE6JiGs4L824J6ANV4l","[Image Attachment]"
"Santha Vithange","https://www.facebook.com/people/Santha-Vithange/pfbid0P9WFUNUJNfjqSd4xsuzoH1kEZgXF1nTycXKH8h4THCXnU3wE6JiGs4L824J6ANV4l","Aneevaryanma. Oka. Athulta. Danaone"
"Nilantha Wickramasinghe","https://www.facebook.com/nilantha.wickramasinghe.14","[Image Attachment]"
"Ashoka Ashoka","https://www.facebook.com/ashoka.ashoka.778778","👌"
"Red Gunasekara Rajapaksha","https://www.facebook.com/people/Red-Gunasekara-Rajapaksha/pfbid02yE6dPEX7WBkycATa7dc6Gkb8RpM6ZryJtPQreeGAVR3KjaqvokPkrYsSTVzCYozGl","අනේ මහත් වරුනේ උබලා සාදාරනේ අසාදාරනේ හොයනවා යකො  සිංහලයා මරා ගන්නවා දේසපාලනේ නිසා මුලින්ම ඔය තැන් තැන් වල බුරන ඔය වෛරය නෙමෙද  පිරිමහන්නේ මෙ ව්ඩියෝ එක දාපු මහත්තයා කියනවා හාමුදුරුවෝ  ම්නිස්සු  අතර ජාතිවාදය ඇති කලාලු මෙතුමා  මෙ ව්ඩියෝ එකෙන් පෙන්නන්නෙ මොකද කියලා අහන්නකෝ වෛරය  අනේ අනුන්ට බන කියන්න කලින් උඔ හැදියන්  ඌරු මස් පල්ලි ලග දාපුවා පල්ලි කඩපුවා යකො ජාතිවාදය අව්සන්නේ උඔ  උබ මිනිහෙක්ද කියලාබලපන්"
"Malani Rathnayaka","https://www.facebook.com/reeta.reeta.733076","Niyamai kathawa  bro"
"Shantha Abeysinghe","https://www.facebook.com/shantha.abeysinghe.37","නියමය් ඔබට අපගෙ ප්‍ර්නමය😍😍😍😍😍"
"Tharaka Madusan","https://www.facebook.com/people/Tharaka-Madusan/pfbid02AvQKTE5V3GdfAG28Puu8bi8xQ5kRs5kgaMN3KBgRRQXBEZMkfTYL39bPYF6JzNn7l","Pala gothayo yanna"
"Sujith Sanjeewa","https://www.facebook.com/people/Sujith-Sanjeewa/pfbid02z5F1eS9hGde9R15oUye7ZBBvQ61pE8eCG7jBeUVSSk8VMkqG1Lj7CdoTkND5oS3ol","[Image Attachment]"
"Sampath bandara","https://www.facebook.com/sampath.bandara.153370","Niyama sihala porak"
"Mohmmad Aroos","https://www.facebook.com/mohmmad.aroos.5","Supiri  patta"
"Pushpa Rani","https://www.facebook.com/people/Pushpa-Rani/pfbid0QiFxanf1rHJjC6hZGqdaueTv84Us9oTmT96fro5qNuwtPnL6v6x87YLT4Q8nDoHul","Super"
"Edirisi Ghế Easriyani","https://www.facebook.com/people/Edirisi-Gh%E1%BA%BF-Easriyani/pfbid02qPTPLHvErsY1j4vQ15KWvTypSUBnRLjZwXPWXkrYUrypMhkQuNcYPmLMJN1UHM7Ul","Akenma respect"
"Surach Pemarathne","https://www.facebook.com/people/Surach-Pemarathne/pfbid0PHhKBa5Q17RxvbHAE5UbcchX6xMEvuW2hErD6q4J6SX2DBbphEiT9ij177wFYg7Nl","Palsyan ponnaya"
"Pasindu Thiraj Illeperuma","","උබට පුළුවන් ද ubalage අන්තවාදය  bahu විවාහ burkawa gena Katha කරන්න"
"Laxman Priyankara","https://www.facebook.com/laxman.priyankara.52","Niyamai Sahodaraya"
"Warna Kumara","https://www.facebook.com/people/Warna-Kumara/pfbid028S2XPJKRjc6EpSrTp5BCvAFQNaUBavGznJEcuq1ExyjNiTm4c3G6LmG9J5iQmMoFl","[Sticker]"
"Kumar Kumar","https://www.facebook.com/kumar.kumar.749426","[Sticker]"
"Kumar Kumar","https://www.facebook.com/kumar.kumar.749426","[Sticker]"
"Pk Kithsiri","https://www.facebook.com/people/Pk-Kithsiri/pfbid0wSgBuJ3bvtNAAhFjguJUTaQmmELHryTeZKra4abfRGDKxkwGrwFYr8jzLgz7okcEl","Thmnge  rta  jathiya   aegama   wenuwen   kthakrama   hire   ynna   oneda"
"Renuka Chandrakanthi","https://www.facebook.com/renuka.puppulawatha","ඔබගේ  අව්‍යාජ අපක්ෂපාතී  වීරත්වයට නියම  සිංහල කමට අපගේ  හදපිරි පුනාමය"
"Mohammed Ameer","https://www.facebook.com/mohammed.ameer.12532","💯  true  bro"
"Devanand Sarathchandra","https://www.facebook.com/devanand.sarathchandra","You are correct"
"Sudarshana Ranasinghe","https://www.facebook.com/sudarshana.ranasinghe74","පොහොසත් රටක් ලස්සන ජීවිතයක් 🤌🤌🤌 මාලුමාවට ජයවේවා 🤌🤌🤌"
"Priyadarshana Maj","https://www.facebook.com/priyadarshana.maj","Aniwaren"
"Chammee Gurasekara","https://www.facebook.com/chammee.gurasekara","මූනන් සිංහලයෙක්් නෑ, වෙන මොහොකට හරි ජාතක චෙක් වෙන්නද.  තව වෙන්නෑනේ සිංහල සිංහලත් එක්ක අරගන්න.  හාමුදුරුවෝ කතා කරන සිංහලයන්ට නැතුව මේසිංහලයා සිංහල ඇවිදට හැසිරෙන්න වෙන අය ඉදිරියේදී නලි ගෝචර වෙන්න. ෙ වෙන්නැතුව ඔරිජන් සිංහල එක්ක ඔය වැනි අශිෂ්ඨාන නොකරන්න"
"Nuwan Pradeep","https://www.facebook.com/nuwan.pradeep.92123","Ape minissunta ltherum ganna shakthiyak na......owa kiyanna ona dewalda.....hariyata toilet ekakata giyama wathura gahanna ona kiyala board ekak gahala thiyana ratak meka.........me rate ape saamanya minissunge jeewitha ada me widiyata pat wela tiyenne ai kiyana eka terum ganna barinam aai terum karala wadak weida macho"
"Rathna Wijesiri","https://www.facebook.com/people/Rathna-Wijesiri/pfbid02gJWxjexmKQ8YLXWMneXDu92n6kLGgb6sbiZXx9NuTB399MvPzA6731qgnaJFE8bZl","👍👍👍🙏🙏🙏💐💐💐"
"Nadeeka Weeraman","https://www.facebook.com/people/Nadeeka-Weeraman/pfbid035Vz7THf4zUhXvEcwFbEpaj7XLhsyPWN44tSAzStf4ND1Z55Y3VueFtQq2a1f3uayl","පල හම්බ කැරියෝ ..යන්න..🤬🤬🖕🖕"
"Akalanka Ranasingha","https://www.facebook.com/dinusha.ranasingha.993577","විශේෂයෙන්ම බෞද්ධයෝ කියලා කියන්නේ වෙනම බුද්ධාගමික ආගමානු කූල කොටසක් කියලා හිතනවා නම් ඒ තරම් අඥානයෝ මේ තුන් ලෝකයේම තවත් නෑ,, එකල බුදුරජාණන් වහන්සේ ධර්මය දේශනා කළේ වෙනම බෞද්ධ කොටසකට නොවේ කියන එක අපවත් වී වදාළ සෝම හිමිපාණන් පවා ධර්ම දේශනාවන් වල ප්‍රසිද්ධියේම ප්‍රකාශ කරල තියෙනව,, බුදු දහම නිවැරදිව තේරුම් අරගෙන ඒ අනුව හැඩගැහෙනවා නම් මොන ආගමක හිටියත් මොන ජාතියක හිටියත් ඒ තමයි නිර්මල පිවිතුරු බෞද්ධයෝ වන්නේ,, මීට කලින් යහපාලන සමයේ ඥානසාර ස්වාමීන් වහන්සේ  විසින් ප්‍රදීප් එක්නැලිගොඩ මහතාගේ බිරිඳට අධිකරණ භූමියක පරුෂ වචනයෙන් බැන වැදුණු සිද්ධියකටත් හිරේ ගිහින් ආපහු එළියට ආවා,, ඉතින් ගිහියන්ට කුණුහරපෙන් ආමන්ත්‍රණය කරන ස්වාමීන් වහන්සේ නමක් චීවරයක් දැරූ පලියට බෞද්ධ වෙන්නේ කොහොමද,, එහෙනම් බෞද්ධකම කියන එකේ අර්ථය ඉතාමත් ගැඹුරු අර්ථයක් නේද,, බුද්ධිය කියන දෙය නිවැරදිව පරිශීලනය කරන්න බැරි කිසිවකුට බෞද්ධයෙක් වන්න බෑ,,"
"Abdul Majeed","https://www.facebook.com/abdul.majeed.59713","Ayyatta100-100yak mama isthuthy kiyala kiyanawa Ayya"
"Mohamed Nizam","https://www.facebook.com/people/Mohamed-Nizam/pfbid0f1pQw1yyuYcszxi6b38h3eyoSQjUZz5MqJYPUn9gvkWVPhF6kzZA9ZtcvdykhG2Cl","mahathmayeak"
"Muhammath Mifrah","https://www.facebook.com/muhammathmifrah.Fuard","Meyata Wadiye Dangerous Man Rathana Himi"
"Sameem Ahmad","https://www.facebook.com/people/Sameem-Ahmad/pfbid0ijcnniykCgFaWtiqueYsHhzSd739dsxMimWz8tB7QNbjmUHv4v8NGYyEo624xGZ6l","👌"
"Nimal Mayadunna","https://www.facebook.com/people/Nimal-Mayadunna/pfbid0Ri95UCfZtKMoQuQFhoA61G8c3bFYqwg4FxTxTQVhesrJC9JjwUqv4WsDJ2DXCvFUl","වැරදි කරල ජනතාවගෙන්  සමාවගන්න ජනතා සහය හිගාකන  පිස්සු  ගන නිකායේ හොරුන්ට කත් ඇදපු ශ්‍රී ලංකාව විනාශ කරන්න සීරෝවලින් පහළටත් දමන්න කුඩු අයිස්  මව්‍යශාර  ව්‍යාපාර වලට හිටපු හොරු සමග ඉතා ක්‍රියා ශීලී බල්ලෙක්"
"Dinuka Dinuka","https://www.facebook.com/dinuka.dinuka.158814","Thopi sakkilintath anthayi..chik..ballo.."
"Asanka Dadallage","https://www.facebook.com/people/Asanka-Dadallage/pfbid02tRincdhb69Rf6ocF3oKu4r47RQT4ibjDtinw23zHCLvyJZYwWtfF5BwQJe5JpoBNl","ආයෙත් අහලා පට්ටම වටින කොල්ලා 💪💪💪🩷🩷🩷🩷👍👍👍"
"Nimal Rathnasiri","https://www.facebook.com/nimal.rathnasiri.687554","මේකව මොකටද  එලියට ගන්නේ කුබුරු මඩවන්නද කොහෙ හොටියම මොකෝ ජාතියට , ආගමට ,රටට තියා ඌටවත් වැඩක් තියන එකෙක් නෙමෙයි තනිකරම රස්තියා පාට් තමයි"
"Pranshis Jayasekara","https://www.facebook.com/people/Pranshis-Jayasekara/pfbid027XiT2DoP3dXcCZPTxBW19q4qR89aPcbKpfqsSg25vFvuD67kH2Uc1qWt5Mc5aSdWl","Oya   moka   rata  karath   api   kanne  api  hoyana  salli   walin  owa   apita  wadak   na   boo"
"Hasan Hasan","https://www.facebook.com/people/Hasan-Hasan/pfbid032UvQpQpLpBPuMbdxzB7QnFjpeKUVcRi9QMGPeyZMub9uszDEvFEQAMMnkuDrLY4dl","💗💗💗💞💞💞👌👌👌👌💯💯💯❤️❤️❤️❤️‍🩹❤️‍🩹💚💚💚💚💚💜💜❤️‍🩹❤️‍🩹❤️‍🩹💯💯💯💯👌👌👌👌👌👌👌💞💞💞💞💞💞"
"Rimas Rimas","https://www.facebook.com/people/Rimas-Rimas/pfbid0d6XuHjYjjd6f7SmdzPvG6HTek3GSWoADyriDFuUdHUYX8ETmhWFvjanbuzt8D3xhl","Supiri manussayek 👍💯"
"Sujith Ramawickrama","https://www.facebook.com/sujith.ramawickrama","අසූචි ජෙප්පෝ"
"Imk Imk","https://www.facebook.com/imk.imk.327608","Ammage redde adare yakoo utura sakkili demalu bsninawa madiweta ubalage buddahagamata mewatada niyama porawal kiyanne yakoo"
"Sarath Subramuni","https://www.facebook.com/people/Sarath-Subramuni/pfbid0cd7zmdUCsjWUfBDqXfJG9KAr4LgKLdWzhx4JSZ6PnM8AjUsUN7jkJGpAyjCSa2Qgl","මමනම්කැමතිනැසමවදේනවට"
"Roshan Nawarathna","https://www.facebook.com/roshan.nawarathna.338","හිරේ යා යුතුය"
"Nalaka Balagamage","https://www.facebook.com/nalaka.balagamage.2025","AKD dennaha samawa,Tika kalekata hari danduwama denna one."
"Prasantha Fernando","https://www.facebook.com/people/Prasantha-Fernando/pfbid024o9DBwvd43KxbhbnaajUkWZTjPXvxrJVmy3VxrVJ9sJDcQ29DHGZ8b14HdEDKqfDl","සින්හල පක මුන් තමයි ජාතිය වනසන කැම්‍රිරි කොටි සින්හලයො"
"ShamOoh Shaggy","https://www.facebook.com/shamod.rankoth","නියම ඩෝබියෙක්"
"Ridmie Perera","","අවජාතක හොරිකඩ සුනඛයෙක්"
"Nihal Ferdinando","","ඥාණසාරට නීතියෙන් සමාවක් කිසිදා නොලැබේ!"
"Anura Kumara","https://www.facebook.com/anura.kumara.175847","Ok"
"Wanigasena Gamage","https://www.facebook.com/people/Wanigasena-Gamage/pfbid02bFwgCi2YDTr7v1qPhFbrcM4JsAeoB8kU7MBHUy34DkKDcd7bceVeSeMJ2xaZseBNl","Tittaglla is very bad monk."
"Thevaraja Thavaraja","https://www.facebook.com/people/Thevaraja-Thavaraja/pfbid0g4sFMYX6hrXWR338oEcSyMMMnXZgJTZWCkBFZeoePbTQHemhFGcHutLTXXK7k7ZSl","Super toke"
"Emanuvel Jayakumar","https://www.facebook.com/people/Emanuvel-Jayakumar/61581969204576","Your great sago"
"Sharpening Sword","https://www.facebook.com/people/Sharpening-Sword/pfbid0kDEnuch43X3ptMEQ7a4aQsNjCyppkTTey3yiu3gY11jHvRxEeUor3pUJ9KH45S8Jl","Mokadda methana thiyana sinhalakama. ? Are they collecting signatures for a Tamil or Muslim fellow?"
"Vanaranjan Vanaranjan","https://www.facebook.com/people/Vanaranjan-Vanaranjan/pfbid07AxzKhfGFLmZJwgnuqM1dqV77jCZTHfB6XubpsLrckiQ6NUw2y7zxHvU8BSVtmHXl","👌👌👌 priscinga"
"Sanuka Hashan","https://www.facebook.com/sanuka.hashan.39","Ange dabiyho"
"Rajinikanth Rajinikanth","https://www.facebook.com/people/Rajinikanth-Rajinikanth/pfbid02f9u7E2aF1emdQbyjuHLHRKsQTv8VV3kfMnmonYkkDcBWCFMnksLsnoVEpx5Vd6cml","Hi"
"Jaufer Sadiq Noorthab","https://www.facebook.com/jaufersadiq.noorthab","ACCELENT BRO"
"Susantha Pushpa Kumara","https://www.facebook.com/people/Susantha-Pushpa-Kumara/pfbid02BbpxePY8BSPe5yy4CQ5vHdjmAMqrBrQevWYLMxq66EBZKx8fDUWXCAMVFzUp5Hssl","X"
"Bojan Bojan","https://www.facebook.com/people/Bojan-Bojan/pfbid02zmyfS2fdYtYypPfcwr1ndKuXXtRc3cCigjXDuLkGkZsoKVuifD9QREqqHk1pUMYPl","What the f*** single it's men not single Abdul Hamid Muslim Pako not single Pako da Muslim"
"Kasthuri Lakshapathi Anuragama","https://www.facebook.com/kasthuri.lakshapathi.anuragama.2025","මේකේ fake acount godayi"
"Madduma Mudiyanselage Jothipala","https://www.facebook.com/maddumamudiyanselage.jothipala","Gnanasara your example, really fits you exactly.  Your parents might have tried to abort you by giving baby pineapple, panadol tabs, and local medicine. Unfortunately they couldn't succeed and you were born. That's the reason you behave like this. I saw supporting your freedom  some Bikkus similar to you begging for signatures. No need to be a monk people should have discipline and how to behave in society. He is like a barbarian. He disgraced the president telling his unwanted birth and so on. He should be punished for the crimes he committed for the community."
"Ck Ck","https://www.facebook.com/ck.ck.360253","Iam  srilanka tamil veldag"
"Lawrence Fernando","","See. That man can ask for pardon as an individual certainly.  If the entire Buddhist clergy asks President AKD to pardon  him it will mean all the Buddhists endorsed all his past actions. Did the Mahasanga support Gnanasara Thero for his violent anti religious anti social activity?"
"Ganga Pk","https://www.facebook.com/ganga.pk.612181","Ur correct"
"Eranda Harshapriya","https://www.facebook.com/people/Eranda-Harshapriya/pfbid0JnnvEANiHa2kCn2hjCNarchz2oQ3wEgUv6rempuzFnDoVW3giKqg2wuF6AaUoojrl","Elakollek"
"Mohamed Sajith","https://www.facebook.com/anil.chandrashantha","Allah potmanavan"
"Hidayadulla Mohàmmsdu Jamaldeen","https://www.facebook.com/people/Hidayadulla-Moh%C3%A0mmsdu-Jamaldeen/pfbid02DobxXWaSNaHVvJgWqbSmTVwshgLfVyp9YWCW2nS9xChoJaLYFk1X9z5qZENLudeKl","Soooper signal manusayak"
"Manju Lokuyaddehige","https://www.facebook.com/profile.php?id=100056128244749","Pala punde dobiya"
"Oshadha Udharathma Kandawela","https://www.facebook.com/oshadha.udharathma.kandawela","We respect monks who walks in the buddhas path, spread the massage of companion. not the ""siwru radawanas"" who walks the other direction."
"Farzan Farook","https://www.facebook.com/farzan.farook.3","My friend don't put anything you going make big problem  in feucher don't put anything"
"Alam Usoof","https://www.facebook.com/alam.usoof","Gnansaraya = zaharan control by Sally/Gota results: Easter attacks , debt, Gota becomes President."
"Gunadasa Kapuga","https://www.facebook.com/gunadasa.kapuga.9","Malema.ballo"
"Sinniah Kumar","https://www.facebook.com/sinniah.kumar.75","neiamaiy"
"Christopher Pius","","These Monks should get the hell out of the streets. There job is inside the temple not involved in politics or demonstrations. These monks should be arrested. 😡"
"Perera Kulasuriya","https://www.facebook.com/people/Perera-Kulasuriya/pfbid0riZQVqJPZe6WbpEEGHpWaYizZjHjonaNctuEXs59TaMXrsD4svnVhy8iRo6rwj4ol","Aknma"
"Rohan Cchandrasiri","https://www.facebook.com/rohan.cchandrasiri","https://youtube.com/shorts/0N9jX25VDVw?si=_m78520E_kEb7eDF"
"Lakshan Wijesinghe","https://www.facebook.com/lakshan.wijesinghe.90","Jeppek mu"
"Haaziq Haaziq","https://www.facebook.com/profile.php?id=100011783452849","No more idiot can rule this country"
"Sivaganesh Nada","https://www.facebook.com/people/Sivaganesh-Nada/pfbid02snNUG5wZkN9CRKS36YE3gWNNsecj1sV2EiSDuHPtx27T4K6Xc3LbkPd25Kq2kec7l",".🤔.That man is a very good human being and humble person 🇱🇰.Don,t mix religion and the language Dog"
"Ragem Ragem","https://www.facebook.com/people/Ragem-Ragem/pfbid04rRGi1pvVs3Zva9qoqqSMaUQByPcvq7fKinpFELedty6g3uBBkyKhXf9Mi2jtWhnl","Ok"
"Nihal Matharage Don","https://www.facebook.com/nihal.matharagedon","This funking blady kahakadaya being over smart too"
"Dayarathna Padmasiri","https://www.facebook.com/dayarathna.padmasiri","NIYAMAY PUTA NIYAMAY"
"Nishantha Kithulwaththa","https://www.facebook.com/nishantha.kithulwaththa.2025","To.dobeya..uta.dobeyak"
"Piyal Perera","https://www.facebook.com/piyalsperera","Is your father dog 🐕 🤔?"
"Kumara Kumar","https://www.facebook.com/people/Kumara-Kumar/pfbid03N9Hj9E4vdkMBXSfaPUvpQDyA8f7JGXfdNpRXxZPZYCVmc5uVcKjXghD6htbCt7Ql","1...0k...0k.l"
"Nawarathna Banda","https://www.facebook.com/nawarathna.banda.144","Hpdama  kareua"
"Mnn Nazim","https://www.facebook.com/mnn.nazim","Cannot hear what you are saying"
"Thajul Careem","https://www.facebook.com/thajul.careem","MIYAMA PORAK"
"Lasantha Lasa","https://www.facebook.com/lasantha.ranasingha.58","jebbek"
"Mahinda Susantha","https://www.facebook.com/people/Mahinda-Susantha/pfbid0JLUQQZ88PgDs7fWSebc33JPcJ3p1AXS4fyhEBJNjJqDf9a5kUtkF85w6T3bDqRdpl","Niyami,colla,reyal,veddek"
"Wasantha Perera","https://www.facebook.com/people/Wasantha-Perera/pfbid02dS5duZ78eJJQ7tvPF5pAaaRcx2sjQBKsvFA35v4aAdfQARhoveNFD4guKtxUhW4Ml","Pukdipan.kriya"
"Rtvinothani Rtvinothani","https://www.facebook.com/rtvinothani.rtvinothani.1","AKD government. Dnt have excuse. Rule. Strong"
"Charles Andrew","https://www.facebook.com/charles.andrew.125405","Put that monk thug inside since people don’t want monk thugs outside"
"Tissa Senadeera","https://www.facebook.com/people/Tissa-Senadeera/pfbid0274xYoLFVkmwqmQHw13dmnsZBNk96DvGZb3s5HqK9m7XTQ7umCtJv61imJXnCNDpql","Do not forgive"
"Mjm Naleem","https://www.facebook.com/mjm.naleem.2025","You ara best buddist"
"Chaminda Chaminda","https://www.facebook.com/chaminda.chaminda.93336","Topie balo bog"
"Bandara Bandri","https://www.facebook.com/bandara.bandri","Jati Bada aussa aussa"
"Tharuka Lk","https://www.facebook.com/people/Tharuka-Lk/pfbid0swKxZANM9VJ96fQrxaLCJ4BMnLmNr6QuELYsKocYxzmEx7gwNJouCFDrcv7BJp1Ul","U jep den  l"
"Jesudason Jesudason","https://www.facebook.com/people/Jesudason-Jesudason/pfbid0VnUFrmursw26iUekLh2LBndfDSZxXgciUC6kBWjchwxxVwYcCWDxx4yrcQfUbFxml","Well 🇱🇰🇱🇰"
"Anura Anura","https://www.facebook.com/people/Anura-Anura/61591933668195","Supar ma"
"Mohamed Umair","https://www.facebook.com/mohamed.umair.701806","Supper"
"Dhanushka Ruwan","https://www.facebook.com/people/Dhanushka-Ruwan/pfbid02cyS7wLbDxekoiSNJCFYyxPbz9LqfQxprjaRAQyTTbrW2GXpZYajjoC9Ld4jJHrvdl","Aurudu. 76. Marata. Palanaya. Karapu. Meeharakunge. Warada"
"K Anna Suresh","https://www.facebook.com/k.anna.suresh.389250","Don't  sighnage"
"K R Padma Rajapaksha","https://www.facebook.com/people/K-R-Padma-Rajapaksha/pfbid0q9v1LPEMB8yzMkQgSRyyfXksPj896dBcY1T7AzVeAnXe5CyWJFzrAFexisr3pCTGl","Ana Ha"
"Chandra Alageson","https://www.facebook.com/people/Chandra-Alageson/pfbid02eHzMrB28ukgL3hUcmo2wG6pnNS3TGVgvtqPvzaWiPVnH5RGKNkurFivsf2ht3Reml","Gnanasara is a racist and a thug. He should not be released from jail"
"Amila Madusanka","https://www.facebook.com/amila.madusanka.722398","Geri ganayo"
"Nirmal Janaka","https://www.facebook.com/nirmal.janaka.90","Jepek"
"Nirmal Janaka","https://www.facebook.com/nirmal.janaka.90","Jpek"
