User Name,Profile Link,Comment
"Tharaka Pushpataranga","https://www.facebook.com/profile.php?id=61554014755912","උබලා වගේ සිවුරු හොරු දැක්කා ම අපිත් කමිපා වෙනවා"
"Ajith Kumara","https://www.facebook.com/ajith.kumara.236626","Tharaka Pushpataranga"
"Ravinda Ranga","https://www.facebook.com/ravinda.ranga.456561","Tharaka Pushpataranga සහතික ඇත්ත"
"Upul Senarath","https://www.facebook.com/sandaru.chamika.7","Tharaka Pushpataranga එකෙන්ම😂😂"
"Sadaruwan Perera","https://www.facebook.com/sadaruwan.perera.9081","Tharaka Pushpataranga sirawatama"
"Jayalath Waidyanatha","https://www.facebook.com/jayalath.waidyanatha","සිවුර ගලවලා පොඩි එවුන් දූෂණය කරනකොට මොනවද කම්පා වෙන්නේ 🤮🤌podi kale dekapu siuru  horu"
"Priyantha Perera","https://www.facebook.com/priyantha.perera.507027","Tharaka Pushpataranga"
"Kethmi Kulathunga","https://www.facebook.com/people/Kethmi-Kulathunga/pfbid0sfAd5LsCwmutExzu9GPy3d8gnPcbVtpSsomVS8UhnMkUoBd8kC2G2XdEX8u2kW6Vl","Tharaka Pushpataranga උබලවගෙ.පව්කාරයො..දුටුවම.ස්බාවදහම..කම්පාවට ..පත්වන වා"
"කිත්සිරි නුවන්","https://www.facebook.com/people/%E0%B6%9A%E0%B7%92%E0%B6%AD%E0%B7%8A%E0%B7%83%E0%B7%92%E0%B6%BB%E0%B7%92-%E0%B6%B1%E0%B7%94%E0%B7%80%E0%B6%B1%E0%B7%8A/pfbid034VT7SqKNatPUxY29RkAd49Ee6737ceyEzcKJ3BcHworqNNopXeW6ajVnEB1hc3Ral","Kethmi Kulathunga thopiwage pimpiyo dhakinakota apita wamaneta anwa"
"Thushara Madhawa","https://www.facebook.com/thushara.madhawa.2025","සිවුර ගලවලා පොඩි එවුන් දූෂණය කරනකොට මොනවද කම්පා වෙන්නේ 🤮🤌"
"Ajith Kumara","https://www.facebook.com/ajith.kumara.236626","Thushara Madhawa"
"Chandana Rathnathilaka","https://www.facebook.com/chandana.rathnathilaka.5","Thushara Madhawa පොඩි එවුන් දූෂණය කරනකොට කම්පා වෙනවා දූෂණය කරපු එකාගේ අම්මගේ හ**** ේ රටම ස්ථාන විහාරපදිපති"
"Anjula M Perera","https://www.facebook.com/people/Anjula-M-Perera/61591164027319","Thushara Ganayage junda"
"Nilanga Caaminda Nilanga Caaminda","https://www.facebook.com/nilanga.warnasooriya","Thushara Madhawa ඒ දරුව ඉබාගාතෙ ගිහින් වදල  අවාසෙට යවල එළියෙ බලන් හිටපු  ගෑනිගෙ කොහෙ හරි කම්පා වෙනව ඇති"
"Saman Manel","https://www.facebook.com/saman.manel.9","Thushara Madhawa හාමුදුරුවන් ගේ  පක තමා එතකොට කම්පාවෙන්නේ"
"Amami Gunarathna","https://www.facebook.com/amami","Nilanga Caaminda Nilanga Caaminda Ara Australia wala case ekath ehamada ?"
"Oska Weerasinghe","https://www.facebook.com/oska.weerasingha","Thushara Madhawa ඇට දෙක😂"
"Habibi Mine","https://www.facebook.com/people/Habibi-Mine/pfbid02wMmDP8P5vQ6okmmv9o1zPVKpzGamErzgbMAaUa322xoUc8SRk1NM66sGPEspr3pil","[Image Attachment]"
"Damien Fernando","https://www.facebook.com/damien.fernando.39","Thushara Madhawa ජිබ්බ"
"Vipul Padmasiri","https://www.facebook.com/pathiranagedon.padmasiri","Thushara Madhawa siuru unala natanakota mahapolowa appudi gahanawa"
"Chamara F'do","https://www.facebook.com/chamara71","Thushara Madhawa එ කොඩිගහා උස්සනවා"
"Nilmini Samarakoon","https://www.facebook.com/nilmini.samarakoon.2025","Amami Gunarathna ඔය වනචර කාලකන්නි ගේ ඒවාට කුණු පනුවො ගහනවා....කරන අපරාධ වලට තමා ඔවුන්ට දැන් ශාප වෙලා දඟලනවා..."
"Ranga Sandaruwan","","Thushara Madhawa Sameera Sanjeewa 🤣🤣"
"Anu Wickrama","https://www.facebook.com/anu.wickrama.12","Thushara Madhawa kiyanna ewa nam enawa malliii.fb hinda nikan innawa"
"Franciskuge Reshan","https://www.facebook.com/profile.php?id=100002942940059","Thushara Madhawa කියලා වැඩක් නෑ මේ කාලකන්නි මුන්ට ඕන විදිහට තමයි හැමදේම හදා ගන්නේ පක#"
"Hasindu Liyanarachchi","https://www.facebook.com/profile.php?id=100075967822497","Nilmini Samarakoon හාමුදුරුවන්ගෙ වැරද්දක්නෑ පන්සලට යන ගෑනු පිලිවලට ඇදගෙන ගියානම් ඉවරයි ගෑනු දැනගන්න ඔන අපි ඉන්නෙ පන්සලේ කියල මුන් මොකටද පන්සල් එන්නෙ හාමුදුරුවන් ටෝක් කරන්න"
"Nilmini Samarakoon","https://www.facebook.com/nilmini.samarakoon.2025","Hasindu Liyanarachchi පුංචි දරුවන් පේන්නේ මහ ගෑණු වගේ ද....කාම ආතුරයන් උන් මොනව කරන්නද බං ගෑනු න්ට.... වැඩටික තියෙන්නෙ පුංචි දරුවන්ට... සාමනේර පැටව්න්ට... ඇබිත්ත කම් කරන පොඩි දරුවන් ට..."
"Hasindu Liyanarachchi","https://www.facebook.com/profile.php?id=100075967822497","Nilmini Samarakoon 8 වසරේ එක්කෙනා ඔයාට ළමෙක් වගේද පේන්නේ ඒවයසට කරන වැඩ නෙමෙ කරල තියෙන්නෙ"
"Rasika Rohan","https://www.facebook.com/people/Rasika-Rohan/pfbid02kztXC3q62mzNUswqdz2dFW1LtEFoCCnfYN6zadpUXPY9UiQZRRsMb5xA4TEEy66Ql","පංසලෙ කාමරෙ අස්සට පොඩි දුවලා,ගැහැණු දාගෙන සිව් ර ගලවනකොට මහ පොළොව කම්පා වෙන්නැද්ද බන් 😂😂😂"
"Arnold Macmillan","https://www.facebook.com/arnold.macmillan.1","Rasika Rohan hariatama hari"
"Kaushalyana Jayasinghe","https://www.facebook.com/kaushalyana.jayasinghe","Rasika Rohan hariyatama kiwwa brother"
"Nisal Devinda","https://www.facebook.com/profile.php?id=1537072772","Rasika Rohan අඩෝ සිරාම කතාව බං....🔥🤝"
"Rohan Perera","https://www.facebook.com/rohan.perera.350217","Rasika Rohan එතකොට සිවුරු තෙත් වෙනවා කියන්නේ ඕං"
"Habibi Mine","https://www.facebook.com/people/Habibi-Mine/pfbid02wMmDP8P5vQ6okmmv9o1zPVKpzGamErzgbMAaUa322xoUc8SRk1NM66sGPEspr3pil","💐💪🏼💪🏼💪🏼💪🏼"
"Nilmini Samarakoon","https://www.facebook.com/nilmini.samarakoon.2025","Rasika Rohan ඇයි බුදු ගේ ඇතුලෙදීත් දූෂනය කරපු අවස්ථා තියෙනවා..ඒ තරමට සැප මේ අමන වනචරයන්ට..."
"Manthi Kurera","https://www.facebook.com/manthi.kurera","Rasika Rohan ඇත්තතටම"
"තනූජා රණවක","https://www.facebook.com/07jnuxlerb","Rasika Rohan 👏👏👏👍සුපිරී"
"Nilanga K. Perera","https://www.facebook.com/people/Nilanga-K-Perera/pfbid0i63vqwugCgHnNGsR6Fe4wGYcgL2WwhychgYCNag6GwN3dkXD6G5LKsmbhKwcj2Y6l","Nilmini Samarakoon දිට්වා එන්න ඇත්තෙ සමහර විට ඒ වගේ වෙලාවකද දන්නෙ නෑ."
"Kumudu Ranasinha","https://www.facebook.com/kumudu.ranasinha.33","Nilanga K. Perera එහෙම වෙන්න ඇති.. අටමස්ථානාධිපති පොඩි දැරිවියක් දූශණය කරද්දි  මහ පොළව කම්පා නොවෙයිද ,වල් බල්ලෝ සිවුරු දාගෙන"
"Prasanna Srilal","https://www.facebook.com/prasanna.srilal.12","සිවුරු ඇදන් නොහබිනා වැඩ කරනකොට පොලව පලාගෙන යන්න ඕන."
"Dawalasena Gamage","https://www.facebook.com/dawalasena.gamage.9","Prasanna Srilal ගෑනුන්ට ලින්ගික දේවල් කරන්න සිවුර ගලවන කොට දෙවියෝ සාදු සාදු කියනවද"
"Hemantha Kumari","https://www.facebook.com/hemantha.kumari.505","Dawalasena Gamage දරැවොත් හදල උන්ට සැපදෙනකොට සිවුර කොහෙද හංගල තියෙන්නෙ"
"කමල කමල","https://www.facebook.com/people/%E0%B6%9A%E0%B6%B8%E0%B6%BD-%E0%B6%9A%E0%B6%B8%E0%B6%BD/100085696613293","Dawalasena Gamage 😂Etakota. Dathune. Wadinne 😂😂😂"
"Emine Rule","https://www.facebook.com/EmineRule","රට ගිණි තියන්න හැදුවේ වැඩේ හරි ගියේ නෑ"
"Ruwantha Weerasinghe","https://www.facebook.com/ruwantha.weerasinghe.56","Emine Rule"
"Ushan Mallikarachchi","https://www.facebook.com/ushan.mallikarachchi","Emine Rule ඒක තමයි අවතැන් බයියෝ ටික කරන්න හැදුවේ වැඩේ හරිගියේ නැහෑ රටේ කොල්ලෝ කෙල්ලෝ දන්නවා මොකද්ද බෞද්ධ  කියන්නේ කියලා."
"Namal Susantha","https://www.facebook.com/namal.susantha.9","Emine Rule sure"
"Rajitha Supun","https://www.facebook.com/ravindunimshan8","සිවුර ගලෝලා තියලා රති කෙලිනකොට  ඔය කියන දෙවි වරු කොච්චර කම්පා වෙන්න ඇතිද  😡😡.. ඒක තමා දුශ්ශීලයෝ   මේ සාසනයට අනාවරණය කරලා  නෙරපලා දාන්නේ💩💩😡"
"Nilanga Caaminda Nilanga Caaminda","https://www.facebook.com/nilanga.warnasooriya","Rajitha Supun  මොකටද බන් ආවාස අස්සෙ ගිහින් වේසාවියො රෙදි ගලවන්නෙ හාමුදුරුවන් රහත්වෙලා නෑනෙ රහතුන්ගෙත් සිල් බිදුන නම් මේ අපේ කෘතක්ජන හාමුදුරුවන් ගැන පුදුම වෙන්න දෙයක්ද කම්පාවෙනව ඇති යන ගෑනිගෙ අහවල් එක"
"Cmb Ifthi Dmx","","Rajitha Supun 33 කෝටි දේවිවරු ÷23.38 million people =?"
"Sarath Amhunugamaha","","Nilanga Caaminda Nilanga Caaminda muwa mahana karapan"
"Nilanga Caaminda Nilanga Caaminda","https://www.facebook.com/nilanga.warnasooriya","Sarath Amhunugamaha අපි මහන වෙන එක පැත්තකින් තියහන්කො ආන්ඩුවෙ  ඇමතිල මන්ත්‍රිල 42 මහනවෙලා ඉගෙන ගෙන සිවුර ඇරපු උන්නෙ බන්"
"Nilanga Caaminda Nilanga Caaminda","https://www.facebook.com/nilanga.warnasooriya","Cmb Ifthi Dmx ඇයි බන් දිරපු කුරුස කදක  හෙළුවෙන් එල්ලිල ඉන්න ජේසුව එතකොට වල් ඌරන්ට ජාතක  අර අහවල් එක අල්ලන් ඉන්න අල්ල හුටල්ල උන් දෙන්නත් එකතු කරහන් පව් නැත්තන්"
"Sarath Amhunugamaha","","Nilanga Caaminda Nilanga Caaminda ithin mokadda unta wela tiyenne ubata pu_#  arinwa kuwada"
"Nilanga Caaminda Nilanga Caaminda","https://www.facebook.com/nilanga.warnasooriya","Sarath Amhunugamaha   ආඩුවෙ ගූ කන කුලහීන ඩෝබින්ට  ඇත්ත දිරවන්නෙ නෑ තමයි"
"Terrance Perera","https://www.facebook.com/people/Terrance-Perera/pfbid0tdC4TK3bCTqWDjeNLFUP7A1EpTex1vfyee6E3zvb9J4TFLTXoJyGfy99extNZdyLl","සිවුර ඳාගෙන  පොඩි ළමයින්ගේ. රෙඳි ගලවනකොට   මුකුත් උනේ නැඳ්ඳ"
"Habibi Mine","https://www.facebook.com/people/Habibi-Mine/pfbid02wMmDP8P5vQ6okmmv9o1zPVKpzGamErzgbMAaUa322xoUc8SRk1NM66sGPEspr3pil","💪🏼💪🏼💪🏼💪🏼💪🏼💪🏼❤"
"තේ ෂ්","","Terrance Perera එතකොට ත්‍රයිනිකායම බුදි 😓"
"Lakshman Jayatunge","","Terrance Perera"
"Ramani Jayarathna","https://www.facebook.com/people/Ramani-Jayarathna/pfbid0bD79TbrxsN8KtF9jU1nnVqadQBNrwdEtrDu9uh9VaPiXaH3m8iTn3mTrPvN9qybol","සිවුර දාගෙන නොහොබිනා වැඩ කරන කොට මොකක්ද දන්නෙනෑ කම්පා වෙන්නෙ"
"Nilanga Caaminda Nilanga Caaminda","https://www.facebook.com/nilanga.warnasooriya","Ramani Jayarathna ඔයාම ගිහිල්ල බලල කියන්නකො ඔයාගෙ කොතනද කම්පා වුනේ කියල ඒක අපිට කියන්න බෑනෙ"
"Lal Silva","https://www.facebook.com/lal.silva.961","Ramani Jayarathna ඇට දෙක"
"Anuranga Kelum","https://www.facebook.com/anuranga.kelum","Ramani Jayarathna ඇත්ත.. අපේ උන්ට ඕන සිවුරු දාගෙන මොන වැඩේ ක්ළත් එහෙයි..කියාගෙන ඉන්න...🤣"
"Rohan Priyadarshana","","සිවුර ගලවන් දැරියක් දුෂණය කරන කොට,මහ පොලොව කම්පා වෙන්නේ නැද්ද"
"Amila Perera","","සිවුර දාගෙන පොඩි උන් දූශණය කරනකොට, අනිත් හාමුදුරුවන්ට කුණුහර්ප කියලා බනින එක, සිවුර දාගෙන අඩිය ගහලා ගිහින් පොලිසියට අහු උනාම කුණුහර්ප කියලා බනිනකොට මොකද්ද කම්පා වෙන්නේ හාමුදුරුවනේ 😹👍"
"Shiwanthe Frnando","","Amila Perera එවට සිවුර කමක් නැහෑ  දැන් ඉන්න හමුදුරුවන් බුදුදහාමට වැඩ කරනවද"
"Habibi Mine","https://www.facebook.com/people/Habibi-Mine/pfbid02wMmDP8P5vQ6okmmv9o1zPVKpzGamErzgbMAaUa322xoUc8SRk1NM66sGPEspr3pil","[Image Attachment]"
"Amila Perera","","Shiwanthe Frnando අනේද කියන්නෙ.. ගිහියන්ට උපදෙස් දෙන්නත් ආදර්ශමත් වෙන්න ඕනේ.. පන්සලකට අපි යන්නේ හිත සනසා ගෙන පිනක් කරගන්න. හැබැයි ඒ යනකොට පන්සලේ ඉන්නෙ කුණුහර්ප කියන අඩිය ගහන මැරයෙක් වගේ හාමුදුරුනමක් නම් ආයේ ඒකට යන්න හිතෙන් නෑ කොච්චර උනත්. 🙂👍"
"Lalith Chaminda","https://www.facebook.com/lalith.chaminda.9083","අටමස්ථානාධිපති අර පොඩි ගෑනු ළමයාගේ ඇදුම් ගලවනකොට මහ පොළොව කම්පා වෙන් නැද්ද"
"Nilanga Caaminda Nilanga Caaminda","https://www.facebook.com/nilanga.warnasooriya","Lalith Chaminda පට්ට වේසාවියෝ අයාලෙ ගිහින් දරුවො වදලා  ආවසෙට යවල කෝටි ගනන් කප්ප ඉල්ලනකොට කම්පාවෙන්නෙ වදපු වේසිගෙ අහවල් එකට තමන්ගෙ දරුව ආවාසෙට යවල අම්මයි අප්පයි එළියෙ හැමනුනද ඕව පල්ලියේ පිල්ලි උසවියේ ඒවට නඩු අහනව එළිදරව් වෙයි ඇත්ත ඉවසන් ඉන්න දැනට D NA ගැලපෙන්  නෑ කියල විතරයි එළිවුනේ ඉතුරුව මහ උන් දෙන්න වමාරයි"
"Vipul Padmasiri","https://www.facebook.com/pathiranagedon.padmasiri","Lalith Chaminda mahapolowa dekata palena wada"
"තේ ෂ්","","Lalith Chaminda අනික එතකොට මහානායක හිමිවරු පවා මීක් නෑ."
"Tharanga Niroshana Adikari","https://www.facebook.com/tnshan88","මම දැක්ක මුන්නාන්සෙ සිවුර ගලෝල මුහුදු වෙරලෙ ව්‍යායාම කරනව. 🫢😂"
"Dissanayake Sirisena","https://www.facebook.com/people/Dissanayake-Sirisena/pfbid0u1oDG2dqXgj9KuMLVv97mYVniNfTrMsW4THcnCZm5rfzKun517Zy5cvPY3iMbLYQl","Tharanga Niroshana Adikari මචං ජොකා පිටින්ද මු හිටියේ"
"Chaminda Janaka Kodithuwakku","https://www.facebook.com/chamindajanakak","Tharanga Niroshana Adikari ඒ වෙලාවේ රැල්ල අඩි අටක් උඩට ගියා කියලා නිවුස් වලට ගියා"
"Diluksha Nisal Dissanayake","https://www.facebook.com/diluksha.nisal","නාන්නවත් සිවුරු ගලවන්නෙ නැද්ද එත්කොට🥲"
"Saumya Rathnadivakara","","Diluksha Nisal Dissanayake  උඹ අපායෙ යන්නද හදන්නෙ මුන්ගෙන් ඔව්වා අහලා ?  =D"
"Lal Silva","https://www.facebook.com/lal.silva.961","Diluksha Nisal Dissanayake නෑනේ පොලොව කම්පා වෙනවනේ"
"Rukshan Udagama","https://www.facebook.com/rukshan.udagama","Diluksha Nisal Dissanayake සමර ස්වාමින් වහසේල ඉන්නවා අඳනෙන් තමා ස්නානය කරන්නෙ 😌"
"Nilmini Samarakoon","https://www.facebook.com/nilmini.samarakoon.2025","Diluksha Nisal Dissanayake නෑනෙ....එහෙම උනොත් ධාතූ එර්දි වෙලා යනවා.... ඔවුන්ට ගොට්ට අල්ලන කාපාලුවො පව් නෙ... එතකොට ධාතු දැකල අහල නිවන් යන උන් පව් නෙ.."
"Hasindu Liyanarachchi","https://www.facebook.com/profile.php?id=100075967822497","හාමුදුරුවරුන්ගෙත් සිල් බිදින්නෙ පන්සලට යන සමහර.ගැහැනු.අසන්වර ඇදුම් ඇදගෙන මුකුළු කර කර යනකොට කූමන කතාද හාමුදුරුවරු රහත් වෙලා නැහැනෙ"
"Naman Yapa","https://www.facebook.com/naman.yapa","ගෑනියෙක් ලඟට ගිහින් සිවුර ගලවද්දී මොකක්ද කම්පා වෙනවා ඇත්තේ.... 🤔🤔"
"Nilanga Caaminda Nilanga Caaminda","https://www.facebook.com/nilanga.warnasooriya","Naman Yapa ඒක  ආවාස අස්සෙ රින්ගන වේසාවියෝ නෙ දන්නෙ හාමුදුරුවන් රහත් වෙලා නෑනෙ රහතුන්ගෙත් සිල් බිදුන නම් අපේ කෘතක්ජන හාමුදුරුවන් ගැන මොනා අහනවද"
"Naman Yapa","https://www.facebook.com/naman.yapa","Nilanga Caaminda Nilanga Caaminda එලවලා දාන්න එපැයි ඔය ඒස ගෑනුන්ව... 😅"
"Mohamed Aswar","https://www.facebook.com/mohamed.aswar.413733","Naman Yapa ඇයි ඉටපස්සෙ වහින්නෙ පුඩ්යට"
"Kanthi Witharana","https://www.facebook.com/kanthi.witharana.5","Naman Yapa"
"Harsha Nuwan","https://www.facebook.com/profile.php?id=100002352054575","සිවුර ගලවලා හැමිණෙන්න හදනකොට සිවුර ගලලා අනිත් ජල්තර වැඩ බලු වැඩ කරනකොට හිටියේ කොහෙද බල්ලෝ තෝ  තොපි මහ පාරවල් සිවුර ඇඳගෙන යන්න එපා මහපොළොව කම්පා වෙලා තොපි ඇදගෙනයි යටට  නැත්නම් ගුටි කන්න වෙයි ජනතාවගෙන් නැත්තං ලඟදිම එළවන ඊළඟ එක තෝ"
"Athula Mallikarachchi","https://www.facebook.com/athula.mallikarachchi.2025","ඉතින් කරන්න තියෙන්නේ සිවුර ගැලවෙන වැඩ නොකර ඉන්න එකනේ මහත්තයො"
"Nilanga Caaminda Nilanga Caaminda","https://www.facebook.com/nilanga.warnasooriya","Athula Mallikarachchi ඔව් නේද එවුනට බලෙන් ඇමතිය කෝල් එහෙකට බන්ධනාගාර උන් සිවුරු ගලවපු  තමයි අවුල නේද"
"Nimal Perera","https://www.facebook.com/people/Nimal-Perera/100049658449316","සිවුර දාගෙන බඩු ගහන කොට දෙවියන්ට මොකද වුණේ"
"Nilanga Caaminda Nilanga Caaminda","https://www.facebook.com/nilanga.warnasooriya","Nimal Perera එයාකුරුසෙ එල්ලිලා බල්න් හිටියා අනිත් එක්කෙනා අල්ලා කියකිය අහසට අතදිගු කළා"
"Nilanga K. Perera","https://www.facebook.com/people/Nilanga-K-Perera/pfbid0i63vqwugCgHnNGsR6Fe4wGYcgL2WwhychgYCNag6GwN3dkXD6G5LKsmbhKwcj2Y6l","Nilanga Caaminda Nilanga Caaminda තෝත් ජාතියක් ජන්මයක් නැති ඒ වගේම සක්කිලියෙක්"
"Nilanga Caaminda Nilanga Caaminda","https://www.facebook.com/nilanga.warnasooriya","Nilanga K. Perera තොගේ  ඩෝබි ආන්ඩුවෙ 42  ඉන්නෙත් සිවුර දාගෙන ඉගෙන ගෙන සිවුරු ඇරිය උන් බල පියකො මේක"
"Priyantha Perera Perera Priyantha","https://www.facebook.com/priyanthaperera.priyantha.56","එහෙම් කම්පාවක් වෙලා නැත, පොලව කම්පා වෙන්න තිබුනේ, චීවර දාරීන් කුඩා ගැහෑණු දරුවන් අමාරුවේ දාද්දී, චීවරය දාගෙන මත්පැන් බිල වාහන පදවද්දී, අනුංගේ ඉඩම් බලහත්කාරයෙන් පැහැරගනිද්දී.........😂😂😂"
"Sarath Premarathna","https://www.facebook.com/sarath.premarathne.10","උබව මේකෙ දැක්කහම අපිව කම්පාවෙනවා...දෙන දේ කාල පන්සලකට  වෙලා බණක් බාවනාවක් කරගෙන හිටපන් යකෝ....කඩේ යන්නේ නැතුව...."
"Indika Nanayakkara","https://www.facebook.com/indika.nanayakkara.674044","පල්ලේගමයා ගවුම ගලවද්දි 🤔"
"Habibi Mine","https://www.facebook.com/people/Habibi-Mine/pfbid02wMmDP8P5vQ6okmmv9o1zPVKpzGamErzgbMAaUa322xoUc8SRk1NM66sGPEspr3pil","👍👍👍👍💪🏼💐"
"Nalin Sumathipala","","Indika Nanayakkara මන් හිතන්නේ සිවුරු ඇදන් ඒවා කරලා තියෙන්නේ. සිවුර පිටින් මොක කරත් හරිලුනේ. 🤪🤪🤪🤪"
"Dulanjan Sathish","https://www.facebook.com/dulanjan.sk.2025","ගෑනු ගාව ගලවද්දි මොකක්ද දන්නෙ නෑ කම්පා වෙන්නෙ"
"Amitha Wijesingha","https://www.facebook.com/amitha.wijesingha.7","මොහුගේ සිවුර ගලවලා ඇට දෙකෙන් එල්ලන්න ඕනෙ මේ හොරුන්ට සිවුරු වන්දපු අයට ත් හෙන ගානවා ලංකාවට විනාශ වෙලා තියෙන්නේ මේ වගේ හොරුන්ට වටිනා බුද්ධාගමේ සිවුරක් මේවාගේ හොරුන්ට අන්දපු අයට සාප වෙනවා"
"Prema Kumara","https://www.facebook.com/prema.kumara.7","Amitha Wijesingha ඕකට ඇට දෙකක් නෑ බාං 🤣🤣🤣🤣🤣🤣🤣🤣🤣🤣🤣🤣🤣🤣🤣"
"Santha Darshana Karunaratne","https://www.facebook.com/santha.darshana.karunaratne","මුංට දානේ දෙන උන් කොච්චර මෝඩද???"
"Nilanga Caaminda Nilanga Caaminda","https://www.facebook.com/nilanga.warnasooriya","Santha Darshana Karunaratne පල්ලියේ දිරච්ච ලී කොටකුරුසයට අත දික් කරන් ජිවිතේ ඉල්ලන උන් ඊට වැඩිය කොච්චර පජාති මෝඩද අනිත් පල්ලියේ අද්දෙක උඩට අල්ලන් බල්න ඉන්න ඌරෝ ඊටත් වැඩිය පච්ච මෝඩයො  නේද  දානයක් නම් කාට දුනත් හිගන්නෙක්ට සතෙක්ට දුන්නත් පිනක් මිස නපුරක් නෑ නේද කවුරු හරි කාල හරි ඉදිනෙ නේද"
"Santha Darshana Karunaratne","https://www.facebook.com/santha.darshana.karunaratne","Nilanga Caaminda Nilanga Caaminda අපි දන්නවා පුතා ඔයා ඇයි උන්ට ස්පෝට් කරන්නෙ කියල"
"Chinthaka N Harshi","","සිවුරෙන් රට ආරක්ෂා කර ගනිමු"
"Upsarath Kumara","https://www.facebook.com/people/Upsarath-Kumara/pfbid0LuSLHw983bKdMBZLU983hpzmnXGJUYoyQyY4Mp3X2JzfyaXoq6hxjR96WYE7ymNzl","හාමුදුරුවෝ තිරිසන් වැඩ කරනකොට සිවුරු ඇඳගන මොනවද කම්පා වෙන්නේ?"
"Lalith Manjula","https://www.facebook.com/lalith.manjula.98","උබල බඩුගහද්දි, ලමයි දූෂණය කරද්දි දෙයියො පල් වෙනවද... පිංබත් මීහරක්"
"Nilanga Caaminda Nilanga Caaminda","https://www.facebook.com/nilanga.warnasooriya","Lalith Manjula නෑ එයා අර දිරච්ච්ස් කුටුස කොටේ එල්ලිල ඔහේ බලන් ඉන්නව"
"Saman Hemathilaka Hemathilaka","https://www.facebook.com/saman.hemathilaka","සිවුරු ගලවලා ළමයින් දූෂණය කරනකොට පොලොව කම්පාවෙන්නෙ නැද්ද ..?"
"Herath Jayawardena","","අම්මගෙ රෙද්ද. යකෝ අරක්කු බීලා මහ පාරේ ඩෙගා නටන ඒවා උඹලට කැපයිද නරියෝ."
"Kanthi Maththumagala","https://www.facebook.com/kanthi.maththumagala","හොර ගෑනු ලග සිවුර ගලෝන කොට කම්පා වෙන්නෙ මොකක්ද  දන්නෙ නැහැ"
"Nilanga Caaminda Nilanga Caaminda","https://www.facebook.com/nilanga.warnasooriya","Kanthi Maththumagala ඒක ඔයා ගිහිල්ම තමයි බලන්න ඕනෙ ඇවිත් කියන්නකො කොතනද කම්පාවුනේ කියල"
"Lal Silva","https://www.facebook.com/lal.silva.961","Kanthi Maththumagala උන්ගේ ලග තියෙන එක"
"Bandula Ranasinghe","https://www.facebook.com/people/Bandula-Ranasinghe/pfbid032SCBRX9UoW3avYczsudqxxxWKmsJBBaGDrDSqFi5mpWeEbiQcwn7gERwE1JDAnfVl","ජනාධිපතිතුමාට චන්දෙ දුන්නේ ගරු අධ්කරණය මගින් වැරදිකරුවන්ට ලබාදෙන සිරදඩුවම් නිදහස් කිරීමට නොවේ"
"Anura Tennakoon","","මිහිකත කම්පාවෙලා පොළොව දෙදෙරල යන්නෙ  සිවුරු ඇදගෙන මහන වේශයෙන් ඉදගෙන මිනිස්සු කුලප්පු කරන ඔයවගේ අය නිසා..."
"Krishna Devsara","https://www.facebook.com/people/Krishna-Devsara/pfbid0mS7n665Bv8uWu6KN11DguwfnbfRx944zE3GQwBWyCpU6tRePgFhotrsfwAWH7drfl","තිත්තගල්ලෙ වැටිච්ච තැනක්.."
"Leelananda Wijekoon","https://www.facebook.com/leelananda.wijekoon","සිවුරු ගලවපු 50 ක් 60 ක් ඇතුලේ ඉන්නව නේද?කීපාරක් පොළොව කම්පා වෙන්න අතිද?"
"Himali Ediriweera","https://www.facebook.com/himali.ediriweera.2025","හාමුදුරුවෝ අපේ රටට මොනවද මේ කියන්නේ..තොපි වගේ එවුන් ට හෙණ ඉල්ලන්න ඕනේ අපට නෙවෙයි..අපිට පව් පුරෝ න..කාළකන්නි.."
"Prasanna Manoj","https://www.facebook.com/ajantha.shanthi.9","දායිකාවන්ට කියල ගලෝගන්නකොට පොඩි උන්ව කෙලසන කොට ඕක කම්පා වෙන්නෙ නැද්ද.බුදු දහමට තොයෙන තැන නැති කලේ ඔය ගොල්ලොම තමා🤐"
"Sumedha Wijayanga","https://www.facebook.com/sumedha.wijayanga","හොර ගෙඩියා El-nino  එකත් එක්ක මේ සීන් එක ගලපන්න හදන්නෙ නේ😁 එතකොට අර දැනටම ඇතුලේ ඉන්න සෙට් එකේ සිවුරු ගලවනගකොට  කම්පා උනේ නැද්ද මචං තිත්තේ"
"Pubudu Suranga","https://www.facebook.com/pubudu.suranga.1","Sumedha Wijayanga 🤣🤣🤣"
"Priyantha Rdg","https://www.facebook.com/priyantha.rdg.2025","අනේ බං උඹලා සිවුරු ගැලෙවුවත් එකයි දාගෙන හිටියත් එකයි  උඹලා ඒ තරම් සිවුර අපවිත්‍ර කරලා ඉවරයි"
"Kevin Peterson","https://www.facebook.com/people/Kevin-Peterson/pfbid033TbyfmisqT5vyn697KNqN9Emw5rdqoRrEPWYZXU7LdosTV5k9TpdqTWGNqdLQ19Xl","නානා ගැන හරක් වගෙ දුක්වෙනවා හරකො ඔකගෙ ගැනිගෙ දුවගෙ ගිනුම් වල හොයලා බලපල්ලා සල්ලිතියෙන්නෙ කියලා කොටිගනන්"
"Nuwan P. Kumara","https://www.facebook.com/nuwan.p.kumara.244431","අහසෙ දෙවියෝ හිටියනම් පොලොවෙ තමුන්ලා ඉතිරි වෙලා ඉන්න විදිහක් නෑ ☝️"
"Prasanna Priyankara","https://www.facebook.com/prasanna.priyankara.378886","සිවුර ගලෝල කුඩා දරිවියො දූෂණය කරද්දි මහපොළොව කොයි වගේ වුණාද හාමුදුරුවණේ"
"Jinadasa Wijethunga","https://www.facebook.com/jinadasa.wijethunga.3","බුදුසසුන විනාසනොකර ගලවපිය සිවුර මූඩ තට්ටයා"
"Nishantha Pushpakumara","https://www.facebook.com/nishantha.pushpakumara.12720","දන්නෙ නැති නිසා අහන්නෙ .. අවු12. 14  වයසෙ පොඩි කොල්ලන්ගෙ පුකවල් පලන්න සිවුරු ගලවන කොට අහස පොළව කම්පා වෙන්නැද්ද"
"Somasiri Kajuwatta","","දේව කම්පාව රෙද්දක් නෙවෙයි රට කරගෙන යනවට තියෙන ඉරිසියාකාර කුහකකම"
"Saneera Fernando","https://www.facebook.com/saneera.fernando.3","සිවුරෙ ගෞරවය ආරක්ෂා කරගන්නත් සිවුර දාගෙන ඉන්න උන් දැනගන්න ඕන..දැන් ඉන්න අති බහුතරයක් කරන්නෙ සිවුරට මුවා වෙලා කරන්න පුලුවන් හැම බලු වැඩේම කරන එක"
"NP Lanka","https://www.facebook.com/people/NP-Lanka/61581747351019","එහෙම වෙන්නනම් සිල්වත් ගුණවත් ස්වාමීන් වහන්සේ නමක් වෙන්න ඕන පාතාලයෙකුට සිව්රු දැම්මකියල එහෙම වෙන්නැ.🙏"
"Somila Rodrigo","https://www.facebook.com/somila.rodrigo.5","Nirmala බුදු දහමේ දෙවිවරු අදහනවද... 🤔🤔🤔🤔🤔"
"Daminda Sanjeewa De Silva","https://www.facebook.com/profile.php?id=100002459691555","හරක් මු න් 🫎🐃🐄🦬🐮🐂"
"Vimal Rathnayaka","https://www.facebook.com/vimal.rathnayaka.126500","Daminda Sanjeewa De Silva 200%"
"Ajith Edirisinghe","https://www.facebook.com/ajith.edirisinghe.16","අපි දැක්කා සමහරු කා ඉස්සරහට ගිහින්ද සිවුර ගැලෙව්වේ කියලා . අනේ පලයං බං යන්ඩ ."
"Wickramasinghe Anura","https://www.facebook.com/people/Wickramasinghe-Anura/pfbid0paPXzLj3N9hpLdmiJeFNY3SErpa4qHkAvkX2oAKaKBnZYfFr1Mp7rkfhpsJ7D8Yhl","Ado athsan gahala iwarada pakayo"
"Sagara Priyashantha","https://www.facebook.com/sagara.priyashantha.9","සිවුරදාගෙන කරන දේවල් දැක්කම අපි කම්පාවෙනවා. අපෙ හාමුදුරුවනේ"
"Nilanga Caaminda Nilanga Caaminda","https://www.facebook.com/nilanga.warnasooriya","Sagara Priyashantha කම්පාවෙන්න එපා කවුරුත් රහත්වෙලා නෑ"
"Herath Nishantha","https://www.facebook.com/herath.nishantha.14","Sagara Priyashantha රට ගිණි තියන්න ට්‍රයි කලා.ඒ වැඩෙ හරියන්නෙත් නෑ.."
"Sagara Priyashantha","https://www.facebook.com/sagara.priyashantha.9","Nilanga Caaminda Nilanga Caaminda හරිම දුකයි"
"Ashan Madusanka","https://www.facebook.com/kavee.kavee.904742","අදනෙ ගලවලා පොඩි දරුවො දුසනෙ කරනකොට එහෙම වෙන්නෙ නැද්ද පකො"
"Upasena Hewage","","උසාවියට හා සන්ධ්‍යා ට කරපු අපහාස වලට අමතරව  අනුන්ගේ දේපොල වල බලහත්කාරයෙන් ඉඳීමෙන් වරදකරු වෙලා තියෙන චීවරධාරීයෙක්. තවත් චෝදනා කිහිපයකටත් වරදකරු වෙලා ඉන්නේ. ඒවා රට ජාතිය බේර ගන්න කරපු සටන් නොවෙයි.  මේවාගේ එකෙක් සි‍ංහල බෞද්ධයන් ගේ ප‍චායුධය කියල හිතාගෙන ඉන්න ඈයො ඉන්නව නම් ඒ ගොල්ලො බෞද්ධයො වෙන්න බැහැ."
"Deva Chandrasiri","https://www.facebook.com/deva.chandrasiri","Upasena Hewage සත්තකින්ම. ඒ වගේම දොස්තර ෂාෆිගෙ පවුලට කල හිංසාව."
"Sudesh Sandruwan","https://www.facebook.com/sudesh.sandruwan","එතකොට අර පොඩි ළමයා ලග ළඟ සිවුර ගලවපු වෙලාවේ පොළොව කම්පා උන්නැද්ද්ද"
"Concil Wijesinghe","https://www.facebook.com/concil.wijesinghe.3","රටේ ජනාදිපති කාගේවත් සිවුරු ගැලේව්වේ නැහැ නේද ?රටේ නිතියක් තියෙනවා නේද?? අදිකරනයට අපහස කිරිම නිසා නේද  රටේ නිතිය අනුව නේද දඩුවම් ලැබුනේ??චිවරය ඇදගෙන කුනුහරප කියලා ජනාදිපති සමාව ගන්න පුලුවන්ද??මෙවැනි චුවර දාරින් සුවපත් වෙත්වා.🙏"
"Nuwan Prasad Siriwardhana","https://www.facebook.com/nuwan.prasad.180","පන්සල්වල දාගෙන බාලවයස්කාර ලමයි දූෂණය කරනකොට  කුශ් ගෙනත් ජාවරම් කරනකොට කම්පාඋනේ නැද්ද.."
"Manoji Bandaranayaka","https://www.facebook.com/people/Manoji-Bandaranayaka/pfbid02CXfp7FBRE25K1eyW7fc6wD559xrJQLxxbLdTajYQvf6MavscLM1TrnJjkwzRso21l","ඔතන දෙවියෝ ඉන්නවා නම් උන්නාන්සේලා ගෙ සිවුරු ඔතනමයි ගලවන්නේ බුද්ධ ශාසනයට කරපු අපරාදේට"
"Suraj Thirimanna","https://www.facebook.com/suraj.thirimanna.5","කෙල්ලෙක් දූෂනය කරනකොට නිදන් හාරනකොට"
"Aliya Nasheem","https://www.facebook.com/people/Aliya-Nasheem/61591632568452","උඹල ඇදන් ඉන්නෙ සිවුරු නම් උඹල ඔහොම හැසිරෙන්නෙ නෑ සිවුරු ඇදපු බුදු හාමුදුරුවෝ ඇතුලු බොහොමයක් ස්වාමීන් වහන්සේලාගේ හැසිරීම් ගැන උඹල එහෙනම් මිනිස්සුන්ට කියන්නෙ බොරු වෙනව උඹල හාමුදුරුවෝ නම් , අපි අහපු බුදු හාමුදුරුවෝ නම් උ‍බල වගෙ නෙවෙයි . එනිසා ඒ බුදු බණ බොරු කරන්න නටන උඹලට සොබාදහම ගිනි තිබ්බා"
"Suranjith Lakmal Edirisinghe","https://www.facebook.com/suranjith.lakmal.92","Mewata deviya kampa wenne nadda"
"Chamith Eranga","https://www.facebook.com/chamith.eranga.161","ඇයි බං මේවගෙ ගනයන්ට මයික් අල්ලන්නෙ උන්ට ඊට වඩා පිස්සු"
"Miran Kasun Kulasekara","https://www.facebook.com/mirankasun.kulasekara","පංසල් ඇතුළේ ළමයි දූුෂනය කරද්දි ඇයි ඔය කවුරැත් කම්පා උනේ නැත්තේ"
"Mahesh Bandula","https://www.facebook.com/mahesh.bandula.758","මූට නම් හොඳටම පිස්සු"
"Nithara Ranasingha","https://www.facebook.com/nithara.ranasingha","එතකොට හේමරතන පාපිස්සට සිවුර ගලවලා දාතු පිට කරද්දී පොළව දෙබෑ උනේ නැතුව පුදුමයි.. දැන් දෙවි වරුත් හොළ්මන් ඇති 😂"
"Pd Chandrasiri","https://www.facebook.com/people/Pd-Chandrasiri/pfbid0krUrBfcbyhDdiUroMm7NwWsW4U4i2Aqhxo5PwUiLRothrZFvExB9NwBduurqmnMRl","හරි  අරක්කු  බීල   වාහන   පදින  කොට  මුලු  සසුනම  කම්පාවෙනව  දූශන  ඒවට  නිකං  අහකට  වැඩ්ඩනම්  අහකයි  නේද"
"Eranga Udayakantha","https://www.facebook.com/eranga.udayakantha.5","ඔය කියන දෙවල් වේන්න තිබුනා සිවුරු දරන්න සුදුසු කෙනෙක්ට වරදක් උනා නම් .බයිලා නොගහා හිටියා නම් හොදයි"
"Nilanka Gamage","https://www.facebook.com/nilanka.gamage.982","සිව්‍රර පිට්න් කෙල්ලෝ දුෂනය කරලා බඩු පපිස්සට හලද්දි දෙයියෝ කම්පා වෙන්නේ නැහැ ද"
"Nihal Chandrasiri","https://www.facebook.com/nuwan.kolla","Nilanka Gamage සැර වැඩිද මන්දා"
"Pubudu Ranasinha","https://www.facebook.com/pubudu.ranasinha.7","සිවුරක් ඇදගෙන ජඩ වැඩ කරන කොට  දෙවිවරුන් මොකද කරන්නේ"
"Nuwan Madusanka","https://www.facebook.com/nuwan.madusanka.3591","Mun maha patta pal horu ralak"
"Nihal Weerawardana","https://www.facebook.com/nihal.weerawardana.9","එකෙක් යනකොට එකෙක් එනවා"
"Sudda Wasa","https://www.facebook.com/sudda.wasa","හරි..බිස්සුවක්...නම්...හරි...උයි..උබයි බල්ලො වගේ දගලන්න අපිට අවන්කවම පන්සල්...යන්නත් එපා කරවල තියෙන උබල .උබලට තියෙන...මහින්දගේ අමරුව ..අනුර බල්ලො ගනන් ගන්න එකක් නවත්....තල."
"Kasun Weerasingha","https://www.facebook.com/kasun.weerasingha.355","සිවුර ගලවලා බඩුගහන්න යනකොට මොකද්ද කම්පා වෙන්නේ 😂😂😂"
"Peiris Sarath","https://www.facebook.com/peiris.sarath.2025","මම මාලිමා පාක්ෂිකයෙක් නොවේ. නමුත් ජනාධිපතිවරයාගේ තීරණය පිළිබඳව සතුටුයි.  භික්ෂූන්ට අවශ්‍ය ආකාරයට රටේ පාලනය සිදුනොවිය යුතුය ."
"Ajith Kumara","https://www.facebook.com/ajith.kumara.969591","තමන්ගේ වාසියට කතා කරනවා ..බුද්ධ sasanaya විනාස karannathuwa පන්සලට වෙලා .hitiayanam හොඳයි .."
"Tharanga Kumara","https://www.facebook.com/tharanga.kumara.355","දේශපාලනය රටේ පාලකයන්ට,නීතියට අනුව සහ ආගමකට හෝ එහි නායකයන්ට මිනිස්සුගේ ආත්මික ජීවිතයට උපකාර කිරීම විය යුතුයි. මේ දෙක අතර වෙනස නම් දේශපාලනය තම කැමැත්ත මත තීරනය කෙරෙන අතර ආගම දහම ඇදහීම මත තීරනය වේ. කෑමැත්ත කියන එකට බොහෝ දේවල් තිබියදී ඇදහිල්ල එක් අයෙකුට හෝ ඉගැන්වීමකට පමනි."
"Bandula Jayaratna","https://www.facebook.com/bandula.jayaratna.2025","බුද්ධ ශාසනේ බේරගන්න වෙලා තියෙන්නේ අද දුශ්ශීල භික්ෂූන් ගෙන්"
"Harshana Dissanayake","https://www.facebook.com/harshana.dissanayake.2025","පිස්සු පගයා 😂"
"Upali Dissanayake","https://www.facebook.com/upali.dissanayake.33","ලෝකයා හිනාගස්සන්නේ නැතිව වැඩක් බලාගෙන හිටියනමි,...අවසරයි"
"Chami Perera","https://www.facebook.com/chami.perera.528","මෙ අපේ හාමුදුරැවනේ දන්නේ නැති නිසා අහන්නේ..සියුර දගේන ගැනු එකා දේන්න.   තියන් සෙල්ලම් කරද්දි...ලමයිට අත වර කරදි හොඳද....පොලව කප්පා වෙන්නෙ ඉරි තැලේන්නේ නැ...😀😀😀😀😀මුන්ගේ ශෝක් මුන්ට ශෝක්"
"Sampath Prasanna Dematapaksha","","😂බොලා ටික දැක්කම අපි කම්පා වෙනවා"
"Saman Dharshana","https://www.facebook.com/saman.dharshana.200031","ඔව් සිව්රක් ගලෝනකොට කම්පා වෙනවා..පුන්චි දැරිවියෝ..ඇබිත්තියො..පොඩි නමවල්..උපාසක අම්මලා..ඔව් සිව්ර ගලෝනකොට..උස්සනකොට මේ ලෝක තලයම කම්පා වෙනව..උතුම් බුද්ද චීවරය..අරහත් මගේ භව නිරෝදයට වඩිනා ආර්‍යන් වහන්සේලා දරා උන් චීවරය ලක්කාවේ ඇතැම් කාසාය ඛන්ටක සිව්රු රදවන ගනින් නාන්සේලා චීවරය අපයෝජනය කරනකොට...ලොක දාතුවම කම්පා වෙනවා.. තවමත් උතුම් චීවරය දරාගෙන ආර්‍ය මග වඩිනා උතුම් සග රුවනට මාගේ නමස්කාරය වෙත්වා.මේ අවරගනයේ සියලු දේ කමටහනක් කරගෙන නිවන් මග පූර්නය කිරීමට උන් වහන්සේලාට ප්‍රඥාව තව තව පහල වේවා...🙏🙏🙏"
"Weerasingha Subasingha","https://www.facebook.com/weerasingha.subasingha","තොපි කොරන සක්කිලි වැඩවලට කම්පා වෙලාා තියෙන්නේ....සිවුරු ගලවලා දැරියන් දූෂණය කරනකොට කම්පා වෙන්නේ නැද්ද"
"Dinesh Dehiwattage","https://www.facebook.com/dinesh.dehiwattage","කම්පා වෙන්න ඇති"
"Sanjaya Wimalaweera","https://www.facebook.com/sanjaya.wimalaweera","Dinesh Dehiwattage baduma thamai"
"Tharindu Gunathunga","https://www.facebook.com/tharindu.gunathunga.5","යකෝ මූ වගේ දෙබිඩ්ඩෙක් මූ පහුගිය කාලේ කීව බණට හාත්පසින්ම වෙනස් දෙයක්නේ දැන් කරන්නේ."
"Dharaka Bandara Aluvihare","https://www.facebook.com/dharakabandara.aluvihare","සිවුරු පොරවාගෙන පාදඩ වැඩකරන උන් රකින්න බුද්ද චීවරය පාදඩ කරනයනයට ලක් කරන , බුද්ද දේශනයට විරුදදව යන හොර හැතිකරේට මම විරුද්දයි."
"Manike Thepulasinghe","https://www.facebook.com/menike.thepulasinghe","බුදු හාමුදුරුවන් ගෙ වටිනා චිවරය විකුණා ගෙන. හැම දහජරා වැඩ කරන මහන කම ගැන අපිත් කම්පාවෙලා ඉන්නෙ හිරේ කවුරුවත් බලෙන් දානව ද"
"Sampath Wickramasinghe","","අඩේ ධාතු පිට කරන්න සිවුරු ගලවද්දී මොකෑ වෙන්නේ...🤣🤣🤣"
"Sanjaya Dassanayaka","https://www.facebook.com/sanjaya.dassanayaka.94","ගෑනු එක්ක බුදියගන්න සිවුරු  ගලවනකොට මහා පොලව කමිපා වෙන්නේ නැද්ද බං"
"Naveen Aththanayaka","https://www.facebook.com/people/Naveen-Aththanayaka/100005623247200","සිවුරු ගලවලා බඩු ගහනකොට,ගල් කපනකොට කොහෙද කම්පා වෙන්නේ..😄😄"
"රසික අර්ජුන","https://www.facebook.com/qt2nyho01t","Naveen Aththanayaka ado no😄"
"Ranawaka ML","https://www.facebook.com/lalith.ranawaka.58","මේ ඒ වාගේ කම්පාවක් 🤣🤣🤣"
"Maheshika Dilhani","https://www.facebook.com/maheshika.dilhani.180","අනේ හාමුදුරුවනේ සිවුරක් දාන් කරන්න තියන දස බලුවැඩ කරද්දි කම්පා උනේ නැද්ද.....සිවුරට වහන් වෙලා කරන්න තියන අසමජ්ජාති වැඩ කරල දැන් සිවුර ගැලවීම කරගෙන උඩ පනින්න එපා........මිනිස්සු ගරු කරන්නේ බුදු දහමට,ඒකට නිගා කරන්න එපා"
"Piyal Rathnasekara","https://www.facebook.com/rathnasekara.hsp","කම්පා වෙන තරම ගැන කථා කරන්නේ කොහොමද ඉතින්,දැන් ලංකාවෙන් පිටත් කම්පා වෙන්න පටන් අරන් ,ඔස්ට්‍රේලියාවේ ⁣නම් හොදටම කම්පා වෙලා..."
"Nadeera Indrajith","","පොඩිවුන් දුෂණය කරනකොට කම්පා උනේ නැද්ද බල්ලෝ 🐄🐄🐄🐄🐄"
"Asanka Sanjeewa","https://www.facebook.com/people/Asanka-Sanjeewa/pfbid0L9eKnfVVmbpFreRq3hKGwKDLr2xgGpEw6LEyLy3KcJiFrDofvQuEqi8K2fNKr6aDl","අපිත් කම්පා වෙලා ඉන්නේ මේ වගේ හාමුදුරුවෝ හැසිරෙන හැටි දැකලා"
"Nuwan Neranjen Jayasinghe","https://www.facebook.com/nuwan.n.jayasinghe","පොඩි උන්ට කරදර කරද්දී හොදටම කම්පා වෙයි.. ඉස්සරහට බලාගෙන ඉමුකෝ අපෙ හාමුදුරුවනේ"
"Waruna Rukmal","https://www.facebook.com/waruna.rukmal.5","60 ගානක් හිරේ කම්පා වෙනවනම් ලෝක ධාතුව නෙවයි අපි කම්පා වෙන්න ඕන, කූඩු ලංකාවට ගේද්දී, ගෑනු එක්ක බුදියද්දී කම්පා උනේ නෑ නේ නේද 😂😂"
"Roshan Gamage","https://www.facebook.com/Roshanchathuranga8685","බොරු කියන්න එපා සිවුර ගලෝලා කලිසන් ඇන්දේජපානේ ගිහිල්ලා හොඳයිද එතකොටකඩේ යනවා කියන්නේ කොට තමයි"
"Anil Wasanta","https://www.facebook.com/anil.wasanta.3","සිව්රු දරන්න නුසුදුසු අයගේ සිව්රු ගලවන්න ඕනෙ"
"Jayantha Rupasinghe","https://www.facebook.com/heerath.jayantha","මොන තරම් කම්පනයක් තියෙන්න ඇද්ද මේ ගෑනි මේ අහින්සක හාමුදුරුවන්ගෙ සිවුර ගලවනකොට"
"Jayantha P Villaddara","https://www.facebook.com/jayantha.pvilladdara","සිවුරක් ගලවලා  පොඩි ගෑනු ලමයි දූෂණය වෙනකොට දෙයියෝ කම්පාවෙන්නෙ  නැද්ද ? උපාසිකාවෝ සාදුකාර තියනවා..."
"Shirantha Fernando","https://www.facebook.com/diwon.fernando","පිස්සම් කොටු බස් එකක් කරන්න බැරිද ඔතනට"
"Jayantha Perera","https://www.facebook.com/jayantha.perera.777","උඹ නිදන් හාරලා හිරේ ගියා නේද"
"Asanka Uddika","https://www.facebook.com/uddikaa","Ane ban අහිංසක kellek දූෂණය karana කොට maha පොළව kanpa වෙන්නේ නැද්ද"
"Chaminda Jayasena","https://www.facebook.com/chaminda.jayasena.10","කම්පා වෙනවා නෙවැ 🤣🤣🤣🤣"
"Priyan Anutthara Dissanayake","https://www.facebook.com/priyantha.dissanayaka.9212","දෙවිවරු සාදු කියනකොට නටන්න ඔනේ මෙහෙම..."
"Shamen Nirmala Lankathilaka","https://www.facebook.com/shamennirmalalankathilakage","සිවුරක් ගැලවීම නිසා ස්වභාවධර්මයත් දෙවියනුත් කම්පා වන බව ඔබ වහන්සේ පවසනවා. එසේ නම්, භාග්‍යවතුන් වහන්සේගේ උතුම් චීවරය දරාගෙන ඇතැමුන් කරන ධර්මයට හා විනයට පටහැනි ක්‍රියා හමුවේත් දෙවියන්, බ්‍රහ්මයන් හා මහපොළොව කම්පා නොවන්නේද යන ප්‍රශ්නය අපට මතු වෙනවා.  අදත් සීලය හා විනය රකිමින් ශාසනයට ආලෝකයක් වන ගෞරවනීය යතිවරයන් වහන්සේලා බොහෝ දෙනෙක් වැඩ සිටිනවා. උන්වහන්සේලාට අපි දොහොත් මුදුන් තබා නමස්කාර කරනවා. එහෙත් චීවරය දරාගෙන සමහරුන් කරන අයහපත් ක්‍රියා නිසා, ඒ සිල්වත් භික්ෂූන් වහන්සේලා කෙරෙහි ජනතාව තුළ ඇති ගෞරවයටත් හානියක් සිදු වෙනවා නේද?  උතුම් චීවරයේ ගෞරවය රැකීමට, එය දරා සිටින අය භාග්‍යවතුන් වහන්සේ දේශනා කළ ධර්මය, සීලය හා විනය අනුව ජීවත් වීමත් අවශ්‍යයි නේද, ස්වාමීන් වහන්ස?"
"Nilesh Herath","https://www.facebook.com/nilesh.herath.9","Shamen Nirmala Lankathilaka නංගි 1000% ඇත්ත.. මුන් සිවුරට මුවාවෙලා කරන තක්කඩිකමි,බලුකමි,කුපාඩිකමි,පොඩි එකෙකුට පංසල පැත්තේ ආසාවකට යන්ඩ නෑ...මුන් තරමි පාහර හැත්තක් මෙිලෝ කේ  නෑ කුරැණෑගල උදාහරණ ඔන තරමි සාක්ෂි  එක්ක දෙන්නමි..නාන සාරයා කියන්නේ වල් පරයෙක්"
"Ajith Priyankara","https://www.facebook.com/ajith.priyankara.5076798","දේව කම්පාව නිසා තමයි එක එකා ඇතුළට යන්නෙ"
"Sarath N Mallika","https://www.facebook.com/sarath.aravinda","ඔව් ඔව්  සිවුර  දාගෙන දහදුරා වැඩ කරන්න හොදයි  ඒවට හාමුදුරුවරු නිදි"
"Isuru Sampath","https://www.facebook.com/isuru.sampath.608015","පොඩි කෙල්ලො එක්ක හැ මි නෙ න කොට ඔය දෙයියා කම්පා උන් නැද්ද එතකොට 😂💔"
"Malka Ranasinghe","https://www.facebook.com/profile.php?id=100002808774274","සිවුරගලවගෙන    පුංචි  මල්  කැකුළු  දූෂණය  කරනකොට   පොළොව     කොක්  හඬලා  සිනාසෙයිද    හාමුදුරුවනේ   එතකොට? 🤪"
"Jayathissa Wm","https://www.facebook.com/jayathissa.wm.7","සිවුර දාගන කරන අමන වැඩ නිසා දෙයියෝ නෙවෙයි මනුස්සයෝ කෝප වෙලා ඉන්නේ,, බුද්ද පුත්තුුයෝ දෙයියෝ ලගට ගිහින්,,,"
"Shenali Poormi","https://www.facebook.com/shenpoormi","සිවුර දාගෙන කුපාඩු වැඩ කරද්දී කම්පා වෙන්නේ නැද්ද 😐"
"Prabath Jayasinghe","https://www.facebook.com/profile.php?id=100004062075604","ඒකද බන් සුනාමී ආවේර කොරෝනා ආවේ මෙත සිවුරට කල අපහාසයක් නෑ ඒම කරන්නෙ තමා තමුන් කරන ඒවා අපි බලන් ඉන්නෙ...ඕවට සිවුර ගාගන්න එපා වදින්නම් ඔය මිනිස්සු අන්දන්න කරන ගොබ්බ වැඩ කතා දැන්වත් නතර කරපල්ල ඕකට වඩා නරකද අර මුහුදු විහාරය වගේ ඒවට ගිහින් ඒවා ඝැන හොයා ඹැලුවනම්..🫡🫡🫡"
"Ashan Dissanayake","https://www.facebook.com/dissanayakeashan","හෙන ආතල් මේ කලු ගන තඩියා, කාල කාල හරකෙක් වගේ මහත් වෙලා, ලෙඩ හදාගෙන, උදේ හවස මාර ආතල් එකක් දෙන්න අපිට.  Keep.it up bro 😁💪✌️"
"Gsd Dasanayaka","","සිවුර ඉඳලා තමයි ඕන බලු වැඩක් සමහරු කරන්නේ"
"Sadun Pathirana","","සිව්වරක් දාගෙන balu weda කරණකොට පොළව කම්පා වෙනවා"
"පුන්චි ගොවියා ගොවිතැන","https://www.facebook.com/people/%E0%B6%B4%E0%B7%94%E0%B6%B1%E0%B7%8A%E0%B6%A0%E0%B7%92-%E0%B6%9C%E0%B7%9C%E0%B7%80%E0%B7%92%E0%B6%BA%E0%B7%8F-%E0%B6%9C%E0%B7%9C%E0%B7%80%E0%B7%92%E0%B6%AD%E0%B7%90%E0%B6%B1/61592364309230","ඇද උඩ ඕක ගලවලා පොඩි කෙල්ලට අරිනකොට ගෑනු ගෙනල්ල පන්සලේ තියාගෙන උන්ට කියල ගලෝගෙන උන්ට අරිනකොට..අපේ ගමේ වගේ කොන්ද පන තියන උන් උබලගෙ ගම් වල උන්නනම් තමයි උබලට කම්පා වෙන්න වෙන්නෙ.😂😂😂 මෙහෙ එකෙක් හෙලුවෙන් යැව්වෙ පාරෙ.."
"Mahesh Gunaratne","https://www.facebook.com/mahesh.gunaratne","Buddha  darshanaye dewa sankalpa thibeda"
"Kasun C Dissanayaka","https://www.facebook.com/chathu.dxkick","තොපි වගේ උන්ට චීවරේ පොරවපු එකට තමයි කම්පා වෙන්නෙ"
"Praveen Jayawickrama","https://www.facebook.com/praveen.jayawickrama.1","කොහෙද අනුරාධපුරයෙ ද"
"Suraj Nishantha","https://www.facebook.com/suraj.nishantha.9","මතකනෙ නෑමොලයා සීනිගම ගිහිල්ලා සතියයි ගියේ."
"Chandani Freddie Silva","https://www.facebook.com/chandani.freddiesilva.7","පොඩි ළමයි දූශනය කරන කොට සිවුර ගලවනකොට පොළොව කම්පා උනේ නැතෙයි ??"
"Upul Panditha","https://www.facebook.com/upul.panditha.7","දිට්ටා ආවේ හේමරතන සිවුර ගලෝපු වෙලාවේ වෙන්න බැරිද...?"
"Lasan Weerasinghe Weerasinghe","https://www.facebook.com/lasanweerasinghe.weerasinghe","මේ මුන්වගේ උන් තමයි පහුගියකාලෙ සිවුරු ගලවගෙන ඇදන්පල්ලෙ ඉදල දායකයින්ට අහුවෙලා පන්සලෙනුත් එලෙව්වෙ, එතකොට භූමිකම්පාවෙන්නෙ නැද්ද අපේ හාන්දුරුවනේ.... තව්සෙල මේ අබියෝග කරන්නෙ රටේ නීතියට, මේ නීතියේ සමහරදේවල් යල්පැනගිහින් තමයි හැබැයි දැනටතියන නීතිය දිනක වෙනස්කරනතුරු ඒකතමයි නීතිය. මේ නීතියට හාමුදුරුවන්ද, පූජකවරුන් අදාලනෑ හෙටදවසෙ පූජකවරයෙක් මේහාසමානම වැරැද්දක් කලොත් මොකදවෙන්නෙ එතකොටත් පූජක ඇදුම ගලවන්න වෙනව, හොදමදේ තමයි මේ ගොබ්බ උන්නාන්සේලා කට පරිස්සම්කරගන්නඑක."
"Sarath Wijewardana","https://www.facebook.com/sarath.wijewardana.796","සිවුරු ගලවලා කලිසම් ඇදන් යන ගමන් වලදි, එහෙම වෙන්නෙ නැද්ද"
"Kamal Ananda Dahanayaka Yapa","https://www.facebook.com/kamal.ananda.dahanayaka.yapa","දැන් කම්පවෙල නේ"
"Lalith Wijesinghe","https://www.facebook.com/lalith.wijesinghe.58","යහ පාලනෙ සිවුර ගලවනකොට දෙයියො කොහේද"
"Henry Vaz","https://www.facebook.com/henry.vaz.1848","මේ ගනයො මාධයට ඇවිත් පිස්සු කෙලින්නැතිව පන්සලට වෙලා ඉන්නවනම් ඒක මිනිස්සුන්ට ලොකු පිනක් මේඅහන බැනුම්වල හැටියට"
"Palitha Jayasinghe","https://www.facebook.com/palitha.jayasinghe.794375","පිස්සු කෙලින්න එපා. හොඳටම මොංගල්"
"Kavishka Warnapriya","https://www.facebook.com/kavishka.warnapriya","සිවුර දාගෙන කෙල්ලො දූෂණය කරනකොට පොළවට මොකද වෙන්නෙ ? 😂"
"Nalinda Kumara","https://www.facebook.com/nalinda.kumara.5817","Suranga Dissanayaka අම්මෝ යකෝ එක🙊"
"Chamalie Midipolawaththa","https://www.facebook.com/chamalie","සිවුරු දාගෙන කුප්ප වැඩ කරන එක අකැපයි අපේ හාමුදුරුවනේ.. හරි දේ සමාජගත කරලා රටට සමාජයට වැඩක් කරන්න අපේ හාමුදුරුවනේ.."
"Chinthaka Sirisena","https://www.facebook.com/chinthaka.sirisena.2025","මේ වගේ තප්පුලන ගවයන්ට සිවුර පොරවනකොට ඒක ලෝක අපරාධයක් කියලා පොළොව කම්පා වෙන්නැති තමයි."
"Akalanka Dharmasiri","https://www.facebook.com/akalankadharmasiribm","Chinthaka Sirisena ow habai"
"Pramoth Manamperi","https://www.facebook.com/pramoth.manamperi.2025","කාලකන්නි"
"Ramidu Koralage","https://www.facebook.com/ramidu.koralage","හපෝ මේ අඩවැඩියාව ඉවරයක් නෑනෙ..."
"Ranjith De Silva","","රටට වින කරන ඇත්තෝ.....ප්‍රවේසමෙන්."
"Menaka Rathnayaka","https://www.facebook.com/menaka.rathnayaka.175087","අම්මෝ හාමුදුරුවනේ සිවුර ගෑනු ගලවනකොට ලෝකය කම්පාවෙන්නේ නැද්ද,මෙහෙමත් හොරෙක් 😁"
"Shashika Vithanage","https://www.facebook.com/profile.php?id=100052023732388","මේ ගෝතය නම් මහ හිසරදයක්. FB එකේ උඩ පහල කොහෙත් මුගේ බයිලා.. 😝😝"
"Thusitha Bandara","https://www.facebook.com/thusitha.bandara.1069","ඔක්කොටම කලින් පන්සිල් රකින්න හාමුදුරුවනේ"
"Sithum Chanaka","https://www.facebook.com/sithum.chanaka.54738","සිවුර දාගෙන හැ##ද්දි කම්පා උනේ නැද්ද. ඒවා අව්ලක් නද්ද. අනේ නිකං පලයං බං යන්න."
"Ranjith Korale","https://www.facebook.com/ranjith.korale","පොඩි දරුවොන් අපයෝජනය කරනකොට ඔය සුවුරු කම්පා වුණේ නැද්ද"
"Supun Sameera","https://www.facebook.com/supun.sameera.376","ළමා අපචාර කරන්න සිවුර ගලවනකොට දෙවිවරු ආච්චිට හාල් ගරනවා, මහපොළව කටකපලා බුදි.😂"
"Sumudu Nawarathne","https://www.facebook.com/sumudunawamalika","Supun Sameera ethakota kampanya wenne wena ewane"
"Athula M Gamage","https://www.facebook.com/athula.m.gamage.2025","පොලොවයි, දිය්යොයි කම්පා වුණ අවස්ථාවක්.."
"Nirosha Gunawardena","https://www.facebook.com/nirosha.gunawardena.58","Menil Chilanka Hemathunga  මෙන්න සිවුර ගලවනෝඕඕඕ"
"Prasath Kumara","https://www.facebook.com/prasath.kumara.940","ගැනු ඉස්සරහා සිවුරු ගලවද්දි කම්පා වෙන්නැද්ද"
"Rusiri Abayathunga","https://www.facebook.com/rusiri.abayathunga","උතුම් බුද්ධ රත්නයේ හරියට පැවිදි වුන අය දෙවියෝ යඳින්නේ නැත.🤧🤧🤧🥴🥴😏 හරි තමා මේ සමාජ ජාල වල මිනිස්සු කියන කතාව ""උඹලා ගිහින් උතුම් සම්බුද්ධ ශාසනයේ නැවත වරක් පැවිදි වෙයං.""🙏🙏🙏🙏 පින් සිද්ධ වෙයි. මේ ධර්මය රකින, ශාසනය රකින උතුම් මහා සංඝ රත්නයට අපහාස නොකර, නියම බෞද්ධයින් ව අනිත් ජාතීන් අතර අපහසුතාවයට පත් නොකර ""නැවත වරක් හරියට මහණ වෙයන්.""🙏🙏🙏🙏🙏🙏🙏🙏🙏"
"Nilanka Karunasena","https://www.facebook.com/people/Nilanka-Karunasena/61560299614140","මේවා ගලවන ගැලවිල්ලට කෙල්ලටත් කම්පා වෙලා ඇත්තේ. Rivi Randew Hewage හා නැද්ද බං.🤣🤣"
"Rivi Randew Hewage","https://www.facebook.com/rivishan.randew.52","Nilanka Karunasena ඒක නම් ඇත්ත බං අයියේ මුං මේ අපේ ගමට ගිහිං මොකද්ද කරන නාඩගම..😅"
"Suresh Lakmal","https://www.facebook.com/suresh.lakmal.843316","Nilanka Karunasena ඔය ගැලවිල්ලටද දිට්වා ආවේ 🤔🤔"
"Nilanka Karunasena","https://www.facebook.com/people/Nilanka-Karunasena/61560299614140","Suresh Lakmal 😜😜😜හොයන්න වෙයි ටිකක්."
"Lalani Wijesinghe","https://www.facebook.com/lalani.wijesinghe.28194","සිවුර දාගත්තට මදි සිවුර දාගෙන කරන වැඩ වලට අපි කම්පා වෙනවා කීයෙන් කීදෙනෙක් ද සිවුර රකින්නෙ බොරැවට වැලපෙන්න එපා දැන් ජනතාව බහුතරයක් බුද්දි මත්"
"Dulce D Silva","https://www.facebook.com/dulce.d.silva.2025","අනේ සිවුර පොරව ගත්  මිත්‍යා දෘෂ්ටිකයෝ. තමන්ගේ දේශපාලන ඇරියස් වෙනුවෙන් දේවාල අස්සේ  රිංගනවා නිර්මල බුදු දහමටත් නිගාවක් මේවගේ චීවරධාරී නිසා."
"Lakshan Perera","https://www.facebook.com/Paththinige","මේක නිකම් දැම්මෙ 😅"
"Chathura Nimanka","https://www.facebook.com/chathura.nimanka","සිවුර දාගෙන දැරියකගේ ඇදුම් ගලවනකොට ලෝක දාතුව නිවාඩු ගිහින් ද ඉදියේ"
"Dhananja Udagedara","https://www.facebook.com/dhananja.udagedara","ගෑනු එක්ක බුදියන කොට ඇට දෙකද කම්පා වෙන්නෙ.....🤣🤣🤣🤣"
"Tuder Jayasekara","https://www.facebook.com/tuder.jayasekara.1","හාමුදුරු කෙනෙක්ගෙ සිවුරක් ඉවත් කරානම් දෙවියො විතරක් නොවෙයි මහජනයාත් කම්පා වෙනව ඒත් ඔය සිවුර ගැලෙවුවේ ජාති ආගම් බේද අවුස්සන.කඩප්පුලි,දේසපාලුවන්ට කඩේ යන හොර ගනගෙඩියෙකුගෙ ඒ නිසා බයවෙන්න දෙයක් නැහැ.මූ එලියෙ සිටියනම් තමයි බය. මොකද මිනිස්සු බේද බින්න කරනවනේ."
"Gayanath Haputhanthree","https://www.facebook.com/gayanath.haputhanthree","හෙල බොදු කියන ඔය හිටපු පාලකයොන්ගෙ පාලන සමයෙ රටම බංකොලොත් වෙලා තියෙද්දි මොකුත්ම හොඳක් නොවුනෙ රටේ ආර්ථිකය බල්ලටම ගිහින් තිබුනේ තිස්තුන් කෝටියම දෙයියෝ දොයියාගෙන ඉඳපු නිසාද අපේ හාමුදුරුවනේ."
"Oska Fernando","https://www.facebook.com/people/Oska-Fernando/pfbid02xNjg6ZwPEv56KJeLeaMHRDeXLB4FAECSfnaWg2rLuWZSbbXscJCwr7vdFiR8p4etl","මෙතනදි ජුංඩා කම්පා උනේ"
"Madawi Wakwella","https://www.facebook.com/people/Madawi-Wakwella/100004426427501","පල්ලෙගමත් කි දෙනෙක් ලග සිවුර ගැලේවුවද🙏😅"
"S Ayesha Dias Abeygunawardena","https://www.facebook.com/ayeshadies","මෙහෙම ගලොන කොට කම්පාවෙන්නෙ නැද්ද 😛😛😛😛"
"Ravindu Sandeep","https://www.facebook.com/ravindu.sandeep.77","උඹ සිවුරු දාගෙන සපත්තු දාගෙන නටන විගඩම් දැක්කම කොහොමත් කම්පාවෙනවා ඕනම කෙනෙක්ට"
"Harshan Prabath","https://www.facebook.com/stunt.prabath","දෙයියා පට වෙයිද තිත්තෙ අයියෙ.....🥴🥴"
"Sisira Thilakarathna","https://www.facebook.com/sisira.thilakarathna.96","Gamini Kahangama මේ සෙට් එක බුදුන් වහන්සේත් ව්කුනගෙන කන සෙට් එකක් මචං.ඔය නානසාරය ගැන කියල වැඩක් නෑ .."
"Saman Karunathilaka","https://www.facebook.com/saman.karunathilaka.3958","යකෝ රට හදන්න දීපල්ලේ  ඒ මනුස්සයාට තොපි අනුන්ට කඩේ ගිහිල්ලා ගිහිල්ලා තවත් හොරු වෙනුවෙන් කඩේ යන්ඩ එපා. වඳින්න පන්සලට වෙලා හිටපල්ලා"
"Dananjaya Lakshitha","https://www.facebook.com/dananjaya.lakshitha.16","සංඝ කෙදිරිල...තොපි සිවුරට හැන්ගිලා කරන කුපාඩි වැඩ හොදද..ඒකට පොලොව කමිපා වෙන්නෙ නැද්ද..?දානෙ කියල මේ සක්කිලිට දෙන්ඩ හොද නෑ කන්ඩ නැතුව ඉන්න අයට දෙන එක පිනක්..මුන් මහණ වෙලා කරන්නෙ රැකියාවක් පිනට කියල එකතු කරනවා..බුදුන් කිවුවෙ සියල්ල අත් හරින්න මේ හොර ඝනයො දානෙ වේලෙත් සැප හොයනවා..බුදුදහම බේරගන්න ඕන තොපි වගේ සක්කිලි වනචර හොර කහකඩයන්ගෙන්"
"Gamini Karunarathna","https://www.facebook.com/people/Gamini-Karunarathna/pfbid02sJJi4BAzMUWfZmdq8y2jjVp6XF6UAgxX3H8Mxo3UkxNeXi8f4PDqujQqv8zYrpgxl","එහෙව කම්පාවෙනව සැබෑම සංඝරත්නයට, හැබැයි රටේ ජනයාට විනකරන හොරුන්ට කඩේ යන උන්ට එහෙම කලාට ලෝක ධාතුව කම්පාවෙන්නෙ නෑ, රටේ ජනතාව වෙනුවෙන්  මහගු සේවයක් කරන අනුර ජනාධිපතිතුමා ඇතුලු අනෙකුත් අයට ත්‍රිවිධ රත්ණයේම පිහිටයි, අපි මාලිමාවෙ රජය රකිනව පණ මෙන්,"
"Indika Abeyrathna","https://www.facebook.com/indika.abeyrathna.76437","බුදුන්ගේ දර්මය විනාස කරන්න එපා හරකෝ"
"Sumith Suraweera","https://www.facebook.com/sumith.suraweera.395","අර කෙල්ලව දූෂණය කරන  කොට  අර ගොන්නාන්සෙ ගෙන් මොකුත් කම්පාවුනේ නැහැනෙ  තිත්තයො.  කට වහගෙන හිටු ගොන් තැම්බ"
"Ranjith Bodinarayana","https://www.facebook.com/people/Ranjith-Bodinarayana/pfbid0aSL9wk4U5TYCWvPUL8MMeYCbZPDybHrop8VAQ2xLY86RUh5oJmpSMhfgi4oknioJl","සිවුර දාගෙන පාහර වැඩ කරනකොට තමයි දෙවියො කම්පාවෙන්නෙ.පාහර සරීරයකින් සිවුර ඉවත් කිරීමම දෙවියන්ගෙ වැඩක් තමයි."
"Nuwan Athapatthu","https://www.facebook.com/nuwan.athapatthu","මෙි රටෙි උන්ට විහිලුවක් වෙන්නෙපා බං."
"Pathma Ranasingha","https://www.facebook.com/pathma.ranasingha.145210","මෙයාල රටටම පිලල . සිවුරෙන් කරල තියෙන ඒ ව මදෑ"
"Renuka Herath","https://www.facebook.com/renuka.herath.52","එතකොට සිවුරට නොගැලපෙන වැඩ කරන කොට ? එතකොට නීතිය කම්පා වුනාට කරන්න දෙයක් නෑ"
"Lionel Kumarasiri","https://www.facebook.com/lionel.kumarasiri.73","සිවුර  ගෑනු ග,ලවද්දි කවුද  කමිපාවෙන්නෙ...."
"Sandun Kahingala","https://www.facebook.com/sandun.kahingala","අටමස්‍තාන ලොක්කා ගලවවනකොටත් එහෙම වෙන්න ඇති"
"Ruwan Chamara Waduge","https://www.facebook.com/ruwan.waduge","Uba ammata hukapan pakaya"
"Sumeda Thenuwara","https://www.facebook.com/sumeda.thenuwara.3","සිවුරු දාගෙන ළමයින් දූෂණය කරද්දි,කුඩු ගන්ජා විකුනද්දි මෙයාලගෙ මොකක්ද දන්නේ නැහැ කම්පා වෙන්නෙ"
"Manjula Senani Jayawardena","https://www.facebook.com/m.senani.jayawardena","උබලා කරන ඒවාට තමයි බන් දෙවියෝ කෝප වෙන්නෙ, ඔය සිවුරු ගැලවෙන්නේ ගෑනු ඉස්සරහ නේ"
"Susantha Kodikara","https://www.facebook.com/susantha.kodikara.54","හාමුදුරුවනේ අහිංසක පොඩි අය කාන්තාවන් ගේ බඩ  උඩ නගිද්දි  සිව්ර ඇදපල්ලේ  තොපිට දානේ  දෙන එකත් පවකි ,,"
"Gerald Suresh Rasaiah","https://www.facebook.com/gerald.rasaiah","Ethakota siwra galawala rape karanakota???"
"Ruwani Dilanka","https://www.facebook.com/ruwani.dilanka.33","එතකොට සිවුරු හැරලා යද්දී.සිවුර ගලවල ගෑණු එක්ක නි#වදිද්දි අවුලක් නැතුව ඇති 🤣🤣"
"Tuition Ravi Jayasekara","https://www.facebook.com/tuitionravi.jayasekara","සිවුරක් ඇදගෙන ගෑණුන්ගේ  රෙදි ගලවනකොට...."
"Mahesh Ekanayake","https://www.facebook.com/mahesh.ekanayake.12","මොකුත් කියලත් බෑ නොකියට්ග් බෑ"
"Kelum Manjula","https://www.facebook.com/kelum.manjula.191393","Mahesh Ekanayake අනිත් හැම එකාම එකම එක කියනකොට උඹත් මුකුත් නොකිය හිටියොත්් ප්‍රශ්නයක්...අනේ මොනවා හරි කියපන්....!නැත්තං ශාසනයට කචල්"
"Chathuranga Amarathunga","https://www.facebook.com/chathuranga.amarathunga.12","පල්ලෙගමයා අර දැරිය ළගදි ගලවනකොටත් කම්පා වෙන්නැති"
"Prasanna Kumara","https://www.facebook.com/people/Prasanna-Kumara/pfbid025Q6FRjzuVT5wTdsfL1USdp833fiG6QxP3W94Cmyag7xYaBwpB29cHN69URLCQW5rl","තිරිසන්නු මුන් වගේ අපිටත් සිව් රක් ද්‍රා ගන්න පුලුවන් මුන් කියන විදියට"
"Sanjaya Aruna","https://www.facebook.com/sanjaya.aruna.74365","තොපි සිවිර ගලවල කරන බලු වැඩ දැක්කම මුලු රටම කමිපා වෙනවා"
"Siril Abeyrathna","https://www.facebook.com/siril.abeyrathna.5","පොඩි දරුවෝ දූශනය වෙන කොට කම්පා වෙන්නේ නැද්ද"
"Kavinga Prasad","https://www.facebook.com/prasad.kavinga","මෙි කිප දෙනෙක් නිසා ගුණ ගරැක ස්වාමීන් වහන්සේලටත් අවමානයක්"
"Charith Rathnasuriya","https://www.facebook.com/charith.rathnasuriya","ඔබ වහන්සේ රටේ බෞද්ධයන්ගේ අයිතිය වෙනුවෙන් පෙනී සිටිනවා නේද... අර පල්ලේගම හාමුදුරුවෝ බාල වයස්කාර දැරියට කල අපචාරය ගැන මේ වගේ සද්දේ දැම්මේ නෑ නේද..? ඒකට කොන්ද පන මදි ඇති මයේ හිතේ.."
"Eranga Eranga","https://www.facebook.com/muditha.eranga.1","ඕකට තමයි කියන්නේ කෙඳිරි ගානවා කියලා"
"Harshana Disanayak","https://www.facebook.com/people/Harshana-Disanayak/61552542830562","ඒල ඇදන් ළමයි දූසනය කරකොට ගෑනු එක්ක බුදියනකොට ජඩ වැඩ කරනකොට මොකද වෙන්නේ"
"Samarakoon Saranga","https://www.facebook.com/samarakoon.saranga","යකෝ දෙවියෝ සාදුකාරදෙන්නේ සිව්‍රර හරියට පාවිච්චිකරන හාමුදුරුවන්ට"
"Nikesika Virasinha","https://www.facebook.com/people/Nikesika-Virasinha/pfbid02e7wjohnNhFqDJqTFBttmUEZqEh5qthfsGmXN8PV167ACqzG3RSaZNFs5dhEJCZmfl","සිවුර දගෙන ගොඩක්  හාමුදුරුවෝ  වැරදි දෙවල්  කරනවා"
"Lalith Prasad","https://www.facebook.com/lalith.prasad.67347","එතකොට සිවුර දාගෙන කරන එව්වාට දේවියෝ සාදුකාර දෙනවා ඇති නේද"
"Nalin Kumara","https://www.facebook.com/nalin.kumara.610582","එතකොට ගෑනු ඉස්සරහ සිවුරු ගලවනකොට හොදද ?"
"Manoj Jeewantha","https://www.facebook.com/manoj.jeewantha.76177","තොපි හින්ද අපි කමිපා වෙලා ඉන්නේ"
"Wasantha Kumara Kodikara","https://www.facebook.com/wasantha.kumara.kodikara","ගෑනු ඉස්සරහ සිවුර ගලොනකොට .........නොදකින් කාලකන්නි"
"Christy Romel Grero","https://www.facebook.com/christy.grero","උඹලා සිවුර ගලෝලා අහිංසක දහම් පාසල්ල එන දැරියෝ  දුෂණය කරද්දී  මහපොළොව කම්පනය වෙන්නැතුව ඇති  කාලකන්නි 🤮"
"Don Sitta","","එතකොට ළමයින් rape karata kamak nathda සිවුරු daa gena"
"Mario N Dinusha Hewavitharana","https://www.facebook.com/rukshan.m.hewavitharana","ඔයාලා අඩියක් ගහලා බඩුවක් ගහලා එහෙම ඉන්නකොට අපි කම්පා වෙනවා 💩🥶"
"Wha Priyantha","https://www.facebook.com/wha.priyantha.7","අර පොඩි කෙල්ලගේ ගවුම ගැලව්ව කියනව නේද.එතකොට කම්පා උනේ. ගලවපු හාමුදුරුවන්ට ගේ අහවල් එක ද"
"Hireka Edirisinghe","https://www.facebook.com/people/Hireka-Edirisinghe/100078994118220","එතකොට මේවට කම්පාවෙන්නේ.නෑ.🤣🤣"
"Ajith Priyankara","https://www.facebook.com/people/Ajith-Priyankara/pfbid0AjV5pMhgqAUGAUBmyWwwAAaAWXnD5Tm1qaDyCRHH6Zve4vcA9nwaSVhLwjwNb5Ebl","සිවුර.දාගෙන.බොනකොට.බඩු....හනකොට.දෙයියෝ.කමොපාවෙන්නේ.නැද්ද.තිත්තයෝ..........තිත්තයෝ.මලලෝල.හරිමරහයි.ඒකනිසා.පරිසම්වෙයන්"
"Lohan Prasanna Bandara","https://www.facebook.com/lonthapol.bandara","නේපාලයේ ,බන්ගලාදේශයේ,බෙන්ගාල බොක්ක  ආශ්‍රිත රටවල් වලට දෙවියන් කම්පා වෙලා"
"Prageeth Sanjaya","https://www.facebook.com/nisansala.sadamali.505","බඩු ගහන්න ගලවනකොට කොහෙද කම්පාවෙන්නෙ....දන්නෙනැති නිසා අහන්නේ"
"Susantha Bandara Wijekoon","https://www.facebook.com/susantha.bandara.wijekoon.2025","සිවුර දාගෙන  තිරිසන් බලු වැඩ කරද්දි  සිදුරට මොකද වෙන්නේ"
"Shashika Madhusanka Hatharasinghe","https://www.facebook.com/shashika.madushanka.79","ඔව් ඔව් කම්පාවෙලා තමයි තියෙන්නේ.....ඔයාලා කරන වැඩ නිසා තමයි එහෙම උනොත් එහෙම වෙන්නේ"
"Vidura Prabashwara Namarathna","https://www.facebook.com/vidura.prabashwara","දැන් ඉතින් දෙකේ දාලා වහින්න ගත්තම මේ කට්ටිය කියයි ඔන්න දැන් දෙයියෝ කෝප වෙලා කියලා 😂"
"Abeysinghe Banda","https://www.facebook.com/people/Abeysinghe-Banda/pfbid02UwsanJiPgURqXA1vrFJBeqgV1LJyYYym3tDRbZdnxvjn1C9jjtNW4aVRh9KaPo88l","සිවුර නොගැලපෙන අය දාගෙන ඉන්නකොට දෙවිවරු නිදිද"
"Chameka Gayaan","https://www.facebook.com/chami.gayan.54","සිවුර දාගෙන කුනුහරප කියාගේන කෑගහගන්නකොට දෙවිවරු ආසිර්වාද කරනවද සාඩු?"
"Piyadasa Hettiarachci","https://www.facebook.com/piyadasa.hettiarachci","දාතු.වැඩි.උනාම.තමා.සිවුර .ගලවල.තියෙන්නෙ.."
"Ramya Shirani","https://www.facebook.com/ramya.shirani.7","සිවුරු දාගෙන වැරදි වැඩ කරද්දී මේ මහ පොළව දෙදරලා විනාශ වෙලාම යනව.ගෞතම බුදුරජාණන් වහන්සේ ලොවට හෙළි කලඋතුම් දහම මේ විනාශ කරන්නෙ.ගිහියන් වන අපිට හරි වේදනයි හාමුදුරුවනේ ..කොහොමද තරුණ හාමුදුරුවරු රැක ගන්නේ සසුන රැක ගන්නෙ.මේ වගේ වැඩ සිදුවෙද්දි"
"Kamal Rohan","https://www.facebook.com/kamal.rohan.5","මාර වැඩේ සිවුර ගලවන කොට වෙන්නෙ.ගෑනු ලගදි ගලවනකොටත් එහෙම වෙනවද"
"Ishan Upul Sameera","https://www.facebook.com/ishan.upul","සිවුර දාගෙන ගෑනු එක්ක බුදියන්න යනකොට කම්පා වෙන්නේ මොකද්ද එතකොට"
"Milan Kumara Edirisinhe","https://www.facebook.com/milankumara.edirisinhe","Ishan Upul Sameera  ඇට දෙක .බං"
"Asitha Dissanayake","https://www.facebook.com/profile.php?id=100009564663460","තිත්තේ කම්පා වෙලා සිවුරු ගලවලා පොඩි හිමිනමවල්වලට පන්සලේ සෙල්ලම දානකොට, දායක සභාවට මාට්ටු වෙලා වීසියෝස් පවා තියෙනකොට නැට්ට 🍑ගහන් හිටිය උන් මේ දැන් එන්නේ සිවුරු උස්සන්  අටමස්ථානාධිපති පොඩි කෙල්ලොන්ට සෙල්ලම දානකොට කම්පා වෙන්නැතුව ඇති. . මෙයා නෙක්ස්ට් ඥානසාර වෙන්නනේ දගලන්නේ ගානට ප්ලාන්ට් වෙනවා...."
"විශ්වයේ රන් දොරටුව","https://www.facebook.com/people/%E0%B7%80%E0%B7%92%E0%B7%81%E0%B7%8A%E0%B7%80%E0%B6%BA%E0%B7%9A-%E0%B6%BB%E0%B6%B1%E0%B7%8A-%E0%B6%AF%E0%B7%9C%E0%B6%BB%E0%B6%A7%E0%B7%94%E0%B7%80/61575739146179","මෙයත් සිවුර දැරිමට සුදුසු කෙනෙක් නෙමෙයි ...කිසි හික්මිමක් විනයක් සන්වරයක් නැති චිවර දාරියෙක්"
"Kasun Chathu Gamage","https://www.facebook.com/Ceylon996","සිවුරේ ඉදන් 🐕 වැඩ කරද්දී මොකද්ද වෙන්නේ හාමුදුරුවනේ🤫"
"Sound Garage","https://www.facebook.com/people/Sound-Garage/61589493201211","DEVIYO KAMPAWELA THIYENNE THOPI KARANASAKKILI WADA HINDA"
"watch it lk","https://www.facebook.com/people/watch-it-lk/61592304315004","මෙයාගෙ  නේ happy birthday ඩාන්ස් එක"
"Tiny World Studio","https://www.facebook.com/people/Tiny-World-Studio/61593298184005","ෙනෙකුට වෛර කිරීම හෝ ක්‍රෝධයෙන් බැන වැදීම කියන්නේ අනුන්ට ගහන්න රත්වූ ගිනි අඟුරක් අතට ගන්නවා වගේ වැඩක් ඒකෙන් අනුන් පිච්චෙන්න කලින් මුලින්ම පිච්චෙන්නේ තමන්ගෙම අතයි"
"සෙමනේරිස්","https://www.facebook.com/people/%E0%B7%83%E0%B7%99%E0%B6%B8%E0%B6%B1%E0%B7%9A%E0%B6%BB%E0%B7%92%E0%B7%83%E0%B7%8A/61575253953612","විසාල සබ්දය්ක් ආවද කැළ්ණිය් පැත්තෙන්"
"Amila Gammanpila","https://www.facebook.com/amila.gammanpila.96","එතකොට සිවුර ගලවල බඩු ගහන කොට මොකද්ද  පගයො කම්පා වෙන්නෙ"
"Jagath Kodagoda","https://www.facebook.com/profile.php?id=100003751647070","සිවුර තියන්  ළමා අපචාර කරද්දී  සම්මාදම් සල්ලි වලින් බඩු ගහද්දි  ගංජා අරක්කු බොද්දි  අහිංසක මිනිස්සුන්ගෙන් එකතු කරපු සල්ලි වලින් බිස්නස් කරද්දී  බුදු මග වෙනුවට මිත්‍යා වපුරද්දී  බණ තන කරද්දී  කරුණාව වෙනුවට වෛරය වපුරද්දි  භික්ෂුන් දේශපාලනය කරද්දී  දෙවියෝ නිවාඩු ගිහින්ද ඉන්නේ.. තොපි වගේ උන් මේ ශාසනේ ඉවරම කරනවා"
"Indrananda De Silva","https://www.facebook.com/indrananda.desilva.37","පොඩි දරුවො දුෂණය කරන්න සිවුර ගලවන කොට නම්  සොබාදහම  උනත් කම්පා වෙන්න පුලුවන්"
"Dammik Kumarasiri Kumarasir","https://www.facebook.com/dammik.kumarasir","රට විනාශ කරන වනචරියො"
"Pubudu Ginige","https://www.facebook.com/pubudu.ginige.5","සිවුරු ඇරල ගියාම අවුලක් නැත්ද 🤔"
"Saman Kumarage","https://www.facebook.com/saman.kumarage.73","සිවුරට එතරම්  බලයක්  තියෙනවා තමයි.හැබැයි කහකඩයකට එහෙම නෑ..ඔය බණ වැරැදි කරනකොට තේරුනේ නැත්තේ ඇයි .."
"Maduranga Ekanayaka","https://www.facebook.com/people/Maduranga-Ekanayaka/pfbid02W1o4qDec4k1H7wexiP6NDS6EVKF2JmvS3pL1Kaxyw6QSqoPUQw2bJsoXjiTJhn7ul","Siurak daragana wililajja nathi wada karanda epa ape hamuduruwanee😁"
"Saman Fernando","https://www.facebook.com/saman.fernando.5602","Siwura වෙන දේවල් වලට ගලවන කොට දෙවියෝ ආශිර්වාද කරන්න ඇති නේ."
"Indika Gunathilake","https://www.facebook.com/indika.gunathilake.253462","දෙය්ය පල්වෙලා"
"Ananda Ranasinghe","https://www.facebook.com/people/Ananda-Ranasinghe/pfbid0XVdpcyQj35Pmdst8dYXjKEKABcaqdqRKLHhyDFpt2Qs2gjGPyBaJjy6rQAYVdqL7l","Hora ganayo uba මොනවා කිව්වත් me rate මිනිස්සු ඕව ගණන් ගන්නේ නැ  sama harak baiyo hera hema bayyama newei"
"Sumana Gunathilaka","https://www.facebook.com/sumana.gunathilaka.2025","Siwrata muwaawela kee denak jadaweda kalaada eewa obawahansealaa nodanneada? Anea dannaa udaviya innawana daapallakoooo"
"Sangeewa Sira","https://www.facebook.com/sangeewa.sira","Ane ube a........ta.      mahana wela idapan"
"Renuka Nilmini Hewage","https://www.facebook.com/renuka.nilmini.hewage.2025","හෙලවුනාද....දැනුනෙ  නෑ...😁😁😁"
"Susantha Gunawardana","https://www.facebook.com/susantha.gunawardana.562","Yako ubalwa ussala polawe ghuwat polawa kampawenne nha api dakkane party dala natana hati sewrat dagena"
"Parakrama Perera","https://www.facebook.com/parakrama.perera.594423","සිවුරෑ    ඇදන්     අටමස්ථානවල     දැරිවියන්    අනාතකරනකොට ,  පාපසිවල    කරපු   එවා   ඔප්පු   වුනහම     ඔයසිවුරත්    ග⁣ගේ    පාකරන්න    වෙනවා.    බුදුන්ට    නිගරෑකරන්නනේ      ගිහියන්නොව     හාමුදුරෑවරෑමයි     කියා     හාමුදුරෑනමක්    කියනවා.    තිත්ත    ඇත්ත.     මසවර්ග     15   ශිතකරන     ලද     ශිතකරන   තිබුනේ     සිරිමහබෝධියට      ආවතේව    කරන     ලොකු    කපුමහතා     ලග.    ඇගේ     හිරියන්න    එක්ක    කාපුවා    තමයි  .    අමාරෑව    හැදිලා     තියෙන්නේ."
"Sriyani Pathirage","https://www.facebook.com/sriyani.pathirage.12","කමිපා වෙන්න තිබුණෙ සිවුරු ගලවනකොට නෙවෙයි,  පොඩි දරුවො දුෂණය කරනකොට"
"Hemal Hennayake","https://www.facebook.com/hemal.hennayake.9","ආ. එ්ක තමයි හිටිගමන් රෑ එළිවෙනකං වහින්නෙ.. 😁"
"Eranga Buddhi","https://www.facebook.com/people/Eranga-Buddhi/pfbid01TjXTBkKhgiCRxv6VvMAejTYD9tnV4KqQpXivgN9Uh847Zf3Sba982s3VDAQt2ovl","Ewa baila ban ehema wenawana ubala ina tahan hitaganna puluwan kalakanni"
"Nishanthi Sujeewa","https://www.facebook.com/nishanthi.sujewa","දරැවෝ රෝහල් ගත වෙන්නම අපහරනය කරන්න හදද්දි මහ පොලව කමිපා වෙලා උබලව ඇදගෙන ගියානමි දරැවන්ගේ පස්ස ඉතුරැ වෙනවා"
"Nilantha Heendeniya","https://www.facebook.com/nilantha.heendeniya.7","Prashnaya theyenne chiware samaga nowe eka edagena deshapalakayange passa lewa kana thopi wage un ekka bududahamata kauruth hesa nama gaurawa karanawa  hebai thopita apen passa peththen yana betta tharamwath ganan ganne naha mona wesa weda karath thopi chiware essarahata dala hoda wenna yanawa"
"Gamage S Weerasinghe","https://www.facebook.com/weerasinghe.ngs","උඹලා සිවුරු දාගෙන ඔය කරන පඩංගු වැඩ වලටයි පොලොව කම්පා වෙන්නෙ."
"Chaminda Jayarathne","https://www.facebook.com/chaminda.jayarathne.792","කැළණියේ ගඟ දෙබෑකරගෙන නයි ආවා කියලා පච විදිනවෙලාවේ ඔබවහන්සේ වෙන ලොකෙකද හිටියේ, .. 😀🤠🤠🤠"
"Bro Anaa","https://www.facebook.com/people/Bro-Anaa/pfbid02t73mL9qdY4MyVGobJuxxojhxrT8junWHZiwqsF56L8n7eB238RaqRK7cRpnALaypl","එහෙනන්..ඊයෙත් හුබහක් කඩාගෙන වැටුනා ඕයි.."
"Rasika Jeewantha","https://www.facebook.com/rasika.jeewantha.796","සිවුරෙන් බන්කර් ගහන, ගනින්නාන්සෙල😕"
"Priyantha Perera","https://www.facebook.com/priyantha.perera.98837399","එතකොට ඔය අපි දැකලා තියෙනවා වගේ සමහර කාන්තාවන් සමඟ සමහර හාමුදුරුවරු සිවුරු ගලවගෙන දඟලනවා ඒකට වෙන ප්‍රතිඵලය මොකක්දකරුණාවෙන් අපට අදහසක් දක්වන්න අපේ හාමුදුරුවනේ, ඒකට ඒ කාන්තාවන් වැරදිද"
"Luxman Fernando","https://www.facebook.com/luxman.fernando.94","මේව කරනකොට කම්පා වෙන්නෙ නැද්ද"
"Amal Wanigasekara","https://www.facebook.com/amal.wanigasekara.98","Podi ganu lamai issaraha සිවුර ගලවනකොට හොදද…."
"Chandana Fernando","https://www.facebook.com/chandana.fernando.777363","සිවුර දාගෙන ජඩ වැඩ කරන කොට මහ පොලොව කම්පා වෙන්නැඳ්ද"
"Niro Elisha Benadic","https://www.facebook.com/syamila.senashi","උබලා සිව්ර ඇදන් කරන දේවල් අහලා අපිත් කම්පා වේලා ඉන්නේ"
"Ganga Rathnayaka","https://www.facebook.com/ganga.rathnayaka.182","නෑ හොඳින් තියෙනවා"
"Jananayaka Adasooriya","https://www.facebook.com/jananayaka.adasooriya","Ethulata giyama dathu kampawenawa kohomath ban"
"Upul Ranjith","https://www.facebook.com/upul.ranjith.33","තිත්තයා උඩ පන්නන්නෙ වතුර අඩුවෙනකොට නේද? 🤣🤣"
"Ranjith Thebuwana","https://www.facebook.com/people/Ranjith-Thebuwana/pfbid0hBCD16FriBQSG8N7dt7N9Q3fPj5Wjg6rEM7Q7atTTTjp4UrJNQstE6zGLuXce9mDl","සිවුර උස්සන කොට අවුලක් නැහැනෙ!"
"Nirosh Sampath","https://www.facebook.com/nirosh.sampath.731","Ranjith Thebuwana mun eke walle pol ekai kaagahanne"
"Anura Don Manamperi","https://www.facebook.com/anura.manamperi.923","සිවුර දාගෙන නිදන් ගලවනකොට නිදන් හොරකම් කරනකොට ගෑනුත් එක්ක බුදිය ගන්නකොට එතකොට ඔය සිවුර නානකොට එහෙම ගලවන්නේ නැතුව ඇති නේද"
"Ranga Dias","https://www.facebook.com/ranga.dias.3344","සිවුර ගලවල ඇඟට නගිනකොට මහා පොලව කම්පා වෙන්නෙ නැද්ද 😂😂"
"Deen Thajudeen Thajudeen","https://www.facebook.com/deenthajudeen.thajudeen","Kisima  samawak Denna watinne na .... Oka himi namak newei .... Oka rata Gini thiyala thrasthwadiyek"
"N Ranasinghe Arachchi","https://www.facebook.com/n.ranasinghe.arachchi","2018  එහෙම උනාද"
"Ujitha De Alwis","https://www.facebook.com/ujitha.alwis","Apita paw sidda wenwa ammapa,😏"
"Prasa Gm","https://www.facebook.com/prasa.gm.7","ගෑනු ඉස්සරහා සිව්‍ර ගලවද්දී මොකද්ද දන්නැහැ කම්පා උනේ"
"Asoka Bulathsinghala","https://www.facebook.com/abulathsinghala","එහෙනම් පල්ලේගම අර බාල වයස්කාර දැරිය අපයෝජනය කරන්න සිවුර ගලවන වෙලාවෙ ඕක උනේ නැද්ද අපේ හාමුදුරුවනේ ."
"Denash Perera","https://www.facebook.com/denash.perera.5","භික්ෂූන් වහන්සේ සංවර විය යුතුයි"
"Priyanath Chintaka Abeywickrama","https://www.facebook.com/priyanathchintaka.abeywickrama","ගෑනු ඉදිරියේ සිවුරු ගලවනකොට  ,පොලව නෙවෙයි අසරන ගෑනුයි කම්පා උනේ"
"Mathrupala Liyanage","https://www.facebook.com/mathrupala.liyanage","නොහොබිනා වැඩ කරන එවුන් ඉන්නතාක්කල් දෙවිවරු මේ මහ පොළොව ඇතුලු අනිකුත් නොපොනෙන භලවේග කම්පා වෙලා උන්ව චුත කරන්නෙ නැත්නම් කොටුකරලා මේ රට සුද්දකරන රාජකාරිය තමයි මේ දැන් කෙරීගෙන යන්නෙ ."
"Gayathri Perera","","Vanachara kama, pallegamaya karapu de"
"Pramodha Hettiarachchi","https://www.facebook.com/pramodha.hettiarachchi.3","ubla wage සීවුර දාගෙන කරන ජඩ වෑඩ දකිද්දි  අපිට ලොකු කම්පනයක් ඈති වෙනවා"
"Mahinda Dissanayake","https://www.facebook.com/people/Mahinda-Dissanayake/pfbid02vU7AkW2ne7bPUDbEb4gTuXGwqtJjGw9tvpzaLJ3B5sxctcabp5iSs3gKC9Xn5bA5l","අර ඕස්ට්‍රේලියාවෙ ලොක්කා ගැන.. කම්පාවක් නැද්ද.."
"Chrisantha Roshan Fernando","","Koheda ban Dewiyan Baudda dharmaye thiyenne 🤣🤣🤣🤣🤣🤣🤣🤣🤣🤣"
"Sinara Wijesekara","https://www.facebook.com/sinara.wijesekara.1","ඉතින් සතුටු වෙන්න මේ හේතු නිසා AKD ට ඉක්මනින් පඩිසන් දී ජනාධිපති කමෙන් පහ වී යයි😂😂😂😂😂"
"Pradeep Neranjan","https://www.facebook.com/pradeep.neranjan.2025","සැප නැතිවෙලා යනවා තක්කඩ් භික්ෂූන්"
"Gamage Sumith","https://www.facebook.com/gamage.sumith.9","අනුරාධපුරය පැත්තෙත් කම්පා වුණා"
"Dhanushka Mapagedara","https://www.facebook.com/dhanushka.mapagedara.2025","ගහන්න පුලුවන් ගැට ඔක්කොම ගහනවා නේත... 😂😂😂😂"
"Hemantha Pushpakumara","https://www.facebook.com/hemantha.pushpakumara.79","තොපි දැක්කම අපි කම්පා වෙනවා"
"Subash Nilanga","https://www.facebook.com/subash.nilanga.2025","ගලවන්න ඔනි ඔලුවේන්  හු 🤪🤪🤪"
"Rajith Kumara Jayasooriya","https://www.facebook.com/rajithkumara.jayasooriya","සිව්රට මුවා  වෙලා  තොපි කරන අසික්කිත  වැඩ වලට කම්පා  වෙන්නෙ  නැද්ද"
"Asela Sandaruwan","https://www.facebook.com/asela.sandaruwan.12576","සිවුරු හොරා...."
"Jayantha Dodangoda","https://www.facebook.com/jayantha.dodangoda.5","සිවුර දාගෙන අපරාධ කරනකොට මොකද වෙන්නෙත් කියපන් තක්කඩියා."
"Ajith Gunasena","https://www.facebook.com/ajith.gunasena.2025","සිවුරු  ගලවලා  ඉන්නව  දැකපු උන්ට කම්පනය  හැදෙන එක කියන්න දෙයක් නැහැ නිකන්  ගිලින ආනමාලු කෝලිකුට්ටු මතක් වෙනව"
"Kumari Amarakoon","https://www.facebook.com/kumari.amarakoon.2025","මේ භික්ෂූන් දැකලා අපිත් කලකිරිලා"
"Weerasinghe Weera","https://www.facebook.com/manathu.weera","පන්සල් ඇතුලේ පොඩි ළමයින්ගේ,රෙදි ගලවලා පාපතර වැඩ කරනකොට කව්ද කම්පා වෙන්නේ.."
"Indika Heshan Rideemaliyadda","https://www.facebook.com/people/Indika-Heshan-Rideemaliyadda/pfbid02FW1AB49nC2DjgLDeLwAY3HmkMCWS6kCowNegdzyDocr2xAgm3jMFz1ttziFMbDokl","එහෙනම් සමහර පන්සල්වල මහ පොළව රෑට රෑට කම්පා වෙන්ඩ එපැයි ඉතින් 🤔"
"Tharanga Bandara","https://www.facebook.com/tharanga.bandara.236965","අනේ...පල යකෝ යන්ඩ..... කුපාඩි"
"Lional Wijesiri","https://www.facebook.com/lional.wijesiri","Seurar.daa.gena.mee.wagee...utum.wada.karana.kota.rataee.apita.mona.taram.karu.naawak.hitenawada.titta.gallayo"
"Dammika Suranga","https://www.facebook.com/suranga.dammika.92754","කෙළවේගන එන නිසා මුන්ට රෙවිලා තියෙන්නේ"
"Dilhani Preethi Kumari","https://www.facebook.com/dilhani.preethikumari","සිවුර ගලවලා පොඩි දරුවා දූෂණය කරනකොට පොළව පලාගෙන චුත වෙන්න තිබ්බෙ කාළකණ්නි අපතයා. කියවන්න ගියාම වෙන්නෙ උඹලගෙ හැංගිලා කරපු ජඩ වැඩ තවත් එළියට එන එක."
"Tharindu Madusanka","https://www.facebook.com/tharindu.madusanka.509994","මේ වෙලාවෙ මේ හාමුදුරුවෝනගේ පහල වේලා තියන සිත් ටික අභි ධර්මයට අනුව කියන්න දන්න අය."
"Chandra Thissa","https://www.facebook.com/chandra.thissa.2025","අපෙ හාමුදුරුවනේ.වෙලාවට.පෙත්ත.ගන්න"
"Sugath Dasanayaka","https://www.facebook.com/sugath.dasanayaka.1788","රටට කෙලවෙනකන් බලන් ඉන්නේ මුන්..."
"Nisan Udayangi","https://www.facebook.com/nisansala.udayangi.9","කම්පා වෙනවා තමයි මුන් වගේ අය දැක්කම.."
"Dilruk Priyantha","https://www.facebook.com/ardpdilruk","පල්ලේගම හිමි පාපිස්සේ ඉදන් සුක්‍රනු පෙරගන චීවරය ගලවනකොට කව්ද කම්පා උනේ උන්නාන්නසේ"
"Iru N Hiru","https://www.facebook.com/hasitha.madushanka.944","Sadu sadu saaaaduu"
"Kumari Perera","https://www.facebook.com/kumari.perera.1447","අයියෝ සිව්රැ දාගෙන  අර ලමයි දුෂනය  ගැනු දුෂනය කරන කොට  කම්පා වුනේ නැද්ද  හාන්දුරැනේ"
"Prasan Bandara","https://www.facebook.com/people/Prasan-Bandara/pfbid015Zgk3Y5ExcpAK2ohKBxRbnErvqAcxVRyvLALT5J6DLGg9U76ZQSRsHPQ4GhBA3Ml","Pake thama"
"Ranga Jayasinghe","https://www.facebook.com/ranga.jayasinghe.963","Ethakota jemarathana lamaya adata gannakota,,,"
"Sunny Appuhamy","https://www.facebook.com/sunny.appuhamy","Ubala siura dagenadah paedophile wada j Karanne"
"Lahiru Gunawardena","https://www.facebook.com/lahiru.gunawardena.92","Mewa dakinakota api kampaa wenawa......"
"Roshan Sada Ruwan","https://www.facebook.com/roshan.sada.ruwan.680153","තොපි ගැනු ඉස්සරා ගලවනකොට කම්පා වෙන්නෙ නැද්ද යකො"
"Vanaja Kumuduni","https://www.facebook.com/vanaja.kumuduni.2025","siura da gena Balu weda karana Kota monawada kampa wenne"
"Kanthi Wimalajeewa","https://www.facebook.com/kanthi.wimalajeewa.18","Siwura dagena karanakota nam dewiya kampa wenawa budurajanan wahanse sanghayaa kiyala deshana sutipanno bhagawatho arahatho samma sambuddhass"
"Deepthi Godawita","https://www.facebook.com/deepthi.godawita","නානකොට ගැලෙව්වත් පොලව කම්පා වෙනවත 🥹🥹🥹"
"Rajakaruna Herath Wijayarathne","https://www.facebook.com/rajakaruna.wijayarathne","ඕවා කියාලා දැන් අඳන්න කාලේ ඉවරයි බ්‍රෝ .talk about pragmatism. Not accessible to rational intelligence..පොර  වෙලා ඉගිලෙන්න හදන්න එපා.හිරේ තමයි ලගින්න වෙන්න.සිවුරෙන් protect  දැන් බෑ.නීතියේ අදාල අංශ ශක්තිමත් කරමින් ඉන්නේ."
"Rajapaksha Rajapakshabandara","https://www.facebook.com/rajapaksha.rajapakshabandara","සාදු ගෙ තේ එකට කවුද ගංජා දාලා ඇ 😃😃"
"Hemantha Mohotti","https://www.facebook.com/hemantha.mohotti.5","සිවුර ගලවලා ගෑනු එක්ක ඉන්න කොට. දෙවියෝ😁😁😁😁"
"Narada Vidanage","https://www.facebook.com/narada.vidanage","සීලය තියෙන්නේ සිඋරේ නෙමෙයි ඇදන් ඉන්න පුද්ගලයා තුල.වැරදි කලොත් දඩුවම් විදින්න වෙනවා.එතකොට ඒ දඩුවම් වලට එකග වෙන්න වෙනවා.වැරදි නොකර හිටිය නම් ප්‍රශ්න නෑ."
"Dhanushka Ranjan","https://www.facebook.com/dhanushka.ranjan.35","උබලා කරන වැඩ වලට පොලව පලන් තාම යන්න වෙන්නෙ"
"Nandana Jayasingha","https://www.facebook.com/nandana.jayasingha.2025","සිවුර   ගලවල   රතිකෙලියෙ   යෙදෙනකොට   කමිපාවෙන්නෙ   ඇටදෙකද"
"Sunanda Namal","https://www.facebook.com/sunanda.namal.71","nijaeune hamuduru kenekuge silwathwa inna ehema kenwkuge kalath oya kiyana dee wenna puluwan eeth chiwaree palihak karan karanna rhiyana balu weda okkoma karana ayage ehema chiwaree iwath kalata pau na sasaneerath bududahamatath sethak wenawa"
"Chandika Rohana","https://www.facebook.com/chandika.rohana.14","පිස්සො ,,🤣"
"Sasanka Karunaratne","https://www.facebook.com/sasanka.karunaratne","දූශිතයෝ සිවුරු පොරෝගෙන ඉන්නකොට ලෝකයක් කම්පා වෙනවා වගේම හතර වරිගයටම ඒකෙ සාපය වදිනවා..."
"Indika Nishantha","https://www.facebook.com/people/Indika-Nishantha/pfbid0b6zS2FbaszKYqZxf3PWtsuHzG3ZDUW5zMtmeRPq5RKiSvNuGQAFDvbLsGEaWDt6Hl","චීවරධාරියෝ සිවුර ගලවලා බාලවයස්කාර ගැහැණු ලමයි දූෂණය කරන කොට,සාමනේර හිමිනමවල් අපයෝජනය කරන කොට පොලොව කම්පා වෙනවා. මුන්ට අපායේදීත් ගිහියන්ට වඩා දැඩි දඩුවම් හම්බ වෙනවා."
"Dhammika Prasad","https://www.facebook.com/dhammika.prasad.75","Thopi siwuru nathuwa badu gahana tharamata polawak nathiwenna ona"
"Padmi Asiri","","අටමස්ථානාධිපති  සිව් රට මොකද කලේ  අර   අවුරුදු  12 ලමයව දූශනය කරනකොට ......"
"Lahiru Edirisinghe","https://www.facebook.com/lahiru.edirisinghe.5","ඒ කාලෙ තිබ්බ කුනු රහවල් නැති වෙද්දි වියරු වැටිල ඉන්නෙ මුං දැං"
"Jayakumara Ranchagoda","https://www.facebook.com/jayakumara.ranchagoda.5","මේ හාමුදුරුවන් කොහෙද මහන වුනේ.කවුද ගුරු හාමුදුරුවෝ . මෙහෙම පච ගහන්නෙ කොහොමද සිවුරක් දාගෙන."
"Vijith Karunaratne","https://www.facebook.com/people/Vijith-Karunaratne/pfbid02qpU3Asx8f312eC6g6bGLzTGoei1UUNDbqAmUVnWFf3gDTKaw8DxiYkhNfe2F4Jssl","කම්පා වෙන ඒවා මේච්චල් කර ගන්න බැරිව හිරේ යනවා එකෙක් ඕස්ට්‍රේලියාවේ.. නිර්මල බුදුදහම විනාශ කරන්න මුන් කොන්ත්‍රාත්තුවක් අරන් 😪"
"Priyantha Kumar","https://www.facebook.com/priyantha.kumar.779","Uda paninawaa bohoma wedi"
"Gamini Suranimal","https://www.facebook.com/gamini.suranimal","සිවුර ගලවපු ගමන් පේනව  ඉස්සරහට.දෙයියො පස්සෙ යන ගමන් කොහෙද බුදු දහම දේශනා කරන්නෙ අසපු සංස්කෘතිය ඉස්සරහට සල්ලිපාසනය"
"Roshan Samarakoon","https://www.facebook.com/roshan.samarakoon.7","උබ අර party දාල නටන කොට තමයි අපි හොදට ම කම්පාවුනේ.උබ බීල නටන කොට සිවුරු කොහේද තිබ්බෙ"
"Ruwan Mendis","https://www.facebook.com/ruwan.mendis.104","බුද්ධ දර්මය විනාස කරන්න මහන උන උන් උබල"
"Tilakaratna Banda","https://www.facebook.com/people/Tilakaratna-Banda/pfbid02dC6z5nhV1aZdN4PcbPBTRaxf6DCeuvncaRWhi69f5ENBbaXGeL1WaVasEBdPsM7fl","Baluweda.karanakota.kohomada"
"Daya Narasingha","https://www.facebook.com/daya.narasingha","සිවුර  නිල ඇඳුමක්  කරගෙන ඔහෙල  කරන සක්කිලි  වැඩහින්ද ශාසනය පිරිහෙන එකටයි කම්පාවක්  ඇතිවන්නෙ."
"Thusitha Rajapaksha","https://www.facebook.com/thusitha.rajapaksha.75","අපිට පව් නොදී ඉන්නවද  වැඩක් බලාන... එපා වෙනවා මේ මගුල අහන් ඉන්න දැන්..."
"Saranga Gamage","","එකගයි…👌🙏🏼අර අටමස්තානධිපති සිවුර ගලවපු සිදුවීමට මහපොලොව විතරක් නෙවෙයි හිත්පිත් ඇති සියලු මානවයින් කම්පා උනා 🥺"
"Naveen Jayalath","https://www.facebook.com/people/Naveen-Jayalath/pfbid02YLtTMvFpTSf2pPwemW5sWUbZi8aDBBZBAXAGDEvbLZytjXDkZ5G6WReg2hRs7DFHl","මුන් කරන බලු වැඩ වලට දෙයියන්ටත් කම්පාවෙලා තමයි ඉන්නේ දරාගන්නන බැරුව."
"Wasantha Peiris","https://www.facebook.com/wasantha.peiris.369619","දැන් හොදටම ඇති. තොපි කොච්චර කෑගැහුවත් රට ගිනිතියන්න හම්බවෙන්නේ නැහැ."
"Dhammika Marasinghe","https://www.facebook.com/dhammika.marasinghe","අමණයො"
"Lahiru Vithanage","https://www.facebook.com/lahiru.vithanage.948","ඔය බයිලා අහල ඇතිවෙලා"
"Wimal Dewaraja","https://www.facebook.com/wimal.dewaraja.2025","හිනස්සලා මරන්නද හදන්නේ බං"
"Ranil Prasanna Silva","","සිවුර ගලෝලා ගෑණු බදා ගන්න කොට කම්පා වෙන්නෙ නැතුව ඇති"
"Nadini Batapola","https://www.facebook.com/nadini.batapola","බුදුසසුන වළඳන්න එපා හාමුදුරුවනේ"
"Upali Gamini Jayawardana","https://www.facebook.com/upaligamini.jayawardana","සිවුර දරාගෙන කරන වැරදිවලට කම්පා වෙන්නෙ කවුද.... විනය කටයුතු හරියට කරා නම් නානසාරල වගේ මානසික ලෙඩ්ඩු බිහිවෙන්නෙ නෑ"
"Shehan Sameera","https://www.facebook.com/shehan.sameera.946","ඔය කවුරු කවුරුත් තමන්ගේ වාසියට විතරයි මෙයාගෙ මූණෙන් හොඳටම පැහැදිලිවම පේනවා හඬ නගන්න ඕන ඒවට නෙමේ හඬ නගන්නේ කුජීතයි හොඳේ"
"Ranjith Vitharana","https://www.facebook.com/people/Ranjith-Vitharana/pfbid02VNfU7YgLFxATAMwefh3hH2rHHUzwzJCJvSHyfNcsrasWumFQ7fsfHYMehbZdzm87l","ඒ ශික්ෂාකාමී භික්ෂූන් වහන්සේලාගේ. පිස්සු යෝධයන්ගේ එහෙම කෙරුවට අවුලක් නෑ"
"Dayapala Amaratunge","","ඔච්චර බොරු කීයන්න එපා.  අපායට මග."
"Tesman Sooriyaarachchi","","නිකම් බෞද්ධ ජනතාව රවටන්නට එපා. වෙනත් ආගම් අදහන ජනතාව, මේවා සතයකට විශ්වාස කරන්නෙ නැහැ. සිවුරක් ඇදගෙන පන්සිල් පද පහම කඩන උබවගේ අයට, එහෙම නම් පලමුව බලපානව."
"Chaminda Galagoda","https://www.facebook.com/chaminda.galagoda","සිවුරු ඇදගෙන සක්කිලි වැඩ කරනකොට..."
"Thushara Jayathilaka","https://www.facebook.com/thushara.jayathilaka.946","බඩු ගහද්දි එහෙම වෙන්නේ නැද්ද"
"LS Sumith","https://www.facebook.com/sumith.sudu.50","මේ වගේ ට්‍රැක් හුට්ටලගෙන් මේ රට බේරගන්න වෙලා තියෙන්නේ ..ඕකට කියන්නේ බයි කම්පාව පම්කෝ"
"Asoka Jayawardhana","https://www.facebook.com/asokajaya","හාමුදුරුවරු බීලා වාහන එලවනකොට ලෝක ධාතුව කම්පාවෙන් නැද්ද"
"Sugath Karandana","https://www.facebook.com/sugath.karandana.3","ඥනසාර සිවුර ගලවල බඩු ගහන කොට කම්පා වෙන්නෙ මොකක්ද ??"
"Wijerathna Wijekoon","https://www.facebook.com/wijerathna.wijekoon","එතකොට උබල කරන වැඩවලට කමිපාවෙන්නෙ මොකක්ද"
"Seetha Nalani","https://www.facebook.com/seetha.nalani.94","සිවුරත් එක්ක බලු කම්  කරනකොට  පොලොව පලන් ගියෙ  නෑනේ. දැන් ගලවල දාන එකම තමයි හොද???"
"Dunston Fernando","https://www.facebook.com/people/Dunston-Fernando/pfbid0Yqq6i5oMkJZSwLRuDnK3Kow8FiaCKPwo9HqqhkGagrW5eFnoMgD5h5j1FQx3yPu8l","මූ නිදන් හාරද්දිත් සාදු කාර දුන්නද දන්නෑ 😁 නඩු 15ක් තිබ්බ රාජපක්ෂ නීතියෙන් ගැලවිලා ඉන්නෙ 😁 තව ටිකක් දගලහන් කර්මය උඹ ලගටත් එනව අපි සාදුකාර දෙනව 😁😁"
"Ravindra Jayarathna","https://www.facebook.com/ravindra.jayarathna.790","ෆේස්බුක්වල දාලා තියෙන කමෙන්ට් බලපන් උඹල සිවුරු ඇරලා ගෙදර යන්නේ  උඹලට දෙයියෝ තමයි දීලා තියෙන්නේ නැති වෙන්නම"
"Pathum Batagoda","https://www.facebook.com/pathum.batagoda","බඩු gahanna galawanakota කම්පා wenne nadda"
"Sajith Madushanka","https://www.facebook.com/sajith.madushanka.94651","සිවුර දාගෙන තියෙන දහදුරා වැඩ සේරම කරද්දි මහ පොලව කම්පා වෙන්නේ නැද්ද? දෙවියෝ කෝප වෙන්නෙ නැද්ද? වැරැද්ද නිවැරදි කරද්දිද විතරද මේ හැමදේම වෙන්නේ?? අනේ අනේ තිත්තගල්ලයෝ.."
"Rohitha Fernando","https://www.facebook.com/BassRohitha","Dawalda???  Koheda  ban  un  inne....ubala  gaawada????😁😁😁😁😁😁"
"Gamini Ratnayake Gamini","https://www.facebook.com/gaminiratnayake.gamini","දෙයිය පල් වෙලා දැන්"
"Hemantha Marasinha","https://www.facebook.com/hemantha.marasinha.1","පල්ලේගමගෙ සිවුර අර ගෑනු ලමය ඉදිරියේ ගලවනකොට පොලොව කම්පාවුනේ නැද්ද ගනයෝ,"
"Wsalamudali Disanayake","https://www.facebook.com/people/Wsalamudali-Disanayake/pfbid0s7PMF8bgwy9DdNvYvNbnTWZQcQ4XyMHfcNQ8cdMngLuS2fhGMfdERkgGhZPis5YRl","[Image Attachment]"
"Amith Dhananjaya","https://www.facebook.com/amith.dhananjaya.94","ගිහියෝ ටික පාරට බැස්සොත් සිවුරු අස්සෙ හැංගිලා කුප්ප වැඩ කරන ගනයොන්ට ජම්පරේත් නැති වෙයි හොදේ"
"Suranga Pushpakumara","https://www.facebook.com/suranga.pushpakumara.913582","Ane manda mun"
"Sampath Gamage","https://www.facebook.com/sampath.gamage.92798","Hamuduruwo apita paw purawa nathuwa inne. Fb ennath epawela thiyenna Dan,"
"Priyantha Saman","","අනේ හාමුදුරුවනේ ඒ ශිල්වත් ගුණවත් භික්ෂුවක් හෝ අහින්සක ගිහියෙකුට උනත් මහපොලොව උසුලන්නේ නැති අපරාධයක් උනොත් ඒක පරිසම් දෙනවා මෙතන වෙලා තියෙන්නේ එහෙම දෙයක්ද කියලා ඔබ වහන්සේ දන්නා බුදුගුණ බලයෙන් ද්්‍රශනා කරනු මැන."
"Chamara Chathuranga","https://www.facebook.com/chamara.chathuranga.92517","Priyantha Saman මූට හාමුදුරුවෝ කියන්න epa බං.. මූ සිවුරට මුවා උන එක සක්කිලි bllek"
"Sarath Nandasiri","https://www.facebook.com/sarath.nandasiri.94695","අමු ගොන්.."
"Channa Hm","https://www.facebook.com/channa.hm.980","අම්මේ උබ හරි සීලවන්තය"
"Thilanka Sanjeewa","https://www.facebook.com/thilanka.sanjeewa.687283","Palayan ganayaa"
"Sunil Somaratna Malwatta","https://www.facebook.com/mass.malwatta","දෙවියෝ සාදාරනයි"
"Janaka Lalith","https://www.facebook.com/janaka.lalith.9","හොර ඝනයෙක්... 2016 ඥානෙගේ සිවුර ගලවනකොට කම්පා වුණේ නැද්ද... අර 63ක් හාමුදුරුවෝ ජම්පරේ ඇදන් හිරේ ඉන්නවා.. තොපි කොහෙද හිටියේ... පොඩි ලමයි හාමුදුරුවෝ දූෂණය කරනකොට තොපි කම්පා වුණාද... කාලකණ්නි බල්ලෝ..."
"ChaNaka D HettiArachchi","https://www.facebook.com/profile.php?id=100001520856720","දානෙට තණකොළ දෙන්නෙපා කියන්නේ මෙන්න මේ නිසා 😂🙏"
"Madhu Weerasinghe","","උඹේ පිටිපස්සේ ඉන්න සෙට් එක නම් හයර් එකට ගත්ත සෙට් එකක් වගේ"
"Anura Kathaluwa","https://www.facebook.com/people/Anura-Kathaluwa/pfbid032yKRXHFFPWUvp6ig3VysjgkyGGNaaUkPJqr6eNXBVKpmVMQ4yK2oKdYxsVRhzpc1l","Thoge Redda"
"Udaya Kothalawala","https://www.facebook.com/udaya.kothalawala","ඇයි? එතකොට ඇටදෙක හෙල්ලෙනවද,අමුඩයක් ගහගනින්"
"Prasad Sanjeewa","https://www.facebook.com/prasad.sanjeewa.471651","Mewata polowa kampa wenne nadda ape hamuduruwane..Ara 13 hawaradi podi duwage adum siurak adagena  inna biksuwak galawaddi mahapolowa kampa wenne nadda hamuduruwane.siurata Garu karanawa wagema me bududahamata api gaurwa karanawa a margaye yanawa.habai siurak adagattha paliyatama biksuwak wenne na.ape hamuduruwoma.2020 di darma desanawaka Kiyanawa biksu. Wahaneka desapalanaya karanna Hoda na desapalane danneth na kiyala.mewata mahapolowa kampa wenne na.kampa wenne siure idan karana aparada walata witharai"
"Ravindu Dhananjaya Saumyawardhana","https://www.facebook.com/ravindudhananjaya.saumyawardhana","සිව්රට මුවා වෙලා තක්කඩි වැඩ කරනකොට මොකක්ද කම්පා වෙන්නේ?චීවරෙට කරන අගෞරවයක් නෙවෙයිද?"
"Supun Viraj","https://www.facebook.com/people/Supun-Viraj/pfbid0322vztMPV4SGreCS7N5qScJTu4NziaWsQ6LRQqxxUAoHFQhDQpjx4Z6f2GKBPs3Bgl","හොරාට හොරාට බඩු ගහද්දි බිජ්ජ කම්පා උනේ නැතෙයි අපෙ හාන්දුරුවන්ගෙ 🌝"
"Nimal Jayawardana","https://www.facebook.com/nimal.jayawardana.39750","පොලොව කම්පාවෙලා දෙවියො කම්පාවෙලා. මුන්නැහැලගෙ වැඩ දැකල."
"Mahesh Lakmal","https://www.facebook.com/mahesh.lakmal.980","අම්මෝ ... බං උඹ දෙන ආතල් 😂😂😂"
"Wasantha Siyasinghe","https://www.facebook.com/wasantha.sriya","Silwat gunawath hamuduruwonta nam mahapolowa kampawenawa..tropical wage horakan jadakam lamadushana viyapara eki meki Nokia decal karana padaththarayange siwra newei melee galewwath mahapolawa hinawenawa"
"Vishwa Thathsara","https://www.facebook.com/people/Vishwa-Thathsara/61559255724148","කෝ භූමි කම්පාවක් තවම ආවෙ නෑනෙ 😓"
"Madhu Jayasinghe","","සිව්ර දා ගෙන බලු වැඩ කරන කොට කොහේ කම්පා වෙන්නේ.."
"Shanthi Nawarathne","https://www.facebook.com/shanthi.nawarathne.2025","සිවුර ගලවල දැරිවිව දූශනය කරනකොට මහපොලව කම්පා උනේ නැද්ද."
"Ranepaura Chandrapala","https://www.facebook.com/ranepaura.chandrapala","Seura daragena karana awa wenna athi mewa"
"Tharaka C Godage","https://www.facebook.com/tharaka.c.godage","ඔබලා සිවුර දාගන්නේ මොනව කියලද, මේ සංසාර දුකින් මිදී නිදහස් කරදෙන්න කියල. සිවුර දා ගෙන මොකද කරන්නේ, ජඩකම් ඔක්කොම කරනව සිවුරට මුවා වෙලා. මේ ජෑගහන් සෙට් එක සුන් බුන් විපක්ෂයේ රෙදි හෝදන සෙට් එක. ඒක මුලු රටම දන්නව."
"Upul Balasuriya","https://www.facebook.com/people/Upul-Balasuriya/100009225865045","මේ ප ක යට අත දිග ඇරලා කනේ පාරක් දෙන්න එකෙක් නැති නිසා මේ මහපොලව කම්පා වෙලා තියෙන්නේ.. මූට කනේ පාරක් ගහලා මේ ශපයෙන් රට මුදවා ගමු.."
"Nirosh M M Kumara","","බඩු ගහද්දී සිවුර ගලවනකොට  මොකද උනේ පොලව කම්පා උනේ නැද්ද"
"Sarath Jayarathna","https://www.facebook.com/sarath.jayarathna.581","ඊසරදැන් එහෙම වෙන්නෑ කඩ්ලා"
"Ruchira Bandara","https://www.facebook.com/ruchira.bandara.9469","Pallegamt aulk ndd 🤌"
"Rasika Gunarathne","https://www.facebook.com/rasika.gunarathne.2025","Ruchira Bandara exactly so did anyone voice up when “Pallegama” raped that innocent girl keeping under his custody. Who talk about that matter?????"
"Ama Rajathilake","https://www.facebook.com/ama.rajathilake.2025","උඹලා කොරන ඒවා ට"
"Sampath Janaka","https://www.facebook.com/people/Sampath-Janaka/pfbid0nNwYFpx3xQ2U13sMoptTRndkQytAyrhv8qk9MJVrhJ42RyzhnWkTdEJC8YgXg57wl","ඒ සිල් රකින ස්වාමින්සගෙවහන්සේලාගේ මුන්ගේ ගලවනකොට සාදු කාර දෙනවා 🤣🤣"
"Nilantha Atapattu","https://www.facebook.com/nilantha.atapattu.2025","Thopiwage hora thakkadi Dagena Inna siwru galewwama polawa kampawennaha harako thopi siwrata muwawela Inna hora kupadi"
"Chintana Sinhapitiya","https://www.facebook.com/chintana.sinhapitiya.1","etekota  ganeyo badu  ghana  kota  mokada  wene"
"Indika Bandara","https://www.facebook.com/indika.bandara.927758","එතකොට මෙහෙම ගලවනකොට කවුද කම්පා වෙන්නේ?ඒවා හොඳයිද ඒවට දෙවියෝ අවසර දීලා තියෙනවද"
"Kasun Wijesekara","https://www.facebook.com/kasun.wijesekara.528","ඒකතමයි තොපේධාතුටික අදනකඩේ පිහිදාගන්නෙ.නැත්තන් බිමතියෙන පාපිස්සට දාන්නෙ..........."
"Shanaka Premaratne","https://www.facebook.com/shanaka.premaratne","අඩේ මේකට දානෙට දුන්නේම පුන්නක්කුද බං"
"Sujith Priyantha","https://www.facebook.com/sujith.priyantha.336717","Maha polowa kampa wana tope waga sura dagatu patta horu nesa mun kada yana gotayo"
"Champa Perera","https://www.facebook.com/champa.perera.359","මම හිතුවේ  කහ ටීසර්ට් .ඇදන්.ඉන්නෙ කන්‍යාවියෝ කියලා නිකන් මරු දොඩවන්නෙ නැතුව ගිහින් දෙන දානේ කාලා පාඩුවෙ ඉන්න ඒ තරන් සිල්වත් ගුණවත් ඥාණසාර කෙනෙක් බුදුන්ගේ කාලෙවත් ඉන්න නැතුව ඇති ඔය කියන්.විදිහට  නිකන් දෙන දානේ ටික කාලා පු## දෙන්නෙ නැතුව බණක්.භාවනවක්.කරගෙන ඉන්න ඔය අහිංසක මිනිස්සුන්ට දෙවි දොස් වද්දන්නෙ නැතුව තමුන්ටත් දෙවි දොස් වදියි පව් ඕයී.තමුන්ටත් දෙවියෝ විකුනන්.කන්න එපා.🦬🐂🦬🐂🐂🦬🐂🦬🐂"
"Kanthi Herath Herath","https://www.facebook.com/kanthi.herath.herath","පංන්සල් නෙමේ දැන් මහ මන්දිර තියෙන්නෙ. ඒව අස්සට පුන්චි ගෑනු දරැවො පිරිමි දරැවෝ  රවල අරන් ගිහින් හින්සාකරල දූෂනය කරල ඒව එලි වෙන කොට තමුන්ල කෝහෙද හිටියෙ. ඒවට කප්පා වුනේ නෑ නේද කවුරැත්.ආන්න ඒ තමයි අහස පොලව නුහුලන අපරාද. සිවුර උගස ගස දෑගලුවට වෑඩක් නැහැ මොලේට අරන් හිතල බලපල්ල.සත්තු කුලප්පුවෙලා වාගෙ හැසිරෙන්නෙ නැතීව. ."
"Tissa Herath","https://www.facebook.com/tissa.herath.5074","Bada uda naginakota"
"Nihal Fernando","https://www.facebook.com/people/Nihal-Fernando/pfbid02PFd1BSPvHiR4vNeEM2XTmaSgNkZnFxpkqUceSdebwYG6evyJRA7pbN2JwUz3wGVel","ඥානාක්කා සිවුර ගලවනකොට කම්පාවෙනව ඇති..බඩුබනිස් කියලා"
"Jayarathne Herath","","ලැජ්ජා  නැද්ද   මිනිහෝ  බොරු  කියමින් , කරමින්  අනුන්ගෙන්  යැපෙමින්  වැදිබන  කියන්න.  අහිංසක   මිනිසුන්  රවටා  සුඛෝපභෝගී  ජිවිත  ඉදිරියටත්  ගත  කිරීමට  වර්තමාන  පරංපරාවෙන්  පසු  නොහැකිවනු ඇත. ලෝකය ගැන  අවධියෙන්  සිටින  තරැණ  පරපුර  නොමිලේ  කිසිවක්  නොදෙනු ඇත."
"Sam Vader","","Panama වල බුමිකම්පාවක් ඇවිල්ල ‘ ඒකද දන්නෙ නැ !"
"Chinthaka Madumal","https://www.facebook.com/chinthaka.madumal.765369","බලාගනමි ඉස්සරහට භුමි කමිපා වක් වෙලා නිරයට ඇදලා ගන්න හැටි"
"Novil Lasanta","https://www.facebook.com/novil.lasanta","එතකොට  සිවුර ගලෝලා ධාතු යවනකොට වුනත් නැද්ද"
"Naveen Dharmadasa","https://www.facebook.com/naveen.dharmadasa.5","දේව කම්පාවට වඩා මිනිසුන් ගේ ආසිරිවාදය ඉහලයි"
"Vajira Menikpura","","Valvada karaddi kunuharpa kiyaddi deiyo balanavada cheevarayata niga novena vidiyata hasirunoth deviyo balai panathipatha,suramere,kamesu michchachara gatha 3 rakinna bari cheevara dariyogana deviyo balanne na"
"Ajith Alawaththa","https://www.facebook.com/ajith.alawaththa.7","සිව්රක් දාගෙන ඒකට නොගැලපෙන දේවල් කරන කොට කියන කොට අපිත් කම්පා වෙනව ."
"Sunith Prasanka","https://www.facebook.com/sunith.prasanka","Me wage aya inn kan ape agam kawad hari winas wenwa"
"Rathnayakage Rathnayaka Rathnayaka","https://www.facebook.com/rathnayakagerathnayaka.rathnayaka","කම්පා වෙනවා ප........"
"Saddhananda Himi","","ඔබවහන්සේලා මේ සිංහල ජාතිය වෙනුවෙන් කරන කැප කිරීමට බොහොම පිං...මේ රටේ ඉන්න බහුතරයක් කාලකන්නි මිනිස්සුන්ට මේක තේරෙන්නේ නැති එකයි කරුමෙ අපේ හාමුදුරුවනේ"
"Nishal Indika","https://www.facebook.com/nishal.indika.39","Siwura dagena genu passal asse dagannakota kampa wenne kawuda"
"Assanka Fernando","https://www.facebook.com/assanka.fernando","Meganyo ratkulapukaranDanne"
"Udaya Kulathilaka","https://www.facebook.com/udaya.kulathilaka.2025","ගොන් කතා කියන්න එපා මචං  මෙි 21වන ශත වර්ෂය  උඔලා තාම ඉන්නෙ ගල් යුගයෙ."
"Rosita Perera","https://www.facebook.com/rosita.perera.73","ගලවලා ම nadda"
"Anura Dilip","https://www.facebook.com/anura.dilip","බඩු ගහන්න ගලවනකොට කම්පා වෙන්නෙ නැද්ද"
"Jayantha Vidanage","https://www.facebook.com/people/Jayantha-Vidanage/pfbid0fAEGaoJ8b1sjRt74WTWpWuhFppo1JrBnxsvghFdPWjgsnJWJ3gGFUbRgkmporabNl","අවාසෙ ඇතුලෙ ජංගි ගලවද්දි කන්පාත් වෙන්නෙ නැද්ද බන්?"
"Bandula Mendis","https://www.facebook.com/bandula.mendis.757459","දේව කම්පාව බලන්න,පුළුවන් නම් මහපාරෙ තනියම පලයං........"
"KP Khanti Silva","https://www.facebook.com/people/KP-Khanti-Silva/pfbid02mmfZaNunW6LdPAcmczmaqWDp9HcGb4GYFA6wmd4gXbA8tAcQBeizzPqRcheV9GVCl","සිවුරුපෙරවගන.කරන.අමනවැඩ.ගැන.දන්නෙත් .තමාමපමනයිනේද.මැරෙන්නෙනැකියලනෙ.හිතාගෙනයින්නෙ.එනකම්.අරෙහෙබලාගෙන.ඉන්නෙ."
"Nilan Fernando","https://www.facebook.com/nilan.fernando.182","kalakaniya"
"Krishantha Fernando","","මේ දවසෙ කොහොම කම්පා වෙන්න ඇතිද නේද.. ගෑනු දෙන්නෙක්ම ගෙනත් දාගෙන තිබුනේ කුටියට"
"Sampath Jayawardene","https://www.facebook.com/people/Sampath-Jayawardene/pfbid02ZgkjJRP8PEPabLet84s7cWSPCiavYGEq1xkHFPeLh5DQkksFn9oFUbhHb9WL3m9sl","පදකින් නොකියා..."
"Asela Kalidase","https://www.facebook.com/people/Asela-Kalidase/pfbid0wHiugrMb1BDJRpA3RCz3LN5yK74QV9ipKRDMntaapAG9Eg9EvraXTY6MVzUfLeN9l","Waredi kareyante siure gale penne na anike hirete giyanam siurete garu kerala galewanne oni"
"Kithsiri Mahindasinghe","https://www.facebook.com/kithsiri.mahindasinghe","කුණු වෙන්න බීල ගෑනු ලග සිවුර ගලවද්දි  කොහොම කම්පා වෙනව ඇතිද"
"Boralande Samadhirathana","https://www.facebook.com/boralande.samadhirathana","ඊට වඩා පේන්න තියෙන ඛේදවාචකය තමයි අර පිටිපස්සේ ඉන්න රූකඩ වගේ නටවන තරුණ හාමුදුරුවරු.උන්වහන්සේලා වහල්ලු ගානට දාගෙන මුන් මේ කරන දහජරා වැඩේනම් ඉතාම නින්දිතයි🤮"
"Chamika Madhuwantha","https://www.facebook.com/people/Chamika-Madhuwantha/pfbid02VLomAsD4dxngBzGAd4r49WPFn3p6KhoNnt7Lsn5NSUywpUHmecWLLtQvrfJ526TQl","උගුර එහෙම රිදෙන්නේ නැද්ද හත්වලාමේ කෑගහලම... 🤣🤣🤣🤣🤣🤣🤣"
"Migara de Silva","https://www.facebook.com/migara.desilva.5","ඈ බොල තොපි සිවුර ගලවල ගෑනු ලගට යනකොට ඔය කියන කම්පාව එන්නැද්ද.."
"Jayantha Kahawalage","https://www.facebook.com/jayantha.kahawalage","තමුන් ටී ෂර්ට් ඇඳන් දගලන කොට මී ගවයෙක් වගෙ පොළොව කම්පා වෙනව තමයි"
"Jayantha Jayan","https://www.facebook.com/jayantha.jayan.2025","තොපි ගෑණු ඉස්සරහ සිව්‍රර ගලවද්දි  ප #ද දන්නෑනේ කම්පා උනේ"
"Jayantha Sb","https://www.facebook.com/jayantha.sb.2025","Ate  දෙකට   palagaththma  ."
"Tissa Rajaguru","https://www.facebook.com/tissa.rajaguru.56","පූදූම.කම්පාව්මක්.තියෙන්නෙ"
"Kandy Cool","https://www.facebook.com/people/Kandy-Cool/pfbid0qohkxgZsbDsT72RBjnhhZHdrbc4eghwVXk7NySXttFcqhGbrshHsPE3jFAmryjbAl","Me  genj  ekka  hemenena  kota   siure   hilak   gada  ganna  wada"
"Upali Liyanage","https://www.facebook.com/upali.liyanage.92","සිවුර දාගෙන පිස්සු කෙලින කොට මොකක්ද කම්පා වෙන්නේ .ගංජා ඇට පිටින් ගහලද"
"Dilak Fernado","https://www.facebook.com/dilak.fernado","සිවුර රෑට උස්සද්දි කොහොමද ඒකත් කියන්න 😂😂"
"Sarath Alahakoon","https://www.facebook.com/sarath.alahakoon.37","යකෝ සිවුරැගලවනකොට කම්පාවෙන්නේ හොද ශිල්වත් ස්වාමීන්වහන්සේ නමක් නම් පමණයි.කුපාඩි  කමේ යන,බීලා වහන පැදලා පොලිසියට මාට්ටු උන කෙනෙක්😁,කිරැලපනේ ධම්මවිජය ස්වාමීන්වහන්සේට බැන්න විදිය දැක්කද? ඵ් ඇතිද? මදිද?ගිහි අපිට ඇති ශිල්වත් කමවත් තියනවද ඔහෙලට.මේ ශ්‍රී ලංකාද්වීපයේ උතුම් ශීලවන්ත ස්වාමීන්වහන්සේලාට මාගේ උතුම් නමස්කාරය වේවා."
"Shirani Rathnayake","https://www.facebook.com/shirani.rathnayake.484587","කුණුහරප කියන අය වෙනුවෙන් දෙවියෝ කම්පා වෙන්නේ නැත.  ශීලවන්ත භික්ෂූන්වහන්සේලා වෙනුවෙන් ම පමණයි දෙවියන් කම්පා වෙන්නේ. භික්ෂූන්වහන්සේ නමකට විනයක් තිබිය යුතුයි ."
"Ananda Perera","https://www.facebook.com/ananda.perera.9822","අනේ සාදු.... 😱අපි නම් ගිහියෝ හැටියට කම්පවෙලා ඉන්නේ ඔහෙලා වගේ මුදලාලිලා මේ බුද්ධ ශාසනේ ඇතුලේ ඉන්න ඉන්න එකට 😡😡😡😡"
"වසන්ත උදයකාන්ත","https://www.facebook.com/hnu4r0vcia","මූ කොහෙ ඉදලද මන්දා පාත් උනේ. මරි මොඩයා."
"Rosie Wijesinghe","https://www.facebook.com/sofie.silva.5661","Podi kellek adaudata gannakota koheda p...o oya shiura thebune 🤬🤛🏻"
"Jagath Weerakoon","https://www.facebook.com/jagath.weerakoon.7","යකෝ මේ මහ පොළොව කම්පාවෙන් තමයි ඔය එක එක ගස් බල්න්ගේ ගෞරවනීය සිවුර ගැලවෙන්නේ....සාදූ......සාදූ....."
"Darshana Rathnayaka","https://www.facebook.com/darshana.supun.355","සිවුර දාගෙන බලු වැඩ කරද්දි දෙයියන්ටත් ගානක් නැති හැටියක්...😌😌"
"Madushan Indika","https://www.facebook.com/people/Madushan-Indika/100070399181777","සිවුර දාන් 2.50 වැඩ කරද්දි මුලු දෙරණම එක්සේසත් වෙනවද? නොදකින් මුංට කඩේ යන පිම්පියොත් ලංකාවේ ඉන්නවනේ෴"
"Jayantha Arachchige","https://www.facebook.com/jayantha.arachchige.9","ප## මුලින්ම   ෆෝන්    එක  පැත්තකින් තියපං  ගිහින්ට  කැප  දේ උඹලට  කැප  නෑ  මූ නං   ගෙදර  කන්න  නැතුව   පංසලට  ගෙනත්  දාපු එකෙක්"
"Chathura Geethanjana Wijeweera","https://www.facebook.com/chathurageethanjana.wijeweera","ලොක්ක තව වැඩක් ඇවිල්ලා..කොහෙන්ද පටන් ගන්නේ..."
"Shantha Shantha","https://www.facebook.com/shantha.shantha.959375","යකෝ සිවුරේ ගවුරවේ තියාගෙන හිටියනම් අද සිවුර ගලවලා ජම්පරේ අදින්න වෙන්නේ නෑ බුදුන්ගේ චීවරේට මුවාවෙලා කරන පාපතර වැඩ නිසා මේ ඉරණම අත්වෙනවා කියලා හිතාගනිල්ලා එක එක දේශපලුවන්ගේ අතකොලු වෙලා දැන් අබය දානේ ඉල්ලනවා බුදුන්ගේ දර්මය වපුරන්න තියෙන කටින් වයිරය වපුරපුවාගේ ප්‍රතිපල"
"Indika Wijenayaka","https://www.facebook.com/people/Indika-Wijenayaka/pfbid02yMdoyPo4kyEhGysFiPB5Z8pT535eSuX5sbecnEmVADYh27tcHQaydnGGpHYYJj1Gl","ඔය සමහරදාට හයියෙන් ගොරවල වහින්නෙ සමහර දෙව්දත් නිකායෙ උන් බම්ඩු ගහන්න සිම්වුරු ගලවද්දි වෙන්ඩැ නේත  ... කම්පා වෙලා ..😃😃😃😃"
"Pushpa Kumara","https://www.facebook.com/kumara.pushpa.5623","සිවුර ඇඳන් කෙබර කෙලින්නඑපා යකෝ  උඔල සිවුර ඇඳන් කරන වැඩ නිසා තමයි භුමි කමිපා වෙන්නෙ 😡😡😛😛"
"Mohamed Shamry","https://www.facebook.com/mohamed.shamry.90","Patta buru patta kariya"
"Suvendrani Joseph","https://www.facebook.com/suvendranijoseph","Siwra aithi  hoda ,seelachara, nihathamaniwa, janathawa yahamagata geniyanna, budun deshana karannea, pansalea, sitina ayata neada????????????"
"Sanath Jayawickrama","https://www.facebook.com/people/Sanath-Jayawickrama/pfbid02UWY5QXFn8y2V6SbqRGpy5YkSWh5iigJ4EcffPmUfMPuo6F2tDW8yAtnYQqXGhgKwl","පව්කාරයන් වෙනුවෙන් දෙවියෝ බලන එකක්නෑ ඒනිසා  යක්කුන්ටවත් කියල බලන්න"
"Kusil Kusil","https://www.facebook.com/kusil.kusil.1","සිවුර දාගෙන වෙන වෙන දේවල් කරනකොට දෙයියො කෝපවෙන්නැද්ද ?"
"Vimal Jayaweera","https://www.facebook.com/vimal.jayaweera.2025","Mongal da,meyalata rate කරන්නට wada නැද්ද"
"Deepthi Jayasundara","https://www.facebook.com/deepthi.jayasundara.73","තෝ කෙදිරිගෑවට සිවුරු පිටින් හිරකාරයෝ තියෙන්නේ  නෑ හිරගෙවල්වල"
"Mahinda Perera","https://www.facebook.com/mahinda.perera.9237244","අනේ මන්දා....."
"Champa Kalhari","https://www.facebook.com/champa.kalhari.562","අර පොඩි ලමයව දූෂණය කරද්දි මහ පොලව  කම්පා උනේ නැද්ද හාමුදුරුවනේ"
"Premathilaka Edirisinghe","https://www.facebook.com/premathilaka.edirisinghe.7","එතකොට  බුද්ධචීවරය  පොරවගෙන බාලවයස්කාර  දැරියන්  දූෂණය  කරනකොට  මහපොලව  හිනාවෙනවද? මත්කුඩු  සිවෘඅස්සෙ  ගහගෙන  එනකොට  මහපොලොව   උම්බෑ කියනවද? බුද්ධ  චීවරයට  මුවාවෙලා කරන  අපරාධවලට  දෙවියන්  කෝපවෙලා තමය්  රටට  මේවගේ  ව්‍යසන  ඇවිල්ල  තියෙන්නෙ."
"Ranjan Perera","https://www.facebook.com/sageeranjan.perera","Siurata muwawela samahara  kahakadayo  lamai dusanaya karanakota oya kalakanninta polowa kampa wenawa dekke nedda?"
"Sanath Ranasingha","https://www.facebook.com/sanath.ranasingha.92","කෝකටත් දන්නැති හින්දා අහන්නේ ඔය සිවුර ගලවලා පොඩි එවුන් දූෂණය කරනකොට කොල්ලෝ කෙල්ල කියල බෙදෙකුත් නෑනේ. එතකොට මේ ඇට දෙකද දෙයියගෙ කම්පා වෙන්නේ.මෙවුන් කියන කතා ඇහුවම බුදුහාමුදුරුවෝ එහෙම හිටියනම් එල්ලිලා මැරෙන්නේ බං ඒ තරම් ශාසනය විනාශ කරන සිවුර අවභාවිතා කරන එවුන් ටිකක්"
"Wasantha Pathmasiri","https://www.facebook.com/wasantha.pathmasiri.52","ඔව් අපි දැක්කා සීනි ගම ගියපු දා ඉඳන් වෙච්චිදේ එක වැලට ඇතුලේ"
"Saman Priyantha","https://www.facebook.com/saman.priyantha.925398","උඹල කරන ඒවට තමයි පොළොව කම්පා වෙලා උඹට හෙන ගහන්නෙ  අර සිවුරක් දාගෙන අරක්කු බීලා බයිට් කාලා බාල් නටන්නෙ උඹ පරිස්සමෙන් හිටහං කොය් වෙලාවෙ හෙන ගහලා යයිද දන්නෑ"
"පාලිත අබේගුණවර්ධන","https://www.facebook.com/palitha.abegunawardana","දේවසාප අවේ. මිට අවුරුදු ගණකට කලින්.සාදුලා"
"Asitha Jayasinghe","https://www.facebook.com/asitha.jayasinghe.846801","ඔව් ඔව් ධාතුව කම්පාවෙලා පවුල්පිටින් හිරේයන කොට ඔහොමතමයි මස්කටු දීපු හාම්පුතාට බල්ලෝ ආදරෙයි තමයි....."
"Chamindu Mihiran","https://www.facebook.com/chamindu.mihiran.2025","හිටපු අටමස්ථානාධිපති සිවුර ගලවල කෙල්ලෙක් දූෂණය කරද්දි ඔය දෙක උනෙ නැද්ද පගයෝ 😡😡😡"
"Sameera Madusanka","https://www.facebook.com/profile.php?id=100003677410299","එකටම මහන වෙන්න"
"Kumara Wijesinghe","https://www.facebook.com/kumara.wijesinghe.794","සිවිරැදරාගන.පිස්සු.කෙලින.මුන්.සාසනය.වනසලා.දානවා.නිකං.කාල.තෙල.වැඩිකමට.අපේ.සිල්වත්.හාමුදුරැවන්.වහන්සෙලාත්.අපහසු.තාවයට.පත්වෙනවා"
"Jayantha Rk","https://www.facebook.com/people/Jayantha-Rk/pfbid0RP2hDg9QnGii8wTivKNK5QBZifqRgAfABmH72FcCFBUhEP8mnxH382cn4zHpU2PJl","තොගේ  වැඩ  නිසා  ජනතාව  අප්‍රසාදයෙන්..."
"Aruna Jeevan","https://www.facebook.com/profile.php?id=100000044175248","Buddagama epawenawa."
"Neranjan Bandara","https://www.facebook.com/neranjan.bandara.623057","උබලා සිවුරු හොරු දේශපාලුවන්ට කඩේ යන ගෝතයෝ"
"Don Shelton","https://www.facebook.com/don.shelton.718","මුන් සිවුරට මුවාවෙලා ජඩ වැඩ කරන එවුන්"
"Mul Pieris Pieris","https://www.facebook.com/people/Mul-Pieris-Pieris/pfbid0Yrp5ifxEGBcErjq877bZm7zFpsg5dtfYb9diEXLmhwRM39aQXgRV6dkx545k4VmZl","Thopi podi daruwo vinasa karana kota koi a darme"
"Manjula Fernando","https://www.facebook.com/manjula.fernando.5015","වැඩකටනැති හිස් වචන."
"Sameera Senevirathne","https://www.facebook.com/sameera.senevirathne.1048","ඔබලාගේ ඒ තරන් සිලෙ කරන්නේ ම වැරදි වැඩ"
"Suridu Lokeshwara","https://www.facebook.com/suridu.lokeshwara.3","Jarapaksha nikaye gottani kara ganinwahanse kenek"
"Ranjith Somachandra","https://www.facebook.com/ranjith.somachandra","සිවුරේ රින්ගලා කරන කුපාඩින් අපරාධකරුවන් දූසකයින් .. එලවන්නත් ඔය විදියට වැඩකරන්නකෝ.. 😂"
"R G Priyantha Kumara","https://www.facebook.com/priyanthakumara.rillagodge","දන්න දේවල් බොහොමයි හාමුදුරුවනේ.උඩ බලං කෙලගහගන්න බැනෙ ඒක නිසා කියන්නෙ නැ"
"Kelum Jayaseekara","https://www.facebook.com/kelum.jayaseekara.7","Ipadimak nelu. Apayak nelu. Diwiya loka nelu.  Den kiyanawa. maha polawa kampa wenawalu. Dewiyo kampa wenawalu.. 😁😁😁😁"
"Zampath Iroshan","https://www.facebook.com/zampath.iroshan.5","පල්ලෙගම හේමරතන හාමුදුරුවෝ සිවුර ගලවද්දි මහපොලව කම්පා  උනේ නැද්ද🙄"
"Rajee Widanage","https://www.facebook.com/rajeewidanage","උබලා දකින කොට අපි කම්පනයට පත් වෙන්වා  😂"
"Asanka de Silva","https://www.facebook.com/asankade.silva.986","ඔය අනාගතයක් තියන පොඩි..හාමුදුරුවෝ මුන් පස්සේ යන්න එපා..මුන්ගෙන් ගන්න දේයක් නැ ඔබලාට.."
"Preenath M Kavishwara","https://www.facebook.com/danushka.prbath.37","අනිවාර්යයෙන්ම"
"Sameera Godage","","බයියන්ට අමාරු කාලයක් මේක. 🤣"
"Jayantha De Silva","https://www.facebook.com/jayantha.desilva.545","Meyala me rallata yana kattiya"
"Dinesh Peiris","https://www.facebook.com/dinesh.peiris.583","Munta wirudawa nagi sitimu"
"Thanuja Rohini","https://www.facebook.com/thanuja.rohini.5","ගෑනු  ඉස්සරහ සිවුර  ගලවනකොට   කම්පා  වෙන්නැද්ද"
"Wads Antony","https://www.facebook.com/wads.antony","Palayan pakaya yanna"
"Manoj Wickramasinghe","https://www.facebook.com/manoj.wickramasinghe.315","දෙවිදත් පොලව පලන් ගියා වගේ දේශපාලනය කරන හොර ඝනයෝ ඔක්කොටම සාපම වෙන්න ඔන"
"Chandrapala Nanayakkara","https://www.facebook.com/chandrapala.nanayakkara.2025","මට කියන්න වදන් නැ"
"Winjitha Fernando","https://www.facebook.com/winjitha.fernando.1","සිවුර දාගෙන බාල්නටන්න හොදයි තොපිට"
"Amith Rajapaksha","https://www.facebook.com/amith.rajapaksha.90","හාමුදුරුවෝ පොඩි ගැනු ලමයින්ට කෙලිනකොට කම්පාවෙන්නේ නැති දෙයියෝ මොකටද බොල........"
"Perera Perera","https://www.facebook.com/perera.perera.973660","ගැහැණු දරුවෝ දූෂණය කරන කොට"
"Isuru Dinesh","https://www.facebook.com/isuru.dinesh.161","ගෑනු එක්ක බුදියනකොට සිවුරු ගලවනකොට මොන වගේදවෙන්නේ. 😁"
"Kanchana Sanjeewani","https://www.facebook.com/kanchana.sanjeewani.142","පන්සල ඇතුලේ පුංචි උන් දූශනය කරන්න සිවුර ගලවනකොට මහ පොලව කම්පා වෙන්නේ නැද්ද"
"Rohana K. Rohana","https://www.facebook.com/rohana.k.rohana","බුදුසසුන බැබලේවා වැරදි සිවු.රු ගැලවේවා"
"Praneeth Bandara","https://www.facebook.com/praneeth.madusanka3","දෙදරනවා ද😂 මු හිතන් ඉන්නවද දන්නෙනෑ මූ තමයි දැන් චරිතේ කියලා😂"
"Hasalanka Senarathne","https://www.facebook.com/hasalanka.senarathna","Praneeth Bandara පිටිපස්සෙ ඉන්න සෙට් එක පොඩ්ඩක් බලපන් නිකමට"
"Praneeth Bandara","https://www.facebook.com/praneeth.madusanka3","Hasalanka Senarathne විමුක්තියා ඉස්සරහට දාල අපි පිටිපසේ ඉදන් කතාවක් කරනවා වගෙ😂😂"
"Priyadarshana Bandara","https://www.facebook.com/priyadarshana.bandara.942","ඉස්සරහට වෙන ස්වාභාවික විපත් සේරම උනේ මේ දේ නිසා කියලා වැලලෙයිද දන් නෑ 😂"
"Lionel Kuruppu","https://www.facebook.com/lionel.kuruppu","Meyaalage puduma karadarayak thiyenne"
"Suranga Sisira Kumara","https://www.facebook.com/suranga.s.kumara.1","ඒත් මං මේ බැලුව සැරින්සැරේ පොලව කම්පා වෙන්නෙ ඇයි කියල... සිවුර ගලෝන පාරක් ගානෙ පොලව හෙල්ලෙනව.. සරම ගලෝල කලිසම දාගත්ත. දරන්න බෑ අය්යෝ 😁 😂"
"Nalika Priyanthi","https://www.facebook.com/nalika.priyanthi.73","සිවුරු දාගෙන වැරදි  කරනකොට  🤔🤔🤔🤔"
"Chaminda Pathirage","https://www.facebook.com/chaminda.pathirage.589","Thopi wage ewun siuru daana kota palawa kampa wenawa"
"Hashani Madhushika","https://www.facebook.com/hashani.madhushika.10","එතකොට ඔය සිව්රම දාගෙන පොඩිව්න් දුශනේ කරද්දි දෙව්වරු කොහෙද දන්නෙ හිටියේ.."
"Manik Dissanayaka","https://www.facebook.com/people/Manik-Dissanayaka/pfbid0Qju54mY38eLGkCojEEufpmrRcGhRWFV7W9uHDVFFb66EYM3FCqh52RDx6bd9LkkUl","මේ කමෙන්ට් බලලාවත් මහණ වෙයන් බන් 🤣🤣"
"Ajith Warnasuriya","https://www.facebook.com/ajith.warnasuriya.35","2018 දි උන්දැගේ සිවුරු ගලවනකොට කම්පා වුනේ මොකක්ද"
"Nalin Niroshana","https://www.facebook.com/nalin.niroshana.184","Ane pala hora ciwara dariya"
"Dilhan Rajakaruna","https://www.facebook.com/dilhan.rajakaruna","ළඟදී නිධානයක් හෑරුවේ නැද්ද"
"Dg Damitha","https://www.facebook.com/damitha.gunathilaka","සිවුර දාගෙන බලු වැඩ කරනකොට මොනාද වෙන්නේ කියලා ඔය ගමන්ම කියන්නකො.එකත් වටිනවා කිවානම්.🤮🤮"
"Haritha Udayanga","https://www.facebook.com/haritha.udayanga511","Siwra Adan lama apachara karaddi, pancil pada 5 kadaddi meth Mal peedenawa athi neda ethakota"
"Nishshanka Udaya","https://www.facebook.com/nishshanka.udaya.79","ඉස්සර වෙලා උඹ මහන වෙලා ඉඳපන්"
"Madushani Jayasundara","https://www.facebook.com/madushani.jayasundara.9","සිවුරු ඇදගෙන සමහරු කරන දේවල් වලට කම්පා වෙන්නේ නැතුව ඇති...."
"Nuwan Malinda","https://www.facebook.com/nuwan.malinda.7587","තිත්තේ කෝ බන් උබේ අර අත්සන් ගහපු කොලේ 🤣"
"Jayarathna WM","https://www.facebook.com/people/Jayarathna-WM/pfbid029gKrYQWdfywE93i1RQji25w5HAGftHAcVwZ6t7mnrETsXRLmsaQKxtqpMWD9G3jgl","Toge etadeka helawenne nedda sura galawaddai"
"Wasantha Wasantha Nanmunne Arachchi","https://www.facebook.com/wasantha.wasanthananmunnearachchi","සංඝායනාවක් තිබ්බනං රෙදි නැතුව යන්නේ"
"Sanjeewa Senaka","https://www.facebook.com/sanjeewa.senaka.98","අනේ නිකන් පලයන් යකෝ යන්න  මොකටද huත්තො සිවුර හිරේ දාන්නෙ සිවුර ඇතුලෙ ඉන්න තක්කඩි අමනයට දඩුවම් දීපුවම ඇති"
"Suminda Disanayaka","https://www.facebook.com/suninda.disanayakadisanayaka","පොඩි කෙල්ලම්ව දූෂණය කරනකොට සිවුර ගලවනකොට අවුලක් නැද්ද බූරුවෝ"
"Aruna Kumara Mudugamuwa","https://www.facebook.com/aruna.kumara.5059601","තිත්තයා පිස්සු දොඩවන්නේ, බුදුදහමට පටහැනියි"
"Rangana Subasinghe","https://www.facebook.com/rangana.subasinghe","Siura galawala jigigigiya danakota deyya pal welada hitiye???"
"Sunil Lokuarachchi Sunil","https://www.facebook.com/sunil.lokuarachchi.sunil","Hukana kota siwra galawanne upasikawa. Kampa venawa"
"Samintha Guruge","https://www.facebook.com/samintha.guruge.9","කොහොම උනත් 5 ක් අදින්න වෙනො සොරි"
"Ranjith Asanka","https://www.facebook.com/ranjith.asanka.2025","E kiyanne Bada uda nagina kota siura galawana kota needa"
"Aruna Shantha","https://www.facebook.com/aruna.shantha.073915","මුන් බය වෙලා ඉන්නෙ"
"Indika Hettiarachchi","https://www.facebook.com/people/Indika-Hettiarachchi/pfbid0EMH2kSuePWgpMfqYjiXqRfUUmwsiTM3JKw3M3kAyJV4mkWYY4Bq6MnEpzvgJ5XWYl","Ane pala ballo yanna 🤣🤣🤣🤣topi tamai agama nati karanne sakkili"
"Ashan Thiwanka","https://www.facebook.com/athiwanka","Buddagama wikunan kana un.."
"Dammika Dikkumbura","https://www.facebook.com/profile.php?id=100032443360308","තිත්ගල්ලයා... පන්සලට  ගෙනත් කියක් කම්පා කරාද..?🤣"
"Dilan Viduranga","https://www.facebook.com/dilan.viduranga.41234","අනේ රෙද්ද තමයි    එතකොට අර පොඩි ළමයා දූෂණය කරනකොට මුකුත් නෑ    අර තව එකෙක්   පන්සලය ඇතුලේ ගෑණු දෙන්නෙක් එක්ක ඉදලා   රෙදි නැතුව හිටියේ   ගම්වාසී අල්ලගෙන ගැහුවා    තව එකෙක් කොල්ලෙක් තියාගෙන මාට් උනා      එතකොට කම්පාවෙන් නැද්ද    උඹලා කොහොමත් හාමුදුරුවරු නෙමේ    හොර කල්ලියක් ආරක්ෂා කරන අහිගුන්ඨකයෝ       උඹල හරනං ගහලහල පන්නන්ඩ ඕනේ       උඹලට පිටරට ගිහින් ජෝගි දාන්න උඹලට පිටරට ගිහින් ජෝගි දාන්න පුළුවන්.   එතකොට ඔය මොකුත් නෑ නේද බං"
"Hasanka Sasindu Wijesinghe","https://www.facebook.com/hasankasasindu.wijesingha","පොඩි ළමයි දූෂණය කරන්න සිවුර ගලවද්දී ඇට$&@දෙක කම්පා වුනා ඇති.😂"
"Lalani Jayaweera","https://www.facebook.com/lalani.jayawira","Ane Thithayo ubata pissu .."
"Nuwan Senanayaka","https://www.facebook.com/people/Nuwan-Senanayaka/61570677631190","බොරු කියන කෙස් සීමාවක් තියාගන්න විස්නු දෙවියෝ මතු බුදු වෙනවා කියලා කොහෙද කියලා තියෙන්නේ කියන්නකෝ ඉස්සෙල්ලාම ආයෙ මේ මහා භද්‍ර කල්පයට එකම එක බුදුරජාණන් වහන්සේ නමයි පහළ වන්නේ මෛත්‍රී බෝධිසත්තානන් වහන්සේ"
"Shanaka Weerakkodi","https://www.facebook.com/asp.king.564","Siura dagaththa paliyata hamuduru namak wenne ne,,,kawadawath,,,,"
"Sanju Bhashitha","https://www.facebook.com/profile.php?id=100010331083912","දාන් ඉන්නේ සිවුර අදහන්නේ දෙයියෝ...අනේ මන්දා"
"Wasantha Kumara","https://www.facebook.com/wasantha.kumara.17249","සීවුර දාගන දෙසපාලනෙ කරන කොට පක්ෂ වලට කඩෙ යනකොට අපි අසහන වෙලා වගෙ හිතට දැනෙනවා බුදුහාමුදුරුවනෙ"
"Prabodh D Ravihara","https://www.facebook.com/prabodh.dilshan.50","තඩි බ්‍යියන්ට හොදා ඉතින්"
"Nalaka Chathuranga","https://www.facebook.com/nalaka.chathuranga.509","බොරැ කියන්න එපෝ"
"Sunil Shantha","https://www.facebook.com/sunil.shantha.283219","දේව දත්තගේ  බන අහන බන කියන උන්ගෙ වැරදි වලට චිවරය ගැලෙවිවාට කිසිම පස්නක් නොමැත මොකද ඔහු කියා තිබෙන්නෙ සියලම කමසැප  සිවුර දරා සිටින අයට කැපයි කියලා නමුත් බුදුන් වහන්සේ මෙිවා සේර අකපැයි සේරගෙන්ම ඇත් වෙන්න කියලා දේසනා කර ඇත්තෙ බුදුන් දර්මයේ යන අය ඔය දාන සාරලා වගේ වැඩ නොකරයි ඔබ ත් එලෙසමය එම නිසා උත්ගෝසන නවත්වා බන බාවනාක්කර ගෙන සිටියා නමි හොදයි නෙවිද"
"Gerard Rajapakse","https://www.facebook.com/people/Gerard-Rajapakse/pfbid02FkkGrR3MXFfduKmwniaigYM6wr1xTQa6GLms7jP2WhfHgVpywjdpkQQ7Vk5zp7BJl","ඇටදෙක දෙක තමයි කම්පාවෙලා හෙල්ලිලා කුරුවල් වෙන්නෙ"
"Kh Sajith Priyangana Priyangana","https://www.facebook.com/khsajithpriyangana.priyangana","Pala sakkili gana gediya."
"Chanaka Wedagedara","https://www.facebook.com/chanaka.niroshan.180","සිවුර ඇඳන් කොල්ලො ගHanAwa, කෙල්ලොන්ට ඉන්න දෙන්නෙ නෑ පුදුම අසහනෙකින් න්‍රෙ බොලව් ඉන්නෙ තොපි. නිදන් කොල්ල කනව කරන්න ඕනෙ ජාති ඔක්කොම කරනව ඒවට කරපන් කන්නලව්. ඒ පාර මිත්‍යාව පස්සෙත් යනව බොලාලා හාමුදුරුවො කියලා ශුවර් ද???"
"Nimantha Maduranga","https://www.facebook.com/nimantha.maduranga.988711","Mewge euna nisa thamai mahapolwa kampa wenne"
"Lakmini Jayaweera","https://www.facebook.com/lakinec","Ane kiyana katha"
"Priyantha Bg","https://www.facebook.com/priyantha.bg.9","මේ තවම හණමිටි අදහස් මිනිස්සු ඉන්නවා කියලා හිතලා කියන ඒවා..."
"Dasun Liyanage","","මහ පොළොව කම්පා වෙන්න ඕන.....  අටමස්ථානාධිපති, අර පොඩි ගැහැණු ළමයා ඉදිරියේ සිවුර ගලවපු වෙලාවේ.... නැතුව මේ වගේ දුශ්ශීල කෙනෙකු ගෙ සිවුර ගලවපු එකට නෙවෙයි...."
"Chaminda Kumara","https://www.facebook.com/chaminda.kumara.561679","අනුරාධපුර ප¿ත්තෙ හාමුදුරුවෝ නමක් පොඩි ලමයෙක් දූෂණය කලා කිව්වනෙ......එතකොට සිව්‍රර ග¿න බ¿ලුවද......ආතල් දෙනකොට එහෙම ආතලුත් දෙන්න ..පොඩ් ගතියක් තියෙන්න එපාය..🤣🤣🤣🤣🤣🤣🤣🤣🤣🤣🤣🤣🤣🤣🤣"
"Awantha Dinuranga","https://www.facebook.com/awanthadinuranga","පල්ලෙගමයා පොඩි කෙල්ල⁣ ගාව ගලවද්දි තොපි ඇදන් යට. තු තොපි වගේ වාසියට කැ ගහන සක්කිලියෝ"
"Ashn Sad","https://www.facebook.com/ashn.sadiyan","Ethakota dala natanakota?"
"Sameera Akmeemana","https://www.facebook.com/sameera.akmeemana","කම්පා නොවෙන්නෙ සිවුරේ හිටියනම් කිසි ප්‍රශ්නයක් නෑ  ... ඔබලත් සතුටින් රට වැසියත් සතුටින්.."
"Methsarani Deyyagala Arachchi","https://www.facebook.com/methsarani.deyyagalaarachchi","[Image Attachment]"
"Methsarani Deyyagala Arachchi","https://www.facebook.com/methsarani.deyyagalaarachchi","Sameera Akmeemana"
"Methsarani Deyyagala Arachchi","https://www.facebook.com/methsarani.deyyagalaarachchi","[Image Attachment]"
"Chandra Pushpa Latha","https://www.facebook.com/chandima.chandimapriyadarshani","Ehema  kisima dewa kampawK nha tithagalla"
"Gamini Jayalath","https://www.facebook.com/gamini.jayalath.3720","අර  අනුරාධපුර ,8  ශ්‍රේණියේ  , දැරියගේ  ඇඳුම්  ගලවල  ,දූෂණය  කරනකොට  දෙයියො ,කෝප  උනේ  නැතිද ?"
"Madhawa Thennakoon","https://www.facebook.com/madhawa.thennakoon","යකෝ මනුස්සයින්ට විෂබීජ පතුරුවන්න එපා මොකද බොහොම මනුස්සයෝ කුපිත වෙනවා ඇයි නූගත්තු වැඩියිනේ උඹලා වගේ මොකද සේරම උඹලා එක නිකායනේ"
"Srijith Kalansooriya","https://www.facebook.com/srijith.kalansooriya","ගැලවෙන්න ඕන ගොඩක් තියෙන බව පේනවා නේද."
"Supun Palinda","https://www.facebook.com/supun.palinda.56","පාපිසි තෙමෙනකොට කම්පා වුනේ නැද්ද ඉතින් 👋😅"
"Chathura Randeep","https://www.facebook.com/chathura.randeep.2025","Anee pako boru kiyawanne nethuwa idapiya"
"Namali Dias","https://www.facebook.com/namali.dias.2025","කොහොමත් හාමුදුරුවනේ ඉස්සරහ මාසවල් වල කොහොමත් අමාරුයි තමයි ඒක මේ සිවුරු ගලවපු නිසා නෙමෙයි නෙමෙයි. මොකද මේ ලෝකේ යුද්ධයක් යනවා හැම රටකම යුද්ධ ඒ නිසා කොහොමත් අපේ රටට ඒක බලපානවා ඒක මේ වෙනස් කරන්න අනුරජානාධිපතිතුමාටවත් බැහැ. ඒ නිසා ඒවලට අපි සූදානම් වෙන්න ඕනේ. වෙන ආගමික නායකයෝ කරන්නේ මේවෙන ආගමික නායකයෝ සේරම ඔක්කොමල්ලා එකතුවෙලා මේ රටේ ඉස්සරහට එන්න තියෙන ප්‍රශ්නවලට එයා යාඥා කරනවා දේව මෙහෙයන් තියෙන ඔබතුමන්ලා මොනවද කරන්නේ? ඔබතුමන්ලා මේ සිවුරක් කරන්නේ? මිනිස්සුන්ව ලෑස්ති කරන්න ඉස්සරහට එන කරදර වලට පුරුදු වෙන්න ලෝකේ හැම රටකම කරදර තමයි තියෙන්නේ. ඉතින් ඒවා වලට අපි හැඩගැහෙන්න ඕනේ"
"Lahiru Deepal","https://www.facebook.com/lahiru.deepal","පොඩි කෙල්ලො එක්ක බුදියන්න උබලට කොල්ලො ගහන්න ඕන වෙල්ලාවට සිවුර ගලවනකොට දෙවියෝ කම්පා වෙන්නෙ නැද්ද වෙම්සිගෙ පුතාල ටික"
"Indra Bahrathie Ferdinandes","","පන්සලට එන ගෑනුන්ගෙ ඇදුම් ගලවනකොට අපි කම්පාවෙනව"
"Tilakaratna HD","https://www.facebook.com/people/Tilakaratna-HD/pfbid02qjLLBMUj2Enp7je2eq2rkbgNKKKpFnyHpbD5gVppQqH5K6cF8Y6QQNg8f5vdAtaal","රෑට නම් කලිසම් ඇඳගෙන එහෙ මෙහෙ ගියාට,ඩ්‍රයිවින් කලාට,සිරිපාදෙ ගියාට රට ගියාට කමක් නෑ ඒ කැමැත්තනෙ.නමුත් නීතියට සිවුර මාරු කිරීම තමයි අප්සෙට්."
"Deepthi Atthanayaka","https://www.facebook.com/deepthi.attanayake.5","තනි ඇහැට ඇඬෙනවා...🤣"
"Prama Kumara","https://www.facebook.com/people/Prama-Kumara/pfbid0BUd4bBBZhNsnXJxrsifBuPT2JTJMnchraDeFYNfHqZLeameSHUnAL9239StNodYWl","Wedak ne mun gene kiyala"
"Dias Hettige","https://www.facebook.com/diastp","මිත්‍යාදෘෂ්ටික ගෝත්‍රික සිවුරු දරන්නෙක්."
"Ranjith Senevirathne","https://www.facebook.com/ranjith.senevirathne.466046","සිව්ර දාගෙන අහින්සක දරුවො දූසනයකරනකොට මොකද වෙන්නෙ."
"Nishantha Hewage","https://www.facebook.com/nishantha.hewage.3532","සිවුර දැම්මට හැමෝම ස්වාමීන් වහන්සේලා වෙන්නෑ...ඔයාලත් සිවුර දැම්මට ස්වාමීන් වහන්සේලා නොවන බව ජනතාව දන්නවා සිවුරට හැංගිලා  කාමභෝගී ජීවිත ගත කරන අය..ඔයාලා"
"Mahinda Mapa","https://www.facebook.com/vishaka.vishaka.505960","ඒ සාදුකාර දෙන්නෙ නාකි අමිමන්ඩිලා ටිකක් එකතුකරගෙන හැබැයි සිවුර දාගෙන කරන ජඩ කමිවලට කවුරැත් සාදුකාර දෙන්නෙනැ"
"Sujith Tennakoon","https://www.facebook.com/rashimi.bandara","Thopi samaharak karana balu wada. Kahakada chandi.  Nodakin"
"Samantha Jayakody","https://www.facebook.com/samantha.jayakody.816301","දැන් හොදටම පේනවා හාමුදුරුවනේ දේව කම්පාව 😄"
"Nimal S Thennakoon","https://www.facebook.com/people/Nimal-S-Thennakoon/pfbid0ERKPuwqJjxCZn8ESTmDsXTZm8YwbWVqNJw8DLH9Dnjw9ztzNLKbceFJinnsPjGdbl","සිවුර දාගෙන මත්කුඩු ජාවාරම් කරනකොට ස්ත්‍රී දුෂණය කරනකොට නිදහන් හාරන කොට සක් පන්සලේ කොතක් ගලවලා විකුනන කොට සක් දෙවිවරු බජවු උදානව ඇති"
"Ruwan Karunarathne","https://www.facebook.com/ruwan.karunarathne.9440","ගලගොඩයගෙ සිව්‍ර ගලවපු දවසේ මටත් ඇහුනා ඩෝං ගාල ශබ්දයක් ...ඒ පොලව කම්පාවෙන ශබ්දය වෙන්න ඕන ."
"Kavindu Madushanka","https://www.facebook.com/profile.php?id=100075224574997","බණ අහන උන්ට බුදු සරනයි😂😂😂"
"Sisira Kumara","","Army eken panala awith siwura daganna kota maha polawen kiri ithuruwada thopi thamaei budu dahamata niga karanne"
"සෙනරත් බණ්ඩාර","https://www.facebook.com/people/%E0%B7%83%E0%B7%99%E0%B6%B1%E0%B6%BB%E0%B6%AD%E0%B7%8A-%E0%B6%B6%E0%B6%AB%E0%B7%8A%E0%B6%A9%E0%B7%8F%E0%B6%BB/pfbid0ri1rkzj27py4CWpK7YLQ3PL4X1ujXDXseoSLsu5JBShZFDbbBnSdcUnT8cJBY2HTl","2018  දීත්  සිවුර ගැලෙවුවා        මොන දෙයියෙක්වත් නෑ සිවුර දාගෙන කරන බලු වැඩ නිසා  දායකයොත් පන්සල දාලා ගිහිල්ලා"
"Shanthi Liyanage","https://www.facebook.com/rl.shanthi","Siuru gawaĺa atmastandipati kala dusanya karankota davìyo ban hityada aa atakota naiti adan ganuthakka hamuduruyo sallam karmama aa vidiyo aka baluwa hamuduruyo nu gani nitiya pitin amnwagathta lamai dannai gani"
"Wasana S Balasooriya","https://www.facebook.com/wasana.farzana","Siuru dagena waradi karanakota munta දඬුවම් දෙන්න බැ කම්පා වෙනවා. අනේ මේ ලංකාවේ උන්ට මොනවා වෙලාද"
"Vijai Hewage","https://www.facebook.com/vijai.hewage","සිවුර දාගෙන  බීල ගිහින් මිනිස්සු හප්පන කොට  මොනවගේද  දන්නෑනේ?"
"Deepthi Gallege","https://www.facebook.com/deepthi.gallege","Ubala. Wage. Ewun Sewuru. Dagattama Lokema..kmpawenawa"
"Ishanka Shamith","https://www.facebook.com/ai.shamith","එහෙනම් එදා පල්ලේගමයා කරද්දි පොලව කම්පාවෙන්න ඇති නේද🤣🤣🤣🤣"
"Vidumina Rathnayke","https://www.facebook.com/people/Vidumina-Rathnayke/pfbid027TMBT4AoGg4BmXZ67xdJtE3NsurjDaie7xTpvTZ8sfViDthPU1wLeZvreiP1V3BGl","Hri elh danuwt una"
"Sira Sira","https://www.facebook.com/people/Sira-Sira/61587216605480","අම්මගෙ රෙද්ද"
"Gayan Lashantha","https://www.facebook.com/gayan.lashantha.1","Sasanaya kanna epa yako"
"Senevirathna Nimal","https://www.facebook.com/senevirathna.nimal","මජර වැඩවලට සවුර ගලවනකොට මොනනේද වදින්නේ....?"
"Wimala Waduge","https://www.facebook.com/wimala.waduge.3","පොඩි ළමයි දුුෂනය කරන කොට දුක ඕව පත්තු වෙන්නෙ නැත්ද"
"Chamil Lasantha Chamil Lasantha","https://www.facebook.com/chamillasantha.hettiarachchi","අර පුංචිඑකා දූෂණය කරන්න සිවුර ගලවනකොට කම්පා උනේ නැද්ද.නිකන් බයිල කෙලින්නෙ නැතුව හිටහන්"
"Sahan Diss","https://www.facebook.com/sahan.diss","Siura dagena. podi  gahan. pirimi  daruwan lingika apayojanaya keraddi kampa wen nadda."
"Subod Dassanayaka","https://www.facebook.com/subod.dassanayaka.967","බීලා වාහන පදිනකොට, පොඩි ලමයි දූෂණය කරනකෙොට, අරක්කු බීලා පිස්සු නටනකොට අහස පොලව දෙවිවරු කම්පාවෙයිද දන්නේ නෑ නේද තිත්තගල්ලයෝ"
"Kalum Benthara Vithana","https://www.facebook.com/kalum.bentharavithana","සිවුරක් ගලවනකොට මහපොලව කම්පා වෙනව. ඒක ඇදගෙන ජඩ වැඩ කරකොට හොදයි"
"Samantha Samantha","","යකෝ මේ තක්කඩි මහනයන්ට දූසිත වැඩ කරද්දි මතක් උනේ නැද්ද ඇගේ සිවුර තියනව කියල අර පොඩි කෙල්ලගෙ ඇදුම් ගලවලා හැසිරෙන්න හොදයි මුන්ට"
"Asela Dasanayaka","https://www.facebook.com/asela.dasanayaka.14","එහෙමද...බඩු ගහන්න සිවුර ගලවද්දි මොකද්ද කම්පනය වෙන්නේ? අපි දැක්කනෙ අර එක්කෙනෙක් බඩු දෙකක් ආවාසෙ දාන් ඉන්නවා අඳනකඩෙත් නැතුව.."
"Sudath Ashanka","https://www.facebook.com/sudath.ashanka","සිවුරැ ඇදගෙන කරන බලු වැඩ වලට මේ රට මෙහෙම හරි තියෙන එක ලොකු දෙයක්...😭😭"
"Mumthas Mumthas","https://www.facebook.com/mumthas.mumthas.367285","Nanasara. Kiynna. Patta. Ganu. Hora. Mu. Podi  kalla. Hoyanna. Karee. Hotho"
"Malith Rathnayake","","සිව්ර පල්ලෙ කැම්‍රි බේරිල පාපිස්සට වැටෙද්දි මොකක්ද දන් නෑ කම්පා උනේ😅"
"Lion Sujeewa","https://www.facebook.com/lion.sujeewa","පාටියක්වත් දාමුද 🤣😉😂"
"S.N. Asis","","සිව්‍රර ගලවලා ලමා අපචාර කෙරෙන කොට පොලොව කම්පා උනේ නැත්තේ ඇයි ..හාමුදුරුවනේ ..ගනිකාවන් සිව්‍රර  ගලවනකොටත් නැතුවා.පිටරට ගිහින් සිව්‍රර ගලවලා ආතල් ගන්නකොටත් පොලොව  කම්පා වෙලා නෑනේ හාමුදුරුවනේ ..සිව්‍රර ඇදන් බීමත්ව රිය පදවනකොටත් නැතුවා .සීලේ කෙසේවෙතත් සිව්‍රර  ඇදන්  කුනුහරුප කියනකොටත් නැතුවා . සිව්‍රර ඇදන්  හිරගේ නොගිය එකටයි පොලොව ,ජනතාව ,චීවරධාරීන් කම්පනය ට පත්වෙලා .ලොකු විපතක් වෙලා හාමුදුරුවනේ ..😂😂"
"Anoma Dahabuva Goda Gedara","https://www.facebook.com/anoma.dahabuvagodagedara","සිව්‍ර් දනකොට මහ පොලව කම්පා වෙන්නේ මොකද ඒ කියන දේවල් අනුගමනය නොකරන නිසා"
"Rohan Peiris Photos Wild","https://www.facebook.com/rohan.peiris.581","දහම ප්‍රචාරය - FAIL TV නර්ථනය - Simple PASS  අටමස්තානාදිපති සිවුර ගලවනකොටත් ලොළොව කම්පා උනා, චිවරදාරින බේබද්දො වගේ හැසරෙනකොට, ගෑණු  තියාගෙන නඩත්තු කරන කොටත් එසේමයි. ඕන ආගමකට පොදුයි"
"Sameera Sampath","https://www.facebook.com/sameera.sampath.361411","අනේ රෙද්ද තමා .අර පොඩි ලමයා දූශණය කරන්න සිවුරු ගලවද්දිත් දෙවිවරු කම්පා වෙන්න ඕනෙනෙ එහෙනම් .මුන්ගෙ බය්ලා .මුන් ඔක්කොගෙම සිවුරු ගලවන්න ඕනෙ"
"Wipul Perera","https://www.facebook.com/wipul.perera","ධාතු වැඩම්මවූ අවස්තාවක්"
"Renuka Nilmini Hewage","https://www.facebook.com/renuka.nilmini.hewage.2025","Wipul Perera මෙයා තාම ඉන්නවද...🤭 ඥානසාරට පිරිත් කියන්නත් ආවද  දන්නෑ..😁😁😁"
"Wanniarachchi Sunil","https://www.facebook.com/sunil.wanniarachchi.12","Ane pala gobbaya"
"Ravi Disanayaka","https://www.facebook.com/sandaru.ravihara.9","Ane 😂😂"
"Anura Nandalal","https://www.facebook.com/anura.nandalal.192386","උඹල පන්සල් වල ඉඳගෙන කරන දූෂන හොඳයි සිවුර ගලවන එක නරකයි. බුදු දහම ආරක්ෂා කරගන්න හදන්නෙ සිවුරෙන්ද. ඉස්සෙල්ල තමන් බුදු හාමුදුරුවන්ගෙ ධර්මයේ හැසිරෙන්න ඉගෙන ගනින්. අනික උඹලට මෙච්චරකල් හාමුදුරුවරු 63 ක් සිරගෙවල්වල ඉන්නව එයාලගෙ සිවුර නැතුව අරගෙන එනව පෙනුනෙ නැද්ද."
"Lakmal Samarajeewa","https://www.facebook.com/lakmal.samarajeewa.3","කාලෙන් කාලෙට ආතල් දෙන්න අකලට මහණ වෙච්ච ඝණයෙක් එනව 😂😂"
"Lankadiranga Jayasinghe","https://www.facebook.com/profile.php?id=100003005306494","විහින් සිවුරු ගලවගන්න කොට එහෙම වෙන්නෙ නෑ අපේ හාමුදුරුවනේ 😂🤣🤌"
"Thilini Wasana","https://www.facebook.com/people/Thilini-Wasana/pfbid02hUzcvuNxc67yVaF2L7pQjmJabo1sqZm6jy8WHtLnkFSWigXUfGJDTwgXG7PzbLGKl","ලමයි ගේ රෙදි හාමුදුරුවෝ ගලවද්දි මොනවාද කම්පා උනේ කියලා දන්නවාද"
"Jayasiri Kulasinghe","https://www.facebook.com/jayasiri.kulasinghe","Deviyo aththa dannawa.rawatila owata sahabagiwana ayatath deviyo hondata salakawi."
"Susil Mudalige","https://www.facebook.com/people/Susil-Mudalige/pfbid0V7NiZAGwt5A8BBNcATrUEbGZbQc6vUDYks9UZ5myXqPexn2Mqg4C3mG56KJCr2UBl","අනේ පලයන්   ...කෝ"
"Nawarathna Kapila Prabath Gajanayaka","https://www.facebook.com/people/Nawarathna-Kapila-Prabath-Gajanayaka/100089170866378","Ratata sapayak kalakanni"
"Thilak Kumara","https://www.facebook.com/thilak.kumara.967806","Siwra Dan lamaita kelinakota  kawda ban kampa wenne"
"Chamara Sandaruwan","https://www.facebook.com/chamara.sandaruwan.18294053","තොපි වගේ කාළකණ්ණි  කරන වැඩ නිසා කම්පාවෙලා තියෙන්නේ සිවුරට මුවා වෙල කරන කාළකණ්ණි වැඩ නිසා"
"Dhammika Heenatigala","https://www.facebook.com/dhammika.heenatigala","අමුතු කතා ,වර දෙහි යෙදිලා වරදින කොට කම්පාව මතක්වෙලා ,එලොව යන කොටත් මෙහෙ දි කොරපුව පරිස්සම් දෙන කොට ඔය අද  වටෙ හිටගෙන වරදට අනුබලදී කෑගහපු අය නෑ කියල හිතන්නත් බුද්ධිය තියෙනවද කරන කලට පව් මිහිරිය මිනිසෙ විසින් කලට දුක් දැඩිවෙයි ගිනිසෙ දැන්ම යහමගට එන්න නැතිනම්  කෑගහන ඔබටත් ඔයිට වඩා අන්ත වෙවි"
"Rasanthi Liyanage","https://www.facebook.com/rasanthi.liyanage","එතකොට ආවාස ගෙවල් ඇතුළේ පොඩි දරුවෝ දුෂනය වෙද්දි පොළොව කම්පා උනේ නැතුව ආශිර්වාද කර්න්න ඇති නේද..😡😡😡මෙන්න මේවගේ සනයෝ හින්දා තමයි අද බුද්ධ චීවරේ ගව්‍රරවය නැතිවෙලා තියෙන්නේ.."
"Tiny World Studio","https://www.facebook.com/people/Tiny-World-Studio/61593298184005","Rasanthi Liyanage කෙනෙකුට වෛර කිරීම හෝ ක්‍රෝධයෙන් බැන වැදීම කියන්නේ අනුන්ට ගහන්න රත්වූ ගිනි අඟුරක් අතට ගන්නවා වගේ වැඩක් ඒකෙන් අනුන් පිච්චෙන්න කලින් මුලින්ම පිච්චෙන්නේ තමන්ගෙම අතයි"
"Kushan Harsha","https://www.facebook.com/kushan.harsha.90","සිවුර දාගෙන පොඩි උන් දූශනය කරද්දි බොද්දි මහපොලව කම්පාවෙන්නෙ නැද්ද 👍"
"Asanka Sanjeewa","https://www.facebook.com/people/Asanka-Sanjeewa/pfbid0YPwtz3vmizysef1awp9msLtXNNSic7gy4bmGXaPRphvz4vGtwGMrVykgDrY8mdttl","Topiwaga ballo dakkahama apita duka setanawa dashàpalana KATU kana ballo"
"Mohamed Aswar","https://www.facebook.com/mohamed.aswar.413733","මමනන් මොකුත් කියන්නැ ඇයිදන්නවද මෙ ලගකදි එක්කො ඔන්නැ"
"Rathnabandara Bandara","https://www.facebook.com/rathnabandara.bandara.98","දඩ මස් කද්දි පොඩි කෙල්ලො දූෂනය කරද්දි දෙවියො සාදුකාර දුන්නද"
"Hema Herath","https://www.facebook.com/hema.herath.56","Den mun arakku begana sewuru pukey gahagana daglana කොට  මොකක්ද  kampa වෙන්නේ  mun okkotama  pessu"
"Shantha Ks","https://www.facebook.com/people/Shantha-Ks/pfbid09Gr69HnMM3BuUVMwvQKVeH5q9PmSga2bVJPT8F43wxdHyrNfAa5cKEQWq61vuti4l","Siwura galawala lamayi.dusanaya.kraddi.polawa.palagena.yanne.nadda"
"Kas Kumarpeli","https://www.facebook.com/kas.kumarpeli","සම්පූර්න ඇත්ත පිලිවෙත් පිලිපදිමින් සීලය ආරක්ෂාකරගෙන කල්ගෙවන බික්සුවකගේ චීවරය ඉවත්කලොත් එහෙමවෙනව ඇති හැබැයිතමුන්නාසෙ ඇතුලු ඔයබත්බැලයො පොරවගෙන ඉන්න ඔයසිවුර කෙලෙසලගොඩක්කල් ඕවාකහරෙදි විතරයි"
"Sanjaya Pradeep","https://www.facebook.com/sanjaya.pradeep.520900","ලබන මාස දෙකේ කොහොමත් වහිනවනෙ ඒක මේක පිටින් දාගන්ඩ හදන්නෙ සක්කිලි බල්ල"
"Pradeep Kalahewatta","https://www.facebook.com/pradeep.kalahewatta","බුදුදහමේ දේව සංකල්ප   නැ බං ඉස්සරවෙලා දහම ඉගෙනගෙන වරෙන් මතු බුදු වෙනකම් බලන් ඉන්න ඕනේ නැ අර එකෙක් ඉන්නේ බුදු උනා කියලා ඌට කිව්වා නම් හරි"
"Thilina Rathnayaka","https://www.facebook.com/people/Thilina-Rathnayaka/pfbid029o6aGyJfEShxxg9MM2HpyAQKGbmVquTYmnLJGq1xrS4qrfQkUUgxeMAkfAPHgjPwl","සිව්ර ගලවනකොට යටට අදින්න පුරැදු වෙන්න එතකොට කව්රැත් කම්පා වෙන්නේ නැ    ශාඩු"
"Chaminda Batagoda","https://www.facebook.com/chaminda.batagoda.2025","ඔක  දාගෙන බඩවල් උඩ නගින කොට ,අරක්කු  බොනකොට අධාර්මික වැඩ කරනකොටදෙවියො කම්පාවෙන්නැද්ද🤣🤣"
"Milaa Diamond","https://www.facebook.com/milaa.diamond","Thoge paka kampawai"
"Neville Fernando","https://www.facebook.com/neville.fernando.9809","සිවුර ගලවලා බඩු ගහනකොට ඔහොම හිතේන්නේ නැද්ද ගොනෝ???"
"Harenda Gomis","https://www.facebook.com/people/Harenda-Gomis/pfbid029gKrYQWdg94kQ9hBGTcVXc7gX9SktG2FLnTQE2PX684TwyC33hc7ewMuUJMxW57ml","සිව්‍රක් දාගතානම් බනක් බාවනාවක් කරන් හිටියනම් හරි... සියල්‍ය අනිත්‍යයි... සියලු දේ අත හරින්න අපිට විතරක් කියන්න එපා අපෙ මුදුරරුවනේ"
"Prabhath Rangodagama Liyanaarachchi","https://www.facebook.com/prabhath.rangodagama.liyanaarachchi","හරිනේ,දෙවියො කම්පා වෙලා තමයි මහජන ධනය හොරා කාපු,ජාතීන් අතර වෛරය වපුරපු,බෞද්ධ චීවරයට නිගා දෙන විදියට ස්වාමීන් වහන්සේලාට තිත්ත කුණුහරුපයෙන් බැන චන්ඩි පාටි දැම්ම අය පෝලිමට හිරේයන්නෙ"
"Upul Lenagalayalage","https://www.facebook.com/upul.lenagalayalage","Siwura dagena Ara dusanaya  Kala daruwa  matakada"
"Sugath Bopitiya","https://www.facebook.com/sugath.bopitiya.2025","Mantalayo issella thopi hariyata mahana dam purapalla"
"Sns Laseedu","https://www.facebook.com/sumedha.laseedu","උබලා පොඩි උන් දුෂනය කරන කොට සිවුර කොහෙද තිබ්බේ...... එතකොට උබ්ලා පාරට බැස්සද......තොපි තමයි මෙරට කන්නෙ......"
"Vipula Seneviratne","https://www.facebook.com/vipula.seneviratne","එතකොට සිවුර දාගෙන ගංජා ගහනකොට අයිස් ගහනකොට කොල්ලෝ ගහනකොට  ගෑනු තියාගෙන ඉන්නකොට එතකොට මොකද වෙන්නේ? එතකොට මොනවද කම්පා වෙන්නේ?"
"Suranga Weerasinghe","https://www.facebook.com/suranga.weerasinghe.54","Yako thopi koheda hitiye mahindage kale nanasarage siwra galawala jumpare andala prisons ekata yaddin"
"Mahesh Buddika","https://www.facebook.com/mahesh.buddika.10485546","කලු කැත තට්ට ගෝරිල්ලෝ  උබලා වගේ කාලකන්නි ගනගෙඩියො තමා මේ රටේ භික්ෂුන් වහන්සේලාට තිබෙන වටිනාකම නැතිකරේ"
"Chandana Nakandala","https://www.facebook.com/chandana.nakandala.7","සක්කිලි  ගනයා"
"Senarathna Udagedara","https://www.facebook.com/people/Senarathna-Udagedara/pfbid034csrurH9Z5WfrAc8inSSNpzNTmAtC3Nf4nWZMqqm5i5UDZXv7j4u5jCYnALsY2HEl","හයියෙන් අල්ලගන්න පොලොව පලාගෙන යන්න ඉඩ තියනවා"
"Gamini Hathurusinghe","","මූ පොරක් වෙන්න නටන නැටිල්ලක්."
"Dasuna Dasun","https://www.facebook.com/dasuna.dasun.3","අර පුංචි ගැහැනු ලමයව  දුශනය කරද්දි සිවුර ගලවනකොට ලෝකධාතුව කම්පා වුනේ නැද්ද"
"Laggala S Wedage","https://www.facebook.com/laggalas.wedage","උසාවියෙන් ගලවනකොටද අවුල ගෑණු ගලවනකොට ප්‍රශ්ණයක් නැද්ද"
"Melani Ulapane","","Siwru dagana karana wada walata Kampala nownoth thamai pudumeee"
"Jayantha Peeris","https://www.facebook.com/jayantha.peeris.54","ස්පා  වලදි  සිවුර  ගලෝන  කොටත් එහෙමද  දන්නෙ නැ"
"Asela Kularathna","https://www.facebook.com/asela.kularathna.12","Hora hatta mun tamai agama kawe"
"Renu Pushpa","https://www.facebook.com/renu.pushpa.2025","ඔහෙලා වගේ අය සිවුරු දා ගැනීම නිසාම මහපොළොව කම්පා වෙනවා.අනේ ඔයාලා සිවුරු අයින් කරලා දේශපාලනේට යන්න.මොන කරුමයක්ද මේක.බුදුන් ඔයාලගෙ ජාතියේ නෙවෙයි.මැදුම් පිළිවෙත අනුගමනය කළේ.ඔයාලගෙ ක්‍රියා තමයි අපිට පන්සල් එපා කරවන්නෙ."
"Chandra Siriwardana","https://www.facebook.com/chandra.siriwardana.505","මේ යකා රට, රටවල් වල ගිහිල්ලත් කුඩු ගහනවලු, කට බලන්නකො,"
"Shantha Gamage","https://www.facebook.com/sithru.priyadasun","සිවුර දාගෙන මගඩි වැඩ කරන කොට කවුද කම්පා වෙන්නෙ"
"Chaminda Bandara","https://www.facebook.com/chaminda.bandara.300084","Siura galawala badu ghanakota kampa wan nadda"
"Gamini Edirisuriya","","රෙද්ද තමයි"
"Nimesh Kumara","https://www.facebook.com/people/Nimesh-Kumara/61552713665538","යකෝ එතකොට පාපිස්සේ දාල තිබුන ඒ වා සිඋර දාගෙනද කරලා තියෙන්නේ එතකොට තොපිට කම්පා උනේ නැද්ද 👊👊👊"
"Priyantha Liyanarachchi","https://www.facebook.com/priyantha.liyanarachchi.467627","මුන් වගේ උන් සිවුරු දාගෙන ඉන්නකොට දෙවියෝ බිමට බැහැලා කණට ගහනවා තවත් බලා ඉන්න එකක් නෑ"
"Gayan Anuradha","https://www.facebook.com/people/Gayan-Anuradha/pfbid02CXZUj3ReJCDGL7nEfMwa3UvYFR5kP5ByQG7cMCyG1m6id9K4TSP2x7C5R2b9bhg7l","Srura galola daduwa gahankota dewa sapawadeneda"
"Cleris Peiris","https://www.facebook.com/cleris.peiris","සිවරු දාගෙන පොඩි ගැහැණ දරුවන් දූෂණය කරපු සිවුරු පොරවන්නෝ  නිසා පොලව සෙලවෙන්නේ නැද්ද ඔය කටවල් වලින් ඒව ගැනත් කිව්වනම් වටිනව...අනේ .බොලාගේ කටවල් ඉරන්න ඕන.."
"Nimal Jayasinghe","https://www.facebook.com/profile.php?id=100000587889306","මේ වගේ මෝඩයෝ කියන කතා කවුරුවත් පිලිගන්නේ නෑ"
"Kpd Pathmalal","https://www.facebook.com/kpd.pathmalal.1","අනේ හාමුදුරුවනේ බුදු දහමට හානි කරන්න එපා ."
"Upul Mahendra Wimalaratna","https://www.facebook.com/upul.mahendra.wimalaratna","දිට්වා එනවා කියලා තිබ්බේ ගොඩක් කල් ඉදලා"
"Asoka Athapaththu","https://www.facebook.com/asokaa.atapattu.5","ගැහැණු ලග ගලවන කොට පොලව කමිපා වෙන්නේ නැද්ද .🤣🤣🤣"
"Hasen Hasen","https://www.facebook.com/hasen.hasen.605143","ජනාධිපතිතුමනි අවධානය යොමුකරන්න  මේ කරන්න හදන්නෙ රටේ නැති ප්‍රශ්නයක් ඇති කරන්න සිවුර ඇන්ද කියල නීතිය ක්‍රියාත්මක කරන්න බැරිද"
"Sugath Pradeep","https://www.facebook.com/sugath.pradeep","ඔව් ඉතිං උඹල වගේ උන් බුද්ධ චීවරය දාගත්තහම අනිවාර්යෙන් මහ පොලව කම්පා වෙනව"
"Chandra Pathierana","https://www.facebook.com/people/Chandra-Pathierana/pfbid02dWfpbUeGfz3eoLNZcahKNdQRLAUHoegtFHghjvswCw8bQJXcYXfqvmj7nke7mkyYl","Aaaa.huttigaputho.etakota.ara.pallaegama.kiyanawesaballo.podi kellakgae.redigalonakota.siwragalaeaddi.ammagae.huttada.kampaunae.pakayo"
"Kasun Wickramasingha Warnabharana","https://www.facebook.com/kasun.wickramasinghawarnabharana","ධාතු පාපිස්සෙ  තියෙනකොට ඔය කැක්කුම තිබ්බෙ නෑද..සාදු..😂😂😂😂😂"
"Padmasiri Sooriyaarachchi","https://www.facebook.com/padmasiri.sooriyaarachchi.2025","සිවුර දාගෙන කරන වැඩ තමයි කැත"
"Indika Karunarathna","https://www.facebook.com/indika.karunarathna.302895","එහෙම කම්පා වෙවි මහන වෙච්ච හාමුදුවෙක්ගෙ සිව්‍රරක් ගැලෙව්වනම්.මෙ සිව්‍රර දාගෙන දෙෂපලනය කලෙ"
"Chitrani Manchanayaka","https://www.facebook.com/mac.manchanayaka.5","මීට කලින් සිවුර ගලෝලම නැද්ද.... එතකොට අපිට ආපු news බොරුද.😀😀"
"Tiroshana De Silva","","ඒක වෙන්න පුලුවන් පහුගිය දවස්ව්ස්ල ආවාස ගෙවල් ඇතුලට දායකයෝ පැනලා ඇදුම් නැති ගෑණුයි අදනේ එක්ක හාමුදුරුවොයි අල්ලගෙන vedio  කරල FB දානකොට අපිට හිතුනා"
"Upul Piyashantha","https://www.facebook.com/people/Upul-Piyashantha/pfbid02n582rJndeiXh4rtE5c7EXnZYjEp7VrdE8GHrmgQ5J7rpCxUs7yZBrfQMCWXUDusl","මුන්ගෙ කටින් පිටකරන සෑම වචනයකින්ම නිර්මල බුදු දහමට අපහස වෙනවා"
"Priyan Rathnayaka","https://www.facebook.com/priyan.rathnayaka.357","එතකොට ස්වාමින් වහන්සේ ගෑනු ඉස්සරා සියුරගලවනකොට මොකද වෙන්නේ රහත් වෙනවද"
"Lalith Premachandra","https://www.facebook.com/lalith.premachandra.3","Ethakota hora kankota menimarankota ea dewiwaru kampawennade"
"Jagath Chethiya","","Mu bududahamata karàpu dewal..walata Me weddi  polawa palan yanna ona..   ."
"Chula Perera","https://www.facebook.com/chula.perera.754","සිවුරු ගලවලා බීලා පිස්සු කෙලිනකොටත් පොළොව කම්පා වුණාද ?"
"Marasinghe Elactronics","https://www.facebook.com/marasinghe.elactronics.9","Ammo owe විනාශයක්"
"Amila Gamage","","ආන් ඔස්ට්‍රේලියාවෙත් කම්පා වෙලා"
"Susantha Wickramarachchi","https://www.facebook.com/susantha.wickramarachchi.9","හාමුදුරුවනේ අර ජපානයේදී ඔය හාමුදුරුවොම සිවුර ගලවලා දාලා ටීෂර්ට්, කමිස, කලිසම් ඇඳගෙන ෆොටෝ තිබුණේ එතකොට මොකක්ද වුනු කම්පනය."
"Ruvinda Samaranayake","https://www.facebook.com/profile.php?id=100009317770585","සිවුර දාගෙන ස්ත්‍රී දුෂණ කරද්දී ෆකද කම්පා වෙන්නේ එතකොට???? 🤞🤞🤞🤞"
"Rajakaruna Prasad Karunaratne","https://www.facebook.com/rajakaruna.prasadkarunaratne","මුන්ගේ තියෙන්නේ දේව සංකල්ප නම් බුදුදහම ගැන මේ අය කියන කතා බොරුනේද"
"Ramesh Mex","https://www.facebook.com/ramesh.mex.889128","Kalu ketha heli wadura🤣🤣😄😄😄"
"Franciskuge Reshan","https://www.facebook.com/profile.php?id=100002942940059","තොපි ඔක්කොම ඕක ගලවලා ගෙදර පලයල්ලා කාලකන්නි.."
"Kalana Gayanga","https://www.facebook.com/kalana.gayanga","සිවුරු ඇදගෙන ආතල් ගන්නකොට දෙවියන්ට සුළු දිය පහ වෙනවද"
"Dhammika Prasanna","https://www.facebook.com/dhammika.prasanna.3781","දැන් නම් හොදටම ට්‍රැක් පැනලා වගේ බං"
"Malindu Dilshan","https://www.facebook.com/malindu.dilshan.906","මොකො භූ තැටි තියල තියෙන්නෙ සිවුරෙද"
"Yomesh Krishantha","https://www.facebook.com/yomesh.krishantha","ඔයාලා ඕක දාගෙන කරන වැඩ වලට තමයි කම්පා වෙන්නේ.. 😂😂"
"Amila Heshan Jayawardana","https://www.facebook.com/amila.h.jayawardana","කාලකන්නියෙක්..😡"
"Ruparathna Disanayaka","https://www.facebook.com/ruparathna.disanayaka","දෙවිදත්තරලා ඔහොම තමයි  හරියට හිටියනමිි සිවුරු තවම තියෙනවා..."
"Rohana Wickramasingha","https://www.facebook.com/rohana.wickramasingha.2025","GANU ISSARAHA GALAWADDI POLAWA KAMPAWENNE NADDA SADU"
"Rohana Peiris","","paka tamai ponnayo"
"Wijerathne Wijerathne","https://www.facebook.com/wijerathne.wijerathne.607102","එතකොට අනුරාධපුර ළමයා දූෂණය කරන කොට පොලොව කම්පා වෙන්නේ නැද්ද"
"Janaka Kulasekara","https://www.facebook.com/janaka.kulasekara.750","නියම භික්ෂුව දෙවියන් පස්සේ යන්නේ නැහැ.. ඕක තමයි දැන් තත්වය.. ගිහියන්ටත් අන්ත තත්වයට පත්වෙලා දැන් එක බලෙන් ගන්න හදනවා 🙏🙏"
"Lahiru Sandaruwan","https://www.facebook.com/lahiru.sandaruwan.7106","එතකොට අර පොඩි කෙල්ලගෙ ගවුම උස්සනකොට උබලට හිතුනෙ නැද්ද මෙ කරෙ සාසනෙ පිරිහෙන වැඩක් කියලා  සක්කිලියෙක්ගෙන් බුද්ද චිවරෙ ගැලෙවුවා කියලා  එක සාසනෙට කිසිම හානියක් නැ එක තමයි වෙන්ට ඔනි උබලා ඔය කිය්න කතාවලින්ම තෙරෙනවනෙ බ්න් තනිකරම මිනිස්සු කුලප්පු කරන වැඩක් කිය්ලා මෙක ඉලගට ජාතිවදය අවුස්සන්නෙ කියලා පටන්ගයි උබලා ඔක්කොම රජපක්ශලාගෙ ටිකක් හරි ලාබයක් ග්ගත්තු එවුන් තමයි එකයි මෙ බය"
"Sou Nisansala","https://www.facebook.com/people/Sou-Nisansala/pfbid0BEyHjqqjeuAVobfUtXs9DFz4Fwds14Bqv5o11zDupmpnXsWoiGbDJvSHTkYeVUhkl","😅😅😅😅😅hora kaddi kampa nadda😂😂😂"
"Manjula Perara","https://www.facebook.com/manjula.perara.77","පුක දීපන් ගිහින්"
"Krishantha Perera","https://www.facebook.com/people/Krishantha-Perera/100087875737258","Ethakota ganu kamareta aran siura galawala dathu paha karanakota loke kampa wenne Nedda hamuduruwane."
"Linta Bady","https://www.facebook.com/linta.bady","සිවුර දා ගෙන කරන වැඩ දැක්කම මොනවද දන් නෑ කම්පා වෙන්නෙ."
"Wajira Weerasinghe","https://www.facebook.com/wajira.weerasinghe.1","මුන් තමයි ශාසනය නැති කරන්නෙ"
"Dilshan Direkshi","https://www.facebook.com/dilshan.direkshi","අයියෝ සල්ලි මේව හානකොට දැන් ගොඩක් වස්සත් කියයි ඒ හින්ද කියල නේ 😁😁"
"Lahiru Madhusanka Samarakoon","https://www.facebook.com/lahiru.madhusanka.5","එයාගේ පවුලත් කම්පා වෙලා"
"Premathilaka Premathilaka","https://www.facebook.com/people/Premathilaka-Premathilaka/pfbid0FRdrLArxVScH5Ku9RKfgcWcKttehh7fvAHXQW1hsd47ifGMLQJJyzQkynHbFL3pNl","සිවුරු ඇදන් ජඩ වැඩ කරනකොට මහ පොලොව ගල් වෙනවද. සාදු."
"Rasika Prabath","https://www.facebook.com/rasika.prabath.361251","බුදුන් කවද්ද යකෝ පලිගත්තේ.. සාප කලේ සිඋරට agawurayak"
"Premarathna Bandaranayaka","https://www.facebook.com/premarathna.bandaranayaka.3","ඒකතමා අපිටත් හෙල්ලෙනව දැනුනෙ.බඩගස්තරවාදි චිවරදාරින් වැඩිපුර ඉන්නේ.උන් කරනදේ වලටයි පොළොව කමිපාවන්නෙ.පල්ලේගම වගේ කරන දේවල් කොචිචර එලිනොවි තියනවද.කතාකරද්දි මුන් ංඔක්කොම සුදනො.විස්තර හොයල බලන්න ඔින පංසල් ඇතුළත  වෙනදේවල්."
"Brittany Klocko","https://www.facebook.com/people/Brittany-Klocko/pfbid0sYcYfwwdQLkTW8mFLoioqbPNpTDjLicbjKsH8uED5F7Cbzi43v4BSm2RZs82WMyzl","Pala kafiyo yanna mona pakekda meka"
"Chami Chandrasekara","https://www.facebook.com/chami.chandrasekara.9","මෙන්න මේ පිස්සව වාඩි කරවන්න"
"Asela Samarakoon","","මීට අවරුදු 2500කට උඩදි බුදුන් වහන්සේ දේශනා කරලා තියෙනවා මේ සාසනය බුදු දහම මෙ ලොකයේන් නැති වෙන්නේ තවද හරි සංගයා විසින්මය කියලා දැන් මේ ඒක තමයි වෙන්නේ"
"Priyadarshana Hrc","https://www.facebook.com/people/Priyadarshana-Hrc/pfbid02kLmv2Z4qsPEjMSWcG2mfPjLjJhkc4Fwi56kuX7KJxRPkcPxaP96qX6btx1DxH4ebl","Umbalata siwra galawala  ""badu"" gahanakota chakralekana;ne. Oala huththo"
"Sanjeewa Sanjeewa","https://www.facebook.com/people/Sanjeewa-Sanjeewa/pfbid02YJA8E62Z6CawwkKoyWSzoqZHhCrnaJyS8k5bTsSptzBWNT6iz2d6EgZrmm8mgkTtl","පොඩි ළමා දුසනය කරනකොට හොදි දැන් තමඊ දර්මය මතක් වන්න"
"Lasantha Udaya Kumara","https://www.facebook.com/people/Lasantha-Udaya-Kumara/pfbid02pfCBN32xnBD5ved6LzJ1yen6sTxb2Zuupn9519bixG1H2X7eR4EYQYRi7hSDSjs9l","කම්පා වෙන්නේ නැද්ද බීලා වාහන පදිනකොට අපි සිල් රකිනවා තොපිට වැඩිය 🖕🖕🖕🤮"
"Nayanapriya Senadhiraja","https://www.facebook.com/people/Nayanapriya-Senadhiraja/pfbid023nVsoHq9iVt5mCjJvgwnfRiPijVmzwJ5evMqV4n1EXSGPDguYgXYVu8q277DqXrol","Aneda kiyanney orka daagena haminenakota arrakku bonakota bada uda niginakota kammpaa wenna aethi neada 🐃thuppulannethuwa hitahalla"
"Ameesha Fernando","https://www.facebook.com/people/Ameesha-Fernando/pfbid0hjC6jEkitF1R3hTBSzbWhQFhdh1Dascap68KGWd3EKtMFCMj5xr8xvL3dX54x6psl","සිවුර ඇඳගෙන බඩු ගහද්දි කොහොමද දන්නෙ නෑ නේද කම්පා වෙන්න ඔය අලුතෙන් මහන වෙලා ඉන්න සාමනේරුන් වහන්සේලාට අසපුවලදී පන්සල්වලදී සිවුර දාගෙන ගල් කපද්දී කොහොමද දන්නෑ කම්පා වෙන්නේ?"
"Nawarathna Dasanayaka","https://www.facebook.com/people/Nawarathna-Dasanayaka/pfbid0X5VwawyS2RagPpUdGAfvUJMEpfHEQJugN46pdjdhKje5jgK7ZCaJJcBSnZ34fETGl","සිවුර= රු.1500යි"
"Inoka Sudadshni","https://www.facebook.com/inoka.sudadshni.5","Ubala wage ewunge chiwaraya galawaddi ehema wenne Naha bola mokada thopi silwath bikshunda? Thanikarama dusilawath gana ralak harak wage pinata pin bath gilala gilala rata wanasanwa kalaknni ganayo. Kosu idala walin gahala sasane pannana ona kalaknni thopi"
"Pradeep Dushyantha","https://www.facebook.com/dushyantha.basnayaka","Meka wage gonek"
"Rathnayaka Kumara","https://www.facebook.com/rathnayaka.kumara.35728","Ana ma p.k kata kiyn netiwa hitapiya topi karana weda hudai yako හාමුදුරුවන්ට  tiyana dawal karnna ona .mun mokada karnna .rata hema dayakma vinasa karanawa .ballo tpi nisai mhema wnna"
"Sisira Meedeniya","https://www.facebook.com/sisira.meedeniya.9","මුංට දෙයියෝ සීහිවෙලා දේව කුලප්පුව හැදිලා ඉන්නේ. පුදුම පුම්කේ අමාරුවක් තියෙන්නේ. තනකොල කන බයි හොර ගනයෝ.  ජනතාවටත් තනකොල කන්න කියනවා."
"Lal Ranjith","https://www.facebook.com/people/Lal-Ranjith/pfbid0tXQKjLQS9tgW2nT2RD14pGak2icNDztRhVRXoeXbkTeYYoLJrytrSimbhsU112P6l","ඔයා පාටි දාල ඩාන්ස් කරනකොට මුලු සාසනේම කමිපා වුනා දැන් වැදි බණ කියනව"
"Indika Samanpiya Samanpiya","https://www.facebook.com/people/Indika-Samanpiya-Samanpiya/pfbid0aBogbZ3LmDrm3QazKFLH4U5w7twwixNG7QqvqYLa9NiPFJj2HMxspT5LLzWAWigyl","පොඩි ළමයි දූෂණය කරනකොට උඹලා කොහෙද හිටියේ? එතකොට කම්පා කම්පා වුණේ නැද්ද මේ මහපොළොවත්"
"Pradeep Hettige","https://www.facebook.com/people/Pradeep-Hettige/pfbid0j18LtSi9PePSFmYgsu58Sm7op86MswJqyYH9DmvYYJU1G9RpByidkJ4SUBFPgs3Zl","ආ ඇත්තද ගෑනු ඉස්සරහ සිවුර ගලවද්දි කවුද කම්පා වෙන්නේ බාන්"
"Hemantha Dissanayaka","https://www.facebook.com/hemantha.dissanayaka.2025","මැදමුලනම් කම්පාවෙලා"
"Waruna Priyanjith","https://www.facebook.com/waruna.priyanjith.2025","පන්සලේදී හොරගෑනු සිව්‍රර ගැලෙව්වම?"
"Rajith Prasanna","https://www.facebook.com/rajith.prasanna.52","Salli walata puka dena mun hinda....wanawasi..Budda bikshuwanta buddagamata agauwara noweva"
"Viraj Sankalpa","https://www.facebook.com/viraj.sankalpa","Haraka nikan hari meke thiyena comm tika dakkanam eka thama kampa wenne"
"Chatura Indika","https://www.facebook.com/chatura.indika.3","Hora huththek"
"Shanthi Wickramanayake","","සිව්ර ගලවන්න ,ගැලවෙන්න යන හේතු දැක්කම අපි බහුතරයක් කම්පා වෙනවා"
"Dananjaya Gunathilaka","https://www.facebook.com/dananjaya.gunathilaka.946","සිවුරු ඇදන් බඩු ගහද්දි , සිවුරු ඇදන් හොරකම් කරද්දි කලබල වෙන්නෙ නැද්ද දන්නෑ. 🤣"
"Paththinige Christy","https://www.facebook.com/suneth.chanaka.338","ඇයි ගෑනු ගාවගලවද්දි ඒවා කම්පා වෙන්නේ නැද්දමාධ්‍යයට ඇවිල්ලා බූරු කතා කියන්න එපා පේනවා මූනෙන්ම බූරුවෙක් කියලා"
"Senaka Galappaththi","https://www.facebook.com/people/Senaka-Galappaththi/pfbid036U1g1S2xSZk8Npvm7VRiWqooLgFt2Nh8CAqGFhZwRvLUcfHQfxKqkjQoedKqJbwSl","එල් නිනෝ තත්ත්වයක් ස්වභාවික විපත් ගැන කලින්ම කියල තිබුණ නිසා  හොඳයි නැත්නම් එල්ලිනෝ ආවේ සිවුර ගලවපු නිසා කියල කියයි"
"Deshapriya Chandrasiri","https://www.facebook.com/deshapriya.chandrasiri","අම්මෝ මූ කියන බොරු"
"Ananda Graphics","https://www.facebook.com/people/Ananda-Graphics/pfbid02shEtSjffK3C117FisoRWW2bPAMiM1CsiN9HuJLhra43bJrhrvAezFvbpt9dfVFTrl","ජනපතිතුමනි කිසිම හේතුවක් මත සමාව නම් දෙන්න එපා"
"Mahesh Senanayake","https://www.facebook.com/mahesh.senanayake.18","Siwra gelewwama paiyane yako Issarahata enne elnino nethuwa umba kiyana oya paiya nemei"
"Nilmini Samarakoon","https://www.facebook.com/nilmini.samarakoon.2025","ඇත්තටම ඔහෙලා කව්රු කියලද හිතාගෙන ද ඔය පච හලන්නෙ...අහස් පොලොව කම්පා වෙනවනම්........උඹලා පුංචි දරුවන් බිල්ලට ගන්න කොට එවෙලෙහි ම හෙන වැදිලා පිච්චිලා යන්න ඕනෙ...ඔහෙලා මේ ලෝකෙ තියෙන හැම අපරාධයක්ම කරනවා....හරි දෙයක් සිදුවෙන තැන් විනාශ කරනවා...පවින් පිරුණ කිසිම තැනකට වචනයක් කතා කරන්නෙ නෑ.... ඔහෙලාගේ ඔය පච අහන්න මිනිසුන් බනට ගෙවන්න ඕන...ඒ උනාට ඔක්කොම මිනිසුන් ගෙන් නිකම්ම හූරා ගන්න ඒවා.... කිසිම වටිනාකමක් නොමැති ඔහෙලා .....  ලෝකෙම මවලා ඒකෙ පාලනයත් උඹලා කරනව වගේ නෙ කතාව... ඔය රෙද්ද අස්සට වෙලා කරන දේවල්......"
"Sunil Ariyawanshe","https://www.facebook.com/sunil.ariyawanshe","Siwura pansale thiyala kit gahagena night  club gane  ganu ekka nidi wadinakotada mokakda kampa wenne?...."
"Sarath Amarasinhe","https://www.facebook.com/people/Sarath-Amarasinhe/pfbid0o7RYAfYP6Ryq5tJ9TcMKrmQPhHjEscsnnafqJrRcKQ6Knq67iBYmhVXBiLTvUN7Al","Ane  ammata  hu         kan           ne           nathiwa      hitu  thithaya"
"Pathum Saumyakumara","https://www.facebook.com/pathum.saumyakumara.7","එහෙම වෙනවා ඒක ඇත්ත හැබයි සිල්වත්  බික්සුන්ට ඔයාලට එහෙම වෙන්නැහැ"
"Wajira Wajira","https://www.facebook.com/wajira.srinath.35","මුන්ට වෙනම නීති හදන්න වෙයි අපරාදකාරයෝ වෙනුවෙන්  පෙනී ඉන්නවට"
"PL Mdura","https://www.facebook.com/pl.madura","🤣🤣🤣  පොඩ්ඩක්  ඉන්න  තිත්තගල්ලෙ  පොඩි  ලමයා  දූශනය  කරපු  අනුරාධපුරයෙ  හේමරතන  coming soon    වරෙං  එදාටත්  පාරට"
"Sugath Dissanayaka","https://www.facebook.com/sugath.dissanayaka.3348","උඹලා මේ නටන නාඩගම් වලටනම් අහස පොලොව කම්පා වෙනවා."
"Thambikkandu Vadurdeen","https://www.facebook.com/thambikkandu.vadurdeen","සිවුර පිටින් වැරැදි කරද්දී මහපොළොව කම්පාවෙන් නැද්ද?"
"Sanjaya Roy","https://www.facebook.com/sanjaya.roy.129","Yako kampa wenne siwra adagena ubala karana aparada wena mokawath neme"
"Janaka Prasad","https://www.facebook.com/janaka.prasad.922373515","Ane pala pakayo yanna siura galawala wade karaddin kampa wen nadda ballo  thopi nikan jokarla wenna epa.  thopi sasane kanawa  waradi karapu unta daduwam labei  arakita manchu damme nathi eka waradin ekath api balamu"
"Gayan Maduhan","https://www.facebook.com/people/Gayan-Maduhan/61585719662850","ඒක තමයි අටමස්ථාන සිවුර ගලවපු පාර පොලොව කම්පා වෙලා ගං වතුර ආවේ  ඇත්ත වෙන්න පුළුවන් ඒක හැබැයි 😁"
"Kavindu Nimantha","https://www.facebook.com/kavindu.nimantha.2025","Mahana weyan thattayo😂"
"Sanjeewa Wanniarachchige","","එතකොට ළමයි දුෂණය කරනකොට සිවුර ගලෝලා"
"Wije Sanath","https://www.facebook.com/wije.sanath","යකො තොපි කරන වැඩවලට කම්පාඋනොත් ලන්කාවක් නැ එහෙනම්"
"Sirantha Munasinhe","","පලපල"
"Manjula Ubayasingha","https://www.facebook.com/manjula.ubayasingha.2025","Ane pa."
"Ruwan Rajapaksha","https://www.facebook.com/ruwan.rajapaksha.korean","එතකොට සිවුර දරාගෙන කරන  කුපාඩි වැඩවලට කවුද කම්පා වෙන්නේ. 😂හොඳ සිල්වත් හාමුදුරු නමක් හොයනවා කියලා කියන්නේ  කිසිවක් නොමල ගෙදරකින් අබ ඇටයක් ගේන්න කිව්ව වගේ කාරණාවක්. ගිහියන්ට සියලු දේ අත්හරින්න බන කියලා, හාමුදුරුවරුන්  සැප හොයාගෙන යන තැනට මේක පරිවර්තනය වෙලා  තියෙන්නේ දැන්. දුප්පත් මිනිස්සු  එයාලට දානය දෙනවා, එයාලා සැප වාහන, ac කාමර වල ඉඳගෙන ගිහියන්ට අත්හරින හැටි උගන්වනවා. 😂😂 මමත් බෞද්ධයෙක් ඒත්, මේ යන රටාව නම් අන්තිම චොරයි.😪😪😪😪"
"Prasanna Liyanage","https://www.facebook.com/people/Prasanna-Liyanage/pfbid0HQ66woTsG9wrpxbg3Mp79tsXeEsaN9oZHMVZVYZGAxhPgJBXe2DiNmT3DGiEzXFrl","Siura dagena karana kupadi wada hodaida gana gediyo budun kalayeth dusseelayan hitiya.kosol rajathumage sihina hariyata hari"
"Anil Ariyarathna","https://www.facebook.com/anil.ariyarathna.39","ඒ බං සිල්වත් භික්ෂුන් වහන්සේලාට එහෙම කලොත්, උබලගේ සිවුරු ගලවන කොට ඒකේ අනික් පැත්ත, ස්තුතියි."
"Ranil Sugathapala","","හරි බන් එල"
"Madushan Madushan","https://www.facebook.com/madushan.madushan.9406417","Dewalawalt ynnam epa loweth hena gahno"
"Anton Perera","",".rohal..wartha..aran..balapalla...masayata..keyak...siwuru..galawala..karana..wada..wartha..wenawada..kiyala"
"Pushpa Kumara","https://www.facebook.com/pushpa.kumara.1650332","Siura dagena karana magodi wada ethakota"
"Prasad Indunil","https://www.facebook.com/prasad.indunil.9256","Aneee thattaya"
"Sisil De Silva","https://www.facebook.com/sisil.desilva.7","පාරාජිකා සමග නාන සාර 🤣"
"Pradeep Madhushanka","https://www.facebook.com/pradeep.madhushanka.445573","Ubalawage paw karayo tamai  siurata apahasa karnne"
"Padma Kumara","https://www.facebook.com/people/Padma-Kumara/pfbid0JdcyFKB9W3YVzM1mWfU66LUqzy2oegVL69HtEcSCdG9v7ABQAituc7JUW3e1pSiPl","Eaheama wenne silwath gunawath swameenwahansela upeawadi wenakota .thopi wage rajapaksha gou kana shiranthige jangihodana ballonta siura perawaddith ,galawaddith dewiwarau saapa deanawa"
"Nishadi Wijayarathna","","ඒක තමා සැරටම වහින්න පටන් ගත්තේ 🤣"
"Janitha De Silva","https://www.facebook.com/janitha.desilva.35","දැං ඉතිං මේ comments ටික කියවල තනි ඇටෙං ගෙදර පලයං"
"Rajee Singh","https://www.facebook.com/profile.php?id=100001926358195","Janitha De Silva මුං මචෝ අනුරාධපුරයේ ලෙක්කා ලමයගේ ගවුම ගලවද්දී මීක් නෑ නේහ් ?"
"Sando Ediris","","කම්පා වෙච්ච එක දෙවියෙක්ගේ නමක් කියපන් 🤣🤣🤣🤣🤣"
"P.K. Tilers","https://www.facebook.com/p.k.tilers","සිවුරෙ ඉඳන් බඩු ගහන කොට කම්පා වෙන්නෙ නැද්ද,"
"Disna Shenu","https://www.facebook.com/disna.shenu.2025","හේමරතන සිවුර ගලවලා අර පොඩි ළමයා දූෂණය කරද්දි ඇයි භූම්කම්පාවක් නාවේ කියලා කල්පනාකරන මම 😂😂😂😂😂"
"Lakshman Kadanaarachich","https://www.facebook.com/people/Lakshman-Kadanaarachich/pfbid03LWNj3TrMagwDPTSGPbL5ktikoDGpyQn5kJJzJWfY8KXCcXNSaxi367b1iMgB2zHl","මේ කමෙන්ට්ස් දිහා බලනකොට ඇත්තම තව තව මේ හාමුදුරුවෝ කෑගහන්න කෑ ගහන බුද්ධාගම පහතට වැටෙන්නේ වැටෙන්නේ? ඕන තරම් ඔය සිවුර දාගෙන කරන දේවල් සමාජගත වෙලා තියෙනවා. එතකොට ඔය කියන කාරණාවල් ගැන ඇත්තට විහිළුවක්"
"Mohamed Rismi","https://www.facebook.com/mohamed.rismi","අනේ අපේ හාමුදුරුවනේ අපේ සහෝදරයා බයවෙයි"
"Kosala Edirisingha","https://www.facebook.com/people/Kosala-Edirisingha/pfbid0CivJ1LpNHDWkat5RmVGhuMiYGmcrsXqga3ZbSRpFfh8TXL8BpfoCtidTD7f8drxdl","Oba වහන්සේ කිව්ව රටක් වටිනා bana ටිකක් තියනවා හාමුදුරුවෝ gena කියන china rata hadanakota mawosethun කරපු heti e bana ටික නැවත අහන්න මොකද oba  වහන්සේ කියපු tikane"
"Vipul Colomba","https://www.facebook.com/vipul.colomba","සිවුර බෙරලා දෙන්න  දෙවියන්ට කන්නලව් කරන මුන් මිත්‍යාදෘෂ්ටික නෙවෙයිද ලැජ්ජයි"
"Sumanasiri Thilakarathne","https://www.facebook.com/sumanasiris.thilakarathna","Iedjanethuwa owa kiyana puluwanida siura dagana kunuharupa kiyana buddha deshanawe thiyanawada lamai dueshanaya karana puluwanda etha mokakda"
"Saman Priyantha","https://www.facebook.com/saman.priyantha.183763","පොඩි ලමය් දූශනය කරන්න සිවුර ගලවද්දි මොනවත් වෙන්නේ නැද්ද"
"Wasantha Herath","https://www.facebook.com/wasantha.herath.5661","Kisimadeyak wenne naa .rata yahapath wenawa."
"Weerasooriya TD","https://www.facebook.com/weerasooriya.td","Pallagsma. Klla Laga. Danghddi Suratibunada"
"Kumara Lesli","https://www.facebook.com/kumara.lesli.2025","සිව්ර ඇදගෙන නොහොබිනා වැඩකරන කොට තමයි පොළව කමිපාවෙන්න ඔන එත් සිල්වත් භික්ෂූන්ගෙ නිකමි මේඅරක්කු බීල ගෑනුත් එක්ක බුදියන දහ ජරා වැඩකරන උතුම් ශාසනය විනාශකරන කහකඩයොන්ට පොලව කම්පා වෙන්නැහැ උන් අපාගත වෙනව අර පල්ලෙගම සිවිර ගලව. දරුවෙක් දූශනය කරල අපූරුවට ඉන්නෙ උන් කෙලින්ම අපා ගත වෙනව"
"Dumindu Senanayake","https://www.facebook.com/dumindu.senanayake.18","Mahana wenna sadu"
"Neela Chandani","https://www.facebook.com/neela.chandani.900","කරලාතියෙන අපරාධ වලට කම්පා වෙන්නෙනැහැ ඔය නඩේම පොලව පලාගෙන අවීචි මහා නරකාදියට ඇදගෙන යනවා."
"Lilantha Malavitarala","https://www.facebook.com/lilantha.malavitarala.2025","මිත්‍යාව වපුරනවා  වටිනා දර්ශනය වෙනුවට"
"Amila Suranga","https://www.facebook.com/amila.suranga.753942","හාමුදුරුවනේ වැලපෙන එක නවත්තන්නකෝ බලන් ඉන්න අමාරුයි.අටමස්ථානාධිපති හාමුදුරුවෝ සිවුර ගැලෙව්වෙම නැද්ද?"
"Jayantha Prasad","https://www.facebook.com/jayantha.prasad.58","සිවුරු ඇඳගන ආතල් ගන්නකොට බීලා නටනකොට ඒවා කම්පා වුනේ නැද්ද"
"Saman Prematunga","https://www.facebook.com/saman.prematunga","මේ පල්ලෙගම සිවුර ගලෝනකොට  මෙයාල කම්පා උනේ නැ නේද"
"Shelton Induruwage","https://www.facebook.com/shelton.induruwage","බලු කෙඳිරිය"
"Chamara Ruwan","https://www.facebook.com/chamararuwan.kumara.71","උබලා රැට රැට සිවුරු ගලවනකොට මහපොලව කම්පා උනානම් මහපොලවක් නැති වෙන්න ඔනි මෙ වෙනකොට."
"Lahiru Aroshana","https://www.facebook.com/lahiru.aroshana.96","උඹලට වනජර වැඩ කරන්න හොඳයි හොඳයි. එතකොට පොළොව කම්පා වෙන්නේනෑ..."
"Suranga Dissanayaka","https://www.facebook.com/suranga.dissanayaka.9889","සිවුර දාගන කරන වැඩවලට පිට සක්වලත් කම්පාවෙනවා"
"Anandha Abeywickrama","https://www.facebook.com/people/Anandha-Abeywickrama/pfbid02MhXJNEjrPDkQFGGX2fhRCTdHTWMeFcHuPViaQYyrJ3K6pTQGrBYRcMrUwdGMBPyCl","උඹ ටිකක් පරෙස්සමෙන් හිටහන් ."
"Niranjala Madhawala","https://www.facebook.com/people/Niranjala-Madhawala/pfbid02Rz5w4kA1C8d3t9ptYCpjeizQXUpU9CZYEn59MjNdjWHDHPRZTr99ZXVZ3eX31omVl","Siura galawala ganu ekka iddi paw nadda"
"Sarath Kumara","https://www.facebook.com/people/Sarath-Kumara/pfbid0bzRqKi5S9Auq6saGuazMSUBgS4U8rQnHy4ydqBgUwZLkMynYGqrT88Av5nNs5MMxl","ඕක රෙන්ඩවත් ගලවන් නැද්ද අවසර......"
"Sampath Witharana","https://www.facebook.com/sampath.witharana","තිත්ත කඩයි යට වෙච්ච දේ"
"Dilup Kumara","https://www.facebook.com/people/Dilup-Kumara/pfbid0XoewMBJSNtNTWqYjpeBEsekrgFUnbP1JXkYr5XnMARXgbwDNut658rmthb43bd3bl","සිව්රු දාන් නීතියට පිටින් වැඩ කරද්දී  මොනාද දන්නේ නෑ වෙන්නේ"
"Nirosh Sampath","https://www.facebook.com/nirosh.sampath.731","Anna Australia ekk hire Dala ehe gihin balapan siwra galawande kiyala.anika ban nidan kadala hire giya ekk nede uba"
"Iroshana Goshan","","එල්නීනෝ වලින් වහින්න තියෙන නිසා මේ පXයා බය නැතුව මෙහෙම කියනවා. හැබැයි නාය යනකොට ගංවතුර ගලනකොට මාලිමාකාරයොන්ගේ ගෙවල් වලට විතරක් බලපාන විදියට කරන්න කියලා මතක ඇතුව බොලාගේ ඔය දෙවියන්ට කියලා තියපන්.  අනුර නිසා පොහොට්ටු උන්ගේ ගෙවල් නාය යවනඑක පොළව නුහුලන අපරාධක්."
"ජීපීඩී පතිරණ","https://www.facebook.com/oy0jd28mjo","දෙවිදත්තර නිකාය කරන්නෙම දුෂ්ඨ වැඩමයි"
"Sagith Sd","https://www.facebook.com/sagith.sd","ඔන්න බලපන්කෝ කම්පා වෙන හැටි"
"Migara Pathirana","https://www.facebook.com/migara.pathirana","සිවුරට මුවා වෙලා බලුවැඩ කරන කොට කම්පා වෙන්නේ නැද්ද... සිවුරු ඇන්දනම් රැකපල්ලා සීලේ"
"Thanura Lasantha","https://www.facebook.com/thanura.lasantha","මුට නම් ඇත්තටම පිස්සු 🤣🤣"
"Kamil Madushanka","https://www.facebook.com/people/Kamil-Madushanka/pfbid02AciJca1VqmJRKee7aDYoDRiahwN6yckdkDbVCoXnMTbyD72dHsVPPHJUtyJBfqKrl","අර අටමස්ථානය අනිත් ගනයා උ අර පොඩි කෙල්ලෙක් දූෂණය කරපු වෙලවේ තොපි කතා කරාද 😡😡"
"Lahiru Priyashan","https://www.facebook.com/profile.php?id=100003526274728","Horek thakkadiyek, loka pawkarayek unath kampa wenawada"
"Rajs Kumara","https://www.facebook.com/rajs.kumara.2025","14+  නම් හාආආ!!!!"
"Dusha Dusha","https://www.facebook.com/people/Dusha-Dusha/100033531827585","Rajs Kumara අටෙයා"
"Rohan Thaminda","https://www.facebook.com/rohan.thaminda","අර උපන්දිනේ දවසේ ඔබ වහන්සේ දාපු ඩාන්ස් එකට දෙයියො සතුටු වෙලා ඇති නේද"
"S Amara Raj","https://www.facebook.com/sellaiah.amararaj","මොකුත් කියන්න බෑ, බයි මානසික ඩොබියෝ කුලප්පු වෙනවා 😁"
"Bertram Narsias Cooray","https://www.facebook.com/bertram.narsias","මූ මේ කියන්නෙ,එල්නිනෝ ගැනවත්ද මන්ද"
"Priyantha Chandimal","https://www.facebook.com/priyantha.chandimal.54","Sadukara deela siwura adagaththata wedak ne eka athule inne murgayeknam badu gaha gaha ganja kudu kasippu gahanawanam u sangaya wahanse kenek wwnne ne awalan kupadiyek"
"Dhananjaya Garusinghe","https://www.facebook.com/dhananjaya.garusinghe","උබල හාමුදුරුද බං ..එහෙම වෙනව උතුම් සිල්වත් බුද්දපුත්‍රයන් වහන්සේලානම් එහෙම සිල්වත් බුදු පුතුන් හට පාද නමස් කාර කරමි....වාසිය වෙනුවෙන් සිවුරු දරන උබල වගේ එවුන්නම් මේ රටට එපාමයි"
"Naveen Kathriarachchi","https://www.facebook.com/naveen.kathriarachchi","අනේ හුකේ 😂😂"
"Kumara Aruna","https://www.facebook.com/kumara.aruna.794","Ane thopi mi harak rate nithiya Koy ballanta ekai"
"Nipun Lakshan","https://www.facebook.com/nipun.lakshan.3","ගෑනු ඇවිත් රෙදි ගැලෙව්වට අව්ලක් නැද්ද ? දන්නෙ නැති හින්ද අහන්නෙ..🥲"
"Rathnayaka Rathnayaka","https://www.facebook.com/rathnayaka.rathnayaka.285985","උබ නම්  නාන්නවත් සිවුර ගලවන්න ඵපා ඕකදැක්කොත් මහපොලව කම්පාවෙලා මලමගුලක් වෙයි"
"Rukshan Madusanka","","පි හු"
"Sunethra Angel","https://www.facebook.com/sunethraaangel","මුන් කටින් ද කතා කරන්නේ අප්පා. පොඩි ලමයි ගේ ඇදුම් ගලවද්දි දෙවියන් කමිපා උනේ නැද්ද"
"Chamika Lakmal","https://www.facebook.com/s.chamika.lakmal","සිවුර ඇදන් ගෑනු කෙලෙසනකොට මොකද වෙන්නෙ"
"Sanath Kumar","https://www.facebook.com/sanath.kumar.684158","එතකොට හොර ගෑනී එක්ක බුදියන්න සිවුර හුලගට පාවෙනවා ඇති නේද වල් බල්ලෝ 🐕 තොපිට ගෑනු එක්ක බුදියන්න සිවුර ගලවලා දාන්න පුලුවන් නීතියක් රටේ හරියට හැදුවොත් ඒකට හේතුව ගොඩයි කාලකන්නි මුං සේර ඇතුලේ දාන්න ඕනේ කාලකන්නි සක්කිලි"
"Sudhara Dilshan Karunathilaka","https://www.facebook.com/sudhara.dilshan.karunathilaka","සිවුර ඇදන් කරන්න පුළුවන් ජහ ජරා වැඩ කරනකොට කම්පා වෙන් නැද්ද"
"Kamal Karunanayake","https://www.facebook.com/kmkskamal","ධාතු පිට වෙනවා..."
"Lalith Welagedara","https://www.facebook.com/profile.php?id=100022096207739","අහගත්ත නේ.දැන් සනීපෙයි"
"Sriyani Mangalika","https://www.facebook.com/sriyani.mangalika","Ammoooo mewa dekkama appiriyaiii Kampa  wenawa neme 🤣🤣🤣🤣"
"Chanuka Senevirathna","https://www.facebook.com/chanuka.senevirathna.2025","එහෙම වෙනවා ඇති හරියට බුදුදහම ඉගෙනගෙන හරියට මහනදම් පුරනවනම්.ලංකාවේ හාමුදුරුවෝ කරන්නේ අපිට අතාරින්න කියලා ඒ ගොල්ලෝ සල්ලි යාන වාහන පොදිගහගන්න එකනේ කරන්නේ"
"Nilanga Caaminda Nilanga Caaminda","https://www.facebook.com/nilanga.warnasooriya","අපේ කාලයේ සිංහල බෞද්ධ යතිවරයානෝ තෙරුවන් සරණයි"
"Rashmika Wijeweera","https://www.facebook.com/rashmika.wijeweera","අටමස්ථානෙ සිවුර ගැලෙව්වම මොකද්ද කම්පා වුනේ😂"
"Rohitha De Silva","https://www.facebook.com/k.silva.7543","සිව්ර දාගන්න හැමෝටම ධර්මය රකින, ධර්මය ප්‍රචාරය කරන, ධර්ම දේශනා කරන භික්ෂුවක් වෙන්නත් බෑ. මොකද සමහර භික්ෂුන් සිව්රක් දාගෙන බොන, කාමයේ වරදවා හැසිරෙන, කුණුහරප කියන, දේශපාලුවන්ට කඩේ යන තමන් කැමති චරිත රගපානවා ශෝෂල් මීඩියා වල ගොඩක් මිනිස්සු  දැකලා ඇතිනේ."
"Damith Ranasingha","https://www.facebook.com/damith.ranasingha.265471","පොඩි ලමයි දූෂණය කරනකොට දෙයියෝ කම්පා වෙන්නේ නැද්ද, අවසර😛😛😛"
"Appugenana","","සිවුර දරාගෙන  නොහික්  මුන වැඩ කරද්දි කම්පා වෙන්නේ   මොකක්ද  දන්ති නිසා අහන්නේ   අවසසර"
"Shantha Bandara","https://www.facebook.com/shantha.bandara.723117","ගිහියෝ වෙච්ච අපට පව් පුරවනවා"
"Chamara Galabalannalage","https://www.facebook.com/chamara.galabalannalage","පෞ"
"Mallawarachchige Upali","https://www.facebook.com/people/Mallawarachchige-Upali/pfbid02DnBiHpKmfQnxP7GNrYZdCbYyU8BgiZVbsrw83EYqomLnexDaNPm4eqApCskdRurel","එතකොට හොරගෑනි සිව්ර ගලවද්දි කොහොම බනයක්දබං කියන්නෙ."
"Premith Rangana","https://www.facebook.com/profile.php?id=100002177577375","Danvath mahana unanam"
"Jayani Jayasekara","https://www.facebook.com/people/Jayani-Jayasekara/pfbid02FBsgdQsC5qt2TfZsNNAubaKiUkPn1FLoKvafmdjLQXTyYprNQyiM4YpmLu7hkgNtl","දෙවියන් කම්පා උන නිසයි සිවුර දාගෙන ඉන්න නොදෙන්නෙ, මෙහෙ විතරක් ද ඔස්ට්‍රේලියානු රජය ත් සලකනවා නෙ.👍"
"Kumara Gunasinghe","https://www.facebook.com/kumara.gunasighe","එතකොට සිවුර  දාගෙන වැරදි කරනකොට  සිවුරට පොලොව සමාව දෙනවද ගොන් කතා කියන්න එපා ගොන් වහන්සෙ"
"Upali Ariyasena","https://www.facebook.com/people/Upali-Ariyasena/pfbid0dBZQ5ETse7ieZEuXdrMZthU2ePwVnWkqwadTPriKAPzQ7LaAbCB9kG5xBnGF7ezcl","Budunta baya nisa siuru asse suradagena inne apida"
"Ban Llk","https://www.facebook.com/people/Ban-Llk/pfbid0ZiB8kH6MtQqT3uGDYDMnpbaNcJfw88aGqqicWX4MphMfcwYHbgydWrMBvQKGw9V9l","අර උඩ මළුවේ හේම රතන හිමියන් අර මිණිපිරියන්. ලඟ සිව් ර ගලවන කොට පොලව කම්පා  උනේ නැද්ද. හාමුදුරුවනේ. මතක නැති නිසා අහන්නේ."
"Charaka Terance","https://www.facebook.com/charaka.terance","පොඩි දරැවෝ මහණ කරන් ලිංගික අපචාර කරන කොට මහපොලව ⁣කම්පා නොවන අතර,රියදුරැ බලපත් නැතිව බිමන්ව රියපදවන කොට, මහ පොලව කම්පා නොවන බව තෙරැණා.රාජපක්ෂ ගූ කත චිවර හැතිකරය."
"Wpdr Senanayake Duminda","https://www.facebook.com/wpdrsenanayake.duminda","එතකොට සිවුර දාගෙන වෙසඟනන් එක්ක පන්සලේ ලගිනකොට  දෙයියෝ සාදුකාර දෙනවද..😡😡.. හොර ගනයි සිවුර දාගෙන කරන්න පුලුවන් හැම බලු වැඩක්ම කරලා..... වරදක් කරලා හිරේ ගිහාම තමා දෙයියෝ කම්පා වෙන්නේ... මුන්ගේ කටවල් හතරට පැලෙන්න ඕන මිනිස්සු මුළා කරනවට...."
"Ranjith Ranjith","https://www.facebook.com/people/Ranjith-Ranjith/pfbid03VF8nVUvTvDnzgbFECnMH3ZMdtg6hoidBHXDU97LfD9KRBj5JYcKf68MX62jhzWjl","Comment  balapan huththige  pakayo"
"Sugath Kulasekara","https://www.facebook.com/sugath.kulasekara.33","අඩේ අමාරුවෙන් හදාගත්තු ආණ්ඩුව පෙරලයි වගේ. අපරාදෙ මහන්සිය"
"Dikkumburage Unesh","https://www.facebook.com/dikkumburage.unesh.9","පේනවද සිවුර දාගෙන කරන වැඩ"
"Malith Chathura","https://www.facebook.com/malith.chathura.96","Deviyo kampa wenne ubala ape buddadarmayata karana apahasa walata. Budda darmaya kanne nathuwa siuren ain wenna oyath"
"Sithara Sithara","https://www.facebook.com/sithara.sithara.583671","Siwru dagena lamai dusanaya karaddi kampa wenne ammage reddada."
"Ranaweera Aratchige","https://www.facebook.com/ranaweera.aratchige","Silvat  ගුණවත්  වන  vasi  භික්ෂූන් වහන්සේලාගේ  සිවුරු galavan කොට  oya කියන de  හරි"
"Rohana Rajarathna","https://www.facebook.com/rohana.rajarathna.3","ඕවා දැන් එවුන් අහන්නේ නෑ  සාධූ...."
"Dinesh Priyawansha","https://www.facebook.com/dinesh.priyawansha.7","පංචසීලය හරි ආකාරවලින් රකින්නේ නැති එවුන්ගේ සිවුර ගැලෙව්වා කියලා මහ පොළොව කම්පා වෙන්නේ නෑ මහ පොළොව විශ්ව සොබාදහම පෙනෙන නොපෙනෙන සියලු බලවේගන් ආශිර්වාද කරාවි"
"Lns Perera","","Galkapannhath seura  dagenhada"
"Baralihela Kothukade Abesekara","https://www.facebook.com/people/Baralihela-Kothukade-Abesekara/61592037983180","Siwura ada gena padada kam karanakota hodida"
"Damith Damith","https://www.facebook.com/damith.damith.117423","කවුරු නැතත් මේ යකානම් කම්පා වෙලා වගේ. මුන්ගේ ඇම්බැට්ටයෝ ටික පෝලිමේ ඇතුලෙනේ."
"Keeragala WK","https://www.facebook.com/keeragala.wk","ඒ    සැබෑ  සංඝයාගෙ   ගැලෙව්වොත්නෙ"
"Nalin Upathissa","https://www.facebook.com/people/Nalin-Upathissa/pfbid02XqWapdsYZkCQVuo6HFjfKy5ZjMJXPi3PL2S67CS3ubg19E8d83jwF88UztzWxFnhl","kampa waela thiyaennae oun kalae waeradi waelata."
"Kasun Davinda","https://www.facebook.com/kasun.davinda.5","ඒ සැදැහැවත් හාමුදුරුවරුන්ගේ🥲😄"
"Mahinda Kumara","https://www.facebook.com/mahinda.kumara.761857","තොපි වගේ හොරු දැක්කට දෙවිවරු කම්පා වෙන්නෙ නැ"
"Mps Wijeruwan","https://www.facebook.com/people/Mps-Wijeruwan/pfbid0GKcvYe7gPgKbDjpLWeGJpsVoX2yRyxdeLiCo2Ug2XD3xEN5hW5vMxQ6hrqdUenM8l","Obla... Karnapauwalata.. Oblata.. Sapadanwa"
"Viraj Buddhika Pemathilka","https://www.facebook.com/virajbuddhika.kusumsiri","Anee boru kiyanna epaa bn 😁😁😬😬"
"Lasantha Ruwan","https://www.facebook.com/lasantha.ruwan.731","Thopi den budengeda deiyongeda"
"Sampath Wijethunga","https://www.facebook.com/sampathudayakumara.wijethunga","අයියෝ.........සාදු ආතල් දෙන්ට එපා අප්පා......🤣🤣🤣"
"Mariyam Srilanka","https://www.facebook.com/people/Mariyam-Srilanka/pfbid02AjhfgJfyR5sJH51zAWYhEn9bp1nmxTAqA4mBfuMqiyxoSAtSgaZbuqvE81r4pSAEl","Anurada pure jayasirimaha boden wahanseta awathewa karana minissunve gewal wala damas lamay dusana pode himila dusanayawenakota oya la koheda hitiye hamuduruwane oyala dannawada pansal wsla kerena aparada ewata polawa hullane maha polawa kampawenne nadda mata nam desha palenaya adalama naha apirata walanhodala duwedala pawl nadaththu karanwa moka balayata awath wadak naha habay aththa katha karanwa lankawa anura mshaththaya sodala pirisedu karay kiya bslan ennawa"
"Ranaweera Daisy","https://www.facebook.com/ranaweera.daisy","සිවුර දාගන  නොහොබිනා  වැඩ  කරද්දි  ...දෙවිවරු  පැනල  දුවනවා.."
"Sumith Dissanayake","https://www.facebook.com/sumith.dissanayake.5682","සිලයක්තියන.අයනමි.හරි"
"Niluka Dilshan Jayasinhga","https://www.facebook.com/niluka.dilshan.jayasinhga","සිවුරු  dagattata wadak na ධාර්මික  natnam diyo kopa wala nisa tama ounta ohama wala tiyanna"
"Jayantha Weerasingha","https://www.facebook.com/jayantha.weerasingha.779","Ganunga badauda naginakota  kampa wanna nadda"
"Gamini Thushara Kadawalage","https://www.facebook.com/gaminithushara.kadawalage","Etakota mekata moko wenne"
"Upul Thushara","https://www.facebook.com/upul.thushara.211789","පල්ලෙගම ගලවද්දිත් මහපොලව කම්පා උනාද දන්නෙ නෑ"
"Kusum Hewage","","අනේ උබල සිවුර දාගෙන බලු වැඩ ජඩ වැඩ කරන්න හොදයි ස්බාධර්මයෙන් දඩුවම් ලැබෙන්න උබල වගේ සිවුරට මුවාවෙලා කරනමේ අපරාධ වලට"
"Thushari Nirmala","https://www.facebook.com/thushari.nirmala.2025","Lajjai  dannam API bauddayo kiyannat,me hamuduruwange hasirim walata, mewata giriya puppan ka gahannat oya wagema aya thamai hariyata silayak rakina aya oya wage na,"
"Ranjith Fa Fernando","https://www.facebook.com/people/Ranjith-Fa-Fernando/pfbid02JBr3SGAAyYBQ4Ph6jtg2eFhZijwhPC9dhest7bnUFszyEK8paco8L9EobnPK1ZdSl","තොපි සිවුර දගෙන සල්ලි හොයන්නෙ. තොපිට දඩුවම් නොකලොත් පොලව පැලිලා රට විනාස වෙන්නෙ"
"Upali Weerapperuma","https://www.facebook.com/upali.weerapperuma","😊😊😊😂😂😂😂 thiththagalle thiththawegena yana 😂😂"
"Sudesh Ranaweera","https://www.facebook.com/people/Sudesh-Ranaweera/pfbid02L5bu9wffzGSbDeXupsas2cRp1Snbz9u8F3UjeDrwwDMmFDWqR6sk6H8n1xzTwwxVl","කට වහගෙන ඉන්න තරමට හොදයි නෙද  හාමුදුරුවරු වනෙ"
"Nuwan Abeysekara","https://www.facebook.com/nuwan.abeysekara.75","අදාර්මිකයන් වනචාරීන් ඉවත් කර සාසනය  පිරිසිදු කරන කාලයය් මේ...."
"Ashika Vindy ","https://www.facebook.com/ashikavindy","කහකඩයෝ ...මුන්ව මුලින්ම සීලේ පිහිටන්න ඕනේ"
"Anura Fonseka","https://www.facebook.com/anura.fonseka.775344","Siuru Galawala Podi Lamainwa Dushanaya Karanakota Mahapolawa Sathutu Wenawada???? Kaalakani Amana Apatha Kahakadayo???"
"Dewapriya Kumara Dewapriya","https://www.facebook.com/kumaradewapriya.dewapriya","දෙවියො කෝප වෙනව උඹල වගේ එවුන් මෙි බුද්ධ චීවරේ විනශ කරනවට"
"Brian Wijesuriya","https://www.facebook.com/people/Brian-Wijesuriya/pfbid0818VKFhNrbybaTYFivsFViWwBmioihQ7q24bJ3LHNeoxPAc4oXvZ3G2pd9nTbLh6l","Siura Dala lamaige dusanaya karanakota oya mukt nadda ganayo"
"Sameera Tharushi","https://www.facebook.com/sameerasandakelum.tharushi","මෙයාට ඕනේ නාන සාරගෙ තැන ගන්න."
"Ruwan Pate","https://www.facebook.com/people/Ruwan-Pate/pfbid0RrfF4x6Pf1bEKzVwyBQFn68iDZM1yJ8E63AdJgUXknezuKbduRpvhtCDKKiMV3Knl","Uda pandara ubla dakkoth apalay😜😜😜😁"
"Thushara Udage","https://www.facebook.com/uas.thushara","😅😅😅😅සිවුරු ඇදන් අනීතික වැඩ කරන කොට වසන්තය උදාවෙනවා ඇති එහෙමනම්"
"Madushka Udayanjaya","https://www.facebook.com/madushka.udayanja","Ubala  සිවුරු galawala neweida ganuth ekka budiyanne..  sakkiliyoo"
"Aruna Kumari","https://www.facebook.com/people/Aruna-Kumari/61574707111534","සිවුර දාගෙන වැරදිකරනකොට මොනවද දන්නෑ කම්පාවෙන්නේ අනේ මුන්ගේ බෞද්දකම හාමුදුරු නමක් කියන්නේ විනොදවෙන්න මහන වෙනවා නෙමෙයි සංසාර කලකිරිලා රහත් වෙන්න මහනවීමක් ගිහි අයවත් අඩුම තරමේ සෝවහන් වීමට අවස්‍ය මග කියා දීමක් මේ අය පොඩි කාලෙම මහන කරවලා හොදට උගන්නලා සිවුර පිටින්ම රස්සා කරනවා පිනට කනවා හම්බ කරනවා අපි හොද බෞද්ද අය හැබැයි මම පන්සල් යන්නෑ බුදුන් වදිනවා ගෙදර මොකද අද පන්සලකට යන්න බෑ කියන බන නිවන් දකින්න නෙවෙයි කියන්නේ අද පන්සලට දානේ නෑ ලයිට් බිල ගෙවන්න සල්ලි නෑ අනිවාරෙම්ම රු 2000 ගාන වත් එකතු කරන්න ඕන අපි දුප්පත් මිනිස්සු අපට 2000 ක් කියන්නේ විසිදහසක් තරම් වටිනවා බුදුරජානන් වහන්සේ කවදාවත් දේශනා කරලා නෑ මෙච්චරක් පන්සලකට අවශ්‍යයි කියලා උන්වහන්සේ දේශනා කලේ ලද දෙයින් පුදන්න ලද දෙයින් සතුටුවෙන්න හරිම දුකයි සිත්වලට අපේ හමුදුරුගොල්ලන් කරන වැරදි දැක්කාම"
"Aruni Pathum","","Podi kellanwa duushanaya weddi,monaada danne naa thope kampaa wenne???😏😏siwura andama okkoma waradi waha ganna puluwan kiyala hithana gana gediyo😏😏😏😏"
"Tenuka Rathnayaka","","අදර්මිශ්ට හික්ශුන් ඒකාලෙත් හිටිය දැනුත් එන්නව එව්න්ව ශසනෙන් පන්නන්න ඔනි"
"Sagarika Nilmini","https://www.facebook.com/sagarika.nilmini.5074","Yako lamai dushanaya karanakota athakota kawuda kampawenne. Dushsheela hamuduruwan wenuwen kawuda bola kampa wenne. Ubala wage dushsheela hamuduruwo dakkamanam deviyo kohomath kampa wenawa."
"Prebath Chaminda","https://www.facebook.com/people/Prebath-Chaminda/pfbid0PhWHovomaoLDh7h9q9zgV2yK2tXMido83e45hwK9MJHfNKgTtJuZ1pM63NZb2doyl","Thopi siurudagena Karna aparadawalata thopithama patisandeela"
"සඳු දහනායක","https://www.facebook.com/sandu.dahanayake","එතකොට ඔය සිවුර අස්සට ගෑනු ඔබා ගනිද්දි මොකක්ද දන්නෙ නෑ කම්පා වෙන්නෙ.."
"Amila Suwaris","https://www.facebook.com/amila.suwaris","පන්සලේ වැඩ නැතිව දැන් කාලගුණ විද්‍යා දෙපාර්තමේන්තුවේ wada කරන්නේ. ඉස්සරහ සති දෙක භූමිකම්පාවක් එනවලු. 😜😜"
"Suriyawansa Degamboda","https://www.facebook.com/suriyawansa.degamboda","සිවුර.   දාගෙන.   බලු.  වැඩ.  ඔක්කොම.   කරපන්.  අවුලක්.  නැහැ.  නාන. සාර.  කරෙත්.   ඒක.   උබ.  කරන්නෙත්.   එක"
"Manuka Achintha","https://www.facebook.com/manuka.achintha.2025","ජොකා දානවද?"
"Manoj Fernando","https://www.facebook.com/manoj.fernando.367143","ජපානෙත් එහෙම වුනා එක පාරක්😁"
"Mangala Jayawardana","https://www.facebook.com/mangala.jayawardana.90","Ayiyoo bududahamata welathiyanada ma prakasa karanna niwaradi bududahama nawai  ana hamuduruwana bududahama vikurthikarannathuwa nivaradi buddha darsanaya pilipadinna barinam obawahasath siwura ayinkara dawalayak karanna aka thama galapanna"
"Sithum Perera","https://www.facebook.com/people/Sithum-Perera/pfbid0VdqxMhr4trd5owi9K9Vo5ootLp896qM4YQS75ErWZKKWMbcerJwLcWUJUmGefng3l","අර පොඩි එකාව දූෂණය කරන්න සිවුර ගලවද්දි කම්පා වෙලා නායත් ගියානෙ"
"Umesh Perera","https://www.facebook.com/umesh.perera.984","මේක වෙලද දැන්වීමක්නෙ බං ...😀🙃😃"
"Pradee Ranga","https://www.facebook.com/profile.php?id=100006435667816","අර පොඩි කේලි ට ජ්ගිජිගිය දන්න සිවුර ගලොනකොට මහපොලව සාදු නාද දේන්න ඇති නේද 😁😁😁"
"Sarath Wickramasingha","https://www.facebook.com/people/Sarath-Wickramasingha/pfbid02qohhVTfiA18goJB6J5S7qzdVYgfwPYi17nZ7qYMYqcV3cm5pUdiFPLXEiv41Kp2jl","Me wage sakkili siwure inna nisayi Dewi waru kopa wenne Anika thamayi anuradapure daruwo winasa karapu paharaya"
"Koliya Bandara","https://www.facebook.com/koliya.bandara.14","තොපි ගෑනු ඉස්සරහා සිවුර ගලවන වාරයක් පාසා කම්පා වුනා නම් හැමදාටම භූමි ඇතිවෙයි."
"Priyantha Pallegama","https://www.facebook.com/priyatha.pallagamap","අනුන්ට බණ කියන්න  තමන් හැදිලා ඉන්න දේවදත්තටත් වුණේ ඕක"
"Sudarshana Rodrigo","https://www.facebook.com/people/Sudarshana-Rodrigo/pfbid02JkHJ8TKEhkKDvUifs9uAUV4hL8wXog431ncWbZ7k8k3ruiFgHpEvCXDi3gKNktS2l","පොහොටුවෙ ව්‍යප්තිය ගෙනියන්න ඔයාට වැඩිය උන් ආවා ඒත් බෑ"
"Ganga Rubasinghe Yapa","https://www.facebook.com/ganga.rubasigha","එතකොට ප්‍රංශ අක්කා ලග ගලවද්දි කම්පාවුනේ නැද්ද"
"Sashisuru Mahawasala","https://www.facebook.com/profile.php?id=100004250649024","මස්කන හරක්..:මම අබිදරමය මූගෙන් ඇහුව දැනුමක් විදියට ... මම මගෙ ජීවිතය ගැන සහ බුදු දහම ගැන බලපු විදිය සම්පූර්ණයෙන් වෙනස් උනා   හැබැයි මස් කන හරකෙක්ගෙන් දැනුම අහල ටියෙන්නෙ..."
"Janaranjana Jana","https://www.facebook.com/janaranjana.jana","Ane ma apith buddhagama...kamapa we nee.. Kuwa kiyala hitha gannala had a.."
"Arjuna Rohan","https://www.facebook.com/arjuna.rohan","අනෙ තිත්ත ගල්ලෙ...පලයන් බල්ලො"
"Nayanapriya Udayaweera","https://www.facebook.com/nayanapriya.udayaweera.5","එතකොට ඔක්කොම පවූ  කරන අපරාධ කාරයෙක් සිවුරක් කඩෙන් අරන් ඇන්දම   හාමුදුරුවෝ කෙනෙක් වෙන්න පුළුවන්ද? ගිහියෙකුට වඩා  ශිලයන් ගණනාවක් රකින උතුම් කෙනෙක් තමයි මම දන්න තරමින් පැවිදි  ස්වාමීන් වහන්සේ කෙනෙක් කියන්නේ. ඉතින් හිහියෙක් ගේ තරම් වත් කය වචන දෙකේ සංවරය නැති අය සිවුර දරාගෙන  සාසනේ කන එක තමයි  ආගමට කරන ලොකුම විනාශය🥲"
"Yuresh Chathuranga","https://www.facebook.com/people/Yuresh-Chathuranga/pfbid02aHhfoGu1Tmf3ECD6yUaPa2mrrhEGGXbp4XCNbHnbpU9iWt2iPCH8BcFQSD3aNgxul","සිවුර ගලවලා අහිංසක පොඩි ළමයි දූෂණය කරාම මොකද්ද කම්පා වෙන්නේ?ඊට පස්සෙත් සිවුර පෙරවන්න පුලුවන්ද?"
"Ravindu Mihiran","https://www.facebook.com/ravindu.mihiran.53585","සිවුරු galawala සමහර paahara ballo ගෑනු ගාවට යද්දී ඔය කියන කම්පාව වෙන්නෙ නෑද්ද..😡😡😡😡"
"Alexsander Thushara","","Man nam kiyanne mun siwra da gaththu  eka thama loketa sape wela thiyenne🤦‍♂️"
"Ra Kalansuriya","https://www.facebook.com/people/Ra-Kalansuriya/pfbid02NzSYyGVFFLXeWGQuACsYKQVgFx9kW8j3KYKtMXF81xjS8Q29wyVNqHJFWfCiP4zQl","දැං  ඉතින්  මුංට වැස්සත්  වැරදියි."
"Prasada Galagedara","https://www.facebook.com/prasada.galagedara.9","Pinata  deana Daneweala kala munta garya 🤮🤮🤮🤮🤮🤮🤮🤮🤮🤮🤮🤮🤮🤮🤮🤮🤮"
"Kavinda Kavinda","https://www.facebook.com/people/Kavinda-Kavinda/pfbid036JvxhM9fosduVTN4w6DrhDM9TRMnbBXLqdfSQs6cSFiZJKHz1kzmRUCQpfMJkbxl","මෙ.මය්ක.අල්ලනායටත්.පිස්සු"
"Nisha Peiris","https://www.facebook.com/nisha.peiris.90","අනේ අනිචං  අහන. කතා  මේ පල්කඩ  ගනයෝ"
"Shanuka Senarathne","https://www.facebook.com/shanuka.senarathne","පලයල්ලා දේවාල ගානේ මොකද වෙන්නෙ කියලා බලපල්ලා, නෑමොලයටත් සීනිගම දෙවියෝ පිහිට වුනා."
"Pasan De Silva","https://www.facebook.com/pasan.desilva.796","Kalakani"
"Indika Samarasinghe","https://www.facebook.com/jithula.nimtharu","ඔබවහන්සේලා ඔය කරන කියන දේවල් වලින් මහපොළොව කම් නතර වුණොත් ඇති දෙයියන්ගේ පිහිට"
"Buddika Jayasekara","https://www.facebook.com/buddika.jayasekara.18","ඇත්ත හාමුදුරුවො න්ට මොනව කලත් පවු උබල වගෙ දේසපාලන නිගන්ටයන් ට ගැහැව්වත් පවු නෑ ඉතාම ලගදි ගුටිකනව"
"Inoka Thannage","https://www.facebook.com/people/Inoka-Thannage/pfbid0HZNV3nycLG8bUcDgqki8ZzSQDjjjbDiyo92A1Xmj8U39BS2HCnzWSbnDM4nH8G3ol","Sivra galavala visikkarala ,denima gahanakota mokaddda kampa venne"
"Manjula Jayasena Manju","https://www.facebook.com/people/Manjula-Jayasena-Manju/pfbid027FSkixuN5P6DFighowm2ahxVd2yCA9rHxk1YCr45TtZRfSbD6bCwjUcag7mFouSGl","සිවුරක් දාගෙන පුංචි ගෑනුළමයෙක් දුෂනය කරන කොට දෙවියො කම්පා උනේ නැහැ මහපොළොව කම්පා උනේ නැහැ..පරැෂ වචන කියනකොට ..කම්පා උනේ නැහැ.....සමහර විට ජළ ගැලිම් නාය යෑම්..ලංකාව සොබාදහමෙන් ලැබෙන ආපදාවල්  වෙන්නෙ ඔය සිවුර දාගෙන කරන අති බිහිසුන වැඩ නිසා...සමාජයට හොද දෙයක් දැනගන්න ඇත්තෙම නැහැ මෙහෙණින් වහන්සෙ නමක් ඉන්නව කියන්නෙම කුනුහරප ...කොහොමද ඕවා ඉවසගෙන ඉන්නෙ."
"Pradeep Kumara","https://www.facebook.com/ridmi.chathu","Ana siura galola ganunnta hukanna awa hodada poko"
"Laxman Jayarathna","https://www.facebook.com/laxman.jayarathna","Ane gaththa thille podi nam hadagena ytube parak karagena hitiya pichchiyak hoyagena. Ekatath kela una neda nayata kahinna gihin. Minissu Dan echchara Moda na"
"Thushara Ariyasinghe","https://www.facebook.com/thushara.ariyasinghe.12","ඔබලා සිඋර දාන් කරන වෙඩ දෙකකම.. බල්ලෝ බත් කන්නේ... බුදුන් වදාල විනය koo"
"Hashini Weligamage","https://www.facebook.com/people/Hashini-Weligamage/pfbid02YfZdFoxP3szVRD2C2KpgmBKyrFGL973BiGsVX1iF91mFGG1ZM5oKcXWxL4kcVKZKl","Kalakanni munge kathava..surata  mun  karannema   loku  pavak..maha  pola a  kakada  ballo  nisa  ratama  vinasavela"
"Laki Kariyawasam","https://www.facebook.com/people/Laki-Kariyawasam/pfbid0cFpxJHVf3LWciyCkSMM5K23kgeANqqUtakQcp9j9FpCA2r5ok67w4a6W5ej8r8NZl","Siwuru karayo nodaruwange edum galawana.kota mokakda kampawenne"
"Dilshan Bandara","https://www.facebook.com/dilshan.bandara.10885","අපිට තියෙන කම්පාව හොරු ටික ඔක්කෝම සිවුරු පොරව ගත්තු එක"
"Rohana Kumara","https://www.facebook.com/people/Rohana-Kumara/100025496673216","බයිල කියන්න එපා හාමුදුරුවනෙ..දිව්‍ය ,,,ලෝකයයි..අපායයි මිනිසුන්ට ..පෙන්නා පෙන්නා...ඊළඟ ආත්මය සුවපත් කරගන්නාවිදිය මිනිස්සුන්ට කියලා...මිනිස්සුන්ගෙ.රීරිමාංශය දක්වා හූරාගන්න තමයි දැන් ඉන්න හාමුදුරුවරු උත්සාහ කරන්නෙ. මිනිස්සුන්ට සෙතක් වෙන කිසිම දෙයක් නැහැ.එයාල තෙලෙන් කිරෙන් දෙනඒවා කාලා...ගෑනුත් එක්ක බුදියල..අරක්කු ගංජා ගගහ සැපසේ ඉන්නවා ..මුංගෙන් මේරටට ජනතාවට පුදුම කරදරයක් තියෙන්නෙ.. දැන් මේ බයේ ඉන්නෙ ඒ සෙල්ලන් මේආන්ඩුවත් එක්ක බැහැනේ.මොනව උණත් රටකාපු පරයන්ට සට්ටම්බිකම් කරන අතළොස්සක් හැරෙන්න බහුතරයක් ජනතාව ඉන්නෙ ආණ්ඩුව එක්කයි."
"Sampath Ruwan","https://www.facebook.com/sampath.ruwan.569818","ඔහේලගේ කට නිසා තමයි හෙන වදින්නේ"
"Damitha Gunasena","https://www.facebook.com/damitha.gunasena.2025","දෙවියෝ කම්‍පා වෙනවා සිලවන්ත භික්ෂුවක් නම්‍"
"Samantha Silva","https://www.facebook.com/people/Samantha-Silva/pfbid02a9WdXJw1gBH63gzP25RUcLHSEGTcym7cqWpaszbL7qMQqMpvpXddMafDLYEr6snyl","මූ ආතල් දෙනවා යනවා"
"Nishantha Namal","","සිවුර දරාගෙන ජඩ වැඩ කරන්න හොදයිද අපේ හාමුදුරුවනේ... 🙏🙏"
"Maneshka Randil Perera","https://www.facebook.com/people/Maneshka-Randil-Perera/pfbid0MPBExeUyh7RBoJWtKeZBwqkEcLVW2cwHEBqUDGe8zMdmDxRrVeviwzUzDsyYwDRml","තොපි වගෙ උන් ඔක දාගෙන සාසනෙ කන නිසා තමයි කම්පා වෙන්නෙ"
"Anura Piyasoma","https://www.facebook.com/anura.piyasoma.9","Umbage wedi bana Dan minissu gananganne ne ban nuhuka palayan"
"Sasen Hawanjana","https://www.facebook.com/sasen.hawanjana","Edkota සිවුර ගලවන්නේ නැතුවද පොඩි එකීව දූෂණය කරේ.."
"Jayalath Gamage","https://www.facebook.com/jayalath.gamage.623208","සිවුරක් ඇදන් ජරාවැඩ කරණකොට කම්පාවෙන්නේ යමරජුද"
"Anju Wickramasingha","https://www.facebook.com/anju.wickramasingha","සිවුර ඇදගෙන කරන අපරාද වලට කොහෙද කම්පා වෙන්නෙ. නානසාර වෙනුවෙන් කතා කරන එව්වොත් ඒ වගේම නැතෑ 😅😅"
"Cathura Pradip","https://www.facebook.com/people/Cathura-Pradip/pfbid02aj9XzVkVmsV2y4YZoATw3cM9Qr8f4p5SW4jfwm7jDYzvkQ51Vv7ieXxGHanjUcfAl","Pakya.me..anduwa.hduwe.ape.eka.eka.pkyanth.ony.wedyata.natanna.newe."
"Indika Krishan","https://www.facebook.com/indika.krishan.538339","සිවුර දාගෙන #කන්න යද්දී දෙවියෝ කම්පා උනේ නැද්ද"
"Krishantha Herath","https://www.facebook.com/people/Krishantha-Herath/pfbid0PaWssis6LAYWCMJ49M3pjaH3ausbU3sx9jzuefN1vEmGc2544k8TigKWYvJjaYCxl","Sirawata"
"Themiya Bandara","https://www.facebook.com/people/Themiya-Bandara/pfbid02pAFcvL2gmDSEKWotp1JC6apvYoogzNFbMUUdPfziVZNqKnemD5Lv7id7oGuyetX8l","පොඩි තව්වක් ළඟ ගලවද්දි කම්පා වෙන්නේ පාපිස්සද 😂🤌"
"Susantha De Silva","https://www.facebook.com/people/Susantha-De-Silva/pfbid0hKiFRfVBHNNwnzyrWYLiGKwSpo1DiNGrk2Ff4CQ7pC21x8ZTypDSGtVvy4mseCLdl","තොපි සිවුර ගලවලා අර පොඩි ලමයා දූෂණය කරනකොට කම්පා වුනේ නැද්ද යකෝ"
"Sriyani Perera","https://www.facebook.com/sriyani.perera.9619934","එහනම් සිවුරු කඩ ගිලා බහියි"
"Thusitha Sampath","","නාන්නේ සිවුර පිටින් ද kry?"
"Chamil Ruwanjith","https://www.facebook.com/chamil.ruwanjith.2025","අපට පවු දෙන්නෙ නැතුව සිවුර තියල ගෙදර පලයන් කාලකන්නිය"
"Sugath Anuruddika","https://www.facebook.com/sugath.anuruddika.1","මුන් චීවරය අවබාව්තා කරන හාදයො ටිකක්..මේකෙනුත්.රාජපක්ෂ .බලේට ගේන බයිස්කෝප් ..රග දක්වන්නෙ..."
"Niroshan Chamara","https://www.facebook.com/niroshan.chamara.3","Salli aran bana kiyana topi okkoma akai."
"Samanthika Kumari","https://www.facebook.com/profile.php?id=100002170264467","කම්පාව....අනේ නන්නානේ"
"Ahm Ahm","https://www.facebook.com/mjafir.jafir.5","දේව කම්පාවක් තියන් උබලා ඉන්නවනවම්"
"Shelton Kohombange","https://www.facebook.com/shelton.kohombange.3","කම්පා වෙනවා සිල්වත් භික්ෂුන්ගේ සිවුරු ගැලෙව්වොත්"
"Sumith Rohitha","https://www.facebook.com/people/Sumith-Rohitha/pfbid02qsXPtZ5pejAGXTaDZubXckpg5DJE3Udi6sWCMCFLqspb2Ms7FxB3g5266qguRp4zl","Siwra adagena karana Jada wadawalata mulu viswayama kampa wenawa"
"Ruvi Seneviratna","https://www.facebook.com/people/Ruvi-Seneviratna/pfbid02t8FR79W3ukwJDuUy5AosDWcqjByiFQcY8fQNBVTh5os7mMvjXqma7HaM5Z2Y1Lygl","සිවුර දාගෙන පිස්සු නටන කොට මොකද වෙන්නේ මෙයා ට නිතිය නැද්ද බුද්දාගම නිතිය ට උඩින් නෙමෙයි දහම වෙනයි නිතිය වෙනයි"
"Sasitha Madushan","https://www.facebook.com/sasitha.madushan.9699","එතකොට අර පාටියක නටන්නේ"
"Dinesh Gayan","https://www.facebook.com/dinesh.gayan.52","පොඩි තව් වලට කෙලිනකොට ඔය මොකුත් නෑ නේද . මුන්ට ගහන්ඩ ඕනෙ සිවුර ගලවල පාරෙ දුවනකම්"
"Madushanka Srimal","https://www.facebook.com/madushnka.shrimal","තිත්තගල්ලේ 😝"
"Mangala Silva","https://www.facebook.com/people/Mangala-Silva/pfbid02sfbshhM3PKSW34jFYqbFT1gZb4q6jmUJFfWK9HW9PoHeCAr7mysGM5FuJwTZ5AoKl","පොඩි ළමයි ගේ ගවුම් ගලවා දානකොට පොලවේ මල් පිපෙන්න ඇති නේද"
"Ashoka Siriwardhana","https://www.facebook.com/ashoka.siriwardhana.3","Ane gono"
"Ravi Deshapriya","https://www.facebook.com/ravi.deshapriya","අනේ අපේ හාමුදුරුවනේ ඔබ වහන්සේ සිව්රු උනා දැමූ අවස්ථාව කොහේද දෙදරුවේ."
"Nihal Chandrasiri","https://www.facebook.com/nuwan.kolla","අපේ හාමුදුරුවෝ මොනාද කියන්නේ...ආගම විද්‍යාව ඔක්කොම පටලාගෙනද......රට කන්න එක හේතුවක් මේ ආගම.....සසර අතහරින්න කියන අය විදින සැප දැක්කම රෙද්දේ රෙවෙනවා අපේ හාමුදුරුවනේ ...V8 Ac luxury ...bench and chair luxury something and other things....ඉතිං නීතිය නම් ඒක කාටත් එකයි...රට්ටු හිනාගස්සන්න එපා...."
"Jaanaka Susantha","https://www.facebook.com/jaanaka.susantha","Horu kalabala vala inna dan para v 8 sattaka"
"Perera Avishka","https://www.facebook.com/abi.prathibha","🤮🤮🤮🤮 සට්ටැබි ඝනයො 🤮🤮🤮"
"Shama Thennakoon","https://www.facebook.com/people/Shama-Thennakoon/pfbid02isvFb5dxXP7D6zF2wBdfrVuQQzeYwS4qrr89hcUexGt5Keo1euFqsZNxGbJRLxHzl","Shapa karanda epa"
"M Udara Sampath","https://www.facebook.com/m.udara.sampath","පල් හොරු, සිව්රට මුවාවෙලා වැරදි කරපු කාලෙ ඉවරයි දැන්"
"Nihal Ànagi","https://www.facebook.com/nihal.anagi","සිවුර දාගෙන කුඩු අදිනකොට කම්පා නොවන සිවුරු"
"Thivanka Anandagoda","","තිත්තේ ඔයා පින් බත් ගිලලා කටින් බොග දානකොටත් දෙරන කම්පා වෙනවා 🤣🤣"
"Kaveesha Prasanjith","https://www.facebook.com/kaveeshaprasanjith722","දෙවියොන්ට හික් ගෑවෙනවා තට්ට ඝණයො ගෑණු එක්ක හැමිනෙද්දි බුද්ධ චීවරය පොරවගෙන 🙂 V8 picco 😂"
"Sagarika Dilrukshi","https://www.facebook.com/sagarika.dilrukshi.125","අනෙ පලයං අපතයා යන්න"
"Mihiranga Rupasinghe","https://www.facebook.com/people/Mihiranga-Rupasinghe/pfbid0igLs3atuiGu9evgA9RJd8C4mm3WKGq3LPoLu6yRvv7kRPAyaEqVfQMQVqqZTdjFJl","Ane ane"
"Chanu Jp","https://www.facebook.com/profile.php?id=100000507497040","Ane huke ..kampa wenne ubata pada gihilla 😂 ehema wennea topi wage unge siwra galewwata, dutugamunu hari Wenath rajawaru a kale topi wage unge siwra gaelewwa, mahanayaka lata konda Pana nae mewa karanna ekayi topi taama ranganne"
"Suranga Prabath","https://www.facebook.com/suranga.wigesingha.2025","ගෑනු ලග ගැලෙව්වාම අවුලක් නැද්ද 🤣🤣"
"Ajith Premakumara","https://www.facebook.com/ajith.pramakumara.56","ජාාඇලඅංජුගෙන් වැඩිවිස්තටව"
"Darshi V. Abeysinghe","https://www.facebook.com/vihara.abeysinghe.2025","ආ එහෙමද එතකොට සිල්වත් කම ඕන නැ ...සිවුර දාගෙන කරන්න තියන ජරා වැඩ කරනකොට කම්පා වෙන්නේ කොහෙද දන්නේ නැ"
"Pradeep Pushpa Kumara","https://www.facebook.com/pradeep.pushpakumara.7359447","බිලා බිලා  වාහන   පදිනකොට   හාමුදුරුවන්ට කුනුහරපෙන්  බයිනකොට   චන්ඩි වගේ  හැසිරෙනකොට   ජාතින් අතර  ගැටුම්   ඇති කරනකොට  දේවාලේ ගෑනුන්ට නැමිලා වදිනල්කොට  ඔය කියන දේ වෙන්නෙ නැද්ද  උබලට කලින් කියන්න තිබුනානේ සන්වරව  හැසිරෙන්න කියලා"
"Aravinda Kumara","https://www.facebook.com/aravinda.kumara.41243","හේමරතනයා අර කෙල්ලගෙ අදුම් ගලවනකොට මොකක්ද දන් නෑ කම්පා උනේ ...😡😡"
"Chaminda Gunarathna","https://www.facebook.com/chaminda.gunarathna.35110","කාටද  කන්නලව් කරන්නේ  සමන්තබද්‍ර හාමුදුරුවන්ගේ ඔයාගේ වෙනසක් නැහැනේ බලනකොට මට තේරෙන්නේ නෑ මේක මොකක්ද කියලා එක්කෝ මට පිස්සු නැත්නම් ඕගොල්ලන්ට්ට පිස්සු මට පේන්නේ මට නොතේරෙන දේවල් මේ විශ්වයේ සෑහෙන්න තියෙනවා මේකත් ඒකෙන් එකක් වෙන්ඩ ඇති මිනිස්සුයි අතරමං වෙන්නේ ඒකයි දුක ඇතුලේ කතාව කියපු හින්දා තමයි අපි ඕගොල්ලන්ගේ ශ්‍රාවකයෝ වුණේ ඒක හෙටත් අදත් හැමදාම ඇතුළෙ කතාව කියන අය එක්ක අපි ඉන්නේ නමුත් මේ දෙවියන්ට කන්නලව් කරනවා අනේ මන්ද මට තේරෙන්නේ නෑ මේවා බුදුන් සරණ ගිය කෙනෙක් දෙවියෝ පස්සෙ යන්නේ මොකටද එදා සමන්තබද්‍ර හාමුදුරුවෝ විවේචනය කළා අද ඒ කරපු දේමයි කරන්නේ හරියට මිනිස්සුන්ට තේරුම් ගන්ඩ බෑ ඔහොම උනහම මොකක්ද කරන්නේ කියලා අපි නම් දන්නවා අපි කම්පා වෙන්නෙත් නෑ ඕවට නමුත් මෙතන අමුතු දෙයක් වෙනවා කියලා මට පේනවා ඒක හරිද වැරදිද කියලා මම කියන්න යන්නේ නෑ නමුත් ලොකු ගැටළුවක් තියෙනවා කියලා නම් පේනවා විවේචනය කරනවා නෙවෙයි සාරිපුත්ත හාමුදුරුවොත් විවේචනය කළාම පොඩි නමක් කියපුවහම සිවුර ගෑවෙනවා කියලා බිම ඒක හදාගත්තා ඔබවහන්සේ යන ගමන ඔබ වහන්සේයන්ඩ අපිට නිකං අවුලක් වගේ තේරෙනවා ඒකයිි කිව්වේ"
"Lasith Randika","https://www.facebook.com/lasith.randika.73","කවුරු හරි මේකව අරන් ගිහින් මහන කරපල්ලකෝ.... 😁"
"Chathuranga JA","https://www.facebook.com/chathuranga.ja.684063","සිවුර දාන් නටනකොට කම්පා උනේ නැද්ද තිත්ත 😃"
"Reshan A Abeysinghe","https://www.facebook.com/reshan.a.abeysinghe","Awase athule ganu dagena un siwra galawadsi kampa wenne ndda🤧"
"Chaminda Bandara","https://www.facebook.com/people/Chaminda-Bandara/pfbid024W7BDGkBas4qBs9pDPerYx97nUF2XP4tJiDyxjnTzb1QLm7M3Voxp8s9QHMApPURl","Siuru dagena thopi sasane kana kemata Yako me polawa kampa wela thiyenne...."
"Mohamed Naseer","https://www.facebook.com/bsmnaseer.naseer.5","Ethakota ahinsaka punchi thariyage gavuma gemarathna pansale kamare galavanokota mokaunada danne?"
"Neranjana Bandara","https://www.facebook.com/neranjana.bandara.10","කවුරුත් සිවුරු nikan galawanne නැහැ hari විදියට සාසනේ හිටියනම්"
"Laksiru Shanuka","","එතකොට සිවුර ගලවල කෙල්ලොන්ට Sex කරනකොට😂"
"Lakshan Welipitiya","https://www.facebook.com/lakshan.welipitiya.2025","දෙවිවරු උඹලට සාප කරනවා බන් 🙏 මිත්‍යාදෘෂ්ටික නිඝණ්ටයො ටික"
"Indrani Fernando","https://www.facebook.com/shamalee.shamalee.773","එතකෙට..අසභ්‍ය වචන භාවිතා කරන එක හොඳයි ද ස්වාමීන් වහන්සේ...අනුන් නිසා..පව් පුරවා ගන්න එපා.. සත්‍යය දකින්න."
"Rekana Senavirathna","https://www.facebook.com/rekana.senavirathna","පල්ලෙගමයා සිවුර ගලවලා පොඩි කෙල්ලො දූෂනේ කරද්දි කම්පා උනේ නෑනෙ ?"
"Ranjan W H Ranjan","https://www.facebook.com/ranjan.whranjan.94","සිවුර එලලා පොඩි උන් දූෂණය කරද්දි කම්පාවෙන්නේ ඇ..දෙකද?"
"Siyani Rajapaksha","https://www.facebook.com/siyani.rajapaksha.1","දෙයියොත්  කම්පා වෙනවා උබලගේ කතා වලට"
"Saliya Kumara","https://www.facebook.com/people/Saliya-Kumara/pfbid08oKsgDb9PwWG2BRdv9wFKLVYvwhxxhSKKGrQqBQDL6GPKp12DPyCtuzjHN14Tcngl","Siurak  dagena kalakani weda karana 🤫ubalata awasara dune kuda👺 budu dhame ehama ekak tiyanawada ☠️ganu☠️ dusanaya karana ☠️mini ☠️marana mitiyawa wapurana😡ubala tamai siure tiyena gun aya winasa kare"
"Gayantha Suposhatha Jayathilake","https://www.facebook.com/gayantha.jayathilake.75","Ko ara t shirt eka 😂"
"Jayathilaka Rajakaruna","https://www.facebook.com/people/Jayathilaka-Rajakaruna/pfbid02WrwUXevHfyStLcgfkwpdfPdM5yz3eZWQH5di9metAvs2JQEcHe4AzvCT3XsKkQEQl","ඉදියේ කාලගුණය අයහපත් වන බව කාලගුණ නිලධාරී ප්‍රකාශ කරනව. එ් මේ සිවුර ගැලෙව්වා ට නෙවෙයි"
"Vibhoo Pasan Kahandakorala","https://www.facebook.com/pasan.kahandakorala","සිවුර ගලවනකොට එහෙම කම්පාවෙනවනම් සිවුර ඇදගෙනම පූජාභූමිය තුල බාලවයස්කාර දැරිවියන් දූශනය ,අපයෝජනය කරනකොට ස්වභාවධර්මය කොහොම කම්පා වෙනවා ඇත්ද.වැහි නැති හෙන ගහලත් මදි ඒවට.✅"
"Kumarihami Rathnayske","https://www.facebook.com/people/Kumarihami-Rathnayske/pfbid06hZER1RLRcFBNxgL7gRvwQvRh2P5ErBcoZaY1jJuqA4oTBBL29vrr63iQK223XWfl","සිවුර දමාගෙන කෙල්ලෝ දුෂණය කරනකොට පොලව දෙබැවෙන්නෙ නැද්ද පරයා"
"Pradeep K Niroshan","https://www.facebook.com/niroshankp","ඕස්ට්‍රේලියාවේ කම්පා උනාද??"
"Upul Shantha","https://www.facebook.com/people/Upul-Shantha/pfbid029yoKnqGaDGihmFBwrj1qW4nfoxzqztg8ArfxcD3zRQ87nvpJ44yNNvaDecrRHjufl","Ow neda"
"Lahiru Madushan","https://www.facebook.com/lahiru.madushan.665961","පේනවද මුන්ගේ මුණු වල කිසිම එළියක් තියෙනවද."
"Sujeeka Dissanayake","https://www.facebook.com/sujeeka.dissanayake","සිවුර  පරිස්සමි කරගන්න   උන්  දැන ගන්න ඔිනි   මෙිව  කියන අපිටත්  පවු පිරෙනවා"
"Sisira Alwis","https://www.facebook.com/sisira.alwis.71","උඹලා බඩු ගහද්දි ගලවනකොට සිවුර කවුද කම්පා වෙන්නේ දන්නේ නෑ. නේද ශාසනය කනවා අපේ"
"Thilika Thilika","https://www.facebook.com/people/Thilika-Thilika/pfbid0EY695kGS8up3xHUonyBK93KuEkkhqjL4LT5NSvYFx1oSjtRMiaEE2znepCQBK8iWl","Ai ganayo thopita amathakada siwuru.dagena  podi kello dushanaya  karapuwa.umbala babala.kalakanni ganayo"
"Mangala Munasinghe","https://www.facebook.com/people/Mangala-Munasinghe/pfbid02mL7LZifRRZGCgNbQ3qhKMXswzEmnpymdPxUGSREP12X7AEBn6b3B4vckXruzvDF4l","මුන්ව දකින කොට බුද්ධාගමත් එපා වෙනවා"
"Jayalal Ranjana","https://www.facebook.com/jayalal.ranjana.98","නොපෙනන දෙයියො ගැන නෙමෙයි පෙනෙන , සිව්පසේ දෙන මිනිස්සු ඔයාල ගැන හිතන විදිය ගැන පොඩ්ඩක් කල්පනා කරල බලන්න..."
"Ranjith Kumara","https://www.facebook.com/ranjith.kumara.315213","ගැනු ඉස්සරහා අවුලක් නැද්ද තොපිට"
"Mayurasika Peris","https://www.facebook.com/mayurasika.peris","චිවරය දාගෙන සිලවන්ත භික්ෂුන් ට අපි ග⁣ෙගෙෘරවය කරනව නමුත්  එ මුවාවෙන් කරන දුශ්ශීල  වැඩ අනුමත කලොත් අපි බෙංෘදිධයෝ වෙයිද .."
"Randika Karunanayaka","https://www.facebook.com/randika.karunanayaka.3","පව් හොර ගනයා"
"KVM","https://www.facebook.com/profile.php?id=61579912382743","Aethakota siwura dhagena ae katawal kiyana thossana,boruwa,matpan, thawa thiyanawa ,mewa karanda puluwanda"
"Wasantha Dewapriya","https://www.facebook.com/profile.php?id=100013530873597","Palyab ganaya  yanda"
"Senaka Panvilathenna","https://www.facebook.com/senaka.panvilathenna","කෙල්ලන්ගේ රෙදි ගලවනකොට කම්පා වෙන්නේ කොහෙද"
"Kamal Arosha","https://www.facebook.com/kamal.arosha.998454","රාජක්ෂලාට කඩෙයනකොට අපිත් කම්පා වුනා"
"Pushpa Kumara Disanayaka","https://www.facebook.com/pushpa.kumara.disanayaka.898283","සිවුර ගලවලා ළමයින් දුෂණය කරනකොට ගැනු ලගට ගිහිල්ලා සිවුර ගලවලා හැමිනෙනකොට කම්පා වෙන්නේ නැද්ද"
"Wm Sumith Warnakulasooriya","https://www.facebook.com/sandaruwan.sandaruwan.927","Topi සිවුරු galawala kari wada karddi hodai,pala pakayo yanna,"
"Ishara Bandara","https://www.facebook.com/ishara.bandara.774339","හාමුදුරුවෝ වැරදි කරනකොටත් අපි කමිපා වෙනව"
"Rangana Sadaruwan","https://www.facebook.com/rangana.sadaruwan.587","එතකොට හාමුදුරුවනේ සමහර පන්සල් වල අර උපාසක අම්මලා කාමරේ දාගෙන සිවුරු ගලවන එකට කම්පා වෙන්නේ කොහේද 🤣🤣🤣🤣"
"Niroshana Gunawardana","https://www.facebook.com/people/Niroshana-Gunawardana/pfbid0Q5TSKRsNM8U77Bqg1x2tbhNKX48mXfrRbcPvJzD4SnXJU7tJQQtB5DH5Ud3Aq2Sfl","එතකොට පොඩි දරුවො දූෂනය කරන වෙලාවෙ දෙවිවරු දොයිය බබා වෙලාද.?"
"Sandaruwan Chamara","https://www.facebook.com/sandaruwan.chamara.739","Siwura galogena genuth ekka hemanenna hodai.ewata katha karanna akekwath na"
"Ranjith Abeysinghe Mega","https://www.facebook.com/ranjith.abeysinghe.90","හරි අය අවන්ක අය සාශණය ආදරයෙන් රකින අය සිව්ර ගැලෙව්වොත් අයින්කරොත් තමයි එහෙම කම්පා වෙනව ඇත්තෙ උබල වගෙ නිගන්ට යොන් නිසා මොනව කම්පා වෙන්නද කාලකන්නි"
"Dhanushka Gunarathna","https://www.facebook.com/danushkabandara.gunarathna","Birthday party nedda? 🤣"
"Anita Perera","https://www.facebook.com/anita.perera.3344","🙄🙄🥺🥺🙄🙄අනේ මන්දා ඔබවහන්සේ මොනවා කියනවද කියලා. මිනිස්සු න්ගෙන් බැනුම් අහනවා දැන්. මිනිස්සු දන්නවා හොඳ ස්වාමින් වහන්සේලා කව්ද. තග දාන අය කව්ද. බුදු බණ දේසනා කරන අය කව්ද කියලා. බොරුවට පම්පෝරි ගහන එක නවත්තන්න"
"Asanga Perera","https://www.facebook.com/asanga.perera.967417","උබේ බණ හොදයි   වැද්දන්ට 🤣🤣"
"Kalum Chamara","https://www.facebook.com/kalum.chamara.65884","පුංචි කෙල්ලෝ ළඟ සිවුර ගලවද්දි මොකක්ද දන්නෑ කම්පා වෙන්නේ."
"Indrani Wasantha","https://www.facebook.com/indrani.wasantha.37","Paare inda epa.polawa palei"
"Gamini Kumara","https://www.facebook.com/people/Gamini-Kumara/pfbid02pgHYdJDouNHhiQoswGeQbqGLmpuHVsYFiYpsqvpacooEvcdXXKFYQqf3Vi7xtiUdl","පල්ලෙගමසිවුරදගනනෙදජංගියගැලෙ,වුවෙ"
"Pubudu Rangana","https://www.facebook.com/pubudu.rangana.399","දඩුවම් දුන්නේත් දෙවියන්ගේ කැමැත්තටද දන්නෑ..එහෙම උනොත් මොකද කරන්නේ...විශ්නු දෙවියෝ සිවුර බේරන් සිවුර ඇදන් ඉන්න ආපරාද කාරයන්ට  දඩුවම් දෙන්න පටන් අරන්.."
"Nilu Shamila","https://www.facebook.com/nilmini.abhegunawardhana","සිවුර දාගෙන කරන තිරිසන් වැඩ, ඒවට මොකද වෙන්නෙ හාමුදුරුවනේ .."
"Sisira Kumarasiri","https://www.facebook.com/sisira.kumarasiri.142","දුස්සීල භික්ෂුවකගේ සිවුරු ගලවන විට සම්‍යක් දෘෂ්ටික දෙවිවරු සාදු කාර දෙනවා.....🙏🙏🙏"
"Heshan Ranasinghe","https://www.facebook.com/kalana.heshan.9","Me vage aya tamange vasiyata siuru damma kohomat kampa venava"
"Upul Nishantha","https://www.facebook.com/people/Upul-Nishantha/61590475805581","අර තිත්ත පැටියා කියනව ඥාණසාරගෙ සිවුර ගළවනකොට දෙයියො කම්පා වුණාලු. එතකොට කුඩා දැරියන්ගෙ ""ජංගි"" ගළවනකොට ඔය දෙයියො කොහේද ? හිටියෙ.."
"Randika Madumal","https://www.facebook.com/randika.randi.395017","Plyan httpto yanna 🙏"
"Indika Diluk Indika Indika","https://www.facebook.com/diluk.hathamunage","Polawa kampaweccha tawath mohotak"
"සයක්කාරනලින් අසංක","https://www.facebook.com/h479710vrv","සිවුර දාගත්තට වැඩක් නෑ පන්සිල් පද පහවත් රකින්න දන්නැති උන්."
"Sarath Wijebandara","https://www.facebook.com/sarath.wijebandara.357","ගැහැණුන්ට ඉස්සරහා ගලවනකොටසක් මහ පොළොව කම්පා වෙන්නැද්ද කොහෙද"
"Lalith Priyadarshana","https://www.facebook.com/lalith.priyadarshana2","දේව කන් පා වෙනව 😁"
"Amila Pradeep","https://www.facebook.com/amila.pradeep.186","Thopi hinda thamai siurata kelawila thiyenne gana gediya pin batha"
"වජිර ජයසිංහ","https://www.facebook.com/8434u3y8dm","සිවුරු දාගෙන පොඩි ළමයි දූෂණය කරකකොට මහ පොළොව නෙවෙයි මුළු විශ්වයම කම්පාවෙනවා හොඳේ මතක තියාගන්න."
"Ravishanka Senanayake","https://www.facebook.com/ravishanka.senanayake","මිත්‍යාව වපුරන තවත් දුස්සීලයෙක්"
"Sumanaweera Sumanaweera","https://www.facebook.com/sumanaweera.sumanaweera.2025","යකෝ දැන්සිවුරු ගලවලදාල යනවිදියට එහෙම් පොළවක්  නැතිවෙලා තියෙන්න ඕනි"
"Gamini Kahangama","","අපේ හාමුදුරුවනේ. ඔය සිවුර පන්සල් ඇතුලේ ගැලවෙනකොට පොඩි ගැහැණු ළමයි ගෙනල්ලා.. එතකොට ඔය කියන දෙවිවරු කම්පා වෙන්නැද්ද ???? රටේ පිළිගත්ත රියදුරු බලපත්‍රයක් නැතුව,  ආදායම් බලපත්‍රයත් දුම් පරීක්ෂාවක් රියැදුරු බලපත්‍රයක් නැතුව, හයිවේ එකේ ගිහිල්ලා මිනිස්සු හප්පලා, නීතිය දෙවඟල ඉස්සරහ,  උසාවි වල යකා නටලා , රාජ්‍ය නිලධාරීන්ට පරුස වචනයෙන් බැනලා තර්ජනය කරලා ඒගොල්ලන්ගේ රස්සාවට බාධා කරලා.. පොඩි සාමණේර වහන්සේලා ට බොහොම දරුණු ලිංගික අඩන්තේට්ටම් කරනකොට, ඔය කියන දෙවිවරු කෝප වෙන්නේ නැද්ද ??"
"Wsr Kumara","https://www.facebook.com/wsr.kumara.2025","ඔය මනුස්සයගේ සියුර ගැලෙවුවේ නිතියෙන් මිසක් ආන්ඩුවකින් නෙමෙයි. අනික පලවෙනි වතාවත් නෙමෙයි ගලවපු ඔය යකා සියුර පලවෙනි පාර ඔය සිවුර ගලවපු වෙලේ මුං මෙහෙම බෙරියන් දුන්නද නෑනේ ඒ මොකද රජ කලේ කොහොමද රාජපක්ෂගේ හෙන්චයියොනේ. දැන් නිතිය ක්‍රියාත් මක වෙද්දි මුං ඩෙගා නටනවා ඉස්සරවගේ කියලා හිතං.. නිතියට අවනත විය යුතුමයි සියල්ලොම.."
"Wimal Hopitigala","https://www.facebook.com/wimal.hopitigala","ඇත්ත සහතික ඇත්ත.ඒකට අමුඩයක් ගස්සන්න ඕනි.ඒක කරලා."
"Dinuka F'do","https://www.facebook.com/vimoth.fernando","සිවුර දාන් ගල් කපන්න හොදයි"
"මගේ මතය","https://www.facebook.com/people/%E0%B6%B8%E0%B6%9C%E0%B7%9A-%E0%B6%B8%E0%B6%AD%E0%B6%BA/61552337347012","සිවුරු ඇදන් බීලා වාහන එලවලා මාට්ටු උනාම මොකක්ද කම්පා වෙන්නේ"
"Darshana Indika","https://www.facebook.com/darshana.indika.2025","පල්ලේගම සිවුර ගලවලා . කරපු වැඩේ ගැන මුන් මොකුත් කියන්නේ නෑ නේ"
"Dishan Susantha","","දෙනවා බඩු ගහන්නයයී කොල්ලෝ ගහන්නයී"
"Don Amila","https://www.facebook.com/profile.php?id=100007416669664","මේ ගෝතයගෙත් සුවුර ගලවන්න ඔනි"
"Sanjaya Wedikkara","https://www.facebook.com/sanjaya.weddikra","කහා ලයිටර් 😄"
"Kelum Konara","https://www.facebook.com/kelum.konara","සිවුර දාගෙන පොඩි දරුවෝ දුෂණය කරද්දි මොනවද කම්පා වෙන්නෙ..."
"Mallawarachchi Thilak","https://www.facebook.com/mallawarachchi.thilak.9","හනේ හාමුදුරුවනේ තමන්ගේ වාසියට බොරු කියන්න එපා තමන් සීලවන්තනම් අවුලක් නෑ නමුත් දුස්සීලනම් නිහතමානීව ඒක පිලිගැනීමනේ බෞද්ධකම."
"Nisayuru Lakkana","https://www.facebook.com/nisayuru.lakkana","අනිත් සිරගත වෙලා ඉන්න 63නම ගැන වගේ වගක් නෑ ඇයි ඒ ? නානසාරම බේරන්න මිනිස්සු කුලප්පු කරන්නෙ"
"Upali Shantha","","Siuru dagena rata Gini thiyaddi thamai polowath kampa wenne"
"Prasanna Ekanayake","https://www.facebook.com/prasanna.ekanayake.58","මිනිස් සමාජය තුල වෛරය පතුරුවණ අලුත් චීවර දාරියා"
"Manju Rajapaksha","https://www.facebook.com/manju.rajapaksha.5","ඔව් ඔව් දෙවියො කම්පාවෙලා තොපිට බඩු බනිස් වේගෙන යන්නෙ දැන්...පාටි දාන්ඩත් නෑනෙ දැන්..😄😄😄😄😄"
"Nuwan Priyankara","https://www.facebook.com/nuwanpriyan03","Mahana kenekda eya"
"Gayan Sameera","https://www.facebook.com/gayan.sameera.108","සිවුරු ඇදගෙන තිරිසං වැඩ කරනකොට කම්පා වෙන්නැද්ද...අටමස්ථානාධිපති වගේ අමු තිරිසන් වැඩ කරණකොට 🖕"
"Malaka Sandaruone","https://www.facebook.com/khmm.sandaruwan","බුදුහාමුදුරුවෝ හිටියනම් කම්පා වෙනවා මේවා දැකලා"
"Lahiru Zoysa","https://www.facebook.com/lahiru.zoysa.2025","මහ පොළොව කම්පා වෙන්නේ ඔය වගේ ජඩයෝ සිවුර ඇදගත්තාම 🤣🤣🤣"
"Deepika Wimaladharma","https://www.facebook.com/deepika.wimaladharma","ඔය සිවුර ගැලෙව්ව පුමානය දන්නේ එයාම තමා එතකොට කවුද කම්පා උනේ."
"Punci Manike","https://www.facebook.com/dulana.morais","සිවුර ගලවලා ලමා අපචාර කරනකොට ඔව්ව  නැද්ද හාල්පාරුවෝ නෙ"
"Ayesh Jayashan","https://www.facebook.com/ayesh.jayashan.16","Nidan haranakota mokada wenne😁"
"Kaveesha Athapaththu","https://www.facebook.com/kaveesha.athapaththu","Ayesh Jayashan කොහෙද යන්නෙ මල්ලෙ පොල්"
"Ayesh Jayashan","https://www.facebook.com/ayesh.jayashan.16","Kaveesha Athapaththu mun siuru dan karapuwa thamai me ratata kelawenne"
"Ajith Perea","https://www.facebook.com/people/Ajith-Perea/pfbid0Xut1bxxh8hrTGY1o7iRrvFDzbTwoXEgJKGifX7S2rkm6FeUavx1vrrA51BLXmwnYl","Munta danawath dAnda apa"
"Pathma Kanthi Warusange","https://www.facebook.com/people/Pathma-Kanthi-Warusange/pfbid0PKfTFPrqusroUrTwwLXJEwYaSk9CeYgRsKi5ftZ7uX6ocmJHzQk7w9cBvApkMC45l","À huththo umbalata issara hewun horakala minissu parawal wala polimwala mareddi noka nobi indedei polawa ai ban kampa noune ane hukan uththo topita budunge gaura niya chiwaraya galawala puka palenna vewalakin dunna nam polawa vitharak nowei ahasath olwarsan dei ane hukahan kewattaya"
"Ariyapala Bambaranda","https://www.facebook.com/people/Ariyapala-Bambaranda/61581153987436","ඔය ඔනතරම් පන්සල්වල හාමුදුරුවන්ගෙ සිව්රු ගලවන්නෙ අහල පහල ගෙවල්වල ඉන්න ඇන්ටිල සාක්ෂි ඇතිව කියන්නෙ"
"Nuwan Rajapakse","https://www.facebook.com/nuwan.rajapakse.98","හෙමරාතන පාපිස්ස ළඟ සිඋර ගලවනකොට දෙවියෝ කම්පා වුනේ නැද්ද?"
"ආරියබන්දු විජේසුරිය","https://www.facebook.com/cmedc5jtvi","සිල්වත් බික්ෂුන් ද මේ?"
"Kasun Kumara","https://www.facebook.com/people/Kasun-Kumara/pfbid0zRSzg6EZos7C5jfp7SKuywiezjGjPHTTv2EZJ8G4z2DGNTuAhhCNtVwC1rQBGRFml","සිවුර දොර උඩ දාල බඩු ගහනකොට කම්පා වෙන්නෙ නැද්ද පරයො..."
"Amith Jayawardhana","https://www.facebook.com/amith.jayawardhana","Ubala kips danak karana wada dakkama daviyoth adanawa ban sadukara dana aka kasa wathath"
"Priyantha Jayaweera","https://www.facebook.com/people/Priyantha-Jayaweera/pfbid02oTdJWwGXQcETeduPocBD4dHpQ3XZSPJQBmiKja4ZzRTfkSDzD8iZXEve9ZmaEHwbl","ane hamuduruwane oka kiyanna waradi karana hamuduruwanta maha janaya dannawa aththa boruwa mokakda kiyala  maha janayawa thawath boru kiyala  Rawattanna ba"
"Chaluka Milan Milan","https://www.facebook.com/people/Chaluka-Milan-Milan/61575302828105","Siura galola kupadikam karanakota mokada wenna ape saadu."
"Kasun Kasun","https://www.facebook.com/kasun.kasun.662333","A bola hora gana yo ethakota siura dagena thakkadi wadi karana kota lamai dusanaya karana kota kampa wenne mokunda danne na"
"Samaraweera Ravindra","https://www.facebook.com/samaraweera.ravindra","Borune genu issaraha gelaweddi moko wenne......🤣🤣🤣"
"Bernard Withanage","https://www.facebook.com/benard.witanage","අනුරාධපරේ අර ලොකුහාමුදුරූ කෙනෙක්.ලමයෙකුට මොනවද කරල තිබිබෙ.සිවුර ගළවන්නෙ නැතිවද.එතකෙට මොකුත් කම්පා උනේ නැද්ද හාමුදුරුවනේ.."
"Sadamali Sadamali","https://www.facebook.com/people/Sadamali-Sadamali/pfbid0366iXo9W1FZUYJtDtRnGf5UDy5FNK4zGt7mmDDPZoLdDzf2hAqpTcVKKjHY7AaM8fl","සිවුරු දාගෙන ළමයි දුෂණය කරන්න හොදයි"
"Sumith Susantha","https://www.facebook.com/udan.janindu.5","මට පේන්නේ  මෙයාටත් නඩු තියෙනවා  වගේ මෙච්චර කල් ගොඩාක් කෑ ගැහුවේ ළගදි කුරැ ගනින්න ඉන්න උන්. සාමාන්‍ය  ජනතාව මයික් කාගෙන කෑගැහුවෙි නෑ. ජන්දේ  දි ලස්සනට  වැඩේ කරනවා. බුරන වුන් හොරැ වගේ කියල හිතෙනවා."
"Manoch Pelpola","https://www.facebook.com/manoch.pelpola.3","Yako ubalage siueu gon badu idiriyeth galonawa neda oya pansal wala ...awaya videoth thiyenawa  samaje...palamuwa ubala hari gamanak palayalla"
"Chamarindu Jalithamina","https://www.facebook.com/chamarindu.jalithamina.3",""" ආනන්ද .. අනාගතයේදී ආහාර සහ අනෙකුත් සුඛ විහරණ භුක්ති විදීමට පමණක් සිවුරු දරන පුද්ගලයන් මගේ ශාසනය තුළ බිහිවේවී.. ඔවුන් 'ශ්‍රමණ ප්‍රතිරූපකයන්' යනුවෙන් හඳුන්වෙමි ..."" -භාග්‍යවත් ලොවුතුරා ගෞතම බුදුරජාණන් වහන්සේ..🙏  https://www.facebook.com/share/r/1Jd5eSFESx/?mibextid=wwXIfr"
"Nimal Jayawardana","https://www.facebook.com/people/Nimal-Jayawardana/pfbid029k9YwVvkAbsh1hhyb81QguBhfXZw2ajhVheB6yJJEt1yN5zoAabgAzL7VJjMARfMl","මුන් ඇත්තටම සිවුර බංකරයක් කර ගෙන අහිංසක මිනිස්සු රවට්ටලා බඩ වඩා ගන්නවා ඔයිට වඩා හොඳයි චීවර හොරු වටවෙලා කක්කුස්සි වලක් ඇදන් කාපල්ලා ඒක නම්බුකාරයි"
"Asanka Vidanapathirana","https://www.facebook.com/asanka.vidanapathirana.1","Uthum budda sasaney kanney nathuwa oka galawala thiyala higin oney deyak karaganin.mokada lankawey inna baudda haamudurwanta inna oney mey apey sasaney"
"S S Kumara Sampath","https://www.facebook.com/s.s.kumara.sampath","Anurata kiyaña apa daiyangan  ellaganila ubala karana baluvada karana jatiyak oya seura dagana monataram aparada karala tiyana danna kana dannava apa agama nisa sada natuva inna"
"Anoma Kumari","https://www.facebook.com/people/Anoma-Kumari/pfbid06C514HeBmMFZegxB6DEuYhdtKcpuuxgyXki62UxBh88mVqy36CZXwjn3MKvKbGonl","සිවුර කාමරවල එල්ලලා පැනල යන සාදුලා  ඉන්නව නේද"
"Nuwan Sampath","https://www.facebook.com/nuwan.sampath.546643","Yako atakota suruadgana podi lami dusanakarana sura adganmada dana na apa hmuduruwana"
"Mohommed Akram","https://www.facebook.com/people/Mohommed-Akram/pfbid0vZgFJpnMagZduKWqZ8NUjpi1ekwhWfnRTpEc3oyM63uMZS5qVR464t3EA265kiBGl","Polawa kampa wenne thopila horunta Kade yaddi"
"නදී රන්දෙනිය","https://www.facebook.com/people/%E0%B6%B1%E0%B6%AF%E0%B7%93-%E0%B6%BB%E0%B6%B1%E0%B7%8A%E0%B6%AF%E0%B7%99%E0%B6%B1%E0%B7%92%E0%B6%BA/pfbid031yYe24zUHD64ArXg2CHp88vZoVQnVTjgy9xXd37WQyTykTWCuqskKnaCBHuJv9zJl","පොඩි ළමයි පන්සල් ඇතුලේ  අතවරයල ලක්වෙන තරමට පොළව කම්පා වෙනවා නම් දැන් කම්පා වෙලාම පොළවට ඇති වෙලා"
"Harshani Alvis","https://www.facebook.com/people/Harshani-Alvis/61582197915359","Mun okkoma ellala maranna ona hora ganayo"
"Tharanga Rajapaksha","https://www.facebook.com/people/Tharanga-Rajapaksha/pfbid02Y6M2uhdoHXzn6kvFneUVjDrzHTHN7Uc3K65tGYzm6ZZdAfigvATjwYjZHRFSWXDl","Kiyak dunnada"
"Rohana Yapa","https://www.facebook.com/people/Rohana-Yapa/pfbid0W3eootNwHADhxCL8YbkZfHwAau1GWQw7MSKpo2y8xoGGaHnR5QUzzLKGnpAGBcj6l","Uba kauda ban ganagediyo"
"Dasun Kaldera","https://www.facebook.com/dasun.kaldera.9","උඹට පිස්සු බන්.2018 කොහෙද හිටියේ තිත්තේ ඔයා..දන්න අභිධර්මේ කියන් හිටියනම් වටිනවා"
"KD Deshan","https://www.facebook.com/kd.deshan","දෙවියොත් දේශපාලනයට කඩේ යනවද බං මන් අදමයි ඇහුවේ 😂😂😂"
"Surangika Manage","https://www.facebook.com/surangika.manage","චිිවරය දාගෙන කරන අධර්මිෂ්ට දුශ්ශිිල වැඩ වලට නං මහපොලව කම්පාවෙනව.උඹල දන්නවද දේවදත්ත අපායට ගියේ ඔන්න ඔයවගේ දුුසශ්ශිලවැඩ කරල"
"W.M. Roshan Hemantha","https://www.facebook.com/roshanhemantha.rose","අම්මෝහ් අම්මෝහ්"
"Abeyratne Jayatunga","https://www.facebook.com/abeyratne.jayatunga.9","ජීවත්වෙන්න සිවුරැ පොරවගත්ත නඩේ‍ මරැ කියවනව සිල්වත්යතිවරැ හිනාවෙනව"
"Mahesh Indunil","https://www.facebook.com/people/Mahesh-Indunil/pfbid036f9nVLf4ygm7394zHSzSNBR3vu1vaVzR7u6y2S1DZXhNeCdSjfftmEMaZopdKykpl","දැන් තමයි ඒ කම්පාව ඇතිවෙලා තියෙන්නේ අපිත් බලගෙන ඉන්නෙ..ඒ දහම"
"Wasantha Walihinda","https://www.facebook.com/wasantha.walihinda","Ane haamuduruwane pansalata wela Banak Bawanawak Deshanakeragena inna....Minissunta thawath Paupurawannathuwa...Laajai Mage Upan Game Kiyannath......"
"Sunil Maarasingha","https://www.facebook.com/people/Sunil-Maarasingha/pfbid02SVaARTw9rX3zpp7WYQeUHfxGDBoeNuNnHx4fMAD74noqfkc2PpcQzHSmoWvaxZyFl","ITHINMAGEHAMUDURUWANE.2018.U.N.P. ANDUWENDADUWAM.DIILASURA.GALWANKOTA.OYAWAGEDANUNENATHIDA."
"Dinu Fernando","","නියම සක්කිලි පොඩිඑව්න් දූෂණය කරන අපාගත තුප්පහේ සක්කිලි ජාතිය"
"Buddhîk Bândârâ","https://www.facebook.com/buddhika.bandara.100","සිල්වත් බික්ශුන් කොහෙද ඔහෙද....🥴✌🏻😂"
"Nalin Sumathipala","","ඉස්සරහට කොහොමත් වහිනවා. එල්නිනෝ නිසා වැස්ස කොහොමත් වැඩි වෙයි 🤪🤪🤪"
"Suranga Lakmal","https://www.facebook.com/srnglakmal","අපිත් සෑහෙන්න කම්පා වෙල ඉන්නෙ ඔයාල දැකල😱😡"
"Nishantha Nandasena","https://www.facebook.com/nishantha.nandasena.1","අටමස්තානාදිපති චීවරය ගලවන්නැතුව තමා අර වැඩේ කරල තියෙන්නෙ නැත්තම් දෙයියො කම්පාවෙනවනෙ"
"Nipun Madusanka","https://www.facebook.com/profile.php?id=100009863351515","අටමස්ථානෙ ලොක්කා සිවුර ගලවල පොඩි කෙල්ලො දූෂණය කරද්දි මොනාද කම්පා උනේ..ඒවට තොපි මීක් නෑ..ඒව පුලුවන් තරම් යටගහන්න හැදුවා..ඥානසාරගෙ සිවුර ගැලෙව්වම තමයි තොපිට නගින්නෙ..ආයෙ ධර්ම සංගායනාවක් තියලා මෙන්න මුන්ගෙ සිවුරත් ගලවල ශාසනෙන් පන්නලම දැම්මනම් හරි..😒😒"
"Indika Sri Sanjeewa Kularathna","https://www.facebook.com/indika.srisanjeewa","පල්ලේගම ගලවද්දි කම්පා උන දේවල් ටික තමා පාපිස්සට වැටිල තියෙන්නෙ"
"Aruna Shantha Aththanayaka","https://www.facebook.com/aruna.shantha.587","Issara nam hitha gena hitiye ubala niyama porawal kiyala. Dan nam penawa politics walin natawana pendo kiyala"
"Mahesh Prasanna","https://www.facebook.com/mahesh.prasanna.186590","බඩු ගහද්දි දෙයියො බුදිද.."
"Chamini Niranjana","https://www.facebook.com/profile.php?id=100058287926785","ඕවා අහලා ස්භාදහම කම්පා නොවුනොත් පුදුමයී 😁😁"
"Thomas Sovis","","මුන්ට නඩු පිට නඩු වැටුන සිව්රු😂😂 හොර ගනයන්😂😂"
"Jayasundara Senarath","https://www.facebook.com/people/Jayasundara-Senarath/pfbid0kv5spMXAccoRrKjHny6EwvzooaehDd3jck1um9uZwiztwEmoneoToASESQ7zw9AYl","සිවුරු දාගන්න ඔක්කොම හාමුදුරුවෝ නෙමේ තොපි වගේම හොරු ඉන්නවා"
"Ashan Iranga","https://www.facebook.com/profile.php?id=1326354349","පල්ලෙගමයා ගලවද්දිත් කම්පා වෙන්න ඇති එහෙනම්. කෙදිරි ගාන්න එපා අනේ"
"Wakkubure Dingirala","https://www.facebook.com/wakkubure.dingirala","ඔව් ඕයි . . ගිය සුමානෙ අපේ ගමේ පොලොව ජුංඩක් එහෙ මෙහෙ වුනා. මං කල්පනා කලා ඒත් මොකෝ මේ කියල. දැං නෙ දැතගත්තෙ හුටපටේ.  හේමෙ අර පාපිස්සෙ ශුක්‍රානු හලනකොට පොලොවට ගාණකුත් නෑ අහසට ගාණකුත් නෑ. මාරයි ඕයි."
"Apcd Pathirana","https://www.facebook.com/chandimadinesh.adikari","එක එකාගේ කොන්ත්‍රාත් කරන අමු සක්කිලි ඝනයෝ ජාතිවාදය අවුස්සන"
"Surandra Kumarasinghe","https://www.facebook.com/surandra.kumarasinghe","ඕස්ට්‍රේලියාවේ එකා මහවුලු ගෙදර  වැලෙලෙන්නේ නැතුව හිටපිය  මෙල්බන් (සගරජු) නොහොත් පුකේ කරජු"
"WB Sisira","https://www.facebook.com/wb.sisira","Siwra  dagena  karsnawada walatakampawenne  nsdda"
"Sujee Ma","https://www.facebook.com/people/Sujee-Ma/pfbid0DW2K73XHhPgbDmv39Vg9fB7oZvDdrDwxt6H87wRFfbzfVWcK5dNtVfgakmma6CsPl","Ubala hamuduru horune aulak naha"
"Yasith Nissanka","https://www.facebook.com/yasith.nissanka","සිවුරු දාන් නීති විරෝධි දේවල් කරන එක අනුමත කරනවද හාමුදුරුවනේ"
"Vidu Perera","","Yasith Nissanka තිත්තයගෙ පිටිපස්සෙ ඉන්න මූනු බලපන්කො මල්ලි මරු බඩු කෑලි ටිකක් කියලා පේනවා නේද?"
"Yasith Nissanka","https://www.facebook.com/yasith.nissanka","Vidu Pereramun loka horu ayiye"
"Aruna Kumara","https://www.facebook.com/people/Aruna-Kumara/pfbid024CXNaeEU7k1tMXcAxuGgz9Pq2ZKKMVtJ5q14pZUY62rLAHNTPAJ6PPQcUdJ6EDN4l","අැයි නිදන් හාරනකොට"
"Sunil Jayaweera","https://www.facebook.com/people/Sunil-Jayaweera/pfbid02zp47SpZkYvT3zSngjenzmA67knv8b3trV1hQ7PyxK3tGnMSMGihdDsGc9oNWmyYsl","දුෂ්ෂීල බික්ෂුන් මෙන්ම දුෂ්ෂීල බික්ෂුන් වෙනුවෙන් පෙනි සිටින එවුන්ට එරෙහිව පාරට බයිමු පෙල ගැසේමු"
"Naveen Hettiarachchi","https://www.facebook.com/naveen.hettiarachchi.599820","යකෝ අර පොඩි එකීව දූශනය කරාම හාමුදුරු වො ඒකටඔහොම උඩ පැන්නෙ නෑනේ"
"Kamal Madusanka","https://www.facebook.com/kamal.madusanka.581","අනිත් මගුල් කරනකොට හොදයි."
"සම්පත් කපිල","https://www.facebook.com/people/%E0%B7%83%E0%B6%B8%E0%B7%8A%E0%B6%B4%E0%B6%AD%E0%B7%8A-%E0%B6%9A%E0%B6%B4%E0%B7%92%E0%B6%BD/pfbid02V73ewL7TfS3b1eSqyRcrDVgUyvB6eqwT2ortL2yG67S9eigXvB3iBJ1E4hnpWckzl","අනේහමුදුරැවනේ  කෝහේද කමිපවුනේ   පක්සයක්   බදගේන  කරනදේ  මෝනවද හමුදුරැවනේ     සිවුරැරැගැලවෙයි   අනුන්හදන්න ඉස්සරවෙලා  තමන්හැදිලාඉන්න  අපේහමුදුරැවනි    සිවුරට මුවාවෙලා කරනදේවල් නිසාතමයි  මෙහෙම  වෙන්නේ   තවන්හමුදුරැ  වරැ     ඉන්නේ කිසිම පාස්නයාක්  නැනිව  ඉන්නේ  ජඩකමි  සහ  මැරකාන් කරන  හමුදුරැවරැ තමයි  හිරගේවල්වලට   වෙලා  ඉන්නේ"
"Sandaru Prabashwara","https://www.facebook.com/people/Sandaru-Prabashwara/pfbid02TdRepSQ9pWbMKY9gqF3pJDKHPuhQxcMReUswrFm7iY4PMiwfMRCRxmo613DaPXAvl","pakaya"
"Sujith Rathnaweera","https://www.facebook.com/sujith.rathnaweera.75","සිවුර ගැන වැලපෙන්න හදන එවුන් තනිකර සිවුරට මුවා වෙලා සක්කිලි වැඩ කරපු උන් දැන්වත් දැනගනිව් නීතිය කියන්නෙ කාටත් එකවගේ කියල කිසිම ප්‍රශ්නයක් නැහැ බනක් බාවනාවක් කරගෙන හිටියානම්"
"Bandara Dannjaya","https://www.facebook.com/bandara.dannjaya","Atamasthana  kohoma  Kampa wenna athda  Neda hamuduruwana"
"තේ ෂ්","","පල්ලේගම හේමරතනයගෙ සිද්ධියෙදි එකෙක් මීක් නෑ."
"Lionel Wickramasinghe","https://www.facebook.com/lionel.wickramasinghe.39","Denawa  ethi hebeie  thovage. Evunra  nemeie"
"Lionel Wickramasinghe","https://www.facebook.com/lionel.wickramasinghe.39","See"
"Ruwan Ruwn","https://www.facebook.com/people/Ruwan-Ruwn/pfbid02UnNWUg3zuuqcs3VekxMYdJgoGC5KMA2yojoqXWg8oUdBbsHBMPRVHLS9GVPrkHYHl","කතා දෙකක් නැ දෙවිවරැ  දුස්සීල අයට උදව් කරන්නැ...බලන්නෙත් නැ"
"Manoj Chathu","","සිව්රට වහන් වෙලා  පාදඩයෝ දාමරයෝ ඡීවරය පොරවාගෙන භික්ෂුන්ස් ශාසනය විනාස කරනවා....   බුදුධශාසනය බුද්ධදේශනාව ආරක්ශාකර ගන්න ඕන,   ඔන්න ඔය ඡීවරය පොරවාගෙන දේශපාලන කරන සහ තියන පාදඩ වැඩ ඔක්කෝම කරන බල්ලොන්ගෙන්...."
"Ayesha Dilshani","https://www.facebook.com/ayesha.dilshani.585","තිත්තගල්ල සිව් ර දාගෙන නටපු නාඩගම් කව්ද නොදන්නෙ😂😂😂"
"Neranjan Weerasekara","https://www.facebook.com/neranjan.weerasekara.2025","මූ උන්මත්තකයෙක්"
"Nuwan Rambadagalla","","සිවුර දාගෙන බඩු ගහනකොට කුඩා සාමණේර වරු අපයෝජනය කරනකොට දැරියන් දූශනය කරනකොට ඕක කම්පා වෙන්නේ නැද්ද"
"Wenura Danushka","https://www.facebook.com/wenura.danushka","සිවුරු  දරා කරන වැඩවලට කවුද කම්පා වෙන්නේ ..........."
"Sudantha Kumara","https://www.facebook.com/sudantha.kumara.984","Paka thamai"
"Jayampathy Yapabandara","https://www.facebook.com/people/Jayampathy-Yapabandara/pfbid0DWtzAfZV87mJrM1oH5SdLMLncuzrr1uRvTUnyCPBu976Y4VUCVzoxqUHTdxqMeGyl","බෞද්ධ ලේබලයට මුවා වෙලා අපචාර යුගයක් ඇති කර ගැනීමට තමයි මේ උත්සාහය දරන්නේ.. ප්‍රතිපත්ති ගරුක බෞද්ධයන් සුදානම් නැහැ මෙම පුද්ගලයන් කියන දේවල් පිළිගන්න.."
"Pathirage Don Nilan Derrick","https://www.facebook.com/pathiragedon.nilanderrick","බෞද්ධ ධර්ෂනය නැ කියලා ද මේ ස්වාමින් වහන්සේ ලා කියන්නේ. බුදුන්ට වඩා දෙවි වරැ බලවත් කියලා නේ මේ පෙන්වන්න හදන්නේ. අැයි දැන් දේවාල ගානේ බඩගාන්න පටන් අරන් තියෙන්නේ. බෞද්ධ උනාට වැඩක් නැ ධර්මයත් මුන්ට දැං විහිළුවක් වෙලා. එක්තරා පවුලක් වෙනුවෙන් බුද්ධ සාසනයම පාවාදෙන්නේ නානසාරගේ නිකාය. මිනිස්සුන්ට බණ දේශනා කරනවා සියල්ල අත් හරින්න කියලා. මුං ට කැපයි සියල්ල රැස් කරගන්න."
"Eranda Jp","https://www.facebook.com/eranda.jp.2025","Munge වැඩ දැකලා දෙවියෝ kampa වෙලා tiyenne"
"Anuradha Sanka","https://www.facebook.com/anuradha.sanka.79","මේ නරකාදියන්ට කියන්නෙ වචන නැහැ ඒ තරම් තුප්පයි. හැත්තක්"
"Nissanka Herath","https://www.facebook.com/people/Nissanka-Herath/pfbid09nmdbawVssmsUyjUg1Fwsm1YAPK624k8bun2P1pPuBYygsNkDdMfFYpgjm1ekgAjl","සිවුරු ගලවලා හෙලුවෙන් ගෑනුත් එක්ක ලැග්ගහම ඇදවල්  කම්පා  වෙනවා බන් ...."
"Gamini Weerakoon","https://www.facebook.com/people/Gamini-Weerakoon/pfbid0N4VXLNYk4dXSmZdNMHApgHLEvrZshyztmJUoDG9Hdewx2yPp5zaTLwrqhabs82tFl","කාලකන්නි සිවුරු රදවන"
"A.B. Herath","https://www.facebook.com/people/AB-Herath/pfbid02wSnazT6id62Qr4HKnbys4ooBdjtfYpg7hidHce3oHZ2PNtWgH4n8PSdMVoZh9NKPl","තෝ ගැලව්වොත් නම් එහෙම වෙයි ලබ්බ දැකලා .... සිවුරට මුවා වුන අපතයා ...."
"Chaminda Kumara","https://www.facebook.com/chaminda.kumara.590384","Mona prasnayak wath nane polawa kampa wena wada nokara hitiyanam"
"Sunilchandra Chandra","https://www.facebook.com/sunilchandra.chandra.77","Me kariya kiyana boruwalata muta henagahane nathi eka pudumai mun siuradagena karana baluwada walata ehenam munta wahi nathi hena wadinta ona kariballo"
"Premasiri Kumara","https://www.facebook.com/premasiri.kumara.359","Gahanu gawa siuru galawenakota kampa wenne kokada"
"Udaya Rankothge","https://www.facebook.com/udaya.rankothge.2025","Siwura Galawala Genu Ekka Budhiyanakota Kampawela Thopita Hen Gahanna Ona Neda"
"Mahinda Peiris","https://www.facebook.com/mahinda.peiris.54","Ma waga un gahala panna ona sasanan"
"Chandana Pushpakumara","https://www.facebook.com/people/Chandana-Pushpakumara/pfbid031QTP2fJkz94i6j6sn33qKaGbNownWxNSHAmwxv2BpREBc5ZC5kofebTWyzSqdDnhl","මං දන්නෙ නැති හින්දා අහන්නේ.. මෙහෙම ගලවනකොට දෙවියො කම්පා වෙන්නෙ නැද්ද අපේ හාමුදුරුවනේ"
"Shan De Silva","","Thawath lankawe modayo innawanam mewwata ahuwena, un nam baudda wenna baha"
"Shg Nisha","https://www.facebook.com/shg.nisha","මුන්ට 🎤 mic අල්ලන එක නතරකරා නම් හරි"
"Ishan Amarasinghe","https://www.facebook.com/ishan.amarasinghe.10","උබලා සිවිර දාගෙන කරන්නෙ හොද  වැඩද..🤫🤫🤭"
"Sahan Thirimanne","https://www.facebook.com/udana1","ඕස්ට්‍රේලියාවෙත් පොලොව හෙල්ලිලද"
"Rasika Amapriya","https://www.facebook.com/rasika.amapriya.7","අද ජිම් යන් නැද්ද හවසට..."
"Krishan Chanaka","https://www.facebook.com/chanaka.krishan.39","මුන්ගේ වැදිබණ තියෙන්නෙ"
"Ameshan Fernando","https://www.facebook.com/ameshanrox.rox","Ekma achchuwe httge puthla"
"Tony Azwar","","Siwuraedagena awurudu 11haka daruwekwah dushanekaranawita polawa obalatah sadunadayadunnada???"
"Suresh Sanjeewa","https://www.facebook.com/suresh.sanjeewa.505","සිවුර ඇදන් කරන දහදුරා වැඩ වලට කවුද කම්පා වෙන්නෙ....😂😂😂"
"Upul Vijayasoma","https://www.facebook.com/people/Upul-Vijayasoma/100081455293049","මූ හිතාගෙන ඉන්නේ මූ පොර කියලා. මූ මානසික පිස්සෙක්. 😇"
"Chinthaka Madushantha","https://www.facebook.com/chinthaka.sanka.37","අටමස්ථානාධිපති සිවුර ගලවද්දි ලමයෙක් කම්පාවුනා මතකද හාමුදුරුවනේ.."
"Rohan Kingsley Fernando","https://www.facebook.com/kingsley.fernando.92","අර පල්ලේ ගම හේමරතනය පොඩි එකේට හැමිණිලා ධාතුව පාපිස්සට දාලා"
"Nirupa Perera","https://www.facebook.com/nirupa.perera","ඔයාට  අර ඔස්ට්‍රේලියාවේ අවුරුදු 13 කට ගිය එක්කෙනා ගැන කැක්කුමක්  නැද්ද ...රාජපක්ෂ  කට්ටියගෙ  කෙනෙක්  වෙන්න එපා...අපි දන්න අපේ  හාමුදුරුවෝ වෙලා ඉන්න...දැන් ඇති මිනිස්සුන්ගෙන් බැනුම්  ඇහැව්වා"
"Rg Chandani","https://www.facebook.com/people/Rg-Chandani/pfbid02reC6tgQkCDYzvbTgiSBD1c2nPFkyEtyPm8Y7JeCVyg8zxVCecXJFLiWmxJuaRHYml","Siuru dagena warade karanakota kampa noweda"
"Chaminda Danawatthe","https://www.facebook.com/chaminda.danawatthe","Ganayo  paw  නොදී  pinbathtika  kala, hitapan"
"Asela Sanjeewa","https://www.facebook.com/asela.sanjeewa.569354","සමහර හාමුදුරුගොල්ලෝ සිවුර වැටේ තියල පැනලා යනකොට වැට වෙන්න ඇති කම්පා වෙන්නෙ 🤭🤭🤭. අනේ නිකන් ඉන්න සාදු.."
"Rashmika R Shehan","","සිවුර දාගෙන බලු වැඩ කරනකොට කොල්ලන්ගෙ පුකවල් පලන කොට කෙල්ලො දුසනය කරනකොට ඔයදෙව්වරැ කොහෙද ඉන්නෙ"
"Sisira Edirisinghe","https://www.facebook.com/sisira.edirisinghe.949271","ශ්‍රමණවේශධාරී . . . කාළකන්නි  අපතයා . . . බුදුදහමට , චීවරයට  අගෞරව  කරන  පව්කාරයා . 😂"
"Kamal Kumarasinghe","https://www.facebook.com/people/Kamal-Kumarasinghe/61567233868149","අසෝබන විදියට හැසිරැන කෙනෙක් වෙනුවෙන් පෙනීසිටින ඔයාලත් ඒ වගේම බඩු තමයි"
"Ajith Fernando","https://www.facebook.com/ajith.fernando.501598","ලමයි දුෂනය කරනකොට, ගැනු එක්ක හොටල් ගානේ ගිහින් සිවුරු ගලවනකොට කම්පා උන් නැද්ද"
"Dilan Dhananjaya Wijettunga","https://www.facebook.com/dilandhananjaya.wijettunga","අර අනුරදපුරෙ  හමුදුරුවො  ළමයා දුශනය කරද්දි පොළව කම්පා උන් නැද්ද හමුදුරුවනෙ මෙ සම්බුද්ධ ශාසනය විනාස කරන උඹ වගෙ ච්වර දරින් මෙ රටින් විනාස  වෙවා"
"Rasika Dharmasiri Gunawardana","https://www.facebook.com/rasika.gunawardana.982","ඇයි මේව share කරන්නෙ, අප්පිරියයි"
"Padmasiri Subasinghe","https://www.facebook.com/padmasiri.subasinghe","බුදු දහම අනුව නම් දෙවියන් හෝඔවුන්ට දියහැකි  පිහිටක් නෑ...එවැනි පිහිට පතන මුන් රැල බෞද්ධයෝද? මේ වගෙ ආගමික රැවටිලි කරන මුන් හැමෝගෙම සිවුරු ගැලවිය යුතුයි  කියල සබෑ බෞද්ධයින් තේරුම් ගනීවි....වැරදි කරන එවුන්ට ස්වභා දහම දඬුවම්  දෙනවා..වැරදි කරන එවුන් බේරා ගැනීම වෙනුවෙන්  සමාජය නොමඟ යවන තොපි කංඩායමටත් ඒක අනිවාර්යෙන් ලැබෙනවා නියතයි.."
"IndiraSenanayaka Indira","https://www.facebook.com/people/IndiraSenanayaka-Indira/pfbid06pDeCc6gttyCp33UpcWoJ6f4y35DLdouKhT8sth1vHoRgCXeBx8rZW9g1J9CGKZul","අනුරාධපුරයේ අරදැරිය දු සනය වෙනව් ට   පොලව කම්පාවුනෙ නැද්ද"
"Sarath Amarasinghe","","Mekata hodata gewala gaththa kasavantakayek."
"Jagath Kumara","https://www.facebook.com/jagath.kumara.579201","Api kampa වෙලා enne siwra da gattu ubala wage takkadio දැකලා .....සිවුරු හොරු ...."
"Indika Susantha","https://www.facebook.com/indika.susantha.870842","ඒ ගලෝපු වෙලේ වෙන්න ඇති වැස්සෙ..."
"Chamara Sanjeewa","https://www.facebook.com/profile.php?id=61552529224343","පොඩි මල් කැකුළක් දූෂණය කරද්දි කම්පා උනේ නැද්ද පගෝ"
"Nrmala Konara","https://www.facebook.com/priyanthi.kumari.9081323","සිවුර ඇඳගෙන  පොඩි කෙල්ලො දූෂනය කරනකොට..ලොකු හාමුදුරුවරු කම්පාඋනේ  මොකද්ද හාමුදුරුවනේ....??"
"Nimal Abeysinghe","https://www.facebook.com/nimal.abeysinghe.169","පින් බත් තූ"
"TR Oilspares","https://www.facebook.com/people/TR-Oilspares/pfbid0WZo3TpgjWQJ8yDCvxdUXLNtHBoFStv84r9cvu6SrLyzADYpzuRXrA4ruFEUxxn6Xl","Anee,Yakooo,,Aanna,Autraliywwaweth Kampaawelaa,,,Topii,Ekama,Badukaarayoo,Kalliyak"
"Wasantha Weeraratne Withana Arachchige","","අනේ හාමුදුරුවනේ, සිවුර ඇඳගෙන අරක්කු බොනකොට, පාටි දානකොට, ගෑනියෙක් එක්ක ඇඳක බුදියනකොට පොළොව කම්පා වෙන්නේ නැද්ද හාමුදුරුවනේ? අනේ ඒකත් පොඩ්ඩක් පැහැදිලි කරන්නකෝ.  ඔයගොල්ලෝ කරන්නේම සිවුර දාගෙන ඔය වගේ දේවල්නේ. සිවුර ගලවනකොට විතරද මේ පොළොව කම්පා වෙන්නේ  පොඩ්ඩක් ඒකත් පැහැදිලි කරන්නකෝ හාමුදුරුවනේ."
"Kasun Sameera","","Ane pako"
"Prasanga Ranaweera","https://www.facebook.com/prasanga.ranaweera.5","අප්පට සිරි.......අර නේපාලේ හෙන ගංවතුරක් ආවේ ඔය සීන් එක කලින් දැනිලා වෙන්න ඇති නේද.........."
"Jeewana Krishantha","https://www.facebook.com/jeewana.krishantha","පොඩි හනුමගේ ගෝලයා"
"Mahesh Karunarathna","https://www.facebook.com/sithum.sankalpa.182","Api gemak gahala kiyak hari rata ewanne me wage harak ta kanna denna kiyala hithaddinuth. Apith kampa wenawa"
"Pasan Dilshan","https://www.facebook.com/pasan.dilshan.2025","Ethakota ara podi kellek dushanaya karaddi siura galeuwe nadda?...ewale monawada kampa une..."
"KP Nuwan","https://www.facebook.com/kp.nuwan.2025","මෙච්චර කාලයක් අපි ගරු කරන සිවුර ඇඳ ගත්ත නිසා ඉවසුවා නැත්නම් තොපි කරපු අවලං වැඩ වලට ගහලා මරන්ඩ ඕනේ......පන්සල්වල පොඩි ළමයි දුෂණය කරනවා අරක්කු ගෙනල්ල බොනවා ගංජා ගහනවා ඒවා කරනකොට කෝ උඹලගේ සිල්....කාලකන්නි අපිටත් පව් පුරවනවා"
"Duminda Jayalath","https://www.facebook.com/duminda.jayalath.980967","පිම්පියෝ"
"Pushpa Rani","https://www.facebook.com/people/Pushpa-Rani/pfbid0UBrxyrTNyoJyTs345XNV2sveNAobAz64ZTbtrBnZ7KtuozecwamxnUn8E7HmvxSpl","Seurea  ganugana kota kohade kampawena apeta keyanawafe"
"Chamara Nandhamuni","https://www.facebook.com/people/Chamara-Nandhamuni/100057484620049","රාජපක්ෂ නිකාය අතහැරලා බුද්ධ ශාසනයේ  මහන වෙයල්ලකෝ ... එතකොට මොකක්වත් කම්පා වෙන්නෙ නෑ.. නිඝන්ටයෝ.."
"Wipula Weerarathna","https://www.facebook.com/wipula.weerarathna","තිත්තේ... උඹ  නාන්නෙත් සිවුර ඇදගෙනද බන් ඕක  ඇන්දට පස්සේ ගලවලම නැද්ද ?😂😂😂😂😂"
"Indika Nishantha Silva","https://www.facebook.com/profile.php?id=100002167433158","කොච්චර කම්පා උනාද කියනවා නම් පාපිස්සේ පිස්සේ...........!😂😂😂😂😂"
"Pragiya PD","https://www.facebook.com/pragiya.pd","සිව්රත් ඇදගෙන ගෑනුත් එක්ක බුදියනකොට මොකද්ද කම්පා වෙන්නෙ අපේ හාමුදුරුවනේ"
"Janaka Gamage Weligama","https://www.facebook.com/profile.php?id=100087559474167","මහණ වෙයන් ඔක්කොටම ඉස්සර වෙලා"
"Malani Premachandra","https://www.facebook.com/people/Malani-Premachandra/100087918150327","තව කෑ ගහන්න දෙයක්නෑ ඊයෙ ජනාධිපති හොඳ  විස්තරයක් සංඝ සභාවට දුන්න කට උත්තර නැතිවෙන්නම දැන් කට වහන් ඉදපල්ල පින්බත් ටිකක් කාල"
"Janitha Madushanka","https://www.facebook.com/janitha.madushanka.9","Podi un.dusene krddi.thopi siwra edannda kle..klakni..thopi hnda pnsaluth epa vnva.."
"Chathurangika Wijesekara","https://www.facebook.com/shashikala.chathurangika","සිවුර දාන බලු වැඩ කරද්දි කම්පා වෙන් නෑද"
"Thusitha Dasanayaka","https://www.facebook.com/thusitha.dasanayaka.2025","ඒක ඇත්ත තොපි සිවුරු දාගෙන කරපු අපරාධ වලට තමයි මේ මහපොළොව මෙච්චර කල් කම්පාවුනේ.."
"Chaminda Saman Kumara","https://www.facebook.com/windilu.nimneth","අනේ ඉතින් අපිනෙ දෙවියන්ටත් පින් දෙන්නෙ"
"Lakmal Weerasekara","https://www.facebook.com/lakmal.weerasekara.71","අනේ මෙි තිත්තේ අපිට නිකන් පවු පුරවන් නැතුව මුඛය වහගෙන ඉන්නවද කොමිපිට වැඩිය බෞද්දයෝ අපි 😡😡😡"
"Shantha Mariyan Fernando","https://www.facebook.com/shalanka.fernando","සිවුර දාගෙන බඩු ගහනකොට පොලව පලාගෙන යනවා වගේ දැනෙනවා ඇති නේද බං 🤣🤣🤣🤣🤣🤣🤣🤣🤣🤣"
"Anil Fernando","https://www.facebook.com/jayanandaanil.fernando","පිස්සු 🤩"
"LJMR Bandara ","https://www.facebook.com/ljmrbandara","මුගෙ ලබ්බ කම්පා වෙන්න ඇති"
"Rosahni Bandara","https://www.facebook.com/rosahni.bandara","ගැනුත් එක්ක බුදියන්න සිව්ර ගලවද්දී කම්පා වෙන් නැද්ද හාමුදුරුවනේ"
"Nimal Bandara","https://www.facebook.com/people/Nimal-Bandara/61588595457842","ගොනා වැරදි කරනකොට .සිවුර තොග අමිමාගෙ කොහෙද තිබුනෙ"
"Upul Karunarathna Hkuj","https://www.facebook.com/upul.karunarathna.hkuj","තොපි ගෑනුන්ට හැමනෙන වාර ගානට සිවුර ගලවද්දි  කම්පා වෙනවනන් සුනාමි තමයි හැමදාම"
"Priyanga Senarathna","https://www.facebook.com/people/Priyanga-Senarathna/pfbid0pFPQpK3MfmY7Zwzw2ARTZ8bBHvmSs5iu6fDjZhnDDmJwbB3mZX1MXhjjNnQij4Erl","සිවුරෙ ඉදන් රට ගිනි තියද්දි මොකද වෙන්නෙ බන්"
"Pathum Tharanga","https://www.facebook.com/people/Pathum-Tharanga/pfbid02NiVnWuwFYRbtMcFmCpiqHJftKL4sfYaDMnnYZ2Wgoy1tnurZaevcWZZRvn5NjcErl","Ube ammta hutoooo"
"Kanthi Wijesekara","https://www.facebook.com/kanthi.thilakarathna.1","කම්පාඋනේ  ගෑනු ඉදිරියෙ  ගලොපුවහම"
"Nishantha Senanayake","https://www.facebook.com/senanayakesmun","මුගේ කන රත් වෙන්ඩ දෙකක් දෙන්න හිතෙන්නේ මට විතරද"
"Neetha Kamini","https://www.facebook.com/kamini.kapoor.146","Siuru daragana boru kiuwoth labana anisansa dannawa athina"
"Chanaka Priyadarshana","https://www.facebook.com/chanaka.priyadarshana.56","භූමිකම්පා ඇති වෙන්නේ ඒ නිසා නේද..? අනේ සාදු ආණ්ඩුවට පින් සිද්ද වෙන්න ඒකත් දැන ගත්තා.. හාමුදුරුවනේ ආයි එහෙම සිවුර ගලවලා ටී ෂර්ට් බොටම් ඇදන් ව්‍යායාම කරන්න ගිහිං මහපොලව කම්පා නොකර හිටියනම් යහපති 🙏"
"සුසන්ත යුඩිජි","https://www.facebook.com/h0zwrishq0","Issara ehema ekak thibbe nedda halo"
"Deshan Harshana","","ඔබ වහන්සේ අර කලිසමක් ඇදන් හිටියෙ එතකොට"
"Rupasinghe Dissanayake","https://www.facebook.com/rupasinghe.dissanayake.5","කම්පා වෙච්ච එක් අවස්ථාවක් මේ....බොහෝ අවස්ථා කැමරා කාචයට හසු වී නොමැත...🤣🤣"
"Gamini Jayarathna","https://www.facebook.com/people/Gamini-Jayarathna/61585317223573","Mea perihie wenwada apiea buduahamuduruwo deasana krapueda lgieda  taranna na matanm"
"Wasantha Pushpakumara","https://www.facebook.com/wasantha.pushakumara.582751","Mahinda galawadi  Mahana wela nethuwa ethi  Okakata thami kiyane wahal nikaye kiyala kanna oni unama kabarayath thalagoya wenawa kiyala"
"Dammika Dayananda","https://www.facebook.com/dammika.dayananda","සිවුරු රදවන"
"Ruwan Bandara","https://www.facebook.com/ruwan.bandara.424481","Thope wage un thamai okkoma kanne"
"Ashoka Jayasingha","https://www.facebook.com/asoka.jayasingha.94","සාසානය බේරගන්න වෙන්නෙ හාමුදුරුවන්ගෙන්මයි, වෙනත් භාහිර බලවේග නැත"
"Nilanthi Kgg","https://www.facebook.com/nilanthi.kgg","Ethakota siwra dagena podi daruwo rape karanakota  thopita penene nadda pansil thiya sadacharayak wath nathi walttha kahakadayo thopi thamai sasane kawe thopi laga thiyana kadappuli wada gihiyo karanne naha"
"Amila Pathirana","https://www.facebook.com/people/Amila-Pathirana/pfbid02oP8dHN5mn9cE3bfN8KVTurUHuipEG3xSHhym4juCmPnfHVDY8WELRvSK5JghPfql","Ane hutto"
"Jayadewa Vijayalal","https://www.facebook.com/jayadewa.vijayalal","වාහෙ සිවිර දාගෙන දරැවො දුෂනය කරනකො කමිපාවෙන්නැද්ද තොපි සක්කිලි"
"Hmdj","https://www.facebook.com/hmdj.hmdj.16","තොපි සිවුරු දාගෙන කරන තුප්පහි වැඩ වලට මොකුත් කම්පා වෙන්නෙ නැතිද ."
"Mendis Bandara","https://www.facebook.com/mendis.bandara","Waradi karanakota.."
"Malani Jayarathna","https://www.facebook.com/malani.jayarathna.77","සිවුර ගලවලා දූෂණය කරනකොට කොහෙද කම්පා වෙන්නේ"
"Siriratnayaka Ratnayaka Mudiyanselage","https://www.facebook.com/siriratnayaka.ratnayakamudiyanselage.3","මෙි ලමයින්ට අශුචි දානයට ගැලපෙන්නෙ"
"Fit Kasunjith","https://www.facebook.com/fit.kasunjith","එතකොට ගවුමක් ගලවනකොට 😉😉😉😉😉"
"Chamari Wathsala","","Me comment okkoma Anurage dobila dapuwa umbalata yanna apayak na"
"Nilanka Wickramasingha","https://www.facebook.com/people/Nilanka-Wickramasingha/pfbid06u8gRj4YfyS5CsKrDHZ2axgsfvAV7pdb2wdCXwaU5KP18JQ4nLKQaepjyEKE1HMel","ඔය කියන විදිහට මම අහලා තියෙන විදිහට ...රුවන්වැලි සැයේ චුඩා මනික්‍ය ගත්ත එවුනුත් යහතින් ඉන්න එකේ ...කුනුහරප කිය කිය නාඩගම් නටන එකෙක්ගෙන් වටිනා චීවරය ඉවත් කලාට කිසි ප්‍රස්නයක් නැ"
"Rammuni Indika DE Silva","https://www.facebook.com/desilva.indika.5","සිවුරු පොරවන් ඉදපු දෙවදත්ත හාමුදුරුවෝත් මහ පොලොව කම්පා කරගෙන පොලොව පලාගෙන අපාගත වුනා .කෝකාලික හාමුදුරුවෝත් .එහෙම සිදුවිමක් වෙන්න බැරිද"
"DI Nesh","https://www.facebook.com/people/DI-Nesh/pfbid0ahcv6t5pD8dvxHpj6CKYpk8eNifhssUg24XPgfuy4ahf3w6G19pWq4nrL3Jo3Gvnl","වම් පැත්තෙ ඉන්න හාමුදුරුවො අත වහල ඇදන් ඉන්නෙ ඇයි... අතේ ටැටූ එකක් බොරුනම් බලපන්.. මේ අර  ඩ්‍රග්ස් දාල පාටි බැහල  කෑලි ගහල ටැටූ ගහන් පොලිසිවල නඩු තියෙන මෙයාගෙ බණ අහල වෙනස් උනා කියන මෙයාගෙ ගැන් එක"
"Rukshan Udagama","https://www.facebook.com/rukshan.udagama","අපි නම් අහල තියෙන්නෙ බුදුරජාණන් වහන්සේගේ කාලෙ 🤔"
"Piyumi Fernando","https://www.facebook.com/piyumi.fernando.399734","කම්පා වෙනවනම් කම්පා වෙන්න ඕනේ මේ වගේ අය සිවුරු දාගෙන ඉන්න එකට මිසක් මේ වගේ උන්ගෙන් සිවුරු ගලවනකොට නෙවෙයි."
"Wasantha Karunarathna","https://www.facebook.com/wasantha.noyel.9","සිවුරක් දාගන්නේ බුද්ධ ශාසනයට බුද්ධ දර්ශනයට බැදිලා මහන දම් පුරන්න මිසක් එක එක වංචා කාරයින්ට හොරුන්ට කඩේ යන්න නෙමෙයි අපේ හාමුදුරුවනේ"
"Chris Kevin","https://www.facebook.com/people/Chris-Kevin/100072459404954","දේශපාලන ඉත්තෝ. දේව කන්නලව්ව මගින් ම පේනවා. මිථ්‍යාදෘෂ්ටික බව. සිවුර දාගෙන තමන්ගේ ජරා වැඩ සේරම සාධාරණීකරණය කරන්න තමයි බලන්නේ.සාසන භක්ෂකයෝ."
"Wageesha Wijesingha","https://www.facebook.com/people/Wageesha-Wijesingha/pfbid0TvMWd5HP9aoH1Qv53zw8M7PNdm6HBX7yMGehQaRCai4CBkZ9eXZut3xbHbvRKvXMl","Kaatat An wachan kiuwoth fb thahanam karannawa"
"Indika Aruna Kumara K.W.K","https://www.facebook.com/indikaarunakumara.k.w.k","සිවුරැ ඇරලා ගිහිපු ගාන හොයලා බලන්න..ඒ මොන හේතවකටද..ලොකු හාමුදුරුවොත් එක්ක ඉන්නබැහැ කියලා කියයි"
"Karunajeewa Karunajeewa","https://www.facebook.com/karunajeewa.karunajeewa.1","Ara palle gamayage siura Ara kella essaraha gelaweddi polawa kampa une netuwe ethi....? Mun oya Budda cheewaraya daragkaranna tiyena dahadura weda okkoma Kara Kara den baba wage katha karana heti lejjai bn hora gana hethikare.....!"
"Lakmal De Silva","https://www.facebook.com/profile.php?id=100002919226975","ට්‍රැක් තිත්තය"
"Cyril Seneviratne","https://www.facebook.com/cyril.seneviratne","ගිය ගිය තැන සාසනය ඉවරයි.අන්න මෙල්බර්න් වල අවු.13 ක් හිරේ.ඵ්කටත් උද්ගෝෂනයක් කරපල්ල."
"Rohana Rohana","https://www.facebook.com/rohana.rohana.706801","සිව්ර දාන් ගැනු ගවට ගියාම කෝ කම්පාව"
"Chandana Chandana","https://www.facebook.com/chandana.chandana.806250","Ana pako"
"Emal Indika Hewa Kalugamage","https://www.facebook.com/emalindika.hewakalugamage","පිස්සු යකෙක්..සාසනයම කනවා"
"Malindu Disanayake","","එල්ලිනෝ එකේ බලපෑමෙන් ඉස්සරහට ගොඩක් වහිනවලු....මෙයාල කියයි එකටත් කම්පා වෙලා  කියලා..."
"Mahesh Dasanayke","https://www.facebook.com/mahesh.dasanayke","මේ මෝඩ රැල එක්ක මේ රට හදන්න බෑ"
"Nihal Ranjith","https://www.facebook.com/nihal.ranjith.1428","Pallegamaya aurudu 14ka dariviyage jangiya galawanakota deviwaru saadu saadu kiyanda athi neda, katunaayakin horagangediyo ice, kudu genakota deviwaru sathutata haa pramodayata pathunada, mun okkoma Raajapaksa nikaaye eun."
"Kumari Rrthnayake","https://www.facebook.com/people/Kumari-Rrthnayake/61575376854902","බුද්ධ චිවරයට නිගා නොකර දෙන දානයක් වලදා සැත පෙන්න  අහින්සක මිනිස්සුන්ගේ හිත සතුුටු වෙන්න"
"Ruchira Costa","","සිවුර පිටින් බඩු ගහනකොට කොහොමද වෙන්නෙ"
"Vishnu Lakshmi","https://www.facebook.com/veshnu.lakshmi","කවදාවත් චීවරය  ගැලෙව්වහම දෙවිවරු කම්පා වෙන්නේ නැහැ දුක් වෙන්නේ නැහැ. මොකද චීවරය කියන්නේ උතුම් දෙයක් ඒ දේ දාගෙන ඉන්නත් පින තියෙන්න ඕනේ. පව්කාර අයලා ඒ වගේ  උතුම් චීවරයක්  දාගෙන ඉන්නකොට දෙවිවරු දුක් වෙනවා. කම්පා වෙනවා චීවරයට අගෞරව වෙන නිසා ඉතින් ඒ  චීවරය ගැලෙව්වා කියලා දෙවිවරු ගොඩක් සතුටු වෙනවා..ඒක ස්ථිරයි"
"SH Kumara","https://www.facebook.com/sh.kumara.627589","Ane pala thitha atayo yanda ubala thama sasane kanne"
"Jayawansha Malith","","Plyn pko yanna rate dan gonnu na 😅😁🐂"
"Prasanna Piyadigama","https://www.facebook.com/prasanna.piyaigama","ගලබොඩට 2018 දි ජම්පරේ ඇන්දුවම මීක් නැති තිත්තයා 2026 දි ?"
"Prasanna Geethika","https://www.facebook.com/people/Prasanna-Geethika/pfbid036yAvenBtA9U67vzTb43ziHJi6iQCLGGrf5gadc4wT5ZDF7Xyuqec7Qqzmi32aqPYl","Issarahata kohomath wahinawaa"
"Kasun Weerasuriya","https://www.facebook.com/warnakula.weer","badak udata naginakota siura galawaddi kampawenawa."
"Dimuthu Perera","https://www.facebook.com/dimuthu.perera.5264","මහපොලව කම්පා වෙන් ඇත්තේ බොලා වගේ උන් මහන කරපු නිසා 🤣"
"Avantha Wijenayake","https://www.facebook.com/AvanthaWijenayake","අර බීලා රිය පදවලා උසාවියෙන් දඩ කාපු ගනයා ගැනද මේ කියන්නේ 🙂"
"Vidu Kariyawasam","https://www.facebook.com/vidumal.kariyawasam.5","Api kampawenne naha"
"Nishanta Ranasinghe","https://www.facebook.com/profile.php?id=100083729797592","බර්ත් ඩේ පාටිය දවසෙ ලස්සනට නැටුවඔයා අං දෙකට ලස්සනයි ගොනා👌"
"Sanjaya Kumara","https://www.facebook.com/sajaya.kumara.129","ඔයාලා  සිවුර  ඇදගන  බිස්නස් නේ  කරන්නේ...."
"Senavi Rathna Bandara","https://www.facebook.com/senavi.bandara.37","ලංකුවේ කරුමය 1,හාමුදුරුවරු  2,දොස්තරවරු 😂😂😂"
"Danushka Sampath","https://www.facebook.com/danushka.kottawaththa","ඊයේ අකුණු ගැහැවිව බං..එහෙනමි  ඒකයි හේතුව"
"ශාන්ත ජයලත්","https://www.facebook.com/shantha.jayalath.96","හාමුදුරුවරු මේ සුපිරි ෆෝන් තියන් බුද්ධාගමට කරන මෙහෙය මොකද්ද ඕකේ බුදු හාමුදුරුවෝ ඉන්නවද පොන් වල ටික් ටෝක් fb වල තියන ඒව කොච්චර නරකද ඒව බැලුවම සිල්වත් භික්ෂුව මොකද වෙන්නේ"
"දිනු රු","https://www.facebook.com/Pathirana09","ජංගිය ගලවනකොට කම්පා උනේ නැද්ද සාදු...🤔"
"Darshana Liyanage","https://www.facebook.com/darshana.r.kumara.1","සිවුරේ ඉඳගෙන කසිප්පු ගංජා ගහනකොට කම්පා වෙන්නෙ කොහෙද එතකොට?"
"Ruwan Kumara Chamara","https://www.facebook.com/chamara.ruwankumara.501","ආනන්දසිරි 🤣🤣🤣"
"Sarath Wijekoon","https://www.facebook.com/people/Sarath-Wijekoon/pfbid0AoCSqFN2PvC23Mzb8kVYcdZUhoUj38NKZsBvdR6aBzKuNP8GWGJyMRLpRpY78pkdl","එහෙම වුනේ නෑ.කලබල වෙන්න එපා"
"මුනසිංහ ආරච්චි","https://www.facebook.com/nisansala.munasinghe.7334","අටමස්ථානාධිපති අර වැඩේ කලේ සිවුර අැදගෙනවත්ද??"
"Shani KA","","Siwura dagena jada weda karanakota kampawak nedda 🤮🤮"
"Anuradhi Wimalasena","https://www.facebook.com/people/Anuradhi-Wimalasena/pfbid0S2vf413CvV3qcMeGNPsStf9jgBT2Wq46gCHM2i84KXSXRKk4UV3kGP14b6xvb66nl","Ane palayan hutto thopa siwuru galawaddi polawa kampawanawanam bariya. 😁😂😂😂😂😁"
"Gunadasa Silva","https://www.facebook.com/gunadasa.silva.863627","මෙි අපේ පැත්තෙත් පොලොව හෙලවුනා."
"Ranjith Ekanayaka","https://www.facebook.com/people/Ranjith-Ekanayaka/pfbid02n8dhe4BQugG7XPwBGDn7Me3yvMZHEH2F8gUGjgbaFhoR3zzpU58G5h5RUZYfog18l","galavala. Lamai. dushanaya. Karanakota. Kampa une Nadda.   Waradi karanam.   Daduvam Labiya youthui."
"Kumara Kumara","https://www.facebook.com/vijith.kumara.499393","දෙවියන් කම්පා වෙන්නෙ හාමුදුරුවෝ කරන අපචාර වලට මිසක් නීතියට නොව"
"Gamini Dickalla","https://www.facebook.com/gamini.dickalla","Siurak galawala ahawal wede karanokaya ammala kampa una. Ane mage daruwa vinasa karanna epa kiyala"
"Asanka Jeewantha","https://www.facebook.com/asanka.jeewantha.184","තොපි වගේ වුන් සිවුරු දාගත්තම තමා..අපේ මේ බෞද්ධ ආගම විනාස වෙන්නෙ...තොපිට ඕනි දේශපාලනය කරන්න..කාලකන්නි.."
"Rohana Handuwala","https://www.facebook.com/people/Rohana-Handuwala/pfbid02WyAVuyJLkPB21YS2je5kJmrT5hJA9v9r3eYGFs83pBstvhM6KuqzGXhyF99gfwCVl","මූට ඇත්තටම ට්‍රැක්ද.?"
"Anura Athapaththu","","Anee thiththagalla uba wage higannek"
"Asanga Asanga","https://www.facebook.com/people/Asanga-Asanga/pfbid0ncoysZoRroWDuZtpgRxn9cFDPPtjUyupjjei9EoAxissaoTkBHvbAFovyXcRYfy3l","උඹලා වගේ තිරිසන්නු සිවුරු දාගත්තම පොලොව කම්පා වෙන එක අහන්නත් දෙයක්ද බං.ඔන්න ඕවා පැත්තට දාලා හෝටලේකට ගිහින් නටලා ගයලා ආතල් එකක් ගනින් බං🤣🤣🤣"
"Manjulaa Priyanganii Silwa","https://www.facebook.com/people/Manjulaa-Priyanganii-Silwa/pfbid02XGRKqEBqGfKD8ihGZwhiGv8fCTanLYY4yTHtnZSHeXzbDfWigUs1rYyCreuNBekLl","ඤාණසාර කුණුහරුප කියද්දී දෙවියො අත්පුඩි ගැහුව ලු 😁😁😁😁"
"Sahan Diluka","https://www.facebook.com/people/Sahan-Diluka/pfbid0wjiSo5ywxJxyCteeDscRVQNg4Gdk6LrTo5vQ2iiJwtoQZ1JZGAEEX9yj5PbnAFJBl","Umbalata badu gahanna siwra galawanna pluwan Prision ekadi thami bari"
"සහන් සහන්","https://www.facebook.com/indika.wijebandara.714","දරැවො දුසනය කරනකො⁣ට"
"Lakmal Weerasinghe","https://www.facebook.com/lakmal.weerasinghe.550414","අටමස්ථානය පැත්ත එහෙම කොහොමද දන්නෑ නේත"
"Roshan Perera","https://www.facebook.com/people/Roshan-Perera/pfbid0EpoFDX6rLa78Zh9sLTeTxPR7wGCnsy5zdx1zAPoJ2mGzKvbdqMwYeUrdnXtr9YCVl","ඈ බොල . අර අවු.15 දරුවට අතවර කරන්න සිවුර ගලවනකොට පොලව කම්පා උනේ නැද්ද?"
"Thimira Ranasinghe","https://www.facebook.com/thimira.ranasinghe","ආගමත් මාරු කරන්න හිතෙනවා ඕයි මුන් දැක්කම🤮🤮"
"Pasan Waidyatillake","","හේමරතන සිවුර ගලවල නෙවෙයි ද අර කරේ?"
"Rajitha Maduranga","https://www.facebook.com/rajitha91","අටමස්ථානය ගැනත් කිව්වනම් හොදි🙏🙏🙏🙏🙏🙏🙏🙏"
"Suranga Sandamal","https://www.facebook.com/profile.php?id=100010102983831","අනාචාරේ හැසිරෙනකොට සිවුර ගැලවෙන කොට පොලව කම්පා වෙන්නේ නැද්ද"
"Roshan Bandara","https://www.facebook.com/roshan.bandara2","ඔකේ අහම්බන්තේ"
"Gayan Kanishka","https://www.facebook.com/gaifzs.kanishka","https://www.facebook.com/share/v/1DszfBwroW/  වැලලෙන උන් මේකත් බලාගෙන යන්න සාදු සාදු"
"Chinthaka Perera","https://www.facebook.com/chinthaka.viraj.5","හිතපු ගාණ කපාගන්න හම්බුණේ නැති දුක නේද අප්පා මේ කියවන්නෙ 😁😁"
"රවිදූ ලක්ශාන්","https://www.facebook.com/a3vt3oeggi","ආ ආ ජෝගිද ජෝගිද 🙂"
"Jamith Wanshappriya","https://www.facebook.com/jamith.wanshappriya","දේව කම්පාව නෙමේ ඔය බයි කෙදිරිය"
"Indira Dissanayeke","https://www.facebook.com/people/Indira-Dissanayeke/pfbid0MqAn4t7LeGAAovahGiSde3KfMFET8ssYL35Q4iF8L7oG8GCPYhjVfKKr4RXmvmkyl","Thopi ratavalvala gihin kalisamvala bahinakota ganunge bada uda naginakota dheyyoblajja venava saadhu kivvata"
"WK Suresh","https://www.facebook.com/wk.suresh.5","මේ නීති හදන කාලයේ භික්ෂූන් කොතරම් සාධාරණද.  මේ නීති හදන කොටත් භික්ෂුන් හිටිය මහා නායකල හිටිය. එකල භික්ෂුන් උපකල්පනය කලා භික්ෂුන් වැරදි නොකරන බවත් කලොත් දඬුවම් ලැබිය යුතු බවත් ඔවුන් වෙනුවෙන් පෙනී නොසිටියයුතු බවත්. රාජ නීතිය කැඩීම උන්වහන්සේලා අනුමත කලේ නැහැ. ඒනිසා භික්ෂුන් විනයානුකූලව හිටිය. දැන් භික්ෂුන් මහානායකවරුන් නීති විරෝධීන් විනය විරෝධීන් වෙනුවෙන් පෙනී සිටීමෙන් ඔවුන් නීති කැඩීමට විනය කැඩීමට රුකුලක් වනු ඇත. අනාගතයෙදි එහි ප්‍රතිඵල දකින්නට හැකිවනු ඇත. එයින් විනාශ වෙන්නේ බුද්ධ සාසනය හා බොදුනු සමාජයයි .....  යකඩයෙහි හට ගන්නා මළ යකඩයම විනාශ කරන බව එකල ම පවසා ඇත්තේ එම නිසා ය...  රටක රාජ්‍ය නීතියට සියල්ලන් ම ගරුකළ යුතු ය එයට අනුගත විය යුතුය එසේ සිටිය නොහැකි නම් මිනිසුන් නැති වනගත පෙදෙසකට ගොස් තමන්ට කැමති ලෙස වාසය කළ යුතුය......"
"Abul Hasan Mohamed Ikram","https://www.facebook.com/abul.hasan.mohamed.ikram","Ethakota kupadi wedakaaranakota?"
"Pasan Samadhi Kuruppu","","මේ මාසෙ අන්තිම කොහොමත් සැරට වහිනව.එතකොට කියන්න එපා  දේව කම්පාව කියල 🤣"
"Upali Gamage","https://www.facebook.com/upali.gamage.158579","ලමයි දූෂණය කරන්න සිවුර ගලවනකොට මොකක්ද කම්පා වෙන්නෙ අහවල් එකද"
"Ranjith Wickramasinghe","https://www.facebook.com/ranjith.wickramashinghe","උපන්දින පාර්ටි දාන කොට කොහොමද තිත්තගල්ලෙ"
"Gileemale Dharmasiri","https://www.facebook.com/people/Gileemale-Dharmasiri/pfbid0AfzPZsYu8FfxhMr3L2R6m1UMrXpdC2VwA9x6wnrzKywFw4yGtR3S3Q7TpSDkj93pl","Ubla karana vadawalata deviyo vitharak nemei budunuth kampa venawa balapalla ubalata issarahata monawada venne kiyala minissu ubalata dane velawath nodena thanata ubala pathwenawa  aka isthirai habai hamotama nemei ublata vitharai niyama baudda hamuduruwanta ahema venne na ubala hama athinma pahalata vatenawa hodaaya idiriyata enawa"
"Udaya Rambukwella","https://www.facebook.com/people/Udaya-Rambukwella/pfbid02RKyH2n7ZMQFPSojpUghBQtfDeoT1o4kEDnj9CbneJyQMsoUKc7msJSH5V4v9agCrl","එතකොට ළමයින් ගේකාන්තාවන් ගේ රෙදි පන්සල් අස්සේ ගැලවෙන කොට මොකක්ද චූන් වෙන්නේ."
"Sandamalaka Ilukpitiya","","ඔය ලැබිල තියෙන්නෙ දේව ශාපයත් සොබාදහමෙි දඩුවමත් තමා.  උතුමි අටමස්ථානෙට උණ නිගාවට.නෑරිය කට උඹලගේ වාසියට ඇරෙන කොට පාරක් පාරක් ගානේ අවුට වෙිලි වෙිලි.වැස්සට තෙමි තෙමි කෑ ගගහා.ඇවිදපියවු.... බුදු හිමි මග යන හිමි.හොර  සඝ ගණ ගෙඩි. ලස්සනට වෙන් කරල දෙයි.☝☠️"
"Ayon Wijesinghe","https://www.facebook.com/ayonwijesinghe","Wikara nokiya idapn 😂😂😂😂"
"Roshan Hewavitharana","https://www.facebook.com/roshan.hewavitharana.2025","තොපිල වගේ කාලකන්නි ගණයෝ දැක්කහම අපිත් කම්පා වෙනවා රටම කම්පා වෙනවා"
"Bhanuka Malinda Ruwanpathirana","https://www.facebook.com/malinda.rajans","මේක තමා... 😂😂😂😂 කටින් නෙවෙයි පු$න් දැන් කතාකරන්නේ මන් හිතන්නේ"
"Ranjana Tharanga","https://www.facebook.com/profile.php?id=100010263540990","එතකොට සිවුර දාගෙන බලු වැඩ කරනකොට දෙවිවරු කම්පා වෙන්නේ නැද්ද?"
"Chamina Kumara","https://www.facebook.com/chamina.kumara.654398","මෙයා කියන දේවල් වලට  දේව සාප වැදුනනම්   වදින්න ඕන  ඔයාලා කඩේ යන කට්ටියට   කරපු අපරාධවලට   ඔහොම ඉස්සරහට එයා   චිත්‍රපටිය තාම දුවනවා   එතකොට දැනගන්න පුළුවන්  අවසානය   අහිංසක මනුස්සයෙකුට  ගෙයක් දොරක් හදලා දෙන්න එකෙක් හිටියේ නෑ   වාසියට ඔක්කොම කරේ  පන්සන්නං හැදුවා   ඒ සී කාමරදාලා  සුඛෝපභෝගී විදියට  රජ සැප විඳින්න   බුදුහාමුදුරුවෝ  දේශනා කරපු  ධර්මයේ තිබුණේ  අතහැරීම සහ  දන් දීම  ඔයාලා මොනවද අතහැරලා තියෙන්නේ  ඒක කියන්නකෝ  අපරාදෙ ඔයාගෙන් බණ අහපු  ශ්‍රාවක පිරිස"
"Sk Gamage","https://www.facebook.com/people/Sk-Gamage/pfbid0yUjZtZ7UhHpearBpcVsvr4C6LbMDrVB8xE2gtR3rU7Gp7n7K5idXNuQuMsuZuSxil","මේ දවස් පල දෙයිය පල් වෙලා ඉන්නෙ උබලගෙ"
"Sanath Algampitige","https://www.facebook.com/people/Sanath-Algampitige/pfbid0ZSn3CwKEpxxWbyeYDjCqoLQrMCHpQtVaQ3hXhMt5qxPnzkuWnnYmbno4kXPCihFZl","Thopi genu Akka budiyana ganata. Siuru galawanakota. Me polakwath ithuru weida Keri ganayooo"
"Harinda Madhuwantha","https://www.facebook.com/harinda.madhuwantha.1","තොපි වගේ අම්බ මි හරක් වහල්ලු ටිකක් සිවුරු පොරවන් කෙලින පිස්සු වැඩ ගැන හිතද්දී තොපිව මේ මහා පොළොවේ දරන් ඉන්න මිහිකත කම්පා වෙනවා ඇති යකෝ... අපිට කියන්න දේවල් නෑ තොපි ගැන... ඒත් ගෞතම බුදුන් ඒ කාලෙම දැක්ක තොපි වගේ අමු කාලකන්නි මේ සිවුර උන්ගේ සැප වෙනුවෙන් පාවිච්චි කරන මදාවි සෙට් එකක් බිහිවෙනවා කියලා.. අපිට දුක අපි අහලා තියෙන විදියට අවුරුදු 5000ක්‌ බුදුදහම සුරකෙන මේ පුණ්‍ය භුමියේ තොපි වගේ අමන සෙට් එකක් ජාතක වීම වගේම තොපේ අනුගාමිකයින් වෙලා තොපි කියන හැම දේටම එහෙයියන් සෙට් එකකුත් ඉන්න එකටයි යකෝ..."
"Gamini Kumara","https://www.facebook.com/profile.php?id=100014051610217","Mewata deviyo monawa wela adda 🤭😁"
"Keerthi Dangaragoda","https://www.facebook.com/keerthi.dangaragoda","සිව්රු දාගේන ගොන් කතාකියන්න එපා ඔයි"
"Amarasiri Kuruppu","https://www.facebook.com/amarasiri.kuruppu.2025","හිරේ යනවුන් සාසනයෙන් නෙරපිය යුතුයි"
"Rasika Manjula","https://www.facebook.com/rasika.manjula.923","Ubalage galawanakota deviyo sathutuwenawa"
"Nalika Priyangani","https://www.facebook.com/people/Nalika-Priyangani/pfbid0YE1TiNcBQKCbCMw26zRdUaWeN3JFug1huHxHV1BnK2YL5yhPNKXHkBBJuhrwRNf8l","Kalkanni"
"Ajith Munamalwaththa","https://www.facebook.com/ajith.munamalwaththa.92","Pansalata gihin gal kapapiya"
"Deshan Abeygunawardana","https://www.facebook.com/deshan.ranjeewa","බමුණා වුනත් දුදනෙකු නම් බිම හොවනු සැඩොලා වුනත් සුදනෙකු නම් පුටුව දෙනු හෙළයා වුනත් ජඩයෙකු නම් පහර දෙනු දෙමළා වුනත් විරුවෙකු නම් ගරු කරනු  බුදු හිමි ජේසු හිමි නබි හිමි වැඳ පුදනු දෑගොත් කුල නුදුටු උන් බණ පිළි පදිනු වැදි බණ මැදින් මුණි බණ තෝරා අසනු වැදි බණ දෙසන සඟ ඝන උව පිටු දකිනු"
"Aruna Wijesuriya","https://www.facebook.com/aruna.wijesuriya.18","කහ කඩ පාතාලය. මෙි."
"Nihal Perera","https://www.facebook.com/nihal.perera.3705","අපරාධ කරපු කාලකන්නි හැත්තට තමයි ඔය උබලාගෙ කාලකන්නි හැත්තට කම්පාව ව්නාස එන්නේ"
"Ranjan Idunil","https://www.facebook.com/ranjan.idunil.9","මේ මුන්ටද අනිත් පින්බත්තු පාරට බහින්නේ"
"Lushantha Lushantha","","මුට අසනිපයක් තියෙන්නේ"
"Smd Newton","https://www.facebook.com/smd.smdnewton","කරඩු මාරැකරනකොට  නොවෙචිච කමිපාවක්නේ යකෝ තියෙන්නේ ඒවටත් කතාකරපියවිකෝ එතකොටනේ ඔය බුදුදහම රැකෙන්නේ නැතිව අනුන්ගේ න්‍යයපත්තරවලට කහින එක නෙමෙිනේ රබෟදයෝ මෙි ගැනත් හිතන්න ඒවටත් එක්රොක් වෙමු"
"Harsha Prabath","https://www.facebook.com/harsha.prabath.754570","සිවුරු දාගෙන කරන බලු වැඩ දැකලා ලෝක ධාතුව පොලොව කම්පා වෙන්නෙ නැද්ද 🥴🙏"
"Chaminda Prasad","https://www.facebook.com/chaminda.prasad.185728","Mun mokkuda ban"
"Warusha Silva","https://www.facebook.com/warusha.silva.9","අඩෝ පල්ලෙරතන බාල වයස්කාර දැරියකට අහවල් එක කරද්දී සිවුර ගලවලා මොකද උනේ 😄😄"
"Ranjith Aramb","https://www.facebook.com/people/Ranjith-Aramb/pfbid0MciezYRvy9CXvVDVKmdZzyN9bQuhs93s3m2nkEghhf5eRRdb5bXCp5L432QW2psol","Ka tamai."
"Gayan Chathuranga","https://www.facebook.com/people/Gayan-Chathuranga/61587398153524","Ubala මෝla daddi kauda kampa wenne ethakot 😂"
"Srimali Srimali","https://www.facebook.com/srimali.srimali.3990","සිවිරක් ගලවන කොට අපිනං අහක බලා ගන්නව   හච්චුන් පෙනෙයි කියල"
"Chamil Yapa","https://www.facebook.com/chamil.yapa.2025","මෙ තරම් විහිලූ වක් වෙන්නේ ඇයි වැරදි කලානම් දඩුවම් ලැබිය යුතුය"
"Ruwan Perera","https://www.facebook.com/ruwan.perera.308345","බල්ල මැරෙනකොට මැක්කො දඟලල මැරෙනව..."
"Premathilaka Peramuna","https://www.facebook.com/premathilaka.peramuna","හා මේ ගැන මොකෝ කියන්නෙ https://www.facebook.com/share/p/1HyuW9Cnyo/"
"Namal Welikala","","ගේම ගේම ලේසි වෙන්නෑ මේ පාර 🥹"
"Randu Wijesinghe","https://www.facebook.com/randuwijesinghe","Siwra galola podi un dushanaya karanakota tho kohada hetiya.pim batho"
"Wkk Wasantha","","දන්නෙ  නැති  නිසා  අහන්නෙ  හාමුදුරුවරුනෙ  සිවුර  දාගෙන   ගැනුන්ගෙ  බඩ උඩ නැගලා  අරක්කු  ජොලී  කරනකොට  පොලව  කමිපා  වෙන්නෙ  නැතෙයී  අපෙ හාමුදුරුවරනෙ"
"Silva Wk Wk","","සිවුරු රදවන බාල වයස්කාර දැරිවියන් දූෂනය කරනකොට මොනවද වෙන්නෙ    එ්කත් පැහැදිලි කරන්නකො"
"Dinusha S Chathuranga","https://www.facebook.com/dinusha.sampath.14661","Http cake kala idapan"
"Viraj Pushpakumara","https://www.facebook.com/viraj.pushpakumara.758","Mona huttige puthalada mun gotha hukanno ratata kelawenakam balan inna kalakanni"
"Shiwanthe Frnando","","හමුදුරුවනේ සිවුර දාගෙන ගැනු ලමයිව අනාත කරනකොටමොකද  වෙන්නේ අරක්කු බොනවා මිනුසුන් එක්ක රන්ඩු කරනවා එවට සිවුර දාගෙන කමක් නැද්ද හමුදුරුවනේ"
"Aruna Jayasuriya","https://www.facebook.com/aruna.jayasuriya.2025","oka dagena hu#nakota mokada wenne"
"Hasintha Kasun","https://www.facebook.com/hasintha.kasun","බුදුන් සරන පලයන් වනචාරියා"
"Nila Kaduge","https://www.facebook.com/nila.kaduge","සිවුර කියන්නේ අති උතුම් වස්තුවක් එය පොරොවන් කරන කියන දේ හොදද ඔය දගලන් කැමෝර් දෙන් ඔබ වන්සේලා හිතට එකගවාමද වැරදි නෑමයි කියලා වරද් වරදක් විදිහට ලකින්න රජයට ජනාධිපති තුමාට දොස් කියලා වැඩක් නෑ කාගේ කාගේත් වැරදි නෑ තුවාම නෙමේනේ"
"Oneliya Kapsa","https://www.facebook.com/people/Oneliya-Kapsa/pfbid036GKv3kH57FHwYL2Td3kzTW3ovJsfFUe4yjBCoVoNEAWAYq1sK7pLE9NY2eUzZZn1l","A ponnayo seura galawala ganunga radda ada renganna puluwanda?"
"Wasantha Wickramage","https://www.facebook.com/wasantha.wickramage.398852","Podi kellnge petti keduwma"
"Thusitha Bandara Gampaha","https://www.facebook.com/thusitha.bandara.5076","සිවුර දාගෙන වාචාල කියනකොට පිරිමි අපි pregnant වෙනවා.බුද්ද සාසනය පිරිහෙනවා. චිවරයට තියෙන පිලිගැනිම නැති වෙනවා."
"Mahinsha Karunarathna","https://www.facebook.com/mahinda.karunarathna.3","ගෑනු ඉස්සරහා ගලවනකොට කොහෙද දන්නේ නෑ කම්පා වෙන්නේ😁🤮"
"Nadeesha Ranaweera","https://www.facebook.com/nadeesha.ranaweera.551176","දන්නැති නිසා අහන්නේ හාමුදුරුවනේ සිව්ර ඇදන් සක්කිලි වැඩ කරනකොට දෙවියෝ කම්පා වෙන්නැද්ද 😪"
"Supun Hs","https://www.facebook.com/hansa.mihiranga.35","නාන සාරය කියන්නේ සංග රත්නයද බං 🤣"
"Vishwa Bookshop-Nikaweratiya","https://www.facebook.com/wishwa.bookshopnikaweratiya","කම්පාව බලා ගන්න පඅලුවන් වැලිකඩ ගිහිලිලා බලපන්...අැස් දෙකෙන්ම බලා ගන්න පුලුවන්..."
"Sumith Munasinghe","","බොරු කියන කොට සීමාවකට කියන්න ඔනේ ...අර බුකියේ ශෙයර් උනු සමහර විඩියෝ වල හැටියට සිවුරු ඇගේ තිබ්බේ නෑනේ (දහම් කරුනු කියාදෙන්න කාමර ගත උනු අවස්තාවල)"
"Gayan Jayaweera","https://www.facebook.com/people/Gayan-Jayaweera/61584098572088","Ane pala hutho උඹලා thamai agama kanne"
"Ruchira Kumara","https://www.facebook.com/people/Ruchira-Kumara/pfbid02QUpvCp85Ro1ctbjxBp9czDBmhvXqjzgztPrUd6sVQxYGXSefM2Nht5LkKhXiUjdol","ඒක තමයි එහෙනම් පල්ලේගම සිවුර ගලවලා අර පොඩි කෙල්ලට වැඩේ දෙන  දවසේ පොලව හෙල්ලුනේ..."
"Saman Janaka Kolambage","https://www.facebook.com/saman.kolambage","අනේ කැම්‍රියො"
"Sriyani Sriyani","https://www.facebook.com/people/Sriyani-Sriyani/pfbid035ckyoGHhb2sMve2poM8aCePMCJw947CnZvAKCMzZSioFkxxNgLXwG21BGbMsqwBbl","එතකොට පන්සල් වල ඉන්න සිව්රු හොරු ගැනු එක්ක හැමනෙන්නේ සිව්ර ගලවල නෙවෙයිද පල යන්න ගෙරි තට්ටේය 😄දැන් ඔකද ප්‍රශ්නේ ඒවත් කතා කරාපිය්ව් තොපි වගේ උන ලගලා ඉන්න පන්සල් වල වෙන්නෙම වනචර කම්"
"Samantha Samantha Kumara","https://www.facebook.com/samantha.samanthakumara.102","පාපිස්සට දාතු දාන කොට ඔබ කොහෙද හිටියේ"
"අවංක බයියා","https://www.facebook.com/people/%E0%B6%85%E0%B7%80%E0%B6%82%E0%B6%9A-%E0%B6%B6%E0%B6%BA%E0%B7%92%E0%B6%BA%E0%B7%8F/pfbid0JwrocPrcNwMvr1iYG8VuX99EDCNA54MN5MAubZ7f9jBr8zttoo5AaStdZbYVxsxzl","මූගේ ලබ්බ  තමයි  කම්පා වෙන්නේ.. මෝඩ හරක්"
"San Geeth","https://www.facebook.com/people/San-Geeth/61584220346516","පුත්තලමේ සනම් නිසාන්ත දෙවි පිහිටයි !"
"Mahi Chathra","https://www.facebook.com/mahi.chathra","යකෝ ගැනු සිවුරු ගලවද්දී ඔව්වා කීවේ නෑනේ මුං"
"Thusanga Chamara","https://www.facebook.com/prinyaka.lasith","සිවුරට මුවාවෙලා සක්කිලි වැඩ කරනකොට දෙයියො මොනව කරයිද"
"Eranga Pathirana","","අණේ පල වනචාරියෝ යන්න සිවුර ගලවලා අර පොඩි ⁣දරුවා ඇඳට  අරං දූෂණය කරද්දි ආවාස අස්සේ ගැනු ගෙන්නල සිවුර ගලවල වනචර කං කරද්දි ලෝක ධාතුව හෙල්ලුනේ නැද්ද දන්නෑ 😡😡😡😡😡"
"Kapila Gayathsri","https://www.facebook.com/kapila.gayathsri","මූට තියෙන්නේ වෙනම කතාවක්.... 😂😂😂😂😂😂"
"ජනක සම්පත්","https://www.facebook.com/s923n56m43","දැනට හිරේ ඉන්න හාමුදුරුවෝ 63 දෙනාගේ සිවුර ගලවලා ජම්පරේ දාද්දා කොහේද හිටියේ 😅😅"
"Tharindu Ruwan","https://www.facebook.com/tharindu.ruwan.923","මෙච්චර දඟලන්නෙ හේතුවක් ඇති 😂😂😂"
"Hiruka Pramodya Pitiduwa","","😛ලංකාව තියන්නෙ ලෝකෙ. නැතුව ලෝකෙ තියන්නෙ ලංකාව ඇතුළෙ නෙමේ"
"Chamod de Silva","https://www.facebook.com/chamod.silva.100","මුගෙනම් ට්‍රැක පැනලා තියෙන්නෙ 😂😂😂"
"Richu Jaufer","https://www.facebook.com/people/Richu-Jaufer/pfbid02Rc8m81TJbC6NXuJ7PJdcMB6hXEZdeXYg3RA9ovNrwFE9z2tPxTkNenLv9mAv8EBrl","Oii oiii....Ea yaka, beela beela ' Sura meraya' kadala , ea madiwata ahinsaka podi gahanu lamai apayojanaya karala kaamaya waradawa hasirila....  pansil wath rakinne nathiwa siwurak porawagena Bana kiyana ekatath...  V8 wahana, I pad,  pawichchi karanne.....,  ohoma giyath Niwan magak kohoma wethath 😆😁 .... Thanha Jaayathi Sokooo nam Sure👻"
"Mabulage Nethmika","https://www.facebook.com/mabulage.nethmika","උබලා කොහොමත් සිවුරු නෙවෙයිනෙ ටී ශර්ට් ඇදගෙනනේ ඉන්නේ wsgptla tika 😅"
"Wasana Jayasinghe","https://www.facebook.com/wasana.jayasinghe.90","seure edala karana vesa weda hodieda?"
"Sooriyasiri Liyanage","https://www.facebook.com/people/Sooriyasiri-Liyanage/pfbid0PvHNAQUJN8BXg6wJqZ3HLBq2qc9FMt5emRr7aUVHt3EYqPrNXE8vr5TVK6HbCPJBl","Etakota ara aurudu 12 Dariya laga siuru galonokota Deviyan balan hitiyada"
"Shamali Fonseka","https://www.facebook.com/people/Shamali-Fonseka/pfbid0JAeRhFkpCFW9WsyKozeVUKLowymChpaPkHvqjJJ4JrHKc32jurb2EJUvrVzGFrbzl","Kalakanni  Danwath baila kiyana eka Nawaththapalla"
"Kavidu Sanjiwa","https://www.facebook.com/kavidu.sanjiwa.1","Me para issarahata wahala gan wathura awahama kiyai argue siura galawapu nisa kampa wela kiyala ane huke"
"S Kaneshka Dissanayaka","https://www.facebook.com/kaneshka.dissanayaka.7","ඒ වගේම තමයි කැරිවැඩ කරනකොට දන් පිලිගන්වන මිනිස්සු කම්පා වෙනවා අපේ හාන්දුරුවනේ. 🥹"
"Tharindu Kalugallage","https://www.facebook.com/people/Tharindu-Kalugallage/pfbid0XjHa357TF1RK3zcP3wP1PEwa9rhtH2Nn6Z6LG4Zh4Hzz4vEBF7zy7uNvg41QaiLdl","ඒක වෙන්ටෑ පෑවිල්ලක් එනවා කියලා තියද්දිත් මේ දවස්වල පැලෙන්ට වහින්නේ...අනේ නිකන් ප්ලෑයන් ශාධූ"
"Lalitha Indrani","https://www.facebook.com/lalitha.indrani.18","Hamuduruwo.    Pansalwala inna ona banak keyagana....mona  Daysapalanaya...okkoma apa keyA yvnna.   Hiyooooosame"
"Bandara Ekanayaka Nandasena","https://www.facebook.com/people/Bandara-Ekanayaka-Nandasena/pfbid03797LVDsNe46kMZjC2b1QnG5zaiw4jqESHg6VZqDXz6rKQHj76Y6XKcQT5a89T7pEl","Ganunga Radi galola Dan kalawila"
"Karunathilaka Dissanayaka","https://www.facebook.com/karunathilaka.dissanayaka.1","මේක බුද්දාගම මට අපහාසයක් නෙමෙයි ද දේවාලේ පස්සේ යන්නේ හාමුදුරුවෝ"
"Madusha Maduwanthi","https://www.facebook.com/welabadage.sepalika","සිවුරෙන් පොලොව කම්පා වෙන වැරදි කරනකොට, බුදුන් දෙසු ධර්මයේ නොවඩිනකොට දෙවියෝ කම්පා වෙන්නේ නැද්ද අපේ හාමුදුරුවනේ"
"Yjw Chaminda","https://www.facebook.com/people/Yjw-Chaminda/pfbid014oNVrtkaqeP1ZkXxe9evHDHUZgou5vv7HW6s4bo2Ly1hQTrefStbW7gVtFa1q1Fl","Chiware  dagena  karanna  thiyena  balukam  okkoma  karanawa  ewa  mattu  wela  hire  gihin  jampare  adinakota  sasane  gana  kiyanawa."
"Asanka Dharmasena","","Kawadda pako Maha polowa kampa une...apinam dekke nehe ehema deyak..new generation ekata ubalage wikara surangana kata wedak nehe...thopita bada uda naginna siwura witarak nemei jokat galawanna puluwan...nodakin kahakada hetta....🤬🤬🤬🤬🤬"
"Athula Jayampathi","https://www.facebook.com/people/Athula-Jayampathi/pfbid022wMVY6CZx8RBwCkEQJRjmTVWvpn2djowgq7ppTczr9cKZ1ysRWFoGXNJGLgxQZQtl","Me pakayathe athulatha danda thiyenne"
"Pradeepkumara Bavudda","","Ane hamuduruvane podievun dusane karanakota oyaredda kivenane oyasivurata muvavela karana baluvada kiyanna bigana tava evunta lamae pava ennava sasane kanne sasane enna ayamae"
"Chaminda Premasinghe","https://www.facebook.com/chaminda.preamasinghe.5","විෂ්ණු දෙයියන්ටත් නිදහසේ ඉන්න දෙන්නැති කාලකන්නි.පන්සල්වලට ගිහින් දේශපාලනය කරනවා"
"Kapila Kumarasiri","https://www.facebook.com/people/Kapila-Kumarasiri/pfbid0217RJnGU5bC8JirHu61LQ983LdHFRUgmDpCNGUnRYSGRUTfkPQYFzDgtU5TQqKLmMl","Pal. Pal. Hora. Ganaya. Topitama. Merata. Kewe. Skkiliheta"
"Madusanka Samarakkody","https://www.facebook.com/madusanka.samarakkody","Pussuda පකො  උබට"
"Gayana Subashini","https://www.facebook.com/people/Gayana-Subashini/pfbid0SNUUaH8s6mWXSFQoNzdguHzgBpjDqGeLM1xvZqYXtkakUtvpMpfYo1v5xysTNJP8l","Ow mewa dakala bududahama kampawela thiyenne Dan kohomath"
"Nishamani Senevirathna","https://www.facebook.com/nishamani.senevirathna.2025","සිවුර දා ගෙන බලු වැඩ කරද්දී පොලව කම්පා වෙන්නේ නැද්ද අපේ හෑදුරුවනේ 😁"
"Pujitha Meegasdeniya","https://www.facebook.com/people/Pujitha-Meegasdeniya/pfbid0Bivqjj43KAvCETd7gWqSgVPkXeEkEF2YMbPkB3uHomWCaE4qsH6LwMSLeebFQTMcl","මු වගේ පිස්සෙක් කිසිම දෙයක් වෙන්නෙ නැ හොරු ටික ඇතුලට යයි තව මාස දෙක තුනක් යනකොට"
"Laki Laki","https://www.facebook.com/people/Laki-Laki/61586110298395","ඔය වගේ පට්ට බේගල් කියල මිනිස්සු රවට්ටන්න එපා විශව ශක්තිය කියනනෙ අමු බොරැවක්."
"Samantha He Herath","https://www.facebook.com/samantha.he.herath","තොපි සිපුර දාගෙන කරන බලු වැඩ වලටයි කම්පා වෙන්න"
"Isuru Sampath","https://www.facebook.com/isuru.sampath.652478","යකෝ මහ පොලොව කම්පා වෙන්නෙ උඹල සිවුරු දාගෙන කරන ජඩ වැඩ දැක්කම."
"Thushari Nisansala","https://www.facebook.com/thushari.nisansala.338","ගෑනු ඉස්සරහ සිව්ර  ගැලෙව්වට කමක් නැද්ද"
"Gayan Withanage","https://www.facebook.com/gayan.withanage.1977","තිත්තගල්ලේ... අපතයෝ.... සිවුර ගලවන් හැමනෙනකොට දෙවියෝ කොහෙද හිටියේ..."
"Amila Kishtattoo","https://www.facebook.com/amila.kumara.3990","Kalu Ka  riua"
"Nihal Priyantha","https://www.facebook.com/nihal.priyantha.483520","ධර්මානුකූල පියවරක් ගත්තා නම් මෙහෙම නහින්න ඕනෙ නෑනෙ"
"Nishan Gunapala","https://www.facebook.com/people/Nishan-Gunapala/pfbid0p1QcP8o6zsdmrrUE9KULrvdSuhPMv3oTT7t18TCLWmM9Wxpphz1dqJNGkJujeFqul","Ara baala wayasi kaara lamayaa dusanaya karana kota uge p k  kelen ubada  nayata kahena saki kele hathta"
"Sampath Hewage","https://www.facebook.com/asela.sampath.319","කවුද බං මූට මේ තරම් බොරු කියන්න ඉගැන්නුවේ"
"Harshanath Karunanayaka","https://www.facebook.com/jeewan.harshanath.9","Mek hitanne marketing campaign ekak kyla meka."
"Prishan Nilantha Thanthrige","https://www.facebook.com/prishan.nilantha.thanthrige","පන්සලේ ගෑනු තියාගෙන එළිවෙනකම් සිවුර ගලවල ඉද්දී කම්පා වෙන්නේ මොකක්ද???"
"Sampath Thusitha","https://www.facebook.com/sampath.thusitha.902","සිවුරත් දරාගෙන කුප්ප වැඩ දූෂණ වැඩ මැර වැඩ කරනකොට දෙයියො කම්පාවෙන් නැද්ද අපේ හාමුදුරුවනේ😜😜😜"
"Lalinda Senarathne","https://www.facebook.com/lalinda.ashan","සිවුරු දාගෙන කරන එවැත් ඔක්කොම පෙනවා.... සිවුරු දාගෙන නොකරන්න ඕනේ වැඩ කරනකෝට වෙන කම්පා වල ප්‍රතිඵල තමා ඔය..."
"Vimukthi Lakmal","https://www.facebook.com/profile.php?id=100009236063132","ඇත්තද බලන්න ඔයත් සිව්ර ගලවලා ඔය රස්සාවෙන් අයින් වෙලා වෙන රස්සාවක් හොයා ගන්නකො"
"Gampaha Ariya Damma Tero","https://www.facebook.com/niroshan.wikramarathne","කියන අය සිවුර ගලවන්න කලින් ඉඳලම දෙයියෝ කම්පාවෙලා ඉන්නේ"
"Asanka Sampath Samaranayaka","https://www.facebook.com/asankasampathwk","අපි ඒක බලාගන්නම් ඔයාලා කම්පා නොවී ඉන්න"
"Udara Madusanka","https://www.facebook.com/udara.madusanka.899886","සිවුරු ගලවලා පල්ලේගම පොඩි දැරිවිව අපයෝජනය කිරිම හොදයි"
"Nuwan Kumara","https://www.facebook.com/nuwan.kumara.388612","තොපි කරන වැඩ දැකලා මහපොළව කම්ම්පාවෙලා හුඟක් කල්..."
"SalonPrabha Horana","https://www.facebook.com/salonprabha.horana.2025","මුව අප්පිරියයි දැන්"
"Thissa Malli","https://www.facebook.com/people/Thissa-Malli/pfbid028UDJnHyKfD9z3sqchBpV2wfP57iWEmiqRJhRskb88fDHSRSyqz965r8YTraYh3Fal","සිවුර නෙවෙයි මුගේ ඇත දෙක ගලවන්න ඕන"
"Nawoda Balangoda","https://www.facebook.com/nawoda.balangoda","තොපි වගේ parayange"
"Gamini Kumarethunga","https://www.facebook.com/gamini.kumarethunga","උබලා රෑට හොර ගැනු siwru  galona  කොට පොළොව  පාළනය කාළකන්නි හොරු"
"Km Dasun","https://www.facebook.com/people/Km-Dasun/pfbid02F3McmbzmfpbwcL2vCfR3pQwTYy7aeu15FYx7m2NGwFHdg5S4xNK5E2ZXZ7z9g9VFl","Ruwan wali kotha ussapu welawe"
"Harischandra Koituwakku Arachchi","https://www.facebook.com/people/Harischandra-Koituwakku-Arachchi/pfbid02nktgAaPgxybAEvLUzujBA3NJ5FtVtUzc4a9wmHKVvuVSGrhxYatwAjspq6catNnul","Thoge ammata  h...... Edapan"
"Rukman Bandara","https://www.facebook.com/rukman.bandara","සිවුරට සාසනයට බුද්ධාගමට අගෞරව කරන්නේ මේ වගේ චීවරධාරීන් ම තමයි"
"D M Premananda Bandara","https://www.facebook.com/d.m.premananda.bandara","Hathara kendare palu wesige puthala mahana wenne"
"Sanath Kumara Ranaweera Arachchige","https://www.facebook.com/people/Sanath-Kumara-Ranaweera-Arachchige/100010568017835","බුද්ධ සාසනේ ආරක්ෂා කරන්න දෙයක් නෑ පකෝ තොපි කාලකන්නි බුද්ධ සාසනේ කන්නේ තොපි"
"Hogan Rohan","https://www.facebook.com/hogan.rohan.5","ඇත්තටම මේ  කථා කරන් හාමුදුරුවෝ සිඋරඇදන් කරපු ඒවා දැක්කෙම නැද්ද නිකන් පව් පොරවන්න එපා වැඩක් බලාගෙන පන්සලේ ඉන්න"
"Kalum Kalum","https://www.facebook.com/kalum.kalum.820796","Me wage horunta siura porawanakota mhapolawa kampa wenne nadda..."
"Janidu Udana","https://www.facebook.com/janidu.u.pathiraja","එතකොට අශොක  දුසිල් මහනුන්  සසුනෙන්  නෙරපනකොට මෝකො  උනෙ 🤣"
"Madu Arun","","ගෑනු එක්ක බුදියනකොට මුන්ට නිවන් යනවා ඇති"
"Varuna Eeriyaulla","https://www.facebook.com/varuna.eeriyaulla.1","දාතු කම්පා වෙන්න ඇති"
"Dimuthu Jeewantha","https://www.facebook.com/Dimuthuowen","රෑටත් ඕවා ඇදගෙනම නිදාගන්නේ 🤣🤣"
"Rainii Raini","https://www.facebook.com/raini.bandaara","Ane pala kariya yanna thowa nikaayemuth pannapu horekne baila ghn natiwa hitapan බුද්ධ ධර්මයට nigaa nokara"
"Purna Prasad","https://www.facebook.com/purna.prasad.290219","සිවුරු galawala lami දූෂණය karaddi ehanam wenne nadda 🤣🤣🤣"
"Asanka Kumara","https://www.facebook.com/people/Asanka-Kumara/pfbid0YsU61tUsqQsDnVQZ1nsTGHP4BjqNACnXezFhGZWyfGtEcRCQ57a9uD7wPXiVS1CPl","අනුර කුමාරට දූශිත දේශපලකයින්, නිලධාරින් විතරක් නෙමෙයි දැන් හොර චීවරධාරයින්වත් අදුනා ගන්න වැඩ පිළිවෙලක් සකස් කරන්න වෙයි වගේ."
"Deepal Weraniyagoda","https://www.facebook.com/deepal.weraniyagoda.5","සිවුරු දාගෙන ගෑණුන්ගෙ බඩ උඩ නගිද්දි කම්පා වෙන්නෙ නැතෙයි  🤣🤣🤣🤣"
"Sami Sami","https://www.facebook.com/people/Sami-Sami/pfbid0uFtKeAzmHnn8FqFX8cwVK9XBJzPSbiFjktNfr25bqiXrNRqxExPWTjx1Q5RMKZPCl","දෙවියො ඇවිල්ල කිවුවද කම්පාවෙන් ඉන්නෙ කියලා"
"Sudu Suduu","https://www.facebook.com/people/Sudu-Suduu/pfbid0z16Vk8Zvd67Ve1fjDixTaVr7NA3HL3PuGWMnZo6T5GT79hW8JNEf2UbHAWKjQet8l","බල්ලොන්ට සිවිරු ඇන්දුවම මේ වගේ දේවල් අහන්න දකින්න ලැබෙනවා 😂"
"Ajith Bandara","https://www.facebook.com/ajith.bandara.10","සෙම higanna තොගෙ musawal වලට minissu rawatei kiyala hithuwada sakkili balla"
"Dasun Pramojith","https://www.facebook.com/dasun.pramojith","ඒක තමා මේ වහින්නේ..😀😀"
"Gehan Perera","https://www.facebook.com/profile.php?id=576541287","සිවුර දාගෙන රටේ නීතිය කඩ කරපුවහම නායක හාමුදුරුවරු කුඩාදරියන්ව දූෂණය කරපුවහම උසාවියෙන් සියලුම චෝදනා නිදොස් කොට නිදහස් කරන අලුත් නීතියක් සම්මත කරමු. මහා නායක හාමුදුරුවන්ගේ ලියුම්වලට උසාවි නියෝග බල රහිතකරලා නීතියක් සම්මත කරගමු.  පාතාලේ සියලු දෙනාට සිවුරු අන්දා ශ්‍රී ලංකාව බෞද්ධ පාතාලයක් බවට පත් කරමු... බුදු සසුන බැබලේවා පාතාලයට ජයවේවා.."
"Mohamed Musthaq","https://www.facebook.com/musthaq.rox.9","මේ පාර පොළොව පලාගෙන ඇනකොන්ඩෙක් හරි එයිද දන්නේ😒"
"Viraj Chathuranga","https://www.facebook.com/viraj.chathuranga.1297","එක එහෙමනම් අටමස්තානේ හෙලවෙන්න එපැයි අර අහිංසක අව්‍ර්රුදු 12/15 දරුවෝ දූශනය කරද්දී 😂😂😂"
"Ruwan Randeepa Rajapaksha","https://www.facebook.com/ruwan.rajapaksha.3","Hamuduruwo kenek unata puduma adiyawakne thiyenne ude idan re wenakal nahen adanawa"
"Aruna Fernando","https://www.facebook.com/aruna.fernando.1675","පොලව කම්පා වෙන්නේ මෙවට ගොබ්බයෝ"
"Sirtin Gunarathna","https://www.facebook.com/sirtin.gunarathna","සිවුරක්  දා  ගත්තාම  නිදන්  හාරන්න  හිතන්නේ   මොකද  අනේ.  දැනට  නඩු   කියක්  තිබෙන  වාද  කියන් මගේ දෙයියෝ."
"Dinusha Aththata Gamage","https://www.facebook.com/dinusha.aththatagamage","මගේ විරොධය"
"Umindu Isurantha","https://www.facebook.com/profile.php?id=100056316453912","Aiyoooo me tatta pcyaa hamthnmaaa puduma krumyk wel thiyennee dn"
"Jana Bro","https://www.facebook.com/jana.bro.381720","එල්⁣නිනෝ එකට වහිද්දි දේව කම්පා කියයි.😁😁"
"Dewaraja Pathirannahalage Sudharma Sri Thilakarathna","https://www.facebook.com/sudharma.thilakarathna.7","කොහොමද ෆැෂන් එක සෙට් එකේ.."
"Kithsiri  Vithana","https://www.facebook.com/kithsiri.vithana","පිංබතා තොපි වගේ කාලකණ්ණි ටිකක් ලෝකේ කොහොත් නැතුව ඇති.."
"Yasanandana Pathirage","https://www.facebook.com/yasanandana.pathirage.5","උඹල වගේ හොර ගනයෝ දැක්කහම අපිත් කම්පා වෙනවා. අනුරාධපුරේ පොඩි ළමයි දූෂණය කරනකොට සිවුරේ ඉඳගෙන පොළොවට මොකද වුණේ"
"Evon Sajith Premarathna","https://www.facebook.com/evon.premarathna.9","Ai දැන් මේ කලිනුත් ඔය siura galalawa හිටියේ හිටන්ගේ කාලෙත් 🤣🤣🤣"
"Milan Milan","","Horu kupadiyo dakkama apitath kala kirenawa"
"Shevon Daniel","https://www.facebook.com/people/Shevon-Daniel/pfbid0bkLkNoMcDo1MY8Kyrayf5yqmzXHRATEusvydVnaqS29hPV3JN5JDc9ykvf2tmHjWl","සිවුර ගලවල පොඩි එවුන්ට අරිනකොට ධාතු පාපිසි වල හැලෙනව 😅"
"Yasara Suranimala","https://www.facebook.com/yasara.suranimala.3","මූටම හිනා යනවා මේ කියන ඒවට"
"කමල කමල","https://www.facebook.com/people/%E0%B6%9A%E0%B6%B8%E0%B6%BD-%E0%B6%9A%E0%B6%B8%E0%B6%BD/100085696613293","Etakota. Siwurak edagena. Genuth. Ekka. Hemanenkota. Pakada danna kampa. Wenne"
"Rohana Ridigama","https://www.facebook.com/rohana.ridigama","කමිපා වෙලා"
"Gayantha Peiris","https://www.facebook.com/profile.php?id=100003322513482","උපාසක ඇත්ති ගේන දානෙත් ගැලලා, වදින්න නැමෙනකොට දෙන තකත් බලලා, හැරිල යනකොට පුප දිහාත් බලලා තොලකටත් ලෙවකන ගනයින්ගෙ සිවුරු ගලවද්දි නෙමේ කම්පා වෙන්නෙ ගලවල ගසද්දි ඇලිල ඉන්න ලමයි බිම වැටෙද්දි තමා හොදටම කම්පා වෙන්නෙ"
"Waruna Harendra","https://www.facebook.com/waruna.harendra.7","මු වැව්රුකන්නල පන්සලේ අපායේ හදල  ඉන්න දෙව්දත් වගෙ 😂"
"Janaka Sudasinghe","https://www.facebook.com/J.Z0NE.007","Yko winoda samaya balanwa wge meka 🤣"
"Chandima Abesinghe","https://www.facebook.com/chandima.abesinghe.2025","Ponnayek"
"Sanchitha Thilakarathna","https://www.facebook.com/sanchitha96","අපේ පන්සලේ එවුන් ගියේ සිවුර දෙහි ගහේ එල්ලලා 🫢හැබැයි කම්පා වුනේ මහ පොලව නෙවෙයි ස්වාමින් වහන්ස. අර කෙල්ලා පන්නන් ගිහිපු ගෙදර දෙමවුපියෝ සහෝදරයෝ. ..🖕"
"Mihan Shavinda","https://www.facebook.com/noty.sudda.75054689","පොලව කම්පා වෙන්නෙ තොපි වගෙ පිනට කන නිගන්ටයො උතුම් බුදු සසුනෙ බැවිදි වෙනකොට. ගෙදරට බරක් වෙලා ගෙවල් වලින් එලෙව්වම රස්සාවක් නොකර පිනට ජිවත් වෙන්න මහන වෙන්න එපා htt putho"
"Chanaka Uduweriya","","අඩෝ උබලටත් එහෙම වෙනවාද ? 🤣🤣🤣  කම්පා කෙසේ වෙතත් උබළගේ කන්පාත් වෙලා තියෙන්නේ"
"Janaka Kankanamge","https://www.facebook.com/people/Janaka-Kankanamge/pfbid02bVbYnyvmcvABCwjGHAzdvNqSeRFXuq9WuRWEnabUfqrs1T1ysdbVDaYiuEdtkcEbl","Gon katha kiyanna epa buruwo. Minissu dan moda be. Thawath gonata andanna be"
"Sumith Winson","https://www.facebook.com/sumith.winson","තොපි වගේ මල පෙරේතයෝ දැක්කහම අපිත් කම්පාවෙනවා බොලව්"
"Radeesh Kandy","https://www.facebook.com/radeesh.kandy.58","මෙහෙම වෙනකොට කම්පා වෙනවද දන්නෑ"
"Tilak Arachige","https://www.facebook.com/profile.php?id=100048392620331","Nodakin kala kanni"
"Asanka Bandara","https://www.facebook.com/asanka.bandara.1253236","Ube ammata kariya 🤬🤬"
"ක්‍රිෂාන්ත ගයාන්","https://www.facebook.com/krishantha.gayan.338","ඇත්ත රනිල් සරුත් එහෙම කිව්වා"
"Induruwage Don","","තොපි වගේ කාලකන්නි සිව්රටත් අග්රවයක්...මුං සිව්ර දාගෙන නොකියා කියන්නෙ රටට කෙලවෙන්න ඕන කියලා...මු නිධන් හාරලා හිරේ ගිය එකෙක්."
"Dhananjaya Weerasinghe","https://www.facebook.com/dhananjaya.weerasinghe.213533","සිවුර ඇදන් අඩියගහනකොට කම්පා වෙන්නැද්ද පොලොව😆"
"Chathuranga Deshapriya","https://www.facebook.com/chathuranga.deshapriya.73","සිවිරට කරන හොදම ගවුරවේ තමයි අපතයන්ගෙන් ගලවන එක උ බල වගේ"
"Latha Gamage","https://www.facebook.com/latha.gamage.16","අටමස් තානාපති ගලවනකොට සාදු කාර දෙන්න ඇති  සාදු කාර දෙන්නේ හොද කලකිරියාවට"
"Jagath Abeywickrama","https://www.facebook.com/people/Jagath-Abeywickrama/100006489952590","රට පාවාදිපු මහනුවරින්  කොලබට එන තක්කඩි රැල  ඔන්න බලාගන්න  කවුරුත් අරක්කු ටිකක්  එකතු කරලා දේන්නකො ගිමන් නිවන්න"
"Thushara Sampath","https://www.facebook.com/thusharadgs","සිවුරක් ඇඳගෙන බාල අපචාර කරද්දි දෙවියෝ රබන් ගහනව ද එතකොට..."
"Dinesh Dinesh","https://www.facebook.com/dinesh.dinesh.802268","සිවුර ගලවන් සැප ගන්න කොට මෙවුන්දලැයි කටවල් කොහෙද තිබුනේ"
"Mali Ya","https://www.facebook.com/profile.php?id=100024380500908","පල යන්න කරවිල ගල්ලෙ ගෝතයා"
"Sachin Kumarasinghe","","තොපි වගේ හොර ගණයෝ දැකලා ලෝකෙම කම්පා වෙලාතියෙන්නේ"
"Manuja Nonis","https://www.facebook.com/nonismanuja","Ane nikan palayn htto 🤦‍♂"
"Kalana Sadaruwan","https://www.facebook.com/kalana.sadaruwan.883848","දැන් නම් මුන්ව ගහලා එලවන්න කාලෙ හරි තුන්වැල පිනට කන පොන්නයො"
"Thilak Jayasooriya","https://www.facebook.com/niks.vieo","සිවුරදාගෙන බිල ඩාන්ස්කරනකොට ....."
"Ramesh Abeywickrama","https://www.facebook.com/maxysadiya","පොඩි උන් ඇදට ගන්නකොට කම්පා වෙන් නැද්ද cariyo😂😂👍"
"Chana Visuals","https://www.facebook.com/chalavisualss","Ane ithin sadu 😓👍"
"Dushyantha Ediriweera","https://www.facebook.com/dushyantha.ediriweera.10","සිවුරු ගලවලා පාපිස්සෙ බඩු පිහිදන කොට දෙවියො නෙමෙයි යක්කුත් කම්පා කරනවා"
"Bandara Ranjan","https://www.facebook.com/bandara.ranjan.2025","Yako siuru galawala තොපි podi kollo, gaanu ekka andata yana nisa තමයි මහා polowa කම්පා උනේ  තොපි ව vinasa කරලා දාන්න තමයි දෙවියෝ කෝප උනේ"
"Ilyas Kent","https://www.facebook.com/ilyas.kent.2025","කවුද බං කිව්වේ සිවුර ගලනවට පොළොව කම්පා වෙනවා කියලා අනුරාධපුර පැත්තේ අවුරුදු දාසයෙක් කෙල්ලෙක්ව දූෂණය කරනකොට සිවුර ගලවන්නේ දුෂණය කරේ? එතකොට ඒ වගේ දෙයක් උනේේ නෑනේ බං අර ජපාන ගිහිල්ලා අර ගල් සාදු කෙනෙක් අහුවුනේ සිවුරු ඇඳගෙන මේක කරේ. එතකොට කම්පනයක් ආවද නෑනේ බං ඕගොල්ලන් සිවුර ඇඳගන්නේ නිවන් දකින්න ඕනේ කියලා කියලා. ඕගොල්ලන්ට තියෙන්නේ ලෝකෙ පුදුමාකාර ආසාවල්ම ගියොත් නිවන් දකින්නෑ පරක්කු වෙනව එතකොට"
"Nuwan Senawirathna","https://www.facebook.com/people/Nuwan-Senawirathna/61573631541562","She hukapan pakaya man laga hitiuanm mahana kama paththakin thiuala thota gahanne amanaya thopi job ekara siuru dan pakayala"
"Migara Pathum","https://www.facebook.com/migara.pathum.2025","Siwru asse thiyan Badu gahanakota hodai thopita"
"Thanuja Batuwita","","දෙවියෝ කම්පා වෙන්නේ මේවට හාමුදුරුවනේ.. https://www.facebook.com/share/v/1GRY6nuM2E/"
"Chani Rathnayake","https://www.facebook.com/bornlord.kgchani","පන්සලට ගෑනු ගෙන්නන් සිවුර ගලවගද්දි කම්පා වෙන්නෙ නෑද දන්නෑ නේ"
"Wiku Wikum","","Chani Rathnayake මගේකා බන් උඹ මට කලින් ඒක කියලා"
"Bandara Bandara","https://www.facebook.com/asiri.bandara.46019","Me janapathita newe oya nithi thiyagena hitapu oyalage yalu janapathilata baninna, 🤣🤣🤣🤣🤣😂😂😂😂😂😂"
"B C Chandrasena Buwanayaka","https://www.facebook.com/b.c.chandrasena.buwanayaka","එතකොට අර ගෑණුත් එක්ක හැමිනෙනකොට පොඩි කෙල්ලො දූෂනය කරනකොට සිවුරෙ හිලක් හාර ගන්නවද . අදනකඩේ උස්සනවද .  අර වීඩියො තියෙන්නෙ අරක්කු බීල නටන කෑගහන ඒවා. අම්මයි දුවයි එක ඇදේ තියාගෙන හැමිනෙන ඒවා. තොපි මොනවා කීවත් තොපේ රෙදි (සිවුර) ගැලවිලා ඉවරයි. ඒක කර ගත්තෙ වල් බල්ලො තොපිමයි"
"Ajith Wettimuni","https://www.facebook.com/ajith.wettimuni","අවංකවම තොපිි අැදගන ඉන්නෙ කහ රෙද්දක් මිස සිවිරක් නොවෙ.මුලු රටක්ම දන්නව කරපු වරද.එ්කට දඩුවම ලැබුනා එචිචරයි.සිවිරට මුවාවෙලා තොපි කරන්නෙත් වරදක්"
"Lalindra Fernando","https://www.facebook.com/charithachandima.fernando","අවසරයි සිවුරක් ගලවනකොට එහෙම නම් සිවුරක් දරාගෙන අහිංසක සාමනේර හිමිවරුන්ගේ හා අහිංසක බාල වයස්කාර දැරියන්ගේ ඇඳුම් ගලවනකොට කොහොමද කියල පහදා දෙනවද අපේ හාමුදුරුවනේ?"
"Sunil Senavirathne","https://www.facebook.com/people/Sunil-Senavirathne/pfbid02ULVLBspWjE8QgAuNsqL5ZwXJSaqVdftk5foDxtJoetfagFF1E8gsFJC3V1MB1hFKl","Melborn pansalaka  vijitha saduge   siura  galavela. Hire danva   ostreliyava   yata veida  gan vathuren"
"Chathu Chathu","https://www.facebook.com/people/Chathu-Chathu/pfbid056qWQwegEt5rDVXxKuA1Sa8dEPxM3FacQqLLdtXrhAo8cAc7fJkq3J86CiyaTRawl","සිලයක් රකින සිල්වත් සම්න්වහන්සෙ නමකගෙ සිව්‍ ර ගෙලවිම පවක්. නැතුව  නමට විතරක් සිව්‍ ර දමන කෙනෙක්ගෙ  මම හිතන්නෙ එක ....."
"Sugath Janaka","https://www.facebook.com/sugath.janaka.287210","උබලගේ මාර නාට්ටිය... සියුරු ගලවන ගථාවක් තියෙනවා ගැණු ලග🤣🤣🤣."
"Trevanz Fernando","https://www.facebook.com/trevanz.noniz","සිවුර දාගෙන අවලම් වැඩ කරද්දි දෙයියො කම්පා වෙන්නෙ නැද්ද http"
"Hmck Herath","https://www.facebook.com/profile.php?id=100002060157084","සංගායනාවක් කරලා මේ බුද්ධ සාසනයේ සංඝයා, හික්ෂුව කියන්නෙ කවුරුන්ද, කාර්‍ය භාර්‍ය මොකද්ද කියන්න එක පැහැදිලිව පෙන්නලා ඊට පිටින් ඉන්න චීවරය පොරවන් ඉන්න හැම හොරෙක්ම එලවන්න ඕන. කූඩුවේ දාන සුදුසුසෝ කූටුවලට දාන්න ඕන. රට, ජාතිය, ආගම කියන වචන දාගෙන වංචාව මේ අයගෙ."
"Shehan Kavinda","https://www.facebook.com/shehan.kavinda.96387","අටමස්තානයා 8 වසරේ දැරිය ඇදට ගද්දි තෝගෙ ඇට දෙකවත් කම්පා උනේ නෑ නෙ"
"Agp Samarakon","https://www.facebook.com/agp.samarakon.2025","Ane pako uba mokedda sakkili awajathakaya genu gawa galawanna hoda thpi maha higannu pinata dena de kala paduwe en nethuwa amma ta h..... Itapan"
"Dilan Asiri Chrishmantha","https://www.facebook.com/profile.php?id=100002712409974","සමා අවසර අපේ හාමුදුරුවනේ ... නාන්නෙත් නිදා ගන්නෙත් සිවුර ඇදගෙනමද ...  සිවුර ගැලෙව්වොත් මහ පොළොවයි දෙවිවරුයි කම්පාවෙලා වෙන නිසා දැනගන්නයි අහන්නේ 🤔"
"සන්හිත රනුග වින්සද","https://www.facebook.com/SanhithaRanugawinsanda.777","දිට්වා වගේ කුණාටු කොහොමත් එනවා ඉස්සරහට කාලගුණේ කොහොමත් වෙනස් වෙලා තියෙන්නේ රස්නේ වැඩි වෙන නිසා"
"Kaduwela Shaggy","https://www.facebook.com/people/Kaduwela-Shaggy/pfbid05yqbcpkXdNVxA4gJgSZ5PcG8LdbqaCbZsvpCRx4WGweYVFY4jQZ8QUubsBqM3jPJl","ATA DEKA KAMPA WEI"
"Ruwan Abeyrathne","https://www.facebook.com/ruwan.ruwan.13448","සිවුර උස්සලා වල් වලත්ත ජඩ වැඩ කරනකොට මේකා කොහෙද හිටියේ. අනිවාර්යයෙන්ම කාගේ හෝ කොන්ත්‍රාත්තුවක් අදින එකෙක්."
"Nawarathna Amunumulla","https://www.facebook.com/nawarathna.amunumulla","එතකොට මුන්ට කන්න දුන්නු මහජනතාව ද වැරදි කලේ ඒක කියන්නේ මජරයෝ"
"Dhammi Munasingha","https://www.facebook.com/nimmi.prarthana.56","පල්ලෙගම පොඩි ලමයෙක් ලග සිවුර ගලවද්දි පොලව කම්පාඋනේ නැද්ද ඒව පලදෙන්නෙ උබල ඔකෝටම"
"Ashan Balasooriya","https://www.facebook.com/ashan.balasooriya.741946","ඉස්සරහට කෝමත් එල්නිනෝ නේ"
"Heshan Perera","https://www.facebook.com/heshan.perera","බුද්ධ චීවරයේ ගෞරවය රැක දුන් බන්ධනාගාර කොමසාරිස්තුමාට බොහොම ස්තූතියි."
"Deepal Amarasiri","https://www.facebook.com/people/Deepal-Amarasiri/pfbid0fAzcGDaZ63VEmzcGpKTcGsDFRgTnUNpjgKjYcA35GjE1Gz8L6q8CQFtHzuxVBEyCl","සිවුර පොරවාගෙන බඩුගහන එකට කමක් නැද්ද ගනයෝ"
"Sudaksan Sudaksan","https://www.facebook.com/profile.php?id=100000764272744","Monad a ma pakaya kiyapu dahama kiyala yi mata hithanna"
"Nkgtm Madu Ariyarathna","https://www.facebook.com/thilina.madushanka.7121","Kalakanni nodakin"
"NI RO Shan","https://www.facebook.com/ni.ro.shan.376005","සිවුරෙ ඉන්නෙ ඔබල වගේ කුපාඩිනම් මොන කම්පාද, මුට සිවුර ඇදන් බැලේ ඩාන්ස් දාන්න හොදයි"
"Lasitha Dananjaya","https://www.facebook.com/lasithadg","යම රජ තෙම"
"Nisanka Nisanka","https://www.facebook.com/nisanka.nisanka.2025","මූට රෙවිලා ඉන්නේ  හැමතැනම බැනුම් 😂😂😂😂"
"NK Nuwantha","https://www.facebook.com/nuwantha.nilupul.3","මන් කැමති නැ චිවරයක් ඇදන් ඉන්න ඔබ වහන්සේට මුකුත් කියලා පව් පුරවගන්න හැබැයි එක දෙයක් කියන්නම්.දැන්වත් මහන වෙන්න🙏"
"Madusanka Hettiarachchi","https://www.facebook.com/rasika.madhusanka.7","අනවශ්‍ය තොරතුරක්"
"Sarath Korale","https://www.facebook.com/profile.php?id=100039315392917","Bhoomikampawa gena Pera denum deema hodai minissunta parissam wenna.🤪"
"Madushanka Ruwan","https://www.facebook.com/people/Madushanka-Ruwan/pfbid02dpabwUnD5pU5H7LmwBFHKuMPE6DnYGVNu3eAwfTshUzCc1SjjzL7uKjKwEqcDQjfl","යකො තොපේ සාපෙ තව ටික කාලයයි"
"සනුක සනුක","https://www.facebook.com/people/%E0%B7%83%E0%B6%B1%E0%B7%94%E0%B6%9A-%E0%B7%83%E0%B6%B1%E0%B7%94%E0%B6%9A/pfbid0sbLuF1ozcPXEYwLdVjbTjcBdhwrR4Xyotx1B97ii9EyWfTm64qVSjYWumePJ7JpJl","😀😀😀😀😀 ඇත්ත ද"
"Dimuthu Lasantha","https://www.facebook.com/profile.php?id=100006442530020","සිඋර දාගත්තම නයිප්ගින්නෙ නති වෙන්න කාමක් නද්ද?"
"Lahiru Gamage","https://www.facebook.com/people/Lahiru-Gamage/100008897255226","පල pnnya 😂"
"Piumika Wijewantha","https://www.facebook.com/profile.php?id=100000691633265","අන්න තව ගණයෙක් Australia වල සිව්රු ගලවල මාට්ටු වෙලා. ඌ අව්රුදු 13ට හිරේ   පල ගිහින් කළු කොඩි දාපන්"
"Kelum Manjula","https://www.facebook.com/kelum.manjula.191393","සිවුරු ධාතුව කෙසේ වෙතත්...තෝ නං ජාතක වෙලා තියෙන්නේ...වැරදි ධාතුවකින්...නොදකින් සක්කිලි."
"Gm Wicramarachi","https://www.facebook.com/gm.wicramarachi","Badu gagana welawe mihinthale ganaya siwura galawa gana hitiye palle gama  badu gawuwe???"
"Roshan Bhai","https://www.facebook.com/max.cool.5623293","දෙවිවරු කොහෙද හුප්තො බුද්ධාගමෙ..😂😂"
"Saman Buddhika","https://www.facebook.com/saman.buddhika.9231","ලමයි දූෂණය කරද්දි ලෝක ධාතුව කම්පා වෙන්නේ නැද්ද"
"Manjula Kasun Sama","https://www.facebook.com/people/Manjula-Kasun-Sama/61576852730496","Ehama huka... kampa wenne neda 🤣🤣🖕🖕"
"Zadun S Prasanna","https://www.facebook.com/zadun.s.prasanna","තොපේ සිවුර නෙවෙයි ගලවන්න ඕනී #ට දෙකම කාලකන්නී.. සිවුර දාගෙන කරන්න තියෙන බලු වැඩ සෙරම කරන්නේ තොපි. තොපි වගෙ උන් සිවුරටත් නිගා කරනවා"
"Isuru S Thennakoon","https://www.facebook.com/isuru.s.thennakoon.2025","අපේ හාමුදුරුවනේ ඔබ වහන්සේට හොදටම ට්‍රැක් පැනලා 😂"
"Pathum Perera","","සිවුර ඇදගෙන කරන චන්ඩි වාගේ වනචාරියෝ වාගේ හැසිරෙද්දි ඔය 3 නිකායක මල්වතු හා අස්ගිරි හාමුදුරුවෝ කවද්ද කාවද සිවුර ගලවා ශාසනයේ ගෞරවය ආරක්ෂා කළේ ? ඔක්කොම ජඩ වැඩ කරනකම් කට ඇරන් බලන් ඉදලා රටේ නීතිය ට දඩුවම් දෙද්දි අත්සන් ගහ ගහ 🐦‍🔥 අවුවේ පාරවල් වල පවු ගෙවනවා ...."
"Naleen Sanjeewa Weerasooriya","https://www.facebook.com/nalinsanjeewa1982","සිවුර හොරු දාගත්තාම බෙෘද්ද අපිත් කමිපා වෙනවා"
"Randika Priyalal","https://www.facebook.com/randika.priyalal.2025","පල පගයා"
"Walawe Sunil","https://www.facebook.com/wsunil1955","අර දැරිවියන් ඉස්සරහ ඕක ගලවන කොට එහෙම වෙන්නැද්ද"
"Layan Preboda Madushanka","https://www.facebook.com/preboda","News nedda ban admin. ..prasne iwara karane banakinma. Gon athal adminek"
"Chanaka Abeykoon","https://www.facebook.com/kasunabeykoon1","අර පොඩි කෙල්ල ඉස්සරහ සිවුර ගලවද්දි කම්පා උනේ නැද්ද දන්නෑ.. 😁"
"Nimesh M Rajaguru","https://www.facebook.com/people/Nimesh-M-Rajaguru/pfbid02hyppZAzMrWKx3JDwD6WvxfNHLFK134b1gBho4ibyoqYuVRsN3jKwBDGdToL29wsol","පොඩි එවුන් දූෂණේ කරනකොට උඹලගෙ ඇට දෙක කම්පා වෙන්නැද්ද 😂🖕"
"Anil Kularathna","https://www.facebook.com/anil.kularathna.35","අම්මගේ රෙද්ද තමා ගෑනු පන්සලට ගෙනල්ලා රෙදි ගලනකොට හොඳයි පහාරයෝ"
"Samantha Senavirathna","https://www.facebook.com/people/Samantha-Senavirathna/pfbid0xsgJ1Vqpgy7x1enp7xiqFnmBcmoVSXNATafDLpv97M4Jzih6GFiNWjSRpBemSSpVl","උබල රටට බරක්"
"Prasanna Gunawardana","","අද සමහර භික්ෂූන් වහන්සේලාගේ ක්‍රියාකලාප දකින විට ඇතිවන්නේ දැඩි කලකිරීමක් සහ කනගාටුවක්. ඒ නිසාම භික්ෂූන් වහන්සේ නමකට වඳින්න, නමස්කාර කරන්න පවා සිතේ පැකිළීමක් ඇති වී තිබෙනවා. අපි පොඩි කාලයේ සිටම පන්සලත් සමඟ ඉතා සමීපව කටයුතු කළ මිනිසු පන්සලේ වැඩකටයුතුවලදී අපි කොතරම් මහන්සි වී, ශ්‍රද්ධාවෙන් සහ කැපවීමෙන් වැඩ කළාද කියලා අදටත් මතකයි. ඒ කාලයේ පන්සල ගැනත්, භික්ෂූන් වහන්සේලා ගැනත් අපේ හිතේ තිබුණේ විශාල ගෞරවයක් සහ භක්තියක්. නමුත් අද සමහර භික්ෂූන් වහන්සේලාගේ අසංවර හැසිරීම් දකින විට ඒ ගෞරවය පළුදු වෙනවා. බුදු දහම කියන්නේ සිවුරට පමණක් සීමා වූ දෙයක් නොවෙයි. එය තමන්ගේ ජීවිතයෙන් ප්‍රගුණ කළ යුතු දහමක්. සංවරය, ඉවසීම, මෛත්‍රිය, කරුණාව සහ ප්‍රඥාව බුදු දහමේ හරයයි"
"Supun Malshan","https://www.facebook.com/supun.malshan.9","මූ දැන් අර ගොනා වගේ මෝඩ පාට් දාගෙන ඥානසාරයා වගේ වෙන්න එනවා"
"ආනන්ද ජයසේකර","https://www.facebook.com/elmuil305x","කෙල්ලෝ දුෂණය කරනකොට මොකද වෙන්නෙ"
"Bataranage Wijerathana","https://www.facebook.com/bataranage.wijerathana","කවුද මෙ  සිවුරැ   හොරා"
"Dushan Kanchana Godage","https://www.facebook.com/profile.php?id=1238735123","පුක කසනවද බන් සිවුර ගලවන කොට 😂😂😂"
"Anton Johnson","https://www.facebook.com/anton.johnson.505","සිවුර දාගෙන දරුවන් දූෂණය  කරනකොට පොළොව කම්පා වෙන්න නැද්ද"
"Gamini Ranasinghe","https://www.facebook.com/gamini.ranasinghe.100","Pallegama siura galawaddi mokuth une nadda"
"Raji Diyana Abeywardana","https://www.facebook.com/raji.abeywardana","Dewiyo kesewetath katu kana ballo kampa wenawa pacha nogaha pal"
"Prabath Seneviratne","https://www.facebook.com/profile.php?id=1069760604","Raji Diyana Abeywardana Mun ballantah aha geeya apathayo"
"Indika Lakmal","https://www.facebook.com/indika.lakmal.169","කවුරුවත් දන්නෙම නැතුව කලින් හැටතුන් වතාවක්ම එතකොට කම්පා වෙලානේ . 🤣🤣🤣😂 බුද්ධ දර්ශනය වනසන සිවුරු රඳවන"
"Gamini Santhiperera","https://www.facebook.com/gamini.santhiperera","ඇ ගනයෝ චිවරයෙන්.. අර කෙල්ල දුෂනය කරල ධාතු.පිහදාකොට තොපි කොහෙද හිටියේ...මු බල්ලෙකුට ජාතක වෙචිච ගනයෙක්..."
"Mahinda Siri","https://www.facebook.com/ma.mahindasiri.7","වෙනත් දෙවල් කරන කොට සිවුරු ගලවන්නේ  නැද්ද"
"Hewage Sameera","","එහෙම කම්පා වෙන්නෙ නැ සක්කිලියො.  උබට track පැනලා තියෙන්නෙ. බෙහෙත් ගනින්."
"Cliff DC","https://www.facebook.com/profile.php?id=61573112244629","ළbba තමා"
"Rshii Thill","","යකෝ ගෑනු ඉන්නකොට සිවුර දාගෙන, smart phone පාවිච්චි පුලුවන් ද? තාත්ත ද අරන් දුන්නෙ හාමුදුරු වරුන්ට ..."
"Nisala Sitha","https://www.facebook.com/people/Nisala-Sitha/pfbid025nG68tD9wxWz89BbJR8rX2ofqmEHGXnEEczsSkQCgLcnM9qVMnzJrN17DLpN45cNl","තිත්තගල්ලේ වෙරොනිකා එක්ක නාඩගම් නටද්දී තව ගෑනු තිදෙනෙක්ද නම් එක්ක කියන්නද එතකොට පොලව කම්පා වුනේ නැද්ද"
"Herbert Fonseka","https://www.facebook.com/herbert.fonseka.7","සිව්රු දාගෙන පෙට්ට් කඩනකොට කම්පා වෙන්නේ මොන ගනයොද...."
"Vinod Gunasekara","https://www.facebook.com/vinod.gunasekara","මේ කැri තට්ටයෝ හිතන් ඉන්නේ උන් ඉන්නේ නීතියටත් උඩින් කියලා."
"Upul Kalyanapriya","https://www.facebook.com/upul.kalyanapriya","මෙ හැමදාම කියන දෙවල් දැන් වලංගු නැ...  ආගම ජාතිය විකුනගෙන දෙශපාලනය කිරිම..."
"Premakumara Sunil","https://www.facebook.com/premakumara.sunil.2025","හොරුන්ගේ සිවුරු ගලවනකොට දෙවියන් සාදුකාර දෙනව"
"Praveen Mendis","","[Image Attachment]"
"SN B Sasidara","https://www.facebook.com/sasi.nimalan","තොපි සිවුරු අදින්නේ අතල් එකටනේ යකෝ.."
"Wayaba Markating","https://www.facebook.com/people/Wayaba-Markating/61551413572918","Siurata Galapena dewal keruwanam Hari neda"
"සමිර චන්දිමාල්","","ගැණු ලග සිවුර ගැලවුන වෙලාවේ කම්පා උනේ නැද්ද අපේ හාමුදුරුවනේ 🥺"
"Mu Nifath","https://www.facebook.com/nifath.m","Pala heththa"
"Indika Suranjan","https://www.facebook.com/indika.suranjan.2025","අටමස්ථානාධිපති  සිවුර ගලෝනකොට කම්පා උනානම් අහින්සක දරුවො බේරෙනවා......"
"Dayananda Rukgolla","https://www.facebook.com/people/Dayananda-Rukgolla/pfbid02X2DrdeS2k6rA8HLBHs8DfxSA5zsz4XQu5wxJd5emPGFt5EbSbasQvQSv4AGh78iPl","ලැජ්ජාව නැ තිමිනිස්සු"
"Dinusha Silva","https://www.facebook.com/chanz.maduz","මුට නඩු 14 ක් තියනවා........"
"Viraj Manosha","https://www.facebook.com/viraj.manosha.5","සිවූර ගලවලා අහවල් එක කරන කෝට කම්පා වෙන්නේ නැද්ද"
"Dan Perera","https://www.facebook.com/profile.php?id=803119321","Mun wage dharamaya wikuruthi kerana gon ganayo tika mulinma nathi kerala danna oney."
"Sankalpa Prabath","https://www.facebook.com/profile.php?id=100008831793281","උබත් ගලවලා රස්සාවක් කරන්න කාපන් පිං බත් ගිලින්නේ නැතුව"
"Real Real","https://www.facebook.com/profile.php?id=61555844840703","සිවුර ඇඳගෙන බඩු ගහන්නකොට කම්පා වෙන්නේ නැද්ද"
"කටුපොත ගුණරතන","https://www.facebook.com/people/%E0%B6%9A%E0%B6%A7%E0%B7%94%E0%B6%B4%E0%B7%9C%E0%B6%AD-%E0%B6%9C%E0%B7%94%E0%B6%AB%E0%B6%BB%E0%B6%AD%E0%B6%B1/pfbid02RnBUuRFUAGGVKpPfSG98wQygMsJkZjnXTy4WMnmZvesCokEMxgnh5ka87H4CAe9Xl","කොහොම හරි නිරාගමිකයකුට සිද්ධ වුණා ඤානසාර හාමුදුරුවො වෙනුවෙන් බන්ධනාගාර ආඥා පනත සංශෝධනය කරන්න කමිටුවක් පත් කරන්න🤣🤌"
"Mdj Lakshan","https://www.facebook.com/profile.php?id=100005810970265","මේ අපි කියපුවා නෙවෙයි  https://www.facebook.com/reel/861896797012791/?fs=e&mibextid=wwXIfr"
"Manoj Jayasanka","https://www.facebook.com/people/Manoj-Jayasanka/pfbid0SdYcqUvs48vooVcGcc2U8vrS48LPmBDiDxJG2VmHKUtaYq9NzW8kyFawdTfZ5EnNl","ගෑණුන්ට අහවල් එක බස්සන්න සිවුර ගැලෙව්වහම  කම්පා වෙන්නේ මොනවද"
"Sajith Jayasooriya","https://www.facebook.com/profile.php?id=100006047295734","ගුටි කන කසුන් සද්දයක්වත් නෑ නේද"
"Dinitha Sandeepa","https://www.facebook.com/people/Dinitha-Sandeepa/100007977528702","මට තියන ප්‍රශ්නෙ අරෑ අර පොඩි ලමය දූශනේ කරද්දි සිවුර ගැලෙව්වද????"
"Himash Kavinda","https://www.facebook.com/himash.kavinda","සිවුර දාගෙන ඔක්කොම පර වැඩ කරනකොට හොඳයි"
"Ashoka Ashoka","https://www.facebook.com/profile.php?id=100085186367011","රටේ කරුමෙට ඉපදුන උන් තමයි උබල වගේ සක්කිලි බල්ලො..තොපිල මේ රටට මහා සාපයක් කාලකණ්ණියෝ .."
"Ruwan Jayalal","https://www.facebook.com/ruwan.jayalal.836877","Ae ban thattayo thopi siwuru dhala Badu gahanakota,  kudu vikunanakota, Rajapakshalage passa lewa kanakota Dheviyo kampa wennedhdha? Pala kalakanni kahajadaya Parana gonnu vikuna etha."
"Harsha Hash Hashee","https://www.facebook.com/people/Harsha-Hash-Hashee/pfbid02CLkPpyhxPZy25dfNESMdpSdKFoXuLxyYspPVVtgEvEVF1zZGozTgrC8dStLcGAGRl","Uta badu gahannna yana kota galavapuva   Aaa galavapu vata pau nadda"
"Prabath Parakum","https://www.facebook.com/prabath.parakum","ඉස්සරහට එල්ලිනෝ එනව"
"Chandrasiri Soyza","https://www.facebook.com/chandrasiri.soyza","ඇ පකෝ සිවුරු දාගෙන දහ බලුවැඩ කරනකොට තොපි කටවල් ඇරියද බල්ලෝ"
"Somathilaka Wimalawardhana","https://www.facebook.com/somathilaka.wimalawardhana","අටමස්ථානාධිපති ,සිවුර,ගලවද්දි,පොලොව,කමිපාවෙන්නැති"
"Riley Canute","https://www.facebook.com/rileycanute","අපේ ඡන්දය අනුරට තමා.රට හදන වීරයා."
"Sanath Udaya","https://www.facebook.com/sanath.udaya","අනේ පොල් බූරුවෝ ඕව කියපන් කොන්ඩේ බැදපු චී නෙක්ට ලංකාවේ උන් දන්නවා දැන්  හාමුදුරුවෝ කියන්නේ කෞද සංග මුදලාලිලා කියන්නේ කෞද කියලා"
"Santii Sandiago","https://www.facebook.com/santii.sandiago","සිවුර  ගලවලා  ලමයි   දුසනය   කරන්නේ  සිවුර ගලවලා  නේද  ලැජ්ජා යි"
"Alahakoon Amb","https://www.facebook.com/bandara.alahakoon.73","වැරදි නොකර හිටපියව්. රාජපක්ෂ නිකායෙ කහකඩයෝ"
"Chaminda Senanayake","https://www.facebook.com/chaminda.senanayake.125","අනේ පලයන් යන්න"
"Dananj Wanigasundara","https://www.facebook.com/dananjaya.wanigasundara","එතකොට අර ගෑනු එක්ක හැමනෙද්දි සිවුරු ගැලෙව්වම මොකක්ද කම්පා වෙන්නෙ..රට කොටවන්නැතුව ඉදපිය පාඩුවෙ ගස්බල්ලා"
"Chamara ","https://www.facebook.com/chamara.444433","උබලට බඩු ගහන්න සිවුර ගලවන්න පුලුවන් නෙද කාලකන්නි"
"Jeewantha Basnayaka","https://www.facebook.com/jeewantha.basnayaka.10","උබ සිව්ර ඇදගෙන ඩාන්ස් දානවා එතකොට කම්පා වෙන්නේ අහසද අනේ මුළු සංඝ සමාජයම ගරුත්වය නැතිකරන අමන භික්ෂුව"
"Roshan SA","https://www.facebook.com/people/Roshan-SA/pfbid02PnkFHCVgsgDwtgs91odLauJcKrqxyJ59wAwsAdgSdDELLo67SRxdPcamPVkWfZJZl","මහන කරන කොට මේවගෙ පිස්සො මහන කරන්නෙ කව්ද බුද්ධාගම විකෘර්තී කරන මුංට කො මහනායකල"
"Upali Marambage","https://www.facebook.com/upali.marambage.9","බුද්ධ චීවරය අවභාවිතා කරන්න එපා දෙවියනෙ  ගණගෙඩියො"
"Prasanna Kariyapperuma","https://www.facebook.com/prasanna.kariyapperuma","පොලව කමේපාටව්ලාතියනේනේ මුනවගේ වුන් බිස්නස්එකට සිවුරැ දාගනඉන්න ඉන්දා  කරන්නේම ජාතිවාදය වපුර වාපුර හොහොරැන්ට කඩේයානවා"
"Asanka Parakum","https://www.facebook.com/asanka.parakum","Ubal සිවුරු dagena badu gahakot kampawenne nedda"
"Ananda Rupasingha","https://www.facebook.com/anandarupasighha.rupasigha","තිත්ත ගල්ලයා පිස්සන් කොටුවට ඇරන් යන්න වෙයි වගේ  අර බලංගොඩ කස්සපයට මොකද වුනේ"
"KR Chamara Jayaruwan","https://www.facebook.com/krchamara.jayaruwan","දැන් අපිට වෙලා තියෙන්නේ තොපි වගේ කහකඩයන්ට බණ කියලා දෙන්න"
"Susima Perera","https://www.facebook.com/gayani.hathurusinghe.2025","Podi lami dushanaya karanakota mahapolava kampa vennada gobilo"
"Jagath Attanayake","https://www.facebook.com/jagath.aththanayaka","පාදඩයන්ගේ සිවුරු ගැලෙවුවටනම් මේ මහ පොලොව කම්පා වෙන්නෑ. තොපි සිවුරු දරගෙන කරන පාදඩ වැඩනිසා තමයි මේ මහපොලොව කම්පා වෙන්නේ. බුදු දහම විනාශ නොකර ඔය චිවරයත් ගලවලා සාසනය රෙකෙන්න දිපියවු..."
"Wijesifi Bandara","https://www.facebook.com/wijesifi.bandara","Jaravadakanakota"
"Sunil Dayananda","https://www.facebook.com/sunil.sunildayananda","එහෙනමි නානකොට රෙනකොට  නීදාගන්නකොට ඔක ගලවන්න එපා හැමදාම කමිපාවේලා තියෙයි පොලොව 😁😁😁😁 අනේ පලයන් තට්ට සුමනේ"
"Danush GamaGe","https://www.facebook.com/darsh.danush.9","චීවරය රැකගත්තා ජම්පරේ අන්දවලා"
"Sampath Manjula","https://www.facebook.com/sampath.manjula.5496","හත වසරෙ පොඩි එකෙක්ගෙ  ගවුමක් සිවුරුකාරයෙක් ගලවනකොට මොකද තත්ත්වේ ... ? 😕😕"
"Rohan Judi","https://www.facebook.com/rohan.judi","අනේ පල ගනයා තොපි කරන  වැඩ හොදයි නේද"
"Somiruwan Dhananjaya","https://www.facebook.com/profile.php?id=100083943338402","Oයි, හවසට නානසාරය අඩිය ගහද්දී ෂෝට්ස් ගහගෙන ඉන්නවා දැකලා නැද්ද හොර ගණයෝ?"
"Gamunu Bandara Herath","https://www.facebook.com/gamunu.bandara.herath.2025","එතකොට සිවුර පිටින් ළමයි අපයෝජනය වෙද්දි?"
"Marasingha Karunarathna","https://www.facebook.com/people/Marasingha-Karunarathna/pfbid02PdnqtacAkWPrgB3bZHEPyd2cmw8DS4QhCbs3oLF3UvDwaB4ahPHhFafYhrnijyiUl","පල  යකෝ  බොරු   නොකිය"
"Chameen Ranepura","https://www.facebook.com/chameen.ranepura.5","කාලගුණය ඉස්සරහට වෙන දේවල් ගැන දැන්මම කිවලා තියෙන්නේ අදිකව වහිනවා ගංවතුර  ඒනවා කියලා උබලා මෙිකේ බයිලා ගහලා කිවන්නඒපා මෙි මහපොලොව කමිපා වෙලා කියලා සිවුර ගැලවිවා කියලා තොපි රාජපක්ෂලා බත්බැලයෝ"
"Priyantha Jayasinghe","https://www.facebook.com/priyantha.jayasinghe.520","අඩෝ රෑට කොටු පනින්න ගලවනකොට පොලව නිදි ඇති නේද"
"דיסנאיאקה אק","","නෙදකිං තිත්ති දේවදත්තයා..,"
"N.t. Gamage","","තොපේ සිවුර ගලවන කොට මහපොලව සතුටුවෙනව කම්බගෙරියො"
"Kasun Liyanagama","","එතකොට සියුර ගලවලා කොටු පනිනකොට ඒම වෙන්නේ නැද්ද😂"
"Rumesh Thushara","https://www.facebook.com/people/Rumesh-Thushara/100086726891726","මුංට ගු ගහලා එලවන්න ඔන 🤬🤬"
"Chamina Hewa Maddumage","https://www.facebook.com/chamina.hewamaddumage","උඹෙ අම්මට තිත්තෙ"
"Suchitha Deera","https://www.facebook.com/suchitha.deera","බේගල් කලමින් මිනිස්සු අබය කරන්න හදන අමන රැල. දෙයියෝ ඉන්නවනම් උබල ඔහොම දගලන්නේ නෑ."
"Chamara F'do","https://www.facebook.com/chamara71","එකෙක් යන්න තව එකෙක් මහා කරුමයක් ය්කො තොපි මෙ රටට🤮🤮😡😡"
"Km Bandara","https://www.facebook.com/people/Km-Bandara/pfbid0GRQdqP7jbcv3EnKGqs6Ct2mfLezPeGSmBeVC4B9LFicn8ewyiWuwQdTn53KbRKJEl","සිව්‍රර දාගෙන 15 ලමයි  දූසනය කරනකොට  අහස ගුගුරා අකුනු ගහමවා  හොරුන්ට ප්තිත වේවා"
"Lasantha Ranganath De Silva","https://www.facebook.com/lasantha.r.silva.7","ඩෙනිම ගහලා බඩු ගහන්න යනකොට කම්පා වෙන්නේ  ලබ්බද එතකොට.."
"Chamara Maduranga","https://www.facebook.com/chamara.maduranga.73594","8  වසරෙ  ලමයා ඇද  උඩට  ගෙනග්ත්තෙ  ඔබ වහන්සෙලාගෙ  කෙනෙක්.. ඔබ වහන්සෙලට  කොන්ද  පන තිබ්බද   එ වෙලවෙ  කත  කරන්න. ඔක්කොම එකයි වගෙ  බලගන  යනකොට  රාජපක්ශ  ලැට්වලෙ  ගූ කාපු අයනෙ  නේද"
"Nalaka Surendra","https://www.facebook.com/nalaka.surendra.2025","හොර ගෑනු සිවුර ගලවනකොට කම්පා වෙන්නෙ හාමුදුරුවන්ගෙ පකද.."
"Medha Jayarathne","https://www.facebook.com/medhajarathneofficial","😂😂"
"Chandratilaka Chandu","https://www.facebook.com/chandratilaka.chandu","තොපි සිවුරට මුවා වෙලා තමා මිනිස්සුන්ව රවට්ටගෙන කරන බලු වැඩ සේරම කරන්නෙ"
"Sajith Rumesh","https://www.facebook.com/sajith.rumesh.2025","ඈ බොල ගනයෝ එතකොට උබ සිව්ර දාගේන නෙමෙයිද අර රට ගිහින් අරක්කු බොන තැන ඉදන් පාටි දානගමන් කේක් කපන්නේ?"
"Deva Chandrasiri","https://www.facebook.com/deva.chandrasiri","අන්නාසි ගැට පිරිත අහල තියෙනවද?"
"Shantha Gunasekara","https://www.facebook.com/shantha.gunasekara.963","ලැගුම්ගෙයි සිවුරු ගලවනකොට බුදු පිළිමත් වෙවුලනව ඇති නේ :"
"Lokuge Somadasa","","තමා බෞද්ධයෙක් නම් මොන අහවල් එකටද හින්දු දෙවියන්ට කන්නලව් කරන්නේ."
"Shana Tawa","https://www.facebook.com/dharshana.kumara.148","සිවුරක් ගලවලා බඩුවක් ගහනකොට මොකද්ද කම්පා වෙන්නේ බල්ලෝ"
"Rumesh Arunapriya","https://www.facebook.com/rumesh.arunapriya","සිවුරු ඇදගත්තා කියලා.පෝයකට බනක්වත්කියලා තියනවද.😂"
"Chithra Perera","https://www.facebook.com/chithra.perers","මේ ගනඩෛියෝ කියන දේවලට ජනාධිපතිතුමා බයනෑ"
"Andriya Diyani","https://www.facebook.com/andriya.fernando","මේ මෙයා දැරිවියන් 6 ක් අපයෝජනය කරලා තියෙන්නේ සිවුර ඇදගෙනද🤔"
"Upali Waranakula","https://www.facebook.com/upali.waranakula.3","[Image Attachment]"
"Bandula K Senarathna","https://www.facebook.com/ranomark","සිවුරු දාගත්ත හොරූ මුන්.හරි අමාරුව.වරදක් හරියට දකින්න බැරි සක්කිලි."
"Nishantha Priyadarshana","https://www.facebook.com/nishanta.priyadarshana","මෙයාල කොහොම අයද කියලා බලන්න සන්නස් ගල සමග කරපු සාකච්ඡා ව බලන්න ඒකෙ දෙවියන් බබුන් මෙයාලගේ මතය හොදට පේනවා බෞද්ධ සංස්කෘතිය පිළිබඳ මෙයාලගෙ මතය හොදට පැහැදිලි කරනව"
"Sarath Edirisingha","https://www.facebook.com/sarath.edirisingha.54","එතකොට අර ඇටමස්ථානාධිපති   කුඩා දැරියක් කෙලෙසන කොට කම්පා උනේ නැද්ද බොල හොර ගනයො 🤮🤮🤮🤮🤮🤮🤮🤮🤮"
"Keshan Munaweera","https://www.facebook.com/keshan.munaweera","සිව්ර දාගෙන අරක්කු බොනකොට ලමා අපචාර කරනකොට මුලු විශ්වයම කම්පා වෙනව ඇති නේද."
"Amila Dulanga","https://www.facebook.com/amila.dulanga.191416","[Image Attachment]"
"Habibi Mine","https://www.facebook.com/people/Habibi-Mine/pfbid02wMmDP8P5vQ6okmmv9o1zPVKpzGamErzgbMAaUa322xoUc8SRk1NM66sGPEspr3pil","[Image Attachment]"
"Kamal Wijesundara","https://www.facebook.com/kamal.wijesundara.106","[Image Attachment]"
"Deepika Chani","https://www.facebook.com/deepika.chani.5","[Image Attachment]"
"Ruwan Chamara de Silva","https://www.facebook.com/jonojshaven","[Image Attachment]"
"Perera Priyantha","https://www.facebook.com/perera.priyantha.37","අනේ හොර කහකඩයෝ."
"Eranda Nirmal","https://www.facebook.com/eranda.nirmal.2025","පලයන් ගොන් ගනයා"
"Prageeth Manjula","https://www.facebook.com/prageeth.manjula.146","[Image Attachment]"
"Athula Siriwaradana","https://www.facebook.com/people/Athula-Siriwaradana/pfbid0QC1WipnwtehuDAHwioC2JcRg1NNt1hny4WiTLRQqSMbSudHCP5RDrUpp362drAPSl","[Image Attachment]"
"Chanu Lakmal Jayasekara","https://www.facebook.com/jmc.lakmal.5","[Image Attachment]"
"Wenuri Kawishika","https://www.facebook.com/people/Wenuri-Kawishika/61587744641585","[Image Attachment]"
"JTV Global Network","https://www.facebook.com/people/JTV-Global-Network/61563873989863","පොලවේ කොයි හරියද කම්පාවෙලා තියෙන්නේ මොනදෙයියන්නට දැන් ආවුල"
"Rohitha Neranjan","https://www.facebook.com/ruwan.rohitha.7","[Image Attachment]"
"Rohan Peiris","https://www.facebook.com/rohan.peiris.393","[Image Attachment]"
"Tharindu Ishara","https://www.facebook.com/tharindu.ishara.915106","[Image Attachment]"
"Roshan Jayaratne","https://www.facebook.com/roshan.jayaratne","https://www.facebook.com/share/v/1JmzMmsEm4/?mibextid=wwXIfr"
"Tharindu Hettiarachchi","https://www.facebook.com/tharindu.hettiarachchi.104","😁😁"
"Buddika Halella","","😂😂😂🤣"
"Mohammed Ifham","https://www.facebook.com/mohammed.ifham.9216","🤣🤣🤣"
"Nuwan Udayanga","https://www.facebook.com/nuwan.udayanga.9026","[Image Attachment]"
"අපේ රට හදමු","https://www.facebook.com/people/%E0%B6%85%E0%B6%B4%E0%B7%9A-%E0%B6%BB%E0%B6%A7-%E0%B7%84%E0%B6%AF%E0%B6%B8%E0%B7%94/100064874282945","[Image Attachment]"
"Chaminda Kuruppu","https://www.facebook.com/chaminda.kuruppu","😳🤣🤣🤣"
"Thejan Bandara","https://www.facebook.com/thejan.bandara.58760","[Image Attachment]"
"Meheni Nanda","https://www.facebook.com/meheni.nanda","[Image Attachment]"
"Vijitha Fonseka","","[Image Attachment]"
"Chamila Arandara","https://www.facebook.com/chamila.arandara","😂😂😂"
"Nuwan Priyanka","https://www.facebook.com/nuwan.priyanka.7","[Image Attachment]"
"Harishchandra Jayakody","https://www.facebook.com/harishchandra.jayakody","Sabbelaban tamai"
"Nadeesha Priyanga","https://www.facebook.com/nadeesha.priyanga.1","[Image Attachment]"
"Amaranath de Silva","https://www.facebook.com/amaranath.de.silva.408266","[Image Attachment]"
"Nishani Weerakoon","https://www.facebook.com/nishani.weerakoon.94","🤣🤣🤣🤣"
"Ranga Styla Sangewaa","https://www.facebook.com/rangastyla.sangewaa","🙃"
"Nandana Sisira","https://www.facebook.com/nandana.sisira.9","[Image Attachment]"
"Asantha Weerakkody","https://www.facebook.com/asantha.weerakkody.5","🤣🤣🤣🤣🤣🤣"
"Prasad Wijayaratne","https://www.facebook.com/bpswijayaratne","[Image Attachment]"
"Kasun Asanka","https://www.facebook.com/kasun.asanka.204612","🤣🤣🤣😂"
"Dilani Chathurika Wimalasekara","https://www.facebook.com/people/Dilani-Chathurika-Wimalasekara/pfbid06uMKktvzgyVru4yWuaKZ2cC2q6RJCkdbXb6VLQQmNyZh8vvu2Mdv8KM2V8nSmhUDl","🤣🤣🤣🤣🤣🤣🤣"
"Kamala Sinhalage","https://www.facebook.com/kamala.sinhalage.3","😔😔😔"
"Udaya Hettige","https://www.facebook.com/udaya.hettige","🐂😅"
"Malathi Athapattu","https://www.facebook.com/profile.php?id=100005271525597","[Image Attachment]"
"Anura Abeysingha","https://www.facebook.com/anura.abeysingha.3","[Image Attachment]"
"Harshi Deepika","https://www.facebook.com/harshi.deepika.9","[Image Attachment]"
"Dilusha Priyadarsna","https://www.facebook.com/dilusha.priyadarsna","[Image Attachment]"
"Ronald Perera","https://www.facebook.com/ronald.perera.2025","[Image Attachment]"
"Krishti Fonseka","https://www.facebook.com/krishti.fonseka","[Sticker]"
"Sasantha Dilka","https://www.facebook.com/sasantha.dilka.9","Toilet yanakota nanakota siura galawaddi hamathanama dedaranawa athi neda 🤣"
"Namal Darshana","https://www.facebook.com/namal.darshana.54","මෙහෙම ගලවනකොට දෙයියෝ නෙමෙයි අපිත් කම්පා වෙනවා"
"Pujitha Wijesinghe","https://www.facebook.com/profile.php?id=100004029973635","😂"
"Shantha Ranawaka","https://www.facebook.com/shantha.ranawaka.58","[Image Attachment]"
"Mohammed Hilmy","https://www.facebook.com/mohammed.hilmy.54","[Image Attachment]"
"Udaya Chamara","https://www.facebook.com/udaya.chamara.14","[Image Attachment]"
"Saman Kumara","https://www.facebook.com/saman.kumara.5209","[Image Attachment]"
"Vishwa N Nilanka","https://www.facebook.com/profile.php?id=1317590429","[Image Attachment]"
"Indika Perera","https://www.facebook.com/indika.perera.50115161","[Image Attachment]"
"Sampath Bandara","https://www.facebook.com/sampath.bandara.918708","[Image Attachment]"
"Nayagei Nayagei","https://www.facebook.com/naayagei","🤣🤣🤣"
"Amara Singha","https://www.facebook.com/people/Amara-Singha/pfbid02bWUDrbxy3fRJ73B4NaHth6NBhzyJxTA6yiQMwnoARaScaJ93BJvVMwCy8TfREuZgl","[Image Attachment]"
"Nilanthi Chethana","https://www.facebook.com/nilanthiloku","😂😂😂😂😂😂😂😂😂😂😂😂😂😂😂😂😂😂😂😂😂😂😂🤣🤣🤣🤣🤣🤣🤣🦬🦬🦬🦬🦬🦬🦬🦬🦬🦬🦬🦬🦬🦬🦬🦬🦬"
"Thilak Kumara","https://www.facebook.com/thilak.kumara.906710","[Image Attachment]"
"Rangana Nilanka Kottahachchi Kankanamge","https://www.facebook.com/rangananilanka.kottahachchikankanamge","[Image Attachment]"
"Shelton Gamage","https://www.facebook.com/shelton.premarathna","[Image Attachment]"
"Suseema Kariyawasam","https://www.facebook.com/suseema.kariyawasam.286908","[Image Attachment]"
"Sasika Gayan","","😂😂😂😂😂😂😂😂😂😂😂😂😂😂😂😂😂😂😂😂😂😂😂😂😂😂😂😂😂😂😂😂"
"Athula Hemantha","","🤣🤣🤣🤣🤣🤣🤣🤣🤣🤣🤣🤣"
"Devika Abeysekara","https://www.facebook.com/devika.abeysekara.2025","😃😃😃 සිවුර ගලවලා නෙවේද එතකොට අර දැරිවි දූෂණය කළේ...."
"Kapila Vithana","https://www.facebook.com/kapila.vithana.77","[Image Attachment]"
"Welimada Wimala","https://www.facebook.com/priyankara.rathnayaka.7509","🙏🙏🙏"
"Mevan Rangana","https://www.facebook.com/mevan.rangana","[Image Attachment]"
"Hemantha Kumara","https://www.facebook.com/hemantha.kumara.904","[Image Attachment]"
"Fdo Shan","https://www.facebook.com/indika.krishan.906","[Image Attachment]"
"Tiny World Studio","https://www.facebook.com/people/Tiny-World-Studio/61593298184005","Fdo Shan කෙනෙක් වරදක් කර ඇත්නම් ඒකට නීතිය ක්‍රියාත්මක වේවි නමුත් ඒ දිහා බලලා වෛරයෙන් සතුටු වීමෙන් (පරපීඩා සතුටින්) වෙන්නේ අපිම අපේ සිත දූෂ්‍ය කරගෙන අකුසල් පුරවා ගැනීම විතරයි අනුන්ගේ වැරදි හොයන්න කලින් තමන්ගේ හදවත තුළ ක්‍රෝධය නැමැති ගින්න ඇවිලෙනවද කියලා බලන එකයි සැබෑ බෞද්ධ විනය අනුන්ට දොස් කීමට පෙර තමන්ගේ සිත රැකගනිමු සුවපත් වේවා"
"Manju Bmask","https://www.facebook.com/manju.bmask.3","එතකොට බැංකොක් ගිහින් බඩු ගහන කොට සිවුර නැතිව කම්පාවුනේ තොගෙ අැටදෙකද පරයෝ"
"Nilanka Prasad Thenuwara","https://www.facebook.com/thenuwarajewellery.thenuwara","[Image Attachment]"
"Jayanath Pushpatha","https://www.facebook.com/jayanath.pushpatha","[Sticker]"
"Anuruddha Sampath","https://www.facebook.com/janaka.sampath.9275439","😁"
"Dilsha Saranga","https://www.facebook.com/dilsha.saranga.2025","[Image Attachment]"
"Sinha Anuradha","https://www.facebook.com/sinha.anuradha.9","Hamuduru merila epadilada"
"Karunarthna Medagedara","https://www.facebook.com/karunarthna.medagedara","[Image Attachment]"
"Morris Kulasinghage","","🤣😋😂😋🤣"
"Shakila Rathnasekara","https://www.facebook.com/shakila.rathnasekara","😅"
"Shantha Kumara Wijesundara","https://www.facebook.com/shantha.kumara.wijesundara","[Image Attachment]"
"Sujeewa Mithra","https://www.facebook.com/sujeewa.mithra","[Image Attachment]"
"Priyantha Rohana","https://www.facebook.com/people/Priyantha-Rohana/pfbid07cCJvhChuAsJFbzKME8rR3v3RguKB3Reo2gJ2bhdwXoGPpnThKWgVh5a69AFJPxjl","[Image Attachment]"
"Darshana Wimalasooriya","https://www.facebook.com/darshana.wimalasooriya.7","[Image Attachment]"
"සුරංග විතානගේ","https://www.facebook.com/szg4a8l44g","[Image Attachment]"
"Thisal Dissanayake","https://www.facebook.com/thisal.dissanayake","[Image Attachment]"
"Sameera Gunarathna","https://www.facebook.com/sameera.gunarathna.253440","[Sticker]"
"Madhusha Weerakoon","https://www.facebook.com/madhusha.weerakoon.827719","😂😂"
"Somasiri Herath","https://www.facebook.com/somasiri.herath.315","සිවුරු දාගෙන ස්ත්‍රී සංවාසයේ යෙදෙන් කොට කවුරුද කම්පා වෙන්නේ?"
"Kelum Wanniarachchi","https://www.facebook.com/people/Kelum-Wanniarachchi/pfbid0Zf7n2bxftiMhKMsqw4AThp3JBKUdjK9iuU9T8Mb19hwx5NU4HioyX4H4uUYvc91ql","🤣🤣"
"Kalpa Hettiarachchi","https://www.facebook.com/people/Kalpa-Hettiarachchi/pfbid029sgcMV1CDz4UoYbHZ9ycpAZysCpNw6Wvg8QhMCzYchrgSaofzq7RTcpB3PhPiN1jl","[Image Attachment]"
"Chamli Lasantha","https://www.facebook.com/chamli.lasantha.2025","[Image Attachment]"
"Vijitha Pushpakumara","https://www.facebook.com/vijitha.pushpakumara.50","🤣"
"Sameen Edirisooriya","https://www.facebook.com/sameen.edirisooriya.3","[Image Attachment]"
"Dulanja Nethmina","https://www.facebook.com/anton.wijesiri","[Sticker]"
"Prasad Mangala","https://www.facebook.com/prasad.mangala.263865","[Image Attachment]"
"Sandeep Roshan","https://www.facebook.com/sandeep.roshan.9404","😂😂"
"Don EJ","","[Image Attachment]"
"Anandajayasekara Anandajayasekara","https://www.facebook.com/anandajayasekara.anandajayasekara","[Image Attachment]"
"Ruwan Adhikari","https://www.facebook.com/ruwan.adikari.5","🐃"
"Sunat Chintaka","https://www.facebook.com/sunat.chintaka.5","[Image Attachment]"
"Udara Saliya","https://www.facebook.com/profile.php?id=61557410739806","[Image Attachment]"
"Prasad Gunarathna","https://www.facebook.com/prasad.gunarathna.5","[Image Attachment]"
"Priyantha Perera","https://www.facebook.com/priyantha.perera.507027","[Image Attachment]"
"Mahinda Kularathna","https://www.facebook.com/mahinda.kularathna.464926","[Image Attachment]"
"Shehan Waduge","https://www.facebook.com/jeewantha.waduge","🤣🤣🤣🤣🤣🤣🤣🤣🤣🤣🤣🤣🤣🤣🤣🤣🤣🤣🤣"
"කේ.සි.ඒ.එන් එස් කේ","https://www.facebook.com/kcan.sakuntala","[Image Attachment]"
"Chamod Hansaka","https://www.facebook.com/chamod.hansaka.9","[Image Attachment]"
"Chamara Silva","https://www.facebook.com/chamara.silva.333470","[Image Attachment]"
"Darashana Weerasinha","https://www.facebook.com/darashana.weerasinha","[Image Attachment]"
"සුසන්ත සුසන්ත","https://www.facebook.com/rmnpk9bn0o","[Sticker]"
"Chamil Ruwan","https://www.facebook.com/chamil.ruwan.904","[Image Attachment]"
"Jagath Dias","","[Image Attachment]"
"Nishantha Katugampala","https://www.facebook.com/people/Nishantha-Katugampala/pfbid0JAY6K413GW3PXWP6XLqdJqu3xYzdP7Z1cJSei12VCTk9mKhVSiWd94JXhDtTSDGil","[Image Attachment]"
"Kalum Lalindra","https://www.facebook.com/kalum.kumara.718","[Image Attachment]"
"Thushan Nawarathna","https://www.facebook.com/thushan.nawarathna.3","උබලා  warade karankota මහ polawa  kampa  නැතුව athe. Neda."
"Dinushka Madushanka","https://www.facebook.com/people/Dinushka-Madushanka/pfbid02fuuufsvvLota1Y99LLf5PfrrszdXhqcjH6nsgQSECfUZU9AT1uKRVFuL98ha9wc5l","[Image Attachment]"
"Sasa Jayasooriya","https://www.facebook.com/sasa.jayasooriya","😂😂😂"
"Prasanna Mudannayaka","https://www.facebook.com/people/Prasanna-Mudannayaka/pfbid0N1eqP6vbvk7amaY6A8VBZxeP78XEEjSxEnDajubShgi4TQ7frXJRA2idnAXdB9rhl","[Image Attachment]"
"Thushara Gmage","https://www.facebook.com/thushara.gmage.9","[Image Attachment]"
"Jeevan Perera","https://www.facebook.com/jeevan.perera.2025","😂 🖕"
"Nelum Gamage","https://www.facebook.com/nelumwijitha.nelumwijitha","[Image Attachment]"
"Dimuthu Lakshan Lakshan","https://www.facebook.com/dimuthulakshan.lakshan.9","[Image Attachment]"
"Keerthi Aruna","https://www.facebook.com/kirti.anura","[Image Attachment]"
"Akila Akila","https://www.facebook.com/people/Akila-Akila/pfbid0pNhn2eyA2aFosYFq2jtkVcd3uhjPQFCVyb4bagADgZc5Fsyc25LUMsTTCZXfsFmsl","[Sticker]"
"Dinuk Perera","https://www.facebook.com/dinuk.perera.3158","[Image Attachment]"
"Gihan Dilhara","https://www.facebook.com/gdilhara","[Image Attachment]"
"Bandula Meemanage","https://www.facebook.com/bandula.meemanage.1","[Image Attachment]"
"Tharanga Sandaruwan","https://www.facebook.com/people/Tharanga-Sandaruwan/pfbid025qs9CokpRd4yrKGZK3zQei7aRmJ9cnVRMYL2Bf5VFjcNd8iKSDDhhkHQsnKYbwgrl","[Image Attachment]"
"Manjula Kumara","https://www.facebook.com/manjula.kumara.813773","[Image Attachment]"
"Nandani Madena","https://www.facebook.com/nandani.madena.2025","[Sticker]"
"Janaka Dassanayake","https://www.facebook.com/profile.php?id=100077628631777","[Image Attachment]"
"Nissanka Chanaka","https://www.facebook.com/chanaka.nishanka","[Image Attachment]"
"Saman Kumara","https://www.facebook.com/saman.kumara.625461","[Image Attachment]"
"Nimesh Chamuditha","https://www.facebook.com/nimesh.chamuditha","😂😂"
"Nalin Priyantha","https://www.facebook.com/nalin.priyantha.3597","[Sticker]"
"Mahesh Gunathilaka","https://www.facebook.com/people/Mahesh-Gunathilaka/pfbid0cLk1xe6cf8bJoA5fVZnRFmmWXyHkHTHwJjLvZJ7iqNMwcsbPhb92FJeR7Kj1SM6Ul","[Image Attachment]"
"Roshan Saminda","https://www.facebook.com/roshan.saminda.591382","[Image Attachment]"
"Sadamali Sadamali","https://www.facebook.com/sadamali.sadamali.311309","[Sticker]"
"Kalinga Danushka","https://www.facebook.com/kalinga.danushka","[Image Attachment]"
"Dileepa Jayasooriya","https://www.facebook.com/dileepa.jayasooriya.148","[Image Attachment]"
"Gamini Priyashantha","https://www.facebook.com/gamini.priyashantha.773851","[Image Attachment]"
"Praveen Lakshan","https://www.facebook.com/praveen.lakshan.9480","[Image Attachment]"
"Amal Nishan De Silva","https://www.facebook.com/amal.desilva.79","https://www.facebook.com/reel/1119411230567534/?mibextid=Nif5oz"
"Pawan Pawan","https://www.facebook.com/people/Pawan-Pawan/pfbid0Z5veMNP2nfwn42r4pYTcgSJTGgnVA3cruADQV8xWQx3Le1ReuwB7o8rALAPPUZ5l","[Image Attachment]"
"Pawan Pawan","https://www.facebook.com/people/Pawan-Pawan/pfbid0Z5veMNP2nfwn42r4pYTcgSJTGgnVA3cruADQV8xWQx3Le1ReuwB7o8rALAPPUZ5l","මේ මහන වෙන්න කලින් වෙන්න ඇති"
"Keerthi Lal","https://www.facebook.com/keerthi.lal.673226","[Image Attachment]"
"Wasantha Indeka Dissanayaka","https://www.facebook.com/wasanta.indekadissanayaka","[Image Attachment]"
"Nimalka Priyadarshani","https://www.facebook.com/nimalka.priyadarshani.1","Me  vidiyata siwurak  dagena onema  waraddak  karanna puluwan  kiyana   deda  me hamuduruwo  kiyanne"
"Suneth Dissanayake","https://www.facebook.com/suneth.dissanayake.75","[Sticker]"
"Ananda Sarathchandra","https://www.facebook.com/ananda.sarathchandra.52","[Image Attachment]"
"Nuwan Sameera","https://www.facebook.com/people/Nuwan-Sameera/pfbid026VekDhFjoKhiw3heepTti7f9nTbzQvTXpdXBdJN5u57Wjj65kz8LBsBJKdt26vUMl","[Image Attachment]"
"Mahesh Danura","https://www.facebook.com/mahesh.danura","[Image Attachment]"
"Dayan Wimalaweera","https://www.facebook.com/dayan.wimalaweera.14","[Image Attachment]"
"Upul Kathri Arachche","","[Image Attachment]"
"Mariam Saif","https://www.facebook.com/people/Mariam-Saif/pfbid0158MDEWyXfj4yciWpPczk7tifUhWQEWVmf4LydgeyYJV52mZ5xx1T3GQgrDQgs5jl","[Image Attachment]"
"Hishan Siriwardana","https://www.facebook.com/hishan.siriwardana","https://www.facebook.com/share/1cv8mdR69a/"
"Upul Siriwardhana","https://www.facebook.com/dayanatha.siri","අත්සන් අරගන ඒක ගහගනින් තොගෙ පුක අස්සෙ අපතය"
"Toy Bro","https://www.facebook.com/mass.hunteriqbal","[Image Attachment]"
"Amila Jayaweera","https://www.facebook.com/people/Amila-Jayaweera/pfbid02iqxEhS41pGN7KKLdKb1nAcSbuNU7org67p7QRFtk2qtKL8nkLpkSNL8sRpMzcViTl","🤣🤣🤣🖕🖕🖕"
"Ranathunga Kumara","https://www.facebook.com/ranathunga.kumara.21115","[Sticker]"
"Nayanakantha Wickrma","https://www.facebook.com/nayanakantha.wickrma","අනුරාධපුරයේ  අටමස්ථානාධිපති  සිවුර ගලවලා  බාලවයස් කාර දැරිය දුෂනය කරනකොට කම්පාවුනේ  නැද්ද.තොපි චිවරයට ගැලපෙන්නේ නෑ. දෙශපාලන වහල්ලු.."
"Herath Senevirathna","https://www.facebook.com/herathmudiyanselage.senevirathna","[Image Attachment]"
"Sanjeewa Wdp","https://www.facebook.com/wdp.sanjeewa.9","🤭🙉"
"Dilan Rathnayake","https://www.facebook.com/dilan.rathnayake.31","https://www.facebook.com/share/v/19LZViGbEc/"
"K.A. Sameera Madushanka","https://www.facebook.com/k.a.sameera.madushanka","[Image Attachment]"
"Sunimal Ranasingha","","[Image Attachment]"
"Dhammika Udawatta","https://www.facebook.com/jayamini.dammika","[Image Attachment]"
"Kushan Madushanka","https://www.facebook.com/kushan.madushanka.77","[Image Attachment]"
"Ranga Senaratne","https://www.facebook.com/people/Ranga-Senaratne/100094284904600","Now enough...you all to be stop without bracking hearts of buddhists"
"Ananda Siriwardana","https://www.facebook.com/ananda.siriwardana.716","[Image Attachment]"
"Saduni Ishara","https://www.facebook.com/people/Saduni-Ishara/pfbid02nny2SRjQc9fw2cshoTJKECPoCNJQxaF8NSS84qoopib6Hfgom1nWMaDAkU2TCXYxl","🙏🙏🙏"
"Priyantha Yapa","https://www.facebook.com/kamal.yapa.18","[Image Attachment]"
"Sampath Pushpa Kumara","https://www.facebook.com/sampath.pushpakumara","[Image Attachment]"
"Asanka Samarakkody","https://www.facebook.com/asanka.samarakkody.1","[Image Attachment]"
"Imal Jayadeep Ranasinghe","https://www.facebook.com/profile.php?id=100001517026246","[Image Attachment]"
"Upul Milan","https://www.facebook.com/upul.milan.2025","[Image Attachment]"
"Gamini Sumathiratne","https://www.facebook.com/gamini.sumathiratne","https://www.facebook.com/share/v/19YT9M3DdK/"
"Udaya Ranasingha","https://www.facebook.com/people/Udaya-Ranasingha/pfbid02LeoWxnkG41ctNnShheXs4Ee15B3a3stp7UnqJJh9qC7aa5LjdgRgium3RJiZnV1El","[Image Attachment]"
"Aruna Senarathna","https://www.facebook.com/profile.php?id=100034619684989","[Image Attachment]"
"Vijitha Ranathunga","https://www.facebook.com/vijitha.ranathunga.2025","[Sticker]"
"Thisal Binuu","https://www.facebook.com/people/Thisal-Binuu/61584314720684","[Image Attachment]"
"Yohan Fernando","https://www.facebook.com/yohan.fernando.836163","😂😂👉👈"
"Ayesh Mihiran","https://www.facebook.com/profile.php?id=100004000596961","[Image Attachment]"
"Madu Ranasinha","https://www.facebook.com/madu.ranasinha.2025","[Image Attachment]"
"සරත් කුමාර","https://www.facebook.com/sarath.knmara","[Image Attachment]"
"A Bandara Megasooriya","https://www.facebook.com/people/A-Bandara-Megasooriya/pfbid0XAJeRsBWsetL7a8V3Lq3jvgYimFTrRmdghTFqx9FfPEnihafs7JjHk1YK6JW8JQfl","[Image Attachment]"
"Duminda Madage","https://www.facebook.com/duminda.romesh.7","😂😂"
"Salinda Kumara","https://www.facebook.com/salinda.kumara.9634","[Image Attachment]"
"Shantha Shantha","https://www.facebook.com/shantha.shantha.474631","[Image Attachment]"
"Suma Sumana","","ගෙරි තට්ට ගෝරිල්ලා..🖕🖕🖕🖕🐄🐄"
"Pradeep Kumara","https://www.facebook.com/pradeep.kumara.408183","[Image Attachment]"
"Nalaka Nalaka","https://www.facebook.com/senula.bandara.121602","සිවුරක් දාගෙන බලු වැඩ කරනකොට එහෙම වෙන්නෙ නැද්ද 😭"
"Janaka Amunupura","https://www.facebook.com/janaka.r.amunupura","[Image Attachment]"
"Thusitha Parakrama","","[Image Attachment]"
"Chanaka Nuwan","https://www.facebook.com/chanaka.nuwan.857040","[Image Attachment]"
"Jagath Kumara","https://www.facebook.com/people/Jagath-Kumara/pfbid024aut4BxGS6ieHD99CjxDyNZ2aRVM69QGKWC9M41aL3sUEAueLT5zZ5J3YJDfJHjxl","[Image Attachment]"
"Soshan Wijesingha","https://www.facebook.com/people/Soshan-Wijesingha/pfbid0qP8Zq5kahxjv9vTeNZQYwWZX7on5jTLKNDgE2kqEZb6gER6g61Wvm7zgMBtu2C9pl","[Image Attachment]"
"Asanka Subashana","https://www.facebook.com/asanka.subashana","🖕🖕🖕"
"WM Dilan Sapumal","https://www.facebook.com/people/WM-Dilan-Sapumal/pfbid02quP5PzuzS9udg7BNXPjXw5H5wy2iaXpHMTZTurbGgkng2BNUdcsvnUsWZ8iSaPSpl","[Image Attachment]"
"Rathna Siri","","[Image Attachment]"
"Tharanga Priyadarshana","https://www.facebook.com/tharanga.priyadarshana.908","[Image Attachment]"
"Bihan Sudara","https://www.facebook.com/bihan.sudara.3","💩💩💩"
"Hameera Ranga","https://www.facebook.com/kh.hameera","[Image Attachment]"
"Wrangler Wrangler","","🤣"
"Eshan Kimara","https://www.facebook.com/people/Eshan-Kimara/pfbid02pAaeWAw7PTWKKK4bpX5jJcbf2qmjkTYUUUkB1z7Fopu1TLoWkhk1oDDicbZy3KTTl","[Image Attachment]"
"K Bandara Wickramasinghe","https://www.facebook.com/k.bandara.wickramasinghe","අටමස්ථානෙ භූමිය කොහොම කම්පා වෙන්න ඇතිද?"
"Ramesh Kumar","https://www.facebook.com/ramesh.ramesh.929246","[Image Attachment]"
"Sagara Gayannayake","","[Image Attachment]"
"Sameera Sameera","https://www.facebook.com/people/Sameera-Sameera/pfbid02T7HRAW6MbBcykurEUEdXZSqqYLNwqu6t9T9n362pD9gGHL9aoVaJw6Vwj7mSPUgVl","[Image Attachment]"
"Sumeda Priyadarshana","https://www.facebook.com/people/Sumeda-Priyadarshana/pfbid0sg3J8xuQNVC4RMqF791mSXoSB4uKcTQvFfy3N8A81FBKPaKochrBMYCvjdpAXt1Sl","[Image Attachment]"
"Herath HM","https://www.facebook.com/somarathne.herath.2025","[Image Attachment]"
"Nadeeka Sampath","https://www.facebook.com/nadeeka.sampath.79","[Image Attachment]"
"Gunasiri Rajakaruna","https://www.facebook.com/gunasiri.rajakaruna.2025","[Image Attachment]"
"Perera Aravinda","https://www.facebook.com/shalika.perera.9275","[Image Attachment]"
"Dinesh Athukorala","https://www.facebook.com/dinesh.athukorala.999927","[Image Attachment]"
"Sarath Kumara","https://www.facebook.com/people/Sarath-Kumara/pfbid02nGH6SF1dtw3nj8Qe1rWPsosMCapiiph8Xvvf4GwZuvcuWcU3Qs4jNM31AhGrUL2pl","[Image Attachment]"
"Dilshan Solange Arachchi","","[Image Attachment]"
"Jagath De Silva","https://www.facebook.com/jagath.desilva.12764","[Image Attachment]"
"Chaminda Kumara","https://www.facebook.com/chaminda.kumara.480673","[Image Attachment]"
"Pandula Nayana Bandara","https://www.facebook.com/pandulanayanabandara","රෙන්ඩවත් විදියක් නෑ සිවුර ගලවල... පොලොව කම්පා වෙනව. බෙහෙත් ගනිං http ල ටික."
"සාරාහ් අමාණියා මෙන්ඩිස්","https://www.facebook.com/fathima.s.sss","[Image Attachment]"
"Anusha Perera","https://www.facebook.com/dilshani.fernando.9","https://www.facebook.com/share/p/1GjY4Pxxzx/"
"Udara Rajapaksha","https://www.facebook.com/udara.rajapaksha.35","[Image Attachment]"
"ලාල් පතිරණ","https://www.facebook.com/nvavthypiw","අපොයි තොපේ සිවුර,රටක්ම වැනසෙනවා තොපේ සිවුරහින්දා"
"Jayaweera Kanattage","https://www.facebook.com/jayaweera.kanattage","තොපි වගේ වේ සි ගෙ   බල්ලො සිවුර දාගෙන ඉන්න නිසා තමයි මෙහෙම උනේ රටට."
"Meril Wasantha","https://www.facebook.com/meril.wasantha","[Image Attachment]"
"කේ ජි.ඩබ්ලිව් ජයරත්න","","[Image Attachment]"
"Mali Mali","","[Image Attachment]"
"Thushara Abeysinghe","https://www.facebook.com/thushara.abeysinghe.7","[Image Attachment]"
"Duminda Alwis","https://www.facebook.com/duminda.alwis","[Image Attachment]"
"Lalantha Rangana","https://www.facebook.com/profile.php?id=61574005022294","[Image Attachment]"
"Aruna Fernando","https://www.facebook.com/people/Aruna-Fernando/100077466915207","[Image Attachment]"
"Pubudu Vithana","https://www.facebook.com/pubudu.vithana.3","[Image Attachment]"
"Lalith Prasanna","https://www.facebook.com/lalith.prasanna.370","[Image Attachment]"
"Manjula Waduge","https://www.facebook.com/people/Manjula-Waduge/pfbid02prmbwX35Bt8vZryAj24q6mhQtsEDiAAqjR9C3SNZBn8d87rVJqUopcMahEffcgaSl","🤮🤮🤮🤮🤮"
"Wickramasinghe Thilak","https://www.facebook.com/wickramasinghe.thilak","[Image Attachment]"
"Pushpa Kumara","https://www.facebook.com/pushpa.kumara.55256","[Image Attachment]"
"Aswer Sara","https://www.facebook.com/aswer.sara","[Image Attachment]"
"Paranagamage Don Chaminda","https://www.facebook.com/paranagamage.donchaminda","[Image Attachment]"
"Deepthi Priyangika","https://www.facebook.com/deepthi.priyangika.539245","[Image Attachment]"
"Kanishka Bandara","https://www.facebook.com/people/Kanishka-Bandara/pfbid0DUiJWcTzZ5RwMpE2EWZup4TwtEccDv2U19CgwaWdmLT2sMVfKuGWz44RKyYTz6kLl","[Image Attachment]"
"Viraj Senaratne","https://www.facebook.com/viraj79.kv","[Image Attachment]"
"Priyananda Abesingha","https://www.facebook.com/priyananda.abesingha.9","කහ කඩයින්ගෙන්  මේ වගේ  බොරු අහන එක   සාමාන්‍ය දෙයක්  මේ ගනින්නාන්සේලා  වගේ අය.  ඔය  කම්පාව  තියෙන්න  ඕනා  ශීලය  රකින කුමර  බඹසර  විනය රකින සැබෑ  ස්වාමීන් වහන්සේලාට  කුමර ඹබසර  රැකලා ඇති මේ සෙට් එක නම් නියමෙට"
"Priyanka Samarasinghe","https://www.facebook.com/people/Priyanka-Samarasinghe/pfbid0XvkfEMMnieoi174gjpMTebYwHZbCkJjS1A84qxfe4sevNDsiP1AUUAMW3Za7N2axl","රුවන්වැලිසෑය  කොහොම දරාගෙන හිටියද පල්ලේගම සිවුර ගලවනකොට."
"Saman Kumara","https://www.facebook.com/saman.kumara.463158","🤮🤮🤮🤮😵‍💫🥺😱😁😬😬😬😬😬😬🤮🤮🤮🤮🤮🤮🤮🙃🙃🙃🔱"
"Adhikari Adhikari","https://www.facebook.com/people/Adhikari-Adhikari/pfbid0xDEfGAB9uHaNdCcrdgb4zWi8VbQ6Mmqw38atNBnHR3vj6tQz94wP37S2jmbvtDE7l","පකවා ගිහින් මහන වෙය"
"George Lakshman Perera","https://www.facebook.com/georgelakshman.dehiwalageperera","https://www.facebook.com/share/v/1FmSBSPhYq/"
"Rajee Singh","https://www.facebook.com/profile.php?id=100001926358195","[Image Attachment]"
"Chaminda Kumara","https://www.facebook.com/chaminda.kumara.34069","🤮🤮🤮🤮🤮🤮🤮🤮🤮🤮🤮🤮🤮🤮"
"Dinesh Iroshan","https://www.facebook.com/dinesh.iroshan.9","[Image Attachment]"
"Dinuka Abeykoon","","[Image Attachment]"
"Indikaranuth Rajapaksha","https://www.facebook.com/indikaranuth.rajapaksha","[Image Attachment]"
"Nalaka Handaragama","https://www.facebook.com/nalaka.handaragama","එතකොට බොනකොට මොකද වෙන්න"
"Rohan Rupasinghe","https://www.facebook.com/rohan.rupasinghe.330","උඹලා ගෙ හොරු කම්පා වෙලා ඉන්නේ... තොපි උන්ගේ කලු සල්ලිවලට රඟනවා... ඤාණසාර 2 වෙන්න දඟලන රාජපක්ෂ අපතයෙක් තිත්තගල්ලේ... 🥱😳😬"
"Rmsi K Rathnayaka","https://www.facebook.com/rmsi.k.rathnayaka","[Image Attachment]"
"Anura Santha","https://www.facebook.com/anura.santha.9","තොපි සිව්ර දාගෙන පුකවල් පලනකොට මරලතෝනි හඬ ඇහෙන්නෙ නෑ."
"Sampath Bandara","https://www.facebook.com/sampath.bandara.5283166","සිවුර පොරොවගත්තට  තොපි දෙවියො වෙන්නෑ    සිල් රැකපියවු"
"Manori De Silva","https://www.facebook.com/manori.desilva.900","රැට රැට සිවුරු ගලෝල යන්නෙ බොල  එතකොට කම්පාවෙන්නෙ මොකක්ද කියාපන් හොර ගනයො"
"Anura Don Manamperi","https://www.facebook.com/anura.manamperi.923","පොළොවයි රටම කම්පා වෙනවා ඕගොල්ලො කරන මේ විකටන් නාඩගම්වලට හාමුදුරුවනේ බොරුවට සිවුර හදාගෙන විකාර කරන්නේ නැතුව බණ දේශනා කරන්න පුරුදු වෙන්න බණ දේශක"
"Nawrathne Bandara","https://www.facebook.com/nawrathne.bandara","අනේ පංගොකයො බූරු කතා නොකිය හිටු, කොහොමහරි තොපි බෞද්ධ ජනතාව බෙදලා හප්පලා බුදු දහම මේ රටෙන් තුරන් කරපිය, තොපේ අශීලාචාර පැවත්ම වෙනුවෙන් තමයි ඔය ඔක්කොම සංදර්ශන , කාලකණ්නියෙක්"
"Supun Sarathrathna","https://www.facebook.com/supun.sarathrathna","පල හු ගැනු ඉස්සරහා සිවුර ගලවලා දාන් කොට හොදයි"
"Mahaguruge Sameera Fernando","https://www.facebook.com/mahaguruge.fernando","ආ යකෝ සිවුර දාගෙන ඉද්දි නේද අර අනිත් පරබල්ලා පොඩි දැරියක් අපයොජනය කෙරුවේ ? එතකොට තෝ කොහෙද හිටියේ? මුන්ට ගහලා එලවන්න ඕනා 🤬"
"Krishanthi Ramanayake","https://www.facebook.com/krishanthi.ramanayake.52","සිවුරට නොගැලපෙන විදිහට අකටයුතුකම් කලාම පොළව කම්පා වෙනවා තමයි"
"Devika Padukka","https://www.facebook.com/people/Devika-Padukka/61576856850544","මේ වගේ සිව්රු හොරු හන්දා තමයි අද මේ රට කම්පා වෙලා තියෙන්නේ මේ සෙට් එක මේ කරන්නෙ මුළු ලංකාවේම ජනතාවට සිවුරට වැදීම එපාම කරනවා දැනටත් ඒක වෙලා ඉවරයි මූ වගේ හොර සිව්රු රදවන්නෝ හන්දා"
"චමත් මාලින්ද","https://www.facebook.com/chamath.malinda1","පොඩි ලමයි දුෂනය කරන්න ගලවනකොට ආසිරිවාද කරනවාද පකෝ එතකොට තොපි හිනදා අපිට පවු පිරෙනවා හරියට මහනවෙයන්ලා"
"Urumahia Thilak","","[Image Attachment]"
"Chandrika Liyanagamage","https://www.facebook.com/chandrika.liyanagamage.5","බලාගෙන පොලව පලාගෙන ඇවිත් තොපිව නිරයට අරගෙන යයි"
"Chathuranga Wijesuriya","https://www.facebook.com/people/Chathuranga-Wijesuriya/pfbid0D3NmhbNHB44WyZKEYxzpUW3sJciTu9BSJc5NJvJrRFXtmSX45yfJTuiQtXmKbRxHl","තොපි බුදුදහම විකෘති කරනකොට කම්පාවෙන්නෙ නැද්ද ගනයො"
"Amila Sanjeewa","https://www.facebook.com/amila.sanjeewa.265634","සාසනය බල්ලට ගිහින් නැ යකො බල්ලෝ ශාසනයට ඇවිත්"
"Gamini Amarasinghe","https://www.facebook.com/gamini.amarasinghe.1485","පල යන්න කහකඩයා 🤮🤮🤮🤮"
"ජගත් සේනාධීර","https://www.facebook.com/jagath.senadeera.7","පංසලේ කාමර අස්සේ පුංචි ගෙවුන් දාගෙන නායක හාමුදුරුවෝ උන්ට කියලා සිවුරු ගලො ගන්න කොට කොහෙද කම්පාවුනේ...දුෂ්ශිලයො මේ ශාසනයට ඇව්ත් මේ ශාසනය විනාශ කරා..ඔබ වහන්සේ ලා.. එතකොට කොහෙද හිටියේ..."
"Nishan Athukorala","https://www.facebook.com/nishan.athukorala.92","අනේ පල හොරගනගෙඩිය  තොපි වගෙ උන් තමයි මේ සාසනය කන්නෙ රටෙ කරුමෙට තොපිවගෙඋන් උපන්නෙ"
"විශ්වයේ රන් දොරටුව","https://www.facebook.com/people/%E0%B7%80%E0%B7%92%E0%B7%81%E0%B7%8A%E0%B7%80%E0%B6%BA%E0%B7%9A-%E0%B6%BB%E0%B6%B1%E0%B7%8A-%E0%B6%AF%E0%B7%9C%E0%B6%BB%E0%B6%A7%E0%B7%94%E0%B7%80/61575739146179","අපෙ නායක හිමිපානන් වහන්සෙලා ඇස් පියන් ඉන්නවාද ..මෙවන් චිවර දාරින් සාසනයෙන් ඉවත් කරාන්න."
"SG Auto","https://www.facebook.com/people/SG-Auto/61559155887374","තොපි වගේ පාප තර යො සිවුරු දාගන්න කොට දෙවියන් කම්පා වෙනවා.  ඉස්සරහට ගන් වතුර නාය යාම් ආවත් ඒ වෙන්නේ නාන සාරය ගෙ සිවුරු ගලවලා දාපු සන්තෝෂය ට.  දෙයියෝ මේ පින් බිම හෝදලා පවිත්‍ර කරන්න මිසක්.  තොපි වගේ පාප තර යං ගෙ සිවුරු ගලවලා දාපු පාපයට නේම් පගො එක මතක තියා ගනින්"
"S Ayesha Dias Abeygunawardena","https://www.facebook.com/ayeshadies","මේ ගලොලා නෙවෙයිද 😛😛😛 එතකොට කොහෙද අර කම්පා වෙන දෙයියො හිටියෙ 😛😛😛"
"Tiny World Studio","https://www.facebook.com/people/Tiny-World-Studio/61593298184005","කෙනෙක් වරදක් කර ඇත්නම් ඒකට නීතිය ක්‍රියාත්මක වේවි නමුත් ඒ දිහා බලලා වෛරයෙන් සතුටු වීමෙන් (පරපීඩා සතුටින්) වෙන්නේ අපිම අපේ සිත දූෂ්‍ය කරගෙන අකුසල් පුරවා ගැනීම විතරයි අනුන්ගේ වැරදි හොයන්න කලින් තමන්ගේ හදවත තුළ ක්‍රෝධය නැමැති ගින්න ඇවිලෙනවද කියලා බලන එකයි සැබෑ බෞද්ධ විනය අනුන්ට දොස් කීමට පෙර තමන්ගේ සිත රැකගනිමු සුවපත් වේවා"
"Pranam Sri","https://www.facebook.com/pranam.sri","අහෝ දෙව්දත් නොදුටු මොක්පුර"
"Sarath Sarath","https://www.facebook.com/people/Sarath-Sarath/pfbid0x3Bv3WjtVUYdWCbZg3ykyBfeASZnDrmJzekEqGZUBXtj32kRNtPiMnuCgWQ1b4tyl","සිවුරෙ එල්ලිල ජනපති සමාව ගන්න දරන වෑයම සිරිසෙන හිටියනමිි සලකල බලයි අනුර ඉන්නෙ දැන් ජනපති"
"Madhawa Thennakoon","https://www.facebook.com/madhawa.thennakoon","ඉස්සෙල්ලම උඹලගේ සෙට් එක රැක ගනිල්ලා"
"Aravinda Udaya Kumara","https://www.facebook.com/aravinda.udayakumara.79","රෑට පන්සලට ඇවිත් ගෑනු සිවුර ගලවනකොට පොලව කම්පා වෙ⁣න්නෙ නැතෙයි? 🤣🤣"
"Ravindra Leelasena","https://www.facebook.com/ravindra.leelasena","Siwura galawala araka karaddi kampa wune balawayaskara daruwange ammala thopi nemei ga..  mu....kaa.."
"Pd Chandrasiri","https://www.facebook.com/people/Pd-Chandrasiri/pfbid0krUrBfcbyhDdiUroMm7NwWsW4U4i2Aqhxo5PwUiLRothrZFvExB9NwBduurqmnMRl","ඔන්න  කියයි   ලබන  සතිය     වැස්ස  වැඩිවෙනව  කියල  කියල  තියෙන්නෙ  ඒකටත්  කියපිය    කම්පා වෙලා  කියල  ඕං  කිවුව"
"Mahi Chathra","https://www.facebook.com/mahi.chathra","කවුද ඇත්තටම රට ගැන ආගම ගැන හිතන්නේ කියලා දැන් හොයාගන්න පුළුවන්.. ඔයේ ඉන්නේ සිවුරු පොරෝගත්තු හොරු... ඕකුන්ට ගහන්න ඕනි.. සිවුරු දමලා දුවන්න"
"Pathma Kanthi Warusange","https://www.facebook.com/people/Pathma-Kanthi-Warusange/pfbid0PKfTFPrqusroUrTwwLXJEwYaSk9CeYgRsKi5ftZ7uX6ocmJHzQk7w9cBvApkMC45l","Umala wage gothinge news dana dasatha newslata news aeththama nadda ballek maha pare renawa combmo 7 wala tunmulle handiye poto aekak dapan minssu asawen balai me kabrainge niws dala gu wenna aepa hiru derana wage you mast be falo greet sirasa theis is praud and super chanel godbees sirasa we love"
"Champa Perera","https://www.facebook.com/champa.perera.359","ස්කිපින් එක අරන් උඩ පනිනකොටනම්.පොලොව හෙල්ලෙනව වගේ.දැනෙනවා මුන්ට දෙවිදොස් වැදිලා..😄😄"
"Wasantha Pushpakumara","https://www.facebook.com/wasantha.pushakumara.582751","Niwansuwa"
"Vidu Kariyawasam","https://www.facebook.com/vidumal.kariyawasam.5","Ubala sakkinta wada balan giyama api ubalata wada sasaneta deyak karanawa gobba dewdattharala"
"Dixon Mihidukulasuriya","https://www.facebook.com/people/Dixon-Mihidukulasuriya/pfbid02zHFsVfjJkLrvGazoNXRwTcUqZkEeSCGHBsyMPxbcEvCZQkxT87JW14H3a9EjQ4Rul","සිඋර දාගෙන ඉද්දී විලී ලැජවා නැති වෙනවා සිඋර නො පැළද ඉද්දී ඔබලාගේ වල්ලම පේනවා"
"Parami Vidyarathna","https://www.facebook.com/parami.vidyarathna","මේ වෙලාවට කම්පා වෙන්නේ අහවල් එක වෙන්න ඇති."
"Nalika Gallage","https://www.facebook.com/people/Nalika-Gallage/pfbid027mhKm6xwEiY9GD5Rm8Yzvd8zVmy9cHNtyH9VscHfaHoGqXz5m3ywddCknLUkPQVVl","කමිපා වෙනව ඔය වසල කටවල් වලටයි හැසිරිමටයි  චිවරය මස්ත බාල්උු  කරපු ගැන්සියේ එක්කෙනෙක් ඔයත්"
"Sadun Priyantha","https://www.facebook.com/sadun.priyantha.372842","සිවුර නමිත් ඔබේ අම්මගෙ හුත්තස්ස එකක් ගහ ගනින්හුත්තිගේ පුතාලා පුතාලා"
"Suneth Dissanayake","https://www.facebook.com/suneth.dissanayake.75","සිඋර දාගෙන් ලමා අපචාර කරනකොට  ගෑනු දූශ්ංඅය කරනකොට කම්පාවෙන්නෙ නැද්ද හාමුදුරුවනේ."
"Thimira Ranasinghe","https://www.facebook.com/thimira.ranasinghe","අපිත් මේ රටේ තමා ඕයි.. තවුසෙලා සිවුරට මුවාවෙලා කරන වැඩ මුලු රටම දන්නවා.ඒවට කම්පා උනොත් පෘථිවිය කියලා ග්‍රහලෝකයක් නැතිවෙනවා අපිට.🤣🤣🤣"
"Nilka Shiromani","https://www.facebook.com/nilka.shiromani","දැන් අද ඝණ්ඨාර ගැහුව ද අපිට ahunewath නැ😂😂 කොහෙද අධර්මිෂ්ඨ පාලනයක් තියෙන්නෙ... ඔයා නම් horu passe යනව😁😁😂"
"Wimala Kusumawathi","https://www.facebook.com/wimala.kusumawathi","ඒ බුදුන් දහම් සරණං ගිය හාමුදුරුවරු ඔය වගේ රෑට රෑට ගෑනු ගෙනල්ලා තියාගන්න පට්ට කුණුහරුප කහ කහකඩයෙක් නෙමෙයි අනේ හාමුදුරු නොයෙදෙන දෙයක් කාලා බලාගෙන ඉන්න"
"Priyadarshana Hrc","https://www.facebook.com/people/Priyadarshana-Hrc/pfbid02kLmv2Z4qsPEjMSWcG2mfPjLjJhkc4Fwi56kuX7KJxRPkcPxaP96qX6btx1DxH4ebl","Polawala. Kampa wenne thopi wage kalakanniyo sasene innakota....thopi nathnam polawath hamadama nissansale.thopi sasene kana kari ballo"
"Priyantha Yapa","https://www.facebook.com/kamal.yapa.18","හාමුදුරුවනේ මොනවාද  මෙ කතා"
"Yuresh Chathuranga","https://www.facebook.com/people/Yuresh-Chathuranga/pfbid02aHhfoGu1Tmf3ECD6yUaPa2mrrhEGGXbp4XCNbHnbpU9iWt2iPCH8BcFQSD3aNgxul","https://www.facebook.com/share/v/1DWzvhA196/ මේකට කම්පා වෙන්නේ නැද්ද?🤭"
"Same Sam","https://www.facebook.com/people/Same-Sam/pfbid02GMoaAhx7NGwvfxr7oDW6975mG7ACPkNQkoP9fdUi14mUWnt3GAHUzCqRDdMrBuEXl","එක ඇදන්  අරක්කු බොද්දී  දෙවිවරු චුන් වෙනවාද.. අනේ සාදු තවත්  බොරු ශෝ දලා  බුදුන්ටත් , අගමටත් අගෞරවයක්  නොකර ඉන්න .   බොරු මර්කටීන් දැන් මේ කරන්නේ"
"Ajith Bandara Megasoiriya","https://www.facebook.com/ajith.bandara.megasoiriya","රාජපක්ෂ නිකායේ සිවුරු රදවනයෝ ටිකක් හැම දේකටම එබිලා බලන්නේ කොහොම හරි රාජපක්ෂලා රකින්න"
"Asela Sanjeewa","https://www.facebook.com/asela.sanjeewa.569354","මුන් නිවනට යන මග හොයනවට වඩා, මුන් හොයන්නේ ජනාදිපති සමාව ගන්න මගනේ 🤭🤭🤭🤭🤭"
"Saynum Saynum","https://www.facebook.com/saynum.saynum.1","ෙමික.ජනපතිතැමා.කියල.කරවපු.මගැලක්.ෙන ෙනියා"
"Keerthi Aruna","https://www.facebook.com/kirti.anura","Ganayo menna mu siura galogena"
"Krishantha Fernando","","..ගල් කන්දේ ...දත්තයා ජපන් ගිහිල්ලා කරපු දේවල් මතකනේ"
"Samantha Samantha Kumara","https://www.facebook.com/samantha.samanthakumara.102","ඔබලගේ අම්මා කම්පා වෙලා"
"Wijitha Bandhara","https://www.facebook.com/wijitha.bandhara","තොපි වගේ කාලකන්නි.සිවුර.දාගනිත්දි තමයි.තුංලෝ තලයම කමිපාවෙන්නේ."
"Rameez Dasthakeer","https://www.facebook.com/rameez.dasthakeer.9","උබලා සිව්රක් පොරවගෙන ජාතිවාදය අන්තවාද වපූරනකොට තමයි පොළොව කම්පා වෙනව මිසක්..."
"Chamara Ponnamperuma","https://www.facebook.com/chamara.epp","පාලකය කියනදේ හාමුදුරුවෝ මරන්න ඕන කියල බණ් කිව්වෙ මෙයා"
"Shanthi Kaluarachchi","https://www.facebook.com/people/Shanthi-Kaluarachchi/pfbid02gXdAQv685cLuPqogK7xxC9joWU26CZBf3c7eKHuAQnEJgDFAAEZJSCEEUDVjgM6vl","කටවහගෙන හිටපිය පරය සිවුරු දමපු එවුන් කෙල්ලෝ දූෂණය කරනකොට  කවුද කම්පා වෙන්නේ බල්ලො ඒ ව සිවුරට  බුදු දහමට හොද්ද මූසල බල්ල තොගෙ අම්මාගෙන් අහපන්  තෝ මෝඩ හරකෙක් ඒවට මහපොලව කම්පාවෙන්නෙ නැත්ද"
"Sangeewa Sira","https://www.facebook.com/sangeewa.sira","Totat genu innawane yako"
"Ruwan Bandara","https://www.facebook.com/ruwan.bandara.424481","Minissu Dan rawatenna yako"
"Danushka Rathnayeka","https://www.facebook.com/danushka.rathnayeka.1","මේ වගේ කාලකන්නි නිසා තමයි බෞද්ධ දර්ශනය නැතිවෙන්නේ? එක්කෝ මේ කාලකන්නිංව ශාසනයෙන් නෙරපල දාන්න ඕන සිවුරට මුවාවෙලා කරන්න ඕන තියෙන දහදුරා වැඩ ඔක්කොම කරනවා යකෝ බෞද්ධ දර්ශනයට අගෞරව කරන්නේ නැතුව ඕක ගලවලා ගෙදර පලයන්"
"Saman Shay","","සිවුර ගලෝලා හුකනකොට කම්පා වෙන්නෙ පකද?"
"Prabuddha Manoj","https://www.facebook.com/people/Prabuddha-Manoj/100083854148490","මෙ හු@5ගෙත් සිව්‍රර ලගදිම ගලවන්න වෙයි වගෙ"
"Aruna Deshapriya","https://www.facebook.com/Deshapriya.R","උබ සිඋරට මුල වෙලා කරන baluwada වල ප්‍රතිපල තමා මේ. බඩු ගහනවා, නිදන් කඩනවා, හොරුන්ට කඩේයනවා... පොඩිඋන් දුසනේ කරනවා.. මිනිස්සු ඒවාට සාප කරනවා... ඒවා මේ විශ්වයට එකතු වෙනවා... සොබහදහම කම්පාවෙනවා... කාලකන්නි තොපි නිසා තමා... මේ බෞද්ද රට අපායක් වේගෙන යන්නේ..."
"Danuka Wanasinghe","https://www.facebook.com/profile.php?id=100003218412086","හොර සිවුරු නඩය මුන් . උබලත් ඉවරයි ජනතාව රවට්ටපු කාලේ නිගන්ට බළකාය එකතු වී"
"Bw Sampath Kumara","https://www.facebook.com/bwsampath.kumara.3","තිත්තයා උබෙ අම්මට කොට මොනවද කම්පා වෙන්නෙ.."
"Asela Dasanayaka","https://www.facebook.com/asela.dasanayaka.14","ඕවට රැවටෙන මිනිස්සු නෑ දැන්..🤣"
"Anangaya Anangaya","https://www.facebook.com/anangaya.anangaya.709956","සිවුරු  හොරු තොපි ගිහිල්ලා  බන  අහපියවු කහගම  හාමුදුරුවන්ගෙන්  උන්නාන්සෙ  හරි  අපුරුවට   කියලා දෙයි"
"Nimal Silva","https://www.facebook.com/nimal.silva.5454","ඉස්ලම තොපි මහන වෙලා හිටපල්ලා එතොකොට කිසිදු  කපනයක් නැ"
"Upul Pathmasiri","https://www.facebook.com/people/Upul-Pathmasiri/pfbid0N35BMjjfzhqY1UeuQnDsjh8L5eJyyMQY57bkb7R9722NWKFUopNCucbQCa5fCoU6l","මුත් අමු තක්ඩියෙක්"
"Venu Div","https://www.facebook.com/viraj.thiwanka.77","මෙහෙම ගලවනකොට  කම්පා වෙන් නැද්ද දෙවියො 🤣💔🤌"
"Venu Div","https://www.facebook.com/viraj.thiwanka.77","සිවුර ඇදන් ජිගි ජිගි දානකොටයි ,  සිවුරෙත් එක්ක හලාගෙන ගල් බෝතලේ කෙලිනකොටයි කම්පා වෙන් නැද්ද ?"
"Wasantha Dewapriya","https://www.facebook.com/profile.php?id=100013530873597","Siwuru daagena genu ekka budiya gannakota....."
"Dananjaya Gunathilaka","https://www.facebook.com/dananjaya.gunathilaka.946","ධාතු ඝනයා කටවහපිය 😂"
"Darmapriya Mana Mendra","https://www.facebook.com/max.darmapriya","ආණ්ඩුවට  රටට නොවේ  තොපි වගේ  කුපාඩි ගණගෙඩියෝන්ට තමා පටිසන් දෙන්නේ"
"Chamara Chathuranga","https://www.facebook.com/chamara.chathuranga.92517","තෝ පුළුවන්නම් වරෙන්කො අපේ ටවුන් එක පැත්තට.. කම්පා wena එක පෙන්නන්න.. සිවුරට මුවා wela රට වනසන්න හදන සක්කිලි සිවුරු හොරෙක් උබ"
"Nuwan Nilanka Subasinghe","https://www.facebook.com/nuwannilanka.subasigha","එතකොට තොපි පොඩි නමවල්ගේ පුපවල් පලනකොට,,,පොඩි දරුවෝ පන්සල ඇතුළේම දුශනය කරනකොට තොපේ අම්මගේ රෙද්දද හෙලවෙන්නේ..."
"Lal Premathilaka","https://www.facebook.com/lal.premathilaka.961","දෙයියො කැමතියි තොපේ සිවුර ගලෝනවට. මොකද සම්බුද්ධ ශාසනය ආරක්‍ෂා වෙනව"
"Gamini Hettiarachchi","https://www.facebook.com/gamini.hettiarachchi.902","තොපිවගේ කහකඩයො නිසා නමි මහ පොලොව කමිපාවෙනවා"
"Pradeepkumara Bavudda","","Puduma karumayak sivurakiyala hama baluvadakma karanna minissu balagena edi"
"Udaya Kumara","https://www.facebook.com/udaya.kumara.873310","මූ දැන් කියන්ඩ හදන්නෙ දෙසැම්බරයේදී එනව කියන සුලි කුනාටුව ගැන ඕව කියපන් සාටකයන්ට"
"Lahiru Gunawardena","https://www.facebook.com/lahiru.gunawardena.92","Kase yana Business kaarayo..."
"Sithara Bandara","https://www.facebook.com/sithara.bandara.2025","පොලව පලාගෙන් නයෙක් එයිද ????"
"Suresh Hulugalla","https://www.facebook.com/suresh.hulugalla","තක්කඩියන්  සිවුරු  පොරෝනකොට පොලව කම්පාවෙලා......දඩුවම්  දෙනවා...ෂුවර්"
"Kanthi Wimalajeewa","https://www.facebook.com/kanthi.wimalajeewa.18","Siwuru dagena minisunge kaala minissunta boru bana deshana karanakota deviyo kampa wenawa budurajanan wahansege dahama oka neweyi ek maha loku darshanayak e darshanaya koyitharamda kiyala kiyanawa nam e uththareta darshanayata th baala wada karana sanghayaa wahansela thamayi inne honda sanghayaa wahanselath innawa namuth me siwura muwawen karana jada wada jara wada ewata nam deviyo kampa wenawa thamayi"
"Chaminda Udaya Kumara","https://www.facebook.com/dineth.rashmika.9235","අයියෝ අයියෝ තිත්ත. ලජ්ජයි අජූතයි චිවරදාරියා"
"Hasanka Sasindu Wijesinghe","https://www.facebook.com/hasankasasindu.wijesingha","බැලුවොත් පොරගේ සිවුර නෑ.ව්‍යායාම කරනවා 😂"
"Ananda Graphics","https://www.facebook.com/people/Ananda-Graphics/pfbid02shEtSjffK3C117FisoRWW2bPAMiM1CsiN9HuJLhra43bJrhrvAezFvbpt9dfVFTrl","මෙයා හිතන් ඉන්නේ සිවුර දාගත්තාම ඕන දෙයක් කරලා   බේරෙන්න පුළුවන් කියලා"
"Tharindu Madushanka Rodrigo","https://www.facebook.com/tharindumadushanka.rodrigo.1","බනක් භාවනාවක් කරගෙන ඉදපන් පැත්තකට වෙලා"
"Susantha Perera","https://www.facebook.com/susantha.perera.7359","පල පල හරක යන්න"
"S Ayesha Dias Abeygunawardena","https://www.facebook.com/ayeshadies","Susantha Perera එහෙම කියන්න එප අනේ හරකා ඔච්චර බලු නැ"
"Nuwan Senanayaka","https://www.facebook.com/people/Nuwan-Senanayaka/61570677631190","කවුද කිව්වේ විෂ්ණු දෙවියෝ මතු බුදු වෙනව කියල පච කියන්න එපා"
"Md Abeywickrama","https://www.facebook.com/md.abeywickrama","විශ්වයේ. බලයනිසා. තමයි. උඔ. මරුවිකිල්ලෙන්. පිස්සු. කියවන්නෙ"
"Md Abeywickrama","https://www.facebook.com/md.abeywickrama","බං. සිවුර. ගලෝල. බඩ. උඩ. නැගල  සිකිරිබිටා   දානකොට  කම්පාවෙන්නෙ  මොකක්ද"
"Lal Gunasekara","https://www.facebook.com/lal.gunasekara.39","Siura adagena sukkra කරණකොට මොකද වෙන්නේ, කියලා කියන්න බැරි ද  ?අනේ උබේ අම්මා ට.....කිව්ව කියල hithaganin."
"Vishwa Bookshop-Nikaweratiya","https://www.facebook.com/wishwa.bookshopnikaweratiya","මෙවට තමා කර්මය උඹලගේ පස්සෙන් එන්නේ අද....."
"Anil Manamperi","","මූ මොන හරකෙක්ද පොළොව කම්පා වෙලාලු 😀😀😀උබ අටලෝ දහමට නම් කම්පාවෙලා කියලා පේනවා."
"Nilantha Hapuwathage","https://www.facebook.com/nilantha.hapuwathage","ගෑණු දෙතුන් දෙනා පන්සලට ගෙන්නගෙන,,සිවුරුගලවලා හැමිනෙනකොට  මහාපොලව කම්පා වෙන්නැතිව ඇති"
"Sunil Jayaweera","https://www.facebook.com/people/Sunil-Jayaweera/pfbid02zp47SpZkYvT3zSngjenzmA67knv8b3trV1hQ7PyxK3tGnMSMGihdDsGc9oNWmyYsl","පල්ලේගම යා පොඩි එකා දුෂනය කරනකොට පල්ලේගමයාගේ පක් රජානන් වහන්සේ කම්පාවෙලා ලෝදිය වගේ කැරිදිය ගලාවිත් පාපිස්සටත් වැටුනලු"
"Sihan Perera","https://www.facebook.com/people/Sihan-Perera/pfbid0372EFwDgUK2b6cB2MHnQBoxMPYaSKNz7tDAf2LkzJybJy3eeJAvBsXyv4GS77u9Vbl","තොපි ඔය සීවුරටත් නින්දාවක් කරන්නේ තොපි කොහෙද හිටියේ එයා රටවල්වලට ගිහින් සිවුර ගලවල ෆන් ගද්දි බණක් දහමක් දෙසනාකරගෙන හිටපියවූ"
"Tiny World Studio","https://www.facebook.com/people/Tiny-World-Studio/61593298184005","Sihan Perera කෙනෙකුට වෛර කිරීම හෝ ක්‍රෝධයෙන් බැන වැදීම කියන්නේ අනුන්ට ගහන්න රත්වූ ගිනි අඟුරක් අතට ගන්නවා වගේ වැඩක් ඒකෙන් අනුන් පිච්චෙන්න කලින් මුලින්ම පිච්චෙන්නේ තමන්ගෙම අතයි"
"Amila Nishantha","https://www.facebook.com/amila.nishantha.1004","පලයං වල් නරියා"
"Kanthi Wickramasinghe","https://www.facebook.com/kanthi.wickramasinghe.9","දිට්ටා ආවෙ සිවුර ගලවන්න පෙර හොරුනිසයි ⁣ලෝකෙ කම්පා වෙන්නෙ."
"Laithab Lalitha","https://www.facebook.com/people/Laithab-Lalitha/61589915708147","තොපි ගෑනි යෙක් ඉදිරියේ සිවුර ගලෝනකොටත් පොලොව දෙමාපියන්ට හෙනවදින්න කම්පා වෙනව"
"Thilak Jayanthi Wasage","https://www.facebook.com/people/Thilak-Jayanthi-Wasage/pfbid0NHVHtVMvYEyREihMsebNQ4fnv1aG48RMJZqGinbYfip3WULZBN9njH2FkgzuVrG9l","අට මස්තනේ 8 හවැරදි දැරිය දුෂණය කරා, ගැළබදයා විශ්කි බිලා රිය පදවලා මගියෙක් හප්පලා දෙරණ ඇවිල්ලා ලෝකෙටම පෙන්න මුසබස් කිව්වා පොලව නොවේ මුළු ලෝකෙම කම්පා කරන්නැද්ද බං. හුකන්නේ නැතිව පට්ට හොරු, පාතාල කැකඩයෝ සිවුරු ගලවලා ගෙදර පල තොගේ හොර ගෑණි අරගෙන දරුවොත් සමග. රැකියාවක් කරලා කන්න දීපිය වල් පරයා."
"Kumara Ug","https://www.facebook.com/kumara.ug.9","අනේ පල තිත්තය උඔල ඔය සිවුර එපා කරා අපිට,සිවුරත් දැන් අර සාටකේ වාගෙ තමයි"
"Cathura Pradip","https://www.facebook.com/people/Cathura-Pradip/pfbid02aj9XzVkVmsV2y4YZoATw3cM9Qr8f4p5SW4jfwm7jDYzvkQ51Vv7ieXxGHanjUcfAl","Pakyo.seura.dagana.warade.nokrpeyu"
"Susith Dias","https://www.facebook.com/susith.dias.7","සිව්රු දාගත් නිගනථයෝ පොඩි දරුවෝ කෙලසනකොට මහ පොලව සතුටුවෙනවා ඇති"
"Sanjeewa Dasanayaka","https://www.facebook.com/people/Sanjeewa-Dasanayaka/pfbid0ymTA9wSqgS6x21AQ4HRb8H5N5PkUam3kX22GsoLxzYYbWmuNQgE1sZQ1dWoKFZul","තොපි වගේ පකයලා මොකටද"
"Athula Gunawardena","","බුදුන් ජීවමානව සිටින සමයේ මුගලන් තෙරුන් සොරුන්ගෙන් ගුටිකෑ විට පොලව කම්පා වුනාළුද?"
"Anusha Nilmini","https://www.facebook.com/people/Anusha-Nilmini/pfbid0qx1A45vk9LqM4VZQJi6R2ScwLQMh1aVYZ9n5vtVkGXFAzSbMg95kpeUueHVaB2xFl","තොපි.    සිවුර.  මුවාවෙලා.  කරන.  කුපාඩිකමි. දැකලා.  මෙ.  මුඵ.  මහත්.  මිහිකත.  කමිපා.  වෙලා"
"Si RM","https://www.facebook.com/profile.php?id=61552298265036","රෙවිද තව මහජනයාට පවි දෙනව සාටක...නිකායෙ සමනදාරියෝ"
"Priyntha Priyantha","https://www.facebook.com/priyntha.priyantha.2025","තොපිට ගේවල් වල කන්න නැති කමට පන්සල් වලට ගෙනත් දාන අවජාතක හැත්තක්"
"Saman Kg","https://www.facebook.com/saman.lalith.2025","අර ගොමා සංවිධානයෙහි නීතිඥ සංවිධානයටයි වෙවිචි දේ මේ මිනිස්සු මේ සිවුරත් අන්තිමට පජාතම කරලා දානවා මහජනතාව ඉදිරියේ එපාම කරවනවා මහජනතාවට සිවුරක් දැක්කත් අප්පිරියා හිතෙන තැනට වැඩ කරනවා මේ සිවුර පොරව ගත්ත කහකඩ ආහාර ගණයන් කීප දෙනෙකු එකතු වෙලා. කවදා හරි උන්ටත් වෙන්නේ අර සංවිධාන වලට උනා වගේ සමාජයේ අපකීර්තියට පත්වෙලා මහජනතාවගේ කුණු බැනුම් අහන තත්ත්වයට පත්වෙනව දැන්"
"Thilak Basnayaka","https://www.facebook.com/thilak.basnayaka.7","සිවුර දාගෙන හයක් හතරක් නොදන්න කිරි සප්පයන්ගෙ ඇදුම් ගලවනකොට කම්පා වෙන්නෙ තෝගෙ අම්මද? Australia වල එකෙක් අවුරුදු 13කට යැවුවා. ඔය සිවුරට අපහාස කරන්නෙ තොපි ඒ නිසා තමයි මහ පොලොව කම්පා වෙන්නෙ. ඕක ගලවලා හිගා කාපිය."
"Thush Silva","https://www.facebook.com/thush.silva.256981","අපි හොද බෞද්ධයෝය .නමුත් උබල වගේ දඩ බල්ලන්ගෙ සිවුර ගලවනකොට මහ පොලව විෂ්වය තියා බල්ලෙක්වත් කම්පා වෙන්නෙ නැහැ.මොකද සිවුරට කිසිසේත් නොගැලපෙන කාලකන්නි  නිසා."
"Saman Jayalath Mallawarachchige Don","https://www.facebook.com/samanjayalath.mallawarachchigedon.90","ආ බං බුදුන්ට වඩා දෙවියෝ සැරද බං. 🙏🏾😭😭😭😭"
"Indumathi Perera","","දී කිරට බලල්ලු ත්  සාක්කිලු.."
"Dayananda Sisira","https://www.facebook.com/dayananda.sisira.2025","තොපිවගේ පකයලා සිවුරැ දාගෙන කරනදේවල් වලින් තමයි සාසනය විනාශ වෙන්නේ තොපි වෙිසගෑනු ලග සිවුර ගලෝන එකදැකල දෙයියො පල්ගස්යනව ඇති"
"Indika Bandara","https://www.facebook.com/indika.bandara.9484","තොපේ වැඩ වෙලට දෙව් වෙරු කෝප වෙලා තොපිටම රිටන්  එක  හම්බවෙනවා"
"Athula Athapaththu","https://www.facebook.com/sisira.athapaththu.8","අනේ හුකහන් වනචාරි ගන ගෙඩියා"
"Jayalath Amarasooriya","https://www.facebook.com/jayalath.amarasooriya.7","සියුරැ ගලවලා බඩු ගහනකොට මහලොව කෙසෙවෙත් ඇදනමි කමිපා වෙනවා ඇති"
"Kasun Sameera","","Mun wage eunta Dane Dena untath Gahanna ona"
"Anura Samarakoon","https://www.facebook.com/anura.samarakoon.395","අඩෝ ගනය පල පල යන්න තොපි සේරම වාසියට පු* දෙන උන්"
"Sam Dee","https://www.facebook.com/people/Sam-Dee/pfbid02S5seMVA4Q63bLhM59Yj5n5s4K5FgkYEUgBFMio4kPPFETh6HtGa72Fc5BBWhqw97l","කවුද බං බුදුදහමට පාඩු කලේ. ඔබලා කට්ටිය් තමා බුද්ධ දර්මය නැති කලේ."
"Prebath Chaminda","https://www.facebook.com/people/Prebath-Chaminda/pfbid0PhWHovomaoLDh7h9q9zgV2yK2tXMido83e45hwK9MJHfNKgTtJuZ1pM63NZb2doyl","Togeth glawantone karihuththige putha"
"Madushan Madushan","https://www.facebook.com/madushan.madushan.9406417","Mu anika rate hodt inna un newei mungen bana ahapu ewn koheda dnne den 😅 issella muta bana kiyadenn oni gon hawa"
"Indika Ruwan","https://www.facebook.com/indika.ruwan.581730","ළමයි අපයොජනය කරණකොට ගනයො ..අත් හරින්න සුයල්ලම කියපු උන් සෙරම බදාගන්න කොට මහ පොළව කම්පා නෙමේ බුමී කම්පාවෙමවා හොරගන ගෙඩියෝ තොටත් නඩු තිබ්බානෙ  එවා ගෙරි මහින්දලාට කියලා අයින් කරානෙ කාලකණ්ණි ගනයා."
"Pradeep Prasanga Rathnayaka","https://www.facebook.com/profile.php?id=100006656109744","මොන⁣ හරකෙක්ද මේ .. යකෝ බෞද්දයෙකුට පාරෙබැහැල යන්න බැරිවෙනවනෙ මේ දඩාවතේ  යන බල්ලො නිසා."
"Ravi Lekamlage","https://www.facebook.com/people/Ravi-Lekamlage/pfbid0rnVZTJfnBZLWXfNxHpcsYgAU1CCvaTVwXvDHiawScBE7ygKmFc9Jd6vQizkYPUYVl","පල පල පගා"
"Thilina Yapabandara","https://www.facebook.com/thilina.yapabandara","කියවපල්ලා comments මිනිසුන්ට තොපිව කොච්චර අප්පිරියයිද කියලා.."
"Mahesh Prasanna","https://www.facebook.com/mahesh.prasanna.186590","මූ අර ,නෙරපපු හාමුදුරැවන්ට ඉන්න තැනක් හදන්න කියල සල්ලි එකතු කරල..මිනිහට ගේත් නෑ..සල්ලිත් නෑ.."
"Shiwanthe Frnando","","කරන ජරා වැඩ කරනවා සිවුරේ ඉදන් එවට මොකද වෙන්නෙ"
"Thisara Madusanka","https://www.facebook.com/thisara.madusanka.465192","හුගාපන් අමනයා"
"Suranga Bandara","https://www.facebook.com/suranga.bandara.106","එතකොට පුලුවන් තරම් ජඩ වැඩම එක පොරවන් කරනකොට උබේ අහවල් එකද කම්පා වෙන්නේ..😂😂"
"Prasanna Manoj","https://www.facebook.com/ajantha.shanthi.9","මේමොන  කම්පාවද"
"Sithija Liyanage","https://www.facebook.com/sithija.liyanagelcs","සංඝ පාතාලය...😀😀"
"Sunilchandra Chandra","https://www.facebook.com/sunilchandra.chandra.77","Mun udapanina tharamata bauddaya bududahamen ainwenawa aneth agamwala un puken hinawenawa naki yayaka kiyagana unta barida munge hikmeema vinaya hadana mun siura dagena hasirene sakkili marayowage vairaya mulu samajaya purama wapuramin kari wesige puthala"
"Shehan Dilruwan","https://www.facebook.com/shehan.rko.94","පල හුම්තෝ යන්න මුසාවාදා කියන්නේ නැතිව 🤣🤣"
"Darshana Nadathchariga","https://www.facebook.com/people/Darshana-Nadathchariga/pfbid0hxWsRxqE9RyrYPM3Gzv9dmyrAbnrXabPtLLp8WLXiYjviQU8PV1DTzjctXiy4hXbl","පලපකයා පොන්නයා යන්න"
"Nuwan Akalanka","https://www.facebook.com/nuwan.akalanka.701141","සිවුරු දාගෙන පොඩි ලමුන් කෙලෙසද්දි කම්පා වෙන්නෙ තොගෙ අහවල් එකද ...පල යන්න කලු තඩි ගන ගෙඩියා ...🤬"
"Anita Perera","https://www.facebook.com/anita.perera.3344","විරුද්දත්වය ප්‍රකාශ කලාට කමක්නැහැ. කම්පා වෙන්නේ ශ්‍රී ලංකාව මනේ"
"Kumara Pathirana","https://www.facebook.com/kumara.pathirana.39","දෙවියො කම්පාවෙන්නෙ නෑ තොපි බුද්ධ ධර්මය හරියට අනුගමනය කරන්නෙ නැතිනිසා. දෙවියො දන්නව මේ හාමුදුරුවන් වල් ජාතියක් බුද්ධ ධර්මය පරිහානියට පත්කරන කාලකණ්නි රැලක් කියල. බයවෙන්න ඕන තොපි බුද්ධාගම පරිහානියට පත්කරන තොපි තවම මිනිස්සු ගහල පැන්නුවේ නැති එකයි. ඉතාමත්ම ලඟකදී ජනතාව පංසල්වලින් ගහල පන්නනව ඔය හොරු ටික."
"Shantha Mariyan Fernando","https://www.facebook.com/shalanka.fernando","නිදන් හොරා රාජපක්ශයලගෙ 🤣🤣🤣🤣🤣🤣🤣"
"Somadasagamage Gamage","https://www.facebook.com/somadasagamage.gamage.5","මහපොලව කම්පාවෙන්නෙ උඹලවගේ කාලකන්නි අපතයන්ට සිව්රූ ඇන්දුවෙ ඇය් කියල් තොපේ විනාසය ලඟය් එතකන් නටාපල්ල"
"Dg Damitha","https://www.facebook.com/damitha.gunathilaka","මේ දවස්වල දෙයියෝ ගැන බණ කියා සාදු මොකද බුදුන්ගෙන් වැඩක් නැති නිසා.මොකද ෂාප වැඩ කරන්නේ නෑ නේ ඉතින් දෙයියො එකතු කරගෙන 🤮🤮"
"Nimal Tenahandi","https://www.facebook.com/nimal.tenahandi","එතකොට තිතගල්ලේ ආරණ්‍යයක් කරනකොට පාරක් වහලා ඒ ගමට ප්‍රශ්නයක් ඇති කරල පොලිසි ගිහිල්ලා මොකද කරගත්තේ වනචාරියා නුඹලා නියම භික්ෂූන් නොවේ රප්‍රසාද  වරදාන ලැබීමට සිවුර දාගනිපු අපතයෝ"
"Dhammika Jayasekara","https://www.facebook.com/dhammika.jayasekara.54","බනමඩුවේ ලදරු පාසැලේ...ටී......ට කෙලින්න සිවුරු ගලෝනකොට දහඅටට බාල දරුවන් අපයෝජනය කරනකොට මහපොලොව කම්පාවෙන්නැද්ද අපේ සාදුලා...🙏🙏🙏"
"Dushantha Paranavithana","","පල පෙරේත ගස් ගඩ්ඩා, නිදන් හොරු සිවුරු දාගත්තම ඊට වැඩිය පොළොව කම්පා වෙනවා"
"Anura Siriwardhana","https://www.facebook.com/people/Anura-Siriwardhana/pfbid02YSnW2s1ebACTFWw4hjXA41kkZnUj5fU7pKwtgpi43amDwNV6zgp6SxrJYK6GcQuGl","වල් ගනයො සිවුර ගලෝල නෙවේද නොහොබිනා වැඩකරන්නෙ"
"Kevin Peterson","https://www.facebook.com/people/Kevin-Peterson/pfbid033TbyfmisqT5vyn697KNqN9Emw5rdqoRrEPWYZXU7LdosTV5k9TpdqTWGNqdLQ19Xl","මුන්තාම මිනිස්සුන්ව හරක් කියලා හිතාගෙන ඉන්නෙ"
"Amith Dhananjaya","https://www.facebook.com/amith.dhananjaya.94","සල්ලී පස්සේ දුවන ගන ගෙඩියෝ එනවා අපිට අත් හැරීම කියලා දෙන්න...🤮"
"Harshana Kaluaggala","","[Image Attachment]"
"Ranjith Aramb","https://www.facebook.com/people/Ranjith-Aramb/pfbid0MciezYRvy9CXvVDVKmdZzyN9bQuhs93s3m2nkEghhf5eRRdb5bXCp5L432QW2psol","Hora gahanunta puluwan sidra galawanna."
"Niranjala Madhawala","https://www.facebook.com/people/Niranjala-Madhawala/pfbid02Rz5w4kA1C8d3t9ptYCpjeizQXUpU9CZYEn59MjNdjWHDHPRZTr99ZXVZ3eX31omVl","Lamai dusanaya karankota ewa  pau nadda"
"Mahendra Ranwatta","https://www.facebook.com/mahendra.ranwatta","සිවුරට මුවාවෙලා ළමා අපචාර,,ස්ත්‍රී දූෂණ,මසබාල්දුකම් කරද්දි ඔයකියන දෙවියො කොහෙද දන්නෙ නැහැ හිටියෙ"
"Jayath Senapathi","https://www.facebook.com/paul.jayath.9","පල කහකඩයෝ."
"KP Nuwan","https://www.facebook.com/kp.nuwan.2025","තොපි හිතාගෙන ඉන්නේ ඔය අපි ගරු කරන සිවුර ඇඳ ගත්තම තොපිට ඕන දෙයක් කරන්න පුළුවන් කියලද....."
"Praneeth Kuruppu","https://www.facebook.com/people/Praneeth-Kuruppu/pfbid02vheanPyjvDjVpWJw3GKoCZ2epW8jiFhA7omdBFXrjuoPU59XaQz79Dm7zMYRFU1pl","තොට වහ දලා බත් දෙන්ඩ ඔින පගෙක්"
"Madu Blacky's","https://www.facebook.com/sameera.jayawardana.942","පල පල බූරුවා"
"Chaminda Kumara Kumara","https://www.facebook.com/chsminda.kumara.5","බමුනො සිවුරු දාගෙන බුදුන් විකුනන් කනකොට දෙවියො විතරක් නෙමෙයි..යම පල්ලොත් කෝප වෙනව.😂😂😂😂😂😂😂😂සේරම කහකඩ මහන බමුනො.😂😂😂😂😂😂"
"Kumara Senarathne","https://www.facebook.com/people/Kumara-Senarathne/pfbid021bhrvkwi3FusoPPr4pgFGv4AJh6uFLviCqYh59RDiqG3vi4KuSJLJLB3zQCjDNhPl","ගලවන්න ඕන එකාගෙ සිවුර විතරක් නෙවෙයි ## දෙ## ගලවන්න ජනපතිතුමනි"
"Aboo Nisma","https://www.facebook.com/aboo.nisma","නානසාර බඩු ගහනකොට පොලොව කම්පාවුනේ නැතිද ?මොකද එතකොටත් සිවුර ගලවලානේ ඉන්නේ ?🤣😂😃😅"
"Saman Patabadige","https://www.facebook.com/people/Saman-Patabadige/pfbid02GDW9e4x8yJBVqCMEe6HvVCY1CJX3JyEifRvZx3VEoJVYREEifhtEUNLhbXCYbxWfl","සිවුරට මුවා වෙලා දූෂිතයෝ එක්ක මේ රට විනාශ කරන තක්කඩියෝ ටික"
"Dinusha Aththata Gamage","https://www.facebook.com/dinusha.aththatagamage","මුගේ දෙයියෝ කම්පා වෙලා තමයි ඉන්නේ දැන් දෙන්නෙක් හිරේ  ඉස්සරහය තවරැලක් ඉන්නවනේ යන්න"
"Land Border","https://www.facebook.com/profile.php?id=61552260246713","සිවුරෙ පහරද්දි ඉබේම පරාජිකා වෙනව පගෝ ..  බුදු පියානන් වහන්සේට අගෞරව කරන පගය."
"Saynum Saynum","https://www.facebook.com/saynum.saynum.1","හැබැයි.ෙතාපිට.පනපිටින්.අපා.ෙය්.යන්න.ෙවනව.එ්කාන්තයි"
"Umesh M Malaka Aberathna","https://www.facebook.com/people/Umesh-M-Malaka-Aberathna/61584425291974","පොළොව කම්පා වෙනව තොපි වගේ දුශ්ශීල හැත්තක් ශාසනේ ඉඳගෙන බුදුදහම විනාස කරනවාට,, ඕක ගලවලා පලයල්ලා කාලකණ්ණි"
"රොෂාන් රොහිත","https://www.facebook.com/people/%E0%B6%BB%E0%B7%9C%E0%B7%82%E0%B7%8F%E0%B6%B1%E0%B7%8A-%E0%B6%BB%E0%B7%9C%E0%B7%84%E0%B7%92%E0%B6%AD/pfbid0Xzo2PrHT54NY4QsRSk3QwcZFZj1euNLAFkGePfjrhK8me9HasraXcYrjQCNhZdwtl","පකෙ ගනයො දැන් දෙවියො ගනන් ගන්නෙ නෑ. ....දෙවියො ගනන් ගනවනම් තොපිට ඔහොම උනුවතුරට දාපු කකුලුවො වගෙ නටන්න ඔනි නැනෙ"
"Krishantha Fernando","https://www.facebook.com/people/Krishantha-Fernando/61580357381074","තොගේ අම්මට බල්ලො කෙලලා කියල තමයි මට හිතෙන්නේ 🤣"
"Induruwage Don","","Anura Kumara Dissanayake ජනාධිපති තුමනි දෙන්නනම් එපා මේ වගේ උන්ට සමා...ජනාධිපති ."
"Km Dasun","https://www.facebook.com/people/Km-Dasun/pfbid02F3McmbzmfpbwcL2vCfR3pQwTYy7aeu15FYx7m2NGwFHdg5S4xNK5E2ZXZ7z9g9VFl","Sripade gantarei sadkada pahanai isswalu ethskota kuruth kampa une nathilu"
"Gamini Ranasinghe","https://www.facebook.com/gamini.ranasinghe.100","Thiththe pattagemak denawa sanga pathale leader wenna"
"Lalith Priyadarshana","https://www.facebook.com/lalith.priyadarshana2","පල්ලෙගමයා සිවුර ගලෝල අර පොඩි දරුවට හැනමෙද්දි .. දේව කන් පා වුනේ නෑ කියන්නෙ උන්ගෙ දෙයිකම දෙන්න කියහල්ල ලමයෙක්ට"
"Hishan Siriwardana","https://www.facebook.com/hishan.siriwardana","කැරි ගොතයා. දානේ දෙන්නත් මිනිස්සු ඉන්නවනේ තොට"
"Dil Dil Dil","https://www.facebook.com/dilrukshi.wikramasoriya","[Image Attachment]"
"Kosala Karunarathne","https://www.facebook.com/people/Kosala-Karunarathne/pfbid0bqh88jLZiM3pBF9gbvKPg8fExsSGHWF7HYUTP1urP35hb6DRH3Cfdv2YDKmTvemkl","තොපි  සිවුරු ඇද ගෙනද ඉන්නෙ 🦮"
"Marasinghe Chaminda","https://www.facebook.com/marasinghe.chaminda","[Image Attachment]"
"Marasinghe Chaminda","https://www.facebook.com/marasinghe.chaminda","[Image Attachment]"
"Marasinghe Chaminda","https://www.facebook.com/marasinghe.chaminda","[Image Attachment]"
"Marasinghe Chaminda","https://www.facebook.com/marasinghe.chaminda","[Image Attachment]"
"Marasinghe Chaminda","https://www.facebook.com/marasinghe.chaminda","[Image Attachment]"
"Marasinghe Chaminda","https://www.facebook.com/marasinghe.chaminda","[Image Attachment]"
"Marasinghe Chaminda","https://www.facebook.com/marasinghe.chaminda","[Image Attachment]"
"Marasinghe Chaminda","https://www.facebook.com/marasinghe.chaminda","[Image Attachment]"
"Marasinghe Chaminda","https://www.facebook.com/marasinghe.chaminda","[Image Attachment]"
"Marasinghe Chaminda","https://www.facebook.com/marasinghe.chaminda","[Image Attachment]"
"Marasinghe Chaminda","https://www.facebook.com/marasinghe.chaminda","yako..mea.Apita paw denna Apa oya sierra inna berinam oka galawala gedara palayan gothayo...."
"Wije Rathnayaka","https://www.facebook.com/wije.rathnayaka.9","Me kalla mekage siura galawala"
"Fåţhïmă Fķ","","[Image Attachment]"
"Fåţhïmă Fķ","","එල්ලිනෝ කියලා කලින් කිව්වෙ ඒකද එතකොට"
"Dharmasiri Sananayaka","https://www.facebook.com/dharmasiri.sananayaka","සිවුරු දාගන අසරණ පොඩි ගැහැනු දරුවන් ගෙ රෙදි ගලවලා බලහත්කාරයෙන් දූ කරද්දී  කොහෙත්ම කම්පා වෙන්නෙ නැතිද???  සිවුරු  දාගන මත්ද්‍රව්‍ය බාවිතා කරද්දී ගැහැනු සමග නිදි වදිද්දී කොහෙවත් කම්මා වෙන්නෙ නැතුද බුදුන් වහසේ දේශනා කරලා තියෙනවා උතුම් බුද්ධ ශාසනයෙන් පිරිහීම බුද්ධ ශාසනයෙන්මයි කියලා ඔය කෑ ගහන හාමුදුරුවන්ගෙ පැටිකිරිය ටික ටික සාමාජයෙ යනවා සිවුරට මුවාවෙන් දූෂිත වැඩ කරපු හාමුදුරුවෝ බියවි දගලන්නෙ"
"Dilani Jayathilaka","https://www.facebook.com/dilani.dilu.573284","[Image Attachment]"
"Dilani Jayathilaka","https://www.facebook.com/dilani.dilu.573284","[Image Attachment]"
"Thilak Suraweera","https://www.facebook.com/thilak.suraweera.317119","බඩු  කපර්ලා. සිව්රු  දාගෙන බුද්දාගම  කනවා 😡"
"Danuska Disanayaka","https://www.facebook.com/danuska.disanayaka.12","Ethakota hamuduruwane galawala dala genu ekka yanakota ohoma wennedda 🤣🤣🤣🤣🤣🤣😋😋😋😋"
"Rohana Yaggaha Hewage","https://www.facebook.com/rohana.yaggahahewage","[Image Attachment]"
"Kanthi Witharana","https://www.facebook.com/kanthi.witharana.5","[Image Attachment]"
"Srimal Indika","https://www.facebook.com/srimal.indika.792","තවත් පිස්සෙක්"
"Premasiri Randeniya","https://www.facebook.com/premasiri.randeniya","අම්මගෙ රෙද්ද කොහේ ඉන්න දෙවියෙක්ද"
"Rupasinghe Dissanayake","https://www.facebook.com/rupasinghe.dissanayake.5","[Image Attachment]"
"Sandun Sankalpa Wickramasingha","https://www.facebook.com/sandun.sankalpawickramasingha","උබලා වගේ වුන් දෙවියොඉ ගනන් ගන්නේ නෑ wtthoo  😂"
"Samadhi Dias","","[Image Attachment]"
"Samadhi Dias","","[Image Attachment]"
"Samadhi Dias","","[Image Attachment]"
"Kumudu Ranasinha","https://www.facebook.com/kumudu.ranasinha.33","ප්‍රන්සේ ගෑණි ඉන්න දිහා ගියාමත් සිවුර දාගෙනද ඉන්නේ ?"
"Janaka Suwaris","https://www.facebook.com/janaka.suwaris.2025","හරිනමි අම්‍රඩ අන්දවන්න ඔනෙ පතාල චිවර දාරියන්ට 🙌මෙ චිවර දාරියෝ තාම ඉන්නේ ගල් ය්‍රගයේ එකයි දෙවියන් සරන යන්නේ රටක් දිය්‍රන්‍ර වෙන්නේ ආගම නිසා නෙවෙයි නිතිය මතයි 😡"
"Sa Jee","","[Image Attachment]"
"WM Dilan Sapumal","https://www.facebook.com/people/WM-Dilan-Sapumal/pfbid02quP5PzuzS9udg7BNXPjXw5H5wy2iaXpHMTZTurbGgkng2BNUdcsvnUsWZ8iSaPSpl","[Image Attachment]"
"Mohamed Mufthi Mufthi","","මෙයා කව්ද කියලා දන්නවද කවරැ හරි කියන්න බලන්න😷🙄"
"Anura Nawalahewa","","[Sticker]"
"Nuwan Rajapakse","https://www.facebook.com/nuwan.rajapakse.98","[Image Attachment]"
"Subhashana Rathnayake","https://www.facebook.com/subhashana.madhuranga","[Image Attachment]"
"ශානි වීරසිංහ","","අර ගෑනු දරුවෙක් ඉස්සරහ සිවුර ගලවද්දි කම්පා උනේ නැද්ද මුකුත්.."
"Gopal Ganesh","https://www.facebook.com/people/Gopal-Ganesh/pfbid029BVdUuG8anyaD5dk6GFpK7VgyXg6uM5MQAVsZei43HyGy96AArqHk6ycYe9kzPj7l","Thopi wage harak"
"Shantha Gamini","https://www.facebook.com/shanthagamini.shanthagamini","මේ ඝනයන්ගේ කුපාඩි වැඩ නිසා ලෝකය කම්පා වෙලා තමයි  බුදුන්ගේ සිවුර ඇගලා ගෙන මේ කරන බලු කුපාඩිකම් දැක්කම මේ රට මේ ගානටවත් ඉතුරු උනා ඇති"
"Nilmini Ferdinando Damayanthi","https://www.facebook.com/nilmini.ferdinando.damayanthi","[Image Attachment]"
"Thisaru N Rajakaruna","https://www.facebook.com/thisaru.nimhan.1","පල්ලේගම හේමරත වෙන්න ඇති කියන්න ඇත්තේ"
"Chandra Magrat Illeperuma Arachchi","https://www.facebook.com/chandramagrat.illeperuma","දරු දැරියො කෙලෙසනකොට උබල කොමා වෙලාද ...බොල මේ මුලු ලෝකෙම කම්පා වෙනව..."
"Sunat Chintaka","https://www.facebook.com/sunat.chintaka.5","තොපි වගේ දුස්සීල හාමුදුරුවන්  චීවරයක් දාගන්න කරනසක්කිලි වැඩ ඒවා හොඳයි ඒවා පව් නෑ"
"Sunat Chintaka","https://www.facebook.com/sunat.chintaka.5","[Image Attachment]"
"Sunat Chintaka","https://www.facebook.com/sunat.chintaka.5","[Image Attachment]"
"සරත් කුමාර","https://www.facebook.com/sarath.knmara","[Image Attachment]"
"අනු මන්චනයක","https://www.facebook.com/anusha.manchanayaka.9","කම්පාවෙන දෙවල් කොච්චරනන් තියෙනවද අපේ හාමුදුරුවනෙ  සිවුරු ගල්වලා හිරලුවොත්  වෙන්නෙ"
"Anura Weerasinghe","https://www.facebook.com/anura.weerasinghe.349925","[Image Attachment]"
"Prasanga Neel","https://www.facebook.com/prasanga.neel.7","[Image Attachment]"
"Prasanga Neel","https://www.facebook.com/prasanga.neel.7","[Image Attachment]"
"Prasad Wijenayake","https://www.facebook.com/people/Prasad-Wijenayake/pfbid022XyxBV3hSNiryBwiUsP4rXTXQsNq6US8LJ2H5sAMgwZUMs65B5sDbvc1TYW5zE13l","අනෙ තට්ටයො ඔය වෙලා තියෙන ප්‍රස්නේ කතා කරපන් .විස්නු බුදු වෙන්න ඉන්නවා පක දන් නැති පයියවල් කතානොකර ඉදහන්"
"T Chaminda Kumara","https://www.facebook.com/t.chaminda.kumara.2025","උඹේ අම්මාගේ අහවල් එක කම්පා වෙනවලු උබ වගේ ගූ කන බල්ලෙකුට උපත දුන්නාට"
"Chandana Ruwan","https://www.facebook.com/chandana.ruwan.680536","සිවුර ගලවලා  කෙල්ලන්ගේ   ඇග උඩ නගිනකොට  ...... කම්පා වෙන්නේ  බොගේ අම්මගේ  අහවල් එකද බන්"
"Shan Galappaththi","https://www.facebook.com/shan.galappaththi","පොලව හෙල්ලුනේ නැති ,ලේ ගම"
"Sudarshan Jayasinghe","https://www.facebook.com/sudarshan.jayasinghe.3","මේ ලඟදි අටමස්ථානෙ දිගටම කම්පා උනා තිත්තෙයට ඇහිල නෑනෙ අම්මපා........!"
"Sooriya Prasad Seneviratne","https://www.facebook.com/sooriyaseneviratne.prasadperera","2018 ඥනසාරගෙ සිවුර ගලවනකොට,  2024 විශ්වබුද්දගේ සිවුර ගලවනකොට, එදා මෙදාතුර දුශ්ශීල සංඝයා 60 කගේ සිවුර ගලවා බන්ධනාගාර ගත කරද්දී  මහපොලව කම්පා උනේ නැද්ද🤭🤭🤭😛😛😛😛😛😛"
"Sumana Devendra","https://www.facebook.com/sumana.devendra","බලාගෙන රැස් විහිදෙනවා"
"Kalana Sadaruwan","https://www.facebook.com/kalana.sadaruwan.883848","[Image Attachment]"
"Sepalika Kumuduni","","රමණයේ යෙදෙන කොට කහ රෙදි ගලවන්න හොඳ යි.....😁"
"Ajith Bandara Megasoiriya","https://www.facebook.com/ajith.bandara.megasoiriya","අපී තමයි මේ අන්ඩුව ගෙනාවේ උබලාට ඔනේ විදිහට වැඩ කරන්න නෙවෙයි යකො තොපි කම්පා වේලා ඉන්නේ හොරුන්ගේන් යැපුණු හින්දානේ"
"MíÝù Ŕù Pathirana","https://www.facebook.com/miyuru.pathirana.9","එතකොට සිවුර උස්සලා බඩු ගහනකොට කොහොමද 🤣🤣👍"
"Mahinda Kith","https://www.facebook.com/mahinda.kith.2025","[Image Attachment]"
"Niroshani Rasika Kumarasingha","","ඒ කද මේ වහින්නෙ 🤣🤣🤮"
"Raminda Herath","https://www.facebook.com/viweka.priyadarshani.31","හරි හරි දෙයිය පල්වෙලා තියෙන්නෙ කාගෙ කාගෙත් දැන් 🤣🤣"
"Saynum Saynum","https://www.facebook.com/saynum.saynum.1","ෙමි.ෙපා.ෙටාඤානසාර.ගියපාර.හි.ෙර්.ඉන්නවිදිය..බලපිය.ගැනු.ෙදන්.ෙනතක්"
"Saynum Saynum","https://www.facebook.com/saynum.saynum.1","පලපිය."
"Nilantha Hatagala Patabendige","https://www.facebook.com/nilantha.hatagala.patabendige","[Image Attachment]"
"Gayan Konara","https://www.facebook.com/profile.php?id=726557929","මුගේ තියෙන්නෙ වෙනම ප්‍රොජෙක්ට් එකක්. ඔය කතාව ඔයිට වඩා ඇදගෙන යන්න බෑ කොච්චර උඩ පැන්නත්"
"Prasad Ranasinghearachchi","https://www.facebook.com/suranjan.prasad.1","සිවුර දාගෙන දැරියක් දූෂණය කරනකොට?"
"Shelton Gamage","https://www.facebook.com/shelton.premarathna","එතකොට ඥානසාරයා සිවුර ගලවලා ඩෙනිමයි ටී ෂර්ට් එකයි ගහද්දිත් කම්පා වුනාද පලයන් කහ කඩේ යන්න"
"Danuwa Danuwa","https://www.facebook.com/anuhas.sihina.58","Saduuuuuuu"
"Nalaka Senarathne","https://www.facebook.com/profile.php?id=100004003204548","සිවුර දාගෙන බලුකං කරනකොට කම්පා වෙන්ඩ කවුරුත් නැද්ද ඝනයෝ"
"Himesh Jayarathne","https://www.facebook.com/himesh.jayarathne.9","මුට පිස්සු ගූ පැගි⁣ලා කාල්ටන් වලට වැඩලාබන දෙසලා එද්දි😂😂"
"Isuru Ranasinghe","https://www.facebook.com/isuru.ranasinghe.752","අනේ....මේ"
"Ravindra Karunarathne","https://www.facebook.com/ravindra.karunarathne","අඩේ තොට භින්නෝන්මාදය, ගිහිං බෙහෙත් ගනිං"
"Lucky Nanayakkara","https://www.facebook.com/lucky.nanayakkara.1","O.M.G hodatama Seiko pakkaliya"
"Indika Samanpiya Samanpiya","https://www.facebook.com/people/Indika-Samanpiya-Samanpiya/pfbid0aBogbZ3LmDrm3QazKFLH4U5w7twwixNG7QqvqYLa9NiPFJj2HMxspT5LLzWAWigyl","මුළු රටම එකතුවෙලා සංඝ පාපතරයන්ට විරුද්ධව අපිට පහරට බහින්න වෙයි වගේනේ"
"Uditha Udi","https://www.facebook.com/uditha.udi.2025","සිවුර ඇදගෙන තොපි කරන්නෙම කම්පාවෙන දේවල්නෙ.සාසනයක් වනසල දාන පව්කාරයො"
"Isuru Madushan","https://www.facebook.com/ishu.madusan","[Image Attachment]"
"Kmg Kumara","https://www.facebook.com/kmg.kumara.733","[Image Attachment]"
"Thushara Ariyasinghe","https://www.facebook.com/thushara.ariyasinghe.12","[Image Attachment]"
"Thushara Ariyasinghe","https://www.facebook.com/thushara.ariyasinghe.12","[Image Attachment]"
"Thushara Ariyasinghe","https://www.facebook.com/thushara.ariyasinghe.12","[Image Attachment]"
"Dumith Yatawara","https://www.facebook.com/people/Dumith-Yatawara/pfbid0uiXs3d9mp9api5ThHdciezTq38V54PEccyddWEsJU3YdDejEHeivq7GDqVWL8nCLl","කම්පා වෙලා තියෙන්නේ ,නඩු 14යි ලෝක හොරෙක්"
"Tharanga Priyadarshana","https://www.facebook.com/tharanga.priyadarshana.908","[Image Attachment]"
"Tharanga Priyadarshana","https://www.facebook.com/tharanga.priyadarshana.908","[Image Attachment]"
"Tharanga Priyadarshana","https://www.facebook.com/tharanga.priyadarshana.908","[Image Attachment]"
"Sadamali Sadamali","https://www.facebook.com/sadamali.sadamali.311309","[Image Attachment]"
"Sadamali Sadamali","https://www.facebook.com/sadamali.sadamali.311309","[Image Attachment]"
"Priyanka Kumudini Rajapakse","https://www.facebook.com/priyanka.rajapakse","නානසාර බි්ලා වාහනේ හප්පන කොට කම්පා උනේ නැද්ද 🤔"
"Lasanka Manjula","https://www.facebook.com/profile.php?id=1229855379","කෝ කම්පා උනේ නෑ නේ 🤣"
"Vidyananda Kumarage","https://www.facebook.com/vidyananda.kumarage","Kuddo"
"Sajith N Hasini","https://www.facebook.com/sajith.priyankara.566148","මෙක බලපන් කැම්‍රි ඝනයා"
"Suresh Thilakaratne","https://www.facebook.com/suresh.thilakaratne","දරුවෙක්ගේ ගවුමක් ගලවනකොට එතකොට මොනවද වෙන්නේ දන්නේ නැහැ…. එදා ඇරිච්ච නැති කටවල් අද ඇරෙන්නේ උඹලා ඔක්කෝම එක නිසාද?"
"Venu Div","https://www.facebook.com/viraj.thiwanka.77","ගිහින් කියාපන් ඔය කම්පා වෙන උන්ට නඩුකාර උන්නාන්සෙ නඩු අහන්න පටන් ගත්ත කියල"
"Asoka Idunil Kithsiri","https://www.facebook.com/asokaidunil.kithsiri","උබ වගේ අපතයෙක්ශාසනසේ  ඉන්න එක තතමා ලෝකසාපය"
"Dinesh Samaraweera","https://www.facebook.com/dinesh.samaraweera.902","අඩෝව් තිත්තයා ධාතු විසිවෙන්න කනට දෙන්නෙ බලපං කැත විතරක්🤮"
"Gunasinha Arachchilage","https://www.facebook.com/gunasinha.arachchilage","[Image Attachment]"
"Roshan Jayaweera","https://www.facebook.com/roshan24madura73","විහිලුවක් වෙන්න එපා හමුදුරැවනේ.මොඩකම ප්‍රදර්ශනය කරන්න එපා.ඔයාම නෙද් කිවිවෙ.රාජ්‍ය නිතියට ධරිම නිතිය යටයි කියලා නාමල් ඉසස්රහ .දැන් බයිලද ගහන්නෙ බදුන් දෙයියො පස්සෙ ගියෙ නැ.දෙයියො බුදුන් ගාවට ආවා මිසක්.පිස්සු කෙලින්න එපා."
"Upul Milan","https://www.facebook.com/upul.milan.2025","[Image Attachment]"
"Prasad Gunarathna","https://www.facebook.com/prasad.gunarathna.5","[Image Attachment]"
"Nadun Pahasara","https://www.facebook.com/nadun.pahasara.351","සිවුර ඇදපු එවුන් පොඩි කෙල්ලොන්ගෙ රෙදි ගලවද්දි කම්පා උනෙ නැද්ද එතකොට 😂"
"S.G. Dayarathna","https://www.facebook.com/s.g.dayarathna.2025","පසුගිය කාලවකවානුවේ දී අටමස්ථානාධිපති හිමිනම බාලවයස්කාර දැරිවියක් පංසලේ ආවාස ගෙයි ඇතුලේ කාමරයක තියාගෙන සිවුරු ගලවාදාලා දූෂණය කරලා තියෙනවා......මාස ගණනාවක්ම.....එතකොට ඒ වෙලාවෙ සිවුර ගලවද්දි දෙවියෝ කම්පා වුනේ නැද්ද......හොර ගෑණු ලග හාමුදුරුවෝ සිවුරු ගලවද්දි දෙවියො කම්පා වෙන්නෙ නැද්ද....🤣🤣"
"Kumudu Darmasena","https://www.facebook.com/kumudu.darmasena","සිවුරු දාගේන  තොපි කරපු අපරාද  නිසා මහපොලව කම්පා වෙලා තියෙන්නේ බොල"
"Raveen Pramode","https://www.facebook.com/raveen.pramode","ඔයෙ 🤣🤦🏻‍♂️"
"තුෂාරි වර්ණසූරිය","https://www.facebook.com/thushari.warnsooriya","[Image Attachment]"
"තුෂාරි වර්ණසූරිය","https://www.facebook.com/thushari.warnsooriya","[Image Attachment]"
"Sameera Pathum","https://www.facebook.com/sameera.pathum.7","යකෝ දෙවියෝ කියලා ජාතියක් ඉන්නවද? බුදුදහමේ එවැනි ඉගැන්වීමක් තියෙනවද?"
"Kapila Vithana","https://www.facebook.com/kapila.vithana.77","[Image Attachment]"
"Chathura Prasanga","https://www.facebook.com/chathura.prasanga.965","නායකයා බුදු රජුන්.  විශ්වාසෙ දෙවියන් අනේ මෙහෙමත් මහනුන් කරති බුදු හිමිට අවමන්"
"Kasun Shanaka","https://www.facebook.com/kasun.shanaka.35","Siwuru dagena karanna tiyena Kari wada okkoma Karanakota mokokda wenne?"
"Chinthaka Niroshan","https://www.facebook.com/profile.php?id=100036922459434","[Image Attachment]"
"Welimada Wimala","https://www.facebook.com/priyankara.rathnayaka.7509","[Image Attachment]"
"Nelum Jayakody","","බුදුන් වදාල ධර්මය අනුව බුද්ධ පුත්‍රයෙකුගේ ක්‍රියාවෙ නෙයෙදී මෙවැනි මුසාබස් දොඩලා ද්වේශය පතුරනකොට නම් දෙවියො කම්පා වෙනවා. මහා පොලව කම්පා වෙනවා මෙහෙම බොරැ කියලා විලාප දීලා වෛරය පතුරනකොට. මෙයා තමයි කට්ටියව රහත් කරන්නෙ කමටහන් දීලා 🤭🤐"
"Dhammika Edussooriya","https://www.facebook.com/studioshehara.music","https://www.facebook.com/share/v/18tqrdMmhq/  දෙයියෝ වැඩල 😂😂"
"Thisal Dissanayake","https://www.facebook.com/thisal.dissanayake","[Image Attachment]"
"Thisal Dissanayake","https://www.facebook.com/thisal.dissanayake","[Image Attachment]"
"Thisal Dissanayake","https://www.facebook.com/thisal.dissanayake","[Image Attachment]"
"Lochana Withana","","දරැවො දූෂණය කරනකොට මහපොලව කම්පා උනේ නැද්ද ගණයො"
"Ranjith Gamini","https://www.facebook.com/53bxk1uj10","තිත්තගල්ලේ නිධන් හොරා නිධන් හාරනකොට පොලොව කම්පා උනේ නැද්ද බොල 😡😡😡"
"Samitha Jayasinghe","https://www.facebook.com/people/Samitha-Jayasinghe/pfbid02vVdr7Lbde1fhifCifeMWAuvZKFHou7MqpEBQGvsUavXZskoRB2Xjb2MvmFF5mNVfl","[Image Attachment]"
"Roshini Dimel","https://www.facebook.com/people/Roshini-Dimel/pfbid06UzppwGMW1rbBfKB3eWsbj4ej7VPHrmJMGRsuKoQrdxUVSVYCLb3qA49dcPVQBzCl","Siwra galola podi ewn dooshanaya karaddi mokakda kampa wenne thiththe"
"Suranga Buddika","https://www.facebook.com/suranga.buddika.31","මේ තවත් අපතයෙක්.....මූටත් නඩු හත අටක්වත් ඇති....මෙච්චර වැලලෙන්නෙ....නොදකින් සිවුර අස්සෙ හැංගුන තක්කඩි ....."
"Dhanushka Surasinghe N Lala","https://www.facebook.com/dhanushka.surasinghe.2025","කන්න නැතුව ගෙවල්වල ඉඳලා හදාගන්න බැරිකමට සිවුරක් දාපු එකෙක් අම්මලා තාත්තලා"
"Kanthi Wimalajeewa","https://www.facebook.com/kanthi.wimalajeewa.18","Ane me hamuduruwaru minissunta mith‍ya drushtika bhawaya uganwanawa ithin me wage ayane me palanaya karagena yanna hadanne mulu lankawama mewa nam ithin deviyoth balala t honda dewal siddha karawi deviyo bala vi sin honda minissunta"
"Sunethra Idamegama","https://www.facebook.com/sunethra.idamegama.9","දරුවෝ දූෂණය කරද්දී පොළව නෙවෙයි මිනිස්සු කෝටි ගානක් සාප කරනවා.සිවුර නෙවෙයි වැදගත් මනුස්යා වැදගත් ."
"Sudantha Rathnayake","https://www.facebook.com/sudantha.rathnayake.73","[Image Attachment]"
"Sriyananda Ranjith","https://www.facebook.com/sriyananda.ranjith.33","සුරංගනා කථා සහ ගල් තිත්තයා"
"Nuwan Silva","https://www.facebook.com/nuwan.silva.106","Loka dhathu kampa wela thiyenne thopi wage dhathu sunaka pinguththarayo mahana wepa me dharmaya sasanaya winasha karanawa kalakanni haththa"
"Duleeka Pathirana","https://www.facebook.com/duleeka.pathirana.197067","පල්ලෙගමයා අර පුංචි දරුවව අපයෝජනය කරද්දි මුන්දැ කොහෙද දන්නෑ හිටියෙ..ඔය කියන දෙයියො එතකොට කෝප උනේ නැද්ද?"
"Jaya Sooriya","https://www.facebook.com/jaya.sooriya.585","වහාල්භාවෙ නිගන්ටච්වරයා"
"Jaya Sooriya","https://www.facebook.com/jaya.sooriya.585","ගොන් ආතල් පප්පා"
"Jaya Sooriya","https://www.facebook.com/jaya.sooriya.585","අනෙ උගෙ"
"Dusitha Sampath","https://www.facebook.com/dusitha.sampath","😂😂😂😂විහිලුවක් වෙන්න එපා තොපි  සිවුර ඇදගෙන කරපු වැර්දි වලට ක්‍රියාත්මක උනනම් අද ඔහොම වෙන්නෙ නෑ දැන් නිකම් සල්ලි වලට විකිනෙනවා"
"සුසිල් කුමාර","","හයක් කතරක් නොදැන  දරුවෙක් දූෂණය කරනකොට පොළොව පලාගෙන ගිනිකඳු මතුවෙනවා....පොළොව කම්පා වෙනවා"
"Manthi Kurera","https://www.facebook.com/manthi.kurera","[Image Attachment]"
"Prageeth Hettipola","https://www.facebook.com/prageeth.hettipola","උඹත් ලෝක හොරෙක්ලු නේද.. නිදන් වලට එහෙම වැඩේ දුන්න....."
"Geeth Wimuktha","https://www.facebook.com/geeth.wimuktha","තොපි සිව්රු අදින එකටයි මහපොළව කම්පා වෙන්නෙ 😡"
"Nuwan Senanayaka","https://www.facebook.com/people/Nuwan-Senanayaka/61570677631190","බුද්ධාගමට ප්‍රමුඛස්ථානය කොහොමත් ලැබෙනවා  නමුත් මෙතන වැරැද්ද තියෙන්නේ බුද්ධාගමට මුවා වෙලා වැරදි වැඩ කරන එකනේ එතනදි බුද්ධාගමේ හිටියා කියලා වැරදි කරපුවහම නිවැරදිකරුවෙක් වෙන්නේ නෑනේ"
"Sanjeewa Bandara Abekoon","https://www.facebook.com/profile.php?id=100022914942160","උබල ඩෝප් පාර දානකොට,බඩු පාර ගහනකොට කම්පා වෙන් නැද්ද කහකඩයෝ"
"Nuwan Senanayaka","https://www.facebook.com/people/Nuwan-Senanayaka/61570677631190","මහා සෙනඟක් එන්න කියලා ලංකාවටම ආරාධනා කළා පනහක්වත් නෑ"
"Jayalath Alahakoon","https://www.facebook.com/jayalath.alahakoon.2025","සිවුරු පොරවගෙන කරන වැරදි නිසා තමයි පොලව විතරක් නෙමෙ අහසත් කම්පාවෙලා තියෙන්නෙ"
"Lanka Lanka","https://www.facebook.com/people/Lanka-Lanka/61577930623186","[Image Attachment]"
"Lanka Lanka","https://www.facebook.com/people/Lanka-Lanka/61577930623186","[Image Attachment]"
"Lanka Lanka","https://www.facebook.com/people/Lanka-Lanka/61577930623186","[Image Attachment]"
"Lanka Lanka","https://www.facebook.com/people/Lanka-Lanka/61577930623186","[Image Attachment]"
"Lanka Lanka","https://www.facebook.com/people/Lanka-Lanka/61577930623186","[Image Attachment]"
"Lanka Lanka","https://www.facebook.com/people/Lanka-Lanka/61577930623186","[Image Attachment]"
"Lanka Lanka","https://www.facebook.com/people/Lanka-Lanka/61577930623186","[Image Attachment]"
"Nuwan Senanayaka","https://www.facebook.com/people/Nuwan-Senanayaka/61570677631190","දැන් මේ අය කලින් කිව්වා මෙලොව පරලොවක් නෑ කියල එහෙනම් කොහොමද දෙවිවරු ඉන්නේ?"
"Hk Image Image","https://www.facebook.com/people/Hk-Image-Image/pfbid0eRrc4ATaP8BGxjpRkzaWLFunUHhZN6yE4aBN6sjD7innXnCRHVnz8Y6amRBqaKgNl","සිවුර දාගෙන පාරජිකා වෙනකොට ලෝකදාතුවේම බුදුවරු කම්පා වෙනව තිත්තෙ.. ඔයා මේ පවුපුරවන්නෙත් අපිටමයි. ඔයා නිසත් දෙවිවරු කම්පා වෙනව"
"Sujith Priyalal","https://www.facebook.com/sujith.priyalal.54","මුන්ට අපි  වැද වැද   දේන්නේ  අපි පව්"
"Priyantha Munasingha","https://www.facebook.com/priyantha.munasingha.375384","සත්ත්‍යි පෙන්නලා තමයි ඔය දඩුවම් ලැබෙන්නේ මෙක බුදුරජාණන් වහන්සේ පාද ඉස්පර්ස කරපු රටක් සිවුරු පොරවාගෙන බුදු දහමට නිගා කරමින් සැසනයට ඔබින නැති වැඩ කරමින් යන ගන ගෙඩියන් දිහා දේවියන් අනිවාරයෙන් බලනවා දඩුවම් දේනවා"
"Chathuraga RC","https://www.facebook.com/chathuraga.rc","අම්ම්මාගේ හුට්ට්ට කම්පා වෙයි🤣🤣🤣 ප්ලයන් පගෝ යන්න...    උතුම් මල්කඩ ශ්‍රී මහාබෝදිය බාර ඝනයා පොඩි දරුවෙක් ඇදට ගද්දි ඔය කියන දෙවියෝ උබත් එක්ක අත් සෙල්ලමෙද උන්නේ,,  බුදුන් වහන්සේගේ ධරමය විනාශ නොකර පලයන් හුට්ට්ටෝ"
"Dinesh J Fernando","","ලමයි දුෂනය කරන කොට සිවුර දාගෙන එතකොට මුකුත් නැත්ත  කාලක්නි"
"Pawan Pawan","https://www.facebook.com/people/Pawan-Pawan/pfbid0Z5veMNP2nfwn42r4pYTcgSJTGgnVA3cruADQV8xWQx3Le1ReuwB7o8rALAPPUZ5l","[Image Attachment]"
"Pawan Pawan","https://www.facebook.com/people/Pawan-Pawan/pfbid0Z5veMNP2nfwn42r4pYTcgSJTGgnVA3cruADQV8xWQx3Le1ReuwB7o8rALAPPUZ5l","මෙහෙම ගැලෙව්වට කමක් නැද්ද සාදු"
"Nirosha Gunawardena","https://www.facebook.com/nirosha.gunawardena.58","අර අටමස්ථානකාරයා සිවුර ගලවද්දි මහපොලව කම්පා උනේ නැද්ද දන්නෑ"
"Padmal Alwis","https://www.facebook.com/padmal.alwis.2025","Nirosha Gunawardena අනිවාර්යයෙන් මුන් ඔක්කොම කල දුටු කල වල ඉහගෙන කන ගොබ්බයො මංගල සමරවීර එදා කියපුව හරියට හරි"
"Meheni Nanda","https://www.facebook.com/meheni.nanda","[Image Attachment]"
"Lowe Berty","https://www.facebook.com/berty.lowewarnakulsuriya","සිවුර ඇගෙන ධර්මයට විරුද්ධ වල් වැඩ නොකර උන්නා නම් ඉවරයි නේ  වෙනත් ආගම් වල  පූජකයින් අතර ඔය ප්‍රශ්ණෙ නැහැ නේ ඉදලා හිටලා එකක් දෙකත් උනොත් මිසක් නේද"
"Anura Abeysingha","https://www.facebook.com/anura.abeysingha.3","[Image Attachment]"
"Pansilu Suraj","https://www.facebook.com/pansilu.suraj.5","මුං ටැක්ද බං යකෝ තොපි සිවුර කනවා ඒවාට පඩිසන් දෙයි තොපිට"
"Dilhani MU","https://www.facebook.com/dilhani.mu","අටමස්ථානාධිපති මතක් වෙන්නෙ නැතිද??"
"Lal Ukwatha","https://www.facebook.com/people/Lal-Ukwatha/pfbid02m5hE2y3At1LJxb5a5BsQACDxYQtPmNtiBGy7wQfy7jWwsdSLmyxDbHmxtonjUdMWl","සිවුර ගලවලා පොඩි එවුන් දූෂණය කරනකොට මොනවාද දන්නැහැ කම්පාවෙන්නෙ"
"Pathinayake Gunarathna","https://www.facebook.com/pathinayake.gunarathna","දැන් මේ සිවුරුකාරයින්..ගුටි කන්න තත්වෙට පත්වෙලා තියෙන්නේ උඹල    .කරන වැඩවලට..."
"Pathinayake Gunarathna","https://www.facebook.com/pathinayake.gunarathna","[Image Attachment]"
"Sanka Gamage","https://www.facebook.com/people/Sanka-Gamage/61579476824910","යකෝ බුදු ධහමට හොදක් මේ උනේ කම්පාවෙන්නෙ නෑ"
"Dimuthu Lakshitha","https://www.facebook.com/dimuthu456","සිවුර දාගෙන කරන බලු වැඩ වලට තොපිට වැහි නැති හෙන ගහන්න ඔන එහෙනම් 😡😡😡"
"Ajith Susantha","https://www.facebook.com/people/Ajith-Susantha/pfbid02e9un8b1RFMnC2u16BjvorPkLwDGtJnwKRkk1m7aFtYWQVnLFMhgiQXzJpYHMnezVl","අනේ පලයන්  සාදු  යන්න"
"Dm Rohan Dasanayaka","https://www.facebook.com/dmrohan.dasanayaka","ඒ සිවුර ගලවපු එකාගේ කටින් පිට වෙච්ච වචන ගැන ීම් උඹට කියන්න දෙයක් නැද්ද උඹේ කන් ඇහෙන්නේ නැද්ද. සිල්වත් හාමුදුරුවරුන්ට තියෙන ගරුත්වය නැති කරන්න එපා බල්ලෝ දේශපාලුවන්ගේ ඇට මිරි කළා. තොපිට බුද්ධාගම වටින්නේ නැති උනාට අපිට වටිනවා අපි බෞද්ධ. සිල්වත් හාමුදුරුවරුන්ට අපි ගරු කරනවා"
"Saman Algewaththa","https://www.facebook.com/saman.algewaththa.2025","[Image Attachment]"
"Tiny World Studio","https://www.facebook.com/people/Tiny-World-Studio/61593298184005","කෙනෙකුට වෛර කිරීම හෝ ක්‍රෝධයෙන් බැන වැදීම කියන්නේ අනුන්ට ගහන්න රත්වූ ගිනි අඟුරක් අතට ගන්නවා වගේ වැඩක් ඒකෙන් අනුන් පිච්චෙන්න කලින් මුලින්ම පිච්චෙන්නේ තමන්ගෙම අතයි"
"Bmsd Basnayaka Basnayake","https://www.facebook.com/people/Bmsd-Basnayaka-Basnayake/pfbid02oNiGHpJfddLNrwMzJGxsdTQSfjr5nyNerywFFZJ32UcXTVFCW3DSthamsmMpjyejl","සිවුර ඇඳගන භික්ෂුවකට සුදුසු ලෙස වැඩ කරපන් සිවුරක් ඇඳ ගත්තා කියලා ඔක්කොම සිල්වත් වෙන්නේ නෑ.."
"Nishantha Karunasinhe","https://www.facebook.com/nishantha.karunasinhe.58","අනුරාදපුරේ දරුවා දුෂනය වෙනකට උබලා කොහෙද හිටියේ"
"Chameera Darshana","https://www.facebook.com/chameera.darshana.94","මේ පිස්සව අන්ගොඩ යවන්න කවුරුහරි  පින් සිද්දවෙයි 🙏🙏🙏"
"Mahesh Sampath","https://www.facebook.com/mahesh.sampath.827208","🦬🦬🦬🦬🦬"
"Pradeep Indunil","https://www.facebook.com/pradeep.indunil.687458","අපි හිතුවේ උඹත් හාමුදුරු කෙනෙක් කියලා බලාගෙන යනකොට තෝත් ගූ කන සක්කිලියෙක්නේ. එතකොට අර ළමයි දුෂණය කරනකොට කට වහගෙන ඉන්න පුළුවන්. මේ කුපාඩියෙක්ගේ සිවුර ගැලෙව්වට passe tama thota reune"
"Shantha Shantha","https://www.facebook.com/shantha.shantha.474631","[Image Attachment]"
"Shantha Shantha","https://www.facebook.com/shantha.shantha.474631","[Image Attachment]"
"SL Page","https://www.facebook.com/slpage.new","ඊළඟ අප්‍රේල් වෙනකං එල්නිනෝ බං. අයේ දෙයියන්ගේ පkaක් කම්පා වෙන්නද තට්ටයෝ😂"
"Shantha Shantha","https://www.facebook.com/shantha.shantha.474631","[Image Attachment]"
"Shantha Shantha","https://www.facebook.com/shantha.shantha.474631","[Image Attachment]"
"Shantha Shantha","https://www.facebook.com/shantha.shantha.474631","[Image Attachment]"
"Tiny World Studio","https://www.facebook.com/people/Tiny-World-Studio/61593298184005","නහි වේරේන වේරානි – සම්මන්තීධ කුදාචනං"
"Padmi Asiri","","[Image Attachment]"
"Rupasinghe Gamini","https://www.facebook.com/rupasinghe.gamini.5","මේවගෙ දුශ්ෂීල හොර චීවරදාරීන්  නිසා දෙවිවරු කම්පාවෙල ඉන්නෙ. මුන් ටික හැඳිගෑවිලා  මක බෑවිල යනව ඉදිරියෙදී බලාගන්න  පුලුවන් ."
"Tiny World Studio","https://www.facebook.com/people/Tiny-World-Studio/61593298184005","වෛරය සංසිඳෙන්නේ අවෛරයෙන්ම (මෛත්‍රියෙන්ම)"
"Chathuranga Perera","https://www.facebook.com/malaka.perera.98","හතර කෙන්දරය පාලු වුනාම ගෙදරට මුසල උන් මහණ කරනවා උන් අන්තිමට රටටත් විෂබීජයක් මු එවගේ එකෙක්.."
"Hhg Rupasinghe","https://www.facebook.com/people/Hhg-Rupasinghe/61591176856605","[Image Attachment]"
"Hhg Rupasinghe","https://www.facebook.com/people/Hhg-Rupasinghe/61591176856605","[Image Attachment]"
"Mayadunna  Maya","https://www.facebook.com/indika.mayadunna","මෙව හොදද"
"Vasanthalal Vasanthalal","https://www.facebook.com/vasantha.ranasinghe.372930","මචං තිත්තේ, සිවුරක් දාගෙන ගලක් කපනකොට, බඩුවක් ගහනකොට මොන දාතුවද කම්පාවෙන්නේ, දන්නැති නිසා ඇසුවේ...🤔🤔🤔🤔🤔🤔🤔🤔"
"Rv Wishva Deepal","https://www.facebook.com/wishva.deepal","ඇටේ තමා තොපි වගේ දුස්සිල හම්පඩයෝ සිවුර ගැලෙව්වා කියලා කොහේද යකො කම්පාවෙලා තියෙන්නෙ"
"Shanuka Fernando","https://www.facebook.com/people/Shanuka-Fernando/pfbid04aawNob75d8bPArdExTurAje71tP7QjBFynfs37uB15PVMtD1BQ18Cm72WUXeKXUl","මෙල්බර්න් පලයන් මු වෙනුවෙන් 😂😂"
"Shanuka Fernando","https://www.facebook.com/people/Shanuka-Fernando/pfbid04aawNob75d8bPArdExTurAje71tP7QjBFynfs37uB15PVMtD1BQ18Cm72WUXeKXUl","[Image Attachment]"
"Shanuka Fernando","https://www.facebook.com/people/Shanuka-Fernando/pfbid04aawNob75d8bPArdExTurAje71tP7QjBFynfs37uB15PVMtD1BQ18Cm72WUXeKXUl","[Image Attachment]"
"Shanuka Fernando","https://www.facebook.com/people/Shanuka-Fernando/pfbid04aawNob75d8bPArdExTurAje71tP7QjBFynfs37uB15PVMtD1BQ18Cm72WUXeKXUl","සම්මා ආතල්"
"Tiny World Studio","https://www.facebook.com/people/Tiny-World-Studio/61593298184005","කෙනෙක් වරදක් කර ඇත්"
"Hasintha Kasun","https://www.facebook.com/hasintha.kasun","[Image Attachment]"
"Roshan Mahawaththa","https://www.facebook.com/roshan.mahawaththa","මූට නඩු 13 ක් තිබ්බා  නිධන් කේස් එකක් එක්ක"
"Jayasiri Thilak","https://www.facebook.com/jayasiri.thilak.3","ගැනු දෙන්නේක් තියාගෙන පන්සලේ කාමරයක සිවුර ගලවලා හිටිය සාදු දැං කොහෙද ඉන්නේ"
"Dinusha Chathuranga Bandara","","සිවුර ගලවන් නැතුවද එතකොට අර පොඩි කෙල්ලව දූශනය කරේ??.🤣🤣"
"Priyanka Perera","https://www.facebook.com/profile.php?id=100083493679673","උබද බුදු හාමුදුරුවො දුවපිය පන්සලට"
"Gamini Wickramasinghe","https://www.facebook.com/gamini.wickramasinghe.779556","සාසනය ආරක්ෂිතයි...ඇත්තම හේතුව 👇✍️"
"Maduranga Wijesundara","https://www.facebook.com/maduranga.wijesundara.73","මේ වෙලාවේ මොකුත් උනාද කියන්නකෝ"
"Amila Ranasingha","https://www.facebook.com/Amila.umayangana.herath.1","තිත්තය දැන් සුපිරි ජෝකරයෙක් වෙලා. ඥානසාර වාගෙ සුපර්ස්ටා කෙනෙක් වෙන්න හදන්නෙ. ඒත් ඉස්සර කරපු සෙල්ලම් දැන් හරි යන්නෙ නෑ."
"Gihan Kankanamge","https://www.facebook.com/gihan.kankanmge","[Image Attachment]"
"Gihan Kankanamge","https://www.facebook.com/gihan.kankanmge","[Image Attachment]"
"Gihan Kankanamge","https://www.facebook.com/gihan.kankanmge","[Image Attachment]"
"Gihan Kankanamge","https://www.facebook.com/gihan.kankanmge","[Image Attachment]"
"Gihan Kankanamge","https://www.facebook.com/gihan.kankanmge","[Image Attachment]"
"Sajith Priyankara Isanayaka","https://www.facebook.com/sajithpriyankara.isanayaka","යකෝ පිස්සු කතා කියලා මිනිස්සු හිනස්වන්න එපා."
"Micro Welipenna","https://www.facebook.com/micro.welipenna","Ane yako uba wage mi harakek...issarahadi...allino ekak anna thiyanawa..eka ubage nana nisada ....githayo...."
"Meheni Nanda","https://www.facebook.com/meheni.nanda","[Image Attachment]"
"Gihan Kankanamge","https://www.facebook.com/gihan.kankanmge","හානා සාර හිරේ ගිය සතුටට මූ හිල්ටන් එකේ පාටි දානවා,විස්කි ගහනවා,බන්ගොඩු පතුරු ගහනවා ,දැන් මූ කරන්නේ වෙනම ගේමක් ,අත්සන මුවාවෙන් පිං කැටේ උස්සගෙන රට වටේ යනවා,අන්තිම තිත්තයා කෝටි ගානක් හොයා ගන්නවා, හානසාරා හිරේ ලගිනවා,🤣🤣🤣🤣🤣🤣"
"Gihan Kankanamge","https://www.facebook.com/gihan.kankanmge","[Image Attachment]"
"Gamini Ranasinghe","https://www.facebook.com/gamini.ranasinghe.100","Umbala api Kauruth Dannawa elnino enawa kiyala mu ekath harawaganna yanne dewa sapa kiyala"
"Sampath Wijethunga","https://www.facebook.com/sampathudayakumara.wijethunga","[Image Attachment]"
"Niroshan Maduranga","https://www.facebook.com/niroshm88","😅😅😅"
"Herath Ekanayaka","https://www.facebook.com/herath.ekanayaka.967","[Image Attachment]"
"Abesinghe Mudiyanselage Sanath Madusanka","https://www.facebook.com/sandunprasad.rajapakshamudiyanselage","සක්කිලියා 🖕🖕"
"Senaka Jayakody","","Ubala wage siwuru hour gana kampa wenne mokada ban"
"Chirath Priyadarshana","https://www.facebook.com/chirath.priyadarshana.9","පොඩි උන් අපයොජනය කරේ සිවුර උස්සලාද"
"Sunil Dissanayake","https://www.facebook.com/sunil.dissanayake.908","සිවුරු දාගගෙන තොපි ඔය කරන වැඩ වලට මොනව වෙයිද"
"Sureka Neel Wijerathne","https://www.facebook.com/sureka.neel","සිවුර දරාගෙන බලු වැඩ කරනකොට ??"
"Shayamalee Wasantha Subasinha","https://www.facebook.com/shayamaleewasantha.subasinha","සිවුර පොරවන් පොඩි උන්නාස්තිකරනකොට කොහොමද ඒක"
"Dilusha Priyadarsna","https://www.facebook.com/dilusha.priyadarsna","[Image Attachment]"
"Dinesh Warnakulasuriya","https://www.facebook.com/warnakulasuriya.dinesh","එසේ නම්, බණ්ඩාරනායක ඝාතකයා සහ අදටත් සිරගතව සිටින අනෙක් අය — එනම් 63 දෙනෙකු පමණ වන පිරිස — පැළඳ සිටි සිවුරු ගලවා දැමුවේ ලන්දේසීන් විසින්ද?"
"Theekshana Dissanayake","https://www.facebook.com/theekshana.dissanayaka.7","පොඩි කෙල්ලෙක් ගේ රෙදි ගලවනකොට මොකුත් වෙන්නැද්ද හුම්ථෝ ?"
"Shevon Daniel","https://www.facebook.com/people/Shevon-Daniel/pfbid0bkLkNoMcDo1MY8Kyrayf5yqmzXHRATEusvydVnaqS29hPV3JN5JDc9ykvf2tmHjWl","Bhikku kathiyana මොකෝ මචන් අත වහන්..🤔"
"Dilusha Priyadarsna","https://www.facebook.com/dilusha.priyadarsna","[Image Attachment]"
"Dilusha Priyadarsna","https://www.facebook.com/dilusha.priyadarsna","[Image Attachment]"
"Dhammika Edussooriya","https://www.facebook.com/studioshehara.music","https://www.facebook.com/reel/2138542180110163/?mibextid=Nif5oz ඇස් ඇරලා බලපල්ලා.ලංකාවත් ඉන්නවා."
"Lasantha Rajapakse","https://www.facebook.com/lasantha.rajapakse.96","සතවර්ශ ගනනාවක් තිස්සෙ මිනිස්සු ඉල්ලුවද සිව්‍ රෙ ඉදන් ලමයි හදන්න කියල."
"Anuhas Karunaratna","https://www.facebook.com/theruni.karunaratna","Mehema gala wa na kota khmda .😅😂"
"Dhammika Edussooriya","https://www.facebook.com/studioshehara.music","සාදු කාර දීලා දාගත්තු සිවුර රැක ගන්න දැනගන්න ඕන. මේ දහම විනාශ කරන්නෙම සිවුර දාගත්තු අයමයි. දේශපාලනය ගෑවුණු තැන සාසනයත් දහමත් දෙකම ඉවරයි."
"Chandrika Abekoon","https://www.facebook.com/rashmika.abekoon","දෙයියෝ කම්පා වෙන්නෙ පන්සල් ඇතුලේ අහිoසක  දරුවෝ දුශනය කරද්දි."
"Somadasa Edirippulige","https://www.facebook.com/people/Somadasa-Edirippulige/61583581213819","මැරයෙකුගෙන් සිව්රක් ගලවනවිට මහපොලව පිනා ගොස් දෙවියෝ සිටිනම් එයාලත් සතුටු වේවි."
"Upul Prasad","https://www.facebook.com/upul.prasad.927","පලයන්ඩෝ   යන්ඩ  සිවුරට මුවා වෙලා  බඩුගහන.. එක  හොඳයිද"
"Suman Thilak","https://www.facebook.com/suman.thilak.2025","https://youtu.be/rT8w2jLBBIQ?si=jFNIlcn0x9By5Bpd"
"Pushpa Kumara","https://www.facebook.com/pushpa.kumara.55256","[Image Attachment]"
"Pushpa Kumara","https://www.facebook.com/pushpa.kumara.55256","[Image Attachment]"
"Rmsi K Rathnayaka","https://www.facebook.com/rmsi.k.rathnayaka","පලයව් යන්න....මහනවෙයව් ගිහින්....රට ගිනි තියපු සක්කිලියෙක් වෙනුවෙන් උඩ පනින්නෙ..අර ආවසෙට ගෙනත් රමණය කරපු කෙල්ලට සාධාරණයක් කරපියව්කො ඔයවිදියට"
"Wikumseha Bandara","https://www.facebook.com/wikumseha.bandara","අපොයි සිවුර ගලවලා නැති බඩු"
"Lasantha Rajapakse","https://www.facebook.com/lasantha.rajapakse.96","[Image Attachment]"
"Ajith Kumara","https://www.facebook.com/ajith.kumara.664208","Kalakanni ganaya"
"Jagath Priyadarshana","https://www.facebook.com/jagath.priyadarshana.543","අපේ හාමුදුරුවනේ"" එතකොට ගැහැණු කාමරේට දාගෙන සිවුර ගලවද්දි කවුරැත් කමිිපා උනේ නැද්ද?"
"Rainii Raini","https://www.facebook.com/raini.bandaara","[Image Attachment]"
"Amila Pathum","https://www.facebook.com/amila.pathum.5492","ඔක්කොම කම්පා වෙලා උබල සිවුර පොරවන් කරන ජරා වැඩ වලට"
"කපිල රුවන් ජයතිලක","https://www.facebook.com/kapila.ruwanjayathilake","[Image Attachment]"
"Chathuranga Nayanadith","https://www.facebook.com/chathuranga.kumara.127201","උබලට සිවුරු දාපු එකට දැන් දාපු උන් කම්පාවෙලා ඇත්තෙ.."
"Ranjana Prabasara","","Black monek(y) 😂"
"Sumifh Warnakuiasoora","https://www.facebook.com/people/Sumifh-Warnakuiasoora/pfbid0FYBuJL9SC9dvpDcYE3Y8dtFT6yrRmcNoskzpkM6bbYutegZFQSS2GDjkAfUZaEnSl","මෙක දාගෙන ගැනුපාවිවිචි කරනකොට මොන රෙද්දත් නැ තායි එව පස්සෙ යනකොට මෙව නැ රට ගිහින් කරන එවට මොකුත් නැ අනෙ පලයවි තොපි මෙ වටිනා සාසනය වික්කා ඇවරයි දැවරයි වලට තව පක කියනව මුන්වත් ඇට තලලා ඇතුලට දාන්න සාසනය ⁣ඉතුරැටික බෙරගමු"
"නාමලි ගාල්ලගේ","https://www.facebook.com/namali.gallage","[Image Attachment]"
"නාමලි ගාල්ලගේ","https://www.facebook.com/namali.gallage","[Image Attachment]"
"නාමලි ගාල්ලගේ","https://www.facebook.com/namali.gallage","[Image Attachment]"
"නාමලි ගාල්ලගේ","https://www.facebook.com/namali.gallage","[Image Attachment]"
"නාමලි ගාල්ලගේ","https://www.facebook.com/namali.gallage","[Image Attachment]"
"නාමලි ගාල්ලගේ","https://www.facebook.com/namali.gallage","ඔන්න ඉස්සර කියපුව"
"නාමලි ගාල්ලගේ","https://www.facebook.com/namali.gallage","උබලා නිසා කම්පා උනේ ගණයා"
"Aruna Fernando","https://www.facebook.com/people/Aruna-Fernando/100077466915207","නාමලි ගාල්ලගේ 😬yas"
"දර්ශන රුවන්","https://www.facebook.com/6rpy6melhh","අම්මෝ මේ බන 🤣🤣🤣"
"Saranga Dewasingha","https://www.facebook.com/people/Saranga-Dewasingha/pfbid031MwifEb3UVjCikCy4rcswueAjZGMTYbEy5uj1q1a8s9gFwMkeCmWTkbAip1Y5Ak2l","මේ වගේ අය හිරේ ගියාම වෙන්ටෑ දෙයියෝ කාන්පා වෙන්නේ නේ අයෙත් කියන්නම් ඔයාටත් බල්ලෝ එක්ක ගැග්ගොත් මැක්කොත් එක්ක නැගිටින්න වෙන්නේ මන් දන්නෝ එක ජාතියේ කුරුල්ලෝ එක ඇත්තේ වහනෝ කියලා"
"Chamarindu Jalithamina","https://www.facebook.com/chamarindu.jalithamina.3","https://www.facebook.com/share/v/1JsMND7Hrj/?mibextid=wwXIfr"
"Jagath De Silva","https://www.facebook.com/jagath.desilva.12764","[Image Attachment]"
"Sampath Kumara","https://www.facebook.com/sampath.kumara.822617","මේ වගේ දේවල්වලට තමා පොළව කම්පාා වෙන්නේ..."
"Lalith Prasanna","https://www.facebook.com/lalith.prasanna.370","[Image Attachment]"
"Lalith Prasanna","https://www.facebook.com/lalith.prasanna.370","[Image Attachment]"
"Hga Kumara","https://www.facebook.com/hga.kumara.7","[Image Attachment]"
"චමීර චමීර","https://www.facebook.com/x7819p8jy2","අම්මප ඇත්ත මේ දෙවල් කරනකොට උන්ගෙ කම්පා වෙන්නෙ කොහේද ගෑනු එක්ක බුදියද්දි බොද්දි  කමිපා වෙන්නෙ මොකද්ද දන්නැ මුන්ගෙ.. ආගම කන්නෙ මේ වගේ නමට චීවරේ පොරවන් ඉන්න උන්... සේරටම කලින් මේ වගේ වැරදි කරල අහු උනොත් ශාසනෙනුත් අයින් කරල හිරෙත් දාන්න ඕන..."
"Saranga Dewasingha","https://www.facebook.com/people/Saranga-Dewasingha/pfbid031MwifEb3UVjCikCy4rcswueAjZGMTYbEy5uj1q1a8s9gFwMkeCmWTkbAip1Y5Ak2l","මේ නම් ඥානසාර  නෙවෙයි එත් මේ වගේ අය හිරේ ගියාම වෙන්ටෑ දෙයියෝ කාන්පා වෙන්නේ නේ"
"Nishantha Wimukthi","https://www.facebook.com/nishantha.wimukthi.2025","සිවුර ගලවාගන්න ඇයි වැඩ කරේ  ... සිවුර දාගෙන ධාර්මිකව ජීවත් උනානම් සාසනේ නම්බුවත් ආරක්ෂා වෙනවා...අනික නීතියේ හැටියටයි චීවරය ගලවා දැම්මමේ  ....දැන් කවුරැත් බේරාගන්න කතා කරන්නෑ ඉස්සර වගේ"
"Saranga Dewasingha","https://www.facebook.com/people/Saranga-Dewasingha/pfbid031MwifEb3UVjCikCy4rcswueAjZGMTYbEy5uj1q1a8s9gFwMkeCmWTkbAip1Y5Ak2l","දෙයියා කාන්පා වෙන හේතු මේවා වෙන්ටෑ 😁"
"Samantha Kumara","https://www.facebook.com/samantha.kumara.704892","රාජපක්ෂ පුත්තු නුවර වැව  වටෙි කාර් රේස් පදින කොට කොහෙද හිටියේ ...ශිුපාදයේ දඹ රං ඝාන්ඨාරය ගලවන කොට කොහෙද හිටියේ  එතකොට ඔය කමිපා වන දේවල්  කමිපා වුනෙ නැතිද"
"Dilrukshi S Aththanayake","https://www.facebook.com/dilrukshi.saththanayake","රෙද්ද තමයි ගෙරි ගනයෝ .සිවුර ගලවලා හැමිනෙනවා .එතකොට තොපේ දෙයියෝ කොහෙද ඉන්නේ ."
"Sam Dee","https://www.facebook.com/people/Sam-Dee/pfbid02S5seMVA4Q63bLhM59Yj5n5s4K5FgkYEUgBFMio4kPPFETh6HtGa72Fc5BBWhqw97l","රට වල් වල ඉන්න මිනිසුන්  මෙයා ගැන දන්නවා . ගිහිල්ලා කරපු එවා. අහගන්න එපා"
"Nilusha Madusanka","https://www.facebook.com/nilusha.madusanka.73","දැන් ජනාධිපතිද සිවුර ගැලෙව්වේ, අනේ දෙන දෙයක් කාලා වෙන දෙයක් බලගන පන්සලට වෙලා සිල් ටික ආරක්ෂා කරන් ඉන්න හාමුදුරුවනේ, පාරට බැහැලා ජෝකර්ලා වෙලා මිනිස්සු සිවුරට තින ගරුත්වයත් නැති කරන් නැතුව"
"Saranga Dewasingha","https://www.facebook.com/people/Saranga-Dewasingha/pfbid031MwifEb3UVjCikCy4rcswueAjZGMTYbEy5uj1q1a8s9gFwMkeCmWTkbAip1Y5Ak2l","ඔවු ඔවු 😁සෑහෙන්න කන්පා වෙනෝ දෙයියෝ එ තරම් සිල් රැක්ක උත්තමයෙක් නේ අද දෙයියෝ කාන්පා වෙන එක කෙසේ වෙතත් සතුටු වෙනවා ඇති මොකද දෙයියෝ කැමති නැ දහම වෙනස වෙනවට"
"Dammika Naearathna","https://www.facebook.com/dammikanaearathna","Siura dagena balu wada karanakota hodaida"
"Sam Dee","https://www.facebook.com/people/Sam-Dee/pfbid02S5seMVA4Q63bLhM59Yj5n5s4K5FgkYEUgBFMio4kPPFETh6HtGa72Fc5BBWhqw97l","රාජපක්ෂ බත් බැල්යෝ."
"Dinesh Lasantha","https://www.facebook.com/dinesh.lasantha.985399","[Image Attachment]"
"Lakmal Pathirana","https://www.facebook.com/lakmal.pathirana.731","සිවුරු හොරු"
"Sureka Sandamali","","දෙවියෝ සතුටු වෙනවා ඇති සිවුර ගැලෙව්වාට...."
"Dinesh Lasantha","https://www.facebook.com/dinesh.lasantha.985399","[Image Attachment]"
"Dinesh Lasantha","https://www.facebook.com/dinesh.lasantha.985399","[Image Attachment]"
"Ranjana Lakshan","https://www.facebook.com/ranjana.lakshan.492564","https://www.facebook.com/share/v/19QqK9axRR/?mibextid=wwXIfr"
"Bandula Weerasingha","https://www.facebook.com/bandula.weerasingha.750","උඹලගෙ සමහර උන් යට ඇඳුම් ගලවද්දි මොකුත් කම්පා වෙල් .නැද්ද..?"
"Madura K Randeniya","https://www.facebook.com/randeniyage.kumara","සිව්‍ රෙ නෙවෙයි මෙයට ප්‍රස්නෙ තියෙන්නේ , තම නමල්ට අප හම්බූනෙ නැහැ නෙ. එකයි මෙ බුරන්නෙ"
"Ranjana Lakshan","https://www.facebook.com/ranjana.lakshan.492564","මේ ඇතුල්ට ගිය එක්කෙනගෙ 2 version එක 😂"
"නිසංසලා රෝශානි","https://www.facebook.com/hituwakkari.robeaka","උබලා කරන බොරුව දැකලා අහස පොලෝව නෙවෙයි සතා සිවුපාව පවා කම්පා වෙලා ඉන්නෙ හොර දුෂිත නීච ඝනයෝ  උබලා නිසා මිනිස්සුන්ට පංසලකට ගොඩ වෙන එකත් එපා වෙනවා ."
"Gamini Thushara Kadawalage","https://www.facebook.com/gaminithushara.kadawalage","නිසංසලා රෝශානි yes"
"Pramodh Wasala","https://www.facebook.com/profile.php?id=100004209032640","නිසංසලා රෝශානි මේ තමයි බුදුදහම විනාස කරන සංඝ කල්ලි .😒👍"
"Lal Silva","https://www.facebook.com/lal.silva.961","[Image Attachment]"
"Lal Silva","https://www.facebook.com/lal.silva.961","කෝ කම්පා උනේ නෑනේ"
"Christy Alahakoon","https://www.facebook.com/christy.alahakoon","Mun okkoma sakkilili yaluo mallie"
"Ranjith Silwa","https://www.facebook.com/ranjith.silwa.3950","[Image Attachment]"
"Ranjith Silwa","https://www.facebook.com/ranjith.silwa.3950","[Image Attachment]"
"Madura K Randeniya","https://www.facebook.com/randeniyage.kumara","I බොරු කියන්ඩ එපා , ඔයව පොලොව යටට අදන් යයි🤓🤓"
"Parakramabahu","https://www.facebook.com/parakramabahu.parakramabahu","[Image Attachment]"
"Parakramabahu","https://www.facebook.com/parakramabahu.parakramabahu","[Image Attachment]"
"Christy Alahakoon","https://www.facebook.com/christy.alahakoon","Ganu idiripita Siwru galona kota mari ne.  Bumi kammpa wenne okai. Ganu wathura galann ekai Deviò kopawela. Hareye."
"Tharanga Bandara","https://www.facebook.com/tharanga.bandara.5220","[Image Attachment]"
"Chamara S Perera","https://www.facebook.com/chamara.sunanda","[Image Attachment]"
"Nisansala Pathirana","https://www.facebook.com/people/Nisansala-Pathirana/pfbid095hyfPAEozwV1ztysFZ5qncdnjVfsAUg7H3cSNHWEH8JzdxYpye23ugPhR2ptx9Ll","සිවුරු දරාගෙන දුෂ්ශීල වැඩ කරද්දි තමයි දෙවියෝ කම්පා වෙන්නෙ. හරි බෞද්ධාගමිකයෙක්නම් විරුද්ධ වෙන්න ඕන එහෙම බුද්ධ චීවරයක් දරාගෙන විනය විරෝධී වැඩ කරන සංඝයාලට. අටමස්ථානාධිපති සම්බන්ද සිදුවීමෙදිත් ඔබවහන්සේලා ඔය විදිහටම හඬ නැගුවනම් තමයි හොඳ"
"Upendra Bandara","https://www.facebook.com/upendra.jothirathnage.9","සිවුර දාගෙන සිවුරට අගෞරව කරන දූෂිතයෝ පලවා හරින්න ඕන"
"Mohamed Farmaan","https://www.facebook.com/mohamed.farmaan.496349","කම්පාවෙනවා"
"Dilan Raymond","","😂😂😂"
"Nissanka Chandra Kumara","https://www.facebook.com/nissanka.chandra.kumara.2025","[Image Attachment]"
"Nissanka Chandra Kumara","https://www.facebook.com/nissanka.chandra.kumara.2025","[Image Attachment]"
"Asanka Sampath Samaranayaka","https://www.facebook.com/asankasampathwk","එහෙත් නඩු අහනවද"
"Anura Shantha","https://www.facebook.com/people/Anura-Shantha/pfbid02uQ5MKPLoKpFrNFdEfGFaY5AXDkRs3tJQZAsnEhAmGic9eSWnUjfuKasA9p8XbPiJl","රටේ සාසනයේ සාපය තමයි ඩය සිවුරු දමාගෙන ඉන්න සමහරක් ස්වාමින් වහන්සේලා."
"Lakshan Ranawaka","https://www.facebook.com/lakmal.rnwk","මේ වල් නරියා el nino එකේ forecast බලලා ඇවිල්ලා බලුකම පෙන්නනව මෙතන.. හිඟා කාපන් අපතයා ඔයිට වඩා හොදයි... උබලාට කන්න දෙන උන්ට ගහන්නොන.."
"Buddika Sandaruwan","https://www.facebook.com/people/Buddika-Sandaruwan/pfbid02h315pfkbejZZdxwkEjJSt1KiE6wHa3AUU7dDYQLf2N3rbAdi7Dctaomu1rK7r3wil","යකෝ උඹලා ස්වාමීන් වහන්සේලා ද...සිල්වත් හොඳ ගුණ යහපත් ස්වාමීන් වහන්සේලා ඉන්නවා..උඹලා හැසිරෙන්නේ හරියට මදාවියෝ වගේ. පාතාලේ උන් වගේ.."
"Waruna Herath","https://www.facebook.com/waruna.harath.7","මේ පම්කයලා එක එක නිකායවල් හදාගෙන බුදු දහම විකෘති කරනව එච්චරයි"
"Nishadi Flower Nursery","https://www.facebook.com/nishadi.egodawattha","ඕස්ට්‍රේලියා වත් ඉවරයි එහෙනම්"
"Waruna Herath","https://www.facebook.com/waruna.harath.7","ආමි එකෙන් පැනල නේද ඉන්නෙ😂😂😂😂😂😂😂😂😂😂"
"Saji Sanju","https://www.facebook.com/profile.php?id=100080162717285","අවුරුද්දෙ අන්තිම මාස වල කොහොමත් වහිනවා  ගංවතුර එනවා .උඹ කියන්නෙ දේව සාප කියා"
"Bandula Alpitiya","https://www.facebook.com/alpitiya","මේ කියන විදියට සිවුර දරාගෙන වැරදි අපචාර කරන භික්ෂුන් වහන්සේලාගේ හිස හත්කඩකට පැලෙන්න ඕන නේද, උතුම් බුද්ධ චීවරයට මුවාවෙලා කරන වැඩ වලට 🙄"
"දිලීප් හන්සන","https://www.facebook.com/people/%E0%B6%AF%E0%B7%92%E0%B6%BD%E0%B7%93%E0%B6%B4%E0%B7%8A-%E0%B7%84%E0%B6%B1%E0%B7%8A%E0%B7%83%E0%B6%B1/100075151801114","හොර ඝනයා තොපි කරන ඒවාට තමා කම්පා වෙලේ ට්ගියෙන්නෙ. එවලවන්න ඕනෙ රටෙම් මුන් සාපයක් මුන්"
"Sanjaya Weerasinghe","https://www.facebook.com/sanjaya.weerasinghe.285998","පොඩි කෙල්ලන්ට සොට් එක දෙන කොට දෙවියො හිටියෙ ඇද පල්ලෙද පko 😂"
"Anita Perera","https://www.facebook.com/anita.perera.3344","දැන් ඔය දුක් අදෝනාව දෙවියෝ මීට ඉස්සර ඇහැව්වේ නැත්තේ ඇයි."
"Dinesh Iroshan","https://www.facebook.com/dinesh.iroshan.9","[Image Attachment]"
"Sumeda Priyadarshana","https://www.facebook.com/people/Sumeda-Priyadarshana/pfbid0sg3J8xuQNVC4RMqF791mSXoSB4uKcTQvFfy3N8A81FBKPaKochrBMYCvjdpAXt1Sl","Pagaya menna beraganin...."
"Anita Perera","https://www.facebook.com/anita.perera.3344","ඉවසන්න ජනපති වෙලාව ආවහම සමාව දෙයි හදිස්සි ඇයි.."
"Akash Nilupul","https://www.facebook.com/akash.nilupul.527470","[Image Attachment]"
"Akash Nilupul","https://www.facebook.com/akash.nilupul.527470","[Image Attachment]"
"Akash Nilupul","https://www.facebook.com/akash.nilupul.527470","[Image Attachment]"
"Chathuranga Hpc","https://www.facebook.com/people/Chathuranga-Hpc/pfbid02QRzCpJrqT6WdC7XEVLJgZz3pZSveLDk12JfDNacaX4NzGdbArWWxDUCu9ptEf4tTl","ඒක තමයි සැරෙන් සරේ භූමිකම්පා වෙන්නේ"
"Kalum Prasanna","https://www.facebook.com/kalum.prasanna.789665","[Image Attachment]"
"Viraj Rathnaweera","https://www.facebook.com/viraj.rathnaweera.5","සිවුර දාගෙන ලමයි දුෂනය කරනවිට....හොර සල්ලි ගහනවිට...නිදන් හාරනව්ට ...මත්පැන් බොනවිට...පොළොව විතරක් නෙවෙයි සක්වළම කම්පා වෙනවා..."
"Sumeda Priyadarshana","https://www.facebook.com/people/Sumeda-Priyadarshana/pfbid0sg3J8xuQNVC4RMqF791mSXoSB4uKcTQvFfy3N8A81FBKPaKochrBMYCvjdpAXt1Sl","Ubath siure inna ona ekek nowei thakkadiya.."
"Pearl De Rozario","https://www.facebook.com/pearl.de.rozario","Wearing the robbes and doing all the dirty work is it okay??"
"Prasa KG","https://www.facebook.com/prasa.kg.172776","[Image Attachment]"
"Chathuranga Perera","https://www.facebook.com/malaka.perera.98","Prasa KG ඔයා දන්න ජාතිවාදය.🫣🫣🫣🫣"
"Prasa KG","https://www.facebook.com/prasa.kg.172776","Chathuranga Perera api th dannawa aiye hode"
"Urumahia Thilak","","[Image Attachment]"
"Urumahia Thilak","","[Image Attachment]"
"Urumahia Thilak","","[Image Attachment]"
"Sumeda Priyadarshana","https://www.facebook.com/people/Sumeda-Priyadarshana/pfbid0sg3J8xuQNVC4RMqF791mSXoSB4uKcTQvFfy3N8A81FBKPaKochrBMYCvjdpAXt1Sl","[Image Attachment]"
"Sumeda Priyadarshana","https://www.facebook.com/people/Sumeda-Priyadarshana/pfbid0sg3J8xuQNVC4RMqF791mSXoSB4uKcTQvFfy3N8A81FBKPaKochrBMYCvjdpAXt1Sl","[Image Attachment]"
"Rohitha Neranjan","https://www.facebook.com/ruwan.rohitha.7","[Image Attachment]"
"Roshan Priyankara","https://www.facebook.com/roshan.priyankara.625095","මේක පුදුම කරුමයක් වෙලා තියෙන්නේ..... සිවුර ගලවලා බඩු ගහනකොට දෝංකාරය දෙන්නෙ නැද්ද දන්නෑ"
"Nishantha Palagama","https://www.facebook.com/nishantha.palagama","තො. සියුර. විකුනන්. කන තක්කඩියෙක්   තො. ඇදගනින් අබුඩයක්. පරයා. තොපි. ඡති. වාදි අගමි. බෙද. කරවන. ඇත්ත"
"Sakun S Adhikari","https://www.facebook.com/sakun.sulakshitha.9","මුන්ට නම් ටැක් 🥹 අපිට පවු පිරෙනවා මේවා දැකලා"
"Sirimewan Bandara Keppetipola","https://www.facebook.com/people/Sirimewan-Bandara-Keppetipola/pfbid02rghnhLmZYarNj2qRxqAa9vkN9BN9fdezNy56fmnYTkik8m7K9PJ3RFXqS35Gbhhxl","[Image Attachment]"
"Ruwanthi Kaushalya","https://www.facebook.com/people/Ruwanthi-Kaushalya/pfbid0fhFCjbHE5xDDub7CVXYrJjahftqzmQGyvGYWRRcK3cjScdufPXkXpWPSr4NUC8Dwl","අටමස්ථානාධිපතිගේ කේස් එකට මොන වගේ කම්පාවක් ඇති වෙයිද  😒"
"Gamini Semasinghe","https://www.facebook.com/susantha.semasinghe","Ethakota ara Badu#####kota kampawenne nadda kalakanni"
"Sampath Manage","https://www.facebook.com/sampath.manage.2025","[Image Attachment]"
"Kavindu Emalka","https://www.facebook.com/profile.php?id=100028197754689","වුත්තෝ උබලා බුද්ද පුත්‍රයෝ 😂😂 ඉස්සරහට කෝමත් වස්සාන කාලේ අම්මපා මුගේ සිඋර ගලවන්න  එකෙක් නෑනේ"
"Susil Susil","https://www.facebook.com/susil.susil.139716","දේශපාලනඥයන්ගේ සිවුර ගැලෙව්වට කිසිම කම්පාවක් වෙන්නෑ"
"Sameera Lakshan","https://www.facebook.com/people/Sameera-Lakshan/100087083029357","එතකොට සිවුරට මුවාවෙන් කරන  තක්කඩි වැඩ බලු වැඩ ඒව හොදයිද හාමුදුරුවරු පක්ශ බදාගෙන ඉන්න ඒව 😂 ?"
"සාරාහ් අමාණියා මෙන්ඩිස්","https://www.facebook.com/fathima.s.sss","ප්‍රංශයේ දී  සිවුර ගලෝනකොට පොලොව  කම්පා උනාලූ 🤭🤭🤭"
"අවංක බයියා","https://www.facebook.com/people/%E0%B6%85%E0%B7%80%E0%B6%82%E0%B6%9A-%E0%B6%B6%E0%B6%BA%E0%B7%92%E0%B6%BA%E0%B7%8F/pfbid0JwrocPrcNwMvr1iYG8VuX99EDCNA54MN5MAubZ7f9jBr8zttoo5AaStdZbYVxsxzl","සාරාහ් අමාණියා මෙන්ඩිස් ඔව්  ඇත්ත කිව්වේ බොරු කියල  හිතුවද..  😡 ඔය රෙද්දවල් ඇදලා ගලවද්දි ලබ්බවල් හෙල්ලෙනවා තමයි..  ප්‍ර්ශ්නයක් ද 🙄"
"Vishwa Keerthi","https://www.facebook.com/vishwa.keerthi.2025","උන් ඕක ගලවල මේ වැඩෙ කරනකොට   තොපි හැමනුනද පකො"
"Arnold Macmillan","https://www.facebook.com/arnold.macmillan.1","Mevatq Kampala venadhq"
"Kamal Rajapaksha","https://www.facebook.com/kamal.rajapaksha.5686","[Image Attachment]"
"සාරාහ් අමාණියා මෙන්ඩිස්","https://www.facebook.com/fathima.s.sss","[Image Attachment]"
"Kamal Rajapaksha","https://www.facebook.com/kamal.rajapaksha.5686","මේකට කම්පාව නැද්ද HUත්තෝ"
"සාරාහ් අමාණියා මෙන්ඩිස්","https://www.facebook.com/fathima.s.sss","[Image Attachment]"
"Kokila Kavinda","https://www.facebook.com/kokila.kavinda.75","රට ගිණි තියන්න හැදුවේ වැඩේ හරි ගියේ නෑ. පල පල යන්න ගෝරිල්ලා"
"Janaka Amunupura","https://www.facebook.com/janaka.r.amunupura","[Image Attachment]"
"Eric Gunathilaka","https://www.facebook.com/eric.gunathilaka.2025","අර අනුරාධපුර බාල වයස්කාර දැරිය ඉදිරියේ සිවුර ගලවද්දී මහපොළොව කම්පා උනේ නැද්ද..."
"Randika Wijesinghe","","නාන්න ගැලෙව්වමත් කම්පාවෙනවද...?"
"Hangaramaldeniya Resorts","https://www.facebook.com/hangaramaldeniya.resorts","ලෝක දාතු මන්දා අටමස්ථානාධිපති දාතු දාලා  ලොකු කේස් එකක් ගියා නෙ"
"Sandun Maduwantha Kalathra","https://www.facebook.com/sandun.maduwantha.1","සිවුර දාගෙන කරන්න තියෙන දහදුරා වැඩ ඔක්කොම කරල මෙහෙම කතා කරනකොට කම්පා වෙන්නෙ නැද්ද? ලැජ්ජාවක් හිතෙන්නෙ නැද්ද? හාමුදුරුවනේ"
"Santha Vimala","https://www.facebook.com/santha.vimala","තිත්තගල්ලේ චීවරදාරියෙක් වෙන්න ඇති  ජනාධිපතිතුමාට  එහෙම කියන්න"
"Mahendra Mohotti","https://www.facebook.com/mahendra.mohotti","[Image Attachment]"
"Luxman Wasantha","https://www.facebook.com/luxman.wasantha.71","[Image Attachment]"
"Madara Dewapura","","එතකොට සිවුර දාගෙන ගිහියන්ටත් වැලකෙන්න කියපු පස්පව කඩනකොට මේ ලෝක ධාතුවේ දෙවියන්ට මොනවා හිතෙනවා ඇද්ද?"
"Prasad Wijayaratne","https://www.facebook.com/bpswijayaratne","[Image Attachment]"
"Pradeep Jayasinghe","https://www.facebook.com/pradeep.jayasinghe.319237","පල්ලෙගමයාගෙ නඩු කටයුතු වලට යම් බල්පෑමක් කරගන්න පුලුවන්ද බලනවා ඇත්තෙ 😂"
"Pradeep Jayasinghe","https://www.facebook.com/pradeep.jayasinghe.319237","[Image Attachment]"
"Primaal Edirisinghe","","තවත් පව් කරගන්න එපා.."
"Lakmal Dissanayaka","https://www.facebook.com/mall.dissanayaka.1","[Image Attachment]"
"Pradeep Jayasinghe","https://www.facebook.com/pradeep.jayasinghe.319237","[Image Attachment]"
"Lakmal Dissanayaka","https://www.facebook.com/mall.dissanayaka.1","[Image Attachment]"
"Kalpa Hettiarachchi","https://www.facebook.com/people/Kalpa-Hettiarachchi/pfbid029sgcMV1CDz4UoYbHZ9ycpAZysCpNw6Wvg8QhMCzYchrgSaofzq7RTcpB3PhPiN1jl","[Image Attachment]"
"Lakmal Dissanayaka","https://www.facebook.com/mall.dissanayaka.1","[Image Attachment]"
"Pradeep Jayasinghe","https://www.facebook.com/pradeep.jayasinghe.319237","[Image Attachment]"
"Shalika Hettiaracchi","https://www.facebook.com/shalika.hettiaracchi","මෙහෙම ගලවද්දි කොහොම කම්පා වෙනවා ඇත්ද .."
"Mahendra Mohotti","https://www.facebook.com/mahendra.mohotti","තිත්තගල්ලට වෙච්ච වැඩැක් යන යන තැන හානව ගෝතයා නිකන් හම්බෙන බත් ටික ගිලලා කරන්න තීන ජරා වැඩ ඔක්කොම කරලා දැන් එනවා සාසනය හදන්න අපි නොදන්න තිත්තයා"
"Sri Sri","https://www.facebook.com/sri.sri.340262","සිවුර සිරගත උනේ නැ පුද්ගලයකු පමනයි හිරගෙට ගියේ"
"Shiromalie Jayasinghe","https://www.facebook.com/shiromalie.jayasinghe","Nonsense"
"Prasanna Wewa","https://www.facebook.com/prasanna.wewa","[Image Attachment]"
"Ruwan Chamin","https://www.facebook.com/ruwan.chamin.2025","උඹ දැක්කම ආලවක මතක් වෙන්නෙ 😂😂😂🤭"
"U DA YA","https://www.facebook.com/people/U-DA-YA/61579213450177","අනේ  උඹ හුකාපන් තිත්තෙ 😂🖕"
"Treshan Wawwage","https://www.facebook.com/treshan.wawwage.3","කොහේවත් ඇති දෙවියෙක් නැ යකො. මුන් බුදු දහම මිත්ත්‍යවෙන් විනාශ කරනව ."
"රොෂාන් සංජීව","https://www.facebook.com/people/%E0%B6%BB%E0%B7%9C%E0%B7%82%E0%B7%8F%E0%B6%B1%E0%B7%8A-%E0%B7%83%E0%B6%82%E0%B6%A2%E0%B7%93%E0%B7%80/61556291722649","සිවුර ගලවන කොට විතරද ⁣පොලොව කම්පා වෙන්නෙ.....රුවන්වැලි සැයේ චුඩා මාණික්‍ය මාරු කරද්දී ඔබ වහන්සේ කොහෙද හිටියේ....එදා කතා නොකරපු හාමුදුරුවරු අද වැරදි කරුවෙක් වෙනුවෙන් පෙළ ගැසිමම සාපයක් මේ රටට"
"Manjula Chandrapala","https://www.facebook.com/manjula.chandrapala.1","එතකොට ගෑණුන්ගෙ බඩ උඩ නගින්න සිවුර ගලෝනකොට මොනවත් වෙන්නෙ නැතිද බං.."
"Asanka Manoj","https://www.facebook.com/asanka.manoj.835625","ගැනු එක්ක බුදියන්න ගලවද්දි අවුලක් නැද්ද  බන්..."
"Dinithi Kaushalya","https://www.facebook.com/dinithi.kaushalya.5","රාජාංගනේ Part II"
"Sarath Kumara","https://www.facebook.com/profile.php?id=100035128752943","දෙවිවරුත් සතුටු ඇති  කරපු මේ වැඩෙට..."
"Treshan Wawwage","https://www.facebook.com/treshan.wawwage.3","[Image Attachment]"
"Pahasara Pushpakumara","https://www.facebook.com/pahasara.pushpakumara.2025","මෙිකටත් උත්තරයක් දිගෙන යන්නකෝ හාමුදුරුවනේ"
"Kumara Kumar","https://www.facebook.com/kumarashami.kumar.1","[Image Attachment]"
"Mohamed Nasar","","Monawada meh munge Katen ena wachana"
"Charuka Bandara","","🙏🤭"
"Saman Kumara","https://www.facebook.com/saman.kumara.5209","[Image Attachment]"
"Pathmini Pathmini","https://www.facebook.com/pathmini.pathmini.44492","Pakayo"
"Rohana Ridigama","https://www.facebook.com/rohana.ridigama","කමිපා වෙලා"
"Lalitha Hettiarachchi","https://www.facebook.com/lalitha.hettiarachchi.14","තිත්තෙ ලගකදි පාටියකට එහෙම ගියේ නැද්ද…හිල්ටන් හෝටලය පැත්තෙ😂😂😂😂"
"Nalaka Sriyantha","https://www.facebook.com/nalaka.sriyantha","[Image Attachment]"
"Lalitha Hettiarachchi","https://www.facebook.com/lalitha.hettiarachchi.14","දෙවිවරු ප්‍රීතිඝෝෂා පවත්වනවා….දුශශිලයෙක් ගේ අරහත් ධජය ගැලෙව්වාට👍👍👍👍"
"Madhu Weerasekara","https://www.facebook.com/people/Madhu-Weerasekara/pfbid0hHdu9p9TeMJkAJqf9zwqwhBJsMQphseMq3WD1pN12Zc4W4aaqwQMqJp43pY3Kctul","Lalitha Hettiarachchi sahatikai athranai munta therenne nadda"
"Priyantha Sampath","https://www.facebook.com/fdfssa45asd","https://www.facebook.com/share/v/1ErWdYnxSa/ 😄"
"Gayan Niroshan","https://www.facebook.com/gayan.niroshan.873804","Huuuuuuu.pala hut"
"Chathuranga Perera","https://www.facebook.com/malaka.perera.98","මෙයා විෂබීජයක් වෙන්න කලින් බෙහෙත් දෙන්න වෙයි"
"Eral Gunawardhana","https://www.facebook.com/eral.gunawardhana.1","[Image Attachment]"
"Jayantha Dassanayaka","https://www.facebook.com/jayantha.dassanayaka.923","[Sticker]"
"GA Gunarathna","https://www.facebook.com/people/GA-Gunarathna/61575277825644","මෙයාලා ආපහු පාසැල් යවලා හරිය්ට ඉගන්නුවොත් හොදයි.මෙයාලා හදන්නෙ රට ගිනිතියලා දුප්පතාගෙ බඩට ගහන්න."
"Sugath Shantha Moragahakumbura","https://www.facebook.com/profile.php?id=100000856305276","පන්සල්වලට ගෑණූ ගෙනවිත් මගුල් කරන තැන්වල කොහොම කම්පා වෙනවා ඇද්ද"
"Anamal Ujith Namal Ujith","https://www.facebook.com/anamalujith.namalujith","අනෙ පල පොන්නයා"
"Sadun Red Rich Liyanage","https://www.facebook.com/sadun.liyanage.902","දන්නවද ගණයෝ, උබලව දැන් ෆට්ට විදිහට අප්පිරියයි, දේශපාලනය පස්සේ යන උබලා වගේ නිගන්ටයෝ නිසා, ශාසනයේ චිරස්තිතිය ට වැඩකරන ස්වාමින් වහන්සේලාටත් බාදා ඇතිවෙනවා, ඒක එයාලට කරන අසාදාරනයක් 🙏 පිංසිද්ද වෙයි, පාඩුවේ කඩේ පලයන්"
"Menaka Dushantha Amarasinghe","https://www.facebook.com/menaka.amrasihnghe","අමිමගේ රෙද්ද  තොපි අහිංසක කාන්තාවාන්ගේ රෙදි කලවනකොට මොකද්ද කමිපාවෙන්නේ"
"Nalin Sanjaya","https://www.facebook.com/nalin.sanjaya.555233","බුද්ධසාසනේ රැකගන්න නම්,භික්ෂූන් වහන්සේලාට දේශපලනය තහනම් කලයුතුයි 🚫, ත්‍රයිනිකායික මහනායක හාමුදුරැවරැන්ගේ අවදානය."
"Chandru Perera","https://www.facebook.com/people/Chandru-Perera/61577063137188","කව්රු කම්පා උනත් අපිනම් කම්පා වෙන්නෑ 😂😂"
"Charith Darshana","https://www.facebook.com/charith.darshana.319","මේක තමයි කරුමෙ"
"Mariam Saif","https://www.facebook.com/people/Mariam-Saif/pfbid0158MDEWyXfj4yciWpPczk7tifUhWQEWVmf4LydgeyYJV52mZ5xx1T3GQgrDQgs5jl","[Image Attachment]"
"Chamikara Bokaragoda","https://www.facebook.com/chamikara.bokaragoda.3","[Image Attachment]"
"Ranil Panditharathne","https://www.facebook.com/ranil.panditharathne","Ane gasballo athakota mawata e deviwaru kampawennadda ballo"
"Hameera Ranga","https://www.facebook.com/kh.hameera","[Image Attachment]"
"Emine Rule","https://www.facebook.com/EmineRule","මේ මෝඩ බෞද්ධකම නම් අපිට එපා"
"Nilanka Dasanayake Neelakala","https://www.facebook.com/nilanka.dasanayake.neelakala.2025","Dr නිමල් සේනානායක හොදයි ඔය ලෙඩේට. ආය කම්පා වෙන් නැ"
"Janitha Madhusanka","https://www.facebook.com/janitha.madhusanka.1","Nilanka Dasanayake Neelakala location දාන්න අයිය.මිනිහ වෙන කොහාට හරි යයි..😁🤣"
"Nilanka Dasanayake Neelakala","https://www.facebook.com/nilanka.dasanayake.neelakala.2025","Janitha Madhusanka ඔව් නෙහේ. 😂"
"Rb View","https://www.facebook.com/rifaibhai","[Image Attachment]"
"Chandana Pubudu","https://www.facebook.com/chandana.pubudu","අපි දන්න බුදු දහමට අනුවනම් තොපි වගේ කාලකන්නි ටික දෙනෙක් ගැන අපි සෑහෙන කාලෙක නම් කම්පාවෙන් ඉන්නේ"
"Renuka Tissa","https://www.facebook.com/renuka.tissa.5","උබලා බඩු ගැහුවේ ඔය රෙද්ද බෙල්ලේ ඔතාගන වෙන්න ඇතී"
"Chathu Dharmasiri","https://www.facebook.com/profile.php?id=100004050340033","Mewata Kampa une Ethakota nadda deviyo ?😂"
"Kamal Fonseka","https://www.facebook.com/people/Kamal-Fonseka/pfbid02xsnZvUhSBcoNvwvrZLA3Lh8x4PjdPm9JELcEwjhQAdVW59QTEYK8ebW67GdX3HUul","අටමස්තානෙගේ සිවුර අස්සෙන් ධාතු ගලනවත් අපි දැක්ක..."
"Sudaksan Sudaksan","https://www.facebook.com/profile.php?id=100000764272744","උබලා වගේ සිවුරු හොරු දැක්කා ම අපිත් කමිපා වෙනවා"
"Isuru Dananjaya","https://www.facebook.com/isuru.f.do.192872","🖕🖕🖕"
"Sagara Sagara","https://www.facebook.com/sagara.sagara.581254","[Image Attachment]"
"Manoj Pathirana","https://www.facebook.com/jayasekara.jaya","ඇත්ත නෙවරැද්දේ  ගැලව්වනම්"
"Saman Jayalath Mallawarachchige Don","https://www.facebook.com/samanjayalath.mallawarachchigedon.90","උබල  siwra දාගෙන බඩු ගහන කොට කව්ද කම්පවෙලා ඉන්නේ.තොපේ අම්මාද ආ ponnayo.දැනුයි උබල ට සිව්රු කම්පාව මතක් වෙලා තියෙන්නේ. ගෝත පින්  බතාලා. 😎😎😎😎😎🎉🔥🎉😈😈🎉🎉🎉🎉😎😈😈"
"Dayananda Hb","https://www.facebook.com/people/Dayananda-Hb/pfbid0guuPyUxJuBr15QJrLQowUggbiYuNVRGGyHtrq12TENmi6DJQczJcWxGEJ9hCYVAfl","Saman Jayalath Mallawarachchige Don අනිවාර්යෙන් 👍,,,,"
"Sumith Gunapala","https://www.facebook.com/sumith.gunapala.2025","සිවුරු දාගෙන පන්සිල් රැකපන්.හොර ඝන ගෙඩි තමයි රට කෑවෙ"
"Gonibilla Samuel","","Mooge moona dakama lankawama kampa wenawa"
"Sampath Bandara","https://www.facebook.com/sampath.bandara.15078","සිවුරෙන් පොඩි කෙල්ලෝ ඇඳට ගෙනියනකොට?? 🤔"
"WisdomVerse","https://www.facebook.com/wisdomverse","[Image Attachment]"
"Sameera Alutharachchi","https://www.facebook.com/sameera.alutharachchi","මුන්ගෙ කන්කරච්චලේ....🤣🤣🤣"
"GM Dulan","https://www.facebook.com/gm.dulan.2025","💥💥සිවුර දාගෙන ගෑනු එක්ක බුදියනකොට. දෙයියො ගමෙ ගිහිල්ලා ද 🙄😅💥"
"Rohith Ravichandra","https://www.facebook.com/rohith.ravichandra","Ara podi kellek dushanaya karanakota mahapolovata therune ne Hoda velavata Internet thiyenne nethnam minissu me serama andhainta revatenava Garu karanna ona Swamin vahansela ona tharam ennava tika denek ennava agama vinadsa karana"
"Ruwan Kumara","https://www.facebook.com/ruwan.kumara.163135","පුක සුදුද"
"Shamindha Srimal Dambadeni Wadumaduwa","https://www.facebook.com/people/Shamindha-Srimal-Dambadeni-Wadumaduwa/61573247762317","[Image Attachment]"
"Nala Gammadde","https://www.facebook.com/people/Nala-Gammadde/pfbid02mx3HWPyGrjGJ6RxuuBahyqCcYCTQmSim6a1q5V1QHw7X2qQHSQschqPjybegzGm7l","Galaboda 2"
"Rock Rock","","මුන්ට පිස්සු බන්"
"Pasi Log","https://www.facebook.com/people/Pasi-Log/pfbid026sAadcwLgzHK81PUEs79asjJxdEHBSbG7m8YahrVX7LastKD7qsnMVEgkW5XJKZfl","තොපි කරන පව් වැඩ වලට තොපිට පනුවෝ ගහල මැරෙන්නේ හුට්ටෝ 😂😂😂😂"
"Sam Dee","https://www.facebook.com/people/Sam-Dee/pfbid02S5seMVA4Q63bLhM59Yj5n5s4K5FgkYEUgBFMio4kPPFETh6HtGa72Fc5BBWhqw97l","ඔය ගොයියා ඉස්සර  කිවේ දෙවියෝ නැහැ කියලා . මාත් මුගෙ බන ඇහුවා. වැදි බන තමයි."
"Sumith Rathnayaka","https://www.facebook.com/sumith.ranayaka.39","සිවුර පිටින් ගිහින් බඩු ගහන ඒක උඹේ පාඊය කම්පා වෙන්නේ..😡😡"
"Parakramabahu","https://www.facebook.com/parakramabahu.parakramabahu","මේවා හොදද කැරිගනයා"
"Kolitha Chandima","https://www.facebook.com/kolitha.chandima","එතකොට සිවුරු ඇදන් ලමයි දූෂණය කරද්දී මොකද්ද වෙන්නේ"
"Gamini Kaldera","https://www.facebook.com/people/Gamini-Kaldera/pfbid0pK6kPy4bPhWWADmNJNzkAtzSvfk1CRDNQDHCK8TqQgeRQZDikYntj6vuVbvKUJxol","මුං මානසික ලෙඩ්ඩු"
"Nissanka Chandra Kumara","https://www.facebook.com/nissanka.chandra.kumara.2025","[Image Attachment]"
"Thilina Yapabandara","https://www.facebook.com/thilina.yapabandara","ඔකුන් ඔය සිව්ර ආරක්ෂක පලිහක් කරගෙන තමයි සෙරම ජඩ වැඩ කරන්නෙ. ඔකුන්ට කන්න දෙන මිනිසුන් කන්න නැතිව පොලින් වල මැරිලා වැටෙන කාලේ රටට බන්කොලොත් වෙනකොට මුන් එකෙක් වත් කට ඇරියේ නැ උන්ගේ වාසියට එක වනචාරීයෙක්ගෙ සිවිර ගලවලා හිරේ දැම්මහම තමයි මුන්ට ඇහැරිලා තියෙන්නෙ..මුන් තමයි අපෙ රටෙ අනාගතය කන ජාතිය..😡😡😡"
"Lakshan Malinda","https://www.facebook.com/lakshanmalinda","මුට Track එක දාලා දීපං නටන්න..."
"Priyantha Kumara","https://www.facebook.com/priyantha.kumara.725484","පොළොව කම්පා වෙලා තියෙන්නේ තොපි සිවුර දාගෙන කොරන වැඩහින්දා"
"Karawitage Dee","https://www.facebook.com/karawitage.dee","සිවුරු  දා ගෙන  අරක්කු ,කුඩු බොනකොට ගේන කොට,ළමයින්  දූෂණය  කරන කොට සිවුරු ගලවලා රෑට  කලිසම්  ඇද ගෙන රටේ  යනකොට  ,ගෑනු  එක්ක රවුම්  ගහන කොට පිට රටවල  ගිහින්  කරන් දේවල්  බලාගෙන් එතකොට  පොළොව  පලාගෙන අතුරු දහන් වෙයි හාමුදුරුවනේ"
"Dinesh Iroshan","https://www.facebook.com/dinesh.iroshan.9","[Image Attachment]"
"Akash Nilupul","https://www.facebook.com/akash.nilupul.527470","[Image Attachment]"
"Saman Ekanayake","https://www.facebook.com/saman.ekanayake.946","බුද්ධාගම විනාශ කරන,කාලකන්නි,වන චාරියෝ......"
"Salith Rohan","https://www.facebook.com/salith.rohan","ඇයි මෙදත් සිවුර ගලවලා එනකොට සාදු සාදු කියලා සාදුකාර දෙනවා දැක්කේ"
"Chaminda Herath Sigiriya","https://www.facebook.com/chaminda.herath.3994","ගලබොඩවත්තේ හමුදුරුවන් සහ මගේ සිර ජිවිතය ================================== 2018.03.18 අමූලික අසත්‍ය බොරු චෝදනාවකට කුඩුකාරයන් ගේ හා ඇතැම් නිළධාරීන් ගේ දෙශපාලකයන් ගේ වුවමනාවට මාව අත් අඩංගුවට අරන් රිමාන්ඩ් බන්ධනාගාර ගත කළේය .   විමර්ශක නිළධාරීන් B වාර්තාවේ මහේස්ත්‍රාත්තුමාට දැණුම් දුන්නේ මත්ද්‍රව්‍ය හා පාතාල පුද්ගලයන් විශාල ප්‍රමාණයක් මෙම නිළධාරීයා අත් අඩංගුවට ගෙන තිබෙන නිසා "" ලංකාවේ ඔනෑම බන්ධනාගාරයක් තුළ දි ජිවිත තර්ජනයක් විය හැකි බැවින් විශේෂ ආරක්ෂාවක් සපයන්න බන්ධනාගාරයට නියෝගයක් කරන "" ලෙසට ය.   ඒ අනුව වැලිකඩ බන්ධනාගාරයේ විශේෂ සිර මැදිරියක රදවන ලදි.   එය බන්ධනාගාර රෝහලට අයිති කොටසක.  මා සමඟ බන්ධනාගාර ජේෂ්ඨ නිළධාරීයෙක් ද රදවන ලදි.   වෙඩි වැදි සුව නොවු තුවාල 11ක් සමඟ ඒවා මකුණන් ගෙන් බේරා ගැනිමේ සටනකට යෙදී සිටින ලදි.  එක දිනක් ආරංචි වුණේ ගලගොඩ අත්තේ හාමුදුරුවන් ගෙනාව බවය .   අපි ඉන්න තැනට බන්ධනාගාර රෝහලේ කොටසක් දර්ශනය විය .   බෝධින් වහන්සේ තිබුණේ අපේ ෂෙල් එක ළගමය.  දවස් කිහිපයකට පසු සවස 0400 වන විට හාමුදුරුවන් නමක් පොත් පිංචක් අරගෙන බෝධිය දෙස බලාගෙන පැයක් පමණ එක එල්ලේ ගාථා කියමි සිටින අයුරු මට දර්ශනය විය...   ඒ ගලගොඩ අත්තේ හාමුදුරුවන් ය.   මම පොලිස්කාරයා නේ මේ කරන්නේ මර්සියක් ද කියා හොදින් උන් වහන්සේ ගේ ඇස් දෙක eye contact එක පරික්ෂා කළේය ...  ඇත්ත වශයෙන්ම භක්තිමත් බුද්ධ පුත්‍රයකු සේ ඇස් දෙක...  චීවරය දරාගෙන සිර ගෙයක් තුළ උන් වහන්සේ ප්‍රාර්ථනා කරන්නේ නිදහස ...  ඔව් නිදහස...  මට කතා කරන්න තහනම් වුවත් දිනක් කතා කළේය ...   අපේ මහත්තයා දුක් වෙන්න එපා ..නරක කාළයක් ආවාම ...කියල පාලි භාෂාවෙන් ගාථාවක් කියා ගෙන ගියේය .  හැම දාම උන් වහන්සේ සමඟ ලොකු පිරිසක් මේ බෝධි පුජාවට සම්බන්ධ වෙනවා මම දැක්කේය .   මේජර් ජෙනරාල් අමල් කරුණසේකර, නාවික භටයන් තවත් අය ..වැඩේ නැගලා ගියේය ...   ඔහොම සති මාස ගාණක් ගිය පසු උන් වහන්සේ ජනාධිපති සමාව ලැබ නිදහස් වී ගියේය ...  ඒ යන දවසේ අපි හමුවී කිව්වේ ..අපේ මහත්තයා මම ඔගොල්ලො ගැන රටට කියනව...  මම එක දෙයක් කිව්වා ...හාමුදුරුවණේ...හන්දියක් හන්දියක් ගානේ...ලයිට් කණුවක් ගාණේ කුඩු විකුණා කුඩුකාරයන් බිහි වෙවී එදාට රටේ මිනිසුන් තේරුම් ගනිවී මම කොච්චර මහන්සි වුණා ද...මේවා control කරන්න කියල ..  ආයිත් මේ රට වෙනුවෙන් මම මගේ බිරිඳ දරුවන් ගේ ජිවිත අණතුරට දාගෙන වැඩ කරන්නේ නැහැ ..කියල ...  එහෙම කියන්න එපා අපේ මහත්තයා ඔගොල්ලො ඔහොම හිතුවොත් අපේ දරුවන්ට මොකද වෙන්නේ .....  ඒ අන්තිම දෙබස ..උන් වහන්සේ මා කළ .. නැවතත් කොළඹ මහාධිකරණයේ දි දැක දණ නවා මම වැන්දා උන්වහන්සේට . මගේ කරට අත් දාගෙන බොහොම උජාරුවෙන් අනෙක් ස්වාමින් වහන්සේ ලා ට මම ගැන කිව්වේ ය.  උන් වහන්සේ ෂර්ට් එක සරම ඇදුම ඇදලා උසාවි එන කොට දැනිච්ච හැගීම් ...... කොහොම වුවත් උන් වහන්සේට ඉක්මනින් නිදහස ලැබිලා මේ රටට සියළුම ජාතීන්ට සේවයක් කිරිමට ලැබේවා කියල ප්‍රාර්ථනා කරනවා..  ගලගොඩ අත්තේ හාමුදුරුවන්ට බුදු සරණයි  උපුටා ගැනුම Ranga Jeewa මහතාගේ මුහුණු පොතෙනි ..."
"Athula Amarasinghe","https://www.facebook.com/people/Athula-Amarasinghe/pfbid05xRECxJMiZU6t7SPM5vEhcvR56Ri6ytz3zVNa46gXp961xoABTEtadrtk7rNK7BLl","ඇත්ත හරියට ධර්මය දේශනා කරන හරියටම ධර්ම විනය රකින ගරුතර භික්‍ෂූන් වහන්සේ කෙනෙකුගේ චීවරයට තිබ්බොත් සොබා ධර්මය පමණක් නොවේ මහජනතාවත් කම්පා වේවි මෙතන තියෙන්නේ වෙනම තත්ත්වයක්නෙ,"
"Madhavi Rathnayaka","https://www.facebook.com/madhavi.rathnayaka.2025","Aiyoo  kiyanna hithena deewal godai. Nikan mokatada paw kraganne නේද"
"Kelum Wanniarachchi","https://www.facebook.com/people/Kelum-Wanniarachchi/pfbid0Zf7n2bxftiMhKMsqw4AThp3JBKUdjK9iuU9T8Mb19hwx5NU4HioyX4H4uUYvc91ql","එහෙම දාගත්ත එවුන් පොඩි එවුන් දූෂණය කරනකොට පොළොව කම්පා වෙලා විතරද නතරවෙන්නේ🤣 ane pala bb"
"Douglas Hewawasam","https://www.facebook.com/douglas.hewawasam.1","අනේ ගනයෝ."
"Dilruksha Madushan","https://www.facebook.com/vjmadushan.madushan.9","😂😂"
"Milan Kumara Edirisinhe","https://www.facebook.com/milankumara.edirisinhe","තොපි සිවුරු දාගන කරන .ලමා අපචාර .ආගමිි බේද. ජාති බේද වලට පොලව පැලිලා ගිලා බැස්සෙ නැති එක පුදුමයක් ..."
"Priyantha Wijesinha","https://www.facebook.com/priyantha.wijesinha.50","සිවුර ගzලෙව්වෙ උබලා වගේ තක්කඩියෙක්ගේ"
"Priyanka Chandrakumara Lokuwallage","https://www.facebook.com/priyanka.lokuwallage","දෙවියන්ට කන්නලවු කරනව"
"Shantha Mariyan Fernando","https://www.facebook.com/shalanka.fernando","Priyanka Chandrakumara Lokuwallage ඒකි සිවුර ගලෝනකොට කම්පා වෙන්නෙ ගනයගෙ මල්ලි 🤣🤣🤣🤣🤣🤣🤣"
"Kasun Srimal Karunasena","https://www.facebook.com/kasun.srimal.karunasena.2025","සමාව දුන්නොත් මේ දේ කන්නලව් දැකල ජනාදිපති ඊලග පාර චන්දෙත් දෙයියන්ගෙන්ම ගන්න කියනව. චන්දෙ නම් දෙන් නැ මේ වගේ උන්ට සමාව දුන්නොත් ආයෙ😒"
"Hubert Karunaratne","https://www.facebook.com/hubert.karunaratne.9","උබ වගේ හරකෙක් .."
"Ranjan Silva","https://www.facebook.com/ranjan.silva.7503","ඔබලා චිිවරය දරාගෙන කරන කුපාඩි කැ...වැඩ වලට ⁣මෙි සාසනය රැකිලා තියෙන එකත් පුදුමයි,තොපි  ඔය කටින් නෙමෙයි කතා කරන්නේ,"
"Chamod Chathuranga","https://www.facebook.com/chamod.chathuranga.96","කවුද බන් මේ 😅"
"Nipun Hasalanka","https://www.facebook.com/nipun.hasalanka.5","😂😂😂"
"Chandana Amarantha","https://www.facebook.com/chandana.amarantha","අනේ නැහැ  බන්..සිවුරැ ට අපහාස ...කරගත්තේ ඔබලාම තමයි"
"Samarakoon Banda","https://www.facebook.com/samarakoon.banda.2025","MITA passe hire Yana vita siura galawa ganna  Hire atule surata pau jajjai Siri kitai  Atule  Wenath agama wala ayath ennawane  Apita lajjaine neda"
"Chamara Ponnamperuma","https://www.facebook.com/chamara.epp","ඔයා හාමුදුරුවෝ මරණ්න බන කියලනෙ නාමල්ට අහල බලන්න  https://www.facebook.com/share/v/1Dq2dSGgKd"
"Sisira Pathma","https://www.facebook.com/sisira.pathma.2025","ලංකාවෙ  හාමුදුරුවෝ ඕස්ට්‍රේලියාව ත් කාල"
"Indika Peiris","https://www.facebook.com/indika.peiris.52","ඔය ඇඳන් ඉන්න සිවුරට අගෞරව කරන්න එපා"
"Chaminda Sarath Wijerathna","https://www.facebook.com/chaminda.sarath.wijerathna","මෙතන ගලෝනකොට කංපා උනාද.ජනතාව හිනස්සන්න එපා."
"Thusitha Kumara","https://www.facebook.com/thusitha.kumara.3990","ඒක ඇත්ත කමිිපා වෙනවා දැකලා මෙවා 😹😹"
"Sagara Sampath","https://www.facebook.com/sagara.sampath.319452","[Image Attachment]"
"Imesha Udayanga","https://www.facebook.com/imesha.udayanga","සිවුර දාගනෙ ගෑනු එක්ක බුදියනකොට  කවුරුත්  කම්පා වෙන්නැද්ද😕"
"colombo jewellery","https://www.facebook.com/people/colombo-jewellery/61591941482064","[Image Attachment]"
"Priyantha Kumara","https://www.facebook.com/profile.php?id=100011544877402","Ane palaganyo yann"
"Gayan Sameera Perera","https://www.facebook.com/wahappulega.perera","අටමාස්තානේ සිව්ර ගලවද්දී මොකක්ද දන්නෙ නෑ කම්පා උනේ නෙ, අනේ පලයන්, ඕව පටිසන් දෙන්නේ සිව්රක් ඇදන් ඔයවගේ වැඩ කරන තොපි වගේ හොර ගනයින්ට"
"Kamal Galhena","https://www.facebook.com/kamal.galhena","හාමුදුරුවරු කුඩා දැරියන්ගෙ යට ඇදුම් ගලවනකොට කම්පා වෙන්නෙ මොකක්ද කියහංකො"
"Nihal Chandrasiri","https://www.facebook.com/nuwan.kolla","Kamal Galhena සැර වැඩිද මන්දා"
"Ganthi Nathan Ganthi","https://www.facebook.com/ganthinathan.ganthi.3","Hunbala.hokama.oruo"
"Yamindra Harshana","https://www.facebook.com/yamindra.harshana","Siwra ussan podi lamainwa apacharaya karanakota monawada wenne"
"Ajith Gamage","https://www.facebook.com/people/Ajith-Gamage/pfbid0nDsoV1JkuLnoLconTBGgahjVkXU5gRdTE6tJVNdojaYyV8Vbc2XFcEwgYSgAAgvjl","ලොඩ්ඩ ගැහිලද"
"Sathyajeewa Vijendra","https://www.facebook.com/sathyajeewa.vijendra","බොරු කියන්නෙප බන් මේක ගලෝනක්ට කම්පා වුනෙ නැ😂😂😂😂"
"Sampath Fernando","https://www.facebook.com/people/Sampath-Fernando/100008274164047","Siuru daganathai mun gemdenne ethakota katath hoyanna bahane.🤢🤢🤢🤢🤮🤮🤮🤮😡😡😡👎👎🤮🤮🤮 nithiyata udin sellan danda denna epa Anura sahodaraya"
"ඉසුරු කුමාර","https://www.facebook.com/people/%E0%B6%89%E0%B7%83%E0%B7%94%E0%B6%BB%E0%B7%94-%E0%B6%9A%E0%B7%94%E0%B6%B8%E0%B7%8F%E0%B6%BB/pfbid0WXHMfAKvA96RMzLYJrvBTaNWjHYscRmbayg5hKwPskY78QjQDAsXrXUMRc4TqFW8l","ඔබලා වගෙ හොරු කප්පා වුණාට බත් කන්න එම නැ මුන් රටටම සපයක් රාජපක්ෂලා නිකාය"
"Shalika Manoj Kumara","https://www.facebook.com/shalika.kumara.54","කව්රුවත් කම්පා නොවුන හැටි..."
"Shalika Manoj Kumara","https://www.facebook.com/shalika.kumara.54","[Image Attachment]"
"Rashmika De Silva","","[Image Attachment]"
"Bisthami","https://www.facebook.com/people/Bisthami/61590231782559","සිවුර ගලවලා පොඩි එවුන් දූෂණය කරනකොට මොනවද කම්පා වෙන්නේ🤣🤣"
"Buddhika Vithanage","https://www.facebook.com/buddhika.vithanage.997772","Hari hari httwal thamai wenne 😂🏴  https://www.facebook.com/share/v/18DBcnswh6/?mibextid=wwXIfr"
"Vinod Max","https://www.facebook.com/people/Vinod-Max/pfbid06uF1ovpKboPyVvMfvwFdPEDS3oprvRpnimnBUT11S7z65WrqQGfi7Nmmpz4p6eJ8l","Anuradhapure maha eka podi ekek dushane karanna siuru galonakota ube ammada kampa une? Thopi amu sakkili🤢🤮💩"
"Isuru Sarathchandra","https://www.facebook.com/R.W.M.I.U.Sarathchandra","😂"
"Gongitota Punnyawardana Nimal","https://www.facebook.com/poojaweddingdecor.nimal","මේවා දැක්කහම බෞද්ධයෝ කම්පාවෙනවා....🤣"
"Eranda Roshan","https://www.facebook.com/eranda.roshan.988","[Image Attachment]"
"Mariam Saif","https://www.facebook.com/people/Mariam-Saif/pfbid0158MDEWyXfj4yciWpPczk7tifUhWQEWVmf4LydgeyYJV52mZ5xx1T3GQgrDQgs5jl","[Image Attachment]"
"Hameera Ranga","https://www.facebook.com/kh.hameera","[Image Attachment]"
"Ranga Kodithuwakku","https://www.facebook.com/kkdranga","මුන්ට කන්න දෙන උන්ට ගහන්න ඕන"
"Lakshika Edirisingha","https://www.facebook.com/lakshika.eddirishigha","Palayan gothaya"
"Saman Welagedara","https://www.facebook.com/saman.welagedara","දාතු පහ උනා"
"Shanthi Chandrasekera","https://www.facebook.com/profile.php?id=100001491517826","පංසලෙ කාමරෙ අස්සට පොඩි දුවලා,ගැහැණු දාගෙන සිව් ර ගලවනකොට මහ පොළොව කම්පා වෙන්නැද්ද බන් 😂😂😂"
"Samantha Perera","https://www.facebook.com/samantha.perera.35325","සිවුර දාගෙන බඩු ගහන කොට දෙවියන්ට මොකද වුණේ"
"Samantha Perera","https://www.facebook.com/samantha.perera.35325","සිවුර ගලවන් දැරියක් දුෂණය කරන කොට,මහ පොලොව කම්පා වෙන්නේ නැද්ද"
"Samantha Perera","https://www.facebook.com/samantha.perera.35325","සිවුර ගලෝලා තියලා රති කෙලිනකොට  ඔය කියන දෙවි වරු කොච්චර කම්පා වෙන්න ඇතිද  😡😡.. ඒක තමා දුශ්ශීලයෝ   මේ සාසනයට අනාවරණය කරලා  නෙරපලා දාන්නේ💩💩😡"
"BL Samarasinghe","https://www.facebook.com/bandulalalpath.samarasinghe","What will happen when you sleep  with women and girls , and Small boys , your secret wives, ....you have children,....Where are the GODS ?    GO TO HELL MAN .......DON'T CHEAT THE PEOPLE.....GON MEEHARAKA"
"Nihal Priyantha","https://www.facebook.com/nihal.priyantha.483520","සිවුර ගලවන් දැරියක් දුෂණය කරන කොට,මහ පොලොව කම්පා වෙන්නේ නැද්ද"
"Nihal Priyantha","https://www.facebook.com/nihal.priyantha.483520","සිවුර ගලවලා පොඩි එවුන් දූෂණය කරනකොට මොනවද කම්පා වෙන්නේ 🤮🤌"
"W.m. Nalaka Ruwan Bandara","https://www.facebook.com/w.m.nalakaruwan.bandara","muuu hari hari"
"Harsha Hash Hashee","https://www.facebook.com/people/Harsha-Hash-Hashee/pfbid02CLkPpyhxPZy25dfNESMdpSdKFoXuLxyYspPVVtgEvEVF1zZGozTgrC8dStLcGAGRl","Muth karima horaaaa"
"Lahiru Dhananjaya","https://www.facebook.com/lahiru.dhananjaya.2025","සිවුර ගලවලා පොඩි එවුන් දූෂණය කරනකොට මොනවද කම්පා වෙන්නේ 🤮"
"Sandaruwan Herath","https://www.facebook.com/sandaruwan.herath.240266","HTTP"
"Krish Daluwakgoda","https://www.facebook.com/daluwakgodahewage.krishantha","බුදුසසුන විනාසනොකර ගලවපිය සිවුර මූඩ තට්ටයා"
"Dinesh Manjula","https://www.facebook.com/dinesh.manjula.1614","උබලා වගේ සිවුරු හොරු දැක්කා ම අපිත් කමිපා වෙනවා"
"Jeewan Jayarathna","https://www.facebook.com/jeewan.jayarathna.3","Comment  Talala kampaweyan"
"Nirosha Wijesinha","https://www.facebook.com/people/Nirosha-Wijesinha/100081173066796","Siwru horu"
"Tiny World Studio","https://www.facebook.com/people/Tiny-World-Studio/61593298184005","කෙනෙකුට වෛර කිරීම හෝ ක්‍රෝධයෙන් බැන වැදීම කියන්නේ අනුන්ට ගහන්න රත්වූ ගිනි අඟුරක් අතට ගන්නවා වගේ වැඩක් ඒකෙන් අනුන් පිච්චෙන්න කලින් මුලින්ම පිච්චෙන්නේ තමන්ගෙම අතයි"
"Tiny World Studio","https://www.facebook.com/people/Tiny-World-Studio/61593298184005","කෙනෙක් වරදක් කර ඇත්නම් ඒකට නීතිය ක්‍රියාත්මක වේවි නමුත් ඒ දිහා බලලා වෛරයෙන් සතුටු වීමෙන් (පරපීඩා සතුටින්) වෙන්නේ අපිම අපේ සිත දූෂ්‍ය කරගෙන අකුසල් පුරවා ගැනීම විතරයි අනුන්ගේ වැරදි හොයන්න කලින් තමන්ගේ හදවත තුළ ක්‍රෝධය නැමැති ගින්න ඇවිලෙනවද කියලා බලන එකයි සැබෑ බෞද්ධ විනය අනුන්ට දොස් කීමට පෙර තමන්ගේ සිත රැකගනිමු සුවපත් වේවා"
"Tiny World Studio","https://www.facebook.com/people/Tiny-World-Studio/61593298184005","කෙනෙක් වරදක් කර ඇත්නම් ඒකට නීතිය ක්‍රියාත්මක වේවි නමුත් ඒ දිහා බලලා වෛරයෙන් සතුටු වීමෙන් (පරපීඩා සතුටින්) වෙන්නේ අපිම අපේ සිත දූෂ්‍ය කරගෙන අකුසල් පුරවා ගැනීම විතරයි අනුන්ගේ වැරදි හොයන්න කලින් තමන්ගේ හදවත තුළ ක්‍රෝධය නැමැති ගින්න ඇවිලෙනවද කියලා බලන එකයි සැබෑ බෞද්ධ විනය අනුන්ට දොස් කීමට පෙර තමන්ගේ සිත රැකගනිමු සුවපත් වේවා"
"Sudaksan Sudaksan","https://www.facebook.com/profile.php?id=100000764272744","සිවුර ගලවලා පොඩි එවුන් දූෂණය කරනකොට මොනවද කම්පා වෙන්නේ 🤮🤌"
"Tiny World Studio","https://www.facebook.com/people/Tiny-World-Studio/61593298184005","කෙනෙක් වරදක් කර ඇත්නම් ඒකට නීතිය ක්‍රියාත්මක වේවි නමුත් ඒ දිහා බලලා වෛරයෙන් සතුටු වීමෙන් (පරපීඩා සතුටින්) වෙන්නේ අපිම අපේ සිත දූෂ්‍ය කරගෙන අකුසල් පුරවා ගැනීම විතරයි අනුන්ගේ වැරදි හොයන්න කලින් තමන්ගේ හදවත තුළ ක්‍රෝධය නැමැති ගින්න ඇවිලෙනවද කියලා බලන එකයි සැබෑ බෞද්ධ විනය අනුන්ට දොස් කීමට පෙර තමන්ගේ සිත රැකගනිමු සුවපත් වේවා"
"Tiny World Studio","https://www.facebook.com/people/Tiny-World-Studio/61593298184005","කෙනෙක් වරදක් කර ඇත්නම් ඒකට නීතිය ක්‍රියාත්මක වේවි නමුත් ඒ දිහා බලලා වෛරයෙන් සතුටු වීමෙන් (පරපීඩා සතුටින්) වෙන්නේ අපිම අපේ සිත දූෂ්‍ය කරගෙන අකුසල් පුරවා ගැනීම විතරයි අනුන්ගේ වැරදි හොයන්න කලින් තමන්ගේ හදවත තුළ ක්‍රෝධය නැමැති ගින්න ඇවිලෙනවද කියලා බලන එකයි සැබෑ බෞද්ධ විනය අනුන්ට දොස් කීමට පෙර තමන්ගේ සිත රැකගනිමු සුවපත් වේවා"
"Tiny World Studio","https://www.facebook.com/people/Tiny-World-Studio/61593298184005","කෙනෙක් වරදක් කර ඇත්නම් ඒකට නීතිය ක්‍රියාත්මක වේවි නමුත් ඒ දිහා බලලා වෛරයෙන් සතුටු වීමෙන් (පරපීඩා සතුටින්) වෙන්නේ අපිම අපේ සිත දූෂ්‍ය කරගෙන අකුසල් පුරවා ගැනීම විතරයි අනුන්ගේ වැරදි හොයන්න කලින් තමන්ගේ හදවත තුළ ක්‍රෝධය නැමැති ගින්න ඇවිලෙනවද කියලා බලන එකයි සැබෑ බෞද්ධ විනය අනුන්ට දොස් කීමට පෙර තමන්ගේ සිත රැකගනිමු සුවපත් වේවා"
"Tiny World Studio","https://www.facebook.com/people/Tiny-World-Studio/61593298184005","කෙනෙක් වරදක් කර ඇත්නම් ඒකට නීතිය ක්‍රියාත්මක වේවි නමුත් ඒ දිහා බලලා වෛරයෙන් සතුටු වීමෙන් (පරපීඩා සතුටින්) වෙන්නේ අපිම අපේ සිත දූෂ්‍ය කරගෙන අකුසල් පුරවා ගැනීම විතරයි අනුන්ගේ වැරදි හොයන්න කලින් තමන්ගේ හදවත තුළ ක්‍රෝධය නැමැති ගින්න ඇවිලෙනවද කියලා බලන එකයි සැබෑ බෞද්ධ විනය අනුන්ට දොස් කීමට පෙර තමන්ගේ සිත රැකගනිමු සුවපත් වේවා"
"Tiny World Studio","https://www.facebook.com/people/Tiny-World-Studio/61593298184005","කෙනෙක් වරදක් කර ඇත්නම් ඒකට නීතිය ක්‍රියාත්මක වේවි නමුත් ඒ දිහා බලලා වෛරයෙන් සතුටු වීමෙන් (පරපීඩා සතුටින්) වෙන්නේ අපිම අපේ සිත දූෂ්‍ය කරගෙන අකුසල් පුරවා ගැනීම විතරයි අනුන්ගේ වැරදි හොයන්න කලින් තමන්ගේ හදවත තුළ ක්‍රෝධය නැමැති ගින්න ඇවිලෙනවද කියලා බලන එකයි සැබෑ බෞද්ධ විනය අනුන්ට දොස් කීමට පෙර තමන්ගේ සිත රැකගනිමු සුවපත් වේවා"
"Tiny World Studio","https://www.facebook.com/people/Tiny-World-Studio/61593298184005","කෙනෙක් වරදක් කර ඇත්නම් ඒකට නීතිය ක්‍රියාත්මක වේවි නමුත් ඒ දිහා බලලා වෛරයෙන් සතුටු වීමෙන් (පරපීඩා සතුටින්) වෙන්නේ අපිම අපේ සිත දූෂ්‍ය කරගෙන අකුසල් පුරවා ගැනීම විතරයි අනුන්ගේ වැරදි හොයන්න කලින් තමන්ගේ හදවත තුළ ක්‍රෝධය නැමැති ගින්න ඇවිලෙනවද කියලා බලන එකයි සැබෑ බෞද්ධ විනය අනුන්ට දොස් කීමට පෙර තමන්ගේ සිත රැකගනිමු සුවපත් වේවා"
"Tiny World Studio","https://www.facebook.com/people/Tiny-World-Studio/61593298184005","කෙනෙක් වරදක් කර ඇත්නම් ඒකට නීතිය ක්‍රියාත්මක වේවි නමුත් ඒ දිහා බලලා වෛරයෙන් සතුටු වීමෙන් (පරපීඩා සතුටින්) වෙන්නේ අපිම අපේ සිත දූෂ්‍ය කරගෙන අකුසල් පුරවා ගැනීම විතරයි අනුන්ගේ වැරදි හොයන්න කලින් තමන්ගේ හදවත තුළ ක්‍රෝධය නැමැති ගින්න ඇවිලෙනවද කියලා බලන එකයි සැබෑ බෞද්ධ විනය අනුන්ට දොස් කීමට පෙර තමන්ගේ සිත රැකගනිමු සුවපත් වේවා"
"Tiny World Studio","https://www.facebook.com/people/Tiny-World-Studio/61593298184005","කෙනෙක් වරදක් කර ඇත්නම් ඒකට නීතිය ක්‍රියාත්මක වේවි නමුත් ඒ දිහා බලලා වෛරයෙන් සතුටු වීමෙන් (පරපීඩා සතුටින්) වෙන්නේ අපිම අපේ සිත දූෂ්‍ය කරගෙන අකුසල් පුරවා ගැනීම විතරයි අනුන්ගේ වැරදි හොයන්න කලින් තමන්ගේ හදවත තුළ ක්‍රෝධය නැමැති ගින්න ඇවිලෙනවද කියලා බලන එකයි සැබෑ බෞද්ධ විනය අනුන්ට දොස් කීමට පෙර තමන්ගේ සිත රැකගනිමු සුවපත් වේවා"
"Tiny World Studio","https://www.facebook.com/people/Tiny-World-Studio/61593298184005","කෙනෙක් වරදක් කර ඇත්නම් ඒකට නීතිය ක්‍රියාත්මක වේවි නමුත් ඒ දිහා බලලා වෛරයෙන් සතුටු වීමෙන් (පරපීඩා සතුටින්) වෙන්නේ අපිම අපේ සිත දූෂ්‍ය කරගෙන අකුසල් පුරවා ගැනීම විතරයි අනුන්ගේ වැරදි හොයන්න කලින් තමන්ගේ හදවත තුළ ක්‍රෝධය නැමැති ගින්න ඇවිලෙනවද කියලා බලන එකයි සැබෑ බෞද්ධ විනය අනුන්ට දොස් කීමට පෙර තමන්ගේ සිත රැකගනිමු සුවපත් වේවා"
"Tiny World Studio","https://www.facebook.com/people/Tiny-World-Studio/61593298184005","කෙනෙක් වරදක් කර ඇත්නම් ඒකට නීතිය ක්‍රියාත්මක වේවි නමුත් ඒ දිහා බලලා වෛරයෙන් සතුටු වීමෙන් (පරපීඩා සතුටින්) වෙන්නේ අපිම අපේ සිත දූෂ්‍ය කරගෙන අකුසල් පුරවා ගැනීම විතරයි අනුන්ගේ වැරදි හොයන්න කලින් තමන්ගේ හදවත තුළ ක්‍රෝධය නැමැති ගින්න ඇවිලෙනවද කියලා බලන එකයි සැබෑ බෞද්ධ විනය අනුන්ට දොස් කීමට පෙර තමන්ගේ සිත රැකගනිමු සුවපත් වේවා"
"Tiny World Studio","https://www.facebook.com/people/Tiny-World-Studio/61593298184005","කෙනෙක් වරදක් කර ඇත්නම් ඒකට නීතිය ක්‍රියාත්මක වේවි නමුත් ඒ දිහා බලලා වෛරයෙන් සතුටු වීමෙන් (පරපීඩා සතුටින්) වෙන්නේ අපිම අපේ සිත දූෂ්‍ය කරගෙන අකුසල් පුරවා ගැනීම විතරයි අනුන්ගේ වැරදි හොයන්න කලින් තමන්ගේ හදවත තුළ ක්‍රෝධය නැමැති ගින්න ඇවිලෙනවද කියලා බලන එකයි සැබෑ බෞද්ධ විනය අනුන්ට දොස් කීමට පෙර තමන්ගේ සිත රැකගනිමු සුවපත් වේවා"
"Tiny World Studio","https://www.facebook.com/people/Tiny-World-Studio/61593298184005","කෙනෙක් වරදක් කර ඇත්නම් ඒකට නීතිය ක්‍රියාත්මක වේවි නමුත් ඒ දිහා බලලා වෛරයෙන් සතුටු වීමෙන් (පරපීඩා සතුටින්) වෙන්නේ අපිම අපේ සිත දූෂ්‍ය කරගෙන අකුසල් පුරවා ගැනීම විතරයි අනුන්ගේ වැරදි හොයන්න කලින් තමන්ගේ හදවත තුළ ක්‍රෝධය නැමැති ගින්න ඇවිලෙනවද කියලා බලන එකයි සැබෑ බෞද්ධ විනය අනුන්ට දොස් කීමට පෙර තමන්ගේ සිත රැකගනිමු සුවපත් වේවා"
"Felix Fernando","https://www.facebook.com/felix.fernando.1000","Don't worry our brother president AKD is blessed by the innocent people of the Sri Lanka."
"Tiny World Studio","https://www.facebook.com/people/Tiny-World-Studio/61593298184005","කෙනෙක් වරදක් කර ඇත්නම් ඒකට නීතිය ක්‍රියාත්මක වේවි නමුත් ඒ දිහා බලලා වෛරයෙන් සතුටු වීමෙන් (පරපීඩා සතුටින්) වෙන්නේ අපිම අපේ සිත දූෂ්‍ය කරගෙන අකුසල් පුරවා ගැනීම විතරයි අනුන්ගේ වැරදි හොයන්න කලින් තමන්ගේ හදවත තුළ ක්‍රෝධය නැමැති ගින්න ඇවිලෙනවද කියලා බලන එකයි සැබෑ බෞද්ධ විනය අනුන්ට දොස් කීමට පෙර තමන්ගේ සිත රැකගනිමු සුවපත් වේවා"
"Tiny World Studio","https://www.facebook.com/people/Tiny-World-Studio/61593298184005","කෙනෙක් වරදක් කර ඇත්නම් ඒකට නීතිය ක්‍රියාත්මක වේවි නමුත් ඒ දිහා බලලා වෛරයෙන් සතුටු වීමෙන් (පරපීඩා සතුටින්) වෙන්නේ අපිම අපේ සිත දූෂ්‍ය කරගෙන අකුසල් පුරවා ගැනීම විතරයි අනුන්ගේ වැරදි හොයන්න කලින් තමන්ගේ හදවත තුළ ක්‍රෝධය නැමැති ගින්න ඇවිලෙනවද කියලා බලන එකයි සැබෑ බෞද්ධ විනය අනුන්ට දොස් කීමට පෙර තමන්ගේ සිත රැකගනිමු සුවපත් වේවා"
"Tiny World Studio","https://www.facebook.com/people/Tiny-World-Studio/61593298184005","කෙනෙක් වරදක් කර ඇත්නම් ඒකට නීතිය ක්‍රියාත්මක වේවි නමුත් ඒ දිහා බලලා වෛරයෙන් සතුටු වීමෙන් (පරපීඩා සතුටින්) වෙන්නේ අපිම අපේ සිත දූෂ්‍ය කරගෙන අකුසල් පුරවා ගැනීම විතරයි අනුන්ගේ වැරදි හොයන්න කලින් තමන්ගේ හදවත තුළ ක්‍රෝධය නැමැති ගින්න ඇවිලෙනවද කියලා බලන එකයි සැබෑ බෞද්ධ විනය අනුන්ට දොස් කීමට පෙර තමන්ගේ සිත රැකගනිමු සුවපත් වේවා"
"Tiny World Studio","https://www.facebook.com/people/Tiny-World-Studio/61593298184005","කෙනෙක් වරදක් කර ඇත්නම් ඒකට නීතිය ක්‍රියාත්මක වේවි නමුත් ඒ දිහා බලලා වෛරයෙන් සතුටු වීමෙන් (පරපීඩා සතුටින්) වෙන්නේ අපිම අපේ සිත දූෂ්‍ය කරගෙන අකුසල් පුරවා ගැනීම විතරයි අනුන්ගේ වැරදි හොයන්න කලින් තමන්ගේ හදවත තුළ ක්‍රෝධය නැමැති ගින්න ඇවිලෙනවද කියලා බලන එකයි සැබෑ බෞද්ධ විනය අනුන්ට දොස් කීමට පෙර තමන්ගේ සිත රැකගනිමු සුවපත් වේවා"
"Tiny World Studio","https://www.facebook.com/people/Tiny-World-Studio/61593298184005","කෙනෙක් වරදක් කර ඇත්නම් ඒකට නීතිය ක්‍රියාත්මක වේවි නමුත් ඒ දිහා බලලා වෛරයෙන් සතුටු වීමෙන් (පරපීඩා සතුටින්) වෙන්නේ අපිම අපේ සිත දූෂ්‍ය කරගෙන අකුසල් පුරවා ගැනීම විතරයි අනුන්ගේ වැරදි හොයන්න කලින් තමන්ගේ හදවත තුළ ක්‍රෝධය නැමැති ගින්න ඇවිලෙනවද කියලා බලන එකයි සැබෑ බෞද්ධ විනය අනුන්ට දොස් කීමට පෙර තමන්ගේ සිත රැකගනිමු සුවපත් වේවා"
"Tiny World Studio","https://www.facebook.com/people/Tiny-World-Studio/61593298184005","කෙනෙක් වරදක් කර ඇත්නම් ඒකට නීතිය ක්‍රියාත්මක වේවි නමුත් ඒ දිහා බලලා වෛරයෙන් සතුටු වීමෙන් (පරපීඩා සතුටින්) වෙන්නේ අපිම අපේ සිත දූෂ්‍ය කරගෙන අකුසල් පුරවා ගැනීම විතරයි අනුන්ගේ වැරදි හොයන්න කලින් තමන්ගේ හදවත තුළ ක්‍රෝධය නැමැති ගින්න ඇවිලෙනවද කියලා බලන එකයි සැබෑ බෞද්ධ විනය අනුන්ට දොස් කීමට පෙර තමන්ගේ සිත රැකගනිමු සුවපත් වේවා"
"Tiny World Studio","https://www.facebook.com/people/Tiny-World-Studio/61593298184005","කෙනෙක් වරදක් කර ඇත්නම් ඒකට නීතිය ක්‍රියාත්මක වේවි නමුත් ඒ දිහා බලලා වෛරයෙන් සතුටු වීමෙන් (පරපීඩා සතුටින්) වෙන්නේ අපිම අපේ සිත දූෂ්‍ය කරගෙන අකුසල් පුරවා ගැනීම විතරයි අනුන්ගේ වැරදි හොයන්න කලින් තමන්ගේ හදවත තුළ ක්‍රෝධය නැමැති ගින්න ඇවිලෙනවද කියලා බලන එකයි සැබෑ බෞද්ධ විනය අනුන්ට දොස් කීමට පෙර තමන්ගේ සිත රැකගනිමු සුවපත් වේවා"
"Tiny World Studio","https://www.facebook.com/people/Tiny-World-Studio/61593298184005","කෙනෙක් වරදක් කර ඇත්නම් ඒකට නීතිය ක්‍රියාත්මක වේවි නමුත් ඒ දිහා බලලා වෛරයෙන් සතුටු වීමෙන් (පරපීඩා සතුටින්) වෙන්නේ අපිම අපේ සිත දූෂ්‍ය කරගෙන අකුසල් පුරවා ගැනීම විතරයි අනුන්ගේ වැරදි හොයන්න කලින් තමන්ගේ හදවත තුළ ක්‍රෝධය නැමැති ගින්න ඇවිලෙනවද කියලා බලන එකයි සැබෑ බෞද්ධ විනය අනුන්ට දොස් කීමට පෙර තමන්ගේ සිත රැකගනිමු සුවපත් වේවා"
"Tiny World Studio","https://www.facebook.com/people/Tiny-World-Studio/61593298184005","කෙනෙක් වරදක් කර ඇත්නම් ඒකට නීතිය ක්‍රියාත්මක වේවි නමුත් ඒ දිහා බලලා වෛරයෙන් සතුටු වීමෙන් (පරපීඩා සතුටින්) වෙන්නේ අපිම අපේ සිත දූෂ්‍ය කරගෙන අකුසල් පුරවා ගැනීම විතරයි අනුන්ගේ වැරදි හොයන්න කලින් තමන්ගේ හදවත තුළ ක්‍රෝධය නැමැති ගින්න ඇවිලෙනවද කියලා බලන එකයි සැබෑ බෞද්ධ විනය අනුන්ට දොස් කීමට පෙර තමන්ගේ සිත රැකගනිමු සුවපත් වේවා"
"Tiny World Studio","https://www.facebook.com/people/Tiny-World-Studio/61593298184005","කෙනෙක් වරදක් කර ඇත්නම් ඒකට නීතිය ක්‍රියාත්මක වේවි නමුත් ඒ දිහා බලලා වෛරයෙන් සතුටු වීමෙන් (පරපීඩා සතුටින්) වෙන්නේ අපිම අපේ සිත දූෂ්‍ය කරගෙන අකුසල් පුරවා ගැනීම විතරයි අනුන්ගේ වැරදි හොයන්න කලින් තමන්ගේ හදවත තුළ ක්‍රෝධය නැමැති ගින්න ඇවිලෙනවද කියලා බලන එකයි සැබෑ බෞද්ධ විනය අනුන්ට දොස් කීමට පෙර තමන්ගේ සිත රැකගනිමු සුවපත් වේවා"
"Tiny World Studio","https://www.facebook.com/people/Tiny-World-Studio/61593298184005","කෙනෙක් වරදක් කර ඇත්නම් ඒකට නීතිය ක්‍රියාත්මක වේවි නමුත් ඒ දිහා බලලා වෛරයෙන් සතුටු වීමෙන් (පරපීඩා සතුටින්) වෙන්නේ අපිම අපේ සිත දූෂ්‍ය කරගෙන අකුසල් පුරවා ගැනීම විතරයි අනුන්ගේ වැරදි හොයන්න කලින් තමන්ගේ හදවත තුළ ක්‍රෝධය නැමැති ගින්න ඇවිලෙනවද කියලා බලන එකයි සැබෑ බෞද්ධ විනය අනුන්ට දොස් කීමට පෙර තමන්ගේ සිත රැකගනිමු සුවපත් වේවා"
"Tiny World Studio","https://www.facebook.com/people/Tiny-World-Studio/61593298184005","කෙනෙක් වරදක් කර ඇත්නම් ඒකට නීතිය ක්‍රියාත්මක වේවි නමුත් ඒ දිහා බලලා වෛරයෙන් සතුටු වීමෙන් (පරපීඩා සතුටින්) වෙන්නේ අපිම අපේ සිත දූෂ්‍ය කරගෙන අකුසල් පුරවා ගැනීම විතරයි අනුන්ගේ වැරදි හොයන්න කලින් තමන්ගේ හදවත තුළ ක්‍රෝධය නැමැති ගින්න ඇවිලෙනවද කියලා බලන එකයි සැබෑ බෞද්ධ විනය අනුන්ට දොස් කීමට පෙර තමන්ගේ සිත රැකගනිමු සුවපත් වේවා"
"Tiny World Studio","https://www.facebook.com/people/Tiny-World-Studio/61593298184005","කෙනෙක් වරදක් කර ඇත්නම් ඒකට නීතිය ක්‍රියාත්මක වේවි නමුත් ඒ දිහා බලලා වෛරයෙන් සතුටු වීමෙන් (පරපීඩා සතුටින්) වෙන්නේ අපිම අපේ සිත දූෂ්‍ය කරගෙන අකුසල් පුරවා ගැනීම විතරයි අනුන්ගේ වැරදි හොයන්න කලින් තමන්ගේ හදවත තුළ ක්‍රෝධය නැමැති ගින්න ඇවිලෙනවද කියලා බලන එකයි සැබෑ බෞද්ධ විනය අනුන්ට දොස් කීමට පෙර තමන්ගේ සිත රැකගනිමු සුවපත් වේවා"
"Herath Ekanayaka","https://www.facebook.com/herath.ekanayaka.967","Ana. Ganayo"
"Senaka Kotigala","https://www.facebook.com/senaka.kotigala","Fuc.You Hora Ganaya 🖕🖕🤣"
"Rohana Kumara","https://www.facebook.com/rohana.kumara.852222","Pow Mooda.yakk"
"Nihal Dharmakeerthi","https://www.facebook.com/nihal.tharmageerthi","Pissooooo"
"Pearl De Rozario","https://www.facebook.com/pearl.de.rozario","Hahaha 🤣"
"Sampath Manage","https://www.facebook.com/sampath.manage.2025","....ta galle"
"Nayo Dill","https://www.facebook.com/people/Nayo-Dill/pfbid02xNX2mQ4wDuWdQ3ah8uXCS9bMEghkNXFRrYPD8znvKqR9Wo2Vhx9vhUUqrGh8TXWql","සිවුර ඳාගෙන  පොඩි ළමයින්ගේ. රෙඳි ගලවනකොට   මුකුත් උනේ නැඳ්ඳ"
