User Name,Profile Link,Comment
"Nilmini Jayakodi","https://www.facebook.com/nilmini.jayakodi.5602","ධනය, බලය තියෙන හොරුන්ට සහ දූෂිතයන්ට අධාර්මික උනාට කමක් නෑ. රටේ සාමාන්‍ය ජනතාවට අනුර හොඳයි 😂🤣🤣🤣"
"Janitha Kumara","https://www.facebook.com/janitha.kumara.39","Nilmini Jayakodi හරියට හරි"
"Fernando Judy Ferdinando","","Janitha Kumara"
"Fernando Judy Ferdinando","","Nilmini Jayakodi"
"Digi Printing","https://www.facebook.com/digi.printing.904035","Nilmini Jayakodi හොඳ වැඩි වෙලා සැප කනින් බේරෙනවා, ltteඑකටයි  නිවට ඉන්දියාවටයි නම් හොඳයි"
"Dudley Gunasekera","https://www.facebook.com/dudley.gunasekera.3","Nilmini Jayakodi OBA HARI KELLA"
"Lanka Trends","https://www.facebook.com/people/Lanka-Trends/pfbid02iuZC2R3Gw7WveK2LmKwoFrsLz5GoXpkvVd59EZvbpyPnsba9YifRQsiUVpqivdkol","චීවරධාරී හැමෝම ”සඟ ” නොවන අතර ධාර්මික ද නොවේ. අධාර්මික තක්කඩියන් ප්‍රසිද්ධිය සහ දේශපාලනය උදෙසා සිවුර භාවිත කිරීම නතර කිරීමට මහනායක හිමියන් කටයුතු කරන්නේනම් මැනවි"
"Janitha Kumara","https://www.facebook.com/janitha.kumara.39","Lanka Trends හරියට හරි"
"Ni Ra Nj An","https://www.facebook.com/niranjan.nhewage","Lanka Trends කොහේ කරන්නද? අමස්ථානාධිපතිට එකෙක් කට ඇරියද??😂"
"Susil Santha","https://www.facebook.com/susil.santha.98","Lanka Trends ane pala pala yanna tho issarala itbihasaya balapiya jathiyata agamata ratata henagaha hama avasthavakama peramuna ganne maha sagaruvana uba monada dahama GANA danne yako dahama rakinna valadaganna nidahase inna ratak thiyenna oni nupan daruvanta me dahama ithuru karanna oni sinhalayata thiyana ekama rate mehema venne as araka balapiya svadinava ."
"Dematagolla Gedhara","https://www.facebook.com/dematagolla.gedhara","Lanka Trends niwerathy dhekma"
"Dematagolla Gedhara","https://www.facebook.com/dematagolla.gedhara","Susil Santha oba palamuwa manussayak wenta unanthuwenta"
"Thusitha Rajapaksha","https://www.facebook.com/thusitha.rajapaksha.75","ආ කමක් නෑ.. අපිට අනුර හොදයි ... ඒකනේ පත්කර ගත්තේ.."
"Ananda Samarawickrama","https://www.facebook.com/ananda.samarawickrama.7","Thusitha Rajapaksha yes bro"
"Janitha Kumara","https://www.facebook.com/janitha.kumara.39","Thusitha Rajapaksha හරියට හරි"
"ජයකොඩි ජයකොඩි","https://www.facebook.com/people/%E0%B6%A2%E0%B6%BA%E0%B6%9A%E0%B7%9C%E0%B6%A9%E0%B7%92-%E0%B6%A2%E0%B6%BA%E0%B6%9A%E0%B7%9C%E0%B6%A9%E0%B7%92/pfbid0kf824tCjuZstDqgWHtbn6momQvvP6RFqHvR68KPdBv4R3a1w228NxdjMUJvcjcsvl","Thusitha Rajapaksha ධර්ම කුපාඩි නෙමෙයි නේද මචං"
"Fernando Judy Ferdinando","","Janitha Kumara"
"Thusitha Rajapaksha","https://www.facebook.com/thusitha.rajapaksha.75","ජයකොඩි ජයකොඩි ගරුතර තිත්තගල්ලේ  ආනන්දසිරි හාමුදුරුවෝ  කියන්නේ අනිත් අය වගේ චීවරයට නිගාවෙන විදිහට වැඩ කරපු කෙනෙක් නෙවේ. ඉතාම හොද අභිධර්ම  දෙශකයානන් වහන්සේ  කෙනෙක්. ඒත් රටේ නීතියට ඇගිලි ගැසීම අභියෝග  කිරීම කිසිම වෙලාවක අනුමත  කරන්නේ නෑ. ආගමික මුහුණුවරකින්  රටක නීතියට අභියෝග  කරන එක වැරදී."
"Kumarathunga Kumarathunga","https://www.facebook.com/kumarathunga.kumarathunga.754","Thusitha Rajapaksha එකෙන්ම"
"Nuwan Sameera Jayawickrama","https://www.facebook.com/nuwansameerajayawickrama","ධාර්මිෂ්ඨ කියන්නේ  වනචාරි චීවර රඳවනයන්ගේ අවශ්‍ය කාරණා ඉෂ්ඨ කිරීම නොවන වග තේරුම් ගත්තොත් හොඳයි"
"Janitha Kumara","https://www.facebook.com/janitha.kumara.39","Nuwan Sameera Jayawickrama හරියට හරි"
"Krishantha Bandara","https://www.facebook.com/krishantha.bandara.979847","ඔයාට වඩා නම් සිල්වත් ..😁😁😁"
"Janitha Kumara","https://www.facebook.com/janitha.kumara.39","Krishantha Bandara අනිවාර්යයෙන්"
"Thabawitage Don Nishantha","https://www.facebook.com/ghanasiri.nishantha","ධාර්මික කව්ද අධාර්මික කව්දකියල අපිට හොඳට තේරෙනව"
"Janitha Kumara","https://www.facebook.com/janitha.kumara.39","Thabawitage Don Nishantha හරියට හරි"
"Tony Nanayakkara","https://www.facebook.com/tony.nanayakkara.2025","ඔබ ධාර්මික ද, ඤාණසාර ධාර්මික ද. ඔබත් තව නානසාර කෙනෙක්ද"
"Janitha Kumara","https://www.facebook.com/janitha.kumara.39","Tony Nanayakkara අන්න එහෙම අහන්න මුන් ගෙන්"
"Prabod Weerakoon","https://www.facebook.com/prabodh.kavinda","Tony Nanayakkara දේවදත්ත ධාර්මිකද ? බුදු හිමි දේවදත්තව එලවව්වද හොද පැත්තට ගන්ට ට්‍රයි කරාද 👍 නානසාර වගේ අයට මෙත් වැඩීමට බැරි ඔයා බොවුද්ධ ද ? සතුරාටත් මෙත් වඩන්ට කිව්වෙ බුදු හාමුදුරුවො  👍"
"ජයකොඩි ජයකොඩි","https://www.facebook.com/people/%E0%B6%A2%E0%B6%BA%E0%B6%9A%E0%B7%9C%E0%B6%A9%E0%B7%92-%E0%B6%A2%E0%B6%BA%E0%B6%9A%E0%B7%9C%E0%B6%A9%E0%B7%92/pfbid0kf824tCjuZstDqgWHtbn6momQvvP6RFqHvR68KPdBv4R3a1w228NxdjMUJvcjcsvl","Tony Nanayakkara නෑ ධර්ම කුපාඩි කියල කියන්න වෙන්නේ නේද"
"Indika Suriyapperuma","https://www.facebook.com/people/Indika-Suriyapperuma/pfbid024mWDt9F6xz3spFDqtGkDapcSs6pw8xsHvd7BP6CeoJc3byokbMbNnMNYJz4YTz59l","Dan me darma sakachvakda karanne"
"Lasantha Rathnayaka","https://www.facebook.com/people/Lasantha-Rathnayaka/pfbid0GejLEQGwLZBjeRCDN8ssKzMH92psJeDxpK4wyUTbFWuetM7LNzYZRigskJwpQLHol","Prabod Weerakoon ehenam hire yana okkotamma meth wadala nikam imu daduwam nokara.athal denna epa mahaththayo"
"Manu Mano","https://www.facebook.com/people/Manu-Mano/pfbid0sUnmy9cDPmr3nzi4tjYCwYNXeknKPyatednnzv52bi7G1ng8RctqyMh6AMMPMCz4l","කවුද මල්ලී මේ"
"Janitha Kumara","https://www.facebook.com/janitha.kumara.39","Manu Mano රාජපක්ෂ නිකායේ බූරුවෙක්"
"Gamini Hewawasam","https://www.facebook.com/gamini.hewawasam","Manu Mano samantha badda anka 2ka me.rahath wela inne."
"Rajith Prasantha","https://www.facebook.com/rajith.prasantha","උබට ධාර්මික මීටරේ  හදලා දුන්නේ නෑමොලයද තිත්‍තයෝ?"
"ජයකොඩි ජයකොඩි","https://www.facebook.com/people/%E0%B6%A2%E0%B6%BA%E0%B6%9A%E0%B7%9C%E0%B6%A9%E0%B7%92-%E0%B6%A2%E0%B6%BA%E0%B6%9A%E0%B7%9C%E0%B6%A9%E0%B7%92/pfbid0kf824tCjuZstDqgWHtbn6momQvvP6RFqHvR68KPdBv4R3a1w228NxdjMUJvcjcsvl","Rajith Prasantha"
"Samitha Deepana","https://www.facebook.com/samitha.deepana","ගණින්වහන්සේලා පවසන දේ එතරම් තැකිය යුතු නොවේ"
"Salinda Nuwan","","Samitha Deepana ඇත්ත..."
"Prasanga Navarathne","https://www.facebook.com/prasanga.navarathne","අරයට ඇතුලෙ ඇප උපස්තාන කරන්න ඇතුලට යන්න කරන කුමත්‍රනයක් වෙන්න බැරිද 🤪"
"ජයකොඩි ජයකොඩි","https://www.facebook.com/people/%E0%B6%A2%E0%B6%BA%E0%B6%9A%E0%B7%9C%E0%B6%A9%E0%B7%92-%E0%B6%A2%E0%B6%BA%E0%B6%9A%E0%B7%9C%E0%B6%A9%E0%B7%92/pfbid0kf824tCjuZstDqgWHtbn6momQvvP6RFqHvR68KPdBv4R3a1w228NxdjMUJvcjcsvl","Prasanga Navarathne දෙන්න ද"
"Danushka Lakmal","https://www.facebook.com/danushka.lakmal.161","කිව්ව කියල හිතාගන්න 😂😂"
"DK Mahinda","https://www.facebook.com/dk.mahinda.3","ඔයාට හොඳ කව්ද සාදු?"
"චාමින්දන රණතුංග","https://www.facebook.com/h4zo11mkoz","එහෙමනම් පොළොන්නරු කතිකාවත කරපු දිඹුලාගල කාශ්‍යප හාමුදුරුවෝ, මහා පරාක්‍රමබාහු රජතුමා එහෙමත්  අධාර්මිකයි. දෙවැනි ධර්ම සංගායනාව කරවූ  කාලාශෝක රජ්ජුරුවෝ හතරවෙනි ධර්ම සංගායනාව කරවූ කණිෂ්ක රජ්ජුරුවො එහෙමත් අධාර්මිකයි. ඒ හැමෝමත් කළේ දුශ්ශීල මහණුන් සසුනෙන් නෙරපීම යි. චීවරයක් කය ලා ගත් පමණින් භික්ෂුවක් නොවන්නේම ය. උන් උතුම් මහා සඟරුවනටත් නිගා දෙන්නෝම ය. මෙසේ වෛරය වපුරුවන මොහු වැනි දුශ්ශීල මහණුන්ට ද කීමට ඇත්තේ ද එපමණක්ම වේ."
"Lalith Samarakoon","https://www.facebook.com/lalithsjm","Haa....horaakanna dennema ne neda machan"
"Sumudu Herath Pathiranalage","https://www.facebook.com/sumudu.herathpathiranalage","Hora hatthata naraka unata rate janathawata supiri nayakayek anura 🙏🙏"
"Nandana Darmathilka","https://www.facebook.com/people/Nandana-Darmathilka/pfbid0bymkindV41JPtpT8gnmZtSy663Zy38rKHFGJqZy9yeTJURPFLWuPr5XCwcg19g8Pl","යම ලෝකේ යම රජු  හිටියට ලංකාවේ......... ශිලයෙන් ගුණයෙන් යුත් පිංකෙතක් වැනි දැකිමට දුලබ සැරියුත් මුඟලන් සඟපරපුරෙන් පැවත එන බුදු පුතුන් ඇතිරටකට....?"
"Lalith Rodrigo","https://www.facebook.com/lalith.rodrigo.94","Adarmista unata prasnayak naha nidahasa Nam denna eapa Adikaranaya eawa balaganie"
"Upali Walqampaya","https://www.facebook.com/people/Upali-Walqampaya/pfbid02b6fKXx9tyzPQUbbRytmDM9xLhVEV1NnWQyzvYA79TBPVo5UJEUhPcrvNpEZ5dbYAl","එතකොට තිත්තගල්ල ධර්මිකද"
"අලංකාර පියස","https://www.facebook.com/people/%E0%B6%85%E0%B6%BD%E0%B6%82%E0%B6%9A%E0%B7%8F%E0%B6%BB-%E0%B6%B4%E0%B7%92%E0%B6%BA%E0%B7%83/pfbid0DDCmr8NhCysYYBX7bwpk3fpkwbJSoe5q2TsjNrK6iG6WPRQo2BdUCxztU1mxjQMUl","බලපන්කො මුගෙ මූන දිහා රැ බීපූ අරක්කු වල වෙරි වත් තවම හිදිලා නැහැ"
"Gamage Eric Stanley Perera","https://www.facebook.com/gamageericstanley.perera.9","අලංකාර පියස අනේ පල බල්ලා,තොපි තමයී ජාතිය විනාශ කරන්නේ"
"Premarathna Liyanage","https://www.facebook.com/premarathna.liyanage.60992","අලංකාර පියස"
"අලංකාර පියස","https://www.facebook.com/people/%E0%B6%85%E0%B6%BD%E0%B6%82%E0%B6%9A%E0%B7%8F%E0%B6%BB-%E0%B6%B4%E0%B7%92%E0%B6%BA%E0%B7%83/pfbid0DDCmr8NhCysYYBX7bwpk3fpkwbJSoe5q2TsjNrK6iG6WPRQo2BdUCxztU1mxjQMUl","Premarathna Liyanage ඔය පොස්ටරය රොල් කරලා ගහගනින් තොගෙ පුකෙ එතකොට පුක රත් වෙලා රටෙ හොරකම් කරලා කාපු එවා බඩ බුරුලට යයි"
"Sameera D Aluthge","https://www.facebook.com/nadun.saliya.3","ලංකාවේ බුද්ධ සාසනය වෙතමිසදිටු මත පොම්ප කරන පිරිස හා සටන් කිරීමට වැඩ පිළිවෙලක් සාසන බලධාරීන් වහන්සේ ලා හට නොමැති වීම මිසදිටු මත පොම්ප කරන සංවිධාන වලට මහත් වූ ලාභයක් ම ය 🙏🙏🙏🙏🙏 පින්වතුනි  අප ධර්මය ( ත්‍රිපිටකය හා අටුවාව ) නොදන්නා තාක් කල් මිත්‍යාදෘෂ්ටිය ට හිස එසවිය හැකි ....... (පින්වත් කෝරළයාගම සරණතිස්ස ස්වාමීන් වහන්සේ ගේ ධර්ම දේශනාවක් ඇසුරිණි)"
"අලංකාර පියස","https://www.facebook.com/people/%E0%B6%85%E0%B6%BD%E0%B6%82%E0%B6%9A%E0%B7%8F%E0%B6%BB-%E0%B6%B4%E0%B7%92%E0%B6%BA%E0%B7%83/pfbid0DDCmr8NhCysYYBX7bwpk3fpkwbJSoe5q2TsjNrK6iG6WPRQo2BdUCxztU1mxjQMUl","Sameera D Aluthge සරණ තිස්ස ස්වාමීන් වාහන්සෙ ඇතුලූ දැනට ලංකාවේ බහුතරයක් හාමුදුරුවෝ නැවත මාහණ කර උතුම් වූ බුද්ධ ධර්මය නැවත පන්සිල් පද පහෙ සිට උගන්වා ඔබ ඇතුලූව උපාසක උපාසිකාවන් ට කාලාම සුත්‍රය ඉගෙන්වීම මගින් උතුම් වූ බුද්ධ ධර්මය සිංහල බෞද්ධ පමණක් අයිති වු ආගමක් නොවන බව වටහා දිය යූතුය."
"කාන්ති කෝරලේ","","අලංකාර පියස මූණක් නැති එකෙක් කියන්නේ ස්වාමීන් වහන්සේගේ මුහුණ දිහා බලන විදිහ ට ලැජ්ජාවේ බෑ. සිංහල නන්දාගෙන සිංහලෙන් හිටියට අන්තවාදී කියලා අපි දන්නවා"
"අලංකාර පියස","https://www.facebook.com/people/%E0%B6%85%E0%B6%BD%E0%B6%82%E0%B6%9A%E0%B7%8F%E0%B6%BB-%E0%B6%B4%E0%B7%92%E0%B6%BA%E0%B7%83/pfbid0DDCmr8NhCysYYBX7bwpk3fpkwbJSoe5q2TsjNrK6iG6WPRQo2BdUCxztU1mxjQMUl","කාන්ති කෝරලේ ඤනසාරට පල්ලෙගම හෙමරත්නට බලංගොඩ කාසපට මූහූන තියෙනවා ගිහින් තමූන්ගෙ මුනයි පොඩී ගැහැණු ළමයි එක්ක ඉන්න කැමති හොමරත්නට නිවන් දකින්න ඉස්සර ශිරිරයත් පෙන්නන්න"
"Tharaka Weerabaddana","https://www.facebook.com/tharaka.weerabaddana.31","අලංකාර පියස පල වෙි## පුතා"
"Ravi Siriwardhana","https://www.facebook.com/ravi.siriwardhana","දුස්සීල ව්‍යාපාරික චීවරධාරීන්ට කොන්ඳ නොනමන එකම ධාර්මික නායකයා අනුර.."
"Ranjith Rienzie Fernando","https://www.facebook.com/ranjithrienzie.fernando","අරක්කු බීගෙන කුනුහරුප කියාගෙන ඳඟලන නානසාර ධාර්මිකද."
"Janitha Kumara","https://www.facebook.com/janitha.kumara.39","Ranjith Rienzie Fernando අන්න ඒහෙම අහන්න මේ බල්ලගෙන්"
"Chan Budi","https://www.facebook.com/people/Chan-Budi/pfbid02qgpbWDqhzZoZ3xrH7RcB7Mj7DkGeHaJdYCcGjad5i7om4Edf2JQ4hgMTyqAUDqE3l","Ranjith Rienzie Fernando daruwek deriyek  gehenun penenna beri kotasak  pinata ka mudal ekathu kar  sepa ganna  desha paluwo wage 💝👍🏽"
"Thushara Gmage","https://www.facebook.com/thushara.gmage.9","ඉස්සෙල්ල කියපන් තොපි ධාර්මිකද?"
"Janitha Kumara","https://www.facebook.com/janitha.kumara.39","Thushara Gmage රාජපක්ෂ නිකායේ එඋන් කොහොමද දාර්මීක වෙන්නේ"
"Priyantha Bandara","https://www.facebook.com/thiwanka.dm","මහන වෙන්නේ මොකටද කියලා දන්නේ නැතුව මහන උන ඩයල්"
"Rohitha Sarath Kumara","https://www.facebook.com/sarath.kumara.737","සිරිල්  ගාමිනී, මහමොලකරුව බුද්ධි අංශ කියනකොට මුකුත් කිව්වෙ නෑනෙ🤣🤣"
"Tharanga Patabandige","https://www.facebook.com/tharangapatabandige","ධාර්මික බඩුවක් කියනවා ජනාධිපති අධාර්මිකයිලු 🤣🤣🤣"
"Maithree Dehigampala","https://www.facebook.com/maithree.dehigampals","ජනාධිපති ගැන  එලෙස  කතා කරන්න උඹ කවුද ?"
"Janitha Kumara","https://www.facebook.com/janitha.kumara.39","Maithree Dehigampala මූ රාජපක්ෂ නිකායේ පොරක්"
"ඉන්දික පුහාත්","https://www.facebook.com/people/%E0%B6%89%E0%B6%B1%E0%B7%8A%E0%B6%AF%E0%B7%92%E0%B6%9A-%E0%B6%B4%E0%B7%94%E0%B7%84%E0%B7%8F%E0%B6%AD%E0%B7%8A/pfbid02L8fD19XAJX8HL1HXEqHMUQTpAyAJ5jgcivQjBXJbquix5p8guPHw9hdxSLWoqdq4l","අපේ හාමුදුරුවන් t එහෙම kata කරන්න උඹ කවුද, budda chiwaraya රජතුමා ta උඩින් tiyenne,,,gon Dobiyo"
"Admg Dassanayake","https://www.facebook.com/people/Admg-Dassanayake/pfbid028QiYE6uESE7Ey6vy5ApnXTtA6ayvcjz2SQEvk1md3CLtnWSnfC3AFBPyXH1E3A2Rl","ඔහොම කිය කියා ලබ්බටද අත්සන් එකතු කරන්නෙ."
"R Kapila Prasantha","https://www.facebook.com/rkapila.prasantha","මොලේ කලදක් තියෙන එකෙක් කරන වැඩද මේයා මේ කරන්නේ ආයාචනා කරලා ලබාගන්න ඕන දෙයක් "" විශේෂයෙන් අභියාචනාධිකරණය තීන්දුවවකිනුත් වරදකරුවකු වූ කෙනෙකුට  සමාව ඉල්ලන්නේ ඒක දෙන මනුස්සයට චන්ඩිපාට් දාලනම් මුන්නාන්සේ මේ කරන්නේ එහෙම සමාව දෙන්න  තියෙන කුඩා අවස්ථාවත් නැතිකරලා දාලා විනාශ කරන එක."
"Kumaradasa Jayasekara","https://www.facebook.com/people/Kumaradasa-Jayasekara/pfbid0bFQ6C9nvqvssQM6QV3S4jUCizjHc1CXUjiraC23AvMF7kXw3fFDLvm6wBuibYG9bl","අනේ හාමුදුරුවනේ මේ චන්ඩි කමෙන්නම් මේ ජනාදිපතිගෙන්  වැඩ කරගන්නවා බොරු 22 සම්මත කර ගන්නවා. කියලා පොලවේ වළලුන කට්ටිය  ජනාධිපති පඩෙකට් ගනම් ගත්තේ නෑ"
"Lalitha Menaka Abeywickrama","https://www.facebook.com/LalithaMenaka.Abeywickrama","ගල් තිත්තයා උඔල ධාර්මික විදියට  හිටපල්ල එතකොට හරි.."
"Saliya Mirihagalla","https://www.facebook.com/people/Saliya-Mirihagalla/100086736034011","🙄🙄 මේ වනචාරියගේ ගිලන්පස එකට මෝදක දැම්ම පරයා කවුද 😅😅"
"Suranga Franando","https://www.facebook.com/people/Suranga-Franando/pfbid02VJQLShgihBzt9Uyx4KScbf4Kfi5EdnGshTZxhNKzftGQktRkvfyZFzLozvpLJiK2l","අපෙ හන්දුරුවනේ හමුලට බලය නැතිව දැන් පිස්සු වගේද දැන් අතල් එහෙම නැතිව ඇති නෙද"
"Rumesh Indika","https://www.facebook.com/profile.php?id=100006747068173","ධාර්මික කෙනෙක් කිවානම් හිතලා බලන්න තිබ්බා.."
"Shyama Kanthi","https://www.facebook.com/shyama.kanthi.77","තට්ටෙ හින්ද රස්නෙටඔලුව කුරුවල් වෙලා.🤣"
"Saliya Wijesinghe","https://www.facebook.com/people/Saliya-Wijesinghe/pfbid024Nu55RerdhPFimj18vzTtggT1GtoNW6sm4uBXZzgK8bsnnMLfMGxYaNvZioRRmhEl","තව  සක්කිලියෙක්  එලි  බැහැලා"
"Upul Amarakioon","https://www.facebook.com/people/Upul-Amarakioon/pfbid02p2ppaqni7jQ5TZ1zpDWbZpGS5Gc6GHRoFhxF9JQo9hoE1c4633eEAvdb55nmSU7al","කප්පරක් නඩුතිබුන සාසනය උකස්කර වැජබෙන වනචාරියෙක්ට හිතෙනහැටි"
"Wtp Fonseka","https://www.facebook.com/wtp.fonseka","අසත් දර්ම ප්‍රතිරූපකයන් ගෙන් එක්කෙනෙක් ඔයා."
"Samith Senevirathna","https://www.facebook.com/samith.senevirathna.7","ගනයා"
"Preethi Senarath Nish","https://www.facebook.com/people/Preethi-Senarath-Nish/pfbid02pRDL4PWWRs6Jor51GSGsC4tcs7u4dALJt22aRo3bqkPaDR49c5rrWqRua5SKNQ5Fl","ඔබ ධාර්මික හාමුදුරුවෝ කෙනෙක් ද අනේ?"
"Pushpa Kumara","https://www.facebook.com/pushpa.kumara.851894","මළ prethek wage muge heti"
"Champika Ekanayake","https://www.facebook.com/emcaek","Mahinda Sirisena Ranil wage dharmika  oya kiyanne"
"Seviyar Constructions","https://www.facebook.com/people/Seviyar-Constructions/pfbid02jccpXPBSA96FM7cKg5p7LSsuytQnmbeBP84BqozW9UCWvSoF7Yr125yGEAEwmMa9l","akek ethulata yaddi ekek anawa eliyata.. gahala alawanna ona unwa pansal wala tiyagaththahama ohoma thamai."
"Jayasiri Dissanayake","https://www.facebook.com/jayasiri.dissanayake.9","KAREYA  ANURA KOLLO  GAHANNE  NA  TOWAGE  KANNA  NATUWA  MAHANA  UNA  WASEGE PUTA  RAJAPAKSALA  RANNE  MUGE  KATATA  AWAJATA  KARE  BALLA"
"Prince Desmon Fernando","https://www.facebook.com/prince.d.fernando.3","ධාර්මික ද නැද්ද කියල තීරන කරන්න උබ කව්ද"
"Sujatha Wanaguru","https://www.facebook.com/sujatha.wanaguru.135786","මුං චවරයක් දරාගන හෙදවැඩද කරන්නෙ"
"ජයකොඩි ජයකොඩි","https://www.facebook.com/people/%E0%B6%A2%E0%B6%BA%E0%B6%9A%E0%B7%9C%E0%B6%A9%E0%B7%92-%E0%B6%A2%E0%B6%BA%E0%B6%9A%E0%B7%9C%E0%B6%A9%E0%B7%92/pfbid0kf824tCjuZstDqgWHtbn6momQvvP6RFqHvR68KPdBv4R3a1w228NxdjMUJvcjcsvl","ධර්ම කුපාඩි නෙමෙයි නේද අපේ හාන්දූරුවනේ"
"Chamara Bndara Rathnayaka","https://www.facebook.com/chamarabndara.rathnayaka","Tittagalle Thero lokka moko athsan seen eka set une na ne siwra glwala gdr ynna thwath paw puro gannathuw 😂 chiwaradari gona 😂😂😂"
"Gunasiri Gamage","https://www.facebook.com/gunasiri.gamage.14","මෙයා කියන දාර්මික පාලකයා කව්ද"
"Gunadasa Abeywardana","https://www.facebook.com/gunadasa.abeywardana.2025","කෙල කෝටි ගනන් කොමිස් කුට්ටි අනුර ගහන්නෙ නැති නිසාද..?"
"Samanth Wanninayaka","https://www.facebook.com/samanth.wanninayaka","Ane hamudurune kunuharupa epa"
"Keerthi Suriyage","https://www.facebook.com/keerthi.suriyage.2025",".EA BALLA UPAN GAMAN MAW KIRI NOBI WADAPU EKIGA PUKA UDA NAGAPU  WESIYEK HALAPU EKEK ."
"Mdis Rajasingha","https://www.facebook.com/mdisr.mdisr.7","යකෝ හාමුදුරුවෝ කෙනෙක් මිනිසුන්ට අපහාස කරන්නේ නැනේ  කලින් හිටපු එවුන් ධාර්මික නිසාද මහජන මුදල් හොරා කෑවේ"
"Assanka Fernando","https://www.facebook.com/assanka.fernando","Ane palyan ganyoyand oru"
"Rasitha Nimhan","https://www.facebook.com/rasitha.nimhan.7","ඇයි හාමුදුරැවන්ට නිදහස දුන්නේ නැති හින්දද 😁😁"
"Chaminda Batagoda","https://www.facebook.com/chaminda.batagoda.2025","ඉස්සෙල්ල බලන්න ඔන හාමුදුරුව් ධාර්මිකද කියලා🤣🤣🤣🤣🤣"
"Athula Senarathna","https://www.facebook.com/athula.senarathna.5201","එක එක බල්ලන්ව ඉස්සැහට දාලා බුරන්න කියන්න එපා යකෝ හැංගෙන්නේ නැතිව කෙලින් ඇවිල්ලා ාලාක්කට ටෝ කරපන් එයා ලැස්තියි ඔින දෙකට"
"Lorans Abeywickrama","https://www.facebook.com/lorans.abeywickrama","Lagade junda kotanna bare වුණාද  yako ubada"
"Anura Kodituwakku","https://www.facebook.com/anura.kodituwakku.52","Munadekkama therenawa amu musala pakayek kiyala"
"Thilak Adhikari","https://www.facebook.com/adikari.thilakpathmakumara","Kahakadaya pin batha  Oya siura deepan lamayekuta"
"Sarath Kumara","https://www.facebook.com/sarath.kumara.227069","😂😂Mu mona weshie puthekda balla"
"Sudath Weerasinghe","","ඇනුනද කූඩෙ පුකෙ"
"Sriyani Rajapaksha","https://www.facebook.com/sriyani.rajapaksha.1656","Mokada occarama baya wela inne anura kiyanne niyama wedda balagana inna paressamata"
"Ranith Ilangarathna","https://www.facebook.com/ranith.ilangarathna","Uba hena darmikane. Ane janadipathi thumani muta dila oya yannako.. ane hukanna"
"Bihan Sudara","https://www.facebook.com/bihan.sudara.3","පල ඔලු කන තට්ටපාල"
"Rasika Kumara","https://www.facebook.com/rasika.kumara.852679","මුගේ අම්මාට බල්ලෝ .හුකලා යනවා එවා මුහෝයාන්නැ කන වැන්දන්.ගැනි වගේ අනුන්ගේ ඒවා හෝයනවා.🤮🤮"
"Janaka Wijesooriya","https://www.facebook.com/people/Janaka-Wijesooriya/pfbid0H73sVFAd5PgV3FJwmLktRAiw62HafmkAYy3ycT3XFB6PpdQZBzuY81xNM4ZkRKsCl","කොයි චීවර ධාරියෙකු වුව දේශපාලන  කතා අවශ්‍ය නෑ! වහාම මේ වැඬේ නවත්තමු!"
"Nihal Seelawansha","https://www.facebook.com/people/Nihal-Seelawansha/pfbid0cRexSpW55MAXqcP3ewYxaEg6vBwv4XXZq3RKpsmncAJwet1CvyTiu1Vtqzwem1nVl","තිත්ත ගල්ලට තිත්ත වෙන්නෙ මේ පාර තමා"
"S C Kandy Kandy","https://www.facebook.com/sckandy.kandy","සාසනයෙන් පවා ඉවත් කළ චීවරධාරි යෙක්ගේ ධර්මය ජනතාවට අවශ්‍ය නොවේ..."
"Indunil Ushara","https://www.facebook.com/people/Indunil-Ushara/61582490820963","මෙච්චර කල් හිටිය පාලකයෝ පට්ට ධාර්මිකයි.....ධාර්මිකව හොරා කාලා...ධාර්මිකව මිනී මරලා ...ධාර්මිකව රට බංකොලොත  කලා..."
"Aushantha UG","https://www.facebook.com/aushantha.ug","රට කන්න එපා සිවුරු දාගෙන"
"Saman Liyanage","https://www.facebook.com/salman.liyanage","Aiyo medan  ekek gena kiwwa witharai, thawa pissek."
"Mohamed Alijinnah Shahul Hameed","https://www.facebook.com/mohamedalijinnah.shahulhameed","The face is the index of the minds.... ඔය මුහුණැන්ම පේනවා.... මනුස්සයන් ගේ quality එක...."
"Jagath Pathmakumara","https://www.facebook.com/jagath.pathmakumara.73","MU AMU PISSEK"
"WA Gunarathna","https://www.facebook.com/wa.gunarathna.75","Mekawa mahanakoranta ona. Hu...ige putha"
"AR Senawirathna","https://www.facebook.com/people/AR-Senawirathna/pfbid09dA9c3c2fXNNsh91WkuPpXPP6q9i7vse88komoeujDZwUZCJfADcKqsux4BS2uKel","Adarmikaikiyalaoppukarapanusawiyatagihon"
"Karunajeewa Perera","https://www.facebook.com/karunajeewa.perera.10","උබ හැමනියන්"
"Wasantha Wimaladharma","https://www.facebook.com/wasanthawimaladharma","මේ තිත්තයාට වාරයක් නැත😂😂😂"
"Sumana Bandara","https://www.facebook.com/sumana.bandara.710","Hora ganaya balla"
"Luca Perera","https://www.facebook.com/luca.perera.585","Ane kariyo"
"Jayantha Thilakarathne","https://www.facebook.com/jayantha.thilakarathne.75","කියන එකා බෞද්ධ විරෝධී චීවරය පොරවාගත් නිඝන්ඨයෙක්"
"MV Dewage","https://www.facebook.com/people/MV-Dewage/pfbid07eNvH3NtwyYmrHunEbP6qvWwKHbSBxW9SDtTRPiMneTJT6DyqsifUBH5W9rAaHn1l","Ane pala buruwa"
"Abeyrathna Bandara","https://www.facebook.com/nisansala.abeyrathna.1","ඔබද එසේමයි!"
"Jayantha Bandara","https://www.facebook.com/jayantha.bandara.3701","ධාර්මික එවුන්ට කඩේ ගිය එකෙක්"
"Nihal Siriwardana","https://www.facebook.com/nihal.siriwardana.370","Nodakin kalakanni sakkili balla"
"Sisira Bandara","https://www.facebook.com/sisira.bandara.365861","ඇයි අවුල්ද උඔලට"
"Nimal Wijesinghe","https://www.facebook.com/nimal.wijesinghe.5817","මේ වගේ එවුන් කන්න නැතිව මහන උනාම මීට වඩා දෙයක් බලාපොරොත්තූ වෙන්න බැහැ"
"Sudarshana Peragaswatte","https://www.facebook.com/sudarshana.peragaswatte","එතකොට දාර්මික නායකයන් පැරදුනේ දාර්මිකා වැඩ කරලා ද? පව් නේ?"
"Ruwan Prasanna","https://www.facebook.com/ruwan.prasanna.969619","නායක. හාමුදුරුවන්ට. පේන්නැද්ද.. මෙඅපතයන්ගැන"
"Rajakumara Wijerathne","","ඔව් තිත්තගල්ලෙ ඒක ඇත්ත ජනතාව ඒ අදාර්මික නායකයට තමයි කැමති. උබට පාංද"
"Chandana Pathirana","https://www.facebook.com/chandana.pathirana.2025","කහකඩයා"
"Samantha Abeykoon","https://www.facebook.com/samantha.abeykoon.790","දැන් සැප නැ නේද හාමුදුරුවනේ. තව අපුල්ලන්න"
"Damith Kumara Doranuwage","https://www.facebook.com/people/Damith-Kumara-Doranuwage/pfbid02A9C1qntzNfaWesuDvMLeB68taci9GThp3nUZs2hijefc5mYSNETYYgnknpci2LWZl","Uba mahana nouna ganayek"
"Ajith Bandara","https://www.facebook.com/ajith.bandara.10","සිවුර daagaththa higana gas ballek"
"Wasanthaskumara Wasantha","https://www.facebook.com/wasanthaskumara.was","Mongal!🤢"
"Chinthana Hemachandra","https://www.facebook.com/chinthana.hemachandra","මුං සිවුරකුත් දාගෙන කරන තරමක් පවුකාරකම් කර කර අනුර අධාර්මිකයිලු. අඩුම ගානෙ ගිහියෙක් රකින පන්සිල් පද 5 වත් මූ රකින බවක්නම් පේන්න නෑ."
"Chula Perera","https://www.facebook.com/chula.perera.754","කෝටියක් සංවර සීලයේ සමාදන් වූ ඔබ වහන්සේලා නිර්වාණය කරා යන ගමන ඉක්මන් කරන්න."
"Laksiri Rathnayaka","https://www.facebook.com/laksiri.rathnayaka.35","Ha...oba  budda puthtrykda  kiyala   hithapan"
"Rohan Sanjeewa Rohan Sanjeewa","https://www.facebook.com/rohansanjeewa.rohansanjeewa.90","සහතික ඇත්ත"
"Sunil Fernando","https://www.facebook.com/sunil.fernando.104217","SADU..YANN. JR..ENNA..LOKETA. AYATHAMAI. MERATE.HETIYA. .DARMESHTANAYAKAYA. OYA...BELADA.PANSALATA. VELA.ENNAKO..KASANAVADA..OYA.NANA.SARAVA.DAKKADA..HENEN.ANNA. VARAT...3.NEL.RATHU.. KOLAPATA..ONANAM.. EDERE.PATHVENNA. NADUKARA..UNVAHANSE. SALAKALA.BALAI. VARADE.NATHINAM. HANGENNE. MAKKATAI.. ANNAKO..CENHAYA. VAGE...CEURA.GALVANNA. BUDU.DAHAMATA. APAHASA.NOKARANNA..."
"Ranjith Ranjith","https://www.facebook.com/people/Ranjith-Ranjith/pfbid0uMLxUbpCBxZeVEMVzXaPxqrArpx9TMi7giTAYFfE8sTSFftiRkqEmnv2ZaNQA5Lxl","මුට පිස්සු"
"Theajà Weerasinghe","https://www.facebook.com/people/Theaj%C3%A0-Weerasinghe/pfbid0gNEQf1AN9wHN8oXD7gTgS6AvW6NxMHJPvwXZgs5Hiw8TA71UfY7yREMtQB3U3dKwl","Niyamai  hamuduruwane konda kelin"
"Krishantha Jayasooriya","https://www.facebook.com/krishantha.jayasooriya.906","බනක් බාවනවක්  කරගෙන ඉන්නවා ."
"Chan Renuka","https://www.facebook.com/chan.renuka.5","Munta pissu. Chiware kanawa..thawa eun..ganu ekka haminenwa..sikart biyar bibi ewata  katha karapiyau budu dhama reka ganna..me ganai  pawadai wela thiyenne despalne koranna"
"Chinthaka Jayathilaka","https://www.facebook.com/chinthaka.jayathilaka.16","තෙපි වගෙ තක්කඩි ගනයොට ධර්මික වෙලා වැඩක් නැ"
"Wanniachchir Ge Ratnaweera","https://www.facebook.com/people/Wanniachchir-Ge-Ratnaweera/pfbid0LvxwM4nfXPGkuTghQAZ2tKF3zkVW6LSjSsfLVqgpE6r7NVguz81awz6YXPJroZqjl","සිවුර අවමානයට ලක් කරන්නඑපා"
"Rukmal Sanjeewa","https://www.facebook.com/rukmal.sanjeewa.5","තෝ පිස්සසෙක්"
"WM Sanjeewa Bandara","https://www.facebook.com/wm.sanjeewa.bandara","Pala thakkadi chiwarayo"
"Chandana Shantha","https://www.facebook.com/chandana.shantha.948","Thopy wage thakkadi ballanta ehema unata rate janathawata darmika nayakayek tho mona halparuwekda"
"Ananda Samarawickrama","https://www.facebook.com/ananda.samarawickrama.7","Thitagallata wada aya awa Anurata kelenna. Wadak uney na."
"Sunil Vinisius","https://www.facebook.com/people/Sunil-Vinisius/pfbid02EAnpE4dpKPtmrU3kiUQbFvQddKpn6VLPsrBMZdQ6R73M6eXPkYKxp4ivsp4gDnUhl","එසේ විය යුතයි."
"Shouzana Ismail","https://www.facebook.com/shouzana.ismail","Kiyanne koi nikayata aythi kenekda"
"Manel Wickramasekara","https://www.facebook.com/people/Manel-Wickramasekara/pfbid0v7gfL7snwzdqwwaVzindL4eZQqG2mR4ygVqDL7kNWd5trveW9buuDzBENgm5Q4cil","Thavath pissek"
"Gamini Piyasekara","https://www.facebook.com/people/Gamini-Piyasekara/pfbid02G3TL7iba3TQSSpd6557Mqy21XafWeG21JJvEzNVgDQaaM7L2kmrrLX7Uof4JCWsil","සිව්ර ගලවපිය අපා ගත නොවී"
"Priyantha Samarasinghe","https://www.facebook.com/priyantha.samarasinghe.7796","Palayan yanta ban rata vinasa karana unta mona samawada"
"Narada Lalith","https://www.facebook.com/narada.lalith","මූ හොර ගණගෙඩියෙක් නේ කාලකන්නි ..."
"Renuka Hewage","https://www.facebook.com/people/Renuka-Hewage/pfbid0TN2X1NxnqHUA6366Nra4mmH97bgJuqAWsMxMHhuT4xR81AUhNnrx1ujfRwe1tEiKl","බුදු දහමට  නිගාකරන  මේ කහකඩයන්ට  නිතිසාදා  වහා  අත්අඩංගුවට  ගන්න  ඕන. ජනාදිපතිටත්  බුදුදහමටත්  අපහාස  කරන  සෑම කෙනෙක්ම  අත්අඩංගුවට  ගතයුතුය. රටහැදෙන්නෙ  මේවගෙ  කාලකන්නි  පිංබත්  ගිලින  එවුන්ට  දඩුවම්  කිරිමෙන්. නිතිය  උන්හැම දෙනා  අතට අරන්"
"Manoj Dissanayake","https://www.facebook.com/people/Manoj-Dissanayake/pfbid0ChHEPqDYg4ot5D9pzPRQcNayN2suUaj4FYMzpfQwV4u29Xxtu14Hg8Wh24krt7D5l","ඒකට මහින්ද මාතියගේ,රනිල් මාතියගේ ධාර්මිකකම බේරෙනවා..."
"Hemantha Sri Nissanka","https://www.facebook.com/profile.php?id=100004030465376","අසික්කිතයන්ගේ ආරක්ෂකයෙක්"
"Hemantha Weerasinghe","https://www.facebook.com/hemantha.weerasinghe.94","මෙයාගේ නම් ධාර්මික බව ඉහින් කනින් බේරෙනවා.මහණ කමේ අගය දන්නේ නැති සිවුරු රඳවන"
"Thilakarathna Hpd","https://www.facebook.com/thilakarathna.hpd","අධාර්මික නම් මොන මගුල කටද , ජනාධිපති සමාව ඉල්ලන්නේ"
"Dayarathna Mahindasinghe","https://www.facebook.com/Dayarathna.Mahindasinghe","ස්වාමින් වහන්ස ඔබ වහන්සේගේ බොක්සිං පුහුණුවට සාසන විරෝදි වැඩ වලට කවුද වගකියන්නේ මිනිසුන්ගෙන්ම අහගන්න අනුරට ඇගිල්ල දික්කරන්න ගහන්න පුළුවන් හැම විදියකටම එ් මනුස්සයාට ගහල ගහල පුළුවන් අපවාද ඔක්කොම කරලා තව ඒ මිනිහගේ සිරිමාන්ස උයාගෙන කන්න හදන්නේ එ් මනුස්සයා දාපු නඩුත් නෙමෙයි ලැබෙන දඩුවම උපෙක්ෂාවෙන් බාරගන්න ඕන..."
"Ariyarathna Dissanayake","https://www.facebook.com/ariyarathna.dissanayake.587","Siurata muwawela mun karana aparada hamoma dannawa"
"Janitha Kumara","https://www.facebook.com/janitha.kumara.39","Ariyarathna Dissanayake ඒක නේ"
"Chinthaka Perera","https://www.facebook.com/chinthaka.perera.148290","මූ කොහෙන් ආපු සක්කිලි බල්ලෙක්ද රටේ නායකයාට අපහාස කරන්න"
"Yapa Yaoa","https://www.facebook.com/people/Yapa-Yaoa/pfbid036z3XQhJn4iq2QuVJqLacceYM6Hc198nGUJ8FGeUajfrNYXPh3XWCbZ7xjxQiCMutl","Mey huthath kunukudeyta watuna horunta puka දෙන්න ගිහින්"
"Ajit Rambukkana","","Muu baba.....🤣🤣🙃🙃🤣🤣🤣"
"Saravan Sara","https://www.facebook.com/saravan.sara.749314","Ow orunta kada yana unta Aya Hama thamai 😂😂😂 monawa kiwothuth Sama labanna na 😄😁😁"
"Thenuk Silva","https://www.facebook.com/people/Thenuk-Silva/61580400166840","ධාර්මික එක්කෙනක් බස් එකේ යනවා මේ දවස්වල.🤔"
"Mahinda Siri","https://www.facebook.com/mahinda.siri.16","මෙයා කරන්නෙ ඇත්ත තිත්ත කරන එක අපි පොඩි මිනිස්සු සාමාන්‍ය ජනතාවට අනුර හොදයි."
"Karunadasa Karunadasa","https://www.facebook.com/karu.aluthwatthage","Wastinhg ur words As a son of LordBuddha  May try to make people pure Buddish Followers"
"Shasha Dino","https://www.facebook.com/shasha.dino.2025","මුංට කවුද යකෝ හිමි කියන්නේ මුං ගණින්නාස්සෙලා😏"
"Anura Fonseka","https://www.facebook.com/anura.fonseka.775344","Aiban Ape Haanduruwane Haanduruwane Kiyala Sudu Piruwata Daagaththu Madamulaneh Kaalakani Amana Kambaa Horu Rala Kohomada Ratata Kelawala Thiyena Tharama. Uubta Uun Darmikaineh. Madamulaneh Pilikanneh Edul Budina Kaalakani Amana Dusseela Kahakadayo."
"Sunil Weerasekara","https://www.facebook.com/sunil.weerasekara.9843","මූ සිවුරක් දාගෙන කරන වැඩ අපිට පේනවා. මහණ උනානම් මහණකම රැකගන්න. නැත්නම් ඕක ගලවලා කරන මගුලක් කරගනින්."
"Shan Kaluarachchi","https://www.facebook.com/shan.kaluarachchi","WTF. එකක් කියාංකෝ"
"Damith Rajeewa","https://www.facebook.com/damith.rajeewa.3","උබ ඉස්සසෙල්ලා ධාර්මික වෙයන්"
"Dilan Marasinghe","https://www.facebook.com/dilan.marasinghe","හරි සාදු එල...... 👍"
"Prasanna Wijenayake","https://www.facebook.com/prasanna.wijenayake.37","මේකා වගේ පිස්සෙකුට වැදපු එවුන්ට මොනවා හිතෙනවා ඇත්ද?"
"Ananda Jayarathna","https://www.facebook.com/ananda.jayarathna.52933","ඔබ දුස්ශිල භික්ෂුවක්"
"Bandara Madawala","https://www.facebook.com/people/Bandara-Madawala/pfbid0uFzaifqEhdoQM5xPGiHEwMYC3BNYRnrEyHdQeVcozhZiofnACNiUBNY8CrgkHSaDl","Uba waga antawadi khakdaya"
"Upul Priyantha","https://www.facebook.com/people/Upul-Priyantha/pfbid02PzYHkcj9TkNcfvgUdsjbeuPBpmAAqfiWeyfT9vaR3RYWduQaJhS4Ucpzbf2m57c9l","සොරි. සීලරතන. මහත්තයෝ"
"Thilina Prasad","https://www.facebook.com/people/Thilina-Prasad/pfbid0PhqCDbWh1gnHxkjh662KVK51fuePuYCDznXR9nawrH782MsdheecVyruEiSofHK4l","Ow thota panda huththo"
"Barti Kumara","https://www.facebook.com/barti.kumara.5","කමක් නෑ තොපිට වඩා හොදයි"
"Samantha Sama","https://www.facebook.com/profile.php?id=100041114975814","ගලේගෙ  යට පලු  තමා මේව...."
"Salvin Warnesooriya Salvin Warnesooriya","https://www.facebook.com/salvinwarnesooriya.salvinwarnesooriya","M.R.palana.kalaya.to.patalath.akka.hamanuda"
"Gayan Udaya","https://www.facebook.com/people/Gayan-Udaya/pfbid0ZSSwKPVWgSYdLZnPvfyNuS59iLDoFuaHJhgVHJaGdDbFLE2aK4NHZsDjLtYEEoVXl","Hamuduruvanek.nam.oba.vahanse.desa.palana.kukkanta.kade.nogehen.upasaka.vAna.apata.daham.karunu.keya.de.samajaya.yahamagata.gaththanam.sambudda.sasanayata.yahapathveve"
"Antoniyo Fernando","https://www.facebook.com/tonyfernando23","හාමුදුරුවනේ ඔබ ඉතාම අධාර්මිකයි🫣🤣💩💩"
"Manju Sampath","https://www.facebook.com/people/Manju-Sampath/pfbid02db36AeGrSyxHQLR7qKQF1XQJsSXNurUEyCz89bikhgq1WjStUGrTZv7asfBYjasBl","දැං මූ පොර වෙන්න බලන්නෙ.... අධිකරණයෙන් කියල තියෙන්නෙ ඤානසාර දුටුතැන අල්ලන්න...... ...මූ ට කරන්න තියෙන්නෙ දුටුතැන නෙලන්න...."
"Ranjith Cooray","https://www.facebook.com/people/Ranjith-Cooray/pfbid02FK5h2KQ7gB7efVqjWEdB8vTYRtgwyho5hE4uywqLLFDYiTs43y3G1EdJUuRNdfhkl","ත ව ත්. පි ස් සෙ ක්‌"
"Jayalath Fonseka","","Nikan Palayan BAN Yanna Hamuduruwo . Lak WASINTA BUDDHU BANA Hodata Egenagena Uganwapan (;aSiwura Andata BUDDHU BANA Dan wada Kiyana SAKAI .doubt!"
"Priyani Perera","","මූට පිස්සු"
"Dhrmasena Mapalagama","https://www.facebook.com/dhrmasena.mapalagama","මෙ හදයො පහුගිය කාලේ ආගමටත් රටටත් කල විනාසේ හොදටම ඇති"
"Gamini Vidanage","https://www.facebook.com/gamini.vidanage.9","අර ධාර්මිකයට සෙත සලසන්න අත්සන්.ගන්න ගිහින් ගිහියන්ගෙන් හොදට අහගත්තේ"
"Dhanushka Priyadarshana","https://www.facebook.com/dhanushka.priyadarshana.3","Lokka dashaka gaanak coma wela idala😂😂.how much your price😁😁😁😂😂🤣🤣"
"Prasanna Amarasinghe","https://www.facebook.com/prasanna.amarasinghe.1","Mokkuda me nigatayo"
"Susantha Puranegedara","https://www.facebook.com/susantha.puranegedara.3","Awajataka ahiguntaka ganaya"
"Wikrama Wijesinnghe","https://www.facebook.com/wikrama.wijesinnghe","Mr.තිත්තගල්ල,අධර්මිෂ්ට එවුන්ට අධර්මිෂ්ට විදියට පෙනෙනවා,ධර්මිෂ්‍ට එවුන්ට ධර්මිෂ්ට විදියට පෙනෙනවා.රට විනාශකරපු චීවරධාරින් විශේශයෙන්ම අත් අඩංගුවට ගතයුතුමයි ."
"Maduranga De Silva","","සාටකය විතරයි අඩු.🤬"
"Danushka Ranasinghe","https://www.facebook.com/danushka.ranasinghe.980","Ehenam mokatada janadipathi samawa illanne thopita lajja nadda"
"Lakshman Costa","https://www.facebook.com/lakshman.costa.1","AKD thopita adarmika unata ratata obina niyama janadipathi"
"Sanath Kumara","https://www.facebook.com/people/Sanath-Kumara/pfbid022oi2SCT3SjKQX9CXVXfi6ehBo42sREGcA3u8B9Vj3JJiQyNvwn12Tk9v8QFvYJd8l","සුපිරි යටම කඩේ වඩිනවා වැඩිල්ලක් කවදාහරි V 8 එකක් ආයේ ශුවර් තමයි"
"Alison Nugera","https://www.facebook.com/people/Alison-Nugera/pfbid0BynDVan641ymUXcosSgjxjrJKSYhDXoLQmbHg7Ha5yprrY6GB2htUdx4sHQb6Uqnl","සයි කො."
"JG Wickramasinghe","https://www.facebook.com/jg.wickramasinghe","Nana sarata සමාවක් දෙන්න එපා ekai රටේ මතය"
"Lal Ranasinghe","https://www.facebook.com/lal.ranasinghe.77","මුන් ජාතක කරපු දෙමාපියන්ටත් අපහාසයක්"
"S Atthanayaka Atthanayaka","https://www.facebook.com/people/S-Atthanayaka-Atthanayaka/61591555859099","මුන් මේ හඩ නගන්නේ රට බංකෙලොත් කරපු හොරා කාපු ඡාතිවාදය වපුරපු උන් වෙනුවෙන් 🤣🤣😂"
"Nirmal Weerasinghe","https://www.facebook.com/nirmal.weerasinghe.52","බටර් ගාන්නේ හොර ඝණයට සමාව ගන්න නේ"
"Piyal Piyal","https://www.facebook.com/people/Piyal-Piyal/pfbid0egVK3cg5G9FMNa56T2emvWqmxNHujyJU6sqDqyfZKUNSRTAv3kr6D8iQ4Miy2GYGl","Oka.  Alana ona"
"Pubudhu Manaram","https://www.facebook.com/pubudhu.manaram.2025","Tho pissu pakek amma dhadawate gihin renakota wetichcha ekek tho oya siwra galawala rajapaksalage puka hodapan amana marimongal awajathaka sakkiliya"
"Mk Herath","https://www.facebook.com/mk.herath.395860","A K D අපට සම්පතක්  හොරැන්ට කරදරයක්"
"Maneshka Randil Perera","https://www.facebook.com/people/Maneshka-Randil-Perera/pfbid02R6ySAxP5MoFxavQDcrpqrJiTd3ghSzeVxyCjFAWmo5hpmMizhgtFjZ1SvaRfTXpUl","මුගෙ ධාර්මික නායකය හොරකම් කරලා හිරේ"
"Chandana Siriwardan","https://www.facebook.com/people/Chandana-Siriwardan/pfbid02QPN7KjpwekHVw2t5pfRVnFegP29wxBCSkaQjEnfsvLKBBRBEiiqK6N3w8k5tzit9l","මේ යකාගේ තට්ටෙ ගානකොට මොලෙත් එක්කම ගාලා. ඒකයි මෙහෙම බූරුවෙක් වුනේ.  ඔය මහනවෙනකොට මුලින්ම තට්ටෙ ගාන අයට දැනුවත් කරන්න ඕනෙ තට්ටෙ ගානකොට ප්‍රවේශමෙන් ගාන්න කියලා. මොකද අනිත් ආගම්වල තට්ටෙ ගාන්නැනේ. ඒ.. අනිත් ආගම් වල අය තමන්ගේ ආගමට පරයො වෙන්නැති කාරනේ ඒකයි. බුද්ධාගමට මුන් කෙලවලා යන්න කරන්නෙ ඒකයි. රටට බුදුසරණයි. 🙏🙏🙏"
"Naveen Kula","https://www.facebook.com/people/Naveen-Kula/pfbid0WWdJVUX4ucLtWWo92CVFtZkiNp3BYkFU1uCVmQVK2t6CRw9N1XNnMCo9xuEXMjFEl","තොපිට වඩා දර්මිකනම් නම් ඒ ඇති"
"Chaminda Wadugadara","https://www.facebook.com/people/Chaminda-Wadugadara/pfbid02nNW4x67VHxNv8u8odf9GTYgnXcW96Zn8eNYJ43HktGxrLkEUd6EP9Su3s5TXvbGTl","Pala keriya yanna toth mokedda atakota siurath dagea karanea"
"Dayawansa Weerakkodi","https://www.facebook.com/dayawansa.weerakkodi","manaweyan"
"Lalith Widyarathna","https://www.facebook.com/lalith.widyarathna","Thiththagalle cheevaradhari pinbath vesisige putho kelapiya pinbath thopi kalakanni jeevitheta ma anduwa thamai"
"Wanigarathne Bds Bambarende","https://www.facebook.com/people/Wanigarathne-Bds-Bambarende/pfbid02jkUuXDAJqmmNMRzjKPMpYaeKvaBQthFoJx8rQozq3tFEH9Yrr6SaXQxuf9zTteyzl","අපේ රටේ සිවුරු දාගෙන දේශපාලන අපතයන්ට කඩේ යන උන් තමයි අධර්මිෂ්ඨ.සාමාන්‍ය මිනිස්සුන්ටත් කලින් අපායෙ යන්නෙ උන් තමයි."
"Peduru Arachchi","https://www.facebook.com/people/Peduru-Arachchi/pfbid0RDCZtxwVYngLznZ2nGnQZKr9LjFYEoeFhmdKpKNtwrRhQMvopRbW6VGKwJZZJP2Yl","මම දැක්කා මේ commentsලියපු ඔක්කොම මේ චීවරධාරියට පොඩි ගරුත්වයක් තියලා තමයි කමෙන්ට් එක ලියලා තියෙන්නේ.එහෙම කිසිම අවශ්‍යතාවයක් නෑ මූ අමුම අමු ගවයෙක්"
"SU SG","","කලින් ඉත්තෑවා...දැං තිත්තගල..හොරුන් ගෙන් කාපු උන්.."
"Presanna Sampath Hethtiarachci","https://www.facebook.com/presannasampath.prassnnasampatg","Meka mokedhda hora kahakadaya"
"Ashok Thilakarathna","https://www.facebook.com/ashok.thilakarathna.2025","ඔවමොනව කීවත් දඩුවම. නැතිවෙන්නෙ නෑ. කොල්ලො"
"Gunasekara Gunasekara","https://www.facebook.com/people/Gunasekara-Gunasekara/pfbid02Dd1Zq61QAFWJz5gMjeP51QNXXY73V9VbR3mBnKLTCqRK5db97bUZ325otVZxFrALl","මොකාද මල්ලි මූ"
"Idunil","https://www.facebook.com/idunil.janakantha.496210","ආ ඇත්තද.අපිට නම් හොදයි."
"Raja Gunasekera","https://www.facebook.com/raja.gunasekera","මේ රටේ හාමුදුරුවෝ මෙච්චරම කාලකණ්ණි ජඩයෝ උනේ කොහොමද ..මුන් පසුහගිය රජයවල් වලින් දොල පුදේනි අරගෙන වැජබිලා දැන් ඒවා නැතුනාම දරාගන්න බැරුව පුකවල් වේලිලා වේදනාවෙන් ඉන්නේ..මුන්ගේ මූනු දැක්කම පේනවා..කාලකණ්ණි අවලම් කහකඩ ශුක්‍රානු ශුනකයෙක් මූ."
"Rohana Kumara","https://www.facebook.com/people/Rohana-Kumara/100025496673216","ඇ  බං , තමුන්නැහෙ  එතකොට සීලය රකින හාමුදුරු නමක්ද , ජනාදිපති වැරදි උඹල තමයි හරි."
"Dematagolla Gedhara","https://www.facebook.com/dematagolla.gedhara","Uba dharmikathe?yahepath menisakthe?"
"Ranjith Karunathilaka","https://www.facebook.com/ranjith.karunathilaka.165","Oya kathakarana kahsiura daragana inana kanana issalama darmika wanna budun wahnasaga daramayata අනුගත unotha adata gurawaya labai sadu sadu"
"Madusanka Nirosh Wijesuriya","https://www.facebook.com/madusanka.wijesuriya.1","ඔබ සිවුර පොරවාගත් බුද්ධ ධර්මය විනාශ කරන පොහොට්ටු සංටැබියෙක්"
"Gayan Anura","https://www.facebook.com/people/Gayan-Anura/pfbid02aPVJnJym9XnVqPWr7CDQQ97kiJXhCEFUx6T8am116jcoSFx4nJKxeMd8SkPj9QiYl","ඔබ වහන්සේට වඩා සිල්වත්."
"Mother's Land","https://www.facebook.com/people/Mothers-Land/pfbid0hFzp74uYCgSfKNhQK1eRWNy5HVhUkTYVjoJ2PdchCHV1i5A2qzhAYanAdeYaXXFXl","උම්බ් ධාර්මික වෙයන් මචං"
"Gamini Selten","https://www.facebook.com/people/Gamini-Selten/pfbid028gDzat5EGHeDAdVZBXJojQVtUKcY2U2SDuW2F6pN6nSqLa8C5xzNTBSsQsFcLT9Fl","Kauda mea guoo  kana  balla"
"Wijayasena ED","https://www.facebook.com/sunshine.srilanka.7","මේ ධාර්මික එකෙක්."
"Ishara Kumara","https://www.facebook.com/ishara.kumara.73932","ඒක ඇත්ත.... දැන් තියෙන එකට වෙනස්"
"Dimuthu Fernando","https://www.facebook.com/dimuthu.prasad1","හා හරි බ්‍රෝ"
"Adithya Abilash","https://www.facebook.com/people/Adithya-Abilash/pfbid024LVhDjQiNUyTt1da9k1BSor1bsMNE9Jj8r8M7yCVdwphwS1TicL33fcRQXWbXabxl","මූ දේවදත්ත පරපුරේ අමනයෙක්"
"Gihan Jayarathna","https://www.facebook.com/gihan.jayarathna.9","Kamak na ban, pinata noka rasswak karahan,🙏"
"Manel Ibulmalgama","https://www.facebook.com/people/Manel-Ibulmalgama/pfbid02FF3JRaqMVGcQx9Vh5U5F7sty64CiuLxro7qNMvkGGcRxW7C5wD73KUx2MQhGMH3Al","Oya kwda ane me"
"Don Carolina","https://www.facebook.com/people/Don-Carolina/pfbid02omY2zU8G9ErzXmEYebgL1x9ByRTaRXzbofrXnEQVVmve8pRWqA5V1Y9WoxUyvLXDl","හා හරි බං එල 🤣"
"Pradeep Nelson Pradeep","https://www.facebook.com/pradeep.nelson.pradeep","Apita anura hodai thota Hoda nathi unata pin batha"
"Nihal Jayasundara","https://www.facebook.com/nihal.jayasundara.55889","අධාර්මික නායකයගෙන් මොනව ඉල්ලලද වැදවැටෙන්නෙ තවත්"
"Buddhi Upayanga","https://www.facebook.com/people/Buddhi-Upayanga/100016026241260","උඹ ගිහියෙක්😋 මහණ වෙලා වරෙන්කෝ රටට උපදෙස් දෙන්න කලින්.. සංඝයාවහන්සේලා දේශණාකරන බණ පිළිපදිනවා අපි.. තොපි මුක්කුද"
"Vinie Guna","https://www.facebook.com/people/Vinie-Guna/pfbid0gpfHJ3oppVoSNG9saca3FXqjAMGipH5CmKNwEoEgxZNHpnvLdVwJ2nT6gwH36z7Tl","Topeta badugahande nate nesade pKayo 😭"
"Thilak Nandana","https://www.facebook.com/thilak.nandana","පල්ලෙගම හේමරතනල වගේ එවුන් පොඩි එවුන් ගෙනිහිල්ලා කෙලිනකොට තෝ කොහෙද හිටියේ.කතා කරපන් අන්න ඒවා ගැන."
"Susantha Weerakkodi","https://www.facebook.com/susantha.weerakkodi.12","අපේ රටේ පරන මිනිස්සු ටික ඉන්නකන් තොපිට කන්න  දෙයි. දැනට මොඩ ආතල් ගනිල්ලා 2000න් පස්සෙ කොල්ලෝ කෙල්ලෝ තොපිට කන්න දෙන්නෙ නැ.මුන් මහන වෙලා තියෙන්නේ ගෙදර කන්න නැති නිසා මුන්ගෙ මහ එඋන්ට සල්ලි තිබ්බනම් මුන් මහන වෙන්නෙ නැ"
"Rasanka Sampath","https://www.facebook.com/rasa500","Salli hoyanna ka unath dena un"
"Reb Watogala Buddhasara Theo","https://www.facebook.com/people/Reb-Watogala-Buddhasara-Theo/61590604528964","කම්බ හොරුන්ට පොලේ යන අය හොදයි ඕක තමයි ගෝත්‍රික ලොජික් මාලිමාවේ"
"Ranjith Perera","https://www.facebook.com/rangithperera","මුං බැලුවම හොඳම නරි තමාා ලංකාවේ ඉන්න"
"Danushka Bandara","https://www.facebook.com/danushka.bandara.376","Oya cheewara dariyek nikanma nikan bath balayek"
"Buddhika Meththananda","https://www.facebook.com/buddhika.meththananda.2025","මේ චීවර දරිය මතකාද නැවක පාටි ඒකක හිටියා දැන් හුගක කල්  අයි අනේ මේ සිවුර විනාශ කරන්නේ කරුණ කරලා වෙන විකල්පයක් පාවිච්චි කරන්න ඕකට අපිට බුදු දහම රැක ගන්න ඕනේ"
"Jagath Kumara","https://www.facebook.com/jagath.kumara.594262","මේ කසිප්පු ගහන ලොල්ලනේ"
"Pushpa Kumara","https://www.facebook.com/people/Pushpa-Kumara/pfbid02hkHJnLV1DX8x9ARex28PhvkAdiU5CZAsoJnmkBX3zgT5PL26PczgD8vpJpmH8ZjHl","පිස්සො මතුවෙනවා සිවුර අස්සෙන් සාසනයෙ විනාශයේ හවිල් කරුවො"
"Nalaka Sandaruwan","https://www.facebook.com/nalaka.sandaruwan.798","මුන් ගෙදරට බරක් වෙලා, මහණ කරපු උන්."
"Herbert Senadeera","https://www.facebook.com/herbert.senadeera","රටේ සාමාන්‍ය  මිනිසුන්ට අනුර රජෙක් ඒනිසා හාමුදුරුවනේ දෙන   ධානේටික වලදලා පාඩුවෙි බනක් දහමක් අදහාගෙන යන තැන හදාගන්න .මිනිස්සුන්ට පවුනොදි."
"Sugath Dasanayaka","https://www.facebook.com/sugath.dasanayaka.1788","ජනාධිපති තුමා ගිහියෙක් කියමුකෝ..... හාමුදුරුවෝ කෙනෙක් උන මේ සාදුගේ කිසිම ධාර්මික පෙනුමක් නැනේ බොල.. 😂😂😂"
"Kumarathunga Kumarathunga","https://www.facebook.com/kumarathunga.kumarathunga.754","මට එකක් කියන්න පුලුවන් 100% විශ්වාසෙන් තිත්ත ගල්ලෙට වඩානම් ධාර්මිකයි"
"Dayarathna Perera","https://www.facebook.com/dayarathna.perera.621382","Para.kahakadaya"
"Sisira Kumara","https://www.facebook.com/sisira.kumara.91866","තකතියා"
"Tenison Mudalige","https://www.facebook.com/people/Tenison-Mudalige/pfbid021yyxiPzRuhXmbPCNhMTqe2hAVrrEtNx2phL4t9gPT7cJMcDPrv4v3T1P2V4QaZ4Gl","මෙය  අපගේ  තෙරීම සහ  කෙමෙත්ත"
"Chandrani Jayawardhana","https://www.facebook.com/people/Chandrani-Jayawardhana/pfbid0aBUc9EriTf7F8H7fYNVL9Xht7RPtrAcJGwNGeBhVu3Gw4n5NSVthWJs8ESFy4Spjl","තමුසෙට අවශය  දොල පිදේනි දෙනතරමට ද ධාර්මික.කෑමට බඩගෝස්තර චීවරය.දකුනටම මේ යකා ලැජ්ජ කරනව."
"Sisira Dissanayaka","https://www.facebook.com/people/Sisira-Dissanayaka/pfbid0eo9hPyiKtjDxMpDVVwk3ZLDMoE4fjFBYQvgmqeapL5V59vxDyYYFjWTi5d8PGdvSl","wedi bana desana sanga gana uwa pitudakinu"
"Saman Kumara","https://www.facebook.com/people/Saman-Kumara/pfbid02bTC84pQRgFLoRm9ghGMmdbrWtnpdh7LxER2z8XJHajenN8aBuDihWc9TzEyA9URXl","අපිට හොදයි උබ  2 පරිස්සන් කරගෙන හිටපන්"
"Angelo Darshana","https://www.facebook.com/people/Angelo-Darshana/pfbid0375CLQiGeZQF29hW5XHAMQtmaqoN6BNnvRWmnWDkc5QgVRU36wFvvmSMjC62LEtwl","A.k.d apita හොඳයි"
"Herby Stickers","https://www.facebook.com/herby.stickers","Me eka anda pissek"
"Senaka R Kumara","https://www.facebook.com/senaka.kumara.1829","ඇත්ත"
"Darshana Shashimal","","මූ මේ පසුබ්ම හදාගන්නේ නානසාර නවත්තපු තැනින් පෝට්ටුවේ ඊලග කැම්පේන් එක පටන්ගන්න....😆😆😆"
"Sarath Madusanka","https://www.facebook.com/sarath.madusanka.536469","බනක් කියා ගන්න බැරි උන් කාලකණ්ණි වෙනුවෙන් කඩේ යන තරම්"
"Saman Karunarathna","https://www.facebook.com/people/Saman-Karunarathna/pfbid0QeYeSNGsxonMd3Pwpj62Mb7HvXsBuceEmfFK9kNSSAJKwgJLWJCd3Pq4xHyG6bSul","ඉස්සර වෙලා කියනවකො අධාර්මික කියන වචනෙ තේරුම වත් දන්නවද කියලා"
"Rathnayake Sunil","https://www.facebook.com/rathnayake.sunil.2025","thiththa.golla.iththawa.pitiduwa.nanusara.wanachari.rajapaksa.nikaye"
"Nissanka Ranawaka","https://www.facebook.com/nish.ranawaka","හොරුන් වෙනුවෙන් peni inna ඔයාට & හොරුන් ta adarmishta ඇති. අපිට nam gadak හොඳයි"
"Udaya Karunanayake","https://www.facebook.com/people/Udaya-Karunanayake/pfbid0oRSc2Q9tkp6eNVf3VLQMtj2GzvyEk4zG71Rir1Y33nsprCXG5mUNEfK5FaVZ3dKfl","සිවුරු රදවනයක්‍"
"Nethmi Gamage","https://www.facebook.com/people/Nethmi-Gamage/pfbid033DjVBZbJFhg2WwDsAWyR3kh6r3GaUF56tckM8T7cpo8NNbfd2voZzegszLVU6k3il","පිස්සු යකෙක්"
"Nirosha Herath","https://www.facebook.com/people/Nirosha-Herath/pfbid02osYR3cdsCfCGCWX32PrVd62nspzp9rhJ6qbNtCp8dMKCFB3pijDAazDP95452Prgl","හොර ගනයො   උබට  වැඩිය   සිල්වත්  අපේ  ජනාදිපති"
"Chamila Indunil Ramanayaka","","Apita hodai ballo"
"Jayawardhana Wg","https://www.facebook.com/people/Jayawardhana-Wg/pfbid0SJsNdtJzwocXzhMNeP6r56KfX2GE6BVWmnvo4McmAo78K7Mrgvz1NvqgDB6uXAkDl","ඥානසාර යනකොට තවත් බඩුවක් එන්න වගේ."
"Upali Jayasinghe","https://www.facebook.com/people/Upali-Jayasinghe/pfbid02eLB6NhPqA2r9UfgQc8FZrbTWyJY4SicFbp7pnYpHQWTdoPv5iZxx4nKb9aAjm2Kkl","Mun  danawa pansalwala  raha  ekai  maragana marine upasaka ammala dane rahata  genawa  kala ewarawela. E upasaka  ammata hukanawa  suttiya gahanawa  arakku  sikarat bonawa  3n wela  asamanya   vidiyata  budinawa"
"Roshan Wijesuriya","https://www.facebook.com/roshan.wijesuriya.667002","Thopi wage kahakadayo darmikada"
"Chrishantha Costa","https://www.facebook.com/chrishantha.costa.9","මේ මොකෙක්ද?"
"Sampath Godage","https://www.facebook.com/sampath.godage.2025","ඔබගේ ගොට්ට ඇල්ලීමේ කොන්ත්‍රාත්තුවේ ගාන කීයද?"
"Bandusena Mathota Appuhamge","https://www.facebook.com/people/Bandusena-Mathota-Appuhamge/pfbid034Zi552qHGfkr6RAsUejBL6xEDruTbxeAP8H8YwrUgDZ3vmiqzY2vguQ4wpsqnmdDl","ආධාර්මිකයන්ට ජනාධ්ඵති තූමා අධාරරමක උනාට ධාර්මික රටවැසියන්ට ජනාධි පති තුමා ධාර්මික රජෙකි."
"Amila Kumara","https://www.facebook.com/amila.kumara.182","Issella sanga samaje darmika wenna ona..."
"Kapila Abeywickrama","https://www.facebook.com/kapila.abeywickrama.2025","අමු ගවයා කලකන්ණියා"
"GL Darmadasa","https://www.facebook.com/gl.darmadasa","තවත් කාලකන්නියෙක් අලුතෙන් ඇවිත්"
"Jayasuriya Jayasuriya","https://www.facebook.com/people/Jayasuriya-Jayasuriya/pfbid035XJAvBzZox6BkAdcYSnmNi3ML26pxPSyfDCUP9YFjTWA591PdC6HEPqNZyRGukndl","මෙකාට   පිස්සු   මුව  දන්න  අංගොඩට   මුන්ට  බඩු  ගහන්න  නැතිව  වල්  වැදිලා  ඉන්නෙ"
"Aruna Dissanayake","https://www.facebook.com/arunadesen","කවූද දැන් හිටපු දාර්ම්ක නායකයා"
"Susantha Punyasiri","https://www.facebook.com/susantha.punyasiri.2025","මෙයකාට නෑමොලය අයිස් දිලද"
"Priya Thirimanna","https://www.facebook.com/people/Priya-Thirimanna/pfbid02iosnge9tpSm7Q57DKueryN3qtv2znphazyFhEmsdA8G4bSwn2mUYqmaJSyED7y4il","MU PATTA HOREK. SEURAK DAGENA HIGA KANA SAKKILI."
"Jaya Banda","https://www.facebook.com/jaya.banda.912401","හොර ගන ගෙඩියා  උඔලට. වාසිනමි  හොදයි. එක එක  කඩෙ. යන හොරුන්ට. මෙපාර. කෙලවෙලා."
"Priyantha Rathnayaka","","සිවුරට මුවා වෙලනෙ ඔක්කොම"
"Jayantha Perera","https://www.facebook.com/jayantha.perera.777","තක්කඩි පස්සේ යන උඹලා ධාර්මිකයි............... අනෙ පලයන් බය යන්න.........."
"Pradeep Suranga","https://www.facebook.com/people/Pradeep-Suranga/61583639103064","ඉලගට හිරේ යන්න ඉන්න එකෙක්"
"Janaka Sumith","https://www.facebook.com/janaka.sumith.434740","Pala.hora"
"Nimal Jayawardana","https://www.facebook.com/people/Nimal-Jayawardana/pfbid029vJZEeCUz7RFg4qr18RVTK18cns5cUNLjoYaS2sYa5AkbYez8nH4PJNDWWLFFDBzl","අනුන් ගැන හොයන වඩා හොඳ නැද්ද තමන් ගැන හොයන එක"
"Nayanananda Debatadeniya","https://www.facebook.com/people/Nayanananda-Debatadeniya/pfbid02m5FpCT6meMmXfvC14jGYWuiZHLxbe2ENVgg6heej8g4R9QMjTYeQzqzAtQ4fzWTEl","Ganjada gahwwa."
"Antonio Srikantha","https://www.facebook.com/antonio.srikantha","Ane pala thattaya yanna  thopi mulin darmaye hasiriyaw"
"Thilak Hewarathna","https://www.facebook.com/people/Thilak-Hewarathna/pfbid02Fu3d5M82Q7ptyBEX6QmK7x5kocueCpZ4Bup2Wyx11QoR1En6HjjPb6nDoFydtwMml","Towegekeriyekmelowstabbihikarapuewuntathhenawadinadawasalagay"
"Sarath De Zoysa","https://www.facebook.com/sarath.de.zoysa.890304","ආත්ම ආරක්ෂාව පිණිස සිවුරු දාගත්ත දුශ්ශීලයෙක්"
"Lasindu Malaka","https://www.facebook.com/lasindu.malaka","Mu pissek 🤣"
"Silla Sillawati Sillawati","https://www.facebook.com/sillasillawati.sillawati","මේ පොර ඥානසාර එක්ක ලොකු ඇරියස් එකක් තියෙනවා ඒකයි මෙහෙම කරන්නේ"
"Christy Ajith","https://www.facebook.com/people/Christy-Ajith/pfbid02bX89r7aK6iBYeoBYuNhC3HLVJPDCn5MhurHAcTmrfUDweRoAJR312YWNMYjLSwWfl","තොපි එලවපු දාට ධාර්මිකයි"
"Mahinda Rathnayaka","https://www.facebook.com/people/Mahinda-Rathnayaka/pfbid0M2ReVCXPwVZKpiTPdvbeSC4QNZP7heGbRFMqJADQKzWRHdsggwpQ66HFtttpQ5W2l","අරක්කු බොතාල් කියක් බීවද  කසිප්පුද ගැහැව්වේ"
"Chanu Jp","https://www.facebook.com/profile.php?id=100000507497040","Lonthaya"
"Dudley Gunasekera","https://www.facebook.com/dudley.gunasekera.3","PALA SAKKILI BALLA YANDA TOPI SIWRU DAGENA BADU GAHANDA HODAI NEDA WESIGEPUTO"
"Thakshila Viraj","https://www.facebook.com/thakshila.viraj.56","Ganagediya 😁😁😁😁😁 deshapalane kara un nm siwrata gelapenne ne bn...."
"Oshan Oshi","https://www.facebook.com/dilukoshan.denipetiya","Puka denne nathiwa yanawada dan bath kanna"
"Akl Hasantha","https://www.facebook.com/raweendra.raweendra.54","කාදිනල් ක්‍රිස්තියාණිය රැකගන්නත්, මවුලවි මුස්ලිම් අය රැකගන්නත් කතා කලාට අවුලක් නැ. හාමුදුරුවො සිංහලය ගැන කතා කලොත් ජාතිවාදී."
"Dammika Peiris","https://www.facebook.com/dammika.peiris.39","Mahinda nikaye ekek"
"Udayanga Pranandoo Hat","","මහින්ද,ගෝඨා, රනිල්, මෛත්‍රී ධාර්මිකද සාදු."
"Aruna Shan","https://www.facebook.com/aruna.shan.776108","මේ පගයා කවුද බං"
"Sanjeewa Ranasinghe","https://www.facebook.com/people/Sanjeewa-Ranasinghe/pfbid027epCLdVqEAZfhHHpg5vENpLSp29DY8XiGUvHKDDVBzVmd9hCWwscRPHCZRZVpA2ql","Yam kenak katahari thojana karaddi ea kenaga charitha diha balala eka terum ganna puluwan eththada nedda kiyala 😂"
"Sanju Loku","https://www.facebook.com/people/Sanju-Loku/pfbid02sFFH2o7zqtYps6kdmGQJNCcbDuaBgz8knPP6JtUsd4ADie8SD9pt4izKGFW1YpGul","Eka aththa hamuduruvoo Anurag ehema eyata kisima samavak ne hedena lede hoyaganna beruva panuvio thiyala thama merennee"
"Sama Rathmal","https://www.facebook.com/sama.rathmal.2025","දැන්වත් තේරුණා නම් ලොකු දෙයක් ඒක"
"Nandasena Gammeddage","https://www.facebook.com/nandasena.gammeddage","සිවුරු පොරවාගෙන හොරුන්ට කඩේ යන අනාත උන apathayo"
"Wijitha Weerakon","https://www.facebook.com/people/Wijitha-Weerakon/pfbid0mDSwNsc2hvM3J2rpxm263GPvg7UgmCsnayihLAcXjAjPQQZpm5LJ7ZQ6w43PMrFBl","Bikshuwak wada viwada karanna naha budu wadana eyai.oba cheewaradhariyek pamanai.minissunta paw purawanna epa.gedara giyana hodai"
"Manoj Silva","https://www.facebook.com/people/Manoj-Silva/pfbid0BVGzagnukXRsZM639C4wwmhPrX4cH5ATJxn5o26Z3PqyQTiUHsZVAdPaSAURt2TTl","Meyawa mahana karanna"
"Gunathilaka Nandana","https://www.facebook.com/gunathilaka.nandana.9","කොහොමද  උඹ එහෙම කියන්නේ. මෝඩයෙක් වගේ කතා කරන්න එපා"
"Gunasinha Gunashinha","https://www.facebook.com/people/Gunasinha-Gunashinha/pfbid0mNQNCj8efy893DPdoPpu5X4fAh3xF2BQgnuHBJFASrTGxH8ZRy97X5vRcHzbAXnRl","පිනටදෙනඛත්ට්කකාලාපාධුවෙහිටපන්ගොතය"
"චතුරංග සුභසිංහ","https://www.facebook.com/chathuranga.subasinha.524","ඤාණසාරට සමාව දුන්නොත්  ධාර්මික වෙනවද🤣🤣🤣🤣🤣🤣🤣🤣"
"Jayarathnha Id","https://www.facebook.com/jayarathnha.id","ගන ගෙඩිය"
"Amila Nissanka","","🤣🤣🤣😂පල.. පම්කො..යන්න..🤣😂🤣"
"Yasanandana Rohan","https://www.facebook.com/people/Yasanandana-Rohan/pfbid0T4mjxbMVzPnyRtePjaYNnpV1Zk766TW2LKocjaUMxMvsifm3ZYNwsPirowdTPMX4l","Dharmika  hamuduruwo   paw  ne"
"Jayawardana Jayawardana","https://www.facebook.com/people/Jayawardana-Jayawardana/pfbid0rEAZqcMBs5ZAT3wBRmL53ogs4AHTZfY3Lzx86qqNkK2AyYTXGmZWNuen2KQKcrA5l","පල වනචරය යන්න, නිගන්ටයෝ"
"Lahiru Sanjeewa","https://www.facebook.com/lahirusanjeewa.lahiru","Pala lolla yanna"
"Malaka Gunathilaka","https://www.facebook.com/people/Malaka-Gunathilaka/pfbid0hNmXqdhZm72mvSWMJtZqCKrTVaXhsDxFYqZGctacVAm52k1W1CP38sh9M7RdvxNJl","Gangedi ubalata pissuda ."
"Tharindu Nish","https://www.facebook.com/tharindu.nish","මේ රාජපක්ස තට්ටයෝ නන් දේව සාප"
"Piyantha Dissanayake","https://www.facebook.com/people/Piyantha-Dissanayake/pfbid06SV4iZzEdWioUawTunVhCvxcDqMMMgC1EBz74u8trZrbpWqg1SLELngaHrHvzo5xl","අනුර කියන්නේ හොරුන්ට යම පල්ලෙක් අපිට ආදරණීය නායකයෙක්"
"Nihal Baudda","https://www.facebook.com/nihal.baudda.984","Mokadda..meka..relawa"
"Nalinda Ruwanpathirana","","හොරු සිවුරෙන් වහලා හරි ආරක්ෂා කරනවා කියන හාමුදුරුවෝ තමයි මෙහෙම කියන්නේ 😄"
"Sena Galapatha","https://www.facebook.com/sena.galapatha","Ee adarmika kena hodaaai apita oyage darmika kena balagannako kahakadayange as andai"
"Kavindu Hansaka","https://www.facebook.com/people/Kavindu-Hansaka/pfbid02UYifKdnsM3NgPYv5sYNUoC3Pz6rx3siwJEMksrdeeovHs7fiqxC3pfeEbqqU2J6Zl","Thitathagalle uba nigantayek"
"Linton Gamini","https://www.facebook.com/linton.gamini.3","මිනිසුන් ඔබ වහන්සේලට ඇති ගෞරවයත්  නැතිකරගන්න එපා,ඔයාල කරන්නේ මහ පවක් චීවර දරාගෙන"
"Roshan Tharanga","https://www.facebook.com/roshan.tharanga.942145","Ane Pala utto"
"Nishantha Saman","https://www.facebook.com/profile.php?id=1574503230","ගනින්නාන්සේ කෙනෙක් කියන්නේ ...🤣🤣🤣"
"Ujitha Kumara Karunanayake","https://www.facebook.com/ujitha.kumara.karunanayake","Hora ganai buddaga wanasana harak"
"Babymahaththaya Jm","https://www.facebook.com/babymahaththaya.jm","උඹලා වගේ සිවුරු දා ගත්ත විෂ පිරිච්ච සර්පයන්ට අධාර්මික වෙන්න ඕන රටට ශාපයක්"
"Chandimal Karunarathna","https://www.facebook.com/chandimalkaru","එහෙම  කියන්නෙ හොදටම සිල්වත් භික්ෂුවක් 🤣"
"Sarath Colombage","https://www.facebook.com/sarath.colombage.5","හාමුදුරුවනේ ඔබවහන්සේලාගේ ගැන අපට දුකයි , මෙච්චර ධර්මය අවබෝධයක්  තිබිලත් ඔය, කිසි හික්මීමකි නැති හාමුදුරුවන්ට කඩේ ගියේ ඇයි.? නීතිය සැමට එකයි, එය එසේම විය යුතුයි  නැතිනම් රට ගෙනියන්නේ කොහොමද ?"
"Janaka Wedasingha","https://www.facebook.com/janaka.wedasingha","මහින්ද කොහොමද"
"Kumara Buddika","https://www.facebook.com/people/Kumara-Buddika/pfbid02XbChw9SfbEbE1ryjTNpANWJKq7ZDxDXthPzXHqzNY2yqKrSm3iAsgwtopZoMdGQ8l","පිස්සෙක්  ....අමුකාලා....😂😂😂😂😂😂😂😂😂😂😂😂😂🐂🐂🐂🐂🐂🐂🐂🐂🐂🐂🐂🐂"
"Dissanayaka Dissanayaka","","නෑ 😂😂😂😂"
"Jayantha Amarathunga","https://www.facebook.com/jayantha.amarathunga.50","Tu. Nodakin"
"Susil Wijesinghe","https://www.facebook.com/susil.subasinghe","Horu dusithayanta idadenawanam darmikai yhthagalle"
"Sisira Jayasekara","https://www.facebook.com/sisira.jayasekara.750","අනේ පලයන් බන් යන්න"
"Sudesh Lakshitha","https://www.facebook.com/people/Sudesh-Lakshitha/61583198220441","උබ දුස්ශීලයෙක්නෙ 👍"
"Jagath Karunaratne","https://www.facebook.com/people/Jagath-Karunaratne/pfbid02Ej8rynAfkBZo9Lctdw5nrN4qBNkB6u92CQ4W5gajtkHDppRVi4WD6DP54rERMcyl","Sadulate apehasa koranne niragamika pelawatte kari jeppone"
"Renuka Ratnayake","https://www.facebook.com/renuka.damayanthi.372661","සිවුරු රඳවන    පළමුව ඔබ ධර්මිෂ්ඨ වෙන්න"
"Darshana Dammika","https://www.facebook.com/darshanadammikadayarathna","Pala ganaya yanda"
"Kanthi Kanthi","https://www.facebook.com/kanthi.kanthi.767473","Wadinnakooo..meadamulanata..sadu.horaganaya..mun.hamuduruwo.neaweayi"
"Wijayarathna Jayamaha","https://www.facebook.com/wijayarathna.jayamaha.5","Tho.ne. Pako..siwurakith..dagena.padada..wada..karanne..huthtjho"
"Gunasakra Gunasakara","https://www.facebook.com/people/Gunasakra-Gunasakara/pfbid02yQ3669UofRRBkfkRPoJQybrgXMmNDpFZbF5rRRtbNfnt8QCo4FMv2w9vz1FaPTdFl","Oba adarmika. Pewiddek"
"Bdm Dissanayake","https://www.facebook.com/bdm.dissanayake.5","Ha, balanna udin wedama karala.pennanna  hoda.dharmika haamuduru kenek nam,   rahath wela.wage ufin wadinna,"
"Anuralal Jayasinghe","https://www.facebook.com/people/Anuralal-Jayasinghe/pfbid02NMRBtriM1eJQ1V4tLEA4CJXCmPdvk9pMNeYk63S7XS63NP5LMxZ7geLyscyL2kJql","ගාලේ ඉදන් ආපු තිත්ත පොරක් තමයි ."
"Ajantha Perera","https://www.facebook.com/people/Ajantha-Perera/pfbid025fhzJFeUZndWSH9QGL4CG174RRno813ocz7adbFtUp5JNRenzctv3dNKYRbcQXTdl","අනෙ උබලගෙ ධර්මෙ"
"T Ajith Kumara","https://www.facebook.com/takeshi.kumaya","ඇයි ඔබ වහන්සේ තග දාගෙන යද්දි පොඩ්ඩක් වරදිනකං ඉදීවී වැරදුණු ගමන් ප්‍රකාශයක් සටහන් කරගන්න ගෙන්න ගන්නම්"
"Sameera Vidanapathirana","https://www.facebook.com/sameera.pathirana.14","වැරදි කරලා හිරේ ගියේ ඔයා ඔයාගේ වැඩක් බලාගන්න .🤭"
"Sandya Perera","https://www.facebook.com/rathnayake.kumara.52","Mun  awilla  chiwera  dariyo"
"වල්පාලුවේ සම්පත් එදිරිසිංහ","https://www.facebook.com/people/%E0%B7%80%E0%B6%BD%E0%B7%8A%E0%B6%B4%E0%B7%8F%E0%B6%BD%E0%B7%94%E0%B7%80%E0%B7%9A-%E0%B7%83%E0%B6%B8%E0%B7%8A%E0%B6%B4%E0%B6%AD%E0%B7%8A-%E0%B6%91%E0%B6%AF%E0%B7%92%E0%B6%BB%E0%B7%92%E0%B7%83%E0%B7%92%E0%B6%82%E0%B7%84/pfbid021YkmHaeVTToLs2WUz3c8NKs3Kh7pnt1fMuqHmzZr1SWiTN35jpnqnV64rhzZ4Ft6l","ධාර්මික/ අධාර්මික මනින්න ඔයා කව්ද...ඥණසාරගේ තැන ගන්න  දගලන චීවරධාරියෙක් විතරයි..."
"Rumaan Akash","","#ක තමයි වඩක් බලාගන්න"
"Ananda Gonagala","https://www.facebook.com/ananda.ganegoda","Agama kana hora siwuru karaya allanna wena kramayak hadanna.."
"Chinthana Herath","https://www.facebook.com/chinthana.herath.2025","මුත් පිස්සෙක්නෙ"
"Sugath Kd Kd","https://www.facebook.com/sugathkd.kd","Samanthabaddra neyaya den eliyata anawawagaa"
"Anura Seneviratne","https://www.facebook.com/araliusa","මේ අර තිස්ස ජනනායකයා එක්ක නැවේ  කේක්  කපලා ලොකු සන්ධර්ශනයක් දාපු කෙනා ,  දැන්මම අල්ලබන්දේ නැති නම් තවත් සගරාජෙක්"
"Ranga N Dasanayaka","https://www.facebook.com/ranga.nandana.73","වනචාරියා....."
"Liyanage Chandra","https://www.facebook.com/liyanage.chandra.1","Mun  okkoma  hora  ganayo"
"Mahindra Lankesh","https://www.facebook.com/people/Mahindra-Lankesh/pfbid02o2j2w2GcDkac5VYbKsc7EUCS3vCgJkVyg3JhpC8F3GgbwhZNa1hnKyR2jkACdNxAl","Pala pala do.... mudalata kahina sieuru pathalaya..."
"Idunil Weerasinghe","https://www.facebook.com/idunil.weerasinghe.2025","ඕක  ඔබවහන්සේ adada  දන්නේ"
"Samantha Bandara","https://www.facebook.com/samantha.bandara.3158652","Pissek"
"Ranjith Kumara","https://www.facebook.com/people/Ranjith-Kumara/61572161038721","Thopi ape dane kala ganikawanta hukna eun."
"Jsk Gamage","https://www.facebook.com/bhasu.gamage","මෙන්න මුන්ට තමයි කියන්නෙ මිත්‍රපතිරූපකයො කියලා , මූ මිත්‍රයට ජනාධිපති සමාව ඉල්ලලන විදිය බලපල්ලකො. සමාව දෙන්න හිතාගෙන හිටියත් මේ වගේ හරකෙක් මේ විදියට තප්පුලනකොට සමාව දෙන්න හිතෙනවද?"
"Ajith Lasantha","https://www.facebook.com/ajith.lasantha.215308","එකෙක් යනකොට එකෙක් එනවා     කවුද බං මේ ගනයා"
"සිරිසේන නාමල්ගම","https://www.facebook.com/44e0omyj6w","Mutath  ediriyedi vadinava mekath  karanne kapati balu vedamaine  me aanduven dusithaenta  thenak ne kiyanne  munta varadinaeka thama"
"Alupotha Bandara","https://www.facebook.com/ambbandara","සිවුර දා ගත් පමණින්ම හාමුදුරු කෙනෙක් නොවේ.මේ වගේ චීවරධාරීන් නිසා බුදු දහම විනාශ වෙලා තියෙන්නේ"
"Jayantha Darmapriya","https://www.facebook.com/people/Jayantha-Darmapriya/100068690014124","ඔව් ඉතිං ගූ කන එවුන්ට"
"Eranga Pathirana","","මරු ධාර්මිකයා"
"Andrew Garfield","https://www.facebook.com/andrewgarfield2026","Tho darmika balla"
"Sunil Chandrarathna Wms","https://www.facebook.com/sunilchandrarathna.wms","හොර ගනයෝ"
"Prasanga Kumara Fernando","https://www.facebook.com/prasanga.kumara.fernando","අපේ AKD ධාර්මික වැඩිද මන්දා,"
"Prasad Madushanka","https://www.facebook.com/prasad.madushanka.3152","බුදු දහම රැකෙන්නේ බෞද්ධ ජනතාව නිසයි. බුද්ධ ශාසනයට ඇතුළත් වෙලා ඉන්න මේ වගේ චීවර දාරින් තමයි බුද්ධ ශාසනය විනාශ කරන්නේ"
"Susantha Sampath WH","https://www.facebook.com/susantha.sampath.wh","කවුද බන් උබ යම පල්ලෙක් වගෙ නෙ තො"
"Sugath Wije","https://www.facebook.com/sugath.wije.54","Hora kahakadaya okata mongol malponnaya"
"Ganeshan Max","https://www.facebook.com/ganeshan.max.7","හාමුදුරුවන්ට දේශපාලන වහම තහනම් කරන්න ඕනේ මහන උනානම් රටෙ මිනිස්සුන්ට ධර්මය අවබෝධ කරලා දෙන්න ඕනේ රට ගිණි තියන්න නැතුව 🆗"
"Chamila Udayangani","https://www.facebook.com/people/Chamila-Udayangani/pfbid02QaBDf3BjPwDVx4tajkMWhY6fkvTBdqdABXsaeJAUbqdSuZCcjcy73xauQBJ2BX5Dl","Mutha pissu geriya angoda yawanna"
"Chathura Kumara","https://www.facebook.com/chathura.nawarathna.7","රජුගේ ධාර්මික බව හොයන සිවුරු පොරවාගත්ත තක්කඩි. මුන් හිතන් ඉන්නේ සිවුර පොරවාගත්තම ඌ හෙන ධාර්මිකයා කියලා.😂😂😂"
"Upeka Upeka","https://www.facebook.com/upeka.upeka.2025","Ubath mahanaweyan sambudda sasane ubalata hariyanne na  amu kalakanni pinbath gilinawa boruwata"
"Hettiarachchige Somarathna","https://www.facebook.com/hettiarachchige.somarathna.5","Mu bonne botale kate tiyan apataya"
"Wm Rajapaksha","https://www.facebook.com/people/Wm-Rajapaksha/pfbid0BAAWbDiMHTsb6LeE62CXWxrVEMfscEtiRcfmEGPYofjN9KsRhe86m7yEKjXyZYo9l","Budun sarana gihinda oya inne."
"Priyanga Amarasuriya","https://www.facebook.com/profile.php?id=100001926058792","මහණවෙලා  බණ කියන්න 😆"
"Sudheera Chamkara","https://www.facebook.com/sudheera.chamkara","කුනුහර්ප කියන බේබදු ජාතිවාදය අව්ස්සන, අසීලාචාර භික්ශුවට ජනාධිපති සමාව නොදුන් නිසාලු ඒ 😂 පුදුම තර්ක තමා"
"Sanka Dhananjaya","https://www.facebook.com/sanka.dhananjaya.12","ගලබොඩ අත්තෙගේ ඉතුරු ටික මූ ඇදගෙන යන්න හදන්නේ දේශපාලනය නවත්තලා මහනවෙයල්ලා, නැත්තම් සිවුර ගලවලා දේශපාලනයම කරපල්ලා"
"Udaya Kithsiri","https://www.facebook.com/people/Udaya-Kithsiri/pfbid0LvRHsHetityPAet9FRARPUzo1ED2YttqYhKMVmKytEybPtGTsUu3r1KPqJXziH1hl","අනුරට ජයවේවා"
"Dasun Munasinghe","https://www.facebook.com/people/Dasun-Munasinghe/61591153062199","ඔබ වහන්සේ හරි."
"Kaweesha Sathsara","https://www.facebook.com/people/Kaweesha-Sathsara/pfbid015EcHjMSwFgyHcWSZRDTtvxbJaLDRw7q6b2B2hMv5khMaFRxeGQ82aZqd7LirLfDl","සම්බුද්ධ සාසනේ විනාස කරන්න මහනවෙච්ච එවුන් මුන්."
"Kamani Thennakon","https://www.facebook.com/akamani.btennakoon","Ane ape eka apiita hodaioya wagedhrmika aya gana api dannawa  hamuduruwane"
"Kumara Hewa Pathiranage","https://www.facebook.com/people/Kumara-Hewa-Pathiranage/pfbid0366Vnj359sh9PuKq7hK4sZdWXbud8SkeCX81JerirKcyWumhiyWARembbPn87S41tl","Amu pisso"
"Thushara Perera","https://www.facebook.com/people/Thushara-Perera/pfbid0mzfHrn4j3wctsdxKV2y9NHTqYtDFpXNJPDyMzVy2RPTqpjDaudMPbtD8wQNB6pYbl","Wenama nikayak hadanawa kiwwa neda."
"Dillan I. Senevirathna","https://www.facebook.com/dilansenevirathnaarch","හැම තට්ටයාම සිවුරු පොරවගත්තට බුද්ධ පුත්‍ර යෙක් විදිහට මහානායක පිලිගත්තට බුද්ධ දර්ශනය පිලිගන්නේ නෑ. තිත්ත ඇත්ත ඒකයි තිත්තයෝ"
"LJMR Bandara ","https://www.facebook.com/ljmrbandara","අපිට අවුලක් නෑ"
"Rachila Disan Fernando","https://www.facebook.com/profile.php?id=1330741849","හූ 😅😂"
"Agasriyani Sriyani","https://www.facebook.com/people/Agasriyani-Sriyani/pfbid0qMP9Q8ktLHsDSDYsB2mJ8izUdDgkfb8htTT59WAAjXtgX2TXPY7ozmM5GJXAQVq9l","හාමුදුරුවෝ  දානේ කාල පන්සලට වෙිලා ඉන්න හොරැ රකින්නේ නැතුව"
"Nuwan Aravinda Bandara","https://www.facebook.com/nuwan.aravinda.bandara","මේ රටේ මේතාක් කාලයට බිහිවූ නායකයා ...තිත්තගල්ලෙලාට අධාර්මික උනාට රටේ ,තමන් උපයා සපයාගත් දෙයින් යැපෙන සහ ශාසනයටත් පූජා කරන මිනිසුන්ට අනුර කියන්නේ රජෙක් සහ දෙවියෙක් ...අනුර පේන්න බැරි අනුර අධාර්මිකම පේන්නෙ හොරුන්ගෙ ,තක්කඩින්ගෙ ගුබ්බෑයම් වල ලගින හොරුන්ට ,තක්කඩින්ට සහ බුද්ධ චීවරේ වෙනුවට මැදමුලනෙ නිකායේ හෙරලියගෙ කහපාට චීත්ත පොරවගත්තු උන්ට ...."
"Chandana Gamage","https://www.facebook.com/people/Chandana-Gamage/pfbid02yLS4TTaF2iy4b3MjpszoPCz2PgJJX3rxU9LdqX1rufH8jnzxx6LYyKxGa6b39VfLl","නානසාරගෙ ගොලයොනෙ"
"Mahesh Yapa","","බුදුරජාණන්වහන්සේගෙ ස්‍රාවක අටගොල්ලයි ඉන්නේ. ඇදුම මාරුකරගෙන තට්ටෙ ගෑවට වැඩක් නෑ, 🤣😅😁"
"Dhammika Rathnayaka","https://www.facebook.com/dhammika.rathnayaka.66019","Thoh nodakin para ballo pinbath kala thela"
"Chami Rathnawedhaarachchi","https://www.facebook.com/profile.php?id=1721155369","කොහොමත් රට වටේ අත්සන් එකතු කර කර ගියේ අන්තිමටම ඕක කියාගන්න බලාගෙන තමයි"
"Wijethunga Wijethunga","https://www.facebook.com/wijethunga.wijethunga.500108","Rata ta Hoda apita hodama nayakaya anurakumara"
"Sarath Kahatapitiya","https://www.facebook.com/sarath.kahata","මොක්කුද මුන්"
"Senarath Ashok","https://www.facebook.com/senaranthashok","ධාර්මික නාකයෝ දෙතුන්දෙනෙක් හොඳටම කරලා තිබ්බෙ පහුගියටිකේ.. යන්න දැංවත් පැවිදිවෙන්න.. 🙏"
"Wasan BL","https://www.facebook.com/wasan.bl","මොකෙද්ද බන් මූ..පල සිව්රු හොරා"
"Nilantha Kumara","https://www.facebook.com/nilantha.kumara.8826","උබලට අදාර්මික උනාට කමක් නැ අපිට දාර්මිකයිනෙ පින් බත්තු"
"Akesh Anjuna","https://www.facebook.com/profile.php?id=100004486893871","Ane playan bn.🤣"
"Piyathilaka Mallika","https://www.facebook.com/profile.php?id=100009773974071","මොනම හරි බයිලාවක් කියලා කලෙන් කලට කවුරු හරි මොඩ අය බිහි වෙනවා"
"Tharanga Rathnayake","https://www.facebook.com/tharanga.rathnayake.94","Kalaganni gana hattta"
"Shanuja Perera","https://www.facebook.com/shanuja.perera.2025","Hodata bila edala thiyenne muu"
"Reedluke Reedluke","https://www.facebook.com/people/Reedluke-Reedluke/pfbid02rKQXJt37A1RLRzb1BHhCEy6JyEs3jUaji4CK4t3vU9R4o6BH7HuZWHmcYgoMNT5Xl","Sewura galawala balleakuta andawapiya gin sakkili ganaya naanata samawak neha thogea pukata  heana gahanna oonea"
"Dharmasiri Munasinghe","https://www.facebook.com/dharmasiri.munasinghe.5","අධර්මිෂ්ට භික්ෂුවකගේ මොංගල් ප්‍රකාශයක්. කහ වස්ත්‍රයටත් ලැජ්ජයි."
"Chandra Rathnam","https://www.facebook.com/people/Chandra-Rathnam/pfbid02aM5xMrNiixrrudnFhqDuyioqQEpPRircPUZP152AuKbBPkxGq3CCA6HhBytKdcqil","Nothiyata pitin janadipathi samawa dunnoth Eya adarmista palakayek"
"Nihal Marriage Don","https://www.facebook.com/nihal.marriagedon","Junior kanapale"
"Supun M Ranawaka","https://www.facebook.com/supun.ranawaka.9","මේ පුද්ගලයාව මුලින් මහණ කරලා ඉදියනම් හරි."
"Lakshman Wickramaratne","https://www.facebook.com/lakshman.wickramaratne.2025","NEETHIYA  ADHARMIKADA   DAHAMATATH OKSMA KIYAVI MEDA"
"Kasun Ninesh Ramanayaka","https://www.facebook.com/kasunninesh.nimesh","Muta siura galawala gahanna oni😡😡😡"
"Prasanna Perera","https://www.facebook.com/people/Prasanna-Perera/pfbid02KUytVzVpB9j1yLXsSjt1SSGJzA8qoc2e6ZHWoFkbCHguzGEaaznKFu53yjKNkFTil","munta dan pissu ai dan jarawa kanna ba na"
"Dzylva Regan","https://www.facebook.com/people/Dzylva-Regan/pfbid025pE4A4Wtyhw3yq8ZGvEHyUbqvixbY8jQanJS1bYXCsvKoGhXHQyiKqg5V8AkbPrwl","තට්ට තිත්ත හොරා"
"පිස්සු ලෝකයක්","https://www.facebook.com/pissulokayak.lk","අනේ හිවලා.."
"Chaminda Tissera","https://www.facebook.com/people/Chaminda-Tissera/pfbid0m17CZCxbdyNo1jwzvyHd19wpQ7Hf6udB4tBDkHo12utDudkDdMFyyZyiMHYNXLJ2l","අපේ හාමුදුරුවෝ හොඳයි කියන්නේ.. දැනට දූෂණ / මුදල් වංචා නඩු 19කට චෝදනා තියෙන චෝදනා කරුවෙක්වෙලා බණ්ධනාගාර ගතවෙලා ඉන්න පුද්ගලයද..? ඔහු ධාර්මිකයි කියලද කියන්නේ.  අනේ දෙවියනේ තුන්තිස් පැයම බුදු බණ අහන කියන රටකට වෙච්ච වින්නැහියක්.."
"Lal Rashen","https://www.facebook.com/people/Lal-Rashen/pfbid0opA7eZ91ri6atqW3GJLPf23NJN9GV5Pf5NwJAiS5RvdTP4Pn7dv3h9dEwhYT8XKPl","Tawat pissek awit.munge siwuru ayin karanna one"
"Mahinda Basnayaka","","මෙයා නාමල්ගෙ  ආද්‍යත්මික නායකයා අනේ මේ ...නාන සාරගේ   මල්ලි මෙයා ජේ ආර් ගෙ කාලේ නම් තාර ගෑවා ගෝනවල සුනිල්ල ලවා"
"Jagath Silva","https://www.facebook.com/silva.jagath.2025","Palayan siwuru horo yanda ethakota meh rate hitapu jr,premadasa,ranil,mahinda,gota darmista palakayoda.monawada dan naha janadipathi anura karapu adarmika kam thamunahe wagema apith meh rate wasaya karana minissu apitath as penawa kan ahenawa hodata.adarmista passwal lewakapu ewunta dan yana ena man naha ohe ayale yanawa uthum cheewarayata muwa wela jada wada kara kara anunta mada gagaha.mun thamai budda sasanaya winasa karana hora gana gediyo pinbath kelina pansal paluwo."
"Dilan Jayawickrama","https://www.facebook.com/dilan.jayawickrama.9","මොකාද මේ අවජාතකයා"
"Pradeep Niroshan","https://www.facebook.com/pradeep.niroshan.71697","උබ සක්කිලි බල්ලෙක්"
"Nilanka Damith Weerasinghe","https://www.facebook.com/madageweerasinghe","අපේ රට දියුණු කරන්න බැහැ, සැමට හිත සුව පිණිස පාලනයෙන්, දියුණු රටක් වෙන්න නම්, තව ජෙනරේෂන් 2ක් වත් අසීමාන්තික කැප කිරීමක් කල යුතුයි......"
"Deshan Jayawardhana","https://www.facebook.com/maduranga.perera.90663894","ඔයත් සුපිරි ගිහියෙක්😂"
"Nissanka Kamalsiri","https://www.facebook.com/people/Nissanka-Kamalsiri/pfbid0a8kFaAzMFQh3NFrUhYxRD99yTQYeCXvZPnHV544XKHLRALiggEuQNAj8NCrBPxTwl","මේකවත් ඇතුලට දාන්න තියන්නෙ"
"Ajith Suraweera","https://www.facebook.com/ajith.suraweera.350734","සිවුර දාගත්තු පිස්සෙක් ආයේ ෆොම් වෙලා"
"Shanaka Dissanayake","https://www.facebook.com/shanaka.dissanayake.1","Thuu nodakin tho"
"Sajith Kegalle District","https://www.facebook.com/Dhrmapala.kagalledisthikkya","හැසිරිමෙන්ම ඔබේ ධාර්මික කම පෙනේ සිවුර දරාගෙන බණක් භාවනාවක් කරලා මිනිස්සුන්ට ධර්මය කියා දීලා මිනිස්සුන්ට උදව් පදව් කරලා ජීවිතේ ගත කරන්න මහණ වෙච්චි මෙතුමා, දේශපාලන හෙංචයියන්ට කඩේ ගිහිල්ලා, බුදුන්ගේ ධර්මයට විරුද්ධව හැසිරිලා, උත්තරීතර චීවරයට  අපහාස වන ලෙස කතා කරමින් ගෙවූ කාලය අවසන් වී, අද අසරණ වෙලා නේද, දැන් එතුමාව බේරගන්න කාටවත් බෑ, එනිසා හැමෝම දැනුවත් විය යුතුයි,තමන් වැපිරූ දේ අස්වැන්න තමයි නෙළාගන්නට ලැබෙන්නේ කියන එක,"
"Anil Anil","https://www.facebook.com/swgmyg.bandara","හාමුදුරුවෝ ධාර්මික උනානම් අද අත්සන් හිඟාකන්න ඕන නැහැනේ"
"Wasantha Karunarathna Athulwasala","https://www.facebook.com/wasantha.karunarathna.athulwasala","ධාර්මික තිත්තගල්ල 🤣🤣🤣🤣🤣😂😂🤣🤣"
"Don Wije","https://www.facebook.com/di.wijesundara","නිකන් මිනිස්සුන්ගෙ ලේ කෝප නොකර ඉදින් Admin"
"Fiz Sam","https://www.facebook.com/fizi.freez","Is it because presidential pardon not given to Gnanasaaara"
"Hutch Hutch","https://www.facebook.com/hutch.hutch.2025","උබ සුප්පුවෙක් 🤣🤣"
"Akila Gayan Perera","https://www.facebook.com/akila.gayan.perera","තිත්ත ගල්ලේගේ දේශපාලන හාම්පුතා ධාර්මික නායකයෙක් වෙන්න ඇති.."
"Durage Chaminda","https://www.facebook.com/durage.chaminda.2025","ඔයා ධාර්මික වෙලා ඉන්න මුලින්"
"Basil Dinesh Ranga","https://www.facebook.com/basil.d.ranga","දෙන දේ කාලා මදිවට දැන් ඉල්ලන් කන්න හදන්නේ"
"බාලසූරිය සහසැස්","https://www.facebook.com/balasuriya.sadew","රජු අධාර්මිකයි කියන ඔබවහන්සේ දුශ්ශීල භික්ෂුවක් කිව්වොත් මිනිස්සු ඒකත් පිළි ගන්න වෙනව නේද........ හිමියනි"
"Hangili Gedara Amarasekara","https://www.facebook.com/profile.php?id=100002171943251","පෙරේත අපතයා"
"Rajendran Kanapathipillai","https://www.facebook.com/rajendran.kanapathipillai.12","AKD ජනාධිපතිතුමා ඔබලාවගේ දූෂිතයන්ට, පාතාලයට, හොරුන්ට, අධාර්මික වුනාට, රටේ සාමාන්‍ය ජනතාවට හොඳටම හොඳයි"
"Sath Jaya","https://www.facebook.com/sath.jaya.2025","සිවුරැ හොරා"
"Faizal Meeya Jahn","https://www.facebook.com/faizal.meeyajahn","අනුර තමයි නියම ධාර්මික නායකයෙක්. ඒකනෙ ජනතාව පත්කරෙ."
"Chinthaka Supun","https://www.facebook.com/chintaka.supun","Ane pala ඝණය"
"Jayasiri Kalu Arachchi","https://www.facebook.com/jayasiri.kalu.arachchi.2025","හා,හා උඹලා හරි ධාර්මිකයි....."
"Amaranath Cumaraswamy","https://www.facebook.com/amaranath.cumaraswamy","සිවුර ඒ රට අස්ථාවර කිරීමට වලිකන සැට්ටැබිරාල"
"Kalu Bowila","https://www.facebook.com/kalu.bowila.1","තවත් හොර සිව්රු නිගාන්ටයෙක්...,"
"Gunathilaka Weththasinghe","https://www.facebook.com/gunathilaka.weththasinghe","හා හා කලින් ඉදලා තියන්නේ හොද දර්මිකයෝ එකනේ මේ  රට මේ  විදිහට තිබුනේ මිනිස්සු දෙන දානේ කළා පිනක් කරන් හිටියනම් මීට වඩා හොද නැද්ද නිකම් එක එක පක්‍ෂ වලට කඩේ යන්නේ නැතුව"
"Piyal Ranatunga","https://www.facebook.com/piyal.ranatunga.2025","එහෙනම් ධාර්මිෂ්ඨ නායකයෝ කවුද කියහන්කෝ බලන්න තිත්තයා."
"Sugath Dammika","https://www.facebook.com/sugath.dammika.1004","උඹල සැට් එක දේශපාලනය කරන එක නවත්තපල්ලා…."
"Indika Kaluarachchi","https://www.facebook.com/indika.kaluarachchi.3","පිස්සුත්තෙක්"
"Sujeewa De Silva","https://www.facebook.com/sujeewa.desilva.1671","රෙදි මහන කෙනෙක් ද කොහෙද?"
"නිසි නිසි","","api anurata"
"Chari D Ranawaka","https://www.facebook.com/charitha.ranawaka.3","ඉස්සරවෙලා මහනවෙයන් පගයා"
"රුචිරංග ගයාදිශ","https://www.facebook.com/ruchiranga.gayadeesha","ඉස්සෙල්ලා මහණ වෙයන් පරයා"
"Priyantha Ranaraja","https://www.facebook.com/priyantha.ranaraja.2025","අදර්මිශ්ටයෙකුගෙන්  මොනාද මේ ඉල්ලන්නෙ. උබලගෙ ඉල්ලීම් ඉටු නොවුනකොට් ඒහෙමයි. සාදාරනයවෙනුවෙන් පෙනීසිටින්න"
"Td Sirisoma","https://www.facebook.com/td.sirisoma","මේකට වඩා සීලේ තියෙනවා එතුමා ලග"
"Srima Dharmakirthi","https://www.facebook.com/srima.dharmakirthi","තමුන් දාර්මිකද."
"Anushka Liyanage","https://www.facebook.com/anushka.liyanage.840855","Srima Dharmakirthi ඔයා දර්මික වගේ නේ"
"Janaka Ruwan Kumara","https://www.facebook.com/janaka.eagle","තේරුම් ගන්නවා රට යන අත කාලකණ්ණි කරන අපරාද වටහාගෙන"
"Gamini Bulegoda","https://www.facebook.com/people/Gamini-Bulegoda/pfbid0bgjd1AteEDPUXP5cFFnk8BV6D3NiJFRxkXEdxaRUkwuCGVKbPJjjNhTEpF67dr26l","සංග යෙක් වෙලත් මෙයා කරන්නේ මොනවාද කියලා  තමන් දන්නෙත් නැහැ"
"Udaya Sanjeewa Karunasena","https://www.facebook.com/udayasanjeewakarunasena.yapaappuhamilage","මූ මොකෙක්ද සිව්රක් දාගෙන බුද්ධසාසණය විනාශම කරන කාලකන්ණියෙක්."
"Rmsi K Rathnayaka","https://www.facebook.com/rmsi.k.rathnayaka","මුගෙ කැත..😬"
"Amara Siri","","අනේ ධාර්මික උන්ගැන කියල මොකටද? කුණුහරුප තමයි කියවෙන්නේ…"
"Roshan Amarasekara","https://www.facebook.com/roshan.amarasekara","සිවුර දා ගත් පලියට භික්ෂු වක් නොවේ... ජනාධිපති  ගේ දර්මිෂ්ට කම් හොයන්න ඉස්සෙල්ල හරි විදිහට මහණ උනොත් නරක ද?????"
"Prasanna Gunawardana","https://www.facebook.com/damsilu","බලන් යද්දි රට විනාශ කරන්න දායක වුණේ දේශපාලනඥයන් විතරක් නෙවෙයි. ආගමික ඇඳුමක් දාගෙන ආගමත් ධර්මයත් තමන්ගේ බලය, වාසි සහ දේශපාලන අරමුණු වෙනුවෙන් භාවිතා කළ ඇතැම් පිරිසක්ද ඒ වගකීමෙන් නිදහස් වෙන්න බැහැ. කහකඩයක් ඇන්ද පමණින් කෙනෙක් පිරිසිදු චරිතයක් වෙන්නේ නැහැ. සුදු ඇඳුමක් ඇන්ද පමණින් කෙනෙක් හොඳ දේශපාලනඥයෙක් වෙන්නෙත් නැහැ. මිනිසෙකුගේ සැබෑ වටිනාකම තීරණය වෙන්නේ ඔහුගේ ඇඳුමෙන් හෝ පෙනුමෙන් නොව, ඔහු කරන ක්‍රියාවෙන්. ආගමට ගරු කරමු. හැබැයි ආගම මුවාවෙන් රටට හා ජනතාවට හානියක් කරන ඕනෑම ක්‍රියාවක් ප්‍රශ්න කරන්නත් අපි බිය නොවිය යුතුයි."
"Prasanna Gunawardana","https://www.facebook.com/damsilu","ආගමට ගරු කරමු. හැබැයි ආගම මුවාවෙන් රටට හා ජනතාවට හානියක් කරන ඕනෑම ක්‍රියාවක් ප්‍රශ්න කරන්නත් අපි බිය නොවිය යුතුයි"
"Aruna Shantha","","මේ තිත්ත හොරෙක්"
"Robin Junior","","Siwurak daagena, agamatath kelogena, upan ratatath kelogena, eka ekaage guu campaign wenuwen dagalala balagena sasaren etharama wei. Nodakin 🤢🤮"
"ආර්ය මග","https://www.facebook.com/7bmqs2uzb9","අම්ම්මෝ කල්ප ගනාක් පෙනවා නිරා දුක්"
"අවංක බයියා","https://www.facebook.com/people/%E0%B6%85%E0%B7%80%E0%B6%82%E0%B6%9A-%E0%B6%B6%E0%B6%BA%E0%B7%92%E0%B6%BA%E0%B7%8F/pfbid02Nfezphki3q5RcPZopCmWMe3xraGKuJRrLDkMTmeD2dSC8fFvz94Pd9ME1GokGhgsl","මෝඩ  පකිස් බූරුවෙක්"
"Raz Noor","https://www.facebook.com/raz.noor.771445","Pol buruwa"
"Devapriya Dharmapala","https://www.facebook.com/devapriya.dharmapala.9","මූ අයිස් ගහනවද කොහෙද... හොඳට බලන්න මූගේ වීඩියෝ... විනාඩියකට කී පාරක් නහය කහනවද කියලා...."
"Athula Wanigarathne","https://www.facebook.com/Rasiya.bn","ඇත්ත බං , උබ වගේ තට්ට cariyo න්ට මුකුත් නොකරන එක අපරාදයක් 😐"
"Wanathe Siyathurala","https://www.facebook.com/people/Wanathe-Siyathurala/pfbid02TjYHx5kEHjtrPH6veDwvPXT78zfTkbYJK14LPRr6U7qhvh6HipcPHqQTQHtoFaDQl","හාමුදුරුවො කියන බන තිත්ත රස වෙන්න දෙන්න එපා ඒවා මිහිරි රසයෙන් කියන්න මහන්සි ගන්න.....කරුනාකරලා.. .."
"Raja Rajapaksha","https://www.facebook.com/raja.rajapaksha.5","ගලය ඇතුලට යනකොට තිත්තය එලියට එනව වගේ"
"Chami Lesthuruge Gles","","උබ බුද්දාගම විනාස කරන 🐂නිගන්ටයෙක් 😂"
"Chinthaka Prasad","https://www.facebook.com/chinthaka.prasad.33","දෙන්නම්  තොපිට  ජනාදිපති  සමාව 😆😅"
"Samaraweera Samaraweera","https://www.facebook.com/samaraweera.samaraweera.31945","අයි රටේ සල්ලි හොරා කාපු එවුන් අල්ලනවටද නැත්නම් ආගම්වාදය අවුස්සලා රට ආරජිත කරන එවුන්ට නිතිය හොදනැද්ද එහේනම්රටට හෙනගැව්වත කමක් නෑ ඕනමදෙයක් කරල නිර්දා් ශි කියන එවුගේ පැත්ත ඇරගෙන නිතිය නවන්නද කියන්නේ ඒකාලේ ඉවරයි දැන්තියෙන්නේ නිතිගරුක ආණ්ඩුවක් මතක තියා ගනව්"
"රුක්මල් දෙල්ගහවත්ත","https://www.facebook.com/ruk.77096.lk","සිවුරක් දාගන්නවා කොහෙන් හරි බණ ටිකක් හොයාගෙන කියනවා ෆේස්බුක් දාලා ජනප්‍රිය වෙනවා දායකයොන්ගෙන් ලැබෙන දේවල් මදි වෙනවා කුණු දේශපාලනේට කඩේ යනවා BMW හරි බෙන්ස් එකක් හරි ගන්න"
"Priyankara Herath","https://www.facebook.com/people/Priyankara-Herath/pfbid02hVKYmoiysKveYub6fWTkPemqmbsyMrBmzPVxFVJXpZSB5b9ZMAPrcCEcoNqDmAs8l","තො සිවුරු හොරෙක්"
"Upul Hemantha","https://www.facebook.com/upulhemantha.hemantha.9","උබ ආගම විකුනගෙන කන්නෙක් තිත්තගල්ලේ"
"Kamal Aruna Shantha","https://www.facebook.com/kamalaru","උබල කියන කියන එකට කැමති නැති නටන් නැති එකා අධාර්මිකයි"
"Rohan C UJ","https://www.facebook.com/profile.php?id=100000863785896","H£u¥k¿a€හාන්, 🤬🤬🤬🤬"
"R.A. Bandaranayake","https://www.facebook.com/r.a.bandaranayake","කමක් නැහැ උඹ එහෙම කිව්වට එතුමා රටට ජාතියට අධාර්මික වෙලා නැහැ.දූෂිත හොරුන්ට සහ උන්ට මුට්ටි අල්ලන උන්ට තමා අනුර සහෝදරයා ලොකුම ප්‍රශ්ණයක් වෙලා තියෙන්නේ......මොන බලවේග ආවත් මේ කරගෙන යන ක්‍රියාන්විත ආපස්සට හැරවීමක් නැතිව ඒ විදියටම කරගෙන යන්න ජනපතිතුමනි.රට ස්ථාවර වන මොහොතේ පටන් රටේ ජනතාවටත් පියවරෙන් පියවර සහන සලසන්න."
"Menaka Wimalarathna","https://www.facebook.com/menaka.wimalarathna.2025","එකට කමක් නැහැ අපට දාර්මිකයි   තෝ නහින් නැතිව හිටපන් කාලකන්නි  බුරැවා"
"Kdi Kumara","","බණක් කියලා බඩුවක් ගහලා හිටපං බං"
"Jinendra Jayasinghe","https://www.facebook.com/jinendra.jayasinghe","වැරදි කරන අයට එහෙම පේනවා..😀😀😀"
"Danushka Malinga Munasinghe","https://www.facebook.com/danushka.munasinghe.92","Darmika venna hamuduruvota bonna kanna ganu v8 denna ona ne, hitapu un oya okoma kara 😜"
"Akila Jayawardana","https://www.facebook.com/akilajayawardana.jayawatdana","Nodakin kalakanniya"
"Chandrapala Adikarige","https://www.facebook.com/chandrapala.adikarige","තිත්තයාගේ  ඇගෙන් ධාර්මිකකම බේරෙනවා. තමරැහේ එකා වෙනුවෙන් කතා නොකර වෙන මොනවා කරන්නද?රැහේ සේරම ජනතාව හොදින් දන්නවා. උත්තම සිවුරට මුවාවි. සිවුර දරාගත්තේ කුමක් සදහාද කියාඅමතකව පිස්සු කෙලින කහකඩයො."
"Antony Srimath","https://www.facebook.com/antonysrimathperera.muthuporuthotage","තිත්තගල්ලේව දැන්නම් හොදටම තිත්තවෙලා තියෙන්නේ .නීතිය කාටත් සමානයි.ඒක සිව්රද,ලොගුවද,බුර්කාවද අදාලම නැත."
"Lushan Jayawardhena","","Bana kiyala meyate goda eemak naakiyala watahagena."
"Jananayaka Adasooriya","https://www.facebook.com/jananayaka.adasooriya","Gnanayage wede ikman karanna muta one wela thiyenne pamkaya"
"Janitha Kumara","https://www.facebook.com/janitha.kumara.39","Jananayaka Adasooriya හරියට හරි"
"Gayan Motor","https://www.facebook.com/people/Gayan-Motor/pfbid02HHrtv5z9Z9NhBxggBBtVPTf8Dk51N6rJMBP2kQNMryrqcfKueeA919YczdBbjkdml","සිවුරුදාගත්ත කාලකන්නි පkaයා ...."
"Samith Dewage","https://www.facebook.com/samith.dewage.1","අපි අනුරට"
"Sameera Kdhn","https://www.facebook.com/sameera.kdhn","සිවුර දාගෙන ඉන්න ඔබ ධාර්මික ද....?දන්නෝ දනිති....සංග පාතාලේ එක පුරුකක් කියලා.....පව් පුරවගන්නෙ නැතුව සිවුරු ගලවපල්ලා...."
"Hemawathi Edirisinghe","https://www.facebook.com/hemawathi.edirisinghe","මහින්ද ගෝඨා එහෙම ධාර්මික නායකයො නේද අපේ හාමුදුරුවනේ"
"Sudara Chandimal","https://www.facebook.com/sudara.chandimal","Paka tamai."
"Jayantha Gamage","https://www.facebook.com/jayantha.gamage.576615","ඉස්සරවෙලාම  මෙන්න  මේ වගේ  පින්ගුත්තරයන්ගේ  දේශපාලනය  නතරකරන්න  ඕනේ"
"Mahinda Dickwella","https://www.facebook.com/mahinda.dickwella","තිත්තගල්ලේ හාමුදුරුවෝ අපි හිතපු මට්ටමේ හිමි නමක් නොවනබව ගලබොඩවත්තේ හාමුදුරුවන්ගේගුණවායනා කිරීමෙන් පැහැදිලියි ඔහු දුෂිතරාජපක්ෂලකියන විදියට නටපුකෙනෙක්"
"Upul Biyagamege","","දේශපාලු චීවාරාධරියෝ"
"Gamini Samaradiwakara","","මු මහන කරන්න ඕන"
"Kamal Rajakaruna","https://www.facebook.com/kamal.rajakaruna.524","සිරිනන්ද හාමුදුරුවන්ගෙන් බණක් අහපං,සිව්ර දාගෙන ඉන්න ඔීනෙනං"
"Ajith Nawarathna","https://www.facebook.com/profile.php?id=100014759884523","නිඝන්ටයා"
"RG Wijesinghe","https://www.facebook.com/rg.wijesinghe.2025","මේ ධාර  මික හාන්දුරුවෙක්.  හියැහ්.පුහ්."
"Purnima Gunarathna","https://www.facebook.com/purnima.gunarathna.98","ආ...ඒකට කමක් නෑ. ඒ අපේ මාලිමාවේ සිංහයා. ."
"Kalpika Chandrakumar","https://www.facebook.com/kalpikachandrakumar","ජනාධිපතිතුමාගේ අඩුපාඩු හොයන්නැතුව ඉස්සෙල්ලම තමන්ගේ සීලය රැකලා ඉඳපන්කෝ ත්‍රස්තවාදියෙකුට කඩේ යන්නැතුව."
"Shyamalee T Withana","https://www.facebook.com/shyamalee.t.withana","මන්ද මානසිකත්වයෙන් යුත් චීවර දාරියා😄"
"Herath Nawarathna","","උඹ ධාර්මිකද"
"Anura Karunathilaka","https://www.facebook.com/people/Anura-Karunathilaka/pfbid0KAxoomsARhh1ViSXtBs7RFxAV34kSppMZ3upQCPopX13LN4XAc7VcA4gVw39kiyBl","අනුර අපිට හොඳයි  උඹේ බයිලා  එපා  banak කියා ගෙන hitu"
"Kamal K Jayasinghe","https://www.facebook.com/kamalk.jayasinghe","රටේ සාමාන්‍ය ජනතාව එතන නෑ උඹලා වගේ පවිටු සිවුරු රඳවන විතරයි එතන දැන් බඩු නෑ සැප නෑ රාජ්‍ය අනුග්‍රහයෙන් සැප නෑ"
"Ajith Lal Somasiri","https://www.facebook.com/ajith.lalsomasiri","මේකා  හාමුදුරුවෝ න්ට   අපහස  කරනවා... මහා  නායක යො  නිදි"
"Nuraj Wikramasingha","https://www.facebook.com/people/Nuraj-Wikramasingha/61590458152399","හොරෙක් බණ දෙසයි 😂😂😂"
"Gayan Fernando","https://www.facebook.com/gayan.prasanna.967","උබලට දැං මිනිසු අන්දන්ඩ අමාරුයි නේ 😅"
"Mohan Perera","https://www.facebook.com/mohan.perera.980","හු....ගල්ලේ  කැම්‍රියා"
"Janaka Ruwan","https://www.facebook.com/janaka.ruwan.112678","Uba horunta kade yana hora ganayek"
"Chamin Fernando Warnakulasooriya Mahalekamge","https://www.facebook.com/chaminfernando.warnakulasooriyamahalekamge","topi kalakanniyo...."
"Kapoor Jayasingha","https://www.facebook.com/kapoor.jayasingha","තවත් එකෙක් ..🤣🤣🤣"
"Nawarathna Banda","https://www.facebook.com/nawarathna.banda.583","Thitthagalle thitthama wei wage"
"Anuruddha Kalubowila","https://www.facebook.com/anuruddha.kalubowila","කසුනාගේ කෙඳිරිය යන්තම් අඩු උනාම මු පටන් ගත්ත කනවැන්දුම් ගෑනි වගේ අඩන්න"
"Don Shelton","https://www.facebook.com/don.shelton.718","මෙයාව මහන කරමු"
"Rock Upul","https://www.facebook.com/people/Rock-Upul/100093291292964","ඒත් අපි මාලිමාවට තමයි බං"
"Mangala Priyadarshana","https://www.facebook.com/mangala.priyadarshana.185848","දුශ්ශීලයන්ට පෙනෙන්නෙ එහෙම තමා 😹😹😹"
"Athula Dias","https://www.facebook.com/athula.dias.16","ඇයි ඥානේ වගේ කියපන්කො වැරදි gabsawak කියල bayayine..."
"Rohan Gamage","https://www.facebook.com/people/Rohan-Gamage/pfbid0jJAQJMXghPWcV1iBctDvarjQ1UJMySGifTqgZRV1RRDsfEEd48tYhg9PfyosqJv9l","ඉතින්  කාලකණ්ණියා  උබට  තේරෙන්නේ  නෑ මෙික  ⁣ තියෙන  බරපතළකම"
"Upali Gamage","https://www.facebook.com/upali.gamage.92","Pin batha musalaya"
"Sajeewa Sawantha","https://www.facebook.com/sajeewa.sawantha","කවුද මේ‍ බේ‍බද්ද"
"Gamini Weerarathna","https://www.facebook.com/gamini.weerarathna.983417","ගෙදරින් හොරකම් කරලා අහුවෙලා  බැරිම තැන පන්සලෙන්වත් හැදෙයි කියලා පන්සලට ගෙනැත් දාපු අමු හොරෙක් ඌ පන්සලත් කාලා සාසනෙත්  කාලා මුලු රටම කන්නයි මේ වෑයම් කරන්නේ  ඊට පෙර දිගනෙදි මුස්ලිම් සහෝදර ජනතාවට කරපු අපරාද වලට දඩුවම් කලයුතුයි නානසාර අපතයත් එක්කම මුත් ඇතුලේ ඉන්න ඕනෑ"
"Bandula Senadeera","https://www.facebook.com/bandula.senadeera.39904","Gamini Weerarathna horakan karanna gadara dawal tiyanna apaya higana wasa ballak kanna natuwa innakota pansalata ganath dapu akak ballo balallu ganath danawa wage podi kala pansalata danth dapuwama lingika hinsanayata lakuna akak apitath pau purawanawa"
"Mahendra Wijesundera","https://www.facebook.com/mahendra.wijesundera","යකෝ අධිකරණය ට, රටේ ඉන්න නායකයින්ට බැනලා වැඩක් නෑ,ශීලාචාර විදිහට  කතා කරන්න හැසිරෙන්න ඉගෙන ගන්න කියපන්,සිවුරක්  දාගත්ත පලියට ඕනෙ කැරි වැඩක් කරන්න බෑ,වැරදි කලා නම්නීතියට අනුව දඩුවම ක්‍රියාත්මක කල යුතුයි.උඹල  කියන ඒවා කරන්න රටේ අධිකරණය මොකටද,පලයං අංගොඩ මානසික රෝහලට."
"Sandeep Nishanka","https://www.facebook.com/sandeep.nishanka","Mama silwath himi namak"
"Saman Pushpakumara","https://www.facebook.com/people/Saman-Pushpakumara/pfbid0MbxF1RECxFFoFAN1PQzzvMa1GQa7KAodnMqowdfijYsHjiAEAZCYYZkqG9vt9SsKl","අනුන්ව දාලා තමන් ගැන කියනවා"
"Dahanayake Gayan","","පොඩි නානසාර"
"W Shantha Wellage","https://www.facebook.com/w.shantha.wellage","මු.දැම්ම බැදලාදැම්මෙි නැත්නම් ඤානසාරට වැඩිය විසබීජයක් වෙනවා රටට *බුදුදහම විනාසකරන්න සිව්රදාගත්තු රස්තියාදු කාරයෙක්"
"Wasantha Samaranayake","","කාලකන්නි පරයා"
"Thanuja Samarathunga","https://www.facebook.com/thanuja.samarathunga","Etakota uba kawda? Kahakada dankuddek"
"Yomesh Krishantha","https://www.facebook.com/yomesh.krishantha","එහෙනම් තොපි darmika wenna.."
"Luxman Senavirathna","https://www.facebook.com/luxman.senavirathna.96","ඒ උනාට නිදහසේ කරන්නේම නැහැ 🤣"
"Yasiru Vidumina","https://www.facebook.com/yasiru.vidumina.2025","ආ තට්ටයා කොහෙද යන්නෙ තට්ටයා"
"Tharanga Liyanage","https://www.facebook.com/tharanga.liyanage.123154","හොරුන්ව රජ  කරවන්න බැ අපේ  හාමුදුරුවනේ 🤔🙄🙄🤔"
"Pradeep Weerasekara","","මුන්ට දානේ දෙන අපිට පවු........ 😂😂😂😂😂"
"Rajapaksha Darmasiri","https://www.facebook.com/rajapaksha.darmasiri.2025","මේ බුද්ධ චීවරයට මොනවා වෙලාද කියලා හිතා ගන්න බෑ....කාලෙන් කාලෙට පිල්ලි වගෙ එලිබහිනවානේ..."
"Thisara Madusanka","https://www.facebook.com/thisara.madusanka.465192","මුසලයා"
"Dilum Nandana","https://www.facebook.com/dilum.nandana.9","සිවුරු ආන්දා කියලා නෑ පිස්සු හැදෙනවා.."
"Jayasiri Nanayakkara","https://www.facebook.com/jayasiri.nanayakkara.960548","චිවරෙ  ගලවන්න  මොඩ ගනගෙඩියෙක් වෙන්න එපා"
"Jayasundara Senarath","https://www.facebook.com/people/Jayasundara-Senarath/pfbid0m6Et7VnuS4VcsR8KueRdCYXuK6zp2j5BFd36beEdgBPB6mkXjEF5RFXwLJ5Afbygl","මේක මේ රට රටවල ගිහින් ගෑනු තියන් හිටපු හූකන වේසක පුතෙක්"
"Pradeep N Perera","https://www.facebook.com/people/Pradeep-N-Perera/pfbid02F9UFuFLr92TGSeSVZxgcwV5HG2CyLrxdyTXpmPV9DL5BcLLnsAipc8KwsGo3sny9l","උඹලගේ පදේට නටන්නේ නැතිනිසාද අනුර කුමාර අදර්මිකපාලකයෙක් වෙන්නේ ,ඥණසාරයාට සමාවනොදෙන නිසා, ඉස්සෙල්ලා , මිනිස්සුන්ට වඩා හාමුදුරුවෝ වෙන උඹලයි දාර්මික වෙන්නඔනි,  තොපි චිවරය දරාගෙන කරන වැඩ හරිද කියලා හිතලා බලපල්ලා"
"Dharmasiri Adikaram","https://www.facebook.com/dharmasiri.adikaram.7","උබට වඩා දහස් ගුනයක් දාර්මික මනුස්සයෙක් ...දැන ගනින් ."
"Upul Bandara","https://www.facebook.com/upul.bandara.338211",", තොපිවගේ  උන්ට මොනව කියලා අමතන්නද. එතර අසික්කිත  හාමුදුරු වරු තොපේ සෙට් eka"
"L.p.samantha Udaya Kumara","https://www.facebook.com/lkumara","ඉස්සරවෙලා මහන වෙයන්.අපිට පව් පුරවන්නේ නැතිව..."
"Presanga Presanga","https://www.facebook.com/people/Presanga-Presanga/61577901359146","එ කාලේ දාපු රැග්ලි කෝමද දැන් රැස් බැහැලා පවු 😅🤣🤣🤣"
"Antony Perera","https://www.facebook.com/antony.perera.71","දේන දේයක් කාලා පැත්තකට වේලා හිටපල්ලකො. ආගම ඡාති අවුස්සන්නේ නැතිව. තන්නාහාව අයින් කරපල්ලා."
"Mahinsha Karunarathna","https://www.facebook.com/mahinda.karunarathna.3","ගිහියක්ගේ දාර්මිකත්වය කියන මහනා😄"
"Damitha Vithanage","https://www.facebook.com/damitha.vithanage","Pala Pala wanachariya"
"අජියා තමයි","https://www.facebook.com/88gsx72vmb","ගනගෙඩියා මහා නවෙයන් තෝ උබට අපි  බත් ටික ගෙන්නම් 😡"
"Dazz Maddumge","https://www.facebook.com/dasungoes2","But නීති ගරුක නායකයෙක් . Arrest Mr Galabodaz"
"Nishantha Kulathunge","https://www.facebook.com/nishantha.kulathunge","හොරුන්ට, මංකොල්ල කාරයන්ට, ධාර්මිකව ඉඳලා වැඩක් නැහැ"
"Vimalasena Vimalasena","https://www.facebook.com/people/Vimalasena-Vimalasena/pfbid0eAg6yXGhf7rc5LxeahmRMuv5s2V4r14oQwjo1C8d3iopU5eNaEkMcb6Vr2KRQHAel","මෙ පර සංඝයට  මොන්ගල්ද අඩො.  ගොං තඩියා."
"Palitha Iddamalgoda","https://www.facebook.com/palitha.iddamalgoda","ගණාතල්"
"Raveendra Sanjeewa Wickramaaratchi","https://www.facebook.com/people/Raveendra-Sanjeewa-Wickramaaratchi/pfbid02rXCcemYmRPMWAMnbLcctEAqXVsEy2w8Rdtvgn4s3xmX6MMiE5fvruZmSgXwUbqujl","Muta Dan hoda ma pissu"
"Kethmin Dilshan","https://www.facebook.com/ketha.bro.9","ධාර්මිකයි කියන්නෙ පන්සලට එන උනට පුපේ අරල, ජාතීන් අවුලවල, බුද්ධ වචනයට හැල්ලුකරල චීවරේට මුවාවෙලා පක්කිලි වැඩ කරන එකද පර තිත්තයෝ?"
"Ananda Ananda","https://www.facebook.com/ananda.ananda.826854","යමක් දුස්සිල නමි ඔහු හොර චිවරදාරියකු පමනයි. අරක්කු බි වාහන ඵලවා අනතුරු කිරිම ජාතින් හා ආගමි අතර ගැටුමි ඇතිකිරිමට දුෂ්ඨ චෙතනාවන් නිරන්තරයන්ම බොරු කිම , රලූ හා හිස් වචන භාවිතය යනාදි උපහමිපදා සිලය තියා පන්සිල්වත් රකින්නෙ නැති මොහු බූද්ධ පුත්රයකු නොව මහා සංඝරතනයට අපහාස වන අන්දම හැසිරන පුද්ගලයකි.  නානසාර හිමි , හෙමරතන හිමි ඇතුලු  සාසනයට අගෞරවයක් වන දූස්සිල හොර චිවරදාරින්  ධමිම සංඝායනාවක් පවත්වා සාසනයන් ඉවත් කල යුතුය.  මිනිසුන්ට සංඝයා කෙරහි පවතින සද්දාව පැහදිමට හානි කරන්නට කිසිවකුට ඉඩ දිය යුතු නැත."
"Ray Thomas","","මූ අදාර්මික සිවුරු රදවනයක්  🤣🤣"
"Dilip Darshana","https://www.facebook.com/dilip.darshana.7","ගන තක්කඩියා 🖕"
"Dhanushka Sanjeewa","https://www.facebook.com/dhanushkaaluthgedara.lk","දුටු තැන අලල්ලන්න කියලා තියෙන්නේ ⁣"
"Dasun Ranjula","https://www.facebook.com/dasun.ranjula","අනුර කුමාර ජනාධිපති තුමනි ගලබොඩයාට සමාව දුන්නොත් නම් මගේ ජිවිතේට Npp යට චන්දයක් දෙන්නැහැ අයිත්.මේ පිළිල මුලින්ම උගුල්ලලා දාන්න ඔනි.මේක සමාජමෙහෙවරක්"
"Mangalika Ruwanpathirana","https://www.facebook.com/mangalika.ruwanpathirana.2025","සිවුර දාගත්තු  පමනින්. බුද්ඩ පුත්‍රයකු  නොවන්නේය ."
"Heshan Perera","https://www.facebook.com/heshan.perera","ජනාධිපති සමාව දෙන්නම වටින පූජ්‍ය ගලගොඩඅත්තේ ඥානසාර හිමි"
"Deepal Amarasiri","https://www.facebook.com/people/Deepal-Amarasiri/pfbid0fM9cZMrHuRqypfYudMZ9KZw11eb2AnLJ53nvsYopvBpbkU3X5QCiABRwRPAuv8oPl","උබ ධාර්මික ද කියපං..අනේ පකෝ"
"Aruna Handunpathirana","https://www.facebook.com/aruna.handunpathirana.7","Me ගණයට th puke amarkuvak hadila"
"Shenal Hirantha","https://www.facebook.com/shenalh1992","ජනාධිපති ධාර්මිකද අධාර්මික ද අපට අදාල නෑ... ජනාධිපති ගෙන් අපි බලාපොරොත්තු වෙන්නේ රට කරවීම, සාමය පවත්වාගැනීම, නීති ක්‍රියාත්මක වීම. හැබැයි භික්ෂුන් ගෙන් නම් අපි ධාර්මික බව බලාපොරොත්තු වෙනවා.... ඔබ ධාර්මික භික්ෂුවක් නොවේ"
"Sajith Mudalige","https://www.facebook.com/sajith.mudalige","පැහ් හු.. පු..."
"Mallika Joseph","https://www.facebook.com/mallika.joseph.7","කහ කඩේට  මුවා වෙලා , හොරුන්ගේ  දංකුඩ කන කොට  ඔහොම  හිතෙන එක  සාධාරණයි  ."
"Damith Nawarathna","https://www.facebook.com/damith.nawarathna.545","Mun wage kalakanni"
"Nalin Chandana Punchibandara","https://www.facebook.com/ncpsri","හනේ ... හනේ ... ධාර්මික සිවුරුධාරියෙක් නේද 🫵"
"Ajith Palitha","https://www.facebook.com/ajith.palitha.162956","උඹ පුක දීපන් කහකඩයා"
"Suranga Manikrama","https://www.facebook.com/suranga.manikrama.77","ඥාණසාර එලියට ගන්නවා වගේ project එකක් එලියට පේන්න කරන ගමන් ජාතිවාදය අවුස්සමින් මේ චීවරධාරියා කරන්නෙ නාමලයාගෙ campagin එක."
"Chamila Kumara","https://www.facebook.com/people/Chamila-Kumara/100007440661534","හරි උඹ ධාර්මිකද  එතකොට .. පහදපන් .. මිනුම් කාරක"
"Ruwan Rathnayake","https://www.facebook.com/people/Ruwan-Rathnayake/pfbid035d5ueAdirXHpQDgVnj6C1Dhhp222YK3hpB71VYCmoXpr2yRoCmkNE9CtYxkWmQSzl","මේ ඩයල් එක හාමුදුරුවන් වහන්සේ  නමක්ද"
"Kanthi Kanthi","https://www.facebook.com/people/Kanthi-Kanthi/pfbid07QwpC7Ycksgg7F87nA3HeyV36Wf23u5wfiVWE8G2PVveHKvNPoNXmNizpZqf3e3el","තිත්තයිගොල්ලේ😀😀"
"Chaminda Nandana","https://www.facebook.com/chaminda.nandana.39","එතකොට ගලබොඩයද ධාර්මික 🤣🤣"
"Siril Athapttu","https://www.facebook.com/jananirma","හිස් තැනට සුදුසු වාක්‍ය කුමක්ද?"
"Gamunu Wijesinha","https://www.facebook.com/gamunu.wijesinha.1","ලගදි කඩෙියන්න බැහැපු දෙවිදත්තර පරමිපරාවෙි  කහකඩයෙක්  කන්ඩනැත්තමි  හිගා කාපන් මිනිස්සුන්ට වැදිබන දෙසාබාන්නෙ නැතිව"
"Ananda Liyanage","https://www.facebook.com/ananda.liyanage.525171","උඔලා වගේ හොරුන්ට දූෂිතයන් ට අධාර්මික තමයි ජනතාව ට අනුර හොඳ නායකයෙක් මුඩුමයෝ"
"Rohitha Wickramaarachchi","https://www.facebook.com/rohitha.wickramaarachchi.2025","උඔ හොද ඒකා"
"Bandara Wanasingha","https://www.facebook.com/bandara.wanasingha.5","උබ පන්සිල්වත් රකිනවද"
"Sujith Paranaliyanage","https://www.facebook.com/sujith.paranaliyanage.79","තොපි අධාර්මික චීවර ධාරීන්"
"Ajith Mapalagama","https://www.facebook.com/ajith.mapalagama.2025","අධාර්මික උනත් අපිට හොදයි. ධාර්මික එවුන් ඇව්ල්ලා ඇරපු ඇරිල්ල ජීවිතේට අමතක වෙන්නේ නැහැ."
"ජයකොඩි ජයකොඩි","https://www.facebook.com/people/%E0%B6%A2%E0%B6%BA%E0%B6%9A%E0%B7%9C%E0%B6%A9%E0%B7%92-%E0%B6%A2%E0%B6%BA%E0%B6%9A%E0%B7%9C%E0%B6%A9%E0%B7%92/pfbid0kf824tCjuZstDqgWHtbn6momQvvP6RFqHvR68KPdBv4R3a1w228NxdjMUJvcjcsvl","Ajith Mapalagama"
"Pradeep Arosha","https://www.facebook.com/pradeep.arosha.1","Mu wage Moda musalayek"
"Sarath Premachandra","https://www.facebook.com/sarath.premachandra.861345","උන්නාන්සේ කියන විදියටමේ ඉන්නෙ දාර්ම්ක පාලකයො"
"Tony Perera","https://www.facebook.com/tony.perera.980","ප්‍රහාරය අශිස්ටනම්  ප්‍රතිප්‍රරහාරයේ සිස්ටත්වය් හොයන්න එපා"
"Renzil Fonseka","","උඹ කොහොමද දන්නෙ නරි දුරුවො"
"Danushka Danushka","https://www.facebook.com/people/Danushka-Danushka/pfbid0DeDJWYD5ocetvnKYuHRU6AEi2rKQqd9xHdQiq6br6KM17vAXFvMXXva1nYeyKTicl","Renzil Fonseka කාඩිනල් හුකන්නද කිව්වේ"
"Somila Rodrigo","https://www.facebook.com/somila.rodrigo.5","Nana වගේම චණ්ඩි.."
"Ruwan Karunathilaka","https://www.facebook.com/ruwan.karunathilaka.9","This guy is a businessman not a monk"
"Gamunu Mapatunage","https://www.facebook.com/gamunu.mapatunage.1","ඝනගෙඩි"
"Kapila Siriwardena","","තිත්තකඩයා නොහොත් තිත්තසිරා"
"Gamini R. Fonseka","https://www.facebook.com/GaminiRF","හොර තක්කඩින්ට කඩේ යන සමහර සිවුරු රඳවන වලට එහෙම පෙනුනට මේ රටේ ඉන්න හොර පක්කඩි සිවුරු රදවන වලට වඩා අනුර ධර්මිස්ඨයි. හොඳේ ?."
"ජයකොඩි ජයකොඩි","https://www.facebook.com/people/%E0%B6%A2%E0%B6%BA%E0%B6%9A%E0%B7%9C%E0%B6%A9%E0%B7%92-%E0%B6%A2%E0%B6%BA%E0%B6%9A%E0%B7%9C%E0%B6%A9%E0%B7%92/pfbid0kf824tCjuZstDqgWHtbn6momQvvP6RFqHvR68KPdBv4R3a1w228NxdjMUJvcjcsvl","Gamini R. Fonseka"
"Nandana Daya","https://www.facebook.com/nandana.daya.2025","කියන්නා කෙසෙ කීවත් අසන්නා සිහි නුවණින් ඇසිය යුත්තේම මෙවැනි අහිකුණ්ඨක වාසින් නිසා නොමෙයි ද රටක් හදන්න පුලුවන්ද තොපි වගෙ හරක් එක්ක"
"Nirosha Jinadasa","https://www.facebook.com/nirosha.jinadasa.52","අනිවාර්‍යයෙන්ම"
"Athula Mallawaarachchi","https://www.facebook.com/athulamallawaarachchi66","පිස්සෝ..."
"Nimesha Gunatilake","https://www.facebook.com/nethushi.amaya.79025","හරි එකටත් බඩු හරි  😂😂"
"Rpd Sunil","https://www.facebook.com/rpd.sunil","Munwa මහණ  kale කව්ද"
"Gamini Gnanaratne","https://www.facebook.com/gamini.gnanaratne","පල්ලේගම හේමරතන වෙනුවෙන් එලි බහින්න අමතක උනා නෙහේ"
"Kumari Jayasundara","https://www.facebook.com/people/Kumari-Jayasundara/pfbid032FP3ez9bDca7VBsf5G13rP2xa4DaidLAUzaWaQrZeZHRfGJ7rKZKhij8uLHUehZel","මෙයාගෙ බණ business padui දැන්  නාමල්  ට කඩේ ගිහින් ගොඩ  යන්න බලන්නේ  Samanthabadra වගේ negative marketing  පාරක් දාලා  නම හදාගන්න"
"Ranjith Dorakumbura","https://www.facebook.com/ranjith.dorakumbura.7","හොර පැවිදි වේශ දාරින්ට වැඩිය හොදයි"
"Somiruwan Dhananjaya","https://www.facebook.com/profile.php?id=100083943338402","Pala Gon &@&@ siura galawapan"
"Ramani Harindranath","https://www.facebook.com/ramani.harindranath.7","තිත්තගල්ලේ ආනන්ද, ඔබ සිවුරු රඳවනයකි."
"Hemapala Hewaanthonige","https://www.facebook.com/people/Hemapala-Hewaanthonige/pfbid0JpKeTUDkxoYv2Ht2UE1QeegoBSdbDZ3uWjXNeVHxn28Ummz8HYseZPCukdbeZHPXl","ද්‍රර්ම  බඩු"
"Priyantha Anuruddha Nimalsiri","https://www.facebook.com/priyantha.nimalsiri","Ponnayo!! Kiyana deyek kiyapan hutto"
"Anura Priynkara Galkissa Dewage","https://www.facebook.com/anura.priynkara.galkissa.dewage","Uba dharmika nigantayek...🤣🤣🤣"
"Asoka Edirisooriya","https://www.facebook.com/asoka.edirooriya","හොර නඩේට කඩේ යන වුන්ට හේම වුනාට අපිට නම් හොදයි"
"ජයකොඩි ජයකොඩි","https://www.facebook.com/people/%E0%B6%A2%E0%B6%BA%E0%B6%9A%E0%B7%9C%E0%B6%A9%E0%B7%92-%E0%B6%A2%E0%B6%BA%E0%B6%9A%E0%B7%9C%E0%B6%A9%E0%B7%92/pfbid0kf824tCjuZstDqgWHtbn6momQvvP6RFqHvR68KPdBv4R3a1w228NxdjMUJvcjcsvl","Asoka Edirisooriya"
"Sri Lal Hettiarachchi","https://www.facebook.com/people/Sri-Lal-Hettiarachchi/pfbid02WShBoiovDQxLFgt7LLxchVpKJgdoe31kFYVu4Udf4La5Zeg4ma9v9B5AzCQQPsFml","අන්න එ බය තියා ගන්න"
"Lional Wijesiri","https://www.facebook.com/lional.wijesiri","Ratee.tiyena.pinat.pahala.wunu.akama.naayakaya.tamai.....apee."
"Gayan Asanka","https://www.facebook.com/gayan.asanka.601915","Umbata dushta unata rate mahajanatawata anura hodai..horunta dushitayonta takkadinta anura hodane..tiitaggalla umbath budu dahama nasana ganinnanse kenek.."
"Upul Chandana","https://www.facebook.com/people/Upul-Chandana/pfbid02BZyJaBM4EsoECqZA9hdMn8zXLED7mABhSNnkPHJwrMf8JMmiX4q6HJaGDZRmNWfQl","මේ කෑ ගහන එකෙක්වත් මේක  අදිකරණට ඇගිල්ල දික්කරන්ඩ බයයි . මුං ඔක්කොම එන්නෙ අනුරගෙ ඇගිල්ල ගහන්ඩ ."
"Lalith Kulatunga","https://www.facebook.com/lalith.kulatunga.7","mu gedara thiyaganda bari nisa mahana karala thiyenne."
"Hokandara Ajitha","https://www.facebook.com/people/Hokandara-Ajitha/pfbid023MhvALwuctLjWUNVAQe5RJ7RFey26feJZ78J2QxUS9Yugy6EH2jRiqxm8aj1m63Ql","Post එකේ ලියනවා ලොකු කතාවක එක වාක්‍යයක්....අගක් මුලක් හොයන්නෙ නැතුව මිනිස්සු බැන බැන comment කරනවා.....  මෙතන ඥානසාර ස්වාමීන් වහන්සේට කලින් ජනාධිපතිවරයා දුන්න සමාව නැති කරලා ආයෙ හිරේ දාන්න යන එක කරන්න එපා කියල තියෙන්නේ..."
"Janitha Kumara","https://www.facebook.com/janitha.kumara.39","Hokandara Ajitha උබට තියෙන අමාරුව කියපන්"
"Rajapaksha Rajapakshabandara","https://www.facebook.com/rajapaksha.rajapakshabandara","මෙන්න මෙයා කියන විදිහට රට කරන්න ජනපති තුමා හරි ලස්සනයි ඇ 😃😃😃"
"Thiwanka Harshana","https://www.facebook.com/thiwanka.harshana.39","Aruta kade giya ganaya"
"Bennet P Geeganage","","මොළය පිස්සු කරනවා!"
"Sajith Danushka Akmeemana","https://www.facebook.com/sajith.akmeemana","සම්මාබයි 🤣🤭"
"Gamini Vijedasha","https://www.facebook.com/gamini.vijedasha","සිිවරය පරිස්සන් කරගනින් ඒකත් නැතුව යයි"
"Sanathkumara Rm","https://www.facebook.com/sanathkumara.rm.7","Aparada karuwan rakimada chiwarayen weya uththe"
"Thisara Ishan","https://www.facebook.com/thisara.ishan.31","Kanna nati una paloyata siura daganna apa. Akan wanna bududahama pirihana aka"
"Samson Pieris","https://www.facebook.com/samson.pieris.114114","Jala bola peklat aekkak gala nidagamin balla"
"Srini Perera","https://www.facebook.com/srini.perera.56","මේ හාමුදුරු නේද උපන්දිනයට ලොකු පාටි දාන්නේ"
"Nimal Abeysinghe","","ධාර්මික ඝනයෙක් කියන නිසා පිලිගමු."
"Ajith Fernando","https://www.facebook.com/ajith.fernando.792","තිත්ත ගල්ලෙයාට පිස්සු"
"Jagath Nilantha Marthris","https://www.facebook.com/jagathnilantha.marthris","ඉස්සර  welama ubala agama igena gailla."
"Shiranthi Withanage","https://www.facebook.com/shiranthi.withanage.330009","Ubawath darmika karai Anura  aye dekak na"
"Thusith Chandrasiri","https://www.facebook.com/thusith.chandrasiri","මහණ වෙයන් බන් ...ඉස්සරවෙලා...🤨🤨🤨"
"Arosh Malinga","https://www.facebook.com/arosh.malinga.441956","හා"
"Hemachandra Waradala","","උබ ධාර්මිකනමි බණක් භාවනාවක් කරගෙන හිටපන් සෙද්ද"
"Sanjaya Athapaththu","https://www.facebook.com/profile.php?id=1466298555","Palayan ganaya tho mahana wela waren mulin ayeth"
"Ahmed Dilshan","https://www.facebook.com/ahmed.dilshan","Oba vahanse issara dharmika vela innako."
"Udith Chandimal","https://www.facebook.com/udith.chandimal.681979","Oya kohada hitiya"
"Rohana Manamperi","https://www.facebook.com/rohana.manamperi.2025","අපි මෙි දුශ්සීලයන්ට දාන කොමෙන්ටි වලට අපේඋතුමි විනයධර ස්වාමීන් වහන්සේලා සමාවෙන සේක්වා"
"Saman Peramuna","https://www.facebook.com/people/Saman-Peramuna/61581196643646","ඕහ් ෂිට්.... 😁"
"Jagath Warushavithana","https://www.facebook.com/people/Jagath-Warushavithana/pfbid02JGDMsu4xRxSc8rsYZimUYrom7qjKyjvAti4RRYVjrDyydKF5yJj126ZQU2DnRLjil","Pacha nam thaththa galle"
"Rajah Cicil","https://www.facebook.com/rajah.cicil","මේ තවත් වනචාරියෙක්. 😂😂😂"
"Ajith Ranasinga","https://www.facebook.com/ajith.ranasinga.1","Me inna gukana sakkili ballek muta kanna denna ona guuu"
"Wijerathna Bandara","https://www.facebook.com/people/Wijerathna-Bandara/pfbid022zC5kRGJjGKGrKf19Kuu7nZCZ4UMNCRqZsUw9n7i2z6PxGAKdYfuXjiXCpM4aiksl","අනේ.පලයන්න.හුත්තගල්ලේ.නපුන්සක.බල්ලා.තොපිගැන.ජනතාව.හොදටම.දන්නවා අනුරාදපුරේ.තරැණයාගෙන්.අහාගත්තනේ.හොදට."
"Prasanna Ambagalage","https://www.facebook.com/prasanna.ambagalage.9","වලහා, ඉත්තෑවා, අඩුවට මේන් අලුත් එකා තිත්තයා."
"ජයකොඩි ජයකොඩි","https://www.facebook.com/people/%E0%B6%A2%E0%B6%BA%E0%B6%9A%E0%B7%9C%E0%B6%A9%E0%B7%92-%E0%B6%A2%E0%B6%BA%E0%B6%9A%E0%B7%9C%E0%B6%A9%E0%B7%92/pfbid0kf824tCjuZstDqgWHtbn6momQvvP6RFqHvR68KPdBv4R3a1w228NxdjMUJvcjcsvl","Prasanna Ambagalage"
"Ajith Kulathilaka","https://www.facebook.com/ajith.kulathilaka.3939","Umbalta rata kapu ewunda darmika"
"Nalaka Saman Uduwage","https://www.facebook.com/nalakasaman.uduwage","Comments  tikka ballana  haamuduruwane."
"ජයකොඩි ජයකොඩි","https://www.facebook.com/people/%E0%B6%A2%E0%B6%BA%E0%B6%9A%E0%B7%9C%E0%B6%A9%E0%B7%92-%E0%B6%A2%E0%B6%BA%E0%B6%9A%E0%B7%9C%E0%B6%A9%E0%B7%92/pfbid0kf824tCjuZstDqgWHtbn6momQvvP6RFqHvR68KPdBv4R3a1w228NxdjMUJvcjcsvl","Nalaka Saman Uduwage"
"Dhammika Gunadasa","https://www.facebook.com/dhammika.gunadasa.1","Pala pala පගෝ නොකපුදී යන්න, පට්ට තකයා 🖕🖕🖕🖕"
"Devendra Jayantha","https://www.facebook.com/jayantba.devendra","ගලවපිය අපතයා සවුර"
"Dinesh Rajapaksha","https://www.facebook.com/dinesh.rajapaksha.188","කාටුන් එකක් තිබුනා,පිස්සු පුුසා කියලා ."
"Malaka Bandara","https://www.facebook.com/people/Malaka-Bandara/pfbid082sm8nrUC4kD3XkTz7VJoQkYXBnRooJMakoCQWPpUKiXoRR3wrsa7zeARBPvWwHPl","Pala pakayo apita paunodi ynna"
"Edirisingha Senadeera","https://www.facebook.com/people/Edirisingha-Senadeera/pfbid0Ch4YCC4tych3Zm6K31jWLuFUyRhsuEyeYVMJVGZKgmiRaZ9kP7HjD2r9M1wn82Jml","Paw muge amma"
"Mahadurage Samarasinha","https://www.facebook.com/mahadurage.samarasinha","Kuhaka.kahakadayanta.peenheti"
"Janitha Kumara","https://www.facebook.com/janitha.kumara.39","Mahadurage Samarasinha හරියට හරි"
"Samantha Chandrasiri","https://www.facebook.com/samantha.chandrasiri.81660","Ne meratata chiwara dariyo kiyala kotadak onne"
"Ranasinghe Bandara","https://www.facebook.com/people/Ranasinghe-Bandara/pfbid0ZZyzjNZxjwF4SFoi9PdBYsFvPGHKBf1Fh3fKatH4Ev8Rt8bEqMLw2ihk7nzK6zigl","මෙකා මොකෙද්ද රටෙ නායකයට මෙහෙම කථා පින්බත් කන කාලකන්නි"
"Sisira Kumarasinghe","https://www.facebook.com/sisira.kumarasinghe.308138","තිත්තගල්ලෙත් දානෙ කාල ඇතිවෙලා වගේ මුන්ට කව්ද බං දානෙ දෙන්නෙ මුං අමු හරක්  මුං අරිහත් ද්ජය අවභාවිතාව්කරන කාසායකන්ටකයෝ බොලව්. 🔥🔥"
"Prasad De Silva","https://www.facebook.com/prasad.desilva.963","මෙයාට ලොකු ගානක් හම්බවෙලා වගෙ පේන්නේ"
"Janith Bandara","https://www.facebook.com/profile.php?id=1520662752","මෙයා මරු …. ඥානසාර හාමුදුරුවො මෙයාට බැනල තියනවනෙ ඉස්සර …. ඒකට පාඩමක් උගන්නන සීන් එකක් තියෙන්නෙ ….. ජනාධිපතිට බැනල බලපෑම් කරල සමාවක් ගන්න බෑ කියල දන්නවනෙ ….. දිගටම ඇතුලෙ තියන්න ගහන පෑලෑන් එකක් වගේ"
"Roshan Wijerathne","https://www.facebook.com/roshan.wijerathne.9","බුදුදහම විකෘති කිරීමේ පෙරමුණ අරන් ඉන්න චීවරධාරීන් අතර එක් මනුශ්‍යයෙක්."
"Thilakarthna Jayakodige","https://www.facebook.com/people/Thilakarthna-Jayakodige/pfbid0sLi3e9kth851Bo2fmmDscruc1UxCE1LDzw4Wpo8FNVTyf27tkC8CFHtLBwL3z7oCl","තිත්තකඩය"
"Lakshman Rathna Kumara","https://www.facebook.com/lakshman.rathna.kumara.2025","හිටපු එවුන් හරී ධාර්මිකයි. ඔවි, හොර සිවුරු දාගත්ත එවුන්ට වඩා නං උන් හොදයි තමයි. මොකද උන් කරපු දහජරා වැඩ සිවුරු ඇදගෙන නෙවෙයිනෙ කරේ."
"Dharmasiri Palliyaguru","https://www.facebook.com/people/Dharmasiri-Palliyaguru/pfbid0RncobkFRnhrkVmYLZRNQ4682Mr23QU8ELR2Tvuu95cRawMgkM5ge3c1AF9iCRzefl","හැබැයි උඹත් උඩ පැන්නොත්, වත්කම් බැරකම් හොයන්න ගත්තොත් කෙඳිරි ගාන්න එපා?"
"Sunil Wijesiri","https://www.facebook.com/sunil.wijesiri.75","ට්‍රැක්"
"Mrp Mallawa","https://www.facebook.com/mrp.mallawa","කිසි සීලයක් නැති තක්කඩියෙක්ගෙ අඳෝනාවක්."
"Wasumithra Gamage","https://www.facebook.com/wasumithra.gamage.1","මුංට රෙවිල තියෙන්නෙ"
"Ajantha Gunathilaka","https://www.facebook.com/ajantha.gunathilaka","Ubath bauddayek noweine ban. Buddagama Kanna apu ekekne."
"Indika Peries","https://www.facebook.com/people/Indika-Peries/pfbid08GxsWwDPxF8V89sgb8xXjMRCVMFxd6Q7QA3yHNvjM7BF8XruQ2ftpoNNk2HqdXkxl","Hora ganaya"
"Indika Priyalal","https://www.facebook.com/indika.priyalal.7547","Ethakota ubala siuru horuda"
"Marlon Maddumage","https://www.facebook.com/people/Marlon-Maddumage/pfbid0Kgzi5WRBjH827fsTuAkLWHhqtuR9rbjwSABGAZeW5ct74H9HVFEViqZg3YGaNhP4l","මුව ගෙදරටත් එපාවෙලා පංසල්  ගතකරපු එකෙක් කොහේද ?"
"Anushka Liyanage","https://www.facebook.com/anushka.liyanage.840855","මුන් ඔක්කොම සිල්වානතෝය වගේ 🤭🤭🤭"
"Alex Malan","https://www.facebook.com/alex.malan.581","හා කමක් නෑ."
"Ajithkumara Senadeeragepeiris","https://www.facebook.com/people/Ajithkumara-Senadeeragepeiris/pfbid02UM9Ek9nkwYjwwjTMHEfTtJewknnCDvwkt6RTdzVqg8B95CMvmXVq71juisu4qetel","පිස්සු කෙලින්නෙ නැතුව රගර් පාරක් ගහගෙන ඉදපං"
"Dimuthu Kumara","https://www.facebook.com/dimuthu.kumara.9083","Janathawa andanna be janathawage anduwak thiyenne,paharayanta horunta,sakkiliyantanm me anduwa nisa badagihin tiyenne"
"Rathnasiri Godellawatta","https://www.facebook.com/rathnasiri.godellawatta","Umbe ammage rethda thami hora Ganaya"
"Damith Ishan","https://www.facebook.com/damith.ishan.524","salli walata onama wahal kamak karana higanna"
"Janitha Kumara","https://www.facebook.com/janitha.kumara.39","Damith Ishan හරියට හරි"
"Asiri Weerarathna","https://www.facebook.com/asiri.weerarathna.1","Uba mulinma mahana veyanko"
"Dinesh Dinesh","https://www.facebook.com/dinesh.dinesh.612895","Ballo"
"Senadheera Rathnayake","https://www.facebook.com/people/Senadheera-Rathnayake/pfbid0wjAhaNHmo1cNczsjcVJJkGy2nYfbGrqNAQKnim1bkgaPsqqubQFJWy2F1VLCtHvSl","බොරු නම්  කියන්න එපා සාදු"
"Dammika Pradeep","https://www.facebook.com/dammika.pradeep.148","විසාල කරදරයක් මෙක"
"Nishantha Kumara","https://www.facebook.com/nishantha.kumara.338364","Giya de giya Ara balangoda kassapawath oka the rum karala dunnoth."
"Buddika Sandaruwan","https://www.facebook.com/people/Buddika-Sandaruwan/pfbid0dMiNw96WctfhVb6Q6E7kHgU22Gh9ozyV7PfnyuiQYBwgrMUGo7gfXKkFSYPHVmNAl","අනේ සාදු සාදු, සාදු..😅😅😁😁😁😁"
"Janaka Amarasooriya","https://www.facebook.com/janaka.amarasooriya","Mayage vade vanne naththan adarmikai .issellama mahanavela hitiyoth naralada🙏🙏"
"Wgs Waiddyanatha","https://www.facebook.com/wgs.waiddyanatha","රටම හොරාකාල ප්‍රභූ තත් වයට  පත්වෙච්ච  මජර  දේශපාලුවන්ට කඩේ යන  මොකා උනත්  ඌ  වසලයෙක්. කම්මනා වසලෝ හෝති  කම්මනාහෝති බ්‍රාහ්මනෝ."
"Kanishka Lakshan","https://www.facebook.com/dark.walker.k","හොර ගනයොන්ගේ සැප අඩු වෙලා බෙරිහන් දෙනෝ 😂"
"Nimal Karunarathna","https://www.facebook.com/people/Nimal-Karunarathna/pfbid09pxEww7gviX63D5HTZQGnmP1EQcjHRUh8NWXt1UwszWsdnZCiTL9QUQXJbs5cSbJl","Kalin hitiya ahema aya"
"DM Rathnayaka","https://www.facebook.com/people/DM-Rathnayaka/pfbid0DyS7tD3RCM8yxNtwkfUrsL7TjAn7YN8gWTF1mKGgbbv2s2aRdQoCabmSrq4QZsxNl","වයර්  මාරු වෙලා  .. සර්කිට් එක පැලවත්තේ කාර්‍යාලයේ ....තිබ්බ  තැන මතක් නෑ ..."
"Niresh Priyantha Wadugodapitiya","https://www.facebook.com/priyantha.thilakarathna.194385","ඔහොම මහින්ද රාජපක්ෂ ට කියන්න තිබුනේ එහෙනම් මුන්නැහේ අද නෑ අනුර ජනාධිපති තුමා අහිංසක වැඩිද කියලත් හිතෙනවා වෙලාවකට මුන් අපහාස කරන විදිහට"
"Dayananda Rajapakse","https://www.facebook.com/dayananda.rajapakse.9","මෙයා එන පොට හොඳ නෑ"
"Darmadasa Wanniarachchi","https://www.facebook.com/darmadasa.wanniarachchi.2025","මෙන්න මේ ගන ගෙඩිය ඇතුලට දාන්න ක්‍රමයක් බලපල්ලකෝ"
"Jayanga Manthinda","https://www.facebook.com/people/Jayanga-Manthinda/pfbid0DEjTCxwYCreoiV96nLRJXCuvaa27wGvVvFtPkRRsmdygSgMYF3roXnzVsAxZ5Lkwl","Oya anith nigantaya"
"Lalith Sanath Kumara","https://www.facebook.com/people/Lalith-Sanath-Kumara/pfbid034kX9y6YyBNR7rwCVvXwzq1QtSeWg5DA5CSjYDrmo3U39bTw8ZjYhoxXPKEXsy2zdl","Etakota uba darmikayekda me rate watinama sampata wana minis sampata gatanaya karana kota maddiya wediyo tawa pudgalika minee marun karanakota  ubala hamanunada thopi siwra dagattu adar mikayo"
"Saman Aberathna","https://www.facebook.com/saman.aberathna.94","Rajapassa hodaaai 🤣"
"Waruna Samantha","https://www.facebook.com/waruna.susantha.5","බුදුහාමුදුරුවෝ දේශනා කරලා තිබුණද කලින් කලට එක එක වසලයෝ පහළ වෙන්න පුළුවන් කියලා... අයං වසලාන කාලෝ මේ වසලයන්ගේ කාලයයි"
"Ranjith Bodinarayana","https://www.facebook.com/people/Ranjith-Bodinarayana/pfbid02eA8MA3xZk4Ky9BBbr9FqoHQaGFJoSvvTTsgacqurRLa6xEVSx4T5dmhs52TKEknVl","පට්ට තට්ටයා."
"Wasthu Bro","https://www.facebook.com/wasthu.bro.7","Ubata බැරිද  මහණ  වෙන්න"
"Buddhika Jayanath","https://www.facebook.com/buddhika.jayanath.509","Umbage a........... Hu.........eka thamai  darmika 🦍"
"Buddhika Mallikahewa","https://www.facebook.com/buddhika.mallikahewa","Dhushitha Cheewara dhariek ge wilappaya"
"Rohi Raj","https://www.facebook.com/rohi.raj.790","දාර්මිකව ඉන්න හාඩුරො කෙනෙක්.අය්‍ යෝ"
"Priyantha Kalansooriya","https://www.facebook.com/people/Priyantha-Kalansooriya/pfbid02nbpqepBzZ4Qx9PEfrQqGgoeephGhiAHtRgRJEPW28UXSeDuPBKRQC8yiByGGgMS9l","උඹල වගේ චීවර ධාරීන් තමයි අධාර්මික ජනපති ධාර්මික කෙනෙක්"
"Nirmika Munasinhe","https://www.facebook.com/sherin.nirmika.7","හොරකම් වලට ඉඩ දුන්නා නම් ධර්මිකයි"
"Wasantha Kaluarachchi","https://www.facebook.com/wasantha.kaluarachchi.338","හැම බලු වැඩක්ම කරලා සිවුරට මුවාවෙලා ඉන්න හැමදාම බෑ නානසාර ඇතුලට යන්නම ඕනේ"
"Herath Bandara","https://www.facebook.com/herath.bandara.9674","Gon. Moda. Musalaya"
"Wasantha Kumara","https://www.facebook.com/people/Wasantha-Kumara/pfbid0sK52u7SGmUHtHS7oVdYLXQXa7kkUdFqj9dG1NUyW9zMNkKENni2r4U9HwEq9ko5El","පිස්සු"
"Bandula Weerasinhe","https://www.facebook.com/bandula.weerasinhe.73","මෙයාගේ මුනේන් පෙනවා..ධාර්මික බව 😄😄😄"
"Charindu M Shan","https://www.facebook.com/charindu.madushan.3","අහං භන්තේ"
"Anura Weerasuriya","https://www.facebook.com/anura.weerasuriya","සිවුරක් දරා සිටියට ඔබ ධාර්මික ද?"
"Dinesh Peiris","https://www.facebook.com/people/Dinesh-Peiris/61550315420421","අම්මෝ උබ ධර්මිකයි ද?... 🤣😂 අනුන් විවෙචනය කරන උබ ධර්මිකයි...😂🤣😂😂"
"Lalith Senevirathne","https://www.facebook.com/lalith.senevirathne.39","ගංජා කාරයන් ගේ  විවේචන අදාල නෑ."
"Pramod Madushanka","https://www.facebook.com/pramod.madushanka.495996","තිත්තයා. වඳවීමේ තර්ජනයට මුහුණ පා ඇති මත්ස්‍යයෙක්.😏"
"Ggjs Kumara","https://www.facebook.com/ggjs.kumara","තිත්තගල්ලේ ඔබ ගනින්නන්සේ කෙනෙක් 😁"
"Deepal Karunagama","https://www.facebook.com/deepal.karunagama.3","මාර ධාර්මික එකෙක්"
"Ranjan Wattegedara","https://www.facebook.com/ranjan.wattegedara","හෑ 🤣🤣🤣🤣 අම්මප කියහං"
"Anu Indu","https://www.facebook.com/anu.indu.2025","Eththqq"
"Nirodha Punarji Senanayake","https://www.facebook.com/Nirodhapunarji","සිවුරු රදවන අංක 3"
"Supun Dissanayaka","https://www.facebook.com/supun.dissanayaka.774662","Ehama kiyana eka amu gonek eka ekata kade yana chiwara dariyek"
"Gamage Karunarathne","https://www.facebook.com/gamage.karunarathne.9","ජනමනස අවදියෙනි ඕවා නිශ්ඵල වචන පමණි"
"GihAn Rrj","https://www.facebook.com/people/GihAn-Rrj/pfbid02mHhwGnnBKVsWz3SnTBPH7fGWaNbUupYh3cFZELpdd1VyZAVZeUbu14bgNRtGjuNol","මම අදාර්මික සිවුර දරන්නෙක්.   ම්‍.  ම්‍"
"Sumith Dissanayake","https://www.facebook.com/sumith.dissanayake.5682","්‍රපිස්සුගවයන්"
"Suraweera Magjs","https://www.facebook.com/suraweera.magjs","ඤාණසාර වෙනුවට තවත් හිපාටුවෙක්"
"Tharuk Sandinu","https://www.facebook.com/people/Tharuk-Sandinu/pfbid0MjvdxDKkitAKb74p677LZf4V7awZAceNQH4aNDJPogPkYVtfJZWPbYEasdCN3e4xl","හරි හරි කමක් නෑ...😅"
"Saradiyel Soora","https://www.facebook.com/people/Saradiyel-Soora/pfbid02EDrAwjmWJxu6KrV2puBjagbyjabtkWZZHrUnUor15PUNG1wMcLy2ZBKMzf9Qv6N7l","Hora thattayo umbala horunta pirith nool gatagahana jathiyak.biddagama vinasa nokara mahana veyan"
"Janitha Kumara","https://www.facebook.com/janitha.kumara.39","Saradiyel Soora හරියට හරි"
"Sangeetha Amarasinghe","https://www.facebook.com/people/Sangeetha-Amarasinghe/61559291741711","පින්බතා"
"Kumara Usjs","https://www.facebook.com/kumara.usjs","ubage penumen Hoda ganja karayek puluwannam ne kiyapiya lontha wesa balla"
"Darshana Amunugama","https://www.facebook.com/darshana.amunugama","Hangila hitapu anthima kahakadayo tikath Danna eliyata behala wage ...honda I honda I minissu ta mungana therun ganna kadima awasthawak meka..bath belayo.."
"Santha Vimala","https://www.facebook.com/santha.vimala","තිත්තගල්ලේ ධාර්මිකද  පාටිදාගෙන සිංදු කියාගෙන  නරි නාඩගම් නටන ⁣මිනිසුන් ව මුලාකරණ එකෙක් කොහොමද ධාර්මික වෙන්නේ  ජනාධිපති මේ තිත්තගල්ලේට වඩා  ධාර්මිකයිනේද ජනතාව දන්නවා"
"Nilantha Chandarthilaka","https://www.facebook.com/Nilantha.1122","උබ හොරුන්ට කඩේ යන හීරළුවෙක්"
"Thushara Ariyasinghe","https://www.facebook.com/thushara.ariyasinghe.12","Mokada ban ahema kiyanea.."
"Kumudu P Edirimanna","https://www.facebook.com/people/Kumudu-P-Edirimanna/pfbid0B6n9iwKLWGWXf6cVeTJwCWzGge9vCgEhs8XgKoERSyrmgshpDz9KhUcGLAxzRUbgl","Api හාමුදුරුවෝ  denda terune"
"Kumarasiri Perera","https://www.facebook.com/people/Kumarasiri-Perera/pfbid03E4aqP1r4f7yboGQ4cnuW7WL3w4puXJWreQLkr4RmGp547qKWWCtPSjyvWxk6p9Vl","ඉස්සෙල්ලම මහණ වෙයන් තිත්තයි තිත්තගල්ල"
"Kumara Herath","https://www.facebook.com/kumara.herath.312137","ඇයි හමුදුරැවනේ  හයිබිටිි එකක් අනුර ජානපති  දුන්නෙ නැද්ද . කඩෙිි යාන්න එපා ශාසනය රැකගන්න."
"Nimali Priyanjila","https://www.facebook.com/nimali.priyanjila","Umandawata vagakaranna kollo nathi ekata neda oya"
"Jayalath Bandara","https://www.facebook.com/jayalath.bandara.5055","මෙයත් මානසික ලෙඩෙක් වගේ"
"Upul Priyankara","https://www.facebook.com/upul.priyankara.31105","මේ පරයා ධාර්මික එකෙක් වෙනුවෙන් ද කඩේ යන්නේ....  මෙන්න මූ ගැන සොයා බලන්න අනිවාරයෙන්ම , දේවදත්ථ කල්ලියෙන් කම්සැප විදින ජාතිවාදය අවුස්සන ආගම් භේද ඇතිකරන කාලකණ්නි වසලයෙක්  මෙයා ගැන විමර්ශනයක් කරන්න ...ඔය ඉන්න බැරුව එලෛයට බහින්නේ සැප අහිමි වෙනකොටයි...  ජනතාවගෙන් ආරක්ශා වීමට වෙඩිනොවදින ඇදුම වගේ සිවුරත් දාගෙන දේවදත්ථ කන්ඩායමට කඩේ යනවා.......  රට විනාශ කරනවා.... මෙවුන් පංසල් වලින් එලවලා දාන්න පලාතේ දායකයෝ දැනගන්න ඕනේ"
"Upali Kumarasinghe","https://www.facebook.com/upali.kumarasinghe.581","Me  siwuru  horada gonnambeki"
"Udaya Kumara","https://www.facebook.com/people/Udaya-Kumara/pfbid0NtKphSCjArkBcEZY9i68gcap3dhhWZvxX5jAK9gmJDCFGPpkzkvYfKv4LpcFTWCdl","තමන්ගෙ වැරැද්ද පේන්නෙ නෑ අනුන්ගෙ පොඩි දේ තමයි හොයන්නෙ .. උබ නිගන්ඨයෙක් කියල උබට පේන්නෙ නෑ වගේ තමයි"
"Suranga Sampath","https://www.facebook.com/suranga.sampath.536771","Kalakanni awajataka Hora sakkili ballo thamai ubala. Hora ganayo"
"Sameera Alawttegama","https://www.facebook.com/people/Sameera-Alawttegama/pfbid02qgbuJah4J3btKWmNqAgdLAeMv8NrjZrXu7W1aDzXsEc5gCqr2ahKT1Jwbn9PQMr3l","අනේ පකෝ.නමල් බුදුවේනකම් බලන්න් ඉන්න ගොනා"
"Danushka Danushka","https://www.facebook.com/people/Danushka-Danushka/pfbid0DeDJWYD5ocetvnKYuHRU6AEi2rKQqd9xHdQiq6br6KM17vAXFvMXXva1nYeyKTicl","Sameera Alawttegama කාඩිනල් හුකන්නද කිව්වේ"
"Upul Rajapaksa","https://www.facebook.com/kasun.rajapaksa.75","Muunam thiththa galle nawae.."
"Milton Vithana","https://www.facebook.com/people/Milton-Vithana/pfbid02aDzFuuxUDprESENC7maZB7RZDwVs5LQfDfGeQsutNci9ki2tMji6fRtuKb1KFAqUl","අහිංසක දායකයො උඹළට දෙන දානවල් බලු කපුටන්ට දෙන එකෙන්             ඇත්තටම පිං සිද්ධ නෙව."
"Nimal Sirisena","https://www.facebook.com/nimal.sirisena.1291","නැහැ වනචාරියෙක්"
"බුද්දික ගලබඩගේ","https://www.facebook.com/kg.buddhika.7","තිත්තගල්ලෙ ඔයාව අපි විස්වාස කරගෙන හිටියා යම් දුරකට. ඔයා ඒක නැතිකරගන්න හදන්නෙ ඔය."
"Ananda Kumara","https://www.facebook.com/ananda.kumara.867323","TOO,SAATAKA,NIKAAYEA,HELI.VANDUREK."
"Kasun Weranga Fonseka","https://www.facebook.com/kasun.weranga.fonseka","හොරු අල්ලන හින්දද"
"Pathmasiri Peiris","https://www.facebook.com/pathmasiri.peiris.3","තෝ දාර්මිකයෙක්ද ?"
"Samantha Sudheera","https://www.facebook.com/samantha.sudheera.52","Ai prado nathi nisada"
"Sugath Sugath","https://www.facebook.com/sugath.sugath.328958","පිරිහෙන   ලකුනු...? මිනිස්සුන්ට පව්  පුරවන්න  එපා  හාමුදුරුවනේ ..?"
"Premasiri Rathnayake","https://www.facebook.com/premasiri.rathnayake.2025","තෝ වගේ එවුන් තමයි බුද්ධ ශාසනය විනාශ කරන්නේ කරන්නේ. කාලකන්නි  පරයෝ"
"Sampath SA","https://www.facebook.com/people/Sampath-SA/pfbid02EV8yyM5487gCoqVvjiqXfkXUQX9xZa6gVd3nuhRwu98hxNzym7sPdGiR8VByRP54l","උසාවියට අපහාස කරපු මිනිහව හිරේ යන්න නොදී නිදහස් කලා නම් ධාර්මිකයි කියයි 😁"
"Dilmina Karannagodavithanage","https://www.facebook.com/dilmina.karannagodavithanage.3","මම මුලින් හිතුවෙ බුද්ධියක් තියෙන් හොද දැනුමක් තියෙන චරිතයක් විදියට. බලන් යනකොට ගූ ගොඩක්. Sorry මෙහෙම කියන්න උනාට."
"Sasitha Kariyawasam","https://www.facebook.com/sasitha.kariyawasam","හරි කමක්නෑ.."
"Nihalc Atapattu","https://www.facebook.com/nihalc.atapattu","Hora  Kahakadayek"
"Sendi Fernando","https://www.facebook.com/MRSEND","Link eka nadda 😁😂"
"Shihan Madusanka","https://www.facebook.com/shihan.madusanka.252410","ධාර්මික ගනකයෙක් කියයි 🥲🥲"
"Namal Sudarshana Sudarshana","https://www.facebook.com/people/Namal-Sudarshana-Sudarshana/pfbid0mmEBmrESrxNzejz5wCUckXwACcTdUkzuiPnKwPFcahX3ZoJFMVBQVojFpxRgkKGVl","තෝනෙ බොල අදාර්මික අනුර ලගින්වත් තියන්ඩ ලුලුවන්ද තොපට ඔන විදිහට බුඋු දහම වෙනස් කරන නිගන්ටයෝ"
"Sanka DanuSh Chathun","https://www.facebook.com/SankaDanushChathu.Kariyawasam","Ane ube ammata ceri ganaya 😂"
"Dantha Narayan Garnt","https://www.facebook.com/garnet.danthanarayana.90","රාජ්‍ය පාලනයට බලපෑම් කරන්න සංඝයා වහන්සේලාට අයිතියක් නෑ"
"Mohomed Zamil","","මුහුණ බැලුබම කියන්න පුලුවන් කව්ද අධර්මික කියල"
"Chaminda Roshan","https://www.facebook.com/chaminda.roshan.223491","මෙයත් නිල්පාට බස්එකෙ යඉවගෙ ලගදිම නයට කහින්න ගිහින්"
"Nandana Disanayake","https://www.facebook.com/nandana.disanayake.556399","ගොන් හරකා"
"P S Peries","https://www.facebook.com/sunanda.peris.3","‍රූපයේ දැක්වෙන ආකාරයට ඇඟිල්ලෙන් පෙන්වන්නේ  මට මොළේ කියන දේ පිහිටා නැති බවයි.🤗🤗🤗"
"Nemindra Sesathpura","","https://www.facebook.com/reel/1606736380834725/?mibextid=9drbnH  මේකා සංඝ පාතාලෙ එකෙක්... අහන්නකො ඕක..."
"Nishshanka Pitakotuwe Gedara","https://www.facebook.com/people/Nishshanka-Pitakotuwe-Gedara/100090076582216","ඔහොම බැනලා.. ඒ ගමන්ම සමාවත් දෙන්නලු.. දුන් නැත්නම්.. කියලා තගත් දානවා.. 😁😁"
"Raju Fernando","https://www.facebook.com/people/Raju-Fernando/pfbid02e842KSFwwmuAY2tZR55NygubhQgd7r5zinmbTfyLFoNc7FVMZwn5hPHBwakig2bvl","Me. Pakata. Pissu"
"Sisira Sisira","https://www.facebook.com/rathnasekara.kandy","මතකද දාර්මික නායකයා බලන්න මේ හාමුදුරුවෝ ඉස්සරහ කද බදාගෙන මහින්ද බලන්න ගියා බස් වල සෙනග පටවන්න ගෙන 😂😂😂😂"
"Chandana Nakandala","https://www.facebook.com/chandana.nakandala.7","මූන්ගේ  හිතේ  සිවුරු දාගත්ත  පලියට  වැරදි  වලට  සමාවදේන්න  ඕනැකියල"
"Duminda Abeyawickrama","https://www.facebook.com/duminda.abeyawickrama","Thopi darmika wayalla mulinma siura dagena beesane paturawana dewadathala ...."
"Geeth Wijerathna","https://www.facebook.com/geeth.wijerathna","තිත්තියා"
"Tilak Dewa","https://www.facebook.com/tilak20","ඡනතාවට ධාර්මිකයි, හොරුන්ට,අපරාධකාරයින්ට,දෞෂිතයින්ට අධාර්මිකයි."
"Lalith Perea","https://www.facebook.com/lalith.perea","Ane palayan"
"UD Tennakoon","https://www.facebook.com/people/UD-Tennakoon/pfbid0tBXRkk89fxivszvZ8LRTx9zorXBCMitSyRcVoNoFdM51XYJ8z6xK5CyiimSQecoil","පකේ.ගනගෙඩියෝ.කියන්නේ.මුන්ට"
"Sumith Paranamanage Thushra","https://www.facebook.com/sumith.paranamanage.thushra","ඉස්සෙල්ල කියපන් තොපි ධාර්මිකද?...."
"Vihanga Nishlanka","https://www.facebook.com/vihanga.nishlanka","ඔබද බුද්ද පුත්‍රයෙකු නොවේ🙏"
"Mahinda Gunasirirathna","https://www.facebook.com/mahinda.gunasirirathna.2025","උබ කඩේ යන්නෙ ධාර්මික එවුන්ටද පගයෝ"
"Shantha Kumarapperuma","https://www.facebook.com/shantha.kumara.758","Mahinda Gunasirirathna මුන්ට අමු කැවිල අයියෙ ...පිස්සු පගයල....🐃"
"Dougles Silva","","අනුර අදාර්මික නායකයෙක් කියනව නම් දෙපාරක් හිතන්න එපා   හිසකුඩිච්චියක්  වත් දගන්න බලන්න ...වහාම මානසික දොස්තර කෙනෙක්   බලන්න"
"Rohan Rupasinghe","https://www.facebook.com/rohan.rupasinghe.330","ධාර්මික අධාර්මික බව දේශනා කරන්න තිත්තගල්ලේ මරු බඩුව... 😬😂 සමහරවිට අවුරුදු විසිපහක් විතර රටේ දූෂණ සිදු කරපු... තමුන්ට විරුද්ධයි කියලා හිතෙන හැමෝම වලපල්ලට යවපු රාජපක්ෂලා ධාර්මික ඇති නේද ??? අනේ තිත්තගල්ලේ... ඔහේ ඊයේ අනුරාධපුරේදී ජනතාව ඉදිරියේ කිච උනා වගේම.... ඉදිරියටත් බුද්ධ චීවරයේ පීචං කර කරා යන ගමනෙන් ඔහේට වෙන්නේ... ඥානසාර  2 ලේබලය ගහගන්න. 😬 හෙන ගහනකොට එළියට දාන මැදමූලනේ අලුත්ම යකඩේ.... මුන්ගෙ මේ කැත දේශපාලනය මහ නායකවරුන්ට  අවුලක් නැතිව ඇති නේද ??? සංඝනායකවරුන්ට මේ පිළිබඳව ප්‍රශ්නයක් නැතුව ඇති !!!"
"Swarna Liyanage","https://www.facebook.com/swarna.liyanage.104","නිගන්ටයා  තොගෙ ඔය රෙද්දෙන්   ඔලුව ඔතලා  බල්ලන්ට දානවා ගල් මුසලයා"
"Tharidu Danushka","","🙏🙏🙏🙏🙏"
"Lanka Swarnapali","https://www.facebook.com/people/Lanka-Swarnapali/100087135693810","👍🙏"
"Piyadarshana Sampath","https://www.facebook.com/piyadarshana.sampath.3","[Sticker]"
"Sumith Samaraweera","https://www.facebook.com/sumith.samaraweera.3","[Image Attachment]"
"Keerthi Wijesinhe","https://www.facebook.com/keerthi.wijesinhe","[Image Attachment]"
"Pradeep Roshan","https://www.facebook.com/pradeep.roshan.535886","[Image Attachment]"
"Tharindu Dilshan Ranasinghe","https://www.facebook.com/tharindudilshan.ranasinghe","[Image Attachment]"
"Srini Samaranayake","https://www.facebook.com/srini.samaranayake","💯💯💯 🙏🙏🙏"
"Digi Printing","https://www.facebook.com/digi.printing.904035","👍👍👍"
"Shanaka Anuruddha Samarasundara","https://www.facebook.com/shanakasamarasundara.samarasundara","[Image Attachment]"
"Bandara Athawuda","https://www.facebook.com/bandara.athawuda.2025","🙏🙏🙏🙏"
"Wmk Jayawardhana","https://www.facebook.com/wmk.jayawardhana","Sil rekapiy. Desapaluwbge. ASuchi. Kannethiwa. Tho. Adarmista. Mahanek"
"Kumara Jayasundara","https://www.facebook.com/kumara.jayasundara.56","[Image Attachment]"
"Chinthaka Iddamalgoda","https://www.facebook.com/people/Chinthaka-Iddamalgoda/pfbid02cXsyEPGAQGByGs76YXQpQAP8rjMThxwjrPPEKc1Lj5iMopfFVEpKYwUyt7XLY3Nrl",",,🙏🙏🙏🙏🙏🙏🙏🙏🙏🙏🙏"
"Dinesh C Gunawardhana","https://www.facebook.com/dinesh.chamara.94651774","😂😂🤮"
"Sumithra Abeywickrama","https://www.facebook.com/sumithra.abeywickrama.2025","මුන් සිවුරු දාගෙන සිවුරු ට ආදාල දේනෙවෙයි කරන්නේ.තක්කඩි ගනයෝ."
"Rukshan Warnakula","","🦧"
"Ravindra Ekanayaka","https://www.facebook.com/riyansliekanayaka1984","https://youtu.be/y9IGjS2BeM0?si=43Y0cMJ55DvIImX1"
"Gayantha Yasamal Jayawardane","https://www.facebook.com/profile.php?id=100001018525542","🐂"
"Upali Weerasinghe","https://www.facebook.com/people/Upali-Weerasinghe/pfbid0muJwY5isQ7KFbk4nqDSPBnUA1mQj79U5SdEn54BJqAvobv6Tn2RsrgBiSWDoVicvl","[Image Attachment]"
"Mahindapala Kg","https://www.facebook.com/mahindapala.kg","Somaliyawe.akek.wage.mu."
"Ruwantha Fonseka","https://www.facebook.com/ruwantha.fonseka.9","[Sticker]"
"සුරංග විතානගේ","https://www.facebook.com/szg4a8l44g","[Image Attachment]"
"Chethiya Wijerathna","https://www.facebook.com/chethiya.wijerathna","❤️🙏❤️🙏"
"Amr Ali","https://www.facebook.com/amr.ali.274416","[Sticker]"
"Karunarathna Minuwandeniya","https://www.facebook.com/karunarathna.minuwandeniya","[Sticker]"
"Ruwan Sampath","https://www.facebook.com/ruwan.sampath.7758235","උඹලා  පලයල්ලා  වෙන රටකට.."
"Nihal Nihal","https://www.facebook.com/nihal.nihal.181054","[Image Attachment]"
"Noyel Chandra Noyel Chandra","https://www.facebook.com/noyelchandra.noyelchandra","[Image Attachment]"
"Chulan Sisikelum","https://www.facebook.com/chulan.sisikelum","🤌🤌🤌"
"Rajubaay Rajubaay","https://www.facebook.com/rajubaay.rajubaay.503","[Image Attachment]"
"Jagath Gunathilaka","https://www.facebook.com/people/Jagath-Gunathilaka/pfbid0z7Y7b9YE3DUbwNqHHyxheywzavAVfQu3aeEG4aoH7GZSzV7QZzxdcjNMaQHeGjeDl","[Sticker]"
"Upali Perera","https://www.facebook.com/upali.perera.945609","[Image Attachment]"
"Anil Hettiarachchi","","[Image Attachment]"
"Ajith Wijerathna","https://www.facebook.com/people/Ajith-Wijerathna/pfbid02sPmLtbzRFhiY2UWJLRt9yke4yD9Jwu1weDJoFpBkZV641JZzrW4aRkB3pzjDoYmBl","මංගල සමරවීර මැතිතුමා කලින් කිව්වා තොපි ගැණ යකෝ අාගමට වැඩක් කරපන් හොරුන්ට කඩේ යන්නැතිව ..බුද්ධ කාලෙත් හිටියා තොපි වගේ  දෙව්දත් ගෝලයෝ.."
"Camin Prasanna","https://www.facebook.com/uaebana","[Image Attachment]"
"Manoj Wijesinghe","https://www.facebook.com/manoj.wijesinghe.358881","[Image Attachment]"
"Jayalath Kha","https://www.facebook.com/jayalath.kha","[Image Attachment]"
"Susantha Pathirana","https://www.facebook.com/susantha.pathirana.94","https://www.facebook.com/share/r/1HRD5AzkB7/"
"Rbmahesh Sandaruwan","https://www.facebook.com/rbmahesh.sandaruwan","[Image Attachment]"
"Ujitha Damayanthi Kankanamge","","[Image Attachment]"
"Nirosh Bandara","https://www.facebook.com/profile.php?id=100024877462498","Mu pissu h......k"
"Chandragupta Gamini Kannangara","","[Image Attachment]"
"Minidu Ranahansa Epasinghe","https://www.facebook.com/profile.php?id=100001118800637","නානගෙ නම විකුනල සල්ලි හොයන http නේද මේ"
"Kuma Heritage Kingdome","https://www.facebook.com/people/Kuma-Heritage-Kingdome/61550214626294","[Image Attachment]"
"Vimukthi Sadanuvan","https://www.facebook.com/rusiru.yasas.92","❤️💪🙏🏻"
"Wasantha Kulasingha","https://www.facebook.com/wasantha.kulasingha","අධාර්මික නායකයෙක්ගෙන් ඇයි උඹ ජනාධිපති සමාව ඉල්ලන්න🤣"
"Chamika Prabhath","https://www.facebook.com/chamika.prabhath.2025","😂😂😂😂"
"Shivanthi Sharmila","https://www.facebook.com/shivanthi.sharmila","🐕‍🦺🤮🤮🤮🤮"
"Nilantha Noragalla","https://www.facebook.com/nilantha.noragalla","[Image Attachment]"
"Samantha Samantha Sa","https://www.facebook.com/samantha.samantha.sa.2025","[Image Attachment]"
"Vipula Amarasinghe","https://www.facebook.com/people/Vipula-Amarasinghe/pfbid01C1L2J9UVojgDBFfcd4FsLEeJ3gWgoY4Y8UbvPdJ1BaTaLgqJGxwWcctM2thNkMjl","[Image Attachment]"
"Daminda Manamendra","","[Image Attachment]"
"Rangajeewa Nishantha","https://www.facebook.com/rangajeewa.nishantha.2025","[Image Attachment]"
"Nalinda Saranga Rathnayake","","[Image Attachment]"
"Prasangi Wimalarathne","https://www.facebook.com/prasangi.mudannayaka","Nalinda Saranga Rathnayake 🙏❤️❤️❤️❤️"
"Ajith Herath","https://www.facebook.com/ajith.herath.509118","උබ සිවුර අවභාවිතා කරන කහකඩයෙක්"
"Jagath Sanjeeva","https://www.facebook.com/jagath.sanjeeva.3","[Image Attachment]"
"Sunil Latha","https://www.facebook.com/people/Sunil-Latha/pfbid0U2gpX891UZv37HaffcNMXPuEUC9gWF4vAjcgJMDgVc6yjVLyCAuZFQ3SJDJzn7pJl","මැදමූලනෙ. ගු. කන. බල්ලෙක්."
"Roshel Perera","https://www.facebook.com/people/Roshel-Perera/pfbid0XXAQEsRAg1sZvucRGbjCNAyNjYdRDPAPt59anLYheiCRFBrnbwvZjad1sS6Bw1cwl","[Image Attachment]"
"Dhanushka Dissanayake","https://www.facebook.com/dbdissanayake","මූ අනුරගෙන් ගේම ඉල්ලන ගමන් ඥානසාරට සමාවත් ඉල්ලනවා. මරු ඩයල් 😀😃😂"
"Ajith Mahawasala","","[Image Attachment]"
"Eral Gunawardhana","https://www.facebook.com/eral.gunawardhana.1","ලජ්ජාවක් නැති එව්න් ,මෙහෙම geyoth රටෙ nethiyak මොකටද ?"
"Udaya Sena","https://www.facebook.com/udaya.sena.80542","රට කාපූ හොරු න්ට. පුක දෙන  හොර ගනයො"
"Welimada Karuna Meheni","https://www.facebook.com/welimada.karuna.meheni","[Image Attachment]"
"Tharanga Perera","https://www.facebook.com/tharangaperera.perera.96","[Image Attachment]"
"Wimal Chandrasiri","https://www.facebook.com/wimal.chandrasiri.94","[Sticker]"
"Pushpa Kumara Weerasinghe","https://www.facebook.com/people/Pushpa-Kumara-Weerasinghe/pfbid02unMRfnkRMbEHjH1wEpGXt3hfDrjFDV9juqXi7Rmr3c9aDwVY3FQRAyD8Fq43y5xql","සාසනේ විනාශ  කරන්න ආපු කහකඩයෙක්  මුගේ මොලෙත් විනාශ වෙල"
"Biyanka Shyamini Silva","https://www.facebook.com/biyanka.shyamini.silva","https://www.facebook.com/share/v/1MLd25AsUH/?mibextid=wwXIfr"
"දසුන් ලක්මාල්","https://www.facebook.com/lakmal.dasun.14","🤣😂🤣"
"Chandanie Palliyaguru","https://www.facebook.com/people/Chandanie-Palliyaguru/pfbid0CdMBBJQZQwdFZ8FurP1mocwKPpEDSfwotNsTB39MuzAKhKgvK4CF7EszYE49EZq8l","නානශාර දාර්මිකද?"
"Prasangi Wimalarathne","https://www.facebook.com/prasangi.mudannayaka","[Image Attachment]"
"Sha Fernando","","Eka thamai Police officers laa kiyanne hondama kudu transporters laa hamuduruwo kiyala. Sivura dakkama check karanne naa, yanna denawa. Kattiyata dan business naa, e nisa hena avul.  President ta baninawa arenna monwa karannada!"
"Sarath Gunarathna","https://www.facebook.com/people/Sarath-Gunarathna/pfbid0SJYNVH3gAPkr25XD7T6x2ww7hvJsSn99YuXAVUoPkU9RaWzurATN5LHWKffqPFGkl","[Image Attachment]"
"Tharindu Dilshan","https://www.facebook.com/people/Tharindu-Dilshan/61561175454898","බන්දනාගරෙ යන්න ඉන්න උන් නිදහස් නොකරම අදාර්මිකද? 😂"
"Deeptha Rathnayaka","https://www.facebook.com/people/Deeptha-Rathnayaka/100088328340691","කරුණාකර මේ පරාජිත සිංහල බෞද්ධ යැයි කියා ගන්නා අන්තවාදීන් ඉදිරියේ....... කිසිදු අයුරින් අඩියක් පසුපසට නොතබා ඔවුන්ට නොබියව නීතිය ක්‍රියාත්මක කරන මෙන් ආණ්ඩුවෙන් ඉල්ලමි!........"
"Dinuchathu Vanderlan","https://www.facebook.com/dinuchathu.vanderlan","අධාර්මික නායකයෙක් උනාම මොකද??😂😂"
"Mum Sumathipala","https://www.facebook.com/people/Mum-Sumathipala/pfbid0yAAgWPtVMSFpdhk6RmgAS7faoVSuH3AXtsEe9NbzKeAjbpeNVEtqUrHMTvAfX56Xl","ගනින් නාන්ස....නියම  ධාර්මික නායකයෝ හිටියේ  ජේ.ආර්..ප්‍රේමදාසගේ කාලේ නේද ඒ ධර්මිෂ්ඨ රාජ්ජේ තුළ  නේද  ටයර් සෑයවල් එහෙම තිබුනේ..රට මිණීකන්නන්ගේ දේශයක් වුනේ... උඹගේ පක තමයි.... අපිට  අනුර හොදයි"
"Priyanka Samarasinghe","https://www.facebook.com/people/Priyanka-Samarasinghe/pfbid0Y6ufXVdXYHeUwBWJ7xKWy6jmEzBKb2Dae6jhTgqmBHnLD3fCNzMBB9CAixKCdce2l","තිත්තගල්ලේ උබට පිස්සු. පාදඩ නානසාරයාගේ job එක ඊලගට කරන්න ද යන්නේ."
"Chandana Kodikara","https://www.facebook.com/chandana.kodikara.73","මෙයා බිස්නස් කාරයයෙක්"
"Roshan Rathnasiri","https://www.facebook.com/roshan.rathnasiri.33","තොපි වගේ කාලකන්නින්ට අනුර හොදනැති උනාට අපේ රටේ බහුතරයකට හොදඉ. තෝ සීව්රක් දාගෙන බුදු දහම විනාසකරන්න ආපු කාලකනියෙක් නෙ?"
"Nimal Premarathna","https://www.facebook.com/nimal.premarathna.9440","මේන්න සුවුරු දාගත්තු සද් ගුනවත් දාර්මිකයෝ ආගම දහම කොහේ ගෙනිහින් නතර කරයිද මන්දා"
"Muditha Pathman","https://www.facebook.com/people/Muditha-Pathman/61551880079629","රාජපක්ශ  නිකායේ  මල පහා වලදන ඌරන්ට මොන  සෞඛ්‍යයද? යකෝ එකෙක් නැති වෙනකොට තව එකෙක්  කහ රෙදි පොරවගත්ත  වල්වෙසිගෙ පුතාලා,, ,,"",,,,කොරෝලු දෙල්වලට කොරෝලු පොල්,,,,"""
"Udaya Kumara","https://www.facebook.com/udaya.kumara.873310","එහෙනං හුකහං දෙන්නෙනෑ එක පකයෙකුටවත් සමාව ගිහිං මහ රජාණන් ගෙන් ඉල්ලගනිං"
"Ananda Kumara Kumara","https://www.facebook.com/people/Ananda-Kumara-Kumara/pfbid02G8hNVSpkc5JT14tj6RCX3dQHEw8igiPhLSn1RTG48Rh7dadUx94KuaGpjb6P8KjXl","ආ කමක් නෑ.. අපිට අනුර හොදයි ... ඒකනේ පත්කර ගත්තේ.."
"Paddy Waduge","","Better than some of your clergy mates... Lot of names come to mind starting from even holy cities of the ancient Kings.."
"Keerthi Hew","https://www.facebook.com/keerthi.hew","සිවුරු දාගත් පලියටම බික්ෂුවක් වෙන්නෙනැ ."
"Sujith Priyantha","https://www.facebook.com/sujith.priyantha.92798","උබෙ අම්මට හුකපන්"
"Anura Santha","https://www.facebook.com/anura.santha.9","ආා උඹලට හිටියේ ධාර්මික නායකයොනේ. අනේ පන්සලට වෙලා බනක් බාවනාවක් කරලා දෙන දානයක් වළඳලා පාඩුවේ හිටහන්."
"Vihasi Vihara","https://www.facebook.com/people/Vihasi-Vihara/pfbid0bgBx6A7mb1wVkmH1ECgFkFSU6tDst5vKqyRyyDziU1rxc24C9GDiNwoBEUwmXMnal","තරුණ තරුණියන් පෙරමුනේ ඉන්න ආණ්ඩුවක් මේ..බයිලා දන්නවා එයාලා...හැරෙන්නේ පොල් පැලේ විතරක් නෙවෙයි පස් ටිකත් උලා කන්න කියලා"
"Dhanushka Mapagedara","https://www.facebook.com/dhanushka.mapagedara.2025","පල පල 😂😂"
"Rohana Rathnayaka","https://www.facebook.com/rohana.rathnayaka.9847","හොර ගනයා ජඩ දේශපාලකයන් ගෙ කුක්කා අහිංසක මිනිස්සු දෙන දානෙ කාලා හොරුන්ට පුx දෙන පාහරයා ඕක ගලවලා දාලා පලයන්  මිනිස්සු එකතු වෙලා ගලවන්න කලින්"
"Rohana Waduge","https://www.facebook.com/rohana.waduge.9","කාලකණ්ණි තිඝ්ථගල්ලේ  කහකඩයෝ  උඹ. දෙසපාලනේ කරන. හොරිකඩයෙක් බාන්. ඔය සිවුර බාල්දු නොක ර.  සරමක්  හරි  අමුදයක් හරි ගහගනින්  වෙසිගේ පුතා  තොපි ඇවිල්ලා  සාසනේ  විනාස කරන කාලකණ්ණි.මුට. දානේ දෙන. එවුනුත්  කාලකණ්ණි පව්. පුරෝ ගන්නවා"
"Rathnayaka Brs","https://www.facebook.com/people/Rathnayaka-Brs/pfbid02GzVm3ryywhL7GRtjjXsgtNbZi5tbw1mKPjLkApLCxUwVdUp16zZJSJd9LTya7mgEl","තෝද බොල බ...ල්..ලෝ, ධාර්මික ...බලු කතා කරන්න එපා ..."
"Ari Manage","","මේක.කියවන්නෙ.මූ.හරියට ධාර්මිකයෙක් වගෙ. තෝ ඔය.සිවුරට.නිගා නොකොට.,.ඕක ගලවල ගෙදර.පලයන්."
"Shanuka Senarathne","https://www.facebook.com/shanuka.senarathne","අධාර්මික ගිහියන්ට බණ දෙසන්න කලින් ඔබ වහන්සේ මුලින්ම ධාර්මික වෙලා ඉන්න, එතකොට සාසනය රැකේවි."
"Ashoka Rajapaksha","https://www.facebook.com/people/Ashoka-Rajapaksha/pfbid02oeYeVVpgjFkxGuVDCnYq6A8RD58rVbh7XhwLehXexxEEdxMiAYH5fBKub5WySVDFl","දාර්මික ලේබලේ ගහගෙන කලින් අයියල හොරකම් කරා මතකයිනෙ."
"Lal Sovis","https://www.facebook.com/lal.sovis","අනුර ගිහියෙක්. පැවිද්දෙක් උන උඹ ධාර්මික ද ?"
"Upul Siriwardhana","https://www.facebook.com/dayanatha.siri","අනුරට බැනල උබේ අස්සන් ලේ්‍ඛනය අරන් වරෙන් ඔතල තොගෙ සිවුර ගලවල අරිනව පුකදිගේ පිංබතා"
"Hmc Harankahawa","https://www.facebook.com/people/Hmc-Harankahawa/pfbid02UN1wF1U4CsER5jJvYSngHhux8wVyZGt3bvo61yayHAPaL2DVFzdFn6tXZnbnQi4Nl","තෝ හොද ගනයෙක්ද බොල. ටික කලකට පෙර නම් උබ ගැන පැහැදීමක් තිබුනා. දැන්නම් නෑ."
"Amila Priyankara","https://www.facebook.com/amila.priyankara.9615","අනේ පල යන්න පිනට කාල සක්කිලින්ට කඩේ යන පර බල්ලො."
"Indika Gamage","https://www.facebook.com/wijethunga.g.indika","එතකොට ශාසනෙත් කන හොරුන්ට තක්කඩියන්ට කඩේ යන තොපි වගේ සිවුර විකුණo කන අවජාතක කාලකන්නි දුශ්ශීල තොපිද ධර්මිෂ්ඨ ආ පko"
"Sarath P. Rajapakshe","https://www.facebook.com/sarath.prajapakshe","දාර්මික නායකයොද මහජන දේපලාංකොල්ල කෑවෙ සිවුරු හොරෝ"
"Sisira Dassanayaka","https://www.facebook.com/sisira.dassanayaka","මේ සිවුර දාගත්තාට. මහා මුසලයෙක්."
"Sathyajeewa Vijendra","https://www.facebook.com/sathyajeewa.vijendra","තිත්තයානනි., ඔබ ධර්මය විකුර්තිකරමින් මිනිස්සු රවට්ටං කා බී හරුපාතල් ගනිපු එකෙක්"
"Suraj Madushanka","https://www.facebook.com/suraj.madushanka.182","අනේ පල ගොතයෝ යන්න"
"Shenusha Ramal","https://www.facebook.com/shenusha.ramal.9","අනේ හුකේ නංනානේ  ගණ ගෙඩ්යා හොර පාරේ😂"
"චාමක වීරසිංහ","https://www.facebook.com/chamaka.weerasinghe.58","තිත්තගල්ලේ තෝ හොර සිවුරු රදනයක්"
"Kusum Premaratne","https://www.facebook.com/shiraniesh","මෙයත් අම්බානකට කුනුහර්ප යෙන් බැනුම් අහගන්නයි මග පාදගන තියෙන්නේ . කිවවන්නේ නැද්ද මිනිස්සුන්ගේ කමන්ට්ස් ."
"Poorna Nuwepaksage","https://www.facebook.com/people/Poorna-Nuwepaksage/pfbid02DhGbkzScNK9DgnuYmY4qCtr7c4aviep5KDMQPaBA87sVioTRCzpSBdKr235wKX9Hl","කවුද  me ගොරිල්ලා  නානsara වෙනු wen අපේ ජනපති අනුර කුමාර ta බනින  කහ කඩයක්"
"Dhammika Sanjeewa Ranatunga","https://www.facebook.com/dhammikasanjeewa.ranatunga","Ane pala🫏🫏🫏🫏💩💩💩"
"Wije Thunga","https://www.facebook.com/people/Wije-Thunga/61582317812537","හා කමක් නෑ, ඔහොම යං"
"Renuka Sarojanie","","ධර්මය පිළිපදින්න රකින්න ඉන්න අය අධාර්මික වෙලා චීවර රදවන විතරක් උනාට දැන් මේ ජනාධිපති ධාර්මිකව රට පාලනය කරනවා. එක අධාර්මික චීවර රදවන වලට පේන්නෙම උන්ගේ වාසියට යොදා ගෙන"
"Chandrakumara Gunarathna","https://www.facebook.com/people/Chandrakumara-Gunarathna/pfbid09gDWKijif8t8PxXEVjGMGbVTwhF8ghWbQ7qzzxfPcFKvfuS5ye6kpVgz6gHp3Yxql","ධනය, බලය තියෙන හොරුන්ට සහ දූෂිතයන්ට අධාර්මික උනාට කමක් නෑ. රටේ සාමාන්‍ය ජනතාවට අනුර හොඳයි 😂🤣🤣🤣"
"Saranga Kalpa","https://www.facebook.com/saranga.kalpa","ඤාණසාර වෙනුවට තවත් හිපාටුවෙක්"
"Upul Piyashantha","https://www.facebook.com/people/Upul-Piyashantha/pfbid02UGbmM1KdM4z4aLpsSLLqbn9qF3NGud6zgyjuwAoE2ai3NpkqG253RPFeEf5Aw8yl","සාමාන්‍ය මිනිස්සු වන අපිට පේනවා කහපාට චිත්තයක් ඇඳගෙන ඉන්වයි කියල කහකඩයෙකුට බැහැ රටේ ජනාධිපතිතුමාට අපහස කරන්න"
"Hemantha Weerasekara","https://www.facebook.com/hemantha.weerasekara.629051","ඉද්දෙල්ලා තොපි ධාර්මික වෙයන් කහකඩ අමනයන්"
"Jayath Senapathi","https://www.facebook.com/paul.jayath.9","මුන් වගේ කහකඩයෝ ගලගොඩයත් එක්කම විනාශවේවා.එතකොට බෞද්ධයොත්,සාසනයත්,අනිත් ආගමුත් ආරක්ශා වෙනවා"
"Masa Deen","https://www.facebook.com/masa.deen.2025","හුකන්නැතිව හිටපන් හුත්තිගෙ පුතා...."
"Dmb Pathman","https://www.facebook.com/people/Dmb-Pathman/pfbid0UpZBJF8MPf2E9JBkU367SiSPD763caYrRS7y96dbNS6vi5GUs1qExhqWEfyRJFEwl","හාමුදුරුවොත් මහින්තලේ වෙන්නද හදන්නේ? නිකං හොට. බිම ඇන ගන්නෙ නැතුව පාඩුවේ ඉන්න. අනුර ජනාධිපතිතුමා  හාමුදුරුවන් හැර.  සියලුම.  දෙනාටම හොඳයි. .."
"Rohana Rathnayake","https://www.facebook.com/people/Rohana-Rathnayake/61595116974339","උම්බ හාමුලගෙ #ගූ හෝදන සක්කිලි සිවුරු හොරෙක්"
"Widyarathna Wimalasiri","https://www.facebook.com/widyarathna.wimalasiri","පල හොර ගනගෙඩිය ට"
"Laithab Lalitha","https://www.facebook.com/people/Laithab-Lalitha/61589915708147","රාජපක්ෂ ගූ කන්නෙක්"
"Edward Kotte","https://www.facebook.com/people/Edward-Kotte/pfbid02SxYcEao5oVpAtCubYhZ3Hu54LMFvqKnkBYgT4mercEp7PvcraY7kZEUvDz9Bi6Jzl","තිත්ත ගල කියන තඩි  ඌරගේ  සිවුර ගලවන්න නිර්භීත පුද්ගලයෙක් නැද්ද මේ රටේ"
"Ramesh Indarasiri","https://www.facebook.com/people/Ramesh-Indarasiri/pfbid02caVzRFNkgcXiYxroN7eT2chQz5ZewnJfaMfNZYdwNEzpMBDAVHgHhg2tKLFXiLNwl","ඉස්සෙල උබ දාර්මික වෙයන්කො 😀"
"Roshan Silva","https://www.facebook.com/roshan.silva.399","පල පල කැම්‍රිරිය යන්න..තොගෙ මූන නිකං තනිකරම පාතාල පකෙක් වගේ....නොදෝමකින් 😀"
"Kalaha Wijerathne","https://www.facebook.com/people/Kalaha-Wijerathne/pfbid0Bh55vaJa1qbyUJUz2v3GwAZREY3G8KaULpEbVjUavDWyAzd3SaukD7JjgZx4AaL5l","කාදිනල් ක්‍රිස්තියාණිය රැකගන්නත්, මවුලවි මුස්ලිම් අය රැකගන්නත් කතා කලාට අවුලක් නැ. හාමුදුරුවො සිංහලය ගැන කතා කලොත් ජාතිවාදී.😾"
"Adikari Herath","https://www.facebook.com/people/Adikari-Herath/61577420940832","පල වේසිගේ පුතා"
"Saman Kumara","https://www.facebook.com/saman.kumara.463158","Mun pissu huttooo hora sirukarayooo👿👿😵‍💫😁🤮🤮🤮🤮😛"
"අපූර්වාගේ කවි සිතුවිලි","https://www.facebook.com/saman.fonseka.480470","තෝ කැරි පොන්න ගනයෙක්"
"Madu Rose","https://www.facebook.com/people/Madu-Rose/61590032717878","උබ මහන වෙලා ඉදපන්"
"Dineth Samadhi","https://www.facebook.com/people/Dineth-Samadhi/pfbid04hgaxGj9uV6vgzGhvPGV5g1eJDvzpZHNEDHp5JsqWpDvpF7h4USBYirKKiKMLZfdl","පල ගොබ්බයා.."
"පියංකර පියංකර","https://www.facebook.com/people/%E0%B6%B4%E0%B7%92%E0%B6%BA%E0%B6%82%E0%B6%9A%E0%B6%BB-%E0%B6%B4%E0%B7%92%E0%B6%BA%E0%B6%82%E0%B6%9A%E0%B6%BB/pfbid0QmRhZ8pgTFb51W5TP2Sj5eZPaQK4ZMxcz5R9bYvuwFSEWwvysxEuhLqmv7opsk6Al","අැයි තොපිව කරෙ තියාගෙන ඉන්නද කියන්නෙ"
"Nishantha Kumara","https://www.facebook.com/nishantha.kumara.902481","අනේ පලයන් මුසලයා යන්න 😁😁😁"
"Harsha Perera","https://www.facebook.com/harsha.perera.56808995","පල කහකඩ වේC ගෙ පුතෝ යන්න 😂😂"
"Ruchira Kumara","https://www.facebook.com/people/Ruchira-Kumara/pfbid0LoYDKHTzPsxRwCBiVmKgMvHBW6AeTGkHj9dEtqVeicavZii5vnkr1b3T3m9hozojl","ඕක ගලවලා මේක විතරක් ඇදගෙන පාරේ පලයන්.... 😂😂"
"Rajith Prasantha","https://www.facebook.com/rajith.prasantha","Ruchira Kumara 😂😂"
"Shirani Fernando","https://www.facebook.com/killax.snipes.7","කලින් හිටියේ ධාර්මික උන්ද හොර ඝනයෝ හොරුන්ටමයි කඩේ යන්නෙ සාසනේ විනාශ කරන්න ඇවිත් ඉන්නෙ"
"Aruna Fernando","","Shirani Fernando  ✅ උපරිමයි ප්‍රතිචාරය. සුපිරිවිකි 😛"
"G.S. Gunawardana","https://www.facebook.com/people/GS-Gunawardana/61583711405183","කහ සිවූරෙ මලපහ කරන උන්තමයි අධර්මිශ්ටයො වෙන්නෙ. ඒ අතින් සත්‍ය තේරැම් අරගෙන කතා කරන කැකිරාවේ සූදස්සනල  පිරිසිදුයි."
"Us Somarathna","https://www.facebook.com/people/Us-Somarathna/pfbid02ruv8GvXtX4QA4UvDRjxjGFXWBgiXJCfCixEqYnDbuuvG4ZQZZFohjfKGyazvZgCSl","ගෙරිගනයා   තෝහොදඑකා"
"Ranjith Sandanayaka","https://www.facebook.com/ranjith.sandanayaka","ඒ උබලවගේ ගනින්නාන්සේලට🤣🤣🤣"
"Suranga Pradeep","https://www.facebook.com/people/Suranga-Pradeep/61587941403037","පලයං බූරුවා මූසලගනයා."
"Binara Rajasighe","https://www.facebook.com/binara.rajasighe","පක  තමා  කහකඩයෝ.... උබට  වඩා නම්  සිල්වත්"
"Sampath Dayawansha","https://www.facebook.com/sampath.dayawansha.96","මු තමයි දැන් ඥාණසාරගෙ චරිතයට පන පොවන්නේ 😃.  සිවුරැ බළකාය මෙහෙයවන්නෙ😃 😀 😁 ."
"Dhanushka Gunasinghe","https://www.facebook.com/dhanushkagunasinghe","තිත්තගල්ලෙට වෙලා තියෙන්නෙත් පිටදූවට වෙච්ච දේ..අපූරුවට බණක් දහමක් කරගෙන හිටිය රාජපක්ස මාරය ඇවිල්ලා එක විනාස කලා.."
"Sisira Bw","https://www.facebook.com/sisira.bw","එතකොට තෝ මොකෙක්ද.පිං දංකුඩ කන කහකඩ වල් ඌරෙක්.පලපිය තොගෙ හැටි වසලයෙක් වගේ නෙමෙයිද ."
"Nissanka Priyadarsana","https://www.facebook.com/nissanka.priyadarsana.7","budda sasane vinasa karanna apu dewdaththaralage kale idan apu ewn tikak innawa budu siurata nindawak nokara desapalane kara gaththanam iwarane eka eka horunta thakkadinta  parawal kapanne nathuwa"
"Ananda Hettiarachchi","","හොරෙක් හොරෙක්"
"Chrishantha Costa","https://www.facebook.com/chrishantha.costa.9","ඔහෙට වෙන දේ හිතා ගන්න බෑ"
"Gamage Gamage","https://www.facebook.com/people/Gamage-Gamage/pfbid023BzB6Jmxzb9rpxLTiJx4J9jXnjMzWjo5ApNY2o4L4pf7Jvn7NSAgHrfXshWEoBDyl","උසි උසි රාජපක්ෂ බලු කපුටෝ"
"Sures Janaka","https://www.facebook.com/people/Sures-Janaka/pfbid0rqz9xrGAXkFGXQXccRQo7viZcXG6EnzsJ3kWVuwoFn4mLEWjeofNEaCeMvKkYYbal","හරි"
"Noorul Hafsa Hussain","https://www.facebook.com/noorulhafsa.hussain","අනේ ජනාධිපති තුමනි, මෙන්න මේ ප්‍රශ්ණවලට ටිකක් උත්තර දීලා යන්න,මාර වදයක්.."
"Dinesh Ovinga Kasthuriarachchi","https://www.facebook.com/ovingaov","පල් යන්න ගෝතය"
"Upeksha Priyashantha","https://www.facebook.com/upeksha.priyashantha","මු ධාර්මිකද දන්නැ නේ කතාකරන්නඑනව තව"
"Sunil Rathnayaka","https://www.facebook.com/sunil.rathnayaka.54300","මු  මොකාද  උඩබුරන්නේ  කහකඩය"
"Dilan Perera","https://www.facebook.com/dilanndenuka.perera","වැඩිය ධාර්මික වෙලා මේ රට හදන්න බෑ"
"Sanka Kumara","https://www.facebook.com/sanka.kumara.1257","Galaboda 2"
"සචින් නදීශාන්","https://www.facebook.com/people/%E0%B7%83%E0%B6%A0%E0%B7%92%E0%B6%B1%E0%B7%8A-%E0%B6%B1%E0%B6%AF%E0%B7%93%E0%B7%81%E0%B7%8F%E0%B6%B1%E0%B7%8A/pfbid0XfToLGn3EKQ5ZZzH9SHMsao6DbHr4wixJtBbAKaH8X7aXd21keExqTQ51Wdx6a3nl","හොරුන්ට අධාර්මික නායකයෙක්."
"Chandrani Jayawardhana","https://www.facebook.com/people/Chandrani-Jayawardhana/pfbid0aBUc9EriTf7F8H7fYNVL9Xht7RPtrAcJGwNGeBhVu3Gw4n5NSVthWJs8ESFy4Spjl","හිටපු උන්ගෙ ධාර්මික  කම දෝරෙ ගලනව.ඒකමයි ඵලවල දැම්මෙ හොරැ කුඩු ගහල මේ යකා."
"Chandhana Jayasekara Art","","ගල් තිත්තෙ ඊයාආආආආආආ  ඊලඟට  නුඹ..... හැංගිලා  ඉන්න  තැනක්  හොයා  ගන්."
"Juda Sanjeewan","https://www.facebook.com/people/Juda-Sanjeewan/pfbid0sjCtVuETwFp6xLjr5CL3CtbaWRDpvYGBUZb3xLPPjcmR7FV4bybzuYNsR3ME4DKbl","Meya rajapaksha nikaye.anura hoda neha.namal patta hora arahathlu.nodakin me wage ewun"
"Wasantha Wimaladharma","https://www.facebook.com/wasanthawimaladharma","අනුර ඔයාට වඩා ගුණවත් නැණවත් සිල්වත් ශික්ෂාකාමී ඔයා සිවුරක් පොරවගෙන පවුකාර ජීවිතයක් ගත කරලා අපායගාමී වෙන කෙනෙක්"
"Sampath Karunagoda","https://www.facebook.com/sampath.karunagoda.3","උබලා වටේම ගෑනුන්ට කෙලලා කරන්න තියන කැරි වැඩ ඔක්කොම කරලා සිව්රක් පොරෝගෙන දැන් හැමිනෙන්න හදනවද  හු @#"
"Pemarathna Hettiarachchige","https://www.facebook.com/people/Pemarathna-Hettiarachchige/pfbid07Y9sTVMk2kPDp9u9CHSfTJbABH73rPvVeLehGyKYv4ddkcmdHiVWxntqCHZWD3Qgl","කාලකන්නින්ට එහෙම හිතෙනව."
"Bandula Dharmasena","https://www.facebook.com/people/Bandula-Dharmasena/pfbid0h6PRrU8UM2FUDodwpntnK2q3ipKVCuUsHbeH13FHw31HLgjTLBReMHXmEV9RZ2qfl","පාතාල චීවර වේස ධාරි මුදලාලිලා  ගේම් ගහන්නා  දේශපාලන  වේදිකාවලට  කිට්ටුවෙල   උවමනාවිදියට  නවන්න  බැ රිවෙනකොට වෛරය"
"Malani Warnasurya","","තිත්තගාල්ලේ මහණ වෙයන් බොල 😡"
"Gayan Sanjaya","https://www.facebook.com/people/Gayan-Sanjaya/pfbid0sLbiFx17mG6XXgqZ9DjKa2u2k6Ht6vNih3m72RGW5D4jR7GYPSZgSPBa7DcLbybGl","මහන කරපු දෙමාපියන්ට ගෙවල් හදලා දෙන්නේ අධාර්මික නිසා වෙන්න ඇති රාජපක්ශ අසුචි කනකොට ඔහොම තමයි"
"Chandana Pushpakumara","https://www.facebook.com/chandana.pushpakumara.9406","Mkekda mekaaa"
"Udayanga Udayanga","https://www.facebook.com/people/Udayanga-Udayanga/pfbid0T4fQaPbj4cY1QavBgMqw9Yu8hp6MjDqog82Ya3sjMR3hEC8GShkw7t1Cb7b2xugHl","පිස්සුව හොඳටම තදවෙලා"
"Wimal Perera","https://www.facebook.com/wimal.perera.568","නුඹත් ධර්මයට පිටුපාමින් කුරිරැ කුජීත දේශපාලනයට කඩේ යන වනචාරී ඡීවරධාරියෙක්"
"Niluka Supun","https://www.facebook.com/niluka.supun","ආ කමක්නෑ"
"Shiranthi Withanage","https://www.facebook.com/shiranthi.withanage.330009","Thiththagalle kiyanawa anuratlu chande dunne   Mu patta pal boru kiyanne   Namolege kalu salli sudu karanne meya Rajapaksa nikaye kahakadayek"
"Dhw T Rohana Rohana","https://www.facebook.com/dhw.t.rohana.rohana","සිවුරු දාගත්ත සක්කිලි බල්ලෙක්  මූ මුන්ට ඕන රට ආයෙමත්  හොරුන්ට බාර දෙන්න මුන්ට  දැන් සැප  නැතුව පිස්සු හැදිලා"
"Sameersanjeewa Bandara","https://www.facebook.com/sameersanjeewa.bandara","මෙන්න තවත් මැදමුලනෙ කක්කුස්සිය හෝදන අසිරිමත් ගොනෙක්"
"Derangala Mangala","https://www.facebook.com/derangala.mangala.3","Prannwaka Nathi Anda Bikshuwak"
"Derangala Mangala","https://www.facebook.com/derangala.mangala.3","As Ada bikshuwa"
"Ggjs Kumara","https://www.facebook.com/ggjs.kumara","සිවුරු දා ගත්තා පමණින් සඟරුවන වෙන්නේ නෑ තිත්ත#"
"Chandana Mallawaarachchi","","පිස්සු යක්කු කාලෙන් කාලෙට.....🤮🤮"
"Rohana Manamperi","https://www.facebook.com/rohana.manamperi.2025","තවත් ධර්ම සංගායනාවක් පවත්වන්න කාලය ඇවිත්"
"Namal Rathnamalala","https://www.facebook.com/namal.rathnamalala","දෙසපාලනට  ආගම  කියලා  හිතාගෙන  මහන  උන  එක්කක්"
"Sameera Kdhn","https://www.facebook.com/sameera.kdhn","මට පේන්නෙම නිධන් වස්තු මූණක්....🤣🤣🤣"
"Priyanka Silvea","https://www.facebook.com/priyanka.silvea","කාපු කැම රගේ ."
"Roshan Jd","https://www.facebook.com/roshan.jd.37","මුගෙ නොම්බර්යක් දාපල්ලකො මුට බන ටිකක් කියන්න"
"Indrajith Wewalage","https://www.facebook.com/indrajith.wewalage","කන්න බොන්න නැති කමට පන්සල් වලට ගෙනත් දාන බල්ලො දැක්කා. තැඹිලි පාට චීත්ත සාරි අදින"
"Asitha Sanjeewa","https://www.facebook.com/asitha.sanjeewa.5030","𝙋 𝙡 𝙝 𝙩"
"Dewagiri Bandara","https://www.facebook.com/dewagiri.bandara","THITHTHA GALLA AI AIS KUDU IWARADA BUDU SASUNA VINASA KARANNE NATHIWA SIURA GALOLA YANA THANAKA YANNA NIGANTAYO KIYANNE OHELA WAGE SAKKILIYANTA THAMAI WADAPU AMMATATH AKKA HENA GAHANAWA ANIWARYENMA"
"Lalith Sanath Kumara","https://www.facebook.com/people/Lalith-Sanath-Kumara/pfbid034kX9y6YyBNR7rwCVvXwzq1QtSeWg5DA5CSjYDrmo3U39bTw8ZjYhoxXPKEXsy2zdl","Thopi saga weda guru govi kamkaru kiyanne mokadda kiyala dannathi pakai budunge kaha siwra thopita sapa wenawa"
"Kanthi Kanthi","https://www.facebook.com/kanthi.kanthi.486524","ඔයාට බුදු සරනයි ape,හාමුදුරුවනේ"
"Lucky Nanayakkara","https://www.facebook.com/lucky.nanayakkara.1","O.M.G hodatama Seiko pakkaliya  Gon saraa pakkaliya"
"Ranjith Karunarathna","https://www.facebook.com/ranjith.karunarathna.896421","Aea pako"
"Madushan Wijayanga","https://www.facebook.com/madushan.wijayanga","Kahakada balla 😡😡😡"
"Ujayanka Silva","https://www.facebook.com/ujayanka.silva.2025","මේකා පිස්සෙක්නේ.. විකාර කියවන්නේ 😂😂😂"
"පියතිලක රූපසිංහ","https://www.facebook.com/profile.php?id=61578974874118","චීවරයට මුවා වෙලා පල්හොරු"
"Pradeep Indunil","https://www.facebook.com/pradeep.indunil.687458","Ane pala yanna gon kupadi ballooo"
"තුශාර තෙන්නකෝන්","","හතර කේන්දරේ පාලුවට සිවුරක් දාගත්තු උන්ටත් හිතෙන දේවල්."
"කුමාර සිංහ","https://www.facebook.com/8lxd1jkvze","පල මුඩු මහණා යන්ඩ"
"Janitha Kumara","https://www.facebook.com/janitha.kumara.39","තිත්තගල මචන් උබ අමු ගොනෙක්"
"Ariyarathna Dissanayake","https://www.facebook.com/ariyarathna.dissanayake.587","Mun amu horu siura dagena inna"
"Bandula Ranasinghe","https://www.facebook.com/people/Bandula-Ranasinghe/pfbid032cMBifRDd93kKzwaFXiVzkjq3RbHBdP4bneZC8pYdTVmxbDcwsZnQFG2Fsi9ng2kl","මුන් කියන ව්දිහට නටන්නේ නැතිනිසා."
"Lakru Gamlath","https://www.facebook.com/people/Lakru-Gamlath/61576434544358","සිවුරෙන් වහගෙන ඉන්න අධාර්මික ගතිය එලියට එනකොට අපිට දුකයි, චීවරයට තියෙන ගෞරවය මිසක්කා ඊට යටින් ඉන්නේ මිනිහෙකුට කොහොමත් මිනිස්සු ගෞරව කරන්නේ නෑ, එහෙම ගෞරව කරන්න නම් චීවරයට උඩින් මනුෂ්‍යත්වය එන්න ඕනේ, බුදුන්ගේ චීවරයට වහල් වෙලා උඹලා ඕන ඕන තාලෙට උඹලගේ මතවාද ප්‍රකාශ කරගෙන නටාගෙන ඉන්න පුළුවන්නම් හොඳයි, ඒ කියන එව්වා පිළිගන්න රටේ ඉන්න මිනිස්සු ගොන් හරක් ද, එහෙම පිරිසක් ඉන්නවා උන් එක්ක නටාගෙන නිදා ගනිල්ලා අපිට මොකෝ 😂"
"Samantha Chandrasiri","https://www.facebook.com/samantha.chandrasiri.81660","Mokatada mona prayojanayatada"
"Kapila Samanpriya","https://www.facebook.com/kapila.samanpriya.54","පිං බතා"
"Tdk Jayantha","https://www.facebook.com/tdk.jayantha.1","ඔය ගල්ලට වැඩිය  දහම දන්නව  ජනාදිපති තුමා"
"Pradeep Samarakoon","https://www.facebook.com/pradeep.samarakoon.937960","අධාර්මික භික්ෂුව ගැන කතා කරන්නෑ..."
"Vimukthi Maduwantha","","එහෙමයි තට්ටයෝ එහෙමයි 🤣🤣🤣"
"Sarath Kumara","https://www.facebook.com/sarath.kumara.26458","හු හු හු සිවුර දාගත්තට මහනවෙලා නෑ"
"Sachith Anjana","https://www.facebook.com/sachith.anjana.54","මේ තට්ටයට හොඳටම ට්‍රැක් දැන් 😂"
"Deepan Manoj","https://www.facebook.com/deepan.deep13","මස් කෑල්ලක් දාන්ඩ"
"Gihan Madushan Serasingha","https://www.facebook.com/gihan.serasingha","හිමාලේ මිස් උන සෝකේ"
"Kosala Sachini","https://www.facebook.com/kosala.sachini.1","හරි දාර්මිකයෙක් කියන්නෙ උතුම් සිවුරක් තියාගෙන කරන්න පුලුවන් හැම බලු වැඩක්ම කර කර අනේ ඉතිං 🤣"
"Wimal Rathnayake","https://www.facebook.com/wimal.rathnayake","මහණ වෙලා අනුරගෙන් බණ ටිකක් අහපන්"
"Shantha Perera","https://www.facebook.com/shantha.perera","🤪🤪"
"Sarath Colombage","https://www.facebook.com/sarath.colombage.5","නීතියට අවනත වී පසුව සුදුසු සමාවක් ගන්න උත්සාහ කරන්න , මොකද හාමුදුරු නමක් කියන විදිහට නෙමෙයි ජනපති තුමාට අපහාස කළේ , මේවා ගැන හිතන්න , ඔබවහන්සේට හොඳ බුද්ධියක් තියනවා , මමත් ඔබවහන්සේගේ අභිධම්මය ඉගෙන ගත්තා"
"Gayan Fernando","https://www.facebook.com/gayan.prasanna.967","පුලුවන් තරම් ඉක්මනට බල්ලො බැඳල දාන්න ඕනෙ, අනාගත විශබීජක් විය හැකියි"
"Andrew Garfield","https://www.facebook.com/andrewgarfield2026","Thakkadi West.....putha"
"Wanathe Siyathurala","https://www.facebook.com/people/Wanathe-Siyathurala/pfbid02TjYHx5kEHjtrPH6veDwvPXT78zfTkbYJK14LPRr6U7qhvh6HipcPHqQTQHtoFaDQl","මූටත් අනික් කහකඩයන්ට වගෙ කැරි වාතෙ ඔලුවට ගහල වගේ  ඉස කුඩිචිචියක් දාන්න වෙයි වගෙ....."
"Thilakarthna Jayakodige","https://www.facebook.com/people/Thilakarthna-Jayakodige/pfbid0sLi3e9kth851Bo2fmmDscruc1UxCE1LDzw4Wpo8FNVTyf27tkC8CFHtLBwL3z7oCl","කුඩු ගේන  උන් ද ධාර්මික?අනේ පලයං යකෝ යන්න.අපිට අනුර හොදයි ඒකයි පත්කරගත්තෙ"
"Darshana Darshana Chathuranga","https://www.facebook.com/darshana.darshana.chathuranga.2025","Nigantaya 🤑 🐖"
"Vijith Guruge","https://www.facebook.com/vijith.guruge","[Image Attachment]"
"වී ගොවියා","https://www.facebook.com/gys9lat83p","V8 සිහිනය බොඳ වෙලා ගියපු තවත් වනචාරියෙක්."
"Sugath Kd Kd","https://www.facebook.com/sugathkd.kd","Thiththagalla naminma tharanawa adarmikabawa"
"Indra Witharana","https://www.facebook.com/people/Indra-Witharana/pfbid0gxk1d3f9X3WBU17QZz3SdXpfW6QrxfXLczCZBJoNKpGGQqnEoXEcDcUZmkTrE45Ql","[Image Attachment]"
"Indra Witharana","https://www.facebook.com/people/Indra-Witharana/pfbid0gxk1d3f9X3WBU17QZz3SdXpfW6QrxfXLczCZBJoNKpGGQqnEoXEcDcUZmkTrE45Ql","[Image Attachment]"
"Indra Witharana","https://www.facebook.com/people/Indra-Witharana/pfbid0gxk1d3f9X3WBU17QZz3SdXpfW6QrxfXLczCZBJoNKpGGQqnEoXEcDcUZmkTrE45Ql","[Image Attachment]"
"Indra Witharana","https://www.facebook.com/people/Indra-Witharana/pfbid0gxk1d3f9X3WBU17QZz3SdXpfW6QrxfXLczCZBJoNKpGGQqnEoXEcDcUZmkTrE45Ql","[Image Attachment]"
"Uthara Uthum","https://www.facebook.com/people/Uthara-Uthum/pfbid02UF2XJoXNxCdJxnkKafv2YJQHYAvUSRqkBWZ9L7TfpdzM4HxhbNR2CkWfY8rLCqL9l","Thearuwan saranai hamuduruwanea"
"Sangeth Wishwa","https://www.facebook.com/sangeth.wishwa","ධාර්මික  අධාර්මික තේරුමවත් දන්නවද කහකඩ මහත්තයෝ ....ඔයා විපක්ශයේ  රූකඩයක්.....ඒක මුලු රටම දන්නවා"
"Kanthi Kanthi","https://www.facebook.com/people/Kanthi-Kanthi/pfbid07QwpC7Ycksgg7F87nA3HeyV36Wf23u5wfiVWE8G2PVveHKvNPoNXmNizpZqf3e3el","[Image Attachment]"
"Kanthi Kanthi","https://www.facebook.com/people/Kanthi-Kanthi/pfbid07QwpC7Ycksgg7F87nA3HeyV36Wf23u5wfiVWE8G2PVveHKvNPoNXmNizpZqf3e3el","[Image Attachment]"
"Nissanka Kamalsiri","https://www.facebook.com/people/Nissanka-Kamalsiri/pfbid0a8kFaAzMFQh3NFrUhYxRD99yTQYeCXvZPnHV544XKHLRALiggEuQNAj8NCrBPxTwl","මේමුන් හිතන්  ඉන්නෙ  සිවුර දාගෙන නිති විරෝදී  දේවල්  කරපුවම සිවුරට මුවාවෙල  ඒ ඔක්කොගෙන්ම නිදහස්  වෙන්න"
"Kumara Milinda","https://www.facebook.com/people/Kumara-Milinda/pfbid0BGpvNpPhkjbHDhQgPkNC6azYzcDxztrK4vT42ayRWFbCFA1SN7FoTFhxnR1raFnvl","Hare darmesthayo"
"Prasanna Madawala","https://www.facebook.com/prasanna.madawala.56","[Image Attachment]"
"Chami Rathnawedhaarachchi","https://www.facebook.com/profile.php?id=1721155369","ඔව් අනුර අධර්මිකයි උඹ ධර්මිකයි අනෙක් පලයන් යන්න"
"Nimmi Samarakoon","https://www.facebook.com/nimmi.samarakon","සක්කිලියා"
"Ivor Maxwell de Silva","","😭😭😭😭 සාටක රූකඩ.... 😂🤣"
"Nayal Nayal","https://www.facebook.com/people/Nayal-Nayal/pfbid0FwtNVqeKy8zLHg3Ln19Br6XwyGJNMu5s2C5qLqkeYRouv9EfQrMpMipycxZAsvz3l","පලයන්. කැරි ගනයා"
"Vasanthalal Vasanthalal","https://www.facebook.com/vasantha.ranasinghe.372930","හා.....🥸🥸🥸🥸🥸🥸🥸"
"Samantha Jayaseana","https://www.facebook.com/samantha.jayaseana","[Image Attachment]"
"Shanuja Perera","https://www.facebook.com/shanuja.perera.2025","Balapiya tho ta minissu Dala thiyena comment..munta danayak denna apa aka pawak..pare enna ballanta dipalla aka pinak.."
"Danushka Dissanayaka","https://www.facebook.com/profile.php?id=100010542397160","ඇත්තටම දැන්නම් ඹයෑයි තිත්තයි හොදෙ,අපරාදෙ සිවිරක් දාගත්තෙ"
"Manjula Manjula","https://www.facebook.com/people/Manjula-Manjula/pfbid0nCZiasLAExfqiazJoTGPeVgX36rXutfeFcpUB2VgP95DqzhP4fV28NfXpJuiX81Sl","රාජපක්ෂලාගෙ නිකායෙ..."
"Nadun Tharaka","https://www.facebook.com/nadun.tharaka.763323","Wanachariyaa"
"Surangi Kannangara","","🤮🤮🤮🤮🤮🤮"
"ටිශාන් රො","https://www.facebook.com/people/%E0%B6%A7%E0%B7%92%E0%B7%81%E0%B7%8F%E0%B6%B1%E0%B7%8A-%E0%B6%BB%E0%B7%9C/pfbid0YhRGVY8JuMJbevti2XbbsJKZmPj9E5AtqHw723g1uwAfvnJidbEKtjwe8mdn5jcxl","මේ ගනයින්ට බන කියන්න හාමුදුරුවෝ කෙනෙක්  නැති  බවුද්ද රටක් 😃"
"දමිත් විදර්ශණ ආණා","https://www.facebook.com/damith.kaldera.5","මොනවම හරි කියන්ඩ ආවෙ.ඕනි නෑ.මිනිස්සු දැන් දැනුම්වත් 💪😍"
"Rbmahesh Sandaruwan","https://www.facebook.com/rbmahesh.sandaruwan","[Image Attachment]"
"Rbmahesh Sandaruwan","https://www.facebook.com/rbmahesh.sandaruwan","[Image Attachment]"
"Rbmahesh Sandaruwan","https://www.facebook.com/rbmahesh.sandaruwan","[Image Attachment]"
"Rbmahesh Sandaruwan","https://www.facebook.com/rbmahesh.sandaruwan","[Image Attachment]"
"Rbmahesh Sandaruwan","https://www.facebook.com/rbmahesh.sandaruwan","[Image Attachment]"
"Rbmahesh Sandaruwan","https://www.facebook.com/rbmahesh.sandaruwan","[Image Attachment]"
"Rbmahesh Sandaruwan","https://www.facebook.com/rbmahesh.sandaruwan","[Image Attachment]"
"Rbmahesh Sandaruwan","https://www.facebook.com/rbmahesh.sandaruwan","[Image Attachment]"
"Rbmahesh Sandaruwan","https://www.facebook.com/rbmahesh.sandaruwan","[Image Attachment]"
"Rbmahesh Sandaruwan","https://www.facebook.com/rbmahesh.sandaruwan","[Image Attachment]"
"Rbmahesh Sandaruwan","https://www.facebook.com/rbmahesh.sandaruwan","[Image Attachment]"
"Rbmahesh Sandaruwan","https://www.facebook.com/rbmahesh.sandaruwan","[Image Attachment]"
"Rbmahesh Sandaruwan","https://www.facebook.com/rbmahesh.sandaruwan","[Image Attachment]"
"Rbmahesh Sandaruwan","https://www.facebook.com/rbmahesh.sandaruwan","[Image Attachment]"
"Rbmahesh Sandaruwan","https://www.facebook.com/rbmahesh.sandaruwan","[Image Attachment]"
"Rbmahesh Sandaruwan","https://www.facebook.com/rbmahesh.sandaruwan","[Image Attachment]"
"Rbmahesh Sandaruwan","https://www.facebook.com/rbmahesh.sandaruwan","[Image Attachment]"
"Rbmahesh Sandaruwan","https://www.facebook.com/rbmahesh.sandaruwan","[Image Attachment]"
"Rbmahesh Sandaruwan","https://www.facebook.com/rbmahesh.sandaruwan","[Image Attachment]"
"Rbmahesh Sandaruwan","https://www.facebook.com/rbmahesh.sandaruwan","[Image Attachment]"
"Rbmahesh Sandaruwan","https://www.facebook.com/rbmahesh.sandaruwan","[Image Attachment]"
"Rbmahesh Sandaruwan","https://www.facebook.com/rbmahesh.sandaruwan","[Image Attachment]"
"Sumana Devendra","https://www.facebook.com/sumana.devendra","දේශපාලන පිල්ලි"
"Samantha Samantha Sa","https://www.facebook.com/samantha.samantha.sa.2025","[Image Attachment]"
"Samantha Samantha Sa","https://www.facebook.com/samantha.samantha.sa.2025","[Image Attachment]"
"Keerthi Wijesinhe","https://www.facebook.com/keerthi.wijesinhe","[Image Attachment]"
"Eshan Hrsan","https://www.facebook.com/people/Eshan-Hrsan/pfbid0GLGrY9j2SiB9R3YtcQAGecSw4GPzMcgpVe6sLZrGTXagbmGVHtJBMQurYg279Gnxl","Wah lunta pana wdha"
"Ggjs Kumara","https://www.facebook.com/ggjs.kumara","Saharan face කට් මයි තියෙන්නේ 🙄 😁"
"Janaka Janaka","https://www.facebook.com/people/Janaka-Janaka/pfbid02SXeSPcMZyNsRE9qb6YiGRZHtE8ttM2hULPoYaRhXZFQVCQ4VzJY1WSpvyjdJPLFSl","කහකඩයො"
"Nissanka Chandra Kumara","https://www.facebook.com/nissanka.chandra.kumara.2025","😁😁"
"Shanith D Wijethunga","https://www.facebook.com/shanith.d.wijethunga","හොරු වෙනුවෙන් පෙනී ඉන්න මුන්ද ධාර්මික  🤣🤣🤣🤣 ඇත්තටම මුන්ට වඩා ඇඟ විකුනන් කන ගෑනු මීට වඩා හොඳයි"
"Nishantha Karunasinhe","https://www.facebook.com/nishantha.karunasinhe.58","සිවුරට මුවවී මුන් කරන වැඩ අපි නොදන්නවාද"
"Pathinagoda Gamage Sanath Nandasiri","https://www.facebook.com/people/Pathinagoda-Gamage-Sanath-Nandasiri/61581200575768","මේ උන්නාන්සෙ තමයි ධාර්මික ලාභ ප්‍රයෝජන උදෙසා සිවුර කෙලසන"
"Mercy Perera","https://www.facebook.com/mercy.perera.7","[Image Attachment]"
"Mercy Perera","https://www.facebook.com/mercy.perera.7","පලගනයා පල්හොරා"
"Indrajith Asanka","","පල හුත්තිගෙ පුතා යන්න. අධාර්මික තොපි"
"Kamal Kahandhugoda","https://www.facebook.com/kamal.kahandhugoda.5","[Image Attachment]"
"Wasantha Priyajanaka","https://www.facebook.com/wasantha.priyajanaka.56","🖕"
"Dhananjaya Senanayake","https://www.facebook.com/kusumpriya.senanayaka","Mmmm nice try😁"
"Pradeep Roshan","https://www.facebook.com/pradeep.roshan.535886","[Image Attachment]"
"Pradeep Mudalige","https://www.facebook.com/pradeep.kumara.58726","මහන වෙයන්👈🥱"
"T M Thennakoon Kumara","https://www.facebook.com/t.m.thennakoon.kumara","Akd king"
"T M Thennakoon Kumara","https://www.facebook.com/t.m.thennakoon.kumara","ඇයි තොපිට පිස්සු කෙලින්න නොදෙන නිසාද ගනයෝ"
"Geeth Sri Madawala","https://www.facebook.com/geeth.prince.9","කැම්රි 🐕"
"රොෂාන් අනුරුද්ධ විජේපාල","","මෙන්න මුටත් සිවුරු ගලෝලා ගහලා පැන්නුවා නම් ඉවරයි"
"Nadeesha Aluthgedara","https://www.facebook.com/nadeesha.priyadharshana","තමුන්ගෙ සිල්වත්කම මහන කම ගැන හොයල බලල මහන උන අටමුනට වැඩ කලානම්  මැනවි, අපි ගිහියොනෙ අපි හොයාගන්නම් අනුරගෙ ධාර්මික ‍අධාර්මික කම"
"Sandun Samaradivakara","https://www.facebook.com/sandun.samaradivakara.2025","Pissa"
"Sugath Osangeeth","https://www.facebook.com/people/Sugath-Osangeeth/61591490192882","Go home"
"Ranjith Saman","https://www.facebook.com/ranjith.saman.12","මුටත් කියන්න තියෙන්නේ වැඩක් බලාගෙන හිටපන් කියලා ..රාජපක්ෂලාගේ  අසුචි කන බල්ලෝ"
"Kaushaka Damith Bandara","https://www.facebook.com/kaushaka.damith.Bandara","ඊළඟ සමාජ පිළිකාව 🤣  මේ සිවුරු රදවනය ගැන තේරුම් ගන්න බෘනෝ එක්ක කල සාකච්ඡාව බැලුවා නම් හොදට ම ඇති 🤭"
"Srimal Jayarathna","https://www.facebook.com/srimal.jayarathna.14","පූජනීය ,වන්දනීය සිවුරෙන් මුවා වෙලා වර්ගවාදය ,ගෝත්‍රවාදය, ආගම්වාදය ,ජාතිවාදය වපුරන්න එපා , පව් ගෙවන්න අමාරුයි"
"Somapala Gallage","https://www.facebook.com/somapala.gallage.50","මේ කහකොඩයට වැඩිය සියගණනක් රටට හොද යි අනුර සහෝදරය"
"Lalith Prasanna","https://www.facebook.com/lalith.prasanna.370","[Image Attachment]"
"Samitha Suranga Wickramasuriya","https://www.facebook.com/wickramasuriya.saamithasuranga","මේ වගේම එකෙක් ඉන්නවා ආර්නෝල්ඩ් ගේ ප්‍රෙඩේටර් ෆිල්ම් එකේ😜🤣"
"Gamini Ranasinghe","https://www.facebook.com/gamini.ranasinghe.5815","[Image Attachment]"
"Gamini Ranasinghe","https://www.facebook.com/gamini.ranasinghe.5815","[Image Attachment]"
"Aroos Shakaff","https://www.facebook.com/people/Aroos-Shakaff/pfbid0JtFgEmPePJ53cvJSnHMWeuD1yobwAJGr3WRd4AfoK6sD8YKuk27HQYdXY6Epmjhwl","Ghanasara part 2"
"Podi Upali Ono Dasanayaka","https://www.facebook.com/people/Podi-Upali-Ono-Dasanayaka/pfbid0ifaT4ThBhHNbUSsTFNshJfNjwFTAJsynd7PRhuWVExfkUHWywM4V6RtuzuHhSXUzl","උඹලට ඕන විදිහට උඹලගේ වැඩේ වෙන්නේ නැති උනහම අධාර්මික තමයි .... කොහොමත් වැඩේ වෙන්නෙත් නෑ."
"සිරිසේන නාමල්ගම","https://www.facebook.com/44e0omyj6w","Yako anura imbavage anunravatala  hanna karana kenek nevei thopi ratama ravatala surasepa vindina hora ganayo set ekane anura umbalage baluveda karanne"
"Lanka Hmc","https://www.facebook.com/lanka.chaminda.94","මුන්ට නඩු දාන්න ඕනේ බුදුන්ගේ සද්ධර්ම ව්කුනා සැප ගන්න උන්"
"Shiranthi Withanage","https://www.facebook.com/shiranthi.withanage.330009","Lanka Hmc kalakanni gahala pannanna oniii ewn"
"Jagath Gunathilaka","https://www.facebook.com/people/Jagath-Gunathilaka/pfbid0z7Y7b9YE3DUbwNqHHyxheywzavAVfQu3aeEG4aoH7GZSzV7QZzxdcjNMaQHeGjeDl","[Sticker]"
"Sameera Sadaruwan Koongoda","https://www.facebook.com/sameera.sadaruwan.koongoda","Ammada kiive"
"M Sri Lanka","https://www.facebook.com/m.srilanka.10","අනුර කුමාර දිසානායක ජනාධිපති තුමා  කියන්නෙ ධර්මිෂ්ඨ  නායකයෙක් තිත්තගල්ලෙ වගෙ නිගන්ටයෙක්  නොවෙයි උබල චීවරය පොරවගෙන කරන්නෙ හොරුන්ට කඩේ යන එක මීට එර ඥානසාර ජනාදිපති තුමාට බැන්නෙ  කල්ලය වෙනස්ව ඉපදිලා  ලපයා කොටා කියල දැන් සමාව ඉල්ලනව  මේක නීතියෙන් ගන්න ඕනෑ පිහිටක් නීතිය කොයිකාටත්  පොදුයි"
"Krishan Bandara","https://www.facebook.com/profile.php?id=100002438328289","හා😂"
"Udaya Kithsiri","https://www.facebook.com/people/Udaya-Kithsiri/pfbid0LvRHsHetityPAet9FRARPUzo1ED2YttqYhKMVmKytEybPtGTsUu3r1KPqJXziH1hl","අනුරට ජයවේවා තොපිට වඩා අනුර ධාර්මිකයි"
"Sandika Ukwatte","https://www.facebook.com/luckran","වරෙන්කෝ වල් ඝණයා සමාව ඉල්ලගෙන එක එක වල් බල්ලන්ට 🤣🤣🤣🤣"
"Lesly Asanka","https://www.facebook.com/asanka.lesli","නිකායෙනුත් එලවපු වල් පරයා"
"Chamara Cooray","https://www.facebook.com/chamara.cooray.1","එකටද දන්නේ නැ හොරෙකුට කඩේ ගියේ 😁😁😁"
"Srilankan Taxi","https://www.facebook.com/people/Srilankan-Taxi/61578652984289","Pala h##a galle"
"Vipula Amarasinghe","https://www.facebook.com/people/Vipula-Amarasinghe/pfbid01C1L2J9UVojgDBFfcd4FsLEeJ3gWgoY4Y8UbvPdJ1BaTaLgqJGxwWcctM2thNkMjl","[Image Attachment]"
"Surendra Lenin Munasinghe","https://www.facebook.com/surendra.munasinghe","නීතිය සැමට එකයි.... ❤❤"
"Lional Wijesiri","https://www.facebook.com/lional.wijesiri","Kalin.hitapu.kandayama.wrnna.ati.meyala.hoyanne."
"Upul Hevanayake","https://www.facebook.com/people/Upul-Hevanayake/pfbid02GCX4tYEs6gaPYHhnTJqVPuxy5jSaJKoXHoudaTt2daaPi4AgNFfdAXP2QZB5c5fgl","මෙ වෙසිග පුතා ටත් මොකක්හරි කරන්න ඹ්නෙ..."
"Lakshan Lakshan Pm","https://www.facebook.com/rusiru.lakshan.1848","AKD ❤️💎"
"Prasanna Rajapaksa","https://www.facebook.com/prasanna.rajapaksa","මේ මොන ප$%%කයෙක්ද"
"Elina Anupama Herath","","සිවුරු දාන් ඉන්න තක්කඩින්ට වඩා නම් දාහෙන් සම්පතයි"
"Harshana Disanayak","https://www.facebook.com/people/Harshana-Disanayak/61552542830562","චීවරය පැලදුව පමනින් සග රුවනක් නොවන බව පෙන්නු අවස්තාවක්"
"Priyantha Nanayakkarawasam","https://www.facebook.com/priyantha.nanayakkarawasam.1","Thakkadi"
"Ajantha Shelton","https://www.facebook.com/ajantha.shelton.1","So missing   😃 😊 🙂 😀 😀"
"Rohan Abanwalla","https://www.facebook.com/rohan.abanwalla.2025","Para. Sakkili. Vasa. Ganaya."
"Anura Dinesh Kumara","https://www.facebook.com/anura.dineshkumara","Ha"
"Karunarathna Karunarathna","https://www.facebook.com/karunarathna.karunarathna.9022662","සාසනේ  විනාස කරන්නේ නැතුව සිවුර ගලෝල පලයන්"
"Nalaka Sriyantha","https://www.facebook.com/nalaka.sriyantha","එහෙනම් ධාර්මික කෙනෙක්ට සමාව ඉල්ලන එක තෙරුමක් නැති වැඩක් නේද?"
"Rupa Ponnamperuma","","[Sticker]"
"Karunarathna Karunarathna","https://www.facebook.com/karunarathna.karunarathna.9022662","තොපි ද  එතකොට  දාර්මික  බල්ලෝ,  රෑට  අරක්කු බිබී    පින්බත් ගිලින තොපිද  ධාර්මික   කැරි ඝණයෝ"
"Anura Athapaththu","","Ghansara 2"
"Manoj Ratnayake","https://www.facebook.com/profile.php?id=1034490754","සිවුරු හොරා"
"නන්දදාස සමරවීර","https://www.facebook.com/people/%E0%B6%B1%E0%B6%B1%E0%B7%8A%E0%B6%AF%E0%B6%AF%E0%B7%8F%E0%B7%83-%E0%B7%83%E0%B6%B8%E0%B6%BB%E0%B7%80%E0%B7%93%E0%B6%BB/pfbid02TFFjobGbqqKpAmWsA3kDdbcB6B7xqFUNEf9JweHGRcYLCoLYAWhRz688vwfEWgb9l","මේකා මේ මැදමුලන කාසාවකන්ඨකයෙක් නෙ.🥸"
"Sk Ginigaddara","https://www.facebook.com/people/Sk-Ginigaddara/pfbid0Vu8feNbDME1V8PYbD1ojCrtHQHZCDWN4tc9cU37Kw3MXrZ8LLvCZmBYc4GwVYVm6l","නිකන් කුණු හරුප නාහා හිටපන් පකෝ"
"Anura Saman","https://www.facebook.com/people/Anura-Saman/100080216242179","හොරුන්ට කඩේ යන උන්ට ජනපති අරහං😁😁"
"Srimal Anura Silva","https://www.facebook.com/srimal.srimal.7","[Image Attachment]"
"Srimal Anura Silva","https://www.facebook.com/srimal.srimal.7","[Image Attachment]"
"Nalinda Saranga Rathnayake","","[Image Attachment]"
"Saman Pathirana","https://www.facebook.com/people/Saman-Pathirana/pfbid034FMvkz39Jh4sMU75V8devw9WrVZPxgLrwXMsH7gUxm7n91zuTE3Ad5ZZ2C3mviXbl","[Image Attachment]"
"Sineth Bandara","https://www.facebook.com/sineth.kolitha","උබ Cri ගනයෙක්"
"Upali Panamaldeniya","","[Sticker]"
"Rangajeewa Nishantha","https://www.facebook.com/rangajeewa.nishantha.2025","[Image Attachment]"
"Dilan Raymond","","කමක් නැහැ සාදු අපිට අනුර හොදයි.....🤔🤔🤔🤔"
"Roshel Perera","https://www.facebook.com/people/Roshel-Perera/pfbid0XXAQEsRAg1sZvucRGbjCNAyNjYdRDPAPt59anLYheiCRFBrnbwvZjad1sS6Bw1cwl","සිවුරු රඳවනයක් බන ටෝකින්ද ?"
"Heshan Perera","https://www.facebook.com/heshan.perera","ජනාධිපති සමාව දෙන්නම වටින පූජ්‍ය ගලගොඩඅත්තේ ඥානසාර හිමි"
"Heshan Perera","https://www.facebook.com/heshan.perera","[Image Attachment]"
"Parakrama Bokalawela","https://www.facebook.com/profile.php?id=578228676","[Image Attachment]"
"Parakrama Bokalawela","https://www.facebook.com/profile.php?id=578228676","😂😂😂"
"Milan Jayawardena - Lazar","https://www.facebook.com/milan.jayawardena","[Image Attachment]"
"Rohan Jayalath","https://www.facebook.com/rohan.jayalath.604326","හොරූන්ට සහ තක්කඩියන් ට"
"Rb View","https://www.facebook.com/rifaibhai","🖕"
"Akash Nilupul","https://www.facebook.com/people/Akash-Nilupul/pfbid08mo81g6zszR57Uur1Lmn9WxJg3iKgie9qqR8zXrkKEKNnGgWDpowNAfUQ1JBnUb3l","[Image Attachment]"
"Akash Nilupul","https://www.facebook.com/people/Akash-Nilupul/pfbid08mo81g6zszR57Uur1Lmn9WxJg3iKgie9qqR8zXrkKEKNnGgWDpowNAfUQ1JBnUb3l","[Image Attachment]"
"Akash Nilupul","https://www.facebook.com/people/Akash-Nilupul/pfbid08mo81g6zszR57Uur1Lmn9WxJg3iKgie9qqR8zXrkKEKNnGgWDpowNAfUQ1JBnUb3l","[Image Attachment]"
"Akash Nilupul","https://www.facebook.com/people/Akash-Nilupul/pfbid08mo81g6zszR57Uur1Lmn9WxJg3iKgie9qqR8zXrkKEKNnGgWDpowNAfUQ1JBnUb3l","[Image Attachment]"
"දසුන් ලක්මාල්","https://www.facebook.com/lakmal.dasun.14","Ubala kiyana dewal dn balle wath ganan ganan ganne na ban"
"Laksiri Kumara","https://www.facebook.com/people/Laksiri-Kumara/pfbid02bhHFtCQTH5iBiT4eK3k6aaP8qx8oiN3x36HkrAg9FzPqw4G6usNoujqcHvSNCNr8l","Aei.ubeammsta.hikuwada"
"Nissan Sri Lanka","https://www.facebook.com/nissansri.lanka.52","Danwat tarunanam ati harakta"
