User Name,Profile Link,Comment
"Gamage Sudath","https://www.facebook.com/gamage.sudath.2025","මු වගේ හාල් කැල්ලක් එක්ක වාද කරන්න ජනාදිපති තුමාට පිස්සු නෑ. මොකෙද්ද මු."
"Chandika Rupasena","https://www.facebook.com/chandika.rupasena","Gamage Sudath කොටා මොකෙක්ද බන් කල්ලතෝනියෙක්"
"Kevin Hem","https://www.facebook.com/kevin.hem.2025","Gamage Sudath absolutely bro"
"Thiwanka De Silva","https://www.facebook.com/people/Thiwanka-De-Silva/pfbid02P9WC19a8wZP4gg22ea7H9B6QwNmiEKnd3ecySjV7o8D9oTcqGtDJ6qoZMSUWbPmCl","Gamage Sudath නියම හාල් කෑල්ල තමයි අනුර කුමාර 🖕"
"Jeevan Herath","https://www.facebook.com/jeevan.herath.5","Gamage Sudath Army absent එකෙක් අනුන්ගේ කීම අහලා කුලියට සිවුරක් දාගෙන ඉන්නේ."
"Gamage Sudath","https://www.facebook.com/gamage.sudath.2025","Chandika Rupasena ඔව් අර DV චානක කියන පච කොටා ගැන නේද ඔය කියන්නේ"
"Ruwan Silva","https://www.facebook.com/ruwan.silva.725493","Gamage Sudath agree"
"Ruwan Weerasooriya","https://www.facebook.com/ruwan.weerasooriya.1","ජනාධිපති කෙනෙක්ට ප්‍රළුවන්ද බං කෝටි ගානක් මිනිස්සු ඉද්දි.. එක එකා එක්ක වාද කර කර ඉන්න.... ගොනා..."
"Venasa","https://www.facebook.com/people/Venasa/61579886381666","Ruwan Weerasooriya 👌"
"Wiyan Fernando","https://www.facebook.com/wiyan.fernando.1","Venasa සිඋර දාගත්ත මහින්ද නිකායෙ. අවලෙමෙක් මු"
"Nishantha Salwathura","https://www.facebook.com/aruna.nishantha.7399","Ruwan Weerasooriya"
"Priyantha Perera","https://www.facebook.com/priyantha.perera.507027","Ruwan Weerasooriya 😂"
"Lakshini Perera","https://www.facebook.com/lakshini.perera.184","Ruwan Weerasooriya ඇරැත් පිස්සොත් එක්ක😂"
"Gimhan Fernandiz","https://www.facebook.com/dil.dil.56863221","Ruwan Weerasooriya sira😁"
"Ravindra Dayawansha","https://www.facebook.com/ravindra.dayawansha","Ruwan Weerasooriya අනික මූ මොකෙක්ද වාද කරන්න යන්න. හාමුදුරුවෝ කෙනෙක් නම් තව කමක් නෑ."
"Lalith Vasantha Kaluthanthri","https://www.facebook.com/lalithvasantha.vasantha","Ruwan Weerasooriya uata..puluvan Maha Jana.salli.mankolla.kanna.vitharada"
"Jayantha Hettearachchi","https://www.facebook.com/people/Jayantha-Hettearachchi/pfbid02rpg4Txfc7uPADg5PKaYXiQzUkwDej5tHGFp39WAaMYJJwADn8wkCR4c1RdZKeoDTl","Ruwan Weerasooriya ethakota.rata.wate.boru.kiya.kiya.yanna.welawa.thiyenne Dobiyo"
"Gamini Perera","https://www.facebook.com/gamini.perera.77964","Ravindra Dayawansha ARAYATH HEERALUWEKLU NEDA"
"Dh Subasinghe","","මෙන්න අසූච්වලට වැටුන ඌරෙක් සිංහයෙකුට කරන ඇරයුම ,හරි අපූරුයි නේද ?."
"Ruwan Silva","https://www.facebook.com/ruwan.silva.725493","Dh Subasinghe agree.saduge amma baduwak..thaththa pansale loku sadu neda"
"Lalith Vasantha Kaluthanthri","https://www.facebook.com/lalithvasantha.vasantha","Dh Subasinghe nariyek.sinhayek.venna.gihilla.aurudu.dekata.ratama.keva"
"Janaka Ranaweera","https://www.facebook.com/people/Janaka-Ranaweera/pfbid02fWkwLjjCL5xuijYp7SycMptnZyvnTGSgxKi7fgDECJxximrEQZav6eD917Dv81eyl","Dh Subasinghe vaachalaya urek මිසක් sinahayek nevai කොටින්ට baya napunsakayek"
"Kdn Jayasooriya","https://www.facebook.com/kdn.jayasooriya","ජනාධිපති තුමා ගිහියෙක් නෙ. මේ පැවිදි අය කෝටියක් සංවර ශීලය ආර්ක්ෂා කරනව කියලනෙ කියන්නෙ. පේන්නෙ නම් ධර්මය අහවර කරන්න හදනව  වගේ.  අනේ මන්දා....."
"Pushy Nathan","https://www.facebook.com/people/Pushy-Nathan/61564567628581","Kdn Jayasooriya ????????? Danna sinhalen liyapan huththo ingirisiyen hariyata liyanna barinam !"
"Rusi Gamage","https://www.facebook.com/rusi.gamage","Pushy Nathan  supiri baudda wachana tika"
"Kumarapala Ekanayake","https://www.facebook.com/kumarapala.ekanayake","තිත්ත ගල්ලෙත් දැන් තිත්තයි"
"Aruna Jayampathi","https://www.facebook.com/aruna.jayampathi.927","හාන්දුවනේ ඔයා ඉස්සෙල්ලා මහණවෙන්න ධර්මාණුකූලව ජිවත්වෙන්න ධර්මාවබෝධය ලබාගෙන අඩුම තරමේ සෝවාන් ඵලය වත් ලබාගන්න එතකොට තෙරුම් ගන්න පුලුවන් වෙයි ජනාධිපති හා හාමුදුරුවන් ගේ වෙනස රටක් පාලනය කිරීමේ හා ජනතාව ධර්මාණුකූලව ජීවත් වෙන්න හුරුකිරීම වගකීම් දෙකක් වග.."
"Vajira Modara Nakathige","https://www.facebook.com/vajira.modaranakathige","සිවුර දරා සිටින ඔබ ධාර්මිෂ්ට වන්න,සිත කය වචනය සන්වර කරගන්න.ඔබෙ හැසිරීම මීනිසුන්ට අප්රසන්න වෙල නේද,සතිය නැති කමෙන් දිනෙන් දින ඔබ පිරිහි යනවා."
"Chandika Rupasena","https://www.facebook.com/chandika.rupasena","Vajira Modara Nakathige උඹ  හරි එකෙක්නේ"
"Janaka Ranaweera","https://www.facebook.com/people/Janaka-Ranaweera/pfbid02fWkwLjjCL5xuijYp7SycMptnZyvnTGSgxKi7fgDECJxximrEQZav6eD917Dv81eyl","Vajira Modara Nakathige වැව vate rass paddata දළදා මාළිගාවට බෝම්බ gahuve naa"
"Prasana Prasanna","https://www.facebook.com/masal.prasana","[Image Attachment]"
"Venasa","https://www.facebook.com/people/Venasa/61579886381666","Prasana Prasanna 👌"
"Ishan Chathu","https://www.facebook.com/ishan.chathu.54","Prasana Prasanna අනුරත් සිව්ර දාලනෙ බේරුනෙ ආම් එකට 😂"
"Gamini Pemathilaka","https://www.facebook.com/gamini.pemathilaka.2025","හොද වැඩේ සිවුරක් ඇදගෙන රාජපක්ෂ හොරුන්ට කඩේ යන සක්කිලි බල්ලට ඔහොම තමයි කියන්න ඕනා ජනාධිපති තුමා මුන්ට නිදහස දීලා වැඩියි එකයි මු රගන්නේ"
"Chandika Rupasena","https://www.facebook.com/chandika.rupasena","Gamini Pemathilaka පොන්නයා සංඝයාට කතා කරපන් හරියට"
"Rajarathna Jayawardena Arachchilage","https://www.facebook.com/rajarathna.jayawardenaarachchilage","තිත්තයට වාරයක් නෑ..ආයෙ ලොවෙත් දැන් ගලබොඩයා කොහෙද කියලා මතකත් නෑ..අත්සන්ගත්ත පෙත්සනුත් නෑ,පෙත්සන් බාරදෙන්න කෙනෙකුත් නෑ,මූනු පොතේ උන්ගේ දැලේ පැටලිලා ගැලවෙන්න විධියකුත් නෑ ඕං.."
"Chandana Bandara","https://www.facebook.com/people/Chandana-Bandara/pfbid0nzeihABxBE63E52kng7NGvdFyoJcvxVqf91RqVf9416aDKzg2FyjUmS6zVkeEt1Gl","වැව රවුමේ car race 1970 දශකයෙත්,තිබ්බා බන්"
"Sajith Madusanka","https://www.facebook.com/sajith.madusanka.318402","Chandana Bandara pala pako yanna tho gon musa uththek"
"Chandana Bandara","https://www.facebook.com/people/Chandana-Bandara/pfbid0nzeihABxBE63E52kng7NGvdFyoJcvxVqf91RqVf9416aDKzg2FyjUmS6zVkeEt1Gl","Sajith Madusanka මොකක් ගැනද මේ කිව්වෙ"
"Anusara Mahingoda","https://www.facebook.com/profile.php?id=100010778940079","Chandana Bandara  ඔව්, මුං තාමත් කාර් රේස් පස්සේ දුවනවා. කාර් රේස් පැද්දේ අද ඊයෙක නෙවේ😆"
"Isuru Priyanjana Kumara","https://www.facebook.com/isuru.priyanjana.kumara","Chandana Bandara උත්තර නැතුව සුජිත් කියලා එකෙක් කුනුහරප කියලා😁"
"Chandana Bandara","https://www.facebook.com/people/Chandana-Bandara/pfbid0nzeihABxBE63E52kng7NGvdFyoJcvxVqf91RqVf9416aDKzg2FyjUmS6zVkeEt1Gl","Anusara Mahingoda මුන් කරත්ත පදින කාලේ"
"Thilanka Prasad","https://www.facebook.com/thilanka.prasad.3","Chandana Bandara ෆේක් එකවුන්ට් වලින් එන්නේ ඇයි .බයද"
"Ushan Sandaruwan","https://www.facebook.com/ushan.sadaruwan.73","Anusara Mahingoda බයියෝ චූන් වෙන්නේ බේ බිලා රේස් පැද්දමද 😂"
"Chandana Bandara","https://www.facebook.com/people/Chandana-Bandara/pfbid0nzeihABxBE63E52kng7NGvdFyoJcvxVqf91RqVf9416aDKzg2FyjUmS6zVkeEt1Gl","Thilanka Prasad fake නෙවෙයි,මේකේ වැද්දොත් එක්ක ඉන්න ලැජ්ජා නිසායි,,,අනෙක fake හරි මොකෙන් හරි ලියන්නේ මනුස්සයෙක්නම්,ඒක තව අදහසක් නම් අවුලක් නෑනේ,අනෙක නොදන්න,ලොන්තයන්ට දැන ගන්නයි කීවේ, නුවර නාමැලයා රේස් කරන්න කලින්,වැව වටේ රේස් තිබුනා 70 දශකයෙත් කියලා කිව්වාම නොදන්න අය දැනගන්නයි තියෙන්නේ,දැන් ඒකට බනින්න හේතුව මොකද්ද,, දේශපාලනෙන් කුනු උන අසමජ්ජති ගවයොන්ට ඒක වැරදි විදිහට පේන්නේ,උන්ගේ තියෙන කුහක කමයි නොදන්නකමයි,එකතුකරන් ලෝකෙ දිහා බලන නිසයි,"
"Chandana Bandara","https://www.facebook.com/people/Chandana-Bandara/pfbid0nzeihABxBE63E52kng7NGvdFyoJcvxVqf91RqVf9416aDKzg2FyjUmS6zVkeEt1Gl","Isuru Priyanjana Kumara ඌට මන් කියල තියෙන එක තේරුම් ගන්න තරම් මොලයක් නෑ,.අනෙක  ඒ උන්ගේ සදාචාරය නොමැතිකම."
"Chandana Bandara","https://www.facebook.com/people/Chandana-Bandara/pfbid0nzeihABxBE63E52kng7NGvdFyoJcvxVqf91RqVf9416aDKzg2FyjUmS6zVkeEt1Gl","ජෙප්පොන්ට කාර් රේස් හරියන්නේ නෑ,උන්ට හරියන්නේ තිරික්කල් රේස්,"
"Yapa Samaranayake","https://www.facebook.com/yapa.samaranayake","Chandana Bandara හැංගිලා බුරා පුකේ බංඩාර"
"Md Abeywickrama","https://www.facebook.com/md.abeywickrama","මචං. තිත්තගල්ලයා. බොක්ක රාජපක්‍ෂල  හොරකම්කරපු. සිරීපාදයෙ ඝංටාරය  කෝ. පැටියො"
"Caminda Rathanayaka","https://www.facebook.com/people/Caminda-Rathanayaka/pfbid0J7oe13aGhcydBCks6JbxBUfV1w6Rqxz56RgkW5o9VHzQETWBRXTHLPPLDviJrqkYl","තිත්ත ගල්ල කියන්නෙ කුජුතයෙක්"
"Bandara Weerakoon","https://www.facebook.com/bandara.weerakoon.399","කවුද මෙ අඩුකුලෙ ,කල්ලතොනි,  ජෙපි සක්කිලියා,,,සිවුරේ ගරුත්වයට වැඩිය ලොකුයි..උගෙ (පජත) දෙශපලනය,රෙන කොට වැඩිච්ච උන්නෙ,,**ඥානසාර හාමුදුරුවෝ,මුස්ලිම් අන්තවාදය ගැන,කිවුවෙ,2013,,ඒවා බලදාරින් පිළිගත්තේ නෑ.,කියපු දේවල් හරියට බැලුවනං,පාස්කුවක් නෑ.,"
"Dhammika Gunawardhana","https://www.facebook.com/people/Dhammika-Gunawardhana/pfbid02W1vTMSceE8QJ7z2TGkV3djMpbyqAy2A9TvZ2FLkPRgFfAFwikn9qAVyN37o7d3jl","Bandara Weerakoon සිවුරෙ ගරුත්වය රකින්න සිවුරු දරාගත්ත අය හොදින් දැනගත යුතුය."
"Bandara Weerakoon","https://www.facebook.com/bandara.weerakoon.399","Dhammika Gunawardhana ඇයි බොල ති තාපසයෙක්ද."
"Sameera Perera","https://www.facebook.com/people/Sameera-Perera/pfbid06w6a9CSzBeFHccJrqsGvWc3h7yQVuZ4ho2mWRwEvKTbWdp8zGp4uiz5j1MKgiZfXl","1 kulayai inne. manussa kule. okkoma merenawa. wedi kule un mechchara kal karapu keruwawa thama mechchara duppath ratak une."
"Bandara Weerakoon","https://www.facebook.com/bandara.weerakoon.399","Sameera Perera wada wala kula adu,gala pana unta,pama nayi."
"Hasitha Hinguruduwa","","Bandara Weerakoon යකෝ පාස්කු ගැහුවේ තොපේ මහ එවුන් අද තොපි කඩේ යන රාජපක්ෂ හැති කරේ"
"Bandara Weerakoon","https://www.facebook.com/bandara.weerakoon.399","Hasitha Hinguruduwa ගිහිල්ලා කියපිය, උසාවියට."
"Thithagalle Anandasiri","https://www.facebook.com/thithagalle.anandasiri","දවස් තුනක් තිස්සෙ කතා කරල ලොකු දෙයෙක් කරගෙන"
"Nuwan Manjula","https://www.facebook.com/nuwan.manjula.96","Thithagalle Anandasiri රස්සාවක් කරන්නබැරිකමට සිවුරු ඔතාගත්ත උන් ඔහොම තමයි තිත්තේ..😅"
"Dml Kithsiri","https://www.facebook.com/dml.kithsiri.2025","Thithagalle Anandasiri ගංජා පොඩිඩක් නැද්ද මචන් 🤣🤣🤣"
"Podi Hamuduruwo","","Thithagalle Anandasiri ආමි එකෙන් පැනලා සිවුරක් පටලවන් නිදන් කඩලා උඹට තිබ්බ නඩු දහයකට වඩා. ඔක්කොගෙන්ම බේරුනේ මැදමුලනෙ වලව්වෙ දැලි පිහිදාලා. දැන් ඉන්නෙ වෙන්ඩ රහතන් වහන්සේ වගේ. සක්කිලි බල්ලා"
"Pushy Nathan","https://www.facebook.com/people/Pushy-Nathan/61564567628581","Thithagalle Anandasiri Takaran kataa, danna sinhalen liyapan huththo !!! Anith ponnayonta thayrena vidiyata..may Abhidamma class ekak nevai huththo...simple sinhalen ubay thiyena prashnaya methana dighaharapan huththo...takaran kataa. ."
"Ananda Karunatilaka","https://www.facebook.com/ananda.karunatilaka",".ඉත්තෑවා ...වත් ...akathu..unanam..මරු .......3...n...kattuwa...(..rate..පිළිගත් ..නායක .....හාමුදුරුවෝ ...a...k....d..j...p...තුමා ..samaga...68...laksaya...ඉන්නවා ..බුද්ධිමත් ...ජනතාව ...o.k.ජයවේවා"
"Ruwan C. Wijesooriya","","තිත්තය ලෙෆ්ට්...🤣"
"Sudath Perera","https://www.facebook.com/sudath.perera.953596","අනේ  මෙි  තිත්තගල්ලේ  අන්න  අතන  තියෙන  බංකුවෙන්  වාඩිවෙලා  බුලත්  විටක්  හපපං  බං  උඔත්  දැන් ඉත්තෑකන්දේ  වගේ   බුද්ධශාසනය  විනාශ   නොකර  පැත්තකට  වෙලා   ඉදපං"
"Rajapaksha Rajapakshabandara","https://www.facebook.com/rajapaksha.rajapakshabandara","සාදු ගෙ තේ එකට කවුද ගංජා දාලා ඇ 😃😃"
"Pushy Nathan","https://www.facebook.com/people/Pushy-Nathan/61564567628581","Rajapaksha Rajapakshabandara whatFooking Sadhu...moo goo valaval haarana sakkiliyeck velaa dan with Abidhamma in background with Arshas aka piles..."
"Sujatha Kalugala","","තිත්තගල්ලේ  දැන් ඔයා මිනිස්සුන්ට තිත්තම වෙලා ඉවරයි"
"Pathma Siriwardana","https://www.facebook.com/pathma.siriwardana.37","මුගෙ සිවුර ගලවල බෙල්ලෙ ඔතන්න කෙනෙක් නැතිකොට."
"Jayantha Hettearachchi","https://www.facebook.com/people/Jayantha-Hettearachchi/pfbid02rpg4Txfc7uPADg5PKaYXiQzUkwDej5tHGFp39WAaMYJJwADn8wkCR4c1RdZKeoDTl","Pathma Siriwardana wesiyanta.ethin.adum Galawana Eka.thamai.ona"
"Eranga Dissanayaka","","ජනාධිපතිට වැඩනැත්ද බන් මේ ඝණයො එක්ක වාද කරන්න. 😂"
"Udayakantha Pathiranawasam","https://www.facebook.com/udayakantha.pathiranawasam","මාලිගාවෙ රේස් පැද්දෙ නැහැ. ඒකත් ඩෝබිලගෙ බොරුවක්. ඒ විස්තර හරියටම දැනගන්න"
"Malani Thamal","https://www.facebook.com/people/Malani-Thamal/pfbid02ERRa5z8WsuAtfSBiqMpo4TThyqWywLvAGhrChnvXubi5fdbUJ1Fk9n4P5B9qs5ATl","Udayakantha Pathiranawasam අනේ පලයන් බං යන්න යෝෂිත නාමල් දෙන්න කාර් රේස් ගියා අපි ඇස් දෙකට දැක්කා උබල වගේ උන් ඒවත් බොරු කරනවා නේ යකෝ"
"Udayakantha Pathiranawasam","https://www.facebook.com/udayakantha.pathiranawasam","ඩෝබිල නේ"
"Anusara Mahingoda","https://www.facebook.com/profile.php?id=100010778940079","Malani Thamal  උඹේ ඇස් දෙකට වෙන මොනවා හරි දකින්න ඇති😆 මාලිගාව ඉස්සරහා රේස් පදින්න ඉඩක් තියෙනවද බම්😆 70,  ගණන්වල ඉඳලා වැව රවුමේ නම් කාර් රේස් පැදලා තියෙනවා😆 නොදන්න මඟුල් නොකියා ඉඳපම් ඩෝබිච්චි 😆"
"Pasidhu Liyanage","https://www.facebook.com/people/Pasidhu-Liyanage/pfbid0EDQsSv1UC41zsDseDLN1buCcASgEkP8bY8MESuMayPxtVtTr4PaLvTbAsyxh6H6yl","Udayakantha Pathiranawasam Gon huththa"
"Aj Fernando","https://www.facebook.com/people/Aj-Fernando/pfbid02P4hVAEN46ZHQriffGU4LbmpwUXSj5rtPMFbXLHc4R1NveMLmwYRsmhoS4RASN5ael","Udayakantha Pathiranawasam tho homithuwada minissu Marila una a kiyala Gobbayo 😂"
"Dhammika Gunawardhana","https://www.facebook.com/people/Dhammika-Gunawardhana/pfbid02W1vTMSceE8QJ7z2TGkV3djMpbyqAy2A9TvZ2FLkPRgFfAFwikn9qAVyN37o7d3jl","Anusara Mahingoda ඔච්චර හෝදන්න එපා.හෝදන්න හෝදන්න රටම ගදයි."
"Malani Thamal","https://www.facebook.com/people/Malani-Thamal/pfbid02ERRa5z8WsuAtfSBiqMpo4TThyqWywLvAGhrChnvXubi5fdbUJ1Fk9n4P5B9qs5ATl","Anusara Mahingoda ඇස් දෙකට උගේ පක බලන්නද බං අපි දෙක්ක දේ කියන්නේ තොපි වගේ අපි හෝදන්නේ නෑ දැකපු දේවලුත් බොරු කියනවා මේ මුන් පුදුම ජාතියක් උඹේ වයසේ හැටියට එහෙම වෙන්න ඇති"
"Indika Fernando","","බිස්නස් සාදුලට හෙන අමාරු කාලයක් මේක"
"Shiranthi Withanage","https://www.facebook.com/shiranthi.withanage.330009","Mu mokekda anurath ekks viwada karanna"
"Chamin Anurudda","https://www.facebook.com/profile.php?id=100010829193517","සිවුරට සුදුස්සෙක් ඕන සිවුරක් දන්න  මුන් මොක්කුද  මූ ගොනා නොවේද පුතා"
"Saman Darmasri","","අනේ එක එක ගොන්නු එක්ක  කතාකර ඉන්න වෙලාවක් නෑ.....  එතුමට වැඩ තියනව"
"Lal Fernando","https://www.facebook.com/lal.fernando.14","Kawda ma ganaya mu horungen jarawa waladala kiyawanawa mun set akama athulata yawanna ona mun thamai sasanaya kanna. Mun nikan idan jarawa waladala thela wadi wela."
"Pushy Nathan","https://www.facebook.com/people/Pushy-Nathan/61564567628581","Lal Fernando Abhidamma ihalata ghahalaa dann visa velaa dan thiyennay moota...thuk nodaking tittagallayoh !!"
"Solanga Nicholas","https://www.facebook.com/people/Solanga-Nicholas/pfbid02fpZPJY7MpMg8WjzxHeUtJVttxXWMVWPbfyo7QPjFjSVzBEKCGUQBnVUEPjhMZVyUl","නියමයි නියමයි පුතා"
"Ajith Krisantha","https://www.facebook.com/ajith.krisantha.7","තිත්තයාට ට්‍රැක"
"Ranjith Samarasinghe","","මෙිකා  නානසාර  එක්ක  ආදතල්  ගත්ත   එකෙක්   දැන්  රට  හදන්න   ඇවිත්"
"Iskole Hamuduruwo Heenatiyana","https://www.facebook.com/heenatiyana.gnanawimala.5","පර බල්ලෙක් නිවේදකයා"
"Anura Dissanayaka","https://www.facebook.com/anura.dissanayaka.660755","Iskole Hamuduruwo Heenatiyana මොකාද මේ ප#යා ?"
"Vijaya Ruwan Weerasooriya","https://www.facebook.com/vijaya.landscape","Iskole Hamuduruwo Heenatiyana niwedakayata ape Rila duupathata enna kiyanna. Api salakannam.san Guu godaya 🤣🤣🤣"
"Dinesh Perera","https://www.facebook.com/dinesh.perera.5203577","ඔකා.හාමුදුරුවෝ නොවේ හොරආ ඔකා"
"Din Dinesha","https://www.facebook.com/din.dinesha.2025","Tho wage hipatu kahakadayek Akka ape AKD katha karanne na"
"Wimal Weragoda","https://www.facebook.com/wimal.weragoda.3","රාජාංගනේ වෙනුවට ආ තිත්තයා හෙවත් අලුත් ගෝරිල්ලා.."
"Nimal Thanthriarachchi","https://www.facebook.com/nimal.thanthriarachchi","තිතයාගේ ගැනිව බදින්න පොරොන්න්දු වෙලාද? ඌරු තිත්තයා"
"Pushpathilaka Bandara Dissanayake","https://www.facebook.com/people/Pushpathilaka-Bandara-Dissanayake/pfbid02uYGHrQkPkmi2YtvA8c1SCBPgnWM9F4huaCAx9yJzpobJmUmLfErMfPKxBeLfEwpEl","Kawuda me hora.  Mekata kiyanna Rerukane Chandawimala himige upasampada silayapota kiyawannakiya etakota tereyi ulama u hamudurukenek newe kiya"
"Milan Bharatha","https://www.facebook.com/profile.php?id=100023562561772","කාලකන්නි කහඩයා...පිං බත් ගිලින සොහොන් පල්ලා"
"Ranjith Chandrakumara","https://www.facebook.com/ranjith.chandrakumara.3","කෙරි ගනය"
"සුන්බුන් විපස්සේ","https://www.facebook.com/SunbunVipasse","තිත්තගල්ලේ ප#යා 🤣"
"Priyantha Pushpakumara","https://www.facebook.com/priyantha.pushpakumara.9843","දර්මය කටපාඩම් කිරීම පමනයි වගේ තිබිලා තියෙන්නේ,"
"Ranjith Pushpakumara","https://www.facebook.com/ranjith.pushpakumara.507","පංඝ සක්කු!😂"
"Anura Jayanthissa","https://www.facebook.com/anura.jayanthissa","නමඇහුවත්.තිත්තයි.."
"Sameera Sampath","https://www.facebook.com/sameera.sampath.1485","Mokedda oya pakaya."
"Ariyarathna Bandara","https://www.facebook.com/ariyarathna.bandara.5832","Ane ai uba මහණ une.රාජපක්ෂ la ge redi hodagana in නැතිව"
"Nalaka Jayakody","https://www.facebook.com/nalaka.jayakody.5","Thiththagalle hamuduruvekda"
"Pushy Nathan","https://www.facebook.com/people/Pushy-Nathan/61564567628581","Nalaka Jayakody pinbath ghilina pinghuththara dooshitha para balleck...may davas vala moota vena wedak nathilu anunghay goo valaval haaranawaata vadaa !"
"Saman Saman","https://www.facebook.com/people/Saman-Saman/pfbid0B9HqXbg9rop5p8FqqrSocq1JzaK2FNYPeFagnpXps8636fn1weYXc6Ngfs8feUQKl","Mu siuru pissak"
"Asanka Sanjeewa","https://www.facebook.com/people/Asanka-Sanjeewa/pfbid0YkFuaLUFN6bL5nDuMxzjWEDoTZAiRH96dUv3YhFRYGR3gQc5JhBCGvAjh3LMT3H6l","Awajataka hamuduruwaa"
"Pushpa Chamila Pushpa","https://www.facebook.com/pushpa.chamila.pushpa","සූපිරියි ශාන් සහොදරයා ඔකූන්ට ඔහොම අමතලා මදි"
"Zoysa Priyantha","https://www.facebook.com/zoysa.piyantha","මේ තිත්ත ගල්ලේ දුශ්ශීල නිගන්ටකයා ෆොම් නොකර ඉන්න"
"Ranjith Perera","https://www.facebook.com/kudamahanage.perera","Mu Rajapaksa SATTEBIYEK!!!!!!"
"Palitha Bandara Dissanayaka","https://www.facebook.com/profile.php?id=61565258300977","ගල තිත්තයි 😄 මුගේ"
"Prasanga Deepasika","https://www.facebook.com/prasanga.deepasika","තිත්ත ගල්ලෙ කුජීතයෙක් කියලා ඔප්පුවෙනවා මේ වැඩවලින්"
"Vasanthi Ranatunga","https://www.facebook.com/vasanthi.ranatunga","තිත්තයෝ තෝ මොන කූනු බල්ලෙක්ද තෝත් එක්ක ජනාධිපති කෙනෙක් වාද කරන්න."
"Pushy Nathan","https://www.facebook.com/people/Pushy-Nathan/61564567628581","Vasanthi Ranatunga Well said..."
"Ranjith Bodinarayana","https://www.facebook.com/people/Ranjith-Bodinarayana/pfbid0aJgdyP2jthFWZbcLi3BhjJXXgN5TQ8Zn72CiCJ4sVfYJfWF3kuDXP6hZq6fYcBc3l","තිත්තගල්ලේ නෙවේ මේකා,gaththa hulle..පමන අකයා."
"Sumith Mendis","https://www.facebook.com/mendis.sumith.7","හැකි ඉක්මනින් මුංගෙ සිව්රු ගලවන්ඩ නීතියක් ගේන්ඩ ගෞරවනීය මහානායක හාමුදුරුවන් වහන්සේලාගෙන් වැඳනමස්කාර කර ඉල්ලා සිටිනව මුං සිව්රට මුවාවෙලා මේ කරන විනාසය තවත් බලාගන ඉන්ඩ බෑ මුං තෙරුවන්සරණ බුදුසරණ අඩුගානට විකුනනව කෙටියෙන් කියනව නං මුං කඅඩුගහල වගේ හැසිරෙන්නෙ"
"Kith Umn","https://www.facebook.com/kith.umn","මු වසලයෙක් 😂"
"Sarthchandra Sara","https://www.facebook.com/people/Sarthchandra-Sara/pfbid022H3DsjrqT34fkYpmvHVdgpSpDrei3XjiRh1BjG7gJHGyXSAEo9XzTBhnbJ6snhpl","Hamuduruwane Dane tika waladala hurunta Kade yanna natiwa paduwe inna😭"
"Darshana Amunugama","https://www.facebook.com/darshana.amunugama","Thiththagalle geo mugei kisima wenasak naga"
"Ananda Wijesundara","https://www.facebook.com/ananda.wijesundara.98","Meka mokekda  ? Mada nagattu 🐖 🐷  urek langata 🦁  sinhayek yanne na. Thuttu 2 k watinawada me yaka"
"N.k. Ranala","https://www.facebook.com/n.k.ranala","හාමුදුරුවන්ට ආගමක් තියෙනවද"
"Thusitha Kiriwendala","https://www.facebook.com/tuistha.kiriwendala","හාමුදුරුවනේ, ජේ.ආර්.ජනාධිපති තුමා නුවර පන්සලක කටුගම්බි ගහනකොට වට කරලා ඔයා කොහෙද හිටියේ කොමිස් එක ගැන කතා කරනවා අද දියුණු වුණේ ඒක තමයි ඒක හොඳයි"
"Lushan Jayawardhena","","Bikshoon porondu balaporothu tiyaganna onne da. Rajapaksala ohege Porongurup ishta kalaa da?"
"Ganga Hettigoda","https://www.facebook.com/people/Ganga-Hettigoda/100004533648309","මේ අර ශාන් ගනේගොඩ කියන ballada මේ හාමුදුරුවෝ ට කතා කරන්නේ"
"Jananayaka Adasooriya","https://www.facebook.com/jananayaka.adasooriya","Thiththaya niwan giya"
"Hemantha Mahalekam","https://www.facebook.com/hemantha.mahalekam.7","Ubata wayasa kiyada balla . 88 /89 ube ammagen ahapan."
"Sanjana Aththanayake","https://www.facebook.com/people/Sanjana-Aththanayake/pfbid02rPmsBkazT96uYcZdnbufdMvV77cokBkVdaisjHvRHwhPXomcsu2YF2S3rgXCyLzYl","Hemantha Mahalekam උබට වයස කියද  තැරි  @#න්නයා"
"Wimal Hewa","https://www.facebook.com/wimal.hewa.1","තිත්ත ගල්ල උබට ආගමක් තියේද."
"Athula Sampath","https://www.facebook.com/athula.sampath.936611","Me ape.rate janadipathi.pissoth ekka Mona waddada"
"Dilantha Roshan","https://www.facebook.com/dilantha.roshan","මේ හාමුදුරුගොල්ල දැනගන්න ඕන එයාලත් නීතියට යටත් කියල."
"HaAkila Sankalpa Sankalpa","https://www.facebook.com/haakila.sankalpa.sankalpa","Siuru horu"
"Sunil Dayananda","https://www.facebook.com/sunil.dayananda.2025","Nedakin kalakanni awajathaka wesige putha"
"Supun Piriyankara","https://www.facebook.com/supun.piriyankara.1","Gon gana paka"
"Indika Udayanga","https://www.facebook.com/people/Indika-Udayanga/pfbid0tYpYXo212aNFvX5WmhkzbpY4Cz8vN9xdpURGjCX6hue9KRidPKSJm7K53CVn4QMZl","මුං වගේ ගෝතයන්ට දානේවත් දෙන්න වටින්නේ නැ.අනිත් උන් දීපු පොරොන්දු ඔක්කොම ඉස්ට කෙරුවද බල්ලෝ."
"Nishshanka Herath","https://www.facebook.com/nishshanka.herath.954942","තිත්තගල්ලේ කෙලවගන්නයි හදන්නේ මුන් මොක්කුද බන්"
"Roshan Perera","https://www.facebook.com/roshan.perera.3958","Mey kahkadayata guu bag ekkak ghanna oney..mahjanthawata කියලා ..😂"
"Sugath Kithsiri","https://www.facebook.com/sugath.kithsiri.52","ශාන් නියමයි උඹ"
"KG Daya","https://www.facebook.com/kg.daya.77","මූත් සමන්ත ඛඩ්ඩ වගෙ වනචාරියෙක් අපරාදෙ පොරවපු සිව්ර"
"Sarath Amarasinhe","https://www.facebook.com/people/Sarath-Amarasinhe/pfbid02rqDjNySUmADdeU6fhp5tYKVYsrq1bPJYmPMXcpa5oA3diJdwYp1PrMYsLfMRXPg6l","Mu  siwaraya  dagenath  namolala  reu wama  unge  puka  diwen  hodana  kari  wesige  ballo"
"Nandasiri Thennakoon","https://www.facebook.com/nandasiri.thennakoon","සාන්ද පාන්ද දන්නේ නැ මේ හාමුදුරුවන්ගෙන් වැඩකුත් නැ හැබැයි රටේ ප්‍රස්නයක් තියනවා ඒක සිංහල යන්ට පෙන්නේ නැ මොකද උන් ඔක්කොම දෙසපලුවෝ පස්සේ වැටිලා ඉන්නේ හැබැයි තව අවුරුදු 40 විතර සිංහලයන්ගේ රටේ සිංහලයෝ ගුටිකකා හිගන්නෝ වගේ ඉන්නකොට තේරෙයි එතකම් ඔහොම යසමු"
"Fredy Silva","https://www.facebook.com/fredy.silva.385457","Uba Mokekda,,, Darme Awabooda Karagena Aaye Mahana Weyan"
"Bante Bodhi Rathana","https://www.facebook.com/mahe.p.gamage","Eka pode wadak ne"
"Nelson Jayaweera","https://www.facebook.com/people/Nelson-Jayaweera/pfbid02chpLCMfTCnPaHGpt3H4B7nje5FLJjSUMu7tqBwDUd8nboi3i1ufTvcdceiCaxDz4l","මැදැ  නොදන්න  අභිධර්මය උගන්න  උගන්න  ඉදල  හොරුන්ට  කඩේ යන්න ගිහින්  ගුවෙලා ගියා  මාත් හරි භක්තියෙන්    දේශනා ඇහුව දැන්නම  දකිනකොටත්   අප්‍රියයි"
"Tarani Auto parts ","https://www.facebook.com/people/Tarani-Auto-parts/61594369901786","Akd cominiust kiyamuko,etakota me chiwaradariyage agama mokakda,meka buddanm neme"
"JTV Global Network","https://www.facebook.com/people/JTV-Global-Network/61563873989863","එයා එතකොට ගන්දබ්බවෙලා හිටියේ දැන් තමයි ඉපදිලා තියෙන්නේ"
"Lion Lanka TV","https://www.facebook.com/people/Lion-Lanka-TV/61586973818236","හොරණ පොලිසිය විසින් පෞද්ගලික සම්බන්ධතාවයක් මත සිදු කරන ලද මෙම අනීතික ක්‍රියාව සම්බන්ධයෙන් ප්‍රශ්න කළ හැකි පොලිසිය දුරකථන අංකයක් ලබා දෙන්න පුළුවන්ද දන්න කෙනෙක්?"
"Kamal Kalthotaarachchi","https://www.facebook.com/kamal.kalthotaarachchi","මෝඩ නිඝන්ඨයෝ කන්ට නැතුව සිව් රු පොරවගත්තට උන්ට උත්තර දෙන්ඩ අවශ්‍ය නෑ"
"Sarath Wickramarathne","https://www.facebook.com/sarath.wickramarathne.547","එකෙක්  යන  කොට  තව  එකෙක්...තොපිට  ඕන... මල්ල  පුරව  ගන්න...."
"Lalitha Menaka Abeywickrama","https://www.facebook.com/LalithaMenaka.Abeywickrama","තිත්ත ගල්ලෙයා අලුතෙන් උඩට ඇවිල්ල..රාජපක්ෂ කල්ලිය උඩට ගන්න හදන්නෙ..."
"Dilshi N Karunanayaka","https://www.facebook.com/people/Dilshi-N-Karunanayaka/pfbid0L8LDTHsoGjTTQa2YKQNESZsYWLDWup6ArCCsyhUF3EhCUCBBf7pGXNSVSsuihtDPl","ඩෝබි කෙනක්😅"
"Pem Silva","","අපරාදේ තව ටිකක් අවුස්සන්න ඉඩ දෙන්න තිබුණා"
"U D Nimal Jayasinghe","https://www.facebook.com/nimal.udawattha","තිත්තගල්ලෙයා කියන්නෙ නිදන් හොරෙක්"
"Daya Jayawardana","https://www.facebook.com/daya.jayawardana.58682","නිත්තගල්ල කියන්නෙ පට්ට හොර ගනයෙක් නඩු ගානක් තිබිල හොර චීවරයක් දාගත් නායක ගුරු හඉමියෙක් නෙති පට්ට හොරෙක්"
"Tissa Hettiarachchi","https://www.facebook.com/tissa.hettiarachchi.889042","Me tetta tithadz hamuduruwo den oyath loku wenna enna epaa oya kauda nikan banak kiyagena dena dane tika waladala paduwe enna"
"Siriveera Gamage","https://www.facebook.com/people/Siriveera-Gamage/pfbid02vT838W3K66i9DXJ5SGJSJV5uFWAMKfTyuAjpNy8dRavbKZhvRbNJpkdYjvJzH3cxl","මේ අර හැමෝටම කෝල් කරන අවජාතකයා නේද"
"Lalitha Warnakulasooriya","","ඒ ගොල්ල නුවර රේස් පදින කාලෙ සාදු නුවර අභිධර්මය ඉගැන්නුවා මතකයි YMBA එකේදි කොහෙද"
"Channa Bandara Channa","https://www.facebook.com/channabandara.channa","තිත්තගල්ලේ ඉත්තෑවා😁😁😁"
"Tharuka Senanayakage","https://www.facebook.com/tharuka.senanayakage.2025","Mu amu pissek hotel"
"Lalith Udaya","https://www.facebook.com/lalith.udaya.403859","Kalakanni  rajapaksa  ganaya"
"Ruwan Silva","https://www.facebook.com/ruwan.silva.725493","guu godak sadu guu kana wahalek...uge amma baduwak...uge thaththa pansale loku sadu neda"
"Chandra Thissa","https://www.facebook.com/chandra.thissa.2025","තිත්තයි නෙමෙයි අප්පිරියයි"
"Mohamed Deenali","https://www.facebook.com/mohamed.deenali.7","නිධන් හොරා නේද මේ නායක හාමුදරැනමක් නැති"
"Hettiaratchige Wasantha Bandula Perera","https://www.facebook.com/hettiaratchige.perera","රටටම තිත්ත වෙච්ච කාලකන්නි අපතයෙක්. මූ අමු කහකඩ ධාතු බල්ලෙක්."
"Susil Sanjeewa","https://www.facebook.com/susil.sanjeewa.33","පිංබත් කෙලින කාලකන්නි සංග ස්ටාර් ලා"
"Asitha Thotawaththa","https://www.facebook.com/asitha.thotawaththa","සහෝ....සුපර්...එඩිතර  හඩක්..."
"Shafeeknawaz Nawaz","https://www.facebook.com/shafeeknawaz.nawaz","Hamduruwo  kohamda api janathipathi ta agama nai kiyala obatuma kiyanai? Ippdchiya hemoma ta agama thiyana bawa oya dannwda? Kohamada janathipathi communist  kiyala kayanai borrowoo???? Janathipathi  rata bara wenuwin weda karanai  kiyalaoya danneda modoyo??? Pinata kala nikang wagai inna oyata ohama nang rata wenuwin janatawa wenuwin rai dawal  nethuwa weda karana janathipathi  oyata communist  nai? Mukuth aganda epa ratai karapu weradi tamai nikang kanda dena eaka? Ogalloo deng politics karanawang pansalai indaka ain't wela yenda Hamduruwo"
"SK Alahapperuma","https://www.facebook.com/sk.alahapperuma.1","එතකොට මෑන් රාජපක්ෂලගෙ ඇද යට ඉන්න කාලෙ."
"Manori Elapatha","https://www.facebook.com/people/Manori-Elapatha/pfbid0yajrCm4gPxaWPVVMrYhB5QXjd89AbEnZu65U2sEU1nonCyPaXzZ6yreuxGUJNvUql","මෝ මොන කො ගොං  ගහක්"
"Anestine","https://www.facebook.com/anestine.anestine.98","Kahakada ponnaya"
"Ramya Ajith","https://www.facebook.com/ramya.ajith.96","Pon.. mahanaweyan huk.."
"Prasanthagamini Gurusinghe","https://www.facebook.com/prasanthagamini.gurusinghe.3","රාජපක්ෂ නිකායේ පරයෙක්.මුන් සිවෘරු දාගෙන දේශපාලනය කරල සල්ලි කුට්ටි කඩා ගන්නව"
"Chandrasekara Bandara","https://www.facebook.com/chandrasekara.bandara.804105","හාමුදුරුවන්ට  wedak nahe boru porondu denne mokatada hamuduruwo pansale dena deyak giladama inna kunuharapa wedakaranna epa anura suddek eyata agam nahe"
"Indika Bandara","https://www.facebook.com/indika.bandara.927758","ඕක එතකොට කෝමා වෙලාිටියේ?"
"Had Ishara","https://www.facebook.com/had.ishara","ඇත්ත කියනකොට දොබිලට රෙවිලද"
"Chulasiri Piyarathna","https://www.facebook.com/chulasiri.piyarathna","ජනාධිපති තුමාට වෙන වැඩ නෑනෙ මේ හොරුන්ට ආවඩන චීවරදාරියො  එක්ක වාද කරකර ඉන්න"
"Deepthi Kumara","https://www.facebook.com/deepthi.kumara.77","තෑන්ක් මල්ලි...  මේක්කැRi ඝනයින්ට , දෙන්නෝනෙ .. ආයෙ .."
"Jayantha Udayakumara","https://www.facebook.com/jayantha.udayakumara.50","සියලු සත්වයෝ සුවපත් වෙත්වා, සැමටම තෙරුවන් සරණයි 🙏❤"
"RG Wijesinghe","https://www.facebook.com/rg.wijesinghe.2025","තිත්තම තිත්ත මනු කයක්"
"Rohan Lasantha","https://www.facebook.com/rohan.lasantha.73","මුන් වගේ අම්බරුවො බුදු දහම විනාශ කරනව"
"Jasintha Jayarani","https://www.facebook.com/jasintha.jayarani.2025","Janadipathi tuma hamaduruwanta dane denna epakiwwada? Pansalatawela bana. Kiyanna danne netuwa🤔🤔"
"Nihal Wijeweera","https://www.facebook.com/nihal.wijeweera.71","මු මොන හාල් පාරුවේද ක්ද.මල්ලිය යන්න එප ඔය හැත්ත එක්ක කතාවට. ඇත්තටම උන්ට ලැජ්ජ නෑහ."
"Dilu Priyanka","https://www.facebook.com/dilu.priyanka.1","Kalen kaleta bududahama wanasanna ana suwuru radawanayo nisa bududahama thawath vinasa wenawa"
"Nihal Alahapperuma","https://www.facebook.com/nihal.alahapperuma.2025","මූ හිතාගෙන ඉන්නේ ජනාධිපති තුමා මූ වගේ නිකන් කාලා බුදිය ගෙන ඉන්න කෙනෙක් කියලා. කාලකණ්ණි ."
"Manoj Priyantha Samarakoon","https://www.facebook.com/manoj.priyantha.samarakoon","Me gon huththige putha, mu hamuduru namak nemei, keri wesige putha, namalta puka deepan"
"Nirmala Costa","https://www.facebook.com/nirmala.costa.2025","බොරු ...බල්ලා ...කට ..වහපිය ...ස්ව්්‍රර...ග්ලව්ව..පල ..."
"Chandrawansha Dassanayake","https://www.facebook.com/chandrawansha.dassanayake.5","Thiththa galla, thiththenma thiththai.."
"Shirani Mendis","https://www.facebook.com/people/Shirani-Mendis/100010733614974","අනේ ඝන බල්ලෝ තොට තියනවද ආගමක් තොට ආගමක් තියෙනවා නම් තෝ හොඳ ස්වාමීන් වහන්සේ කෙනෙක් නම් තෝ ඔය විදියට ඇසෙනවද පර බල්ලෝ නිසා අපේ හොඳ ස්වාමීන් වහන්සේටත් අගෞරවයක් වෙනවා තෝ ස්වාමීන් වහන්සේ ගෙනෙන්නේ මේ තෝ කාලකන්නි පර බල්ලෙක්. අපේ ජනාධිපතිත්‍ර වෙලා නෑ යකෝ තෝ වගේ පර බල්ලෝ එක්ක වාද වෙවී ඉන්න අපේ ජනාධිපතිට වැඩ තියෙනවා කරන්න රටේ වැඩ තියෙනවා ආ අපේ රට ගොඩ ගන්න ඕනා. තෝ වගේ කාලකන්නි තෝ වගේ කාලකන්නි අසික්කිතා බල්ලො එක්ක කතා කරන්න අපේ ජනාධිපතිවරණ නැහැ. පරක් බල්ලා"
"Jeewa Thalgaswaththage","https://www.facebook.com/jeewa.thalgaswaththage","ගෝතයා මූ...සිරවටම .."
"Dinesh Roshan AJ","https://www.facebook.com/maduwearachchilage.roshantha","Mun wage cheewaradariyanta ohoma tama salakanna ona"
"Wasantha Senanayaka","https://www.facebook.com/wasantha.senanayaka.99826","Me gu kana.. Hamuduruvo.. Horata sivurak dagena pissu kelinava.."
"Dharmadasa Siriwardhana","https://www.facebook.com/dharmadasa.siriwardhana.2025","මූ හාමුදුරුවෙක්ද"
"Rohan De Silva","https://www.facebook.com/rohan.desilva.564","එතකොට den ඔයාගෙ ආගම මොකක්ද බුද්ධාගම වෙන්න behe මොකද බුදුරජාණන් වහන්සේ කිසිම වේලාවක දේශනා කරලා නැහැ කිසිම කෙනකුට පක්ෂ paathi වෙන්න කියලා"
"Nilanga Namal","https://www.facebook.com/profile.php?id=100081279960130","මේ අර  සමලිංගිකයා  නේද😂😂😂"
"Amaradasa Herath","https://www.facebook.com/amaradasa.herath.37","මේ සිවුරු රඳවනය ගැහෙනව වැඩියි."
"Ajith Ranthunga","https://www.facebook.com/ajith.ranthunga.1","චීවරයට නිගරු කරන , බික්ෂූන් වහන්සේලා නමින් පෙනී සිටින අපරාධකරුවන් ගෙන් ශාසනය බේරා ගනිමු"
"W Shantha Wellage","https://www.facebook.com/w.shantha.wellage","මු කවුදබන් සිව්රගලවලා ⁣පුපටපයින්ගහලා එලවන්නඕන ගන්කබරයා"
"Dn Silva","https://www.facebook.com/dn.silva.9083","Munta    daan   denna   hodana   mulinama   uba   mahanaweyanko😂😂😂"
"Sadaru Nilruwan","https://www.facebook.com/sadaru.nilruwan","Oka tharam harakek na ඝන පම්කයා😂"
"Anuki Devinya","https://www.facebook.com/people/Anuki-Devinya/pfbid02PMWfkmGAqhMGi62EoRWTB71B5HJ4hbRfZyawyRV7x6jKxVMXZ6ognba7g2k94ctl","තට්ට..පකයා.😂"
"Ranga Ranga","https://www.facebook.com/people/Ranga-Ranga/pfbid0xSEMWa52rq3aVm1N4uQZaJat25WfsgMuMv6j2cvF6D2odc4rFBR9sLWL3J3Evcdul","Uba mokaedda bon"
"Mk Vidu Vidu","https://www.facebook.com/mk.vidu.vidu.2025","Mu haal keli"
"Sumanadasa Kahatapitiya","https://www.facebook.com/sumanadasa.kahatapitiya","ඇයි තිත්තයෝ උඹව ගණන් ගත්තෙ නැද්ද ජනාධිපතිතුමා..."
"Sarath De Silva","https://www.facebook.com/sarath.desilva.739","මු නමි තිත්තයි"
"Nishantha Salwathura","https://www.facebook.com/aruna.nishantha.7399","මුගේ තාත්තා සීයා බාප්පලා නැන්දල ඕකොම තුච්ච සක්කිලි පරම්පරාව  හොර මැරකම් වලට හිරේ ගියපු වල්කම් මිනීමැරු ගෙවල් වලට පැනිම්ව්කෙසෙල්කැන්කැපිම් කසිප්පු පෙරීම් වලට ගමේ ප්‍රසිද්ධ පරම්පරාව තාත්තා හිරේ ඉඳල ඇවිත් එත් හොරකම 89දී ලයිට් කනුවක ගැටගසා කටට වෙඩිතබා තිබුනා මුගෙ තාත්තට මූ සිව්රක් දාගෙන හිටියට පේනවනේ කටේ සව්දම"
"Sandun Kumara Salwathura","https://www.facebook.com/profile.php?id=100015196201515","Nishantha Salwathura 🙏"
"Thisara Madusanka","https://www.facebook.com/thisara.madusanka.465192","ගොන්"
"Wanniarachchi Sunil","https://www.facebook.com/sunil.wanniarachchi.12","Pissek"
"Champika Chithral Sirisena","https://www.facebook.com/people/Champika-Chithral-Sirisena/pfbid0sKqM9J5bRha98R7DKWUm94iAd2LiK1Q4Xb2fu1J78otg5J1TAJvoB5s37qyVk12gl","මුන් වගේ සිවුරු ගැන ලොකුවට හිතාගෙන හිටපු උන්ට හොඳ වැඩේ 🤣"
"Patrick Fernando","https://www.facebook.com/patrick.fernando.33886","Niyamaiy"
"Pinky Yush","https://www.facebook.com/people/Pinky-Yush/pfbid0dsXb1EVtE2TAHJSbJj7TB8GjgWVfChxH2C6znwhvP36AqFjWbG5UJPUGaMpJa95Zl","රටේ යුද්දේ ඉවරකරන්න ගිහින්"
"Janaka Ranaweera","https://www.facebook.com/people/Janaka-Ranaweera/pfbid02fWkwLjjCL5xuijYp7SycMptnZyvnTGSgxKi7fgDECJxximrEQZav6eD917Dv81eyl","eka ඇත්ත ඌට පුළුවන් boru කියන්න විතරයි"
"Dayasena Rathnaweera Patabendige","https://www.facebook.com/dayasenarp","Mun dakinna wath.nolabawa kiya parthana karanawa"
"M M Suwarnathilaka Suwarna","https://www.facebook.com/m.m.suwarnathilaka.suwarna","Karanawa ammage redda janadipathi rate rajakari"
"Priyanka Don Ranasinghe","https://www.facebook.com/people/Priyanka-Don-Ranasinghe/pfbid02AtYcWYcDR7hNJinnP3WPr9DP8WA9ezK4JyXBtJeVs1caJufW3Hnmy6MSXAXNj51Dl","Ape janadipati tumata godak wada tiyanwa obawanse samaga kata kara kara inna wela na"
"Priyantha Samarasinghe","https://www.facebook.com/priyantha.samarasinghe.7796","Ara chudamanikka ahema galawanakota nidana enta athte.muge Nadu tika nidahas karala dunnane aka nisa kadeyanawa"
"Nalin Kumarawansha","https://www.facebook.com/nalin.kumarawansha.2025","Hora ganaya waren api akke pinata kala  pin batha"
"Buddika Samarakoon","https://www.facebook.com/people/Buddika-Samarakoon/pfbid02ky2jwfSWtWtvJpue4NoAhDs7q5xUZP2fE6Usgkzbdhx5mAFMNjEB82Vh2mLha5j4l","Ubanam Patta porak ban"
"Senavirathna Watagodagedara Senavirathna","https://www.facebook.com/senavirathnawatagodagedara.senavirathna","අනේ හාමුදුරැවෝ නම් බුදුධහමට අනුවමයි කටයුතු කරන්නේ,බොරැකාරයෝ.ඔබට ස්තූතියි"
"Sampath Jayawardane","https://www.facebook.com/sampath.jayawardane.5507","දැන් නම් ගාණට පිස්සුව තදවෙලා ."
"Passara Podisadu","https://www.facebook.com/passara.podisadu.772371","රාජපක්ශලා රේස් පැද්දේ jvp කාරයෝ බෝම්බ ගැහුවෙ"
"Thusitha Welikala","https://www.facebook.com/thusitha.welikala.2025","මූට මොක්ද්ද දන්නෑ බොරු පොරොන්දු දුන්නේ.කෑල්ලක් ගෙනත් දෙන්නද දන්න් නෑ කියන්නේ.සාසනේත් කන නිගන්ටයෝ"
"Shelton Rathnasiri","https://www.facebook.com/people/Shelton-Rathnasiri/pfbid037shYc61yWNwqTZr23piC5wdokB81eRmLahsZjjt1Ly42wUUBJzm711anzsbrTQTzl","Me galathiththagen ahanna kirisappayan (saamaneerawarun ) kee dhenekuta pansale sellama karala thiyenawadha kiyala."
"Shantha Ranasinghe","","අරූ ඇතුලට යනකොට තව එකෙක් වැඩ බාරගෙන වගේ...රට කන හැත්ත..ගෝල්ෆේස් එකට ගෙනල්ලා මුන්ගෙ සිවුරු ගලවලා මුහුදේ පාකරලා යවන්න ඕන ඔරුවක දාලා.."
"Jagath Wellage","","me aluthin janappriya Wenda hadhanda desapaluwange chakgolayek, thamunlawage laundry ekka king anurata mona wadhadha,? oyala hondhai wadha baila kiyanda. me tharam rata wenuwen nehena e udhara minihata, pinata kaka desapaluwange (....) hodhana  oyala ekka mona wadhadha? oyala nisa bawdhayo nikan paw purawa gannawa, e siwra nisa Misa eka asse inna minis Ruwa nisa nowe,"
"Sudarma Sarath","https://www.facebook.com/sudarma.sarath.2025","Tiththa valla 😀"
"Chandima Nilanka","https://www.facebook.com/people/Chandima-Nilanka/pfbid024ZbmipLZwFP7QYB6fAPB1wurhvVR7aNTgFpxQ4SheQrDfZck1rDD8doFBbmXJbVFl","gon buru ganaya"
"Sunil Ankumburage","https://www.facebook.com/sunil.ankumburage","තිත්තයා තිත්ත වුණා  පාහර, තුච්ච, අමන චීවර දාරියෙක්"
"Laksiri Kumara","https://www.facebook.com/people/Laksiri-Kumara/pfbid0YKo5GB3qFTMbV1WDAFaKTW5k44DrnEFPT9RGtuHs6mae6n7q1VjC8qoWBumTabVbl","Anunge.daane.kdlina.wal.ganaya.katakrannadannene.adu.kule.sakkiliya"
"Chaminda Sanath","https://www.facebook.com/chaminda.sanath.524","තිත්ත ගල්ල තෝත් කලවන් එකෙක්නේ යකෝ"
"සුදේශ් චතුරංග","https://www.facebook.com/78o5e2scq2","එයි මටත් මුත් එක්ක කතා කරන්න ඔනි😂😂😂😂"
"Nihal Kumara","https://www.facebook.com/nihal.kumara.7528","Awanaye jeppanta ithiriwenne kadar eka vitharai"
"Sanjeeva Ranasinghe","https://www.facebook.com/sanjeeva.ranasinghe.9","car race පැද්දම දළදා මාලිගව යි සම්බන්ධ ය මොකක්ද ධර්මය යි කාර් රේස් දෙකක් මෝඩයෝ"
"Shiranii Ruberaa","https://www.facebook.com/shiranii.ruberaa","Me hamuduru kenekda,apita pudumai"
"Susil Ananda","https://www.facebook.com/susil.ananda.286666","පිස්සෙක්"
"Lalith Ranasinghe","https://www.facebook.com/lalith.ranasinghe.401138","වලව්වෙ විසිකරන ඉදුල්කන තවත් කහකඩ සිවුරු රදවනයක්"
"Thanura Lasantha","https://www.facebook.com/thanura.lasantha","හාමුදුවරු පව් කියලත් හිතෙනවා . ඒ අය ආගම විසින් මවපු fantasy ලෝකෙක ජිවත් වෙන අනුන් රවටනවා වගේම තමනුත් රැවටුණු පුහු විරත්වයක් මවාගෙන පිස්සන් වගේ හැසිරෙන පුරවැසි කොට්ටාශයක්.🙄"
"Sampath Fernando","https://www.facebook.com/sampath.fernando.505523","අපිට නම් තියෙන්නේ ආගමක් නෙමේ,  අපිට නම් බුදුහාමුදුරුවෝ දුන්නේ දර්ශනයක්,"
"Saku Kumarihamy Godigamuwe","","සිවුරු ඇදන් හොරු පිරිල"
"Jayasuriya Sunil","https://www.facebook.com/s.jayasuriya.92","අසූචි වලට වැටුන ඌරෙක්.."
"දකුනේ අපි","https://www.facebook.com/3wethup1cb","උබ නිගන්ටයේ මු තිත්තයා"
"Prabath Seneviratne","https://www.facebook.com/profile.php?id=1069760604","😂😂😂😂 kahakadya Pacha unna, nugath p##kyo hinganna kamata mahana wela, Loku hamuduruwo pupa palluwahama mun wage Gon Katha kiyannae apathayo behiewnnawa"
"Wijayarathna Ileperuma","https://www.facebook.com/wijayarathna.ileperuma.94","විසාල කරදරයක් උනානෙ මේ සිව්රු රදවනය"
"Raz Razil","https://www.facebook.com/razwil.ibrahim","Mokek hary ekek kohen paath wenawada manda yako ratak hadannama denne nehene eka ekage ejenda walata thama weda karanna wela thiyenne"
"Manjula Wickramapala","https://www.facebook.com/manjula.wickramapala.1","නාන සාර වර්ශන් ටූටූ"
"Nishantha Knsr","https://www.facebook.com/nishantha.rathnasiri.5","Nanasara 2"
"Sirimal Deegodage","https://www.facebook.com/people/Sirimal-Deegodage/pfbid032Cm12tPu6b8hqSHv9u8TtaGEbcMLR33VLdFHebfYfBkMKYiXFFxzrDT8NnKvaHg5l","ඌ ට ආගමක් නෙවෙයි හොඳ දර්ශනයක් තියනවා හාමුදුරුවනේ"
"Mettananda Jayasingha","https://www.facebook.com/mettananda.jayasingha.9","ආගම කියන්නෙ අපේ තෝර ගැනීමක් නෙමෙයි."
"Sumith Ramawickrama","https://www.facebook.com/sumith.ramawickrama","ජනාධිපති තුමාට ඔබ වහන්සේ එක්ක කතාකරන්න තරම් පිස්සු නෑ දෙන දානෙ වේල වලදල පැත්තට වෙල ඉන්න වෙන දේ බලාගෙන 😂😂😂"
"Aj Fernando","https://www.facebook.com/people/Aj-Fernando/pfbid02P4hVAEN46ZHQriffGU4LbmpwUXSj5rtPMFbXLHc4R1NveMLmwYRsmhoS4RASN5ael","Thihthtgalle.  Thiththa wela. Inne. Renawa"
"Premasiri Premasiri","https://www.facebook.com/people/Premasiri-Premasiri/pfbid02QesYFHMqdw25hCgQdWxHEnqL9h5F7YGZ3RCnBpJBssM4p1ftLqdzuQUkxfH8spTol","Apprasana Akek"
"Nilmi Nilmi","https://www.facebook.com/nilmi.nilmi.298442","මු  හදන්නෙ  ප්‍රසිද්ධ  වෙන්න   හොර ගනයා  ජනාදිපති   එක්ක  කතා  කරන්න   උබ  කවුද  මු  කොහෙන්ද පාත් උනෙ  හොරුන්ට  කඩෙ  යන  වල්  ගොතයෙක්.  මුට දායක   සබාව  දානෙ  දෙන්න එපා."
"Janaka Galgamuwa","https://www.facebook.com/janaka.galiya","මු කෞරු කියලා හිතන්ඩ ඉන්නේ උරුලෑව"
"Anura Jayampathi","https://www.facebook.com/anura.jayampathi.52","මේ වනචාරියාටත්  මොනව හරි දෙන්න ඕන   දානයක් රජපක්ශලාගේ  ගූ  නම් මරු  මූට"
"Lb Koralage","https://www.facebook.com/lb.koralage","මෙකා  මෙන ආගමක්ද අදහන්නේ"
"Upul Balasuriya","https://www.facebook.com/people/Upul-Balasuriya/100009225865045","තිත්ත පගයා කියවනවා විතරයි ඇහුන්කම් දෙන්නෑ.."
"Roshan Perera","https://www.facebook.com/roshan.perera.796569","බල්ලෝ බල්ලෝ එකටමයි ඉන්නේ..මු කොහෙද හිටියේ"
"Mahesh Chinthaka","https://www.facebook.com/mahesh.chithaka","Kauda pakayo tho ubage a g p"
"Nanda Nanda","https://www.facebook.com/weera.weera.7792","මුන් වගේ වැඩකට නැති අපතයෝ එක්ක කතා කර, කර ඉන්න ජනාධිපති තුමාට පිස්සු නෑ. පන්සලට වෙලා දානෙ ටිකක් වළඳලා පාඩුවේ හිටපන් පින් ගොනො. අනික මූ කවුද ජනාධිපති තුමා මුගේ ලගට එන්න."
"Gopal Ganesh","https://www.facebook.com/people/Gopal-Ganesh/pfbid05WCvbNc3YteGCeKafwxRa7tgr7jKdp4n28ihvE7C4bDznZC4VWxknzZyXDU9LXepl","Pinata kana awun poam kaeanna epa"
"Nishantha Gamage","https://www.facebook.com/people/Nishantha-Gamage/pfbid0LBPaAy1VGNBVKZLMQxH3dRgoyw7gJN3vRAem9Mw7uogFjNBwvG5Kw1pArkWZL3bjl","මුන්ගෙ මූන වත් පෙන්වන්න එපා කහකඩයො"
"Suneth Wijayawansa","https://www.facebook.com/suneth.sattambi","පලයන් ඩෝබ් යා"
"Roshan Udagedara","https://www.facebook.com/roshan.udagedara.251755","Hora sadu rip"
"Somathunga Nanayakkara","https://www.facebook.com/people/Somathunga-Nanayakkara/pfbid02VCPvxKY1o1oGmfTerDumQTnWjKmZNFVgYAMKQRNinnTNDBXSDA8hHqhazvYgXRC9l","Kathakaranna danne naha ...harima kalakirimak athiuna..yam pahdeemak thibba ekath hedilagiya....sambudda sasane wanasuwe athm  hamuduruwaru kiyaganna pirisak...."
"Rahal Adikari","https://www.facebook.com/people/Rahal-Adikari/pfbid02ci9LLxvmzK9BkjyLknAKtAaz7USWL51XxTULNhTx1QoVbuL1gKu14ruLPw8JMSKcl","තිත්තයො ඔබමොකෙක්ද බන්,අනුන්ගෙන් දානෙ කාල ජිවත්වෙන එකෙක්නෙ පාහරයො දානෙ,කාල,බනක්,කියාගන ජිවත්වෙයන්"
"Viraj Asantha","https://www.facebook.com/viraj.jsoyz","රටටත් ආ ගමටත් වැඩක් නැති සැපසම්පත් වලට තියන ආසාවට සිව්ර දාගත්ත එක එකාට කඩේ යන දෙවි දත් කෙනෙක්"
"Dimanthi Sureka","https://www.facebook.com/dimanthi.sureka.2025","KALAKNNI GANAYO RATA KANAWA  😡😡😡"
"Dhammi Munasingha","https://www.facebook.com/nimmi.prarthana.56","රටටම තිත්තවෙලා ඉන්න ගනයෙක්"
"Sanath Rasingolla","https://www.facebook.com/sanath.rasingolla.9","අංගුලිමාල කතාවට අනුව මිනිමරිමින් ජීවත්වුන අංගුලිමාල මහණ කලාට පසු එකල සමාජයෙන් විශාල චෝදනාවක් සහ විරෝධයක් එල්ලවී තිබෙනවා. පින්ඩපාතික භික්ෂුන් වහන්සේලාට පවා මහමග බහින්න බැරි තරමට එය විරෝධතාවය බලවත් වෙලා. ඒනිසාම බුදුන් වහන්සේ විනය නීතියක් පනවා තිබෙනවා නීතියෙන් කොඩිබැන්ද (වරදකරුවන් වූ) සොරුන්, මිනිමරුවන්, සමාජවිරෝධීන් බුදු සසුනේ මහණ කරවා ගැනීම නොකල යුතුයි කියලා. බුද්ධ චීවරයට මුවාවී එකලත් සොරුන්, මිනීමරුවන්, සමාජ විාරෝධීන් සහ ඔවුන්ට පහසුකම් සලසන ඔවුන් වෙනුවෙන් පෙනීසිට ඇතිබවයි එයින් අදහස් වෙන්නේ. බුදුන්ල වහන්සේ ජීවත්ව සිටි කාලෙත් එහෙම නම් මෙකල කුමන කතාද? අදත් නීතියෙන් දඬුවම් ලැබ සිටින සිවුරු දරාගත් සමාජ විරෝධීන් වෙනුවෙන් කඩේ යන සිවුරටම මුවා වුන මෙවැනි කේවට්ටයින් වහා බැඳ දැමිය යුතුයි. නැතිනම් මුලු මහත් සමාජයටම සිදුවන හානියක්. 🧐"
"Sampath Wallawaththa Darran","https://www.facebook.com/sampath.wallawaththa.darran","සිවුර දාගෙන එක එකාට කඩෙි යන පකයි මේ"
"Rangan Predeep","https://www.facebook.com/rangan.predeep","නොදකින් හන්කඩ වනචාරිය"
"Sanath  Shiroman","https://www.facebook.com/sanathhds","මේවාට ස්වභාව ධර්මයා නියමිත වෙලාවෙදි උත්තර දෙයි. ඟඳාණසාර හිමිත් ඒ කාලේ ඔය විදිහමයි, අද ස්වභාව ධර්මයා විසින් කර්මය පඩිසන් දෙන්න පටන් අරන් මේක මෙයාලට තවමත් තේරෙන්නෙ නැහැනෙ. 😅😅"
"Thushara Senarathne","https://www.facebook.com/thushara.senarathne.2025","කාලකන්නි සිවුර දාගෙන බුදුන් වැඩි මග යන්නෙ නෑ"
"Paari Maheshwari","https://www.facebook.com/people/Paari-Maheshwari/pfbid0kVBaoCt9azAj4wmEM2RKxBVXEeQybqj4T2HAXv2nnXKsypAiRitY7JGYCMazvnZKl","කන්න නැතිව  මහන වෙච්චි  එකෙක්  💩🤮"
"Suresh Menon","https://www.facebook.com/profile.php?id=61556562801470","මෙන්න මේ දෙපපාලුවාව අල්ලලා මහන කටහන්.."
"Dananjaya Chandimal","https://www.facebook.com/dananjaya.chandimal.9","මේ බල්ල්ගේ නම්බර් එක දාපන්කෝ පුලුවන් නම් තිත්තගල්ලේ pkyt කෙලවලා ගන්න"
"Lahiru Srimal","https://www.facebook.com/lahiru.srimal.155895","Thiththaglle Pissu"
"Kaveesha Nethsadi","https://www.facebook.com/people/Kaveesha-Nethsadi/pfbid02fTGGXVDWTpNNeBMgsX6CKm6s7XYnrXyPasDNP5DXth3FPLZ5bUE24HYzzzZFUuzQl","Mu hora ganaya"
"Stella Fernando","https://www.facebook.com/stella.fernando.568","මේ කහකඩයත් මැදමුලනෙ දන්කුඩ්ඩෙක්"
"HM Mahesh","https://www.facebook.com/people/HM-Mahesh/pfbid0jDFLdzvj5atZc4gNCj1ZosWz22geRW9PVVF5TTBY7YtNL2fNrCriVWP27h9Bfye7l","පචකොටා කුකුල් මස් කිලෝවට කඩේ යනවා රජපක්ස බල්ලො එකෙක් හොරේ නෑ"
"Abeynayaka Abaya","https://www.facebook.com/people/Abeynayaka-Abaya/pfbid03284ahhfPVjwf9X4WC7CLkVZWeKFRLjWz943tx9NQwEuN3J18vnVEswahawqAecByl","රාජපස්ස අසූචි කන තිත්ත ගල්ල සිවුරු හොරා ඕකගෙ නිරුවත් කරලා ගහක ගැට ගහල අසූචි නාවන්න ඕන ඕක ධාර්මිකයි කියන්නෙ හොරුන්ගෙ අපරාදා කාරයින්ගෙ පක්කලි කම් කරන එකද බුදුහාමුදුරුවො කරන්න කිවුවෙ ඕකද පරයො තෝ ඔය කරන්නෙ නිගන්ටයො වත් නොකරන බලු වැඩනෙ තොපි හිටපු දේශපාලන මන්කොල්ල කාරයො මේ රට පාලනය කරද්දි හොරකම් දූශන වන්චා අයිස් කුඩු මිනිමැරුම් අල්ලස් වලින් රට හැම තැනම ඔඩු දුවලා රට විනාස වෙලා පාසල් ලමයි පවා විනාස වෙමින් තිබුන ඕකුන් ඒවට විරුද්දව පෙලපාලි ගියාද උද්ගෝසන කරාද නෑ උන් එක්ක එකතු වෙලා සල්ලි කුට්ටි වලට ලාබ සත්කාර වලට රට විනාස කරා දැන් රට හරි විදියට යහපත්ව හදනකොට ඒකට විරුද්දව උද්ගෝසන පෙලපාලි යනවා තොපි මුක්කුද පරයො උඹල සසුන විනාස කරන්න ආපු පාහරයො තිත්ත ගල්ල වනචාරිය"
"Susantha Puranegedara","https://www.facebook.com/susantha.puranegedara.3","Awajataka ganaya"
"Priyantha Rdg","https://www.facebook.com/priyantha.rdg.2025","ආගමක් ධර්මයක් නැති එවුන් මුන් තමයි‌ ඤානසාරයා කුනුහරුප කියන තර්ජනය කරන  තෝ බොල කියන ඌටට බං ආගමක් ධර්මයක් තියෙන්නේ  නැත්නම් මේ රටේ ගිහියන්ටද"
"HM Gunarathna","https://www.facebook.com/hm.gunarathna.846439","Ane.munge.hamudrukamekame"
"Arish Konara","https://www.facebook.com/arish.konara","Kariya ජනාධිපති තුමා .තො.Hamuwenna.තො.මොන kari yakda .අපිත් europe මල්ලි"
"Athapathu Apu","https://www.facebook.com/athapathu.apu","ජනාධිපති තුමාට ආගමක් නෙත...එතුමාට තියෙන්නෙ දහමක්.. තෙරුම්  ගන්න එක ඔබ සතුයි...වෙලාවට එතුමා ට ආගමක් නෙති උනෙ...."
"Nilantha Roshan","https://www.facebook.com/people/Nilantha-Roshan/pfbid0mnkqhTAC25V5UUSJi26uJkX27zGE4DziT3V4W9kduxQ6vY9FrexkxMYpjoPajFUel","🤣🤣🤣🤣🤣🤣 thitthayaa  left  unaa 🫢🫢🫢🫢🫢🙈🙈🙈🙈🙈🤣🤣🤣🤣🤣🤣🤣🤣🤣🤣🤣🤣🤣🤣🤣🤣🤣😔"
"Hrj Herath","https://www.facebook.com/people/Hrj-Herath/pfbid02MJb2Ejgn4xbgxUHvsDso2vpQgNuN3byVGwK518DNsbEZR2CPJ2XkCRqCC7SaX5kFl","තිත්තයෝ දැන් මගේ වාරයයි..(මීට කොහා)."
"Prasanna Rupasinghe","https://www.facebook.com/prasanna.rupasinghe","තිත්තගල්ලේ පිස්සු උත්තා…. මුගේ වැඩේ වෙන්නේ නැත්නම්, අනිත් උන් ඔක්කකොම අවුල්.. මෙච්චර කල් නාමල්ගේ පැම්පස් අන්දලා දැන් පොඩ්ඩක් අවුලෙන්.. මුන් ආගමත් කනවා, මිනිස්සුන්තේ ඔලුක් කනවා…රටත් කනවා.. ආතල් බුවාලා… අනේ සාදු 🙏"
"Hashan Pathirage","https://www.facebook.com/hashan.pathirage.5","තිත්ත ගල්ල දැන් රටේම joke එකක් වෙලා ඉන්නේ.....😂😂😂"
"විජේසිරි මගලේගොඩ","https://www.facebook.com/profile.php?id=100035543318029","පුලුවන්නම් පොහොට්ටුවෙ උන්ට බන ටිකක් දෙසනා කරන්න නොකරොත් උන් තවත් අනාත වෙනව"
"Buddhika Sanjeewa Kannangara","https://www.facebook.com/buddhika.sanjeewa.kannangara","Ponnaya tho mokekda janadi pathi obawa hambawenna. Gehin Pukadeepan rajapssAta"
"Pradeep Dammika","https://www.facebook.com/pradeep.dammika.371750","Okage tate palala elawana ona"
"Podi Hamuduruwo","","ආමි එකෙන් පැනලා සිවුරක් පටලවන් නිදන් කඩලා උඹට තිබ්බ නඩු දහයකට වඩා. ඔක්කොගෙන්ම බේරුනේ මැදමුලනෙ වලව්වෙ දැලි පිහිදාලා. දැන් ඉන්නෙ වෙන්ඩ රහතන් වහන්සේ වගේ. සක්කිලි බල්ලා"
"Dayantha Nanda","https://www.facebook.com/people/Dayantha-Nanda/pfbid0tWRC7LQxbw9Xmx1BmyA7nMpyXgM2S6rzew7Yky1iRd7yPFwH2qVVvkWoW7yPJeapl","Sookradhariyeku Saha rate Raju athara Mona  wada wiwadada Pastrana wee hitapiya sasunketha wanasana bakkili sallo"
"Hemantha Hemanta","https://www.facebook.com/sisirahema","Rajapaksage namalga gu kana wahalak.kalakanniya"
"Sanjeewa Somawardhana","https://www.facebook.com/sanjeewa.somawardhana.9","Muge ammata hikuwe Ghnasaraya,akai mu dagalanne.tho awajathakayek ban, ammagen ahapan,"
"Darshana Dilshan","https://www.facebook.com/darshana.dilshan.581","Hariyatama darmaye pihitapu kenek kathawen therenawa"
"Rathnayake Sunil","https://www.facebook.com/rathnayake.sunil.2025","thiththa.galle.athsan.wede.iwarada.gana.hari.wage"
"Chaminda Kumara","https://www.facebook.com/people/Chaminda-Kumara/pfbid0LTmhbNDgXA5Wz26XZAYEJGDHtTheKoD1t7bHRfAstHUq7moAYptNSdmVBFHith9xl","තිත්ත ගල්ලෙගෙ සිවුර ගලවමු"
"Sumith Dikkumbura","https://www.facebook.com/sumith.dikkumbura","මේ තිත්තයට දර්මය ගැනවත් හරිහමන් අවබොදයක් නැහැ මේ කියන කරන විකාර වැඩනිසා මොහු වියරුවැටිල දගලනව කියල තේරෙනවා."
"Anjula Dassanayake","https://www.facebook.com/anjula.dassanayake","Anura Kumara Dissanayake බොසා මූට උපසම්පදාව නෑලු...."
"Dilina Dulshan","https://www.facebook.com/dilinadulshan","කාර් රේස් පැද්දෙ මුගේ යාළු නාමල්නේ ඒක අවුලක් නෑ ඒක පිනක්"
"Niroshan Bandara","https://www.facebook.com/niroshan.bandara.189069","Thota agamak thiyanawada pkyo"
"Wikrama P Kumarasiri","https://www.facebook.com/people/Wikrama-P-Kumarasiri/pfbid02SFGG6jsB39jdvpVj9tXMXKUN2o4gYC93f5aqAZo5KJUgCmBNc7fZRYNNunLY7e41l","අර ඔයා හිටගෙන රෙකමන් කරපු නාමල් පැටියට මොකක්ද  යන කල......?"
"Sanath Ekanayake","https://www.facebook.com/sanath.ekanayake","නඩු 20ක්ලු...නිදන් මංකොල්ල සීන් ලු... ධාර්මික ලබ්බක් කියවනවා.."
"Jayantha Rathnayake","https://www.facebook.com/jayantha.rathnayake.641632","අපරාදේ  පුතා ඔයාට තව ටිකක්  මූට කතාකරන්න ඉඩ දෙන්න තිබුනේ"
"Anura Saman","https://www.facebook.com/anura.saman.741126","කබිබන්ට කතාකරලා පොමිකරන් එපා"
"Sanuvi Bandaranayake","https://www.facebook.com/people/Sanuvi-Bandaranayake/pfbid02YXNSNS9nDpz1NJjWsyTNd5CL4BkEmXiXVq7ga6F9b8uyqSmt7htGc2p5HbAmfVGvl","තිත්ත ගල්ලේ සැබෑවටම තිත්තයි 😂😂😂"
"Nimal Mahindarathna","https://www.facebook.com/people/Nimal-Mahindarathna/61568964530045","Tithagalle tihthai siuru radawenayak"
"Dmn Weerasinghe","https://www.facebook.com/dmn.weerasinghe","Hamudruwane...oba.wahansege.guru.hamuduruwo.kavuda Hamudawe.hitiyada.kiyanna.puluwanda.prasiddiye"
"Sampath Wikkramaarachchi","https://www.facebook.com/sampath.wikkramaarachchi.2025","පොරොන්දු අදාල ඒ පොරොන්දු වලට රැවටිලා ජන්දෙ දුන්නොත් උන්ට.නැතුව තිත්ත ගල්ලෙ වගෙ අවජාතක බල්ලොන්ට නෙවෙයි"
"Jayath Senapathi","https://www.facebook.com/paul.jayath.9","තිත්තයට මහන වෙන්න කිවුවනම් හරි.සාසනය විනාශ කරන මුන්ව සාසනයෙන් එලවලාම දාන්න නායක හාමුදුරුවරු වග බලා ගත යුතුයි.මුන් රාජපක්ෂලාගේ ඉදුල් කන රටට ශාපයක් වෙච්ච හම්බ කරන්න ආපු උන්."
"Rukman Bandara","https://www.facebook.com/rukman.bandara","මේ රාජපක්ෂලගේ ඉදුල් හෝදන චීවර දාරියෙක් සිවුර දාගෙන අදාල වැඩේ කරගෙන හිටයානම් නරකද"
"Gayan Anu","","ජනාදිපති එනවද හමුදුරුවනේ මේ එක එක මිනිස්සුන්ගේ ලගට එක මරම වැඩක් 🤣🤣🤣🤣🤣"
"Saman Kumara","https://www.facebook.com/people/Saman-Kumara/100006356916310","Rata jathiya  vanasana  moda Gon  sakkili hamuduru buruwek"
"Indrani Vidana Muhandiram ","https://www.facebook.com/indranividanamuhandiram","කොමියුනිස්ට් ධර්මයයි  බුද්ධ ධර්මයයි හරියට අධ්‍යනය කරල බලන්න කියල මං මේ හාමුදුරුවන්ට යෝජනා කරන්න කැමතියි  ...මොකුත්ම දන්නෙ නැති හරක් වගේ කියවනවට වඩා කරුණු දැන ගෙනම කතා කරන එක හොඳයි  ...තමුන්ට වැඩිය ලොකු වැදගත් භික්ෂූන්වහන්සෙලා ජනාධිපති තුමා සමග ඉන්නව..ඒ නිසා හොරුන්ට තක්කඩින්ට කඩේ යන්නෙ නැතුව පන්සලට වෙල බණක් බාවනාවක් කර ගෙන ඉන්න ..රට කන්න හදන්න එපා..."
"Prabath Fernando","https://www.facebook.com/prabath.fernando.58","ආගමක් දහමක් නැති අයට කියන්නේ  Atheists කියලයි කියන්නේ."
"Mahen Gunasekara","https://www.facebook.com/mahen.gunasekara","Ohhhhhhhhhhh thiththagalla zombieya go animal's hospital"
"Sajith Melewwathanathrige","https://www.facebook.com/sajith.melewwathanathrige","මුගෙ. මියියා. ඩි ඵන්. ඵ. පරිස්සනයක්. කරානම්. සද්ද. වහගනි"
"Thanuja Karunarathne","https://www.facebook.com/thanuja.karunarathne.2025","ගමට බාරයි අපෙ හාමුදුරුවන්ව 🤔🤔"
"Dimuthu Kumari","https://www.facebook.com/dimuthu.kumari.18","Mu mokeda wada karanna enna kiyanne.pinata kaka idala."
"Kithsiri Bandara","https://www.facebook.com/kithsiri.bandara.77920","තිත්තගල්ලේ ඝනයට, මේ රජයත් එක්ක දායකසබාවේ ""හොර ගේනු "" තියන් බුදියන්ට බෙහෙනේ...ඒකයි කෙදිරිය...."
"Wasantha Wasantha","https://www.facebook.com/wasantha.wasantha.876824","Gon harakek ..sasanaya kanawa me hora gana gediyoooo"
"Manoj Wilwalaarchchi","https://www.facebook.com/manoj.wilwalaarchchi","💥 අසද්ධර්මය තුල බෝරුව රැවට්ම් රැගපැම් කල නලුවන් නිලියන් ගේ රැගපැම් .දේසපාලන නලුවන් සේ..අගම්ක පුජකයන් සේ ව්ව්ද වේස්ගේන මද්‍ය සංදර්සන තබයි..මේවැනි ජියින මහාව්ර ලා..බුද්දගෝස බමුනන් ලෝව පුරා ඇත..ලංකාවේ මකට්ං ඒක.අද  .බෝරුව රැවට්ම් රැගපැම් කාලාවක්.කුහකකම් පලිගැනිම් තුලින් ජනතාව මනසිකත්වය දේවේස සහගත කරනා දැක්මකි.. බමුනන්ගේ යතාර්තය තේරුම්ගන්න .ම්ත්‍ය වේන් ම්දේන්න ."
"Mahen Perera","https://www.facebook.com/people/Mahen-Perera/pfbid0NTXwNCEnbHjLurgVFMPCe6U83TcxsWFtDPXktocrx6oLvixxRGZZ4ctUi9UEzvacl","Oya wradana nolabenakota adan hape a chewaradari parayek me balla"
"Thilak Bannahaka","https://www.facebook.com/people/Thilak-Bannahaka/pfbid0zMWqicsBBye3cFf9EmeMZ8j4VPydEFUKZRXoe1AczhYHe9Tkvq7BhAyCho4hfnKWl","පත්තගල්ලේ තිකයා"
"Herath Herath","https://www.facebook.com/herath.herath.14034","Tetagll rajapsslga as ....kanpakya"
"Duminda Tharanga","https://www.facebook.com/duminda.tharanga.925","Me ganayata awa penne na"
"Ashoka Gunawardhane","https://www.facebook.com/ashokalalit.gunawardhane","ශ්‍රී ලංකා ජනරජයේ ජනාධිපති වරයා සිංහල බවුද්ද කෙනෙක් විය යුතු බව කොහෙදෝ තිබුන .ඒක දැකලවත් නැති ගොබ්බයො එක්ක ෆේස් ටු ෆේස්?"
"Athula Rathnayaka","https://www.facebook.com/athula.rathnayaka.307331","Muwa gahala elawamu"
"Prasanna Salgadu","https://www.facebook.com/people/Prasanna-Salgadu/pfbid028BHQhwRrQPMAxvpFQfVM4EeVP2dG48H8xAoDDMFKrc6cN3HE3L5eYhn44CYCWT6rl","Thiththa galle Pakayage Ammatama Hukovanna one Avajathaka Balla oka"
"Rasika M Fernando","https://www.facebook.com/rasikafdo","Ounge siura galola elawanda one kalakanni hatta mu chande dunnalu anurata"
"Anura Rathnayaka","https://www.facebook.com/anura.rathnayaka.14","Ththithagalle..wage hora deshapaluwange kunu hodana hora ganayo sasanayen panning one"
"Indunil Chandana","https://www.facebook.com/indunil.chandana.14","Ganayoooo.  Gu. Kapan"
"Neel Krishantha","https://www.facebook.com/people/Neel-Krishantha/pfbid0wz8V28gtyuDX1WAq8QesEfC9UmBMdm3SGq8VKCdNdM3UqTXGXK2NTLwdCagzscELl","මුගේ සිවුර ගලවලා රෙදෙන්න පොඩි කොටුවකි ගහන්න ඕන"
"Pushy Nathan","https://www.facebook.com/people/Pushy-Nathan/61564567628581","Mona ponnayeck da may Tiththagallay booruwa ???? Anunghay goo valaval haarannay..thopi gihin ubay wayikkiyeh thiena Council eke Goo valaval suddha korapan huththo thota wedak nathinam...ratay hama ekath ekkama maraaghannay thota dan arshas da pukay huththo ??? Nathinam thota vena wedak nathidha huththo ???"
"Dammika Madinage","https://www.facebook.com/dammika.madinage.2025","mu amu gon pakek  chiwaretath agaurawayak me pakaya"
"Chaminda Silva","https://www.facebook.com/people/Chaminda-Silva/pfbid04QY6RDbSK9nXycb4DuHBUN3aenB5xmEre2N9iNkcupx3HFspNjbdDEiZAMMfBeFbl","No 1wanachariyak"
"Shyamal Shyamal","https://www.facebook.com/people/Shyamal-Shyamal/pfbid05oa4TbcDAVKW1vhVmL99h42NwVHjM9k7E3qVSz3omMu13b23p2D5KpgtZpAZnABPl","ඇඹිලිපිටියේ නොන්ඩි කාන්තිගේ දුවව නිවන් සුව ඇරී මූ නේද,දන්න අය කමෙන්ට් කරපල්ලා"
"Sujith Nishantha","https://www.facebook.com/profile.php?id=100006280453629","තිත්තගල්ලේ පිස්සු පකෙක්"
"Jps Limo","https://www.facebook.com/jps.limo","කොහොම වෛරයක්ද තියෙන්නේ කියලා හොඳට පේනවා. මෙයා ගාව කියන, පෙන්නන්න හදන මෛත්‍රිය කොහෙත්ම නැහැ. එදා ඉදන්ම කරේ තනිකර බොරුවක් මරසියක්. අනේ පව් අහිංසක දායකයන්ගේ ආධාර මුදල්....."
"Sanath Ashoka Hitihamillage","https://www.facebook.com/sanath.ashokahitihamillage","Oya  ganagediyage  siura  galola  oluwa  othala  kaleyata  elawala  daana  oone.  Kakakada  balla."
"Ananda Amarasinghe Kankanamge","https://www.facebook.com/people/Ananda-Amarasinghe-Kankanamge/pfbid02jT173dnzQRgZH34HkCQvBVQcLv1MAcuFAPSTpraw5iBbPCDWoFPGHxqh2AoiSs3l","වැලක තිබුන සිවුරක් හොරා ගෙන ඇඳගෙන .... හිඟා කනවා ... තොපිට නම් අලුත්ම අපායක් හදන්න වෙනවා ..."
"Vijitha Bandara","https://www.facebook.com/vijithab2008","බෞද්ධයන්ට ආගමක් නෑ නේද?"
"Amal Silva","https://www.facebook.com/people/Amal-Silva/pfbid0gQrQQddrbY4PPRLUXBPpmrCr7e66rYQPBqXhwb3XJP5UEjLkbDh6y7qA3W97t6QPl","Pala pa...ko yanna"
"Ananda Jinasena Lokuge","https://www.facebook.com/lokuge.ananda","ගැරඩිමරාළපාවපුරාවගන්න අපේ ජනපති කැමති නෑ"
"Samith Krishantha","https://www.facebook.com/people/Samith-Krishantha/61592860165569","Siwura da gattata ali gonek rajapakshlata lade yana me gawayek apit pawu purawa gannwa me.wage bat belayo nisa"
"Samantha Welagedara","https://www.facebook.com/samantha.welagedara.939046","වනචාරී කහකඩ කාලකන්නි යා"
"Thilina L Perusinghe","https://www.facebook.com/thilina.lperusinghe","කලු ගෝරිල්ල ඕකට පිස්සු ගෝතය"
"Nandasiri De Silva","https://www.facebook.com/people/Nandasiri-De-Silva/pfbid0FcmqduHZpkHsTcGp8N8DQrF9uM9xnzPZ7RmscTDLvdFfUP4UmRo1L6Q7dcUbGbX3l","GON    KATHA   APA     PADUVE     HITAPAN      CANGORIYO"
"Sanjana Aththanayake","https://www.facebook.com/people/Sanjana-Aththanayake/pfbid02rPmsBkazT96uYcZdnbufdMvV77cokBkVdaisjHvRHwhPXomcsu2YF2S3rgXCyLzYl","තිත්තගල්ලයා මු මහා කාලකන්නියෙක් පහර බල්ලා"
"Bandara Dandar","https://www.facebook.com/people/Bandara-Dandar/pfbid0K1u3biamXnPDnaLHc8ZS78vr8SHNW4PszdbHwQKiENcc1dDquBnx3RHsrNH9cydyl","ඔය සදුලට දැන් ජරාව නැනේ එකී පස්නේ සුවාමින් වහන්සේලාට ගැටළුවක් නැ කඩේ යන සදුලට thamai😂ඔය පස්නේ"
"Shanaka Perera","https://www.facebook.com/shanaka.perera.194297","Me thatta pa@#ya koheda danna inna pansala siura galawala papalanna awajathaka balla mun maranna ona me rata hadanna nathuwa ba gewal wala kanna nathuwa pansal walata genath dapu awajathaka ballo amma wate gihin mun wadala hari appek nathi mu wage unta kanna dena eka nathara karanna ona"
"A.L. Newille","https://www.facebook.com/people/AL-Newille/pfbid037MSyZwxQMBYVi6KN2x4RHNjx7GDYWFVCXR2o8vPXTVdD6WmYyqpkgedGAu3sbShdl","Ekenma respect machan"
"Kamal Perera","https://www.facebook.com/people/Kamal-Perera/pfbid02r2b2vSAiM66Mbe8tDjzpLQSREvzEdpziNa27uFnHXDDpN1BUac4k8JPdzozMAiGLl","තිත්තගල්ල නිකාය"
"Wasantha Kumara","https://www.facebook.com/people/Wasantha-Kumara/pfbid02PyfZpXQkMb3uAaNKMW9CHZ1PyXRPXu4HTU6d1PDa25KeNyaqWLEtQQgkmWuoS5zul","Thiththa galla aththa kiyawanam harine aththa Tama thiththa oba wahansege me karthwwayata. 🤣"
"Kelum Asiri","https://www.facebook.com/kelum.asiri.808413","සිවුරෙන් තැනක් හදන් ලෝකෙට ලොක්කා වෙන්න දගලනවා. බුදු හාමුදුරුවෝ කියලා තියෙනවා නේ ශාසනේ නැති කරන්නේ මේ අයම තමයි කියලා"
"Rohitha Samarakoon","https://www.facebook.com/rohitha.samarakoon.180","දාර්මිස්ට පාලකයො කොහෙද හිටියෙ මෙතෙක්"
"Indika S Dodangolla","https://www.facebook.com/people/Indika-S-Dodangolla/100070359746046","Sanga adikaranai gainalla oungai siuru galawanda oni"
"Sriyani Jayakodi","https://www.facebook.com/sriyani.jayakodi.961831","Me wage chiwaradariyo  රටට  sapayak  mun desapalanaya කරන  හොරු nta කඩේ  යන   tawatha හොරු  tokak"
"Upul Kumara","https://www.facebook.com/people/Upul-Kumara/61564940780050","රටක් ගන්න හදනවද වෙන මොනවා කරන්නද 🤑🤑🤑🤑🤑"
"Sarath Hulugalla","https://www.facebook.com/sadun.kottayawaththa","Peach’s Anura"
"Lakmal Ekanayaka","https://www.facebook.com/people/Lakmal-Ekanayaka/pfbid02azsXwWEYGEHwqrG266zLYA13d5iCG4kovvhG3tpdFRgCnPQCycaUWJBLUfCkCcWHl","මහ පකඩයක් ඛං හඊ"
"නිවන් උදෙසා","https://www.facebook.com/people/%E0%B6%B1%E0%B7%92%E0%B7%80%E0%B6%B1%E0%B7%8A-%E0%B6%8B%E0%B6%AF%E0%B7%99%E0%B7%83%E0%B7%8F/pfbid02VHJyBSVsaB2GadPzYgVoPovCf1nDPpssk9pN5os1af2nj79AnJd6Ak6sYHbVQQoUl","මටත් ඔය හාමුදුරුවන්ගේ නම්බර් එක දාන්නකෝඑයාලා දැක්කද දන්නෑ කාර්ය සේම පදිනකොට කොහොමදකියන එක මටත් නම්බර් එක දාන්නක හාමුදුරුවන්ගේ හමුදාවේ සලේ ගැන කතා කරනවා මේ මොනවද දන්නේ කියලා අහන්න මට"
"Nishaman Nandasena","https://www.facebook.com/people/Nishaman-Nandasena/pfbid024JdzH3wSkPGm6qCDPGVnoLAitStU1U8SeZ9y22tNZGYKBS3VjhVESBiybSLBy8oBl","මූ අර මේ මාධ්‍යවේදියා කියාගන්න පිස්ස නේද ඔය අර නාමල්ට එහෙම කතා කරන්න ගිහින් ගෝඨයිනුත් ප්‍රශ්න අහන්න ගිහින් මූ මාලිමාවේ ඡන්ද අපේක්ෂකයෙක්. හොර ගෙඩියා"
"Gayan Motor","https://www.facebook.com/people/Gayan-Motor/pfbid02HHrtv5z9Z9NhBxggBBtVPTf8Dk51N6rJMBP2kQNMryrqcfKueeA919YczdBbjkdml","සිවුරුදාගත්තු කාලකන්නි හොරගනයා ...."
"Asha Edirisooriya","","මේ  සිවුර පොරොවගෙන ඉන්න කෙනාගේ  ආගම  මොකක්ද 😀🤭අනික් ජනාධිපති ට වෙලාවක්  නැතුව ඇති කිසිම වැඩක්නැති දේවල් වලට කාලේ නාස්ති කරන්න   බුදු දහමේ  හැටියට හිස් වචන කතාකිරීම ත්  ශීලය  කැඩීමක් හින්ද එතුමා කොහොමත් එන එකක්  නැහැ"
"Kalana Janith","https://www.facebook.com/kalana.janith.540616","බොරුව මොකක්ද ජනාධිපති කරපු"
"Mohommed Fazrul Gafoor","https://www.facebook.com/mohommed.f.gafoor","ගරු ජනාධිපතිතුමා සමඟ විවාදයකට අභියෝග කළ හැකි තරම් දක්ෂ අය කවුරුත් නැත; එසේ අභියෝග කළහොත් ඉන් අදහස් වන්නේ ඔවුන් මෝඩයන් බවයි - අවසානයේදී ඔවුන්ට සිදුවන්නේ පරාජිතයන් ලෙස ආපසු හැරී යාමටයි."
"Hachchi Max","https://www.facebook.com/sriyani.abewaradana","THITHTHAYA      UMBA      MOKEDDA        APE       ANURA      SIR    GATHTHAMA. APE       SIUPASE     GILALA       APU     KIYANA      VIDIYATA       ENDAPAN."
"Lasantha Maheerathna","https://www.facebook.com/lasantha.maheerathna","Thithyath ewarai Thithya happune paramparwsk ekka"
"Sampath Kumara Hewa Nambuge","https://www.facebook.com/people/Sampath-Kumara-Hewa-Nambuge/61592520720258","දැන් ඉත්තෑවා කොහෙද දන්නෙ නෑ .😊🤔"
"Saruwa Bandarage Nirosha Kumuduni","https://www.facebook.com/people/Saruwa-Bandarage-Nirosha-Kumuduni/100075736375952","මේයලට ලියන කාලයත් අපරාදෙ"
"Nuwan Nnbc","","Mu puduma kapati ballek hora ganaya muge hati bela bela"
"Sun Sun Sun","https://www.facebook.com/people/Sun-Sun-Sun/pfbid0qgvxvQrYWczuUzACDjkaZSrC74DHt9xWDmGnUYcmgkL9tf5yD7ZbzLFuEpZMe62Kl","ඉතින් ඇත්තනෙ ජනාදිපති බොරු කියලනෙ ජනාදිපති උනේ රට වෙනුවෙන් කරන විශාල කාර්‍ය මොකක්ද රාජපක්ෂල හොරන්කරපුව කිය කිය සැබෑ ප්‍රශ්න යට ගහනව විශ්වවිද්‍යාලය 50ක් හදනවලු තියන ඒවගෙ ප්‍රශ්න ගොඩයි  බලයට පැමිණි විගස පාසල් උපකරණ වලට ගහන බද්ද 0%කරනව කිව්වා.............අනිත් කාරනාව තිත්තගල්ලේ හාමුදුරුවෝ කවදාවත් දේශපාලකයන්ට කඩේ ගිහිල්ලා නෑ ඔය කොහෙදෝ ඉන්න අනුන්ගේ කුණු රසකර කන ගූ මාද්‍යවේදියෝ යැයි කියාගන්නා උන් වගේ ...උන්වහන්සෙගෙ පේජ් එකට ගිහින් බලන්න ....බොරුව හැර ධර්මය කියාදෙන ආකාරය ගැන ...අනිත් කාරනාව කවුරුත් කෝප වෙන්න චූන්වෙන්න ඕනේ නෑ  මුලු රටම දන්න කරුණක් සමර ඇත්ත කාරනා තිබුනත් වැඩිපුරම කිව්වෙ බොරු ...බලය ලැබුනට පස්සෙ කියන්නෙත් බොරු ....ජනාදිපතිට හාමුදුරුනමක් අහන ප්‍රශ්නයයකට වේදිකාවදි හරි උත්තරදෙන්න පුලුවන්නෙ අර ගිණිපෙට්ටි බෝම්බ ගැන වේදිකා දෙකතුනකම කතා කලේ"
"Ranjith Perera","https://www.facebook.com/people/Ranjith-Perera/100080230860101","ඔය 🫵 “කහකඩ නට්ට වඳුරොත්” එක්ක මොන කථාද?"
"දිනේෂ් කුමාර","https://www.facebook.com/i41mf56jgq","Me pakku nawatha mahanakaranna oni"
"Mohammad Gaws","https://www.facebook.com/mohammad.gaws.2025","Munge siuru galawanna man me rata vinasa keranna apu un"
"Sus Sanjeewa","https://www.facebook.com/people/Sus-Sanjeewa/pfbid0tJWnpUndFTJnyMRy1RUCAgMkMA9J2Gs5wCNgZgaBcqZNijdUAebDk4gfkcHFFryRl","මු තිත්ත ගල්ලෙ කොහෙද කියපන් මුගෙ උපත මන් කියන්නම්"
"Turney Deepal Nauttuduwa","https://www.facebook.com/people/Turney-Deepal-Nauttuduwa/100073811840351","ධම්මික  ගෙන් කාලා ඉවරයි වගේ."
"Prasad Rupasinghe","https://www.facebook.com/profile.php?id=100000115101943","මේ අර පොකට් කාරය නේද ?"
"Nandasiri Balangoda","https://www.facebook.com/people/Nandasiri-Balangoda/100011515123487","පාතලයො"
"Jagathchandana Pushpakumara","https://www.facebook.com/people/Jagathchandana-Pushpakumara/pfbid02NDLS8dDvUNkp6Tn2fxAeAPmDLC3pk8Ex7n7QRPWyMvNenVUJ7BTGNYoij229Sp72l","Me wage sakkili hora ganayo tamai kiyanne e manussaya hinda hora sure karayont kelawela rahath wechcha samathabadryath indiyawata gihilla paligahanawa kalakanni"
"Sun Ran","https://www.facebook.com/people/Sun-Ran/pfbid0ZgeMeVy7XifwpcmqLBVhYhhi6iAwQtPsaraQLqqPEtiWgXURRPUBsaSWxggTHhYGl","Siura galawala pu....ari"
"Ruwan Kankanamge","https://www.facebook.com/ruwan.kankanamge.50","ජනාදිපතිට ආගමක් නෑ කියමුකෝ   බොරු පොරොන්දුත් දුන්නා කියමුකෝ....... සිවුරට මුවාවෙලා මිනිස්සු රවට්ටන්නේ නෑනේ  රටට ලෝකෙට පිළිලයක් වෙලා සමහර සිවුරු රදාවන   කරන්නේ ගිහි අයවත් නොකරන වැඩ සිවුරේ ඉදගෙන   විනයදර බික්ෂුන් වහන්සේලාටත් අගරුවෙන විදියේ වැඩ   මුළු මහත් ශාසනයටම නිග්‍රහ කරනවා...."
"Mohammed Ismathulla","https://www.facebook.com/people/Mohammed-Ismathulla/61581867991953","Kudu Kalu salli Koti 4,-5 gane loku pansal ( Aluvire matale)issaraha bod dalay thiyenne .palli kovil welatath  dhila bod Eka Gahanawa issarah ey bery Rajayatath salli Dhenna bod Gahanna precharaya bod???.. Rewana silwa eyalu RajaDharma prethipadha Rajalu eRewena silwa    loku loku Amudhuruwogen Kiyawa gannawa camping Ekak kiyathmaka wenawa lagadhi mawin silwath kiwwa. Shan OBE Awadhanaya pinisay soya balanna🙏🙏🇱🇰🇱🇰"
"Rohan Gamage","https://www.facebook.com/people/Rohan-Gamage/pfbid02nqobDXA3YiCweZXr4UqqEqi3FeyLRLgkdEhmcmqp9xNFmGvoH28JgeXQsrd4Tq7vl","මූ අමු  පිස්සෙක්  ඒක  තෙරෙන්නෙ  නැද්ද  උබට මල්ලි .පවු උබ."
"Sampath Ferdinand","https://www.facebook.com/people/Sampath-Ferdinand/pfbid02ZtDikm54WM8zjzzGgHVEc6uz9xh33YBujPewR7sSoKymbg4o2FUwHNvAbkBmqz49l","මුන්ට කතා කරලා වැඩක්නෑ,,මුන් සේරම මයිනට පුක දීලා දීලා හරගත්ත වහල් වේස බල්ලෝ,,,,,මුන්ව හිරගෙදර ඉන්න  ඕනේ උන් ,,,,එළියේ ඉන්නෙත් අපේ ජනපතිදුන්ගේ මනුස්සකම හා නිහත මානී කම නිසයි,,අධිකරණයේ වැඩ වලට ජනපති අත නොතියන මිනිහෙක් ,,මුන් අවජාතක බල්ලෝ කොල්ලෝ,,,,මුන්ට භික්ෂූ නාමය කියන්න එපා,,මුන් සිවුරට මුවා වෙලා පකේ වැඩ කරන සක්කිලි අවජාතකයෝ,,,,මුන්ව ගෙවල් වලට එපා වෙලා පන්සල් වලට දාල ගිය කාලකන්නි හැත්ත,,,,ගහලා එලවන්න ඕනේ සක්කිලි චීවරධාරියෝ,,,,"
"Thissa Senevirathna","https://www.facebook.com/thissa.senevirathna.79","Wahukuno waikateya danda assarune mahajanatawa Dena kemakala hetapan sasañerakagena gal misalaya"
"Sada Kulakulasuriya","https://www.facebook.com/people/Sada-Kulakulasuriya/61586992983397","මුන් හමුදුරුවොද බන්"
"Roshan Warnakulasooriya","https://www.facebook.com/roshan.warnakulasooriya.606352","තිත්තයට ඇමක් ගිලිලා 😆"
"Ananda Warnasooriya","https://www.facebook.com/people/Ananda-Warnasooriya/pfbid0NsZTanHCqBkqqUvCbut79bCevsnQHyzxQ6XxEU26NogcAYrFtqUpT184fz6jVgyBl","Oya wesige ballage siwuru galawala elawanna ona oka pin bath kaka rajapakshalage gu kanawa nodakin kalakanni sakkiliya"
"Romesh Chamara","https://www.facebook.com/romesh.chamara.2025","ගොන් ganayaa🤮"
"Monik Darshana","https://www.facebook.com/monik.darshana","Malli  mayat kade  yanna"
"සංජීවනී සජී","https://www.facebook.com/people/%E0%B7%83%E0%B6%82%E0%B6%A2%E0%B7%93%E0%B7%80%E0%B6%B1%E0%B7%93-%E0%B7%83%E0%B6%A2%E0%B7%93/pfbid0CSKQ5bYDom3irjSJbV8PurJnK56zk54QZU6Ghw7hpmRrCTseKmueaSmwUBPkH16ol","ආගම් වාදය පතුරු වන්නේ මෙ වගේ බොරු සිවුරු කාරයො"
"Dammika Harischandra","https://www.facebook.com/dammika.harischandra.9","ජනාධිපති තුමාට රටෙ මිනිස්සු වෙනුවෙන් වැඩ කරන්න තියනවා,,,කොහෙවත් ඉන්න කසිප්පු කාරයන් එක්ක වාද කරන්න නැ"
"Dsn Ind","https://www.facebook.com/people/Dsn-Ind/61589232395343","Thiththaya mottaya , mol kirottaya 😂😂😂"
"Ravidu Iduranga","https://www.facebook.com/people/Ravidu-Iduranga/pfbid0VwkfQ14hnpsh2nPrKKWky2BywvLbBGtLYCnrfZCge5H7LXkQZdxuDobpaMasch9hl","අනුර කරපු එක හොදක් කියන්න බලන්න"
"Varuni Abeysekara","https://www.facebook.com/varuni.abeysekara.2025","අනේ පිම්පියො රේස් නම් 1960 ගනන් වලත් පැදල තියෙනව උබ දන්නෙ නැති උනාට"
"Kumara Samarakoon","https://www.facebook.com/kumara.samarakoon","හුත්‍තට හොද වැඩේ මේ තවත් පිලිලයක්"
"Siriman Kulasooriya","https://www.facebook.com/siriman.kulasooriya","තිත්තයට දෙවාරයයි"
"Susil Fonseka","","puka  denawa  pinbath  kaka  podi  lamai  duusaanaya  karana  awajatakayo"
"Atula Bandara","https://www.facebook.com/atula.bandara.5","රේස් පදිනකොට අප්පච්චි ගෙ දනිස් පොල්කට්ටෙ"
"Madushanka Witharana","https://www.facebook.com/madushanka.witharana.2025","මේ ගනයගේ ගුරු හාමුදුරුවෝ කව්ද අහපල්ල😁"
"Jayatissa Liyanage","https://www.facebook.com/jayatissa.liyanage.10","මූ අමු ගොබිලයෙක් ."
"Sisira Fernando","","Muge ammata dan hukawanda ona kari ganaya. Muta hamuduruwo kiyanda honda naha. Mu siuru dagaththa ganin nanse kenek"
"Dhanu Bandaranayaka","https://www.facebook.com/dhanu.bandaranayaka","තිත්ත පගා නිවන් ගියා 😁😁😁😁"
"Manoj Lasantha Gamage","https://www.facebook.com/anjali.morawaka","පට්ටම ගෝතයෙක් සිව්‍රරක් ඩාගෙන ඉන්නෙ"
"Sachin Abeydeera","","හමුදාවෙන් පැනල, නිදන් කඩල, අනිතිකාව දේපල අල්ලන් නඩු ගණනාවක් තිබුණු හොරෙක්."
"Vijaya Rathna","https://www.facebook.com/people/Vijaya-Rathna/pfbid02MBNxyMseo7TGd71B9iAcUcdVYJM6FxpkELqaod6cBTBQHGgPrxbgteDAwGLhFeYkl","Ane oya Gon huththage ammata"
"Hasitha Gunarathna","https://www.facebook.com/asitha.gunarathna.940","සක්කිලියා.."
"Asanka Pemasiri","https://www.facebook.com/people/Asanka-Pemasiri/pfbid02eWDqbLq6ZhPjXmFq8JdHAGsougVj1jqnH4q7QuL1jMCB9VZxxKqqaxUnDtTJsc3zl","0pakayothosallikuttiyakaragenaboothkiuwataratejanatahawadannawathoapathayekkiyalmamakisikariyekutadeyanenahaapitaoyaekekkathonanahahmaanuratachandedunnatamataanurakarapukisihu..th..knahamakamathiyimepalanakrameta 🙏"
"Hansaka Weerarathna","https://www.facebook.com/hansaka.weerarathna","ඔයාට විවාදෙකට සෙට් වෙන්නෙ ඉරාජ් වගේ Dial එකක් හාමුදුරුවනේ 🙏,Try එකක් දෙන්න පොර එයි .😎"
"Munaf Munaf","https://www.facebook.com/people/Munaf-Munaf/pfbid02AwbzfTP1FVm5N9DbdjteSYrxPLrNP15m5sMa9p9dVpq56Vs78aBhubNJepArxUpfl","මැයාත් එක්ක පොඩ්ඩක් විවාද කරන්න පුළුවන් කියලා අහන්නකො"
"Wedage Wimalasri","https://www.facebook.com/people/Wedage-Wimalasri/pfbid0bp3zDWpSb1NMee2KmB8bRVLY1kMxvE9iAkQMfsrmJqwhG1biGmYT8uf733N7mCBbl","TitAgalla kiyanne agamath jatiyath nati karana inna sakkiliyek muta ape amuduruwane kiyana ekath papayak"
"Ashitha Ashitha","https://www.facebook.com/ashitha.ashitha.12576","පිං බතෙක්"
"Dhanushka Bandara","https://www.facebook.com/indarani.weerasakara.9","අඩේ අපිටත් නම්බර් එක දාපන්කෝ කතාකරන්න"
"Aj Ferna","https://www.facebook.com/aj.ferna","Ganaya"
"Manjula Chaminda","https://www.facebook.com/profile.php?id=100009069056423","ඉතාමත් අප්‍රසන්න යි. උගත්, බුද්ධිමත් යැයි සිතූ තෙරනමක් කථා කරන ස්වරූපය හා හැසිරීම් රටාව."
"Kumarakumara Kumarakumara","https://www.facebook.com/people/Kumarakumara-Kumarakumara/pfbid02YcPoyksQvnKmDokBcuNgnfsqHpNRYRvuuvgKf8yBgoB5xq8sjFUCFHtxLhzbRN7Al","කුනු තිත්ත ගල්ල"
"Marlon Randolph Warnakulasuriya","https://www.facebook.com/marlon.warnakulasuriya","ගොබ්බ තිත්ත ගල්ල නෑමොලයාව ඊලඟට බේරගන්න දගලන්නේ"
"Nalin Hemapala","https://www.facebook.com/nalin.hemapala.513853","රටෙ මුදල් හොරකම් කලේ  නෑ කෝටී ගණන් වංචා කලෙ නෑ.රටට ඇවැඩක් කලේ නෑ අනෙක් හොරු වගෙ."
"Natura & Harvest Agri Tips","https://www.facebook.com/people/Natura-Harvest-Agri-Tips/61573474919579","ඕකා හමුදාවෙන් පැනල ගිහින් සිවුරක් දාගෙන නිදන් කඩලා හිරේ ගිය නිදන් හොරෙක්"
"Chamila Niunhellage","https://www.facebook.com/chamila.niunhellage.1","නිකන්ම කකා බිබි,තමන්ට,කන්න බොන්න දෙන ජනතාවටම කෙලින  තට්ට උත්තිගෙ පුටාලගෙන් තමා රට ජාතිය මුලින්ම බේරගන්න වෙලා තියෙන්නෙ"
"Hasarath HA Sarath","https://www.facebook.com/hasarath.hasarath.14","Gon Hamuduruwane. Oyawage Gon. Mooda kathaa KIYANA Epa. Gon Hamuduruwane. Nuba athulu Gon Vipaksaye UN KALA Waradi WALATA DADUWAM Labadeema KALA Yhthuya. ANIKA oya kalliyata me lakmawa Diunu Wenawata Akamathima kalliyak Thamai oya..!!"
"Piya Ven","https://www.facebook.com/profile.php?id=100001323182674","මේ මොන හිපාටුවෙක් ද මේ හිපාටුවා හිතාගෙන ඉන්නේ අලිපුකෙන් ආපු නරියෙක් ද හැමදේටම තොම්බ දමන්නේ"
"Gamage Rathnasiri","https://www.facebook.com/gamage.rathnasiri.14","දැන් ඉත්තෑවා ගිනිතියාගන  තිත්ත ගල්ල ඈබන් උබට දීපු පොරොන්දු ව මොකක්ද අපිට දීපුවනන්  ජනාධිපති තුමා කරනවා අඩෝ ගනයෝ අපෙන් පදේ අහගන්නැතුව ඉදින් පරයා"
"Bandara T. Gangodavila","https://www.facebook.com/bandara.gangodavilaappuhamilage","තිත්තගල්ලෙ නිකං හුලං ගහන්නෙ නැතිව ඉදිං"
"Dizz Mizz","https://www.facebook.com/profile.php?id=61574196660164","සන්නා සහ සුදස්සන හිමිගේ සාකච්ඡාවේදි තිත්තයාම කියනවා ඌ නිරාගමිකයෙක් කියලා."
"Kelum Weerasinghe","https://www.facebook.com/kasun.dg.56","Sampura eka nedd"
"Nash David","https://www.facebook.com/people/Nash-David/pfbid02kAciFXgJLLrrXbCw8YjtUmD9he29GzDvpt6uaZCMR2vvBXLiDV8ndT5fozZdTkQNl","Siwra dagattha pissu huttek"
"Sanjaya Wejerathna","https://www.facebook.com/sanjaya.wejerathna.3","Munta dane denna narakai"
"Leelasena Jayaweera","https://www.facebook.com/leelasena.jayaweera.5","ගොන් ගන ගෙඩිය"
"Kavindya Jak","https://www.facebook.com/kavindya.jak","නොදකින් ඔය.කහාකඩයා .හොරැන්ගේ පස්සේ .යන.කහාකඩයා"
"Asiri Yatagama","https://www.facebook.com/asiri.yatagama","අනුර කුමාර ජනාධිපතිතුමාගේ ප්‍රජාතන්ත්‍රවාදී පාලනක්‍රමයේ, නීතියට ජනාධිපතිගේ මැදිහත්වීමක් නෑ, අධිකරණය, විධායකය හා ව්‍යවස්ථාදායකය වෙනම ස්වාධීන ආයතන තුනක්, ඟානේ අධිකරණයට බලෙන් පැනලා, අධිකරණයට හා විනිසුරුවරුන්ට බලපෑම්, අපහාකිරීම් වලට තීන්දු දෙන්නේ අධිකරණයයි, මේ රජයෙන් ඒවාට දේශපාලන මැදිහත් වීම් නෑ.👍 පාතාලයෙක් වගේ රඟපු, රටකාපු හොර දේශපාලුවොත් එක්ක බීලා පිස්සු කෙලපු මදාවි සාදුට උගෙ අම්මා මතක්වෙන්නේ හිරේවැටෙකොටයි🔥☠️🤮🙈🥱 ඒ උනාට, ඌ කරපු මදාවි වවැඩවලට, අපිට උගේ අම්මා මතක්වෙලා ගොඩක් කල්.🤣🤣🤣🤣🤣👍"
"Niel Nowak","https://www.facebook.com/Igiveback","මම අද වෙනකම් හිතුවේ මේ චීවරධාරියාට, පැහැදිලි මනසක් ඇති කෙනෙක් කියල! වරදක් උනාම බන් ඒකට දඬුවම් විඳින්න ඕනේ! ඒවා අධිකරණයෙන් බේර ගනින් මල්ලි! හැමෝටම එකම නීතියක් ඇත!"
"Deshapriya Sk","https://www.facebook.com/deshapriya.sk.9","රාජපක්ෂ මාලිමාවෙ රේස් පැද්දලු.. එකම බොරුව වවාගෙන කන කුඩු ගහන ජෙප්පෙක් කියලා ඒකෙන්ම අදුරගන්න පුලුවන්..බොරුව කොතනද එතන ජෙප්පෙක් ඉන්න්වා"
"Indika Mahawela","","MU AWILLA SIWURA GALAWALA THIYAPAN HUTTHIGE PAKAYA"
"W.A. R. Amarasena","https://www.facebook.com/revathaamarasena.revathaamarasena","දෙයක් ගන්න මුරුන්ගා ඇත්තෙ තියන්න ඹ්නි"
"Tharanga Darshani","","To eage jatakayak neti ekek siwuru dagattama buddagama iwarayi"
"Jude Fernando","https://www.facebook.com/people/Jude-Fernando/pfbid05UtuzwYkQr8Grg6JFNNPZ9zjtPZswQ8ovjB5RVLawd1Xk8ZURUiKYCuZHLBAuq6gl","කහකඩ වනචාරි බල්ලා"
"Dakshina De Zoysa","https://www.facebook.com/dakshina.dezoysa","ඔය පකයට තමයි ආගමක් නැත්තේ තිත්තගල්ලේ පකයා"
"Neel Ranjan","https://www.facebook.com/neel.ranjan.2025","ජනාධිපති යයිද මේ වගේ හිපාටුවෝ එක්ක කතාවට මූනට මූන 😂"
"Nadeesha Dilhani","https://www.facebook.com/profile.php?id=61554331507171","රාජපක්ෂ සිවුරු රඳවනයක්"
"අනූ අනුවා","https://www.facebook.com/delcoo7qnd","චීත්ත ගල්ලයාට කට උත්තර නැති වෙනකොට බෙලිකටු මල්ල හොලවනවා 🤣😂😂😂🤣"
"Gihan Ferera","","ඔය කැරි ganayage සිඋර ගලවලා ගහන්න එකෙක් නෑනේ"
"Ajith Fernando","https://www.facebook.com/ajith.fernando.332","දානේ මදි වෙලාද මේ ගොයියෝ ආගම කන්න හදන්නේ ?"
"රනතුංග ආරච්චිගෙ","https://www.facebook.com/people/%E0%B6%BB%E0%B6%B1%E0%B6%AD%E0%B7%94%E0%B6%82%E0%B6%9C-%E0%B6%86%E0%B6%BB%E0%B6%A0%E0%B7%8A%E0%B6%A0%E0%B7%92%E0%B6%9C%E0%B7%99/100089568398902","මුන් වගේ කහකඩයො මේ රටට ශාපයක්..වෙලා තියෙන්නෙ."
"Upul Gayan Balasooriya","https://www.facebook.com/upulgayan.balasooriya.1","ඔය පකය මොකෙක්ද අපේ ආගම කන වේසිග පුතෙක් පකය"
"Thilan Demuni","https://www.facebook.com/thilan.demuni","තිත්තයො ජනාධිපති ආගමිකයෙක් නෙවි හැබැයි ධර්මයේ හැසිරෙන ධාර්මික ජනනායකයෙක්!"
"Oshey Liyon","https://www.facebook.com/people/Oshey-Liyon/61584626903850","ජෙපි නිකාාය උන් මහ ලොකු හෙන වැඩක්,කරල ලංකාාවඉන්න කල්ලතෝනි,අපතයො ටික පැලවත්තෙ හිගන ගොබිබයො ටිකට පුදුම සන්තෝසයක් ලබන්නෙ උන් උන්ටම උඩ බලාගෙන කෙල ගහගන්න පාහර සිංහල ජාන කවලම්,බක පන්ඩිත බලකාය😂"
"Uyt Dhananjaya","https://www.facebook.com/uyt.dhananjaya","මේ පූජකයාගේ ආගම මොකද්ද?"
"Hash Nuwan","","මෙයා දන්නේ නෑ මූ කඩේ යන එකා රාජපක්ෂ පවුල ක්‍රිස්තියානි කියල 🤣"
"Samitha Rangana Wijesuriya","https://www.facebook.com/samitha.wijesuriya","Budu dahama vikunan kana   besikayo"
"Neel Senarath","https://www.facebook.com/neel.senarath.50","ජනාදිපති ඉන්නේ පඩත්තල යන් සමග වාද කරන්න නෙවේ තිත්ත පඩේ   තින්ත කතා කියන්නේ"
"Kapila Rathne","https://www.facebook.com/kapila.rathne.723422","මේ මොන හිපාටුවෙක් ද මූ පිස්සෙක්"
"Suresh Nishantha","https://www.facebook.com/profile.php?id=1402112306","මූ අවුරුදු ගානකට කලින් වටේ අතගාගෙන වැඩේට එන්ටර් වෙද්දිම හිතුවා,වැඩි කාලයක් යන්න කලින් ලංකාවේ සමහර අම්බාරුවන්ව ගොනාට අන්ධවන ගේමකට සෙට්වෙන්න යන්නේ කියලා."
"Salinda Shan","https://www.facebook.com/salinda.shan.54","රාජපක්ෂලාගෙ ලෙවකන පරට්ට ගනයො"
"Nisant Kumar","https://www.facebook.com/nisant.kumar.212865","හුත්තැගල්ල"
"Janaka Ilankoon","https://www.facebook.com/people/Janaka-Ilankoon/pfbid02CCmu9F41FzBNL3fF1Qc5fYeGZKyFjPqemRzkgozFPp1fJ9hujMVmzMSo3ea7VX6bl","menna rajapaksha lage gukana kajadayage eththa"
"Supun Shen","https://www.facebook.com/supun.shen","තිත්ත ගල්ලෙ ගෝතයා කාලකනි අපතයා මුන්ගෙ සිව්රු ගලවපියව් පන්සල් වලින් ගහලා පන්නපියව් කාලකන්නී ගෝතයෝ සිව්රට නිගා කරනවා බුද්ධ සාසනේම විනාස කරනවා සක්කිලි අපතයෝ"
"Pannila Pathmasara","https://www.facebook.com/pannila.pathmasara.2025","ණඩු 14ක් තියෙන ප....ක් එක්ක මොන සන්වාදද බන් , තෝ කියකො තොගෙ ගුරු හාමුදුරුවො කවුද කියල ,තොත්  අර කස්සපය වගෙ නඩු වලින් බේරෙන්න සිවුරක් දාගත්ත එකෙක්"
"Gasbaruge Nishantha","https://www.facebook.com/profile.php?id=100080116661133","ඤාණසාරයි නෑමොලයයි වෙඩි කාපු ඌරෝ වගේ පුලුවන් දහoගැට ඔක්කොම දානව නිතියෙන් බේරෙන්න උන්ගේ අසූචි කාපු උන් මරු කියෝනව ..🤣🤣🤣🤣🤣🤣"
"Chandana Senadheera","https://www.facebook.com/chandana.senadheera.2025","මේ වගේ ගූ කෑලි ෆෝම් කරන්න එපල්ල බං. සිව්රු රදවන"
"Ravi Shehara Fernando","https://www.facebook.com/manudula.abeykoon","H#ththagalle k#riganaya sakkiliya"
"Lalith Vasantha Kaluthanthri","https://www.facebook.com/lalithvasantha.vasantha","Rajapaksala.nethinam.muth.den Prabakarange.passa.hodana Ballek."
"Christoher Perera","https://www.facebook.com/christoher.perera","රටක පූර්ණ බලතල සහිත ජනාධිපති කෙනෙක් face to face කතා කරන්න එන්න  මූ මොන පකයෙක්ද??????. තොපි තමයි නිරාගමිකයො, උතුම් වූ බුද්ධ චීවරය ඇඟ වටේ ඔතාගෙන දේශපාලනය කරමින් වලත්ත කුපාඩි වැඩ කරන. අර තමන් බුද්ධපුත්‍රයෙක්  යයි කියා ගත්තා එකෙක් අන්න හැංගිලා. අනේ පල පකයා යන්න. රටේ ජීවත් වන දුප්පත් සිල්වත් භික්ෂූන් වහන්සේලාට තොපි වැනි කාලකන්නි නිගණ්ඨයන් නිසා ජනතාවට මුහුණ දෙන්න බැරුව ඉන්නේ."
"Buddhi Adikari","https://www.facebook.com/buddhi.adikari.7","Kaha adagena pisso"
"Padmasiri Kumara","https://www.facebook.com/padmasiri.kumara.908071","උඹ කවුද කෑරියෝ  ඒ කොල්ලගෙන් අහන්න  ජනාධිපතිතුමා ගැන  උඹලත් දාං කුඩ කකා ඉන්න  පර  ඝනයනේ  උඹ   ඉත්තෑ කන්දේ   උමන්දාවේ පරයා   මඩකලපුවේ ගණයා  මිහින්තලේ ගණය  සිවුර දාගෙන කරන්න  මේ රටේ බෞද්ධයන්  වනසන එක  ඒක කරන්න එපා පරයෝ"
"Nimal Perera","https://www.facebook.com/nimal.perera.3954546","මේ මහනව වාඩි කරන්න"
"Nihal Perera","https://www.facebook.com/nihal.perera.718","හොර පැවිද්තො කන්න නැතුව පොඩිකාලේ ගෙදරින් පන්සලට එවල යනමන් නැති කමට සිවුර දාගත්ත මෙන්ගල් හැත්ත රටෙි ජනපතිට පෙස්ටු පෙස් කතාකරනවා මහින්දලාගෙ කාලේ  රනිල් ගොට වගේනමි යන්නෙ සුදු වැන් එකේ"
"Ruchira Weerasinghe","https://www.facebook.com/ruchira.weerasinghe.3","තිත්ත ගල්ලේ ප #යා දොඩවන්නේ නැතිව ඉදපන්."
"Sunil Panadura","","ඔය ඥානසාර හාමුදුරුවන්ගේ වැඩේ වන කරන්නේ ඔය තිත්තය තමයි. ඕක ලස්සනට ගොඩදාන්න පුළුවන් එක එක හාල්පාරුවො ඕක මැද්දෙට පනින්නේ නැත්නම්."
"Ishara Atula","https://www.facebook.com/ishara.atula.7","පුක දීපන් හු# කැ# ගනයා😂"
"නිශාන්ත දනුශ්ක.","https://www.facebook.com/nishsntha.danushka","පචයට කෙලින් එන්න බැ, කිව්ව බොරු ටික නිසා, වාචාල ඩෝබියෝ  දාලා හාමුදුරුවන්ව නිහඩ කරන්න බලන්නෙ"
"Ranesh Cooray","https://www.facebook.com/ranesh.shasika","මූට කතාකරන්න මූ මොන කහකඩ සිප්පියෙක්ද"
"Geethanjana Senanayaka","https://www.facebook.com/ranga.tha.773","රට ජාතිය ආගම විනාශ කරන මේ වගේ කාලකන්නි හොර ගණ ගෙඩි ගෙඩියන්ව පරාක්‍රමබාහු රජතුමා කාලයේ වාගේ බුද්ධ ශාසනයෙන් පහකුට රටෙනුත් පන්නා දැමිය යුතුයි උතුම් බුද්ධ චීවරයට මුවාවෙලා ආගම විනාශ කරන හොර දේශපාලුවන්ව ආරක්ෂා කරන බුදු දහම විනාශ කරන"
"Janaka Pathmapriya","https://www.facebook.com/pathmapriya.gunathilake.7","[Image Attachment]"
"N.Yoganathan ","https://www.facebook.com/n.yoganathan.2025","අදර්මිස්ට ජනාධිපති වරු තිට්තයට පෙන්නෙ දර්මිස්ටයො හෙටියට දර්මිස්ට AKD ජනාධිපති     තිත්තයට පෙන්නෙ අදර්මිස්ට හෙටියට මොලේ වෙරෙඩ්ද හාමුදුරුවනේ පව් කියල හිතෙනව"
"Channa Kariyawasam","https://www.facebook.com/people/Channa-Kariyawasam/pfbid024CxcNWhAURoEtpgqiq7AKVeRD47Udq5fvdXPr6S4Y24HpjCk5EmJLaUDEz423a5xl","[Image Attachment]"
"Zaid Raizeen","https://www.facebook.com/zaid.raizeen","😂🤣😂🤣😂"
"Ravi Bopara","https://www.facebook.com/ravi.bopara.89545","😹"
"Indrajith Silva","https://www.facebook.com/indrajith.silva.300894","[Image Attachment]"
"Rohan Peiris","https://www.facebook.com/rohan.peiris.393","[Image Attachment]"
"Chandrika Kariyawasam","https://www.facebook.com/people/Chandrika-Kariyawasam/pfbid02EtqUc6D3jkejDHEmuxHRoMfJixNm1sqs2XUds6zFCvmb8kRbyjqrmYvURnP7idfGl","Mu වනචරියෙක්"
"Chinthaka Kulathunga","https://www.facebook.com/chinthaka.kulathunga.988","[Image Attachment]"
"Ruwan Edirisinghe","https://www.facebook.com/ruwan.edirisinghe.108","[Image Attachment]"
"Nimal Abeyrathne","https://www.facebook.com/people/Nimal-Abeyrathne/pfbid0mQUh3LqGUKc5bPjd8L8tYRHYWJDDV58Rzj9jkyYAy9WnqDEjkAMR7UJybxnqSbJUl","🐂🐂🐂🐂🐂🐂🤣🤣🤣🤣🐈🐈🐎🐎🐕🐕🐆🐅🐅"
"Ruwan Fernando","https://www.facebook.com/sonu.fernando.9","[Image Attachment]"
"Puwanesh Puwanensh","https://www.facebook.com/puwanendiran.puwanensh","@followers"
"Jayamanohar Subramaniam","","[Image Attachment]"
"Ramaish Kumara","https://www.facebook.com/ramaish.kumara.9","[Image Attachment]"
"Ranjani Wijewicrama","https://www.facebook.com/ranjani.wijewicrama","[Image Attachment]"
"Rathnayake Rm","","😂😂"
"Ramani Jayasinghe","","👌🇱🇰"
"Sajith Wickramasingha","","Chamly Ambawattha"
"Oliver Thilak","https://www.facebook.com/oliver.thilak","[Image Attachment]"
"Ananda Bandara","https://www.facebook.com/people/Ananda-Bandara/pfbid02wYnsJf3vKsP6L14VhgsTKWqUhNDR7wiVYBQBavQboroj35rwFpC6nzt26jHV1yApl","[Sticker]"
"Roshan Tharanga","https://www.facebook.com/people/Roshan-Tharanga/61585058933507","තිත්තගල්ලෙගෙ සද්ධාව බෙරෙනව"
"Niyo Wihanga","https://www.facebook.com/people/Niyo-Wihanga/pfbid029qcALh75EDkUyWkCQB1bJkrCRP6JLyqLUUpViCcecnU5cj2L67MkT5sPbRE2Hpmol","🤣"
"Nelum Yatalamatta Gamaghe","https://www.facebook.com/people/Nelum-Yatalamatta-Gamaghe/pfbid0YFKNZs75BfrkLHaszBZsb4mkxF7L7HLhjt1hYzqDKY5ZRYpWC2chthJJioctd5LAl","👍🏻👍🏻👍🏻👍🏻👍🏻👍🏻👍🏻👍🏻"
"Chandana Hemantha","https://www.facebook.com/chandana.hemantha.738848","[Image Attachment]"
"Nadun Sanjeewa","https://www.facebook.com/nadun.sanjeewa.92","🐂🐂🐂"
"Sameera Perera","https://www.facebook.com/people/Sameera-Perera/pfbid02cTWZ3onyax3Y3KivdMcSMXFLh7xFXMMiTSqe3Uqjuk8VpcWeafCyuJXCqPRHoToQl","🇱🇰🌠♣️🌹💎🙏🧡🙏👍👏"
"Withanage Perera","https://www.facebook.com/withanage.perera.354097","❤️❤️🔥🔥"
"Rumesh Dhanushka","https://www.facebook.com/rumesh.dhanushka.33","[Sticker]"
"Muhamodh Remzy","https://www.facebook.com/mrm.rimzi","Nalinda Weeramuni 🤣"
"Raju Fernando","https://www.facebook.com/people/Raju-Fernando/pfbid0aGcK8mL86SBvnLnUezPfKUv4K29XTaKhUMRtF2ytMHqzUzUkjQT4azyCyvdgr2vSl","👍👍👍👍👍"
"Helmy Rahmn","https://www.facebook.com/people/Helmy-Rahmn/pfbid0TL4UgVjkHWLyDxscKz68kxa7Zwu3HajnAtvTPtviDiTwJyfTgVa4nGHkEEGezGU6l","[Image Attachment]"
"Gogoi Aj","","මොකෙක්ද මේ සිවුර දාපු කැරිය මුගෙ නම්බර් එක දාපංකො බිව්ව වෙලාවට ආතල් ගන්න"
"පිට්ටුවා - Pittuwa","https://www.facebook.com/people/%E0%B6%B4%E0%B7%92%E0%B6%A7%E0%B7%8A%E0%B6%A7%E0%B7%94%E0%B7%80%E0%B7%8F-Pittuwa/100075952848696","Next siura adagena sataketa Kade yanne me pissa.. muta dan nam track"
"Tharisi Perera","https://www.facebook.com/people/Tharisi-Perera/pfbid029RueGiKymjpT2VLiora2hnJKM1dXCFeDs6UC5eb9vbC1ja9yh3ihPPDdDEy4VBSal","[Image Attachment]"
"Jayaweera Pranaandu","https://www.facebook.com/people/Jayaweera-Pranaandu/pfbid02enpcLuujqaELRFrLYNCs7CiJBWXAz5Bh1hAzcCj8KfqXe7A9gAa7goUTzZJ34Uv9l","[Image Attachment]"
"Chaminda Gamage","https://www.facebook.com/harshaginige","😂😂😂"
"Sumeda Priyadarshana","https://www.facebook.com/people/Sumeda-Priyadarshana/pfbid0t2MJjFSt1dvH9yfaPfnk9M6xhoCokKGisA5iZTq9FHzjxXozpQ1oikQCbMAWPGzvl","[Image Attachment]"
"Jayarathna Jj Jj Jayarathna","https://www.facebook.com/jayarathnajj.jjjayarathna","මේ  කහ   බල්ලො  එලවන්න   ක්‍රමයක්   නැද්ද"
"Wijesiri Mahadurage","https://www.facebook.com/people/Wijesiri-Mahadurage/pfbid021W8ifUtoLLPvBRuqw3jgquJYLirVh2eSgzbXoNh4JzBSsJku5nAUpTa83P3xYSt8l","ඔව් මහින්දලගෙ පුතතු දලදා මාලිගාව ඉස්සරහ රේස් පදිනකොට ⁣උබ කොහෙද හිටියෙ ,ජනාධිපතිගෙ වගතුග බලන්න මෙි  නරිය මොකෙද්ද,මතක තියගනින් ඔීලමෙට්ටලයා තොපි අපිට පවු දෙනව,යකෝ තෝ කවුද පකයො ජනාධිපතිවරයාට අවලන් කතා කියන්න,රටේ ජනතාවගේ බලයෙන් පත්කරපු නයකයා කියලා දැනගනින් පකයා"
"Lasitha Don","https://www.facebook.com/lasitha.lakshan2","[Image Attachment]"
"Roshan Roshan","https://www.facebook.com/roshan.roshan.880656","[Image Attachment]"
"Mid Nite","https://www.facebook.com/saga.kuma","[Image Attachment]"
"Gamini Abewardhana","https://www.facebook.com/gamini.abewardhana.56","උඹ වගෙ ගඳයෙක් එක්ක වාද කරන්න පිස්සු නෑ..."
"Ramani Liyanage","https://www.facebook.com/ramani.liyanage.73","මේ වගේ ගොං කහකඩයන්ට කතා කරන්න අපේ ජනාධිපති තුමාට පිස්සු නෑ මුං රටට සාපයක් හොර කහකඩයා"
"Nalin J Gajanayaka","https://www.facebook.com/nalin.j.gajanayaka.2025","තිත්තගල්ල කියන්නේ කැරියෙක් අපි දන්නනවා අපි ගාල්ලේ උ අහංගම මුට ඔනේ ප්‍රසිද්ද වෙන්න"
"Shiranthi Withanage","https://www.facebook.com/shiranthi.withanage.330009","Nalin J Gajanayaka ow samantha badda ge 2"
"Rasika Lakmini","https://www.facebook.com/people/Rasika-Lakmini/pfbid0AW3rZFfuSjaRaXd83Lqj7WqgU8qRwYrgzjqa5B4kxx83PPUCnZwfTVk7sAMKBCt5l","[Image Attachment]"
"Sethsirisilva","https://www.facebook.com/sethsirisilva.sethsirisilva","මෙයා මානසික රෝගියෙක් ඉස්පිරිතාලෙට දාමු"
"Raveenthy Raveenthy","https://www.facebook.com/raveenthy.raveenthy","යන්නම .වනචාරි මුසල මුඩුම කාලකන්නි හොරගනගෙඩි තට්ටයා අවලමා .බොරැම බොරු පචකතා කියවනවා පිස්සු කෙලිනවා අවලමා අපිට දකින්නට නැතුව තොලොංචිවෙලා හැදිගැවිලා තොලොංචිවෙලා .පල.ගස්පඩන්ගුව"
"Susanth Thalahagama","https://www.facebook.com/susanth.thalahagama","[Image Attachment]"
"Ak B Nisha Abeysinghe","https://www.facebook.com/people/Ak-B-Nisha-Abeysinghe/61566593351282","හාමුදුරුවෝ කිව්වෙ අහගත්තනෙ රංජන් වගෙ විඩියො රෙකොඩි කරපු මෙයා මහා මොඩයෙක්"
"Prasanna Priyankara","https://www.facebook.com/prasanna.priyankara.378886","වල් පාහරයෝ තෝ ජනාධිපතිට ඔහොම බැණ බැණ  අත්සන් එකතු කරල ඕක ගිහිල්ල දෙන්න ඕන නේද .....ජනාධිපතිට......අබමල් රේණුවක මොළයක් තියනව නම් තෝ හිතනවද සමාව දෙයි කියල ඔහොම ගොන් වස්සෙක් තෝ......"
"Virajith Thewarapperuma","https://www.facebook.com/virajith.thewarapperuma.2025","අනිත් එක මෙිවගේ හිකනලෙක් වාද කරන්න අනුර කුමාරට ඔලුවෙ අමාරුවක් නැහැ. ⁣"
"Rajah Cicil","https://www.facebook.com/rajah.cicil","අනේ පල කහකඩ වනචාරියා . උඹලා ඔය විදිහට ජනතාව පත්කර ගත්තු අාන්ඩුවත් ඵක්ක නටන්න පටන් ගත්තොත් තොපි ජනතාවගෙන් ගුටි කන දවස වැඩි අෑතක නැහැ . 😡😡😡😡"
"Nanda Shantha","https://www.facebook.com/people/Nanda-Shantha/pfbid0vy3fVFjith3MNVRhh74zhVEkrggyDZyuNEa9K1A4nveNpdEQYdKXztBzLpnugLb4l","හුත්තගල්ලෙ   පකයා     බන්කොලොත්    කරපු   රට    ගොඩදානකො   ජනාධිපති     තොට    බඩුගහන්න   බඩුද   ඉල්ලන්නෙ    වේසිගෙපුතා    තෝ   ගෝරිල්ලා   අරක්කු    බොන  බව    බඩුකාරය   බව   මුලු   ලංකාවම   දන්නවා   වරෙංකො    අත්සන්   ගන්න   ආවහම   අනිත්ටික   කියල   දෙන්නම්   සක්කිලි    බල්ලා"
"Welimada Wimala","https://www.facebook.com/priyankara.rathnayaka.7509","Nanda Shantha"
"Pasinda Gamage","https://www.facebook.com/pasinda","Ven Thiththagalle Anandasiri Himi නෝන්ඩි වෙන්න එපා බං සිවුරකුත් තියාගෙන"
"Sarath Sarath","https://www.facebook.com/sarath.sarath.743595","තොපිවගේ කාලකන්නි ගෝකයෝ එක්ක පේසටු පේස් එන්න වෙලාවක් නැහැ ⁣ොල තෝ මොන හිපාටුවෙක්ද"
"Naga Raja","https://www.facebook.com/people/Naga-Raja/61558308835720","අපිට බුද්ධාගම බේරගන්න වෙලා තියෙන්නේ මේ අවජාතක කහකඩයන්ගෙන්  මුං නිකං පාතාල කල්ලියක් වගේ"
"Chandana Ranathunga","https://www.facebook.com/chandana.ranathunga.399","තිත්තගල්ල උඹ ගම්පහ ටියුෂන් ගුරා අමිත් පුස්සැල්ල එක්ක රගන්න වරෙන්කෝ.අසූචි නාලා යන්න වෙන්නේ. ගලගොඩයගෙ සට්ටැඹියා ."
"S.N. Algewaththa","https://www.facebook.com/s.n.algewaththa","තිත්ත ගල්ලේට දීප බොරු පොරොන්දු මොනවද රට ප්‍රපාතයට දාන්න නොදීම වෙන්න ඇති නේද රාජපක්ෂලාට සුදු හුණු ගාන කොනෙක් මේ ගොල්ලෝ සිඋර දාගෙන ඉන්නේ හේතුව දන්නව නේ අමුතුවෙන් කියන්න ඕන නෑ නේ 😀 😁"
"Sky Weigh","https://www.facebook.com/sky.weigh","බික්ෂුවක් විදියට සාසනයට වෙන්න ඕන කාර්යභාරය කලාම ඇති අපිට, ඒ ඇර එක එක දේශපාලන පක්ෂ වලට පුක දෙන එක නතර කර ගත්තනම් හොදයි මොකද ඔයා විනාශ කරන්නේ මුලු බෞද්ධයන්ගේ ම ආත්ම ගෞරවය...."
"Sampath Kuruwita","https://www.facebook.com/people/Sampath-Kuruwita/pfbid028brbqYF9HjRcegXQv7XvPhwk734GdaKSb7UqxuDmhsQsNLWNxKzguuXRn7zqKhKZl","අනේ තිත්තයො උබ ගිහින් මුලින් අටවත් පාස් වෙයන් කහකඩය ඔය කහකඩ පකයගෙ පෝන් නොම්මරේ දීපල්ලකො"
"Niyo Wihanga","https://www.facebook.com/people/Niyo-Wihanga/pfbid029qcALh75EDkUyWkCQB1bJkrCRP6JLyqLUUpViCcecnU5cj2L67MkT5sPbRE2Hpmol","ඔය තිත්ත ගල්ලේ පගයා ඉන්නව නේද ඕක තමා ජාතිවාදය අවුස්සන ඊලග එකා.  තොට කරන්න වෙන්නැහැ මිනිස්සු දැන් හරිම බුද්ධිමත්. සහ ජීවත් වෙන්න ක්‍රමයක් නැතුව අම්මා තාත්තාගේ ආදරේ අහිමිවෙලා මහන උන එකෙක් මූ. බොරු නන් මතක පද වැඩසටහන බලන්න ගිහිල්ලා. උත්තෝ කහ කඩේ පොරව ගත්තනම් ජීවත් වෙන්න ක්‍රමය නැතිව ඕකෙන් ජීවත් වෙන්න. පුප දෙන්න හදන්න එපා දැන් තියෙන්නේ මහජනතාවගේ ආණ්ඩුව තොපේ ආණ්ඩුව නෙවෙයි"
"Premarathne De","https://www.facebook.com/premarathne.de","සිවුරැ ලාගත් භයානක අමනයෝ..."
"Dhave L Tholkamudali","https://www.facebook.com/Dhave.L.Tholkamudali","තිත්ත ගල්ලෙ ඇත්තටම උගන්නපු අභිධර්මයත් මෙහෙම්ම ඇති නෙද ? බලං ගියහම සාසනෙ විනාශ කරන්නෙ මෙයාලමයි නෙ 🤮"
"Samudra Kanthi","https://www.facebook.com/samudra.kanthi.2025","සිංහයො ඌරොත් එක්ක ලගින්නෙ නැති බව හාමුදුරුවො දැනගන්න"
"Sakthiramanan Thangavel","https://www.facebook.com/sakthiramanan.thangavel","Pissu Hamuduru, thopita nadu 14 thiyanawalu athatha"
"Leelasena Jayaweera","https://www.facebook.com/leelasena.jayaweera.5","මේවගේ හාල් කෑලි සමග මොන ව්වා ද"
"Yapa Samaranayake","https://www.facebook.com/yapa.samaranayake","තොගෙ අම්මට ...ක පි ය  ගූකන වලදන  පකයා රාජපස්ස  ලා පිරිත් නූල් බැද ගෙන රට බංකොලොත් කොරන කොට තොගේ අම්මට  ..කැව්වද"
"Owala Rathnasiri","https://www.facebook.com/owala.rathnasiri","පල් කැරි කහකඩ හුත්තො"
"Sarath Weerawansha","https://www.facebook.com/sarath.weerawansha.708636","තෝ කවුද යකෝ රටේ නායකයත් එක්ක Face to Face කතා කරන්නෙ හු ,, ගල්ලෙ වනචාරිය"
"Amarasiri Wanasinghe","https://www.facebook.com/amarasiri.wanasinghe","තොපි මහන උනේ දේසපාලනය කරන්නද සාසනය රකින්නද පල් හොරා"
"Gamini Silva Jayathilaka","","මූට කථාකරන්න ඕන හුත්තේ ගල්ලේ කියල. කලින් කලට එන සිව්රු රදවන වේසිගේ පුතාල."
"Sadiq Sajahan","https://www.facebook.com/saaf.saaf.77128261","අනේ ෆේස්ට්ටු ෆේස් එන්න මෙයා බඩුවක්මයි"
"Jagath Aravinda","https://www.facebook.com/people/Jagath-Aravinda/pfbid02ukiPVWnhbC6j5PiNLFhPswC4ftbpu91keGvAf1nHCcfpaASJSqj1rsxM4eSUZs6il","මෙ මහනගෙ 4n එක පූළුවන් නන් මට එවන්නකො"
"Jagath Aravinda","https://www.facebook.com/people/Jagath-Aravinda/pfbid02ukiPVWnhbC6j5PiNLFhPswC4ftbpu91keGvAf1nHCcfpaASJSqj1rsxM4eSUZs6il","තිත්තගල්ලෙ අප්පිරිය...තොගෙ අම්ම සනීපෙන් ද මට ආශයි තොගෙ අම්මට හුකන්න"
"Gamini R. Fonseka","https://www.facebook.com/GaminiRF","කොයි රටේද ජනාධිපති කෙනෙක් සිවුරු රඳවන එක්ක  වාද කරන්නෙ. හිතාගෙන ඇති කහපාට රෙදි පොරවගත් පමනින් සුපේශල  සික්ෂාකාමී භික්‍ෂූන් වහන්සේ හැටි කෙනෙක් හැටියට මේ පොර පිළිගනියි කියලා"
"Pushy Nathan","https://www.facebook.com/people/Pushy-Nathan/61564567628581","Mughay Abidhamma biting back now...thuk vitharak may waaghay amana kaha bedsheet porawaaghatha ghanayek !!! Dan mughay aghay thela vadivelaa..penennay nathda mughay size eka, Walahek vaaghay !!"
"Lakshini Perera","https://www.facebook.com/lakshini.perera.184","අඩගහපන්කො හේමරතනයට face to face ස්ත්‍රී දුෂණ ගැන වාද කරන්න. කාලකණ්නි හැත්ත මීක් නෑ ඒවට"
"Chandrarathna Bandara","https://www.facebook.com/people/Chandrarathna-Bandara/pfbid029VWeUAbSZnNVXvqWP4SWT7YyqRdyMSyd5oDCgTQbcjQPWEvy6odHL79gjHVUkW3hl","මූ මොකෙක්ද ජනාධිපති උඹ ළගය ගෙන්වා ගන්න.රටෙ මෙතරම් ගැටලූ තියෙද්දි.ද්වෙෂයෙන් කතාකරන මෙකාලග පංචශීලය වත් නෑ.සංග සංහතියම කනවා."
"Piyal Udaya","https://www.facebook.com/piyal.udaya.56","ජනාධිපති වෙනුවට කතා කරන්න උඹ මොන ගෝතයෙක්ද"
"Shyamal Shyamal","https://www.facebook.com/people/Shyamal-Shyamal/pfbid05oa4TbcDAVKW1vhVmL99h42NwVHjM9k7E3qVSz3omMu13b23p2D5KpgtZpAZnABPl","හරි උඹ කියන්නේ දැන් උඹලට බොරු බොරු පොලොන්තු දුන්නයි.කියලනේ  බලපන් වලවා බඩු ගාලා  උඹේ ඇඹිලිපිටියෙක් නොන්ඩි කාන්තිගේ දුව නිවන් සුව යවලා  උමන්දාවක්.කිරිවත්තුඩුවේ ගෑණිවයි ළමයි දෙන්නෙක්ව තනි කරලා  පල්ලේගම පොල්ලේ හම ගහලාපල්ලේගම පොල්ලේ හම ගහගෙන පොඩි තව්වකට  ."
"Anuruddha Buluwane Vidanelage","https://www.facebook.com/anuruddha.buluwane.vidanelage.2025","මේ වේස සිවුරු මුදලාලි නම් බෞද්ධ නෙවෙයි"
"Mohammed Ismathulla","https://www.facebook.com/people/Mohammed-Ismathulla/61581867991953","Car Rase eka edha Karana kota Koy kawruth bayay sudu van welata.indra Motors Ekay Anugrahaya .ena ena Rajayawal welata mukku Gahanawa indrals wage loku wiyaparakiyan. Anikuth wiyaparakayantath samase(bus kota)  thenek Dhenna janapathithumani🙏🙏🇱🇰🇱🇰🇱🇰"
"Supun Perera","https://www.facebook.com/supun.perera.94","මේ බලු හුත්තිගෙ  පුතව අල්ලා  මූව වදපු  මුගෙ  අම්මට  ම hu       k       wa  nna  ඕන  බලු වෙසිගෙ සිවෘරු රදවන පකය"
"Rasika Lakmini","https://www.facebook.com/people/Rasika-Lakmini/pfbid0AW3rZFfuSjaRaXd83Lqj7WqgU8qRwYrgzjqa5B4kxx83PPUCnZwfTVk7sAMKBCt5l","Dalada.maligawa.issarha.res.padinna.tiya.pare.yanna.be.policeyen.innawa.boru.nokiya.hI tapas Jvp.karayo.dalada.maligawata.gini.tibbe"
"Diluk Gihan","https://www.facebook.com/diluk.gihan.7","සංඝරත්නයට  ගරැ කරපන් පනෝ..තොපිවගේ හගන හුත්තල හින්ද තමයි මේ රටේ මෙචචර විනාශ වෙන්නෙ"
"Thusitha Chandrathilake","https://www.facebook.com/thusitha.chandrathilake","පිස්සු පම්කෙක්"
"Wimal Dewaraja","https://www.facebook.com/wimal.dewaraja.2025","උමන්දාවෙයා තිත්තගල්ලෙයා මිහින්තලයා අටමස්ථානයා මේ රට විනාශ කරන පාහරයො හතර දෙනෙක්"
"Alian Joyce","https://www.facebook.com/alian.joyce.2025","මු මොන පකයාද කැරි ගනබල්ලෝ රාජපක්ෂ ගේ හෙරලියගේ කිමිබ ලෙවකාපන් යටජංගිය නහයට තියාගෙන ඉබපන්"
"Tanmakk Kaluthara Kularatne","https://www.facebook.com/people/Tanmakk-Kaluthara-Kularatne/100011412049988","මුගෙත් ඔලුව ඉදිමිල. කහරෙද්දක් පෙරවපු පලියට රටේ‍ නායකය ඌට බයවෙන්න ඕන කියලද මූ කියන්නෙ. මහන වුනානම් පන්සලට වෙලා හිටපන් බූරුවෝ."
"Cyril Hemachandra","https://www.facebook.com/people/Cyril-Hemachandra/pfbid02RAgmkcQK5p4XAgQmzHtx4RepWswbKrGJ6HaKqVmuyz4NJLBfUSKMytY85daudtzJl","රාජපක්ෂලා රේස්  පැද්දට සිංහල ජාතියට බුදුදහමට අගතියක් කලේ නෑ"
"Chandika Rupasena","https://www.facebook.com/chandika.rupasena","පොන්නයා තෝ කොහෙද හිටියේ . සජඝයාට අපහස කරන උඹලට යක්න අපායක් හදා ගනින් . කල්ලතෝනියා"
"Gamini Kumara","https://www.facebook.com/people/Gamini-Kumara/pfbid0fah42VSM2JARsdwETU3JPpomFrq6WBZyuvUJ86XTtnNcqkCMBhydEkMpZxjjsdMTl","අනිවාර්‍යෙන් නනසාර තිත්තගල්ලයාගේ පන්සලේ හරි මිහින්තලේ පන්සලේ හරි හන්ගලා ‍‍ඇති.ෂුවර්"
"Gamini Kumara","https://www.facebook.com/people/Gamini-Kumara/pfbid0fah42VSM2JARsdwETU3JPpomFrq6WBZyuvUJ86XTtnNcqkCMBhydEkMpZxjjsdMTl","බොල කැරියෝ තෝ අනුරට ලූනු බික්කක් වගේ"
"Wiyan Fernando","https://www.facebook.com/wiyan.fernando.1","හුත්තෙ මහිනදය ගෙ පරමිපරව රට කද්දි තො කොම වෙළඳ හිටියෙ. තෙ මහින්ද නිකායෙ කියල දන්නව තොගෙ කට පණ අවෙ නිතිය  හරියට යද්දිද බල්ලො තෙගෙ කට හොඳයි  තොගේ වටෙ ඉන්න බත්බැලයන්ට"
"Arish Konara","https://www.facebook.com/arish.konara","මම .lankawa.Hitiyanam.kari.kahakadayata.ගහනවා කැරී  Ata දෙකෙන් .visi.වෙන්න Tho මොකක්ද  ජනාධිපති තුමා .අභියෝග  කරන්න  kariya අපිත් europe මල්ලි"
"Sarath N Perera Ushettige","https://www.facebook.com/people/Sarath-N-Perera-Ushettige/pfbid02FpgEL1HwRYCu7qCtMWPctDqrK5ipircrpUcKseuysUKbevdGPBM3asPz2QnWcHNfl","තිත්තයො, ඉත්තෑවො, වගෙ සත්‍තු මහණ කළාම කේස්! ඕකතමා කියන්නෙ. මූත් ඔය කුඩු ගෙන්නන ඒවට අනිවාර්යයෙන් සම්බන්ධ ඇති! ඒකයි මේ ආණ්ඩුවට විරුද්ධ."
"Ranjana De Silva","https://www.facebook.com/ajantha.ranjana","අපේ ජනාධිපති තුමාට වැඩනැ⁣ නෙ මෙඅපතයත් එක්ක කයිය ගහන්න අල්ල ගනින් බල්ලෙ ක් දැන් අරැ වගෙ මුත් රගන්න ඇවිල්ලා ගලවපිය ඔය සිවුර අපිට පවු නොදි"
"Jayantha Rathnayake","https://www.facebook.com/jayantha.rathnayake.641632","Ruwan Weerasooriya  මූ හිතාගෙන ඉන්නේ ගොමකුරුමිනියෝ  එක්ක   ජනාදිපතිට කතාකරන්න වෙලා තියෙනවා කියලා"
"Saman Saman","https://www.facebook.com/people/Saman-Saman/100030224244024","මු අමු ගොනා  මු කවුද අනුර ඉදිරියේ පිනට කන අවජාතකයේක්"
"Roshan Perera","https://www.facebook.com/roshan.perera.3958","Mey wage ewunta paratawath bhinda denna hoda nha...munta garu karala kathakaranna hoda nha.."
"Anurudda Boralasgamuwa","https://www.facebook.com/people/Anurudda-Boralasgamuwa/pfbid0mvBZjEUs9XvfmPy8KdaeRV9JvNGsgbNpwBQGTjGJKCTzHyJeW9PaWiHX1oyfH9aml","අනේ සාදු අනේ සාදු,මිත්‍යා දෘශ්ඨිකයො ,මිත්‍යා දෘශ්ඨිකයො එක්කම කෙලගනිල්ල,,,අපිට දෙගොල්ලොම තිත්ත වෙලා තියෙන්නෙ...😛"
"Shamali Wijendrika","https://www.facebook.com/shamali.wijendrika","තෙරූවන් මුල් කරගෙන මේ  ආගම වනසන්න ආව කාලකන්නි සිවුරු රදවන 😮"
"Sudarshana Marasinha","https://www.facebook.com/sudarshana.marasinha.2025","ගෝලයෙක් නැති වෙනකොට ගෝතයෝ 1000ක් උපදිනව"
"Solanga Nicholas","https://www.facebook.com/people/Solanga-Nicholas/pfbid02fpZPJY7MpMg8WjzxHeUtJVttxXWMVWPbfyo7QPjFjSVzBEKCGUQBnVUEPjhMZVyUl","Me ganya hetnwan atei....අනුර ජනාධිපති තුමා ,mu වගේ penata කාකා ennwa keyla.....මේ තවත් හොරෙක්..."
"Sarath Amarasinhe","https://www.facebook.com/people/Sarath-Amarasinhe/pfbid02rqDjNySUmADdeU6fhp5tYKVYsrq1bPJYmPMXcpa5oA3diJdwYp1PrMYsLfMRXPg6l","O"
"Keerthi Ilankoon","https://www.facebook.com/immkilankoon.ilankoon","ඕකා සත පහක වැඩක් නැති ම්ත්‍යා දුෂ්ටික හොර ගනයෙක්"
"Bante Bodhi Rathana","https://www.facebook.com/mahe.p.gamage","Malegawa wate geye atbule newe"
"Vinodani Gunarathne","https://www.facebook.com/vinodani.gunarathne.494535","රාජපක්ෂ ලාට පුක දෙන උන් වෙනුවෙන් පෙනී සිටින රටට හෙන ගැහුවත් මුගේ බඩගෝස්තරේ රැක රැකගන්න දරන හිපාටුවෙක්"
"Harsha Bandara","https://www.facebook.com/harsha.bandara.5815","මේ වසලයත් එක්ක වාද කරකර ඉන්න ජනදිපතිට වෙන වැඩනැද්ද.සිවුර දාගෙන නෑමොලයගෙ පස්චාත් බාගෙ ලෙවකන එකෙක් එක්ක මොන වාදද"
"Prasantha Sanchka Athuraliya","https://www.facebook.com/people/Prasantha-Sanchka-Athuraliya/pfbid02mm1S6zBdjZC2iEJmqBSC5HRt4XNBytkWqhD9iSGgq83zLJEtTLK36FK32ERjus1xl","මූ මොන ගම් කබරයෙක්ද නිගණ්ඨ පොන්නයා"
"Roshan Samarathunga","https://www.facebook.com/people/Roshan-Samarathunga/pfbid0EJDaHqDZ37Ms3scdoEKUcMoJ53mXh4tTsMrC9kPc3fW6ndSCHELktKRLDRyAweDml","තිත්ත ගල්ලේ හුත්තිගෙ පුතෝ පිනට දෙනදේ  කෙලල පාඩුවේ  හිටපං පකෝ"
"Srimal Abeysekara","https://www.facebook.com/srimal.abeysekara.1","මූත් පල්හොරුන්ගෙ පස්ස ලෙවකන හාල්පාරුවෙක්."
"Gamage Gamini","https://www.facebook.com/people/Gamage-Gamini/pfbid0VywM44ACMYa2Es78SuC1LovSfwsmXJm7irzrSZD6uaxUFpFH5wuUUANG6zNnFggSl","මේ සිවුරක් පෙරෝ ගත්ත අංග සම්පූර්න මානසික ලෙඩෙක්.සනීප කරන්න පුළුවන් රාජපක්ෂ නිකායට රටේ පාලනය ගන්න පුළුවන් වුනොත් විතරයි."
"Nethra Vikramasinhe","https://www.facebook.com/nethra.vikramasinhe","ඔය පක්ෂයට හුකාගන්න කියන්න තෝ මොනහුතේක් ද බං පකයා"
"Upasaka Matha","https://www.facebook.com/people/Upasaka-Matha/pfbid0jVX8gCP9QawLVfPpbbGDdCJwLVv7yYKAkWPH5JxDrw9FmoThd3aR5W2N7UxhiwAWl","තිත්තගල්ලෙ.තොටත් වෙන්නෙ නාන්සරයට  වුන දෙ තමයි  ඌ හැන්ගිල තොත් හන්ගියන්  තොට පොරොන්දු  ගැන කතා කරන්න මොකක්ද්ද් තියන් අයිතිය තො චන්දෙ දුන්නෙ හොරුන්ටනෙ ඉතින තො කොහොමද  පොරොන්දු  ගැන් කතා කරන්නෙ  මෙ බුරුවො දෙන් දෙ කාලා වෙන් දෙ බලාන හිටපිය පාහරයා"
"Sathyajeewa Vijendra","https://www.facebook.com/sathyajeewa.vijendra",",ධර්මය විකුර්තිකරල ම්නිස්සු රවට්ටං කා බී ගොබ්බ ආතල් ගන්න ආගමක් නේද බොට තියෙන්නෙ😂😂😂😂"
"Anil Wasantha De Silva","https://www.facebook.com/kushi.desilva.73","මෙ හොර ගනයෙක් කිසිම උගත් කමක් නැ."
"Palliyaralalage Don Dinesh","https://www.facebook.com/palliyaralalagedon.dinesh","මුනම් වේසම වේස ගනයෙක්"
"Saman De Zoysa","https://www.facebook.com/saman.dezoysa.10","කැරි පට්ට හුට්‍යිගෙ අවජාතක ඌරු තිරිසනා කහා රෙද්දෙන් මූණ වහගෙන ඉන්න අවජතල්ක බල්ලා . ම්‍ර්‍ර් තිරිසනාට ආගමක් නැත්තේ ආගම විකුනාගෙන කන සක්කිලි බල්ලා"
"Ajantha Amarakoon","https://www.facebook.com/ajantha.amarakoon.5","ඔය කහකඩයත් කතාකරන්න ජනාධිපති මොකාද මේ උඔලාට ඕනෑ ව්දිහට නටවන්න බැ"
"Pinky Yush","https://www.facebook.com/people/Pinky-Yush/pfbid0dsXb1EVtE2TAHJSbJj7TB8GjgWVfChxH2C6znwhvP36AqFjWbG5UJPUGaMpJa95Zl","කාර් රෙස්වගේද දැන් ඩොලර් මිලියන  2,5 හැක්"
"Cecil Nihal","https://www.facebook.com/cecil.nihal.2025","අඩෝ කලුබල්ලා තෝ කොහොමද ජනාධිපතිට වරෙන් කියන්නෙ...තෝ මොන ඩස්පියෙක්ද keriyaa......"
"Vijaya Rathna","https://www.facebook.com/people/Vijaya-Rathna/pfbid02MBNxyMseo7TGd71B9iAcUcdVYJM6FxpkELqaod6cBTBQHGgPrxbgteDAwGLhFeYkl","Okun  mahindage Hal keli"
"Harsha Perera","https://www.facebook.com/harsha.perera.56808995","මු මොන වේස බල්ලෙක් ද බන්  සිවුර දාගෙන හොරුන්ට පුක දෙන po න්න වේC ගෙ පුතා 😁"
"කේ. මලවිආරච්චි","https://www.facebook.com/kularathna.malaviarachchi.92","ජනාධිපති තුමා නරියෙක් එක්ක වාද කරන්න ඕනද? මොකෙක්ද මේ  හොරිකඩ ඝනය.."
"Prasantha Sanchka Athuraliya","https://www.facebook.com/people/Prasantha-Sanchka-Athuraliya/pfbid02mm1S6zBdjZC2iEJmqBSC5HRt4XNBytkWqhD9iSGgq83zLJEtTLK36FK32ERjus1xl","රටෙ ජනාධිපති තුමාට මෙහෙම කියන්න මූ අට පාස්වත් නැ මූන දැක්කම පෙන්නෙ නැද්ද අව ජාතකයෙක් කියලා."
"Duminda Gamage","https://www.facebook.com/duminda.gamage.96","තිත්ත වෙලා අවසන් 😂"
"Chanaka Dahanayake","https://www.facebook.com/chanaka.dahanayake.927","කාලකන්නි වනචාරියා"
"Chanaka Dahanayake","https://www.facebook.com/chanaka.dahanayake.927","[Image Attachment]"
"Nishu Nishu","https://www.facebook.com/people/Nishu-Nishu/pfbid032SxRMzsVwo5ZHnJwc39GWYmyBg4sLzkeJA2CXq3j6bdVjikoxYnhKaq4bfy8kGkFl","මූට කියන්න ඕනි ඉස්සෙල්ල මහන වෙලා ඉන්න කියල..අනුන්ගෙ ධාර්මිශ්ඨ භාවය හොයන්න කලින් ඌ ධාර්මිශ්ඨ වෙලා ඉන්න එපැයිනෙ.."
"Thisara Thisara Wijesinghe","https://www.facebook.com/thisara.thisara.wijesinghe","මුන් තමයිමේ රට ව්නාස කරන්න සාටකයොන්ට කඩේ ගියේ...පර ගණයා...අලි පුකෙන් ආවඑකෙක්"
"Himashi Galappaththi","https://www.facebook.com/profile.php?id=100047098842989","ඔය ටෙලිෆෝන් එකෙන් කතා කරන එකා ලංකාවේ පොලිසි ගානකට අවශ්‍ය කරන හොරෙක්. එහෙම හොරුන්ට තමයි අද මාලිමාවේ ගැත්තන් දේවත්වයෙන් සලකන්නේ 😅🤣😂🤣😅😂 ඕකව මේ ළඟදි අත්අඩංගුවට ගත්තා"
"Kumbukgolla Weerakoon","https://www.facebook.com/kumbukgolla.weerakoon","[Image Attachment]"
"Samantha Senerath","https://www.facebook.com/samantha.senerath","Thithya puka nodi palayan ban"
"Mohamath Rakib","https://www.facebook.com/R.W.MOHAMATHRAKIB","අගමක් තියෙනවා නමි මනස්සයෙක්ට නමිබු දිල කතා කරන්න"
"Sajeewani Panagoda","https://www.facebook.com/sajeewani.panagoda","Nodaking titaiii. Khkadayoo"
"Dhammika Dhammika","https://www.facebook.com/dhammika.dhammika.240179","ඔය පර බල්ලන්ට සිවුරු ගලවලා ගහන්න ඕන කාලකන්නි ජඩ බල්ලෝ සාටක බල්ලන්ගේ පස්සෙ ගිහිල්ලා රට විනාශ කරනවා"
"Nandana Chandimal Edirisinghe","https://www.facebook.com/Nandana.c.Edirisinghe","බලන් ඉන්දි මුත් තක්කඩියෙක් . රාජපක්ෂලා මුගේ නඩු ටික රාජපක්ෂලා ගේ බලපැමෙන් අයින්කරලු නිසා මුත් උන්ට කඩේ වනවා"
"Upul Krishantha","https://www.facebook.com/upul.krishantha.172628","ඔහොම කඩෙයන්න එපා හාමුදුරුවනේ"
"Dilan Raymond","","😂😂😂"
"Nisantha Pinto","https://www.facebook.com/nisantha.pinto","[Image Attachment]"
"Janaka Anuradha","https://www.facebook.com/janaka.anuradha.5","කහකඩයෝ 🤣"
"Nisantha Pinto","https://www.facebook.com/nisantha.pinto","[Image Attachment]"
"Nisantha Pinto","https://www.facebook.com/nisantha.pinto","[Image Attachment]"
"R Sudu Sudu","https://www.facebook.com/gnan.asn.2025","කියන කොට එලි  නොවන  බොරු කියන්න එපා සිවුර දන් හොර කල්ලිය"
"හෙල දීපය","https://www.facebook.com/people/%E0%B7%84%E0%B7%99%E0%B6%BD-%E0%B6%AF%E0%B7%93%E0%B6%B4%E0%B6%BA/100008433345988","[Image Attachment]"
"Saji Sanju","https://www.facebook.com/profile.php?id=100080162717285","මූ තිත්ත ගල්ල නෙවෙ පකේ 😂ගල්ල"
"Janaka Wathugedara","https://www.facebook.com/people/Janaka-Wathugedara/pfbid02wcPtwLxUxsq577GBCL38RJjca2VtpCF2vrvc1m92fAaBkVm67CULJwxn478YVYj5l","සිවුරක් දාගත්තම පොරවල් කියලා හිතාගෙන ඉන්න සිවුරු රදවන😂"
"Sawa Sawa","https://www.facebook.com/sawa.sawa.225117","කැරි තට්ට පකයො මෙක අහපිය තොගෙ දෙමව් පියන්ට තිබ්බෙ හුකලා ඇදෙන් බහිනකොට ඇතුලෙ යවන්නැතු සරමෙ පියද ගන්න😂😂😂😂😂 මම"
"Ranjith De Silva","https://www.facebook.com/ranjith.desilva.526","කොමියුනිස්ට් පක්ෂයේ ඉන්න අය අන් අගමික ද .අදයි මම ඇහුවේ .අනේ මන්දා අපේ හාමුදුරුවරු දෙශපාලනය බදාගෙන බුද්දාගමත් විනාශ කරන්න යන්නේ ."
"Asel Kandewatta","https://www.facebook.com/asela.kandewatta","ජනාධිපති තුමාට මේ තිත්තකඩයිය මොන හි🦊වලෙක්ද 💩💩💩🤢🤮😡🤣🤪🖕"
"Chaminda Kumara","https://www.facebook.com/chaminda.kumara.637186","නිදන් හොරා මුඩු මහන තිත්ත හොරෞන්ට උත්තර දිදී ඉන්න වෙන වැඩ නැද්ද රටේ ජනාධිපති තුමාට මුං මුලින්ම මහන කරන්න මුඩුමයෝ"
"Hak Perera","https://www.facebook.com/hak.perera.2025","නොන්ඩිකාන්තිටයි දුවටයි මොනාහරි කරපංකෝ"
"Kumara Prema","https://www.facebook.com/people/Kumara-Prema/pfbid02EHfqubYWxs3AtCobhWKfST5CwkuX61uZD9LXcR4Mzoi8rG9HDhYUL1zsi6a8iX7Ql","තො චන්දය අනූර සහොදර රටෙ නායකයට දුන් නැති එකෙක්ට මොකටද පොරුන්දු උඹ කට වහගෙන හිටපන් පි වෙන්නෙ නැතුව ඒක චන්දය දුන් අපි බලා ගන්නම් මූට මොනගල්"
"Nimal Wijesooriya","https://www.facebook.com/nimal.wijesooriya.9","තිත්තම තිත්ත  .ත්ත ගල්ලෙ!"
"Nilantha Perera","https://www.facebook.com/people/Nilantha-Perera/pfbid02iKGEPYQwaxxQZ5p7Q3qg1mBfidfaxWbgK3XeBTV7zFH4tET1o7rHBXNMfyvThrWTl","මාළිගාවට බෝම්බ ගානකට උඹ හැමිණිලාද හිටියේ..😂😂🤣"
"Gamini Jayatilaka Mannapperuma","https://www.facebook.com/gaminijayatilaka.mannapperuma","Kalakanni balla tho dakkada namal rees padinawa wahallu ithihasaya kiyopiya p....ya dangan thoge tharama"
"Indika Athukorala","https://www.facebook.com/indika.athukorala.756","මෙයා සිවුරක් දාගත්ත පලියට ජනපති කෙනෙක් එයිද මෙයාගේ මේ මෝඩ කතා අහන්න"
"Amila Dissanayake","https://www.facebook.com/amila.dissanayake.587","මේ ගරුතර ස්වාමින්වහන්සෙලා නෙමෙයි...මුං තනිකරම සිවුරු රදවන..."
"Jagath Jayasuriya","https://www.facebook.com/jagath.jayasuriya","Madamulane gotta"
"Jagath Aravinda","https://www.facebook.com/people/Jagath-Aravinda/pfbid02ukiPVWnhbC6j5PiNLFhPswC4ftbpu91keGvAf1nHCcfpaASJSqj1rsxM4eSUZs6il","කැරි පකය තොට ආගමක්  තියෙනවද...සිවුර ඇන්දට තො භික්ෂුවක්  නෙමෙයි. තො රාජපක්ෂ පවුලෙ පුක ලෙවකන සට්ටැබියෙක් . සිවුරක් ඇඳගෙන ඔහොම කරන්න එපා පකෝ. සාසනේට අපහාස නොකර තොගෙ අම්මට හූකාගෙන පාඩූවෙ හිටු පකෝ"
"Sameera Rathnayake","https://www.facebook.com/sameera.rathnayake.9085","තිත්තගල්ලේ හදන්නේ....  ඤාණසාර හීරේ දාලා ඒ වෙනුවෙන් කියාගෙන ගොන් බයියෝ ටික නාවල නෑ මොලය එක්ක දේශපාලනේ කරන්න වගේ...... 🤣🤣"
"Pushy Nathan","https://www.facebook.com/people/Pushy-Nathan/61564567628581","Thittagallay pakaya, Ohka 4 shreniya vitharai pass...ohka kohomada Science korapu Kelniya Uni eke Graduate kenek vana Apay Janapathita  ughanwanna yanna hadannay ??? FookMeDead may pakayaah...."
"Ravi Alugolla","https://www.facebook.com/profile.php?id=100008681345851","මහන කරන්න ඔන හාදයෙක්"
"Nilanga Nilanga Nilanga Nilanga","https://www.facebook.com/gardhi.thulitha","[Image Attachment]"
"Nilanga Nilanga Nilanga Nilanga","https://www.facebook.com/gardhi.thulitha","[Image Attachment]"
"Nilanga Nilanga Nilanga Nilanga","https://www.facebook.com/gardhi.thulitha","[Image Attachment]"
"Hasitha Gihan","https://www.facebook.com/hasitha.gihan.804234","තොවගෙ හිපූටූවෙක්ට .. ජානාධ්පතිට තියා අපිටවත් වටින්නේ නැ සක්කිලියො තො වදපූ අමිමටත් .. තො වගෙ සක්කිලියෙක් පීංගූත්තරයා"
"Asanka PA","https://www.facebook.com/asanka.pa.1","Okaga rajapaksha ga gu kapu..sakkiliyak..dan baba wanda hadanawa...nidan horak.."
"Lion Lanka TV","https://www.facebook.com/people/Lion-Lanka-TV/61586973818236","[Image Attachment]"
"Crusade Knight","","Mugen ahapan budu hamuduruwo koi agameda kiyala......janadipathita abiyoga karanna kalin uba budhagama kiyanne agamak nowana bawa iganagena indapan..."
"Titus Perera","https://www.facebook.com/titus.palakuttige","ඕක නාමල් රහත් වෙනව කිව්ව ගෝතය නේද."
"RuWan ChanDimal","https://www.facebook.com/ruwan.chandimal.54","මූ නාමල්ට පස්ස දෙන එකෙක් හොර ගණයෙක් 🐂🐂🐂"
"Mahayahage Sarath","https://www.facebook.com/people/Mahayahage-Sarath/100061276746952","මු  වෙිස.බල්ලෙක් මාද්‍යකරැවෙක් කියාගන්නා"
"Rasika Yapa","https://www.facebook.com/himavi.rashmika.3","[Image Attachment]"
"Kaushaka Damith Bandara","https://www.facebook.com/kaushaka.damith.Bandara","දේශපාලන යුනිෆෝම්කාරයෝ 😂😂😂"
"Kolonnage Don Ishara Lakshan","https://www.facebook.com/ishara.lakshan.1213986","🤣 guu shana 😂"
"Naseer Rock","https://www.facebook.com/naseer.rock.568","මේ හාමුදුරුටත් ඒ කාලේ නඩු ගොඩක් තිබිලා army camp එකේ හැංගිලාලු ඉඳලා තියෙන්නේ නඩු පිට නඩු ඒ පරණ කාලේ"
"Lahiru Heshan Yakupitiya","https://www.facebook.com/lahiruheshan.yakupitiya","Paraka hambawenakal inne gari kenayawa"
"Shyamal Shyamal","https://www.facebook.com/people/Shyamal-Shyamal/pfbid05oa4TbcDAVKW1vhVmL99h42NwVHjM9k7E3qVSz3omMu13b23p2D5KpgtZpAZnABPl","තොපි තමයි හුත්තික පුතාලානේ අපේ ධර්මය කන්නේ"
"Vajira Wijegunawardena","https://www.facebook.com/ghilhil","ජ"
"T Rose Rose","","හුත්තෝ මොකද ආගමක් අදහන්නද ඒක තණ්හාව නෙමෙයිද. බුදුහාමුදුරුවෝ ආගමක්ද දේශණා කලේ පකයෝ උඹ අපහු ශරයක් මහණවෙයන්."
"Gayan Suranga","https://www.facebook.com/gayan.suranga.54922","මේ ගණය හිතන් ඉන්න ඇති මේ ජනාධිපති හොර ජනාධිපතිලා වගේ මුව සනසයි කියලා"
"Kumaro Kumari","https://www.facebook.com/people/Kumaro-Kumari/pfbid02JTa4pWHKJc4QSEJZjkoGLQwLZLHaBj5BjTJQ54nz3XC9VKLnt5apUNPAE68qbkMvl","කාලකන්නි ගනයා"
"Kosala Abeysinghe","https://www.facebook.com/kosala.abeysinghe.2025","Kalakanni thiitaya thow pansalata wela hitapan pinak dhamak karagena"
"Malaka Bandara","https://www.facebook.com/people/Malaka-Bandara/pfbid02BaWx3xUq3JTREWw345mgpD9oH79PTEcHviEA2XkDuxsZnkZY94uDBKSiXKBPAKR5l","Tomona hal kellkda oai"
"Winni Conner","https://www.facebook.com/people/Winni-Conner/pfbid02B2jj6DVWivFFzseJoLdARMWekNKi48hFDuhriAjkmH7qGichXDUNabgAH231n6wLl","මෙවැනි දුසිල්වත් චීවර ධාරීන් සමග කුමන කතාද? මොහු කලකට පෙර අභිධර්මය දේශනා කරමින් බොහෝ දෙනා රවටා මුදල් උපයා ගත්තා. මෙයා දන්න අභිධර්මයක් නෑ. හැබැයි ගොඩක් අය රැවටුනා. ලංකාචේ පමණක් නොචෙයි පිට රටවල පවා ගොස් අසීමිත මුදලක් එකතු කර ගත්තා. ලංකාවේ විහාරයක් සඳහා කියලයි මුදල් එකතු කලේ. එය දැන් හදලාදයි නොදනිමි.  දැන් ප්‍රතිලාභ අපේක්ෂාවෙන් විරුද්ධ දුෂිතයින්ට කඩේ යනවා. මෙයා දැන් කාටත් තිත්ත වෙලයි තියෙන්නෙ."
"Priyanka Silvea","https://www.facebook.com/priyanka.silvea","තිත්තගල්ල තිත්තයි"
"රොෂාන් සංජීව","https://www.facebook.com/people/%E0%B6%BB%E0%B7%9C%E0%B7%82%E0%B7%8F%E0%B6%B1%E0%B7%8A-%E0%B7%83%E0%B6%82%E0%B6%A2%E0%B7%93%E0%B7%80/61556291722649","මේ කැරි පොන්න තිත්ත ගල්ලෙගෙ  නම්බර් එක එවන්න....දානේ කාලා පන්සලේ ඉන්නෙ නැතුව එනවා රට හදන්න"
"Sumana Bandara Dissanayake","https://www.facebook.com/sumanabandara.disanyake","මේ වැසිකිළි කටා හරි හිසරදයක් උනානෙ මොනවද #ත්තො තෝත් එක්ක තියෙන වාදය"
"Sampath Bandara","https://www.facebook.com/sampath.bandara.667253","ජනාදිපති තුමා ඔබ වගේ හිපාටු ගනයොත් එක්ක විවාද වලට එන්නි නැ බන්...ගොනා වුනාට උමිබැ නොකියන්...."
"Sandya Chandrasekara","https://www.facebook.com/people/Sandya-Chandrasekara/pfbid02rx6nVjzHFGi3sF53oDksYDkwCeg1ovUqwuaSyctocQgUcshNwwMWgtA6wsh8tNVkl","තිත්ත.ගල්ලේ දූෂිත.කහකඩය ගලවලා චිත්තයක් අන්දවන්න ඕනේ ."
"Dk Lanti","https://www.facebook.com/people/Dk-Lanti/100003993356450","රාජපක්ෂලාගේ ගූකන ඌරෙක් එක්ක සාකච්ඡා කරන්න ජනාධිපතිතුමාට පිස්සුවක් නෑ"
"කුලී රථ ඔබ වෙනුවෙන්","https://www.facebook.com/people/%E0%B6%9A%E0%B7%94%E0%B6%BD%E0%B7%93-%E0%B6%BB%E0%B6%AE-%E0%B6%94%E0%B6%B6-%E0%B7%80%E0%B7%99%E0%B6%B1%E0%B7%94%E0%B7%80%E0%B7%99%E0%B6%B1%E0%B7%8A/61582511725734","Hora ගනයා නෙරපනු බුද්ඩාගමේනුත්"
"Morina Rashmy Fernando","https://www.facebook.com/morina.fernando","තිත්ත ගල්ල කරන්නේ නාමල්ගේ කැම්පේන් එකක්. එයාට ඤාණසාර හිරේ ගියත් එකයි නැතත් එකයි... විළි ලැජ්ජයි තිත්ත ගල්ලේ 😂😂😂😂"
"Kingsly Mallawaarachchi","https://www.facebook.com/kingsly.mallawaarachchi","Mekata rajapaksha gaaya"
"Sanath Nandana","https://www.facebook.com/sanath.nandana.665284","මෙව. වෙනකොට. මහනවෙලා. හිටියේ. නැද්ද. දන්නැ."
"Sanath Nandana","https://www.facebook.com/sanath.nandana.665284","[Image Attachment]"
"Danial LY","https://www.facebook.com/daneal.dani.1","අප්පච්චි ගේ ආගම මොක්කද එත්කොට මේ යකා කව්ද දන් නැ"
"Oshey Liyon","https://www.facebook.com/people/Oshey-Liyon/61584626903850","ජනපති කරනව පඹයගෙ වැඩ ටික නම,කරනව පමිකක්,කාර්⁣්‍යබාර්‍යය පකක්,ngo කල්ලතෝනි,ඩෝබි,සනසන තව දුරටත්,,අන්දවන අන්තවාදී පිනවීම පඹපති.."
"Oshey Liyon","https://www.facebook.com/people/Oshey-Liyon/61584626903850","3%  එවුන්ගෙන් මීට වඩා දෙයක් බලාපොරොත්තු වෙන්න බෑඩග කලි,යුග කාලෙ කාලකන්නි පචකොටා අදහන පැලවත්තෙ චූ,හුජ්ජ පගයෙක්  සහ ගොබිබ හැතිකරය අනේ මුං,වගේ මොටිටමූසල මී හරක් පවි ඉතිං 3% කල්ලාතා්නි පවිකාර මූසල ගොබිබ හැතිකරය😁🤗❤️😂"
"Roshan Sampath","https://www.facebook.com/roshan.sampath.580738","Kawda me සිවුරු hora.. namalge puka hodapan balla"
"Buddika Walakuluarachchi","https://www.facebook.com/buddika.chathuranga.54","තිත්තයා වෙන කාගෙද කොන්ත්‍රාත් එකක් කරන්නේ තිත්තයට ඕන අනුරගේ කේන්තිය අව්ස්සලා නානව ස්තිර වශයෙන්ම හිරේ යවලා නානගේ තැන ගන්න😄"
"Sameera Pushapakumara","https://www.facebook.com/sameera.pushapakumara.3","තිත්තගල්ල🤮🤮🤮🤮🤮🤮"
"Rb View","https://www.facebook.com/rifaibhai","[Image Attachment]"
"Wimal Rathnayake","https://www.facebook.com/wimal.rathnayake","පොරොන්දු ?? උඹට හැමදාම  පින්බත එක්ක අරක්කු බෝතලයක්  දෙනවා කීවද ??"
"Bandula Dharmasena","https://www.facebook.com/people/Bandula-Dharmasena/pfbid02m7z9LHL31uigTHHhcZQbbBFXxYuDKcYPYKhQ2UmfbD9Mm2wgtrg4aYqvVwrdhYufl","තිත්තගල්ලට  මොකක්ද  තියෙන  ආගම ."
"Gayan Wijayarathna","https://www.facebook.com/gayan.wijayarathna","ජනාධිපතිතුමාගේ නම විනාශ කරන්නේ මේ වගේ ගොන් හරක්. ."
"Gamlath R Jayaratna","","[Image Attachment]"
"Mesha Sanuli","https://www.facebook.com/people/Mesha-Sanuli/pfbid02qYJWDBLBjnMYLJMeKzoT8CrGJWESnS8uzQukytFkGXLTSgEc1QXYFAksQRK14o9Yl","රාජපක්ෂලා රෙස් දුවන කොට ආමුදුරුවො ඇදයට නිදි......."
"Mesha Sanuli","https://www.facebook.com/people/Mesha-Sanuli/pfbid02qYJWDBLBjnMYLJMeKzoT8CrGJWESnS8uzQukytFkGXLTSgEc1QXYFAksQRK14o9Yl","මෙ ගනයා තවත් ගවයෙකුට කඩෙයනවා..... රටෙහි නිතිය ඉහලින් මුං නැවත බෙදුම්වාදී කන්ඩායම් සමග සම්බන්ධ වී රටෙ සංවර්ධනය විනාශ කිරිමට සැලසුම්....."
"Samith Ekanayaka","https://www.facebook.com/profile.php?id=1375508201","මේ හු ##tto උබ එක්ක වාද කරන හේතුව කියපන් 😂😂😂මොකද?? රට වාසියට වාසිදායි දෙයකටද?? රට වැසිය මොකක් හරි කර දරයක්‌ වෙලාද?? නාන සාරය, තක්කඩිය වනචාරීයා බේරගන්න නේ. රටේ ජනාධිපතිට වාද කරන්න එන්න කියන්නේ 😂😂පලයන් හු ##tto පන්සලේ වැඩක් බලා ගනින් පු ##ka නොදී 😡😡😡😡"
"Isuru Priyanjana Kumara","https://www.facebook.com/isuru.priyanjana.kumara","කාර් රේස් පැදපු එක පොරොඩෙක්ට් එකක් කියලා ඔප්පු කරලා තියෙද්දිත් හැමදාම එකම බොරුව ඇදගෙන වැලලෙන්න හදන ගොන් හරකෙක්"
"Ranjith Wickramanayaka","https://www.facebook.com/ranjith.wickramanayaka.1","[Image Attachment]"
"Anusara Mahingoda","https://www.facebook.com/profile.php?id=100010778940079","මොකාද මේ , හාමුදුරුවන්ට පැනලා දෙන එකා.  ඌට කාර් රේස්  එක ගැනවත්  අවබෝධයක් නෑ. කාර් රේස් පැද්දේ අද ඊයෙක නෙවේ, ඩෝබියා, පැනලා දීලා, චොර වෙලා යනවා. පව් 😆"
"Savin Lakshman","https://www.facebook.com/savin.lakshman","Thiththa ganaya"
"Manthi Kurera","https://www.facebook.com/manthi.kurera","[Image Attachment]"
"Msd Masu","https://www.facebook.com/mf.masu","Pissu booruwek ekka janapathi katakaranna pissu na"
"Shashi B Sandaruwan","https://www.facebook.com/shashi.bawantha","බිස්නස් ඝනයො. මුං ඒ කාලෙ පෙන්න හිටියෙ නෑ බං. කොන්ක්‍රිට් වනාන්තර හදාගෙන ගොං ආතල් ගන්න ගමේ නමත් කන සිවුරු රඳවන"
"Jayamini Transport","https://www.facebook.com/jayamini.transport","දවසක බුද්දාගම නැති කරන්න චීවරය පෙරවගත්ත එකෙක්"
"Greshan Eranga","https://www.facebook.com/greshan.eranga.2025","[Image Attachment]"
"Greshan Eranga","https://www.facebook.com/greshan.eranga.2025","[Image Attachment]"
"Nuwan Rathnayake","https://www.facebook.com/nuwan.rathnayaka.121398","අනිත් ටික"
"Gongitota Punnyawardana Nimal","https://www.facebook.com/poojaweddingdecor.nimal","කොමියුනිස්ට් කාරයින්ටත් ආගමක් තියෙනවා කියලා නොදන්න සිවුරු පොරෝගත්තු තිත්තයා..🤣"
"Prasad Samarajeewa","https://www.facebook.com/prasad.samarajeewa.96","පොන්න පිං බතා තොට වහ වෙනවා ගිලින පිං බත්"
"Karunarathna Karunarathna","https://www.facebook.com/karunarathna.karunarathna.9022662","ජනාධිපති  කෙනෙක්  තොපි වගේ  කහරේදී පොරෝගත්තු    හාල් පාරුවෝ එක්ක  කතාකරන්න  එන්න   මොලේ කොලොප්පන්  වෙලා නෑ , කැරි ඝණයෝ,    රාජපක්ෂ ගේ කාලේ  ඔයවගේ  අභියෝග කරනම්     තොට වෙන්නෙත්   තාජුඩින්,   ලසන්ත වික්‍රතුංග, එක්නැලිගොඩ  වගේ අයට වුනදේම යි, පොඩිහාමුදුරුවරුන්ට   ගල් කපල    ,පින්බත් ගිලින කොට නිකන් ඉන්න බැරිනම්    පන්සලවටේ වත්     සුද්ද  කරපන්"
"Upali Wijekoon","https://www.facebook.com/upali.wijekoon.984","Gobbayek 😂😂😂"
"Sudarshana Marasinha","https://www.facebook.com/sudarshana.marasinha.2025","[Image Attachment]"
"Vijith Guruge","https://www.facebook.com/vijith.guruge","[Image Attachment]"
"Anu Weerasingha","https://www.facebook.com/profile.php?id=61566142391880","Tittagalkeya ghala pannanna one sasanen"
"Premasiri Waththage","https://www.facebook.com/people/Premasiri-Waththage/61593911334213","😂😂😂😂තිත්තයි මුන් සිවුරෙ ඉන්නවටත්😂😂😂😂"
"Lugin Fernando","https://www.facebook.com/lugin.fernando.96","Me  kalakannin Galabodayt  Samawk Denna epa."
"Lugin Fernando","https://www.facebook.com/lugin.fernando.96","Riess  padinokot  Me kalakannin Mahan wela na. Kalakannin  Epadilath na. Pinta kana Nakuto"
"Senawerathna Bandara","https://www.facebook.com/people/Senawerathna-Bandara/pfbid0BvqAism59fVWtrE4Rc3KRaEtJth19uW2UuQdCAxRyDPKUVL1LDxdKwmJsoKje7sfl","Oya gon Kari kahada balla koheda ban inne  okath Loka horek venna athi Kari pakaya"
"Ranjana Prabasara","","ඔ පකයා කාටවත් ඇහුම්කන් දෙන එකෙක් නෙමේයි... පන්සල් ම දහයකට වැඩිය දාල ගිය එකෙක් ලොකු හාමුදුරුවෝ එක්ක ඇරගෙන. හෙට අනිත්දා බුදු වෙන්න කියල 🤣"
"Solanga Nicholas","https://www.facebook.com/people/Solanga-Nicholas/pfbid02fpZPJY7MpMg8WjzxHeUtJVttxXWMVWPbfyo7QPjFjSVzBEKCGUQBnVUEPjhMZVyUl","Kalakanne ganya"
"Nirmal Frenando","https://www.facebook.com/nirmal.frenando.513524","තෝනම් බල්ලෙකුට ජාතකවුනු කැරිපකයා"
"Bante Bodhi Rathana","https://www.facebook.com/mahe.p.gamage","Tettagalle janadepate waraneta teyanna mokada wenne balanna suwar king tettagalle weno .kota ewarae"
"Kasun Chamara","https://www.facebook.com/kasun.chamara.785829","පිස්සු සිවුරු රදවනයකට අපරාධෙ කාලේ නාස්ති කරන්න එපා"
"Kanthi Kankanam Gamage","https://www.facebook.com/kanthi.kankanamgamage.73","Aga agam eka dagena oyar suru horu paday"
"Sarath Dias","https://www.facebook.com/sarath.dias.930007","[Image Attachment]"
"Channa Nawarathne","https://www.facebook.com/channa.nawarathna.2025","කහකඩයා ඔකාට පිස්සු"
"Vijith Guruge","https://www.facebook.com/vijith.guruge","[Image Attachment]"
"Vijith Guruge","https://www.facebook.com/vijith.guruge","ඒ මිනිහගේ පාඩුවේ ඉන්න දීපන්🤜රටේ ජනාධිපති🙇ඒ මිනිහට උඹත් එක්ක වාද විවාද කරන්න වෙලාවක් නෑ🤮උඹ කහ රෙද්දක් ඇඟට දාගත්තනම්..පන්සලට ගිහිල්ලා සාසනය වෙනුවෙන් වැඩක් කරපන්😫පිස්සු හුත්තෙක්නේ👉🏾👌"
"R Arachchi R Arachchi","https://www.facebook.com/r.arachchi.r.arachchi","මේ ඉන්න තිත්ත  ගල්ලෙ කියන එකා පොරක් වෙන්න හදනවා.  මූට කොහෙද ආගමක් දහමක්"
"Sandamali Gallage","https://www.facebook.com/sandamali.gallage.7","තිත්ත pkaa ලෙෆ්ට් 🤣🤣🤣"
"Ajith Kumara","https://www.facebook.com/people/Ajith-Kumara/100008839302231","Pissu me siuru radawanayat 👿👿👿👿"
"Ranjan Kariyawasam","https://www.facebook.com/ranjan.kariyawasam.890277","Muta pissu  Thatha gena අහන්න"
"Thevaan Vishvanath","https://www.facebook.com/people/Thevaan-Vishvanath/100077525152329","Muu pissa neda puta"
"රට පෙරට","https://www.facebook.com/people/%E0%B6%BB%E0%B6%A7-%E0%B6%B4%E0%B7%99%E0%B6%BB%E0%B6%A7/pfbid0aojXoHnnqe5fpRw9pKVywHd3BYhxcmi4AneNisepBBy5xqmPy4ejjtD86ABftgoXl","තිත්ත  ගල්ල ,,ඉත්තැකන්දෙ  ගොබ්බයො නොවේවා යහපතක්ම උදාපත් වේවා"
"Prasanna Madawala","https://www.facebook.com/prasanna.madawala.56","මුංට දානෙ දෙන එවුන් පව්"
"Ranjith Wijesinghe","https://www.facebook.com/ranjith.wijesinghe.583003","[Image Attachment]"
"Ranjith Wijesinghe","https://www.facebook.com/ranjith.wijesinghe.583003","[Image Attachment]"
"Ranjith Saman","https://www.facebook.com/ranjith.saman.12","[Image Attachment]"
"Ranjith Saman","https://www.facebook.com/ranjith.saman.12","[Image Attachment]"
"Ranjith Saman","https://www.facebook.com/ranjith.saman.12","[Image Attachment]"
"Ranjith Saman","https://www.facebook.com/ranjith.saman.12","[Image Attachment]"
"Ranjith Saman","https://www.facebook.com/ranjith.saman.12","[Image Attachment]"
"Ranjith Saman","https://www.facebook.com/ranjith.saman.12","අනේ මෙි තිත්තගල්ල උඹලා කොහේද පරයෝ හිටියේ මාළිගාව ළඟ රේස් පදනකොට"
"Bernarddisanayaka Sunilsisirakumara","https://www.facebook.com/bernarddisanayaka.sunilsisirakumara.7","මෙයාගෙත් සිවුර ගල වෙයි වගේ ලඟිදීම"
"Dusha Dusha","https://www.facebook.com/people/Dusha-Dusha/100033531827585","මේ ඝනෙයට බඩුවක් ගස්සපලා ගමේ එවුන් මූට පිනට දානේ කාලා මොල් වෙලා පිස්සු කෙලිනවා"
"Thiwen Kulathilaka","https://www.facebook.com/thiwen.kulathilaka.2025","තිත්තගල්ලෙ පකය ගුරුවරයෙක් නති එකා රාජපක්ෂලාගෙ ගුකන හුකන්න තොපි වගේ ඒකුංට රවටුන කාලෙ ඉවරයි හුත්තො"
"Chathumi M Wijethunga","https://www.facebook.com/people/Chathumi-M-Wijethunga/pfbid0289D4S668mJ7M4Zh42P72fSZS7DnjWqqpxHm2mUbkk6tqLphiGSzXMajkUwTAktMZl","Me paraya rajapakshala rata kana kota kooma ekaka inna atte. Dan kakkuma hadila. Salli kutyiya. Balaya mkuth labenne nane munta dan"
"Chathumi M Wijethunga","https://www.facebook.com/people/Chathumi-M-Wijethunga/pfbid0289D4S668mJ7M4Zh42P72fSZS7DnjWqqpxHm2mUbkk6tqLphiGSzXMajkUwTAktMZl","Me wage hora sakkoli ganauo nam sapa."
"Wimal Perera","https://www.facebook.com/wimal.perera.568","කරැණාකරලා කියනවද ඔබ බෞද්ධයෙක් ද ? සහ මහණ දම් පුරන්නෙක් ද ? නැතහොත් අනුන්ට කඩේයන දේශපාලන ය හදාරන්කේ ද  ?"
"Lichman Perera","https://www.facebook.com/C.R.Kulathunge","තිත්තගොල්ලට වැඩි කාලයක් සිවුර නෑ"
"Sunith Pathiranage","https://www.facebook.com/sunith.pathiranage.2025","මූ අර පලවත්ත ගූ කන එකා නේද"
"Thilakarathna Thilaka","https://www.facebook.com/thilakarathna.thilaka.765722","[Image Attachment]"
"Welimada Wimala","https://www.facebook.com/priyankara.rathnayaka.7509","Thilakarathna Thilaka"
"Saman Gla","https://www.facebook.com/saman.gla.2025","[Image Attachment]"
"Welimada Wimala","https://www.facebook.com/priyankara.rathnayaka.7509","Saman Gla"
"Saman Gla","https://www.facebook.com/saman.gla.2025","[Image Attachment]"
"Saman Gla","https://www.facebook.com/saman.gla.2025","[Image Attachment]"
"Nandana Priyantha","https://www.facebook.com/nandana.priyantha.946224","ජෙප්පොන්ට කොහෙන්ද ජාතකයක්.කලවම් එවුන්.ඒකනෙ රට ජාතියටම කෙලින්නෙ."
"Krisantha Sagara","https://www.facebook.com/krisantha.sagara","Nandana Priyantha 😂😂😂😂😂"
"Rohitha Kodikara","https://www.facebook.com/rohitha.kodikara","Nandana Priyantha අංංංංට කෙලියාද"
"Thilina Wijerathna","https://www.facebook.com/tilina.wijerathna","[Image Attachment]"
"Saman Gla","https://www.facebook.com/saman.gla.2025","Ado mara puthraya ubata kondak thiyanawanam napunsakayo kudu ice nathi karapan hooththo awa jathakaya pimpiya gothaya byya ube gama kohede hooththo"
"Wmm Weerakoon","https://www.facebook.com/people/Wmm-Weerakoon/pfbid06DVFHytrUUQ8GUm4FaFYhpT6FBSwuKB5ERy17M875GjZdbUuSCwj5gtXh8BWjGjul","Mun thamaii ape argama keawa💀💀💀💀🏳"
"Suranimala Nimal","https://www.facebook.com/ajith.suranimala.1","මුන්ට ඉත්තෑවන් තල්ලු කරන්න ඕනේ පස්සෙන්.."
"MGJewelleries","https://www.facebook.com/people/MGJewelleries/61582130303914","Pale kariya"
"Nishantha Batugedara","https://www.facebook.com/nishantha.batugedara","Then this bugger was in Melbourne doing a ABHIDARMA sessions  and finally peoples  realised he was liying.."
"Amarasiri Vidanapathirana","https://www.facebook.com/amarasiri.vidanapathirana","Adana  kada  balla😂😂😂"
"Kevin Hem","https://www.facebook.com/kevin.hem.2025","Thittagalle is a fat big a scavenger a criminal a cocaine addict."
"Upul Gunasinghe","https://www.facebook.com/upul.gunasinghe.2025","Thero left 😅😅😅"
"Manori Wijerathne","https://www.facebook.com/manori.wijerathne.77","Attention disorder thiyenne"
"Chandrasiri Perera","https://www.facebook.com/chandrasiri.perera.429446","Thatta keriyek"
"Nasim Mohammed","https://www.facebook.com/nasim.mohammed.326771","Shiitshow"
"Nash David","https://www.facebook.com/people/Nash-David/pfbid02kAciFXgJLLrrXbCw8YjtUmD9he29GzDvpt6uaZCMR2vvBXLiDV8ndT5fozZdTkQNl","Moda pakek"
"Dsn Nadaraja","https://www.facebook.com/dilanishani.nadaraja","Paraya"
"Sarath Dassanayake","https://www.facebook.com/sarath.dassanayake.16","This unholy monks challenging the country's Executive President. What is his status to debate with the P.resident. Adviseble to  shut the bloody mouth without exposing his own inperiority complex and the scoundrelism."
"Pradeep Susantha","https://www.facebook.com/pradeep.susantha.315","He is not a real monk, idiot of the day"
"Ranjan Kariyawasam","https://www.facebook.com/ranjan.kariyawasam.890277","Moo jotek"
"SD Thomas","https://www.facebook.com/profile.php?id=100010237517315","JVP or AKD means many of them are Obviously Christians, Nonreligous and Tamil Dayas pora also mixed sinhalese."
"Shantha Samarasinghe","https://www.facebook.com/shantha.samarasinghe.172484","Hutig...   put.....a"
